contemporary-jazz: 2061 weeks total, 0 present, 2061 to fetch
  📥 Scraping contemporary-jazz for 1987-02-28... ✓ (25 songs)
  📥 Scraping contemporary-jazz for 1987-03-07... ✗ Billboard served 1987-03-14, not 1987-03-07 — skipping
  📥 Scraping contemporary-jazz for 1987-03-07... ✗ Billboard served 1987-03-14, not 1987-03-07 — skipping
  📥 Scraping contemporary-jazz for 1987-03-07... ✗ Billboard served 1987-03-14, not 1987-03-07 — skipping
  📥 Scraping contemporary-jazz for 1987-03-14... ✓ (25 songs)
  📥 Scraping contemporary-jazz for 1987-03-21... ✗ Billboard served 1987-03-28, not 1987-03-21 — skipping
  📥 Scraping contemporary-jazz for 1987-03-21... ✗ Billboard served 1987-03-28, not 1987-03-21 — skipping
  📥 Scraping contemporary-jazz for 1987-03-21... ✗ Billboard served 1987-03-28, not 1987-03-21 — skipping
  📥 Scraping contemporary-jazz for 1987-03-28... ✓ (25 songs)
  📥 Scraping contemporary-jazz for 1987-04-04... ✗ Billboard served 1987-04-11, not 1987-04-04 — skipping
  📥 Scraping contemporary-jazz for 1987-04-04... ✗ Billboard served 1987-04-11, not 1987-04-04 — skipping
  📥 Scraping contemporary-jazz for 1987-04-04... ✗ Billboard served 1987-04-11, not 1987-04-04 — skipping
  📥 Scraping contemporary-jazz for 1987-04-11... ✓ (25 songs)
  📥 Scraping contemporary-jazz for 1987-04-18... ✗ Billboard served 1987-04-25, not 1987-04-18 — skipping
  📥 Scraping contemporary-jazz for 1987-04-18... ✗ Billboard served 1987-04-25, not 1987-04-18 — skipping
  📥 Scraping contemporary-jazz for 1987-04-18... ✗ Billboard served 1987-04-25, not 1987-04-18 — skipping
  📥 Scraping contemporary-jazz for 1987-04-25... ✓ (25 songs)
  📥 Scraping contemporary-jazz for 1987-05-02... ✗ Billboard served 1987-05-09, not 1987-05-02 — skipping
  📥 Scraping contemporary-jazz for 1987-05-02... ✗ Billboard served 1987-05-09, not 1987-05-02 — skipping
  📥 Scraping contemporary-jazz for 1987-05-02... ✗ Billboard served 1987-05-09, not 1987-05-02 — skipping
  📥 Scraping contemporary-jazz for 1987-05-09... ✓ (25 songs)
  📥 Scraping contemporary-jazz for 1987-05-16... ✗ Billboard served 1987-05-23, not 1987-05-16 — skipping
  📥 Scraping contemporary-jazz for 1987-05-16... ✗ Billboard served 1987-05-23, not 1987-05-16 — skipping
  📥 Scraping contemporary-jazz for 1987-05-16... ✗ Billboard served 1987-05-23, not 1987-05-16 — skipping
  📥 Scraping contemporary-jazz for 1987-05-23... ✓ (25 songs)
  📥 Scraping contemporary-jazz for 1987-05-30... ✗ Billboard served 1987-06-06, not 1987-05-30 — skipping
  📥 Scraping contemporary-jazz for 1987-05-30... ✗ Billboard served 1987-06-06, not 1987-05-30 — skipping
  📥 Scraping contemporary-jazz for 1987-05-30... ✗ Billboard served 1987-06-06, not 1987-05-30 — skipping
  📥 Scraping contemporary-jazz for 1987-06-06... ✓ (25 songs)
  📥 Scraping contemporary-jazz for 1987-06-13... ✗ Billboard served 1987-06-20, not 1987-06-13 — skipping
  📥 Scraping contemporary-jazz for 1987-06-13... ✗ Billboard served 1987-06-20, not 1987-06-13 — skipping
  📥 Scraping contemporary-jazz for 1987-06-13... ✗ Billboard served 1987-06-20, not 1987-06-13 — skipping
  📥 Scraping contemporary-jazz for 1987-06-20... ✓ (25 songs)
  📥 Scraping contemporary-jazz for 1987-06-27... ✗ Billboard served 1987-07-04, not 1987-06-27 — skipping
  📥 Scraping contemporary-jazz for 1987-06-27... ✗ Billboard served 1987-07-04, not 1987-06-27 — skipping
  📥 Scraping contemporary-jazz for 1987-06-27... ✗ Billboard served 1987-07-04, not 1987-06-27 — skipping
  📥 Scraping contemporary-jazz for 1987-07-04... ✓ (25 songs)
  📥 Scraping contemporary-jazz for 1987-07-11... ✗ Billboard served 1987-07-18, not 1987-07-11 — skipping
  📥 Scraping contemporary-jazz for 1987-07-11... ✗ Billboard served 1987-07-18, not 1987-07-11 — skipping
  📥 Scraping contemporary-jazz for 1987-07-11... ✗ Billboard served 1987-07-18, not 1987-07-11 — skipping
  📥 Scraping contemporary-jazz for 1987-07-18... ✓ (25 songs)
  📥 Scraping contemporary-jazz for 1987-07-25... ✗ Billboard served 1987-08-01, not 1987-07-25 — skipping
  📥 Scraping contemporary-jazz for 1987-07-25... ✗ Billboard served 1987-08-01, not 1987-07-25 — skipping
  📥 Scraping contemporary-jazz for 1987-07-25... ✗ Billboard served 1987-08-01, not 1987-07-25 — skipping
  📥 Scraping contemporary-jazz for 1987-08-01... ✓ (25 songs)
  📥 Scraping contemporary-jazz for 1987-08-08... ✗ Billboard served 1987-08-15, not 1987-08-08 — skipping
  📥 Scraping contemporary-jazz for 1987-08-08... ✗ Billboard served 1987-08-15, not 1987-08-08 — skipping
  📥 Scraping contemporary-jazz for 1987-08-08... ✗ Billboard served 1987-08-15, not 1987-08-08 — skipping
  📥 Scraping contemporary-jazz for 1987-08-15... ✓ (25 songs)
  contemporary-jazz: 25/2061 fetched, 12 failed, 0 clamped
  📥 Scraping contemporary-jazz for 1987-08-22... ✗ Billboard served 1987-08-29, not 1987-08-22 — skipping
  📥 Scraping contemporary-jazz for 1987-08-22... ✗ Billboard served 1987-08-29, not 1987-08-22 — skipping
  📥 Scraping contemporary-jazz for 1987-08-22... ✗ Billboard served 1987-08-29, not 1987-08-22 — skipping
  📥 Scraping contemporary-jazz for 1987-08-29... ✓ (25 songs)
  📥 Scraping contemporary-jazz for 1987-09-05... ✗ Billboard served 1987-09-12, not 1987-09-05 — skipping
  📥 Scraping contemporary-jazz for 1987-09-05... ✗ Billboard served 1987-09-12, not 1987-09-05 — skipping
  📥 Scraping contemporary-jazz for 1987-09-05... ✗ Billboard served 1987-09-12, not 1987-09-05 — skipping
  📥 Scraping contemporary-jazz for 1987-09-12... ✓ (25 songs)
  📥 Scraping contemporary-jazz for 1987-09-19... ✗ Billboard served 1987-09-26, not 1987-09-19 — skipping
  📥 Scraping contemporary-jazz for 1987-09-19... ✗ Billboard served 1987-09-26, not 1987-09-19 — skipping
  📥 Scraping contemporary-jazz for 1987-09-19... ✗ Billboard served 1987-09-26, not 1987-09-19 — skipping
  📥 Scraping contemporary-jazz for 1987-09-26... ✓ (25 songs)
  📥 Scraping contemporary-jazz for 1987-10-03... ✗ Billboard served 1987-10-10, not 1987-10-03 — skipping
  📥 Scraping contemporary-jazz for 1987-10-03... ✗ Billboard served 1987-10-10, not 1987-10-03 — skipping
  📥 Scraping contemporary-jazz for 1987-10-03... ✗ Billboard served 1987-10-10, not 1987-10-03 — skipping
  📥 Scraping contemporary-jazz for 1987-10-10... ✓ (25 songs)
  📥 Scraping contemporary-jazz for 1987-10-17... ✗ Billboard served 1987-10-24, not 1987-10-17 — skipping
  📥 Scraping contemporary-jazz for 1987-10-17... ✗ Billboard served 1987-10-24, not 1987-10-17 — skipping
  📥 Scraping contemporary-jazz for 1987-10-17... ✗ Billboard served 1987-10-24, not 1987-10-17 — skipping
  📥 Scraping contemporary-jazz for 1987-10-24... ✓ (25 songs)
  📥 Scraping contemporary-jazz for 1987-10-31... ✗ Billboard served 1987-11-07, not 1987-10-31 — skipping
  📥 Scraping contemporary-jazz for 1987-10-31... ✗ Billboard served 1987-11-07, not 1987-10-31 — skipping
  📥 Scraping contemporary-jazz for 1987-10-31... ✗ Billboard served 1987-11-07, not 1987-10-31 — skipping
  📥 Scraping contemporary-jazz for 1987-11-07... ✓ (25 songs)
  📥 Scraping contemporary-jazz for 1987-11-14... ✗ Billboard served 1987-11-21, not 1987-11-14 — skipping
  📥 Scraping contemporary-jazz for 1987-11-14... ✗ Billboard served 1987-11-21, not 1987-11-14 — skipping
  📥 Scraping contemporary-jazz for 1987-11-14... ✗ Billboard served 1987-11-21, not 1987-11-14 — skipping
  📥 Scraping contemporary-jazz for 1987-11-21... ✓ (25 songs)
  📥 Scraping contemporary-jazz for 1987-11-28... ✗ Billboard served 1987-12-05, not 1987-11-28 — skipping
  📥 Scraping contemporary-jazz for 1987-11-28... ✗ Billboard served 1987-12-05, not 1987-11-28 — skipping
  📥 Scraping contemporary-jazz for 1987-11-28... ✗ Billboard served 1987-12-05, not 1987-11-28 — skipping
  📥 Scraping contemporary-jazz for 1987-12-05... ✓ (25 songs)
  📥 Scraping contemporary-jazz for 1987-12-12... ✗ Billboard served 1987-12-19, not 1987-12-12 — skipping
  📥 Scraping contemporary-jazz for 1987-12-12... ✗ Billboard served 1987-12-19, not 1987-12-12 — skipping
  📥 Scraping contemporary-jazz for 1987-12-12... ✗ Billboard served 1987-12-19, not 1987-12-12 — skipping
  📥 Scraping contemporary-jazz for 1987-12-19... ✓ (25 songs)
  📥 Scraping contemporary-jazz for 1987-12-26... ✗ Billboard served 1988-01-09, not 1987-12-26 — skipping
  📥 Scraping contemporary-jazz for 1987-12-26... ✗ Billboard served 1988-01-09, not 1987-12-26 — skipping
  📥 Scraping contemporary-jazz for 1987-12-26... ✗ Billboard served 1988-01-09, not 1987-12-26 — skipping
  📥 Scraping contemporary-jazz for 1988-01-02... ✗ Billboard served 1988-01-09, not 1988-01-02 — skipping
  📥 Scraping contemporary-jazz for 1988-01-02... ✗ Billboard served 1988-01-09, not 1988-01-02 — skipping
  📥 Scraping contemporary-jazz for 1988-01-02... ✗ Billboard served 1988-01-09, not 1988-01-02 — skipping
  📥 Scraping contemporary-jazz for 1988-01-09... ✓ (25 songs)
  📥 Scraping contemporary-jazz for 1988-01-16... ✗ Billboard served 1988-01-23, not 1988-01-16 — skipping
  📥 Scraping contemporary-jazz for 1988-01-16... ✗ Billboard served 1988-01-23, not 1988-01-16 — skipping
  📥 Scraping contemporary-jazz for 1988-01-16... ✗ Billboard served 1988-01-23, not 1988-01-16 — skipping
  📥 Scraping contemporary-jazz for 1988-01-23... ✓ (25 songs)
  📥 Scraping contemporary-jazz for 1988-01-30... ✗ Billboard served 1988-02-06, not 1988-01-30 — skipping
  📥 Scraping contemporary-jazz for 1988-01-30... ✗ Billboard served 1988-02-06, not 1988-01-30 — skipping
  📥 Scraping contemporary-jazz for 1988-01-30... ✗ Billboard served 1988-02-06, not 1988-01-30 — skipping
  📥 Scraping contemporary-jazz for 1988-02-06... ✓ (25 songs)
  contemporary-jazz: 50/2061 fetched, 25 failed, 0 clamped
  📥 Scraping contemporary-jazz for 1988-02-13... ✗ Billboard served 1988-02-20, not 1988-02-13 — skipping
  📥 Scraping contemporary-jazz for 1988-02-13... ✗ Billboard served 1988-02-20, not 1988-02-13 — skipping
  📥 Scraping contemporary-jazz for 1988-02-13... ✗ Billboard served 1988-02-20, not 1988-02-13 — skipping
  📥 Scraping contemporary-jazz for 1988-02-20... ✓ (25 songs)
  📥 Scraping contemporary-jazz for 1988-02-27... ✗ Billboard served 1988-03-05, not 1988-02-27 — skipping
  📥 Scraping contemporary-jazz for 1988-02-27... ✗ Billboard served 1988-03-05, not 1988-02-27 — skipping
  📥 Scraping contemporary-jazz for 1988-02-27... ✗ Billboard served 1988-03-05, not 1988-02-27 — skipping
  📥 Scraping contemporary-jazz for 1988-03-05... ✓ (25 songs)
  📥 Scraping contemporary-jazz for 1988-03-12... ✗ Billboard served 1988-03-19, not 1988-03-12 — skipping
  📥 Scraping contemporary-jazz for 1988-03-12... ✗ Billboard served 1988-03-19, not 1988-03-12 — skipping
  📥 Scraping contemporary-jazz for 1988-03-12... ✗ Billboard served 1988-03-19, not 1988-03-12 — skipping
  📥 Scraping contemporary-jazz for 1988-03-19... ✓ (25 songs)
  📥 Scraping contemporary-jazz for 1988-03-26... ✗ Billboard served 1988-04-02, not 1988-03-26 — skipping
  📥 Scraping contemporary-jazz for 1988-03-26... ✗ Billboard served 1988-04-02, not 1988-03-26 — skipping
  📥 Scraping contemporary-jazz for 1988-03-26... ✗ Billboard served 1988-04-02, not 1988-03-26 — skipping
  📥 Scraping contemporary-jazz for 1988-04-02... ✓ (25 songs)
  📥 Scraping contemporary-jazz for 1988-04-09... ✗ Billboard served 1988-04-16, not 1988-04-09 — skipping
  📥 Scraping contemporary-jazz for 1988-04-09... ✗ Billboard served 1988-04-16, not 1988-04-09 — skipping
  📥 Scraping contemporary-jazz for 1988-04-09... ✗ Billboard served 1988-04-16, not 1988-04-09 — skipping
  📥 Scraping contemporary-jazz for 1988-04-16... ✓ (25 songs)
  📥 Scraping contemporary-jazz for 1988-04-23... ✗ Billboard served 1988-04-30, not 1988-04-23 — skipping
  📥 Scraping contemporary-jazz for 1988-04-23... ✗ Billboard served 1988-04-30, not 1988-04-23 — skipping
  📥 Scraping contemporary-jazz for 1988-04-23... ✗ Billboard served 1988-04-30, not 1988-04-23 — skipping
  📥 Scraping contemporary-jazz for 1988-04-30... ✓ (25 songs)
  📥 Scraping contemporary-jazz for 1988-05-07... ✗ Billboard served 1988-05-14, not 1988-05-07 — skipping
  📥 Scraping contemporary-jazz for 1988-05-07... ✗ Billboard served 1988-05-14, not 1988-05-07 — skipping
  📥 Scraping contemporary-jazz for 1988-05-07... ✗ Billboard served 1988-05-14, not 1988-05-07 — skipping
  📥 Scraping contemporary-jazz for 1988-05-14... ✓ (25 songs)
  📥 Scraping contemporary-jazz for 1988-05-21... ✗ Billboard served 1988-05-28, not 1988-05-21 — skipping
  📥 Scraping contemporary-jazz for 1988-05-21... ✗ Billboard served 1988-05-28, not 1988-05-21 — skipping
  📥 Scraping contemporary-jazz for 1988-05-21... ✗ Billboard served 1988-05-28, not 1988-05-21 — skipping
  📥 Scraping contemporary-jazz for 1988-05-28... ✓ (25 songs)
  📥 Scraping contemporary-jazz for 1988-06-04... ✗ Billboard served 1988-06-11, not 1988-06-04 — skipping
  📥 Scraping contemporary-jazz for 1988-06-04... ✗ Billboard served 1988-06-11, not 1988-06-04 — skipping
  📥 Scraping contemporary-jazz for 1988-06-04... ✗ Billboard served 1988-06-11, not 1988-06-04 — skipping
  📥 Scraping contemporary-jazz for 1988-06-11... ✓ (25 songs)
  📥 Scraping contemporary-jazz for 1988-06-18... ✗ Billboard served 1988-06-25, not 1988-06-18 — skipping
  📥 Scraping contemporary-jazz for 1988-06-18... ✗ Billboard served 1988-06-25, not 1988-06-18 — skipping
  📥 Scraping contemporary-jazz for 1988-06-18... ✗ Billboard served 1988-06-25, not 1988-06-18 — skipping
  📥 Scraping contemporary-jazz for 1988-06-25... ✓ (25 songs)
  📥 Scraping contemporary-jazz for 1988-07-02... ✗ Billboard served 1988-07-09, not 1988-07-02 — skipping
  📥 Scraping contemporary-jazz for 1988-07-02... ✗ Billboard served 1988-07-09, not 1988-07-02 — skipping
  📥 Scraping contemporary-jazz for 1988-07-02... ✗ Billboard served 1988-07-09, not 1988-07-02 — skipping
  📥 Scraping contemporary-jazz for 1988-07-09... ✓ (25 songs)
  📥 Scraping contemporary-jazz for 1988-07-16... ✗ Billboard served 1988-07-23, not 1988-07-16 — skipping
  📥 Scraping contemporary-jazz for 1988-07-16... ✗ Billboard served 1988-07-23, not 1988-07-16 — skipping
  📥 Scraping contemporary-jazz for 1988-07-16... ✗ Billboard served 1988-07-23, not 1988-07-16 — skipping
  📥 Scraping contemporary-jazz for 1988-07-23... ✓ (25 songs)
  📥 Scraping contemporary-jazz for 1988-07-30... ✗ Billboard served 1988-08-06, not 1988-07-30 — skipping
  📥 Scraping contemporary-jazz for 1988-07-30... ✗ Billboard served 1988-08-06, not 1988-07-30 — skipping
  📥 Scraping contemporary-jazz for 1988-07-30... ✗ Billboard served 1988-08-06, not 1988-07-30 — skipping
  📥 Scraping contemporary-jazz for 1988-08-06... ✓ (25 songs)
  📥 Scraping contemporary-jazz for 1988-08-13... ✗ Billboard served 1988-08-20, not 1988-08-13 — skipping
  📥 Scraping contemporary-jazz for 1988-08-13... ✗ Billboard served 1988-08-20, not 1988-08-13 — skipping
  📥 Scraping contemporary-jazz for 1988-08-13... ✗ Billboard served 1988-08-20, not 1988-08-13 — skipping
  📥 Scraping contemporary-jazz for 1988-08-20... ✓ (25 songs)
  📥 Scraping contemporary-jazz for 1988-08-27... ✗ Billboard served 1988-09-03, not 1988-08-27 — skipping
  📥 Scraping contemporary-jazz for 1988-08-27... ✗ Billboard served 1988-09-03, not 1988-08-27 — skipping
  📥 Scraping contemporary-jazz for 1988-08-27... ✗ Billboard served 1988-09-03, not 1988-08-27 — skipping
  📥 Scraping contemporary-jazz for 1988-09-03... ✓ (25 songs)
  📥 Scraping contemporary-jazz for 1988-09-10... ✗ Billboard served 1988-09-17, not 1988-09-10 — skipping
  📥 Scraping contemporary-jazz for 1988-09-10... ✗ Billboard served 1988-09-17, not 1988-09-10 — skipping
  📥 Scraping contemporary-jazz for 1988-09-10... ✗ Billboard served 1988-09-17, not 1988-09-10 — skipping
  📥 Scraping contemporary-jazz for 1988-09-17... ✓ (25 songs)
  📥 Scraping contemporary-jazz for 1988-09-24... ✗ Billboard served 1988-10-01, not 1988-09-24 — skipping
  📥 Scraping contemporary-jazz for 1988-09-24... ✗ Billboard served 1988-10-01, not 1988-09-24 — skipping
  📥 Scraping contemporary-jazz for 1988-09-24... ✗ Billboard served 1988-10-01, not 1988-09-24 — skipping
  📥 Scraping contemporary-jazz for 1988-10-01... ✓ (25 songs)
  📥 Scraping contemporary-jazz for 1988-10-08... ✗ Billboard served 1988-10-15, not 1988-10-08 — skipping
  📥 Scraping contemporary-jazz for 1988-10-08... ✗ Billboard served 1988-10-15, not 1988-10-08 — skipping
  📥 Scraping contemporary-jazz for 1988-10-08... ✗ Billboard served 1988-10-15, not 1988-10-08 — skipping
  📥 Scraping contemporary-jazz for 1988-10-15... ✓ (25 songs)
  📥 Scraping contemporary-jazz for 1988-10-22... ✗ Billboard served 1988-10-29, not 1988-10-22 — skipping
  📥 Scraping contemporary-jazz for 1988-10-22... ✗ Billboard served 1988-10-29, not 1988-10-22 — skipping
  📥 Scraping contemporary-jazz for 1988-10-22... ✗ Billboard served 1988-10-29, not 1988-10-22 — skipping
  📥 Scraping contemporary-jazz for 1988-10-29... ✓ (25 songs)
  📥 Scraping contemporary-jazz for 1988-11-05... ✗ Billboard served 1988-11-12, not 1988-11-05 — skipping
  📥 Scraping contemporary-jazz for 1988-11-05... ✗ Billboard served 1988-11-12, not 1988-11-05 — skipping
  📥 Scraping contemporary-jazz for 1988-11-05... ✗ Billboard served 1988-11-12, not 1988-11-05 — skipping
  📥 Scraping contemporary-jazz for 1988-11-12... ✓ (25 songs)
  📥 Scraping contemporary-jazz for 1988-11-19... ✗ Billboard served 1988-11-26, not 1988-11-19 — skipping
  📥 Scraping contemporary-jazz for 1988-11-19... ✗ Billboard served 1988-11-26, not 1988-11-19 — skipping
  📥 Scraping contemporary-jazz for 1988-11-19... ✗ Billboard served 1988-11-26, not 1988-11-19 — skipping
  📥 Scraping contemporary-jazz for 1988-11-26... ✓ (25 songs)
  📥 Scraping contemporary-jazz for 1988-12-03... ✗ Billboard served 1988-12-10, not 1988-12-03 — skipping
  📥 Scraping contemporary-jazz for 1988-12-03... ✗ Billboard served 1988-12-10, not 1988-12-03 — skipping
  📥 Scraping contemporary-jazz for 1988-12-03... ✗ Billboard served 1988-12-10, not 1988-12-03 — skipping
  📥 Scraping contemporary-jazz for 1988-12-10... ✓ (25 songs)
  📥 Scraping contemporary-jazz for 1988-12-17... ✗ Billboard served 1988-12-24, not 1988-12-17 — skipping
  📥 Scraping contemporary-jazz for 1988-12-17... ✗ Billboard served 1988-12-24, not 1988-12-17 — skipping
  📥 Scraping contemporary-jazz for 1988-12-17... ✗ Billboard served 1988-12-24, not 1988-12-17 — skipping
  📥 Scraping contemporary-jazz for 1988-12-24... ✓ (25 songs)
  📥 Scraping contemporary-jazz for 1988-12-31... ✗ Billboard served 1989-01-07, not 1988-12-31 — skipping
  📥 Scraping contemporary-jazz for 1988-12-31... ✗ Billboard served 1989-01-07, not 1988-12-31 — skipping
  📥 Scraping contemporary-jazz for 1988-12-31... ✗ Billboard served 1989-01-07, not 1988-12-31 — skipping
  📥 Scraping contemporary-jazz for 1989-01-07... ✓ (25 songs)
  📥 Scraping contemporary-jazz for 1989-01-14... ✗ Billboard served 1989-01-21, not 1989-01-14 — skipping
  📥 Scraping contemporary-jazz for 1989-01-14... ✗ Billboard served 1989-01-21, not 1989-01-14 — skipping
  📥 Scraping contemporary-jazz for 1989-01-14... ✗ Billboard served 1989-01-21, not 1989-01-14 — skipping
  📥 Scraping contemporary-jazz for 1989-01-21... ✓ (25 songs)
  contemporary-jazz: 100/2061 fetched, 50 failed, 0 clamped
  📥 Scraping contemporary-jazz for 1989-01-28... ✗ Billboard served 1989-02-04, not 1989-01-28 — skipping
  📥 Scraping contemporary-jazz for 1989-01-28... ✗ Billboard served 1989-02-04, not 1989-01-28 — skipping
  📥 Scraping contemporary-jazz for 1989-01-28... ✗ Billboard served 1989-02-04, not 1989-01-28 — skipping
  📥 Scraping contemporary-jazz for 1989-02-04... ✓ (25 songs)
  📥 Scraping contemporary-jazz for 1989-02-11... ✗ Billboard served 1989-02-18, not 1989-02-11 — skipping
  📥 Scraping contemporary-jazz for 1989-02-11... ✗ Billboard served 1989-02-18, not 1989-02-11 — skipping
  📥 Scraping contemporary-jazz for 1989-02-11... ✗ Billboard served 1989-02-18, not 1989-02-11 — skipping
  📥 Scraping contemporary-jazz for 1989-02-18... ✓ (25 songs)
  📥 Scraping contemporary-jazz for 1989-02-25... ✗ Billboard served 1989-03-04, not 1989-02-25 — skipping
  📥 Scraping contemporary-jazz for 1989-02-25... ✗ Billboard served 1989-03-04, not 1989-02-25 — skipping
  📥 Scraping contemporary-jazz for 1989-02-25... ✗ Billboard served 1989-03-04, not 1989-02-25 — skipping
  📥 Scraping contemporary-jazz for 1989-03-04... ✓ (25 songs)
  📥 Scraping contemporary-jazz for 1989-03-11... ✗ Billboard served 1989-03-18, not 1989-03-11 — skipping
  📥 Scraping contemporary-jazz for 1989-03-11... ✗ Billboard served 1989-03-18, not 1989-03-11 — skipping
  📥 Scraping contemporary-jazz for 1989-03-11... ✗ Billboard served 1989-03-18, not 1989-03-11 — skipping
  📥 Scraping contemporary-jazz for 1989-03-18... ✓ (25 songs)
  📥 Scraping contemporary-jazz for 1989-03-25... ✗ Billboard served 1989-04-01, not 1989-03-25 — skipping
  📥 Scraping contemporary-jazz for 1989-03-25... ✗ Billboard served 1989-04-01, not 1989-03-25 — skipping
  📥 Scraping contemporary-jazz for 1989-03-25... ✗ Billboard served 1989-04-01, not 1989-03-25 — skipping
  📥 Scraping contemporary-jazz for 1989-04-01... ✓ (25 songs)
  📥 Scraping contemporary-jazz for 1989-04-08... ✗ Billboard served 1989-04-15, not 1989-04-08 — skipping
  📥 Scraping contemporary-jazz for 1989-04-08... ✗ Billboard served 1989-04-15, not 1989-04-08 — skipping
  📥 Scraping contemporary-jazz for 1989-04-08... ✗ Billboard served 1989-04-15, not 1989-04-08 — skipping
  📥 Scraping contemporary-jazz for 1989-04-15... ✓ (25 songs)
  📥 Scraping contemporary-jazz for 1989-04-22... ✗ Billboard served 1989-04-29, not 1989-04-22 — skipping
  📥 Scraping contemporary-jazz for 1989-04-22... ✗ Billboard served 1989-04-29, not 1989-04-22 — skipping
  📥 Scraping contemporary-jazz for 1989-04-22... ✗ Billboard served 1989-04-29, not 1989-04-22 — skipping
  📥 Scraping contemporary-jazz for 1989-04-29... ✓ (25 songs)
  📥 Scraping contemporary-jazz for 1989-05-06... ✗ Billboard served 1989-05-13, not 1989-05-06 — skipping
  📥 Scraping contemporary-jazz for 1989-05-06... ✗ Billboard served 1989-05-13, not 1989-05-06 — skipping
  📥 Scraping contemporary-jazz for 1989-05-06... ✗ Billboard served 1989-05-13, not 1989-05-06 — skipping
  📥 Scraping contemporary-jazz for 1989-05-13... ✓ (25 songs)
  📥 Scraping contemporary-jazz for 1989-05-20... ✗ Billboard served 1989-05-27, not 1989-05-20 — skipping
  📥 Scraping contemporary-jazz for 1989-05-20... ✗ Billboard served 1989-05-27, not 1989-05-20 — skipping
  📥 Scraping contemporary-jazz for 1989-05-20... ✗ Billboard served 1989-05-27, not 1989-05-20 — skipping
  📥 Scraping contemporary-jazz for 1989-05-27... ✓ (25 songs)
  📥 Scraping contemporary-jazz for 1989-06-03... ✗ Billboard served 1989-06-10, not 1989-06-03 — skipping
  📥 Scraping contemporary-jazz for 1989-06-03... ✗ Billboard served 1989-06-10, not 1989-06-03 — skipping
  📥 Scraping contemporary-jazz for 1989-06-03... ✗ Billboard served 1989-06-10, not 1989-06-03 — skipping
  📥 Scraping contemporary-jazz for 1989-06-10... ✓ (25 songs)
  📥 Scraping contemporary-jazz for 1989-06-17... ✗ Billboard served 1989-06-24, not 1989-06-17 — skipping
  📥 Scraping contemporary-jazz for 1989-06-17... ✗ Billboard served 1989-06-24, not 1989-06-17 — skipping
  📥 Scraping contemporary-jazz for 1989-06-17... ✗ Billboard served 1989-06-24, not 1989-06-17 — skipping
  📥 Scraping contemporary-jazz for 1989-06-24... ✓ (25 songs)
  📥 Scraping contemporary-jazz for 1989-07-01... ✗ Billboard served 1989-07-08, not 1989-07-01 — skipping
  📥 Scraping contemporary-jazz for 1989-07-01... ✗ Billboard served 1989-07-08, not 1989-07-01 — skipping
  📥 Scraping contemporary-jazz for 1989-07-01... ✗ Billboard served 1989-07-08, not 1989-07-01 — skipping
  📥 Scraping contemporary-jazz for 1989-07-08... ✓ (25 songs)
  📥 Scraping contemporary-jazz for 1989-07-15... ✗ Billboard served 1989-07-22, not 1989-07-15 — skipping
  📥 Scraping contemporary-jazz for 1989-07-15... ✗ Billboard served 1989-07-22, not 1989-07-15 — skipping
  📥 Scraping contemporary-jazz for 1989-07-15... ✗ Billboard served 1989-07-22, not 1989-07-15 — skipping
  📥 Scraping contemporary-jazz for 1989-07-22... ✓ (25 songs)
  📥 Scraping contemporary-jazz for 1989-07-29... ✗ Billboard served 1989-08-05, not 1989-07-29 — skipping
  📥 Scraping contemporary-jazz for 1989-07-29... ✗ Billboard served 1989-08-05, not 1989-07-29 — skipping
  📥 Scraping contemporary-jazz for 1989-07-29... ✗ Billboard served 1989-08-05, not 1989-07-29 — skipping
  📥 Scraping contemporary-jazz for 1989-08-05... ✓ (25 songs)
  📥 Scraping contemporary-jazz for 1989-08-12... ✗ Billboard served 1989-08-19, not 1989-08-12 — skipping
  📥 Scraping contemporary-jazz for 1989-08-12... ✗ Billboard served 1989-08-19, not 1989-08-12 — skipping
  📥 Scraping contemporary-jazz for 1989-08-12... ✗ Billboard served 1989-08-19, not 1989-08-12 — skipping
  📥 Scraping contemporary-jazz for 1989-08-19... ✓ (25 songs)
  📥 Scraping contemporary-jazz for 1989-08-26... ✗ Billboard served 1989-09-02, not 1989-08-26 — skipping
  📥 Scraping contemporary-jazz for 1989-08-26... ✗ Billboard served 1989-09-02, not 1989-08-26 — skipping
  📥 Scraping contemporary-jazz for 1989-08-26... ✗ Billboard served 1989-09-02, not 1989-08-26 — skipping
  📥 Scraping contemporary-jazz for 1989-09-02... ✓ (25 songs)
  📥 Scraping contemporary-jazz for 1989-09-09... ✗ Billboard served 1989-09-16, not 1989-09-09 — skipping
  📥 Scraping contemporary-jazz for 1989-09-09... ✗ Billboard served 1989-09-16, not 1989-09-09 — skipping
  📥 Scraping contemporary-jazz for 1989-09-09... ✗ Billboard served 1989-09-16, not 1989-09-09 — skipping
  📥 Scraping contemporary-jazz for 1989-09-16... ✓ (25 songs)
  📥 Scraping contemporary-jazz for 1989-09-23... ✗ Billboard served 1989-09-30, not 1989-09-23 — skipping
  📥 Scraping contemporary-jazz for 1989-09-23... ✗ Billboard served 1989-09-30, not 1989-09-23 — skipping
  📥 Scraping contemporary-jazz for 1989-09-23... ✗ Billboard served 1989-09-30, not 1989-09-23 — skipping
  📥 Scraping contemporary-jazz for 1989-09-30... ✓ (25 songs)
  📥 Scraping contemporary-jazz for 1989-10-07... ✗ Billboard served 1989-10-14, not 1989-10-07 — skipping
  📥 Scraping contemporary-jazz for 1989-10-07... ✗ Billboard served 1989-10-14, not 1989-10-07 — skipping
  📥 Scraping contemporary-jazz for 1989-10-07... ✗ Billboard served 1989-10-14, not 1989-10-07 — skipping
  📥 Scraping contemporary-jazz for 1989-10-14... ✓ (25 songs)
  📥 Scraping contemporary-jazz for 1989-10-21... ✗ Billboard served 1989-10-28, not 1989-10-21 — skipping
  📥 Scraping contemporary-jazz for 1989-10-21... ✗ Billboard served 1989-10-28, not 1989-10-21 — skipping
  📥 Scraping contemporary-jazz for 1989-10-21... ✗ Billboard served 1989-10-28, not 1989-10-21 — skipping
  📥 Scraping contemporary-jazz for 1989-10-28... ✓ (25 songs)
  📥 Scraping contemporary-jazz for 1989-11-04... ✗ Billboard served 1989-11-11, not 1989-11-04 — skipping
  📥 Scraping contemporary-jazz for 1989-11-04... ✗ Billboard served 1989-11-11, not 1989-11-04 — skipping
  📥 Scraping contemporary-jazz for 1989-11-04... ✗ Billboard served 1989-11-11, not 1989-11-04 — skipping
  📥 Scraping contemporary-jazz for 1989-11-11... ✓ (25 songs)
  📥 Scraping contemporary-jazz for 1989-11-18... ✗ Billboard served 1989-11-25, not 1989-11-18 — skipping
  📥 Scraping contemporary-jazz for 1989-11-18... ✗ Billboard served 1989-11-25, not 1989-11-18 — skipping
  📥 Scraping contemporary-jazz for 1989-11-18... ✗ Billboard served 1989-11-25, not 1989-11-18 — skipping
  📥 Scraping contemporary-jazz for 1989-11-25... ✓ (25 songs)
  📥 Scraping contemporary-jazz for 1989-12-02... ✗ Billboard served 1989-12-09, not 1989-12-02 — skipping
  📥 Scraping contemporary-jazz for 1989-12-02... ✗ Billboard served 1989-12-09, not 1989-12-02 — skipping
  📥 Scraping contemporary-jazz for 1989-12-02... ✗ Billboard served 1989-12-09, not 1989-12-02 — skipping
  📥 Scraping contemporary-jazz for 1989-12-09... ✓ (25 songs)
  📥 Scraping contemporary-jazz for 1989-12-16... ✗ Billboard served 1989-12-23, not 1989-12-16 — skipping
  📥 Scraping contemporary-jazz for 1989-12-16... ✗ Billboard served 1989-12-23, not 1989-12-16 — skipping
  📥 Scraping contemporary-jazz for 1989-12-16... ✗ Billboard served 1989-12-23, not 1989-12-16 — skipping
  📥 Scraping contemporary-jazz for 1989-12-23... ✓ (25 songs)
  📥 Scraping contemporary-jazz for 1989-12-30... ✗ Billboard served 1990-01-06, not 1989-12-30 — skipping
  📥 Scraping contemporary-jazz for 1989-12-30... ✗ Billboard served 1990-01-06, not 1989-12-30 — skipping
  📥 Scraping contemporary-jazz for 1989-12-30... ✗ Billboard served 1990-01-06, not 1989-12-30 — skipping
  📥 Scraping contemporary-jazz for 1990-01-06... ✓ (25 songs)
  contemporary-jazz: 150/2061 fetched, 75 failed, 0 clamped
  📥 Scraping contemporary-jazz for 1990-01-13... ✗ Billboard served 1990-01-20, not 1990-01-13 — skipping
  📥 Scraping contemporary-jazz for 1990-01-13... ✗ Billboard served 1990-01-20, not 1990-01-13 — skipping
  📥 Scraping contemporary-jazz for 1990-01-13... ✗ Billboard served 1990-01-20, not 1990-01-13 — skipping
  📥 Scraping contemporary-jazz for 1990-01-20... ✓ (25 songs)
  📥 Scraping contemporary-jazz for 1990-01-27... ✗ Billboard served 1990-02-03, not 1990-01-27 — skipping
  📥 Scraping contemporary-jazz for 1990-01-27... ✗ Billboard served 1990-02-03, not 1990-01-27 — skipping
  📥 Scraping contemporary-jazz for 1990-01-27... ✗ Billboard served 1990-02-03, not 1990-01-27 — skipping
  📥 Scraping contemporary-jazz for 1990-02-03... ✓ (25 songs)
  📥 Scraping contemporary-jazz for 1990-02-10... ✗ Billboard served 1990-02-17, not 1990-02-10 — skipping
  📥 Scraping contemporary-jazz for 1990-02-10... ✗ Billboard served 1990-02-17, not 1990-02-10 — skipping
  📥 Scraping contemporary-jazz for 1990-02-10... ✗ Billboard served 1990-02-17, not 1990-02-10 — skipping
  📥 Scraping contemporary-jazz for 1990-02-17... ✓ (25 songs)
  📥 Scraping contemporary-jazz for 1990-02-24... ✗ Billboard served 1990-03-03, not 1990-02-24 — skipping
  📥 Scraping contemporary-jazz for 1990-02-24... ✗ Billboard served 1990-03-03, not 1990-02-24 — skipping
  📥 Scraping contemporary-jazz for 1990-02-24... ✗ Billboard served 1990-03-03, not 1990-02-24 — skipping
  📥 Scraping contemporary-jazz for 1990-03-03... ✓ (25 songs)
  📥 Scraping contemporary-jazz for 1990-03-10... ✗ Billboard served 1990-03-17, not 1990-03-10 — skipping
  📥 Scraping contemporary-jazz for 1990-03-10... ✗ Billboard served 1990-03-17, not 1990-03-10 — skipping
  📥 Scraping contemporary-jazz for 1990-03-10... ✗ Billboard served 1990-03-17, not 1990-03-10 — skipping
  📥 Scraping contemporary-jazz for 1990-03-17... ✓ (25 songs)
  📥 Scraping contemporary-jazz for 1990-03-24... ✗ Billboard served 1990-03-31, not 1990-03-24 — skipping
  📥 Scraping contemporary-jazz for 1990-03-24... ✗ Billboard served 1990-03-31, not 1990-03-24 — skipping
  📥 Scraping contemporary-jazz for 1990-03-24... ✗ Billboard served 1990-03-31, not 1990-03-24 — skipping
  📥 Scraping contemporary-jazz for 1990-03-31... ✓ (25 songs)
  📥 Scraping contemporary-jazz for 1990-04-07... ✗ Billboard served 1990-04-14, not 1990-04-07 — skipping
  📥 Scraping contemporary-jazz for 1990-04-07... ✗ Billboard served 1990-04-14, not 1990-04-07 — skipping
  📥 Scraping contemporary-jazz for 1990-04-07... ✗ Billboard served 1990-04-14, not 1990-04-07 — skipping
  📥 Scraping contemporary-jazz for 1990-04-14... ✓ (25 songs)
  📥 Scraping contemporary-jazz for 1990-04-21... ✗ Billboard served 1990-04-28, not 1990-04-21 — skipping
  📥 Scraping contemporary-jazz for 1990-04-21... ✗ Billboard served 1990-04-28, not 1990-04-21 — skipping
  📥 Scraping contemporary-jazz for 1990-04-21... ✗ Billboard served 1990-04-28, not 1990-04-21 — skipping
  📥 Scraping contemporary-jazz for 1990-04-28... ✓ (25 songs)
  📥 Scraping contemporary-jazz for 1990-05-05... ✗ Billboard served 1990-05-12, not 1990-05-05 — skipping
  📥 Scraping contemporary-jazz for 1990-05-05... ✗ Billboard served 1990-05-12, not 1990-05-05 — skipping
  📥 Scraping contemporary-jazz for 1990-05-05... ✗ Billboard served 1990-05-12, not 1990-05-05 — skipping
  📥 Scraping contemporary-jazz for 1990-05-12... ✓ (25 songs)
  📥 Scraping contemporary-jazz for 1990-05-19... ✗ Billboard served 1990-05-26, not 1990-05-19 — skipping
  📥 Scraping contemporary-jazz for 1990-05-19... ✗ Billboard served 1990-05-26, not 1990-05-19 — skipping
  📥 Scraping contemporary-jazz for 1990-05-19... ✗ Billboard served 1990-05-26, not 1990-05-19 — skipping
  📥 Scraping contemporary-jazz for 1990-05-26... ✓ (25 songs)
  📥 Scraping contemporary-jazz for 1990-06-02... ✗ Billboard served 1990-06-09, not 1990-06-02 — skipping
  📥 Scraping contemporary-jazz for 1990-06-02... ✗ Billboard served 1990-06-09, not 1990-06-02 — skipping
  📥 Scraping contemporary-jazz for 1990-06-02... ✗ Billboard served 1990-06-09, not 1990-06-02 — skipping
  📥 Scraping contemporary-jazz for 1990-06-09... ✓ (25 songs)
  📥 Scraping contemporary-jazz for 1990-06-16... ✗ Billboard served 1990-06-23, not 1990-06-16 — skipping
  📥 Scraping contemporary-jazz for 1990-06-16... ✗ Billboard served 1990-06-23, not 1990-06-16 — skipping
  📥 Scraping contemporary-jazz for 1990-06-16... ✗ Billboard served 1990-06-23, not 1990-06-16 — skipping
  📥 Scraping contemporary-jazz for 1990-06-23... ✓ (25 songs)
  📥 Scraping contemporary-jazz for 1990-06-30... ✗ Billboard served 1990-07-07, not 1990-06-30 — skipping
  📥 Scraping contemporary-jazz for 1990-06-30... ✗ Billboard served 1990-07-07, not 1990-06-30 — skipping
  📥 Scraping contemporary-jazz for 1990-06-30... ✗ Billboard served 1990-07-07, not 1990-06-30 — skipping
  📥 Scraping contemporary-jazz for 1990-07-07... ✓ (25 songs)
  📥 Scraping contemporary-jazz for 1990-07-14... ✗ Billboard served 1990-07-21, not 1990-07-14 — skipping
  📥 Scraping contemporary-jazz for 1990-07-14... ✗ Billboard served 1990-07-21, not 1990-07-14 — skipping
  📥 Scraping contemporary-jazz for 1990-07-14... ✗ Billboard served 1990-07-21, not 1990-07-14 — skipping
  📥 Scraping contemporary-jazz for 1990-07-21... ✓ (25 songs)
  📥 Scraping contemporary-jazz for 1990-07-28... ✗ Billboard served 1990-08-04, not 1990-07-28 — skipping
  📥 Scraping contemporary-jazz for 1990-07-28... ✗ Billboard served 1990-08-04, not 1990-07-28 — skipping
  📥 Scraping contemporary-jazz for 1990-07-28... ✗ Billboard served 1990-08-04, not 1990-07-28 — skipping
  📥 Scraping contemporary-jazz for 1990-08-04... ✓ (25 songs)
  📥 Scraping contemporary-jazz for 1990-08-11... ✗ Billboard served 1990-08-18, not 1990-08-11 — skipping
  📥 Scraping contemporary-jazz for 1990-08-11... ✗ Billboard served 1990-08-18, not 1990-08-11 — skipping
  📥 Scraping contemporary-jazz for 1990-08-11... ✗ Billboard served 1990-08-18, not 1990-08-11 — skipping
  📥 Scraping contemporary-jazz for 1990-08-18... ✓ (25 songs)
  📥 Scraping contemporary-jazz for 1990-08-25... ✗ Billboard served 1990-09-01, not 1990-08-25 — skipping
  📥 Scraping contemporary-jazz for 1990-08-25... ✗ Billboard served 1990-09-01, not 1990-08-25 — skipping
  📥 Scraping contemporary-jazz for 1990-08-25... ✗ Billboard served 1990-09-01, not 1990-08-25 — skipping
  📥 Scraping contemporary-jazz for 1990-09-01... ✓ (25 songs)
  📥 Scraping contemporary-jazz for 1990-09-08... ✗ Billboard served 1990-09-15, not 1990-09-08 — skipping
  📥 Scraping contemporary-jazz for 1990-09-08... ✗ Billboard served 1990-09-15, not 1990-09-08 — skipping
  📥 Scraping contemporary-jazz for 1990-09-08... ✗ Billboard served 1990-09-15, not 1990-09-08 — skipping
  📥 Scraping contemporary-jazz for 1990-09-15... ✓ (25 songs)
  📥 Scraping contemporary-jazz for 1990-09-22... ✗ Billboard served 1990-09-29, not 1990-09-22 — skipping
  📥 Scraping contemporary-jazz for 1990-09-22... ✗ Billboard served 1990-09-29, not 1990-09-22 — skipping
  📥 Scraping contemporary-jazz for 1990-09-22... ✗ Billboard served 1990-09-29, not 1990-09-22 — skipping
  📥 Scraping contemporary-jazz for 1990-09-29... ✓ (25 songs)
  📥 Scraping contemporary-jazz for 1990-10-06... ✗ Billboard served 1990-10-13, not 1990-10-06 — skipping
  📥 Scraping contemporary-jazz for 1990-10-06... ✗ Billboard served 1990-10-13, not 1990-10-06 — skipping
  📥 Scraping contemporary-jazz for 1990-10-06... ✗ Billboard served 1990-10-13, not 1990-10-06 — skipping
  📥 Scraping contemporary-jazz for 1990-10-13... ✓ (25 songs)
  📥 Scraping contemporary-jazz for 1990-10-20... ✗ Billboard served 1990-10-27, not 1990-10-20 — skipping
  📥 Scraping contemporary-jazz for 1990-10-20... ✗ Billboard served 1990-10-27, not 1990-10-20 — skipping
  📥 Scraping contemporary-jazz for 1990-10-20... ✗ Billboard served 1990-10-27, not 1990-10-20 — skipping
  📥 Scraping contemporary-jazz for 1990-10-27... ✓ (25 songs)
  📥 Scraping contemporary-jazz for 1990-11-03... ✗ Billboard served 1990-11-10, not 1990-11-03 — skipping
  📥 Scraping contemporary-jazz for 1990-11-03... ✗ Billboard served 1990-11-10, not 1990-11-03 — skipping
  📥 Scraping contemporary-jazz for 1990-11-03... ✗ Billboard served 1990-11-10, not 1990-11-03 — skipping
  📥 Scraping contemporary-jazz for 1990-11-10... ✓ (25 songs)
  📥 Scraping contemporary-jazz for 1990-11-17... ✗ Billboard served 1990-11-24, not 1990-11-17 — skipping
  📥 Scraping contemporary-jazz for 1990-11-17... ✗ Billboard served 1990-11-24, not 1990-11-17 — skipping
  📥 Scraping contemporary-jazz for 1990-11-17... ✗ Billboard served 1990-11-24, not 1990-11-17 — skipping
  📥 Scraping contemporary-jazz for 1990-11-24... ✓ (25 songs)
  📥 Scraping contemporary-jazz for 1990-12-01... ✗ Billboard served 1990-12-08, not 1990-12-01 — skipping
  📥 Scraping contemporary-jazz for 1990-12-01... ✗ Billboard served 1990-12-08, not 1990-12-01 — skipping
  📥 Scraping contemporary-jazz for 1990-12-01... ✗ Billboard served 1990-12-08, not 1990-12-01 — skipping
  📥 Scraping contemporary-jazz for 1990-12-08... ✓ (25 songs)
  📥 Scraping contemporary-jazz for 1990-12-15... ✗ Billboard served 1990-12-22, not 1990-12-15 — skipping
  📥 Scraping contemporary-jazz for 1990-12-15... ✗ Billboard served 1990-12-22, not 1990-12-15 — skipping
  📥 Scraping contemporary-jazz for 1990-12-15... ✗ Billboard served 1990-12-22, not 1990-12-15 — skipping
  📥 Scraping contemporary-jazz for 1990-12-22... ✓ (25 songs)
  contemporary-jazz: 200/2061 fetched, 100 failed, 0 clamped
  📥 Scraping contemporary-jazz for 1990-12-29... ✗ Billboard served 1991-01-05, not 1990-12-29 — skipping
  📥 Scraping contemporary-jazz for 1990-12-29... ✗ Billboard served 1991-01-05, not 1990-12-29 — skipping
  📥 Scraping contemporary-jazz for 1990-12-29... ✗ Billboard served 1991-01-05, not 1990-12-29 — skipping
  📥 Scraping contemporary-jazz for 1991-01-05... ✓ (25 songs)
  📥 Scraping contemporary-jazz for 1991-01-12... ✗ Billboard served 1991-01-19, not 1991-01-12 — skipping
  📥 Scraping contemporary-jazz for 1991-01-12... ✗ Billboard served 1991-01-19, not 1991-01-12 — skipping
  📥 Scraping contemporary-jazz for 1991-01-12... ✗ Billboard served 1991-01-19, not 1991-01-12 — skipping
  📥 Scraping contemporary-jazz for 1991-01-19... ✓ (25 songs)
  📥 Scraping contemporary-jazz for 1991-01-26... ✗ Billboard served 1991-02-02, not 1991-01-26 — skipping
  📥 Scraping contemporary-jazz for 1991-01-26... ✗ Billboard served 1991-02-02, not 1991-01-26 — skipping
  📥 Scraping contemporary-jazz for 1991-01-26... ✗ Billboard served 1991-02-02, not 1991-01-26 — skipping
  📥 Scraping contemporary-jazz for 1991-02-02... ✓ (25 songs)
  📥 Scraping contemporary-jazz for 1991-02-09... ✗ Billboard served 1991-02-16, not 1991-02-09 — skipping
  📥 Scraping contemporary-jazz for 1991-02-09... ✗ Billboard served 1991-02-16, not 1991-02-09 — skipping
  📥 Scraping contemporary-jazz for 1991-02-09... ✗ Billboard served 1991-02-16, not 1991-02-09 — skipping
  📥 Scraping contemporary-jazz for 1991-02-16... ✓ (25 songs)
  📥 Scraping contemporary-jazz for 1991-02-23... ✗ Billboard served 1991-03-02, not 1991-02-23 — skipping
  📥 Scraping contemporary-jazz for 1991-02-23... ✗ Billboard served 1991-03-02, not 1991-02-23 — skipping
  📥 Scraping contemporary-jazz for 1991-02-23... ✗ Billboard served 1991-03-02, not 1991-02-23 — skipping
  📥 Scraping contemporary-jazz for 1991-03-02... ✓ (25 songs)
  📥 Scraping contemporary-jazz for 1991-03-09... ✗ Billboard served 1991-03-16, not 1991-03-09 — skipping
  📥 Scraping contemporary-jazz for 1991-03-09... ✗ Billboard served 1991-03-16, not 1991-03-09 — skipping
  📥 Scraping contemporary-jazz for 1991-03-09... ✗ Billboard served 1991-03-16, not 1991-03-09 — skipping
  📥 Scraping contemporary-jazz for 1991-03-16... ✓ (25 songs)
  📥 Scraping contemporary-jazz for 1991-03-23... ✗ Billboard served 1991-03-30, not 1991-03-23 — skipping
  📥 Scraping contemporary-jazz for 1991-03-23... ✗ Billboard served 1991-03-30, not 1991-03-23 — skipping
  📥 Scraping contemporary-jazz for 1991-03-23... ✗ Billboard served 1991-03-30, not 1991-03-23 — skipping
  📥 Scraping contemporary-jazz for 1991-03-30... ✓ (25 songs)
  📥 Scraping contemporary-jazz for 1991-04-06... ✗ Billboard served 1991-04-13, not 1991-04-06 — skipping
  📥 Scraping contemporary-jazz for 1991-04-06... ✗ Billboard served 1991-04-13, not 1991-04-06 — skipping
  📥 Scraping contemporary-jazz for 1991-04-06... ✗ Billboard served 1991-04-13, not 1991-04-06 — skipping
  📥 Scraping contemporary-jazz for 1991-04-13... ✓ (25 songs)
  📥 Scraping contemporary-jazz for 1991-04-20... ✗ Billboard served 1991-04-27, not 1991-04-20 — skipping
  📥 Scraping contemporary-jazz for 1991-04-20... ✗ Billboard served 1991-04-27, not 1991-04-20 — skipping
  📥 Scraping contemporary-jazz for 1991-04-20... ✗ Billboard served 1991-04-27, not 1991-04-20 — skipping
  📥 Scraping contemporary-jazz for 1991-04-27... ✓ (25 songs)
  📥 Scraping contemporary-jazz for 1991-05-04... ✗ Billboard served 1991-05-11, not 1991-05-04 — skipping
  📥 Scraping contemporary-jazz for 1991-05-04... ✗ Billboard served 1991-05-11, not 1991-05-04 — skipping
  📥 Scraping contemporary-jazz for 1991-05-04... ✗ Billboard served 1991-05-11, not 1991-05-04 — skipping
  📥 Scraping contemporary-jazz for 1991-05-11... ✓ (25 songs)
  📥 Scraping contemporary-jazz for 1991-05-18... ✗ Billboard served 1991-05-25, not 1991-05-18 — skipping
  📥 Scraping contemporary-jazz for 1991-05-18... ✗ Billboard served 1991-05-25, not 1991-05-18 — skipping
  📥 Scraping contemporary-jazz for 1991-05-18... ✗ Billboard served 1991-05-25, not 1991-05-18 — skipping
  📥 Scraping contemporary-jazz for 1991-05-25... ✓ (25 songs)
  📥 Scraping contemporary-jazz for 1991-06-01... ✗ Billboard served 1991-06-08, not 1991-06-01 — skipping
  📥 Scraping contemporary-jazz for 1991-06-01... ✗ Billboard served 1991-06-08, not 1991-06-01 — skipping
  📥 Scraping contemporary-jazz for 1991-06-01... ✗ Billboard served 1991-06-08, not 1991-06-01 — skipping
  📥 Scraping contemporary-jazz for 1991-06-08... ✓ (25 songs)
  📥 Scraping contemporary-jazz for 1991-06-15... ✗ Billboard served 1991-06-22, not 1991-06-15 — skipping
  📥 Scraping contemporary-jazz for 1991-06-15... ✗ Billboard served 1991-06-22, not 1991-06-15 — skipping
  📥 Scraping contemporary-jazz for 1991-06-15... ✗ Billboard served 1991-06-22, not 1991-06-15 — skipping
  📥 Scraping contemporary-jazz for 1991-06-22... ✓ (25 songs)
  📥 Scraping contemporary-jazz for 1991-06-29... ✗ Billboard served 1991-07-06, not 1991-06-29 — skipping
  📥 Scraping contemporary-jazz for 1991-06-29... ✗ Billboard served 1991-07-06, not 1991-06-29 — skipping
  📥 Scraping contemporary-jazz for 1991-06-29... ✗ Billboard served 1991-07-06, not 1991-06-29 — skipping
  📥 Scraping contemporary-jazz for 1991-07-06... ✓ (25 songs)
  📥 Scraping contemporary-jazz for 1991-07-13... ✗ Billboard served 1991-07-20, not 1991-07-13 — skipping
  📥 Scraping contemporary-jazz for 1991-07-13... ✗ Billboard served 1991-07-20, not 1991-07-13 — skipping
  📥 Scraping contemporary-jazz for 1991-07-13... ✗ Billboard served 1991-07-20, not 1991-07-13 — skipping
  📥 Scraping contemporary-jazz for 1991-07-20... ✓ (25 songs)
  📥 Scraping contemporary-jazz for 1991-07-27... ✗ Billboard served 1991-08-03, not 1991-07-27 — skipping
  📥 Scraping contemporary-jazz for 1991-07-27... ✗ Billboard served 1991-08-03, not 1991-07-27 — skipping
  📥 Scraping contemporary-jazz for 1991-07-27... ✗ Billboard served 1991-08-03, not 1991-07-27 — skipping
  📥 Scraping contemporary-jazz for 1991-08-03... ✓ (25 songs)
  📥 Scraping contemporary-jazz for 1991-08-10... ✗ Billboard served 1991-08-17, not 1991-08-10 — skipping
  📥 Scraping contemporary-jazz for 1991-08-10... ✗ Billboard served 1991-08-17, not 1991-08-10 — skipping
  📥 Scraping contemporary-jazz for 1991-08-10... ✗ Billboard served 1991-08-17, not 1991-08-10 — skipping
  📥 Scraping contemporary-jazz for 1991-08-17... ✓ (25 songs)
  📥 Scraping contemporary-jazz for 1991-08-24... ✗ Billboard served 1991-08-31, not 1991-08-24 — skipping
  📥 Scraping contemporary-jazz for 1991-08-24... ✗ Billboard served 1991-08-31, not 1991-08-24 — skipping
  📥 Scraping contemporary-jazz for 1991-08-24... ✗ Billboard served 1991-08-31, not 1991-08-24 — skipping
  📥 Scraping contemporary-jazz for 1991-08-31... ✓ (25 songs)
  📥 Scraping contemporary-jazz for 1991-09-07... ✗ Billboard served 1991-09-14, not 1991-09-07 — skipping
  📥 Scraping contemporary-jazz for 1991-09-07... ✗ Billboard served 1991-09-14, not 1991-09-07 — skipping
  📥 Scraping contemporary-jazz for 1991-09-07... ✗ Billboard served 1991-09-14, not 1991-09-07 — skipping
  📥 Scraping contemporary-jazz for 1991-09-14... ✓ (25 songs)
  📥 Scraping contemporary-jazz for 1991-09-21... ✗ Billboard served 1991-09-28, not 1991-09-21 — skipping
  📥 Scraping contemporary-jazz for 1991-09-21... ✗ Billboard served 1991-09-28, not 1991-09-21 — skipping
  📥 Scraping contemporary-jazz for 1991-09-21... ✗ Billboard served 1991-09-28, not 1991-09-21 — skipping
  📥 Scraping contemporary-jazz for 1991-09-28... ✓ (25 songs)
  📥 Scraping contemporary-jazz for 1991-10-05... ✗ Billboard served 1991-10-12, not 1991-10-05 — skipping
  📥 Scraping contemporary-jazz for 1991-10-05... ✗ Billboard served 1991-10-12, not 1991-10-05 — skipping
  📥 Scraping contemporary-jazz for 1991-10-05... ✗ Billboard served 1991-10-12, not 1991-10-05 — skipping
  📥 Scraping contemporary-jazz for 1991-10-12... ✓ (25 songs)
  📥 Scraping contemporary-jazz for 1991-10-19... ✗ Billboard served 1991-10-26, not 1991-10-19 — skipping
  📥 Scraping contemporary-jazz for 1991-10-19... ✗ Billboard served 1991-10-26, not 1991-10-19 — skipping
  📥 Scraping contemporary-jazz for 1991-10-19... ✗ Billboard served 1991-10-26, not 1991-10-19 — skipping
  📥 Scraping contemporary-jazz for 1991-10-26... ✓ (25 songs)
  📥 Scraping contemporary-jazz for 1991-11-02... ✗ Billboard served 1991-11-09, not 1991-11-02 — skipping
  📥 Scraping contemporary-jazz for 1991-11-02... ✗ Billboard served 1991-11-09, not 1991-11-02 — skipping
  📥 Scraping contemporary-jazz for 1991-11-02... ✗ Billboard served 1991-11-09, not 1991-11-02 — skipping
  📥 Scraping contemporary-jazz for 1991-11-09... ✓ (25 songs)
  📥 Scraping contemporary-jazz for 1991-11-16... ✗ Billboard served 1991-11-23, not 1991-11-16 — skipping
  📥 Scraping contemporary-jazz for 1991-11-16... ✗ Billboard served 1991-11-23, not 1991-11-16 — skipping
  📥 Scraping contemporary-jazz for 1991-11-16... ✗ Billboard served 1991-11-23, not 1991-11-16 — skipping
  📥 Scraping contemporary-jazz for 1991-11-23... ✓ (25 songs)
  📥 Scraping contemporary-jazz for 1991-11-30... ✗ Billboard served 1991-12-07, not 1991-11-30 — skipping
  📥 Scraping contemporary-jazz for 1991-11-30... ✗ Billboard served 1991-12-07, not 1991-11-30 — skipping
  📥 Scraping contemporary-jazz for 1991-11-30... ✗ Billboard served 1991-12-07, not 1991-11-30 — skipping
  📥 Scraping contemporary-jazz for 1991-12-07... ✓ (25 songs)
  contemporary-jazz: 250/2061 fetched, 125 failed, 0 clamped
  📥 Scraping contemporary-jazz for 1991-12-14... ✗ Billboard served 1991-12-21, not 1991-12-14 — skipping
  📥 Scraping contemporary-jazz for 1991-12-14... ✗ Billboard served 1991-12-21, not 1991-12-14 — skipping
  📥 Scraping contemporary-jazz for 1991-12-14... ✗ Billboard served 1991-12-21, not 1991-12-14 — skipping
  📥 Scraping contemporary-jazz for 1991-12-21... ✓ (25 songs)
  📥 Scraping contemporary-jazz for 1991-12-28... ✗ Billboard served 1992-01-04, not 1991-12-28 — skipping
  📥 Scraping contemporary-jazz for 1991-12-28... ✗ Billboard served 1992-01-04, not 1991-12-28 — skipping
  📥 Scraping contemporary-jazz for 1991-12-28... ✗ Billboard served 1992-01-04, not 1991-12-28 — skipping
  📥 Scraping contemporary-jazz for 1992-01-04... ✓ (25 songs)
  📥 Scraping contemporary-jazz for 1992-01-11... ✗ Billboard served 1992-01-18, not 1992-01-11 — skipping
  📥 Scraping contemporary-jazz for 1992-01-11... ✗ Billboard served 1992-01-18, not 1992-01-11 — skipping
  📥 Scraping contemporary-jazz for 1992-01-11... ✗ Billboard served 1992-01-18, not 1992-01-11 — skipping
  📥 Scraping contemporary-jazz for 1992-01-18... ✓ (25 songs)
  📥 Scraping contemporary-jazz for 1992-01-25... ✗ Billboard served 1992-02-01, not 1992-01-25 — skipping
  📥 Scraping contemporary-jazz for 1992-01-25... ✗ Billboard served 1992-02-01, not 1992-01-25 — skipping
  📥 Scraping contemporary-jazz for 1992-01-25... ✗ Billboard served 1992-02-01, not 1992-01-25 — skipping
  📥 Scraping contemporary-jazz for 1992-02-01... ✓ (25 songs)
  📥 Scraping contemporary-jazz for 1992-02-08... ✗ Billboard served 1992-02-15, not 1992-02-08 — skipping
  📥 Scraping contemporary-jazz for 1992-02-08... ✗ Billboard served 1992-02-15, not 1992-02-08 — skipping
  📥 Scraping contemporary-jazz for 1992-02-08... ✗ Billboard served 1992-02-15, not 1992-02-08 — skipping
  📥 Scraping contemporary-jazz for 1992-02-15... ✓ (25 songs)
  📥 Scraping contemporary-jazz for 1992-02-22... ✗ Billboard served 1992-02-29, not 1992-02-22 — skipping
  📥 Scraping contemporary-jazz for 1992-02-22... ✗ Billboard served 1992-02-29, not 1992-02-22 — skipping
  📥 Scraping contemporary-jazz for 1992-02-22... ✗ Billboard served 1992-02-29, not 1992-02-22 — skipping
  📥 Scraping contemporary-jazz for 1992-02-29... ✓ (25 songs)
  📥 Scraping contemporary-jazz for 1992-03-07... ✗ Billboard served 1992-03-14, not 1992-03-07 — skipping
  📥 Scraping contemporary-jazz for 1992-03-07... ✗ Billboard served 1992-03-14, not 1992-03-07 — skipping
  📥 Scraping contemporary-jazz for 1992-03-07... ✗ Billboard served 1992-03-14, not 1992-03-07 — skipping
  📥 Scraping contemporary-jazz for 1992-03-14... ✓ (25 songs)
  📥 Scraping contemporary-jazz for 1992-03-21... ✗ Billboard served 1992-03-28, not 1992-03-21 — skipping
  📥 Scraping contemporary-jazz for 1992-03-21... ✗ Billboard served 1992-03-28, not 1992-03-21 — skipping
  📥 Scraping contemporary-jazz for 1992-03-21... ✗ Billboard served 1992-03-28, not 1992-03-21 — skipping
  📥 Scraping contemporary-jazz for 1992-03-28... ✓ (25 songs)
  📥 Scraping contemporary-jazz for 1992-04-04... ✗ Billboard served 1992-04-11, not 1992-04-04 — skipping
  📥 Scraping contemporary-jazz for 1992-04-04... ✗ Billboard served 1992-04-11, not 1992-04-04 — skipping
  📥 Scraping contemporary-jazz for 1992-04-04... ✗ Billboard served 1992-04-11, not 1992-04-04 — skipping
  📥 Scraping contemporary-jazz for 1992-04-11... ✓ (25 songs)
  📥 Scraping contemporary-jazz for 1992-04-18... ✗ Billboard served 1992-04-25, not 1992-04-18 — skipping
  📥 Scraping contemporary-jazz for 1992-04-18... ✗ Billboard served 1992-04-25, not 1992-04-18 — skipping
  📥 Scraping contemporary-jazz for 1992-04-18... ✗ Billboard served 1992-04-25, not 1992-04-18 — skipping
  📥 Scraping contemporary-jazz for 1992-04-25... ✓ (25 songs)
  📥 Scraping contemporary-jazz for 1992-05-02... ✗ Billboard served 1992-05-09, not 1992-05-02 — skipping
  📥 Scraping contemporary-jazz for 1992-05-02... ✗ Billboard served 1992-05-09, not 1992-05-02 — skipping
  📥 Scraping contemporary-jazz for 1992-05-02... ✗ Billboard served 1992-05-09, not 1992-05-02 — skipping
  📥 Scraping contemporary-jazz for 1992-05-09... ✓ (25 songs)
  📥 Scraping contemporary-jazz for 1992-05-16... ✗ Billboard served 1992-05-23, not 1992-05-16 — skipping
  📥 Scraping contemporary-jazz for 1992-05-16... ✗ Billboard served 1992-05-23, not 1992-05-16 — skipping
  📥 Scraping contemporary-jazz for 1992-05-16... ✗ Billboard served 1992-05-23, not 1992-05-16 — skipping
  📥 Scraping contemporary-jazz for 1992-05-23... ✓ (25 songs)
  📥 Scraping contemporary-jazz for 1992-05-30... ✗ Billboard served 1992-06-06, not 1992-05-30 — skipping
  📥 Scraping contemporary-jazz for 1992-05-30... ✗ Billboard served 1992-06-06, not 1992-05-30 — skipping
  📥 Scraping contemporary-jazz for 1992-05-30... ✗ Billboard served 1992-06-06, not 1992-05-30 — skipping
  📥 Scraping contemporary-jazz for 1992-06-06... ✓ (25 songs)
  📥 Scraping contemporary-jazz for 1992-06-13... ✗ Billboard served 1992-06-20, not 1992-06-13 — skipping
  📥 Scraping contemporary-jazz for 1992-06-13... ✗ Billboard served 1992-06-20, not 1992-06-13 — skipping
  📥 Scraping contemporary-jazz for 1992-06-13... ✗ Billboard served 1992-06-20, not 1992-06-13 — skipping
  📥 Scraping contemporary-jazz for 1992-06-20... ✓ (25 songs)
  📥 Scraping contemporary-jazz for 1992-06-27... ✗ Billboard served 1992-07-04, not 1992-06-27 — skipping
  📥 Scraping contemporary-jazz for 1992-06-27... ✗ Billboard served 1992-07-04, not 1992-06-27 — skipping
  📥 Scraping contemporary-jazz for 1992-06-27... ✗ Billboard served 1992-07-04, not 1992-06-27 — skipping
  📥 Scraping contemporary-jazz for 1992-07-04... ✓ (25 songs)
  📥 Scraping contemporary-jazz for 1992-07-11... ✗ Billboard served 1992-07-18, not 1992-07-11 — skipping
  📥 Scraping contemporary-jazz for 1992-07-11... ✗ Billboard served 1992-07-18, not 1992-07-11 — skipping
  📥 Scraping contemporary-jazz for 1992-07-11... ✗ Billboard served 1992-07-18, not 1992-07-11 — skipping
  📥 Scraping contemporary-jazz for 1992-07-18... ✓ (25 songs)
  📥 Scraping contemporary-jazz for 1992-07-25... ✗ Billboard served 1992-08-01, not 1992-07-25 — skipping
  📥 Scraping contemporary-jazz for 1992-07-25... ✗ Billboard served 1992-08-01, not 1992-07-25 — skipping
  📥 Scraping contemporary-jazz for 1992-07-25... ✗ Billboard served 1992-08-01, not 1992-07-25 — skipping
  📥 Scraping contemporary-jazz for 1992-08-01... ✓ (25 songs)
  📥 Scraping contemporary-jazz for 1992-08-08... ✗ Billboard served 1992-08-15, not 1992-08-08 — skipping
  📥 Scraping contemporary-jazz for 1992-08-08... ✗ Billboard served 1992-08-15, not 1992-08-08 — skipping
  📥 Scraping contemporary-jazz for 1992-08-08... ✗ Billboard served 1992-08-15, not 1992-08-08 — skipping
  📥 Scraping contemporary-jazz for 1992-08-15... ✓ (25 songs)
  📥 Scraping contemporary-jazz for 1992-08-22... ✗ Billboard served 1992-08-29, not 1992-08-22 — skipping
  📥 Scraping contemporary-jazz for 1992-08-22... ✗ Billboard served 1992-08-29, not 1992-08-22 — skipping
  📥 Scraping contemporary-jazz for 1992-08-22... ✗ Billboard served 1992-08-29, not 1992-08-22 — skipping
  📥 Scraping contemporary-jazz for 1992-08-29... ✓ (25 songs)
  📥 Scraping contemporary-jazz for 1992-09-05... ✗ Billboard served 1992-09-12, not 1992-09-05 — skipping
  📥 Scraping contemporary-jazz for 1992-09-05... ✗ Billboard served 1992-09-12, not 1992-09-05 — skipping
  📥 Scraping contemporary-jazz for 1992-09-05... ✗ Billboard served 1992-09-12, not 1992-09-05 — skipping
  📥 Scraping contemporary-jazz for 1992-09-12... ✓ (25 songs)
  📥 Scraping contemporary-jazz for 1992-09-19... ✗ Billboard served 1992-09-26, not 1992-09-19 — skipping
  📥 Scraping contemporary-jazz for 1992-09-19... ✗ Billboard served 1992-09-26, not 1992-09-19 — skipping
  📥 Scraping contemporary-jazz for 1992-09-19... ✗ Billboard served 1992-09-26, not 1992-09-19 — skipping
  📥 Scraping contemporary-jazz for 1992-09-26... ✓ (25 songs)
  📥 Scraping contemporary-jazz for 1992-10-03... ✗ Billboard served 1992-10-10, not 1992-10-03 — skipping
  📥 Scraping contemporary-jazz for 1992-10-03... ✗ Billboard served 1992-10-10, not 1992-10-03 — skipping
  📥 Scraping contemporary-jazz for 1992-10-03... ✗ Billboard served 1992-10-10, not 1992-10-03 — skipping
  📥 Scraping contemporary-jazz for 1992-10-10... ✓ (25 songs)
  📥 Scraping contemporary-jazz for 1992-10-17... ✗ Billboard served 1992-10-24, not 1992-10-17 — skipping
  📥 Scraping contemporary-jazz for 1992-10-17... ✗ Billboard served 1992-10-24, not 1992-10-17 — skipping
  📥 Scraping contemporary-jazz for 1992-10-17... ✗ Billboard served 1992-10-24, not 1992-10-17 — skipping
  📥 Scraping contemporary-jazz for 1992-10-24... ✓ (25 songs)
  📥 Scraping contemporary-jazz for 1992-10-31... ✗ Billboard served 1992-11-07, not 1992-10-31 — skipping
  📥 Scraping contemporary-jazz for 1992-10-31... ✗ Billboard served 1992-11-07, not 1992-10-31 — skipping
  📥 Scraping contemporary-jazz for 1992-10-31... ✗ Billboard served 1992-11-07, not 1992-10-31 — skipping
  📥 Scraping contemporary-jazz for 1992-11-07... ✓ (25 songs)
  📥 Scraping contemporary-jazz for 1992-11-14... ✗ Billboard served 1992-11-21, not 1992-11-14 — skipping
  📥 Scraping contemporary-jazz for 1992-11-14... ✗ Billboard served 1992-11-21, not 1992-11-14 — skipping
  📥 Scraping contemporary-jazz for 1992-11-14... ✗ Billboard served 1992-11-21, not 1992-11-14 — skipping
  📥 Scraping contemporary-jazz for 1992-11-21... ✓ (25 songs)
  contemporary-jazz: 300/2061 fetched, 150 failed, 0 clamped
  📥 Scraping contemporary-jazz for 1992-11-28... ✗ Billboard served 1992-12-05, not 1992-11-28 — skipping
  📥 Scraping contemporary-jazz for 1992-11-28... ✗ Billboard served 1992-12-05, not 1992-11-28 — skipping
  📥 Scraping contemporary-jazz for 1992-11-28... ✗ Billboard served 1992-12-05, not 1992-11-28 — skipping
  📥 Scraping contemporary-jazz for 1992-12-05... ✓ (25 songs)
  📥 Scraping contemporary-jazz for 1992-12-12... ✗ Billboard served 1992-12-19, not 1992-12-12 — skipping
  📥 Scraping contemporary-jazz for 1992-12-12... ✗ Billboard served 1992-12-19, not 1992-12-12 — skipping
  📥 Scraping contemporary-jazz for 1992-12-12... ✗ Billboard served 1992-12-19, not 1992-12-12 — skipping
  📥 Scraping contemporary-jazz for 1992-12-19... ✓ (25 songs)
  📥 Scraping contemporary-jazz for 1992-12-26... ✗ Billboard served 1993-01-02, not 1992-12-26 — skipping
  📥 Scraping contemporary-jazz for 1992-12-26... ✗ Billboard served 1993-01-02, not 1992-12-26 — skipping
  📥 Scraping contemporary-jazz for 1992-12-26... ✗ Billboard served 1993-01-02, not 1992-12-26 — skipping
  📥 Scraping contemporary-jazz for 1993-01-02... ✓ (25 songs)
  📥 Scraping contemporary-jazz for 1993-01-09... ✗ Billboard served 1993-01-16, not 1993-01-09 — skipping
  📥 Scraping contemporary-jazz for 1993-01-09... ✗ Billboard served 1993-01-16, not 1993-01-09 — skipping
  📥 Scraping contemporary-jazz for 1993-01-09... ✗ Billboard served 1993-01-16, not 1993-01-09 — skipping
  📥 Scraping contemporary-jazz for 1993-01-16... ✓ (25 songs)
  📥 Scraping contemporary-jazz for 1993-01-23... ✗ Billboard served 1993-01-30, not 1993-01-23 — skipping
  📥 Scraping contemporary-jazz for 1993-01-23... ✗ Billboard served 1993-01-30, not 1993-01-23 — skipping
  📥 Scraping contemporary-jazz for 1993-01-23... ✗ Billboard served 1993-01-30, not 1993-01-23 — skipping
  📥 Scraping contemporary-jazz for 1993-01-30... ✓ (25 songs)
  📥 Scraping contemporary-jazz for 1993-02-06... ✗ Billboard served 1993-02-13, not 1993-02-06 — skipping
  📥 Scraping contemporary-jazz for 1993-02-06... ✗ Billboard served 1993-02-13, not 1993-02-06 — skipping
  📥 Scraping contemporary-jazz for 1993-02-06... ✗ Billboard served 1993-02-13, not 1993-02-06 — skipping
  📥 Scraping contemporary-jazz for 1993-02-13... ✓ (25 songs)
  📥 Scraping contemporary-jazz for 1993-02-20... ✗ Billboard served 1993-02-27, not 1993-02-20 — skipping
  📥 Scraping contemporary-jazz for 1993-02-20... ✗ Billboard served 1993-02-27, not 1993-02-20 — skipping
  📥 Scraping contemporary-jazz for 1993-02-20... ✗ Billboard served 1993-02-27, not 1993-02-20 — skipping
  📥 Scraping contemporary-jazz for 1993-02-27... ✓ (25 songs)
  📥 Scraping contemporary-jazz for 1993-03-06... ✗ Billboard served 1993-03-13, not 1993-03-06 — skipping
  📥 Scraping contemporary-jazz for 1993-03-06... ✗ Billboard served 1993-03-13, not 1993-03-06 — skipping
  📥 Scraping contemporary-jazz for 1993-03-06... ✗ Billboard served 1993-03-13, not 1993-03-06 — skipping
  📥 Scraping contemporary-jazz for 1993-03-13... ✓ (25 songs)
  📥 Scraping contemporary-jazz for 1993-03-20... ✗ Billboard served 1993-03-27, not 1993-03-20 — skipping
  📥 Scraping contemporary-jazz for 1993-03-20... ✗ Billboard served 1993-03-27, not 1993-03-20 — skipping
  📥 Scraping contemporary-jazz for 1993-03-20... ✗ Billboard served 1993-03-27, not 1993-03-20 — skipping
  📥 Scraping contemporary-jazz for 1993-03-27... ✓ (25 songs)
  📥 Scraping contemporary-jazz for 1993-04-03... ✗ Billboard served 1993-04-10, not 1993-04-03 — skipping
  📥 Scraping contemporary-jazz for 1993-04-03... ✗ Billboard served 1993-04-10, not 1993-04-03 — skipping
  📥 Scraping contemporary-jazz for 1993-04-03... ✗ Billboard served 1993-04-10, not 1993-04-03 — skipping
  📥 Scraping contemporary-jazz for 1993-04-10... ✓ (25 songs)
  📥 Scraping contemporary-jazz for 1993-04-17... ✗ Billboard served 1993-04-24, not 1993-04-17 — skipping
  📥 Scraping contemporary-jazz for 1993-04-17... ✗ Billboard served 1993-04-24, not 1993-04-17 — skipping
  📥 Scraping contemporary-jazz for 1993-04-17... ✗ Billboard served 1993-04-24, not 1993-04-17 — skipping
  📥 Scraping contemporary-jazz for 1993-04-24... ✓ (25 songs)
  📥 Scraping contemporary-jazz for 1993-05-01... ✗ Billboard served 1993-05-08, not 1993-05-01 — skipping
  📥 Scraping contemporary-jazz for 1993-05-01... ✗ Billboard served 1993-05-08, not 1993-05-01 — skipping
  📥 Scraping contemporary-jazz for 1993-05-01... ✗ Billboard served 1993-05-08, not 1993-05-01 — skipping
  📥 Scraping contemporary-jazz for 1993-05-08... ✓ (25 songs)
  📥 Scraping contemporary-jazz for 1993-05-15... ✗ Billboard served 1993-05-22, not 1993-05-15 — skipping
  📥 Scraping contemporary-jazz for 1993-05-15... ✗ Billboard served 1993-05-22, not 1993-05-15 — skipping
  📥 Scraping contemporary-jazz for 1993-05-15... ✗ Billboard served 1993-05-22, not 1993-05-15 — skipping
  📥 Scraping contemporary-jazz for 1993-05-22... ✓ (25 songs)
  📥 Scraping contemporary-jazz for 1993-05-29... ✗ Billboard served 1993-06-05, not 1993-05-29 — skipping
  📥 Scraping contemporary-jazz for 1993-05-29... ✗ Billboard served 1993-06-05, not 1993-05-29 — skipping
  📥 Scraping contemporary-jazz for 1993-05-29... ✗ Billboard served 1993-06-05, not 1993-05-29 — skipping
  📥 Scraping contemporary-jazz for 1993-06-05... ✓ (25 songs)
  📥 Scraping contemporary-jazz for 1993-06-12... ✗ Billboard served 1993-06-19, not 1993-06-12 — skipping
  📥 Scraping contemporary-jazz for 1993-06-12... ✗ Billboard served 1993-06-19, not 1993-06-12 — skipping
  📥 Scraping contemporary-jazz for 1993-06-12... ✗ Billboard served 1993-06-19, not 1993-06-12 — skipping
  📥 Scraping contemporary-jazz for 1993-06-19... ✓ (25 songs)
  📥 Scraping contemporary-jazz for 1993-06-26... ✗ Billboard served 1993-07-03, not 1993-06-26 — skipping
  📥 Scraping contemporary-jazz for 1993-06-26... ✗ Billboard served 1993-07-03, not 1993-06-26 — skipping
  📥 Scraping contemporary-jazz for 1993-06-26... ✗ Billboard served 1993-07-03, not 1993-06-26 — skipping
  📥 Scraping contemporary-jazz for 1993-07-03... ✓ (25 songs)
  📥 Scraping contemporary-jazz for 1993-07-10... ✗ Billboard served 1993-07-17, not 1993-07-10 — skipping
  📥 Scraping contemporary-jazz for 1993-07-10... ✗ Billboard served 1993-07-17, not 1993-07-10 — skipping
  📥 Scraping contemporary-jazz for 1993-07-10... ✗ Billboard served 1993-07-17, not 1993-07-10 — skipping
  📥 Scraping contemporary-jazz for 1993-07-17... ✓ (25 songs)
  📥 Scraping contemporary-jazz for 1993-07-24... ✗ Billboard served 1993-07-31, not 1993-07-24 — skipping
  📥 Scraping contemporary-jazz for 1993-07-24... ✗ Billboard served 1993-07-31, not 1993-07-24 — skipping
  📥 Scraping contemporary-jazz for 1993-07-24... ✗ Billboard served 1993-07-31, not 1993-07-24 — skipping
  📥 Scraping contemporary-jazz for 1993-07-31... ✓ (25 songs)
  📥 Scraping contemporary-jazz for 1993-08-07... ✗ Billboard served 1993-08-14, not 1993-08-07 — skipping
  📥 Scraping contemporary-jazz for 1993-08-07... ✗ Billboard served 1993-08-14, not 1993-08-07 — skipping
  📥 Scraping contemporary-jazz for 1993-08-07... ✗ Billboard served 1993-08-14, not 1993-08-07 — skipping
  📥 Scraping contemporary-jazz for 1993-08-14... ✓ (25 songs)
  📥 Scraping contemporary-jazz for 1993-08-21... ✗ Billboard served 1993-08-28, not 1993-08-21 — skipping
  📥 Scraping contemporary-jazz for 1993-08-21... ✗ Billboard served 1993-08-28, not 1993-08-21 — skipping
  📥 Scraping contemporary-jazz for 1993-08-21... ✗ Billboard served 1993-08-28, not 1993-08-21 — skipping
  📥 Scraping contemporary-jazz for 1993-08-28... ✓ (25 songs)
  📥 Scraping contemporary-jazz for 1993-09-04... ✗ Billboard served 1993-09-11, not 1993-09-04 — skipping
  📥 Scraping contemporary-jazz for 1993-09-04... ✗ Billboard served 1993-09-11, not 1993-09-04 — skipping
  📥 Scraping contemporary-jazz for 1993-09-04... ✗ Billboard served 1993-09-11, not 1993-09-04 — skipping
  📥 Scraping contemporary-jazz for 1993-09-11... ✓ (25 songs)
  📥 Scraping contemporary-jazz for 1993-09-18... ✗ Billboard served 1993-09-25, not 1993-09-18 — skipping
  📥 Scraping contemporary-jazz for 1993-09-18... ✗ Billboard served 1993-09-25, not 1993-09-18 — skipping
  📥 Scraping contemporary-jazz for 1993-09-18... ✗ Billboard served 1993-09-25, not 1993-09-18 — skipping
  📥 Scraping contemporary-jazz for 1993-09-25... ✓ (25 songs)
  📥 Scraping contemporary-jazz for 1993-10-02... ✗ Billboard served 1993-10-09, not 1993-10-02 — skipping
  📥 Scraping contemporary-jazz for 1993-10-02... ✗ Billboard served 1993-10-09, not 1993-10-02 — skipping
  📥 Scraping contemporary-jazz for 1993-10-02... ✗ Billboard served 1993-10-09, not 1993-10-02 — skipping
  📥 Scraping contemporary-jazz for 1993-10-09... ✓ (25 songs)
  📥 Scraping contemporary-jazz for 1993-10-16... ✗ Billboard served 1993-10-23, not 1993-10-16 — skipping
  📥 Scraping contemporary-jazz for 1993-10-16... ✗ Billboard served 1993-10-23, not 1993-10-16 — skipping
  📥 Scraping contemporary-jazz for 1993-10-16... ✗ Billboard served 1993-10-23, not 1993-10-16 — skipping
  📥 Scraping contemporary-jazz for 1993-10-23... ✓ (25 songs)
  📥 Scraping contemporary-jazz for 1993-10-30... ✗ Billboard served 1993-11-06, not 1993-10-30 — skipping
  📥 Scraping contemporary-jazz for 1993-10-30... ✗ Billboard served 1993-11-06, not 1993-10-30 — skipping
  📥 Scraping contemporary-jazz for 1993-10-30... ✗ Billboard served 1993-11-06, not 1993-10-30 — skipping
  📥 Scraping contemporary-jazz for 1993-11-06... ✓ (25 songs)
  contemporary-jazz: 350/2061 fetched, 175 failed, 0 clamped
  📥 Scraping contemporary-jazz for 1993-11-13... ✗ Billboard served 1993-11-20, not 1993-11-13 — skipping
  📥 Scraping contemporary-jazz for 1993-11-13... ✗ Billboard served 1993-11-20, not 1993-11-13 — skipping
  📥 Scraping contemporary-jazz for 1993-11-13... ✗ Billboard served 1993-11-20, not 1993-11-13 — skipping
  📥 Scraping contemporary-jazz for 1993-11-20... ✓ (25 songs)
  📥 Scraping contemporary-jazz for 1993-11-27... ✗ Billboard served 1993-12-04, not 1993-11-27 — skipping
  📥 Scraping contemporary-jazz for 1993-11-27... ✗ Billboard served 1993-12-04, not 1993-11-27 — skipping
  📥 Scraping contemporary-jazz for 1993-11-27... ✗ Billboard served 1993-12-04, not 1993-11-27 — skipping
  📥 Scraping contemporary-jazz for 1993-12-04... ✓ (25 songs)
  📥 Scraping contemporary-jazz for 1993-12-11... ✓ (25 songs)
  📥 Scraping contemporary-jazz for 1993-12-18... ✓ (25 songs)
  📥 Scraping contemporary-jazz for 1993-12-25... ✓ (25 songs)
  📥 Scraping contemporary-jazz for 1994-01-01... ✓ (25 songs)
  📥 Scraping contemporary-jazz for 1994-01-08... ✓ (25 songs)
  📥 Scraping contemporary-jazz for 1994-01-15... ✓ (25 songs)
  📥 Scraping contemporary-jazz for 1994-01-22... ✓ (25 songs)
  📥 Scraping contemporary-jazz for 1994-01-29... ✓ (25 songs)
  📥 Scraping contemporary-jazz for 1994-02-05... ✓ (25 songs)
  📥 Scraping contemporary-jazz for 1994-02-12... ✓ (25 songs)
  📥 Scraping contemporary-jazz for 1994-02-19... ✓ (25 songs)
  📥 Scraping contemporary-jazz for 1994-02-26... ✓ (25 songs)
  📥 Scraping contemporary-jazz for 1994-03-05... ✓ (25 songs)
  📥 Scraping contemporary-jazz for 1994-03-12... ✓ (25 songs)
  📥 Scraping contemporary-jazz for 1994-03-19... ✓ (25 songs)
  📥 Scraping contemporary-jazz for 1994-03-26... ✓ (25 songs)
  📥 Scraping contemporary-jazz for 1994-04-02... ✓ (25 songs)
  📥 Scraping contemporary-jazz for 1994-04-09... ✓ (25 songs)
  📥 Scraping contemporary-jazz for 1994-04-16... ✓ (25 songs)
  📥 Scraping contemporary-jazz for 1994-04-23... ✓ (25 songs)
  📥 Scraping contemporary-jazz for 1994-04-30... ✓ (25 songs)
  contemporary-jazz: 375/2061 fetched, 177 failed, 0 clamped
  📥 Scraping contemporary-jazz for 1994-05-07... ✓ (25 songs)
  📥 Scraping contemporary-jazz for 1994-05-14... ✓ (25 songs)
  📥 Scraping contemporary-jazz for 1994-05-21... ✓ (25 songs)
  📥 Scraping contemporary-jazz for 1994-05-28... ✓ (25 songs)
  📥 Scraping contemporary-jazz for 1994-06-04... ✓ (25 songs)
  📥 Scraping contemporary-jazz for 1994-06-11... ✓ (25 songs)
  📥 Scraping contemporary-jazz for 1994-06-18... ✓ (25 songs)
  📥 Scraping contemporary-jazz for 1994-06-25... ✓ (25 songs)
  📥 Scraping contemporary-jazz for 1994-07-02... ✓ (25 songs)
  📥 Scraping contemporary-jazz for 1994-07-09... ✓ (25 songs)
  📥 Scraping contemporary-jazz for 1994-07-16... ✓ (25 songs)
  📥 Scraping contemporary-jazz for 1994-07-23... ✓ (25 songs)
  📥 Scraping contemporary-jazz for 1994-07-30... ✓ (25 songs)
  📥 Scraping contemporary-jazz for 1994-08-06... ✓ (25 songs)
  📥 Scraping contemporary-jazz for 1994-08-13... ✓ (25 songs)
  📥 Scraping contemporary-jazz for 1994-08-20... ✓ (25 songs)
  📥 Scraping contemporary-jazz for 1994-08-27... ✓ (25 songs)
  📥 Scraping contemporary-jazz for 1994-09-03... ✓ (25 songs)
  📥 Scraping contemporary-jazz for 1994-09-10... ✓ (25 songs)
  📥 Scraping contemporary-jazz for 1994-09-17... ✓ (25 songs)
  📥 Scraping contemporary-jazz for 1994-09-24... ✓ (25 songs)
  📥 Scraping contemporary-jazz for 1994-10-01... ✓ (25 songs)
  📥 Scraping contemporary-jazz for 1994-10-08... ✓ (25 songs)
  📥 Scraping contemporary-jazz for 1994-10-15... ✓ (25 songs)
  📥 Scraping contemporary-jazz for 1994-10-22... ✓ (25 songs)
  contemporary-jazz: 400/2061 fetched, 177 failed, 0 clamped
  📥 Scraping contemporary-jazz for 1994-10-29... ✓ (25 songs)
  📥 Scraping contemporary-jazz for 1994-11-05... ✓ (25 songs)
  📥 Scraping contemporary-jazz for 1994-11-12... ✓ (25 songs)
  📥 Scraping contemporary-jazz for 1994-11-19... ✓ (25 songs)
  📥 Scraping contemporary-jazz for 1994-11-26... ✓ (25 songs)
  📥 Scraping contemporary-jazz for 1994-12-03... ✓ (25 songs)
  📥 Scraping contemporary-jazz for 1994-12-10... ✓ (25 songs)
  📥 Scraping contemporary-jazz for 1994-12-17... ✓ (25 songs)
  📥 Scraping contemporary-jazz for 1994-12-24... ✓ (25 songs)
  📥 Scraping contemporary-jazz for 1994-12-31... ✓ (25 songs)
  📥 Scraping contemporary-jazz for 1995-01-07... ✓ (25 songs)
  📥 Scraping contemporary-jazz for 1995-01-14... ✓ (25 songs)
  📥 Scraping contemporary-jazz for 1995-01-21... ✓ (25 songs)
  📥 Scraping contemporary-jazz for 1995-01-28... ✓ (25 songs)
  📥 Scraping contemporary-jazz for 1995-02-04... ✓ (25 songs)
  📥 Scraping contemporary-jazz for 1995-02-11... ✓ (25 songs)
  📥 Scraping contemporary-jazz for 1995-02-18... ✓ (25 songs)
  📥 Scraping contemporary-jazz for 1995-02-25... ✓ (25 songs)
  📥 Scraping contemporary-jazz for 1995-03-04... ✓ (25 songs)
  📥 Scraping contemporary-jazz for 1995-03-11... ✓ (25 songs)
  📥 Scraping contemporary-jazz for 1995-03-18... ✗ Network error: HTTPSConnectionPool(host='www.billboard.com', port=443): Read timed out. (read timeout=15)
  📥 Scraping contemporary-jazz for 1995-03-18... ✗ Network error: HTTPSConnectionPool(host='www.billboard.com', port=443): Read timed out. (read timeout=15)
  📥 Scraping contemporary-jazz for 1995-03-18... ✗ Network error: HTTPSConnectionPool(host='www.billboard.com', port=443): Read timed out. (read timeout=15)
  📥 Scraping contemporary-jazz for 1995-03-25... ✗ Network error: HTTPSConnectionPool(host='www.billboard.com', port=443): Read timed out. (read timeout=15)
  📥 Scraping contemporary-jazz for 1995-03-25... ✗ Network error: HTTPSConnectionPool(host='www.billboard.com', port=443): Read timed out. (read timeout=15)
  📥 Scraping contemporary-jazz for 1995-03-25... ✗ Network error: HTTPSConnectionPool(host='www.billboard.com', port=443): Read timed out. (read timeout=15)
  📥 Scraping contemporary-jazz for 1995-04-01... ✗ Network error: HTTPSConnectionPool(host='www.billboard.com', port=443): Max retries exceeded with url: /charts/contemporary-jazz/1995-04-01/ (Caused by NewConnectionError('<urllib3.connection.HTTPSConnection object at 0x17e07afd0>: Failed to establish a new connection: [Errno 51] Network is unreachable'))
  📥 Scraping contemporary-jazz for 1995-04-01... ✓ (25 songs)
  📥 Scraping contemporary-jazz for 1995-04-08... ✓ (25 songs)
  📥 Scraping contemporary-jazz for 1995-04-15... ✓ (25 songs)
  contemporary-jazz: 425/2061 fetched, 179 failed, 0 clamped
  📥 Scraping contemporary-jazz for 1995-04-22... ✓ (25 songs)
  📥 Scraping contemporary-jazz for 1995-04-29... ✓ (25 songs)
  📥 Scraping contemporary-jazz for 1995-05-06... ✓ (25 songs)
  📥 Scraping contemporary-jazz for 1995-05-13... ✓ (25 songs)
  📥 Scraping contemporary-jazz for 1995-05-20... ✓ (25 songs)
  📥 Scraping contemporary-jazz for 1995-05-27... ✓ (25 songs)
  📥 Scraping contemporary-jazz for 1995-06-03... ✓ (25 songs)
  📥 Scraping contemporary-jazz for 1995-06-10... ✓ (25 songs)
  📥 Scraping contemporary-jazz for 1995-06-17... ✓ (25 songs)
  📥 Scraping contemporary-jazz for 1995-06-24... ✓ (25 songs)
  📥 Scraping contemporary-jazz for 1995-07-01... ✓ (25 songs)
  📥 Scraping contemporary-jazz for 1995-07-08... ✓ (25 songs)
  📥 Scraping contemporary-jazz for 1995-07-15... ✓ (25 songs)
  📥 Scraping contemporary-jazz for 1995-07-22... ✓ (25 songs)
  📥 Scraping contemporary-jazz for 1995-07-29... ✓ (25 songs)
  📥 Scraping contemporary-jazz for 1995-08-05... ✓ (25 songs)
  📥 Scraping contemporary-jazz for 1995-08-12... ✓ (25 songs)
  📥 Scraping contemporary-jazz for 1995-08-19... ✓ (25 songs)
  📥 Scraping contemporary-jazz for 1995-08-26... ✓ (25 songs)
  📥 Scraping contemporary-jazz for 1995-09-02... ✓ (25 songs)
  📥 Scraping contemporary-jazz for 1995-09-09... ✓ (25 songs)
  📥 Scraping contemporary-jazz for 1995-09-16... ✓ (25 songs)
  📥 Scraping contemporary-jazz for 1995-09-23... ✓ (25 songs)
  📥 Scraping contemporary-jazz for 1995-09-30... ✓ (25 songs)
  📥 Scraping contemporary-jazz for 1995-10-07... ✓ (25 songs)
  contemporary-jazz: 450/2061 fetched, 179 failed, 0 clamped
  📥 Scraping contemporary-jazz for 1995-10-14... ✓ (25 songs)
  📥 Scraping contemporary-jazz for 1995-10-21... ✓ (25 songs)
  📥 Scraping contemporary-jazz for 1995-10-28... ✓ (25 songs)
  📥 Scraping contemporary-jazz for 1995-11-04... ✓ (25 songs)
  📥 Scraping contemporary-jazz for 1995-11-11... ✓ (25 songs)
  📥 Scraping contemporary-jazz for 1995-11-18... ✓ (25 songs)
  📥 Scraping contemporary-jazz for 1995-11-25... ✓ (25 songs)
  📥 Scraping contemporary-jazz for 1995-12-02... ✓ (25 songs)
  📥 Scraping contemporary-jazz for 1995-12-09... ✓ (25 songs)
  📥 Scraping contemporary-jazz for 1995-12-16... ✓ (25 songs)
  📥 Scraping contemporary-jazz for 1995-12-23... ✓ (25 songs)
  📥 Scraping contemporary-jazz for 1995-12-30... ✓ (25 songs)
  📥 Scraping contemporary-jazz for 1996-01-06... ✓ (25 songs)
  📥 Scraping contemporary-jazz for 1996-01-13... ✓ (25 songs)
  📥 Scraping contemporary-jazz for 1996-01-20... ✓ (25 songs)
  📥 Scraping contemporary-jazz for 1996-01-27... ✓ (25 songs)
  📥 Scraping contemporary-jazz for 1996-02-03... ✓ (25 songs)
  📥 Scraping contemporary-jazz for 1996-02-10... ✓ (25 songs)
  📥 Scraping contemporary-jazz for 1996-02-17... ✓ (25 songs)
  📥 Scraping contemporary-jazz for 1996-02-24... ✓ (25 songs)
  📥 Scraping contemporary-jazz for 1996-03-02... ✓ (25 songs)
  📥 Scraping contemporary-jazz for 1996-03-09... ✓ (25 songs)
  📥 Scraping contemporary-jazz for 1996-03-16... ✓ (25 songs)
  📥 Scraping contemporary-jazz for 1996-03-23... ✓ (25 songs)
  📥 Scraping contemporary-jazz for 1996-03-30... ✓ (25 songs)
  contemporary-jazz: 475/2061 fetched, 179 failed, 0 clamped
  📥 Scraping contemporary-jazz for 1996-04-06... ✓ (25 songs)
  📥 Scraping contemporary-jazz for 1996-04-13... ✓ (25 songs)
  📥 Scraping contemporary-jazz for 1996-04-20... ✗ Network error: HTTPSConnectionPool(host='www.billboard.com', port=443): Read timed out. (read timeout=15)
  📥 Scraping contemporary-jazz for 1996-04-20... ✗ Network error: HTTPSConnectionPool(host='www.billboard.com', port=443): Read timed out. (read timeout=15)
  📥 Scraping contemporary-jazz for 1996-04-20... ✗ Network error: HTTPSConnectionPool(host='www.billboard.com', port=443): Read timed out. (read timeout=15)
  📥 Scraping contemporary-jazz for 1996-04-27... ✗ Network error: HTTPSConnectionPool(host='www.billboard.com', port=443): Read timed out. (read timeout=15)
  📥 Scraping contemporary-jazz for 1996-04-27... ✗ Network error: HTTPSConnectionPool(host='www.billboard.com', port=443): Read timed out. (read timeout=15)
  📥 Scraping contemporary-jazz for 1996-04-27... ✗ Network error: HTTPSConnectionPool(host='www.billboard.com', port=443): Read timed out. (read timeout=15)
  📥 Scraping contemporary-jazz for 1996-05-04... ✗ Network error: HTTPSConnectionPool(host='www.billboard.com', port=443): Read timed out. (read timeout=15)
  📥 Scraping contemporary-jazz for 1996-05-04... ✗ Network error: HTTPSConnectionPool(host='www.billboard.com', port=443): Read timed out. (read timeout=15)
  📥 Scraping contemporary-jazz for 1996-05-04... ✗ Network error: HTTPSConnectionPool(host='www.billboard.com', port=443): Read timed out. (read timeout=15)
  📥 Scraping contemporary-jazz for 1996-05-11... ✗ Network error: HTTPSConnectionPool(host='www.billboard.com', port=443): Read timed out. (read timeout=15)
  📥 Scraping contemporary-jazz for 1996-05-11... ✗ Network error: HTTPSConnectionPool(host='www.billboard.com', port=443): Max retries exceeded with url: /charts/contemporary-jazz/1996-05-11/ (Caused by NameResolutionError("<urllib3.connection.HTTPSConnection object at 0x181240190>: Failed to resolve 'www.billboard.com' ([Errno 8] nodename nor servname provided, or not known)"))
  📥 Scraping contemporary-jazz for 1996-05-11... ✗ Network error: HTTPSConnectionPool(host='www.billboard.com', port=443): Max retries exceeded with url: /charts/contemporary-jazz/1996-05-11/ (Caused by NameResolutionError("<urllib3.connection.HTTPSConnection object at 0x1812402d0>: Failed to resolve 'www.billboard.com' ([Errno 8] nodename nor servname provided, or not known)"))
  📥 Scraping contemporary-jazz for 1996-05-18... ✗ Network error: HTTPSConnectionPool(host='www.billboard.com', port=443): Max retries exceeded with url: /charts/contemporary-jazz/1996-05-18/ (Caused by NameResolutionError("<urllib3.connection.HTTPSConnection object at 0x1812420d0>: Failed to resolve 'www.billboard.com' ([Errno 8] nodename nor servname provided, or not known)"))
  📥 Scraping contemporary-jazz for 1996-05-18... ✗ Network error: HTTPSConnectionPool(host='www.billboard.com', port=443): Max retries exceeded with url: /charts/contemporary-jazz/1996-05-18/ (Caused by NameResolutionError("<urllib3.connection.HTTPSConnection object at 0x181242d50>: Failed to resolve 'www.billboard.com' ([Errno 8] nodename nor servname provided, or not known)"))
  📥 Scraping contemporary-jazz for 1996-05-18... ✗ Network error: HTTPSConnectionPool(host='www.billboard.com', port=443): Read timed out. (read timeout=15)
  📥 Scraping contemporary-jazz for 1996-05-25... ✗ Network error: HTTPSConnectionPool(host='www.billboard.com', port=443): Read timed out. (read timeout=15)
  📥 Scraping contemporary-jazz for 1996-05-25... ✗ Network error: HTTPSConnectionPool(host='www.billboard.com', port=443): Read timed out. (read timeout=15)
  📥 Scraping contemporary-jazz for 1996-05-25... ✗ Network error: HTTPSConnectionPool(host='www.billboard.com', port=443): Read timed out. (read timeout=15)
  📥 Scraping contemporary-jazz for 1996-06-01... ✗ Network error: HTTPSConnectionPool(host='www.billboard.com', port=443): Read timed out. (read timeout=15)
  📥 Scraping contemporary-jazz for 1996-06-01... ✗ Network error: HTTPSConnectionPool(host='www.billboard.com', port=443): Read timed out. (read timeout=15)
  📥 Scraping contemporary-jazz for 1996-06-01... ✗ Network error: HTTPSConnectionPool(host='www.billboard.com', port=443): Read timed out. (read timeout=15)
  📥 Scraping contemporary-jazz for 1996-06-08... ✗ Network error: HTTPSConnectionPool(host='www.billboard.com', port=443): Read timed out. (read timeout=15)
  📥 Scraping contemporary-jazz for 1996-06-08... ✗ Network error: HTTPSConnectionPool(host='www.billboard.com', port=443): Read timed out. (read timeout=15)
  📥 Scraping contemporary-jazz for 1996-06-08... ✗ Network error: HTTPSConnectionPool(host='www.billboard.com', port=443): Read timed out. (read timeout=15)
  📥 Scraping contemporary-jazz for 1996-06-15... ✗ Network error: HTTPSConnectionPool(host='www.billboard.com', port=443): Read timed out. (read timeout=15)
  📥 Scraping contemporary-jazz for 1996-06-15... ✗ Network error: HTTPSConnectionPool(host='www.billboard.com', port=443): Read timed out. (read timeout=15)
  📥 Scraping contemporary-jazz for 1996-06-15... ✗ Network error: HTTPSConnectionPool(host='www.billboard.com', port=443): Read timed out. (read timeout=15)
  📥 Scraping contemporary-jazz for 1996-06-22... ✗ Network error: HTTPSConnectionPool(host='www.billboard.com', port=443): Read timed out. (read timeout=15)
  📥 Scraping contemporary-jazz for 1996-06-22... ✗ Network error: HTTPSConnectionPool(host='www.billboard.com', port=443): Read timed out. (read timeout=15)
  📥 Scraping contemporary-jazz for 1996-06-22... ✗ Network error: HTTPSConnectionPool(host='www.billboard.com', port=443): Max retries exceeded with url: /charts/contemporary-jazz/1996-06-22/ (Caused by NameResolutionError("<urllib3.connection.HTTPSConnection object at 0x1812420d0>: Failed to resolve 'www.billboard.com' ([Errno 8] nodename nor servname provided, or not known)"))
  📥 Scraping contemporary-jazz for 1996-06-29... ✗ Network error: HTTPSConnectionPool(host='www.billboard.com', port=443): Max retries exceeded with url: /charts/contemporary-jazz/1996-06-29/ (Caused by NameResolutionError("<urllib3.connection.HTTPSConnection object at 0x1812402d0>: Failed to resolve 'www.billboard.com' ([Errno 8] nodename nor servname provided, or not known)"))
  📥 Scraping contemporary-jazz for 1996-06-29... ✗ Network error: HTTPSConnectionPool(host='www.billboard.com', port=443): Read timed out. (read timeout=15)
  📥 Scraping contemporary-jazz for 1996-06-29... ✗ Network error: HTTPSConnectionPool(host='www.billboard.com', port=443): Read timed out. (read timeout=15)
  📥 Scraping contemporary-jazz for 1996-07-06... ✗ Network error: HTTPSConnectionPool(host='www.billboard.com', port=443): Read timed out. (read timeout=15)
  📥 Scraping contemporary-jazz for 1996-07-06... ✗ Network error: HTTPSConnectionPool(host='www.billboard.com', port=443): Read timed out. (read timeout=15)
  📥 Scraping contemporary-jazz for 1996-07-06... ✗ Network error: HTTPSConnectionPool(host='www.billboard.com', port=443): Read timed out. (read timeout=15)
  📥 Scraping contemporary-jazz for 1996-07-13... ✗ Network error: HTTPSConnectionPool(host='www.billboard.com', port=443): Read timed out. (read timeout=15)
  📥 Scraping contemporary-jazz for 1996-07-13... ✗ Network error: HTTPSConnectionPool(host='www.billboard.com', port=443): Read timed out. (read timeout=15)
  📥 Scraping contemporary-jazz for 1996-07-13... ✗ Network error: HTTPSConnectionPool(host='www.billboard.com', port=443): Read timed out. (read timeout=15)
  📥 Scraping contemporary-jazz for 1996-07-20... ✗ Network error: HTTPSConnectionPool(host='www.billboard.com', port=443): Read timed out. (read timeout=15)
  📥 Scraping contemporary-jazz for 1996-07-20... ✗ Network error: HTTPSConnectionPool(host='www.billboard.com', port=443): Read timed out. (read timeout=15)
  📥 Scraping contemporary-jazz for 1996-07-20... ✗ Network error: HTTPSConnectionPool(host='www.billboard.com', port=443): Read timed out. (read timeout=15)
  📥 Scraping contemporary-jazz for 1996-07-27... ✗ Network error: HTTPSConnectionPool(host='www.billboard.com', port=443): Read timed out. (read timeout=15)
  📥 Scraping contemporary-jazz for 1996-07-27... ✗ Network error: HTTPSConnectionPool(host='www.billboard.com', port=443): Read timed out. (read timeout=15)
  📥 Scraping contemporary-jazz for 1996-07-27... ✗ Network error: HTTPSConnectionPool(host='www.billboard.com', port=443): Read timed out. (read timeout=15)
  📥 Scraping contemporary-jazz for 1996-08-03... ✗ Network error: HTTPSConnectionPool(host='www.billboard.com', port=443): Read timed out. (read timeout=15)
  📥 Scraping contemporary-jazz for 1996-08-03... ✗ Network error: HTTPSConnectionPool(host='www.billboard.com', port=443): Read timed out. (read timeout=15)
  📥 Scraping contemporary-jazz for 1996-08-03... ✗ Network error: HTTPSConnectionPool(host='www.billboard.com', port=443): Read timed out. (read timeout=15)
  📥 Scraping contemporary-jazz for 1996-08-10... ✗ Network error: HTTPSConnectionPool(host='www.billboard.com', port=443): Max retries exceeded with url: /charts/contemporary-jazz/1996-08-10/ (Caused by NameResolutionError("<urllib3.connection.HTTPSConnection object at 0x181240410>: Failed to resolve 'www.billboard.com' ([Errno 8] nodename nor servname provided, or not known)"))
  📥 Scraping contemporary-jazz for 1996-08-10... ✗ Network error: HTTPSConnectionPool(host='www.billboard.com', port=443): Read timed out. (read timeout=15)
  📥 Scraping contemporary-jazz for 1996-08-10... ✗ Network error: HTTPSConnectionPool(host='www.billboard.com', port=443): Read timed out. (read timeout=15)
  📥 Scraping contemporary-jazz for 1996-08-17... ✗ Network error: HTTPSConnectionPool(host='www.billboard.com', port=443): Read timed out. (read timeout=15)
  📥 Scraping contemporary-jazz for 1996-08-17... ✗ Network error: HTTPSConnectionPool(host='www.billboard.com', port=443): Read timed out. (read timeout=15)
  📥 Scraping contemporary-jazz for 1996-08-17... ✗ Network error: HTTPSConnectionPool(host='www.billboard.com', port=443): Read timed out. (read timeout=15)
  📥 Scraping contemporary-jazz for 1996-08-24... ✗ Network error: HTTPSConnectionPool(host='www.billboard.com', port=443): Read timed out. (read timeout=15)
  📥 Scraping contemporary-jazz for 1996-08-24... ✗ Network error: HTTPSConnectionPool(host='www.billboard.com', port=443): Read timed out. (read timeout=15)
  📥 Scraping contemporary-jazz for 1996-08-24... ✗ Network error: HTTPSConnectionPool(host='www.billboard.com', port=443): Read timed out. (read timeout=15)
  📥 Scraping contemporary-jazz for 1996-08-31... ✗ Network error: HTTPSConnectionPool(host='www.billboard.com', port=443): Max retries exceeded with url: /charts/contemporary-jazz/1996-08-31/ (Caused by NameResolutionError("<urllib3.connection.HTTPSConnection object at 0x181241590>: Failed to resolve 'www.billboard.com' ([Errno 8] nodename nor servname provided, or not known)"))
  📥 Scraping contemporary-jazz for 1996-08-31... ✗ Network error: HTTPSConnectionPool(host='www.billboard.com', port=443): Max retries exceeded with url: /charts/contemporary-jazz/1996-08-31/ (Caused by NameResolutionError("<urllib3.connection.HTTPSConnection object at 0x181242710>: Failed to resolve 'www.billboard.com' ([Errno 8] nodename nor servname provided, or not known)"))
  📥 Scraping contemporary-jazz for 1996-08-31... ✗ Network error: HTTPSConnectionPool(host='www.billboard.com', port=443): Max retries exceeded with url: /charts/contemporary-jazz/1996-08-31/ (Caused by NameResolutionError("<urllib3.connection.HTTPSConnection object at 0x181241bd0>: Failed to resolve 'www.billboard.com' ([Errno 8] nodename nor servname provided, or not known)"))
  📥 Scraping contemporary-jazz for 1996-09-07... ✗ Network error: HTTPSConnectionPool(host='www.billboard.com', port=443): Max retries exceeded with url: /charts/contemporary-jazz/1996-09-07/ (Caused by NameResolutionError("<urllib3.connection.HTTPSConnection object at 0x181242ad0>: Failed to resolve 'www.billboard.com' ([Errno 8] nodename nor servname provided, or not known)"))
  📥 Scraping contemporary-jazz for 1996-09-07... ✗ Network error: HTTPSConnectionPool(host='www.billboard.com', port=443): Max retries exceeded with url: /charts/contemporary-jazz/1996-09-07/ (Caused by NameResolutionError("<urllib3.connection.HTTPSConnection object at 0x181240f50>: Failed to resolve 'www.billboard.com' ([Errno 8] nodename nor servname provided, or not known)"))
  📥 Scraping contemporary-jazz for 1996-09-07... ✗ Network error: HTTPSConnectionPool(host='www.billboard.com', port=443): Max retries exceeded with url: /charts/contemporary-jazz/1996-09-07/ (Caused by NameResolutionError("<urllib3.connection.HTTPSConnection object at 0x181242210>: Failed to resolve 'www.billboard.com' ([Errno 8] nodename nor servname provided, or not known)"))
  📥 Scraping contemporary-jazz for 1996-09-14... ✗ Network error: HTTPSConnectionPool(host='www.billboard.com', port=443): Max retries exceeded with url: /charts/contemporary-jazz/1996-09-14/ (Caused by NameResolutionError("<urllib3.connection.HTTPSConnection object at 0x181241810>: Failed to resolve 'www.billboard.com' ([Errno 8] nodename nor servname provided, or not known)"))
  📥 Scraping contemporary-jazz for 1996-09-14... ✗ Network error: HTTPSConnectionPool(host='www.billboard.com', port=443): Max retries exceeded with url: /charts/contemporary-jazz/1996-09-14/ (Caused by NameResolutionError("<urllib3.connection.HTTPSConnection object at 0x181243b10>: Failed to resolve 'www.billboard.com' ([Errno 8] nodename nor servname provided, or not known)"))
  📥 Scraping contemporary-jazz for 1996-09-14... ✗ Network error: HTTPSConnectionPool(host='www.billboard.com', port=443): Max retries exceeded with url: /charts/contemporary-jazz/1996-09-14/ (Caused by NameResolutionError("<urllib3.connection.HTTPSConnection object at 0x182ae4050>: Failed to resolve 'www.billboard.com' ([Errno 8] nodename nor servname provided, or not known)"))
  📥 Scraping contemporary-jazz for 1996-09-21... ✗ Network error: HTTPSConnectionPool(host='www.billboard.com', port=443): Max retries exceeded with url: /charts/contemporary-jazz/1996-09-21/ (Caused by NameResolutionError("<urllib3.connection.HTTPSConnection object at 0x182ae4410>: Failed to resolve 'www.billboard.com' ([Errno 8] nodename nor servname provided, or not known)"))
  📥 Scraping contemporary-jazz for 1996-09-21... ✗ Network error: HTTPSConnectionPool(host='www.billboard.com', port=443): Max retries exceeded with url: /charts/contemporary-jazz/1996-09-21/ (Caused by NameResolutionError("<urllib3.connection.HTTPSConnection object at 0x181243b10>: Failed to resolve 'www.billboard.com' ([Errno 8] nodename nor servname provided, or not known)"))
  📥 Scraping contemporary-jazz for 1996-09-21... ✗ Network error: HTTPSConnectionPool(host='www.billboard.com', port=443): Max retries exceeded with url: /charts/contemporary-jazz/1996-09-21/ (Caused by NameResolutionError("<urllib3.connection.HTTPSConnection object at 0x181241810>: Failed to resolve 'www.billboard.com' ([Errno 8] nodename nor servname provided, or not known)"))
  📥 Scraping contemporary-jazz for 1996-09-28... ✗ Network error: HTTPSConnectionPool(host='www.billboard.com', port=443): Max retries exceeded with url: /charts/contemporary-jazz/1996-09-28/ (Caused by NameResolutionError("<urllib3.connection.HTTPSConnection object at 0x181242210>: Failed to resolve 'www.billboard.com' ([Errno 8] nodename nor servname provided, or not known)"))
  📥 Scraping contemporary-jazz for 1996-09-28... ✗ Network error: HTTPSConnectionPool(host='www.billboard.com', port=443): Max retries exceeded with url: /charts/contemporary-jazz/1996-09-28/ (Caused by NameResolutionError("<urllib3.connection.HTTPSConnection object at 0x181240f50>: Failed to resolve 'www.billboard.com' ([Errno 8] nodename nor servname provided, or not known)"))
  📥 Scraping contemporary-jazz for 1996-09-28... ✗ Network error: HTTPSConnectionPool(host='www.billboard.com', port=443): Max retries exceeded with url: /charts/contemporary-jazz/1996-09-28/ (Caused by NameResolutionError("<urllib3.connection.HTTPSConnection object at 0x181242ad0>: Failed to resolve 'www.billboard.com' ([Errno 8] nodename nor servname provided, or not known)"))
  📥 Scraping contemporary-jazz for 1996-10-05... ✗ Network error: HTTPSConnectionPool(host='www.billboard.com', port=443): Max retries exceeded with url: /charts/contemporary-jazz/1996-10-05/ (Caused by NameResolutionError("<urllib3.connection.HTTPSConnection object at 0x181241bd0>: Failed to resolve 'www.billboard.com' ([Errno 8] nodename nor servname provided, or not known)"))
  📥 Scraping contemporary-jazz for 1996-10-05... ✗ Network error: HTTPSConnectionPool(host='www.billboard.com', port=443): Max retries exceeded with url: /charts/contemporary-jazz/1996-10-05/ (Caused by NameResolutionError("<urllib3.connection.HTTPSConnection object at 0x181242710>: Failed to resolve 'www.billboard.com' ([Errno 8] nodename nor servname provided, or not known)"))
  📥 Scraping contemporary-jazz for 1996-10-05... ✗ Network error: HTTPSConnectionPool(host='www.billboard.com', port=443): Max retries exceeded with url: /charts/contemporary-jazz/1996-10-05/ (Caused by NameResolutionError("<urllib3.connection.HTTPSConnection object at 0x181241590>: Failed to resolve 'www.billboard.com' ([Errno 8] nodename nor servname provided, or not known)"))
  📥 Scraping contemporary-jazz for 1996-10-12... ✗ Network error: HTTPSConnectionPool(host='www.billboard.com', port=443): Max retries exceeded with url: /charts/contemporary-jazz/1996-10-12/ (Caused by NameResolutionError("<urllib3.connection.HTTPSConnection object at 0x181241950>: Failed to resolve 'www.billboard.com' ([Errno 8] nodename nor servname provided, or not known)"))
  📥 Scraping contemporary-jazz for 1996-10-12... ✗ Network error: HTTPSConnectionPool(host='www.billboard.com', port=443): Max retries exceeded with url: /charts/contemporary-jazz/1996-10-12/ (Caused by NameResolutionError("<urllib3.connection.HTTPSConnection object at 0x181241d10>: Failed to resolve 'www.billboard.com' ([Errno 8] nodename nor servname provided, or not known)"))
  📥 Scraping contemporary-jazz for 1996-10-12... ✗ Network error: HTTPSConnectionPool(host='www.billboard.com', port=443): Max retries exceeded with url: /charts/contemporary-jazz/1996-10-12/ (Caused by NameResolutionError("<urllib3.connection.HTTPSConnection object at 0x181243610>: Failed to resolve 'www.billboard.com' ([Errno 8] nodename nor servname provided, or not known)"))
  📥 Scraping contemporary-jazz for 1996-10-19... ✗ Network error: HTTPSConnectionPool(host='www.billboard.com', port=443): Max retries exceeded with url: /charts/contemporary-jazz/1996-10-19/ (Caused by NameResolutionError("<urllib3.connection.HTTPSConnection object at 0x1812434d0>: Failed to resolve 'www.billboard.com' ([Errno 8] nodename nor servname provided, or not known)"))
  📥 Scraping contemporary-jazz for 1996-10-19... ✗ Network error: HTTPSConnectionPool(host='www.billboard.com', port=443): Max retries exceeded with url: /charts/contemporary-jazz/1996-10-19/ (Caused by NameResolutionError("<urllib3.connection.HTTPSConnection object at 0x182ae4050>: Failed to resolve 'www.billboard.com' ([Errno 8] nodename nor servname provided, or not known)"))
  📥 Scraping contemporary-jazz for 1996-10-19... ✗ Network error: HTTPSConnectionPool(host='www.billboard.com', port=443): Max retries exceeded with url: /charts/contemporary-jazz/1996-10-19/ (Caused by NameResolutionError("<urllib3.connection.HTTPSConnection object at 0x182ae47d0>: Failed to resolve 'www.billboard.com' ([Errno 8] nodename nor servname provided, or not known)"))
  📥 Scraping contemporary-jazz for 1996-10-26... ✗ Network error: HTTPSConnectionPool(host='www.billboard.com', port=443): Max retries exceeded with url: /charts/contemporary-jazz/1996-10-26/ (Caused by NameResolutionError("<urllib3.connection.HTTPSConnection object at 0x182ae4b90>: Failed to resolve 'www.billboard.com' ([Errno 8] nodename nor servname provided, or not known)"))
  📥 Scraping contemporary-jazz for 1996-10-26... ✗ Network error: HTTPSConnectionPool(host='www.billboard.com', port=443): Max retries exceeded with url: /charts/contemporary-jazz/1996-10-26/ (Caused by NameResolutionError("<urllib3.connection.HTTPSConnection object at 0x182ae4f50>: Failed to resolve 'www.billboard.com' ([Errno 8] nodename nor servname provided, or not known)"))
  📥 Scraping contemporary-jazz for 1996-10-26... ✗ Network error: HTTPSConnectionPool(host='www.billboard.com', port=443): Max retries exceeded with url: /charts/contemporary-jazz/1996-10-26/ (Caused by NameResolutionError("<urllib3.connection.HTTPSConnection object at 0x1812434d0>: Failed to resolve 'www.billboard.com' ([Errno 8] nodename nor servname provided, or not known)"))
  📥 Scraping contemporary-jazz for 1996-11-02... ✗ Network error: HTTPSConnectionPool(host='www.billboard.com', port=443): Max retries exceeded with url: /charts/contemporary-jazz/1996-11-02/ (Caused by NameResolutionError("<urllib3.connection.HTTPSConnection object at 0x181243610>: Failed to resolve 'www.billboard.com' ([Errno 8] nodename nor servname provided, or not known)"))
  📥 Scraping contemporary-jazz for 1996-11-02... ✗ Network error: HTTPSConnectionPool(host='www.billboard.com', port=443): Max retries exceeded with url: /charts/contemporary-jazz/1996-11-02/ (Caused by NameResolutionError("<urllib3.connection.HTTPSConnection object at 0x181241d10>: Failed to resolve 'www.billboard.com' ([Errno 8] nodename nor servname provided, or not known)"))
  📥 Scraping contemporary-jazz for 1996-11-02... ✗ Network error: HTTPSConnectionPool(host='www.billboard.com', port=443): Max retries exceeded with url: /charts/contemporary-jazz/1996-11-02/ (Caused by NameResolutionError("<urllib3.connection.HTTPSConnection object at 0x181241950>: Failed to resolve 'www.billboard.com' ([Errno 8] nodename nor servname provided, or not known)"))
  📥 Scraping contemporary-jazz for 1996-11-09... ✗ Network error: HTTPSConnectionPool(host='www.billboard.com', port=443): Max retries exceeded with url: /charts/contemporary-jazz/1996-11-09/ (Caused by NameResolutionError("<urllib3.connection.HTTPSConnection object at 0x181241590>: Failed to resolve 'www.billboard.com' ([Errno 8] nodename nor servname provided, or not known)"))
  📥 Scraping contemporary-jazz for 1996-11-09... ✗ Network error: HTTPSConnectionPool(host='www.billboard.com', port=443): Max retries exceeded with url: /charts/contemporary-jazz/1996-11-09/ (Caused by NameResolutionError("<urllib3.connection.HTTPSConnection object at 0x181242710>: Failed to resolve 'www.billboard.com' ([Errno 8] nodename nor servname provided, or not known)"))
  📥 Scraping contemporary-jazz for 1996-11-09... ✗ Network error: HTTPSConnectionPool(host='www.billboard.com', port=443): Max retries exceeded with url: /charts/contemporary-jazz/1996-11-09/ (Caused by NameResolutionError("<urllib3.connection.HTTPSConnection object at 0x181241bd0>: Failed to resolve 'www.billboard.com' ([Errno 8] nodename nor servname provided, or not known)"))
  📥 Scraping contemporary-jazz for 1996-11-16... ✗ Network error: HTTPSConnectionPool(host='www.billboard.com', port=443): Max retries exceeded with url: /charts/contemporary-jazz/1996-11-16/ (Caused by NameResolutionError("<urllib3.connection.HTTPSConnection object at 0x181242ad0>: Failed to resolve 'www.billboard.com' ([Errno 8] nodename nor servname provided, or not known)"))
  📥 Scraping contemporary-jazz for 1996-11-16... ✗ Network error: HTTPSConnectionPool(host='www.billboard.com', port=443): Max retries exceeded with url: /charts/contemporary-jazz/1996-11-16/ (Caused by NameResolutionError("<urllib3.connection.HTTPSConnection object at 0x181240f50>: Failed to resolve 'www.billboard.com' ([Errno 8] nodename nor servname provided, or not known)"))
  📥 Scraping contemporary-jazz for 1996-11-16... ✗ Network error: HTTPSConnectionPool(host='www.billboard.com', port=443): Max retries exceeded with url: /charts/contemporary-jazz/1996-11-16/ (Caused by NameResolutionError("<urllib3.connection.HTTPSConnection object at 0x181242210>: Failed to resolve 'www.billboard.com' ([Errno 8] nodename nor servname provided, or not known)"))
  📥 Scraping contemporary-jazz for 1996-11-23... ✗ Network error: HTTPSConnectionPool(host='www.billboard.com', port=443): Max retries exceeded with url: /charts/contemporary-jazz/1996-11-23/ (Caused by NameResolutionError("<urllib3.connection.HTTPSConnection object at 0x181241810>: Failed to resolve 'www.billboard.com' ([Errno 8] nodename nor servname provided, or not known)"))
  📥 Scraping contemporary-jazz for 1996-11-23... ✗ Network error: HTTPSConnectionPool(host='www.billboard.com', port=443): Max retries exceeded with url: /charts/contemporary-jazz/1996-11-23/ (Caused by NameResolutionError("<urllib3.connection.HTTPSConnection object at 0x181243b10>: Failed to resolve 'www.billboard.com' ([Errno 8] nodename nor servname provided, or not known)"))
  📥 Scraping contemporary-jazz for 1996-11-23... ✗ Network error: HTTPSConnectionPool(host='www.billboard.com', port=443): Max retries exceeded with url: /charts/contemporary-jazz/1996-11-23/ (Caused by NameResolutionError("<urllib3.connection.HTTPSConnection object at 0x182ae4f50>: Failed to resolve 'www.billboard.com' ([Errno 8] nodename nor servname provided, or not known)"))
  📥 Scraping contemporary-jazz for 1996-11-30... ✗ Network error: HTTPSConnectionPool(host='www.billboard.com', port=443): Max retries exceeded with url: /charts/contemporary-jazz/1996-11-30/ (Caused by NameResolutionError("<urllib3.connection.HTTPSConnection object at 0x182ae4b90>: Failed to resolve 'www.billboard.com' ([Errno 8] nodename nor servname provided, or not known)"))
  📥 Scraping contemporary-jazz for 1996-11-30... ✗ Network error: HTTPSConnectionPool(host='www.billboard.com', port=443): Max retries exceeded with url: /charts/contemporary-jazz/1996-11-30/ (Caused by NameResolutionError("<urllib3.connection.HTTPSConnection object at 0x182ae47d0>: Failed to resolve 'www.billboard.com' ([Errno 8] nodename nor servname provided, or not known)"))
  📥 Scraping contemporary-jazz for 1996-11-30... ✗ Network error: HTTPSConnectionPool(host='www.billboard.com', port=443): Max retries exceeded with url: /charts/contemporary-jazz/1996-11-30/ (Caused by NameResolutionError("<urllib3.connection.HTTPSConnection object at 0x182ae4050>: Failed to resolve 'www.billboard.com' ([Errno 8] nodename nor servname provided, or not known)"))
  📥 Scraping contemporary-jazz for 1996-12-07... ✗ Network error: HTTPSConnectionPool(host='www.billboard.com', port=443): Max retries exceeded with url: /charts/contemporary-jazz/1996-12-07/ (Caused by NameResolutionError("<urllib3.connection.HTTPSConnection object at 0x182ae5310>: Failed to resolve 'www.billboard.com' ([Errno 8] nodename nor servname provided, or not known)"))
  📥 Scraping contemporary-jazz for 1996-12-07... ✗ Network error: HTTPSConnectionPool(host='www.billboard.com', port=443): Max retries exceeded with url: /charts/contemporary-jazz/1996-12-07/ (Caused by NameResolutionError("<urllib3.connection.HTTPSConnection object at 0x181243b10>: Failed to resolve 'www.billboard.com' ([Errno 8] nodename nor servname provided, or not known)"))
  📥 Scraping contemporary-jazz for 1996-12-07... ✗ Network error: HTTPSConnectionPool(host='www.billboard.com', port=443): Max retries exceeded with url: /charts/contemporary-jazz/1996-12-07/ (Caused by NameResolutionError("<urllib3.connection.HTTPSConnection object at 0x181241810>: Failed to resolve 'www.billboard.com' ([Errno 8] nodename nor servname provided, or not known)"))
  📥 Scraping contemporary-jazz for 1996-12-14... ✗ Network error: HTTPSConnectionPool(host='www.billboard.com', port=443): Max retries exceeded with url: /charts/contemporary-jazz/1996-12-14/ (Caused by NameResolutionError("<urllib3.connection.HTTPSConnection object at 0x181242210>: Failed to resolve 'www.billboard.com' ([Errno 8] nodename nor servname provided, or not known)"))
  📥 Scraping contemporary-jazz for 1996-12-14... ✗ Network error: HTTPSConnectionPool(host='www.billboard.com', port=443): Max retries exceeded with url: /charts/contemporary-jazz/1996-12-14/ (Caused by NameResolutionError("<urllib3.connection.HTTPSConnection object at 0x181240f50>: Failed to resolve 'www.billboard.com' ([Errno 8] nodename nor servname provided, or not known)"))
  📥 Scraping contemporary-jazz for 1996-12-14... ✗ Network error: HTTPSConnectionPool(host='www.billboard.com', port=443): Max retries exceeded with url: /charts/contemporary-jazz/1996-12-14/ (Caused by NameResolutionError("<urllib3.connection.HTTPSConnection object at 0x181242ad0>: Failed to resolve 'www.billboard.com' ([Errno 8] nodename nor servname provided, or not known)"))
  📥 Scraping contemporary-jazz for 1996-12-21... ✓ (25 songs)
  📥 Scraping contemporary-jazz for 1996-12-28... ✓ (25 songs)
  📥 Scraping contemporary-jazz for 1997-01-04... ✓ (25 songs)
  📥 Scraping contemporary-jazz for 1997-01-11... ✓ (25 songs)
  📥 Scraping contemporary-jazz for 1997-01-18... ✓ (25 songs)
  📥 Scraping contemporary-jazz for 1997-01-25... ✓ (25 songs)
  📥 Scraping contemporary-jazz for 1997-02-01... ✓ (25 songs)
  📥 Scraping contemporary-jazz for 1997-02-08... ✓ (25 songs)
  📥 Scraping contemporary-jazz for 1997-02-15... ✓ (25 songs)
  📥 Scraping contemporary-jazz for 1997-02-22... ✓ (25 songs)
  📥 Scraping contemporary-jazz for 1997-03-01... ✓ (25 songs)
  📥 Scraping contemporary-jazz for 1997-03-08... ✓ (25 songs)
  📥 Scraping contemporary-jazz for 1997-03-15... ✗ No chart date on page (redirect or markup change) — skipping
  📥 Scraping contemporary-jazz for 1997-03-15... ✗ No chart date on page (redirect or markup change) — skipping
  📥 Scraping contemporary-jazz for 1997-03-15... ✗ No chart date on page (redirect or markup change) — skipping
  📥 Scraping contemporary-jazz for 1997-03-22... ✓ (25 songs)
  📥 Scraping contemporary-jazz for 1997-03-29... ✓ (25 songs)
  📥 Scraping contemporary-jazz for 1997-04-05... ✓ (25 songs)
  📥 Scraping contemporary-jazz for 1997-04-12... ✗ No chart date on page (redirect or markup change) — skipping
  📥 Scraping contemporary-jazz for 1997-04-12... ✗ No chart date on page (redirect or markup change) — skipping
  📥 Scraping contemporary-jazz for 1997-04-12... ✗ No chart date on page (redirect or markup change) — skipping
  📥 Scraping contemporary-jazz for 1997-04-19... ✓ (25 songs)
  📥 Scraping contemporary-jazz for 1997-04-26... ✓ (25 songs)
  📥 Scraping contemporary-jazz for 1997-05-03... ✗ Network error: HTTPSConnectionPool(host='www.billboard.com', port=443): Read timed out. (read timeout=15)
  📥 Scraping contemporary-jazz for 1997-05-03... ✓ (25 songs)
  📥 Scraping contemporary-jazz for 1997-05-10... ✓ (25 songs)
  📥 Scraping contemporary-jazz for 1997-05-17... ✓ (25 songs)
  📥 Scraping contemporary-jazz for 1997-05-24... ✓ (25 songs)
  📥 Scraping contemporary-jazz for 1997-05-31... ✓ (25 songs)
  📥 Scraping contemporary-jazz for 1997-06-07... ✓ (25 songs)
  📥 Scraping contemporary-jazz for 1997-06-14... ✓ (25 songs)
  📥 Scraping contemporary-jazz for 1997-06-21... ✓ (25 songs)
  📥 Scraping contemporary-jazz for 1997-06-28... ✓ (25 songs)
  📥 Scraping contemporary-jazz for 1997-07-05... ✓ (25 songs)
  📥 Scraping contemporary-jazz for 1997-07-12... ✓ (25 songs)
  📥 Scraping contemporary-jazz for 1997-07-19... ✓ (25 songs)
  📥 Scraping contemporary-jazz for 1997-07-26... ✓ (25 songs)
  📥 Scraping contemporary-jazz for 1997-08-02... ✓ (25 songs)
  📥 Scraping contemporary-jazz for 1997-08-09... ✓ (25 songs)
  📥 Scraping contemporary-jazz for 1997-08-16... ✓ (25 songs)
  📥 Scraping contemporary-jazz for 1997-08-23... ✗ Network error: HTTPSConnectionPool(host='www.billboard.com', port=443): Max retries exceeded with url: /charts/contemporary-jazz/1997-08-23/ (Caused by ConnectTimeoutError(<urllib3.connection.HTTPSConnection object at 0x17b98b4d0>, 'Connection to www.billboard.com timed out. (connect timeout=15)'))
  📥 Scraping contemporary-jazz for 1997-08-23... ✗ Network error: HTTPSConnectionPool(host='www.billboard.com', port=443): Max retries exceeded with url: /charts/contemporary-jazz/1997-08-23/ (Caused by NameResolutionError("<urllib3.connection.HTTPSConnection object at 0x17b98ac10>: Failed to resolve 'www.billboard.com' ([Errno 8] nodename nor servname provided, or not known)"))
  📥 Scraping contemporary-jazz for 1997-08-23... ✗ Network error: HTTPSConnectionPool(host='www.billboard.com', port=443): Max retries exceeded with url: /charts/contemporary-jazz/1997-08-23/ (Caused by NameResolutionError("<urllib3.connection.HTTPSConnection object at 0x17b988b90>: Failed to resolve 'www.billboard.com' ([Errno 8] nodename nor servname provided, or not known)"))
  📥 Scraping contemporary-jazz for 1997-08-30... ✗ Network error: HTTPSConnectionPool(host='www.billboard.com', port=443): Max retries exceeded with url: /charts/contemporary-jazz/1997-08-30/ (Caused by NameResolutionError("<urllib3.connection.HTTPSConnection object at 0x17b7e1e50>: Failed to resolve 'www.billboard.com' ([Errno 8] nodename nor servname provided, or not known)"))
  📥 Scraping contemporary-jazz for 1997-08-30... ✗ Network error: HTTPSConnectionPool(host='www.billboard.com', port=443): Max retries exceeded with url: /charts/contemporary-jazz/1997-08-30/ (Caused by NameResolutionError("<urllib3.connection.HTTPSConnection object at 0x17e078050>: Failed to resolve 'www.billboard.com' ([Errno 8] nodename nor servname provided, or not known)"))
  📥 Scraping contemporary-jazz for 1997-08-30... ✓ (25 songs)
  📥 Scraping contemporary-jazz for 1997-09-06... ✓ (25 songs)
  contemporary-jazz: 550/2061 fetched, 217 failed, 0 clamped
  📥 Scraping contemporary-jazz for 1997-09-13... ✓ (25 songs)
  📥 Scraping contemporary-jazz for 1997-09-20... ✓ (25 songs)
  📥 Scraping contemporary-jazz for 1997-09-27... ✓ (25 songs)
  📥 Scraping contemporary-jazz for 1997-10-04... ✓ (25 songs)
  📥 Scraping contemporary-jazz for 1997-10-11... ✓ (25 songs)
  📥 Scraping contemporary-jazz for 1997-10-18... ✓ (25 songs)
  📥 Scraping contemporary-jazz for 1997-10-25... ✓ (25 songs)
  📥 Scraping contemporary-jazz for 1997-11-01... ✓ (25 songs)
  📥 Scraping contemporary-jazz for 1997-11-08... ✓ (25 songs)
  📥 Scraping contemporary-jazz for 1997-11-15... ✓ (25 songs)
  📥 Scraping contemporary-jazz for 1997-11-22... ✓ (25 songs)
  📥 Scraping contemporary-jazz for 1997-11-29... ✓ (25 songs)
  📥 Scraping contemporary-jazz for 1997-12-06... ✓ (25 songs)
  📥 Scraping contemporary-jazz for 1997-12-13... ✓ (25 songs)
  📥 Scraping contemporary-jazz for 1997-12-20... ✓ (25 songs)
  📥 Scraping contemporary-jazz for 1997-12-27... ✓ (25 songs)
  📥 Scraping contemporary-jazz for 1998-01-03... ✓ (25 songs)
  📥 Scraping contemporary-jazz for 1998-01-10... ✓ (25 songs)
  📥 Scraping contemporary-jazz for 1998-01-17... ✓ (25 songs)
  📥 Scraping contemporary-jazz for 1998-01-24... ✓ (25 songs)
  📥 Scraping contemporary-jazz for 1998-01-31... ✓ (25 songs)
  📥 Scraping contemporary-jazz for 1998-02-07... ✓ (25 songs)
  📥 Scraping contemporary-jazz for 1998-02-14... ✓ (25 songs)
  📥 Scraping contemporary-jazz for 1998-02-21... ✓ (25 songs)
  📥 Scraping contemporary-jazz for 1998-02-28... ✓ (25 songs)
  contemporary-jazz: 575/2061 fetched, 217 failed, 0 clamped
  📥 Scraping contemporary-jazz for 1998-03-07... ✓ (25 songs)
  📥 Scraping contemporary-jazz for 1998-03-14... ✓ (25 songs)
  📥 Scraping contemporary-jazz for 1998-03-21... ✓ (25 songs)
  📥 Scraping contemporary-jazz for 1998-03-28... ✓ (25 songs)
  📥 Scraping contemporary-jazz for 1998-04-04... ✓ (25 songs)
  📥 Scraping contemporary-jazz for 1998-04-11... ✓ (25 songs)
  📥 Scraping contemporary-jazz for 1998-04-18... ✓ (25 songs)
  📥 Scraping contemporary-jazz for 1998-04-25... ✗ No chart date on page (redirect or markup change) — skipping
  📥 Scraping contemporary-jazz for 1998-04-25... ✗ No chart date on page (redirect or markup change) — skipping
  📥 Scraping contemporary-jazz for 1998-04-25... ✗ No chart date on page (redirect or markup change) — skipping
  📥 Scraping contemporary-jazz for 1998-05-02... ✓ (25 songs)
  📥 Scraping contemporary-jazz for 1998-05-09... ✓ (25 songs)
  📥 Scraping contemporary-jazz for 1998-05-16... ✓ (25 songs)
  📥 Scraping contemporary-jazz for 1998-05-23... ✓ (25 songs)
  📥 Scraping contemporary-jazz for 1998-05-30... ✓ (25 songs)
  📥 Scraping contemporary-jazz for 1998-06-06... ✓ (25 songs)
  📥 Scraping contemporary-jazz for 1998-06-13... ✓ (25 songs)
  📥 Scraping contemporary-jazz for 1998-06-20... ✓ (25 songs)
  📥 Scraping contemporary-jazz for 1998-06-27... ✓ (25 songs)
  📥 Scraping contemporary-jazz for 1998-07-04... ✓ (25 songs)
  📥 Scraping contemporary-jazz for 1998-07-11... ✓ (25 songs)
  📥 Scraping contemporary-jazz for 1998-07-18... ✓ (25 songs)
  📥 Scraping contemporary-jazz for 1998-07-25... ✓ (25 songs)
  📥 Scraping contemporary-jazz for 1998-08-01... ✓ (25 songs)
  📥 Scraping contemporary-jazz for 1998-08-08... ✓ (25 songs)
  📥 Scraping contemporary-jazz for 1998-08-15... ✓ (25 songs)
  📥 Scraping contemporary-jazz for 1998-08-22... ✓ (25 songs)
  contemporary-jazz: 600/2061 fetched, 218 failed, 0 clamped
  📥 Scraping contemporary-jazz for 1998-08-29... ✓ (25 songs)
  📥 Scraping contemporary-jazz for 1998-09-05... ✓ (25 songs)
  📥 Scraping contemporary-jazz for 1998-09-12... ✓ (25 songs)
  📥 Scraping contemporary-jazz for 1998-09-19... ✓ (25 songs)
  📥 Scraping contemporary-jazz for 1998-09-26... ✓ (25 songs)
  📥 Scraping contemporary-jazz for 1998-10-03... ✓ (25 songs)
  📥 Scraping contemporary-jazz for 1998-10-10... ✓ (25 songs)
  📥 Scraping contemporary-jazz for 1998-10-17... ✓ (25 songs)
  📥 Scraping contemporary-jazz for 1998-10-24... ✓ (25 songs)
  📥 Scraping contemporary-jazz for 1998-10-31... ✓ (25 songs)
  📥 Scraping contemporary-jazz for 1998-11-07... ✓ (25 songs)
  📥 Scraping contemporary-jazz for 1998-11-14... ✓ (25 songs)
  📥 Scraping contemporary-jazz for 1998-11-21... ✓ (25 songs)
  📥 Scraping contemporary-jazz for 1998-11-28... ✓ (25 songs)
  📥 Scraping contemporary-jazz for 1998-12-05... ✓ (25 songs)
  📥 Scraping contemporary-jazz for 1998-12-12... ✓ (25 songs)
  📥 Scraping contemporary-jazz for 1998-12-19... ✓ (25 songs)
  📥 Scraping contemporary-jazz for 1998-12-26... ✓ (25 songs)
  📥 Scraping contemporary-jazz for 1999-01-02... ✓ (25 songs)
  📥 Scraping contemporary-jazz for 1999-01-09... ✓ (25 songs)
  📥 Scraping contemporary-jazz for 1999-01-16... ✓ (25 songs)
  📥 Scraping contemporary-jazz for 1999-01-23... ✓ (25 songs)
  📥 Scraping contemporary-jazz for 1999-01-30... ✓ (25 songs)
  📥 Scraping contemporary-jazz for 1999-02-06... ✓ (25 songs)
  📥 Scraping contemporary-jazz for 1999-02-13... ✓ (25 songs)
  contemporary-jazz: 625/2061 fetched, 218 failed, 0 clamped
  📥 Scraping contemporary-jazz for 1999-02-20... ✓ (25 songs)
  📥 Scraping contemporary-jazz for 1999-02-27... ✓ (25 songs)
  📥 Scraping contemporary-jazz for 1999-03-06... ✓ (25 songs)
  📥 Scraping contemporary-jazz for 1999-03-13... ✓ (25 songs)
  📥 Scraping contemporary-jazz for 1999-03-20... ✓ (25 songs)
  📥 Scraping contemporary-jazz for 1999-03-27... ✓ (25 songs)
  📥 Scraping contemporary-jazz for 1999-04-03... ✓ (25 songs)
  📥 Scraping contemporary-jazz for 1999-04-10... ✓ (25 songs)
  📥 Scraping contemporary-jazz for 1999-04-17... ✓ (25 songs)
  📥 Scraping contemporary-jazz for 1999-04-24... ✓ (25 songs)
  📥 Scraping contemporary-jazz for 1999-05-01... ✓ (25 songs)
  📥 Scraping contemporary-jazz for 1999-05-08... ✓ (25 songs)
  📥 Scraping contemporary-jazz for 1999-05-15... ✓ (25 songs)
  📥 Scraping contemporary-jazz for 1999-05-22... ✓ (25 songs)
  📥 Scraping contemporary-jazz for 1999-05-29... ✗ Network error: HTTPSConnectionPool(host='www.billboard.com', port=443): Read timed out. (read timeout=15)
  📥 Scraping contemporary-jazz for 1999-05-29... ✓ (25 songs)
  📥 Scraping contemporary-jazz for 1999-06-05... ✓ (25 songs)
  📥 Scraping contemporary-jazz for 1999-06-12... ✓ (25 songs)
  📥 Scraping contemporary-jazz for 1999-06-19... ✗ Network error: HTTPSConnectionPool(host='www.billboard.com', port=443): Read timed out. (read timeout=15)
  📥 Scraping contemporary-jazz for 1999-06-19... ✗ Network error: HTTPSConnectionPool(host='www.billboard.com', port=443): Read timed out. (read timeout=15)
  📥 Scraping contemporary-jazz for 1999-06-19... ✗ Network error: HTTPSConnectionPool(host='www.billboard.com', port=443): Read timed out. (read timeout=15)
  📥 Scraping contemporary-jazz for 1999-06-26... ✗ Network error: HTTPSConnectionPool(host='www.billboard.com', port=443): Read timed out. (read timeout=15)
  📥 Scraping contemporary-jazz for 1999-06-26... ✗ Network error: HTTPSConnectionPool(host='www.billboard.com', port=443): Read timed out. (read timeout=15)
  📥 Scraping contemporary-jazz for 1999-06-26... ✗ Network error: HTTPSConnectionPool(host='www.billboard.com', port=443): Read timed out. (read timeout=15)
  📥 Scraping contemporary-jazz for 1999-07-03... ✗ Network error: HTTPSConnectionPool(host='www.billboard.com', port=443): Read timed out. (read timeout=15)
  📥 Scraping contemporary-jazz for 1999-07-03... ✗ Network error: HTTPSConnectionPool(host='www.billboard.com', port=443): Max retries exceeded with url: /charts/contemporary-jazz/1999-07-03/ (Caused by NameResolutionError("<urllib3.connection.HTTPSConnection object at 0x17e07a990>: Failed to resolve 'www.billboard.com' ([Errno 8] nodename nor servname provided, or not known)"))
  📥 Scraping contemporary-jazz for 1999-07-03... ✗ Network error: HTTPSConnectionPool(host='www.billboard.com', port=443): Max retries exceeded with url: /charts/contemporary-jazz/1999-07-03/ (Caused by NameResolutionError("<urllib3.connection.HTTPSConnection object at 0x17e079310>: Failed to resolve 'www.billboard.com' ([Errno 8] nodename nor servname provided, or not known)"))
  📥 Scraping contemporary-jazz for 1999-07-10... ✗ Network error: HTTPSConnectionPool(host='www.billboard.com', port=443): Read timed out. (read timeout=15)
  📥 Scraping contemporary-jazz for 1999-07-10... ✗ Network error: HTTPSConnectionPool(host='www.billboard.com', port=443): Read timed out. (read timeout=15)
  📥 Scraping contemporary-jazz for 1999-07-10... ✗ Network error: HTTPSConnectionPool(host='www.billboard.com', port=443): Read timed out. (read timeout=15)
  📥 Scraping contemporary-jazz for 1999-07-17... ✗ Network error: HTTPSConnectionPool(host='www.billboard.com', port=443): Read timed out. (read timeout=15)
  📥 Scraping contemporary-jazz for 1999-07-17... ✗ Network error: HTTPSConnectionPool(host='www.billboard.com', port=443): Read timed out. (read timeout=15)
  📥 Scraping contemporary-jazz for 1999-07-17... ✗ Network error: HTTPSConnectionPool(host='www.billboard.com', port=443): Read timed out. (read timeout=15)
  📥 Scraping contemporary-jazz for 1999-07-24... ✗ Network error: HTTPSConnectionPool(host='www.billboard.com', port=443): Max retries exceeded with url: /charts/contemporary-jazz/1999-07-24/ (Caused by NameResolutionError("<urllib3.connection.HTTPSConnection object at 0x182ed6710>: Failed to resolve 'www.billboard.com' ([Errno 8] nodename nor servname provided, or not known)"))
  📥 Scraping contemporary-jazz for 1999-07-24... ✗ Network error: HTTPSConnectionPool(host='www.billboard.com', port=443): Max retries exceeded with url: /charts/contemporary-jazz/1999-07-24/ (Caused by NameResolutionError("<urllib3.connection.HTTPSConnection object at 0x182ed5950>: Failed to resolve 'www.billboard.com' ([Errno 8] nodename nor servname provided, or not known)"))
  📥 Scraping contemporary-jazz for 1999-07-24... ✗ Network error: HTTPSConnectionPool(host='www.billboard.com', port=443): Max retries exceeded with url: /charts/contemporary-jazz/1999-07-24/ (Caused by NameResolutionError("<urllib3.connection.HTTPSConnection object at 0x182ed5450>: Failed to resolve 'www.billboard.com' ([Errno 8] nodename nor servname provided, or not known)"))
  📥 Scraping contemporary-jazz for 1999-07-31... ✗ Network error: HTTPSConnectionPool(host='www.billboard.com', port=443): Max retries exceeded with url: /charts/contemporary-jazz/1999-07-31/ (Caused by NameResolutionError("<urllib3.connection.HTTPSConnection object at 0x182ed4910>: Failed to resolve 'www.billboard.com' ([Errno 8] nodename nor servname provided, or not known)"))
  📥 Scraping contemporary-jazz for 1999-07-31... ✗ Network error: HTTPSConnectionPool(host='www.billboard.com', port=443): Max retries exceeded with url: /charts/contemporary-jazz/1999-07-31/ (Caused by NameResolutionError("<urllib3.connection.HTTPSConnection object at 0x17b7e1e50>: Failed to resolve 'www.billboard.com' ([Errno 8] nodename nor servname provided, or not known)"))
  📥 Scraping contemporary-jazz for 1999-07-31... ✗ Network error: HTTPSConnectionPool(host='www.billboard.com', port=443): Max retries exceeded with url: /charts/contemporary-jazz/1999-07-31/ (Caused by NameResolutionError("<urllib3.connection.HTTPSConnection object at 0x17e078cd0>: Failed to resolve 'www.billboard.com' ([Errno 8] nodename nor servname provided, or not known)"))
  📥 Scraping contemporary-jazz for 1999-08-07... ✗ Network error: HTTPSConnectionPool(host='www.billboard.com', port=443): Max retries exceeded with url: /charts/contemporary-jazz/1999-08-07/ (Caused by NameResolutionError("<urllib3.connection.HTTPSConnection object at 0x17e079e50>: Failed to resolve 'www.billboard.com' ([Errno 8] nodename nor servname provided, or not known)"))
  📥 Scraping contemporary-jazz for 1999-08-07... ✗ Network error: HTTPSConnectionPool(host='www.billboard.com', port=443): Max retries exceeded with url: /charts/contemporary-jazz/1999-08-07/ (Caused by NameResolutionError("<urllib3.connection.HTTPSConnection object at 0x17e079090>: Failed to resolve 'www.billboard.com' ([Errno 8] nodename nor servname provided, or not known)"))
  📥 Scraping contemporary-jazz for 1999-08-07... ✗ Network error: HTTPSConnectionPool(host='www.billboard.com', port=443): Max retries exceeded with url: /charts/contemporary-jazz/1999-08-07/ (Caused by NameResolutionError("<urllib3.connection.HTTPSConnection object at 0x17e079590>: Failed to resolve 'www.billboard.com' ([Errno 8] nodename nor servname provided, or not known)"))
  📥 Scraping contemporary-jazz for 1999-08-14... ✗ Network error: HTTPSConnectionPool(host='www.billboard.com', port=443): Max retries exceeded with url: /charts/contemporary-jazz/1999-08-14/ (Caused by NameResolutionError("<urllib3.connection.HTTPSConnection object at 0x17e07b9d0>: Failed to resolve 'www.billboard.com' ([Errno 8] nodename nor servname provided, or not known)"))
  📥 Scraping contemporary-jazz for 1999-08-14... ✗ Network error: HTTPSConnectionPool(host='www.billboard.com', port=443): Max retries exceeded with url: /charts/contemporary-jazz/1999-08-14/ (Caused by NameResolutionError("<urllib3.connection.HTTPSConnection object at 0x17e078e10>: Failed to resolve 'www.billboard.com' ([Errno 8] nodename nor servname provided, or not known)"))
  📥 Scraping contemporary-jazz for 1999-08-14... ✗ Network error: HTTPSConnectionPool(host='www.billboard.com', port=443): Max retries exceeded with url: /charts/contemporary-jazz/1999-08-14/ (Caused by NameResolutionError("<urllib3.connection.HTTPSConnection object at 0x17b98bb10>: Failed to resolve 'www.billboard.com' ([Errno 8] nodename nor servname provided, or not known)"))
  📥 Scraping contemporary-jazz for 1999-08-21... ✗ Network error: HTTPSConnectionPool(host='www.billboard.com', port=443): Max retries exceeded with url: /charts/contemporary-jazz/1999-08-21/ (Caused by NameResolutionError("<urllib3.connection.HTTPSConnection object at 0x182ed51d0>: Failed to resolve 'www.billboard.com' ([Errno 8] nodename nor servname provided, or not known)"))
  📥 Scraping contemporary-jazz for 1999-08-21... ✗ Network error: HTTPSConnectionPool(host='www.billboard.com', port=443): Max retries exceeded with url: /charts/contemporary-jazz/1999-08-21/ (Caused by NameResolutionError("<urllib3.connection.HTTPSConnection object at 0x182ed5f90>: Failed to resolve 'www.billboard.com' ([Errno 8] nodename nor servname provided, or not known)"))
  📥 Scraping contemporary-jazz for 1999-08-21... ✗ Network error: HTTPSConnectionPool(host='www.billboard.com', port=443): Max retries exceeded with url: /charts/contemporary-jazz/1999-08-21/ (Caused by NameResolutionError("<urllib3.connection.HTTPSConnection object at 0x182ed5590>: Failed to resolve 'www.billboard.com' ([Errno 8] nodename nor servname provided, or not known)"))
  📥 Scraping contemporary-jazz for 1999-08-28... ✗ Network error: HTTPSConnectionPool(host='www.billboard.com', port=443): Max retries exceeded with url: /charts/contemporary-jazz/1999-08-28/ (Caused by NameResolutionError("<urllib3.connection.HTTPSConnection object at 0x182ed4b90>: Failed to resolve 'www.billboard.com' ([Errno 8] nodename nor servname provided, or not known)"))
  📥 Scraping contemporary-jazz for 1999-08-28... ✗ Network error: HTTPSConnectionPool(host='www.billboard.com', port=443): Max retries exceeded with url: /charts/contemporary-jazz/1999-08-28/ (Caused by NameResolutionError("<urllib3.connection.HTTPSConnection object at 0x182ed7d90>: Failed to resolve 'www.billboard.com' ([Errno 8] nodename nor servname provided, or not known)"))
  📥 Scraping contemporary-jazz for 1999-08-28... ✗ Network error: HTTPSConnectionPool(host='www.billboard.com', port=443): Max retries exceeded with url: /charts/contemporary-jazz/1999-08-28/ (Caused by NameResolutionError("<urllib3.connection.HTTPSConnection object at 0x182ed4410>: Failed to resolve 'www.billboard.com' ([Errno 8] nodename nor servname provided, or not known)"))
  📥 Scraping contemporary-jazz for 1999-09-04... ✗ Network error: HTTPSConnectionPool(host='www.billboard.com', port=443): Max retries exceeded with url: /charts/contemporary-jazz/1999-09-04/ (Caused by NameResolutionError("<urllib3.connection.HTTPSConnection object at 0x182ed6c10>: Failed to resolve 'www.billboard.com' ([Errno 8] nodename nor servname provided, or not known)"))
  📥 Scraping contemporary-jazz for 1999-09-04... ✗ Network error: HTTPSConnectionPool(host='www.billboard.com', port=443): Max retries exceeded with url: /charts/contemporary-jazz/1999-09-04/ (Caused by NameResolutionError("<urllib3.connection.HTTPSConnection object at 0x182ed7250>: Failed to resolve 'www.billboard.com' ([Errno 8] nodename nor servname provided, or not known)"))
  📥 Scraping contemporary-jazz for 1999-09-04... ✗ Network error: HTTPSConnectionPool(host='www.billboard.com', port=443): Max retries exceeded with url: /charts/contemporary-jazz/1999-09-04/ (Caused by NameResolutionError("<urllib3.connection.HTTPSConnection object at 0x17b98bb10>: Failed to resolve 'www.billboard.com' ([Errno 8] nodename nor servname provided, or not known)"))
  📥 Scraping contemporary-jazz for 1999-09-11... ✗ Network error: HTTPSConnectionPool(host='www.billboard.com', port=443): Max retries exceeded with url: /charts/contemporary-jazz/1999-09-11/ (Caused by NameResolutionError("<urllib3.connection.HTTPSConnection object at 0x17e079f90>: Failed to resolve 'www.billboard.com' ([Errno 8] nodename nor servname provided, or not known)"))
  📥 Scraping contemporary-jazz for 1999-09-11... ✗ Network error: HTTPSConnectionPool(host='www.billboard.com', port=443): Max retries exceeded with url: /charts/contemporary-jazz/1999-09-11/ (Caused by NameResolutionError("<urllib3.connection.HTTPSConnection object at 0x17e078190>: Failed to resolve 'www.billboard.com' ([Errno 8] nodename nor servname provided, or not known)"))
  📥 Scraping contemporary-jazz for 1999-09-11... ✗ Network error: HTTPSConnectionPool(host='www.billboard.com', port=443): Max retries exceeded with url: /charts/contemporary-jazz/1999-09-11/ (Caused by NameResolutionError("<urllib3.connection.HTTPSConnection object at 0x17e078f50>: Failed to resolve 'www.billboard.com' ([Errno 8] nodename nor servname provided, or not known)"))
  📥 Scraping contemporary-jazz for 1999-09-18... ✗ Network error: HTTPSConnectionPool(host='www.billboard.com', port=443): Max retries exceeded with url: /charts/contemporary-jazz/1999-09-18/ (Caused by NameResolutionError("<urllib3.connection.HTTPSConnection object at 0x17e078050>: Failed to resolve 'www.billboard.com' ([Errno 8] nodename nor servname provided, or not known)"))
  📥 Scraping contemporary-jazz for 1999-09-18... ✗ Network error: HTTPSConnectionPool(host='www.billboard.com', port=443): Max retries exceeded with url: /charts/contemporary-jazz/1999-09-18/ (Caused by NameResolutionError("<urllib3.connection.HTTPSConnection object at 0x17e07a710>: Failed to resolve 'www.billboard.com' ([Errno 8] nodename nor servname provided, or not known)"))
  📥 Scraping contemporary-jazz for 1999-09-18... ✗ Network error: HTTPSConnectionPool(host='www.billboard.com', port=443): Max retries exceeded with url: /charts/contemporary-jazz/1999-09-18/ (Caused by NameResolutionError("<urllib3.connection.HTTPSConnection object at 0x17e07a210>: Failed to resolve 'www.billboard.com' ([Errno 8] nodename nor servname provided, or not known)"))
  📥 Scraping contemporary-jazz for 1999-09-25... ✗ Network error: HTTPSConnectionPool(host='www.billboard.com', port=443): Max retries exceeded with url: /charts/contemporary-jazz/1999-09-25/ (Caused by NameResolutionError("<urllib3.connection.HTTPSConnection object at 0x17b7e1f90>: Failed to resolve 'www.billboard.com' ([Errno 8] nodename nor servname provided, or not known)"))
  📥 Scraping contemporary-jazz for 1999-09-25... ✗ Network error: HTTPSConnectionPool(host='www.billboard.com', port=443): Max retries exceeded with url: /charts/contemporary-jazz/1999-09-25/ (Caused by NameResolutionError("<urllib3.connection.HTTPSConnection object at 0x182ed7890>: Failed to resolve 'www.billboard.com' ([Errno 8] nodename nor servname provided, or not known)"))
  📥 Scraping contemporary-jazz for 1999-09-25... ✗ Network error: HTTPSConnectionPool(host='www.billboard.com', port=443): Max retries exceeded with url: /charts/contemporary-jazz/1999-09-25/ (Caused by NameResolutionError("<urllib3.connection.HTTPSConnection object at 0x182ed74d0>: Failed to resolve 'www.billboard.com' ([Errno 8] nodename nor servname provided, or not known)"))
  📥 Scraping contemporary-jazz for 1999-10-02... ✗ Network error: HTTPSConnectionPool(host='www.billboard.com', port=443): Max retries exceeded with url: /charts/contemporary-jazz/1999-10-02/ (Caused by NameResolutionError("<urllib3.connection.HTTPSConnection object at 0x182ed7b10>: Failed to resolve 'www.billboard.com' ([Errno 8] nodename nor servname provided, or not known)"))
  📥 Scraping contemporary-jazz for 1999-10-02... ✗ Network error: HTTPSConnectionPool(host='www.billboard.com', port=443): Max retries exceeded with url: /charts/contemporary-jazz/1999-10-02/ (Caused by NameResolutionError("<urllib3.connection.HTTPSConnection object at 0x182ed4050>: Failed to resolve 'www.billboard.com' ([Errno 8] nodename nor servname provided, or not known)"))
  📥 Scraping contemporary-jazz for 1999-10-02... ✗ Network error: HTTPSConnectionPool(host='www.billboard.com', port=443): Max retries exceeded with url: /charts/contemporary-jazz/1999-10-02/ (Caused by NameResolutionError("<urllib3.connection.HTTPSConnection object at 0x182ed79d0>: Failed to resolve 'www.billboard.com' ([Errno 8] nodename nor servname provided, or not known)"))
  📥 Scraping contemporary-jazz for 1999-10-09... ✗ Network error: HTTPSConnectionPool(host='www.billboard.com', port=443): Max retries exceeded with url: /charts/contemporary-jazz/1999-10-09/ (Caused by NameResolutionError("<urllib3.connection.HTTPSConnection object at 0x182ed5d10>: Failed to resolve 'www.billboard.com' ([Errno 8] nodename nor servname provided, or not known)"))
  📥 Scraping contemporary-jazz for 1999-10-09... ✗ Network error: HTTPSConnectionPool(host='www.billboard.com', port=443): Max retries exceeded with url: /charts/contemporary-jazz/1999-10-09/ (Caused by NameResolutionError("<urllib3.connection.HTTPSConnection object at 0x182ed47d0>: Failed to resolve 'www.billboard.com' ([Errno 8] nodename nor servname provided, or not known)"))
  📥 Scraping contemporary-jazz for 1999-10-09... ✗ Network error: HTTPSConnectionPool(host='www.billboard.com', port=443): Max retries exceeded with url: /charts/contemporary-jazz/1999-10-09/ (Caused by NameResolutionError("<urllib3.connection.HTTPSConnection object at 0x182ed56d0>: Failed to resolve 'www.billboard.com' ([Errno 8] nodename nor servname provided, or not known)"))
  📥 Scraping contemporary-jazz for 1999-10-16... ✗ Network error: HTTPSConnectionPool(host='www.billboard.com', port=443): Max retries exceeded with url: /charts/contemporary-jazz/1999-10-16/ (Caused by NameResolutionError("<urllib3.connection.HTTPSConnection object at 0x182ed6990>: Failed to resolve 'www.billboard.com' ([Errno 8] nodename nor servname provided, or not known)"))
  📥 Scraping contemporary-jazz for 1999-10-16... ✗ Network error: HTTPSConnectionPool(host='www.billboard.com', port=443): Max retries exceeded with url: /charts/contemporary-jazz/1999-10-16/ (Caused by NameResolutionError("<urllib3.connection.HTTPSConnection object at 0x17b7e1f90>: Failed to resolve 'www.billboard.com' ([Errno 8] nodename nor servname provided, or not known)"))
  📥 Scraping contemporary-jazz for 1999-10-16... ✗ Network error: HTTPSConnectionPool(host='www.billboard.com', port=443): Max retries exceeded with url: /charts/contemporary-jazz/1999-10-16/ (Caused by NameResolutionError("<urllib3.connection.HTTPSConnection object at 0x17e07a210>: Failed to resolve 'www.billboard.com' ([Errno 8] nodename nor servname provided, or not known)"))
  📥 Scraping contemporary-jazz for 1999-10-23... ✗ Network error: HTTPSConnectionPool(host='www.billboard.com', port=443): Max retries exceeded with url: /charts/contemporary-jazz/1999-10-23/ (Caused by NameResolutionError("<urllib3.connection.HTTPSConnection object at 0x17e07a710>: Failed to resolve 'www.billboard.com' ([Errno 8] nodename nor servname provided, or not known)"))
  📥 Scraping contemporary-jazz for 1999-10-23... ✗ Network error: HTTPSConnectionPool(host='www.billboard.com', port=443): Max retries exceeded with url: /charts/contemporary-jazz/1999-10-23/ (Caused by NameResolutionError("<urllib3.connection.HTTPSConnection object at 0x17e078050>: Failed to resolve 'www.billboard.com' ([Errno 8] nodename nor servname provided, or not known)"))
  📥 Scraping contemporary-jazz for 1999-10-23... ✗ Network error: HTTPSConnectionPool(host='www.billboard.com', port=443): Max retries exceeded with url: /charts/contemporary-jazz/1999-10-23/ (Caused by NameResolutionError("<urllib3.connection.HTTPSConnection object at 0x17e078f50>: Failed to resolve 'www.billboard.com' ([Errno 8] nodename nor servname provided, or not known)"))
  📥 Scraping contemporary-jazz for 1999-10-30... ✗ Network error: HTTPSConnectionPool(host='www.billboard.com', port=443): Max retries exceeded with url: /charts/contemporary-jazz/1999-10-30/ (Caused by NameResolutionError("<urllib3.connection.HTTPSConnection object at 0x17e078190>: Failed to resolve 'www.billboard.com' ([Errno 8] nodename nor servname provided, or not known)"))
  📥 Scraping contemporary-jazz for 1999-10-30... ✗ Network error: HTTPSConnectionPool(host='www.billboard.com', port=443): Max retries exceeded with url: /charts/contemporary-jazz/1999-10-30/ (Caused by NameResolutionError("<urllib3.connection.HTTPSConnection object at 0x17e079f90>: Failed to resolve 'www.billboard.com' ([Errno 8] nodename nor servname provided, or not known)"))
  📥 Scraping contemporary-jazz for 1999-10-30... ✓ (25 songs)
  📥 Scraping contemporary-jazz for 1999-11-06... ✓ (25 songs)
  📥 Scraping contemporary-jazz for 1999-11-13... ✓ (25 songs)
  📥 Scraping contemporary-jazz for 1999-11-20... ✓ (25 songs)
  📥 Scraping contemporary-jazz for 1999-11-27... ✓ (25 songs)
  📥 Scraping contemporary-jazz for 1999-12-04... ✓ (25 songs)
  📥 Scraping contemporary-jazz for 1999-12-11... ✓ (25 songs)
  📥 Scraping contemporary-jazz for 1999-12-18... ✓ (25 songs)
  📥 Scraping contemporary-jazz for 1999-12-25... ✓ (25 songs)
  📥 Scraping contemporary-jazz for 2000-01-01... ✓ (25 songs)
  📥 Scraping contemporary-jazz for 2000-01-08... ✓ (25 songs)
  📥 Scraping contemporary-jazz for 2000-01-15... ✓ (25 songs)
  📥 Scraping contemporary-jazz for 2000-01-22... ✓ (25 songs)
  📥 Scraping contemporary-jazz for 2000-01-29... ✓ (25 songs)
  contemporary-jazz: 675/2061 fetched, 237 failed, 0 clamped
  📥 Scraping contemporary-jazz for 2000-02-05... ✓ (25 songs)
  📥 Scraping contemporary-jazz for 2000-02-12... ✓ (25 songs)
  📥 Scraping contemporary-jazz for 2000-02-19... ✓ (25 songs)
  📥 Scraping contemporary-jazz for 2000-02-26... ✓ (25 songs)
  📥 Scraping contemporary-jazz for 2000-03-04... ✓ (25 songs)
  📥 Scraping contemporary-jazz for 2000-03-11... ✓ (25 songs)
  📥 Scraping contemporary-jazz for 2000-03-18... ✓ (25 songs)
  📥 Scraping contemporary-jazz for 2000-03-25... ✓ (25 songs)
  📥 Scraping contemporary-jazz for 2000-04-01... ✓ (25 songs)
  📥 Scraping contemporary-jazz for 2000-04-08... ✓ (25 songs)
  📥 Scraping contemporary-jazz for 2000-04-15... ✓ (25 songs)
  📥 Scraping contemporary-jazz for 2000-04-22... ✗ Network error: HTTPSConnectionPool(host='www.billboard.com', port=443): Read timed out. (read timeout=15)
  📥 Scraping contemporary-jazz for 2000-04-22... ✓ (25 songs)
  📥 Scraping contemporary-jazz for 2000-04-29... ✓ (25 songs)
  📥 Scraping contemporary-jazz for 2000-05-06... ✓ (25 songs)
  📥 Scraping contemporary-jazz for 2000-05-13... ✓ (25 songs)
  📥 Scraping contemporary-jazz for 2000-05-20... ✓ (25 songs)
  📥 Scraping contemporary-jazz for 2000-05-27... ✓ (25 songs)
  📥 Scraping contemporary-jazz for 2000-06-03... ✓ (25 songs)
  📥 Scraping contemporary-jazz for 2000-06-10... ✓ (25 songs)
  📥 Scraping contemporary-jazz for 2000-06-17... ✓ (25 songs)
  📥 Scraping contemporary-jazz for 2000-06-24... ✓ (25 songs)
  📥 Scraping contemporary-jazz for 2000-07-01... ✓ (25 songs)
  📥 Scraping contemporary-jazz for 2000-07-08... ✓ (25 songs)
  📥 Scraping contemporary-jazz for 2000-07-15... ✓ (25 songs)
  📥 Scraping contemporary-jazz for 2000-07-22... ✓ (25 songs)
  contemporary-jazz: 700/2061 fetched, 237 failed, 0 clamped
  📥 Scraping contemporary-jazz for 2000-07-29... ✓ (25 songs)
  📥 Scraping contemporary-jazz for 2000-08-05... ✓ (25 songs)
  📥 Scraping contemporary-jazz for 2000-08-12... ✓ (25 songs)
  📥 Scraping contemporary-jazz for 2000-08-19... ✓ (25 songs)
  📥 Scraping contemporary-jazz for 2000-08-26... ✓ (25 songs)
  📥 Scraping contemporary-jazz for 2000-09-02... ✓ (25 songs)
  📥 Scraping contemporary-jazz for 2000-09-09... ✓ (25 songs)
  📥 Scraping contemporary-jazz for 2000-09-16... ✓ (25 songs)
  📥 Scraping contemporary-jazz for 2000-09-23... ✓ (25 songs)
  📥 Scraping contemporary-jazz for 2000-09-30... ✓ (25 songs)
  📥 Scraping contemporary-jazz for 2000-10-07... ✓ (25 songs)
  📥 Scraping contemporary-jazz for 2000-10-14... ✓ (25 songs)
  📥 Scraping contemporary-jazz for 2000-10-21... ✓ (25 songs)
  📥 Scraping contemporary-jazz for 2000-10-28... ✓ (25 songs)
  📥 Scraping contemporary-jazz for 2000-11-04... ✓ (25 songs)
  📥 Scraping contemporary-jazz for 2000-11-11... ✓ (25 songs)
  📥 Scraping contemporary-jazz for 2000-11-18... ✓ (25 songs)
  📥 Scraping contemporary-jazz for 2000-11-25... ✓ (25 songs)
  📥 Scraping contemporary-jazz for 2000-12-02... ✓ (25 songs)
  📥 Scraping contemporary-jazz for 2000-12-09... ✓ (25 songs)
  📥 Scraping contemporary-jazz for 2000-12-16... ✓ (25 songs)
  📥 Scraping contemporary-jazz for 2000-12-23... ✓ (25 songs)
  📥 Scraping contemporary-jazz for 2000-12-30... ✓ (25 songs)
  📥 Scraping contemporary-jazz for 2001-01-06... ✓ (25 songs)
  📥 Scraping contemporary-jazz for 2001-01-13... ✓ (25 songs)
  contemporary-jazz: 725/2061 fetched, 237 failed, 0 clamped
  📥 Scraping contemporary-jazz for 2001-01-20... ✓ (25 songs)
  📥 Scraping contemporary-jazz for 2001-01-27... ✓ (25 songs)
  📥 Scraping contemporary-jazz for 2001-02-03... ✓ (25 songs)
  📥 Scraping contemporary-jazz for 2001-02-10... ✓ (25 songs)
  📥 Scraping contemporary-jazz for 2001-02-17... ✓ (25 songs)
  📥 Scraping contemporary-jazz for 2001-02-24... ✓ (25 songs)
  📥 Scraping contemporary-jazz for 2001-03-03... ✓ (25 songs)
  📥 Scraping contemporary-jazz for 2001-03-10... ✓ (25 songs)
  📥 Scraping contemporary-jazz for 2001-03-17... ✓ (25 songs)
  📥 Scraping contemporary-jazz for 2001-03-24... ✓ (25 songs)
  📥 Scraping contemporary-jazz for 2001-03-31... ✓ (25 songs)
  📥 Scraping contemporary-jazz for 2001-04-07... ✓ (25 songs)
  📥 Scraping contemporary-jazz for 2001-04-14... ✓ (25 songs)
  📥 Scraping contemporary-jazz for 2001-04-21... ✓ (25 songs)
  📥 Scraping contemporary-jazz for 2001-04-28... ✓ (25 songs)
  📥 Scraping contemporary-jazz for 2001-05-05... ✓ (25 songs)
  📥 Scraping contemporary-jazz for 2001-05-12... ✓ (25 songs)
  📥 Scraping contemporary-jazz for 2001-05-19... ✓ (25 songs)
  📥 Scraping contemporary-jazz for 2001-05-26... ✓ (25 songs)
  📥 Scraping contemporary-jazz for 2001-06-02... ✓ (25 songs)
  📥 Scraping contemporary-jazz for 2001-06-09... ✓ (25 songs)
  📥 Scraping contemporary-jazz for 2001-06-16... ✓ (25 songs)
  📥 Scraping contemporary-jazz for 2001-06-23... ✓ (25 songs)
  📥 Scraping contemporary-jazz for 2001-06-30... ✓ (25 songs)
  📥 Scraping contemporary-jazz for 2001-07-07... ✓ (25 songs)
  contemporary-jazz: 750/2061 fetched, 237 failed, 0 clamped
  📥 Scraping contemporary-jazz for 2001-07-14... ✓ (25 songs)
  📥 Scraping contemporary-jazz for 2001-07-21... ✓ (25 songs)
  📥 Scraping contemporary-jazz for 2001-07-28... ✓ (25 songs)
  📥 Scraping contemporary-jazz for 2001-08-04... ✓ (25 songs)
  📥 Scraping contemporary-jazz for 2001-08-11... ✓ (25 songs)
  📥 Scraping contemporary-jazz for 2001-08-18... ✓ (25 songs)
  📥 Scraping contemporary-jazz for 2001-08-25... ✓ (25 songs)
  📥 Scraping contemporary-jazz for 2001-09-01... ✓ (25 songs)
  📥 Scraping contemporary-jazz for 2001-09-08... ✓ (25 songs)
  📥 Scraping contemporary-jazz for 2001-09-15... ✓ (25 songs)
  📥 Scraping contemporary-jazz for 2001-09-22... ✓ (25 songs)
  📥 Scraping contemporary-jazz for 2001-09-29... ✓ (25 songs)
  📥 Scraping contemporary-jazz for 2001-10-06... ✓ (25 songs)
  📥 Scraping contemporary-jazz for 2001-10-13... ✓ (25 songs)
  📥 Scraping contemporary-jazz for 2001-10-20... ✓ (25 songs)
  📥 Scraping contemporary-jazz for 2001-10-27... ✓ (25 songs)
  📥 Scraping contemporary-jazz for 2001-11-03... ✓ (25 songs)
  📥 Scraping contemporary-jazz for 2001-11-10... ✓ (25 songs)
  📥 Scraping contemporary-jazz for 2001-11-17... ✓ (25 songs)
  📥 Scraping contemporary-jazz for 2001-11-24... ✓ (25 songs)
  📥 Scraping contemporary-jazz for 2001-12-01... ✓ (25 songs)
  📥 Scraping contemporary-jazz for 2001-12-08... ✓ (25 songs)
  📥 Scraping contemporary-jazz for 2001-12-15... ✓ (25 songs)
  📥 Scraping contemporary-jazz for 2001-12-22... ✓ (25 songs)
  📥 Scraping contemporary-jazz for 2001-12-29... ✓ (25 songs)
  contemporary-jazz: 775/2061 fetched, 237 failed, 0 clamped
  📥 Scraping contemporary-jazz for 2002-01-05... ✓ (25 songs)
  📥 Scraping contemporary-jazz for 2002-01-12... ✓ (25 songs)
  📥 Scraping contemporary-jazz for 2002-01-19... ✓ (25 songs)
  📥 Scraping contemporary-jazz for 2002-01-26... ✓ (25 songs)
  📥 Scraping contemporary-jazz for 2002-02-02... ✓ (25 songs)
  📥 Scraping contemporary-jazz for 2002-02-09... ✓ (25 songs)
  📥 Scraping contemporary-jazz for 2002-02-16... ✓ (25 songs)
  📥 Scraping contemporary-jazz for 2002-02-23... ✓ (25 songs)
  📥 Scraping contemporary-jazz for 2002-03-02... ✓ (25 songs)
  📥 Scraping contemporary-jazz for 2002-03-09... ✓ (25 songs)
  📥 Scraping contemporary-jazz for 2002-03-16... ✓ (25 songs)
  📥 Scraping contemporary-jazz for 2002-03-23... ✓ (25 songs)
  📥 Scraping contemporary-jazz for 2002-03-30... ✓ (25 songs)
  📥 Scraping contemporary-jazz for 2002-04-06... ✓ (25 songs)
  📥 Scraping contemporary-jazz for 2002-04-13... ✓ (25 songs)
  📥 Scraping contemporary-jazz for 2002-04-20... ✓ (25 songs)
  📥 Scraping contemporary-jazz for 2002-04-27... ✓ (25 songs)
  📥 Scraping contemporary-jazz for 2002-05-04... ✓ (25 songs)
  📥 Scraping contemporary-jazz for 2002-05-11... ✓ (25 songs)
  📥 Scraping contemporary-jazz for 2002-05-18... ✓ (25 songs)
  📥 Scraping contemporary-jazz for 2002-05-25... ✓ (25 songs)
  📥 Scraping contemporary-jazz for 2002-06-01... ✓ (25 songs)
  📥 Scraping contemporary-jazz for 2002-06-08... ✓ (25 songs)
  📥 Scraping contemporary-jazz for 2002-06-15... ✓ (25 songs)
  📥 Scraping contemporary-jazz for 2002-06-22... ✓ (25 songs)
  contemporary-jazz: 800/2061 fetched, 237 failed, 0 clamped
  📥 Scraping contemporary-jazz for 2002-06-29... ✓ (25 songs)
  📥 Scraping contemporary-jazz for 2002-07-06... ✓ (25 songs)
  📥 Scraping contemporary-jazz for 2002-07-13... ✓ (25 songs)
  📥 Scraping contemporary-jazz for 2002-07-20... ✓ (25 songs)
  📥 Scraping contemporary-jazz for 2002-07-27... ✓ (25 songs)
  📥 Scraping contemporary-jazz for 2002-08-03... ✓ (25 songs)
  📥 Scraping contemporary-jazz for 2002-08-10... ✓ (25 songs)
  📥 Scraping contemporary-jazz for 2002-08-17... ✓ (25 songs)
  📥 Scraping contemporary-jazz for 2002-08-24... ✓ (25 songs)
  📥 Scraping contemporary-jazz for 2002-08-31... ✓ (25 songs)
  📥 Scraping contemporary-jazz for 2002-09-07... ✓ (25 songs)
  📥 Scraping contemporary-jazz for 2002-09-14... ✓ (25 songs)
  📥 Scraping contemporary-jazz for 2002-09-21... ✓ (25 songs)
  📥 Scraping contemporary-jazz for 2002-09-28... ✓ (25 songs)
  📥 Scraping contemporary-jazz for 2002-10-05... ✓ (25 songs)
  📥 Scraping contemporary-jazz for 2002-10-12... ✓ (25 songs)
  📥 Scraping contemporary-jazz for 2002-10-19... ✓ (25 songs)
  📥 Scraping contemporary-jazz for 2002-10-26... ✓ (25 songs)
  📥 Scraping contemporary-jazz for 2002-11-02... ✓ (25 songs)
  📥 Scraping contemporary-jazz for 2002-11-09... ✓ (25 songs)
  📥 Scraping contemporary-jazz for 2002-11-16... ✗ Network error: HTTPSConnectionPool(host='www.billboard.com', port=443): Read timed out. (read timeout=15)
  📥 Scraping contemporary-jazz for 2002-11-16... ✗ Network error: HTTPSConnectionPool(host='www.billboard.com', port=443): Read timed out. (read timeout=15)
  📥 Scraping contemporary-jazz for 2002-11-16... ✗ Network error: HTTPSConnectionPool(host='www.billboard.com', port=443): Read timed out. (read timeout=15)
  📥 Scraping contemporary-jazz for 2002-11-23... ✗ Network error: HTTPSConnectionPool(host='www.billboard.com', port=443): Read timed out. (read timeout=15)
  📥 Scraping contemporary-jazz for 2002-11-23... ✗ Network error: HTTPSConnectionPool(host='www.billboard.com', port=443): Read timed out. (read timeout=15)
  📥 Scraping contemporary-jazz for 2002-11-23... ✗ Network error: HTTPSConnectionPool(host='www.billboard.com', port=443): Read timed out. (read timeout=15)
  📥 Scraping contemporary-jazz for 2002-11-30... ✗ Network error: HTTPSConnectionPool(host='www.billboard.com', port=443): Read timed out. (read timeout=15)
  📥 Scraping contemporary-jazz for 2002-11-30... ✗ Network error: HTTPSConnectionPool(host='www.billboard.com', port=443): Read timed out. (read timeout=15)
  📥 Scraping contemporary-jazz for 2002-11-30... ✗ Network error: HTTPSConnectionPool(host='www.billboard.com', port=443): Read timed out. (read timeout=15)
  📥 Scraping contemporary-jazz for 2002-12-07... ✗ Network error: HTTPSConnectionPool(host='www.billboard.com', port=443): Read timed out. (read timeout=15)
  📥 Scraping contemporary-jazz for 2002-12-07... ✗ Network error: HTTPSConnectionPool(host='www.billboard.com', port=443): Max retries exceeded with url: /charts/contemporary-jazz/2002-12-07/ (Caused by NameResolutionError("<urllib3.connection.HTTPSConnection object at 0x17b7e1f90>: Failed to resolve 'www.billboard.com' ([Errno 8] nodename nor servname provided, or not known)"))
  📥 Scraping contemporary-jazz for 2002-12-07... ✗ Network error: HTTPSConnectionPool(host='www.billboard.com', port=443): Max retries exceeded with url: /charts/contemporary-jazz/2002-12-07/ (Caused by NameResolutionError("<urllib3.connection.HTTPSConnection object at 0x17e078190>: Failed to resolve 'www.billboard.com' ([Errno 8] nodename nor servname provided, or not known)"))
  📥 Scraping contemporary-jazz for 2002-12-14... ✗ Network error: HTTPSConnectionPool(host='www.billboard.com', port=443): Max retries exceeded with url: /charts/contemporary-jazz/2002-12-14/ (Caused by NameResolutionError("<urllib3.connection.HTTPSConnection object at 0x17e078a50>: Failed to resolve 'www.billboard.com' ([Errno 8] nodename nor servname provided, or not known)"))
  📥 Scraping contemporary-jazz for 2002-12-14... ✗ Network error: HTTPSConnectionPool(host='www.billboard.com', port=443): Max retries exceeded with url: /charts/contemporary-jazz/2002-12-14/ (Caused by NameResolutionError("<urllib3.connection.HTTPSConnection object at 0x17b7e1f90>: Failed to resolve 'www.billboard.com' ([Errno 8] nodename nor servname provided, or not known)"))
  📥 Scraping contemporary-jazz for 2002-12-14... ✗ Network error: HTTPSConnectionPool(host='www.billboard.com', port=443): Max retries exceeded with url: /charts/contemporary-jazz/2002-12-14/ (Caused by NameResolutionError("<urllib3.connection.HTTPSConnection object at 0x17b98a710>: Failed to resolve 'www.billboard.com' ([Errno 8] nodename nor servname provided, or not known)"))
  📥 Scraping contemporary-jazz for 2002-12-21... ✗ Network error: HTTPSConnectionPool(host='www.billboard.com', port=443): Max retries exceeded with url: /charts/contemporary-jazz/2002-12-21/ (Caused by NameResolutionError("<urllib3.connection.HTTPSConnection object at 0x17b98b890>: Failed to resolve 'www.billboard.com' ([Errno 8] nodename nor servname provided, or not known)"))
  📥 Scraping contemporary-jazz for 2002-12-21... ✗ Network error: HTTPSConnectionPool(host='www.billboard.com', port=443): Max retries exceeded with url: /charts/contemporary-jazz/2002-12-21/ (Caused by NameResolutionError("<urllib3.connection.HTTPSConnection object at 0x17b98b9d0>: Failed to resolve 'www.billboard.com' ([Errno 8] nodename nor servname provided, or not known)"))
  📥 Scraping contemporary-jazz for 2002-12-21... ✗ Network error: HTTPSConnectionPool(host='www.billboard.com', port=443): Max retries exceeded with url: /charts/contemporary-jazz/2002-12-21/ (Caused by NameResolutionError("<urllib3.connection.HTTPSConnection object at 0x17b98ad50>: Failed to resolve 'www.billboard.com' ([Errno 8] nodename nor servname provided, or not known)"))
  📥 Scraping contemporary-jazz for 2002-12-28... ✗ Network error: HTTPSConnectionPool(host='www.billboard.com', port=443): Max retries exceeded with url: /charts/contemporary-jazz/2002-12-28/ (Caused by NameResolutionError("<urllib3.connection.HTTPSConnection object at 0x17b98a990>: Failed to resolve 'www.billboard.com' ([Errno 8] nodename nor servname provided, or not known)"))
  📥 Scraping contemporary-jazz for 2002-12-28... ✗ Network error: HTTPSConnectionPool(host='www.billboard.com', port=443): Max retries exceeded with url: /charts/contemporary-jazz/2002-12-28/ (Caused by NameResolutionError("<urllib3.connection.HTTPSConnection object at 0x17b989bd0>: Failed to resolve 'www.billboard.com' ([Errno 8] nodename nor servname provided, or not known)"))
  📥 Scraping contemporary-jazz for 2002-12-28... ✗ Network error: HTTPSConnectionPool(host='www.billboard.com', port=443): Max retries exceeded with url: /charts/contemporary-jazz/2002-12-28/ (Caused by NameResolutionError("<urllib3.connection.HTTPSConnection object at 0x17e07a5d0>: Failed to resolve 'www.billboard.com' ([Errno 8] nodename nor servname provided, or not known)"))
  📥 Scraping contemporary-jazz for 2003-01-04... ✗ Network error: HTTPSConnectionPool(host='www.billboard.com', port=443): Max retries exceeded with url: /charts/contemporary-jazz/2003-01-04/ (Caused by NameResolutionError("<urllib3.connection.HTTPSConnection object at 0x17e07bc50>: Failed to resolve 'www.billboard.com' ([Errno 8] nodename nor servname provided, or not known)"))
  📥 Scraping contemporary-jazz for 2003-01-04... ✗ Network error: HTTPSConnectionPool(host='www.billboard.com', port=443): Max retries exceeded with url: /charts/contemporary-jazz/2003-01-04/ (Caused by NameResolutionError("<urllib3.connection.HTTPSConnection object at 0x17e078050>: Failed to resolve 'www.billboard.com' ([Errno 8] nodename nor servname provided, or not known)"))
  📥 Scraping contemporary-jazz for 2003-01-04... ✗ Network error: HTTPSConnectionPool(host='www.billboard.com', port=443): Max retries exceeded with url: /charts/contemporary-jazz/2003-01-04/ (Caused by NameResolutionError("<urllib3.connection.HTTPSConnection object at 0x17e078550>: Failed to resolve 'www.billboard.com' ([Errno 8] nodename nor servname provided, or not known)"))
  📥 Scraping contemporary-jazz for 2003-01-11... ✗ Network error: HTTPSConnectionPool(host='www.billboard.com', port=443): Max retries exceeded with url: /charts/contemporary-jazz/2003-01-11/ (Caused by NameResolutionError("<urllib3.connection.HTTPSConnection object at 0x17e07b390>: Failed to resolve 'www.billboard.com' ([Errno 8] nodename nor servname provided, or not known)"))
  📥 Scraping contemporary-jazz for 2003-01-11... ✗ Network error: HTTPSConnectionPool(host='www.billboard.com', port=443): Max retries exceeded with url: /charts/contemporary-jazz/2003-01-11/ (Caused by NameResolutionError("<urllib3.connection.HTTPSConnection object at 0x17e078f50>: Failed to resolve 'www.billboard.com' ([Errno 8] nodename nor servname provided, or not known)"))
  📥 Scraping contemporary-jazz for 2003-01-11... ✗ Network error: HTTPSConnectionPool(host='www.billboard.com', port=443): Max retries exceeded with url: /charts/contemporary-jazz/2003-01-11/ (Caused by NameResolutionError("<urllib3.connection.HTTPSConnection object at 0x17e07b9d0>: Failed to resolve 'www.billboard.com' ([Errno 8] nodename nor servname provided, or not known)"))
  📥 Scraping contemporary-jazz for 2003-01-18... ✗ Network error: HTTPSConnectionPool(host='www.billboard.com', port=443): Max retries exceeded with url: /charts/contemporary-jazz/2003-01-18/ (Caused by NameResolutionError("<urllib3.connection.HTTPSConnection object at 0x17e079d10>: Failed to resolve 'www.billboard.com' ([Errno 8] nodename nor servname provided, or not known)"))
  📥 Scraping contemporary-jazz for 2003-01-18... ✗ Network error: HTTPSConnectionPool(host='www.billboard.com', port=443): Max retries exceeded with url: /charts/contemporary-jazz/2003-01-18/ (Caused by NameResolutionError("<urllib3.connection.HTTPSConnection object at 0x17e079bd0>: Failed to resolve 'www.billboard.com' ([Errno 8] nodename nor servname provided, or not known)"))
  📥 Scraping contemporary-jazz for 2003-01-18... ✗ Network error: HTTPSConnectionPool(host='www.billboard.com', port=443): Max retries exceeded with url: /charts/contemporary-jazz/2003-01-18/ (Caused by NameResolutionError("<urllib3.connection.HTTPSConnection object at 0x17e079310>: Failed to resolve 'www.billboard.com' ([Errno 8] nodename nor servname provided, or not known)"))
  📥 Scraping contemporary-jazz for 2003-01-25... ✗ Network error: HTTPSConnectionPool(host='www.billboard.com', port=443): Max retries exceeded with url: /charts/contemporary-jazz/2003-01-25/ (Caused by NameResolutionError("<urllib3.connection.HTTPSConnection object at 0x17b989a90>: Failed to resolve 'www.billboard.com' ([Errno 8] nodename nor servname provided, or not known)"))
  📥 Scraping contemporary-jazz for 2003-01-25... ✗ Network error: HTTPSConnectionPool(host='www.billboard.com', port=443): Max retries exceeded with url: /charts/contemporary-jazz/2003-01-25/ (Caused by NameResolutionError("<urllib3.connection.HTTPSConnection object at 0x17b98a0d0>: Failed to resolve 'www.billboard.com' ([Errno 8] nodename nor servname provided, or not known)"))
  📥 Scraping contemporary-jazz for 2003-01-25... ✗ Network error: HTTPSConnectionPool(host='www.billboard.com', port=443): Max retries exceeded with url: /charts/contemporary-jazz/2003-01-25/ (Caused by NameResolutionError("<urllib3.connection.HTTPSConnection object at 0x17b98ac10>: Failed to resolve 'www.billboard.com' ([Errno 8] nodename nor servname provided, or not known)"))
  📥 Scraping contemporary-jazz for 2003-02-01... ✗ Network error: HTTPSConnectionPool(host='www.billboard.com', port=443): Max retries exceeded with url: /charts/contemporary-jazz/2003-02-01/ (Caused by NameResolutionError("<urllib3.connection.HTTPSConnection object at 0x17b989d10>: Failed to resolve 'www.billboard.com' ([Errno 8] nodename nor servname provided, or not known)"))
  📥 Scraping contemporary-jazz for 2003-02-01... ✗ Network error: HTTPSConnectionPool(host='www.billboard.com', port=443): Max retries exceeded with url: /charts/contemporary-jazz/2003-02-01/ (Caused by NameResolutionError("<urllib3.connection.HTTPSConnection object at 0x17b98bb10>: Failed to resolve 'www.billboard.com' ([Errno 8] nodename nor servname provided, or not known)"))
  📥 Scraping contemporary-jazz for 2003-02-01... ✗ Network error: HTTPSConnectionPool(host='www.billboard.com', port=443): Max retries exceeded with url: /charts/contemporary-jazz/2003-02-01/ (Caused by NameResolutionError("<urllib3.connection.HTTPSConnection object at 0x17b98bed0>: Failed to resolve 'www.billboard.com' ([Errno 8] nodename nor servname provided, or not known)"))
  📥 Scraping contemporary-jazz for 2003-02-08... ✗ Network error: HTTPSConnectionPool(host='www.billboard.com', port=443): Max retries exceeded with url: /charts/contemporary-jazz/2003-02-08/ (Caused by NameResolutionError("<urllib3.connection.HTTPSConnection object at 0x17b7e1e50>: Failed to resolve 'www.billboard.com' ([Errno 8] nodename nor servname provided, or not known)"))
  📥 Scraping contemporary-jazz for 2003-02-08... ✗ Network error: HTTPSConnectionPool(host='www.billboard.com', port=443): Max retries exceeded with url: /charts/contemporary-jazz/2003-02-08/ (Caused by NameResolutionError("<urllib3.connection.HTTPSConnection object at 0x17e078cd0>: Failed to resolve 'www.billboard.com' ([Errno 8] nodename nor servname provided, or not known)"))
  📥 Scraping contemporary-jazz for 2003-02-08... ✗ Network error: HTTPSConnectionPool(host='www.billboard.com', port=443): Max retries exceeded with url: /charts/contemporary-jazz/2003-02-08/ (Caused by NameResolutionError("<urllib3.connection.HTTPSConnection object at 0x17e079450>: Failed to resolve 'www.billboard.com' ([Errno 8] nodename nor servname provided, or not known)"))
  📥 Scraping contemporary-jazz for 2003-02-15... ✗ Network error: HTTPSConnectionPool(host='www.billboard.com', port=443): Max retries exceeded with url: /charts/contemporary-jazz/2003-02-15/ (Caused by NameResolutionError("<urllib3.connection.HTTPSConnection object at 0x17e0787d0>: Failed to resolve 'www.billboard.com' ([Errno 8] nodename nor servname provided, or not known)"))
  📥 Scraping contemporary-jazz for 2003-02-15... ✗ Network error: HTTPSConnectionPool(host='www.billboard.com', port=443): Max retries exceeded with url: /charts/contemporary-jazz/2003-02-15/ (Caused by NameResolutionError("<urllib3.connection.HTTPSConnection object at 0x17e07ac10>: Failed to resolve 'www.billboard.com' ([Errno 8] nodename nor servname provided, or not known)"))
  📥 Scraping contemporary-jazz for 2003-02-15... ✗ Network error: HTTPSConnectionPool(host='www.billboard.com', port=443): Max retries exceeded with url: /charts/contemporary-jazz/2003-02-15/ (Caused by NameResolutionError("<urllib3.connection.HTTPSConnection object at 0x17e078910>: Failed to resolve 'www.billboard.com' ([Errno 8] nodename nor servname provided, or not known)"))
  📥 Scraping contemporary-jazz for 2003-02-22... ✗ Network error: HTTPSConnectionPool(host='www.billboard.com', port=443): Max retries exceeded with url: /charts/contemporary-jazz/2003-02-22/ (Caused by NameResolutionError("<urllib3.connection.HTTPSConnection object at 0x17e07ae90>: Failed to resolve 'www.billboard.com' ([Errno 8] nodename nor servname provided, or not known)"))
  📥 Scraping contemporary-jazz for 2003-02-22... ✗ Network error: HTTPSConnectionPool(host='www.billboard.com', port=443): Max retries exceeded with url: /charts/contemporary-jazz/2003-02-22/ (Caused by NameResolutionError("<urllib3.connection.HTTPSConnection object at 0x17e078e10>: Failed to resolve 'www.billboard.com' ([Errno 8] nodename nor servname provided, or not known)"))
  📥 Scraping contemporary-jazz for 2003-02-22... ✗ Network error: HTTPSConnectionPool(host='www.billboard.com', port=443): Max retries exceeded with url: /charts/contemporary-jazz/2003-02-22/ (Caused by NameResolutionError("<urllib3.connection.HTTPSConnection object at 0x17e07a990>: Failed to resolve 'www.billboard.com' ([Errno 8] nodename nor servname provided, or not known)"))
  📥 Scraping contemporary-jazz for 2003-03-01... ✗ Network error: HTTPSConnectionPool(host='www.billboard.com', port=443): Max retries exceeded with url: /charts/contemporary-jazz/2003-03-01/ (Caused by NameResolutionError("<urllib3.connection.HTTPSConnection object at 0x17e0796d0>: Failed to resolve 'www.billboard.com' ([Errno 8] nodename nor servname provided, or not known)"))
  📥 Scraping contemporary-jazz for 2003-03-01... ✗ Network error: HTTPSConnectionPool(host='www.billboard.com', port=443): Max retries exceeded with url: /charts/contemporary-jazz/2003-03-01/ (Caused by NameResolutionError("<urllib3.connection.HTTPSConnection object at 0x17e079f90>: Failed to resolve 'www.billboard.com' ([Errno 8] nodename nor servname provided, or not known)"))
  📥 Scraping contemporary-jazz for 2003-03-01... ✗ Network error: HTTPSConnectionPool(host='www.billboard.com', port=443): Max retries exceeded with url: /charts/contemporary-jazz/2003-03-01/ (Caused by NameResolutionError("<urllib3.connection.HTTPSConnection object at 0x17b7e2350>: Failed to resolve 'www.billboard.com' ([Errno 8] nodename nor servname provided, or not known)"))
  📥 Scraping contemporary-jazz for 2003-03-08... ✗ Network error: HTTPSConnectionPool(host='www.billboard.com', port=443): Max retries exceeded with url: /charts/contemporary-jazz/2003-03-08/ (Caused by NameResolutionError("<urllib3.connection.HTTPSConnection object at 0x17b989810>: Failed to resolve 'www.billboard.com' ([Errno 8] nodename nor servname provided, or not known)"))
  📥 Scraping contemporary-jazz for 2003-03-08... ✗ Network error: HTTPSConnectionPool(host='www.billboard.com', port=443): Max retries exceeded with url: /charts/contemporary-jazz/2003-03-08/ (Caused by NameResolutionError("<urllib3.connection.HTTPSConnection object at 0x17b98b250>: Failed to resolve 'www.billboard.com' ([Errno 8] nodename nor servname provided, or not known)"))
  📥 Scraping contemporary-jazz for 2003-03-08... ✗ Network error: HTTPSConnectionPool(host='www.billboard.com', port=443): Max retries exceeded with url: /charts/contemporary-jazz/2003-03-08/ (Caused by NameResolutionError("<urllib3.connection.HTTPSConnection object at 0x17b989590>: Failed to resolve 'www.billboard.com' ([Errno 8] nodename nor servname provided, or not known)"))
  📥 Scraping contemporary-jazz for 2003-03-15... ✗ Network error: HTTPSConnectionPool(host='www.billboard.com', port=443): Max retries exceeded with url: /charts/contemporary-jazz/2003-03-15/ (Caused by NameResolutionError("<urllib3.connection.HTTPSConnection object at 0x17b98ae90>: Failed to resolve 'www.billboard.com' ([Errno 8] nodename nor servname provided, or not known)"))
  📥 Scraping contemporary-jazz for 2003-03-15... ✗ Network error: HTTPSConnectionPool(host='www.billboard.com', port=443): Max retries exceeded with url: /charts/contemporary-jazz/2003-03-15/ (Caused by NameResolutionError("<urllib3.connection.HTTPSConnection object at 0x17b988b90>: Failed to resolve 'www.billboard.com' ([Errno 8] nodename nor servname provided, or not known)"))
  📥 Scraping contemporary-jazz for 2003-03-15... ✗ Network error: HTTPSConnectionPool(host='www.billboard.com', port=443): Max retries exceeded with url: /charts/contemporary-jazz/2003-03-15/ (Caused by NameResolutionError("<urllib3.connection.HTTPSConnection object at 0x17b98b110>: Failed to resolve 'www.billboard.com' ([Errno 8] nodename nor servname provided, or not known)"))
  📥 Scraping contemporary-jazz for 2003-03-22... ✗ Network error: HTTPSConnectionPool(host='www.billboard.com', port=443): Max retries exceeded with url: /charts/contemporary-jazz/2003-03-22/ (Caused by NameResolutionError("<urllib3.connection.HTTPSConnection object at 0x17e078a50>: Failed to resolve 'www.billboard.com' ([Errno 8] nodename nor servname provided, or not known)"))
  📥 Scraping contemporary-jazz for 2003-03-22... ✗ Network error: HTTPSConnectionPool(host='www.billboard.com', port=443): Max retries exceeded with url: /charts/contemporary-jazz/2003-03-22/ (Caused by NameResolutionError("<urllib3.connection.HTTPSConnection object at 0x17e078190>: Failed to resolve 'www.billboard.com' ([Errno 8] nodename nor servname provided, or not known)"))
  📥 Scraping contemporary-jazz for 2003-03-22... ✗ Network error: HTTPSConnectionPool(host='www.billboard.com', port=443): Max retries exceeded with url: /charts/contemporary-jazz/2003-03-22/ (Caused by NameResolutionError("<urllib3.connection.HTTPSConnection object at 0x17e079a90>: Failed to resolve 'www.billboard.com' ([Errno 8] nodename nor servname provided, or not known)"))
  📥 Scraping contemporary-jazz for 2003-03-29... ✗ Network error: HTTPSConnectionPool(host='www.billboard.com', port=443): Max retries exceeded with url: /charts/contemporary-jazz/2003-03-29/ (Caused by NameResolutionError("<urllib3.connection.HTTPSConnection object at 0x17e079e50>: Failed to resolve 'www.billboard.com' ([Errno 8] nodename nor servname provided, or not known)"))
  📥 Scraping contemporary-jazz for 2003-03-29... ✓ (25 songs)
  📥 Scraping contemporary-jazz for 2003-04-05... ✓ (25 songs)
  📥 Scraping contemporary-jazz for 2003-04-12... ✓ (25 songs)
  📥 Scraping contemporary-jazz for 2003-04-19... ✓ (25 songs)
  📥 Scraping contemporary-jazz for 2003-04-26... ✓ (25 songs)
  📥 Scraping contemporary-jazz for 2003-05-03... ✓ (25 songs)
  📥 Scraping contemporary-jazz for 2003-05-10... ✓ (25 songs)
  📥 Scraping contemporary-jazz for 2003-05-17... ✓ (25 songs)
  📥 Scraping contemporary-jazz for 2003-05-24... ✓ (25 songs)
  📥 Scraping contemporary-jazz for 2003-05-31... ✓ (25 songs)
  📥 Scraping contemporary-jazz for 2003-06-07... ✓ (25 songs)
  contemporary-jazz: 850/2061 fetched, 256 failed, 0 clamped
  📥 Scraping contemporary-jazz for 2003-06-14... ✓ (25 songs)
  📥 Scraping contemporary-jazz for 2003-06-21... ✓ (25 songs)
  📥 Scraping contemporary-jazz for 2003-06-28... ✓ (25 songs)
  📥 Scraping contemporary-jazz for 2003-07-05... ✓ (25 songs)
  📥 Scraping contemporary-jazz for 2003-07-12... ✓ (25 songs)
  📥 Scraping contemporary-jazz for 2003-07-19... ✓ (25 songs)
  📥 Scraping contemporary-jazz for 2003-07-26... ✓ (25 songs)
  📥 Scraping contemporary-jazz for 2003-08-02... ✓ (25 songs)
  📥 Scraping contemporary-jazz for 2003-08-09... ✓ (25 songs)
  📥 Scraping contemporary-jazz for 2003-08-16... ✓ (25 songs)
  📥 Scraping contemporary-jazz for 2003-08-23... ✓ (25 songs)
  📥 Scraping contemporary-jazz for 2003-08-30... ✓ (25 songs)
  📥 Scraping contemporary-jazz for 2003-09-06... ✓ (25 songs)
  📥 Scraping contemporary-jazz for 2003-09-13... ✓ (25 songs)
  📥 Scraping contemporary-jazz for 2003-09-20... ✓ (25 songs)
  📥 Scraping contemporary-jazz for 2003-09-27... ✓ (25 songs)
  📥 Scraping contemporary-jazz for 2003-10-04... ✓ (25 songs)
  📥 Scraping contemporary-jazz for 2003-10-11... ✓ (25 songs)
  📥 Scraping contemporary-jazz for 2003-10-18... ✓ (25 songs)
  📥 Scraping contemporary-jazz for 2003-10-25... ✓ (25 songs)
  📥 Scraping contemporary-jazz for 2003-11-01... ✓ (25 songs)
  📥 Scraping contemporary-jazz for 2003-11-08... ✓ (25 songs)
  📥 Scraping contemporary-jazz for 2003-11-15... ✓ (25 songs)
  📥 Scraping contemporary-jazz for 2003-11-22... ✓ (25 songs)
  📥 Scraping contemporary-jazz for 2003-11-29... ✓ (25 songs)
  contemporary-jazz: 875/2061 fetched, 256 failed, 0 clamped
  📥 Scraping contemporary-jazz for 2003-12-06... ✗ Network error: HTTPSConnectionPool(host='www.billboard.com', port=443): Read timed out. (read timeout=15)
  📥 Scraping contemporary-jazz for 2003-12-06... ✓ (25 songs)
  📥 Scraping contemporary-jazz for 2003-12-13... ✓ (25 songs)
  📥 Scraping contemporary-jazz for 2003-12-20... ✓ (25 songs)
  📥 Scraping contemporary-jazz for 2003-12-27... ✓ (25 songs)
  📥 Scraping contemporary-jazz for 2004-01-03... ✓ (25 songs)
  📥 Scraping contemporary-jazz for 2004-01-10... ✓ (25 songs)
  📥 Scraping contemporary-jazz for 2004-01-17... ✓ (25 songs)
  📥 Scraping contemporary-jazz for 2004-01-24... ✓ (25 songs)
  📥 Scraping contemporary-jazz for 2004-01-31... ✓ (25 songs)
  📥 Scraping contemporary-jazz for 2004-02-07... ✓ (25 songs)
  📥 Scraping contemporary-jazz for 2004-02-14... ✓ (25 songs)
  📥 Scraping contemporary-jazz for 2004-02-21... ✓ (25 songs)
  📥 Scraping contemporary-jazz for 2004-02-28... ✓ (25 songs)
  📥 Scraping contemporary-jazz for 2004-03-06... ✓ (25 songs)
  📥 Scraping contemporary-jazz for 2004-03-13... ✓ (25 songs)
  📥 Scraping contemporary-jazz for 2004-03-20... ✓ (25 songs)
  📥 Scraping contemporary-jazz for 2004-03-27... ✓ (25 songs)
  📥 Scraping contemporary-jazz for 2004-04-03... ✓ (25 songs)
  📥 Scraping contemporary-jazz for 2004-04-10... ✓ (25 songs)
  📥 Scraping contemporary-jazz for 2004-04-17... ✓ (25 songs)
  📥 Scraping contemporary-jazz for 2004-04-24... ✓ (25 songs)
  📥 Scraping contemporary-jazz for 2004-05-01... ✓ (25 songs)
  📥 Scraping contemporary-jazz for 2004-05-08... ✓ (25 songs)
  📥 Scraping contemporary-jazz for 2004-05-15... ✓ (25 songs)
  📥 Scraping contemporary-jazz for 2004-05-22... ✓ (25 songs)
  contemporary-jazz: 900/2061 fetched, 256 failed, 0 clamped
  📥 Scraping contemporary-jazz for 2004-05-29... ✓ (25 songs)
  📥 Scraping contemporary-jazz for 2004-06-05... ✓ (25 songs)
  📥 Scraping contemporary-jazz for 2004-06-12... ✓ (25 songs)
  📥 Scraping contemporary-jazz for 2004-06-19... ✓ (25 songs)
  📥 Scraping contemporary-jazz for 2004-06-26... ✓ (25 songs)
  📥 Scraping contemporary-jazz for 2004-07-03... ✓ (25 songs)
  📥 Scraping contemporary-jazz for 2004-07-10... ✓ (25 songs)
  📥 Scraping contemporary-jazz for 2004-07-17... ✓ (25 songs)
  📥 Scraping contemporary-jazz for 2004-07-24... ✓ (25 songs)
  📥 Scraping contemporary-jazz for 2004-07-31... ✓ (25 songs)
  📥 Scraping contemporary-jazz for 2004-08-07... ✓ (25 songs)
  📥 Scraping contemporary-jazz for 2004-08-14... ✓ (25 songs)
  📥 Scraping contemporary-jazz for 2004-08-21... ✓ (25 songs)
  📥 Scraping contemporary-jazz for 2004-08-28... ✓ (25 songs)
  📥 Scraping contemporary-jazz for 2004-09-04... ✓ (25 songs)
  📥 Scraping contemporary-jazz for 2004-09-11... ✗ Network error: HTTPSConnectionPool(host='www.billboard.com', port=443): Read timed out. (read timeout=15)
  📥 Scraping contemporary-jazz for 2004-09-11... ✗ Network error: HTTPSConnectionPool(host='www.billboard.com', port=443): Max retries exceeded with url: /charts/contemporary-jazz/2004-09-11/ (Caused by NameResolutionError("<urllib3.connection.HTTPSConnection object at 0x182385450>: Failed to resolve 'www.billboard.com' ([Errno 8] nodename nor servname provided, or not known)"))
  📥 Scraping contemporary-jazz for 2004-09-11... ✗ Network error: HTTPSConnectionPool(host='www.billboard.com', port=443): Max retries exceeded with url: /charts/contemporary-jazz/2004-09-11/ (Caused by NameResolutionError("<urllib3.connection.HTTPSConnection object at 0x182386d50>: Failed to resolve 'www.billboard.com' ([Errno 8] nodename nor servname provided, or not known)"))
  📥 Scraping contemporary-jazz for 2004-09-18... ✗ Network error: HTTPSConnectionPool(host='www.billboard.com', port=443): Max retries exceeded with url: /charts/contemporary-jazz/2004-09-18/ (Caused by NameResolutionError("<urllib3.connection.HTTPSConnection object at 0x17e078b90>: Failed to resolve 'www.billboard.com' ([Errno 8] nodename nor servname provided, or not known)"))
  📥 Scraping contemporary-jazz for 2004-09-18... ✗ Network error: HTTPSConnectionPool(host='www.billboard.com', port=443): Max retries exceeded with url: /charts/contemporary-jazz/2004-09-18/ (Caused by NameResolutionError("<urllib3.connection.HTTPSConnection object at 0x182385e50>: Failed to resolve 'www.billboard.com' ([Errno 8] nodename nor servname provided, or not known)"))
  📥 Scraping contemporary-jazz for 2004-09-18... ✓ (25 songs)
  📥 Scraping contemporary-jazz for 2004-09-25... ✓ (25 songs)
  📥 Scraping contemporary-jazz for 2004-10-02... ✓ (25 songs)
  📥 Scraping contemporary-jazz for 2004-10-09... ✓ (25 songs)
  📥 Scraping contemporary-jazz for 2004-10-16... ✓ (25 songs)
  📥 Scraping contemporary-jazz for 2004-10-23... ✓ (25 songs)
  📥 Scraping contemporary-jazz for 2004-10-30... ✓ (25 songs)
  📥 Scraping contemporary-jazz for 2004-11-06... ✓ (25 songs)
  📥 Scraping contemporary-jazz for 2004-11-13... ✓ (25 songs)
  contemporary-jazz: 925/2061 fetched, 257 failed, 0 clamped
  📥 Scraping contemporary-jazz for 2004-11-20... ✓ (25 songs)
  📥 Scraping contemporary-jazz for 2004-11-27... ✓ (25 songs)
  📥 Scraping contemporary-jazz for 2004-12-04... ✓ (25 songs)
  📥 Scraping contemporary-jazz for 2004-12-11... ✓ (25 songs)
  📥 Scraping contemporary-jazz for 2004-12-18... ✓ (25 songs)
  📥 Scraping contemporary-jazz for 2004-12-25... ✓ (25 songs)
  📥 Scraping contemporary-jazz for 2005-01-01... ✓ (25 songs)
  📥 Scraping contemporary-jazz for 2005-01-08... ✓ (25 songs)
  📥 Scraping contemporary-jazz for 2005-01-15... ✓ (25 songs)
  📥 Scraping contemporary-jazz for 2005-01-22... ✓ (25 songs)
  📥 Scraping contemporary-jazz for 2005-01-29... ✓ (25 songs)
  📥 Scraping contemporary-jazz for 2005-02-05... ✓ (25 songs)
  📥 Scraping contemporary-jazz for 2005-02-12... ✓ (25 songs)
  📥 Scraping contemporary-jazz for 2005-02-19... ✓ (25 songs)
  📥 Scraping contemporary-jazz for 2005-02-26... ✓ (25 songs)
  📥 Scraping contemporary-jazz for 2005-03-05... ✓ (25 songs)
  📥 Scraping contemporary-jazz for 2005-03-12... ✓ (25 songs)
  📥 Scraping contemporary-jazz for 2005-03-19... ✓ (25 songs)
  📥 Scraping contemporary-jazz for 2005-03-26... ✓ (25 songs)
  📥 Scraping contemporary-jazz for 2005-04-02... ✓ (25 songs)
  📥 Scraping contemporary-jazz for 2005-04-09... ✓ (25 songs)
  📥 Scraping contemporary-jazz for 2005-04-16... ✓ (25 songs)
  📥 Scraping contemporary-jazz for 2005-04-23... ✓ (25 songs)
  📥 Scraping contemporary-jazz for 2005-04-30... ✓ (25 songs)
  📥 Scraping contemporary-jazz for 2005-05-07... ✓ (25 songs)
  contemporary-jazz: 950/2061 fetched, 257 failed, 0 clamped
  📥 Scraping contemporary-jazz for 2005-05-14... ✓ (25 songs)
  📥 Scraping contemporary-jazz for 2005-05-21... ✓ (25 songs)
  📥 Scraping contemporary-jazz for 2005-05-28... ✓ (25 songs)
  📥 Scraping contemporary-jazz for 2005-06-04... ✓ (25 songs)
  📥 Scraping contemporary-jazz for 2005-06-11... ✓ (25 songs)
  📥 Scraping contemporary-jazz for 2005-06-18... ✓ (25 songs)
  📥 Scraping contemporary-jazz for 2005-06-25... ✓ (25 songs)
  📥 Scraping contemporary-jazz for 2005-07-02... ✓ (25 songs)
  📥 Scraping contemporary-jazz for 2005-07-09... ✓ (25 songs)
  📥 Scraping contemporary-jazz for 2005-07-16... ✓ (25 songs)
  📥 Scraping contemporary-jazz for 2005-07-23... ✓ (25 songs)
  📥 Scraping contemporary-jazz for 2005-07-30... ✓ (25 songs)
  📥 Scraping contemporary-jazz for 2005-08-06... ✓ (25 songs)
  📥 Scraping contemporary-jazz for 2005-08-13... ✓ (25 songs)
  📥 Scraping contemporary-jazz for 2005-08-20... ✓ (25 songs)
  📥 Scraping contemporary-jazz for 2005-08-27... ✓ (25 songs)
  📥 Scraping contemporary-jazz for 2005-09-03... ✓ (25 songs)
  📥 Scraping contemporary-jazz for 2005-09-10... ✓ (25 songs)
  📥 Scraping contemporary-jazz for 2005-09-17... ✓ (25 songs)
  📥 Scraping contemporary-jazz for 2005-09-24... ✓ (25 songs)
  📥 Scraping contemporary-jazz for 2005-10-01... ✓ (25 songs)
  📥 Scraping contemporary-jazz for 2005-10-08... ✓ (25 songs)
  📥 Scraping contemporary-jazz for 2005-10-15... ✓ (25 songs)
  📥 Scraping contemporary-jazz for 2005-10-22... ✓ (25 songs)
  📥 Scraping contemporary-jazz for 2005-10-29... ✓ (25 songs)
  contemporary-jazz: 975/2061 fetched, 257 failed, 0 clamped
  📥 Scraping contemporary-jazz for 2005-11-05... ✓ (25 songs)
  📥 Scraping contemporary-jazz for 2005-11-12... ✓ (25 songs)
  📥 Scraping contemporary-jazz for 2005-11-19... ✓ (25 songs)
  📥 Scraping contemporary-jazz for 2005-11-26... ✓ (25 songs)
  📥 Scraping contemporary-jazz for 2005-12-03... ✓ (25 songs)
  📥 Scraping contemporary-jazz for 2005-12-10... ✓ (25 songs)
  📥 Scraping contemporary-jazz for 2005-12-17... ✓ (25 songs)
  📥 Scraping contemporary-jazz for 2005-12-24... ✓ (25 songs)
  📥 Scraping contemporary-jazz for 2005-12-31... ✓ (25 songs)
  📥 Scraping contemporary-jazz for 2006-01-07... ✓ (25 songs)
  📥 Scraping contemporary-jazz for 2006-01-14... ✓ (25 songs)
  📥 Scraping contemporary-jazz for 2006-01-21... ✓ (25 songs)
  📥 Scraping contemporary-jazz for 2006-01-28... ✗ Network error: HTTPSConnectionPool(host='www.billboard.com', port=443): Read timed out. (read timeout=15)
  📥 Scraping contemporary-jazz for 2006-01-28... ✗ Network error: HTTPSConnectionPool(host='www.billboard.com', port=443): Read timed out. (read timeout=15)
  📥 Scraping contemporary-jazz for 2006-01-28... ✗ Network error: HTTPSConnectionPool(host='www.billboard.com', port=443): Read timed out. (read timeout=15)
  📥 Scraping contemporary-jazz for 2006-02-04... ✗ Network error: HTTPSConnectionPool(host='www.billboard.com', port=443): Read timed out. (read timeout=15)
  📥 Scraping contemporary-jazz for 2006-02-04... ✗ Network error: HTTPSConnectionPool(host='www.billboard.com', port=443): Read timed out. (read timeout=15)
  📥 Scraping contemporary-jazz for 2006-02-04... ✗ Network error: HTTPSConnectionPool(host='www.billboard.com', port=443): Read timed out. (read timeout=15)
  📥 Scraping contemporary-jazz for 2006-02-11... ✗ Network error: HTTPSConnectionPool(host='www.billboard.com', port=443): Read timed out. (read timeout=15)
  📥 Scraping contemporary-jazz for 2006-02-11... ✗ Network error: HTTPSConnectionPool(host='www.billboard.com', port=443): Read timed out. (read timeout=15)
  📥 Scraping contemporary-jazz for 2006-02-11... ✗ Network error: HTTPSConnectionPool(host='www.billboard.com', port=443): Read timed out. (read timeout=15)
  📥 Scraping contemporary-jazz for 2006-02-18... ✗ Network error: HTTPSConnectionPool(host='www.billboard.com', port=443): Read timed out. (read timeout=15)
  📥 Scraping contemporary-jazz for 2006-02-18... ✗ Network error: HTTPSConnectionPool(host='www.billboard.com', port=443): Read timed out. (read timeout=15)
  📥 Scraping contemporary-jazz for 2006-02-18... ✗ Network error: HTTPSConnectionPool(host='www.billboard.com', port=443): Read timed out. (read timeout=15)
  📥 Scraping contemporary-jazz for 2006-02-25... ✗ Network error: HTTPSConnectionPool(host='www.billboard.com', port=443): Read timed out. (read timeout=15)
  📥 Scraping contemporary-jazz for 2006-02-25... ✗ Network error: HTTPSConnectionPool(host='www.billboard.com', port=443): Read timed out. (read timeout=15)
  📥 Scraping contemporary-jazz for 2006-02-25... ✗ Network error: HTTPSConnectionPool(host='www.billboard.com', port=443): Read timed out. (read timeout=15)
  📥 Scraping contemporary-jazz for 2006-03-04... ✗ Network error: HTTPSConnectionPool(host='www.billboard.com', port=443): Read timed out. (read timeout=15)
  📥 Scraping contemporary-jazz for 2006-03-04... ✗ Network error: HTTPSConnectionPool(host='www.billboard.com', port=443): Read timed out. (read timeout=15)
  📥 Scraping contemporary-jazz for 2006-03-04... ✗ Network error: HTTPSConnectionPool(host='www.billboard.com', port=443): Read timed out. (read timeout=15)
  📥 Scraping contemporary-jazz for 2006-03-11... ✗ Network error: HTTPSConnectionPool(host='www.billboard.com', port=443): Read timed out. (read timeout=15)
  📥 Scraping contemporary-jazz for 2006-03-11... ✗ Network error: HTTPSConnectionPool(host='www.billboard.com', port=443): Read timed out. (read timeout=15)
  📥 Scraping contemporary-jazz for 2006-03-11... ✗ Network error: HTTPSConnectionPool(host='www.billboard.com', port=443): Read timed out. (read timeout=15)
  📥 Scraping contemporary-jazz for 2006-03-18... ✗ Network error: HTTPSConnectionPool(host='www.billboard.com', port=443): Read timed out. (read timeout=15)
  📥 Scraping contemporary-jazz for 2006-03-18... ✗ Network error: HTTPSConnectionPool(host='www.billboard.com', port=443): Read timed out. (read timeout=15)
  📥 Scraping contemporary-jazz for 2006-03-18... ✗ Network error: HTTPSConnectionPool(host='www.billboard.com', port=443): Read timed out. (read timeout=15)
  📥 Scraping contemporary-jazz for 2006-03-25... ✗ Network error: HTTPSConnectionPool(host='www.billboard.com', port=443): Read timed out. (read timeout=15)
  📥 Scraping contemporary-jazz for 2006-03-25... ✗ Network error: HTTPSConnectionPool(host='www.billboard.com', port=443): Read timed out. (read timeout=15)
  📥 Scraping contemporary-jazz for 2006-03-25... ✗ Network error: HTTPSConnectionPool(host='www.billboard.com', port=443): Read timed out. (read timeout=15)
  📥 Scraping contemporary-jazz for 2006-04-01... ✗ Network error: HTTPSConnectionPool(host='www.billboard.com', port=443): Read timed out. (read timeout=15)
  📥 Scraping contemporary-jazz for 2006-04-01... ✗ Network error: HTTPSConnectionPool(host='www.billboard.com', port=443): Read timed out. (read timeout=15)
  📥 Scraping contemporary-jazz for 2006-04-01... ✗ Network error: HTTPSConnectionPool(host='www.billboard.com', port=443): Read timed out. (read timeout=15)
  📥 Scraping contemporary-jazz for 2006-04-08... ✗ Network error: HTTPSConnectionPool(host='www.billboard.com', port=443): Read timed out. (read timeout=15)
  📥 Scraping contemporary-jazz for 2006-04-08... ✗ Network error: HTTPSConnectionPool(host='www.billboard.com', port=443): Read timed out. (read timeout=15)
  📥 Scraping contemporary-jazz for 2006-04-08... ✗ Network error: HTTPSConnectionPool(host='www.billboard.com', port=443): Read timed out. (read timeout=15)
  📥 Scraping contemporary-jazz for 2006-04-15... ✗ Network error: HTTPSConnectionPool(host='www.billboard.com', port=443): Read timed out. (read timeout=15)
  📥 Scraping contemporary-jazz for 2006-04-15... ✗ Network error: HTTPSConnectionPool(host='www.billboard.com', port=443): Read timed out. (read timeout=15)
  📥 Scraping contemporary-jazz for 2006-04-15... ✗ Network error: HTTPSConnectionPool(host='www.billboard.com', port=443): Read timed out. (read timeout=15)
  📥 Scraping contemporary-jazz for 2006-04-22... ✗ Network error: HTTPSConnectionPool(host='www.billboard.com', port=443): Read timed out. (read timeout=15)
  📥 Scraping contemporary-jazz for 2006-04-22... ✗ Network error: HTTPSConnectionPool(host='www.billboard.com', port=443): Read timed out. (read timeout=15)
  📥 Scraping contemporary-jazz for 2006-04-22... ✗ Network error: HTTPSConnectionPool(host='www.billboard.com', port=443): Read timed out. (read timeout=15)
  📥 Scraping contemporary-jazz for 2006-04-29... ✗ Network error: HTTPSConnectionPool(host='www.billboard.com', port=443): Read timed out. (read timeout=15)
  📥 Scraping contemporary-jazz for 2006-04-29... ✗ Network error: HTTPSConnectionPool(host='www.billboard.com', port=443): Read timed out. (read timeout=15)
  📥 Scraping contemporary-jazz for 2006-04-29... ✗ Network error: HTTPSConnectionPool(host='www.billboard.com', port=443): Read timed out. (read timeout=15)
  📥 Scraping contemporary-jazz for 2006-05-06... ✗ Network error: HTTPSConnectionPool(host='www.billboard.com', port=443): Read timed out. (read timeout=15)
  📥 Scraping contemporary-jazz for 2006-05-06... ✗ Network error: HTTPSConnectionPool(host='www.billboard.com', port=443): Read timed out. (read timeout=15)
  📥 Scraping contemporary-jazz for 2006-05-06... ✗ Network error: HTTPSConnectionPool(host='www.billboard.com', port=443): Read timed out. (read timeout=15)
  📥 Scraping contemporary-jazz for 2006-05-13... ✗ Network error: HTTPSConnectionPool(host='www.billboard.com', port=443): Read timed out. (read timeout=15)
  📥 Scraping contemporary-jazz for 2006-05-13... ✗ Network error: HTTPSConnectionPool(host='www.billboard.com', port=443): Read timed out. (read timeout=15)
  📥 Scraping contemporary-jazz for 2006-05-13... ✗ Network error: HTTPSConnectionPool(host='www.billboard.com', port=443): Read timed out. (read timeout=15)
  📥 Scraping contemporary-jazz for 2006-05-20... ✗ Network error: HTTPSConnectionPool(host='www.billboard.com', port=443): Read timed out. (read timeout=15)
  📥 Scraping contemporary-jazz for 2006-05-20... ✗ Network error: HTTPSConnectionPool(host='www.billboard.com', port=443): Read timed out. (read timeout=15)
  📥 Scraping contemporary-jazz for 2006-05-20... ✗ Network error: HTTPSConnectionPool(host='www.billboard.com', port=443): Read timed out. (read timeout=15)
  📥 Scraping contemporary-jazz for 2006-05-27... ✗ Network error: HTTPSConnectionPool(host='www.billboard.com', port=443): Read timed out. (read timeout=15)
  📥 Scraping contemporary-jazz for 2006-05-27... ✗ Network error: HTTPSConnectionPool(host='www.billboard.com', port=443): Read timed out. (read timeout=15)
  📥 Scraping contemporary-jazz for 2006-05-27... ✗ Network error: HTTPSConnectionPool(host='www.billboard.com', port=443): Read timed out. (read timeout=15)
  📥 Scraping contemporary-jazz for 2006-06-03... ✗ Network error: HTTPSConnectionPool(host='www.billboard.com', port=443): Read timed out. (read timeout=15)
  📥 Scraping contemporary-jazz for 2006-06-03... ✗ Network error: HTTPSConnectionPool(host='www.billboard.com', port=443): Read timed out. (read timeout=15)
  📥 Scraping contemporary-jazz for 2006-06-03... ✗ Network error: HTTPSConnectionPool(host='www.billboard.com', port=443): Read timed out. (read timeout=15)
  📥 Scraping contemporary-jazz for 2006-06-10... ✗ Network error: HTTPSConnectionPool(host='www.billboard.com', port=443): Read timed out. (read timeout=15)
  📥 Scraping contemporary-jazz for 2006-06-10... ✗ Network error: HTTPSConnectionPool(host='www.billboard.com', port=443): Read timed out. (read timeout=15)
  📥 Scraping contemporary-jazz for 2006-06-10... ✗ Network error: HTTPSConnectionPool(host='www.billboard.com', port=443): Read timed out. (read timeout=15)
  📥 Scraping contemporary-jazz for 2006-06-17... ✗ Network error: HTTPSConnectionPool(host='www.billboard.com', port=443): Read timed out. (read timeout=15)
  📥 Scraping contemporary-jazz for 2006-06-17... ✗ Network error: HTTPSConnectionPool(host='www.billboard.com', port=443): Read timed out. (read timeout=15)
  📥 Scraping contemporary-jazz for 2006-06-17... ✗ Network error: HTTPSConnectionPool(host='www.billboard.com', port=443): Read timed out. (read timeout=15)
  📥 Scraping contemporary-jazz for 2006-06-24... ✗ Network error: HTTPSConnectionPool(host='www.billboard.com', port=443): Read timed out. (read timeout=15)
  📥 Scraping contemporary-jazz for 2006-06-24... ✗ Network error: HTTPSConnectionPool(host='www.billboard.com', port=443): Read timed out. (read timeout=15)
  📥 Scraping contemporary-jazz for 2006-06-24... ✗ Network error: HTTPSConnectionPool(host='www.billboard.com', port=443): Read timed out. (read timeout=15)
  📥 Scraping contemporary-jazz for 2006-07-01... ✗ Network error: HTTPSConnectionPool(host='www.billboard.com', port=443): Read timed out. (read timeout=15)
  📥 Scraping contemporary-jazz for 2006-07-01... ✗ Network error: HTTPSConnectionPool(host='www.billboard.com', port=443): Max retries exceeded with url: /charts/contemporary-jazz/2006-07-01/ (Caused by NameResolutionError("<urllib3.connection.HTTPSConnection object at 0x17e929d10>: Failed to resolve 'www.billboard.com' ([Errno 8] nodename nor servname provided, or not known)"))
  📥 Scraping contemporary-jazz for 2006-07-01... ✗ Network error: HTTPSConnectionPool(host='www.billboard.com', port=443): Max retries exceeded with url: /charts/contemporary-jazz/2006-07-01/ (Caused by NameResolutionError("<urllib3.connection.HTTPSConnection object at 0x17d2a4050>: Failed to resolve 'www.billboard.com' ([Errno 8] nodename nor servname provided, or not known)"))
  📥 Scraping contemporary-jazz for 2006-07-08... ✗ Network error: HTTPSConnectionPool(host='www.billboard.com', port=443): Max retries exceeded with url: /charts/contemporary-jazz/2006-07-08/ (Caused by NameResolutionError("<urllib3.connection.HTTPSConnection object at 0x17d2a4410>: Failed to resolve 'www.billboard.com' ([Errno 8] nodename nor servname provided, or not known)"))
  📥 Scraping contemporary-jazz for 2006-07-08... ✗ Network error: HTTPSConnectionPool(host='www.billboard.com', port=443): Max retries exceeded with url: /charts/contemporary-jazz/2006-07-08/ (Caused by NameResolutionError("<urllib3.connection.HTTPSConnection object at 0x17d2a47d0>: Failed to resolve 'www.billboard.com' ([Errno 8] nodename nor servname provided, or not known)"))
  📥 Scraping contemporary-jazz for 2006-07-08... ✗ Network error: HTTPSConnectionPool(host='www.billboard.com', port=443): Max retries exceeded with url: /charts/contemporary-jazz/2006-07-08/ (Caused by NameResolutionError("<urllib3.connection.HTTPSConnection object at 0x17d2a4b90>: Failed to resolve 'www.billboard.com' ([Errno 8] nodename nor servname provided, or not known)"))
  📥 Scraping contemporary-jazz for 2006-07-15... ✗ Network error: HTTPSConnectionPool(host='www.billboard.com', port=443): Max retries exceeded with url: /charts/contemporary-jazz/2006-07-15/ (Caused by NameResolutionError("<urllib3.connection.HTTPSConnection object at 0x17d2a4f50>: Failed to resolve 'www.billboard.com' ([Errno 8] nodename nor servname provided, or not known)"))
  📥 Scraping contemporary-jazz for 2006-07-15... ✗ Network error: HTTPSConnectionPool(host='www.billboard.com', port=443): Max retries exceeded with url: /charts/contemporary-jazz/2006-07-15/ (Caused by NameResolutionError("<urllib3.connection.HTTPSConnection object at 0x17d2a5310>: Failed to resolve 'www.billboard.com' ([Errno 8] nodename nor servname provided, or not known)"))
  📥 Scraping contemporary-jazz for 2006-07-15... ✗ Network error: HTTPSConnectionPool(host='www.billboard.com', port=443): Max retries exceeded with url: /charts/contemporary-jazz/2006-07-15/ (Caused by NameResolutionError("<urllib3.connection.HTTPSConnection object at 0x17d2a56d0>: Failed to resolve 'www.billboard.com' ([Errno 8] nodename nor servname provided, or not known)"))
  📥 Scraping contemporary-jazz for 2006-07-22... ✗ Network error: HTTPSConnectionPool(host='www.billboard.com', port=443): Max retries exceeded with url: /charts/contemporary-jazz/2006-07-22/ (Caused by NameResolutionError("<urllib3.connection.HTTPSConnection object at 0x17d2a5a90>: Failed to resolve 'www.billboard.com' ([Errno 8] nodename nor servname provided, or not known)"))
  📥 Scraping contemporary-jazz for 2006-07-22... ✗ Network error: HTTPSConnectionPool(host='www.billboard.com', port=443): Max retries exceeded with url: /charts/contemporary-jazz/2006-07-22/ (Caused by NameResolutionError("<urllib3.connection.HTTPSConnection object at 0x17d2a5e50>: Failed to resolve 'www.billboard.com' ([Errno 8] nodename nor servname provided, or not known)"))
  📥 Scraping contemporary-jazz for 2006-07-22... ✗ Network error: HTTPSConnectionPool(host='www.billboard.com', port=443): Max retries exceeded with url: /charts/contemporary-jazz/2006-07-22/ (Caused by NameResolutionError("<urllib3.connection.HTTPSConnection object at 0x17d2a6210>: Failed to resolve 'www.billboard.com' ([Errno 8] nodename nor servname provided, or not known)"))
  📥 Scraping contemporary-jazz for 2006-07-29... ✗ Network error: HTTPSConnectionPool(host='www.billboard.com', port=443): Max retries exceeded with url: /charts/contemporary-jazz/2006-07-29/ (Caused by NameResolutionError("<urllib3.connection.HTTPSConnection object at 0x17d2a65d0>: Failed to resolve 'www.billboard.com' ([Errno 8] nodename nor servname provided, or not known)"))
  📥 Scraping contemporary-jazz for 2006-07-29... ✗ Network error: HTTPSConnectionPool(host='www.billboard.com', port=443): Max retries exceeded with url: /charts/contemporary-jazz/2006-07-29/ (Caused by NameResolutionError("<urllib3.connection.HTTPSConnection object at 0x17d2a6990>: Failed to resolve 'www.billboard.com' ([Errno 8] nodename nor servname provided, or not known)"))
  📥 Scraping contemporary-jazz for 2006-07-29... ✗ Network error: HTTPSConnectionPool(host='www.billboard.com', port=443): Max retries exceeded with url: /charts/contemporary-jazz/2006-07-29/ (Caused by NameResolutionError("<urllib3.connection.HTTPSConnection object at 0x17d2a6d50>: Failed to resolve 'www.billboard.com' ([Errno 8] nodename nor servname provided, or not known)"))
  📥 Scraping contemporary-jazz for 2006-08-05... ✗ Network error: HTTPSConnectionPool(host='www.billboard.com', port=443): Max retries exceeded with url: /charts/contemporary-jazz/2006-08-05/ (Caused by NameResolutionError("<urllib3.connection.HTTPSConnection object at 0x17d2a7110>: Failed to resolve 'www.billboard.com' ([Errno 8] nodename nor servname provided, or not known)"))
  📥 Scraping contemporary-jazz for 2006-08-05... ✗ Network error: HTTPSConnectionPool(host='www.billboard.com', port=443): Max retries exceeded with url: /charts/contemporary-jazz/2006-08-05/ (Caused by NameResolutionError("<urllib3.connection.HTTPSConnection object at 0x17d2a74d0>: Failed to resolve 'www.billboard.com' ([Errno 8] nodename nor servname provided, or not known)"))
  📥 Scraping contemporary-jazz for 2006-08-05... ✗ Network error: HTTPSConnectionPool(host='www.billboard.com', port=443): Max retries exceeded with url: /charts/contemporary-jazz/2006-08-05/ (Caused by NameResolutionError("<urllib3.connection.HTTPSConnection object at 0x17d2a7890>: Failed to resolve 'www.billboard.com' ([Errno 8] nodename nor servname provided, or not known)"))
  📥 Scraping contemporary-jazz for 2006-08-12... ✗ Network error: HTTPSConnectionPool(host='www.billboard.com', port=443): Max retries exceeded with url: /charts/contemporary-jazz/2006-08-12/ (Caused by NameResolutionError("<urllib3.connection.HTTPSConnection object at 0x17e079d10>: Failed to resolve 'www.billboard.com' ([Errno 8] nodename nor servname provided, or not known)"))
  📥 Scraping contemporary-jazz for 2006-08-12... ✗ Network error: HTTPSConnectionPool(host='www.billboard.com', port=443): Max retries exceeded with url: /charts/contemporary-jazz/2006-08-12/ (Caused by NameResolutionError("<urllib3.connection.HTTPSConnection object at 0x17d2a7750>: Failed to resolve 'www.billboard.com' ([Errno 8] nodename nor servname provided, or not known)"))
  📥 Scraping contemporary-jazz for 2006-08-12... ✗ Network error: HTTPSConnectionPool(host='www.billboard.com', port=443): Max retries exceeded with url: /charts/contemporary-jazz/2006-08-12/ (Caused by NameResolutionError("<urllib3.connection.HTTPSConnection object at 0x17d2a7390>: Failed to resolve 'www.billboard.com' ([Errno 8] nodename nor servname provided, or not known)"))
  📥 Scraping contemporary-jazz for 2006-08-19... ✗ Network error: HTTPSConnectionPool(host='www.billboard.com', port=443): Max retries exceeded with url: /charts/contemporary-jazz/2006-08-19/ (Caused by NameResolutionError("<urllib3.connection.HTTPSConnection object at 0x17d2a6fd0>: Failed to resolve 'www.billboard.com' ([Errno 8] nodename nor servname provided, or not known)"))
  📥 Scraping contemporary-jazz for 2006-08-19... ✗ Network error: HTTPSConnectionPool(host='www.billboard.com', port=443): Max retries exceeded with url: /charts/contemporary-jazz/2006-08-19/ (Caused by NameResolutionError("<urllib3.connection.HTTPSConnection object at 0x17d2a6c10>: Failed to resolve 'www.billboard.com' ([Errno 8] nodename nor servname provided, or not known)"))
  📥 Scraping contemporary-jazz for 2006-08-19... ✗ Network error: HTTPSConnectionPool(host='www.billboard.com', port=443): Max retries exceeded with url: /charts/contemporary-jazz/2006-08-19/ (Caused by NameResolutionError("<urllib3.connection.HTTPSConnection object at 0x17d2a6850>: Failed to resolve 'www.billboard.com' ([Errno 8] nodename nor servname provided, or not known)"))
  📥 Scraping contemporary-jazz for 2006-08-26... ✗ Network error: HTTPSConnectionPool(host='www.billboard.com', port=443): Max retries exceeded with url: /charts/contemporary-jazz/2006-08-26/ (Caused by NameResolutionError("<urllib3.connection.HTTPSConnection object at 0x17d2a6490>: Failed to resolve 'www.billboard.com' ([Errno 8] nodename nor servname provided, or not known)"))
  📥 Scraping contemporary-jazz for 2006-08-26... ✗ Network error: HTTPSConnectionPool(host='www.billboard.com', port=443): Max retries exceeded with url: /charts/contemporary-jazz/2006-08-26/ (Caused by NameResolutionError("<urllib3.connection.HTTPSConnection object at 0x17d2a60d0>: Failed to resolve 'www.billboard.com' ([Errno 8] nodename nor servname provided, or not known)"))
  📥 Scraping contemporary-jazz for 2006-08-26... ✗ Network error: HTTPSConnectionPool(host='www.billboard.com', port=443): Max retries exceeded with url: /charts/contemporary-jazz/2006-08-26/ (Caused by NameResolutionError("<urllib3.connection.HTTPSConnection object at 0x17d2a5d10>: Failed to resolve 'www.billboard.com' ([Errno 8] nodename nor servname provided, or not known)"))
  📥 Scraping contemporary-jazz for 2006-09-02... ✗ Network error: HTTPSConnectionPool(host='www.billboard.com', port=443): Max retries exceeded with url: /charts/contemporary-jazz/2006-09-02/ (Caused by NameResolutionError("<urllib3.connection.HTTPSConnection object at 0x17d2a5950>: Failed to resolve 'www.billboard.com' ([Errno 8] nodename nor servname provided, or not known)"))
  📥 Scraping contemporary-jazz for 2006-09-02... ✗ Network error: HTTPSConnectionPool(host='www.billboard.com', port=443): Max retries exceeded with url: /charts/contemporary-jazz/2006-09-02/ (Caused by NameResolutionError("<urllib3.connection.HTTPSConnection object at 0x17d2a5590>: Failed to resolve 'www.billboard.com' ([Errno 8] nodename nor servname provided, or not known)"))
  📥 Scraping contemporary-jazz for 2006-09-02... ✗ Network error: HTTPSConnectionPool(host='www.billboard.com', port=443): Max retries exceeded with url: /charts/contemporary-jazz/2006-09-02/ (Caused by NameResolutionError("<urllib3.connection.HTTPSConnection object at 0x17d2a51d0>: Failed to resolve 'www.billboard.com' ([Errno 8] nodename nor servname provided, or not known)"))
  📥 Scraping contemporary-jazz for 2006-09-09... ✗ Network error: HTTPSConnectionPool(host='www.billboard.com', port=443): Max retries exceeded with url: /charts/contemporary-jazz/2006-09-09/ (Caused by NameResolutionError("<urllib3.connection.HTTPSConnection object at 0x17d2a4e10>: Failed to resolve 'www.billboard.com' ([Errno 8] nodename nor servname provided, or not known)"))
  📥 Scraping contemporary-jazz for 2006-09-09... ✗ Network error: HTTPSConnectionPool(host='www.billboard.com', port=443): Max retries exceeded with url: /charts/contemporary-jazz/2006-09-09/ (Caused by NameResolutionError("<urllib3.connection.HTTPSConnection object at 0x17d2a4a50>: Failed to resolve 'www.billboard.com' ([Errno 8] nodename nor servname provided, or not known)"))
  📥 Scraping contemporary-jazz for 2006-09-09... ✗ Network error: HTTPSConnectionPool(host='www.billboard.com', port=443): Max retries exceeded with url: /charts/contemporary-jazz/2006-09-09/ (Caused by NameResolutionError("<urllib3.connection.HTTPSConnection object at 0x17d2a4690>: Failed to resolve 'www.billboard.com' ([Errno 8] nodename nor servname provided, or not known)"))
  📥 Scraping contemporary-jazz for 2006-09-16... ✗ Network error: HTTPSConnectionPool(host='www.billboard.com', port=443): Max retries exceeded with url: /charts/contemporary-jazz/2006-09-16/ (Caused by NameResolutionError("<urllib3.connection.HTTPSConnection object at 0x17d2a42d0>: Failed to resolve 'www.billboard.com' ([Errno 8] nodename nor servname provided, or not known)"))
  📥 Scraping contemporary-jazz for 2006-09-16... ✗ Network error: HTTPSConnectionPool(host='www.billboard.com', port=443): Max retries exceeded with url: /charts/contemporary-jazz/2006-09-16/ (Caused by NameResolutionError("<urllib3.connection.HTTPSConnection object at 0x17d2a7c50>: Failed to resolve 'www.billboard.com' ([Errno 8] nodename nor servname provided, or not known)"))
  📥 Scraping contemporary-jazz for 2006-09-16... ✗ Network error: HTTPSConnectionPool(host='www.billboard.com', port=443): Max retries exceeded with url: /charts/contemporary-jazz/2006-09-16/ (Caused by NameResolutionError("<urllib3.connection.HTTPSConnection object at 0x17e92bb10>: Failed to resolve 'www.billboard.com' ([Errno 8] nodename nor servname provided, or not known)"))
  📥 Scraping contemporary-jazz for 2006-09-23... ✗ Network error: HTTPSConnectionPool(host='www.billboard.com', port=443): Max retries exceeded with url: /charts/contemporary-jazz/2006-09-23/ (Caused by NameResolutionError("<urllib3.connection.HTTPSConnection object at 0x17d2a42d0>: Failed to resolve 'www.billboard.com' ([Errno 8] nodename nor servname provided, or not known)"))
  📥 Scraping contemporary-jazz for 2006-09-23... ✗ Network error: HTTPSConnectionPool(host='www.billboard.com', port=443): Max retries exceeded with url: /charts/contemporary-jazz/2006-09-23/ (Caused by NameResolutionError("<urllib3.connection.HTTPSConnection object at 0x17d2a4690>: Failed to resolve 'www.billboard.com' ([Errno 8] nodename nor servname provided, or not known)"))
  📥 Scraping contemporary-jazz for 2006-09-23... ✗ Network error: HTTPSConnectionPool(host='www.billboard.com', port=443): Max retries exceeded with url: /charts/contemporary-jazz/2006-09-23/ (Caused by NameResolutionError("<urllib3.connection.HTTPSConnection object at 0x17d2a4a50>: Failed to resolve 'www.billboard.com' ([Errno 8] nodename nor servname provided, or not known)"))
  📥 Scraping contemporary-jazz for 2006-09-30... ✗ Network error: HTTPSConnectionPool(host='www.billboard.com', port=443): Max retries exceeded with url: /charts/contemporary-jazz/2006-09-30/ (Caused by NameResolutionError("<urllib3.connection.HTTPSConnection object at 0x17d2a4e10>: Failed to resolve 'www.billboard.com' ([Errno 8] nodename nor servname provided, or not known)"))
  📥 Scraping contemporary-jazz for 2006-09-30... ✗ Network error: HTTPSConnectionPool(host='www.billboard.com', port=443): Max retries exceeded with url: /charts/contemporary-jazz/2006-09-30/ (Caused by NameResolutionError("<urllib3.connection.HTTPSConnection object at 0x17d2a51d0>: Failed to resolve 'www.billboard.com' ([Errno 8] nodename nor servname provided, or not known)"))
  📥 Scraping contemporary-jazz for 2006-09-30... ✗ Network error: HTTPSConnectionPool(host='www.billboard.com', port=443): Max retries exceeded with url: /charts/contemporary-jazz/2006-09-30/ (Caused by NameResolutionError("<urllib3.connection.HTTPSConnection object at 0x17d2a5590>: Failed to resolve 'www.billboard.com' ([Errno 8] nodename nor servname provided, or not known)"))
  📥 Scraping contemporary-jazz for 2006-10-07... ✗ Network error: HTTPSConnectionPool(host='www.billboard.com', port=443): Max retries exceeded with url: /charts/contemporary-jazz/2006-10-07/ (Caused by NameResolutionError("<urllib3.connection.HTTPSConnection object at 0x17d2a5950>: Failed to resolve 'www.billboard.com' ([Errno 8] nodename nor servname provided, or not known)"))
  📥 Scraping contemporary-jazz for 2006-10-07... ✗ Network error: HTTPSConnectionPool(host='www.billboard.com', port=443): Max retries exceeded with url: /charts/contemporary-jazz/2006-10-07/ (Caused by NameResolutionError("<urllib3.connection.HTTPSConnection object at 0x17d2a5d10>: Failed to resolve 'www.billboard.com' ([Errno 8] nodename nor servname provided, or not known)"))
  📥 Scraping contemporary-jazz for 2006-10-07... ✗ Network error: HTTPSConnectionPool(host='www.billboard.com', port=443): Max retries exceeded with url: /charts/contemporary-jazz/2006-10-07/ (Caused by NameResolutionError("<urllib3.connection.HTTPSConnection object at 0x17d2a60d0>: Failed to resolve 'www.billboard.com' ([Errno 8] nodename nor servname provided, or not known)"))
  📥 Scraping contemporary-jazz for 2006-10-14... ✓ (25 songs)
  contemporary-jazz: 1025/2061 fetched, 294 failed, 0 clamped
  📥 Scraping contemporary-jazz for 2006-10-21... ✓ (25 songs)
  📥 Scraping contemporary-jazz for 2006-10-28... ✓ (25 songs)
  📥 Scraping contemporary-jazz for 2006-11-04... ✓ (25 songs)
  📥 Scraping contemporary-jazz for 2006-11-11... ✓ (25 songs)
  📥 Scraping contemporary-jazz for 2006-11-18... ✓ (25 songs)
  📥 Scraping contemporary-jazz for 2006-11-25... ✓ (25 songs)
  📥 Scraping contemporary-jazz for 2006-12-02... ✓ (25 songs)
  📥 Scraping contemporary-jazz for 2006-12-09... ✓ (25 songs)
  📥 Scraping contemporary-jazz for 2006-12-16... ✓ (25 songs)
  📥 Scraping contemporary-jazz for 2006-12-23... ✓ (25 songs)
  📥 Scraping contemporary-jazz for 2006-12-30... ✓ (25 songs)
  📥 Scraping contemporary-jazz for 2007-01-06... ✓ (25 songs)
  📥 Scraping contemporary-jazz for 2007-01-13... ✓ (25 songs)
  📥 Scraping contemporary-jazz for 2007-01-20... ✓ (25 songs)
  📥 Scraping contemporary-jazz for 2007-01-27... ✓ (25 songs)
  📥 Scraping contemporary-jazz for 2007-02-03... ✓ (25 songs)
  📥 Scraping contemporary-jazz for 2007-02-10... ✓ (25 songs)
  📥 Scraping contemporary-jazz for 2007-02-17... ✓ (25 songs)
  📥 Scraping contemporary-jazz for 2007-02-24... ✓ (25 songs)
  📥 Scraping contemporary-jazz for 2007-03-03... ✓ (25 songs)
  📥 Scraping contemporary-jazz for 2007-03-10... ✓ (25 songs)
  📥 Scraping contemporary-jazz for 2007-03-17... ✓ (25 songs)
  📥 Scraping contemporary-jazz for 2007-03-24... ✓ (25 songs)
  📥 Scraping contemporary-jazz for 2007-03-31... ✓ (25 songs)
  📥 Scraping contemporary-jazz for 2007-04-07... ✓ (25 songs)
  contemporary-jazz: 1050/2061 fetched, 294 failed, 0 clamped
  📥 Scraping contemporary-jazz for 2007-04-14... ✓ (25 songs)
  📥 Scraping contemporary-jazz for 2007-04-21... ✓ (25 songs)
  📥 Scraping contemporary-jazz for 2007-04-28... ✓ (25 songs)
  📥 Scraping contemporary-jazz for 2007-05-05... ✓ (25 songs)
  📥 Scraping contemporary-jazz for 2007-05-12... ✓ (25 songs)
  📥 Scraping contemporary-jazz for 2007-05-19... ✓ (25 songs)
  📥 Scraping contemporary-jazz for 2007-05-26... ✓ (25 songs)
  📥 Scraping contemporary-jazz for 2007-06-02... ✓ (25 songs)
  📥 Scraping contemporary-jazz for 2007-06-09... ✓ (25 songs)
  📥 Scraping contemporary-jazz for 2007-06-16... ✓ (25 songs)
  📥 Scraping contemporary-jazz for 2007-06-23... ✓ (25 songs)
  📥 Scraping contemporary-jazz for 2007-06-30... ✓ (25 songs)
  📥 Scraping contemporary-jazz for 2007-07-07... ✓ (25 songs)
  📥 Scraping contemporary-jazz for 2007-07-14... ✓ (25 songs)
  📥 Scraping contemporary-jazz for 2007-07-21... ✓ (25 songs)
  📥 Scraping contemporary-jazz for 2007-07-28... ✓ (25 songs)
  📥 Scraping contemporary-jazz for 2007-08-04... ✓ (25 songs)
  📥 Scraping contemporary-jazz for 2007-08-11... ✗ Network error: HTTPSConnectionPool(host='www.billboard.com', port=443): Read timed out. (read timeout=15)
  📥 Scraping contemporary-jazz for 2007-08-11... ✓ (25 songs)
  📥 Scraping contemporary-jazz for 2007-08-18... ✓ (25 songs)
  📥 Scraping contemporary-jazz for 2007-08-25... ✓ (25 songs)
  📥 Scraping contemporary-jazz for 2007-09-01... ✓ (25 songs)
  📥 Scraping contemporary-jazz for 2007-09-08... ✓ (25 songs)
  📥 Scraping contemporary-jazz for 2007-09-15... ✓ (25 songs)
  📥 Scraping contemporary-jazz for 2007-09-22... ✓ (25 songs)
  📥 Scraping contemporary-jazz for 2007-09-29... ✓ (25 songs)
  contemporary-jazz: 1075/2061 fetched, 294 failed, 0 clamped
  📥 Scraping contemporary-jazz for 2007-10-06... ✓ (25 songs)
  📥 Scraping contemporary-jazz for 2007-10-13... ✓ (25 songs)
  📥 Scraping contemporary-jazz for 2007-10-20... ✓ (25 songs)
  📥 Scraping contemporary-jazz for 2007-10-27... ✓ (25 songs)
  📥 Scraping contemporary-jazz for 2007-11-03... ✓ (25 songs)
  📥 Scraping contemporary-jazz for 2007-11-10... ✓ (25 songs)
  📥 Scraping contemporary-jazz for 2007-11-17... ✓ (25 songs)
  📥 Scraping contemporary-jazz for 2007-11-24... ✓ (25 songs)
  📥 Scraping contemporary-jazz for 2007-12-01... ✓ (25 songs)
  📥 Scraping contemporary-jazz for 2007-12-08... ✓ (25 songs)
  📥 Scraping contemporary-jazz for 2007-12-15... ✓ (25 songs)
  📥 Scraping contemporary-jazz for 2007-12-22... ✓ (25 songs)
  📥 Scraping contemporary-jazz for 2007-12-29... ✓ (25 songs)
  📥 Scraping contemporary-jazz for 2008-01-05... ✓ (25 songs)
  📥 Scraping contemporary-jazz for 2008-01-12... ✓ (25 songs)
  📥 Scraping contemporary-jazz for 2008-01-19... ✓ (25 songs)
  📥 Scraping contemporary-jazz for 2008-01-26... ✓ (25 songs)
  📥 Scraping contemporary-jazz for 2008-02-02... ✓ (25 songs)
  📥 Scraping contemporary-jazz for 2008-02-09... ✓ (25 songs)
  📥 Scraping contemporary-jazz for 2008-02-16... ✓ (25 songs)
  📥 Scraping contemporary-jazz for 2008-02-23... ✓ (25 songs)
  📥 Scraping contemporary-jazz for 2008-03-01... ✓ (25 songs)
  📥 Scraping contemporary-jazz for 2008-03-08... ✓ (25 songs)
  📥 Scraping contemporary-jazz for 2008-03-15... ✓ (25 songs)
  📥 Scraping contemporary-jazz for 2008-03-22... ✓ (25 songs)
  contemporary-jazz: 1100/2061 fetched, 294 failed, 0 clamped
  📥 Scraping contemporary-jazz for 2008-03-29... ✓ (25 songs)
  📥 Scraping contemporary-jazz for 2008-04-05... ✓ (25 songs)
  📥 Scraping contemporary-jazz for 2008-04-12... ✗ Network error: HTTPSConnectionPool(host='www.billboard.com', port=443): Max retries exceeded with url: /charts/contemporary-jazz/2008-04-12/ (Caused by NewConnectionError('<urllib3.connection.HTTPSConnection object at 0x17b989590>: Failed to establish a new connection: [Errno 65] No route to host'))
  📥 Scraping contemporary-jazz for 2008-04-12... ✗ Network error: HTTPSConnectionPool(host='www.billboard.com', port=443): Max retries exceeded with url: /charts/contemporary-jazz/2008-04-12/ (Caused by NameResolutionError("<urllib3.connection.HTTPSConnection object at 0x17b98a850>: Failed to resolve 'www.billboard.com' ([Errno 8] nodename nor servname provided, or not known)"))
  📥 Scraping contemporary-jazz for 2008-04-12... ✗ Network error: HTTPSConnectionPool(host='www.billboard.com', port=443): Max retries exceeded with url: /charts/contemporary-jazz/2008-04-12/ (Caused by NameResolutionError("<urllib3.connection.HTTPSConnection object at 0x17b989810>: Failed to resolve 'www.billboard.com' ([Errno 8] nodename nor servname provided, or not known)"))
  📥 Scraping contemporary-jazz for 2008-04-19... ✗ Network error: HTTPSConnectionPool(host='www.billboard.com', port=443): Max retries exceeded with url: /charts/contemporary-jazz/2008-04-19/ (Caused by NameResolutionError("<urllib3.connection.HTTPSConnection object at 0x17b98b110>: Failed to resolve 'www.billboard.com' ([Errno 8] nodename nor servname provided, or not known)"))
  📥 Scraping contemporary-jazz for 2008-04-19... ✗ Network error: HTTPSConnectionPool(host='www.billboard.com', port=443): Max retries exceeded with url: /charts/contemporary-jazz/2008-04-19/ (Caused by NameResolutionError("<urllib3.connection.HTTPSConnection object at 0x17b98b250>: Failed to resolve 'www.billboard.com' ([Errno 8] nodename nor servname provided, or not known)"))
  📥 Scraping contemporary-jazz for 2008-04-19... ✗ Network error: HTTPSConnectionPool(host='www.billboard.com', port=443): Max retries exceeded with url: /charts/contemporary-jazz/2008-04-19/ (Caused by NameResolutionError("<urllib3.connection.HTTPSConnection object at 0x17b98a0d0>: Failed to resolve 'www.billboard.com' ([Errno 8] nodename nor servname provided, or not known)"))
  📥 Scraping contemporary-jazz for 2008-04-26... ✓ (25 songs)
  📥 Scraping contemporary-jazz for 2008-05-03... ✓ (25 songs)
  📥 Scraping contemporary-jazz for 2008-05-10... ✓ (25 songs)
  📥 Scraping contemporary-jazz for 2008-05-17... ✓ (25 songs)
  📥 Scraping contemporary-jazz for 2008-05-24... ✓ (25 songs)
  📥 Scraping contemporary-jazz for 2008-05-31... ✓ (25 songs)
  📥 Scraping contemporary-jazz for 2008-06-07... ✓ (25 songs)
  📥 Scraping contemporary-jazz for 2008-06-14... ✓ (25 songs)
  📥 Scraping contemporary-jazz for 2008-06-21... ✓ (25 songs)
  📥 Scraping contemporary-jazz for 2008-06-28... ✓ (25 songs)
  📥 Scraping contemporary-jazz for 2008-07-05... ✓ (25 songs)
  📥 Scraping contemporary-jazz for 2008-07-12... ✓ (25 songs)
  📥 Scraping contemporary-jazz for 2008-07-19... ✓ (25 songs)
  📥 Scraping contemporary-jazz for 2008-07-26... ✓ (25 songs)
  📥 Scraping contemporary-jazz for 2008-08-02... ✓ (25 songs)
  📥 Scraping contemporary-jazz for 2008-08-09... ✓ (25 songs)
  📥 Scraping contemporary-jazz for 2008-08-16... ✓ (25 songs)
  📥 Scraping contemporary-jazz for 2008-08-23... ✓ (25 songs)
  📥 Scraping contemporary-jazz for 2008-08-30... ✓ (25 songs)
  📥 Scraping contemporary-jazz for 2008-09-06... ✓ (25 songs)
  📥 Scraping contemporary-jazz for 2008-09-13... ✓ (25 songs)
  contemporary-jazz: 1125/2061 fetched, 296 failed, 0 clamped
  📥 Scraping contemporary-jazz for 2008-09-20... ✓ (25 songs)
  📥 Scraping contemporary-jazz for 2008-09-27... ✓ (25 songs)
  📥 Scraping contemporary-jazz for 2008-10-04... ✓ (25 songs)
  📥 Scraping contemporary-jazz for 2008-10-11... ✓ (25 songs)
  📥 Scraping contemporary-jazz for 2008-10-18... ✓ (25 songs)
  📥 Scraping contemporary-jazz for 2008-10-25... ✓ (25 songs)
  📥 Scraping contemporary-jazz for 2008-11-01... ✓ (25 songs)
  📥 Scraping contemporary-jazz for 2008-11-08... ✓ (25 songs)
  📥 Scraping contemporary-jazz for 2008-11-15... ✓ (25 songs)
  📥 Scraping contemporary-jazz for 2008-11-22... ✓ (25 songs)
  📥 Scraping contemporary-jazz for 2008-11-29... ✓ (25 songs)
  📥 Scraping contemporary-jazz for 2008-12-06... ✓ (25 songs)
  📥 Scraping contemporary-jazz for 2008-12-13... ✓ (25 songs)
  📥 Scraping contemporary-jazz for 2008-12-20... ✓ (25 songs)
  📥 Scraping contemporary-jazz for 2008-12-27... ✓ (25 songs)
  📥 Scraping contemporary-jazz for 2009-01-03... ✓ (25 songs)
  📥 Scraping contemporary-jazz for 2009-01-10... ✓ (25 songs)
  📥 Scraping contemporary-jazz for 2009-01-17... ✓ (25 songs)
  📥 Scraping contemporary-jazz for 2009-01-24... ✓ (25 songs)
  📥 Scraping contemporary-jazz for 2009-01-31... ✓ (25 songs)
  📥 Scraping contemporary-jazz for 2009-02-07... ✓ (25 songs)
  📥 Scraping contemporary-jazz for 2009-02-14... ✓ (25 songs)
  📥 Scraping contemporary-jazz for 2009-02-21... ✓ (25 songs)
  📥 Scraping contemporary-jazz for 2009-02-28... ✓ (25 songs)
  📥 Scraping contemporary-jazz for 2009-03-07... ✓ (25 songs)
  contemporary-jazz: 1150/2061 fetched, 296 failed, 0 clamped
  📥 Scraping contemporary-jazz for 2009-03-14... ✓ (25 songs)
  📥 Scraping contemporary-jazz for 2009-03-21... ✓ (25 songs)
  📥 Scraping contemporary-jazz for 2009-03-28... ✓ (25 songs)
  📥 Scraping contemporary-jazz for 2009-04-04... ✓ (25 songs)
  📥 Scraping contemporary-jazz for 2009-04-11... ✓ (25 songs)
  📥 Scraping contemporary-jazz for 2009-04-18... ✓ (25 songs)
  📥 Scraping contemporary-jazz for 2009-04-25... ✓ (25 songs)
  📥 Scraping contemporary-jazz for 2009-05-02... ✓ (25 songs)
  📥 Scraping contemporary-jazz for 2009-05-09... ✓ (25 songs)
  📥 Scraping contemporary-jazz for 2009-05-16... ✓ (25 songs)
  📥 Scraping contemporary-jazz for 2009-05-23... ✓ (25 songs)
  📥 Scraping contemporary-jazz for 2009-05-30... ✓ (25 songs)
  📥 Scraping contemporary-jazz for 2009-06-06... ✓ (25 songs)
  📥 Scraping contemporary-jazz for 2009-06-13... ✓ (25 songs)
  📥 Scraping contemporary-jazz for 2009-06-20... ✓ (25 songs)
  📥 Scraping contemporary-jazz for 2009-06-27... ✓ (25 songs)
  📥 Scraping contemporary-jazz for 2009-07-04... ✓ (25 songs)
  📥 Scraping contemporary-jazz for 2009-07-11... ✓ (25 songs)
  📥 Scraping contemporary-jazz for 2009-07-18... ✓ (25 songs)
  📥 Scraping contemporary-jazz for 2009-07-25... ✓ (25 songs)
  📥 Scraping contemporary-jazz for 2009-08-01... ✗ Network error: HTTPSConnectionPool(host='www.billboard.com', port=443): Max retries exceeded with url: /charts/contemporary-jazz/2009-08-01/ (Caused by NewConnectionError('<urllib3.connection.HTTPSConnection object at 0x17b9896d0>: Failed to establish a new connection: [Errno 61] Connection refused'))
  📥 Scraping contemporary-jazz for 2009-08-01... ✗ Network error: HTTPSConnectionPool(host='www.billboard.com', port=443): Max retries exceeded with url: /charts/contemporary-jazz/2009-08-01/ (Caused by NewConnectionError('<urllib3.connection.HTTPSConnection object at 0x17e078e10>: Failed to establish a new connection: [Errno 61] Connection refused'))
  📥 Scraping contemporary-jazz for 2009-08-01... ✗ Network error: HTTPSConnectionPool(host='www.billboard.com', port=443): Max retries exceeded with url: /charts/contemporary-jazz/2009-08-01/ (Caused by NewConnectionError('<urllib3.connection.HTTPSConnection object at 0x17e07ae90>: Failed to establish a new connection: [Errno 61] Connection refused'))
  📥 Scraping contemporary-jazz for 2009-08-08... ✗ Network error: HTTPSConnectionPool(host='www.billboard.com', port=443): Read timed out. (read timeout=15)
  📥 Scraping contemporary-jazz for 2009-08-08... ✗ Network error: HTTPSConnectionPool(host='www.billboard.com', port=443): Read timed out. (read timeout=15)
  📥 Scraping contemporary-jazz for 2009-08-08... ✗ Network error: HTTPSConnectionPool(host='www.billboard.com', port=443): Read timed out. (read timeout=15)
  📥 Scraping contemporary-jazz for 2009-08-15... ✗ Network error: HTTPSConnectionPool(host='www.billboard.com', port=443): Read timed out. (read timeout=15)
  📥 Scraping contemporary-jazz for 2009-08-15... ✗ Network error: HTTPSConnectionPool(host='www.billboard.com', port=443): Read timed out. (read timeout=15)
  📥 Scraping contemporary-jazz for 2009-08-15... ✗ Network error: HTTPSConnectionPool(host='www.billboard.com', port=443): Read timed out. (read timeout=15)
  📥 Scraping contemporary-jazz for 2009-08-22... ✗ Network error: HTTPSConnectionPool(host='www.billboard.com', port=443): Read timed out. (read timeout=15)
  📥 Scraping contemporary-jazz for 2009-08-22... ✗ Network error: HTTPSConnectionPool(host='www.billboard.com', port=443): Read timed out. (read timeout=15)
  📥 Scraping contemporary-jazz for 2009-08-22... ✗ Network error: HTTPSConnectionPool(host='www.billboard.com', port=443): Read timed out. (read timeout=15)
  📥 Scraping contemporary-jazz for 2009-08-29... ✗ Network error: HTTPSConnectionPool(host='www.billboard.com', port=443): Read timed out. (read timeout=15)
  📥 Scraping contemporary-jazz for 2009-08-29... ✗ Network error: HTTPSConnectionPool(host='www.billboard.com', port=443): Read timed out. (read timeout=15)
  📥 Scraping contemporary-jazz for 2009-08-29... ✗ Network error: HTTPSConnectionPool(host='www.billboard.com', port=443): Read timed out. (read timeout=15)
  📥 Scraping contemporary-jazz for 2009-09-05... ✗ Network error: HTTPSConnectionPool(host='www.billboard.com', port=443): Read timed out. (read timeout=15)
  📥 Scraping contemporary-jazz for 2009-09-05... ✗ Network error: HTTPSConnectionPool(host='www.billboard.com', port=443): Read timed out. (read timeout=15)
  📥 Scraping contemporary-jazz for 2009-09-05... ✓ (25 songs)
  📥 Scraping contemporary-jazz for 2009-09-12... ✓ (25 songs)
  📥 Scraping contemporary-jazz for 2009-09-19... ✓ (25 songs)
  📥 Scraping contemporary-jazz for 2009-09-26... ✓ (25 songs)
  📥 Scraping contemporary-jazz for 2009-10-03... ✓ (25 songs)
  📥 Scraping contemporary-jazz for 2009-10-10... ✓ (25 songs)
  📥 Scraping contemporary-jazz for 2009-10-17... ✓ (25 songs)
  📥 Scraping contemporary-jazz for 2009-10-24... ✓ (25 songs)
  📥 Scraping contemporary-jazz for 2009-10-31... ✓ (25 songs)
  📥 Scraping contemporary-jazz for 2009-11-07... ✓ (25 songs)
  📥 Scraping contemporary-jazz for 2009-11-14... ✓ (25 songs)
  📥 Scraping contemporary-jazz for 2009-11-21... ✓ (25 songs)
  📥 Scraping contemporary-jazz for 2009-11-28... ✓ (25 songs)
  📥 Scraping contemporary-jazz for 2009-12-05... ✓ (25 songs)
  📥 Scraping contemporary-jazz for 2009-12-12... ✓ (25 songs)
  📥 Scraping contemporary-jazz for 2009-12-19... ✓ (25 songs)
  📥 Scraping contemporary-jazz for 2009-12-26... ✓ (25 songs)
  📥 Scraping contemporary-jazz for 2010-01-02... ✓ (25 songs)
  📥 Scraping contemporary-jazz for 2010-01-09... ✓ (25 songs)
  📥 Scraping contemporary-jazz for 2010-01-16... ✓ (25 songs)
  📥 Scraping contemporary-jazz for 2010-01-23... ✓ (25 songs)
  📥 Scraping contemporary-jazz for 2010-01-30... ✓ (25 songs)
  📥 Scraping contemporary-jazz for 2010-02-06... ✓ (25 songs)
  📥 Scraping contemporary-jazz for 2010-02-13... ✓ (25 songs)
  📥 Scraping contemporary-jazz for 2010-02-20... ✓ (25 songs)
  contemporary-jazz: 1200/2061 fetched, 301 failed, 0 clamped
  📥 Scraping contemporary-jazz for 2010-02-27... ✓ (25 songs)
  📥 Scraping contemporary-jazz for 2010-03-06... ✓ (25 songs)
  📥 Scraping contemporary-jazz for 2010-03-13... ✓ (25 songs)
  📥 Scraping contemporary-jazz for 2010-03-20... ✓ (25 songs)
  📥 Scraping contemporary-jazz for 2010-03-27... ✓ (25 songs)
  📥 Scraping contemporary-jazz for 2010-04-03... ✓ (25 songs)
  📥 Scraping contemporary-jazz for 2010-04-10... ✓ (25 songs)
  📥 Scraping contemporary-jazz for 2010-04-17... ✓ (25 songs)
  📥 Scraping contemporary-jazz for 2010-04-24... ✓ (25 songs)
  📥 Scraping contemporary-jazz for 2010-05-01... ✓ (25 songs)
  📥 Scraping contemporary-jazz for 2010-05-08... ✓ (25 songs)
  📥 Scraping contemporary-jazz for 2010-05-15... ✓ (25 songs)
  📥 Scraping contemporary-jazz for 2010-05-22... ✓ (25 songs)
  📥 Scraping contemporary-jazz for 2010-05-29... ✓ (25 songs)
  📥 Scraping contemporary-jazz for 2010-06-05... ✓ (25 songs)
  📥 Scraping contemporary-jazz for 2010-06-12... ✓ (25 songs)
  📥 Scraping contemporary-jazz for 2010-06-19... ✓ (25 songs)
  📥 Scraping contemporary-jazz for 2010-06-26... ✓ (25 songs)
  📥 Scraping contemporary-jazz for 2010-07-03... ✓ (25 songs)
  📥 Scraping contemporary-jazz for 2010-07-10... ✓ (25 songs)
  📥 Scraping contemporary-jazz for 2010-07-17... ✓ (25 songs)
  📥 Scraping contemporary-jazz for 2010-07-24... ✓ (25 songs)
  📥 Scraping contemporary-jazz for 2010-07-31... ✓ (25 songs)
  📥 Scraping contemporary-jazz for 2010-08-07... ✓ (25 songs)
  📥 Scraping contemporary-jazz for 2010-08-14... ✓ (25 songs)
  contemporary-jazz: 1225/2061 fetched, 301 failed, 0 clamped
  📥 Scraping contemporary-jazz for 2010-08-21... ✓ (25 songs)
  📥 Scraping contemporary-jazz for 2010-08-28... ✓ (25 songs)
  📥 Scraping contemporary-jazz for 2010-09-04... ✓ (25 songs)
  📥 Scraping contemporary-jazz for 2010-09-11... ✓ (25 songs)
  📥 Scraping contemporary-jazz for 2010-09-18... ✓ (25 songs)
  📥 Scraping contemporary-jazz for 2010-09-25... ✓ (25 songs)
  📥 Scraping contemporary-jazz for 2010-10-02... ✓ (25 songs)
  📥 Scraping contemporary-jazz for 2010-10-09... ✓ (25 songs)
  📥 Scraping contemporary-jazz for 2010-10-16... ✓ (25 songs)
  📥 Scraping contemporary-jazz for 2010-10-23... ✓ (25 songs)
  📥 Scraping contemporary-jazz for 2010-10-30... ✓ (25 songs)
  📥 Scraping contemporary-jazz for 2010-11-06... ✓ (25 songs)
  📥 Scraping contemporary-jazz for 2010-11-13... ✓ (25 songs)
  📥 Scraping contemporary-jazz for 2010-11-20... ✓ (25 songs)
  📥 Scraping contemporary-jazz for 2010-11-27... ✓ (25 songs)
  📥 Scraping contemporary-jazz for 2010-12-04... ✓ (25 songs)
  📥 Scraping contemporary-jazz for 2010-12-11... ✓ (25 songs)
  📥 Scraping contemporary-jazz for 2010-12-18... ✓ (25 songs)
  📥 Scraping contemporary-jazz for 2010-12-25... ✓ (25 songs)
  📥 Scraping contemporary-jazz for 2011-01-01... ✓ (25 songs)
  📥 Scraping contemporary-jazz for 2011-01-08... ✓ (25 songs)
  📥 Scraping contemporary-jazz for 2011-01-15... ✓ (25 songs)
  📥 Scraping contemporary-jazz for 2011-01-22... ✓ (25 songs)
  📥 Scraping contemporary-jazz for 2011-01-29... ✓ (25 songs)
  📥 Scraping contemporary-jazz for 2011-02-05... ✓ (25 songs)
  contemporary-jazz: 1250/2061 fetched, 301 failed, 0 clamped
  📥 Scraping contemporary-jazz for 2011-02-12... ✓ (25 songs)
  📥 Scraping contemporary-jazz for 2011-02-19... ✓ (25 songs)
  📥 Scraping contemporary-jazz for 2011-02-26... ✓ (25 songs)
  📥 Scraping contemporary-jazz for 2011-03-05... ✓ (25 songs)
  📥 Scraping contemporary-jazz for 2011-03-12... ✓ (25 songs)
  📥 Scraping contemporary-jazz for 2011-03-19... ✓ (25 songs)
  📥 Scraping contemporary-jazz for 2011-03-26... ✓ (25 songs)
  📥 Scraping contemporary-jazz for 2011-04-02... ✓ (25 songs)
  📥 Scraping contemporary-jazz for 2011-04-09... ✓ (25 songs)
  📥 Scraping contemporary-jazz for 2011-04-16... ✓ (25 songs)
  📥 Scraping contemporary-jazz for 2011-04-23... ✓ (25 songs)
  📥 Scraping contemporary-jazz for 2011-04-30... ✓ (25 songs)
  📥 Scraping contemporary-jazz for 2011-05-07... ✓ (25 songs)
  📥 Scraping contemporary-jazz for 2011-05-14... ✓ (25 songs)
  📥 Scraping contemporary-jazz for 2011-05-21... ✓ (25 songs)
  📥 Scraping contemporary-jazz for 2011-05-28... ✓ (25 songs)
  📥 Scraping contemporary-jazz for 2011-06-04... ✓ (25 songs)
  📥 Scraping contemporary-jazz for 2011-06-11... ✓ (25 songs)
  📥 Scraping contemporary-jazz for 2011-06-18... ✓ (25 songs)
  📥 Scraping contemporary-jazz for 2011-06-25... ✓ (25 songs)
  📥 Scraping contemporary-jazz for 2011-07-02... ✓ (25 songs)
  📥 Scraping contemporary-jazz for 2011-07-09... ✓ (25 songs)
  📥 Scraping contemporary-jazz for 2011-07-16... ✓ (25 songs)
  📥 Scraping contemporary-jazz for 2011-07-23... ✓ (25 songs)
  📥 Scraping contemporary-jazz for 2011-07-30... ✓ (25 songs)
  contemporary-jazz: 1275/2061 fetched, 301 failed, 0 clamped
  📥 Scraping contemporary-jazz for 2011-08-06... ✓ (25 songs)
  📥 Scraping contemporary-jazz for 2011-08-13... ✓ (25 songs)
  📥 Scraping contemporary-jazz for 2011-08-20... ✓ (25 songs)
  📥 Scraping contemporary-jazz for 2011-08-27... ✓ (25 songs)
  📥 Scraping contemporary-jazz for 2011-09-03... ✓ (25 songs)
  📥 Scraping contemporary-jazz for 2011-09-10... ✓ (25 songs)
  📥 Scraping contemporary-jazz for 2011-09-17... ✓ (25 songs)
  📥 Scraping contemporary-jazz for 2011-09-24... ✓ (25 songs)
  📥 Scraping contemporary-jazz for 2011-10-01... ✓ (25 songs)
  📥 Scraping contemporary-jazz for 2011-10-08... ✓ (25 songs)
  📥 Scraping contemporary-jazz for 2011-10-15... ✓ (25 songs)
  📥 Scraping contemporary-jazz for 2011-10-22... ✓ (25 songs)
  📥 Scraping contemporary-jazz for 2011-10-29... ✓ (25 songs)
  📥 Scraping contemporary-jazz for 2011-11-05... ✓ (25 songs)
  📥 Scraping contemporary-jazz for 2011-11-12... ✓ (25 songs)
  📥 Scraping contemporary-jazz for 2011-11-19... ✓ (25 songs)
  📥 Scraping contemporary-jazz for 2011-11-26... ✓ (25 songs)
  📥 Scraping contemporary-jazz for 2011-12-03... ✓ (25 songs)
  📥 Scraping contemporary-jazz for 2011-12-10... ✓ (25 songs)
  📥 Scraping contemporary-jazz for 2011-12-17... ✓ (25 songs)
  📥 Scraping contemporary-jazz for 2011-12-24... ✓ (25 songs)
  📥 Scraping contemporary-jazz for 2011-12-31... ✓ (25 songs)
  📥 Scraping contemporary-jazz for 2012-01-07... ✓ (25 songs)
  📥 Scraping contemporary-jazz for 2012-01-14... ✓ (25 songs)
  📥 Scraping contemporary-jazz for 2012-01-21... ✓ (25 songs)
  contemporary-jazz: 1300/2061 fetched, 301 failed, 0 clamped
  📥 Scraping contemporary-jazz for 2012-01-28... ✓ (25 songs)
  📥 Scraping contemporary-jazz for 2012-02-04... ✓ (25 songs)
  📥 Scraping contemporary-jazz for 2012-02-11... ✓ (25 songs)
  📥 Scraping contemporary-jazz for 2012-02-18... ✓ (25 songs)
  📥 Scraping contemporary-jazz for 2012-02-25... ✓ (25 songs)
  📥 Scraping contemporary-jazz for 2012-03-03... ✓ (25 songs)
  📥 Scraping contemporary-jazz for 2012-03-10... ✓ (25 songs)
  📥 Scraping contemporary-jazz for 2012-03-17... ✓ (25 songs)
  📥 Scraping contemporary-jazz for 2012-03-24... ✓ (25 songs)
  📥 Scraping contemporary-jazz for 2012-03-31... ✓ (25 songs)
  📥 Scraping contemporary-jazz for 2012-04-07... ✓ (25 songs)
  📥 Scraping contemporary-jazz for 2012-04-14... ✓ (25 songs)
  📥 Scraping contemporary-jazz for 2012-04-21... ✓ (25 songs)
  📥 Scraping contemporary-jazz for 2012-04-28... ✓ (25 songs)
  📥 Scraping contemporary-jazz for 2012-05-05... ✓ (25 songs)
  📥 Scraping contemporary-jazz for 2012-05-12... ✓ (25 songs)
  📥 Scraping contemporary-jazz for 2012-05-19... ✓ (25 songs)
  📥 Scraping contemporary-jazz for 2012-05-26... ✓ (25 songs)
  📥 Scraping contemporary-jazz for 2012-06-02... ✓ (25 songs)
  📥 Scraping contemporary-jazz for 2012-06-09... ✓ (25 songs)
  📥 Scraping contemporary-jazz for 2012-06-16... ✓ (25 songs)
  📥 Scraping contemporary-jazz for 2012-06-23... ✓ (25 songs)
  📥 Scraping contemporary-jazz for 2012-06-30... ✓ (25 songs)
  📥 Scraping contemporary-jazz for 2012-07-07... ✓ (25 songs)
  📥 Scraping contemporary-jazz for 2012-07-14... ✓ (25 songs)
  contemporary-jazz: 1325/2061 fetched, 301 failed, 0 clamped
  📥 Scraping contemporary-jazz for 2012-07-21... ✓ (25 songs)
  📥 Scraping contemporary-jazz for 2012-07-28... ✓ (25 songs)
  📥 Scraping contemporary-jazz for 2012-08-04... ✓ (25 songs)
  📥 Scraping contemporary-jazz for 2012-08-11... ✓ (25 songs)
  📥 Scraping contemporary-jazz for 2012-08-18... ✓ (25 songs)
  📥 Scraping contemporary-jazz for 2012-08-25... ✓ (25 songs)
  📥 Scraping contemporary-jazz for 2012-09-01... ✓ (25 songs)
  📥 Scraping contemporary-jazz for 2012-09-08... ✓ (25 songs)
  📥 Scraping contemporary-jazz for 2012-09-15... ✓ (25 songs)
  📥 Scraping contemporary-jazz for 2012-09-22... ✓ (25 songs)
  📥 Scraping contemporary-jazz for 2012-09-29... ✓ (25 songs)
  📥 Scraping contemporary-jazz for 2012-10-06... ✓ (25 songs)
  📥 Scraping contemporary-jazz for 2012-10-13... ✓ (25 songs)
  📥 Scraping contemporary-jazz for 2012-10-20... ✓ (25 songs)
  📥 Scraping contemporary-jazz for 2012-10-27... ✓ (25 songs)
  📥 Scraping contemporary-jazz for 2012-11-03... ✓ (25 songs)
  📥 Scraping contemporary-jazz for 2012-11-10... ✓ (25 songs)
  📥 Scraping contemporary-jazz for 2012-11-17... ✓ (25 songs)
  📥 Scraping contemporary-jazz for 2012-11-24... ✓ (25 songs)
  📥 Scraping contemporary-jazz for 2012-12-01... ✓ (25 songs)
  📥 Scraping contemporary-jazz for 2012-12-08... ✓ (25 songs)
  📥 Scraping contemporary-jazz for 2012-12-15... ✓ (25 songs)
  📥 Scraping contemporary-jazz for 2012-12-22... ✓ (25 songs)
  📥 Scraping contemporary-jazz for 2012-12-29... ✓ (25 songs)
  📥 Scraping contemporary-jazz for 2013-01-05... ✓ (25 songs)
  contemporary-jazz: 1350/2061 fetched, 301 failed, 0 clamped
  📥 Scraping contemporary-jazz for 2013-01-12... ✓ (25 songs)
  📥 Scraping contemporary-jazz for 2013-01-19... ✓ (25 songs)
  📥 Scraping contemporary-jazz for 2013-01-26... ✓ (25 songs)
  📥 Scraping contemporary-jazz for 2013-02-02... ✓ (25 songs)
  📥 Scraping contemporary-jazz for 2013-02-09... ✓ (25 songs)
  📥 Scraping contemporary-jazz for 2013-02-16... ✓ (25 songs)
  📥 Scraping contemporary-jazz for 2013-02-23... ✓ (25 songs)
  📥 Scraping contemporary-jazz for 2013-03-02... ✓ (25 songs)
  📥 Scraping contemporary-jazz for 2013-03-09... ✓ (25 songs)
  📥 Scraping contemporary-jazz for 2013-03-16... ✓ (25 songs)
  📥 Scraping contemporary-jazz for 2013-03-23... ✓ (25 songs)
  📥 Scraping contemporary-jazz for 2013-03-30... ✓ (25 songs)
  📥 Scraping contemporary-jazz for 2013-04-06... ✓ (25 songs)
  📥 Scraping contemporary-jazz for 2013-04-13... ✓ (25 songs)
  📥 Scraping contemporary-jazz for 2013-04-20... ✓ (25 songs)
  📥 Scraping contemporary-jazz for 2013-04-27... ✓ (25 songs)
  📥 Scraping contemporary-jazz for 2013-05-04... ✓ (25 songs)
  📥 Scraping contemporary-jazz for 2013-05-11... ✓ (25 songs)
  📥 Scraping contemporary-jazz for 2013-05-18... ✓ (25 songs)
  📥 Scraping contemporary-jazz for 2013-05-25... ✓ (25 songs)
  📥 Scraping contemporary-jazz for 2013-06-01... ✓ (25 songs)
  📥 Scraping contemporary-jazz for 2013-06-08... ✓ (25 songs)
  📥 Scraping contemporary-jazz for 2013-06-15... ✓ (25 songs)
  📥 Scraping contemporary-jazz for 2013-06-22... ✓ (25 songs)
  📥 Scraping contemporary-jazz for 2013-06-29... ✓ (25 songs)
  contemporary-jazz: 1375/2061 fetched, 301 failed, 0 clamped
  📥 Scraping contemporary-jazz for 2013-07-06... ✓ (25 songs)
  📥 Scraping contemporary-jazz for 2013-07-13... ✓ (25 songs)
  📥 Scraping contemporary-jazz for 2013-07-20... ✓ (25 songs)
  📥 Scraping contemporary-jazz for 2013-07-27... ✓ (25 songs)
  📥 Scraping contemporary-jazz for 2013-08-03... ✓ (25 songs)
  📥 Scraping contemporary-jazz for 2013-08-10... ✓ (25 songs)
  📥 Scraping contemporary-jazz for 2013-08-17... ✓ (25 songs)
  📥 Scraping contemporary-jazz for 2013-08-24... ✓ (25 songs)
  📥 Scraping contemporary-jazz for 2013-08-31... ✓ (25 songs)
  📥 Scraping contemporary-jazz for 2013-09-07... ✓ (25 songs)
  📥 Scraping contemporary-jazz for 2013-09-14... ✓ (25 songs)
  📥 Scraping contemporary-jazz for 2013-09-21... ✓ (25 songs)
  📥 Scraping contemporary-jazz for 2013-09-28... ✓ (25 songs)
  📥 Scraping contemporary-jazz for 2013-10-05... ✓ (25 songs)
  📥 Scraping contemporary-jazz for 2013-10-12... ✓ (25 songs)
  📥 Scraping contemporary-jazz for 2013-10-19... ✓ (25 songs)
  📥 Scraping contemporary-jazz for 2013-10-26... ✓ (25 songs)
  📥 Scraping contemporary-jazz for 2013-11-02... ✓ (25 songs)
  📥 Scraping contemporary-jazz for 2013-11-09... ✓ (25 songs)
  📥 Scraping contemporary-jazz for 2013-11-16... ✓ (25 songs)
  📥 Scraping contemporary-jazz for 2013-11-23... ✓ (25 songs)
  📥 Scraping contemporary-jazz for 2013-11-30... ✓ (25 songs)
  📥 Scraping contemporary-jazz for 2013-12-07... ✓ (25 songs)
  📥 Scraping contemporary-jazz for 2013-12-14... ✓ (25 songs)
  📥 Scraping contemporary-jazz for 2013-12-21... ✓ (25 songs)
  contemporary-jazz: 1400/2061 fetched, 301 failed, 0 clamped
  📥 Scraping contemporary-jazz for 2013-12-28... ✓ (25 songs)
  📥 Scraping contemporary-jazz for 2014-01-04... ✓ (25 songs)
  📥 Scraping contemporary-jazz for 2014-01-11... ✓ (25 songs)
  📥 Scraping contemporary-jazz for 2014-01-18... ✓ (25 songs)
  📥 Scraping contemporary-jazz for 2014-01-25... ✓ (25 songs)
  📥 Scraping contemporary-jazz for 2014-02-01... ✓ (25 songs)
  📥 Scraping contemporary-jazz for 2014-02-08... ✓ (25 songs)
  📥 Scraping contemporary-jazz for 2014-02-15... ✓ (25 songs)
  📥 Scraping contemporary-jazz for 2014-02-22... ✓ (25 songs)
  📥 Scraping contemporary-jazz for 2014-03-01... ✓ (25 songs)
  📥 Scraping contemporary-jazz for 2014-03-08... ✓ (25 songs)
  📥 Scraping contemporary-jazz for 2014-03-15... ✓ (25 songs)
  📥 Scraping contemporary-jazz for 2014-03-22... ✓ (25 songs)
  📥 Scraping contemporary-jazz for 2014-03-29... ✓ (25 songs)
  📥 Scraping contemporary-jazz for 2014-04-05... ✓ (25 songs)
  📥 Scraping contemporary-jazz for 2014-04-12... ✓ (25 songs)
  📥 Scraping contemporary-jazz for 2014-04-19... ✓ (25 songs)
  📥 Scraping contemporary-jazz for 2014-04-26... ✓ (25 songs)
  📥 Scraping contemporary-jazz for 2014-05-03... ✓ (25 songs)
  📥 Scraping contemporary-jazz for 2014-05-10... ✓ (25 songs)
  📥 Scraping contemporary-jazz for 2014-05-17... ✓ (25 songs)
  📥 Scraping contemporary-jazz for 2014-05-24... ✓ (25 songs)
  📥 Scraping contemporary-jazz for 2014-05-31... ✓ (25 songs)
  📥 Scraping contemporary-jazz for 2014-06-07... ✓ (25 songs)
  📥 Scraping contemporary-jazz for 2014-06-14... ✓ (25 songs)
  contemporary-jazz: 1425/2061 fetched, 301 failed, 0 clamped
  📥 Scraping contemporary-jazz for 2014-06-21... ✓ (25 songs)
  📥 Scraping contemporary-jazz for 2014-06-28... ✓ (25 songs)
  📥 Scraping contemporary-jazz for 2014-07-05... ✓ (25 songs)
  📥 Scraping contemporary-jazz for 2014-07-12... ✓ (25 songs)
  📥 Scraping contemporary-jazz for 2014-07-19... ✓ (25 songs)
  📥 Scraping contemporary-jazz for 2014-07-26... ✓ (25 songs)
  📥 Scraping contemporary-jazz for 2014-08-02... ✓ (25 songs)
  📥 Scraping contemporary-jazz for 2014-08-09... ✓ (25 songs)
  📥 Scraping contemporary-jazz for 2014-08-16... ✓ (25 songs)
  📥 Scraping contemporary-jazz for 2014-08-23... ✓ (25 songs)
  📥 Scraping contemporary-jazz for 2014-08-30... ✓ (25 songs)
  📥 Scraping contemporary-jazz for 2014-09-06... ✓ (25 songs)
  📥 Scraping contemporary-jazz for 2014-09-13... ✓ (25 songs)
  📥 Scraping contemporary-jazz for 2014-09-20... ✓ (25 songs)
  📥 Scraping contemporary-jazz for 2014-09-27... ✓ (25 songs)
  📥 Scraping contemporary-jazz for 2014-10-04... ✓ (25 songs)
  📥 Scraping contemporary-jazz for 2014-10-11... ✓ (25 songs)
  📥 Scraping contemporary-jazz for 2014-10-18... ✓ (25 songs)
  📥 Scraping contemporary-jazz for 2014-10-25... ✓ (25 songs)
  📥 Scraping contemporary-jazz for 2014-11-01... ✓ (25 songs)
  📥 Scraping contemporary-jazz for 2014-11-08... ✓ (25 songs)
  📥 Scraping contemporary-jazz for 2014-11-15... ✓ (25 songs)
  📥 Scraping contemporary-jazz for 2014-11-22... ✓ (25 songs)
  📥 Scraping contemporary-jazz for 2014-11-29... ✓ (25 songs)
  📥 Scraping contemporary-jazz for 2014-12-06... ✓ (15 songs)
  contemporary-jazz: 1450/2061 fetched, 301 failed, 0 clamped
  📥 Scraping contemporary-jazz for 2014-12-13... ✓ (15 songs)
  📥 Scraping contemporary-jazz for 2014-12-20... ✓ (15 songs)
  📥 Scraping contemporary-jazz for 2014-12-27... ✓ (15 songs)
  📥 Scraping contemporary-jazz for 2015-01-03... ✓ (15 songs)
  📥 Scraping contemporary-jazz for 2015-01-10... ✓ (15 songs)
  📥 Scraping contemporary-jazz for 2015-01-17... ✓ (15 songs)
  📥 Scraping contemporary-jazz for 2015-01-24... ✓ (15 songs)
  📥 Scraping contemporary-jazz for 2015-01-31... ✓ (15 songs)
  📥 Scraping contemporary-jazz for 2015-02-07... ✓ (15 songs)
  📥 Scraping contemporary-jazz for 2015-02-14... ✓ (15 songs)
  📥 Scraping contemporary-jazz for 2015-02-21... ✓ (15 songs)
  📥 Scraping contemporary-jazz for 2015-02-28... ✓ (15 songs)
  📥 Scraping contemporary-jazz for 2015-03-07... ✓ (15 songs)
  📥 Scraping contemporary-jazz for 2015-03-14... ✓ (15 songs)
  📥 Scraping contemporary-jazz for 2015-03-21... ✓ (15 songs)
  📥 Scraping contemporary-jazz for 2015-03-28... ✓ (15 songs)
  📥 Scraping contemporary-jazz for 2015-04-04... ✓ (15 songs)
  📥 Scraping contemporary-jazz for 2015-04-11... ✓ (15 songs)
  📥 Scraping contemporary-jazz for 2015-04-18... ✓ (15 songs)
  📥 Scraping contemporary-jazz for 2015-04-25... ✓ (15 songs)
  📥 Scraping contemporary-jazz for 2015-05-02... ✓ (15 songs)
  📥 Scraping contemporary-jazz for 2015-05-09... ✓ (15 songs)
  📥 Scraping contemporary-jazz for 2015-05-16... ✓ (15 songs)
  📥 Scraping contemporary-jazz for 2015-05-23... ✓ (15 songs)
  📥 Scraping contemporary-jazz for 2015-05-30... ✓ (15 songs)
  contemporary-jazz: 1475/2061 fetched, 301 failed, 0 clamped
  📥 Scraping contemporary-jazz for 2015-06-06... ✓ (15 songs)
  📥 Scraping contemporary-jazz for 2015-06-13... ✓ (15 songs)
  📥 Scraping contemporary-jazz for 2015-06-20... ✓ (15 songs)
  📥 Scraping contemporary-jazz for 2015-06-27... ✓ (15 songs)
  📥 Scraping contemporary-jazz for 2015-07-04... ✓ (15 songs)
  📥 Scraping contemporary-jazz for 2015-07-11... ✓ (15 songs)
  📥 Scraping contemporary-jazz for 2015-07-18... ✓ (15 songs)
  📥 Scraping contemporary-jazz for 2015-07-25... ✓ (15 songs)
  📥 Scraping contemporary-jazz for 2015-08-01... ✓ (15 songs)
  📥 Scraping contemporary-jazz for 2015-08-08... ✓ (15 songs)
  📥 Scraping contemporary-jazz for 2015-08-15... ✓ (15 songs)
  📥 Scraping contemporary-jazz for 2015-08-22... ✓ (15 songs)
  📥 Scraping contemporary-jazz for 2015-08-29... ✓ (15 songs)
  📥 Scraping contemporary-jazz for 2015-09-05... ✓ (15 songs)
  📥 Scraping contemporary-jazz for 2015-09-12... ✓ (15 songs)
  📥 Scraping contemporary-jazz for 2015-09-19... ✓ (15 songs)
  📥 Scraping contemporary-jazz for 2015-09-26... ✓ (15 songs)
  📥 Scraping contemporary-jazz for 2015-10-03... ✓ (15 songs)
  📥 Scraping contemporary-jazz for 2015-10-10... ✓ (15 songs)
  📥 Scraping contemporary-jazz for 2015-10-17... ✓ (15 songs)
  📥 Scraping contemporary-jazz for 2015-10-24... ✓ (15 songs)
  📥 Scraping contemporary-jazz for 2015-10-31... ✓ (15 songs)
  📥 Scraping contemporary-jazz for 2015-11-07... ✓ (15 songs)
  📥 Scraping contemporary-jazz for 2015-11-14... ✓ (15 songs)
  📥 Scraping contemporary-jazz for 2015-11-21... ✓ (15 songs)
  contemporary-jazz: 1500/2061 fetched, 301 failed, 0 clamped
  📥 Scraping contemporary-jazz for 2015-11-28... ✓ (15 songs)
  📥 Scraping contemporary-jazz for 2015-12-05... ✓ (15 songs)
  📥 Scraping contemporary-jazz for 2015-12-12... ✓ (15 songs)
  📥 Scraping contemporary-jazz for 2015-12-19... ✓ (15 songs)
  📥 Scraping contemporary-jazz for 2015-12-26... ✓ (15 songs)
  📥 Scraping contemporary-jazz for 2016-01-02... ✓ (15 songs)
  📥 Scraping contemporary-jazz for 2016-01-09... ✓ (15 songs)
  📥 Scraping contemporary-jazz for 2016-01-16... ✓ (15 songs)
  📥 Scraping contemporary-jazz for 2016-01-23... ✓ (15 songs)
  📥 Scraping contemporary-jazz for 2016-01-30... ✓ (15 songs)
  📥 Scraping contemporary-jazz for 2016-02-06... ✓ (15 songs)
  📥 Scraping contemporary-jazz for 2016-02-13... ✓ (15 songs)
  📥 Scraping contemporary-jazz for 2016-02-20... ✓ (15 songs)
  📥 Scraping contemporary-jazz for 2016-02-27... ✓ (15 songs)
  📥 Scraping contemporary-jazz for 2016-03-05... ✓ (15 songs)
  📥 Scraping contemporary-jazz for 2016-03-12... ✓ (15 songs)
  📥 Scraping contemporary-jazz for 2016-03-19... ✓ (15 songs)
  📥 Scraping contemporary-jazz for 2016-03-26... ✓ (15 songs)
  📥 Scraping contemporary-jazz for 2016-04-02... ✓ (15 songs)
  📥 Scraping contemporary-jazz for 2016-04-09... ✓ (15 songs)
  📥 Scraping contemporary-jazz for 2016-04-16... ✓ (15 songs)
  📥 Scraping contemporary-jazz for 2016-04-23... ✓ (15 songs)
  📥 Scraping contemporary-jazz for 2016-04-30... ✓ (15 songs)
  📥 Scraping contemporary-jazz for 2016-05-07... ✓ (15 songs)
  📥 Scraping contemporary-jazz for 2016-05-14... ✓ (15 songs)
  contemporary-jazz: 1525/2061 fetched, 301 failed, 0 clamped
  📥 Scraping contemporary-jazz for 2016-05-21... ✓ (15 songs)
  📥 Scraping contemporary-jazz for 2016-05-28... ✓ (15 songs)
  📥 Scraping contemporary-jazz for 2016-06-04... ✓ (15 songs)
  📥 Scraping contemporary-jazz for 2016-06-11... ✓ (15 songs)
  📥 Scraping contemporary-jazz for 2016-06-18... ✓ (15 songs)
  📥 Scraping contemporary-jazz for 2016-06-25... ✓ (15 songs)
  📥 Scraping contemporary-jazz for 2016-07-02... ✓ (15 songs)
  📥 Scraping contemporary-jazz for 2016-07-09... ✓ (15 songs)
  📥 Scraping contemporary-jazz for 2016-07-16... ✓ (15 songs)
  📥 Scraping contemporary-jazz for 2016-07-23... ✓ (15 songs)
  📥 Scraping contemporary-jazz for 2016-07-30... ✓ (15 songs)
  📥 Scraping contemporary-jazz for 2016-08-06... ✓ (15 songs)
  📥 Scraping contemporary-jazz for 2016-08-13... ✓ (15 songs)
  📥 Scraping contemporary-jazz for 2016-08-20... ✓ (15 songs)
  📥 Scraping contemporary-jazz for 2016-08-27... ✓ (15 songs)
  📥 Scraping contemporary-jazz for 2016-09-03... ✓ (15 songs)
  📥 Scraping contemporary-jazz for 2016-09-10... ✓ (15 songs)
  📥 Scraping contemporary-jazz for 2016-09-17... ✓ (15 songs)
  📥 Scraping contemporary-jazz for 2016-09-24... ✓ (15 songs)
  📥 Scraping contemporary-jazz for 2016-10-01... ✓ (15 songs)
  📥 Scraping contemporary-jazz for 2016-10-08... ✓ (15 songs)
  📥 Scraping contemporary-jazz for 2016-10-15... ✓ (15 songs)
  📥 Scraping contemporary-jazz for 2016-10-22... ✓ (15 songs)
  📥 Scraping contemporary-jazz for 2016-10-29... ✓ (15 songs)
  📥 Scraping contemporary-jazz for 2016-11-05... ✓ (15 songs)
  contemporary-jazz: 1550/2061 fetched, 301 failed, 0 clamped
  📥 Scraping contemporary-jazz for 2016-11-12... ✓ (15 songs)
  📥 Scraping contemporary-jazz for 2016-11-19... ✓ (15 songs)
  📥 Scraping contemporary-jazz for 2016-11-26... ✓ (15 songs)
  📥 Scraping contemporary-jazz for 2016-12-03... ✓ (15 songs)
  📥 Scraping contemporary-jazz for 2016-12-10... ✓ (15 songs)
  📥 Scraping contemporary-jazz for 2016-12-17... ✓ (15 songs)
  📥 Scraping contemporary-jazz for 2016-12-24... ✓ (15 songs)
  📥 Scraping contemporary-jazz for 2016-12-31... ✓ (15 songs)
  📥 Scraping contemporary-jazz for 2017-01-07... ✓ (15 songs)
  📥 Scraping contemporary-jazz for 2017-01-14... ✓ (15 songs)
  📥 Scraping contemporary-jazz for 2017-01-21... ✓ (15 songs)
  📥 Scraping contemporary-jazz for 2017-01-28... ✓ (15 songs)
  📥 Scraping contemporary-jazz for 2017-02-04... ✓ (15 songs)
  📥 Scraping contemporary-jazz for 2017-02-11... ✓ (15 songs)
  📥 Scraping contemporary-jazz for 2017-02-18... ✓ (15 songs)
  📥 Scraping contemporary-jazz for 2017-02-25... ✓ (15 songs)
  📥 Scraping contemporary-jazz for 2017-03-04... ✓ (15 songs)
  📥 Scraping contemporary-jazz for 2017-03-11... ✓ (15 songs)
  📥 Scraping contemporary-jazz for 2017-03-18... ✓ (15 songs)
  📥 Scraping contemporary-jazz for 2017-03-25... ✓ (15 songs)
  📥 Scraping contemporary-jazz for 2017-04-01... ✓ (15 songs)
  📥 Scraping contemporary-jazz for 2017-04-08... ✓ (15 songs)
  📥 Scraping contemporary-jazz for 2017-04-15... ✓ (15 songs)
  📥 Scraping contemporary-jazz for 2017-04-22... ✓ (15 songs)
  📥 Scraping contemporary-jazz for 2017-04-29... ✓ (15 songs)
  contemporary-jazz: 1575/2061 fetched, 301 failed, 0 clamped
  📥 Scraping contemporary-jazz for 2017-05-06... ✓ (15 songs)
  📥 Scraping contemporary-jazz for 2017-05-13... ✓ (15 songs)
  📥 Scraping contemporary-jazz for 2017-05-20... ✓ (15 songs)
  📥 Scraping contemporary-jazz for 2017-05-27... ✓ (15 songs)
  📥 Scraping contemporary-jazz for 2017-06-03... ✓ (15 songs)
  📥 Scraping contemporary-jazz for 2017-06-10... ✓ (15 songs)
  📥 Scraping contemporary-jazz for 2017-06-17... ✓ (15 songs)
  📥 Scraping contemporary-jazz for 2017-06-24... ✓ (15 songs)
  📥 Scraping contemporary-jazz for 2017-07-01... ✓ (15 songs)
  📥 Scraping contemporary-jazz for 2017-07-08... ✓ (15 songs)
  📥 Scraping contemporary-jazz for 2017-07-15... ✓ (15 songs)
  📥 Scraping contemporary-jazz for 2017-07-22... ✓ (15 songs)
  📥 Scraping contemporary-jazz for 2017-07-29... ✓ (15 songs)
  📥 Scraping contemporary-jazz for 2017-08-05... ✓ (15 songs)
  📥 Scraping contemporary-jazz for 2017-08-12... ✓ (15 songs)
  📥 Scraping contemporary-jazz for 2017-08-19... ✓ (15 songs)
  📥 Scraping contemporary-jazz for 2017-08-26... ✓ (15 songs)
  📥 Scraping contemporary-jazz for 2017-09-02... ✓ (15 songs)
  📥 Scraping contemporary-jazz for 2017-09-09... ✓ (15 songs)
  📥 Scraping contemporary-jazz for 2017-09-16... ✓ (15 songs)
  📥 Scraping contemporary-jazz for 2017-09-23... ✓ (15 songs)
  📥 Scraping contemporary-jazz for 2017-09-30... ✓ (15 songs)
  📥 Scraping contemporary-jazz for 2017-10-07... ✓ (15 songs)
  📥 Scraping contemporary-jazz for 2017-10-14... ✓ (15 songs)
  📥 Scraping contemporary-jazz for 2017-10-21... ✓ (15 songs)
  contemporary-jazz: 1600/2061 fetched, 301 failed, 0 clamped
  📥 Scraping contemporary-jazz for 2017-10-28... ✓ (15 songs)
  📥 Scraping contemporary-jazz for 2017-11-04... ✓ (15 songs)
  📥 Scraping contemporary-jazz for 2017-11-11... ✓ (15 songs)
  📥 Scraping contemporary-jazz for 2017-11-18... ✓ (15 songs)
  📥 Scraping contemporary-jazz for 2017-11-25... ✓ (15 songs)
  📥 Scraping contemporary-jazz for 2017-12-02... ✓ (15 songs)
  📥 Scraping contemporary-jazz for 2017-12-09... ✓ (15 songs)
  📥 Scraping contemporary-jazz for 2017-12-16... ✓ (15 songs)
  📥 Scraping contemporary-jazz for 2017-12-23... ✓ (15 songs)
  📥 Scraping contemporary-jazz for 2017-12-30... ✓ (15 songs)
  📥 Scraping contemporary-jazz for 2018-01-06... ✓ (15 songs)
  📥 Scraping contemporary-jazz for 2018-01-13... ✓ (15 songs)
  📥 Scraping contemporary-jazz for 2018-01-20... ✓ (15 songs)
  📥 Scraping contemporary-jazz for 2018-01-27... ✓ (15 songs)
  📥 Scraping contemporary-jazz for 2018-02-03... ✓ (15 songs)
  📥 Scraping contemporary-jazz for 2018-02-10... ✓ (15 songs)
  📥 Scraping contemporary-jazz for 2018-02-17... ✓ (15 songs)
  📥 Scraping contemporary-jazz for 2018-02-24... ✓ (15 songs)
  📥 Scraping contemporary-jazz for 2018-03-03... ✓ (15 songs)
  📥 Scraping contemporary-jazz for 2018-03-10... ✓ (15 songs)
  📥 Scraping contemporary-jazz for 2018-03-17... ✓ (15 songs)
  📥 Scraping contemporary-jazz for 2018-03-24... ✓ (15 songs)
  📥 Scraping contemporary-jazz for 2018-03-31... ✓ (15 songs)
  📥 Scraping contemporary-jazz for 2018-04-07... ✓ (15 songs)
  📥 Scraping contemporary-jazz for 2018-04-14... ✓ (15 songs)
  contemporary-jazz: 1625/2061 fetched, 301 failed, 0 clamped
  📥 Scraping contemporary-jazz for 2018-04-21... ✓ (15 songs)
  📥 Scraping contemporary-jazz for 2018-04-28... ✓ (15 songs)
  📥 Scraping contemporary-jazz for 2018-05-05... ✓ (15 songs)
  📥 Scraping contemporary-jazz for 2018-05-12... ✓ (15 songs)
  📥 Scraping contemporary-jazz for 2018-05-19... ✓ (15 songs)
  📥 Scraping contemporary-jazz for 2018-05-26... ✓ (15 songs)
  📥 Scraping contemporary-jazz for 2018-06-02... ✓ (15 songs)
  📥 Scraping contemporary-jazz for 2018-06-09... ✓ (15 songs)
  📥 Scraping contemporary-jazz for 2018-06-16... ✓ (15 songs)
  📥 Scraping contemporary-jazz for 2018-06-23... ✓ (15 songs)
  📥 Scraping contemporary-jazz for 2018-06-30... ✓ (15 songs)
  📥 Scraping contemporary-jazz for 2018-07-07... ✓ (15 songs)
  📥 Scraping contemporary-jazz for 2018-07-14... ✓ (15 songs)
  📥 Scraping contemporary-jazz for 2018-07-21... ✓ (15 songs)
  📥 Scraping contemporary-jazz for 2018-07-28... ✓ (15 songs)
  📥 Scraping contemporary-jazz for 2018-08-04... ✓ (15 songs)
  📥 Scraping contemporary-jazz for 2018-08-11... ✓ (15 songs)
  📥 Scraping contemporary-jazz for 2018-08-18... ✓ (15 songs)
  📥 Scraping contemporary-jazz for 2018-08-25... ✓ (15 songs)
  📥 Scraping contemporary-jazz for 2018-09-01... ✓ (15 songs)
  📥 Scraping contemporary-jazz for 2018-09-08... ✓ (15 songs)
  📥 Scraping contemporary-jazz for 2018-09-15... ✓ (15 songs)
  📥 Scraping contemporary-jazz for 2018-09-22... ✓ (15 songs)
  📥 Scraping contemporary-jazz for 2018-09-29... ✓ (15 songs)
  📥 Scraping contemporary-jazz for 2018-10-06... ✓ (15 songs)
  contemporary-jazz: 1650/2061 fetched, 301 failed, 0 clamped
  📥 Scraping contemporary-jazz for 2018-10-13... ✓ (15 songs)
  📥 Scraping contemporary-jazz for 2018-10-20... ✓ (15 songs)
  📥 Scraping contemporary-jazz for 2018-10-27... ✓ (15 songs)
  📥 Scraping contemporary-jazz for 2018-11-03... ✓ (15 songs)
  📥 Scraping contemporary-jazz for 2018-11-10... ✓ (15 songs)
  📥 Scraping contemporary-jazz for 2018-11-17... ✓ (15 songs)
  📥 Scraping contemporary-jazz for 2018-11-24... ✓ (15 songs)
  📥 Scraping contemporary-jazz for 2018-12-01... ✓ (15 songs)
  📥 Scraping contemporary-jazz for 2018-12-08... ✓ (15 songs)
  📥 Scraping contemporary-jazz for 2018-12-15... ✓ (15 songs)
  📥 Scraping contemporary-jazz for 2018-12-22... ✓ (15 songs)
  📥 Scraping contemporary-jazz for 2018-12-29... ✓ (15 songs)
  📥 Scraping contemporary-jazz for 2019-01-05... ✓ (15 songs)
  📥 Scraping contemporary-jazz for 2019-01-12... ✓ (15 songs)
  📥 Scraping contemporary-jazz for 2019-01-19... ✓ (15 songs)
  📥 Scraping contemporary-jazz for 2019-01-26... ✓ (15 songs)
  📥 Scraping contemporary-jazz for 2019-02-02... ✓ (15 songs)
  📥 Scraping contemporary-jazz for 2019-02-09... ✓ (15 songs)
  📥 Scraping contemporary-jazz for 2019-02-16... ✓ (15 songs)
  📥 Scraping contemporary-jazz for 2019-02-23... ✓ (15 songs)
  📥 Scraping contemporary-jazz for 2019-03-02... ✓ (15 songs)
  📥 Scraping contemporary-jazz for 2019-03-09... ✓ (15 songs)
  📥 Scraping contemporary-jazz for 2019-03-16... ✓ (15 songs)
  📥 Scraping contemporary-jazz for 2019-03-23... ✓ (15 songs)
  📥 Scraping contemporary-jazz for 2019-03-30... ✓ (15 songs)
  contemporary-jazz: 1675/2061 fetched, 301 failed, 0 clamped
  📥 Scraping contemporary-jazz for 2019-04-06... ✓ (15 songs)
  📥 Scraping contemporary-jazz for 2019-04-13... ✓ (15 songs)
  📥 Scraping contemporary-jazz for 2019-04-20... ✓ (15 songs)
  📥 Scraping contemporary-jazz for 2019-04-27... ✓ (15 songs)
  📥 Scraping contemporary-jazz for 2019-05-04... ✓ (15 songs)
  📥 Scraping contemporary-jazz for 2019-05-11... ✓ (15 songs)
  📥 Scraping contemporary-jazz for 2019-05-18... ✓ (15 songs)
  📥 Scraping contemporary-jazz for 2019-05-25... ✓ (15 songs)
  📥 Scraping contemporary-jazz for 2019-06-01... ✓ (15 songs)
  📥 Scraping contemporary-jazz for 2019-06-08... ✓ (15 songs)
  📥 Scraping contemporary-jazz for 2019-06-15... ✓ (15 songs)
  📥 Scraping contemporary-jazz for 2019-06-22... ✓ (15 songs)
  📥 Scraping contemporary-jazz for 2019-06-29... ✓ (15 songs)
  📥 Scraping contemporary-jazz for 2019-07-06... ✓ (15 songs)
  📥 Scraping contemporary-jazz for 2019-07-13... ✓ (15 songs)
  📥 Scraping contemporary-jazz for 2019-07-20... ✓ (15 songs)
  📥 Scraping contemporary-jazz for 2019-07-27... ✓ (15 songs)
  📥 Scraping contemporary-jazz for 2019-08-03... ✓ (15 songs)
  📥 Scraping contemporary-jazz for 2019-08-10... ✓ (15 songs)
  📥 Scraping contemporary-jazz for 2019-08-17... ✓ (15 songs)
  📥 Scraping contemporary-jazz for 2019-08-24... ✓ (15 songs)
  📥 Scraping contemporary-jazz for 2019-08-31... ✓ (15 songs)
  📥 Scraping contemporary-jazz for 2019-09-07... ✓ (15 songs)
  📥 Scraping contemporary-jazz for 2019-09-14... ✓ (15 songs)
  📥 Scraping contemporary-jazz for 2019-09-21... ✓ (15 songs)
  contemporary-jazz: 1700/2061 fetched, 301 failed, 0 clamped
  📥 Scraping contemporary-jazz for 2019-09-28... ✓ (15 songs)
  📥 Scraping contemporary-jazz for 2019-10-05... ✓ (15 songs)
  📥 Scraping contemporary-jazz for 2019-10-12... ✓ (15 songs)
  📥 Scraping contemporary-jazz for 2019-10-19... ✓ (15 songs)
  📥 Scraping contemporary-jazz for 2019-10-26... ✓ (15 songs)
  📥 Scraping contemporary-jazz for 2019-11-02... ✓ (15 songs)
  📥 Scraping contemporary-jazz for 2019-11-09... ✓ (15 songs)
  📥 Scraping contemporary-jazz for 2019-11-16... ✓ (15 songs)
  📥 Scraping contemporary-jazz for 2019-11-23... ✓ (15 songs)
  📥 Scraping contemporary-jazz for 2019-11-30... ✓ (15 songs)
  📥 Scraping contemporary-jazz for 2019-12-07... ✓ (15 songs)
  📥 Scraping contemporary-jazz for 2019-12-14... ✓ (15 songs)
  📥 Scraping contemporary-jazz for 2019-12-21... ✓ (15 songs)
  📥 Scraping contemporary-jazz for 2019-12-28... ✓ (15 songs)
  📥 Scraping contemporary-jazz for 2020-01-04... ✓ (15 songs)
  📥 Scraping contemporary-jazz for 2020-01-11... ✓ (15 songs)
  📥 Scraping contemporary-jazz for 2020-01-18... ✓ (15 songs)
  📥 Scraping contemporary-jazz for 2020-01-25... ✓ (15 songs)
  📥 Scraping contemporary-jazz for 2020-02-01... ✓ (15 songs)
  📥 Scraping contemporary-jazz for 2020-02-08... ✓ (15 songs)
  📥 Scraping contemporary-jazz for 2020-02-15... ✓ (15 songs)
  📥 Scraping contemporary-jazz for 2020-02-22... ✓ (15 songs)
  📥 Scraping contemporary-jazz for 2020-02-29... ✓ (15 songs)
  📥 Scraping contemporary-jazz for 2020-03-07... ✓ (15 songs)
  📥 Scraping contemporary-jazz for 2020-03-14... ✓ (15 songs)
  contemporary-jazz: 1725/2061 fetched, 301 failed, 0 clamped
  📥 Scraping contemporary-jazz for 2020-03-21... ✓ (15 songs)
  📥 Scraping contemporary-jazz for 2020-03-28... ✓ (15 songs)
  📥 Scraping contemporary-jazz for 2020-04-04... ✓ (15 songs)
  📥 Scraping contemporary-jazz for 2020-04-11... ✓ (15 songs)
  📥 Scraping contemporary-jazz for 2020-04-18... ✓ (15 songs)
  📥 Scraping contemporary-jazz for 2020-04-25... ✓ (15 songs)
  📥 Scraping contemporary-jazz for 2020-05-02... ✓ (15 songs)
  📥 Scraping contemporary-jazz for 2020-05-09... ✓ (15 songs)
  📥 Scraping contemporary-jazz for 2020-05-16... ✓ (15 songs)
  📥 Scraping contemporary-jazz for 2020-05-23... ✓ (15 songs)
  📥 Scraping contemporary-jazz for 2020-05-30... ✓ (15 songs)
  📥 Scraping contemporary-jazz for 2020-06-06... ✓ (15 songs)
  📥 Scraping contemporary-jazz for 2020-06-13... ✓ (15 songs)
  📥 Scraping contemporary-jazz for 2020-06-20... ✓ (15 songs)
  📥 Scraping contemporary-jazz for 2020-06-27... ✓ (15 songs)
  📥 Scraping contemporary-jazz for 2020-07-04... ✓ (15 songs)
  📥 Scraping contemporary-jazz for 2020-07-11... ✓ (15 songs)
  📥 Scraping contemporary-jazz for 2020-07-18... ✓ (15 songs)
  📥 Scraping contemporary-jazz for 2020-07-25... ✓ (15 songs)
  📥 Scraping contemporary-jazz for 2020-08-01... ✓ (15 songs)
  📥 Scraping contemporary-jazz for 2020-08-08... ✓ (15 songs)
  📥 Scraping contemporary-jazz for 2020-08-15... ✓ (15 songs)
  📥 Scraping contemporary-jazz for 2020-08-22... ✓ (15 songs)
  📥 Scraping contemporary-jazz for 2020-08-29... ✓ (15 songs)
  📥 Scraping contemporary-jazz for 2020-09-05... ✓ (15 songs)
  contemporary-jazz: 1750/2061 fetched, 301 failed, 0 clamped
  📥 Scraping contemporary-jazz for 2020-09-12... ✓ (15 songs)
  📥 Scraping contemporary-jazz for 2020-09-19... ✓ (15 songs)
  📥 Scraping contemporary-jazz for 2020-09-26... ✓ (15 songs)
  📥 Scraping contemporary-jazz for 2020-10-03... ✓ (15 songs)
  📥 Scraping contemporary-jazz for 2020-10-10... ✓ (15 songs)
  📥 Scraping contemporary-jazz for 2020-10-17... ✓ (15 songs)
  📥 Scraping contemporary-jazz for 2020-10-24... ✓ (15 songs)
  📥 Scraping contemporary-jazz for 2020-10-31... ✓ (15 songs)
  📥 Scraping contemporary-jazz for 2020-11-07... ✓ (15 songs)
  📥 Scraping contemporary-jazz for 2020-11-14... ✓ (15 songs)
  📥 Scraping contemporary-jazz for 2020-11-21... ✓ (15 songs)
  📥 Scraping contemporary-jazz for 2020-11-28... ✓ (15 songs)
  📥 Scraping contemporary-jazz for 2020-12-05... ✓ (15 songs)
  📥 Scraping contemporary-jazz for 2020-12-12... ✓ (15 songs)
  📥 Scraping contemporary-jazz for 2020-12-19... ✓ (15 songs)
  📥 Scraping contemporary-jazz for 2020-12-26... ✓ (15 songs)
  📥 Scraping contemporary-jazz for 2021-01-02... ✓ (15 songs)
  📥 Scraping contemporary-jazz for 2021-01-09... ✓ (15 songs)
  📥 Scraping contemporary-jazz for 2021-01-16... ✓ (15 songs)
  📥 Scraping contemporary-jazz for 2021-01-23... ✓ (15 songs)
  📥 Scraping contemporary-jazz for 2021-01-30... ✓ (15 songs)
  📥 Scraping contemporary-jazz for 2021-02-06... ✓ (15 songs)
  📥 Scraping contemporary-jazz for 2021-02-13... ✓ (15 songs)
  📥 Scraping contemporary-jazz for 2021-02-20... ✓ (15 songs)
  📥 Scraping contemporary-jazz for 2021-02-27... ✓ (15 songs)
  contemporary-jazz: 1775/2061 fetched, 301 failed, 0 clamped
  📥 Scraping contemporary-jazz for 2021-03-06... ✓ (15 songs)
  📥 Scraping contemporary-jazz for 2021-03-13... ✓ (15 songs)
  📥 Scraping contemporary-jazz for 2021-03-20... ✓ (15 songs)
  📥 Scraping contemporary-jazz for 2021-03-27... ✓ (15 songs)
  📥 Scraping contemporary-jazz for 2021-04-03... ✓ (15 songs)
  📥 Scraping contemporary-jazz for 2021-04-10... ✓ (15 songs)
  📥 Scraping contemporary-jazz for 2021-04-17... ✓ (15 songs)
  📥 Scraping contemporary-jazz for 2021-04-24... ✓ (15 songs)
  📥 Scraping contemporary-jazz for 2021-05-01... ✓ (15 songs)
  📥 Scraping contemporary-jazz for 2021-05-08... ✓ (15 songs)
  📥 Scraping contemporary-jazz for 2021-05-15... ✓ (15 songs)
  📥 Scraping contemporary-jazz for 2021-05-22... ✓ (15 songs)
  📥 Scraping contemporary-jazz for 2021-05-29... ✓ (15 songs)
  📥 Scraping contemporary-jazz for 2021-06-05... ✓ (15 songs)
  📥 Scraping contemporary-jazz for 2021-06-12... ✓ (15 songs)
  📥 Scraping contemporary-jazz for 2021-06-19... ✓ (15 songs)
  📥 Scraping contemporary-jazz for 2021-06-26... ✓ (15 songs)
  📥 Scraping contemporary-jazz for 2021-07-03... ✓ (15 songs)
  📥 Scraping contemporary-jazz for 2021-07-10... ✓ (15 songs)
  📥 Scraping contemporary-jazz for 2021-07-17... ✓ (15 songs)
  📥 Scraping contemporary-jazz for 2021-07-24... ✓ (15 songs)
  📥 Scraping contemporary-jazz for 2021-07-31... ✓ (15 songs)
  📥 Scraping contemporary-jazz for 2021-08-07... ✓ (15 songs)
  📥 Scraping contemporary-jazz for 2021-08-14... ✓ (15 songs)
  📥 Scraping contemporary-jazz for 2021-08-21... ✓ (15 songs)
  contemporary-jazz: 1800/2061 fetched, 301 failed, 0 clamped
  📥 Scraping contemporary-jazz for 2021-08-28... ✓ (15 songs)
  📥 Scraping contemporary-jazz for 2021-09-04... ✓ (15 songs)
  📥 Scraping contemporary-jazz for 2021-09-11... ✓ (15 songs)
  📥 Scraping contemporary-jazz for 2021-09-18... ✓ (15 songs)
  📥 Scraping contemporary-jazz for 2021-09-25... ✓ (15 songs)
  📥 Scraping contemporary-jazz for 2021-10-02... ✓ (15 songs)
  📥 Scraping contemporary-jazz for 2021-10-09... ✓ (15 songs)
  📥 Scraping contemporary-jazz for 2021-10-16... ✓ (15 songs)
  📥 Scraping contemporary-jazz for 2021-10-23... ✓ (15 songs)
  📥 Scraping contemporary-jazz for 2021-10-30... ✓ (15 songs)
  📥 Scraping contemporary-jazz for 2021-11-06... ✓ (15 songs)
  📥 Scraping contemporary-jazz for 2021-11-13... ✓ (15 songs)
  📥 Scraping contemporary-jazz for 2021-11-20... ✓ (15 songs)
  📥 Scraping contemporary-jazz for 2021-11-27... ✓ (15 songs)
  📥 Scraping contemporary-jazz for 2021-12-04... ✓ (15 songs)
  📥 Scraping contemporary-jazz for 2021-12-11... ✓ (15 songs)
  📥 Scraping contemporary-jazz for 2021-12-18... ✓ (15 songs)
  📥 Scraping contemporary-jazz for 2021-12-25... ✓ (15 songs)
  📥 Scraping contemporary-jazz for 2022-01-01... ✓ (15 songs)
  📥 Scraping contemporary-jazz for 2022-01-08... ✓ (15 songs)
  📥 Scraping contemporary-jazz for 2022-01-15... ✓ (15 songs)
  📥 Scraping contemporary-jazz for 2022-01-22... ✓ (15 songs)
  📥 Scraping contemporary-jazz for 2022-01-29... ✓ (15 songs)
  📥 Scraping contemporary-jazz for 2022-02-05... ✓ (15 songs)
  📥 Scraping contemporary-jazz for 2022-02-12... ✓ (15 songs)
  contemporary-jazz: 1825/2061 fetched, 301 failed, 0 clamped
  📥 Scraping contemporary-jazz for 2022-02-19... ✓ (15 songs)
  📥 Scraping contemporary-jazz for 2022-02-26... ✓ (15 songs)
  📥 Scraping contemporary-jazz for 2022-03-05... ✓ (15 songs)
  📥 Scraping contemporary-jazz for 2022-03-12... ✓ (15 songs)
  📥 Scraping contemporary-jazz for 2022-03-19... ✓ (15 songs)
  📥 Scraping contemporary-jazz for 2022-03-26... ✓ (15 songs)
  📥 Scraping contemporary-jazz for 2022-04-02... ✓ (15 songs)
  📥 Scraping contemporary-jazz for 2022-04-09... ✓ (15 songs)
  📥 Scraping contemporary-jazz for 2022-04-16... ✓ (15 songs)
  📥 Scraping contemporary-jazz for 2022-04-23... ✓ (15 songs)
  📥 Scraping contemporary-jazz for 2022-04-30... ✓ (15 songs)
  📥 Scraping contemporary-jazz for 2022-05-07... ✓ (15 songs)
  📥 Scraping contemporary-jazz for 2022-05-14... ✓ (15 songs)
  📥 Scraping contemporary-jazz for 2022-05-21... ✓ (15 songs)
  📥 Scraping contemporary-jazz for 2022-05-28... ✓ (15 songs)
  📥 Scraping contemporary-jazz for 2022-06-04... ✓ (15 songs)
  📥 Scraping contemporary-jazz for 2022-06-11... ✓ (15 songs)
  📥 Scraping contemporary-jazz for 2022-06-18... ✓ (15 songs)
  📥 Scraping contemporary-jazz for 2022-06-25... ✓ (15 songs)
  📥 Scraping contemporary-jazz for 2022-07-02... ✓ (15 songs)
  📥 Scraping contemporary-jazz for 2022-07-09... ✓ (15 songs)
  📥 Scraping contemporary-jazz for 2022-07-16... ✓ (15 songs)
  📥 Scraping contemporary-jazz for 2022-07-23... ✓ (15 songs)
  📥 Scraping contemporary-jazz for 2022-07-30... ✓ (15 songs)
  📥 Scraping contemporary-jazz for 2022-08-06... ✓ (15 songs)
  contemporary-jazz: 1850/2061 fetched, 301 failed, 0 clamped
  📥 Scraping contemporary-jazz for 2022-08-13... ✓ (15 songs)
  📥 Scraping contemporary-jazz for 2022-08-20... ✓ (15 songs)
  📥 Scraping contemporary-jazz for 2022-08-27... ✓ (15 songs)
  📥 Scraping contemporary-jazz for 2022-09-03... ✓ (15 songs)
  📥 Scraping contemporary-jazz for 2022-09-10... ✓ (15 songs)
  📥 Scraping contemporary-jazz for 2022-09-17... ✓ (15 songs)
  📥 Scraping contemporary-jazz for 2022-09-24... ✓ (15 songs)
  📥 Scraping contemporary-jazz for 2022-10-01... ✓ (15 songs)
  📥 Scraping contemporary-jazz for 2022-10-08... ✓ (15 songs)
  📥 Scraping contemporary-jazz for 2022-10-15... ✓ (15 songs)
  📥 Scraping contemporary-jazz for 2022-10-22... ✓ (15 songs)
  📥 Scraping contemporary-jazz for 2022-10-29... ✓ (15 songs)
  📥 Scraping contemporary-jazz for 2022-11-05... ✓ (15 songs)
  📥 Scraping contemporary-jazz for 2022-11-12... ✓ (15 songs)
  📥 Scraping contemporary-jazz for 2022-11-19... ✓ (15 songs)
  📥 Scraping contemporary-jazz for 2022-11-26... ✓ (15 songs)
  📥 Scraping contemporary-jazz for 2022-12-03... ✓ (15 songs)
  📥 Scraping contemporary-jazz for 2022-12-10... ✓ (15 songs)
  📥 Scraping contemporary-jazz for 2022-12-17... ✓ (15 songs)
  📥 Scraping contemporary-jazz for 2022-12-24... ✓ (15 songs)
  📥 Scraping contemporary-jazz for 2022-12-31... ✓ (15 songs)
  📥 Scraping contemporary-jazz for 2023-01-07... ✓ (15 songs)
  📥 Scraping contemporary-jazz for 2023-01-14... ✓ (15 songs)
  📥 Scraping contemporary-jazz for 2023-01-21... ✓ (15 songs)
  📥 Scraping contemporary-jazz for 2023-01-28... ✓ (15 songs)
  contemporary-jazz: 1875/2061 fetched, 301 failed, 0 clamped
  📥 Scraping contemporary-jazz for 2023-02-04... ✓ (15 songs)
  📥 Scraping contemporary-jazz for 2023-02-11... ✓ (15 songs)
  📥 Scraping contemporary-jazz for 2023-02-18... ✓ (15 songs)
  📥 Scraping contemporary-jazz for 2023-02-25... ✓ (15 songs)
  📥 Scraping contemporary-jazz for 2023-03-04... ✓ (15 songs)
  📥 Scraping contemporary-jazz for 2023-03-11... ✓ (15 songs)
  📥 Scraping contemporary-jazz for 2023-03-18... ✓ (15 songs)
  📥 Scraping contemporary-jazz for 2023-03-25... ✓ (15 songs)
  📥 Scraping contemporary-jazz for 2023-04-01... ✓ (15 songs)
  📥 Scraping contemporary-jazz for 2023-04-08... ✓ (15 songs)
  📥 Scraping contemporary-jazz for 2023-04-15... ✓ (15 songs)
  📥 Scraping contemporary-jazz for 2023-04-22... ✓ (15 songs)
  📥 Scraping contemporary-jazz for 2023-04-29... ✓ (15 songs)
  📥 Scraping contemporary-jazz for 2023-05-06... ✓ (15 songs)
  📥 Scraping contemporary-jazz for 2023-05-13... ✓ (15 songs)
  📥 Scraping contemporary-jazz for 2023-05-20... ✓ (15 songs)
  📥 Scraping contemporary-jazz for 2023-05-27... ✓ (15 songs)
  📥 Scraping contemporary-jazz for 2023-06-03... ✓ (15 songs)
  📥 Scraping contemporary-jazz for 2023-06-10... ✓ (15 songs)
  📥 Scraping contemporary-jazz for 2023-06-17... ✓ (15 songs)
  📥 Scraping contemporary-jazz for 2023-06-24... ✓ (15 songs)
  📥 Scraping contemporary-jazz for 2023-07-01... ✓ (15 songs)
  📥 Scraping contemporary-jazz for 2023-07-08... ✓ (15 songs)
  📥 Scraping contemporary-jazz for 2023-07-15... ✓ (15 songs)
  📥 Scraping contemporary-jazz for 2023-07-22... ✓ (15 songs)
  contemporary-jazz: 1900/2061 fetched, 301 failed, 0 clamped
  📥 Scraping contemporary-jazz for 2023-07-29... ✓ (15 songs)
  📥 Scraping contemporary-jazz for 2023-08-05... ✓ (15 songs)
  📥 Scraping contemporary-jazz for 2023-08-12... ✓ (15 songs)
  📥 Scraping contemporary-jazz for 2023-08-19... ✓ (15 songs)
  📥 Scraping contemporary-jazz for 2023-08-26... ✓ (15 songs)
  📥 Scraping contemporary-jazz for 2023-09-02... ✓ (15 songs)
  📥 Scraping contemporary-jazz for 2023-09-09... ✓ (15 songs)
  📥 Scraping contemporary-jazz for 2023-09-16... ✓ (15 songs)
  📥 Scraping contemporary-jazz for 2023-09-23... ✓ (15 songs)
  📥 Scraping contemporary-jazz for 2023-09-30... ✓ (15 songs)
  📥 Scraping contemporary-jazz for 2023-10-07... ✓ (15 songs)
  📥 Scraping contemporary-jazz for 2023-10-14... ✓ (15 songs)
  📥 Scraping contemporary-jazz for 2023-10-21... ✓ (15 songs)
  📥 Scraping contemporary-jazz for 2023-10-28... ✓ (15 songs)
  📥 Scraping contemporary-jazz for 2023-11-04... ✓ (15 songs)
  📥 Scraping contemporary-jazz for 2023-11-11... ✓ (15 songs)
  📥 Scraping contemporary-jazz for 2023-11-18... ✓ (15 songs)
  📥 Scraping contemporary-jazz for 2023-11-25... ✓ (15 songs)
  📥 Scraping contemporary-jazz for 2023-12-02... ✓ (15 songs)
  📥 Scraping contemporary-jazz for 2023-12-09... ✓ (15 songs)
  📥 Scraping contemporary-jazz for 2023-12-16... ✓ (15 songs)
  📥 Scraping contemporary-jazz for 2023-12-23... ✓ (15 songs)
  📥 Scraping contemporary-jazz for 2023-12-30... ✓ (15 songs)
  📥 Scraping contemporary-jazz for 2024-01-06... ✓ (15 songs)
  📥 Scraping contemporary-jazz for 2024-01-13... ✓ (15 songs)
  contemporary-jazz: 1925/2061 fetched, 301 failed, 0 clamped
  📥 Scraping contemporary-jazz for 2024-01-20... ✓ (15 songs)
  📥 Scraping contemporary-jazz for 2024-01-27... ✓ (15 songs)
  📥 Scraping contemporary-jazz for 2024-02-03... ✓ (15 songs)
  📥 Scraping contemporary-jazz for 2024-02-10... ✓ (15 songs)
  📥 Scraping contemporary-jazz for 2024-02-17... ✓ (15 songs)
  📥 Scraping contemporary-jazz for 2024-02-24... ✓ (15 songs)
  📥 Scraping contemporary-jazz for 2024-03-02... ✓ (15 songs)
  📥 Scraping contemporary-jazz for 2024-03-09... ✓ (15 songs)
  📥 Scraping contemporary-jazz for 2024-03-16... ✓ (15 songs)
  📥 Scraping contemporary-jazz for 2024-03-23... ✓ (15 songs)
  📥 Scraping contemporary-jazz for 2024-03-30... ✓ (15 songs)
  📥 Scraping contemporary-jazz for 2024-04-06... ✓ (15 songs)
  📥 Scraping contemporary-jazz for 2024-04-13... ✓ (15 songs)
  📥 Scraping contemporary-jazz for 2024-04-20... ✓ (15 songs)
  📥 Scraping contemporary-jazz for 2024-04-27... ✓ (15 songs)
  📥 Scraping contemporary-jazz for 2024-05-04... ✓ (15 songs)
  📥 Scraping contemporary-jazz for 2024-05-11... ✓ (15 songs)
  📥 Scraping contemporary-jazz for 2024-05-18... ✓ (15 songs)
  📥 Scraping contemporary-jazz for 2024-05-25... ✓ (15 songs)
  📥 Scraping contemporary-jazz for 2024-06-01... ✓ (15 songs)
  📥 Scraping contemporary-jazz for 2024-06-08... ✓ (15 songs)
  📥 Scraping contemporary-jazz for 2024-06-15... ✓ (15 songs)
  📥 Scraping contemporary-jazz for 2024-06-22... ✓ (15 songs)
  📥 Scraping contemporary-jazz for 2024-06-29... ✓ (15 songs)
  📥 Scraping contemporary-jazz for 2024-07-06... ✓ (15 songs)
  contemporary-jazz: 1950/2061 fetched, 301 failed, 0 clamped
  📥 Scraping contemporary-jazz for 2024-07-13... ✓ (15 songs)
  📥 Scraping contemporary-jazz for 2024-07-20... ✓ (15 songs)
  📥 Scraping contemporary-jazz for 2024-07-27... ✓ (15 songs)
  📥 Scraping contemporary-jazz for 2024-08-03... ✓ (15 songs)
  📥 Scraping contemporary-jazz for 2024-08-10... ✓ (15 songs)
  📥 Scraping contemporary-jazz for 2024-08-17... ✓ (15 songs)
  📥 Scraping contemporary-jazz for 2024-08-24... ✓ (15 songs)
  📥 Scraping contemporary-jazz for 2024-08-31... ✓ (15 songs)
  📥 Scraping contemporary-jazz for 2024-09-07... ✓ (15 songs)
  📥 Scraping contemporary-jazz for 2024-09-14... ✓ (15 songs)
  📥 Scraping contemporary-jazz for 2024-09-21... ✓ (15 songs)
  📥 Scraping contemporary-jazz for 2024-09-28... ✓ (15 songs)
  📥 Scraping contemporary-jazz for 2024-10-05... ✓ (15 songs)
  📥 Scraping contemporary-jazz for 2024-10-12... ✓ (15 songs)
  📥 Scraping contemporary-jazz for 2024-10-19... ✓ (15 songs)
  📥 Scraping contemporary-jazz for 2024-10-26... ✓ (15 songs)
  📥 Scraping contemporary-jazz for 2024-11-02... ✓ (15 songs)
  📥 Scraping contemporary-jazz for 2024-11-09... ✓ (15 songs)
  📥 Scraping contemporary-jazz for 2024-11-16... ✓ (15 songs)
  📥 Scraping contemporary-jazz for 2024-11-23... ✓ (15 songs)
  📥 Scraping contemporary-jazz for 2024-11-30... ✓ (15 songs)
  📥 Scraping contemporary-jazz for 2024-12-07... ✓ (15 songs)
  📥 Scraping contemporary-jazz for 2024-12-14... ✓ (15 songs)
  📥 Scraping contemporary-jazz for 2024-12-21... ✓ (15 songs)
  📥 Scraping contemporary-jazz for 2024-12-28... ✓ (15 songs)
  contemporary-jazz: 1975/2061 fetched, 301 failed, 0 clamped
  📥 Scraping contemporary-jazz for 2025-01-04... ✓ (15 songs)
  📥 Scraping contemporary-jazz for 2025-01-11... ✓ (15 songs)
  📥 Scraping contemporary-jazz for 2025-01-18... ✓ (15 songs)
  📥 Scraping contemporary-jazz for 2025-01-25... ✓ (15 songs)
  📥 Scraping contemporary-jazz for 2025-02-01... ✓ (15 songs)
  📥 Scraping contemporary-jazz for 2025-02-08... ✓ (15 songs)
  📥 Scraping contemporary-jazz for 2025-02-15... ✓ (15 songs)
  📥 Scraping contemporary-jazz for 2025-02-22... ✓ (15 songs)
  📥 Scraping contemporary-jazz for 2025-03-01... ✓ (15 songs)
  📥 Scraping contemporary-jazz for 2025-03-08... ✓ (15 songs)
  📥 Scraping contemporary-jazz for 2025-03-15... ✓ (15 songs)
  📥 Scraping contemporary-jazz for 2025-03-22... ✓ (15 songs)
  📥 Scraping contemporary-jazz for 2025-03-29... ✓ (15 songs)
  📥 Scraping contemporary-jazz for 2025-04-05... ✓ (15 songs)
  📥 Scraping contemporary-jazz for 2025-04-12... ✓ (15 songs)
  📥 Scraping contemporary-jazz for 2025-04-19... ✓ (15 songs)
  📥 Scraping contemporary-jazz for 2025-04-26... ✓ (15 songs)
  📥 Scraping contemporary-jazz for 2025-05-03... ✓ (15 songs)
  📥 Scraping contemporary-jazz for 2025-05-10... ✓ (15 songs)
  📥 Scraping contemporary-jazz for 2025-05-17... ✓ (15 songs)
  📥 Scraping contemporary-jazz for 2025-05-24... ✓ (15 songs)
  📥 Scraping contemporary-jazz for 2025-05-31... ✓ (15 songs)
  📥 Scraping contemporary-jazz for 2025-06-07... ✓ (15 songs)
  📥 Scraping contemporary-jazz for 2025-06-14... ✓ (15 songs)
  📥 Scraping contemporary-jazz for 2025-06-21... ✓ (15 songs)
  contemporary-jazz: 2000/2061 fetched, 301 failed, 0 clamped
  📥 Scraping contemporary-jazz for 2025-06-28... ✓ (15 songs)
  📥 Scraping contemporary-jazz for 2025-07-05... ✓ (15 songs)
  📥 Scraping contemporary-jazz for 2025-07-12... ✓ (15 songs)
  📥 Scraping contemporary-jazz for 2025-07-19... ✓ (15 songs)
  📥 Scraping contemporary-jazz for 2025-07-26... ✓ (15 songs)
  📥 Scraping contemporary-jazz for 2025-08-02... ✓ (15 songs)
  📥 Scraping contemporary-jazz for 2025-08-09... ✓ (15 songs)
  📥 Scraping contemporary-jazz for 2025-08-16... ✓ (15 songs)
  📥 Scraping contemporary-jazz for 2025-08-23... ✓ (15 songs)
  📥 Scraping contemporary-jazz for 2025-08-30... ✓ (15 songs)
  📥 Scraping contemporary-jazz for 2025-09-06... ✓ (15 songs)
  📥 Scraping contemporary-jazz for 2025-09-13... ✓ (15 songs)
  📥 Scraping contemporary-jazz for 2025-09-20... ✓ (15 songs)
  📥 Scraping contemporary-jazz for 2025-09-27... ✓ (15 songs)
  📥 Scraping contemporary-jazz for 2025-10-04... ✓ (15 songs)
  📥 Scraping contemporary-jazz for 2025-10-11... ✓ (15 songs)
  📥 Scraping contemporary-jazz for 2025-10-18... ✓ (15 songs)
  📥 Scraping contemporary-jazz for 2025-10-25... ✓ (15 songs)
  📥 Scraping contemporary-jazz for 2025-11-01... ✓ (15 songs)
  📥 Scraping contemporary-jazz for 2025-11-08... ✓ (15 songs)
  📥 Scraping contemporary-jazz for 2025-11-15... ✓ (15 songs)
  📥 Scraping contemporary-jazz for 2025-11-22... ✓ (15 songs)
  📥 Scraping contemporary-jazz for 2025-11-29... ✓ (15 songs)
  📥 Scraping contemporary-jazz for 2025-12-06... ✓ (15 songs)
  📥 Scraping contemporary-jazz for 2025-12-13... ✓ (15 songs)
  contemporary-jazz: 2025/2061 fetched, 301 failed, 0 clamped
  📥 Scraping contemporary-jazz for 2025-12-20... ✓ (15 songs)
  📥 Scraping contemporary-jazz for 2025-12-27... ✓ (15 songs)
  📥 Scraping contemporary-jazz for 2026-01-03... ✓ (15 songs)
  📥 Scraping contemporary-jazz for 2026-01-10... ✓ (15 songs)
  📥 Scraping contemporary-jazz for 2026-01-17... ✓ (15 songs)
  📥 Scraping contemporary-jazz for 2026-01-24... ✓ (15 songs)
  📥 Scraping contemporary-jazz for 2026-01-31... ✓ (15 songs)
  📥 Scraping contemporary-jazz for 2026-02-07... ✓ (15 songs)
  📥 Scraping contemporary-jazz for 2026-02-14... ✓ (15 songs)
  📥 Scraping contemporary-jazz for 2026-02-21... ✓ (15 songs)
  📥 Scraping contemporary-jazz for 2026-02-28... ✓ (15 songs)
  📥 Scraping contemporary-jazz for 2026-03-07... ✓ (15 songs)
  📥 Scraping contemporary-jazz for 2026-03-14... ✓ (15 songs)
  📥 Scraping contemporary-jazz for 2026-03-21... ✓ (15 songs)
  📥 Scraping contemporary-jazz for 2026-03-28... ✓ (15 songs)
  📥 Scraping contemporary-jazz for 2026-04-04... ✓ (15 songs)
  📥 Scraping contemporary-jazz for 2026-04-11... ✓ (15 songs)
  📥 Scraping contemporary-jazz for 2026-04-18... ✓ (15 songs)
  📥 Scraping contemporary-jazz for 2026-04-25... ✓ (15 songs)
  📥 Scraping contemporary-jazz for 2026-05-02... ✓ (15 songs)
  📥 Scraping contemporary-jazz for 2026-05-09... ✓ (15 songs)
  📥 Scraping contemporary-jazz for 2026-05-16... ✓ (15 songs)
  📥 Scraping contemporary-jazz for 2026-05-23... ✓ (15 songs)
  📥 Scraping contemporary-jazz for 2026-05-30... ✓ (15 songs)
  📥 Scraping contemporary-jazz for 2026-06-06... ✓ (15 songs)
  contemporary-jazz: 2050/2061 fetched, 301 failed, 0 clamped
  📥 Scraping contemporary-jazz for 2026-06-13... ✓ (15 songs)
  📥 Scraping contemporary-jazz for 2026-06-20... ✓ (15 songs)
  📥 Scraping contemporary-jazz for 2026-06-27... ✓ (15 songs)
  📥 Scraping contemporary-jazz for 2026-07-04... ✓ (15 songs)
  📥 Scraping contemporary-jazz for 2026-07-11... ✓ (15 songs)
  📥 Scraping contemporary-jazz for 2026-07-18... ✓ (15 songs)
  📥 Scraping contemporary-jazz for 2026-07-25... ✓ (15 songs)
  📥 Scraping contemporary-jazz for 2026-08-01... ✓ (15 songs)
  📥 Scraping contemporary-jazz for 2026-08-08... ✓ (15 songs)
  📥 Scraping contemporary-jazz for 2026-08-15... ✓ (15 songs)
  📥 Scraping contemporary-jazz for 2026-08-22... ✗ No chart date on page (redirect or markup change) — skipping
  📥 Scraping contemporary-jazz for 2026-08-22... ✗ No chart date on page (redirect or markup change) — skipping
  📥 Scraping contemporary-jazz for 2026-08-22... ✗ No chart date on page (redirect or markup change) — skipping
DONE contemporary-jazz: 1759 weeks, 1987-02-28 -> 2026-08-15, 302 failed, 0 clamped/skipped
  failed weeks (first 20): ['1987-03-07', '1987-03-21', '1987-04-04', '1987-04-18', '1987-05-02', '1987-05-16', '1987-05-30', '1987-06-13', '1987-06-27', '1987-07-11', '1987-07-25', '1987-08-08', '1987-08-22', '1987-09-05', '1987-09-19', '1987-10-03', '1987-10-17', '1987-10-31', '1987-11-14', '1987-11-28']
