reggae-albums: 1699 weeks total, 0 present, 1699 to fetch
  📥 Scraping reggae-albums for 1994-02-05... ✗ Network error: HTTPSConnectionPool(host='www.billboard.com', port=443): Read timed out. (read timeout=15)
  📥 Scraping reggae-albums for 1994-02-05... ✗ Network error: HTTPSConnectionPool(host='www.billboard.com', port=443): Read timed out. (read timeout=15)
  📥 Scraping reggae-albums for 1994-02-05... ✗ Network error: HTTPSConnectionPool(host='www.billboard.com', port=443): Read timed out. (read timeout=15)
  📥 Scraping reggae-albums for 1994-02-12... ✗ Network error: HTTPSConnectionPool(host='www.billboard.com', port=443): Read timed out. (read timeout=15)
  📥 Scraping reggae-albums for 1994-02-12... ✗ Network error: HTTPSConnectionPool(host='www.billboard.com', port=443): Read timed out. (read timeout=15)
  📥 Scraping reggae-albums for 1994-02-12... ✗ Network error: HTTPSConnectionPool(host='www.billboard.com', port=443): Read timed out. (read timeout=15)
  📥 Scraping reggae-albums for 1994-02-19... ✗ Network error: HTTPSConnectionPool(host='www.billboard.com', port=443): Read timed out. (read timeout=15)
  📥 Scraping reggae-albums for 1994-02-19... ✗ Network error: HTTPSConnectionPool(host='www.billboard.com', port=443): Read timed out. (read timeout=15)
  📥 Scraping reggae-albums for 1994-02-19... ✗ Network error: HTTPSConnectionPool(host='www.billboard.com', port=443): Read timed out. (read timeout=15)
  📥 Scraping reggae-albums for 1994-02-26... ✗ Network error: HTTPSConnectionPool(host='www.billboard.com', port=443): Read timed out. (read timeout=15)
  📥 Scraping reggae-albums for 1994-02-26... ✗ Network error: HTTPSConnectionPool(host='www.billboard.com', port=443): Read timed out. (read timeout=15)
  📥 Scraping reggae-albums for 1994-02-26... ✗ Network error: HTTPSConnectionPool(host='www.billboard.com', port=443): Read timed out. (read timeout=15)
  📥 Scraping reggae-albums for 1994-03-05... ✓ (15 songs)
  📥 Scraping reggae-albums for 1994-03-12... ✓ (15 songs)
  📥 Scraping reggae-albums for 1994-03-19... ✓ (15 songs)
  📥 Scraping reggae-albums for 1994-03-26... ✓ (15 songs)
  📥 Scraping reggae-albums for 1994-04-02... ✓ (15 songs)
  📥 Scraping reggae-albums for 1994-04-09... ✓ (15 songs)
  📥 Scraping reggae-albums for 1994-04-16... ✓ (15 songs)
  📥 Scraping reggae-albums for 1994-04-23... ✓ (15 songs)
  📥 Scraping reggae-albums for 1994-04-30... ✓ (15 songs)
  📥 Scraping reggae-albums for 1994-05-07... ✓ (15 songs)
  📥 Scraping reggae-albums for 1994-05-14... ✓ (15 songs)
  📥 Scraping reggae-albums for 1994-05-21... ✓ (15 songs)
  📥 Scraping reggae-albums for 1994-05-28... ✓ (15 songs)
  📥 Scraping reggae-albums for 1994-06-04... ✓ (15 songs)
  📥 Scraping reggae-albums for 1994-06-11... ✗ Network error: HTTPSConnectionPool(host='www.billboard.com', port=443): Read timed out. (read timeout=15)
  📥 Scraping reggae-albums for 1994-06-11... ✓ (15 songs)
  📥 Scraping reggae-albums for 1994-06-18... ✓ (15 songs)
  📥 Scraping reggae-albums for 1994-06-25... ✓ (15 songs)
  📥 Scraping reggae-albums for 1994-07-02... ✓ (15 songs)
  📥 Scraping reggae-albums for 1994-07-09... ✓ (15 songs)
  📥 Scraping reggae-albums for 1994-07-16... ✓ (15 songs)
  📥 Scraping reggae-albums for 1994-07-23... ✓ (15 songs)
  reggae-albums: 25/1699 fetched, 4 failed, 0 clamped
  📥 Scraping reggae-albums for 1994-07-30... ✓ (15 songs)
  📥 Scraping reggae-albums for 1994-08-06... ✓ (15 songs)
  📥 Scraping reggae-albums for 1994-08-13... ✓ (15 songs)
  📥 Scraping reggae-albums for 1994-08-20... ✓ (15 songs)
  📥 Scraping reggae-albums for 1994-08-27... ✓ (15 songs)
  📥 Scraping reggae-albums for 1994-09-03... ✓ (15 songs)
  📥 Scraping reggae-albums for 1994-09-10... ✓ (15 songs)
  📥 Scraping reggae-albums for 1994-09-17... ✓ (15 songs)
  📥 Scraping reggae-albums for 1994-09-24... ✓ (15 songs)
  📥 Scraping reggae-albums for 1994-10-01... ✓ (15 songs)
  📥 Scraping reggae-albums for 1994-10-08... ✓ (15 songs)
  📥 Scraping reggae-albums for 1994-10-15... ✓ (15 songs)
  📥 Scraping reggae-albums for 1994-10-22... ✓ (15 songs)
  📥 Scraping reggae-albums for 1994-10-29... ✓ (15 songs)
  📥 Scraping reggae-albums for 1994-11-05... ✓ (15 songs)
  📥 Scraping reggae-albums for 1994-11-12... ✓ (15 songs)
  📥 Scraping reggae-albums for 1994-11-19... ✓ (15 songs)
  📥 Scraping reggae-albums for 1994-11-26... ✓ (15 songs)
  📥 Scraping reggae-albums for 1994-12-03... ✓ (15 songs)
  📥 Scraping reggae-albums for 1994-12-10... ✓ (15 songs)
  📥 Scraping reggae-albums for 1994-12-17... ✓ (15 songs)
  📥 Scraping reggae-albums for 1994-12-24... ✓ (15 songs)
  📥 Scraping reggae-albums for 1994-12-31... ✓ (15 songs)
  📥 Scraping reggae-albums for 1995-01-07... ✓ (15 songs)
  📥 Scraping reggae-albums for 1995-01-14... ✓ (15 songs)
  reggae-albums: 50/1699 fetched, 4 failed, 0 clamped
  📥 Scraping reggae-albums for 1995-01-21... ✓ (15 songs)
  📥 Scraping reggae-albums for 1995-01-28... ✓ (15 songs)
  📥 Scraping reggae-albums for 1995-02-04... ✓ (15 songs)
  📥 Scraping reggae-albums for 1995-02-11... ✓ (15 songs)
  📥 Scraping reggae-albums for 1995-02-18... ✓ (15 songs)
  📥 Scraping reggae-albums for 1995-02-25... ✓ (15 songs)
  📥 Scraping reggae-albums for 1995-03-04... ✓ (15 songs)
  📥 Scraping reggae-albums for 1995-03-11... ✓ (15 songs)
  📥 Scraping reggae-albums for 1995-03-18... ✓ (15 songs)
  📥 Scraping reggae-albums for 1995-03-25... ✓ (15 songs)
  📥 Scraping reggae-albums for 1995-04-01... ✓ (15 songs)
  📥 Scraping reggae-albums for 1995-04-08... ✓ (15 songs)
  📥 Scraping reggae-albums for 1995-04-15... ✓ (15 songs)
  📥 Scraping reggae-albums for 1995-04-22... ✓ (15 songs)
  📥 Scraping reggae-albums for 1995-04-29... ✓ (15 songs)
  📥 Scraping reggae-albums for 1995-05-06... ✓ (15 songs)
  📥 Scraping reggae-albums for 1995-05-13... ✓ (15 songs)
  📥 Scraping reggae-albums for 1995-05-20... ✓ (15 songs)
  📥 Scraping reggae-albums for 1995-05-27... ✓ (15 songs)
  📥 Scraping reggae-albums for 1995-06-03... ✓ (15 songs)
  📥 Scraping reggae-albums for 1995-06-10... ✓ (15 songs)
  📥 Scraping reggae-albums for 1995-06-17... ✓ (15 songs)
  📥 Scraping reggae-albums for 1995-06-24... ✓ (15 songs)
  📥 Scraping reggae-albums for 1995-07-01... ✓ (15 songs)
  📥 Scraping reggae-albums for 1995-07-08... ✓ (15 songs)
  reggae-albums: 75/1699 fetched, 4 failed, 0 clamped
  📥 Scraping reggae-albums for 1995-07-15... ✓ (15 songs)
  📥 Scraping reggae-albums for 1995-07-22... ✓ (15 songs)
  📥 Scraping reggae-albums for 1995-07-29... ✓ (15 songs)
  📥 Scraping reggae-albums for 1995-08-05... ✓ (15 songs)
  📥 Scraping reggae-albums for 1995-08-12... ✓ (15 songs)
  📥 Scraping reggae-albums for 1995-08-19... ✓ (15 songs)
  📥 Scraping reggae-albums for 1995-08-26... ✓ (15 songs)
  📥 Scraping reggae-albums for 1995-09-02... ✓ (15 songs)
  📥 Scraping reggae-albums for 1995-09-09... ✓ (15 songs)
  📥 Scraping reggae-albums for 1995-09-16... ✓ (15 songs)
  📥 Scraping reggae-albums for 1995-09-23... ✓ (15 songs)
  📥 Scraping reggae-albums for 1995-09-30... ✓ (15 songs)
  📥 Scraping reggae-albums for 1995-10-07... ✓ (15 songs)
  📥 Scraping reggae-albums for 1995-10-14... ✓ (15 songs)
  📥 Scraping reggae-albums for 1995-10-21... ✓ (15 songs)
  📥 Scraping reggae-albums for 1995-10-28... ✓ (15 songs)
  📥 Scraping reggae-albums for 1995-11-04... ✓ (15 songs)
  📥 Scraping reggae-albums for 1995-11-11... ✓ (15 songs)
  📥 Scraping reggae-albums for 1995-11-18... ✓ (15 songs)
  📥 Scraping reggae-albums for 1995-11-25... ✓ (15 songs)
  📥 Scraping reggae-albums for 1995-12-02... ✓ (15 songs)
  📥 Scraping reggae-albums for 1995-12-09... ✓ (15 songs)
  📥 Scraping reggae-albums for 1995-12-16... ✓ (15 songs)
  📥 Scraping reggae-albums for 1995-12-23... ✓ (15 songs)
  📥 Scraping reggae-albums for 1995-12-30... ✓ (15 songs)
  reggae-albums: 100/1699 fetched, 4 failed, 0 clamped
  📥 Scraping reggae-albums for 1996-01-06... ✓ (15 songs)
  📥 Scraping reggae-albums for 1996-01-13... ✓ (15 songs)
  📥 Scraping reggae-albums for 1996-01-20... ✓ (15 songs)
  📥 Scraping reggae-albums for 1996-01-27... ✓ (15 songs)
  📥 Scraping reggae-albums for 1996-02-03... ✓ (15 songs)
  📥 Scraping reggae-albums for 1996-02-10... ✓ (15 songs)
  📥 Scraping reggae-albums for 1996-02-17... ✓ (15 songs)
  📥 Scraping reggae-albums for 1996-02-24... ✓ (15 songs)
  📥 Scraping reggae-albums for 1996-03-02... ✓ (15 songs)
  📥 Scraping reggae-albums for 1996-03-09... ✓ (15 songs)
  📥 Scraping reggae-albums for 1996-03-16... ✓ (15 songs)
  📥 Scraping reggae-albums for 1996-03-23... ✓ (15 songs)
  📥 Scraping reggae-albums for 1996-03-30... ✓ (15 songs)
  📥 Scraping reggae-albums for 1996-04-06... ✓ (15 songs)
  📥 Scraping reggae-albums for 1996-04-13... ✓ (15 songs)
  📥 Scraping reggae-albums for 1996-04-20... ✓ (15 songs)
  📥 Scraping reggae-albums for 1996-04-27... ✓ (15 songs)
  📥 Scraping reggae-albums for 1996-05-04... ✓ (15 songs)
  📥 Scraping reggae-albums for 1996-05-11... ✓ (15 songs)
  📥 Scraping reggae-albums for 1996-05-18... ✓ (15 songs)
  📥 Scraping reggae-albums for 1996-05-25... ✓ (15 songs)
  📥 Scraping reggae-albums for 1996-06-01... ✓ (15 songs)
  📥 Scraping reggae-albums for 1996-06-08... ✓ (15 songs)
  📥 Scraping reggae-albums for 1996-06-15... ✓ (15 songs)
  📥 Scraping reggae-albums for 1996-06-22... ✓ (15 songs)
  reggae-albums: 125/1699 fetched, 4 failed, 0 clamped
  📥 Scraping reggae-albums for 1996-06-29... ✓ (15 songs)
  📥 Scraping reggae-albums for 1996-07-06... ✓ (15 songs)
  📥 Scraping reggae-albums for 1996-07-13... ✓ (15 songs)
  📥 Scraping reggae-albums for 1996-07-20... ✓ (15 songs)
  📥 Scraping reggae-albums for 1996-07-27... ✓ (15 songs)
  📥 Scraping reggae-albums for 1996-08-03... ✓ (15 songs)
  📥 Scraping reggae-albums for 1996-08-10... ✓ (15 songs)
  📥 Scraping reggae-albums for 1996-08-17... ✓ (15 songs)
  📥 Scraping reggae-albums for 1996-08-24... ✓ (15 songs)
  📥 Scraping reggae-albums for 1996-08-31... ✓ (15 songs)
  📥 Scraping reggae-albums for 1996-09-07... ✓ (15 songs)
  📥 Scraping reggae-albums for 1996-09-14... ✓ (15 songs)
  📥 Scraping reggae-albums for 1996-09-21... ✓ (15 songs)
  📥 Scraping reggae-albums for 1996-09-28... ✓ (15 songs)
  📥 Scraping reggae-albums for 1996-10-05... ✓ (15 songs)
  📥 Scraping reggae-albums for 1996-10-12... ✓ (15 songs)
  📥 Scraping reggae-albums for 1996-10-19... ✓ (15 songs)
  📥 Scraping reggae-albums for 1996-10-26... ✓ (15 songs)
  📥 Scraping reggae-albums for 1996-11-02... ✓ (15 songs)
  📥 Scraping reggae-albums for 1996-11-09... ✓ (15 songs)
  📥 Scraping reggae-albums for 1996-11-16... ✓ (15 songs)
  📥 Scraping reggae-albums for 1996-11-23... ✓ (15 songs)
  📥 Scraping reggae-albums for 1996-11-30... ✓ (15 songs)
  📥 Scraping reggae-albums for 1996-12-07... ✓ (15 songs)
  📥 Scraping reggae-albums for 1996-12-14... ✓ (15 songs)
  📥 Scraping reggae-albums for 1996-12-21... ✓ (15 songs)
  📥 Scraping reggae-albums for 1996-12-28... ✓ (15 songs)
  📥 Scraping reggae-albums for 1997-01-04... ✓ (15 songs)
  📥 Scraping reggae-albums for 1997-01-11... ✓ (15 songs)
  📥 Scraping reggae-albums for 1997-01-18... ✓ (15 songs)
  📥 Scraping reggae-albums for 1997-01-25... ✓ (15 songs)
  📥 Scraping reggae-albums for 1997-02-01... ✓ (15 songs)
  📥 Scraping reggae-albums for 1997-02-08... ✓ (15 songs)
  📥 Scraping reggae-albums for 1997-02-15... ✓ (15 songs)
  📥 Scraping reggae-albums for 1997-02-22... ✓ (15 songs)
  📥 Scraping reggae-albums for 1997-03-01... ✓ (15 songs)
  📥 Scraping reggae-albums for 1997-03-08... ✓ (15 songs)
  📥 Scraping reggae-albums for 1997-03-15... ✓ (15 songs)
  📥 Scraping reggae-albums for 1997-03-22... ✓ (15 songs)
  📥 Scraping reggae-albums for 1997-03-29... ✓ (15 songs)
  📥 Scraping reggae-albums for 1997-04-05... ✓ (15 songs)
  📥 Scraping reggae-albums for 1997-04-12... ✓ (15 songs)
  📥 Scraping reggae-albums for 1997-04-19... ✓ (15 songs)
  📥 Scraping reggae-albums for 1997-04-26... ✓ (15 songs)
  📥 Scraping reggae-albums for 1997-05-03... ✓ (15 songs)
  📥 Scraping reggae-albums for 1997-05-10... ✓ (15 songs)
  📥 Scraping reggae-albums for 1997-05-17... ✓ (15 songs)
  📥 Scraping reggae-albums for 1997-05-24... ✓ (15 songs)
  📥 Scraping reggae-albums for 1997-05-31... ✓ (15 songs)
  📥 Scraping reggae-albums for 1997-06-07... ✓ (15 songs)
  reggae-albums: 175/1699 fetched, 4 failed, 1 clamped
  📥 Scraping reggae-albums for 1997-06-14... ✓ (15 songs)
  📥 Scraping reggae-albums for 1997-06-21... ✓ (15 songs)
  📥 Scraping reggae-albums for 1997-06-28... ✓ (15 songs)
  📥 Scraping reggae-albums for 1997-07-05... ✓ (15 songs)
  📥 Scraping reggae-albums for 1997-07-12... ✓ (15 songs)
  📥 Scraping reggae-albums for 1997-07-19... ✓ (15 songs)
  📥 Scraping reggae-albums for 1997-07-26... ✓ (15 songs)
  📥 Scraping reggae-albums for 1997-08-02... ✓ (15 songs)
  📥 Scraping reggae-albums for 1997-08-09... ✓ (15 songs)
  📥 Scraping reggae-albums for 1997-08-16... ✓ (15 songs)
  📥 Scraping reggae-albums for 1997-08-23... ✓ (15 songs)
  📥 Scraping reggae-albums for 1997-08-30... ✓ (15 songs)
  📥 Scraping reggae-albums for 1997-09-06... ✓ (15 songs)
  📥 Scraping reggae-albums for 1997-09-13... ✓ (15 songs)
  📥 Scraping reggae-albums for 1997-09-20... ✓ (15 songs)
  📥 Scraping reggae-albums for 1997-09-27... ✓ (15 songs)
  📥 Scraping reggae-albums for 1997-10-04... ✓ (15 songs)
  📥 Scraping reggae-albums for 1997-10-11... ✓ (15 songs)
  📥 Scraping reggae-albums for 1997-10-18... ✓ (15 songs)
  📥 Scraping reggae-albums for 1997-10-25... ✓ (15 songs)
  📥 Scraping reggae-albums for 1997-11-01... ✓ (15 songs)
  📥 Scraping reggae-albums for 1997-11-08... ✓ (15 songs)
  📥 Scraping reggae-albums for 1997-11-15... ✓ (15 songs)
  📥 Scraping reggae-albums for 1997-11-22... ✓ (15 songs)
  📥 Scraping reggae-albums for 1997-11-29... ✓ (15 songs)
  reggae-albums: 200/1699 fetched, 4 failed, 1 clamped
  📥 Scraping reggae-albums for 1997-12-06... ✓ (15 songs)
  📥 Scraping reggae-albums for 1997-12-13... ✓ (15 songs)
  📥 Scraping reggae-albums for 1997-12-20... ✓ (15 songs)
  📥 Scraping reggae-albums for 1997-12-27... ✓ (15 songs)
  📥 Scraping reggae-albums for 1998-01-03... ✓ (15 songs)
  📥 Scraping reggae-albums for 1998-01-10... ✓ (15 songs)
  📥 Scraping reggae-albums for 1998-01-17... ✓ (15 songs)
  📥 Scraping reggae-albums for 1998-01-24... ✓ (15 songs)
  📥 Scraping reggae-albums for 1998-01-31... ✓ (15 songs)
  📥 Scraping reggae-albums for 1998-02-07... ✓ (15 songs)
  📥 Scraping reggae-albums for 1998-02-14... ✓ (15 songs)
  📥 Scraping reggae-albums for 1998-02-21... ✓ (15 songs)
  📥 Scraping reggae-albums for 1998-02-28... ✓ (15 songs)
  📥 Scraping reggae-albums for 1998-03-07... ✓ (15 songs)
  📥 Scraping reggae-albums for 1998-03-14... ✓ (15 songs)
  📥 Scraping reggae-albums for 1998-03-21... ✓ (15 songs)
  📥 Scraping reggae-albums for 1998-03-28... ✓ (15 songs)
  📥 Scraping reggae-albums for 1998-04-04... ✓ (15 songs)
  📥 Scraping reggae-albums for 1998-04-11... ✓ (15 songs)
  📥 Scraping reggae-albums for 1998-04-18... ✓ (15 songs)
  📥 Scraping reggae-albums for 1998-04-25... ✓ (15 songs)
  📥 Scraping reggae-albums for 1998-05-02... ✓ (15 songs)
  📥 Scraping reggae-albums for 1998-05-09... ✓ (15 songs)
  📥 Scraping reggae-albums for 1998-05-16... ✓ (15 songs)
  📥 Scraping reggae-albums for 1998-05-23... ✓ (15 songs)
  reggae-albums: 225/1699 fetched, 4 failed, 1 clamped
  📥 Scraping reggae-albums for 1998-05-30... ✓ (15 songs)
  📥 Scraping reggae-albums for 1998-06-06... ✓ (15 songs)
  📥 Scraping reggae-albums for 1998-06-13... ✓ (15 songs)
  📥 Scraping reggae-albums for 1998-06-20... ✓ (15 songs)
  📥 Scraping reggae-albums for 1998-06-27... ✓ (15 songs)
  📥 Scraping reggae-albums for 1998-07-04... ✓ (15 songs)
  📥 Scraping reggae-albums for 1998-07-11... ✓ (15 songs)
  📥 Scraping reggae-albums for 1998-07-18... ✓ (15 songs)
  📥 Scraping reggae-albums for 1998-07-25... ✓ (15 songs)
  📥 Scraping reggae-albums for 1998-08-01... ✓ (15 songs)
  📥 Scraping reggae-albums for 1998-08-08... ✓ (15 songs)
  📥 Scraping reggae-albums for 1998-08-15... ✓ (15 songs)
  📥 Scraping reggae-albums for 1998-08-22... ✓ (15 songs)
  📥 Scraping reggae-albums for 1998-08-29... ✓ (15 songs)
  📥 Scraping reggae-albums for 1998-09-05... ✓ (15 songs)
  📥 Scraping reggae-albums for 1998-09-12... ✓ (15 songs)
  📥 Scraping reggae-albums for 1998-09-19... ✓ (15 songs)
  📥 Scraping reggae-albums for 1998-09-26... ✓ (15 songs)
  📥 Scraping reggae-albums for 1998-10-03... ✓ (15 songs)
  📥 Scraping reggae-albums for 1998-10-10... ✓ (15 songs)
  📥 Scraping reggae-albums for 1998-10-17... ✓ (15 songs)
  📥 Scraping reggae-albums for 1998-10-24... ✓ (15 songs)
  📥 Scraping reggae-albums for 1998-10-31... ✓ (15 songs)
  📥 Scraping reggae-albums for 1998-11-07... ✓ (15 songs)
  📥 Scraping reggae-albums for 1998-11-14... ✓ (15 songs)
  reggae-albums: 250/1699 fetched, 4 failed, 1 clamped
  📥 Scraping reggae-albums for 1998-11-21... ✓ (15 songs)
  📥 Scraping reggae-albums for 1998-11-28... ✓ (15 songs)
  📥 Scraping reggae-albums for 1998-12-05... ✓ (15 songs)
  📥 Scraping reggae-albums for 1998-12-12... ✓ (15 songs)
  📥 Scraping reggae-albums for 1998-12-19... ✓ (15 songs)
  📥 Scraping reggae-albums for 1998-12-26... ✓ (15 songs)
  📥 Scraping reggae-albums for 1999-01-02... ✓ (15 songs)
  📥 Scraping reggae-albums for 1999-01-09... ✓ (15 songs)
  📥 Scraping reggae-albums for 1999-01-16... ✓ (15 songs)
  📥 Scraping reggae-albums for 1999-01-23... ✓ (15 songs)
  📥 Scraping reggae-albums for 1999-01-30... ✓ (15 songs)
  📥 Scraping reggae-albums for 1999-02-06... ✓ (15 songs)
  📥 Scraping reggae-albums for 1999-02-13... ✓ (15 songs)
  📥 Scraping reggae-albums for 1999-02-20... ✓ (15 songs)
  📥 Scraping reggae-albums for 1999-02-27... ✓ (15 songs)
  📥 Scraping reggae-albums for 1999-03-06... ✓ (15 songs)
  📥 Scraping reggae-albums for 1999-03-13... ✓ (15 songs)
  📥 Scraping reggae-albums for 1999-03-20... ✓ (15 songs)
  📥 Scraping reggae-albums for 1999-03-27... ✓ (15 songs)
  📥 Scraping reggae-albums for 1999-04-03... ✓ (15 songs)
  📥 Scraping reggae-albums for 1999-04-10... ✓ (15 songs)
  📥 Scraping reggae-albums for 1999-04-17... ✓ (15 songs)
  📥 Scraping reggae-albums for 1999-04-24... ✓ (15 songs)
  📥 Scraping reggae-albums for 1999-05-01... ✓ (15 songs)
  📥 Scraping reggae-albums for 1999-05-08... ✓ (15 songs)
  reggae-albums: 275/1699 fetched, 4 failed, 1 clamped
  📥 Scraping reggae-albums for 1999-05-15... ✓ (15 songs)
  📥 Scraping reggae-albums for 1999-05-22... ✓ (15 songs)
  📥 Scraping reggae-albums for 1999-05-29... ✓ (15 songs)
  📥 Scraping reggae-albums for 1999-06-05... ✓ (15 songs)
  📥 Scraping reggae-albums for 1999-06-12... ✓ (15 songs)
  📥 Scraping reggae-albums for 1999-06-19... ✓ (15 songs)
  📥 Scraping reggae-albums for 1999-06-26... ✓ (15 songs)
  📥 Scraping reggae-albums for 1999-07-03... ✓ (15 songs)
  📥 Scraping reggae-albums for 1999-07-10... ✓ (15 songs)
  📥 Scraping reggae-albums for 1999-07-17... ✓ (15 songs)
  📥 Scraping reggae-albums for 1999-07-24... ✓ (15 songs)
  📥 Scraping reggae-albums for 1999-07-31... ✓ (15 songs)
  📥 Scraping reggae-albums for 1999-08-07... ✓ (15 songs)
  📥 Scraping reggae-albums for 1999-08-14... ✓ (15 songs)
  📥 Scraping reggae-albums for 1999-08-21... ✓ (15 songs)
  📥 Scraping reggae-albums for 1999-08-28... ✓ (15 songs)
  📥 Scraping reggae-albums for 1999-09-04... ✓ (15 songs)
  📥 Scraping reggae-albums for 1999-09-11... ✓ (15 songs)
  📥 Scraping reggae-albums for 1999-09-18... ✓ (15 songs)
  📥 Scraping reggae-albums for 1999-09-25... ✓ (15 songs)
  📥 Scraping reggae-albums for 1999-10-02... ✓ (15 songs)
  📥 Scraping reggae-albums for 1999-10-09... ✓ (15 songs)
  📥 Scraping reggae-albums for 1999-10-16... ✓ (15 songs)
  📥 Scraping reggae-albums for 1999-10-23... ✓ (15 songs)
  📥 Scraping reggae-albums for 1999-10-30... ✓ (15 songs)
  reggae-albums: 300/1699 fetched, 4 failed, 1 clamped
  📥 Scraping reggae-albums for 1999-11-06... ✓ (15 songs)
  📥 Scraping reggae-albums for 1999-11-13... ✓ (15 songs)
  📥 Scraping reggae-albums for 1999-11-20... ✓ (15 songs)
  📥 Scraping reggae-albums for 1999-11-27... ✓ (15 songs)
  📥 Scraping reggae-albums for 1999-12-04... ✓ (15 songs)
  📥 Scraping reggae-albums for 1999-12-11... ✓ (15 songs)
  📥 Scraping reggae-albums for 1999-12-18... ✓ (15 songs)
  📥 Scraping reggae-albums for 1999-12-25... ✓ (15 songs)
  📥 Scraping reggae-albums for 2000-01-01... ✓ (15 songs)
  📥 Scraping reggae-albums for 2000-01-08... ✓ (15 songs)
  📥 Scraping reggae-albums for 2000-01-15... ✓ (15 songs)
  📥 Scraping reggae-albums for 2000-01-22... ✓ (15 songs)
  📥 Scraping reggae-albums for 2000-01-29... ✓ (15 songs)
  📥 Scraping reggae-albums for 2000-02-05... ✓ (15 songs)
  📥 Scraping reggae-albums for 2000-02-12... ✓ (15 songs)
  📥 Scraping reggae-albums for 2000-02-19... ✓ (15 songs)
  📥 Scraping reggae-albums for 2000-02-26... ✓ (15 songs)
  📥 Scraping reggae-albums for 2000-03-04... ✓ (15 songs)
  📥 Scraping reggae-albums for 2000-03-11... ✓ (15 songs)
  📥 Scraping reggae-albums for 2000-03-18... ✓ (15 songs)
  📥 Scraping reggae-albums for 2000-03-25... ✓ (15 songs)
  📥 Scraping reggae-albums for 2000-04-01... ✓ (15 songs)
  📥 Scraping reggae-albums for 2000-04-08... ✓ (15 songs)
  📥 Scraping reggae-albums for 2000-04-15... ✓ (15 songs)
  📥 Scraping reggae-albums for 2000-04-22... ✓ (15 songs)
  reggae-albums: 325/1699 fetched, 4 failed, 1 clamped
  📥 Scraping reggae-albums for 2000-04-29... ✓ (15 songs)
  📥 Scraping reggae-albums for 2000-05-06... ✓ (15 songs)
  📥 Scraping reggae-albums for 2000-05-13... ✓ (15 songs)
  📥 Scraping reggae-albums for 2000-05-20... ✓ (15 songs)
  📥 Scraping reggae-albums for 2000-05-27... ✓ (15 songs)
  📥 Scraping reggae-albums for 2000-06-03... ✓ (15 songs)
  📥 Scraping reggae-albums for 2000-06-10... ✓ (15 songs)
  📥 Scraping reggae-albums for 2000-06-17... ✓ (15 songs)
  📥 Scraping reggae-albums for 2000-06-24... ✓ (15 songs)
  📥 Scraping reggae-albums for 2000-07-01... ✓ (15 songs)
  📥 Scraping reggae-albums for 2000-07-08... ✓ (15 songs)
  📥 Scraping reggae-albums for 2000-07-15... ✓ (15 songs)
  📥 Scraping reggae-albums for 2000-07-22... ✓ (15 songs)
  📥 Scraping reggae-albums for 2000-07-29... ✓ (15 songs)
  📥 Scraping reggae-albums for 2000-08-05... ✓ (15 songs)
  📥 Scraping reggae-albums for 2000-08-12... ✓ (15 songs)
  📥 Scraping reggae-albums for 2000-08-19... ✓ (15 songs)
  📥 Scraping reggae-albums for 2000-08-26... ✓ (15 songs)
  📥 Scraping reggae-albums for 2000-09-02... ✓ (15 songs)
  📥 Scraping reggae-albums for 2000-09-09... ✓ (15 songs)
  📥 Scraping reggae-albums for 2000-09-16... ✓ (15 songs)
  📥 Scraping reggae-albums for 2000-09-23... ✓ (15 songs)
  📥 Scraping reggae-albums for 2000-09-30... ✓ (15 songs)
  📥 Scraping reggae-albums for 2000-10-07... ✓ (15 songs)
  📥 Scraping reggae-albums for 2000-10-14... ✓ (15 songs)
  reggae-albums: 350/1699 fetched, 4 failed, 1 clamped
  📥 Scraping reggae-albums for 2000-10-21... ✓ (15 songs)
  📥 Scraping reggae-albums for 2000-10-28... ✓ (15 songs)
  📥 Scraping reggae-albums for 2000-11-04... ✓ (15 songs)
  📥 Scraping reggae-albums for 2000-11-11... ✓ (15 songs)
  📥 Scraping reggae-albums for 2000-11-18... ✓ (15 songs)
  📥 Scraping reggae-albums for 2000-11-25... ✓ (15 songs)
  📥 Scraping reggae-albums for 2000-12-02... ✓ (15 songs)
  📥 Scraping reggae-albums for 2000-12-09... ✓ (15 songs)
  📥 Scraping reggae-albums for 2000-12-16... ✓ (15 songs)
  📥 Scraping reggae-albums for 2000-12-23... ✓ (15 songs)
  📥 Scraping reggae-albums for 2000-12-30... ✓ (15 songs)
  📥 Scraping reggae-albums for 2001-01-06... ✓ (15 songs)
  📥 Scraping reggae-albums for 2001-01-13... ✓ (15 songs)
  📥 Scraping reggae-albums for 2001-01-20... ✓ (15 songs)
  📥 Scraping reggae-albums for 2001-01-27... ✓ (15 songs)
  📥 Scraping reggae-albums for 2001-02-03... ✓ (15 songs)
  📥 Scraping reggae-albums for 2001-02-10... ✓ (15 songs)
  📥 Scraping reggae-albums for 2001-02-17... ✓ (15 songs)
  📥 Scraping reggae-albums for 2001-02-24... ✓ (15 songs)
  📥 Scraping reggae-albums for 2001-03-03... ✓ (15 songs)
  📥 Scraping reggae-albums for 2001-03-10... ✓ (15 songs)
  📥 Scraping reggae-albums for 2001-03-17... ✓ (15 songs)
  📥 Scraping reggae-albums for 2001-03-24... ✓ (15 songs)
  📥 Scraping reggae-albums for 2001-03-31... ✓ (15 songs)
  📥 Scraping reggae-albums for 2001-04-07... ✓ (15 songs)
  reggae-albums: 375/1699 fetched, 4 failed, 1 clamped
  📥 Scraping reggae-albums for 2001-04-14... ✓ (15 songs)
  📥 Scraping reggae-albums for 2001-04-21... ✓ (15 songs)
  📥 Scraping reggae-albums for 2001-04-28... ✓ (15 songs)
  📥 Scraping reggae-albums for 2001-05-05... ✓ (15 songs)
  📥 Scraping reggae-albums for 2001-05-12... ✓ (15 songs)
  📥 Scraping reggae-albums for 2001-05-19... ✓ (15 songs)
  📥 Scraping reggae-albums for 2001-05-26... ✓ (15 songs)
  📥 Scraping reggae-albums for 2001-06-02... ✓ (15 songs)
  📥 Scraping reggae-albums for 2001-06-09... ✓ (15 songs)
  📥 Scraping reggae-albums for 2001-06-16... ✓ (15 songs)
  📥 Scraping reggae-albums for 2001-06-23... ✓ (15 songs)
  📥 Scraping reggae-albums for 2001-06-30... ✓ (15 songs)
  📥 Scraping reggae-albums for 2001-07-07... ✓ (15 songs)
  📥 Scraping reggae-albums for 2001-07-14... ✓ (15 songs)
  📥 Scraping reggae-albums for 2001-07-21... ✓ (15 songs)
  📥 Scraping reggae-albums for 2001-07-28... ✓ (15 songs)
  📥 Scraping reggae-albums for 2001-08-04... ✓ (15 songs)
  📥 Scraping reggae-albums for 2001-08-11... ✓ (15 songs)
  📥 Scraping reggae-albums for 2001-08-18... ✓ (15 songs)
  📥 Scraping reggae-albums for 2001-08-25... ✓ (15 songs)
  📥 Scraping reggae-albums for 2001-09-01... ✓ (15 songs)
  📥 Scraping reggae-albums for 2001-09-08... ✓ (15 songs)
  📥 Scraping reggae-albums for 2001-09-15... ✓ (15 songs)
  📥 Scraping reggae-albums for 2001-09-22... ✓ (15 songs)
  📥 Scraping reggae-albums for 2001-09-29... ✓ (15 songs)
  reggae-albums: 400/1699 fetched, 4 failed, 1 clamped
  📥 Scraping reggae-albums for 2001-10-06... ✓ (15 songs)
  📥 Scraping reggae-albums for 2001-10-13... ✓ (15 songs)
  📥 Scraping reggae-albums for 2001-10-20... ✓ (15 songs)
  📥 Scraping reggae-albums for 2001-10-27... ✓ (15 songs)
  📥 Scraping reggae-albums for 2001-11-03... ✓ (15 songs)
  📥 Scraping reggae-albums for 2001-11-10... ✓ (15 songs)
  📥 Scraping reggae-albums for 2001-11-17... ✓ (15 songs)
  📥 Scraping reggae-albums for 2001-11-24... ✓ (15 songs)
  📥 Scraping reggae-albums for 2001-12-01... ✓ (15 songs)
  📥 Scraping reggae-albums for 2001-12-08... ✓ (15 songs)
  📥 Scraping reggae-albums for 2001-12-15... ✓ (15 songs)
  📥 Scraping reggae-albums for 2001-12-22... ✓ (15 songs)
  📥 Scraping reggae-albums for 2001-12-29... ✓ (15 songs)
  📥 Scraping reggae-albums for 2002-01-05... ✓ (15 songs)
  📥 Scraping reggae-albums for 2002-01-12... ✓ (15 songs)
  📥 Scraping reggae-albums for 2002-01-19... ✓ (15 songs)
  📥 Scraping reggae-albums for 2002-01-26... ✓ (15 songs)
  📥 Scraping reggae-albums for 2002-02-02... ✓ (15 songs)
  📥 Scraping reggae-albums for 2002-02-09... ✓ (15 songs)
  📥 Scraping reggae-albums for 2002-02-16... ✓ (15 songs)
  📥 Scraping reggae-albums for 2002-02-23... ✓ (15 songs)
  📥 Scraping reggae-albums for 2002-03-02... ✓ (15 songs)
  📥 Scraping reggae-albums for 2002-03-09... ✓ (15 songs)
  📥 Scraping reggae-albums for 2002-03-16... ✓ (15 songs)
  📥 Scraping reggae-albums for 2002-03-23... ✓ (15 songs)
  reggae-albums: 425/1699 fetched, 4 failed, 1 clamped
  📥 Scraping reggae-albums for 2002-03-30... ✓ (15 songs)
  📥 Scraping reggae-albums for 2002-04-06... ✓ (15 songs)
  📥 Scraping reggae-albums for 2002-04-13... ✓ (15 songs)
  📥 Scraping reggae-albums for 2002-04-20... ✓ (15 songs)
  📥 Scraping reggae-albums for 2002-04-27... ✓ (15 songs)
  📥 Scraping reggae-albums for 2002-05-04... ✓ (15 songs)
  📥 Scraping reggae-albums for 2002-05-11... ✓ (15 songs)
  📥 Scraping reggae-albums for 2002-05-18... ✓ (15 songs)
  📥 Scraping reggae-albums for 2002-05-25... ✓ (15 songs)
  📥 Scraping reggae-albums for 2002-06-01... ✓ (15 songs)
  📥 Scraping reggae-albums for 2002-06-08... ✓ (15 songs)
  📥 Scraping reggae-albums for 2002-06-15... ✓ (15 songs)
  📥 Scraping reggae-albums for 2002-06-22... ✓ (15 songs)
  📥 Scraping reggae-albums for 2002-06-29... ✓ (15 songs)
  📥 Scraping reggae-albums for 2002-07-06... ✓ (15 songs)
  📥 Scraping reggae-albums for 2002-07-13... ✓ (15 songs)
  📥 Scraping reggae-albums for 2002-07-20... ✓ (15 songs)
  📥 Scraping reggae-albums for 2002-07-27... ✓ (15 songs)
  📥 Scraping reggae-albums for 2002-08-03... ✓ (15 songs)
  📥 Scraping reggae-albums for 2002-08-10... ✓ (15 songs)
  📥 Scraping reggae-albums for 2002-08-17... ✓ (15 songs)
  📥 Scraping reggae-albums for 2002-08-24... ✓ (15 songs)
  📥 Scraping reggae-albums for 2002-08-31... ✓ (15 songs)
  📥 Scraping reggae-albums for 2002-09-07... ✓ (15 songs)
  📥 Scraping reggae-albums for 2002-09-14... ✓ (15 songs)
  reggae-albums: 450/1699 fetched, 4 failed, 1 clamped
  📥 Scraping reggae-albums for 2002-09-21... ✓ (15 songs)
  📥 Scraping reggae-albums for 2002-09-28... ✓ (15 songs)
  📥 Scraping reggae-albums for 2002-10-05... ✓ (15 songs)
  📥 Scraping reggae-albums for 2002-10-12... ✓ (15 songs)
  📥 Scraping reggae-albums for 2002-10-19... ✓ (15 songs)
  📥 Scraping reggae-albums for 2002-10-26... ✓ (15 songs)
  📥 Scraping reggae-albums for 2002-11-02... ✓ (15 songs)
  📥 Scraping reggae-albums for 2002-11-09... ✓ (15 songs)
  📥 Scraping reggae-albums for 2002-11-16... ✓ (15 songs)
  📥 Scraping reggae-albums for 2002-11-23... ✓ (15 songs)
  📥 Scraping reggae-albums for 2002-11-30... ✓ (15 songs)
  📥 Scraping reggae-albums for 2002-12-07... ✓ (15 songs)
  📥 Scraping reggae-albums for 2002-12-14... ✓ (15 songs)
  📥 Scraping reggae-albums for 2002-12-21... ✓ (15 songs)
  📥 Scraping reggae-albums for 2002-12-28... ✓ (15 songs)
  📥 Scraping reggae-albums for 2003-01-04... ✓ (15 songs)
  📥 Scraping reggae-albums for 2003-01-11... ✓ (15 songs)
  📥 Scraping reggae-albums for 2003-01-18... ✓ (15 songs)
  📥 Scraping reggae-albums for 2003-01-25... ✓ (15 songs)
  📥 Scraping reggae-albums for 2003-02-01... ✓ (15 songs)
  📥 Scraping reggae-albums for 2003-02-08... ✓ (15 songs)
  📥 Scraping reggae-albums for 2003-02-15... ✓ (15 songs)
  📥 Scraping reggae-albums for 2003-02-22... ✓ (15 songs)
  📥 Scraping reggae-albums for 2003-03-01... ✓ (15 songs)
  📥 Scraping reggae-albums for 2003-03-08... ✓ (15 songs)
  reggae-albums: 475/1699 fetched, 4 failed, 1 clamped
  📥 Scraping reggae-albums for 2003-03-15... ✓ (15 songs)
  📥 Scraping reggae-albums for 2003-03-22... ✓ (15 songs)
  📥 Scraping reggae-albums for 2003-03-29... ✓ (15 songs)
  📥 Scraping reggae-albums for 2003-04-05... ✓ (15 songs)
  📥 Scraping reggae-albums for 2003-04-12... ✓ (15 songs)
  📥 Scraping reggae-albums for 2003-04-19... ✓ (15 songs)
  📥 Scraping reggae-albums for 2003-04-26... ✓ (15 songs)
  📥 Scraping reggae-albums for 2003-05-03... ✓ (15 songs)
  📥 Scraping reggae-albums for 2003-05-10... ✓ (15 songs)
  📥 Scraping reggae-albums for 2003-05-17... ✓ (15 songs)
  📥 Scraping reggae-albums for 2003-05-24... ✓ (15 songs)
  📥 Scraping reggae-albums for 2003-05-31... ✓ (15 songs)
  📥 Scraping reggae-albums for 2003-06-07... ✓ (15 songs)
  📥 Scraping reggae-albums for 2003-06-14... ✓ (15 songs)
  📥 Scraping reggae-albums for 2003-06-21... ✓ (15 songs)
  📥 Scraping reggae-albums for 2003-06-28... ✓ (15 songs)
  📥 Scraping reggae-albums for 2003-07-05... ✓ (15 songs)
  📥 Scraping reggae-albums for 2003-07-12... ✓ (15 songs)
  📥 Scraping reggae-albums for 2003-07-19... ✓ (15 songs)
  📥 Scraping reggae-albums for 2003-07-26... ✓ (15 songs)
  📥 Scraping reggae-albums for 2003-08-02... ✓ (15 songs)
  📥 Scraping reggae-albums for 2003-08-09... ✓ (15 songs)
  📥 Scraping reggae-albums for 2003-08-16... ✓ (15 songs)
  📥 Scraping reggae-albums for 2003-08-23... ✓ (15 songs)
  📥 Scraping reggae-albums for 2003-08-30... ✓ (15 songs)
  reggae-albums: 500/1699 fetched, 4 failed, 1 clamped
  📥 Scraping reggae-albums for 2003-09-06... ✓ (15 songs)
  📥 Scraping reggae-albums for 2003-09-13... ✓ (15 songs)
  📥 Scraping reggae-albums for 2003-09-20... ✓ (15 songs)
  📥 Scraping reggae-albums for 2003-09-27... ✓ (15 songs)
  📥 Scraping reggae-albums for 2003-10-04... ✓ (15 songs)
  📥 Scraping reggae-albums for 2003-10-11... ✓ (15 songs)
  📥 Scraping reggae-albums for 2003-10-18... ✓ (15 songs)
  📥 Scraping reggae-albums for 2003-10-25... ✓ (15 songs)
  📥 Scraping reggae-albums for 2003-11-01... ✓ (15 songs)
  📥 Scraping reggae-albums for 2003-11-08... ✓ (15 songs)
  📥 Scraping reggae-albums for 2003-11-15... ✓ (15 songs)
  📥 Scraping reggae-albums for 2003-11-22... ✓ (15 songs)
  📥 Scraping reggae-albums for 2003-11-29... ✓ (15 songs)
  📥 Scraping reggae-albums for 2003-12-06... ✓ (15 songs)
  📥 Scraping reggae-albums for 2003-12-13... ✓ (15 songs)
  📥 Scraping reggae-albums for 2003-12-20... ✓ (15 songs)
  📥 Scraping reggae-albums for 2003-12-27... ✓ (15 songs)
  📥 Scraping reggae-albums for 2004-01-03... ✓ (15 songs)
  📥 Scraping reggae-albums for 2004-01-10... ✓ (15 songs)
  📥 Scraping reggae-albums for 2004-01-17... ✓ (15 songs)
  📥 Scraping reggae-albums for 2004-01-24... ✓ (15 songs)
  📥 Scraping reggae-albums for 2004-01-31... ✓ (15 songs)
  📥 Scraping reggae-albums for 2004-02-07... ✓ (15 songs)
  📥 Scraping reggae-albums for 2004-02-14... ✓ (15 songs)
  📥 Scraping reggae-albums for 2004-02-21... ✓ (15 songs)
  reggae-albums: 525/1699 fetched, 4 failed, 1 clamped
  📥 Scraping reggae-albums for 2004-02-28... ✓ (15 songs)
  📥 Scraping reggae-albums for 2004-03-06... ✓ (15 songs)
  📥 Scraping reggae-albums for 2004-03-13... ✓ (15 songs)
  📥 Scraping reggae-albums for 2004-03-20... ✓ (15 songs)
  📥 Scraping reggae-albums for 2004-03-27... ✓ (15 songs)
  📥 Scraping reggae-albums for 2004-04-03... ✓ (15 songs)
  📥 Scraping reggae-albums for 2004-04-10... ✓ (15 songs)
  📥 Scraping reggae-albums for 2004-04-17... ✓ (15 songs)
  📥 Scraping reggae-albums for 2004-04-24... ✓ (15 songs)
  📥 Scraping reggae-albums for 2004-05-01... ✓ (15 songs)
  📥 Scraping reggae-albums for 2004-05-08... ✓ (15 songs)
  📥 Scraping reggae-albums for 2004-05-15... ✓ (15 songs)
  📥 Scraping reggae-albums for 2004-05-22... ✓ (15 songs)
  📥 Scraping reggae-albums for 2004-05-29... ✓ (15 songs)
  📥 Scraping reggae-albums for 2004-06-05... ✓ (15 songs)
  📥 Scraping reggae-albums for 2004-06-12... ✓ (15 songs)
  📥 Scraping reggae-albums for 2004-06-19... ✓ (15 songs)
  📥 Scraping reggae-albums for 2004-06-26... ✓ (15 songs)
  📥 Scraping reggae-albums for 2004-07-03... ✓ (15 songs)
  📥 Scraping reggae-albums for 2004-07-10... ✓ (15 songs)
  📥 Scraping reggae-albums for 2004-07-17... ✓ (15 songs)
  📥 Scraping reggae-albums for 2004-07-24... ✓ (15 songs)
  📥 Scraping reggae-albums for 2004-07-31... ✓ (15 songs)
  📥 Scraping reggae-albums for 2004-08-07... ✓ (15 songs)
  📥 Scraping reggae-albums for 2004-08-14... ✓ (15 songs)
  reggae-albums: 550/1699 fetched, 4 failed, 1 clamped
  📥 Scraping reggae-albums for 2004-08-21... ✓ (15 songs)
  📥 Scraping reggae-albums for 2004-08-28... ✓ (15 songs)
  📥 Scraping reggae-albums for 2004-09-04... ✓ (15 songs)
  📥 Scraping reggae-albums for 2004-09-11... ✓ (15 songs)
  📥 Scraping reggae-albums for 2004-09-18... ✓ (15 songs)
  📥 Scraping reggae-albums for 2004-09-25... ✓ (15 songs)
  📥 Scraping reggae-albums for 2004-10-02... ✓ (15 songs)
  📥 Scraping reggae-albums for 2004-10-09... ✓ (15 songs)
  📥 Scraping reggae-albums for 2004-10-16... ✓ (15 songs)
  📥 Scraping reggae-albums for 2004-10-23... ✓ (15 songs)
  📥 Scraping reggae-albums for 2004-10-30... ✓ (15 songs)
  📥 Scraping reggae-albums for 2004-11-06... ✓ (15 songs)
  📥 Scraping reggae-albums for 2004-11-13... ✓ (15 songs)
  📥 Scraping reggae-albums for 2004-11-20... ✓ (15 songs)
  📥 Scraping reggae-albums for 2004-11-27... ✓ (15 songs)
  📥 Scraping reggae-albums for 2004-12-04... ✓ (15 songs)
  📥 Scraping reggae-albums for 2004-12-11... ✓ (15 songs)
  📥 Scraping reggae-albums for 2004-12-18... ✓ (15 songs)
  📥 Scraping reggae-albums for 2004-12-25... ✓ (15 songs)
  📥 Scraping reggae-albums for 2005-01-01... ✓ (15 songs)
  📥 Scraping reggae-albums for 2005-01-08... ✓ (15 songs)
  📥 Scraping reggae-albums for 2005-01-15... ✓ (15 songs)
  📥 Scraping reggae-albums for 2005-01-22... ✓ (15 songs)
  📥 Scraping reggae-albums for 2005-01-29... ✓ (15 songs)
  📥 Scraping reggae-albums for 2005-02-05... ✓ (15 songs)
  reggae-albums: 575/1699 fetched, 4 failed, 1 clamped
  📥 Scraping reggae-albums for 2005-02-12... ✓ (15 songs)
  📥 Scraping reggae-albums for 2005-02-19... ✓ (15 songs)
  📥 Scraping reggae-albums for 2005-02-26... ✓ (15 songs)
  📥 Scraping reggae-albums for 2005-03-05... ✓ (15 songs)
  📥 Scraping reggae-albums for 2005-03-12... ✓ (15 songs)
  📥 Scraping reggae-albums for 2005-03-19... ✓ (15 songs)
  📥 Scraping reggae-albums for 2005-03-26... ✓ (15 songs)
  📥 Scraping reggae-albums for 2005-04-02... ✓ (15 songs)
  📥 Scraping reggae-albums for 2005-04-09... ✓ (15 songs)
  📥 Scraping reggae-albums for 2005-04-16... ✓ (15 songs)
  📥 Scraping reggae-albums for 2005-04-23... ✓ (15 songs)
  📥 Scraping reggae-albums for 2005-04-30... ✓ (15 songs)
  📥 Scraping reggae-albums for 2005-05-07... ✓ (15 songs)
  📥 Scraping reggae-albums for 2005-05-14... ✓ (15 songs)
  📥 Scraping reggae-albums for 2005-05-21... ✓ (15 songs)
  📥 Scraping reggae-albums for 2005-05-28... ✓ (15 songs)
  📥 Scraping reggae-albums for 2005-06-04... ✓ (15 songs)
  📥 Scraping reggae-albums for 2005-06-11... ✓ (15 songs)
  📥 Scraping reggae-albums for 2005-06-18... ✓ (15 songs)
  📥 Scraping reggae-albums for 2005-06-25... ✓ (15 songs)
  📥 Scraping reggae-albums for 2005-07-02... ✓ (15 songs)
  📥 Scraping reggae-albums for 2005-07-09... ✓ (15 songs)
  📥 Scraping reggae-albums for 2005-07-16... ✓ (15 songs)
  📥 Scraping reggae-albums for 2005-07-23... ✓ (15 songs)
  📥 Scraping reggae-albums for 2005-07-30... ✓ (15 songs)
  reggae-albums: 600/1699 fetched, 4 failed, 1 clamped
  📥 Scraping reggae-albums for 2005-08-06... ✓ (15 songs)
  📥 Scraping reggae-albums for 2005-08-13... ✓ (15 songs)
  📥 Scraping reggae-albums for 2005-08-20... ✓ (15 songs)
  📥 Scraping reggae-albums for 2005-08-27... ✓ (15 songs)
  📥 Scraping reggae-albums for 2005-09-03... ✓ (15 songs)
  📥 Scraping reggae-albums for 2005-09-10... ✓ (15 songs)
  📥 Scraping reggae-albums for 2005-09-17... ✓ (15 songs)
  📥 Scraping reggae-albums for 2005-09-24... ✓ (15 songs)
  📥 Scraping reggae-albums for 2005-10-01... ✓ (15 songs)
  📥 Scraping reggae-albums for 2005-10-08... ✓ (15 songs)
  📥 Scraping reggae-albums for 2005-10-15... ✓ (15 songs)
  📥 Scraping reggae-albums for 2005-10-22... ✓ (15 songs)
  📥 Scraping reggae-albums for 2005-10-29... ✓ (15 songs)
  📥 Scraping reggae-albums for 2005-11-05... ✓ (15 songs)
  📥 Scraping reggae-albums for 2005-11-12... ✓ (15 songs)
  📥 Scraping reggae-albums for 2005-11-19... ✓ (15 songs)
  📥 Scraping reggae-albums for 2005-11-26... ✓ (15 songs)
  📥 Scraping reggae-albums for 2005-12-03... ✓ (15 songs)
  📥 Scraping reggae-albums for 2005-12-10... ✓ (15 songs)
  📥 Scraping reggae-albums for 2005-12-17... ✓ (15 songs)
  📥 Scraping reggae-albums for 2005-12-24... ✓ (15 songs)
  📥 Scraping reggae-albums for 2005-12-31... ✓ (15 songs)
  📥 Scraping reggae-albums for 2006-01-07... ✓ (15 songs)
  📥 Scraping reggae-albums for 2006-01-14... ✓ (15 songs)
  📥 Scraping reggae-albums for 2006-01-21... ✓ (15 songs)
  reggae-albums: 625/1699 fetched, 4 failed, 1 clamped
  📥 Scraping reggae-albums for 2006-01-28... ✓ (15 songs)
  📥 Scraping reggae-albums for 2006-02-04... ✓ (15 songs)
  📥 Scraping reggae-albums for 2006-02-11... ✓ (15 songs)
  📥 Scraping reggae-albums for 2006-02-18... ✓ (15 songs)
  📥 Scraping reggae-albums for 2006-02-25... ✓ (15 songs)
  📥 Scraping reggae-albums for 2006-03-04... ✓ (15 songs)
  📥 Scraping reggae-albums for 2006-03-11... ✓ (15 songs)
  📥 Scraping reggae-albums for 2006-03-18... ✓ (15 songs)
  📥 Scraping reggae-albums for 2006-03-25... ✓ (15 songs)
  📥 Scraping reggae-albums for 2006-04-01... ✓ (15 songs)
  📥 Scraping reggae-albums for 2006-04-08... ✓ (15 songs)
  📥 Scraping reggae-albums for 2006-04-15... ✓ (15 songs)
  📥 Scraping reggae-albums for 2006-04-22... ✓ (15 songs)
  📥 Scraping reggae-albums for 2006-04-29... ✓ (15 songs)
  📥 Scraping reggae-albums for 2006-05-06... ✓ (15 songs)
  📥 Scraping reggae-albums for 2006-05-13... ✓ (15 songs)
  📥 Scraping reggae-albums for 2006-05-20... ✓ (15 songs)
  📥 Scraping reggae-albums for 2006-05-27... ✓ (15 songs)
  📥 Scraping reggae-albums for 2006-06-03... ✓ (15 songs)
  📥 Scraping reggae-albums for 2006-06-10... ✓ (15 songs)
  📥 Scraping reggae-albums for 2006-06-17... ✓ (15 songs)
  📥 Scraping reggae-albums for 2006-06-24... ✓ (15 songs)
  📥 Scraping reggae-albums for 2006-07-01... ✓ (15 songs)
  📥 Scraping reggae-albums for 2006-07-08... ✓ (15 songs)
  📥 Scraping reggae-albums for 2006-07-15... ✓ (15 songs)
  reggae-albums: 650/1699 fetched, 4 failed, 1 clamped
  📥 Scraping reggae-albums for 2006-07-22... ✓ (15 songs)
  📥 Scraping reggae-albums for 2006-07-29... ✓ (15 songs)
  📥 Scraping reggae-albums for 2006-08-05... ✓ (15 songs)
  📥 Scraping reggae-albums for 2006-08-12... ✓ (15 songs)
  📥 Scraping reggae-albums for 2006-08-19... ✓ (15 songs)
  📥 Scraping reggae-albums for 2006-08-26... ✓ (15 songs)
  📥 Scraping reggae-albums for 2006-09-02... ✓ (15 songs)
  📥 Scraping reggae-albums for 2006-09-09... ✓ (15 songs)
  📥 Scraping reggae-albums for 2006-09-16... ✓ (15 songs)
  📥 Scraping reggae-albums for 2006-09-23... ✓ (15 songs)
  📥 Scraping reggae-albums for 2006-09-30... ✓ (15 songs)
  📥 Scraping reggae-albums for 2006-10-07... ✓ (15 songs)
  📥 Scraping reggae-albums for 2006-10-14... ✓ (15 songs)
  📥 Scraping reggae-albums for 2006-10-21... ✓ (15 songs)
  📥 Scraping reggae-albums for 2006-10-28... ✓ (15 songs)
  📥 Scraping reggae-albums for 2006-11-04... ✓ (15 songs)
  📥 Scraping reggae-albums for 2006-11-11... ✓ (15 songs)
  📥 Scraping reggae-albums for 2006-11-18... ✓ (15 songs)
  📥 Scraping reggae-albums for 2006-11-25... ✓ (15 songs)
  📥 Scraping reggae-albums for 2006-12-02... ✓ (15 songs)
  📥 Scraping reggae-albums for 2006-12-09... ✓ (15 songs)
  📥 Scraping reggae-albums for 2006-12-16... ✓ (15 songs)
  📥 Scraping reggae-albums for 2006-12-23... ✓ (15 songs)
  📥 Scraping reggae-albums for 2006-12-30... ✓ (15 songs)
  📥 Scraping reggae-albums for 2007-01-06... ✓ (15 songs)
  reggae-albums: 675/1699 fetched, 4 failed, 1 clamped
  📥 Scraping reggae-albums for 2007-01-13... ✓ (15 songs)
  📥 Scraping reggae-albums for 2007-01-20... ✓ (15 songs)
  📥 Scraping reggae-albums for 2007-01-27... ✓ (15 songs)
  📥 Scraping reggae-albums for 2007-02-03... ✓ (15 songs)
  📥 Scraping reggae-albums for 2007-02-10... ✓ (15 songs)
  📥 Scraping reggae-albums for 2007-02-17... ✓ (15 songs)
  📥 Scraping reggae-albums for 2007-02-24... ✓ (15 songs)
  📥 Scraping reggae-albums for 2007-03-03... ✓ (15 songs)
  📥 Scraping reggae-albums for 2007-03-10... ✓ (15 songs)
  📥 Scraping reggae-albums for 2007-03-17... ✓ (15 songs)
  📥 Scraping reggae-albums for 2007-03-24... ✓ (15 songs)
  📥 Scraping reggae-albums for 2007-03-31... ✓ (15 songs)
  📥 Scraping reggae-albums for 2007-04-07... ✓ (15 songs)
  📥 Scraping reggae-albums for 2007-04-14... ✓ (15 songs)
  📥 Scraping reggae-albums for 2007-04-21... ✓ (15 songs)
  📥 Scraping reggae-albums for 2007-04-28... ✓ (15 songs)
  📥 Scraping reggae-albums for 2007-05-05... ✓ (15 songs)
  📥 Scraping reggae-albums for 2007-05-12... ✓ (15 songs)
  📥 Scraping reggae-albums for 2007-05-19... ✓ (15 songs)
  📥 Scraping reggae-albums for 2007-05-26... ✓ (15 songs)
  📥 Scraping reggae-albums for 2007-06-02... ✓ (15 songs)
  📥 Scraping reggae-albums for 2007-06-09... ✓ (15 songs)
  📥 Scraping reggae-albums for 2007-06-16... ✓ (15 songs)
  📥 Scraping reggae-albums for 2007-06-23... ✓ (15 songs)
  📥 Scraping reggae-albums for 2007-06-30... ✓ (15 songs)
  reggae-albums: 700/1699 fetched, 4 failed, 1 clamped
  📥 Scraping reggae-albums for 2007-07-07... ✓ (15 songs)
  📥 Scraping reggae-albums for 2007-07-14... ✓ (15 songs)
  📥 Scraping reggae-albums for 2007-07-21... ✓ (15 songs)
  📥 Scraping reggae-albums for 2007-07-28... ✓ (15 songs)
  📥 Scraping reggae-albums for 2007-08-04... ✓ (15 songs)
  📥 Scraping reggae-albums for 2007-08-11... ✓ (15 songs)
  📥 Scraping reggae-albums for 2007-08-18... ✓ (15 songs)
  📥 Scraping reggae-albums for 2007-08-25... ✓ (15 songs)
  📥 Scraping reggae-albums for 2007-09-01... ✓ (15 songs)
  📥 Scraping reggae-albums for 2007-09-08... ✓ (15 songs)
  📥 Scraping reggae-albums for 2007-09-15... ✓ (15 songs)
  📥 Scraping reggae-albums for 2007-09-22... ✓ (15 songs)
  📥 Scraping reggae-albums for 2007-09-29... ✓ (15 songs)
  📥 Scraping reggae-albums for 2007-10-06... ✓ (15 songs)
  📥 Scraping reggae-albums for 2007-10-13... ✓ (15 songs)
  📥 Scraping reggae-albums for 2007-10-20... ✓ (15 songs)
  📥 Scraping reggae-albums for 2007-10-27... ✓ (15 songs)
  📥 Scraping reggae-albums for 2007-11-03... ✓ (15 songs)
  📥 Scraping reggae-albums for 2007-11-10... ✓ (15 songs)
  📥 Scraping reggae-albums for 2007-11-17... ✓ (15 songs)
  📥 Scraping reggae-albums for 2007-11-24... ✓ (15 songs)
  📥 Scraping reggae-albums for 2007-12-01... ✓ (15 songs)
  📥 Scraping reggae-albums for 2007-12-08... ✓ (15 songs)
  📥 Scraping reggae-albums for 2007-12-15... ✓ (15 songs)
  📥 Scraping reggae-albums for 2007-12-22... ✓ (15 songs)
  reggae-albums: 725/1699 fetched, 4 failed, 1 clamped
  📥 Scraping reggae-albums for 2007-12-29... ✓ (15 songs)
  📥 Scraping reggae-albums for 2008-01-05... ✓ (15 songs)
  📥 Scraping reggae-albums for 2008-01-12... ✓ (15 songs)
  📥 Scraping reggae-albums for 2008-01-19... ✓ (15 songs)
  📥 Scraping reggae-albums for 2008-01-26... ✓ (15 songs)
  📥 Scraping reggae-albums for 2008-02-02... ✓ (15 songs)
  📥 Scraping reggae-albums for 2008-02-09... ✓ (15 songs)
  📥 Scraping reggae-albums for 2008-02-16... ✓ (15 songs)
  📥 Scraping reggae-albums for 2008-02-23... ✓ (15 songs)
  📥 Scraping reggae-albums for 2008-03-01... ✓ (15 songs)
  📥 Scraping reggae-albums for 2008-03-08... ✓ (15 songs)
  📥 Scraping reggae-albums for 2008-03-15... ✓ (15 songs)
  📥 Scraping reggae-albums for 2008-03-22... ✓ (15 songs)
  📥 Scraping reggae-albums for 2008-03-29... ✓ (15 songs)
  📥 Scraping reggae-albums for 2008-04-05... ✓ (15 songs)
  📥 Scraping reggae-albums for 2008-04-12... ✓ (15 songs)
  📥 Scraping reggae-albums for 2008-04-19... ✓ (15 songs)
  📥 Scraping reggae-albums for 2008-04-26... ✓ (15 songs)
  📥 Scraping reggae-albums for 2008-05-03... ✓ (15 songs)
  📥 Scraping reggae-albums for 2008-05-10... ✓ (15 songs)
  📥 Scraping reggae-albums for 2008-05-17... ✓ (15 songs)
  📥 Scraping reggae-albums for 2008-05-24... ✓ (15 songs)
  📥 Scraping reggae-albums for 2008-05-31... ✓ (15 songs)
  📥 Scraping reggae-albums for 2008-06-07... ✓ (15 songs)
  📥 Scraping reggae-albums for 2008-06-14... ✓ (15 songs)
  reggae-albums: 750/1699 fetched, 4 failed, 1 clamped
  📥 Scraping reggae-albums for 2008-06-21... ✓ (15 songs)
  📥 Scraping reggae-albums for 2008-06-28... ✓ (15 songs)
  📥 Scraping reggae-albums for 2008-07-05... ✓ (15 songs)
  📥 Scraping reggae-albums for 2008-07-12... ✓ (15 songs)
  📥 Scraping reggae-albums for 2008-07-19... ✓ (15 songs)
  📥 Scraping reggae-albums for 2008-07-26... ✓ (15 songs)
  📥 Scraping reggae-albums for 2008-08-02... ✓ (15 songs)
  📥 Scraping reggae-albums for 2008-08-09... ✓ (15 songs)
  📥 Scraping reggae-albums for 2008-08-16... ✓ (15 songs)
  📥 Scraping reggae-albums for 2008-08-23... ✓ (15 songs)
  📥 Scraping reggae-albums for 2008-08-30... ✓ (15 songs)
  📥 Scraping reggae-albums for 2008-09-06... ✓ (15 songs)
  📥 Scraping reggae-albums for 2008-09-13... ✓ (15 songs)
  📥 Scraping reggae-albums for 2008-09-20... ✓ (15 songs)
  📥 Scraping reggae-albums for 2008-09-27... ✓ (15 songs)
  📥 Scraping reggae-albums for 2008-10-04... ✓ (15 songs)
  📥 Scraping reggae-albums for 2008-10-11... ✓ (15 songs)
  📥 Scraping reggae-albums for 2008-10-18... ✓ (15 songs)
  📥 Scraping reggae-albums for 2008-10-25... ✓ (15 songs)
  📥 Scraping reggae-albums for 2008-11-01... ✓ (15 songs)
  📥 Scraping reggae-albums for 2008-11-08... ✓ (15 songs)
  📥 Scraping reggae-albums for 2008-11-15... ✓ (15 songs)
  📥 Scraping reggae-albums for 2008-11-22... ✓ (15 songs)
  📥 Scraping reggae-albums for 2008-11-29... ✓ (15 songs)
  📥 Scraping reggae-albums for 2008-12-06... ✓ (15 songs)
  reggae-albums: 775/1699 fetched, 4 failed, 1 clamped
  📥 Scraping reggae-albums for 2008-12-13... ✓ (15 songs)
  📥 Scraping reggae-albums for 2008-12-20... ✓ (15 songs)
  📥 Scraping reggae-albums for 2008-12-27... ✓ (15 songs)
  📥 Scraping reggae-albums for 2009-01-03... ✓ (15 songs)
  📥 Scraping reggae-albums for 2009-01-10... ✓ (15 songs)
  📥 Scraping reggae-albums for 2009-01-17... ✓ (15 songs)
  📥 Scraping reggae-albums for 2009-01-24... ✓ (15 songs)
  📥 Scraping reggae-albums for 2009-01-31... ✓ (15 songs)
  📥 Scraping reggae-albums for 2009-02-07... ✓ (15 songs)
  📥 Scraping reggae-albums for 2009-02-14... ✓ (15 songs)
  📥 Scraping reggae-albums for 2009-02-21... ✓ (15 songs)
  📥 Scraping reggae-albums for 2009-02-28... ✓ (15 songs)
  📥 Scraping reggae-albums for 2009-03-07... ✓ (15 songs)
  📥 Scraping reggae-albums for 2009-03-14... ✓ (15 songs)
  📥 Scraping reggae-albums for 2009-03-21... ✓ (15 songs)
  📥 Scraping reggae-albums for 2009-03-28... ✓ (15 songs)
  📥 Scraping reggae-albums for 2009-04-04... ✓ (15 songs)
  📥 Scraping reggae-albums for 2009-04-11... ✓ (15 songs)
  📥 Scraping reggae-albums for 2009-04-18... ✓ (15 songs)
  📥 Scraping reggae-albums for 2009-04-25... ✓ (15 songs)
  📥 Scraping reggae-albums for 2009-05-02... ✓ (15 songs)
  📥 Scraping reggae-albums for 2009-05-09... ✓ (15 songs)
  📥 Scraping reggae-albums for 2009-05-16... ✓ (15 songs)
  📥 Scraping reggae-albums for 2009-05-23... ✓ (15 songs)
  📥 Scraping reggae-albums for 2009-05-30... ✓ (15 songs)
  reggae-albums: 800/1699 fetched, 4 failed, 1 clamped
  📥 Scraping reggae-albums for 2009-06-06... ✓ (15 songs)
  📥 Scraping reggae-albums for 2009-06-13... ✓ (15 songs)
  📥 Scraping reggae-albums for 2009-06-20... ✓ (15 songs)
  📥 Scraping reggae-albums for 2009-06-27... ✓ (15 songs)
  📥 Scraping reggae-albums for 2009-07-04... ✓ (15 songs)
  📥 Scraping reggae-albums for 2009-07-11... ✓ (15 songs)
  📥 Scraping reggae-albums for 2009-07-18... ✓ (15 songs)
  📥 Scraping reggae-albums for 2009-07-25... ✓ (15 songs)
  📥 Scraping reggae-albums for 2009-08-01... ✓ (15 songs)
  📥 Scraping reggae-albums for 2009-08-08... ✓ (15 songs)
  📥 Scraping reggae-albums for 2009-08-15... ✓ (15 songs)
  📥 Scraping reggae-albums for 2009-08-22... ✓ (15 songs)
  📥 Scraping reggae-albums for 2009-08-29... ✓ (15 songs)
  📥 Scraping reggae-albums for 2009-09-05... ✓ (15 songs)
  📥 Scraping reggae-albums for 2009-09-12... ✓ (15 songs)
  📥 Scraping reggae-albums for 2009-09-19... ✓ (15 songs)
  📥 Scraping reggae-albums for 2009-09-26... ✓ (15 songs)
  📥 Scraping reggae-albums for 2009-10-03... ✓ (15 songs)
  📥 Scraping reggae-albums for 2009-10-10... ✓ (15 songs)
  📥 Scraping reggae-albums for 2009-10-17... ✓ (15 songs)
  📥 Scraping reggae-albums for 2009-10-24... ✓ (15 songs)
  📥 Scraping reggae-albums for 2009-10-31... ✓ (15 songs)
  📥 Scraping reggae-albums for 2009-11-07... ✓ (15 songs)
  📥 Scraping reggae-albums for 2009-11-14... ✓ (15 songs)
  📥 Scraping reggae-albums for 2009-11-21... ✓ (15 songs)
  reggae-albums: 825/1699 fetched, 4 failed, 1 clamped
  📥 Scraping reggae-albums for 2009-11-28... ✓ (15 songs)
  📥 Scraping reggae-albums for 2009-12-05... ✓ (15 songs)
  📥 Scraping reggae-albums for 2009-12-12... ✓ (15 songs)
  📥 Scraping reggae-albums for 2009-12-19... ✓ (15 songs)
  📥 Scraping reggae-albums for 2009-12-26... ✓ (15 songs)
  📥 Scraping reggae-albums for 2010-01-02... ✓ (15 songs)
  📥 Scraping reggae-albums for 2010-01-09... ✓ (15 songs)
  📥 Scraping reggae-albums for 2010-01-16... ✓ (15 songs)
  📥 Scraping reggae-albums for 2010-01-23... ✓ (15 songs)
  📥 Scraping reggae-albums for 2010-01-30... ✓ (15 songs)
  📥 Scraping reggae-albums for 2010-02-06... ✓ (15 songs)
  📥 Scraping reggae-albums for 2010-02-13... ✓ (15 songs)
  📥 Scraping reggae-albums for 2010-02-20... ✓ (15 songs)
  📥 Scraping reggae-albums for 2010-02-27... ✓ (15 songs)
  📥 Scraping reggae-albums for 2010-03-06... ✓ (15 songs)
  📥 Scraping reggae-albums for 2010-03-13... ✓ (15 songs)
  📥 Scraping reggae-albums for 2010-03-20... ✓ (15 songs)
  📥 Scraping reggae-albums for 2010-03-27... ✓ (15 songs)
  📥 Scraping reggae-albums for 2010-04-03... ✓ (15 songs)
  📥 Scraping reggae-albums for 2010-04-10... ✓ (15 songs)
  📥 Scraping reggae-albums for 2010-04-17... ✓ (15 songs)
  📥 Scraping reggae-albums for 2010-04-24... ✓ (15 songs)
  📥 Scraping reggae-albums for 2010-05-01... ✓ (15 songs)
  📥 Scraping reggae-albums for 2010-05-08... ✓ (15 songs)
  📥 Scraping reggae-albums for 2010-05-15... ✓ (15 songs)
  reggae-albums: 850/1699 fetched, 4 failed, 1 clamped
  📥 Scraping reggae-albums for 2010-05-22... ✓ (15 songs)
  📥 Scraping reggae-albums for 2010-05-29... ✓ (15 songs)
  📥 Scraping reggae-albums for 2010-06-05... ✓ (15 songs)
  📥 Scraping reggae-albums for 2010-06-12... ✓ (15 songs)
  📥 Scraping reggae-albums for 2010-06-19... ✓ (15 songs)
  📥 Scraping reggae-albums for 2010-06-26... ✓ (15 songs)
  📥 Scraping reggae-albums for 2010-07-03... ✓ (15 songs)
  📥 Scraping reggae-albums for 2010-07-10... ✓ (15 songs)
  📥 Scraping reggae-albums for 2010-07-17... ✓ (15 songs)
  📥 Scraping reggae-albums for 2010-07-24... ✓ (15 songs)
  📥 Scraping reggae-albums for 2010-07-31... ✓ (15 songs)
  📥 Scraping reggae-albums for 2010-08-07... ✓ (15 songs)
  📥 Scraping reggae-albums for 2010-08-14... ✓ (15 songs)
  📥 Scraping reggae-albums for 2010-08-21... ✓ (15 songs)
  📥 Scraping reggae-albums for 2010-08-28... ✓ (15 songs)
  📥 Scraping reggae-albums for 2010-09-04... ✓ (15 songs)
  📥 Scraping reggae-albums for 2010-09-11... ✓ (15 songs)
  📥 Scraping reggae-albums for 2010-09-18... ✓ (15 songs)
  📥 Scraping reggae-albums for 2010-09-25... ✓ (15 songs)
  📥 Scraping reggae-albums for 2010-10-02... ✓ (15 songs)
  📥 Scraping reggae-albums for 2010-10-09... ✓ (15 songs)
  📥 Scraping reggae-albums for 2010-10-16... ✓ (15 songs)
  📥 Scraping reggae-albums for 2010-10-23... ✓ (15 songs)
  📥 Scraping reggae-albums for 2010-10-30... ✓ (15 songs)
  📥 Scraping reggae-albums for 2010-11-06... ✓ (15 songs)
  reggae-albums: 875/1699 fetched, 4 failed, 1 clamped
  📥 Scraping reggae-albums for 2010-11-13... ✓ (15 songs)
  📥 Scraping reggae-albums for 2010-11-20... ✓ (15 songs)
  📥 Scraping reggae-albums for 2010-11-27... ✓ (15 songs)
  📥 Scraping reggae-albums for 2010-12-04... ✓ (15 songs)
  📥 Scraping reggae-albums for 2010-12-11... ✓ (15 songs)
  📥 Scraping reggae-albums for 2010-12-18... ✓ (15 songs)
  📥 Scraping reggae-albums for 2010-12-25... ✓ (15 songs)
  📥 Scraping reggae-albums for 2011-01-01... ✓ (15 songs)
  📥 Scraping reggae-albums for 2011-01-08... ✓ (15 songs)
  📥 Scraping reggae-albums for 2011-01-15... ✓ (15 songs)
  📥 Scraping reggae-albums for 2011-01-22... ✓ (15 songs)
  📥 Scraping reggae-albums for 2011-01-29... ✓ (15 songs)
  📥 Scraping reggae-albums for 2011-02-05... ✓ (15 songs)
  📥 Scraping reggae-albums for 2011-02-12... ✓ (15 songs)
  📥 Scraping reggae-albums for 2011-02-19... ✓ (15 songs)
  📥 Scraping reggae-albums for 2011-02-26... ✓ (15 songs)
  📥 Scraping reggae-albums for 2011-03-05... ✓ (15 songs)
  📥 Scraping reggae-albums for 2011-03-12... ✓ (15 songs)
  📥 Scraping reggae-albums for 2011-03-19... ✓ (15 songs)
  📥 Scraping reggae-albums for 2011-03-26... ✓ (15 songs)
  📥 Scraping reggae-albums for 2011-04-02... ✓ (15 songs)
  📥 Scraping reggae-albums for 2011-04-09... ✓ (15 songs)
  📥 Scraping reggae-albums for 2011-04-16... ✓ (15 songs)
  📥 Scraping reggae-albums for 2011-04-23... ✓ (15 songs)
  📥 Scraping reggae-albums for 2011-04-30... ✓ (15 songs)
  reggae-albums: 900/1699 fetched, 4 failed, 1 clamped
  📥 Scraping reggae-albums for 2011-05-07... ✓ (15 songs)
  📥 Scraping reggae-albums for 2011-05-14... ✓ (15 songs)
  📥 Scraping reggae-albums for 2011-05-21... ✓ (15 songs)
  📥 Scraping reggae-albums for 2011-05-28... ✓ (15 songs)
  📥 Scraping reggae-albums for 2011-06-04... ✓ (15 songs)
  📥 Scraping reggae-albums for 2011-06-11... ✓ (15 songs)
  📥 Scraping reggae-albums for 2011-06-18... ✓ (15 songs)
  📥 Scraping reggae-albums for 2011-06-25... ✓ (15 songs)
  📥 Scraping reggae-albums for 2011-07-02... ✓ (15 songs)
  📥 Scraping reggae-albums for 2011-07-09... ✓ (15 songs)
  📥 Scraping reggae-albums for 2011-07-16... ✓ (15 songs)
  📥 Scraping reggae-albums for 2011-07-23... ✓ (15 songs)
  📥 Scraping reggae-albums for 2011-07-30... ✓ (15 songs)
  📥 Scraping reggae-albums for 2011-08-06... ✓ (15 songs)
  📥 Scraping reggae-albums for 2011-08-13... ✓ (15 songs)
  📥 Scraping reggae-albums for 2011-08-20... ✓ (15 songs)
  📥 Scraping reggae-albums for 2011-08-27... ✓ (15 songs)
  📥 Scraping reggae-albums for 2011-09-03... ✓ (15 songs)
  📥 Scraping reggae-albums for 2011-09-10... ✓ (15 songs)
  📥 Scraping reggae-albums for 2011-09-17... ✓ (15 songs)
  📥 Scraping reggae-albums for 2011-09-24... ✓ (15 songs)
  📥 Scraping reggae-albums for 2011-10-01... ✓ (15 songs)
  📥 Scraping reggae-albums for 2011-10-08... ✓ (15 songs)
  📥 Scraping reggae-albums for 2011-10-15... ✓ (15 songs)
  📥 Scraping reggae-albums for 2011-10-22... ✓ (15 songs)
  reggae-albums: 925/1699 fetched, 4 failed, 1 clamped
  📥 Scraping reggae-albums for 2011-10-29... ✓ (15 songs)
  📥 Scraping reggae-albums for 2011-11-05... ✓ (15 songs)
  📥 Scraping reggae-albums for 2011-11-12... ✓ (15 songs)
  📥 Scraping reggae-albums for 2011-11-19... ✓ (15 songs)
  📥 Scraping reggae-albums for 2011-11-26... ✓ (15 songs)
  📥 Scraping reggae-albums for 2011-12-03... ✓ (15 songs)
  📥 Scraping reggae-albums for 2011-12-10... ✓ (15 songs)
  📥 Scraping reggae-albums for 2011-12-17... ✓ (15 songs)
  📥 Scraping reggae-albums for 2011-12-24... ✓ (15 songs)
  📥 Scraping reggae-albums for 2011-12-31... ✓ (15 songs)
  📥 Scraping reggae-albums for 2012-01-07... ✓ (15 songs)
  📥 Scraping reggae-albums for 2012-01-14... ✓ (15 songs)
  📥 Scraping reggae-albums for 2012-01-21... ✓ (15 songs)
  📥 Scraping reggae-albums for 2012-01-28... ✓ (15 songs)
  📥 Scraping reggae-albums for 2012-02-04... ✓ (15 songs)
  📥 Scraping reggae-albums for 2012-02-11... ✓ (15 songs)
  📥 Scraping reggae-albums for 2012-02-18... ✓ (15 songs)
  📥 Scraping reggae-albums for 2012-02-25... ✓ (15 songs)
  📥 Scraping reggae-albums for 2012-03-03... ✓ (15 songs)
  📥 Scraping reggae-albums for 2012-03-10... ✓ (15 songs)
  📥 Scraping reggae-albums for 2012-03-17... ✓ (15 songs)
  📥 Scraping reggae-albums for 2012-03-24... ✓ (15 songs)
  📥 Scraping reggae-albums for 2012-03-31... ✓ (15 songs)
  📥 Scraping reggae-albums for 2012-04-07... ✓ (15 songs)
  📥 Scraping reggae-albums for 2012-04-14... ✓ (15 songs)
  reggae-albums: 950/1699 fetched, 4 failed, 1 clamped
  📥 Scraping reggae-albums for 2012-04-21... ✓ (15 songs)
  📥 Scraping reggae-albums for 2012-04-28... ✓ (15 songs)
  📥 Scraping reggae-albums for 2012-05-05... ✓ (15 songs)
  📥 Scraping reggae-albums for 2012-05-12... ✓ (15 songs)
  📥 Scraping reggae-albums for 2012-05-19... ✓ (15 songs)
  📥 Scraping reggae-albums for 2012-05-26... ✓ (15 songs)
  📥 Scraping reggae-albums for 2012-06-02... ✓ (15 songs)
  📥 Scraping reggae-albums for 2012-06-09... ✓ (15 songs)
  📥 Scraping reggae-albums for 2012-06-16... ✓ (15 songs)
  📥 Scraping reggae-albums for 2012-06-23... ✓ (15 songs)
  📥 Scraping reggae-albums for 2012-06-30... ✓ (15 songs)
  📥 Scraping reggae-albums for 2012-07-07... ✓ (15 songs)
  📥 Scraping reggae-albums for 2012-07-14... ✓ (15 songs)
  📥 Scraping reggae-albums for 2012-07-21... ✓ (15 songs)
  📥 Scraping reggae-albums for 2012-07-28... ✓ (15 songs)
  📥 Scraping reggae-albums for 2012-08-04... ✓ (15 songs)
  📥 Scraping reggae-albums for 2012-08-11... ✓ (15 songs)
  📥 Scraping reggae-albums for 2012-08-18... ✓ (15 songs)
  📥 Scraping reggae-albums for 2012-08-25... ✓ (15 songs)
  📥 Scraping reggae-albums for 2012-09-01... ✓ (15 songs)
  📥 Scraping reggae-albums for 2012-09-08... ✓ (15 songs)
  📥 Scraping reggae-albums for 2012-09-15... ✓ (15 songs)
  📥 Scraping reggae-albums for 2012-09-22... ✓ (15 songs)
  📥 Scraping reggae-albums for 2012-09-29... ✓ (15 songs)
  📥 Scraping reggae-albums for 2012-10-06... ✓ (15 songs)
  reggae-albums: 975/1699 fetched, 4 failed, 1 clamped
  📥 Scraping reggae-albums for 2012-10-13... ✓ (15 songs)
  📥 Scraping reggae-albums for 2012-10-20... ✓ (15 songs)
  📥 Scraping reggae-albums for 2012-10-27... ✓ (15 songs)
  📥 Scraping reggae-albums for 2012-11-03... ✓ (15 songs)
  📥 Scraping reggae-albums for 2012-11-10... ✓ (15 songs)
  📥 Scraping reggae-albums for 2012-11-17... ✓ (15 songs)
  📥 Scraping reggae-albums for 2012-11-24... ✓ (15 songs)
  📥 Scraping reggae-albums for 2012-12-01... ✓ (15 songs)
  📥 Scraping reggae-albums for 2012-12-08... ✓ (15 songs)
  📥 Scraping reggae-albums for 2012-12-15... ✓ (15 songs)
  📥 Scraping reggae-albums for 2012-12-22... ✓ (15 songs)
  📥 Scraping reggae-albums for 2012-12-29... ✓ (15 songs)
  📥 Scraping reggae-albums for 2013-01-05... ✓ (15 songs)
  📥 Scraping reggae-albums for 2013-01-12... ✓ (15 songs)
  📥 Scraping reggae-albums for 2013-01-19... ✓ (15 songs)
  📥 Scraping reggae-albums for 2013-01-26... ✓ (15 songs)
  📥 Scraping reggae-albums for 2013-02-02... ✓ (15 songs)
  📥 Scraping reggae-albums for 2013-02-09... ✓ (15 songs)
  📥 Scraping reggae-albums for 2013-02-16... ✓ (15 songs)
  📥 Scraping reggae-albums for 2013-02-23... ✓ (15 songs)
  📥 Scraping reggae-albums for 2013-03-02... ✓ (15 songs)
  📥 Scraping reggae-albums for 2013-03-09... ✓ (15 songs)
  📥 Scraping reggae-albums for 2013-03-16... ✓ (15 songs)
  📥 Scraping reggae-albums for 2013-03-23... ✓ (15 songs)
  📥 Scraping reggae-albums for 2013-03-30... ✓ (15 songs)
  reggae-albums: 1000/1699 fetched, 4 failed, 1 clamped
  📥 Scraping reggae-albums for 2013-04-06... ✓ (15 songs)
  📥 Scraping reggae-albums for 2013-04-13... ✓ (15 songs)
  📥 Scraping reggae-albums for 2013-04-20... ✓ (15 songs)
  📥 Scraping reggae-albums for 2013-04-27... ✓ (15 songs)
  📥 Scraping reggae-albums for 2013-05-04... ✓ (15 songs)
  📥 Scraping reggae-albums for 2013-05-11... ✓ (15 songs)
  📥 Scraping reggae-albums for 2013-05-18... ✓ (15 songs)
  📥 Scraping reggae-albums for 2013-05-25... ✓ (15 songs)
  📥 Scraping reggae-albums for 2013-06-01... ✓ (15 songs)
  📥 Scraping reggae-albums for 2013-06-08... ✓ (15 songs)
  📥 Scraping reggae-albums for 2013-06-15... ✓ (15 songs)
  📥 Scraping reggae-albums for 2013-06-22... ✓ (15 songs)
  📥 Scraping reggae-albums for 2013-06-29... ✓ (15 songs)
  📥 Scraping reggae-albums for 2013-07-06... ✓ (15 songs)
  📥 Scraping reggae-albums for 2013-07-13... ✓ (15 songs)
  📥 Scraping reggae-albums for 2013-07-20... ✓ (15 songs)
  📥 Scraping reggae-albums for 2013-07-27... ✓ (15 songs)
  📥 Scraping reggae-albums for 2013-08-03... ✓ (15 songs)
  📥 Scraping reggae-albums for 2013-08-10... ✓ (15 songs)
  📥 Scraping reggae-albums for 2013-08-17... ✓ (15 songs)
  📥 Scraping reggae-albums for 2013-08-24... ✓ (15 songs)
  📥 Scraping reggae-albums for 2013-08-31... ✓ (15 songs)
  📥 Scraping reggae-albums for 2013-09-07... ✓ (15 songs)
  📥 Scraping reggae-albums for 2013-09-14... ✓ (15 songs)
  📥 Scraping reggae-albums for 2013-09-21... ✓ (15 songs)
  reggae-albums: 1025/1699 fetched, 4 failed, 1 clamped
  📥 Scraping reggae-albums for 2013-09-28... ✓ (15 songs)
  📥 Scraping reggae-albums for 2013-10-05... ✓ (15 songs)
  📥 Scraping reggae-albums for 2013-10-12... ✓ (15 songs)
  📥 Scraping reggae-albums for 2013-10-19... ✓ (15 songs)
  📥 Scraping reggae-albums for 2013-10-26... ✓ (15 songs)
  📥 Scraping reggae-albums for 2013-11-02... ✓ (15 songs)
  📥 Scraping reggae-albums for 2013-11-09... ✓ (15 songs)
  📥 Scraping reggae-albums for 2013-11-16... ✓ (15 songs)
  📥 Scraping reggae-albums for 2013-11-23... ✓ (15 songs)
  📥 Scraping reggae-albums for 2013-11-30... ✓ (15 songs)
  📥 Scraping reggae-albums for 2013-12-07... ✓ (15 songs)
  📥 Scraping reggae-albums for 2013-12-14... ✓ (15 songs)
  📥 Scraping reggae-albums for 2013-12-21... ✓ (15 songs)
  📥 Scraping reggae-albums for 2013-12-28... ✓ (15 songs)
  📥 Scraping reggae-albums for 2014-01-04... ✓ (15 songs)
  📥 Scraping reggae-albums for 2014-01-11... ✓ (15 songs)
  📥 Scraping reggae-albums for 2014-01-18... ✓ (15 songs)
  📥 Scraping reggae-albums for 2014-01-25... ✓ (15 songs)
  📥 Scraping reggae-albums for 2014-02-01... ✓ (15 songs)
  📥 Scraping reggae-albums for 2014-02-08... ✓ (15 songs)
  📥 Scraping reggae-albums for 2014-02-15... ✓ (15 songs)
  📥 Scraping reggae-albums for 2014-02-22... ✓ (15 songs)
  📥 Scraping reggae-albums for 2014-03-01... ✓ (15 songs)
  📥 Scraping reggae-albums for 2014-03-08... ✓ (15 songs)
  📥 Scraping reggae-albums for 2014-03-15... ✓ (15 songs)
  reggae-albums: 1050/1699 fetched, 4 failed, 1 clamped
  📥 Scraping reggae-albums for 2014-03-22... ✓ (15 songs)
  📥 Scraping reggae-albums for 2014-03-29... ✓ (15 songs)
  📥 Scraping reggae-albums for 2014-04-05... ✓ (15 songs)
  📥 Scraping reggae-albums for 2014-04-12... ✓ (15 songs)
  📥 Scraping reggae-albums for 2014-04-19... ✓ (15 songs)
  📥 Scraping reggae-albums for 2014-04-26... ✓ (15 songs)
  📥 Scraping reggae-albums for 2014-05-03... ✓ (15 songs)
  📥 Scraping reggae-albums for 2014-05-10... ✓ (15 songs)
  📥 Scraping reggae-albums for 2014-05-17... ✓ (15 songs)
  📥 Scraping reggae-albums for 2014-05-24... ✓ (15 songs)
  📥 Scraping reggae-albums for 2014-05-31... ✓ (15 songs)
  📥 Scraping reggae-albums for 2014-06-07... ✓ (15 songs)
  📥 Scraping reggae-albums for 2014-06-14... ✓ (15 songs)
  📥 Scraping reggae-albums for 2014-06-21... ✓ (15 songs)
  📥 Scraping reggae-albums for 2014-06-28... ✓ (15 songs)
  📥 Scraping reggae-albums for 2014-07-05... ✓ (15 songs)
  📥 Scraping reggae-albums for 2014-07-12... ✓ (15 songs)
  📥 Scraping reggae-albums for 2014-07-19... ✓ (15 songs)
  📥 Scraping reggae-albums for 2014-07-26... ✓ (15 songs)
  📥 Scraping reggae-albums for 2014-08-02... ✓ (15 songs)
  📥 Scraping reggae-albums for 2014-08-09... ✓ (15 songs)
  📥 Scraping reggae-albums for 2014-08-16... ✓ (15 songs)
  📥 Scraping reggae-albums for 2014-08-23... ✓ (15 songs)
  📥 Scraping reggae-albums for 2014-08-30... ✓ (15 songs)
  📥 Scraping reggae-albums for 2014-09-06... ✓ (15 songs)
  reggae-albums: 1075/1699 fetched, 4 failed, 1 clamped
  📥 Scraping reggae-albums for 2014-09-13... ✓ (15 songs)
  📥 Scraping reggae-albums for 2014-09-20... ✓ (15 songs)
  📥 Scraping reggae-albums for 2014-09-27... ✓ (15 songs)
  📥 Scraping reggae-albums for 2014-10-04... ✓ (15 songs)
  📥 Scraping reggae-albums for 2014-10-11... ✓ (15 songs)
  📥 Scraping reggae-albums for 2014-10-18... ✓ (15 songs)
  📥 Scraping reggae-albums for 2014-10-25... ✓ (15 songs)
  📥 Scraping reggae-albums for 2014-11-01... ✓ (15 songs)
  📥 Scraping reggae-albums for 2014-11-08... ✓ (15 songs)
  📥 Scraping reggae-albums for 2014-11-15... ✓ (15 songs)
  📥 Scraping reggae-albums for 2014-11-22... ✓ (15 songs)
  📥 Scraping reggae-albums for 2014-11-29... ✓ (15 songs)
  📥 Scraping reggae-albums for 2014-12-06... ✓ (15 songs)
  📥 Scraping reggae-albums for 2014-12-13... ✓ (15 songs)
  📥 Scraping reggae-albums for 2014-12-20... ✓ (15 songs)
  📥 Scraping reggae-albums for 2014-12-27... ✓ (15 songs)
  📥 Scraping reggae-albums for 2015-01-03... ✓ (15 songs)
  📥 Scraping reggae-albums for 2015-01-10... ✓ (15 songs)
  📥 Scraping reggae-albums for 2015-01-17... ✓ (15 songs)
  📥 Scraping reggae-albums for 2015-01-24... ✓ (15 songs)
  📥 Scraping reggae-albums for 2015-01-31... ✓ (15 songs)
  📥 Scraping reggae-albums for 2015-02-07... ✓ (15 songs)
  📥 Scraping reggae-albums for 2015-02-14... ✓ (15 songs)
  📥 Scraping reggae-albums for 2015-02-21... ✓ (15 songs)
  📥 Scraping reggae-albums for 2015-02-28... ✓ (15 songs)
  reggae-albums: 1100/1699 fetched, 4 failed, 1 clamped
  📥 Scraping reggae-albums for 2015-03-07... ✓ (15 songs)
  📥 Scraping reggae-albums for 2015-03-14... ✓ (15 songs)
  📥 Scraping reggae-albums for 2015-03-21... ✓ (15 songs)
  📥 Scraping reggae-albums for 2015-03-28... ✓ (15 songs)
  📥 Scraping reggae-albums for 2015-04-04... ✓ (15 songs)
  📥 Scraping reggae-albums for 2015-04-11... ✓ (15 songs)
  📥 Scraping reggae-albums for 2015-04-18... ✓ (15 songs)
  📥 Scraping reggae-albums for 2015-04-25... ✓ (15 songs)
  📥 Scraping reggae-albums for 2015-05-02... ✓ (15 songs)
  📥 Scraping reggae-albums for 2015-05-09... ✓ (15 songs)
  📥 Scraping reggae-albums for 2015-05-16... ✓ (15 songs)
  📥 Scraping reggae-albums for 2015-05-23... ✓ (15 songs)
  📥 Scraping reggae-albums for 2015-05-30... ✓ (15 songs)
  📥 Scraping reggae-albums for 2015-06-06... ✓ (15 songs)
  📥 Scraping reggae-albums for 2015-06-13... ✓ (15 songs)
  📥 Scraping reggae-albums for 2015-06-20... ✓ (15 songs)
  📥 Scraping reggae-albums for 2015-06-27... ✓ (15 songs)
  📥 Scraping reggae-albums for 2015-07-04... ✓ (15 songs)
  📥 Scraping reggae-albums for 2015-07-11... ✓ (15 songs)
  📥 Scraping reggae-albums for 2015-07-18... ✓ (15 songs)
  📥 Scraping reggae-albums for 2015-07-25... ✓ (15 songs)
  📥 Scraping reggae-albums for 2015-08-01... ✓ (15 songs)
  📥 Scraping reggae-albums for 2015-08-08... ✓ (15 songs)
  📥 Scraping reggae-albums for 2015-08-15... ✓ (15 songs)
  📥 Scraping reggae-albums for 2015-08-22... ✓ (15 songs)
  reggae-albums: 1125/1699 fetched, 4 failed, 1 clamped
  📥 Scraping reggae-albums for 2015-08-29... ✓ (15 songs)
  📥 Scraping reggae-albums for 2015-09-05... ✓ (15 songs)
  📥 Scraping reggae-albums for 2015-09-12... ✓ (15 songs)
  📥 Scraping reggae-albums for 2015-09-19... ✓ (15 songs)
  📥 Scraping reggae-albums for 2015-09-26... ✓ (15 songs)
  📥 Scraping reggae-albums for 2015-10-03... ✓ (15 songs)
  📥 Scraping reggae-albums for 2015-10-10... ✓ (15 songs)
  📥 Scraping reggae-albums for 2015-10-17... ✓ (15 songs)
  📥 Scraping reggae-albums for 2015-10-24... ✓ (15 songs)
  📥 Scraping reggae-albums for 2015-10-31... ✓ (15 songs)
  📥 Scraping reggae-albums for 2015-11-07... ✓ (15 songs)
  📥 Scraping reggae-albums for 2015-11-14... ✓ (15 songs)
  📥 Scraping reggae-albums for 2015-11-21... ✓ (15 songs)
  📥 Scraping reggae-albums for 2015-11-28... ✓ (15 songs)
  📥 Scraping reggae-albums for 2015-12-05... ✓ (15 songs)
  📥 Scraping reggae-albums for 2015-12-12... ✓ (15 songs)
  📥 Scraping reggae-albums for 2015-12-19... ✓ (15 songs)
  📥 Scraping reggae-albums for 2015-12-26... ✓ (15 songs)
  📥 Scraping reggae-albums for 2016-01-02... ✓ (15 songs)
  📥 Scraping reggae-albums for 2016-01-09... ✓ (15 songs)
  📥 Scraping reggae-albums for 2016-01-16... ✓ (15 songs)
  📥 Scraping reggae-albums for 2016-01-23... ✓ (15 songs)
  📥 Scraping reggae-albums for 2016-01-30... ✓ (15 songs)
  📥 Scraping reggae-albums for 2016-02-06... ✓ (15 songs)
  📥 Scraping reggae-albums for 2016-02-13... ✓ (15 songs)
  reggae-albums: 1150/1699 fetched, 4 failed, 1 clamped
  📥 Scraping reggae-albums for 2016-02-20... ✓ (15 songs)
  📥 Scraping reggae-albums for 2016-02-27... ✓ (15 songs)
  📥 Scraping reggae-albums for 2016-03-05... ✓ (15 songs)
  📥 Scraping reggae-albums for 2016-03-12... ✓ (15 songs)
  📥 Scraping reggae-albums for 2016-03-19... ✓ (15 songs)
  📥 Scraping reggae-albums for 2016-03-26... ✓ (15 songs)
  📥 Scraping reggae-albums for 2016-04-02... ✓ (15 songs)
  📥 Scraping reggae-albums for 2016-04-09... ✓ (15 songs)
  📥 Scraping reggae-albums for 2016-04-16... ✓ (15 songs)
  📥 Scraping reggae-albums for 2016-04-23... ✓ (15 songs)
  📥 Scraping reggae-albums for 2016-04-30... ✓ (15 songs)
  📥 Scraping reggae-albums for 2016-05-07... ✓ (15 songs)
  📥 Scraping reggae-albums for 2016-05-14... ✓ (15 songs)
  📥 Scraping reggae-albums for 2016-05-21... ✓ (15 songs)
  📥 Scraping reggae-albums for 2016-05-28... ✓ (15 songs)
  📥 Scraping reggae-albums for 2016-06-04... ✓ (15 songs)
  📥 Scraping reggae-albums for 2016-06-11... ✓ (15 songs)
  📥 Scraping reggae-albums for 2016-06-18... ✓ (15 songs)
  📥 Scraping reggae-albums for 2016-06-25... ✓ (15 songs)
  📥 Scraping reggae-albums for 2016-07-02... ✓ (15 songs)
  📥 Scraping reggae-albums for 2016-07-09... ✓ (15 songs)
  📥 Scraping reggae-albums for 2016-07-16... ✓ (15 songs)
  📥 Scraping reggae-albums for 2016-07-23... ✓ (15 songs)
  📥 Scraping reggae-albums for 2016-07-30... ✓ (15 songs)
  📥 Scraping reggae-albums for 2016-08-06... ✓ (15 songs)
  reggae-albums: 1175/1699 fetched, 4 failed, 1 clamped
  📥 Scraping reggae-albums for 2016-08-13... ✓ (15 songs)
  📥 Scraping reggae-albums for 2016-08-20... ✓ (15 songs)
  📥 Scraping reggae-albums for 2016-08-27... ✓ (15 songs)
  📥 Scraping reggae-albums for 2016-09-03... ✓ (15 songs)
  📥 Scraping reggae-albums for 2016-09-10... ✓ (15 songs)
  📥 Scraping reggae-albums for 2016-09-17... ✓ (15 songs)
  📥 Scraping reggae-albums for 2016-09-24... ✓ (15 songs)
  📥 Scraping reggae-albums for 2016-10-01... ✓ (15 songs)
  📥 Scraping reggae-albums for 2016-10-08... ✓ (15 songs)
  📥 Scraping reggae-albums for 2016-10-15... ✓ (15 songs)
  📥 Scraping reggae-albums for 2016-10-22... ✓ (15 songs)
  📥 Scraping reggae-albums for 2016-10-29... ✓ (15 songs)
  📥 Scraping reggae-albums for 2016-11-05... ✓ (15 songs)
  📥 Scraping reggae-albums for 2016-11-12... ✓ (15 songs)
  📥 Scraping reggae-albums for 2016-11-19... ✓ (15 songs)
  📥 Scraping reggae-albums for 2016-11-26... ✓ (15 songs)
  📥 Scraping reggae-albums for 2016-12-03... ✓ (15 songs)
  📥 Scraping reggae-albums for 2016-12-10... ✓ (15 songs)
  📥 Scraping reggae-albums for 2016-12-17... ✓ (15 songs)
  📥 Scraping reggae-albums for 2016-12-24... ✓ (15 songs)
  📥 Scraping reggae-albums for 2016-12-31... ✓ (15 songs)
  📥 Scraping reggae-albums for 2017-01-07... ✓ (15 songs)
  📥 Scraping reggae-albums for 2017-01-14... ✓ (15 songs)
  📥 Scraping reggae-albums for 2017-01-21... ✓ (15 songs)
  📥 Scraping reggae-albums for 2017-01-28... ✓ (15 songs)
  reggae-albums: 1200/1699 fetched, 4 failed, 1 clamped
  📥 Scraping reggae-albums for 2017-02-04... ✓ (15 songs)
  📥 Scraping reggae-albums for 2017-02-11... ✓ (15 songs)
  📥 Scraping reggae-albums for 2017-02-18... ✓ (15 songs)
  📥 Scraping reggae-albums for 2017-02-25... ✓ (15 songs)
  📥 Scraping reggae-albums for 2017-03-04... ✓ (15 songs)
  📥 Scraping reggae-albums for 2017-03-11... ✓ (15 songs)
  📥 Scraping reggae-albums for 2017-03-18... ✓ (15 songs)
  📥 Scraping reggae-albums for 2017-03-25... ✓ (15 songs)
  📥 Scraping reggae-albums for 2017-04-01... ✓ (15 songs)
  📥 Scraping reggae-albums for 2017-04-08... ✓ (15 songs)
  📥 Scraping reggae-albums for 2017-04-15... ✓ (15 songs)
  📥 Scraping reggae-albums for 2017-04-22... ✓ (15 songs)
  📥 Scraping reggae-albums for 2017-04-29... ✓ (15 songs)
  📥 Scraping reggae-albums for 2017-05-06... ✓ (15 songs)
  📥 Scraping reggae-albums for 2017-05-13... ✓ (15 songs)
  📥 Scraping reggae-albums for 2017-05-20... ✓ (15 songs)
  📥 Scraping reggae-albums for 2017-05-27... ✓ (15 songs)
  📥 Scraping reggae-albums for 2017-06-03... ✓ (15 songs)
  📥 Scraping reggae-albums for 2017-06-10... ✓ (15 songs)
  📥 Scraping reggae-albums for 2017-06-17... ✓ (15 songs)
  📥 Scraping reggae-albums for 2017-06-24... ✓ (15 songs)
  📥 Scraping reggae-albums for 2017-07-01... ✓ (15 songs)
  📥 Scraping reggae-albums for 2017-07-08... ✓ (15 songs)
  📥 Scraping reggae-albums for 2017-07-15... ✓ (15 songs)
  📥 Scraping reggae-albums for 2017-07-22... ✓ (15 songs)
  reggae-albums: 1225/1699 fetched, 4 failed, 1 clamped
  📥 Scraping reggae-albums for 2017-07-29... ✓ (15 songs)
  📥 Scraping reggae-albums for 2017-08-05... ✓ (15 songs)
  📥 Scraping reggae-albums for 2017-08-12... ✓ (15 songs)
  📥 Scraping reggae-albums for 2017-08-19... ✓ (15 songs)
  📥 Scraping reggae-albums for 2017-08-26... ✓ (15 songs)
  📥 Scraping reggae-albums for 2017-09-02... ✓ (15 songs)
  📥 Scraping reggae-albums for 2017-09-09... ✓ (15 songs)
  📥 Scraping reggae-albums for 2017-09-16... ✓ (15 songs)
  📥 Scraping reggae-albums for 2017-09-23... ✓ (15 songs)
  📥 Scraping reggae-albums for 2017-09-30... ✓ (15 songs)
  📥 Scraping reggae-albums for 2017-10-07... ✓ (15 songs)
  📥 Scraping reggae-albums for 2017-10-14... ✓ (15 songs)
  📥 Scraping reggae-albums for 2017-10-21... ✓ (15 songs)
  📥 Scraping reggae-albums for 2017-10-28... ✓ (15 songs)
  📥 Scraping reggae-albums for 2017-11-04... ✓ (15 songs)
  📥 Scraping reggae-albums for 2017-11-11... ✓ (15 songs)
  📥 Scraping reggae-albums for 2017-11-18... ✓ (15 songs)
  📥 Scraping reggae-albums for 2017-11-25... ✓ (15 songs)
  📥 Scraping reggae-albums for 2017-12-02... ✓ (10 songs)
  📥 Scraping reggae-albums for 2017-12-09... ✓ (10 songs)
  📥 Scraping reggae-albums for 2017-12-16... ✓ (10 songs)
  📥 Scraping reggae-albums for 2017-12-23... ✓ (10 songs)
  📥 Scraping reggae-albums for 2017-12-30... ✓ (10 songs)
  📥 Scraping reggae-albums for 2018-01-06... ✓ (10 songs)
  📥 Scraping reggae-albums for 2018-01-13... ✓ (10 songs)
  reggae-albums: 1250/1699 fetched, 4 failed, 1 clamped
  📥 Scraping reggae-albums for 2018-01-20... ✓ (10 songs)
  📥 Scraping reggae-albums for 2018-01-27... ✓ (10 songs)
  📥 Scraping reggae-albums for 2018-02-03... ✓ (10 songs)
  📥 Scraping reggae-albums for 2018-02-10... ✓ (10 songs)
  📥 Scraping reggae-albums for 2018-02-17... ✓ (10 songs)
  📥 Scraping reggae-albums for 2018-02-24... ✓ (10 songs)
  📥 Scraping reggae-albums for 2018-03-03... ✓ (10 songs)
  📥 Scraping reggae-albums for 2018-03-10... ✓ (10 songs)
  📥 Scraping reggae-albums for 2018-03-17... ✓ (10 songs)
  📥 Scraping reggae-albums for 2018-03-24... ✓ (10 songs)
  📥 Scraping reggae-albums for 2018-03-31... ✓ (10 songs)
  📥 Scraping reggae-albums for 2018-04-07... ✓ (10 songs)
  📥 Scraping reggae-albums for 2018-04-14... ✓ (10 songs)
  📥 Scraping reggae-albums for 2018-04-21... ✓ (10 songs)
  📥 Scraping reggae-albums for 2018-04-28... ✓ (10 songs)
  📥 Scraping reggae-albums for 2018-05-05... ✓ (10 songs)
  📥 Scraping reggae-albums for 2018-05-12... ✓ (10 songs)
  📥 Scraping reggae-albums for 2018-05-19... ✓ (10 songs)
  📥 Scraping reggae-albums for 2018-05-26... ✓ (10 songs)
  📥 Scraping reggae-albums for 2018-06-02... ✓ (10 songs)
  📥 Scraping reggae-albums for 2018-06-09... ✓ (10 songs)
  📥 Scraping reggae-albums for 2018-06-16... ✓ (10 songs)
  📥 Scraping reggae-albums for 2018-06-23... ✓ (10 songs)
  📥 Scraping reggae-albums for 2018-06-30... ✓ (10 songs)
  📥 Scraping reggae-albums for 2018-07-07... ✓ (10 songs)
  reggae-albums: 1275/1699 fetched, 4 failed, 1 clamped
  📥 Scraping reggae-albums for 2018-07-14... ✓ (10 songs)
  📥 Scraping reggae-albums for 2018-07-21... ✓ (10 songs)
  📥 Scraping reggae-albums for 2018-07-28... ✓ (10 songs)
  📥 Scraping reggae-albums for 2018-08-04... ✓ (10 songs)
  📥 Scraping reggae-albums for 2018-08-11... ✓ (10 songs)
  📥 Scraping reggae-albums for 2018-08-18... ✓ (10 songs)
  📥 Scraping reggae-albums for 2018-08-25... ✓ (10 songs)
  📥 Scraping reggae-albums for 2018-09-01... ✓ (10 songs)
  📥 Scraping reggae-albums for 2018-09-08... ✓ (10 songs)
  📥 Scraping reggae-albums for 2018-09-15... ✓ (10 songs)
  📥 Scraping reggae-albums for 2018-09-22... ✓ (10 songs)
  📥 Scraping reggae-albums for 2018-09-29... ✓ (10 songs)
  📥 Scraping reggae-albums for 2018-10-06... ✓ (10 songs)
  📥 Scraping reggae-albums for 2018-10-13... ✓ (10 songs)
  📥 Scraping reggae-albums for 2018-10-20... ✓ (10 songs)
  📥 Scraping reggae-albums for 2018-10-27... ✓ (10 songs)
  📥 Scraping reggae-albums for 2018-11-03... ✓ (10 songs)
  📥 Scraping reggae-albums for 2018-11-10... ✓ (10 songs)
  📥 Scraping reggae-albums for 2018-11-17... ✓ (10 songs)
  📥 Scraping reggae-albums for 2018-11-24... ✓ (10 songs)
  📥 Scraping reggae-albums for 2018-12-01... ✓ (10 songs)
  📥 Scraping reggae-albums for 2018-12-08... ✓ (10 songs)
  📥 Scraping reggae-albums for 2018-12-15... ✓ (10 songs)
  📥 Scraping reggae-albums for 2018-12-22... ✓ (10 songs)
  📥 Scraping reggae-albums for 2018-12-29... ✓ (10 songs)
  reggae-albums: 1300/1699 fetched, 4 failed, 1 clamped
  📥 Scraping reggae-albums for 2019-01-05... ✓ (10 songs)
  📥 Scraping reggae-albums for 2019-01-12... ✓ (10 songs)
  📥 Scraping reggae-albums for 2019-01-19... ✓ (10 songs)
  📥 Scraping reggae-albums for 2019-01-26... ✓ (10 songs)
  📥 Scraping reggae-albums for 2019-02-02... ✓ (10 songs)
  📥 Scraping reggae-albums for 2019-02-09... ✓ (10 songs)
  📥 Scraping reggae-albums for 2019-02-16... ✓ (10 songs)
  📥 Scraping reggae-albums for 2019-02-23... ✓ (10 songs)
  📥 Scraping reggae-albums for 2019-03-02... ✓ (10 songs)
  📥 Scraping reggae-albums for 2019-03-09... ✓ (10 songs)
  📥 Scraping reggae-albums for 2019-03-16... ✓ (10 songs)
  📥 Scraping reggae-albums for 2019-03-23... ✓ (10 songs)
  📥 Scraping reggae-albums for 2019-03-30... ✓ (10 songs)
  📥 Scraping reggae-albums for 2019-04-06... ✓ (10 songs)
  📥 Scraping reggae-albums for 2019-04-13... ✓ (10 songs)
  📥 Scraping reggae-albums for 2019-04-20... ✓ (10 songs)
  📥 Scraping reggae-albums for 2019-04-27... ✓ (10 songs)
  📥 Scraping reggae-albums for 2019-05-04... ✓ (10 songs)
  📥 Scraping reggae-albums for 2019-05-11... ✓ (10 songs)
  📥 Scraping reggae-albums for 2019-05-18... ✓ (10 songs)
  📥 Scraping reggae-albums for 2019-05-25... ✓ (10 songs)
  📥 Scraping reggae-albums for 2019-06-01... ✓ (10 songs)
  📥 Scraping reggae-albums for 2019-06-08... ✓ (10 songs)
  📥 Scraping reggae-albums for 2019-06-15... ✓ (10 songs)
  📥 Scraping reggae-albums for 2019-06-22... ✓ (10 songs)
  reggae-albums: 1325/1699 fetched, 4 failed, 1 clamped
  📥 Scraping reggae-albums for 2019-06-29... ✓ (10 songs)
  📥 Scraping reggae-albums for 2019-07-06... ✓ (10 songs)
  📥 Scraping reggae-albums for 2019-07-13... ✓ (10 songs)
  📥 Scraping reggae-albums for 2019-07-20... ✓ (10 songs)
  📥 Scraping reggae-albums for 2019-07-27... ✓ (10 songs)
  📥 Scraping reggae-albums for 2019-08-03... ✓ (10 songs)
  📥 Scraping reggae-albums for 2019-08-10... ✓ (10 songs)
  📥 Scraping reggae-albums for 2019-08-17... ✓ (10 songs)
  📥 Scraping reggae-albums for 2019-08-24... ✓ (10 songs)
  📥 Scraping reggae-albums for 2019-08-31... ✓ (10 songs)
  📥 Scraping reggae-albums for 2019-09-07... ✓ (10 songs)
  📥 Scraping reggae-albums for 2019-09-14... ✓ (10 songs)
  📥 Scraping reggae-albums for 2019-09-21... ✓ (10 songs)
  📥 Scraping reggae-albums for 2019-09-28... ✓ (10 songs)
  📥 Scraping reggae-albums for 2019-10-05... ✓ (10 songs)
  📥 Scraping reggae-albums for 2019-10-12... ✓ (10 songs)
  📥 Scraping reggae-albums for 2019-10-19... ✓ (10 songs)
  📥 Scraping reggae-albums for 2019-10-26... ✓ (10 songs)
  📥 Scraping reggae-albums for 2019-11-02... ✓ (10 songs)
  📥 Scraping reggae-albums for 2019-11-09... ✓ (10 songs)
  📥 Scraping reggae-albums for 2019-11-16... ✓ (10 songs)
  📥 Scraping reggae-albums for 2019-11-23... ✓ (10 songs)
  📥 Scraping reggae-albums for 2019-11-30... ✓ (10 songs)
  📥 Scraping reggae-albums for 2019-12-07... ✓ (10 songs)
  📥 Scraping reggae-albums for 2019-12-14... ✓ (10 songs)
  reggae-albums: 1350/1699 fetched, 4 failed, 1 clamped
  📥 Scraping reggae-albums for 2019-12-21... ✓ (10 songs)
  📥 Scraping reggae-albums for 2019-12-28... ✓ (10 songs)
  📥 Scraping reggae-albums for 2020-01-04... ✓ (10 songs)
  📥 Scraping reggae-albums for 2020-01-11... ✓ (10 songs)
  📥 Scraping reggae-albums for 2020-01-18... ✓ (10 songs)
  📥 Scraping reggae-albums for 2020-01-25... ✓ (10 songs)
  📥 Scraping reggae-albums for 2020-02-01... ✓ (10 songs)
  📥 Scraping reggae-albums for 2020-02-08... ✓ (10 songs)
  📥 Scraping reggae-albums for 2020-02-15... ✓ (10 songs)
  📥 Scraping reggae-albums for 2020-02-22... ✓ (10 songs)
  📥 Scraping reggae-albums for 2020-02-29... ✓ (10 songs)
  📥 Scraping reggae-albums for 2020-03-07... ✓ (10 songs)
  📥 Scraping reggae-albums for 2020-03-14... ✓ (10 songs)
  📥 Scraping reggae-albums for 2020-03-21... ✓ (10 songs)
  📥 Scraping reggae-albums for 2020-03-28... ✓ (10 songs)
  📥 Scraping reggae-albums for 2020-04-04... ✓ (10 songs)
  📥 Scraping reggae-albums for 2020-04-11... ✓ (10 songs)
  📥 Scraping reggae-albums for 2020-04-18... ✓ (10 songs)
  📥 Scraping reggae-albums for 2020-04-25... ✓ (10 songs)
  📥 Scraping reggae-albums for 2020-05-02... ✓ (10 songs)
  📥 Scraping reggae-albums for 2020-05-09... ✓ (10 songs)
  📥 Scraping reggae-albums for 2020-05-16... ✓ (10 songs)
  📥 Scraping reggae-albums for 2020-05-23... ✓ (10 songs)
  📥 Scraping reggae-albums for 2020-05-30... ✓ (10 songs)
  📥 Scraping reggae-albums for 2020-06-06... ✓ (10 songs)
  reggae-albums: 1375/1699 fetched, 4 failed, 1 clamped
  📥 Scraping reggae-albums for 2020-06-13... ✓ (10 songs)
  📥 Scraping reggae-albums for 2020-06-20... ✓ (10 songs)
  📥 Scraping reggae-albums for 2020-06-27... ✓ (10 songs)
  📥 Scraping reggae-albums for 2020-07-04... ✓ (10 songs)
  📥 Scraping reggae-albums for 2020-07-11... ✓ (10 songs)
  📥 Scraping reggae-albums for 2020-07-18... ✓ (10 songs)
  📥 Scraping reggae-albums for 2020-07-25... ✓ (10 songs)
  📥 Scraping reggae-albums for 2020-08-01... ✓ (10 songs)
  📥 Scraping reggae-albums for 2020-08-08... ✓ (10 songs)
  📥 Scraping reggae-albums for 2020-08-15... ✓ (10 songs)
  📥 Scraping reggae-albums for 2020-08-22... ✓ (10 songs)
  📥 Scraping reggae-albums for 2020-08-29... ✓ (10 songs)
  📥 Scraping reggae-albums for 2020-09-05... ✓ (10 songs)
  📥 Scraping reggae-albums for 2020-09-12... ✓ (10 songs)
  📥 Scraping reggae-albums for 2020-09-19... ✓ (10 songs)
  📥 Scraping reggae-albums for 2020-09-26... ✓ (10 songs)
  📥 Scraping reggae-albums for 2020-10-03... ✓ (10 songs)
  📥 Scraping reggae-albums for 2020-10-10... ✓ (10 songs)
  📥 Scraping reggae-albums for 2020-10-17... ✓ (10 songs)
  📥 Scraping reggae-albums for 2020-10-24... ✓ (10 songs)
  📥 Scraping reggae-albums for 2020-10-31... ✓ (10 songs)
  📥 Scraping reggae-albums for 2020-11-07... ✓ (10 songs)
  📥 Scraping reggae-albums for 2020-11-14... ✓ (10 songs)
  📥 Scraping reggae-albums for 2020-11-21... ✓ (10 songs)
  📥 Scraping reggae-albums for 2020-11-28... ✓ (10 songs)
  reggae-albums: 1400/1699 fetched, 4 failed, 1 clamped
  📥 Scraping reggae-albums for 2020-12-05... ✓ (10 songs)
  📥 Scraping reggae-albums for 2020-12-12... ✓ (10 songs)
  📥 Scraping reggae-albums for 2020-12-19... ✓ (10 songs)
  📥 Scraping reggae-albums for 2020-12-26... ✓ (10 songs)
  📥 Scraping reggae-albums for 2021-01-02... ✓ (10 songs)
  📥 Scraping reggae-albums for 2021-01-09... ✓ (10 songs)
  📥 Scraping reggae-albums for 2021-01-16... ✓ (10 songs)
  📥 Scraping reggae-albums for 2021-01-23... ✓ (10 songs)
  📥 Scraping reggae-albums for 2021-01-30... ✓ (10 songs)
  📥 Scraping reggae-albums for 2021-02-06... ✓ (10 songs)
  📥 Scraping reggae-albums for 2021-02-13... ✓ (10 songs)
  📥 Scraping reggae-albums for 2021-02-20... ✓ (10 songs)
  📥 Scraping reggae-albums for 2021-02-27... ✓ (10 songs)
  📥 Scraping reggae-albums for 2021-03-06... ✓ (10 songs)
  📥 Scraping reggae-albums for 2021-03-13... ✓ (10 songs)
  📥 Scraping reggae-albums for 2021-03-20... ✓ (10 songs)
  📥 Scraping reggae-albums for 2021-03-27... ✓ (10 songs)
  📥 Scraping reggae-albums for 2021-04-03... ✓ (10 songs)
  📥 Scraping reggae-albums for 2021-04-10... ✓ (10 songs)
  📥 Scraping reggae-albums for 2021-04-17... ✓ (10 songs)
  📥 Scraping reggae-albums for 2021-04-24... ✓ (10 songs)
  📥 Scraping reggae-albums for 2021-05-01... ✓ (10 songs)
  📥 Scraping reggae-albums for 2021-05-08... ✓ (10 songs)
  📥 Scraping reggae-albums for 2021-05-15... ✓ (10 songs)
  📥 Scraping reggae-albums for 2021-05-22... ✓ (10 songs)
  reggae-albums: 1425/1699 fetched, 4 failed, 1 clamped
  📥 Scraping reggae-albums for 2021-05-29... ✓ (10 songs)
  📥 Scraping reggae-albums for 2021-06-05... ✓ (10 songs)
  📥 Scraping reggae-albums for 2021-06-12... ✓ (10 songs)
  📥 Scraping reggae-albums for 2021-06-19... ✓ (10 songs)
  📥 Scraping reggae-albums for 2021-06-26... ✓ (10 songs)
  📥 Scraping reggae-albums for 2021-07-03... ✓ (10 songs)
  📥 Scraping reggae-albums for 2021-07-10... ✓ (10 songs)
  📥 Scraping reggae-albums for 2021-07-17... ✓ (10 songs)
  📥 Scraping reggae-albums for 2021-07-24... ✓ (10 songs)
  📥 Scraping reggae-albums for 2021-07-31... ✓ (10 songs)
  📥 Scraping reggae-albums for 2021-08-07... ✓ (10 songs)
  📥 Scraping reggae-albums for 2021-08-14... ✓ (10 songs)
  📥 Scraping reggae-albums for 2021-08-21... ✓ (10 songs)
  📥 Scraping reggae-albums for 2021-08-28... ✓ (10 songs)
  📥 Scraping reggae-albums for 2021-09-04... ✓ (10 songs)
  📥 Scraping reggae-albums for 2021-09-11... ✓ (10 songs)
  📥 Scraping reggae-albums for 2021-09-18... ✓ (10 songs)
  📥 Scraping reggae-albums for 2021-09-25... ✓ (10 songs)
  📥 Scraping reggae-albums for 2021-10-02... ✓ (10 songs)
  📥 Scraping reggae-albums for 2021-10-09... ✓ (10 songs)
  📥 Scraping reggae-albums for 2021-10-16... ✓ (10 songs)
  📥 Scraping reggae-albums for 2021-10-23... ✓ (10 songs)
  📥 Scraping reggae-albums for 2021-10-30... ✓ (10 songs)
  📥 Scraping reggae-albums for 2021-11-06... ✓ (10 songs)
  📥 Scraping reggae-albums for 2021-11-13... ✓ (10 songs)
  reggae-albums: 1450/1699 fetched, 4 failed, 1 clamped
  📥 Scraping reggae-albums for 2021-11-20... ✓ (10 songs)
  📥 Scraping reggae-albums for 2021-11-27... ✓ (10 songs)
  📥 Scraping reggae-albums for 2021-12-04... ✓ (10 songs)
  📥 Scraping reggae-albums for 2021-12-11... ✓ (10 songs)
  📥 Scraping reggae-albums for 2021-12-18... ✓ (10 songs)
  📥 Scraping reggae-albums for 2021-12-25... ✓ (10 songs)
  📥 Scraping reggae-albums for 2022-01-01... ✓ (10 songs)
  📥 Scraping reggae-albums for 2022-01-08... ✓ (10 songs)
  📥 Scraping reggae-albums for 2022-01-15... ✓ (10 songs)
  📥 Scraping reggae-albums for 2022-01-22... ✓ (10 songs)
  📥 Scraping reggae-albums for 2022-01-29... ✓ (10 songs)
  📥 Scraping reggae-albums for 2022-02-05... ✓ (10 songs)
  📥 Scraping reggae-albums for 2022-02-12... ✓ (10 songs)
  📥 Scraping reggae-albums for 2022-02-19... ✓ (10 songs)
  📥 Scraping reggae-albums for 2022-02-26... ✓ (10 songs)
  📥 Scraping reggae-albums for 2022-03-05... ✓ (10 songs)
  📥 Scraping reggae-albums for 2022-03-12... ✓ (10 songs)
  📥 Scraping reggae-albums for 2022-03-19... ✓ (10 songs)
  📥 Scraping reggae-albums for 2022-03-26... ✓ (10 songs)
  📥 Scraping reggae-albums for 2022-04-02... ✓ (10 songs)
  📥 Scraping reggae-albums for 2022-04-09... ✓ (10 songs)
  📥 Scraping reggae-albums for 2022-04-16... ✓ (10 songs)
  📥 Scraping reggae-albums for 2022-04-23... ✓ (10 songs)
  📥 Scraping reggae-albums for 2022-04-30... ✓ (10 songs)
  📥 Scraping reggae-albums for 2022-05-07... ✓ (10 songs)
  reggae-albums: 1475/1699 fetched, 4 failed, 1 clamped
  📥 Scraping reggae-albums for 2022-05-14... ✓ (10 songs)
  📥 Scraping reggae-albums for 2022-05-21... ✓ (10 songs)
  📥 Scraping reggae-albums for 2022-05-28... ✓ (10 songs)
  📥 Scraping reggae-albums for 2022-06-04... ✓ (10 songs)
  📥 Scraping reggae-albums for 2022-06-11... ✓ (10 songs)
  📥 Scraping reggae-albums for 2022-06-18... ✓ (10 songs)
  📥 Scraping reggae-albums for 2022-06-25... ✓ (10 songs)
  📥 Scraping reggae-albums for 2022-07-02... ✓ (10 songs)
  📥 Scraping reggae-albums for 2022-07-09... ✓ (10 songs)
  📥 Scraping reggae-albums for 2022-07-16... ✓ (10 songs)
  📥 Scraping reggae-albums for 2022-07-23... ✓ (10 songs)
  📥 Scraping reggae-albums for 2022-07-30... ✓ (10 songs)
  📥 Scraping reggae-albums for 2022-08-06... ✓ (10 songs)
  📥 Scraping reggae-albums for 2022-08-13... ✓ (10 songs)
  📥 Scraping reggae-albums for 2022-08-20... ✓ (10 songs)
  📥 Scraping reggae-albums for 2022-08-27... ✓ (10 songs)
  📥 Scraping reggae-albums for 2022-09-03... ✓ (10 songs)
  📥 Scraping reggae-albums for 2022-09-10... ✓ (10 songs)
  📥 Scraping reggae-albums for 2022-09-17... ✓ (10 songs)
  📥 Scraping reggae-albums for 2022-09-24... ✓ (10 songs)
  📥 Scraping reggae-albums for 2022-10-01... ✓ (10 songs)
  📥 Scraping reggae-albums for 2022-10-08... ✓ (10 songs)
  📥 Scraping reggae-albums for 2022-10-15... ✓ (10 songs)
  📥 Scraping reggae-albums for 2022-10-22... ✓ (10 songs)
  📥 Scraping reggae-albums for 2022-10-29... ✓ (10 songs)
  reggae-albums: 1500/1699 fetched, 4 failed, 1 clamped
  📥 Scraping reggae-albums for 2022-11-05... ✓ (10 songs)
  📥 Scraping reggae-albums for 2022-11-12... ✓ (10 songs)
  📥 Scraping reggae-albums for 2022-11-19... ✓ (10 songs)
  📥 Scraping reggae-albums for 2022-11-26... ✓ (10 songs)
  📥 Scraping reggae-albums for 2022-12-03... ✓ (10 songs)
  📥 Scraping reggae-albums for 2022-12-10... ✓ (10 songs)
  📥 Scraping reggae-albums for 2022-12-17... ✓ (10 songs)
  📥 Scraping reggae-albums for 2022-12-24... ✓ (10 songs)
  📥 Scraping reggae-albums for 2022-12-31... ✓ (10 songs)
  📥 Scraping reggae-albums for 2023-01-07... ✓ (10 songs)
  📥 Scraping reggae-albums for 2023-01-14... ✓ (10 songs)
  📥 Scraping reggae-albums for 2023-01-21... ✓ (10 songs)
  📥 Scraping reggae-albums for 2023-01-28... ✓ (10 songs)
  📥 Scraping reggae-albums for 2023-02-04... ✓ (10 songs)
  📥 Scraping reggae-albums for 2023-02-11... ✓ (10 songs)
  📥 Scraping reggae-albums for 2023-02-18... ✓ (10 songs)
  📥 Scraping reggae-albums for 2023-02-25... ✓ (10 songs)
  📥 Scraping reggae-albums for 2023-03-04... ✓ (10 songs)
  📥 Scraping reggae-albums for 2023-03-11... ✓ (10 songs)
  📥 Scraping reggae-albums for 2023-03-18... ✓ (10 songs)
  📥 Scraping reggae-albums for 2023-03-25... ✓ (10 songs)
  📥 Scraping reggae-albums for 2023-04-01... ✓ (10 songs)
  📥 Scraping reggae-albums for 2023-04-08... ✓ (10 songs)
  📥 Scraping reggae-albums for 2023-04-15... ✓ (10 songs)
  📥 Scraping reggae-albums for 2023-04-22... ✓ (10 songs)
  reggae-albums: 1525/1699 fetched, 4 failed, 1 clamped
  📥 Scraping reggae-albums for 2023-04-29... ✓ (10 songs)
  📥 Scraping reggae-albums for 2023-05-06... ✓ (10 songs)
  📥 Scraping reggae-albums for 2023-05-13... ✓ (10 songs)
  📥 Scraping reggae-albums for 2023-05-20... ✓ (10 songs)
  📥 Scraping reggae-albums for 2023-05-27... ✓ (10 songs)
  📥 Scraping reggae-albums for 2023-06-03... ✓ (10 songs)
  📥 Scraping reggae-albums for 2023-06-10... ✓ (10 songs)
  📥 Scraping reggae-albums for 2023-06-17... ✓ (10 songs)
  📥 Scraping reggae-albums for 2023-06-24... ✓ (10 songs)
  📥 Scraping reggae-albums for 2023-07-01... ✓ (10 songs)
  📥 Scraping reggae-albums for 2023-07-08... ✓ (10 songs)
  📥 Scraping reggae-albums for 2023-07-15... ✓ (10 songs)
  📥 Scraping reggae-albums for 2023-07-22... ✓ (10 songs)
  📥 Scraping reggae-albums for 2023-07-29... ✓ (10 songs)
  📥 Scraping reggae-albums for 2023-08-05... ✓ (10 songs)
  📥 Scraping reggae-albums for 2023-08-12... ✓ (10 songs)
  📥 Scraping reggae-albums for 2023-08-19... ✓ (10 songs)
  📥 Scraping reggae-albums for 2023-08-26... ✓ (10 songs)
  📥 Scraping reggae-albums for 2023-09-02... ✓ (10 songs)
  📥 Scraping reggae-albums for 2023-09-09... ✓ (10 songs)
  📥 Scraping reggae-albums for 2023-09-16... ✓ (10 songs)
  📥 Scraping reggae-albums for 2023-09-23... ✓ (10 songs)
  📥 Scraping reggae-albums for 2023-09-30... ✓ (10 songs)
  📥 Scraping reggae-albums for 2023-10-07... ✓ (10 songs)
  📥 Scraping reggae-albums for 2023-10-14... ✓ (10 songs)
  reggae-albums: 1550/1699 fetched, 4 failed, 1 clamped
  📥 Scraping reggae-albums for 2023-10-21... ✓ (10 songs)
  📥 Scraping reggae-albums for 2023-10-28... ✓ (10 songs)
  📥 Scraping reggae-albums for 2023-11-04... ✓ (10 songs)
  📥 Scraping reggae-albums for 2023-11-11... ✓ (10 songs)
  📥 Scraping reggae-albums for 2023-11-18... ✓ (10 songs)
  📥 Scraping reggae-albums for 2023-11-25... ✓ (10 songs)
  📥 Scraping reggae-albums for 2023-12-02... ✓ (10 songs)
  📥 Scraping reggae-albums for 2023-12-09... ✓ (10 songs)
  📥 Scraping reggae-albums for 2023-12-16... ✓ (10 songs)
  📥 Scraping reggae-albums for 2023-12-23... ✓ (10 songs)
  📥 Scraping reggae-albums for 2023-12-30... ✓ (10 songs)
  📥 Scraping reggae-albums for 2024-01-06... ✓ (10 songs)
  📥 Scraping reggae-albums for 2024-01-13... ✓ (10 songs)
  📥 Scraping reggae-albums for 2024-01-20... ✓ (10 songs)
  📥 Scraping reggae-albums for 2024-01-27... ✓ (10 songs)
  📥 Scraping reggae-albums for 2024-02-03... ✓ (10 songs)
  📥 Scraping reggae-albums for 2024-02-10... ✓ (10 songs)
  📥 Scraping reggae-albums for 2024-02-17... ✓ (10 songs)
  📥 Scraping reggae-albums for 2024-02-24... ✓ (10 songs)
  📥 Scraping reggae-albums for 2024-03-02... ✓ (10 songs)
  📥 Scraping reggae-albums for 2024-03-09... ✓ (10 songs)
  📥 Scraping reggae-albums for 2024-03-16... ✓ (10 songs)
  📥 Scraping reggae-albums for 2024-03-23... ✓ (10 songs)
  📥 Scraping reggae-albums for 2024-03-30... ✓ (10 songs)
  📥 Scraping reggae-albums for 2024-04-06... ✓ (10 songs)
  reggae-albums: 1575/1699 fetched, 4 failed, 2 clamped
  📥 Scraping reggae-albums for 2024-04-13... ✓ (10 songs)
  📥 Scraping reggae-albums for 2024-04-20... ✓ (10 songs)
  📥 Scraping reggae-albums for 2024-04-27... ✓ (10 songs)
  📥 Scraping reggae-albums for 2024-05-04... ✓ (10 songs)
  📥 Scraping reggae-albums for 2024-05-11... ✓ (10 songs)
  📥 Scraping reggae-albums for 2024-05-18... ✓ (10 songs)
  📥 Scraping reggae-albums for 2024-05-25... ✓ (10 songs)
  📥 Scraping reggae-albums for 2024-06-01... ✓ (10 songs)
  📥 Scraping reggae-albums for 2024-06-08... ✓ (10 songs)
  📥 Scraping reggae-albums for 2024-06-15... ✓ (10 songs)
  📥 Scraping reggae-albums for 2024-06-22... ✓ (10 songs)
  📥 Scraping reggae-albums for 2024-06-29... ✓ (10 songs)
  📥 Scraping reggae-albums for 2024-07-06... ✓ (10 songs)
  📥 Scraping reggae-albums for 2024-07-13... ✓ (10 songs)
  📥 Scraping reggae-albums for 2024-07-20... ✓ (10 songs)
  📥 Scraping reggae-albums for 2024-07-27... ✓ (10 songs)
  📥 Scraping reggae-albums for 2024-08-03... ✓ (10 songs)
  📥 Scraping reggae-albums for 2024-08-10... ✓ (10 songs)
  📥 Scraping reggae-albums for 2024-08-17... ✓ (10 songs)
  📥 Scraping reggae-albums for 2024-08-24... ✓ (10 songs)
  📥 Scraping reggae-albums for 2024-08-31... ✓ (10 songs)
  📥 Scraping reggae-albums for 2024-09-07... ✓ (10 songs)
  📥 Scraping reggae-albums for 2024-09-14... ✓ (10 songs)
  📥 Scraping reggae-albums for 2024-09-21... ✓ (10 songs)
  📥 Scraping reggae-albums for 2024-09-28... ✓ (10 songs)
  reggae-albums: 1600/1699 fetched, 4 failed, 2 clamped
  📥 Scraping reggae-albums for 2024-10-05... ✓ (10 songs)
  📥 Scraping reggae-albums for 2024-10-12... ✓ (10 songs)
  📥 Scraping reggae-albums for 2024-10-19... ✓ (10 songs)
  📥 Scraping reggae-albums for 2024-10-26... ✓ (10 songs)
  📥 Scraping reggae-albums for 2024-11-02... ✓ (10 songs)
  📥 Scraping reggae-albums for 2024-11-09... ✓ (10 songs)
  📥 Scraping reggae-albums for 2024-11-16... ✓ (10 songs)
  📥 Scraping reggae-albums for 2024-11-23... ✓ (10 songs)
  📥 Scraping reggae-albums for 2024-11-30... ✓ (10 songs)
  📥 Scraping reggae-albums for 2024-12-07... ✓ (10 songs)
  📥 Scraping reggae-albums for 2024-12-14... ✓ (10 songs)
  📥 Scraping reggae-albums for 2024-12-21... ✓ (10 songs)
  📥 Scraping reggae-albums for 2024-12-28... ✓ (10 songs)
  📥 Scraping reggae-albums for 2025-01-04... ✓ (10 songs)
  📥 Scraping reggae-albums for 2025-01-11... ✓ (10 songs)
  📥 Scraping reggae-albums for 2025-01-18... ✓ (10 songs)
  📥 Scraping reggae-albums for 2025-01-25... ✓ (10 songs)
  📥 Scraping reggae-albums for 2025-02-01... ✓ (10 songs)
  📥 Scraping reggae-albums for 2025-02-08... ✓ (10 songs)
  📥 Scraping reggae-albums for 2025-02-15... ✓ (10 songs)
  📥 Scraping reggae-albums for 2025-02-22... ✓ (10 songs)
  📥 Scraping reggae-albums for 2025-03-01... ✓ (10 songs)
  📥 Scraping reggae-albums for 2025-03-08... ✓ (10 songs)
  📥 Scraping reggae-albums for 2025-03-15... ✓ (10 songs)
  📥 Scraping reggae-albums for 2025-03-22... ✓ (10 songs)
  📥 Scraping reggae-albums for 2025-03-29... ✓ (10 songs)
  📥 Scraping reggae-albums for 2025-04-05... ✓ (10 songs)
  📥 Scraping reggae-albums for 2025-04-12... ✓ (10 songs)
  📥 Scraping reggae-albums for 2025-04-19... ✓ (10 songs)
  📥 Scraping reggae-albums for 2025-04-26... ✓ (10 songs)
  📥 Scraping reggae-albums for 2025-05-03... ✓ (10 songs)
  📥 Scraping reggae-albums for 2025-05-10... ✓ (10 songs)
  📥 Scraping reggae-albums for 2025-05-17... ✓ (10 songs)
  📥 Scraping reggae-albums for 2025-05-24... ✓ (10 songs)
  📥 Scraping reggae-albums for 2025-05-31... ✓ (10 songs)
  📥 Scraping reggae-albums for 2025-06-07... ✓ (10 songs)
  📥 Scraping reggae-albums for 2025-06-14... ✓ (10 songs)
  📥 Scraping reggae-albums for 2025-06-21... ✓ (10 songs)
  📥 Scraping reggae-albums for 2025-06-28... ✓ (10 songs)
  📥 Scraping reggae-albums for 2025-07-05... ✓ (10 songs)
  📥 Scraping reggae-albums for 2025-07-12... ✓ (10 songs)
  📥 Scraping reggae-albums for 2025-07-19... ✓ (10 songs)
  📥 Scraping reggae-albums for 2025-07-26... ✓ (10 songs)
  📥 Scraping reggae-albums for 2025-08-02... ✓ (10 songs)
  📥 Scraping reggae-albums for 2025-08-09... ✓ (10 songs)
  📥 Scraping reggae-albums for 2025-08-16... ✓ (10 songs)
  📥 Scraping reggae-albums for 2025-08-23... ✓ (10 songs)
  📥 Scraping reggae-albums for 2025-08-30... ✓ (10 songs)
  📥 Scraping reggae-albums for 2025-09-06... ✓ (10 songs)
  📥 Scraping reggae-albums for 2025-09-13... ✓ (10 songs)
  reggae-albums: 1650/1699 fetched, 4 failed, 3 clamped
  📥 Scraping reggae-albums for 2025-09-20... ✓ (10 songs)
  📥 Scraping reggae-albums for 2025-09-27... ✓ (10 songs)
  📥 Scraping reggae-albums for 2025-10-04... ✓ (10 songs)
  📥 Scraping reggae-albums for 2025-10-11... ✓ (10 songs)
  📥 Scraping reggae-albums for 2025-10-18... ✓ (10 songs)
  📥 Scraping reggae-albums for 2025-10-25... ✓ (10 songs)
  📥 Scraping reggae-albums for 2025-11-01... ✓ (10 songs)
  📥 Scraping reggae-albums for 2025-11-08... ✓ (10 songs)
  📥 Scraping reggae-albums for 2025-11-15... ✓ (10 songs)
  📥 Scraping reggae-albums for 2025-11-22... ✓ (10 songs)
  📥 Scraping reggae-albums for 2025-11-29... ✓ (10 songs)
  📥 Scraping reggae-albums for 2025-12-06... ✓ (10 songs)
  📥 Scraping reggae-albums for 2025-12-13... ✓ (10 songs)
  📥 Scraping reggae-albums for 2025-12-20... ✓ (10 songs)
  📥 Scraping reggae-albums for 2025-12-27... ✓ (10 songs)
  📥 Scraping reggae-albums for 2026-01-03... ✓ (10 songs)
  📥 Scraping reggae-albums for 2026-01-10... ✓ (10 songs)
  📥 Scraping reggae-albums for 2026-01-17... ✓ (10 songs)
  📥 Scraping reggae-albums for 2026-01-24... ✓ (10 songs)
  📥 Scraping reggae-albums for 2026-01-31... ✓ (10 songs)
  📥 Scraping reggae-albums for 2026-02-07... ✓ (10 songs)
  📥 Scraping reggae-albums for 2026-02-14... ✓ (10 songs)
  📥 Scraping reggae-albums for 2026-02-21... ✓ (10 songs)
  📥 Scraping reggae-albums for 2026-02-28... ✓ (10 songs)
  📥 Scraping reggae-albums for 2026-03-07... ✓ (10 songs)
  reggae-albums: 1675/1699 fetched, 4 failed, 4 clamped
  📥 Scraping reggae-albums for 2026-03-14... ✓ (10 songs)
  📥 Scraping reggae-albums for 2026-03-21... ✓ (10 songs)
  📥 Scraping reggae-albums for 2026-03-28... ✓ (10 songs)
  📥 Scraping reggae-albums for 2026-04-04... ✓ (10 songs)
  📥 Scraping reggae-albums for 2026-04-11... ✓ (10 songs)
  📥 Scraping reggae-albums for 2026-04-18... ✓ (10 songs)
  📥 Scraping reggae-albums for 2026-04-25... ✓ (10 songs)
  📥 Scraping reggae-albums for 2026-05-02... ✓ (10 songs)
  📥 Scraping reggae-albums for 2026-05-09... ✓ (10 songs)
  📥 Scraping reggae-albums for 2026-05-16... ✓ (10 songs)
  📥 Scraping reggae-albums for 2026-05-23... ✓ (10 songs)
  📥 Scraping reggae-albums for 2026-05-30... ✓ (10 songs)
  📥 Scraping reggae-albums for 2026-06-06... ✓ (10 songs)
  📥 Scraping reggae-albums for 2026-06-13... ✓ (10 songs)
  📥 Scraping reggae-albums for 2026-06-20... ✓ (10 songs)
  📥 Scraping reggae-albums for 2026-06-27... ✓ (10 songs)
  📥 Scraping reggae-albums for 2026-07-04... ✓ (10 songs)
  📥 Scraping reggae-albums for 2026-07-11... ✓ (10 songs)
  📥 Scraping reggae-albums for 2026-07-18... ✓ (10 songs)
  📥 Scraping reggae-albums for 2026-07-25... ✓ (10 songs)
  📥 Scraping reggae-albums for 2026-08-01... ✓ (10 songs)
  📥 Scraping reggae-albums for 2026-08-08... ✓ (10 songs)
  📥 Scraping reggae-albums for 2026-08-15... ✓ (10 songs)
  📥 Scraping reggae-albums for 2026-08-22... ✗ No chart date on page (redirect or markup change) — skipping
  📥 Scraping reggae-albums for 2026-08-22... ✗ No chart date on page (redirect or markup change) — skipping
  📥 Scraping reggae-albums for 2026-08-22... ✗ No chart date on page (redirect or markup change) — skipping
DONE reggae-albums: 1689 weeks, 1994-03-05 -> 2026-08-15, 5 failed, 5 clamped/skipped
  failed weeks (first 20): ['1994-02-05', '1994-02-12', '1994-02-19', '1994-02-26', '2026-08-22']
  clamped weeks (first 10): ['1996-12-14', '2024-01-20', '2025-03-22', '2026-02-07', '2026-07-04']
