Date,Rank,Song,Artist,Last Week,Peak Position,Weeks on Chart
2022-02-19,1,Heat Waves,Glass Animals,-,1,1
2022-02-19,2,Stay,The Kid Laroi & Justin Bieber,-,2,1
2022-02-19,3,abcdefu,GAYLE,-,3,1
2022-02-19,4,Cold Heart (PNAU Remix),Elton John & Dua Lipa,-,4,1
2022-02-19,5,We Don't Talk About Bruno,"Carolina Gaitan, Mauro Castillo, Adassa , Rhenzy Feliz, Diane Guerrero, Stephanie Beatriz & Encanto Cast",-,5,1
2022-02-19,6,Shivers,Ed Sheeran,-,6,1
2022-02-19,7,Bad Habits,Ed Sheeran,-,7,1
2022-02-19,8,Industry Baby,Lil Nas X & Jack Harlow,-,8,1
2022-02-19,9,Where Are You Now,Lost Frequencies & Calum Scott,-,9,1
2022-02-19,10,Easy On Me,Adele,-,10,1
2022-02-19,11,Down Under,Luude Featuring Colin Hay,-,11,1
2022-02-19,12,Thats What I Want,Lil Nas X,-,12,1
2022-02-19,13,Do It To It,Acraze Featuring Cherish,-,13,1
2022-02-19,14,Ghost,Justin Bieber,-,14,1
2022-02-19,15,Enemy,Imagine Dragons X JID,-,15,1
2022-02-19,16,Good 4 U,Olivia Rodrigo,-,16,1
2022-02-19,17,Surface Pressure,Jessica Darrow,-,17,1
2022-02-19,18,Pushin P,Gunna & Future Featuring Young Thug,-,18,1
2022-02-19,19,Kiss Me More,Doja Cat Featuring SZA,-,19,1
2022-02-19,20,Say Nothing,Flume Featuring MAY-A,-,20,1
2022-02-19,21,Fingers Crossed,Lauren Spencer Smith,-,21,1
2022-02-19,22,Edamame,bbno$ Featuring Rich Brian,-,22,1
2022-02-19,23,Light Switch,Charlie Puth,-,23,1
2022-02-19,24,Levitating,Dua Lipa,-,24,1
2022-02-19,25,Save Your Tears,The Weeknd,-,25,1
2022-02-26,1,Heat Waves,Glass Animals,1,1,2
2022-02-26,2,Stay,The Kid Laroi & Justin Bieber,2,2,2
2022-02-26,3,Cold Heart (PNAU Remix),Elton John & Dua Lipa,4,3,2
2022-02-26,4,abcdefu,GAYLE,3,3,2
2022-02-26,5,We Don't Talk About Bruno,"Carolina Gaitan, Mauro Castillo, Adassa , Rhenzy Feliz, Diane Guerrero, Stephanie Beatriz & Encanto Cast",5,5,2
2022-02-26,6,Bad Habits,Ed Sheeran,7,6,2
2022-02-26,7,Shivers,Ed Sheeran,6,6,2
2022-02-26,8,Where Are You Now,Lost Frequencies & Calum Scott,9,8,2
2022-02-26,9,Industry Baby,Lil Nas X & Jack Harlow,8,8,2
2022-02-26,10,Easy On Me,Adele,10,10,2
2022-02-26,11,Thats What I Want,Lil Nas X,12,11,2
2022-02-26,12,Down Under,Luude Featuring Colin Hay,11,11,2
2022-02-26,13,Ghost,Justin Bieber,14,13,2
2022-02-26,14,Do It To It,Acraze Featuring Cherish,13,13,2
2022-02-26,15,Enemy,Imagine Dragons X JID,15,15,2
2022-02-26,16,Surface Pressure,Jessica Darrow,17,16,2
2022-02-26,17,Good 4 U,Olivia Rodrigo,16,16,2
2022-02-26,18,The Joker And The Queen,Ed Sheeran Featuring Taylor Swift,-,18,1
2022-02-26,19,Lost,Frank Ocean,-,19,1
2022-02-26,20,Levitating,Dua Lipa,24,20,2
2022-02-26,21,Kiss Me More,Doja Cat Featuring SZA,19,19,2
2022-02-26,22,Pushin P,Gunna & Future Featuring Young Thug,18,18,2
2022-02-26,23,Save Your Tears,The Weeknd,25,23,2
2022-02-26,24,The Motto,Tiesto & Ava Max,-,24,1
2022-02-26,25,Edamame,bbno$ Featuring Rich Brian,22,22,2
2022-03-05,1,Heat Waves,Glass Animals,1,1,3
2022-03-05,2,Cold Heart (PNAU Remix),Elton John & Dua Lipa,3,2,3
2022-03-05,3,Stay,The Kid Laroi & Justin Bieber,2,2,3
2022-03-05,4,abcdefu,GAYLE,4,3,3
2022-03-05,5,Bad Habits,Ed Sheeran,6,5,3
2022-03-05,6,We Don't Talk About Bruno,"Carolina Gaitan, Mauro Castillo, Adassa , Rhenzy Feliz, Diane Guerrero, Stephanie Beatriz & Encanto Cast",5,5,3
2022-03-05,7,Shivers,Ed Sheeran,7,6,3
2022-03-05,8,Where Are You Now,Lost Frequencies & Calum Scott,8,8,3
2022-03-05,9,Industry Baby,Lil Nas X & Jack Harlow,9,8,3
2022-03-05,10,Thats What I Want,Lil Nas X,11,10,3
2022-03-05,11,Ghost,Justin Bieber,13,11,3
2022-03-05,12,Easy On Me,Adele,10,10,3
2022-03-05,13,Down Under,Luude Featuring Colin Hay,12,11,3
2022-03-05,14,Enemy,Imagine Dragons X JID,15,14,3
2022-03-05,15,Do It To It,Acraze Featuring Cherish,14,13,3
2022-03-05,16,Boyfriend,Dove Cameron,-,16,1
2022-03-05,17,Surface Pressure,Jessica Darrow,16,16,3
2022-03-05,18,Lost,Frank Ocean,19,18,2
2022-03-05,19,Levitating,Dua Lipa,20,19,3
2022-03-05,20,Good 4 U,Olivia Rodrigo,17,16,3
2022-03-05,21,Save Your Tears,The Weeknd,23,21,3
2022-03-05,22,She's All I Wanna Be,Tate McRae,-,22,1
2022-03-05,23,Kiss Me More,Doja Cat Featuring SZA,21,19,3
2022-03-05,24,The Motto,Tiesto & Ava Max,24,24,2
2022-03-05,25,Edamame,bbno$ Featuring Rich Brian,25,22,3
2022-03-12,1,Heat Waves,Glass Animals,1,1,4
2022-03-12,2,Bad Habits,Ed Sheeran,5,2,4
2022-03-12,3,Stay,The Kid Laroi & Justin Bieber,3,2,4
2022-03-12,4,Cold Heart (PNAU Remix),Elton John & Dua Lipa,2,2,4
2022-03-12,5,abcdefu,GAYLE,4,3,4
2022-03-12,6,We Don't Talk About Bruno,"Carolina Gaitan, Mauro Castillo, Adassa , Rhenzy Feliz, Diane Guerrero, Stephanie Beatriz & Encanto Cast",6,5,4
2022-03-12,7,Shivers,Ed Sheeran,7,6,4
2022-03-12,8,Where Are You Now,Lost Frequencies & Calum Scott,8,8,4
2022-03-12,9,Industry Baby,Lil Nas X & Jack Harlow,9,8,4
2022-03-12,10,Thats What I Want,Lil Nas X,10,10,4
2022-03-12,11,Ghost,Justin Bieber,11,11,4
2022-03-12,12,Easy On Me,Adele,12,10,4
2022-03-12,13,Down Under,Luude Featuring Colin Hay,13,11,4
2022-03-12,14,Enemy,Imagine Dragons X JID,14,14,4
2022-03-12,15,Do It To It,Acraze Featuring Cherish,15,13,4
2022-03-12,16,Boyfriend,Dove Cameron,16,16,2
2022-03-12,17,Save Your Tears,The Weeknd,21,17,4
2022-03-12,18,Levitating,Dua Lipa,19,18,4
2022-03-12,19,Lost,Frank Ocean,18,18,3
2022-03-12,20,Nail Tech,Jack Harlow,-,20,1
2022-03-12,21,Good 4 U,Olivia Rodrigo,20,16,4
2022-03-12,22,Surface Pressure,Jessica Darrow,17,16,4
2022-03-12,23,Kiss Me More,Doja Cat Featuring SZA,23,19,4
2022-03-12,24,She's All I Wanna Be,Tate McRae,22,22,2
2022-03-12,25,The Motto,Tiesto & Ava Max,24,24,3
2022-03-19,1,Heat Waves,Glass Animals,1,1,5
2022-03-19,2,Stay,The Kid Laroi & Justin Bieber,3,2,5
2022-03-19,3,Cold Heart (PNAU Remix),Elton John & Dua Lipa,4,2,5
2022-03-19,4,Bad Habits,Ed Sheeran,2,2,5
2022-03-19,5,abcdefu,GAYLE,5,3,5
2022-03-19,6,Shivers,Ed Sheeran,7,6,5
2022-03-19,7,Where Are You Now,Lost Frequencies & Calum Scott,8,7,5
2022-03-19,8,We Don't Talk About Bruno,"Carolina Gaitan, Mauro Castillo, Adassa , Rhenzy Feliz, Diane Guerrero, Stephanie Beatriz & Encanto Cast",6,5,5
2022-03-19,9,Industry Baby,Lil Nas X & Jack Harlow,9,8,5
2022-03-19,10,Thats What I Want,Lil Nas X,10,10,5
2022-03-19,11,Ghost,Justin Bieber,11,11,5
2022-03-19,12,Down Under,Luude Featuring Colin Hay,13,11,5
2022-03-19,13,Easy On Me,Adele,12,10,5
2022-03-19,14,Enemy,Imagine Dragons X JID,14,14,5
2022-03-19,15,Save Your Tears,The Weeknd,17,15,5
2022-03-19,16,Boyfriend,Dove Cameron,16,16,3
2022-03-19,17,Levitating,Dua Lipa,18,17,5
2022-03-19,18,Do It To It,Acraze Featuring Cherish,15,13,5
2022-03-19,19,I'm Tired,Labrinth & Zendaya,-,19,1
2022-03-19,20,Good 4 U,Olivia Rodrigo,21,16,5
2022-03-19,21,Nail Tech,Jack Harlow,20,20,2
2022-03-19,22,Kiss Me More,Doja Cat Featuring SZA,23,19,5
2022-03-19,23,Bam Bam,Camila Cabello Featuring Ed Sheeran,-,23,1
2022-03-19,24,Lost,Frank Ocean,19,18,4
2022-03-19,25,Freaky Deaky,Tyga X Doja Cat,-,25,1
2022-03-26,1,Heat Waves,Glass Animals,1,1,6
2022-03-26,2,Bad Habits,Ed Sheeran,4,2,6
2022-03-26,3,Stay,The Kid Laroi & Justin Bieber,2,2,6
2022-03-26,4,Cold Heart (PNAU Remix),Elton John & Dua Lipa,3,2,6
2022-03-26,5,abcdefu,GAYLE,5,3,6
2022-03-26,6,Shivers,Ed Sheeran,6,6,6
2022-03-26,7,Where Are You Now,Lost Frequencies & Calum Scott,7,7,6
2022-03-26,8,Starlight,Dave,-,8,1
2022-03-26,9,We Don't Talk About Bruno,"Carolina Gaitan, Mauro Castillo, Adassa , Rhenzy Feliz, Diane Guerrero, Stephanie Beatriz & Encanto Cast",8,5,6
2022-03-26,10,Industry Baby,Lil Nas X & Jack Harlow,9,8,6
2022-03-26,11,Thats What I Want,Lil Nas X,10,10,6
2022-03-26,12,Ghost,Justin Bieber,11,11,6
2022-03-26,13,Down Under,Luude Featuring Colin Hay,12,11,6
2022-03-26,14,Enemy,Imagine Dragons X JID,14,14,6
2022-03-26,15,Easy On Me,Adele,13,10,6
2022-03-26,16,Save Your Tears,The Weeknd,15,15,6
2022-03-26,17,Levitating,Dua Lipa,17,17,6
2022-03-26,18,Do It To It,Acraze Featuring Cherish,18,13,6
2022-03-26,19,Bam Bam,Camila Cabello Featuring Ed Sheeran,23,19,2
2022-03-26,20,Good 4 U,Olivia Rodrigo,20,16,6
2022-03-26,21,Boyfriend,Dove Cameron,16,16,4
2022-03-26,22,Something In The Way,Nirvana,-,22,1
2022-03-26,23,Sweetest Pie,Megan Thee Stallion & Dua Lipa,-,23,1
2022-03-26,24,Kiss Me More,Doja Cat Featuring SZA,22,19,6
2022-03-26,25,Middle Of The Night,Elley Duhe,-,25,1
2022-04-02,1,Heat Waves,Glass Animals,1,1,7
2022-04-02,2,Bad Habits,Ed Sheeran,2,2,7
2022-04-02,3,Stay,The Kid Laroi & Justin Bieber,3,2,7
2022-04-02,4,Cold Heart (PNAU Remix),Elton John & Dua Lipa,4,2,7
2022-04-02,5,Shivers,Ed Sheeran,6,5,7
2022-04-02,6,abcdefu,GAYLE,5,3,7
2022-04-02,7,Where Are You Now,Lost Frequencies & Calum Scott,7,7,7
2022-04-02,8,Starlight,Dave,8,8,2
2022-04-02,9,Industry Baby,Lil Nas X & Jack Harlow,10,8,7
2022-04-02,10,Ghost,Justin Bieber,12,10,7
2022-04-02,11,Thats What I Want,Lil Nas X,11,10,7
2022-04-02,12,We Don't Talk About Bruno,"Carolina Gaitan, Mauro Castillo, Adassa , Rhenzy Feliz, Diane Guerrero, Stephanie Beatriz & Encanto Cast",9,5,7
2022-04-02,13,Enemy,Imagine Dragons X JID,14,13,7
2022-04-02,14,Easy On Me,Adele,15,10,7
2022-04-02,15,Down Under,Luude Featuring Colin Hay,13,11,7
2022-04-02,16,Levitating,Dua Lipa,17,16,7
2022-04-02,17,Save Your Tears,The Weeknd,16,15,7
2022-04-02,18,Bam Bam,Camila Cabello Featuring Ed Sheeran,19,18,3
2022-04-02,19,Good 4 U,Olivia Rodrigo,20,16,7
2022-04-02,20,Do It To It,Acraze Featuring Cherish,18,13,7
2022-04-02,21,Sweetest Pie,Megan Thee Stallion & Dua Lipa,23,21,2
2022-04-02,22,Middle Of The Night,Elley Duhe,25,22,2
2022-04-02,23,Following The Sun,SUPER-Hi x Neeka,-,23,1
2022-04-02,24,The Motto,Tiesto & Ava Max,-,24,4
2022-04-02,25,Woman,Doja Cat,-,25,1
2022-04-09,1,Heat Waves,Glass Animals,1,1,8
2022-04-09,2,Bad Habits,Ed Sheeran,2,2,8
2022-04-09,3,Stay,The Kid Laroi & Justin Bieber,3,2,8
2022-04-09,4,Cold Heart (PNAU Remix),Elton John & Dua Lipa,4,2,8
2022-04-09,5,Shivers,Ed Sheeran,5,5,8
2022-04-09,6,abcdefu,GAYLE,6,3,8
2022-04-09,7,Starlight,Dave,8,7,3
2022-04-09,8,Where Are You Now,Lost Frequencies & Calum Scott,7,7,8
2022-04-09,9,Industry Baby,Lil Nas X & Jack Harlow,9,8,8
2022-04-09,10,Ghost,Justin Bieber,10,10,8
2022-04-09,11,Thats What I Want,Lil Nas X,11,10,8
2022-04-09,12,Enemy,Imagine Dragons X JID,13,12,8
2022-04-09,13,We Don't Talk About Bruno,"Carolina Gaitan, Mauro Castillo, Adassa , Rhenzy Feliz, Diane Guerrero, Stephanie Beatriz & Encanto Cast",12,5,8
2022-04-09,14,Levitating,Dua Lipa,16,14,8
2022-04-09,15,Easy On Me,Adele,14,10,8
2022-04-09,16,Save Your Tears,The Weeknd,17,15,8
2022-04-09,17,Down Under,Luude Featuring Colin Hay,15,11,8
2022-04-09,18,Tom's Diner,AnnenMayKantereit & Giant Rooks,-,18,1
2022-04-09,19,Good 4 U,Olivia Rodrigo,19,16,8
2022-04-09,20,Bam Bam,Camila Cabello Featuring Ed Sheeran,18,18,4
2022-04-09,21,Do It To It,Acraze Featuring Cherish,20,13,8
2022-04-09,22,Middle Of The Night,Elley Duhe,22,22,3
2022-04-09,23,The Motto,Tiesto & Ava Max,24,23,5
2022-04-09,24,Following The Sun,SUPER-Hi x Neeka,23,23,2
2022-04-09,25,Kiss Me More,Doja Cat Featuring SZA,-,19,7
2022-04-16,1,As It Was,Harry Styles,-,1,1
2022-04-16,2,Heat Waves,Glass Animals,1,1,9
2022-04-16,3,Bad Habits,Ed Sheeran,2,2,9
2022-04-16,4,Stay,The Kid Laroi & Justin Bieber,3,2,9
2022-04-16,5,Cold Heart (PNAU Remix),Elton John & Dua Lipa,4,2,9
2022-04-16,6,Shivers,Ed Sheeran,5,5,9
2022-04-16,7,abcdefu,GAYLE,6,3,9
2022-04-16,8,Starlight,Dave,7,7,4
2022-04-16,9,Where Are You Now,Lost Frequencies & Calum Scott,8,7,9
2022-04-16,10,Industry Baby,Lil Nas X & Jack Harlow,9,8,9
2022-04-16,11,Ghost,Justin Bieber,10,10,9
2022-04-16,12,Thats What I Want,Lil Nas X,11,10,9
2022-04-16,13,Enemy,Imagine Dragons X JID,12,12,9
2022-04-16,14,Good 4 U,Olivia Rodrigo,19,14,9
2022-04-16,15,Bam Bam,Camila Cabello Featuring Ed Sheeran,20,15,5
2022-04-16,16,Levitating,Dua Lipa,14,14,9
2022-04-16,17,Tom's Diner,AnnenMayKantereit & Giant Rooks,18,17,2
2022-04-16,18,We Don't Talk About Bruno,"Carolina Gaitan, Mauro Castillo, Adassa , Rhenzy Feliz, Diane Guerrero, Stephanie Beatriz & Encanto Cast",13,5,9
2022-04-16,19,Save Your Tears,The Weeknd,16,15,9
2022-04-16,20,Easy On Me,Adele,15,10,9
2022-04-16,21,Down Under,Luude Featuring Colin Hay,17,11,9
2022-04-16,22,Do It To It,Acraze Featuring Cherish,21,13,9
2022-04-16,23,Following The Sun,SUPER-Hi x Neeka,24,23,3
2022-04-16,24,Kiss Me More,Doja Cat Featuring SZA,25,19,8
2022-04-16,25,In My Head,Lil Tjay,-,25,1
2022-04-23,1,First Class,Jack Harlow,-,1,1
2022-04-23,2,As It Was,Harry Styles,1,1,2
2022-04-23,3,Heat Waves,Glass Animals,2,1,10
2022-04-23,4,Bad Habits,Ed Sheeran,3,2,10
2022-04-23,5,Stay,The Kid Laroi & Justin Bieber,4,2,10
2022-04-23,6,Cold Heart (PNAU Remix),Elton John & Dua Lipa,5,2,10
2022-04-23,7,Shivers,Ed Sheeran,6,5,10
2022-04-23,8,abcdefu,GAYLE,7,3,10
2022-04-23,9,Where Are You Now,Lost Frequencies & Calum Scott,9,7,10
2022-04-23,10,Industry Baby,Lil Nas X & Jack Harlow,10,8,10
2022-04-23,11,Starlight,Dave,8,7,5
2022-04-23,12,Ghost,Justin Bieber,11,10,10
2022-04-23,13,Bam Bam,Camila Cabello Featuring Ed Sheeran,15,13,6
2022-04-23,14,Thats What I Want,Lil Nas X,12,10,10
2022-04-23,15,Good 4 U,Olivia Rodrigo,14,14,10
2022-04-23,16,Enemy,Imagine Dragons X JID,13,12,10
2022-04-23,17,Levitating,Dua Lipa,16,14,10
2022-04-23,18,Save Your Tears,The Weeknd,19,15,10
2022-04-23,19,Tom's Diner,AnnenMayKantereit & Giant Rooks,17,17,3
2022-04-23,20,Easy On Me,Adele,20,10,10
2022-04-23,21,Following The Sun,SUPER-Hi x Neeka,23,21,4
2022-04-23,22,Down Under,Luude Featuring Colin Hay,21,11,10
2022-04-23,23,We Don't Talk About Bruno,"Carolina Gaitan, Mauro Castillo, Adassa , Rhenzy Feliz, Diane Guerrero, Stephanie Beatriz & Encanto Cast",18,5,10
2022-04-23,24,Kiss Me More,Doja Cat Featuring SZA,24,19,9
2022-04-23,25,Nail Tech,Jack Harlow,-,20,3
2022-04-30,1,First Class,Jack Harlow,1,1,2
2022-04-30,2,As It Was,Harry Styles,2,1,3
2022-04-30,3,Heat Waves,Glass Animals,3,1,11
2022-04-30,4,Bad Habits,Ed Sheeran,4,2,11
2022-04-30,5,Stay,The Kid Laroi & Justin Bieber,5,2,11
2022-04-30,6,Cold Heart (PNAU Remix),Elton John & Dua Lipa,6,2,11
2022-04-30,7,Shivers,Ed Sheeran,7,5,11
2022-04-30,8,Where Are You Now,Lost Frequencies & Calum Scott,9,7,11
2022-04-30,9,abcdefu,GAYLE,8,3,11
2022-04-30,10,Industry Baby,Lil Nas X & Jack Harlow,10,8,11
2022-04-30,11,Starlight,Dave,11,7,6
2022-04-30,12,Ghost,Justin Bieber,12,10,11
2022-04-30,13,Bam Bam,Camila Cabello Featuring Ed Sheeran,13,13,7
2022-04-30,14,Thats What I Want,Lil Nas X,14,10,11
2022-04-30,15,Good 4 U,Olivia Rodrigo,15,14,11
2022-04-30,16,Enemy,Imagine Dragons X JID,16,12,11
2022-04-30,17,Levitating,Dua Lipa,17,14,11
2022-04-30,18,Save Your Tears,The Weeknd,18,15,11
2022-04-30,19,Following The Sun,SUPER-Hi x Neeka,21,19,5
2022-04-30,20,Easy On Me,Adele,20,10,11
2022-04-30,21,Tom's Diner,AnnenMayKantereit & Giant Rooks,19,17,4
2022-04-30,22,Kiss Me More,Doja Cat Featuring SZA,24,19,10
2022-04-30,23,Down Under,Luude Featuring Colin Hay,22,11,11
2022-04-30,24,Middle Of The Night,Elley Duhe,-,22,4
2022-04-30,25,In My Head,Lil Tjay,-,25,2
2022-05-07,1,As It Was,Harry Styles,2,1,4
2022-05-07,2,First Class,Jack Harlow,1,1,3
2022-05-07,3,Heat Waves,Glass Animals,3,1,12
2022-05-07,4,Thousand Miles,The Kid Laroi,-,4,1
2022-05-07,5,Bad Habits,Ed Sheeran,4,2,12
2022-05-07,6,Stay,The Kid Laroi & Justin Bieber,5,2,12
2022-05-07,7,Cold Heart (PNAU Remix),Elton John & Dua Lipa,6,2,12
2022-05-07,8,Shivers,Ed Sheeran,7,5,12
2022-05-07,9,Where Are You Now,Lost Frequencies & Calum Scott,8,7,12
2022-05-07,10,abcdefu,GAYLE,9,3,12
2022-05-07,11,Industry Baby,Lil Nas X & Jack Harlow,10,8,12
2022-05-07,12,Big Energy,Latto,-,12,1
2022-05-07,13,Starlight,Dave,11,7,7
2022-05-07,14,Ghost,Justin Bieber,12,10,12
2022-05-07,15,Bam Bam,Camila Cabello Featuring Ed Sheeran,13,13,8
2022-05-07,16,Save Your Tears,The Weeknd,18,15,12
2022-05-07,17,Levitating,Dua Lipa,17,14,12
2022-05-07,18,Thats What I Want,Lil Nas X,14,10,12
2022-05-07,19,Enemy,Imagine Dragons X JID,16,12,12
2022-05-07,20,Good 4 U,Olivia Rodrigo,15,14,12
2022-05-07,21,Following The Sun,SUPER-Hi x Neeka,19,19,6
2022-05-07,22,Easy On Me,Adele,20,10,12
2022-05-07,23,Middle Of The Night,Elley Duhe,24,22,5
2022-05-07,24,Kiss Me More,Doja Cat Featuring SZA,22,19,11
2022-05-07,25,Down Under,Luude Featuring Colin Hay,23,11,12
2022-05-14,1,As It Was,Harry Styles,1,1,5
2022-05-14,2,First Class,Jack Harlow,2,1,4
2022-05-14,3,Heat Waves,Glass Animals,3,1,13
2022-05-14,4,Thousand Miles,The Kid Laroi,4,4,2
2022-05-14,5,Stay,The Kid Laroi & Justin Bieber,6,2,13
2022-05-14,6,Bad Habits,Ed Sheeran,5,2,13
2022-05-14,7,Cold Heart (PNAU Remix),Elton John & Dua Lipa,7,2,13
2022-05-14,8,Shivers,Ed Sheeran,8,5,13
2022-05-14,9,Where Are You Now,Lost Frequencies & Calum Scott,9,7,13
2022-05-14,10,Big Energy,Latto,12,10,2
2022-05-14,11,About Damn Time,Lizzo,-,11,1
2022-05-14,12,abcdefu,GAYLE,10,3,13
2022-05-14,13,Industry Baby,Lil Nas X & Jack Harlow,11,8,13
2022-05-14,14,Ghost,Justin Bieber,14,10,13
2022-05-14,15,Wait For U,Future Featuring Drake & Tems,-,15,1
2022-05-14,16,Starlight,Dave,13,7,8
2022-05-14,17,Bam Bam,Camila Cabello Featuring Ed Sheeran,15,13,9
2022-05-14,18,Levitating,Dua Lipa,17,14,13
2022-05-14,19,Thats What I Want,Lil Nas X,18,10,13
2022-05-14,20,Good 4 U,Olivia Rodrigo,20,14,13
2022-05-14,21,Save Your Tears,The Weeknd,16,15,13
2022-05-14,22,Wait A Minute!,Willow Smith,-,22,1
2022-05-14,23,Easy On Me,Adele,22,10,13
2022-05-14,24,Enemy,Imagine Dragons X JID,19,12,13
2022-05-14,25,Following The Sun,SUPER-Hi x Neeka,21,19,7
2022-05-21,1,First Class,Jack Harlow,2,1,5
2022-05-21,2,As It Was,Harry Styles,1,1,6
2022-05-21,3,About Damn Time,Lizzo,11,3,2
2022-05-21,4,Heat Waves,Glass Animals,3,1,14
2022-05-21,5,Thousand Miles,The Kid Laroi,4,4,3
2022-05-21,6,Stay,The Kid Laroi & Justin Bieber,5,2,14
2022-05-21,7,Bad Habits,Ed Sheeran,6,2,14
2022-05-21,8,Cold Heart (PNAU Remix),Elton John & Dua Lipa,7,2,14
2022-05-21,9,Big Energy,Latto,10,9,3
2022-05-21,10,Shivers,Ed Sheeran,8,5,14
2022-05-21,11,Where Are You Now,Lost Frequencies & Calum Scott,9,7,14
2022-05-21,12,Wait For U,Future Featuring Drake & Tems,15,12,2
2022-05-21,13,Dua Lipa,Jack Harlow,-,13,1
2022-05-21,14,Industry Baby,Lil Nas X & Jack Harlow,13,8,14
2022-05-21,15,abcdefu,GAYLE,12,3,14
2022-05-21,16,Ghost,Justin Bieber,14,10,14
2022-05-21,17,Churchill Downs,Jack Harlow Featuring Drake,-,17,1
2022-05-21,18,The Heart Part 5,Kendrick Lamar,-,18,1
2022-05-21,19,Bam Bam,Camila Cabello Featuring Ed Sheeran,17,13,10
2022-05-21,20,10 Things I Hate About You,Leah Kate,-,20,1
2022-05-21,21,Levitating,Dua Lipa,18,14,14
2022-05-21,22,Save Your Tears,The Weeknd,21,15,14
2022-05-21,23,Enemy,Imagine Dragons X JID,24,12,14
2022-05-21,24,Following The Sun,SUPER-Hi x Neeka,25,19,8
2022-05-21,25,Starlight,Dave,16,7,9
2022-05-28,1,As It Was,Harry Styles,2,1,7
2022-05-28,2,First Class,Jack Harlow,1,1,6
2022-05-28,3,N95,Kendrick Lamar,-,3,1
2022-05-28,4,About Damn Time,Lizzo,3,3,3
2022-05-28,5,Die Hard,"Kendrick Lamar , Blxst & Amanda Reifer",-,5,1
2022-05-28,6,Heat Waves,Glass Animals,4,1,15
2022-05-28,7,United In Grief,Kendrick Lamar,-,7,1
2022-05-28,8,Thousand Miles,The Kid Laroi,5,4,4
2022-05-28,9,Bad Habits,Ed Sheeran,7,2,15
2022-05-28,10,Stay,The Kid Laroi & Justin Bieber,6,2,15
2022-05-28,11,Big Energy,Latto,9,9,4
2022-05-28,12,Father Time,Kendrick Lamar Featuring Sampha,-,12,1
2022-05-28,13,Cold Heart (PNAU Remix),Elton John & Dua Lipa,8,2,15
2022-05-28,14,Shivers,Ed Sheeran,10,5,15
2022-05-28,15,Where Are You Now,Lost Frequencies & Calum Scott,11,7,15
2022-05-28,16,Rich Spirit,Kendrick Lamar,-,16,1
2022-05-28,17,Wait For U,Future Featuring Drake & Tems,12,12,3
2022-05-28,18,Worldwide Steppers,Kendrick Lamar,-,18,1
2022-05-28,19,abcdefu,GAYLE,15,3,15
2022-05-28,20,Count Me Out,Kendrick Lamar,-,20,1
2022-05-28,21,We Cry Together,Kendrick Lamar & Taylour Paige,-,21,1
2022-05-28,22,Ghost,Justin Bieber,16,10,15
2022-05-28,23,Silent Hill,Kendrick Lamar & Kodak Black,-,23,1
2022-05-28,24,Purple Hearts,"Kendrick Lamar , Summer Walker & Ghostface Killah",-,24,1
2022-05-28,25,Industry Baby,Lil Nas X & Jack Harlow,14,8,15
2022-06-04,1,As It Was,Harry Styles,1,1,8
2022-06-04,2,Late Night Talking,Harry Styles,-,2,1
2022-06-04,3,Matilda,Harry Styles,-,3,1
2022-06-04,4,First Class,Jack Harlow,2,1,7
2022-06-04,5,Music For A Sushi Restaurant,Harry Styles,-,5,1
2022-06-04,6,Little Freak,Harry Styles,-,6,1
2022-06-04,7,About Damn Time,Lizzo,4,3,4
2022-06-04,8,Daylight,Harry Styles,-,8,1
2022-06-04,9,Grapejuice,Harry Styles,-,9,1
2022-06-04,10,Satellite,Harry Styles,-,10,1
2022-06-04,11,Cinema,Harry Styles,-,11,1
2022-06-04,12,Daydreaming,Harry Styles,-,12,1
2022-06-04,13,Love Of My Life,Harry Styles,-,13,1
2022-06-04,14,Keep Driving,Harry Styles,-,14,1
2022-06-04,15,Heat Waves,Glass Animals,6,1,16
2022-06-04,16,Boyfriends,Harry Styles,-,16,1
2022-06-04,17,N95,Kendrick Lamar,3,3,2
2022-06-04,18,Stay,The Kid Laroi & Justin Bieber,10,2,16
2022-06-04,19,Thousand Miles,The Kid Laroi,8,4,5
2022-06-04,20,Bad Habits,Ed Sheeran,9,2,16
2022-06-04,21,Big Energy,Latto,11,9,5
2022-06-04,22,Cold Heart (PNAU Remix),Elton John & Dua Lipa,13,2,16
2022-06-04,23,Shivers,Ed Sheeran,14,5,16
2022-06-04,24,Where Are You Now,Lost Frequencies & Calum Scott,15,7,16
2022-06-04,25,Cooped Up,Post Malone Featuring Roddy Ricch,-,25,1
2022-06-11,1,As It Was,Harry Styles,1,1,9
2022-06-11,2,Running Up That Hill (A Deal With God),Kate Bush,-,2,1
2022-06-11,3,First Class,Jack Harlow,4,1,8
2022-06-11,4,About Damn Time,Lizzo,7,3,5
2022-06-11,5,Late Night Talking,Harry Styles,2,2,2
2022-06-11,6,Thousand Miles,The Kid Laroi,19,4,6
2022-06-11,7,Heat Waves,Glass Animals,15,1,17
2022-06-11,8,Stay,The Kid Laroi & Justin Bieber,18,2,17
2022-06-11,9,Matilda,Harry Styles,3,3,2
2022-06-11,10,Bad Habits,Ed Sheeran,20,2,17
2022-06-11,11,Music For A Sushi Restaurant,Harry Styles,5,5,2
2022-06-11,12,Big Energy,Latto,21,9,6
2022-06-11,13,Cold Heart (PNAU Remix),Elton John & Dua Lipa,22,2,17
2022-06-11,14,Daylight,Harry Styles,8,8,2
2022-06-11,15,Little Freak,Harry Styles,6,6,2
2022-06-11,16,Shivers,Ed Sheeran,23,5,17
2022-06-11,17,Where Are You Now,Lost Frequencies & Calum Scott,24,7,17
2022-06-11,18,True Love,Kanye West & XXXTENTACION,-,18,1
2022-06-11,19,Satellite,Harry Styles,10,10,2
2022-06-11,20,Cooped Up,Post Malone Featuring Roddy Ricch,25,20,2
2022-06-11,21,N95,Kendrick Lamar,17,3,3
2022-06-11,22,Ghost,Justin Bieber,-,10,16
2022-06-11,23,abcdefu,GAYLE,-,3,16
2022-06-11,24,Wait For U,Future Featuring Drake & Tems,-,12,4
2022-06-11,25,Grapejuice,Harry Styles,9,9,2
2022-06-18,1,Running Up That Hill (A Deal With God),Kate Bush,2,1,2
2022-06-18,2,As It Was,Harry Styles,1,1,10
2022-06-18,3,First Class,Jack Harlow,3,1,9
2022-06-18,4,About Damn Time,Lizzo,4,3,6
2022-06-18,5,Thousand Miles,The Kid Laroi,6,4,7
2022-06-18,6,Heat Waves,Glass Animals,7,1,18
2022-06-18,7,Stay,The Kid Laroi & Justin Bieber,8,2,18
2022-06-18,8,I Like You (A Happier Song),Post Malone Featuring Doja Cat,-,8,1
2022-06-18,9,Late Night Talking,Harry Styles,5,2,3
2022-06-18,10,Cooped Up,Post Malone Featuring Roddy Ricch,20,10,3
2022-06-18,11,Big Energy,Latto,12,9,7
2022-06-18,12,Cold Heart (PNAU Remix),Elton John & Dua Lipa,13,2,18
2022-06-18,13,Bad Habits,Ed Sheeran,10,2,18
2022-06-18,14,Shivers,Ed Sheeran,16,5,18
2022-06-18,15,Where Are You Now,Lost Frequencies & Calum Scott,17,7,18
2022-06-18,16,Matilda,Harry Styles,9,3,3
2022-06-18,17,Vegas,Doja Cat,-,17,1
2022-06-18,18,Wait For U,Future Featuring Drake & Tems,24,12,5
2022-06-18,19,Ghost,Justin Bieber,22,10,17
2022-06-18,20,True Love,Kanye West & XXXTENTACION,18,18,2
2022-06-18,21,Music For A Sushi Restaurant,Harry Styles,11,5,3
2022-06-18,22,Daylight,Harry Styles,14,8,3
2022-06-18,23,Enemy,Imagine Dragons X JID,-,12,15
2022-06-18,24,abcdefu,GAYLE,23,3,17
2022-06-18,25,She's All I Wanna Be,Tate McRae,-,22,3
2022-06-25,1,Running Up That Hill (A Deal With God),Kate Bush,1,1,3
2022-06-25,2,As It Was,Harry Styles,2,1,11
2022-06-25,3,Glimpse Of Us,Joji,-,3,1
2022-06-25,4,First Class,Jack Harlow,3,1,10
2022-06-25,5,About Damn Time,Lizzo,4,3,7
2022-06-25,6,Thousand Miles,The Kid Laroi,5,4,8
2022-06-25,7,Heat Waves,Glass Animals,6,1,19
2022-06-25,8,Stay,The Kid Laroi & Justin Bieber,7,2,19
2022-06-25,9,I Like You (A Happier Song),Post Malone Featuring Doja Cat,8,8,2
2022-06-25,10,Late Night Talking,Harry Styles,9,2,4
2022-06-25,11,Vegas,Doja Cat,17,11,2
2022-06-25,12,Cold Heart (PNAU Remix),Elton John & Dua Lipa,12,2,19
2022-06-25,13,Bad Habits,Ed Sheeran,13,2,19
2022-06-25,14,Big Energy,Latto,11,9,8
2022-06-25,15,Shivers,Ed Sheeran,14,5,19
2022-06-25,16,Where Are You Now,Lost Frequencies & Calum Scott,15,7,19
2022-06-25,17,Cooped Up,Post Malone Featuring Roddy Ricch,10,10,4
2022-06-25,18,Ghost,Justin Bieber,19,10,18
2022-06-25,19,Wait For U,Future Featuring Drake & Tems,18,12,6
2022-06-25,20,Matilda,Harry Styles,16,3,4
2022-06-25,21,Enemy,Imagine Dragons X JID,23,12,16
2022-06-25,22,She's All I Wanna Be,Tate McRae,25,22,4
2022-06-25,23,Levitating,Dua Lipa,-,14,15
2022-06-25,24,Yet To Come,BTS,-,24,1
2022-06-25,25,Bam Bam,Camila Cabello Featuring Ed Sheeran,-,13,11
2022-07-02,1,Glimpse Of Us,Joji,3,1,2
2022-07-02,2,Running Up That Hill (A Deal With God),Kate Bush,1,1,4
2022-07-02,3,As It Was,Harry Styles,2,1,12
2022-07-02,4,Jimmy Cooks,Drake Featuring 21 Savage,-,4,1
2022-07-02,5,First Class,Jack Harlow,4,1,11
2022-07-02,6,About Damn Time,Lizzo,5,3,8
2022-07-02,7,Heat Waves,Glass Animals,7,1,20
2022-07-02,8,Falling Back,Drake,-,8,1
2022-07-02,9,Vegas,Doja Cat,11,9,3
2022-07-02,10,Thousand Miles,The Kid Laroi,6,4,9
2022-07-02,11,Sticky,Drake,-,11,1
2022-07-02,12,I Like You (A Happier Song),Post Malone Featuring Doja Cat,9,8,3
2022-07-02,13,Stay,The Kid Laroi & Justin Bieber,8,2,20
2022-07-02,14,Late Night Talking,Harry Styles,10,2,5
2022-07-02,15,Massive,Drake,-,15,1
2022-07-02,16,Bad Habits,Ed Sheeran,13,2,20
2022-07-02,17,Cold Heart (PNAU Remix),Elton John & Dua Lipa,12,2,20
2022-07-02,18,Shivers,Ed Sheeran,15,5,20
2022-07-02,19,Big Energy,Latto,14,9,9
2022-07-02,20,Where Are You Now,Lost Frequencies & Calum Scott,16,7,20
2022-07-02,21,Wait For U,Future Featuring Drake & Tems,19,12,7
2022-07-02,22,Texts Go Green,Drake,-,22,1
2022-07-02,23,Ghost,Justin Bieber,18,10,19
2022-07-02,24,I Ain't Worried,OneRepublic,-,24,1
2022-07-02,25,Cooped Up,Post Malone Featuring Roddy Ricch,17,10,5
2022-07-09,1,Glimpse Of Us,Joji,1,1,3
2022-07-09,2,Running Up That Hill (A Deal With God),Kate Bush,2,1,5
2022-07-09,3,As It Was,Harry Styles,3,1,13
2022-07-09,4,Vegas,Doja Cat,9,4,4
2022-07-09,5,Heat Waves,Glass Animals,7,1,21
2022-07-09,6,About Damn Time,Lizzo,6,3,9
2022-07-09,7,First Class,Jack Harlow,5,1,12
2022-07-09,8,Jimmy Cooks,Drake Featuring 21 Savage,4,4,2
2022-07-09,9,Break My Soul,Beyonce,-,9,1
2022-07-09,10,Stay,The Kid Laroi & Justin Bieber,13,2,21
2022-07-09,11,I Like You (A Happier Song),Post Malone Featuring Doja Cat,12,8,4
2022-07-09,12,Thousand Miles,The Kid Laroi,10,4,10
2022-07-09,13,Bad Habits,Ed Sheeran,16,2,21
2022-07-09,14,Cold Heart (PNAU Remix),Elton John & Dua Lipa,17,2,21
2022-07-09,15,Shivers,Ed Sheeran,18,5,21
2022-07-09,16,Late Night Talking,Harry Styles,14,2,6
2022-07-09,17,I Ain't Worried,OneRepublic,24,17,2
2022-07-09,18,Big Energy,Latto,19,9,10
2022-07-09,19,Where Are You Now,Lost Frequencies & Calum Scott,20,7,21
2022-07-09,20,Massive,Drake,15,15,2
2022-07-09,21,Wait For U,Future Featuring Drake & Tems,21,12,8
2022-07-09,22,Ghost,Justin Bieber,23,10,20
2022-07-09,23,Left And Right,Charlie Puth Featuring Jung Kook,-,23,1
2022-07-09,24,Sunroof,Nicky Youre & dazy,-,24,1
2022-07-09,25,Sticky,Drake,11,11,2
2022-07-16,1,Running Up That Hill (A Deal With God),Kate Bush,2,1,6
2022-07-16,2,Glimpse Of Us,Joji,1,1,4
2022-07-16,3,As It Was,Harry Styles,3,1,14
2022-07-16,4,Vegas,Doja Cat,4,4,5
2022-07-16,5,Heat Waves,Glass Animals,5,1,22
2022-07-16,6,About Damn Time,Lizzo,6,3,10
2022-07-16,7,First Class,Jack Harlow,7,1,13
2022-07-16,8,Jimmy Cooks,Drake Featuring 21 Savage,8,4,3
2022-07-16,9,I Ain't Worried,OneRepublic,17,9,3
2022-07-16,10,Stay,The Kid Laroi & Justin Bieber,10,2,22
2022-07-16,11,I Like You (A Happier Song),Post Malone Featuring Doja Cat,11,8,5
2022-07-16,12,Break My Soul,Beyonce,9,9,2
2022-07-16,13,Thousand Miles,The Kid Laroi,12,4,11
2022-07-16,14,Cold Heart (PNAU Remix),Elton John & Dua Lipa,14,2,22
2022-07-16,15,Bad Habits,Ed Sheeran,13,2,22
2022-07-16,16,Shivers,Ed Sheeran,15,5,22
2022-07-16,17,Left And Right,Charlie Puth Featuring Jung Kook,23,17,2
2022-07-16,18,Late Night Talking,Harry Styles,16,2,7
2022-07-16,19,Big Energy,Latto,18,9,11
2022-07-16,20,Sunroof,Nicky Youre & dazy,24,20,2
2022-07-16,21,Ghost,Justin Bieber,22,10,21
2022-07-16,22,Where Are You Now,Lost Frequencies & Calum Scott,19,7,22
2022-07-16,23,Master Of Puppets,Metallica,-,23,1
2022-07-16,24,Massive,Drake,20,15,3
2022-07-16,25,Wait For U,Future Featuring Drake & Tems,21,12,9
2022-07-23,1,Running Up That Hill (A Deal With God),Kate Bush,1,1,7
2022-07-23,2,Glimpse Of Us,Joji,2,1,5
2022-07-23,3,As It Was,Harry Styles,3,1,15
2022-07-23,4,Heat Waves,Glass Animals,5,1,23
2022-07-23,5,Vegas,Doja Cat,4,4,6
2022-07-23,6,About Damn Time,Lizzo,6,3,11
2022-07-23,7,I Ain't Worried,OneRepublic,9,7,4
2022-07-23,8,First Class,Jack Harlow,7,1,14
2022-07-23,9,I Like You (A Happier Song),Post Malone Featuring Doja Cat,11,8,6
2022-07-23,10,Jimmy Cooks,Drake Featuring 21 Savage,8,4,4
2022-07-23,11,Stay,The Kid Laroi & Justin Bieber,10,2,23
2022-07-23,12,Cold Heart (PNAU Remix),Elton John & Dua Lipa,14,2,23
2022-07-23,13,Bad Habits,Ed Sheeran,15,2,23
2022-07-23,14,Thousand Miles,The Kid Laroi,13,4,12
2022-07-23,15,Shivers,Ed Sheeran,16,5,23
2022-07-23,16,Break My Soul,Beyonce,12,9,3
2022-07-23,17,Late Night Talking,Harry Styles,18,2,8
2022-07-23,18,Sunroof,Nicky Youre & dazy,20,18,3
2022-07-23,19,Master Of Puppets,Metallica,23,19,2
2022-07-23,20,Big Energy,Latto,19,9,12
2022-07-23,21,Ghost,Justin Bieber,21,10,22
2022-07-23,22,Where Are You Now,Lost Frequencies & Calum Scott,22,7,23
2022-07-23,23,Left And Right,Charlie Puth Featuring Jung Kook,17,17,3
2022-07-23,24,Wait For U,Future Featuring Drake & Tems,25,12,10
2022-07-23,25,Paris To Tokyo,Fivio Foreign & The Kid Laroi,-,25,1
2022-07-30,1,Running Up That Hill (A Deal With God),Kate Bush,1,1,8
2022-07-30,2,As It Was,Harry Styles,3,1,16
2022-07-30,3,Glimpse Of Us,Joji,2,1,6
2022-07-30,4,Heat Waves,Glass Animals,4,1,24
2022-07-30,5,About Damn Time,Lizzo,6,3,12
2022-07-30,6,Vegas,Doja Cat,5,4,7
2022-07-30,7,Bad Habit,Steve Lacy,-,7,1
2022-07-30,8,I Ain't Worried,OneRepublic,7,7,5
2022-07-30,9,First Class,Jack Harlow,8,1,15
2022-07-30,10,I Like You (A Happier Song),Post Malone Featuring Doja Cat,9,8,7
2022-07-30,11,Stay,The Kid Laroi & Justin Bieber,11,2,24
2022-07-30,12,Jimmy Cooks,Drake Featuring 21 Savage,10,4,5
2022-07-30,13,Cold Heart (PNAU Remix),Elton John & Dua Lipa,12,2,24
2022-07-30,14,Bad Habits,Ed Sheeran,13,2,24
2022-07-30,15,Shivers,Ed Sheeran,15,5,24
2022-07-30,16,Sunroof,Nicky Youre & dazy,18,16,4
2022-07-30,17,Thousand Miles,The Kid Laroi,14,4,13
2022-07-30,18,Late Night Talking,Harry Styles,17,2,9
2022-07-30,19,Break My Soul,Beyonce,16,9,4
2022-07-30,20,Big Energy,Latto,20,9,13
2022-07-30,21,Where Are You Now,Lost Frequencies & Calum Scott,22,7,24
2022-07-30,22,Ghost,Justin Bieber,21,10,23
2022-07-30,23,Master Of Puppets,Metallica,19,19,3
2022-07-30,24,She's All I Wanna Be,Tate McRae,-,22,5
2022-07-30,25,Wait For U,Future Featuring Drake & Tems,24,12,11
2022-08-06,1,Running Up That Hill (A Deal With God),Kate Bush,1,1,9
2022-08-06,2,As It Was,Harry Styles,2,1,17
2022-08-06,3,Glimpse Of Us,Joji,3,1,7
2022-08-06,4,Heat Waves,Glass Animals,4,1,25
2022-08-06,5,Bad Habit,Steve Lacy,7,5,2
2022-08-06,6,Doja,Central Cee,-,6,1
2022-08-06,7,I Ain't Worried,OneRepublic,8,7,6
2022-08-06,8,First Class,Jack Harlow,9,1,16
2022-08-06,9,Vegas,Doja Cat,6,4,8
2022-08-06,10,About Damn Time,Lizzo,5,3,13
2022-08-06,11,I Like You (A Happier Song),Post Malone Featuring Doja Cat,10,8,8
2022-08-06,12,Stay,The Kid Laroi & Justin Bieber,11,2,25
2022-08-06,13,Jimmy Cooks,Drake Featuring 21 Savage,12,4,6
2022-08-06,14,Cold Heart (PNAU Remix),Elton John & Dua Lipa,13,2,25
2022-08-06,15,Bad Habits,Ed Sheeran,14,2,25
2022-08-06,16,Shivers,Ed Sheeran,15,5,25
2022-08-06,17,Sunroof,Nicky Youre & dazy,16,16,5
2022-08-06,18,Thousand Miles,The Kid Laroi,17,4,14
2022-08-06,19,Break My Soul,Beyonce,19,9,5
2022-08-06,20,Late Night Talking,Harry Styles,18,2,10
2022-08-06,21,Big Energy,Latto,20,9,14
2022-08-06,22,Ghost,Justin Bieber,22,10,24
2022-08-06,23,TV,Billie Eilish,-,23,1
2022-08-06,24,Where Are You Now,Lost Frequencies & Calum Scott,21,7,25
2022-08-06,25,Betty (Get Money),Yung Gravy,-,25,1
2022-08-13,1,Running Up That Hill (A Deal With God),Kate Bush,1,1,10
2022-08-13,2,As It Was,Harry Styles,2,1,18
2022-08-13,3,Bad Habit,Steve Lacy,5,3,3
2022-08-13,4,Doja,Central Cee,6,4,2
2022-08-13,5,Heat Waves,Glass Animals,4,1,26
2022-08-13,6,Glimpse Of Us,Joji,3,1,8
2022-08-13,7,I Ain't Worried,OneRepublic,7,7,7
2022-08-13,8,Break My Soul,Beyonce,19,8,6
2022-08-13,9,I Like You (A Happier Song),Post Malone Featuring Doja Cat,11,8,9
2022-08-13,10,First Class,Jack Harlow,8,1,17
2022-08-13,11,Vegas,Doja Cat,9,4,9
2022-08-13,12,About Damn Time,Lizzo,10,3,14
2022-08-13,13,Stay,The Kid Laroi & Justin Bieber,12,2,26
2022-08-13,14,Cold Heart (PNAU Remix),Elton John & Dua Lipa,14,2,26
2022-08-13,15,Jimmy Cooks,Drake Featuring 21 Savage,13,4,7
2022-08-13,16,Sunroof,Nicky Youre & dazy,17,16,6
2022-08-13,17,Bad Habits,Ed Sheeran,15,2,26
2022-08-13,18,Shivers,Ed Sheeran,16,5,26
2022-08-13,19,Snap,Rosa Linn,-,19,1
2022-08-13,20,Late Night Talking,Harry Styles,20,2,11
2022-08-13,21,Thousand Miles,The Kid Laroi,18,4,15
2022-08-13,22,Ghost,Justin Bieber,22,10,25
2022-08-13,23,Big Energy,Latto,21,9,15
2022-08-13,24,Where Are You Now,Lost Frequencies & Calum Scott,24,7,26
2022-08-13,25,Under The Influence,Chris Brown,-,25,1
2022-08-20,1,Running Up That Hill (A Deal With God),Kate Bush,1,1,11
2022-08-20,2,As It Was,Harry Styles,2,1,19
2022-08-20,3,Bad Habit,Steve Lacy,3,3,4
2022-08-20,4,I Ain't Worried,OneRepublic,7,4,8
2022-08-20,5,Heat Waves,Glass Animals,5,1,27
2022-08-20,6,Doja,Central Cee,4,4,3
2022-08-20,7,Glimpse Of Us,Joji,6,1,9
2022-08-20,8,I Like You (A Happier Song),Post Malone Featuring Doja Cat,9,8,10
2022-08-20,9,About Damn Time,Lizzo,12,3,15
2022-08-20,10,Vegas,Doja Cat,11,4,10
2022-08-20,11,First Class,Jack Harlow,10,1,18
2022-08-20,12,Break My Soul,Beyonce,8,8,7
2022-08-20,13,Cold Heart (PNAU Remix),Elton John & Dua Lipa,14,2,27
2022-08-20,14,Stay,The Kid Laroi & Justin Bieber,13,2,27
2022-08-20,15,Sunroof,Nicky Youre & dazy,16,15,7
2022-08-20,16,Staying Alive,DJ Khaled Featuring Drake & Lil Baby,-,16,1
2022-08-20,17,Bad Habits,Ed Sheeran,17,2,27
2022-08-20,18,Shivers,Ed Sheeran,18,5,27
2022-08-20,19,Jimmy Cooks,Drake Featuring 21 Savage,15,4,8
2022-08-20,20,Snap,Rosa Linn,19,19,2
2022-08-20,21,Under The Influence,Chris Brown,25,21,2
2022-08-20,22,Late Night Talking,Harry Styles,20,2,12
2022-08-20,23,Ghost,Justin Bieber,22,10,26
2022-08-20,24,Where Are You Now,Lost Frequencies & Calum Scott,24,7,27
2022-08-20,25,Mr. Brightside,The Killers,-,25,1
2022-08-27,1,As It Was,Harry Styles,2,1,20
2022-08-27,2,Bad Habit,Steve Lacy,3,2,5
2022-08-27,3,Running Up That Hill (A Deal With God),Kate Bush,1,1,12
2022-08-27,4,Heat Waves,Glass Animals,5,1,28
2022-08-27,5,I Ain't Worried,OneRepublic,4,4,9
2022-08-27,6,Super Freaky Girl,Nicki Minaj,-,6,1
2022-08-27,7,Doja,Central Cee,6,4,4
2022-08-27,8,Glimpse Of Us,Joji,7,1,10
2022-08-27,9,I Like You (A Happier Song),Post Malone Featuring Doja Cat,8,8,11
2022-08-27,10,About Damn Time,Lizzo,9,3,16
2022-08-27,11,Vegas,Doja Cat,10,4,11
2022-08-27,12,Sunroof,Nicky Youre & dazy,15,12,8
2022-08-27,13,First Class,Jack Harlow,11,1,19
2022-08-27,14,Cold Heart (PNAU Remix),Elton John & Dua Lipa,13,2,28
2022-08-27,15,Stay,The Kid Laroi & Justin Bieber,14,2,28
2022-08-27,16,Break My Soul,Beyonce,12,8,8
2022-08-27,17,Shivers,Ed Sheeran,18,5,28
2022-08-27,18,Snap,Rosa Linn,20,18,3
2022-08-27,19,Under The Influence,Chris Brown,21,19,3
2022-08-27,20,Bad Habits,Ed Sheeran,17,2,28
2022-08-27,21,Jimmy Cooks,Drake Featuring 21 Savage,19,4,9
2022-08-27,22,Late Night Talking,Harry Styles,22,2,13
2022-08-27,23,Ghost,Justin Bieber,23,10,27
2022-08-27,24,Staying Alive,DJ Khaled Featuring Drake & Lil Baby,16,16,2
2022-08-27,25,Mr. Brightside,The Killers,25,25,2
2022-09-03,1,Pink Venom,BLACKPINK,-,1,1
2022-09-03,2,Super Freaky Girl,Nicki Minaj,6,2,2
2022-09-03,3,As It Was,Harry Styles,1,1,21
2022-09-03,4,Bad Habit,Steve Lacy,2,2,6
2022-09-03,5,I Ain't Worried,OneRepublic,5,4,10
2022-09-03,6,Heat Waves,Glass Animals,4,1,29
2022-09-03,7,Running Up That Hill (A Deal With God),Kate Bush,3,1,13
2022-09-03,8,I Like You (A Happier Song),Post Malone Featuring Doja Cat,9,8,12
2022-09-03,9,Doja,Central Cee,7,4,5
2022-09-03,10,Sunroof,Nicky Youre & dazy,12,10,9
2022-09-03,11,About Damn Time,Lizzo,10,3,17
2022-09-03,12,Glimpse Of Us,Joji,8,1,11
2022-09-03,13,Vegas,Doja Cat,11,4,12
2022-09-03,14,Cold Heart (PNAU Remix),Elton John & Dua Lipa,14,2,29
2022-09-03,15,Stay,The Kid Laroi & Justin Bieber,15,2,29
2022-09-03,16,First Class,Jack Harlow,13,1,20
2022-09-03,17,Snap,Rosa Linn,18,17,4
2022-09-03,18,Shivers,Ed Sheeran,17,5,29
2022-09-03,19,Under The Influence,Chris Brown,19,19,4
2022-09-03,20,Break My Soul,Beyonce,16,8,9
2022-09-03,21,Bad Habits,Ed Sheeran,20,2,29
2022-09-03,22,Late Night Talking,Harry Styles,22,2,14
2022-09-03,23,Love Lost,Mac Miller,-,23,1
2022-09-03,24,Jimmy Cooks,Drake Featuring 21 Savage,21,4,10
2022-09-03,25,Where Are You Now,Lost Frequencies & Calum Scott,-,7,28
2022-09-10,1,Super Freaky Girl,Nicki Minaj,2,1,3
2022-09-10,2,I Ain't Worried,OneRepublic,5,2,11
2022-09-10,3,As It Was,Harry Styles,3,1,22
2022-09-10,4,Heat Waves,Glass Animals,6,1,30
2022-09-10,5,Bad Habit,Steve Lacy,4,2,7
2022-09-10,6,Running Up That Hill (A Deal With God),Kate Bush,7,1,14
2022-09-10,7,I Like You (A Happier Song),Post Malone Featuring Doja Cat,8,7,13
2022-09-10,8,Pink Venom,BLACKPINK,1,1,2
2022-09-10,9,Sunroof,Nicky Youre & dazy,10,9,10
2022-09-10,10,About Damn Time,Lizzo,11,3,18
2022-09-10,11,Glimpse Of Us,Joji,12,1,12
2022-09-10,12,Under The Influence,Chris Brown,19,12,5
2022-09-10,13,Cold Heart (PNAU Remix),Elton John & Dua Lipa,14,2,30
2022-09-10,14,Doja,Central Cee,9,4,6
2022-09-10,15,Vegas,Doja Cat,13,4,13
2022-09-10,16,Hold Me Closer,Elton John & Britney Spears,-,16,1
2022-09-10,17,Stay,The Kid Laroi & Justin Bieber,15,2,30
2022-09-10,18,First Class,Jack Harlow,16,1,21
2022-09-10,19,Shivers,Ed Sheeran,18,5,30
2022-09-10,20,Snap,Rosa Linn,17,17,5
2022-09-10,21,I'm Good (Blue),David Guetta & Bebe Rexha,-,21,1
2022-09-10,22,Bad Habits,Ed Sheeran,21,2,30
2022-09-10,23,Afraid To Feel,LF SYSTEM,-,23,1
2022-09-10,24,Break My Soul,Beyonce,20,8,10
2022-09-10,25,Late Night Talking,Harry Styles,22,2,15
2022-09-17,1,Super Freaky Girl,Nicki Minaj,1,1,4
2022-09-17,2,I Ain't Worried,OneRepublic,2,2,12
2022-09-17,3,I'm Good (Blue),David Guetta & Bebe Rexha,21,3,2
2022-09-17,4,As It Was,Harry Styles,3,1,23
2022-09-17,5,Heat Waves,Glass Animals,4,1,31
2022-09-17,6,Bad Habit,Steve Lacy,5,2,8
2022-09-17,7,I Like You (A Happier Song),Post Malone Featuring Doja Cat,7,7,14
2022-09-17,8,Under The Influence,Chris Brown,12,8,6
2022-09-17,9,Sunroof,Nicky Youre & dazy,9,9,11
2022-09-17,10,Running Up That Hill (A Deal With God),Kate Bush,6,1,15
2022-09-17,11,Hold Me Closer,Elton John & Britney Spears,16,11,2
2022-09-17,12,About Damn Time,Lizzo,10,3,19
2022-09-17,13,Vegas,Doja Cat,15,4,14
2022-09-17,14,Doja,Central Cee,14,4,7
2022-09-17,15,Glimpse Of Us,Joji,11,1,13
2022-09-17,16,B.O.T.A. (Baddest Of Them All),Eliza Rose & Interplanetary Criminal,-,16,1
2022-09-17,17,Snap,Rosa Linn,20,17,6
2022-09-17,18,Stay,The Kid Laroi & Justin Bieber,17,2,31
2022-09-17,19,Cold Heart (PNAU Remix),Elton John & Dua Lipa,13,2,31
2022-09-17,20,Shivers,Ed Sheeran,19,5,31
2022-09-17,21,First Class,Jack Harlow,18,1,22
2022-09-17,22,Pink Venom,BLACKPINK,8,1,3
2022-09-17,23,Late Night Talking,Harry Styles,25,2,16
2022-09-17,24,Afraid To Feel,LF SYSTEM,23,23,2
2022-09-17,25,Bad Habits,Ed Sheeran,22,2,31
2022-09-24,1,Super Freaky Girl,Nicki Minaj,1,1,5
2022-09-24,2,I'm Good (Blue),David Guetta & Bebe Rexha,3,2,3
2022-09-24,3,I Ain't Worried,OneRepublic,2,2,13
2022-09-24,4,As It Was,Harry Styles,4,1,24
2022-09-24,5,B.O.T.A. (Baddest Of Them All),Eliza Rose & Interplanetary Criminal,16,5,2
2022-09-24,6,Heat Waves,Glass Animals,5,1,32
2022-09-24,7,Bad Habit,Steve Lacy,6,2,9
2022-09-24,8,Under The Influence,Chris Brown,8,8,7
2022-09-24,9,I Like You (A Happier Song),Post Malone Featuring Doja Cat,7,7,15
2022-09-24,10,Sunroof,Nicky Youre & dazy,9,9,12
2022-09-24,11,Running Up That Hill (A Deal With God),Kate Bush,10,1,16
2022-09-24,12,About Damn Time,Lizzo,12,3,20
2022-09-24,13,Hold Me Closer,Elton John & Britney Spears,11,11,3
2022-09-24,14,Doja,Central Cee,14,4,8
2022-09-24,15,Vegas,Doja Cat,13,4,15
2022-09-24,16,Stay,The Kid Laroi & Justin Bieber,18,2,32
2022-09-24,17,Cold Heart (PNAU Remix),Elton John & Dua Lipa,19,2,32
2022-09-24,18,Glimpse Of Us,Joji,15,1,14
2022-09-24,19,Shivers,Ed Sheeran,20,5,32
2022-09-24,20,Snap,Rosa Linn,17,17,7
2022-09-24,21,First Class,Jack Harlow,21,1,23
2022-09-24,22,Afraid To Feel,LF SYSTEM,24,22,3
2022-09-24,23,Late Night Talking,Harry Styles,23,2,17
2022-09-24,24,Bad Habits,Ed Sheeran,25,2,32
2022-09-24,25,The Kind Of Love We Make,Luke Combs,-,25,1
2022-10-01,1,I'm Good (Blue),David Guetta & Bebe Rexha,2,1,4
2022-10-01,2,Super Freaky Girl,Nicki Minaj,1,1,6
2022-10-01,3,I Ain't Worried,OneRepublic,3,2,14
2022-10-01,4,B.O.T.A. (Baddest Of Them All),Eliza Rose & Interplanetary Criminal,5,4,3
2022-10-01,5,Shut Down,BLACKPINK,-,5,1
2022-10-01,6,As It Was,Harry Styles,4,1,25
2022-10-01,7,Heat Waves,Glass Animals,6,1,33
2022-10-01,8,Bad Habit,Steve Lacy,7,2,10
2022-10-01,9,Under The Influence,Chris Brown,8,8,8
2022-10-01,10,Sunroof,Nicky Youre & dazy,10,9,13
2022-10-01,11,I Like You (A Happier Song),Post Malone Featuring Doja Cat,9,7,16
2022-10-01,12,About Damn Time,Lizzo,12,3,21
2022-10-01,13,Doja,Central Cee,14,4,9
2022-10-01,14,Hold Me Closer,Elton John & Britney Spears,13,11,4
2022-10-01,15,Running Up That Hill (A Deal With God),Kate Bush,11,1,17
2022-10-01,16,Cold Heart (PNAU Remix),Elton John & Dua Lipa,17,2,33
2022-10-01,17,Stay,The Kid Laroi & Justin Bieber,16,2,33
2022-10-01,18,Shivers,Ed Sheeran,19,5,33
2022-10-01,19,Pink Venom,BLACKPINK,-,1,4
2022-10-01,20,Snap,Rosa Linn,20,17,8
2022-10-01,21,Afraid To Feel,LF SYSTEM,22,21,4
2022-10-01,22,Vegas,Doja Cat,15,4,16
2022-10-01,23,Glimpse Of Us,Joji,18,1,15
2022-10-01,24,First Class,Jack Harlow,21,1,24
2022-10-01,25,Bad Habits,Ed Sheeran,24,2,33
2022-10-08,1,Unholy,Sam Smith & Kim Petras,-,1,1
2022-10-08,2,I'm Good (Blue),David Guetta & Bebe Rexha,1,1,5
2022-10-08,3,I Ain't Worried,OneRepublic,3,2,15
2022-10-08,4,Super Freaky Girl,Nicki Minaj,2,1,7
2022-10-08,5,B.O.T.A. (Baddest Of Them All),Eliza Rose & Interplanetary Criminal,4,4,4
2022-10-08,6,As It Was,Harry Styles,6,1,26
2022-10-08,7,Heat Waves,Glass Animals,7,1,34
2022-10-08,8,Bad Habit,Steve Lacy,8,2,11
2022-10-08,9,Under The Influence,Chris Brown,9,8,9
2022-10-08,10,I Like You (A Happier Song),Post Malone Featuring Doja Cat,11,7,17
2022-10-08,11,Sunroof,Nicky Youre & dazy,10,9,14
2022-10-08,12,Doja,Central Cee,13,4,10
2022-10-08,13,About Damn Time,Lizzo,12,3,22
2022-10-08,14,Hold Me Closer,Elton John & Britney Spears,14,11,5
2022-10-08,15,2 Be Loved (Am I Ready),Lizzo,-,15,1
2022-10-08,16,Stay,The Kid Laroi & Justin Bieber,17,2,34
2022-10-08,17,Shut Down,BLACKPINK,5,5,2
2022-10-08,18,Cold Heart (PNAU Remix),Elton John & Dua Lipa,16,2,34
2022-10-08,19,Running Up That Hill (A Deal With God),Kate Bush,15,1,18
2022-10-08,20,Afraid To Feel,LF SYSTEM,21,20,5
2022-10-08,21,Snap,Rosa Linn,20,17,9
2022-10-08,22,Cuff It,Beyonce,-,22,1
2022-10-08,23,Star Walkin' (League Of Legends Worlds Anthem),Lil Nas X,-,23,1
2022-10-08,24,Vegas,Doja Cat,22,4,17
2022-10-08,25,Shivers,Ed Sheeran,18,5,34
2022-10-15,1,Unholy,Sam Smith & Kim Petras,1,1,2
2022-10-15,2,I'm Good (Blue),David Guetta & Bebe Rexha,2,1,6
2022-10-15,3,I Ain't Worried,OneRepublic,3,2,16
2022-10-15,4,B.O.T.A. (Baddest Of Them All),Eliza Rose & Interplanetary Criminal,5,4,5
2022-10-15,5,Super Freaky Girl,Nicki Minaj,4,1,8
2022-10-15,6,Bad Habit,Steve Lacy,8,2,12
2022-10-15,7,As It Was,Harry Styles,6,1,27
2022-10-15,8,Heat Waves,Glass Animals,7,1,35
2022-10-15,9,Under The Influence,Chris Brown,9,8,10
2022-10-15,10,Sunroof,Nicky Youre & dazy,11,9,15
2022-10-15,11,Doja,Central Cee,12,4,11
2022-10-15,12,I Like You (A Happier Song),Post Malone Featuring Doja Cat,10,7,18
2022-10-15,13,2 Be Loved (Am I Ready),Lizzo,15,13,2
2022-10-15,14,Cuff It,Beyonce,22,14,2
2022-10-15,15,About Damn Time,Lizzo,13,3,23
2022-10-15,16,Stay,The Kid Laroi & Justin Bieber,16,2,35
2022-10-15,17,Hold Me Closer,Elton John & Britney Spears,14,11,6
2022-10-15,18,Cold Heart (PNAU Remix),Elton John & Dua Lipa,18,2,35
2022-10-15,19,Afraid To Feel,LF SYSTEM,20,19,6
2022-10-15,20,Snap,Rosa Linn,21,17,10
2022-10-15,21,Shivers,Ed Sheeran,25,5,35
2022-10-15,22,Bad Habits,Ed Sheeran,-,2,34
2022-10-15,23,Star Walkin' (League Of Legends Worlds Anthem),Lil Nas X,23,23,2
2022-10-15,24,Vegas,Doja Cat,24,4,18
2022-10-15,25,The Kind Of Love We Make,Luke Combs,-,25,2
2022-10-22,1,Unholy,Sam Smith & Kim Petras,1,1,3
2022-10-22,2,I'm Good (Blue),David Guetta & Bebe Rexha,2,1,7
2022-10-22,3,I Ain't Worried,OneRepublic,3,2,17
2022-10-22,4,B.O.T.A. (Baddest Of Them All),Eliza Rose & Interplanetary Criminal,4,4,6
2022-10-22,5,Bad Habit,Steve Lacy,6,2,13
2022-10-22,6,Super Freaky Girl,Nicki Minaj,5,1,9
2022-10-22,7,As It Was,Harry Styles,7,1,28
2022-10-22,8,Cuff It,Beyonce,14,8,3
2022-10-22,9,Heat Waves,Glass Animals,8,1,36
2022-10-22,10,Under The Influence,Chris Brown,9,8,11
2022-10-22,11,Sunroof,Nicky Youre & dazy,10,9,16
2022-10-22,12,I Like You (A Happier Song),Post Malone Featuring Doja Cat,12,7,19
2022-10-22,13,Doja,Central Cee,11,4,12
2022-10-22,14,2 Be Loved (Am I Ready),Lizzo,13,13,3
2022-10-22,15,Something In The Orange,Zach Bryan,-,15,1
2022-10-22,16,Hold Me Closer,Elton John & Britney Spears,17,11,7
2022-10-22,17,About Damn Time,Lizzo,15,3,24
2022-10-22,18,Stay,The Kid Laroi & Justin Bieber,16,2,36
2022-10-22,19,Afraid To Feel,LF SYSTEM,19,19,7
2022-10-22,20,Snap,Rosa Linn,20,17,11
2022-10-22,21,Cold Heart (PNAU Remix),Elton John & Dua Lipa,18,2,36
2022-10-22,22,Shivers,Ed Sheeran,21,5,36
2022-10-22,23,Vegas,Doja Cat,24,4,19
2022-10-22,24,Another Love,Tom Odell,-,24,1
2022-10-22,25,The Kind Of Love We Make,Luke Combs,25,25,3
2022-10-29,1,Unholy,Sam Smith & Kim Petras,1,1,4
2022-10-29,2,I'm Good (Blue),David Guetta & Bebe Rexha,2,1,8
2022-10-29,3,I Ain't Worried,OneRepublic,3,2,18
2022-10-29,4,Miss You,Oliver Tree & Robin Schulz,-,4,1
2022-10-29,5,B.O.T.A. (Baddest Of Them All),Eliza Rose & Interplanetary Criminal,4,4,7
2022-10-29,6,Bad Habit,Steve Lacy,5,2,14
2022-10-29,7,Super Freaky Girl,Nicki Minaj,6,1,10
2022-10-29,8,As It Was,Harry Styles,7,1,29
2022-10-29,9,Under The Influence,Chris Brown,10,8,12
2022-10-29,10,Cuff It,Beyonce,8,8,4
2022-10-29,11,Heat Waves,Glass Animals,9,1,37
2022-10-29,12,Sunroof,Nicky Youre & dazy,11,9,17
2022-10-29,13,2 Be Loved (Am I Ready),Lizzo,14,13,4
2022-10-29,14,Something In The Orange,Zach Bryan,15,14,2
2022-10-29,15,I Like You (A Happier Song),Post Malone Featuring Doja Cat,12,7,20
2022-10-29,16,Doja,Central Cee,13,4,13
2022-10-29,17,Afraid To Feel,LF SYSTEM,19,17,8
2022-10-29,18,Snap,Rosa Linn,20,17,12
2022-10-29,19,About Damn Time,Lizzo,17,3,25
2022-10-29,20,Stay,The Kid Laroi & Justin Bieber,18,2,37
2022-10-29,21,Hold Me Closer,Elton John & Britney Spears,16,11,8
2022-10-29,22,Cold Heart (PNAU Remix),Elton John & Dua Lipa,21,2,37
2022-10-29,23,Another Love,Tom Odell,24,23,2
2022-10-29,24,Shivers,Ed Sheeran,22,5,37
2022-10-29,25,The Kind Of Love We Make,Luke Combs,25,25,4
2022-11-05,1,Anti-Hero,Taylor Swift,-,1,1
2022-11-05,2,Lavender Haze,Taylor Swift,-,2,1
2022-11-05,3,Snow On The Beach,Taylor Swift Featuring Lana Del Rey,-,3,1
2022-11-05,4,Maroon,Taylor Swift,-,4,1
2022-11-05,5,Midnight Rain,Taylor Swift,-,5,1
2022-11-05,6,"You're On Your Own, Kid",Taylor Swift,-,6,1
2022-11-05,7,Unholy,Sam Smith & Kim Petras,1,1,5
2022-11-05,8,Karma,Taylor Swift Featuring Ice Spice,-,8,1
2022-11-05,9,Bejeweled,Taylor Swift,-,9,1
2022-11-05,10,Vigilante Shit,Taylor Swift,-,10,1
2022-11-05,11,Question...?,Taylor Swift,-,11,1
2022-11-05,12,Mastermind,Taylor Swift,-,12,1
2022-11-05,13,Labyrinth,Taylor Swift,-,13,1
2022-11-05,14,I'm Good (Blue),David Guetta & Bebe Rexha,2,1,9
2022-11-05,15,Sweet Nothing,Taylor Swift,-,15,1
2022-11-05,16,I Ain't Worried,OneRepublic,3,2,19
2022-11-05,17,Miss You,Oliver Tree & Robin Schulz,4,4,2
2022-11-05,18,Bad Habit,Steve Lacy,6,2,15
2022-11-05,19,B.O.T.A. (Baddest Of Them All),Eliza Rose & Interplanetary Criminal,5,4,8
2022-11-05,20,As It Was,Harry Styles,8,1,30
2022-11-05,21,Under The Influence,Chris Brown,9,8,13
2022-11-05,22,Super Freaky Girl,Nicki Minaj,7,1,11
2022-11-05,23,Cuff It,Beyonce,10,8,5
2022-11-05,24,"Would've, Could've, Should've",Taylor Swift,-,24,1
2022-11-05,25,Heat Waves,Glass Animals,11,1,38
2022-11-12,1,Anti-Hero,Taylor Swift,1,1,2
2022-11-12,2,Unholy,Sam Smith & Kim Petras,7,1,6
2022-11-12,3,Lavender Haze,Taylor Swift,2,2,2
2022-11-12,4,Miss You,Oliver Tree & Robin Schulz,17,4,3
2022-11-12,5,I'm Good (Blue),David Guetta & Bebe Rexha,14,1,10
2022-11-12,6,Midnight Rain,Taylor Swift,5,5,2
2022-11-12,7,I Ain't Worried,OneRepublic,16,2,20
2022-11-12,8,Maroon,Taylor Swift,4,4,2
2022-11-12,9,Snow On The Beach,Taylor Swift Featuring Lana Del Rey,3,3,2
2022-11-12,10,"You're On Your Own, Kid",Taylor Swift,6,6,2
2022-11-12,11,Bejeweled,Taylor Swift,9,9,2
2022-11-12,12,Karma,Taylor Swift Featuring Ice Spice,8,8,2
2022-11-12,13,Bad Habit,Steve Lacy,18,2,16
2022-11-12,14,Lift Me Up,Rihanna,-,14,1
2022-11-12,15,B.O.T.A. (Baddest Of Them All),Eliza Rose & Interplanetary Criminal,19,4,9
2022-11-12,16,Vigilante Shit,Taylor Swift,10,10,2
2022-11-12,17,As It Was,Harry Styles,20,1,31
2022-11-12,18,Question...?,Taylor Swift,11,11,2
2022-11-12,19,Made You Look,Meghan Trainor,-,19,1
2022-11-12,20,Shirt,SZA,-,20,1
2022-11-12,21,Under The Influence,Chris Brown,21,8,14
2022-11-12,22,Super Freaky Girl,Nicki Minaj,22,1,12
2022-11-12,23,Cuff It,Beyonce,23,8,6
2022-11-12,24,Mastermind,Taylor Swift,12,12,2
2022-11-12,25,Heat Waves,Glass Animals,25,1,39
2022-11-19,1,Anti-Hero,Taylor Swift,1,1,3
2022-11-19,2,Unholy,Sam Smith & Kim Petras,2,1,7
2022-11-19,3,Rich Flex,Drake & 21 Savage,-,3,1
2022-11-19,4,I'm Good (Blue),David Guetta & Bebe Rexha,5,1,11
2022-11-19,5,Miss You,Oliver Tree & Robin Schulz,4,4,4
2022-11-19,6,Pussy & Millions,Drake & 21 Savage Featuring Travis Scott,-,6,1
2022-11-19,7,I Ain't Worried,OneRepublic,7,2,21
2022-11-19,8,Major Distribution,Drake & 21 Savage,-,8,1
2022-11-19,9,Lavender Haze,Taylor Swift,3,2,3
2022-11-19,10,Circo Loco,Drake & 21 Savage,-,10,1
2022-11-19,11,On BS,Drake & 21 Savage,-,11,1
2022-11-19,12,Bad Habit,Steve Lacy,13,2,17
2022-11-19,13,B.O.T.A. (Baddest Of Them All),Eliza Rose & Interplanetary Criminal,15,4,10
2022-11-19,14,As It Was,Harry Styles,17,1,32
2022-11-19,15,Midnight Rain,Taylor Swift,6,5,3
2022-11-19,16,Spin Bout U,Drake & 21 Savage,-,16,1
2022-11-19,17,Made You Look,Meghan Trainor,19,17,2
2022-11-19,18,Maroon,Taylor Swift,8,4,3
2022-11-19,19,Bejeweled,Taylor Swift,11,9,3
2022-11-19,20,"You're On Your Own, Kid",Taylor Swift,10,6,3
2022-11-19,21,Snow On The Beach,Taylor Swift Featuring Lana Del Rey,9,3,3
2022-11-19,22,Privileged Rappers,Drake & 21 Savage,-,22,1
2022-11-19,23,Karma,Taylor Swift Featuring Ice Spice,12,8,3
2022-11-19,24,Cuff It,Beyonce,23,8,7
2022-11-19,25,Under The Influence,Chris Brown,21,8,15
2022-11-26,1,Anti-Hero,Taylor Swift,1,1,4
2022-11-26,2,Unholy,Sam Smith & Kim Petras,2,1,8
2022-11-26,3,Rich Flex,Drake & 21 Savage,3,3,2
2022-11-26,4,Miss You,Oliver Tree & Robin Schulz,5,4,5
2022-11-26,5,I'm Good (Blue),David Guetta & Bebe Rexha,4,1,12
2022-11-26,6,I Ain't Worried,OneRepublic,7,2,22
2022-11-26,7,Made You Look,Meghan Trainor,17,7,3
2022-11-26,8,Bad Habit,Steve Lacy,12,2,18
2022-11-26,9,Lavender Haze,Taylor Swift,9,2,4
2022-11-26,10,B.O.T.A. (Baddest Of Them All),Eliza Rose & Interplanetary Criminal,13,4,11
2022-11-26,11,As It Was,Harry Styles,14,1,33
2022-11-26,12,Cuff It,Beyonce,24,8,8
2022-11-26,13,Heat Waves,Glass Animals,-,1,40
2022-11-26,14,Midnight Rain,Taylor Swift,15,5,4
2022-11-26,15,Something In The Orange,Zach Bryan,-,14,3
2022-11-26,16,Under The Influence,Chris Brown,25,8,16
2022-11-26,17,2 Be Loved (Am I Ready),Lizzo,-,13,5
2022-11-26,18,Sunroof,Nicky Youre & dazy,-,9,18
2022-11-26,19,Super Freaky Girl,Nicki Minaj,-,1,13
2022-11-26,20,Another Love,Tom Odell,-,20,3
2022-11-26,21,Cold Heart (PNAU Remix),Elton John & Dua Lipa,-,2,38
2022-11-26,22,Lift Me Up,Rihanna,-,14,2
2022-11-26,23,Maroon,Taylor Swift,18,4,4
2022-11-26,24,Circo Loco,Drake & 21 Savage,10,10,2
2022-11-26,25,Bejeweled,Taylor Swift,19,9,4
2022-12-03,1,Anti-Hero,Taylor Swift,1,1,5
2022-12-03,2,Unholy,Sam Smith & Kim Petras,2,1,9
2022-12-03,3,Rich Flex,Drake & 21 Savage,3,3,3
2022-12-03,4,Miss You,Oliver Tree & Robin Schulz,4,4,6
2022-12-03,5,I'm Good (Blue),David Guetta & Bebe Rexha,5,1,13
2022-12-03,6,Made You Look,Meghan Trainor,7,6,4
2022-12-03,7,I Ain't Worried,OneRepublic,6,2,23
2022-12-03,8,Bad Habit,Steve Lacy,8,2,19
2022-12-03,9,As It Was,Harry Styles,11,1,34
2022-12-03,10,B.O.T.A. (Baddest Of Them All),Eliza Rose & Interplanetary Criminal,10,4,12
2022-12-03,11,Heat Waves,Glass Animals,13,1,41
2022-12-03,12,Lavender Haze,Taylor Swift,9,2,5
2022-12-03,13,Cuff It,Beyonce,12,8,9
2022-12-03,14,Something In The Orange,Zach Bryan,15,14,4
2022-12-03,15,Under The Influence,Chris Brown,16,8,17
2022-12-03,16,How Do I Say Goodbye,Dean Lewis,-,16,1
2022-12-03,17,2 Be Loved (Am I Ready),Lizzo,17,13,6
2022-12-03,18,Another Love,Tom Odell,20,18,4
2022-12-03,19,Sunroof,Nicky Youre & dazy,18,9,19
2022-12-03,20,Super Freaky Girl,Nicki Minaj,19,1,14
2022-12-03,21,Cold Heart (PNAU Remix),Elton John & Dua Lipa,21,2,39
2022-12-03,22,Shivers,Ed Sheeran,-,5,38
2022-12-03,23,Golden Hour,JVKE,-,23,1
2022-12-03,24,Afraid To Feel,LF SYSTEM,-,17,9
2022-12-03,25,Midnight Rain,Taylor Swift,14,5,5
2022-12-10,1,Unholy,Sam Smith & Kim Petras,2,1,10
2022-12-10,2,Anti-Hero,Taylor Swift,1,1,6
2022-12-10,3,Miss You,Oliver Tree & Robin Schulz,4,3,7
2022-12-10,4,Rich Flex,Drake & 21 Savage,3,3,4
2022-12-10,5,I'm Good (Blue),David Guetta & Bebe Rexha,5,1,14
2022-12-10,6,Made You Look,Meghan Trainor,6,6,5
2022-12-10,7,I Ain't Worried,OneRepublic,7,2,24
2022-12-10,8,Bad Habit,Steve Lacy,8,2,20
2022-12-10,9,As It Was,Harry Styles,9,1,35
2022-12-10,10,B.O.T.A. (Baddest Of Them All),Eliza Rose & Interplanetary Criminal,10,4,13
2022-12-10,11,All I Want For Christmas Is You,Mariah Carey,-,11,1
2022-12-10,12,Heat Waves,Glass Animals,11,1,42
2022-12-10,13,Cuff It,Beyonce,13,8,10
2022-12-10,14,Something In The Orange,Zach Bryan,14,14,5
2022-12-10,15,Under The Influence,Chris Brown,15,8,18
2022-12-10,16,2 Be Loved (Am I Ready),Lizzo,17,13,7
2022-12-10,17,How Do I Say Goodbye,Dean Lewis,16,16,2
2022-12-10,18,Another Love,Tom Odell,18,18,5
2022-12-10,19,Shivers,Ed Sheeran,22,5,39
2022-12-10,20,Cold Heart (PNAU Remix),Elton John & Dua Lipa,21,2,40
2022-12-10,21,Sunroof,Nicky Youre & dazy,19,9,20
2022-12-10,22,Lavender Haze,Taylor Swift,12,2,6
2022-12-10,23,Rockin' Around The Christmas Tree,Brenda Lee,-,23,1
2022-12-10,24,Last Christmas,Wham!,-,24,1
2022-12-10,25,Stay,The Kid Laroi & Justin Bieber,-,2,38
2022-12-17,1,Unholy,Sam Smith & Kim Petras,1,1,11
2022-12-17,2,Anti-Hero,Taylor Swift,2,1,7
2022-12-17,3,All I Want For Christmas Is You,Mariah Carey,11,3,2
2022-12-17,4,Miss You,Oliver Tree & Robin Schulz,3,3,8
2022-12-17,5,I'm Good (Blue),David Guetta & Bebe Rexha,5,1,15
2022-12-17,6,I Ain't Worried,OneRepublic,7,2,25
2022-12-17,7,Made You Look,Meghan Trainor,6,6,6
2022-12-17,8,Creepin',"Metro Boomin , The Weeknd & 21 Savage",-,8,1
2022-12-17,9,Rich Flex,Drake & 21 Savage,4,3,5
2022-12-17,10,Rockin' Around The Christmas Tree,Brenda Lee,23,10,2
2022-12-17,11,As It Was,Harry Styles,9,1,36
2022-12-17,12,Last Christmas,Wham!,24,12,2
2022-12-17,13,Bad Habit,Steve Lacy,8,2,21
2022-12-17,14,Escapism,RAYE Featuring 070 Shake,-,14,1
2022-12-17,15,Heat Waves,Glass Animals,12,1,43
2022-12-17,16,It's Beginning To Look A Lot Like Christmas,Michael Buble,-,16,1
2022-12-17,17,B.O.T.A. (Baddest Of Them All),Eliza Rose & Interplanetary Criminal,10,4,14
2022-12-17,18,Santa Tell Me,Ariana Grande,-,18,1
2022-12-17,19,Something In The Orange,Zach Bryan,14,14,6
2022-12-17,20,Cold Heart (PNAU Remix),Elton John & Dua Lipa,20,2,41
2022-12-17,21,Cuff It,Beyonce,13,8,11
2022-12-17,22,Jingle Bell Rock,Bobby Helms,-,22,1
2022-12-17,23,Shivers,Ed Sheeran,19,5,40
2022-12-17,24,Under The Influence,Chris Brown,15,8,19
2022-12-17,25,Sunroof,Nicky Youre & dazy,21,9,21
2022-12-24,1,Unholy,Sam Smith & Kim Petras,1,1,12
2022-12-24,2,All I Want For Christmas Is You,Mariah Carey,3,2,3
2022-12-24,3,Anti-Hero,Taylor Swift,2,1,8
2022-12-24,4,Kill Bill,SZA,-,4,1
2022-12-24,5,Rockin' Around The Christmas Tree,Brenda Lee,10,5,3
2022-12-24,6,Miss You,Oliver Tree & Robin Schulz,4,3,9
2022-12-24,7,Last Christmas,Wham!,12,7,3
2022-12-24,8,Made You Look,Meghan Trainor,7,6,7
2022-12-24,9,Escapism,RAYE Featuring 070 Shake,14,9,2
2022-12-24,10,I'm Good (Blue),David Guetta & Bebe Rexha,5,1,16
2022-12-24,11,I Ain't Worried,OneRepublic,6,2,26
2022-12-24,12,Creepin',"Metro Boomin , The Weeknd & 21 Savage",8,8,2
2022-12-24,13,It's Beginning To Look A Lot Like Christmas,Michael Buble,16,13,2
2022-12-24,14,Rich Flex,Drake & 21 Savage,9,3,6
2022-12-24,15,Santa Tell Me,Ariana Grande,18,15,2
2022-12-24,16,Nobody Gets Me,SZA,-,16,1
2022-12-24,17,As It Was,Harry Styles,11,1,37
2022-12-24,18,Bad Habit,Steve Lacy,13,2,22
2022-12-24,19,Heat Waves,Glass Animals,15,1,44
2022-12-24,20,Jingle Bell Rock,Bobby Helms,22,20,2
2022-12-24,21,B.O.T.A. (Baddest Of Them All),Eliza Rose & Interplanetary Criminal,17,4,15
2022-12-24,22,Shirt,SZA,-,20,2
2022-12-24,23,Something In The Orange,Zach Bryan,19,14,7
2022-12-24,24,Blind,SZA,-,24,1
2022-12-24,25,Cold Heart (PNAU Remix),Elton John & Dua Lipa,20,2,42
2022-12-31,1,All I Want For Christmas Is You,Mariah Carey,2,1,4
2022-12-31,2,Rockin' Around The Christmas Tree,Brenda Lee,5,2,4
2022-12-31,3,Kill Bill,SZA,4,3,2
2022-12-31,4,Last Christmas,Wham!,7,4,4
2022-12-31,5,Unholy,Sam Smith & Kim Petras,1,1,13
2022-12-31,6,It's Beginning To Look A Lot Like Christmas,Michael Buble,13,6,3
2022-12-31,7,Santa Tell Me,Ariana Grande,15,7,3
2022-12-31,8,Miss You,Oliver Tree & Robin Schulz,6,3,10
2022-12-31,9,Anti-Hero,Taylor Swift,3,1,9
2022-12-31,10,Escapism,RAYE Featuring 070 Shake,9,9,3
2022-12-31,11,Jingle Bell Rock,Bobby Helms,20,11,3
2022-12-31,12,I'm Good (Blue),David Guetta & Bebe Rexha,10,1,17
2022-12-31,13,Let Go,Central Cee,-,13,1
2022-12-31,14,Made You Look,Meghan Trainor,8,6,8
2022-12-31,15,I Ain't Worried,OneRepublic,11,2,27
2022-12-31,16,Creepin',"Metro Boomin , The Weeknd & 21 Savage",12,8,3
2022-12-31,17,Holly Jolly Christmas,Michael Buble,-,17,1
2022-12-31,18,Rich Flex,Drake & 21 Savage,14,3,7
2022-12-31,19,As It Was,Harry Styles,17,1,38
2022-12-31,20,Bad Habit,Steve Lacy,18,2,23
2022-12-31,21,Snowman,Sia,-,21,1
2022-12-31,22,Sleigh Ride,The Ronettes,-,22,1
2022-12-31,23,Heat Waves,Glass Animals,19,1,45
2022-12-31,24,Feliz Navidad,Jose Feliciano,-,24,1
2022-12-31,25,B.O.T.A. (Baddest Of Them All),Eliza Rose & Interplanetary Criminal,21,4,16
2023-01-07,1,Rockin' Around The Christmas Tree,Brenda Lee,2,1,5
2023-01-07,2,All I Want For Christmas Is You,Mariah Carey,1,1,5
2023-01-07,3,Last Christmas,Wham!,4,3,5
2023-01-07,4,It's Beginning To Look A Lot Like Christmas,Michael Buble,6,4,4
2023-01-07,5,Santa Tell Me,Ariana Grande,7,5,4
2023-01-07,6,Jingle Bell Rock,Bobby Helms,11,6,4
2023-01-07,7,Kill Bill,SZA,3,3,3
2023-01-07,8,Holly Jolly Christmas,Michael Buble,17,8,2
2023-01-07,9,Feliz Navidad,Jose Feliciano,24,9,2
2023-01-07,10,Sleigh Ride,The Ronettes,22,10,2
2023-01-07,11,Unholy,Sam Smith & Kim Petras,5,1,14
2023-01-07,12,It's The Most Wonderful Time Of The Year,Andy Williams,-,12,1
2023-01-07,13,Snowman,Sia,21,13,2
2023-01-07,14,A Holly Jolly Christmas,Burl Ives,-,14,1
2023-01-07,15,Happy Xmas (War Is Over),John & Yoko/The Plastic Ono Band With The Harlem Community Choir,-,15,1
2023-01-07,16,Do They Know It's Christmas?,Band Aid,-,16,1
2023-01-07,17,"Let It Snow, Let It Snow, Let It Snow!",Frank Sinatra With The B. Swanson Quartet / Alex Stordahl,-,17,1
2023-01-07,18,Miss You,Oliver Tree & Robin Schulz,8,3,11
2023-01-07,19,Let It Snow! Let It Snow! Let It Snow!,Dean Martin,-,19,1
2023-01-07,20,Underneath The Tree,Kelly Clarkson,-,20,1
2023-01-07,21,I'm Good (Blue),David Guetta & Bebe Rexha,12,1,18
2023-01-07,22,Anti-Hero,Taylor Swift,9,1,10
2023-01-07,23,Escapism,RAYE Featuring 070 Shake,10,9,4
2023-01-07,24,I Ain't Worried,OneRepublic,15,2,28
2023-01-07,25,Made You Look,Meghan Trainor,14,6,9
2023-01-14,1,Kill Bill,SZA,7,1,4
2023-01-14,2,Unholy,Sam Smith & Kim Petras,11,1,15
2023-01-14,3,I'm Good (Blue),David Guetta & Bebe Rexha,21,1,19
2023-01-14,4,Miss You,Oliver Tree & Robin Schulz,18,3,12
2023-01-14,5,Escapism,RAYE Featuring 070 Shake,23,5,5
2023-01-14,6,Anti-Hero,Taylor Swift,22,1,11
2023-01-14,7,I Ain't Worried,OneRepublic,24,2,29
2023-01-14,8,Made You Look,Meghan Trainor,25,6,10
2023-01-14,9,Creepin',"Metro Boomin , The Weeknd & 21 Savage",-,8,4
2023-01-14,10,As It Was,Harry Styles,-,1,39
2023-01-14,11,Let Go,Central Cee,-,11,2
2023-01-14,12,B.O.T.A. (Baddest Of Them All),Eliza Rose & Interplanetary Criminal,-,4,17
2023-01-14,13,Heat Waves,Glass Animals,-,1,46
2023-01-14,14,Rich Flex,Drake & 21 Savage,-,3,8
2023-01-14,15,Bad Habit,Steve Lacy,-,2,24
2023-01-14,16,Cold Heart (PNAU Remix),Elton John & Dua Lipa,-,2,43
2023-01-14,17,Cuff It,Beyonce,-,8,12
2023-01-14,18,Shivers,Ed Sheeran,-,5,41
2023-01-14,19,Something In The Orange,Zach Bryan,-,14,8
2023-01-14,20,Sunroof,Nicky Youre & dazy,-,9,22
2023-01-14,21,Stay,The Kid Laroi & Justin Bieber,-,2,39
2023-01-14,22,Afraid To Feel,LF SYSTEM,-,17,10
2023-01-14,23,Until I Found You,Stephen Sanchez,-,23,1
2023-01-14,24,Calm Down,Rema & Selena Gomez,-,24,1
2023-01-14,25,Levitating,Dua Lipa,-,14,16
2023-01-21,1,Kill Bill,SZA,1,1,5
2023-01-21,2,Unholy,Sam Smith & Kim Petras,2,1,16
2023-01-21,3,Escapism,RAYE Featuring 070 Shake,5,3,6
2023-01-21,4,Miss You,Oliver Tree & Robin Schulz,4,3,13
2023-01-21,5,I'm Good (Blue),David Guetta & Bebe Rexha,3,1,20
2023-01-21,6,Anti-Hero,Taylor Swift,6,1,12
2023-01-21,7,I Ain't Worried,OneRepublic,7,2,30
2023-01-21,8,Creepin',"Metro Boomin , The Weeknd & 21 Savage",9,8,5
2023-01-21,9,Made You Look,Meghan Trainor,8,6,11
2023-01-21,10,Let Go,Central Cee,11,10,3
2023-01-21,11,As It Was,Harry Styles,10,1,40
2023-01-21,12,Until I Found You,Stephen Sanchez,23,12,2
2023-01-21,13,Heat Waves,Glass Animals,13,1,47
2023-01-21,14,Rich Flex,Drake & 21 Savage,14,3,9
2023-01-21,15,Bad Habit,Steve Lacy,15,2,25
2023-01-21,16,B.O.T.A. (Baddest Of Them All),Eliza Rose & Interplanetary Criminal,12,4,18
2023-01-21,17,Something In The Orange,Zach Bryan,19,14,9
2023-01-21,18,Calm Down,Rema & Selena Gomez,24,18,2
2023-01-21,19,Cold Heart (PNAU Remix),Elton John & Dua Lipa,16,2,44
2023-01-21,20,Sunroof,Nicky Youre & dazy,20,9,23
2023-01-21,21,Shivers,Ed Sheeran,18,5,42
2023-01-21,22,How Do I Say Goodbye,Dean Lewis,-,16,3
2023-01-21,23,10:35,Tiesto Featuring Tate McRae,-,23,1
2023-01-21,24,Sure Thing,Miguel,-,24,1
2023-01-21,25,Cuff It,Beyonce,17,8,13
2023-01-28,1,Flowers,Miley Cyrus,-,1,1
2023-01-28,2,Kill Bill,SZA,1,1,6
2023-01-28,3,Escapism,RAYE Featuring 070 Shake,3,3,7
2023-01-28,4,Unholy,Sam Smith & Kim Petras,2,1,17
2023-01-28,5,Miss You,Oliver Tree & Robin Schulz,4,3,14
2023-01-28,6,Creepin',"Metro Boomin , The Weeknd & 21 Savage",8,6,6
2023-01-28,7,I'm Good (Blue),David Guetta & Bebe Rexha,5,1,21
2023-01-28,8,Anti-Hero,Taylor Swift,6,1,13
2023-01-28,9,I Ain't Worried,OneRepublic,7,2,31
2023-01-28,10,Let Go,Central Cee,10,10,4
2023-01-28,11,As It Was,Harry Styles,11,1,41
2023-01-28,12,Made You Look,Meghan Trainor,9,6,12
2023-01-28,13,Sure Thing,Miguel,24,13,2
2023-01-28,14,Heat Waves,Glass Animals,13,1,48
2023-01-28,15,Something In The Orange,Zach Bryan,17,14,10
2023-01-28,16,Until I Found You,Stephen Sanchez,12,12,3
2023-01-28,17,B.O.T.A. (Baddest Of Them All),Eliza Rose & Interplanetary Criminal,16,4,19
2023-01-28,18,Bad Habit,Steve Lacy,15,2,26
2023-01-28,19,Rich Flex,Drake & 21 Savage,14,3,10
2023-01-28,20,Calm Down,Rema & Selena Gomez,18,18,3
2023-01-28,21,How Do I Say Goodbye,Dean Lewis,22,16,4
2023-01-28,22,Cold Heart (PNAU Remix),Elton John & Dua Lipa,19,2,45
2023-01-28,23,Riptide,Vance Joy,-,23,1
2023-01-28,24,Sunroof,Nicky Youre & dazy,20,9,24
2023-01-28,25,Another Love,Tom Odell,-,18,6
2023-02-04,1,Flowers,Miley Cyrus,1,1,2
2023-02-04,2,Kill Bill,SZA,2,1,7
2023-02-04,3,Escapism,RAYE Featuring 070 Shake,3,3,8
2023-02-04,4,Unholy,Sam Smith & Kim Petras,4,1,18
2023-02-04,5,Miss You,Oliver Tree & Robin Schulz,5,3,15
2023-02-04,6,I'm Good (Blue),David Guetta & Bebe Rexha,7,1,22
2023-02-04,7,Creepin',"Metro Boomin , The Weeknd & 21 Savage",6,6,7
2023-02-04,8,Anti-Hero,Taylor Swift,8,1,14
2023-02-04,9,I Ain't Worried,OneRepublic,9,2,32
2023-02-04,10,Let Go,Central Cee,10,10,5
2023-02-04,11,Made You Look,Meghan Trainor,12,6,13
2023-02-04,12,As It Was,Harry Styles,11,1,42
2023-02-04,13,Until I Found You,Stephen Sanchez,16,12,4
2023-02-04,14,10:35,Tiesto Featuring Tate McRae,-,14,2
2023-02-04,15,B.O.T.A. (Baddest Of Them All),Eliza Rose & Interplanetary Criminal,17,4,20
2023-02-04,16,Sure Thing,Miguel,13,13,3
2023-02-04,17,Something In The Orange,Zach Bryan,15,14,11
2023-02-04,18,Nonsense,Sabrina Carpenter,-,18,1
2023-02-04,19,Calm Down,Rema & Selena Gomez,20,18,4
2023-02-04,20,Heat Waves,Glass Animals,14,1,49
2023-02-04,21,Bad Habit,Steve Lacy,18,2,27
2023-02-04,22,Rich Flex,Drake & 21 Savage,19,3,11
2023-02-04,23,Cold Heart (PNAU Remix),Elton John & Dua Lipa,22,2,46
2023-02-04,24,Cuff It,Beyonce,-,8,14
2023-02-04,25,Sunroof,Nicky Youre & dazy,24,9,25
2023-02-11,1,Flowers,Miley Cyrus,1,1,3
2023-02-11,2,Kill Bill,SZA,2,1,8
2023-02-11,3,Escapism,RAYE Featuring 070 Shake,3,3,9
2023-02-11,4,Say Nothing,Flume Featuring MAY-A,-,4,2
2023-02-11,5,Unholy,Sam Smith & Kim Petras,4,1,19
2023-02-11,6,Miss You,Oliver Tree & Robin Schulz,5,3,16
2023-02-11,7,Anti-Hero,Taylor Swift,8,1,15
2023-02-11,8,B.O.T.A. (Baddest Of Them All),Eliza Rose & Interplanetary Criminal,15,4,21
2023-02-11,9,Creepin',"Metro Boomin , The Weeknd & 21 Savage",7,6,8
2023-02-11,10,I'm Good (Blue),David Guetta & Bebe Rexha,6,1,23
2023-02-11,11,Love Again,The Kid Laroi,-,11,1
2023-02-11,12,I Ain't Worried,OneRepublic,9,2,33
2023-02-11,13,Made You Look,Meghan Trainor,11,6,14
2023-02-11,14,Bad Habit,Steve Lacy,21,2,28
2023-02-11,15,Until I Found You,Stephen Sanchez,13,12,5
2023-02-11,16,Let Go,Central Cee,10,10,6
2023-02-11,17,Sure Thing,Miguel,16,13,4
2023-02-11,18,As It Was,Harry Styles,12,1,43
2023-02-11,19,10:35,Tiesto Featuring Tate McRae,14,14,3
2023-02-11,20,Calm Down,Rema & Selena Gomez,19,18,5
2023-02-11,21,Rich Flex,Drake & 21 Savage,22,3,12
2023-02-11,22,Something In The Orange,Zach Bryan,17,14,12
2023-02-11,23,Cuff It,Beyonce,24,8,15
2023-02-11,24,Heat Waves,Glass Animals,20,1,50
2023-02-11,25,Golden Hour,JVKE,-,23,2
2023-02-18,1,Flowers,Miley Cyrus,1,1,4
2023-02-18,2,Kill Bill,SZA,2,1,9
2023-02-18,3,Unholy,Sam Smith & Kim Petras,5,1,20
2023-02-18,4,Escapism,RAYE Featuring 070 Shake,3,3,10
2023-02-18,5,Miss You,Oliver Tree & Robin Schulz,6,3,17
2023-02-18,6,Love Again,The Kid Laroi,11,6,2
2023-02-18,7,Anti-Hero,Taylor Swift,7,1,16
2023-02-18,8,Creepin',"Metro Boomin , The Weeknd & 21 Savage",9,6,9
2023-02-18,9,Sure Thing,Miguel,17,9,5
2023-02-18,10,I'm Good (Blue),David Guetta & Bebe Rexha,10,1,24
2023-02-18,11,I Ain't Worried,OneRepublic,12,2,34
2023-02-18,12,As It Was,Harry Styles,18,1,44
2023-02-18,13,Until I Found You,Stephen Sanchez,15,12,6
2023-02-18,14,Made You Look,Meghan Trainor,13,6,15
2023-02-18,15,B.O.T.A. (Baddest Of Them All),Eliza Rose & Interplanetary Criminal,8,4,22
2023-02-18,16,Say Nothing,Flume Featuring MAY-A,4,4,3
2023-02-18,17,10:35,Tiesto Featuring Tate McRae,19,14,4
2023-02-18,18,Players,Coi Leray,-,18,1
2023-02-18,19,Let Go,Central Cee,16,10,7
2023-02-18,20,Bad Habit,Steve Lacy,14,2,29
2023-02-18,21,"Boy's A Liar, Pt. 2",PinkPantheress & Ice Spice,-,21,1
2023-02-18,22,Something In The Orange,Zach Bryan,22,14,13
2023-02-18,23,Calm Down,Rema & Selena Gomez,20,18,6
2023-02-18,24,Cuff It,Beyonce,23,8,16
2023-02-18,25,Rich Flex,Drake & 21 Savage,21,3,13
2023-02-25,1,Flowers,Miley Cyrus,1,1,5
2023-02-25,2,Kill Bill,SZA,2,1,10
2023-02-25,3,"Boy's A Liar, Pt. 2",PinkPantheress & Ice Spice,21,3,2
2023-02-25,4,Escapism,RAYE Featuring 070 Shake,4,3,11
2023-02-25,5,Unholy,Sam Smith & Kim Petras,3,1,21
2023-02-25,6,Players,Coi Leray,18,6,2
2023-02-25,7,Sure Thing,Miguel,9,7,6
2023-02-25,8,Anti-Hero,Taylor Swift,7,1,17
2023-02-25,9,Creepin',"Metro Boomin , The Weeknd & 21 Savage",8,6,10
2023-02-25,10,Miss You,Oliver Tree & Robin Schulz,5,3,18
2023-02-25,11,As It Was,Harry Styles,12,1,45
2023-02-25,12,Until I Found You,Stephen Sanchez,13,12,7
2023-02-25,13,I Ain't Worried,OneRepublic,11,2,35
2023-02-25,14,Love Again,The Kid Laroi,6,6,3
2023-02-25,15,I'm Good (Blue),David Guetta & Bebe Rexha,10,1,25
2023-02-25,16,Last Night,Morgan Wallen,-,16,1
2023-02-25,17,Made You Look,Meghan Trainor,14,6,16
2023-02-25,18,10:35,Tiesto Featuring Tate McRae,17,14,5
2023-02-25,19,Let Go,Central Cee,19,10,8
2023-02-25,20,B.O.T.A. (Baddest Of Them All),Eliza Rose & Interplanetary Criminal,15,4,23
2023-02-25,21,Cuff It,Beyonce,24,8,17
2023-02-25,22,Bad Habit,Steve Lacy,20,2,30
2023-02-25,23,Calm Down,Rema & Selena Gomez,23,18,7
2023-02-25,24,Delilah (Pull Me Out Of This),Fred again..,-,24,1
2023-02-25,25,Something In The Orange,Zach Bryan,22,14,14
2023-03-04,1,Flowers,Miley Cyrus,1,1,6
2023-03-04,2,"Boy's A Liar, Pt. 2",PinkPantheress & Ice Spice,3,2,3
2023-03-04,3,Kill Bill,SZA,2,1,11
2023-03-04,4,Escapism,RAYE Featuring 070 Shake,4,3,12
2023-03-04,5,Unholy,Sam Smith & Kim Petras,5,1,22
2023-03-04,6,As It Was,Harry Styles,11,1,46
2023-03-04,7,Players,Coi Leray,6,6,3
2023-03-04,8,Sure Thing,Miguel,7,7,7
2023-03-04,9,Creepin',"Metro Boomin , The Weeknd & 21 Savage",9,6,11
2023-03-04,10,Anti-Hero,Taylor Swift,8,1,18
2023-03-04,11,Until I Found You,Stephen Sanchez,12,11,8
2023-03-04,12,Miss You,Oliver Tree & Robin Schulz,10,3,19
2023-03-04,13,Last Night,Morgan Wallen,16,13,2
2023-03-04,14,I'm Good (Blue),David Guetta & Bebe Rexha,15,1,26
2023-03-04,15,I Ain't Worried,OneRepublic,13,2,36
2023-03-04,16,Shivers,Ed Sheeran,-,5,43
2023-03-04,17,Love Again,The Kid Laroi,14,6,4
2023-03-04,18,Made You Look,Meghan Trainor,17,6,17
2023-03-04,19,10:35,Tiesto Featuring Tate McRae,18,14,6
2023-03-04,20,Let Go,Central Cee,19,10,9
2023-03-04,21,Something In The Orange,Zach Bryan,25,14,15
2023-03-04,22,Calm Down,Rema & Selena Gomez,23,18,8
2023-03-04,23,Bad Habit,Steve Lacy,22,2,31
2023-03-04,24,B.O.T.A. (Baddest Of Them All),Eliza Rose & Interplanetary Criminal,20,4,24
2023-03-04,25,Heat Waves,Glass Animals,-,1,51
2023-03-11,1,"Boy's A Liar, Pt. 2",PinkPantheress & Ice Spice,2,1,4
2023-03-11,2,Flowers,Miley Cyrus,1,1,7
2023-03-11,3,Die For You,The Weeknd & Ariana Grande,-,3,1
2023-03-11,4,Kill Bill,SZA,3,1,12
2023-03-11,5,As It Was,Harry Styles,6,1,47
2023-03-11,6,Escapism,RAYE Featuring 070 Shake,4,3,13
2023-03-11,7,Players,Coi Leray,7,6,4
2023-03-11,8,Unholy,Sam Smith & Kim Petras,5,1,23
2023-03-11,9,Until I Found You,Stephen Sanchez,11,9,9
2023-03-11,10,Last Night,Morgan Wallen,13,10,3
2023-03-11,11,Creepin',"Metro Boomin , The Weeknd & 21 Savage",9,6,12
2023-03-11,12,Sure Thing,Miguel,8,7,8
2023-03-11,13,Anti-Hero,Taylor Swift,10,1,19
2023-03-11,14,I Ain't Worried,OneRepublic,15,2,37
2023-03-11,15,Miss You,Oliver Tree & Robin Schulz,12,3,20
2023-03-11,16,I'm Good (Blue),David Guetta & Bebe Rexha,14,1,27
2023-03-11,17,Shivers,Ed Sheeran,16,5,44
2023-03-11,18,Late Night Talking,Harry Styles,-,2,18
2023-03-11,19,Painting Pictures,Superstar Pride,-,19,1
2023-03-11,20,Made You Look,Meghan Trainor,18,6,18
2023-03-11,21,Bad Habits,Ed Sheeran,-,2,35
2023-03-11,22,10:35,Tiesto Featuring Tate McRae,19,14,7
2023-03-11,23,Calm Down,Rema & Selena Gomez,22,18,9
2023-03-11,24,Heaven,Niall Horan,-,24,1
2023-03-11,25,Love Again,The Kid Laroi,17,6,5
2023-03-18,1,Die For You,The Weeknd & Ariana Grande,3,1,2
2023-03-18,2,"Boy's A Liar, Pt. 2",PinkPantheress & Ice Spice,1,1,5
2023-03-18,3,Flowers,Miley Cyrus,2,1,8
2023-03-18,4,Kill Bill,SZA,4,1,13
2023-03-18,5,As It Was,Harry Styles,5,1,48
2023-03-18,6,Last Night,Morgan Wallen,10,6,4
2023-03-18,7,Escapism,RAYE Featuring 070 Shake,6,3,14
2023-03-18,8,Until I Found You,Stephen Sanchez,9,8,10
2023-03-18,9,Players,Coi Leray,7,6,5
2023-03-18,10,Shivers,Ed Sheeran,17,5,45
2023-03-18,11,Creepin',"Metro Boomin , The Weeknd & 21 Savage",11,6,13
2023-03-18,12,Sure Thing,Miguel,12,7,9
2023-03-18,13,Unholy,Sam Smith & Kim Petras,8,1,24
2023-03-18,14,Anti-Hero,Taylor Swift,13,1,20
2023-03-18,15,I Ain't Worried,OneRepublic,14,2,38
2023-03-18,16,I'm Good (Blue),David Guetta & Bebe Rexha,16,1,28
2023-03-18,17,Miss You,Oliver Tree & Robin Schulz,15,3,21
2023-03-18,18,Late Night Talking,Harry Styles,18,2,19
2023-03-18,19,Calm Down,Rema & Selena Gomez,23,18,10
2023-03-18,20,10:35,Tiesto Featuring Tate McRae,22,14,8
2023-03-18,21,Ceilings,Lizzy McAlpine,-,21,1
2023-03-18,22,Bad Habits,Ed Sheeran,21,2,36
2023-03-18,23,Something In The Orange,Zach Bryan,-,14,16
2023-03-18,24,Made You Look,Meghan Trainor,20,6,19
2023-03-18,25,Music For A Sushi Restaurant,Harry Styles,-,5,4
2023-03-25,1,"Boy's A Liar, Pt. 2",PinkPantheress & Ice Spice,2,1,6
2023-03-25,2,Flowers,Miley Cyrus,3,1,9
2023-03-25,3,Die For You,The Weeknd & Ariana Grande,1,1,3
2023-03-25,4,Kill Bill,SZA,4,1,14
2023-03-25,5,Last Night,Morgan Wallen,6,5,5
2023-03-25,6,Escapism,RAYE Featuring 070 Shake,7,3,15
2023-03-25,7,Until I Found You,Stephen Sanchez,8,7,11
2023-03-25,8,As It Was,Harry Styles,5,1,49
2023-03-25,9,Players,Coi Leray,9,6,6
2023-03-25,10,Creepin',"Metro Boomin , The Weeknd & 21 Savage",11,6,14
2023-03-25,11,Anti-Hero,Taylor Swift,14,1,21
2023-03-25,12,Shivers,Ed Sheeran,10,5,46
2023-03-25,13,Sure Thing,Miguel,12,7,10
2023-03-25,14,Unholy,Sam Smith & Kim Petras,13,1,25
2023-03-25,15,I Ain't Worried,OneRepublic,15,2,39
2023-03-25,16,I'm Good (Blue),David Guetta & Bebe Rexha,16,1,29
2023-03-25,17,Miss You,Oliver Tree & Robin Schulz,17,3,22
2023-03-25,18,Ceilings,Lizzy McAlpine,21,18,2
2023-03-25,19,Calm Down,Rema & Selena Gomez,19,18,11
2023-03-25,20,10:35,Tiesto Featuring Tate McRae,20,14,9
2023-03-25,21,Something In The Orange,Zach Bryan,23,14,17
2023-03-25,22,Made You Look,Meghan Trainor,24,6,20
2023-03-25,23,River,Miley Cyrus,-,23,1
2023-03-25,24,Green Green Grass,George Ezra,-,24,1
2023-03-25,25,Heat Waves,Glass Animals,-,1,52
2023-04-01,1,"Boy's A Liar, Pt. 2",PinkPantheress & Ice Spice,1,1,7
2023-04-01,2,Flowers,Miley Cyrus,2,1,10
2023-04-01,3,Last Night,Morgan Wallen,5,3,6
2023-04-01,4,Die For You,The Weeknd & Ariana Grande,3,1,4
2023-04-01,5,Kill Bill,SZA,4,1,15
2023-04-01,6,Escapism,RAYE Featuring 070 Shake,6,3,16
2023-04-01,7,Creepin',"Metro Boomin , The Weeknd & 21 Savage",10,6,15
2023-04-01,8,Players,Coi Leray,9,6,7
2023-04-01,9,Until I Found You,Stephen Sanchez,7,7,12
2023-04-01,10,Anti-Hero,Taylor Swift,11,1,22
2023-04-01,11,As It Was,Harry Styles,8,1,50
2023-04-01,12,Sure Thing,Miguel,13,7,11
2023-04-01,13,Shivers,Ed Sheeran,12,5,47
2023-04-01,14,Unholy,Sam Smith & Kim Petras,14,1,26
2023-04-01,15,I Ain't Worried,OneRepublic,15,2,40
2023-04-01,16,I'm Good (Blue),David Guetta & Bebe Rexha,16,1,30
2023-04-01,17,Calm Down,Rema & Selena Gomez,19,17,12
2023-04-01,18,Ceilings,Lizzy McAlpine,18,18,3
2023-04-01,19,Miss You,Oliver Tree & Robin Schulz,17,3,23
2023-04-01,20,10:35,Tiesto Featuring Tate McRae,20,14,10
2023-04-01,21,Something In The Orange,Zach Bryan,21,14,18
2023-04-01,22,All Of The Girls You Loved Before,Taylor Swift,-,22,1
2023-04-01,23,Green Green Grass,George Ezra,24,23,2
2023-04-01,24,Made You Look,Meghan Trainor,22,6,21
2023-04-01,25,Heat Waves,Glass Animals,25,1,53
2023-04-08,1,"Boy's A Liar, Pt. 2",PinkPantheress & Ice Spice,1,1,8
2023-04-08,2,Flowers,Miley Cyrus,2,1,11
2023-04-08,3,Last Night,Morgan Wallen,3,3,7
2023-04-08,4,Die For You,The Weeknd & Ariana Grande,4,1,5
2023-04-08,5,Kill Bill,SZA,5,1,16
2023-04-08,6,Creepin',"Metro Boomin , The Weeknd & 21 Savage",7,6,16
2023-04-08,7,Escapism,RAYE Featuring 070 Shake,6,3,17
2023-04-08,8,Anti-Hero,Taylor Swift,10,1,23
2023-04-08,9,Until I Found You,Stephen Sanchez,9,7,13
2023-04-08,10,Players,Coi Leray,8,6,8
2023-04-08,11,As It Was,Harry Styles,11,1,51
2023-04-08,12,Eyes Closed,Ed Sheeran,-,12,1
2023-04-08,13,Sure Thing,Miguel,12,7,12
2023-04-08,14,Shivers,Ed Sheeran,13,5,48
2023-04-08,15,I Ain't Worried,OneRepublic,15,2,41
2023-04-08,16,All Of The Girls You Loved Before,Taylor Swift,22,16,2
2023-04-08,17,Unholy,Sam Smith & Kim Petras,14,1,27
2023-04-08,18,Calm Down,Rema & Selena Gomez,17,17,13
2023-04-08,19,I'm Good (Blue),David Guetta & Bebe Rexha,16,1,31
2023-04-08,20,Something In The Orange,Zach Bryan,21,14,19
2023-04-08,21,You Proof,Morgan Wallen,-,21,1
2023-04-08,22,Ceilings,Lizzy McAlpine,18,18,4
2023-04-08,23,10:35,Tiesto Featuring Tate McRae,20,14,11
2023-04-08,24,Miss You,Oliver Tree & Robin Schulz,19,3,24
2023-04-08,25,Green Green Grass,George Ezra,23,23,3
2023-04-15,1,Last Night,Morgan Wallen,3,1,8
2023-04-15,2,Flowers,Miley Cyrus,2,1,12
2023-04-15,3,"Boy's A Liar, Pt. 2",PinkPantheress & Ice Spice,1,1,9
2023-04-15,4,Die For You,The Weeknd & Ariana Grande,4,1,6
2023-04-15,5,Kill Bill,SZA,5,1,17
2023-04-15,6,As It Was,Harry Styles,11,1,52
2023-04-15,7,Escapism,RAYE Featuring 070 Shake,7,3,18
2023-04-15,8,Anti-Hero,Taylor Swift,8,1,24
2023-04-15,9,Until I Found You,Stephen Sanchez,9,7,14
2023-04-15,10,Creepin',"Metro Boomin , The Weeknd & 21 Savage",6,6,17
2023-04-15,11,Players,Coi Leray,10,6,9
2023-04-15,12,Eyes Closed,Ed Sheeran,12,12,2
2023-04-15,13,I Ain't Worried,OneRepublic,15,2,42
2023-04-15,14,Calm Down,Rema & Selena Gomez,18,14,14
2023-04-15,15,Shivers,Ed Sheeran,14,5,49
2023-04-15,16,Sure Thing,Miguel,13,7,13
2023-04-15,17,Unholy,Sam Smith & Kim Petras,17,1,28
2023-04-15,18,Something In The Orange,Zach Bryan,20,14,20
2023-04-15,19,I'm Good (Blue),David Guetta & Bebe Rexha,19,1,32
2023-04-15,20,Ceilings,Lizzy McAlpine,22,18,5
2023-04-15,21,Green Green Grass,George Ezra,25,21,4
2023-04-15,22,Miss You,Oliver Tree & Robin Schulz,24,3,25
2023-04-15,23,You Proof,Morgan Wallen,21,21,2
2023-04-15,24,Cupid,Fifty Fifty,-,24,1
2023-04-15,25,Heat Waves,Glass Animals,-,1,54
2023-04-22,1,Last Night,Morgan Wallen,1,1,9
2023-04-22,2,Flowers,Miley Cyrus,2,1,13
2023-04-22,3,"Boy's A Liar, Pt. 2",PinkPantheress & Ice Spice,3,1,10
2023-04-22,4,Kill Bill,SZA,5,1,18
2023-04-22,5,Die For You,The Weeknd & Ariana Grande,4,1,7
2023-04-22,6,As It Was,Harry Styles,6,1,53
2023-04-22,7,Search & Rescue,Drake,-,7,1
2023-04-22,8,Escapism,RAYE Featuring 070 Shake,7,3,19
2023-04-22,9,Anti-Hero,Taylor Swift,8,1,25
2023-04-22,10,Until I Found You,Stephen Sanchez,9,7,15
2023-04-22,11,Players,Coi Leray,11,6,10
2023-04-22,12,Creepin',"Metro Boomin , The Weeknd & 21 Savage",10,6,18
2023-04-22,13,Eyes Closed,Ed Sheeran,12,12,3
2023-04-22,14,Cupid,Fifty Fifty,24,14,2
2023-04-22,15,Fast Car,Luke Combs,-,15,1
2023-04-22,16,I Ain't Worried,OneRepublic,13,2,43
2023-04-22,17,Calm Down,Rema & Selena Gomez,14,14,15
2023-04-22,18,Shivers,Ed Sheeran,15,5,50
2023-04-22,19,Something In The Orange,Zach Bryan,18,14,21
2023-04-22,20,Unholy,Sam Smith & Kim Petras,17,1,29
2023-04-22,21,I'm Good (Blue),David Guetta & Bebe Rexha,19,1,33
2023-04-22,22,Sure Thing,Miguel,16,7,14
2023-04-22,23,Green Green Grass,George Ezra,21,21,5
2023-04-22,24,Made You Look,Meghan Trainor,-,6,22
2023-04-22,25,Ceilings,Lizzy McAlpine,20,18,6
2023-04-29,1,Last Night,Morgan Wallen,1,1,10
2023-04-29,2,Kill Bill,SZA,4,1,19
2023-04-29,3,Flowers,Miley Cyrus,2,1,14
2023-04-29,4,"Boy's A Liar, Pt. 2",PinkPantheress & Ice Spice,3,1,11
2023-04-29,5,Die For You,The Weeknd & Ariana Grande,5,1,8
2023-04-29,6,Daylight,David Kushner,-,6,1
2023-04-29,7,Cupid,Fifty Fifty,14,7,3
2023-04-29,8,Fast Car,Luke Combs,15,8,2
2023-04-29,9,As It Was,Harry Styles,6,1,54
2023-04-29,10,Anti-Hero,Taylor Swift,9,1,26
2023-04-29,11,Escapism,RAYE Featuring 070 Shake,8,3,20
2023-04-29,12,Until I Found You,Stephen Sanchez,10,7,16
2023-04-29,13,Creepin',"Metro Boomin , The Weeknd & 21 Savage",12,6,19
2023-04-29,14,Chemical,Post Malone,-,14,1
2023-04-29,15,Players,Coi Leray,11,6,11
2023-04-29,16,I Ain't Worried,OneRepublic,16,2,44
2023-04-29,17,Heat Waves,Glass Animals,-,1,55
2023-04-29,18,Calm Down,Rema & Selena Gomez,17,14,16
2023-04-29,19,Search & Rescue,Drake,7,7,2
2023-04-29,20,Eyes Closed,Ed Sheeran,13,12,4
2023-04-29,21,Shivers,Ed Sheeran,18,5,51
2023-04-29,22,Sure Thing,Miguel,22,7,15
2023-04-29,23,Something In The Orange,Zach Bryan,19,14,22
2023-04-29,24,I'm Good (Blue),David Guetta & Bebe Rexha,21,1,34
2023-04-29,25,Unholy,Sam Smith & Kim Petras,20,1,30
2023-05-06,1,Last Night,Morgan Wallen,1,1,11
2023-05-06,2,Flowers,Miley Cyrus,3,1,15
2023-05-06,3,Kill Bill,SZA,2,1,20
2023-05-06,4,"Boy's A Liar, Pt. 2",PinkPantheress & Ice Spice,4,1,12
2023-05-06,5,Daylight,David Kushner,6,5,2
2023-05-06,6,Die For You,The Weeknd & Ariana Grande,5,1,9
2023-05-06,7,Double Fantasy,The Weeknd Featuring Future,-,7,1
2023-05-06,8,Escapism,RAYE Featuring 070 Shake,11,3,21
2023-05-06,9,Cupid,Fifty Fifty,7,7,4
2023-05-06,10,Fast Car,Luke Combs,8,8,3
2023-05-06,11,As It Was,Harry Styles,9,1,55
2023-05-06,12,Anti-Hero,Taylor Swift,10,1,27
2023-05-06,13,Creepin',"Metro Boomin , The Weeknd & 21 Savage",13,6,20
2023-05-06,14,Until I Found You,Stephen Sanchez,12,7,17
2023-05-06,15,Players,Coi Leray,15,6,12
2023-05-06,16,Calm Down,Rema & Selena Gomez,18,14,17
2023-05-06,17,Miracle,Calvin Harris & Ellie Goulding,-,17,1
2023-05-06,18,I Ain't Worried,OneRepublic,16,2,45
2023-05-06,19,Chemical,Post Malone,14,14,2
2023-05-06,20,Something In The Orange,Zach Bryan,23,14,23
2023-05-06,21,Sure Thing,Miguel,22,7,16
2023-05-06,22,Shivers,Ed Sheeran,21,5,52
2023-05-06,23,I'm Good (Blue),David Guetta & Bebe Rexha,24,1,35
2023-05-06,24,Golden Hour,JVKE,-,23,3
2023-05-06,25,Search & Rescue,Drake,19,7,3
2023-05-13,1,Last Night,Morgan Wallen,1,1,12
2023-05-13,2,Cupid,Fifty Fifty,9,2,5
2023-05-13,3,Kill Bill,SZA,3,1,21
2023-05-13,4,Flowers,Miley Cyrus,2,1,16
2023-05-13,5,"Boy's A Liar, Pt. 2",PinkPantheress & Ice Spice,4,1,13
2023-05-13,6,Daylight,David Kushner,5,5,3
2023-05-13,7,Die For You,The Weeknd & Ariana Grande,6,1,10
2023-05-13,8,Fast Car,Luke Combs,10,8,4
2023-05-13,9,Until I Found You,Stephen Sanchez,14,7,18
2023-05-13,10,Escapism,RAYE Featuring 070 Shake,8,3,22
2023-05-13,11,As It Was,Harry Styles,11,1,56
2023-05-13,12,Anti-Hero,Taylor Swift,12,1,28
2023-05-13,13,Creepin',"Metro Boomin , The Weeknd & 21 Savage",13,6,21
2023-05-13,14,Players,Coi Leray,15,6,13
2023-05-13,15,Calm Down,Rema & Selena Gomez,16,14,18
2023-05-13,16,I Ain't Worried,OneRepublic,18,2,46
2023-05-13,17,Miracle,Calvin Harris & Ellie Goulding,17,17,2
2023-05-13,18,Something In The Orange,Zach Bryan,20,14,24
2023-05-13,19,Double Fantasy,The Weeknd Featuring Future,7,7,2
2023-05-13,20,Golden Hour,JVKE,24,20,4
2023-05-13,21,I'm Good (Blue),David Guetta & Bebe Rexha,23,1,36
2023-05-13,22,Shivers,Ed Sheeran,22,5,53
2023-05-13,23,Chemical,Post Malone,19,14,3
2023-05-13,24,Sure Thing,Miguel,21,7,17
2023-05-13,25,Riptide,Vance Joy,-,23,2
2023-05-20,1,Cupid,Fifty Fifty,2,1,6
2023-05-20,2,Last Night,Morgan Wallen,1,1,13
2023-05-20,3,Flowers,Miley Cyrus,4,1,17
2023-05-20,4,Kill Bill,SZA,3,1,22
2023-05-20,5,Daylight,David Kushner,6,5,4
2023-05-20,6,"Boy's A Liar, Pt. 2",PinkPantheress & Ice Spice,5,1,14
2023-05-20,7,Die For You,The Weeknd & Ariana Grande,7,1,11
2023-05-20,8,Fast Car,Luke Combs,8,8,5
2023-05-20,9,Eyes Closed,Ed Sheeran,-,9,5
2023-05-20,10,Anti-Hero,Taylor Swift,12,1,29
2023-05-20,11,Until I Found You,Stephen Sanchez,9,7,19
2023-05-20,12,As It Was,Harry Styles,11,1,57
2023-05-20,13,Escapism,RAYE Featuring 070 Shake,10,3,23
2023-05-20,14,Calm Down,Rema & Selena Gomez,15,14,19
2023-05-20,15,Creepin',"Metro Boomin , The Weeknd & 21 Savage",13,6,22
2023-05-20,16,Miracle,Calvin Harris & Ellie Goulding,17,16,3
2023-05-20,17,Something In The Orange,Zach Bryan,18,14,25
2023-05-20,18,Players,Coi Leray,14,6,14
2023-05-20,19,I Ain't Worried,OneRepublic,16,2,47
2023-05-20,20,Sure Thing,Miguel,24,7,18
2023-05-20,21,Golden Hour,JVKE,20,20,5
2023-05-20,22,Shivers,Ed Sheeran,22,5,54
2023-05-20,23,Chemical,Post Malone,23,14,4
2023-05-20,24,Unholy,Sam Smith & Kim Petras,-,1,31
2023-05-20,25,I'm Good (Blue),David Guetta & Bebe Rexha,21,1,37
2023-05-27,1,Cupid,Fifty Fifty,1,1,7
2023-05-27,2,Last Night,Morgan Wallen,2,1,14
2023-05-27,3,Flowers,Miley Cyrus,3,1,18
2023-05-27,4,Daylight,David Kushner,5,4,5
2023-05-27,5,Kill Bill,SZA,4,1,23
2023-05-27,6,"Boy's A Liar, Pt. 2",PinkPantheress & Ice Spice,6,1,15
2023-05-27,7,Die For You,The Weeknd & Ariana Grande,7,1,12
2023-05-27,8,Fast Car,Luke Combs,8,8,6
2023-05-27,9,Until I Found You,Stephen Sanchez,11,7,20
2023-05-27,10,Anti-Hero,Taylor Swift,10,1,30
2023-05-27,11,As It Was,Harry Styles,12,1,58
2023-05-27,12,Escapism,RAYE Featuring 070 Shake,13,3,24
2023-05-27,13,Creepin',"Metro Boomin , The Weeknd & 21 Savage",15,6,23
2023-05-27,14,Miracle,Calvin Harris & Ellie Goulding,16,14,4
2023-05-27,15,I Ain't Worried,OneRepublic,19,2,48
2023-05-27,16,Players,Coi Leray,18,6,15
2023-05-27,17,Something In The Orange,Zach Bryan,17,14,26
2023-05-27,18,Calm Down,Rema & Selena Gomez,14,14,20
2023-05-27,19,Eyes Closed,Ed Sheeran,9,9,6
2023-05-27,20,Mathematical Disrespect,Lil Mabu,-,20,1
2023-05-27,21,Golden Hour,JVKE,21,20,6
2023-05-27,22,Sure Thing,Miguel,20,7,19
2023-05-27,23,People,Libianca,-,23,1
2023-05-27,24,Shivers,Ed Sheeran,22,5,55
2023-05-27,25,All My Life,Lil Durk Featuring J. Cole,-,25,1
2023-06-03,1,Last Night,Morgan Wallen,2,1,15
2023-06-03,2,Cupid,Fifty Fifty,1,1,8
2023-06-03,3,Flowers,Miley Cyrus,3,1,19
2023-06-03,4,Daylight,David Kushner,4,4,6
2023-06-03,5,"Boy's A Liar, Pt. 2",PinkPantheress & Ice Spice,6,1,16
2023-06-03,6,Kill Bill,SZA,5,1,24
2023-06-03,7,Die For You,The Weeknd & Ariana Grande,7,1,13
2023-06-03,8,Fast Car,Luke Combs,8,8,7
2023-06-03,9,All My Life,Lil Durk Featuring J. Cole,25,9,2
2023-06-03,10,Until I Found You,Stephen Sanchez,9,7,21
2023-06-03,11,As It Was,Harry Styles,11,1,59
2023-06-03,12,Anti-Hero,Taylor Swift,10,1,31
2023-06-03,13,Miracle,Calvin Harris & Ellie Goulding,14,13,5
2023-06-03,14,Creepin',"Metro Boomin , The Weeknd & 21 Savage",13,6,24
2023-06-03,15,Escapism,RAYE Featuring 070 Shake,12,3,25
2023-06-03,16,Something In The Orange,Zach Bryan,17,14,27
2023-06-03,17,I Ain't Worried,OneRepublic,15,2,49
2023-06-03,18,Players,Coi Leray,16,6,16
2023-06-03,19,Say Yes To Heaven,Lana Del Rey,-,19,1
2023-06-03,20,Calm Down,Rema & Selena Gomez,18,14,21
2023-06-03,21,Mathematical Disrespect,Lil Mabu,20,20,2
2023-06-03,22,Heat Waves,Glass Animals,-,1,56
2023-06-03,23,People,Libianca,23,23,2
2023-06-03,24,Sure Thing,Miguel,22,7,20
2023-06-03,25,Eyes Closed,Ed Sheeran,19,9,7
2023-06-10,1,Last Night,Morgan Wallen,1,1,16
2023-06-10,2,Cupid,Fifty Fifty,2,1,9
2023-06-10,3,Karma,Taylor Swift Featuring Ice Spice,-,3,4
2023-06-10,4,Flowers,Miley Cyrus,3,1,20
2023-06-10,5,Daylight,David Kushner,4,4,7
2023-06-10,6,Kill Bill,SZA,6,1,25
2023-06-10,7,Die For You,The Weeknd & Ariana Grande,7,1,14
2023-06-10,8,"Boy's A Liar, Pt. 2",PinkPantheress & Ice Spice,5,1,17
2023-06-10,9,Fast Car,Luke Combs,8,8,8
2023-06-10,10,All My Life,Lil Durk Featuring J. Cole,9,9,3
2023-06-10,11,Anti-Hero,Taylor Swift,12,1,32
2023-06-10,12,Until I Found You,Stephen Sanchez,10,7,22
2023-06-10,13,As It Was,Harry Styles,11,1,60
2023-06-10,14,Miracle,Calvin Harris & Ellie Goulding,13,13,6
2023-06-10,15,Creepin',"Metro Boomin , The Weeknd & 21 Savage",14,6,25
2023-06-10,16,Something In The Orange,Zach Bryan,16,14,28
2023-06-10,17,Escapism,RAYE Featuring 070 Shake,15,3,26
2023-06-10,18,Snow On The Beach,Taylor Swift Featuring Lana Del Rey,-,3,4
2023-06-10,19,I Ain't Worried,OneRepublic,17,2,50
2023-06-10,20,Calm Down,Rema & Selena Gomez,20,14,22
2023-06-10,21,Players,Coi Leray,18,6,17
2023-06-10,22,Hits Different,Taylor Swift,-,22,1
2023-06-10,23,Dance The Night,Dua Lipa,-,23,1
2023-06-10,24,People,Libianca,23,23,3
2023-06-10,25,Say Yes To Heaven,Lana Del Rey,19,19,2
2023-06-17,1,Sprinter,Dave & Central Cee,-,1,1
2023-06-17,2,Last Night,Morgan Wallen,1,1,17
2023-06-17,3,Cupid,Fifty Fifty,2,1,10
2023-06-17,4,Flowers,Miley Cyrus,4,1,21
2023-06-17,5,Daylight,David Kushner,5,4,8
2023-06-17,6,Fast Car,Luke Combs,9,6,9
2023-06-17,7,Kill Bill,SZA,6,1,26
2023-06-17,8,Die For You,The Weeknd & Ariana Grande,7,1,15
2023-06-17,9,All My Life,Lil Durk Featuring J. Cole,10,9,4
2023-06-17,10,Karma,Taylor Swift Featuring Ice Spice,3,3,5
2023-06-17,11,"Boy's A Liar, Pt. 2",PinkPantheress & Ice Spice,8,1,18
2023-06-17,12,Anti-Hero,Taylor Swift,11,1,33
2023-06-17,13,Until I Found You,Stephen Sanchez,12,7,23
2023-06-17,14,Dance The Night,Dua Lipa,23,14,2
2023-06-17,15,As It Was,Harry Styles,13,1,61
2023-06-17,16,Something In The Orange,Zach Bryan,16,14,29
2023-06-17,17,Area Codes,Kaliii,-,17,1
2023-06-17,18,Creepin',"Metro Boomin , The Weeknd & 21 Savage",15,6,26
2023-06-17,19,Calm Down,Rema & Selena Gomez,20,14,23
2023-06-17,20,Escapism,RAYE Featuring 070 Shake,17,3,27
2023-06-17,21,I Ain't Worried,OneRepublic,19,2,51
2023-06-17,22,Miracle,Calvin Harris & Ellie Goulding,14,13,7
2023-06-17,23,Say Yes To Heaven,Lana Del Rey,25,19,3
2023-06-17,24,People,Libianca,24,23,4
2023-06-17,25,Players,Coi Leray,21,6,18
2023-06-24,1,Sprinter,Dave & Central Cee,1,1,2
2023-06-24,2,Last Night,Morgan Wallen,2,1,18
2023-06-24,3,Cupid,Fifty Fifty,3,1,11
2023-06-24,4,Flowers,Miley Cyrus,4,1,22
2023-06-24,5,Fast Car,Luke Combs,6,5,10
2023-06-24,6,Daylight,David Kushner,5,4,9
2023-06-24,7,Die For You,The Weeknd & Ariana Grande,8,1,16
2023-06-24,8,Kill Bill,SZA,7,1,27
2023-06-24,9,"Boy's A Liar, Pt. 2",PinkPantheress & Ice Spice,11,1,19
2023-06-24,10,All My Life,Lil Durk Featuring J. Cole,9,9,5
2023-06-24,11,Something In The Orange,Zach Bryan,16,11,30
2023-06-24,12,As It Was,Harry Styles,15,1,62
2023-06-24,13,Anti-Hero,Taylor Swift,12,1,34
2023-06-24,14,Until I Found You,Stephen Sanchez,13,7,24
2023-06-24,15,Area Codes,Kaliii,17,15,2
2023-06-24,16,Karma,Taylor Swift Featuring Ice Spice,10,3,6
2023-06-24,17,I Ain't Worried,OneRepublic,21,2,52
2023-06-24,18,Creepin',"Metro Boomin , The Weeknd & 21 Savage",18,6,27
2023-06-24,19,Am I Dreaming,"Metro Boomin , A$AP Rocky & Roisee",-,19,1
2023-06-24,20,Calm Down,Rema & Selena Gomez,19,14,24
2023-06-24,21,Miracle,Calvin Harris & Ellie Goulding,22,13,8
2023-06-24,22,Escapism,RAYE Featuring 070 Shake,20,3,28
2023-06-24,23,Calling,"Metro Boomin , Swae Lee & Nav Featuring A Boogie wit da Hoodie",-,23,1
2023-06-24,24,Sunflower (Spider-Man: Into The Spider-Verse),Post Malone & Swae Lee,-,24,1
2023-06-24,25,People,Libianca,24,23,5
2023-07-01,1,Sprinter,Dave & Central Cee,1,1,3
2023-07-01,2,Last Night,Morgan Wallen,2,1,19
2023-07-01,3,Fast Car,Luke Combs,5,3,11
2023-07-01,4,Flowers,Miley Cyrus,4,1,23
2023-07-01,5,Daylight,David Kushner,6,4,10
2023-07-01,6,Cupid,Fifty Fifty,3,1,12
2023-07-01,7,Kill Bill,SZA,8,1,28
2023-07-01,8,Die For You,The Weeknd & Ariana Grande,7,1,17
2023-07-01,9,Anti-Hero,Taylor Swift,13,1,35
2023-07-01,10,"Boy's A Liar, Pt. 2",PinkPantheress & Ice Spice,9,1,20
2023-07-01,11,Something In The Orange,Zach Bryan,11,11,31
2023-07-01,12,As It Was,Harry Styles,12,1,63
2023-07-01,13,All My Life,Lil Durk Featuring J. Cole,10,9,6
2023-07-01,14,Calm Down,Rema & Selena Gomez,20,14,25
2023-07-01,15,Karma,Taylor Swift Featuring Ice Spice,16,3,7
2023-07-01,16,Until I Found You,Stephen Sanchez,14,7,25
2023-07-01,17,I Ain't Worried,OneRepublic,17,2,53
2023-07-01,18,Miracle,Calvin Harris & Ellie Goulding,21,13,9
2023-07-01,19,Creepin',"Metro Boomin , The Weeknd & 21 Savage",18,6,28
2023-07-01,20,Area Codes,Kaliii,15,15,3
2023-07-01,21,Am I Dreaming,"Metro Boomin , A$AP Rocky & Roisee",19,19,2
2023-07-01,22,Heat Waves,Glass Animals,-,1,57
2023-07-01,23,Escapism,RAYE Featuring 070 Shake,22,3,29
2023-07-01,24,Sunflower (Spider-Man: Into The Spider-Verse),Post Malone & Swae Lee,24,24,2
2023-07-01,25,Cruel Summer,Taylor Swift,-,25,1
2023-07-08,1,Sprinter,Dave & Central Cee,1,1,4
2023-07-08,2,Last Night,Morgan Wallen,2,1,20
2023-07-08,3,Cruel Summer,Taylor Swift,25,3,2
2023-07-08,4,Fast Car,Luke Combs,3,3,12
2023-07-08,5,Anti-Hero,Taylor Swift,9,1,36
2023-07-08,6,Daylight,David Kushner,5,4,11
2023-07-08,7,Flowers,Miley Cyrus,4,1,24
2023-07-08,8,Karma,Taylor Swift Featuring Ice Spice,15,3,8
2023-07-08,9,Cupid,Fifty Fifty,6,1,13
2023-07-08,10,Kill Bill,SZA,7,1,29
2023-07-08,11,Die For You,The Weeknd & Ariana Grande,8,1,18
2023-07-08,12,As It Was,Harry Styles,12,1,64
2023-07-08,13,Something In The Orange,Zach Bryan,11,11,32
2023-07-08,14,"Boy's A Liar, Pt. 2",PinkPantheress & Ice Spice,10,1,21
2023-07-08,15,Calm Down,Rema & Selena Gomez,14,14,26
2023-07-08,16,All My Life,Lil Durk Featuring J. Cole,13,9,7
2023-07-08,17,Until I Found You,Stephen Sanchez,16,7,26
2023-07-08,18,Someone You Loved,Lewis Capaldi,-,18,1
2023-07-08,19,Blank Space,Taylor Swift,-,19,1
2023-07-08,20,Style,Taylor Swift,-,20,1
2023-07-08,21,I Ain't Worried,OneRepublic,17,2,54
2023-07-08,22,Popular,"The Weeknd , Playboi Carti & Madonna",-,22,1
2023-07-08,23,Creepin',"Metro Boomin , The Weeknd & 21 Savage",19,6,29
2023-07-08,24,Heat Waves,Glass Animals,22,1,58
2023-07-08,25,Miracle,Calvin Harris & Ellie Goulding,18,13,10
2023-07-15,1,Vampire,Olivia Rodrigo,-,1,1
2023-07-15,2,Sprinter,Dave & Central Cee,1,1,5
2023-07-15,3,Cruel Summer,Taylor Swift,3,3,3
2023-07-15,4,Last Night,Morgan Wallen,2,1,21
2023-07-15,5,Anti-Hero,Taylor Swift,5,1,37
2023-07-15,6,Fast Car,Luke Combs,4,3,13
2023-07-15,7,Flowers,Miley Cyrus,7,1,25
2023-07-15,8,Karma,Taylor Swift Featuring Ice Spice,8,3,9
2023-07-15,9,Daylight,David Kushner,6,4,12
2023-07-15,10,Cupid,Fifty Fifty,9,1,14
2023-07-15,11,Kill Bill,SZA,10,1,30
2023-07-15,12,Die For You,The Weeknd & Ariana Grande,11,1,19
2023-07-15,13,Blank Space,Taylor Swift,19,13,2
2023-07-15,14,Style,Taylor Swift,20,14,2
2023-07-15,15,Something In The Orange,Zach Bryan,13,11,33
2023-07-15,16,"Boy's A Liar, Pt. 2",PinkPantheress & Ice Spice,14,1,22
2023-07-15,17,As It Was,Harry Styles,12,1,65
2023-07-15,18,Calm Down,Rema & Selena Gomez,15,14,27
2023-07-15,19,Popular,"The Weeknd , Playboi Carti & Madonna",22,19,2
2023-07-15,20,I Ain't Worried,OneRepublic,21,2,55
2023-07-15,21,All My Life,Lil Durk Featuring J. Cole,16,9,8
2023-07-15,22,Someone You Loved,Lewis Capaldi,18,18,2
2023-07-15,23,Barbie World,Nicki Minaj & Ice Spice With Aqua,-,23,1
2023-07-15,24,Until I Found You,Stephen Sanchez,17,7,27
2023-07-15,25,Chemical,Post Malone,-,14,5
2023-07-22,1,Sprinter,Dave & Central Cee,2,1,6
2023-07-22,2,Vampire,Olivia Rodrigo,1,1,2
2023-07-22,3,Cruel Summer,Taylor Swift,3,3,4
2023-07-22,4,Last Night,Morgan Wallen,4,1,22
2023-07-22,5,I Can See You (Taylor’s Version) (From The Vault),Taylor Swift,-,5,1
2023-07-22,6,Fast Car,Luke Combs,6,3,14
2023-07-22,7,Daylight,David Kushner,9,4,13
2023-07-22,8,Flowers,Miley Cyrus,7,1,26
2023-07-22,9,Enchanted (Taylor's Version),Taylor Swift,-,9,1
2023-07-22,10,Fukumean,Gunna,-,10,1
2023-07-22,11,Mine (Taylor's Version),Taylor Swift,-,11,1
2023-07-22,12,Popular,"The Weeknd , Playboi Carti & Madonna",19,12,3
2023-07-22,13,Back To December (Taylor's Version),Taylor Swift,-,13,1
2023-07-22,14,Anti-Hero,Taylor Swift,5,1,38
2023-07-22,15,Kill Bill,SZA,11,1,31
2023-07-22,16,Cupid,Fifty Fifty,10,1,15
2023-07-22,17,Die For You,The Weeknd & Ariana Grande,12,1,20
2023-07-22,18,Karma,Taylor Swift Featuring Ice Spice,8,3,10
2023-07-22,19,Better Than Revenge (Taylor's Version),Taylor Swift,-,19,1
2023-07-22,20,Something In The Orange,Zach Bryan,15,11,34
2023-07-22,21,As It Was,Harry Styles,17,1,66
2023-07-22,22,Super Shy,NewJeans,-,22,1
2023-07-22,23,Calm Down,Rema & Selena Gomez,18,14,28
2023-07-22,24,"Boy's A Liar, Pt. 2",PinkPantheress & Ice Spice,16,1,23
2023-07-22,25,Sparks Fly (Taylor’s Version),Taylor Swift,-,25,1
2023-07-29,1,Sprinter,Dave & Central Cee,1,1,7
2023-07-29,2,Seven,Jung Kook Featuring Latto,-,2,1
2023-07-29,3,Vampire,Olivia Rodrigo,2,1,3
2023-07-29,4,Last Night,Morgan Wallen,4,1,23
2023-07-29,5,Cruel Summer,Taylor Swift,3,3,5
2023-07-29,6,Fukumean,Gunna,10,6,2
2023-07-29,7,Fast Car,Luke Combs,6,3,15
2023-07-29,8,Daylight,David Kushner,7,4,14
2023-07-29,9,What Was I Made For?,Billie Eilish,-,9,1
2023-07-29,10,Popular,"The Weeknd , Playboi Carti & Madonna",12,10,4
2023-07-29,11,Flowers,Miley Cyrus,8,1,27
2023-07-29,12,Kill Bill,SZA,15,1,32
2023-07-29,13,Rush,Troye Sivan,-,13,1
2023-07-29,14,Cupid,Fifty Fifty,16,1,16
2023-07-29,15,Something In The Orange,Zach Bryan,20,11,35
2023-07-29,16,Anti-Hero,Taylor Swift,14,1,39
2023-07-29,17,Die For You,The Weeknd & Ariana Grande,17,1,21
2023-07-29,18,Barbie World,Nicki Minaj & Ice Spice With Aqua,-,18,2
2023-07-29,19,Calm Down,Rema & Selena Gomez,23,14,29
2023-07-29,20,As It Was,Harry Styles,21,1,67
2023-07-29,21,"Boy's A Liar, Pt. 2",PinkPantheress & Ice Spice,24,1,24
2023-07-29,22,Super Shy,NewJeans,22,22,2
2023-07-29,23,Karma,Taylor Swift Featuring Ice Spice,18,3,11
2023-07-29,24,I Can See You (Taylor’s Version) (From The Vault),Taylor Swift,5,5,2
2023-07-29,25,Chemical,Post Malone,-,14,6
2023-08-05,1,Sprinter,Dave & Central Cee,1,1,8
2023-08-05,2,What Was I Made For?,Billie Eilish,9,2,2
2023-08-05,3,Barbie World,Nicki Minaj & Ice Spice With Aqua,18,3,3
2023-08-05,4,Vampire,Olivia Rodrigo,3,1,4
2023-08-05,5,Seven,Jung Kook Featuring Latto,2,2,2
2023-08-05,6,Last Night,Morgan Wallen,4,1,24
2023-08-05,7,Fukumean,Gunna,6,6,3
2023-08-05,8,Dance The Night,Dua Lipa,-,8,3
2023-08-05,9,Cruel Summer,Taylor Swift,5,3,6
2023-08-05,10,Fast Car,Luke Combs,7,3,16
2023-08-05,11,Daylight,David Kushner,8,4,15
2023-08-05,12,Popular,"The Weeknd , Playboi Carti & Madonna",10,10,5
2023-08-05,13,Super Shy,NewJeans,22,13,3
2023-08-05,14,Flowers,Miley Cyrus,11,1,28
2023-08-05,15,Kill Bill,SZA,12,1,33
2023-08-05,16,Rush,Troye Sivan,13,13,2
2023-08-05,17,Die For You,The Weeknd & Ariana Grande,17,1,22
2023-08-05,18,Something In The Orange,Zach Bryan,15,11,36
2023-08-05,19,"Boy's A Liar, Pt. 2",PinkPantheress & Ice Spice,21,1,25
2023-08-05,20,Anti-Hero,Taylor Swift,16,1,40
2023-08-05,21,Calm Down,Rema & Selena Gomez,19,14,30
2023-08-05,22,As It Was,Harry Styles,20,1,68
2023-08-05,23,Cupid,Fifty Fifty,14,1,17
2023-08-05,24,I Ain't Worried,OneRepublic,-,2,56
2023-08-05,25,Karma,Taylor Swift Featuring Ice Spice,23,3,12
2023-08-12,1,Sprinter,Dave & Central Cee,1,1,9
2023-08-12,2,What Was I Made For?,Billie Eilish,2,2,3
2023-08-12,3,Barbie World,Nicki Minaj & Ice Spice With Aqua,3,3,4
2023-08-12,4,Dance The Night,Dua Lipa,8,4,4
2023-08-12,5,Vampire,Olivia Rodrigo,4,1,5
2023-08-12,6,Fukumean,Gunna,7,6,4
2023-08-12,7,Last Night,Morgan Wallen,6,1,25
2023-08-12,8,Cruel Summer,Taylor Swift,9,3,7
2023-08-12,9,Meltdown,Travis Scott Featuring Drake,-,9,1
2023-08-12,10,Fast Car,Luke Combs,10,3,17
2023-08-12,11,Seven,Jung Kook Featuring Latto,5,2,3
2023-08-12,12,FE!N,Travis Scott Featuring Playboi Carti,-,12,1
2023-08-12,13,Popular,"The Weeknd , Playboi Carti & Madonna",12,10,6
2023-08-12,14,Daylight,David Kushner,11,4,16
2023-08-12,15,Chemical,Post Malone,-,14,7
2023-08-12,16,Flowers,Miley Cyrus,14,1,29
2023-08-12,17,Hyaena,Travis Scott,-,17,1
2023-08-12,18,Something In The Orange,Zach Bryan,18,11,37
2023-08-12,19,Kill Bill,SZA,15,1,34
2023-08-12,20,My Eyes,Travis Scott,-,20,1
2023-08-12,21,Thank God,Travis Scott,-,21,1
2023-08-12,22,Die For You,The Weeknd & Ariana Grande,17,1,23
2023-08-12,23,K-POP,"Travis Scott , Bad Bunny & The Weeknd",-,23,1
2023-08-12,24,I Know ?,Travis Scott,-,24,1
2023-08-12,25,Anti-Hero,Taylor Swift,20,1,41
2023-08-19,1,Sprinter,Dave & Central Cee,1,1,10
2023-08-19,2,What Was I Made For?,Billie Eilish,2,2,4
2023-08-19,3,Dance The Night,Dua Lipa,4,3,5
2023-08-19,4,Barbie World,Nicki Minaj & Ice Spice With Aqua,3,3,5
2023-08-19,5,Vampire,Olivia Rodrigo,5,1,6
2023-08-19,6,Cruel Summer,Taylor Swift,8,3,8
2023-08-19,7,Last Night,Morgan Wallen,7,1,26
2023-08-19,8,Fukumean,Gunna,6,6,5
2023-08-19,9,Fast Car,Luke Combs,10,3,18
2023-08-19,10,Paint The Town Red,Doja Cat,-,10,1
2023-08-19,11,Popular,"The Weeknd , Playboi Carti & Madonna",13,10,7
2023-08-19,12,Daylight,David Kushner,14,4,17
2023-08-19,13,Seven,Jung Kook Featuring Latto,11,2,4
2023-08-19,14,Meltdown,Travis Scott Featuring Drake,9,9,2
2023-08-19,15,Something In The Orange,Zach Bryan,18,11,38
2023-08-19,16,Flowers,Miley Cyrus,16,1,30
2023-08-19,17,Telekinesis,Travis Scott Featuring SZA & Future,-,17,1
2023-08-19,18,Kill Bill,SZA,19,1,35
2023-08-19,19,Chemical,Post Malone,15,14,8
2023-08-19,20,Die For You,The Weeknd & Ariana Grande,22,1,24
2023-08-19,21,Anti-Hero,Taylor Swift,25,1,42
2023-08-19,22,Calm Down,Rema & Selena Gomez,-,14,31
2023-08-19,23,Speed Drive,Charli xcx,-,23,1
2023-08-19,24,"Boy's A Liar, Pt. 2",PinkPantheress & Ice Spice,-,1,26
2023-08-19,25,As It Was,Harry Styles,-,1,69
2023-08-26,1,Sprinter,Dave & Central Cee,1,1,11
2023-08-26,2,What Was I Made For?,Billie Eilish,2,2,5
2023-08-26,3,Paint The Town Red,Doja Cat,10,3,2
2023-08-26,4,Cruel Summer,Taylor Swift,6,3,9
2023-08-26,5,Dance The Night,Dua Lipa,3,3,6
2023-08-26,6,Last Night,Morgan Wallen,7,1,27
2023-08-26,7,Vampire,Olivia Rodrigo,5,1,7
2023-08-26,8,Fast Car,Luke Combs,9,3,19
2023-08-26,9,Barbie World,Nicki Minaj & Ice Spice With Aqua,4,3,6
2023-08-26,10,Bad Idea Right?,Olivia Rodrigo,-,10,1
2023-08-26,11,Fukumean,Gunna,8,6,6
2023-08-26,12,Popular,"The Weeknd , Playboi Carti & Madonna",11,10,8
2023-08-26,13,Something In The Orange,Zach Bryan,15,11,39
2023-08-26,14,Daylight,David Kushner,12,4,18
2023-08-26,15,Seven,Jung Kook Featuring Latto,13,2,5
2023-08-26,16,Flowers,Miley Cyrus,16,1,31
2023-08-26,17,Kill Bill,SZA,18,1,36
2023-08-26,18,Anti-Hero,Taylor Swift,21,1,43
2023-08-26,19,Die For You,The Weeknd & Ariana Grande,20,1,25
2023-08-26,20,Calm Down,Rema & Selena Gomez,22,14,32
2023-08-26,21,The Kind Of Love We Make,Luke Combs,-,21,5
2023-08-26,22,Chemical,Post Malone,19,14,9
2023-08-26,23,Telekinesis,Travis Scott Featuring SZA & Future,17,17,2
2023-08-26,24,As It Was,Harry Styles,25,1,70
2023-08-26,25,I Ain't Worried,OneRepublic,-,2,57
2023-09-02,1,Paint The Town Red,Doja Cat,3,1,3
2023-09-02,2,Sprinter,Dave & Central Cee,1,1,12
2023-09-02,3,Cruel Summer,Taylor Swift,4,3,10
2023-09-02,4,Last Night,Morgan Wallen,6,1,28
2023-09-02,5,Fast Car,Luke Combs,8,3,20
2023-09-02,6,What Was I Made For?,Billie Eilish,2,2,6
2023-09-02,7,Dance The Night,Dua Lipa,5,3,7
2023-09-02,8,Vampire,Olivia Rodrigo,7,1,8
2023-09-02,9,Fukumean,Gunna,11,6,7
2023-09-02,10,Barbie World,Nicki Minaj & Ice Spice With Aqua,9,3,7
2023-09-02,11,Popular,"The Weeknd , Playboi Carti & Madonna",12,10,9
2023-09-02,12,Something In The Orange,Zach Bryan,13,11,40
2023-09-02,13,Daylight,David Kushner,14,4,19
2023-09-02,14,Die For You,The Weeknd & Ariana Grande,19,1,26
2023-09-02,15,Bad Idea Right?,Olivia Rodrigo,10,10,2
2023-09-02,16,Seven,Jung Kook Featuring Latto,15,2,6
2023-09-02,17,The Kind Of Love We Make,Luke Combs,21,17,6
2023-09-02,18,Flowers,Miley Cyrus,16,1,32
2023-09-02,19,Kill Bill,SZA,17,1,37
2023-09-02,20,Anti-Hero,Taylor Swift,18,1,44
2023-09-02,21,Calm Down,Rema & Selena Gomez,20,14,33
2023-09-02,22,As It Was,Harry Styles,24,1,71
2023-09-02,23,Chemical,Post Malone,22,14,10
2023-09-02,24,Rich Men North Of Richmond,Oliver Anthony Music,-,24,1
2023-09-02,25,(It Goes Like) Nanana,Peggy Gou,-,25,1
2023-09-09,1,Paint The Town Red,Doja Cat,1,1,4
2023-09-09,2,Sprinter,Dave & Central Cee,2,1,13
2023-09-09,3,Cruel Summer,Taylor Swift,3,3,11
2023-09-09,4,Last Night,Morgan Wallen,4,1,29
2023-09-09,5,Dance The Night,Dua Lipa,7,3,8
2023-09-09,6,Fast Car,Luke Combs,5,3,21
2023-09-09,7,What Was I Made For?,Billie Eilish,6,2,7
2023-09-09,8,Popular,"The Weeknd , Playboi Carti & Madonna",11,8,10
2023-09-09,9,Vampire,Olivia Rodrigo,8,1,9
2023-09-09,10,Die For You,The Weeknd & Ariana Grande,14,1,27
2023-09-09,11,Fukumean,Gunna,9,6,8
2023-09-09,12,Something In The Orange,Zach Bryan,12,11,41
2023-09-09,13,Barbie World,Nicki Minaj & Ice Spice With Aqua,10,3,8
2023-09-09,14,Daylight,David Kushner,13,4,20
2023-09-09,15,Flowers,Miley Cyrus,18,1,33
2023-09-09,16,Rich Men North Of Richmond,Oliver Anthony Music,24,16,2
2023-09-09,17,I Remember Everything,Zach Bryan Featuring Kacey Musgraves,-,17,1
2023-09-09,18,Used To Be Young,Miley Cyrus,-,18,1
2023-09-09,19,Seven,Jung Kook Featuring Latto,16,2,7
2023-09-09,20,Calm Down,Rema & Selena Gomez,21,14,34
2023-09-09,21,The Kind Of Love We Make,Luke Combs,17,17,7
2023-09-09,22,Bad Idea Right?,Olivia Rodrigo,15,10,3
2023-09-09,23,Anti-Hero,Taylor Swift,20,1,45
2023-09-09,24,Riptide,Vance Joy,-,23,3
2023-09-09,25,Kill Bill,SZA,19,1,38
2023-09-16,1,Paint The Town Red,Doja Cat,1,1,5
2023-09-16,2,Cruel Summer,Taylor Swift,3,2,12
2023-09-16,3,Sprinter,Dave & Central Cee,2,1,14
2023-09-16,4,Last Night,Morgan Wallen,4,1,30
2023-09-16,5,Dance The Night,Dua Lipa,5,3,9
2023-09-16,6,Vampire,Olivia Rodrigo,9,1,10
2023-09-16,7,Fast Car,Luke Combs,6,3,22
2023-09-16,8,Popular,"The Weeknd , Playboi Carti & Madonna",8,8,11
2023-09-16,9,What Was I Made For?,Billie Eilish,7,2,8
2023-09-16,10,Die For You,The Weeknd & Ariana Grande,10,1,28
2023-09-16,11,Fukumean,Gunna,11,6,9
2023-09-16,12,Something In The Orange,Zach Bryan,12,11,42
2023-09-16,13,I Remember Everything,Zach Bryan Featuring Kacey Musgraves,17,13,2
2023-09-16,14,Prada,"casso, RAYE & D-Block Europe",-,14,1
2023-09-16,15,Barbie World,Nicki Minaj & Ice Spice With Aqua,13,3,9
2023-09-16,16,Daylight,David Kushner,14,4,21
2023-09-16,17,Flowers,Miley Cyrus,15,1,34
2023-09-16,18,Calm Down,Rema & Selena Gomez,20,14,35
2023-09-16,19,Rich Men North Of Richmond,Oliver Anthony Music,16,16,3
2023-09-16,20,Rush,Troye Sivan,-,13,3
2023-09-16,21,The Kind Of Love We Make,Luke Combs,21,17,8
2023-09-16,22,Bad Idea Right?,Olivia Rodrigo,22,10,4
2023-09-16,23,Seven,Jung Kook Featuring Latto,19,2,8
2023-09-16,24,Used To Be Young,Miley Cyrus,18,18,2
2023-09-16,25,Anti-Hero,Taylor Swift,23,1,46
2023-09-23,1,Paint The Town Red,Doja Cat,1,1,6
2023-09-23,2,Vampire,Olivia Rodrigo,6,1,11
2023-09-23,3,Bad Idea Right?,Olivia Rodrigo,22,3,5
2023-09-23,4,Cruel Summer,Taylor Swift,2,2,13
2023-09-23,5,Get Him Back!,Olivia Rodrigo,-,5,1
2023-09-23,6,Sprinter,Dave & Central Cee,3,1,15
2023-09-23,7,Last Night,Morgan Wallen,4,1,31
2023-09-23,8,Dance The Night,Dua Lipa,5,3,10
2023-09-23,9,I Remember Everything,Zach Bryan Featuring Kacey Musgraves,13,9,3
2023-09-23,10,Prada,"casso, RAYE & D-Block Europe",14,10,2
2023-09-23,11,Fast Car,Luke Combs,7,3,23
2023-09-23,12,All-American Bitch,Olivia Rodrigo,-,12,1
2023-09-23,13,Popular,"The Weeknd , Playboi Carti & Madonna",8,8,12
2023-09-23,14,Something In The Orange,Zach Bryan,12,11,43
2023-09-23,15,The Grudge,Olivia Rodrigo,-,15,1
2023-09-23,16,Fukumean,Gunna,11,6,10
2023-09-23,17,What Was I Made For?,Billie Eilish,9,2,9
2023-09-23,18,Die For You,The Weeknd & Ariana Grande,10,1,29
2023-09-23,19,Daylight,David Kushner,16,4,22
2023-09-23,20,Flowers,Miley Cyrus,17,1,35
2023-09-23,21,Making The Bed,Olivia Rodrigo,-,21,1
2023-09-23,22,Logical,Olivia Rodrigo,-,22,1
2023-09-23,23,Ballad Of A Homeschooled Girl,Olivia Rodrigo,-,23,1
2023-09-23,24,Lacy,Olivia Rodrigo,-,24,1
2023-09-23,25,Barbie World,Nicki Minaj & Ice Spice With Aqua,15,3,10
2023-09-30,1,Paint The Town Red,Doja Cat,1,1,7
2023-09-30,2,Cruel Summer,Taylor Swift,4,2,14
2023-09-30,3,Vampire,Olivia Rodrigo,2,1,12
2023-09-30,4,Prada,"casso, RAYE & D-Block Europe",10,4,3
2023-09-30,5,Strangers,Kenya Grace,-,5,1
2023-09-30,6,Sprinter,Dave & Central Cee,6,1,16
2023-09-30,7,Greedy,Tate McRae,-,7,1
2023-09-30,8,Last Night,Morgan Wallen,7,1,32
2023-09-30,9,Dance The Night,Dua Lipa,8,3,11
2023-09-30,10,Slime You Out,Drake Featuring SZA,-,10,1
2023-09-30,11,I Remember Everything,Zach Bryan Featuring Kacey Musgraves,9,9,4
2023-09-30,12,Get Him Back!,Olivia Rodrigo,5,5,2
2023-09-30,13,Fast Car,Luke Combs,11,3,24
2023-09-30,14,Popular,"The Weeknd , Playboi Carti & Madonna",13,8,13
2023-09-30,15,Bad Idea Right?,Olivia Rodrigo,3,3,6
2023-09-30,16,Something In The Orange,Zach Bryan,14,11,44
2023-09-30,17,Fukumean,Gunna,16,6,11
2023-09-30,18,Snooze,SZA,-,18,1
2023-09-30,19,Flowers,Miley Cyrus,20,1,36
2023-09-30,20,What Was I Made For?,Billie Eilish,17,2,10
2023-09-30,21,Calm Down,Rema & Selena Gomez,-,14,36
2023-09-30,22,Die For You,The Weeknd & Ariana Grande,18,1,30
2023-09-30,23,Daylight,David Kushner,19,4,23
2023-09-30,24,Riptide,Vance Joy,-,23,4
2023-09-30,25,Barbie World,Nicki Minaj & Ice Spice With Aqua,25,3,11
2023-10-07,1,Paint The Town Red,Doja Cat,1,1,8
2023-10-07,2,Prada,"casso, RAYE & D-Block Europe",4,2,4
2023-10-07,3,Strangers,Kenya Grace,5,3,2
2023-10-07,4,Greedy,Tate McRae,7,4,2
2023-10-07,5,Cruel Summer,Taylor Swift,2,2,15
2023-10-07,6,Last Night,Morgan Wallen,8,1,33
2023-10-07,7,Sprinter,Dave & Central Cee,6,1,17
2023-10-07,8,Vampire,Olivia Rodrigo,3,1,13
2023-10-07,9,I Remember Everything,Zach Bryan Featuring Kacey Musgraves,11,9,5
2023-10-07,10,Dance The Night,Dua Lipa,9,3,12
2023-10-07,11,Fast Car,Luke Combs,13,3,25
2023-10-07,12,Something In The Orange,Zach Bryan,16,11,45
2023-10-07,13,Popular,"The Weeknd , Playboi Carti & Madonna",14,8,14
2023-10-07,14,Get Him Back!,Olivia Rodrigo,12,5,3
2023-10-07,15,Riptide,Vance Joy,24,15,5
2023-10-07,16,Daylight,David Kushner,23,4,24
2023-10-07,17,Flowers,Miley Cyrus,19,1,37
2023-10-07,18,Calm Down,Rema & Selena Gomez,21,14,37
2023-10-07,19,Fukumean,Gunna,17,6,12
2023-10-07,20,Bad Idea Right?,Olivia Rodrigo,15,3,7
2023-10-07,21,What Was I Made For?,Billie Eilish,20,2,11
2023-10-07,22,Die For You,The Weeknd & Ariana Grande,22,1,31
2023-10-07,23,Barbie World,Nicki Minaj & Ice Spice With Aqua,25,3,12
2023-10-07,24,Snooze,SZA,18,18,2
2023-10-07,25,Rush,Troye Sivan,-,13,4
2023-10-14,1,Paint The Town Red,Doja Cat,1,1,9
2023-10-14,2,Greedy,Tate McRae,4,2,3
2023-10-14,3,Strangers,Kenya Grace,3,3,3
2023-10-14,4,Prada,"casso, RAYE & D-Block Europe",2,2,5
2023-10-14,5,Cruel Summer,Taylor Swift,5,2,16
2023-10-14,6,Last Night,Morgan Wallen,6,1,34
2023-10-14,7,I Remember Everything,Zach Bryan Featuring Kacey Musgraves,9,7,6
2023-10-14,8,Sprinter,Dave & Central Cee,7,1,18
2023-10-14,9,Something In The Orange,Zach Bryan,12,9,46
2023-10-14,10,Vampire,Olivia Rodrigo,8,1,14
2023-10-14,11,Dance The Night,Dua Lipa,10,3,13
2023-10-14,12,Fast Car,Luke Combs,11,3,26
2023-10-14,13,Popular,"The Weeknd , Playboi Carti & Madonna",13,8,15
2023-10-14,14,Calm Down,Rema & Selena Gomez,18,14,38
2023-10-14,15,Daylight,David Kushner,16,4,25
2023-10-14,16,Fukumean,Gunna,19,6,13
2023-10-14,17,3D,Jung Kook & Jack Harlow,-,17,1
2023-10-14,18,Flowers,Miley Cyrus,17,1,38
2023-10-14,19,Get Him Back!,Olivia Rodrigo,14,5,4
2023-10-14,20,Die For You,The Weeknd & Ariana Grande,22,1,32
2023-10-14,21,What Was I Made For?,Billie Eilish,21,2,12
2023-10-14,22,Riptide,Vance Joy,15,15,6
2023-10-14,23,Bad Idea Right?,Olivia Rodrigo,20,3,8
2023-10-14,24,Got Me Started,Troye Sivan,-,24,1
2023-10-14,25,I Ain't Worried,OneRepublic,-,2,58
2023-10-21,1,Paint The Town Red,Doja Cat,1,1,10
2023-10-21,2,Greedy,Tate McRae,2,2,4
2023-10-21,3,Strangers,Kenya Grace,3,3,4
2023-10-21,4,Prada,"casso, RAYE & D-Block Europe",4,2,6
2023-10-21,5,First Person Shooter,Drake Featuring J. Cole,-,5,1
2023-10-21,6,I Remember Everything,Zach Bryan Featuring Kacey Musgraves,7,6,7
2023-10-21,7,IDGAF,Drake Featuring Yeat,-,7,1
2023-10-21,8,Cruel Summer,Taylor Swift,5,2,17
2023-10-21,9,Virginia Beach,Drake,-,9,1
2023-10-21,10,Something In The Orange,Zach Bryan,9,9,47
2023-10-21,11,Last Night,Morgan Wallen,6,1,35
2023-10-21,12,Sprinter,Dave & Central Cee,8,1,19
2023-10-21,13,Slime You Out,Drake Featuring SZA,-,10,2
2023-10-21,14,Vampire,Olivia Rodrigo,10,1,15
2023-10-21,15,Dance The Night,Dua Lipa,11,3,14
2023-10-21,16,Fast Car,Luke Combs,12,3,27
2023-10-21,17,Popular,"The Weeknd , Playboi Carti & Madonna",13,8,16
2023-10-21,18,Rich Baby Daddy,Drake Featuring Sexyy Red & SZA,-,18,1
2023-10-21,19,Water,Tyla,-,19,1
2023-10-21,20,Riptide,Vance Joy,22,15,7
2023-10-21,21,Calling For You,Drake Featuring 21 Savage,-,21,1
2023-10-21,22,Calm Down,Rema & Selena Gomez,14,14,39
2023-10-21,23,Daylight,David Kushner,15,4,26
2023-10-21,24,Fukumean,Gunna,16,6,14
2023-10-21,25,Daylight,Drake,-,25,1
2023-10-28,1,Paint The Town Red,Doja Cat,1,1,11
2023-10-28,2,Greedy,Tate McRae,2,2,5
2023-10-28,3,Cruel Summer,Taylor Swift,8,2,18
2023-10-28,4,Prada,"casso, RAYE & D-Block Europe",4,2,7
2023-10-28,5,Strangers,Kenya Grace,3,3,5
2023-10-28,6,I Remember Everything,Zach Bryan Featuring Kacey Musgraves,6,6,8
2023-10-28,7,Water,Tyla,19,7,2
2023-10-28,8,Last Night,Morgan Wallen,11,1,36
2023-10-28,9,Something In The Orange,Zach Bryan,10,9,48
2023-10-28,10,Sprinter,Dave & Central Cee,12,1,20
2023-10-28,11,Rich Baby Daddy,Drake Featuring Sexyy Red & SZA,18,11,2
2023-10-28,12,Fast Car,Luke Combs,16,3,28
2023-10-28,13,Vampire,Olivia Rodrigo,14,1,16
2023-10-28,14,Popular,"The Weeknd , Playboi Carti & Madonna",17,8,17
2023-10-28,15,IDGAF,Drake Featuring Yeat,7,7,2
2023-10-28,16,First Person Shooter,Drake Featuring J. Cole,5,5,2
2023-10-28,17,Dance The Night,Dua Lipa,15,3,15
2023-10-28,18,My Love Mine All Mine,Mitski,-,18,1
2023-10-28,19,Riptide,Vance Joy,20,15,8
2023-10-28,20,Daylight,David Kushner,23,4,27
2023-10-28,21,Calm Down,Rema & Selena Gomez,22,14,40
2023-10-28,22,Flowers,Miley Cyrus,-,1,39
2023-10-28,23,Dreams,Fleetwood Mac,-,23,1
2023-10-28,24,Fukumean,Gunna,24,6,15
2023-10-28,25,Die For You,The Weeknd & Ariana Grande,-,1,33
2023-11-04,1,Paint The Town Red,Doja Cat,1,1,12
2023-11-04,2,Cruel Summer,Taylor Swift,3,2,19
2023-11-04,3,Greedy,Tate McRae,2,2,6
2023-11-04,4,Prada,"casso, RAYE & D-Block Europe",4,2,8
2023-11-04,5,Water,Tyla,7,5,3
2023-11-04,6,Strangers,Kenya Grace,5,3,6
2023-11-04,7,I Remember Everything,Zach Bryan Featuring Kacey Musgraves,6,6,9
2023-11-04,8,Last Night,Morgan Wallen,8,1,37
2023-11-04,9,Something In The Orange,Zach Bryan,9,9,49
2023-11-04,10,Rich Baby Daddy,Drake Featuring Sexyy Red & SZA,11,10,3
2023-11-04,11,Sprinter,Dave & Central Cee,10,1,21
2023-11-04,12,Agora Hills,Doja Cat,-,12,1
2023-11-04,13,Fast Car,Luke Combs,12,3,29
2023-11-04,14,My Love Mine All Mine,Mitski,18,14,2
2023-11-04,15,Vampire,Olivia Rodrigo,13,1,17
2023-11-04,16,Popular,"The Weeknd , Playboi Carti & Madonna",14,8,18
2023-11-04,17,Too Much,"The Kid Laroi , Jung Kook & Central Cee",-,17,1
2023-11-04,18,Dance The Night,Dua Lipa,17,3,16
2023-11-04,19,Riptide,Vance Joy,19,15,9
2023-11-04,20,Daylight,David Kushner,20,4,28
2023-11-04,21,Flowers,Miley Cyrus,22,1,40
2023-11-04,22,Calm Down,Rema & Selena Gomez,21,14,41
2023-11-04,23,Dreams,Fleetwood Mac,23,23,2
2023-11-04,24,Anti-Hero,Taylor Swift,-,1,47
2023-11-04,25,Die For You,The Weeknd & Ariana Grande,25,1,34
2023-11-11,1,Is It Over Now? (Taylor's Version) [From The Vault],Taylor Swift,-,1,1
2023-11-11,2,Now That We Don't Talk (Taylor's Version) [From The Vault],Taylor Swift,-,2,1
2023-11-11,3,Greedy,Tate McRae,3,2,7
2023-11-11,4,Paint The Town Red,Doja Cat,1,1,13
2023-11-11,5,Say Don't Go (Taylor's Version) [From The Vault],Taylor Swift,-,5,1
2023-11-11,6,Slut! (Taylor's Version) [From The Vault],Taylor Swift,-,6,1
2023-11-11,7,Style (Taylor's Version),Taylor Swift,-,7,1
2023-11-11,8,Cruel Summer,Taylor Swift,2,2,20
2023-11-11,9,Prada,"casso, RAYE & D-Block Europe",4,2,9
2023-11-11,10,Bad Blood (Taylor's Version),Taylor Swift,-,10,1
2023-11-11,11,Suburban Legends (Taylor's Version) [From The Vault],Taylor Swift,-,11,1
2023-11-11,12,Blank Space (Taylor's Version),Taylor Swift,-,12,1
2023-11-11,13,Water,Tyla,5,5,4
2023-11-11,14,Welcome To New York (Taylor's Version),Taylor Swift,-,14,1
2023-11-11,15,Out Of The Woods (Taylor's Version),Taylor Swift,-,15,1
2023-11-11,16,Strangers,Kenya Grace,6,3,7
2023-11-11,17,I Remember Everything,Zach Bryan Featuring Kacey Musgraves,7,6,10
2023-11-11,18,Wildest Dreams (Taylor's Version),Taylor Swift,-,18,1
2023-11-11,19,Something In The Orange,Zach Bryan,9,9,50
2023-11-11,20,All You Had To Do Was Stay (Taylor's Version),Taylor Swift,-,20,1
2023-11-11,21,Last Night,Morgan Wallen,8,1,38
2023-11-11,22,Rich Baby Daddy,Drake Featuring Sexyy Red & SZA,10,10,4
2023-11-11,23,Shake It Off (Taylor's Version),Taylor Swift,-,23,1
2023-11-11,24,New Romantics (Taylor's Version),Taylor Swift,-,24,1
2023-11-11,25,I Wish You Would (Taylor's Version),Taylor Swift,-,25,1
2023-11-18,1,Greedy,Tate McRae,3,1,8
2023-11-18,2,Is It Over Now? (Taylor's Version) [From The Vault],Taylor Swift,1,1,2
2023-11-18,3,Paint The Town Red,Doja Cat,4,1,14
2023-11-18,4,Prada,"casso, RAYE & D-Block Europe",9,2,10
2023-11-18,5,Cruel Summer,Taylor Swift,8,2,21
2023-11-18,6,Water,Tyla,13,5,5
2023-11-18,7,I Remember Everything,Zach Bryan Featuring Kacey Musgraves,17,6,11
2023-11-18,8,Strangers,Kenya Grace,16,3,8
2023-11-18,9,Something In The Orange,Zach Bryan,19,9,51
2023-11-18,10,Now That We Don't Talk (Taylor's Version) [From The Vault],Taylor Swift,2,2,2
2023-11-18,11,Last Night,Morgan Wallen,21,1,39
2023-11-18,12,Rich Baby Daddy,Drake Featuring Sexyy Red & SZA,22,10,5
2023-11-18,13,Agora Hills,Doja Cat,-,12,2
2023-11-18,14,Stick Season,Noah Kahan,-,14,1
2023-11-18,15,Sprinter,Dave & Central Cee,-,1,22
2023-11-18,16,Dance The Night,Dua Lipa,-,3,17
2023-11-18,17,Fast Car,Luke Combs,-,3,30
2023-11-18,18,Vampire,Olivia Rodrigo,-,1,18
2023-11-18,19,My Love Mine All Mine,Mitski,-,14,3
2023-11-18,20,Say Don't Go (Taylor's Version) [From The Vault],Taylor Swift,5,5,2
2023-11-18,21,Slut! (Taylor's Version) [From The Vault],Taylor Swift,6,6,2
2023-11-18,22,Daylight,David Kushner,-,4,29
2023-11-18,23,Popular,"The Weeknd , Playboi Carti & Madonna",-,8,19
2023-11-18,24,Flowers,Miley Cyrus,-,1,41
2023-11-18,25,Calm Down,Rema & Selena Gomez,-,14,42
2023-11-25,1,Lovin On Me,Jack Harlow,-,1,1
2023-11-25,2,Greedy,Tate McRae,1,1,9
2023-11-25,3,Paint The Town Red,Doja Cat,3,1,15
2023-11-25,4,Prada,"casso, RAYE & D-Block Europe",4,2,11
2023-11-25,5,Is It Over Now? (Taylor's Version) [From The Vault],Taylor Swift,2,1,3
2023-11-25,6,Cruel Summer,Taylor Swift,5,2,22
2023-11-25,7,Water,Tyla,6,5,6
2023-11-25,8,I Remember Everything,Zach Bryan Featuring Kacey Musgraves,7,6,12
2023-11-25,9,Houdini,Dua Lipa,-,9,1
2023-11-25,10,Strangers,Kenya Grace,8,3,9
2023-11-25,11,Something In The Orange,Zach Bryan,9,9,52
2023-11-25,12,Last Night,Morgan Wallen,11,1,40
2023-11-25,13,Stick Season,Noah Kahan,14,13,2
2023-11-25,14,Agora Hills,Doja Cat,13,12,3
2023-11-25,15,Rich Baby Daddy,Drake Featuring Sexyy Red & SZA,12,10,6
2023-11-25,16,Dance The Night,Dua Lipa,16,3,18
2023-11-25,17,Fast Car,Luke Combs,17,3,31
2023-11-25,18,Sprinter,Dave & Central Cee,15,1,23
2023-11-25,19,My Love Mine All Mine,Mitski,19,14,4
2023-11-25,20,Now That We Don't Talk (Taylor's Version) [From The Vault],Taylor Swift,10,2,3
2023-11-25,21,Vampire,Olivia Rodrigo,18,1,19
2023-11-25,22,Daylight,David Kushner,22,4,30
2023-11-25,23,Flowers,Miley Cyrus,24,1,42
2023-11-25,24,Lil Boo Thang,Paul Russell,-,24,1
2023-11-25,25,Calm Down,Rema & Selena Gomez,25,14,43
2023-12-02,1,Lovin On Me,Jack Harlow,1,1,2
2023-12-02,2,Greedy,Tate McRae,2,1,10
2023-12-02,3,Paint The Town Red,Doja Cat,3,1,16
2023-12-02,4,Water,Tyla,7,4,7
2023-12-02,5,Prada,"casso, RAYE & D-Block Europe",4,2,12
2023-12-02,6,Cruel Summer,Taylor Swift,6,2,23
2023-12-02,7,I Remember Everything,Zach Bryan Featuring Kacey Musgraves,8,6,13
2023-12-02,8,Is It Over Now? (Taylor's Version) [From The Vault],Taylor Swift,5,1,4
2023-12-02,9,Strangers,Kenya Grace,10,3,10
2023-12-02,10,Something In The Orange,Zach Bryan,11,9,53
2023-12-02,11,Stick Season,Noah Kahan,13,11,3
2023-12-02,12,Houdini,Dua Lipa,9,9,2
2023-12-02,13,Last Night,Morgan Wallen,12,1,41
2023-12-02,14,Agora Hills,Doja Cat,14,12,4
2023-12-02,15,Rich Baby Daddy,Drake Featuring Sexyy Red & SZA,15,10,7
2023-12-02,16,Exes,Tate McRae,-,16,1
2023-12-02,17,Dance The Night,Dua Lipa,16,3,19
2023-12-02,18,Fast Car,Luke Combs,17,3,32
2023-12-02,19,My Love Mine All Mine,Mitski,19,14,5
2023-12-02,20,Riptide,Vance Joy,-,15,10
2023-12-02,21,Sprinter,Dave & Central Cee,18,1,24
2023-12-02,22,Vampire,Olivia Rodrigo,21,1,20
2023-12-02,23,Lil Boo Thang,Paul Russell,24,23,2
2023-12-02,24,Flowers,Miley Cyrus,23,1,43
2023-12-02,25,Daylight,David Kushner,22,4,31
2023-12-09,1,Lovin On Me,Jack Harlow,1,1,3
2023-12-09,2,Greedy,Tate McRae,2,1,11
2023-12-09,3,Paint The Town Red,Doja Cat,3,1,17
2023-12-09,4,Prada,"casso, RAYE & D-Block Europe",5,2,13
2023-12-09,5,Cruel Summer,Taylor Swift,6,2,24
2023-12-09,6,Water,Tyla,4,4,8
2023-12-09,7,I Remember Everything,Zach Bryan Featuring Kacey Musgraves,7,6,14
2023-12-09,8,Something In The Orange,Zach Bryan,10,8,54
2023-12-09,9,Stick Season,Noah Kahan,11,9,4
2023-12-09,10,Strangers,Kenya Grace,9,3,11
2023-12-09,11,Last Night,Morgan Wallen,13,1,42
2023-12-09,12,Is It Over Now? (Taylor's Version) [From The Vault],Taylor Swift,8,1,5
2023-12-09,13,Agora Hills,Doja Cat,14,12,5
2023-12-09,14,All I Want For Christmas Is You,Mariah Carey,-,1,6
2023-12-09,15,Houdini,Dua Lipa,12,9,3
2023-12-09,16,Confidence,Ocean Alley,-,16,1
2023-12-09,17,Rich Baby Daddy,Drake Featuring Sexyy Red & SZA,15,10,8
2023-12-09,18,Exes,Tate McRae,16,16,2
2023-12-09,19,Riptide,Vance Joy,20,15,11
2023-12-09,20,Dance The Night,Dua Lipa,17,3,20
2023-12-09,21,My Love Mine All Mine,Mitski,19,14,6
2023-12-09,22,Fast Car,Luke Combs,18,3,33
2023-12-09,23,Sprinter,Dave & Central Cee,21,1,25
2023-12-09,24,Flowers,Miley Cyrus,24,1,44
2023-12-09,25,Vampire,Olivia Rodrigo,22,1,21
2023-12-16,1,Lovin On Me,Jack Harlow,1,1,4
2023-12-16,2,Greedy,Tate McRae,2,1,12
2023-12-16,3,All I Want For Christmas Is You,Mariah Carey,14,1,7
2023-12-16,4,Cruel Summer,Taylor Swift,5,2,25
2023-12-16,5,Paint The Town Red,Doja Cat,3,1,18
2023-12-16,6,Prada,"casso, RAYE & D-Block Europe",4,2,14
2023-12-16,7,Last Christmas,Wham!,-,3,6
2023-12-16,8,Something In The Orange,Zach Bryan,8,8,55
2023-12-16,9,I Remember Everything,Zach Bryan Featuring Kacey Musgraves,7,6,15
2023-12-16,10,Last Night,Morgan Wallen,11,1,43
2023-12-16,11,Water,Tyla,6,4,9
2023-12-16,12,Rockin' Around The Christmas Tree,Brenda Lee,-,1,6
2023-12-16,13,Stick Season,Noah Kahan,9,9,5
2023-12-16,14,You're Losing Me (From The Vault),Taylor Swift,-,14,1
2023-12-16,15,Strangers,Kenya Grace,10,3,12
2023-12-16,16,Santa Tell Me,Ariana Grande,-,5,5
2023-12-16,17,Jingle Bell Rock,Bobby Helms,-,6,5
2023-12-16,18,Confidence,Ocean Alley,16,16,2
2023-12-16,19,It's Beginning To Look A Lot Like Christmas,Michael Buble,-,4,5
2023-12-16,20,Fast Car,Luke Combs,22,3,34
2023-12-16,21,Rich Baby Daddy,Drake Featuring Sexyy Red & SZA,17,10,9
2023-12-16,22,Flowers,Miley Cyrus,24,1,45
2023-12-16,23,Is It Over Now? (Taylor's Version) [From The Vault],Taylor Swift,12,1,6
2023-12-16,24,Vampire,Olivia Rodrigo,25,1,22
2023-12-16,25,Sprinter,Dave & Central Cee,23,1,26
2023-12-23,1,Lovin On Me,Jack Harlow,1,1,5
2023-12-23,2,Greedy,Tate McRae,2,1,13
2023-12-23,3,All I Want For Christmas Is You,Mariah Carey,3,1,8
2023-12-23,4,Last Christmas,Wham!,7,3,7
2023-12-23,5,Something In The Orange,Zach Bryan,8,5,56
2023-12-23,6,Paint The Town Red,Doja Cat,5,1,19
2023-12-23,7,Cruel Summer,Taylor Swift,4,2,26
2023-12-23,8,I Remember Everything,Zach Bryan Featuring Kacey Musgraves,9,6,16
2023-12-23,9,Prada,"casso, RAYE & D-Block Europe",6,2,15
2023-12-23,10,Water,Tyla,11,4,10
2023-12-23,11,Last Night,Morgan Wallen,10,1,44
2023-12-23,12,Rockin' Around The Christmas Tree,Brenda Lee,12,1,7
2023-12-23,13,Stick Season,Noah Kahan,13,9,6
2023-12-23,14,Strangers,Kenya Grace,15,3,13
2023-12-23,15,It's Beginning To Look A Lot Like Christmas,Michael Buble,19,4,6
2023-12-23,16,Santa Tell Me,Ariana Grande,16,5,6
2023-12-23,17,Rich Baby Daddy,Drake Featuring Sexyy Red & SZA,21,10,10
2023-12-23,18,Exes,Tate McRae,-,16,3
2023-12-23,19,Confidence,Ocean Alley,18,16,3
2023-12-23,20,Riptide,Vance Joy,-,15,12
2023-12-23,21,Jingle Bell Rock,Bobby Helms,17,6,6
2023-12-23,22,Vampire,Olivia Rodrigo,24,1,23
2023-12-23,23,Sprinter,Dave & Central Cee,25,1,27
2023-12-23,24,Fast Car,Luke Combs,20,3,35
2023-12-23,25,Is It Over Now? (Taylor's Version) [From The Vault],Taylor Swift,23,1,7
2023-12-30,1,Lovin On Me,Jack Harlow,1,1,6
2023-12-30,2,All I Want For Christmas Is You,Mariah Carey,3,1,9
2023-12-30,3,Last Christmas,Wham!,4,3,8
2023-12-30,4,Greedy,Tate McRae,2,1,14
2023-12-30,5,Rockin' Around The Christmas Tree,Brenda Lee,12,1,8
2023-12-30,6,Paint The Town Red,Doja Cat,6,1,20
2023-12-30,7,Santa Tell Me,Ariana Grande,16,5,7
2023-12-30,8,It's Beginning To Look A Lot Like Christmas,Michael Buble,15,4,7
2023-12-30,9,Prada,"casso, RAYE & D-Block Europe",9,2,16
2023-12-30,10,I Remember Everything,Zach Bryan Featuring Kacey Musgraves,8,6,17
2023-12-30,11,Cruel Summer,Taylor Swift,7,2,27
2023-12-30,12,Water,Tyla,10,4,11
2023-12-30,13,Something In The Orange,Zach Bryan,5,5,57
2023-12-30,14,Stick Season,Noah Kahan,13,9,7
2023-12-30,15,Last Night,Morgan Wallen,11,1,45
2023-12-30,16,Jingle Bell Rock,Bobby Helms,21,6,7
2023-12-30,17,Holly Jolly Christmas,Michael Buble,-,8,3
2023-12-30,18,Strangers,Kenya Grace,14,3,14
2023-12-30,19,It's The Most Wonderful Time Of The Year,Andy Williams,-,12,2
2023-12-30,20,Underneath The Tree,Kelly Clarkson,-,20,2
2023-12-30,21,Snowman,Sia,-,13,3
2023-12-30,22,Popular,"The Weeknd , Playboi Carti & Madonna",-,8,20
2023-12-30,23,Vampire,Olivia Rodrigo,22,1,24
2023-12-30,24,Confidence,Ocean Alley,19,16,4
2023-12-30,25,Riptide,Vance Joy,20,15,13
2024-01-06,1,All I Want For Christmas Is You,Mariah Carey,2,1,10
2024-01-06,2,Last Christmas,Wham!,3,2,9
2024-01-06,3,Rockin' Around The Christmas Tree,Brenda Lee,5,1,9
2024-01-06,4,It's Beginning To Look A Lot Like Christmas,Michael Buble,8,4,8
2024-01-06,5,Santa Tell Me,Ariana Grande,7,5,8
2024-01-06,6,Lovin On Me,Jack Harlow,1,1,7
2024-01-06,7,Jingle Bell Rock,Bobby Helms,16,6,8
2024-01-06,8,It's The Most Wonderful Time Of The Year,Andy Williams,19,8,3
2024-01-06,9,Underneath The Tree,Kelly Clarkson,20,9,3
2024-01-06,10,Let It Snow! Let It Snow! Let It Snow!,Dean Martin,-,10,2
2024-01-06,11,Holly Jolly Christmas,Michael Buble,17,8,4
2024-01-06,12,Snowman,Sia,21,12,4
2024-01-06,13,Sleigh Ride,The Ronettes,-,10,3
2024-01-06,14,Greedy,Tate McRae,4,1,15
2024-01-06,15,Mistletoe,Justin Bieber,-,15,1
2024-01-06,16,Feliz Navidad,Jose Feliciano,-,9,3
2024-01-06,17,Happy Xmas (War Is Over),John & Yoko/The Plastic Ono Band With The Harlem Community Choir,-,15,2
2024-01-06,18,"Let It Snow, Let It Snow, Let It Snow!",Frank Sinatra With The B. Swanson Quartet / Alex Stordahl,-,17,2
2024-01-06,19,A Holly Jolly Christmas,Burl Ives,-,14,2
2024-01-06,20,Stick Season,Noah Kahan,14,9,8
2024-01-06,21,Do They Know It's Christmas?,Band Aid,-,16,2
2024-01-06,22,Paint The Town Red,Doja Cat,6,1,21
2024-01-06,23,Merry Christmas,Ed Sheeran & Elton John,-,23,1
2024-01-06,24,I Remember Everything,Zach Bryan Featuring Kacey Musgraves,10,6,18
2024-01-06,25,Prada,"casso, RAYE & D-Block Europe",9,2,17
2024-01-13,1,Lovin On Me,Jack Harlow,6,1,8
2024-01-13,2,Greedy,Tate McRae,14,1,16
2024-01-13,3,Paint The Town Red,Doja Cat,22,1,22
2024-01-13,4,Stick Season,Noah Kahan,20,4,9
2024-01-13,5,Cruel Summer,Taylor Swift,-,2,28
2024-01-13,6,Prada,"casso, RAYE & D-Block Europe",25,2,18
2024-01-13,7,Water,Tyla,-,4,12
2024-01-13,8,I Remember Everything,Zach Bryan Featuring Kacey Musgraves,24,6,19
2024-01-13,9,Something In The Orange,Zach Bryan,-,5,58
2024-01-13,10,Last Night,Morgan Wallen,-,1,46
2024-01-13,11,Strangers,Kenya Grace,-,3,15
2024-01-13,12,Popular,"The Weeknd , Playboi Carti & Madonna",-,8,21
2024-01-13,13,Dance The Night,Dua Lipa,-,3,21
2024-01-13,14,Lose Control,Teddy Swims,-,14,1
2024-01-13,15,Flowers,Miley Cyrus,-,1,46
2024-01-13,16,Fast Car,Luke Combs,-,3,36
2024-01-13,17,Rich Baby Daddy,Drake Featuring Sexyy Red & SZA,-,10,11
2024-01-13,18,Lil Boo Thang,Paul Russell,-,18,3
2024-01-13,19,Mr. Brightside,The Killers,-,19,3
2024-01-13,20,Houdini,Dua Lipa,-,9,4
2024-01-13,21,Calm Down,Rema & Selena Gomez,-,14,44
2024-01-13,22,Confidence,Ocean Alley,-,16,5
2024-01-13,23,Vampire,Olivia Rodrigo,-,1,25
2024-01-13,24,leavemealone,Fred again.. & Baby Keem,-,24,1
2024-01-13,25,Riptide,Vance Joy,-,15,14
2024-01-20,1,Lovin On Me,Jack Harlow,1,1,9
2024-01-20,2,Greedy,Tate McRae,2,1,17
2024-01-20,3,Stick Season,Noah Kahan,4,3,10
2024-01-20,4,Prada,"casso, RAYE & D-Block Europe",6,2,19
2024-01-20,5,Cruel Summer,Taylor Swift,5,2,29
2024-01-20,6,I Remember Everything,Zach Bryan Featuring Kacey Musgraves,8,6,20
2024-01-20,7,Water,Tyla,7,4,13
2024-01-20,8,Paint The Town Red,Doja Cat,3,1,23
2024-01-20,9,Something In The Orange,Zach Bryan,9,5,59
2024-01-20,10,Strangers,Kenya Grace,11,3,16
2024-01-20,11,Last Night,Morgan Wallen,10,1,47
2024-01-20,12,Popular,"The Weeknd , Playboi Carti & Madonna",12,8,22
2024-01-20,13,Lose Control,Teddy Swims,14,13,2
2024-01-20,14,Riptide,Vance Joy,25,14,15
2024-01-20,15,Rich Baby Daddy,Drake Featuring Sexyy Red & SZA,17,10,12
2024-01-20,16,Houdini,Dua Lipa,20,9,5
2024-01-20,17,Fast Car,Luke Combs,16,3,37
2024-01-20,18,I Ain't Worried,OneRepublic,-,2,59
2024-01-20,19,Vampire,Olivia Rodrigo,23,1,26
2024-01-20,20,Lil Boo Thang,Paul Russell,18,18,4
2024-01-20,21,Mr. Brightside,The Killers,19,19,4
2024-01-20,22,leavemealone,Fred again.. & Baby Keem,24,22,2
2024-01-20,23,Dance The Night,Dua Lipa,13,3,22
2024-01-20,24,Flowers,Miley Cyrus,15,1,47
2024-01-20,25,Confidence,Ocean Alley,22,16,6
2024-01-27,1,Lovin On Me,Jack Harlow,1,1,10
2024-01-27,2,Stick Season,Noah Kahan,3,2,11
2024-01-27,3,"Yes, And?",Ariana Grande,-,3,1
2024-01-27,4,Greedy,Tate McRae,2,1,18
2024-01-27,5,Prada,"casso, RAYE & D-Block Europe",4,2,20
2024-01-27,6,Cruel Summer,Taylor Swift,5,2,30
2024-01-27,7,I Remember Everything,Zach Bryan Featuring Kacey Musgraves,6,6,21
2024-01-27,8,Water,Tyla,7,4,14
2024-01-27,9,Paint The Town Red,Doja Cat,8,1,24
2024-01-27,10,Lose Control,Teddy Swims,13,10,3
2024-01-27,11,Something In The Orange,Zach Bryan,9,5,60
2024-01-27,12,Strangers,Kenya Grace,10,3,17
2024-01-27,13,Popular,"The Weeknd , Playboi Carti & Madonna",12,8,23
2024-01-27,14,Murder On The Dancefloor,Sophie Ellis-Bextor,-,14,1
2024-01-27,15,Last Night,Morgan Wallen,11,1,48
2024-01-27,16,Houdini,Dua Lipa,16,9,6
2024-01-27,17,Riptide,Vance Joy,14,14,16
2024-01-27,18,Rich Baby Daddy,Drake Featuring Sexyy Red & SZA,15,10,13
2024-01-27,19,leavemealone,Fred again.. & Baby Keem,22,19,3
2024-01-27,20,Unwritten,Natasha Bedingfield,-,20,1
2024-01-27,21,Vampire,Olivia Rodrigo,19,1,27
2024-01-27,22,Surround Sound,JID Featuring 21 Savage & Baby Tate,-,22,1
2024-01-27,23,Redrum,21 Savage,-,23,1
2024-01-27,24,Mr. Brightside,The Killers,21,19,5
2024-01-27,25,Fast Car,Luke Combs,17,3,38
2024-02-03,1,Lovin On Me,Jack Harlow,1,1,11
2024-02-03,2,Stick Season,Noah Kahan,2,2,12
2024-02-03,3,Greedy,Tate McRae,4,1,19
2024-02-03,4,"Yes, And?",Ariana Grande,3,3,2
2024-02-03,5,Prada,"casso, RAYE & D-Block Europe",5,2,21
2024-02-03,6,Cruel Summer,Taylor Swift,6,2,31
2024-02-03,7,Murder On The Dancefloor,Sophie Ellis-Bextor,14,7,2
2024-02-03,8,I Remember Everything,Zach Bryan Featuring Kacey Musgraves,7,6,22
2024-02-03,9,Lose Control,Teddy Swims,10,9,4
2024-02-03,10,Something In The Orange,Zach Bryan,11,5,61
2024-02-03,11,Paint The Town Red,Doja Cat,9,1,25
2024-02-03,12,Water,Tyla,8,4,15
2024-02-03,13,Strangers,Kenya Grace,12,3,18
2024-02-03,14,Popular,"The Weeknd , Playboi Carti & Madonna",13,8,24
2024-02-03,15,Last Night,Morgan Wallen,15,1,49
2024-02-03,16,Unwritten,Natasha Bedingfield,20,16,2
2024-02-03,17,Houdini,Dua Lipa,16,9,7
2024-02-03,18,Beautiful Things,Benson Boone,-,18,1
2024-02-03,19,Rich Baby Daddy,Drake Featuring Sexyy Red & SZA,18,10,14
2024-02-03,20,Redrum,21 Savage,23,20,2
2024-02-03,21,leavemealone,Fred again.. & Baby Keem,19,19,4
2024-02-03,22,Riptide,Vance Joy,17,14,17
2024-02-03,23,Feather,Sabrina Carpenter,-,23,1
2024-02-03,24,Surround Sound,JID Featuring 21 Savage & Baby Tate,22,22,2
2024-02-03,25,Dance The Night,Dua Lipa,-,3,23
2024-02-10,1,Stick Season,Noah Kahan,2,1,13
2024-02-10,2,Lovin On Me,Jack Harlow,1,1,12
2024-02-10,3,Prada,"casso, RAYE & D-Block Europe",5,2,22
2024-02-10,4,Greedy,Tate McRae,3,1,20
2024-02-10,5,Cruel Summer,Taylor Swift,6,2,32
2024-02-10,6,Lose Control,Teddy Swims,9,6,5
2024-02-10,7,Paint The Town Red,Doja Cat,11,1,26
2024-02-10,8,I Remember Everything,Zach Bryan Featuring Kacey Musgraves,8,6,23
2024-02-10,9,Beautiful Things,Benson Boone,18,9,2
2024-02-10,10,Murder On The Dancefloor,Sophie Ellis-Bextor,7,7,3
2024-02-10,11,Popular,"The Weeknd , Playboi Carti & Madonna",14,8,25
2024-02-10,12,Saving Up,Dom Dolla,-,12,1
2024-02-10,13,"Yes, And?",Ariana Grande,4,3,3
2024-02-10,14,Strangers,Kenya Grace,13,3,19
2024-02-10,15,Something In The Orange,Zach Bryan,10,5,62
2024-02-10,16,Water,Tyla,12,4,16
2024-02-10,17,Last Night,Morgan Wallen,15,1,50
2024-02-10,18,Redrum,21 Savage,20,18,3
2024-02-10,19,Unwritten,Natasha Bedingfield,16,16,3
2024-02-10,20,Houdini,Dua Lipa,17,9,8
2024-02-10,21,Feather,Sabrina Carpenter,23,21,2
2024-02-10,22,Rich Baby Daddy,Drake Featuring Sexyy Red & SZA,19,10,15
2024-02-10,23,Never Lose Me,Flo Milli,-,23,1
2024-02-10,24,Riptide,Vance Joy,22,14,18
2024-02-10,25,Vampire,Olivia Rodrigo,-,1,28
2024-02-17,1,Stick Season,Noah Kahan,1,1,14
2024-02-17,2,Lovin On Me,Jack Harlow,2,1,13
2024-02-17,3,Beautiful Things,Benson Boone,9,3,3
2024-02-17,4,Greedy,Tate McRae,4,1,21
2024-02-17,5,Prada,"casso, RAYE & D-Block Europe",3,2,23
2024-02-17,6,Cruel Summer,Taylor Swift,5,2,33
2024-02-17,7,Lose Control,Teddy Swims,6,6,6
2024-02-17,8,I Remember Everything,Zach Bryan Featuring Kacey Musgraves,8,6,24
2024-02-17,9,Murder On The Dancefloor,Sophie Ellis-Bextor,10,7,4
2024-02-17,10,Saving Up,Dom Dolla,12,10,2
2024-02-17,11,Popular,"The Weeknd , Playboi Carti & Madonna",11,8,26
2024-02-17,12,Something In The Orange,Zach Bryan,15,5,63
2024-02-17,13,Paint The Town Red,Doja Cat,7,1,27
2024-02-17,14,Strangers,Kenya Grace,14,3,20
2024-02-17,15,"Yes, And?",Ariana Grande,13,3,4
2024-02-17,16,Water,Tyla,16,4,17
2024-02-17,17,Houdini,Dua Lipa,20,9,9
2024-02-17,18,Unwritten,Natasha Bedingfield,19,16,4
2024-02-17,19,Redrum,21 Savage,18,18,4
2024-02-17,20,Last Night,Morgan Wallen,17,1,51
2024-02-17,21,Never Lose Me,Flo Milli,23,21,2
2024-02-17,22,Praise Jah In The Moonlight,YG Marley,-,22,1
2024-02-17,23,Rich Baby Daddy,Drake Featuring Sexyy Red & SZA,22,10,16
2024-02-17,24,Exes,Tate McRae,-,16,4
2024-02-17,25,leavemealone,Fred again.. & Baby Keem,-,19,5
2024-02-24,1,Stick Season,Noah Kahan,1,1,15
2024-02-24,2,Beautiful Things,Benson Boone,3,2,4
2024-02-24,3,Lovin On Me,Jack Harlow,2,1,14
2024-02-24,4,Cruel Summer,Taylor Swift,6,2,34
2024-02-24,5,Greedy,Tate McRae,4,1,22
2024-02-24,6,Prada,"casso, RAYE & D-Block Europe",5,2,24
2024-02-24,7,Lose Control,Teddy Swims,7,6,7
2024-02-24,8,I Remember Everything,Zach Bryan Featuring Kacey Musgraves,8,6,25
2024-02-24,9,Saving Up,Dom Dolla,10,9,3
2024-02-24,10,Something In The Orange,Zach Bryan,12,5,64
2024-02-24,11,Carnival,¥$: Ye & Ty Dolla $ign Featuring Rich The Kid & Playboi Carti,-,11,1
2024-02-24,12,Murder On The Dancefloor,Sophie Ellis-Bextor,9,7,5
2024-02-24,13,Anti-Hero,Taylor Swift,-,1,48
2024-02-24,14,Strangers,Kenya Grace,14,3,21
2024-02-24,15,Redrum,21 Savage,19,15,5
2024-02-24,16,Houdini,Dua Lipa,17,9,10
2024-02-24,17,Paint The Town Red,Doja Cat,13,1,28
2024-02-24,18,Last Night,Morgan Wallen,20,1,52
2024-02-24,19,Water,Tyla,16,4,18
2024-02-24,20,Snooze,SZA,-,18,3
2024-02-24,21,Praise Jah In The Moonlight,YG Marley,22,21,2
2024-02-24,22,Unwritten,Natasha Bedingfield,18,16,5
2024-02-24,23,Flowers,Miley Cyrus,-,1,48
2024-02-24,24,Popular,"The Weeknd , Playboi Carti & Madonna",11,8,27
2024-02-24,25,Rich Baby Daddy,Drake Featuring Sexyy Red & SZA,23,10,17
2024-03-02,1,Cruel Summer,Taylor Swift,4,1,35
2024-03-02,2,Beautiful Things,Benson Boone,2,2,5
2024-03-02,3,Stick Season,Noah Kahan,1,1,16
2024-03-02,4,Texas Hold 'Em,Beyonce,-,4,1
2024-03-02,5,Lovin On Me,Jack Harlow,3,1,15
2024-03-02,6,Greedy,Tate McRae,5,1,23
2024-03-02,7,Lose Control,Teddy Swims,7,6,8
2024-03-02,8,Anti-Hero,Taylor Swift,13,1,49
2024-03-02,9,Prada,"casso, RAYE & D-Block Europe",6,2,25
2024-03-02,10,Lover,Taylor Swift,-,10,1
2024-03-02,11,I Remember Everything,Zach Bryan Featuring Kacey Musgraves,8,6,26
2024-03-02,12,Carnival,¥$: Ye & Ty Dolla $ign Featuring Rich The Kid & Playboi Carti,11,11,2
2024-03-02,13,Saving Up,Dom Dolla,9,9,4
2024-03-02,14,Training Season,Dua Lipa,-,14,1
2024-03-02,15,Don't Blame Me,Taylor Swift,-,15,1
2024-03-02,16,Something In The Orange,Zach Bryan,10,5,65
2024-03-02,17,Karma,Taylor Swift Featuring Ice Spice,-,3,13
2024-03-02,18,Praise Jah In The Moonlight,YG Marley,21,18,3
2024-03-02,19,"Yes, And?",Ariana Grande,-,3,5
2024-03-02,20,Flowers,Miley Cyrus,23,1,49
2024-03-02,21,Snooze,SZA,20,18,4
2024-03-02,22,Redrum,21 Savage,15,15,6
2024-03-02,23,Murder On The Dancefloor,Sophie Ellis-Bextor,12,7,6
2024-03-02,24,Houdini,Dua Lipa,16,9,11
2024-03-02,25,Cardigan,Taylor Swift,-,25,1
2024-03-09,1,Cruel Summer,Taylor Swift,1,1,36
2024-03-09,2,Beautiful Things,Benson Boone,2,2,6
2024-03-09,3,Texas Hold 'Em,Beyonce,4,3,2
2024-03-09,4,Stick Season,Noah Kahan,3,1,17
2024-03-09,5,Lovin On Me,Jack Harlow,5,1,16
2024-03-09,6,Greedy,Tate McRae,6,1,24
2024-03-09,7,Lose Control,Teddy Swims,7,6,9
2024-03-09,8,Saturn,SZA,-,8,1
2024-03-09,9,Carnival,¥$: Ye & Ty Dolla $ign Featuring Rich The Kid & Playboi Carti,12,9,3
2024-03-09,10,Prada,"casso, RAYE & D-Block Europe",9,2,26
2024-03-09,11,I Remember Everything,Zach Bryan Featuring Kacey Musgraves,11,6,27
2024-03-09,12,Anti-Hero,Taylor Swift,8,1,50
2024-03-09,13,Lover,Taylor Swift,10,10,2
2024-03-09,14,End Of Beginning,Djo,-,14,1
2024-03-09,15,Something In The Orange,Zach Bryan,16,5,66
2024-03-09,16,Saving Up,Dom Dolla,13,9,5
2024-03-09,17,Redrum,21 Savage,22,15,7
2024-03-09,18,Praise Jah In The Moonlight,YG Marley,18,18,4
2024-03-09,19,Karma,Taylor Swift Featuring Ice Spice,17,3,14
2024-03-09,20,Unwritten,Natasha Bedingfield,-,16,6
2024-03-09,21,Don't Blame Me,Taylor Swift,15,15,2
2024-03-09,22,Feather,Sabrina Carpenter,-,21,3
2024-03-09,23,Snooze,SZA,21,18,5
2024-03-09,24,Home,Good Neighbours,-,24,1
2024-03-09,25,Scared To Start,Michael Marcagi,-,25,1
2024-03-16,1,Beautiful Things,Benson Boone,2,1,7
2024-03-16,2,Cruel Summer,Taylor Swift,1,1,37
2024-03-16,3,Texas Hold 'Em,Beyonce,3,3,3
2024-03-16,4,Stick Season,Noah Kahan,4,1,18
2024-03-16,5,Carnival,¥$: Ye & Ty Dolla $ign Featuring Rich The Kid & Playboi Carti,9,5,4
2024-03-16,6,Lose Control,Teddy Swims,7,6,10
2024-03-16,7,Greedy,Tate McRae,6,1,25
2024-03-16,8,End Of Beginning,Djo,14,8,2
2024-03-16,9,Lovin On Me,Jack Harlow,5,1,17
2024-03-16,10,Prada,"casso, RAYE & D-Block Europe",10,2,27
2024-03-16,11,I Remember Everything,Zach Bryan Featuring Kacey Musgraves,11,6,28
2024-03-16,12,Saturn,SZA,8,8,2
2024-03-16,13,leavemealone,Fred again.. & Baby Keem,-,13,6
2024-03-16,14,Something In The Orange,Zach Bryan,15,5,67
2024-03-16,15,Redrum,21 Savage,17,15,8
2024-03-16,16,Scared To Start,Michael Marcagi,25,16,2
2024-03-16,17,Anti-Hero,Taylor Swift,12,1,51
2024-03-16,18,Water,Tyla,-,4,19
2024-03-16,19,Last Night,Morgan Wallen,-,1,53
2024-03-16,20,Strangers,Kenya Grace,-,3,22
2024-03-16,21,Saving Up,Dom Dolla,16,9,6
2024-03-16,22,Feather,Sabrina Carpenter,22,21,4
2024-03-16,23,Home,Good Neighbours,24,23,2
2024-03-16,24,Training Season,Dua Lipa,-,14,2
2024-03-16,25,Houdini,Dua Lipa,-,9,12
2024-03-23,1,Beautiful Things,Benson Boone,1,1,8
2024-03-23,2,We Can't Be Friends (Wait For Your Love),Ariana Grande,-,2,1
2024-03-23,3,End Of Beginning,Djo,8,3,3
2024-03-23,4,Stick Season,Noah Kahan,4,1,19
2024-03-23,5,Cruel Summer,Taylor Swift,2,1,38
2024-03-23,6,Lose Control,Teddy Swims,6,6,11
2024-03-23,7,Texas Hold 'Em,Beyonce,3,3,4
2024-03-23,8,Carnival,¥$: Ye & Ty Dolla $ign Featuring Rich The Kid & Playboi Carti,5,5,5
2024-03-23,9,Greedy,Tate McRae,7,1,26
2024-03-23,10,Lovin On Me,Jack Harlow,9,1,18
2024-03-23,11,I Remember Everything,Zach Bryan Featuring Kacey Musgraves,11,6,29
2024-03-23,12,Prada,"casso, RAYE & D-Block Europe",10,2,28
2024-03-23,13,Saturn,SZA,12,8,3
2024-03-23,14,leavemealone,Fred again.. & Baby Keem,13,13,7
2024-03-23,15,"Yes, And?",Ariana Grande,-,3,6
2024-03-23,16,Scared To Start,Michael Marcagi,16,16,3
2024-03-23,17,Something In The Orange,Zach Bryan,14,5,68
2024-03-23,18,Home,Good Neighbours,23,18,3
2024-03-23,19,Water,Tyla,18,4,20
2024-03-23,20,Bye,Ariana Grande,-,20,1
2024-03-23,21,The Boy Is Mine,"Ariana Grande , Brandy & Monica",-,21,1
2024-03-23,22,Redrum,21 Savage,15,15,9
2024-03-23,23,Strangers,Kenya Grace,20,3,23
2024-03-23,24,Eternal Sunshine,Ariana Grande,-,24,1
2024-03-23,25,Last Night,Morgan Wallen,19,1,54
2024-03-30,1,Beautiful Things,Benson Boone,1,1,9
2024-03-30,2,We Can't Be Friends (Wait For Your Love),Ariana Grande,2,2,2
2024-03-30,3,End Of Beginning,Djo,3,3,4
2024-03-30,4,Stick Season,Noah Kahan,4,1,20
2024-03-30,5,Lose Control,Teddy Swims,6,5,12
2024-03-30,6,Cruel Summer,Taylor Swift,5,1,39
2024-03-30,7,Texas Hold 'Em,Beyonce,7,3,5
2024-03-30,8,Greedy,Tate McRae,9,1,27
2024-03-30,9,Carnival,¥$: Ye & Ty Dolla $ign Featuring Rich The Kid & Playboi Carti,8,5,6
2024-03-30,10,Lovin On Me,Jack Harlow,10,1,19
2024-03-30,11,I Remember Everything,Zach Bryan Featuring Kacey Musgraves,11,6,30
2024-03-30,12,Scared To Start,Michael Marcagi,16,12,4
2024-03-30,13,leavemealone,Fred again.. & Baby Keem,14,13,8
2024-03-30,14,Prada,"casso, RAYE & D-Block Europe",12,2,29
2024-03-30,15,Saturn,SZA,13,8,4
2024-03-30,16,Something In The Orange,Zach Bryan,17,5,69
2024-03-30,17,Home,Good Neighbours,18,17,4
2024-03-30,18,Water,Tyla,19,4,21
2024-03-30,19,Strangers,Kenya Grace,23,3,24
2024-03-30,20,Stumblin' In,CYRIL,-,20,1
2024-03-30,21,Last Night,Morgan Wallen,25,1,55
2024-03-30,22,Redrum,21 Savage,22,15,10
2024-03-30,23,Saving Up,Dom Dolla,-,9,7
2024-03-30,24,Austin,Dasha,-,24,1
2024-03-30,25,"Yes, And?",Ariana Grande,15,3,7
2024-04-06,1,Beautiful Things,Benson Boone,1,1,10
2024-04-06,2,End Of Beginning,Djo,3,2,5
2024-04-06,3,We Can't Be Friends (Wait For Your Love),Ariana Grande,2,2,3
2024-04-06,4,Stick Season,Noah Kahan,4,1,21
2024-04-06,5,Lose Control,Teddy Swims,5,5,13
2024-04-06,6,Cruel Summer,Taylor Swift,6,1,40
2024-04-06,7,Like That,"Future , Metro Boomin & Kendrick Lamar",-,7,1
2024-04-06,8,Greedy,Tate McRae,8,1,28
2024-04-06,9,Texas Hold 'Em,Beyonce,7,3,6
2024-04-06,10,Too Sweet,Hozier,-,10,1
2024-04-06,11,Scared To Start,Michael Marcagi,12,11,5
2024-04-06,12,Lovin On Me,Jack Harlow,10,1,20
2024-04-06,13,I Remember Everything,Zach Bryan Featuring Kacey Musgraves,11,6,31
2024-04-06,14,Carnival,¥$: Ye & Ty Dolla $ign Featuring Rich The Kid & Playboi Carti,9,5,7
2024-04-06,15,Prada,"casso, RAYE & D-Block Europe",14,2,30
2024-04-06,16,Something In The Orange,Zach Bryan,16,5,70
2024-04-06,17,Obsessed,Olivia Rodrigo,-,17,1
2024-04-06,18,leavemealone,Fred again.. & Baby Keem,13,13,9
2024-04-06,19,Saturn,SZA,15,8,5
2024-04-06,20,Water,Tyla,18,4,22
2024-04-06,21,Stumblin' In,CYRIL,20,20,2
2024-04-06,22,Home,Good Neighbours,17,17,5
2024-04-06,23,I Like The Way You Kiss Me,Artemas,-,23,1
2024-04-06,24,Last Night,Morgan Wallen,21,1,56
2024-04-06,25,Austin,Dasha,24,24,2
2024-04-13,1,Beautiful Things,Benson Boone,1,1,11
2024-04-13,2,End Of Beginning,Djo,2,2,6
2024-04-13,3,We Can't Be Friends (Wait For Your Love),Ariana Grande,3,2,4
2024-04-13,4,Too Sweet,Hozier,10,4,2
2024-04-13,5,Stick Season,Noah Kahan,4,1,22
2024-04-13,6,Lose Control,Teddy Swims,5,5,14
2024-04-13,7,Texas Hold 'Em,Beyonce,9,3,7
2024-04-13,8,I Like The Way You Kiss Me,Artemas,23,8,2
2024-04-13,9,Cruel Summer,Taylor Swift,6,1,41
2024-04-13,10,Like That,"Future , Metro Boomin & Kendrick Lamar",7,7,2
2024-04-13,11,Greedy,Tate McRae,8,1,29
2024-04-13,12,Scared To Start,Michael Marcagi,11,11,6
2024-04-13,13,I Remember Everything,Zach Bryan Featuring Kacey Musgraves,13,6,32
2024-04-13,14,Lovin On Me,Jack Harlow,12,1,21
2024-04-13,15,Carnival,¥$: Ye & Ty Dolla $ign Featuring Rich The Kid & Playboi Carti,14,5,8
2024-04-13,16,Something In The Orange,Zach Bryan,16,5,71
2024-04-13,17,Prada,"casso, RAYE & D-Block Europe",15,2,31
2024-04-13,18,leavemealone,Fred again.. & Baby Keem,18,13,10
2024-04-13,19,II Most Wanted,Beyonce & Miley Cyrus,-,19,1
2024-04-13,20,Stumblin' In,CYRIL,21,20,3
2024-04-13,21,Saturn,SZA,19,8,6
2024-04-13,22,Austin,Dasha,25,22,3
2024-04-13,23,Home,Good Neighbours,22,17,6
2024-04-13,24,Last Night,Morgan Wallen,24,1,57
2024-04-13,25,Water,Tyla,20,4,23
2024-04-20,1,Beautiful Things,Benson Boone,1,1,12
2024-04-20,2,Too Sweet,Hozier,4,2,3
2024-04-20,3,I Like The Way You Kiss Me,Artemas,8,3,3
2024-04-20,4,End Of Beginning,Djo,2,2,7
2024-04-20,5,Stick Season,Noah Kahan,5,1,23
2024-04-20,6,Lose Control,Teddy Swims,6,5,15
2024-04-20,7,We Can't Be Friends (Wait For Your Love),Ariana Grande,3,2,5
2024-04-20,8,Texas Hold 'Em,Beyonce,7,3,8
2024-04-20,9,Cruel Summer,Taylor Swift,9,1,42
2024-04-20,10,Scared To Start,Michael Marcagi,12,10,7
2024-04-20,11,Greedy,Tate McRae,11,1,30
2024-04-20,12,Like That,"Future , Metro Boomin & Kendrick Lamar",10,7,3
2024-04-20,13,I Remember Everything,Zach Bryan Featuring Kacey Musgraves,13,6,33
2024-04-20,14,Austin,Dasha,22,14,4
2024-04-20,15,Prada,"casso, RAYE & D-Block Europe",17,2,32
2024-04-20,16,Lovin On Me,Jack Harlow,14,1,22
2024-04-20,17,Something In The Orange,Zach Bryan,16,5,72
2024-04-20,18,Stumblin' In,CYRIL,20,18,4
2024-04-20,19,Saturn,SZA,21,8,7
2024-04-20,20,Home,Good Neighbours,23,17,7
2024-04-20,21,leavemealone,Fred again.. & Baby Keem,18,13,11
2024-04-20,22,Carnival,¥$: Ye & Ty Dolla $ign Featuring Rich The Kid & Playboi Carti,15,5,9
2024-04-20,23,Water,Tyla,25,4,24
2024-04-20,24,Last Night,Morgan Wallen,24,1,58
2024-04-20,25,Slow It Down,Benson Boone,-,25,1
2024-04-27,1,Too Sweet,Hozier,2,1,4
2024-04-27,2,Beautiful Things,Benson Boone,1,1,13
2024-04-27,3,I Like The Way You Kiss Me,Artemas,3,3,4
2024-04-27,4,Stick Season,Noah Kahan,5,1,24
2024-04-27,5,Lose Control,Teddy Swims,6,5,16
2024-04-27,6,End Of Beginning,Djo,4,2,8
2024-04-27,7,Espresso,Sabrina Carpenter,-,7,1
2024-04-27,8,We Can't Be Friends (Wait For Your Love),Ariana Grande,7,2,6
2024-04-27,9,Cruel Summer,Taylor Swift,9,1,43
2024-04-27,10,Greedy,Tate McRae,11,1,31
2024-04-27,11,Austin,Dasha,14,11,5
2024-04-27,12,Scared To Start,Michael Marcagi,10,10,8
2024-04-27,13,I Remember Everything,Zach Bryan Featuring Kacey Musgraves,13,6,34
2024-04-27,14,Texas Hold 'Em,Beyonce,8,3,9
2024-04-27,15,Like That,"Future , Metro Boomin & Kendrick Lamar",12,7,4
2024-04-27,16,Prada,"casso, RAYE & D-Block Europe",15,2,33
2024-04-27,17,Saturn,SZA,19,8,8
2024-04-27,18,Lovin On Me,Jack Harlow,16,1,23
2024-04-27,19,Something In The Orange,Zach Bryan,17,5,73
2024-04-27,20,Stumblin' In,CYRIL,18,18,5
2024-04-27,21,Home,Good Neighbours,20,17,8
2024-04-27,22,Last Night,Morgan Wallen,24,1,59
2024-04-27,23,Illusion,Dua Lipa,-,23,1
2024-04-27,24,Water,Tyla,23,4,25
2024-04-27,25,Tell Ur Girlfriend,Lay Bankz,-,25,1
2024-05-04,1,Fortnight,Taylor Swift Featuring Post Malone,-,1,1
2024-05-04,2,Down Bad,Taylor Swift,-,2,1
2024-05-04,3,The Tortured Poets Department,Taylor Swift,-,3,1
2024-05-04,4,I Can Do It With A Broken Heart,Taylor Swift,-,4,1
2024-05-04,5,"So Long, London",Taylor Swift,-,5,1
2024-05-04,6,My Boy Only Breaks His Favorite Toys,Taylor Swift,-,6,1
2024-05-04,7,But Daddy I Love Him,Taylor Swift,-,7,1
2024-05-04,8,Florida!!!,Taylor Swift Featuring Florence + The Machine,-,8,1
2024-05-04,9,Who's Afraid Of Little Old Me?,Taylor Swift,-,9,1
2024-05-04,10,Too Sweet,Hozier,1,1,5
2024-05-04,11,Beautiful Things,Benson Boone,2,1,14
2024-05-04,12,I Like The Way You Kiss Me,Artemas,3,3,5
2024-05-04,13,Espresso,Sabrina Carpenter,7,7,2
2024-05-04,14,Guilty As Sin?,Taylor Swift,-,14,1
2024-05-04,15,Fresh Out The Slammer,Taylor Swift,-,15,1
2024-05-04,16,loml,Taylor Swift,-,16,1
2024-05-04,17,The Smallest Man Who Ever Lived,Taylor Swift,-,17,1
2024-05-04,18,The Alchemy,Taylor Swift,-,18,1
2024-05-04,19,I Can Fix Him (No Really I Can),Taylor Swift,-,19,1
2024-05-04,20,Stick Season,Noah Kahan,4,1,25
2024-05-04,21,Clara Bow,Taylor Swift,-,21,1
2024-05-04,22,Lose Control,Teddy Swims,5,5,17
2024-05-04,23,End Of Beginning,Djo,6,2,9
2024-05-04,24,We Can't Be Friends (Wait For Your Love),Ariana Grande,8,2,7
2024-05-04,25,The Black Dog,Taylor Swift,-,25,1
2024-05-11,1,Fortnight,Taylor Swift Featuring Post Malone,1,1,2
2024-05-11,2,Espresso,Sabrina Carpenter,13,2,3
2024-05-11,3,A Bar Song (Tipsy),Shaboozey,-,3,1
2024-05-11,4,I Like The Way You Kiss Me,Artemas,12,3,6
2024-05-11,5,Beautiful Things,Benson Boone,11,1,15
2024-05-11,6,Too Sweet,Hozier,10,1,6
2024-05-11,7,I Can Do It With A Broken Heart,Taylor Swift,4,4,2
2024-05-11,8,Down Bad,Taylor Swift,2,2,2
2024-05-11,9,Lose Control,Teddy Swims,22,5,18
2024-05-11,10,Stick Season,Noah Kahan,20,1,26
2024-05-11,11,"So Long, London",Taylor Swift,5,5,2
2024-05-11,12,End Of Beginning,Djo,23,2,10
2024-05-11,13,Who's Afraid Of Little Old Me?,Taylor Swift,9,9,2
2024-05-11,14,My Boy Only Breaks His Favorite Toys,Taylor Swift,6,6,2
2024-05-11,15,The Tortured Poets Department,Taylor Swift,3,3,2
2024-05-11,16,Florida!!!,Taylor Swift Featuring Florence + The Machine,8,8,2
2024-05-11,17,But Daddy I Love Him,Taylor Swift,7,7,2
2024-05-11,18,Guilty As Sin?,Taylor Swift,14,14,2
2024-05-11,19,Austin,Dasha,-,11,6
2024-05-11,20,We Can't Be Friends (Wait For Your Love),Ariana Grande,24,2,8
2024-05-11,21,Saturn,SZA,-,8,9
2024-05-11,22,Scared To Start,Michael Marcagi,-,10,9
2024-05-11,23,Greedy,Tate McRae,-,1,32
2024-05-11,24,Belong Together,Mark Ambor,-,24,1
2024-05-11,25,I Remember Everything,Zach Bryan Featuring Kacey Musgraves,-,6,35
2024-05-18,1,Million Dollar Baby,Tommy Richman,-,1,1
2024-05-18,2,Espresso,Sabrina Carpenter,2,2,4
2024-05-18,3,A Bar Song (Tipsy),Shaboozey,3,3,2
2024-05-18,4,Fortnight,Taylor Swift Featuring Post Malone,1,1,3
2024-05-18,5,Beautiful Things,Benson Boone,5,1,16
2024-05-18,6,Too Sweet,Hozier,6,1,7
2024-05-18,7,I Like The Way You Kiss Me,Artemas,4,3,7
2024-05-18,8,Not Like Us,Kendrick Lamar,-,8,1
2024-05-18,9,Euphoria,Kendrick Lamar,-,9,1
2024-05-18,10,Lose Control,Teddy Swims,9,5,19
2024-05-18,11,I Can Do It With A Broken Heart,Taylor Swift,7,4,3
2024-05-18,12,Stick Season,Noah Kahan,10,1,27
2024-05-18,13,Austin,Dasha,19,11,7
2024-05-18,14,Down Bad,Taylor Swift,8,2,3
2024-05-18,15,End Of Beginning,Djo,12,2,11
2024-05-18,16,We Can't Be Friends (Wait For Your Love),Ariana Grande,20,2,9
2024-05-18,17,Like That,"Future , Metro Boomin & Kendrick Lamar",-,7,5
2024-05-18,18,Family Matters,Drake,-,18,1
2024-05-18,19,Belong Together,Mark Ambor,24,19,2
2024-05-18,20,Saturn,SZA,21,8,10
2024-05-18,21,Scared To Start,Michael Marcagi,22,10,10
2024-05-18,22,I Remember Everything,Zach Bryan Featuring Kacey Musgraves,25,6,36
2024-05-18,23,"So Long, London",Taylor Swift,11,5,3
2024-05-18,24,Who's Afraid Of Little Old Me?,Taylor Swift,13,9,3
2024-05-18,25,Cruel Summer,Taylor Swift,-,1,44
2024-05-25,1,Million Dollar Baby,Tommy Richman,1,1,2
2024-05-25,2,I Had Some Help,Post Malone Featuring Morgan Wallen,-,2,1
2024-05-25,3,A Bar Song (Tipsy),Shaboozey,3,3,3
2024-05-25,4,Espresso,Sabrina Carpenter,2,2,5
2024-05-25,5,Not Like Us,Kendrick Lamar,8,5,2
2024-05-25,6,Beautiful Things,Benson Boone,5,1,17
2024-05-25,7,Fortnight,Taylor Swift Featuring Post Malone,4,1,4
2024-05-25,8,Too Sweet,Hozier,6,1,8
2024-05-25,9,I Like The Way You Kiss Me,Artemas,7,3,8
2024-05-25,10,Lose Control,Teddy Swims,10,5,20
2024-05-25,11,I Can Do It With A Broken Heart,Taylor Swift,11,4,4
2024-05-25,12,Stick Season,Noah Kahan,12,1,28
2024-05-25,13,Austin,Dasha,13,11,8
2024-05-25,14,End Of Beginning,Djo,15,2,12
2024-05-25,15,Down Bad,Taylor Swift,14,2,4
2024-05-25,16,Belong Together,Mark Ambor,19,16,3
2024-05-25,17,We Can't Be Friends (Wait For Your Love),Ariana Grande,16,2,10
2024-05-25,18,Euphoria,Kendrick Lamar,9,9,2
2024-05-25,19,Scared To Start,Michael Marcagi,21,10,11
2024-05-25,20,Like That,"Future , Metro Boomin & Kendrick Lamar",17,7,6
2024-05-25,21,I Remember Everything,Zach Bryan Featuring Kacey Musgraves,22,6,37
2024-05-25,22,Saturn,SZA,20,8,11
2024-05-25,23,Who's Afraid Of Little Old Me?,Taylor Swift,24,9,4
2024-05-25,24,Slow It Down,Benson Boone,-,24,2
2024-05-25,25,Cruel Summer,Taylor Swift,25,1,45
2024-06-01,1,Million Dollar Baby,Tommy Richman,1,1,3
2024-06-01,2,I Had Some Help,Post Malone Featuring Morgan Wallen,2,2,2
2024-06-01,3,A Bar Song (Tipsy),Shaboozey,3,3,4
2024-06-01,4,Espresso,Sabrina Carpenter,4,2,6
2024-06-01,5,Lunch,Billie Eilish,-,5,1
2024-06-01,6,Not Like Us,Kendrick Lamar,5,5,3
2024-06-01,7,Chihiro,Billie Eilish,-,7,1
2024-06-01,8,Beautiful Things,Benson Boone,6,1,18
2024-06-01,9,Birds Of A Feather,Billie Eilish,-,9,1
2024-06-01,10,Too Sweet,Hozier,8,1,9
2024-06-01,11,Fortnight,Taylor Swift Featuring Post Malone,7,1,5
2024-06-01,12,I Like The Way You Kiss Me,Artemas,9,3,9
2024-06-01,13,Wildflower,Billie Eilish,-,13,1
2024-06-01,14,Skinny,Billie Eilish,-,14,1
2024-06-01,15,Lose Control,Teddy Swims,10,5,21
2024-06-01,16,L'amour De Ma Vie,Billie Eilish,-,16,1
2024-06-01,17,Austin,Dasha,13,11,9
2024-06-01,18,Stick Season,Noah Kahan,12,1,29
2024-06-01,19,The Greatest,Billie Eilish,-,19,1
2024-06-01,20,Blue,Billie Eilish,-,20,1
2024-06-01,21,I Can Do It With A Broken Heart,Taylor Swift,11,4,5
2024-06-01,22,The Diner,Billie Eilish,-,22,1
2024-06-01,23,We Can't Be Friends (Wait For Your Love),Ariana Grande,17,2,11
2024-06-01,24,End Of Beginning,Djo,14,2,13
2024-06-01,25,Stargazing,Myles Smith,-,25,1
2024-06-08,1,Million Dollar Baby,Tommy Richman,1,1,4
2024-06-08,2,A Bar Song (Tipsy),Shaboozey,3,2,5
2024-06-08,3,I Had Some Help,Post Malone Featuring Morgan Wallen,2,2,3
2024-06-08,4,Espresso,Sabrina Carpenter,4,2,7
2024-06-08,5,Lunch,Billie Eilish,5,5,2
2024-06-08,6,Birds Of A Feather,Billie Eilish,9,6,2
2024-06-08,7,Not Like Us,Kendrick Lamar,6,5,4
2024-06-08,8,Beautiful Things,Benson Boone,8,1,19
2024-06-08,9,Too Sweet,Hozier,10,1,10
2024-06-08,10,Chihiro,Billie Eilish,7,7,2
2024-06-08,11,Fortnight,Taylor Swift Featuring Post Malone,11,1,6
2024-06-08,12,I Like The Way You Kiss Me,Artemas,12,3,10
2024-06-08,13,Lose Control,Teddy Swims,15,5,22
2024-06-08,14,Austin,Dasha,17,11,10
2024-06-08,15,BAND4BAND,Central Cee & Lil Baby,-,15,1
2024-06-08,16,Stick Season,Noah Kahan,18,1,30
2024-06-08,17,Pink Skies,Zach Bryan,-,17,1
2024-06-08,18,Stargazing,Myles Smith,25,18,2
2024-06-08,19,Wildflower,Billie Eilish,13,13,2
2024-06-08,20,L'amour De Ma Vie,Billie Eilish,16,16,2
2024-06-08,21,We Can't Be Friends (Wait For Your Love),Ariana Grande,23,2,12
2024-06-08,22,End Of Beginning,Djo,24,2,14
2024-06-08,23,Scared To Start,Michael Marcagi,-,10,12
2024-06-08,24,I Remember Everything,Zach Bryan Featuring Kacey Musgraves,-,6,38
2024-06-08,25,I Can Do It With A Broken Heart,Taylor Swift,21,4,6
2024-06-15,1,Houdini,Eminem,-,1,1
2024-06-15,2,I Had Some Help,Post Malone Featuring Morgan Wallen,3,2,4
2024-06-15,3,Million Dollar Baby,Tommy Richman,1,1,5
2024-06-15,4,Espresso,Sabrina Carpenter,4,2,8
2024-06-15,5,A Bar Song (Tipsy),Shaboozey,2,2,6
2024-06-15,6,Birds Of A Feather,Billie Eilish,6,6,3
2024-06-15,7,Lunch,Billie Eilish,5,5,3
2024-06-15,8,Beautiful Things,Benson Boone,8,1,20
2024-06-15,9,BAND4BAND,Central Cee & Lil Baby,15,9,2
2024-06-15,10,Too Sweet,Hozier,9,1,11
2024-06-15,11,Not Like Us,Kendrick Lamar,7,5,5
2024-06-15,12,Pink Skies,Zach Bryan,17,12,2
2024-06-15,13,Fortnight,Taylor Swift Featuring Post Malone,11,1,7
2024-06-15,14,I Like The Way You Kiss Me,Artemas,12,3,11
2024-06-15,15,Stargazing,Myles Smith,18,15,3
2024-06-15,16,Lose Control,Teddy Swims,13,5,23
2024-06-15,17,Austin,Dasha,14,11,11
2024-06-15,18,Chihiro,Billie Eilish,10,7,3
2024-06-15,19,Stick Season,Noah Kahan,16,1,31
2024-06-15,20,End Of Beginning,Djo,22,2,15
2024-06-15,21,Wildflower,Billie Eilish,19,13,3
2024-06-15,22,We Can't Be Friends (Wait For Your Love),Ariana Grande,21,2,13
2024-06-15,23,Scared To Start,Michael Marcagi,23,10,13
2024-06-15,24,Belong Together,Mark Ambor,-,16,4
2024-06-15,25,I Remember Everything,Zach Bryan Featuring Kacey Musgraves,24,6,39
2024-06-22,1,Espresso,Sabrina Carpenter,4,1,9
2024-06-22,2,Please Please Please,Sabrina Carpenter,-,2,1
2024-06-22,3,Houdini,Eminem,1,1,2
2024-06-22,4,Birds Of A Feather,Billie Eilish,6,4,4
2024-06-22,5,A Bar Song (Tipsy),Shaboozey,5,2,7
2024-06-22,6,I Had Some Help,Post Malone Featuring Morgan Wallen,2,2,5
2024-06-22,7,Million Dollar Baby,Tommy Richman,3,1,6
2024-06-22,8,Beautiful Things,Benson Boone,8,1,21
2024-06-22,9,Lunch,Billie Eilish,7,5,4
2024-06-22,10,Too Sweet,Hozier,10,1,12
2024-06-22,11,BAND4BAND,Central Cee & Lil Baby,9,9,3
2024-06-22,12,Pink Skies,Zach Bryan,12,12,3
2024-06-22,13,Stargazing,Myles Smith,15,13,4
2024-06-22,14,Not Like Us,Kendrick Lamar,11,5,6
2024-06-22,15,Austin,Dasha,17,11,12
2024-06-22,16,Lose Control,Teddy Swims,16,5,24
2024-06-22,17,Fortnight,Taylor Swift Featuring Post Malone,13,1,8
2024-06-22,18,I Like The Way You Kiss Me,Artemas,14,3,12
2024-06-22,19,Chihiro,Billie Eilish,18,7,4
2024-06-22,20,Stick Season,Noah Kahan,19,1,32
2024-06-22,21,Scared To Start,Michael Marcagi,23,10,14
2024-06-22,22,"Good Luck, Babe!",Chappell Roan,-,22,1
2024-06-22,23,Slow It Down,Benson Boone,-,23,3
2024-06-22,24,End Of Beginning,Djo,20,2,16
2024-06-22,25,Belong Together,Mark Ambor,24,16,5
2024-06-29,1,Please Please Please,Sabrina Carpenter,2,1,2
2024-06-29,2,Espresso,Sabrina Carpenter,1,1,10
2024-06-29,3,A Bar Song (Tipsy),Shaboozey,5,2,8
2024-06-29,4,Birds Of A Feather,Billie Eilish,4,4,5
2024-06-29,5,Million Dollar Baby,Tommy Richman,7,1,7
2024-06-29,6,I Had Some Help,Post Malone Featuring Morgan Wallen,6,2,6
2024-06-29,7,Houdini,Eminem,3,1,3
2024-06-29,8,Beautiful Things,Benson Boone,8,1,22
2024-06-29,9,Too Sweet,Hozier,10,1,13
2024-06-29,10,Austin,Dasha,15,10,13
2024-06-29,11,Stargazing,Myles Smith,13,11,5
2024-06-29,12,Lunch,Billie Eilish,9,5,5
2024-06-29,13,Lose Control,Teddy Swims,16,5,25
2024-06-29,14,BAND4BAND,Central Cee & Lil Baby,11,9,4
2024-06-29,15,Pink Skies,Zach Bryan,12,12,4
2024-06-29,16,Not Like Us,Kendrick Lamar,14,5,7
2024-06-29,17,Fortnight,Taylor Swift Featuring Post Malone,17,1,9
2024-06-29,18,I Like The Way You Kiss Me,Artemas,18,3,13
2024-06-29,19,Stick Season,Noah Kahan,20,1,33
2024-06-29,20,"Good Luck, Babe!",Chappell Roan,22,20,2
2024-06-29,21,Slow It Down,Benson Boone,23,21,4
2024-06-29,22,Scared To Start,Michael Marcagi,21,10,15
2024-06-29,23,Chihiro,Billie Eilish,19,7,5
2024-06-29,24,I Remember Everything,Zach Bryan Featuring Kacey Musgraves,-,6,40
2024-06-29,25,Belong Together,Mark Ambor,25,16,6
2024-07-06,1,Please Please Please,Sabrina Carpenter,1,1,3
2024-07-06,2,Espresso,Sabrina Carpenter,2,1,11
2024-07-06,3,A Bar Song (Tipsy),Shaboozey,3,2,9
2024-07-06,4,Birds Of A Feather,Billie Eilish,4,4,6
2024-07-06,5,I Had Some Help,Post Malone Featuring Morgan Wallen,6,2,7
2024-07-06,6,Million Dollar Baby,Tommy Richman,5,1,8
2024-07-06,7,Beautiful Things,Benson Boone,8,1,23
2024-07-06,8,Houdini,Eminem,7,1,4
2024-07-06,9,Not Like Us,Kendrick Lamar,16,5,8
2024-07-06,10,Too Sweet,Hozier,9,1,14
2024-07-06,11,"Good Luck, Babe!",Chappell Roan,20,11,3
2024-07-06,12,Austin,Dasha,10,10,14
2024-07-06,13,Lose Control,Teddy Swims,13,5,26
2024-07-06,14,Stargazing,Myles Smith,11,11,6
2024-07-06,15,Fortnight,Taylor Swift Featuring Post Malone,17,1,10
2024-07-06,16,Lunch,Billie Eilish,12,5,6
2024-07-06,17,Stick Season,Noah Kahan,19,1,34
2024-07-06,18,I Like The Way You Kiss Me,Artemas,18,3,14
2024-07-06,19,BAND4BAND,Central Cee & Lil Baby,14,9,5
2024-07-06,20,Pink Skies,Zach Bryan,15,12,5
2024-07-06,21,Scared To Start,Michael Marcagi,22,10,16
2024-07-06,22,I Remember Everything,Zach Bryan Featuring Kacey Musgraves,24,6,41
2024-07-06,23,Cruel Summer,Taylor Swift,-,1,46
2024-07-06,24,Slow It Down,Benson Boone,21,21,5
2024-07-06,25,Belong Together,Mark Ambor,25,16,7
2024-07-13,1,Please Please Please,Sabrina Carpenter,1,1,4
2024-07-13,2,Espresso,Sabrina Carpenter,2,1,12
2024-07-13,3,A Bar Song (Tipsy),Shaboozey,3,2,10
2024-07-13,4,Birds Of A Feather,Billie Eilish,4,4,7
2024-07-13,5,I Had Some Help,Post Malone Featuring Morgan Wallen,5,2,8
2024-07-13,6,Million Dollar Baby,Tommy Richman,6,1,9
2024-07-13,7,Beautiful Things,Benson Boone,7,1,24
2024-07-13,8,Not Like Us,Kendrick Lamar,9,5,9
2024-07-13,9,Houdini,Eminem,8,1,5
2024-07-13,10,"Good Luck, Babe!",Chappell Roan,11,10,4
2024-07-13,11,Too Sweet,Hozier,10,1,15
2024-07-13,12,Austin,Dasha,12,10,15
2024-07-13,13,Lose Control,Teddy Swims,13,5,27
2024-07-13,14,Stargazing,Myles Smith,14,11,7
2024-07-13,15,Fortnight,Taylor Swift Featuring Post Malone,15,1,11
2024-07-13,16,Stick Season,Noah Kahan,17,1,35
2024-07-13,17,Lunch,Billie Eilish,16,5,7
2024-07-13,18,I Like The Way You Kiss Me,Artemas,18,3,15
2024-07-13,19,Pink Skies,Zach Bryan,20,12,6
2024-07-13,20,Devil Is A Lie,Tommy Richman,-,20,1
2024-07-13,21,BAND4BAND,Central Cee & Lil Baby,19,9,6
2024-07-13,22,Scared To Start,Michael Marcagi,21,10,17
2024-07-13,23,I Remember Everything,Zach Bryan Featuring Kacey Musgraves,22,6,42
2024-07-13,24,Girls,The Kid Laroi,-,24,1
2024-07-13,25,Belong Together,Mark Ambor,25,16,8
2024-07-20,1,A Bar Song (Tipsy),Shaboozey,3,1,11
2024-07-20,2,Espresso,Sabrina Carpenter,2,1,13
2024-07-20,3,Please Please Please,Sabrina Carpenter,1,1,5
2024-07-20,4,Birds Of A Feather,Billie Eilish,4,4,8
2024-07-20,5,Not Like Us,Kendrick Lamar,8,5,10
2024-07-20,6,I Had Some Help,Post Malone Featuring Morgan Wallen,5,2,9
2024-07-20,7,Million Dollar Baby,Tommy Richman,6,1,10
2024-07-20,8,Beautiful Things,Benson Boone,7,1,25
2024-07-20,9,"Good Luck, Babe!",Chappell Roan,10,9,5
2024-07-20,10,Houdini,Eminem,9,1,6
2024-07-20,11,Too Sweet,Hozier,11,1,16
2024-07-20,12,Lose Control,Teddy Swims,13,5,28
2024-07-20,13,Austin,Dasha,12,10,16
2024-07-20,14,Stargazing,Myles Smith,14,11,8
2024-07-20,15,Fortnight,Taylor Swift Featuring Post Malone,15,1,12
2024-07-20,16,Stick Season,Noah Kahan,16,1,36
2024-07-20,17,Pink Skies,Zach Bryan,19,12,7
2024-07-20,18,Devil Is A Lie,Tommy Richman,20,18,2
2024-07-20,19,I Like The Way You Kiss Me,Artemas,18,3,16
2024-07-20,20,Lunch,Billie Eilish,17,5,8
2024-07-20,21,Girls,The Kid Laroi,24,21,2
2024-07-20,22,I Remember Everything,Zach Bryan Featuring Kacey Musgraves,23,6,43
2024-07-20,23,Scared To Start,Michael Marcagi,22,10,18
2024-07-20,24,BAND4BAND,Central Cee & Lil Baby,21,9,7
2024-07-20,25,Something In The Orange,Zach Bryan,-,5,74
2024-07-27,1,A Bar Song (Tipsy),Shaboozey,1,1,12
2024-07-27,2,Birds Of A Feather,Billie Eilish,4,2,9
2024-07-27,3,Espresso,Sabrina Carpenter,2,1,14
2024-07-27,4,Please Please Please,Sabrina Carpenter,3,1,6
2024-07-27,5,I Had Some Help,Post Malone Featuring Morgan Wallen,6,2,10
2024-07-27,6,Not Like Us,Kendrick Lamar,5,5,11
2024-07-27,7,Houdini,Eminem,10,1,7
2024-07-27,8,Beautiful Things,Benson Boone,8,1,26
2024-07-27,9,Million Dollar Baby,Tommy Richman,7,1,11
2024-07-27,10,"Good Luck, Babe!",Chappell Roan,9,9,6
2024-07-27,11,Lose Control,Teddy Swims,12,5,29
2024-07-27,12,Too Sweet,Hozier,11,1,17
2024-07-27,13,Austin,Dasha,13,10,17
2024-07-27,14,Stargazing,Myles Smith,14,11,9
2024-07-27,15,Fortnight,Taylor Swift Featuring Post Malone,15,1,13
2024-07-27,16,Stick Season,Noah Kahan,16,1,37
2024-07-27,17,Pink Skies,Zach Bryan,17,12,8
2024-07-27,18,Habits,Eminem & White Gold,-,18,1
2024-07-27,19,Scared To Start,Michael Marcagi,23,10,19
2024-07-27,20,Renaissance,Eminem,-,20,1
2024-07-27,21,Girls,The Kid Laroi,21,21,3
2024-07-27,22,Lunch,Billie Eilish,20,5,9
2024-07-27,23,I Remember Everything,Zach Bryan Featuring Kacey Musgraves,22,6,44
2024-07-27,24,Devil Is A Lie,Tommy Richman,18,18,3
2024-07-27,25,I Like The Way You Kiss Me,Artemas,19,3,17
2024-08-03,1,A Bar Song (Tipsy),Shaboozey,1,1,13
2024-08-03,2,Birds Of A Feather,Billie Eilish,2,2,10
2024-08-03,3,Espresso,Sabrina Carpenter,3,1,15
2024-08-03,4,I Had Some Help,Post Malone Featuring Morgan Wallen,5,2,11
2024-08-03,5,Please Please Please,Sabrina Carpenter,4,1,7
2024-08-03,6,Not Like Us,Kendrick Lamar,6,5,12
2024-08-03,7,Beautiful Things,Benson Boone,8,1,27
2024-08-03,8,"Good Luck, Babe!",Chappell Roan,10,8,7
2024-08-03,9,Million Dollar Baby,Tommy Richman,9,1,12
2024-08-03,10,Lose Control,Teddy Swims,11,5,30
2024-08-03,11,Houdini,Eminem,7,1,8
2024-08-03,12,Austin,Dasha,13,10,18
2024-08-03,13,Stargazing,Myles Smith,14,11,10
2024-08-03,14,Too Sweet,Hozier,12,1,18
2024-08-03,15,Stick Season,Noah Kahan,16,1,38
2024-08-03,16,Scared To Start,Michael Marcagi,19,10,20
2024-08-03,17,Pink Skies,Zach Bryan,17,12,9
2024-08-03,18,Fortnight,Taylor Swift Featuring Post Malone,15,1,14
2024-08-03,19,Girls,The Kid Laroi,21,19,4
2024-08-03,20,I Remember Everything,Zach Bryan Featuring Kacey Musgraves,23,6,45
2024-08-03,21,Belong Together,Mark Ambor,-,16,9
2024-08-03,22,Slow It Down,Benson Boone,-,21,6
2024-08-03,23,Lunch,Billie Eilish,22,5,10
2024-08-03,24,Something In The Orange,Zach Bryan,-,5,75
2024-08-03,25,Did It First,Ice Spice & Central Cee,-,25,1
2024-08-10,1,A Bar Song (Tipsy),Shaboozey,1,1,14
2024-08-10,2,Birds Of A Feather,Billie Eilish,2,2,11
2024-08-10,3,I Had Some Help,Post Malone Featuring Morgan Wallen,4,2,12
2024-08-10,4,Espresso,Sabrina Carpenter,3,1,16
2024-08-10,5,"Good Luck, Babe!",Chappell Roan,8,5,8
2024-08-10,6,Beautiful Things,Benson Boone,7,1,28
2024-08-10,7,Please Please Please,Sabrina Carpenter,5,1,8
2024-08-10,8,Not Like Us,Kendrick Lamar,6,5,13
2024-08-10,9,Lose Control,Teddy Swims,10,5,31
2024-08-10,10,Million Dollar Baby,Tommy Richman,9,1,13
2024-08-10,11,Austin,Dasha,12,10,19
2024-08-10,12,Stargazing,Myles Smith,13,11,11
2024-08-10,13,Too Sweet,Hozier,14,1,19
2024-08-10,14,Houdini,Eminem,11,1,9
2024-08-10,15,Stick Season,Noah Kahan,15,1,39
2024-08-10,16,Pink Skies,Zach Bryan,17,12,10
2024-08-10,17,Scared To Start,Michael Marcagi,16,10,21
2024-08-10,18,Did It First,Ice Spice & Central Cee,25,18,2
2024-08-10,19,I Remember Everything,Zach Bryan Featuring Kacey Musgraves,20,6,46
2024-08-10,20,Fortnight,Taylor Swift Featuring Post Malone,18,1,15
2024-08-10,21,Something In The Orange,Zach Bryan,24,5,76
2024-08-10,22,Slow It Down,Benson Boone,22,21,7
2024-08-10,23,Lunch,Billie Eilish,23,5,11
2024-08-10,24,Belong Together,Mark Ambor,21,16,10
2024-08-10,25,360,Charli xcx,-,25,1
2024-08-17,1,Guess,Charli xcx Featuring Billie Eilish,-,1,1
2024-08-17,2,Birds Of A Feather,Billie Eilish,2,2,12
2024-08-17,3,A Bar Song (Tipsy),Shaboozey,1,1,15
2024-08-17,4,I Had Some Help,Post Malone Featuring Morgan Wallen,3,2,13
2024-08-17,5,"Good Luck, Babe!",Chappell Roan,5,5,9
2024-08-17,6,Espresso,Sabrina Carpenter,4,1,17
2024-08-17,7,Please Please Please,Sabrina Carpenter,7,1,9
2024-08-17,8,Beautiful Things,Benson Boone,6,1,29
2024-08-17,9,Not Like Us,Kendrick Lamar,8,5,14
2024-08-17,10,Million Dollar Baby,Tommy Richman,10,1,14
2024-08-17,11,Lose Control,Teddy Swims,9,5,32
2024-08-17,12,Stargazing,Myles Smith,12,11,12
2024-08-17,13,Austin,Dasha,11,10,20
2024-08-17,14,Big Dawgs,Hanumankind X Kalmi,-,14,1
2024-08-17,15,Too Sweet,Hozier,13,1,20
2024-08-17,16,Stick Season,Noah Kahan,15,1,40
2024-08-17,17,Houdini,Eminem,14,1,10
2024-08-17,18,Apple,Charli xcx,-,18,1
2024-08-17,19,Scared To Start,Michael Marcagi,17,10,22
2024-08-17,20,Bye Bye Bye,*NSYNC,-,20,1
2024-08-17,21,I Remember Everything,Zach Bryan Featuring Kacey Musgraves,19,6,47
2024-08-17,22,Pink Skies,Zach Bryan,16,12,11
2024-08-17,23,Something In The Orange,Zach Bryan,21,5,77
2024-08-17,24,Slow It Down,Benson Boone,22,21,8
2024-08-17,25,Lunch,Billie Eilish,23,5,12
2024-08-24,1,Birds Of A Feather,Billie Eilish,2,1,13
2024-08-24,2,A Bar Song (Tipsy),Shaboozey,3,1,16
2024-08-24,3,Guess,Charli xcx Featuring Billie Eilish,1,1,2
2024-08-24,4,"Good Luck, Babe!",Chappell Roan,5,4,10
2024-08-24,5,Espresso,Sabrina Carpenter,6,1,18
2024-08-24,6,I Had Some Help,Post Malone Featuring Morgan Wallen,4,2,14
2024-08-24,7,Beautiful Things,Benson Boone,8,1,30
2024-08-24,8,Please Please Please,Sabrina Carpenter,7,1,10
2024-08-24,9,Big Dawgs,Hanumankind X Kalmi,14,9,2
2024-08-24,10,Lose Control,Teddy Swims,11,5,33
2024-08-24,11,Million Dollar Baby,Tommy Richman,10,1,15
2024-08-24,12,Not Like Us,Kendrick Lamar,9,5,15
2024-08-24,13,Austin,Dasha,13,10,21
2024-08-24,14,Too Sweet,Hozier,15,1,21
2024-08-24,15,Stargazing,Myles Smith,12,11,13
2024-08-24,16,Stick Season,Noah Kahan,16,1,41
2024-08-24,17,Scared To Start,Michael Marcagi,19,10,23
2024-08-24,18,Houdini,Eminem,17,1,11
2024-08-24,19,I Remember Everything,Zach Bryan Featuring Kacey Musgraves,21,6,48
2024-08-24,20,Kehlani,Jordan Adetunji,-,20,1
2024-08-24,21,Apple,Charli xcx,18,18,2
2024-08-24,22,Slow It Down,Benson Boone,24,21,9
2024-08-24,23,Something In The Orange,Zach Bryan,23,5,78
2024-08-24,24,Pink Skies,Zach Bryan,22,12,12
2024-08-24,25,Nights Like This,The Kid Laroi,-,25,1
2024-08-31,1,Birds Of A Feather,Billie Eilish,1,1,14
2024-08-31,2,A Bar Song (Tipsy),Shaboozey,2,1,17
2024-08-31,3,I Had Some Help,Post Malone Featuring Morgan Wallen,6,2,15
2024-08-31,4,"Good Luck, Babe!",Chappell Roan,4,4,11
2024-08-31,5,Espresso,Sabrina Carpenter,5,1,19
2024-08-31,6,Beautiful Things,Benson Boone,7,1,31
2024-08-31,7,Please Please Please,Sabrina Carpenter,8,1,11
2024-08-31,8,Guess,Charli xcx Featuring Billie Eilish,3,1,3
2024-08-31,9,Big Dawgs,Hanumankind X Kalmi,9,9,3
2024-08-31,10,Lose Control,Teddy Swims,10,5,34
2024-08-31,11,Million Dollar Baby,Tommy Richman,11,1,16
2024-08-31,12,Die With A Smile,Lady Gaga & Bruno Mars,-,12,1
2024-08-31,13,Austin,Dasha,13,10,22
2024-08-31,14,Too Sweet,Hozier,14,1,22
2024-08-31,15,Not Like Us,Kendrick Lamar,12,5,16
2024-08-31,16,Stargazing,Myles Smith,15,11,14
2024-08-31,17,Stick Season,Noah Kahan,16,1,42
2024-08-31,18,I Remember Everything,Zach Bryan Featuring Kacey Musgraves,19,6,49
2024-08-31,19,Scared To Start,Michael Marcagi,17,10,24
2024-08-31,20,Apple,Charli xcx,21,18,3
2024-08-31,21,Kehlani,Jordan Adetunji,20,20,2
2024-08-31,22,Something In The Orange,Zach Bryan,23,5,79
2024-08-31,23,Pink Skies,Zach Bryan,24,12,13
2024-08-31,24,Slow It Down,Benson Boone,22,21,10
2024-08-31,25,Hot To Go!,Chappell Roan,-,25,1
2024-09-07,1,Taste,Sabrina Carpenter,-,1,1
2024-09-07,2,Please Please Please,Sabrina Carpenter,7,1,12
2024-09-07,3,Espresso,Sabrina Carpenter,5,1,20
2024-09-07,4,Birds Of A Feather,Billie Eilish,1,1,15
2024-09-07,5,Die With A Smile,Lady Gaga & Bruno Mars,12,5,2
2024-09-07,6,A Bar Song (Tipsy),Shaboozey,2,1,18
2024-09-07,7,"Good Luck, Babe!",Chappell Roan,4,4,12
2024-09-07,8,I Had Some Help,Post Malone Featuring Morgan Wallen,3,2,16
2024-09-07,9,Beautiful Things,Benson Boone,6,1,32
2024-09-07,10,Guess,Charli xcx Featuring Billie Eilish,8,1,4
2024-09-07,11,Lose Control,Teddy Swims,10,5,35
2024-09-07,12,Bed Chem,Sabrina Carpenter,-,12,1
2024-09-07,13,Big Dawgs,Hanumankind X Kalmi,9,9,4
2024-09-07,14,Good Graces,Sabrina Carpenter,-,14,1
2024-09-07,15,Austin,Dasha,13,10,23
2024-09-07,16,Too Sweet,Hozier,14,1,23
2024-09-07,17,Million Dollar Baby,Tommy Richman,11,1,17
2024-09-07,18,Stargazing,Myles Smith,16,11,15
2024-09-07,19,Juno,Sabrina Carpenter,-,19,1
2024-09-07,20,Not Like Us,Kendrick Lamar,15,5,17
2024-09-07,21,Stick Season,Noah Kahan,17,1,43
2024-09-07,22,Sharpest Tool,Sabrina Carpenter,-,22,1
2024-09-07,23,Coincidence,Sabrina Carpenter,-,23,1
2024-09-07,24,Scared To Start,Michael Marcagi,19,10,25
2024-09-07,25,Apple,Charli xcx,20,18,4
2024-09-14,1,Taste,Sabrina Carpenter,1,1,2
2024-09-14,2,Espresso,Sabrina Carpenter,3,1,21
2024-09-14,3,Birds Of A Feather,Billie Eilish,4,1,16
2024-09-14,4,Please Please Please,Sabrina Carpenter,2,1,13
2024-09-14,5,Die With A Smile,Lady Gaga & Bruno Mars,5,5,3
2024-09-14,6,A Bar Song (Tipsy),Shaboozey,6,1,19
2024-09-14,7,"Good Luck, Babe!",Chappell Roan,7,4,13
2024-09-14,8,Beautiful Things,Benson Boone,9,1,33
2024-09-14,9,I Had Some Help,Post Malone Featuring Morgan Wallen,8,2,17
2024-09-14,10,Bed Chem,Sabrina Carpenter,12,10,2
2024-09-14,11,Lose Control,Teddy Swims,11,5,36
2024-09-14,12,Big Dawgs,Hanumankind X Kalmi,13,9,5
2024-09-14,13,Austin,Dasha,15,10,24
2024-09-14,14,Guess,Charli xcx Featuring Billie Eilish,10,1,5
2024-09-14,15,Too Sweet,Hozier,16,1,24
2024-09-14,16,Million Dollar Baby,Tommy Richman,17,1,18
2024-09-14,17,Stargazing,Myles Smith,18,11,16
2024-09-14,18,Good Graces,Sabrina Carpenter,14,14,2
2024-09-14,19,Stick Season,Noah Kahan,21,1,44
2024-09-14,20,Not Like Us,Kendrick Lamar,20,5,18
2024-09-14,21,Hot To Go!,Chappell Roan,-,21,2
2024-09-14,22,Scared To Start,Michael Marcagi,24,10,26
2024-09-14,23,Kehlani,Jordan Adetunji,-,20,3
2024-09-14,24,Juno,Sabrina Carpenter,19,19,2
2024-09-14,25,Something In The Orange,Zach Bryan,-,5,80
2024-09-21,1,Taste,Sabrina Carpenter,1,1,3
2024-09-21,2,Birds Of A Feather,Billie Eilish,3,1,17
2024-09-21,3,Die With A Smile,Lady Gaga & Bruno Mars,5,3,4
2024-09-21,4,Espresso,Sabrina Carpenter,2,1,22
2024-09-21,5,A Bar Song (Tipsy),Shaboozey,6,1,20
2024-09-21,6,Please Please Please,Sabrina Carpenter,4,1,14
2024-09-21,7,"Good Luck, Babe!",Chappell Roan,7,4,14
2024-09-21,8,Beautiful Things,Benson Boone,8,1,34
2024-09-21,9,I Had Some Help,Post Malone Featuring Morgan Wallen,9,2,18
2024-09-21,10,Bed Chem,Sabrina Carpenter,10,10,3
2024-09-21,11,Lose Control,Teddy Swims,11,5,37
2024-09-21,12,Austin,Dasha,13,10,25
2024-09-21,13,Too Sweet,Hozier,15,1,25
2024-09-21,14,Guess,Charli xcx Featuring Billie Eilish,14,1,6
2024-09-21,15,Big Dawgs,Hanumankind X Kalmi,12,9,6
2024-09-21,16,Stargazing,Myles Smith,17,11,17
2024-09-21,17,Million Dollar Baby,Tommy Richman,16,1,19
2024-09-21,18,Stick Season,Noah Kahan,19,1,45
2024-09-21,19,"I Love You, I'm Sorry",Gracie Abrams,-,19,1
2024-09-21,20,Riptide,Vance Joy,-,14,19
2024-09-21,21,Not Like Us,Kendrick Lamar,20,5,19
2024-09-21,22,Scared To Start,Michael Marcagi,22,10,27
2024-09-21,23,Hot To Go!,Chappell Roan,21,21,3
2024-09-21,24,I Remember Everything,Zach Bryan Featuring Kacey Musgraves,-,6,50
2024-09-21,25,Something In The Orange,Zach Bryan,25,5,81
2024-09-28,1,Taste,Sabrina Carpenter,1,1,4
2024-09-28,2,Die With A Smile,Lady Gaga & Bruno Mars,3,2,5
2024-09-28,3,Birds Of A Feather,Billie Eilish,2,1,18
2024-09-28,4,Espresso,Sabrina Carpenter,4,1,23
2024-09-28,5,A Bar Song (Tipsy),Shaboozey,5,1,21
2024-09-28,6,"Good Luck, Babe!",Chappell Roan,7,4,15
2024-09-28,7,Beautiful Things,Benson Boone,8,1,35
2024-09-28,8,Please Please Please,Sabrina Carpenter,6,1,15
2024-09-28,9,Bed Chem,Sabrina Carpenter,10,9,4
2024-09-28,10,I Had Some Help,Post Malone Featuring Morgan Wallen,9,2,19
2024-09-28,11,Lose Control,Teddy Swims,11,5,38
2024-09-28,12,Austin,Dasha,12,10,26
2024-09-28,13,Too Sweet,Hozier,13,1,26
2024-09-28,14,Guess,Charli xcx Featuring Billie Eilish,14,1,7
2024-09-28,15,It's Ok I'm Ok,Tate McRae,-,15,1
2024-09-28,16,Stargazing,Myles Smith,16,11,18
2024-09-28,17,Million Dollar Baby,Tommy Richman,17,1,20
2024-09-28,18,Stick Season,Noah Kahan,18,1,46
2024-09-28,19,Big Dawgs,Hanumankind X Kalmi,15,9,7
2024-09-28,20,Something In The Orange,Zach Bryan,25,5,82
2024-09-28,21,"I Love You, I'm Sorry",Gracie Abrams,19,19,2
2024-09-28,22,Riptide,Vance Joy,20,14,20
2024-09-28,23,I Remember Everything,Zach Bryan Featuring Kacey Musgraves,24,6,51
2024-09-28,24,Hot To Go!,Chappell Roan,23,21,4
2024-09-28,25,Slow It Down,Benson Boone,-,21,11
2024-10-05,1,Taste,Sabrina Carpenter,1,1,5
2024-10-05,2,Die With A Smile,Lady Gaga & Bruno Mars,2,2,6
2024-10-05,3,Birds Of A Feather,Billie Eilish,3,1,19
2024-10-05,4,A Bar Song (Tipsy),Shaboozey,5,1,22
2024-10-05,5,Espresso,Sabrina Carpenter,4,1,24
2024-10-05,6,Beautiful Things,Benson Boone,7,1,36
2024-10-05,7,"Good Luck, Babe!",Chappell Roan,6,4,16
2024-10-05,8,Please Please Please,Sabrina Carpenter,8,1,16
2024-10-05,9,I Had Some Help,Post Malone Featuring Morgan Wallen,10,2,20
2024-10-05,10,Lose Control,Teddy Swims,11,5,39
2024-10-05,11,Bed Chem,Sabrina Carpenter,9,9,5
2024-10-05,12,Too Sweet,Hozier,13,1,27
2024-10-05,13,Austin,Dasha,12,10,27
2024-10-05,14,Guess,Charli xcx Featuring Billie Eilish,14,1,8
2024-10-05,15,It's Ok I'm Ok,Tate McRae,15,15,2
2024-10-05,16,Stargazing,Myles Smith,16,11,19
2024-10-05,17,Million Dollar Baby,Tommy Richman,17,1,21
2024-10-05,18,Stick Season,Noah Kahan,18,1,47
2024-10-05,19,Riptide,Vance Joy,22,14,21
2024-10-05,20,Something In The Orange,Zach Bryan,20,5,83
2024-10-05,21,Sailor Song,Gigi Perez,-,21,1
2024-10-05,22,Hot To Go!,Chappell Roan,24,21,5
2024-10-05,23,Slow It Down,Benson Boone,25,21,12
2024-10-05,24,I Remember Everything,Zach Bryan Featuring Kacey Musgraves,23,6,52
2024-10-05,25,Ain't No Love In Oklahoma,Luke Combs,-,25,1
2024-10-12,1,Taste,Sabrina Carpenter,1,1,6
2024-10-12,2,Birds Of A Feather,Billie Eilish,3,1,20
2024-10-12,3,Die With A Smile,Lady Gaga & Bruno Mars,2,2,7
2024-10-12,4,A Bar Song (Tipsy),Shaboozey,4,1,23
2024-10-12,5,Espresso,Sabrina Carpenter,5,1,25
2024-10-12,6,Beautiful Things,Benson Boone,6,1,37
2024-10-12,7,"Good Luck, Babe!",Chappell Roan,7,4,17
2024-10-12,8,I Had Some Help,Post Malone Featuring Morgan Wallen,9,2,21
2024-10-12,9,Please Please Please,Sabrina Carpenter,8,1,17
2024-10-12,10,Bed Chem,Sabrina Carpenter,11,9,6
2024-10-12,11,Lose Control,Teddy Swims,10,5,40
2024-10-12,12,Timeless,The Weeknd & Playboi Carti,-,12,1
2024-10-12,13,Austin,Dasha,13,10,28
2024-10-12,14,Too Sweet,Hozier,12,1,28
2024-10-12,15,Stick Season,Noah Kahan,18,1,48
2024-10-12,16,Guess,Charli xcx Featuring Billie Eilish,14,1,9
2024-10-12,17,Stargazing,Myles Smith,16,11,20
2024-10-12,18,Something In The Orange,Zach Bryan,20,5,84
2024-10-12,19,Million Dollar Baby,Tommy Richman,17,1,22
2024-10-12,20,Slow It Down,Benson Boone,23,20,13
2024-10-12,21,Riptide,Vance Joy,19,14,22
2024-10-12,22,Sailor Song,Gigi Perez,21,21,2
2024-10-12,23,Diet Pepsi,Addison Rae,-,23,1
2024-10-12,24,It's Ok I'm Ok,Tate McRae,15,15,3
2024-10-12,25,I Remember Everything,Zach Bryan Featuring Kacey Musgraves,24,6,53
2024-10-19,1,Taste,Sabrina Carpenter,1,1,7
2024-10-19,2,Birds Of A Feather,Billie Eilish,2,1,21
2024-10-19,3,A Bar Song (Tipsy),Shaboozey,4,1,24
2024-10-19,4,Die With A Smile,Lady Gaga & Bruno Mars,3,2,8
2024-10-19,5,Espresso,Sabrina Carpenter,5,1,26
2024-10-19,6,Beautiful Things,Benson Boone,6,1,38
2024-10-19,7,"Good Luck, Babe!",Chappell Roan,7,4,18
2024-10-19,8,I Had Some Help,Post Malone Featuring Morgan Wallen,8,2,22
2024-10-19,9,Please Please Please,Sabrina Carpenter,9,1,18
2024-10-19,10,Timeless,The Weeknd & Playboi Carti,12,10,2
2024-10-19,11,Bed Chem,Sabrina Carpenter,10,9,7
2024-10-19,12,Lose Control,Teddy Swims,11,5,41
2024-10-19,13,Too Sweet,Hozier,14,1,29
2024-10-19,14,Austin,Dasha,13,10,29
2024-10-19,15,Stargazing,Myles Smith,17,11,21
2024-10-19,16,Sailor Song,Gigi Perez,22,16,3
2024-10-19,17,Stick Season,Noah Kahan,15,1,49
2024-10-19,18,Slow It Down,Benson Boone,20,18,14
2024-10-19,19,"I Love You, I'm Sorry",Gracie Abrams,-,19,3
2024-10-19,20,Diet Pepsi,Addison Rae,23,20,2
2024-10-19,21,Something In The Orange,Zach Bryan,18,5,85
2024-10-19,22,Guess,Charli xcx Featuring Billie Eilish,16,1,10
2024-10-19,23,Riptide,Vance Joy,21,14,23
2024-10-19,24,Nights Like This,The Kid Laroi,-,24,2
2024-10-19,25,Million Dollar Baby,Tommy Richman,19,1,23
2024-10-26,1,Taste,Sabrina Carpenter,1,1,8
2024-10-26,2,Birds Of A Feather,Billie Eilish,2,1,22
2024-10-26,3,A Bar Song (Tipsy),Shaboozey,3,1,25
2024-10-26,4,Die With A Smile,Lady Gaga & Bruno Mars,4,2,9
2024-10-26,5,Espresso,Sabrina Carpenter,5,1,27
2024-10-26,6,Beautiful Things,Benson Boone,6,1,39
2024-10-26,7,"Good Luck, Babe!",Chappell Roan,7,4,19
2024-10-26,8,"I Love You, I'm Sorry",Gracie Abrams,19,8,4
2024-10-26,9,I Had Some Help,Post Malone Featuring Morgan Wallen,8,2,23
2024-10-26,10,Sailor Song,Gigi Perez,16,10,4
2024-10-26,11,Lose Control,Teddy Swims,12,5,42
2024-10-26,12,Please Please Please,Sabrina Carpenter,9,1,19
2024-10-26,13,Timeless,The Weeknd & Playboi Carti,10,10,3
2024-10-26,14,Bed Chem,Sabrina Carpenter,11,9,8
2024-10-26,15,Austin,Dasha,14,10,30
2024-10-26,16,Too Sweet,Hozier,13,1,30
2024-10-26,17,Guess,Charli xcx Featuring Billie Eilish,22,1,11
2024-10-26,18,Stargazing,Myles Smith,15,11,22
2024-10-26,19,Stick Season,Noah Kahan,17,1,50
2024-10-26,20,Something In The Orange,Zach Bryan,21,5,86
2024-10-26,21,Diet Pepsi,Addison Rae,20,20,3
2024-10-26,22,Slow It Down,Benson Boone,18,18,15
2024-10-26,23,Nights Like This,The Kid Laroi,24,23,3
2024-10-26,24,Million Dollar Baby,Tommy Richman,25,1,24
2024-10-26,25,I Remember Everything,Zach Bryan Featuring Kacey Musgraves,-,6,54
2024-11-02,1,APT.,ROSE & Bruno Mars,-,1,1
2024-11-02,2,Taste,Sabrina Carpenter,1,1,9
2024-11-02,3,Birds Of A Feather,Billie Eilish,2,1,23
2024-11-02,4,Die With A Smile,Lady Gaga & Bruno Mars,4,2,10
2024-11-02,5,A Bar Song (Tipsy),Shaboozey,3,1,26
2024-11-02,6,Beautiful Things,Benson Boone,6,1,40
2024-11-02,7,Espresso,Sabrina Carpenter,5,1,28
2024-11-02,8,"I Love You, I'm Sorry",Gracie Abrams,8,8,5
2024-11-02,9,"Good Luck, Babe!",Chappell Roan,7,4,20
2024-11-02,10,I Had Some Help,Post Malone Featuring Morgan Wallen,9,2,24
2024-11-02,11,Sailor Song,Gigi Perez,10,10,5
2024-11-02,12,Lose Control,Teddy Swims,11,5,43
2024-11-02,13,Timeless,The Weeknd & Playboi Carti,13,10,4
2024-11-02,14,FE!N,Travis Scott Featuring Playboi Carti,-,12,2
2024-11-02,15,Please Please Please,Sabrina Carpenter,12,1,20
2024-11-02,16,Austin,Dasha,15,10,31
2024-11-02,17,Too Sweet,Hozier,16,1,31
2024-11-02,18,Bed Chem,Sabrina Carpenter,14,9,9
2024-11-02,19,Stargazing,Myles Smith,18,11,23
2024-11-02,20,Night Changes,One Direction,-,20,1
2024-11-02,21,Stick Season,Noah Kahan,19,1,51
2024-11-02,22,Something In The Orange,Zach Bryan,20,5,87
2024-11-02,23,Slow It Down,Benson Boone,22,18,16
2024-11-02,24,Nights Like This,The Kid Laroi,23,23,4
2024-11-02,25,Guess,Charli xcx Featuring Billie Eilish,17,1,12
2024-11-09,1,APT.,ROSE & Bruno Mars,1,1,2
2024-11-09,2,Taste,Sabrina Carpenter,2,1,10
2024-11-09,3,Die With A Smile,Lady Gaga & Bruno Mars,4,2,11
2024-11-09,4,Birds Of A Feather,Billie Eilish,3,1,24
2024-11-09,5,A Bar Song (Tipsy),Shaboozey,5,1,27
2024-11-09,6,Beautiful Things,Benson Boone,6,1,41
2024-11-09,7,Espresso,Sabrina Carpenter,7,1,29
2024-11-09,8,That's So True,Gracie Abrams,-,8,1
2024-11-09,9,Sailor Song,Gigi Perez,11,9,6
2024-11-09,10,I Had Some Help,Post Malone Featuring Morgan Wallen,10,2,25
2024-11-09,11,"I Love You, I'm Sorry",Gracie Abrams,8,8,6
2024-11-09,12,"Good Luck, Babe!",Chappell Roan,9,4,21
2024-11-09,13,Noid,"Tyler, The Creator",-,13,1
2024-11-09,14,Timeless,The Weeknd & Playboi Carti,13,10,5
2024-11-09,15,Lose Control,Teddy Swims,12,5,44
2024-11-09,16,St. Chroma,"Tyler, The Creator Featuring Daniel Caesar",-,16,1
2024-11-09,17,Please Please Please,Sabrina Carpenter,15,1,21
2024-11-09,18,Austin,Dasha,16,10,32
2024-11-09,19,FE!N,Travis Scott Featuring Playboi Carti,14,12,3
2024-11-09,20,Bed Chem,Sabrina Carpenter,18,9,10
2024-11-09,21,Too Sweet,Hozier,17,1,32
2024-11-09,22,Diet Pepsi,Addison Rae,-,20,4
2024-11-09,23,Stargazing,Myles Smith,19,11,24
2024-11-09,24,"Darling, I","Tyler, The Creator Featuring Teezo Touchdown",-,24,1
2024-11-09,25,Rah Tah Tah,"Tyler, The Creator",-,25,1
2024-11-16,1,APT.,ROSE & Bruno Mars,1,1,3
2024-11-16,2,That's So True,Gracie Abrams,8,2,2
2024-11-16,3,Taste,Sabrina Carpenter,2,1,11
2024-11-16,4,Die With A Smile,Lady Gaga & Bruno Mars,3,2,12
2024-11-16,5,Birds Of A Feather,Billie Eilish,4,1,25
2024-11-16,6,A Bar Song (Tipsy),Shaboozey,5,1,28
2024-11-16,7,Beautiful Things,Benson Boone,6,1,42
2024-11-16,8,Sailor Song,Gigi Perez,9,8,7
2024-11-16,9,Espresso,Sabrina Carpenter,7,1,30
2024-11-16,10,I Had Some Help,Post Malone Featuring Morgan Wallen,10,2,26
2024-11-16,11,"Good Luck, Babe!",Chappell Roan,12,4,22
2024-11-16,12,"I Love You, I'm Sorry",Gracie Abrams,11,8,7
2024-11-16,13,Lose Control,Teddy Swims,15,5,45
2024-11-16,14,Timeless,The Weeknd & Playboi Carti,14,10,6
2024-11-16,15,Yellow,Coldplay,-,15,1
2024-11-16,16,Please Please Please,Sabrina Carpenter,17,1,22
2024-11-16,17,Austin,Dasha,18,10,33
2024-11-16,18,St. Chroma,"Tyler, The Creator Featuring Daniel Caesar",16,16,2
2024-11-16,19,Too Sweet,Hozier,21,1,33
2024-11-16,20,Stargazing,Myles Smith,23,11,25
2024-11-16,21,Bed Chem,Sabrina Carpenter,20,9,11
2024-11-16,22,Viva La Vida,Coldplay,-,22,1
2024-11-16,23,Something In The Orange,Zach Bryan,-,5,88
2024-11-16,24,Slow It Down,Benson Boone,-,18,17
2024-11-16,25,Nights Like This,The Kid Laroi,-,23,5
2024-11-23,1,That's So True,Gracie Abrams,2,1,3
2024-11-23,2,APT.,ROSE & Bruno Mars,1,1,4
2024-11-23,3,Birds Of A Feather,Billie Eilish,5,1,26
2024-11-23,4,Taste,Sabrina Carpenter,3,1,12
2024-11-23,5,Die With A Smile,Lady Gaga & Bruno Mars,4,2,13
2024-11-23,6,Beautiful Things,Benson Boone,7,1,43
2024-11-23,7,A Bar Song (Tipsy),Shaboozey,6,1,29
2024-11-23,8,Sailor Song,Gigi Perez,8,8,8
2024-11-23,9,Espresso,Sabrina Carpenter,9,1,31
2024-11-23,10,"I Love You, I'm Sorry",Gracie Abrams,12,8,8
2024-11-23,11,I Had Some Help,Post Malone Featuring Morgan Wallen,10,2,27
2024-11-23,12,"Good Luck, Babe!",Chappell Roan,11,4,23
2024-11-23,13,Lose Control,Teddy Swims,13,5,46
2024-11-23,14,Timeless,The Weeknd & Playboi Carti,14,10,7
2024-11-23,15,Yellow,Coldplay,15,15,2
2024-11-23,16,Too Sweet,Hozier,19,1,34
2024-11-23,17,Austin,Dasha,17,10,34
2024-11-23,18,Please Please Please,Sabrina Carpenter,16,1,23
2024-11-23,19,Stargazing,Myles Smith,20,11,26
2024-11-23,20,Something In The Orange,Zach Bryan,23,5,89
2024-11-23,21,Stick Season,Noah Kahan,-,1,52
2024-11-23,22,Bed Chem,Sabrina Carpenter,21,9,12
2024-11-23,23,Nights Like This,The Kid Laroi,25,23,6
2024-11-23,24,Wildflower,Billie Eilish,-,13,4
2024-11-23,25,Take Me To Church,Hozier,-,25,1
2024-11-30,1,That's So True,Gracie Abrams,1,1,4
2024-11-30,2,APT.,ROSE & Bruno Mars,2,1,5
2024-11-30,3,Taste,Sabrina Carpenter,4,1,13
2024-11-30,4,Birds Of A Feather,Billie Eilish,3,1,27
2024-11-30,5,Die With A Smile,Lady Gaga & Bruno Mars,5,2,14
2024-11-30,6,Beautiful Things,Benson Boone,6,1,44
2024-11-30,7,A Bar Song (Tipsy),Shaboozey,7,1,30
2024-11-30,8,Sailor Song,Gigi Perez,8,8,9
2024-11-30,9,Espresso,Sabrina Carpenter,9,1,32
2024-11-30,10,I Had Some Help,Post Malone Featuring Morgan Wallen,11,2,28
2024-11-30,11,"I Love You, I'm Sorry",Gracie Abrams,10,8,9
2024-11-30,12,Lose Control,Teddy Swims,13,5,47
2024-11-30,13,"Good Luck, Babe!",Chappell Roan,12,4,24
2024-11-30,14,Timeless,The Weeknd & Playboi Carti,14,10,8
2024-11-30,15,2 Hands,Tate McRae,-,15,1
2024-11-30,16,Austin,Dasha,17,10,35
2024-11-30,17,Please Please Please,Sabrina Carpenter,18,1,24
2024-11-30,18,Too Sweet,Hozier,16,1,35
2024-11-30,19,Nights Like This,The Kid Laroi,23,19,7
2024-11-30,20,Stargazing,Myles Smith,19,11,27
2024-11-30,21,Something In The Orange,Zach Bryan,20,5,90
2024-11-30,22,Stick Season,Noah Kahan,21,1,53
2024-11-30,23,Slow It Down,Benson Boone,-,18,18
2024-11-30,24,Bed Chem,Sabrina Carpenter,22,9,13
2024-11-30,25,Wildflower,Billie Eilish,24,13,5
2024-12-07,1,That's So True,Gracie Abrams,1,1,5
2024-12-07,2,APT.,ROSE & Bruno Mars,2,1,6
2024-12-07,3,Die With A Smile,Lady Gaga & Bruno Mars,5,2,15
2024-12-07,4,Birds Of A Feather,Billie Eilish,4,1,28
2024-12-07,5,Taste,Sabrina Carpenter,3,1,14
2024-12-07,6,Beautiful Things,Benson Boone,6,1,45
2024-12-07,7,A Bar Song (Tipsy),Shaboozey,7,1,31
2024-12-07,8,Luther,Kendrick Lamar & SZA,-,8,1
2024-12-07,9,Sailor Song,Gigi Perez,8,8,10
2024-12-07,10,Squabble Up,Kendrick Lamar,-,10,1
2024-12-07,11,Espresso,Sabrina Carpenter,9,1,33
2024-12-07,12,TV Off,Kendrick Lamar Featuring Lefty Gunplay,-,12,1
2024-12-07,13,Timeless,The Weeknd & Playboi Carti,14,10,9
2024-12-07,14,Lose Control,Teddy Swims,12,5,48
2024-12-07,15,I Had Some Help,Post Malone Featuring Morgan Wallen,10,2,29
2024-12-07,16,"Good Luck, Babe!",Chappell Roan,13,4,25
2024-12-07,17,"I Love You, I'm Sorry",Gracie Abrams,11,8,10
2024-12-07,18,Austin,Dasha,16,10,36
2024-12-07,19,Wacced Out Murals,Kendrick Lamar,-,19,1
2024-12-07,20,Too Sweet,Hozier,18,1,36
2024-12-07,21,Please Please Please,Sabrina Carpenter,17,1,25
2024-12-07,22,2 Hands,Tate McRae,15,15,2
2024-12-07,23,Nights Like This,The Kid Laroi,19,19,8
2024-12-07,24,Stargazing,Myles Smith,20,11,28
2024-12-07,25,Stick Season,Noah Kahan,22,1,54
2024-12-14,1,That's So True,Gracie Abrams,1,1,6
2024-12-14,2,APT.,ROSE & Bruno Mars,2,1,7
2024-12-14,3,Die With A Smile,Lady Gaga & Bruno Mars,3,2,16
2024-12-14,4,Birds Of A Feather,Billie Eilish,4,1,29
2024-12-14,5,Beautiful Things,Benson Boone,6,1,46
2024-12-14,6,Luther,Kendrick Lamar & SZA,8,6,2
2024-12-14,7,A Bar Song (Tipsy),Shaboozey,7,1,32
2024-12-14,8,All I Want For Christmas Is You,Mariah Carey,-,1,11
2024-12-14,9,Taste,Sabrina Carpenter,5,1,15
2024-12-14,10,Sailor Song,Gigi Perez,9,8,11
2024-12-14,11,Last Christmas,Wham!,-,2,10
2024-12-14,12,Espresso,Sabrina Carpenter,11,1,34
2024-12-14,13,Lose Control,Teddy Swims,14,5,49
2024-12-14,14,I Had Some Help,Post Malone Featuring Morgan Wallen,15,2,30
2024-12-14,15,Timeless,The Weeknd & Playboi Carti,13,10,10
2024-12-14,16,"Good Luck, Babe!",Chappell Roan,16,4,26
2024-12-14,17,TV Off,Kendrick Lamar Featuring Lefty Gunplay,12,12,2
2024-12-14,18,Squabble Up,Kendrick Lamar,10,10,2
2024-12-14,19,Rockin' Around The Christmas Tree,Brenda Lee,-,1,10
2024-12-14,20,Austin,Dasha,18,10,37
2024-12-14,21,"I Love You, I'm Sorry",Gracie Abrams,17,8,11
2024-12-14,22,Too Sweet,Hozier,20,1,37
2024-12-14,23,Ma Meilleure Ennemie,Stromae & Pomme,-,23,1
2024-12-14,24,Santa Tell Me,Ariana Grande,-,5,9
2024-12-14,25,Stick Season,Noah Kahan,25,1,55
2024-12-21,1,APT.,ROSE & Bruno Mars,2,1,8
2024-12-21,2,That's So True,Gracie Abrams,1,1,7
2024-12-21,3,Die With A Smile,Lady Gaga & Bruno Mars,3,2,17
2024-12-21,4,Birds Of A Feather,Billie Eilish,4,1,30
2024-12-21,5,A Bar Song (Tipsy),Shaboozey,7,1,33
2024-12-21,6,Beautiful Things,Benson Boone,5,1,47
2024-12-21,7,All I Want For Christmas Is You,Mariah Carey,8,1,12
2024-12-21,8,Espresso,Sabrina Carpenter,12,1,35
2024-12-21,9,Last Christmas,Wham!,11,2,11
2024-12-21,10,Taste,Sabrina Carpenter,9,1,16
2024-12-21,11,Luther,Kendrick Lamar & SZA,6,6,3
2024-12-21,12,Sailor Song,Gigi Perez,10,8,12
2024-12-21,13,I Had Some Help,Post Malone Featuring Morgan Wallen,14,2,31
2024-12-21,14,Lose Control,Teddy Swims,13,5,50
2024-12-21,15,"Good Luck, Babe!",Chappell Roan,16,4,27
2024-12-21,16,Timeless,The Weeknd & Playboi Carti,15,10,11
2024-12-21,17,Rockin' Around The Christmas Tree,Brenda Lee,19,1,11
2024-12-21,18,Messy,Lola Young,-,18,1
2024-12-21,19,Austin,Dasha,20,10,38
2024-12-21,20,Too Sweet,Hozier,22,1,38
2024-12-21,21,Jingle Bell Rock,Bobby Helms,-,6,9
2024-12-21,22,Stick Season,Noah Kahan,25,1,56
2024-12-21,23,Santa Tell Me,Ariana Grande,24,5,10
2024-12-21,24,Please Please Please,Sabrina Carpenter,-,1,26
2024-12-21,25,"I Love You, I'm Sorry",Gracie Abrams,21,8,12
2024-12-28,1,That's So True,Gracie Abrams,2,1,8
2024-12-28,2,APT.,ROSE & Bruno Mars,1,1,9
2024-12-28,3,Die With A Smile,Lady Gaga & Bruno Mars,3,2,18
2024-12-28,4,All I Want For Christmas Is You,Mariah Carey,7,1,13
2024-12-28,5,Last Christmas,Wham!,9,2,12
2024-12-28,6,Birds Of A Feather,Billie Eilish,4,1,31
2024-12-28,7,Messy,Lola Young,18,7,2
2024-12-28,8,Beautiful Things,Benson Boone,6,1,48
2024-12-28,9,A Bar Song (Tipsy),Shaboozey,5,1,34
2024-12-28,10,Rockin' Around The Christmas Tree,Brenda Lee,17,1,12
2024-12-28,11,Taste,Sabrina Carpenter,10,1,17
2024-12-28,12,Espresso,Sabrina Carpenter,8,1,36
2024-12-28,13,Sailor Song,Gigi Perez,12,8,13
2024-12-28,14,Jingle Bell Rock,Bobby Helms,21,6,10
2024-12-28,15,I Had Some Help,Post Malone Featuring Morgan Wallen,13,2,32
2024-12-28,16,Luther,Kendrick Lamar & SZA,11,6,4
2024-12-28,17,Lose Control,Teddy Swims,14,5,51
2024-12-28,18,Santa Tell Me,Ariana Grande,23,5,11
2024-12-28,19,"Good Luck, Babe!",Chappell Roan,15,4,28
2024-12-28,20,Timeless,The Weeknd & Playboi Carti,16,10,12
2024-12-28,21,Nonsense,Sabrina Carpenter,-,18,2
2024-12-28,22,Austin,Dasha,19,10,39
2024-12-28,23,"I Love You, I'm Sorry",Gracie Abrams,25,8,13
2024-12-28,24,Too Sweet,Hozier,20,1,39
2024-12-28,25,Please Please Please,Sabrina Carpenter,24,1,27
2025-01-04,1,Last Christmas,Wham!,5,1,13
2025-01-04,2,All I Want For Christmas Is You,Mariah Carey,4,1,14
2025-01-04,3,Rockin' Around The Christmas Tree,Brenda Lee,10,1,13
2025-01-04,4,Jingle Bell Rock,Bobby Helms,14,4,11
2025-01-04,5,Santa Tell Me,Ariana Grande,18,5,12
2025-01-04,6,Underneath The Tree,Kelly Clarkson,-,6,4
2025-01-04,7,APT.,ROSE & Bruno Mars,2,1,10
2025-01-04,8,That's So True,Gracie Abrams,1,1,9
2025-01-04,9,It's Beginning To Look A Lot Like Christmas,Michael Buble,-,4,9
2025-01-04,10,It's The Most Wonderful Time Of The Year,Andy Williams,-,8,4
2025-01-04,11,Snowman,Sia,-,11,5
2025-01-04,12,Sleigh Ride,The Ronettes,-,10,4
2025-01-04,13,Holly Jolly Christmas,Michael Buble,-,8,5
2025-01-04,14,Let It Snow! Let It Snow! Let It Snow!,Dean Martin,-,10,3
2025-01-04,15,Mistletoe,Justin Bieber,-,15,2
2025-01-04,16,Die With A Smile,Lady Gaga & Bruno Mars,3,2,19
2025-01-04,17,Feliz Navidad,Jose Feliciano,-,9,4
2025-01-04,18,Nonsense,Sabrina Carpenter,21,18,3
2025-01-04,19,Beautiful Things,Benson Boone,8,1,49
2025-01-04,20,The Christmas Song (Merry Christmas To You),"Nat ""King"" Cole",-,20,1
2025-01-04,21,A Bar Song (Tipsy),Shaboozey,9,1,35
2025-01-04,22,Birds Of A Feather,Billie Eilish,6,1,32
2025-01-04,23,Messy,Lola Young,7,7,3
2025-01-04,24,Do They Know It's Christmas?,Band Aid,-,16,3
2025-01-04,25,Happy Xmas (War Is Over),John & Yoko/The Plastic Ono Band With The Harlem Community Choir,-,15,3
2025-01-11,1,APT.,ROSE & Bruno Mars,7,1,11
2025-01-11,2,That's So True,Gracie Abrams,8,1,10
2025-01-11,3,Die With A Smile,Lady Gaga & Bruno Mars,16,2,20
2025-01-11,4,Birds Of A Feather,Billie Eilish,22,1,33
2025-01-11,5,A Bar Song (Tipsy),Shaboozey,21,1,36
2025-01-11,6,Messy,Lola Young,23,6,4
2025-01-11,7,Beautiful Things,Benson Boone,19,1,50
2025-01-11,8,Espresso,Sabrina Carpenter,-,1,37
2025-01-11,9,I Had Some Help,Post Malone Featuring Morgan Wallen,-,2,33
2025-01-11,10,Taste,Sabrina Carpenter,-,1,18
2025-01-11,11,Lose Control,Teddy Swims,-,5,52
2025-01-11,12,"Good Luck, Babe!",Chappell Roan,-,4,29
2025-01-11,13,Sailor Song,Gigi Perez,-,8,14
2025-01-11,14,The Days,CHRYSTAL,-,14,1
2025-01-11,15,Austin,Dasha,-,10,40
2025-01-11,16,Luther,Kendrick Lamar & SZA,-,6,5
2025-01-11,17,Timeless,The Weeknd & Playboi Carti,-,10,13
2025-01-11,18,Too Sweet,Hozier,-,1,40
2025-01-11,19,Stick Season,Noah Kahan,-,1,57
2025-01-11,20,Please Please Please,Sabrina Carpenter,-,1,28
2025-01-11,21,Stargazing,Myles Smith,-,11,29
2025-01-11,22,Dreams,Fleetwood Mac,-,22,3
2025-01-11,23,"I Love You, I'm Sorry",Gracie Abrams,-,8,14
2025-01-11,24,Riptide,Vance Joy,-,14,24
2025-01-11,25,Something In The Orange,Zach Bryan,-,5,91
2025-01-18,1,APT.,ROSE & Bruno Mars,1,1,12
2025-01-18,2,That's So True,Gracie Abrams,2,1,11
2025-01-18,3,Die With A Smile,Lady Gaga & Bruno Mars,3,2,21
2025-01-18,4,Messy,Lola Young,6,4,5
2025-01-18,5,Birds Of A Feather,Billie Eilish,4,1,34
2025-01-18,6,The Days,CHRYSTAL,14,6,2
2025-01-18,7,A Bar Song (Tipsy),Shaboozey,5,1,37
2025-01-18,8,Taste,Sabrina Carpenter,10,1,19
2025-01-18,9,Lose Control,Teddy Swims,11,5,53
2025-01-18,10,Espresso,Sabrina Carpenter,8,1,38
2025-01-18,11,I Had Some Help,Post Malone Featuring Morgan Wallen,9,2,34
2025-01-18,12,Sailor Song,Gigi Perez,13,8,15
2025-01-18,13,"Good Luck, Babe!",Chappell Roan,12,4,30
2025-01-18,14,Beautiful Things,Benson Boone,7,1,51
2025-01-18,15,Luther,Kendrick Lamar & SZA,16,6,6
2025-01-18,16,Timeless,The Weeknd & Playboi Carti,17,10,14
2025-01-18,17,BMF,SZA,-,17,1
2025-01-18,18,Too Sweet,Hozier,18,1,41
2025-01-18,19,Stick Season,Noah Kahan,19,1,58
2025-01-18,20,Riptide,Vance Joy,24,14,25
2025-01-18,21,Stargazing,Myles Smith,21,11,30
2025-01-18,22,Slow It Down,Benson Boone,-,18,19
2025-01-18,23,"I Love You, I'm Sorry",Gracie Abrams,23,8,15
2025-01-18,24,Please Please Please,Sabrina Carpenter,20,1,29
2025-01-18,25,The Door,Teddy Swims,-,25,1
2025-01-25,1,APT.,ROSE & Bruno Mars,1,1,13
2025-01-25,2,That's So True,Gracie Abrams,2,1,12
2025-01-25,3,Die With A Smile,Lady Gaga & Bruno Mars,3,2,22
2025-01-25,4,Messy,Lola Young,4,4,6
2025-01-25,5,The Days,CHRYSTAL,6,5,3
2025-01-25,6,Birds Of A Feather,Billie Eilish,5,1,35
2025-01-25,7,A Bar Song (Tipsy),Shaboozey,7,1,38
2025-01-25,8,Lose Control,Teddy Swims,9,5,54
2025-01-25,9,Taste,Sabrina Carpenter,8,1,20
2025-01-25,10,Sailor Song,Gigi Perez,12,8,16
2025-01-25,11,I Had Some Help,Post Malone Featuring Morgan Wallen,11,2,35
2025-01-25,12,Espresso,Sabrina Carpenter,10,1,39
2025-01-25,13,Beautiful Things,Benson Boone,14,1,52
2025-01-25,14,"Good Luck, Babe!",Chappell Roan,13,4,31
2025-01-25,15,Luther,Kendrick Lamar & SZA,15,6,7
2025-01-25,16,BMF,SZA,17,16,2
2025-01-25,17,Timeless,The Weeknd & Playboi Carti,16,10,15
2025-01-25,18,Too Sweet,Hozier,18,1,42
2025-01-25,19,Stick Season,Noah Kahan,19,1,59
2025-01-25,20,The Door,Teddy Swims,25,20,2
2025-01-25,21,Slow It Down,Benson Boone,22,18,20
2025-01-25,22,Kisses,BL3SS X CamrinWatsin Featuring bbyclose,-,22,1
2025-01-25,23,Stargazing,Myles Smith,21,11,31
2025-01-25,24,Riptide,Vance Joy,20,14,26
2025-01-25,25,"I Love You, I'm Sorry",Gracie Abrams,23,8,16
2025-02-01,1,APT.,ROSE & Bruno Mars,1,1,14
2025-02-01,2,That's So True,Gracie Abrams,2,1,13
2025-02-01,3,Die With A Smile,Lady Gaga & Bruno Mars,3,2,23
2025-02-01,4,Messy,Lola Young,4,4,7
2025-02-01,5,The Days,CHRYSTAL,5,5,4
2025-02-01,6,Birds Of A Feather,Billie Eilish,6,1,36
2025-02-01,7,A Bar Song (Tipsy),Shaboozey,7,1,39
2025-02-01,8,Lose Control,Teddy Swims,8,5,55
2025-02-01,9,Sailor Song,Gigi Perez,10,8,17
2025-02-01,10,Beautiful Things,Benson Boone,13,1,53
2025-02-01,11,Taste,Sabrina Carpenter,9,1,21
2025-02-01,12,I Had Some Help,Post Malone Featuring Morgan Wallen,11,2,36
2025-02-01,13,Espresso,Sabrina Carpenter,12,1,40
2025-02-01,14,"Good Luck, Babe!",Chappell Roan,14,4,32
2025-02-01,15,Luther,Kendrick Lamar & SZA,15,6,8
2025-02-01,16,Timeless,The Weeknd & Playboi Carti,17,10,16
2025-02-01,17,BMF,SZA,16,16,3
2025-02-01,18,Too Sweet,Hozier,18,1,43
2025-02-01,19,Slow It Down,Benson Boone,21,18,21
2025-02-01,20,Riptide,Vance Joy,24,14,27
2025-02-01,21,The Door,Teddy Swims,20,20,3
2025-02-01,22,Indigo,Sam Barber Featuring Avery Anna,-,22,1
2025-02-01,23,Kisses,BL3SS X CamrinWatsin Featuring bbyclose,22,22,2
2025-02-01,24,Stick Season,Noah Kahan,19,1,60
2025-02-01,25,Stargazing,Myles Smith,23,11,32
2025-02-08,1,Messy,Lola Young,4,1,8
2025-02-08,2,APT.,ROSE & Bruno Mars,1,1,15
2025-02-08,3,That's So True,Gracie Abrams,2,1,14
2025-02-08,4,The Days,CHRYSTAL,5,4,5
2025-02-08,5,Die With A Smile,Lady Gaga & Bruno Mars,3,2,24
2025-02-08,6,"Good Luck, Babe!",Chappell Roan,14,4,33
2025-02-08,7,Birds Of A Feather,Billie Eilish,6,1,37
2025-02-08,8,A Bar Song (Tipsy),Shaboozey,7,1,40
2025-02-08,9,Sailor Song,Gigi Perez,9,8,18
2025-02-08,10,Lose Control,Teddy Swims,8,5,56
2025-02-08,11,Sports Car,Tate McRae,-,11,1
2025-02-08,12,I Had Some Help,Post Malone Featuring Morgan Wallen,12,2,37
2025-02-08,13,Espresso,Sabrina Carpenter,13,1,41
2025-02-08,14,Beautiful Things,Benson Boone,10,1,54
2025-02-08,15,Taste,Sabrina Carpenter,11,1,22
2025-02-08,16,Luther,Kendrick Lamar & SZA,15,6,9
2025-02-08,17,Timeless,The Weeknd & Playboi Carti,16,10,17
2025-02-08,18,Too Sweet,Hozier,18,1,44
2025-02-08,19,BMF,SZA,17,16,4
2025-02-08,20,Somedays,"Sonny Fodera, Jazzy & D.O.D",-,20,1
2025-02-08,21,Riptide,Vance Joy,20,14,28
2025-02-08,22,The Door,Teddy Swims,21,20,4
2025-02-08,23,When It Rains It Pours,Luke Combs,-,23,1
2025-02-08,24,Ain't No Love In Oklahoma,Luke Combs,-,24,2
2025-02-08,25,Fast Car,Luke Combs,-,3,39
2025-02-15,1,Messy,Lola Young,1,1,9
2025-02-15,2,APT.,ROSE & Bruno Mars,2,1,16
2025-02-15,3,That's So True,Gracie Abrams,3,1,15
2025-02-15,4,The Days,CHRYSTAL,4,4,6
2025-02-15,5,Die With A Smile,Lady Gaga & Bruno Mars,5,2,25
2025-02-15,6,Birds Of A Feather,Billie Eilish,7,1,38
2025-02-15,7,"Good Luck, Babe!",Chappell Roan,6,4,34
2025-02-15,8,Beautiful Things,Benson Boone,14,1,55
2025-02-15,9,A Bar Song (Tipsy),Shaboozey,8,1,41
2025-02-15,10,Sports Car,Tate McRae,11,10,2
2025-02-15,11,Timeless,The Weeknd & Playboi Carti,17,10,18
2025-02-15,12,Sailor Song,Gigi Perez,9,8,19
2025-02-15,13,Lose Control,Teddy Swims,10,5,57
2025-02-15,14,Espresso,Sabrina Carpenter,13,1,42
2025-02-15,15,Luther,Kendrick Lamar & SZA,16,6,10
2025-02-15,16,Taste,Sabrina Carpenter,15,1,23
2025-02-15,17,I Had Some Help,Post Malone Featuring Morgan Wallen,12,2,38
2025-02-15,18,Denial Is A River,Doechii,-,18,1
2025-02-15,19,Ain't No Love In Oklahoma,Luke Combs,24,19,3
2025-02-15,20,Pink Pony Club,Chappell Roan,-,20,1
2025-02-15,21,Not Like Us,Kendrick Lamar,-,5,20
2025-02-15,22,Wildflower,Billie Eilish,-,13,6
2025-02-15,23,Cry For Me,The Weeknd,-,23,1
2025-02-15,24,When It Rains It Pours,Luke Combs,23,23,2
2025-02-15,25,Too Sweet,Hozier,18,1,45
2025-02-22,1,Not Like Us,Kendrick Lamar,21,1,21
2025-02-22,2,APT.,ROSE & Bruno Mars,2,1,17
2025-02-22,3,Messy,Lola Young,1,1,10
2025-02-22,4,That's So True,Gracie Abrams,3,1,16
2025-02-22,5,Birds Of A Feather,Billie Eilish,6,1,39
2025-02-22,6,Die With A Smile,Lady Gaga & Bruno Mars,5,2,26
2025-02-22,7,Luther,Kendrick Lamar & SZA,15,6,11
2025-02-22,8,The Days,CHRYSTAL,4,4,7
2025-02-22,9,Beautiful Things,Benson Boone,8,1,56
2025-02-22,10,Pink Pony Club,Chappell Roan,20,10,2
2025-02-22,11,"Good Luck, Babe!",Chappell Roan,7,4,35
2025-02-22,12,Denial Is A River,Doechii,18,12,2
2025-02-22,13,Abracadabra,Lady Gaga,-,13,1
2025-02-22,14,A Bar Song (Tipsy),Shaboozey,9,1,42
2025-02-22,15,TV Off,Kendrick Lamar Featuring Lefty Gunplay,-,12,3
2025-02-22,16,All The Stars,Kendrick Lamar & SZA,-,16,1
2025-02-22,17,Espresso,Sabrina Carpenter,14,1,43
2025-02-22,18,Sailor Song,Gigi Perez,12,8,20
2025-02-22,19,Lose Control,Teddy Swims,13,5,58
2025-02-22,20,Sports Car,Tate McRae,10,10,3
2025-02-22,21,Taste,Sabrina Carpenter,16,1,24
2025-02-22,22,Timeless,The Weeknd & Playboi Carti,11,10,19
2025-02-22,23,I Had Some Help,Post Malone Featuring Morgan Wallen,17,2,39
2025-02-22,24,Wildflower,Billie Eilish,22,13,7
2025-02-22,25,Guess,Charli xcx Featuring Billie Eilish,-,1,13
2025-03-01,1,Not Like Us,Kendrick Lamar,1,1,22
2025-03-01,2,Luther,Kendrick Lamar & SZA,7,2,12
2025-03-01,3,APT.,ROSE & Bruno Mars,2,1,18
2025-03-01,4,Messy,Lola Young,3,1,11
2025-03-01,5,Birds Of A Feather,Billie Eilish,5,1,40
2025-03-01,6,Die With A Smile,Lady Gaga & Bruno Mars,6,2,27
2025-03-01,7,That's So True,Gracie Abrams,4,1,17
2025-03-01,8,All The Stars,Kendrick Lamar & SZA,16,8,2
2025-03-01,9,Beautiful Things,Benson Boone,9,1,57
2025-03-01,10,The Days,CHRYSTAL,8,4,8
2025-03-01,11,Pink Pony Club,Chappell Roan,10,10,3
2025-03-01,12,TV Off,Kendrick Lamar Featuring Lefty Gunplay,15,12,4
2025-03-01,13,"Good Luck, Babe!",Chappell Roan,11,4,36
2025-03-01,14,Denial Is A River,Doechii,12,12,3
2025-03-01,15,A Bar Song (Tipsy),Shaboozey,14,1,43
2025-03-01,16,Taste,Sabrina Carpenter,21,1,25
2025-03-01,17,Espresso,Sabrina Carpenter,17,1,44
2025-03-01,18,Lose Control,Teddy Swims,19,5,59
2025-03-01,19,Please Please Please,Sabrina Carpenter,-,1,30
2025-03-01,20,Sailor Song,Gigi Perez,18,8,21
2025-03-01,21,Wildflower,Billie Eilish,24,13,8
2025-03-01,22,I Had Some Help,Post Malone Featuring Morgan Wallen,23,2,40
2025-03-01,23,Sports Car,Tate McRae,20,10,4
2025-03-01,24,Busy Woman,Sabrina Carpenter,-,24,1
2025-03-01,25,Timeless,The Weeknd & Playboi Carti,22,10,20
2025-03-08,1,Luther,Kendrick Lamar & SZA,2,1,13
2025-03-08,2,APT.,ROSE & Bruno Mars,3,1,19
2025-03-08,3,Birds Of A Feather,Billie Eilish,5,1,41
2025-03-08,4,Not Like Us,Kendrick Lamar,1,1,23
2025-03-08,5,Messy,Lola Young,4,1,12
2025-03-08,6,That's So True,Gracie Abrams,7,1,18
2025-03-08,7,Die With A Smile,Lady Gaga & Bruno Mars,6,2,28
2025-03-08,8,Pink Pony Club,Chappell Roan,11,8,4
2025-03-08,9,Sports Car,Tate McRae,23,9,5
2025-03-08,10,The Days,CHRYSTAL,10,4,9
2025-03-08,11,Beautiful Things,Benson Boone,9,1,58
2025-03-08,12,All The Stars,Kendrick Lamar & SZA,8,8,3
2025-03-08,13,Revolving Door,Tate McRae,-,13,1
2025-03-08,14,"Good Luck, Babe!",Chappell Roan,13,4,37
2025-03-08,15,Denial Is A River,Doechii,14,12,4
2025-03-08,16,A Bar Song (Tipsy),Shaboozey,15,1,44
2025-03-08,17,Wildflower,Billie Eilish,21,13,9
2025-03-08,18,TV Off,Kendrick Lamar Featuring Lefty Gunplay,12,12,5
2025-03-08,19,Lose Control,Teddy Swims,18,5,60
2025-03-08,20,I Know Love,Tate McRae Featauring The Kid Laroi,-,20,1
2025-03-08,21,Nokia,Drake,-,21,1
2025-03-08,22,Sailor Song,Gigi Perez,20,8,22
2025-03-08,23,Taste,Sabrina Carpenter,16,1,26
2025-03-08,24,Espresso,Sabrina Carpenter,17,1,45
2025-03-08,25,I Had Some Help,Post Malone Featuring Morgan Wallen,22,2,41
2025-03-15,1,APT.,ROSE & Bruno Mars,2,1,20
2025-03-15,2,Luther,Kendrick Lamar & SZA,1,1,14
2025-03-15,3,Birds Of A Feather,Billie Eilish,3,1,42
2025-03-15,4,That's So True,Gracie Abrams,6,1,19
2025-03-15,5,Die With A Smile,Lady Gaga & Bruno Mars,7,2,29
2025-03-15,6,Messy,Lola Young,5,1,13
2025-03-15,7,Not Like Us,Kendrick Lamar,4,1,24
2025-03-15,8,Pink Pony Club,Chappell Roan,8,8,5
2025-03-15,9,Beautiful Things,Benson Boone,11,1,59
2025-03-15,10,The Days,CHRYSTAL,10,4,10
2025-03-15,11,Sports Car,Tate McRae,9,9,6
2025-03-15,12,Revolving Door,Tate McRae,13,12,2
2025-03-15,13,Nokia,Drake,21,13,2
2025-03-15,14,A N X I E T Y,Sleepy Hallow Featuring Doechii,-,14,1
2025-03-15,15,"Good Luck, Babe!",Chappell Roan,14,4,38
2025-03-15,16,All The Stars,Kendrick Lamar & SZA,12,8,4
2025-03-15,17,Denial Is A River,Doechii,15,12,5
2025-03-15,18,A Bar Song (Tipsy),Shaboozey,16,1,45
2025-03-15,19,Lose Control,Teddy Swims,19,5,61
2025-03-15,20,Wildflower,Billie Eilish,17,13,10
2025-03-15,21,Sailor Song,Gigi Perez,22,8,23
2025-03-15,22,Espresso,Sabrina Carpenter,24,1,46
2025-03-15,23,TV Off,Kendrick Lamar Featuring Lefty Gunplay,18,12,6
2025-03-15,24,Taste,Sabrina Carpenter,23,1,27
2025-03-15,25,I Had Some Help,Post Malone Featuring Morgan Wallen,25,2,42
2025-03-22,1,APT.,ROSE & Bruno Mars,1,1,21
2025-03-22,2,Die With A Smile,Lady Gaga & Bruno Mars,5,2,30
2025-03-22,3,That's So True,Gracie Abrams,4,1,20
2025-03-22,4,Luther,Kendrick Lamar & SZA,2,1,15
2025-03-22,5,Birds Of A Feather,Billie Eilish,3,1,43
2025-03-22,6,Messy,Lola Young,6,1,14
2025-03-22,7,Sports Car,Tate McRae,11,7,7
2025-03-22,8,Pink Pony Club,Chappell Roan,8,8,6
2025-03-22,9,Beautiful Things,Benson Boone,9,1,60
2025-03-22,10,Anxiety,Doechii,-,10,1
2025-03-22,11,Nokia,Drake,13,11,3
2025-03-22,12,Not Like Us,Kendrick Lamar,7,1,25
2025-03-22,13,Ordinary,Alex Warren,-,13,1
2025-03-22,14,The Days,CHRYSTAL,10,4,11
2025-03-22,15,Revolving Door,Tate McRae,12,12,3
2025-03-22,16,"Good Luck, Babe!",Chappell Roan,15,4,39
2025-03-22,17,Denial Is A River,Doechii,17,12,6
2025-03-22,18,A Bar Song (Tipsy),Shaboozey,18,1,46
2025-03-22,19,Lose Control,Teddy Swims,19,5,62
2025-03-22,20,All The Stars,Kendrick Lamar & SZA,16,8,5
2025-03-22,21,Sailor Song,Gigi Perez,21,8,24
2025-03-22,22,A N X I E T Y,Sleepy Hallow Featuring Doechii,14,14,2
2025-03-22,23,Wildflower,Billie Eilish,20,13,11
2025-03-22,24,Espresso,Sabrina Carpenter,22,1,47
2025-03-22,25,Taste,Sabrina Carpenter,24,1,28
2025-03-29,1,Anxiety,Doechii,10,1,2
2025-03-29,2,APT.,ROSE & Bruno Mars,1,1,22
2025-03-29,3,Ordinary,Alex Warren,13,3,2
2025-03-29,4,That's So True,Gracie Abrams,3,1,21
2025-03-29,5,Luther,Kendrick Lamar & SZA,4,1,16
2025-03-29,6,Evil J0rdan,Playboi Carti,-,6,1
2025-03-29,7,Messy,Lola Young,6,1,15
2025-03-29,8,Die With A Smile,Lady Gaga & Bruno Mars,2,2,31
2025-03-29,9,Birds Of A Feather,Billie Eilish,5,1,44
2025-03-29,10,Pink Pony Club,Chappell Roan,8,8,7
2025-03-29,11,Beautiful Things,Benson Boone,9,1,61
2025-03-29,12,Nokia,Drake,11,11,4
2025-03-29,13,Sports Car,Tate McRae,7,7,8
2025-03-29,14,The Days,CHRYSTAL,14,4,12
2025-03-29,15,The Giver,Chappell Roan,-,15,1
2025-03-29,16,Not Like Us,Kendrick Lamar,12,1,26
2025-03-29,17,Rather Lie,Playboi Carti & The Weeknd,-,17,1
2025-03-29,18,Lose Control,Teddy Swims,19,5,63
2025-03-29,19,A Bar Song (Tipsy),Shaboozey,18,1,47
2025-03-29,20,"Good Luck, Babe!",Chappell Roan,16,4,40
2025-03-29,21,Sailor Song,Gigi Perez,21,8,25
2025-03-29,22,Revolving Door,Tate McRae,15,12,4
2025-03-29,23,Denial Is A River,Doechii,17,12,7
2025-03-29,24,All The Stars,Kendrick Lamar & SZA,20,8,6
2025-03-29,25,Espresso,Sabrina Carpenter,24,1,48
2025-04-05,1,Ordinary,Alex Warren,3,1,3
2025-04-05,2,APT.,ROSE & Bruno Mars,2,1,23
2025-04-05,3,That's So True,Gracie Abrams,4,1,22
2025-04-05,4,Anxiety,Doechii,1,1,3
2025-04-05,5,Beautiful Things,Benson Boone,11,1,62
2025-04-05,6,Messy,Lola Young,7,1,16
2025-04-05,7,Luther,Kendrick Lamar & SZA,5,1,17
2025-04-05,8,Birds Of A Feather,Billie Eilish,9,1,45
2025-04-05,9,Pink Pony Club,Chappell Roan,10,8,8
2025-04-05,10,Die With A Smile,Lady Gaga & Bruno Mars,8,2,32
2025-04-05,11,Nokia,Drake,12,11,5
2025-04-05,12,Lose Control,Teddy Swims,18,5,64
2025-04-05,13,Sports Car,Tate McRae,13,7,9
2025-04-05,14,The Days,CHRYSTAL,14,4,13
2025-04-05,15,Not Like Us,Kendrick Lamar,16,1,27
2025-04-05,16,Sailor Song,Gigi Perez,21,8,26
2025-04-05,17,A Bar Song (Tipsy),Shaboozey,19,1,48
2025-04-05,18,"Good Luck, Babe!",Chappell Roan,20,4,41
2025-04-05,19,Carry You Home,Alex Warren,-,19,1
2025-04-05,20,Dark Thoughts,Lil Tecca,-,20,1
2025-04-05,21,Espresso,Sabrina Carpenter,25,1,49
2025-04-05,22,All The Stars,Kendrick Lamar & SZA,24,8,7
2025-04-05,23,Revolving Door,Tate McRae,22,12,5
2025-04-05,24,I Had Some Help,Post Malone Featuring Morgan Wallen,-,2,43
2025-04-05,25,Taste,Sabrina Carpenter,-,1,29
2025-04-12,1,Ordinary,Alex Warren,1,1,4
2025-04-12,2,APT.,ROSE & Bruno Mars,2,1,24
2025-04-12,3,That's So True,Gracie Abrams,3,1,23
2025-04-12,4,Beautiful Things,Benson Boone,5,1,63
2025-04-12,5,Pink Pony Club,Chappell Roan,9,5,9
2025-04-12,6,Birds Of A Feather,Billie Eilish,8,1,46
2025-04-12,7,Nokia,Drake,11,7,6
2025-04-12,8,Die With A Smile,Lady Gaga & Bruno Mars,10,2,33
2025-04-12,9,Anxiety,Doechii,4,1,4
2025-04-12,10,Messy,Lola Young,6,1,17
2025-04-12,11,Sports Car,Tate McRae,13,7,10
2025-04-12,12,Lose Control,Teddy Swims,12,5,65
2025-04-12,13,Luther,Kendrick Lamar & SZA,7,1,18
2025-04-12,14,The Days,CHRYSTAL,14,4,14
2025-04-12,15,Sailor Song,Gigi Perez,16,8,27
2025-04-12,16,A Bar Song (Tipsy),Shaboozey,17,1,49
2025-04-12,17,Twilight Zone,Ariana Grande,-,17,1
2025-04-12,18,Carry You Home,Alex Warren,19,18,2
2025-04-12,19,Not Like Us,Kendrick Lamar,15,1,28
2025-04-12,20,"Good Luck, Babe!",Chappell Roan,18,4,42
2025-04-12,21,Mutt,Leon Thomas,-,21,1
2025-04-12,22,Dark Thoughts,Lil Tecca,20,20,2
2025-04-12,23,I Had Some Help,Post Malone Featuring Morgan Wallen,24,2,44
2025-04-12,24,Espresso,Sabrina Carpenter,21,1,50
2025-04-12,25,Indigo,Sam Barber Featuring Avery Anna,-,22,2
2025-04-19,1,Ordinary,Alex Warren,1,1,5
2025-04-19,2,APT.,ROSE & Bruno Mars,2,1,25
2025-04-19,3,That's So True,Gracie Abrams,3,1,24
2025-04-19,4,Nokia,Drake,7,4,7
2025-04-19,5,Pink Pony Club,Chappell Roan,5,5,10
2025-04-19,6,Beautiful Things,Benson Boone,4,1,64
2025-04-19,7,Birds Of A Feather,Billie Eilish,6,1,47
2025-04-19,8,Messy,Lola Young,10,1,18
2025-04-19,9,Die With A Smile,Lady Gaga & Bruno Mars,8,2,34
2025-04-19,10,Sports Car,Tate McRae,11,7,11
2025-04-19,11,Lose Control,Teddy Swims,12,5,66
2025-04-19,12,Luther,Kendrick Lamar & SZA,13,1,19
2025-04-19,13,The Days,CHRYSTAL,14,4,15
2025-04-19,14,Anxiety,Doechii,9,1,5
2025-04-19,15,A Bar Song (Tipsy),Shaboozey,16,1,50
2025-04-19,16,Sailor Song,Gigi Perez,15,8,28
2025-04-19,17,Mutt,Leon Thomas,21,17,2
2025-04-19,18,Espresso,Sabrina Carpenter,24,1,51
2025-04-19,19,I Had Some Help,Post Malone Featuring Morgan Wallen,23,2,45
2025-04-19,20,Carry You Home,Alex Warren,18,18,3
2025-04-19,21,Love Me Not,Ravyn Lenae,-,21,1
2025-04-19,22,Undressed,sombr,-,22,1
2025-04-19,23,"Good Luck, Babe!",Chappell Roan,20,4,43
2025-04-19,24,Indigo,Sam Barber Featuring Avery Anna,25,22,3
2025-04-19,25,Twilight Zone,Ariana Grande,17,17,2
2025-04-26,1,Ordinary,Alex Warren,1,1,6
2025-04-26,2,APT.,ROSE & Bruno Mars,2,1,26
2025-04-26,3,Beautiful Things,Benson Boone,6,1,65
2025-04-26,4,Die With A Smile,Lady Gaga & Bruno Mars,9,2,35
2025-04-26,5,Pink Pony Club,Chappell Roan,5,5,11
2025-04-26,6,That's So True,Gracie Abrams,3,1,25
2025-04-26,7,Nokia,Drake,4,4,8
2025-04-26,8,Birds Of A Feather,Billie Eilish,7,1,48
2025-04-26,9,Messy,Lola Young,8,1,19
2025-04-26,10,Luther,Kendrick Lamar & SZA,12,1,20
2025-04-26,11,Lose Control,Teddy Swims,11,5,67
2025-04-26,12,The Days,CHRYSTAL,13,4,16
2025-04-26,13,Sports Car,Tate McRae,10,7,12
2025-04-26,14,A Bar Song (Tipsy),Shaboozey,15,1,51
2025-04-26,15,Anxiety,Doechii,14,1,6
2025-04-26,16,Sailor Song,Gigi Perez,16,8,29
2025-04-26,17,Mutt,Leon Thomas,17,17,3
2025-04-26,18,Espresso,Sabrina Carpenter,18,1,52
2025-04-26,19,I Had Some Help,Post Malone Featuring Morgan Wallen,19,2,46
2025-04-26,20,Love Me Not,Ravyn Lenae,21,20,2
2025-04-26,21,Undressed,sombr,22,21,2
2025-04-26,22,Taste,Sabrina Carpenter,-,1,30
2025-04-26,23,"Good Luck, Babe!",Chappell Roan,23,4,44
2025-04-26,24,Bad Dreams,Teddy Swims,-,24,1
2025-04-26,25,Azizam,Ed Sheeran,-,25,1
2025-05-03,1,Ordinary,Alex Warren,1,1,7
2025-05-03,2,Beautiful Things,Benson Boone,3,1,66
2025-05-03,3,APT.,ROSE & Bruno Mars,2,1,27
2025-05-03,4,Pink Pony Club,Chappell Roan,5,4,12
2025-05-03,5,That's So True,Gracie Abrams,6,1,26
2025-05-03,6,Die With A Smile,Lady Gaga & Bruno Mars,4,2,36
2025-05-03,7,Birds Of A Feather,Billie Eilish,8,1,49
2025-05-03,8,Nokia,Drake,7,4,9
2025-05-03,9,Messy,Lola Young,9,1,20
2025-05-03,10,Lose Control,Teddy Swims,11,5,68
2025-05-03,11,A Bar Song (Tipsy),Shaboozey,14,1,52
2025-05-03,12,Undressed,sombr,21,12,3
2025-05-03,13,The Days,CHRYSTAL,12,4,17
2025-05-03,14,Luther,Kendrick Lamar & SZA,10,1,21
2025-05-03,15,Sports Car,Tate McRae,13,7,13
2025-05-03,16,Anxiety,Doechii,15,1,7
2025-05-03,17,I Had Some Help,Post Malone Featuring Morgan Wallen,19,2,47
2025-05-03,18,Sailor Song,Gigi Perez,16,8,30
2025-05-03,19,Love Me Not,Ravyn Lenae,20,19,3
2025-05-03,20,Espresso,Sabrina Carpenter,18,1,53
2025-05-03,21,Mutt,Leon Thomas,17,17,4
2025-05-03,22,"Good Luck, Babe!",Chappell Roan,23,4,45
2025-05-03,23,Back To Friends,sombr,-,23,1
2025-05-03,24,Abracadabra,Lady Gaga,-,13,2
2025-05-03,25,Bad Dreams,Teddy Swims,24,24,2
2025-05-10,1,Ordinary,Alex Warren,1,1,8
2025-05-10,2,That's So True,Gracie Abrams,5,1,27
2025-05-10,3,Beautiful Things,Benson Boone,2,1,67
2025-05-10,4,Pink Pony Club,Chappell Roan,4,4,13
2025-05-10,5,Undressed,sombr,12,5,4
2025-05-10,6,Birds Of A Feather,Billie Eilish,7,1,50
2025-05-10,7,APT.,ROSE & Bruno Mars,3,1,28
2025-05-10,8,Die With A Smile,Lady Gaga & Bruno Mars,6,2,37
2025-05-10,9,Nokia,Drake,8,4,10
2025-05-10,10,Love Me Not,Ravyn Lenae,19,10,4
2025-05-10,11,Messy,Lola Young,9,1,21
2025-05-10,12,Lose Control,Teddy Swims,10,5,69
2025-05-10,13,What Was That,Lorde,-,13,1
2025-05-10,14,The Days,CHRYSTAL,13,4,18
2025-05-10,15,A Bar Song (Tipsy),Shaboozey,11,1,53
2025-05-10,16,Luther,Kendrick Lamar & SZA,14,1,22
2025-05-10,17,Back To Friends,sombr,23,17,2
2025-05-10,18,Sports Car,Tate McRae,15,7,14
2025-05-10,19,Sailor Song,Gigi Perez,18,8,31
2025-05-10,20,Anxiety,Doechii,16,1,8
2025-05-10,21,I Had Some Help,Post Malone Featuring Morgan Wallen,17,2,48
2025-05-10,22,Show Me Love,WizTheMc,-,22,1
2025-05-10,23,Mutt,Leon Thomas,21,17,5
2025-05-10,24,Indigo,Sam Barber Featuring Avery Anna,-,22,4
2025-05-10,25,Bad Dreams,Teddy Swims,25,24,3
2025-05-17,1,Ordinary,Alex Warren,1,1,9
2025-05-17,2,Undressed,sombr,5,2,5
2025-05-17,3,That's So True,Gracie Abrams,2,1,28
2025-05-17,4,Love Me Not,Ravyn Lenae,10,4,5
2025-05-17,5,Beautiful Things,Benson Boone,3,1,68
2025-05-17,6,Pink Pony Club,Chappell Roan,4,4,14
2025-05-17,7,Birds Of A Feather,Billie Eilish,6,1,51
2025-05-17,8,Die With A Smile,Lady Gaga & Bruno Mars,8,2,38
2025-05-17,9,APT.,ROSE & Bruno Mars,7,1,29
2025-05-17,10,Back To Friends,sombr,17,10,3
2025-05-17,11,Lose Control,Teddy Swims,12,5,70
2025-05-17,12,Messy,Lola Young,11,1,22
2025-05-17,13,The Days,CHRYSTAL,14,4,19
2025-05-17,14,Nokia,Drake,9,4,11
2025-05-17,15,Luther,Kendrick Lamar & SZA,16,1,23
2025-05-17,16,A Bar Song (Tipsy),Shaboozey,15,1,54
2025-05-17,17,Show Me Love,WizTheMc,22,17,2
2025-05-17,18,Anxiety,Doechii,20,1,9
2025-05-17,19,"I Love You, I'm Sorry",Gracie Abrams,-,8,17
2025-05-17,20,Sports Car,Tate McRae,18,7,15
2025-05-17,21,I Had Some Help,Post Malone Featuring Morgan Wallen,21,2,49
2025-05-17,22,Mutt,Leon Thomas,23,17,6
2025-05-17,23,Carry You Home,Alex Warren,-,18,4
2025-05-17,24,Bad Dreams,Teddy Swims,25,24,4
2025-05-17,25,Sailor Song,Gigi Perez,19,8,32
2025-05-24,1,Ordinary,Alex Warren,1,1,10
2025-05-24,2,Undressed,sombr,2,2,6
2025-05-24,3,That's So True,Gracie Abrams,3,1,29
2025-05-24,4,Love Me Not,Ravyn Lenae,4,4,6
2025-05-24,5,Beautiful Things,Benson Boone,5,1,69
2025-05-24,6,Back To Friends,sombr,10,6,4
2025-05-24,7,Birds Of A Feather,Billie Eilish,7,1,52
2025-05-24,8,Pink Pony Club,Chappell Roan,6,4,15
2025-05-24,9,Die With A Smile,Lady Gaga & Bruno Mars,8,2,39
2025-05-24,10,Lose Control,Teddy Swims,11,5,71
2025-05-24,11,APT.,ROSE & Bruno Mars,9,1,30
2025-05-24,12,The Days,CHRYSTAL,13,4,20
2025-05-24,13,Nokia,Drake,14,4,12
2025-05-24,14,Messy,Lola Young,12,1,23
2025-05-24,15,A Bar Song (Tipsy),Shaboozey,16,1,55
2025-05-24,16,Luther,Kendrick Lamar & SZA,15,1,24
2025-05-24,17,Blue Strips,Jessie Murph,-,17,1
2025-05-24,18,Show Me Love,WizTheMc,17,17,3
2025-05-24,19,Sports Car,Tate McRae,20,7,16
2025-05-24,20,Stargazing,Myles Smith,-,11,33
2025-05-24,21,Carry You Home,Alex Warren,23,18,5
2025-05-24,22,Sailor Song,Gigi Perez,25,8,33
2025-05-24,23,Bad Dreams,Teddy Swims,24,23,5
2025-05-24,24,"I Love You, I'm Sorry",Gracie Abrams,19,8,18
2025-05-24,25,I Had Some Help,Post Malone Featuring Morgan Wallen,21,2,50
2025-05-31,1,Ordinary,Alex Warren,1,1,11
2025-05-31,2,Undressed,sombr,2,2,7
2025-05-31,3,Back To Friends,sombr,6,3,5
2025-05-31,4,Love Me Not,Ravyn Lenae,4,4,7
2025-05-31,5,Birds Of A Feather,Billie Eilish,7,1,53
2025-05-31,6,That's So True,Gracie Abrams,3,1,30
2025-05-31,7,Beautiful Things,Benson Boone,5,1,70
2025-05-31,8,Lose Control,Teddy Swims,10,5,72
2025-05-31,9,Pink Pony Club,Chappell Roan,8,4,16
2025-05-31,10,Die With A Smile,Lady Gaga & Bruno Mars,9,2,40
2025-05-31,11,APT.,ROSE & Bruno Mars,11,1,31
2025-05-31,12,The Days,CHRYSTAL,12,4,21
2025-05-31,13,A Bar Song (Tipsy),Shaboozey,15,1,56
2025-05-31,14,Nokia,Drake,13,4,13
2025-05-31,15,Messy,Lola Young,14,1,24
2025-05-31,16,Luther,Kendrick Lamar & SZA,16,1,25
2025-05-31,17,Carry You Home,Alex Warren,21,17,6
2025-05-31,18,What I Want,Morgan Wallen Featuring Tate McRae,-,18,1
2025-05-31,19,Stargazing,Myles Smith,20,11,34
2025-05-31,20,Sailor Song,Gigi Perez,22,8,34
2025-05-31,21,Iris,Goo Goo Dolls,-,21,1
2025-05-31,22,Sports Car,Tate McRae,19,7,17
2025-05-31,23,I Had Some Help,Post Malone Featuring Morgan Wallen,25,2,51
2025-05-31,24,Blue Strips,Jessie Murph,17,17,2
2025-05-31,25,Show Me Love,WizTheMc,18,17,4
2025-06-07,1,Ordinary,Alex Warren,1,1,12
2025-06-07,2,Undressed,sombr,2,2,8
2025-06-07,3,Back To Friends,sombr,3,3,6
2025-06-07,4,Love Me Not,Ravyn Lenae,4,4,8
2025-06-07,5,Birds Of A Feather,Billie Eilish,5,1,54
2025-06-07,6,Beautiful Things,Benson Boone,7,1,71
2025-06-07,7,Lose Control,Teddy Swims,8,5,73
2025-06-07,8,Die With A Smile,Lady Gaga & Bruno Mars,10,2,41
2025-06-07,9,Pink Pony Club,Chappell Roan,9,4,17
2025-06-07,10,That's So True,Gracie Abrams,6,1,31
2025-06-07,11,APT.,ROSE & Bruno Mars,11,1,32
2025-06-07,12,The Days,CHRYSTAL,12,4,22
2025-06-07,13,A Bar Song (Tipsy),Shaboozey,13,1,57
2025-06-07,14,What I Want,Morgan Wallen Featuring Tate McRae,18,14,2
2025-06-07,15,Luther,Kendrick Lamar & SZA,16,1,26
2025-06-07,16,Nokia,Drake,14,4,14
2025-06-07,17,Messy,Lola Young,15,1,25
2025-06-07,18,Bloodline,Alex Warren With Jelly Roll,-,18,1
2025-06-07,19,Carry You Home,Alex Warren,17,17,7
2025-06-07,20,Iris,Goo Goo Dolls,21,20,2
2025-06-07,21,Sports Car,Tate McRae,22,7,18
2025-06-07,22,I Had Some Help,Post Malone Featuring Morgan Wallen,23,2,52
2025-06-07,23,Bad Dreams,Teddy Swims,-,23,6
2025-06-07,24,Show Me Love,WizTheMc,25,17,5
2025-06-07,25,All The Stars,Kendrick Lamar & SZA,-,8,8
2025-06-14,1,Ordinary,Alex Warren,1,1,13
2025-06-14,2,Undressed,sombr,2,2,9
2025-06-14,3,Back To Friends,sombr,3,3,7
2025-06-14,4,Love Me Not,Ravyn Lenae,4,4,9
2025-06-14,5,Lose Control,Teddy Swims,7,5,74
2025-06-14,6,Beautiful Things,Benson Boone,6,1,72
2025-06-14,7,Just Keep Watching,Tate McRae,-,7,1
2025-06-14,8,Birds Of A Feather,Billie Eilish,5,1,55
2025-06-14,9,Die With A Smile,Lady Gaga & Bruno Mars,8,2,42
2025-06-14,10,Pink Pony Club,Chappell Roan,9,4,18
2025-06-14,11,APT.,ROSE & Bruno Mars,11,1,33
2025-06-14,12,That's So True,Gracie Abrams,10,1,32
2025-06-14,13,Bloodline,Alex Warren With Jelly Roll,18,13,2
2025-06-14,14,What I Want,Morgan Wallen Featuring Tate McRae,14,14,3
2025-06-14,15,The Days,CHRYSTAL,12,4,23
2025-06-14,16,A Bar Song (Tipsy),Shaboozey,13,1,58
2025-06-14,17,Luther,Kendrick Lamar & SZA,15,1,27
2025-06-14,18,Messy,Lola Young,17,1,26
2025-06-14,19,Iris,Goo Goo Dolls,20,19,3
2025-06-14,20,Nokia,Drake,16,4,15
2025-06-14,21,Dreams,Fleetwood Mac,-,21,4
2025-06-14,22,Carry You Home,Alex Warren,19,17,8
2025-06-14,23,All The Stars,Kendrick Lamar & SZA,25,8,9
2025-06-14,24,Show Me Love,WizTheMc,24,17,6
2025-06-14,25,Bad Dreams,Teddy Swims,23,23,7
2025-06-21,1,Ordinary,Alex Warren,1,1,14
2025-06-21,2,Manchild,Sabrina Carpenter,-,2,1
2025-06-21,3,Undressed,sombr,2,2,10
2025-06-21,4,Back To Friends,sombr,3,3,8
2025-06-21,5,Love Me Not,Ravyn Lenae,4,4,10
2025-06-21,6,Lose Control,Teddy Swims,5,5,75
2025-06-21,7,Beautiful Things,Benson Boone,6,1,73
2025-06-21,8,Just Keep Watching,Tate McRae,7,7,2
2025-06-21,9,Birds Of A Feather,Billie Eilish,8,1,56
2025-06-21,10,Pink Pony Club,Chappell Roan,10,4,19
2025-06-21,11,Die With A Smile,Lady Gaga & Bruno Mars,9,2,43
2025-06-21,12,APT.,ROSE & Bruno Mars,11,1,34
2025-06-21,13,What I Want,Morgan Wallen Featuring Tate McRae,14,13,4
2025-06-21,14,That's So True,Gracie Abrams,12,1,33
2025-06-21,15,A Bar Song (Tipsy),Shaboozey,16,1,59
2025-06-21,16,The Days,CHRYSTAL,15,4,24
2025-06-21,17,Dreams,Fleetwood Mac,21,17,5
2025-06-21,18,Iris,Goo Goo Dolls,19,18,4
2025-06-21,19,Luther,Kendrick Lamar & SZA,17,1,28
2025-06-21,20,Messy,Lola Young,18,1,27
2025-06-21,21,Bloodline,Alex Warren With Jelly Roll,13,13,3
2025-06-21,22,Blue Strips,Jessie Murph,-,17,3
2025-06-21,23,Nokia,Drake,20,4,16
2025-06-21,24,Carry You Home,Alex Warren,22,17,9
2025-06-21,25,I Had Some Help,Post Malone Featuring Morgan Wallen,-,2,53
2025-06-28,1,Ordinary,Alex Warren,1,1,15
2025-06-28,2,Manchild,Sabrina Carpenter,2,2,2
2025-06-28,3,Love Me Not,Ravyn Lenae,5,3,11
2025-06-28,4,Undressed,sombr,3,2,11
2025-06-28,5,Back To Friends,sombr,4,3,9
2025-06-28,6,Lose Control,Teddy Swims,6,5,76
2025-06-28,7,Beautiful Things,Benson Boone,7,1,74
2025-06-28,8,Pink Pony Club,Chappell Roan,10,4,20
2025-06-28,9,Birds Of A Feather,Billie Eilish,9,1,57
2025-06-28,10,Die With A Smile,Lady Gaga & Bruno Mars,11,2,44
2025-06-28,11,Just Keep Watching,Tate McRae,8,7,3
2025-06-28,12,APT.,ROSE & Bruno Mars,12,1,35
2025-06-28,13,That's So True,Gracie Abrams,14,1,34
2025-06-28,14,A Bar Song (Tipsy),Shaboozey,15,1,60
2025-06-28,15,Luther,Kendrick Lamar & SZA,19,1,29
2025-06-28,16,Iris,Goo Goo Dolls,18,16,5
2025-06-28,17,The Days,CHRYSTAL,16,4,25
2025-06-28,18,What I Want,Morgan Wallen Featuring Tate McRae,13,13,5
2025-06-28,19,No Broke Boys,Disco Lines & Tinashe,-,19,1
2025-06-28,20,Messy,Lola Young,20,1,28
2025-06-28,21,All The Stars,Kendrick Lamar & SZA,-,8,10
2025-06-28,22,Carry You Home,Alex Warren,24,17,10
2025-06-28,23,Bloodline,Alex Warren With Jelly Roll,21,13,4
2025-06-28,24,Blue Strips,Jessie Murph,22,17,4
2025-06-28,25,I Had Some Help,Post Malone Featuring Morgan Wallen,25,2,54
2025-07-05,1,Ordinary,Alex Warren,1,1,16
2025-07-05,2,Manchild,Sabrina Carpenter,2,2,3
2025-07-05,3,Victory Lap,"Fred again.., Skepta , PlaqueBoyMax",-,3,1
2025-07-05,4,Love Me Not,Ravyn Lenae,3,3,12
2025-07-05,5,Undressed,sombr,4,2,12
2025-07-05,6,Back To Friends,sombr,5,3,10
2025-07-05,7,Lose Control,Teddy Swims,6,5,77
2025-07-05,8,Beautiful Things,Benson Boone,7,1,75
2025-07-05,9,No Broke Boys,Disco Lines & Tinashe,19,9,2
2025-07-05,10,Pink Pony Club,Chappell Roan,8,4,21
2025-07-05,11,Birds Of A Feather,Billie Eilish,9,1,58
2025-07-05,12,Die With A Smile,Lady Gaga & Bruno Mars,10,2,45
2025-07-05,13,APT.,ROSE & Bruno Mars,12,1,36
2025-07-05,14,The Days,CHRYSTAL,17,4,26
2025-07-05,15,A Bar Song (Tipsy),Shaboozey,14,1,61
2025-07-05,16,That's So True,Gracie Abrams,13,1,35
2025-07-05,17,Just Keep Watching,Tate McRae,11,7,4
2025-07-05,18,Luther,Kendrick Lamar & SZA,15,1,30
2025-07-05,19,Iris,Goo Goo Dolls,16,16,6
2025-07-05,20,Messy,Lola Young,20,1,29
2025-07-05,21,All The Stars,Kendrick Lamar & SZA,21,8,11
2025-07-05,22,I Had Some Help,Post Malone Featuring Morgan Wallen,25,2,55
2025-07-05,23,Rock That Body,The Black Eyed Peas,-,23,1
2025-07-05,24,Mystical Magical,Benson Boone,-,24,1
2025-07-05,25,Carry You Home,Alex Warren,22,17,11
2025-07-12,1,Ordinary,Alex Warren,1,1,17
2025-07-12,2,Love Me Not,Ravyn Lenae,4,2,13
2025-07-12,3,Undressed,sombr,5,2,13
2025-07-12,4,Victory Lap,"Fred again.., Skepta , PlaqueBoyMax",3,3,2
2025-07-12,5,Back To Friends,sombr,6,3,11
2025-07-12,6,Manchild,Sabrina Carpenter,2,2,4
2025-07-12,7,No Broke Boys,Disco Lines & Tinashe,9,7,3
2025-07-12,8,Golden,"HUNTR/X: EJAE, Audrey Nuna & REI AMI",-,8,1
2025-07-12,9,Lose Control,Teddy Swims,7,5,78
2025-07-12,10,Beautiful Things,Benson Boone,8,1,76
2025-07-12,11,Just Keep Watching,Tate McRae,17,7,5
2025-07-12,12,Your Idol,"Saja Boys: Andrew Choi, Neckwav, Danny Chung, Kevin Woo & samUIL Lee",-,12,1
2025-07-12,13,Pink Pony Club,Chappell Roan,10,4,22
2025-07-12,14,Birds Of A Feather,Billie Eilish,11,1,59
2025-07-12,15,Die With A Smile,Lady Gaga & Bruno Mars,12,2,46
2025-07-12,16,Iris,Goo Goo Dolls,19,16,7
2025-07-12,17,APT.,ROSE & Bruno Mars,13,1,37
2025-07-12,18,A Bar Song (Tipsy),Shaboozey,15,1,62
2025-07-12,19,The Days,CHRYSTAL,14,4,27
2025-07-12,20,That's So True,Gracie Abrams,16,1,36
2025-07-12,21,How It’s Done,"HUNTR/X: EJAE, Audrey Nuna & REI AMI",-,21,1
2025-07-12,22,Messy,Lola Young,20,1,30
2025-07-12,23,Luther,Kendrick Lamar & SZA,18,1,31
2025-07-12,24,All The Stars,Kendrick Lamar & SZA,21,8,12
2025-07-12,25,Soda Pop,"Saja Boys: Andrew Choi, Neckwav, Danny Chung, Kevin Woo & samUIL Lee",-,25,1
2025-07-19,1,Ordinary,Alex Warren,1,1,18
2025-07-19,2,Golden,"HUNTR/X: EJAE, Audrey Nuna & REI AMI",8,2,2
2025-07-19,3,Love Me Not,Ravyn Lenae,2,2,14
2025-07-19,4,Back To Friends,sombr,5,3,12
2025-07-19,5,Victory Lap,"Fred again.., Skepta , PlaqueBoyMax",4,3,3
2025-07-19,6,Undressed,sombr,3,2,14
2025-07-19,7,Your Idol,"Saja Boys: Andrew Choi, Neckwav, Danny Chung, Kevin Woo & samUIL Lee",12,7,2
2025-07-19,8,No Broke Boys,Disco Lines & Tinashe,7,7,4
2025-07-19,9,Manchild,Sabrina Carpenter,6,2,5
2025-07-19,10,Just Keep Watching,Tate McRae,11,7,6
2025-07-19,11,Lose Control,Teddy Swims,9,5,79
2025-07-19,12,How It’s Done,"HUNTR/X: EJAE, Audrey Nuna & REI AMI",21,12,2
2025-07-19,13,Beautiful Things,Benson Boone,10,1,77
2025-07-19,14,Soda Pop,"Saja Boys: Andrew Choi, Neckwav, Danny Chung, Kevin Woo & samUIL Lee",25,14,2
2025-07-19,15,What It Sounds Like,"HUNTR/X: EJAE, Audrey Nuna & REI AMI",-,15,1
2025-07-19,16,Iris,Goo Goo Dolls,16,16,8
2025-07-19,17,Pink Pony Club,Chappell Roan,13,4,23
2025-07-19,18,Dreams,Fleetwood Mac,-,17,6
2025-07-19,19,Free,Rumi & JINU: EJAE & Andrew Choi,-,19,1
2025-07-19,20,APT.,ROSE & Bruno Mars,17,1,38
2025-07-19,21,Birds Of A Feather,Billie Eilish,14,1,60
2025-07-19,22,Die With A Smile,Lady Gaga & Bruno Mars,15,2,47
2025-07-19,23,A Bar Song (Tipsy),Shaboozey,18,1,63
2025-07-19,24,The Days,CHRYSTAL,19,4,28
2025-07-19,25,That's So True,Gracie Abrams,20,1,37
2025-07-26,1,Ordinary,Alex Warren,1,1,19
2025-07-26,2,Golden,"HUNTR/X: EJAE, Audrey Nuna & REI AMI",2,2,3
2025-07-26,3,Daisies,Justin Bieber,-,3,1
2025-07-26,4,Victory Lap,"Fred again.., Skepta , PlaqueBoyMax",5,3,4
2025-07-26,5,Love Me Not,Ravyn Lenae,3,2,15
2025-07-26,6,Your Idol,"Saja Boys: Andrew Choi, Neckwav, Danny Chung, Kevin Woo & samUIL Lee",7,6,3
2025-07-26,7,Back To Friends,sombr,4,3,13
2025-07-26,8,Undressed,sombr,6,2,15
2025-07-26,9,No Broke Boys,Disco Lines & Tinashe,8,7,5
2025-07-26,10,Soda Pop,"Saja Boys: Andrew Choi, Neckwav, Danny Chung, Kevin Woo & samUIL Lee",14,10,3
2025-07-26,11,How It’s Done,"HUNTR/X: EJAE, Audrey Nuna & REI AMI",12,11,3
2025-07-26,12,Jump,BLACKPINK,-,12,1
2025-07-26,13,Manchild,Sabrina Carpenter,9,2,6
2025-07-26,14,Just Keep Watching,Tate McRae,10,7,7
2025-07-26,15,Lose Control,Teddy Swims,11,5,80
2025-07-26,16,What It Sounds Like,"HUNTR/X: EJAE, Audrey Nuna & REI AMI",15,15,2
2025-07-26,17,Free,Rumi & JINU: EJAE & Andrew Choi,19,17,2
2025-07-26,18,Beautiful Things,Benson Boone,13,1,78
2025-07-26,19,Yukon,Justin Bieber,-,19,1
2025-07-26,20,Go Baby,Justin Bieber,-,20,1
2025-07-26,21,Dreams,Fleetwood Mac,18,17,7
2025-07-26,22,Takedown,"HUNTR/X: EJAE, Audrey Nuna & REI AMI",-,22,1
2025-07-26,23,Iris,Goo Goo Dolls,16,16,9
2025-07-26,24,Pink Pony Club,Chappell Roan,17,4,24
2025-07-26,25,APT.,ROSE & Bruno Mars,20,1,39
2025-08-02,1,Daisies,Justin Bieber,3,1,2
2025-08-02,2,Golden,"HUNTR/X: EJAE, Audrey Nuna & REI AMI",2,2,4
2025-08-02,3,Ordinary,Alex Warren,1,1,20
2025-08-02,4,Victory Lap,"Fred again.., Skepta , PlaqueBoyMax",4,3,5
2025-08-02,5,Your Idol,"Saja Boys: Andrew Choi, Neckwav, Danny Chung, Kevin Woo & samUIL Lee",6,5,4
2025-08-02,6,Love Me Not,Ravyn Lenae,5,2,16
2025-08-02,7,No Broke Boys,Disco Lines & Tinashe,9,7,6
2025-08-02,8,Undressed,sombr,8,2,16
2025-08-02,9,Soda Pop,"Saja Boys: Andrew Choi, Neckwav, Danny Chung, Kevin Woo & samUIL Lee",10,9,4
2025-08-02,10,How It’s Done,"HUNTR/X: EJAE, Audrey Nuna & REI AMI",11,10,4
2025-08-02,11,Eternity,Alex Warren,-,11,1
2025-08-02,12,Back To Friends,sombr,7,3,14
2025-08-02,13,What It Sounds Like,"HUNTR/X: EJAE, Audrey Nuna & REI AMI",16,13,3
2025-08-02,14,Lose Control,Teddy Swims,15,5,81
2025-08-02,15,Free,Rumi & JINU: EJAE & Andrew Choi,17,15,3
2025-08-02,16,Manchild,Sabrina Carpenter,13,2,7
2025-08-02,17,Just Keep Watching,Tate McRae,14,7,8
2025-08-02,18,Beautiful Things,Benson Boone,18,1,79
2025-08-02,19,Takedown,"HUNTR/X: EJAE, Audrey Nuna & REI AMI",22,19,2
2025-08-02,20,Dreams,Fleetwood Mac,21,17,8
2025-08-02,21,Iris,Goo Goo Dolls,23,16,10
2025-08-02,22,Yukon,Justin Bieber,19,19,2
2025-08-02,23,Jump,BLACKPINK,12,12,2
2025-08-02,24,Birds Of A Feather,Billie Eilish,-,1,61
2025-08-02,25,Pink Pony Club,Chappell Roan,24,4,25
2025-08-09,1,Golden,"HUNTR/X: EJAE, Audrey Nuna & REI AMI",2,1,5
2025-08-09,2,Daisies,Justin Bieber,1,1,3
2025-08-09,3,Ordinary,Alex Warren,3,1,21
2025-08-09,4,Your Idol,"Saja Boys: Andrew Choi, Neckwav, Danny Chung, Kevin Woo & samUIL Lee",5,4,5
2025-08-09,5,Back To Friends,sombr,12,3,15
2025-08-09,6,Soda Pop,"Saja Boys: Andrew Choi, Neckwav, Danny Chung, Kevin Woo & samUIL Lee",9,6,5
2025-08-09,7,No Broke Boys,Disco Lines & Tinashe,7,7,7
2025-08-09,8,Love Me Not,Ravyn Lenae,6,2,17
2025-08-09,9,How It’s Done,"HUNTR/X: EJAE, Audrey Nuna & REI AMI",10,9,5
2025-08-09,10,Undressed,sombr,8,2,17
2025-08-09,11,Victory Lap,"Fred again.., Skepta , PlaqueBoyMax",4,3,6
2025-08-09,12,What It Sounds Like,"HUNTR/X: EJAE, Audrey Nuna & REI AMI",13,12,4
2025-08-09,13,Free,Rumi & JINU: EJAE & Andrew Choi,15,13,4
2025-08-09,14,Eternity,Alex Warren,11,11,2
2025-08-09,15,Lose Control,Teddy Swims,14,5,82
2025-08-09,16,Takedown,"HUNTR/X: EJAE, Audrey Nuna & REI AMI",19,16,3
2025-08-09,17,Which One,Drake & Central Cee,-,17,1
2025-08-09,18,Manchild,Sabrina Carpenter,16,2,8
2025-08-09,19,Just Keep Watching,Tate McRae,17,7,9
2025-08-09,20,Beautiful Things,Benson Boone,18,1,80
2025-08-09,21,Dreams,Fleetwood Mac,20,17,9
2025-08-09,22,Don't Dream It's Over,Crowded House,-,22,1
2025-08-09,23,Iris,Goo Goo Dolls,21,16,11
2025-08-09,24,Yukon,Justin Bieber,22,19,3
2025-08-09,25,Birds Of A Feather,Billie Eilish,24,1,62
2025-08-16,1,Golden,"HUNTR/X: EJAE, Audrey Nuna & REI AMI",1,1,6
2025-08-16,2,Ordinary,Alex Warren,3,1,22
2025-08-16,3,Daisies,Justin Bieber,2,1,4
2025-08-16,4,The Subway,Chappell Roan,-,4,1
2025-08-16,5,Your Idol,"Saja Boys: Andrew Choi, Neckwav, Danny Chung, Kevin Woo & samUIL Lee",4,4,6
2025-08-16,6,No Broke Boys,Disco Lines & Tinashe,7,6,8
2025-08-16,7,Back To Friends,sombr,5,3,16
2025-08-16,8,Soda Pop,"Saja Boys: Andrew Choi, Neckwav, Danny Chung, Kevin Woo & samUIL Lee",6,6,6
2025-08-16,9,How It’s Done,"HUNTR/X: EJAE, Audrey Nuna & REI AMI",9,9,6
2025-08-16,10,Love Me Not,Ravyn Lenae,8,2,18
2025-08-16,11,Undressed,sombr,10,2,18
2025-08-16,12,Victory Lap,"Fred again.., Skepta , PlaqueBoyMax",11,3,7
2025-08-16,13,What It Sounds Like,"HUNTR/X: EJAE, Audrey Nuna & REI AMI",12,12,5
2025-08-16,14,Free,Rumi & JINU: EJAE & Andrew Choi,13,13,5
2025-08-16,15,Lose Control,Teddy Swims,15,5,83
2025-08-16,16,Takedown,"HUNTR/X: EJAE, Audrey Nuna & REI AMI",16,16,4
2025-08-16,17,Eternity,Alex Warren,14,11,3
2025-08-16,18,Beautiful Things,Benson Boone,20,1,81
2025-08-16,19,Yukon,Justin Bieber,24,19,4
2025-08-16,20,Dreams,Fleetwood Mac,21,17,10
2025-08-16,21,12 To 12,sombr,-,21,1
2025-08-16,22,Manchild,Sabrina Carpenter,18,2,9
2025-08-16,23,Which One,Drake & Central Cee,17,17,2
2025-08-16,24,Iris,Goo Goo Dolls,23,16,12
2025-08-16,25,Die With A Smile,Lady Gaga & Bruno Mars,-,2,48
2025-08-23,1,Golden,"HUNTR/X: EJAE, Audrey Nuna & REI AMI",1,1,7
2025-08-23,2,Ordinary,Alex Warren,2,1,23
2025-08-23,3,Daisies,Justin Bieber,3,1,5
2025-08-23,4,No Broke Boys,Disco Lines & Tinashe,6,4,9
2025-08-23,5,Your Idol,"Saja Boys: Andrew Choi, Neckwav, Danny Chung, Kevin Woo & samUIL Lee",5,4,7
2025-08-23,6,Soda Pop,"Saja Boys: Andrew Choi, Neckwav, Danny Chung, Kevin Woo & samUIL Lee",8,6,7
2025-08-23,7,Back To Friends,sombr,7,3,17
2025-08-23,8,How It’s Done,"HUNTR/X: EJAE, Audrey Nuna & REI AMI",9,8,7
2025-08-23,9,What It Sounds Like,"HUNTR/X: EJAE, Audrey Nuna & REI AMI",13,9,6
2025-08-23,10,Undressed,sombr,11,2,19
2025-08-23,11,Love Me Not,Ravyn Lenae,10,2,19
2025-08-23,12,The Subway,Chappell Roan,4,4,2
2025-08-23,13,Victory Lap,"Fred again.., Skepta , PlaqueBoyMax",12,3,8
2025-08-23,14,Yukon,Justin Bieber,19,14,5
2025-08-23,15,Free,Rumi & JINU: EJAE & Andrew Choi,14,13,6
2025-08-23,16,Takedown,"HUNTR/X: EJAE, Audrey Nuna & REI AMI",16,16,5
2025-08-23,17,Lose Control,Teddy Swims,15,5,84
2025-08-23,18,Beautiful Things,Benson Boone,18,1,82
2025-08-23,19,Dreams,Fleetwood Mac,20,17,11
2025-08-23,20,Iris,Goo Goo Dolls,24,16,13
2025-08-23,21,Manchild,Sabrina Carpenter,22,2,10
2025-08-23,22,Eternity,Alex Warren,17,11,4
2025-08-23,23,12 To 12,sombr,21,21,2
2025-08-23,24,A Bar Song (Tipsy),Shaboozey,-,1,64
2025-08-23,25,Just Keep Watching,Tate McRae,-,7,10
2025-08-30,1,Golden,"HUNTR/X: EJAE, Audrey Nuna & REI AMI",1,1,8
2025-08-30,2,Ordinary,Alex Warren,2,1,24
2025-08-30,3,No Broke Boys,Disco Lines & Tinashe,4,3,10
2025-08-30,4,Daisies,Justin Bieber,3,1,6
2025-08-30,5,Soda Pop,"Saja Boys: Andrew Choi, Neckwav, Danny Chung, Kevin Woo & samUIL Lee",6,5,8
2025-08-30,6,Your Idol,"Saja Boys: Andrew Choi, Neckwav, Danny Chung, Kevin Woo & samUIL Lee",5,4,8
2025-08-30,7,Back To Friends,sombr,7,3,18
2025-08-30,8,How It’s Done,"HUNTR/X: EJAE, Audrey Nuna & REI AMI",8,8,8
2025-08-30,9,What It Sounds Like,"HUNTR/X: EJAE, Audrey Nuna & REI AMI",9,9,7
2025-08-30,10,Undressed,sombr,10,2,20
2025-08-30,11,Love Me Not,Ravyn Lenae,11,2,20
2025-08-30,12,Free,Rumi & JINU: EJAE & Andrew Choi,15,12,7
2025-08-30,13,Victory Lap,"Fred again.., Skepta , PlaqueBoyMax",13,3,9
2025-08-30,14,Takedown,"HUNTR/X: EJAE, Audrey Nuna & REI AMI",16,14,6
2025-08-30,15,Yukon,Justin Bieber,14,14,6
2025-08-30,16,The Subway,Chappell Roan,12,4,3
2025-08-30,17,Lose Control,Teddy Swims,17,5,85
2025-08-30,18,12 To 12,sombr,23,18,3
2025-08-30,19,Beautiful Things,Benson Boone,18,1,83
2025-08-30,20,Manchild,Sabrina Carpenter,21,2,11
2025-08-30,21,Iris,Goo Goo Dolls,20,16,14
2025-08-30,22,Dreams,Fleetwood Mac,19,17,12
2025-08-30,23,A Bar Song (Tipsy),Shaboozey,24,1,65
2025-08-30,24,Nice To Each Other,Olivia Dean,-,24,1
2025-08-30,25,Die With A Smile,Lady Gaga & Bruno Mars,-,2,49
2025-09-06,1,Golden,"HUNTR/X: EJAE, Audrey Nuna & REI AMI",1,1,9
2025-09-06,2,Ordinary,Alex Warren,2,1,25
2025-09-06,3,No Broke Boys,Disco Lines & Tinashe,3,3,11
2025-09-06,4,Soda Pop,"Saja Boys: Andrew Choi, Neckwav, Danny Chung, Kevin Woo & samUIL Lee",5,4,9
2025-09-06,5,Your Idol,"Saja Boys: Andrew Choi, Neckwav, Danny Chung, Kevin Woo & samUIL Lee",6,4,9
2025-09-06,6,Daisies,Justin Bieber,4,1,7
2025-09-06,7,How It’s Done,"HUNTR/X: EJAE, Audrey Nuna & REI AMI",8,7,9
2025-09-06,8,Back To Friends,sombr,7,3,19
2025-09-06,9,What It Sounds Like,"HUNTR/X: EJAE, Audrey Nuna & REI AMI",9,9,8
2025-09-06,10,Man I Need,Olivia Dean,-,10,1
2025-09-06,11,Undressed,sombr,10,2,21
2025-09-06,12,Love Me Not,Ravyn Lenae,11,2,21
2025-09-06,13,Free,Rumi & JINU: EJAE & Andrew Choi,12,12,8
2025-09-06,14,Takedown,"HUNTR/X: EJAE, Audrey Nuna & REI AMI",14,14,7
2025-09-06,15,12 To 12,sombr,18,15,4
2025-09-06,16,Victory Lap,"Fred again.., Skepta , PlaqueBoyMax",13,3,10
2025-09-06,17,Lose Control,Teddy Swims,17,5,86
2025-09-06,18,Sugar On My Tongue,"Tyler, The Creator",-,18,1
2025-09-06,19,Beautiful Things,Benson Boone,19,1,84
2025-09-06,20,Manchild,Sabrina Carpenter,20,2,12
2025-09-06,21,Yukon,Justin Bieber,15,14,7
2025-09-06,22,The Subway,Chappell Roan,16,4,4
2025-09-06,23,Nice To Each Other,Olivia Dean,24,23,2
2025-09-06,24,Iris,Goo Goo Dolls,21,16,15
2025-09-06,25,Dreams,Fleetwood Mac,22,17,13
2025-09-13,1,Golden,"HUNTR/X: EJAE, Audrey Nuna & REI AMI",1,1,10
2025-09-13,2,Ordinary,Alex Warren,2,1,26
2025-09-13,3,Tears,Sabrina Carpenter,-,3,1
2025-09-13,4,No Broke Boys,Disco Lines & Tinashe,3,3,12
2025-09-13,5,Man I Need,Olivia Dean,10,5,2
2025-09-13,6,Soda Pop,"Saja Boys: Andrew Choi, Neckwav, Danny Chung, Kevin Woo & samUIL Lee",4,4,10
2025-09-13,7,Manchild,Sabrina Carpenter,20,2,13
2025-09-13,8,Your Idol,"Saja Boys: Andrew Choi, Neckwav, Danny Chung, Kevin Woo & samUIL Lee",5,4,10
2025-09-13,9,Daisies,Justin Bieber,6,1,8
2025-09-13,10,How It’s Done,"HUNTR/X: EJAE, Audrey Nuna & REI AMI",7,7,10
2025-09-13,11,Back To Friends,sombr,8,3,20
2025-09-13,12,What It Sounds Like,"HUNTR/X: EJAE, Audrey Nuna & REI AMI",9,9,9
2025-09-13,13,When Did You Get Hot?,Sabrina Carpenter,-,13,1
2025-09-13,14,12 To 12,sombr,15,14,5
2025-09-13,15,Undressed,sombr,11,2,22
2025-09-13,16,My Man On Willpower,Sabrina Carpenter,-,16,1
2025-09-13,17,Love Me Not,Ravyn Lenae,12,2,22
2025-09-13,18,Victory Lap,"Fred again.., Skepta , PlaqueBoyMax",16,3,11
2025-09-13,19,Free,Rumi & JINU: EJAE & Andrew Choi,13,12,9
2025-09-13,20,Takedown,"HUNTR/X: EJAE, Audrey Nuna & REI AMI",14,14,8
2025-09-13,21,Nobody's Son,Sabrina Carpenter,-,21,1
2025-09-13,22,Go Go Juice,Sabrina Carpenter,-,22,1
2025-09-13,23,House Tour,Sabrina Carpenter,-,23,1
2025-09-13,24,Sugar Talking,Sabrina Carpenter,-,24,1
2025-09-13,25,Sugar On My Tongue,"Tyler, The Creator",18,18,2
2025-09-20,1,Golden,"HUNTR/X: EJAE, Audrey Nuna & REI AMI",1,1,11
2025-09-20,2,Man I Need,Olivia Dean,5,2,3
2025-09-20,3,Ordinary,Alex Warren,2,1,27
2025-09-20,4,No Broke Boys,Disco Lines & Tinashe,4,3,13
2025-09-20,5,Soda Pop,"Saja Boys: Andrew Choi, Neckwav, Danny Chung, Kevin Woo & samUIL Lee",6,4,11
2025-09-20,6,Tears,Sabrina Carpenter,3,3,2
2025-09-20,7,Your Idol,"Saja Boys: Andrew Choi, Neckwav, Danny Chung, Kevin Woo & samUIL Lee",8,4,11
2025-09-20,8,How It’s Done,"HUNTR/X: EJAE, Audrey Nuna & REI AMI",10,7,11
2025-09-20,9,Daisies,Justin Bieber,9,1,9
2025-09-20,10,Back To Friends,sombr,11,3,21
2025-09-20,11,What It Sounds Like,"HUNTR/X: EJAE, Audrey Nuna & REI AMI",12,9,10
2025-09-20,12,12 To 12,sombr,14,12,6
2025-09-20,13,Manchild,Sabrina Carpenter,7,2,14
2025-09-20,14,Undressed,sombr,15,2,23
2025-09-20,15,When Did You Get Hot?,Sabrina Carpenter,13,13,2
2025-09-20,16,Free,Rumi & JINU: EJAE & Andrew Choi,19,12,10
2025-09-20,17,Takedown,"HUNTR/X: EJAE, Audrey Nuna & REI AMI",20,14,9
2025-09-20,18,Love Me Not,Ravyn Lenae,17,2,23
2025-09-20,19,Lose Control,Teddy Swims,-,5,87
2025-09-20,20,Victory Lap,"Fred again.., Skepta , PlaqueBoyMax",18,3,12
2025-09-20,21,Nobody's Son,Sabrina Carpenter,21,21,2
2025-09-20,22,Nice To Each Other,Olivia Dean,-,22,3
2025-09-20,23,House Tour,Sabrina Carpenter,23,23,2
2025-09-20,24,Sugar On My Tongue,"Tyler, The Creator",25,18,3
2025-09-20,25,Beautiful Things,Benson Boone,-,1,85
2025-09-27,1,Golden,"HUNTR/X: EJAE, Audrey Nuna & REI AMI",1,1,12
2025-09-27,2,Man I Need,Olivia Dean,2,2,4
2025-09-27,3,Ordinary,Alex Warren,3,1,28
2025-09-27,4,No Broke Boys,Disco Lines & Tinashe,4,3,14
2025-09-27,5,12 To 12,sombr,12,5,7
2025-09-27,6,Soda Pop,"Saja Boys: Andrew Choi, Neckwav, Danny Chung, Kevin Woo & samUIL Lee",5,4,12
2025-09-27,7,Back To Friends,sombr,10,3,22
2025-09-27,8,Your Idol,"Saja Boys: Andrew Choi, Neckwav, Danny Chung, Kevin Woo & samUIL Lee",7,4,12
2025-09-27,9,Daisies,Justin Bieber,9,1,10
2025-09-27,10,Tears,Sabrina Carpenter,6,3,3
2025-09-27,11,How It’s Done,"HUNTR/X: EJAE, Audrey Nuna & REI AMI",8,7,12
2025-09-27,12,What It Sounds Like,"HUNTR/X: EJAE, Audrey Nuna & REI AMI",11,9,11
2025-09-27,13,Undressed,sombr,14,2,24
2025-09-27,14,Love Me Not,Ravyn Lenae,18,2,24
2025-09-27,15,When Did You Get Hot?,Sabrina Carpenter,15,13,3
2025-09-27,16,Manchild,Sabrina Carpenter,13,2,15
2025-09-27,17,Nice To Each Other,Olivia Dean,22,17,4
2025-09-27,18,Free,Rumi & JINU: EJAE & Andrew Choi,16,12,11
2025-09-27,19,Lose Control,Teddy Swims,19,5,88
2025-09-27,20,Takedown,"HUNTR/X: EJAE, Audrey Nuna & REI AMI",17,14,10
2025-09-27,21,Victory Lap,"Fred again.., Skepta , PlaqueBoyMax",20,3,13
2025-09-27,22,Nobody's Son,Sabrina Carpenter,21,21,3
2025-09-27,23,Just Keep Watching,Tate McRae,-,7,11
2025-09-27,24,Beautiful Things,Benson Boone,25,1,86
2025-09-27,25,Sugar On My Tongue,"Tyler, The Creator",24,18,4
2025-10-04,1,Golden,"HUNTR/X: EJAE, Audrey Nuna & REI AMI",1,1,13
2025-10-04,2,Man I Need,Olivia Dean,2,2,5
2025-10-04,3,Ordinary,Alex Warren,3,1,29
2025-10-04,4,No Broke Boys,Disco Lines & Tinashe,4,3,15
2025-10-04,5,Soda Pop,"Saja Boys: Andrew Choi, Neckwav, Danny Chung, Kevin Woo & samUIL Lee",6,4,13
2025-10-04,6,12 To 12,sombr,5,5,8
2025-10-04,7,Your Idol,"Saja Boys: Andrew Choi, Neckwav, Danny Chung, Kevin Woo & samUIL Lee",8,4,13
2025-10-04,8,Back To Friends,sombr,7,3,23
2025-10-04,9,Daisies,Justin Bieber,9,1,11
2025-10-04,10,How It’s Done,"HUNTR/X: EJAE, Audrey Nuna & REI AMI",11,7,13
2025-10-04,11,What It Sounds Like,"HUNTR/X: EJAE, Audrey Nuna & REI AMI",12,9,12
2025-10-04,12,Undressed,sombr,13,2,25
2025-10-04,13,Love Me Not,Ravyn Lenae,14,2,25
2025-10-04,14,Tears,Sabrina Carpenter,10,3,4
2025-10-04,15,When Did You Get Hot?,Sabrina Carpenter,15,13,4
2025-10-04,16,Nice To Each Other,Olivia Dean,17,16,5
2025-10-04,17,Lose Control,Teddy Swims,19,5,89
2025-10-04,18,Free,Rumi & JINU: EJAE & Andrew Choi,18,12,12
2025-10-04,19,Manchild,Sabrina Carpenter,16,2,16
2025-10-04,20,Takedown,"HUNTR/X: EJAE, Audrey Nuna & REI AMI",20,14,11
2025-10-04,21,Victory Lap,"Fred again.., Skepta , PlaqueBoyMax",21,3,14
2025-10-04,22,Beautiful Things,Benson Boone,24,1,87
2025-10-04,23,Just Keep Watching,Tate McRae,23,7,12
2025-10-04,24,Sugar On My Tongue,"Tyler, The Creator",25,18,5
2025-10-04,25,Iris,Goo Goo Dolls,-,16,16
2025-10-11,1,Man I Need,Olivia Dean,2,1,6
2025-10-11,2,Golden,"HUNTR/X: EJAE, Audrey Nuna & REI AMI",1,1,14
2025-10-11,3,Ordinary,Alex Warren,3,1,30
2025-10-11,4,No Broke Boys,Disco Lines & Tinashe,4,3,16
2025-10-11,5,Soda Pop,"Saja Boys: Andrew Choi, Neckwav, Danny Chung, Kevin Woo & samUIL Lee",5,4,14
2025-10-11,6,Tit For Tat,Tate McRae,-,6,1
2025-10-11,7,12 To 12,sombr,6,5,9
2025-10-11,8,Your Idol,"Saja Boys: Andrew Choi, Neckwav, Danny Chung, Kevin Woo & samUIL Lee",7,4,14
2025-10-11,9,Back To Friends,sombr,8,3,24
2025-10-11,10,Nice To Each Other,Olivia Dean,16,10,6
2025-10-11,11,How It’s Done,"HUNTR/X: EJAE, Audrey Nuna & REI AMI",10,7,14
2025-10-11,12,What It Sounds Like,"HUNTR/X: EJAE, Audrey Nuna & REI AMI",11,9,13
2025-10-11,13,Daisies,Justin Bieber,9,1,12
2025-10-11,14,Undressed,sombr,12,2,26
2025-10-11,15,Lose Control,Teddy Swims,17,5,90
2025-10-11,16,Love Me Not,Ravyn Lenae,13,2,26
2025-10-11,17,Where Is My Husband!,RAYE,-,17,1
2025-10-11,18,When Did You Get Hot?,Sabrina Carpenter,15,13,5
2025-10-11,19,Free,Rumi & JINU: EJAE & Andrew Choi,18,12,13
2025-10-11,20,Beautiful Things,Benson Boone,22,1,88
2025-10-11,21,Takedown,"HUNTR/X: EJAE, Audrey Nuna & REI AMI",20,14,12
2025-10-11,22,Sugar On My Tongue,"Tyler, The Creator",24,18,6
2025-10-11,23,Victory Lap,"Fred again.., Skepta , PlaqueBoyMax",21,3,15
2025-10-11,24,Tears,Sabrina Carpenter,14,3,5
2025-10-11,25,Iris,Goo Goo Dolls,25,16,17
2025-10-18,1,The Fate Of Ophelia,Taylor Swift,-,1,1
2025-10-18,2,Opalite,Taylor Swift,-,2,1
2025-10-18,3,Elizabeth Taylor,Taylor Swift,-,3,1
2025-10-18,4,Father Figure,Taylor Swift,-,4,1
2025-10-18,5,Wood,Taylor Swift,-,5,1
2025-10-18,6,The Life Of A Showgirl,Taylor Swift Featuring Sabrina Carpenter,-,6,1
2025-10-18,7,Actually Romantic,Taylor Swift,-,7,1
2025-10-18,8,Cancelled!,Taylor Swift,-,8,1
2025-10-18,9,Eldest Daughter,Taylor Swift,-,9,1
2025-10-18,10,Wi$h Li$t,Taylor Swift,-,10,1
2025-10-18,11,Ruin The Friendship,Taylor Swift,-,11,1
2025-10-18,12,Golden,"HUNTR/X: EJAE, Audrey Nuna & REI AMI",2,1,15
2025-10-18,13,Man I Need,Olivia Dean,1,1,7
2025-10-18,14,Honey,Taylor Swift,-,14,1
2025-10-18,15,No Broke Boys,Disco Lines & Tinashe,4,3,17
2025-10-18,16,Ordinary,Alex Warren,3,1,31
2025-10-18,17,Soda Pop,"Saja Boys: Andrew Choi, Neckwav, Danny Chung, Kevin Woo & samUIL Lee",5,4,15
2025-10-18,18,12 To 12,sombr,7,5,10
2025-10-18,19,Tit For Tat,Tate McRae,6,6,2
2025-10-18,20,Back To Friends,sombr,9,3,25
2025-10-18,21,Your Idol,"Saja Boys: Andrew Choi, Neckwav, Danny Chung, Kevin Woo & samUIL Lee",8,4,15
2025-10-18,22,Lose Control,Teddy Swims,15,5,91
2025-10-18,23,Nice To Each Other,Olivia Dean,10,10,7
2025-10-18,24,Daisies,Justin Bieber,13,1,13
2025-10-18,25,How It’s Done,"HUNTR/X: EJAE, Audrey Nuna & REI AMI",11,7,15
2025-10-25,1,The Fate Of Ophelia,Taylor Swift,1,1,2
2025-10-25,2,Opalite,Taylor Swift,2,2,2
2025-10-25,3,Man I Need,Olivia Dean,13,1,8
2025-10-25,4,Golden,"HUNTR/X: EJAE, Audrey Nuna & REI AMI",12,1,16
2025-10-25,5,Elizabeth Taylor,Taylor Swift,3,3,2
2025-10-25,6,Father Figure,Taylor Swift,4,4,2
2025-10-25,7,No Broke Boys,Disco Lines & Tinashe,15,3,18
2025-10-25,8,Ordinary,Alex Warren,16,1,32
2025-10-25,9,The Life Of A Showgirl,Taylor Swift Featuring Sabrina Carpenter,6,6,2
2025-10-25,10,Wood,Taylor Swift,5,5,2
2025-10-25,11,Wi$h Li$t,Taylor Swift,10,10,2
2025-10-25,12,Actually Romantic,Taylor Swift,7,7,2
2025-10-25,13,Cancelled!,Taylor Swift,8,8,2
2025-10-25,14,12 To 12,sombr,18,5,11
2025-10-25,15,Ruin The Friendship,Taylor Swift,11,11,2
2025-10-25,16,Eldest Daughter,Taylor Swift,9,9,2
2025-10-25,17,Soda Pop,"Saja Boys: Andrew Choi, Neckwav, Danny Chung, Kevin Woo & samUIL Lee",17,4,16
2025-10-25,18,Tit For Tat,Tate McRae,19,6,3
2025-10-25,19,Honey,Taylor Swift,14,14,2
2025-10-25,20,Back To Friends,sombr,20,3,26
2025-10-25,21,So Easy (To Fall In Love),Olivia Dean,-,21,1
2025-10-25,22,Your Idol,"Saja Boys: Andrew Choi, Neckwav, Danny Chung, Kevin Woo & samUIL Lee",21,4,16
2025-10-25,23,Lose Control,Teddy Swims,22,5,92
2025-10-25,24,Nice To Each Other,Olivia Dean,23,10,8
2025-10-25,25,Where Is My Husband!,RAYE,-,17,2
2025-11-01,1,The Fate Of Ophelia,Taylor Swift,1,1,3
2025-11-01,2,Man I Need,Olivia Dean,3,1,9
2025-11-01,3,Golden,"HUNTR/X: EJAE, Audrey Nuna & REI AMI",4,1,17
2025-11-01,4,Opalite,Taylor Swift,2,2,3
2025-11-01,5,No Broke Boys,Disco Lines & Tinashe,7,3,19
2025-11-01,6,Ordinary,Alex Warren,8,1,33
2025-11-01,7,Elizabeth Taylor,Taylor Swift,5,3,3
2025-11-01,8,12 To 12,sombr,14,5,12
2025-11-01,9,So Easy (To Fall In Love),Olivia Dean,21,9,2
2025-11-01,10,Father Figure,Taylor Swift,6,4,3
2025-11-01,11,Back To Friends,sombr,20,3,27
2025-11-01,12,The Life Of A Showgirl,Taylor Swift Featuring Sabrina Carpenter,9,6,3
2025-11-01,13,Nice To Each Other,Olivia Dean,24,10,9
2025-11-01,14,Soda Pop,"Saja Boys: Andrew Choi, Neckwav, Danny Chung, Kevin Woo & samUIL Lee",17,4,17
2025-11-01,15,Lose Control,Teddy Swims,23,5,93
2025-11-01,16,Where Is My Husband!,RAYE,25,16,3
2025-11-01,17,Tit For Tat,Tate McRae,18,6,4
2025-11-01,18,Wi$h Li$t,Taylor Swift,11,10,3
2025-11-01,19,Wood,Taylor Swift,10,5,3
2025-11-01,20,Your Idol,"Saja Boys: Andrew Choi, Neckwav, Danny Chung, Kevin Woo & samUIL Lee",22,4,17
2025-11-01,21,Actually Romantic,Taylor Swift,12,7,3
2025-11-01,22,Undressed,sombr,-,2,27
2025-11-01,23,Daisies,Justin Bieber,-,1,14
2025-11-01,24,What It Sounds Like,"HUNTR/X: EJAE, Audrey Nuna & REI AMI",-,9,14
2025-11-01,25,Cancelled!,Taylor Swift,13,8,3
2025-11-08,1,The Fate Of Ophelia,Taylor Swift,1,1,4
2025-11-08,2,Man I Need,Olivia Dean,2,1,10
2025-11-08,3,Golden,"HUNTR/X: EJAE, Audrey Nuna & REI AMI",3,1,18
2025-11-08,4,Opalite,Taylor Swift,4,2,4
2025-11-08,5,No Broke Boys,Disco Lines & Tinashe,5,3,20
2025-11-08,6,Ordinary,Alex Warren,6,1,34
2025-11-08,7,So Easy (To Fall In Love),Olivia Dean,9,7,3
2025-11-08,8,12 To 12,sombr,8,5,13
2025-11-08,9,Back To Friends,sombr,11,3,28
2025-11-08,10,Nice To Each Other,Olivia Dean,13,10,10
2025-11-08,11,Elizabeth Taylor,Taylor Swift,7,3,4
2025-11-08,12,Where Is My Husband!,RAYE,16,12,4
2025-11-08,13,Soda Pop,"Saja Boys: Andrew Choi, Neckwav, Danny Chung, Kevin Woo & samUIL Lee",14,4,18
2025-11-08,14,Lose Control,Teddy Swims,15,5,94
2025-11-08,15,Father Figure,Taylor Swift,10,4,4
2025-11-08,16,Your Idol,"Saja Boys: Andrew Choi, Neckwav, Danny Chung, Kevin Woo & samUIL Lee",20,4,18
2025-11-08,17,Undressed,sombr,22,2,28
2025-11-08,18,Daisies,Justin Bieber,23,1,15
2025-11-08,19,The Life Of A Showgirl,Taylor Swift Featuring Sabrina Carpenter,12,6,4
2025-11-08,20,Tit For Tat,Tate McRae,17,6,5
2025-11-08,21,Love Me Not,Ravyn Lenae,-,2,27
2025-11-08,22,What It Sounds Like,"HUNTR/X: EJAE, Audrey Nuna & REI AMI",24,9,15
2025-11-08,23,Beautiful Things,Benson Boone,-,1,89
2025-11-08,24,How It’s Done,"HUNTR/X: EJAE, Audrey Nuna & REI AMI",-,7,16
2025-11-08,25,Wi$h Li$t,Taylor Swift,18,10,4
2025-11-15,1,Man I Need,Olivia Dean,2,1,11
2025-11-15,2,The Fate Of Ophelia,Taylor Swift,1,1,5
2025-11-15,3,Golden,"HUNTR/X: EJAE, Audrey Nuna & REI AMI",3,1,19
2025-11-15,4,No Broke Boys,Disco Lines & Tinashe,5,3,21
2025-11-15,5,Ordinary,Alex Warren,6,1,35
2025-11-15,6,Opalite,Taylor Swift,4,2,5
2025-11-15,7,So Easy (To Fall In Love),Olivia Dean,7,7,4
2025-11-15,8,12 To 12,sombr,8,5,14
2025-11-15,9,Where Is My Husband!,RAYE,12,9,5
2025-11-15,10,Back To Friends,sombr,9,3,29
2025-11-15,11,Soda Pop,"Saja Boys: Andrew Choi, Neckwav, Danny Chung, Kevin Woo & samUIL Lee",13,4,19
2025-11-15,12,Nice To Each Other,Olivia Dean,10,10,11
2025-11-15,13,Lose Control,Teddy Swims,14,5,95
2025-11-15,14,Undressed,sombr,17,2,29
2025-11-15,15,Your Idol,"Saja Boys: Andrew Choi, Neckwav, Danny Chung, Kevin Woo & samUIL Lee",16,4,19
2025-11-15,16,Daisies,Justin Bieber,18,1,16
2025-11-15,17,Love Me Not,Ravyn Lenae,21,2,28
2025-11-15,18,Beautiful Things,Benson Boone,23,1,90
2025-11-15,19,Elizabeth Taylor,Taylor Swift,11,3,5
2025-11-15,20,Iris,Goo Goo Dolls,-,16,18
2025-11-15,21,Dreams,Fleetwood Mac,-,17,14
2025-11-15,22,What It Sounds Like,"HUNTR/X: EJAE, Audrey Nuna & REI AMI",22,9,16
2025-11-15,23,A Bar Song (Tipsy),Shaboozey,-,1,66
2025-11-15,24,Victory Lap,"Fred again.., Skepta , PlaqueBoyMax",-,3,16
2025-11-15,25,Tit For Tat,Tate McRae,20,6,6
2025-11-22,1,Man I Need,Olivia Dean,1,1,12
2025-11-22,2,The Fate Of Ophelia,Taylor Swift,2,1,6
2025-11-22,3,Golden,"HUNTR/X: EJAE, Audrey Nuna & REI AMI",3,1,20
2025-11-22,4,No Broke Boys,Disco Lines & Tinashe,4,3,22
2025-11-22,5,Ordinary,Alex Warren,5,1,36
2025-11-22,6,So Easy (To Fall In Love),Olivia Dean,7,6,5
2025-11-22,7,Opalite,Taylor Swift,6,2,6
2025-11-22,8,Where Is My Husband!,RAYE,9,8,6
2025-11-22,9,12 To 12,sombr,8,5,15
2025-11-22,10,Back To Friends,sombr,10,3,30
2025-11-22,11,Nice To Each Other,Olivia Dean,12,10,12
2025-11-22,12,Soda Pop,"Saja Boys: Andrew Choi, Neckwav, Danny Chung, Kevin Woo & samUIL Lee",11,4,20
2025-11-22,13,Undressed,sombr,14,2,30
2025-11-22,14,Daisies,Justin Bieber,16,1,17
2025-11-22,15,Love Me Not,Ravyn Lenae,17,2,29
2025-11-22,16,Lose Control,Teddy Swims,13,5,96
2025-11-22,17,Iris,Goo Goo Dolls,20,16,19
2025-11-22,18,Beautiful Things,Benson Boone,18,1,91
2025-11-22,19,Dreams,Fleetwood Mac,21,17,15
2025-11-22,20,Your Idol,"Saja Boys: Andrew Choi, Neckwav, Danny Chung, Kevin Woo & samUIL Lee",15,4,20
2025-11-22,21,Elizabeth Taylor,Taylor Swift,19,3,6
2025-11-22,22,Victory Lap,"Fred again.., Skepta , PlaqueBoyMax",24,3,17
2025-11-22,23,A Couple Minutes,Olivia Dean,-,23,1
2025-11-22,24,A Bar Song (Tipsy),Shaboozey,23,1,67
2025-11-22,25,Tit For Tat,Tate McRae,25,6,7
2025-11-29,1,Man I Need,Olivia Dean,1,1,13
2025-11-29,2,The Fate Of Ophelia,Taylor Swift,2,1,7
2025-11-29,3,Golden,"HUNTR/X: EJAE, Audrey Nuna & REI AMI",3,1,21
2025-11-29,4,Ordinary,Alex Warren,5,1,37
2025-11-29,5,So Easy (To Fall In Love),Olivia Dean,6,5,6
2025-11-29,6,No Broke Boys,Disco Lines & Tinashe,4,3,23
2025-11-29,7,Where Is My Husband!,RAYE,8,7,7
2025-11-29,8,Nice To Each Other,Olivia Dean,11,8,13
2025-11-29,9,Opalite,Taylor Swift,7,2,7
2025-11-29,10,12 To 12,sombr,9,5,16
2025-11-29,11,Back To Friends,sombr,10,3,31
2025-11-29,12,Soda Pop,"Saja Boys: Andrew Choi, Neckwav, Danny Chung, Kevin Woo & samUIL Lee",12,4,21
2025-11-29,13,A Couple Minutes,Olivia Dean,23,13,2
2025-11-29,14,Lose Control,Teddy Swims,16,5,97
2025-11-29,15,Undressed,sombr,13,2,31
2025-11-29,16,Daisies,Justin Bieber,14,1,18
2025-11-29,17,Beautiful Things,Benson Boone,18,1,92
2025-11-29,18,Iris,Goo Goo Dolls,17,16,20
2025-11-29,19,Love Me Not,Ravyn Lenae,15,2,30
2025-11-29,20,Dreams,Fleetwood Mac,19,17,16
2025-11-29,21,Victory Lap,"Fred again.., Skepta , PlaqueBoyMax",22,3,18
2025-11-29,22,Mr. Brightside,The Killers,-,19,6
2025-11-29,23,Your Idol,"Saja Boys: Andrew Choi, Neckwav, Danny Chung, Kevin Woo & samUIL Lee",20,4,21
2025-11-29,24,Baby Steps,Olivia Dean,-,24,1
2025-11-29,25,Tit For Tat,Tate McRae,25,6,8
2025-12-06,1,Man I Need,Olivia Dean,1,1,14
2025-12-06,2,The Fate Of Ophelia,Taylor Swift,2,1,8
2025-12-06,3,Golden,"HUNTR/X: EJAE, Audrey Nuna & REI AMI",3,1,22
2025-12-06,4,So Easy (To Fall In Love),Olivia Dean,5,4,7
2025-12-06,5,Ordinary,Alex Warren,4,1,38
2025-12-06,6,Where Is My Husband!,RAYE,7,6,8
2025-12-06,7,No Broke Boys,Disco Lines & Tinashe,6,3,24
2025-12-06,8,Nice To Each Other,Olivia Dean,8,8,14
2025-12-06,9,Opalite,Taylor Swift,9,2,8
2025-12-06,10,12 To 12,sombr,10,5,17
2025-12-06,11,Back To Friends,sombr,11,3,32
2025-12-06,12,Tit For Tat,Tate McRae,25,6,9
2025-12-06,13,Daisies,Justin Bieber,16,1,19
2025-12-06,14,Soda Pop,"Saja Boys: Andrew Choi, Neckwav, Danny Chung, Kevin Woo & samUIL Lee",12,4,22
2025-12-06,15,Beautiful Things,Benson Boone,17,1,93
2025-12-06,16,Lose Control,Teddy Swims,14,5,98
2025-12-06,17,A Couple Minutes,Olivia Dean,13,13,3
2025-12-06,18,I Run,HAVEN. Featuring Kaitlin Aragon,-,18,1
2025-12-06,19,Undressed,sombr,15,2,32
2025-12-06,20,Baby Steps,Olivia Dean,24,20,2
2025-12-06,21,Love Me Not,Ravyn Lenae,19,2,31
2025-12-06,22,Nobody's Girl,Tate McRae,-,22,1
2025-12-06,23,Iris,Goo Goo Dolls,18,16,21
2025-12-06,24,Dive,Olivia Dean,-,24,1
2025-12-06,25,Victory Lap,"Fred again.., Skepta , PlaqueBoyMax",21,3,19
2025-12-13,1,Man I Need,Olivia Dean,1,1,15
2025-12-13,2,The Fate Of Ophelia,Taylor Swift,2,1,9
2025-12-13,3,Golden,"HUNTR/X: EJAE, Audrey Nuna & REI AMI",3,1,23
2025-12-13,4,Ordinary,Alex Warren,5,1,39
2025-12-13,5,No Broke Boys,Disco Lines & Tinashe,7,3,25
2025-12-13,6,So Easy (To Fall In Love),Olivia Dean,4,4,8
2025-12-13,7,Where Is My Husband!,RAYE,6,6,9
2025-12-13,8,Nice To Each Other,Olivia Dean,8,8,15
2025-12-13,9,All I Want For Christmas Is You,Mariah Carey,-,1,15
2025-12-13,10,12 To 12,sombr,10,5,18
2025-12-13,11,I Run,HAVEN. Featuring Kaitlin Aragon,18,11,2
2025-12-13,12,Opalite,Taylor Swift,9,2,9
2025-12-13,13,Back To Friends,sombr,11,3,33
2025-12-13,14,Last Christmas,Wham!,-,1,14
2025-12-13,15,Beautiful Things,Benson Boone,15,1,94
2025-12-13,16,Lose Control,Teddy Swims,16,5,99
2025-12-13,17,Undressed,sombr,19,2,33
2025-12-13,18,Daisies,Justin Bieber,13,1,20
2025-12-13,19,Soda Pop,"Saja Boys: Andrew Choi, Neckwav, Danny Chung, Kevin Woo & samUIL Lee",14,4,23
2025-12-13,20,Love Me Not,Ravyn Lenae,21,2,32
2025-12-13,21,Rockin' Around The Christmas Tree,Brenda Lee,-,1,14
2025-12-13,22,A Couple Minutes,Olivia Dean,17,13,4
2025-12-13,23,Victory Lap,"Fred again.., Skepta , PlaqueBoyMax",25,3,20
2025-12-13,24,Dreams,Fleetwood Mac,-,17,17
2025-12-13,25,Iris,Goo Goo Dolls,23,16,22
2025-12-20,1,Man I Need,Olivia Dean,1,1,16
2025-12-20,2,The Fate Of Ophelia,Taylor Swift,2,1,10
2025-12-20,3,Ordinary,Alex Warren,4,1,40
2025-12-20,4,Golden,"HUNTR/X: EJAE, Audrey Nuna & REI AMI",3,1,24
2025-12-20,5,No Broke Boys,Disco Lines & Tinashe,5,3,26
2025-12-20,6,So Easy (To Fall In Love),Olivia Dean,6,4,9
2025-12-20,7,Where Is My Husband!,RAYE,7,6,10
2025-12-20,8,All I Want For Christmas Is You,Mariah Carey,9,1,16
2025-12-20,9,Nice To Each Other,Olivia Dean,8,8,16
2025-12-20,10,12 To 12,sombr,10,5,19
2025-12-20,11,Last Christmas,Wham!,14,1,15
2025-12-20,12,I Run,HAVEN. Featuring Kaitlin Aragon,11,11,3
2025-12-20,13,Back To Friends,sombr,13,3,34
2025-12-20,14,Beautiful Things,Benson Boone,15,1,95
2025-12-20,15,Undressed,sombr,17,2,34
2025-12-20,16,Rockin' Around The Christmas Tree,Brenda Lee,21,1,15
2025-12-20,17,Opalite,Taylor Swift,12,2,10
2025-12-20,18,Lose Control,Teddy Swims,16,5,100
2025-12-20,19,Jingle Bell Rock,Bobby Helms,-,4,12
2025-12-20,20,Santa Tell Me,Ariana Grande,-,5,13
2025-12-20,21,Dreams,Fleetwood Mac,24,17,18
2025-12-20,22,Daisies,Justin Bieber,18,1,21
2025-12-20,23,Love Me Not,Ravyn Lenae,20,2,33
2025-12-20,24,Victory Lap,"Fred again.., Skepta , PlaqueBoyMax",23,3,21
2025-12-20,25,A Couple Minutes,Olivia Dean,22,13,5
2025-12-27,1,Man I Need,Olivia Dean,1,1,17
2025-12-27,2,The Fate Of Ophelia,Taylor Swift,2,1,11
2025-12-27,3,Ordinary,Alex Warren,3,1,41
2025-12-27,4,Golden,"HUNTR/X: EJAE, Audrey Nuna & REI AMI",4,1,25
2025-12-27,5,No Broke Boys,Disco Lines & Tinashe,5,3,27
2025-12-27,6,So Easy (To Fall In Love),Olivia Dean,6,4,10
2025-12-27,7,All I Want For Christmas Is You,Mariah Carey,8,1,17
2025-12-27,8,Where Is My Husband!,RAYE,7,6,11
2025-12-27,9,Last Christmas,Wham!,11,1,16
2025-12-27,10,12 To 12,sombr,10,5,20
2025-12-27,11,Nice To Each Other,Olivia Dean,9,8,17
2025-12-27,12,Rockin' Around The Christmas Tree,Brenda Lee,16,1,16
2025-12-27,13,I Run,HAVEN. Featuring Kaitlin Aragon,12,11,4
2025-12-27,14,Back To Friends,sombr,13,3,35
2025-12-27,15,Santa Tell Me,Ariana Grande,20,5,14
2025-12-27,16,Jingle Bell Rock,Bobby Helms,19,4,13
2025-12-27,17,Undressed,sombr,15,2,35
2025-12-27,18,Opalite,Taylor Swift,17,2,11
2025-12-27,19,Beautiful Things,Benson Boone,14,1,96
2025-12-27,20,Underneath The Tree,Kelly Clarkson,-,6,5
2025-12-27,21,Lose Control,Teddy Swims,18,5,101
2025-12-27,22,Dreams,Fleetwood Mac,21,17,19
2025-12-27,23,A Couple Minutes,Olivia Dean,25,13,6
2025-12-27,24,Daisies,Justin Bieber,22,1,22
2025-12-27,25,Love Me Not,Ravyn Lenae,23,2,34
2026-01-03,1,All I Want For Christmas Is You,Mariah Carey,7,1,18
2026-01-03,2,Last Christmas,Wham!,9,1,17
2026-01-03,3,Rockin' Around The Christmas Tree,Brenda Lee,12,1,17
2026-01-03,4,Jingle Bell Rock,Bobby Helms,16,4,14
2026-01-03,5,Santa Tell Me,Ariana Grande,15,5,15
2026-01-03,6,Underneath The Tree,Kelly Clarkson,20,6,6
2026-01-03,7,Man I Need,Olivia Dean,1,1,18
2026-01-03,8,Let It Snow! Let It Snow! Let It Snow!,Dean Martin,-,8,4
2026-01-03,9,Holly Jolly Christmas,Michael Buble,-,8,6
2026-01-03,10,It's Beginning To Look A Lot Like Christmas,Michael Buble,-,4,10
2026-01-03,11,It's The Most Wonderful Time Of The Year,Andy Williams,-,8,5
2026-01-03,12,Snowman,Sia,-,11,6
2026-01-03,13,Mistletoe,Justin Bieber,-,13,3
2026-01-03,14,Sleigh Ride,The Ronettes,-,10,5
2026-01-03,15,Feliz Navidad,Jose Feliciano,-,9,5
2026-01-03,16,The Fate Of Ophelia,Taylor Swift,2,1,12
2026-01-03,17,The Christmas Song (Merry Christmas To You),"Nat ""King"" Cole",-,17,2
2026-01-03,18,Golden,"HUNTR/X: EJAE, Audrey Nuna & REI AMI",4,1,26
2026-01-03,19,Ordinary,Alex Warren,3,1,42
2026-01-03,20,Happy Xmas (War Is Over),John & Yoko/The Plastic Ono Band With The Harlem Community Choir,-,15,4
2026-01-03,21,Christmas (Baby Please Come Home),Darlene Love,-,21,1
2026-01-03,22,Wonderful Christmastime,Paul McCartney,-,22,1
2026-01-03,23,No Broke Boys,Disco Lines & Tinashe,5,3,28
2026-01-03,24,So Easy (To Fall In Love),Olivia Dean,6,4,11
2026-01-03,25,Where Is My Husband!,RAYE,8,6,12
2026-01-10,1,Man I Need,Olivia Dean,7,1,19
2026-01-10,2,The Fate Of Ophelia,Taylor Swift,16,1,13
2026-01-10,3,Golden,"HUNTR/X: EJAE, Audrey Nuna & REI AMI",18,1,27
2026-01-10,4,Ordinary,Alex Warren,19,1,43
2026-01-10,5,No Broke Boys,Disco Lines & Tinashe,23,3,29
2026-01-10,6,Where Is My Husband!,RAYE,25,6,13
2026-01-10,7,So Easy (To Fall In Love),Olivia Dean,24,4,12
2026-01-10,8,12 To 12,sombr,-,5,21
2026-01-10,9,Nice To Each Other,Olivia Dean,-,8,18
2026-01-10,10,Back To Friends,sombr,-,3,36
2026-01-10,11,Dreams,Fleetwood Mac,-,11,20
2026-01-10,12,Beautiful Things,Benson Boone,-,1,97
2026-01-10,13,Lush Life,Zara Larsson,-,13,1
2026-01-10,14,End Of Beginning,Djo,-,2,17
2026-01-10,15,Lose Control,Teddy Swims,-,5,102
2026-01-10,16,Mr. Brightside,The Killers,-,16,7
2026-01-10,17,I Run,HAVEN. Featuring Kaitlin Aragon,-,11,5
2026-01-10,18,Love Me Not,Ravyn Lenae,-,2,35
2026-01-10,19,Opalite,Taylor Swift,-,2,12
2026-01-10,20,A Bar Song (Tipsy),Shaboozey,-,1,68
2026-01-10,21,Daisies,Justin Bieber,-,1,23
2026-01-10,22,Iris,Goo Goo Dolls,-,16,23
2026-01-10,23,A Couple Minutes,Olivia Dean,-,13,7
2026-01-10,24,Undressed,sombr,-,2,36
2026-01-10,25,Pink Pony Club,Chappell Roan,-,4,26
2026-01-17,1,Man I Need,Olivia Dean,1,1,20
2026-01-17,2,The Fate Of Ophelia,Taylor Swift,2,1,14
2026-01-17,3,End Of Beginning,Djo,14,2,18
2026-01-17,4,Ordinary,Alex Warren,4,1,44
2026-01-17,5,No Broke Boys,Disco Lines & Tinashe,5,3,30
2026-01-17,6,Golden,"HUNTR/X: EJAE, Audrey Nuna & REI AMI",3,1,28
2026-01-17,7,Where Is My Husband!,RAYE,6,6,14
2026-01-17,8,So Easy (To Fall In Love),Olivia Dean,7,4,13
2026-01-17,9,12 To 12,sombr,8,5,22
2026-01-17,10,Lush Life,Zara Larsson,13,10,2
2026-01-17,11,Nice To Each Other,Olivia Dean,9,8,19
2026-01-17,12,Back To Friends,sombr,10,3,37
2026-01-17,13,Dreams,Fleetwood Mac,11,11,21
2026-01-17,14,Beautiful Things,Benson Boone,12,1,98
2026-01-17,15,I Run,HAVEN. Featuring Kaitlin Aragon,17,11,6
2026-01-17,16,Love Me Not,Ravyn Lenae,18,2,36
2026-01-17,17,A Couple Minutes,Olivia Dean,23,13,8
2026-01-17,18,Lose Control,Teddy Swims,15,5,103
2026-01-17,19,Daisies,Justin Bieber,21,1,24
2026-01-17,20,Opalite,Taylor Swift,19,2,13
2026-01-17,21,Mr. Brightside,The Killers,16,16,8
2026-01-17,22,Undressed,sombr,24,2,37
2026-01-17,23,Raindance,Dave & Tems,-,23,1
2026-01-17,24,Iris,Goo Goo Dolls,22,16,24
2026-01-17,25,Every Breath You Take,The Police,-,25,1
2026-01-24,1,Man I Need,Olivia Dean,1,1,21
2026-01-24,2,The Fate Of Ophelia,Taylor Swift,2,1,15
2026-01-24,3,End Of Beginning,Djo,3,2,19
2026-01-24,4,So Easy (To Fall In Love),Olivia Dean,8,4,14
2026-01-24,5,Ordinary,Alex Warren,4,1,45
2026-01-24,6,Golden,"HUNTR/X: EJAE, Audrey Nuna & REI AMI",6,1,29
2026-01-24,7,Where Is My Husband!,RAYE,7,6,15
2026-01-24,8,No Broke Boys,Disco Lines & Tinashe,5,3,31
2026-01-24,9,Lush Life,Zara Larsson,10,9,3
2026-01-24,10,12 To 12,sombr,9,5,23
2026-01-24,11,Raindance,Dave & Tems,23,11,2
2026-01-24,12,Nice To Each Other,Olivia Dean,11,8,20
2026-01-24,13,Back To Friends,sombr,12,3,38
2026-01-24,14,I Just Might,Bruno Mars,-,14,1
2026-01-24,15,I Run,HAVEN. Featuring Kaitlin Aragon,15,11,7
2026-01-24,16,Love Me Not,Ravyn Lenae,16,2,37
2026-01-24,17,A Couple Minutes,Olivia Dean,17,13,9
2026-01-24,18,Beautiful Things,Benson Boone,14,1,99
2026-01-24,19,Dreams,Fleetwood Mac,13,11,22
2026-01-24,20,Mr. Brightside,The Killers,21,16,9
2026-01-24,21,Lose Control,Teddy Swims,18,5,104
2026-01-24,22,Opalite,Taylor Swift,20,2,14
2026-01-24,23,Undressed,sombr,22,2,38
2026-01-24,24,Iris,Goo Goo Dolls,24,16,25
2026-01-24,25,Daisies,Justin Bieber,19,1,25
2026-01-31,1,Man I Need,Olivia Dean,1,1,22
2026-01-31,2,Where Is My Husband!,RAYE,7,2,16
2026-01-31,3,End Of Beginning,Djo,3,2,20
2026-01-31,4,So Easy (To Fall In Love),Olivia Dean,4,4,15
2026-01-31,5,The Fate Of Ophelia,Taylor Swift,2,1,16
2026-01-31,6,No Broke Boys,Disco Lines & Tinashe,8,3,32
2026-01-31,7,Ordinary,Alex Warren,5,1,46
2026-01-31,8,Raindance,Dave & Tems,11,8,3
2026-01-31,9,Golden,"HUNTR/X: EJAE, Audrey Nuna & REI AMI",6,1,30
2026-01-31,10,Lush Life,Zara Larsson,9,9,4
2026-01-31,11,I Just Might,Bruno Mars,14,11,2
2026-01-31,12,12 To 12,sombr,10,5,24
2026-01-31,13,Nice To Each Other,Olivia Dean,12,8,21
2026-01-31,14,Back To Friends,sombr,13,3,39
2026-01-31,15,I Run,HAVEN. Featuring Kaitlin Aragon,15,11,8
2026-01-31,16,Love Me Not,Ravyn Lenae,16,2,38
2026-01-31,17,Stateside,PinkPantheress With Zara Larsson,-,17,1
2026-01-31,18,Die On This Hill,Sienna Spiro,-,18,1
2026-01-31,19,A Couple Minutes,Olivia Dean,17,13,10
2026-01-31,20,Dreams,Fleetwood Mac,19,11,23
2026-01-31,21,Iris,Goo Goo Dolls,24,16,26
2026-01-31,22,Undressed,sombr,23,2,39
2026-01-31,23,Mr. Brightside,The Killers,20,16,10
2026-01-31,24,4 Raws,EsDeeKid,-,24,1
2026-01-31,25,Beautiful Things,Benson Boone,18,1,100
2026-02-07,1,Man I Need,Olivia Dean,1,1,23
2026-02-07,2,Aperture,Harry Styles,-,2,1
2026-02-07,3,Where Is My Husband!,RAYE,2,2,17
2026-02-07,4,So Easy (To Fall In Love),Olivia Dean,4,4,16
2026-02-07,5,No Broke Boys,Disco Lines & Tinashe,6,3,33
2026-02-07,6,End Of Beginning,Djo,3,2,21
2026-02-07,7,12 To 12,sombr,12,5,25
2026-02-07,8,The Fate Of Ophelia,Taylor Swift,5,1,17
2026-02-07,9,Ordinary,Alex Warren,7,1,47
2026-02-07,10,Raindance,Dave & Tems,8,8,4
2026-02-07,11,Nice To Each Other,Olivia Dean,13,8,22
2026-02-07,12,Golden,"HUNTR/X: EJAE, Audrey Nuna & REI AMI",9,1,31
2026-02-07,13,Lush Life,Zara Larsson,10,9,5
2026-02-07,14,Back To Friends,sombr,14,3,40
2026-02-07,15,I Just Might,Bruno Mars,11,11,3
2026-02-07,16,I Run,HAVEN. Featuring Kaitlin Aragon,15,11,9
2026-02-07,17,Stateside,PinkPantheress With Zara Larsson,17,17,2
2026-02-07,18,Love Me Not,Ravyn Lenae,16,2,39
2026-02-07,19,Undressed,sombr,22,2,40
2026-02-07,20,Victory Lap,"Fred again.., Skepta , PlaqueBoyMax",-,3,22
2026-02-07,21,Dreams,Fleetwood Mac,20,11,24
2026-02-07,22,Rein Me In,Sam Fender & Olivia Dean,-,22,1
2026-02-07,23,A Couple Minutes,Olivia Dean,19,13,11
2026-02-07,24,The Hardest Part,Olivia Dean,-,24,1
2026-02-07,25,Mr. Brightside,The Killers,23,16,11
2026-02-14,1,Man I Need,Olivia Dean,1,1,24
2026-02-14,2,So Easy (To Fall In Love),Olivia Dean,4,2,17
2026-02-14,3,Where Is My Husband!,RAYE,3,2,18
2026-02-14,4,Ordinary,Alex Warren,9,1,48
2026-02-14,5,No Broke Boys,Disco Lines & Tinashe,5,3,34
2026-02-14,6,12 To 12,sombr,7,5,26
2026-02-14,7,End Of Beginning,Djo,6,2,22
2026-02-14,8,Raindance,Dave & Tems,10,8,5
2026-02-14,9,Nice To Each Other,Olivia Dean,11,8,23
2026-02-14,10,The Fate Of Ophelia,Taylor Swift,8,1,18
2026-02-14,11,Aperture,Harry Styles,2,2,2
2026-02-14,12,Golden,"HUNTR/X: EJAE, Audrey Nuna & REI AMI",12,1,32
2026-02-14,13,Back To Friends,sombr,14,3,41
2026-02-14,14,Lush Life,Zara Larsson,13,9,6
2026-02-14,15,I Just Might,Bruno Mars,15,11,4
2026-02-14,16,The Great Divide,Noah Kahan,-,16,1
2026-02-14,17,Rein Me In,Sam Fender & Olivia Dean,22,17,2
2026-02-14,18,A Couple Minutes,Olivia Dean,23,13,12
2026-02-14,19,Stateside,PinkPantheress With Zara Larsson,17,17,3
2026-02-14,20,Daisies,Justin Bieber,-,1,26
2026-02-14,21,Love Me Not,Ravyn Lenae,18,2,40
2026-02-14,22,The Hardest Part,Olivia Dean,24,22,2
2026-02-14,23,Undressed,sombr,19,2,41
2026-02-14,24,I Run,HAVEN. Featuring Kaitlin Aragon,16,11,10
2026-02-14,25,Die On This Hill,Sienna Spiro,-,18,2
2026-02-21,1,Man I Need,Olivia Dean,1,1,25
2026-02-21,2,So Easy (To Fall In Love),Olivia Dean,2,2,18
2026-02-21,3,Ordinary,Alex Warren,4,1,49
2026-02-21,4,DTMF,Bad Bunny,-,4,1
2026-02-21,5,Where Is My Husband!,RAYE,3,2,19
2026-02-21,6,12 To 12,sombr,6,5,27
2026-02-21,7,No Broke Boys,Disco Lines & Tinashe,5,3,35
2026-02-21,8,Raindance,Dave & Tems,8,8,6
2026-02-21,9,The Fate Of Ophelia,Taylor Swift,10,1,19
2026-02-21,10,Nice To Each Other,Olivia Dean,9,8,24
2026-02-21,11,End Of Beginning,Djo,7,2,23
2026-02-21,12,Opalite,Taylor Swift,-,2,15
2026-02-21,13,Lush Life,Zara Larsson,14,9,7
2026-02-21,14,Rein Me In,Sam Fender & Olivia Dean,17,14,3
2026-02-21,15,Golden,"HUNTR/X: EJAE, Audrey Nuna & REI AMI",12,1,33
2026-02-21,16,Back To Friends,sombr,13,3,42
2026-02-21,17,Stateside,PinkPantheress With Zara Larsson,19,17,4
2026-02-21,18,Homewrecker,sombr,-,18,1
2026-02-21,19,A Couple Minutes,Olivia Dean,18,13,13
2026-02-21,20,I Just Might,Bruno Mars,15,11,5
2026-02-21,21,Aperture,Harry Styles,11,2,3
2026-02-21,22,The Hardest Part,Olivia Dean,22,22,3
2026-02-21,23,Love Me Not,Ravyn Lenae,21,2,41
2026-02-21,24,Undressed,sombr,23,2,42
2026-02-21,25,Daisies,Justin Bieber,20,1,27
2026-02-28,1,Man I Need,Olivia Dean,1,1,26
2026-02-28,2,So Easy (To Fall In Love),Olivia Dean,2,2,19
2026-02-28,3,Ordinary,Alex Warren,3,1,50
2026-02-28,4,Rein Me In,Sam Fender & Olivia Dean,14,4,4
2026-02-28,5,Where Is My Husband!,RAYE,5,2,20
2026-02-28,6,Homewrecker,sombr,18,6,2
2026-02-28,7,12 To 12,sombr,6,5,28
2026-02-28,8,Raindance,Dave & Tems,8,8,7
2026-02-28,9,No Broke Boys,Disco Lines & Tinashe,7,3,36
2026-02-28,10,DTMF,Bad Bunny,4,4,2
2026-02-28,11,Lush Life,Zara Larsson,13,9,8
2026-02-28,12,The Fate Of Ophelia,Taylor Swift,9,1,20
2026-02-28,13,Nice To Each Other,Olivia Dean,10,8,25
2026-02-28,14,End Of Beginning,Djo,11,2,24
2026-02-28,15,Golden,"HUNTR/X: EJAE, Audrey Nuna & REI AMI",15,1,34
2026-02-28,16,Stateside,PinkPantheress With Zara Larsson,17,16,5
2026-02-28,17,Back To Friends,sombr,16,3,43
2026-02-28,18,A Couple Minutes,Olivia Dean,19,13,14
2026-02-28,19,I Just Might,Bruno Mars,20,11,6
2026-02-28,20,Love Me Not,Ravyn Lenae,23,2,42
2026-02-28,21,The Hardest Part,Olivia Dean,22,21,4
2026-02-28,22,Opalite,Taylor Swift,12,2,16
2026-02-28,23,Choosin' Texas,Ella Langley,-,23,1
2026-02-28,24,Die On This Hill,Sienna Spiro,-,18,3
2026-02-28,25,Dreams,Fleetwood Mac,-,11,25
2026-03-07,1,Man I Need,Olivia Dean,1,1,27
2026-03-07,2,Rein Me In,Sam Fender & Olivia Dean,4,2,5
2026-03-07,3,So Easy (To Fall In Love),Olivia Dean,2,2,20
2026-03-07,4,Ordinary,Alex Warren,3,1,51
2026-03-07,5,Homewrecker,sombr,6,5,3
2026-03-07,6,Where Is My Husband!,RAYE,5,2,21
2026-03-07,7,12 To 12,sombr,7,5,29
2026-03-07,8,Raindance,Dave & Tems,8,8,8
2026-03-07,9,No Broke Boys,Disco Lines & Tinashe,9,3,37
2026-03-07,10,Stateside,PinkPantheress With Zara Larsson,16,10,6
2026-03-07,11,Nice To Each Other,Olivia Dean,13,8,26
2026-03-07,12,The Fate Of Ophelia,Taylor Swift,12,1,21
2026-03-07,13,Lush Life,Zara Larsson,11,9,9
2026-03-07,14,End Of Beginning,Djo,14,2,25
2026-03-07,15,Golden,"HUNTR/X: EJAE, Audrey Nuna & REI AMI",15,1,35
2026-03-07,16,Back To Friends,sombr,17,3,44
2026-03-07,17,I Just Might,Bruno Mars,19,11,7
2026-03-07,18,The Hardest Part,Olivia Dean,21,18,5
2026-03-07,19,Iloveitiloveitiloveit,Bella Kay,-,19,1
2026-03-07,20,DTMF,Bad Bunny,10,4,3
2026-03-07,21,A Couple Minutes,Olivia Dean,18,13,15
2026-03-07,22,Love Me Not,Ravyn Lenae,20,2,43
2026-03-07,23,Choosin' Texas,Ella Langley,23,23,2
2026-03-07,24,Dracula,Tame Impala & JENNIE,-,24,1
2026-03-07,25,Opalite,Taylor Swift,22,2,17
2026-03-14,1,Man I Need,Olivia Dean,1,1,28
2026-03-14,2,Stateside,PinkPantheress With Zara Larsson,10,2,7
2026-03-14,3,Rein Me In,Sam Fender & Olivia Dean,2,2,6
2026-03-14,4,So Easy (To Fall In Love),Olivia Dean,3,2,21
2026-03-14,5,Iloveitiloveitiloveit,Bella Kay,19,5,2
2026-03-14,6,Ordinary,Alex Warren,4,1,52
2026-03-14,7,Where Is My Husband!,RAYE,6,2,22
2026-03-14,8,Homewrecker,sombr,5,5,4
2026-03-14,9,Raindance,Dave & Tems,8,8,9
2026-03-14,10,I Just Might,Bruno Mars,17,10,8
2026-03-14,11,12 To 12,sombr,7,5,30
2026-03-14,12,No Broke Boys,Disco Lines & Tinashe,9,3,38
2026-03-14,13,Nice To Each Other,Olivia Dean,11,8,27
2026-03-14,14,Lush Life,Zara Larsson,13,9,10
2026-03-14,15,The Fate Of Ophelia,Taylor Swift,12,1,22
2026-03-14,16,End Of Beginning,Djo,14,2,26
2026-03-14,17,Risk It All,Bruno Mars,-,17,1
2026-03-14,18,Dracula,Tame Impala & JENNIE,24,18,2
2026-03-14,19,Back To Friends,sombr,16,3,45
2026-03-14,20,Golden,"HUNTR/X: EJAE, Audrey Nuna & REI AMI",15,1,36
2026-03-14,21,DTMF,Bad Bunny,20,4,4
2026-03-14,22,The Hardest Part,Olivia Dean,18,18,6
2026-03-14,23,Choosin' Texas,Ella Langley,23,23,3
2026-03-14,24,Babydoll,Dominic Fike,-,24,1
2026-03-14,25,Love Me Not,Ravyn Lenae,22,2,44
2026-03-21,1,Man I Need,Olivia Dean,1,1,29
2026-03-21,2,Rein Me In,Sam Fender & Olivia Dean,3,2,7
2026-03-21,3,Iloveitiloveitiloveit,Bella Kay,5,3,3
2026-03-21,4,Stateside,PinkPantheress With Zara Larsson,2,2,8
2026-03-21,5,American Girls,Harry Styles,-,5,1
2026-03-21,6,So Easy (To Fall In Love),Olivia Dean,4,2,22
2026-03-21,7,Ordinary,Alex Warren,6,1,53
2026-03-21,8,12 To 12,sombr,11,5,31
2026-03-21,9,Where Is My Husband!,RAYE,7,2,23
2026-03-21,10,Aperture,Harry Styles,-,2,4
2026-03-21,11,Raindance,Dave & Tems,9,8,10
2026-03-21,12,Taste Back,Harry Styles,-,12,1
2026-03-21,13,No Broke Boys,Disco Lines & Tinashe,12,3,39
2026-03-21,14,Homewrecker,sombr,8,5,5
2026-03-21,15,Dracula,Tame Impala & JENNIE,18,15,3
2026-03-21,16,"Ready, Steady, Go!",Harry Styles,-,16,1
2026-03-21,17,Lush Life,Zara Larsson,14,9,11
2026-03-21,18,Nice To Each Other,Olivia Dean,13,8,28
2026-03-21,19,Coming Up Roses,Harry Styles,-,19,1
2026-03-21,20,Risk It All,Bruno Mars,17,17,2
2026-03-21,21,Are You Listening Yet?,Harry Styles,-,21,1
2026-03-21,22,End Of Beginning,Djo,16,2,27
2026-03-21,23,I Just Might,Bruno Mars,10,10,9
2026-03-21,24,Pop,Harry Styles,-,24,1
2026-03-21,25,The Fate Of Ophelia,Taylor Swift,15,1,23
2026-03-28,1,Man I Need,Olivia Dean,1,1,30
2026-03-28,2,Rein Me In,Sam Fender & Olivia Dean,2,2,8
2026-03-28,3,Iloveitiloveitiloveit,Bella Kay,3,3,4
2026-03-28,4,Stateside,PinkPantheress With Zara Larsson,4,2,9
2026-03-28,5,So Easy (To Fall In Love),Olivia Dean,6,2,23
2026-03-28,6,American Girls,Harry Styles,5,5,2
2026-03-28,7,Ordinary,Alex Warren,7,1,54
2026-03-28,8,Dracula,Tame Impala & JENNIE,15,8,4
2026-03-28,9,12 To 12,sombr,8,5,32
2026-03-28,10,Raindance,Dave & Tems,11,8,11
2026-03-28,11,Where Is My Husband!,RAYE,9,2,24
2026-03-28,12,Babydoll,Dominic Fike,-,12,2
2026-03-28,13,Homewrecker,sombr,14,5,6
2026-03-28,14,No Broke Boys,Disco Lines & Tinashe,13,3,40
2026-03-28,15,Lush Life,Zara Larsson,17,9,12
2026-03-28,16,Nice To Each Other,Olivia Dean,18,8,29
2026-03-28,17,White Keys,Dominic Fike,-,17,1
2026-03-28,18,Golden,"HUNTR/X: EJAE, Audrey Nuna & REI AMI",-,1,37
2026-03-28,19,The Fate Of Ophelia,Taylor Swift,25,1,24
2026-03-28,20,Risk It All,Bruno Mars,20,17,3
2026-03-28,21,End Of Beginning,Djo,22,2,28
2026-03-28,22,Back To Friends,sombr,-,3,46
2026-03-28,23,Choosin' Texas,Ella Langley,-,23,4
2026-03-28,24,I Just Might,Bruno Mars,23,10,10
2026-03-28,25,Iris,Goo Goo Dolls,-,16,27
2026-04-04,1,Rein Me In,Sam Fender & Olivia Dean,2,1,9
2026-04-04,2,Man I Need,Olivia Dean,1,1,31
2026-04-04,3,Iloveitiloveitiloveit,Bella Kay,3,3,5
2026-04-04,4,Stateside,PinkPantheress With Zara Larsson,4,2,10
2026-04-04,5,So Easy (To Fall In Love),Olivia Dean,5,2,24
2026-04-04,6,Dracula,Tame Impala & JENNIE,8,6,5
2026-04-04,7,Ordinary,Alex Warren,7,1,55
2026-04-04,8,Raindance,Dave & Tems,10,8,12
2026-04-04,9,Babydoll,Dominic Fike,12,9,3
2026-04-04,10,American Girls,Harry Styles,6,5,3
2026-04-04,11,12 To 12,sombr,9,5,33
2026-04-04,12,Where Is My Husband!,RAYE,11,2,25
2026-04-04,13,Homewrecker,sombr,13,5,7
2026-04-04,14,White Keys,Dominic Fike,17,14,2
2026-04-04,15,No Broke Boys,Disco Lines & Tinashe,14,3,41
2026-04-04,16,Nice To Each Other,Olivia Dean,16,8,30
2026-04-04,17,Lush Life,Zara Larsson,15,9,13
2026-04-04,18,Choosin' Texas,Ella Langley,23,18,5
2026-04-04,19,Golden,"HUNTR/X: EJAE, Audrey Nuna & REI AMI",18,1,38
2026-04-04,20,The Fate Of Ophelia,Taylor Swift,19,1,25
2026-04-04,21,End Of Beginning,Djo,21,2,29
2026-04-04,22,Back To Friends,sombr,22,3,47
2026-04-04,23,Iris,Goo Goo Dolls,25,16,28
2026-04-04,24,Mr. Brightside,The Killers,-,16,12
2026-04-04,25,I Just Might,Bruno Mars,24,10,11
2026-04-11,1,Rein Me In,Sam Fender & Olivia Dean,1,1,10
2026-04-11,2,Man I Need,Olivia Dean,2,1,32
2026-04-11,3,Iloveitiloveitiloveit,Bella Kay,3,3,6
2026-04-11,4,Stateside,PinkPantheress With Zara Larsson,4,2,11
2026-04-11,5,So Easy (To Fall In Love),Olivia Dean,5,2,25
2026-04-11,6,Dracula,Tame Impala & JENNIE,6,6,6
2026-04-11,7,Ordinary,Alex Warren,7,1,56
2026-04-11,8,Babydoll,Dominic Fike,9,8,4
2026-04-11,9,Raindance,Dave & Tems,8,8,13
2026-04-11,10,Where Is My Husband!,RAYE,12,2,26
2026-04-11,11,12 To 12,sombr,11,5,34
2026-04-11,12,White Keys,Dominic Fike,14,12,3
2026-04-11,13,Homewrecker,sombr,13,5,8
2026-04-11,14,Choosin' Texas,Ella Langley,18,14,6
2026-04-11,15,No Broke Boys,Disco Lines & Tinashe,15,3,42
2026-04-11,16,Nice To Each Other,Olivia Dean,16,8,31
2026-04-11,17,Lush Life,Zara Larsson,17,9,14
2026-04-11,18,American Girls,Harry Styles,10,5,4
2026-04-11,19,The Fate Of Ophelia,Taylor Swift,20,1,26
2026-04-11,20,Golden,"HUNTR/X: EJAE, Audrey Nuna & REI AMI",19,1,39
2026-04-11,21,Dreams,Fleetwood Mac,-,11,26
2026-04-11,22,Back To Friends,sombr,22,3,48
2026-04-11,23,End Of Beginning,Djo,21,2,30
2026-04-11,24,Iris,Goo Goo Dolls,23,16,29
2026-04-11,25,Love Me Not,Ravyn Lenae,-,2,45
2026-04-18,1,Rein Me In,Sam Fender & Olivia Dean,1,1,11
2026-04-18,2,Man I Need,Olivia Dean,2,1,33
2026-04-18,3,Iloveitiloveitiloveit,Bella Kay,3,3,7
2026-04-18,4,Dracula,Tame Impala & JENNIE,6,4,7
2026-04-18,5,So Easy (To Fall In Love),Olivia Dean,5,2,26
2026-04-18,6,Choosin' Texas,Ella Langley,14,6,7
2026-04-18,7,Stateside,PinkPantheress With Zara Larsson,4,2,12
2026-04-18,8,Babydoll,Dominic Fike,8,8,5
2026-04-18,9,Ordinary,Alex Warren,7,1,57
2026-04-18,10,Raindance,Dave & Tems,9,8,14
2026-04-18,11,Where Is My Husband!,RAYE,10,2,27
2026-04-18,12,Homewrecker,sombr,13,5,9
2026-04-18,13,Lush Life,Zara Larsson,17,9,15
2026-04-18,14,White Keys,Dominic Fike,12,12,4
2026-04-18,15,Dreams,Fleetwood Mac,21,11,27
2026-04-18,16,12 To 12,sombr,11,5,35
2026-04-18,17,No Broke Boys,Disco Lines & Tinashe,15,3,43
2026-04-18,18,Golden,"HUNTR/X: EJAE, Audrey Nuna & REI AMI",20,1,40
2026-04-18,19,Nice To Each Other,Olivia Dean,16,8,32
2026-04-18,20,End Of Beginning,Djo,23,2,31
2026-04-18,21,The Fate Of Ophelia,Taylor Swift,19,1,27
2026-04-18,22,Back To Friends,sombr,22,3,49
2026-04-18,23,Love Me Not,Ravyn Lenae,25,2,46
2026-04-18,24,Mr. Brightside,The Killers,-,16,13
2026-04-18,25,Iris,Goo Goo Dolls,24,16,30
2026-04-25,1,Rein Me In,Sam Fender & Olivia Dean,1,1,12
2026-04-25,2,Man I Need,Olivia Dean,2,1,34
2026-04-25,3,Iloveitiloveitiloveit,Bella Kay,3,3,8
2026-04-25,4,Choosin' Texas,Ella Langley,6,4,8
2026-04-25,5,Dracula,Tame Impala & JENNIE,4,4,8
2026-04-25,6,So Easy (To Fall In Love),Olivia Dean,5,2,27
2026-04-25,7,Stateside,PinkPantheress With Zara Larsson,7,2,13
2026-04-25,8,Ordinary,Alex Warren,9,1,58
2026-04-25,9,Babydoll,Dominic Fike,8,8,6
2026-04-25,10,Daisies,Justin Bieber,-,1,28
2026-04-25,11,Homewrecker,sombr,12,5,10
2026-04-25,12,Where Is My Husband!,RAYE,11,2,28
2026-04-25,13,Beauty And A Beat,Justin Bieber Featuring Nicki Minaj,-,13,1
2026-04-25,14,Raindance,Dave & Tems,10,8,15
2026-04-25,15,12 To 12,sombr,16,5,36
2026-04-25,16,White Keys,Dominic Fike,14,12,5
2026-04-25,17,No Broke Boys,Disco Lines & Tinashe,17,3,44
2026-04-25,18,Lush Life,Zara Larsson,13,9,16
2026-04-25,19,Dreams,Fleetwood Mac,15,11,28
2026-04-25,20,Golden,"HUNTR/X: EJAE, Audrey Nuna & REI AMI",18,1,41
2026-04-25,21,Nice To Each Other,Olivia Dean,19,8,33
2026-04-25,22,Back To Friends,sombr,22,3,50
2026-04-25,23,The Fate Of Ophelia,Taylor Swift,21,1,28
2026-04-25,24,End Of Beginning,Djo,20,2,32
2026-04-25,25,Mr. Brightside,The Killers,24,16,14
2026-05-02,1,Drop Dead,Olivia Rodrigo,-,1,1
2026-05-02,2,Rein Me In,Sam Fender & Olivia Dean,1,1,13
2026-05-02,3,Man I Need,Olivia Dean,2,1,35
2026-05-02,4,Daisies,Justin Bieber,10,1,29
2026-05-02,5,Beauty And A Beat,Justin Bieber Featuring Nicki Minaj,13,5,2
2026-05-02,6,Iloveitiloveitiloveit,Bella Kay,3,3,9
2026-05-02,7,Dracula,Tame Impala & JENNIE,5,4,9
2026-05-02,8,Choosin' Texas,Ella Langley,4,4,9
2026-05-02,9,Ordinary,Alex Warren,8,1,59
2026-05-02,10,So Easy (To Fall In Love),Olivia Dean,6,2,28
2026-05-02,11,Homewrecker,sombr,11,5,11
2026-05-02,12,Stateside,PinkPantheress With Zara Larsson,7,2,14
2026-05-02,13,Babydoll,Dominic Fike,9,8,7
2026-05-02,14,12 To 12,sombr,15,5,37
2026-05-02,15,Where Is My Husband!,RAYE,12,2,29
2026-05-02,16,Raindance,Dave & Tems,14,8,16
2026-05-02,17,White Keys,Dominic Fike,16,12,6
2026-05-02,18,Dreams,Fleetwood Mac,19,11,29
2026-05-02,19,No Broke Boys,Disco Lines & Tinashe,17,3,45
2026-05-02,20,Back To Friends,sombr,22,3,51
2026-05-02,21,Lush Life,Zara Larsson,18,9,17
2026-05-02,22,Yukon,Justin Bieber,-,14,8
2026-05-02,23,Nice To Each Other,Olivia Dean,21,8,34
2026-05-02,24,Love Me Not,Ravyn Lenae,-,2,47
2026-05-02,25,Golden,"HUNTR/X: EJAE, Audrey Nuna & REI AMI",20,1,42
2026-05-09,1,Rein Me In,Sam Fender & Olivia Dean,2,1,14
2026-05-09,2,Man I Need,Olivia Dean,3,1,36
2026-05-09,3,Iloveitiloveitiloveit,Bella Kay,6,3,10
2026-05-09,4,Daisies,Justin Bieber,4,1,30
2026-05-09,5,Drop Dead,Olivia Rodrigo,1,1,2
2026-05-09,6,Choosin' Texas,Ella Langley,8,4,10
2026-05-09,7,Beauty And A Beat,Justin Bieber Featuring Nicki Minaj,5,5,3
2026-05-09,8,Dracula,Tame Impala & JENNIE,7,4,10
2026-05-09,9,Ordinary,Alex Warren,9,1,60
2026-05-09,10,So Easy (To Fall In Love),Olivia Dean,10,2,29
2026-05-09,11,Babydoll,Dominic Fike,13,8,8
2026-05-09,12,Stateside,PinkPantheress With Zara Larsson,12,2,15
2026-05-09,13,Homewrecker,sombr,11,5,12
2026-05-09,14,Raindance,Dave & Tems,16,8,17
2026-05-09,15,Doors,Noah Kahan,-,15,1
2026-05-09,16,White Keys,Dominic Fike,17,12,7
2026-05-09,17,Where Is My Husband!,RAYE,15,2,30
2026-05-09,18,12 To 12,sombr,14,5,38
2026-05-09,19,No Broke Boys,Disco Lines & Tinashe,19,3,46
2026-05-09,20,The Great Divide,Noah Kahan,-,16,2
2026-05-09,21,Lush Life,Zara Larsson,21,9,18
2026-05-09,22,Love Me Not,Ravyn Lenae,24,2,48
2026-05-09,23,Nice To Each Other,Olivia Dean,23,8,35
2026-05-09,24,Back To Friends,sombr,20,3,52
2026-05-09,25,Mr. Brightside,The Killers,-,16,15
2026-05-16,1,Rein Me In,Sam Fender & Olivia Dean,1,1,15
2026-05-16,2,Man I Need,Olivia Dean,2,1,37
2026-05-16,3,Choosin' Texas,Ella Langley,6,3,11
2026-05-16,4,Iloveitiloveitiloveit,Bella Kay,3,3,11
2026-05-16,5,Daisies,Justin Bieber,4,1,31
2026-05-16,6,Dracula,Tame Impala & JENNIE,8,4,11
2026-05-16,7,Drop Dead,Olivia Rodrigo,5,1,3
2026-05-16,8,Ordinary,Alex Warren,9,1,61
2026-05-16,9,Beauty And A Beat,Justin Bieber Featuring Nicki Minaj,7,5,4
2026-05-16,10,Billie Jean,Michael Jackson,-,10,1
2026-05-16,11,So Easy (To Fall In Love),Olivia Dean,10,2,30
2026-05-16,12,Homewrecker,sombr,13,5,13
2026-05-16,13,Stateside,PinkPantheress With Zara Larsson,12,2,16
2026-05-16,14,Babydoll,Dominic Fike,11,8,9
2026-05-16,15,Raindance,Dave & Tems,14,8,18
2026-05-16,16,Where Is My Husband!,RAYE,17,2,31
2026-05-16,17,12 To 12,sombr,18,5,39
2026-05-16,18,White Keys,Dominic Fike,16,12,8
2026-05-16,19,No Broke Boys,Disco Lines & Tinashe,19,3,47
2026-05-16,20,Beat It,Michael Jackson,-,20,1
2026-05-16,21,Lush Life,Zara Larsson,21,9,19
2026-05-16,22,Mr. Brightside,The Killers,25,16,16
2026-05-16,23,Love Me Not,Ravyn Lenae,22,2,49
2026-05-16,24,Doors,Noah Kahan,15,15,2
2026-05-16,25,Iris,Goo Goo Dolls,-,16,31
2026-05-23,1,Rein Me In,Sam Fender & Olivia Dean,1,1,16
2026-05-23,2,Man I Need,Olivia Dean,2,1,38
2026-05-23,3,Choosin' Texas,Ella Langley,3,3,12
2026-05-23,4,Iloveitiloveitiloveit,Bella Kay,4,3,12
2026-05-23,5,Dracula,Tame Impala & JENNIE,6,4,12
2026-05-23,6,Billie Jean,Michael Jackson,10,6,2
2026-05-23,7,Ordinary,Alex Warren,8,1,62
2026-05-23,8,Daisies,Justin Bieber,5,1,32
2026-05-23,9,So Easy (To Fall In Love),Olivia Dean,11,2,31
2026-05-23,10,Beat It,Michael Jackson,20,10,2
2026-05-23,11,Babydoll,Dominic Fike,14,8,10
2026-05-23,12,Beauty And A Beat,Justin Bieber Featuring Nicki Minaj,9,5,5
2026-05-23,13,Homewrecker,sombr,12,5,14
2026-05-23,14,Drop Dead,Olivia Rodrigo,7,1,4
2026-05-23,15,Stateside,PinkPantheress With Zara Larsson,13,2,17
2026-05-23,16,Earrings,Malcolm Todd,-,16,1
2026-05-23,17,Human Nature,Michael Jackson,-,17,1
2026-05-23,18,Don't Stop 'Til You Get Enough,Michael Jackson,-,18,1
2026-05-23,19,Raindance,Dave & Tems,15,8,19
2026-05-23,20,12 To 12,sombr,17,5,40
2026-05-23,21,Where Is My Husband!,RAYE,16,2,32
2026-05-23,22,Go,The Chemical Brothers,-,22,1
2026-05-23,23,White Keys,Dominic Fike,18,12,9
2026-05-23,24,No Broke Boys,Disco Lines & Tinashe,19,3,48
2026-05-23,25,Lush Life,Zara Larsson,21,9,20
2026-05-30,1,Choosin' Texas,Ella Langley,3,1,13
2026-05-30,2,Rein Me In,Sam Fender & Olivia Dean,1,1,17
2026-05-30,3,Man I Need,Olivia Dean,2,1,39
2026-05-30,4,National Treasures,Drake,-,4,1
2026-05-30,5,Janice STFU,Drake,-,5,1
2026-05-30,6,Billie Jean,Michael Jackson,6,6,3
2026-05-30,7,Whisper My Name,Drake,-,7,1
2026-05-30,8,Iloveitiloveitiloveit,Bella Kay,4,3,13
2026-05-30,9,Dracula,Tame Impala & JENNIE,5,4,13
2026-05-30,10,Ran To Atlanta,Drake Featuring Future & Molly Santana,-,10,1
2026-05-30,11,Ordinary,Alex Warren,7,1,63
2026-05-30,12,Dust,Drake,-,12,1
2026-05-30,13,Shabang,Drake,-,13,1
2026-05-30,14,Make Them Cry,Drake,-,14,1
2026-05-30,15,Beat It,Michael Jackson,10,10,3
2026-05-30,16,2 Hard 4 The Radio,Drake,-,16,1
2026-05-30,17,Daisies,Justin Bieber,8,1,33
2026-05-30,18,Human Nature,Michael Jackson,17,17,2
2026-05-30,19,So Easy (To Fall In Love),Olivia Dean,9,2,32
2026-05-30,20,Homewrecker,sombr,13,5,15
2026-05-30,21,Babydoll,Dominic Fike,11,8,11
2026-05-30,22,Earrings,Malcolm Todd,16,16,2
2026-05-30,23,Plot Twist,Drake,-,23,1
2026-05-30,24,Stateside,PinkPantheress With Zara Larsson,15,2,18
2026-05-30,25,Don't Stop 'Til You Get Enough,Michael Jackson,18,18,2
2026-06-06,1,The Cure,Olivia Rodrigo,-,1,1
2026-06-06,2,Choosin' Texas,Ella Langley,1,1,14
2026-06-06,3,Rein Me In,Sam Fender & Olivia Dean,2,1,18
2026-06-06,4,Man I Need,Olivia Dean,3,1,40
2026-06-06,5,Janice STFU,Drake,5,5,2
2026-06-06,6,Billie Jean,Michael Jackson,6,6,4
2026-06-06,7,Iloveitiloveitiloveit,Bella Kay,8,3,14
2026-06-06,8,Dracula,Tame Impala & JENNIE,9,4,14
2026-06-06,9,Ordinary,Alex Warren,11,1,64
2026-06-06,10,Beat It,Michael Jackson,15,10,4
2026-06-06,11,Drop Dead,Olivia Rodrigo,-,1,5
2026-06-06,12,Earrings,Malcolm Todd,22,12,3
2026-06-06,13,Human Nature,Michael Jackson,18,13,3
2026-06-06,14,National Treasures,Drake,4,4,2
2026-06-06,15,Daisies,Justin Bieber,17,1,34
2026-06-06,16,Babydoll,Dominic Fike,21,8,12
2026-06-06,17,So Easy (To Fall In Love),Olivia Dean,19,2,33
2026-06-06,18,Homewrecker,sombr,20,5,16
2026-06-06,19,Don't Stop 'Til You Get Enough,Michael Jackson,25,18,3
2026-06-06,20,Stateside,PinkPantheress With Zara Larsson,24,2,19
2026-06-06,21,Mr. Brightside,The Killers,-,16,17
2026-06-06,22,Iris,Goo Goo Dolls,-,16,32
2026-06-06,23,Beauty And A Beat,Justin Bieber Featuring Nicki Minaj,-,5,6
2026-06-06,24,Raindance,Dave & Tems,-,8,20
2026-06-06,25,Go,The Chemical Brothers,-,22,2
2026-06-13,1,Choosin' Texas,Ella Langley,2,1,15
2026-06-13,2,Man I Need,Olivia Dean,4,1,41
2026-06-13,3,Rein Me In,Sam Fender & Olivia Dean,3,1,19
2026-06-13,4,The Cure,Olivia Rodrigo,1,1,2
2026-06-13,5,Hate That I Made You Love Me,Ariana Grande,-,5,1
2026-06-13,6,Janice STFU,Drake,5,5,3
2026-06-13,7,Billie Jean,Michael Jackson,6,6,5
2026-06-13,8,Iloveitiloveitiloveit,Bella Kay,7,3,15
2026-06-13,9,Dracula,Tame Impala & JENNIE,8,4,15
2026-06-13,10,Beat It,Michael Jackson,10,10,5
2026-06-13,11,Earrings,Malcolm Todd,12,11,4
2026-06-13,12,Ordinary,Alex Warren,9,1,65
2026-06-13,13,Homewrecker,sombr,18,5,17
2026-06-13,14,Human Nature,Michael Jackson,13,13,4
2026-06-13,15,Babydoll,Dominic Fike,16,8,13
2026-06-13,16,So Easy (To Fall In Love),Olivia Dean,17,2,34
2026-06-13,17,Daisies,Justin Bieber,15,1,35
2026-06-13,18,Mr. Brightside,The Killers,21,16,18
2026-06-13,19,Drop Dead,Olivia Rodrigo,11,1,6
2026-06-13,20,Iris,Goo Goo Dolls,22,16,33
2026-06-13,21,Noble,F3miii,-,21,1
2026-06-13,22,Don't Stop 'Til You Get Enough,Michael Jackson,19,18,4
2026-06-13,23,Chicago,Michael Jackson,-,23,1
2026-06-13,24,Stateside,PinkPantheress With Zara Larsson,20,2,20
2026-06-13,25,12 To 12,sombr,-,5,41
2026-06-20,1,Choosin' Texas,Ella Langley,1,1,16
2026-06-20,2,Man I Need,Olivia Dean,2,1,42
2026-06-20,3,Hate That I Made You Love Me,Ariana Grande,5,3,2
2026-06-20,4,Rein Me In,Sam Fender & Olivia Dean,3,1,20
2026-06-20,5,"I Knew It, I Knew You",Taylor Swift,-,5,1
2026-06-20,6,The Cure,Olivia Rodrigo,4,1,3
2026-06-20,7,Billie Jean,Michael Jackson,7,6,6
2026-06-20,8,Janice STFU,Drake,6,5,4
2026-06-20,9,Iloveitiloveitiloveit,Bella Kay,8,3,16
2026-06-20,10,Dracula,Tame Impala & JENNIE,9,4,16
2026-06-20,11,Earrings,Malcolm Todd,11,11,5
2026-06-20,12,Beat It,Michael Jackson,10,10,6
2026-06-20,13,Ordinary,Alex Warren,12,1,66
2026-06-20,14,Homewrecker,sombr,13,5,18
2026-06-20,15,Babydoll,Dominic Fike,15,8,14
2026-06-20,16,So Easy (To Fall In Love),Olivia Dean,16,2,35
2026-06-20,17,Mr. Brightside,The Killers,18,16,19
2026-06-20,18,Daisies,Justin Bieber,17,1,36
2026-06-20,19,Drop Dead,Olivia Rodrigo,19,1,7
2026-06-20,20,Iris,Goo Goo Dolls,20,16,34
2026-06-20,21,Human Nature,Michael Jackson,14,13,5
2026-06-20,22,Chicago,Michael Jackson,23,22,2
2026-06-20,23,12 To 12,sombr,25,5,42
2026-06-20,24,Cinderella,Mac Miller Featuring Ty Dolla $ign,-,24,1
2026-06-20,25,Love Me Not,Ravyn Lenae,-,2,50
2026-06-27,1,Stupid Song,Olivia Rodrigo,-,1,1
2026-06-27,2,The Cure,Olivia Rodrigo,6,1,4
2026-06-27,3,Choosin' Texas,Ella Langley,1,1,17
2026-06-27,4,Drop Dead,Olivia Rodrigo,19,1,8
2026-06-27,5,Man I Need,Olivia Dean,2,1,43
2026-06-27,6,Hate That I Made You Love Me,Ariana Grande,3,3,3
2026-06-27,7,Rein Me In,Sam Fender & Olivia Dean,4,1,21
2026-06-27,8,Honeybee,Olivia Rodrigo,-,8,1
2026-06-27,9,Begged,Olivia Rodrigo,-,9,1
2026-06-27,10,Maggots For Brains,Olivia Rodrigo,-,10,1
2026-06-27,11,What's Wrong With Me,Olivia Rodrigo & Robert Smith,-,11,1
2026-06-27,12,My Way,Olivia Rodrigo,-,12,1
2026-06-27,13,Billie Jean,Michael Jackson,7,6,7
2026-06-27,14,Expectations,Olivia Rodrigo,-,14,1
2026-06-27,15,Less,Olivia Rodrigo,-,15,1
2026-06-27,16,u + me = <3,Olivia Rodrigo,-,16,1
2026-06-27,17,"I Knew It, I Knew You",Taylor Swift,5,5,2
2026-06-27,18,Earrings,Malcolm Todd,11,11,6
2026-06-27,19,Iloveitiloveitiloveit,Bella Kay,9,3,17
2026-06-27,20,Janice STFU,Drake,8,5,5
2026-06-27,21,Dracula,Tame Impala & JENNIE,10,4,17
2026-06-27,22,Beat It,Michael Jackson,12,10,7
2026-06-27,23,Purple,Olivia Rodrigo,-,23,1
2026-06-27,24,Ordinary,Alex Warren,13,1,67
2026-06-27,25,Cigarette Smoke,Olivia Rodrigo,-,25,1
2026-07-04,1,Stupid Song,Olivia Rodrigo,1,1,2
2026-07-04,2,Choosin' Texas,Ella Langley,3,1,18
2026-07-04,3,Man I Need,Olivia Dean,5,1,44
2026-07-04,4,Rein Me In,Sam Fender & Olivia Dean,7,1,22
2026-07-04,5,The Cure,Olivia Rodrigo,2,1,5
2026-07-04,6,Hate That I Made You Love Me,Ariana Grande,6,3,4
2026-07-04,7,Billie Jean,Michael Jackson,13,6,8
2026-07-04,8,Honeybee,Olivia Rodrigo,8,8,2
2026-07-04,9,Drop Dead,Olivia Rodrigo,4,1,9
2026-07-04,10,Earrings,Malcolm Todd,18,10,7
2026-07-04,11,Dracula,Tame Impala & JENNIE,21,4,18
2026-07-04,12,Ordinary,Alex Warren,24,1,68
2026-07-04,13,Iloveitiloveitiloveit,Bella Kay,19,3,18
2026-07-04,14,"I Knew It, I Knew You",Taylor Swift,17,5,3
2026-07-04,15,Beat It,Michael Jackson,22,10,8
2026-07-04,16,Janice STFU,Drake,20,5,6
2026-07-04,17,Homewrecker,sombr,-,5,19
2026-07-04,18,Expectations,Olivia Rodrigo,14,14,2
2026-07-04,19,Iris,Goo Goo Dolls,-,16,35
2026-07-04,20,Cinderella,Mac Miller Featuring Ty Dolla $ign,-,20,2
2026-07-04,21,So Easy (To Fall In Love),Olivia Dean,-,2,36
2026-07-04,22,Mr. Brightside,The Killers,-,16,20
2026-07-04,23,Maggots For Brains,Olivia Rodrigo,10,10,2
2026-07-04,24,Raindance,Dave & Tems,-,8,21
2026-07-04,25,Babydoll,Dominic Fike,-,8,15
2026-07-11,1,Choosin' Texas,Ella Langley,2,1,19
2026-07-11,2,Man I Need,Olivia Dean,3,1,45
2026-07-11,3,Rein Me In,Sam Fender & Olivia Dean,4,1,23
2026-07-11,4,Stupid Song,Olivia Rodrigo,1,1,3
2026-07-11,5,Billie Jean,Michael Jackson,7,5,9
2026-07-11,6,The Cure,Olivia Rodrigo,5,1,6
2026-07-11,7,Hate That I Made You Love Me,Ariana Grande,6,3,5
2026-07-11,8,Ordinary,Alex Warren,12,1,69
2026-07-11,9,Earrings,Malcolm Todd,10,9,8
2026-07-11,10,Dracula,Tame Impala & JENNIE,11,4,19
2026-07-11,11,Iloveitiloveitiloveit,Bella Kay,13,3,19
2026-07-11,12,Drop Dead,Olivia Rodrigo,9,1,10
2026-07-11,13,Beat It,Michael Jackson,15,10,9
2026-07-11,14,"I Knew It, I Knew You",Taylor Swift,14,5,4
2026-07-11,15,Honeybee,Olivia Rodrigo,8,8,3
2026-07-11,16,Mr. Brightside,The Killers,22,16,21
2026-07-11,17,So Easy (To Fall In Love),Olivia Dean,21,2,37
2026-07-11,18,Homewrecker,sombr,17,5,20
2026-07-11,19,Cinderella,Mac Miller Featuring Ty Dolla $ign,20,19,3
2026-07-11,20,Noble,F3miii,-,20,2
2026-07-11,21,Daisies,Justin Bieber,-,1,37
2026-07-11,22,Iris,Goo Goo Dolls,19,16,36
2026-07-11,23,Janice STFU,Drake,16,5,7
2026-07-11,24,Babydoll,Dominic Fike,25,8,16
2026-07-11,25,Raindance,Dave & Tems,24,8,22
2026-07-18,1,Choosin' Texas,Ella Langley,1,1,20
2026-07-18,2,Man I Need,Olivia Dean,2,1,46
2026-07-18,3,Rein Me In,Sam Fender & Olivia Dean,3,1,24
2026-07-18,4,Stupid Song,Olivia Rodrigo,4,1,4
2026-07-18,5,Ordinary,Alex Warren,8,1,70
2026-07-18,6,Billie Jean,Michael Jackson,5,5,10
2026-07-18,7,Hate That I Made You Love Me,Ariana Grande,7,3,6
2026-07-18,8,Earrings,Malcolm Todd,9,8,9
2026-07-18,9,The Cure,Olivia Rodrigo,6,1,7
2026-07-18,10,Dracula,Tame Impala & JENNIE,10,4,20
2026-07-18,11,Mr. Brightside,The Killers,16,11,22
2026-07-18,12,Iloveitiloveitiloveit,Bella Kay,11,3,20
2026-07-18,13,Homewrecker,sombr,18,5,21
2026-07-18,14,Beat It,Michael Jackson,13,10,10
2026-07-18,15,Noble,F3miii,20,15,3
2026-07-18,16,Drop Dead,Olivia Rodrigo,12,1,11
2026-07-18,17,So Easy (To Fall In Love),Olivia Dean,17,2,38
2026-07-18,18,Boston,Stella Lefty,-,18,1
2026-07-18,19,Babydoll,Dominic Fike,24,8,17
2026-07-18,20,Iris,Goo Goo Dolls,22,16,37
2026-07-18,21,"I Knew It, I Knew You",Taylor Swift,14,5,5
2026-07-18,22,Honeybee,Olivia Rodrigo,15,8,4
2026-07-18,23,Self Aware,Temper City,-,23,1
2026-07-18,24,Dreams,Fleetwood Mac,-,11,30
2026-07-18,25,Daisies,Justin Bieber,21,1,38
2026-07-25,1,Choosin' Texas,Ella Langley,1,1,21
2026-07-25,2,Man I Need,Olivia Dean,2,1,47
2026-07-25,3,Rein Me In,Sam Fender & Olivia Dean,3,1,25
2026-07-25,4,Ordinary,Alex Warren,5,1,71
2026-07-25,5,Stupid Song,Olivia Rodrigo,4,1,5
2026-07-25,6,Hate That I Made You Love Me,Ariana Grande,7,3,7
2026-07-25,7,Earrings,Malcolm Todd,8,7,10
2026-07-25,8,The Cure,Olivia Rodrigo,9,1,8
2026-07-25,9,Billie Jean,Michael Jackson,6,5,11
2026-07-25,10,Boston,Stella Lefty,18,10,2
2026-07-25,11,Mr. Brightside,The Killers,11,11,23
2026-07-25,12,Dracula,Tame Impala & JENNIE,10,4,21
2026-07-25,13,Iloveitiloveitiloveit,Bella Kay,12,3,21
2026-07-25,14,Iris,Goo Goo Dolls,20,14,38
2026-07-25,15,Noble,F3miii,15,15,4
2026-07-25,16,So Easy (To Fall In Love),Olivia Dean,17,2,39
2026-07-25,17,Dreams,Fleetwood Mac,24,11,31
2026-07-25,18,Homewrecker,sombr,13,5,22
2026-07-25,19,Drop Dead,Olivia Rodrigo,16,1,12
2026-07-25,20,Babydoll,Dominic Fike,19,8,18
2026-07-25,21,Beat It,Michael Jackson,14,10,11
2026-07-25,22,Self Aware,Temper City,23,22,2
2026-07-25,23,Daisies,Justin Bieber,25,1,39
2026-07-25,24,12 To 12,sombr,-,5,43
2026-07-25,25,Cinderella,Mac Miller Featuring Ty Dolla $ign,-,19,4
2026-08-01,1,Choosin' Texas,Ella Langley,1,1,22
2026-08-01,2,Man I Need,Olivia Dean,2,1,48
2026-08-01,3,Rein Me In,Sam Fender & Olivia Dean,3,1,26
2026-08-01,4,Ordinary,Alex Warren,4,1,72
2026-08-01,5,Stupid Song,Olivia Rodrigo,5,1,6
2026-08-01,6,Hate That I Made You Love Me,Ariana Grande,6,3,8
2026-08-01,7,Earrings,Malcolm Todd,7,7,11
2026-08-01,8,Boston,Stella Lefty,10,8,3
2026-08-01,9,The Cure,Olivia Rodrigo,8,1,9
2026-08-01,10,Mr. Brightside,The Killers,11,10,24
2026-08-01,11,Billie Jean,Michael Jackson,9,5,12
2026-08-01,12,Iris,Goo Goo Dolls,14,12,39
2026-08-01,13,Dracula,Tame Impala & JENNIE,12,4,22
2026-08-01,14,Iloveitiloveitiloveit,Bella Kay,13,3,22
2026-08-01,15,So Easy (To Fall In Love),Olivia Dean,16,2,40
2026-08-01,16,Babydoll,Dominic Fike,20,8,19
2026-08-01,17,Dreams,Fleetwood Mac,17,11,32
2026-08-01,18,Homewrecker,sombr,18,5,23
2026-08-01,19,Daisies,Justin Bieber,23,1,40
2026-08-01,20,Drop Dead,Olivia Rodrigo,19,1,13
2026-08-01,21,Noble,F3miii,15,15,5
2026-08-01,22,Love Me Not,Ravyn Lenae,-,2,51
2026-08-01,23,Beautiful Things,Benson Boone,-,1,101
2026-08-01,24,Cinderella,Mac Miller Featuring Ty Dolla $ign,25,19,5
2026-08-01,25,Beat It,Michael Jackson,21,10,12
2026-08-08,1,Choosin' Texas,Ella Langley,1,1,23
2026-08-08,2,Man I Need,Olivia Dean,2,1,49
2026-08-08,3,Rein Me In,Sam Fender & Olivia Dean,3,1,27
2026-08-08,4,Ordinary,Alex Warren,4,1,73
2026-08-08,5,Boston,Stella Lefty,8,5,4
2026-08-08,6,Stupid Song,Olivia Rodrigo,5,1,7
2026-08-08,7,Earrings,Malcolm Todd,7,7,12
2026-08-08,8,Hate That I Made You Love Me,Ariana Grande,6,3,9
2026-08-08,9,The Cure,Olivia Rodrigo,9,1,10
2026-08-08,10,Mr. Brightside,The Killers,10,10,25
2026-08-08,11,Billie Jean,Michael Jackson,11,5,13
2026-08-08,12,Iris,Goo Goo Dolls,12,12,40
2026-08-08,13,Dracula,Tame Impala & JENNIE,13,4,23
2026-08-08,14,Dreams,Fleetwood Mac,17,11,33
2026-08-08,15,So Easy (To Fall In Love),Olivia Dean,15,2,41
2026-08-08,16,Iloveitiloveitiloveit,Bella Kay,14,3,23
2026-08-08,17,Animal,KATSEYE,-,17,1
2026-08-08,18,Babydoll,Dominic Fike,16,8,20
2026-08-08,19,Homewrecker,sombr,18,5,24
2026-08-08,20,Self Aware,Temper City,-,20,3
2026-08-08,21,Love Me Not,Ravyn Lenae,22,2,52
2026-08-08,22,Beautiful Things,Benson Boone,23,1,102
2026-08-08,23,Noble,F3miii,21,15,6
2026-08-08,24,12 To 12,sombr,-,5,44
2026-08-08,25,Daisies,Justin Bieber,19,1,41
2026-08-15,1,Choosin' Texas,Ella Langley,1,1,24
2026-08-15,2,Man I Need,Olivia Dean,2,1,50
2026-08-15,3,Rein Me In,Sam Fender & Olivia Dean,3,1,28
2026-08-15,4,Hate That I Made You Love Me,Ariana Grande,8,3,10
2026-08-15,5,Petal,Ariana Grande,-,5,1
2026-08-15,6,Ordinary,Alex Warren,4,1,74
2026-08-15,7,Boston,Stella Lefty,5,5,5
2026-08-15,8,Stupid Song,Olivia Rodrigo,6,1,8
2026-08-15,9,Earrings,Malcolm Todd,7,7,13
2026-08-15,10,The Cure,Olivia Rodrigo,9,1,11
2026-08-15,11,Mr. Brightside,The Killers,10,10,26
2026-08-15,12,Iris,Goo Goo Dolls,12,12,41
2026-08-15,13,Dreams,Fleetwood Mac,14,11,34
2026-08-15,14,Billie Jean,Michael Jackson,11,5,14
2026-08-15,15,So Easy (To Fall In Love),Olivia Dean,15,2,42
2026-08-15,16,Animal,KATSEYE,17,16,2
2026-08-15,17,Iloveitiloveitiloveit,Bella Kay,16,3,24
2026-08-15,18,Self Aware,Temper City,20,18,4
2026-08-15,19,Babydoll,Dominic Fike,18,8,21
2026-08-15,20,Kiss Me,Ariana Grande,-,20,1
2026-08-15,21,Homewrecker,sombr,19,5,25
2026-08-15,22,No Broke Boys,Disco Lines & Tinashe,-,3,49
2026-08-15,23,Beautiful Things,Benson Boone,22,1,103
2026-08-15,24,Bloodstream,Alyssa Grace,-,24,1
2026-08-15,25,Daisies,Justin Bieber,25,1,42
