Date,Rank,Song,Artist,Last Week,Peak Position,Weeks on Chart
2022-02-19,1,Behute,Senidah,-,1,1
2022-02-19,2,Roze,"Jala Brat , Devito & Buba Corell",-,2,1
2022-02-19,3,Zivot Si Moj,MC Stojan X Breskvica,-,3,1
2022-02-19,4,Zlatno Dete,COBY,-,4,1
2022-02-19,5,Trebas Li Me,Eni Jurisic & Matija Cvek,-,5,1
2022-02-19,6,Irina Shayk,Buba Corelli,-,6,1
2022-02-19,7,Divljam,"Buba Corelli, Jala Brat & COBY",-,7,1
2022-02-19,8,Debili,30Zona & KUKU$,-,8,1
2022-02-19,9,Ti I Ja,Sasa Matic & Jelena Rozga,-,9,1
2022-02-19,10,Noc,Jala Brat X Hava,-,10,1
2022-02-19,11,Pilula,Jala Brat X Buba Corelli,-,11,1
2022-02-19,12,Ponoc,Zeljko Joksimovic Featuring Aco Povic & Suzana Brankovic,-,12,1
2022-02-19,13,Disko,Ba$ha,-,13,1
2022-02-19,14,Na Jednu Noc,Tea Tairovic,-,14,1
2022-02-19,15,Odakle Sam Ja,COBY,-,15,1
2022-02-19,16,Gluh I Nijem,Buba Corelli,-,16,1
2022-02-19,17,Sikter,Zorana Micanovic,-,17,1
2022-02-19,18,Fila I Air Max,Gazda Paja,-,18,1
2022-02-19,19,Heat Waves,Glass Animals,-,19,1
2022-02-19,20,Black Summer,Red Hot Chili Peppers,-,20,1
2022-02-19,21,Hajde,Tea Tairovic,-,21,1
2022-02-19,22,Sad I Zauvek,Aca Lukas / Dragana Mirkovic,-,22,1
2022-02-19,23,Dostojevski,Jala Brat X Light X Pyrex,-,23,1
2022-02-19,24,Gde Je Ljubav,Andreana Cekic,-,24,1
2022-02-19,25,Highlife,Grse,-,25,1
2022-02-26,1,Behute,Senidah,1,1,2
2022-02-26,2,Roze,"Jala Brat , Devito & Buba Corell",2,2,2
2022-02-26,3,Trebas Li Me,Eni Jurisic & Matija Cvek,5,3,2
2022-02-26,4,Zivot Si Moj,MC Stojan X Breskvica,3,3,2
2022-02-26,5,Zlatno Dete,COBY,4,4,2
2022-02-26,6,Irina Shayk,Buba Corelli,6,6,2
2022-02-26,7,Divljam,"Buba Corelli, Jala Brat & COBY",7,7,2
2022-02-26,8,Debili,30Zona & KUKU$,8,8,2
2022-02-26,9,Ti I Ja,Sasa Matic & Jelena Rozga,9,9,2
2022-02-26,10,Ponoc,Zeljko Joksimovic Featuring Aco Povic & Suzana Brankovic,12,10,2
2022-02-26,11,Noc,Jala Brat X Hava,10,10,2
2022-02-26,12,Fila I Air Max,Gazda Paja,18,12,2
2022-02-26,13,Pilula,Jala Brat X Buba Corelli,11,11,2
2022-02-26,14,Sad I Zauvek,Aca Lukas / Dragana Mirkovic,22,14,2
2022-02-26,15,Gluh I Nijem,Buba Corelli,16,15,2
2022-02-26,16,Odakle Sam Ja,COBY,15,15,2
2022-02-26,17,Na Jednu Noc,Tea Tairovic,14,14,2
2022-02-26,18,Sikter,Zorana Micanovic,17,17,2
2022-02-26,19,Heat Waves,Glass Animals,19,19,2
2022-02-26,20,Disko,Ba$ha,13,13,2
2022-02-26,21,Hajde,Tea Tairovic,21,21,2
2022-02-26,22,Highlife,Grse,25,22,2
2022-02-26,23,Gde Je Ljubav,Andreana Cekic,24,23,2
2022-02-26,24,Dostojevski,Jala Brat X Light X Pyrex,23,23,2
2022-02-26,25,Pare Pare,Lacku X Seksi,-,25,1
2022-03-05,1,Behute,Senidah,1,1,3
2022-03-05,2,Roze,"Jala Brat , Devito & Buba Corell",2,2,3
2022-03-05,3,Trebas Li Me,Eni Jurisic & Matija Cvek,3,3,3
2022-03-05,4,Geto Sport,"Rasta, Seksi & Banfica",-,4,1
2022-03-05,5,Zivot Si Moj,MC Stojan X Breskvica,4,3,3
2022-03-05,6,Zlatno Dete,COBY,5,4,3
2022-03-05,7,Irina Shayk,Buba Corelli,6,6,3
2022-03-05,8,Divljam,"Buba Corelli, Jala Brat & COBY",7,7,3
2022-03-05,9,Willow,Taylor Swift,-,9,1
2022-03-05,10,Noc,Jala Brat X Hava,11,10,3
2022-03-05,11,Fila I Air Max,Gazda Paja,12,11,3
2022-03-05,12,Ti I Ja,Sasa Matic & Jelena Rozga,9,9,3
2022-03-05,13,Pilula,Jala Brat X Buba Corelli,13,11,3
2022-03-05,14,Debili,30Zona & KUKU$,8,8,3
2022-03-05,15,Gluh I Nijem,Buba Corelli,15,15,3
2022-03-05,16,Ponoc,Zeljko Joksimovic Featuring Aco Povic & Suzana Brankovic,10,10,3
2022-03-05,17,Odakle Sam Ja,COBY,16,15,3
2022-03-05,18,Sikter,Zorana Micanovic,18,17,3
2022-03-05,19,Heat Waves,Glass Animals,19,19,3
2022-03-05,20,CC #2,Crni Cerak,-,20,1
2022-03-05,21,Na Jednu Noc,Tea Tairovic,17,14,3
2022-03-05,22,Sad I Zauvek,Aca Lukas / Dragana Mirkovic,14,14,3
2022-03-05,23,Replay,SENIDAH,-,23,1
2022-03-05,24,Highlife,Grse,22,22,3
2022-03-05,25,Hajde,Tea Tairovic,21,21,3
2022-03-12,1,Behute,Senidah,1,1,4
2022-03-12,2,Roze,"Jala Brat , Devito & Buba Corell",2,2,4
2022-03-12,3,Trebas Li Me,Eni Jurisic & Matija Cvek,3,3,4
2022-03-12,4,Irina Shayk,Buba Corelli,7,4,4
2022-03-12,5,Playboy,Corona,-,5,1
2022-03-12,6,Divljam,"Buba Corelli, Jala Brat & COBY",8,6,4
2022-03-12,7,Zlatno Dete,COBY,6,4,4
2022-03-12,8,Zivot Si Moj,MC Stojan X Breskvica,5,3,4
2022-03-12,9,Noc,Jala Brat X Hava,10,9,4
2022-03-12,10,Geto Sport,"Rasta, Seksi & Banfica",4,4,2
2022-03-12,11,Pilula,Jala Brat X Buba Corelli,13,11,4
2022-03-12,12,Heat Waves,Glass Animals,19,12,4
2022-03-12,13,Debili,30Zona & KUKU$,14,8,4
2022-03-12,14,Ponoc,Zeljko Joksimovic Featuring Aco Povic & Suzana Brankovic,16,10,4
2022-03-12,15,Gluh I Nijem,Buba Corelli,15,15,4
2022-03-12,16,Ti I Ja,Sasa Matic & Jelena Rozga,12,9,4
2022-03-12,17,Fila I Air Max,Gazda Paja,11,11,4
2022-03-12,18,Na Jednu Noc,Tea Tairovic,21,14,4
2022-03-12,19,Odakle Sam Ja,COBY,17,15,4
2022-03-12,20,CC #2,Crni Cerak,20,20,2
2022-03-12,21,Sad I Zauvek,Aca Lukas / Dragana Mirkovic,22,14,4
2022-03-12,22,Sikter,Zorana Micanovic,18,17,4
2022-03-12,23,Replay,SENIDAH,23,23,2
2022-03-12,24,Highlife,Grse,24,22,4
2022-03-12,25,Hajde,Tea Tairovic,25,21,4
2022-03-19,1,In Corpore Sano,Konstrakta,-,1,1
2022-03-19,2,Roze,"Jala Brat , Devito & Buba Corell",2,2,5
2022-03-19,3,Behute,Senidah,1,1,5
2022-03-19,4,Trebas Li Me,Eni Jurisic & Matija Cvek,3,3,5
2022-03-19,5,Irina Shayk,Buba Corelli,4,4,5
2022-03-19,6,Zorja,Zorja Pajic,-,6,1
2022-03-19,7,Divljam,"Buba Corelli, Jala Brat & COBY",6,6,5
2022-03-19,8,Noc,Jala Brat X Hava,9,8,5
2022-03-19,9,Zlatno Dete,COBY,7,4,5
2022-03-19,10,Heat Waves,Glass Animals,12,10,5
2022-03-19,11,Na Jednu Noc,Tea Tairovic,18,11,5
2022-03-19,12,Muskarcina,Sara Jo,-,12,1
2022-03-19,13,Geto Sport,"Rasta, Seksi & Banfica",10,4,3
2022-03-19,14,Gluh I Nijem,Buba Corelli,15,14,5
2022-03-19,15,Pilula,Jala Brat X Buba Corelli,11,11,5
2022-03-19,16,Playboy,Corona,5,5,2
2022-03-19,17,Zivot Si Moj,MC Stojan X Breskvica,8,3,5
2022-03-19,18,Ponoc,Zeljko Joksimovic Featuring Aco Povic & Suzana Brankovic,14,10,5
2022-03-19,19,CC #2,Crni Cerak,20,19,3
2022-03-19,20,Debili,30Zona & KUKU$,13,8,5
2022-03-19,21,Ti I Ja,Sasa Matic & Jelena Rozga,16,9,5
2022-03-19,22,Sad I Zauvek,Aca Lukas / Dragana Mirkovic,21,14,5
2022-03-19,23,Fila I Air Max,Gazda Paja,17,11,5
2022-03-19,24,Highlife,Grse,24,22,5
2022-03-19,25,Luda,Lacku,-,25,1
2022-03-26,1,In Corpore Sano,Konstrakta,1,1,2
2022-03-26,2,Roze,"Jala Brat , Devito & Buba Corell",2,2,6
2022-03-26,3,Behute,Senidah,3,1,6
2022-03-26,4,Trebas Li Me,Eni Jurisic & Matija Cvek,4,3,6
2022-03-26,5,Dream Stream,Universal Flow,-,5,1
2022-03-26,6,Irina Shayk,Buba Corelli,5,4,6
2022-03-26,7,Divljam,"Buba Corelli, Jala Brat & COBY",7,6,6
2022-03-26,8,Mamba,Grse,-,8,1
2022-03-26,9,Crno Oko,Nucci,-,9,1
2022-03-26,10,Noc,Jala Brat X Hava,8,8,6
2022-03-26,11,Na Jednu Noc,Tea Tairovic,11,11,6
2022-03-26,12,Heat Waves,Glass Animals,10,10,6
2022-03-26,13,Playboy,Corona,16,5,3
2022-03-26,14,Luda,Lacku,25,14,2
2022-03-26,15,Zlatno Dete,COBY,9,4,6
2022-03-26,16,Gluh I Nijem,Buba Corelli,14,14,6
2022-03-26,17,Ponoc,Zeljko Joksimovic Featuring Aco Povic & Suzana Brankovic,18,10,6
2022-03-26,18,Highlife,Grse,24,18,6
2022-03-26,19,Geto Sport,"Rasta, Seksi & Banfica",13,4,4
2022-03-26,20,CC #2,Crni Cerak,19,19,4
2022-03-26,21,Pilula,Jala Brat X Buba Corelli,15,11,6
2022-03-26,22,Muskarcina,Sara Jo,12,12,2
2022-03-26,23,Fila I Air Max,Gazda Paja,23,11,6
2022-03-26,24,Sad I Zauvek,Aca Lukas / Dragana Mirkovic,22,14,6
2022-03-26,25,Zivot Si Moj,MC Stojan X Breskvica,17,3,6
2022-04-02,1,Crno Oko,Nucci,9,1,2
2022-04-02,2,Nyokosuzi,Inas,-,2,1
2022-04-02,3,Roze,"Jala Brat , Devito & Buba Corell",2,2,7
2022-04-02,4,Behute,Senidah,3,1,7
2022-04-02,5,Trebas Li Me,Eni Jurisic & Matija Cvek,4,3,7
2022-04-02,6,In Corpore Sano,Konstrakta,1,1,3
2022-04-02,7,Irina Shayk,Buba Corelli,6,4,7
2022-04-02,8,Divljam,"Buba Corelli, Jala Brat & COBY",7,6,7
2022-04-02,9,Mamba,Grse,8,8,2
2022-04-02,10,Luda,Lacku,14,10,3
2022-04-02,11,Heat Waves,Glass Animals,12,10,7
2022-04-02,12,Noc,Jala Brat X Hava,10,8,7
2022-04-02,13,Gluh I Nijem,Buba Corelli,16,13,7
2022-04-02,14,Na Jednu Noc,Tea Tairovic,11,11,7
2022-04-02,15,Highlife,Grse,18,15,7
2022-04-02,16,Ponoc,Zeljko Joksimovic Featuring Aco Povic & Suzana Brankovic,17,10,7
2022-04-02,17,Playboy,Corona,13,5,4
2022-04-02,18,Pilula,Jala Brat X Buba Corelli,21,11,7
2022-04-02,19,Zlatno Dete,COBY,15,4,7
2022-04-02,20,CC #2,Crni Cerak,20,19,5
2022-04-02,21,Fila I Air Max,Gazda Paja,23,11,7
2022-04-02,22,Odakle Sam Ja,COBY,-,15,5
2022-04-02,23,Geto Sport,"Rasta, Seksi & Banfica",19,4,5
2022-04-02,24,Sad I Zauvek,Aca Lukas / Dragana Mirkovic,24,14,7
2022-04-02,25,Hajde,Tea Tairovic,-,21,5
2022-04-09,1,Criminal,Jala Brat X Buba Corelli X RAF Camora,-,1,1
2022-04-09,2,Nyokosuzi,Inas,2,2,2
2022-04-09,3,Crno Oko,Nucci,1,1,3
2022-04-09,4,Roze,"Jala Brat , Devito & Buba Corell",3,2,8
2022-04-09,5,Behute,Senidah,4,1,8
2022-04-09,6,Trebas Li Me,Eni Jurisic & Matija Cvek,5,3,8
2022-04-09,7,Irina Shayk,Buba Corelli,7,4,8
2022-04-09,8,Divljam,"Buba Corelli, Jala Brat & COBY",8,6,8
2022-04-09,9,Detinjstvo,Voyage,-,9,1
2022-04-09,10,Mamba,Grse,9,8,3
2022-04-09,11,Luda,Lacku,10,10,4
2022-04-09,12,Gluh I Nijem,Buba Corelli,13,12,8
2022-04-09,13,Heat Waves,Glass Animals,11,10,8
2022-04-09,14,Noc,Jala Brat X Hava,12,8,8
2022-04-09,15,In Corpore Sano,Konstrakta,6,1,4
2022-04-09,16,Playboy,Corona,17,5,5
2022-04-09,17,Highlife,Grse,15,15,8
2022-04-09,18,Ponoc,Zeljko Joksimovic Featuring Aco Povic & Suzana Brankovic,16,10,8
2022-04-09,19,Na Jednu Noc,Tea Tairovic,14,11,8
2022-04-09,20,CC #2,Crni Cerak,20,19,6
2022-04-09,21,Pilula,Jala Brat X Buba Corelli,18,11,8
2022-04-09,22,Odakle Sam Ja,COBY,22,15,6
2022-04-09,23,Pare Pare,Lacku X Seksi,-,23,2
2022-04-09,24,Save Your Tears,The Weeknd,-,24,1
2022-04-09,25,Dostojevski,Jala Brat X Light X Pyrex,-,23,3
2022-04-16,1,Nyokosuzi,Inas,2,1,3
2022-04-16,2,Criminal,Jala Brat X Buba Corelli X RAF Camora,1,1,2
2022-04-16,3,As It Was,Harry Styles,-,3,1
2022-04-16,4,Crno Oko,Nucci,3,1,4
2022-04-16,5,Roze,"Jala Brat , Devito & Buba Corell",4,2,9
2022-04-16,6,Behute,Senidah,5,1,9
2022-04-16,7,Trebas Li Me,Eni Jurisic & Matija Cvek,6,3,9
2022-04-16,8,Verna,Devito,-,8,1
2022-04-16,9,Detinjstvo,Voyage,9,9,2
2022-04-16,10,Krive Karte,Dino Merlin,-,10,1
2022-04-16,11,Irina Shayk,Buba Corelli,7,4,9
2022-04-16,12,Divljam,"Buba Corelli, Jala Brat & COBY",8,6,9
2022-04-16,13,Mamba,Grse,10,8,4
2022-04-16,14,Sikter,Zorana Micanovic,-,14,5
2022-04-16,15,Highlife,Grse,17,15,9
2022-04-16,16,Luda,Lacku,11,10,5
2022-04-16,17,Heat Waves,Glass Animals,13,10,9
2022-04-16,18,Playboy,Corona,16,5,6
2022-04-16,19,Gluh I Nijem,Buba Corelli,12,12,9
2022-04-16,20,CC #2,Crni Cerak,20,19,7
2022-04-16,21,Ponoc,Zeljko Joksimovic Featuring Aco Povic & Suzana Brankovic,18,10,9
2022-04-16,22,Noc,Jala Brat X Hava,14,8,9
2022-04-16,23,Ne Ide,Sinan Sakic,-,23,1
2022-04-16,24,Debili,30Zona & KUKU$,-,8,6
2022-04-16,25,Na Jednu Noc,Tea Tairovic,19,11,9
2022-04-23,1,Nyokosuzi,Inas,1,1,4
2022-04-23,2,Criminal,Jala Brat X Buba Corelli X RAF Camora,2,1,3
2022-04-23,3,Crno Oko,Nucci,4,1,5
2022-04-23,4,Roze,"Jala Brat , Devito & Buba Corell",5,2,10
2022-04-23,5,As It Was,Harry Styles,3,3,2
2022-04-23,6,Vrati Me U Geto,Rasta,-,6,1
2022-04-23,7,Behute,Senidah,6,1,10
2022-04-23,8,Trebas Li Me,Eni Jurisic & Matija Cvek,7,3,10
2022-04-23,9,Detinjstvo,Voyage,9,9,3
2022-04-23,10,Irina Shayk,Buba Corelli,11,4,10
2022-04-23,11,Losa,Breskvica,-,11,1
2022-04-23,12,Divljam,"Buba Corelli, Jala Brat & COBY",12,6,10
2022-04-23,13,Mamba,Grse,13,8,5
2022-04-23,14,First Class,Jack Harlow,-,14,1
2022-04-23,15,Sikter,Zorana Micanovic,14,14,6
2022-04-23,16,Heat Waves,Glass Animals,17,10,10
2022-04-23,17,Highlife,Grse,15,15,10
2022-04-23,18,Playboy,Corona,18,5,7
2022-04-23,19,Verna,Devito,8,8,2
2022-04-23,20,Ponoc,Zeljko Joksimovic Featuring Aco Povic & Suzana Brankovic,21,10,10
2022-04-23,21,Gluh I Nijem,Buba Corelli,19,12,10
2022-04-23,22,CC #2,Crni Cerak,20,19,8
2022-04-23,23,Luda,Lacku,16,10,6
2022-04-23,24,Seceru,Milica Pavlovic & Albino,-,24,1
2022-04-23,25,Posesivna Bivsa,Milica Pavlovic,-,25,1
2022-04-30,1,Nyokosuzi,Inas,1,1,5
2022-04-30,2,Crno Oko,Nucci,3,1,6
2022-04-30,3,Roze,"Jala Brat , Devito & Buba Corell",4,2,11
2022-04-30,4,Criminal,Jala Brat X Buba Corelli X RAF Camora,2,1,4
2022-04-30,5,As It Was,Harry Styles,5,3,3
2022-04-30,6,Seceru,Milica Pavlovic & Albino,24,6,2
2022-04-30,7,Behute,Senidah,7,1,11
2022-04-30,8,Trebas Li Me,Eni Jurisic & Matija Cvek,8,3,11
2022-04-30,9,Irina Shayk,Buba Corelli,10,4,11
2022-04-30,10,Divljam,"Buba Corelli, Jala Brat & COBY",12,6,11
2022-04-30,11,Detinjstvo,Voyage,9,9,4
2022-04-30,12,Losa,Breskvica,11,11,2
2022-04-30,13,Provereno,Milica Pavlovic,-,13,1
2022-04-30,14,Playboy,Corona,18,5,8
2022-04-30,15,Mamba,Grse,13,8,6
2022-04-30,16,Ponoc,Zeljko Joksimovic Featuring Aco Povic & Suzana Brankovic,20,10,11
2022-04-30,17,Heat Waves,Glass Animals,16,10,11
2022-04-30,18,Gluh I Nijem,Buba Corelli,21,12,11
2022-04-30,19,Vrati Me U Geto,Rasta,6,6,2
2022-04-30,20,Highlife,Grse,17,15,11
2022-04-30,21,Sikter,Zorana Micanovic,15,14,7
2022-04-30,22,Luda,Lacku,23,10,7
2022-04-30,23,First Class,Jack Harlow,14,14,2
2022-04-30,24,Noc,Jala Brat X Hava,-,8,10
2022-04-30,25,CC #2,Crni Cerak,22,19,9
2022-05-07,1,Nyokosuzi,Inas,1,1,6
2022-05-07,2,Omadjijala,Devito X Relja,-,2,1
2022-05-07,3,Roze,"Jala Brat , Devito & Buba Corell",3,2,12
2022-05-07,4,Crno Oko,Nucci,2,1,7
2022-05-07,5,Criminal,Jala Brat X Buba Corelli X RAF Camora,4,1,5
2022-05-07,6,As It Was,Harry Styles,5,3,4
2022-05-07,7,Seceru,Milica Pavlovic & Albino,6,6,3
2022-05-07,8,Trebas Li Me,Eni Jurisic & Matija Cvek,8,3,12
2022-05-07,9,Behute,Senidah,7,1,12
2022-05-07,10,Divljam,"Buba Corelli, Jala Brat & COBY",10,6,12
2022-05-07,11,Irina Shayk,Buba Corelli,9,4,12
2022-05-07,12,Provereno,Milica Pavlovic,13,12,2
2022-05-07,13,Jon Snow,Klinac,-,13,1
2022-05-07,14,Playboy,Corona,14,5,9
2022-05-07,15,Heat Waves,Glass Animals,17,10,12
2022-05-07,16,Losa,Breskvica,12,11,3
2022-05-07,17,Luda,Lacku,22,10,8
2022-05-07,18,Ponoc,Zeljko Joksimovic Featuring Aco Povic & Suzana Brankovic,16,10,12
2022-05-07,19,Highlife,Grse,20,15,12
2022-05-07,20,Detinjstvo,Voyage,11,9,5
2022-05-07,21,Mamba,Grse,15,8,7
2022-05-07,22,Na Jednu Noc,Tea Tairovic,-,11,10
2022-05-07,23,Gluh I Nijem,Buba Corelli,18,12,12
2022-05-07,24,Sikter,Zorana Micanovic,21,14,8
2022-05-07,25,First Class,Jack Harlow,23,14,3
2022-05-14,1,Nyokosuzi,Inas,1,1,7
2022-05-14,2,Omadjijala,Devito X Relja,2,2,2
2022-05-14,3,Roze,"Jala Brat , Devito & Buba Corell",3,2,13
2022-05-14,4,Crno Oko,Nucci,4,1,8
2022-05-14,5,Criminal,Jala Brat X Buba Corelli X RAF Camora,5,1,6
2022-05-14,6,As It Was,Harry Styles,6,3,5
2022-05-14,7,Seceru,Milica Pavlovic & Albino,7,6,4
2022-05-14,8,Trebas Li Me,Eni Jurisic & Matija Cvek,8,3,13
2022-05-14,9,Behute,Senidah,9,1,13
2022-05-14,10,Irina Shayk,Buba Corelli,11,4,13
2022-05-14,11,Divljam,"Buba Corelli, Jala Brat & COBY",10,6,13
2022-05-14,12,Provereno,Milica Pavlovic,12,12,3
2022-05-14,13,Playboy,Corona,14,5,10
2022-05-14,14,Ponoc,Zeljko Joksimovic Featuring Aco Povic & Suzana Brankovic,18,10,13
2022-05-14,15,Highlife,Grse,19,15,13
2022-05-14,16,Heat Waves,Glass Animals,15,10,13
2022-05-14,17,Na Jednu Noc,Tea Tairovic,22,11,11
2022-05-14,18,Kontroverzne,Teodora X Hurricane,-,18,1
2022-05-14,19,Gluh I Nijem,Buba Corelli,23,12,13
2022-05-14,20,Luda,Lacku,17,10,9
2022-05-14,21,Mamba,Grse,21,8,8
2022-05-14,22,Bam Bam,Camila Cabello Featuring Ed Sheeran,-,22,1
2022-05-14,23,CC #2,Crni Cerak,-,19,10
2022-05-14,24,Detinjstvo,Voyage,20,9,6
2022-05-14,25,The Motto,Tiesto & Ava Max,-,25,1
2022-05-21,1,Gad,Voyage X Nucci,-,1,1
2022-05-21,2,Omadjijala,Devito X Relja,2,2,3
2022-05-21,3,Nyokosuzi,Inas,1,1,8
2022-05-21,4,Roze,"Jala Brat , Devito & Buba Corell",3,2,14
2022-05-21,5,Crno Oko,Nucci,4,1,9
2022-05-21,6,Criminal,Jala Brat X Buba Corelli X RAF Camora,5,1,7
2022-05-21,7,As It Was,Harry Styles,6,3,6
2022-05-21,8,Seceru,Milica Pavlovic & Albino,7,6,5
2022-05-21,9,Irina Shayk,Buba Corelli,10,4,14
2022-05-21,10,Provereno,Milica Pavlovic,12,10,4
2022-05-21,11,Trebas Li Me,Eni Jurisic & Matija Cvek,8,3,14
2022-05-21,12,Behute,Senidah,9,1,14
2022-05-21,13,Divljam,"Buba Corelli, Jala Brat & COBY",11,6,14
2022-05-21,14,Moj Broj,Rasta & Zera,-,14,1
2022-05-21,15,Playboy,Corona,13,5,11
2022-05-21,16,Ponoc,Zeljko Joksimovic Featuring Aco Povic & Suzana Brankovic,14,10,14
2022-05-21,17,Highlife,Grse,15,15,14
2022-05-21,18,Gluh I Nijem,Buba Corelli,19,12,14
2022-05-21,19,Na Jednu Noc,Tea Tairovic,17,11,12
2022-05-21,20,First Class,Jack Harlow,-,14,4
2022-05-21,21,Heat Waves,Glass Animals,16,10,14
2022-05-21,22,Luda,Lacku,20,10,10
2022-05-21,23,CC #2,Crni Cerak,23,19,11
2022-05-21,24,Detinjstvo,Voyage,24,9,7
2022-05-21,25,Barabar,Donnie & Vasco,-,25,1
2022-05-28,1,Gad,Voyage X Nucci,1,1,2
2022-05-28,2,Omadjijala,Devito X Relja,2,2,4
2022-05-28,3,Nyokosuzi,Inas,3,1,9
2022-05-28,4,Roze,"Jala Brat , Devito & Buba Corell",4,2,15
2022-05-28,5,In Corpore Sano,Konstrakta,-,1,5
2022-05-28,6,Stefania,Kalush Orchestra,-,6,1
2022-05-28,7,Crno Oko,Nucci,5,1,10
2022-05-28,8,Provereno,Milica Pavlovic,10,8,5
2022-05-28,9,Criminal,Jala Brat X Buba Corelli X RAF Camora,6,1,8
2022-05-28,10,As It Was,Harry Styles,7,3,7
2022-05-28,11,Seceru,Milica Pavlovic & Albino,8,6,6
2022-05-28,12,Moj Broj,Rasta & Zera,14,12,2
2022-05-28,13,McLaren,Hiljson Mandela Featuring Rasta,-,13,1
2022-05-28,14,Gori Sve,Hiljson Mandela Featuring Palac,-,14,1
2022-05-28,15,Behute,Senidah,12,1,15
2022-05-28,16,N95,Kendrick Lamar,-,16,1
2022-05-28,17,Trebas Li Me,Eni Jurisic & Matija Cvek,11,3,15
2022-05-28,18,Irina Shayk,Buba Corelli,9,4,15
2022-05-28,19,Paralele,Corona,-,19,1
2022-05-28,20,Supermodel,Maneskin,-,20,1
2022-05-28,21,Playboy,Corona,15,5,12
2022-05-28,22,Highlife,Grse,17,15,15
2022-05-28,23,Lova,Hiljson Mandela,-,23,1
2022-05-28,24,SloMo,Chanel,-,24,1
2022-05-28,25,Ponoc,Zeljko Joksimovic Featuring Aco Povic & Suzana Brankovic,16,10,15
2022-06-04,1,Gad,Voyage X Nucci,1,1,3
2022-06-04,2,Omadjijala,Devito X Relja,2,2,5
2022-06-04,3,Nyokosuzi,Inas,3,1,10
2022-06-04,4,As It Was,Harry Styles,10,3,8
2022-06-04,5,Roze,"Jala Brat , Devito & Buba Corell",4,2,16
2022-06-04,6,Crno Oko,Nucci,7,1,11
2022-06-04,7,Dva I Dva,Tea Tairovic,-,7,1
2022-06-04,8,Provereno,Milica Pavlovic,8,8,6
2022-06-04,9,Seceru,Milica Pavlovic & Albino,11,6,7
2022-06-04,10,Late Night Talking,Harry Styles,-,10,1
2022-06-04,11,Criminal,Jala Brat X Buba Corelli X RAF Camora,9,1,9
2022-06-04,12,Matilda,Harry Styles,-,12,1
2022-06-04,13,Behute,Senidah,15,1,16
2022-06-04,14,Trebas Li Me,Eni Jurisic & Matija Cvek,17,3,16
2022-06-04,15,Irina Shayk,Buba Corelli,18,4,16
2022-06-04,16,Little Freak,Harry Styles,-,16,1
2022-06-04,17,Music For A Sushi Restaurant,Harry Styles,-,17,1
2022-06-04,18,McLaren,Hiljson Mandela Featuring Rasta,13,13,2
2022-06-04,19,Zvoni Zvoni,Seksi X Inas,-,19,1
2022-06-04,20,Moj Broj,Rasta & Zera,12,12,3
2022-06-04,21,Playboy,Corona,21,5,13
2022-06-04,22,Grapejuice,Harry Styles,-,22,1
2022-06-04,23,Daylight,Harry Styles,-,23,1
2022-06-04,24,Highlife,Grse,22,15,16
2022-06-04,25,Gori Sve,Hiljson Mandela Featuring Palac,14,14,2
2022-06-11,1,Gad,Voyage X Nucci,1,1,4
2022-06-11,2,Bebo III,Nucci,-,2,1
2022-06-11,3,Omadjijala,Devito X Relja,2,2,6
2022-06-11,4,Nyokosuzi,Inas,3,1,11
2022-06-11,5,Roze,"Jala Brat , Devito & Buba Corell",5,2,17
2022-06-11,6,As It Was,Harry Styles,4,3,9
2022-06-11,7,Dva I Dva,Tea Tairovic,7,7,2
2022-06-11,8,Crno Oko,Nucci,6,1,12
2022-06-11,9,Provereno,Milica Pavlovic,8,8,7
2022-06-11,10,Seceru,Milica Pavlovic & Albino,9,6,8
2022-06-11,11,Trebas Li Me,Eni Jurisic & Matija Cvek,14,3,17
2022-06-11,12,Running Up That Hill (A Deal With God),Kate Bush,-,12,1
2022-06-11,13,Criminal,Jala Brat X Buba Corelli X RAF Camora,11,1,10
2022-06-11,14,McLaren,Hiljson Mandela Featuring Rasta,18,13,3
2022-06-11,15,Behute,Senidah,13,1,17
2022-06-11,16,Irina Shayk,Buba Corelli,15,4,17
2022-06-11,17,Gori Sve,Hiljson Mandela Featuring Palac,25,14,3
2022-06-11,18,Dubai,Tea Tairovic,-,18,1
2022-06-11,19,Moj Broj,Rasta & Zera,20,12,4
2022-06-11,20,Jos Ovu Noc,Hiljson Mandela Featuring z+ +,-,20,1
2022-06-11,21,Cura S Kvarta,Hiljson Mandela,-,21,1
2022-06-11,22,Highlife,Grse,24,15,17
2022-06-11,23,Marina,Devito,-,23,1
2022-06-11,24,Nece K***c,Hiljson Mandela Featuring Grse,-,24,1
2022-06-11,25,Playboy,Corona,21,5,14
2022-06-18,1,Gad,Voyage X Nucci,1,1,5
2022-06-18,2,Bebo III,Nucci,2,2,2
2022-06-18,3,Omadjijala,Devito X Relja,3,2,7
2022-06-18,4,Running Up That Hill (A Deal With God),Kate Bush,12,4,2
2022-06-18,5,Stikla,Edita,-,5,1
2022-06-18,6,Nyokosuzi,Inas,4,1,12
2022-06-18,7,As It Was,Harry Styles,6,3,10
2022-06-18,8,Roze,"Jala Brat , Devito & Buba Corell",5,2,18
2022-06-18,9,Provereno,Milica Pavlovic,9,8,8
2022-06-18,10,Sta Sta Sta?,Mahrina,-,10,1
2022-06-18,11,Seceru,Milica Pavlovic & Albino,10,6,9
2022-06-18,12,Crno Oko,Nucci,8,1,13
2022-06-18,13,Dva I Dva,Tea Tairovic,7,7,3
2022-06-18,14,Trebas Li Me,Eni Jurisic & Matija Cvek,11,3,18
2022-06-18,15,Behute,Senidah,15,1,18
2022-06-18,16,Criminal,Jala Brat X Buba Corelli X RAF Camora,13,1,11
2022-06-18,17,Dubai,Tea Tairovic,18,17,2
2022-06-18,18,Irina Shayk,Buba Corelli,16,4,18
2022-06-18,19,Marina,Devito,23,19,2
2022-06-18,20,McLaren,Hiljson Mandela Featuring Rasta,14,13,4
2022-06-18,21,Heat Waves,Glass Animals,-,10,15
2022-06-18,22,Pare Pare,Lacku X Seksi,-,22,3
2022-06-18,23,Highlife,Grse,22,15,18
2022-06-18,24,Nece K***c,Hiljson Mandela Featuring Grse,24,24,2
2022-06-18,25,Moj Broj,Rasta & Zera,19,12,5
2022-06-25,1,Tango,Voyage,-,1,1
2022-06-25,2,Gad,Voyage X Nucci,1,1,6
2022-06-25,3,Omadjijala,Devito X Relja,3,2,8
2022-06-25,4,Provereno,Milica Pavlovic,9,4,9
2022-06-25,5,Bebo III,Nucci,2,2,3
2022-06-25,6,Stikla,Edita,5,5,2
2022-06-25,7,Running Up That Hill (A Deal With God),Kate Bush,4,4,3
2022-06-25,8,Roze,"Jala Brat , Devito & Buba Corell",8,2,19
2022-06-25,9,Nyokosuzi,Inas,6,1,13
2022-06-25,10,As It Was,Harry Styles,7,3,11
2022-06-25,11,Sta Sta Sta?,Mahrina,10,10,2
2022-06-25,12,Seceru,Milica Pavlovic & Albino,11,6,10
2022-06-25,13,Crno Oko,Nucci,12,1,14
2022-06-25,14,Trebas Li Me,Eni Jurisic & Matija Cvek,14,3,19
2022-06-25,15,Pare Pare,Lacku X Seksi,22,15,4
2022-06-25,16,Dva I Dva,Tea Tairovic,13,7,4
2022-06-25,17,Behute,Senidah,15,1,19
2022-06-25,18,Irina Shayk,Buba Corelli,18,4,19
2022-06-25,19,Highlife,Grse,23,15,19
2022-06-25,20,Criminal,Jala Brat X Buba Corelli X RAF Camora,16,1,12
2022-06-25,21,McLaren,Hiljson Mandela Featuring Rasta,20,13,5
2022-06-25,22,Glimpse Of Us,Joji,-,22,1
2022-06-25,23,Heat Waves,Glass Animals,21,10,16
2022-06-25,24,U Srce Pucaj,Kali X Corona,-,24,1
2022-06-25,25,Dubai,Tea Tairovic,17,17,3
2022-07-02,1,Tango,Voyage,1,1,2
2022-07-02,2,Gad,Voyage X Nucci,2,1,7
2022-07-02,3,Provereno,Milica Pavlovic,4,3,10
2022-07-02,4,Skankovi Hibridi,Nucci x Seksi x Biba,-,4,1
2022-07-02,5,Omadjijala,Devito X Relja,3,2,9
2022-07-02,6,Bebo III,Nucci,5,2,4
2022-07-02,7,Seceru,Milica Pavlovic & Albino,12,6,11
2022-07-02,8,Stikla,Edita,6,5,3
2022-07-02,9,Roze,"Jala Brat , Devito & Buba Corell",8,2,20
2022-07-02,10,As It Was,Harry Styles,10,3,12
2022-07-02,11,Nyokosuzi,Inas,9,1,14
2022-07-02,12,McLaren,Hiljson Mandela Featuring Rasta,21,12,6
2022-07-02,13,Running Up That Hill (A Deal With God),Kate Bush,7,4,4
2022-07-02,14,Pare Pare,Lacku X Seksi,15,14,5
2022-07-02,15,Glimpse Of Us,Joji,22,15,2
2022-07-02,16,Sta Sta Sta?,Mahrina,11,10,3
2022-07-02,17,Crno Oko,Nucci,13,1,15
2022-07-02,18,Lagana,Amna,-,18,1
2022-07-02,19,Irina Shayk,Buba Corelli,18,4,20
2022-07-02,20,Behute,Senidah,17,1,20
2022-07-02,21,Trebas Li Me,Eni Jurisic & Matija Cvek,14,3,20
2022-07-02,22,Highlife,Grse,19,15,20
2022-07-02,23,Heat Waves,Glass Animals,23,10,17
2022-07-02,24,Dva I Dva,Tea Tairovic,16,7,5
2022-07-02,25,Criminal,Jala Brat X Buba Corelli X RAF Camora,20,1,13
2022-07-09,1,Provereno,Milica Pavlovic,3,1,11
2022-07-09,2,Tango,Voyage,1,1,3
2022-07-09,3,Gad,Voyage X Nucci,2,1,8
2022-07-09,4,Omadjijala,Devito X Relja,5,2,10
2022-07-09,5,Seceru,Milica Pavlovic & Albino,7,5,12
2022-07-09,6,Bebo III,Nucci,6,2,5
2022-07-09,7,Roze,"Jala Brat , Devito & Buba Corell",9,2,21
2022-07-09,8,As It Was,Harry Styles,10,3,13
2022-07-09,9,Nyokosuzi,Inas,11,1,15
2022-07-09,10,Running Up That Hill (A Deal With God),Kate Bush,13,4,5
2022-07-09,11,Skankovi Hibridi,Nucci x Seksi x Biba,4,4,2
2022-07-09,12,Stikla,Edita,8,5,4
2022-07-09,13,Lagana,Amna,18,13,2
2022-07-09,14,Pare Pare,Lacku X Seksi,14,14,6
2022-07-09,15,Bog & Batina,Maus Maki,-,15,1
2022-07-09,16,Crno Oko,Nucci,17,1,16
2022-07-09,17,McLaren,Hiljson Mandela Featuring Rasta,12,12,7
2022-07-09,18,Sta Sta Sta?,Mahrina,16,10,4
2022-07-09,19,Glimpse Of Us,Joji,15,15,3
2022-07-09,20,Heat Waves,Glass Animals,23,10,18
2022-07-09,21,Irina Shayk,Buba Corelli,19,4,21
2022-07-09,22,Highlife,Grse,22,15,21
2022-07-09,23,Trebas Li Me,Eni Jurisic & Matija Cvek,21,3,21
2022-07-09,24,Break My Soul,Beyonce,-,24,1
2022-07-09,25,Behute,Senidah,20,1,21
2022-07-16,1,Provereno,Milica Pavlovic,1,1,12
2022-07-16,2,Gad,Voyage X Nucci,3,1,9
2022-07-16,3,Tango,Voyage,2,1,4
2022-07-16,4,Omadjijala,Devito X Relja,4,2,11
2022-07-16,5,Running Up That Hill (A Deal With God),Kate Bush,10,4,6
2022-07-16,6,Seceru,Milica Pavlovic & Albino,5,5,13
2022-07-16,7,As It Was,Harry Styles,8,3,14
2022-07-16,8,Martini,Henny,-,8,1
2022-07-16,9,Bebo III,Nucci,6,2,6
2022-07-16,10,Sabotiram,Aleksandra Prijovic,-,10,1
2022-07-16,11,Roze,"Jala Brat , Devito & Buba Corell",7,2,22
2022-07-16,12,Bog & Batina,Maus Maki,15,12,2
2022-07-16,13,Nyokosuzi,Inas,9,1,16
2022-07-16,14,Lagana,Amna,13,13,3
2022-07-16,15,Lutka,Breskvica,-,15,1
2022-07-16,16,Heat Waves,Glass Animals,20,10,19
2022-07-16,17,Stikla,Edita,12,5,5
2022-07-16,18,Pare Pare,Lacku X Seksi,14,14,7
2022-07-16,19,Ferrari,James Hype & Miggy Dela Rosa,-,19,1
2022-07-16,20,Marina,Devito,-,19,3
2022-07-16,21,Glimpse Of Us,Joji,19,15,4
2022-07-16,22,Crno Oko,Nucci,16,1,17
2022-07-16,23,Sta Sta Sta?,Mahrina,18,10,5
2022-07-16,24,Skankovi Hibridi,Nucci x Seksi x Biba,11,4,3
2022-07-16,25,Irina Shayk,Buba Corelli,21,4,22
2022-07-23,1,Martini,Henny,8,1,2
2022-07-23,2,Provereno,Milica Pavlovic,1,1,13
2022-07-23,3,Tango,Voyage,3,1,5
2022-07-23,4,Gad,Voyage X Nucci,2,1,10
2022-07-23,5,Running Up That Hill (A Deal With God),Kate Bush,5,4,7
2022-07-23,6,Lutka,Breskvica,15,6,2
2022-07-23,7,As It Was,Harry Styles,7,3,15
2022-07-23,8,Omadjijala,Devito X Relja,4,2,12
2022-07-23,9,Seceru,Milica Pavlovic & Albino,6,5,14
2022-07-23,10,Bebo III,Nucci,9,2,7
2022-07-23,11,Roze,"Jala Brat , Devito & Buba Corell",11,2,23
2022-07-23,12,Ferrari,James Hype & Miggy Dela Rosa,19,12,2
2022-07-23,13,Bog & Batina,Maus Maki,12,12,3
2022-07-23,14,Pop Ikona,Corona,-,14,1
2022-07-23,15,Evo Me Opet,Vojko V,-,15,1
2022-07-23,16,Heat Waves,Glass Animals,16,10,20
2022-07-23,17,Nyokosuzi,Inas,13,1,17
2022-07-23,18,Lagana,Amna,14,13,4
2022-07-23,19,Sabotiram,Aleksandra Prijovic,10,10,2
2022-07-23,20,Marina,Devito,20,19,4
2022-07-23,21,Stikla,Edita,17,5,6
2022-07-23,22,Javno Mesto,Aleksandra Prijovic,-,22,1
2022-07-23,23,Pepas,Farruko,-,23,1
2022-07-23,24,Pare Pare,Lacku X Seksi,18,14,8
2022-07-23,25,Glimpse Of Us,Joji,21,15,5
2022-07-30,1,Martini,Henny,1,1,3
2022-07-30,2,Tango,Voyage,3,1,6
2022-07-30,3,Provereno,Milica Pavlovic,2,1,14
2022-07-30,4,Gad,Voyage X Nucci,4,1,11
2022-07-30,5,Pop Ikona,Corona,14,5,2
2022-07-30,6,As It Was,Harry Styles,7,3,16
2022-07-30,7,Omadjijala,Devito X Relja,8,2,13
2022-07-30,8,Running Up That Hill (A Deal With God),Kate Bush,5,4,8
2022-07-30,9,Seceru,Milica Pavlovic & Albino,9,5,15
2022-07-30,10,Ja Sam Odlicno,Aleksandra Prijovic,-,10,1
2022-07-30,11,Stikle Na Noge,Djexon,-,11,1
2022-07-30,12,Mars,Aleksandra Prijovic,-,12,1
2022-07-30,13,Ferrari,James Hype & Miggy Dela Rosa,12,12,3
2022-07-30,14,Lutka,Breskvica,6,6,3
2022-07-30,15,Bog & Batina,Maus Maki,13,12,4
2022-07-30,16,Bebo III,Nucci,10,2,8
2022-07-30,17,Roze,"Jala Brat , Devito & Buba Corell",11,2,24
2022-07-30,18,Heat Waves,Glass Animals,16,10,21
2022-07-30,19,Nyokosuzi,Inas,17,1,18
2022-07-30,20,Zovite Doktore,Relja & Nucci,-,20,1
2022-07-30,21,Where Are You Now,Lost Frequencies & Calum Scott,-,21,1
2022-07-30,22,Pepas,Farruko,23,22,2
2022-07-30,23,Marina,Devito,20,19,5
2022-07-30,24,Aurora,Nikolija & Amna,-,24,1
2022-07-30,25,Cold Heart (PNAU Remix),Elton John & Dua Lipa,-,25,1
2022-08-06,1,Martini,Henny,1,1,4
2022-08-06,2,Tango,Voyage,2,1,7
2022-08-06,3,Gad,Voyage X Nucci,4,1,12
2022-08-06,4,Provereno,Milica Pavlovic,3,1,15
2022-08-06,5,Pop Ikona,Corona,5,5,3
2022-08-06,6,Stikle Na Noge,Djexon,11,6,2
2022-08-06,7,CC #3,Crni Cerak,-,7,1
2022-08-06,8,Zovite Doktore,Relja & Nucci,20,8,2
2022-08-06,9,As It Was,Harry Styles,6,3,17
2022-08-06,10,Omadjijala,Devito X Relja,7,2,14
2022-08-06,11,Ferrari,James Hype & Miggy Dela Rosa,13,11,4
2022-08-06,12,Seceru,Milica Pavlovic & Albino,9,5,16
2022-08-06,13,Running Up That Hill (A Deal With God),Kate Bush,8,4,9
2022-08-06,14,Ja Sam Odlicno,Aleksandra Prijovic,10,10,2
2022-08-06,15,Roze,"Jala Brat , Devito & Buba Corell",17,2,25
2022-08-06,16,Mars,Aleksandra Prijovic,12,12,2
2022-08-06,17,Bebo III,Nucci,16,2,9
2022-08-06,18,Doja,Central Cee,-,18,1
2022-08-06,19,Heat Waves,Glass Animals,18,10,22
2022-08-06,20,Bog & Batina,Maus Maki,15,12,5
2022-08-06,21,Pepas,Farruko,22,21,3
2022-08-06,22,Nyokosuzi,Inas,19,1,19
2022-08-06,23,Lutka,Breskvica,14,6,4
2022-08-06,24,Where Are You Now,Lost Frequencies & Calum Scott,21,21,2
2022-08-06,25,Sabotiram,Aleksandra Prijovic,-,10,3
2022-08-13,1,Martini,Henny,1,1,5
2022-08-13,2,CC #3,Crni Cerak,7,2,2
2022-08-13,3,Tango,Voyage,2,1,8
2022-08-13,4,Gad,Voyage X Nucci,3,1,13
2022-08-13,5,Provereno,Milica Pavlovic,4,1,16
2022-08-13,6,Ferrari,James Hype & Miggy Dela Rosa,11,6,5
2022-08-13,7,Stikle Na Noge,Djexon,6,6,3
2022-08-13,8,Omadjijala,Devito X Relja,10,2,15
2022-08-13,9,As It Was,Harry Styles,9,3,18
2022-08-13,10,Pop Ikona,Corona,5,5,4
2022-08-13,11,Seceru,Milica Pavlovic & Albino,12,5,17
2022-08-13,12,Zovite Doktore,Relja & Nucci,8,8,3
2022-08-13,13,Running Up That Hill (A Deal With God),Kate Bush,13,4,10
2022-08-13,14,Roze,"Jala Brat , Devito & Buba Corell",15,2,26
2022-08-13,15,Ja Sam Odlicno,Aleksandra Prijovic,14,10,3
2022-08-13,16,Heat Waves,Glass Animals,19,10,23
2022-08-13,17,Mars,Aleksandra Prijovic,16,12,3
2022-08-13,18,Doja,Central Cee,18,18,2
2022-08-13,19,Bebo III,Nucci,17,2,10
2022-08-13,20,Bog & Batina,Maus Maki,20,12,6
2022-08-13,21,Pepas,Farruko,21,21,4
2022-08-13,22,Snap,Rosa Linn,-,22,1
2022-08-13,23,Nyokosuzi,Inas,22,1,20
2022-08-13,24,Break My Soul,Beyonce,-,24,2
2022-08-13,25,Where Are You Now,Lost Frequencies & Calum Scott,24,21,3
2022-08-20,1,Warsaw,Jala Brat X Buba Corelli,-,1,1
2022-08-20,2,Martini,Henny,1,1,6
2022-08-20,3,CC #3,Crni Cerak,2,2,3
2022-08-20,4,Tango,Voyage,3,1,9
2022-08-20,5,Gad,Voyage X Nucci,4,1,14
2022-08-20,6,Ferrari,James Hype & Miggy Dela Rosa,6,6,6
2022-08-20,7,Provereno,Milica Pavlovic,5,1,17
2022-08-20,8,Omadjijala,Devito X Relja,8,2,16
2022-08-20,9,Stikle Na Noge,Djexon,7,6,4
2022-08-20,10,As It Was,Harry Styles,9,3,19
2022-08-20,11,Zovite Doktore,Relja & Nucci,12,8,4
2022-08-20,12,Seceru,Milica Pavlovic & Albino,11,5,18
2022-08-20,13,Coco,Jala Brat X Buba Corelli,-,13,1
2022-08-20,14,Pop Ikona,Corona,10,5,5
2022-08-20,15,Roze,"Jala Brat , Devito & Buba Corell",14,2,27
2022-08-20,16,Running Up That Hill (A Deal With God),Kate Bush,13,4,11
2022-08-20,17,Pare Pare,Lacku X Seksi,-,14,9
2022-08-20,18,Heat Waves,Glass Animals,16,10,24
2022-08-20,19,Ja Sam Odlicno,Aleksandra Prijovic,15,10,4
2022-08-20,20,Nyokosuzi,Inas,23,1,21
2022-08-20,21,Bog & Batina,Maus Maki,20,12,7
2022-08-20,22,Snap,Rosa Linn,22,22,2
2022-08-20,23,Pepas,Farruko,21,21,5
2022-08-20,24,Mars,Aleksandra Prijovic,17,12,4
2022-08-20,25,Bebo III,Nucci,19,2,11
2022-08-27,1,Coco,Jala Brat X Buba Corelli,13,1,2
2022-08-27,2,Martini,Henny,2,1,7
2022-08-27,3,CC #3,Crni Cerak,3,2,4
2022-08-27,4,Warsaw,Jala Brat X Buba Corelli,1,1,2
2022-08-27,5,Ferrari,James Hype & Miggy Dela Rosa,6,5,7
2022-08-27,6,Tango,Voyage,4,1,10
2022-08-27,7,Provereno,Milica Pavlovic,7,1,18
2022-08-27,8,Gad,Voyage X Nucci,5,1,15
2022-08-27,9,Omadjijala,Devito X Relja,8,2,17
2022-08-27,10,Stikle Na Noge,Djexon,9,6,5
2022-08-27,11,Zovite Doktore,Relja & Nucci,11,8,5
2022-08-27,12,"Haos, Lom",Relja Torinno & Popovska,-,12,1
2022-08-27,13,As It Was,Harry Styles,10,3,20
2022-08-27,14,Seceru,Milica Pavlovic & Albino,12,5,19
2022-08-27,15,Pop Ikona,Corona,14,5,6
2022-08-27,16,Roze,"Jala Brat , Devito & Buba Corell",15,2,28
2022-08-27,17,Running Up That Hill (A Deal With God),Kate Bush,16,4,12
2022-08-27,18,Pare Pare,Lacku X Seksi,17,14,10
2022-08-27,19,Ja Sam Odlicno,Aleksandra Prijovic,19,10,5
2022-08-27,20,Nyokosuzi,Inas,20,1,22
2022-08-27,21,Heat Waves,Glass Animals,18,10,25
2022-08-27,22,Bog & Batina,Maus Maki,21,12,8
2022-08-27,23,Pepas,Farruko,23,21,6
2022-08-27,24,Mars,Aleksandra Prijovic,24,12,5
2022-08-27,25,Bebo III,Nucci,25,2,12
2022-09-03,1,Coco,Jala Brat X Buba Corelli,1,1,3
2022-09-03,2,Martini,Henny,2,1,8
2022-09-03,3,CC #3,Crni Cerak,3,2,5
2022-09-03,4,Ferrari,James Hype & Miggy Dela Rosa,5,4,8
2022-09-03,5,Warsaw,Jala Brat X Buba Corelli,4,1,3
2022-09-03,6,Tango,Voyage,6,1,11
2022-09-03,7,Gad,Voyage X Nucci,8,1,16
2022-09-03,8,Provereno,Milica Pavlovic,7,1,19
2022-09-03,9,Omadjijala,Devito X Relja,9,2,18
2022-09-03,10,Pink Venom,BLACKPINK,-,10,1
2022-09-03,11,Stikle Na Noge,Djexon,10,6,6
2022-09-03,12,Zovite Doktore,Relja & Nucci,11,8,6
2022-09-03,13,"Haos, Lom",Relja Torinno & Popovska,12,12,2
2022-09-03,14,As It Was,Harry Styles,13,3,21
2022-09-03,15,Seceru,Milica Pavlovic & Albino,14,5,20
2022-09-03,16,Roze,"Jala Brat , Devito & Buba Corell",16,2,29
2022-09-03,17,Pop Ikona,Corona,15,5,7
2022-09-03,18,Another Love,Tom Odell,-,18,1
2022-09-03,19,Ja Sam Odlicno,Aleksandra Prijovic,19,10,6
2022-09-03,20,Pare Pare,Lacku X Seksi,18,14,11
2022-09-03,21,Heat Waves,Glass Animals,21,10,26
2022-09-03,22,Mars,Aleksandra Prijovic,24,12,6
2022-09-03,23,Bog & Batina,Maus Maki,22,12,9
2022-09-03,24,Running Up That Hill (A Deal With God),Kate Bush,17,4,13
2022-09-03,25,Nyokosuzi,Inas,20,1,23
2022-09-10,1,Coco,Jala Brat X Buba Corelli,1,1,4
2022-09-10,2,CC #3,Crni Cerak,3,2,6
2022-09-10,3,Martini,Henny,2,1,9
2022-09-10,4,Provereno,Milica Pavlovic,8,1,20
2022-09-10,5,Gad,Voyage X Nucci,7,1,17
2022-09-10,6,Omadjijala,Devito X Relja,9,2,19
2022-09-10,7,Tango,Voyage,6,1,12
2022-09-10,8,"Haos, Lom",Relja Torinno & Popovska,13,8,3
2022-09-10,9,Ferrari,James Hype & Miggy Dela Rosa,4,4,9
2022-09-10,10,Nekada I Sad,Zeljko Samardzic & Sasa Matic,-,10,1
2022-09-10,11,Zovite Doktore,Relja & Nucci,12,8,7
2022-09-10,12,Warsaw,Jala Brat X Buba Corelli,5,1,4
2022-09-10,13,Baraba,Zera,-,13,1
2022-09-10,14,Stikle Na Noge,Djexon,11,6,7
2022-09-10,15,As It Was,Harry Styles,14,3,22
2022-09-10,16,Seceru,Milica Pavlovic & Albino,15,5,21
2022-09-10,17,Roze,"Jala Brat , Devito & Buba Corell",16,2,30
2022-09-10,18,Pare Pare,Lacku X Seksi,20,14,12
2022-09-10,19,Another Love,Tom Odell,18,18,2
2022-09-10,20,Pop Ikona,Corona,17,5,8
2022-09-10,21,Ja Sam Odlicno,Aleksandra Prijovic,19,10,7
2022-09-10,22,Bog & Batina,Maus Maki,23,12,10
2022-09-10,23,Mars,Aleksandra Prijovic,22,12,7
2022-09-10,24,Nyokosuzi,Inas,25,1,24
2022-09-10,25,Marina,Devito,-,19,6
2022-09-17,1,Coco,Jala Brat X Buba Corelli,1,1,5
2022-09-17,2,CC #3,Crni Cerak,2,2,7
2022-09-17,3,Martini,Henny,3,1,10
2022-09-17,4,Nekada I Sad,Zeljko Samardzic & Sasa Matic,10,4,2
2022-09-17,5,Provereno,Milica Pavlovic,4,1,21
2022-09-17,6,"Haos, Lom",Relja Torinno & Popovska,8,6,4
2022-09-17,7,Baraba,Zera,13,7,2
2022-09-17,8,Gad,Voyage X Nucci,5,1,18
2022-09-17,9,Omadjijala,Devito X Relja,6,2,20
2022-09-17,10,Tango,Voyage,7,1,13
2022-09-17,11,Ferrari,James Hype & Miggy Dela Rosa,9,4,10
2022-09-17,12,Zovite Doktore,Relja & Nucci,11,8,8
2022-09-17,13,Stikle Na Noge,Djexon,14,6,8
2022-09-17,14,Warsaw,Jala Brat X Buba Corelli,12,1,5
2022-09-17,15,Karneval,Sajfer,-,15,1
2022-09-17,16,Seceru,Milica Pavlovic & Albino,16,5,22
2022-09-17,17,I'm Good (Blue),David Guetta & Bebe Rexha,-,17,1
2022-09-17,18,As It Was,Harry Styles,15,3,23
2022-09-17,19,Pare Pare,Lacku X Seksi,18,14,13
2022-09-17,20,Roze,"Jala Brat , Devito & Buba Corell",17,2,31
2022-09-17,21,Ja Sam Odlicno,Aleksandra Prijovic,21,10,8
2022-09-17,22,Pop Ikona,Corona,20,5,9
2022-09-17,23,Nyokosuzi,Inas,24,1,25
2022-09-17,24,Havana,Alen Sakic X MILI,-,24,1
2022-09-17,25,Marina,Devito,25,19,7
2022-09-24,1,Coco,Jala Brat X Buba Corelli,1,1,6
2022-09-24,2,CC #3,Crni Cerak,2,2,8
2022-09-24,3,LaMelo,Jala Brat X Buba Corelli,-,3,1
2022-09-24,4,Martini,Henny,3,1,11
2022-09-24,5,Baraba,Zera,7,5,3
2022-09-24,6,Karneval,Sajfer,15,6,2
2022-09-24,7,Provereno,Milica Pavlovic,5,1,22
2022-09-24,8,"Haos, Lom",Relja Torinno & Popovska,6,6,5
2022-09-24,9,Nekada I Sad,Zeljko Samardzic & Sasa Matic,4,4,3
2022-09-24,10,Gad,Voyage X Nucci,8,1,19
2022-09-24,11,Ponoc,Zeljko Joksimovic Featuring Aco Povic & Suzana Brankovic,-,10,16
2022-09-24,12,Omadjijala,Devito X Relja,9,2,21
2022-09-24,13,Tango,Voyage,10,1,14
2022-09-24,14,I'm Good (Blue),David Guetta & Bebe Rexha,17,14,2
2022-09-24,15,Zovite Doktore,Relja & Nucci,12,8,9
2022-09-24,16,Ferrari,James Hype & Miggy Dela Rosa,11,4,11
2022-09-24,17,Stikle Na Noge,Djexon,13,6,9
2022-09-24,18,Havana,Alen Sakic X MILI,24,18,2
2022-09-24,19,Warsaw,Jala Brat X Buba Corelli,14,1,6
2022-09-24,20,Seceru,Milica Pavlovic & Albino,16,5,23
2022-09-24,21,Roze,"Jala Brat , Devito & Buba Corell",20,2,32
2022-09-24,22,Pare Pare,Lacku X Seksi,19,14,14
2022-09-24,23,Ja Sam Odlicno,Aleksandra Prijovic,21,10,9
2022-09-24,24,As It Was,Harry Styles,18,3,24
2022-09-24,25,Za Ljiljanu,Toma Zdravkovic,-,25,1
2022-10-01,1,LaMelo,Jala Brat X Buba Corelli,3,1,2
2022-10-01,2,CC #3,Crni Cerak,2,2,9
2022-10-01,3,Coco,Jala Brat X Buba Corelli,1,1,7
2022-10-01,4,Gigi,Inas,-,4,1
2022-10-01,5,Martini,Henny,4,1,12
2022-10-01,6,Karneval,Sajfer,6,6,3
2022-10-01,7,Baraba,Zera,5,5,4
2022-10-01,8,"Haos, Lom",Relja Torinno & Popovska,8,6,6
2022-10-01,9,Gad,Voyage X Nucci,10,1,20
2022-10-01,10,Provereno,Milica Pavlovic,7,1,23
2022-10-01,11,Omadjijala,Devito X Relja,12,2,22
2022-10-01,12,I'm Good (Blue),David Guetta & Bebe Rexha,14,12,3
2022-10-01,13,Havana,Alen Sakic X MILI,18,13,3
2022-10-01,14,Tango,Voyage,13,1,15
2022-10-01,15,Nekada I Sad,Zeljko Samardzic & Sasa Matic,9,4,4
2022-10-01,16,Zovite Doktore,Relja & Nucci,15,8,10
2022-10-01,17,Ponoc,Zeljko Joksimovic Featuring Aco Povic & Suzana Brankovic,11,10,17
2022-10-01,18,Stikle Na Noge,Djexon,17,6,10
2022-10-01,19,Roze,"Jala Brat , Devito & Buba Corell",21,2,33
2022-10-01,20,Shut Down,BLACKPINK,-,20,1
2022-10-01,21,Warsaw,Jala Brat X Buba Corelli,19,1,7
2022-10-01,22,Seceru,Milica Pavlovic & Albino,20,5,24
2022-10-01,23,Ferrari,James Hype & Miggy Dela Rosa,16,4,12
2022-10-01,24,Pare Pare,Lacku X Seksi,22,14,15
2022-10-01,25,Ja Sam Odlicno,Aleksandra Prijovic,23,10,10
2022-10-08,1,Omadjijan,Sanja Vucic,-,1,1
2022-10-08,2,Karneval,Sajfer,6,2,4
2022-10-08,3,LaMelo,Jala Brat X Buba Corelli,1,1,3
2022-10-08,4,CC #3,Crni Cerak,2,2,10
2022-10-08,5,Coco,Jala Brat X Buba Corelli,3,1,8
2022-10-08,6,Unholy,Sam Smith & Kim Petras,-,6,1
2022-10-08,7,Martini,Henny,5,1,13
2022-10-08,8,Baraba,Zera,7,5,5
2022-10-08,9,Gigi,Inas,4,4,2
2022-10-08,10,"Haos, Lom",Relja Torinno & Popovska,8,6,7
2022-10-08,11,I'm Good (Blue),David Guetta & Bebe Rexha,12,11,4
2022-10-08,12,Omadjijala,Devito X Relja,11,2,23
2022-10-08,13,Provereno,Milica Pavlovic,10,1,24
2022-10-08,14,Gad,Voyage X Nucci,9,1,21
2022-10-08,15,Havana,Alen Sakic X MILI,13,13,4
2022-10-08,16,Nekada I Sad,Zeljko Samardzic & Sasa Matic,15,4,5
2022-10-08,17,Tango,Voyage,14,1,16
2022-10-08,18,Miki Miki,Popov,-,18,1
2022-10-08,19,Zovite Doktore,Relja & Nucci,16,8,11
2022-10-08,20,Roze,"Jala Brat , Devito & Buba Corell",19,2,34
2022-10-08,21,Seceru,Milica Pavlovic & Albino,22,5,25
2022-10-08,22,Ponoc,Zeljko Joksimovic Featuring Aco Povic & Suzana Brankovic,17,10,18
2022-10-08,23,Ja Sam Odlicno,Aleksandra Prijovic,25,10,11
2022-10-08,24,Stikle Na Noge,Djexon,18,6,11
2022-10-08,25,Ferrari,James Hype & Miggy Dela Rosa,23,4,13
2022-10-15,1,Omadjijan,Sanja Vucic,1,1,2
2022-10-15,2,Karneval,Sajfer,2,2,5
2022-10-15,3,CC #3,Crni Cerak,4,2,11
2022-10-15,4,Unholy,Sam Smith & Kim Petras,6,4,2
2022-10-15,5,Coco,Jala Brat X Buba Corelli,5,1,9
2022-10-15,6,LaMelo,Jala Brat X Buba Corelli,3,1,4
2022-10-15,7,Martini,Henny,7,1,14
2022-10-15,8,Kilometri Ljubavi,Ivan Zak & Boban Rajovic,-,8,1
2022-10-15,9,Baraba,Zera,8,5,6
2022-10-15,10,I'm Good (Blue),David Guetta & Bebe Rexha,11,10,5
2022-10-15,11,"Haos, Lom",Relja Torinno & Popovska,10,6,8
2022-10-15,12,Gigi,Inas,9,4,3
2022-10-15,13,Omadjijala,Devito X Relja,12,2,24
2022-10-15,14,Nekada I Sad,Zeljko Samardzic & Sasa Matic,16,4,6
2022-10-15,15,Provereno,Milica Pavlovic,13,1,25
2022-10-15,16,Gad,Voyage X Nucci,14,1,22
2022-10-15,17,Tango,Voyage,17,1,17
2022-10-15,18,Zovite Doktore,Relja & Nucci,19,8,12
2022-10-15,19,Havana,Alen Sakic X MILI,15,13,5
2022-10-15,20,Roze,"Jala Brat , Devito & Buba Corell",20,2,35
2022-10-15,21,Miki Miki,Popov,18,18,2
2022-10-15,22,Ja Sam Odlicno,Aleksandra Prijovic,23,10,12
2022-10-15,23,Stikle Na Noge,Djexon,24,6,12
2022-10-15,24,Another Love,Tom Odell,-,18,3
2022-10-15,25,Seceru,Milica Pavlovic & Albino,21,5,26
2022-10-22,1,Karneval,Sajfer,2,1,6
2022-10-22,2,Omadjijan,Sanja Vucic,1,1,3
2022-10-22,3,CC #3,Crni Cerak,3,2,12
2022-10-22,4,Coco,Jala Brat X Buba Corelli,5,1,10
2022-10-22,5,Unholy,Sam Smith & Kim Petras,4,4,3
2022-10-22,6,LaMelo,Jala Brat X Buba Corelli,6,1,5
2022-10-22,7,Martini,Henny,7,1,15
2022-10-22,8,Baraba,Zera,9,5,7
2022-10-22,9,Kada Svane,COBY,-,9,1
2022-10-22,10,"Haos, Lom",Relja Torinno & Popovska,11,6,9
2022-10-22,11,Gigi,Inas,12,4,4
2022-10-22,12,I'm Good (Blue),David Guetta & Bebe Rexha,10,10,6
2022-10-22,13,Nekada I Sad,Zeljko Samardzic & Sasa Matic,14,4,7
2022-10-22,14,Provereno,Milica Pavlovic,15,1,26
2022-10-22,15,Gad,Voyage X Nucci,16,1,23
2022-10-22,16,Omadjijala,Devito X Relja,13,2,25
2022-10-22,17,Kilometri Ljubavi,Ivan Zak & Boban Rajovic,8,8,2
2022-10-22,18,Tango,Voyage,17,1,18
2022-10-22,19,Havana,Alen Sakic X MILI,19,13,6
2022-10-22,20,Miki Miki,Popov,21,18,3
2022-10-22,21,Roze,"Jala Brat , Devito & Buba Corell",20,2,36
2022-10-22,22,Stikle Na Noge,Djexon,23,6,13
2022-10-22,23,Zovite Doktore,Relja & Nucci,18,8,13
2022-10-22,24,Ja Sam Odlicno,Aleksandra Prijovic,22,10,13
2022-10-22,25,Seceru,Milica Pavlovic & Albino,25,5,27
2022-10-29,1,London,Voyage x Elena Kitic,-,1,1
2022-10-29,2,Omadjijan,Sanja Vucic,2,1,4
2022-10-29,3,Karneval,Sajfer,1,1,7
2022-10-29,4,CC #3,Crni Cerak,3,2,13
2022-10-29,5,Coco,Jala Brat X Buba Corelli,4,1,11
2022-10-29,6,Kada Svane,COBY,9,6,2
2022-10-29,7,Unholy,Sam Smith & Kim Petras,5,4,4
2022-10-29,8,Martini,Henny,7,1,16
2022-10-29,9,Baraba,Zera,8,5,8
2022-10-29,10,LaMelo,Jala Brat X Buba Corelli,6,1,6
2022-10-29,11,"Haos, Lom",Relja Torinno & Popovska,10,6,10
2022-10-29,12,Gigi,Inas,11,4,5
2022-10-29,13,Omadjijala,Devito X Relja,16,2,26
2022-10-29,14,Gad,Voyage X Nucci,15,1,24
2022-10-29,15,I'm Good (Blue),David Guetta & Bebe Rexha,12,10,7
2022-10-29,16,Provereno,Milica Pavlovic,14,1,27
2022-10-29,17,Tango,Voyage,18,1,19
2022-10-29,18,Miki Miki,Popov,20,18,4
2022-10-29,19,Nekada I Sad,Zeljko Samardzic & Sasa Matic,13,4,8
2022-10-29,20,Stikle Na Noge,Djexon,22,6,14
2022-10-29,21,Roze,"Jala Brat , Devito & Buba Corell",21,2,37
2022-10-29,22,Zovite Doktore,Relja & Nucci,23,8,14
2022-10-29,23,Havana,Alen Sakic X MILI,19,13,7
2022-10-29,24,Pare Pare,Lacku X Seksi,-,14,16
2022-10-29,25,Kilometri Ljubavi,Ivan Zak & Boban Rajovic,17,8,3
2022-11-05,1,London,Voyage x Elena Kitic,1,1,2
2022-11-05,2,Karneval,Sajfer,3,1,8
2022-11-05,3,Omadjijan,Sanja Vucic,2,1,5
2022-11-05,4,Sip,Grse,-,4,1
2022-11-05,5,Anti-Hero,Taylor Swift,-,5,1
2022-11-05,6,CC #3,Crni Cerak,4,2,14
2022-11-05,7,Unholy,Sam Smith & Kim Petras,7,4,5
2022-11-05,8,Coco,Jala Brat X Buba Corelli,5,1,12
2022-11-05,9,Martini,Henny,8,1,17
2022-11-05,10,Snow On The Beach,Taylor Swift Featuring Lana Del Rey,-,10,1
2022-11-05,11,Baraba,Zera,9,5,9
2022-11-05,12,Provereno,Milica Pavlovic,16,1,28
2022-11-05,13,LaMelo,Jala Brat X Buba Corelli,10,1,7
2022-11-05,14,Midnight Rain,Taylor Swift,-,14,1
2022-11-05,15,"Haos, Lom",Relja Torinno & Popovska,11,6,11
2022-11-05,16,Kada Svane,COBY,6,6,3
2022-11-05,17,Lavender Haze,Taylor Swift,-,17,1
2022-11-05,18,"You're On Your Own, Kid",Taylor Swift,-,18,1
2022-11-05,19,Maroon,Taylor Swift,-,19,1
2022-11-05,20,I'm Good (Blue),David Guetta & Bebe Rexha,15,10,8
2022-11-05,21,Bejeweled,Taylor Swift,-,21,1
2022-11-05,22,Gad,Voyage X Nucci,14,1,25
2022-11-05,23,Nekada I Sad,Zeljko Samardzic & Sasa Matic,19,4,9
2022-11-05,24,Omadjijala,Devito X Relja,13,2,27
2022-11-05,25,Gigi,Inas,12,4,6
2022-11-12,1,London,Voyage x Elena Kitic,1,1,3
2022-11-12,2,Karneval,Sajfer,2,1,9
2022-11-12,3,Omadjijan,Sanja Vucic,3,1,6
2022-11-12,4,Sip,Grse,4,4,2
2022-11-12,5,Lift Me Up,Rihanna,-,5,1
2022-11-12,6,CC #3,Crni Cerak,6,2,15
2022-11-12,7,Unholy,Sam Smith & Kim Petras,7,4,6
2022-11-12,8,Coco,Jala Brat X Buba Corelli,8,1,13
2022-11-12,9,Martini,Henny,9,1,18
2022-11-12,10,Provereno,Milica Pavlovic,12,1,29
2022-11-12,11,Anti-Hero,Taylor Swift,5,5,2
2022-11-12,12,Baraba,Zera,11,5,10
2022-11-12,13,Omadjijala,Devito X Relja,24,2,28
2022-11-12,14,"Haos, Lom",Relja Torinno & Popovska,15,6,12
2022-11-12,15,Gad,Voyage X Nucci,22,1,26
2022-11-12,16,LaMelo,Jala Brat X Buba Corelli,13,1,8
2022-11-12,17,Nekada I Sad,Zeljko Samardzic & Sasa Matic,23,4,10
2022-11-12,18,Gigi,Inas,25,4,7
2022-11-12,19,Kada Svane,COBY,16,6,4
2022-11-12,20,Tango,Voyage,-,1,20
2022-11-12,21,Zovite Doktore,Relja & Nucci,-,8,15
2022-11-12,22,Ponoc,Zeljko Joksimovic Featuring Aco Povic & Suzana Brankovic,-,10,19
2022-11-12,23,Miss You,Oliver Tree & Robin Schulz,-,23,1
2022-11-12,24,I'm Good (Blue),David Guetta & Bebe Rexha,20,10,9
2022-11-12,25,Roze,"Jala Brat , Devito & Buba Corell",-,2,38
2022-11-19,1,Karneval,Sajfer,2,1,10
2022-11-19,2,London,Voyage x Elena Kitic,1,1,4
2022-11-19,3,Sip,Grse,4,3,3
2022-11-19,4,Omadjijan,Sanja Vucic,3,1,7
2022-11-19,5,Kalasi,Zera,-,5,1
2022-11-19,6,CC #3,Crni Cerak,6,2,16
2022-11-19,7,Unholy,Sam Smith & Kim Petras,7,4,7
2022-11-19,8,Coco,Jala Brat X Buba Corelli,8,1,14
2022-11-19,9,Provereno,Milica Pavlovic,10,1,30
2022-11-19,10,Martini,Henny,9,1,19
2022-11-19,11,Baraba,Zera,12,5,11
2022-11-19,12,Dva Prsta,Senidah,-,12,1
2022-11-19,13,Rich Flex,Drake & 21 Savage,-,13,1
2022-11-19,14,"Haos, Lom",Relja Torinno & Popovska,14,6,13
2022-11-19,15,Nekada I Sad,Zeljko Samardzic & Sasa Matic,17,4,11
2022-11-19,16,LaMelo,Jala Brat X Buba Corelli,16,1,9
2022-11-19,17,I'm Good (Blue),David Guetta & Bebe Rexha,24,10,10
2022-11-19,18,Anti-Hero,Taylor Swift,11,5,3
2022-11-19,19,Omadjijala,Devito X Relja,13,2,29
2022-11-19,20,Gad,Voyage X Nucci,15,1,27
2022-11-19,21,Gigi,Inas,18,4,8
2022-11-19,22,30CC,30Zona & Crini Cerak,-,22,1
2022-11-19,23,Tango,Voyage,20,1,21
2022-11-19,24,Miss You,Oliver Tree & Robin Schulz,23,23,2
2022-11-19,25,Roze,"Jala Brat , Devito & Buba Corell",25,2,39
2022-11-26,1,Kalasi,Zera,5,1,2
2022-11-26,2,Karneval,Sajfer,1,1,11
2022-11-26,3,London,Voyage x Elena Kitic,2,1,5
2022-11-26,4,Sip,Grse,3,3,4
2022-11-26,5,Omadjijan,Sanja Vucic,4,1,8
2022-11-26,6,Poljupci U Zoru,Hurricane,-,6,1
2022-11-26,7,CC #3,Crni Cerak,6,2,17
2022-11-26,8,Coco,Jala Brat X Buba Corelli,8,1,15
2022-11-26,9,Unholy,Sam Smith & Kim Petras,7,4,8
2022-11-26,10,Baraba,Zera,11,5,12
2022-11-26,11,Martini,Henny,10,1,20
2022-11-26,12,Provereno,Milica Pavlovic,9,1,31
2022-11-26,13,"Haos, Lom",Relja Torinno & Popovska,14,6,14
2022-11-26,14,I'm Good (Blue),David Guetta & Bebe Rexha,17,10,11
2022-11-26,15,Omadjijala,Devito X Relja,19,2,30
2022-11-26,16,LaMelo,Jala Brat X Buba Corelli,16,1,10
2022-11-26,17,Nekada I Sad,Zeljko Samardzic & Sasa Matic,15,4,12
2022-11-26,18,30CC,30Zona & Crini Cerak,22,18,2
2022-11-26,19,Gad,Voyage X Nucci,20,1,28
2022-11-26,20,Gigi,Inas,21,4,9
2022-11-26,21,Tango,Voyage,23,1,22
2022-11-26,22,Miss You,Oliver Tree & Robin Schulz,24,22,3
2022-11-26,23,Anti-Hero,Taylor Swift,18,5,4
2022-11-26,24,Another Love,Tom Odell,-,18,4
2022-11-26,25,Ponoc,Zeljko Joksimovic Featuring Aco Povic & Suzana Brankovic,-,10,20
2022-12-03,1,Kalasi,Zera,1,1,3
2022-12-03,2,Poljupci U Zoru,Hurricane,6,2,2
2022-12-03,3,Karneval,Sajfer,2,1,12
2022-12-03,4,Sip,Grse,4,3,5
2022-12-03,5,London,Voyage x Elena Kitic,3,1,6
2022-12-03,6,Omadjijan,Sanja Vucic,5,1,9
2022-12-03,7,CC #3,Crni Cerak,7,2,18
2022-12-03,8,Coco,Jala Brat X Buba Corelli,8,1,16
2022-12-03,9,Pismo,Darko Lazic X Voyage X Rasta,-,9,1
2022-12-03,10,Unholy,Sam Smith & Kim Petras,9,4,9
2022-12-03,11,Martini,Henny,11,1,21
2022-12-03,12,Baraba,Zera,10,5,13
2022-12-03,13,I'm Good (Blue),David Guetta & Bebe Rexha,14,10,12
2022-12-03,14,LaMelo,Jala Brat X Buba Corelli,16,1,11
2022-12-03,15,Provereno,Milica Pavlovic,12,1,32
2022-12-03,16,Omadjijala,Devito X Relja,15,2,31
2022-12-03,17,"Haos, Lom",Relja Torinno & Popovska,13,6,15
2022-12-03,18,Roze,"Jala Brat , Devito & Buba Corell",-,2,40
2022-12-03,19,Gad,Voyage X Nucci,19,1,29
2022-12-03,20,Nekada I Sad,Zeljko Samardzic & Sasa Matic,17,4,13
2022-12-03,21,Miss You,Oliver Tree & Robin Schulz,22,21,4
2022-12-03,22,Another Love,Tom Odell,24,18,5
2022-12-03,23,Tango,Voyage,21,1,23
2022-12-03,24,Cik Pogodi,Popov,-,24,1
2022-12-03,25,Gigi,Inas,20,4,10
2022-12-10,1,Kalasi,Zera,1,1,4
2022-12-10,2,Poljupci U Zoru,Hurricane,2,2,3
2022-12-10,3,Karneval,Sajfer,3,1,13
2022-12-10,4,Pismo,Darko Lazic X Voyage X Rasta,9,4,2
2022-12-10,5,Sip,Grse,4,3,6
2022-12-10,6,London,Voyage x Elena Kitic,5,1,7
2022-12-10,7,Omadjijan,Sanja Vucic,6,1,10
2022-12-10,8,CC #3,Crni Cerak,7,2,19
2022-12-10,9,Coco,Jala Brat X Buba Corelli,8,1,17
2022-12-10,10,Djerdan,Sanja Vucic X Nucci,-,10,1
2022-12-10,11,Unholy,Sam Smith & Kim Petras,10,4,10
2022-12-10,12,All I Want For Christmas Is You,Mariah Carey,-,12,1
2022-12-10,13,Igraj Moja Hrvatska,Zapresic Boys,-,13,1
2022-12-10,14,Sava I Dunav,Henny & Breskvica,-,14,1
2022-12-10,15,I'm Good (Blue),David Guetta & Bebe Rexha,13,10,13
2022-12-10,16,Last Christmas,Wham!,-,16,1
2022-12-10,17,Baraba,Zera,12,5,14
2022-12-10,18,Martini,Henny,11,1,22
2022-12-10,19,Cik Pogodi,Popov,24,19,2
2022-12-10,20,Provereno,Milica Pavlovic,15,1,33
2022-12-10,21,LaMelo,Jala Brat X Buba Corelli,14,1,12
2022-12-10,22,Roze,"Jala Brat , Devito & Buba Corell",18,2,41
2022-12-10,23,Omadjijala,Devito X Relja,16,2,32
2022-12-10,24,Gad,Voyage X Nucci,19,1,30
2022-12-10,25,"Haos, Lom",Relja Torinno & Popovska,17,6,16
2022-12-17,1,Djerdan,Sanja Vucic X Nucci,10,1,2
2022-12-17,2,Kalasi,Zera,1,1,5
2022-12-17,3,Sava I Dunav,Henny & Breskvica,14,3,2
2022-12-17,4,Poljupci U Zoru,Hurricane,2,2,4
2022-12-17,5,Karneval,Sajfer,3,1,14
2022-12-17,6,Pismo,Darko Lazic X Voyage X Rasta,4,4,3
2022-12-17,7,Sip,Grse,5,3,7
2022-12-17,8,All I Want For Christmas Is You,Mariah Carey,12,8,2
2022-12-17,9,Omadjijan,Sanja Vucic,7,1,11
2022-12-17,10,Last Christmas,Wham!,16,10,2
2022-12-17,11,London,Voyage x Elena Kitic,6,1,8
2022-12-17,12,Igraj Moja Hrvatska,Zapresic Boys,13,12,2
2022-12-17,13,CC #3,Crni Cerak,8,2,20
2022-12-17,14,Creepin',"Metro Boomin , The Weeknd & 21 Savage",-,14,1
2022-12-17,15,Martini,Henny,18,1,23
2022-12-17,16,Coco,Jala Brat X Buba Corelli,9,1,18
2022-12-17,17,I'm Good (Blue),David Guetta & Bebe Rexha,15,10,14
2022-12-17,18,Unholy,Sam Smith & Kim Petras,11,4,11
2022-12-17,19,Provereno,Milica Pavlovic,20,1,34
2022-12-17,20,Cik Pogodi,Popov,19,19,3
2022-12-17,21,Baraba,Zera,17,5,15
2022-12-17,22,Roze,"Jala Brat , Devito & Buba Corell",22,2,42
2022-12-17,23,Lepadasy,Inas x Zera,-,23,1
2022-12-17,24,Omadjijala,Devito X Relja,23,2,33
2022-12-17,25,LaMelo,Jala Brat X Buba Corelli,21,1,13
2022-12-24,1,Djerdan,Sanja Vucic X Nucci,1,1,3
2022-12-24,2,Igraj Moja Hrvatska,Zapresic Boys,12,2,3
2022-12-24,3,Sava I Dunav,Henny & Breskvica,3,3,3
2022-12-24,4,Kalasi,Zera,2,1,6
2022-12-24,5,Poljupci U Zoru,Hurricane,4,2,5
2022-12-24,6,Srce Vatreno,Marko Lasic Nered Featuring Zapresic Boys,-,6,1
2022-12-24,7,Karneval,Sajfer,5,1,15
2022-12-24,8,Coco,Jala Brat X Buba Corelli,16,1,19
2022-12-24,9,Hrvatska Zastava,Ivan Mandic,-,9,1
2022-12-24,10,Sip,Grse,7,3,8
2022-12-24,11,Pismo,Darko Lazic X Voyage X Rasta,6,4,4
2022-12-24,12,All I Want For Christmas Is You,Mariah Carey,8,8,3
2022-12-24,13,Last Christmas,Wham!,10,10,3
2022-12-24,14,Aventador,Teodora X Mahrina,-,14,1
2022-12-24,15,Omadjijan,Sanja Vucic,9,1,12
2022-12-24,16,London,Voyage x Elena Kitic,11,1,9
2022-12-24,17,CC #3,Crni Cerak,13,2,21
2022-12-24,18,Martini,Henny,15,1,24
2022-12-24,19,I'm Good (Blue),David Guetta & Bebe Rexha,17,10,15
2022-12-24,20,Vjerujem U Boga,Severina,-,20,1
2022-12-24,21,Ljubi Brat,Relja,-,21,1
2022-12-24,22,Unholy,Sam Smith & Kim Petras,18,4,12
2022-12-24,23,Lepadasy,Inas x Zera,23,23,2
2022-12-24,24,Baraba,Zera,21,5,16
2022-12-24,25,Rockin' Around The Christmas Tree,Brenda Lee,-,25,1
2022-12-31,1,Djerdan,Sanja Vucic X Nucci,1,1,4
2022-12-31,2,Kalasi,Zera,4,1,7
2022-12-31,3,Sava I Dunav,Henny & Breskvica,3,3,4
2022-12-31,4,Poljupci U Zoru,Hurricane,5,2,6
2022-12-31,5,Shake It,Devito X Jala Brat,-,5,1
2022-12-31,6,Karneval,Sajfer,7,1,16
2022-12-31,7,Last Christmas,Wham!,13,7,4
2022-12-31,8,All I Want For Christmas Is You,Mariah Carey,12,8,4
2022-12-31,9,Sip,Grse,10,3,9
2022-12-31,10,Igraj Moja Hrvatska,Zapresic Boys,2,2,4
2022-12-31,11,Coco,Jala Brat X Buba Corelli,8,1,20
2022-12-31,12,Pismo,Darko Lazic X Voyage X Rasta,11,4,5
2022-12-31,13,Omadjijan,Sanja Vucic,15,1,13
2022-12-31,14,Hrvatska Zastava,Ivan Mandic,9,9,2
2022-12-31,15,Aventador,Teodora X Mahrina,14,14,2
2022-12-31,16,London,Voyage x Elena Kitic,16,1,10
2022-12-31,17,Rockin' Around The Christmas Tree,Brenda Lee,25,17,2
2022-12-31,18,CC #3,Crni Cerak,17,2,22
2022-12-31,19,Martini,Henny,18,1,25
2022-12-31,20,I'm Good (Blue),David Guetta & Bebe Rexha,19,10,16
2022-12-31,21,Cura S Kvarta,Hiljson Mandela,-,21,2
2022-12-31,22,Ljubi Brat,Relja,21,21,2
2022-12-31,23,Unholy,Sam Smith & Kim Petras,22,4,13
2022-12-31,24,Baraba,Zera,24,5,17
2022-12-31,25,It's Beginning To Look A Lot Like Christmas,Michael Buble,-,25,1
2023-01-07,1,Djerdan,Sanja Vucic X Nucci,1,1,5
2023-01-07,2,La La La,Voyage,-,2,1
2023-01-07,3,Kalasi,Zera,2,1,8
2023-01-07,4,Last Christmas,Wham!,7,4,5
2023-01-07,5,All I Want For Christmas Is You,Mariah Carey,8,5,5
2023-01-07,6,Sava I Dunav,Henny & Breskvica,3,3,5
2023-01-07,7,Poljupci U Zoru,Hurricane,4,2,7
2023-01-07,8,Karneval,Sajfer,6,1,17
2023-01-07,9,Sip,Grse,9,3,10
2023-01-07,10,Rockin' Around The Christmas Tree,Brenda Lee,17,10,3
2023-01-07,11,Bozic Bijeli,Dalmatino,-,11,1
2023-01-07,12,Shake It,Devito X Jala Brat,5,5,2
2023-01-07,13,Coco,Jala Brat X Buba Corelli,11,1,21
2023-01-07,14,Pismo,Darko Lazic X Voyage X Rasta,12,4,6
2023-01-07,15,Omadjijan,Sanja Vucic,13,1,14
2023-01-07,16,It's Beginning To Look A Lot Like Christmas,Michael Buble,25,16,2
2023-01-07,17,London,Voyage x Elena Kitic,16,1,11
2023-01-07,18,Jingle Bell Rock,Bobby Helms,-,18,1
2023-01-07,19,CC #3,Crni Cerak,18,2,23
2023-01-07,20,Aventador,Teodora X Mahrina,15,14,3
2023-01-07,21,Snowman,Sia,-,21,1
2023-01-07,22,I'm Good (Blue),David Guetta & Bebe Rexha,20,10,17
2023-01-07,23,Martini,Henny,19,1,26
2023-01-07,24,Santa Tell Me,Ariana Grande,-,24,1
2023-01-07,25,Cura S Kvarta,Hiljson Mandela,21,21,3
2023-01-14,1,La La La,Voyage,2,1,2
2023-01-14,2,Djerdan,Sanja Vucic X Nucci,1,1,6
2023-01-14,3,Kalasi,Zera,3,1,9
2023-01-14,4,Sava I Dunav,Henny & Breskvica,6,3,6
2023-01-14,5,Karneval,Sajfer,8,1,18
2023-01-14,6,Poljupci U Zoru,Hurricane,7,2,8
2023-01-14,7,Sip,Grse,9,3,11
2023-01-14,8,Zivot Skup,CVIJA I COBY,-,8,1
2023-01-14,9,Omadjijan,Sanja Vucic,15,1,15
2023-01-14,10,Coco,Jala Brat X Buba Corelli,13,1,22
2023-01-14,11,Pismo,Darko Lazic X Voyage X Rasta,14,4,7
2023-01-14,12,London,Voyage x Elena Kitic,17,1,12
2023-01-14,13,Shake It,Devito X Jala Brat,12,5,3
2023-01-14,14,Los,Breskvica,-,14,1
2023-01-14,15,I'm Good (Blue),David Guetta & Bebe Rexha,22,10,18
2023-01-14,16,Ponoc,Zeljko Joksimovic Featuring Aco Povic & Suzana Brankovic,-,10,21
2023-01-14,17,CC #3,Crni Cerak,19,2,24
2023-01-14,18,Martini,Henny,23,1,27
2023-01-14,19,Provereno,Milica Pavlovic,-,1,35
2023-01-14,20,Aventador,Teodora X Mahrina,20,14,4
2023-01-14,21,Baraba,Zera,-,5,18
2023-01-14,22,Roze,"Jala Brat , Devito & Buba Corell",-,2,43
2023-01-14,23,Cura S Kvarta,Hiljson Mandela,25,21,4
2023-01-14,24,Gad,Voyage X Nucci,-,1,31
2023-01-14,25,"Haos, Lom",Relja Torinno & Popovska,-,6,17
2023-01-21,1,La La La,Voyage,1,1,3
2023-01-21,2,Karamela,Jala Brat x Buba Corelli x Devito,-,2,1
2023-01-21,3,Djerdan,Sanja Vucic X Nucci,2,1,7
2023-01-21,4,Dylan Blue,Dorde,-,4,1
2023-01-21,5,Bella Hadid,Voyage X Nucci,-,5,1
2023-01-21,6,Sava I Dunav,Henny & Breskvica,4,3,7
2023-01-21,7,Borba,Dorde Featuring Klinac,-,7,1
2023-01-21,8,Zivot Skup,CVIJA I COBY,8,8,2
2023-01-21,9,Kalasi,Zera,3,1,10
2023-01-21,10,Karneval,Sajfer,5,1,19
2023-01-21,11,Poljupci U Zoru,Hurricane,6,2,9
2023-01-21,12,Sip,Grse,7,3,12
2023-01-21,13,Bolji Los,Dorde,-,13,1
2023-01-21,14,Kokakola,Relja Torinno & Popovska,-,14,1
2023-01-21,15,Johnny Cash,Dorde,-,15,1
2023-01-21,16,Zovi Advokata,Dorde,-,16,1
2023-01-21,17,Omadjijan,Sanja Vucic,9,1,16
2023-01-21,18,Traume,Dorde,-,18,1
2023-01-21,19,Kain,Dorde,-,19,1
2023-01-21,20,Ponoc = Podne / Nije Mi Problem,Dorde,-,20,1
2023-01-21,21,Ljubav Nije Za Mene,Dorde,-,21,1
2023-01-21,22,Svadba,Rasta X Alen Sakic,-,22,1
2023-01-21,23,Coco,Jala Brat X Buba Corelli,10,1,23
2023-01-21,24,Shake It,Devito X Jala Brat,13,5,4
2023-01-21,25,London,Voyage x Elena Kitic,12,1,13
2023-01-28,1,Flowers,Miley Cyrus,-,1,1
2023-01-28,2,Bella Hadid,Voyage X Nucci,5,2,2
2023-01-28,3,La La La,Voyage,1,1,4
2023-01-28,4,Djerdan,Sanja Vucic X Nucci,3,1,8
2023-01-28,5,Sava I Dunav,Henny & Breskvica,6,3,8
2023-01-28,6,Karamela,Jala Brat x Buba Corelli x Devito,2,2,2
2023-01-28,7,"Bzrp Music Sessions, Vol. 53",Bizarrap & Shakira,-,7,1
2023-01-28,8,Dylan Blue,Dorde,4,4,2
2023-01-28,9,Zivot Skup,CVIJA I COBY,8,8,3
2023-01-28,10,Poljupci U Zoru,Hurricane,11,2,10
2023-01-28,11,Sip,Grse,12,3,13
2023-01-28,12,Karneval,Sajfer,10,1,20
2023-01-28,13,Kokakola,Relja Torinno & Popovska,14,13,2
2023-01-28,14,Borba,Dorde Featuring Klinac,7,7,2
2023-01-28,15,Kalasi,Zera,9,1,11
2023-01-28,16,Omadjijan,Sanja Vucic,17,1,17
2023-01-28,17,Svadba,Rasta X Alen Sakic,22,17,2
2023-01-28,18,I'm Good (Blue),David Guetta & Bebe Rexha,-,10,19
2023-01-28,19,Coco,Jala Brat X Buba Corelli,23,1,24
2023-01-28,20,Pismo,Darko Lazic X Voyage X Rasta,-,4,8
2023-01-28,21,Shake It,Devito X Jala Brat,24,5,5
2023-01-28,22,London,Voyage x Elena Kitic,25,1,14
2023-01-28,23,Johnny Cash,Dorde,15,15,2
2023-01-28,24,Gad,Voyage X Nucci,-,1,32
2023-01-28,25,Escapism,RAYE Featuring 070 Shake,-,25,1
2023-02-04,1,Flowers,Miley Cyrus,1,1,2
2023-02-04,2,Bella Hadid,Voyage X Nucci,2,2,3
2023-02-04,3,La La La,Voyage,3,1,5
2023-02-04,4,Djerdan,Sanja Vucic X Nucci,4,1,9
2023-02-04,5,Sava I Dunav,Henny & Breskvica,5,3,9
2023-02-04,6,Karamela,Jala Brat x Buba Corelli x Devito,6,2,3
2023-02-04,7,Zivot Skup,CVIJA I COBY,9,7,4
2023-02-04,8,"Bzrp Music Sessions, Vol. 53",Bizarrap & Shakira,7,7,2
2023-02-04,9,Dylan Blue,Dorde,8,4,3
2023-02-04,10,Karneval,Sajfer,12,1,21
2023-02-04,11,Sip,Grse,11,3,14
2023-02-04,12,Kalasi,Zera,15,1,12
2023-02-04,13,Poljupci U Zoru,Hurricane,10,2,11
2023-02-04,14,Omadjijan,Sanja Vucic,16,1,18
2023-02-04,15,I'm Good (Blue),David Guetta & Bebe Rexha,18,10,20
2023-02-04,16,Svadba,Rasta X Alen Sakic,17,16,3
2023-02-04,17,Kokakola,Relja Torinno & Popovska,13,13,3
2023-02-04,18,Pismo,Darko Lazic X Voyage X Rasta,20,4,9
2023-02-04,19,Coco,Jala Brat X Buba Corelli,19,1,25
2023-02-04,20,London,Voyage x Elena Kitic,22,1,15
2023-02-04,21,Escapism,RAYE Featuring 070 Shake,25,21,2
2023-02-04,22,Kill Bill,SZA,-,22,1
2023-02-04,23,Gad,Voyage X Nucci,24,1,33
2023-02-04,24,Shake It,Devito X Jala Brat,21,5,6
2023-02-04,25,CC #3,Crni Cerak,-,2,25
2023-02-11,1,Flowers,Miley Cyrus,1,1,3
2023-02-11,2,Bella Hadid,Voyage X Nucci,2,2,4
2023-02-11,3,Automatti,Nucci,-,3,1
2023-02-11,4,La La La,Voyage,3,1,6
2023-02-11,5,Djerdan,Sanja Vucic X Nucci,4,1,10
2023-02-11,6,Sava I Dunav,Henny & Breskvica,5,3,10
2023-02-11,7,Karamela,Jala Brat x Buba Corelli x Devito,6,2,4
2023-02-11,8,Zivot Skup,CVIJA I COBY,7,7,5
2023-02-11,9,Kalasi,Zera,12,1,13
2023-02-11,10,Sip,Grse,11,3,15
2023-02-11,11,Karneval,Sajfer,10,1,22
2023-02-11,12,"Bzrp Music Sessions, Vol. 53",Bizarrap & Shakira,8,7,3
2023-02-11,13,Poljupci U Zoru,Hurricane,13,2,12
2023-02-11,14,Dylan Blue,Dorde,9,4,4
2023-02-11,15,Omadjijan,Sanja Vucic,14,1,19
2023-02-11,16,Kokakola,Relja Torinno & Popovska,17,13,4
2023-02-11,17,I'm Good (Blue),David Guetta & Bebe Rexha,15,10,21
2023-02-11,18,Svadba,Rasta X Alen Sakic,16,16,4
2023-02-11,19,Pismo,Darko Lazic X Voyage X Rasta,18,4,10
2023-02-11,20,Coco,Jala Brat X Buba Corelli,19,1,26
2023-02-11,21,CC #3,Crni Cerak,25,2,26
2023-02-11,22,London,Voyage x Elena Kitic,20,1,16
2023-02-11,23,Shake It,Devito X Jala Brat,24,5,7
2023-02-11,24,Gad,Voyage X Nucci,23,1,34
2023-02-11,25,Kill Bill,SZA,22,22,2
2023-02-18,1,Automatti,Nucci,3,1,2
2023-02-18,2,Flowers,Miley Cyrus,1,1,4
2023-02-18,3,Bella Hadid,Voyage X Nucci,2,2,5
2023-02-18,4,La La La,Voyage,4,1,7
2023-02-18,5,Djerdan,Sanja Vucic X Nucci,5,1,11
2023-02-18,6,Nad****a,Zera,-,6,1
2023-02-18,7,Sava I Dunav,Henny & Breskvica,6,3,11
2023-02-18,8,Karamela,Jala Brat x Buba Corelli x Devito,7,2,5
2023-02-18,9,Zivot Skup,CVIJA I COBY,8,7,6
2023-02-18,10,Sip,Grse,10,3,16
2023-02-18,11,Karneval,Sajfer,11,1,23
2023-02-18,12,Kalasi,Zera,9,1,14
2023-02-18,13,Poljupci U Zoru,Hurricane,13,2,13
2023-02-18,14,Omadjijan,Sanja Vucic,15,1,20
2023-02-18,15,"Bzrp Music Sessions, Vol. 53",Bizarrap & Shakira,12,7,4
2023-02-18,16,Gad,Voyage X Nucci,24,1,35
2023-02-18,17,I'm Good (Blue),David Guetta & Bebe Rexha,17,10,22
2023-02-18,18,Unholy,Sam Smith & Kim Petras,-,4,14
2023-02-18,19,Svadba,Rasta X Alen Sakic,18,16,5
2023-02-18,20,Pismo,Darko Lazic X Voyage X Rasta,19,4,11
2023-02-18,21,Kokakola,Relja Torinno & Popovska,16,13,5
2023-02-18,22,Coco,Jala Brat X Buba Corelli,20,1,27
2023-02-18,23,CC #3,Crni Cerak,21,2,27
2023-02-18,24,Dylan Blue,Dorde,14,4,5
2023-02-18,25,London,Voyage x Elena Kitic,22,1,17
2023-02-25,1,Automatti,Nucci,1,1,3
2023-02-25,2,Bella Hadid,Voyage X Nucci,3,2,6
2023-02-25,3,La La La,Voyage,4,1,8
2023-02-25,4,Flowers,Miley Cyrus,2,1,5
2023-02-25,5,Djerdan,Sanja Vucic X Nucci,5,1,12
2023-02-25,6,Mama SC!,Let 3,-,6,1
2023-02-25,7,Sava I Dunav,Henny & Breskvica,7,3,12
2023-02-25,8,Zivot Skup,CVIJA I COBY,9,7,7
2023-02-25,9,Nad****a,Zera,6,6,2
2023-02-25,10,Sip,Grse,10,3,17
2023-02-25,11,Karneval,Sajfer,11,1,24
2023-02-25,12,Karamela,Jala Brat x Buba Corelli x Devito,8,2,6
2023-02-25,13,Poljupci U Zoru,Hurricane,13,2,14
2023-02-25,14,Kalasi,Zera,12,1,15
2023-02-25,15,Omadjijan,Sanja Vucic,14,1,21
2023-02-25,16,I'm Good (Blue),David Guetta & Bebe Rexha,17,10,23
2023-02-25,17,Coco,Jala Brat X Buba Corelli,22,1,28
2023-02-25,18,Gad,Voyage X Nucci,16,1,36
2023-02-25,19,Pismo,Darko Lazic X Voyage X Rasta,20,4,12
2023-02-25,20,Kokakola,Relja Torinno & Popovska,21,13,6
2023-02-25,21,Martini,Henny,-,1,28
2023-02-25,22,Shake It,Devito X Jala Brat,-,5,8
2023-02-25,23,CC #3,Crni Cerak,23,2,28
2023-02-25,24,Svadba,Rasta X Alen Sakic,19,16,6
2023-02-25,25,Kill Bill,SZA,-,22,3
2023-03-04,1,Automatti,Nucci,1,1,4
2023-03-04,2,Bella Hadid,Voyage X Nucci,2,2,7
2023-03-04,3,La La La,Voyage,3,1,9
2023-03-04,4,Djerdan,Sanja Vucic X Nucci,5,1,13
2023-03-04,5,Flowers,Miley Cyrus,4,1,6
2023-03-04,6,Sava I Dunav,Henny & Breskvica,7,3,13
2023-03-04,7,Zivot Skup,CVIJA I COBY,8,7,8
2023-03-04,8,Sip,Grse,10,3,18
2023-03-04,9,Karneval,Sajfer,11,1,25
2023-03-04,10,Nad****a,Zera,9,6,3
2023-03-04,11,Kalasi,Zera,14,1,16
2023-03-04,12,Poljupci U Zoru,Hurricane,13,2,15
2023-03-04,13,Karamela,Jala Brat x Buba Corelli x Devito,12,2,7
2023-03-04,14,Mama SC!,Let 3,6,6,2
2023-03-04,15,Omadjijan,Sanja Vucic,15,1,22
2023-03-04,16,I'm Good (Blue),David Guetta & Bebe Rexha,16,10,24
2023-03-04,17,"Boy's A Liar, Pt. 2",PinkPantheress & Ice Spice,-,17,1
2023-03-04,18,Gad,Voyage X Nucci,18,1,37
2023-03-04,19,Martini,Henny,21,1,29
2023-03-04,20,Hanuma,Sanja Vucic,-,20,1
2023-03-04,21,Coco,Jala Brat X Buba Corelli,17,1,29
2023-03-04,22,CC #3,Crni Cerak,23,2,29
2023-03-04,23,Pismo,Darko Lazic X Voyage X Rasta,19,4,13
2023-03-04,24,Kokakola,Relja Torinno & Popovska,20,13,7
2023-03-04,25,Provereno,Milica Pavlovic,-,1,36
2023-03-11,1,S.O.S.,Jala Brat X Buba Corelli,-,1,1
2023-03-11,2,Automatti,Nucci,1,1,5
2023-03-11,3,Bella Hadid,Voyage X Nucci,2,2,8
2023-03-11,4,La La La,Voyage,3,1,10
2023-03-11,5,Djerdan,Sanja Vucic X Nucci,4,1,14
2023-03-11,6,Flowers,Miley Cyrus,5,1,7
2023-03-11,7,Sava I Dunav,Henny & Breskvica,6,3,14
2023-03-11,8,Sip,Grse,8,3,19
2023-03-11,9,Zivot Skup,CVIJA I COBY,7,7,9
2023-03-11,10,Galerija,Corona,-,10,1
2023-03-11,11,Karamela,Jala Brat x Buba Corelli x Devito,13,2,8
2023-03-11,12,Karneval,Sajfer,9,1,26
2023-03-11,13,Die For You,The Weeknd & Ariana Grande,-,13,1
2023-03-11,14,Poljupci U Zoru,Hurricane,12,2,16
2023-03-11,15,Nad****a,Zera,10,6,4
2023-03-11,16,Kalasi,Zera,11,1,17
2023-03-11,17,Gad,Voyage X Nucci,18,1,38
2023-03-11,18,I'm Good (Blue),David Guetta & Bebe Rexha,16,10,25
2023-03-11,19,Coco,Jala Brat X Buba Corelli,21,1,30
2023-03-11,20,Omadjijan,Sanja Vucic,15,1,23
2023-03-11,21,Poslednji Boem,In Vivo,-,21,1
2023-03-11,22,"Boy's A Liar, Pt. 2",PinkPantheress & Ice Spice,17,17,2
2023-03-11,23,Pismo,Darko Lazic X Voyage X Rasta,23,4,14
2023-03-11,24,Martini,Henny,19,1,30
2023-03-11,25,TQG,Karol G x Shakira,-,25,1
2023-03-18,1,S.O.S.,Jala Brat X Buba Corelli,1,1,2
2023-03-18,2,Automatti,Nucci,2,1,6
2023-03-18,3,Galerija,Corona,10,3,2
2023-03-18,4,Bella Hadid,Voyage X Nucci,3,2,9
2023-03-18,5,La La La,Voyage,4,1,11
2023-03-18,6,Djerdan,Sanja Vucic X Nucci,5,1,15
2023-03-18,7,Flowers,Miley Cyrus,6,1,8
2023-03-18,8,Sava I Dunav,Henny & Breskvica,7,3,15
2023-03-18,9,Sip,Grse,8,3,20
2023-03-18,10,Karamela,Jala Brat x Buba Corelli x Devito,11,2,9
2023-03-18,11,Zivot Skup,CVIJA I COBY,9,7,10
2023-03-18,12,Poljupci U Zoru,Hurricane,14,2,17
2023-03-18,13,Die For You,The Weeknd & Ariana Grande,13,13,2
2023-03-18,14,Kalasi,Zera,16,1,18
2023-03-18,15,Nad****a,Zera,15,6,5
2023-03-18,16,Coco,Jala Brat X Buba Corelli,19,1,31
2023-03-18,17,Poslednji Boem,In Vivo,21,17,2
2023-03-18,18,Omadjijan,Sanja Vucic,20,1,24
2023-03-18,19,Karneval,Sajfer,12,1,27
2023-03-18,20,I'm Good (Blue),David Guetta & Bebe Rexha,18,10,26
2023-03-18,21,Gad,Voyage X Nucci,17,1,39
2023-03-18,22,Mamacita,Vojko V,-,22,1
2023-03-18,23,"Boy's A Liar, Pt. 2",PinkPantheress & Ice Spice,22,17,3
2023-03-18,24,Martini,Henny,24,1,31
2023-03-18,25,Samo Mi Se Spava,Luke Black,-,25,1
2023-03-25,1,S.O.S.,Jala Brat X Buba Corelli,1,1,3
2023-03-25,2,Galerija,Corona,3,2,3
2023-03-25,3,Automatti,Nucci,2,1,7
2023-03-25,4,Bella Hadid,Voyage X Nucci,4,2,10
2023-03-25,5,Djerdan,Sanja Vucic X Nucci,6,1,16
2023-03-25,6,La La La,Voyage,5,1,12
2023-03-25,7,Flowers,Miley Cyrus,7,1,9
2023-03-25,8,Sip,Grse,9,3,21
2023-03-25,9,Sava I Dunav,Henny & Breskvica,8,3,16
2023-03-25,10,Zivot Skup,CVIJA I COBY,11,7,11
2023-03-25,11,Karamela,Jala Brat x Buba Corelli x Devito,10,2,10
2023-03-25,12,Mama SC!,Let 3,-,6,3
2023-03-25,13,Poljupci U Zoru,Hurricane,12,2,18
2023-03-25,14,Kalasi,Zera,14,1,19
2023-03-25,15,Die For You,The Weeknd & Ariana Grande,13,13,3
2023-03-25,16,Coco,Jala Brat X Buba Corelli,16,1,32
2023-03-25,17,Ficcni,Desingerica X Pljugica,-,17,1
2023-03-25,18,Omadjijan,Sanja Vucic,18,1,25
2023-03-25,19,I'm Good (Blue),David Guetta & Bebe Rexha,20,10,27
2023-03-25,20,Nad****a,Zera,15,6,6
2023-03-25,21,Gad,Voyage X Nucci,21,1,40
2023-03-25,22,Poslednji Boem,In Vivo,17,17,3
2023-03-25,23,Karneval,Sajfer,19,1,28
2023-03-25,24,Provereno,Milica Pavlovic,-,1,37
2023-03-25,25,Cura S Kvarta,Hiljson Mandela,-,21,5
2023-04-01,1,S.O.S.,Jala Brat X Buba Corelli,1,1,4
2023-04-01,2,Galerija,Corona,2,2,4
2023-04-01,3,Automatti,Nucci,3,1,8
2023-04-01,4,Djerdan,Sanja Vucic X Nucci,5,1,17
2023-04-01,5,Flowers,Miley Cyrus,7,1,10
2023-04-01,6,Sip,Grse,8,3,22
2023-04-01,7,La La La,Voyage,6,1,13
2023-04-01,8,Bella Hadid,Voyage X Nucci,4,2,11
2023-04-01,9,Zivi Moje Milo,Emir Dulovic,-,9,1
2023-04-01,10,Sava I Dunav,Henny & Breskvica,9,3,17
2023-04-01,11,Zivot Skup,CVIJA I COBY,10,7,12
2023-04-01,12,Karamela,Jala Brat x Buba Corelli x Devito,11,2,11
2023-04-01,13,Poljupci U Zoru,Hurricane,13,2,19
2023-04-01,14,Kalasi,Zera,14,1,20
2023-04-01,15,Omadjijan,Sanja Vucic,18,1,26
2023-04-01,16,Coco,Jala Brat X Buba Corelli,16,1,33
2023-04-01,17,Gad,Voyage X Nucci,21,1,41
2023-04-01,18,I'm Good (Blue),David Guetta & Bebe Rexha,19,10,28
2023-04-01,19,Provereno,Milica Pavlovic,24,1,38
2023-04-01,20,Poslednji Boem,In Vivo,22,17,4
2023-04-01,21,Karneval,Sajfer,23,1,29
2023-04-01,22,Ficcni,Desingerica X Pljugica,17,17,2
2023-04-01,23,Cura S Kvarta,Hiljson Mandela,25,21,6
2023-04-01,24,Martini,Henny,-,1,32
2023-04-01,25,Calm Down,Rema & Selena Gomez,-,25,1
2023-04-08,1,S.O.S.,Jala Brat X Buba Corelli,1,1,5
2023-04-08,2,Automatti,Nucci,3,1,9
2023-04-08,3,Galerija,Corona,2,2,5
2023-04-08,4,Djerdan,Sanja Vucic X Nucci,4,1,18
2023-04-08,5,La La La,Voyage,7,1,14
2023-04-08,6,Sip,Grse,6,3,23
2023-04-08,7,Bella Hadid,Voyage X Nucci,8,2,12
2023-04-08,8,Flowers,Miley Cyrus,5,1,11
2023-04-08,9,Sava I Dunav,Henny & Breskvica,10,3,18
2023-04-08,10,Zivot Skup,CVIJA I COBY,11,7,13
2023-04-08,11,Zivi Moje Milo,Emir Dulovic,9,9,2
2023-04-08,12,Karamela,Jala Brat x Buba Corelli x Devito,12,2,12
2023-04-08,13,Poljupci U Zoru,Hurricane,13,2,20
2023-04-08,14,Drift,Breskvica X Teodora,-,14,1
2023-04-08,15,Coco,Jala Brat X Buba Corelli,16,1,34
2023-04-08,16,Karneval,Sajfer,21,1,30
2023-04-08,17,Like Crazy,Jimin,-,17,1
2023-04-08,18,Kalasi,Zera,14,1,21
2023-04-08,19,"Mama, Zaljubio Sam Se U Njene Oziljke",Baks,-,19,1
2023-04-08,20,Omadjijan,Sanja Vucic,15,1,27
2023-04-08,21,I'm Good (Blue),David Guetta & Bebe Rexha,18,10,29
2023-04-08,22,Cura S Kvarta,Hiljson Mandela,23,21,7
2023-04-08,23,Provereno,Milica Pavlovic,19,1,39
2023-04-08,24,Nad****a,Zera,-,6,7
2023-04-08,25,Calm Down,Rema & Selena Gomez,25,25,2
2023-04-15,1,Drift,Breskvica X Teodora,14,1,2
2023-04-15,2,S.O.S.,Jala Brat X Buba Corelli,1,1,6
2023-04-15,3,Automatti,Nucci,2,1,10
2023-04-15,4,Galerija,Corona,3,2,6
2023-04-15,5,Djerdan,Sanja Vucic X Nucci,4,1,19
2023-04-15,6,La La La,Voyage,5,1,15
2023-04-15,7,Sip,Grse,6,3,24
2023-04-15,8,Bella Hadid,Voyage X Nucci,7,2,13
2023-04-15,9,Dzanum,Teya Dora,-,9,1
2023-04-15,10,Sava I Dunav,Henny & Breskvica,9,3,19
2023-04-15,11,Flowers,Miley Cyrus,8,1,12
2023-04-15,12,Zivot Skup,CVIJA I COBY,10,7,14
2023-04-15,13,Zivi Moje Milo,Emir Dulovic,11,9,3
2023-04-15,14,Karamela,Jala Brat x Buba Corelli x Devito,12,2,13
2023-04-15,15,Poljupci U Zoru,Hurricane,13,2,21
2023-04-15,16,Kalasi,Zera,18,1,22
2023-04-15,17,Coco,Jala Brat X Buba Corelli,15,1,35
2023-04-15,18,Karneval,Sajfer,16,1,31
2023-04-15,19,I'm Good (Blue),David Guetta & Bebe Rexha,21,10,30
2023-04-15,20,Nesto Mi Govori,Stoja,-,20,1
2023-04-15,21,Cura S Kvarta,Hiljson Mandela,22,21,8
2023-04-15,22,Gad,Voyage X Nucci,-,1,42
2023-04-15,23,Calm Down,Rema & Selena Gomez,25,23,3
2023-04-15,24,Martini,Henny,-,1,33
2023-04-15,25,Viral,Martin,-,25,1
2023-04-22,1,Drift,Breskvica X Teodora,1,1,3
2023-04-22,2,S.O.S.,Jala Brat X Buba Corelli,2,1,7
2023-04-22,3,Automatti,Nucci,3,1,11
2023-04-22,4,Galerija,Corona,4,2,7
2023-04-22,5,Djerdan,Sanja Vucic X Nucci,5,1,20
2023-04-22,6,Dzanum,Teya Dora,9,6,2
2023-04-22,7,Sip,Grse,7,3,25
2023-04-22,8,Bella Hadid,Voyage X Nucci,8,2,14
2023-04-22,9,La La La,Voyage,6,1,16
2023-04-22,10,Sava I Dunav,Henny & Breskvica,10,3,20
2023-04-22,11,Tvoje Ime,Zera X Henny,-,11,1
2023-04-22,12,Zivot Skup,CVIJA I COBY,12,7,15
2023-04-22,13,Flowers,Miley Cyrus,11,1,13
2023-04-22,14,Poljupci U Zoru,Hurricane,15,2,22
2023-04-22,15,Karamela,Jala Brat x Buba Corelli x Devito,14,2,14
2023-04-22,16,Zivi Moje Milo,Emir Dulovic,13,9,4
2023-04-22,17,Ti Si Ta,Amna,-,17,1
2023-04-22,18,Kalasi,Zera,16,1,23
2023-04-22,19,Hugo,Trile,-,19,1
2023-04-22,20,Gad,Voyage X Nucci,22,1,43
2023-04-22,21,Coco,Jala Brat X Buba Corelli,17,1,36
2023-04-22,22,Cura S Kvarta,Hiljson Mandela,21,21,9
2023-04-22,23,Nesto Mi Govori,Stoja,20,20,2
2023-04-22,24,Omadjijan,Sanja Vucic,-,1,28
2023-04-22,25,Martini,Henny,24,1,34
2023-04-29,1,Mamma Mia,Grse,-,1,1
2023-04-29,2,Drift,Breskvica X Teodora,1,1,4
2023-04-29,3,Rajske Kise,Nucci,-,3,1
2023-04-29,4,Automatti,Nucci,3,1,12
2023-04-29,5,Tvoje Ime,Zera X Henny,11,5,2
2023-04-29,6,S.O.S.,Jala Brat X Buba Corelli,2,1,8
2023-04-29,7,Sip,Grse,7,3,26
2023-04-29,8,Galerija,Corona,4,2,8
2023-04-29,9,Djerdan,Sanja Vucic X Nucci,5,1,21
2023-04-29,10,Bella Hadid,Voyage X Nucci,8,2,15
2023-04-29,11,La La La,Voyage,9,1,17
2023-04-29,12,Sava I Dunav,Henny & Breskvica,10,3,21
2023-04-29,13,Flowers,Miley Cyrus,13,1,14
2023-04-29,14,Zivot Skup,CVIJA I COBY,12,7,16
2023-04-29,15,Dzanum,Teya Dora,6,6,3
2023-04-29,16,Hugo,Trile,19,16,2
2023-04-29,17,Poljupci U Zoru,Hurricane,14,2,23
2023-04-29,18,Zivi Moje Milo,Emir Dulovic,16,9,5
2023-04-29,19,Mamacita,Vojko V,-,19,2
2023-04-29,20,Karamela,Jala Brat x Buba Corelli x Devito,15,2,15
2023-04-29,21,Ti Si Ta,Amna,17,17,2
2023-04-29,22,Kalasi,Zera,18,1,24
2023-04-29,23,Cura S Kvarta,Hiljson Mandela,22,21,10
2023-04-29,24,Martini,Henny,25,1,35
2023-04-29,25,Nesto Mi Govori,Stoja,23,20,3
2023-05-06,1,Mamma Mia,Grse,1,1,2
2023-05-06,2,Da Li Si Me,Jala Brat X Buba Corelli,-,2,1
2023-05-06,3,Rajske Kise,Nucci,3,3,2
2023-05-06,4,Drift,Breskvica X Teodora,2,1,5
2023-05-06,5,Tvoje Ime,Zera X Henny,5,5,3
2023-05-06,6,Automatti,Nucci,4,1,13
2023-05-06,7,Sip,Grse,7,3,27
2023-05-06,8,S.O.S.,Jala Brat X Buba Corelli,6,1,9
2023-05-06,9,Galerija,Corona,8,2,9
2023-05-06,10,Djerdan,Sanja Vucic X Nucci,9,1,22
2023-05-06,11,La La La,Voyage,11,1,18
2023-05-06,12,Sava I Dunav,Henny & Breskvica,12,3,22
2023-05-06,13,Bella Hadid,Voyage X Nucci,10,2,16
2023-05-06,14,Zivot Skup,CVIJA I COBY,14,7,17
2023-05-06,15,Flowers,Miley Cyrus,13,1,15
2023-05-06,16,Karamela,Jala Brat x Buba Corelli x Devito,20,2,16
2023-05-06,17,Hugo,Trile,16,16,3
2023-05-06,18,Poljupci U Zoru,Hurricane,17,2,24
2023-05-06,19,Level,SENIDAH,-,19,1
2023-05-06,20,Mamacita,Vojko V,19,19,3
2023-05-06,21,Kalasi,Zera,22,1,25
2023-05-06,22,Zivi Moje Milo,Emir Dulovic,18,9,6
2023-05-06,23,Highlife,Grse,-,15,22
2023-05-06,24,Karneval,Sajfer,-,1,32
2023-05-06,25,Ti Si Ta,Amna,21,17,3
2023-05-13,1,Mamma Mia,Grse,1,1,3
2023-05-13,2,Da Li Si Me,Jala Brat X Buba Corelli,2,2,2
2023-05-13,3,Rajske Kise,Nucci,3,3,3
2023-05-13,4,Sip,Grse,7,3,28
2023-05-13,5,Automatti,Nucci,6,1,14
2023-05-13,6,Level,SENIDAH,19,6,2
2023-05-13,7,Drift,Breskvica X Teodora,4,1,6
2023-05-13,8,S.O.S.,Jala Brat X Buba Corelli,8,1,10
2023-05-13,9,Tvoje Ime,Zera X Henny,5,5,4
2023-05-13,10,Galerija,Corona,9,2,10
2023-05-13,11,Djerdan,Sanja Vucic X Nucci,10,1,23
2023-05-13,12,La La La,Voyage,11,1,19
2023-05-13,13,Sava I Dunav,Henny & Breskvica,12,3,23
2023-05-13,14,Karneval,Sajfer,24,1,33
2023-05-13,15,Bella Hadid,Voyage X Nucci,13,2,17
2023-05-13,16,Zivot Skup,CVIJA I COBY,14,7,18
2023-05-13,17,Poljupci U Zoru,Hurricane,18,2,25
2023-05-13,18,Hugo,Trile,17,16,4
2023-05-13,19,Flowers,Miley Cyrus,15,1,16
2023-05-13,20,Highlife,Grse,23,15,23
2023-05-13,21,Mamacita,Vojko V,20,19,4
2023-05-13,22,Karamela,Jala Brat x Buba Corelli x Devito,16,2,17
2023-05-13,23,Cura S Kvarta,Hiljson Mandela,-,21,11
2023-05-13,24,Kalasi,Zera,21,1,26
2023-05-13,25,Sta Sam Kriv Vam Ja,THCF,-,25,1
2023-05-20,1,Mamma Mia,Grse,1,1,4
2023-05-20,2,Da Li Si Me,Jala Brat X Buba Corelli,2,2,3
2023-05-20,3,Sip,Grse,4,3,29
2023-05-20,4,Rajske Kise,Nucci,3,3,4
2023-05-20,5,Level,SENIDAH,6,5,3
2023-05-20,6,Karneval,Sajfer,14,1,34
2023-05-20,7,Drift,Breskvica X Teodora,7,1,7
2023-05-20,8,Automatti,Nucci,5,1,15
2023-05-20,9,S.O.S.,Jala Brat X Buba Corelli,8,1,11
2023-05-20,10,Galerija,Corona,10,2,11
2023-05-20,11,La La La,Voyage,12,1,20
2023-05-20,12,Sava I Dunav,Henny & Breskvica,13,3,24
2023-05-20,13,Djerdan,Sanja Vucic X Nucci,11,1,24
2023-05-20,14,Dzanum,Teya Dora,-,6,4
2023-05-20,15,Highlife,Grse,20,15,24
2023-05-20,16,Zivot Skup,CVIJA I COBY,16,7,19
2023-05-20,17,Mamacita,Vojko V,21,17,5
2023-05-20,18,Poljupci U Zoru,Hurricane,17,2,26
2023-05-20,19,Sta Sam Kriv Vam Ja,THCF,25,19,2
2023-05-20,20,Bella Hadid,Voyage X Nucci,15,2,18
2023-05-20,21,Hugo,Trile,18,16,5
2023-05-20,22,Tvoje Ime,Zera X Henny,9,5,5
2023-05-20,23,Dan & Noc,Rasta & Link,-,23,1
2023-05-20,24,Flowers,Miley Cyrus,19,1,17
2023-05-20,25,Kalasi,Zera,24,1,27
2023-05-27,1,Mamma Mia,Grse,1,1,5
2023-05-27,2,Cha Cha Cha,Kaarija,-,2,1
2023-05-27,3,Da Li Si Me,Jala Brat X Buba Corelli,2,2,4
2023-05-27,4,Sip,Grse,3,3,30
2023-05-27,5,Tattoo,Loreen,-,5,1
2023-05-27,6,Level,SENIDAH,5,5,4
2023-05-27,7,Rajske Kise,Nucci,4,3,5
2023-05-27,8,Karneval,Sajfer,6,1,35
2023-05-27,9,Dan & Noc,Rasta & Link,23,9,2
2023-05-27,10,S.O.S.,Jala Brat X Buba Corelli,9,1,12
2023-05-27,11,Automatti,Nucci,8,1,16
2023-05-27,12,Queen Of Kings,Alessandra,-,12,1
2023-05-27,13,Drift,Breskvica X Teodora,7,1,8
2023-05-27,14,Carpe Diem,Joker Out,-,14,1
2023-05-27,15,Sava I Dunav,Henny & Breskvica,12,3,25
2023-05-27,16,Mama SC!,Let 3,-,6,4
2023-05-27,17,Galerija,Corona,10,2,12
2023-05-27,18,Highlife,Grse,15,15,25
2023-05-27,19,Sta Sam Kriv Vam Ja,THCF,19,19,3
2023-05-27,20,Balerina,Tea Tairovic,-,20,1
2023-05-27,21,Djerdan,Sanja Vucic X Nucci,13,1,25
2023-05-27,22,Mamacita,Vojko V,17,17,6
2023-05-27,23,La La La,Voyage,11,1,21
2023-05-27,24,Cura S Kvarta,Hiljson Mandela,-,21,12
2023-05-27,25,Zivot Skup,CVIJA I COBY,16,7,20
2023-06-03,1,Mamma Mia,Grse,1,1,6
2023-06-03,2,Balerina,Tea Tairovic Featuring Voyage,-,2,1
2023-06-03,3,Polumesec,Teodora,-,3,1
2023-06-03,4,Izrael I Palestina,Tea Tairovic,-,4,1
2023-06-03,5,Tu Tu Tu,Devito Featuring Breskvica,-,5,1
2023-06-03,6,Bibi Habibi,Tea Tairovic,-,6,1
2023-06-03,7,Sip,Grse,4,3,31
2023-06-03,8,Cha Cha Cha,Kaarija,2,2,2
2023-06-03,9,Vajbuje,Devito Featuring Jala Brat & Buba Corelli,-,9,1
2023-06-03,10,Level,SENIDAH,6,5,5
2023-06-03,11,Htela Je da Zna,Devito Featuring Relja,-,11,1
2023-06-03,12,Karneval,Sajfer,8,1,36
2023-06-03,13,Dan & Noc,Rasta & Link,9,9,3
2023-06-03,14,Da Li Si Me,Jala Brat X Buba Corelli,3,2,5
2023-06-03,15,Da Si Najbolji,Tea Tairovic,-,15,1
2023-06-03,16,Garava,Devito Featuring Voyage,-,16,1
2023-06-03,17,Rajske Kise,Nucci,7,3,6
2023-06-03,18,Rolex,Devito Featuring Crni Cerak,-,18,1
2023-06-03,19,Nina 2.0,Devito,-,19,1
2023-06-03,20,Automatti,Nucci,11,1,17
2023-06-03,21,Tattoo,Loreen,5,5,2
2023-06-03,22,S.O.S.,Jala Brat X Buba Corelli,10,1,13
2023-06-03,23,Drift,Breskvica X Teodora,13,1,9
2023-06-03,24,Mamacita,Vojko V,22,17,7
2023-06-03,25,Galerija,Corona,17,2,13
2023-06-10,1,Tu Tu Tu,Devito Featuring Breskvica,5,1,2
2023-06-10,2,Mamma Mia,Grse,1,1,7
2023-06-10,3,Garava,Devito Featuring Voyage,16,3,2
2023-06-10,4,Polumesec,Teodora,3,3,2
2023-06-10,5,Vajbuje,Devito Featuring Jala Brat & Buba Corelli,9,5,2
2023-06-10,6,Rolex,Devito Featuring Crni Cerak,18,6,2
2023-06-10,7,Svemir,Devito Featuring Inas,-,7,1
2023-06-10,8,Htela Je da Zna,Devito Featuring Relja,11,8,2
2023-06-10,9,Izrael I Palestina,Tea Tairovic,4,4,2
2023-06-10,10,Bibi Habibi,Tea Tairovic,6,6,2
2023-06-10,11,Balerina,Tea Tairovic Featuring Voyage,2,2,2
2023-06-10,12,Nina 2.0,Devito,19,12,2
2023-06-10,13,Sip,Grse,7,3,32
2023-06-10,14,Koketa,Devito,-,14,1
2023-06-10,15,Mamacita,Vojko V,24,15,8
2023-06-10,16,Karneval,Sajfer,12,1,37
2023-06-10,17,Level,SENIDAH,10,5,6
2023-06-10,18,Dan & Noc,Rasta & Link,13,9,4
2023-06-10,19,Mazna,Devito,-,19,1
2023-06-10,20,Koji Kralj,Devito Featuring Coby,-,20,1
2023-06-10,21,Rajske Kise,Nucci,17,3,7
2023-06-10,22,Da Li Si Me,Jala Brat X Buba Corelli,14,2,6
2023-06-10,23,Automatti,Nucci,20,1,18
2023-06-10,24,Cha Cha Cha,Kaarija,8,2,3
2023-06-10,25,Vodi Me,Devito Featuring Teodora,-,25,1
2023-06-17,1,Tu Tu Tu,Devito Featuring Breskvica,1,1,3
2023-06-17,2,Mamma Mia,Grse,2,1,8
2023-06-17,3,Garava,Devito Featuring Voyage,3,3,3
2023-06-17,4,Polumesec,Teodora,4,3,3
2023-06-17,5,Karneval II,Sajfer,-,5,1
2023-06-17,6,Svemir,Devito Featuring Inas,7,6,2
2023-06-17,7,Vajbuje,Devito Featuring Jala Brat & Buba Corelli,5,5,3
2023-06-17,8,Rolex,Devito Featuring Crni Cerak,6,6,3
2023-06-17,9,Bibi Habibi,Tea Tairovic,10,6,3
2023-06-17,10,Sip,Grse,13,3,33
2023-06-17,11,Izrael I Palestina,Tea Tairovic,9,4,3
2023-06-17,12,Balerina,Tea Tairovic Featuring Voyage,11,2,3
2023-06-17,13,Htela Je da Zna,Devito Featuring Relja,8,8,3
2023-06-17,14,Mamacita,Vojko V,15,14,9
2023-06-17,15,Karneval,Sajfer,16,1,38
2023-06-17,16,Nina 2.0,Devito,12,12,3
2023-06-17,17,Dan & Noc,Rasta & Link,18,9,5
2023-06-17,18,Koketa,Devito,14,14,2
2023-06-17,19,A Ti A Ti,MC Stojan X Tijana eM,-,19,1
2023-06-17,20,Level,SENIDAH,17,5,7
2023-06-17,21,Kriva Je Kafana,Sanja Vucic & Cvija,-,21,1
2023-06-17,22,Rajske Kise,Nucci,21,3,8
2023-06-17,23,Da Li Si Me,Jala Brat X Buba Corelli,22,2,7
2023-06-17,24,Sprinter,Dave & Central Cee,-,24,1
2023-06-17,25,Highlife,Grse,-,15,26
2023-06-24,1,Mamma Mia,Grse,2,1,9
2023-06-24,2,Tu Tu Tu,Devito Featuring Breskvica,1,1,4
2023-06-24,3,Karneval II,Sajfer,5,3,2
2023-06-24,4,Garava,Devito Featuring Voyage,3,3,4
2023-06-24,5,Svemir,Devito Featuring Inas,6,5,3
2023-06-24,6,Polumesec,Teodora,4,3,4
2023-06-24,7,Rolex,Devito Featuring Crni Cerak,8,6,4
2023-06-24,8,Frauen,Nucci X Zera,-,8,1
2023-06-24,9,Mafia,Voyage x Devito,-,9,1
2023-06-24,10,Vajbuje,Devito Featuring Jala Brat & Buba Corelli,7,5,4
2023-06-24,11,Sip,Grse,10,3,34
2023-06-24,12,Mamacita,Vojko V,14,12,10
2023-06-24,13,Karneval,Sajfer,15,1,39
2023-06-24,14,Htela Je da Zna,Devito Featuring Relja,13,8,4
2023-06-24,15,Balerina,Tea Tairovic Featuring Voyage,12,2,4
2023-06-24,16,Bibi Habibi,Tea Tairovic,9,6,4
2023-06-24,17,Izrael I Palestina,Tea Tairovic,11,4,4
2023-06-24,18,Letnja Avantura,Teodora X Pajak,-,18,1
2023-06-24,19,Visoki Start,KUKU$,-,19,1
2023-06-24,20,Dan & Noc,Rasta & Link,17,9,6
2023-06-24,21,Nina 2.0,Devito,16,12,4
2023-06-24,22,Koketa,Devito,18,14,3
2023-06-24,23,Rajske Kise,Nucci,22,3,9
2023-06-24,24,Level,SENIDAH,20,5,8
2023-06-24,25,A Ti A Ti,MC Stojan X Tijana eM,19,19,2
2023-07-01,1,Mamma Mia,Grse,1,1,10
2023-07-01,2,Tu Tu Tu,Devito Featuring Breskvica,2,1,5
2023-07-01,3,Karneval II,Sajfer,3,3,3
2023-07-01,4,Madrina,Inas,-,4,1
2023-07-01,5,Garava,Devito Featuring Voyage,4,3,5
2023-07-01,6,Mafia,Voyage x Devito,9,6,2
2023-07-01,7,Svemir,Devito Featuring Inas,5,5,4
2023-07-01,8,Frauen,Nucci X Zera,8,8,2
2023-07-01,9,Polumesec,Teodora,6,3,5
2023-07-01,10,Rolex,Devito Featuring Crni Cerak,7,6,5
2023-07-01,11,Turira,Relja X Rasta,-,11,1
2023-07-01,12,Sip,Grse,11,3,35
2023-07-01,13,Vajbuje,Devito Featuring Jala Brat & Buba Corelli,10,5,5
2023-07-01,14,Letnja Avantura,Teodora X Pajak,18,14,2
2023-07-01,15,Karneval,Sajfer,13,1,40
2023-07-01,16,Mamacita,Vojko V,12,12,11
2023-07-01,17,Balerina,Tea Tairovic Featuring Voyage,15,2,5
2023-07-01,18,Bibi Habibi,Tea Tairovic,16,6,5
2023-07-01,19,Dan & Noc,Rasta & Link,20,9,7
2023-07-01,20,Izrael I Palestina,Tea Tairovic,17,4,5
2023-07-01,21,Goodfellas,Jala Brat & Buba Corelli & FT Kings,-,21,1
2023-07-01,22,Htela Je da Zna,Devito Featuring Relja,14,8,5
2023-07-01,23,Rajske Kise,Nucci,23,3,10
2023-07-01,24,A Ti A Ti,MC Stojan X Tijana eM,25,19,3
2023-07-01,25,Highlife,Grse,-,15,27
2023-07-08,1,Mamma Mia,Grse,1,1,11
2023-07-08,2,Karneval II,Sajfer,3,2,4
2023-07-08,3,Tu Tu Tu,Devito Featuring Breskvica,2,1,6
2023-07-08,4,Ko To Tamo,Henny x Breskvica,-,4,1
2023-07-08,5,Garava,Devito Featuring Voyage,5,3,6
2023-07-08,6,Mafia,Voyage x Devito,6,6,3
2023-07-08,7,Svemir,Devito Featuring Inas,7,5,5
2023-07-08,8,Madrina,Inas,4,4,2
2023-07-08,9,Frauen,Nucci X Zera,8,8,3
2023-07-08,10,Rolex,Devito Featuring Crni Cerak,10,6,6
2023-07-08,11,Polumesec,Teodora,9,3,6
2023-07-08,12,Sip,Grse,12,3,36
2023-07-08,13,Goodfellas,Jala Brat & Buba Corelli & FT Kings,21,13,2
2023-07-08,14,Karneval,Sajfer,15,1,41
2023-07-08,15,Turira,Relja X Rasta,11,11,2
2023-07-08,16,Vajbuje,Devito Featuring Jala Brat & Buba Corelli,13,5,6
2023-07-08,17,Letnja Avantura,Teodora X Pajak,14,14,3
2023-07-08,18,Izrael I Palestina,Tea Tairovic,20,4,6
2023-07-08,19,Balerina,Tea Tairovic Featuring Voyage,17,2,6
2023-07-08,20,Mamacita,Vojko V,16,12,12
2023-07-08,21,Bibi Habibi,Tea Tairovic,18,6,6
2023-07-08,22,Dan & Noc,Rasta & Link,19,9,8
2023-07-08,23,Dam Dam Dam,Aleksandra Prijovic,-,23,1
2023-07-08,24,Kuca Strave,Aleksandra Prijovic,-,24,1
2023-07-08,25,Htela Je da Zna,Devito Featuring Relja,22,8,6
2023-07-15,1,Mamma Mia,Grse,1,1,12
2023-07-15,2,Ko To Tamo,Henny x Breskvica,4,2,2
2023-07-15,3,Karneval II,Sajfer,2,2,5
2023-07-15,4,Tu Tu Tu,Devito Featuring Breskvica,3,1,7
2023-07-15,5,Garava,Devito Featuring Voyage,5,3,7
2023-07-15,6,Dam Dam Dam,Aleksandra Prijovic,23,6,2
2023-07-15,7,Svemir,Devito Featuring Inas,7,5,6
2023-07-15,8,Mafia,Voyage x Devito,6,6,4
2023-07-15,9,Padam,Jala Brat & Buba Corelli & Baby It's Pablo,-,9,1
2023-07-15,10,Madrina,Inas,8,4,3
2023-07-15,11,Frauen,Nucci X Zera,9,8,4
2023-07-15,12,Polumesec,Teodora,11,3,7
2023-07-15,13,Rolex,Devito Featuring Crni Cerak,10,6,7
2023-07-15,14,Sip,Grse,12,3,37
2023-07-15,15,Karneval,Sajfer,14,1,42
2023-07-15,16,Fatalna,Relja,-,16,1
2023-07-15,17,Vajbuje,Devito Featuring Jala Brat & Buba Corelli,16,5,7
2023-07-15,18,Turira,Relja X Rasta,15,11,3
2023-07-15,19,Izrael I Palestina,Tea Tairovic,18,4,7
2023-07-15,20,Goodfellas,Jala Brat & Buba Corelli & FT Kings,13,13,3
2023-07-15,21,Balerina,Tea Tairovic Featuring Voyage,19,2,7
2023-07-15,22,Dan & Noc,Rasta & Link,22,9,9
2023-07-15,23,Letnja Avantura,Teodora X Pajak,17,14,4
2023-07-15,24,Bibi Habibi,Tea Tairovic,21,6,7
2023-07-15,25,Mamacita,Vojko V,20,12,13
2023-07-22,1,Mamma Mia,Grse,1,1,13
2023-07-22,2,Karneval II,Sajfer,3,2,6
2023-07-22,3,Tu Tu Tu,Devito Featuring Breskvica,4,1,8
2023-07-22,4,Ko To Tamo,Henny x Breskvica,2,2,3
2023-07-22,5,Top,Biba,-,5,1
2023-07-22,6,Garava,Devito Featuring Voyage,5,3,8
2023-07-22,7,Dam Dam Dam,Aleksandra Prijovic,6,6,3
2023-07-22,8,Padam,Jala Brat & Buba Corelli & Baby It's Pablo,9,8,2
2023-07-22,9,Svemir,Devito Featuring Inas,7,5,7
2023-07-22,10,Mafia,Voyage x Devito,8,6,5
2023-07-22,11,Madrina,Inas,10,4,4
2023-07-22,12,Sip,Grse,14,3,38
2023-07-22,13,Polumesec,Teodora,12,3,8
2023-07-22,14,Rolex,Devito Featuring Crni Cerak,13,6,8
2023-07-22,15,Frauen,Nucci X Zera,11,8,5
2023-07-22,16,Karneval,Sajfer,15,1,43
2023-07-22,17,Vajbuje,Devito Featuring Jala Brat & Buba Corelli,17,5,8
2023-07-22,18,Izrael I Palestina,Tea Tairovic,19,4,8
2023-07-22,19,Dan & Noc,Rasta & Link,22,9,10
2023-07-22,20,Fatalna,Relja,16,16,2
2023-07-22,21,Balerina,Tea Tairovic Featuring Voyage,21,2,8
2023-07-22,22,Merccedecc,Desingerica X Pljugica X Djexon X Coja,-,22,1
2023-07-22,23,Bibi Habibi,Tea Tairovic,24,6,8
2023-07-22,24,Sprinter,Dave & Central Cee,-,24,2
2023-07-22,25,Turira,Relja X Rasta,18,11,4
2023-07-29,1,Mamma Mia,Grse,1,1,14
2023-07-29,2,Karneval II,Sajfer,2,2,7
2023-07-29,3,Ko To Tamo,Henny x Breskvica,4,2,4
2023-07-29,4,Tu Tu Tu,Devito Featuring Breskvica,3,1,9
2023-07-29,5,Top,Biba,5,5,2
2023-07-29,6,Dam Dam Dam,Aleksandra Prijovic,7,6,4
2023-07-29,7,Padam,Jala Brat & Buba Corelli & Baby It's Pablo,8,7,3
2023-07-29,8,Garava,Devito Featuring Voyage,6,3,9
2023-07-29,9,Svemir,Devito Featuring Inas,9,5,8
2023-07-29,10,Mafia,Voyage x Devito,10,6,6
2023-07-29,11,Madrina,Inas,11,4,5
2023-07-29,12,Sip,Grse,12,3,39
2023-07-29,13,Frauen,Nucci X Zera,15,8,6
2023-07-29,14,Polumesec,Teodora,13,3,9
2023-07-29,15,Karneval,Sajfer,16,1,44
2023-07-29,16,Rolex,Devito Featuring Crni Cerak,14,6,9
2023-07-29,17,Vajbuje,Devito Featuring Jala Brat & Buba Corelli,17,5,9
2023-07-29,18,Izrael I Palestina,Tea Tairovic,18,4,9
2023-07-29,19,Sprinter,Dave & Central Cee,24,19,3
2023-07-29,20,Bibi Habibi,Tea Tairovic,23,6,9
2023-07-29,21,Seven,Jung Kook Featuring Latto,-,21,1
2023-07-29,22,Metak,Severina & Nucci,-,22,1
2023-07-29,23,Dan & Noc,Rasta & Link,19,9,11
2023-07-29,24,Picasso Flow,Corona,-,24,1
2023-07-29,25,Merccedecc,Desingerica X Pljugica X Djexon X Coja,22,22,2
2023-08-05,1,Mamma Mia,Grse,1,1,15
2023-08-05,2,Dam Dam Dam,Aleksandra Prijovic,6,2,5
2023-08-05,3,Karneval II,Sajfer,2,2,8
2023-08-05,4,Top,Biba,5,4,3
2023-08-05,5,Padam,Jala Brat & Buba Corelli & Baby It's Pablo,7,5,4
2023-08-05,6,Ko To Tamo,Henny x Breskvica,3,2,5
2023-08-05,7,Tu Tu Tu,Devito Featuring Breskvica,4,1,10
2023-08-05,8,Garava,Devito Featuring Voyage,8,3,10
2023-08-05,9,Svemir,Devito Featuring Inas,9,5,9
2023-08-05,10,Mafia,Voyage x Devito,10,6,7
2023-08-05,11,Dale,"Jala Brat , Buba Corelli & Hava",-,11,1
2023-08-05,12,Madrina,Inas,11,4,6
2023-08-05,13,Karneval,Sajfer,15,1,45
2023-08-05,14,Sip,Grse,12,3,40
2023-08-05,15,Frauen,Nucci X Zera,13,8,7
2023-08-05,16,Sprinter,Dave & Central Cee,19,16,4
2023-08-05,17,Polumesec,Teodora,14,3,10
2023-08-05,18,Vajbuje,Devito Featuring Jala Brat & Buba Corelli,17,5,10
2023-08-05,19,Rolex,Devito Featuring Crni Cerak,16,6,10
2023-08-05,20,Metak,Severina & Nucci,22,20,2
2023-08-05,21,Kocke Leda,Fox X GRCA,-,21,1
2023-08-05,22,Bibi Habibi,Tea Tairovic,20,6,10
2023-08-05,23,Goodfellas,Jala Brat & Buba Corelli & FT Kings,-,13,4
2023-08-05,24,Izrael I Palestina,Tea Tairovic,18,4,10
2023-08-05,25,Hakimi,Jala Brat & Buba Corelli,-,25,1
2023-08-12,1,Mamma Mia,Grse,1,1,16
2023-08-12,2,Dam Dam Dam,Aleksandra Prijovic,2,2,6
2023-08-12,3,Karneval II,Sajfer,3,2,9
2023-08-12,4,Ko To Tamo,Henny x Breskvica,6,2,6
2023-08-12,5,Problema,Relja Torinno X Popovska,-,5,1
2023-08-12,6,Tu Tu Tu,Devito Featuring Breskvica,7,1,11
2023-08-12,7,Top,Biba,4,4,4
2023-08-12,8,Padam,Jala Brat & Buba Corelli & Baby It's Pablo,5,5,5
2023-08-12,9,Garava,Devito Featuring Voyage,8,3,11
2023-08-12,10,Svemir,Devito Featuring Inas,9,5,10
2023-08-12,11,Mafia,Voyage x Devito,10,6,8
2023-08-12,12,Madrina,Inas,12,4,7
2023-08-12,13,Karneval,Sajfer,13,1,46
2023-08-12,14,Dale,"Jala Brat , Buba Corelli & Hava",11,11,2
2023-08-12,15,FE!N,Travis Scott Featuring Playboi Carti,-,15,1
2023-08-12,16,Sip,Grse,14,3,41
2023-08-12,17,Frauen,Nucci X Zera,15,8,8
2023-08-12,18,Polumesec,Teodora,17,3,11
2023-08-12,19,Vajbuje,Devito Featuring Jala Brat & Buba Corelli,18,5,11
2023-08-12,20,Sprinter,Dave & Central Cee,16,16,5
2023-08-12,21,Kocke Leda,Fox X GRCA,21,21,2
2023-08-12,22,(It Goes Like) Nanana,Peggy Gou,-,22,1
2023-08-12,23,Bibi Habibi,Tea Tairovic,22,6,11
2023-08-12,24,Meltdown,Travis Scott Featuring Drake,-,24,1
2023-08-12,25,Rolex,Devito Featuring Crni Cerak,19,6,11
2023-08-19,1,Mamma Mia,Grse,1,1,17
2023-08-19,2,Dam Dam Dam,Aleksandra Prijovic,2,2,7
2023-08-19,3,Karneval II,Sajfer,3,2,10
2023-08-19,4,Ko To Tamo,Henny x Breskvica,4,2,7
2023-08-19,5,Padam,Jala Brat & Buba Corelli & Baby It's Pablo,8,5,6
2023-08-19,6,Top,Biba,7,4,5
2023-08-19,7,Tu Tu Tu,Devito Featuring Breskvica,6,1,12
2023-08-19,8,Problema,Relja Torinno X Popovska,5,5,2
2023-08-19,9,Garava,Devito Featuring Voyage,9,3,12
2023-08-19,10,Svemir,Devito Featuring Inas,10,5,11
2023-08-19,11,Madrina,Inas,12,4,8
2023-08-19,12,Mafia,Voyage x Devito,11,6,9
2023-08-19,13,Karneval,Sajfer,13,1,47
2023-08-19,14,Ola Ola,Relja & Devito,-,14,1
2023-08-19,15,Dale,"Jala Brat , Buba Corelli & Hava",14,11,3
2023-08-19,16,Sip,Grse,16,3,42
2023-08-19,17,(It Goes Like) Nanana,Peggy Gou,22,17,2
2023-08-19,18,Frauen,Nucci X Zera,17,8,9
2023-08-19,19,Sprinter,Dave & Central Cee,20,16,6
2023-08-19,20,Vajbuje,Devito Featuring Jala Brat & Buba Corelli,19,5,12
2023-08-19,21,Kocke Leda,Fox X GRCA,21,21,3
2023-08-19,22,Bibi Habibi,Tea Tairovic,23,6,12
2023-08-19,23,Djuskavacc,Desingerica & Pljugica,-,23,1
2023-08-19,24,Rolex,Devito Featuring Crni Cerak,25,6,12
2023-08-19,25,Izrael I Palestina,Tea Tairovic,-,4,11
2023-08-26,1,Mamma Mia,Grse,1,1,18
2023-08-26,2,Dam Dam Dam,Aleksandra Prijovic,2,2,8
2023-08-26,3,Karneval II,Sajfer,3,2,11
2023-08-26,4,Padam,Jala Brat & Buba Corelli & Baby It's Pablo,5,4,7
2023-08-26,5,Ko To Tamo,Henny x Breskvica,4,2,8
2023-08-26,6,Problema,Relja Torinno X Popovska,8,5,3
2023-08-26,7,Top,Biba,6,4,6
2023-08-26,8,Tu Tu Tu,Devito Featuring Breskvica,7,1,13
2023-08-26,9,Garava,Devito Featuring Voyage,9,3,13
2023-08-26,10,Svemir,Devito Featuring Inas,10,5,12
2023-08-26,11,Karneval,Sajfer,13,1,48
2023-08-26,12,Dale,"Jala Brat , Buba Corelli & Hava",15,11,4
2023-08-26,13,Madrina,Inas,11,4,9
2023-08-26,14,Mafia,Voyage x Devito,12,6,10
2023-08-26,15,(It Goes Like) Nanana,Peggy Gou,17,15,3
2023-08-26,16,Frauen,Nucci X Zera,18,8,10
2023-08-26,17,Sip,Grse,16,3,43
2023-08-26,18,Vajbuje,Devito Featuring Jala Brat & Buba Corelli,20,5,13
2023-08-26,19,Djuskavacc,Desingerica & Pljugica,23,19,2
2023-08-26,20,Kocke Leda,Fox X GRCA,21,20,4
2023-08-26,21,Ola Ola,Relja & Devito,14,14,2
2023-08-26,22,Bibi Habibi,Tea Tairovic,22,6,13
2023-08-26,23,Izrael I Palestina,Tea Tairovic,25,4,12
2023-08-26,24,Marakesh,Jala Brat & Buba Corelli Featuring BOUNTY & COCOA x DJ Tomekk,-,24,1
2023-08-26,25,Polumesec,Teodora,-,3,12
2023-09-02,1,Mamma Mia,Grse,1,1,19
2023-09-02,2,Dam Dam Dam,Aleksandra Prijovic,2,2,9
2023-09-02,3,Ko To Tamo,Henny x Breskvica,5,2,9
2023-09-02,4,Padam,Jala Brat & Buba Corelli & Baby It's Pablo,4,4,8
2023-09-02,5,Karneval II,Sajfer,3,2,12
2023-09-02,6,Problema,Relja Torinno X Popovska,6,5,4
2023-09-02,7,Top,Biba,7,4,7
2023-09-02,8,Tu Tu Tu,Devito Featuring Breskvica,8,1,14
2023-09-02,9,Garava,Devito Featuring Voyage,9,3,14
2023-09-02,10,Svemir,Devito Featuring Inas,10,5,13
2023-09-02,11,Dale,"Jala Brat , Buba Corelli & Hava",12,11,5
2023-09-02,12,Marakesh,Jala Brat & Buba Corelli Featuring BOUNTY & COCOA x DJ Tomekk,24,12,2
2023-09-02,13,Djuskavacc,Desingerica & Pljugica,19,13,3
2023-09-02,14,Karneval,Sajfer,11,1,49
2023-09-02,15,Madrina,Inas,13,4,10
2023-09-02,16,Sip,Grse,17,3,44
2023-09-02,17,Frauen,Nucci X Zera,16,8,11
2023-09-02,18,Mafia,Voyage x Devito,14,6,11
2023-09-02,19,Kocke Leda,Fox X GRCA,20,19,5
2023-09-02,20,Vajbuje,Devito Featuring Jala Brat & Buba Corelli,18,5,14
2023-09-02,21,(It Goes Like) Nanana,Peggy Gou,15,15,4
2023-09-02,22,Paint The Town Red,Doja Cat,-,22,1
2023-09-02,23,Zivot Skup,CVIJA I COBY,-,7,21
2023-09-02,24,Izrael I Palestina,Tea Tairovic,23,4,13
2023-09-02,25,Ola Ola,Relja & Devito,21,14,3
2023-09-09,1,Svrati,Voyage,-,1,1
2023-09-09,2,Mamma Mia,Grse,1,1,20
2023-09-09,3,Dam Dam Dam,Aleksandra Prijovic,2,2,10
2023-09-09,4,Padam,Jala Brat & Buba Corelli & Baby It's Pablo,4,4,9
2023-09-09,5,Problema,Relja Torinno X Popovska,6,5,5
2023-09-09,6,Karneval II,Sajfer,5,2,13
2023-09-09,7,Ko To Tamo,Henny x Breskvica,3,2,10
2023-09-09,8,Top,Biba,7,4,8
2023-09-09,9,Djuskavacc,Desingerica & Pljugica,13,9,4
2023-09-09,10,Marakesh,Jala Brat & Buba Corelli Featuring BOUNTY & COCOA x DJ Tomekk,12,10,3
2023-09-09,11,Mango,Biba,-,11,1
2023-09-09,12,Dale,"Jala Brat , Buba Corelli & Hava",11,11,6
2023-09-09,13,Garava,Devito Featuring Voyage,9,3,15
2023-09-09,14,Tu Tu Tu,Devito Featuring Breskvica,8,1,15
2023-09-09,15,Svemir,Devito Featuring Inas,10,5,14
2023-09-09,16,Karneval,Sajfer,14,1,50
2023-09-09,17,Madrina,Inas,15,4,11
2023-09-09,18,Paint The Town Red,Doja Cat,22,18,2
2023-09-09,19,Sip,Grse,16,3,45
2023-09-09,20,Kocke Leda,Fox X GRCA,19,19,6
2023-09-09,21,Frauen,Nucci X Zera,17,8,12
2023-09-09,22,Mafia,Voyage x Devito,18,6,12
2023-09-09,23,Merccedecc,Desingerica X Pljugica X Djexon X Coja,-,22,3
2023-09-09,24,(It Goes Like) Nanana,Peggy Gou,21,15,5
2023-09-09,25,Vajbuje,Devito Featuring Jala Brat & Buba Corelli,20,5,15
2023-09-16,1,Svrati,Voyage,1,1,2
2023-09-16,2,Dam Dam Dam,Aleksandra Prijovic,3,2,11
2023-09-16,3,Mamma Mia,Grse,2,1,21
2023-09-16,4,Djuskavacc,Desingerica & Pljugica,9,4,5
2023-09-16,5,Padam,Jala Brat & Buba Corelli & Baby It's Pablo,4,4,10
2023-09-16,6,Marakesh,Jala Brat & Buba Corelli Featuring BOUNTY & COCOA x DJ Tomekk,10,6,4
2023-09-16,7,Karneval II,Sajfer,6,2,14
2023-09-16,8,Problema,Relja Torinno X Popovska,5,5,6
2023-09-16,9,Ko To Tamo,Henny x Breskvica,7,2,11
2023-09-16,10,Top,Biba,8,4,9
2023-09-16,11,Dale,"Jala Brat , Buba Corelli & Hava",12,11,7
2023-09-16,12,Mango,Biba,11,11,2
2023-09-16,13,Merccedecc,Desingerica X Pljugica X Djexon X Coja,23,13,4
2023-09-16,14,Tu Tu Tu,Devito Featuring Breskvica,14,1,16
2023-09-16,15,Paint The Town Red,Doja Cat,18,15,3
2023-09-16,16,Svemir,Devito Featuring Inas,15,5,15
2023-09-16,17,Karneval,Sajfer,16,1,51
2023-09-16,18,Garava,Devito Featuring Voyage,13,3,16
2023-09-16,19,Madrina,Inas,17,4,12
2023-09-16,20,Sip,Grse,19,3,46
2023-09-16,21,Izrael I Palestina,Tea Tairovic,-,4,14
2023-09-16,22,Kocke Leda,Fox X GRCA,20,19,7
2023-09-16,23,Frauen,Nucci X Zera,21,8,13
2023-09-16,24,Vajbuje,Devito Featuring Jala Brat & Buba Corelli,25,5,16
2023-09-16,25,Mafia,Voyage x Devito,22,6,13
2023-09-23,1,Dam Dam Dam,Aleksandra Prijovic,2,1,12
2023-09-23,2,Djuskavacc,Desingerica & Pljugica,4,2,6
2023-09-23,3,Mamma Mia,Grse,3,1,22
2023-09-23,4,Padam,Jala Brat & Buba Corelli & Baby It's Pablo,5,4,11
2023-09-23,5,Marakesh,Jala Brat & Buba Corelli Featuring BOUNTY & COCOA x DJ Tomekk,6,5,5
2023-09-23,6,Svrati,Voyage,1,1,3
2023-09-23,7,Flecc,Desingerica & Pljugica,-,7,1
2023-09-23,8,Problema,Relja Torinno X Popovska,8,5,7
2023-09-23,9,Dale,"Jala Brat , Buba Corelli & Hava",11,9,8
2023-09-23,10,Ko To Tamo,Henny x Breskvica,9,2,12
2023-09-23,11,Karneval II,Sajfer,7,2,15
2023-09-23,12,Top,Biba,10,4,10
2023-09-23,13,Merccedecc,Desingerica X Pljugica X Djexon X Coja,13,13,5
2023-09-23,14,Mango,Biba,12,11,3
2023-09-23,15,Tu Tu Tu,Devito Featuring Breskvica,14,1,17
2023-09-23,16,Svemir,Devito Featuring Inas,16,5,16
2023-09-23,17,Karneval,Sajfer,17,1,52
2023-09-23,18,Paint The Town Red,Doja Cat,15,15,4
2023-09-23,19,Garava,Devito Featuring Voyage,18,3,17
2023-09-23,20,Madrina,Inas,19,4,13
2023-09-23,21,Kocke Leda,Fox X GRCA,22,19,8
2023-09-23,22,Vajbuje,Devito Featuring Jala Brat & Buba Corelli,24,5,17
2023-09-23,23,Sip,Grse,20,3,47
2023-09-23,24,Izrael I Palestina,Tea Tairovic,21,4,15
2023-09-23,25,Frauen,Nucci X Zera,23,8,14
2023-09-30,1,Dam Dam Dam,Aleksandra Prijovic,1,1,13
2023-09-30,2,Djuskavacc,Desingerica & Pljugica,2,2,7
2023-09-30,3,Padam,Jala Brat & Buba Corelli & Baby It's Pablo,4,3,12
2023-09-30,4,Mamma Mia,Grse,3,1,23
2023-09-30,5,Marakesh,Jala Brat & Buba Corelli Featuring BOUNTY & COCOA x DJ Tomekk,5,5,6
2023-09-30,6,Svrati,Voyage,6,1,4
2023-09-30,7,Dale,"Jala Brat , Buba Corelli & Hava",9,7,9
2023-09-30,8,Flecc,Desingerica & Pljugica,7,7,2
2023-09-30,9,Ko To Tamo,Henny x Breskvica,10,2,13
2023-09-30,10,Karneval II,Sajfer,11,2,16
2023-09-30,11,Problema,Relja Torinno X Popovska,8,5,8
2023-09-30,12,Merccedecc,Desingerica X Pljugica X Djexon X Coja,13,12,6
2023-09-30,13,Top,Biba,12,4,11
2023-09-30,14,Block Life,Voyage X MERO,-,14,1
2023-09-30,15,Mango,Biba,14,11,4
2023-09-30,16,Svemir,Devito Featuring Inas,16,5,17
2023-09-30,17,Karneval,Sajfer,17,1,53
2023-09-30,18,Paint The Town Red,Doja Cat,18,15,5
2023-09-30,19,Tu Tu Tu,Devito Featuring Breskvica,15,1,18
2023-09-30,20,Garava,Devito Featuring Voyage,19,3,18
2023-09-30,21,Madrina,Inas,20,4,14
2023-09-30,22,Sip,Grse,23,3,48
2023-09-30,23,Frauen,Nucci X Zera,25,8,15
2023-09-30,24,Izrael I Palestina,Tea Tairovic,24,4,16
2023-09-30,25,Vajbuje,Devito Featuring Jala Brat & Buba Corelli,22,5,18
2023-10-07,1,Dam Dam Dam,Aleksandra Prijovic,1,1,14
2023-10-07,2,Mamma Mia,Grse,4,1,24
2023-10-07,3,Djuskavacc,Desingerica & Pljugica,2,2,8
2023-10-07,4,Padam,Jala Brat & Buba Corelli & Baby It's Pablo,3,3,13
2023-10-07,5,Marakesh,Jala Brat & Buba Corelli Featuring BOUNTY & COCOA x DJ Tomekk,5,5,7
2023-10-07,6,Dale,"Jala Brat , Buba Corelli & Hava",7,6,10
2023-10-07,7,Svrati,Voyage,6,1,5
2023-10-07,8,Ko To Tamo,Henny x Breskvica,9,2,14
2023-10-07,9,Flecc,Desingerica & Pljugica,8,7,3
2023-10-07,10,Karneval II,Sajfer,10,2,17
2023-10-07,11,Problema,Relja Torinno X Popovska,11,5,9
2023-10-07,12,Rizik,Dzejla Ramovic Featuring Henny,-,12,1
2023-10-07,13,Merccedecc,Desingerica X Pljugica X Djexon X Coja,12,12,7
2023-10-07,14,Top,Biba,13,4,12
2023-10-07,15,Svemir,Devito Featuring Inas,16,5,18
2023-10-07,16,Karneval,Sajfer,17,1,54
2023-10-07,17,Mango,Biba,15,11,5
2023-10-07,18,Block Life,Voyage X MERO,14,14,2
2023-10-07,19,Tu Tu Tu,Devito Featuring Breskvica,19,1,19
2023-10-07,20,Garava,Devito Featuring Voyage,20,3,19
2023-10-07,21,Paint The Town Red,Doja Cat,18,15,6
2023-10-07,22,Madrina,Inas,21,4,15
2023-10-07,23,Sip,Grse,22,3,49
2023-10-07,24,Izrael I Palestina,Tea Tairovic,24,4,17
2023-10-07,25,Kucketina,Milica Pavlovic,-,25,1
2023-10-14,1,Dam Dam Dam,Aleksandra Prijovic,1,1,15
2023-10-14,2,Devet Zivota,Aleksandra Prijovic,-,2,1
2023-10-14,3,Rizik,Dzejla Ramovic Featuring Henny,12,3,2
2023-10-14,4,Padam,Jala Brat & Buba Corelli & Baby It's Pablo,4,3,14
2023-10-14,5,Mamma Mia,Grse,2,1,25
2023-10-14,6,Marakesh,Jala Brat & Buba Corelli Featuring BOUNTY & COCOA x DJ Tomekk,5,5,8
2023-10-14,7,Djuskavacc,Desingerica & Pljugica,3,2,9
2023-10-14,8,Patron,Biba X Seksi,-,8,1
2023-10-14,9,Dale,"Jala Brat , Buba Corelli & Hava",6,6,11
2023-10-14,10,Karneval II,Sajfer,10,2,18
2023-10-14,11,Svrati,Voyage,7,1,6
2023-10-14,12,Flecc,Desingerica & Pljugica,9,7,4
2023-10-14,13,Ko To Tamo,Henny x Breskvica,8,2,15
2023-10-14,14,Problema,Relja Torinno X Popovska,11,5,10
2023-10-14,15,Merccedecc,Desingerica X Pljugica X Djexon X Coja,13,12,8
2023-10-14,16,Svemir,Devito Featuring Inas,15,5,19
2023-10-14,17,Top,Biba,14,4,13
2023-10-14,18,Karneval,Sajfer,16,1,55
2023-10-14,19,Psiho,Aleksandra Prijovic,-,19,1
2023-10-14,20,Mango,Biba,17,11,6
2023-10-14,21,Pijesak,Igor Buzov X Buba Corelli,-,21,1
2023-10-14,22,Placebo,Aleksandra Prijovic,-,22,1
2023-10-14,23,Tu Tu Tu,Devito Featuring Breskvica,19,1,20
2023-10-14,24,Chigirigi,Nucci,-,24,1
2023-10-14,25,Ja Sam Odlicno,Aleksandra Prijovic,-,10,14
2023-10-21,1,Dam Dam Dam,Aleksandra Prijovic,1,1,16
2023-10-21,2,Devet Zivota,Aleksandra Prijovic,2,2,2
2023-10-21,3,Pola Sunca,Marija Serifovic & Matija Cvek,-,3,1
2023-10-21,4,Rizik,Dzejla Ramovic Featuring Henny,3,3,3
2023-10-21,5,Patron,Biba X Seksi,8,5,2
2023-10-21,6,Padam,Jala Brat & Buba Corelli & Baby It's Pablo,4,3,15
2023-10-21,7,Marakesh,Jala Brat & Buba Corelli Featuring BOUNTY & COCOA x DJ Tomekk,6,5,9
2023-10-21,8,Dale,"Jala Brat , Buba Corelli & Hava",9,6,12
2023-10-21,9,Djuskavacc,Desingerica & Pljugica,7,2,10
2023-10-21,10,Mamma Mia,Grse,5,1,26
2023-10-21,11,Karneval II,Sajfer,10,2,19
2023-10-21,12,Flecc,Desingerica & Pljugica,12,7,5
2023-10-21,13,Ko To Tamo,Henny x Breskvica,13,2,16
2023-10-21,14,Psiho,Aleksandra Prijovic,19,14,2
2023-10-21,15,Ja Sam Odlicno,Aleksandra Prijovic,25,10,15
2023-10-21,16,Problema,Relja Torinno X Popovska,14,5,11
2023-10-21,17,Svrati,Voyage,11,1,7
2023-10-21,18,Sve Po Starom,Aleksandra Prijovic,-,18,1
2023-10-21,19,Merccedecc,Desingerica X Pljugica X Djexon X Coja,15,12,9
2023-10-21,20,Svemir,Devito Featuring Inas,16,5,20
2023-10-21,21,Placebo,Aleksandra Prijovic,22,21,2
2023-10-21,22,Karneval,Sajfer,18,1,56
2023-10-21,23,Top,Biba,17,4,14
2023-10-21,24,Legitimno,Aleksandra Prijovic,-,24,1
2023-10-21,25,Kuca Strave,Aleksandra Prijovic,-,24,2
2023-10-28,1,Dam Dam Dam,Aleksandra Prijovic,1,1,17
2023-10-28,2,Devet Zivota,Aleksandra Prijovic,2,2,3
2023-10-28,3,Rizik,Dzejla Ramovic Featuring Henny,4,3,4
2023-10-28,4,Pola Sunca,Marija Serifovic & Matija Cvek,3,3,2
2023-10-28,5,Padam,Jala Brat & Buba Corelli & Baby It's Pablo,6,3,16
2023-10-28,6,Marakesh,Jala Brat & Buba Corelli Featuring BOUNTY & COCOA x DJ Tomekk,7,5,10
2023-10-28,7,Dale,"Jala Brat , Buba Corelli & Hava",8,6,13
2023-10-28,8,Patron,Biba X Seksi,5,5,3
2023-10-28,9,Mamma Mia,Grse,10,1,27
2023-10-28,10,Djuskavacc,Desingerica & Pljugica,9,2,11
2023-10-28,11,Karneval II,Sajfer,11,2,20
2023-10-28,12,Flecc,Desingerica & Pljugica,12,7,6
2023-10-28,13,Ko To Tamo,Henny x Breskvica,13,2,17
2023-10-28,14,Problema,Relja Torinno X Popovska,16,5,12
2023-10-28,15,Ja Sam Odlicno,Aleksandra Prijovic,15,10,16
2023-10-28,16,Psiho,Aleksandra Prijovic,14,14,3
2023-10-28,17,Merccedecc,Desingerica X Pljugica X Djexon X Coja,19,12,10
2023-10-28,18,Svemir,Devito Featuring Inas,20,5,21
2023-10-28,19,Svrati,Voyage,17,1,8
2023-10-28,20,Placebo,Aleksandra Prijovic,21,20,3
2023-10-28,21,Sve Po Starom,Aleksandra Prijovic,18,18,2
2023-10-28,22,Karneval,Sajfer,22,1,57
2023-10-28,23,Prvi Si Poceo,Aleksandra Prijovic,-,23,1
2023-10-28,24,Rari,Petrov,-,24,1
2023-10-28,25,Top,Biba,23,4,15
2023-11-04,1,Dam Dam Dam,Aleksandra Prijovic,1,1,18
2023-11-04,2,Devet Zivota,Aleksandra Prijovic,2,2,4
2023-11-04,3,Rizik,Dzejla Ramovic Featuring Henny,3,3,5
2023-11-04,4,Padam,Jala Brat & Buba Corelli & Baby It's Pablo,5,3,17
2023-11-04,5,Marakesh,Jala Brat & Buba Corelli Featuring BOUNTY & COCOA x DJ Tomekk,6,5,11
2023-11-04,6,Dale,"Jala Brat , Buba Corelli & Hava",7,6,14
2023-11-04,7,Patron,Biba X Seksi,8,5,4
2023-11-04,8,Karneval II,Sajfer,11,2,21
2023-11-04,9,Mamma Mia,Grse,9,1,28
2023-11-04,10,Pola Sunca,Marija Serifovic & Matija Cvek,4,3,3
2023-11-04,11,Ko To Tamo,Henny x Breskvica,13,2,18
2023-11-04,12,Djuskavacc,Desingerica & Pljugica,10,2,12
2023-11-04,13,Flecc,Desingerica & Pljugica,12,7,7
2023-11-04,14,Problema,Relja Torinno X Popovska,14,5,13
2023-11-04,15,Superstar,Seksi,-,15,1
2023-11-04,16,Psiho,Aleksandra Prijovic,16,14,4
2023-11-04,17,Merccedecc,Desingerica X Pljugica X Djexon X Coja,17,12,11
2023-11-04,18,Goodfellas,Jala Brat & Buba Corelli & FT Kings,-,13,5
2023-11-04,19,Ja Sam Odlicno,Aleksandra Prijovic,15,10,17
2023-11-04,20,Svrati,Voyage,19,1,9
2023-11-04,21,Svemir,Devito Featuring Inas,18,5,22
2023-11-04,22,Placebo,Aleksandra Prijovic,20,20,4
2023-11-04,23,Randevu,Jala Brat,-,23,1
2023-11-04,24,Karneval,Sajfer,22,1,58
2023-11-04,25,Rari,Petrov,24,24,2
2023-11-11,1,Dam Dam Dam,Aleksandra Prijovic,1,1,19
2023-11-11,2,Devet Zivota,Aleksandra Prijovic,2,2,5
2023-11-11,3,Padam,Jala Brat & Buba Corelli & Baby It's Pablo,4,3,18
2023-11-11,4,Marakesh,Jala Brat & Buba Corelli Featuring BOUNTY & COCOA x DJ Tomekk,5,4,12
2023-11-11,5,Rizik,Dzejla Ramovic Featuring Henny,3,3,6
2023-11-11,6,Dale,"Jala Brat , Buba Corelli & Hava",6,6,15
2023-11-11,7,Mamma Mia,Grse,9,1,29
2023-11-11,8,Karneval II,Sajfer,8,2,22
2023-11-11,9,Patron,Biba X Seksi,7,5,5
2023-11-11,10,Ko To Tamo,Henny x Breskvica,11,2,19
2023-11-11,11,Djuskavacc,Desingerica & Pljugica,12,2,13
2023-11-11,12,Flecc,Desingerica & Pljugica,13,7,8
2023-11-11,13,Problema,Relja Torinno X Popovska,14,5,14
2023-11-11,14,Ruzmarin,Sanja Vucic X Nucci,-,14,1
2023-11-11,15,Goodfellas,Jala Brat & Buba Corelli & FT Kings,18,13,6
2023-11-11,16,Is It Over Now? (Taylor's Version) [From The Vault],Taylor Swift,-,16,1
2023-11-11,17,Merccedecc,Desingerica X Pljugica X Djexon X Coja,17,12,12
2023-11-11,18,Svemir,Devito Featuring Inas,21,5,23
2023-11-11,19,Pola Sunca,Marija Serifovic & Matija Cvek,10,3,4
2023-11-11,20,Karneval,Sajfer,24,1,59
2023-11-11,21,Svrati,Voyage,20,1,10
2023-11-11,22,Psiho,Aleksandra Prijovic,16,14,5
2023-11-11,23,Superstar,Seksi,15,15,2
2023-11-11,24,Kucketina,Milica Pavlovic,-,24,2
2023-11-11,25,Ja Sam Odlicno,Aleksandra Prijovic,19,10,18
2023-11-18,1,Dam Dam Dam,Aleksandra Prijovic,1,1,20
2023-11-18,2,Do Gole Koze,Breskvica,-,2,1
2023-11-18,3,Ruzmarin,Sanja Vucic X Nucci,14,3,2
2023-11-18,4,Devet Zivota,Aleksandra Prijovic,2,2,6
2023-11-18,5,Padam,Jala Brat & Buba Corelli & Baby It's Pablo,3,3,19
2023-11-18,6,Dale,"Jala Brat , Buba Corelli & Hava",6,6,16
2023-11-18,7,Rizik,Dzejla Ramovic Featuring Henny,5,3,7
2023-11-18,8,Marakesh,Jala Brat & Buba Corelli Featuring BOUNTY & COCOA x DJ Tomekk,4,4,13
2023-11-18,9,Mamma Mia,Grse,7,1,30
2023-11-18,10,Capcarap,Cunami Flo,-,10,1
2023-11-18,11,Ko To Tamo,Henny x Breskvica,10,2,20
2023-11-18,12,Superstar,Seksi,23,12,3
2023-11-18,13,Problema,Relja Torinno X Popovska,13,5,15
2023-11-18,14,Patron,Biba X Seksi,9,5,6
2023-11-18,15,Goodfellas,Jala Brat & Buba Corelli & FT Kings,15,13,7
2023-11-18,16,Flecc,Desingerica & Pljugica,12,7,9
2023-11-18,17,Karneval II,Sajfer,8,2,23
2023-11-18,18,Djuskavacc,Desingerica & Pljugica,11,2,14
2023-11-18,19,Dene Dene,Sanja Vucic,-,19,1
2023-11-18,20,Karneval,Sajfer,20,1,60
2023-11-18,21,Svemir,Devito Featuring Inas,18,5,24
2023-11-18,22,Svrati,Voyage,21,1,11
2023-11-18,23,Kucketina,Milica Pavlovic,24,23,3
2023-11-18,24,Psiho,Aleksandra Prijovic,22,14,6
2023-11-18,25,Ja Sam Odlicno,Aleksandra Prijovic,25,10,19
2023-11-25,1,CCokolada,Desingerica,-,1,1
2023-11-25,2,Dam Dam Dam,Aleksandra Prijovic,1,1,21
2023-11-25,3,Do Gole Koze,Breskvica,2,2,2
2023-11-25,4,Ruzmarin,Sanja Vucic X Nucci,3,3,3
2023-11-25,5,Capcarap,Cunami Flo,10,5,2
2023-11-25,6,Padam,Jala Brat & Buba Corelli & Baby It's Pablo,5,3,20
2023-11-25,7,Devet Zivota,Aleksandra Prijovic,4,2,7
2023-11-25,8,Marakesh,Jala Brat & Buba Corelli Featuring BOUNTY & COCOA x DJ Tomekk,8,4,14
2023-11-25,9,Djuskavacc,Desingerica & Pljugica,18,2,15
2023-11-25,10,Rizik,Dzejla Ramovic Featuring Henny,7,3,8
2023-11-25,11,Dale,"Jala Brat , Buba Corelli & Hava",6,6,17
2023-11-25,12,Superstar,Seksi,12,12,4
2023-11-25,13,Flecc,Desingerica & Pljugica,16,7,10
2023-11-25,14,Mamma Mia,Grse,9,1,31
2023-11-25,15,Ko To Tamo,Henny x Breskvica,11,2,21
2023-11-25,16,Karneval II,Sajfer,17,2,24
2023-11-25,17,Problema,Relja Torinno X Popovska,13,5,16
2023-11-25,18,Merccedecc,Desingerica X Pljugica X Djexon X Coja,-,12,13
2023-11-25,19,Patron,Biba X Seksi,14,5,7
2023-11-25,20,Goodfellas,Jala Brat & Buba Corelli & FT Kings,15,13,8
2023-11-25,21,Pola Sunca,Marija Serifovic & Matija Cvek,-,3,5
2023-11-25,22,Karneval,Sajfer,20,1,61
2023-11-25,23,Houdini,Dua Lipa,-,23,1
2023-11-25,24,Svemir,Devito Featuring Inas,21,5,25
2023-11-25,25,Svrati,Voyage,22,1,12
2023-12-02,1,CCokolada,Desingerica,1,1,2
2023-12-02,2,Dam Dam Dam,Aleksandra Prijovic,2,1,22
2023-12-02,3,Pismo,Rasta,-,3,1
2023-12-02,4,Ruzmarin,Sanja Vucic X Nucci,4,3,4
2023-12-02,5,Do Gole Koze,Breskvica,3,2,3
2023-12-02,6,Capcarap,Cunami Flo,5,5,3
2023-12-02,7,Padam,Jala Brat & Buba Corelli & Baby It's Pablo,6,3,21
2023-12-02,8,Rodendan,Rasta,-,8,1
2023-12-02,9,Djuskavacc,Desingerica & Pljugica,9,2,16
2023-12-02,10,Devet Zivota,Aleksandra Prijovic,7,2,8
2023-12-02,11,Marakesh,Jala Brat & Buba Corelli Featuring BOUNTY & COCOA x DJ Tomekk,8,4,15
2023-12-02,12,Flecc,Desingerica & Pljugica,13,7,11
2023-12-02,13,Mamma Mia,Grse,14,1,32
2023-12-02,14,Rizik,Dzejla Ramovic Featuring Henny,10,3,9
2023-12-02,15,Dale,"Jala Brat , Buba Corelli & Hava",11,6,18
2023-12-02,16,Dozivotna,Rasta,-,16,1
2023-12-02,17,Pola Sunca,Marija Serifovic & Matija Cvek,21,3,6
2023-12-02,18,Superstar,Seksi,12,12,5
2023-12-02,19,Merccedecc,Desingerica X Pljugica X Djexon X Coja,18,12,14
2023-12-02,20,Ko To Tamo,Henny x Breskvica,15,2,22
2023-12-02,21,Problema,Relja Torinno X Popovska,17,5,17
2023-12-02,22,Karneval II,Sajfer,16,2,25
2023-12-02,23,Kavez,Rasta,-,23,1
2023-12-02,24,Pola Sunca,Dana & TOMA,-,24,1
2023-12-02,25,Karneval,Sajfer,22,1,62
2023-12-09,1,CCokolada,Desingerica,1,1,3
2023-12-09,2,Dam Dam Dam,Aleksandra Prijovic,2,1,23
2023-12-09,3,Pismo,Rasta,3,3,2
2023-12-09,4,Ruzmarin,Sanja Vucic X Nucci,4,3,5
2023-12-09,5,Do Gole Koze,Breskvica,5,2,4
2023-12-09,6,Fortnite,Crni Cerak,-,6,1
2023-12-09,7,Rodendan,Rasta,8,7,2
2023-12-09,8,Padam,Jala Brat & Buba Corelli & Baby It's Pablo,7,3,22
2023-12-09,9,Capcarap,Cunami Flo,6,5,4
2023-12-09,10,Devet Zivota,Aleksandra Prijovic,10,2,9
2023-12-09,11,Djuskavacc,Desingerica & Pljugica,9,2,17
2023-12-09,12,Marakesh,Jala Brat & Buba Corelli Featuring BOUNTY & COCOA x DJ Tomekk,11,4,16
2023-12-09,13,Mamma Mia,Grse,13,1,33
2023-12-09,14,Rizik,Dzejla Ramovic Featuring Henny,14,3,10
2023-12-09,15,Sreda,Lacku,-,15,1
2023-12-09,16,Dale,"Jala Brat , Buba Corelli & Hava",15,6,19
2023-12-09,17,Flecc,Desingerica & Pljugica,12,7,12
2023-12-09,18,Ko To Tamo,Henny x Breskvica,20,2,23
2023-12-09,19,Merccedecc,Desingerica X Pljugica X Djexon X Coja,19,12,15
2023-12-09,20,Superstar,Seksi,18,12,6
2023-12-09,21,All I Want For Christmas Is You,Mariah Carey,-,5,6
2023-12-09,22,Karneval II,Sajfer,22,2,26
2023-12-09,23,Problema,Relja Torinno X Popovska,21,5,18
2023-12-09,24,Pola Sunca,Marija Serifovic & Matija Cvek,17,3,7
2023-12-09,25,Last Christmas,Wham!,-,4,6
2023-12-16,1,Dam Dam Dam,Aleksandra Prijovic,2,1,24
2023-12-16,2,CCokolada,Desingerica,1,1,4
2023-12-16,3,Devet Zivota,Aleksandra Prijovic,10,2,10
2023-12-16,4,All I Want For Christmas Is You,Mariah Carey,21,4,7
2023-12-16,5,Last Christmas,Wham!,25,4,7
2023-12-16,6,Sve Po Starom,Aleksandra Prijovic,-,6,3
2023-12-16,7,Ja Sam Odlicno,Aleksandra Prijovic,-,7,20
2023-12-16,8,Pismo,Rasta,3,3,3
2023-12-16,9,Psiho,Aleksandra Prijovic,-,9,7
2023-12-16,10,Ruzmarin,Sanja Vucic X Nucci,4,3,6
2023-12-16,11,Placebo,Aleksandra Prijovic,-,11,5
2023-12-16,12,Padam,Jala Brat & Buba Corelli & Baby It's Pablo,8,3,23
2023-12-16,13,Jao Mama,Coby & Rouzi,-,13,1
2023-12-16,14,Prvi Si Poceo,Aleksandra Prijovic,-,14,2
2023-12-16,15,Do Gole Koze,Breskvica,5,2,5
2023-12-16,16,Rodendan,Rasta,7,7,3
2023-12-16,17,Capcarap,Cunami Flo,9,5,5
2023-12-16,18,Marakesh,Jala Brat & Buba Corelli Featuring BOUNTY & COCOA x DJ Tomekk,12,4,17
2023-12-16,19,Rockin' Around The Christmas Tree,Brenda Lee,-,10,4
2023-12-16,20,Fortnite,Crni Cerak,6,6,2
2023-12-16,21,Kuca Strave,Aleksandra Prijovic,-,21,3
2023-12-16,22,Mars,Aleksandra Prijovic,-,12,8
2023-12-16,23,Legitimno,Aleksandra Prijovic,-,23,2
2023-12-16,24,Karneval II,Sajfer,22,2,27
2023-12-16,25,Mamma Mia,Grse,13,1,34
2023-12-23,1,Jao Mama,Coby & Rouzi,13,1,2
2023-12-23,2,CCokolada,Desingerica,2,1,5
2023-12-23,3,Dam Dam Dam,Aleksandra Prijovic,1,1,25
2023-12-23,4,Devet Zivota,Aleksandra Prijovic,3,2,11
2023-12-23,5,Lazes Me Ljubavi,Barbara Bobak,-,5,1
2023-12-23,6,Barbarizam,Barbara Bobak,-,6,1
2023-12-23,7,Ccuti,Desingerica X Zera,-,7,1
2023-12-23,8,All I Want For Christmas Is You,Mariah Carey,4,4,8
2023-12-23,9,Last Christmas,Wham!,5,4,8
2023-12-23,10,Sve Po Starom,Aleksandra Prijovic,6,6,4
2023-12-23,11,Ruzmarin,Sanja Vucic X Nucci,10,3,7
2023-12-23,12,Padam,Jala Brat & Buba Corelli & Baby It's Pablo,12,3,24
2023-12-23,13,Pismo,Rasta,8,3,4
2023-12-23,14,Do Gole Koze,Breskvica,15,2,6
2023-12-23,15,Rockin' Around The Christmas Tree,Brenda Lee,19,10,5
2023-12-23,16,Ja Sam Odlicno,Aleksandra Prijovic,7,7,21
2023-12-23,17,Marakesh,Jala Brat & Buba Corelli Featuring BOUNTY & COCOA x DJ Tomekk,18,4,18
2023-12-23,18,Psiho,Aleksandra Prijovic,9,9,8
2023-12-23,19,Fortnite,Crni Cerak,20,6,3
2023-12-23,20,Mamma Mia,Grse,25,1,35
2023-12-23,21,Capcarap,Cunami Flo,17,5,6
2023-12-23,22,Rodendan,Rasta,16,7,4
2023-12-23,23,Karneval II,Sajfer,24,2,28
2023-12-23,24,Djuskavacc,Desingerica & Pljugica,-,2,18
2023-12-23,25,Zimski III,Biba,-,25,1
2023-12-30,1,Jao Mama,Coby & Rouzi,1,1,3
2023-12-30,2,Ccuti,Desingerica X Zera,7,2,2
2023-12-30,3,CCokolada,Desingerica,2,1,6
2023-12-30,4,Dam Dam Dam,Aleksandra Prijovic,3,1,26
2023-12-30,5,Lazes Me Ljubavi,Barbara Bobak,5,5,2
2023-12-30,6,Barbarizam,Barbara Bobak,6,6,2
2023-12-30,7,Last Christmas,Wham!,9,4,9
2023-12-30,8,All I Want For Christmas Is You,Mariah Carey,8,4,9
2023-12-30,9,Devet Zivota,Aleksandra Prijovic,4,2,12
2023-12-30,10,Ruzmarin,Sanja Vucic X Nucci,11,3,8
2023-12-30,11,Rockin' Around The Christmas Tree,Brenda Lee,15,10,6
2023-12-30,12,Padam,Jala Brat & Buba Corelli & Baby It's Pablo,12,3,25
2023-12-30,13,Sve Po Starom,Aleksandra Prijovic,10,6,5
2023-12-30,14,Marakesh,Jala Brat & Buba Corelli Featuring BOUNTY & COCOA x DJ Tomekk,17,4,19
2023-12-30,15,Karneval II,Sajfer,23,2,29
2023-12-30,16,Do Gole Koze,Breskvica,14,2,7
2023-12-30,17,Bozic Bijeli,Dalmatino,-,11,2
2023-12-30,18,Mamma Mia,Grse,20,1,36
2023-12-30,19,Snowman,Sia,-,19,2
2023-12-30,20,Djuskavacc,Desingerica & Pljugica,24,2,19
2023-12-30,21,Pismo,Rasta,13,3,5
2023-12-30,22,Fortnite,Crni Cerak,19,6,4
2023-12-30,23,Ko To Tamo,Henny x Breskvica,-,2,24
2023-12-30,24,Dale,"Jala Brat , Buba Corelli & Hava",-,6,20
2023-12-30,25,Rodendan,Rasta,22,7,5
2024-01-06,1,Jao Mama,Coby & Rouzi,1,1,4
2024-01-06,2,Ccuti,Desingerica X Zera,2,2,3
2024-01-06,3,CCokolada,Desingerica,3,1,7
2024-01-06,4,Last Christmas,Wham!,7,4,10
2024-01-06,5,All I Want For Christmas Is You,Mariah Carey,8,4,10
2024-01-06,6,Dam Dam Dam,Aleksandra Prijovic,4,1,27
2024-01-06,7,Lazes Me Ljubavi,Barbara Bobak,5,5,3
2024-01-06,8,Barbarizam,Barbara Bobak,6,6,3
2024-01-06,9,Rockin' Around The Christmas Tree,Brenda Lee,11,9,7
2024-01-06,10,Bozic Bijeli,Dalmatino,17,10,3
2024-01-06,11,Bozic Dolazi,Srebrna Krila,-,11,1
2024-01-06,12,Jingle Bell Rock,Bobby Helms,-,12,2
2024-01-06,13,Snowman,Sia,19,13,3
2024-01-06,14,It's Beginning To Look A Lot Like Christmas,Michael Buble,-,14,3
2024-01-06,15,Let It Snow! Let It Snow! Let It Snow!,Dean Martin,-,15,1
2024-01-06,16,Devet Zivota,Aleksandra Prijovic,9,2,13
2024-01-06,17,Ruzmarin,Sanja Vucic X Nucci,10,3,9
2024-01-06,18,Padam,Jala Brat & Buba Corelli & Baby It's Pablo,12,3,26
2024-01-06,19,Feliz Navidad,Jose Feliciano,-,19,1
2024-01-06,20,It's The Most Wonderful Time Of The Year,Andy Williams,-,20,1
2024-01-06,21,Karneval II,Sajfer,15,2,30
2024-01-06,22,Santa Tell Me,Ariana Grande,-,22,2
2024-01-06,23,Mamma Mia,Grse,18,1,37
2024-01-06,24,Petrov,Petrov,-,24,1
2024-01-06,25,Marakesh,Jala Brat & Buba Corelli Featuring BOUNTY & COCOA x DJ Tomekk,14,4,20
2024-01-13,1,Jao Mama,Coby & Rouzi,1,1,5
2024-01-13,2,Ccuti,Desingerica X Zera,2,2,4
2024-01-13,3,Dam Dam Dam,Aleksandra Prijovic,6,1,28
2024-01-13,4,CCokolada,Desingerica,3,1,8
2024-01-13,5,Lazes Me Ljubavi,Barbara Bobak,7,5,4
2024-01-13,6,Barbarizam,Barbara Bobak,8,6,4
2024-01-13,7,Padam,Jala Brat & Buba Corelli & Baby It's Pablo,18,3,27
2024-01-13,8,Petrov,Petrov,24,8,2
2024-01-13,9,Devet Zivota,Aleksandra Prijovic,16,2,14
2024-01-13,10,Ruzmarin,Sanja Vucic X Nucci,17,3,10
2024-01-13,11,Mamma Mia,Grse,23,1,38
2024-01-13,12,Karneval II,Sajfer,21,2,31
2024-01-13,13,Marakesh,Jala Brat & Buba Corelli Featuring BOUNTY & COCOA x DJ Tomekk,25,4,21
2024-01-13,14,Do Gole Koze,Breskvica,-,2,8
2024-01-13,15,Fortnite,Crni Cerak,-,6,5
2024-01-13,16,Dale,"Jala Brat , Buba Corelli & Hava",-,6,21
2024-01-13,17,Djuskavacc,Desingerica & Pljugica,-,2,20
2024-01-13,18,Sve Po Starom,Aleksandra Prijovic,-,6,6
2024-01-13,19,Kucketina,Milica Pavlovic,-,19,4
2024-01-13,20,Ko To Tamo,Henny x Breskvica,-,2,25
2024-01-13,21,Merccedecc,Desingerica X Pljugica X Djexon X Coja,-,12,16
2024-01-13,22,Capcarap,Cunami Flo,-,5,7
2024-01-13,23,Ja Sam Odlicno,Aleksandra Prijovic,-,7,22
2024-01-13,24,Problema,Relja Torinno X Popovska,-,5,19
2024-01-13,25,Nesto Mi Govori,Stoja,-,20,4
2024-01-20,1,Jao Mama,Coby & Rouzi,1,1,6
2024-01-20,2,Ccuti,Desingerica X Zera,2,2,5
2024-01-20,3,Dam Dam Dam,Aleksandra Prijovic,3,1,29
2024-01-20,4,CCokolada,Desingerica,4,1,9
2024-01-20,5,Barbarizam,Barbara Bobak,6,5,5
2024-01-20,6,Lazes Me Ljubavi,Barbara Bobak,5,5,5
2024-01-20,7,Petrov,Petrov,8,7,3
2024-01-20,8,Ruzmarin,Sanja Vucic X Nucci,10,3,11
2024-01-20,9,Padam,Jala Brat & Buba Corelli & Baby It's Pablo,7,3,28
2024-01-20,10,Devet Zivota,Aleksandra Prijovic,9,2,15
2024-01-20,11,Marakesh,Jala Brat & Buba Corelli Featuring BOUNTY & COCOA x DJ Tomekk,13,4,22
2024-01-20,12,Karneval II,Sajfer,12,2,32
2024-01-20,13,Fortnite,Crni Cerak,15,6,6
2024-01-20,14,Mamma Mia,Grse,11,1,39
2024-01-20,15,Do Gole Koze,Breskvica,14,2,9
2024-01-20,16,Dale,"Jala Brat , Buba Corelli & Hava",16,6,22
2024-01-20,17,Sve Po Starom,Aleksandra Prijovic,18,6,7
2024-01-20,18,Djuskavacc,Desingerica & Pljugica,17,2,21
2024-01-20,19,Kucketina,Milica Pavlovic,19,19,5
2024-01-20,20,Capcarap,Cunami Flo,22,5,8
2024-01-20,21,Ilegala,Milica Pavlovic & Coby,-,21,1
2024-01-20,22,Superstar,Seksi,-,12,7
2024-01-20,23,Ne Racunaj Na Mene,Ceca x Maya Berovic,-,23,1
2024-01-20,24,Karneval,Sajfer,-,1,63
2024-01-20,25,Ko To Tamo,Henny x Breskvica,20,2,26
2024-01-27,1,Jao Mama,Coby & Rouzi,1,1,7
2024-01-27,2,Ccuti,Desingerica X Zera,2,2,6
2024-01-27,3,CCokolada,Desingerica,4,1,10
2024-01-27,4,Dam Dam Dam,Aleksandra Prijovic,3,1,30
2024-01-27,5,Barbarizam,Barbara Bobak,5,5,6
2024-01-27,6,Petrov,Petrov,7,6,4
2024-01-27,7,Lazes Me Ljubavi,Barbara Bobak,6,5,6
2024-01-27,8,Ruzmarin,Sanja Vucic X Nucci,8,3,12
2024-01-27,9,Karneval II,Sajfer,12,2,33
2024-01-27,10,Padam,Jala Brat & Buba Corelli & Baby It's Pablo,9,3,29
2024-01-27,11,Ne Racunaj Na Mene,Ceca x Maya Berovic,23,11,2
2024-01-27,12,"Yes, And?",Ariana Grande,-,12,1
2024-01-27,13,Marakesh,Jala Brat & Buba Corelli Featuring BOUNTY & COCOA x DJ Tomekk,11,4,23
2024-01-27,14,Devet Zivota,Aleksandra Prijovic,10,2,16
2024-01-27,15,Fortnite,Crni Cerak,13,6,7
2024-01-27,16,Do Gole Koze,Breskvica,15,2,10
2024-01-27,17,Mamma Mia,Grse,14,1,40
2024-01-27,18,Dale,"Jala Brat , Buba Corelli & Hava",16,6,23
2024-01-27,19,Ilegala,Milica Pavlovic & Coby,21,19,2
2024-01-27,20,Sve Po Starom,Aleksandra Prijovic,17,6,8
2024-01-27,21,Zimski III,Biba,-,21,2
2024-01-27,22,Djuskavacc,Desingerica & Pljugica,18,2,22
2024-01-27,23,Capcarap,Cunami Flo,20,5,9
2024-01-27,24,Kucketina,Milica Pavlovic,19,19,6
2024-01-27,25,Superstar,Seksi,22,12,8
2024-02-03,1,Sve Si Znala,Relja,-,1,1
2024-02-03,2,Jao Mama,Coby & Rouzi,1,1,8
2024-02-03,3,Ccuti,Desingerica X Zera,2,2,7
2024-02-03,4,CCokolada,Desingerica,3,1,11
2024-02-03,5,Dam Dam Dam,Aleksandra Prijovic,4,1,31
2024-02-03,6,Barbarizam,Barbara Bobak,5,5,7
2024-02-03,7,Petrov,Petrov,6,6,5
2024-02-03,8,Lazes Me Ljubavi,Barbara Bobak,7,5,7
2024-02-03,9,Ne Racunaj Na Mene,Ceca x Maya Berovic,11,9,3
2024-02-03,10,Karneval II,Sajfer,9,2,34
2024-02-03,11,Padam,Jala Brat & Buba Corelli & Baby It's Pablo,10,3,30
2024-02-03,12,Ruzmarin,Sanja Vucic X Nucci,8,3,13
2024-02-03,13,Marakesh,Jala Brat & Buba Corelli Featuring BOUNTY & COCOA x DJ Tomekk,13,4,24
2024-02-03,14,Ilegala,Milica Pavlovic & Coby,19,14,3
2024-02-03,15,Mamma Mia,Grse,17,1,41
2024-02-03,16,Devet Zivota,Aleksandra Prijovic,14,2,17
2024-02-03,17,Prezime,Darko Lazic X Zera,-,17,1
2024-02-03,18,Dale,"Jala Brat , Buba Corelli & Hava",18,6,24
2024-02-03,19,Do Gole Koze,Breskvica,16,2,11
2024-02-03,20,Fortnite,Crni Cerak,15,6,8
2024-02-03,21,Kucketina,Milica Pavlovic,24,19,7
2024-02-03,22,Problema,Relja Torinno X Popovska,-,5,20
2024-02-03,23,Sve Po Starom,Aleksandra Prijovic,20,6,9
2024-02-03,24,Ko To Tamo,Henny x Breskvica,-,2,27
2024-02-03,25,Rari,Petrov,-,24,3
2024-02-10,1,Naslovna,Amna X Biba,-,1,1
2024-02-10,2,Prezime,Darko Lazic X Zera,17,2,2
2024-02-10,3,Sve Si Znala,Relja,1,1,2
2024-02-10,4,Jao Mama,Coby & Rouzi,2,1,9
2024-02-10,5,Ccuti,Desingerica X Zera,3,2,8
2024-02-10,6,Ne Racunaj Na Mene,Ceca x Maya Berovic,9,6,4
2024-02-10,7,CCokolada,Desingerica,4,1,12
2024-02-10,8,Dam Dam Dam,Aleksandra Prijovic,5,1,32
2024-02-10,9,Petrov,Petrov,7,6,6
2024-02-10,10,Barbarizam,Barbara Bobak,6,5,8
2024-02-10,11,Lazes Me Ljubavi,Barbara Bobak,8,5,8
2024-02-10,12,Karneval II,Sajfer,10,2,35
2024-02-10,13,Padam,Jala Brat & Buba Corelli & Baby It's Pablo,11,3,31
2024-02-10,14,Ruzmarin,Sanja Vucic X Nucci,12,3,14
2024-02-10,15,Zero,Corona,-,15,1
2024-02-10,16,Marakesh,Jala Brat & Buba Corelli Featuring BOUNTY & COCOA x DJ Tomekk,13,4,25
2024-02-10,17,Ilegala,Milica Pavlovic & Coby,14,14,4
2024-02-10,18,Mamma Mia,Grse,15,1,42
2024-02-10,19,Devet Zivota,Aleksandra Prijovic,16,2,18
2024-02-10,20,Dale,"Jala Brat , Buba Corelli & Hava",18,6,25
2024-02-10,21,Ni Kafane Ne Znaju,Kosta,-,21,1
2024-02-10,22,Do Gole Koze,Breskvica,19,2,12
2024-02-10,23,Fortnite,Crni Cerak,20,6,9
2024-02-10,24,Problema,Relja Torinno X Popovska,22,5,21
2024-02-10,25,Karneval,Sajfer,-,1,64
2024-02-17,1,Fantazija,Grse & Miach,-,1,1
2024-02-17,2,Naslovna,Amna X Biba,1,1,2
2024-02-17,3,Prezime,Darko Lazic X Zera,2,2,3
2024-02-17,4,Jao Mama,Coby & Rouzi,4,1,10
2024-02-17,5,Sve Si Znala,Relja,3,1,3
2024-02-17,6,Skakavacc,Desingerica,-,6,1
2024-02-17,7,Ccuti,Desingerica X Zera,5,2,9
2024-02-17,8,CCokolada,Desingerica,7,1,13
2024-02-17,9,Ona Nije Ja :),Hava,-,9,1
2024-02-17,10,Petrov,Petrov,9,6,7
2024-02-17,11,Ne Racunaj Na Mene,Ceca x Maya Berovic,6,6,5
2024-02-17,12,Barbarizam,Barbara Bobak,10,5,9
2024-02-17,13,Dam Dam Dam,Aleksandra Prijovic,8,1,33
2024-02-17,14,Karneval II,Sajfer,12,2,36
2024-02-17,15,Droga Roterdam,Seksi & Cunami Flo,-,15,1
2024-02-17,16,Mamma Mia,Grse,18,1,43
2024-02-17,17,Padam,Jala Brat & Buba Corelli & Baby It's Pablo,13,3,32
2024-02-17,18,Lazes Me Ljubavi,Barbara Bobak,11,5,9
2024-02-17,19,Ruzmarin,Sanja Vucic X Nucci,14,3,15
2024-02-17,20,Marakesh,Jala Brat & Buba Corelli Featuring BOUNTY & COCOA x DJ Tomekk,16,4,26
2024-02-17,21,Ilegala,Milica Pavlovic & Coby,17,14,5
2024-02-17,22,Zero,Corona,15,15,2
2024-02-17,23,Sip,Grse,-,3,50
2024-02-17,24,Devet Zivota,Aleksandra Prijovic,19,2,19
2024-02-17,25,Savrsena,Valentino,-,25,1
2024-02-24,1,Fantazija,Grse & Miach,1,1,2
2024-02-24,2,Tokyo Drift,Grse X Mimi Mercedez,-,2,1
2024-02-24,3,Naslovna,Amna X Biba,2,1,3
2024-02-24,4,Prezime,Darko Lazic X Zera,3,2,4
2024-02-24,5,Jao Mama,Coby & Rouzi,4,1,11
2024-02-24,6,Skakavacc,Desingerica,6,6,2
2024-02-24,7,Karneval II,Sajfer,14,2,37
2024-02-24,8,Sve Si Znala,Relja,5,1,4
2024-02-24,9,Ccuti,Desingerica X Zera,7,2,10
2024-02-24,10,Mamma Mia,Grse,16,1,44
2024-02-24,11,CCokolada,Desingerica,8,1,14
2024-02-24,12,Ona Nije Ja :),Hava,9,9,2
2024-02-24,13,Savrsena,Valentino,25,13,2
2024-02-24,14,Dam Dam Dam,Aleksandra Prijovic,13,1,34
2024-02-24,15,Droga Roterdam,Seksi & Cunami Flo,15,15,2
2024-02-24,16,Petrov,Petrov,10,6,8
2024-02-24,17,Barbarizam,Barbara Bobak,12,5,10
2024-02-24,18,Sip,Grse,23,3,51
2024-02-24,19,Padam,Jala Brat & Buba Corelli & Baby It's Pablo,17,3,33
2024-02-24,20,Ne Racunaj Na Mene,Ceca x Maya Berovic,11,6,6
2024-02-24,21,Led,Miach Featuring Grse,-,21,1
2024-02-24,22,Dim Dva,Igor Buzov X Rasta,-,22,1
2024-02-24,23,Lazes Me Ljubavi,Barbara Bobak,18,5,10
2024-02-24,24,Marakesh,Jala Brat & Buba Corelli Featuring BOUNTY & COCOA x DJ Tomekk,20,4,27
2024-02-24,25,Ruzmarin,Sanja Vucic X Nucci,19,3,16
2024-03-02,1,Fantazija,Grse & Miach,1,1,3
2024-03-02,2,Rosalia,Jala Brat & Buba Corelli,-,2,1
2024-03-02,3,Monster,Jala Brat & Buba Corelli,-,3,1
2024-03-02,4,Tokyo Drift,Grse X Mimi Mercedez,2,2,2
2024-03-02,5,Puklo Nebo,Jala Brat Featuring Medico & Elena,-,5,1
2024-03-02,6,Amsterdam,Biba X Voyage,-,6,1
2024-03-02,7,Naslovna,Amna X Biba,3,1,4
2024-03-02,8,Prezime,Darko Lazic X Zera,4,2,5
2024-03-02,9,Jao Mama,Coby & Rouzi,5,1,12
2024-03-02,10,Skakavacc,Desingerica,6,6,3
2024-03-02,11,Karneval II,Sajfer,7,2,38
2024-03-02,12,Punta Cana,Jala Brat,-,12,1
2024-03-02,13,Dam Dam Dam,Aleksandra Prijovic,14,1,35
2024-03-02,14,Ccuti,Desingerica X Zera,9,2,11
2024-03-02,15,Mamma Mia,Grse,10,1,45
2024-03-02,16,CCokolada,Desingerica,11,1,15
2024-03-02,17,Droga Roterdam,Seksi & Cunami Flo,15,15,3
2024-03-02,18,Ona Nije Ja :),Hava,12,9,3
2024-03-02,19,Padam,Jala Brat & Buba Corelli & Baby It's Pablo,19,3,34
2024-03-02,20,Dim Dva,Igor Buzov X Rasta,22,20,2
2024-03-02,21,Sve Si Znala,Relja,8,1,5
2024-03-02,22,Savrsena,Valentino,13,13,3
2024-03-02,23,Barbarizam,Barbara Bobak,17,5,11
2024-03-02,24,Sip,Grse,18,3,52
2024-03-02,25,Marakesh,Jala Brat & Buba Corelli Featuring BOUNTY & COCOA x DJ Tomekk,24,4,28
2024-03-09,1,Fantazija,Grse & Miach,1,1,4
2024-03-09,2,Rim Tim Tagi Dim,Baby Lasagna,-,2,1
2024-03-09,3,Rosalia,Jala Brat & Buba Corelli,2,2,2
2024-03-09,4,Amsterdam,Biba X Voyage,6,4,2
2024-03-09,5,Tokyo Drift,Grse X Mimi Mercedez,4,2,3
2024-03-09,6,Monster,Jala Brat & Buba Corelli,3,3,2
2024-03-09,7,Skakavacc,Desingerica,10,6,4
2024-03-09,8,Naslovna,Amna X Biba,7,1,5
2024-03-09,9,Karneval II,Sajfer,11,2,39
2024-03-09,10,Prezime,Darko Lazic X Zera,8,2,6
2024-03-09,11,Jao Mama,Coby & Rouzi,9,1,13
2024-03-09,12,Puklo Nebo,Jala Brat Featuring Medico & Elena,5,5,2
2024-03-09,13,Ccuti,Desingerica X Zera,14,2,12
2024-03-09,14,Mamma Mia,Grse,15,1,46
2024-03-09,15,Dam Dam Dam,Aleksandra Prijovic,13,1,36
2024-03-09,16,CCokolada,Desingerica,16,1,16
2024-03-09,17,Droga Roterdam,Seksi & Cunami Flo,17,15,4
2024-03-09,18,Ona Nije Ja :),Hava,18,9,4
2024-03-09,19,Savrsena,Valentino,22,13,4
2024-03-09,20,Sip,Grse,24,3,53
2024-03-09,21,Petrov,Petrov,-,6,9
2024-03-09,22,Mastarija,Martin,-,22,1
2024-03-09,23,Ne Racunaj Na Mene,Ceca x Maya Berovic,-,6,7
2024-03-09,24,Sve Si Znala,Relja,21,1,6
2024-03-09,25,Barbarizam,Barbara Bobak,23,5,12
2024-03-16,1,Fantazija,Grse & Miach,1,1,5
2024-03-16,2,Rim Tim Tagi Dim,Baby Lasagna,2,2,2
2024-03-16,3,Amsterdam,Biba X Voyage,4,3,3
2024-03-16,4,Rosalia,Jala Brat & Buba Corelli,3,2,3
2024-03-16,5,Ne Mogu Ti Reci,Oliver Dragojevic,-,5,1
2024-03-16,6,Tokyo Drift,Grse X Mimi Mercedez,5,2,4
2024-03-16,7,Monster,Jala Brat & Buba Corelli,6,3,3
2024-03-16,8,Karneval II,Sajfer,9,2,40
2024-03-16,9,Naslovna,Amna X Biba,8,1,6
2024-03-16,10,Skakavacc,Desingerica,7,6,5
2024-03-16,11,Prezime,Darko Lazic X Zera,10,2,7
2024-03-16,12,Jao Mama,Coby & Rouzi,11,1,14
2024-03-16,13,Gnezdo Orlovo,Breskvica,-,13,1
2024-03-16,14,Puklo Nebo,Jala Brat Featuring Medico & Elena,12,5,3
2024-03-16,15,Mamma Mia,Grse,14,1,47
2024-03-16,16,Ccuti,Desingerica X Zera,13,2,13
2024-03-16,17,CCokolada,Desingerica,16,1,17
2024-03-16,18,Dam Dam Dam,Aleksandra Prijovic,15,1,37
2024-03-16,19,Ramonda,Teya Dora,-,19,1
2024-03-16,20,Savrsena,Valentino,19,13,5
2024-03-16,21,Droga Roterdam,Seksi & Cunami Flo,17,15,5
2024-03-16,22,Ona Nije Ja :),Hava,18,9,5
2024-03-16,23,Sip,Grse,20,3,54
2024-03-16,24,Ne Racunaj Na Mene,Ceca x Maya Berovic,23,6,8
2024-03-16,25,Ruzmarin,Sanja Vucic X Nucci,-,3,17
2024-03-23,1,Fantazija,Grse & Miach,1,1,6
2024-03-23,2,Rosalia,Jala Brat & Buba Corelli,4,2,4
2024-03-23,3,Amsterdam,Biba X Voyage,3,3,4
2024-03-23,4,Tokyo Drift,Grse X Mimi Mercedez,6,2,5
2024-03-23,5,Monster,Jala Brat & Buba Corelli,7,3,4
2024-03-23,6,Rim Tim Tagi Dim,Baby Lasagna,2,2,3
2024-03-23,7,Karneval II,Sajfer,8,2,41
2024-03-23,8,Ne Mogu Ti Reci,Oliver Dragojevic,5,5,2
2024-03-23,9,Naslovna,Amna X Biba,9,1,7
2024-03-23,10,Mamma Mia,Grse,15,1,48
2024-03-23,11,Skakavacc,Desingerica,10,6,6
2024-03-23,12,Dam Dam Dam,Aleksandra Prijovic,18,1,38
2024-03-23,13,Puklo Nebo,Jala Brat Featuring Medico & Elena,14,5,4
2024-03-23,14,Prezime,Darko Lazic X Zera,11,2,8
2024-03-23,15,Jao Mama,Coby & Rouzi,12,1,15
2024-03-23,16,We Can't Be Friends (Wait For Your Love),Ariana Grande,-,16,1
2024-03-23,17,Ccuti,Desingerica X Zera,16,2,14
2024-03-23,18,CCokolada,Desingerica,17,1,18
2024-03-23,19,Sip,Grse,23,3,55
2024-03-23,20,Led,Miach Featuring Grse,-,20,2
2024-03-23,21,Gnezdo Orlovo,Breskvica,13,13,2
2024-03-23,22,Droga Roterdam,Seksi & Cunami Flo,21,15,6
2024-03-23,23,Savrsena,Valentino,20,13,6
2024-03-23,24,End Of Beginning,Djo,-,24,1
2024-03-23,25,Ruzmarin,Sanja Vucic X Nucci,25,3,18
2024-03-30,1,Fantazija,Grse & Miach,1,1,7
2024-03-30,2,Tokyo Drift,Grse X Mimi Mercedez,4,2,6
2024-03-30,3,Nenormalan Lik,Nikolija Featuring Devito,-,3,1
2024-03-30,4,Rosalia,Jala Brat & Buba Corelli,2,2,5
2024-03-30,5,Amsterdam,Biba X Voyage,3,3,5
2024-03-30,6,Monster,Jala Brat & Buba Corelli,5,3,5
2024-03-30,7,Viski,Nikolija Featuring Inas,-,7,1
2024-03-30,8,Mamma Mia,Grse,10,1,49
2024-03-30,9,Karneval II,Sajfer,7,2,42
2024-03-30,10,Rim Tim Tagi Dim,Baby Lasagna,6,2,4
2024-03-30,11,Jao Mama,Coby & Rouzi,15,1,16
2024-03-30,12,Dam Dam Dam,Aleksandra Prijovic,12,1,39
2024-03-30,13,Skakavacc,Desingerica,11,6,7
2024-03-30,14,Testo,Nikolija Featuring Amna,-,14,1
2024-03-30,15,Naslovna,Amna X Biba,9,1,8
2024-03-30,16,Prezime,Darko Lazic X Zera,14,2,9
2024-03-30,17,Puklo Nebo,Jala Brat Featuring Medico & Elena,13,5,5
2024-03-30,18,Ne Mogu Ti Reci,Oliver Dragojevic,8,5,3
2024-03-30,19,Emotivno,Nikolija,-,19,1
2024-03-30,20,CCokolada,Desingerica,18,1,19
2024-03-30,21,Ccuti,Desingerica X Zera,17,2,15
2024-03-30,22,Ona Nije Ja :),Hava,-,9,6
2024-03-30,23,Sip,Grse,19,3,56
2024-03-30,24,Marakesh,Jala Brat & Buba Corelli Featuring BOUNTY & COCOA x DJ Tomekk,-,4,29
2024-03-30,25,Led,Miach Featuring Grse,20,20,3
2024-04-06,1,Fantazija,Grse & Miach,1,1,8
2024-04-06,2,Tokyo Drift,Grse X Mimi Mercedez,2,2,7
2024-04-06,3,Amsterdam,Biba X Voyage,5,3,6
2024-04-06,4,Rosalia,Jala Brat & Buba Corelli,4,2,6
2024-04-06,5,Nenormalan Lik,Nikolija Featuring Devito,3,3,2
2024-04-06,6,Monster,Jala Brat & Buba Corelli,6,3,6
2024-04-06,7,Viski,Nikolija Featuring Inas,7,7,2
2024-04-06,8,Mamma Mia,Grse,8,1,50
2024-04-06,9,Karneval II,Sajfer,9,2,43
2024-04-06,10,Jao Mama,Coby & Rouzi,11,1,17
2024-04-06,11,Skakavacc,Desingerica,13,6,8
2024-04-06,12,Naslovna,Amna X Biba,15,1,9
2024-04-06,13,Rim Tim Tagi Dim,Baby Lasagna,10,2,5
2024-04-06,14,Prezime,Darko Lazic X Zera,16,2,10
2024-04-06,15,Dam Dam Dam,Aleksandra Prijovic,12,1,40
2024-04-06,16,Ona Nije Ja :),Hava,22,9,7
2024-04-06,17,I Like The Way You Kiss Me,Artemas,-,17,1
2024-04-06,18,Ne Mogu Ti Reci,Oliver Dragojevic,18,5,4
2024-04-06,19,Marakesh,Jala Brat & Buba Corelli Featuring BOUNTY & COCOA x DJ Tomekk,24,4,30
2024-04-06,20,Testo,Nikolija Featuring Amna,14,14,2
2024-04-06,21,Puklo Nebo,Jala Brat Featuring Medico & Elena,17,5,6
2024-04-06,22,CCokolada,Desingerica,20,1,20
2024-04-06,23,Like That,"Future , Metro Boomin & Kendrick Lamar",-,23,1
2024-04-06,24,Ccuti,Desingerica X Zera,21,2,16
2024-04-06,25,Sip,Grse,23,3,57
2024-04-13,1,Fantazija,Grse & Miach,1,1,9
2024-04-13,2,Tokyo Drift,Grse X Mimi Mercedez,2,2,8
2024-04-13,3,Monster,Jala Brat & Buba Corelli,6,3,7
2024-04-13,4,Rosalia,Jala Brat & Buba Corelli,4,2,7
2024-04-13,5,I Like The Way You Kiss Me,Artemas,17,5,2
2024-04-13,6,Amsterdam,Biba X Voyage,3,3,7
2024-04-13,7,Nenormalan Lik,Nikolija Featuring Devito,5,3,3
2024-04-13,8,Cini,Breskvica,-,8,1
2024-04-13,9,Mamma Mia,Grse,8,1,51
2024-04-13,10,Viski,Nikolija Featuring Inas,7,7,3
2024-04-13,11,Karneval II,Sajfer,9,2,44
2024-04-13,12,Jao Mama,Coby & Rouzi,10,1,18
2024-04-13,13,Naslovna,Amna X Biba,12,1,10
2024-04-13,14,Skakavacc,Desingerica,11,6,9
2024-04-13,15,Usta Na Usta,Buba Corelli,-,15,1
2024-04-13,16,Rim Tim Tagi Dim,Baby Lasagna,13,2,6
2024-04-13,17,Dam Dam Dam,Aleksandra Prijovic,15,1,41
2024-04-13,18,Yankauskas,Inas,-,18,1
2024-04-13,19,Prezime,Darko Lazic X Zera,14,2,11
2024-04-13,20,Ona Nije Ja :),Hava,16,9,8
2024-04-13,21,Sip,Grse,25,3,58
2024-04-13,22,CCokolada,Desingerica,22,1,21
2024-04-13,23,Puklo Nebo,Jala Brat Featuring Medico & Elena,21,5,7
2024-04-13,24,Dim Dva,Igor Buzov X Rasta,-,20,3
2024-04-13,25,Marakesh,Jala Brat & Buba Corelli Featuring BOUNTY & COCOA x DJ Tomekk,19,4,31
2024-04-20,1,Fantazija,Grse & Miach,1,1,10
2024-04-20,2,Tokyo Drift,Grse X Mimi Mercedez,2,2,9
2024-04-20,3,Monster,Jala Brat & Buba Corelli,3,3,8
2024-04-20,4,I Like The Way You Kiss Me,Artemas,5,4,3
2024-04-20,5,Rosalia,Jala Brat & Buba Corelli,4,2,8
2024-04-20,6,Cini,Breskvica,8,6,2
2024-04-20,7,Mamma Mia,Grse,9,1,52
2024-04-20,8,Amsterdam,Biba X Voyage,6,3,8
2024-04-20,9,Nenormalan Lik,Nikolija Featuring Devito,7,3,4
2024-04-20,10,Viski,Nikolija Featuring Inas,10,7,4
2024-04-20,11,Karneval II,Sajfer,11,2,45
2024-04-20,12,Jao Mama,Coby & Rouzi,12,1,19
2024-04-20,13,Usta Na Usta,Buba Corelli,15,13,2
2024-04-20,14,Na Haubi,Popov,-,14,1
2024-04-20,15,Too Sweet,Hozier,-,15,1
2024-04-20,16,Yankauskas,Inas,18,16,2
2024-04-20,17,Dim Dva,Igor Buzov X Rasta,24,17,4
2024-04-20,18,Naslovna,Amna X Biba,13,1,11
2024-04-20,19,Sip,Grse,21,3,59
2024-04-20,20,Prezime,Darko Lazic X Zera,19,2,12
2024-04-20,21,Led,Miach Featuring Grse,-,20,4
2024-04-20,22,Ona Nije Ja :),Hava,20,9,9
2024-04-20,23,Padam,Jala Brat & Buba Corelli & Baby It's Pablo,-,3,35
2024-04-20,24,Dam Dam Dam,Aleksandra Prijovic,17,1,42
2024-04-20,25,Skakavacc,Desingerica,14,6,10
2024-04-27,1,Fantazija,Grse & Miach,1,1,11
2024-04-27,2,Tokyo Drift,Grse X Mimi Mercedez,2,2,10
2024-04-27,3,I Like The Way You Kiss Me,Artemas,4,3,4
2024-04-27,4,Monster,Jala Brat & Buba Corelli,3,3,9
2024-04-27,5,Dalmatino,Grse,-,5,1
2024-04-27,6,Rosalia,Jala Brat & Buba Corelli,5,2,9
2024-04-27,7,Mamma Mia,Grse,7,1,53
2024-04-27,8,Cini,Breskvica,6,6,3
2024-04-27,9,Amsterdam,Biba X Voyage,8,3,9
2024-04-27,10,Karneval II,Sajfer,11,2,46
2024-04-27,11,Na Haubi,Popov,14,11,2
2024-04-27,12,Too Sweet,Hozier,15,12,2
2024-04-27,13,Napapiri,"Rasta, Pavillion & Jahve",-,13,1
2024-04-27,14,Jao Mama,Coby & Rouzi,12,1,20
2024-04-27,15,Usta Na Usta,Buba Corelli,13,13,3
2024-04-27,16,Sip,Grse,19,3,60
2024-04-27,17,Dam Dam Dam,Aleksandra Prijovic,24,1,43
2024-04-27,18,Viski,Nikolija Featuring Inas,10,7,5
2024-04-27,19,Nenormalan Lik,Nikolija Featuring Devito,9,3,5
2024-04-27,20,Rim Tim Tagi Dim,Baby Lasagna,-,2,7
2024-04-27,21,Mangio Pasta,Peki & Grse,-,21,1
2024-04-27,22,Dim Dva,Igor Buzov X Rasta,17,17,5
2024-04-27,23,Yankauskas,Inas,16,16,3
2024-04-27,24,Prezime,Darko Lazic X Zera,20,2,13
2024-04-27,25,Padam,Jala Brat & Buba Corelli & Baby It's Pablo,23,3,36
2024-05-04,1,Fantazija,Grse & Miach,1,1,12
2024-05-04,2,I Like The Way You Kiss Me,Artemas,3,2,5
2024-05-04,3,Dalmatino,Grse,5,3,2
2024-05-04,4,Tokyo Drift,Grse X Mimi Mercedez,2,2,11
2024-05-04,5,Monster,Jala Brat & Buba Corelli,4,3,10
2024-05-04,6,Fortnight,Taylor Swift Featuring Post Malone,-,6,1
2024-05-04,7,Rosalia,Jala Brat & Buba Corelli,6,2,10
2024-05-04,8,Napapiri,"Rasta, Pavillion & Jahve",13,8,2
2024-05-04,9,Mamma Mia,Grse,7,1,54
2024-05-04,10,Amsterdam,Biba X Voyage,9,3,10
2024-05-04,11,Cini,Breskvica,8,6,4
2024-05-04,12,Na Haubi,Popov,11,11,3
2024-05-04,13,Muhamed,Biba,-,13,1
2024-05-04,14,Too Sweet,Hozier,12,12,3
2024-05-04,15,Karneval II,Sajfer,10,2,47
2024-05-04,16,Usta Na Usta,Buba Corelli,15,13,4
2024-05-04,17,"So Long, London",Taylor Swift,-,17,1
2024-05-04,18,Jao Mama,Coby & Rouzi,14,1,21
2024-05-04,19,I Can Do It With A Broken Heart,Taylor Swift,-,19,1
2024-05-04,20,Dam Dam Dam,Aleksandra Prijovic,17,1,44
2024-05-04,21,Sip,Grse,16,3,61
2024-05-04,22,Down Bad,Taylor Swift,-,22,1
2024-05-04,23,My Boy Only Breaks His Favorite Toys,Taylor Swift,-,23,1
2024-05-04,24,The Tortured Poets Department,Taylor Swift,-,24,1
2024-05-04,25,Espresso,Sabrina Carpenter,-,25,1
2024-05-11,1,Fantazija,Grse & Miach,1,1,13
2024-05-11,2,Penetraccia,Desingerica X Djexon,-,2,1
2024-05-11,3,Tokyo Drift,Grse X Mimi Mercedez,4,2,12
2024-05-11,4,I Like The Way You Kiss Me,Artemas,2,2,6
2024-05-11,5,Monster,Jala Brat & Buba Corelli,5,3,11
2024-05-11,6,Napapiri,"Rasta, Pavillion & Jahve",8,6,3
2024-05-11,7,Mamma Mia,Grse,9,1,55
2024-05-11,8,Rosalia,Jala Brat & Buba Corelli,7,2,11
2024-05-11,9,Dalmatino,Grse,3,3,3
2024-05-11,10,Espresso,Sabrina Carpenter,25,10,2
2024-05-11,11,Karneval II,Sajfer,15,2,48
2024-05-11,12,Alo Gde Si Ti,THCF X Breskvica,-,12,1
2024-05-11,13,Amsterdam,Biba X Voyage,10,3,11
2024-05-11,14,Jao Mama,Coby & Rouzi,18,1,22
2024-05-11,15,Dam Dam Dam,Aleksandra Prijovic,20,1,45
2024-05-11,16,Usta Na Usta,Buba Corelli,16,13,5
2024-05-11,17,Cini,Breskvica,11,6,5
2024-05-11,18,Muhamed,Biba,13,13,2
2024-05-11,19,Too Sweet,Hozier,14,12,4
2024-05-11,20,Sip,Grse,21,3,62
2024-05-11,21,Dim Dva,Igor Buzov X Rasta,-,17,6
2024-05-11,22,Viski,Nikolija Featuring Inas,-,7,6
2024-05-11,23,Fortnight,Taylor Swift Featuring Post Malone,6,6,2
2024-05-11,24,Pedro,"Jaxomy, Agatino Romero & Raffaella Carra",-,24,1
2024-05-11,25,Na Haubi,Popov,12,11,4
2024-05-18,1,Fantazija,Grse & Miach,1,1,14
2024-05-18,2,Rim Tim Tagi Dim,Baby Lasagna,-,2,8
2024-05-18,3,Penetraccia,Desingerica X Djexon,2,2,2
2024-05-18,4,Tokyo Drift,Grse X Mimi Mercedez,3,2,13
2024-05-18,5,I Like The Way You Kiss Me,Artemas,4,2,7
2024-05-18,6,Napapiri,"Rasta, Pavillion & Jahve",6,6,4
2024-05-18,7,Monster,Jala Brat & Buba Corelli,5,3,12
2024-05-18,8,Mamma Mia,Grse,7,1,56
2024-05-18,9,Rosalia,Jala Brat & Buba Corelli,8,2,12
2024-05-18,10,Espresso,Sabrina Carpenter,10,10,3
2024-05-18,11,Jao Mama,Coby & Rouzi,14,1,23
2024-05-18,12,Karneval II,Sajfer,11,2,49
2024-05-18,13,Alo Gde Si Ti,THCF X Breskvica,12,12,2
2024-05-18,14,Too Sweet,Hozier,19,12,5
2024-05-18,15,Dalmatino,Grse,9,3,4
2024-05-18,16,Amsterdam,Biba X Voyage,13,3,12
2024-05-18,17,Usta Na Usta,Buba Corelli,16,13,6
2024-05-18,18,Not Like Us,Kendrick Lamar,-,18,1
2024-05-18,19,Pedro,"Jaxomy, Agatino Romero & Raffaella Carra",24,19,2
2024-05-18,20,Cini,Breskvica,17,6,6
2024-05-18,21,Dam Dam Dam,Aleksandra Prijovic,15,1,46
2024-05-18,22,Sip,Grse,20,3,63
2024-05-18,23,Viski,Nikolija Featuring Inas,22,7,7
2024-05-18,24,Muhamed,Biba,18,13,3
2024-05-18,25,Padam,Jala Brat & Buba Corelli & Baby It's Pablo,-,3,37
2024-05-25,1,Rim Tim Tagi Dim,Baby Lasagna,2,1,9
2024-05-25,2,Fantazija,Grse & Miach,1,1,15
2024-05-25,3,Europapa,Joost,-,3,1
2024-05-25,4,Monster,Jala Brat & Buba Corelli,7,3,13
2024-05-25,5,7ice,Sajfer & Jala Brat & Buba Corelli,-,5,1
2024-05-25,6,Mon Amour,Slimane,-,6,1
2024-05-25,7,Rosalia,Jala Brat & Buba Corelli,9,2,13
2024-05-25,8,The Code,Nemo,-,8,1
2024-05-25,9,I Like The Way You Kiss Me,Artemas,5,2,8
2024-05-25,10,Penetraccia,Desingerica X Djexon,3,2,3
2024-05-25,11,La Noia,Angelina Mango,-,11,1
2024-05-25,12,Teresa & Maria,alyona alyona & Jerry Heil,-,12,1
2024-05-25,13,Tokyo Drift,Grse X Mimi Mercedez,4,2,14
2024-05-25,14,Mamma Mia,Grse,8,1,57
2024-05-25,15,Karneval II,Sajfer,12,2,50
2024-05-25,16,Napapiri,"Rasta, Pavillion & Jahve",6,6,5
2024-05-25,17,Million Dollar Baby,Tommy Richman,-,17,1
2024-05-25,18,Jao Mama,Coby & Rouzi,11,1,24
2024-05-25,19,Espresso,Sabrina Carpenter,10,10,4
2024-05-25,20,Namerno,MC Stojan X Zorana Micanovic,-,20,1
2024-05-25,21,Pedro,"Jaxomy, Agatino Romero & Raffaella Carra",19,19,3
2024-05-25,22,Padam,Jala Brat & Buba Corelli & Baby It's Pablo,25,3,38
2024-05-25,23,Not Like Us,Kendrick Lamar,18,18,2
2024-05-25,24,Alo Gde Si Ti,THCF X Breskvica,13,12,3
2024-05-25,25,Too Sweet,Hozier,14,12,6
2024-06-01,1,Ankaran,Hiljson Mandela X Biba,-,1,1
2024-06-01,2,Rim Tim Tagi Dim,Baby Lasagna,1,1,10
2024-06-01,3,Fantazija,Grse & Miach,2,1,16
2024-06-01,4,7ice,Sajfer & Jala Brat & Buba Corelli,5,4,2
2024-06-01,5,Monster,Jala Brat & Buba Corelli,4,3,14
2024-06-01,6,Penetraccia,Desingerica X Djexon,10,2,4
2024-06-01,7,Rosalia,Jala Brat & Buba Corelli,7,2,14
2024-06-01,8,Tokyo Drift,Grse X Mimi Mercedez,13,2,15
2024-06-01,9,I Like The Way You Kiss Me,Artemas,9,2,9
2024-06-01,10,Lunch,Billie Eilish,-,10,1
2024-06-01,11,Europapa,Joost,3,3,2
2024-06-01,12,Mamma Mia,Grse,14,1,58
2024-06-01,13,Napapiri,"Rasta, Pavillion & Jahve",16,6,6
2024-06-01,14,Namerno,MC Stojan X Zorana Micanovic,20,14,2
2024-06-01,15,Espresso,Sabrina Carpenter,19,10,5
2024-06-01,16,Karneval II,Sajfer,15,2,51
2024-06-01,17,Jao Mama,Coby & Rouzi,18,1,25
2024-06-01,18,Chihiro,Billie Eilish,-,18,1
2024-06-01,19,Mon Amour,Slimane,6,6,2
2024-06-01,20,Mangio Pasta,Peki & Grse,-,20,2
2024-06-01,21,Million Dollar Baby,Tommy Richman,17,17,2
2024-06-01,22,Too Sweet,Hozier,25,12,7
2024-06-01,23,The Code,Nemo,8,8,2
2024-06-01,24,Cuka,Teodora,-,24,1
2024-06-01,25,La Noia,Angelina Mango,11,11,2
2024-06-08,1,Ankaran,Hiljson Mandela X Biba,1,1,2
2024-06-08,2,Delija,SENIDAH,-,2,1
2024-06-08,3,Fantazija,Grse & Miach,3,1,17
2024-06-08,4,Rim Tim Tagi Dim,Baby Lasagna,2,1,11
2024-06-08,5,7ice,Sajfer & Jala Brat & Buba Corelli,4,4,3
2024-06-08,6,OMB,Relja & Nucci,-,6,1
2024-06-08,7,Monster,Jala Brat & Buba Corelli,5,3,15
2024-06-08,8,Za Tobom Lud,Relja,-,8,1
2024-06-08,9,Mangio Pasta,Peki & Grse,20,9,3
2024-06-08,10,Tokyo Drift,Grse X Mimi Mercedez,8,2,16
2024-06-08,11,Rosalia,Jala Brat & Buba Corelli,7,2,15
2024-06-08,12,Mamma Mia,Grse,12,1,59
2024-06-08,13,Penetraccia,Desingerica X Djexon,6,2,5
2024-06-08,14,Jao Mama,Coby & Rouzi,17,1,26
2024-06-08,15,Karneval II,Sajfer,16,2,52
2024-06-08,16,Napapiri,"Rasta, Pavillion & Jahve",13,6,7
2024-06-08,17,I Like The Way You Kiss Me,Artemas,9,2,10
2024-06-08,18,Lunch,Billie Eilish,10,10,2
2024-06-08,19,Espresso,Sabrina Carpenter,15,10,6
2024-06-08,20,Namerno,MC Stojan X Zorana Micanovic,14,14,3
2024-06-08,21,Pedro,"Jaxomy, Agatino Romero & Raffaella Carra",-,19,4
2024-06-08,22,12xjanuar,Relja & Dana,-,22,1
2024-06-08,23,Hvala Bogu,Rasta,-,23,1
2024-06-08,24,Too Sweet,Hozier,22,12,8
2024-06-08,25,Padam,Jala Brat & Buba Corelli & Baby It's Pablo,-,3,39
2024-06-15,1,Ankaran,Hiljson Mandela X Biba,1,1,3
2024-06-15,2,Delija,SENIDAH,2,2,2
2024-06-15,3,Fantazija,Grse & Miach,3,1,18
2024-06-15,4,TeaNucci,Tea Tairovic Featuring Nucci,-,4,1
2024-06-15,5,Houdini,Eminem,-,5,1
2024-06-15,6,7ice,Sajfer & Jala Brat & Buba Corelli,5,4,4
2024-06-15,7,OMB,Relja & Nucci,6,6,2
2024-06-15,8,Mangio Pasta,Peki & Grse,9,8,4
2024-06-15,9,Monster,Jala Brat & Buba Corelli,7,3,16
2024-06-15,10,Tokyo Drift,Grse X Mimi Mercedez,10,2,17
2024-06-15,11,Rosalia,Jala Brat & Buba Corelli,11,2,16
2024-06-15,12,Rim Tim Tagi Dim,Baby Lasagna,4,1,12
2024-06-15,13,Hvala Bogu,Rasta,23,13,2
2024-06-15,14,Za Tobom Lud,Relja,8,8,2
2024-06-15,15,Na Njenim Rukama,Breskvica,-,15,1
2024-06-15,16,Karneval II,Sajfer,15,2,53
2024-06-15,17,Mamma Mia,Grse,12,1,60
2024-06-15,18,Espresso,Sabrina Carpenter,19,10,7
2024-06-15,19,I Like The Way You Kiss Me,Artemas,17,2,11
2024-06-15,20,Napapiri,"Rasta, Pavillion & Jahve",16,6,8
2024-06-15,21,Jao Mama,Coby & Rouzi,14,1,27
2024-06-15,22,Namerno,MC Stojan X Zorana Micanovic,20,14,4
2024-06-15,23,Birds Of A Feather,Billie Eilish,-,23,1
2024-06-15,24,Penetraccia,Desingerica X Djexon,13,2,6
2024-06-15,25,Cuka,Teodora,-,24,2
2024-06-22,1,Ankaran,Hiljson Mandela X Biba,1,1,4
2024-06-22,2,Delija,SENIDAH,2,2,3
2024-06-22,3,Forza,Grse,-,3,1
2024-06-22,4,Fantazija,Grse & Miach,3,1,19
2024-06-22,5,TeaNucci,Tea Tairovic Featuring Nucci,4,4,2
2024-06-22,6,Mangio Pasta,Peki & Grse,8,6,5
2024-06-22,7,OMB,Relja & Nucci,7,6,3
2024-06-22,8,Tokyo Drift,Grse X Mimi Mercedez,10,2,18
2024-06-22,9,Monster,Jala Brat & Buba Corelli,9,3,17
2024-06-22,10,7ice,Sajfer & Jala Brat & Buba Corelli,6,4,5
2024-06-22,11,Houdini,Eminem,5,5,2
2024-06-22,12,Rosalia,Jala Brat & Buba Corelli,11,2,17
2024-06-22,13,Hvala Bogu,Rasta,13,13,3
2024-06-22,14,Espresso,Sabrina Carpenter,18,10,8
2024-06-22,15,Mamma Mia,Grse,17,1,61
2024-06-22,16,Za Tobom Lud,Relja,14,8,3
2024-06-22,17,Karneval II,Sajfer,16,2,54
2024-06-22,18,Birds Of A Feather,Billie Eilish,23,18,2
2024-06-22,19,Na Njenim Rukama,Breskvica,15,15,2
2024-06-22,20,Napapiri,"Rasta, Pavillion & Jahve",20,6,9
2024-06-22,21,Rim Tim Tagi Dim,Baby Lasagna,12,1,13
2024-06-22,22,I Like The Way You Kiss Me,Artemas,19,2,12
2024-06-22,23,Please Please Please,Sabrina Carpenter,-,23,1
2024-06-22,24,Pedro,"Jaxomy, Agatino Romero & Raffaella Carra",-,19,5
2024-06-22,25,Too Sweet,Hozier,-,12,9
2024-06-29,1,Forza,Grse,3,1,2
2024-06-29,2,Ankaran,Hiljson Mandela X Biba,1,1,5
2024-06-29,3,Fantazija,Grse & Miach,4,1,20
2024-06-29,4,Mangio Pasta,Peki & Grse,6,4,6
2024-06-29,5,Delija,SENIDAH,2,2,4
2024-06-29,6,TeaNucci,Tea Tairovic Featuring Nucci,5,4,3
2024-06-29,7,Muskarcina,Voyage & Ceca,-,7,1
2024-06-29,8,Tokyo Drift,Grse X Mimi Mercedez,8,2,19
2024-06-29,9,Mamma Mia,Grse,15,1,62
2024-06-29,10,OMB,Relja & Nucci,7,6,4
2024-06-29,11,Monster,Jala Brat & Buba Corelli,9,3,18
2024-06-29,12,Rim Tim Tagi Dim,Baby Lasagna,21,1,14
2024-06-29,13,Karneval II,Sajfer,17,2,55
2024-06-29,14,Espresso,Sabrina Carpenter,14,10,9
2024-06-29,15,Rosalia,Jala Brat & Buba Corelli,12,2,18
2024-06-29,16,7ice,Sajfer & Jala Brat & Buba Corelli,10,4,6
2024-06-29,17,Please Please Please,Sabrina Carpenter,23,17,2
2024-06-29,18,Igraj Moja Hrvatska,Zapresic Boys,-,2,5
2024-06-29,19,Za Tobom Lud,Relja,16,8,4
2024-06-29,20,Hvala Bogu,Rasta,13,13,4
2024-06-29,21,Sip,Grse,-,3,64
2024-06-29,22,Birds Of A Feather,Billie Eilish,18,18,3
2024-06-29,23,Jao Mama,Coby & Rouzi,-,1,28
2024-06-29,24,Pedro,"Jaxomy, Agatino Romero & Raffaella Carra",24,19,6
2024-06-29,25,I Like The Way You Kiss Me,Artemas,22,2,13
2024-07-06,1,Forza,Grse,1,1,3
2024-07-06,2,Fantazija,Grse & Miach,3,1,21
2024-07-06,3,Ankaran,Hiljson Mandela X Biba,2,1,6
2024-07-06,4,Mangio Pasta,Peki & Grse,4,4,7
2024-07-06,5,Delija,SENIDAH,5,2,5
2024-07-06,6,Muskarcina,Voyage & Ceca,7,6,2
2024-07-06,7,TeaNucci,Tea Tairovic Featuring Nucci,6,4,4
2024-07-06,8,Tokyo Drift,Grse X Mimi Mercedez,8,2,20
2024-07-06,9,Mamma Mia,Grse,9,1,63
2024-07-06,10,Monster,Jala Brat & Buba Corelli,11,3,19
2024-07-06,11,Karneval II,Sajfer,13,2,56
2024-07-06,12,Rosalia,Jala Brat & Buba Corelli,15,2,19
2024-07-06,13,Espresso,Sabrina Carpenter,14,10,10
2024-07-06,14,7ice,Sajfer & Jala Brat & Buba Corelli,16,4,7
2024-07-06,15,OMB,Relja & Nucci,10,6,5
2024-07-06,16,Pedro,"Jaxomy, Agatino Romero & Raffaella Carra",24,16,7
2024-07-06,17,Sip,Grse,21,3,65
2024-07-06,18,Hvala Bogu,Rasta,20,13,5
2024-07-06,19,Tajna Veza?,Henny X Dzejla,-,19,1
2024-07-06,20,Karneval,Sajfer,-,1,65
2024-07-06,21,Too Sweet,Hozier,-,12,10
2024-07-06,22,Please Please Please,Sabrina Carpenter,17,17,3
2024-07-06,23,Birds Of A Feather,Billie Eilish,22,18,4
2024-07-06,24,I Like The Way You Kiss Me,Artemas,25,2,14
2024-07-06,25,Padam,Jala Brat & Buba Corelli & Baby It's Pablo,-,3,40
2024-07-13,1,Forza,Grse,1,1,4
2024-07-13,2,Fantazija,Grse & Miach,2,1,22
2024-07-13,3,Ankaran,Hiljson Mandela X Biba,3,1,7
2024-07-13,4,Mangio Pasta,Peki & Grse,4,4,8
2024-07-13,5,Japan,Jala Brat & Buba Corelli,-,5,1
2024-07-13,6,Bez Koda,Jala Brat & Buba Corelli,-,6,1
2024-07-13,7,Hollywood,Jala Brat & Buba Corelli Featuring Rasta,-,7,1
2024-07-13,8,BeBo 4,Nucci,-,8,1
2024-07-13,9,Delija,SENIDAH,5,2,6
2024-07-13,10,Tokyo Drift,Grse X Mimi Mercedez,8,2,21
2024-07-13,11,Muskarcina,Voyage & Ceca,6,6,3
2024-07-13,12,Mamma Mia,Grse,9,1,64
2024-07-13,13,and I,Baby Lasagna,-,13,1
2024-07-13,14,TeaNucci,Tea Tairovic Featuring Nucci,7,4,5
2024-07-13,15,Munja,Jala Brat & Buba Corelli,-,15,1
2024-07-13,16,Cataleya,Jala Brat & Buba Corelli,-,16,1
2024-07-13,17,Monster,Jala Brat & Buba Corelli,10,3,20
2024-07-13,18,Rosalia,Jala Brat & Buba Corelli,12,2,20
2024-07-13,19,Karneval II,Sajfer,11,2,57
2024-07-13,20,7ice,Sajfer & Jala Brat & Buba Corelli,14,4,8
2024-07-13,21,Espresso,Sabrina Carpenter,13,10,11
2024-07-13,22,Rendalicca,Desingerica,-,22,1
2024-07-13,23,Rim Tim Tagi Dim,Baby Lasagna,-,1,15
2024-07-13,24,Aritmije,Jala Brat & Buba Corelli Featuring Severina,-,24,1
2024-07-13,25,OMB,Relja & Nucci,15,6,6
2024-07-20,1,Forza,Grse,1,1,5
2024-07-20,2,Fantazija,Grse & Miach,2,1,23
2024-07-20,3,Bez Koda,Jala Brat & Buba Corelli,6,3,2
2024-07-20,4,BeBo 4,Nucci,8,4,2
2024-07-20,5,Mangio Pasta,Peki & Grse,4,4,9
2024-07-20,6,Ankaran,Hiljson Mandela X Biba,3,1,8
2024-07-20,7,Japan,Jala Brat & Buba Corelli,5,5,2
2024-07-20,8,Hollywood,Jala Brat & Buba Corelli Featuring Rasta,7,7,2
2024-07-20,9,Muskarcina,Voyage & Ceca,11,6,4
2024-07-20,10,Tokyo Drift,Grse X Mimi Mercedez,10,2,22
2024-07-20,11,Mamma Mia,Grse,12,1,65
2024-07-20,12,Delija,SENIDAH,9,2,7
2024-07-20,13,Munja,Jala Brat & Buba Corelli,15,13,2
2024-07-20,14,Monster,Jala Brat & Buba Corelli,17,3,21
2024-07-20,15,Cataleya,Jala Brat & Buba Corelli,16,15,2
2024-07-20,16,Karneval II,Sajfer,19,2,58
2024-07-20,17,Rosalia,Jala Brat & Buba Corelli,18,2,21
2024-07-20,18,Espresso,Sabrina Carpenter,21,10,12
2024-07-20,19,TeaNucci,Tea Tairovic Featuring Nucci,14,4,6
2024-07-20,20,7 Ujutro,Hiljson Mandela,-,20,1
2024-07-20,21,7ice,Sajfer & Jala Brat & Buba Corelli,20,4,9
2024-07-20,22,Rim Tim Tagi Dim,Baby Lasagna,23,1,16
2024-07-20,23,Rendalicca,Desingerica,22,22,2
2024-07-20,24,Sip,Grse,-,3,66
2024-07-20,25,OMB,Relja & Nucci,25,6,7
2024-07-27,1,Forza,Grse,1,1,6
2024-07-27,2,Bez Koda,Jala Brat & Buba Corelli,3,2,3
2024-07-27,3,Fantazija,Grse & Miach,2,1,24
2024-07-27,4,BeBo 4,Nucci,4,4,3
2024-07-27,5,Hollywood,Jala Brat & Buba Corelli Featuring Rasta,8,5,3
2024-07-27,6,Mangio Pasta,Peki & Grse,5,4,10
2024-07-27,7,Ankaran,Hiljson Mandela X Biba,6,1,9
2024-07-27,8,Vvs,Voyage & Baka Prase,-,8,1
2024-07-27,9,Japan,Jala Brat & Buba Corelli,7,5,3
2024-07-27,10,Mamma Mia,Grse,11,1,66
2024-07-27,11,Tokyo Drift,Grse X Mimi Mercedez,10,2,23
2024-07-27,12,Muskarcina,Voyage & Ceca,9,6,5
2024-07-27,13,Delija,SENIDAH,12,2,8
2024-07-27,14,Munja,Jala Brat & Buba Corelli,13,13,3
2024-07-27,15,Karneval II,Sajfer,16,2,59
2024-07-27,16,Monster,Jala Brat & Buba Corelli,14,3,22
2024-07-27,17,Rosalia,Jala Brat & Buba Corelli,17,2,22
2024-07-27,18,Espresso,Sabrina Carpenter,18,10,13
2024-07-27,19,7ice,Sajfer & Jala Brat & Buba Corelli,21,4,10
2024-07-27,20,Cataleya,Jala Brat & Buba Corelli,15,15,3
2024-07-27,21,TeaNucci,Tea Tairovic Featuring Nucci,19,4,7
2024-07-27,22,Rim Tim Tagi Dim,Baby Lasagna,22,1,17
2024-07-27,23,Sip,Grse,24,3,67
2024-07-27,24,Pedro,"Jaxomy, Agatino Romero & Raffaella Carra",-,16,8
2024-07-27,25,Birds Of A Feather,Billie Eilish,-,18,5
2024-08-03,1,Forza,Grse,1,1,7
2024-08-03,2,Bez Koda,Jala Brat & Buba Corelli,2,2,4
2024-08-03,3,Fantazija,Grse & Miach,3,1,25
2024-08-03,4,Hollywood,Jala Brat & Buba Corelli Featuring Rasta,5,4,4
2024-08-03,5,BeBo 4,Nucci,4,4,4
2024-08-03,6,Vvs,Voyage & Baka Prase,8,6,2
2024-08-03,7,Mangio Pasta,Peki & Grse,6,4,11
2024-08-03,8,Ankaran,Hiljson Mandela X Biba,7,1,10
2024-08-03,9,Japan,Jala Brat & Buba Corelli,9,5,4
2024-08-03,10,Mamma Mia,Grse,10,1,67
2024-08-03,11,Tokyo Drift,Grse X Mimi Mercedez,11,2,24
2024-08-03,12,Muskarcina,Voyage & Ceca,12,6,6
2024-08-03,13,Monster,Jala Brat & Buba Corelli,16,3,23
2024-08-03,14,Karneval II,Sajfer,15,2,60
2024-08-03,15,Munja,Jala Brat & Buba Corelli,14,13,4
2024-08-03,16,Delija,SENIDAH,13,2,9
2024-08-03,17,Rosalia,Jala Brat & Buba Corelli,17,2,23
2024-08-03,18,Espresso,Sabrina Carpenter,18,10,14
2024-08-03,19,7ice,Sajfer & Jala Brat & Buba Corelli,19,4,11
2024-08-03,20,Cataleya,Jala Brat & Buba Corelli,20,15,4
2024-08-03,21,Karneval,Sajfer,-,1,66
2024-08-03,22,Birds Of A Feather,Billie Eilish,25,18,6
2024-08-03,23,Move,"Adam Port, Stryv & Camila Cabello Feat. Malachiii",-,23,1
2024-08-03,24,Sip,Grse,23,3,68
2024-08-03,25,Rim Tim Tagi Dim,Baby Lasagna,22,1,18
2024-08-10,1,Forza,Grse,1,1,8
2024-08-10,2,Bez Koda,Jala Brat & Buba Corelli,2,2,5
2024-08-10,3,Fantazija,Grse & Miach,3,1,26
2024-08-10,4,Hollywood,Jala Brat & Buba Corelli Featuring Rasta,4,4,5
2024-08-10,5,Ako Ne Znas Sta Je Bilo,M.P. Thompson I Hrvatrske Ruze,-,5,1
2024-08-10,6,Mangio Pasta,Peki & Grse,7,4,12
2024-08-10,7,Vvs,Voyage & Baka Prase,6,6,3
2024-08-10,8,BeBo 4,Nucci,5,4,5
2024-08-10,9,Ankaran,Hiljson Mandela X Biba,8,1,11
2024-08-10,10,Japan,Jala Brat & Buba Corelli,9,5,5
2024-08-10,11,Mamma Mia,Grse,10,1,68
2024-08-10,12,Tokyo Drift,Grse X Mimi Mercedez,11,2,25
2024-08-10,13,Muskarcina,Voyage & Ceca,12,6,7
2024-08-10,14,Monster,Jala Brat & Buba Corelli,13,3,24
2024-08-10,15,Delija,SENIDAH,16,2,10
2024-08-10,16,Munja,Jala Brat & Buba Corelli,15,13,5
2024-08-10,17,Rosalia,Jala Brat & Buba Corelli,17,2,24
2024-08-10,18,7ice,Sajfer & Jala Brat & Buba Corelli,19,4,12
2024-08-10,19,Karneval II,Sajfer,14,2,61
2024-08-10,20,Espresso,Sabrina Carpenter,18,10,15
2024-08-10,21,Cakum Pakum,Tamara Milutinovic,-,21,1
2024-08-10,22,Move,"Adam Port, Stryv & Camila Cabello Feat. Malachiii",23,22,2
2024-08-10,23,Lavica,Jelena Rozga,-,23,1
2024-08-10,24,Sip,Grse,24,3,69
2024-08-10,25,Karneval,Sajfer,21,1,67
2024-08-17,1,Forza,Grse,1,1,9
2024-08-17,2,Bez Koda,Jala Brat & Buba Corelli,2,2,6
2024-08-17,3,Hollywood,Jala Brat & Buba Corelli Featuring Rasta,4,3,6
2024-08-17,4,Mangio Pasta,Peki & Grse,6,4,13
2024-08-17,5,Fantazija,Grse & Miach,3,1,27
2024-08-17,6,Vvs,Voyage & Baka Prase,7,6,4
2024-08-17,7,Ankaran,Hiljson Mandela X Biba,9,1,12
2024-08-17,8,BeBo 4,Nucci,8,4,6
2024-08-17,9,Japan,Jala Brat & Buba Corelli,10,5,6
2024-08-17,10,Mamma Mia,Grse,11,1,69
2024-08-17,11,Tokyo Drift,Grse X Mimi Mercedez,12,2,26
2024-08-17,12,Guess,Charli xcx Featuring Billie Eilish,-,12,1
2024-08-17,13,Delija,SENIDAH,15,2,11
2024-08-17,14,Muskarcina,Voyage & Ceca,13,6,8
2024-08-17,15,7ice,Sajfer & Jala Brat & Buba Corelli,18,4,13
2024-08-17,16,Monster,Jala Brat & Buba Corelli,14,3,25
2024-08-17,17,Munja,Jala Brat & Buba Corelli,16,13,6
2024-08-17,18,Move,"Adam Port, Stryv & Camila Cabello Feat. Malachiii",22,18,3
2024-08-17,19,Cakum Pakum,Tamara Milutinovic,21,19,2
2024-08-17,20,Rosalia,Jala Brat & Buba Corelli,17,2,25
2024-08-17,21,Ako Ne Znas Sta Je Bilo,M.P. Thompson I Hrvatrske Ruze,5,5,2
2024-08-17,22,Karneval II,Sajfer,19,2,62
2024-08-17,23,Sip,Grse,24,3,70
2024-08-17,24,Espresso,Sabrina Carpenter,20,10,16
2024-08-17,25,Birds Of A Feather,Billie Eilish,-,18,7
2024-08-24,1,Forza,Grse,1,1,10
2024-08-24,2,Bez Koda,Jala Brat & Buba Corelli,2,2,7
2024-08-24,3,Hollywood,Jala Brat & Buba Corelli Featuring Rasta,3,3,7
2024-08-24,4,Ako Ne Znas Sta Je Bilo,M.P. Thompson I Hrvatrske Ruze,21,4,3
2024-08-24,5,Fantazija,Grse & Miach,5,1,28
2024-08-24,6,Mangio Pasta,Peki & Grse,4,4,14
2024-08-24,7,Japan,Jala Brat & Buba Corelli,9,5,7
2024-08-24,8,Mamma Mia,Grse,10,1,70
2024-08-24,9,Vvs,Voyage & Baka Prase,6,6,5
2024-08-24,10,Ankaran,Hiljson Mandela X Biba,7,1,13
2024-08-24,11,Tokyo Drift,Grse X Mimi Mercedez,11,2,27
2024-08-24,12,BeBo 4,Nucci,8,4,7
2024-08-24,13,Muskarcina,Voyage & Ceca,14,6,9
2024-08-24,14,Munja,Jala Brat & Buba Corelli,17,13,7
2024-08-24,15,7ice,Sajfer & Jala Brat & Buba Corelli,15,4,14
2024-08-24,16,Delija,SENIDAH,13,2,12
2024-08-24,17,Monster,Jala Brat & Buba Corelli,16,3,26
2024-08-24,18,Cakum Pakum,Tamara Milutinovic,19,18,3
2024-08-24,19,Move,"Adam Port, Stryv & Camila Cabello Feat. Malachiii",18,18,4
2024-08-24,20,Rosalia,Jala Brat & Buba Corelli,20,2,26
2024-08-24,21,Karneval II,Sajfer,22,2,63
2024-08-24,22,Birds Of A Feather,Billie Eilish,25,18,8
2024-08-24,23,Espresso,Sabrina Carpenter,24,10,17
2024-08-24,24,Ganga I Rera,Peki Featuring Vojko V,-,24,1
2024-08-24,25,Sip,Grse,23,3,71
2024-08-31,1,Forza,Grse,1,1,11
2024-08-31,2,Bez Koda,Jala Brat & Buba Corelli,2,2,8
2024-08-31,3,Hollywood,Jala Brat & Buba Corelli Featuring Rasta,3,3,8
2024-08-31,4,Mangio Pasta,Peki & Grse,6,4,15
2024-08-31,5,Ako Ne Znas Sta Je Bilo,M.P. Thompson I Hrvatrske Ruze,4,4,4
2024-08-31,6,Fantazija,Grse & Miach,5,1,29
2024-08-31,7,Japan,Jala Brat & Buba Corelli,7,5,8
2024-08-31,8,Mamma Mia,Grse,8,1,71
2024-08-31,9,Tokyo Drift,Grse X Mimi Mercedez,11,2,28
2024-08-31,10,Vvs,Voyage & Baka Prase,9,6,6
2024-08-31,11,Ankaran,Hiljson Mandela X Biba,10,1,14
2024-08-31,12,BeBo 4,Nucci,12,4,8
2024-08-31,13,7ice,Sajfer & Jala Brat & Buba Corelli,15,4,15
2024-08-31,14,Munja,Jala Brat & Buba Corelli,14,13,8
2024-08-31,15,Delija,SENIDAH,16,2,13
2024-08-31,16,Muskarcina,Voyage & Ceca,13,6,10
2024-08-31,17,Birds Of A Feather,Billie Eilish,22,17,9
2024-08-31,18,Monster,Jala Brat & Buba Corelli,17,3,27
2024-08-31,19,Cakum Pakum,Tamara Milutinovic,18,18,4
2024-08-31,20,Ganga I Rera,Peki Featuring Vojko V,24,20,2
2024-08-31,21,Bajadeira,Peki Featuring Hiljson Mandela,-,21,1
2024-08-31,22,Rosalia,Jala Brat & Buba Corelli,20,2,27
2024-08-31,23,Move,"Adam Port, Stryv & Camila Cabello Feat. Malachiii",19,18,5
2024-08-31,24,Karneval II,Sajfer,21,2,64
2024-08-31,25,Espresso,Sabrina Carpenter,23,10,18
2024-09-07,1,Forza,Grse,1,1,12
2024-09-07,2,Bez Koda,Jala Brat & Buba Corelli,2,2,9
2024-09-07,3,Hollywood,Jala Brat & Buba Corelli Featuring Rasta,3,3,9
2024-09-07,4,Mangio Pasta,Peki & Grse,4,4,16
2024-09-07,5,Fantazija,Grse & Miach,6,1,30
2024-09-07,6,Ako Ne Znas Sta Je Bilo,M.P. Thompson I Hrvatrske Ruze,5,4,5
2024-09-07,7,Japan,Jala Brat & Buba Corelli,7,5,9
2024-09-07,8,Tokyo Drift,Grse X Mimi Mercedez,9,2,29
2024-09-07,9,Vvs,Voyage & Baka Prase,10,6,7
2024-09-07,10,Ankaran,Hiljson Mandela X Biba,11,1,15
2024-09-07,11,Mamma Mia,Grse,8,1,72
2024-09-07,12,BeBo 4,Nucci,12,4,9
2024-09-07,13,Palme,Ano & Mili,-,13,1
2024-09-07,14,Ganga I Rera,Peki Featuring Vojko V,20,14,3
2024-09-07,15,Munja,Jala Brat & Buba Corelli,14,13,9
2024-09-07,16,Muskarcina,Voyage & Ceca,16,6,11
2024-09-07,17,Espresso,Sabrina Carpenter,25,10,19
2024-09-07,18,7ice,Sajfer & Jala Brat & Buba Corelli,13,4,16
2024-09-07,19,Delija,SENIDAH,15,2,14
2024-09-07,20,Taste,Sabrina Carpenter,-,20,1
2024-09-07,21,Bajadeira,Peki Featuring Hiljson Mandela,21,21,2
2024-09-07,22,Cakum Pakum,Tamara Milutinovic,19,18,5
2024-09-07,23,Monster,Jala Brat & Buba Corelli,18,3,28
2024-09-07,24,Birds Of A Feather,Billie Eilish,17,17,10
2024-09-07,25,Move,"Adam Port, Stryv & Camila Cabello Feat. Malachiii",23,18,6
2024-09-14,1,Forza,Grse,1,1,13
2024-09-14,2,Bez Koda,Jala Brat & Buba Corelli,2,2,10
2024-09-14,3,Hollywood,Jala Brat & Buba Corelli Featuring Rasta,3,3,10
2024-09-14,4,Mangio Pasta,Peki & Grse,4,4,17
2024-09-14,5,Fantazija,Grse & Miach,5,1,31
2024-09-14,6,Biggie Boom Boom,Baby Lasagna,-,6,1
2024-09-14,7,Palme,Ano & Mili,13,7,2
2024-09-14,8,Ganga I Rera,Peki Featuring Vojko V,14,8,4
2024-09-14,9,Ankaran,Hiljson Mandela X Biba,10,1,16
2024-09-14,10,Ako Ne Znas Sta Je Bilo,M.P. Thompson I Hrvatrske Ruze,6,4,6
2024-09-14,11,Japan,Jala Brat & Buba Corelli,7,5,10
2024-09-14,12,Vvs,Voyage & Baka Prase,9,6,8
2024-09-14,13,BeBo 4,Nucci,12,4,10
2024-09-14,14,Bajadeira,Peki Featuring Hiljson Mandela,21,14,3
2024-09-14,15,Munja,Jala Brat & Buba Corelli,15,13,10
2024-09-14,16,Idi Gade,SENIDAH,-,16,1
2024-09-14,17,Muskarcina,Voyage & Ceca,16,6,12
2024-09-14,18,Tokyo Drift,Grse X Mimi Mercedez,8,2,30
2024-09-14,19,Delija,SENIDAH,19,2,15
2024-09-14,20,Cakum Pakum,Tamara Milutinovic,22,18,6
2024-09-14,21,Monster,Jala Brat & Buba Corelli,23,3,29
2024-09-14,22,Espresso,Sabrina Carpenter,17,10,20
2024-09-14,23,7ice,Sajfer & Jala Brat & Buba Corelli,18,4,17
2024-09-14,24,Mamma Mia,Grse,11,1,73
2024-09-14,25,Taste,Sabrina Carpenter,20,20,2
2024-09-21,1,Bez Koda,Jala Brat & Buba Corelli,2,1,11
2024-09-21,2,Forza,Grse,1,1,14
2024-09-21,3,Hollywood,Jala Brat & Buba Corelli Featuring Rasta,3,3,11
2024-09-21,4,Mangio Pasta,Peki & Grse,4,4,18
2024-09-21,5,Ganga I Rera,Peki Featuring Vojko V,8,5,5
2024-09-21,6,Palme,Ano & Mili,7,6,3
2024-09-21,7,Ankaran,Hiljson Mandela X Biba,9,1,17
2024-09-21,8,Japan,Jala Brat & Buba Corelli,11,5,11
2024-09-21,9,Ako Ne Znas Sta Je Bilo,M.P. Thompson I Hrvatrske Ruze,10,4,7
2024-09-21,10,The Emptiness Machine,Linkin Park,-,10,1
2024-09-21,11,Bajadeira,Peki Featuring Hiljson Mandela,14,11,4
2024-09-21,12,Munja,Jala Brat & Buba Corelli,15,12,11
2024-09-21,13,Vvs,Voyage & Baka Prase,12,6,9
2024-09-21,14,Cakum Pakum,Tamara Milutinovic,20,14,7
2024-09-21,15,BeBo 4,Nucci,13,4,11
2024-09-21,16,Idi Gade,SENIDAH,16,16,2
2024-09-21,17,Fantazija,Grse & Miach,5,1,32
2024-09-21,18,Muskarcina,Voyage & Ceca,17,6,13
2024-09-21,19,Monster,Jala Brat & Buba Corelli,21,3,30
2024-09-21,20,7ice,Sajfer & Jala Brat & Buba Corelli,23,4,18
2024-09-21,21,Tokyo Drift,Grse X Mimi Mercedez,18,2,31
2024-09-21,22,Karneval II,Sajfer,-,2,65
2024-09-21,23,Delija,SENIDAH,19,2,16
2024-09-21,24,Alo Alo,SENIDAH,-,24,1
2024-09-21,25,Rosalia,Jala Brat & Buba Corelli,-,2,28
2024-09-28,1,Bez Koda,Jala Brat & Buba Corelli,1,1,12
2024-09-28,2,Forza,Grse,2,1,15
2024-09-28,3,Hollywood,Jala Brat & Buba Corelli Featuring Rasta,3,3,12
2024-09-28,4,Ganga I Rera,Peki Featuring Vojko V,5,4,6
2024-09-28,5,Mangio Pasta,Peki & Grse,4,4,19
2024-09-28,6,Japan,Jala Brat & Buba Corelli,8,5,12
2024-09-28,7,Ankaran,Hiljson Mandela X Biba,7,1,18
2024-09-28,8,Ako Ne Znas Sta Je Bilo,M.P. Thompson I Hrvatrske Ruze,9,4,8
2024-09-28,9,Omen,SENIDAH,-,9,1
2024-09-28,10,Palme,Ano & Mili,6,6,4
2024-09-28,11,Munja,Jala Brat & Buba Corelli,12,11,12
2024-09-28,12,Vvs,Voyage & Baka Prase,13,6,10
2024-09-28,13,Cakum Pakum,Tamara Milutinovic,14,13,8
2024-09-28,14,Bajadeira,Peki Featuring Hiljson Mandela,11,11,5
2024-09-28,15,Monster,Jala Brat & Buba Corelli,19,3,31
2024-09-28,16,Fantazija,Grse & Miach,17,1,33
2024-09-28,17,Muskarcina,Voyage & Ceca,18,6,14
2024-09-28,18,BeBo 4,Nucci,15,4,12
2024-09-28,19,Rosalia,Jala Brat & Buba Corelli,25,2,29
2024-09-28,20,The Emptiness Machine,Linkin Park,10,10,2
2024-09-28,21,Karneval II,Sajfer,22,2,66
2024-09-28,22,Delija,SENIDAH,23,2,17
2024-09-28,23,7ice,Sajfer & Jala Brat & Buba Corelli,20,4,19
2024-09-28,24,Tokyo Drift,Grse X Mimi Mercedez,21,2,32
2024-09-28,25,Alo Alo,SENIDAH,24,24,2
2024-10-05,1,Bez Koda,Jala Brat & Buba Corelli,1,1,13
2024-10-05,2,Forza,Grse,2,1,16
2024-10-05,3,Hollywood,Jala Brat & Buba Corelli Featuring Rasta,3,3,13
2024-10-05,4,Ganga I Rera,Peki Featuring Vojko V,4,4,7
2024-10-05,5,Mangio Pasta,Peki & Grse,5,4,20
2024-10-05,6,Japan,Jala Brat & Buba Corelli,6,5,13
2024-10-05,7,Ankaran,Hiljson Mandela X Biba,7,1,19
2024-10-05,8,Ako Ne Znas Sta Je Bilo,M.P. Thompson I Hrvatrske Ruze,8,4,9
2024-10-05,9,Munja,Jala Brat & Buba Corelli,11,9,13
2024-10-05,10,Vvs,Voyage & Baka Prase,12,6,11
2024-10-05,11,Bajadeira,Peki Featuring Hiljson Mandela,14,11,6
2024-10-05,12,Palme,Ano & Mili,10,6,5
2024-10-05,13,Cakum Pakum,Tamara Milutinovic,13,13,9
2024-10-05,14,Muskarcina,Voyage & Ceca,17,6,15
2024-10-05,15,Omen,SENIDAH,9,9,2
2024-10-05,16,Monster,Jala Brat & Buba Corelli,15,3,32
2024-10-05,17,Rosalia,Jala Brat & Buba Corelli,19,2,30
2024-10-05,18,Fantazija,Grse & Miach,16,1,34
2024-10-05,19,Karneval II,Sajfer,21,2,67
2024-10-05,20,BeBo 4,Nucci,18,4,13
2024-10-05,21,7ice,Sajfer & Jala Brat & Buba Corelli,23,4,20
2024-10-05,22,Tokyo Drift,Grse X Mimi Mercedez,24,2,33
2024-10-05,23,Die With A Smile,Lady Gaga & Bruno Mars,-,23,1
2024-10-05,24,Delija,SENIDAH,22,2,18
2024-10-05,25,Padam,Jala Brat & Buba Corelli & Baby It's Pablo,-,3,41
2024-10-12,1,Bez Koda,Jala Brat & Buba Corelli,1,1,14
2024-10-12,2,Forza,Grse,2,1,17
2024-10-12,3,Hollywood,Jala Brat & Buba Corelli Featuring Rasta,3,3,14
2024-10-12,4,Ganga I Rera,Peki Featuring Vojko V,4,4,8
2024-10-12,5,Japan,Jala Brat & Buba Corelli,6,5,14
2024-10-12,6,Mangio Pasta,Peki & Grse,5,4,21
2024-10-12,7,Ako Ne Znas Sta Je Bilo,M.P. Thompson I Hrvatrske Ruze,8,4,10
2024-10-12,8,Ankaran,Hiljson Mandela X Biba,7,1,20
2024-10-12,9,Bajadeira,Peki Featuring Hiljson Mandela,11,9,7
2024-10-12,10,Cakum Pakum,Tamara Milutinovic,13,10,10
2024-10-12,11,Munja,Jala Brat & Buba Corelli,9,9,14
2024-10-12,12,Vvs,Voyage & Baka Prase,10,6,12
2024-10-12,13,Muskarcina,Voyage & Ceca,14,6,16
2024-10-12,14,Palme,Ano & Mili,12,6,6
2024-10-12,15,Monster,Jala Brat & Buba Corelli,16,3,33
2024-10-12,16,Timeless,The Weeknd & Playboi Carti,-,16,1
2024-10-12,17,7ice,Sajfer & Jala Brat & Buba Corelli,21,4,21
2024-10-12,18,Fantazija,Grse & Miach,18,1,35
2024-10-12,19,Rosalia,Jala Brat & Buba Corelli,17,2,31
2024-10-12,20,Die With A Smile,Lady Gaga & Bruno Mars,23,20,2
2024-10-12,21,Birds Of A Feather,Billie Eilish,-,17,11
2024-10-12,22,Tokyo Drift,Grse X Mimi Mercedez,22,2,34
2024-10-12,23,Omen,SENIDAH,15,9,3
2024-10-12,24,BeBo 4,Nucci,20,4,14
2024-10-12,25,Ccrno,Desingerica x Pajak x Zera,-,25,1
2024-10-19,1,Bez Koda,Jala Brat & Buba Corelli,1,1,15
2024-10-19,2,Hollywood,Jala Brat & Buba Corelli Featuring Rasta,3,2,15
2024-10-19,3,Forza,Grse,2,1,18
2024-10-19,4,Ganga I Rera,Peki Featuring Vojko V,4,4,9
2024-10-19,5,Japan,Jala Brat & Buba Corelli,5,5,15
2024-10-19,6,Bajadeira,Peki Featuring Hiljson Mandela,9,6,8
2024-10-19,7,Mangio Pasta,Peki & Grse,6,4,22
2024-10-19,8,Ako Ne Znas Sta Je Bilo,M.P. Thompson I Hrvatrske Ruze,7,4,11
2024-10-19,9,Vvs,Voyage & Baka Prase,12,6,13
2024-10-19,10,Ankaran,Hiljson Mandela X Biba,8,1,21
2024-10-19,11,Cakum Pakum,Tamara Milutinovic,10,10,11
2024-10-19,12,Munja,Jala Brat & Buba Corelli,11,9,15
2024-10-19,13,7ice,Sajfer & Jala Brat & Buba Corelli,17,4,22
2024-10-19,14,Muskarcina,Voyage & Ceca,13,6,17
2024-10-19,15,Rosalia,Jala Brat & Buba Corelli,19,2,32
2024-10-19,16,Palme,Ano & Mili,14,6,7
2024-10-19,17,Monster,Jala Brat & Buba Corelli,15,3,34
2024-10-19,18,BeBo 4,Nucci,24,4,15
2024-10-19,19,Fantazija,Grse & Miach,18,1,36
2024-10-19,20,Karneval II,Sajfer,-,2,68
2024-10-19,21,Tokyo Drift,Grse X Mimi Mercedez,22,2,35
2024-10-19,22,Die With A Smile,Lady Gaga & Bruno Mars,20,20,3
2024-10-19,23,Padam,Jala Brat & Buba Corelli & Baby It's Pablo,-,3,42
2024-10-19,24,Delija,SENIDAH,-,2,19
2024-10-19,25,7 Ujutro,Hiljson Mandela,-,20,2
2024-10-26,1,Hi Hi - Ha Ha,"Nucci, Biba & Devito",-,1,1
2024-10-26,2,Bez Koda,Jala Brat & Buba Corelli,1,1,16
2024-10-26,3,Hollywood,Jala Brat & Buba Corelli Featuring Rasta,2,2,16
2024-10-26,4,Forza,Grse,3,1,19
2024-10-26,5,Ganga I Rera,Peki Featuring Vojko V,4,4,10
2024-10-26,6,Japan,Jala Brat & Buba Corelli,5,5,16
2024-10-26,7,Bajadeira,Peki Featuring Hiljson Mandela,6,6,9
2024-10-26,8,Ako Ne Znas Sta Je Bilo,M.P. Thompson I Hrvatrske Ruze,8,4,12
2024-10-26,9,Vvs,Voyage & Baka Prase,9,6,14
2024-10-26,10,Mangio Pasta,Peki & Grse,7,4,23
2024-10-26,11,Munja,Jala Brat & Buba Corelli,12,9,16
2024-10-26,12,Cakum Pakum,Tamara Milutinovic,11,10,12
2024-10-26,13,7ice,Sajfer & Jala Brat & Buba Corelli,13,4,23
2024-10-26,14,Ankaran,Hiljson Mandela X Biba,10,1,22
2024-10-26,15,Muskarcina,Voyage & Ceca,14,6,18
2024-10-26,16,BeBo 4,Nucci,18,4,16
2024-10-26,17,Rosalia,Jala Brat & Buba Corelli,15,2,33
2024-10-26,18,Fantazija,Grse & Miach,19,1,37
2024-10-26,19,Palme,Ano & Mili,16,6,8
2024-10-26,20,Monster,Jala Brat & Buba Corelli,17,3,35
2024-10-26,21,Tokyo Drift,Grse X Mimi Mercedez,21,2,36
2024-10-26,22,Padam,Jala Brat & Buba Corelli & Baby It's Pablo,23,3,43
2024-10-26,23,Karneval II,Sajfer,20,2,69
2024-10-26,24,Delija,SENIDAH,24,2,20
2024-10-26,25,Led,Miach Featuring Grse,-,20,5
2024-11-02,1,Hi Hi - Ha Ha,"Nucci, Biba & Devito",1,1,2
2024-11-02,2,Bez Koda,Jala Brat & Buba Corelli,2,1,17
2024-11-02,3,Hollywood,Jala Brat & Buba Corelli Featuring Rasta,3,2,17
2024-11-02,4,Forza,Grse,4,1,20
2024-11-02,5,Ganga I Rera,Peki Featuring Vojko V,5,4,11
2024-11-02,6,Bajadeira,Peki Featuring Hiljson Mandela,7,6,10
2024-11-02,7,Japan,Jala Brat & Buba Corelli,6,5,17
2024-11-02,8,Ako Ne Znas Sta Je Bilo,M.P. Thompson I Hrvatrske Ruze,8,4,13
2024-11-02,9,Munja,Jala Brat & Buba Corelli,11,9,17
2024-11-02,10,Mangio Pasta,Peki & Grse,10,4,24
2024-11-02,11,Cakum Pakum,Tamara Milutinovic,12,10,13
2024-11-02,12,7ice,Sajfer & Jala Brat & Buba Corelli,13,4,24
2024-11-02,13,Vvs,Voyage & Baka Prase,9,6,15
2024-11-02,14,Ankaran,Hiljson Mandela X Biba,14,1,23
2024-11-02,15,APT.,ROSE & Bruno Mars,-,15,1
2024-11-02,16,Fantazija,Grse & Miach,18,1,38
2024-11-02,17,Rosalia,Jala Brat & Buba Corelli,17,2,34
2024-11-02,18,Muskarcina,Voyage & Ceca,15,6,19
2024-11-02,19,Monster,Jala Brat & Buba Corelli,20,3,36
2024-11-02,20,Palme,Ano & Mili,19,6,9
2024-11-02,21,Karneval II,Sajfer,23,2,70
2024-11-02,22,BeBo 4,Nucci,16,4,17
2024-11-02,23,Led,Miach Featuring Grse,25,20,6
2024-11-02,24,Padam,Jala Brat & Buba Corelli & Baby It's Pablo,22,3,44
2024-11-02,25,Die With A Smile,Lady Gaga & Bruno Mars,-,20,4
2024-11-09,1,Hi Hi - Ha Ha,"Nucci, Biba & Devito",1,1,3
2024-11-09,2,Bez Koda,Jala Brat & Buba Corelli,2,1,18
2024-11-09,3,Vagabundo,Nucci Featuring Sanja Vucic,-,3,1
2024-11-09,4,Hollywood,Jala Brat & Buba Corelli Featuring Rasta,3,2,18
2024-11-09,5,Ganga I Rera,Peki Featuring Vojko V,5,4,12
2024-11-09,6,Bajadeira,Peki Featuring Hiljson Mandela,6,6,11
2024-11-09,7,Forza,Grse,4,1,21
2024-11-09,8,Japan,Jala Brat & Buba Corelli,7,5,18
2024-11-09,9,Audi TT,Nucci,-,9,1
2024-11-09,10,Marija,Nucci,-,10,1
2024-11-09,11,Cakum Pakum,Tamara Milutinovic,11,10,14
2024-11-09,12,Ako Ne Znas Sta Je Bilo,M.P. Thompson I Hrvatrske Ruze,8,4,14
2024-11-09,13,Ceo Svet,Nucci Featuring Rasta,-,13,1
2024-11-09,14,Mangio Pasta,Peki & Grse,10,4,25
2024-11-09,15,Munja,Jala Brat & Buba Corelli,9,9,18
2024-11-09,16,7ice,Sajfer & Jala Brat & Buba Corelli,12,4,25
2024-11-09,17,Vvs,Voyage & Baka Prase,13,6,16
2024-11-09,18,Ankaran,Hiljson Mandela X Biba,14,1,24
2024-11-09,19,Preko Linije,Nucci Featuring Relja,-,19,1
2024-11-09,20,Rosalia,Jala Brat & Buba Corelli,17,2,35
2024-11-09,21,Muskarcina,Voyage & Ceca,18,6,20
2024-11-09,22,Fantazija,Grse & Miach,16,1,39
2024-11-09,23,Oci Plave,Nucci,-,23,1
2024-11-09,24,APT.,ROSE & Bruno Mars,15,15,2
2024-11-09,25,Led,Miach Featuring Grse,23,20,7
2024-11-16,1,Bez Koda,Jala Brat & Buba Corelli,2,1,19
2024-11-16,2,Hi Hi - Ha Ha,"Nucci, Biba & Devito",1,1,4
2024-11-16,3,Andeo,Hiljson Mandela & Miach,-,3,1
2024-11-16,4,Vagabundo,Nucci Featuring Sanja Vucic,3,3,2
2024-11-16,5,Ganga I Rera,Peki Featuring Vojko V,5,4,13
2024-11-16,6,Bajadeira,Peki Featuring Hiljson Mandela,6,6,12
2024-11-16,7,Hollywood,Jala Brat & Buba Corelli Featuring Rasta,4,2,19
2024-11-16,8,Forza,Grse,7,1,22
2024-11-16,9,Ceo Svet,Nucci Featuring Rasta,13,9,2
2024-11-16,10,Marija,Nucci,10,10,2
2024-11-16,11,Fantazija,Grse & Miach,22,1,40
2024-11-16,12,Audi TT,Nucci,9,9,2
2024-11-16,13,Ako Ne Znas Sta Je Bilo,M.P. Thompson I Hrvatrske Ruze,12,4,15
2024-11-16,14,Cakum Pakum,Tamara Milutinovic,11,10,15
2024-11-16,15,Japan,Jala Brat & Buba Corelli,8,5,19
2024-11-16,16,Mangio Pasta,Peki & Grse,14,4,26
2024-11-16,17,Munja,Jala Brat & Buba Corelli,15,9,19
2024-11-16,18,7ice,Sajfer & Jala Brat & Buba Corelli,16,4,26
2024-11-16,19,Voice,Nucci,-,19,1
2024-11-16,20,Led,Miach Featuring Grse,25,20,8
2024-11-16,21,Sao Paulo,The Weeknd & Anitta,-,21,1
2024-11-16,22,Ankaran,Hiljson Mandela X Biba,18,1,25
2024-11-16,23,7 Ujutro,Hiljson Mandela,-,20,3
2024-11-16,24,Vvs,Voyage & Baka Prase,17,6,17
2024-11-16,25,APT.,ROSE & Bruno Mars,24,15,3
2024-11-23,1,Andeo,Hiljson Mandela & Miach,3,1,2
2024-11-23,2,Bez Koda,Jala Brat & Buba Corelli,1,1,20
2024-11-23,3,Voice,Nucci,19,3,2
2024-11-23,4,Hi Hi - Ha Ha,"Nucci, Biba & Devito",2,1,5
2024-11-23,5,Ceo Svet,Nucci Featuring Rasta,9,5,3
2024-11-23,6,Vagabundo,Nucci Featuring Sanja Vucic,4,3,3
2024-11-23,7,Bajadeira,Peki Featuring Hiljson Mandela,6,6,13
2024-11-23,8,Ganga I Rera,Peki Featuring Vojko V,5,4,14
2024-11-23,9,Marija,Nucci,10,9,3
2024-11-23,10,Audi TT,Nucci,12,9,3
2024-11-23,11,Forza,Grse,8,1,23
2024-11-23,12,Hollywood,Jala Brat & Buba Corelli Featuring Rasta,7,2,20
2024-11-23,13,Ako Ne Znas Sta Je Bilo,M.P. Thompson I Hrvatrske Ruze,13,4,16
2024-11-23,14,Fantazija,Grse & Miach,11,1,41
2024-11-23,15,Cakum Pakum,Tamara Milutinovic,14,10,16
2024-11-23,16,Japan,Jala Brat & Buba Corelli,15,5,20
2024-11-23,17,Mangio Pasta,Peki & Grse,16,4,27
2024-11-23,18,Led,Miach Featuring Grse,20,18,9
2024-11-23,19,7ice,Sajfer & Jala Brat & Buba Corelli,18,4,27
2024-11-23,20,Nesvjestica,Magazin,-,20,1
2024-11-23,21,Ankaran,Hiljson Mandela X Biba,22,1,26
2024-11-23,22,Munja,Jala Brat & Buba Corelli,17,9,20
2024-11-23,23,7 Ujutro,Hiljson Mandela,23,20,4
2024-11-23,24,APT.,ROSE & Bruno Mars,25,15,4
2024-11-23,25,Die With A Smile,Lady Gaga & Bruno Mars,-,20,5
2024-11-30,1,Andeo,Hiljson Mandela & Miach,1,1,3
2024-11-30,2,Voice,Nucci,3,2,3
2024-11-30,3,Bez Koda,Jala Brat & Buba Corelli,2,1,21
2024-11-30,4,Ako Ne Znas Sta Je Bilo,M.P. Thompson I Hrvatrske Ruze,13,4,17
2024-11-30,5,Ceo Svet,Nucci Featuring Rasta,5,5,4
2024-11-30,6,Hi Hi - Ha Ha,"Nucci, Biba & Devito",4,1,6
2024-11-30,7,Vagabundo,Nucci Featuring Sanja Vucic,6,3,4
2024-11-30,8,Bajadeira,Peki Featuring Hiljson Mandela,7,6,14
2024-11-30,9,Marija,Nucci,9,9,4
2024-11-30,10,Ganga I Rera,Peki Featuring Vojko V,8,4,15
2024-11-30,11,Forza,Grse,11,1,24
2024-11-30,12,Audi TT,Nucci,10,9,4
2024-11-30,13,Hollywood,Jala Brat & Buba Corelli Featuring Rasta,12,2,21
2024-11-30,14,Fantazija,Grse & Miach,14,1,42
2024-11-30,15,Led,Miach Featuring Grse,18,15,10
2024-11-30,16,Cakum Pakum,Tamara Milutinovic,15,10,17
2024-11-30,17,Japan,Jala Brat & Buba Corelli,16,5,21
2024-11-30,18,Mangio Pasta,Peki & Grse,17,4,28
2024-11-30,19,7 Ujutro,Hiljson Mandela,23,19,5
2024-11-30,20,APT.,ROSE & Bruno Mars,24,15,5
2024-11-30,21,7ice,Sajfer & Jala Brat & Buba Corelli,19,4,28
2024-11-30,22,Munja,Jala Brat & Buba Corelli,22,9,21
2024-11-30,23,Ankaran,Hiljson Mandela X Biba,21,1,27
2024-11-30,24,Vvs,Voyage & Baka Prase,-,6,18
2024-11-30,25,Muskarcina,Voyage & Ceca,-,6,21
2024-12-07,1,Andeo,Hiljson Mandela & Miach,1,1,4
2024-12-07,2,Voice,Nucci,2,2,4
2024-12-07,3,Na Noge,Crni Cerak X Lacku,-,3,1
2024-12-07,4,Bez Koda,Jala Brat & Buba Corelli,3,1,22
2024-12-07,5,Ceo Svet,Nucci Featuring Rasta,5,5,5
2024-12-07,6,Bajadeira,Peki Featuring Hiljson Mandela,8,6,15
2024-12-07,7,Marija,Nucci,9,7,5
2024-12-07,8,Ako Ne Znas Sta Je Bilo,M.P. Thompson I Hrvatrske Ruze,4,4,18
2024-12-07,9,Hi Hi - Ha Ha,"Nucci, Biba & Devito",6,1,7
2024-12-07,10,Vagabundo,Nucci Featuring Sanja Vucic,7,3,5
2024-12-07,11,Ganga I Rera,Peki Featuring Vojko V,10,4,16
2024-12-07,12,Forza,Grse,11,1,25
2024-12-07,13,APT.,ROSE & Bruno Mars,20,13,6
2024-12-07,14,Fantazija,Grse & Miach,14,1,43
2024-12-07,15,Hollywood,Jala Brat & Buba Corelli Featuring Rasta,13,2,22
2024-12-07,16,Led,Miach Featuring Grse,15,15,11
2024-12-07,17,Audi TT,Nucci,12,9,5
2024-12-07,18,7 Ujutro,Hiljson Mandela,19,18,6
2024-12-07,19,Dar I Kletva,COBY,-,19,1
2024-12-07,20,Japan,Jala Brat & Buba Corelli,17,5,22
2024-12-07,21,Mangio Pasta,Peki & Grse,18,4,29
2024-12-07,22,Cakum Pakum,Tamara Milutinovic,16,10,18
2024-12-07,23,7ice,Sajfer & Jala Brat & Buba Corelli,21,4,29
2024-12-07,24,Ankaran,Hiljson Mandela X Biba,23,1,28
2024-12-07,25,Blesava,Sajfer X Inas,-,25,1
2024-12-14,1,Andeo,Hiljson Mandela & Miach,1,1,5
2024-12-14,2,Voice,Nucci,2,2,5
2024-12-14,3,Na Noge,Crni Cerak X Lacku,3,3,2
2024-12-14,4,Bez Koda,Jala Brat & Buba Corelli,4,1,23
2024-12-14,5,Bajadeira,Peki Featuring Hiljson Mandela,6,5,16
2024-12-14,6,Ceo Svet,Nucci Featuring Rasta,5,5,6
2024-12-14,7,Ganga I Rera,Peki Featuring Vojko V,11,4,17
2024-12-14,8,Led,Miach Featuring Grse,16,8,12
2024-12-14,9,Ako Ne Znas Sta Je Bilo,M.P. Thompson I Hrvatrske Ruze,8,4,19
2024-12-14,10,Fantazija,Grse & Miach,14,1,44
2024-12-14,11,Forza,Grse,12,1,26
2024-12-14,12,Last Christmas,Wham!,-,4,11
2024-12-14,13,Marija,Nucci,7,7,6
2024-12-14,14,Hi Hi - Ha Ha,"Nucci, Biba & Devito",9,1,8
2024-12-14,15,APT.,ROSE & Bruno Mars,13,13,7
2024-12-14,16,All I Want For Christmas Is You,Mariah Carey,-,4,11
2024-12-14,17,Hollywood,Jala Brat & Buba Corelli Featuring Rasta,15,2,23
2024-12-14,18,Vagabundo,Nucci Featuring Sanja Vucic,10,3,6
2024-12-14,19,Ma Meilleure Ennemie,Stromae & Pomme,-,19,1
2024-12-14,20,7 Ujutro,Hiljson Mandela,18,18,7
2024-12-14,21,Audi TT,Nucci,17,9,6
2024-12-14,22,Mangio Pasta,Peki & Grse,21,4,30
2024-12-14,23,Japan,Jala Brat & Buba Corelli,20,5,23
2024-12-14,24,Ankaran,Hiljson Mandela X Biba,24,1,29
2024-12-14,25,Dar I Kletva,COBY,19,19,2
2024-12-21,1,Andeo,Hiljson Mandela & Miach,1,1,6
2024-12-21,2,Voice,Nucci,2,2,6
2024-12-21,3,Bez Koda,Jala Brat & Buba Corelli,4,1,24
2024-12-21,4,Ako Ne Znas Sta Je Bilo,M.P. Thompson I Hrvatrske Ruze,9,4,20
2024-12-21,5,Last Christmas,Wham!,12,4,12
2024-12-21,6,Bajadeira,Peki Featuring Hiljson Mandela,5,5,17
2024-12-21,7,Led,Miach Featuring Grse,8,7,13
2024-12-21,8,Na Noge,Crni Cerak X Lacku,3,3,3
2024-12-21,9,Fantazija,Grse & Miach,10,1,45
2024-12-21,10,Ganga I Rera,Peki Featuring Vojko V,7,4,18
2024-12-21,11,Forza,Grse,11,1,27
2024-12-21,12,Ceo Svet,Nucci Featuring Rasta,6,5,7
2024-12-21,13,All I Want For Christmas Is You,Mariah Carey,16,4,12
2024-12-21,14,Hollywood,Jala Brat & Buba Corelli Featuring Rasta,17,2,24
2024-12-21,15,APT.,ROSE & Bruno Mars,15,13,8
2024-12-21,16,CC #4,Crni Cerak,-,16,1
2024-12-21,17,Vagabundo,Nucci Featuring Sanja Vucic,18,3,7
2024-12-21,18,Marija,Nucci,13,7,7
2024-12-21,19,Mangio Pasta,Peki & Grse,22,4,31
2024-12-21,20,Zrla Frla,Crni Cerak Featuring Neloe & Cunami Flo,-,20,1
2024-12-21,21,Hi Hi - Ha Ha,"Nucci, Biba & Devito",14,1,9
2024-12-21,22,7 Ujutro,Hiljson Mandela,20,18,8
2024-12-21,23,Rockin' Around The Christmas Tree,Brenda Lee,-,9,8
2024-12-21,24,Japan,Jala Brat & Buba Corelli,23,5,24
2024-12-21,25,Audi TT,Nucci,21,9,7
2024-12-28,1,Blaka Blaka,Jala Brat & Buba Corelli Featuring Elena,-,1,1
2024-12-28,2,Bass,Jala Brat & Buba Corelli,-,2,1
2024-12-28,3,Andeo,Hiljson Mandela & Miach,1,1,7
2024-12-28,4,Sexdrive,Jala Brat & Buba Corelli,-,4,1
2024-12-28,5,Vrati Je Tati,Jala Brat & Buba Corelli,-,5,1
2024-12-28,6,Kingston,Jala Brat & Buba Corelli,-,6,1
2024-12-28,7,Makarov,Jala Brat & Buba Corelli,-,7,1
2024-12-28,8,Kehlani,Jala Brat & Buba Corelli,-,8,1
2024-12-28,9,Blur,Jala Brat & Buba Corelli,-,9,1
2024-12-28,10,Voice,Nucci,2,2,7
2024-12-28,11,Bez Koda,Jala Brat & Buba Corelli,3,1,25
2024-12-28,12,KISS,Baks,-,12,1
2024-12-28,13,Bajadeira,Peki Featuring Hiljson Mandela,6,5,18
2024-12-28,14,Last Christmas,Wham!,5,4,13
2024-12-28,15,Ako Ne Znas Sta Je Bilo,M.P. Thompson I Hrvatrske Ruze,4,4,21
2024-12-28,16,Ganga I Rera,Peki Featuring Vojko V,10,4,19
2024-12-28,17,Led,Miach Featuring Grse,7,7,14
2024-12-28,18,All I Want For Christmas Is You,Mariah Carey,13,4,13
2024-12-28,19,Fantazija,Grse & Miach,9,1,46
2024-12-28,20,Ceo Svet,Nucci Featuring Rasta,12,5,8
2024-12-28,21,Forza,Grse,11,1,28
2024-12-28,22,Hollywood,Jala Brat & Buba Corelli Featuring Rasta,14,2,25
2024-12-28,23,Japan,Jala Brat & Buba Corelli,24,5,25
2024-12-28,24,Na Noge,Crni Cerak X Lacku,8,3,4
2024-12-28,25,APT.,ROSE & Bruno Mars,15,13,9
2025-01-04,1,Bass,Jala Brat & Buba Corelli,2,1,2
2025-01-04,2,Blaka Blaka,Jala Brat & Buba Corelli Featuring Elena,1,1,2
2025-01-04,3,Andeo,Hiljson Mandela & Miach,3,1,8
2025-01-04,4,Sexdrive,Jala Brat & Buba Corelli,4,4,2
2025-01-04,5,Last Christmas,Wham!,14,4,14
2025-01-04,6,Vrati Je Tati,Jala Brat & Buba Corelli,5,5,2
2025-01-04,7,Kingston,Jala Brat & Buba Corelli,6,6,2
2025-01-04,8,Kehlani,Jala Brat & Buba Corelli,8,8,2
2025-01-04,9,All I Want For Christmas Is You,Mariah Carey,18,4,14
2025-01-04,10,Makarov,Jala Brat & Buba Corelli,7,7,2
2025-01-04,11,Blur,Jala Brat & Buba Corelli,9,9,2
2025-01-04,12,Bez Koda,Jala Brat & Buba Corelli,11,1,26
2025-01-04,13,Rockin' Around The Christmas Tree,Brenda Lee,-,9,9
2025-01-04,14,Sretan Bozic Svakome,Fantomi,-,14,1
2025-01-04,15,Voice,Nucci,10,2,8
2025-01-04,16,Jingle Bell Rock,Bobby Helms,-,12,3
2025-01-04,17,Bozic Bijeli,Dalmatino,-,10,4
2025-01-04,18,Bajadeira,Peki Featuring Hiljson Mandela,13,5,19
2025-01-04,19,Ako Ne Znas Sta Je Bilo,M.P. Thompson I Hrvatrske Ruze,15,4,22
2025-01-04,20,Bozic Dolazi,Srebrna Krila,-,11,2
2025-01-04,21,Ganga I Rera,Peki Featuring Vojko V,16,4,20
2025-01-04,22,Fantazija,Grse & Miach,19,1,47
2025-01-04,23,Snowman,Sia,-,13,4
2025-01-04,24,Led,Miach Featuring Grse,17,7,15
2025-01-04,25,Let It Snow! Let It Snow! Let It Snow!,Dean Martin,-,15,2
2025-01-11,1,Andeo,Hiljson Mandela & Miach,3,1,9
2025-01-11,2,Blaka Blaka,Jala Brat & Buba Corelli Featuring Elena,2,1,3
2025-01-11,3,Bass,Jala Brat & Buba Corelli,1,1,3
2025-01-11,4,Sexdrive,Jala Brat & Buba Corelli,4,4,3
2025-01-11,5,Elita,Ellen,-,5,1
2025-01-11,6,Bez Koda,Jala Brat & Buba Corelli,12,1,27
2025-01-11,7,Vrati Je Tati,Jala Brat & Buba Corelli,6,5,3
2025-01-11,8,Kingston,Jala Brat & Buba Corelli,7,6,3
2025-01-11,9,Kehlani,Jala Brat & Buba Corelli,8,8,3
2025-01-11,10,Voice,Nucci,15,2,9
2025-01-11,11,Makarov,Jala Brat & Buba Corelli,10,7,3
2025-01-11,12,Bajadeira,Peki Featuring Hiljson Mandela,18,5,20
2025-01-11,13,Ganga I Rera,Peki Featuring Vojko V,21,4,21
2025-01-11,14,Fantazija,Grse & Miach,22,1,48
2025-01-11,15,Blur,Jala Brat & Buba Corelli,11,9,3
2025-01-11,16,Led,Miach Featuring Grse,24,7,16
2025-01-11,17,Ako Ne Znas Sta Je Bilo,M.P. Thompson I Hrvatrske Ruze,19,4,23
2025-01-11,18,Forza,Grse,-,1,29
2025-01-11,19,Mangio Pasta,Peki & Grse,-,4,32
2025-01-11,20,KISS,Baks,-,12,2
2025-01-11,21,APT.,ROSE & Bruno Mars,-,13,10
2025-01-11,22,Hollywood,Jala Brat & Buba Corelli Featuring Rasta,-,2,26
2025-01-11,23,Ankaran,Hiljson Mandela X Biba,-,1,30
2025-01-11,24,Japan,Jala Brat & Buba Corelli,-,5,26
2025-01-11,25,Ceo Svet,Nucci Featuring Rasta,-,5,9
2025-01-18,1,Andeo,Hiljson Mandela & Miach,1,1,10
2025-01-18,2,Blaka Blaka,Jala Brat & Buba Corelli Featuring Elena,2,1,4
2025-01-18,3,Bass,Jala Brat & Buba Corelli,3,1,4
2025-01-18,4,Sexdrive,Jala Brat & Buba Corelli,4,4,4
2025-01-18,5,Kehlani,Jala Brat & Buba Corelli,9,5,4
2025-01-18,6,Bez Koda,Jala Brat & Buba Corelli,6,1,28
2025-01-18,7,Vrati Je Tati,Jala Brat & Buba Corelli,7,5,4
2025-01-18,8,Kingston,Jala Brat & Buba Corelli,8,6,4
2025-01-18,9,Voice,Nucci,10,2,10
2025-01-18,10,Bajadeira,Peki Featuring Hiljson Mandela,12,5,21
2025-01-18,11,Makarov,Jala Brat & Buba Corelli,11,7,4
2025-01-18,12,Blur,Jala Brat & Buba Corelli,15,9,4
2025-01-18,13,Fantazija,Grse & Miach,14,1,49
2025-01-18,14,Ganga I Rera,Peki Featuring Vojko V,13,4,22
2025-01-18,15,Led,Miach Featuring Grse,16,7,17
2025-01-18,16,APT.,ROSE & Bruno Mars,21,13,11
2025-01-18,17,Mangio Pasta,Peki & Grse,19,4,33
2025-01-18,18,Forza,Grse,18,1,30
2025-01-18,19,Ankaran,Hiljson Mandela X Biba,23,1,31
2025-01-18,20,KISS,Baks,20,12,3
2025-01-18,21,Ako Ne Znas Sta Je Bilo,M.P. Thompson I Hrvatrske Ruze,17,4,24
2025-01-18,22,Zrla Frla,Crni Cerak Featuring Neloe & Cunami Flo,-,20,2
2025-01-18,23,7 Ujutro,Hiljson Mandela,-,18,9
2025-01-18,24,Die With A Smile,Lady Gaga & Bruno Mars,-,20,6
2025-01-18,25,Japan,Jala Brat & Buba Corelli,24,5,27
2025-01-25,1,Andeo,Hiljson Mandela & Miach,1,1,11
2025-01-25,2,Blaka Blaka,Jala Brat & Buba Corelli Featuring Elena,2,1,5
2025-01-25,3,Bass,Jala Brat & Buba Corelli,3,1,5
2025-01-25,4,Sexdrive,Jala Brat & Buba Corelli,4,4,5
2025-01-25,5,Kehlani,Jala Brat & Buba Corelli,5,5,5
2025-01-25,6,Vrati Je Tati,Jala Brat & Buba Corelli,7,5,5
2025-01-25,7,Voice,Nucci,9,2,11
2025-01-25,8,Kingston,Jala Brat & Buba Corelli,8,6,5
2025-01-25,9,Bez Koda,Jala Brat & Buba Corelli,6,1,29
2025-01-25,10,Makarov,Jala Brat & Buba Corelli,11,7,5
2025-01-25,11,Bajadeira,Peki Featuring Hiljson Mandela,10,5,22
2025-01-25,12,Blur,Jala Brat & Buba Corelli,12,9,5
2025-01-25,13,Led,Miach Featuring Grse,15,7,18
2025-01-25,14,APT.,ROSE & Bruno Mars,16,13,12
2025-01-25,15,Fantazija,Grse & Miach,13,1,50
2025-01-25,16,Ganga I Rera,Peki Featuring Vojko V,14,4,23
2025-01-25,17,Mangio Pasta,Peki & Grse,17,4,34
2025-01-25,18,Zrla Frla,Crni Cerak Featuring Neloe & Cunami Flo,22,18,3
2025-01-25,19,Ako Ne Znas Sta Je Bilo,M.P. Thompson I Hrvatrske Ruze,21,4,25
2025-01-25,20,Forza,Grse,18,1,31
2025-01-25,21,KISS,Baks,20,12,4
2025-01-25,22,Ankaran,Hiljson Mandela X Biba,19,1,32
2025-01-25,23,Die With A Smile,Lady Gaga & Bruno Mars,24,20,7
2025-01-25,24,Ceo Svet,Nucci Featuring Rasta,-,5,10
2025-01-25,25,7ice,Sajfer & Jala Brat & Buba Corelli,-,4,30
2025-02-01,1,Andeo,Hiljson Mandela & Miach,1,1,12
2025-02-01,2,Blaka Blaka,Jala Brat & Buba Corelli Featuring Elena,2,1,6
2025-02-01,3,Bass,Jala Brat & Buba Corelli,3,1,6
2025-02-01,4,Sexdrive,Jala Brat & Buba Corelli,4,4,6
2025-02-01,5,Kehlani,Jala Brat & Buba Corelli,5,5,6
2025-02-01,6,Vrati Je Tati,Jala Brat & Buba Corelli,6,5,6
2025-02-01,7,Kingston,Jala Brat & Buba Corelli,8,6,6
2025-02-01,8,Voice,Nucci,7,2,12
2025-02-01,9,Bez Koda,Jala Brat & Buba Corelli,9,1,30
2025-02-01,10,Blur,Jala Brat & Buba Corelli,12,9,6
2025-02-01,11,Makarov,Jala Brat & Buba Corelli,10,7,6
2025-02-01,12,Bajadeira,Peki Featuring Hiljson Mandela,11,5,23
2025-02-01,13,Ganga I Rera,Peki Featuring Vojko V,16,4,24
2025-02-01,14,Fantazija,Grse & Miach,15,1,51
2025-02-01,15,APT.,ROSE & Bruno Mars,14,13,13
2025-02-01,16,Ako Ne Znas Sta Je Bilo,M.P. Thompson I Hrvatrske Ruze,19,4,26
2025-02-01,17,Led,Miach Featuring Grse,13,7,19
2025-02-01,18,Mangio Pasta,Peki & Grse,17,4,35
2025-02-01,19,Forza,Grse,20,1,32
2025-02-01,20,Zrla Frla,Crni Cerak Featuring Neloe & Cunami Flo,18,18,4
2025-02-01,21,KISS,Baks,21,12,5
2025-02-01,22,Die With A Smile,Lady Gaga & Bruno Mars,23,20,8
2025-02-01,23,Ankaran,Hiljson Mandela X Biba,22,1,33
2025-02-01,24,7ice,Sajfer & Jala Brat & Buba Corelli,25,4,31
2025-02-01,25,7 Ujutro,Hiljson Mandela,-,18,10
2025-02-08,1,Andeo,Hiljson Mandela & Miach,1,1,13
2025-02-08,2,Blaka Blaka,Jala Brat & Buba Corelli Featuring Elena,2,1,7
2025-02-08,3,Bass,Jala Brat & Buba Corelli,3,1,7
2025-02-08,4,Sexdrive,Jala Brat & Buba Corelli,4,4,7
2025-02-08,5,Ako Ne Znas Sta Je Bilo,M.P. Thompson I Hrvatrske Ruze,16,4,27
2025-02-08,6,Kehlani,Jala Brat & Buba Corelli,5,5,7
2025-02-08,7,Vrati Je Tati,Jala Brat & Buba Corelli,6,5,7
2025-02-08,8,Kingston,Jala Brat & Buba Corelli,7,6,7
2025-02-08,9,Voice,Nucci,8,2,13
2025-02-08,10,Bez Koda,Jala Brat & Buba Corelli,9,1,31
2025-02-08,11,Pumpalicca,Desingerica X Djexon,-,11,1
2025-02-08,12,Blur,Jala Brat & Buba Corelli,10,9,7
2025-02-08,13,Makarov,Jala Brat & Buba Corelli,11,7,7
2025-02-08,14,APT.,ROSE & Bruno Mars,15,13,14
2025-02-08,15,Led,Miach Featuring Grse,17,7,20
2025-02-08,16,Bajadeira,Peki Featuring Hiljson Mandela,12,5,24
2025-02-08,17,Ganga I Rera,Peki Featuring Vojko V,13,4,25
2025-02-08,18,Fantazija,Grse & Miach,14,1,52
2025-02-08,19,Forza,Grse,19,1,33
2025-02-08,20,Mangio Pasta,Peki & Grse,18,4,36
2025-02-08,21,KISS,Baks,21,12,6
2025-02-08,22,Die With A Smile,Lady Gaga & Bruno Mars,22,20,9
2025-02-08,23,Zrla Frla,Crni Cerak Featuring Neloe & Cunami Flo,20,18,5
2025-02-08,24,Ankaran,Hiljson Mandela X Biba,23,1,34
2025-02-08,25,Ceo Svet,Nucci Featuring Rasta,-,5,11
2025-02-15,1,Ako Ne Znas Sta Je Bilo,M.P. Thompson I Hrvatrske Ruze,5,1,28
2025-02-15,2,Andeo,Hiljson Mandela & Miach,1,1,14
2025-02-15,3,Blaka Blaka,Jala Brat & Buba Corelli Featuring Elena,2,1,8
2025-02-15,4,Bass,Jala Brat & Buba Corelli,3,1,8
2025-02-15,5,Sexdrive,Jala Brat & Buba Corelli,4,4,8
2025-02-15,6,Kehlani,Jala Brat & Buba Corelli,6,5,8
2025-02-15,7,Pumpalicca,Desingerica X Djexon,11,7,2
2025-02-15,8,Vrati Je Tati,Jala Brat & Buba Corelli,7,5,8
2025-02-15,9,Voice,Nucci,9,2,14
2025-02-15,10,Kingston,Jala Brat & Buba Corelli,8,6,8
2025-02-15,11,Bez Koda,Jala Brat & Buba Corelli,10,1,32
2025-02-15,12,Bajadeira,Peki Featuring Hiljson Mandela,16,5,25
2025-02-15,13,APT.,ROSE & Bruno Mars,14,13,15
2025-02-15,14,Blur,Jala Brat & Buba Corelli,12,9,8
2025-02-15,15,LECGOU,Peki,-,15,1
2025-02-15,16,Ganga I Rera,Peki Featuring Vojko V,17,4,26
2025-02-15,17,Abracadabra,Lady Gaga,-,17,1
2025-02-15,18,Makarov,Jala Brat & Buba Corelli,13,7,8
2025-02-15,19,Fantazija,Grse & Miach,18,1,53
2025-02-15,20,Led,Miach Featuring Grse,15,7,21
2025-02-15,21,Die With A Smile,Lady Gaga & Bruno Mars,22,20,10
2025-02-15,22,Forza,Grse,19,1,34
2025-02-15,23,Mangio Pasta,Peki & Grse,20,4,37
2025-02-15,24,Tika Taka,Peki Featuring Miach,-,24,1
2025-02-15,25,Zrla Frla,Crni Cerak Featuring Neloe & Cunami Flo,23,18,6
2025-02-22,1,Ako Ne Znas Sta Je Bilo,M.P. Thompson I Hrvatrske Ruze,1,1,29
2025-02-22,2,Neprocitano Pismo,Thompson,-,2,1
2025-02-22,3,Andeo,Hiljson Mandela & Miach,2,1,15
2025-02-22,4,Blaka Blaka,Jala Brat & Buba Corelli Featuring Elena,3,1,9
2025-02-22,5,Sexdrive,Jala Brat & Buba Corelli,5,4,9
2025-02-22,6,Bass,Jala Brat & Buba Corelli,4,1,9
2025-02-22,7,Kehlani,Jala Brat & Buba Corelli,6,5,9
2025-02-22,8,Pumpalicca,Desingerica X Djexon,7,7,3
2025-02-22,9,Abracadabra,Lady Gaga,17,9,2
2025-02-22,10,Voice,Nucci,9,2,15
2025-02-22,11,Vrati Je Tati,Jala Brat & Buba Corelli,8,5,9
2025-02-22,12,Bez Koda,Jala Brat & Buba Corelli,11,1,33
2025-02-22,13,Kingston,Jala Brat & Buba Corelli,10,6,9
2025-02-22,14,Ciganka,Trile,-,14,1
2025-02-22,15,Not Like Us,Kendrick Lamar,-,15,3
2025-02-22,16,LECGOU,Peki,15,15,2
2025-02-22,17,Bajadeira,Peki Featuring Hiljson Mandela,12,5,26
2025-02-22,18,APT.,ROSE & Bruno Mars,13,13,16
2025-02-22,19,Ganga I Rera,Peki Featuring Vojko V,16,4,27
2025-02-22,20,Led,Miach Featuring Grse,20,7,22
2025-02-22,21,Makarov,Jala Brat & Buba Corelli,18,7,9
2025-02-22,22,Blur,Jala Brat & Buba Corelli,14,9,9
2025-02-22,23,Die With A Smile,Lady Gaga & Bruno Mars,21,20,11
2025-02-22,24,Mangio Pasta,Peki & Grse,23,4,38
2025-02-22,25,Fantazija,Grse & Miach,19,1,54
2025-03-01,1,Ako Ne Znas Sta Je Bilo,M.P. Thompson I Hrvatrske Ruze,1,1,30
2025-03-01,2,Andeo,Hiljson Mandela & Miach,3,1,16
2025-03-01,3,Ciganka,Trile,14,3,2
2025-03-01,4,Blaka Blaka,Jala Brat & Buba Corelli Featuring Elena,4,1,10
2025-03-01,5,Neprocitano Pismo,Thompson,2,2,2
2025-03-01,6,Sexdrive,Jala Brat & Buba Corelli,5,4,10
2025-03-01,7,Bass,Jala Brat & Buba Corelli,6,1,10
2025-03-01,8,Kehlani,Jala Brat & Buba Corelli,7,5,10
2025-03-01,9,Vrati Je Tati,Jala Brat & Buba Corelli,11,5,10
2025-03-01,10,Bez Koda,Jala Brat & Buba Corelli,12,1,34
2025-03-01,11,Voice,Nucci,10,2,16
2025-03-01,12,Pumpalicca,Desingerica X Djexon,8,7,4
2025-03-01,13,Kingston,Jala Brat & Buba Corelli,13,6,10
2025-03-01,14,Not Like Us,Kendrick Lamar,15,14,4
2025-03-01,15,Bajadeira,Peki Featuring Hiljson Mandela,17,5,27
2025-03-01,16,APT.,ROSE & Bruno Mars,18,13,17
2025-03-01,17,Led,Miach Featuring Grse,20,7,23
2025-03-01,18,Blur,Jala Brat & Buba Corelli,22,9,10
2025-03-01,19,Ganga I Rera,Peki Featuring Vojko V,19,4,28
2025-03-01,20,Die With A Smile,Lady Gaga & Bruno Mars,23,20,12
2025-03-01,21,Abracadabra,Lady Gaga,9,9,3
2025-03-01,22,Fantazija,Grse & Miach,25,1,55
2025-03-01,23,Makarov,Jala Brat & Buba Corelli,21,7,10
2025-03-01,24,7ice,Sajfer & Jala Brat & Buba Corelli,-,4,32
2025-03-01,25,Ankaran,Hiljson Mandela X Biba,-,1,35
2025-03-08,1,Andeo,Hiljson Mandela & Miach,2,1,17
2025-03-08,2,Ako Ne Znas Sta Je Bilo,M.P. Thompson I Hrvatrske Ruze,1,1,31
2025-03-08,3,Ciganka,Trile,3,3,3
2025-03-08,4,Blaka Blaka,Jala Brat & Buba Corelli Featuring Elena,4,1,11
2025-03-08,5,Sexdrive,Jala Brat & Buba Corelli,6,4,11
2025-03-08,6,Bass,Jala Brat & Buba Corelli,7,1,11
2025-03-08,7,Kehlani,Jala Brat & Buba Corelli,8,5,11
2025-03-08,8,Vrati Je Tati,Jala Brat & Buba Corelli,9,5,11
2025-03-08,9,Bez Koda,Jala Brat & Buba Corelli,10,1,35
2025-03-08,10,Voice,Nucci,11,2,17
2025-03-08,11,Neprocitano Pismo,Thompson,5,2,3
2025-03-08,12,Kingston,Jala Brat & Buba Corelli,13,6,11
2025-03-08,13,Bajadeira,Peki Featuring Hiljson Mandela,15,5,28
2025-03-08,14,Led,Miach Featuring Grse,17,7,24
2025-03-08,15,Pumpalicca,Desingerica X Djexon,12,7,5
2025-03-08,16,APT.,ROSE & Bruno Mars,16,13,18
2025-03-08,17,Ganga I Rera,Peki Featuring Vojko V,19,4,29
2025-03-08,18,Blur,Jala Brat & Buba Corelli,18,9,11
2025-03-08,19,Fantazija,Grse & Miach,22,1,56
2025-03-08,20,Mangio Pasta,Peki & Grse,-,4,39
2025-03-08,21,LECGOU,Peki,-,15,3
2025-03-08,22,Forza,Grse,-,1,35
2025-03-08,23,Die With A Smile,Lady Gaga & Bruno Mars,20,20,13
2025-03-08,24,Ankaran,Hiljson Mandela X Biba,25,1,36
2025-03-08,25,7ice,Sajfer & Jala Brat & Buba Corelli,24,4,33
2025-03-15,1,Andeo,Hiljson Mandela & Miach,1,1,18
2025-03-15,2,Blaka Blaka,Jala Brat & Buba Corelli Featuring Elena,4,1,12
2025-03-15,3,Ako Ne Znas Sta Je Bilo,M.P. Thompson I Hrvatrske Ruze,2,1,32
2025-03-15,4,Ciganka,Trile,3,3,4
2025-03-15,5,Sexdrive,Jala Brat & Buba Corelli,5,4,12
2025-03-15,6,Bass,Jala Brat & Buba Corelli,6,1,12
2025-03-15,7,Kehlani,Jala Brat & Buba Corelli,7,5,12
2025-03-15,8,Vrati Je Tati,Jala Brat & Buba Corelli,8,5,12
2025-03-15,9,Bez Koda,Jala Brat & Buba Corelli,9,1,36
2025-03-15,10,Moj Si High,SENIDAH,-,10,1
2025-03-15,11,Voice,Nucci,10,2,18
2025-03-15,12,Kingston,Jala Brat & Buba Corelli,12,6,12
2025-03-15,13,Bajadeira,Peki Featuring Hiljson Mandela,13,5,29
2025-03-15,14,Forza,Grse,22,1,36
2025-03-15,15,Harizmatika,Rasta,-,15,1
2025-03-15,16,Led,Miach Featuring Grse,14,7,25
2025-03-15,17,KISS,Baks,-,12,7
2025-03-15,18,APT.,ROSE & Bruno Mars,16,13,19
2025-03-15,19,Ganga I Rera,Peki Featuring Vojko V,17,4,30
2025-03-15,20,Neprocitano Pismo,Thompson,11,2,4
2025-03-15,21,Mangio Pasta,Peki & Grse,20,4,40
2025-03-15,22,Fantazija,Grse & Miach,19,1,57
2025-03-15,23,Blur,Jala Brat & Buba Corelli,18,9,12
2025-03-15,24,Pumpalicca,Desingerica X Djexon,15,7,6
2025-03-15,25,Die With A Smile,Lady Gaga & Bruno Mars,23,20,14
2025-03-22,1,Andeo,Hiljson Mandela & Miach,1,1,19
2025-03-22,2,Blaka Blaka,Jala Brat & Buba Corelli Featuring Elena,2,1,13
2025-03-22,3,Ako Ne Znas Sta Je Bilo,M.P. Thompson I Hrvatrske Ruze,3,1,33
2025-03-22,4,Ciganka,Trile,4,3,5
2025-03-22,5,Sexdrive,Jala Brat & Buba Corelli,5,4,13
2025-03-22,6,Harizmatika,Rasta,15,6,2
2025-03-22,7,Bass,Jala Brat & Buba Corelli,6,1,13
2025-03-22,8,Kehlani,Jala Brat & Buba Corelli,7,5,13
2025-03-22,9,Zatvaranje,Elena Featuring Buba Corelli,-,9,1
2025-03-22,10,Bez Koda,Jala Brat & Buba Corelli,9,1,37
2025-03-22,11,Vrati Je Tati,Jala Brat & Buba Corelli,8,5,13
2025-03-22,12,Sneg,Breskvica & Sasa Matic,-,12,1
2025-03-22,13,Kad Ja Umrem Draga,Poskok DJ,-,13,1
2025-03-22,14,Voice,Nucci,11,2,19
2025-03-22,15,Forza,Grse,14,1,37
2025-03-22,16,Bajadeira,Peki Featuring Hiljson Mandela,13,5,30
2025-03-22,17,Sareno,Henny,-,17,1
2025-03-22,18,Kingston,Jala Brat & Buba Corelli,12,6,13
2025-03-22,19,KISS,Baks,17,12,8
2025-03-22,20,Led,Miach Featuring Grse,16,7,26
2025-03-22,21,Fantazija,Grse & Miach,22,1,58
2025-03-22,22,Abracadabra,Lady Gaga,-,9,4
2025-03-22,23,Puma,Elena,-,23,1
2025-03-22,24,Die With A Smile,Lady Gaga & Bruno Mars,25,20,15
2025-03-22,25,APT.,ROSE & Bruno Mars,18,13,20
2025-03-29,1,Andeo,Hiljson Mandela & Miach,1,1,20
2025-03-29,2,Harizmatika,Rasta,6,2,3
2025-03-29,3,Blaka Blaka,Jala Brat & Buba Corelli Featuring Elena,2,1,14
2025-03-29,4,Ako Ne Znas Sta Je Bilo,M.P. Thompson I Hrvatrske Ruze,3,1,34
2025-03-29,5,Sexdrive,Jala Brat & Buba Corelli,5,4,14
2025-03-29,6,Bass,Jala Brat & Buba Corelli,7,1,14
2025-03-29,7,Ciganka,Trile,4,3,6
2025-03-29,8,Zatvaranje,Elena Featuring Buba Corelli,9,8,2
2025-03-29,9,Vrati Je Tati,Jala Brat & Buba Corelli,11,5,14
2025-03-29,10,Bez Koda,Jala Brat & Buba Corelli,10,1,38
2025-03-29,11,Kehlani,Jala Brat & Buba Corelli,8,5,14
2025-03-29,12,Sneg,Breskvica & Sasa Matic,12,12,2
2025-03-29,13,Voice,Nucci,14,2,20
2025-03-29,14,Forza,Grse,15,1,38
2025-03-29,15,Kad Ja Umrem Draga,Poskok DJ,13,13,2
2025-03-29,16,Evil J0rdan,Playboi Carti,-,16,1
2025-03-29,17,Kingston,Jala Brat & Buba Corelli,18,6,14
2025-03-29,18,Bajadeira,Peki Featuring Hiljson Mandela,16,5,31
2025-03-29,19,Sareno,Henny,17,17,2
2025-03-29,20,Neprocitano Pismo,Thompson,-,2,5
2025-03-29,21,Led,Miach Featuring Grse,20,7,27
2025-03-29,22,Puma,Elena,23,22,2
2025-03-29,23,Ele Ele,Elena,-,23,1
2025-03-29,24,APT.,ROSE & Bruno Mars,25,13,21
2025-03-29,25,Fantazija,Grse & Miach,21,1,59
2025-04-05,1,Blaka Blaka,Jala Brat & Buba Corelli Featuring Elena,3,1,15
2025-04-05,2,Andeo,Hiljson Mandela & Miach,1,1,21
2025-04-05,3,Ako Ne Znas Sta Je Bilo,M.P. Thompson I Hrvatrske Ruze,4,1,35
2025-04-05,4,Harizmatika,Rasta,2,2,4
2025-04-05,5,Sexdrive,Jala Brat & Buba Corelli,5,4,15
2025-04-05,6,Bass,Jala Brat & Buba Corelli,6,1,15
2025-04-05,7,Zatvaranje,Elena Featuring Buba Corelli,8,7,3
2025-04-05,8,Vrati Je Tati,Jala Brat & Buba Corelli,9,5,15
2025-04-05,9,Ele Ele,Elena,23,9,2
2025-04-05,10,Ciganka,Trile,7,3,7
2025-04-05,11,Kehlani,Jala Brat & Buba Corelli,11,5,15
2025-04-05,12,Bez Koda,Jala Brat & Buba Corelli,10,1,39
2025-04-05,13,"Je, Bo'me Je!",PRIMA BAND Featuring Nives Celzijus,-,13,1
2025-04-05,14,Forza,Grse,14,1,39
2025-04-05,15,Voice,Nucci,13,2,21
2025-04-05,16,Kingston,Jala Brat & Buba Corelli,17,6,15
2025-04-05,17,Bajadeira,Peki Featuring Hiljson Mandela,18,5,32
2025-04-05,18,Puma,Elena,22,18,3
2025-04-05,19,Led,Miach Featuring Grse,21,7,28
2025-04-05,20,Neprocitano Pismo,Thompson,20,2,6
2025-04-05,21,Terasa S' Pogledom Na Zid,Ana Nikolic,-,21,1
2025-04-05,22,Blur,Jala Brat & Buba Corelli,-,9,13
2025-04-05,23,Fantazija,Grse & Miach,25,1,60
2025-04-05,24,Mangio Pasta,Peki & Grse,-,4,41
2025-04-05,25,Sareno,Henny,19,17,3
2025-04-12,1,Ako Ne Znas Sta Je Bilo,M.P. Thompson I Hrvatrske Ruze,3,1,36
2025-04-12,2,Blaka Blaka,Jala Brat & Buba Corelli Featuring Elena,1,1,16
2025-04-12,3,Harizmatika,Rasta,4,2,5
2025-04-12,4,Andeo,Hiljson Mandela & Miach,2,1,22
2025-04-12,5,Ele Ele,Elena,9,5,3
2025-04-12,6,Sexdrive,Jala Brat & Buba Corelli,5,4,16
2025-04-12,7,Tajland,Rasta,-,7,1
2025-04-12,8,FAZA,Miach,-,8,1
2025-04-12,9,Zatvaranje,Elena Featuring Buba Corelli,7,7,4
2025-04-12,10,Bass,Jala Brat & Buba Corelli,6,1,16
2025-04-12,11,Vrati Je Tati,Jala Brat & Buba Corelli,8,5,16
2025-04-12,12,Kehlani,Jala Brat & Buba Corelli,11,5,16
2025-04-12,13,Samo Je Ljubav Tajna Dvaju Svjetova,Thompson,-,13,1
2025-04-12,14,Bez Koda,Jala Brat & Buba Corelli,12,1,40
2025-04-12,15,Neprocitano Pismo,Thompson,20,2,7
2025-04-12,16,Ciganka,Trile,10,3,8
2025-04-12,17,Forza,Grse,14,1,40
2025-04-12,18,Led,Miach Featuring Grse,19,7,29
2025-04-12,19,Voice,Nucci,15,2,22
2025-04-12,20,Bajadeira,Peki Featuring Hiljson Mandela,17,5,33
2025-04-12,21,Kingston,Jala Brat & Buba Corelli,16,6,16
2025-04-12,22,Dolazak Hrvata,Thompson,-,22,1
2025-04-12,23,Mangio Pasta,Peki & Grse,24,4,42
2025-04-12,24,Puma,Elena,18,18,4
2025-04-12,25,Blur,Jala Brat & Buba Corelli,22,9,14
2025-04-19,1,Tajland,Rasta,7,1,2
2025-04-19,2,Ako Ne Znas Sta Je Bilo,M.P. Thompson I Hrvatrske Ruze,1,1,37
2025-04-19,3,Devedeset Neke,M.P. Thompson,-,3,1
2025-04-19,4,Harizmatika,Rasta,3,2,6
2025-04-19,5,Blaka Blaka,Jala Brat & Buba Corelli Featuring Elena,2,1,17
2025-04-19,6,Au,Biba,-,6,1
2025-04-19,7,Andeo,Hiljson Mandela & Miach,4,1,23
2025-04-19,8,Dumdum,Klijent X Jala Brat X Buba Corelli,-,8,1
2025-04-19,9,Sexdrive,Jala Brat & Buba Corelli,6,4,17
2025-04-19,10,Zatvaranje,Elena Featuring Buba Corelli,9,7,5
2025-04-19,11,Bass,Jala Brat & Buba Corelli,10,1,17
2025-04-19,12,Samo Je Ljubav Tajna Dvaju Svjetova,Thompson,13,12,2
2025-04-19,13,Ele Ele,Elena,5,5,4
2025-04-19,14,Bez Koda,Jala Brat & Buba Corelli,14,1,41
2025-04-19,15,Vrati Je Tati,Jala Brat & Buba Corelli,11,5,17
2025-04-19,16,FAZA,Miach,8,8,2
2025-04-19,17,Neprocitano Pismo,Thompson,15,2,8
2025-04-19,18,Forza,Grse,17,1,41
2025-04-19,19,Kehlani,Jala Brat & Buba Corelli,12,5,17
2025-04-19,20,Bam Bam Bira,KUKU$ & Baby Lasagna,-,20,1
2025-04-19,21,Cocctel,Desingerica x Napoleon x Frantz,-,21,1
2025-04-19,22,Voice,Nucci,19,2,23
2025-04-19,23,Ciganka,Trile,16,3,9
2025-04-19,24,Led,Miach Featuring Grse,18,7,30
2025-04-19,25,Sareno,Henny,-,17,4
2025-04-26,1,Tajland,Rasta,1,1,3
2025-04-26,2,Harizmatika,Rasta,4,2,7
2025-04-26,3,Au,Biba,6,3,2
2025-04-26,4,Ako Ne Znas Sta Je Bilo,M.P. Thompson I Hrvatrske Ruze,2,1,38
2025-04-26,5,Blaka Blaka,Jala Brat & Buba Corelli Featuring Elena,5,1,18
2025-04-26,6,Dumdum,Klijent X Jala Brat X Buba Corelli,8,6,2
2025-04-26,7,Andeo,Hiljson Mandela & Miach,7,1,24
2025-04-26,8,Zatvaranje,Elena Featuring Buba Corelli,10,7,6
2025-04-26,9,Sexdrive,Jala Brat & Buba Corelli,9,4,18
2025-04-26,10,Bass,Jala Brat & Buba Corelli,11,1,18
2025-04-26,11,Cocctel,Desingerica x Napoleon x Frantz,21,11,2
2025-04-26,12,Bez Koda,Jala Brat & Buba Corelli,14,1,42
2025-04-26,13,Vrati Je Tati,Jala Brat & Buba Corelli,15,5,18
2025-04-26,14,Kehlani,Jala Brat & Buba Corelli,19,5,18
2025-04-26,15,Ele Ele,Elena,13,5,5
2025-04-26,16,Forza,Grse,18,1,42
2025-04-26,17,Voice,Nucci,22,2,24
2025-04-26,18,Ceo Svet,Nucci Featuring Rasta,-,5,12
2025-04-26,19,Ciganka,Trile,23,3,10
2025-04-26,20,Sareno,Henny,25,17,5
2025-04-26,21,Bajadeira,Peki Featuring Hiljson Mandela,-,5,34
2025-04-26,22,Devedeset Neke,M.P. Thompson,3,3,2
2025-04-26,23,Kingston,Jala Brat & Buba Corelli,-,6,17
2025-04-26,24,Led,Miach Featuring Grse,24,7,31
2025-04-26,25,FAZA,Miach,16,8,3
2025-05-03,1,Tajland,Rasta,1,1,4
2025-05-03,2,Au,Biba,3,2,3
2025-05-03,3,Harizmatika,Rasta,2,2,8
2025-05-03,4,Blaka Blaka,Jala Brat & Buba Corelli Featuring Elena,5,1,19
2025-05-03,5,Ako Ne Znas Sta Je Bilo,M.P. Thompson I Hrvatrske Ruze,4,1,39
2025-05-03,6,Dumdum,Klijent X Jala Brat X Buba Corelli,6,6,3
2025-05-03,7,Andeo,Hiljson Mandela & Miach,7,1,25
2025-05-03,8,Sexdrive,Jala Brat & Buba Corelli,9,4,19
2025-05-03,9,Zatvaranje,Elena Featuring Buba Corelli,8,7,7
2025-05-03,10,Bass,Jala Brat & Buba Corelli,10,1,19
2025-05-03,11,Bez Koda,Jala Brat & Buba Corelli,12,1,43
2025-05-03,12,Vrati Je Tati,Jala Brat & Buba Corelli,13,5,19
2025-05-03,13,Voice,Nucci,17,2,25
2025-05-03,14,Forza,Grse,16,1,43
2025-05-03,15,Kehlani,Jala Brat & Buba Corelli,14,5,19
2025-05-03,16,Ceo Svet,Nucci Featuring Rasta,18,5,13
2025-05-03,17,Cocctel,Desingerica x Napoleon x Frantz,11,11,3
2025-05-03,18,Mangio Pasta,Peki & Grse,-,4,43
2025-05-03,19,Ele Ele,Elena,15,5,6
2025-05-03,20,Bajadeira,Peki Featuring Hiljson Mandela,21,5,35
2025-05-03,21,Ciganka,Trile,19,3,11
2025-05-03,22,Kingston,Jala Brat & Buba Corelli,23,6,18
2025-05-03,23,Fantazija,Grse & Miach,-,1,61
2025-05-03,24,Led,Miach Featuring Grse,24,7,32
2025-05-03,25,Sareno,Henny,20,17,6
2025-05-10,1,Tajland,Rasta,1,1,5
2025-05-10,2,Oluja,M.P. Thompson,-,2,1
2025-05-10,3,Don Diego,Jala Brat X Buba Corelli X GIMS,-,3,1
2025-05-10,4,Au,Biba,2,2,4
2025-05-10,5,Blaka Blaka,Jala Brat & Buba Corelli Featuring Elena,4,1,20
2025-05-10,6,Dumdum,Klijent X Jala Brat X Buba Corelli,6,6,4
2025-05-10,7,Ako Ne Znas Sta Je Bilo,M.P. Thompson I Hrvatrske Ruze,5,1,40
2025-05-10,8,Harizmatika,Rasta,3,2,9
2025-05-10,9,Andeo,Hiljson Mandela & Miach,7,1,26
2025-05-10,10,Zatvaranje,Elena Featuring Buba Corelli,9,7,8
2025-05-10,11,Sexdrive,Jala Brat & Buba Corelli,8,4,20
2025-05-10,12,Bass,Jala Brat & Buba Corelli,10,1,20
2025-05-10,13,Bez Koda,Jala Brat & Buba Corelli,11,1,44
2025-05-10,14,Forza,Grse,14,1,44
2025-05-10,15,Vrati Je Tati,Jala Brat & Buba Corelli,12,5,20
2025-05-10,16,Avantura,Rasta,-,16,1
2025-05-10,17,Kehlani,Jala Brat & Buba Corelli,15,5,20
2025-05-10,18,Ceo Svet,Nucci Featuring Rasta,16,5,14
2025-05-10,19,Led,Miach Featuring Grse,24,7,33
2025-05-10,20,Mangio Pasta,Peki & Grse,18,4,44
2025-05-10,21,Voice,Nucci,13,2,26
2025-05-10,22,Bajadeira,Peki Featuring Hiljson Mandela,20,5,36
2025-05-10,23,Kingston,Jala Brat & Buba Corelli,22,6,19
2025-05-10,24,Ciganka,Trile,21,3,12
2025-05-10,25,7ice,Sajfer & Jala Brat & Buba Corelli,-,4,34
2025-05-17,1,Tajland,Rasta,1,1,6
2025-05-17,2,Don Diego,Jala Brat X Buba Corelli X GIMS,3,2,2
2025-05-17,3,Harizmatika,Rasta,8,2,10
2025-05-17,4,Oluja,M.P. Thompson,2,2,2
2025-05-17,5,Blaka Blaka,Jala Brat & Buba Corelli Featuring Elena,5,1,21
2025-05-17,6,Au,Biba,4,2,5
2025-05-17,7,Dumdum,Klijent X Jala Brat X Buba Corelli,6,6,5
2025-05-17,8,Ako Ne Znas Sta Je Bilo,M.P. Thompson I Hrvatrske Ruze,7,1,41
2025-05-17,9,Ciganka,Trile,24,3,13
2025-05-17,10,Avantura,Rasta,16,10,2
2025-05-17,11,Andeo,Hiljson Mandela & Miach,9,1,27
2025-05-17,12,Zatvaranje,Elena Featuring Buba Corelli,10,7,9
2025-05-17,13,Sexdrive,Jala Brat & Buba Corelli,11,4,21
2025-05-17,14,Bass,Jala Brat & Buba Corelli,12,1,21
2025-05-17,15,Cok Guzel,Tea Tairovic,-,15,1
2025-05-17,16,Forza,Grse,14,1,45
2025-05-17,17,Bez Koda,Jala Brat & Buba Corelli,13,1,45
2025-05-17,18,Abu Dhabi,Grse,-,18,1
2025-05-17,19,Ceo Svet,Nucci Featuring Rasta,18,5,15
2025-05-17,20,Kehlani,Jala Brat & Buba Corelli,17,5,21
2025-05-17,21,Vrati Je Tati,Jala Brat & Buba Corelli,15,5,21
2025-05-17,22,Led,Miach Featuring Grse,19,7,34
2025-05-17,23,Bajadeira,Peki Featuring Hiljson Mandela,22,5,37
2025-05-17,24,Fantazija,Grse & Miach,-,1,62
2025-05-17,25,Mangio Pasta,Peki & Grse,20,4,45
2025-05-24,1,Abu Dhabi,Grse,18,1,2
2025-05-24,2,Cchap Cchap,Desingerica,-,2,1
2025-05-24,3,Cok Guzel,Tea Tairovic,15,3,2
2025-05-24,4,Tajland,Rasta,1,1,7
2025-05-24,5,Don Diego,Jala Brat X Buba Corelli X GIMS,2,2,3
2025-05-24,6,Blaka Blaka,Jala Brat & Buba Corelli Featuring Elena,5,1,22
2025-05-24,7,Avantura,Rasta,10,7,3
2025-05-24,8,Andeo,Hiljson Mandela & Miach,11,1,28
2025-05-24,9,Harizmatika,Rasta,3,2,11
2025-05-24,10,Dumdum,Klijent X Jala Brat X Buba Corelli,7,6,6
2025-05-24,11,Au,Biba,6,2,6
2025-05-24,12,Ciganka,Trile,9,3,14
2025-05-24,13,Ako Ne Znas Sta Je Bilo,M.P. Thompson I Hrvatrske Ruze,8,1,42
2025-05-24,14,Slike Bleiburga,Thompson,-,14,1
2025-05-24,15,Sexdrive,Jala Brat & Buba Corelli,13,4,22
2025-05-24,16,Forza,Grse,16,1,46
2025-05-24,17,Zatvaranje,Elena Featuring Buba Corelli,12,7,10
2025-05-24,18,Oluja,M.P. Thompson,4,2,3
2025-05-24,19,Ker Finansijer,Tea Tairovic,-,19,1
2025-05-24,20,Bass,Jala Brat & Buba Corelli,14,1,22
2025-05-24,21,Bez Koda,Jala Brat & Buba Corelli,17,1,46
2025-05-24,22,Led,Miach Featuring Grse,22,7,35
2025-05-24,23,Bajadeira,Peki Featuring Hiljson Mandela,23,5,38
2025-05-24,24,"Halo, Ovde Djavo",Tea Tairovic,-,24,1
2025-05-24,25,Kehlani,Jala Brat & Buba Corelli,20,5,22
2025-05-31,1,Cchap Cchap,Desingerica,2,1,2
2025-05-31,2,Abu Dhabi,Grse,1,1,3
2025-05-31,3,Cok Guzel,Tea Tairovic,3,3,3
2025-05-31,4,Tajland,Rasta,4,1,8
2025-05-31,5,Andeo,Hiljson Mandela & Miach,8,1,29
2025-05-31,6,#eurodab,Kaarija & Baby Lasagna,-,6,1
2025-05-31,7,Blaka Blaka,Jala Brat & Buba Corelli Featuring Elena,6,1,23
2025-05-31,8,Don Diego,Jala Brat X Buba Corelli X GIMS,5,2,4
2025-05-31,9,Dumdum,Klijent X Jala Brat X Buba Corelli,10,6,7
2025-05-31,10,Ciganka,Trile,12,3,15
2025-05-31,11,Ako Ne Znas Sta Je Bilo,M.P. Thompson I Hrvatrske Ruze,13,1,43
2025-05-31,12,Avantura,Rasta,7,7,4
2025-05-31,13,Harizmatika,Rasta,9,2,12
2025-05-31,14,Au,Biba,11,2,7
2025-05-31,15,Forza,Grse,16,1,47
2025-05-31,16,Sexdrive,Jala Brat & Buba Corelli,15,4,23
2025-05-31,17,Zatvaranje,Elena Featuring Buba Corelli,17,7,11
2025-05-31,18,Bez Koda,Jala Brat & Buba Corelli,21,1,47
2025-05-31,19,Bass,Jala Brat & Buba Corelli,20,1,23
2025-05-31,20,Bajadeira,Peki Featuring Hiljson Mandela,23,5,39
2025-05-31,21,Djavole,Voyage & Edita,-,21,1
2025-05-31,22,Led,Miach Featuring Grse,22,7,36
2025-05-31,23,Vrati Je Tati,Jala Brat & Buba Corelli,-,5,22
2025-05-31,24,Cocctel,Desingerica x Napoleon x Frantz,-,11,4
2025-05-31,25,Ker Finansijer,Tea Tairovic,19,19,2
2025-06-07,1,Cchap Cchap,Desingerica,1,1,3
2025-06-07,2,Abu Dhabi,Grse,2,1,4
2025-06-07,3,Tajland,Rasta,4,1,9
2025-06-07,4,Cok Guzel,Tea Tairovic,3,3,4
2025-06-07,5,Andeo,Hiljson Mandela & Miach,5,1,30
2025-06-07,6,Blaka Blaka,Jala Brat & Buba Corelli Featuring Elena,7,1,24
2025-06-07,7,Don Diego,Jala Brat X Buba Corelli X GIMS,8,2,5
2025-06-07,8,Ako Ne Znas Sta Je Bilo,M.P. Thompson I Hrvatrske Ruze,11,1,44
2025-06-07,9,Ciganka,Trile,10,3,16
2025-06-07,10,Dumdum,Klijent X Jala Brat X Buba Corelli,9,6,8
2025-06-07,11,Sexdrive,Jala Brat & Buba Corelli,16,4,24
2025-06-07,12,Zatvaranje,Elena Featuring Buba Corelli,17,7,12
2025-06-07,13,Au,Biba,14,2,8
2025-06-07,14,Harizmatika,Rasta,13,2,13
2025-06-07,15,Forza,Grse,15,1,48
2025-06-07,16,Bass,Jala Brat & Buba Corelli,19,1,24
2025-06-07,17,Bez Koda,Jala Brat & Buba Corelli,18,1,48
2025-06-07,18,Bajadeira,Peki Featuring Hiljson Mandela,20,5,40
2025-06-07,19,Led,Miach Featuring Grse,22,7,37
2025-06-07,20,Fantazija,Grse & Miach,-,1,63
2025-06-07,21,Avantura,Rasta,12,7,5
2025-06-07,22,Mangio Pasta,Peki & Grse,-,4,46
2025-06-07,23,Vrati Je Tati,Jala Brat & Buba Corelli,23,5,23
2025-06-07,24,Kehlani,Jala Brat & Buba Corelli,-,5,23
2025-06-07,25,Djavole,Voyage & Edita,21,21,2
2025-06-14,1,Cchap Cchap,Desingerica,1,1,4
2025-06-14,2,Abu Dhabi,Grse,2,1,5
2025-06-14,3,Bas Ti Se Svidja,Relja Featuring Nikolija,-,3,1
2025-06-14,4,Tajland,Rasta,3,1,10
2025-06-14,5,Andeo,Hiljson Mandela & Miach,5,1,31
2025-06-14,6,Cok Guzel,Tea Tairovic,4,3,5
2025-06-14,7,Blaka Blaka,Jala Brat & Buba Corelli Featuring Elena,6,1,25
2025-06-14,8,Zatvaranje,Elena Featuring Buba Corelli,12,7,13
2025-06-14,9,Ako Ne Znas Sta Je Bilo,M.P. Thompson I Hrvatrske Ruze,8,1,45
2025-06-14,10,Au,Biba,13,2,9
2025-06-14,11,Bass,Jala Brat & Buba Corelli,16,1,25
2025-06-14,12,Sexdrive,Jala Brat & Buba Corelli,11,4,25
2025-06-14,13,Forza,Grse,15,1,49
2025-06-14,14,Ciganka,Trile,9,3,17
2025-06-14,15,Dumdum,Klijent X Jala Brat X Buba Corelli,10,6,9
2025-06-14,16,Don Diego,Jala Brat X Buba Corelli X GIMS,7,2,6
2025-06-14,17,Bez Koda,Jala Brat & Buba Corelli,17,1,49
2025-06-14,18,Harizmatika,Rasta,14,2,14
2025-06-14,19,Bajadeira,Peki Featuring Hiljson Mandela,18,5,41
2025-06-14,20,Mangio Pasta,Peki & Grse,22,4,47
2025-06-14,21,Limiti,Relja,-,21,1
2025-06-14,22,Led,Miach Featuring Grse,19,7,38
2025-06-14,23,Sex Mashina,Relja,-,23,1
2025-06-14,24,Fantazija,Grse & Miach,20,1,64
2025-06-14,25,Vrati Je Tati,Jala Brat & Buba Corelli,23,5,24
2025-06-21,1,Tec-9,Jala Brat & Buba Corelli,-,1,1
2025-06-21,2,Blokada,Jala Brat & Buba Corelli,-,2,1
2025-06-21,3,Toronto,Jala Brat & Buba Corelli,-,3,1
2025-06-21,4,Military,Jala Brat & Buba Corelli,-,4,1
2025-06-21,5,Roze Suze,Jala Brat & Buba Corelli,-,5,1
2025-06-21,6,Babylon,Jala Brat & Buba Corelli,-,6,1
2025-06-21,7,Numb,Jala Brat & Buba Corelli Featuring Rick Ross,-,7,1
2025-06-21,8,Bimmer,Jala Brat & Buba Corelli,-,8,1
2025-06-21,9,6 Ujutru,Jala Brat & Buba Corelli Featuring Teodora,-,9,1
2025-06-21,10,U Njoj,Jala Brat & Buba Corelli,-,10,1
2025-06-21,11,Cchap Cchap,Desingerica,1,1,5
2025-06-21,12,Abu Dhabi,Grse,2,1,6
2025-06-21,13,Hilton Hotel Barca,Nucci,-,13,1
2025-06-21,14,Tajland,Rasta,4,1,11
2025-06-21,15,Zatvaranje,Elena Featuring Buba Corelli,8,7,14
2025-06-21,16,Dumdum,Klijent X Jala Brat X Buba Corelli,15,6,10
2025-06-21,17,Blaka Blaka,Jala Brat & Buba Corelli Featuring Elena,7,1,26
2025-06-21,18,Andeo,Hiljson Mandela & Miach,5,1,32
2025-06-21,19,Bass,Jala Brat & Buba Corelli,11,1,26
2025-06-21,20,Au,Biba,10,2,10
2025-06-21,21,Ako Ne Znas Sta Je Bilo,M.P. Thompson I Hrvatrske Ruze,9,1,46
2025-06-21,22,BMWiliSCLASS,Nucci,-,22,1
2025-06-21,23,Don Diego,Jala Brat X Buba Corelli X GIMS,16,2,7
2025-06-21,24,Forza,Grse,13,1,50
2025-06-21,25,Sexdrive,Jala Brat & Buba Corelli,12,4,26
2025-06-28,1,Tec-9,Jala Brat & Buba Corelli,1,1,2
2025-06-28,2,Blokada,Jala Brat & Buba Corelli,2,2,2
2025-06-28,3,Toronto,Jala Brat & Buba Corelli,3,3,2
2025-06-28,4,Military,Jala Brat & Buba Corelli,4,4,2
2025-06-28,5,Roze Suze,Jala Brat & Buba Corelli,5,5,2
2025-06-28,6,Ego,Devito,-,6,1
2025-06-28,7,Babylon,Jala Brat & Buba Corelli,6,6,2
2025-06-28,8,Hilton Hotel Barca,Nucci,13,8,2
2025-06-28,9,Bimmer,Jala Brat & Buba Corelli,8,8,2
2025-06-28,10,Numb,Jala Brat & Buba Corelli Featuring Rick Ross,7,7,2
2025-06-28,11,6 Ujutru,Jala Brat & Buba Corelli Featuring Teodora,9,9,2
2025-06-28,12,Cchap Cchap,Desingerica,11,1,6
2025-06-28,13,U Njoj,Jala Brat & Buba Corelli,10,10,2
2025-06-28,14,Abu Dhabi,Grse,12,1,7
2025-06-28,15,Amsterdam,Devito,-,15,1
2025-06-28,16,Ravnoteza,Thompson,-,16,1
2025-06-28,17,Tajland,Rasta,14,1,12
2025-06-28,18,Dumdum,Klijent X Jala Brat X Buba Corelli,16,6,11
2025-06-28,19,Zatvaranje,Elena Featuring Buba Corelli,15,7,15
2025-06-28,20,Ako Ne Znas Sta Je Bilo,M.P. Thompson I Hrvatrske Ruze,21,1,47
2025-06-28,21,Andeo,Hiljson Mandela & Miach,18,1,33
2025-06-28,22,Blaka Blaka,Jala Brat & Buba Corelli Featuring Elena,17,1,27
2025-06-28,23,Kralj Tomislav,Thompson,-,23,1
2025-06-28,24,Bass,Jala Brat & Buba Corelli,19,1,27
2025-06-28,25,BMWiliSCLASS,Nucci,22,22,2
2025-07-05,1,Tec-9,Jala Brat & Buba Corelli,1,1,3
2025-07-05,2,Ego,Devito,6,2,2
2025-07-05,3,Toronto,Jala Brat & Buba Corelli,3,3,3
2025-07-05,4,Blokada,Jala Brat & Buba Corelli,2,2,3
2025-07-05,5,Roze Suze,Jala Brat & Buba Corelli,5,5,3
2025-07-05,6,Hilton Hotel Barca,Nucci,8,6,3
2025-07-05,7,Military,Jala Brat & Buba Corelli,4,4,3
2025-07-05,8,Babylon,Jala Brat & Buba Corelli,7,6,3
2025-07-05,9,Amsterdam,Devito,15,9,2
2025-07-05,10,Bimmer,Jala Brat & Buba Corelli,9,8,3
2025-07-05,11,6 Ujutru,Jala Brat & Buba Corelli Featuring Teodora,11,9,3
2025-07-05,12,Cchap Cchap,Desingerica,12,1,7
2025-07-05,13,Numb,Jala Brat & Buba Corelli Featuring Rick Ross,10,7,3
2025-07-05,14,Abu Dhabi,Grse,14,1,8
2025-07-05,15,U Njoj,Jala Brat & Buba Corelli,13,10,3
2025-07-05,16,Tajland,Rasta,17,1,13
2025-07-05,17,Zatvaranje,Elena Featuring Buba Corelli,19,7,16
2025-07-05,18,Andeo,Hiljson Mandela & Miach,21,1,34
2025-07-05,19,Ako Ne Znas Sta Je Bilo,M.P. Thompson I Hrvatrske Ruze,20,1,48
2025-07-05,20,Dumdum,Klijent X Jala Brat X Buba Corelli,18,6,12
2025-07-05,21,Au,Biba,-,2,11
2025-07-05,22,Blaka Blaka,Jala Brat & Buba Corelli Featuring Elena,22,1,28
2025-07-05,23,BMWiliSCLASS,Nucci,25,22,3
2025-07-05,24,Bass,Jala Brat & Buba Corelli,24,1,28
2025-07-05,25,Ravnoteza,Thompson,16,16,2
2025-07-12,1,Tec-9,Jala Brat & Buba Corelli,1,1,4
2025-07-12,2,Ego,Devito,2,2,3
2025-07-12,3,Blokada,Jala Brat & Buba Corelli,4,2,4
2025-07-12,4,Toronto,Jala Brat & Buba Corelli,3,3,4
2025-07-12,5,Roze Suze,Jala Brat & Buba Corelli,5,5,4
2025-07-12,6,Amsterdam,Devito,9,6,3
2025-07-12,7,Hilton Hotel Barca,Nucci,6,6,4
2025-07-12,8,Military,Jala Brat & Buba Corelli,7,4,4
2025-07-12,9,Babylon,Jala Brat & Buba Corelli,8,6,4
2025-07-12,10,6 Ujutru,Jala Brat & Buba Corelli Featuring Teodora,11,9,4
2025-07-12,11,Bimmer,Jala Brat & Buba Corelli,10,8,4
2025-07-12,12,Ako Ne Znas Sta Je Bilo,M.P. Thompson I Hrvatrske Ruze,19,1,49
2025-07-12,13,Cchap Cchap,Desingerica,12,1,8
2025-07-12,14,Ravnoteza,Thompson,25,14,3
2025-07-12,15,Numb,Jala Brat & Buba Corelli Featuring Rick Ross,13,7,4
2025-07-12,16,Abu Dhabi,Grse,14,1,9
2025-07-12,17,Zatvaranje,Elena Featuring Buba Corelli,17,7,17
2025-07-12,18,U Njoj,Jala Brat & Buba Corelli,15,10,4
2025-07-12,19,Tajland,Rasta,16,1,14
2025-07-12,20,101 Zmija,Teodora Featuring Jala Brat,-,20,1
2025-07-12,21,Andeo,Hiljson Mandela & Miach,18,1,35
2025-07-12,22,Oluja,M.P. Thompson,-,2,4
2025-07-12,23,Bass,Jala Brat & Buba Corelli,24,1,29
2025-07-12,24,35 Degrees C,Devito,-,24,1
2025-07-12,25,Blaka Blaka,Jala Brat & Buba Corelli Featuring Elena,22,1,29
2025-07-19,1,Tec-9,Jala Brat & Buba Corelli,1,1,5
2025-07-19,2,Ego,Devito,2,2,4
2025-07-19,3,Ravnoteza,Thompson,14,3,4
2025-07-19,4,Ako Ne Znas Sta Je Bilo,M.P. Thompson I Hrvatrske Ruze,12,1,50
2025-07-19,5,Amsterdam,Devito,6,5,4
2025-07-19,6,Blokada,Jala Brat & Buba Corelli,3,2,5
2025-07-19,7,Oluja,M.P. Thompson,22,2,5
2025-07-19,8,Roze Suze,Jala Brat & Buba Corelli,5,5,5
2025-07-19,9,Toronto,Jala Brat & Buba Corelli,4,3,5
2025-07-19,10,Ustani Iz Sjene,Thompson,-,10,1
2025-07-19,11,Hilton Hotel Barca,Nucci,7,6,5
2025-07-19,12,Babylon,Jala Brat & Buba Corelli,9,6,5
2025-07-19,13,Military,Jala Brat & Buba Corelli,8,4,5
2025-07-19,14,Dolazak Hrvata,Thompson,-,14,2
2025-07-19,15,Kralj Tomislav,Thompson,-,15,2
2025-07-19,16,Samo Je Ljubav Tajna Dvaju Svjetova,Thompson,-,12,3
2025-07-19,17,Kletva Kralja Zvonimira,Thompson,-,17,1
2025-07-19,18,Cchap Cchap,Desingerica,13,1,9
2025-07-19,19,Bimmer,Jala Brat & Buba Corelli,11,8,5
2025-07-19,20,6 Ujutru,Jala Brat & Buba Corelli Featuring Teodora,10,9,5
2025-07-19,21,Neprocitano Pismo,Thompson,-,2,9
2025-07-19,22,Neka Niko Ne Dira U Moj Mali Dio Svemira,Thompson,-,22,1
2025-07-19,23,35 Degrees C,Devito,24,23,2
2025-07-19,24,Anica - Kninska Kraljica,Thompson,-,24,1
2025-07-19,25,Necu Izdat Ja,Thompson,-,25,1
2025-07-26,1,Tec-9,Jala Brat & Buba Corelli,1,1,6
2025-07-26,2,Ego,Devito,2,2,5
2025-07-26,3,Amsterdam,Devito,5,3,5
2025-07-26,4,Ravnoteza,Thompson,3,3,5
2025-07-26,5,Blokada,Jala Brat & Buba Corelli,6,2,6
2025-07-26,6,Roze Suze,Jala Brat & Buba Corelli,8,5,6
2025-07-26,7,Toronto,Jala Brat & Buba Corelli,9,3,6
2025-07-26,8,Hilton Hotel Barca,Nucci,11,6,6
2025-07-26,9,Babylon,Jala Brat & Buba Corelli,12,6,6
2025-07-26,10,Military,Jala Brat & Buba Corelli,13,4,6
2025-07-26,11,Ako Ne Znas Sta Je Bilo,M.P. Thompson I Hrvatrske Ruze,4,1,51
2025-07-26,12,Oluja,M.P. Thompson,7,2,6
2025-07-26,13,Cchap Cchap,Desingerica,18,1,10
2025-07-26,14,Bimmer,Jala Brat & Buba Corelli,19,8,6
2025-07-26,15,35 Degrees C,Devito,23,15,3
2025-07-26,16,6 Ujutru,Jala Brat & Buba Corelli Featuring Teodora,20,9,6
2025-07-26,17,Ustani Iz Sjene,Thompson,10,10,2
2025-07-26,18,Zatvaranje,Elena Featuring Buba Corelli,-,7,18
2025-07-26,19,Abu Dhabi,Grse,-,1,10
2025-07-26,20,Andeo,Hiljson Mandela & Miach,-,1,36
2025-07-26,21,Kralj Tomislav,Thompson,15,15,3
2025-07-26,22,Svemir,Devito Featuring Inas,-,5,26
2025-07-26,23,Balalajka,Grse & Peki,-,23,1
2025-07-26,24,Tajland,Rasta,-,1,15
2025-07-26,25,Bass,Jala Brat & Buba Corelli,-,1,30
2025-08-02,1,Tec-9,Jala Brat & Buba Corelli,1,1,7
2025-08-02,2,Ego,Devito,2,2,6
2025-08-02,3,Amsterdam,Devito,3,3,6
2025-08-02,4,Roze Suze,Jala Brat & Buba Corelli,6,4,7
2025-08-02,5,Blokada,Jala Brat & Buba Corelli,5,2,7
2025-08-02,6,Toronto,Jala Brat & Buba Corelli,7,3,7
2025-08-02,7,Ravnoteza,Thompson,4,3,6
2025-08-02,8,Hilton Hotel Barca,Nucci,8,6,7
2025-08-02,9,Babylon,Jala Brat & Buba Corelli,9,6,7
2025-08-02,10,Military,Jala Brat & Buba Corelli,10,4,7
2025-08-02,11,Bimmer,Jala Brat & Buba Corelli,14,8,7
2025-08-02,12,35 Degrees C,Devito,15,12,4
2025-08-02,13,Cchap Cchap,Desingerica,13,1,11
2025-08-02,14,6 Ujutru,Jala Brat & Buba Corelli Featuring Teodora,16,9,7
2025-08-02,15,Ako Ne Znas Sta Je Bilo,M.P. Thompson I Hrvatrske Ruze,11,1,52
2025-08-02,16,Zatvaranje,Elena Featuring Buba Corelli,18,7,19
2025-08-02,17,Andeo,Hiljson Mandela & Miach,20,1,37
2025-08-02,18,Oluja,M.P. Thompson,12,2,7
2025-08-02,19,Abu Dhabi,Grse,19,1,11
2025-08-02,20,Balalajka,Grse & Peki,23,20,2
2025-08-02,21,Sibenik,Vojko V & Peki,-,21,1
2025-08-02,22,Bass,Jala Brat & Buba Corelli,25,1,31
2025-08-02,23,Tajland,Rasta,24,1,16
2025-08-02,24,Blaka Blaka,Jala Brat & Buba Corelli Featuring Elena,-,1,30
2025-08-02,25,Svemir,Devito Featuring Inas,22,5,27
2025-08-09,1,Tec-9,Jala Brat & Buba Corelli,1,1,8
2025-08-09,2,Ego,Devito,2,2,7
2025-08-09,3,Blokada,Jala Brat & Buba Corelli,5,2,8
2025-08-09,4,Roze Suze,Jala Brat & Buba Corelli,4,4,8
2025-08-09,5,Amsterdam,Devito,3,3,7
2025-08-09,6,Toronto,Jala Brat & Buba Corelli,6,3,8
2025-08-09,7,Hilton Hotel Barca,Nucci,8,6,8
2025-08-09,8,Ravnoteza,Thompson,7,3,7
2025-08-09,9,Babylon,Jala Brat & Buba Corelli,9,6,8
2025-08-09,10,Military,Jala Brat & Buba Corelli,10,4,8
2025-08-09,11,35 Degrees C,Devito,12,11,5
2025-08-09,12,Bimmer,Jala Brat & Buba Corelli,11,8,8
2025-08-09,13,Cchap Cchap,Desingerica,13,1,12
2025-08-09,14,Ako Ne Znas Sta Je Bilo,M.P. Thompson I Hrvatrske Ruze,15,1,53
2025-08-09,15,6 Ujutru,Jala Brat & Buba Corelli Featuring Teodora,14,9,8
2025-08-09,16,Zatvaranje,Elena Featuring Buba Corelli,16,7,20
2025-08-09,17,Oluja,M.P. Thompson,18,2,8
2025-08-09,18,Andeo,Hiljson Mandela & Miach,17,1,38
2025-08-09,19,Balalajka,Grse & Peki,20,19,3
2025-08-09,20,Blaka Blaka,Jala Brat & Buba Corelli Featuring Elena,24,1,31
2025-08-09,21,Tajland,Rasta,23,1,17
2025-08-09,22,Abu Dhabi,Grse,19,1,12
2025-08-09,23,Bass,Jala Brat & Buba Corelli,22,1,32
2025-08-09,24,Svemir,Devito Featuring Inas,25,5,28
2025-08-09,25,Sexdrive,Jala Brat & Buba Corelli,-,4,27
2025-08-16,1,Tec-9,Jala Brat & Buba Corelli,1,1,9
2025-08-16,2,Ego,Devito,2,2,8
2025-08-16,3,Ravnoteza,Thompson,8,3,8
2025-08-16,4,Oluja,M.P. Thompson,17,2,9
2025-08-16,5,Blokada,Jala Brat & Buba Corelli,3,2,9
2025-08-16,6,Roze Suze,Jala Brat & Buba Corelli,4,4,9
2025-08-16,7,Ako Ne Znas Sta Je Bilo,M.P. Thompson I Hrvatrske Ruze,14,1,54
2025-08-16,8,Amsterdam,Devito,5,3,8
2025-08-16,9,Toronto,Jala Brat & Buba Corelli,6,3,9
2025-08-16,10,Babylon,Jala Brat & Buba Corelli,9,6,9
2025-08-16,11,Hilton Hotel Barca,Nucci,7,6,9
2025-08-16,12,Ustani Iz Sjene,Thompson,-,10,3
2025-08-16,13,Military,Jala Brat & Buba Corelli,10,4,9
2025-08-16,14,Bimmer,Jala Brat & Buba Corelli,12,8,9
2025-08-16,15,Kralj Tomislav,Thompson,-,15,4
2025-08-16,16,Abu Dhabi,Grse,22,1,13
2025-08-16,17,35 Degrees C,Devito,11,11,6
2025-08-16,18,Dolazak Hrvata,Thompson,-,14,3
2025-08-16,19,Cchap Cchap,Desingerica,13,1,13
2025-08-16,20,Kletva Kralja Zvonimira,Thompson,-,17,2
2025-08-16,21,Zatvaranje,Elena Featuring Buba Corelli,16,7,21
2025-08-16,22,Blaka Blaka,Jala Brat & Buba Corelli Featuring Elena,20,1,32
2025-08-16,23,Bass,Jala Brat & Buba Corelli,23,1,33
2025-08-16,24,Anica - Kninska Kraljica,Thompson,-,24,2
2025-08-16,25,Samo Je Ljubav Tajna Dvaju Svjetova,Thompson,-,12,4
2025-08-23,1,Tec-9,Jala Brat & Buba Corelli,1,1,10
2025-08-23,2,Ego,Devito,2,2,9
2025-08-23,3,Ravnoteza,Thompson,3,3,9
2025-08-23,4,Roze Suze,Jala Brat & Buba Corelli,6,4,10
2025-08-23,5,Blokada,Jala Brat & Buba Corelli,5,2,10
2025-08-23,6,Toronto,Jala Brat & Buba Corelli,9,3,10
2025-08-23,7,Amsterdam,Devito,8,3,9
2025-08-23,8,Babylon,Jala Brat & Buba Corelli,10,6,10
2025-08-23,9,Hilton Hotel Barca,Nucci,11,6,10
2025-08-23,10,Oluja,M.P. Thompson,4,2,10
2025-08-23,11,Military,Jala Brat & Buba Corelli,13,4,10
2025-08-23,12,Ako Ne Znas Sta Je Bilo,M.P. Thompson I Hrvatrske Ruze,7,1,55
2025-08-23,13,Bimmer,Jala Brat & Buba Corelli,14,8,10
2025-08-23,14,Abu Dhabi,Grse,16,1,14
2025-08-23,15,35 Degrees C,Devito,17,11,7
2025-08-23,16,Andeo,Hiljson Mandela & Miach,-,1,39
2025-08-23,17,Sexdrive,Jala Brat & Buba Corelli,-,4,28
2025-08-23,18,Bass,Jala Brat & Buba Corelli,23,1,34
2025-08-23,19,Blaka Blaka,Jala Brat & Buba Corelli Featuring Elena,22,1,33
2025-08-23,20,I Za Noc I Za Dan,Nedeljko Bajic Baja,-,20,1
2025-08-23,21,Cchap Cchap,Desingerica,19,1,14
2025-08-23,22,6 Ujutru,Jala Brat & Buba Corelli Featuring Teodora,-,9,9
2025-08-23,23,Ustani Iz Sjene,Thompson,12,10,4
2025-08-23,24,Bez Koda,Jala Brat & Buba Corelli,-,1,50
2025-08-23,25,Zatvaranje,Elena Featuring Buba Corelli,21,7,22
2025-08-30,1,Tec-9,Jala Brat & Buba Corelli,1,1,11
2025-08-30,2,Ego,Devito,2,2,10
2025-08-30,3,Ravnoteza,Thompson,3,3,10
2025-08-30,4,Roze Suze,Jala Brat & Buba Corelli,4,4,11
2025-08-30,5,Blokada,Jala Brat & Buba Corelli,5,2,11
2025-08-30,6,Toronto,Jala Brat & Buba Corelli,6,3,11
2025-08-30,7,Amsterdam,Devito,7,3,10
2025-08-30,8,Hilton Hotel Barca,Nucci,9,6,11
2025-08-30,9,Babylon,Jala Brat & Buba Corelli,8,6,11
2025-08-30,10,I Za Noc I Za Dan,Nedeljko Bajic Baja,20,10,2
2025-08-30,11,Military,Jala Brat & Buba Corelli,11,4,11
2025-08-30,12,Bimmer,Jala Brat & Buba Corelli,13,8,11
2025-08-30,13,Abu Dhabi,Grse,14,1,15
2025-08-30,14,Blaka Blaka,Jala Brat & Buba Corelli Featuring Elena,19,1,34
2025-08-30,15,Bass,Jala Brat & Buba Corelli,18,1,35
2025-08-30,16,35 Degrees C,Devito,15,11,8
2025-08-30,17,Zatvaranje,Elena Featuring Buba Corelli,25,7,23
2025-08-30,18,Andeo,Hiljson Mandela & Miach,16,1,40
2025-08-30,19,Sexdrive,Jala Brat & Buba Corelli,17,4,29
2025-08-30,20,Oluja,M.P. Thompson,10,2,11
2025-08-30,21,Ako Ne Znas Sta Je Bilo,M.P. Thompson I Hrvatrske Ruze,12,1,56
2025-08-30,22,Cchap Cchap,Desingerica,21,1,15
2025-08-30,23,Bez Koda,Jala Brat & Buba Corelli,24,1,51
2025-08-30,24,6 Ujutru,Jala Brat & Buba Corelli Featuring Teodora,22,9,10
2025-08-30,25,Ku*Ka Mala Sebicna,Igor Buzov X Buba Corelli X Jala Brat,-,25,1
2025-09-06,1,Tec-9,Jala Brat & Buba Corelli,1,1,12
2025-09-06,2,Ego,Devito,2,2,11
2025-09-06,3,Roze Suze,Jala Brat & Buba Corelli,4,3,12
2025-09-06,4,Blokada,Jala Brat & Buba Corelli,5,2,12
2025-09-06,5,Toronto,Jala Brat & Buba Corelli,6,3,12
2025-09-06,6,Ravnoteza,Thompson,3,3,11
2025-09-06,7,Amsterdam,Devito,7,3,11
2025-09-06,8,Babylon,Jala Brat & Buba Corelli,9,6,12
2025-09-06,9,Hilton Hotel Barca,Nucci,8,6,12
2025-09-06,10,I Za Noc I Za Dan,Nedeljko Bajic Baja,10,10,3
2025-09-06,11,Military,Jala Brat & Buba Corelli,11,4,12
2025-09-06,12,Blaka Blaka,Jala Brat & Buba Corelli Featuring Elena,14,1,35
2025-09-06,13,Bimmer,Jala Brat & Buba Corelli,12,8,12
2025-09-06,14,Abu Dhabi,Grse,13,1,16
2025-09-06,15,Bass,Jala Brat & Buba Corelli,15,1,36
2025-09-06,16,Sexdrive,Jala Brat & Buba Corelli,19,4,30
2025-09-06,17,Andeo,Hiljson Mandela & Miach,18,1,41
2025-09-06,18,35 Degrees C,Devito,16,11,9
2025-09-06,19,Bez Koda,Jala Brat & Buba Corelli,23,1,52
2025-09-06,20,Led I Vatra,SENIDAH,-,20,1
2025-09-06,21,Cchap Cchap,Desingerica,22,1,16
2025-09-06,22,Ako Ne Znas Sta Je Bilo,M.P. Thompson I Hrvatrske Ruze,21,1,57
2025-09-06,23,6 Ujutru,Jala Brat & Buba Corelli Featuring Teodora,24,9,11
2025-09-06,24,Golden,"HUNTR/X: EJAE, Audrey Nuna & REI AMI",-,24,1
2025-09-06,25,Oluja,M.P. Thompson,20,2,12
2025-09-13,1,Tec-9,Jala Brat & Buba Corelli,1,1,13
2025-09-13,2,Ego,Devito,2,2,12
2025-09-13,3,Blokada,Jala Brat & Buba Corelli,4,2,13
2025-09-13,4,Roze Suze,Jala Brat & Buba Corelli,3,3,13
2025-09-13,5,Toronto,Jala Brat & Buba Corelli,5,3,13
2025-09-13,6,Amsterdam,Devito,7,3,12
2025-09-13,7,Babylon,Jala Brat & Buba Corelli,8,6,13
2025-09-13,8,Ravnoteza,Thompson,6,3,12
2025-09-13,9,Hilton Hotel Barca,Nucci,9,6,13
2025-09-13,10,Bimmer,Jala Brat & Buba Corelli,13,8,13
2025-09-13,11,Military,Jala Brat & Buba Corelli,11,4,13
2025-09-13,12,I Za Noc I Za Dan,Nedeljko Bajic Baja,10,10,4
2025-09-13,13,Andeo,Hiljson Mandela & Miach,17,1,42
2025-09-13,14,Bass,Jala Brat & Buba Corelli,15,1,37
2025-09-13,15,Sexdrive,Jala Brat & Buba Corelli,16,4,31
2025-09-13,16,35 Degrees C,Devito,18,11,10
2025-09-13,17,Blaka Blaka,Jala Brat & Buba Corelli Featuring Elena,12,1,36
2025-09-13,18,Bez Koda,Jala Brat & Buba Corelli,19,1,53
2025-09-13,19,Led I Vatra,SENIDAH,20,19,2
2025-09-13,20,6 Ujutru,Jala Brat & Buba Corelli Featuring Teodora,23,9,12
2025-09-13,21,Golden,"HUNTR/X: EJAE, Audrey Nuna & REI AMI",24,21,2
2025-09-13,22,Abu Dhabi,Grse,14,1,17
2025-09-13,23,Cchap Cchap,Desingerica,21,1,17
2025-09-13,24,MDMA,Nikolija & Biba,-,24,1
2025-09-13,25,Opasno,Buba Corelli,-,25,1
2025-09-20,1,Tec-9,Jala Brat & Buba Corelli,1,1,14
2025-09-20,2,Ego,Devito,2,2,13
2025-09-20,3,Roze Suze,Jala Brat & Buba Corelli,4,3,14
2025-09-20,4,Blokada,Jala Brat & Buba Corelli,3,2,14
2025-09-20,5,Toronto,Jala Brat & Buba Corelli,5,3,14
2025-09-20,6,Amsterdam,Devito,6,3,13
2025-09-20,7,Hilton Hotel Barca,Nucci,9,6,14
2025-09-20,8,Ravnoteza,Thompson,8,3,13
2025-09-20,9,Babylon,Jala Brat & Buba Corelli,7,6,14
2025-09-20,10,Bimmer,Jala Brat & Buba Corelli,10,8,14
2025-09-20,11,Blaka Blaka,Jala Brat & Buba Corelli Featuring Elena,17,1,37
2025-09-20,12,Military,Jala Brat & Buba Corelli,11,4,14
2025-09-20,13,Andeo,Hiljson Mandela & Miach,13,1,43
2025-09-20,14,35 Degrees C,Devito,16,11,11
2025-09-20,15,Bass,Jala Brat & Buba Corelli,14,1,38
2025-09-20,16,Sexdrive,Jala Brat & Buba Corelli,15,4,32
2025-09-20,17,I Za Noc I Za Dan,Nedeljko Bajic Baja,12,10,5
2025-09-20,18,MDMA,Nikolija & Biba,24,18,2
2025-09-20,19,Bez Koda,Jala Brat & Buba Corelli,18,1,54
2025-09-20,20,Opasno,Buba Corelli,25,20,2
2025-09-20,21,6 Ujutru,Jala Brat & Buba Corelli Featuring Teodora,20,9,13
2025-09-20,22,Ku*Ka Mala Sebicna,Igor Buzov X Buba Corelli X Jala Brat,-,22,2
2025-09-20,23,Prolaze Neke Slike,Zdravko Colic,-,23,1
2025-09-20,24,Forza,Grse,-,1,51
2025-09-20,25,Ako Ne Znas Sta Je Bilo,M.P. Thompson I Hrvatrske Ruze,-,1,58
2025-09-27,1,Tec-9,Jala Brat & Buba Corelli,1,1,15
2025-09-27,2,Ego,Devito,2,2,14
2025-09-27,3,Blokada,Jala Brat & Buba Corelli,4,2,15
2025-09-27,4,Roze Suze,Jala Brat & Buba Corelli,3,3,15
2025-09-27,5,Toronto,Jala Brat & Buba Corelli,5,3,15
2025-09-27,6,Hilton Hotel Barca,Nucci,7,6,15
2025-09-27,7,Blaka Blaka,Jala Brat & Buba Corelli Featuring Elena,11,1,38
2025-09-27,8,Amsterdam,Devito,6,3,14
2025-09-27,9,Babylon,Jala Brat & Buba Corelli,9,6,15
2025-09-27,10,MDMA,Nikolija & Biba,18,10,3
2025-09-27,11,Ravnoteza,Thompson,8,3,14
2025-09-27,12,Bimmer,Jala Brat & Buba Corelli,10,8,15
2025-09-27,13,ADHD,Milica Pavlovic,-,13,1
2025-09-27,14,Sexdrive,Jala Brat & Buba Corelli,16,4,33
2025-09-27,15,Military,Jala Brat & Buba Corelli,12,4,15
2025-09-27,16,I Za Noc I Za Dan,Nedeljko Bajic Baja,17,10,6
2025-09-27,17,Andeo,Hiljson Mandela & Miach,13,1,44
2025-09-27,18,Bass,Jala Brat & Buba Corelli,15,1,39
2025-09-27,19,Bez Koda,Jala Brat & Buba Corelli,19,1,55
2025-09-27,20,Forza,Grse,24,1,52
2025-09-27,21,35 Degrees C,Devito,14,11,12
2025-09-27,22,Ja Samo Licim Na Nju,Ana Nikolic,-,22,1
2025-09-27,23,Led I Vatra,SENIDAH,-,19,3
2025-09-27,24,Abu Dhabi,Grse,-,1,18
2025-09-27,25,Opasno,Buba Corelli,20,20,3
2025-10-04,1,Tec-9,Jala Brat & Buba Corelli,1,1,16
2025-10-04,2,Ego,Devito,2,2,15
2025-10-04,3,MDMA,Nikolija & Biba,10,3,4
2025-10-04,4,Roze Suze,Jala Brat & Buba Corelli,4,3,16
2025-10-04,5,Blokada,Jala Brat & Buba Corelli,3,2,16
2025-10-04,6,Toronto,Jala Brat & Buba Corelli,5,3,16
2025-10-04,7,Blaka Blaka,Jala Brat & Buba Corelli Featuring Elena,7,1,39
2025-10-04,8,Amsterdam,Devito,8,3,15
2025-10-04,9,Sexdrive,Jala Brat & Buba Corelli,14,4,34
2025-10-04,10,Hilton Hotel Barca,Nucci,6,6,16
2025-10-04,11,Babylon,Jala Brat & Buba Corelli,9,6,16
2025-10-04,12,Bimmer,Jala Brat & Buba Corelli,12,8,16
2025-10-04,13,Ravnoteza,Thompson,11,3,15
2025-10-04,14,Bass,Jala Brat & Buba Corelli,18,1,40
2025-10-04,15,Military,Jala Brat & Buba Corelli,15,4,16
2025-10-04,16,Andeo,Hiljson Mandela & Miach,17,1,45
2025-10-04,17,I Za Noc I Za Dan,Nedeljko Bajic Baja,16,10,7
2025-10-04,18,Forza,Grse,20,1,53
2025-10-04,19,Led I Vatra,SENIDAH,23,19,4
2025-10-04,20,Bez Koda,Jala Brat & Buba Corelli,19,1,56
2025-10-04,21,ADHD,Milica Pavlovic,13,13,2
2025-10-04,22,35 Degrees C,Devito,21,11,13
2025-10-04,23,Balalajka,Grse & Peki,-,19,4
2025-10-04,24,Golden,"HUNTR/X: EJAE, Audrey Nuna & REI AMI",-,21,3
2025-10-04,25,Abu Dhabi,Grse,24,1,19
2025-10-11,1,MDMA,Nikolija & Biba,3,1,5
2025-10-11,2,Tec-9,Jala Brat & Buba Corelli,1,1,17
2025-10-11,3,Ego,Devito,2,2,16
2025-10-11,4,Roze Suze,Jala Brat & Buba Corelli,4,3,17
2025-10-11,5,Sexdrive,Jala Brat & Buba Corelli,9,4,35
2025-10-11,6,Blokada,Jala Brat & Buba Corelli,5,2,17
2025-10-11,7,Blaka Blaka,Jala Brat & Buba Corelli Featuring Elena,7,1,40
2025-10-11,8,Toronto,Jala Brat & Buba Corelli,6,3,17
2025-10-11,9,Amsterdam,Devito,8,3,16
2025-10-11,10,Babylon,Jala Brat & Buba Corelli,11,6,17
2025-10-11,11,Hilton Hotel Barca,Nucci,10,6,17
2025-10-11,12,Bimmer,Jala Brat & Buba Corelli,12,8,17
2025-10-11,13,Bass,Jala Brat & Buba Corelli,14,1,41
2025-10-11,14,Ravnoteza,Thompson,13,3,16
2025-10-11,15,Andeo,Hiljson Mandela & Miach,16,1,46
2025-10-11,16,Bez Koda,Jala Brat & Buba Corelli,20,1,57
2025-10-11,17,Military,Jala Brat & Buba Corelli,15,4,17
2025-10-11,18,I Za Noc I Za Dan,Nedeljko Bajic Baja,17,10,8
2025-10-11,19,Led I Vatra,SENIDAH,19,19,5
2025-10-11,20,Forza,Grse,18,1,54
2025-10-11,21,Opasno,Buba Corelli,-,20,4
2025-10-11,22,35 Degrees C,Devito,22,11,14
2025-10-11,23,ADHD,Milica Pavlovic,21,13,3
2025-10-11,24,Balalajka,Grse & Peki,23,19,5
2025-10-11,25,Abu Dhabi,Grse,25,1,20
2025-10-18,1,MDMA,Nikolija & Biba,1,1,6
2025-10-18,2,Tec-9,Jala Brat & Buba Corelli,2,1,18
2025-10-18,3,The Fate Of Ophelia,Taylor Swift,-,3,1
2025-10-18,4,Ego,Devito,3,2,17
2025-10-18,5,Roze Suze,Jala Brat & Buba Corelli,4,3,18
2025-10-18,6,Blokada,Jala Brat & Buba Corelli,6,2,18
2025-10-18,7,Sexdrive,Jala Brat & Buba Corelli,5,4,36
2025-10-18,8,Blaka Blaka,Jala Brat & Buba Corelli Featuring Elena,7,1,41
2025-10-18,9,Opalite,Taylor Swift,-,9,1
2025-10-18,10,Toronto,Jala Brat & Buba Corelli,8,3,18
2025-10-18,11,Elizabeth Taylor,Taylor Swift,-,11,1
2025-10-18,12,Amsterdam,Devito,9,3,17
2025-10-18,13,Bimmer,Jala Brat & Buba Corelli,12,8,18
2025-10-18,14,Hilton Hotel Barca,Nucci,11,6,18
2025-10-18,15,Babylon,Jala Brat & Buba Corelli,10,6,18
2025-10-18,16,Father Figure,Taylor Swift,-,16,1
2025-10-18,17,Bass,Jala Brat & Buba Corelli,13,1,42
2025-10-18,18,Ravnoteza,Thompson,14,3,17
2025-10-18,19,Military,Jala Brat & Buba Corelli,17,4,18
2025-10-18,20,Andeo,Hiljson Mandela & Miach,15,1,47
2025-10-18,21,Bez Koda,Jala Brat & Buba Corelli,16,1,58
2025-10-18,22,I Za Noc I Za Dan,Nedeljko Bajic Baja,18,10,9
2025-10-18,23,Cancelled!,Taylor Swift,-,23,1
2025-10-18,24,Golden,"HUNTR/X: EJAE, Audrey Nuna & REI AMI",-,21,4
2025-10-18,25,Forza,Grse,20,1,55
2025-10-25,1,MDMA,Nikolija & Biba,1,1,7
2025-10-25,2,Romanija,Halid Beslic,-,2,1
2025-10-25,3,Tec-9,Jala Brat & Buba Corelli,2,1,19
2025-10-25,4,Ego,Devito,4,2,18
2025-10-25,5,Roze Suze,Jala Brat & Buba Corelli,5,3,19
2025-10-25,6,Blokada,Jala Brat & Buba Corelli,6,2,19
2025-10-25,7,Dvadesete,Halid Beslic,-,7,1
2025-10-25,8,The Fate Of Ophelia,Taylor Swift,3,3,2
2025-10-25,9,Blaka Blaka,Jala Brat & Buba Corelli Featuring Elena,8,1,42
2025-10-25,10,Sexdrive,Jala Brat & Buba Corelli,7,4,37
2025-10-25,11,Papi,Biba,-,11,1
2025-10-25,12,Toronto,Jala Brat & Buba Corelli,10,3,19
2025-10-25,13,Godino Vrela,Dino Merlin Featuring Halid Beslic,-,13,1
2025-10-25,14,Amsterdam,Devito,12,3,18
2025-10-25,15,Babylon,Jala Brat & Buba Corelli,15,6,19
2025-10-25,16,Bimmer,Jala Brat & Buba Corelli,13,8,19
2025-10-25,17,Hilton Hotel Barca,Nucci,14,6,19
2025-10-25,18,Bass,Jala Brat & Buba Corelli,17,1,43
2025-10-25,19,Bez Koda,Jala Brat & Buba Corelli,21,1,59
2025-10-25,20,Andeo,Hiljson Mandela & Miach,20,1,48
2025-10-25,21,Ravnoteza,Thompson,18,3,18
2025-10-25,22,Military,Jala Brat & Buba Corelli,19,4,19
2025-10-25,23,Prvi Poljubac,Halid Beslic,-,23,1
2025-10-25,24,Golden,"HUNTR/X: EJAE, Audrey Nuna & REI AMI",24,21,5
2025-10-25,25,I Za Noc I Za Dan,Nedeljko Bajic Baja,22,10,10
2025-11-01,1,MDMA,Nikolija & Biba,1,1,8
2025-11-01,2,Tec-9,Jala Brat & Buba Corelli,3,1,20
2025-11-01,3,Roze Suze,Jala Brat & Buba Corelli,5,3,20
2025-11-01,4,Ego,Devito,4,2,19
2025-11-01,5,Blokada,Jala Brat & Buba Corelli,6,2,20
2025-11-01,6,Romanija,Halid Beslic,2,2,2
2025-11-01,7,Blaka Blaka,Jala Brat & Buba Corelli Featuring Elena,9,1,43
2025-11-01,8,Sexdrive,Jala Brat & Buba Corelli,10,4,38
2025-11-01,9,Papi,Biba,11,9,2
2025-11-01,10,Toronto,Jala Brat & Buba Corelli,12,3,20
2025-11-01,11,Babylon,Jala Brat & Buba Corelli,15,6,20
2025-11-01,12,Amsterdam,Devito,14,3,19
2025-11-01,13,Hilton Hotel Barca,Nucci,17,6,20
2025-11-01,14,Bimmer,Jala Brat & Buba Corelli,16,8,20
2025-11-01,15,Andeo,Hiljson Mandela & Miach,20,1,49
2025-11-01,16,Bass,Jala Brat & Buba Corelli,18,1,44
2025-11-01,17,Dvadesete,Halid Beslic,7,7,2
2025-11-01,18,Ravnoteza,Thompson,21,3,19
2025-11-01,19,Bez Koda,Jala Brat & Buba Corelli,19,1,60
2025-11-01,20,Military,Jala Brat & Buba Corelli,22,4,20
2025-11-01,21,I Za Noc I Za Dan,Nedeljko Bajic Baja,25,10,11
2025-11-01,22,Sibenik,Vojko V & Peki,-,21,2
2025-11-01,23,The Fate Of Ophelia,Taylor Swift,8,3,3
2025-11-01,24,Opasno,Buba Corelli,-,20,5
2025-11-01,25,Godino Vrela,Dino Merlin Featuring Halid Beslic,13,13,2
2025-11-08,1,MDMA,Nikolija & Biba,1,1,9
2025-11-08,2,Tec-9,Jala Brat & Buba Corelli,2,1,21
2025-11-08,3,Roze Suze,Jala Brat & Buba Corelli,3,3,21
2025-11-08,4,Ego,Devito,4,2,20
2025-11-08,5,Blokada,Jala Brat & Buba Corelli,5,2,21
2025-11-08,6,Sexdrive,Jala Brat & Buba Corelli,8,4,39
2025-11-08,7,Hilton Hotel Barca,Nucci,13,6,21
2025-11-08,8,Ravnoteza,Thompson,18,3,20
2025-11-08,9,Blaka Blaka,Jala Brat & Buba Corelli Featuring Elena,7,1,44
2025-11-08,10,Toronto,Jala Brat & Buba Corelli,10,3,21
2025-11-08,11,Babylon,Jala Brat & Buba Corelli,11,6,21
2025-11-08,12,Bimmer,Jala Brat & Buba Corelli,14,8,21
2025-11-08,13,Ma Bolje Sam,Relja,-,13,1
2025-11-08,14,Andeo,Hiljson Mandela & Miach,15,1,50
2025-11-08,15,Papi,Biba,9,9,3
2025-11-08,16,Amsterdam,Devito,12,3,20
2025-11-08,17,Bass,Jala Brat & Buba Corelli,16,1,45
2025-11-08,18,Sibenik,Vojko V & Peki,22,18,3
2025-11-08,19,I Za Noc I Za Dan,Nedeljko Bajic Baja,21,10,12
2025-11-08,20,Bez Koda,Jala Brat & Buba Corelli,19,1,61
2025-11-08,21,Opasno,Buba Corelli,24,20,6
2025-11-08,22,Military,Jala Brat & Buba Corelli,20,4,21
2025-11-08,23,Romanija,Halid Beslic,6,2,3
2025-11-08,24,The Fate Of Ophelia,Taylor Swift,23,3,4
2025-11-08,25,Beskonacna Osveta,Baby Lasagna & Vojko V,-,25,1
2025-11-15,1,Tec-9,Jala Brat & Buba Corelli,2,1,22
2025-11-15,2,MDMA,Nikolija & Biba,1,1,10
2025-11-15,3,Roze Suze,Jala Brat & Buba Corelli,3,3,22
2025-11-15,4,Hilton Hotel Barca,Nucci,7,4,22
2025-11-15,5,Sexdrive,Jala Brat & Buba Corelli,6,4,40
2025-11-15,6,Blokada,Jala Brat & Buba Corelli,5,2,22
2025-11-15,7,Blaka Blaka,Jala Brat & Buba Corelli Featuring Elena,9,1,45
2025-11-15,8,Ego,Devito,4,2,21
2025-11-15,9,Ravnoteza,Thompson,8,3,21
2025-11-15,10,Toronto,Jala Brat & Buba Corelli,10,3,22
2025-11-15,11,Babylon,Jala Brat & Buba Corelli,11,6,22
2025-11-15,12,Bez Koda,Jala Brat & Buba Corelli,20,1,62
2025-11-15,13,Bimmer,Jala Brat & Buba Corelli,12,8,22
2025-11-15,14,Bass,Jala Brat & Buba Corelli,17,1,46
2025-11-15,15,Opasno,Buba Corelli,21,15,7
2025-11-15,16,Sibenik,Vojko V & Peki,18,16,4
2025-11-15,17,I Za Noc I Za Dan,Nedeljko Bajic Baja,19,10,13
2025-11-15,18,The Fate Of Ophelia,Taylor Swift,24,3,5
2025-11-15,19,Kehlani,Jala Brat & Buba Corelli,-,5,24
2025-11-15,20,Military,Jala Brat & Buba Corelli,22,4,22
2025-11-15,21,Prolaze Neke Slike,Zdravko Colic,-,21,2
2025-11-15,22,Terca Na Tisinu,Silente,-,22,1
2025-11-15,23,Tajland,Rasta,-,1,18
2025-11-15,24,Andeo,Hiljson Mandela & Miach,14,1,51
2025-11-15,25,Au,Biba,-,2,12
2025-11-22,1,Tec-9,Jala Brat & Buba Corelli,1,1,23
2025-11-22,2,MDMA,Nikolija & Biba,2,1,11
2025-11-22,3,Sexdrive,Jala Brat & Buba Corelli,5,3,41
2025-11-22,4,Hilton Hotel Barca,Nucci,4,4,23
2025-11-22,5,Roze Suze,Jala Brat & Buba Corelli,3,3,23
2025-11-22,6,Blokada,Jala Brat & Buba Corelli,6,2,23
2025-11-22,7,Blaka Blaka,Jala Brat & Buba Corelli Featuring Elena,7,1,46
2025-11-22,8,Ego,Devito,8,2,22
2025-11-22,9,Ravnoteza,Thompson,9,3,22
2025-11-22,10,Toronto,Jala Brat & Buba Corelli,10,3,23
2025-11-22,11,Bass,Jala Brat & Buba Corelli,14,1,47
2025-11-22,12,Babylon,Jala Brat & Buba Corelli,11,6,23
2025-11-22,13,Bimmer,Jala Brat & Buba Corelli,13,8,23
2025-11-22,14,Bez Koda,Jala Brat & Buba Corelli,12,1,63
2025-11-22,15,I Za Noc I Za Dan,Nedeljko Bajic Baja,17,10,14
2025-11-22,16,Opasno,Buba Corelli,15,15,8
2025-11-22,17,Sibenik,Vojko V & Peki,16,16,5
2025-11-22,18,Andeo,Hiljson Mandela & Miach,24,1,52
2025-11-22,19,Kehlani,Jala Brat & Buba Corelli,19,5,25
2025-11-22,20,Military,Jala Brat & Buba Corelli,20,4,23
2025-11-22,21,The Fate Of Ophelia,Taylor Swift,18,3,6
2025-11-22,22,Vrati Je Tati,Jala Brat & Buba Corelli,-,5,25
2025-11-22,23,Tajland,Rasta,23,1,19
2025-11-22,24,Ako Ne Znas Sta Je Bilo,M.P. Thompson I Hrvatrske Ruze,-,1,59
2025-11-22,25,Prolaze Neke Slike,Zdravko Colic,21,21,3
2025-11-29,1,Hilton Hotel Barca,Nucci,4,1,24
2025-11-29,2,Sexdrive,Jala Brat & Buba Corelli,3,2,42
2025-11-29,3,MDMA,Nikolija & Biba,2,1,12
2025-11-29,4,Blaka Blaka,Jala Brat & Buba Corelli Featuring Elena,7,1,47
2025-11-29,5,Tec-9,Jala Brat & Buba Corelli,1,1,24
2025-11-29,6,Roze Suze,Jala Brat & Buba Corelli,5,3,24
2025-11-29,7,Ravnoteza,Thompson,9,3,23
2025-11-29,8,Ego,Devito,8,2,23
2025-11-29,9,Bass,Jala Brat & Buba Corelli,11,1,48
2025-11-29,10,Ako Ne Znas Sta Je Bilo,M.P. Thompson I Hrvatrske Ruze,24,1,60
2025-11-29,11,Babylon,Jala Brat & Buba Corelli,12,6,24
2025-11-29,12,Blokada,Jala Brat & Buba Corelli,6,2,24
2025-11-29,13,Bez Koda,Jala Brat & Buba Corelli,14,1,64
2025-11-29,14,Bimmer,Jala Brat & Buba Corelli,13,8,24
2025-11-29,15,Andeo,Hiljson Mandela & Miach,18,1,53
2025-11-29,16,Opasno,Buba Corelli,16,15,9
2025-11-29,17,I Za Noc I Za Dan,Nedeljko Bajic Baja,15,10,15
2025-11-29,18,Toronto,Jala Brat & Buba Corelli,10,3,24
2025-11-29,19,Terca Na Tisinu,Silente,-,19,2
2025-11-29,20,Sibenik,Vojko V & Peki,17,16,6
2025-11-29,21,Astronaut,Devito x Bajaga,-,21,1
2025-11-29,22,Tajland,Rasta,23,1,20
2025-11-29,23,Prolaze Neke Slike,Zdravko Colic,25,21,4
2025-11-29,24,Led I Vatra,SENIDAH,-,19,6
2025-11-29,25,Vrati Je Tati,Jala Brat & Buba Corelli,22,5,26
2025-12-06,1,Polje Ruza,Jakov Jozinovic,-,1,1
2025-12-06,2,Hilton Hotel Barca,Nucci,1,1,25
2025-12-06,3,Blaka Blaka,Jala Brat & Buba Corelli Featuring Elena,4,1,48
2025-12-06,4,Folkicc,Desingerica,-,4,1
2025-12-06,5,Sexdrive,Jala Brat & Buba Corelli,2,2,43
2025-12-06,6,MDMA,Nikolija & Biba,3,1,13
2025-12-06,7,Tec-9,Jala Brat & Buba Corelli,5,1,25
2025-12-06,8,Roze Suze,Jala Brat & Buba Corelli,6,3,25
2025-12-06,9,Ravnoteza,Thompson,7,3,24
2025-12-06,10,Terca Na Tisinu,Silente,19,10,3
2025-12-06,11,Bez Koda,Jala Brat & Buba Corelli,13,1,65
2025-12-06,12,Babylon,Jala Brat & Buba Corelli,11,6,25
2025-12-06,13,Blokada,Jala Brat & Buba Corelli,12,2,25
2025-12-06,14,Ego,Devito,8,2,24
2025-12-06,15,Bass,Jala Brat & Buba Corelli,9,1,49
2025-12-06,16,Bimmer,Jala Brat & Buba Corelli,14,8,25
2025-12-06,17,Ako Ne Znas Sta Je Bilo,M.P. Thompson I Hrvatrske Ruze,10,1,61
2025-12-06,18,Hilton Hotel Barca (1979.),blutut Featuring Nucci,-,18,1
2025-12-06,19,Opasno,Buba Corelli,16,15,10
2025-12-06,20,Andeo,Hiljson Mandela & Miach,15,1,54
2025-12-06,21,Last Christmas,Wham!,-,4,15
2025-12-06,22,Vrati Je Tati,Jala Brat & Buba Corelli,25,5,27
2025-12-06,23,Kehlani,Jala Brat & Buba Corelli,-,5,26
2025-12-06,24,The Fate Of Ophelia,Taylor Swift,-,3,7
2025-12-06,25,Prolaze Neke Slike,Zdravko Colic,23,21,5
2025-12-13,1,Terca Na Tisinu,Silente,10,1,4
2025-12-13,2,Polje Ruza,Jakov Jozinovic,1,1,2
2025-12-13,3,Hilton Hotel Barca,Nucci,2,1,26
2025-12-13,4,MDMA,Nikolija & Biba,6,1,14
2025-12-13,5,Sexdrive,Jala Brat & Buba Corelli,5,2,44
2025-12-13,6,Blaka Blaka,Jala Brat & Buba Corelli Featuring Elena,3,1,49
2025-12-13,7,Roze Suze,Jala Brat & Buba Corelli,8,3,26
2025-12-13,8,Tec-9,Jala Brat & Buba Corelli,7,1,26
2025-12-13,9,Blokada,Jala Brat & Buba Corelli,13,2,26
2025-12-13,10,Louvre,Peki & Baks,-,10,1
2025-12-13,11,Last Christmas,Wham!,21,4,16
2025-12-13,12,All I Want For Christmas Is You,Mariah Carey,-,4,15
2025-12-13,13,Folkicc,Desingerica,4,4,2
2025-12-13,14,Ravnoteza,Thompson,9,3,25
2025-12-13,15,Toronto,Jala Brat & Buba Corelli,-,3,25
2025-12-13,16,Babylon,Jala Brat & Buba Corelli,12,6,26
2025-12-13,17,Bass,Jala Brat & Buba Corelli,15,1,50
2025-12-13,18,Bimmer,Jala Brat & Buba Corelli,16,8,26
2025-12-13,19,Ego,Devito,14,2,25
2025-12-13,20,Bez Koda,Jala Brat & Buba Corelli,11,1,66
2025-12-13,21,Jos Jednom,Silente,-,21,1
2025-12-13,22,Opasno,Buba Corelli,19,15,11
2025-12-13,23,Andeo,Hiljson Mandela & Miach,20,1,55
2025-12-13,24,Prolaze Neke Slike,Zdravko Colic,25,21,6
2025-12-13,25,The Fate Of Ophelia,Taylor Swift,24,3,8
2025-12-20,1,Terca Na Tisinu,Silente,1,1,5
2025-12-20,2,Sexdrive,Jala Brat & Buba Corelli,5,2,45
2025-12-20,3,Last Christmas,Wham!,11,3,17
2025-12-20,4,Tec-9,Jala Brat & Buba Corelli,8,1,27
2025-12-20,5,Hilton Hotel Barca,Nucci,3,1,27
2025-12-20,6,Roze Suze,Jala Brat & Buba Corelli,7,3,27
2025-12-20,7,Blaka Blaka,Jala Brat & Buba Corelli Featuring Elena,6,1,50
2025-12-20,8,MDMA,Nikolija & Biba,4,1,15
2025-12-20,9,Blokada,Jala Brat & Buba Corelli,9,2,27
2025-12-20,10,All I Want For Christmas Is You,Mariah Carey,12,4,16
2025-12-20,11,Severna Latina,Tea Tairovic,-,11,1
2025-12-20,12,Bass,Jala Brat & Buba Corelli,17,1,51
2025-12-20,13,Toronto,Jala Brat & Buba Corelli,15,3,26
2025-12-20,14,Babylon,Jala Brat & Buba Corelli,16,6,27
2025-12-20,15,Polje Ruza,Jakov Jozinovic,2,1,3
2025-12-20,16,Ravnoteza,Thompson,14,3,26
2025-12-20,17,Bimmer,Jala Brat & Buba Corelli,18,8,27
2025-12-20,18,Louvre,Peki & Baks,10,10,2
2025-12-20,19,Folkicc,Desingerica,13,4,3
2025-12-20,20,Bez Koda,Jala Brat & Buba Corelli,20,1,67
2025-12-20,21,Ego,Devito,19,2,26
2025-12-20,22,Rockin' Around The Christmas Tree,Brenda Lee,-,9,10
2025-12-20,23,Opasno,Buba Corelli,22,15,12
2025-12-20,24,Kehlani,Jala Brat & Buba Corelli,-,5,27
2025-12-20,25,Vrati Je Tati,Jala Brat & Buba Corelli,-,5,28
2025-12-27,1,Terca Na Tisinu,Silente,1,1,6
2025-12-27,2,Tec-9,Jala Brat & Buba Corelli,4,1,28
2025-12-27,3,Last Christmas,Wham!,3,3,18
2025-12-27,4,Sexdrive,Jala Brat & Buba Corelli,2,2,46
2025-12-27,5,MDMA,Nikolija & Biba,8,1,16
2025-12-27,6,Hilton Hotel Barca,Nucci,5,1,28
2025-12-27,7,All I Want For Christmas Is You,Mariah Carey,10,4,17
2025-12-27,8,Blaka Blaka,Jala Brat & Buba Corelli Featuring Elena,7,1,51
2025-12-27,9,Roze Suze,Jala Brat & Buba Corelli,6,3,28
2025-12-27,10,Blokada,Jala Brat & Buba Corelli,9,2,28
2025-12-27,11,Bass,Jala Brat & Buba Corelli,12,1,52
2025-12-27,12,Severna Latina,Tea Tairovic,11,11,2
2025-12-27,13,Ravnoteza,Thompson,16,3,27
2025-12-27,14,Rockin' Around The Christmas Tree,Brenda Lee,22,9,11
2025-12-27,15,Babylon,Jala Brat & Buba Corelli,14,6,28
2025-12-27,16,Toronto,Jala Brat & Buba Corelli,13,3,27
2025-12-27,17,Sretan Bozic Svakome,Fantomi,-,14,2
2025-12-27,18,Bimmer,Jala Brat & Buba Corelli,17,8,28
2025-12-27,19,Jingle Bell Rock,Bobby Helms,-,12,4
2025-12-27,20,Opasno,Buba Corelli,23,15,13
2025-12-27,21,Bez Koda,Jala Brat & Buba Corelli,20,1,68
2025-12-27,22,Jos Jednom,Silente,-,21,2
2025-12-27,23,Bozic Bijeli,Dalmatino,-,10,5
2025-12-27,24,Polje Ruza,Jakov Jozinovic,15,1,4
2025-12-27,25,Snowman,Sia,-,13,5
2026-01-03,1,Last Christmas,Wham!,3,1,19
2026-01-03,2,All I Want For Christmas Is You,Mariah Carey,7,2,18
2026-01-03,3,Sretan Bozic Svakome,Fantomi,17,3,3
2026-01-03,4,Bozic Bijeli,Dalmatino,23,4,6
2026-01-03,5,Rockin' Around The Christmas Tree,Brenda Lee,14,5,12
2026-01-03,6,Terca Na Tisinu,Silente,1,1,7
2026-01-03,7,Jingle Bell Rock,Bobby Helms,19,7,5
2026-01-03,8,Snowman,Sia,25,8,6
2026-01-03,9,Let It Snow! Let It Snow! Let It Snow!,Dean Martin,-,9,3
2026-01-03,10,Bozic Dolazi,Srebrna Krila,-,10,3
2026-01-03,11,Bijeli Bozic,Oliver Dragojevic,-,11,1
2026-01-03,12,It's Beginning To Look A Lot Like Christmas,Michael Buble,-,12,4
2026-01-03,13,Merry Christmas Everyone,Shakin' Stevens,-,13,1
2026-01-03,14,Underneath The Tree,Kelly Clarkson,-,14,1
2026-01-03,15,Sexdrive,Jala Brat & Buba Corelli,4,2,47
2026-01-03,16,Santa Tell Me,Ariana Grande,-,16,3
2026-01-03,17,MDMA,Nikolija & Biba,5,1,17
2026-01-03,18,Feliz Navidad,Jose Feliciano,-,18,2
2026-01-03,19,Holly Jolly Christmas,Michael Buble,-,19,1
2026-01-03,20,Blaka Blaka,Jala Brat & Buba Corelli Featuring Elena,8,1,52
2026-01-03,21,Bozic Dolazi,Nova generacija,-,21,1
2026-01-03,22,Tec-9,Jala Brat & Buba Corelli,2,1,29
2026-01-03,23,It's The Most Wonderful Time Of The Year,Andy Williams,-,20,2
2026-01-03,24,Hilton Hotel Barca,Nucci,6,1,29
2026-01-03,25,Sleigh Ride,The Ronettes,-,25,1
2026-01-10,1,Terca Na Tisinu,Silente,6,1,8
2026-01-10,2,Sexdrive,Jala Brat & Buba Corelli,15,2,48
2026-01-10,3,Blaka Blaka,Jala Brat & Buba Corelli Featuring Elena,20,1,53
2026-01-10,4,MDMA,Nikolija & Biba,17,1,18
2026-01-10,5,Tec-9,Jala Brat & Buba Corelli,22,1,30
2026-01-10,6,Hilton Hotel Barca,Nucci,24,1,30
2026-01-10,7,Ravnoteza,Thompson,-,3,28
2026-01-10,8,Bass,Jala Brat & Buba Corelli,-,1,53
2026-01-10,9,Roze Suze,Jala Brat & Buba Corelli,-,3,29
2026-01-10,10,Ako Ne Znas Sta Je Bilo,M.P. Thompson I Hrvatrske Ruze,-,1,62
2026-01-10,11,Bez Koda,Jala Brat & Buba Corelli,-,1,69
2026-01-10,12,Blokada,Jala Brat & Buba Corelli,-,2,29
2026-01-10,13,Sibenik,Vojko V & Peki,-,13,7
2026-01-10,14,Ego,Devito,-,2,27
2026-01-10,15,Andeo,Hiljson Mandela & Miach,-,1,56
2026-01-10,16,Da Mi Je,Katarina Zivkovic,-,16,1
2026-01-10,17,I Za Noc I Za Dan,Nedeljko Bajic Baja,-,10,16
2026-01-10,18,Opasno,Buba Corelli,-,15,14
2026-01-10,19,Tajland,Rasta,-,1,21
2026-01-10,20,Prolaze Neke Slike,Zdravko Colic,-,20,7
2026-01-10,21,Au,Biba,-,2,13
2026-01-10,22,Zlatnik,Tanja Savic,-,22,1
2026-01-10,23,Toronto,Jala Brat & Buba Corelli,-,3,28
2026-01-10,24,Vrati Je Tati,Jala Brat & Buba Corelli,-,5,29
2026-01-10,25,Napumpam I Cao,2soma X Gazda Paja,-,25,1
2026-01-17,1,Terca Na Tisinu,Silente,1,1,9
2026-01-17,2,Tec-9,Jala Brat & Buba Corelli,5,1,31
2026-01-17,3,Sexdrive,Jala Brat & Buba Corelli,2,2,49
2026-01-17,4,Blaka Blaka,Jala Brat & Buba Corelli Featuring Elena,3,1,54
2026-01-17,5,MDMA,Nikolija & Biba,4,1,19
2026-01-17,6,Hilton Hotel Barca,Nucci,6,1,31
2026-01-17,7,End Of Beginning,Djo,-,7,2
2026-01-17,8,Bass,Jala Brat & Buba Corelli,8,1,54
2026-01-17,9,Roze Suze,Jala Brat & Buba Corelli,9,3,30
2026-01-17,10,Blokada,Jala Brat & Buba Corelli,12,2,30
2026-01-17,11,Bez Koda,Jala Brat & Buba Corelli,11,1,70
2026-01-17,12,Napumpam I Cao,2soma X Gazda Paja,25,12,2
2026-01-17,13,Opasno,Buba Corelli,18,13,15
2026-01-17,14,Ego,Devito,14,2,28
2026-01-17,15,Sibenik,Vojko V & Peki,13,13,8
2026-01-17,16,Ravnoteza,Thompson,7,3,29
2026-01-17,17,Andeo,Hiljson Mandela & Miach,15,1,57
2026-01-17,18,Babylon,Jala Brat & Buba Corelli,-,6,29
2026-01-17,19,Au,Biba,21,2,14
2026-01-17,20,Da Mi Je,Katarina Zivkovic,16,16,2
2026-01-17,21,Toronto,Jala Brat & Buba Corelli,23,3,29
2026-01-17,22,Abu Dhabi,Grse,-,1,21
2026-01-17,23,Vrati Je Tati,Jala Brat & Buba Corelli,24,5,30
2026-01-17,24,Prolaze Neke Slike,Zdravko Colic,20,20,8
2026-01-17,25,Every Breath You Take,The Police,-,25,1
2026-01-24,1,Betmen,BakaPrase x Choda,-,1,1
2026-01-24,2,Sante,Grse & Miach,-,2,1
2026-01-24,3,Tec-9,Jala Brat & Buba Corelli,2,1,32
2026-01-24,4,Terca Na Tisinu,Silente,1,1,10
2026-01-24,5,Sexdrive,Jala Brat & Buba Corelli,3,2,50
2026-01-24,6,Blaka Blaka,Jala Brat & Buba Corelli Featuring Elena,4,1,55
2026-01-24,7,MDMA,Nikolija & Biba,5,1,20
2026-01-24,8,Roze Suze,Jala Brat & Buba Corelli,9,3,31
2026-01-24,9,Hilton Hotel Barca,Nucci,6,1,32
2026-01-24,10,End Of Beginning,Djo,7,7,3
2026-01-24,11,Blokada,Jala Brat & Buba Corelli,10,2,31
2026-01-24,12,Toronto,Jala Brat & Buba Corelli,21,3,30
2026-01-24,13,Bass,Jala Brat & Buba Corelli,8,1,55
2026-01-24,14,Babylon,Jala Brat & Buba Corelli,18,6,30
2026-01-24,15,Da Mi Je,Katarina Zivkovic,20,15,3
2026-01-24,16,Sibenik,Vojko V & Peki,15,13,9
2026-01-24,17,Napumpam I Cao,2soma X Gazda Paja,12,12,3
2026-01-24,18,Abu Dhabi,Grse,22,1,22
2026-01-24,19,Bez Koda,Jala Brat & Buba Corelli,11,1,71
2026-01-24,20,Andeo,Hiljson Mandela & Miach,17,1,58
2026-01-24,21,Void,Dorde,-,21,1
2026-01-24,22,Ego,Devito,14,2,29
2026-01-24,23,Opasno,Buba Corelli,13,13,16
2026-01-24,24,Ravnoteza,Thompson,16,3,30
2026-01-24,25,Bimmer,Jala Brat & Buba Corelli,-,8,29
2026-01-31,1,Sante,Grse & Miach,2,1,2
2026-01-31,2,Betmen,BakaPrase x Choda,1,1,2
2026-01-31,3,Tec-9,Jala Brat & Buba Corelli,3,1,33
2026-01-31,4,Terca Na Tisinu,Silente,4,1,11
2026-01-31,5,Roze Suze,Jala Brat & Buba Corelli,8,3,32
2026-01-31,6,MDMA,Nikolija & Biba,7,1,21
2026-01-31,7,Sexdrive,Jala Brat & Buba Corelli,5,2,51
2026-01-31,8,Blokada,Jala Brat & Buba Corelli,11,2,32
2026-01-31,9,Opasno,Buba Corelli,23,9,17
2026-01-31,10,Blaka Blaka,Jala Brat & Buba Corelli Featuring Elena,6,1,56
2026-01-31,11,Da Mi Je,Katarina Zivkovic,15,11,4
2026-01-31,12,Hilton Hotel Barca,Nucci,9,1,33
2026-01-31,13,Toronto,Jala Brat & Buba Corelli,12,3,31
2026-01-31,14,End Of Beginning,Djo,10,7,4
2026-01-31,15,Babylon,Jala Brat & Buba Corelli,14,6,31
2026-01-31,16,Bass,Jala Brat & Buba Corelli,13,1,56
2026-01-31,17,Led I Vatra,SENIDAH,-,17,7
2026-01-31,18,Ma Bolje Sam,Relja,-,13,2
2026-01-31,19,Bimmer,Jala Brat & Buba Corelli,25,8,30
2026-01-31,20,Bez Koda,Jala Brat & Buba Corelli,19,1,72
2026-01-31,21,Balenciaga,Buba Corelli,-,21,1
2026-01-31,22,Au,Biba,-,2,15
2026-01-31,23,Abu Dhabi,Grse,18,1,23
2026-01-31,24,Gluh I Nijem,Buba Corelli,-,12,15
2026-01-31,25,Comfort,Buba Corelli,-,25,1
2026-02-07,1,Tec-9,Jala Brat & Buba Corelli,3,1,34
2026-02-07,2,Terca Na Tisinu,Silente,4,1,12
2026-02-07,3,Roze Suze,Jala Brat & Buba Corelli,5,3,33
2026-02-07,4,Sante,Grse & Miach,1,1,3
2026-02-07,5,Mirjana,COBY,-,5,1
2026-02-07,6,MDMA,Nikolija & Biba,6,1,22
2026-02-07,7,Blokada,Jala Brat & Buba Corelli,8,2,33
2026-02-07,8,Sexdrive,Jala Brat & Buba Corelli,7,2,52
2026-02-07,9,Da Mi Je,Katarina Zivkovic,11,9,5
2026-02-07,10,Babylon,Jala Brat & Buba Corelli,15,6,32
2026-02-07,11,Opasno,Buba Corelli,9,9,18
2026-02-07,12,Betmen,BakaPrase x Choda,2,1,3
2026-02-07,13,Blaka Blaka,Jala Brat & Buba Corelli Featuring Elena,10,1,57
2026-02-07,14,Aperture,Harry Styles,-,14,1
2026-02-07,15,Toronto,Jala Brat & Buba Corelli,13,3,32
2026-02-07,16,Hilton Hotel Barca,Nucci,12,1,34
2026-02-07,17,End Of Beginning,Djo,14,7,5
2026-02-07,18,Bimmer,Jala Brat & Buba Corelli,19,8,31
2026-02-07,19,Ma Bolje Sam,Relja,18,13,3
2026-02-07,20,Balenciaga,Buba Corelli,21,20,2
2026-02-07,21,Bass,Jala Brat & Buba Corelli,16,1,57
2026-02-07,22,Comfort,Buba Corelli,25,22,2
2026-02-07,23,Led I Vatra,SENIDAH,17,17,8
2026-02-07,24,Au,Biba,22,2,16
2026-02-07,25,Abu Dhabi,Grse,23,1,24
2026-02-14,1,Mirjana,COBY,5,1,2
2026-02-14,2,Ja Volim,Jakov Jozinovic,-,2,1
2026-02-14,3,Tec-9,Jala Brat & Buba Corelli,1,1,35
2026-02-14,4,Terca Na Tisinu,Silente,2,1,13
2026-02-14,5,Roze Suze,Jala Brat & Buba Corelli,3,3,34
2026-02-14,6,Blokada,Jala Brat & Buba Corelli,7,2,34
2026-02-14,7,Sexdrive,Jala Brat & Buba Corelli,8,2,53
2026-02-14,8,Sante,Grse & Miach,4,1,4
2026-02-14,9,MDMA,Nikolija & Biba,6,1,23
2026-02-14,10,Opasno,Buba Corelli,11,9,19
2026-02-14,11,Ravnoteza,Thompson,-,3,31
2026-02-14,12,Betmen,BakaPrase x Choda,12,1,4
2026-02-14,13,"Ljube Se Dobri, Losi, Zli",Magazin,-,13,1
2026-02-14,14,Blaka Blaka,Jala Brat & Buba Corelli Featuring Elena,13,1,58
2026-02-14,15,Bimmer,Jala Brat & Buba Corelli,18,8,32
2026-02-14,16,Hilton Hotel Barca,Nucci,16,1,35
2026-02-14,17,Toronto,Jala Brat & Buba Corelli,15,3,33
2026-02-14,18,Babylon,Jala Brat & Buba Corelli,10,6,33
2026-02-14,19,Led I Vatra,SENIDAH,23,17,9
2026-02-14,20,Afekat,Tanatos X Jowam,-,20,1
2026-02-14,21,Merak,COBY,-,21,1
2026-02-14,22,Balenciaga,Buba Corelli,20,20,3
2026-02-14,23,Comfort,Buba Corelli,22,22,3
2026-02-14,24,Bass,Jala Brat & Buba Corelli,21,1,58
2026-02-14,25,Au,Biba,24,2,17
2026-02-21,1,Ja Volim,Jakov Jozinovic,2,1,2
2026-02-21,2,Mirjana,COBY,1,1,3
2026-02-21,3,Terca Na Tisinu,Silente,4,1,14
2026-02-21,4,Tec-9,Jala Brat & Buba Corelli,3,1,36
2026-02-21,5,Roze Suze,Jala Brat & Buba Corelli,5,3,35
2026-02-21,6,DTMF,Bad Bunny,-,6,1
2026-02-21,7,"Ljube Se Dobri, Losi, Zli",Magazin,13,7,2
2026-02-21,8,Betmen,BakaPrase x Choda,12,1,5
2026-02-21,9,Polje Ruza,Jakov Jozinovic,-,1,5
2026-02-21,10,Blokada,Jala Brat & Buba Corelli,6,2,35
2026-02-21,11,Sexdrive,Jala Brat & Buba Corelli,7,2,54
2026-02-21,12,Toronto,Jala Brat & Buba Corelli,17,3,34
2026-02-21,13,1001 NOC (2013 REWORK),Colonia,-,13,1
2026-02-21,14,Nuevayol,Bad Bunny,-,14,1
2026-02-21,15,Opasno,Buba Corelli,10,9,20
2026-02-21,16,MDMA,Nikolija & Biba,9,1,24
2026-02-21,17,Sante,Grse & Miach,8,1,5
2026-02-21,18,Blaka Blaka,Jala Brat & Buba Corelli Featuring Elena,14,1,59
2026-02-21,19,Babylon,Jala Brat & Buba Corelli,18,6,34
2026-02-21,20,Bimmer,Jala Brat & Buba Corelli,15,8,33
2026-02-21,21,Balenciaga,Buba Corelli,22,20,4
2026-02-21,22,Hilton Hotel Barca,Nucci,16,1,36
2026-02-21,23,Gluh I Nijem,Buba Corelli,-,12,16
2026-02-21,24,Led I Vatra,SENIDAH,19,17,10
2026-02-21,25,Ravnoteza,Thompson,11,3,32
2026-02-28,1,Ja Volim,Jakov Jozinovic,1,1,3
2026-02-28,2,Mirjana,COBY,2,1,4
2026-02-28,3,Terca Na Tisinu,Silente,3,1,15
2026-02-28,4,"Ljube Se Dobri, Losi, Zli",Magazin,7,4,3
2026-02-28,5,Tec-9,Jala Brat & Buba Corelli,4,1,37
2026-02-28,6,Roze Suze,Jala Brat & Buba Corelli,5,3,36
2026-02-28,7,Sexdrive,Jala Brat & Buba Corelli,11,2,55
2026-02-28,8,1001 Noc,Colonia,-,8,1
2026-02-28,9,Blokada,Jala Brat & Buba Corelli,10,2,36
2026-02-28,10,Toronto,Jala Brat & Buba Corelli,12,3,35
2026-02-28,11,Betmen,BakaPrase x Choda,8,1,6
2026-02-28,12,Andromeda,LELEK,-,12,1
2026-02-28,13,Opasno,Buba Corelli,15,9,21
2026-02-28,14,Babylon,Jala Brat & Buba Corelli,19,6,35
2026-02-28,15,DTMF,Bad Bunny,6,6,2
2026-02-28,16,Balenciaga,Buba Corelli,21,16,5
2026-02-28,17,MDMA,Nikolija & Biba,16,1,25
2026-02-28,18,Titi Me Pregunto,Bad Bunny,-,18,1
2026-02-28,19,Bimmer,Jala Brat & Buba Corelli,20,8,34
2026-02-28,20,Sante,Grse & Miach,17,1,6
2026-02-28,21,Blaka Blaka,Jala Brat & Buba Corelli Featuring Elena,18,1,60
2026-02-28,22,Gluh I Nijem,Buba Corelli,23,12,17
2026-02-28,23,Polje Ruza,Jakov Jozinovic,9,1,6
2026-02-28,24,Nuevayol,Bad Bunny,14,14,2
2026-02-28,25,Hilton Hotel Barca,Nucci,22,1,37
2026-03-07,1,Ja Volim,Jakov Jozinovic,1,1,4
2026-03-07,2,Mirjana,COBY,2,1,5
2026-03-07,3,Terca Na Tisinu,Silente,3,1,16
2026-03-07,4,1001 Noc,Colonia,8,4,2
2026-03-07,5,Tec-9,Jala Brat & Buba Corelli,5,1,38
2026-03-07,6,Roze Suze,Jala Brat & Buba Corelli,6,3,37
2026-03-07,7,"Ljube Se Dobri, Losi, Zli",Magazin,4,4,4
2026-03-07,8,Sexdrive,Jala Brat & Buba Corelli,7,2,56
2026-03-07,9,Blokada,Jala Brat & Buba Corelli,9,2,37
2026-03-07,10,Opasno,Buba Corelli,13,9,22
2026-03-07,11,Babylon,Jala Brat & Buba Corelli,14,6,36
2026-03-07,12,Toronto,Jala Brat & Buba Corelli,10,3,36
2026-03-07,13,Betmen,BakaPrase x Choda,11,1,7
2026-03-07,14,Blaka Blaka,Jala Brat & Buba Corelli Featuring Elena,21,1,61
2026-03-07,15,Bimmer,Jala Brat & Buba Corelli,19,8,35
2026-03-07,16,MDMA,Nikolija & Biba,17,1,26
2026-03-07,17,Mjesto Za Dvoje,Letu Stuke,-,17,1
2026-03-07,18,Hilton Hotel Barca,Nucci,25,1,38
2026-03-07,19,Balenciaga,Buba Corelli,16,16,6
2026-03-07,20,Sante,Grse & Miach,20,1,7
2026-03-07,21,Bez Koda,Jala Brat & Buba Corelli,-,1,73
2026-03-07,22,Bass,Jala Brat & Buba Corelli,-,1,59
2026-03-07,23,Stateside,PinkPantheress With Zara Larsson,-,23,1
2026-03-07,24,Gluh I Nijem,Buba Corelli,22,12,18
2026-03-07,25,Ti I Ja,SENIDAH,-,25,1
2026-03-14,1,Envolver,Anitta,-,1,1
2026-03-14,2,Ja Volim,Jakov Jozinovic,1,1,5
2026-03-14,3,Tec-9,Jala Brat & Buba Corelli,5,1,39
2026-03-14,4,Terca Na Tisinu,Silente,3,1,17
2026-03-14,5,Mirjana,COBY,2,1,6
2026-03-14,6,1001 Noc,Colonia,4,4,3
2026-03-14,7,Roze Suze,Jala Brat & Buba Corelli,6,3,38
2026-03-14,8,Blokada,Jala Brat & Buba Corelli,9,2,38
2026-03-14,9,Stateside,PinkPantheress With Zara Larsson,23,9,2
2026-03-14,10,Sexdrive,Jala Brat & Buba Corelli,8,2,57
2026-03-14,11,"Ljube Se Dobri, Losi, Zli",Magazin,7,4,5
2026-03-14,12,Babylon,Jala Brat & Buba Corelli,11,6,37
2026-03-14,13,Toronto,Jala Brat & Buba Corelli,12,3,37
2026-03-14,14,MDMA,Nikolija & Biba,16,1,27
2026-03-14,15,Betmen,BakaPrase x Choda,13,1,8
2026-03-14,16,Opasno,Buba Corelli,10,9,23
2026-03-14,17,Blaka Blaka,Jala Brat & Buba Corelli Featuring Elena,14,1,62
2026-03-14,18,Hilton Hotel Barca,Nucci,18,1,39
2026-03-14,19,Mjesto Za Dvoje,Letu Stuke,17,17,2
2026-03-14,20,Sante,Grse & Miach,20,1,8
2026-03-14,21,Balenciaga,Buba Corelli,19,16,7
2026-03-14,22,Bimmer,Jala Brat & Buba Corelli,15,8,36
2026-03-14,23,Led I Vatra,SENIDAH,-,17,11
2026-03-14,24,Bez Koda,Jala Brat & Buba Corelli,21,1,74
2026-03-14,25,Bass,Jala Brat & Buba Corelli,22,1,60
2026-03-21,1,Ja Volim,Jakov Jozinovic,2,1,6
2026-03-21,2,Tec-9,Jala Brat & Buba Corelli,3,1,40
2026-03-21,3,Mirjana,COBY,5,1,7
2026-03-21,4,1001 Noc,Colonia,6,4,4
2026-03-21,5,Terca Na Tisinu,Silente,4,1,18
2026-03-21,6,Roze Suze,Jala Brat & Buba Corelli,7,3,39
2026-03-21,7,Blokada,Jala Brat & Buba Corelli,8,2,39
2026-03-21,8,Sexdrive,Jala Brat & Buba Corelli,10,2,58
2026-03-21,9,Ccrevo,Desingerica,-,9,1
2026-03-21,10,Stateside,PinkPantheress With Zara Larsson,9,9,3
2026-03-21,11,Toronto,Jala Brat & Buba Corelli,13,3,38
2026-03-21,12,MDMA,Nikolija & Biba,14,1,28
2026-03-21,13,Opasno,Buba Corelli,16,9,24
2026-03-21,14,Bimmer,Jala Brat & Buba Corelli,22,8,37
2026-03-21,15,Blaka Blaka,Jala Brat & Buba Corelli Featuring Elena,17,1,63
2026-03-21,16,Babylon,Jala Brat & Buba Corelli,12,6,38
2026-03-21,17,Balenciaga,Buba Corelli,21,16,8
2026-03-21,18,Bez Koda,Jala Brat & Buba Corelli,24,1,75
2026-03-21,19,Dracula,Tame Impala & JENNIE,-,19,1
2026-03-21,20,Sante,Grse & Miach,20,1,9
2026-03-21,21,"Ljube Se Dobri, Losi, Zli",Magazin,11,4,6
2026-03-21,22,Betmen,BakaPrase x Choda,15,1,9
2026-03-21,23,Hilton Hotel Barca,Nucci,18,1,40
2026-03-21,24,American Girls,Harry Styles,-,24,1
2026-03-21,25,Bass,Jala Brat & Buba Corelli,25,1,61
2026-03-28,1,Tec-9,Jala Brat & Buba Corelli,2,1,41
2026-03-28,2,Roze Suze,Jala Brat & Buba Corelli,6,2,40
2026-03-28,3,Ccrevo,Desingerica,9,3,2
2026-03-28,4,1001 Noc,Colonia,4,4,5
2026-03-28,5,Terca Na Tisinu,Silente,5,1,19
2026-03-28,6,Ja Volim,Jakov Jozinovic,1,1,7
2026-03-28,7,Mirjana,COBY,3,1,8
2026-03-28,8,Blokada,Jala Brat & Buba Corelli,7,2,40
2026-03-28,9,Intercontinental,Relja,-,9,1
2026-03-28,10,Sexdrive,Jala Brat & Buba Corelli,8,2,59
2026-03-28,11,Dracula,Tame Impala & JENNIE,19,11,2
2026-03-28,12,Toronto,Jala Brat & Buba Corelli,11,3,39
2026-03-28,13,Stateside,PinkPantheress With Zara Larsson,10,9,4
2026-03-28,14,Opasno,Buba Corelli,13,9,25
2026-03-28,15,Babylon,Jala Brat & Buba Corelli,16,6,39
2026-03-28,16,MDMA,Nikolija & Biba,12,1,29
2026-03-28,17,Bimmer,Jala Brat & Buba Corelli,14,8,38
2026-03-28,18,Blaka Blaka,Jala Brat & Buba Corelli Featuring Elena,15,1,64
2026-03-28,19,Betmen,BakaPrase x Choda,22,1,10
2026-03-28,20,Hilton Hotel Barca,Nucci,23,1,41
2026-03-28,21,Bez Koda,Jala Brat & Buba Corelli,18,1,76
2026-03-28,22,"Ljube Se Dobri, Losi, Zli",Magazin,21,4,7
2026-03-28,23,Balenciaga,Buba Corelli,17,16,9
2026-03-28,24,Led I Vatra,SENIDAH,-,17,12
2026-03-28,25,Babydoll,Dominic Fike,-,25,1
2026-04-04,1,Intercontinental,Relja,9,1,2
2026-04-04,2,Tec-9,Jala Brat & Buba Corelli,1,1,42
2026-04-04,3,Roze Suze,Jala Brat & Buba Corelli,2,2,41
2026-04-04,4,Terca Na Tisinu,Silente,5,1,20
2026-04-04,5,Sexdrive,Jala Brat & Buba Corelli,10,2,60
2026-04-04,6,Ccrevo,Desingerica,3,3,3
2026-04-04,7,Blokada,Jala Brat & Buba Corelli,8,2,41
2026-04-04,8,Dracula,Tame Impala & JENNIE,11,8,3
2026-04-04,9,1001 Noc,Colonia,4,4,6
2026-04-04,10,Ja Volim,Jakov Jozinovic,6,1,8
2026-04-04,11,Toronto,Jala Brat & Buba Corelli,12,3,40
2026-04-04,12,Mirjana,COBY,7,1,9
2026-04-04,13,666,Inas,-,13,1
2026-04-04,14,Swim,BTS,-,14,1
2026-04-04,15,Blaka Blaka,Jala Brat & Buba Corelli Featuring Elena,18,1,65
2026-04-04,16,Opasno,Buba Corelli,14,9,26
2026-04-04,17,MDMA,Nikolija & Biba,16,1,30
2026-04-04,18,Babylon,Jala Brat & Buba Corelli,15,6,40
2026-04-04,19,Bimmer,Jala Brat & Buba Corelli,17,8,39
2026-04-04,20,Stateside,PinkPantheress With Zara Larsson,13,9,5
2026-04-04,21,Za Moje Kuckice,2soma,-,21,1
2026-04-04,22,Balenciaga,Buba Corelli,23,16,10
2026-04-04,23,Bez Koda,Jala Brat & Buba Corelli,21,1,77
2026-04-04,24,Hilton Hotel Barca,Nucci,20,1,42
2026-04-04,25,Led I Vatra,SENIDAH,24,17,13
2026-04-11,1,Intercontinental,Relja,1,1,3
2026-04-11,2,Tec-9,Jala Brat & Buba Corelli,2,1,43
2026-04-11,3,666,Inas,13,3,2
2026-04-11,4,Roze Suze,Jala Brat & Buba Corelli,3,2,42
2026-04-11,5,Terca Na Tisinu,Silente,4,1,21
2026-04-11,6,Dracula,Tame Impala & JENNIE,8,6,4
2026-04-11,7,Sexdrive,Jala Brat & Buba Corelli,5,2,61
2026-04-11,8,1001 Noc,Colonia,9,4,7
2026-04-11,9,Blokada,Jala Brat & Buba Corelli,7,2,42
2026-04-11,10,Toronto,Jala Brat & Buba Corelli,11,3,41
2026-04-11,11,Mirjana,COBY,12,1,10
2026-04-11,12,Ja Volim,Jakov Jozinovic,10,1,9
2026-04-11,13,Ccrevo,Desingerica,6,3,4
2026-04-11,14,Opasno,Buba Corelli,16,9,27
2026-04-11,15,Bimmer,Jala Brat & Buba Corelli,19,8,40
2026-04-11,16,Swim,BTS,14,14,2
2026-04-11,17,Balenciaga,Buba Corelli,22,16,11
2026-04-11,18,Blaka Blaka,Jala Brat & Buba Corelli Featuring Elena,15,1,66
2026-04-11,19,Babylon,Jala Brat & Buba Corelli,18,6,41
2026-04-11,20,Babydoll,Dominic Fike,-,20,2
2026-04-11,21,Za Moje Kuckice,2soma,21,21,2
2026-04-11,22,Stateside,PinkPantheress With Zara Larsson,20,9,6
2026-04-11,23,Hilton Hotel Barca,Nucci,24,1,43
2026-04-11,24,Cista ljubav,Adi Sose & Senidah,-,24,1
2026-04-11,25,MDMA,Nikolija & Biba,17,1,31
2026-04-18,1,Intercontinental,Relja,1,1,4
2026-04-18,2,Terca Na Tisinu,Silente,5,1,22
2026-04-18,3,Tec-9,Jala Brat & Buba Corelli,2,1,44
2026-04-18,4,Roze Suze,Jala Brat & Buba Corelli,4,2,43
2026-04-18,5,Dracula,Tame Impala & JENNIE,6,5,5
2026-04-18,6,Sexdrive,Jala Brat & Buba Corelli,7,2,62
2026-04-18,7,Hokage,Bandra,-,7,1
2026-04-18,8,666,Inas,3,3,3
2026-04-18,9,1001 Noc,Colonia,8,4,8
2026-04-18,10,Ja Volim,Jakov Jozinovic,12,1,10
2026-04-18,11,Toronto,Jala Brat & Buba Corelli,10,3,42
2026-04-18,12,Blokada,Jala Brat & Buba Corelli,9,2,43
2026-04-18,13,Mirjana,COBY,11,1,11
2026-04-18,14,Babydoll,Dominic Fike,20,14,3
2026-04-18,15,Blaka Blaka,Jala Brat & Buba Corelli Featuring Elena,18,1,67
2026-04-18,16,Babylon,Jala Brat & Buba Corelli,19,6,42
2026-04-18,17,Opasno,Buba Corelli,14,9,28
2026-04-18,18,Balenciaga,Buba Corelli,17,16,12
2026-04-18,19,MDMA,Nikolija & Biba,25,1,32
2026-04-18,20,Stateside,PinkPantheress With Zara Larsson,22,9,7
2026-04-18,21,Bimmer,Jala Brat & Buba Corelli,15,8,41
2026-04-18,22,Cista ljubav,Adi Sose & Senidah,24,22,2
2026-04-18,23,Mjesto Za Dvoje,Letu Stuke,-,17,3
2026-04-18,24,Bez Koda,Jala Brat & Buba Corelli,-,1,78
2026-04-18,25,Ljubi Me Budalo (Live Belgrade Music Week 23),Connect,-,25,1
2026-04-25,1,Intercontinental,Relja,1,1,5
2026-04-25,2,Violet,Cunami Flo,-,2,1
2026-04-25,3,Tec-9,Jala Brat & Buba Corelli,3,1,45
2026-04-25,4,Hokage,Bandra,7,4,2
2026-04-25,5,Roze Suze,Jala Brat & Buba Corelli,4,2,44
2026-04-25,6,Terca Na Tisinu,Silente,2,1,23
2026-04-25,7,Dracula,Tame Impala & JENNIE,5,5,6
2026-04-25,8,Beauty And A Beat,Justin Bieber Featuring Nicki Minaj,-,8,1
2026-04-25,9,Sexdrive,Jala Brat & Buba Corelli,6,2,63
2026-04-25,10,Blokada,Jala Brat & Buba Corelli,12,2,44
2026-04-25,11,Ljubi Me Budalo (Live Belgrade Music Week 23),Connect,25,11,2
2026-04-25,12,Senorita,2soma,-,12,1
2026-04-25,13,Za Moje Kuckice,2soma,-,13,3
2026-04-25,14,Opasno,Buba Corelli,17,9,29
2026-04-25,15,Blaka Blaka,Jala Brat & Buba Corelli Featuring Elena,15,1,68
2026-04-25,16,Toronto,Jala Brat & Buba Corelli,11,3,43
2026-04-25,17,666,Inas,8,3,4
2026-04-25,18,1001 Noc,Colonia,9,4,9
2026-04-25,19,Babylon,Jala Brat & Buba Corelli,16,6,43
2026-04-25,20,Mirjana,COBY,13,1,12
2026-04-25,21,Bimmer,Jala Brat & Buba Corelli,21,8,42
2026-04-25,22,Ja Volim,Jakov Jozinovic,10,1,11
2026-04-25,23,Babydoll,Dominic Fike,14,14,4
2026-04-25,24,Balenciaga,Buba Corelli,18,16,13
2026-04-25,25,MDMA,Nikolija & Biba,19,1,33
2026-05-02,1,Topovska,Buba Corelli,-,1,1
2026-05-02,2,Violet,Cunami Flo,2,2,2
2026-05-02,3,Intercontinental,Relja,1,1,6
2026-05-02,4,Beauty And A Beat,Justin Bieber Featuring Nicki Minaj,8,4,2
2026-05-02,5,Roze Suze,Jala Brat & Buba Corelli,5,2,45
2026-05-02,6,Tec-9,Jala Brat & Buba Corelli,3,1,46
2026-05-02,7,Senorita,2soma,12,7,2
2026-05-02,8,Babylon,Jala Brat & Buba Corelli,19,6,44
2026-05-02,9,Toronto,Jala Brat & Buba Corelli,16,3,44
2026-05-02,10,Sexdrive,Jala Brat & Buba Corelli,9,2,64
2026-05-02,11,Dracula,Tame Impala & JENNIE,7,5,7
2026-05-02,12,Za Moje Kuckice,2soma,13,12,4
2026-05-02,13,Blokada,Jala Brat & Buba Corelli,10,2,45
2026-05-02,14,Hokage,Bandra,4,4,3
2026-05-02,15,Opasno,Buba Corelli,14,9,30
2026-05-02,16,Mirjana,COBY,20,1,13
2026-05-02,17,Ljubi Me Budalo (Live Belgrade Music Week 23),Connect,11,11,3
2026-05-02,18,Bimmer,Jala Brat & Buba Corelli,21,8,43
2026-05-02,19,Drop Dead,Olivia Rodrigo,-,19,1
2026-05-02,20,Balenciaga,Buba Corelli,24,16,14
2026-05-02,21,Terca Na Tisinu,Silente,6,1,24
2026-05-02,22,Comfort,Buba Corelli,-,22,4
2026-05-02,23,Bez Koda,Jala Brat & Buba Corelli,-,1,79
2026-05-02,24,Blaka Blaka,Jala Brat & Buba Corelli Featuring Elena,15,1,69
2026-05-02,25,Gluh I Nijem,Buba Corelli,-,12,19
2026-05-09,1,Topovska,Buba Corelli,1,1,2
2026-05-09,2,Violet,Cunami Flo,2,2,3
2026-05-09,3,Intercontinental,Relja,3,1,7
2026-05-09,4,Tec-9,Jala Brat & Buba Corelli,6,1,47
2026-05-09,5,Roze Suze,Jala Brat & Buba Corelli,5,2,46
2026-05-09,6,Plantaza,Seksi,-,6,1
2026-05-09,7,Senorita,2soma,7,7,3
2026-05-09,8,Beauty And A Beat,Justin Bieber Featuring Nicki Minaj,4,4,3
2026-05-09,9,Sexdrive,Jala Brat & Buba Corelli,10,2,65
2026-05-09,10,Toronto,Jala Brat & Buba Corelli,9,3,45
2026-05-09,11,Blokada,Jala Brat & Buba Corelli,13,2,46
2026-05-09,12,Za Moje Kuckice,2soma,12,12,5
2026-05-09,13,Babylon,Jala Brat & Buba Corelli,8,6,45
2026-05-09,14,Bimmer,Jala Brat & Buba Corelli,18,8,44
2026-05-09,15,Ljubi Me Budalo (Live Belgrade Music Week 23),Connect,17,11,4
2026-05-09,16,Bez Koda,Jala Brat & Buba Corelli,23,1,80
2026-05-09,17,Dracula,Tame Impala & JENNIE,11,5,8
2026-05-09,18,Terca Na Tisinu,Silente,21,1,25
2026-05-09,19,MDMA,Nikolija & Biba,-,1,34
2026-05-09,20,Opasno,Buba Corelli,15,9,31
2026-05-09,21,Hokage,Bandra,14,4,4
2026-05-09,22,Balenciaga,Buba Corelli,20,16,15
2026-05-09,23,Gluh I Nijem,Buba Corelli,25,12,20
2026-05-09,24,Usta Na Usta,Buba Corelli,-,13,7
2026-05-09,25,Blaka Blaka,Jala Brat & Buba Corelli Featuring Elena,24,1,70
2026-05-16,1,Topovska,Buba Corelli,1,1,3
2026-05-16,2,Ajkula,Jala Brat,-,2,1
2026-05-16,3,Senorita,2soma,7,3,4
2026-05-16,4,Tec-9,Jala Brat & Buba Corelli,4,1,48
2026-05-16,5,Intercontinental,Relja,3,1,8
2026-05-16,6,Za Moje Kuckice,2soma,12,6,6
2026-05-16,7,Sexdrive,Jala Brat & Buba Corelli,9,2,66
2026-05-16,8,Violet,Cunami Flo,2,2,4
2026-05-16,9,Plantaza,Seksi,6,6,2
2026-05-16,10,Roze Suze,Jala Brat & Buba Corelli,5,2,47
2026-05-16,11,Toronto,Jala Brat & Buba Corelli,10,3,46
2026-05-16,12,Blokada,Jala Brat & Buba Corelli,11,2,47
2026-05-16,13,Babylon,Jala Brat & Buba Corelli,13,6,46
2026-05-16,14,Beauty And A Beat,Justin Bieber Featuring Nicki Minaj,8,4,4
2026-05-16,15,Bez Koda,Jala Brat & Buba Corelli,16,1,81
2026-05-16,16,Bimmer,Jala Brat & Buba Corelli,14,8,45
2026-05-16,17,Hokage,Bandra,21,4,5
2026-05-16,18,Opasno,Buba Corelli,20,9,32
2026-05-16,19,Blaka Blaka,Jala Brat & Buba Corelli Featuring Elena,25,1,71
2026-05-16,20,Dracula,Tame Impala & JENNIE,17,5,9
2026-05-16,21,MDMA,Nikolija & Biba,19,1,35
2026-05-16,22,1001 Noc,Colonia,-,4,10
2026-05-16,23,Sante,Grse & Miach,-,1,10
2026-05-16,24,Terca Na Tisinu,Silente,18,1,26
2026-05-16,25,Nevolja,Dara,-,25,1
2026-05-23,1,Topovska,Buba Corelli,1,1,4
2026-05-23,2,Ajkula,Jala Brat,2,2,2
2026-05-23,3,Roze Suze,Jala Brat & Buba Corelli,10,2,48
2026-05-23,4,Tec-9,Jala Brat & Buba Corelli,4,1,49
2026-05-23,5,Intercontinental,Relja,5,1,9
2026-05-23,6,Sexdrive,Jala Brat & Buba Corelli,7,2,67
2026-05-23,7,Toronto,Jala Brat & Buba Corelli,11,3,47
2026-05-23,8,Blokada,Jala Brat & Buba Corelli,12,2,48
2026-05-23,9,Senorita,2soma,3,3,5
2026-05-23,10,Babylon,Jala Brat & Buba Corelli,13,6,47
2026-05-23,11,Plantaza,Seksi,9,6,3
2026-05-23,12,Blaka Blaka,Jala Brat & Buba Corelli Featuring Elena,19,1,72
2026-05-23,13,Bez Koda,Jala Brat & Buba Corelli,15,1,82
2026-05-23,14,Za Moje Kuckice,2soma,6,6,7
2026-05-23,15,Violet,Cunami Flo,8,2,5
2026-05-23,16,Opasno,Buba Corelli,18,9,33
2026-05-23,17,Kehlani,Jala Brat & Buba Corelli,-,5,28
2026-05-23,18,Bimmer,Jala Brat & Buba Corelli,16,8,46
2026-05-23,19,Balenciaga,Buba Corelli,-,16,16
2026-05-23,20,Klinka,Jala Brat & Buba Corelli,-,20,1
2026-05-23,21,Military,Jala Brat & Buba Corelli,-,4,24
2026-05-23,22,Beauty And A Beat,Justin Bieber Featuring Nicki Minaj,14,4,5
2026-05-23,23,MDMA,Nikolija & Biba,21,1,36
2026-05-23,24,Dracula,Tame Impala & JENNIE,20,5,10
2026-05-23,25,Gluh I Nijem,Buba Corelli,-,12,21
2026-05-30,1,Topovska,Buba Corelli,1,1,5
2026-05-30,2,Ajkula,Jala Brat,2,2,3
2026-05-30,3,Bangaranga,Dara,-,3,1
2026-05-30,4,Tec-9,Jala Brat & Buba Corelli,4,1,50
2026-05-30,5,Senorita,2soma,9,3,6
2026-05-30,6,Roze Suze,Jala Brat & Buba Corelli,3,2,49
2026-05-30,7,Za Moje Kuckice,2soma,14,6,8
2026-05-30,8,Sexdrive,Jala Brat & Buba Corelli,6,2,68
2026-05-30,9,Intercontinental,Relja,5,1,10
2026-05-30,10,Blokada,Jala Brat & Buba Corelli,8,2,49
2026-05-30,11,Babylon,Jala Brat & Buba Corelli,10,6,48
2026-05-30,12,Andromeda,LELEK,-,12,2
2026-05-30,13,Bonita,Tea Tairovic,-,13,1
2026-05-30,14,Violet,Cunami Flo,15,2,6
2026-05-30,15,Plantaza,Seksi,11,6,4
2026-05-30,16,Toronto,Jala Brat & Buba Corelli,7,3,48
2026-05-30,17,Opasno,Buba Corelli,16,9,34
2026-05-30,18,Bez Koda,Jala Brat & Buba Corelli,13,1,83
2026-05-30,19,Blaka Blaka,Jala Brat & Buba Corelli Featuring Elena,12,1,73
2026-05-30,20,Bimmer,Jala Brat & Buba Corelli,18,8,47
2026-05-30,21,National Treasures,Drake,-,21,1
2026-05-30,22,Dracula,Tame Impala & JENNIE,24,5,11
2026-05-30,23,Janice STFU,Drake,-,23,1
2026-05-30,24,Balenciaga,Buba Corelli,19,16,17
2026-05-30,25,Terca Na Tisinu,Silente,-,1,27
2026-06-06,1,Bass & Rave,Jala Brat & Buba Corelli,-,1,1
2026-06-06,2,Topovska,Buba Corelli,1,1,6
2026-06-06,3,Godzilla,Jala Brat & Buba Corelli,-,3,1
2026-06-06,4,Mufasa,Jala Brat & Buba Corelli Featuring Rasta,-,4,1
2026-06-06,5,Macje Oci,Jala Brat & Buba Corelli,-,5,1
2026-06-06,6,Ajkula,Jala Brat,2,2,4
2026-06-06,7,Vampiri,Jala Brat & Buba Corelli,-,7,1
2026-06-06,8,Chimaev,Jala Brat & Buba Corelli,-,8,1
2026-06-06,9,Revansh,Jala Brat & Buba Corelli,-,9,1
2026-06-06,10,Zaronim,Jala Brat & Buba Corelli,-,10,1
2026-06-06,11,Dve Barbike,Nucci,-,11,1
2026-06-06,12,Tec-9,Jala Brat & Buba Corelli,4,1,51
2026-06-06,13,Roze Suze,Jala Brat & Buba Corelli,6,2,50
2026-06-06,14,Bonita,Tea Tairovic,13,13,2
2026-06-06,15,Senorita,2soma,5,3,7
2026-06-06,16,Loro Piana,Nucci,-,16,1
2026-06-06,17,Blokada,Jala Brat & Buba Corelli,10,2,50
2026-06-06,18,Za Moje Kuckice,2soma,7,6,9
2026-06-06,19,Contrasmerom,Nucci,-,19,1
2026-06-06,20,Intercontinental,Relja,9,1,11
2026-06-06,21,Sexdrive,Jala Brat & Buba Corelli,8,2,69
2026-06-06,22,Amiri,Nucci,-,22,1
2026-06-06,23,Toronto,Jala Brat & Buba Corelli,16,3,49
2026-06-06,24,Babylon,Jala Brat & Buba Corelli,11,6,49
2026-06-06,25,Leverkusen,Nucci,-,25,1
2026-06-13,1,Bass & Rave,Jala Brat & Buba Corelli,1,1,2
2026-06-13,2,Godzilla,Jala Brat & Buba Corelli,3,2,2
2026-06-13,3,Topovska,Buba Corelli,2,1,7
2026-06-13,4,Mufasa,Jala Brat & Buba Corelli Featuring Rasta,4,4,2
2026-06-13,5,Macje Oci,Jala Brat & Buba Corelli,5,5,2
2026-06-13,6,Vampiri,Jala Brat & Buba Corelli,7,6,2
2026-06-13,7,Chimaev,Jala Brat & Buba Corelli,8,7,2
2026-06-13,8,Ajkula,Jala Brat,6,2,5
2026-06-13,9,Revansh,Jala Brat & Buba Corelli,9,9,2
2026-06-13,10,Zaronim,Jala Brat & Buba Corelli,10,10,2
2026-06-13,11,Dve Barbike,Nucci,11,11,2
2026-06-13,12,Sjela Baba U Balon,Ava Illusions,-,12,1
2026-06-13,13,Senorita,2soma,15,3,8
2026-06-13,14,Loro Piana,Nucci,16,14,2
2026-06-13,15,Tec-9,Jala Brat & Buba Corelli,12,1,52
2026-06-13,16,Amiri,Nucci,22,16,2
2026-06-13,17,Bonita,Tea Tairovic,14,13,3
2026-06-13,18,Roze Suze,Jala Brat & Buba Corelli,13,2,51
2026-06-13,19,Contrasmerom,Nucci,19,19,2
2026-06-13,20,Za Moje Kuckice,2soma,18,6,10
2026-06-13,21,Intercontinental,Relja,20,1,12
2026-06-13,22,Sexdrive,Jala Brat & Buba Corelli,21,2,70
2026-06-13,23,Blokada,Jala Brat & Buba Corelli,17,2,51
2026-06-13,24,Plantaza,Seksi,-,6,5
2026-06-13,25,Babylon,Jala Brat & Buba Corelli,24,6,50
2026-06-20,1,Bass & Rave,Jala Brat & Buba Corelli,1,1,3
2026-06-20,2,Topovska,Buba Corelli,3,1,8
2026-06-20,3,Godzilla,Jala Brat & Buba Corelli,2,2,3
2026-06-20,4,Mufasa,Jala Brat & Buba Corelli Featuring Rasta,4,4,3
2026-06-20,5,Macje Oci,Jala Brat & Buba Corelli,5,5,3
2026-06-20,6,Vampiri,Jala Brat & Buba Corelli,6,6,3
2026-06-20,7,Ajkula,Jala Brat,8,2,6
2026-06-20,8,Revansh,Jala Brat & Buba Corelli,9,8,3
2026-06-20,9,Chimaev,Jala Brat & Buba Corelli,7,7,3
2026-06-20,10,Zaronim,Jala Brat & Buba Corelli,10,10,3
2026-06-20,11,Cockta & Rum,2soma,-,11,1
2026-06-20,12,Senorita,2soma,13,3,9
2026-06-20,13,Tec-9,Jala Brat & Buba Corelli,15,1,53
2026-06-20,14,Sexdrive,Jala Brat & Buba Corelli,22,2,71
2026-06-20,15,Dve Barbike,Nucci,11,11,3
2026-06-20,16,Babylon,Jala Brat & Buba Corelli,25,6,51
2026-06-20,17,Roze Suze,Jala Brat & Buba Corelli,18,2,52
2026-06-20,18,Loro Piana,Nucci,14,14,3
2026-06-20,19,Blokada,Jala Brat & Buba Corelli,23,2,52
2026-06-20,20,Za Moje Kuckice,2soma,20,6,11
2026-06-20,21,Intercontinental,Relja,21,1,13
2026-06-20,22,Plantaza,Seksi,24,6,6
2026-06-20,23,Toronto,Jala Brat & Buba Corelli,-,3,50
2026-06-20,24,Bonita,Tea Tairovic,17,13,4
2026-06-20,25,On The Floor,Jennifer Lopez Featuring Pitbull,-,25,1
2026-06-27,1,Bass & Rave,Jala Brat & Buba Corelli,1,1,4
2026-06-27,2,Topovska,Buba Corelli,2,1,9
2026-06-27,3,Godzilla,Jala Brat & Buba Corelli,3,2,4
2026-06-27,4,Mufasa,Jala Brat & Buba Corelli Featuring Rasta,4,4,4
2026-06-27,5,Raj,Jakov Jozinovic,-,5,1
2026-06-27,6,Macje Oci,Jala Brat & Buba Corelli,5,5,4
2026-06-27,7,Ajkula,Jala Brat,7,2,7
2026-06-27,8,Neces Spavati,Jakov Jozinovic,-,8,1
2026-06-27,9,Vampiri,Jala Brat & Buba Corelli,6,6,4
2026-06-27,10,Revansh,Jala Brat & Buba Corelli,8,8,4
2026-06-27,11,Chimaev,Jala Brat & Buba Corelli,9,7,4
2026-06-27,12,Meri,Jakov Jozinovic,-,12,1
2026-06-27,13,Na Mjestu Mom,Jakov Jozinovic,-,13,1
2026-06-27,14,Voljela Bi To,Jakov Jozinovic,-,14,1
2026-06-27,15,Ja Za Cuda Letim,Jakov Jozinovic,-,15,1
2026-06-27,16,4 Laste,Jakov Jozinovic,-,16,1
2026-06-27,17,Zaronim,Jala Brat & Buba Corelli,10,10,4
2026-06-27,18,Stol Za Dvoje,Jakov Jozinovic,-,18,1
2026-06-27,19,Cockta & Rum,2soma,11,11,2
2026-06-27,20,Ja Volim,Jakov Jozinovic,-,1,12
2026-06-27,21,Tec-9,Jala Brat & Buba Corelli,13,1,54
2026-06-27,22,Senorita,2soma,12,3,10
2026-06-27,23,100K,Biba Featuring Dorde,-,23,1
2026-06-27,24,Roze Suze,Jala Brat & Buba Corelli,17,2,53
2026-06-27,25,Sexdrive,Jala Brat & Buba Corelli,14,2,72
2026-07-04,1,Raj,Jakov Jozinovic,5,1,2
2026-07-04,2,Topovska,Buba Corelli,2,1,10
2026-07-04,3,Neces Spavati,Jakov Jozinovic,8,3,2
2026-07-04,4,Bass & Rave,Jala Brat & Buba Corelli,1,1,5
2026-07-04,5,Meri,Jakov Jozinovic,12,5,2
2026-07-04,6,Godzilla,Jala Brat & Buba Corelli,3,2,5
2026-07-04,7,4 Laste,Jakov Jozinovic,16,7,2
2026-07-04,8,Na Mjestu Mom,Jakov Jozinovic,13,8,2
2026-07-04,9,Macje Oci,Jala Brat & Buba Corelli,6,5,5
2026-07-04,10,Voljela Bi To,Jakov Jozinovic,14,10,2
2026-07-04,11,Ja Za Cuda Letim,Jakov Jozinovic,15,11,2
2026-07-04,12,Mufasa,Jala Brat & Buba Corelli Featuring Rasta,4,4,5
2026-07-04,13,Ajkula,Jala Brat,7,2,8
2026-07-04,14,Vampiri,Jala Brat & Buba Corelli,9,6,5
2026-07-04,15,Ja Volim,Jakov Jozinovic,20,1,13
2026-07-04,16,Revansh,Jala Brat & Buba Corelli,10,8,5
2026-07-04,17,Stol Za Dvoje,Jakov Jozinovic,18,17,2
2026-07-04,18,Chimaev,Jala Brat & Buba Corelli,11,7,5
2026-07-04,19,Polje Ruza,Jakov Jozinovic,-,1,7
2026-07-04,20,TYLA,Biba & Coby,-,20,1
2026-07-04,21,Zaronim,Jala Brat & Buba Corelli,17,10,5
2026-07-04,22,Tec-9,Jala Brat & Buba Corelli,21,1,55
2026-07-04,23,Macho Man,Aleksandra Prijovic Featuring Deja Petrovick,-,23,1
2026-07-04,24,Cockta & Rum,2soma,19,11,3
2026-07-04,25,RocknRolla,Devito,-,25,1
2026-07-11,1,Topovska,Buba Corelli,2,1,11
2026-07-11,2,Malo Sutra,Popovska X 2soma,-,2,1
2026-07-11,3,Bass & Rave,Jala Brat & Buba Corelli,4,1,6
2026-07-11,4,Raj,Jakov Jozinovic,1,1,3
2026-07-11,5,Godzilla,Jala Brat & Buba Corelli,6,2,6
2026-07-11,6,RocknRolla,Devito,25,6,2
2026-07-11,7,Mufasa,Jala Brat & Buba Corelli Featuring Rasta,12,4,6
2026-07-11,8,Neces Spavati,Jakov Jozinovic,3,3,3
2026-07-11,9,Macje Oci,Jala Brat & Buba Corelli,9,5,6
2026-07-11,10,Ajkula,Jala Brat,13,2,9
2026-07-11,11,Vampiri,Jala Brat & Buba Corelli,14,6,6
2026-07-11,12,Meri,Jakov Jozinovic,5,5,3
2026-07-11,13,Revansh,Jala Brat & Buba Corelli,16,8,6
2026-07-11,14,Chimaev,Jala Brat & Buba Corelli,18,7,6
2026-07-11,15,4 Laste,Jakov Jozinovic,7,7,3
2026-07-11,16,Ja Za Cuda Letim,Jakov Jozinovic,11,11,3
2026-07-11,17,Na Mjestu Mom,Jakov Jozinovic,8,8,3
2026-07-11,18,Macho Man,Aleksandra Prijovic Featuring Deja Petrovick,23,18,2
2026-07-11,19,Tec-9,Jala Brat & Buba Corelli,22,1,56
2026-07-11,20,Cockta & Rum,2soma,24,11,4
2026-07-11,21,TYLA,Biba & Coby,20,20,2
2026-07-11,22,Voljela Bi To,Jakov Jozinovic,10,10,3
2026-07-11,23,Zaronim,Jala Brat & Buba Corelli,21,10,6
2026-07-11,24,Senorita,2soma,-,3,11
2026-07-11,25,Ja Volim,Jakov Jozinovic,15,1,14
2026-07-18,1,Bass & Rave,Jala Brat & Buba Corelli,3,1,7
2026-07-18,2,Topovska,Buba Corelli,1,1,12
2026-07-18,3,Malo Sutra,Popovska X 2soma,2,2,2
2026-07-18,4,RocknRolla,Devito,6,4,3
2026-07-18,5,Godzilla,Jala Brat & Buba Corelli,5,2,7
2026-07-18,6,Macje Oci,Jala Brat & Buba Corelli,9,5,7
2026-07-18,7,Mufasa,Jala Brat & Buba Corelli Featuring Rasta,7,4,7
2026-07-18,8,Vampiri,Jala Brat & Buba Corelli,11,6,7
2026-07-18,9,Ajkula,Jala Brat,10,2,10
2026-07-18,10,Revansh,Jala Brat & Buba Corelli,13,8,7
2026-07-18,11,Raj,Jakov Jozinovic,4,1,4
2026-07-18,12,Chimaev,Jala Brat & Buba Corelli,14,7,7
2026-07-18,13,Neces Spavati,Jakov Jozinovic,8,3,4
2026-07-18,14,Macho Man,Aleksandra Prijovic Featuring Deja Petrovick,18,14,3
2026-07-18,15,Cockta & Rum,2soma,20,11,5
2026-07-18,16,Meri,Jakov Jozinovic,12,5,4
2026-07-18,17,Zaronim,Jala Brat & Buba Corelli,23,10,7
2026-07-18,18,Roze Suze,Jala Brat & Buba Corelli,-,2,54
2026-07-18,19,Tec-9,Jala Brat & Buba Corelli,19,1,57
2026-07-18,20,TYLA,Biba & Coby,21,20,3
2026-07-18,21,4 Laste,Jakov Jozinovic,15,7,4
2026-07-18,22,Senorita,2soma,24,3,12
2026-07-18,23,Na Mjestu Mom,Jakov Jozinovic,17,8,4
2026-07-18,24,Alo Mala,BakaPrase x Mihajlo Madic,-,24,1
2026-07-18,25,Loro Piana,Nucci,-,14,4
2026-07-25,1,RocknRolla,Devito,4,1,4
2026-07-25,2,Bass & Rave,Jala Brat & Buba Corelli,1,1,8
2026-07-25,3,Topovska,Buba Corelli,2,1,13
2026-07-25,4,Malo Sutra,Popovska X 2soma,3,2,3
2026-07-25,5,Godzilla,Jala Brat & Buba Corelli,5,2,8
2026-07-25,6,Mufasa,Jala Brat & Buba Corelli Featuring Rasta,7,4,8
2026-07-25,7,Macje Oci,Jala Brat & Buba Corelli,6,5,8
2026-07-25,8,Ajkula,Jala Brat,9,2,11
2026-07-25,9,Vampiri,Jala Brat & Buba Corelli,8,6,8
2026-07-25,10,Revansh,Jala Brat & Buba Corelli,10,8,8
2026-07-25,11,Macho Man,Aleksandra Prijovic Featuring Deja Petrovick,14,11,4
2026-07-25,12,Chimaev,Jala Brat & Buba Corelli,12,7,8
2026-07-25,13,Raj,Jakov Jozinovic,11,1,5
2026-07-25,14,Neces Spavati,Jakov Jozinovic,13,3,5
2026-07-25,15,Cockta & Rum,2soma,15,11,6
2026-07-25,16,Zaronim,Jala Brat & Buba Corelli,17,10,8
2026-07-25,17,Tec-9,Jala Brat & Buba Corelli,19,1,58
2026-07-25,18,Meri,Jakov Jozinovic,16,5,5
2026-07-25,19,Senorita,2soma,22,3,13
2026-07-25,20,Loro Piana,Nucci,25,14,5
2026-07-25,21,Roze Suze,Jala Brat & Buba Corelli,18,2,55
2026-07-25,22,Talk To You,ANOTR Featuring 54 Ultra,-,22,1
2026-07-25,23,On The Floor,Jennifer Lopez Featuring Pitbull,-,23,2
2026-07-25,24,Blokada,Jala Brat & Buba Corelli,-,2,53
2026-07-25,25,Sexdrive,Jala Brat & Buba Corelli,-,2,73
2026-08-01,1,RocknRolla,Devito,1,1,5
2026-08-01,2,Bass & Rave,Jala Brat & Buba Corelli,2,1,9
2026-08-01,3,Topovska,Buba Corelli,3,1,14
2026-08-01,4,Godzilla,Jala Brat & Buba Corelli,5,2,9
2026-08-01,5,Malo Sutra,Popovska X 2soma,4,2,4
2026-08-01,6,Macje Oci,Jala Brat & Buba Corelli,7,5,9
2026-08-01,7,Mufasa,Jala Brat & Buba Corelli Featuring Rasta,6,4,9
2026-08-01,8,Vampiri,Jala Brat & Buba Corelli,9,6,9
2026-08-01,9,Ajkula,Jala Brat,8,2,12
2026-08-01,10,Revansh,Jala Brat & Buba Corelli,10,8,9
2026-08-01,11,Macho Man,Aleksandra Prijovic Featuring Deja Petrovick,11,11,5
2026-08-01,12,Chimaev,Jala Brat & Buba Corelli,12,7,9
2026-08-01,13,Raj,Jakov Jozinovic,13,1,6
2026-08-01,14,Dai Dai (FIFA World Cup Official Song 2026),Shakira X Burna Boy,-,14,1
2026-08-01,15,Neces Spavati,Jakov Jozinovic,14,3,6
2026-08-01,16,Tec-9,Jala Brat & Buba Corelli,17,1,59
2026-08-01,17,Cockta & Rum,2soma,15,11,7
2026-08-01,18,Zaronim,Jala Brat & Buba Corelli,16,10,9
2026-08-01,19,Roze Suze,Jala Brat & Buba Corelli,21,2,56
2026-08-01,20,On The Floor,Jennifer Lopez Featuring Pitbull,23,20,3
2026-08-01,21,Talk To You,ANOTR Featuring 54 Ultra,22,21,2
2026-08-01,22,Meri,Jakov Jozinovic,18,5,6
2026-08-01,23,Senorita,2soma,19,3,14
2026-08-01,24,Sexdrive,Jala Brat & Buba Corelli,25,2,74
2026-08-01,25,Babylon,Jala Brat & Buba Corelli,-,6,52
2026-08-08,1,RocknRolla,Devito,1,1,6
2026-08-08,2,Bass & Rave,Jala Brat & Buba Corelli,2,1,10
2026-08-08,3,Topovska,Buba Corelli,3,1,15
2026-08-08,4,Godzilla,Jala Brat & Buba Corelli,4,2,10
2026-08-08,5,Macje Oci,Jala Brat & Buba Corelli,6,5,10
2026-08-08,6,Malo Sutra,Popovska X 2soma,5,2,5
2026-08-08,7,Mufasa,Jala Brat & Buba Corelli Featuring Rasta,7,4,10
2026-08-08,8,Macho Man,Aleksandra Prijovic Featuring Deja Petrovick,11,8,6
2026-08-08,9,Vampiri,Jala Brat & Buba Corelli,8,6,10
2026-08-08,10,Ajkula,Jala Brat,9,2,13
2026-08-08,11,Revansh,Jala Brat & Buba Corelli,10,8,10
2026-08-08,12,Chimaev,Jala Brat & Buba Corelli,12,7,10
2026-08-08,13,Dai Dai (FIFA World Cup Official Song 2026),Shakira X Burna Boy,14,13,2
2026-08-08,14,Tec-9,Jala Brat & Buba Corelli,16,1,60
2026-08-08,15,Raj,Jakov Jozinovic,13,1,7
2026-08-08,16,Rio,Grse,-,16,1
2026-08-08,17,Roze Suze,Jala Brat & Buba Corelli,19,2,57
2026-08-08,18,Neces Spavati,Jakov Jozinovic,15,3,7
2026-08-08,19,Talk To You,ANOTR Featuring 54 Ultra,21,19,3
2026-08-08,20,Sexdrive,Jala Brat & Buba Corelli,24,2,75
2026-08-08,21,Cockta & Rum,2soma,17,11,8
2026-08-08,22,Zaronim,Jala Brat & Buba Corelli,18,10,10
2026-08-08,23,Pismo Moja,Oliver Dragojevic,-,23,1
2026-08-08,24,Senorita,2soma,23,3,15
2026-08-08,25,Loro Piana,Nucci,-,14,6
2026-08-15,1,RocknRolla,Devito,1,1,7
2026-08-15,2,Bass & Rave,Jala Brat & Buba Corelli,2,1,11
2026-08-15,3,Topovska,Buba Corelli,3,1,16
2026-08-15,4,Macho Man,Aleksandra Prijovic Featuring Deja Petrovick,8,4,7
2026-08-15,5,Godzilla,Jala Brat & Buba Corelli,4,2,11
2026-08-15,6,Malo Sutra,Popovska X 2soma,6,2,6
2026-08-15,7,Macje Oci,Jala Brat & Buba Corelli,5,5,11
2026-08-15,8,Mufasa,Jala Brat & Buba Corelli Featuring Rasta,7,4,11
2026-08-15,9,Vampiri,Jala Brat & Buba Corelli,9,6,11
2026-08-15,10,Revansh,Jala Brat & Buba Corelli,11,8,11
2026-08-15,11,Ajkula,Jala Brat,10,2,14
2026-08-15,12,Rio,Grse,16,12,2
2026-08-15,13,Chimaev,Jala Brat & Buba Corelli,12,7,11
2026-08-15,14,Tec-9,Jala Brat & Buba Corelli,14,1,61
2026-08-15,15,Raj,Jakov Jozinovic,15,1,8
2026-08-15,16,Roze Suze,Jala Brat & Buba Corelli,17,2,58
2026-08-15,17,Dai Dai (FIFA World Cup Official Song 2026),Shakira X Burna Boy,13,13,3
2026-08-15,18,Pismo Moja,Oliver Dragojevic,23,18,2
2026-08-15,19,Loro Piana,Nucci,25,14,7
2026-08-15,20,TYLA,Biba & Coby,-,20,4
2026-08-15,21,Dve Barbike,Nucci,-,11,4
2026-08-15,22,Talk To You,ANOTR Featuring 54 Ultra,19,19,4
2026-08-15,23,Neces Spavati,Jakov Jozinovic,18,3,8
2026-08-15,24,Zaronim,Jala Brat & Buba Corelli,22,10,11
2026-08-15,25,Sexdrive,Jala Brat & Buba Corelli,20,2,76
