Date,Rank,Song,Artist,Last Week,Peak Position,Weeks on Chart
2022-02-19,1,Half A Man,Dean Lewis,-,1,1
2022-02-19,2,Stor Mand,Tobias Rahim X andreas odbjerg,-,2,1
2022-02-19,3,Kender Ik' I Morgen,Gilli,-,3,1
2022-02-19,4,From Paris To Berlin,"Infernal, Branco X Jimilian",-,4,1
2022-02-19,5,Har Det Fucking Godt,Jimilian,-,5,1
2022-02-19,6,Under Din Sne,The Minds Of 99,-,6,1
2022-02-19,7,Peligrosa,Gilli,-,7,1
2022-02-19,8,Baiana,Gilli,-,8,1
2022-02-19,9,Miami Vicer,Gilli,-,9,1
2022-02-19,10,Shivers,Ed Sheeran,-,10,1
2022-02-19,11,Sus,Gobs X Ricky Rich,-,11,1
2022-02-19,12,Stable,"Carmon, Artigeardit & Lamin",-,12,1
2022-02-19,13,Where Are You Now,Lost Frequencies & Calum Scott,-,13,1
2022-02-19,14,Cold Heart (PNAU Remix),Elton John & Dua Lipa,-,14,1
2022-02-19,15,Easy On Me,Adele,-,15,1
2022-02-19,16,Stay,The Kid Laroi & Justin Bieber,-,16,1
2022-02-19,17,abcdefu,GAYLE,-,17,1
2022-02-19,18,Heat Waves,Glass Animals,-,18,1
2022-02-19,19,Ibiza,"Benny Jamz, Gilli & Kesi Featuring B.O.C.",-,19,1
2022-02-19,20,Bad Habits,Ed Sheeran,-,20,1
2022-02-19,21,The Motto,Tiesto & Ava Max,-,21,1
2022-02-19,22,Fingers Crossed,Lauren Spencer Smith,-,22,1
2022-02-19,23,She's All I Wanna Be,Tate McRae,-,23,1
2022-02-19,24,Enemy,Imagine Dragons X JID,-,24,1
2022-02-19,25,Light Switch,Charlie Puth,-,25,1
2022-02-26,1,Stor Mand,Tobias Rahim X andreas odbjerg,2,1,2
2022-02-26,2,Half A Man,Dean Lewis,1,1,2
2022-02-26,3,Kender Ik' I Morgen,Gilli,3,3,2
2022-02-26,4,Mucki Bar,Tobias Rahim,-,4,1
2022-02-26,5,Hensigt,Artigeardit,-,5,1
2022-02-26,6,Har Det Fucking Godt,Jimilian,5,5,2
2022-02-26,7,From Paris To Berlin,"Infernal, Branco X Jimilian",4,4,2
2022-02-26,8,Under Din Sne,The Minds Of 99,6,6,2
2022-02-26,9,Peligrosa,Gilli,7,7,2
2022-02-26,10,Shivers,Ed Sheeran,10,10,2
2022-02-26,11,Where Are You Now,Lost Frequencies & Calum Scott,13,11,2
2022-02-26,12,Miami Vicer,Gilli,9,9,2
2022-02-26,13,Baiana,Gilli,8,8,2
2022-02-26,14,Cold Heart (PNAU Remix),Elton John & Dua Lipa,14,14,2
2022-02-26,15,Ghost Town,Benson Boone,-,15,1
2022-02-26,16,Easy On Me,Adele,15,15,2
2022-02-26,17,Heat Waves,Glass Animals,18,17,2
2022-02-26,18,abcdefu,GAYLE,17,17,2
2022-02-26,19,The Motto,Tiesto & Ava Max,21,19,2
2022-02-26,20,Stay,The Kid Laroi & Justin Bieber,16,16,2
2022-02-26,21,Hvad For Noget,Miklo,-,21,1
2022-02-26,22,Ibiza,"Benny Jamz, Gilli & Kesi Featuring B.O.C.",19,19,2
2022-02-26,23,Sus,Gobs X Ricky Rich,11,11,2
2022-02-26,24,Bad Habits,Ed Sheeran,20,20,2
2022-02-26,25,Budapest,Lasse Skriver,-,25,1
2022-03-05,1,Stor Mand,Tobias Rahim X andreas odbjerg,1,1,3
2022-03-05,2,Mucki Bar,Tobias Rahim,4,2,2
2022-03-05,3,Kender Ik' I Morgen,Gilli,3,3,3
2022-03-05,4,Half A Man,Dean Lewis,2,1,3
2022-03-05,5,Under Din Sne,The Minds Of 99,8,5,3
2022-03-05,6,From Paris To Berlin,"Infernal, Branco X Jimilian",7,4,3
2022-03-05,7,Har Det Fucking Godt,Jimilian,6,5,3
2022-03-05,8,Where Are You Now,Lost Frequencies & Calum Scott,11,8,3
2022-03-05,9,Hvad For Noget,Miklo,21,9,2
2022-03-05,10,Shivers,Ed Sheeran,10,10,3
2022-03-05,11,Sus,Gobs X Ricky Rich,23,11,3
2022-03-05,12,Miami Vicer,Gilli,12,9,3
2022-03-05,13,Hensigt,Artigeardit,5,5,2
2022-03-05,14,Cold Heart (PNAU Remix),Elton John & Dua Lipa,14,14,3
2022-03-05,15,Budapest,Lasse Skriver,25,15,2
2022-03-05,16,Bad Habits,Ed Sheeran,24,16,3
2022-03-05,17,Peligrosa,Gilli,9,7,3
2022-03-05,18,Rambo,Gobs Featuring Branco,-,18,1
2022-03-05,19,Ghost Town,Benson Boone,15,15,2
2022-03-05,20,High Fashion,Gobs,-,20,1
2022-03-05,21,Baiana,Gilli,13,8,3
2022-03-05,22,Heat Waves,Glass Animals,17,17,3
2022-03-05,23,Easy On Me,Adele,16,15,3
2022-03-05,24,Stay,The Kid Laroi & Justin Bieber,20,16,3
2022-03-05,25,abcdefu,GAYLE,18,17,3
2022-03-12,1,Mucki Bar,Tobias Rahim,2,1,3
2022-03-12,2,Stor Mand,Tobias Rahim X andreas odbjerg,1,1,4
2022-03-12,3,Kender Ik' I Morgen,Gilli,3,3,4
2022-03-12,4,Half A Man,Dean Lewis,4,1,4
2022-03-12,5,Under Din Sne,The Minds Of 99,5,5,4
2022-03-12,6,From Paris To Berlin,"Infernal, Branco X Jimilian",6,4,4
2022-03-12,7,Har Det Fucking Godt,Jimilian,7,5,4
2022-03-12,8,Miami Vicer,Gilli,12,8,4
2022-03-12,9,When I R.I.P.,Labrinth,-,9,1
2022-03-12,10,Hvad For Noget,Miklo,9,9,3
2022-03-12,11,Shivers,Ed Sheeran,10,10,4
2022-03-12,12,Budapest,Lasse Skriver,15,12,3
2022-03-12,13,Hensigt,Artigeardit,13,5,3
2022-03-12,14,Cold Heart (PNAU Remix),Elton John & Dua Lipa,14,14,4
2022-03-12,15,Where Are You Now,Lost Frequencies & Calum Scott,8,8,4
2022-03-12,16,She's All I Wanna Be,Tate McRae,-,16,2
2022-03-12,17,Peligrosa,Gilli,17,7,4
2022-03-12,18,Bad Habits,Ed Sheeran,16,16,4
2022-03-12,19,Heat Waves,Glass Animals,22,17,4
2022-03-12,20,Ibiza,"Benny Jamz, Gilli & Kesi Featuring B.O.C.",-,19,3
2022-03-12,21,Ghost Town,Benson Boone,19,15,3
2022-03-12,22,Stay,The Kid Laroi & Justin Bieber,24,16,4
2022-03-12,23,Baiana,Gilli,21,8,4
2022-03-12,24,abcdefu,GAYLE,25,17,4
2022-03-12,25,The Motto,Tiesto & Ava Max,-,19,3
2022-03-19,1,Mucki Bar,Tobias Rahim,1,1,4
2022-03-19,2,Stor Mand,Tobias Rahim X andreas odbjerg,2,1,5
2022-03-19,3,Kender Ik' I Morgen,Gilli,3,3,5
2022-03-19,4,Half A Man,Dean Lewis,4,1,5
2022-03-19,5,Under Din Sne,The Minds Of 99,5,5,5
2022-03-19,6,When I R.I.P.,Labrinth,9,6,2
2022-03-19,7,Europa Life,Benny Jamz & Gilli,-,7,1
2022-03-19,8,Hjem Fra Fabrikken,andreas odbjerg,-,8,1
2022-03-19,9,From Paris To Berlin,"Infernal, Branco X Jimilian",6,4,5
2022-03-19,10,TREND,Branco,-,10,1
2022-03-19,11,Miami Vicer,Gilli,8,8,5
2022-03-19,12,Har Det Fucking Godt,Jimilian,7,5,5
2022-03-19,13,Shivers,Ed Sheeran,11,10,5
2022-03-19,14,Hvad For Noget,Miklo,10,9,4
2022-03-19,15,Budapest,Lasse Skriver,12,12,4
2022-03-19,16,Cold Heart (PNAU Remix),Elton John & Dua Lipa,14,14,5
2022-03-19,17,Where Are You Now,Lost Frequencies & Calum Scott,15,8,5
2022-03-19,18,Heat Waves,Glass Animals,19,17,5
2022-03-19,19,Hensigt,Artigeardit,13,5,4
2022-03-19,20,Bad Habits,Ed Sheeran,18,16,5
2022-03-19,21,Stay,The Kid Laroi & Justin Bieber,22,16,5
2022-03-19,22,Ibiza,"Benny Jamz, Gilli & Kesi Featuring B.O.C.",20,19,4
2022-03-19,23,I Morgen Er Der Ogsa En Dag,andreas odbjerg,-,23,1
2022-03-19,24,Bam Bam,Camila Cabello Featuring Ed Sheeran,-,24,1
2022-03-19,25,Pepas,Farruko,-,25,1
2022-03-26,1,Mucki Bar,Tobias Rahim,1,1,5
2022-03-26,2,Stor Mand,Tobias Rahim X andreas odbjerg,2,1,6
2022-03-26,3,Kender Ik' I Morgen,Gilli,3,3,6
2022-03-26,4,Under Din Sne,The Minds Of 99,5,4,6
2022-03-26,5,Half A Man,Dean Lewis,4,1,6
2022-03-26,6,Hjem Fra Fabrikken,andreas odbjerg,8,6,2
2022-03-26,7,When I R.I.P.,Labrinth,6,6,3
2022-03-26,8,From Paris To Berlin,"Infernal, Branco X Jimilian",9,4,6
2022-03-26,9,Shivers,Ed Sheeran,13,9,6
2022-03-26,10,Miami Vicer,Gilli,11,8,6
2022-03-26,11,Har Det Fucking Godt,Jimilian,12,5,6
2022-03-26,12,Hensigt,Artigeardit,19,5,5
2022-03-26,13,Where Are You Now,Lost Frequencies & Calum Scott,17,8,6
2022-03-26,14,Heat Waves,Glass Animals,18,14,6
2022-03-26,15,Violence,Sivas Featuring Branco,-,15,1
2022-03-26,16,Bad Habits,Ed Sheeran,20,16,6
2022-03-26,17,Stay,The Kid Laroi & Justin Bieber,21,16,6
2022-03-26,18,Bam Bam,Camila Cabello Featuring Ed Sheeran,24,18,2
2022-03-26,19,Budapest,Lasse Skriver,15,12,5
2022-03-26,20,Cold Heart (PNAU Remix),Elton John & Dua Lipa,16,14,6
2022-03-26,21,Hvad For Noget,Miklo,14,9,5
2022-03-26,22,K O L O,ICEKIID,-,22,1
2022-03-26,23,Ibiza,"Benny Jamz, Gilli & Kesi Featuring B.O.C.",22,19,5
2022-03-26,24,Starlight,Dave,-,24,1
2022-03-26,25,Stable,"Carmon, Artigeardit & Lamin",-,12,2
2022-04-02,1,Mucki Bar,Tobias Rahim,1,1,6
2022-04-02,2,Stor Mand,Tobias Rahim X andreas odbjerg,2,1,7
2022-04-02,3,Kender Ik' I Morgen,Gilli,3,3,7
2022-04-02,4,Steppa' Ind,Branco,-,4,1
2022-04-02,5,Under Din Sne,The Minds Of 99,4,4,7
2022-04-02,6,Half A Man,Dean Lewis,5,1,7
2022-04-02,7,Hjem Fra Fabrikken,andreas odbjerg,6,6,3
2022-04-02,8,From Paris To Berlin,"Infernal, Branco X Jimilian",8,4,7
2022-04-02,9,Miami Vicer,Gilli,10,8,7
2022-04-02,10,Shivers,Ed Sheeran,9,9,7
2022-04-02,11,Starlight,Dave,24,11,2
2022-04-02,12,When I R.I.P.,Labrinth,7,6,4
2022-04-02,13,Where Are You Now,Lost Frequencies & Calum Scott,13,8,7
2022-04-02,14,Heat Waves,Glass Animals,14,14,7
2022-04-02,15,Hensigt,Artigeardit,12,5,6
2022-04-02,16,Har Det Fucking Godt,Jimilian,11,5,7
2022-04-02,17,Bad Habits,Ed Sheeran,16,16,7
2022-04-02,18,Stable,"Carmon, Artigeardit & Lamin",25,12,3
2022-04-02,19,Stay,The Kid Laroi & Justin Bieber,17,16,7
2022-04-02,20,Cold Heart (PNAU Remix),Elton John & Dua Lipa,20,14,7
2022-04-02,21,Bam Bam,Camila Cabello Featuring Ed Sheeran,18,18,3
2022-04-02,22,Ibiza,"Benny Jamz, Gilli & Kesi Featuring B.O.C.",23,19,6
2022-04-02,23,Er Her (Artigeardit X Kesi),Artigeardit x Kesi,-,23,1
2022-04-02,24,The Motto,Tiesto & Ava Max,-,19,4
2022-04-02,25,Pepas,Farruko,-,25,2
2022-04-09,1,Mucki Bar,Tobias Rahim,1,1,7
2022-04-09,2,Stor Mand,Tobias Rahim X andreas odbjerg,2,1,8
2022-04-09,3,Like It,Lasse Skriver,-,3,1
2022-04-09,4,Kender Ik' I Morgen,Gilli,3,3,8
2022-04-09,5,Starlight,Dave,11,5,3
2022-04-09,6,Under Din Sne,The Minds Of 99,5,4,8
2022-04-09,7,Hjem Fra Fabrikken,andreas odbjerg,7,6,4
2022-04-09,8,Half A Man,Dean Lewis,6,1,8
2022-04-09,9,Shivers,Ed Sheeran,10,9,8
2022-04-09,10,Miami Vicer,Gilli,9,8,8
2022-04-09,11,From Paris To Berlin,"Infernal, Branco X Jimilian",8,4,8
2022-04-09,12,Where Are You Now,Lost Frequencies & Calum Scott,13,8,8
2022-04-09,13,Steppa' Ind,Branco,4,4,2
2022-04-09,14,Heat Waves,Glass Animals,14,14,8
2022-04-09,15,Hygge Mygge,RH,-,15,1
2022-04-09,16,Bad Habits,Ed Sheeran,17,16,8
2022-04-09,17,Stay,The Kid Laroi & Justin Bieber,19,16,8
2022-04-09,18,Hensigt,Artigeardit,15,5,7
2022-04-09,19,Stable,"Carmon, Artigeardit & Lamin",18,12,4
2022-04-09,20,Bam Bam,Camila Cabello Featuring Ed Sheeran,21,18,4
2022-04-09,21,Har Det Fucking Godt,Jimilian,16,5,8
2022-04-09,22,Cold Heart (PNAU Remix),Elton John & Dua Lipa,20,14,8
2022-04-09,23,Ibiza,"Benny Jamz, Gilli & Kesi Featuring B.O.C.",22,19,7
2022-04-09,24,Glad U Came,Liilz Featuring ZieZie,-,24,1
2022-04-09,25,The Motto,Tiesto & Ava Max,24,19,5
2022-04-16,1,As It Was,Harry Styles,-,1,1
2022-04-16,2,Mucki Bar,Tobias Rahim,1,1,8
2022-04-16,3,Stor Mand,Tobias Rahim X andreas odbjerg,2,1,9
2022-04-16,4,Kender Ik' I Morgen,Gilli,4,3,9
2022-04-16,5,Like It,Lasse Skriver,3,3,2
2022-04-16,6,Under Din Sne,The Minds Of 99,6,4,9
2022-04-16,7,Starlight,Dave,5,5,4
2022-04-16,8,Hjem Fra Fabrikken,andreas odbjerg,7,6,5
2022-04-16,9,Half A Man,Dean Lewis,8,1,9
2022-04-16,10,When You're Gone,Shawn Mendes,-,10,1
2022-04-16,11,Miami Vicer,Gilli,10,8,9
2022-04-16,12,Bam Bam,Camila Cabello Featuring Ed Sheeran,20,12,5
2022-04-16,13,Heat Waves,Glass Animals,14,13,9
2022-04-16,14,Where Are You Now,Lost Frequencies & Calum Scott,12,8,9
2022-04-16,15,Shivers,Ed Sheeran,9,9,9
2022-04-16,16,In My Head,Lil Tjay,-,16,1
2022-04-16,17,From Paris To Berlin,"Infernal, Branco X Jimilian",11,4,9
2022-04-16,18,Bad Habits,Ed Sheeran,16,16,9
2022-04-16,19,Stay,The Kid Laroi & Justin Bieber,17,16,9
2022-04-16,20,Cold Heart (PNAU Remix),Elton John & Dua Lipa,22,14,9
2022-04-16,21,Stable,"Carmon, Artigeardit & Lamin",19,12,5
2022-04-16,22,Hensigt,Artigeardit,18,5,8
2022-04-16,23,Har Det Fucking Godt,Jimilian,21,5,9
2022-04-16,24,Drom Mig Vaek,D1MA,-,24,1
2022-04-16,25,The Motto,Tiesto & Ava Max,25,19,6
2022-04-23,1,Mucki Bar,Tobias Rahim,2,1,9
2022-04-23,2,Hjem Fra Fabrikken,andreas odbjerg,8,2,6
2022-04-23,3,Stor Mand,Tobias Rahim X andreas odbjerg,3,1,10
2022-04-23,4,As It Was,Harry Styles,1,1,2
2022-04-23,5,First Class,Jack Harlow,-,5,1
2022-04-23,6,Half A Man,Dean Lewis,9,1,10
2022-04-23,7,Under Din Sne,The Minds Of 99,6,4,10
2022-04-23,8,Hurtless,Dean Lewis,-,8,1
2022-04-23,9,Like It,Lasse Skriver,5,3,3
2022-04-23,10,Kender Ik' I Morgen,Gilli,4,3,10
2022-04-23,11,Drom Mig Vaek,D1MA,24,11,2
2022-04-23,12,Foler Mig Selv 100,andreas odbjerg,-,12,1
2022-04-23,13,Starlight,Dave,7,5,5
2022-04-23,14,Bam Bam,Camila Cabello Featuring Ed Sheeran,12,12,6
2022-04-23,15,Clingy,Meum Zel,-,15,1
2022-04-23,16,Heat Waves,Glass Animals,13,13,10
2022-04-23,17,Miami Vicer,Gilli,11,8,10
2022-04-23,18,Shivers,Ed Sheeran,15,9,10
2022-04-23,19,Where Are You Now,Lost Frequencies & Calum Scott,14,8,10
2022-04-23,20,Be Alright,Dean Lewis,-,20,1
2022-04-23,21,From Paris To Berlin,"Infernal, Branco X Jimilian",17,4,10
2022-04-23,22,Stay,The Kid Laroi & Justin Bieber,19,16,10
2022-04-23,23,I Morgen Er Der Ogsa En Dag,andreas odbjerg,-,23,2
2022-04-23,24,Bad Habits,Ed Sheeran,18,16,10
2022-04-23,25,Cold Heart (PNAU Remix),Elton John & Dua Lipa,20,14,10
2022-04-30,1,Hjem Fra Fabrikken,andreas odbjerg,2,1,7
2022-04-30,2,Mucki Bar,Tobias Rahim,1,1,10
2022-04-30,3,Stor Mand,Tobias Rahim X andreas odbjerg,3,1,11
2022-04-30,4,As It Was,Harry Styles,4,1,3
2022-04-30,5,Lagsus For Evigt,"Specktors, Tessa & TopGunn",-,5,1
2022-04-30,6,First Class,Jack Harlow,5,5,2
2022-04-30,7,Under Din Sne,The Minds Of 99,7,4,11
2022-04-30,8,Hurtless,Dean Lewis,8,8,2
2022-04-30,9,Half A Man,Dean Lewis,6,1,11
2022-04-30,10,Drom Mig Vaek,D1MA,11,10,3
2022-04-30,11,Kender Ik' I Morgen,Gilli,10,3,11
2022-04-30,12,Like It,Lasse Skriver,9,3,4
2022-04-30,13,Foler Mig Selv 100,andreas odbjerg,12,12,2
2022-04-30,14,Bam Bam,Camila Cabello Featuring Ed Sheeran,14,12,7
2022-04-30,15,Miami Vicer,Gilli,17,8,11
2022-04-30,16,Heat Waves,Glass Animals,16,13,11
2022-04-30,17,Starlight,Dave,13,5,6
2022-04-30,18,Where Are You Now,Lost Frequencies & Calum Scott,19,8,11
2022-04-30,19,Shivers,Ed Sheeran,18,9,11
2022-04-30,20,I Morgen Er Der Ogsa En Dag,andreas odbjerg,23,20,3
2022-04-30,21,From Paris To Berlin,"Infernal, Branco X Jimilian",21,4,11
2022-04-30,22,Stay,The Kid Laroi & Justin Bieber,22,16,11
2022-04-30,23,Er Her (Artigeardit X Kesi),Artigeardit x Kesi,-,23,2
2022-04-30,24,Bad Habits,Ed Sheeran,24,16,11
2022-04-30,25,Hygge Mygge,RH,-,15,2
2022-05-07,1,Mucki Bar,Tobias Rahim,2,1,11
2022-05-07,2,Hjem Fra Fabrikken,andreas odbjerg,1,1,8
2022-05-07,3,Stor Mand,Tobias Rahim X andreas odbjerg,3,1,12
2022-05-07,4,As It Was,Harry Styles,4,1,4
2022-05-07,5,Danser,GMG,-,5,1
2022-05-07,6,First Class,Jack Harlow,6,5,3
2022-05-07,7,Lagsus For Evigt,"Specktors, Tessa & TopGunn",5,5,2
2022-05-07,8,Drom Mig Vaek,D1MA,10,8,4
2022-05-07,9,Under Din Sne,The Minds Of 99,7,4,12
2022-05-07,10,Kender Ik' I Morgen,Gilli,11,3,12
2022-05-07,11,Hurtless,Dean Lewis,8,8,3
2022-05-07,12,Foler Mig Selv 100,andreas odbjerg,13,12,3
2022-05-07,13,Like It,Lasse Skriver,12,3,5
2022-05-07,14,Half A Man,Dean Lewis,9,1,12
2022-05-07,15,Bam Bam,Camila Cabello Featuring Ed Sheeran,14,12,8
2022-05-07,16,Thousand Miles,The Kid Laroi,-,16,1
2022-05-07,17,Er Her (Artigeardit X Kesi),Artigeardit x Kesi,23,17,3
2022-05-07,18,Where Are You Now,Lost Frequencies & Calum Scott,18,8,12
2022-05-07,19,Hensigt,Artigeardit,-,5,9
2022-05-07,20,Miami Vicer,Gilli,15,8,12
2022-05-07,21,I Morgen Er Der Ogsa En Dag,andreas odbjerg,20,20,4
2022-05-07,22,Shivers,Ed Sheeran,19,9,12
2022-05-07,23,Heat Waves,Glass Animals,16,13,12
2022-05-07,24,Stay,The Kid Laroi & Justin Bieber,22,16,12
2022-05-07,25,From Paris To Berlin,"Infernal, Branco X Jimilian",21,4,12
2022-05-14,1,Mucki Bar,Tobias Rahim,1,1,12
2022-05-14,2,Hjem Fra Fabrikken,andreas odbjerg,2,1,9
2022-05-14,3,Stor Mand,Tobias Rahim X andreas odbjerg,3,1,13
2022-05-14,4,Danser,GMG,5,4,2
2022-05-14,5,As It Was,Harry Styles,4,1,5
2022-05-14,6,Lagsus For Evigt,"Specktors, Tessa & TopGunn",7,5,3
2022-05-14,7,First Class,Jack Harlow,6,5,4
2022-05-14,8,Drom Mig Vaek,D1MA,8,8,5
2022-05-14,9,Under Din Sne,The Minds Of 99,9,4,13
2022-05-14,10,Kender Ik' I Morgen,Gilli,10,3,13
2022-05-14,11,In The Stars,Benson Boone,-,11,1
2022-05-14,12,Foler Mig Selv 100,andreas odbjerg,12,12,4
2022-05-14,13,Bam Bam,Camila Cabello Featuring Ed Sheeran,15,12,9
2022-05-14,14,Half A Man,Dean Lewis,14,1,13
2022-05-14,15,Like It,Lasse Skriver,13,3,6
2022-05-14,16,Hurtless,Dean Lewis,11,8,4
2022-05-14,17,Where Are You Now,Lost Frequencies & Calum Scott,18,8,13
2022-05-14,18,Er Her (Artigeardit X Kesi),Artigeardit x Kesi,17,17,4
2022-05-14,19,Heat Waves,Glass Animals,23,13,13
2022-05-14,20,Thousand Miles,The Kid Laroi,16,16,2
2022-05-14,21,Shivers,Ed Sheeran,22,9,13
2022-05-14,22,Miami Vicer,Gilli,20,8,13
2022-05-14,23,Stay,The Kid Laroi & Justin Bieber,24,16,13
2022-05-14,24,From Paris To Berlin,"Infernal, Branco X Jimilian",25,4,13
2022-05-14,25,Hey Ho,Ude Af Kontrol X Hedegaard,-,25,1
2022-05-21,1,Mucki Bar,Tobias Rahim,1,1,13
2022-05-21,2,Stor Mand,Tobias Rahim X andreas odbjerg,3,1,14
2022-05-21,3,Hjem Fra Fabrikken,andreas odbjerg,2,1,10
2022-05-21,4,Nar Maend Graeder,Tobias Rahim,-,4,1
2022-05-21,5,Danser,GMG,4,4,3
2022-05-21,6,As It Was,Harry Styles,5,1,6
2022-05-21,7,First Class,Jack Harlow,7,5,5
2022-05-21,8,Lagsus For Evigt,"Specktors, Tessa & TopGunn",6,5,4
2022-05-21,9,Drom Mig Vaek,D1MA,8,8,6
2022-05-21,10,Drippy,ICEKIID,-,10,1
2022-05-21,11,Under Din Sne,The Minds Of 99,9,4,14
2022-05-21,12,Kender Ik' I Morgen,Gilli,10,3,14
2022-05-21,13,About Damn Time,Lizzo,-,13,1
2022-05-21,14,Foler Mig Selv 100,andreas odbjerg,12,12,5
2022-05-21,15,Bam Bam,Camila Cabello Featuring Ed Sheeran,13,12,10
2022-05-21,16,In The Stars,Benson Boone,11,11,2
2022-05-21,17,Dua Lipa,Jack Harlow,-,17,1
2022-05-21,18,Half A Man,Dean Lewis,14,1,14
2022-05-21,19,Like It,Lasse Skriver,15,3,7
2022-05-21,20,Hurtless,Dean Lewis,16,8,5
2022-05-21,21,Er Her (Artigeardit X Kesi),Artigeardit x Kesi,18,17,5
2022-05-21,22,Where Are You Now,Lost Frequencies & Calum Scott,17,8,14
2022-05-21,23,Miami Vicer,Gilli,22,8,14
2022-05-21,24,Shivers,Ed Sheeran,21,9,14
2022-05-21,25,Heat Waves,Glass Animals,19,13,14
2022-05-28,1,Mucki Bar,Tobias Rahim,1,1,14
2022-05-28,2,Hjem Fra Fabrikken,andreas odbjerg,3,1,11
2022-05-28,3,Stor Mand,Tobias Rahim X andreas odbjerg,2,1,15
2022-05-28,4,Nar Maend Graeder,Tobias Rahim,4,4,2
2022-05-28,5,Danser,GMG,5,4,4
2022-05-28,6,Blue Lagoon,Branco,-,6,1
2022-05-28,7,As It Was,Harry Styles,6,1,7
2022-05-28,8,Drom Mig Vaek,D1MA,9,8,7
2022-05-28,9,Lagsus For Evigt,"Specktors, Tessa & TopGunn",8,5,5
2022-05-28,10,First Class,Jack Harlow,7,5,6
2022-05-28,11,N95,Kendrick Lamar,-,11,1
2022-05-28,12,Under Din Sne,The Minds Of 99,11,4,15
2022-05-28,13,About Damn Time,Lizzo,13,13,2
2022-05-28,14,Kender Ik' I Morgen,Gilli,12,3,15
2022-05-28,15,Die Hard,"Kendrick Lamar , Blxst & Amanda Reifer",-,15,1
2022-05-28,16,Drippy,ICEKIID,10,10,2
2022-05-28,17,Bam Bam,Camila Cabello Featuring Ed Sheeran,15,12,11
2022-05-28,18,Foler Mig Selv 100,andreas odbjerg,14,12,6
2022-05-28,19,United In Grief,Kendrick Lamar,-,19,1
2022-05-28,20,In The Stars,Benson Boone,16,11,3
2022-05-28,21,Father Time,Kendrick Lamar Featuring Sampha,-,21,1
2022-05-28,22,Cooped Up,Post Malone Featuring Roddy Ricch,-,22,1
2022-05-28,23,Like It,Lasse Skriver,19,3,8
2022-05-28,24,Er Her (Artigeardit X Kesi),Artigeardit x Kesi,21,17,6
2022-05-28,25,Half A Man,Dean Lewis,18,1,15
2022-06-04,1,Mucki Bar,Tobias Rahim,1,1,15
2022-06-04,2,As It Was,Harry Styles,7,1,8
2022-06-04,3,Stor Mand,Tobias Rahim X andreas odbjerg,3,1,16
2022-06-04,4,Hjem Fra Fabrikken,andreas odbjerg,2,1,12
2022-06-04,5,Danser,GMG,5,4,5
2022-06-04,6,Nar Maend Graeder,Tobias Rahim,4,4,3
2022-06-04,7,Drom Mig Vaek,D1MA,8,7,8
2022-06-04,8,Lagsus For Evigt,"Specktors, Tessa & TopGunn",9,5,6
2022-06-04,9,Er Det For Sent?,Josef,-,9,1
2022-06-04,10,Late Night Talking,Harry Styles,-,10,1
2022-06-04,11,First Class,Jack Harlow,10,5,7
2022-06-04,12,Under Din Sne,The Minds Of 99,12,4,16
2022-06-04,13,Blue Lagoon,Branco,6,6,2
2022-06-04,14,Kender Ik' I Morgen,Gilli,14,3,16
2022-06-04,15,About Damn Time,Lizzo,13,13,3
2022-06-04,16,Hvor Har Du Lært Det,GMG,-,16,1
2022-06-04,17,Music For A Sushi Restaurant,Harry Styles,-,17,1
2022-06-04,18,Matilda,Harry Styles,-,18,1
2022-06-04,19,Drippy,ICEKIID,16,10,3
2022-06-04,20,Bam Bam,Camila Cabello Featuring Ed Sheeran,17,12,12
2022-06-04,21,Foler Mig Selv 100,andreas odbjerg,18,12,7
2022-06-04,22,Little Freak,Harry Styles,-,22,1
2022-06-04,23,N95,Kendrick Lamar,11,11,2
2022-06-04,24,Er Her (Artigeardit X Kesi),Artigeardit x Kesi,24,17,7
2022-06-04,25,Daylight,Harry Styles,-,25,1
2022-06-11,1,Mucki Bar,Tobias Rahim,1,1,16
2022-06-11,2,Stor Mand,Tobias Rahim X andreas odbjerg,3,1,17
2022-06-11,3,Drom Mig Vaek,D1MA,7,3,9
2022-06-11,4,Hjem Fra Fabrikken,andreas odbjerg,4,1,13
2022-06-11,5,As It Was,Harry Styles,2,1,9
2022-06-11,6,Danser,GMG,5,4,6
2022-06-11,7,Hvor Har Du Lært Det,GMG,16,7,2
2022-06-11,8,Er Det For Sent?,Josef,9,8,2
2022-06-11,9,Vagen,Artigeardit & Lamin,-,9,1
2022-06-11,10,Nar Maend Graeder,Tobias Rahim,6,4,4
2022-06-11,11,Lagsus For Evigt,"Specktors, Tessa & TopGunn",8,5,7
2022-06-11,12,Late Night Talking,Harry Styles,10,10,2
2022-06-11,13,Under Din Sne,The Minds Of 99,12,4,17
2022-06-11,14,First Class,Jack Harlow,11,5,8
2022-06-11,15,Kender Ik' I Morgen,Gilli,14,3,17
2022-06-11,16,About Damn Time,Lizzo,15,13,4
2022-06-11,17,Blue Lagoon,Branco,13,6,3
2022-06-11,18,Bam Bam,Camila Cabello Featuring Ed Sheeran,20,12,13
2022-06-11,19,Running Up That Hill (A Deal With God),Kate Bush,-,19,1
2022-06-11,20,Drippy,ICEKIID,19,10,4
2022-06-11,21,Foler Mig Selv 100,andreas odbjerg,21,12,8
2022-06-11,22,True Love,Kanye West & XXXTENTACION,-,22,1
2022-06-11,23,Livstegn,Rasmus Seebach,-,23,1
2022-06-11,24,Er Her (Artigeardit X Kesi),Artigeardit x Kesi,24,17,8
2022-06-11,25,Where Are You Now,Lost Frequencies & Calum Scott,-,8,15
2022-06-18,1,Feberdrommer Xx Dubai,Tobias Rahim,-,1,1
2022-06-18,2,Mucki Bar,Tobias Rahim,1,1,17
2022-06-18,3,Stor Mand,Tobias Rahim X andreas odbjerg,2,1,18
2022-06-18,4,Drom Mig Vaek,D1MA,3,3,10
2022-06-18,5,Hjem Fra Fabrikken,andreas odbjerg,4,1,14
2022-06-18,6,Running Up That Hill (A Deal With God),Kate Bush,19,6,2
2022-06-18,7,Mona Lisa,Kesi Featuring Lord Siva,-,7,1
2022-06-18,8,Danser,GMG,6,4,7
2022-06-18,9,As It Was,Harry Styles,5,1,10
2022-06-18,10,Nar Maend Graeder,Tobias Rahim,10,4,5
2022-06-18,11,Vagen,Artigeardit & Lamin,9,9,2
2022-06-18,12,Lagsus For Evigt,"Specktors, Tessa & TopGunn",11,5,8
2022-06-18,13,Er Det For Sent?,Josef,8,8,3
2022-06-18,14,Hvor Har Du Lært Det,GMG,7,7,3
2022-06-18,15,I Like You (A Happier Song),Post Malone Featuring Doja Cat,-,15,1
2022-06-18,16,Under Din Sne,The Minds Of 99,13,4,18
2022-06-18,17,Late Night Talking,Harry Styles,12,10,3
2022-06-18,18,Kender Ik' I Morgen,Gilli,15,3,18
2022-06-18,19,First Class,Jack Harlow,14,5,9
2022-06-18,20,Cooped Up,Post Malone Featuring Roddy Ricch,-,20,2
2022-06-18,21,Drippy,ICEKIID,20,10,5
2022-06-18,22,About Damn Time,Lizzo,16,13,5
2022-06-18,23,Foler Mig Selv 100,andreas odbjerg,21,12,9
2022-06-18,24,Bam Bam,Camila Cabello Featuring Ed Sheeran,18,12,14
2022-06-18,25,Fifty,ICEKIID,-,25,1
2022-06-25,1,Feberdrommer Xx Dubai,Tobias Rahim,1,1,2
2022-06-25,2,Mucki Bar,Tobias Rahim,2,1,18
2022-06-25,3,Stupid Man,Mike Lowrey Featuring Gobs & Thomas Helmig,-,3,1
2022-06-25,4,Stor Mand,Tobias Rahim X andreas odbjerg,3,1,19
2022-06-25,5,Drom Mig Vaek,D1MA,4,3,11
2022-06-25,6,Hjem Fra Fabrikken,andreas odbjerg,5,1,15
2022-06-25,7,Sexy Back,Branco,-,7,1
2022-06-25,8,Danser,GMG,8,4,8
2022-06-25,9,Running Up That Hill (A Deal With God),Kate Bush,6,6,3
2022-06-25,10,As It Was,Harry Styles,9,1,11
2022-06-25,11,Vagen,Artigeardit & Lamin,11,9,3
2022-06-25,12,Nar Maend Graeder,Tobias Rahim,10,4,6
2022-06-25,13,Er Det For Sent?,Josef,13,8,4
2022-06-25,14,Lagsus For Evigt,"Specktors, Tessa & TopGunn",12,5,9
2022-06-25,15,Mona Lisa,Kesi Featuring Lord Siva,7,7,2
2022-06-25,16,Hvor Har Du Lært Det,GMG,14,7,4
2022-06-25,17,Under Din Sne,The Minds Of 99,16,4,19
2022-06-25,18,I Like You (A Happier Song),Post Malone Featuring Doja Cat,15,15,2
2022-06-25,19,Kender Ik' I Morgen,Gilli,18,3,19
2022-06-25,20,First Class,Jack Harlow,19,5,10
2022-06-25,21,Late Night Talking,Harry Styles,17,10,4
2022-06-25,22,About Damn Time,Lizzo,22,13,6
2022-06-25,23,Belly Dancer,Imanbek & BYOR,-,23,1
2022-06-25,24,Drippy,ICEKIID,21,10,6
2022-06-25,25,Foler Mig Selv 100,andreas odbjerg,23,12,10
2022-07-02,1,Feberdrommer Xx Dubai,Tobias Rahim,1,1,3
2022-07-02,2,Stupid Man,Mike Lowrey Featuring Gobs & Thomas Helmig,3,2,2
2022-07-02,3,Stor Mand,Tobias Rahim X andreas odbjerg,4,1,20
2022-07-02,4,Mucki Bar,Tobias Rahim,2,1,19
2022-07-02,5,Drom Mig Vaek,D1MA,5,3,12
2022-07-02,6,Hjem Fra Fabrikken,andreas odbjerg,6,1,16
2022-07-02,7,Skor For Dig,Kesi Featuring Jada,-,7,1
2022-07-02,8,Danser,GMG,8,4,9
2022-07-02,9,Mona Lisa,Kesi Featuring Lord Siva,15,7,3
2022-07-02,10,As It Was,Harry Styles,10,1,12
2022-07-02,11,Glimpse Of Us,Joji,-,11,1
2022-07-02,12,Don't Phase Me,D1MA,-,12,1
2022-07-02,13,Vagen,Artigeardit & Lamin,11,9,4
2022-07-02,14,Lagsus For Evigt,"Specktors, Tessa & TopGunn",14,5,10
2022-07-02,15,Nar Maend Graeder,Tobias Rahim,12,4,7
2022-07-02,16,Running Up That Hill (A Deal With God),Kate Bush,9,6,4
2022-07-02,17,Hvor Har Du Lært Det,GMG,16,7,5
2022-07-02,18,Er Det For Sent?,Josef,13,8,5
2022-07-02,19,Kender Ik' I Morgen,Gilli,19,3,20
2022-07-02,20,Hva Sa,KESI Featuring Artigeardit,-,20,1
2022-07-02,21,Sexy Back,Branco,7,7,2
2022-07-02,22,Under Din Sne,The Minds Of 99,17,4,20
2022-07-02,23,I Like You (A Happier Song),Post Malone Featuring Doja Cat,18,15,3
2022-07-02,24,Falling Back,Drake,-,24,1
2022-07-02,25,Belly Dancer,Imanbek & BYOR,23,23,2
2022-07-09,1,Feberdrommer Xx Dubai,Tobias Rahim,1,1,4
2022-07-09,2,Mucki Bar,Tobias Rahim,4,1,20
2022-07-09,3,Stor Mand,Tobias Rahim X andreas odbjerg,3,1,21
2022-07-09,4,Stupid Man,Mike Lowrey Featuring Gobs & Thomas Helmig,2,2,3
2022-07-09,5,Bar La Hende Drik,GMG,-,5,1
2022-07-09,6,Drom Mig Vaek,D1MA,5,3,13
2022-07-09,7,Hjem Fra Fabrikken,andreas odbjerg,6,1,17
2022-07-09,8,Danser,GMG,8,4,10
2022-07-09,9,As It Was,Harry Styles,10,1,13
2022-07-09,10,Skor For Dig,Kesi Featuring Jada,7,7,2
2022-07-09,11,Vagen,Artigeardit & Lamin,13,9,5
2022-07-09,12,Kender Ik' I Morgen,Gilli,19,3,21
2022-07-09,13,Todo O Nada,Branco,-,13,1
2022-07-09,14,Lagsus For Evigt,"Specktors, Tessa & TopGunn",14,5,11
2022-07-09,15,Don't Phase Me,D1MA,12,12,2
2022-07-09,16,Mona Lisa,Kesi Featuring Lord Siva,9,7,4
2022-07-09,17,Nar Maend Graeder,Tobias Rahim,15,4,8
2022-07-09,18,Hvor Har Du Lært Det,GMG,17,7,6
2022-07-09,19,Glimpse Of Us,Joji,11,11,2
2022-07-09,20,Running Up That Hill (A Deal With God),Kate Bush,16,6,5
2022-07-09,21,Under Din Sne,The Minds Of 99,22,4,21
2022-07-09,22,Bums For Eliten,Tobias Rahim Featuring Artigeardit,-,22,1
2022-07-09,23,Er Det For Sent?,Josef,18,8,6
2022-07-09,24,Ibiza,"Benny Jamz, Gilli & Kesi Featuring B.O.C.",-,19,8
2022-07-09,25,Belly Dancer,Imanbek & BYOR,25,23,3
2022-07-16,1,Feberdrommer Xx Dubai,Tobias Rahim,1,1,5
2022-07-16,2,Mucki Bar,Tobias Rahim,2,1,21
2022-07-16,3,Stor Mand,Tobias Rahim X andreas odbjerg,3,1,22
2022-07-16,4,Stupid Man,Mike Lowrey Featuring Gobs & Thomas Helmig,4,2,4
2022-07-16,5,Drom Mig Vaek,D1MA,6,3,14
2022-07-16,6,Hjem Fra Fabrikken,andreas odbjerg,7,1,18
2022-07-16,7,VI VARME,Benny Jamz,-,7,1
2022-07-16,8,Bar La Hende Drik,GMG,5,5,2
2022-07-16,9,As It Was,Harry Styles,9,1,14
2022-07-16,10,Danser,GMG,8,4,11
2022-07-16,11,Vagen,Artigeardit & Lamin,11,9,6
2022-07-16,12,Kender Ik' I Morgen,Gilli,12,3,22
2022-07-16,13,Running Up That Hill (A Deal With God),Kate Bush,20,6,6
2022-07-16,14,Lagsus For Evigt,"Specktors, Tessa & TopGunn",14,5,12
2022-07-16,15,Skor For Dig,Kesi Featuring Jada,10,7,3
2022-07-16,16,Nar Maend Graeder,Tobias Rahim,17,4,9
2022-07-16,17,No Love,D1MA,-,17,1
2022-07-16,18,I Like You (A Happier Song),Post Malone Featuring Doja Cat,-,15,4
2022-07-16,19,Todo O Nada,Branco,13,13,2
2022-07-16,20,Er Det For Sent?,Josef,23,8,7
2022-07-16,21,Don't Phase Me,D1MA,15,12,3
2022-07-16,22,Glimpse Of Us,Joji,19,11,3
2022-07-16,23,Under Din Sne,The Minds Of 99,21,4,22
2022-07-16,24,Belly Dancer,Imanbek & BYOR,25,23,4
2022-07-16,25,Hvor Har Du Lært Det,GMG,18,7,7
2022-07-23,1,Feberdrommer Xx Dubai,Tobias Rahim,1,1,6
2022-07-23,2,Mucki Bar,Tobias Rahim,2,1,22
2022-07-23,3,Drom Mig Vaek,D1MA,5,3,15
2022-07-23,4,Stor Mand,Tobias Rahim X andreas odbjerg,3,1,23
2022-07-23,5,Stupid Man,Mike Lowrey Featuring Gobs & Thomas Helmig,4,2,5
2022-07-23,6,Hjem Fra Fabrikken,andreas odbjerg,6,1,19
2022-07-23,7,VI VARME,Benny Jamz,7,7,2
2022-07-23,8,As It Was,Harry Styles,9,1,15
2022-07-23,9,Vagen,Artigeardit & Lamin,11,9,7
2022-07-23,10,Running Up That Hill (A Deal With God),Kate Bush,13,6,7
2022-07-23,11,Bar La Hende Drik,GMG,8,5,3
2022-07-23,12,Danser,GMG,10,4,12
2022-07-23,13,Kender Ik' I Morgen,Gilli,12,3,23
2022-07-23,14,Skor For Dig,Kesi Featuring Jada,15,7,4
2022-07-23,15,Lagsus For Evigt,"Specktors, Tessa & TopGunn",14,5,13
2022-07-23,16,Nar Maend Graeder,Tobias Rahim,16,4,10
2022-07-23,17,I Like You (A Happier Song),Post Malone Featuring Doja Cat,18,15,5
2022-07-23,18,Sunroof,Nicky Youre & dazy,-,18,1
2022-07-23,19,Under Din Sne,The Minds Of 99,23,4,23
2022-07-23,20,Er Det For Sent?,Josef,20,8,8
2022-07-23,21,Belly Dancer,Imanbek & BYOR,24,21,5
2022-07-23,22,Don't Phase Me,D1MA,21,12,4
2022-07-23,23,Miami Vicer,Gilli,-,8,15
2022-07-23,24,Er Her (Artigeardit X Kesi),Artigeardit x Kesi,-,17,9
2022-07-23,25,No Love,D1MA,17,17,2
2022-07-30,1,Feberdrommer Xx Dubai,Tobias Rahim,1,1,7
2022-07-30,2,Drom Mig Vaek,D1MA,3,2,16
2022-07-30,3,Engangspik,Tessa,-,3,1
2022-07-30,4,Stor Mand,Tobias Rahim X andreas odbjerg,4,1,24
2022-07-30,5,Mucki Bar,Tobias Rahim,2,1,23
2022-07-30,6,VI VARME,Benny Jamz,7,6,3
2022-07-30,7,Stupid Man,Mike Lowrey Featuring Gobs & Thomas Helmig,5,2,6
2022-07-30,8,Hjem Fra Fabrikken,andreas odbjerg,6,1,20
2022-07-30,9,As It Was,Harry Styles,8,1,16
2022-07-30,10,Vagen,Artigeardit & Lamin,9,9,8
2022-07-30,11,Running Up That Hill (A Deal With God),Kate Bush,10,6,8
2022-07-30,12,Benzema,Benny Jamz & Gilli,-,12,1
2022-07-30,13,Skor For Dig,Kesi Featuring Jada,14,7,5
2022-07-30,14,Kender Ik' I Morgen,Gilli,13,3,24
2022-07-30,15,Danser,GMG,12,4,13
2022-07-30,16,Bar La Hende Drik,GMG,11,5,4
2022-07-30,17,Lagsus For Evigt,"Specktors, Tessa & TopGunn",15,5,14
2022-07-30,18,Sunroof,Nicky Youre & dazy,18,18,2
2022-07-30,19,Er Det For Sent?,Josef,20,8,9
2022-07-30,20,Nar Maend Graeder,Tobias Rahim,16,4,11
2022-07-30,21,Belly Dancer,Imanbek & BYOR,21,21,6
2022-07-30,22,I Like You (A Happier Song),Post Malone Featuring Doja Cat,17,15,6
2022-07-30,23,Under Din Sne,The Minds Of 99,19,4,24
2022-07-30,24,Miami Vicer,Gilli,23,8,16
2022-07-30,25,Don't Phase Me,D1MA,22,12,5
2022-08-06,1,Feberdrommer Xx Dubai,Tobias Rahim,1,1,8
2022-08-06,2,Drom Mig Vaek,D1MA,2,2,17
2022-08-06,3,Engangspik,Tessa,3,3,2
2022-08-06,4,Stor Mand,Tobias Rahim X andreas odbjerg,4,1,25
2022-08-06,5,Mucki Bar,Tobias Rahim,5,1,24
2022-08-06,6,VI VARME,Benny Jamz,6,6,4
2022-08-06,7,Hjem Fra Fabrikken,andreas odbjerg,8,1,21
2022-08-06,8,Stupid Man,Mike Lowrey Featuring Gobs & Thomas Helmig,7,2,7
2022-08-06,9,Doja,Central Cee,-,9,1
2022-08-06,10,As It Was,Harry Styles,9,1,17
2022-08-06,11,Vagen,Artigeardit & Lamin,10,9,9
2022-08-06,12,Kender Ik' I Morgen,Gilli,14,3,25
2022-08-06,13,Lagsus For Evigt,"Specktors, Tessa & TopGunn",17,5,15
2022-08-06,14,Skor For Dig,Kesi Featuring Jada,13,7,6
2022-08-06,15,Running Up That Hill (A Deal With God),Kate Bush,11,6,9
2022-08-06,16,Danser,GMG,15,4,14
2022-08-06,17,Bar La Hende Drik,GMG,16,5,5
2022-08-06,18,Sunroof,Nicky Youre & dazy,18,18,3
2022-08-06,19,I Like You (A Happier Song),Post Malone Featuring Doja Cat,22,15,7
2022-08-06,20,Belly Dancer,Imanbek & BYOR,21,20,7
2022-08-06,21,Under Din Sne,The Minds Of 99,23,4,25
2022-08-06,22,Er Det For Sent?,Josef,19,8,10
2022-08-06,23,Miami Vicer,Gilli,24,8,17
2022-08-06,24,Benzema,Benny Jamz & Gilli,12,12,2
2022-08-06,25,Juice,Blaest,-,25,1
2022-08-13,1,Feberdrommer Xx Dubai,Tobias Rahim,1,1,9
2022-08-13,2,Drom Mig Vaek,D1MA,2,2,18
2022-08-13,3,Doja,Central Cee,9,3,2
2022-08-13,4,Stor Mand,Tobias Rahim X andreas odbjerg,4,1,26
2022-08-13,5,Mucki Bar,Tobias Rahim,5,1,25
2022-08-13,6,Hjem Fra Fabrikken,andreas odbjerg,7,1,22
2022-08-13,7,Engangspik,Tessa,3,3,3
2022-08-13,8,Stupid Man,Mike Lowrey Featuring Gobs & Thomas Helmig,8,2,8
2022-08-13,9,VI VARME,Benny Jamz,6,6,5
2022-08-13,10,Vagen,Artigeardit & Lamin,11,9,10
2022-08-13,11,Kender Ik' I Morgen,Gilli,12,3,26
2022-08-13,12,As It Was,Harry Styles,10,1,18
2022-08-13,13,Skor For Dig,Kesi Featuring Jada,14,7,7
2022-08-13,14,Lagsus For Evigt,"Specktors, Tessa & TopGunn",13,5,16
2022-08-13,15,Sunroof,Nicky Youre & dazy,18,15,4
2022-08-13,16,Running Up That Hill (A Deal With God),Kate Bush,15,6,10
2022-08-13,17,Ferrari,James Hype & Miggy Dela Rosa,-,17,1
2022-08-13,18,Danser,GMG,16,4,15
2022-08-13,19,I Like You (A Happier Song),Post Malone Featuring Doja Cat,19,15,8
2022-08-13,20,Miami Vicer,Gilli,23,8,18
2022-08-13,21,Under Din Sne,The Minds Of 99,21,4,26
2022-08-13,22,Juice,Blaest,25,22,2
2022-08-13,23,Bar La Hende Drik,GMG,17,5,6
2022-08-13,24,Belly Dancer,Imanbek & BYOR,20,20,8
2022-08-13,25,Er Her (Artigeardit X Kesi),Artigeardit x Kesi,-,17,10
2022-08-20,1,Flyvende Faduma,Tobias Rahim,-,1,1
2022-08-20,2,Feberdrommer Xx Dubai,Tobias Rahim,1,1,10
2022-08-20,3,Stor Mand,Tobias Rahim X andreas odbjerg,4,1,27
2022-08-20,4,"Gode Dage, Gode Drinks",Lamin,-,4,1
2022-08-20,5,Drom Mig Vaek,D1MA,2,2,19
2022-08-20,6,Mucki Bar,Tobias Rahim,5,1,26
2022-08-20,7,Doja,Central Cee,3,3,3
2022-08-20,8,Hjem Fra Fabrikken,andreas odbjerg,6,1,23
2022-08-20,9,VI VARME,Benny Jamz,9,6,6
2022-08-20,10,Stupid Man,Mike Lowrey Featuring Gobs & Thomas Helmig,8,2,9
2022-08-20,11,Vagen,Artigeardit & Lamin,10,9,11
2022-08-20,12,Kenti Hayati,D1MA,-,12,1
2022-08-20,13,Engangspik,Tessa,7,3,4
2022-08-20,14,Ferrari,James Hype & Miggy Dela Rosa,17,14,2
2022-08-20,15,Shivers,Ed Sheeran,-,9,15
2022-08-20,16,As It Was,Harry Styles,12,1,19
2022-08-20,17,Bad Habits,Ed Sheeran,-,16,12
2022-08-20,18,Skor For Dig,Kesi Featuring Jada,13,7,8
2022-08-20,19,Kender Ik' I Morgen,Gilli,11,3,27
2022-08-20,20,Sunroof,Nicky Youre & dazy,15,15,5
2022-08-20,21,Under Din Sne,The Minds Of 99,21,4,27
2022-08-20,22,Staying Alive,DJ Khaled Featuring Drake & Lil Baby,-,22,1
2022-08-20,23,Lagsus For Evigt,"Specktors, Tessa & TopGunn",14,5,17
2022-08-20,24,I Ain't Worried,OneRepublic,-,24,1
2022-08-20,25,Juice,Blaest,22,22,3
2022-08-27,1,Flyvende Faduma,Tobias Rahim,1,1,2
2022-08-27,2,Feberdrommer Xx Dubai,Tobias Rahim,2,1,11
2022-08-27,3,Drom Mig Vaek,D1MA,5,2,20
2022-08-27,4,Stor Mand,Tobias Rahim X andreas odbjerg,3,1,28
2022-08-27,5,"Gode Dage, Gode Drinks",Lamin,4,4,2
2022-08-27,6,Mucki Bar,Tobias Rahim,6,1,27
2022-08-27,7,Doja,Central Cee,7,3,4
2022-08-27,8,Ferrari,James Hype & Miggy Dela Rosa,14,8,3
2022-08-27,9,VI VARME,Benny Jamz,9,6,7
2022-08-27,10,Hjem Fra Fabrikken,andreas odbjerg,8,1,24
2022-08-27,11,Stupid Man,Mike Lowrey Featuring Gobs & Thomas Helmig,10,2,10
2022-08-27,12,Vagen,Artigeardit & Lamin,11,9,12
2022-08-27,13,Skor For Dig,Kesi Featuring Jada,18,7,9
2022-08-27,14,Kender Ik' I Morgen,Gilli,19,3,28
2022-08-27,15,Engangspik,Tessa,13,3,5
2022-08-27,16,Sunroof,Nicky Youre & dazy,20,15,6
2022-08-27,17,I Ain't Worried,OneRepublic,24,17,2
2022-08-27,18,As It Was,Harry Styles,16,1,20
2022-08-27,19,Juice,Blaest,25,19,4
2022-08-27,20,Kenti Hayati,D1MA,12,12,2
2022-08-27,21,For My Hand,Burna Boy Featuring Ed Sheeran,-,21,1
2022-08-27,22,Er Her (Artigeardit X Kesi),Artigeardit x Kesi,-,17,11
2022-08-27,23,Lagsus For Evigt,"Specktors, Tessa & TopGunn",23,5,18
2022-08-27,24,Miami Vicer,Gilli,-,8,19
2022-08-27,25,Under Din Sne,The Minds Of 99,21,4,28
2022-09-03,1,Flyvende Faduma,Tobias Rahim,1,1,3
2022-09-03,2,Feberdrommer Xx Dubai,Tobias Rahim,2,1,12
2022-09-03,3,"Gode Dage, Gode Drinks",Lamin,5,3,3
2022-09-03,4,Stor Mand,Tobias Rahim X andreas odbjerg,4,1,29
2022-09-03,5,Drom Mig Vaek,D1MA,3,2,21
2022-09-03,6,Mucki Bar,Tobias Rahim,6,1,28
2022-09-03,7,Ferrari,James Hype & Miggy Dela Rosa,8,7,4
2022-09-03,8,Hjem Fra Fabrikken,andreas odbjerg,10,1,25
2022-09-03,9,VI VARME,Benny Jamz,9,6,8
2022-09-03,10,Doja,Central Cee,7,3,5
2022-09-03,11,Wish You Were Here,Lukas Graham Featuring Khalid,-,11,1
2022-09-03,12,Stupid Man,Mike Lowrey Featuring Gobs & Thomas Helmig,11,2,11
2022-09-03,13,Vagen,Artigeardit & Lamin,12,9,13
2022-09-03,14,Juice,Blaest,19,14,5
2022-09-03,15,I Ain't Worried,OneRepublic,17,15,3
2022-09-03,16,Kender Ik' I Morgen,Gilli,14,3,29
2022-09-03,17,As It Was,Harry Styles,18,1,21
2022-09-03,18,Sunroof,Nicky Youre & dazy,16,15,7
2022-09-03,19,Skor For Dig,Kesi Featuring Jada,13,7,10
2022-09-03,20,Hvad Skal Verden Med Sadan En Som Mig?,andreas odbjerg,-,20,1
2022-09-03,21,For My Hand,Burna Boy Featuring Ed Sheeran,21,21,2
2022-09-03,22,Lagsus For Evigt,"Specktors, Tessa & TopGunn",23,5,19
2022-09-03,23,Engangspik,Tessa,15,3,6
2022-09-03,24,Under Din Sne,The Minds Of 99,25,4,29
2022-09-03,25,Miami Vicer,Gilli,24,8,20
2022-09-10,1,Flyvende Faduma,Tobias Rahim,1,1,4
2022-09-10,2,Feberdrommer Xx Dubai,Tobias Rahim,2,1,13
2022-09-10,3,"Gode Dage, Gode Drinks",Lamin,3,3,4
2022-09-10,4,Stor Mand,Tobias Rahim X andreas odbjerg,4,1,30
2022-09-10,5,I'm Good (Blue),David Guetta & Bebe Rexha,-,5,1
2022-09-10,6,Drom Mig Vaek,D1MA,5,2,22
2022-09-10,7,Ferrari,James Hype & Miggy Dela Rosa,7,7,5
2022-09-10,8,Mucki Bar,Tobias Rahim,6,1,29
2022-09-10,9,VI VARME,Benny Jamz,9,6,9
2022-09-10,10,Hjem Fra Fabrikken,andreas odbjerg,8,1,26
2022-09-10,11,Doja,Central Cee,10,3,6
2022-09-10,12,Stupid Man,Mike Lowrey Featuring Gobs & Thomas Helmig,12,2,12
2022-09-10,13,Vagen,Artigeardit & Lamin,13,9,14
2022-09-10,14,Wish You Were Here,Lukas Graham Featuring Khalid,11,11,2
2022-09-10,15,Juice,Blaest,14,14,6
2022-09-10,16,I Ain't Worried,OneRepublic,15,15,4
2022-09-10,17,WALOU,Burhan G x Stepz x Sivas x Outlandish,-,17,1
2022-09-10,18,As It Was,Harry Styles,17,1,22
2022-09-10,19,Hvad Skal Verden Med Sadan En Som Mig?,andreas odbjerg,20,19,2
2022-09-10,20,SORT AMG,RH x Jimilian,-,20,1
2022-09-10,21,Kender Ik' I Morgen,Gilli,16,3,30
2022-09-10,22,For My Hand,Burna Boy Featuring Ed Sheeran,21,21,3
2022-09-10,23,Under The Influence,Chris Brown,-,23,1
2022-09-10,24,Sunroof,Nicky Youre & dazy,18,15,8
2022-09-10,25,Danser Med Piger,Danser Med Piger,-,25,1
2022-09-17,1,I'm Good (Blue),David Guetta & Bebe Rexha,5,1,2
2022-09-17,2,Flyvende Faduma,Tobias Rahim,1,1,5
2022-09-17,3,Feberdrommer Xx Dubai,Tobias Rahim,2,1,14
2022-09-17,4,"Gode Dage, Gode Drinks",Lamin,3,3,5
2022-09-17,5,Hvad Skal Der Ske,Lamin & ICEKIID,-,5,1
2022-09-17,6,Stor Mand,Tobias Rahim X andreas odbjerg,4,1,31
2022-09-17,7,Drom Mig Vaek,D1MA,6,2,23
2022-09-17,8,Ferrari,James Hype & Miggy Dela Rosa,7,7,6
2022-09-17,9,Balance,"Lamin, Kesi & Benny Jamz",-,9,1
2022-09-17,10,Mucki Bar,Tobias Rahim,8,1,30
2022-09-17,11,Hjem Fra Fabrikken,andreas odbjerg,10,1,27
2022-09-17,12,VI VARME,Benny Jamz,9,6,10
2022-09-17,13,Stupid Man,Mike Lowrey Featuring Gobs & Thomas Helmig,12,2,13
2022-09-17,14,Juice,Blaest,15,14,7
2022-09-17,15,Vagen,Artigeardit & Lamin,13,9,15
2022-09-17,16,Doja,Central Cee,11,3,7
2022-09-17,17,I Ain't Worried,OneRepublic,16,15,5
2022-09-17,18,As It Was,Harry Styles,18,1,23
2022-09-17,19,Under The Influence,Chris Brown,23,19,2
2022-09-17,20,Wish You Were Here,Lukas Graham Featuring Khalid,14,11,3
2022-09-17,21,Danser Med Piger,Danser Med Piger,25,21,2
2022-09-17,22,For My Hand,Burna Boy Featuring Ed Sheeran,22,21,4
2022-09-17,23,Kender Ik' I Morgen,Gilli,21,3,31
2022-09-17,24,Hvad Skal Verden Med Sadan En Som Mig?,andreas odbjerg,19,19,3
2022-09-17,25,Sunroof,Nicky Youre & dazy,24,15,9
2022-09-24,1,I'm Good (Blue),David Guetta & Bebe Rexha,1,1,3
2022-09-24,2,Flyvende Faduma,Tobias Rahim,2,1,6
2022-09-24,3,Feberdrommer Xx Dubai,Tobias Rahim,3,1,15
2022-09-24,4,"Gode Dage, Gode Drinks",Lamin,4,3,6
2022-09-24,5,Hvad Skal Der Ske,Lamin & ICEKIID,5,5,2
2022-09-24,6,Stor Mand,Tobias Rahim X andreas odbjerg,6,1,32
2022-09-24,7,Drom Mig Vaek,D1MA,7,2,24
2022-09-24,8,Ferrari,James Hype & Miggy Dela Rosa,8,7,7
2022-09-24,9,Mucki Bar,Tobias Rahim,10,1,31
2022-09-24,10,Juice,Blaest,14,10,8
2022-09-24,11,Hjem Fra Fabrikken,andreas odbjerg,11,1,28
2022-09-24,12,I Ain't Worried,OneRepublic,17,12,6
2022-09-24,13,VI VARME,Benny Jamz,12,6,11
2022-09-24,14,Under The Influence,Chris Brown,19,14,3
2022-09-24,15,Vagen,Artigeardit & Lamin,15,9,16
2022-09-24,16,Stupid Man,Mike Lowrey Featuring Gobs & Thomas Helmig,13,2,14
2022-09-24,17,Doja,Central Cee,16,3,8
2022-09-24,18,Balance,"Lamin, Kesi & Benny Jamz",9,9,2
2022-09-24,19,Danser Med Piger,Danser Med Piger,21,19,3
2022-09-24,20,Forget Me,Lewis Capaldi,-,20,1
2022-09-24,21,As It Was,Harry Styles,18,1,24
2022-09-24,22,For My Hand,Burna Boy Featuring Ed Sheeran,22,21,5
2022-09-24,23,Hvad Skal Verden Med Sadan En Som Mig?,andreas odbjerg,24,19,4
2022-09-24,24,Kender Ik' I Morgen,Gilli,23,3,32
2022-09-24,25,Afraid To Feel,LF SYSTEM,-,25,1
2022-10-01,1,I'm Good (Blue),David Guetta & Bebe Rexha,1,1,4
2022-10-01,2,Flyvende Faduma,Tobias Rahim,2,1,7
2022-10-01,3,Feberdrommer Xx Dubai,Tobias Rahim,3,1,16
2022-10-01,4,"Gode Dage, Gode Drinks",Lamin,4,3,7
2022-10-01,5,Hvad Skal Der Ske,Lamin & ICEKIID,5,5,3
2022-10-01,6,Kalde Dem For Du,Malte Ebert,-,6,1
2022-10-01,7,Drom Mig Vaek,D1MA,7,2,25
2022-10-01,8,Stor Mand,Tobias Rahim X andreas odbjerg,6,1,33
2022-10-01,9,Ferrari,James Hype & Miggy Dela Rosa,8,7,8
2022-10-01,10,Mucki Bar,Tobias Rahim,9,1,32
2022-10-01,11,Juice,Blaest,10,10,9
2022-10-01,12,Hjem Fra Fabrikken,andreas odbjerg,11,1,29
2022-10-01,13,I Ain't Worried,OneRepublic,12,12,7
2022-10-01,14,VI VARME,Benny Jamz,13,6,12
2022-10-01,15,Under The Influence,Chris Brown,14,14,4
2022-10-01,16,Vagen,Artigeardit & Lamin,15,9,17
2022-10-01,17,Forget Me,Lewis Capaldi,20,17,2
2022-10-01,18,Danser Med Piger,Danser Med Piger,19,18,4
2022-10-01,19,Doja,Central Cee,17,3,9
2022-10-01,20,Stupid Man,Mike Lowrey Featuring Gobs & Thomas Helmig,16,2,15
2022-10-01,21,For My Hand,Burna Boy Featuring Ed Sheeran,22,21,6
2022-10-01,22,Hvad Skal Verden Med Sadan En Som Mig?,andreas odbjerg,23,19,5
2022-10-01,23,As It Was,Harry Styles,21,1,25
2022-10-01,24,Kender Ik' I Morgen,Gilli,24,3,33
2022-10-01,25,Another Love,Tom Odell,-,25,1
2022-10-08,1,I'm Good (Blue),David Guetta & Bebe Rexha,1,1,5
2022-10-08,2,Flyvende Faduma,Tobias Rahim,2,1,8
2022-10-08,3,Unholy,Sam Smith & Kim Petras,-,3,1
2022-10-08,4,Feberdrommer Xx Dubai,Tobias Rahim,3,1,17
2022-10-08,5,"Gode Dage, Gode Drinks",Lamin,4,3,8
2022-10-08,6,Hvad Skal Der Ske,Lamin & ICEKIID,5,5,4
2022-10-08,7,Stor Mand,Tobias Rahim X andreas odbjerg,8,1,34
2022-10-08,8,Drom Mig Vaek,D1MA,7,2,26
2022-10-08,9,Juice,Blaest,11,9,10
2022-10-08,10,Ferrari,James Hype & Miggy Dela Rosa,9,7,9
2022-10-08,11,Mucki Bar,Tobias Rahim,10,1,33
2022-10-08,12,Star Walkin' (League Of Legends Worlds Anthem),Lil Nas X,-,12,1
2022-10-08,13,Hjem Fra Fabrikken,andreas odbjerg,12,1,30
2022-10-08,14,How Do I Say Goodbye,Dean Lewis,-,14,1
2022-10-08,15,Kalde Dem For Du,Malte Ebert,6,6,2
2022-10-08,16,I Ain't Worried,OneRepublic,13,12,8
2022-10-08,17,Danser Med Piger,Danser Med Piger,18,17,5
2022-10-08,18,Vagen,Artigeardit & Lamin,16,9,18
2022-10-08,19,Under The Influence,Chris Brown,15,14,5
2022-10-08,20,VI VARME,Benny Jamz,14,6,13
2022-10-08,21,For My Hand,Burna Boy Featuring Ed Sheeran,21,21,7
2022-10-08,22,Stupid Man,Mike Lowrey Featuring Gobs & Thomas Helmig,20,2,16
2022-10-08,23,Hvad Skal Verden Med Sadan En Som Mig?,andreas odbjerg,22,19,6
2022-10-08,24,As It Was,Harry Styles,23,1,26
2022-10-08,25,Forget Me,Lewis Capaldi,17,17,3
2022-10-15,1,I'm Good (Blue),David Guetta & Bebe Rexha,1,1,6
2022-10-15,2,Flyvende Faduma,Tobias Rahim,2,1,9
2022-10-15,3,Unholy,Sam Smith & Kim Petras,3,3,2
2022-10-15,4,"Gode Dage, Gode Drinks",Lamin,5,3,9
2022-10-15,5,Feberdrommer Xx Dubai,Tobias Rahim,4,1,18
2022-10-15,6,Hvad Skal Der Ske,Lamin & ICEKIID,6,5,5
2022-10-15,7,Tro Pa Kaerlighed,Gobs,-,7,1
2022-10-15,8,Stor Mand,Tobias Rahim X andreas odbjerg,7,1,35
2022-10-15,9,How Do I Say Goodbye,Dean Lewis,14,9,2
2022-10-15,10,Drom Mig Vaek,D1MA,8,2,27
2022-10-15,11,Juice,Blaest,9,9,11
2022-10-15,12,Ferrari,James Hype & Miggy Dela Rosa,10,7,10
2022-10-15,13,Mucki Bar,Tobias Rahim,11,1,34
2022-10-15,14,Star Walkin' (League Of Legends Worlds Anthem),Lil Nas X,12,12,2
2022-10-15,15,Hjertebrand,Hans Philip,-,15,1
2022-10-15,16,I Ain't Worried,OneRepublic,16,12,9
2022-10-15,17,Danser Med Piger,Danser Med Piger,17,17,6
2022-10-15,18,Vagen,Artigeardit & Lamin,18,9,19
2022-10-15,19,Under The Influence,Chris Brown,19,14,6
2022-10-15,20,Hjem Fra Fabrikken,andreas odbjerg,13,1,31
2022-10-15,21,VI VARME,Benny Jamz,20,6,14
2022-10-15,22,Stupid Man,Mike Lowrey Featuring Gobs & Thomas Helmig,22,2,17
2022-10-15,23,For My Hand,Burna Boy Featuring Ed Sheeran,21,21,8
2022-10-15,24,Hvad Skal Verden Med Sadan En Som Mig?,andreas odbjerg,23,19,7
2022-10-15,25,As It Was,Harry Styles,24,1,27
2022-10-22,1,Verden Vagner,Gilli & Saveus,-,1,1
2022-10-22,2,I'm Good (Blue),David Guetta & Bebe Rexha,1,1,7
2022-10-22,3,Flyvende Faduma,Tobias Rahim,2,1,10
2022-10-22,4,Unholy,Sam Smith & Kim Petras,3,3,3
2022-10-22,5,"Gode Dage, Gode Drinks",Lamin,4,3,10
2022-10-22,6,Tro Pa Kaerlighed,Gobs,7,6,2
2022-10-22,7,Feberdrommer Xx Dubai,Tobias Rahim,5,1,19
2022-10-22,8,Hvad Skal Der Ske,Lamin & ICEKIID,6,5,6
2022-10-22,9,Stor Mand,Tobias Rahim X andreas odbjerg,8,1,36
2022-10-22,10,How Do I Say Goodbye,Dean Lewis,9,9,3
2022-10-22,11,Drom Mig Vaek,D1MA,10,2,28
2022-10-22,12,Mucki Bar,Tobias Rahim,13,1,35
2022-10-22,13,Ferrari,James Hype & Miggy Dela Rosa,12,7,11
2022-10-22,14,Star Walkin' (League Of Legends Worlds Anthem),Lil Nas X,14,12,3
2022-10-22,15,Hjertebrand,Hans Philip,15,15,2
2022-10-22,16,I Ain't Worried,OneRepublic,16,12,10
2022-10-22,17,Under The Influence,Chris Brown,19,14,7
2022-10-22,18,Juice,Blaest,11,9,12
2022-10-22,19,Hjem Fra Fabrikken,andreas odbjerg,20,1,32
2022-10-22,20,Vagen,Artigeardit & Lamin,18,9,20
2022-10-22,21,Danser Med Piger,Danser Med Piger,17,17,7
2022-10-22,22,VI VARME,Benny Jamz,21,6,15
2022-10-22,23,Hvad Skal Verden Med Sadan En Som Mig?,andreas odbjerg,24,19,8
2022-10-22,24,Cuff It,Beyonce,-,24,1
2022-10-22,25,Another Love,Tom Odell,-,25,2
2022-10-29,1,Verden Vagner,Gilli & Saveus,1,1,2
2022-10-29,2,Paid,Gilli,-,2,1
2022-10-29,3,Flyvende Faduma,Tobias Rahim,3,1,11
2022-10-29,4,I'm Good (Blue),David Guetta & Bebe Rexha,2,1,8
2022-10-29,5,Romario,Gilli,-,5,1
2022-10-29,6,Unholy,Sam Smith & Kim Petras,4,3,4
2022-10-29,7,Du Min,"Gilli, Benny Jamz & Kesi",-,7,1
2022-10-29,8,"Gode Dage, Gode Drinks",Lamin,5,3,11
2022-10-29,9,Feberdrommer Xx Dubai,Tobias Rahim,7,1,20
2022-10-29,10,Tro Pa Kaerlighed,Gobs,6,6,3
2022-10-29,11,Money Dial,Gilli,-,11,1
2022-10-29,12,Stor Mand,Tobias Rahim X andreas odbjerg,9,1,37
2022-10-29,13,Hvad Skal Der Ske,Lamin & ICEKIID,8,5,7
2022-10-29,14,Life,Gilli,-,14,1
2022-10-29,15,Drom Mig Vaek,D1MA,11,2,29
2022-10-29,16,How Do I Say Goodbye,Dean Lewis,10,9,4
2022-10-29,17,I Ain't Worried,OneRepublic,16,12,11
2022-10-29,18,Mucki Bar,Tobias Rahim,12,1,36
2022-10-29,19,Miss You,Oliver Tree & Robin Schulz,-,19,1
2022-10-29,20,Varmeste Herinde,Gilli,-,20,1
2022-10-29,21,Under The Influence,Chris Brown,17,14,8
2022-10-29,22,Lad Livet Ga,Gilli,-,22,1
2022-10-29,23,Danser Med Piger,Danser Med Piger,21,17,8
2022-10-29,24,Ferrari,James Hype & Miggy Dela Rosa,13,7,12
2022-10-29,25,Star Walkin' (League Of Legends Worlds Anthem),Lil Nas X,14,12,4
2022-11-05,1,Flyvende Faduma,Tobias Rahim,3,1,12
2022-11-05,2,Verden Vagner,Gilli & Saveus,1,1,3
2022-11-05,3,Ozonlag A Energi,Tobias Rahim Featuring Niels Brandt,-,3,1
2022-11-05,4,Feberdrommer Xx Dubai,Tobias Rahim,9,1,21
2022-11-05,5,I'm Good (Blue),David Guetta & Bebe Rexha,4,1,9
2022-11-05,6,Unholy,Sam Smith & Kim Petras,6,3,5
2022-11-05,7,Paid,Gilli,2,2,2
2022-11-05,8,Romario,Gilli,5,5,2
2022-11-05,9,Anti-Hero,Taylor Swift,-,9,1
2022-11-05,10,Tro Pa Kaerlighed,Gobs,10,6,4
2022-11-05,11,Stor Mand,Tobias Rahim X andreas odbjerg,12,1,38
2022-11-05,12,Kurder I Kobenhavn,Tobias Rahim Featuring ZK & Luna Ersahin,-,12,1
2022-11-05,13,"Gode Dage, Gode Drinks",Lamin,8,3,12
2022-11-05,14,Mucki Bar,Tobias Rahim,18,1,37
2022-11-05,15,Du Min,"Gilli, Benny Jamz & Kesi",7,7,2
2022-11-05,16,Nar Maend Graeder,Tobias Rahim,-,4,12
2022-11-05,17,How Do I Say Goodbye,Dean Lewis,16,9,5
2022-11-05,18,07 I 6A,Tobias Rahim,-,18,1
2022-11-05,19,Hvad Skal Der Ske,Lamin & ICEKIID,13,5,8
2022-11-05,20,Makeup,Tobias Rahim,-,20,1
2022-11-05,21,Drom Mig Vaek,D1MA,15,2,30
2022-11-05,22,Snow On The Beach,Taylor Swift Featuring Lana Del Rey,-,22,1
2022-11-05,23,Miss You,Oliver Tree & Robin Schulz,19,19,2
2022-11-05,24,Lavender Haze,Taylor Swift,-,24,1
2022-11-05,25,Alene Pa Staden,Tobias Rahim,-,25,1
2022-11-12,1,Verden Vagner,Gilli & Saveus,2,1,4
2022-11-12,2,I'm Good (Blue),David Guetta & Bebe Rexha,5,1,10
2022-11-12,3,Ozonlag A Energi,Tobias Rahim Featuring Niels Brandt,3,3,2
2022-11-12,4,Unholy,Sam Smith & Kim Petras,6,3,6
2022-11-12,5,Flyvende Faduma,Tobias Rahim,1,1,13
2022-11-12,6,Paid,Gilli,7,2,3
2022-11-12,7,Den (u)Officielle VM-Sang,Gulddreng,-,7,1
2022-11-12,8,Lift Me Up,Rihanna,-,8,1
2022-11-12,9,Romario,Gilli,8,5,3
2022-11-12,10,Feberdrommer Xx Dubai,Tobias Rahim,4,1,22
2022-11-12,11,Tro Pa Kaerlighed,Gobs,10,6,5
2022-11-12,12,Anti-Hero,Taylor Swift,9,9,2
2022-11-12,13,"Gode Dage, Gode Drinks",Lamin,13,3,13
2022-11-12,14,Stor Mand,Tobias Rahim X andreas odbjerg,11,1,39
2022-11-12,15,Du Min,"Gilli, Benny Jamz & Kesi",15,7,3
2022-11-12,16,How Do I Say Goodbye,Dean Lewis,17,9,6
2022-11-12,17,DEEBO,Branco,-,17,1
2022-11-12,18,Hvad Skal Der Ske,Lamin & ICEKIID,19,5,9
2022-11-12,19,Drom Mig Vaek,D1MA,21,2,31
2022-11-12,20,Miss You,Oliver Tree & Robin Schulz,23,19,3
2022-11-12,21,Mucki Bar,Tobias Rahim,14,1,38
2022-11-12,22,I Ain't Worried,OneRepublic,-,12,12
2022-11-12,23,Ferrari,James Hype & Miggy Dela Rosa,-,7,13
2022-11-12,24,Under The Influence,Chris Brown,-,14,9
2022-11-12,25,Another Love,Tom Odell,-,25,3
2022-11-19,1,Verden Vagner,Gilli & Saveus,1,1,5
2022-11-19,2,I'm Good (Blue),David Guetta & Bebe Rexha,2,1,11
2022-11-19,3,Flyvende Faduma,Tobias Rahim,5,1,14
2022-11-19,4,Unholy,Sam Smith & Kim Petras,4,3,7
2022-11-19,5,Ozonlag A Energi,Tobias Rahim Featuring Niels Brandt,3,3,3
2022-11-19,6,Rich Flex,Drake & 21 Savage,-,6,1
2022-11-19,7,Paid,Gilli,6,2,4
2022-11-19,8,Romario,Gilli,9,5,4
2022-11-19,9,Tro Pa Kaerlighed,Gobs,11,6,6
2022-11-19,10,Feberdrommer Xx Dubai,Tobias Rahim,10,1,23
2022-11-19,11,Anti-Hero,Taylor Swift,12,9,3
2022-11-19,12,"Gode Dage, Gode Drinks",Lamin,13,3,14
2022-11-19,13,Stor Mand,Tobias Rahim X andreas odbjerg,14,1,40
2022-11-19,14,Pussy & Millions,Drake & 21 Savage Featuring Travis Scott,-,14,1
2022-11-19,15,How Do I Say Goodbye,Dean Lewis,16,9,7
2022-11-19,16,Den (u)Officielle VM-Sang,Gulddreng,7,7,2
2022-11-19,17,Du Min,"Gilli, Benny Jamz & Kesi",15,7,4
2022-11-19,18,Lift Me Up,Rihanna,8,8,2
2022-11-19,19,Major Distribution,Drake & 21 Savage,-,19,1
2022-11-19,20,Hvad Skal Der Ske,Lamin & ICEKIID,18,5,10
2022-11-19,21,Miss You,Oliver Tree & Robin Schulz,20,19,4
2022-11-19,22,Drom Mig Vaek,D1MA,19,2,32
2022-11-19,23,Made You Look,Meghan Trainor,-,23,1
2022-11-19,24,Mucki Bar,Tobias Rahim,21,1,39
2022-11-19,25,Another Love,Tom Odell,25,25,4
2022-11-26,1,Verden Vagner,Gilli & Saveus,1,1,6
2022-11-26,2,I'm Good (Blue),David Guetta & Bebe Rexha,2,1,12
2022-11-26,3,Flyvende Faduma,Tobias Rahim,3,1,15
2022-11-26,4,Unholy,Sam Smith & Kim Petras,4,3,8
2022-11-26,5,Ozonlag A Energi,Tobias Rahim Featuring Niels Brandt,5,3,4
2022-11-26,6,Tro Pa Kaerlighed,Gobs,9,6,7
2022-11-26,7,Romario,Gilli,8,5,5
2022-11-26,8,Paid,Gilli,7,2,5
2022-11-26,9,Guantanamo,ICEKIID X Outlandish,-,9,1
2022-11-26,10,Rich Flex,Drake & 21 Savage,6,6,2
2022-11-26,11,"Gode Dage, Gode Drinks",Lamin,12,3,15
2022-11-26,12,Feberdrommer Xx Dubai,Tobias Rahim,10,1,24
2022-11-26,13,Drop Top,Mike Lowrey Featuring Lamin & Stepz,-,13,1
2022-11-26,14,Den (u)Officielle VM-Sang,Gulddreng,16,7,3
2022-11-26,15,Anti-Hero,Taylor Swift,11,9,4
2022-11-26,16,Stor Mand,Tobias Rahim X andreas odbjerg,13,1,41
2022-11-26,17,How Do I Say Goodbye,Dean Lewis,15,9,8
2022-11-26,18,Made You Look,Meghan Trainor,23,18,2
2022-11-26,19,Hvad Skal Der Ske,Lamin & ICEKIID,20,5,11
2022-11-26,20,Drom Mig Vaek,D1MA,22,2,33
2022-11-26,21,All I Want For Christmas Is You,Mariah Carey,-,21,1
2022-11-26,22,Miss You,Oliver Tree & Robin Schulz,21,19,5
2022-11-26,23,Last Christmas,Wham!,-,23,1
2022-11-26,24,Tinka (Feat. Liive),Burhan G & Frida Brygmann Featuring Liive,-,24,1
2022-11-26,25,Another Love,Tom Odell,25,25,5
2022-12-03,1,Verden Vagner,Gilli & Saveus,1,1,7
2022-12-03,2,All I Want For Christmas Is You,Mariah Carey,21,2,2
2022-12-03,3,Last Christmas,Wham!,23,3,2
2022-12-03,4,Tinka (Feat. Liive),Burhan G & Frida Brygmann Featuring Liive,24,4,2
2022-12-03,5,I'm Good (Blue),David Guetta & Bebe Rexha,2,1,13
2022-12-03,6,Den (u)Officielle VM-Sang,Gulddreng,14,6,4
2022-12-03,7,Flyvende Faduma,Tobias Rahim,3,1,16
2022-12-03,8,Tro Pa Kaerlighed,Gobs,6,6,8
2022-12-03,9,Unholy,Sam Smith & Kim Petras,4,3,9
2022-12-03,10,Santa Tell Me,Ariana Grande,-,10,1
2022-12-03,11,Der' Noget I December,Rasmus Seebach,-,11,1
2022-12-03,12,Mistletoe,Justin Bieber,-,12,1
2022-12-03,13,Merry Christmas Everyone,Shakin' Stevens,-,13,1
2022-12-03,14,Ozonlag A Energi,Tobias Rahim Featuring Niels Brandt,5,3,5
2022-12-03,15,I En Stjerneregn Af Sne,Mads Langer,-,15,1
2022-12-03,16,Lille Store Verden,Rasmus Seebach,-,16,1
2022-12-03,17,Romario,Gilli,7,5,6
2022-12-03,18,Jingle Bell Rock,Bobby Helms,-,18,1
2022-12-03,19,"Gode Dage, Gode Drinks",Lamin,11,3,16
2022-12-03,20,Feberdrommer Xx Dubai,Tobias Rahim,12,1,25
2022-12-03,21,It's Beginning To Look A Lot Like Christmas,Michael Buble,-,21,1
2022-12-03,22,Anti-Hero,Taylor Swift,15,9,5
2022-12-03,23,Paid,Gilli,8,2,6
2022-12-03,24,Driving Home For Christmas,Chris Rea,-,24,1
2022-12-03,25,Stor Mand,Tobias Rahim X andreas odbjerg,16,1,42
2022-12-10,1,Tinka (Feat. Liive),Burhan G & Frida Brygmann Featuring Liive,4,1,3
2022-12-10,2,Last Christmas,Wham!,3,2,3
2022-12-10,3,All I Want For Christmas Is You,Mariah Carey,2,2,3
2022-12-10,4,Santa Tell Me,Ariana Grande,10,4,2
2022-12-10,5,Mistletoe,Justin Bieber,12,5,2
2022-12-10,6,Der' Noget I December,Rasmus Seebach,11,6,2
2022-12-10,7,Merry Christmas Everyone,Shakin' Stevens,13,7,2
2022-12-10,8,Jingle Bell Rock,Bobby Helms,18,8,2
2022-12-10,9,It's Beginning To Look A Lot Like Christmas,Michael Buble,21,9,2
2022-12-10,10,Lille Store Verden,Rasmus Seebach,16,10,2
2022-12-10,11,I En Stjerneregn Af Sne,Mads Langer,15,11,2
2022-12-10,12,Driving Home For Christmas,Chris Rea,24,12,2
2022-12-10,13,Do They Know It's Christmas?,Band Aid,-,13,1
2022-12-10,14,Kongespil (Tinka Og Kongespillet),Hjalmer,-,14,1
2022-12-10,15,Verden Vagner,Gilli & Saveus,1,1,8
2022-12-10,16,Jesus & Josefine,Julie Berthelsen & Martin Brygmann,-,16,1
2022-12-10,17,My Only Wish (This Year),Britney Spears,-,17,1
2022-12-10,18,Let Love Be Love,Juice/SOAP/ Christina Featuring Remee,-,18,1
2022-12-10,19,I'm Good (Blue),David Guetta & Bebe Rexha,5,1,14
2022-12-10,20,Let It Snow! Let It Snow! Let It Snow!,Dean Martin,-,20,1
2022-12-10,21,Julefeber,Oh Land,-,21,1
2022-12-10,22,Flyvende Faduma,Tobias Rahim,7,1,17
2022-12-10,23,Guld Jul,Gulddreng,-,23,1
2022-12-10,24,Rockin' Around the Christmas Tree,Mel & Kim,-,24,1
2022-12-10,25,Jul Pa Vesterbro,Anders Matthesen,-,25,1
2022-12-17,1,Tinka (Feat. Liive),Burhan G & Frida Brygmann Featuring Liive,1,1,4
2022-12-17,2,Last Christmas,Wham!,2,2,4
2022-12-17,3,All I Want For Christmas Is You,Mariah Carey,3,2,4
2022-12-17,4,Santa Tell Me,Ariana Grande,4,4,3
2022-12-17,5,Mistletoe,Justin Bieber,5,5,3
2022-12-17,6,Der' Noget I December,Rasmus Seebach,6,6,3
2022-12-17,7,Jingle Bell Rock,Bobby Helms,8,7,3
2022-12-17,8,Merry Christmas Everyone,Shakin' Stevens,7,7,3
2022-12-17,9,It's Beginning To Look A Lot Like Christmas,Michael Buble,9,9,3
2022-12-17,10,Driving Home For Christmas,Chris Rea,12,10,3
2022-12-17,11,Lille Store Verden,Rasmus Seebach,10,10,3
2022-12-17,12,Do They Know It's Christmas?,Band Aid,13,12,2
2022-12-17,13,I En Stjerneregn Af Sne,Mads Langer,11,11,3
2022-12-17,14,Julehjertets Hemmelighed,Malte Ebert,-,14,1
2022-12-17,15,Kongespil (Tinka Og Kongespillet),Hjalmer,14,14,2
2022-12-17,16,Jesus & Josefine,Julie Berthelsen & Martin Brygmann,16,16,2
2022-12-17,17,My Only Wish (This Year),Britney Spears,17,17,2
2022-12-17,18,Let Love Be Love,Juice/SOAP/ Christina Featuring Remee,18,18,2
2022-12-17,19,Let It Snow! Let It Snow! Let It Snow!,Dean Martin,20,19,2
2022-12-17,20,Guld Jul,Gulddreng,23,20,2
2022-12-17,21,Julefeber,Oh Land,21,21,2
2022-12-17,22,Jul Pa Vesterbro,Anders Matthesen,25,22,2
2022-12-17,23,Rockin' Around the Christmas Tree,Mel & Kim,24,23,2
2022-12-17,24,Happy Xmas (War Is Over),John & Yoko/The Plastic Ono Band With The Harlem Community Choir,-,24,1
2022-12-17,25,Escapism,RAYE Featuring 070 Shake,-,25,1
2022-12-24,1,Tinka (Feat. Liive),Burhan G & Frida Brygmann Featuring Liive,1,1,5
2022-12-24,2,Last Christmas,Wham!,2,2,5
2022-12-24,3,All I Want For Christmas Is You,Mariah Carey,3,2,5
2022-12-24,4,Santa Tell Me,Ariana Grande,4,4,4
2022-12-24,5,Jingle Bell Rock,Bobby Helms,7,5,4
2022-12-24,6,Julehjertets Hemmelighed,Malte Ebert,14,6,2
2022-12-24,7,Mistletoe,Justin Bieber,5,5,4
2022-12-24,8,Der' Noget I December,Rasmus Seebach,6,6,4
2022-12-24,9,It's Beginning To Look A Lot Like Christmas,Michael Buble,9,9,4
2022-12-24,10,Merry Christmas Everyone,Shakin' Stevens,8,7,4
2022-12-24,11,Driving Home For Christmas,Chris Rea,10,10,4
2022-12-24,12,Do They Know It's Christmas?,Band Aid,12,12,3
2022-12-24,13,Lille Store Verden,Rasmus Seebach,11,10,4
2022-12-24,14,I En Stjerneregn Af Sne,Mads Langer,13,11,4
2022-12-24,15,Escapism,RAYE Featuring 070 Shake,25,15,2
2022-12-24,16,Let It Snow! Let It Snow! Let It Snow!,Dean Martin,19,16,3
2022-12-24,17,Kongespil (Tinka Og Kongespillet),Hjalmer,15,14,3
2022-12-24,18,My Only Wish (This Year),Britney Spears,17,17,3
2022-12-24,19,Jesus & Josefine,Julie Berthelsen & Martin Brygmann,16,16,3
2022-12-24,20,Let Love Be Love,Juice/SOAP/ Christina Featuring Remee,18,18,3
2022-12-24,21,Happy Xmas (War Is Over),John & Yoko/The Plastic Ono Band With The Harlem Community Choir,24,21,2
2022-12-24,22,It's The Most Wonderful Time Of The Year,Andy Williams,-,22,1
2022-12-24,23,Rockin' Around the Christmas Tree,Mel & Kim,23,23,3
2022-12-24,24,Guld Jul,Gulddreng,20,20,3
2022-12-24,25,Jul Pa Vesterbro,Anders Matthesen,22,22,3
2022-12-31,1,Julehjertets Hemmelighed,Malte Ebert,6,1,3
2022-12-31,2,Last Christmas,Wham!,2,2,6
2022-12-31,3,Tinka (Feat. Liive),Burhan G & Frida Brygmann Featuring Liive,1,1,6
2022-12-31,4,All I Want For Christmas Is You,Mariah Carey,3,2,6
2022-12-31,5,Santa Tell Me,Ariana Grande,4,4,5
2022-12-31,6,Jingle Bell Rock,Bobby Helms,5,5,5
2022-12-31,7,Mistletoe,Justin Bieber,7,5,5
2022-12-31,8,It's Beginning To Look A Lot Like Christmas,Michael Buble,9,8,5
2022-12-31,9,Der' Noget I December,Rasmus Seebach,8,6,5
2022-12-31,10,Driving Home For Christmas,Chris Rea,11,10,5
2022-12-31,11,Merry Christmas Everyone,Shakin' Stevens,10,7,5
2022-12-31,12,Do They Know It's Christmas?,Band Aid,12,12,4
2022-12-31,13,Lille Store Verden,Rasmus Seebach,13,10,5
2022-12-31,14,I En Stjerneregn Af Sne,Mads Langer,14,11,5
2022-12-31,15,Let It Snow! Let It Snow! Let It Snow!,Dean Martin,16,15,4
2022-12-31,16,Let Go,Central Cee,-,16,1
2022-12-31,17,Escapism,RAYE Featuring 070 Shake,15,15,3
2022-12-31,18,Kongespil (Tinka Og Kongespillet),Hjalmer,17,14,4
2022-12-31,19,My Only Wish (This Year),Britney Spears,18,17,4
2022-12-31,20,Happy Xmas (War Is Over),John & Yoko/The Plastic Ono Band With The Harlem Community Choir,21,20,3
2022-12-31,21,Jesus & Josefine,Julie Berthelsen & Martin Brygmann,19,16,4
2022-12-31,22,It's The Most Wonderful Time Of The Year,Andy Williams,22,22,2
2022-12-31,23,Let Love Be Love,Juice/SOAP/ Christina Featuring Remee,20,18,4
2022-12-31,24,Rockin' Around the Christmas Tree,Mel & Kim,23,23,4
2022-12-31,25,Guld Jul,Gulddreng,24,20,4
2023-01-07,1,Julehjertets Hemmelighed,Malte Ebert,1,1,4
2023-01-07,2,Last Christmas,Wham!,2,2,7
2023-01-07,3,All I Want For Christmas Is You,Mariah Carey,4,2,7
2023-01-07,4,Tinka (Feat. Liive),Burhan G & Frida Brygmann Featuring Liive,3,1,7
2023-01-07,5,Jingle Bell Rock,Bobby Helms,6,5,6
2023-01-07,6,Santa Tell Me,Ariana Grande,5,4,6
2023-01-07,7,It's Beginning To Look A Lot Like Christmas,Michael Buble,8,7,6
2023-01-07,8,Driving Home For Christmas,Chris Rea,10,8,6
2023-01-07,9,Mistletoe,Justin Bieber,7,5,6
2023-01-07,10,Merry Christmas Everyone,Shakin' Stevens,11,7,6
2023-01-07,11,Der' Noget I December,Rasmus Seebach,9,6,6
2023-01-07,12,Do They Know It's Christmas?,Band Aid,12,12,5
2023-01-07,13,Lille Store Verden,Rasmus Seebach,13,10,6
2023-01-07,14,Let It Snow! Let It Snow! Let It Snow!,Dean Martin,15,14,5
2023-01-07,15,It's The Most Wonderful Time Of The Year,Andy Williams,22,15,3
2023-01-07,16,Happy Xmas (War Is Over),John & Yoko/The Plastic Ono Band With The Harlem Community Choir,20,16,4
2023-01-07,17,I En Stjerneregn Af Sne,Mads Langer,14,11,6
2023-01-07,18,My Only Wish (This Year),Britney Spears,19,17,5
2023-01-07,19,The Christmas Song (Merry Christmas To You),"Nat ""King"" Cole",-,19,1
2023-01-07,20,Rockin' Around the Christmas Tree,Mel & Kim,24,20,5
2023-01-07,21,Kongespil (Tinka Og Kongespillet),Hjalmer,18,14,5
2023-01-07,22,Escapism,RAYE Featuring 070 Shake,17,15,4
2023-01-07,23,Jul Pa Vesterbro,Anders Matthesen,-,22,4
2023-01-07,24,Jesus & Josefine,Julie Berthelsen & Martin Brygmann,21,16,5
2023-01-07,25,Guld Jul,Gulddreng,25,20,5
2023-01-14,1,Flyvende Faduma,Tobias Rahim,-,1,18
2023-01-14,2,I'm Good (Blue),David Guetta & Bebe Rexha,-,1,15
2023-01-14,3,Escapism,RAYE Featuring 070 Shake,22,3,5
2023-01-14,4,Stor Mand,Tobias Rahim X andreas odbjerg,-,1,43
2023-01-14,5,Elo Elo,"Benny Jamz, Gilli & Kesi Featuring B.O.C.",-,5,1
2023-01-14,6,Verden Vagner,Gilli & Saveus,-,1,9
2023-01-14,7,Ferrari,James Hype & Miggy Dela Rosa,-,7,14
2023-01-14,8,Feberdrommer Xx Dubai,Tobias Rahim,-,1,26
2023-01-14,9,"Gode Dage, Gode Drinks",Lamin,-,3,17
2023-01-14,10,Creepin',"Metro Boomin , The Weeknd & 21 Savage",-,10,1
2023-01-14,11,Unholy,Sam Smith & Kim Petras,-,3,10
2023-01-14,12,Danser Med Piger,Danser Med Piger,-,12,9
2023-01-14,13,Tro Pa Kaerlighed,Gobs,-,6,9
2023-01-14,14,Let Go,Central Cee,-,14,2
2023-01-14,15,Mucki Bar,Tobias Rahim,-,1,40
2023-01-14,16,Drom Mig Vaek,D1MA,-,2,34
2023-01-14,17,Juice,Blaest,-,9,13
2023-01-14,18,Kill Bill,SZA,-,18,1
2023-01-14,19,Hjem Fra Fabrikken,andreas odbjerg,-,1,33
2023-01-14,20,Ozonlag A Energi,Tobias Rahim Featuring Niels Brandt,-,3,6
2023-01-14,21,Vagen,Artigeardit & Lamin,-,9,21
2023-01-14,22,10:35,Tiesto Featuring Tate McRae,-,22,1
2023-01-14,23,Chopmoney,Branco Featuring ICEKIID,-,23,1
2023-01-14,24,Made You Look,Meghan Trainor,-,18,3
2023-01-14,25,Stupid Man,Mike Lowrey Featuring Gobs & Thomas Helmig,-,2,18
2023-01-21,1,Elo Elo,"Benny Jamz, Gilli & Kesi Featuring B.O.C.",5,1,2
2023-01-21,2,Escapism,RAYE Featuring 070 Shake,3,2,6
2023-01-21,3,Creepin',"Metro Boomin , The Weeknd & 21 Savage",10,3,2
2023-01-21,4,I'm Good (Blue),David Guetta & Bebe Rexha,2,1,16
2023-01-21,5,Alive Alive Alive,Tobias Rahim,-,5,1
2023-01-21,6,Ferrari,James Hype & Miggy Dela Rosa,7,6,15
2023-01-21,7,Flyvende Faduma,Tobias Rahim,1,1,19
2023-01-21,8,Verden Vagner,Gilli & Saveus,6,1,10
2023-01-21,9,Tro Pa Kaerlighed,Gobs,13,6,10
2023-01-21,10,Kill Bill,SZA,18,10,2
2023-01-21,11,Stor Mand,Tobias Rahim X andreas odbjerg,4,1,44
2023-01-21,12,Let Go,Central Cee,14,12,3
2023-01-21,13,"Gode Dage, Gode Drinks",Lamin,9,3,18
2023-01-21,14,Unholy,Sam Smith & Kim Petras,11,3,11
2023-01-21,15,Ozonlag A Energi,Tobias Rahim Featuring Niels Brandt,20,3,7
2023-01-21,16,I'll Be Waiting,Cian Ducrot,-,16,1
2023-01-21,17,Feberdrommer Xx Dubai,Tobias Rahim,8,1,27
2023-01-21,18,Drom Mig Vaek,D1MA,16,2,35
2023-01-21,19,How Do I Say Goodbye,Dean Lewis,-,9,9
2023-01-21,20,Kig Forbi,Lamin X Johnson,-,20,1
2023-01-21,21,10:35,Tiesto Featuring Tate McRae,22,21,2
2023-01-21,22,Another Love,Tom Odell,-,22,6
2023-01-21,23,Hvad Skal Der Ske,Lamin & ICEKIID,-,5,12
2023-01-21,24,Made You Look,Meghan Trainor,24,18,4
2023-01-21,25,Chopmoney,Branco Featuring ICEKIID,23,23,2
2023-01-28,1,Flowers,Miley Cyrus,-,1,1
2023-01-28,2,Escapism,RAYE Featuring 070 Shake,2,2,7
2023-01-28,3,Creepin',"Metro Boomin , The Weeknd & 21 Savage",3,3,3
2023-01-28,4,Elo Elo,"Benny Jamz, Gilli & Kesi Featuring B.O.C.",1,1,3
2023-01-28,5,Kill Bill,SZA,10,5,3
2023-01-28,6,I'm Good (Blue),David Guetta & Bebe Rexha,4,1,17
2023-01-28,7,Ferrari,James Hype & Miggy Dela Rosa,6,6,16
2023-01-28,8,Alive Alive Alive,Tobias Rahim,5,5,2
2023-01-28,9,Flyvende Faduma,Tobias Rahim,7,1,20
2023-01-28,10,Verden Vagner,Gilli & Saveus,8,1,11
2023-01-28,11,Let Go,Central Cee,12,11,4
2023-01-28,12,Wow Wow,Jimilian Featuring Branco,-,12,1
2023-01-28,13,Tro Pa Kaerlighed,Gobs,9,6,11
2023-01-28,14,Stor Mand,Tobias Rahim X andreas odbjerg,11,1,45
2023-01-28,15,"Gode Dage, Gode Drinks",Lamin,13,3,19
2023-01-28,16,Unholy,Sam Smith & Kim Petras,14,3,12
2023-01-28,17,People,Libianca,-,17,1
2023-01-28,18,How Do I Say Goodbye,Dean Lewis,19,9,10
2023-01-28,19,10:35,Tiesto Featuring Tate McRae,21,19,3
2023-01-28,20,I'll Be Waiting,Cian Ducrot,16,16,2
2023-01-28,21,Another Love,Tom Odell,22,21,7
2023-01-28,22,Feberdrommer Xx Dubai,Tobias Rahim,17,1,28
2023-01-28,23,Hvad Skal Der Ske,Lamin & ICEKIID,23,5,13
2023-01-28,24,Ozonlag A Energi,Tobias Rahim Featuring Niels Brandt,15,3,8
2023-01-28,25,Anti-Hero,Taylor Swift,-,9,6
2023-02-04,1,Flowers,Miley Cyrus,1,1,2
2023-02-04,2,Escapism,RAYE Featuring 070 Shake,2,2,8
2023-02-04,3,Creepin',"Metro Boomin , The Weeknd & 21 Savage",3,3,4
2023-02-04,4,Elo Elo,"Benny Jamz, Gilli & Kesi Featuring B.O.C.",4,1,4
2023-02-04,5,I'm Good (Blue),David Guetta & Bebe Rexha,6,1,18
2023-02-04,6,Ferrari,James Hype & Miggy Dela Rosa,7,6,17
2023-02-04,7,Kill Bill,SZA,5,5,4
2023-02-04,8,Alive Alive Alive,Tobias Rahim,8,5,3
2023-02-04,9,Flyvende Faduma,Tobias Rahim,9,1,21
2023-02-04,10,Verden Vagner,Gilli & Saveus,10,1,12
2023-02-04,11,People,Libianca,17,11,2
2023-02-04,12,Tro Pa Kaerlighed,Gobs,13,6,12
2023-02-04,13,Let Go,Central Cee,11,11,5
2023-02-04,14,10:35,Tiesto Featuring Tate McRae,19,14,4
2023-02-04,15,"Gode Dage, Gode Drinks",Lamin,15,3,20
2023-02-04,16,Betalt,"Tessa, Lamin & Benny Jamz",-,16,1
2023-02-04,17,Unholy,Sam Smith & Kim Petras,16,3,13
2023-02-04,18,Stor Mand,Tobias Rahim X andreas odbjerg,14,1,46
2023-02-04,19,I'll Be Waiting,Cian Ducrot,20,16,3
2023-02-04,20,How Do I Say Goodbye,Dean Lewis,18,9,11
2023-02-04,21,Hvad Skal Der Ske,Lamin & ICEKIID,23,5,14
2023-02-04,22,Ozonlag A Energi,Tobias Rahim Featuring Niels Brandt,24,3,9
2023-02-04,23,Anti-Hero,Taylor Swift,25,9,7
2023-02-04,24,Another Love,Tom Odell,21,21,8
2023-02-04,25,Wow Wow,Jimilian Featuring Branco,12,12,2
2023-02-11,1,Flowers,Miley Cyrus,1,1,3
2023-02-11,2,Laenge Leve,Artigeardit,-,2,1
2023-02-11,3,Ensom,Artigeardit,-,3,1
2023-02-11,4,Tetovo,Artigeardit,-,4,1
2023-02-11,5,Snubler,Artigeardit,-,5,1
2023-02-11,6,Escapism,RAYE Featuring 070 Shake,2,2,9
2023-02-11,7,Creepin',"Metro Boomin , The Weeknd & 21 Savage",3,3,5
2023-02-11,8,Ferrari,James Hype & Miggy Dela Rosa,6,6,18
2023-02-11,9,Chart,Artigeardit,-,9,1
2023-02-11,10,I'm Good (Blue),David Guetta & Bebe Rexha,5,1,19
2023-02-11,11,Kill Bill,SZA,7,5,5
2023-02-11,12,Elo Elo,"Benny Jamz, Gilli & Kesi Featuring B.O.C.",4,1,5
2023-02-11,13,Verden Vagner,Gilli & Saveus,10,1,13
2023-02-11,14,Flyvende Faduma,Tobias Rahim,9,1,22
2023-02-11,15,Til Mig Selv,Artigeardit,-,15,1
2023-02-11,16,Sidste Gang,Artigeardit,-,16,1
2023-02-11,17,Alive Alive Alive,Tobias Rahim,8,5,4
2023-02-11,18,"Gode Dage, Gode Drinks",Lamin,15,3,21
2023-02-11,19,Lidt Endnu,Medina & D1MA,-,19,1
2023-02-11,20,Tro Pa Kaerlighed,Gobs,12,6,13
2023-02-11,21,People,Libianca,11,11,3
2023-02-11,22,10:35,Tiesto Featuring Tate McRae,14,14,5
2023-02-11,23,Solskin,Artigeardit,-,23,1
2023-02-11,24,"Alting, Altid",Artigeardit,-,24,1
2023-02-11,25,Stor Mand,Tobias Rahim X andreas odbjerg,18,1,47
2023-02-18,1,Flowers,Miley Cyrus,1,1,4
2023-02-18,2,For Altid,TopGunn,-,2,1
2023-02-18,3,Laenge Leve,Artigeardit,2,2,2
2023-02-18,4,Escapism,RAYE Featuring 070 Shake,6,2,10
2023-02-18,5,Creepin',"Metro Boomin , The Weeknd & 21 Savage",7,3,6
2023-02-18,6,Lidt Endnu,Medina & D1MA,19,6,2
2023-02-18,7,Ferrari,James Hype & Miggy Dela Rosa,8,6,19
2023-02-18,8,Ensom,Artigeardit,3,3,2
2023-02-18,9,Verden Vagner,Gilli & Saveus,13,1,14
2023-02-18,10,Flyvende Faduma,Tobias Rahim,14,1,23
2023-02-18,11,Kill Bill,SZA,11,5,6
2023-02-18,12,I'm Good (Blue),David Guetta & Bebe Rexha,10,1,20
2023-02-18,13,I Dette Sekund,Gobs,-,13,1
2023-02-18,14,Elo Elo,"Benny Jamz, Gilli & Kesi Featuring B.O.C.",12,1,6
2023-02-18,15,Unholy,Sam Smith & Kim Petras,-,3,14
2023-02-18,16,Tro Pa Kaerlighed,Gobs,20,6,14
2023-02-18,17,Alive Alive Alive,Tobias Rahim,17,5,5
2023-02-18,18,Snubler,Artigeardit,5,5,2
2023-02-18,19,"Gode Dage, Gode Drinks",Lamin,18,3,22
2023-02-18,20,Tetovo,Artigeardit,4,4,2
2023-02-18,21,10:35,Tiesto Featuring Tate McRae,22,14,6
2023-02-18,22,People,Libianca,21,11,4
2023-02-18,23,Stor Mand,Tobias Rahim X andreas odbjerg,25,1,48
2023-02-18,24,Love Again,The Kid Laroi,-,24,1
2023-02-18,25,Sure Thing,Miguel,-,25,1
2023-02-25,1,Flowers,Miley Cyrus,1,1,5
2023-02-25,2,For Altid,TopGunn,2,2,2
2023-02-25,3,Sporgsmal,"Stepz, Gilli & Lamin",-,3,1
2023-02-25,4,+45 1888,Gobs,-,4,1
2023-02-25,5,Tro Pa Kaerlighed,Gobs,16,5,15
2023-02-25,6,Lidt Endnu,Medina & D1MA,6,6,3
2023-02-25,7,I Dette Sekund,Gobs,13,7,2
2023-02-25,8,Laenge Leve,Artigeardit,3,2,3
2023-02-25,9,Escapism,RAYE Featuring 070 Shake,4,2,11
2023-02-25,10,Creepin',"Metro Boomin , The Weeknd & 21 Savage",5,3,7
2023-02-25,11,Flyvende Faduma,Tobias Rahim,10,1,24
2023-02-25,12,Ferrari,James Hype & Miggy Dela Rosa,7,6,20
2023-02-25,13,Kill Bill,SZA,11,5,7
2023-02-25,14,Verden Vagner,Gilli & Saveus,9,1,15
2023-02-25,15,Flytter Bjerge,Gobs Featuring Branco,-,15,1
2023-02-25,16,Frie Fugle,Gobs Featuring Hjalmer,-,16,1
2023-02-25,17,I'm Good (Blue),David Guetta & Bebe Rexha,12,1,21
2023-02-25,18,Endnu En Krig,Gobs Featuring Lasse Skriver,-,18,1
2023-02-25,19,"Gode Dage, Gode Drinks",Lamin,19,3,23
2023-02-25,20,Elo Elo,"Benny Jamz, Gilli & Kesi Featuring B.O.C.",14,1,7
2023-02-25,21,Alive Alive Alive,Tobias Rahim,17,5,6
2023-02-25,22,Players,Coi Leray,-,22,1
2023-02-25,23,Stor Mand,Tobias Rahim X andreas odbjerg,23,1,49
2023-02-25,24,People,Libianca,22,11,5
2023-02-25,25,10:35,Tiesto Featuring Tate McRae,21,14,7
2023-03-04,1,Flowers,Miley Cyrus,1,1,6
2023-03-04,2,For Altid,TopGunn,2,2,3
2023-03-04,3,All In,Blaest Featuring Lamin,-,3,1
2023-03-04,4,+45 1888,Gobs,4,4,2
2023-03-04,5,Sporgsmal,"Stepz, Gilli & Lamin",3,3,2
2023-03-04,6,"Boy's A Liar, Pt. 2",PinkPantheress & Ice Spice,-,6,1
2023-03-04,7,Creepin',"Metro Boomin , The Weeknd & 21 Savage",10,3,8
2023-03-04,8,Kill Bill,SZA,13,5,8
2023-03-04,9,Lidt Endnu,Medina & D1MA,6,6,4
2023-03-04,10,Escapism,RAYE Featuring 070 Shake,9,2,12
2023-03-04,11,Flyvende Faduma,Tobias Rahim,11,1,25
2023-03-04,12,Tro Pa Kaerlighed,Gobs,5,5,16
2023-03-04,13,Ferrari,James Hype & Miggy Dela Rosa,12,6,21
2023-03-04,14,Verden Vagner,Gilli & Saveus,14,1,16
2023-03-04,15,Laenge Leve,Artigeardit,8,2,4
2023-03-04,16,I'm Good (Blue),David Guetta & Bebe Rexha,17,1,22
2023-03-04,17,"Gode Dage, Gode Drinks",Lamin,19,3,24
2023-03-04,18,Frie Fugle,Gobs Featuring Hjalmer,16,16,2
2023-03-04,19,I Dette Sekund,Gobs,7,7,3
2023-03-04,20,Elo Elo,"Benny Jamz, Gilli & Kesi Featuring B.O.C.",20,1,8
2023-03-04,21,Endnu En Krig,Gobs Featuring Lasse Skriver,18,18,2
2023-03-04,22,People,Libianca,24,11,6
2023-03-04,23,Flytter Bjerge,Gobs Featuring Branco,15,15,2
2023-03-04,24,Players,Coi Leray,22,22,2
2023-03-04,25,Og Du Blev Til En Hvid Fugl,The Minds Of 99,-,25,1
2023-03-11,1,For Altid,TopGunn,2,1,4
2023-03-11,2,Flowers,Miley Cyrus,1,1,7
2023-03-11,3,RTW,Lamin,-,3,1
2023-03-11,4,All In,Blaest Featuring Lamin,3,3,2
2023-03-11,5,Die For You,The Weeknd & Ariana Grande,-,5,1
2023-03-11,6,+45 1888,Gobs,4,4,3
2023-03-11,7,Mr. Lummer,Ude Af Kontrol Featuring Stewart Stardust,-,7,1
2023-03-11,8,Sporgsmal,"Stepz, Gilli & Lamin",5,3,3
2023-03-11,9,"Boy's A Liar, Pt. 2",PinkPantheress & Ice Spice,6,6,2
2023-03-11,10,Creepin',"Metro Boomin , The Weeknd & 21 Savage",7,3,9
2023-03-11,11,Flyvende Faduma,Tobias Rahim,11,1,26
2023-03-11,12,Verden Vagner,Gilli & Saveus,14,1,17
2023-03-11,13,Ferrari,James Hype & Miggy Dela Rosa,13,6,22
2023-03-11,14,Escapism,RAYE Featuring 070 Shake,10,2,13
2023-03-11,15,Kill Bill,SZA,8,5,9
2023-03-11,16,Tro Pa Kaerlighed,Gobs,12,5,17
2023-03-11,17,I'm Good (Blue),David Guetta & Bebe Rexha,16,1,23
2023-03-11,18,Lidt Endnu,Medina & D1MA,9,6,5
2023-03-11,19,Frie Fugle,Gobs Featuring Hjalmer,18,16,3
2023-03-11,20,People,Libianca,22,11,7
2023-03-11,21,Stor Mand,Tobias Rahim X andreas odbjerg,-,1,50
2023-03-11,22,Og Du Blev Til En Hvid Fugl,The Minds Of 99,25,22,2
2023-03-11,23,"Gode Dage, Gode Drinks",Lamin,17,3,25
2023-03-11,24,Elo Elo,"Benny Jamz, Gilli & Kesi Featuring B.O.C.",20,1,9
2023-03-11,25,I Dette Sekund,Gobs,19,7,4
2023-03-18,1,For Altid,TopGunn,1,1,5
2023-03-18,2,Flowers,Miley Cyrus,2,1,8
2023-03-18,3,Die For You,The Weeknd & Ariana Grande,5,3,2
2023-03-18,4,RTW,Lamin,3,3,2
2023-03-18,5,Moonlight,D1MA,-,5,1
2023-03-18,6,All In,Blaest Featuring Lamin,4,3,3
2023-03-18,7,+45 1888,Gobs,6,4,4
2023-03-18,8,Sporgsmal,"Stepz, Gilli & Lamin",8,3,4
2023-03-18,9,Hustle & Kaerlighed,"Tessa, Kesi & ICEKIID",-,9,1
2023-03-18,10,Flyvende Faduma,Tobias Rahim,11,1,27
2023-03-18,11,Verden Vagner,Gilli & Saveus,12,1,18
2023-03-18,12,"Boy's A Liar, Pt. 2",PinkPantheress & Ice Spice,9,6,3
2023-03-18,13,Ferrari,James Hype & Miggy Dela Rosa,13,6,23
2023-03-18,14,Creepin',"Metro Boomin , The Weeknd & 21 Savage",10,3,10
2023-03-18,15,People,Libianca,20,11,8
2023-03-18,16,Mr. Lummer,Ude Af Kontrol Featuring Stewart Stardust,7,7,2
2023-03-18,17,Tro Pa Kaerlighed,Gobs,16,5,18
2023-03-18,18,Lidt Endnu,Medina & D1MA,18,6,6
2023-03-18,19,I'm Good (Blue),David Guetta & Bebe Rexha,17,1,24
2023-03-18,20,Kill Bill,SZA,15,5,10
2023-03-18,21,Escapism,RAYE Featuring 070 Shake,14,2,14
2023-03-18,22,"Gode Dage, Gode Drinks",Lamin,23,3,26
2023-03-18,23,Frie Fugle,Gobs Featuring Hjalmer,19,16,4
2023-03-18,24,Og Du Blev Til En Hvid Fugl,The Minds Of 99,22,22,3
2023-03-18,25,Elo Elo,"Benny Jamz, Gilli & Kesi Featuring B.O.C.",24,1,10
2023-03-25,1,For Altid,TopGunn,1,1,6
2023-03-25,2,Flowers,Miley Cyrus,2,1,9
2023-03-25,3,Moonlight,D1MA,5,3,2
2023-03-25,4,RTW,Lamin,4,3,3
2023-03-25,5,Die For You,The Weeknd & Ariana Grande,3,3,3
2023-03-25,6,All In,Blaest Featuring Lamin,6,3,4
2023-03-25,7,People,Libianca,15,7,9
2023-03-25,8,Sporgsmal,"Stepz, Gilli & Lamin",8,3,5
2023-03-25,9,Jet Li,Stepz & Benny Jamz,-,9,1
2023-03-25,10,Verden Vagner,Gilli & Saveus,11,1,19
2023-03-25,11,Ferrari,James Hype & Miggy Dela Rosa,13,6,24
2023-03-25,12,Flyvende Faduma,Tobias Rahim,10,1,28
2023-03-25,13,Creepin',"Metro Boomin , The Weeknd & 21 Savage",14,3,11
2023-03-25,14,Tro Pa Kaerlighed,Gobs,17,5,19
2023-03-25,15,"Boy's A Liar, Pt. 2",PinkPantheress & Ice Spice,12,6,4
2023-03-25,16,I'm Good (Blue),David Guetta & Bebe Rexha,19,1,25
2023-03-25,17,Oh My God,Saint Clara,-,17,1
2023-03-25,18,Escapism,RAYE Featuring 070 Shake,21,2,15
2023-03-25,19,Kill Bill,SZA,20,5,11
2023-03-25,20,+45 1888,Gobs,7,4,5
2023-03-25,21,Lidt Endnu,Medina & D1MA,18,6,7
2023-03-25,22,"Gode Dage, Gode Drinks",Lamin,22,3,27
2023-03-25,23,Og Du Blev Til En Hvid Fugl,The Minds Of 99,24,22,4
2023-03-25,24,Forsvinder Aldrig,D1MA,-,24,1
2023-03-25,25,Mr. Lummer,Ude Af Kontrol Featuring Stewart Stardust,16,7,3
2023-04-01,1,Moonlight,D1MA,3,1,3
2023-04-01,2,For Altid,TopGunn,1,1,7
2023-04-01,3,Flowers,Miley Cyrus,2,1,10
2023-04-01,4,People,Libianca,7,4,10
2023-04-01,5,RTW,Lamin,4,3,4
2023-04-01,6,Die For You,The Weeknd & Ariana Grande,5,3,4
2023-04-01,7,Creepin',"Metro Boomin , The Weeknd & 21 Savage",13,3,12
2023-04-01,8,Daglig Dosis,Branco,-,8,1
2023-04-01,9,Verden Vagner,Gilli & Saveus,10,1,20
2023-04-01,10,Ferrari,James Hype & Miggy Dela Rosa,11,6,25
2023-04-01,11,Flyvende Faduma,Tobias Rahim,12,1,29
2023-04-01,12,Oh My God,Saint Clara,17,12,2
2023-04-01,13,Og Du Blev Til En Hvid Fugl,The Minds Of 99,23,13,5
2023-04-01,14,Tro Pa Kaerlighed,Gobs,14,5,20
2023-04-01,15,I'm Good (Blue),David Guetta & Bebe Rexha,16,1,26
2023-04-01,16,All In,Blaest Featuring Lamin,6,3,5
2023-04-01,17,Stor Mand,Tobias Rahim X andreas odbjerg,-,1,51
2023-04-01,18,Kill Bill,SZA,19,5,12
2023-04-01,19,Escapism,RAYE Featuring 070 Shake,18,2,16
2023-04-01,20,"Boy's A Liar, Pt. 2",PinkPantheress & Ice Spice,15,6,5
2023-04-01,21,Til Vi Dor,D1MA,-,21,1
2023-04-01,22,Forsvinder Aldrig,D1MA,24,22,2
2023-04-01,23,Miracle,Calvin Harris & Ellie Goulding,-,23,1
2023-04-01,24,"Gode Dage, Gode Drinks",Lamin,22,3,28
2023-04-01,25,Sporgsmal,"Stepz, Gilli & Lamin",8,3,6
2023-04-08,1,Moonlight,D1MA,1,1,4
2023-04-08,2,For Altid,TopGunn,2,1,8
2023-04-08,3,Flowers,Miley Cyrus,3,1,11
2023-04-08,4,People,Libianca,4,4,11
2023-04-08,5,Oh My God,Saint Clara,12,5,3
2023-04-08,6,Eyes Closed,Ed Sheeran,-,6,1
2023-04-08,7,Flyvende Faduma,Tobias Rahim,11,1,30
2023-04-08,8,Creepin',"Metro Boomin , The Weeknd & 21 Savage",7,3,13
2023-04-08,9,Die For You,The Weeknd & Ariana Grande,6,3,5
2023-04-08,10,Verden Vagner,Gilli & Saveus,9,1,21
2023-04-08,11,Ferrari,James Hype & Miggy Dela Rosa,10,6,26
2023-04-08,12,Stor Mand,Tobias Rahim X andreas odbjerg,17,1,52
2023-04-08,13,Og Du Blev Til En Hvid Fugl,The Minds Of 99,13,13,6
2023-04-08,14,RTW,Lamin,5,3,5
2023-04-08,15,I'm Good (Blue),David Guetta & Bebe Rexha,15,1,27
2023-04-08,16,Tro Pa Kaerlighed,Gobs,14,5,21
2023-04-08,17,Miracle,Calvin Harris & Ellie Goulding,23,17,2
2023-04-08,18,Kill Bill,SZA,18,5,13
2023-04-08,19,"Gode Dage, Gode Drinks",Lamin,24,3,29
2023-04-08,20,All In,Blaest Featuring Lamin,16,3,6
2023-04-08,21,Escapism,RAYE Featuring 070 Shake,19,2,17
2023-04-08,22,Calm Down,Rema & Selena Gomez,-,22,1
2023-04-08,23,"Boy's A Liar, Pt. 2",PinkPantheress & Ice Spice,20,6,6
2023-04-08,24,Lidt Endnu,Medina & D1MA,-,6,8
2023-04-08,25,Frie Fugle,Gobs Featuring Hjalmer,-,16,5
2023-04-15,1,Moonlight,D1MA,1,1,5
2023-04-15,2,God Pige,Danser Med Piger Featuring TopGunn,-,2,1
2023-04-15,3,For Altid,TopGunn,2,1,9
2023-04-15,4,Flowers,Miley Cyrus,3,1,12
2023-04-15,5,Smugryger,andreas odbjerg,-,5,1
2023-04-15,6,People,Libianca,4,4,12
2023-04-15,7,Flyvende Faduma,Tobias Rahim,7,1,31
2023-04-15,8,All In,Blaest Featuring Lamin,20,3,7
2023-04-15,9,Toget,Tobias Rahim Featuring Barcode Brothers,-,9,1
2023-04-15,10,Se Dig Gaede,Gobs,-,10,1
2023-04-15,11,Stor Mand,Tobias Rahim X andreas odbjerg,12,1,53
2023-04-15,12,Oh My God,Saint Clara,5,5,4
2023-04-15,13,Terrier,Ida Laurberg,-,13,1
2023-04-15,14,Jeg Er Almindelig,ROSEL,-,14,1
2023-04-15,15,Eyes Closed,Ed Sheeran,6,6,2
2023-04-15,16,Verden Vagner,Gilli & Saveus,10,1,22
2023-04-15,17,Og Du Blev Til En Hvid Fugl,The Minds Of 99,13,13,7
2023-04-15,18,Ferrari,James Hype & Miggy Dela Rosa,11,6,27
2023-04-15,19,Miracle,Calvin Harris & Ellie Goulding,17,17,3
2023-04-15,20,Noget Med Noget,Benny Jamz,-,20,1
2023-04-15,21,Die For You,The Weeknd & Ariana Grande,9,3,6
2023-04-15,22,Creepin',"Metro Boomin , The Weeknd & 21 Savage",8,3,14
2023-04-15,23,I'm Good (Blue),David Guetta & Bebe Rexha,15,1,28
2023-04-15,24,Tro Pa Kaerlighed,Gobs,16,5,22
2023-04-15,25,RTW,Lamin,14,3,6
2023-04-22,1,God Pige,Danser Med Piger Featuring TopGunn,2,1,2
2023-04-22,2,Moonlight,D1MA,1,1,6
2023-04-22,3,For Altid,TopGunn,3,1,10
2023-04-22,4,Flowers,Miley Cyrus,4,1,13
2023-04-22,5,Smugryger,andreas odbjerg,5,5,2
2023-04-22,6,Terrier,Ida Laurberg,13,6,2
2023-04-22,7,People,Libianca,6,4,13
2023-04-22,8,Se Dig Gaede,Gobs,10,8,2
2023-04-22,9,All In,Blaest Featuring Lamin,8,3,8
2023-04-22,10,Flyvende Faduma,Tobias Rahim,7,1,32
2023-04-22,11,Eyes Closed,Ed Sheeran,15,6,3
2023-04-22,12,Oh My God,Saint Clara,12,5,5
2023-04-22,13,Jeg Er Almindelig,ROSEL,14,13,2
2023-04-22,14,Stor Mand,Tobias Rahim X andreas odbjerg,11,1,54
2023-04-22,15,Og Du Blev Til En Hvid Fugl,The Minds Of 99,17,13,8
2023-04-22,16,Miracle,Calvin Harris & Ellie Goulding,19,16,4
2023-04-22,17,Ferrari,James Hype & Miggy Dela Rosa,18,6,28
2023-04-22,18,Dronning Af Manen,Pil,-,18,1
2023-04-22,19,Die For You,The Weeknd & Ariana Grande,21,3,7
2023-04-22,20,Verden Vagner,Gilli & Saveus,16,1,23
2023-04-22,21,Creepin',"Metro Boomin , The Weeknd & 21 Savage",22,3,15
2023-04-22,22,I'm Good (Blue),David Guetta & Bebe Rexha,23,1,29
2023-04-22,23,Juice,Blaest,-,9,14
2023-04-22,24,Tro Pa Kaerlighed,Gobs,24,5,23
2023-04-22,25,"Gode Dage, Gode Drinks",Lamin,-,3,30
2023-04-29,1,God Pige,Danser Med Piger Featuring TopGunn,1,1,3
2023-04-29,2,Moonlight,D1MA,2,1,7
2023-04-29,3,For Altid,TopGunn,3,1,11
2023-04-29,4,Smugryger,andreas odbjerg,5,4,3
2023-04-29,5,Orange,Tobias Rahim,-,5,1
2023-04-29,6,Flowers,Miley Cyrus,4,1,14
2023-04-29,7,Daylight,David Kushner,-,7,1
2023-04-29,8,Terrier,Ida Laurberg,6,6,3
2023-04-29,9,Red Flags,Englando,-,9,1
2023-04-29,10,Flyvende Faduma,Tobias Rahim,10,1,33
2023-04-29,11,Chemical,Post Malone,-,11,1
2023-04-29,12,People,Libianca,7,4,14
2023-04-29,13,Miracle,Calvin Harris & Ellie Goulding,16,13,5
2023-04-29,14,All In,Blaest Featuring Lamin,9,3,9
2023-04-29,15,Og Du Blev Til En Hvid Fugl,The Minds Of 99,15,13,9
2023-04-29,16,Oh My God,Saint Clara,12,5,6
2023-04-29,17,Stor Mand,Tobias Rahim X andreas odbjerg,14,1,55
2023-04-29,18,Eyes Closed,Ed Sheeran,11,6,4
2023-04-29,19,Se Dig Gaede,Gobs,8,8,3
2023-04-29,20,Kill Bill,SZA,-,5,14
2023-04-29,21,Fraek,Jimilian,-,21,1
2023-04-29,22,Jeg Er Almindelig,ROSEL,13,13,3
2023-04-29,23,Dronning Af Manen,Pil,18,18,2
2023-04-29,24,Ferrari,James Hype & Miggy Dela Rosa,17,6,29
2023-04-29,25,"Gode Dage, Gode Drinks",Lamin,25,3,31
2023-05-06,1,God Pige,Danser Med Piger Featuring TopGunn,1,1,4
2023-05-06,2,Moonlight,D1MA,2,1,8
2023-05-06,3,For Altid,TopGunn,3,1,12
2023-05-06,4,Orange,Tobias Rahim,5,4,2
2023-05-06,5,Smugryger,andreas odbjerg,4,4,4
2023-05-06,6,Flowers,Miley Cyrus,6,1,15
2023-05-06,7,Daylight,David Kushner,7,7,2
2023-05-06,8,Double Fantasy,The Weeknd Featuring Future,-,8,1
2023-05-06,9,Terrier,Ida Laurberg,8,6,4
2023-05-06,10,Red Flags,Englando,9,9,2
2023-05-06,11,Se Dig Gaede,Gobs,19,8,4
2023-05-06,12,Miracle,Calvin Harris & Ellie Goulding,13,12,6
2023-05-06,13,All In,Blaest Featuring Lamin,14,3,10
2023-05-06,14,Flyvende Faduma,Tobias Rahim,10,1,34
2023-05-06,15,People,Libianca,12,4,15
2023-05-06,16,Fraek,Jimilian,21,16,2
2023-05-06,17,Oh My God,Saint Clara,16,5,7
2023-05-06,18,Chemical,Post Malone,11,11,2
2023-05-06,19,Og Du Blev Til En Hvid Fugl,The Minds Of 99,15,13,10
2023-05-06,20,Stor Mand,Tobias Rahim X andreas odbjerg,17,1,56
2023-05-06,21,Eyes Closed,Ed Sheeran,18,6,5
2023-05-06,22,Ferrari,James Hype & Miggy Dela Rosa,24,6,30
2023-05-06,23,Verden Vagner,Gilli & Saveus,-,1,24
2023-05-06,24,"Gode Dage, Gode Drinks",Lamin,25,3,32
2023-05-06,25,I'm Good (Blue),David Guetta & Bebe Rexha,-,1,30
2023-05-13,1,God Pige,Danser Med Piger Featuring TopGunn,1,1,5
2023-05-13,2,Moonlight,D1MA,2,1,9
2023-05-13,3,Orange,Tobias Rahim,4,3,3
2023-05-13,4,For Altid,TopGunn,3,1,13
2023-05-13,5,Smugryger,andreas odbjerg,5,4,5
2023-05-13,6,Flowers,Miley Cyrus,6,1,16
2023-05-13,7,Fraek,Jimilian,16,7,3
2023-05-13,8,Daylight,David Kushner,7,7,3
2023-05-13,9,Terrier,Ida Laurberg,9,6,5
2023-05-13,10,Miracle,Calvin Harris & Ellie Goulding,12,10,7
2023-05-13,11,People,Libianca,15,4,16
2023-05-13,12,Flyvende Faduma,Tobias Rahim,14,1,35
2023-05-13,13,Oh My God,Saint Clara,17,5,8
2023-05-13,14,Red Flags,Englando,10,9,3
2023-05-13,15,All In,Blaest Featuring Lamin,13,3,11
2023-05-13,16,Stor Mand,Tobias Rahim X andreas odbjerg,20,1,57
2023-05-13,17,Chemical,Post Malone,18,11,3
2023-05-13,18,Se Dig Gaede,Gobs,11,8,5
2023-05-13,19,"Gode Dage, Gode Drinks",Lamin,24,3,33
2023-05-13,20,Og Du Blev Til En Hvid Fugl,The Minds Of 99,19,13,11
2023-05-13,21,Verden Vagner,Gilli & Saveus,23,1,25
2023-05-13,22,Ferrari,James Hype & Miggy Dela Rosa,22,6,31
2023-05-13,23,Eyes Closed,Ed Sheeran,21,6,6
2023-05-13,24,Double Fantasy,The Weeknd Featuring Future,8,8,2
2023-05-13,25,Dronning Af Manen,Pil,-,18,3
2023-05-20,1,Tudo Bem,Benny Jamz & Gilli,-,1,1
2023-05-20,2,God Pige,Danser Med Piger Featuring TopGunn,1,1,6
2023-05-20,3,Moonlight,D1MA,2,1,10
2023-05-20,4,Orange,Tobias Rahim,3,3,4
2023-05-20,5,Smugryger,andreas odbjerg,5,4,6
2023-05-20,6,For Altid,TopGunn,4,1,14
2023-05-20,7,Flowers,Miley Cyrus,6,1,17
2023-05-20,8,Eyes Closed,Ed Sheeran,23,6,7
2023-05-20,9,Terrier,Ida Laurberg,9,6,6
2023-05-20,10,People,Libianca,11,4,17
2023-05-20,11,Flyvende Faduma,Tobias Rahim,12,1,36
2023-05-20,12,Miracle,Calvin Harris & Ellie Goulding,10,10,8
2023-05-20,13,Stor Mand,Tobias Rahim X andreas odbjerg,16,1,58
2023-05-20,14,Fraek,Jimilian,7,7,4
2023-05-20,15,Daylight,David Kushner,8,7,4
2023-05-20,16,Palermo,Benny Jamz & Kesi,-,16,1
2023-05-20,17,Oh My God,Saint Clara,13,5,9
2023-05-20,18,Red Flags,Englando,14,9,4
2023-05-20,19,Verden Vagner,Gilli & Saveus,21,1,26
2023-05-20,20,All In,Blaest Featuring Lamin,15,3,12
2023-05-20,21,Helwa,Baloosh Featuring Pay // Xabski,-,21,1
2023-05-20,22,Honeymoon,Branco & NODE,-,22,1
2023-05-20,23,Se Dig Gaede,Gobs,18,8,6
2023-05-20,24,Dronning Af Manen,Pil,25,18,4
2023-05-20,25,"Gode Dage, Gode Drinks",Lamin,19,3,34
2023-05-27,1,Uden Dig,Ukendt Kunstner,-,1,1
2023-05-27,2,Dansktop,Ukendt Kunstner,-,2,1
2023-05-27,3,Gran Turismo,Ukendt Kunstner,-,3,1
2023-05-27,4,Hele Dagen,Ukendt Kunstner,-,4,1
2023-05-27,5,Hena,Ukendt Kunstner,-,5,1
2023-05-27,6,Fastelavn,Ukendt Kunstner,-,6,1
2023-05-27,7,Stjernekigger,Ukendt Kunstner,-,7,1
2023-05-27,8,For Livet,Ukendt Kunstner,-,8,1
2023-05-27,9,Tudo Bem,Benny Jamz & Gilli,1,1,2
2023-05-27,10,Kerosin,Ukendt Kunstner,-,10,1
2023-05-27,11,Jumeirah,ICEKIID X Artigeardit,-,11,1
2023-05-27,12,God Pige,Danser Med Piger Featuring TopGunn,2,1,7
2023-05-27,13,Aerosol,Ukendt Kunstner,-,13,1
2023-05-27,14,Moonlight,D1MA,3,1,11
2023-05-27,15,Tattoo,Loreen,-,15,1
2023-05-27,16,Interlude,Ukendt Kunstner,-,16,1
2023-05-27,17,For Altid,TopGunn,6,1,15
2023-05-27,18,Smugryger,andreas odbjerg,5,4,7
2023-05-27,19,Flowers,Miley Cyrus,7,1,18
2023-05-27,20,Miracle,Calvin Harris & Ellie Goulding,12,10,9
2023-05-27,21,Flyvende Faduma,Tobias Rahim,11,1,37
2023-05-27,22,Palermo,Benny Jamz & Kesi,16,16,2
2023-05-27,23,Orange,Tobias Rahim,4,3,5
2023-05-27,24,Terrier,Ida Laurberg,9,6,7
2023-05-27,25,People,Libianca,10,4,18
2023-06-03,1,Uden Dig,Ukendt Kunstner,1,1,2
2023-06-03,2,Tudo Bem,Benny Jamz & Gilli,9,1,3
2023-06-03,3,Jumeirah,ICEKIID X Artigeardit,11,3,2
2023-06-03,4,God Pige,Danser Med Piger Featuring TopGunn,12,1,8
2023-06-03,5,Moonlight,D1MA,14,1,12
2023-06-03,6,Baddies & Draris,Lamin,-,6,1
2023-06-03,7,Dansktop,Ukendt Kunstner,2,2,2
2023-06-03,8,Hele Dagen,Ukendt Kunstner,4,4,2
2023-06-03,9,Smugryger,andreas odbjerg,18,4,8
2023-06-03,10,For Altid,TopGunn,17,1,16
2023-06-03,11,Tattoo,Loreen,15,11,2
2023-06-03,12,Gran Turismo,Ukendt Kunstner,3,3,2
2023-06-03,13,Hena,Ukendt Kunstner,5,5,2
2023-06-03,14,Flowers,Miley Cyrus,19,1,19
2023-06-03,15,Stjernekigger,Ukendt Kunstner,7,7,2
2023-06-03,16,Flyvende Faduma,Tobias Rahim,21,1,38
2023-06-03,17,Miracle,Calvin Harris & Ellie Goulding,20,10,10
2023-06-03,18,Oh My God,Saint Clara,-,5,10
2023-06-03,19,Terrier,Ida Laurberg,24,6,8
2023-06-03,20,Fastelavn,Ukendt Kunstner,6,6,2
2023-06-03,21,People,Libianca,25,4,19
2023-06-03,22,Palermo,Benny Jamz & Kesi,22,16,3
2023-06-03,23,For Livet,Ukendt Kunstner,8,8,2
2023-06-03,24,Orange,Tobias Rahim,23,3,6
2023-06-03,25,Stor Mand,Tobias Rahim X andreas odbjerg,-,1,59
2023-06-10,1,Uden Dig,Ukendt Kunstner,1,1,3
2023-06-10,2,Jumeirah,ICEKIID X Artigeardit,3,2,3
2023-06-10,3,Fast Life,Stepz X Gilli,-,3,1
2023-06-10,4,Tudo Bem,Benny Jamz & Gilli,2,1,4
2023-06-10,5,God Pige,Danser Med Piger Featuring TopGunn,4,1,9
2023-06-10,6,Spakone,Artigeardit,-,6,1
2023-06-10,7,Moonlight,D1MA,5,1,13
2023-06-10,8,Baddies & Draris,Lamin,6,6,2
2023-06-10,9,For Altid,TopGunn,10,1,17
2023-06-10,10,Smugryger,andreas odbjerg,9,4,9
2023-06-10,11,Flyvende Faduma,Tobias Rahim,16,1,39
2023-06-10,12,Flowers,Miley Cyrus,14,1,20
2023-06-10,13,Dansktop,Ukendt Kunstner,7,2,3
2023-06-10,14,Stor Mand,Tobias Rahim X andreas odbjerg,25,1,60
2023-06-10,15,Miracle,Calvin Harris & Ellie Goulding,17,10,11
2023-06-10,16,Hele Dagen,Ukendt Kunstner,8,4,3
2023-06-10,17,Tattoo,Loreen,11,11,3
2023-06-10,18,Terrier,Ida Laurberg,19,6,9
2023-06-10,19,Oh My God,Saint Clara,18,5,11
2023-06-10,20,"Gode Dage, Gode Drinks",Lamin,-,3,35
2023-06-10,21,People,Libianca,21,4,20
2023-06-10,22,Orange,Tobias Rahim,24,3,7
2023-06-10,23,Foles Godt,Uro X Mekdes,-,23,1
2023-06-10,24,Verden Vagner,Gilli & Saveus,-,1,27
2023-06-10,25,Palermo,Benny Jamz & Kesi,22,16,4
2023-06-17,1,Uden Dig,Ukendt Kunstner,1,1,4
2023-06-17,2,Sprinter,Dave & Central Cee,-,2,1
2023-06-17,3,Jumeirah,ICEKIID X Artigeardit,2,2,4
2023-06-17,4,Vi 1,Tobias Rahim,-,4,1
2023-06-17,5,Som Forleden,Lamin,-,5,1
2023-06-17,6,Baddies & Draris,Lamin,8,6,3
2023-06-17,7,Fast Life,Stepz X Gilli,3,3,2
2023-06-17,8,Moonlight,D1MA,7,1,14
2023-06-17,9,God Pige,Danser Med Piger Featuring TopGunn,5,1,10
2023-06-17,10,Jeg Ka' Rigtig Godt Li' Dig,Ida Laurberg + andreas odbjerg,-,10,1
2023-06-17,11,Tudo Bem,Benny Jamz & Gilli,4,1,5
2023-06-17,12,Hope This Song Is For You,Christopher,-,12,1
2023-06-17,13,Spakone,Artigeardit,6,6,2
2023-06-17,14,Smugryger,andreas odbjerg,10,4,10
2023-06-17,15,For Altid,TopGunn,9,1,18
2023-06-17,16,A Beautiful Life,Christopher,-,16,1
2023-06-17,17,Stor Mand,Tobias Rahim X andreas odbjerg,14,1,61
2023-06-17,18,Flowers,Miley Cyrus,12,1,21
2023-06-17,19,Flyvende Faduma,Tobias Rahim,11,1,40
2023-06-17,20,Miracle,Calvin Harris & Ellie Goulding,15,10,12
2023-06-17,21,Foles Godt,Uro X Mekdes,23,21,2
2023-06-17,22,Terrier,Ida Laurberg,18,6,10
2023-06-17,23,Oh My God,Saint Clara,19,5,12
2023-06-17,24,Puto Criminel,Magzim Featuring Zuuz,-,24,1
2023-06-17,25,People,Libianca,21,4,21
2023-06-24,1,Tak For Sidst,Gobs,-,1,1
2023-06-24,2,Vi 1,Tobias Rahim,4,2,2
2023-06-24,3,Sprinter,Dave & Central Cee,2,2,2
2023-06-24,4,Uden Dig,Ukendt Kunstner,1,1,5
2023-06-24,5,Jumeirah,ICEKIID X Artigeardit,3,2,5
2023-06-24,6,Under Radar,"Benny Jamz, Gilli & Kesi Featuring B.O.C.",-,6,1
2023-06-24,7,Hope This Song Is For You,Christopher,12,7,2
2023-06-24,8,Jeg Ka' Rigtig Godt Li' Dig,Ida Laurberg + andreas odbjerg,10,8,2
2023-06-24,9,Som Forleden,Lamin,5,5,2
2023-06-24,10,Baddies & Draris,Lamin,6,6,4
2023-06-24,11,Moonlight,D1MA,8,1,15
2023-06-24,12,God Pige,Danser Med Piger Featuring TopGunn,9,1,11
2023-06-24,13,Tudo Bem,Benny Jamz & Gilli,11,1,6
2023-06-24,14,A Beautiful Life,Christopher,16,14,2
2023-06-24,15,Fast Life,Stepz X Gilli,7,3,3
2023-06-24,16,Smugryger,andreas odbjerg,14,4,11
2023-06-24,17,Spakone,Artigeardit,13,6,3
2023-06-24,18,For Altid,TopGunn,15,1,19
2023-06-24,19,00'er Pige,SKINZ,-,19,1
2023-06-24,20,Who Told You,J Hus Featuring Drake,-,20,1
2023-06-24,21,Foles Godt,Uro X Mekdes,21,21,3
2023-06-24,22,Stor Mand,Tobias Rahim X andreas odbjerg,17,1,62
2023-06-24,23,Miracle,Calvin Harris & Ellie Goulding,20,10,13
2023-06-24,24,Flyvende Faduma,Tobias Rahim,19,1,41
2023-06-24,25,"Honey, I'm So High",Christopher,-,25,1
2023-07-01,1,Tak For Sidst,Gobs,1,1,2
2023-07-01,2,Sprinter,Dave & Central Cee,3,2,3
2023-07-01,3,Vi 1,Tobias Rahim,2,2,3
2023-07-01,4,Uden Dig,Ukendt Kunstner,4,1,6
2023-07-01,5,Jumeirah,ICEKIID X Artigeardit,5,2,6
2023-07-01,6,Under Radar,"Benny Jamz, Gilli & Kesi Featuring B.O.C.",6,6,2
2023-07-01,7,10% Mere,TopGunn,-,7,1
2023-07-01,8,Jeg Ka' Rigtig Godt Li' Dig,Ida Laurberg + andreas odbjerg,8,8,3
2023-07-01,9,Som Forleden,Lamin,9,5,3
2023-07-01,10,Hope This Song Is For You,Christopher,7,7,3
2023-07-01,11,Moonlight,D1MA,11,1,16
2023-07-01,12,Hjem/Videre,KESI,-,12,1
2023-07-01,13,God Pige,Danser Med Piger Featuring TopGunn,12,1,12
2023-07-01,14,A Beautiful Life,Christopher,14,14,3
2023-07-01,15,Tudo Bem,Benny Jamz & Gilli,13,1,7
2023-07-01,16,Smugryger,andreas odbjerg,16,4,12
2023-07-01,17,For Altid,TopGunn,18,1,20
2023-07-01,18,00'er Pige,SKINZ,19,18,2
2023-07-01,19,Stor Mand,Tobias Rahim X andreas odbjerg,22,1,63
2023-07-01,20,Baddies & Draris,Lamin,10,6,5
2023-07-01,21,Foles Godt,Uro X Mekdes,21,21,4
2023-07-01,22,Miracle,Calvin Harris & Ellie Goulding,23,10,14
2023-07-01,23,Flyvende Faduma,Tobias Rahim,24,1,42
2023-07-01,24,Swervin',Carmon & Lamin,-,24,1
2023-07-01,25,Fast Life,Stepz X Gilli,15,3,4
2023-07-08,1,Tak For Sidst,Gobs,1,1,3
2023-07-08,2,Vi 1,Tobias Rahim,3,2,4
2023-07-08,3,Sprinter,Dave & Central Cee,2,2,4
2023-07-08,4,Uden Dig,Ukendt Kunstner,4,1,7
2023-07-08,5,Jeg Ka' Rigtig Godt Li' Dig,Ida Laurberg + andreas odbjerg,8,5,4
2023-07-08,6,10% Mere,TopGunn,7,6,2
2023-07-08,7,Jumeirah,ICEKIID X Artigeardit,5,2,7
2023-07-08,8,Under Radar,"Benny Jamz, Gilli & Kesi Featuring B.O.C.",6,6,3
2023-07-08,9,Som Forleden,Lamin,9,5,4
2023-07-08,10,Vi Ku' Blive,Artigeardit & Lamin,-,10,1
2023-07-08,11,Moonlight,D1MA,11,1,17
2023-07-08,12,I Know,D1MA,-,12,1
2023-07-08,13,Hope This Song Is For You,Christopher,10,7,4
2023-07-08,14,God Pige,Danser Med Piger Featuring TopGunn,13,1,13
2023-07-08,15,Smugryger,andreas odbjerg,16,4,13
2023-07-08,16,Tudo Bem,Benny Jamz & Gilli,15,1,8
2023-07-08,17,Stor Mand,Tobias Rahim X andreas odbjerg,19,1,64
2023-07-08,18,00'er Pige,SKINZ,18,18,3
2023-07-08,19,A Beautiful Life,Christopher,14,14,4
2023-07-08,20,Red Flags,Englando,-,9,5
2023-07-08,21,For Altid,TopGunn,17,1,21
2023-07-08,22,Flyvende Faduma,Tobias Rahim,23,1,43
2023-07-08,23,Hjem/Videre,KESI,12,12,2
2023-07-08,24,Foles Godt,Uro X Mekdes,21,21,5
2023-07-08,25,Miracle,Calvin Harris & Ellie Goulding,22,10,15
2023-07-15,1,Tak For Sidst,Gobs,1,1,4
2023-07-15,2,Sprinter,Dave & Central Cee,3,2,5
2023-07-15,3,Uden Dig,Ukendt Kunstner,4,1,8
2023-07-15,4,I Know,D1MA,12,4,2
2023-07-15,5,Vi 1,Tobias Rahim,2,2,5
2023-07-15,6,10% Mere,TopGunn,6,6,3
2023-07-15,7,Jeg Ka' Rigtig Godt Li' Dig,Ida Laurberg + andreas odbjerg,5,5,5
2023-07-15,8,Under Radar,"Benny Jamz, Gilli & Kesi Featuring B.O.C.",8,6,4
2023-07-15,9,Jumeirah,ICEKIID X Artigeardit,7,2,8
2023-07-15,10,Moonlight,D1MA,11,1,18
2023-07-15,11,Vi Ku' Blive,Artigeardit & Lamin,10,10,2
2023-07-15,12,Som Forleden,Lamin,9,5,5
2023-07-15,13,Hope This Song Is For You,Christopher,13,7,5
2023-07-15,14,Smugryger,andreas odbjerg,15,4,14
2023-07-15,15,God Pige,Danser Med Piger Featuring TopGunn,14,1,14
2023-07-15,16,Stor Mand,Tobias Rahim X andreas odbjerg,17,1,65
2023-07-15,17,Tudo Bem,Benny Jamz & Gilli,16,1,9
2023-07-15,18,Red Flags,Englando,20,9,6
2023-07-15,19,Flyvende Faduma,Tobias Rahim,22,1,44
2023-07-15,20,A Beautiful Life,Christopher,19,14,5
2023-07-15,21,For Altid,TopGunn,21,1,22
2023-07-15,22,Foles Godt,Uro X Mekdes,24,21,6
2023-07-15,23,00'er Pige,SKINZ,18,18,4
2023-07-15,24,Terrier,Ida Laurberg,-,6,11
2023-07-15,25,Miracle,Calvin Harris & Ellie Goulding,25,10,16
2023-07-22,1,Tak For Sidst,Gobs,1,1,5
2023-07-22,2,Sprinter,Dave & Central Cee,2,2,6
2023-07-22,3,Uden Dig,Ukendt Kunstner,3,1,9
2023-07-22,4,I Know,D1MA,4,4,3
2023-07-22,5,Vi 1,Tobias Rahim,5,2,6
2023-07-22,6,Jeg Ka' Rigtig Godt Li' Dig,Ida Laurberg + andreas odbjerg,7,5,6
2023-07-22,7,Moonlight,D1MA,10,1,19
2023-07-22,8,Jumeirah,ICEKIID X Artigeardit,9,2,9
2023-07-22,9,Som Forleden,Lamin,12,5,6
2023-07-22,10,Under Radar,"Benny Jamz, Gilli & Kesi Featuring B.O.C.",8,6,5
2023-07-22,11,10% Mere,TopGunn,6,6,4
2023-07-22,12,Smugryger,andreas odbjerg,14,4,15
2023-07-22,13,Stor Mand,Tobias Rahim X andreas odbjerg,16,1,66
2023-07-22,14,Vi Ku' Blive,Artigeardit & Lamin,11,10,3
2023-07-22,15,God Pige,Danser Med Piger Featuring TopGunn,15,1,15
2023-07-22,16,Stor Man,Tobias Rahim X Victor Leksell,-,16,1
2023-07-22,17,Tilfaeldigt,Caroline Dubois & D1MA,-,17,1
2023-07-22,18,Tudo Bem,Benny Jamz & Gilli,17,1,10
2023-07-22,19,Hope This Song Is For You,Christopher,13,7,6
2023-07-22,20,Hvor Som Helst,Tessa,-,20,1
2023-07-22,21,Flyvende Faduma,Tobias Rahim,19,1,45
2023-07-22,22,For Altid,TopGunn,21,1,23
2023-07-22,23,Foles Godt,Uro X Mekdes,22,21,7
2023-07-22,24,Terrier,Ida Laurberg,24,6,12
2023-07-22,25,00'er Pige,SKINZ,23,18,5
2023-07-29,1,Tak For Sidst,Gobs,1,1,6
2023-07-29,2,Sprinter,Dave & Central Cee,2,2,7
2023-07-29,3,I Know,D1MA,4,3,4
2023-07-29,4,Uden Dig,Ukendt Kunstner,3,1,10
2023-07-29,5,Vi 1,Tobias Rahim,5,2,7
2023-07-29,6,Jeg Ka' Rigtig Godt Li' Dig,Ida Laurberg + andreas odbjerg,6,5,7
2023-07-29,7,Moonlight,D1MA,7,1,20
2023-07-29,8,Jumeirah,ICEKIID X Artigeardit,8,2,10
2023-07-29,9,Som Forleden,Lamin,9,5,7
2023-07-29,10,Under Radar,"Benny Jamz, Gilli & Kesi Featuring B.O.C.",10,6,6
2023-07-29,11,Hvor Som Helst,Tessa,20,11,2
2023-07-29,12,Smugryger,andreas odbjerg,12,4,16
2023-07-29,13,10% Mere,TopGunn,11,6,5
2023-07-29,14,Stor Mand,Tobias Rahim X andreas odbjerg,13,1,67
2023-07-29,15,Vi Ku' Blive,Artigeardit & Lamin,14,10,4
2023-07-29,16,God Pige,Danser Med Piger Featuring TopGunn,15,1,16
2023-07-29,17,Tudo Bem,Benny Jamz & Gilli,18,1,11
2023-07-29,18,Hope This Song Is For You,Christopher,19,7,7
2023-07-29,19,Terrier,Ida Laurberg,24,6,13
2023-07-29,20,Tilfaeldigt,Caroline Dubois & D1MA,17,17,2
2023-07-29,21,For Altid,TopGunn,22,1,24
2023-07-29,22,Flyvende Faduma,Tobias Rahim,21,1,46
2023-07-29,23,Popular,"The Weeknd , Playboi Carti & Madonna",-,23,1
2023-07-29,24,Foles Godt,Uro X Mekdes,23,21,8
2023-07-29,25,00'er Pige,SKINZ,25,18,6
2023-08-05,1,Tak For Sidst,Gobs,1,1,7
2023-08-05,2,Sprinter,Dave & Central Cee,2,2,8
2023-08-05,3,I Know,D1MA,3,3,5
2023-08-05,4,Jeg Ka' Rigtig Godt Li' Dig,Ida Laurberg + andreas odbjerg,6,4,8
2023-08-05,5,Uden Dig,Ukendt Kunstner,4,1,11
2023-08-05,6,Vi 1,Tobias Rahim,5,2,8
2023-08-05,7,Moonlight,D1MA,7,1,21
2023-08-05,8,Som Forleden,Lamin,9,5,8
2023-08-05,9,Jumeirah,ICEKIID X Artigeardit,8,2,11
2023-08-05,10,Smugryger,andreas odbjerg,12,4,17
2023-08-05,11,Tilfaeldigt,Caroline Dubois & D1MA,20,11,3
2023-08-05,12,Vi Ku' Blive,Artigeardit & Lamin,15,10,5
2023-08-05,13,Under Radar,"Benny Jamz, Gilli & Kesi Featuring B.O.C.",10,6,7
2023-08-05,14,Stor Mand,Tobias Rahim X andreas odbjerg,14,1,68
2023-08-05,15,Hvor Som Helst,Tessa,11,11,3
2023-08-05,16,10% Mere,TopGunn,13,6,6
2023-08-05,17,God Pige,Danser Med Piger Featuring TopGunn,16,1,17
2023-08-05,18,What Was I Made For?,Billie Eilish,-,18,1
2023-08-05,19,Tudo Bem,Benny Jamz & Gilli,17,1,12
2023-08-05,20,Foles Godt,Uro X Mekdes,24,20,9
2023-08-05,21,K-POP,"Travis Scott , Bad Bunny & The Weeknd",-,21,1
2023-08-05,22,Terrier,Ida Laurberg,19,6,14
2023-08-05,23,Flyvende Faduma,Tobias Rahim,22,1,47
2023-08-05,24,Popular,"The Weeknd , Playboi Carti & Madonna",23,23,2
2023-08-05,25,Dance The Night,Dua Lipa,-,25,1
2023-08-12,1,Tak For Sidst,Gobs,1,1,8
2023-08-12,2,Jeg Ka' Rigtig Godt Li' Dig,Ida Laurberg + andreas odbjerg,4,2,9
2023-08-12,3,Uden Dig,Ukendt Kunstner,5,1,12
2023-08-12,4,I Know,D1MA,3,3,6
2023-08-12,5,Sprinter,Dave & Central Cee,2,2,9
2023-08-12,6,Moonlight,D1MA,7,1,22
2023-08-12,7,Vi 1,Tobias Rahim,6,2,9
2023-08-12,8,Som Forleden,Lamin,8,5,9
2023-08-12,9,Vi Ku' Blive,Artigeardit & Lamin,12,9,6
2023-08-12,10,Jumeirah,ICEKIID X Artigeardit,9,2,12
2023-08-12,11,Smugryger,andreas odbjerg,10,4,18
2023-08-12,12,Hvor Som Helst,Tessa,15,11,4
2023-08-12,13,Stor Mand,Tobias Rahim X andreas odbjerg,14,1,69
2023-08-12,14,Meltdown,Travis Scott Featuring Drake,-,14,1
2023-08-12,15,What Was I Made For?,Billie Eilish,18,15,2
2023-08-12,16,Barbie World,Nicki Minaj & Ice Spice With Aqua,-,16,1
2023-08-12,17,Tilfaeldigt,Caroline Dubois & D1MA,11,11,4
2023-08-12,18,FE!N,Travis Scott Featuring Playboi Carti,-,18,1
2023-08-12,19,Under Radar,"Benny Jamz, Gilli & Kesi Featuring B.O.C.",13,6,8
2023-08-12,20,K-POP,"Travis Scott , Bad Bunny & The Weeknd",21,20,2
2023-08-12,21,Dance The Night,Dua Lipa,25,21,2
2023-08-12,22,10% Mere,TopGunn,16,6,7
2023-08-12,23,Hyaena,Travis Scott,-,23,1
2023-08-12,24,Thank God,Travis Scott,-,24,1
2023-08-12,25,Foles Godt,Uro X Mekdes,20,20,10
2023-08-19,1,Tak For Sidst,Gobs,1,1,9
2023-08-19,2,Jeg Ka' Rigtig Godt Li' Dig,Ida Laurberg + andreas odbjerg,2,2,10
2023-08-19,3,I Know,D1MA,4,3,7
2023-08-19,4,Uden Dig,Ukendt Kunstner,3,1,13
2023-08-19,5,Sprinter,Dave & Central Cee,5,2,10
2023-08-19,6,Moonlight,D1MA,6,1,23
2023-08-19,7,Vi 1,Tobias Rahim,7,2,10
2023-08-19,8,Barbie World,Nicki Minaj & Ice Spice With Aqua,16,8,2
2023-08-19,9,Som Forleden,Lamin,8,5,10
2023-08-19,10,Vi Ku' Blive,Artigeardit & Lamin,9,9,7
2023-08-19,11,What Was I Made For?,Billie Eilish,15,11,3
2023-08-19,12,Jumeirah,ICEKIID X Artigeardit,10,2,13
2023-08-19,13,Dance The Night,Dua Lipa,21,13,3
2023-08-19,14,Hvor Som Helst,Tessa,12,11,5
2023-08-19,15,Smugryger,andreas odbjerg,11,4,19
2023-08-19,16,Stor Mand,Tobias Rahim X andreas odbjerg,13,1,70
2023-08-19,17,Tilfaeldigt,Caroline Dubois & D1MA,17,11,5
2023-08-19,18,Under Radar,"Benny Jamz, Gilli & Kesi Featuring B.O.C.",19,6,9
2023-08-19,19,Foles Godt,Uro X Mekdes,25,19,11
2023-08-19,20,10% Mere,TopGunn,22,6,8
2023-08-19,21,Tudo Bem,Benny Jamz & Gilli,-,1,13
2023-08-19,22,Terrier,Ida Laurberg,-,6,15
2023-08-19,23,Popular,"The Weeknd , Playboi Carti & Madonna",-,23,3
2023-08-19,24,Flyvende Faduma,Tobias Rahim,-,1,48
2023-08-19,25,Tro Pa Kaerlighed,Gobs,-,5,24
2023-08-26,1,Tak For Sidst,Gobs,1,1,10
2023-08-26,2,I Know,D1MA,3,2,8
2023-08-26,3,Jeg Ka' Rigtig Godt Li' Dig,Ida Laurberg + andreas odbjerg,2,2,11
2023-08-26,4,Sprinter,Dave & Central Cee,5,2,11
2023-08-26,5,Uden Dig,Ukendt Kunstner,4,1,14
2023-08-26,6,Moonlight,D1MA,6,1,24
2023-08-26,7,Vi 1,Tobias Rahim,7,2,11
2023-08-26,8,Hvor Som Helst,Tessa,14,8,6
2023-08-26,9,Som Forleden,Lamin,9,5,11
2023-08-26,10,Dance The Night,Dua Lipa,13,10,4
2023-08-26,11,Jumeirah,ICEKIID X Artigeardit,12,2,14
2023-08-26,12,Smugryger,andreas odbjerg,15,4,20
2023-08-26,13,Vi Ku' Blive,Artigeardit & Lamin,10,9,8
2023-08-26,14,What Was I Made For?,Billie Eilish,11,11,4
2023-08-26,15,Tilfaeldigt,Caroline Dubois & D1MA,17,11,6
2023-08-26,16,Foles Godt,Uro X Mekdes,19,16,12
2023-08-26,17,Barbie World,Nicki Minaj & Ice Spice With Aqua,8,8,3
2023-08-26,18,Under Radar,"Benny Jamz, Gilli & Kesi Featuring B.O.C.",18,6,10
2023-08-26,19,Stor Mand,Tobias Rahim X andreas odbjerg,16,1,71
2023-08-26,20,Tudo Bem,Benny Jamz & Gilli,21,1,14
2023-08-26,21,Flyvende Faduma,Tobias Rahim,24,1,49
2023-08-26,22,10% Mere,TopGunn,20,6,9
2023-08-26,23,Popular,"The Weeknd , Playboi Carti & Madonna",23,23,4
2023-08-26,24,Terrier,Ida Laurberg,22,6,16
2023-08-26,25,Drom Mig Vaek,D1MA,-,2,36
2023-09-02,1,I Know,D1MA,2,1,9
2023-09-02,2,Tak For Sidst,Gobs,1,1,11
2023-09-02,3,Jeg Ka' Rigtig Godt Li' Dig,Ida Laurberg + andreas odbjerg,3,2,12
2023-09-02,4,Sprinter,Dave & Central Cee,4,2,12
2023-09-02,5,Uden Dig,Ukendt Kunstner,5,1,15
2023-09-02,6,Moonlight,D1MA,6,1,25
2023-09-02,7,Som Forleden,Lamin,9,5,12
2023-09-02,8,Vi 1,Tobias Rahim,7,2,12
2023-09-02,9,Paint The Town Red,Doja Cat,-,9,1
2023-09-02,10,Hvor Som Helst,Tessa,8,8,7
2023-09-02,11,Prada,"casso, RAYE & D-Block Europe",-,11,1
2023-09-02,12,Dance The Night,Dua Lipa,10,10,5
2023-09-02,13,Vi Ku' Blive,Artigeardit & Lamin,13,9,9
2023-09-02,14,Jumeirah,ICEKIID X Artigeardit,11,2,15
2023-09-02,15,Foles Godt,Uro X Mekdes,16,15,13
2023-09-02,16,What Was I Made For?,Billie Eilish,14,11,5
2023-09-02,17,Tilfaeldigt,Caroline Dubois & D1MA,15,11,7
2023-09-02,18,Under Radar,"Benny Jamz, Gilli & Kesi Featuring B.O.C.",18,6,11
2023-09-02,19,Smugryger,andreas odbjerg,12,4,21
2023-09-02,20,Stor Mand,Tobias Rahim X andreas odbjerg,19,1,72
2023-09-02,21,Tudo Bem,Benny Jamz & Gilli,20,1,15
2023-09-02,22,Barbie World,Nicki Minaj & Ice Spice With Aqua,17,8,4
2023-09-02,23,Popular,"The Weeknd , Playboi Carti & Madonna",23,23,5
2023-09-02,24,Fukumean,Gunna,-,24,1
2023-09-02,25,Flyvende Faduma,Tobias Rahim,21,1,50
2023-09-09,1,Tak For Sidst,Gobs,2,1,12
2023-09-09,2,I Know,D1MA,1,1,10
2023-09-09,3,Et Sted Herude,Gobs,-,3,1
2023-09-09,4,Jeg Ka' Rigtig Godt Li' Dig,Ida Laurberg + andreas odbjerg,3,2,13
2023-09-09,5,Prada,"casso, RAYE & D-Block Europe",11,5,2
2023-09-09,6,Paint The Town Red,Doja Cat,9,6,2
2023-09-09,7,Uden Dig,Ukendt Kunstner,5,1,16
2023-09-09,8,Sprinter,Dave & Central Cee,4,2,13
2023-09-09,9,Moonlight,D1MA,6,1,26
2023-09-09,10,Som Forleden,Lamin,7,5,13
2023-09-09,11,Hvor Som Helst,Tessa,10,8,8
2023-09-09,12,Vi 1,Tobias Rahim,8,2,13
2023-09-09,13,Tilfaeldigt,Caroline Dubois & D1MA,17,11,8
2023-09-09,14,Vi Ku' Blive,Artigeardit & Lamin,13,9,10
2023-09-09,15,Foles Godt,Uro X Mekdes,15,15,14
2023-09-09,16,Dance The Night,Dua Lipa,12,10,6
2023-09-09,17,Jumeirah,ICEKIID X Artigeardit,14,2,16
2023-09-09,18,Under Radar,"Benny Jamz, Gilli & Kesi Featuring B.O.C.",18,6,12
2023-09-09,19,Smugryger,andreas odbjerg,19,4,22
2023-09-09,20,What Was I Made For?,Billie Eilish,16,11,6
2023-09-09,21,Stor Mand,Tobias Rahim X andreas odbjerg,20,1,73
2023-09-09,22,Drom Mig Vaek,D1MA,-,2,37
2023-09-09,23,Used To Be Young,Miley Cyrus,-,23,1
2023-09-09,24,2 Kanoner,Merro8,-,24,1
2023-09-09,25,10% Mere,TopGunn,-,6,10
2023-09-16,1,Tak For Sidst,Gobs,1,1,13
2023-09-16,2,I Know,D1MA,2,1,11
2023-09-16,3,Hva Status,Artigeardit & Lamin,-,3,1
2023-09-16,4,xoxo,"Artigeardit, Lamin & Icekiid",-,4,1
2023-09-16,5,Vi Ku' Blive,Artigeardit & Lamin,14,5,11
2023-09-16,6,Paint The Town Red,Doja Cat,6,6,3
2023-09-16,7,Prada,"casso, RAYE & D-Block Europe",5,5,3
2023-09-16,8,Jeg Ka' Rigtig Godt Li' Dig,Ida Laurberg + andreas odbjerg,4,2,14
2023-09-16,9,Et Sted Herude,Gobs,3,3,2
2023-09-16,10,Selvfolgelig,Artigeardit & Lamin,-,10,1
2023-09-16,11,Uden Dig,Ukendt Kunstner,7,1,17
2023-09-16,12,Moonlight,D1MA,9,1,27
2023-09-16,13,Sprinter,Dave & Central Cee,8,2,14
2023-09-16,14,Som Forleden,Lamin,10,5,14
2023-09-16,15,Sorte Pletter,Artigeardit & Lamin,-,15,1
2023-09-16,16,Ret God Stemning,Artigeardit & Lamin,-,16,1
2023-09-16,17,Vi 1,Tobias Rahim,12,2,14
2023-09-16,18,Hvor Som Helst,Tessa,11,8,9
2023-09-16,19,Dag-Til-Dag Rapper,Artigeardit & Lamin,-,19,1
2023-09-16,20,Tilfaeldigt,Caroline Dubois & D1MA,13,11,9
2023-09-16,21,Foles Godt,Uro X Mekdes,15,15,15
2023-09-16,22,Sirjegsindssyg,"Artigeardit, Lamin & Benjamin Hav",-,22,1
2023-09-16,23,Jumeirah,ICEKIID X Artigeardit,17,2,17
2023-09-16,24,Taettere Pa Solen,"Artigeardit, Lamin & Ida Laurberg",-,24,1
2023-09-16,25,Dance The Night,Dua Lipa,16,10,7
2023-09-23,1,I Know,D1MA,2,1,12
2023-09-23,2,Tak For Sidst,Gobs,1,1,14
2023-09-23,3,Prada,"casso, RAYE & D-Block Europe",7,3,4
2023-09-23,4,Paint The Town Red,Doja Cat,6,4,4
2023-09-23,5,Jeg Ka' Rigtig Godt Li' Dig,Ida Laurberg + andreas odbjerg,8,2,15
2023-09-23,6,Topform,KESI,-,6,1
2023-09-23,7,Vi Ku' Blive,Artigeardit & Lamin,5,5,12
2023-09-23,8,Et Sted Herude,Gobs,9,3,3
2023-09-23,9,Uden Dig,Ukendt Kunstner,11,1,18
2023-09-23,10,Moonlight,D1MA,12,1,28
2023-09-23,11,Hva Status,Artigeardit & Lamin,3,3,2
2023-09-23,12,Som Forleden,Lamin,14,5,15
2023-09-23,13,xoxo,"Artigeardit, Lamin & Icekiid",4,4,2
2023-09-23,14,Sprinter,Dave & Central Cee,13,2,15
2023-09-23,15,Vi 1,Tobias Rahim,17,2,15
2023-09-23,16,Foles Godt,Uro X Mekdes,21,15,16
2023-09-23,17,Tilfaeldigt,Caroline Dubois & D1MA,20,11,10
2023-09-23,18,Hvor Som Helst,Tessa,18,8,10
2023-09-23,19,Slide,KESI,-,19,1
2023-09-23,20,Lad Mig Ga,TopGunn,-,20,1
2023-09-23,21,Jumeirah,ICEKIID X Artigeardit,23,2,18
2023-09-23,22,10 Ud Af 10,KESI,-,22,1
2023-09-23,23,Smugryger,andreas odbjerg,-,4,23
2023-09-23,24,Under Radar,"Benny Jamz, Gilli & Kesi Featuring B.O.C.",-,6,13
2023-09-23,25,Dance The Night,Dua Lipa,25,10,8
2023-09-30,1,Greedy,Tate McRae,-,1,1
2023-09-30,2,I Know,D1MA,1,1,13
2023-09-30,3,Tak For Sidst,Gobs,2,1,15
2023-09-30,4,Prada,"casso, RAYE & D-Block Europe",3,3,5
2023-09-30,5,Paint The Town Red,Doja Cat,4,4,5
2023-09-30,6,Vi Ku' Blive,Artigeardit & Lamin,7,5,13
2023-09-30,7,Jeg Ka' Rigtig Godt Li' Dig,Ida Laurberg + andreas odbjerg,5,2,16
2023-09-30,8,Uden Dig,Ukendt Kunstner,9,1,19
2023-09-30,9,Et Sted Herude,Gobs,8,3,4
2023-09-30,10,Moonlight,D1MA,10,1,29
2023-09-30,11,Topform,KESI,6,6,2
2023-09-30,12,Som Forleden,Lamin,12,5,16
2023-09-30,13,Sprinter,Dave & Central Cee,14,2,16
2023-09-30,14,xoxo,"Artigeardit, Lamin & Icekiid",13,4,3
2023-09-30,15,Tilfaeldigt,Caroline Dubois & D1MA,17,11,11
2023-09-30,16,Foles Godt,Uro X Mekdes,16,15,17
2023-09-30,17,Hva Status,Artigeardit & Lamin,11,3,3
2023-09-30,18,Vi 1,Tobias Rahim,15,2,16
2023-09-30,19,Slime You Out,Drake Featuring SZA,-,19,1
2023-09-30,20,Strangers,Kenya Grace,-,20,1
2023-09-30,21,Hvor Som Helst,Tessa,18,8,11
2023-09-30,22,2 Kanoner,Merro8,-,22,2
2023-09-30,23,Jumeirah,ICEKIID X Artigeardit,21,2,19
2023-09-30,24,Water,Tyla,-,24,1
2023-09-30,25,Stor Mand,Tobias Rahim X andreas odbjerg,-,1,74
2023-10-07,1,Greedy,Tate McRae,1,1,2
2023-10-07,2,I Know,D1MA,2,1,14
2023-10-07,3,Prada,"casso, RAYE & D-Block Europe",4,3,6
2023-10-07,4,Tak For Sidst,Gobs,3,1,16
2023-10-07,5,Paint The Town Red,Doja Cat,5,4,6
2023-10-07,6,Jeg Ka' Rigtig Godt Li' Dig,Ida Laurberg + andreas odbjerg,7,2,17
2023-10-07,7,Vi Ku' Blive,Artigeardit & Lamin,6,5,14
2023-10-07,8,Strangers,Kenya Grace,20,8,2
2023-10-07,9,Moonlight,D1MA,10,1,30
2023-10-07,10,Et Sted Herude,Gobs,9,3,5
2023-10-07,11,Uden Dig,Ukendt Kunstner,8,1,20
2023-10-07,12,Topform,KESI,11,6,3
2023-10-07,13,Som Forleden,Lamin,12,5,17
2023-10-07,14,2 Kanoner,Merro8,22,14,3
2023-10-07,15,Foles Godt,Uro X Mekdes,16,15,18
2023-10-07,16,Sprinter,Dave & Central Cee,13,2,17
2023-10-07,17,Water,Tyla,24,17,2
2023-10-07,18,Tilfaeldigt,Caroline Dubois & D1MA,15,11,12
2023-10-07,19,Vi 1,Tobias Rahim,18,2,17
2023-10-07,20,xoxo,"Artigeardit, Lamin & Icekiid",14,4,4
2023-10-07,21,Hva Status,Artigeardit & Lamin,17,3,4
2023-10-07,22,Levende Legende,Branco X Vory,-,22,1
2023-10-07,23,Hvor Som Helst,Tessa,21,8,12
2023-10-07,24,Jumeirah,ICEKIID X Artigeardit,23,2,20
2023-10-07,25,Stor Mand,Tobias Rahim X andreas odbjerg,25,1,75
2023-10-14,1,Greedy,Tate McRae,1,1,3
2023-10-14,2,I Know,D1MA,2,1,15
2023-10-14,3,Prada,"casso, RAYE & D-Block Europe",3,3,7
2023-10-14,4,Tak For Sidst,Gobs,4,1,17
2023-10-14,5,Je Ka Jo,ICEKIID,-,5,1
2023-10-14,6,Jeg Ka' Rigtig Godt Li' Dig,Ida Laurberg + andreas odbjerg,6,2,18
2023-10-14,7,Strangers,Kenya Grace,8,7,3
2023-10-14,8,Paint The Town Red,Doja Cat,5,4,7
2023-10-14,9,Vi Ku' Blive,Artigeardit & Lamin,7,5,15
2023-10-14,10,Uden Dig,Ukendt Kunstner,11,1,21
2023-10-14,11,2 Kanoner,Merro8,14,11,4
2023-10-14,12,Moonlight,D1MA,9,1,31
2023-10-14,13,Foles Godt,Uro X Mekdes,15,13,19
2023-10-14,14,Et Sted Herude,Gobs,10,3,6
2023-10-14,15,Water,Tyla,17,15,3
2023-10-14,16,Som Forleden,Lamin,13,5,18
2023-10-14,17,Tilfaeldigt,Caroline Dubois & D1MA,18,11,13
2023-10-14,18,Topform,KESI,12,6,4
2023-10-14,19,Sprinter,Dave & Central Cee,16,2,18
2023-10-14,20,xoxo,"Artigeardit, Lamin & Icekiid",20,4,5
2023-10-14,21,Hva Status,Artigeardit & Lamin,21,3,5
2023-10-14,22,Vi 1,Tobias Rahim,19,2,18
2023-10-14,23,Jumeirah,ICEKIID X Artigeardit,24,2,21
2023-10-14,24,Hvor Som Helst,Tessa,23,8,13
2023-10-14,25,Stor Mand,Tobias Rahim X andreas odbjerg,25,1,76
2023-10-21,1,Skarpt Lys,Gilli,-,1,1
2023-10-21,2,Greedy,Tate McRae,1,1,4
2023-10-21,3,I Know,D1MA,2,1,16
2023-10-21,4,Prada,"casso, RAYE & D-Block Europe",3,3,8
2023-10-21,5,Tak For Sidst,Gobs,4,1,18
2023-10-21,6,Strangers,Kenya Grace,7,6,4
2023-10-21,7,Jeg Ka' Rigtig Godt Li' Dig,Ida Laurberg + andreas odbjerg,6,2,19
2023-10-21,8,Je Ka Jo,ICEKIID,5,5,2
2023-10-21,9,2 Kanoner,Merro8,11,9,5
2023-10-21,10,Paint The Town Red,Doja Cat,8,4,8
2023-10-21,11,F'social Angst,Tobias Rahim,-,11,1
2023-10-21,12,Uden Dig,Ukendt Kunstner,10,1,22
2023-10-21,13,Water,Tyla,15,13,4
2023-10-21,14,Moonlight,D1MA,12,1,32
2023-10-21,15,Vi Ku' Blive,Artigeardit & Lamin,9,5,16
2023-10-21,16,Foles Godt,Uro X Mekdes,13,13,20
2023-10-21,17,Et Sted Herude,Gobs,14,3,7
2023-10-21,18,Tilfaeldigt,Caroline Dubois & D1MA,17,11,14
2023-10-21,19,Virginia Beach,Drake,-,19,1
2023-10-21,20,First Person Shooter,Drake Featuring J. Cole,-,20,1
2023-10-21,21,Som Forleden,Lamin,16,5,19
2023-10-21,22,IDGAF,Drake Featuring Yeat,-,22,1
2023-10-21,23,Sprinter,Dave & Central Cee,19,2,19
2023-10-21,24,Topform,KESI,18,6,5
2023-10-21,25,Vi 1,Tobias Rahim,22,2,19
2023-10-28,1,Skarpt Lys,Gilli,1,1,2
2023-10-28,2,Forsvinder,Branco Featuring Gobs,-,2,1
2023-10-28,3,Greedy,Tate McRae,2,1,5
2023-10-28,4,I Know,D1MA,3,1,17
2023-10-28,5,Prada,"casso, RAYE & D-Block Europe",4,3,9
2023-10-28,6,Tak For Sidst,Gobs,5,1,19
2023-10-28,7,Water,Tyla,13,7,5
2023-10-28,8,Je Ka Jo,ICEKIID,8,5,3
2023-10-28,9,Strangers,Kenya Grace,6,6,5
2023-10-28,10,Jeg Ka' Rigtig Godt Li' Dig,Ida Laurberg + andreas odbjerg,7,2,20
2023-10-28,11,Uden Dig,Ukendt Kunstner,12,1,23
2023-10-28,12,Copenhagen,TopGunn,-,12,1
2023-10-28,13,2 Kanoner,Merro8,9,9,6
2023-10-28,14,Paint The Town Red,Doja Cat,10,4,9
2023-10-28,15,Bump,TopGunn Featuring Lamin,-,15,1
2023-10-28,16,Moonlight,D1MA,14,1,33
2023-10-28,17,Foles Godt,Uro X Mekdes,16,13,21
2023-10-28,18,Vi Ku' Blive,Artigeardit & Lamin,15,5,17
2023-10-28,19,Tilfaeldigt,Caroline Dubois & D1MA,18,11,15
2023-10-28,20,Balancen,TopGunn Featuring Kesi,-,20,1
2023-10-28,21,Et Sted Herude,Gobs,17,3,8
2023-10-28,22,Si No Estas,Inigo Quintero,-,22,1
2023-10-28,23,Som Forleden,Lamin,21,5,20
2023-10-28,24,DK Goat,TopGunn,-,24,1
2023-10-28,25,Sprinter,Dave & Central Cee,23,2,20
2023-11-04,1,Skarpt Lys,Gilli,1,1,3
2023-11-04,2,Greedy,Tate McRae,3,1,6
2023-11-04,3,I Know,D1MA,4,1,18
2023-11-04,4,Forsvinder,Branco Featuring Gobs,2,2,2
2023-11-04,5,Prada,"casso, RAYE & D-Block Europe",5,3,10
2023-11-04,6,Tak For Sidst,Gobs,6,1,20
2023-11-04,7,Uden Dig,Ukendt Kunstner,11,1,24
2023-11-04,8,Water,Tyla,7,7,6
2023-11-04,9,Si No Estas,Inigo Quintero,22,9,2
2023-11-04,10,Je Ka Jo,ICEKIID,8,5,4
2023-11-04,11,Strangers,Kenya Grace,9,6,6
2023-11-04,12,Jeg Ka' Rigtig Godt Li' Dig,Ida Laurberg + andreas odbjerg,10,2,21
2023-11-04,13,Moonlight,D1MA,16,1,34
2023-11-04,14,Foles Godt,Uro X Mekdes,17,13,22
2023-11-04,15,2 Kanoner,Merro8,13,9,7
2023-11-04,16,Vi Ku' Blive,Artigeardit & Lamin,18,5,18
2023-11-04,17,Paint The Town Red,Doja Cat,14,4,10
2023-11-04,18,Tilfaeldigt,Caroline Dubois & D1MA,19,11,16
2023-11-04,19,Et Sted Herude,Gobs,21,3,9
2023-11-04,20,Som Forleden,Lamin,23,5,21
2023-11-04,21,Cruel Summer,Taylor Swift,-,21,1
2023-11-04,22,Topform,KESI,-,6,6
2023-11-04,23,Bump,TopGunn Featuring Lamin,15,15,2
2023-11-04,24,Stor Mand,Tobias Rahim X andreas odbjerg,-,1,77
2023-11-04,25,Sprinter,Dave & Central Cee,25,2,21
2023-11-11,1,Skarpt Lys,Gilli,1,1,4
2023-11-11,2,Greedy,Tate McRae,2,1,7
2023-11-11,3,I Know,D1MA,3,1,19
2023-11-11,4,Prada,"casso, RAYE & D-Block Europe",5,3,11
2023-11-11,5,Forsvinder,Branco Featuring Gobs,4,2,3
2023-11-11,6,Du & Jeg,Gilli,-,6,1
2023-11-11,7,Tak For Sidst,Gobs,6,1,21
2023-11-11,8,Uden Dig,Ukendt Kunstner,7,1,25
2023-11-11,9,Flojt'ne,"Tessa, KIDD & DJ Aligator",-,9,1
2023-11-11,10,Je Ka Jo,ICEKIID,10,5,5
2023-11-11,11,Si No Estas,Inigo Quintero,9,9,3
2023-11-11,12,Water,Tyla,8,7,7
2023-11-11,13,Jeg Ka' Rigtig Godt Li' Dig,Ida Laurberg + andreas odbjerg,12,2,22
2023-11-11,14,Moonlight,D1MA,13,1,35
2023-11-11,15,Strangers,Kenya Grace,11,6,7
2023-11-11,16,Foles Godt,Uro X Mekdes,14,13,23
2023-11-11,17,2 Kanoner,Merro8,15,9,8
2023-11-11,18,Tilfaeldigt,Caroline Dubois & D1MA,18,11,17
2023-11-11,19,Vi Ku' Blive,Artigeardit & Lamin,16,5,19
2023-11-11,20,Paint The Town Red,Doja Cat,17,4,11
2023-11-11,21,Bump,TopGunn Featuring Lamin,23,15,3
2023-11-11,22,Et Sted Herude,Gobs,19,3,10
2023-11-11,23,Is It Over Now? (Taylor's Version) [From The Vault],Taylor Swift,-,23,1
2023-11-11,24,Mindst Ondt,Malte Ebert & Svea S,-,24,1
2023-11-11,25,Som Forleden,Lamin,20,5,22
2023-11-18,1,555,Gilli & Kesi,-,1,1
2023-11-18,2,Skarpt Lys,Gilli,1,1,5
2023-11-18,3,Greedy,Tate McRae,2,1,8
2023-11-18,4,I Know,D1MA,3,1,20
2023-11-18,5,Prada,"casso, RAYE & D-Block Europe",4,3,12
2023-11-18,6,Du & Jeg,Gilli,6,6,2
2023-11-18,7,Tak For Sidst,Gobs,7,1,22
2023-11-18,8,Forsvinder,Branco Featuring Gobs,5,2,4
2023-11-18,9,Danser Med Daemoner,Baloosh Featuring OMAR,-,9,1
2023-11-18,10,Uden Dig,Ukendt Kunstner,8,1,26
2023-11-18,11,Je Ka Jo,ICEKIID,10,5,6
2023-11-18,12,Midnight Madness,Gilli,-,12,1
2023-11-18,13,Spinner,Gilli & Makar,-,13,1
2023-11-18,14,Water,Tyla,12,7,8
2023-11-18,15,Si No Estas,Inigo Quintero,11,9,4
2023-11-18,16,Vise Dig Vejen,Gilli & Benny Jamz,-,16,1
2023-11-18,17,Ingen Som Os,"Gilli, Benny Jamz & Kesi",-,17,1
2023-11-18,18,Moonlight,D1MA,14,1,36
2023-11-18,19,Chance,Gilli,-,19,1
2023-11-18,20,Foles Godt,Uro X Mekdes,16,13,24
2023-11-18,21,Bump,TopGunn Featuring Lamin,21,15,4
2023-11-18,22,Jeg Ka' Rigtig Godt Li' Dig,Ida Laurberg + andreas odbjerg,13,2,23
2023-11-18,23,Strangers,Kenya Grace,15,6,8
2023-11-18,24,Flojt'ne,"Tessa, KIDD & DJ Aligator",9,9,2
2023-11-18,25,Et Sted Herude,Gobs,22,3,11
2023-11-25,1,555,Gilli & Kesi,1,1,2
2023-11-25,2,Skarpt Lys,Gilli,2,1,6
2023-11-25,3,Greedy,Tate McRae,3,1,9
2023-11-25,4,Prada,"casso, RAYE & D-Block Europe",5,3,13
2023-11-25,5,I Know,D1MA,4,1,21
2023-11-25,6,Danser Med Daemoner,Baloosh Featuring OMAR,9,6,2
2023-11-25,7,Lovin On Me,Jack Harlow,-,7,1
2023-11-25,8,Tak For Sidst,Gobs,7,1,23
2023-11-25,9,For Life,Jamaika Featuring Branco & Carmon,-,9,1
2023-11-25,10,Forsvinder,Branco Featuring Gobs,8,2,5
2023-11-25,11,All I Want For Christmas Is You,Mariah Carey,-,2,8
2023-11-25,12,Last Christmas,Wham!,-,2,8
2023-11-25,13,Houdini,Dua Lipa,-,13,1
2023-11-25,14,Uden Dig,Ukendt Kunstner,10,1,27
2023-11-25,15,Tinka (Feat. Liive),Burhan G & Frida Brygmann Featuring Liive,-,1,8
2023-11-25,16,Roll With It,Jamaika,-,16,1
2023-11-25,17,Championship,Jamaika,-,17,1
2023-11-25,18,Je Ka Jo,ICEKIID,11,5,7
2023-11-25,19,Moonlight,D1MA,18,1,37
2023-11-25,20,Water,Tyla,14,7,9
2023-11-25,21,Du & Jeg,Gilli,6,6,3
2023-11-25,22,Foles Godt,Uro X Mekdes,20,13,25
2023-11-25,23,Santa Tell Me,Ariana Grande,-,4,7
2023-11-25,24,21,Jamaika,-,24,1
2023-11-25,25,Si No Estas,Inigo Quintero,15,9,5
2023-12-02,1,555,Gilli & Kesi,1,1,3
2023-12-02,2,Skarpt Lys,Gilli,2,1,7
2023-12-02,3,Greedy,Tate McRae,3,1,10
2023-12-02,4,Last Christmas,Wham!,12,2,9
2023-12-02,5,All I Want For Christmas Is You,Mariah Carey,11,2,9
2023-12-02,6,Danser Med Daemoner,Baloosh Featuring OMAR,6,6,3
2023-12-02,7,Lovin On Me,Jack Harlow,7,7,2
2023-12-02,8,Tinka (Feat. Liive),Burhan G & Frida Brygmann Featuring Liive,15,1,9
2023-12-02,9,Prada,"casso, RAYE & D-Block Europe",4,3,14
2023-12-02,10,I Know,D1MA,5,1,22
2023-12-02,11,Santa Tell Me,Ariana Grande,23,4,8
2023-12-02,12,Julehjertets Hemmelighed,Malte Ebert,-,1,5
2023-12-02,13,Mistletoe,Justin Bieber,-,5,7
2023-12-02,14,Tak For Sidst,Gobs,8,1,24
2023-12-02,15,Der' Noget I December,Rasmus Seebach,-,6,7
2023-12-02,16,I En Stjerneregn Af Sne,Mads Langer,-,11,7
2023-12-02,17,Water,Tyla,20,7,10
2023-12-02,18,Lille Store Verden,Rasmus Seebach,-,10,7
2023-12-02,19,Kongespil (Tinka Og Kongespillet),Hjalmer,-,14,6
2023-12-02,20,Forsvinder,Branco Featuring Gobs,10,2,6
2023-12-02,21,Merry Christmas Everyone,Shakin' Stevens,-,7,7
2023-12-02,22,Jingle Bell Rock,Bobby Helms,-,5,7
2023-12-02,23,Exes,Tate McRae,-,23,1
2023-12-02,24,Uden Dig,Ukendt Kunstner,14,1,28
2023-12-02,25,It's Beginning To Look A Lot Like Christmas,Michael Buble,-,7,7
2023-12-09,1,Last Christmas,Wham!,4,1,10
2023-12-09,2,All I Want For Christmas Is You,Mariah Carey,5,2,10
2023-12-09,3,Tinka (Feat. Liive),Burhan G & Frida Brygmann Featuring Liive,8,1,10
2023-12-09,4,555,Gilli & Kesi,1,1,4
2023-12-09,5,Santa Tell Me,Ariana Grande,11,4,9
2023-12-09,6,Mistletoe,Justin Bieber,13,5,8
2023-12-09,7,I En Stjerneregn Af Sne,Mads Langer,16,7,8
2023-12-09,8,Julehjertets Hemmelighed,Malte Ebert,12,1,6
2023-12-09,9,Der' Noget I December,Rasmus Seebach,15,6,8
2023-12-09,10,Merry Christmas Everyone,Shakin' Stevens,21,7,8
2023-12-09,11,Kongespil (Tinka Og Kongespillet),Hjalmer,19,11,7
2023-12-09,12,Lille Store Verden,Rasmus Seebach,18,10,8
2023-12-09,13,Jingle Bell Rock,Bobby Helms,22,5,8
2023-12-09,14,It's Beginning To Look A Lot Like Christmas,Michael Buble,25,7,8
2023-12-09,15,Driving Home For Christmas,Chris Rea,-,8,7
2023-12-09,16,Let Love Be Love,Juice/SOAP/ Christina Featuring Remee,-,16,5
2023-12-09,17,Lovin On Me,Jack Harlow,7,7,3
2023-12-09,18,My Only Wish (This Year),Britney Spears,-,17,6
2023-12-09,19,Jesus & Josefine,Julie Berthelsen & Martin Brygmann,-,16,6
2023-12-09,20,Danser Med Daemoner,Baloosh Featuring OMAR,6,6,4
2023-12-09,21,Skarpt Lys,Gilli,2,1,8
2023-12-09,22,Guld Jul,Gulddreng,-,20,6
2023-12-09,23,Let It Snow! Let It Snow! Let It Snow!,Dean Martin,-,14,6
2023-12-09,24,Koldt Udenfor,Page Four,-,24,1
2023-12-09,25,Greedy,Tate McRae,3,1,11
2023-12-16,1,Last Christmas,Wham!,1,1,11
2023-12-16,2,All I Want For Christmas Is You,Mariah Carey,2,2,11
2023-12-16,3,Tinka (Feat. Liive),Burhan G & Frida Brygmann Featuring Liive,3,1,11
2023-12-16,4,Santa Tell Me,Ariana Grande,5,4,10
2023-12-16,5,Mistletoe,Justin Bieber,6,5,9
2023-12-16,6,I En Stjerneregn Af Sne,Mads Langer,7,6,9
2023-12-16,7,Merry Christmas Everyone,Shakin' Stevens,10,7,9
2023-12-16,8,Julehjertets Hemmelighed,Malte Ebert,8,1,7
2023-12-16,9,Der' Noget I December,Rasmus Seebach,9,6,9
2023-12-16,10,Jingle Bell Rock,Bobby Helms,13,5,9
2023-12-16,11,Lille Store Verden,Rasmus Seebach,12,10,9
2023-12-16,12,Kongespil (Tinka Og Kongespillet),Hjalmer,11,11,8
2023-12-16,13,It's Beginning To Look A Lot Like Christmas,Michael Buble,14,7,9
2023-12-16,14,Driving Home For Christmas,Chris Rea,15,8,8
2023-12-16,15,It's The Most Wonderful Time Of The Year,Andy Williams,-,15,4
2023-12-16,16,Jesus & Josefine,Julie Berthelsen & Martin Brygmann,19,16,7
2023-12-16,17,Let It Snow! Let It Snow! Let It Snow!,Dean Martin,23,14,7
2023-12-16,18,Let Love Be Love,Juice/SOAP/ Christina Featuring Remee,16,16,6
2023-12-16,19,My Only Wish (This Year),Britney Spears,18,17,7
2023-12-16,20,555,Gilli & Kesi,4,1,5
2023-12-16,21,Guld Jul,Gulddreng,22,20,7
2023-12-16,22,Do They Know It's Christmas?,Band Aid,-,12,6
2023-12-16,23,Snowman,Sia,-,23,1
2023-12-16,24,Koldt Udenfor,Page Four,24,24,2
2023-12-16,25,Tidsrejsen,Caroline Castell,-,25,1
2023-12-23,1,Last Christmas,Wham!,1,1,12
2023-12-23,2,All I Want For Christmas Is You,Mariah Carey,2,2,12
2023-12-23,3,Tinka (Feat. Liive),Burhan G & Frida Brygmann Featuring Liive,3,1,12
2023-12-23,4,Julehjertets Hemmelighed,Malte Ebert,8,1,8
2023-12-23,5,Mistletoe,Justin Bieber,5,5,10
2023-12-23,6,I En Stjerneregn Af Sne,Mads Langer,6,6,10
2023-12-23,7,Der' Noget I December,Rasmus Seebach,9,6,10
2023-12-23,8,Merry Christmas Everyone,Shakin' Stevens,7,7,10
2023-12-23,9,Lille Store Verden,Rasmus Seebach,11,9,10
2023-12-23,10,Kongespil (Tinka Og Kongespillet),Hjalmer,12,10,9
2023-12-23,11,555,Gilli & Kesi,20,1,6
2023-12-23,12,It's Beginning To Look A Lot Like Christmas,Michael Buble,13,7,10
2023-12-23,13,Santa Tell Me,Ariana Grande,4,4,11
2023-12-23,14,Valdes Jul,Christopher,-,14,1
2023-12-23,15,Driving Home For Christmas,Chris Rea,14,8,9
2023-12-23,16,It's The Most Wonderful Time Of The Year,Andy Williams,15,15,5
2023-12-23,17,Jesus & Josefine,Julie Berthelsen & Martin Brygmann,16,16,8
2023-12-23,18,Jingle Bell Rock,Bobby Helms,10,5,10
2023-12-23,19,Snowman,Sia,23,19,2
2023-12-23,20,Let Love Be Love,Juice/SOAP/ Christina Featuring Remee,18,16,7
2023-12-23,21,My Only Wish (This Year),Britney Spears,19,17,8
2023-12-23,22,Let It Snow! Let It Snow! Let It Snow!,Dean Martin,17,14,8
2023-12-23,23,Rockin' Around The Christmas Tree,Brenda Lee,-,23,1
2023-12-23,24,Guld Jul,Gulddreng,21,20,8
2023-12-23,25,Do They Know It's Christmas?,Band Aid,22,12,7
2023-12-30,1,Last Christmas,Wham!,1,1,13
2023-12-30,2,Julehjertets Hemmelighed,Malte Ebert,4,1,9
2023-12-30,3,Tinka (Feat. Liive),Burhan G & Frida Brygmann Featuring Liive,3,1,13
2023-12-30,4,All I Want For Christmas Is You,Mariah Carey,2,2,13
2023-12-30,5,Mistletoe,Justin Bieber,5,5,11
2023-12-30,6,Valdes Jul,Christopher,14,6,2
2023-12-30,7,I En Stjerneregn Af Sne,Mads Langer,6,6,11
2023-12-30,8,Kongespil (Tinka Og Kongespillet),Hjalmer,10,8,10
2023-12-30,9,Merry Christmas Everyone,Shakin' Stevens,8,7,11
2023-12-30,10,Driving Home For Christmas,Chris Rea,15,8,10
2023-12-30,11,It's The Most Wonderful Time Of The Year,Andy Williams,16,11,6
2023-12-30,12,Der' Noget I December,Rasmus Seebach,7,6,11
2023-12-30,13,Lille Store Verden,Rasmus Seebach,9,9,11
2023-12-30,14,It's Beginning To Look A Lot Like Christmas,Michael Buble,12,7,11
2023-12-30,15,555,Gilli & Kesi,11,1,7
2023-12-30,16,Let It Snow! Let It Snow! Let It Snow!,Dean Martin,22,14,9
2023-12-30,17,Jesus & Josefine,Julie Berthelsen & Martin Brygmann,17,16,9
2023-12-30,18,Snowman,Sia,19,18,3
2023-12-30,19,Rockin' Around The Christmas Tree,Brenda Lee,23,19,2
2023-12-30,20,Jingle Bell Rock,Bobby Helms,18,5,11
2023-12-30,21,Let Love Be Love,Juice/SOAP/ Christina Featuring Remee,20,16,8
2023-12-30,22,My Only Wish (This Year),Britney Spears,21,17,9
2023-12-30,23,Guld Jul,Gulddreng,24,20,9
2023-12-30,24,Do They Know It's Christmas?,Band Aid,25,12,8
2023-12-30,25,Jul Pa Vesterbro,Anders Matthesen,-,22,5
2024-01-06,1,Last Christmas,Wham!,1,1,14
2024-01-06,2,All I Want For Christmas Is You,Mariah Carey,4,2,14
2024-01-06,3,Tinka (Feat. Liive),Burhan G & Frida Brygmann Featuring Liive,3,1,14
2024-01-06,4,Julehjertets Hemmelighed,Malte Ebert,2,1,10
2024-01-06,5,Driving Home For Christmas,Chris Rea,10,5,11
2024-01-06,6,Mistletoe,Justin Bieber,5,5,12
2024-01-06,7,Merry Christmas Everyone,Shakin' Stevens,9,7,12
2024-01-06,8,Valdes Jul,Christopher,6,6,3
2024-01-06,9,I En Stjerneregn Af Sne,Mads Langer,7,6,12
2024-01-06,10,It's Beginning To Look A Lot Like Christmas,Michael Buble,14,7,12
2024-01-06,11,It's The Most Wonderful Time Of The Year,Andy Williams,11,11,7
2024-01-06,12,Let It Snow! Let It Snow! Let It Snow!,Dean Martin,16,12,10
2024-01-06,13,Der' Noget I December,Rasmus Seebach,12,6,12
2024-01-06,14,Kongespil (Tinka Og Kongespillet),Hjalmer,8,8,11
2024-01-06,15,Jingle Bell Rock,Bobby Helms,20,5,12
2024-01-06,16,Lille Store Verden,Rasmus Seebach,13,9,12
2024-01-06,17,Rockin' Around The Christmas Tree,Brenda Lee,19,17,3
2024-01-06,18,Snowman,Sia,18,18,4
2024-01-06,19,Jesus & Josefine,Julie Berthelsen & Martin Brygmann,17,16,10
2024-01-06,20,Let Love Be Love,Juice/SOAP/ Christina Featuring Remee,21,16,9
2024-01-06,21,My Only Wish (This Year),Britney Spears,22,17,10
2024-01-06,22,Do They Know It's Christmas?,Band Aid,24,12,9
2024-01-06,23,Guld Jul,Gulddreng,23,20,10
2024-01-06,24,Jul Pa Vesterbro,Anders Matthesen,25,22,6
2024-01-06,25,555,Gilli & Kesi,15,1,8
2024-01-13,1,555,Gilli & Kesi,25,1,9
2024-01-13,2,I Know,D1MA,-,1,23
2024-01-13,3,Prada,"casso, RAYE & D-Block Europe",-,3,15
2024-01-13,4,Lovin On Me,Jack Harlow,-,4,4
2024-01-13,5,Tak For Sidst,Gobs,-,1,25
2024-01-13,6,Greedy,Tate McRae,-,1,12
2024-01-13,7,Danser Med Daemoner,Baloosh Featuring OMAR,-,6,5
2024-01-13,8,Skarpt Lys,Gilli,-,1,9
2024-01-13,9,Jeg Ka' Rigtig Godt Li' Dig,Ida Laurberg + andreas odbjerg,-,2,24
2024-01-13,10,Moonlight,D1MA,-,1,38
2024-01-13,11,Uden Dig,Ukendt Kunstner,-,1,29
2024-01-13,12,Varm,Omrade 69,-,12,1
2024-01-13,13,Stor Mand,Tobias Rahim X andreas odbjerg,-,1,78
2024-01-13,14,Foles Godt,Uro X Mekdes,-,13,26
2024-01-13,15,Water,Tyla,-,7,11
2024-01-13,16,Flyvende Faduma,Tobias Rahim,-,1,51
2024-01-13,17,Verden Vagner,Gilli & Saveus,-,1,28
2024-01-13,18,Dance The Night,Dua Lipa,-,10,9
2024-01-13,19,Vi Ku' Blive,Artigeardit & Lamin,-,5,20
2024-01-13,20,I'm Good (Blue),David Guetta & Bebe Rexha,-,1,31
2024-01-13,21,Flowers,Miley Cyrus,-,1,22
2024-01-13,22,Smugryger,andreas odbjerg,-,4,24
2024-01-13,23,All My Love,Rocazino,-,23,1
2024-01-13,24,Drom Mig Vaek,D1MA,-,2,38
2024-01-13,25,Som Forleden,Lamin,-,5,23
2024-01-20,1,555,Gilli & Kesi,1,1,10
2024-01-20,2,I Know,D1MA,2,1,24
2024-01-20,3,Lovin On Me,Jack Harlow,4,3,5
2024-01-20,4,Danser Med Daemoner,Baloosh Featuring OMAR,7,4,6
2024-01-20,5,Tak For Sidst,Gobs,5,1,26
2024-01-20,6,Greedy,Tate McRae,6,1,13
2024-01-20,7,Prada,"casso, RAYE & D-Block Europe",3,3,16
2024-01-20,8,Skarpt Lys,Gilli,8,1,10
2024-01-20,9,Jeg Ka' Rigtig Godt Li' Dig,Ida Laurberg + andreas odbjerg,9,2,25
2024-01-20,10,Uden Dig,Ukendt Kunstner,11,1,30
2024-01-20,11,Varm,Omrade 69,12,11,2
2024-01-20,12,Foles Godt,Uro X Mekdes,14,12,27
2024-01-20,13,Moonlight,D1MA,10,1,39
2024-01-20,14,Glem Det,Carmon & Jamaika,-,14,1
2024-01-20,15,Tilfaeldigt,Caroline Dubois & D1MA,-,11,18
2024-01-20,16,North Face,Kundo Featuring Lamin,-,16,1
2024-01-20,17,Water,Tyla,15,7,12
2024-01-20,18,Popular,"The Weeknd , Playboi Carti & Madonna",-,18,6
2024-01-20,19,Forste Dag,Benjamin Hav Featuring Ella Augusta,-,19,1
2024-01-20,20,Forsvinder,Branco Featuring Gobs,-,2,7
2024-01-20,21,Angel Numbers / Ten Toes,Chris Brown,-,21,1
2024-01-20,22,Det Modsatte,Mumle,-,22,1
2024-01-20,23,Verden Vagner,Gilli & Saveus,17,1,29
2024-01-20,24,2 Kanoner,Merro8,-,9,9
2024-01-20,25,Strangers,Kenya Grace,-,6,9
2024-01-27,1,555,Gilli & Kesi,1,1,11
2024-01-27,2,I Know,D1MA,2,1,25
2024-01-27,3,Danser Med Daemoner,Baloosh Featuring OMAR,4,3,7
2024-01-27,4,Lovin On Me,Jack Harlow,3,3,6
2024-01-27,5,Prada,"casso, RAYE & D-Block Europe",7,3,17
2024-01-27,6,"Yes, And?",Ariana Grande,-,6,1
2024-01-27,7,Greedy,Tate McRae,6,1,14
2024-01-27,8,Skarpt Lys,Gilli,8,1,11
2024-01-27,9,Tak For Sidst,Gobs,5,1,27
2024-01-27,10,Varm,Omrade 69,11,10,3
2024-01-27,11,Uden Dig,Ukendt Kunstner,10,1,31
2024-01-27,12,Foles Godt,Uro X Mekdes,12,12,28
2024-01-27,13,Jeg Ka' Rigtig Godt Li' Dig,Ida Laurberg + andreas odbjerg,9,2,26
2024-01-27,14,Moonlight,D1MA,13,1,40
2024-01-27,15,Tilfaeldigt,Caroline Dubois & D1MA,15,11,19
2024-01-27,16,Det Modsatte,Mumle,22,16,2
2024-01-27,17,Angel Numbers / Ten Toes,Chris Brown,21,17,2
2024-01-27,18,Popular,"The Weeknd , Playboi Carti & Madonna",18,18,7
2024-01-27,19,Glem Det,Carmon & Jamaika,14,14,2
2024-01-27,20,Forste Dag,Benjamin Hav Featuring Ella Augusta,19,19,2
2024-01-27,21,Forsvinder,Branco Featuring Gobs,20,2,8
2024-01-27,22,Water,Tyla,17,7,13
2024-01-27,23,Godthabsvej,Uro,-,23,1
2024-01-27,24,Murder On The Dancefloor,Sophie Ellis-Bextor,-,24,1
2024-01-27,25,Lose Control,Teddy Swims,-,25,1
2024-02-03,1,Sent,Artigeardit & Lamin,-,1,1
2024-02-03,2,555,Gilli & Kesi,1,1,12
2024-02-03,3,I Know,D1MA,2,1,26
2024-02-03,4,Danser Med Daemoner,Baloosh Featuring OMAR,3,3,8
2024-02-03,5,Lovin On Me,Jack Harlow,4,3,7
2024-02-03,6,Greedy,Tate McRae,7,1,15
2024-02-03,7,Prada,"casso, RAYE & D-Block Europe",5,3,18
2024-02-03,8,Tak For Sidst,Gobs,9,1,28
2024-02-03,9,Skarpt Lys,Gilli,8,1,12
2024-02-03,10,"Yes, And?",Ariana Grande,6,6,2
2024-02-03,11,Det Modsatte,Mumle,16,11,3
2024-02-03,12,Varm,Omrade 69,10,10,4
2024-02-03,13,Uden Dig,Ukendt Kunstner,11,1,32
2024-02-03,14,Jeg Ka' Rigtig Godt Li' Dig,Ida Laurberg + andreas odbjerg,13,2,27
2024-02-03,15,Murder On The Dancefloor,Sophie Ellis-Bextor,24,15,2
2024-02-03,16,Moonlight,D1MA,14,1,41
2024-02-03,17,Tilfaeldigt,Caroline Dubois & D1MA,15,11,20
2024-02-03,18,Foles Godt,Uro X Mekdes,12,12,29
2024-02-03,19,Popular,"The Weeknd , Playboi Carti & Madonna",18,18,8
2024-02-03,20,Lose Control,Teddy Swims,25,20,2
2024-02-03,21,Angel Numbers / Ten Toes,Chris Brown,17,17,3
2024-02-03,22,Stick Season,Noah Kahan,-,22,1
2024-02-03,23,Forste Dag,Benjamin Hav Featuring Ella Augusta,20,19,3
2024-02-03,24,Houdini,Dua Lipa,-,13,2
2024-02-03,25,Forsvinder,Branco Featuring Gobs,21,2,9
2024-02-10,1,555,Gilli & Kesi,2,1,13
2024-02-10,2,Sent,Artigeardit & Lamin,1,1,2
2024-02-10,3,I Know,D1MA,3,1,27
2024-02-10,4,Danser Med Daemoner,Baloosh Featuring OMAR,4,3,9
2024-02-10,5,Prada,"casso, RAYE & D-Block Europe",7,3,19
2024-02-10,6,Greedy,Tate McRae,6,1,16
2024-02-10,7,Lovin On Me,Jack Harlow,5,3,8
2024-02-10,8,Skarpt Lys,Gilli,9,1,13
2024-02-10,9,Det Modsatte,Mumle,11,9,4
2024-02-10,10,Tak For Sidst,Gobs,8,1,29
2024-02-10,11,Varm,Omrade 69,12,10,5
2024-02-10,12,Popular,"The Weeknd , Playboi Carti & Madonna",19,12,9
2024-02-10,13,Uden Dig,Ukendt Kunstner,13,1,33
2024-02-10,14,Jeg Ka' Rigtig Godt Li' Dig,Ida Laurberg + andreas odbjerg,14,2,28
2024-02-10,15,Murder On The Dancefloor,Sophie Ellis-Bextor,15,15,3
2024-02-10,16,winwin,Noah Carter,-,16,1
2024-02-10,17,Stick Season,Noah Kahan,22,17,2
2024-02-10,18,"Yes, And?",Ariana Grande,10,6,3
2024-02-10,19,Moonlight,D1MA,16,1,42
2024-02-10,20,Lose Control,Teddy Swims,20,20,3
2024-02-10,21,Tilfaeldigt,Caroline Dubois & D1MA,17,11,21
2024-02-10,22,Foles Godt,Uro X Mekdes,18,12,30
2024-02-10,23,Forste Dag,Benjamin Hav Featuring Ella Augusta,23,19,4
2024-02-10,24,Whatever,Kygo With Ava Max,-,24,1
2024-02-10,25,Godthabsvej,Uro,-,23,2
2024-02-17,1,Intet Nyt,Merro8 X Gilli,-,1,1
2024-02-17,2,555,Gilli & Kesi,1,1,14
2024-02-17,3,Livet Er Kort,Gobs,-,3,1
2024-02-17,4,Sent,Artigeardit & Lamin,2,1,3
2024-02-17,5,I Know,D1MA,3,1,28
2024-02-17,6,Ud Af Hovedet,Gobs Featruing ICEKIID,-,6,1
2024-02-17,7,Tak For Sidst,Gobs,10,1,30
2024-02-17,8,Alt Det,Thor Farlov Featuring Noah Carter,-,8,1
2024-02-17,9,Danser Med Daemoner,Baloosh Featuring OMAR,4,3,10
2024-02-17,10,Skarpt Lys,Gilli,8,1,14
2024-02-17,11,Greedy,Tate McRae,6,1,17
2024-02-17,12,Det Modsatte,Mumle,9,9,5
2024-02-17,13,Varm,Omrade 69,11,10,6
2024-02-17,14,Prada,"casso, RAYE & D-Block Europe",5,3,20
2024-02-17,15,Beautiful Things,Benson Boone,-,15,1
2024-02-17,16,Lovin On Me,Jack Harlow,7,3,9
2024-02-17,17,Tilfaeldigt,Caroline Dubois & D1MA,21,11,22
2024-02-17,18,Uden Dig,Ukendt Kunstner,13,1,34
2024-02-17,19,Stick Season,Noah Kahan,17,17,3
2024-02-17,20,Lose Control,Teddy Swims,20,20,4
2024-02-17,21,Jeg Ka' Rigtig Godt Li' Dig,Ida Laurberg + andreas odbjerg,14,2,29
2024-02-17,22,Praise Jah In The Moonlight,YG Marley,-,22,1
2024-02-17,23,Under Vand,Gobs,-,23,1
2024-02-17,24,Houdini,Dua Lipa,-,13,3
2024-02-17,25,Mit Hjem,Gobs Featuring Aitch,-,25,1
2024-02-24,1,Alt Det,Thor Farlov Featuring Noah Carter,8,1,2
2024-02-24,2,555,Gilli & Kesi,2,1,15
2024-02-24,3,I Know,D1MA,5,1,29
2024-02-24,4,Livet Er Kort,Gobs,3,3,2
2024-02-24,5,Sent,Artigeardit & Lamin,4,1,4
2024-02-24,6,Intet Nyt,Merro8 X Gilli,1,1,2
2024-02-24,7,Tak For Sidst,Gobs,7,1,31
2024-02-24,8,Danser Med Daemoner,Baloosh Featuring OMAR,9,3,11
2024-02-24,9,Skarpt Lys,Gilli,10,1,15
2024-02-24,10,Greedy,Tate McRae,11,1,18
2024-02-24,11,Det Modsatte,Mumle,12,9,6
2024-02-24,12,Varm,Omrade 69,13,10,7
2024-02-24,13,Burn,¥$: Ye & Ty Dolla $ign,-,13,1
2024-02-24,14,Prada,"casso, RAYE & D-Block Europe",14,3,21
2024-02-24,15,Beautiful Things,Benson Boone,15,15,2
2024-02-24,16,Ud Af Hovedet,Gobs Featruing ICEKIID,6,6,2
2024-02-24,17,Carnival,¥$: Ye & Ty Dolla $ign Featuring Rich The Kid & Playboi Carti,-,17,1
2024-02-24,18,Uden Dig,Ukendt Kunstner,18,1,35
2024-02-24,19,Praise Jah In The Moonlight,YG Marley,22,19,2
2024-02-24,20,Jeg Ka' Rigtig Godt Li' Dig,Ida Laurberg + andreas odbjerg,21,2,30
2024-02-24,21,Stick Season,Noah Kahan,19,17,4
2024-02-24,22,Tilfaeldigt,Caroline Dubois & D1MA,17,11,23
2024-02-24,23,Lose Control,Teddy Swims,20,20,5
2024-02-24,24,Lovin On Me,Jack Harlow,16,3,10
2024-02-24,25,Foles Godt,Uro X Mekdes,-,12,31
2024-03-02,1,Alt Det,Thor Farlov Featuring Noah Carter,1,1,3
2024-03-02,2,Ousside,Noah Carter & Benny Jamz,-,2,1
2024-03-02,3,555,Gilli & Kesi,2,1,16
2024-03-02,4,Livet Er Kort,Gobs,4,3,3
2024-03-02,5,I Know,D1MA,3,1,30
2024-03-02,6,Texas Hold 'Em,Beyonce,-,6,1
2024-03-02,7,Beautiful Things,Benson Boone,15,7,3
2024-03-02,8,Skarpt Lys,Gilli,9,1,16
2024-03-02,9,Danser Med Daemoner,Baloosh Featuring OMAR,8,3,12
2024-03-02,10,Carnival,¥$: Ye & Ty Dolla $ign Featuring Rich The Kid & Playboi Carti,17,10,2
2024-03-02,11,Tak For Sidst,Gobs,7,1,32
2024-03-02,12,Sent,Artigeardit & Lamin,5,1,5
2024-03-02,13,Det Modsatte,Mumle,11,9,7
2024-03-02,14,Burn,¥$: Ye & Ty Dolla $ign,13,13,2
2024-03-02,15,Greedy,Tate McRae,10,1,19
2024-03-02,16,Prada,"casso, RAYE & D-Block Europe",14,3,22
2024-03-02,17,Training Season,Dua Lipa,-,17,1
2024-03-02,18,Intet Nyt,Merro8 X Gilli,6,1,3
2024-03-02,19,Lose Control,Teddy Swims,23,19,6
2024-03-02,20,Praise Jah In The Moonlight,YG Marley,19,19,3
2024-03-02,21,Uden Dig,Ukendt Kunstner,18,1,36
2024-03-02,22,Varm,Omrade 69,12,10,8
2024-03-02,23,Stick Season,Noah Kahan,21,17,5
2024-03-02,24,Jeg Ka' Rigtig Godt Li' Dig,Ida Laurberg + andreas odbjerg,20,2,31
2024-03-02,25,Lovin On Me,Jack Harlow,24,3,11
2024-03-09,1,Bellevue,Rahim x D1MA,-,1,1
2024-03-09,2,Alt Det,Thor Farlov Featuring Noah Carter,1,1,4
2024-03-09,3,Texas Hold 'Em,Beyonce,6,3,2
2024-03-09,4,555,Gilli & Kesi,3,1,17
2024-03-09,5,Beautiful Things,Benson Boone,7,5,4
2024-03-09,6,I Know,D1MA,5,1,31
2024-03-09,7,Livet Er Kort,Gobs,4,3,4
2024-03-09,8,Jeg Er En Gamer,Thomas,-,8,1
2024-03-09,9,Det Modsatte,Mumle,13,9,8
2024-03-09,10,Ousside,Noah Carter & Benny Jamz,2,2,2
2024-03-09,11,Lose Control,Teddy Swims,19,11,7
2024-03-09,12,Skarpt Lys,Gilli,8,1,17
2024-03-09,13,Danser Med Daemoner,Baloosh Featuring OMAR,9,3,13
2024-03-09,14,Greedy,Tate McRae,15,1,20
2024-03-09,15,Sent,Artigeardit & Lamin,12,1,6
2024-03-09,16,Tak For Sidst,Gobs,11,1,33
2024-03-09,17,Carnival,¥$: Ye & Ty Dolla $ign Featuring Rich The Kid & Playboi Carti,10,10,3
2024-03-09,18,Burn,¥$: Ye & Ty Dolla $ign,14,13,3
2024-03-09,19,Prada,"casso, RAYE & D-Block Europe",16,3,23
2024-03-09,20,Stick Season,Noah Kahan,23,17,6
2024-03-09,21,Intet Nyt,Merro8 X Gilli,18,1,4
2024-03-09,22,Varm,Omrade 69,22,10,9
2024-03-09,23,Uden Dig,Ukendt Kunstner,21,1,37
2024-03-09,24,Praise Jah In The Moonlight,YG Marley,20,19,4
2024-03-09,25,Stop!,Naya,-,25,1
2024-03-16,1,Bellevue,Rahim x D1MA,1,1,2
2024-03-16,2,Alt Det,Thor Farlov Featuring Noah Carter,2,1,5
2024-03-16,3,Texas Hold 'Em,Beyonce,3,3,3
2024-03-16,4,555,Gilli & Kesi,4,1,18
2024-03-16,5,Beautiful Things,Benson Boone,5,5,5
2024-03-16,6,Det Modsatte,Mumle,9,6,9
2024-03-16,7,I Know,D1MA,6,1,32
2024-03-16,8,Lose Control,Teddy Swims,11,8,8
2024-03-16,9,Livet Er Kort,Gobs,7,3,5
2024-03-16,10,Jeg Er En Gamer,Thomas,8,8,2
2024-03-16,11,Greedy,Tate McRae,14,1,21
2024-03-16,12,Carnival,¥$: Ye & Ty Dolla $ign Featuring Rich The Kid & Playboi Carti,17,10,4
2024-03-16,13,Danser Med Daemoner,Baloosh Featuring OMAR,13,3,14
2024-03-16,14,Skarpt Lys,Gilli,12,1,18
2024-03-16,15,Tak For Sidst,Gobs,16,1,34
2024-03-16,16,Sent,Artigeardit & Lamin,15,1,7
2024-03-16,17,Prada,"casso, RAYE & D-Block Europe",19,3,24
2024-03-16,18,Burn,¥$: Ye & Ty Dolla $ign,18,13,4
2024-03-16,19,Balaclava,ICEKIID,-,19,1
2024-03-16,20,Stick Season,Noah Kahan,20,17,7
2024-03-16,21,Intet Nyt,Merro8 X Gilli,21,1,5
2024-03-16,22,Ousside,Noah Carter & Benny Jamz,10,2,3
2024-03-16,23,Jeg Ka' Rigtig Godt Li' Dig,Ida Laurberg + andreas odbjerg,-,2,32
2024-03-16,24,Varm,Omrade 69,22,10,10
2024-03-16,25,End Of Beginning,Djo,-,25,1
2024-03-23,1,Bellevue,Rahim x D1MA,1,1,3
2024-03-23,2,Alt Det,Thor Farlov Featuring Noah Carter,2,1,6
2024-03-23,3,Beautiful Things,Benson Boone,5,3,6
2024-03-23,4,555,Gilli & Kesi,4,1,19
2024-03-23,5,Texas Hold 'Em,Beyonce,3,3,4
2024-03-23,6,Det Modsatte,Mumle,6,6,10
2024-03-23,7,We Can't Be Friends (Wait For Your Love),Ariana Grande,-,7,1
2024-03-23,8,Knuser Hjerter,Annika,-,8,1
2024-03-23,9,Lose Control,Teddy Swims,8,8,9
2024-03-23,10,Greedy,Tate McRae,11,1,22
2024-03-23,11,I Know,D1MA,7,1,33
2024-03-23,12,End Of Beginning,Djo,25,12,2
2024-03-23,13,Jeg Er En Gamer,Thomas,10,8,3
2024-03-23,14,Carnival,¥$: Ye & Ty Dolla $ign Featuring Rich The Kid & Playboi Carti,12,10,5
2024-03-23,15,Livet Er Kort,Gobs,9,3,6
2024-03-23,16,Danser Med Daemoner,Baloosh Featuring OMAR,13,3,15
2024-03-23,17,Sent,Artigeardit & Lamin,16,1,8
2024-03-23,18,Prada,"casso, RAYE & D-Block Europe",17,3,25
2024-03-23,19,Skarpt Lys,Gilli,14,1,19
2024-03-23,20,Tak For Sidst,Gobs,15,1,35
2024-03-23,21,Stick Season,Noah Kahan,20,17,8
2024-03-23,22,Godthabsvej,Uro,-,22,3
2024-03-23,23,Intet Nyt,Merro8 X Gilli,21,1,6
2024-03-23,24,Burn,¥$: Ye & Ty Dolla $ign,18,13,5
2024-03-23,25,Uden Dig,Ukendt Kunstner,-,1,38
2024-03-30,1,Bellevue,Rahim x D1MA,1,1,4
2024-03-30,2,Alt Det,Thor Farlov Featuring Noah Carter,2,1,7
2024-03-30,3,Beautiful Things,Benson Boone,3,3,7
2024-03-30,4,We Can't Be Friends (Wait For Your Love),Ariana Grande,7,4,2
2024-03-30,5,Knuser Hjerter,Annika,8,5,2
2024-03-30,6,555,Gilli & Kesi,4,1,20
2024-03-30,7,Det Modsatte,Mumle,6,6,11
2024-03-30,8,Lose Control,Teddy Swims,9,8,10
2024-03-30,9,Texas Hold 'Em,Beyonce,5,3,5
2024-03-30,10,I Know,D1MA,11,1,34
2024-03-30,11,Greedy,Tate McRae,10,1,23
2024-03-30,12,Sent,Artigeardit & Lamin,17,1,9
2024-03-30,13,End Of Beginning,Djo,12,12,3
2024-03-30,14,Jeg Er En Gamer,Thomas,13,8,4
2024-03-30,15,Prada,"casso, RAYE & D-Block Europe",18,3,26
2024-03-30,16,Danser Med Daemoner,Baloosh Featuring OMAR,16,3,16
2024-03-30,17,Carnival,¥$: Ye & Ty Dolla $ign Featuring Rich The Kid & Playboi Carti,14,10,6
2024-03-30,18,Skarpt Lys,Gilli,19,1,20
2024-03-30,19,Livet Er Kort,Gobs,15,3,7
2024-03-30,20,Tak For Sidst,Gobs,20,1,36
2024-03-30,21,Stick Season,Noah Kahan,21,17,9
2024-03-30,22,Uden Dig,Ukendt Kunstner,25,1,39
2024-03-30,23,Godthabsvej,Uro,22,22,4
2024-03-30,24,Foles Godt,Uro X Mekdes,-,12,32
2024-03-30,25,Jeg Ka' Rigtig Godt Li' Dig,Ida Laurberg + andreas odbjerg,-,2,33
2024-04-06,1,Bellevue,Rahim x D1MA,1,1,5
2024-04-06,2,Alt Det,Thor Farlov Featuring Noah Carter,2,1,8
2024-04-06,3,Beautiful Things,Benson Boone,3,3,8
2024-04-06,4,Sprite & Vodka,"Noah Carter, Gilli & Kesi",-,4,1
2024-04-06,5,We Can't Be Friends (Wait For Your Love),Ariana Grande,4,4,3
2024-04-06,6,555,Gilli & Kesi,6,1,21
2024-04-06,7,Lose Control,Teddy Swims,8,7,11
2024-04-06,8,Knuser Hjerter,Annika,5,5,3
2024-04-06,9,Det Modsatte,Mumle,7,6,12
2024-04-06,10,Kom & Gik,Noah Carter & Hans Philip,-,10,1
2024-04-06,11,I Know,D1MA,10,1,35
2024-04-06,12,Texas Hold 'Em,Beyonce,9,3,6
2024-04-06,13,Greedy,Tate McRae,11,1,24
2024-04-06,14,Sent,Artigeardit & Lamin,12,1,10
2024-04-06,15,End Of Beginning,Djo,13,12,4
2024-04-06,16,Jeg Er En Gamer,Thomas,14,8,5
2024-04-06,17,Ousside,Noah Carter & Benny Jamz,-,2,4
2024-04-06,18,Imponeret/Smukt&Rigtigt,Noah Carter,-,18,1
2024-04-06,19,Like That,"Future , Metro Boomin & Kendrick Lamar",-,19,1
2024-04-06,20,Skarpt Lys,Gilli,18,1,21
2024-04-06,21,Danser Med Daemoner,Baloosh Featuring OMAR,16,3,17
2024-04-06,22,Livsnyder,Noah Carter & MAS,-,22,1
2024-04-06,23,Tak For Sidst,Gobs,20,1,37
2024-04-06,24,Livet Er Kort,Gobs,19,3,8
2024-04-06,25,winwin,Noah Carter,-,16,2
2024-04-13,1,Bellevue,Rahim x D1MA,1,1,6
2024-04-13,2,OT,Lamin,-,2,1
2024-04-13,3,Alt Det,Thor Farlov Featuring Noah Carter,2,1,9
2024-04-13,4,Beautiful Things,Benson Boone,3,3,9
2024-04-13,5,Texas Hold 'Em,Beyonce,12,3,7
2024-04-13,6,We Can't Be Friends (Wait For Your Love),Ariana Grande,5,4,4
2024-04-13,7,I Like The Way You Kiss Me,Artemas,-,7,1
2024-04-13,8,Knuser Hjerter,Annika,8,5,4
2024-04-13,9,555,Gilli & Kesi,6,1,22
2024-04-13,10,Lose Control,Teddy Swims,7,7,12
2024-04-13,11,Det Modsatte,Mumle,9,6,13
2024-04-13,12,Sprite & Vodka,"Noah Carter, Gilli & Kesi",4,4,2
2024-04-13,13,Sent,Artigeardit & Lamin,14,1,11
2024-04-13,14,I Know,D1MA,11,1,36
2024-04-13,15,Greedy,Tate McRae,13,1,25
2024-04-13,16,End Of Beginning,Djo,15,12,5
2024-04-13,17,Like That,"Future , Metro Boomin & Kendrick Lamar",19,17,2
2024-04-13,18,Skarpt Lys,Gilli,20,1,22
2024-04-13,19,Jeg Er En Gamer,Thomas,16,8,6
2024-04-13,20,Tak For Sidst,Gobs,23,1,38
2024-04-13,21,Prada,"casso, RAYE & D-Block Europe",-,3,27
2024-04-13,22,Livet Er Kort,Gobs,24,3,9
2024-04-13,23,Danser Med Daemoner,Baloosh Featuring OMAR,21,3,18
2024-04-13,24,Uden Dig,Ukendt Kunstner,-,1,40
2024-04-13,25,Too Sweet,Hozier,-,25,1
2024-04-20,1,Bellevue,Rahim x D1MA,1,1,7
2024-04-20,2,I Like The Way You Kiss Me,Artemas,7,2,2
2024-04-20,3,Alt Det,Thor Farlov Featuring Noah Carter,3,1,10
2024-04-20,4,Storebaetsbroen,Guldimund,-,4,1
2024-04-20,5,OT,Lamin,2,2,2
2024-04-20,6,Knuser Hjerter,Annika,8,5,5
2024-04-20,7,Beautiful Things,Benson Boone,4,3,10
2024-04-20,8,Too Sweet,Hozier,25,8,2
2024-04-20,9,Texas Hold 'Em,Beyonce,5,3,8
2024-04-20,10,Lose Control,Teddy Swims,10,7,13
2024-04-20,11,555,Gilli & Kesi,9,1,23
2024-04-20,12,We Can't Be Friends (Wait For Your Love),Ariana Grande,6,4,5
2024-04-20,13,Det Modsatte,Mumle,11,6,14
2024-04-20,14,Forste Dag,Benjamin Hav Featuring Ella Augusta,-,14,5
2024-04-20,15,Sprite & Vodka,"Noah Carter, Gilli & Kesi",12,4,3
2024-04-20,16,I Know,D1MA,14,1,37
2024-04-20,17,Sent,Artigeardit & Lamin,13,1,12
2024-04-20,18,Prada,"casso, RAYE & D-Block Europe",21,3,28
2024-04-20,19,Greedy,Tate McRae,15,1,26
2024-04-20,20,Halskaede,Guldimund,-,20,1
2024-04-20,21,End Of Beginning,Djo,16,12,6
2024-04-20,22,Uden Dig,Ukendt Kunstner,24,1,41
2024-04-20,23,Skarpt Lys,Gilli,18,1,23
2024-04-20,24,Like That,"Future , Metro Boomin & Kendrick Lamar",17,17,3
2024-04-20,25,Livet Er Kort,Gobs,22,3,10
2024-04-27,1,Bellevue,Rahim x D1MA,1,1,8
2024-04-27,2,I Like The Way You Kiss Me,Artemas,2,2,3
2024-04-27,3,Too Sweet,Hozier,8,3,3
2024-04-27,4,Storebaetsbroen,Guldimund,4,4,2
2024-04-27,5,Alt Det,Thor Farlov Featuring Noah Carter,3,1,11
2024-04-27,6,Knuser Hjerter,Annika,6,5,6
2024-04-27,7,555,Gilli & Kesi,11,1,24
2024-04-27,8,Lose Control,Teddy Swims,10,7,14
2024-04-27,9,Beautiful Things,Benson Boone,7,3,11
2024-04-27,10,Forste Dag,Benjamin Hav Featuring Ella Augusta,14,10,6
2024-04-27,11,OT,Lamin,5,2,3
2024-04-27,12,Det Modsatte,Mumle,13,6,15
2024-04-27,13,Texas Hold 'Em,Beyonce,9,3,9
2024-04-27,14,We Can't Be Friends (Wait For Your Love),Ariana Grande,12,4,6
2024-04-27,15,Sent,Artigeardit & Lamin,17,1,13
2024-04-27,16,Sprite & Vodka,"Noah Carter, Gilli & Kesi",15,4,4
2024-04-27,17,I Know,D1MA,16,1,38
2024-04-27,18,Prada,"casso, RAYE & D-Block Europe",18,3,29
2024-04-27,19,Greedy,Tate McRae,19,1,27
2024-04-27,20,Illusion,Dua Lipa,-,20,1
2024-04-27,21,Halskaede,Guldimund,20,20,2
2024-04-27,22,End Of Beginning,Djo,21,12,7
2024-04-27,23,Danser Med Daemoner,Baloosh Featuring OMAR,-,3,19
2024-04-27,24,Livet Er Kort,Gobs,25,3,11
2024-04-27,25,Pedro,"Jaxomy, Agatino Romero & Raffaella Carra",-,25,1
2024-05-04,1,Bellevue,Rahim x D1MA,1,1,9
2024-05-04,2,Fortnight,Taylor Swift Featuring Post Malone,-,2,1
2024-05-04,3,I Like The Way You Kiss Me,Artemas,2,2,4
2024-05-04,4,Alt Det,Thor Farlov Featuring Noah Carter,5,1,12
2024-05-04,5,Too Sweet,Hozier,3,3,4
2024-05-04,6,Storebaetsbroen,Guldimund,4,4,3
2024-05-04,7,Knuser Hjerter,Annika,6,5,7
2024-05-04,8,555,Gilli & Kesi,7,1,25
2024-05-04,9,Espresso,Sabrina Carpenter,-,9,1
2024-05-04,10,Beautiful Things,Benson Boone,9,3,12
2024-05-04,11,Lose Control,Teddy Swims,8,7,15
2024-05-04,12,"So Long, London",Taylor Swift,-,12,1
2024-05-04,13,Pedro,"Jaxomy, Agatino Romero & Raffaella Carra",25,13,2
2024-05-04,14,The Tortured Poets Department,Taylor Swift,-,14,1
2024-05-04,15,Down Bad,Taylor Swift,-,15,1
2024-05-04,16,I Can Do It With A Broken Heart,Taylor Swift,-,16,1
2024-05-04,17,My Boy Only Breaks His Favorite Toys,Taylor Swift,-,17,1
2024-05-04,18,Det Modsatte,Mumle,12,6,16
2024-05-04,19,Forste Dag,Benjamin Hav Featuring Ella Augusta,10,10,7
2024-05-04,20,OT,Lamin,11,2,4
2024-05-04,21,We Can't Be Friends (Wait For Your Love),Ariana Grande,14,4,7
2024-05-04,22,But Daddy I Love Him,Taylor Swift,-,22,1
2024-05-04,23,Texas Hold 'Em,Beyonce,13,3,10
2024-05-04,24,Born Af Natten (Hola Bonita),Ankerstjerne x Daniel Schulz x Panamah,-,24,1
2024-05-04,25,Sent,Artigeardit & Lamin,15,1,14
2024-05-11,1,Chanel Freestyle,Anton Westerlin & Lamin,-,1,1
2024-05-11,2,Bellevue,Rahim x D1MA,1,1,10
2024-05-11,3,Espresso,Sabrina Carpenter,9,3,2
2024-05-11,4,I Like The Way You Kiss Me,Artemas,3,2,5
2024-05-11,5,Alt Det,Thor Farlov Featuring Noah Carter,4,1,13
2024-05-11,6,Born Af Natten (Hola Bonita),Ankerstjerne x Daniel Schulz x Panamah,24,6,2
2024-05-11,7,Too Sweet,Hozier,5,3,5
2024-05-11,8,Fortnight,Taylor Swift Featuring Post Malone,2,2,2
2024-05-11,9,Knuser Hjerter,Annika,7,5,8
2024-05-11,10,Pedro,"Jaxomy, Agatino Romero & Raffaella Carra",13,10,3
2024-05-11,11,555,Gilli & Kesi,8,1,26
2024-05-11,12,Cartier Linser,ICEKIID,-,12,1
2024-05-11,13,Lose Control,Teddy Swims,11,7,16
2024-05-11,14,A Bar Song (Tipsy),Shaboozey,-,14,1
2024-05-11,15,Storebaetsbroen,Guldimund,6,4,4
2024-05-11,16,Beautiful Things,Benson Boone,10,3,13
2024-05-11,17,OT,Lamin,20,2,5
2024-05-11,18,Det Modsatte,Mumle,18,6,17
2024-05-11,19,Sent,Artigeardit & Lamin,25,1,15
2024-05-11,20,Forste Dag,Benjamin Hav Featuring Ella Augusta,19,10,8
2024-05-11,21,Gennemdithjerte,MAS Featuring Hans Philip,-,21,1
2024-05-11,22,We Can't Be Friends (Wait For Your Love),Ariana Grande,21,4,8
2024-05-11,23,Texas Hold 'Em,Beyonce,23,3,11
2024-05-11,24,Prada,"casso, RAYE & D-Block Europe",-,3,30
2024-05-11,25,I Know,D1MA,-,1,39
2024-05-18,1,Chanel Freestyle,Anton Westerlin & Lamin,1,1,2
2024-05-18,2,Bellevue,Rahim x D1MA,2,1,11
2024-05-18,3,Espresso,Sabrina Carpenter,3,3,3
2024-05-18,4,Born Af Natten (Hola Bonita),Ankerstjerne x Daniel Schulz x Panamah,6,4,3
2024-05-18,5,A Bar Song (Tipsy),Shaboozey,14,5,2
2024-05-18,6,Alt Det,Thor Farlov Featuring Noah Carter,5,1,14
2024-05-18,7,I Like The Way You Kiss Me,Artemas,4,2,6
2024-05-18,8,Too Sweet,Hozier,7,3,6
2024-05-18,9,Knuser Hjerter,Annika,9,5,9
2024-05-18,10,Pedro,"Jaxomy, Agatino Romero & Raffaella Carra",10,10,4
2024-05-18,11,555,Gilli & Kesi,11,1,27
2024-05-18,12,Lose Control,Teddy Swims,13,7,17
2024-05-18,13,Not Like Us,Kendrick Lamar,-,13,1
2024-05-18,14,Beautiful Things,Benson Boone,16,3,14
2024-05-18,15,Million Dollar Baby,Tommy Richman,-,15,1
2024-05-18,16,Det Modsatte,Mumle,18,6,18
2024-05-18,17,Fortnight,Taylor Swift Featuring Post Malone,8,2,3
2024-05-18,18,Euphoria,Kendrick Lamar,-,18,1
2024-05-18,19,Storebaetsbroen,Guldimund,15,4,5
2024-05-18,20,Sent,Artigeardit & Lamin,19,1,16
2024-05-18,21,Forste Dag,Benjamin Hav Featuring Ella Augusta,20,10,9
2024-05-18,22,Cartier Linser,ICEKIID,12,12,2
2024-05-18,23,I Know,D1MA,25,1,40
2024-05-18,24,OT,Lamin,17,2,6
2024-05-18,25,Prada,"casso, RAYE & D-Block Europe",24,3,31
2024-05-25,1,Alt Ved Dig,Gobs,-,1,1
2024-05-25,2,Chanel Freestyle,Anton Westerlin & Lamin,1,1,3
2024-05-25,3,I Had Some Help,Post Malone Featuring Morgan Wallen,-,3,1
2024-05-25,4,Bellevue,Rahim x D1MA,2,1,12
2024-05-25,5,Born Af Natten (Hola Bonita),Ankerstjerne x Daniel Schulz x Panamah,4,4,4
2024-05-25,6,Million Dollar Baby,Tommy Richman,15,6,2
2024-05-25,7,Espresso,Sabrina Carpenter,3,3,4
2024-05-25,8,A Bar Song (Tipsy),Shaboozey,5,5,3
2024-05-25,9,Not Like Us,Kendrick Lamar,13,9,2
2024-05-25,10,Alt Det,Thor Farlov Featuring Noah Carter,6,1,15
2024-05-25,11,Knuser Hjerter,Annika,9,5,10
2024-05-25,12,I Like The Way You Kiss Me,Artemas,7,2,7
2024-05-25,13,555,Gilli & Kesi,11,1,28
2024-05-25,14,Too Sweet,Hozier,8,3,7
2024-05-25,15,Lose Control,Teddy Swims,12,7,18
2024-05-25,16,Pedro,"Jaxomy, Agatino Romero & Raffaella Carra",10,10,5
2024-05-25,17,Beautiful Things,Benson Boone,14,3,15
2024-05-25,18,Det Modsatte,Mumle,16,6,19
2024-05-25,19,Sent,Artigeardit & Lamin,20,1,17
2024-05-25,20,Fortnight,Taylor Swift Featuring Post Malone,17,2,4
2024-05-25,21,I Don't Wanna Wait,David Guetta & OneRepublic,-,21,1
2024-05-25,22,Storebaetsbroen,Guldimund,19,4,6
2024-05-25,23,Forste Dag,Benjamin Hav Featuring Ella Augusta,21,10,10
2024-05-25,24,Belong Together,Mark Ambor,-,24,1
2024-05-25,25,Tak For Sidst,Gobs,-,1,39
2024-06-01,1,Alt Ved Dig,Gobs,1,1,2
2024-06-01,2,Chanel Freestyle,Anton Westerlin & Lamin,2,1,4
2024-06-01,3,Bellevue,Rahim x D1MA,4,1,13
2024-06-01,4,Born Af Natten (Hola Bonita),Ankerstjerne x Daniel Schulz x Panamah,5,4,5
2024-06-01,5,De Her Timer,Lamin,-,5,1
2024-06-01,6,Lunch,Billie Eilish,-,6,1
2024-06-01,7,I Had Some Help,Post Malone Featuring Morgan Wallen,3,3,2
2024-06-01,8,Espresso,Sabrina Carpenter,7,3,5
2024-06-01,9,A Bar Song (Tipsy),Shaboozey,8,5,4
2024-06-01,10,Million Dollar Baby,Tommy Richman,6,6,3
2024-06-01,11,Chihiro,Billie Eilish,-,11,1
2024-06-01,12,Alt Det,Thor Farlov Featuring Noah Carter,10,1,16
2024-06-01,13,Not Like Us,Kendrick Lamar,9,9,3
2024-06-01,14,555,Gilli & Kesi,13,1,29
2024-06-01,15,Knuser Hjerter,Annika,11,5,11
2024-06-01,16,Birds Of A Feather,Billie Eilish,-,16,1
2024-06-01,17,I Like The Way You Kiss Me,Artemas,12,2,8
2024-06-01,18,Too Sweet,Hozier,14,3,8
2024-06-01,19,Lose Control,Teddy Swims,15,7,19
2024-06-01,20,Sent,Artigeardit & Lamin,19,1,18
2024-06-01,21,Pedro,"Jaxomy, Agatino Romero & Raffaella Carra",16,10,6
2024-06-01,22,I Don't Wanna Wait,David Guetta & OneRepublic,21,21,2
2024-06-01,23,Beautiful Things,Benson Boone,17,3,16
2024-06-01,24,Det Modsatte,Mumle,18,6,20
2024-06-01,25,Stargazing,Myles Smith,-,25,1
2024-06-08,1,Kongen Af Danmark,Malte Ebert & Herrelandsholdet,-,1,1
2024-06-08,2,Born Af Natten (Hola Bonita),Ankerstjerne x Daniel Schulz x Panamah,4,2,6
2024-06-08,3,Alt Ved Dig,Gobs,1,1,3
2024-06-08,4,Dark Room,TR x ICE,-,4,1
2024-06-08,5,Chanel Freestyle,Anton Westerlin & Lamin,2,1,5
2024-06-08,6,De Her Timer,Lamin,5,5,2
2024-06-08,7,Lunch,Billie Eilish,6,6,2
2024-06-08,8,Espresso,Sabrina Carpenter,8,3,6
2024-06-08,9,Bellevue,Rahim x D1MA,3,1,14
2024-06-08,10,I Had Some Help,Post Malone Featuring Morgan Wallen,7,3,3
2024-06-08,11,A Bar Song (Tipsy),Shaboozey,9,5,5
2024-06-08,12,Million Dollar Baby,Tommy Richman,10,6,4
2024-06-08,13,Birds Of A Feather,Billie Eilish,16,13,2
2024-06-08,14,Chihiro,Billie Eilish,11,11,2
2024-06-08,15,Verden Rundt,Branco,-,15,1
2024-06-08,16,BAND4BAND,Central Cee & Lil Baby,-,16,1
2024-06-08,17,Alt Det,Thor Farlov Featuring Noah Carter,12,1,17
2024-06-08,18,Knuser Hjerter,Annika,15,5,12
2024-06-08,19,Too Sweet,Hozier,18,3,9
2024-06-08,20,I Like The Way You Kiss Me,Artemas,17,2,9
2024-06-08,21,Not Like Us,Kendrick Lamar,13,9,4
2024-06-08,22,555,Gilli & Kesi,14,1,30
2024-06-08,23,Lose Control,Teddy Swims,19,7,20
2024-06-08,24,Stargazing,Myles Smith,25,24,2
2024-06-08,25,Beautiful Things,Benson Boone,23,3,17
2024-06-15,1,Hva Du Pa?,Lamin Featuring Gilli,-,1,1
2024-06-15,2,Houdini,Eminem,-,2,1
2024-06-15,3,De Her Timer,Lamin,6,3,3
2024-06-15,4,Born Af Natten (Hola Bonita),Ankerstjerne x Daniel Schulz x Panamah,2,2,7
2024-06-15,5,Alt Ved Dig,Gobs,3,1,4
2024-06-15,6,Noget Si'r Mig,Thor Farlov & Kundo,-,6,1
2024-06-15,7,Kongen Af Danmark,Malte Ebert & Herrelandsholdet,1,1,2
2024-06-15,8,Dark Room,TR x ICE,4,4,2
2024-06-15,9,Chanel Freestyle,Anton Westerlin & Lamin,5,1,6
2024-06-15,10,Espresso,Sabrina Carpenter,8,3,7
2024-06-15,11,Kobenhavn,Rune Rask & TOOMANYLEFTHANDS Featruing Benjamin Hav & Suspekt,-,11,1
2024-06-15,12,Bellevue,Rahim x D1MA,9,1,15
2024-06-15,13,BAND4BAND,Central Cee & Lil Baby,16,13,2
2024-06-15,14,I Had Some Help,Post Malone Featuring Morgan Wallen,10,3,4
2024-06-15,15,Birds Of A Feather,Billie Eilish,13,13,3
2024-06-15,16,Lunch,Billie Eilish,7,6,3
2024-06-15,17,Alt Det,Thor Farlov Featuring Noah Carter,17,1,18
2024-06-15,18,A Bar Song (Tipsy),Shaboozey,11,5,6
2024-06-15,19,Million Dollar Baby,Tommy Richman,12,6,5
2024-06-15,20,Stargazing,Myles Smith,24,20,3
2024-06-15,21,555,Gilli & Kesi,22,1,31
2024-06-15,22,Too Sweet,Hozier,19,3,10
2024-06-15,23,I Like The Way You Kiss Me,Artemas,20,2,10
2024-06-15,24,Lose Control,Teddy Swims,23,7,21
2024-06-15,25,Knuser Hjerter,Annika,18,5,13
2024-06-22,1,Hva Du Pa?,Lamin Featuring Gilli,1,1,2
2024-06-22,2,Kongen Af Danmark,Malte Ebert & Herrelandsholdet,7,1,3
2024-06-22,3,Houdini,Eminem,2,2,2
2024-06-22,4,Kobenhavn,Rune Rask & TOOMANYLEFTHANDS Featruing Benjamin Hav & Suspekt,11,4,2
2024-06-22,5,Dark Room,TR x ICE,8,4,3
2024-06-22,6,Born Af Natten (Hola Bonita),Ankerstjerne x Daniel Schulz x Panamah,4,2,8
2024-06-22,7,De Her Timer,Lamin,3,3,4
2024-06-22,8,Espresso,Sabrina Carpenter,10,3,8
2024-06-22,9,Alt Ved Dig,Gobs,5,1,5
2024-06-22,10,Chanel Freestyle,Anton Westerlin & Lamin,9,1,7
2024-06-22,11,Birds Of A Feather,Billie Eilish,15,11,4
2024-06-22,12,Bellevue,Rahim x D1MA,12,1,16
2024-06-22,13,Noget Si'r Mig,Thor Farlov & Kundo,6,6,2
2024-06-22,14,A Bar Song (Tipsy),Shaboozey,18,5,7
2024-06-22,15,Please Please Please,Sabrina Carpenter,-,15,1
2024-06-22,16,Eneste,MAS & Kesi,-,16,1
2024-06-22,17,I Had Some Help,Post Malone Featuring Morgan Wallen,14,3,5
2024-06-22,18,BAND4BAND,Central Cee & Lil Baby,13,13,3
2024-06-22,19,Lunch,Billie Eilish,16,6,4
2024-06-22,20,Stargazing,Myles Smith,20,20,4
2024-06-22,21,Alt Det,Thor Farlov Featuring Noah Carter,17,1,19
2024-06-22,22,Too Sweet,Hozier,22,3,11
2024-06-22,23,Million Dollar Baby,Tommy Richman,19,6,6
2024-06-22,24,Lose Control,Teddy Swims,24,7,22
2024-06-22,25,Knuser Hjerter,Annika,25,5,14
2024-06-29,1,Kongen Af Danmark,Malte Ebert & Herrelandsholdet,2,1,4
2024-06-29,2,Hva Du Pa?,Lamin Featuring Gilli,1,1,3
2024-06-29,3,Kobenhavn,Rune Rask & TOOMANYLEFTHANDS Featruing Benjamin Hav & Suspekt,4,3,3
2024-06-29,4,Dark Room,TR x ICE,5,4,4
2024-06-29,5,Born Af Natten (Hola Bonita),Ankerstjerne x Daniel Schulz x Panamah,6,2,9
2024-06-29,6,Please Please Please,Sabrina Carpenter,15,6,2
2024-06-29,7,Espresso,Sabrina Carpenter,8,3,9
2024-06-29,8,De Her Timer,Lamin,7,3,5
2024-06-29,9,Houdini,Eminem,3,2,3
2024-06-29,10,Alt Ved Dig,Gobs,9,1,6
2024-06-29,11,Birds Of A Feather,Billie Eilish,11,11,5
2024-06-29,12,Bellevue,Rahim x D1MA,12,1,17
2024-06-29,13,A Bar Song (Tipsy),Shaboozey,14,5,8
2024-06-29,14,Chanel Freestyle,Anton Westerlin & Lamin,10,1,8
2024-06-29,15,Noget Si'r Mig,Thor Farlov & Kundo,13,6,3
2024-06-29,16,I Had Some Help,Post Malone Featuring Morgan Wallen,17,3,6
2024-06-29,17,"Flere Mal, 4-0",Suspekt,-,17,1
2024-06-29,18,Alt Det,Thor Farlov Featuring Noah Carter,21,1,20
2024-06-29,19,Stargazing,Myles Smith,20,19,5
2024-06-29,20,BAND4BAND,Central Cee & Lil Baby,18,13,4
2024-06-29,21,Too Sweet,Hozier,22,3,12
2024-06-29,22,Knuser Hjerter,Annika,25,5,15
2024-06-29,23,Lose Control,Teddy Swims,24,7,23
2024-06-29,24,Million Dollar Baby,Tommy Richman,23,6,7
2024-06-29,25,Beautiful Things,Benson Boone,-,3,18
2024-07-06,1,Kongen Af Danmark,Malte Ebert & Herrelandsholdet,1,1,5
2024-07-06,2,Hva Du Pa?,Lamin Featuring Gilli,2,1,4
2024-07-06,3,Kobenhavn,Rune Rask & TOOMANYLEFTHANDS Featruing Benjamin Hav & Suspekt,3,3,4
2024-07-06,4,Reposado,Benny Jamz & Gilli,-,4,1
2024-07-06,5,Born Af Natten (Hola Bonita),Ankerstjerne x Daniel Schulz x Panamah,5,2,10
2024-07-06,6,Dark Room,TR x ICE,4,4,5
2024-07-06,7,Espresso,Sabrina Carpenter,7,3,10
2024-07-06,8,Tillid,Benny Jamz & Gilli,-,8,1
2024-07-06,9,De Her Timer,Lamin,8,3,6
2024-07-06,10,Chicagenhagen,Benny Jamz & Gilli,-,10,1
2024-07-06,11,911,OMAR & Tobias Rahim,-,11,1
2024-07-06,12,Bellevue,Rahim x D1MA,12,1,18
2024-07-06,13,Please Please Please,Sabrina Carpenter,6,6,3
2024-07-06,14,Alt Ved Dig,Gobs,10,1,7
2024-07-06,15,A Bar Song (Tipsy),Shaboozey,13,5,9
2024-07-06,16,Birds Of A Feather,Billie Eilish,11,11,6
2024-07-06,17,Under Din Sne,The Minds Of 99,-,4,30
2024-07-06,18,Houdini,Eminem,9,2,4
2024-07-06,19,I Had Some Help,Post Malone Featuring Morgan Wallen,16,3,7
2024-07-06,20,Alt Det,Thor Farlov Featuring Noah Carter,18,1,21
2024-07-06,21,Alle Skuffer Over Tid,The Minds Of 99,-,21,1
2024-07-06,22,Peace & Love,Benny Jamz & Gilli,-,22,1
2024-07-06,23,Stressfri,Benny Jamz & Gilli,-,23,1
2024-07-06,24,Noget Si'r Mig,Thor Farlov & Kundo,15,6,4
2024-07-06,25,Chanel Freestyle,Anton Westerlin & Lamin,14,1,9
2024-07-13,1,Hva Du Pa?,Lamin Featuring Gilli,2,1,5
2024-07-13,2,Kobenhavn,Rune Rask & TOOMANYLEFTHANDS Featruing Benjamin Hav & Suspekt,3,2,5
2024-07-13,3,Kongen Af Danmark,Malte Ebert & Herrelandsholdet,1,1,6
2024-07-13,4,Dark Room,TR x ICE,6,4,6
2024-07-13,5,Born Af Natten (Hola Bonita),Ankerstjerne x Daniel Schulz x Panamah,5,2,11
2024-07-13,6,Reposado,Benny Jamz & Gilli,4,4,2
2024-07-13,7,De Her Timer,Lamin,9,3,7
2024-07-13,8,Espresso,Sabrina Carpenter,7,3,11
2024-07-13,9,Bellevue,Rahim x D1MA,12,1,19
2024-07-13,10,A Bar Song (Tipsy),Shaboozey,15,5,10
2024-07-13,11,Alt Ved Dig,Gobs,14,1,8
2024-07-13,12,Alt Det,Thor Farlov Featuring Noah Carter,20,1,22
2024-07-13,13,Birds Of A Feather,Billie Eilish,16,11,7
2024-07-13,14,911,OMAR & Tobias Rahim,11,11,2
2024-07-13,15,Please Please Please,Sabrina Carpenter,13,6,4
2024-07-13,16,Company,Thor Farlov,-,16,1
2024-07-13,17,Chanel Freestyle,Anton Westerlin & Lamin,25,1,10
2024-07-13,18,Houdini,Eminem,18,2,5
2024-07-13,19,Chicagenhagen,Benny Jamz & Gilli,10,10,2
2024-07-13,20,I Don't Wanna Wait,David Guetta & OneRepublic,-,20,3
2024-07-13,21,I Had Some Help,Post Malone Featuring Morgan Wallen,19,3,8
2024-07-13,22,555,Gilli & Kesi,-,1,32
2024-07-13,23,Noget Si'r Mig,Thor Farlov & Kundo,24,6,5
2024-07-13,24,Lose Control,Teddy Swims,-,7,24
2024-07-13,25,Stargazing,Myles Smith,-,19,6
2024-07-20,1,Hva Du Pa?,Lamin Featuring Gilli,1,1,6
2024-07-20,2,Dark Room,TR x ICE,4,2,7
2024-07-20,3,Kobenhavn,Rune Rask & TOOMANYLEFTHANDS Featruing Benjamin Hav & Suspekt,2,2,6
2024-07-20,4,Reposado,Benny Jamz & Gilli,6,4,3
2024-07-20,5,Born Af Natten (Hola Bonita),Ankerstjerne x Daniel Schulz x Panamah,5,2,12
2024-07-20,6,De Her Timer,Lamin,7,3,8
2024-07-20,7,Espresso,Sabrina Carpenter,8,3,12
2024-07-20,8,Bellevue,Rahim x D1MA,9,1,20
2024-07-20,9,A Bar Song (Tipsy),Shaboozey,10,5,11
2024-07-20,10,Kongen Af Danmark,Malte Ebert & Herrelandsholdet,3,1,7
2024-07-20,11,911,OMAR & Tobias Rahim,14,11,3
2024-07-20,12,Alt Det,Thor Farlov Featuring Noah Carter,12,1,23
2024-07-20,13,Birds Of A Feather,Billie Eilish,13,11,8
2024-07-20,14,Alt Ved Dig,Gobs,11,1,9
2024-07-20,15,Company,Thor Farlov,16,15,2
2024-07-20,16,Chicagenhagen,Benny Jamz & Gilli,19,10,3
2024-07-20,17,Please Please Please,Sabrina Carpenter,15,6,5
2024-07-20,18,Booty Up,Benny Jamz & Gilli,-,18,1
2024-07-20,19,I Had Some Help,Post Malone Featuring Morgan Wallen,21,3,9
2024-07-20,20,Chanel Freestyle,Anton Westerlin & Lamin,17,1,11
2024-07-20,21,555,Gilli & Kesi,22,1,33
2024-07-20,22,Not Like Us,Kendrick Lamar,-,9,5
2024-07-20,23,Houdini,Eminem,18,2,6
2024-07-20,24,Noget Si'r Mig,Thor Farlov & Kundo,23,6,6
2024-07-20,25,Lose Control,Teddy Swims,24,7,25
2024-07-27,1,Dark Room,TR x ICE,2,1,8
2024-07-27,2,Hva Du Pa?,Lamin Featuring Gilli,1,1,7
2024-07-27,3,Reposado,Benny Jamz & Gilli,4,3,4
2024-07-27,4,Kobenhavn,Rune Rask & TOOMANYLEFTHANDS Featruing Benjamin Hav & Suspekt,3,2,7
2024-07-27,5,Born Af Natten (Hola Bonita),Ankerstjerne x Daniel Schulz x Panamah,5,2,13
2024-07-27,6,De Her Timer,Lamin,6,3,9
2024-07-27,7,911,OMAR & Tobias Rahim,11,7,4
2024-07-27,8,Espresso,Sabrina Carpenter,7,3,13
2024-07-27,9,Bellevue,Rahim x D1MA,8,1,21
2024-07-27,10,Birds Of A Feather,Billie Eilish,13,10,9
2024-07-27,11,A Bar Song (Tipsy),Shaboozey,9,5,12
2024-07-27,12,Houdini,Eminem,23,2,7
2024-07-27,13,Alt Det,Thor Farlov Featuring Noah Carter,12,1,24
2024-07-27,14,Alt Ved Dig,Gobs,14,1,10
2024-07-27,15,Company,Thor Farlov,15,15,3
2024-07-27,16,Booty Up,Benny Jamz & Gilli,18,16,2
2024-07-27,17,Lose Control,Teddy Swims,25,7,26
2024-07-27,18,Chicagenhagen,Benny Jamz & Gilli,16,10,4
2024-07-27,19,Please Please Please,Sabrina Carpenter,17,6,6
2024-07-27,20,I Had Some Help,Post Malone Featuring Morgan Wallen,19,3,10
2024-07-27,21,Kongen Af Danmark,Malte Ebert & Herrelandsholdet,10,1,8
2024-07-27,22,Stargazing,Myles Smith,-,19,7
2024-07-27,23,Not Like Us,Kendrick Lamar,22,9,6
2024-07-27,24,Beautiful Things,Benson Boone,-,3,19
2024-07-27,25,555,Gilli & Kesi,21,1,34
2024-08-03,1,Dark Room,TR x ICE,1,1,9
2024-08-03,2,Hva Du Pa?,Lamin Featuring Gilli,2,1,8
2024-08-03,3,Reposado,Benny Jamz & Gilli,3,3,5
2024-08-03,4,Born Af Natten (Hola Bonita),Ankerstjerne x Daniel Schulz x Panamah,5,2,14
2024-08-03,5,Kobenhavn,Rune Rask & TOOMANYLEFTHANDS Featruing Benjamin Hav & Suspekt,4,2,8
2024-08-03,6,Bellevue,Rahim x D1MA,9,1,22
2024-08-03,7,De Her Timer,Lamin,6,3,10
2024-08-03,8,911,OMAR & Tobias Rahim,7,7,5
2024-08-03,9,Espresso,Sabrina Carpenter,8,3,14
2024-08-03,10,Birds Of A Feather,Billie Eilish,10,10,10
2024-08-03,11,A Bar Song (Tipsy),Shaboozey,11,5,13
2024-08-03,12,Alt Det,Thor Farlov Featuring Noah Carter,13,1,25
2024-08-03,13,Alt Ved Dig,Gobs,14,1,11
2024-08-03,14,Company,Thor Farlov,15,14,4
2024-08-03,15,I Had Some Help,Post Malone Featuring Morgan Wallen,20,3,11
2024-08-03,16,Booty Up,Benny Jamz & Gilli,16,16,3
2024-08-03,17,Lose Control,Teddy Swims,17,7,27
2024-08-03,18,Bellingham Freestyle,Anton Westerlin & Kundo,-,18,1
2024-08-03,19,Stargazing,Myles Smith,22,19,8
2024-08-03,20,Houdini,Eminem,12,2,8
2024-08-03,21,555,Gilli & Kesi,25,1,35
2024-08-03,22,Please Please Please,Sabrina Carpenter,19,6,7
2024-08-03,23,Beautiful Things,Benson Boone,24,3,20
2024-08-03,24,Det Modsatte,Mumle,-,6,21
2024-08-03,25,I Don't Wanna Wait,David Guetta & OneRepublic,-,20,4
2024-08-10,1,Dark Room,TR x ICE,1,1,10
2024-08-10,2,Hej,Thor Farlov,-,2,1
2024-08-10,3,Reposado,Benny Jamz & Gilli,3,3,6
2024-08-10,4,Hva Du Pa?,Lamin Featuring Gilli,2,1,9
2024-08-10,5,Born Af Natten (Hola Bonita),Ankerstjerne x Daniel Schulz x Panamah,4,2,15
2024-08-10,6,Bellevue,Rahim x D1MA,6,1,23
2024-08-10,7,Kobenhavn,Rune Rask & TOOMANYLEFTHANDS Featruing Benjamin Hav & Suspekt,5,2,9
2024-08-10,8,911,OMAR & Tobias Rahim,8,7,6
2024-08-10,9,De Her Timer,Lamin,7,3,11
2024-08-10,10,Birds Of A Feather,Billie Eilish,10,10,11
2024-08-10,11,Espresso,Sabrina Carpenter,9,3,15
2024-08-10,12,A Bar Song (Tipsy),Shaboozey,11,5,14
2024-08-10,13,Alt Det,Thor Farlov Featuring Noah Carter,12,1,26
2024-08-10,14,Booty Up,Benny Jamz & Gilli,16,14,4
2024-08-10,15,Alt Ved Dig,Gobs,13,1,12
2024-08-10,16,I Had Some Help,Post Malone Featuring Morgan Wallen,15,3,12
2024-08-10,17,Lose Control,Teddy Swims,17,7,28
2024-08-10,18,Stargazing,Myles Smith,19,18,9
2024-08-10,19,Company,Thor Farlov,14,14,5
2024-08-10,20,Det Modsatte,Mumle,24,6,22
2024-08-10,21,Noget Si'r Mig,Thor Farlov & Kundo,-,6,7
2024-08-10,22,Beautiful Things,Benson Boone,23,3,21
2024-08-10,23,555,Gilli & Kesi,21,1,36
2024-08-10,24,Please Please Please,Sabrina Carpenter,22,6,8
2024-08-10,25,Knuser Hjerter,Annika,-,5,16
2024-08-17,1,Dark Room,TR x ICE,1,1,11
2024-08-17,2,Hej,Thor Farlov,2,2,2
2024-08-17,3,Reposado,Benny Jamz & Gilli,3,3,7
2024-08-17,4,Hva Du Pa?,Lamin Featuring Gilli,4,1,10
2024-08-17,5,Born Af Natten (Hola Bonita),Ankerstjerne x Daniel Schulz x Panamah,5,2,16
2024-08-17,6,Sa Laenge Jeg Er Sexy.,Annika,-,6,1
2024-08-17,7,Guess,Charli xcx Featuring Billie Eilish,-,7,1
2024-08-17,8,Birds Of A Feather,Billie Eilish,10,8,12
2024-08-17,9,Bellevue,Rahim x D1MA,6,1,24
2024-08-17,10,Kobenhavn,Rune Rask & TOOMANYLEFTHANDS Featruing Benjamin Hav & Suspekt,7,2,10
2024-08-17,11,911,OMAR & Tobias Rahim,8,7,7
2024-08-17,12,Alt Ved Dig,Gobs,15,1,13
2024-08-17,13,Booty Up,Benny Jamz & Gilli,14,13,5
2024-08-17,14,De Her Timer,Lamin,9,3,12
2024-08-17,15,Espresso,Sabrina Carpenter,11,3,16
2024-08-17,16,A Bar Song (Tipsy),Shaboozey,12,5,15
2024-08-17,17,Alt Det,Thor Farlov Featuring Noah Carter,13,1,27
2024-08-17,18,I Had Some Help,Post Malone Featuring Morgan Wallen,16,3,13
2024-08-17,19,Knuser Hjerter,Annika,25,5,17
2024-08-17,20,Stargazing,Myles Smith,18,18,10
2024-08-17,21,Lose Control,Teddy Swims,17,7,29
2024-08-17,22,Beautiful Things,Benson Boone,22,3,22
2024-08-17,23,555,Gilli & Kesi,23,1,37
2024-08-17,24,Bellingham Freestyle,Anton Westerlin & Kundo,-,18,2
2024-08-17,25,Det Modsatte,Mumle,20,6,23
2024-08-24,1,To Gange,KESI Featuring Lamin,-,1,1
2024-08-24,2,Brutalt,"KESI Featuring Lamin, Benny Jamz, MAS, Kundo & Kimbo",-,2,1
2024-08-24,3,Dark Room,TR x ICE,1,1,12
2024-08-24,4,Vilde Ingen Hvile (Feat. Andre,KESI Featuring andreas odbjerg,-,4,1
2024-08-24,5,E.T.A (Feat. Gilli),KESI Featuring Gilli,-,5,1
2024-08-24,6,Reposado,Benny Jamz & Gilli,3,3,8
2024-08-24,7,Sa Laenge Jeg Er Sexy.,Annika,6,6,2
2024-08-24,8,Hej,Thor Farlov,2,2,3
2024-08-24,9,Instinkt,KESI Featuring Artigeardit,-,9,1
2024-08-24,10,Hva Du Pa?,Lamin Featuring Gilli,4,1,11
2024-08-24,11,Born Af Natten (Hola Bonita),Ankerstjerne x Daniel Schulz x Panamah,5,2,17
2024-08-24,12,Birds Of A Feather,Billie Eilish,8,8,13
2024-08-24,13,Narnia,KESI Featuring Sivas,-,13,1
2024-08-24,14,Bellevue,Rahim x D1MA,9,1,25
2024-08-24,15,Booty Up,Benny Jamz & Gilli,13,13,6
2024-08-24,16,Bounce Along,KESI Featuring Hans Philip,-,16,1
2024-08-24,17,911,OMAR & Tobias Rahim,11,7,8
2024-08-24,18,Intro,Kesi Featuring Benny Jamz,-,18,1
2024-08-24,19,Kobenhavn,Rune Rask & TOOMANYLEFTHANDS Featruing Benjamin Hav & Suspekt,10,2,11
2024-08-24,20,Historie,KESI Featuring Noah Carter,-,20,1
2024-08-24,21,Guess,Charli xcx Featuring Billie Eilish,7,7,2
2024-08-24,22,Espresso,Sabrina Carpenter,15,3,17
2024-08-24,23,Alt Ved Dig,Gobs,12,1,14
2024-08-24,24,A Bar Song (Tipsy),Shaboozey,16,5,16
2024-08-24,25,De Her Timer,Lamin,14,3,13
2024-08-31,1,To Gange,KESI Featuring Lamin,1,1,2
2024-08-31,2,Sa Laenge Jeg Er Sexy.,Annika,7,2,3
2024-08-31,3,Reposado,Benny Jamz & Gilli,6,3,9
2024-08-31,4,Dark Room,TR x ICE,3,1,13
2024-08-31,5,Hva Du Pa?,Lamin Featuring Gilli,10,1,12
2024-08-31,6,Born Af Natten (Hola Bonita),Ankerstjerne x Daniel Schulz x Panamah,11,2,18
2024-08-31,7,Brutalt,"KESI Featuring Lamin, Benny Jamz, MAS, Kundo & Kimbo",2,2,2
2024-08-31,8,Birds Of A Feather,Billie Eilish,12,8,14
2024-08-31,9,Hej,Thor Farlov,8,2,4
2024-08-31,10,Booty Up,Benny Jamz & Gilli,15,10,7
2024-08-31,11,Bellevue,Rahim x D1MA,14,1,26
2024-08-31,12,911,OMAR & Tobias Rahim,17,7,9
2024-08-31,13,E.T.A (Feat. Gilli),KESI Featuring Gilli,5,5,2
2024-08-31,14,Kobenhavn,Rune Rask & TOOMANYLEFTHANDS Featruing Benjamin Hav & Suspekt,19,2,12
2024-08-31,15,Vilde Ingen Hvile (Feat. Andre,KESI Featuring andreas odbjerg,4,4,2
2024-08-31,16,I Had Some Help,Post Malone Featuring Morgan Wallen,-,3,14
2024-08-31,17,Espresso,Sabrina Carpenter,22,3,18
2024-08-31,18,A Bar Song (Tipsy),Shaboozey,24,5,17
2024-08-31,19,Alt Ved Dig,Gobs,23,1,15
2024-08-31,20,Instinkt,KESI Featuring Artigeardit,9,9,2
2024-08-31,21,Lose Control,Teddy Swims,-,7,30
2024-08-31,22,Hvor Solen Ik' Skinner,Mumle & Svea S,-,22,1
2024-08-31,23,Alt Det,Thor Farlov Featuring Noah Carter,-,1,28
2024-08-31,24,Guess,Charli xcx Featuring Billie Eilish,21,7,3
2024-08-31,25,De Her Timer,Lamin,25,3,14
2024-09-07,1,To Gange,KESI Featuring Lamin,1,1,3
2024-09-07,2,Reposado,Benny Jamz & Gilli,3,2,10
2024-09-07,3,Sa Laenge Jeg Er Sexy.,Annika,2,2,4
2024-09-07,4,Dark Room,TR x ICE,4,1,14
2024-09-07,5,Hva Du Pa?,Lamin Featuring Gilli,5,1,13
2024-09-07,6,Booty Up,Benny Jamz & Gilli,10,6,8
2024-09-07,7,Born Af Natten (Hola Bonita),Ankerstjerne x Daniel Schulz x Panamah,6,2,19
2024-09-07,8,Birds Of A Feather,Billie Eilish,8,8,15
2024-09-07,9,Die With A Smile,Lady Gaga & Bruno Mars,-,9,1
2024-09-07,10,Taste,Sabrina Carpenter,-,10,1
2024-09-07,11,Espresso,Sabrina Carpenter,17,3,19
2024-09-07,12,Brutalt,"KESI Featuring Lamin, Benny Jamz, MAS, Kundo & Kimbo",7,2,3
2024-09-07,13,911,OMAR & Tobias Rahim,12,7,10
2024-09-07,14,Hej,Thor Farlov,9,2,5
2024-09-07,15,Bellevue,Rahim x D1MA,11,1,27
2024-09-07,16,Kobenhavn,Rune Rask & TOOMANYLEFTHANDS Featruing Benjamin Hav & Suspekt,14,2,13
2024-09-07,17,E.T.A (Feat. Gilli),KESI Featuring Gilli,13,5,3
2024-09-07,18,Please Please Please,Sabrina Carpenter,-,6,9
2024-09-07,19,Lose Control,Teddy Swims,21,7,31
2024-09-07,20,Hvor Solen Ik' Skinner,Mumle & Svea S,22,20,2
2024-09-07,21,A Bar Song (Tipsy),Shaboozey,18,5,18
2024-09-07,22,Alt Ved Dig,Gobs,19,1,16
2024-09-07,23,I Had Some Help,Post Malone Featuring Morgan Wallen,16,3,15
2024-09-07,24,Vilde Ingen Hvile (Feat. Andre,KESI Featuring andreas odbjerg,15,4,3
2024-09-07,25,Knuser Hjerter,Annika,-,5,18
2024-09-14,1,Taenker Ik Pa Andre,Suspekt Featuring Uro,-,1,1
2024-09-14,2,To Gange,KESI Featuring Lamin,1,1,4
2024-09-14,3,Reposado,Benny Jamz & Gilli,2,2,11
2024-09-14,4,Sa Laenge Jeg Er Sexy.,Annika,3,2,5
2024-09-14,5,Dark Room,TR x ICE,4,1,15
2024-09-14,6,Booty Up,Benny Jamz & Gilli,6,6,9
2024-09-14,7,Signaler,Kundo & MAS,-,7,1
2024-09-14,8,Jylland,Tobias Rahim,-,8,1
2024-09-14,9,Born Af Natten (Hola Bonita),Ankerstjerne x Daniel Schulz x Panamah,7,2,20
2024-09-14,10,En Sammen,D1MA,-,10,1
2024-09-14,11,Hva Du Pa?,Lamin Featuring Gilli,5,1,14
2024-09-14,12,Taste,Sabrina Carpenter,10,10,2
2024-09-14,13,Birds Of A Feather,Billie Eilish,8,8,16
2024-09-14,14,Die With A Smile,Lady Gaga & Bruno Mars,9,9,2
2024-09-14,15,911,OMAR & Tobias Rahim,13,7,11
2024-09-14,16,Espresso,Sabrina Carpenter,11,3,20
2024-09-14,17,Bellevue,Rahim x D1MA,15,1,28
2024-09-14,18,Hvor Solen Ik' Skinner,Mumle & Svea S,20,18,3
2024-09-14,19,Brutalt,"KESI Featuring Lamin, Benny Jamz, MAS, Kundo & Kimbo",12,2,4
2024-09-14,20,Kobenhavn,Rune Rask & TOOMANYLEFTHANDS Featruing Benjamin Hav & Suspekt,16,2,14
2024-09-14,21,Alt Ved Dig,Gobs,22,1,17
2024-09-14,22,Hej,Thor Farlov,14,2,6
2024-09-14,23,Tak For Sidst,Gobs,-,1,40
2024-09-14,24,Lose Control,Teddy Swims,19,7,32
2024-09-14,25,E.T.A (Feat. Gilli),KESI Featuring Gilli,17,5,4
2024-09-21,1,Taenker Ik Pa Andre,Suspekt Featuring Uro,1,1,2
2024-09-21,2,Reposado,Benny Jamz & Gilli,3,2,12
2024-09-21,3,To Gange,KESI Featuring Lamin,2,1,5
2024-09-21,4,4 Life,Gobs & ICEKIID,-,4,1
2024-09-21,5,Sa Laenge Jeg Er Sexy.,Annika,4,2,6
2024-09-21,6,Dark Room,TR x ICE,5,1,16
2024-09-21,7,Booty Up,Benny Jamz & Gilli,6,6,10
2024-09-21,8,Born Af Natten (Hola Bonita),Ankerstjerne x Daniel Schulz x Panamah,9,2,21
2024-09-21,9,Du Og Jeg,Hans Philip,-,9,1
2024-09-21,10,Hva Du Pa?,Lamin Featuring Gilli,11,1,15
2024-09-21,11,Die With A Smile,Lady Gaga & Bruno Mars,14,9,3
2024-09-21,12,Birds Of A Feather,Billie Eilish,13,8,17
2024-09-21,13,Taste,Sabrina Carpenter,12,10,3
2024-09-21,14,911,OMAR & Tobias Rahim,15,7,12
2024-09-21,15,Signaler,Kundo & MAS,7,7,2
2024-09-21,16,Barn Af Byen Freestyle,Anton Westerlin & KESI,-,16,1
2024-09-21,17,Espresso,Sabrina Carpenter,16,3,21
2024-09-21,18,Hvor Solen Ik' Skinner,Mumle & Svea S,18,18,4
2024-09-21,19,Jylland,Tobias Rahim,8,8,2
2024-09-21,20,Kobenhavn,Rune Rask & TOOMANYLEFTHANDS Featruing Benjamin Hav & Suspekt,20,2,15
2024-09-21,21,Alt Ved Dig,Gobs,21,1,18
2024-09-21,22,The Emptiness Machine,Linkin Park,-,22,1
2024-09-21,23,Tak For Sidst,Gobs,23,1,41
2024-09-21,24,Bellevue,Rahim x D1MA,17,1,29
2024-09-21,25,Lose Control,Teddy Swims,24,7,33
2024-09-28,1,H V D O L,Lamin,-,1,1
2024-09-28,2,Taenker Ik Pa Andre,Suspekt Featuring Uro,1,1,3
2024-09-28,3,Reposado,Benny Jamz & Gilli,2,2,13
2024-09-28,4,To Gange,KESI Featuring Lamin,3,1,6
2024-09-28,5,"Rick Ross, Pt. 2",Medina & Tessa,-,5,1
2024-09-28,6,Sa Laenge Jeg Er Sexy.,Annika,5,2,7
2024-09-28,7,4 Life,Gobs & ICEKIID,4,4,2
2024-09-28,8,Born Af Natten (Hola Bonita),Ankerstjerne x Daniel Schulz x Panamah,8,2,22
2024-09-28,9,Die With A Smile,Lady Gaga & Bruno Mars,11,9,4
2024-09-28,10,Booty Up,Benny Jamz & Gilli,7,6,11
2024-09-28,11,Dark Room,TR x ICE,6,1,17
2024-09-28,12,Hva Du Pa?,Lamin Featuring Gilli,10,1,16
2024-09-28,13,Taste,Sabrina Carpenter,13,10,4
2024-09-28,14,Birds Of A Feather,Billie Eilish,12,8,18
2024-09-28,15,Dancing In The Flames,The Weeknd,-,15,1
2024-09-28,16,Signaler,Kundo & MAS,15,7,3
2024-09-28,17,911,OMAR & Tobias Rahim,14,7,13
2024-09-28,18,Hvor Solen Ik' Skinner,Mumle & Svea S,18,18,5
2024-09-28,19,Jylland,Tobias Rahim,19,8,3
2024-09-28,20,Espresso,Sabrina Carpenter,17,3,22
2024-09-28,21,Alt Ved Dig,Gobs,21,1,19
2024-09-28,22,Lose Control,Teddy Swims,25,7,34
2024-09-28,23,En Sammen,D1MA,-,10,2
2024-09-28,24,Tak For Sidst,Gobs,23,1,42
2024-09-28,25,Bellevue,Rahim x D1MA,24,1,30
2024-10-05,1,Tro Pa Det,Lamin Featuring Ukendt Kunstner,-,1,1
2024-10-05,2,Taenker Ik Pa Andre,Suspekt Featuring Uro,2,1,4
2024-10-05,3,H V D O L,Lamin,1,1,2
2024-10-05,4,SkyLL,Lamin Featuring Benny Jamz,-,4,1
2024-10-05,5,To Gange,KESI Featuring Lamin,4,1,7
2024-10-05,6,"Travlt Bror, Du Kender",Lamin,-,6,1
2024-10-05,7,Reposado,Benny Jamz & Gilli,3,2,14
2024-10-05,8,Sa Laenge Jeg Er Sexy.,Annika,6,2,8
2024-10-05,9,PhD,Lamin Featuring Tobias Rahim,-,9,1
2024-10-05,10,Enzym,Lamin,-,10,1
2024-10-05,11,2er Ved Soerne,Lamin,-,11,1
2024-10-05,12,Born Af Natten (Hola Bonita),Ankerstjerne x Daniel Schulz x Panamah,8,2,23
2024-10-05,13,Die With A Smile,Lady Gaga & Bruno Mars,9,9,5
2024-10-05,14,AtGoreEtBarnTilEnVinder,Lamin,-,14,1
2024-10-05,15,Graesset Gronnere,Lamin,-,15,1
2024-10-05,16,4 Life,Gobs & ICEKIID,7,4,3
2024-10-05,17,"Rick Ross, Pt. 2",Medina & Tessa,5,5,2
2024-10-05,18,Dark Room,TR x ICE,11,1,18
2024-10-05,19,Hva Du Pa?,Lamin Featuring Gilli,12,1,17
2024-10-05,20,Birds Of A Feather,Billie Eilish,14,8,19
2024-10-05,21,W,Lamin,-,21,1
2024-10-05,22,Taste,Sabrina Carpenter,13,10,5
2024-10-05,23,Bid Af Bolgen,Lamin,-,23,1
2024-10-05,24,Booty Up,Benny Jamz & Gilli,10,6,12
2024-10-05,25,Hvor Solen Ik' Skinner,Mumle & Svea S,18,18,6
2024-10-12,1,Taenker Ik Pa Andre,Suspekt Featuring Uro,2,1,5
2024-10-12,2,Tro Pa Det,Lamin Featuring Ukendt Kunstner,1,1,2
2024-10-12,3,H V D O L,Lamin,3,1,3
2024-10-12,4,To Gange,KESI Featuring Lamin,5,1,8
2024-10-12,5,Reposado,Benny Jamz & Gilli,7,2,15
2024-10-12,6,Die With A Smile,Lady Gaga & Bruno Mars,13,6,6
2024-10-12,7,Sa Laenge Jeg Er Sexy.,Annika,8,2,9
2024-10-12,8,Timeless,The Weeknd & Playboi Carti,-,8,1
2024-10-12,9,Birds Of A Feather,Billie Eilish,20,8,20
2024-10-12,10,Born Af Natten (Hola Bonita),Ankerstjerne x Daniel Schulz x Panamah,12,2,24
2024-10-12,11,Cleopatra,D1MA,-,11,1
2024-10-12,12,4 Life,Gobs & ICEKIID,16,4,4
2024-10-12,13,SkyLL,Lamin Featuring Benny Jamz,4,4,2
2024-10-12,14,Taste,Sabrina Carpenter,22,10,6
2024-10-12,15,Dark Room,TR x ICE,18,1,19
2024-10-12,16,Hva Du Pa?,Lamin Featuring Gilli,19,1,18
2024-10-12,17,Hvor Solen Ik' Skinner,Mumle & Svea S,25,17,7
2024-10-12,18,Ik Taenk,MAS,-,18,1
2024-10-12,19,"Rick Ross, Pt. 2",Medina & Tessa,17,5,3
2024-10-12,20,Booty Up,Benny Jamz & Gilli,24,6,13
2024-10-12,21,Signaler,Kundo & MAS,-,7,4
2024-10-12,22,Espresso,Sabrina Carpenter,-,3,23
2024-10-12,23,"Travlt Bror, Du Kender",Lamin,6,6,2
2024-10-12,24,Lose Control,Teddy Swims,-,7,35
2024-10-12,25,911,OMAR & Tobias Rahim,-,7,14
2024-10-19,1,Taenker Ik Pa Andre,Suspekt Featuring Uro,1,1,6
2024-10-19,2,Tro Pa Det,Lamin Featuring Ukendt Kunstner,2,1,3
2024-10-19,3,Reposado,Benny Jamz & Gilli,5,2,16
2024-10-19,4,To Gange,KESI Featuring Lamin,4,1,9
2024-10-19,5,H V D O L,Lamin,3,1,4
2024-10-19,6,Die With A Smile,Lady Gaga & Bruno Mars,6,6,7
2024-10-19,7,Sa Laenge Jeg Er Sexy.,Annika,7,2,10
2024-10-19,8,Born Af Natten (Hola Bonita),Ankerstjerne x Daniel Schulz x Panamah,10,2,25
2024-10-19,9,Birds Of A Feather,Billie Eilish,9,8,21
2024-10-19,10,Taste,Sabrina Carpenter,14,10,7
2024-10-19,11,Dark Room,TR x ICE,15,1,20
2024-10-19,12,Cleopatra,D1MA,11,11,2
2024-10-19,13,4 Life,Gobs & ICEKIID,12,4,5
2024-10-19,14,Hvor Solen Ik' Skinner,Mumle & Svea S,17,14,8
2024-10-19,15,Hva Du Pa?,Lamin Featuring Gilli,16,1,19
2024-10-19,16,Timeless,The Weeknd & Playboi Carti,8,8,2
2024-10-19,17,SkyLL,Lamin Featuring Benny Jamz,13,4,3
2024-10-19,18,Signaler,Kundo & MAS,21,7,5
2024-10-19,19,Booty Up,Benny Jamz & Gilli,20,6,14
2024-10-19,20,"Rick Ross, Pt. 2",Medina & Tessa,19,5,4
2024-10-19,21,Espresso,Sabrina Carpenter,22,3,24
2024-10-19,22,911,OMAR & Tobias Rahim,25,7,15
2024-10-19,23,A Bar Song (Tipsy),Shaboozey,-,5,19
2024-10-19,24,Elsker Dig Sa Meget,Blaest,-,24,1
2024-10-19,25,Ik Taenk,MAS,18,18,2
2024-10-26,1,Taenker Ik Pa Andre,Suspekt Featuring Uro,1,1,7
2024-10-26,2,Tro Pa Det,Lamin Featuring Ukendt Kunstner,2,1,4
2024-10-26,3,Har Hort Dig,Noah Carter,-,3,1
2024-10-26,4,Europa,Branco Featuring Gobs,-,4,1
2024-10-26,5,Cleopatra,D1MA,12,5,3
2024-10-26,6,Reposado,Benny Jamz & Gilli,3,2,17
2024-10-26,7,Feel Alive,D1MA,-,7,1
2024-10-26,8,To Gange,KESI Featuring Lamin,4,1,10
2024-10-26,9,Die With A Smile,Lady Gaga & Bruno Mars,6,6,8
2024-10-26,10,Born Af Natten (Hola Bonita),Ankerstjerne x Daniel Schulz x Panamah,8,2,26
2024-10-26,11,Birds Of A Feather,Billie Eilish,9,8,22
2024-10-26,12,Sa Laenge Jeg Er Sexy.,Annika,7,2,11
2024-10-26,13,H V D O L,Lamin,5,1,5
2024-10-26,14,Taste,Sabrina Carpenter,10,10,8
2024-10-26,15,Dark Room,TR x ICE,11,1,21
2024-10-26,16,Ik Taenk,MAS,25,16,3
2024-10-26,17,Vagn Op,D1MA,-,17,1
2024-10-26,18,Hva Du Pa?,Lamin Featuring Gilli,15,1,20
2024-10-26,19,Hvor Solen Ik' Skinner,Mumle & Svea S,14,14,9
2024-10-26,20,Signaler,Kundo & MAS,18,7,6
2024-10-26,21,Lige Nu,Blaest Featuring Artigeardit,-,21,1
2024-10-26,22,4 Life,Gobs & ICEKIID,13,4,6
2024-10-26,23,Booty Up,Benny Jamz & Gilli,19,6,15
2024-10-26,24,Elsker Dig Sa Meget,Blaest,24,24,2
2024-10-26,25,Espresso,Sabrina Carpenter,21,3,25
2024-11-02,1,Taenker Ik Pa Andre,Suspekt Featuring Uro,1,1,8
2024-11-02,2,Tro Pa Det,Lamin Featuring Ukendt Kunstner,2,1,5
2024-11-02,3,Har Hort Dig,Noah Carter,3,3,2
2024-11-02,4,Cleopatra,D1MA,5,4,4
2024-11-02,5,Reposado,Benny Jamz & Gilli,6,2,18
2024-11-02,6,Die With A Smile,Lady Gaga & Bruno Mars,9,6,9
2024-11-02,7,Birds Of A Feather,Billie Eilish,11,7,23
2024-11-02,8,Sa Laenge Jeg Er Sexy.,Annika,12,2,12
2024-11-02,9,To Gange,KESI Featuring Lamin,8,1,11
2024-11-02,10,Europa,Branco Featuring Gobs,4,4,2
2024-11-02,11,Born Af Natten (Hola Bonita),Ankerstjerne x Daniel Schulz x Panamah,10,2,27
2024-11-02,12,Feel Alive,D1MA,7,7,2
2024-11-02,13,H V D O L,Lamin,13,1,6
2024-11-02,14,Taste,Sabrina Carpenter,14,10,9
2024-11-02,15,Ik Taenk,MAS,16,15,4
2024-11-02,16,Dark Room,TR x ICE,15,1,22
2024-11-02,17,Hva Du Pa?,Lamin Featuring Gilli,18,1,21
2024-11-02,18,Hvor Solen Ik' Skinner,Mumle & Svea S,19,14,10
2024-11-02,19,Mhhh,Josef Featuring MAS & Artigeardit,-,19,1
2024-11-02,20,Elsker Dig Sa Meget,Blaest,24,20,3
2024-11-02,21,Espresso,Sabrina Carpenter,25,3,26
2024-11-02,22,Smelter Under Manen,APHACA,-,22,1
2024-11-02,23,Signaler,Kundo & MAS,20,7,7
2024-11-02,24,Lose Control,Teddy Swims,-,7,36
2024-11-02,25,Night Changes,One Direction,-,25,1
2024-11-09,1,Sammen,Marstein Featuring Annika,-,1,1
2024-11-09,2,Taenker Ik Pa Andre,Suspekt Featuring Uro,1,1,9
2024-11-09,3,Tro Pa Det,Lamin Featuring Ukendt Kunstner,2,1,6
2024-11-09,4,Har Hort Dig,Noah Carter,3,3,3
2024-11-09,5,Sa Laenge Jeg Er Sexy.,Annika,8,2,13
2024-11-09,6,Reposado,Benny Jamz & Gilli,5,2,19
2024-11-09,7,Die With A Smile,Lady Gaga & Bruno Mars,6,6,10
2024-11-09,8,Sortedam,Thomas Helmig,-,8,1
2024-11-09,9,Cleopatra,D1MA,4,4,5
2024-11-09,10,Born Af Natten (Hola Bonita),Ankerstjerne x Daniel Schulz x Panamah,11,2,28
2024-11-09,11,Birds Of A Feather,Billie Eilish,7,7,24
2024-11-09,12,Hugos Vuggevise,Thomas Helmig,-,12,1
2024-11-09,13,To Gange,KESI Featuring Lamin,9,1,12
2024-11-09,14,Smelter Under Manen,APHACA,22,14,2
2024-11-09,15,Taste,Sabrina Carpenter,14,10,10
2024-11-09,16,Dit Minut,Thomas Helmig,-,16,1
2024-11-09,17,Europa,Branco Featuring Gobs,10,4,3
2024-11-09,18,Elsker Dig Sa Meget,Blaest,20,18,4
2024-11-09,19,H V D O L,Lamin,13,1,7
2024-11-09,20,Hva Du Pa?,Lamin Featuring Gilli,17,1,22
2024-11-09,21,Hvor Solen Ik' Skinner,Mumle & Svea S,18,14,11
2024-11-09,22,Knuser Hjerter,Annika,-,5,19
2024-11-09,23,Vindstod Af Stormstyrke,Thomas Helmig,-,23,1
2024-11-09,24,Dark Room,TR x ICE,16,1,23
2024-11-09,25,Lyset Flakker,Thomas Helmig,-,25,1
2024-11-16,1,Sammen,Marstein Featuring Annika,1,1,2
2024-11-16,2,Taenker Ik Pa Andre,Suspekt Featuring Uro,2,1,10
2024-11-16,3,Tro Pa Det,Lamin Featuring Ukendt Kunstner,3,1,7
2024-11-16,4,Har Hort Dig,Noah Carter,4,3,4
2024-11-16,5,Sa Laenge Jeg Er Sexy.,Annika,5,2,14
2024-11-16,6,Die With A Smile,Lady Gaga & Bruno Mars,7,6,11
2024-11-16,7,Reposado,Benny Jamz & Gilli,6,2,20
2024-11-16,8,Birds Of A Feather,Billie Eilish,11,7,25
2024-11-16,9,Born Af Natten (Hola Bonita),Ankerstjerne x Daniel Schulz x Panamah,10,2,29
2024-11-16,10,Cleopatra,D1MA,9,4,6
2024-11-16,11,To Gange,KESI Featuring Lamin,13,1,13
2024-11-16,12,Taste,Sabrina Carpenter,15,10,11
2024-11-16,13,Smelter Under Manen,APHACA,14,13,3
2024-11-16,14,Knuser Hjerter,Annika,22,5,20
2024-11-16,15,Hjerte Til Salg,Thor Farlov Featuring KESI,-,15,1
2024-11-16,16,That's So True,Gracie Abrams,-,16,1
2024-11-16,17,Hva Du Pa?,Lamin Featuring Gilli,20,1,23
2024-11-16,18,Hvor Solen Ik' Skinner,Mumle & Svea S,21,14,12
2024-11-16,19,Dark Room,TR x ICE,24,1,24
2024-11-16,20,Elsker Dig Sa Meget,Blaest,18,18,5
2024-11-16,21,Lose Control,Teddy Swims,-,7,37
2024-11-16,22,H V D O L,Lamin,19,1,8
2024-11-16,23,Espresso,Sabrina Carpenter,-,3,27
2024-11-16,24,APT.,ROSE & Bruno Mars,-,24,1
2024-11-16,25,Tak For Sidst,Gobs,-,1,43
2024-11-23,1,Sammen,Marstein Featuring Annika,1,1,3
2024-11-23,2,Taenker Ik Pa Andre,Suspekt Featuring Uro,2,1,11
2024-11-23,3,Tro Pa Det,Lamin Featuring Ukendt Kunstner,3,1,8
2024-11-23,4,Die With A Smile,Lady Gaga & Bruno Mars,6,4,12
2024-11-23,5,Har Hort Dig,Noah Carter,4,3,5
2024-11-23,6,Sa Laenge Jeg Er Sexy.,Annika,5,2,15
2024-11-23,7,Reposado,Benny Jamz & Gilli,7,2,21
2024-11-23,8,That's So True,Gracie Abrams,16,8,2
2024-11-23,9,Birds Of A Feather,Billie Eilish,8,7,26
2024-11-23,10,Cleopatra,D1MA,10,4,7
2024-11-23,11,Smelter Under Manen,APHACA,13,11,4
2024-11-23,12,Born Af Natten (Hola Bonita),Ankerstjerne x Daniel Schulz x Panamah,9,2,30
2024-11-23,13,Tinka (Feat. Liive),Burhan G & Frida Brygmann Featuring Liive,-,1,15
2024-11-23,14,To Gange,KESI Featuring Lamin,11,1,14
2024-11-23,15,Knuser Hjerter,Annika,14,5,21
2024-11-23,16,Last Christmas,Wham!,-,1,15
2024-11-23,17,All I Want For Christmas Is You,Mariah Carey,-,2,15
2024-11-23,18,Taste,Sabrina Carpenter,12,10,12
2024-11-23,19,Hva Du Pa?,Lamin Featuring Gilli,17,1,24
2024-11-23,20,Hvor Solen Ik' Skinner,Mumle & Svea S,18,14,13
2024-11-23,21,Elsker Dig Sa Meget,Blaest,20,18,6
2024-11-23,22,Lose Control,Teddy Swims,21,7,38
2024-11-23,23,APT.,ROSE & Bruno Mars,24,23,2
2024-11-23,24,Hun,Annika,-,24,1
2024-11-23,25,Sailor Song,Gigi Perez,-,25,1
2024-11-30,1,Sammen,Marstein Featuring Annika,1,1,4
2024-11-30,2,Tinka (Feat. Liive),Burhan G & Frida Brygmann Featuring Liive,13,1,16
2024-11-30,3,Taenker Ik Pa Andre,Suspekt Featuring Uro,2,1,12
2024-11-30,4,Tro Pa Det,Lamin Featuring Ukendt Kunstner,3,1,9
2024-11-30,5,All I Want For Christmas Is You,Mariah Carey,17,2,16
2024-11-30,6,Last Christmas,Wham!,16,1,16
2024-11-30,7,That's So True,Gracie Abrams,8,7,3
2024-11-30,8,Julehjertets Hemmelighed,Malte Ebert,-,1,11
2024-11-30,9,Sa Laenge Jeg Er Sexy.,Annika,6,2,16
2024-11-30,10,Die With A Smile,Lady Gaga & Bruno Mars,4,4,13
2024-11-30,11,I En Stjerneregn Af Sne,Mads Langer,-,6,13
2024-11-30,12,Der' Noget I December,Rasmus Seebach,-,6,13
2024-11-30,13,Kongespil (Tinka Og Kongespillet),Hjalmer,-,8,12
2024-11-30,14,Reposado,Benny Jamz & Gilli,7,2,22
2024-11-30,15,Mistletoe,Justin Bieber,-,5,13
2024-11-30,16,Har Hort Dig,Noah Carter,5,3,6
2024-11-30,17,Lille Store Verden,Rasmus Seebach,-,9,13
2024-11-30,18,Birds Of A Feather,Billie Eilish,9,7,27
2024-11-30,19,Cleopatra,D1MA,10,4,8
2024-11-30,20,Tidsrejsen,Caroline Castell,-,20,2
2024-11-30,21,Merry Christmas Everyone,Shakin' Stevens,-,7,13
2024-11-30,22,Knuser Hjerter,Annika,15,5,22
2024-11-30,23,Smelter Under Manen,APHACA,11,11,5
2024-11-30,24,Snowman,Sia,-,18,5
2024-11-30,25,Born Af Natten (Hola Bonita),Ankerstjerne x Daniel Schulz x Panamah,12,2,31
2024-12-07,1,Sammen,Marstein Featuring Annika,1,1,5
2024-12-07,2,Tinka (Feat. Liive),Burhan G & Frida Brygmann Featuring Liive,2,1,17
2024-12-07,3,All I Want For Christmas Is You,Mariah Carey,5,2,17
2024-12-07,4,Last Christmas,Wham!,6,1,17
2024-12-07,5,Julehjertets Hemmelighed,Malte Ebert,8,1,12
2024-12-07,6,I En Stjerneregn Af Sne,Mads Langer,11,6,14
2024-12-07,7,Kongespil (Tinka Og Kongespillet),Hjalmer,13,7,13
2024-12-07,8,Der' Noget I December,Rasmus Seebach,12,6,14
2024-12-07,9,Mistletoe,Justin Bieber,15,5,14
2024-12-07,10,Lille Store Verden,Rasmus Seebach,17,9,14
2024-12-07,11,Taenker Ik Pa Andre,Suspekt Featuring Uro,3,1,13
2024-12-07,12,Snowman,Sia,24,12,6
2024-12-07,13,Tro Pa Det,Lamin Featuring Ukendt Kunstner,4,1,10
2024-12-07,14,Merry Christmas Everyone,Shakin' Stevens,21,7,14
2024-12-07,15,Jingle Bell Rock,Bobby Helms,-,5,13
2024-12-07,16,Rockin' Around The Christmas Tree,Brenda Lee,-,16,4
2024-12-07,17,Tidsrejsen,Caroline Castell,20,17,3
2024-12-07,18,It's Beginning To Look A Lot Like Christmas,Michael Buble,-,7,13
2024-12-07,19,That's So True,Gracie Abrams,7,7,4
2024-12-07,20,Driving Home For Christmas,Chris Rea,-,5,12
2024-12-07,21,My Only Wish (This Year),Britney Spears,-,17,11
2024-12-07,22,Jesus & Josefine,Julie Berthelsen & Martin Brygmann,-,16,11
2024-12-07,23,Let It Snow! Let It Snow! Let It Snow!,Dean Martin,-,12,11
2024-12-07,24,Let Love Be Love,Juice/SOAP/ Christina Featuring Remee,-,16,10
2024-12-07,25,Die With A Smile,Lady Gaga & Bruno Mars,10,4,14
2024-12-14,1,Tinka (Feat. Liive),Burhan G & Frida Brygmann Featuring Liive,2,1,18
2024-12-14,2,Last Christmas,Wham!,4,1,18
2024-12-14,3,All I Want For Christmas Is You,Mariah Carey,3,2,18
2024-12-14,4,Julehjertets Hemmelighed,Malte Ebert,5,1,13
2024-12-14,5,I En Stjerneregn Af Sne,Mads Langer,6,5,15
2024-12-14,6,Kongespil (Tinka Og Kongespillet),Hjalmer,7,6,14
2024-12-14,7,Mistletoe,Justin Bieber,9,5,15
2024-12-14,8,Der' Noget I December,Rasmus Seebach,8,6,15
2024-12-14,9,Lille Store Verden,Rasmus Seebach,10,9,15
2024-12-14,10,Sammen,Marstein Featuring Annika,1,1,6
2024-12-14,11,Luk Mig Ind,Annika,-,11,1
2024-12-14,12,Jingle Bell Rock,Bobby Helms,15,5,14
2024-12-14,13,Merry Christmas Everyone,Shakin' Stevens,14,7,15
2024-12-14,14,Rockin' Around The Christmas Tree,Brenda Lee,16,14,5
2024-12-14,15,Snowman,Sia,12,12,7
2024-12-14,16,Tidsrejsen,Caroline Castell,17,16,4
2024-12-14,17,It's Beginning To Look A Lot Like Christmas,Michael Buble,18,7,14
2024-12-14,18,Driving Home For Christmas,Chris Rea,20,5,13
2024-12-14,19,It's The Most Wonderful Time Of The Year,Andy Williams,-,11,8
2024-12-14,20,Let It Snow! Let It Snow! Let It Snow!,Dean Martin,23,12,12
2024-12-14,21,Jesus & Josefine,Julie Berthelsen & Martin Brygmann,22,16,12
2024-12-14,22,My Only Wish (This Year),Britney Spears,21,17,12
2024-12-14,23,Let Love Be Love,Juice/SOAP/ Christina Featuring Remee,24,16,11
2024-12-14,24,Guld Jul,Gulddreng,-,20,11
2024-12-14,25,Valdes Jul,Christopher,-,6,4
2024-12-21,1,Tinka (Feat. Liive),Burhan G & Frida Brygmann Featuring Liive,1,1,19
2024-12-21,2,Last Christmas,Wham!,2,1,19
2024-12-21,3,All I Want For Christmas Is You,Mariah Carey,3,2,19
2024-12-21,4,Julehjertets Hemmelighed,Malte Ebert,4,1,14
2024-12-21,5,I En Stjerneregn Af Sne,Mads Langer,5,5,16
2024-12-21,6,Kongespil (Tinka Og Kongespillet),Hjalmer,6,6,15
2024-12-21,7,Der' Noget I December,Rasmus Seebach,8,6,16
2024-12-21,8,Lille Store Verden,Rasmus Seebach,9,8,16
2024-12-21,9,Sammen,Marstein Featuring Annika,10,1,7
2024-12-21,10,Mistletoe,Justin Bieber,7,5,16
2024-12-21,11,Jingle Bell Rock,Bobby Helms,12,5,15
2024-12-21,12,Tidsrejsen,Caroline Castell,16,12,5
2024-12-21,13,Luk Mig Ind,Annika,11,11,2
2024-12-21,14,Rockin' Around The Christmas Tree,Brenda Lee,14,14,6
2024-12-21,15,Snowman,Sia,15,12,8
2024-12-21,16,Merry Christmas Everyone,Shakin' Stevens,13,7,16
2024-12-21,17,It's Beginning To Look A Lot Like Christmas,Michael Buble,17,7,15
2024-12-21,18,Driving Home For Christmas,Chris Rea,18,5,14
2024-12-21,19,Let Love Be Love,Juice/SOAP/ Christina Featuring Remee,23,16,12
2024-12-21,20,Let It Snow! Let It Snow! Let It Snow!,Dean Martin,20,12,13
2024-12-21,21,It's The Most Wonderful Time Of The Year,Andy Williams,19,11,9
2024-12-21,22,Jesus & Josefine,Julie Berthelsen & Martin Brygmann,21,16,13
2024-12-21,23,Guld Jul,Gulddreng,24,20,12
2024-12-21,24,My Only Wish (This Year),Britney Spears,22,17,13
2024-12-21,25,Valdes Jul,Christopher,25,6,5
2024-12-28,1,Tinka (Feat. Liive),Burhan G & Frida Brygmann Featuring Liive,1,1,20
2024-12-28,2,Last Christmas,Wham!,2,1,20
2024-12-28,3,All I Want For Christmas Is You,Mariah Carey,3,2,20
2024-12-28,4,Julehjertets Hemmelighed,Malte Ebert,4,1,15
2024-12-28,5,Der' Noget I December,Rasmus Seebach,7,5,17
2024-12-28,6,I En Stjerneregn Af Sne,Mads Langer,5,5,17
2024-12-28,7,Kongespil (Tinka Og Kongespillet),Hjalmer,6,6,16
2024-12-28,8,Mistletoe,Justin Bieber,10,5,17
2024-12-28,9,Lille Store Verden,Rasmus Seebach,8,8,17
2024-12-28,10,Jingle Bell Rock,Bobby Helms,11,5,16
2024-12-28,11,Tidsrejsen,Caroline Castell,12,11,6
2024-12-28,12,Sammen,Marstein Featuring Annika,9,1,8
2024-12-28,13,Driving Home For Christmas,Chris Rea,18,5,15
2024-12-28,14,Snowman,Sia,15,12,9
2024-12-28,15,Luk Mig Ind,Annika,13,11,3
2024-12-28,16,Rockin' Around The Christmas Tree,Brenda Lee,14,14,7
2024-12-28,17,It's Beginning To Look A Lot Like Christmas,Michael Buble,17,7,16
2024-12-28,18,Merry Christmas Everyone,Shakin' Stevens,16,7,17
2024-12-28,19,Let Love Be Love,Juice/SOAP/ Christina Featuring Remee,19,16,13
2024-12-28,20,It's The Most Wonderful Time Of The Year,Andy Williams,21,11,10
2024-12-28,21,Jesus & Josefine,Julie Berthelsen & Martin Brygmann,22,16,14
2024-12-28,22,Let It Snow! Let It Snow! Let It Snow!,Dean Martin,20,12,14
2024-12-28,23,My Only Wish (This Year),Britney Spears,24,17,14
2024-12-28,24,Guld Jul,Gulddreng,23,20,13
2024-12-28,25,Do They Know It's Christmas?,Band Aid,-,12,10
2025-01-04,1,Last Christmas,Wham!,2,1,21
2025-01-04,2,Tinka (Feat. Liive),Burhan G & Frida Brygmann Featuring Liive,1,1,21
2025-01-04,3,All I Want For Christmas Is You,Mariah Carey,3,2,21
2025-01-04,4,Julehjertets Hemmelighed,Malte Ebert,4,1,16
2025-01-04,5,Jingle Bell Rock,Bobby Helms,10,5,17
2025-01-04,6,Der' Noget I December,Rasmus Seebach,5,5,18
2025-01-04,7,Driving Home For Christmas,Chris Rea,13,5,16
2025-01-04,8,Mistletoe,Justin Bieber,8,5,18
2025-01-04,9,I En Stjerneregn Af Sne,Mads Langer,6,5,18
2025-01-04,10,Rockin' Around The Christmas Tree,Brenda Lee,16,10,8
2025-01-04,11,It's Beginning To Look A Lot Like Christmas,Michael Buble,17,7,17
2025-01-04,12,Kongespil (Tinka Og Kongespillet),Hjalmer,7,6,17
2025-01-04,13,Merry Christmas Everyone,Shakin' Stevens,18,7,18
2025-01-04,14,Snowman,Sia,14,12,10
2025-01-04,15,Lille Store Verden,Rasmus Seebach,9,8,18
2025-01-04,16,It's The Most Wonderful Time Of The Year,Andy Williams,20,11,11
2025-01-04,17,Let It Snow! Let It Snow! Let It Snow!,Dean Martin,22,12,15
2025-01-04,18,Tidsrejsen,Caroline Castell,11,11,7
2025-01-04,19,Let Love Be Love,Juice/SOAP/ Christina Featuring Remee,19,16,14
2025-01-04,20,Do They Know It's Christmas?,Band Aid,25,12,11
2025-01-04,21,My Only Wish (This Year),Britney Spears,23,17,15
2025-01-04,22,Jesus & Josefine,Julie Berthelsen & Martin Brygmann,21,16,15
2025-01-04,23,Guld Jul,Gulddreng,24,20,14
2025-01-04,24,The Christmas Song (Merry Christmas To You),"Nat ""King"" Cole",-,19,2
2025-01-04,25,Den Himmelbla,Shu-bi-dua,-,25,1
2025-01-11,1,Du Ligner Din Mor,Benjamin Hav Featuring Lukas Graham,-,1,1
2025-01-11,2,Sammen,Marstein Featuring Annika,-,1,9
2025-01-11,3,Luk Mig Ind,Annika,-,3,4
2025-01-11,4,Die With A Smile,Lady Gaga & Bruno Mars,-,4,15
2025-01-11,5,2 Stepper Freestyle,Anton Westerlin & Benny Jamz,-,5,1
2025-01-11,6,Taenker Ik Pa Andre,Suspekt Featuring Uro,-,1,14
2025-01-11,7,APT.,ROSE & Bruno Mars,-,7,3
2025-01-11,8,That's So True,Gracie Abrams,-,7,5
2025-01-11,9,Birds Of A Feather,Billie Eilish,-,7,28
2025-01-11,10,Reposado,Benny Jamz & Gilli,-,2,23
2025-01-11,11,Sa Laenge Jeg Er Sexy.,Annika,-,2,17
2025-01-11,12,Messy,Lola Young,-,12,1
2025-01-11,13,Hva Du Pa?,Lamin Featuring Gilli,-,1,25
2025-01-11,14,Forste Dag,Benjamin Hav Featuring Ella Augusta,-,10,11
2025-01-11,15,Tro Pa Det,Lamin Featuring Ukendt Kunstner,-,1,11
2025-01-11,16,Dark Room,TR x ICE,-,1,25
2025-01-11,17,Knuser Hjerter,Annika,-,5,23
2025-01-11,18,MOLLY,Zuloo,-,18,1
2025-01-11,19,Espresso,Sabrina Carpenter,-,3,28
2025-01-11,20,Det Modsatte,Mumle,-,6,24
2025-01-11,21,Born Af Natten (Hola Bonita),Ankerstjerne x Daniel Schulz x Panamah,-,2,32
2025-01-11,22,To Gange,KESI Featuring Lamin,-,1,15
2025-01-11,23,Smelter Under Manen,APHACA,-,11,6
2025-01-11,24,Hvor Solen Ik' Skinner,Mumle & Svea S,-,14,14
2025-01-11,25,Lose Control,Teddy Swims,-,7,39
2025-01-18,1,Lonely,JOSVA Featuring Artigeardit,-,1,1
2025-01-18,2,Du Ligner Din Mor,Benjamin Hav Featuring Lukas Graham,1,1,2
2025-01-18,3,Sammen,Marstein Featuring Annika,2,1,10
2025-01-18,4,Luk Mig Ind,Annika,3,3,5
2025-01-18,5,Die With A Smile,Lady Gaga & Bruno Mars,4,4,16
2025-01-18,6,2 Stepper Freestyle,Anton Westerlin & Benny Jamz,5,5,2
2025-01-18,7,That's So True,Gracie Abrams,8,7,6
2025-01-18,8,Messy,Lola Young,12,8,2
2025-01-18,9,APT.,ROSE & Bruno Mars,7,7,4
2025-01-18,10,Birds Of A Feather,Billie Eilish,9,7,29
2025-01-18,11,Robocop,Gilli,-,11,1
2025-01-18,12,Taenker Ik Pa Andre,Suspekt Featuring Uro,6,1,15
2025-01-18,13,Sa Laenge Jeg Er Sexy.,Annika,11,2,18
2025-01-18,14,Tro Pa Det,Lamin Featuring Ukendt Kunstner,15,1,12
2025-01-18,15,Knuser Hjerter,Annika,17,5,24
2025-01-18,16,Reposado,Benny Jamz & Gilli,10,2,24
2025-01-18,17,Born Af Natten (Hola Bonita),Ankerstjerne x Daniel Schulz x Panamah,21,2,33
2025-01-18,18,MOLLY,Zuloo,18,18,2
2025-01-18,19,Smelter Under Manen,APHACA,23,11,7
2025-01-18,20,Hva Du Pa?,Lamin Featuring Gilli,13,1,26
2025-01-18,21,Hvor Solen Ik' Skinner,Mumle & Svea S,24,14,15
2025-01-18,22,Lose Control,Teddy Swims,25,7,40
2025-01-18,23,Det Modsatte,Mumle,20,6,25
2025-01-18,24,Hun,Annika,-,24,2
2025-01-18,25,Taste,Sabrina Carpenter,-,10,13
2025-01-25,1,Du Ligner Din Mor,Benjamin Hav Featuring Lukas Graham,2,1,3
2025-01-25,2,Lonely,JOSVA Featuring Artigeardit,1,1,2
2025-01-25,3,Sammen,Marstein Featuring Annika,3,1,11
2025-01-25,4,Luk Mig Ind,Annika,4,3,6
2025-01-25,5,Die With A Smile,Lady Gaga & Bruno Mars,5,4,17
2025-01-25,6,Messy,Lola Young,8,6,3
2025-01-25,7,APT.,ROSE & Bruno Mars,9,7,5
2025-01-25,8,That's So True,Gracie Abrams,7,7,7
2025-01-25,9,2 Stepper Freestyle,Anton Westerlin & Benny Jamz,6,5,3
2025-01-25,10,Birds Of A Feather,Billie Eilish,10,7,30
2025-01-25,11,Taenker Ik Pa Andre,Suspekt Featuring Uro,12,1,16
2025-01-25,12,Sa Laenge Jeg Er Sexy.,Annika,13,2,19
2025-01-25,13,Tro Pa Det,Lamin Featuring Ukendt Kunstner,14,1,13
2025-01-25,14,Born Af Natten (Hola Bonita),Ankerstjerne x Daniel Schulz x Panamah,17,2,34
2025-01-25,15,Robocop,Gilli,11,11,2
2025-01-25,16,Reposado,Benny Jamz & Gilli,16,2,25
2025-01-25,17,Knuser Hjerter,Annika,15,5,25
2025-01-25,18,Smelter Under Manen,APHACA,19,11,8
2025-01-25,19,Lose Control,Teddy Swims,22,7,41
2025-01-25,20,Hvor Solen Ik' Skinner,Mumle & Svea S,21,14,16
2025-01-25,21,Det Modsatte,Mumle,23,6,26
2025-01-25,22,Hva Du Pa?,Lamin Featuring Gilli,20,1,27
2025-01-25,23,To Gange,KESI Featuring Lamin,-,1,16
2025-01-25,24,MOLLY,Zuloo,18,18,3
2025-01-25,25,Lonningsdag,MAS,-,25,1
2025-02-01,1,Du Ligner Din Mor,Benjamin Hav Featuring Lukas Graham,1,1,4
2025-02-01,2,Lonely,JOSVA Featuring Artigeardit,2,1,3
2025-02-01,3,Sammen,Marstein Featuring Annika,3,1,12
2025-02-01,4,Luk Mig Ind,Annika,4,3,7
2025-02-01,5,Smating,MAS Featuring Lamin & Kundo,-,5,1
2025-02-01,6,Die With A Smile,Lady Gaga & Bruno Mars,5,4,18
2025-02-01,7,APT.,ROSE & Bruno Mars,7,7,6
2025-02-01,8,Bare Vent,MAS Featuring Artigeardit,-,8,1
2025-02-01,9,Messy,Lola Young,6,6,4
2025-02-01,10,That's So True,Gracie Abrams,8,7,8
2025-02-01,11,Taenker Ik Pa Andre,Suspekt Featuring Uro,11,1,17
2025-02-01,12,Birds Of A Feather,Billie Eilish,10,7,31
2025-02-01,13,Smelter Under Manen,APHACA,18,11,9
2025-02-01,14,Sa Laenge Jeg Er Sexy.,Annika,12,2,20
2025-02-01,15,Tro Pa Det,Lamin Featuring Ukendt Kunstner,13,1,14
2025-02-01,16,Born Af Natten (Hola Bonita),Ankerstjerne x Daniel Schulz x Panamah,14,2,35
2025-02-01,17,Lonningsdag,MAS,25,17,2
2025-02-01,18,Knuser Hjerter,Annika,17,5,26
2025-02-01,19,2 Stepper Freestyle,Anton Westerlin & Benny Jamz,9,5,4
2025-02-01,20,Blomster & Regnvejr,MAS,-,20,1
2025-02-01,21,Reposado,Benny Jamz & Gilli,16,2,26
2025-02-01,22,Robocop,Gilli,15,11,3
2025-02-01,23,Lose Control,Teddy Swims,19,7,42
2025-02-01,24,MOLLY,Zuloo,24,18,4
2025-02-01,25,Hvor Solen Ik' Skinner,Mumle & Svea S,20,14,17
2025-02-08,1,Blodigt,Anton Westerlin & Annika,-,1,1
2025-02-08,2,Du Ligner Din Mor,Benjamin Hav Featuring Lukas Graham,1,1,5
2025-02-08,3,Lonely,JOSVA Featuring Artigeardit,2,1,4
2025-02-08,4,Sammen,Marstein Featuring Annika,3,1,13
2025-02-08,5,Luk Mig Ind,Annika,4,3,8
2025-02-08,6,Die With A Smile,Lady Gaga & Bruno Mars,6,4,19
2025-02-08,7,APT.,ROSE & Bruno Mars,7,7,7
2025-02-08,8,Messy,Lola Young,9,6,5
2025-02-08,9,Smating,MAS Featuring Lamin & Kundo,5,5,2
2025-02-08,10,That's So True,Gracie Abrams,10,7,9
2025-02-08,11,Knuser Hjerter,Annika,18,5,27
2025-02-08,12,Taenker Ik Pa Andre,Suspekt Featuring Uro,11,1,18
2025-02-08,13,Smelter Under Manen,APHACA,13,11,10
2025-02-08,14,Sa Laenge Jeg Er Sexy.,Annika,14,2,21
2025-02-08,15,Birds Of A Feather,Billie Eilish,12,7,32
2025-02-08,16,Tro Pa Det,Lamin Featuring Ukendt Kunstner,15,1,15
2025-02-08,17,Bare Vent,MAS Featuring Artigeardit,8,8,2
2025-02-08,18,2 Stepper Freestyle,Anton Westerlin & Benny Jamz,19,5,5
2025-02-08,19,Born Af Natten (Hola Bonita),Ankerstjerne x Daniel Schulz x Panamah,16,2,36
2025-02-08,20,Sports Car,Tate McRae,-,20,1
2025-02-08,21,Hvor Solen Ik' Skinner,Mumle & Svea S,25,14,18
2025-02-08,22,Reposado,Benny Jamz & Gilli,21,2,27
2025-02-08,23,Lose Control,Teddy Swims,23,7,43
2025-02-08,24,Hun,Annika,-,24,3
2025-02-08,25,Bad Dreams,Teddy Swims,-,25,1
2025-02-15,1,Blodigt,Anton Westerlin & Annika,1,1,2
2025-02-15,2,Sikke En Type,Zuloo & Lamin,-,2,1
2025-02-15,3,Du Ligner Din Mor,Benjamin Hav Featuring Lukas Graham,2,1,6
2025-02-15,4,Luk Mig Ind,Annika,5,3,9
2025-02-15,5,Sammen,Marstein Featuring Annika,4,1,14
2025-02-15,6,Lonely,JOSVA Featuring Artigeardit,3,1,5
2025-02-15,7,Die With A Smile,Lady Gaga & Bruno Mars,6,4,20
2025-02-15,8,Messy,Lola Young,8,6,6
2025-02-15,9,APT.,ROSE & Bruno Mars,7,7,8
2025-02-15,10,Knuser Hjerter,Annika,11,5,28
2025-02-15,11,Smating,MAS Featuring Lamin & Kundo,9,5,3
2025-02-15,12,That's So True,Gracie Abrams,10,7,10
2025-02-15,13,Birds Of A Feather,Billie Eilish,15,7,33
2025-02-15,14,Taenker Ik Pa Andre,Suspekt Featuring Uro,12,1,19
2025-02-15,15,Sa Laenge Jeg Er Sexy.,Annika,14,2,22
2025-02-15,16,Smelter Under Manen,APHACA,13,11,11
2025-02-15,17,Cry For Me,The Weeknd,-,17,1
2025-02-15,18,Forste Dag,Benjamin Hav Featuring Ella Augusta,-,10,12
2025-02-15,19,Hun,Annika,24,19,4
2025-02-15,20,Tro Pa Det,Lamin Featuring Ukendt Kunstner,16,1,16
2025-02-15,21,Timeless,The Weeknd & Playboi Carti,-,8,3
2025-02-15,22,Born Af Natten (Hola Bonita),Ankerstjerne x Daniel Schulz x Panamah,19,2,37
2025-02-15,23,2 Stepper Freestyle,Anton Westerlin & Benny Jamz,18,5,6
2025-02-15,24,Cleopatra,D1MA,-,4,9
2025-02-15,25,Hvor Solen Ik' Skinner,Mumle & Svea S,21,14,19
2025-02-22,1,Blodigt,Anton Westerlin & Annika,1,1,3
2025-02-22,2,Du Ligner Din Mor,Benjamin Hav Featuring Lukas Graham,3,1,7
2025-02-22,3,Sikke En Type,Zuloo & Lamin,2,2,2
2025-02-22,4,Luk Mig Ind,Annika,4,3,10
2025-02-22,5,Flad Af Grin,KESI Featuring Noah Carter & Benny Jamz,-,5,1
2025-02-22,6,Sammen,Marstein Featuring Annika,5,1,15
2025-02-22,7,Lonely,JOSVA Featuring Artigeardit,6,1,6
2025-02-22,8,Not Like Us,Kendrick Lamar,-,8,7
2025-02-22,9,Die With A Smile,Lady Gaga & Bruno Mars,7,4,21
2025-02-22,10,Hele Vejen (Feat. Mumle),Omar Featuring Mumle,-,10,1
2025-02-22,11,APT.,ROSE & Bruno Mars,9,7,9
2025-02-22,12,Knuser Hjerter,Annika,10,5,29
2025-02-22,13,Birds Of A Feather,Billie Eilish,13,7,34
2025-02-22,14,Messy,Lola Young,8,6,7
2025-02-22,15,Sa Laenge Jeg Er Sexy.,Annika,15,2,23
2025-02-22,16,That's So True,Gracie Abrams,12,7,11
2025-02-22,17,Regntid,Tobias Rahim Featuring Kabusa Oriental Choir,-,17,1
2025-02-22,18,Supernova,KESI Featuring Noah Carter,-,18,1
2025-02-22,19,Taenker Ik Pa Andre,Suspekt Featuring Uro,14,1,20
2025-02-22,20,Ordinary,Alex Warren,-,20,1
2025-02-22,21,Smelter Under Manen,APHACA,16,11,12
2025-02-22,22,All The Stars,Kendrick Lamar & SZA,-,22,1
2025-02-22,23,Born Af Natten (Hola Bonita),Ankerstjerne x Daniel Schulz x Panamah,22,2,38
2025-02-22,24,Hun,Annika,19,19,5
2025-02-22,25,Abracadabra,Lady Gaga,-,25,1
2025-03-01,1,Blodigt,Anton Westerlin & Annika,1,1,4
2025-03-01,2,nar verden vaelter,Gobs,-,2,1
2025-03-01,3,Du Ligner Din Mor,Benjamin Hav Featuring Lukas Graham,2,1,8
2025-03-01,4,Luk Mig Ind,Annika,4,3,11
2025-03-01,5,Not Like Us,Kendrick Lamar,8,5,8
2025-03-01,6,Hele Vejen (Feat. Mumle),Omar Featuring Mumle,10,6,2
2025-03-01,7,All The Stars,Kendrick Lamar & SZA,22,7,2
2025-03-01,8,Sikke En Type,Zuloo & Lamin,3,2,3
2025-03-01,9,Die With A Smile,Lady Gaga & Bruno Mars,9,4,22
2025-03-01,10,Sammen,Marstein Featuring Annika,6,1,16
2025-03-01,11,Lonely,JOSVA Featuring Artigeardit,7,1,7
2025-03-01,12,APT.,ROSE & Bruno Mars,11,7,10
2025-03-01,13,Knuser Hjerter,Annika,12,5,30
2025-03-01,14,Koldblodet Killer,Berg,-,14,1
2025-03-01,15,Messy,Lola Young,14,6,8
2025-03-01,16,Luther,Kendrick Lamar & SZA,-,16,1
2025-03-01,17,Birds Of A Feather,Billie Eilish,13,7,35
2025-03-01,18,Ordinary,Alex Warren,20,18,2
2025-03-01,19,TV Off,Kendrick Lamar Featuring Lefty Gunplay,-,19,1
2025-03-01,20,Flad Af Grin,KESI Featuring Noah Carter & Benny Jamz,5,5,2
2025-03-01,21,Taenker Ik Pa Andre,Suspekt Featuring Uro,19,1,21
2025-03-01,22,Born Af Natten (Hola Bonita),Ankerstjerne x Daniel Schulz x Panamah,23,2,39
2025-03-01,23,That's So True,Gracie Abrams,16,7,12
2025-03-01,24,Sa Laenge Jeg Er Sexy.,Annika,15,2,24
2025-03-01,25,Smelter Under Manen,APHACA,21,11,13
2025-03-08,1,Blodigt,Anton Westerlin & Annika,1,1,5
2025-03-08,2,Hele Vejen (Feat. Mumle),Omar Featuring Mumle,6,2,3
2025-03-08,3,Du Ligner Din Mor,Benjamin Hav Featuring Lukas Graham,3,1,9
2025-03-08,4,Luk Mig Ind,Annika,4,3,12
2025-03-08,5,Lyst Til At Hop',Tempo,-,5,1
2025-03-08,6,Koldblodet Killer,Berg,14,6,2
2025-03-08,7,Sod Ligesom,Otto,-,7,1
2025-03-08,8,Drikker Med Mig Selv,Mille,-,8,1
2025-03-08,9,Die With A Smile,Lady Gaga & Bruno Mars,9,4,23
2025-03-08,10,Lonely,JOSVA Featuring Artigeardit,11,1,8
2025-03-08,11,nar verden vaelter,Gobs,2,2,2
2025-03-08,12,Sikke En Type,Zuloo & Lamin,8,2,4
2025-03-08,13,Sammen,Marstein Featuring Annika,10,1,17
2025-03-08,14,All The Stars,Kendrick Lamar & SZA,7,7,3
2025-03-08,15,Ordinary,Alex Warren,18,15,3
2025-03-08,16,Not Like Us,Kendrick Lamar,5,5,9
2025-03-08,17,Messy,Lola Young,15,6,9
2025-03-08,18,APT.,ROSE & Bruno Mars,12,7,11
2025-03-08,19,Knuser Hjerter,Annika,13,5,31
2025-03-08,20,Birds Of A Feather,Billie Eilish,17,7,36
2025-03-08,21,Smelter Under Manen,APHACA,25,11,14
2025-03-08,22,Du Glemmer Det Aldrig,MGP Allstars 2025,-,22,1
2025-03-08,23,Taenker Ik Pa Andre,Suspekt Featuring Uro,21,1,22
2025-03-08,24,That's So True,Gracie Abrams,23,7,13
2025-03-08,25,Ud Med Regler!,Spasministrene,-,25,1
2025-03-15,1,Hele Vejen (Feat. Mumle),Omar Featuring Mumle,2,1,4
2025-03-15,2,Blodigt,Anton Westerlin & Annika,1,1,6
2025-03-15,3,Du Ligner Din Mor,Benjamin Hav Featuring Lukas Graham,3,1,10
2025-03-15,4,Luk Mig Ind,Annika,4,3,13
2025-03-15,5,Ordinary,Alex Warren,15,5,4
2025-03-15,6,Smelter Under Manen,APHACA,21,6,15
2025-03-15,7,Drikker Med Mig Selv,Mille,8,7,2
2025-03-15,8,Lonely,JOSVA Featuring Artigeardit,10,1,9
2025-03-15,9,Die With A Smile,Lady Gaga & Bruno Mars,9,4,24
2025-03-15,10,Koldblodet Killer,Berg,6,6,3
2025-03-15,11,Lyst Til At Hop',Tempo,5,5,2
2025-03-15,12,Sammen,Marstein Featuring Annika,13,1,18
2025-03-15,13,Messy,Lola Young,17,6,10
2025-03-15,14,APT.,ROSE & Bruno Mars,18,7,12
2025-03-15,15,Knuser Hjerter,Annika,19,5,32
2025-03-15,16,Et Sted Hvor Vi de Forste,APHACA,-,16,1
2025-03-15,17,Sikke En Type,Zuloo & Lamin,12,2,5
2025-03-15,18,Sod Ligesom,Otto,7,7,2
2025-03-15,19,Born Af Natten (Hola Bonita),Ankerstjerne x Daniel Schulz x Panamah,-,2,40
2025-03-15,20,Taenker Ik Pa Andre,Suspekt Featuring Uro,23,1,23
2025-03-15,21,Birds Of A Feather,Billie Eilish,20,7,37
2025-03-15,22,nar verden vaelter,Gobs,11,2,3
2025-03-15,23,All The Stars,Kendrick Lamar & SZA,14,7,4
2025-03-15,24,That's So True,Gracie Abrams,24,7,14
2025-03-15,25,Not Like Us,Kendrick Lamar,16,5,10
2025-03-22,1,Entre,Anton Westerlin Featuring Lamin & ozzy,-,1,1
2025-03-22,2,Hele Vejen (Feat. Mumle),Omar Featuring Mumle,1,1,5
2025-03-22,3,Blodigt,Anton Westerlin & Annika,2,1,7
2025-03-22,4,Du Ligner Din Mor,Benjamin Hav Featuring Lukas Graham,3,1,11
2025-03-22,5,Ordinary,Alex Warren,5,5,5
2025-03-22,6,Smelter Under Manen,APHACA,6,6,16
2025-03-22,7,Drikker Med Mig Selv,Mille,7,7,3
2025-03-22,8,Check,Zuloo,-,8,1
2025-03-22,9,Die With A Smile,Lady Gaga & Bruno Mars,9,4,25
2025-03-22,10,Luk Mig Ind,Annika,4,3,14
2025-03-22,11,Lonely,JOSVA Featuring Artigeardit,8,1,10
2025-03-22,12,Koldblodet Killer,Berg,10,6,4
2025-03-22,13,APT.,ROSE & Bruno Mars,14,7,13
2025-03-22,14,Messy,Lola Young,13,6,11
2025-03-22,15,Sikke En Type,Zuloo & Lamin,17,2,6
2025-03-22,16,Sammen,Marstein Featuring Annika,12,1,19
2025-03-22,17,Born Af Natten (Hola Bonita),Ankerstjerne x Daniel Schulz x Panamah,19,2,41
2025-03-22,18,Taenker Ik Pa Andre,Suspekt Featuring Uro,20,1,24
2025-03-22,19,Anxiety,Doechii,-,19,1
2025-03-22,20,Birds Of A Feather,Billie Eilish,21,7,38
2025-03-22,21,Knuser Hjerter,Annika,15,5,33
2025-03-22,22,That's So True,Gracie Abrams,24,7,15
2025-03-22,23,Lyst Til At Hop',Tempo,11,5,3
2025-03-22,24,Baglaens,Ella Augusta,-,24,1
2025-03-22,25,nar verden vaelter,Gobs,22,2,4
2025-03-29,1,Entre,Anton Westerlin Featuring Lamin & ozzy,1,1,2
2025-03-29,2,Hele Vejen (Feat. Mumle),Omar Featuring Mumle,2,1,6
2025-03-29,3,Ordinary,Alex Warren,5,3,6
2025-03-29,4,Blodigt,Anton Westerlin & Annika,3,1,8
2025-03-29,5,Du Ligner Din Mor,Benjamin Hav Featuring Lukas Graham,4,1,12
2025-03-29,6,Anxiety,Doechii,19,6,2
2025-03-29,7,Smelter Under Manen,APHACA,6,6,17
2025-03-29,8,Pilot,Benny Jamz,-,8,1
2025-03-29,9,Drikker Med Mig Selv,Mille,7,7,4
2025-03-29,10,Luk Mig Ind,Annika,10,3,15
2025-03-29,11,Die With A Smile,Lady Gaga & Bruno Mars,9,4,26
2025-03-29,12,Lonely,JOSVA Featuring Artigeardit,11,1,11
2025-03-29,13,Messy,Lola Young,14,6,12
2025-03-29,14,APT.,ROSE & Bruno Mars,13,7,14
2025-03-29,15,Koldblodet Killer,Berg,12,6,5
2025-03-29,16,Taenker Ik Pa Andre,Suspekt Featuring Uro,18,1,25
2025-03-29,17,Sammen,Marstein Featuring Annika,16,1,20
2025-03-29,18,Evil J0rdan,Playboi Carti,-,18,1
2025-03-29,19,Birds Of A Feather,Billie Eilish,20,7,39
2025-03-29,20,Born Af Natten (Hola Bonita),Ankerstjerne x Daniel Schulz x Panamah,17,2,42
2025-03-29,21,That's So True,Gracie Abrams,22,7,16
2025-03-29,22,Et Sted Hvor Vi de Forste,APHACA,-,16,2
2025-03-29,23,Check,Zuloo,8,8,2
2025-03-29,24,Knuser Hjerter,Annika,21,5,34
2025-03-29,25,Sikke En Type,Zuloo & Lamin,15,2,7
2025-04-05,1,Ordinary,Alex Warren,3,1,7
2025-04-05,2,Hele Vejen (Feat. Mumle),Omar Featuring Mumle,2,1,7
2025-04-05,3,Entre,Anton Westerlin Featuring Lamin & ozzy,1,1,3
2025-04-05,4,Du Ligner Din Mor,Benjamin Hav Featuring Lukas Graham,5,1,13
2025-04-05,5,Blodigt,Anton Westerlin & Annika,4,1,9
2025-04-05,6,Kendt Mig I En Uge,Mille,-,6,1
2025-04-05,7,Smelter Under Manen,APHACA,7,6,18
2025-04-05,8,Lonely,JOSVA Featuring Artigeardit,12,1,12
2025-04-05,9,Anxiety,Doechii,6,6,3
2025-04-05,10,Luk Mig Ind,Annika,10,3,16
2025-04-05,11,Drikker Med Mig Selv,Mille,9,7,5
2025-04-05,12,Die With A Smile,Lady Gaga & Bruno Mars,11,4,27
2025-04-05,13,APT.,ROSE & Bruno Mars,14,7,15
2025-04-05,14,Messy,Lola Young,13,6,13
2025-04-05,15,Sammen,Marstein Featuring Annika,17,1,21
2025-04-05,16,Taenker Ik Pa Andre,Suspekt Featuring Uro,16,1,26
2025-04-05,17,Birds Of A Feather,Billie Eilish,19,7,40
2025-04-05,18,Et Sted Hvor Vi de Forste,APHACA,22,16,3
2025-04-05,19,Knuser Hjerter,Annika,24,5,35
2025-04-05,20,Koldblodet Killer,Berg,15,6,6
2025-04-05,21,Born Af Natten (Hola Bonita),Ankerstjerne x Daniel Schulz x Panamah,20,2,43
2025-04-05,22,Baglaens,Ella Augusta,-,22,2
2025-04-05,23,That's So True,Gracie Abrams,21,7,17
2025-04-05,24,Pilot,Benny Jamz,8,8,2
2025-04-05,25,Hvor Solen Ik' Skinner,Mumle & Svea S,-,14,20
2025-04-12,1,igen & igen,Gobs Featuring One Two,-,1,1
2025-04-12,2,Hele Vejen (Feat. Mumle),Omar Featuring Mumle,2,1,8
2025-04-12,3,Ordinary,Alex Warren,1,1,8
2025-04-12,4,Kun Os,Lamin,-,4,1
2025-04-12,5,Entre,Anton Westerlin Featuring Lamin & ozzy,3,1,4
2025-04-12,6,Hvem Har Stedet,Kundo,-,6,1
2025-04-12,7,Blodigt,Anton Westerlin & Annika,5,1,10
2025-04-12,8,Du Ligner Din Mor,Benjamin Hav Featuring Lukas Graham,4,1,14
2025-04-12,9,Smelter Under Manen,APHACA,7,6,19
2025-04-12,10,California Dreamin',Lord Siva,-,10,1
2025-04-12,11,Kendt Mig I En Uge,Mille,6,6,2
2025-04-12,12,Luk Mig Ind,Annika,10,3,17
2025-04-12,13,Lonely,JOSVA Featuring Artigeardit,8,1,13
2025-04-12,14,Drikker Med Mig Selv,Mille,11,7,6
2025-04-12,15,Boller Mig Med Ojnene,Ude Af Kontrol Featuring Hedegaard,-,15,1
2025-04-12,16,Taenker Ik Pa Andre,Suspekt Featuring Uro,16,1,27
2025-04-12,17,LYS (Illumineret),Tobias Rahim,-,17,1
2025-04-12,18,Born Af Natten (Hola Bonita),Ankerstjerne x Daniel Schulz x Panamah,21,2,44
2025-04-12,19,Die With A Smile,Lady Gaga & Bruno Mars,12,4,28
2025-04-12,20,Messy,Lola Young,14,6,14
2025-04-12,21,Anxiety,Doechii,9,6,4
2025-04-12,22,Birds Of A Feather,Billie Eilish,17,7,41
2025-04-12,23,Sammen,Marstein Featuring Annika,15,1,22
2025-04-12,24,APT.,ROSE & Bruno Mars,13,7,16
2025-04-12,25,Espresso,Sabrina Carpenter,-,3,29
2025-04-19,1,Hele Vejen (Feat. Mumle),Omar Featuring Mumle,2,1,9
2025-04-19,2,Kun Os,Lamin,4,2,2
2025-04-19,3,igen & igen,Gobs Featuring One Two,1,1,2
2025-04-19,4,Ordinary,Alex Warren,3,1,9
2025-04-19,5,Smelter Under Manen,APHACA,9,5,20
2025-04-19,6,Et Sted Hvor Vi de Forste,APHACA,-,6,4
2025-04-19,7,Hvor Var Jeg Endt,Christopher & Thor Farlov,-,7,1
2025-04-19,8,Blodigt,Anton Westerlin & Annika,7,1,11
2025-04-19,9,Entre,Anton Westerlin Featuring Lamin & ozzy,5,1,5
2025-04-19,10,Du Ligner Din Mor,Benjamin Hav Featuring Lukas Graham,8,1,15
2025-04-19,11,Kendt Mig I En Uge,Mille,11,6,3
2025-04-19,12,California Dreamin',Lord Siva,10,10,2
2025-04-19,13,Azizam,Ed Sheeran,-,13,1
2025-04-19,14,Hvem Har Stedet,Kundo,6,6,2
2025-04-19,15,Luk Mig Ind,Annika,12,3,18
2025-04-19,16,Taenker Ik Pa Andre,Suspekt Featuring Uro,16,1,28
2025-04-19,17,Drikker Med Mig Selv,Mille,14,7,7
2025-04-19,18,Lonely,JOSVA Featuring Artigeardit,13,1,14
2025-04-19,19,Reposado,Benny Jamz & Gilli,-,2,28
2025-04-19,20,Messy,Lola Young,20,6,15
2025-04-19,21,Birds Of A Feather,Billie Eilish,22,7,42
2025-04-19,22,Die With A Smile,Lady Gaga & Bruno Mars,19,4,29
2025-04-19,23,De Her Timer,Lamin,-,3,15
2025-04-19,24,APT.,ROSE & Bruno Mars,24,7,17
2025-04-19,25,Hjertet Pa Gaden,APHACA,-,25,1
2025-04-26,1,Hele Vejen (Feat. Mumle),Omar Featuring Mumle,1,1,10
2025-04-26,2,Kun Os,Lamin,2,2,3
2025-04-26,3,igen & igen,Gobs Featuring One Two,3,1,3
2025-04-26,4,Ordinary,Alex Warren,4,1,10
2025-04-26,5,Et Sted Hvor Vi de Forste,APHACA,6,5,5
2025-04-26,6,Seaside,Artigeardit,-,6,1
2025-04-26,7,Smelter Under Manen,APHACA,5,5,21
2025-04-26,8,Blodigt,Anton Westerlin & Annika,8,1,12
2025-04-26,9,Hvor Var Jeg Endt,Christopher & Thor Farlov,7,7,2
2025-04-26,10,Du Ligner Din Mor,Benjamin Hav Featuring Lukas Graham,10,1,16
2025-04-26,11,Azizam,Ed Sheeran,13,11,2
2025-04-26,12,Entre,Anton Westerlin Featuring Lamin & ozzy,9,1,6
2025-04-26,13,Kendt Mig I En Uge,Mille,11,6,4
2025-04-26,14,California Dreamin',Lord Siva,12,10,3
2025-04-26,15,Hvem Har Stedet,Kundo,14,6,3
2025-04-26,16,Vi Ku' Ga Hele Vejen,Blaest,-,16,1
2025-04-26,17,Drikker Med Mig Selv,Mille,17,7,8
2025-04-26,18,Luk Mig Ind,Annika,15,3,19
2025-04-26,19,Reposado,Benny Jamz & Gilli,19,2,29
2025-04-26,20,Messy,Lola Young,20,6,16
2025-04-26,21,Die With A Smile,Lady Gaga & Bruno Mars,22,4,30
2025-04-26,22,Hvor Solen Ik' Skinner,Mumle & Svea S,-,14,21
2025-04-26,23,Birds Of A Feather,Billie Eilish,21,7,43
2025-04-26,24,APT.,ROSE & Bruno Mars,24,7,18
2025-04-26,25,Lonely,JOSVA Featuring Artigeardit,18,1,15
2025-05-03,1,Hele Vejen (Feat. Mumle),Omar Featuring Mumle,1,1,11
2025-05-03,2,Et Sted Hvor Vi de Forste,APHACA,5,2,6
2025-05-03,3,Ordinary,Alex Warren,4,1,11
2025-05-03,4,Smelter Under Manen,APHACA,7,4,22
2025-05-03,5,Kun Os,Lamin,2,2,4
2025-05-03,6,igen & igen,Gobs Featuring One Two,3,1,4
2025-05-03,7,Seaside,Artigeardit,6,6,2
2025-05-03,8,Blodigt,Anton Westerlin & Annika,8,1,13
2025-05-03,9,Du Ligner Din Mor,Benjamin Hav Featuring Lukas Graham,10,1,17
2025-05-03,10,Azizam,Ed Sheeran,11,10,3
2025-05-03,11,Hvor Var Jeg Endt,Christopher & Thor Farlov,9,7,3
2025-05-03,12,Entre,Anton Westerlin Featuring Lamin & ozzy,12,1,7
2025-05-03,13,Lad Dig Ga,ozzy & Thor Farlov,-,13,1
2025-05-03,14,Kendt Mig I En Uge,Mille,13,6,5
2025-05-03,15,California Dreamin',Lord Siva,14,10,4
2025-05-03,16,Drikker Med Mig Selv,Mille,17,7,9
2025-05-03,17,Hvem Har Stedet,Kundo,15,6,4
2025-05-03,18,Show Me Love,WizTheMc,-,18,1
2025-05-03,19,Luk Mig Ind,Annika,18,3,20
2025-05-03,20,Birds Of A Feather,Billie Eilish,23,7,44
2025-05-03,21,Messy,Lola Young,20,6,17
2025-05-03,22,Hjertet Pa Gaden,APHACA,-,22,2
2025-05-03,23,Vi Ku' Ga Hele Vejen,Blaest,16,16,2
2025-05-03,24,Hvor Solen Ik' Skinner,Mumle & Svea S,22,14,22
2025-05-03,25,02:34,Kundo,-,25,1
2025-05-10,1,Hele Vejen (Feat. Mumle),Omar Featuring Mumle,1,1,12
2025-05-10,2,Seaside,Artigeardit,7,2,3
2025-05-10,3,Et Sted Hvor Vi de Forste,APHACA,2,2,7
2025-05-10,4,Ordinary,Alex Warren,3,1,12
2025-05-10,5,Smelter Under Manen,APHACA,4,4,23
2025-05-10,6,igen & igen,Gobs Featuring One Two,6,1,5
2025-05-10,7,Kun Os,Lamin,5,2,5
2025-05-10,8,Til Stede,"Artigeardit, MAS & Lamin",-,8,1
2025-05-10,9,Baddie (Feat. Tobias Rahim & J,"Artigeardit, Tobias Rahim & JOSVA",-,9,1
2025-05-10,10,Du Ligner Din Mor,Benjamin Hav Featuring Lukas Graham,9,1,18
2025-05-10,11,Azizam,Ed Sheeran,10,10,4
2025-05-10,12,Aeteren (Feat. Vera & Mo),"Artigeardit, Vera & M0",-,12,1
2025-05-10,13,Show Me Love,WizTheMc,18,13,2
2025-05-10,14,Entre,Anton Westerlin Featuring Lamin & ozzy,12,1,8
2025-05-10,15,Blodigt,Anton Westerlin & Annika,8,1,14
2025-05-10,16,Sta For Det,Artigeardit & Lord Siva,-,16,1
2025-05-10,17,LVFL,Artigeardit & Noah Carter,-,17,1
2025-05-10,18,Hvor Var Jeg Endt,Christopher & Thor Farlov,11,7,4
2025-05-10,19,Birds Of A Feather,Billie Eilish,20,7,45
2025-05-10,20,KNAE OG TA,Zuloo,-,20,1
2025-05-10,21,Kendt Mig I En Uge,Mille,14,6,6
2025-05-10,22,Hvor Solen Ik' Skinner,Mumle & Svea S,24,14,23
2025-05-10,23,Det Modsatte,Mumle,-,6,27
2025-05-10,24,Taenker Ik Pa Andre,Suspekt Featuring Uro,-,1,29
2025-05-10,25,Reposado,Benny Jamz & Gilli,-,2,30
2025-05-17,1,Rene Hjerter,Gilli,-,1,1
2025-05-17,2,Hele Vejen (Feat. Mumle),Omar Featuring Mumle,1,1,13
2025-05-17,3,Tilbage,Gilli,-,3,1
2025-05-17,4,Et Sted Hvor Vi de Forste,APHACA,3,2,8
2025-05-17,5,Ordinary,Alex Warren,4,1,13
2025-05-17,6,Smelter Under Manen,APHACA,5,4,24
2025-05-17,7,Seaside,Artigeardit,2,2,4
2025-05-17,8,igen & igen,Gobs Featuring One Two,6,1,6
2025-05-17,9,Ryggen Mod Muren (Feat. Lamin),"Gilli, Lamin & Hans Philip",-,9,1
2025-05-17,10,Kun Os,Lamin,7,2,6
2025-05-17,11,Hvad Vi Har Set,Gilli,-,11,1
2025-05-17,12,Azizam,Ed Sheeran,11,10,5
2025-05-17,13,Show Me Love,WizTheMc,13,13,3
2025-05-17,14,Entre,Anton Westerlin Featuring Lamin & ozzy,14,1,9
2025-05-17,15,Du Ligner Din Mor,Benjamin Hav Featuring Lukas Graham,10,1,19
2025-05-17,16,Kendt Mig I En Uge,Mille,21,6,7
2025-05-17,17,Blodigt,Anton Westerlin & Annika,15,1,15
2025-05-17,18,Bind For Ojnene,Gilli,-,18,1
2025-05-17,19,Beholder Mit Toj Pa,Mille,-,19,1
2025-05-17,20,Har Ikke Taenkt Mig At Blive,Gilli,-,20,1
2025-05-17,21,Reposado,Benny Jamz & Gilli,25,2,31
2025-05-17,22,Hvor Solen Ik' Skinner,Mumle & Svea S,22,14,24
2025-05-17,23,Birds Of A Feather,Billie Eilish,19,7,46
2025-05-17,24,Aboulevarden,SKINZ,-,24,1
2025-05-17,25,Til Stede,"Artigeardit, MAS & Lamin",8,8,2
2025-05-24,1,Stolt,Annika Featuring Lamin,-,1,1
2025-05-24,2,Bliv Her Lidt Endnu,Annika Featuring JOSVA,-,2,1
2025-05-24,3,Bar Bund,Annika Featuring Gilli,-,3,1
2025-05-24,4,Tilbage,Gilli,3,3,2
2025-05-24,5,Et Sted Hvor Vi de Forste,APHACA,4,2,9
2025-05-24,6,Du Ik Vaerd At Graede For,Annika Featuring Sira Jovina,-,6,1
2025-05-24,7,Smelter Under Manen,APHACA,6,4,25
2025-05-24,8,Hele Vejen (Feat. Mumle),Omar Featuring Mumle,2,1,14
2025-05-24,9,Rene Hjerter,Gilli,1,1,2
2025-05-24,10,En Drom Om Et Menneske,APHACA,-,10,1
2025-05-24,11,Ordinary,Alex Warren,5,1,14
2025-05-24,12,Lad Mig Lande,Annika,-,12,1
2025-05-24,13,Taet Pa,Rahim X Delara,-,13,1
2025-05-24,14,Der Sa Meget Jeg Ikke Fortaelle,Annika,-,14,1
2025-05-24,15,Aboulevarden,SKINZ,24,15,2
2025-05-24,16,Brugt Mine Dage,Annika,-,16,1
2025-05-24,17,Jeg Er Din,Annika,-,17,1
2025-05-24,18,igen & igen,Gobs Featuring One Two,8,1,7
2025-05-24,19,Start Pa Ny,Annika,-,19,1
2025-05-24,20,Go Masala,"Rune Rask Featuring Orgi-E, USSEL & Niklas",-,20,1
2025-05-24,21,Kun Os,Lamin,10,2,7
2025-05-24,22,Seaside,Artigeardit,7,2,5
2025-05-24,23,Drukner I Os,Annika,-,23,1
2025-05-24,24,Azizam,Ed Sheeran,12,10,6
2025-05-24,25,Blodigt,Anton Westerlin & Annika,17,1,16
2025-05-31,1,Stolt,Annika Featuring Lamin,1,1,2
2025-05-31,2,En Drom Om Et Menneske,APHACA,10,2,2
2025-05-31,3,Bliv Her Lidt Endnu,Annika Featuring JOSVA,2,2,2
2025-05-31,4,Bar Bund,Annika Featuring Gilli,3,3,2
2025-05-31,5,Handsome,"Anton Westerlin Featuring Benjamin Hav, JOSVA & Gilli",-,5,1
2025-05-31,6,Du Ik Vaerd At Graede For,Annika Featuring Sira Jovina,6,6,2
2025-05-31,7,Et Sted Hvor Vi de Forste,APHACA,5,2,10
2025-05-31,8,Hele Vejen (Feat. Mumle),Omar Featuring Mumle,8,1,15
2025-05-31,9,Tilbage,Gilli,4,3,3
2025-05-31,10,Smelter Under Manen,APHACA,7,4,26
2025-05-31,11,Rene Hjerter,Gilli,9,1,3
2025-05-31,12,Ordinary,Alex Warren,11,1,15
2025-05-31,13,Taet Pa,Rahim X Delara,13,13,2
2025-05-31,14,Aboulevarden,SKINZ,15,14,3
2025-05-31,15,Blodigt,Anton Westerlin & Annika,25,1,17
2025-05-31,16,Go Masala,"Rune Rask Featuring Orgi-E, USSEL & Niklas",20,16,2
2025-05-31,17,Kun Os,Lamin,21,2,8
2025-05-31,18,igen & igen,Gobs Featuring One Two,18,1,8
2025-05-31,19,Entre,Anton Westerlin Featuring Lamin & ozzy,-,1,10
2025-05-31,20,Kendt Mig I En Uge,Mille,-,6,8
2025-05-31,21,Lad Mig Lande,Annika,12,12,2
2025-05-31,22,Seaside,Artigeardit,22,2,6
2025-05-31,23,Azizam,Ed Sheeran,24,10,7
2025-05-31,24,Du Ligner Din Mor,Benjamin Hav Featuring Lukas Graham,-,1,20
2025-05-31,25,Brugt Mine Dage,Annika,16,16,2
2025-06-07,1,Stolt,Annika Featuring Lamin,1,1,3
2025-06-07,2,En Drom Om Et Menneske,APHACA,2,2,3
2025-06-07,3,Hort Det For,"Anton Westerlin Featuring Pil, Annika, Mille & Medina",-,3,1
2025-06-07,4,Handsome,"Anton Westerlin Featuring Benjamin Hav, JOSVA & Gilli",5,4,2
2025-06-07,5,Bar Bund,Annika Featuring Gilli,4,3,3
2025-06-07,6,Bliv Her Lidt Endnu,Annika Featuring JOSVA,3,2,3
2025-06-07,7,Hele Vejen (Feat. Mumle),Omar Featuring Mumle,8,1,16
2025-06-07,8,Byens Hold,"Anton Westerlin Featuring Noah Carter, KESI & Lamin",-,8,1
2025-06-07,9,Flueben,Anton Westerlin Featuring Lamin,-,9,1
2025-06-07,10,Et Sted Hvor Vi de Forste,APHACA,7,2,11
2025-06-07,11,Blodigt,Anton Westerlin & Annika,15,1,18
2025-06-07,12,Du Ik Vaerd At Graede For,Annika Featuring Sira Jovina,6,6,3
2025-06-07,13,Smelter Under Manen,APHACA,10,4,27
2025-06-07,14,Ordinary,Alex Warren,12,1,16
2025-06-07,15,Hvad Er Stemningen?,"Anton Westerlin Featuring MAS, Kundo & ozzy",-,15,1
2025-06-07,16,Entre,Anton Westerlin Featuring Lamin & ozzy,19,1,11
2025-06-07,17,Rene Hjerter,Gilli,11,1,4
2025-06-07,18,Taet Pa,Rahim X Delara,13,13,3
2025-06-07,19,Kendt Mig I En Uge,Mille,20,6,9
2025-06-07,20,igen & igen,Gobs Featuring One Two,18,1,9
2025-06-07,21,Tilbage,Gilli,9,3,4
2025-06-07,22,Kun Os,Lamin,17,2,9
2025-06-07,23,Aboulevarden,SKINZ,14,14,4
2025-06-07,24,Hvor Skal Vi Hen?,"Anton Westerlin Featuring MAS, DJAry & Sivas",-,24,1
2025-06-07,25,Synergi,Anton Westerlin Featuring Benny Jamz & Lord Siva,-,25,1
2025-06-14,1,Stolt,Annika Featuring Lamin,1,1,4
2025-06-14,2,En Drom Om Et Menneske,APHACA,2,2,4
2025-06-14,3,Hort Det For,"Anton Westerlin Featuring Pil, Annika, Mille & Medina",3,3,2
2025-06-14,4,Hele Vejen (Feat. Mumle),Omar Featuring Mumle,7,1,17
2025-06-14,5,Smelter Under Manen,APHACA,13,4,28
2025-06-14,6,Handsome,"Anton Westerlin Featuring Benjamin Hav, JOSVA & Gilli",4,4,3
2025-06-14,7,Bar Bund,Annika Featuring Gilli,5,3,4
2025-06-14,8,Ordinary,Alex Warren,14,1,17
2025-06-14,9,Bliv Her Lidt Endnu,Annika Featuring JOSVA,6,2,4
2025-06-14,10,Et Sted Hvor Vi de Forste,APHACA,10,2,12
2025-06-14,11,Blodigt,Anton Westerlin & Annika,11,1,19
2025-06-14,12,igen & igen,Gobs Featuring One Two,20,1,10
2025-06-14,13,Du Ik Vaerd At Graede For,Annika Featuring Sira Jovina,12,6,4
2025-06-14,14,Interesseret,Thor Farlov Featuring Noah Carter,-,14,1
2025-06-14,15,Kun Os,Lamin,22,2,10
2025-06-14,16,Kendt Mig I En Uge,Mille,19,6,10
2025-06-14,17,Taet Pa,Rahim X Delara,18,13,4
2025-06-14,18,Entre,Anton Westerlin Featuring Lamin & ozzy,16,1,12
2025-06-14,19,Byens Hold,"Anton Westerlin Featuring Noah Carter, KESI & Lamin",8,8,2
2025-06-14,20,Rene Hjerter,Gilli,17,1,5
2025-06-14,21,Den Vaerste,Tobias Rahim Featuring Lamin,-,21,1
2025-06-14,22,Flueben,Anton Westerlin Featuring Lamin,9,9,2
2025-06-14,23,Aboulevarden,SKINZ,23,14,5
2025-06-14,24,Du Ligner Din Mor,Benjamin Hav Featuring Lukas Graham,-,1,21
2025-06-14,25,Azizam,Ed Sheeran,-,10,8
2025-06-21,1,Stolt,Annika Featuring Lamin,1,1,5
2025-06-21,2,En Drom Om Et Menneske,APHACA,2,2,5
2025-06-21,3,Hort Det For,"Anton Westerlin Featuring Pil, Annika, Mille & Medina",3,3,3
2025-06-21,4,Smelter Under Manen,APHACA,5,4,29
2025-06-21,5,Bipolar,"Benny Jamz, Gilli, KESI & Lamin Featuring B.O.C",-,5,1
2025-06-21,6,Hele Vejen (Feat. Mumle),Omar Featuring Mumle,4,1,18
2025-06-21,7,Bar Bund,Annika Featuring Gilli,7,3,5
2025-06-21,8,Ordinary,Alex Warren,8,1,18
2025-06-21,9,Handsome,"Anton Westerlin Featuring Benjamin Hav, JOSVA & Gilli",6,4,4
2025-06-21,10,Et Sted Hvor Vi de Forste,APHACA,10,2,13
2025-06-21,11,Bliv Her Lidt Endnu,Annika Featuring JOSVA,9,2,5
2025-06-21,12,Interesseret,Thor Farlov Featuring Noah Carter,14,12,2
2025-06-21,13,Blodigt,Anton Westerlin & Annika,11,1,20
2025-06-21,14,Du Ik Vaerd At Graede For,Annika Featuring Sira Jovina,13,6,5
2025-06-21,15,igen & igen,Gobs Featuring One Two,12,1,11
2025-06-21,16,Manchild,Sabrina Carpenter,-,16,1
2025-06-21,17,Aura,Morten & Nik & Jay,-,17,1
2025-06-21,18,De Her Timer,Lamin,-,3,16
2025-06-21,19,Reposado,Benny Jamz & Gilli,-,2,32
2025-06-21,20,Taet Pa,Rahim X Delara,17,13,5
2025-06-21,21,Rene Hjerter,Gilli,20,1,6
2025-06-21,22,Kun Os,Lamin,15,2,11
2025-06-21,23,Kendt Mig I En Uge,Mille,16,6,11
2025-06-21,24,Den Vaerste,Tobias Rahim Featuring Lamin,21,21,2
2025-06-21,25,Du Ligner Din Mor,Benjamin Hav Featuring Lukas Graham,24,1,22
2025-06-28,1,Stolt,Annika Featuring Lamin,1,1,6
2025-06-28,2,Bipolar,"Benny Jamz, Gilli, KESI & Lamin Featuring B.O.C",5,2,2
2025-06-28,3,En Drom Om Et Menneske,APHACA,2,2,6
2025-06-28,4,Pogba,Noah Carter Featuring Gilli,-,4,1
2025-06-28,5,Smelter Under Manen,APHACA,4,4,30
2025-06-28,6,Hort Det For,"Anton Westerlin Featuring Pil, Annika, Mille & Medina",3,3,4
2025-06-28,7,Hele Vejen (Feat. Mumle),Omar Featuring Mumle,6,1,19
2025-06-28,8,Ordinary,Alex Warren,8,1,19
2025-06-28,9,Bar Bund,Annika Featuring Gilli,7,3,6
2025-06-28,10,Et Sted Hvor Vi de Forste,APHACA,10,2,14
2025-06-28,11,Blodigt,Anton Westerlin & Annika,13,1,21
2025-06-28,12,ETC,Noah Carter Featuring Benny Jamz & Lamin,-,12,1
2025-06-28,13,Bliv Her Lidt Endnu,Annika Featuring JOSVA,11,2,6
2025-06-28,14,Handsome,"Anton Westerlin Featuring Benjamin Hav, JOSVA & Gilli",9,4,5
2025-06-28,15,Manchild,Sabrina Carpenter,16,15,2
2025-06-28,16,Taet Pa,Rahim X Delara,20,13,6
2025-06-28,17,In-Ears,Noah Carter Featuring KESI,-,17,1
2025-06-28,18,Du Ik Vaerd At Graede For,Annika Featuring Sira Jovina,14,6,6
2025-06-28,19,igen & igen,Gobs Featuring One Two,15,1,12
2025-06-28,20,Interesseret,Thor Farlov Featuring Noah Carter,12,12,3
2025-06-28,21,Reposado,Benny Jamz & Gilli,19,2,33
2025-06-28,22,De Her Timer,Lamin,18,3,17
2025-06-28,23,Du Ligner Din Mor,Benjamin Hav Featuring Lukas Graham,25,1,23
2025-06-28,24,Kendt Mig I En Uge,Mille,23,6,12
2025-06-28,25,Rene Hjerter,Gilli,21,1,7
2025-07-05,1,Stolt,Annika Featuring Lamin,1,1,7
2025-07-05,2,Bipolar,"Benny Jamz, Gilli, KESI & Lamin Featuring B.O.C",2,2,3
2025-07-05,3,En Drom Om Et Menneske,APHACA,3,2,7
2025-07-05,4,Smelter Under Manen,APHACA,5,4,31
2025-07-05,5,Hort Det For,"Anton Westerlin Featuring Pil, Annika, Mille & Medina",6,3,5
2025-07-05,6,Pogba,Noah Carter Featuring Gilli,4,4,2
2025-07-05,7,Hele Vejen (Feat. Mumle),Omar Featuring Mumle,7,1,20
2025-07-05,8,Et Sted Hvor Vi de Forste,APHACA,10,2,15
2025-07-05,9,Bar Bund,Annika Featuring Gilli,9,3,7
2025-07-05,10,Ordinary,Alex Warren,8,1,20
2025-07-05,11,Blodigt,Anton Westerlin & Annika,11,1,22
2025-07-05,12,10 Ud Af 10,Berhana,-,12,1
2025-07-05,13,Bliv Her Lidt Endnu,Annika Featuring JOSVA,13,2,7
2025-07-05,14,Handsome,"Anton Westerlin Featuring Benjamin Hav, JOSVA & Gilli",14,4,6
2025-07-05,15,Taet Pa,Rahim X Delara,16,13,7
2025-07-05,16,igen & igen,Gobs Featuring One Two,19,1,13
2025-07-05,17,Du Ik Vaerd At Graede For,Annika Featuring Sira Jovina,18,6,7
2025-07-05,18,Kendt Mig I En Uge,Mille,24,6,13
2025-07-05,19,Du Ligner Din Mor,Benjamin Hav Featuring Lukas Graham,23,1,24
2025-07-05,20,Manchild,Sabrina Carpenter,15,15,3
2025-07-05,21,Kun Os,Lamin,-,2,12
2025-07-05,22,C h v o r v r R i d a g,Sivas Featuring Gilli & KESI,-,22,1
2025-07-05,23,Azizam,Ed Sheeran,-,10,9
2025-07-05,24,De Her Timer,Lamin,22,3,18
2025-07-05,25,Luk Mig Ind,Annika,-,3,21
2025-07-12,1,Stolt,Annika Featuring Lamin,1,1,8
2025-07-12,2,Bipolar,"Benny Jamz, Gilli, KESI & Lamin Featuring B.O.C",2,2,4
2025-07-12,3,En Drom Om Et Menneske,APHACA,3,2,8
2025-07-12,4,Smelter Under Manen,APHACA,4,4,32
2025-07-12,5,Hele Vejen (Feat. Mumle),Omar Featuring Mumle,7,1,21
2025-07-12,6,Et Sted Hvor Vi de Forste,APHACA,8,2,16
2025-07-12,7,Hort Det For,"Anton Westerlin Featuring Pil, Annika, Mille & Medina",5,3,6
2025-07-12,8,10 Ud Af 10,Berhana,12,8,2
2025-07-12,9,Pogba,Noah Carter Featuring Gilli,6,4,3
2025-07-12,10,Ordinary,Alex Warren,10,1,21
2025-07-12,11,Blodigt,Anton Westerlin & Annika,11,1,23
2025-07-12,12,Bar Bund,Annika Featuring Gilli,9,3,8
2025-07-12,13,Handsome,"Anton Westerlin Featuring Benjamin Hav, JOSVA & Gilli",14,4,7
2025-07-12,14,Kendt Mig I En Uge,Mille,18,6,14
2025-07-12,15,Taet Pa,Rahim X Delara,15,13,8
2025-07-12,16,Bliv Her Lidt Endnu,Annika Featuring JOSVA,13,2,8
2025-07-12,17,igen & igen,Gobs Featuring One Two,16,1,14
2025-07-12,18,De Her Timer,Lamin,24,3,19
2025-07-12,19,Du Ligner Din Mor,Benjamin Hav Featuring Lukas Graham,19,1,25
2025-07-12,20,Reposado,Benny Jamz & Gilli,-,2,34
2025-07-12,21,Azizam,Ed Sheeran,23,10,10
2025-07-12,22,Kun Os,Lamin,21,2,13
2025-07-12,23,Du Ik Vaerd At Graede For,Annika Featuring Sira Jovina,17,6,8
2025-07-12,24,Hvor Solen Ik' Skinner,Mumle & Svea S,-,14,25
2025-07-12,25,Det Modsatte,Mumle,-,6,28
2025-07-19,1,En Drom Om Et Menneske,APHACA,3,1,9
2025-07-19,2,Stolt,Annika Featuring Lamin,1,1,9
2025-07-19,3,Smelter Under Manen,APHACA,4,3,33
2025-07-19,4,Bipolar,"Benny Jamz, Gilli, KESI & Lamin Featuring B.O.C",2,2,5
2025-07-19,5,Et Sted Hvor Vi de Forste,APHACA,6,2,17
2025-07-19,6,Hele Vejen (Feat. Mumle),Omar Featuring Mumle,5,1,22
2025-07-19,7,Hort Det For,"Anton Westerlin Featuring Pil, Annika, Mille & Medina",7,3,7
2025-07-19,8,Natten Bliver Morgen,D1MA,-,8,1
2025-07-19,9,10 Ud Af 10,Berhana,8,8,3
2025-07-19,10,Ordinary,Alex Warren,10,1,22
2025-07-19,11,Blodigt,Anton Westerlin & Annika,11,1,24
2025-07-19,12,Bar Bund,Annika Featuring Gilli,12,3,9
2025-07-19,13,Taet Pa,Rahim X Delara,15,13,9
2025-07-19,14,Handsome,"Anton Westerlin Featuring Benjamin Hav, JOSVA & Gilli",13,4,8
2025-07-19,15,Pogba,Noah Carter Featuring Gilli,9,4,4
2025-07-19,16,Hjertet Pa Gaden,APHACA,-,16,3
2025-07-19,17,Kendt Mig I En Uge,Mille,14,6,15
2025-07-19,18,Til Solen Er Sort,APHACA,-,18,1
2025-07-19,19,Generation Gaza,"GULEED, Gilli & Miklo",-,19,1
2025-07-19,20,Bliv Her Lidt Endnu,Annika Featuring JOSVA,16,2,9
2025-07-19,21,igen & igen,Gobs Featuring One Two,17,1,15
2025-07-19,22,Luk Mig Ind,Annika,-,3,22
2025-07-19,23,Reposado,Benny Jamz & Gilli,20,2,35
2025-07-19,24,Det Modsatte,Mumle,25,6,29
2025-07-19,25,Du Ligner Din Mor,Benjamin Hav Featuring Lukas Graham,19,1,26
2025-07-26,1,En Drom Om Et Menneske,APHACA,1,1,10
2025-07-26,2,Daisies,Justin Bieber,-,2,1
2025-07-26,3,Stolt,Annika Featuring Lamin,2,1,10
2025-07-26,4,Smelter Under Manen,APHACA,3,3,34
2025-07-26,5,Bipolar,"Benny Jamz, Gilli, KESI & Lamin Featuring B.O.C",4,2,6
2025-07-26,6,Et Sted Hvor Vi de Forste,APHACA,5,2,18
2025-07-26,7,Hele Vejen (Feat. Mumle),Omar Featuring Mumle,6,1,23
2025-07-26,8,Natten Bliver Morgen,D1MA,8,8,2
2025-07-26,9,Hort Det For,"Anton Westerlin Featuring Pil, Annika, Mille & Medina",7,3,8
2025-07-26,10,10 Ud Af 10,Berhana,9,8,4
2025-07-26,11,Ordinary,Alex Warren,10,1,23
2025-07-26,12,All I Can Take,Justin Bieber,-,12,1
2025-07-26,13,Go Baby,Justin Bieber,-,13,1
2025-07-26,14,Yukon,Justin Bieber,-,14,1
2025-07-26,15,Blodigt,Anton Westerlin & Annika,11,1,25
2025-07-26,16,Kendt Mig I En Uge,Mille,17,6,16
2025-07-26,17,Taet Pa,Rahim X Delara,13,13,10
2025-07-26,18,Handsome,"Anton Westerlin Featuring Benjamin Hav, JOSVA & Gilli",14,4,9
2025-07-26,19,Du Ligner Din Mor,Benjamin Hav Featuring Lukas Graham,25,1,27
2025-07-26,20,Bar Bund,Annika Featuring Gilli,12,3,10
2025-07-26,21,Walking Away,Justin Bieber,-,21,1
2025-07-26,22,igen & igen,Gobs Featuring One Two,21,1,16
2025-07-26,23,Pogba,Noah Carter Featuring Gilli,15,4,5
2025-07-26,24,Hvor Solen Ik' Skinner,Mumle & Svea S,-,14,26
2025-07-26,25,Things You Do,Justin Bieber,-,25,1
2025-08-02,1,En Drom Om Et Menneske,APHACA,1,1,11
2025-08-02,2,Daisies,Justin Bieber,2,2,2
2025-08-02,3,Stolt,Annika Featuring Lamin,3,1,11
2025-08-02,4,Smelter Under Manen,APHACA,4,3,35
2025-08-02,5,Bipolar,"Benny Jamz, Gilli, KESI & Lamin Featuring B.O.C",5,2,7
2025-08-02,6,Hele Vejen (Feat. Mumle),Omar Featuring Mumle,7,1,24
2025-08-02,7,Et Sted Hvor Vi de Forste,APHACA,6,2,19
2025-08-02,8,Hort Det For,"Anton Westerlin Featuring Pil, Annika, Mille & Medina",9,3,9
2025-08-02,9,Natten Bliver Morgen,D1MA,8,8,3
2025-08-02,10,Ordinary,Alex Warren,11,1,24
2025-08-02,11,10 Ud Af 10,Berhana,10,8,5
2025-08-02,12,Du Ligner Din Mor,Benjamin Hav Featuring Lukas Graham,19,1,28
2025-08-02,13,Handsome,"Anton Westerlin Featuring Benjamin Hav, JOSVA & Gilli",18,4,10
2025-08-02,14,Kendt Mig I En Uge,Mille,16,6,17
2025-08-02,15,Blodigt,Anton Westerlin & Annika,15,1,26
2025-08-02,16,Taet Pa,Rahim X Delara,17,13,11
2025-08-02,17,Bar Bund,Annika Featuring Gilli,20,3,11
2025-08-02,18,Reposado,Benny Jamz & Gilli,-,2,36
2025-08-02,19,igen & igen,Gobs Featuring One Two,22,1,17
2025-08-02,20,Yukon,Justin Bieber,14,14,2
2025-08-02,21,Det Modsatte,Mumle,-,6,30
2025-08-02,22,Azizam,Ed Sheeran,-,10,11
2025-08-02,23,Golden,"HUNTR/X: EJAE, Audrey Nuna & REI AMI",-,23,1
2025-08-02,24,Pogba,Noah Carter Featuring Gilli,23,4,6
2025-08-02,25,Eternity,Alex Warren,-,25,1
2025-08-09,1,En Drom Om Et Menneske,APHACA,1,1,12
2025-08-09,2,Smelter Under Manen,APHACA,4,2,36
2025-08-09,3,Daisies,Justin Bieber,2,2,3
2025-08-09,4,Stolt,Annika Featuring Lamin,3,1,12
2025-08-09,5,Et Sted Hvor Vi de Forste,APHACA,7,2,20
2025-08-09,6,Bipolar,"Benny Jamz, Gilli, KESI & Lamin Featuring B.O.C",5,2,8
2025-08-09,7,Hele Vejen (Feat. Mumle),Omar Featuring Mumle,6,1,25
2025-08-09,8,Hort Det For,"Anton Westerlin Featuring Pil, Annika, Mille & Medina",8,3,10
2025-08-09,9,Ordinary,Alex Warren,10,1,25
2025-08-09,10,Natten Bliver Morgen,D1MA,9,8,4
2025-08-09,11,10 Ud Af 10,Berhana,11,8,6
2025-08-09,12,Spotlight,"Svea S, Berg X Klamfyr",-,12,1
2025-08-09,13,Du Ligner Din Mor,Benjamin Hav Featuring Lukas Graham,12,1,29
2025-08-09,14,Golden,"HUNTR/X: EJAE, Audrey Nuna & REI AMI",23,14,2
2025-08-09,15,Kendt Mig I En Uge,Mille,14,6,18
2025-08-09,16,Blodigt,Anton Westerlin & Annika,15,1,27
2025-08-09,17,Handsome,"Anton Westerlin Featuring Benjamin Hav, JOSVA & Gilli",13,4,11
2025-08-09,18,Hjertet Pa Gaden,APHACA,-,16,4
2025-08-09,19,Det Modsatte,Mumle,21,6,31
2025-08-09,20,igen & igen,Gobs Featuring One Two,19,1,18
2025-08-09,21,Taet Pa,Rahim X Delara,16,13,12
2025-08-09,22,Taenker Ik Pa Andre,Suspekt Featuring Uro,-,1,30
2025-08-09,23,Til Solen Er Sort,APHACA,-,18,2
2025-08-09,24,Bar Bund,Annika Featuring Gilli,17,3,12
2025-08-09,25,Reposado,Benny Jamz & Gilli,18,2,37
2025-08-16,1,En Drom Om Et Menneske,APHACA,1,1,13
2025-08-16,2,Smelter Under Manen,APHACA,2,2,37
2025-08-16,3,Stolt,Annika Featuring Lamin,4,1,13
2025-08-16,4,Daisies,Justin Bieber,3,2,4
2025-08-16,5,Tropical,Thor Farlov Featuring Gilli,-,5,1
2025-08-16,6,Hele Vejen (Feat. Mumle),Omar Featuring Mumle,7,1,26
2025-08-16,7,Bipolar,"Benny Jamz, Gilli, KESI & Lamin Featuring B.O.C",6,2,9
2025-08-16,8,Hort Det For,"Anton Westerlin Featuring Pil, Annika, Mille & Medina",8,3,11
2025-08-16,9,Et Sted Hvor Vi de Forste,APHACA,5,2,21
2025-08-16,10,Ordinary,Alex Warren,9,1,26
2025-08-16,11,Golden,"HUNTR/X: EJAE, Audrey Nuna & REI AMI",14,11,3
2025-08-16,12,Spotlight,"Svea S, Berg X Klamfyr",12,12,2
2025-08-16,13,Blodigt,Anton Westerlin & Annika,16,1,28
2025-08-16,14,Natten Bliver Morgen,D1MA,10,8,5
2025-08-16,15,Kendt Mig I En Uge,Mille,15,6,19
2025-08-16,16,10 Ud Af 10,Berhana,11,8,7
2025-08-16,17,Du Ligner Din Mor,Benjamin Hav Featuring Lukas Graham,13,1,30
2025-08-16,18,Handsome,"Anton Westerlin Featuring Benjamin Hav, JOSVA & Gilli",17,4,12
2025-08-16,19,Det Modsatte,Mumle,19,6,32
2025-08-16,20,Hvor Solen Ik' Skinner,Mumle & Svea S,-,14,27
2025-08-16,21,Taet Pa,Rahim X Delara,21,13,13
2025-08-16,22,Til Solen Er Sort,APHACA,23,18,3
2025-08-16,23,m3aya v1 (sammen),D1MA,-,23,1
2025-08-16,24,Reposado,Benny Jamz & Gilli,25,2,38
2025-08-16,25,Yukon,Justin Bieber,-,14,3
2025-08-23,1,En Drom Om Et Menneske,APHACA,1,1,14
2025-08-23,2,Smelter Under Manen,APHACA,2,2,38
2025-08-23,3,Stolt,Annika Featuring Lamin,3,1,14
2025-08-23,4,Ingen Yin Uden Yang,Rahim x Mille,-,4,1
2025-08-23,5,Daisies,Justin Bieber,4,2,5
2025-08-23,6,Hele Vejen (Feat. Mumle),Omar Featuring Mumle,6,1,27
2025-08-23,7,Et Sted Hvor Vi de Forste,APHACA,9,2,22
2025-08-23,8,Hort Det For,"Anton Westerlin Featuring Pil, Annika, Mille & Medina",8,3,12
2025-08-23,9,Bipolar,"Benny Jamz, Gilli, KESI & Lamin Featuring B.O.C",7,2,10
2025-08-23,10,Golden,"HUNTR/X: EJAE, Audrey Nuna & REI AMI",11,10,4
2025-08-23,11,Spotlight,"Svea S, Berg X Klamfyr",12,11,3
2025-08-23,12,Ordinary,Alex Warren,10,1,27
2025-08-23,13,Natten Bliver Morgen,D1MA,14,8,6
2025-08-23,14,Olivia For Altid,Ankerstjerne Featuring Omar & Svea S,-,14,1
2025-08-23,15,Blodigt,Anton Westerlin & Annika,13,1,29
2025-08-23,16,Tropical,Thor Farlov Featuring Gilli,5,5,2
2025-08-23,17,Du Ligner Din Mor,Benjamin Hav Featuring Lukas Graham,17,1,31
2025-08-23,18,Kendt Mig I En Uge,Mille,15,6,20
2025-08-23,19,Yukon,Justin Bieber,25,14,4
2025-08-23,20,10 Ud Af 10,Berhana,16,8,8
2025-08-23,21,Hjertet Pa Gaden,APHACA,-,16,5
2025-08-23,22,Det Modsatte,Mumle,19,6,33
2025-08-23,23,Handsome,"Anton Westerlin Featuring Benjamin Hav, JOSVA & Gilli",18,4,13
2025-08-23,24,Hvor Solen Ik' Skinner,Mumle & Svea S,20,14,28
2025-08-23,25,Til Solen Er Sort,APHACA,22,18,4
2025-08-30,1,Odelagt Byen,Olivver Featuring Augusta Schackinger,-,1,1
2025-08-30,2,En Drom Om Et Menneske,APHACA,1,1,15
2025-08-30,3,Ingen Yin Uden Yang,Rahim x Mille,4,3,2
2025-08-30,4,Stolt,Annika Featuring Lamin,3,1,15
2025-08-30,5,Smelter Under Manen,APHACA,2,2,39
2025-08-30,6,Hele Vejen (Feat. Mumle),Omar Featuring Mumle,6,1,28
2025-08-30,7,Et Sted Hvor Vi de Forste,APHACA,7,2,23
2025-08-30,8,Hort Det For,"Anton Westerlin Featuring Pil, Annika, Mille & Medina",8,3,13
2025-08-30,9,Woodstock,Benny Jamz,-,9,1
2025-08-30,10,Daisies,Justin Bieber,5,2,6
2025-08-30,11,Golden,"HUNTR/X: EJAE, Audrey Nuna & REI AMI",10,10,5
2025-08-30,12,Bipolar,"Benny Jamz, Gilli, KESI & Lamin Featuring B.O.C",9,2,11
2025-08-30,13,Olivia For Altid,Ankerstjerne Featuring Omar & Svea S,14,13,2
2025-08-30,14,Natten Bliver Morgen,D1MA,13,8,7
2025-08-30,15,Spotlight,"Svea S, Berg X Klamfyr",11,11,4
2025-08-30,16,Ordinary,Alex Warren,12,1,28
2025-08-30,17,Blodigt,Anton Westerlin & Annika,15,1,30
2025-08-30,18,Du Ligner Din Mor,Benjamin Hav Featuring Lukas Graham,17,1,32
2025-08-30,19,Lever Som Aldrig For,Ude Af Kontrol Featuring Soppgirobygget,-,19,1
2025-08-30,20,Kendt Mig I En Uge,Mille,18,6,21
2025-08-30,21,10 Ud Af 10,Berhana,20,8,9
2025-08-30,22,Tropical,Thor Farlov Featuring Gilli,16,5,3
2025-08-30,23,Yukon,Justin Bieber,19,14,5
2025-08-30,24,Det Modsatte,Mumle,22,6,34
2025-08-30,25,Hjertet Pa Gaden,APHACA,21,16,6
2025-09-06,1,Odelagt Byen,Olivver Featuring Augusta Schackinger,1,1,2
2025-09-06,2,En Drom Om Et Menneske,APHACA,2,1,16
2025-09-06,3,Ingen Yin Uden Yang,Rahim x Mille,3,3,3
2025-09-06,4,Smelter Under Manen,APHACA,5,2,40
2025-09-06,5,Stolt,Annika Featuring Lamin,4,1,16
2025-09-06,6,Golden,"HUNTR/X: EJAE, Audrey Nuna & REI AMI",11,6,6
2025-09-06,7,Olivia For Altid,Ankerstjerne Featuring Omar & Svea S,13,7,3
2025-09-06,8,Hele Vejen (Feat. Mumle),Omar Featuring Mumle,6,1,29
2025-09-06,9,Et Sted Hvor Vi de Forste,APHACA,7,2,24
2025-09-06,10,Daisies,Justin Bieber,10,2,7
2025-09-06,11,Bipolar,"Benny Jamz, Gilli, KESI & Lamin Featuring B.O.C",12,2,12
2025-09-06,12,Hort Det For,"Anton Westerlin Featuring Pil, Annika, Mille & Medina",8,3,14
2025-09-06,13,Natten Bliver Morgen,D1MA,14,8,8
2025-09-06,14,Ordinary,Alex Warren,16,1,29
2025-09-06,15,Woodstock,Benny Jamz,9,9,2
2025-09-06,16,Spotlight,"Svea S, Berg X Klamfyr",15,11,5
2025-09-06,17,Kendt Mig I En Uge,Mille,20,6,22
2025-09-06,18,Blodigt,Anton Westerlin & Annika,17,1,31
2025-09-06,19,Du Ligner Din Mor,Benjamin Hav Featuring Lukas Graham,18,1,33
2025-09-06,20,10 Ud Af 10,Berhana,21,8,10
2025-09-06,21,Det Modsatte,Mumle,24,6,35
2025-09-06,22,Hjertet Pa Gaden,APHACA,25,16,7
2025-09-06,23,Yukon,Justin Bieber,23,14,6
2025-09-06,24,Handsome,"Anton Westerlin Featuring Benjamin Hav, JOSVA & Gilli",-,4,14
2025-09-06,25,Horsens,Albert Heath Featuring Sofie1998,-,25,1
2025-09-13,1,Odelagt Byen,Olivver Featuring Augusta Schackinger,1,1,3
2025-09-13,2,En Drom Om Et Menneske,APHACA,2,1,17
2025-09-13,3,Smelter Under Manen,APHACA,4,2,41
2025-09-13,4,Golden,"HUNTR/X: EJAE, Audrey Nuna & REI AMI",6,4,7
2025-09-13,5,Ingen Yin Uden Yang,Rahim x Mille,3,3,4
2025-09-13,6,Stolt,Annika Featuring Lamin,5,1,17
2025-09-13,7,Man I Need,Olivia Dean,-,7,1
2025-09-13,8,Olivia For Altid,Ankerstjerne Featuring Omar & Svea S,7,7,4
2025-09-13,9,Hele Vejen (Feat. Mumle),Omar Featuring Mumle,8,1,30
2025-09-13,10,Et Sted Hvor Vi de Forste,APHACA,9,2,25
2025-09-13,11,Daisies,Justin Bieber,10,2,8
2025-09-13,12,Hort Det For,"Anton Westerlin Featuring Pil, Annika, Mille & Medina",12,3,15
2025-09-13,13,Bipolar,"Benny Jamz, Gilli, KESI & Lamin Featuring B.O.C",11,2,13
2025-09-13,14,Tears,Sabrina Carpenter,-,14,1
2025-09-13,15,Ordinary,Alex Warren,14,1,30
2025-09-13,16,Natten Bliver Morgen,D1MA,13,8,9
2025-09-13,17,Kendt Mig I En Uge,Mille,17,6,23
2025-09-13,18,Woodstock,Benny Jamz,15,9,3
2025-09-13,19,Azizam,Ed Sheeran,-,10,12
2025-09-13,20,Blodigt,Anton Westerlin & Annika,18,1,32
2025-09-13,21,Spotlight,"Svea S, Berg X Klamfyr",16,11,6
2025-09-13,22,Du Ligner Din Mor,Benjamin Hav Featuring Lukas Graham,19,1,34
2025-09-13,23,Sapphire,Ed Sheeran,-,23,1
2025-09-13,24,Horsens,Albert Heath Featuring Sofie1998,25,24,2
2025-09-13,25,Hjertet Pa Gaden,APHACA,22,16,8
2025-09-20,1,Odelagt Byen,Olivver Featuring Augusta Schackinger,1,1,4
2025-09-20,2,En Drom Om Et Menneske,APHACA,2,1,18
2025-09-20,3,Man I Need,Olivia Dean,7,3,2
2025-09-20,4,Golden,"HUNTR/X: EJAE, Audrey Nuna & REI AMI",4,4,8
2025-09-20,5,Smelter Under Manen,APHACA,3,2,42
2025-09-20,6,Ingen Yin Uden Yang,Rahim x Mille,5,3,5
2025-09-20,7,Stolt,Annika Featuring Lamin,6,1,18
2025-09-20,8,Hele Vejen (Feat. Mumle),Omar Featuring Mumle,9,1,31
2025-09-20,9,Daisies,Justin Bieber,11,2,9
2025-09-20,10,Ordinary,Alex Warren,15,1,31
2025-09-20,11,Olivia For Altid,Ankerstjerne Featuring Omar & Svea S,8,7,5
2025-09-20,12,Bipolar,"Benny Jamz, Gilli, KESI & Lamin Featuring B.O.C",13,2,14
2025-09-20,13,Et Sted Hvor Vi de Forste,APHACA,10,2,26
2025-09-20,14,Hort Det For,"Anton Westerlin Featuring Pil, Annika, Mille & Medina",12,3,16
2025-09-20,15,Natten Bliver Morgen,D1MA,16,8,10
2025-09-20,16,Flyv Hojt (Feat. Benny Jamz),ozzy Featuring Benny Jamz,-,16,1
2025-09-20,17,Kendt Mig I En Uge,Mille,17,6,24
2025-09-20,18,Tears,Sabrina Carpenter,14,14,2
2025-09-20,19,Blodigt,Anton Westerlin & Annika,20,1,33
2025-09-20,20,Spotlight,"Svea S, Berg X Klamfyr",21,11,7
2025-09-20,21,Du Ligner Din Mor,Benjamin Hav Featuring Lukas Graham,22,1,35
2025-09-20,22,Ta' Det Af,Berg & Tessa,-,22,1
2025-09-20,23,Soda Pop,"Saja Boys: Andrew Choi, Neckwav, Danny Chung, Kevin Woo & samUIL Lee",-,23,1
2025-09-20,24,Horsens,Albert Heath Featuring Sofie1998,24,24,3
2025-09-20,25,12 To 12,sombr,-,25,1
2025-09-27,1,Man I Need,Olivia Dean,3,1,3
2025-09-27,2,En Drom Om Et Menneske,APHACA,2,1,19
2025-09-27,3,Odelagt Byen,Olivver Featuring Augusta Schackinger,1,1,5
2025-09-27,4,Golden,"HUNTR/X: EJAE, Audrey Nuna & REI AMI",4,4,9
2025-09-27,5,Smelter Under Manen,APHACA,5,2,43
2025-09-27,6,Stolt,Annika Featuring Lamin,7,1,19
2025-09-27,7,Hele Vejen (Feat. Mumle),Omar Featuring Mumle,8,1,32
2025-09-27,8,Ingen Yin Uden Yang,Rahim x Mille,6,3,6
2025-09-27,9,Ordinary,Alex Warren,10,1,32
2025-09-27,10,Daisies,Justin Bieber,9,2,10
2025-09-27,11,Hort Det For,"Anton Westerlin Featuring Pil, Annika, Mille & Medina",14,3,17
2025-09-27,12,Natten Bliver Morgen,D1MA,15,8,11
2025-09-27,13,Bipolar,"Benny Jamz, Gilli, KESI & Lamin Featuring B.O.C",12,2,15
2025-09-27,14,Kendt Mig I En Uge,Mille,17,6,25
2025-09-27,15,Et Sted Hvor Vi de Forste,APHACA,13,2,27
2025-09-27,16,Olivia For Altid,Ankerstjerne Featuring Omar & Svea S,11,7,6
2025-09-27,17,12 To 12,sombr,25,17,2
2025-09-27,18,Blodigt,Anton Westerlin & Annika,19,1,34
2025-09-27,19,Flyv Hojt (Feat. Benny Jamz),ozzy Featuring Benny Jamz,16,16,2
2025-09-27,20,Horsens,Albert Heath Featuring Sofie1998,24,20,4
2025-09-27,21,Soda Pop,"Saja Boys: Andrew Choi, Neckwav, Danny Chung, Kevin Woo & samUIL Lee",23,21,2
2025-09-27,22,Den Nye Pige,Blaest,-,22,1
2025-09-27,23,Vi Ku' Ga Hele Vejen,Blaest,-,16,3
2025-09-27,24,Tears,Sabrina Carpenter,18,14,3
2025-09-27,25,Fire Uger,Mumle,-,25,1
2025-10-04,1,Sandheden,Rasmus Seebach & Artigeardit,-,1,1
2025-10-04,2,En Drom Om Et Menneske,APHACA,2,1,20
2025-10-04,3,Man I Need,Olivia Dean,1,1,4
2025-10-04,4,Odelagt Byen,Olivver Featuring Augusta Schackinger,3,1,6
2025-10-04,5,Golden,"HUNTR/X: EJAE, Audrey Nuna & REI AMI",4,4,10
2025-10-04,6,Smelter Under Manen,APHACA,5,2,44
2025-10-04,7,Elsker Nar du Smiler,Tobias Rahim,-,7,1
2025-10-04,8,Nazario,Cizzo,-,8,1
2025-10-04,9,Ordinary,Alex Warren,9,1,33
2025-10-04,10,Stolt,Annika Featuring Lamin,6,1,20
2025-10-04,11,Ingen Yin Uden Yang,Rahim x Mille,8,3,7
2025-10-04,12,Hele Vejen (Feat. Mumle),Omar Featuring Mumle,7,1,33
2025-10-04,13,Kendt Mig I En Uge,Mille,14,6,26
2025-10-04,14,Hort Det For,"Anton Westerlin Featuring Pil, Annika, Mille & Medina",11,3,18
2025-10-04,15,Natten Bliver Morgen,D1MA,12,8,12
2025-10-04,16,Daisies,Justin Bieber,10,2,11
2025-10-04,17,Et Sted Hvor Vi de Forste,APHACA,15,2,28
2025-10-04,18,Bipolar,"Benny Jamz, Gilli, KESI & Lamin Featuring B.O.C",13,2,16
2025-10-04,19,Olivia For Altid,Ankerstjerne Featuring Omar & Svea S,16,7,7
2025-10-04,20,12 To 12,sombr,17,17,3
2025-10-04,21,Blodigt,Anton Westerlin & Annika,18,1,35
2025-10-04,22,Where Is My Husband!,RAYE,-,22,1
2025-10-04,23,Det Modsatte,Mumle,-,6,36
2025-10-04,24,Den Nye Pige,Blaest,22,22,2
2025-10-04,25,Soda Pop,"Saja Boys: Andrew Choi, Neckwav, Danny Chung, Kevin Woo & samUIL Lee",21,21,3
2025-10-11,1,Sandheden,Rasmus Seebach & Artigeardit,1,1,2
2025-10-11,2,Man I Need,Olivia Dean,3,1,5
2025-10-11,3,Vi Pumper Hjertet Op,APHACA,-,3,1
2025-10-11,4,En Drom Om Et Menneske,APHACA,2,1,21
2025-10-11,5,Smelter Under Manen,APHACA,6,2,45
2025-10-11,6,Odelagt Byen,Olivver Featuring Augusta Schackinger,4,1,7
2025-10-11,7,Hader Ik Mig Selv Sammen Med Dig,Mille,-,7,1
2025-10-11,8,Golden,"HUNTR/X: EJAE, Audrey Nuna & REI AMI",5,4,11
2025-10-11,9,10 Dage,Benny Jamz Featuring Lamin,-,9,1
2025-10-11,10,Ordinary,Alex Warren,9,1,34
2025-10-11,11,Et Sted Hvor Vi de Forste,APHACA,17,2,29
2025-10-11,12,Nazario,Cizzo,8,8,2
2025-10-11,13,Stolt,Annika Featuring Lamin,10,1,21
2025-10-11,14,Es Go,Benny Jamz,-,14,1
2025-10-11,15,Hele Vejen (Feat. Mumle),Omar Featuring Mumle,12,1,34
2025-10-11,16,Hort Det For,"Anton Westerlin Featuring Pil, Annika, Mille & Medina",14,3,19
2025-10-11,17,Elsker Nar du Smiler,Tobias Rahim,7,7,2
2025-10-11,18,Kendt Mig I En Uge,Mille,13,6,27
2025-10-11,19,Where Is My Husband!,RAYE,22,19,2
2025-10-11,20,Ingen Yin Uden Yang,Rahim x Mille,11,3,8
2025-10-11,21,Caribiske Kyster,Benny Jamz,-,21,1
2025-10-11,22,Blod Og Tarer,Benny Jamz,-,22,1
2025-10-11,23,Natten Bliver Morgen,D1MA,15,8,13
2025-10-11,24,Bipolar,"Benny Jamz, Gilli, KESI & Lamin Featuring B.O.C",18,2,17
2025-10-11,25,Daisies,Justin Bieber,16,2,12
2025-10-18,1,The Fate Of Ophelia,Taylor Swift,-,1,1
2025-10-18,2,Sandheden,Rasmus Seebach & Artigeardit,1,1,3
2025-10-18,3,Opalite,Taylor Swift,-,3,1
2025-10-18,4,Elizabeth Taylor,Taylor Swift,-,4,1
2025-10-18,5,Man I Need,Olivia Dean,2,1,6
2025-10-18,6,Father Figure,Taylor Swift,-,6,1
2025-10-18,7,En Drom Om Et Menneske,APHACA,4,1,22
2025-10-18,8,Vi Pumper Hjertet Op,APHACA,3,3,2
2025-10-18,9,Golden,"HUNTR/X: EJAE, Audrey Nuna & REI AMI",8,4,12
2025-10-18,10,Eldest Daughter,Taylor Swift,-,10,1
2025-10-18,11,Cancelled!,Taylor Swift,-,11,1
2025-10-18,12,Wood,Taylor Swift,-,12,1
2025-10-18,13,The Life Of A Showgirl,Taylor Swift Featuring Sabrina Carpenter,-,13,1
2025-10-18,14,Hader Ik Mig Selv Sammen Med Dig,Mille,7,7,2
2025-10-18,15,Actually Romantic,Taylor Swift,-,15,1
2025-10-18,16,Ruin The Friendship,Taylor Swift,-,16,1
2025-10-18,17,Smelter Under Manen,APHACA,5,2,46
2025-10-18,18,Wi$h Li$t,Taylor Swift,-,18,1
2025-10-18,19,Vil Du Noget?,Guldimund & Saveus,-,19,1
2025-10-18,20,Odelagt Byen,Olivver Featuring Augusta Schackinger,6,1,8
2025-10-18,21,Honey,Taylor Swift,-,21,1
2025-10-18,22,Ordinary,Alex Warren,10,1,35
2025-10-18,23,Hele Vejen (Feat. Mumle),Omar Featuring Mumle,15,1,35
2025-10-18,24,10 Dage,Benny Jamz Featuring Lamin,9,9,2
2025-10-18,25,Stolt,Annika Featuring Lamin,13,1,22
2025-10-25,1,The Fate Of Ophelia,Taylor Swift,1,1,2
2025-10-25,2,Sandheden,Rasmus Seebach & Artigeardit,2,1,4
2025-10-25,3,Man I Need,Olivia Dean,5,1,7
2025-10-25,4,Vil Du Noget?,Guldimund & Saveus,19,4,2
2025-10-25,5,En Drom Om Et Menneske,APHACA,7,1,23
2025-10-25,6,Golden,"HUNTR/X: EJAE, Audrey Nuna & REI AMI",9,4,13
2025-10-25,7,Hader Ik Mig Selv Sammen Med Dig,Mille,14,7,3
2025-10-25,8,Vi Pumper Hjertet Op,APHACA,8,3,3
2025-10-25,9,Smelter Under Manen,APHACA,17,2,47
2025-10-25,10,Opalite,Taylor Swift,3,3,2
2025-10-25,11,Ordinary,Alex Warren,22,1,36
2025-10-25,12,Odelagt Byen,Olivver Featuring Augusta Schackinger,20,1,9
2025-10-25,13,Hele Vejen (Feat. Mumle),Omar Featuring Mumle,23,1,36
2025-10-25,14,So Easy (To Fall In Love),Olivia Dean,-,14,1
2025-10-25,15,Stolt,Annika Featuring Lamin,25,1,23
2025-10-25,16,Elizabeth Taylor,Taylor Swift,4,4,2
2025-10-25,17,Where Is My Husband!,RAYE,-,17,3
2025-10-25,18,Et Sted Hvor Vi de Forste,APHACA,-,2,30
2025-10-25,19,Father Figure,Taylor Swift,6,6,2
2025-10-25,20,Kendt Mig I En Uge,Mille,-,6,28
2025-10-25,21,Nazario,Cizzo,-,8,3
2025-10-25,22,Olivia For Altid,Ankerstjerne Featuring Omar & Svea S,-,7,8
2025-10-25,23,Natten Bliver Morgen,D1MA,-,8,14
2025-10-25,24,Hort Det For,"Anton Westerlin Featuring Pil, Annika, Mille & Medina",-,3,20
2025-10-25,25,Daisies,Justin Bieber,-,2,13
2025-11-01,1,Vil Du Noget?,Guldimund & Saveus,4,1,3
2025-11-01,2,The Fate Of Ophelia,Taylor Swift,1,1,3
2025-11-01,3,Man I Need,Olivia Dean,3,1,8
2025-11-01,4,Sandheden,Rasmus Seebach & Artigeardit,2,1,5
2025-11-01,5,En Drom Om Et Menneske,APHACA,5,1,24
2025-11-01,6,Hader Ik Mig Selv Sammen Med Dig,Mille,7,6,4
2025-11-01,7,Golden,"HUNTR/X: EJAE, Audrey Nuna & REI AMI",6,4,14
2025-11-01,8,Chat Freestyle,Sondergaard,-,8,1
2025-11-01,9,Vi Pumper Hjertet Op,APHACA,8,3,4
2025-11-01,10,Smelter Under Manen,APHACA,9,2,48
2025-11-01,11,Odelagt Byen,Olivver Featuring Augusta Schackinger,12,1,10
2025-11-01,12,So Easy (To Fall In Love),Olivia Dean,14,12,2
2025-11-01,13,Ordinary,Alex Warren,11,1,37
2025-11-01,14,Hele Vejen (Feat. Mumle),Omar Featuring Mumle,13,1,37
2025-11-01,15,Where Is My Husband!,RAYE,17,15,4
2025-11-01,16,Stolt,Annika Featuring Lamin,15,1,24
2025-11-01,17,Kendt Mig I En Uge,Mille,20,6,29
2025-11-01,18,Et Sted Hvor Vi de Forste,APHACA,18,2,31
2025-11-01,19,Opalite,Taylor Swift,10,3,3
2025-11-01,20,Natten Bliver Morgen,D1MA,23,8,15
2025-11-01,21,Olivia For Altid,Ankerstjerne Featuring Omar & Svea S,22,7,9
2025-11-01,22,Hort Det For,"Anton Westerlin Featuring Pil, Annika, Mille & Medina",24,3,21
2025-11-01,23,Ingen Yin Uden Yang,Rahim x Mille,-,3,9
2025-11-01,24,Kensington,Cizzo,-,24,1
2025-11-01,25,Det Modsatte,Mumle,-,6,37
2025-11-08,1,Vil Du Noget?,Guldimund & Saveus,1,1,4
2025-11-08,2,Man I Need,Olivia Dean,3,1,9
2025-11-08,3,En Drom Om Et Menneske,APHACA,5,1,25
2025-11-08,4,The Fate Of Ophelia,Taylor Swift,2,1,4
2025-11-08,5,Sandheden,Rasmus Seebach & Artigeardit,4,1,6
2025-11-08,6,XL-BYG,Lamin,-,6,1
2025-11-08,7,Golden,"HUNTR/X: EJAE, Audrey Nuna & REI AMI",7,4,15
2025-11-08,8,10.000 Kilometer,Gobs,-,8,1
2025-11-08,9,Chat Freestyle,Sondergaard,8,8,2
2025-11-08,10,Hader Ik Mig Selv Sammen Med Dig,Mille,6,6,5
2025-11-08,11,Smelter Under Manen,APHACA,10,2,49
2025-11-08,12,Kendt Mig I En Uge,Mille,17,6,30
2025-11-08,13,Ordinary,Alex Warren,13,1,38
2025-11-08,14,Where Is My Husband!,RAYE,15,14,5
2025-11-08,15,Vi Pumper Hjertet Op,APHACA,9,3,5
2025-11-08,16,Odelagt Byen,Olivver Featuring Augusta Schackinger,11,1,11
2025-11-08,17,So Easy (To Fall In Love),Olivia Dean,12,12,3
2025-11-08,18,Hele Vejen (Feat. Mumle),Omar Featuring Mumle,14,1,38
2025-11-08,19,Stolt,Annika Featuring Lamin,16,1,25
2025-11-08,20,Natten Bliver Morgen,D1MA,20,8,16
2025-11-08,21,Et Sted Hvor Vi de Forste,APHACA,18,2,32
2025-11-08,22,Raindance,Dave & Tems,-,22,1
2025-11-08,23,Hort Det For,"Anton Westerlin Featuring Pil, Annika, Mille & Medina",22,3,22
2025-11-08,24,Olivia For Altid,Ankerstjerne Featuring Omar & Svea S,21,7,10
2025-11-08,25,Ingen Yin Uden Yang,Rahim x Mille,23,3,10
2025-11-15,1,Vil Du Noget?,Guldimund & Saveus,1,1,5
2025-11-15,2,Man I Need,Olivia Dean,2,1,10
2025-11-15,3,XL-BYG,Lamin,6,3,2
2025-11-15,4,The Fate Of Ophelia,Taylor Swift,4,1,5
2025-11-15,5,En Drom Om Et Menneske,APHACA,3,1,26
2025-11-15,6,Sandheden,Rasmus Seebach & Artigeardit,5,1,7
2025-11-15,7,Golden,"HUNTR/X: EJAE, Audrey Nuna & REI AMI",7,4,16
2025-11-15,8,Smelter Under Manen,APHACA,11,2,50
2025-11-15,9,Hader Ik Mig Selv Sammen Med Dig,Mille,10,6,6
2025-11-15,10,Kendt Mig I En Uge,Mille,12,6,31
2025-11-15,11,Ordinary,Alex Warren,13,1,39
2025-11-15,12,Where Is My Husband!,RAYE,14,12,6
2025-11-15,13,Odelagt Byen,Olivver Featuring Augusta Schackinger,16,1,12
2025-11-15,14,So Easy (To Fall In Love),Olivia Dean,17,12,4
2025-11-15,15,Hele Vejen (Feat. Mumle),Omar Featuring Mumle,18,1,39
2025-11-15,16,Stolt,Annika Featuring Lamin,19,1,26
2025-11-15,17,Kogeplade,Katinka,-,17,1
2025-11-15,18,Natten Bliver Morgen,D1MA,20,8,17
2025-11-15,19,Nazario,Cizzo,-,8,4
2025-11-15,20,Raindance,Dave & Tems,22,20,2
2025-11-15,21,10.000 Kilometer,Gobs,8,8,2
2025-11-15,22,Vi Pumper Hjertet Op,APHACA,15,3,6
2025-11-15,23,Hort Det For,"Anton Westerlin Featuring Pil, Annika, Mille & Medina",23,3,23
2025-11-15,24,Et Sted Hvor Vi de Forste,APHACA,21,2,33
2025-11-15,25,Bipolar,"Benny Jamz, Gilli, KESI & Lamin Featuring B.O.C",-,2,18
2025-11-22,1,Vil Du Noget?,Guldimund & Saveus,1,1,6
2025-11-22,2,Man I Need,Olivia Dean,2,1,11
2025-11-22,3,The Fate Of Ophelia,Taylor Swift,4,1,6
2025-11-22,4,En Drom Om Et Menneske,APHACA,5,1,27
2025-11-22,5,Sandheden,Rasmus Seebach & Artigeardit,6,1,8
2025-11-22,6,fake det.,JONATHAN,-,6,1
2025-11-22,7,Golden,"HUNTR/X: EJAE, Audrey Nuna & REI AMI",7,4,17
2025-11-22,8,Hader Ik Mig Selv Sammen Med Dig,Mille,9,6,7
2025-11-22,9,XL-BYG,Lamin,3,3,3
2025-11-22,10,Where Is My Husband!,RAYE,12,10,7
2025-11-22,11,Ordinary,Alex Warren,11,1,40
2025-11-22,12,Smelter Under Manen,APHACA,8,2,51
2025-11-22,13,Stolt,Annika Featuring Lamin,16,1,27
2025-11-22,14,So Easy (To Fall In Love),Olivia Dean,14,12,5
2025-11-22,15,Kendt Mig I En Uge,Mille,10,6,32
2025-11-22,16,Hele Vejen (Feat. Mumle),Omar Featuring Mumle,15,1,40
2025-11-22,17,Raindance,Dave & Tems,20,17,3
2025-11-22,18,Odelagt Byen,Olivver Featuring Augusta Schackinger,13,1,13
2025-11-22,19,Last Christmas,Wham!,-,1,22
2025-11-22,20,Natten Bliver Morgen,D1MA,18,8,18
2025-11-22,21,All I Want For Christmas Is You,Mariah Carey,-,2,22
2025-11-22,22,Hort Det For,"Anton Westerlin Featuring Pil, Annika, Mille & Medina",23,3,24
2025-11-22,23,Vi Pumper Hjertet Op,APHACA,22,3,7
2025-11-22,24,Kogeplade,Katinka,17,17,2
2025-11-22,25,Tinka (Feat. Liive),Burhan G & Frida Brygmann Featuring Liive,-,1,22
2025-11-29,1,Vil Du Noget?,Guldimund & Saveus,1,1,7
2025-11-29,2,Man I Need,Olivia Dean,2,1,12
2025-11-29,3,The Fate Of Ophelia,Taylor Swift,3,1,7
2025-11-29,4,Last Christmas,Wham!,19,1,23
2025-11-29,5,En Drom Om Et Menneske,APHACA,4,1,28
2025-11-29,6,Sandheden,Rasmus Seebach & Artigeardit,5,1,9
2025-11-29,7,fake det.,JONATHAN,6,6,2
2025-11-29,8,Tinka (Feat. Liive),Burhan G & Frida Brygmann Featuring Liive,25,1,23
2025-11-29,9,All I Want For Christmas Is You,Mariah Carey,21,2,23
2025-11-29,10,I En Stjerneregn Af Sne,Mads Langer,-,5,19
2025-11-29,11,Where Is My Husband!,RAYE,10,10,8
2025-11-29,12,Golden,"HUNTR/X: EJAE, Audrey Nuna & REI AMI",7,4,18
2025-11-29,13,Hader Ik Mig Selv Sammen Med Dig,Mille,8,6,8
2025-11-29,14,Julehjertets Hemmelighed,Malte Ebert,-,1,17
2025-11-29,15,Der' Noget I December,Rasmus Seebach,-,5,19
2025-11-29,16,Stolt,Annika Featuring Lamin,13,1,28
2025-11-29,17,So Easy (To Fall In Love),Olivia Dean,14,12,6
2025-11-29,18,Lille Store Verden,Rasmus Seebach,-,8,19
2025-11-29,19,Smelter Under Manen,APHACA,12,2,52
2025-11-29,20,Ordinary,Alex Warren,11,1,41
2025-11-29,21,Kendt Mig I En Uge,Mille,15,6,33
2025-11-29,22,Kongespil (Tinka Og Kongespillet),Hjalmer,-,6,18
2025-11-29,23,Hele Vejen (Feat. Mumle),Omar Featuring Mumle,16,1,41
2025-11-29,24,Mistletoe,Justin Bieber,-,5,19
2025-11-29,25,Odelagt Byen,Olivver Featuring Augusta Schackinger,18,1,14
2025-12-06,1,Last Christmas,Wham!,4,1,24
2025-12-06,2,Tinka (Feat. Liive),Burhan G & Frida Brygmann Featuring Liive,8,1,24
2025-12-06,3,All I Want For Christmas Is You,Mariah Carey,9,2,24
2025-12-06,4,Julehjertets Hemmelighed,Malte Ebert,14,1,18
2025-12-06,5,I En Stjerneregn Af Sne,Mads Langer,10,5,20
2025-12-06,6,Der' Noget I December,Rasmus Seebach,15,5,20
2025-12-06,7,Vil Du Noget?,Guldimund & Saveus,1,1,8
2025-12-06,8,Man I Need,Olivia Dean,2,1,13
2025-12-06,9,Kongespil (Tinka Og Kongespillet),Hjalmer,22,6,19
2025-12-06,10,Lille Store Verden,Rasmus Seebach,18,8,20
2025-12-06,11,Mistletoe,Justin Bieber,24,5,20
2025-12-06,12,The Fate Of Ophelia,Taylor Swift,3,1,8
2025-12-06,13,Let Love Be Love,Juice/SOAP/ Christina Featuring Remee,-,13,15
2025-12-06,14,Merry Christmas Everyone,Shakin' Stevens,-,7,19
2025-12-06,15,En Drom Om Et Menneske,APHACA,5,1,29
2025-12-06,16,Guld Jul,Gulddreng,-,16,15
2025-12-06,17,Sandheden,Rasmus Seebach & Artigeardit,6,1,10
2025-12-06,18,Jingle Bell Rock,Bobby Helms,-,5,18
2025-12-06,19,Jesus & Josefine,Julie Berthelsen & Martin Brygmann,-,16,16
2025-12-06,20,It's Beginning To Look A Lot Like Christmas,Michael Buble,-,7,18
2025-12-06,21,My Only Wish (This Year),Britney Spears,-,17,16
2025-12-06,22,Koldt Udenfor,Page Four,-,22,3
2025-12-06,23,Valdes Jul,Christopher,-,6,6
2025-12-06,24,Rockin' Around The Christmas Tree,Brenda Lee,-,10,9
2025-12-06,25,Santa Tell Me,Ariana Grande,-,4,12
2025-12-13,1,Last Christmas,Wham!,1,1,25
2025-12-13,2,Tinka (Feat. Liive),Burhan G & Frida Brygmann Featuring Liive,2,1,25
2025-12-13,3,All I Want For Christmas Is You,Mariah Carey,3,2,25
2025-12-13,4,Julehjertets Hemmelighed,Malte Ebert,4,1,19
2025-12-13,5,I En Stjerneregn Af Sne,Mads Langer,5,5,21
2025-12-13,6,Der' Noget I December,Rasmus Seebach,6,5,21
2025-12-13,7,Kongespil (Tinka Og Kongespillet),Hjalmer,9,6,20
2025-12-13,8,Lille Store Verden,Rasmus Seebach,10,8,21
2025-12-13,9,Mistletoe,Justin Bieber,11,5,21
2025-12-13,10,Let Love Be Love,Juice/SOAP/ Christina Featuring Remee,13,10,16
2025-12-13,11,Merry Christmas Everyone,Shakin' Stevens,14,7,20
2025-12-13,12,Guld Jul,Gulddreng,16,12,16
2025-12-13,13,Jingle Bell Rock,Bobby Helms,18,5,19
2025-12-13,14,It's Beginning To Look A Lot Like Christmas,Michael Buble,20,7,19
2025-12-13,15,Rockin' Around The Christmas Tree,Brenda Lee,24,10,10
2025-12-13,16,Driving Home For Christmas,Chris Rea,-,5,17
2025-12-13,17,Jesus & Josefine,Julie Berthelsen & Martin Brygmann,19,16,17
2025-12-13,18,My Only Wish (This Year),Britney Spears,21,17,17
2025-12-13,19,Tidsrejsen,Caroline Castell,-,11,8
2025-12-13,20,Snowman,Sia,-,12,11
2025-12-13,21,Valdes Jul,Christopher,23,6,7
2025-12-13,22,Jul Pa Vesterbro,Anders Matthesen,-,22,7
2025-12-13,23,Santa Tell Me,Ariana Grande,25,4,13
2025-12-13,24,Koldt Udenfor,Page Four,22,22,4
2025-12-13,25,Let It Snow! Let It Snow! Let It Snow!,Dean Martin,-,12,16
2025-12-20,1,Last Christmas,Wham!,1,1,26
2025-12-20,2,Tinka (Feat. Liive),Burhan G & Frida Brygmann Featuring Liive,2,1,26
2025-12-20,3,All I Want For Christmas Is You,Mariah Carey,3,2,26
2025-12-20,4,Julehjertets Hemmelighed,Malte Ebert,4,1,20
2025-12-20,5,I En Stjerneregn Af Sne,Mads Langer,5,5,22
2025-12-20,6,Der' Noget I December,Rasmus Seebach,6,5,22
2025-12-20,7,Kongespil (Tinka Og Kongespillet),Hjalmer,7,6,21
2025-12-20,8,Mistletoe,Justin Bieber,9,5,22
2025-12-20,9,Let Love Be Love,Juice/SOAP/ Christina Featuring Remee,10,9,17
2025-12-20,10,Lille Store Verden,Rasmus Seebach,8,8,22
2025-12-20,11,Merry Christmas Everyone,Shakin' Stevens,11,7,21
2025-12-20,12,Jingle Bell Rock,Bobby Helms,13,5,20
2025-12-20,13,Driving Home For Christmas,Chris Rea,16,5,18
2025-12-20,14,Guld Jul,Gulddreng,12,12,17
2025-12-20,15,It's Beginning To Look A Lot Like Christmas,Michael Buble,14,7,20
2025-12-20,16,Jesus & Josefine,Julie Berthelsen & Martin Brygmann,17,16,18
2025-12-20,17,Rockin' Around The Christmas Tree,Brenda Lee,15,10,11
2025-12-20,18,My Only Wish (This Year),Britney Spears,18,17,18
2025-12-20,19,Snowman,Sia,20,12,12
2025-12-20,20,Valdes Jul,Christopher,21,6,8
2025-12-20,21,Tidsrejsen,Caroline Castell,19,11,9
2025-12-20,22,Do They Know It's Christmas?,Band Aid,-,12,12
2025-12-20,23,Let It Snow! Let It Snow! Let It Snow!,Dean Martin,25,12,17
2025-12-20,24,Jul Pa Vesterbro,Anders Matthesen,22,22,8
2025-12-20,25,It's The Most Wonderful Time Of The Year,Andy Williams,-,11,12
2025-12-27,1,Last Christmas,Wham!,1,1,27
2025-12-27,2,Tinka (Feat. Liive),Burhan G & Frida Brygmann Featuring Liive,2,1,27
2025-12-27,3,All I Want For Christmas Is You,Mariah Carey,3,2,27
2025-12-27,4,Julehjertets Hemmelighed,Malte Ebert,4,1,21
2025-12-27,5,I En Stjerneregn Af Sne,Mads Langer,5,5,23
2025-12-27,6,Der' Noget I December,Rasmus Seebach,6,5,23
2025-12-27,7,Mistletoe,Justin Bieber,8,5,23
2025-12-27,8,Kongespil (Tinka Og Kongespillet),Hjalmer,7,6,22
2025-12-27,9,Lille Store Verden,Rasmus Seebach,10,8,23
2025-12-27,10,Let Love Be Love,Juice/SOAP/ Christina Featuring Remee,9,9,18
2025-12-27,11,Merry Christmas Everyone,Shakin' Stevens,11,7,22
2025-12-27,12,Jingle Bell Rock,Bobby Helms,12,5,21
2025-12-27,13,Driving Home For Christmas,Chris Rea,13,5,19
2025-12-27,14,It's Beginning To Look A Lot Like Christmas,Michael Buble,15,7,21
2025-12-27,15,Guld Jul,Gulddreng,14,12,18
2025-12-27,16,Rockin' Around The Christmas Tree,Brenda Lee,17,10,12
2025-12-27,17,Snowman,Sia,19,12,13
2025-12-27,18,My Only Wish (This Year),Britney Spears,18,17,19
2025-12-27,19,Jesus & Josefine,Julie Berthelsen & Martin Brygmann,16,16,19
2025-12-27,20,Do They Know It's Christmas?,Band Aid,22,12,13
2025-12-27,21,Valdes Jul,Christopher,20,6,9
2025-12-27,22,It's The Most Wonderful Time Of The Year,Andy Williams,25,11,13
2025-12-27,23,Tidsrejsen,Caroline Castell,21,11,10
2025-12-27,24,Jul Pa Vesterbro,Anders Matthesen,24,22,9
2025-12-27,25,Vil Du Noget?,Guldimund & Saveus,-,1,9
2026-01-03,1,Last Christmas,Wham!,1,1,28
2026-01-03,2,All I Want For Christmas Is You,Mariah Carey,3,2,28
2026-01-03,3,Tinka (Feat. Liive),Burhan G & Frida Brygmann Featuring Liive,2,1,28
2026-01-03,4,Julehjertets Hemmelighed,Malte Ebert,4,1,22
2026-01-03,5,I En Stjerneregn Af Sne,Mads Langer,5,5,24
2026-01-03,6,Driving Home For Christmas,Chris Rea,13,5,20
2026-01-03,7,Merry Christmas Everyone,Shakin' Stevens,11,7,23
2026-01-03,8,Der' Noget I December,Rasmus Seebach,6,5,24
2026-01-03,9,Mistletoe,Justin Bieber,7,5,24
2026-01-03,10,Jingle Bell Rock,Bobby Helms,12,5,22
2026-01-03,11,Kongespil (Tinka Og Kongespillet),Hjalmer,8,6,23
2026-01-03,12,It's Beginning To Look A Lot Like Christmas,Michael Buble,14,7,22
2026-01-03,13,Rockin' Around The Christmas Tree,Brenda Lee,16,10,13
2026-01-03,14,Lille Store Verden,Rasmus Seebach,9,8,24
2026-01-03,15,Let Love Be Love,Juice/SOAP/ Christina Featuring Remee,10,9,19
2026-01-03,16,Do They Know It's Christmas?,Band Aid,20,12,14
2026-01-03,17,Let It Snow! Let It Snow! Let It Snow!,Dean Martin,-,12,18
2026-01-03,18,It's The Most Wonderful Time Of The Year,Andy Williams,22,11,14
2026-01-03,19,Guld Jul,Gulddreng,15,12,19
2026-01-03,20,Snowman,Sia,17,12,14
2026-01-03,21,Jesus & Josefine,Julie Berthelsen & Martin Brygmann,19,16,20
2026-01-03,22,My Only Wish (This Year),Britney Spears,18,17,20
2026-01-03,23,The Christmas Song (Merry Christmas To You),"Nat ""King"" Cole",-,19,3
2026-01-03,24,Jul Pa Vesterbro,Anders Matthesen,24,22,10
2026-01-03,25,Den Himmelbla,Shu-bi-dua,-,25,2
2026-01-10,1,En Drom Om Et Menneske,APHACA,-,1,30
2026-01-10,2,Man I Need,Olivia Dean,-,1,14
2026-01-10,3,Vil Du Noget?,Guldimund & Saveus,-,1,10
2026-01-10,4,The Fate Of Ophelia,Taylor Swift,-,1,9
2026-01-10,5,Hele Vejen (Feat. Mumle),Omar Featuring Mumle,-,1,42
2026-01-10,6,Smelter Under Manen,APHACA,-,2,53
2026-01-10,7,Stolt,Annika Featuring Lamin,-,1,29
2026-01-10,8,Where Is My Husband!,RAYE,-,8,9
2026-01-10,9,Turn The Lights Off,KATO Featuring Jon,-,9,1
2026-01-10,10,Lush Life,Zara Larsson,-,10,1
2026-01-10,11,Golden,"HUNTR/X: EJAE, Audrey Nuna & REI AMI",-,4,19
2026-01-10,12,Du Ligner Din Mor,Benjamin Hav Featuring Lukas Graham,-,1,36
2026-01-10,13,Kogeplade,Katinka,-,13,3
2026-01-10,14,Raindance,Dave & Tems,-,14,4
2026-01-10,15,Det Modsatte,Mumle,-,6,38
2026-01-10,16,Ordinary,Alex Warren,-,1,42
2026-01-10,17,If U Kno U Kno,KEDDE Featuring Karoline Mousing,-,17,1
2026-01-10,18,So Easy (To Fall In Love),Olivia Dean,-,12,7
2026-01-10,19,Hort Det For,"Anton Westerlin Featuring Pil, Annika, Mille & Medina",-,3,25
2026-01-10,20,Odelagt Byen,Olivver Featuring Augusta Schackinger,-,1,15
2026-01-10,21,Kendt Mig I En Uge,Mille,-,6,34
2026-01-10,22,Horsens,Albert Heath Featuring Sofie1998,-,20,5
2026-01-10,23,Natten Bliver Morgen,D1MA,-,8,19
2026-01-10,24,Sandheden,Rasmus Seebach & Artigeardit,-,1,11
2026-01-10,25,Ingen Yin Uden Yang,Rahim x Mille,-,3,11
2026-01-17,1,Ai Freestyle,Anton Westerlin & ozzy,-,1,1
2026-01-17,2,En Drom Om Et Menneske,APHACA,1,1,31
2026-01-17,3,Man I Need,Olivia Dean,2,1,15
2026-01-17,4,Vil Du Noget?,Guldimund & Saveus,3,1,11
2026-01-17,5,The Fate Of Ophelia,Taylor Swift,4,1,10
2026-01-17,6,Smelter Under Manen,APHACA,6,2,54
2026-01-17,7,Raindance,Dave & Tems,14,7,5
2026-01-17,8,End Of Beginning,Djo,-,8,8
2026-01-17,9,Kogeplade,Katinka,13,9,4
2026-01-17,10,Stolt,Annika Featuring Lamin,7,1,30
2026-01-17,11,If U Kno U Kno,KEDDE Featuring Karoline Mousing,17,11,2
2026-01-17,12,Where Is My Husband!,RAYE,8,8,10
2026-01-17,13,Hele Vejen (Feat. Mumle),Omar Featuring Mumle,5,1,43
2026-01-17,14,Ordinary,Alex Warren,16,1,43
2026-01-17,15,So Easy (To Fall In Love),Olivia Dean,18,12,8
2026-01-17,16,Hader Ik Mig Selv Sammen Med Dig,Mille,-,6,9
2026-01-17,17,Hort Det For,"Anton Westerlin Featuring Pil, Annika, Mille & Medina",19,3,26
2026-01-17,18,Golden,"HUNTR/X: EJAE, Audrey Nuna & REI AMI",11,4,20
2026-01-17,19,Det Modsatte,Mumle,15,6,39
2026-01-17,20,Lush Life,Zara Larsson,10,10,2
2026-01-17,21,Reposado,Benny Jamz & Gilli,-,2,39
2026-01-17,22,Skyklapper,Rosa,-,22,1
2026-01-17,23,Natten Bliver Morgen,D1MA,23,8,20
2026-01-17,24,Sandheden,Rasmus Seebach & Artigeardit,24,1,12
2026-01-17,25,Odelagt Byen,Olivver Featuring Augusta Schackinger,20,1,16
2026-01-24,1,Vil Du Noget?,Guldimund & Saveus,4,1,12
2026-01-24,2,Man I Need,Olivia Dean,3,1,16
2026-01-24,3,Drommefanger,Mille Featuring URO,-,3,1
2026-01-24,4,Ai Freestyle,Anton Westerlin & ozzy,1,1,2
2026-01-24,5,En Drom Om Et Menneske,APHACA,2,1,32
2026-01-24,6,If U Kno U Kno,KEDDE Featuring Karoline Mousing,11,6,3
2026-01-24,7,Raindance,Dave & Tems,7,7,6
2026-01-24,8,The Fate Of Ophelia,Taylor Swift,5,1,11
2026-01-24,9,End Of Beginning,Djo,8,8,9
2026-01-24,10,I Just Might,Bruno Mars,-,10,1
2026-01-24,11,Kogeplade,Katinka,9,9,5
2026-01-24,12,Where Is My Husband!,RAYE,12,8,11
2026-01-24,13,Stolt,Annika Featuring Lamin,10,1,31
2026-01-24,14,Hader Ik Mig Selv Sammen Med Dig,Mille,16,6,10
2026-01-24,15,So Easy (To Fall In Love),Olivia Dean,15,12,9
2026-01-24,16,Hele Vejen (Feat. Mumle),Omar Featuring Mumle,13,1,44
2026-01-24,17,Lush Life,Zara Larsson,20,10,3
2026-01-24,18,Smelter Under Manen,APHACA,6,2,55
2026-01-24,19,Ordinary,Alex Warren,14,1,44
2026-01-24,20,Golden,"HUNTR/X: EJAE, Audrey Nuna & REI AMI",18,4,21
2026-01-24,21,Hort Det For,"Anton Westerlin Featuring Pil, Annika, Mille & Medina",17,3,27
2026-01-24,22,Natten Bliver Morgen,D1MA,23,8,21
2026-01-24,23,Sandheden,Rasmus Seebach & Artigeardit,24,1,13
2026-01-24,24,Skyklapper,Rosa,22,22,2
2026-01-24,25,Jeg Tror Jeg Elsker Dig For Evight,andreas odbjerg,-,25,1
2026-01-31,1,Vil Du Noget?,Guldimund & Saveus,1,1,13
2026-01-31,2,If U Kno U Kno,KEDDE Featuring Karoline Mousing,6,2,4
2026-01-31,3,Drommefanger,Mille Featuring URO,3,3,2
2026-01-31,4,Raindance,Dave & Tems,7,4,7
2026-01-31,5,Man I Need,Olivia Dean,2,1,17
2026-01-31,6,En Drom Om Et Menneske,APHACA,5,1,33
2026-01-31,7,I Just Might,Bruno Mars,10,7,2
2026-01-31,8,The Fate Of Ophelia,Taylor Swift,8,1,12
2026-01-31,9,Kogeplade,Katinka,11,9,6
2026-01-31,10,Where Is My Husband!,RAYE,12,8,12
2026-01-31,11,Ai Freestyle,Anton Westerlin & ozzy,4,1,3
2026-01-31,12,Nyhavn,Thor Farlov Featuring Ella Augusta,-,12,1
2026-01-31,13,Lush Life,Zara Larsson,17,10,4
2026-01-31,14,Stolt,Annika Featuring Lamin,13,1,32
2026-01-31,15,Hele Vejen (Feat. Mumle),Omar Featuring Mumle,16,1,45
2026-01-31,16,Hader Ik Mig Selv Sammen Med Dig,Mille,14,6,11
2026-01-31,17,End Of Beginning,Djo,9,8,10
2026-01-31,18,Smelter Under Manen,APHACA,18,2,56
2026-01-31,19,So Easy (To Fall In Love),Olivia Dean,15,12,10
2026-01-31,20,Hort Det For,"Anton Westerlin Featuring Pil, Annika, Mille & Medina",21,3,28
2026-01-31,21,Die On This Hill,Sienna Spiro,-,21,1
2026-01-31,22,Golden,"HUNTR/X: EJAE, Audrey Nuna & REI AMI",20,4,22
2026-01-31,23,Ordinary,Alex Warren,19,1,45
2026-01-31,24,Sandheden,Rasmus Seebach & Artigeardit,23,1,14
2026-01-31,25,Natten Bliver Morgen,D1MA,22,8,22
2026-02-07,1,Drommefanger,Mille Featuring URO,3,1,3
2026-02-07,2,Vil Du Noget?,Guldimund & Saveus,1,1,14
2026-02-07,3,Man I Need,Olivia Dean,5,1,18
2026-02-07,4,Aperture,Harry Styles,-,4,1
2026-02-07,5,If U Kno U Kno,KEDDE Featuring Karoline Mousing,2,2,5
2026-02-07,6,En Drom Om Et Menneske,APHACA,6,1,34
2026-02-07,7,Raindance,Dave & Tems,4,4,8
2026-02-07,8,Ingen Andre,Mille Featuring Annika,-,8,1
2026-02-07,9,Tusind Tanker,Mille,-,9,1
2026-02-07,10,Hader Ik Mig Selv Sammen Med Dig,Mille,16,6,12
2026-02-07,11,I Just Might,Bruno Mars,7,7,3
2026-02-07,12,Kogeplade,Katinka,9,9,7
2026-02-07,13,The Fate Of Ophelia,Taylor Swift,8,1,13
2026-02-07,14,Where Is My Husband!,RAYE,10,8,13
2026-02-07,15,Stolt,Annika Featuring Lamin,14,1,33
2026-02-07,16,Lush Life,Zara Larsson,13,10,5
2026-02-07,17,Alt Vind Og Vejr,Mille Featuring ozzy,-,17,1
2026-02-07,18,So Easy (To Fall In Love),Olivia Dean,19,12,11
2026-02-07,19,Smelter Under Manen,APHACA,18,2,57
2026-02-07,20,End Of Beginning,Djo,17,8,11
2026-02-07,21,Golden,"HUNTR/X: EJAE, Audrey Nuna & REI AMI",22,4,23
2026-02-07,22,Lyse Naetter,Svea S,-,22,1
2026-02-07,23,Die On This Hill,Sienna Spiro,21,21,2
2026-02-07,24,Hele Vejen (Feat. Mumle),Omar Featuring Mumle,15,1,46
2026-02-07,25,Hort Det For,"Anton Westerlin Featuring Pil, Annika, Mille & Medina",20,3,29
2026-02-14,1,Vil Du Noget?,Guldimund & Saveus,2,1,15
2026-02-14,2,Man I Need,Olivia Dean,3,1,19
2026-02-14,3,Begge To,Gobs,-,3,1
2026-02-14,4,Drommefanger,Mille Featuring URO,1,1,4
2026-02-14,5,En Drom Om Et Menneske,APHACA,6,1,35
2026-02-14,6,Raindance,Dave & Tems,7,4,9
2026-02-14,7,Ingen Andre,Mille Featuring Annika,8,7,2
2026-02-14,8,If U Kno U Kno,KEDDE Featuring Karoline Mousing,5,2,6
2026-02-14,9,Where Is My Husband!,RAYE,14,8,14
2026-02-14,10,Kogeplade,Katinka,12,9,8
2026-02-14,11,The Fate Of Ophelia,Taylor Swift,13,1,14
2026-02-14,12,So Easy (To Fall In Love),Olivia Dean,18,12,12
2026-02-14,13,I Just Might,Bruno Mars,11,7,4
2026-02-14,14,Stolt,Annika Featuring Lamin,15,1,34
2026-02-14,15,Lush Life,Zara Larsson,16,10,6
2026-02-14,16,Hader Ik Mig Selv Sammen Med Dig,Mille,10,6,13
2026-02-14,17,Smelter Under Manen,APHACA,19,2,58
2026-02-14,18,Aperture,Harry Styles,4,4,2
2026-02-14,19,Hele Vejen (Feat. Mumle),Omar Featuring Mumle,24,1,47
2026-02-14,20,Ordinary,Alex Warren,-,1,46
2026-02-14,21,Tusind Tanker,Mille,9,9,2
2026-02-14,22,Die On This Hill,Sienna Spiro,23,21,3
2026-02-14,23,Natten Bliver Morgen,D1MA,-,8,23
2026-02-14,24,Hort Det For,"Anton Westerlin Featuring Pil, Annika, Mille & Medina",25,3,30
2026-02-14,25,End Of Beginning,Djo,20,8,12
2026-02-21,1,Minder Hos Andre Freestyle,Anton Westerlin & Mille,-,1,1
2026-02-21,2,DTMF,Bad Bunny,-,2,1
2026-02-21,3,Vil Du Noget?,Guldimund & Saveus,1,1,16
2026-02-21,4,Man I Need,Olivia Dean,2,1,20
2026-02-21,5,En Drom Om Et Menneske,APHACA,5,1,36
2026-02-21,6,Ingen Andre,Mille Featuring Annika,7,6,3
2026-02-21,7,Raindance,Dave & Tems,6,4,10
2026-02-21,8,Nuevayol,Bad Bunny,-,8,1
2026-02-21,9,Begge To,Gobs,3,3,2
2026-02-21,10,Kogeplade,Katinka,10,9,9
2026-02-21,11,Drommefanger,Mille Featuring URO,4,1,5
2026-02-21,12,Stolt,Annika Featuring Lamin,14,1,35
2026-02-21,13,If U Kno U Kno,KEDDE Featuring Karoline Mousing,8,2,7
2026-02-21,14,Ordinary,Alex Warren,20,1,47
2026-02-21,15,So Easy (To Fall In Love),Olivia Dean,12,12,13
2026-02-21,16,Where Is My Husband!,RAYE,9,8,15
2026-02-21,17,The Fate Of Ophelia,Taylor Swift,11,1,15
2026-02-21,18,Lush Life,Zara Larsson,15,10,7
2026-02-21,19,Baile Inolvidable,Bad Bunny,-,19,1
2026-02-21,20,Smelter Under Manen,APHACA,17,2,59
2026-02-21,21,Hader Ik Mig Selv Sammen Med Dig,Mille,16,6,14
2026-02-21,22,Tusind Tanker,Mille,21,9,3
2026-02-21,23,I Just Might,Bruno Mars,13,7,5
2026-02-21,24,Kendt Mig I En Uge,Mille,-,6,35
2026-02-21,25,Copenhagen City,Emil Kruse Featuring OK OK & Anthon Edwards,-,25,1
2026-02-28,1,Minder Hos Andre Freestyle,Anton Westerlin & Mille,1,1,2
2026-02-28,2,Man I Need,Olivia Dean,4,1,21
2026-02-28,3,Vil Du Noget?,Guldimund & Saveus,3,1,17
2026-02-28,4,Raindance,Dave & Tems,7,4,11
2026-02-28,5,DTMF,Bad Bunny,2,2,2
2026-02-28,6,En Drom Om Et Menneske,APHACA,5,1,37
2026-02-28,7,For Vi Gar Hjem,Soren Torpegaard Lund,-,7,1
2026-02-28,8,Piger,Artigeardit Featuring ICEKIID,-,8,1
2026-02-28,9,Ingen Andre,Mille Featuring Annika,6,6,4
2026-02-28,10,Titi Me Pregunto,Bad Bunny,-,10,1
2026-02-28,11,Kogeplade,Katinka,10,9,10
2026-02-28,12,Nuevayol,Bad Bunny,8,8,2
2026-02-28,13,Rende Og Hoppe,Artigeardit Featuring Noah Carter,-,13,1
2026-02-28,14,So Easy (To Fall In Love),Olivia Dean,15,12,14
2026-02-28,15,If U Kno U Kno,KEDDE Featuring Karoline Mousing,13,2,8
2026-02-28,16,Drommefanger,Mille Featuring URO,11,1,6
2026-02-28,17,Ordinary,Alex Warren,14,1,48
2026-02-28,18,Regning,Artigeardit,-,18,1
2026-02-28,19,Stolt,Annika Featuring Lamin,12,1,36
2026-02-28,20,Where Is My Husband!,RAYE,16,8,16
2026-02-28,21,Homewrecker,sombr,-,21,1
2026-02-28,22,Begge To,Gobs,9,3,3
2026-02-28,23,Barnemad,Artigeardit Featuring KESI,-,23,1
2026-02-28,24,The Fate Of Ophelia,Taylor Swift,17,1,16
2026-02-28,25,Lush Life,Zara Larsson,18,10,8
2026-03-07,1,Minder Hos Andre Freestyle,Anton Westerlin & Mille,1,1,3
2026-03-07,2,Vil Du Noget?,Guldimund & Saveus,3,1,18
2026-03-07,3,Man I Need,Olivia Dean,2,1,22
2026-03-07,4,Ligeglad Ligeglad,Anna Frida,-,4,1
2026-03-07,5,En Drom Om Et Menneske,APHACA,6,1,38
2026-03-07,6,QueenPop Dance,QueenPops,-,6,1
2026-03-07,7,Raindance,Dave & Tems,4,4,12
2026-03-07,8,Vi' Forst Lige Begyndt,MGP Allstars 2026,-,8,1
2026-03-07,9,Skyggebokser,ozzy,-,9,1
2026-03-07,10,For Vi Gar Hjem,Soren Torpegaard Lund,7,7,2
2026-03-07,11,"Kom Tilbage, Augusta",Viola,-,11,1
2026-03-07,12,Kogeplade,Katinka,11,9,11
2026-03-07,13,I Pisser Mig Af,NFS,-,13,1
2026-03-07,14,So Easy (To Fall In Love),Olivia Dean,14,12,15
2026-03-07,15,Stolt,Annika Featuring Lamin,19,1,37
2026-03-07,16,Ingen Andre,Mille Featuring Annika,9,6,5
2026-03-07,17,DTMF,Bad Bunny,5,2,3
2026-03-07,18,Vi Vil Ikk' Ha' Mobning,Nathaniel,-,18,1
2026-03-07,19,Smelter Under Manen,APHACA,-,2,60
2026-03-07,20,Drommefanger,Mille Featuring URO,16,1,7
2026-03-07,21,Homewrecker,sombr,21,21,2
2026-03-07,22,Crush Pa Dig,Forste Sekund,-,22,1
2026-03-07,23,Ordinary,Alex Warren,17,1,49
2026-03-07,24,Titi Me Pregunto,Bad Bunny,10,10,2
2026-03-07,25,I Just Might,Bruno Mars,-,7,6
2026-03-14,1,Flue I Et Spind,APHACA,-,1,1
2026-03-14,2,En Drom Om Et Menneske,APHACA,5,1,39
2026-03-14,3,Hvor Kommer Vi Fra,APHACA,-,3,1
2026-03-14,4,Minder Hos Andre Freestyle,Anton Westerlin & Mille,1,1,4
2026-03-14,5,Vil Du Noget?,Guldimund & Saveus,2,1,19
2026-03-14,6,Man I Need,Olivia Dean,3,1,23
2026-03-14,7,Fever Dream,Alex Warren,-,7,1
2026-03-14,8,Skyggebokser,ozzy,9,8,2
2026-03-14,9,Et Sted Hvor Vi de Forste,APHACA,-,2,34
2026-03-14,10,Raindance,Dave & Tems,7,4,13
2026-03-14,11,Kogeplade,Katinka,12,9,12
2026-03-14,12,Stateside,PinkPantheress With Zara Larsson,-,12,1
2026-03-14,13,I Just Might,Bruno Mars,25,7,7
2026-03-14,14,Himmelskib,APHACA,-,14,1
2026-03-14,15,Vi Pumper Hjertet Op,APHACA,-,3,8
2026-03-14,16,Smelter Under Manen,APHACA,19,2,61
2026-03-14,17,Dagen Er Gaet,APHACA,-,17,1
2026-03-14,18,Flyver Som Fugle,APHACA,-,18,1
2026-03-14,19,Stolt,Annika Featuring Lamin,15,1,38
2026-03-14,20,So Easy (To Fall In Love),Olivia Dean,14,12,16
2026-03-14,21,Hele Vejen (Feat. Mumle),Omar Featuring Mumle,-,1,48
2026-03-14,22,Ingen Andre,Mille Featuring Annika,16,6,6
2026-03-14,23,Drommefanger,Mille Featuring URO,20,1,8
2026-03-14,24,Ordinary,Alex Warren,23,1,50
2026-03-14,25,Ligeglad Ligeglad,Anna Frida,4,4,2
2026-03-21,1,Flue I Et Spind,APHACA,1,1,2
2026-03-21,2,En Drom Om Et Menneske,APHACA,2,1,40
2026-03-21,3,Vil Du Noget?,Guldimund & Saveus,5,1,20
2026-03-21,4,Man I Need,Olivia Dean,6,1,24
2026-03-21,5,Minder Hos Andre Freestyle,Anton Westerlin & Mille,4,1,5
2026-03-21,6,Hvor Kommer Vi Fra,APHACA,3,3,2
2026-03-21,7,American Girls,Harry Styles,-,7,1
2026-03-21,8,Stateside,PinkPantheress With Zara Larsson,12,8,2
2026-03-21,9,Fever Dream,Alex Warren,7,7,2
2026-03-21,10,Kogeplade,Katinka,11,9,13
2026-03-21,11,Raindance,Dave & Tems,10,4,14
2026-03-21,12,Skyggebokser,ozzy,8,8,3
2026-03-21,13,Hele Vejen (Feat. Mumle),Omar Featuring Mumle,21,1,49
2026-03-21,14,Stolt,Annika Featuring Lamin,19,1,39
2026-03-21,15,Smelter Under Manen,APHACA,16,2,62
2026-03-21,16,Iloveitiloveitiloveit,Bella Kay,-,16,1
2026-03-21,17,So Easy (To Fall In Love),Olivia Dean,20,12,17
2026-03-21,18,I Just Might,Bruno Mars,13,7,8
2026-03-21,19,Drommefanger,Mille Featuring URO,23,1,9
2026-03-21,20,Ordinary,Alex Warren,24,1,51
2026-03-21,21,Ingen Andre,Mille Featuring Annika,22,6,7
2026-03-21,22,Lush Life,Zara Larsson,-,10,9
2026-03-21,23,Hader Ik Mig Selv Sammen Med Dig,Mille,-,6,15
2026-03-21,24,Et Sted Hvor Vi de Forste,APHACA,9,2,35
2026-03-21,25,Where Is My Husband!,RAYE,-,8,17
2026-03-28,1,Flue I Et Spind,APHACA,1,1,3
2026-03-28,2,Ham Med Guitaren,Christopher,-,2,1
2026-03-28,3,En Drom Om Et Menneske,APHACA,2,1,41
2026-03-28,4,Vil Du Noget?,Guldimund & Saveus,3,1,21
2026-03-28,5,Man I Need,Olivia Dean,4,1,25
2026-03-28,6,Iloveitiloveitiloveit,Bella Kay,16,6,2
2026-03-28,7,Minder Hos Andre Freestyle,Anton Westerlin & Mille,5,1,6
2026-03-28,8,Stateside,PinkPantheress With Zara Larsson,8,8,3
2026-03-28,9,Hvor Kommer Vi Fra,APHACA,6,3,3
2026-03-28,10,Raindance,Dave & Tems,11,4,15
2026-03-28,11,Smelter Under Manen,APHACA,15,2,63
2026-03-28,12,Kogeplade,Katinka,10,9,14
2026-03-28,13,Fever Dream,Alex Warren,9,7,3
2026-03-28,14,American Girls,Harry Styles,7,7,2
2026-03-28,15,Skyggebokser,ozzy,12,8,4
2026-03-28,16,Hele Vejen (Feat. Mumle),Omar Featuring Mumle,13,1,50
2026-03-28,17,Stolt,Annika Featuring Lamin,14,1,40
2026-03-28,18,So Easy (To Fall In Love),Olivia Dean,17,12,18
2026-03-28,19,Drommefanger,Mille Featuring URO,19,1,10
2026-03-28,20,Ordinary,Alex Warren,20,1,52
2026-03-28,21,The Visitor,Sienna Spiro,-,21,1
2026-03-28,22,Hver Dag,Kundo,-,22,1
2026-03-28,23,I Just Might,Bruno Mars,18,7,9
2026-03-28,24,Babydoll,Dominic Fike,-,24,1
2026-03-28,25,Superlim,Sira Jovina,-,25,1
2026-04-04,1,Livsforladt,Annika,-,1,1
2026-04-04,2,Flue I Et Spind,APHACA,1,1,4
2026-04-04,3,Det Der Udenfor,The Minds Of 99,-,3,1
2026-04-04,4,Ham Med Guitaren,Christopher,2,2,2
2026-04-04,5,Vil Du Noget?,Guldimund & Saveus,4,1,22
2026-04-04,6,En Drom Om Et Menneske,APHACA,3,1,42
2026-04-04,7,GALT MED MIG,Gobs,-,7,1
2026-04-04,8,Iloveitiloveitiloveit,Bella Kay,6,6,3
2026-04-04,9,Man I Need,Olivia Dean,5,1,26
2026-04-04,10,Slar Op,"Sofie1998, Svea S & Berg",-,10,1
2026-04-04,11,Er Vi Okay?,ICEKIID & Blaest,-,11,1
2026-04-04,12,Raindance,Dave & Tems,10,4,16
2026-04-04,13,Stolt,Annika Featuring Lamin,17,1,41
2026-04-04,14,Smelter Under Manen,APHACA,11,2,64
2026-04-04,15,Minder Hos Andre Freestyle,Anton Westerlin & Mille,7,1,7
2026-04-04,16,Fever Dream,Alex Warren,13,7,4
2026-04-04,17,Hele Vejen (Feat. Mumle),Omar Featuring Mumle,16,1,51
2026-04-04,18,Stateside,PinkPantheress With Zara Larsson,8,8,4
2026-04-04,19,Kogeplade,Katinka,12,9,15
2026-04-04,20,Hader Ik Mig Selv Sammen Med Dig,Mille,-,6,16
2026-04-04,21,Drommefanger,Mille Featuring URO,19,1,11
2026-04-04,22,Hort Det For,"Anton Westerlin Featuring Pil, Annika, Mille & Medina",-,3,31
2026-04-04,23,Ingen Andre,Mille Featuring Annika,-,6,8
2026-04-04,24,Babydoll,Dominic Fike,24,24,2
2026-04-04,25,So Easy (To Fall In Love),Olivia Dean,18,12,19
2026-04-11,1,Livsforladt,Annika,1,1,2
2026-04-11,2,1000 Ar,Gobs Featuring Rasmus Seebach & Ankerstjerne,-,2,1
2026-04-11,3,Flue I Et Spind,APHACA,2,1,5
2026-04-11,4,Det Der Udenfor,The Minds Of 99,3,3,2
2026-04-11,5,Bliv Hvor Du Er,Rosa Featuring Artigeardit,-,5,1
2026-04-11,6,Ham Med Guitaren,Christopher,4,2,3
2026-04-11,7,Vil Du Noget?,Guldimund & Saveus,5,1,23
2026-04-11,8,Iloveitiloveitiloveit,Bella Kay,8,6,4
2026-04-11,9,En Drom Om Et Menneske,APHACA,6,1,43
2026-04-11,10,Man I Need,Olivia Dean,9,1,27
2026-04-11,11,GALT MED MIG,Gobs,7,7,2
2026-04-11,12,Stolt,Annika Featuring Lamin,13,1,42
2026-04-11,13,Kogeplade,Katinka,19,9,16
2026-04-11,14,Raindance,Dave & Tems,12,4,17
2026-04-11,15,Smelter Under Manen,APHACA,14,2,65
2026-04-11,16,Ingen Andre,Mille Featuring Annika,23,6,9
2026-04-11,17,Hader Ik Mig Selv Sammen Med Dig,Mille,20,6,17
2026-04-11,18,Hele Vejen (Feat. Mumle),Omar Featuring Mumle,17,1,52
2026-04-11,19,Er Vi Okay?,ICEKIID & Blaest,11,11,2
2026-04-11,20,Stateside,PinkPantheress With Zara Larsson,18,8,5
2026-04-11,21,Fever Dream,Alex Warren,16,7,5
2026-04-11,22,Hort Det For,"Anton Westerlin Featuring Pil, Annika, Mille & Medina",22,3,32
2026-04-11,23,Drommefanger,Mille Featuring URO,21,1,12
2026-04-11,24,Minder Hos Andre Freestyle,Anton Westerlin & Mille,15,1,8
2026-04-11,25,Babydoll,Dominic Fike,24,24,3
2026-04-18,1,Livsforladt,Annika,1,1,3
2026-04-18,2,Bliv Hvor Du Er,Rosa Featuring Artigeardit,5,2,2
2026-04-18,3,Flue I Et Spind,APHACA,3,1,6
2026-04-18,4,Det Der Udenfor,The Minds Of 99,4,3,3
2026-04-18,5,Vil Du Noget?,Guldimund & Saveus,7,1,24
2026-04-18,6,Ham Med Guitaren,Christopher,6,2,4
2026-04-18,7,Iloveitiloveitiloveit,Bella Kay,8,6,5
2026-04-18,8,1000 Ar,Gobs Featuring Rasmus Seebach & Ankerstjerne,2,2,2
2026-04-18,9,En Drom Om Et Menneske,APHACA,9,1,44
2026-04-18,10,Man I Need,Olivia Dean,10,1,28
2026-04-18,11,Stolt,Annika Featuring Lamin,12,1,43
2026-04-18,12,Raindance,Dave & Tems,14,4,18
2026-04-18,13,Kogeplade,Katinka,13,9,17
2026-04-18,14,Smelter Under Manen,APHACA,15,2,66
2026-04-18,15,Hele Vejen (Feat. Mumle),Omar Featuring Mumle,18,1,53
2026-04-18,16,Fever Dream,Alex Warren,21,7,6
2026-04-18,17,Hader Ik Mig Selv Sammen Med Dig,Mille,17,6,18
2026-04-18,18,Drommefanger,Mille Featuring URO,23,1,13
2026-04-18,19,Stateside,PinkPantheress With Zara Larsson,20,8,6
2026-04-18,20,Babydoll,Dominic Fike,25,20,4
2026-04-18,21,Minder Hos Andre Freestyle,Anton Westerlin & Mille,24,1,9
2026-04-18,22,Hort Det For,"Anton Westerlin Featuring Pil, Annika, Mille & Medina",22,3,33
2026-04-18,23,Ingen Andre,Mille Featuring Annika,16,6,10
2026-04-18,24,Er Vi Okay?,ICEKIID & Blaest,19,11,3
2026-04-18,25,So Easy (To Fall In Love),Olivia Dean,-,12,20
2026-04-25,1,Den Danske Sommer,Tobias Rahim Featuring Birthe Kjaer,-,1,1
2026-04-25,2,Livsforladt,Annika,1,1,4
2026-04-25,3,Ham Med Guitaren,Christopher,6,2,5
2026-04-25,4,Bliv Hvor Du Er,Rosa Featuring Artigeardit,2,2,3
2026-04-25,5,Blessed,D1MA,-,5,1
2026-04-25,6,Vil Du Noget?,Guldimund & Saveus,5,1,25
2026-04-25,7,Flue I Et Spind,APHACA,3,1,7
2026-04-25,8,Det Der Udenfor,The Minds Of 99,4,3,4
2026-04-25,9,Iloveitiloveitiloveit,Bella Kay,7,6,6
2026-04-25,10,Stolt,Annika Featuring Lamin,11,1,44
2026-04-25,11,Vind & Vejr,Thor Farlov,-,11,1
2026-04-25,12,En Drom Om Et Menneske,APHACA,9,1,45
2026-04-25,13,Man I Need,Olivia Dean,10,1,29
2026-04-25,14,Hader Ik Mig Selv Sammen Med Dig,Mille,17,6,19
2026-04-25,15,1000 Ar,Gobs Featuring Rasmus Seebach & Ankerstjerne,8,2,3
2026-04-25,16,Fever Dream,Alex Warren,16,7,7
2026-04-25,17,Hele Vejen (Feat. Mumle),Omar Featuring Mumle,15,1,54
2026-04-25,18,Drommefanger,Mille Featuring URO,18,1,14
2026-04-25,19,Kogeplade,Katinka,13,9,18
2026-04-25,20,Smelter Under Manen,APHACA,14,2,67
2026-04-25,21,Ingen Andre,Mille Featuring Annika,23,6,11
2026-04-25,22,Raindance,Dave & Tems,12,4,19
2026-04-25,23,Hort Det For,"Anton Westerlin Featuring Pil, Annika, Mille & Medina",22,3,34
2026-04-25,24,Kendt Mig I En Uge,Mille,-,6,36
2026-04-25,25,Beauty And A Beat,Justin Bieber Featuring Nicki Minaj,-,25,1
2026-05-02,1,Den Danske Sommer,Tobias Rahim Featuring Birthe Kjaer,1,1,2
2026-05-02,2,Livsforladt,Annika,2,1,5
2026-05-02,3,Ham Med Guitaren,Christopher,3,2,6
2026-05-02,4,Last Inde,Lamin,-,4,1
2026-05-02,5,Bliv Hvor Du Er,Rosa Featuring Artigeardit,4,2,4
2026-05-02,6,Gemt Dit Nummer,Burhan G & Medina,-,6,1
2026-05-02,7,Beauty And A Beat,Justin Bieber Featuring Nicki Minaj,25,7,2
2026-05-02,8,Vil Du Noget?,Guldimund & Saveus,6,1,26
2026-05-02,9,Flue I Et Spind,APHACA,7,1,8
2026-05-02,10,Daisies,Justin Bieber,-,2,14
2026-05-02,11,Blessed,D1MA,5,5,2
2026-05-02,12,En Drom Om Et Menneske,APHACA,12,1,46
2026-05-02,13,Iloveitiloveitiloveit,Bella Kay,9,6,7
2026-05-02,14,Stolt,Annika Featuring Lamin,10,1,45
2026-05-02,15,Fever Dream,Alex Warren,16,7,8
2026-05-02,16,Man I Need,Olivia Dean,13,1,30
2026-05-02,17,Det Der Udenfor,The Minds Of 99,8,3,5
2026-05-02,18,Hader Ik Mig Selv Sammen Med Dig,Mille,14,6,20
2026-05-02,19,Hele Vejen (Feat. Mumle),Omar Featuring Mumle,17,1,55
2026-05-02,20,Skyklapper,Rosa,-,20,3
2026-05-02,21,Drommefanger,Mille Featuring URO,18,1,15
2026-05-02,22,Kogeplade,Katinka,19,9,19
2026-05-02,23,1000 Ar,Gobs Featuring Rasmus Seebach & Ankerstjerne,15,2,4
2026-05-02,24,Drop Dead,Olivia Rodrigo,-,24,1
2026-05-02,25,Yukon,Justin Bieber,-,14,7
2026-05-09,1,Den Danske Sommer,Tobias Rahim Featuring Birthe Kjaer,1,1,3
2026-05-09,2,Last Inde,Lamin,4,2,2
2026-05-09,3,Ham Med Guitaren,Christopher,3,2,7
2026-05-09,4,Livsforladt,Annika,2,1,6
2026-05-09,5,Louisiana,Artigeardit,-,5,1
2026-05-09,6,Bliv Hvor Du Er,Rosa Featuring Artigeardit,5,2,5
2026-05-09,7,Vil Du Noget?,Guldimund & Saveus,8,1,27
2026-05-09,8,Beauty And A Beat,Justin Bieber Featuring Nicki Minaj,7,7,3
2026-05-09,9,Gemt Dit Nummer,Burhan G & Medina,6,6,2
2026-05-09,10,Flue I Et Spind,APHACA,9,1,9
2026-05-09,11,Skyklapper,Rosa,20,11,4
2026-05-09,12,Daisies,Justin Bieber,10,2,15
2026-05-09,13,En Drom Om Et Menneske,APHACA,12,1,47
2026-05-09,14,Stolt,Annika Featuring Lamin,14,1,46
2026-05-09,15,Man I Need,Olivia Dean,16,1,31
2026-05-09,16,Iloveitiloveitiloveit,Bella Kay,13,6,8
2026-05-09,17,Fever Dream,Alex Warren,15,7,9
2026-05-09,18,Det Der Udenfor,The Minds Of 99,17,3,6
2026-05-09,19,Hele Vejen (Feat. Mumle),Omar Featuring Mumle,19,1,56
2026-05-09,20,Blessed,D1MA,11,5,3
2026-05-09,21,Kogeplade,Katinka,22,9,20
2026-05-09,22,Smelter Under Manen,APHACA,-,2,68
2026-05-09,23,Hader Ik Mig Selv Sammen Med Dig,Mille,18,6,21
2026-05-09,24,Drommefanger,Mille Featuring URO,21,1,16
2026-05-09,25,Dracula,Tame Impala & JENNIE,-,25,1
2026-05-16,1,AErlig Freestyle,Anton Westerlin & Annika,-,1,1
2026-05-16,2,Bliv Hvor Du Er,Rosa Featuring Artigeardit,6,2,6
2026-05-16,3,Den Danske Sommer,Tobias Rahim Featuring Birthe Kjaer,1,1,4
2026-05-16,4,Ham Med Guitaren,Christopher,3,2,8
2026-05-16,5,Livsforladt,Annika,4,1,7
2026-05-16,6,Last Inde,Lamin,2,2,3
2026-05-16,7,Louisiana,Artigeardit,5,5,2
2026-05-16,8,Vil Du Noget?,Guldimund & Saveus,7,1,28
2026-05-16,9,Lagkagehuset Freestyle,Michael Williams,-,9,1
2026-05-16,10,Flue I Et Spind,APHACA,10,1,10
2026-05-16,11,Beauty And A Beat,Justin Bieber Featuring Nicki Minaj,8,7,4
2026-05-16,12,Stolt,Annika Featuring Lamin,14,1,47
2026-05-16,13,En Drom Om Et Menneske,APHACA,13,1,48
2026-05-16,14,SpaceJam Freestyle,Anton Westerlin & ICEKIID,-,14,1
2026-05-16,15,Gemt Dit Nummer,Burhan G & Medina,9,6,3
2026-05-16,16,Skyklapper,Rosa,11,11,5
2026-05-16,17,Minder Hos Andre Freestyle,Anton Westerlin & Mille,-,1,10
2026-05-16,18,Man I Need,Olivia Dean,15,1,32
2026-05-16,19,Smelter Under Manen,APHACA,22,2,69
2026-05-16,20,Hele Vejen (Feat. Mumle),Omar Featuring Mumle,19,1,57
2026-05-16,21,Iloveitiloveitiloveit,Bella Kay,16,6,9
2026-05-16,22,Daisies,Justin Bieber,12,2,16
2026-05-16,23,Billie Jean,Michael Jackson,-,23,1
2026-05-16,24,Hader Ik Mig Selv Sammen Med Dig,Mille,23,6,22
2026-05-16,25,Kogeplade,Katinka,21,9,21
2026-05-23,1,Drukner,KESI & Annika,-,1,1
2026-05-23,2,AErlig Freestyle,Anton Westerlin & Annika,1,1,2
2026-05-23,3,Stil Permanent,KESI,-,3,1
2026-05-23,4,Adrenalin,KESI & Kundo,-,4,1
2026-05-23,5,GPS,KESI,-,5,1
2026-05-23,6,Livsforladt,Annika,5,1,8
2026-05-23,7,Bliv Hvor Du Er,Rosa Featuring Artigeardit,2,2,7
2026-05-23,8,Ham Med Guitaren,Christopher,4,2,9
2026-05-23,9,Hvor Blev Tiden Af,KESI Featuring Hans Philip,-,9,1
2026-05-23,10,Vil Du Noget?,Guldimund & Saveus,8,1,29
2026-05-23,11,Men Sa Kom I Morgen,KESI,-,11,1
2026-05-23,12,Hver Dag/Lang Tid Siden,KESI,-,12,1
2026-05-23,13,Elefanter,KESI,-,13,1
2026-05-23,14,Lagkagehuset Freestyle,Michael Williams,9,9,2
2026-05-23,15,Den Danske Sommer,Tobias Rahim Featuring Birthe Kjaer,3,1,5
2026-05-23,16,Flue I Et Spind,APHACA,10,1,11
2026-05-23,17,Last Inde,Lamin,6,2,4
2026-05-23,18,En Drom Om Et Menneske,APHACA,13,1,49
2026-05-23,19,Louisiana,Artigeardit,7,5,3
2026-05-23,20,Stolt,Annika Featuring Lamin,12,1,48
2026-05-23,21,Beauty And A Beat,Justin Bieber Featuring Nicki Minaj,11,7,5
2026-05-23,22,Man I Need,Olivia Dean,18,1,33
2026-05-23,23,Forbi,KESI & Burhan G,-,23,1
2026-05-23,24,Billie Jean,Michael Jackson,23,23,2
2026-05-23,25,Interstellar,KESI,-,25,1
2026-05-30,1,Drukner,KESI & Annika,1,1,2
2026-05-30,2,AErlig Freestyle,Anton Westerlin & Annika,2,1,3
2026-05-30,3,For Vi Gar Hjem,Soren Torpegaard Lund,-,3,3
2026-05-30,4,Livsforladt,Annika,6,1,9
2026-05-30,5,Bliv Hvor Du Er,Rosa Featuring Artigeardit,7,2,8
2026-05-30,6,Ham Med Guitaren,Christopher,8,2,10
2026-05-30,7,Stil Permanent,KESI,3,3,2
2026-05-30,8,Vil Du Noget?,Guldimund & Saveus,10,1,30
2026-05-30,9,National Treasures,Drake,-,9,1
2026-05-30,10,Stolt,Annika Featuring Lamin,20,1,49
2026-05-30,11,Bangaranga,Dara,-,11,1
2026-05-30,12,Adrenalin,KESI & Kundo,4,4,2
2026-05-30,13,En Drom Om Et Menneske,APHACA,18,1,50
2026-05-30,14,Flue I Et Spind,APHACA,16,1,12
2026-05-30,15,Lagkagehuset Freestyle,Michael Williams,14,9,3
2026-05-30,16,Den Danske Sommer,Tobias Rahim Featuring Birthe Kjaer,15,1,6
2026-05-30,17,Janice STFU,Drake,-,17,1
2026-05-30,18,Louisiana,Artigeardit,19,5,4
2026-05-30,19,Billie Jean,Michael Jackson,24,19,3
2026-05-30,20,Man I Need,Olivia Dean,22,1,34
2026-05-30,21,Make Them Cry,Drake,-,21,1
2026-05-30,22,Last Inde,Lamin,17,2,5
2026-05-30,23,Whisper My Name,Drake,-,23,1
2026-05-30,24,Hort Det For,"Anton Westerlin Featuring Pil, Annika, Mille & Medina",-,3,35
2026-05-30,25,Human Nature,Michael Jackson,-,25,1
2026-06-06,1,Drukner,KESI & Annika,1,1,3
2026-06-06,2,AErlig Freestyle,Anton Westerlin & Annika,2,1,4
2026-06-06,3,Livsforladt,Annika,4,1,10
2026-06-06,4,Bliv Hvor Du Er,Rosa Featuring Artigeardit,5,2,9
2026-06-06,5,Ham Med Guitaren,Christopher,6,2,11
2026-06-06,6,Vil Du Noget?,Guldimund & Saveus,8,1,31
2026-06-06,7,Stil Permanent,KESI,7,3,3
2026-06-06,8,Den Danske Sommer,Tobias Rahim Featuring Birthe Kjaer,16,1,7
2026-06-06,9,Stolt,Annika Featuring Lamin,10,1,50
2026-06-06,10,For Vi Gar Hjem,Soren Torpegaard Lund,3,3,4
2026-06-06,11,En Drom Om Et Menneske,APHACA,13,1,51
2026-06-06,12,Flue I Et Spind,APHACA,14,1,13
2026-06-06,13,Adrenalin,KESI & Kundo,12,4,3
2026-06-06,14,Billie Jean,Michael Jackson,19,14,4
2026-06-06,15,Lagkagehuset Freestyle,Michael Williams,15,9,4
2026-06-06,16,Janice STFU,Drake,17,16,2
2026-06-06,17,Hele Vejen (Feat. Mumle),Omar Featuring Mumle,-,1,58
2026-06-06,18,Last Inde,Lamin,22,2,6
2026-06-06,19,Smelter Under Manen,APHACA,-,2,70
2026-06-06,20,Human Nature,Michael Jackson,25,20,2
2026-06-06,21,Louisiana,Artigeardit,18,5,5
2026-06-06,22,Portugal,Benjamin Hav,-,22,1
2026-06-06,23,Beauty And A Beat,Justin Bieber Featuring Nicki Minaj,-,7,6
2026-06-06,24,Hader Ik Mig Selv Sammen Med Dig,Mille,-,6,23
2026-06-06,25,Man I Need,Olivia Dean,20,1,35
2026-06-13,1,Ringer Om Natten,Christopher,-,1,1
2026-06-13,2,Drukner,KESI & Annika,1,1,4
2026-06-13,3,Marvel,Cizzo Featuring Gilli,-,3,1
2026-06-13,4,Ham Med Guitaren,Christopher,5,2,12
2026-06-13,5,Livsforladt,Annika,3,1,11
2026-06-13,6,AErlig Freestyle,Anton Westerlin & Annika,2,1,5
2026-06-13,7,Bliv Hvor Du Er,Rosa Featuring Artigeardit,4,2,10
2026-06-13,8,Ivrig,Artigeardit,-,8,1
2026-06-13,9,Vil Du Noget?,Guldimund & Saveus,6,1,32
2026-06-13,10,Flue I Et Spind,APHACA,12,1,14
2026-06-13,11,En Drom Om Et Menneske,APHACA,11,1,52
2026-06-13,12,Den Danske Sommer,Tobias Rahim Featuring Birthe Kjaer,8,1,8
2026-06-13,13,Stolt,Annika Featuring Lamin,9,1,51
2026-06-13,14,Stil Permanent,KESI,7,3,4
2026-06-13,15,Portugal,Benjamin Hav,22,15,2
2026-06-13,16,Billie Jean,Michael Jackson,14,14,5
2026-06-13,17,Hate That I Made You Love Me,Ariana Grande,-,17,1
2026-06-13,18,Louisiana,Artigeardit,21,5,6
2026-06-13,19,Hele Vejen (Feat. Mumle),Omar Featuring Mumle,17,1,59
2026-06-13,20,Human Nature,Michael Jackson,20,20,3
2026-06-13,21,Adrenalin,KESI & Kundo,13,4,4
2026-06-13,22,Janice STFU,Drake,16,16,3
2026-06-13,23,Smelter Under Manen,APHACA,19,2,71
2026-06-13,24,Beauty And A Beat,Justin Bieber Featuring Nicki Minaj,23,7,7
2026-06-13,25,For Vi Gar Hjem,Soren Torpegaard Lund,10,3,5
2026-06-20,1,Ringer Om Natten,Christopher,1,1,2
2026-06-20,2,Drukner,KESI & Annika,2,1,5
2026-06-20,3,Ham Med Guitaren,Christopher,4,2,13
2026-06-20,4,Ivrig,Artigeardit,8,4,2
2026-06-20,5,Vil Du Noget?,Guldimund & Saveus,9,1,33
2026-06-20,6,Bliv Hvor Du Er,Rosa Featuring Artigeardit,7,2,11
2026-06-20,7,Hvis Væggene Kunne Tale,Artigeardit & ozzy,-,7,1
2026-06-20,8,Louisiana,Artigeardit,18,5,7
2026-06-20,9,Livsforladt,Annika,5,1,12
2026-06-20,10,Marvel,Cizzo Featuring Gilli,3,3,2
2026-06-20,11,AErlig Freestyle,Anton Westerlin & Annika,6,1,6
2026-06-20,12,En Drom Om Et Menneske,APHACA,11,1,53
2026-06-20,13,Flue I Et Spind,APHACA,10,1,15
2026-06-20,14,Portugal,Benjamin Hav,15,14,3
2026-06-20,15,Den Danske Sommer,Tobias Rahim Featuring Birthe Kjaer,12,1,9
2026-06-20,16,Hate That I Made You Love Me,Ariana Grande,17,16,2
2026-06-20,17,Stolt,Annika Featuring Lamin,13,1,52
2026-06-20,18,PONY,KLIKEN,-,18,1
2026-06-20,19,Billie Jean,Michael Jackson,16,14,6
2026-06-20,20,Stil Permanent,KESI,14,3,5
2026-06-20,21,Hele Vejen (Feat. Mumle),Omar Featuring Mumle,19,1,60
2026-06-20,22,Det Der Udenfor,The Minds Of 99,-,3,7
2026-06-20,23,Foden Pa Pedalen,Artigeardit,-,23,1
2026-06-20,24,Smelter Under Manen,APHACA,23,2,72
2026-06-20,25,Hader Ik Mig Selv Sammen Med Dig,Mille,-,6,24
2026-06-27,1,Ringer Om Natten,Christopher,1,1,3
2026-06-27,2,Drukner,KESI & Annika,2,1,6
2026-06-27,3,Ham Med Guitaren,Christopher,3,2,14
2026-06-27,4,Vil Du Noget?,Guldimund & Saveus,5,1,34
2026-06-27,5,En Drom Om Et Menneske,APHACA,12,1,54
2026-06-27,6,Hvis Væggene Kunne Tale,Artigeardit & ozzy,7,6,2
2026-06-27,7,Bliv Hvor Du Er,Rosa Featuring Artigeardit,6,2,12
2026-06-27,8,Livsforladt,Annika,9,1,13
2026-06-27,9,Ivrig,Artigeardit,4,4,3
2026-06-27,10,Lyse Naetter,Alberte,-,10,1
2026-06-27,11,Flue I Et Spind,APHACA,13,1,16
2026-06-27,12,Marvel,Cizzo Featuring Gilli,10,3,3
2026-06-27,13,AErlig Freestyle,Anton Westerlin & Annika,11,1,7
2026-06-27,14,Hate That I Made You Love Me,Ariana Grande,16,14,3
2026-06-27,15,Louisiana,Artigeardit,8,5,8
2026-06-27,16,Stolt,Annika Featuring Lamin,17,1,53
2026-06-27,17,Portugal,Benjamin Hav,14,14,4
2026-06-27,18,Den Danske Sommer,Tobias Rahim Featuring Birthe Kjaer,15,1,10
2026-06-27,19,Stupid Song,Olivia Rodrigo,-,19,1
2026-06-27,20,Billie Jean,Michael Jackson,19,14,7
2026-06-27,21,Spraekker,Rasmus Seebach & Son,-,21,1
2026-06-27,22,Det Der Udenfor,The Minds Of 99,22,3,8
2026-06-27,23,Hele Vejen (Feat. Mumle),Omar Featuring Mumle,21,1,61
2026-06-27,24,Smelter Under Manen,APHACA,24,2,73
2026-06-27,25,Stil Permanent,KESI,20,3,6
2026-07-04,1,Hold Mit Tempo,Lamin Featuring Annika,-,1,1
2026-07-04,2,Ringer Om Natten,Christopher,1,1,4
2026-07-04,3,Cohiba,Lamin Featuring Noah Carter & Gilli,-,3,1
2026-07-04,4,Drukner,KESI & Annika,2,1,7
2026-07-04,5,Ham Med Guitaren,Christopher,3,2,15
2026-07-04,6,Last Inde,Lamin,-,2,7
2026-07-04,7,Vil Du Noget?,Guldimund & Saveus,4,1,35
2026-07-04,8,En Drom Om Et Menneske,APHACA,5,1,55
2026-07-04,9,Sober,Lamin Featuring Gilli,-,9,1
2026-07-04,10,Bliv Hvor Du Er,Rosa Featuring Artigeardit,7,2,13
2026-07-04,11,Livsforladt,Annika,8,1,14
2026-07-04,12,Bitter,Lamin,-,12,1
2026-07-04,13,Highs & Lows,Lamin,-,13,1
2026-07-04,14,Majeo,Lamin,-,14,1
2026-07-04,15,Hvis Væggene Kunne Tale,Artigeardit & ozzy,6,6,3
2026-07-04,16,Flue I Et Spind,APHACA,11,1,17
2026-07-04,17,AErlig Freestyle,Anton Westerlin & Annika,13,1,8
2026-07-04,18,Den Danske Sommer,Tobias Rahim Featuring Birthe Kjaer,18,1,11
2026-07-04,19,2 The Stars,Lamin,-,19,1
2026-07-04,20,Stolt,Annika Featuring Lamin,16,1,54
2026-07-04,21,Kemikalierne,Lamin,-,21,1
2026-07-04,22,LV Sweater,Lamin,-,22,1
2026-07-04,23,Absolut,Lamin Featuring Benny Jamz,-,23,1
2026-07-04,24,Ivrig,Artigeardit,9,4,4
2026-07-04,25,Portugal,Benjamin Hav,17,14,5
2026-07-11,1,Hold Mit Tempo,Lamin Featuring Annika,1,1,2
2026-07-11,2,Desperado,Annika,-,2,1
2026-07-11,3,Ringer Om Natten,Christopher,2,1,5
2026-07-11,4,Cohiba,Lamin Featuring Noah Carter & Gilli,3,3,2
2026-07-11,5,Drukner,KESI & Annika,4,1,8
2026-07-11,6,Ham Med Guitaren,Christopher,5,2,16
2026-07-11,7,Vil Du Noget?,Guldimund & Saveus,7,1,36
2026-07-11,8,En Drom Om Et Menneske,APHACA,8,1,56
2026-07-11,9,Livsforladt,Annika,11,1,15
2026-07-11,10,Last Inde,Lamin,6,2,8
2026-07-11,11,Bliv Hvor Du Er,Rosa Featuring Artigeardit,10,2,14
2026-07-11,12,AErlig Freestyle,Anton Westerlin & Annika,17,1,9
2026-07-11,13,Flue I Et Spind,APHACA,16,1,18
2026-07-11,14,Stolt,Annika Featuring Lamin,20,1,55
2026-07-11,15,Den Danske Sommer,Tobias Rahim Featuring Birthe Kjaer,18,1,12
2026-07-11,16,Sober,Lamin Featuring Gilli,9,9,2
2026-07-11,17,Hvis Væggene Kunne Tale,Artigeardit & ozzy,15,6,4
2026-07-11,18,Smelter Under Manen,APHACA,-,2,74
2026-07-11,19,Dai Dai (FIFA World Cup Official Song 2026),Shakira X Burna Boy,-,19,1
2026-07-11,20,Hele Vejen (Feat. Mumle),Omar Featuring Mumle,-,1,62
2026-07-11,21,Portugal,Benjamin Hav,25,14,6
2026-07-11,22,Jordskaelv,ozzy,-,22,1
2026-07-11,23,Hort Det For,"Anton Westerlin Featuring Pil, Annika, Mille & Medina",-,3,36
2026-07-11,24,Majeo,Lamin,14,14,2
2026-07-11,25,Bla Himmel,KESI Featuring Hans Philip,-,25,1
2026-07-18,1,Hold Mit Tempo,Lamin Featuring Annika,1,1,3
2026-07-18,2,Desperado,Annika,2,2,2
2026-07-18,3,Ringer Om Natten,Christopher,3,1,6
2026-07-18,4,Drukner,KESI & Annika,5,1,9
2026-07-18,5,Cohiba,Lamin Featuring Noah Carter & Gilli,4,3,3
2026-07-18,6,Ham Med Guitaren,Christopher,6,2,17
2026-07-18,7,Vil Du Noget?,Guldimund & Saveus,7,1,37
2026-07-18,8,En Drom Om Et Menneske,APHACA,8,1,57
2026-07-18,9,Livsforladt,Annika,9,1,16
2026-07-18,10,Den Danske Sommer,Tobias Rahim Featuring Birthe Kjaer,15,1,13
2026-07-18,11,Flue I Et Spind,APHACA,13,1,19
2026-07-18,12,AErlig Freestyle,Anton Westerlin & Annika,12,1,10
2026-07-18,13,Stolt,Annika Featuring Lamin,14,1,56
2026-07-18,14,Last Inde,Lamin,10,2,9
2026-07-18,15,Bliv Hvor Du Er,Rosa Featuring Artigeardit,11,2,15
2026-07-18,16,Dai Dai (FIFA World Cup Official Song 2026),Shakira X Burna Boy,19,16,2
2026-07-18,17,Hele Vejen (Feat. Mumle),Omar Featuring Mumle,20,1,63
2026-07-18,18,Smelter Under Manen,APHACA,18,2,75
2026-07-18,19,Hvis Væggene Kunne Tale,Artigeardit & ozzy,17,6,5
2026-07-18,20,Portugal,Benjamin Hav,21,14,7
2026-07-18,21,Wide Awake,Scarlet Pleasure Featuring Sharma,-,21,1
2026-07-18,22,Det Der Udenfor,The Minds Of 99,-,3,9
2026-07-18,23,Stil Permanent,KESI,-,3,7
2026-07-18,24,Sober,Lamin Featuring Gilli,16,9,3
2026-07-18,25,Hort Det For,"Anton Westerlin Featuring Pil, Annika, Mille & Medina",23,3,37
2026-07-25,1,Hold Mit Tempo,Lamin Featuring Annika,1,1,4
2026-07-25,2,Desperado,Annika,2,2,3
2026-07-25,3,Ringer Om Natten,Christopher,3,1,7
2026-07-25,4,Drukner,KESI & Annika,4,1,10
2026-07-25,5,Ham Med Guitaren,Christopher,6,2,18
2026-07-25,6,Cohiba,Lamin Featuring Noah Carter & Gilli,5,3,4
2026-07-25,7,Vil Du Noget?,Guldimund & Saveus,7,1,38
2026-07-25,8,En Drom Om Et Menneske,APHACA,8,1,58
2026-07-25,9,Den Danske Sommer,Tobias Rahim Featuring Birthe Kjaer,10,1,14
2026-07-25,10,Livsforladt,Annika,9,1,17
2026-07-25,11,Dai Dai (FIFA World Cup Official Song 2026),Shakira X Burna Boy,16,11,3
2026-07-25,12,AErlig Freestyle,Anton Westerlin & Annika,12,1,11
2026-07-25,13,Flue I Et Spind,APHACA,11,1,20
2026-07-25,14,Stolt,Annika Featuring Lamin,13,1,57
2026-07-25,15,Bliv Hvor Du Er,Rosa Featuring Artigeardit,15,2,16
2026-07-25,16,Hele Vejen (Feat. Mumle),Omar Featuring Mumle,17,1,64
2026-07-25,17,Smelter Under Manen,APHACA,18,2,76
2026-07-25,18,Last Inde,Lamin,14,2,10
2026-07-25,19,Portugal,Benjamin Hav,20,14,8
2026-07-25,20,Hvis Væggene Kunne Tale,Artigeardit & ozzy,19,6,6
2026-07-25,21,Det Der Udenfor,The Minds Of 99,22,3,10
2026-07-25,22,Stil Permanent,KESI,23,3,8
2026-07-25,23,Louisiana,Artigeardit,-,5,9
2026-07-25,24,Kogeplade,Katinka,-,9,22
2026-07-25,25,Ivrig,Artigeardit,-,4,5
2026-08-01,1,Desperado,Annika,2,1,4
2026-08-01,2,Hold Mit Tempo,Lamin Featuring Annika,1,1,5
2026-08-01,3,Ringer Om Natten,Christopher,3,1,8
2026-08-01,4,Jeg Ka' Ik' Mærke Noget,Christopher Featuring Thomas Helmig,-,4,1
2026-08-01,5,Drukner,KESI & Annika,4,1,11
2026-08-01,6,Dai Dai (FIFA World Cup Official Song 2026),Shakira X Burna Boy,11,6,4
2026-08-01,7,Ham Med Guitaren,Christopher,5,2,19
2026-08-01,8,Vil Du Noget?,Guldimund & Saveus,7,1,39
2026-08-01,9,En Drom Om Et Menneske,APHACA,8,1,59
2026-08-01,10,Livsforladt,Annika,10,1,18
2026-08-01,11,Den Danske Sommer,Tobias Rahim Featuring Birthe Kjaer,9,1,15
2026-08-01,12,Cohiba,Lamin Featuring Noah Carter & Gilli,6,3,5
2026-08-01,13,Flue I Et Spind,APHACA,13,1,21
2026-08-01,14,Hele Vejen (Feat. Mumle),Omar Featuring Mumle,16,1,65
2026-08-01,15,AErlig Freestyle,Anton Westerlin & Annika,12,1,12
2026-08-01,16,Stolt,Annika Featuring Lamin,14,1,58
2026-08-01,17,En Som Dig,"Rune Rask, Hampenberg, Blaest, ADAAM & Back To Back",-,17,1
2026-08-01,18,Siden Sidst,Noah Carter Featuring Thor Farlov,-,18,1
2026-08-01,19,Bliv Hvor Du Er,Rosa Featuring Artigeardit,15,2,17
2026-08-01,20,Smelter Under Manen,APHACA,17,2,77
2026-08-01,21,Portugal,Benjamin Hav,19,14,9
2026-08-01,22,Last Inde,Lamin,18,2,11
2026-08-01,23,Det Der Udenfor,The Minds Of 99,21,3,11
2026-08-01,24,Hvis Væggene Kunne Tale,Artigeardit & ozzy,20,6,7
2026-08-01,25,Louisiana,Artigeardit,23,5,10
2026-08-08,1,Desperado,Annika,1,1,5
2026-08-08,2,Hold Mit Tempo,Lamin Featuring Annika,2,1,6
2026-08-08,3,Ringer Om Natten,Christopher,3,1,9
2026-08-08,4,Drukner,KESI & Annika,5,1,12
2026-08-08,5,Dai Dai (FIFA World Cup Official Song 2026),Shakira X Burna Boy,6,5,5
2026-08-08,6,Jeg Ka' Ik' Mærke Noget,Christopher Featuring Thomas Helmig,4,4,2
2026-08-08,7,Ham Med Guitaren,Christopher,7,2,20
2026-08-08,8,Vil Du Noget?,Guldimund & Saveus,8,1,40
2026-08-08,9,En Drom Om Et Menneske,APHACA,9,1,60
2026-08-08,10,Livsforladt,Annika,10,1,19
2026-08-08,11,Den Danske Sommer,Tobias Rahim Featuring Birthe Kjaer,11,1,16
2026-08-08,12,Flue I Et Spind,APHACA,13,1,22
2026-08-08,13,AErlig Freestyle,Anton Westerlin & Annika,15,1,13
2026-08-08,14,Stolt,Annika Featuring Lamin,16,1,59
2026-08-08,15,Cohiba,Lamin Featuring Noah Carter & Gilli,12,3,6
2026-08-08,16,Hele Vejen (Feat. Mumle),Omar Featuring Mumle,14,1,66
2026-08-08,17,En Som Dig,"Rune Rask, Hampenberg, Blaest, ADAAM & Back To Back",17,17,2
2026-08-08,18,Bliv Hvor Du Er,Rosa Featuring Artigeardit,19,2,18
2026-08-08,19,Portugal,Benjamin Hav,21,14,10
2026-08-08,20,Det Der Udenfor,The Minds Of 99,23,3,12
2026-08-08,21,Smelter Under Manen,APHACA,20,2,78
2026-08-08,22,Great Expectation,Sienna Spiro,-,22,1
2026-08-08,23,Hvis Væggene Kunne Tale,Artigeardit & ozzy,24,6,8
2026-08-08,24,Last Inde,Lamin,22,2,12
2026-08-08,25,Ivrig,Artigeardit,-,4,6
2026-08-15,1,Desperado,Annika,1,1,6
2026-08-15,2,Hold Mit Tempo,Lamin Featuring Annika,2,1,7
2026-08-15,3,PPC,D1MA,-,3,1
2026-08-15,4,Ringer Om Natten,Christopher,3,1,10
2026-08-15,5,Drukner,KESI & Annika,4,1,13
2026-08-15,6,Spogelse,D1MA,-,6,1
2026-08-15,7,Dai Dai (FIFA World Cup Official Song 2026),Shakira X Burna Boy,5,5,6
2026-08-15,8,Vil Du Noget?,Guldimund & Saveus,8,1,41
2026-08-15,9,Ham Med Guitaren,Christopher,7,2,21
2026-08-15,10,Jeg Ka' Ik' Mærke Noget,Christopher Featuring Thomas Helmig,6,4,3
2026-08-15,11,Livsforladt,Annika,10,1,20
2026-08-15,12,En Drom Om Et Menneske,APHACA,9,1,61
2026-08-15,13,mig&mine,D1MA,-,13,1
2026-08-15,14,Great Expectation,Sienna Spiro,22,14,2
2026-08-15,15,GOR NOGET,Mille,-,15,1
2026-08-15,16,Stolt,Annika Featuring Lamin,14,1,60
2026-08-15,17,splittet til atomer,D1MA,-,17,1
2026-08-15,18,Den Danske Sommer,Tobias Rahim Featuring Birthe Kjaer,11,1,17
2026-08-15,19,AErlig Freestyle,Anton Westerlin & Annika,13,1,14
2026-08-15,20,En Som Dig,"Rune Rask, Hampenberg, Blaest, ADAAM & Back To Back",17,17,3
2026-08-15,21,Flue I Et Spind,APHACA,12,1,23
2026-08-15,22,Hele Vejen (Feat. Mumle),Omar Featuring Mumle,16,1,67
2026-08-15,23,Cohiba,Lamin Featuring Noah Carter & Gilli,15,3,7
2026-08-15,24,Bliv Hvor Du Er,Rosa Featuring Artigeardit,18,2,19
2026-08-15,25,Det Der Udenfor,The Minds Of 99,20,3,13
