Date,Rank,Song,Artist,Last Week,Peak Position,Weeks on Chart
2022-02-19,1,abcdefu,GAYLE,-,1,1
2022-02-19,2,Heat Waves,Glass Animals,-,2,1
2022-02-19,3,Kopf Aus,1986zig,-,3,1
2022-02-19,4,Shivers,Ed Sheeran,-,4,1
2022-02-19,5,Enemy,Imagine Dragons X JID,-,5,1
2022-02-19,6,Mit Dir,Sido,-,6,1
2022-02-19,7,Where Are You Now,Lost Frequencies & Calum Scott,-,7,1
2022-02-19,8,Cold Heart (PNAU Remix),Elton John & Dua Lipa,-,8,1
2022-02-19,9,Down Under,Luude Featuring Colin Hay,-,9,1
2022-02-19,10,Stay,The Kid Laroi & Justin Bieber,-,10,1
2022-02-19,11,Do It To It,Acraze Featuring Cherish,-,11,1
2022-02-19,12,10von10,Pajel,-,12,1
2022-02-19,13,Thats What I Want,Lil Nas X,-,13,1
2022-02-19,14,Bad Habits,Ed Sheeran,-,14,1
2022-02-19,15,Pepas,Farruko,-,15,1
2022-02-19,16,The Motto,Tiesto & Ava Max,-,16,1
2022-02-19,17,Infinity,Jaymes Young,-,17,1
2022-02-19,18,Auf & Ab,Montez,-,18,1
2022-02-19,19,Vorbei,Pietro Lombardi,-,19,1
2022-02-19,20,Quit,"Capital Bra, Mvna & Art",-,20,1
2022-02-19,21,Acapulco,Jason Derulo,-,21,1
2022-02-19,22,Love Tonight,Shouse,-,22,1
2022-02-19,23,Wellerman,Nathan Evans,-,23,1
2022-02-19,24,To The Moon!,JNR CHOI & Sam Tompkins,-,24,1
2022-02-19,25,Easy On Me,Adele,-,25,1
2022-02-26,1,abcdefu,GAYLE,1,1,2
2022-02-26,2,Heat Waves,Glass Animals,2,2,2
2022-02-26,3,Kopf Aus,1986zig,3,3,2
2022-02-26,4,Enemy,Imagine Dragons X JID,5,4,2
2022-02-26,5,Shivers,Ed Sheeran,4,4,2
2022-02-26,6,Onlyfans,Katja Krasavice,-,6,1
2022-02-26,7,Where Are You Now,Lost Frequencies & Calum Scott,7,7,2
2022-02-26,8,Cold Heart (PNAU Remix),Elton John & Dua Lipa,8,8,2
2022-02-26,9,Down Under,Luude Featuring Colin Hay,9,9,2
2022-02-26,10,Thats What I Want,Lil Nas X,13,10,2
2022-02-26,11,The Motto,Tiesto & Ava Max,16,11,2
2022-02-26,12,Stay,The Kid Laroi & Justin Bieber,10,10,2
2022-02-26,13,Do It To It,Acraze Featuring Cherish,11,11,2
2022-02-26,14,Mit Dir,Sido,6,6,2
2022-02-26,15,10von10,Pajel,12,12,2
2022-02-26,16,Wenn Du Mich Vermisst,FOURTY & Mathea,-,16,1
2022-02-26,17,Bad Habits,Ed Sheeran,14,14,2
2022-02-26,18,Infinity,Jaymes Young,17,17,2
2022-02-26,19,Pepas,Farruko,15,15,2
2022-02-26,20,Auf & Ab,Montez,18,18,2
2022-02-26,21,Weg Von Mir,CIVO,-,21,1
2022-02-26,22,Acapulco,Jason Derulo,21,21,2
2022-02-26,23,Wellerman,Nathan Evans,23,23,2
2022-02-26,24,Itachi Flow,reezy,-,24,1
2022-02-26,25,Love Tonight,Shouse,22,22,2
2022-03-05,1,abcdefu,GAYLE,1,1,3
2022-03-05,2,Heat Waves,Glass Animals,2,2,3
2022-03-05,3,Kopf Aus,1986zig,3,3,3
2022-03-05,4,Enemy,Imagine Dragons X JID,4,4,3
2022-03-05,5,Weg Von Mir,CIVO,21,5,2
2022-03-05,6,Bad Habits,Ed Sheeran,17,6,3
2022-03-05,7,Tageslicht,"The Cratez, RAF Camora & Ufo361",-,7,1
2022-03-05,8,Shivers,Ed Sheeran,5,4,3
2022-03-05,9,Where Are You Now,Lost Frequencies & Calum Scott,7,7,3
2022-03-05,10,Cold Heart (PNAU Remix),Elton John & Dua Lipa,8,8,3
2022-03-05,11,Down Under,Luude Featuring Colin Hay,9,9,3
2022-03-05,12,Mit Dir,Sido,14,6,3
2022-03-05,13,The Motto,Tiesto & Ava Max,11,11,3
2022-03-05,14,Stay,The Kid Laroi & Justin Bieber,12,10,3
2022-03-05,15,Thats What I Want,Lil Nas X,10,10,3
2022-03-05,16,10von10,Pajel,15,12,3
2022-03-05,17,Onlyfans,Katja Krasavice,6,6,2
2022-03-05,18,Infinity,Jaymes Young,18,17,3
2022-03-05,19,Do It To It,Acraze Featuring Cherish,13,11,3
2022-03-05,20,Pepas,Farruko,19,15,3
2022-03-05,21,Wenn Du Mich Vermisst,FOURTY & Mathea,16,16,2
2022-03-05,22,Auf & Ab,Montez,20,18,3
2022-03-05,23,Acapulco,Jason Derulo,22,21,3
2022-03-05,24,Mvp,Samra X Anonym X BOJAN,-,24,1
2022-03-05,25,Bilder,Jamule,-,25,1
2022-03-12,1,Heat Waves,Glass Animals,2,1,4
2022-03-12,2,abcdefu,GAYLE,1,1,4
2022-03-12,3,187 Allstars '22,"Gzuz, Bonez MC , Maxwell, Sa4 & LX",-,3,1
2022-03-12,4,Weg Von Mir,CIVO,5,4,3
2022-03-12,5,Enemy,Imagine Dragons X JID,4,4,4
2022-03-12,6,Kopf Aus,1986zig,3,3,4
2022-03-12,7,Shivers,Ed Sheeran,8,4,4
2022-03-12,8,Where Are You Now,Lost Frequencies & Calum Scott,9,7,4
2022-03-12,9,Cold Heart (PNAU Remix),Elton John & Dua Lipa,10,8,4
2022-03-12,10,Bad Habits,Ed Sheeran,6,6,4
2022-03-12,11,Do It To It,Acraze Featuring Cherish,19,11,4
2022-03-12,12,Down Under,Luude Featuring Colin Hay,11,9,4
2022-03-12,13,Stay,The Kid Laroi & Justin Bieber,14,10,4
2022-03-12,14,Wie Viele Lieder Muss Ich Noch Schreiben?,SDP X Montez,-,14,1
2022-03-12,15,The Motto,Tiesto & Ava Max,13,11,4
2022-03-12,16,Mit Dir,Sido,12,6,4
2022-03-12,17,Pepas,Farruko,20,15,4
2022-03-12,18,Wenn Du Mich Vermisst,FOURTY & Mathea,21,16,3
2022-03-12,19,Infinity,Jaymes Young,18,17,4
2022-03-12,20,Thats What I Want,Lil Nas X,15,10,4
2022-03-12,21,Auf & Ab,Montez,22,18,4
2022-03-12,22,Auf Die Feinde,Capital Bra & RAF Camora,-,22,1
2022-03-12,23,10von10,Pajel,16,12,4
2022-03-12,24,Acapulco,Jason Derulo,23,21,4
2022-03-12,25,Wellerman,Nathan Evans,-,23,3
2022-03-19,1,Sehnsucht,Miksu / Macloud & T-Low,-,1,1
2022-03-19,2,Heat Waves,Glass Animals,1,1,5
2022-03-19,3,abcdefu,GAYLE,2,1,5
2022-03-19,4,Weg Von Mir,CIVO,4,4,4
2022-03-19,5,Enemy,Imagine Dragons X JID,5,4,5
2022-03-19,6,Where Are You Now,Lost Frequencies & Calum Scott,8,6,5
2022-03-19,7,Shivers,Ed Sheeran,7,4,5
2022-03-19,8,Kopf Aus,1986zig,6,3,5
2022-03-19,9,Cold Heart (PNAU Remix),Elton John & Dua Lipa,9,8,5
2022-03-19,10,Bad Habits,Ed Sheeran,10,6,5
2022-03-19,11,Do It To It,Acraze Featuring Cherish,11,11,5
2022-03-19,12,Down Under,Luude Featuring Colin Hay,12,9,5
2022-03-19,13,Stay,The Kid Laroi & Justin Bieber,13,10,5
2022-03-19,14,Rapstars,MERO & Jamule,-,14,1
2022-03-19,15,The Motto,Tiesto & Ava Max,15,11,5
2022-03-19,16,Wenn Du Mich Vermisst,FOURTY & Mathea,18,16,4
2022-03-19,17,Pepas,Farruko,17,15,5
2022-03-19,18,Mit Dir,Sido,16,6,5
2022-03-19,19,Infinity,Jaymes Young,19,17,5
2022-03-19,20,Nur Ein Song (I Need Some Sleep),Capital Bra,-,20,1
2022-03-19,21,Remedy,Leony,-,21,1
2022-03-19,22,Thats What I Want,Lil Nas X,20,10,5
2022-03-19,23,187 Allstars '22,"Gzuz, Bonez MC , Maxwell, Sa4 & LX",3,3,2
2022-03-19,24,Wie Viele Lieder Muss Ich Noch Schreiben?,SDP X Montez,14,14,2
2022-03-19,25,Auf & Ab,Montez,21,18,5
2022-03-26,1,Sehnsucht,Miksu / Macloud & T-Low,1,1,2
2022-03-26,2,Heat Waves,Glass Animals,2,1,6
2022-03-26,3,Weg Von Mir,CIVO,4,3,5
2022-03-26,4,abcdefu,GAYLE,3,1,6
2022-03-26,5,Zeit,Rammstein,-,5,1
2022-03-26,6,Where Are You Now,Lost Frequencies & Calum Scott,6,6,6
2022-03-26,7,Enemy,Imagine Dragons X JID,5,4,6
2022-03-26,8,Shivers,Ed Sheeran,7,4,6
2022-03-26,9,Kopf Aus,1986zig,8,3,6
2022-03-26,10,Cold Heart (PNAU Remix),Elton John & Dua Lipa,9,8,6
2022-03-26,11,Do It To It,Acraze Featuring Cherish,11,11,6
2022-03-26,12,Remedy,Leony,21,12,2
2022-03-26,13,Down Under,Luude Featuring Colin Hay,12,9,6
2022-03-26,14,Bad Habits,Ed Sheeran,10,6,6
2022-03-26,15,Infinity,Jaymes Young,19,15,6
2022-03-26,16,The Motto,Tiesto & Ava Max,15,11,6
2022-03-26,17,Stay,The Kid Laroi & Justin Bieber,13,10,6
2022-03-26,18,Pepas,Farruko,17,15,6
2022-03-26,19,Mit Dir,Sido,18,6,6
2022-03-26,20,Wenn Du Mich Vermisst,FOURTY & Mathea,16,16,5
2022-03-26,21,Acapulco,Jason Derulo,-,21,5
2022-03-26,22,Gott Ist Mein Zeuge,Capital Bra,-,22,1
2022-03-26,23,Thats What I Want,Lil Nas X,22,10,6
2022-03-26,24,Auf & Ab,Montez,25,18,6
2022-03-26,25,Another Love,Tom Odell,-,25,1
2022-04-02,1,Sehnsucht,Miksu / Macloud & T-Low,1,1,3
2022-04-02,2,Heat Waves,Glass Animals,2,1,7
2022-04-02,3,Weg Von Mir,CIVO,3,3,6
2022-04-02,4,abcdefu,GAYLE,4,1,7
2022-04-02,5,Majestic,Luciano,-,5,1
2022-04-02,6,Where Are You Now,Lost Frequencies & Calum Scott,6,6,7
2022-04-02,7,Enemy,Imagine Dragons X JID,7,4,7
2022-04-02,8,Fur Den Himmel Durch Die Holle,Kontra K,-,8,1
2022-04-02,9,Shivers,Ed Sheeran,8,4,7
2022-04-02,10,Remedy,Leony,12,10,3
2022-04-02,11,Cold Heart (PNAU Remix),Elton John & Dua Lipa,10,8,7
2022-04-02,12,Infinity,Jaymes Young,15,12,7
2022-04-02,13,The Motto,Tiesto & Ava Max,16,11,7
2022-04-02,14,Kopf Aus,1986zig,9,3,7
2022-04-02,15,Stay,The Kid Laroi & Justin Bieber,17,10,7
2022-04-02,16,Do It To It,Acraze Featuring Cherish,11,11,7
2022-04-02,17,Bad Habits,Ed Sheeran,14,6,7
2022-04-02,18,Pepas,Farruko,18,15,7
2022-04-02,19,Down Under,Luude Featuring Colin Hay,13,9,7
2022-04-02,20,Ich Lass Dich Nicht Los,Pietro Lombardi,-,20,1
2022-04-02,21,Mit Dir,Sido,19,6,7
2022-04-02,22,Another Love,Tom Odell,25,22,2
2022-04-02,23,Acapulco,Jason Derulo,21,21,6
2022-04-02,24,In The Dark,Purple Disco Machine + Sophie And The Giants,-,24,1
2022-04-02,25,Auf & Ab,Montez,24,18,7
2022-04-09,1,Sehnsucht,Miksu / Macloud & T-Low,1,1,4
2022-04-09,2,Heat Waves,Glass Animals,2,1,8
2022-04-09,3,abcdefu,GAYLE,4,1,8
2022-04-09,4,Weg Von Mir,CIVO,3,3,7
2022-04-09,5,Where Are You Now,Lost Frequencies & Calum Scott,6,5,8
2022-04-09,6,Enemy,Imagine Dragons X JID,7,4,8
2022-04-09,7,Shivers,Ed Sheeran,9,4,8
2022-04-09,8,Cold Heart (PNAU Remix),Elton John & Dua Lipa,11,8,8
2022-04-09,9,Remedy,Leony,10,9,4
2022-04-09,10,The Motto,Tiesto & Ava Max,13,10,8
2022-04-09,11,Pepas,Farruko,18,11,8
2022-04-09,12,Infinity,Jaymes Young,12,12,8
2022-04-09,13,Glucklich,01099 & Cro,-,13,1
2022-04-09,14,Stay,The Kid Laroi & Justin Bieber,15,10,8
2022-04-09,15,Bad Habits,Ed Sheeran,17,6,8
2022-04-09,16,Down Under,Luude Featuring Colin Hay,19,9,8
2022-04-09,17,Do It To It,Acraze Featuring Cherish,16,11,8
2022-04-09,18,In The Dark,Purple Disco Machine + Sophie And The Giants,24,18,2
2022-04-09,19,Kopf Aus,1986zig,14,3,8
2022-04-09,20,Mit Dir,Sido,21,6,8
2022-04-09,21,Another Love,Tom Odell,22,21,3
2022-04-09,22,Acapulco,Jason Derulo,23,21,7
2022-04-09,23,Love Tonight,Shouse,-,22,3
2022-04-09,24,Missed Calls,Chapo102 & 102 Boyz,-,24,1
2022-04-09,25,Auf & Ab,Montez,25,18,8
2022-04-16,1,Sehnsucht,Miksu / Macloud & T-Low,1,1,5
2022-04-16,2,As It Was,Harry Styles,-,2,1
2022-04-16,3,Heat Waves,Glass Animals,2,1,9
2022-04-16,4,abcdefu,GAYLE,3,1,9
2022-04-16,5,Weg Von Mir,CIVO,4,3,8
2022-04-16,6,Where Are You Now,Lost Frequencies & Calum Scott,5,5,9
2022-04-16,7,Enemy,Imagine Dragons X JID,6,4,9
2022-04-16,8,Remedy,Leony,9,8,5
2022-04-16,9,Bling Bling,twenty4tim,-,9,1
2022-04-16,10,Shivers,Ed Sheeran,7,4,9
2022-04-16,11,Cold Heart (PNAU Remix),Elton John & Dua Lipa,8,8,9
2022-04-16,12,Infinity,Jaymes Young,12,12,9
2022-04-16,13,Pepas,Farruko,11,11,9
2022-04-16,14,The Motto,Tiesto & Ava Max,10,10,9
2022-04-16,15,Another Love,Tom Odell,21,15,4
2022-04-16,16,Stay,The Kid Laroi & Justin Bieber,14,10,9
2022-04-16,17,Bad Habits,Ed Sheeran,15,6,9
2022-04-16,18,Do It To It,Acraze Featuring Cherish,17,11,9
2022-04-16,19,Ein Song Reicht,Kraftklub,-,19,1
2022-04-16,20,In The Dark,Purple Disco Machine + Sophie And The Giants,18,18,3
2022-04-16,21,In My Head,Lil Tjay,-,21,1
2022-04-16,22,Down Under,Luude Featuring Colin Hay,16,9,9
2022-04-16,23,Riesenjoints,The Cratez X Veysel X Gzuz,-,23,1
2022-04-16,24,Kopf Aus,1986zig,19,3,9
2022-04-16,25,Paris,Dardan,-,25,1
2022-04-23,1,First Class,Jack Harlow,-,1,1
2022-04-23,2,Sehnsucht,Miksu / Macloud & T-Low,1,1,6
2022-04-23,3,As It Was,Harry Styles,2,2,2
2022-04-23,4,Heat Waves,Glass Animals,3,1,10
2022-04-23,5,abcdefu,GAYLE,4,1,10
2022-04-23,6,Remedy,Leony,8,6,6
2022-04-23,7,Where Are You Now,Lost Frequencies & Calum Scott,6,5,10
2022-04-23,8,Weg Von Mir,CIVO,5,3,9
2022-04-23,9,Enemy,Imagine Dragons X JID,7,4,10
2022-04-23,10,Zick Zack,Rammstein,-,10,1
2022-04-23,11,Infinity,Jaymes Young,12,11,10
2022-04-23,12,Pepas,Farruko,13,11,10
2022-04-23,13,The Motto,Tiesto & Ava Max,14,10,10
2022-04-23,14,Cold Heart (PNAU Remix),Elton John & Dua Lipa,11,8,10
2022-04-23,15,Shivers,Ed Sheeran,10,4,10
2022-04-23,16,Bad Habits,Ed Sheeran,17,6,10
2022-04-23,17,Do It To It,Acraze Featuring Cherish,18,11,10
2022-04-23,18,In The Dark,Purple Disco Machine + Sophie And The Giants,20,18,4
2022-04-23,19,Stay,The Kid Laroi & Justin Bieber,16,10,10
2022-04-23,20,Another Love,Tom Odell,15,15,5
2022-04-23,21,Down Under,Luude Featuring Colin Hay,22,9,10
2022-04-23,22,Bam Bam,Camila Cabello Featuring Ed Sheeran,-,22,1
2022-04-23,23,Thats What I Want,Lil Nas X,-,10,7
2022-04-23,24,Love Tonight,Shouse,-,22,4
2022-04-23,25,Acapulco,Jason Derulo,-,21,8
2022-04-30,1,As It Was,Harry Styles,3,1,3
2022-04-30,2,First Class,Jack Harlow,1,1,2
2022-04-30,3,Sehnsucht,Miksu / Macloud & T-Low,2,1,7
2022-04-30,4,Heat Waves,Glass Animals,4,1,11
2022-04-30,5,Remedy,Leony,6,5,7
2022-04-30,6,abcdefu,GAYLE,5,1,11
2022-04-30,7,Where Are You Now,Lost Frequencies & Calum Scott,7,5,11
2022-04-30,8,Enemy,Imagine Dragons X JID,9,4,11
2022-04-30,9,Shivers,Ed Sheeran,15,4,11
2022-04-30,10,Weg Von Mir,CIVO,8,3,10
2022-04-30,11,Pepas,Farruko,12,11,11
2022-04-30,12,The Motto,Tiesto & Ava Max,13,10,11
2022-04-30,13,Infinity,Jaymes Young,11,11,11
2022-04-30,14,Cold Heart (PNAU Remix),Elton John & Dua Lipa,14,8,11
2022-04-30,15,Bad Habits,Ed Sheeran,16,6,11
2022-04-30,16,Stay,The Kid Laroi & Justin Bieber,19,10,11
2022-04-30,17,In The Dark,Purple Disco Machine + Sophie And The Giants,18,17,5
2022-04-30,18,Bam Bam,Camila Cabello Featuring Ed Sheeran,22,18,2
2022-04-30,19,Do It To It,Acraze Featuring Cherish,17,11,11
2022-04-30,20,Down Under,Luude Featuring Colin Hay,21,9,11
2022-04-30,21,Another Love,Tom Odell,20,15,6
2022-04-30,22,Acapulco,Jason Derulo,25,21,9
2022-04-30,23,Love Tonight,Shouse,24,22,5
2022-04-30,24,Sorry,ClockClock,-,24,1
2022-04-30,25,Manila,Alvaro Soler & Ray Dalton,-,25,1
2022-05-07,1,We Made It,t-Low & Miksu / Macloud,-,1,1
2022-05-07,2,Sehnsucht,Miksu / Macloud & T-Low,3,1,8
2022-05-07,3,As It Was,Harry Styles,1,1,4
2022-05-07,4,First Class,Jack Harlow,2,1,3
2022-05-07,5,Powerade,SiraOne & BHZ,-,5,1
2022-05-07,6,Heat Waves,Glass Animals,4,1,12
2022-05-07,7,Remedy,Leony,5,5,8
2022-05-07,8,abcdefu,GAYLE,6,1,12
2022-05-07,9,Weg Von Mir,CIVO,10,3,11
2022-05-07,10,Mein Planet,RAF Camora,-,10,1
2022-05-07,11,Where Are You Now,Lost Frequencies & Calum Scott,7,5,12
2022-05-07,12,Shivers,Ed Sheeran,9,4,12
2022-05-07,13,Pepas,Farruko,11,11,12
2022-05-07,14,Enemy,Imagine Dragons X JID,8,4,12
2022-05-07,15,Bam Bam,Camila Cabello Featuring Ed Sheeran,18,15,3
2022-05-07,16,Cold Heart (PNAU Remix),Elton John & Dua Lipa,14,8,12
2022-05-07,17,Infinity,Jaymes Young,13,11,12
2022-05-07,18,Bad Habits,Ed Sheeran,15,6,12
2022-05-07,19,The Motto,Tiesto & Ava Max,12,10,12
2022-05-07,20,In The Dark,Purple Disco Machine + Sophie And The Giants,17,17,6
2022-05-07,21,Erklare Mir Die Liebe,Juju X Chapo 102 X Philipp Poisel,-,21,1
2022-05-07,22,Another Love,Tom Odell,21,15,7
2022-05-07,23,Manila,Alvaro Soler & Ray Dalton,25,23,2
2022-05-07,24,Stay,The Kid Laroi & Justin Bieber,16,10,12
2022-05-07,25,Do It To It,Acraze Featuring Cherish,19,11,12
2022-05-14,1,Beautiful Girl,Luciano,-,1,1
2022-05-14,2,We Made It,t-Low & Miksu / Macloud,1,1,2
2022-05-14,3,Sehnsucht,Miksu / Macloud & T-Low,2,1,9
2022-05-14,4,Powerade,SiraOne & BHZ,5,4,2
2022-05-14,5,As It Was,Harry Styles,3,1,5
2022-05-14,6,First Class,Jack Harlow,4,1,4
2022-05-14,7,Heat Waves,Glass Animals,6,1,13
2022-05-14,8,Angst,Rammstein,-,8,1
2022-05-14,9,Remedy,Leony,7,5,9
2022-05-14,10,Bob Marley,"The Cratez, Bonez MC & LX",-,10,1
2022-05-14,11,abcdefu,GAYLE,8,1,13
2022-05-14,12,Zeit,Rammstein,-,5,2
2022-05-14,13,Where Are You Now,Lost Frequencies & Calum Scott,11,5,13
2022-05-14,14,Zick Zack,Rammstein,-,10,2
2022-05-14,15,Shivers,Ed Sheeran,12,4,13
2022-05-14,16,Weg Von Mir,CIVO,9,3,12
2022-05-14,17,Armee der Tristen,Rammstein,-,17,1
2022-05-14,18,Bam Bam,Camila Cabello Featuring Ed Sheeran,15,15,4
2022-05-14,19,Cold Heart (PNAU Remix),Elton John & Dua Lipa,16,8,13
2022-05-14,20,Pepas,Farruko,13,11,13
2022-05-14,21,LV,Samra,-,21,1
2022-05-14,22,House Of Memories,Panic! At The Disco,-,22,1
2022-05-14,23,The Motto,Tiesto & Ava Max,19,10,13
2022-05-14,24,Dicke Titten,Rammstein,-,24,1
2022-05-14,25,Enemy,Imagine Dragons X JID,14,4,13
2022-05-21,1,Beautiful Girl,Luciano,1,1,2
2022-05-21,2,We Made It,t-Low & Miksu / Macloud,2,1,3
2022-05-21,3,Powerade,SiraOne & BHZ,4,3,3
2022-05-21,4,Sehnsucht,Miksu / Macloud & T-Low,3,1,10
2022-05-21,5,As It Was,Harry Styles,5,1,6
2022-05-21,6,First Class,Jack Harlow,6,1,5
2022-05-21,7,Obsessed,Dardan x RAF Camora,-,7,1
2022-05-21,8,Heat Waves,Glass Animals,7,1,14
2022-05-21,9,Remedy,Leony,9,5,10
2022-05-21,10,Where Are You Now,Lost Frequencies & Calum Scott,13,5,14
2022-05-21,11,abcdefu,GAYLE,11,1,14
2022-05-21,12,House Of Memories,Panic! At The Disco,22,12,2
2022-05-21,13,Bam Bam,Camila Cabello Featuring Ed Sheeran,18,13,5
2022-05-21,14,Shivers,Ed Sheeran,15,4,14
2022-05-21,15,Cold Heart (PNAU Remix),Elton John & Dua Lipa,19,8,14
2022-05-21,16,Pepas,Farruko,20,11,14
2022-05-21,17,Weg Von Mir,CIVO,16,3,13
2022-05-21,18,Sorry,ClockClock,-,18,2
2022-05-21,19,Move Your Body,Ownboss & SEVEK,-,19,1
2022-05-21,20,Enemy,Imagine Dragons X JID,25,4,14
2022-05-21,21,The Motto,Tiesto & Ava Max,23,10,14
2022-05-21,22,Manila,Alvaro Soler & Ray Dalton,-,22,3
2022-05-21,23,Die Schonsten Tage,SDP X Clueso,-,23,1
2022-05-21,24,In The Dark,Purple Disco Machine + Sophie And The Giants,-,17,7
2022-05-21,25,Bad Habits,Ed Sheeran,-,6,13
2022-05-28,1,Beautiful Girl,Luciano,1,1,3
2022-05-28,2,Powerade,SiraOne & BHZ,3,2,4
2022-05-28,3,We Made It,t-Low & Miksu / Macloud,2,1,4
2022-05-28,4,Sehnsucht,Miksu / Macloud & T-Low,4,1,11
2022-05-28,5,As It Was,Harry Styles,5,1,7
2022-05-28,6,Airbnb,t-Low X Ufo361,-,6,1
2022-05-28,7,First Class,Jack Harlow,6,1,6
2022-05-28,8,Heat Waves,Glass Animals,8,1,15
2022-05-28,9,Rockstars,Malik Harris,-,9,1
2022-05-28,10,Remedy,Leony,9,5,11
2022-05-28,11,The Motto,Tiesto & Ava Max,21,10,15
2022-05-28,12,House Of Memories,Panic! At The Disco,12,12,3
2022-05-28,13,Where Are You Now,Lost Frequencies & Calum Scott,10,5,15
2022-05-28,14,abcdefu,GAYLE,11,1,15
2022-05-28,15,Pepas,Farruko,16,11,15
2022-05-28,16,Shivers,Ed Sheeran,14,4,15
2022-05-28,17,Cold Heart (PNAU Remix),Elton John & Dua Lipa,15,8,15
2022-05-28,18,Bam Bam,Camila Cabello Featuring Ed Sheeran,13,13,6
2022-05-28,19,Die Schonsten Tage,SDP X Clueso,23,19,2
2022-05-28,20,Move Your Body,Ownboss & SEVEK,19,19,2
2022-05-28,21,Sorry,ClockClock,18,18,3
2022-05-28,22,Konum Gizli,MERO & Murda,-,22,1
2022-05-28,23,Weg Von Mir,CIVO,17,3,14
2022-05-28,24,Obsessed,Dardan x RAF Camora,7,7,2
2022-05-28,25,Enemy,Imagine Dragons X JID,20,4,15
2022-06-04,1,Beautiful Girl,Luciano,1,1,4
2022-06-04,2,Powerade,SiraOne & BHZ,2,2,5
2022-06-04,3,As It Was,Harry Styles,5,1,8
2022-06-04,4,We Made It,t-Low & Miksu / Macloud,3,1,5
2022-06-04,5,Sehnsucht,Miksu / Macloud & T-Low,4,1,12
2022-06-04,6,Heat Waves,Glass Animals,8,1,16
2022-06-04,7,Ohne Benzin,Domiziana,-,7,1
2022-06-04,8,First Class,Jack Harlow,7,1,7
2022-06-04,9,Remedy,Leony,10,5,12
2022-06-04,10,Where Are You Now,Lost Frequencies & Calum Scott,13,5,16
2022-06-04,11,The Motto,Tiesto & Ava Max,11,10,16
2022-06-04,12,House Of Memories,Panic! At The Disco,12,12,4
2022-06-04,13,Die Schonsten Tage,SDP X Clueso,19,13,3
2022-06-04,14,Move Your Body,Ownboss & SEVEK,20,14,3
2022-06-04,15,Pepas,Farruko,15,11,16
2022-06-04,16,abcdefu,GAYLE,14,1,16
2022-06-04,17,Rockstars,Malik Harris,9,9,2
2022-06-04,18,Cold Heart (PNAU Remix),Elton John & Dua Lipa,17,8,16
2022-06-04,19,Shivers,Ed Sheeran,16,4,16
2022-06-04,20,Bam Bam,Camila Cabello Featuring Ed Sheeran,18,13,7
2022-06-04,21,Airbnb,t-Low X Ufo361,6,6,2
2022-06-04,22,Late Night Talking,Harry Styles,-,22,1
2022-06-04,23,Sorry,ClockClock,21,18,4
2022-06-04,24,Enemy,Imagine Dragons X JID,25,4,16
2022-06-04,25,Molotov,"Farid Bang, Capital Bra & Kollegah",-,25,1
2022-06-11,1,Beautiful Girl,Luciano,1,1,5
2022-06-11,2,Ohne Benzin,Domiziana,7,2,2
2022-06-11,3,Powerade,SiraOne & BHZ,2,2,6
2022-06-11,4,As It Was,Harry Styles,3,1,9
2022-06-11,5,Sehnsucht,Miksu / Macloud & T-Low,5,1,13
2022-06-11,6,We Made It,t-Low & Miksu / Macloud,4,1,6
2022-06-11,7,Layla,DJ Robin & Schurze,-,7,1
2022-06-11,8,Heat Waves,Glass Animals,6,1,17
2022-06-11,9,First Class,Jack Harlow,8,1,8
2022-06-11,10,Running Up That Hill (A Deal With God),Kate Bush,-,10,1
2022-06-11,11,House Of Memories,Panic! At The Disco,12,11,5
2022-06-11,12,Remedy,Leony,9,5,13
2022-06-11,13,Move Your Body,Ownboss & SEVEK,14,13,4
2022-06-11,14,The Motto,Tiesto & Ava Max,11,10,17
2022-06-11,15,Die Schonsten Tage,SDP X Clueso,13,13,4
2022-06-11,16,Where Are You Now,Lost Frequencies & Calum Scott,10,5,17
2022-06-11,17,Pepas,Farruko,15,11,17
2022-06-11,18,Dicke Titten,Rammstein,-,18,2
2022-06-11,19,Shivers,Ed Sheeran,19,4,17
2022-06-11,20,abcdefu,GAYLE,16,1,17
2022-06-11,21,Bam Bam,Camila Cabello Featuring Ed Sheeran,20,13,8
2022-06-11,22,Je M'appelle,Benzz,-,22,1
2022-06-11,23,Cold Heart (PNAU Remix),Elton John & Dua Lipa,18,8,17
2022-06-11,24,Rockstars,Malik Harris,17,9,3
2022-06-11,25,Sorry,ClockClock,23,18,5
2022-06-18,1,Beautiful Girl,Luciano,1,1,6
2022-06-18,2,Ohne Benzin,Domiziana,2,2,3
2022-06-18,3,Layla,DJ Robin & Schurze,7,3,2
2022-06-18,4,Running Up That Hill (A Deal With God),Kate Bush,10,4,2
2022-06-18,5,Ausmacht,Emilio,-,5,1
2022-06-18,6,Powerade,SiraOne & BHZ,3,2,7
2022-06-18,7,As It Was,Harry Styles,4,1,10
2022-06-18,8,Sehnsucht,Miksu / Macloud & T-Low,5,1,14
2022-06-18,9,We Made It,t-Low & Miksu / Macloud,6,1,7
2022-06-18,10,Heat Waves,Glass Animals,8,1,18
2022-06-18,11,Beretta,"Farid Bang, Capital Bra & SANNA",-,11,1
2022-06-18,12,Die Schonsten Tage,SDP X Clueso,15,12,5
2022-06-18,13,Move Your Body,Ownboss & SEVEK,13,13,5
2022-06-18,14,First Class,Jack Harlow,9,1,9
2022-06-18,15,Wieder 2015,Kontra K,-,15,1
2022-06-18,16,Pepas,Farruko,17,11,18
2022-06-18,17,House Of Memories,Panic! At The Disco,11,11,6
2022-06-18,18,Where Are You Now,Lost Frequencies & Calum Scott,16,5,18
2022-06-18,19,The Motto,Tiesto & Ava Max,14,10,18
2022-06-18,20,Remedy,Leony,12,5,14
2022-06-18,21,Coachella,The Ironix & Nullzweizwei,-,21,1
2022-06-18,22,Dicht Im Flieger,Julian Sommer,-,22,1
2022-06-18,23,Eismond,Samra,-,23,1
2022-06-18,24,Je M'appelle,Benzz,22,22,2
2022-06-18,25,Cold Heart (PNAU Remix),Elton John & Dua Lipa,23,8,18
2022-06-25,1,Ohne Benzin,Domiziana,2,1,4
2022-06-25,2,Beautiful Girl,Luciano,1,1,7
2022-06-25,3,Layla,DJ Robin & Schurze,3,3,3
2022-06-25,4,Running Up That Hill (A Deal With God),Kate Bush,4,4,3
2022-06-25,5,Ausmacht,Emilio,5,5,2
2022-06-25,6,Powerade,SiraOne & BHZ,6,2,8
2022-06-25,7,As It Was,Harry Styles,7,1,11
2022-06-25,8,Sehnsucht,Miksu / Macloud & T-Low,8,1,15
2022-06-25,9,We Made It,t-Low & Miksu / Macloud,9,1,8
2022-06-25,10,Heat Waves,Glass Animals,10,1,19
2022-06-25,11,Die Schonsten Tage,SDP X Clueso,12,11,6
2022-06-25,12,Move Your Body,Ownboss & SEVEK,13,12,6
2022-06-25,13,Pepas,Farruko,16,11,19
2022-06-25,14,Dicht Im Flieger,Julian Sommer,22,14,2
2022-06-25,15,Where Are You Now,Lost Frequencies & Calum Scott,18,5,19
2022-06-25,16,Belly Dancer,Imanbek & BYOR,-,16,1
2022-06-25,17,Remedy,Leony,20,5,15
2022-06-25,18,Je M'appelle,Benzz,24,18,3
2022-06-25,19,First Class,Jack Harlow,14,1,10
2022-06-25,20,The Motto,Tiesto & Ava Max,19,10,19
2022-06-25,21,Bam Bam,Camila Cabello Featuring Ed Sheeran,-,13,9
2022-06-25,22,House Of Memories,Panic! At The Disco,17,11,7
2022-06-25,23,Coachella,The Ironix & Nullzweizwei,21,21,2
2022-06-25,24,Cold Heart (PNAU Remix),Elton John & Dua Lipa,25,8,19
2022-06-25,25,Ferrari,James Hype & Miggy Dela Rosa,-,25,1
2022-07-02,1,Layla,DJ Robin & Schurze,3,1,4
2022-07-02,2,Ohne Benzin,Domiziana,1,1,5
2022-07-02,3,Beautiful Girl,Luciano,2,1,8
2022-07-02,4,Powerade,SiraOne & BHZ,6,2,9
2022-07-02,5,Running Up That Hill (A Deal With God),Kate Bush,4,4,4
2022-07-02,6,Ausmacht,Emilio,5,5,3
2022-07-02,7,As It Was,Harry Styles,7,1,12
2022-07-02,8,Sehnsucht,Miksu / Macloud & T-Low,8,1,16
2022-07-02,9,We Made It,t-Low & Miksu / Macloud,9,1,9
2022-07-02,10,Heat Waves,Glass Animals,10,1,20
2022-07-02,11,Dicht Im Flieger,Julian Sommer,14,11,3
2022-07-02,12,Die Schonsten Tage,SDP X Clueso,11,11,7
2022-07-02,13,Move Your Body,Ownboss & SEVEK,12,12,7
2022-07-02,14,Pepas,Farruko,13,11,20
2022-07-02,15,Ferrari,James Hype & Miggy Dela Rosa,25,15,2
2022-07-02,16,Belly Dancer,Imanbek & BYOR,16,16,2
2022-07-02,17,Where Are You Now,Lost Frequencies & Calum Scott,15,5,20
2022-07-02,18,Cloud,Headie One & Luciano,-,18,1
2022-07-02,19,Remedy,Leony,17,5,16
2022-07-02,20,Bam Bam,Camila Cabello Featuring Ed Sheeran,21,13,10
2022-07-02,21,Je M'appelle,Benzz,18,18,4
2022-07-02,22,The Motto,Tiesto & Ava Max,20,10,20
2022-07-02,23,High,Cro & Claudia Valentina,-,23,1
2022-07-02,24,Shivers,Ed Sheeran,-,4,18
2022-07-02,25,Coachella,The Ironix & Nullzweizwei,23,21,3
2022-07-09,1,Layla,DJ Robin & Schurze,1,1,5
2022-07-09,2,Ohne Benzin,Domiziana,2,1,6
2022-07-09,3,Beautiful Girl,Luciano,3,1,9
2022-07-09,4,Powerade,SiraOne & BHZ,4,2,10
2022-07-09,5,Running Up That Hill (A Deal With God),Kate Bush,5,4,5
2022-07-09,6,Paradise,Liaze,-,6,1
2022-07-09,7,As It Was,Harry Styles,7,1,13
2022-07-09,8,Ausmacht,Emilio,6,5,4
2022-07-09,9,We Made It,t-Low & Miksu / Macloud,9,1,10
2022-07-09,10,Dicht Im Flieger,Julian Sommer,11,10,4
2022-07-09,11,Sehnsucht,Miksu / Macloud & T-Low,8,1,17
2022-07-09,12,Heat Waves,Glass Animals,10,1,21
2022-07-09,13,Ferrari,James Hype & Miggy Dela Rosa,15,13,3
2022-07-09,14,KMN,Azet Featuring Zuna,-,14,1
2022-07-09,15,Move Your Body,Ownboss & SEVEK,13,12,8
2022-07-09,16,Belly Dancer,Imanbek & BYOR,16,16,3
2022-07-09,17,Pepas,Farruko,14,11,21
2022-07-09,18,Die Schonsten Tage,SDP X Clueso,12,11,8
2022-07-09,19,Push It,Luciano,-,19,1
2022-07-09,20,Where Are You Now,Lost Frequencies & Calum Scott,17,5,21
2022-07-09,21,Je M'appelle,Benzz,21,18,5
2022-07-09,22,Bam Bam,Camila Cabello Featuring Ed Sheeran,20,13,11
2022-07-09,23,Amin,Samra,-,23,1
2022-07-09,24,Shivers,Ed Sheeran,24,4,19
2022-07-09,25,The Motto,Tiesto & Ava Max,22,10,21
2022-07-16,1,Layla,DJ Robin & Schurze,1,1,6
2022-07-16,2,Beautiful Girl,Luciano,3,1,10
2022-07-16,3,Ohne Benzin,Domiziana,2,1,7
2022-07-16,4,Paradise,Liaze,6,4,2
2022-07-16,5,Running Up That Hill (A Deal With God),Kate Bush,5,4,6
2022-07-16,6,Powerade,SiraOne & BHZ,4,2,11
2022-07-16,7,As It Was,Harry Styles,7,1,14
2022-07-16,8,We Made It,t-Low & Miksu / Macloud,9,1,11
2022-07-16,9,Sehnsucht,Miksu / Macloud & T-Low,11,1,18
2022-07-16,10,Ferrari,James Hype & Miggy Dela Rosa,13,10,4
2022-07-16,11,Dicht Im Flieger,Julian Sommer,10,10,5
2022-07-16,12,Heat Waves,Glass Animals,12,1,22
2022-07-16,13,Ausmacht,Emilio,8,5,5
2022-07-16,14,Move Your Body,Ownboss & SEVEK,15,12,9
2022-07-16,15,Belly Dancer,Imanbek & BYOR,16,15,4
2022-07-16,16,Die Schonsten Tage,SDP X Clueso,18,11,9
2022-07-16,17,Pepas,Farruko,17,11,22
2022-07-16,18,Where Are You Now,Lost Frequencies & Calum Scott,20,5,22
2022-07-16,19,Bam Bam,Camila Cabello Featuring Ed Sheeran,22,13,12
2022-07-16,20,Shivers,Ed Sheeran,24,4,20
2022-07-16,21,I Believe,KAMRAD,-,21,1
2022-07-16,22,Lebenslang,Tream/iboii,-,22,1
2022-07-16,23,The Motto,Tiesto & Ava Max,25,10,22
2022-07-16,24,Je M'appelle,Benzz,21,18,6
2022-07-16,25,Cold Heart (PNAU Remix),Elton John & Dua Lipa,-,8,20
2022-07-23,1,Layla,DJ Robin & Schurze,1,1,7
2022-07-23,2,Paradise,Liaze,4,2,3
2022-07-23,3,Follow,"Kontra K, Sido & Leony",-,3,1
2022-07-23,4,Kleiner Prinz,PASHANIM,-,4,1
2022-07-23,5,Beautiful Girl,Luciano,2,1,11
2022-07-23,6,Ohne Benzin,Domiziana,3,1,8
2022-07-23,7,Running Up That Hill (A Deal With God),Kate Bush,5,4,7
2022-07-23,8,Powerade,SiraOne & BHZ,6,2,12
2022-07-23,9,Ferrari,James Hype & Miggy Dela Rosa,10,9,5
2022-07-23,10,As It Was,Harry Styles,7,1,15
2022-07-23,11,We Made It,t-Low & Miksu / Macloud,8,1,12
2022-07-23,12,Dicht Im Flieger,Julian Sommer,11,10,6
2022-07-23,13,Hot Summer,Shindy,-,13,1
2022-07-23,14,Sehnsucht,Miksu / Macloud & T-Low,9,1,19
2022-07-23,15,Nachts Wach,Miksu / Macloud & makko,-,15,1
2022-07-23,16,Heat Waves,Glass Animals,12,1,23
2022-07-23,17,Belly Dancer,Imanbek & BYOR,15,15,5
2022-07-23,18,Move Your Body,Ownboss & SEVEK,14,12,10
2022-07-23,19,Ausmacht,Emilio,13,5,6
2022-07-23,20,Lebenslang,Tream/iboii,22,20,2
2022-07-23,21,Pepas,Farruko,17,11,23
2022-07-23,22,Die Schonsten Tage,SDP X Clueso,16,11,10
2022-07-23,23,Shivers,Ed Sheeran,20,4,21
2022-07-23,24,Bam Bam,Camila Cabello Featuring Ed Sheeran,19,13,13
2022-07-23,25,Where Are You Now,Lost Frequencies & Calum Scott,18,5,23
2022-07-30,1,Layla,DJ Robin & Schurze,1,1,8
2022-07-30,2,Letztes Mal,Bonez MC & RAF Camora,-,2,1
2022-07-30,3,Paradise,Liaze,2,2,4
2022-07-30,4,Beautiful Girl,Luciano,5,1,12
2022-07-30,5,Follow,"Kontra K, Sido & Leony",3,3,2
2022-07-30,6,Ohne Benzin,Domiziana,6,1,9
2022-07-30,7,Commitment Issues,RIN,-,7,1
2022-07-30,8,Kleiner Prinz,PASHANIM,4,4,2
2022-07-30,9,Running Up That Hill (A Deal With God),Kate Bush,7,4,8
2022-07-30,10,Ferrari,James Hype & Miggy Dela Rosa,9,9,6
2022-07-30,11,Dicht Im Flieger,Julian Sommer,12,10,7
2022-07-30,12,As It Was,Harry Styles,10,1,16
2022-07-30,13,Powerade,SiraOne & BHZ,8,2,13
2022-07-30,14,Ups & Downs,Theo Junior,-,14,1
2022-07-30,15,Sehnsucht,Miksu / Macloud & T-Low,14,1,20
2022-07-30,16,Eigentlich,LEA X 01099,-,16,1
2022-07-30,17,We Made It,t-Low & Miksu / Macloud,11,1,13
2022-07-30,18,Nachts Wach,Miksu / Macloud & makko,15,15,2
2022-07-30,19,Belly Dancer,Imanbek & BYOR,17,15,6
2022-07-30,20,Heat Waves,Glass Animals,16,1,24
2022-07-30,21,Karussell,Azet Featuring Zuna,-,21,1
2022-07-30,22,Move Your Body,Ownboss & SEVEK,18,12,11
2022-07-30,23,Pepas,Farruko,21,11,24
2022-07-30,24,Snap,Rosa Linn,-,24,1
2022-07-30,25,Lebenslang,Tream/iboii,20,20,3
2022-08-06,1,Layla,DJ Robin & Schurze,1,1,9
2022-08-06,2,Paradise,Liaze,3,2,5
2022-08-06,3,Beautiful Girl,Luciano,4,1,13
2022-08-06,4,Ohne Benzin,Domiziana,6,1,10
2022-08-06,5,Follow,"Kontra K, Sido & Leony",5,3,3
2022-08-06,6,Ferrari,James Hype & Miggy Dela Rosa,10,6,7
2022-08-06,7,Olivia,Die Zipfelbuben,-,7,1
2022-08-06,8,Letztes Mal,Bonez MC & RAF Camora,2,2,2
2022-08-06,9,Running Up That Hill (A Deal With God),Kate Bush,9,4,9
2022-08-06,10,As It Was,Harry Styles,12,1,17
2022-08-06,11,Dicht Im Flieger,Julian Sommer,11,10,8
2022-08-06,12,Nachts Wach,Miksu / Macloud & makko,18,12,3
2022-08-06,13,Ticket Nach Ketama,ARY & Liaze,-,13,1
2022-08-06,14,Powerade,SiraOne & BHZ,13,2,14
2022-08-06,15,Kleiner Prinz,PASHANIM,8,4,3
2022-08-06,16,Ups & Downs,Theo Junior,14,14,2
2022-08-06,17,Adrenalina,Dhurata Dora Featuring Luciano,-,17,1
2022-08-06,18,Heaven,PA Sports,-,18,1
2022-08-06,19,Commitment Issues,RIN,7,7,2
2022-08-06,20,Snap,Rosa Linn,24,20,2
2022-08-06,21,Belly Dancer,Imanbek & BYOR,19,15,7
2022-08-06,22,We Made It,t-Low & Miksu / Macloud,17,1,14
2022-08-06,23,Sehnsucht,Miksu / Macloud & T-Low,15,1,21
2022-08-06,24,Heat Waves,Glass Animals,20,1,25
2022-08-06,25,Move Your Body,Ownboss & SEVEK,22,12,12
2022-08-13,1,Layla,DJ Robin & Schurze,1,1,10
2022-08-13,2,Paradise,Liaze,2,2,6
2022-08-13,3,Olivia,Die Zipfelbuben,7,3,2
2022-08-13,4,Beautiful Girl,Luciano,3,1,14
2022-08-13,5,Nachts Wach,Miksu / Macloud & makko,12,5,4
2022-08-13,6,Ferrari,James Hype & Miggy Dela Rosa,6,6,8
2022-08-13,7,Frozen Tears,Luciano,-,7,1
2022-08-13,8,Follow,"Kontra K, Sido & Leony",5,3,4
2022-08-13,9,Ohne Benzin,Domiziana,4,1,11
2022-08-13,10,Running Up That Hill (A Deal With God),Kate Bush,9,4,10
2022-08-13,11,As It Was,Harry Styles,10,1,18
2022-08-13,12,Powerade,SiraOne & BHZ,14,2,15
2022-08-13,13,Dicht Im Flieger,Julian Sommer,11,10,9
2022-08-13,14,Ups & Downs,Theo Junior,16,14,3
2022-08-13,15,Belly Dancer,Imanbek & BYOR,21,15,8
2022-08-13,16,Snap,Rosa Linn,20,16,3
2022-08-13,17,Letztes Mal,Bonez MC & RAF Camora,8,2,3
2022-08-13,18,Ticket Nach Ketama,ARY & Liaze,13,13,2
2022-08-13,19,Sehnsucht,Miksu / Macloud & T-Low,23,1,22
2022-08-13,20,Heat Waves,Glass Animals,24,1,26
2022-08-13,21,We Made It,t-Low & Miksu / Macloud,22,1,15
2022-08-13,22,Move Your Body,Ownboss & SEVEK,25,12,13
2022-08-13,23,Kleiner Prinz,PASHANIM,15,4,4
2022-08-13,24,Commitment Issues,RIN,19,7,3
2022-08-13,25,Pepas,Farruko,-,11,25
2022-08-20,1,Layla,DJ Robin & Schurze,1,1,11
2022-08-20,2,Nachts Wach,Miksu / Macloud & makko,5,2,5
2022-08-20,3,Sommer,Bonez MC & RAF Camora,-,3,1
2022-08-20,4,Paradise,Liaze,2,2,7
2022-08-20,5,Olivia,Die Zipfelbuben,3,3,3
2022-08-20,6,Beautiful Girl,Luciano,4,1,15
2022-08-20,7,Ferrari,James Hype & Miggy Dela Rosa,6,6,9
2022-08-20,8,Follow,"Kontra K, Sido & Leony",8,3,5
2022-08-20,9,Ohne Benzin,Domiziana,9,1,12
2022-08-20,10,Belly Dancer,Imanbek & BYOR,15,10,9
2022-08-20,11,As It Was,Harry Styles,11,1,19
2022-08-20,12,Powerade,SiraOne & BHZ,12,2,16
2022-08-20,13,Running Up That Hill (A Deal With God),Kate Bush,10,4,11
2022-08-20,14,Snap,Rosa Linn,16,14,4
2022-08-20,15,Dicht Im Flieger,Julian Sommer,13,10,10
2022-08-20,16,Sehnsucht,Miksu / Macloud & T-Low,19,1,23
2022-08-20,17,Frozen Tears,Luciano,7,7,2
2022-08-20,18,Heat Waves,Glass Animals,20,1,27
2022-08-20,19,Letztes Mal,Bonez MC & RAF Camora,17,2,4
2022-08-20,20,Ups & Downs,Theo Junior,14,14,4
2022-08-20,21,Move Your Body,Ownboss & SEVEK,22,12,14
2022-08-20,22,Pepas,Farruko,25,11,26
2022-08-20,23,We Made It,t-Low & Miksu / Macloud,21,1,16
2022-08-20,24,Lebenslang,Tream/iboii,-,20,4
2022-08-20,25,Doja,Central Cee,-,25,1
2022-08-27,1,Layla,DJ Robin & Schurze,1,1,12
2022-08-27,2,Wildberry Lillet,Nina Chuba,-,2,1
2022-08-27,3,Nachts Wach,Miksu / Macloud & makko,2,2,6
2022-08-27,4,Paradise,Liaze,4,2,8
2022-08-27,5,Olivia,Die Zipfelbuben,5,3,4
2022-08-27,6,Ferrari,James Hype & Miggy Dela Rosa,7,6,10
2022-08-27,7,Sommer,Bonez MC & RAF Camora,3,3,2
2022-08-27,8,Beautiful Girl,Luciano,6,1,16
2022-08-27,9,Follow,"Kontra K, Sido & Leony",8,3,6
2022-08-27,10,Ohne Benzin,Domiziana,9,1,13
2022-08-27,11,Belly Dancer,Imanbek & BYOR,10,10,10
2022-08-27,12,As It Was,Harry Styles,11,1,20
2022-08-27,13,Powerade,SiraOne & BHZ,12,2,17
2022-08-27,14,Snap,Rosa Linn,14,14,5
2022-08-27,15,Running Up That Hill (A Deal With God),Kate Bush,13,4,12
2022-08-27,16,Mood,Makar,-,16,1
2022-08-27,17,Sehnsucht,Miksu / Macloud & T-Low,16,1,24
2022-08-27,18,Heat Waves,Glass Animals,18,1,28
2022-08-27,19,Dicht Im Flieger,Julian Sommer,15,10,11
2022-08-27,20,Move Your Body,Ownboss & SEVEK,21,12,15
2022-08-27,21,Doja,Central Cee,25,21,2
2022-08-27,22,Miss You,southstar,-,22,1
2022-08-27,23,Pepas,Farruko,22,11,27
2022-08-27,24,Lebenslang,Tream/iboii,24,20,5
2022-08-27,25,We Made It,t-Low & Miksu / Macloud,23,1,17
2022-09-03,1,Wildberry Lillet,Nina Chuba,2,1,2
2022-09-03,2,Nachts Wach,Miksu / Macloud & makko,3,2,7
2022-09-03,3,Layla,DJ Robin & Schurze,1,1,13
2022-09-03,4,Paradise,Liaze,4,2,9
2022-09-03,5,Ferrari,James Hype & Miggy Dela Rosa,6,5,11
2022-09-03,6,Beautiful Girl,Luciano,8,1,17
2022-09-03,7,Olivia,Die Zipfelbuben,5,3,5
2022-09-03,8,Follow,"Kontra K, Sido & Leony",9,3,7
2022-09-03,9,As It Was,Harry Styles,12,1,21
2022-09-03,10,Belly Dancer,Imanbek & BYOR,11,10,11
2022-09-03,11,Sommer,Bonez MC & RAF Camora,7,3,3
2022-09-03,12,Ohne Benzin,Domiziana,10,1,14
2022-09-03,13,Powerade,SiraOne & BHZ,13,2,18
2022-09-03,14,Snap,Rosa Linn,14,14,6
2022-09-03,15,Mood,Makar,16,15,2
2022-09-03,16,Another Love,Tom Odell,-,15,8
2022-09-03,17,Running Up That Hill (A Deal With God),Kate Bush,15,4,13
2022-09-03,18,Doja,Central Cee,21,18,3
2022-09-03,19,Heat Waves,Glass Animals,18,1,29
2022-09-03,20,Sehnsucht,Miksu / Macloud & T-Low,17,1,25
2022-09-03,21,Miss You,southstar,22,21,2
2022-09-03,22,Mami Freestyle,Shindy,-,22,1
2022-09-03,23,Move Your Body,Ownboss & SEVEK,20,12,16
2022-09-03,24,Pepas,Farruko,23,11,28
2022-09-03,25,We Made It,t-Low & Miksu / Macloud,25,1,18
2022-09-10,1,Wildberry Lillet,Nina Chuba,1,1,3
2022-09-10,2,Nachts Wach,Miksu / Macloud & makko,2,2,8
2022-09-10,3,Layla,DJ Robin & Schurze,3,1,14
2022-09-10,4,Ferrari,James Hype & Miggy Dela Rosa,5,4,12
2022-09-10,5,Paradise,Liaze,4,2,10
2022-09-10,6,Beautiful Girl,Luciano,6,1,18
2022-09-10,7,Follow,"Kontra K, Sido & Leony",8,3,8
2022-09-10,8,Kiss Me,Samra X TOPIC42,-,8,1
2022-09-10,9,As It Was,Harry Styles,9,1,22
2022-09-10,10,Belly Dancer,Imanbek & BYOR,10,10,12
2022-09-10,11,Olivia,Die Zipfelbuben,7,3,6
2022-09-10,12,I'm Good (Blue),David Guetta & Bebe Rexha,-,12,1
2022-09-10,13,Another Love,Tom Odell,16,13,9
2022-09-10,14,Snap,Rosa Linn,14,14,7
2022-09-10,15,Miss You,southstar,21,15,3
2022-09-10,16,Ohne Benzin,Domiziana,12,1,15
2022-09-10,17,Powerade,SiraOne & BHZ,13,2,19
2022-09-10,18,Doja,Central Cee,18,18,4
2022-09-10,19,Under The Influence,Chris Brown,-,19,1
2022-09-10,20,Mood,Makar,15,15,3
2022-09-10,21,Sommer,Bonez MC & RAF Camora,11,3,4
2022-09-10,22,Running Up That Hill (A Deal With God),Kate Bush,17,4,14
2022-09-10,23,Heat Waves,Glass Animals,19,1,30
2022-09-10,24,Sehnsucht,Miksu / Macloud & T-Low,20,1,26
2022-09-10,25,Move Your Body,Ownboss & SEVEK,23,12,17
2022-09-17,1,Nachts Wach,Miksu / Macloud & makko,2,1,9
2022-09-17,2,Wildberry Lillet,Nina Chuba,1,1,4
2022-09-17,3,Taxi,Bonez MC & RAF Camora Featuring Gzuz,-,3,1
2022-09-17,4,I'm Good (Blue),David Guetta & Bebe Rexha,12,4,2
2022-09-17,5,Layla,DJ Robin & Schurze,3,1,15
2022-09-17,6,Ferrari,James Hype & Miggy Dela Rosa,4,4,13
2022-09-17,7,Paradise,Liaze,5,2,11
2022-09-17,8,Beautiful Girl,Luciano,6,1,19
2022-09-17,9,As It Was,Harry Styles,9,1,23
2022-09-17,10,Belly Dancer,Imanbek & BYOR,10,10,13
2022-09-17,11,Another Love,Tom Odell,13,11,10
2022-09-17,12,Follow,"Kontra K, Sido & Leony",7,3,9
2022-09-17,13,Miss You,southstar,15,13,4
2022-09-17,14,Snap,Rosa Linn,14,14,8
2022-09-17,15,Under The Influence,Chris Brown,19,15,2
2022-09-17,16,Doja,Central Cee,18,16,5
2022-09-17,17,Olivia,Die Zipfelbuben,11,3,7
2022-09-17,18,Powerade,SiraOne & BHZ,17,2,20
2022-09-17,19,Ohne Benzin,Domiziana,16,1,16
2022-09-17,20,Sommer,Bonez MC & RAF Camora,21,3,5
2022-09-17,21,I Ain't Worried,OneRepublic,-,21,1
2022-09-17,22,Heat Waves,Glass Animals,23,1,31
2022-09-17,23,Mood,Makar,20,15,4
2022-09-17,24,Running Up That Hill (A Deal With God),Kate Bush,22,4,15
2022-09-17,25,Move Your Body,Ownboss & SEVEK,25,12,18
2022-09-24,1,Wildberry Lillet,Nina Chuba,2,1,5
2022-09-24,2,Nachts Wach,Miksu / Macloud & makko,1,1,10
2022-09-24,3,I'm Good (Blue),David Guetta & Bebe Rexha,4,3,3
2022-09-24,4,Taxi,Bonez MC & RAF Camora Featuring Gzuz,3,3,2
2022-09-24,5,Layla,DJ Robin & Schurze,5,1,16
2022-09-24,6,Eine Idee,Bonez MC & RAF Camora,-,6,1
2022-09-24,7,Ferrari,James Hype & Miggy Dela Rosa,6,4,14
2022-09-24,8,Paradise,Liaze,7,2,12
2022-09-24,9,Sternenstaub,RIN & Schmyt,-,9,1
2022-09-24,10,Belly Dancer,Imanbek & BYOR,10,10,14
2022-09-24,11,Beautiful Girl,Luciano,8,1,20
2022-09-24,12,Another Love,Tom Odell,11,11,11
2022-09-24,13,Diamant,Bonez MC & RAF Camora,-,13,1
2022-09-24,14,As It Was,Harry Styles,9,1,24
2022-09-24,15,Under The Influence,Chris Brown,15,15,3
2022-09-24,16,Snap,Rosa Linn,14,14,9
2022-09-24,17,Miss You,southstar,13,13,5
2022-09-24,18,Follow,"Kontra K, Sido & Leony",12,3,10
2022-09-24,19,Sommer,Bonez MC & RAF Camora,20,3,6
2022-09-24,20,Letztes Mal,Bonez MC & RAF Camora,-,2,5
2022-09-24,21,Ohne Benzin,Domiziana,19,1,17
2022-09-24,22,Doja,Central Cee,16,16,6
2022-09-24,23,Powerade,SiraOne & BHZ,18,2,21
2022-09-24,24,I Ain't Worried,OneRepublic,21,21,2
2022-09-24,25,Heat Waves,Glass Animals,22,1,32
2022-10-01,1,Wildberry Lillet,Nina Chuba,1,1,6
2022-10-01,2,Nachts Wach,Miksu / Macloud & makko,2,1,11
2022-10-01,3,I'm Good (Blue),David Guetta & Bebe Rexha,3,3,4
2022-10-01,4,Layla,DJ Robin & Schurze,5,1,17
2022-10-01,5,Ferrari,James Hype & Miggy Dela Rosa,7,4,15
2022-10-01,6,Alleine (SW43 L33 D1DO Remix),Yung Hurn,-,6,1
2022-10-01,7,Another Love,Tom Odell,12,7,12
2022-10-01,8,Belly Dancer,Imanbek & BYOR,10,8,15
2022-10-01,9,Paradise,Liaze,8,2,13
2022-10-01,10,Taxi,Bonez MC & RAF Camora Featuring Gzuz,4,3,3
2022-10-01,11,Snap,Rosa Linn,16,11,10
2022-10-01,12,Beautiful Girl,Luciano,11,1,21
2022-10-01,13,Under The Influence,Chris Brown,15,13,4
2022-10-01,14,Miss You,southstar,17,13,6
2022-10-01,15,As It Was,Harry Styles,14,1,25
2022-10-01,16,Follow,"Kontra K, Sido & Leony",18,3,11
2022-10-01,17,Eine Idee,Bonez MC & RAF Camora,6,6,2
2022-10-01,18,Sternenstaub,RIN & Schmyt,9,9,2
2022-10-01,19,Another Love,OsTEKKe,-,19,1
2022-10-01,20,I Ain't Worried,OneRepublic,24,20,3
2022-10-01,21,Powerade,SiraOne & BHZ,23,2,22
2022-10-01,22,Ohne Benzin,Domiziana,21,1,18
2022-10-01,23,Heat Waves,Glass Animals,25,1,33
2022-10-01,24,Doja,Central Cee,22,16,7
2022-10-01,25,Shut Down,BLACKPINK,-,25,1
2022-10-08,1,Bamba,Luciano & Aitch Featuring Bia,-,1,1
2022-10-08,2,Wildberry Lillet,Nina Chuba,1,1,7
2022-10-08,3,Nachts Wach,Miksu / Macloud & makko,2,1,12
2022-10-08,4,Unholy,Sam Smith & Kim Petras,-,4,1
2022-10-08,5,I'm Good (Blue),David Guetta & Bebe Rexha,3,3,5
2022-10-08,6,Layla,DJ Robin & Schurze,4,1,18
2022-10-08,7,Ferrari,James Hype & Miggy Dela Rosa,5,4,16
2022-10-08,8,Another Love,Tom Odell,7,7,13
2022-10-08,9,Keine Tranen,badmomzjay,-,9,1
2022-10-08,10,Belly Dancer,Imanbek & BYOR,8,8,16
2022-10-08,11,Snap,Rosa Linn,11,11,11
2022-10-08,12,Paradise,Liaze,9,2,14
2022-10-08,13,Alleine (SW43 L33 D1DO Remix),Yung Hurn,6,6,2
2022-10-08,14,Under The Influence,Chris Brown,13,13,5
2022-10-08,15,Miss You,southstar,14,13,7
2022-10-08,16,Beautiful Girl,Luciano,12,1,22
2022-10-08,17,As It Was,Harry Styles,15,1,26
2022-10-08,18,Versager,Sido,-,18,1
2022-10-08,19,Follow,"Kontra K, Sido & Leony",16,3,12
2022-10-08,20,Another Love,OsTEKKe,19,19,2
2022-10-08,21,Taxi,Bonez MC & RAF Camora Featuring Gzuz,10,3,4
2022-10-08,22,I Ain't Worried,OneRepublic,20,20,4
2022-10-08,23,Star Walkin' (League Of Legends Worlds Anthem),Lil Nas X,-,23,1
2022-10-08,24,Eine Idee,Bonez MC & RAF Camora,17,6,3
2022-10-08,25,Heat Waves,Glass Animals,23,1,34
2022-10-15,1,Bamba,Luciano & Aitch Featuring Bia,1,1,2
2022-10-15,2,Wildberry Lillet,Nina Chuba,2,1,8
2022-10-15,3,Unholy,Sam Smith & Kim Petras,4,3,2
2022-10-15,4,Nachts Wach,Miksu / Macloud & makko,3,1,13
2022-10-15,5,I'm Good (Blue),David Guetta & Bebe Rexha,5,3,6
2022-10-15,6,Kissenschlacht,Jamule & FOURTY,-,6,1
2022-10-15,7,West Connect,Luciano & Central Cee,-,7,1
2022-10-15,8,Layla,DJ Robin & Schurze,6,1,19
2022-10-15,9,Another Love,Tom Odell,8,7,14
2022-10-15,10,Doppel G,PASHANIM,-,10,1
2022-10-15,11,Gonn Dir,twenty4tim,-,11,1
2022-10-15,12,Beautiful Girl,Luciano,16,1,23
2022-10-15,13,Miss You,southstar,15,13,8
2022-10-15,14,Ferrari,James Hype & Miggy Dela Rosa,7,4,17
2022-10-15,15,Belly Dancer,Imanbek & BYOR,10,8,17
2022-10-15,16,Under The Influence,Chris Brown,14,13,6
2022-10-15,17,Snap,Rosa Linn,11,11,12
2022-10-15,18,Paradise,Liaze,12,2,15
2022-10-15,19,2019 (Justbars Rmx),PASHANIM,-,19,1
2022-10-15,20,As It Was,Harry Styles,17,1,27
2022-10-15,21,Undercover,Samra,-,21,1
2022-10-15,22,Alleine (SW43 L33 D1DO Remix),Yung Hurn,13,6,3
2022-10-15,23,Cider,Paul & $OHO BANI,-,23,1
2022-10-15,24,Keine Tranen,badmomzjay,9,9,2
2022-10-15,25,Follow,"Kontra K, Sido & Leony",19,3,13
2022-10-22,1,Bamba,Luciano & Aitch Featuring Bia,1,1,3
2022-10-22,2,Wildberry Lillet,Nina Chuba,2,1,9
2022-10-22,3,Unholy,Sam Smith & Kim Petras,3,3,3
2022-10-22,4,Nachts Wach,Miksu / Macloud & makko,4,1,14
2022-10-22,5,I'm Good (Blue),David Guetta & Bebe Rexha,5,3,7
2022-10-22,6,Fuhlst Du Das Auch,Apache 207,-,6,1
2022-10-22,7,Kissenschlacht,Jamule & FOURTY,6,6,2
2022-10-22,8,Ich Hass Dich,Nina Chuba & Chapo102,-,8,1
2022-10-22,9,Miss You,southstar,13,9,9
2022-10-22,10,Another Love,Tom Odell,9,7,15
2022-10-22,11,West Connect,Luciano & Central Cee,7,7,2
2022-10-22,12,Layla,DJ Robin & Schurze,8,1,20
2022-10-22,13,Ferrari,James Hype & Miggy Dela Rosa,14,4,18
2022-10-22,14,Mood,Makar,-,14,5
2022-10-22,15,Snap,Rosa Linn,17,11,13
2022-10-22,16,Belly Dancer,Imanbek & BYOR,15,8,18
2022-10-22,17,Beautiful Girl,Luciano,12,1,24
2022-10-22,18,Under The Influence,Chris Brown,16,13,7
2022-10-22,19,Paradise,Liaze,18,2,16
2022-10-22,20,Doppel G,PASHANIM,10,10,2
2022-10-22,21,As It Was,Harry Styles,20,1,28
2022-10-22,22,Sternzeichen Arrogant,Rosc,-,22,1
2022-10-22,23,I Ain't Worried,OneRepublic,-,20,5
2022-10-22,24,Follow,"Kontra K, Sido & Leony",25,3,14
2022-10-22,25,Missing You,Monet192 & Nael,-,25,1
2022-10-29,1,Bamba,Luciano & Aitch Featuring Bia,1,1,4
2022-10-29,2,Wildberry Lillet,Nina Chuba,2,1,10
2022-10-29,3,Unholy,Sam Smith & Kim Petras,3,3,4
2022-10-29,4,I'm Good (Blue),David Guetta & Bebe Rexha,5,3,8
2022-10-29,5,Nachts Wach,Miksu / Macloud & makko,4,1,15
2022-10-29,6,Miss You,southstar,9,6,10
2022-10-29,7,Fuhlst Du Das Auch,Apache 207,6,6,2
2022-10-29,8,Ich Hass Dich,Nina Chuba & Chapo102,8,8,2
2022-10-29,9,Kissenschlacht,Jamule & FOURTY,7,6,3
2022-10-29,10,Another Love,Tom Odell,10,7,16
2022-10-29,11,Snap,Rosa Linn,15,11,14
2022-10-29,12,Ferrari,James Hype & Miggy Dela Rosa,13,4,19
2022-10-29,13,Layla,DJ Robin & Schurze,12,1,21
2022-10-29,14,Belly Dancer,Imanbek & BYOR,16,8,19
2022-10-29,15,Under The Influence,Chris Brown,18,13,8
2022-10-29,16,Bei Nacht,AYLIVA,-,16,1
2022-10-29,17,Beautiful Girl,Luciano,17,1,25
2022-10-29,18,0uhr26,Capital Bra,-,18,1
2022-10-29,19,Du Fehlst,Eddin,-,19,1
2022-10-29,20,Paradise,Liaze,19,2,17
2022-10-29,21,Mood,Makar,14,14,6
2022-10-29,22,As It Was,Harry Styles,21,1,29
2022-10-29,23,Valium,1986zig x Samra,-,23,1
2022-10-29,24,I Ain't Worried,OneRepublic,23,20,6
2022-10-29,25,Ufuk Bayraktar,Ufo361,-,25,1
2022-11-05,1,Zukunft Pink,Peter Fox Featuring Inez,-,1,1
2022-11-05,2,Wildberry Lillet,Nina Chuba,2,1,11
2022-11-05,3,Bamba,Luciano & Aitch Featuring Bia,1,1,5
2022-11-05,4,Unholy,Sam Smith & Kim Petras,3,3,5
2022-11-05,5,I'm Good (Blue),David Guetta & Bebe Rexha,4,3,9
2022-11-05,6,Nachts Wach,Miksu / Macloud & makko,5,1,16
2022-11-05,7,Miss You,southstar,6,6,11
2022-11-05,8,Anti-Hero,Taylor Swift,-,8,1
2022-11-05,9,Ich Hass Dich,Nina Chuba & Chapo102,8,8,3
2022-11-05,10,Another Love,Tom Odell,10,7,17
2022-11-05,11,Fuhlst Du Das Auch,Apache 207,7,6,3
2022-11-05,12,Medizin,Sido & Jamule,-,12,1
2022-11-05,13,Bei Nacht,AYLIVA,16,13,2
2022-11-05,14,Snap,Rosa Linn,11,11,15
2022-11-05,15,Kissenschlacht,Jamule & FOURTY,9,6,4
2022-11-05,16,Under The Influence,Chris Brown,15,13,9
2022-11-05,17,Ferrari,James Hype & Miggy Dela Rosa,12,4,20
2022-11-05,18,Verliebt,M/M X T-Low,-,18,1
2022-11-05,19,Layla,DJ Robin & Schurze,13,1,22
2022-11-05,20,Belly Dancer,Imanbek & BYOR,14,8,20
2022-11-05,21,Ufuk Bayraktar,Ufo361,25,21,2
2022-11-05,22,Beautiful Girl,Luciano,17,1,26
2022-11-05,23,Uber,KALIM & reezy,-,23,1
2022-11-05,24,Mockingbird,Eminem,-,24,1
2022-11-05,25,Snow On The Beach,Taylor Swift Featuring Lana Del Rey,-,25,1
2022-11-12,1,Zukunft Pink,Peter Fox Featuring Inez,1,1,2
2022-11-12,2,Wildberry Lillet,Nina Chuba,2,1,12
2022-11-12,3,Unholy,Sam Smith & Kim Petras,4,3,6
2022-11-12,4,Bamba,Luciano & Aitch Featuring Bia,3,1,6
2022-11-12,5,I'm Good (Blue),David Guetta & Bebe Rexha,5,3,10
2022-11-12,6,Nachts Wach,Miksu / Macloud & makko,6,1,17
2022-11-12,7,Miss You,southstar,7,6,12
2022-11-12,8,Anti-Hero,Taylor Swift,8,8,2
2022-11-12,9,Another Love,Tom Odell,10,7,18
2022-11-12,10,Lift Me Up,Rihanna,-,10,1
2022-11-12,11,Ich Hass Dich,Nina Chuba & Chapo102,9,8,4
2022-11-12,12,Snap,Rosa Linn,14,11,16
2022-11-12,13,Bei Nacht,AYLIVA,13,13,3
2022-11-12,14,2000 Euro,Jamule & FOURTY,-,14,1
2022-11-12,15,Ferrari,James Hype & Miggy Dela Rosa,17,4,21
2022-11-12,16,Penthousedach,Samra,-,16,1
2022-11-12,17,Fuhlst Du Das Auch,Apache 207,11,6,4
2022-11-12,18,Layla,DJ Robin & Schurze,19,1,23
2022-11-12,19,Kissenschlacht,Jamule & FOURTY,15,6,5
2022-11-12,20,Miss You,Oliver Tree & Robin Schulz,-,20,1
2022-11-12,21,Belly Dancer,Imanbek & BYOR,20,8,21
2022-11-12,22,Under The Influence,Chris Brown,16,13,10
2022-11-12,23,Moulaga,Bobby Vandamme x Dorian,-,23,1
2022-11-12,24,Mockingbird,Eminem,24,24,2
2022-11-12,25,Beautiful Girl,Luciano,22,1,27
2022-11-19,1,Zukunft Pink,Peter Fox Featuring Inez,1,1,3
2022-11-19,2,Unholy,Sam Smith & Kim Petras,3,2,7
2022-11-19,3,Wildberry Lillet,Nina Chuba,2,1,13
2022-11-19,4,Bamba,Luciano & Aitch Featuring Bia,4,1,7
2022-11-19,5,I'm Good (Blue),David Guetta & Bebe Rexha,5,3,11
2022-11-19,6,Nachts Wach,Miksu / Macloud & makko,6,1,18
2022-11-19,7,Miss You,southstar,7,6,13
2022-11-19,8,Anti-Hero,Taylor Swift,8,8,3
2022-11-19,9,Another Love,Tom Odell,9,7,19
2022-11-19,10,Mama War Der Mann Im Haus,XATAR & Samy,-,10,1
2022-11-19,11,Snap,Rosa Linn,12,11,17
2022-11-19,12,Bei Nacht,AYLIVA,13,12,4
2022-11-19,13,Miss You,Oliver Tree & Robin Schulz,20,13,2
2022-11-19,14,Ich Hass Dich,Nina Chuba & Chapo102,11,8,5
2022-11-19,15,Rich Flex,Drake & 21 Savage,-,15,1
2022-11-19,16,Moodswings,reezy,-,16,1
2022-11-19,17,Ferrari,James Hype & Miggy Dela Rosa,15,4,22
2022-11-19,18,Mockingbird,Eminem,24,18,3
2022-11-19,19,Moulaga,Bobby Vandamme x Dorian,23,19,2
2022-11-19,20,Belly Dancer,Imanbek & BYOR,21,8,22
2022-11-19,21,Under The Influence,Chris Brown,22,13,11
2022-11-19,22,Calm Down,Rema & Selena Gomez,-,22,1
2022-11-19,23,Kissenschlacht,Jamule & FOURTY,19,6,6
2022-11-19,24,How Do I Say Goodbye,Dean Lewis,-,24,1
2022-11-19,25,Major Distribution,Drake & 21 Savage,-,25,1
2022-11-26,1,Zukunft Pink,Peter Fox Featuring Inez,1,1,4
2022-11-26,2,Unholy,Sam Smith & Kim Petras,2,2,8
2022-11-26,3,Wildberry Lillet,Nina Chuba,3,1,14
2022-11-26,4,Bamba,Luciano & Aitch Featuring Bia,4,1,8
2022-11-26,5,I'm Good (Blue),David Guetta & Bebe Rexha,5,3,12
2022-11-26,6,Nachts Wach,Miksu / Macloud & makko,6,1,19
2022-11-26,7,Miss You,southstar,7,6,14
2022-11-26,8,Anti-Hero,Taylor Swift,8,8,4
2022-11-26,9,Mama War Der Mann Im Haus,XATAR & Samy,10,9,2
2022-11-26,10,Another Love,Tom Odell,9,7,20
2022-11-26,11,Snap,Rosa Linn,11,11,18
2022-11-26,12,Miss You,Oliver Tree & Robin Schulz,13,12,3
2022-11-26,13,Mockingbird,Eminem,18,13,4
2022-11-26,14,Bei Nacht,AYLIVA,12,12,5
2022-11-26,15,Blackout,AK AUSSERKONTROLLE,-,15,1
2022-11-26,16,Ich Hass Dich,Nina Chuba & Chapo102,14,8,6
2022-11-26,17,Ferrari,James Hype & Miggy Dela Rosa,17,4,23
2022-11-26,18,Belly Dancer,Imanbek & BYOR,20,8,23
2022-11-26,19,No Reply,Ufo361,-,19,1
2022-11-26,20,Liebst Du Mich,Sido,-,20,1
2022-11-26,21,Calm Down,Rema & Selena Gomez,22,21,2
2022-11-26,22,Moulaga,Bobby Vandamme x Dorian,19,19,3
2022-11-26,23,6 Minuten,Samra & Alies,-,23,1
2022-11-26,24,Rich Flex,Drake & 21 Savage,15,15,2
2022-11-26,25,How Do I Say Goodbye,Dean Lewis,24,24,2
2022-12-03,1,Zukunft Pink,Peter Fox Featuring Inez,1,1,5
2022-12-03,2,Unholy,Sam Smith & Kim Petras,2,2,9
2022-12-03,3,Wildberry Lillet,Nina Chuba,3,1,15
2022-12-03,4,I'm Good (Blue),David Guetta & Bebe Rexha,5,3,13
2022-12-03,5,Bamba,Luciano & Aitch Featuring Bia,4,1,9
2022-12-03,6,All I Want For Christmas Is You,Mariah Carey,-,6,1
2022-12-03,7,Last Christmas,Wham!,-,7,1
2022-12-03,8,Another Love,Tom Odell,10,7,21
2022-12-03,9,Nachts Wach,Miksu / Macloud & makko,6,1,20
2022-12-03,10,Miss You,southstar,7,6,15
2022-12-03,11,Nie Wieder Sehen,Juju,-,11,1
2022-12-03,12,Mockingbird,Eminem,13,12,5
2022-12-03,13,Anti-Hero,Taylor Swift,8,8,5
2022-12-03,14,Miss You,Oliver Tree & Robin Schulz,12,12,4
2022-12-03,15,Mama War Der Mann Im Haus,XATAR & Samy,9,9,3
2022-12-03,16,Merry Christmas Everyone,Shakin' Stevens,-,16,1
2022-12-03,17,Snap,Rosa Linn,11,11,19
2022-12-03,18,Ich Hass Dich,Nina Chuba & Chapo102,16,8,7
2022-12-03,19,Driving Home For Christmas,Chris Rea,-,19,1
2022-12-03,20,Bei Nacht,AYLIVA,14,12,6
2022-12-03,21,Santa Tell Me,Ariana Grande,-,21,1
2022-12-03,22,Rockin' Around The Christmas Tree,Brenda Lee,-,22,1
2022-12-03,23,How Do I Say Goodbye,Dean Lewis,25,23,3
2022-12-03,24,Ferrari,James Hype & Miggy Dela Rosa,17,4,24
2022-12-03,25,Jingle Bell Rock,Bobby Helms,-,25,1
2022-12-10,1,All I Want For Christmas Is You,Mariah Carey,6,1,2
2022-12-10,2,Last Christmas,Wham!,7,2,2
2022-12-10,3,Zukunft Pink,Peter Fox Featuring Inez,1,1,6
2022-12-10,4,Merry Christmas Everyone,Shakin' Stevens,16,4,2
2022-12-10,5,Rockin' Around The Christmas Tree,Brenda Lee,22,5,2
2022-12-10,6,Driving Home For Christmas,Chris Rea,19,6,2
2022-12-10,7,Unholy,Sam Smith & Kim Petras,2,2,10
2022-12-10,8,Jingle Bell Rock,Bobby Helms,25,8,2
2022-12-10,9,Wildberry Lillet,Nina Chuba,3,1,16
2022-12-10,10,I'm Good (Blue),David Guetta & Bebe Rexha,4,3,14
2022-12-10,11,Bamba,Luciano & Aitch Featuring Bia,5,1,10
2022-12-10,12,It's Beginning To Look A Lot Like Christmas,Michael Buble,-,12,1
2022-12-10,13,Feliz Navidad,Jose Feliciano,-,13,1
2022-12-10,14,Santa Tell Me,Ariana Grande,21,14,2
2022-12-10,15,Merry Christmas,Ed Sheeran & Elton John,-,15,1
2022-12-10,16,Wonderful Dream (Holidays Are Coming),Melanie Thornton,-,16,1
2022-12-10,17,Let It Snow! Let It Snow! Let It Snow!,Dean Martin,-,17,1
2022-12-10,18,Another Love,Tom Odell,8,7,22
2022-12-10,19,Mockingbird,Eminem,12,12,6
2022-12-10,20,Underneath The Tree,Kelly Clarkson,-,20,1
2022-12-10,21,Do They Know It's Christmas?,Band Aid,-,21,1
2022-12-10,22,Anti-Hero,Taylor Swift,13,8,6
2022-12-10,23,Snowman,Sia,-,23,1
2022-12-10,24,Holly Jolly Christmas,Michael Buble,-,24,1
2022-12-10,25,Miss You,southstar,10,6,16
2022-12-17,1,All I Want For Christmas Is You,Mariah Carey,1,1,3
2022-12-17,2,Last Christmas,Wham!,2,2,3
2022-12-17,3,Merry Christmas Everyone,Shakin' Stevens,4,3,3
2022-12-17,4,Driving Home For Christmas,Chris Rea,6,4,3
2022-12-17,5,Rockin' Around The Christmas Tree,Brenda Lee,5,5,3
2022-12-17,6,Zukunft Pink,Peter Fox Featuring Inez,3,1,7
2022-12-17,7,Jingle Bell Rock,Bobby Helms,8,7,3
2022-12-17,8,Feliz Navidad,Jose Feliciano,13,8,2
2022-12-17,9,Merry Christmas,Ed Sheeran & Elton John,15,9,2
2022-12-17,10,It's Beginning To Look A Lot Like Christmas,Michael Buble,12,10,2
2022-12-17,11,Let It Snow! Let It Snow! Let It Snow!,Dean Martin,17,11,2
2022-12-17,12,Happy Xmas (War Is Over),John & Yoko/The Plastic Ono Band With The Harlem Community Choir,-,12,1
2022-12-17,13,Wonderful Dream (Holidays Are Coming),Melanie Thornton,16,13,2
2022-12-17,14,Wildberry Lillet,Nina Chuba,9,1,17
2022-12-17,15,Wonderful Christmastime,Paul McCartney,-,15,1
2022-12-17,16,Unholy,Sam Smith & Kim Petras,7,2,11
2022-12-17,17,Underneath The Tree,Kelly Clarkson,20,17,2
2022-12-17,18,Santa Tell Me,Ariana Grande,14,14,3
2022-12-17,19,Do They Know It's Christmas?,Band Aid,21,19,2
2022-12-17,20,Snowman,Sia,23,20,2
2022-12-17,21,I'm Good (Blue),David Guetta & Bebe Rexha,10,3,15
2022-12-17,22,Holly Jolly Christmas,Michael Buble,24,22,2
2022-12-17,23,Bamba,Luciano & Aitch Featuring Bia,11,1,11
2022-12-17,24,Another Love,Tom Odell,18,7,23
2022-12-17,25,Nachts Wach,Miksu / Macloud & makko,-,1,21
2022-12-24,1,Last Christmas,Wham!,2,1,4
2022-12-24,2,All I Want For Christmas Is You,Mariah Carey,1,1,4
2022-12-24,3,Merry Christmas Everyone,Shakin' Stevens,3,3,4
2022-12-24,4,Rockin' Around The Christmas Tree,Brenda Lee,5,4,4
2022-12-24,5,Driving Home For Christmas,Chris Rea,4,4,4
2022-12-24,6,Jingle Bell Rock,Bobby Helms,7,6,4
2022-12-24,7,It's Beginning To Look A Lot Like Christmas,Michael Buble,10,7,3
2022-12-24,8,Feliz Navidad,Jose Feliciano,8,8,3
2022-12-24,9,Zukunft Pink,Peter Fox Featuring Inez,6,1,8
2022-12-24,10,Merry Christmas,Ed Sheeran & Elton John,9,9,3
2022-12-24,11,Wonderful Dream (Holidays Are Coming),Melanie Thornton,13,11,3
2022-12-24,12,Let It Snow! Let It Snow! Let It Snow!,Dean Martin,11,11,3
2022-12-24,13,Santa Tell Me,Ariana Grande,18,13,4
2022-12-24,14,Underneath The Tree,Kelly Clarkson,17,14,3
2022-12-24,15,Snowman,Sia,20,15,3
2022-12-24,16,Unholy,Sam Smith & Kim Petras,16,2,12
2022-12-24,17,Wildberry Lillet,Nina Chuba,14,1,18
2022-12-24,18,Buzz Down,Bonez MC,-,18,1
2022-12-24,19,Happy Xmas (War Is Over),John & Yoko/The Plastic Ono Band With The Harlem Community Choir,12,12,2
2022-12-24,20,Do They Know It's Christmas?,Band Aid,19,19,3
2022-12-24,21,Wonderful Christmastime,Paul McCartney,15,15,2
2022-12-24,22,I'm Good (Blue),David Guetta & Bebe Rexha,21,3,16
2022-12-24,23,Holly Jolly Christmas,Michael Buble,22,22,3
2022-12-24,24,Escapism,RAYE Featuring 070 Shake,-,24,1
2022-12-24,25,Bamba,Luciano & Aitch Featuring Bia,23,1,12
2022-12-31,1,Last Christmas,Wham!,1,1,5
2022-12-31,2,All I Want For Christmas Is You,Mariah Carey,2,1,5
2022-12-31,3,Merry Christmas Everyone,Shakin' Stevens,3,3,5
2022-12-31,4,Rockin' Around The Christmas Tree,Brenda Lee,4,4,5
2022-12-31,5,Driving Home For Christmas,Chris Rea,5,4,5
2022-12-31,6,Jingle Bell Rock,Bobby Helms,6,6,5
2022-12-31,7,Feliz Navidad,Jose Feliciano,8,7,4
2022-12-31,8,Merry Christmas,Ed Sheeran & Elton John,10,8,4
2022-12-31,9,Wonderful Dream (Holidays Are Coming),Melanie Thornton,11,9,4
2022-12-31,10,It's Beginning To Look A Lot Like Christmas,Michael Buble,7,7,4
2022-12-31,11,Let It Snow! Let It Snow! Let It Snow!,Dean Martin,12,11,4
2022-12-31,12,Zukunft Pink,Peter Fox Featuring Inez,9,1,9
2022-12-31,13,Snowman,Sia,15,13,4
2022-12-31,14,Underneath The Tree,Kelly Clarkson,14,14,4
2022-12-31,15,Santa Tell Me,Ariana Grande,13,13,5
2022-12-31,16,Happy Xmas (War Is Over),John & Yoko/The Plastic Ono Band With The Harlem Community Choir,19,12,3
2022-12-31,17,Do They Know It's Christmas?,Band Aid,20,17,4
2022-12-31,18,Wonderful Christmastime,Paul McCartney,21,15,3
2022-12-31,19,Let Go,Central Cee,-,19,1
2022-12-31,20,Wildberry Lillet,Nina Chuba,17,1,19
2022-12-31,21,Unholy,Sam Smith & Kim Petras,16,2,13
2022-12-31,22,Holly Jolly Christmas,Michael Buble,23,22,4
2022-12-31,23,I'm Good (Blue),David Guetta & Bebe Rexha,22,3,17
2022-12-31,24,Christmas Time,Bryan Adams,-,24,1
2022-12-31,25,"Rudolph, The Red-Nosed Reindeer",Dean Martin,-,25,1
2023-01-07,1,Last Christmas,Wham!,1,1,6
2023-01-07,2,All I Want For Christmas Is You,Mariah Carey,2,1,6
2023-01-07,3,Merry Christmas Everyone,Shakin' Stevens,3,3,6
2023-01-07,4,Driving Home For Christmas,Chris Rea,5,4,6
2023-01-07,5,Rockin' Around The Christmas Tree,Brenda Lee,4,4,6
2023-01-07,6,Jingle Bell Rock,Bobby Helms,6,6,6
2023-01-07,7,Feliz Navidad,Jose Feliciano,7,7,5
2023-01-07,8,It's Beginning To Look A Lot Like Christmas,Michael Buble,10,7,5
2023-01-07,9,Merry Christmas,Ed Sheeran & Elton John,8,8,5
2023-01-07,10,Wonderful Dream (Holidays Are Coming),Melanie Thornton,9,9,5
2023-01-07,11,Let It Snow! Let It Snow! Let It Snow!,Dean Martin,11,11,5
2023-01-07,12,Wonderful Christmastime,Paul McCartney,18,12,4
2023-01-07,13,Happy Xmas (War Is Over),John & Yoko/The Plastic Ono Band With The Harlem Community Choir,16,12,4
2023-01-07,14,Underneath The Tree,Kelly Clarkson,14,14,5
2023-01-07,15,Snowman,Sia,13,13,5
2023-01-07,16,Santa Tell Me,Ariana Grande,15,13,6
2023-01-07,17,Christmas Time,Bryan Adams,24,17,2
2023-01-07,18,Hallelujah,Pentatonix,-,18,1
2023-01-07,19,Do They Know It's Christmas?,Band Aid,17,17,5
2023-01-07,20,Holly Jolly Christmas,Michael Buble,22,20,5
2023-01-07,21,"Rudolph, The Red-Nosed Reindeer",Dean Martin,25,21,2
2023-01-07,22,Mistletoe,Justin Bieber,-,22,1
2023-01-07,23,Thank God It's Christmas,Queen,-,23,1
2023-01-07,24,Please Come Home For Christmas,Eagles,-,24,1
2023-01-07,25,Christmas Lights,Coldplay,-,25,1
2023-01-14,1,Wildberry Lillet,Nina Chuba,-,1,20
2023-01-14,2,I'm Good (Blue),David Guetta & Bebe Rexha,-,2,18
2023-01-14,3,Zukunft Pink,Peter Fox Featuring Inez,-,1,10
2023-01-14,4,Unholy,Sam Smith & Kim Petras,-,2,14
2023-01-14,5,Escapism,RAYE Featuring 070 Shake,-,5,2
2023-01-14,6,Bamba,Luciano & Aitch Featuring Bia,-,1,13
2023-01-14,7,Belly Dancer,Imanbek & BYOR,-,7,24
2023-01-14,8,Let Go,Central Cee,-,8,2
2023-01-14,9,Ferrari,James Hype & Miggy Dela Rosa,-,4,25
2023-01-14,10,Nachts Wach,Miksu / Macloud & makko,-,1,22
2023-01-14,11,Miss You,southstar,-,6,17
2023-01-14,12,Another Love,Tom Odell,-,7,24
2023-01-14,13,Anti-Hero,Taylor Swift,-,8,7
2023-01-14,14,Creepin',"Metro Boomin , The Weeknd & 21 Savage",-,14,1
2023-01-14,15,Bad Memories,Meduza x James Carter Featuring Elley Duhe & FAST BOY,-,15,1
2023-01-14,16,Mockingbird,Eminem,-,12,7
2023-01-14,17,Layla,DJ Robin & Schurze,-,1,24
2023-01-14,18,Snap,Rosa Linn,-,11,20
2023-01-14,19,Call It Love,Felix Jaehn & Ray Dalton,-,19,1
2023-01-14,20,Glatteis,Nina Chuba,-,20,1
2023-01-14,21,Miss You,Oliver Tree & Robin Schulz,-,12,5
2023-01-14,22,Calm Down,Rema & Selena Gomez,-,21,3
2023-01-14,23,As It Was,Harry Styles,-,1,30
2023-01-14,24,Heat Waves,Glass Animals,-,1,35
2023-01-14,25,Star Walkin' (League Of Legends Worlds Anthem),Lil Nas X,-,23,2
2023-01-21,1,Sie Weib,AYLIVA Featuring MERO,-,1,1
2023-01-21,2,I'm Good (Blue),David Guetta & Bebe Rexha,2,2,19
2023-01-21,3,Zukunft Pink,Peter Fox Featuring Inez,3,1,11
2023-01-21,4,Escapism,RAYE Featuring 070 Shake,5,4,3
2023-01-21,5,Wildberry Lillet,Nina Chuba,1,1,21
2023-01-21,6,Unholy,Sam Smith & Kim Petras,4,2,15
2023-01-21,7,Spat Nach Haus,"The Cratez, Kontra K, Sido & Montez",-,7,1
2023-01-21,8,Let Go,Central Cee,8,8,3
2023-01-21,9,Bamba,Luciano & Aitch Featuring Bia,6,1,14
2023-01-21,10,Creepin',"Metro Boomin , The Weeknd & 21 Savage",14,10,2
2023-01-21,11,Another Love,Tom Odell,12,7,25
2023-01-21,12,Anti-Hero,Taylor Swift,13,8,8
2023-01-21,13,Au Revoir,Milano & Eddin,-,13,1
2023-01-21,14,Mockingbird,Eminem,16,12,8
2023-01-21,15,Nachts Wach,Miksu / Macloud & makko,10,1,23
2023-01-21,16,Glatteis,Nina Chuba,20,16,2
2023-01-21,17,Calm Down,Rema & Selena Gomez,22,17,4
2023-01-21,18,Miss You,southstar,11,6,18
2023-01-21,19,Bad Memories,Meduza x James Carter Featuring Elley Duhe & FAST BOY,15,15,2
2023-01-21,20,Snap,Rosa Linn,18,11,21
2023-01-21,21,Miss You,Oliver Tree & Robin Schulz,21,12,6
2023-01-21,22,Ferrari,James Hype & Miggy Dela Rosa,9,4,26
2023-01-21,23,Ich Hass Dich,Nina Chuba & Chapo102,-,8,8
2023-01-21,24,Belly Dancer,Imanbek & BYOR,7,7,25
2023-01-21,25,Call It Love,Felix Jaehn & Ray Dalton,19,19,2
2023-01-28,1,Sie Weib,AYLIVA Featuring MERO,1,1,2
2023-01-28,2,Flowers,Miley Cyrus,-,2,1
2023-01-28,3,Escapism,RAYE Featuring 070 Shake,4,3,4
2023-01-28,4,I'm Good (Blue),David Guetta & Bebe Rexha,2,2,20
2023-01-28,5,On My Way,Luciano,-,5,1
2023-01-28,6,Zukunft Pink,Peter Fox Featuring Inez,3,1,12
2023-01-28,7,16,Pajel & KALIM,-,7,1
2023-01-28,8,Wildberry Lillet,Nina Chuba,5,1,22
2023-01-28,9,Creepin',"Metro Boomin , The Weeknd & 21 Savage",10,9,3
2023-01-28,10,Unholy,Sam Smith & Kim Petras,6,2,16
2023-01-28,11,Bamba,Luciano & Aitch Featuring Bia,9,1,15
2023-01-28,12,Let Go,Central Cee,8,8,4
2023-01-28,13,Spat Nach Haus,"The Cratez, Kontra K, Sido & Montez",7,7,2
2023-01-28,14,Anti-Hero,Taylor Swift,12,8,9
2023-01-28,15,Another Love,Tom Odell,11,7,26
2023-01-28,16,Mockingbird,Eminem,14,12,9
2023-01-28,17,Kill Bill,SZA,-,17,1
2023-01-28,18,Nachts Wach,Miksu / Macloud & makko,15,1,24
2023-01-28,19,Glatteis,Nina Chuba,16,16,3
2023-01-28,20,Calm Down,Rema & Selena Gomez,17,17,5
2023-01-28,21,Au Revoir,Milano & Eddin,13,13,2
2023-01-28,22,Miss You,southstar,18,6,19
2023-01-28,23,Bad Memories,Meduza x James Carter Featuring Elley Duhe & FAST BOY,19,15,3
2023-01-28,24,Miss You,Oliver Tree & Robin Schulz,21,12,7
2023-01-28,25,Playa's Circle,reezy,-,25,1
2023-02-04,1,Flowers,Miley Cyrus,2,1,2
2023-02-04,2,Komet,Udo Lindenberg & Apache 207,-,2,1
2023-02-04,3,Sie Weib,AYLIVA Featuring MERO,1,1,3
2023-02-04,4,6561,AK AUSSERKONTROLLE & PASHANIM,-,4,1
2023-02-04,5,YumYum,Gzuz X Bonez,-,5,1
2023-02-04,6,Escapism,RAYE Featuring 070 Shake,3,3,5
2023-02-04,7,Normal Zu Lieben,Jamule,-,7,1
2023-02-04,8,I'm Good (Blue),David Guetta & Bebe Rexha,4,2,21
2023-02-04,9,Zukunft Pink,Peter Fox Featuring Inez,6,1,13
2023-02-04,10,Brodies,Ufo361 & Gunna,-,10,1
2023-02-04,11,Wildberry Lillet,Nina Chuba,8,1,23
2023-02-04,12,Unholy,Sam Smith & Kim Petras,10,2,17
2023-02-04,13,Weisse Orchideen,Samra,-,13,1
2023-02-04,14,Creepin',"Metro Boomin , The Weeknd & 21 Savage",9,9,4
2023-02-04,15,Anti-Hero,Taylor Swift,14,8,10
2023-02-04,16,Bamba,Luciano & Aitch Featuring Bia,11,1,16
2023-02-04,17,Another Love,Tom Odell,15,7,27
2023-02-04,18,Let Go,Central Cee,12,8,5
2023-02-04,19,Nachts Wach,Miksu / Macloud & makko,18,1,25
2023-02-04,20,Kill Bill,SZA,17,17,2
2023-02-04,21,Nur Ein Trost,M/M X T-Low,-,21,1
2023-02-04,22,Mockingbird,Eminem,16,12,10
2023-02-04,23,Glatteis,Nina Chuba,19,16,4
2023-02-04,24,16,Pajel & KALIM,7,7,2
2023-02-04,25,Calm Down,Rema & Selena Gomez,20,17,6
2023-02-11,1,Komet,Udo Lindenberg & Apache 207,2,1,2
2023-02-11,2,Flowers,Miley Cyrus,1,1,3
2023-02-11,3,Sie Weib,AYLIVA Featuring MERO,3,1,4
2023-02-11,4,Escapism,RAYE Featuring 070 Shake,6,3,6
2023-02-11,5,I'm Good (Blue),David Guetta & Bebe Rexha,8,2,22
2023-02-11,6,Zukunft Pink,Peter Fox Featuring Inez,9,1,14
2023-02-11,7,Wildberry Lillet,Nina Chuba,11,1,24
2023-02-11,8,Unholy,Sam Smith & Kim Petras,12,2,18
2023-02-11,9,6561,AK AUSSERKONTROLLE & PASHANIM,4,4,2
2023-02-11,10,Creepin',"Metro Boomin , The Weeknd & 21 Savage",14,9,5
2023-02-11,11,Anti-Hero,Taylor Swift,15,8,11
2023-02-11,12,Bamba,Luciano & Aitch Featuring Bia,16,1,17
2023-02-11,13,Another Love,Tom Odell,17,7,28
2023-02-11,14,Nachts Wach,Miksu / Macloud & makko,19,1,26
2023-02-11,15,Normal Zu Lieben,Jamule,7,7,2
2023-02-11,16,Mockingbird,Eminem,22,12,11
2023-02-11,17,Let Go,Central Cee,18,8,6
2023-02-11,18,Calm Down,Rema & Selena Gomez,25,17,7
2023-02-11,19,YumYum,Gzuz X Bonez,5,5,2
2023-02-11,20,10:35,Tiesto Featuring Tate McRae,-,20,1
2023-02-11,21,Glatteis,Nina Chuba,23,16,5
2023-02-11,22,Kill Bill,SZA,20,17,3
2023-02-11,23,Bad Memories,Meduza x James Carter Featuring Elley Duhe & FAST BOY,-,15,4
2023-02-11,24,16,Pajel & KALIM,24,7,3
2023-02-11,25,Miss You,Oliver Tree & Robin Schulz,-,12,8
2023-02-18,1,Komet,Udo Lindenberg & Apache 207,1,1,3
2023-02-18,2,Flowers,Miley Cyrus,2,1,4
2023-02-18,3,Sie Weib,AYLIVA Featuring MERO,3,1,5
2023-02-18,4,Mangos Mit Chili,Nina Chuba,-,4,1
2023-02-18,5,Unholy,Sam Smith & Kim Petras,8,2,19
2023-02-18,6,I'm Good (Blue),David Guetta & Bebe Rexha,5,2,23
2023-02-18,7,Escapism,RAYE Featuring 070 Shake,4,3,7
2023-02-18,8,Zukunft Pink,Peter Fox Featuring Inez,6,1,15
2023-02-18,9,Wildberry Lillet,Nina Chuba,7,1,25
2023-02-18,10,Creepin',"Metro Boomin , The Weeknd & 21 Savage",10,9,6
2023-02-18,11,Bamba,Luciano & Aitch Featuring Bia,12,1,18
2023-02-18,12,Nachts Wach,Miksu / Macloud & makko,14,1,27
2023-02-18,13,Another Love,Tom Odell,13,7,29
2023-02-18,14,10:35,Tiesto Featuring Tate McRae,20,14,2
2023-02-18,15,Ewa Zina,Bobby Vandamme,-,15,1
2023-02-18,16,Anti-Hero,Taylor Swift,11,8,12
2023-02-18,17,Mockingbird,Eminem,16,12,12
2023-02-18,18,6561,AK AUSSERKONTROLLE & PASHANIM,9,4,3
2023-02-18,19,Calm Down,Rema & Selena Gomez,18,17,8
2023-02-18,20,Let Go,Central Cee,17,8,7
2023-02-18,21,Glatteis,Nina Chuba,21,16,6
2023-02-18,22,Kill Bill,SZA,22,17,4
2023-02-18,23,Call It Love,Felix Jaehn & Ray Dalton,-,19,3
2023-02-18,24,Sure Thing,Miguel,-,24,1
2023-02-18,25,Normal Zu Lieben,Jamule,15,7,3
2023-02-25,1,Komet,Udo Lindenberg & Apache 207,1,1,4
2023-02-25,2,Flowers,Miley Cyrus,2,1,5
2023-02-25,3,Sie Weib,AYLIVA Featuring MERO,3,1,6
2023-02-25,4,Sturkopf (Mit Ner Glock),Gzuz & Bonez MC,-,4,1
2023-02-25,5,Lost,Linkin Park,-,5,1
2023-02-25,6,Mangos Mit Chili,Nina Chuba,4,4,2
2023-02-25,7,Escapism,RAYE Featuring 070 Shake,7,3,8
2023-02-25,8,I'm Good (Blue),David Guetta & Bebe Rexha,6,2,24
2023-02-25,9,Zukunft Pink,Peter Fox Featuring Inez,8,1,16
2023-02-25,10,Unholy,Sam Smith & Kim Petras,5,2,20
2023-02-25,11,1995,Samra,-,11,1
2023-02-25,12,Wildberry Lillet,Nina Chuba,9,1,26
2023-02-25,13,Creepin',"Metro Boomin , The Weeknd & 21 Savage",10,9,7
2023-02-25,14,Matador,Olexesh,-,14,1
2023-02-25,15,Bamba,Luciano & Aitch Featuring Bia,11,1,19
2023-02-25,16,Another Love,Tom Odell,13,7,30
2023-02-25,17,10:35,Tiesto Featuring Tate McRae,14,14,3
2023-02-25,18,Nachts Wach,Miksu / Macloud & makko,12,1,28
2023-02-25,19,Anti-Hero,Taylor Swift,16,8,13
2023-02-25,20,Mockingbird,Eminem,17,12,13
2023-02-25,21,Calm Down,Rema & Selena Gomez,19,17,9
2023-02-25,22,Sure Thing,Miguel,24,22,2
2023-02-25,23,Let Go,Central Cee,20,8,8
2023-02-25,24,Kill Bill,SZA,22,17,5
2023-02-25,25,Only 4 Life,Rubi,-,25,1
2023-03-04,1,Komet,Udo Lindenberg & Apache 207,1,1,5
2023-03-04,2,Flowers,Miley Cyrus,2,1,6
2023-03-04,3,Sie Weib,AYLIVA Featuring MERO,3,1,7
2023-03-04,4,I'm Good (Blue),David Guetta & Bebe Rexha,8,2,25
2023-03-04,5,Escapism,RAYE Featuring 070 Shake,7,3,9
2023-03-04,6,Zukunft Pink,Peter Fox Featuring Inez,9,1,17
2023-03-04,7,Mangos Mit Chili,Nina Chuba,6,4,3
2023-03-04,8,Wildberry Lillet,Nina Chuba,12,1,27
2023-03-04,9,Sturkopf (Mit Ner Glock),Gzuz & Bonez MC,4,4,2
2023-03-04,10,Unholy,Sam Smith & Kim Petras,10,2,21
2023-03-04,11,Creepin',"Metro Boomin , The Weeknd & 21 Savage",13,9,8
2023-03-04,12,Bamba,Luciano & Aitch Featuring Bia,15,1,20
2023-03-04,13,Nur Sie Darf,Ufo361,-,13,1
2023-03-04,14,Lost,Linkin Park,5,5,2
2023-03-04,15,Another Love,Tom Odell,16,7,31
2023-03-04,16,Layla,DJ Robin & Schurze,-,1,25
2023-03-04,17,10:35,Tiesto Featuring Tate McRae,17,14,4
2023-03-04,18,Nachts Wach,Miksu / Macloud & makko,18,1,29
2023-03-04,19,Anti-Hero,Taylor Swift,19,8,14
2023-03-04,20,Wieder Da,AK AUSSERKONTROLLE,-,20,1
2023-03-04,21,Mockingbird,Eminem,20,12,14
2023-03-04,22,Doctor,reezy,-,22,1
2023-03-04,23,Calm Down,Rema & Selena Gomez,21,17,10
2023-03-04,24,Only 4 Life,Rubi,25,24,2
2023-03-04,25,Sure Thing,Miguel,22,22,3
2023-03-11,1,Komet,Udo Lindenberg & Apache 207,1,1,6
2023-03-11,2,Flowers,Miley Cyrus,2,1,7
2023-03-11,3,Sie Weib,AYLIVA Featuring MERO,3,1,8
2023-03-11,4,Ich Liebe Dich,Samra & Sido,-,4,1
2023-03-11,5,Mangos Mit Chili,Nina Chuba,7,4,4
2023-03-11,6,I'm Good (Blue),David Guetta & Bebe Rexha,4,2,26
2023-03-11,7,Wildberry Lillet,Nina Chuba,8,1,28
2023-03-11,8,Ich Glaub Ich Will Heut Nicht,Nina Chuba & Provinz,-,8,1
2023-03-11,9,Escapism,RAYE Featuring 070 Shake,5,3,10
2023-03-11,10,Zukunft Pink,Peter Fox Featuring Inez,6,1,18
2023-03-11,11,Unholy,Sam Smith & Kim Petras,10,2,22
2023-03-11,12,Creepin',"Metro Boomin , The Weeknd & 21 Savage",11,9,9
2023-03-11,13,Die For You,The Weeknd & Ariana Grande,-,13,1
2023-03-11,14,Another Love,Tom Odell,15,7,32
2023-03-11,15,Bamba,Luciano & Aitch Featuring Bia,12,1,21
2023-03-11,16,Nachts Wach,Miksu / Macloud & makko,18,1,30
2023-03-11,17,10:35,Tiesto Featuring Tate McRae,17,14,5
2023-03-11,18,Calm Down,Rema & Selena Gomez,23,17,11
2023-03-11,19,Anti-Hero,Taylor Swift,19,8,15
2023-03-11,20,Mockingbird,Eminem,21,12,15
2023-03-11,21,Sturkopf (Mit Ner Glock),Gzuz & Bonez MC,9,4,3
2023-03-11,22,Only 4 Life,Rubi,24,22,3
2023-03-11,23,Sure Thing,Miguel,25,22,4
2023-03-11,24,Glatteis,Nina Chuba,-,16,7
2023-03-11,25,Lost,Linkin Park,14,5,3
2023-03-18,1,Komet,Udo Lindenberg & Apache 207,1,1,7
2023-03-18,2,Flowers,Miley Cyrus,2,1,8
2023-03-18,3,Sie Weib,AYLIVA Featuring MERO,3,1,9
2023-03-18,4,I'm Good (Blue),David Guetta & Bebe Rexha,6,2,27
2023-03-18,5,Mangos Mit Chili,Nina Chuba,5,4,5
2023-03-18,6,Wildberry Lillet,Nina Chuba,7,1,29
2023-03-18,7,Zukunft Pink,Peter Fox Featuring Inez,10,1,19
2023-03-18,8,Escapism,RAYE Featuring 070 Shake,9,3,11
2023-03-18,9,Abziehen,Gzuz & Bonez,-,9,1
2023-03-18,10,Die For You,The Weeknd & Ariana Grande,13,10,2
2023-03-18,11,Hallow Kitty,Kwam.E,-,11,1
2023-03-18,12,Vergessen Wie,Peter Fox,-,12,1
2023-03-18,13,Ich Glaub Ich Will Heut Nicht,Nina Chuba & Provinz,8,8,2
2023-03-18,14,Nachts Wach,Miksu / Macloud & makko,16,1,31
2023-03-18,15,Bamba,Luciano & Aitch Featuring Bia,15,1,22
2023-03-18,16,Unholy,Sam Smith & Kim Petras,11,2,23
2023-03-18,17,Another Love,Tom Odell,14,7,33
2023-03-18,18,Creepin',"Metro Boomin , The Weeknd & 21 Savage",12,9,10
2023-03-18,19,Ich Liebe Dich,Samra & Sido,4,4,2
2023-03-18,20,Calm Down,Rema & Selena Gomez,18,17,12
2023-03-18,21,Pur Auf Ice,AK AUSSERKONTROLLE,-,21,1
2023-03-18,22,10:35,Tiesto Featuring Tate McRae,17,14,6
2023-03-18,23,Anti-Hero,Taylor Swift,19,8,16
2023-03-18,24,Mockingbird,Eminem,20,12,16
2023-03-18,25,Only 4 Life,Rubi,22,22,4
2023-03-25,1,Komet,Udo Lindenberg & Apache 207,1,1,8
2023-03-25,2,Flowers,Miley Cyrus,2,1,9
2023-03-25,3,Sie Weib,AYLIVA Featuring MERO,3,1,10
2023-03-25,4,Wildberry Lillet,Nina Chuba,6,1,30
2023-03-25,5,Auf Die Party,badmomzjay & Domiziana,-,5,1
2023-03-25,6,I'm Good (Blue),David Guetta & Bebe Rexha,4,2,28
2023-03-25,7,Mangos Mit Chili,Nina Chuba,5,4,6
2023-03-25,8,AMG,RIN Featuring Nina Chuba,-,8,1
2023-03-25,9,Escapism,RAYE Featuring 070 Shake,8,3,12
2023-03-25,10,Zukunft Pink,Peter Fox Featuring Inez,7,1,20
2023-03-25,11,Bamba,Luciano & Aitch Featuring Bia,15,1,23
2023-03-25,12,Nachts Wach,Miksu / Macloud & makko,14,1,32
2023-03-25,13,Hallow Kitty,Kwam.E,11,11,2
2023-03-25,14,Another Love,Tom Odell,17,7,34
2023-03-25,15,Unholy,Sam Smith & Kim Petras,16,2,24
2023-03-25,16,Die For You,The Weeknd & Ariana Grande,10,10,3
2023-03-25,17,Creepin',"Metro Boomin , The Weeknd & 21 Savage",18,9,11
2023-03-25,18,Ich Glaub Ich Will Heut Nicht,Nina Chuba & Provinz,13,8,3
2023-03-25,19,Calm Down,Rema & Selena Gomez,20,17,13
2023-03-25,20,10:35,Tiesto Featuring Tate McRae,22,14,7
2023-03-25,21,Anti-Hero,Taylor Swift,23,8,17
2023-03-25,22,Ich Hass Dich,Nina Chuba & Chapo102,-,8,9
2023-03-25,23,Mockingbird,Eminem,24,12,17
2023-03-25,24,Lay Low,Tiesto,-,24,1
2023-03-25,25,Jeden Tag Mehr,Montez,-,25,1
2023-04-01,1,Komet,Udo Lindenberg & Apache 207,1,1,9
2023-04-01,2,Flowers,Miley Cyrus,2,1,10
2023-04-01,3,Sie Weib,AYLIVA Featuring MERO,3,1,11
2023-04-01,4,Wildberry Lillet,Nina Chuba,4,1,31
2023-04-01,5,Auf Die Party,badmomzjay & Domiziana,5,5,2
2023-04-01,6,I'm Good (Blue),David Guetta & Bebe Rexha,6,2,29
2023-04-01,7,Was Mir Gefallt,AYLIVA,-,7,1
2023-04-01,8,Jede Nacht,Schubi Akpella x Nimo,-,8,1
2023-04-01,9,Mangos Mit Chili,Nina Chuba,7,4,7
2023-04-01,10,Nix Zu Tun,Gzuz & Bonez Zusammen Mit Olexesh,-,10,1
2023-04-01,11,Zukunft Pink,Peter Fox Featuring Inez,10,1,21
2023-04-01,12,Bamba,Luciano & Aitch Featuring Bia,11,1,24
2023-04-01,13,Escapism,RAYE Featuring 070 Shake,9,3,13
2023-04-01,14,Nachts Wach,Miksu / Macloud & makko,12,1,33
2023-04-01,15,Creepin',"Metro Boomin , The Weeknd & 21 Savage",17,9,12
2023-04-01,16,Another Love,Tom Odell,14,7,35
2023-04-01,17,Calm Down,Rema & Selena Gomez,19,17,14
2023-04-01,18,Unholy,Sam Smith & Kim Petras,15,2,25
2023-04-01,19,Supermodel,AK AUSSERKONTROLLE,-,19,1
2023-04-01,20,Ich Hass Dich,Nina Chuba & Chapo102,22,8,10
2023-04-01,21,Mockingbird,Eminem,23,12,18
2023-04-01,22,Anti-Hero,Taylor Swift,21,8,18
2023-04-01,23,10:35,Tiesto Featuring Tate McRae,20,14,8
2023-04-01,24,Ich Glaub Ich Will Heut Nicht,Nina Chuba & Provinz,18,8,4
2023-04-01,25,Lowe,Bobby Vandamme X Farid Bang,-,25,1
2023-04-08,1,Komet,Udo Lindenberg & Apache 207,1,1,10
2023-04-08,2,Flowers,Miley Cyrus,2,1,11
2023-04-08,3,Sie Weib,AYLIVA Featuring MERO,3,1,12
2023-04-08,4,Shoot,reezy,-,4,1
2023-04-08,5,Wildberry Lillet,Nina Chuba,4,1,32
2023-04-08,6,Mockingbird,Eminem,21,6,19
2023-04-08,7,I'm Good (Blue),David Guetta & Bebe Rexha,6,2,30
2023-04-08,8,Was Mir Gefallt,AYLIVA,7,7,2
2023-04-08,9,Auf Die Party,badmomzjay & Domiziana,5,5,3
2023-04-08,10,Mangos Mit Chili,Nina Chuba,9,4,8
2023-04-08,11,Zukunft Pink,Peter Fox Featuring Inez,11,1,22
2023-04-08,12,Nachts Wach,Miksu / Macloud & makko,14,1,34
2023-04-08,13,Creepin',"Metro Boomin , The Weeknd & 21 Savage",15,9,13
2023-04-08,14,Escapism,RAYE Featuring 070 Shake,13,3,14
2023-04-08,15,Pass Auf,HoodBlaq,-,15,1
2023-04-08,16,Bamba,Luciano & Aitch Featuring Bia,12,1,25
2023-04-08,17,Another Love,Tom Odell,16,7,36
2023-04-08,18,Calm Down,Rema & Selena Gomez,17,17,15
2023-04-08,19,Eyes Closed,Ed Sheeran,-,19,1
2023-04-08,20,Unholy,Sam Smith & Kim Petras,18,2,26
2023-04-08,21,10:35,Tiesto Featuring Tate McRae,23,14,9
2023-04-08,22,Anti-Hero,Taylor Swift,22,8,19
2023-04-08,23,Peter Pan,Julian Sommer X Mia Julia,-,23,1
2023-04-08,24,Ich Hass Dich,Nina Chuba & Chapo102,20,8,11
2023-04-08,25,Lay Low,Tiesto,-,24,2
2023-04-15,1,All Night,Luciano & RAF Camora,-,1,1
2023-04-15,2,Komet,Udo Lindenberg & Apache 207,1,1,11
2023-04-15,3,Breaking Your Heart,Apache 207,-,3,1
2023-04-15,4,Flowers,Miley Cyrus,2,1,12
2023-04-15,5,Geld Machen Jung,Shindy,-,5,1
2023-04-15,6,Mockingbird,Eminem,6,6,20
2023-04-15,7,Wildberry Lillet,Nina Chuba,5,1,33
2023-04-15,8,Sie Weib,AYLIVA Featuring MERO,3,1,13
2023-04-15,9,Shoot,reezy,4,4,2
2023-04-15,10,Was Mir Gefallt,AYLIVA,8,7,3
2023-04-15,11,I'm Good (Blue),David Guetta & Bebe Rexha,7,2,31
2023-04-15,12,Dieses Eine Mal,"AK AUSSERKONTROLLE, Sido & Kontra K",-,12,1
2023-04-15,13,Mangos Mit Chili,Nina Chuba,10,4,9
2023-04-15,14,Auf Die Party,badmomzjay & Domiziana,9,5,4
2023-04-15,15,Glizzy,Jamule & Dardan,-,15,1
2023-04-15,16,Zukunft Pink,Peter Fox Featuring Inez,11,1,23
2023-04-15,17,Nachts Wach,Miksu / Macloud & makko,12,1,35
2023-04-15,18,Bamba,Luciano & Aitch Featuring Bia,16,1,26
2023-04-15,19,Calm Down,Rema & Selena Gomez,18,17,16
2023-04-15,20,Escapism,RAYE Featuring 070 Shake,14,3,15
2023-04-15,21,Creepin',"Metro Boomin , The Weeknd & 21 Savage",13,9,14
2023-04-15,22,Another Love,Tom Odell,17,7,37
2023-04-15,23,Lay Low,Tiesto,25,23,3
2023-04-15,24,Peter Pan,Julian Sommer X Mia Julia,23,23,2
2023-04-15,25,Unholy,Sam Smith & Kim Petras,20,2,27
2023-04-22,1,Komet,Udo Lindenberg & Apache 207,2,1,12
2023-04-22,2,All Night,Luciano & RAF Camora,1,1,2
2023-04-22,3,Flowers,Miley Cyrus,4,1,13
2023-04-22,4,Breaking Your Heart,Apache 207,3,3,2
2023-04-22,5,Mockingbird,Eminem,6,5,21
2023-04-22,6,Wildberry Lillet,Nina Chuba,7,1,34
2023-04-22,7,Orange,Sfera Ebbasta & Luciano,-,7,1
2023-04-22,8,I'm Good (Blue),David Guetta & Bebe Rexha,11,2,32
2023-04-22,9,Shoot,reezy,9,4,3
2023-04-22,10,Was Mir Gefallt,AYLIVA,10,7,4
2023-04-22,11,Sie Weib,AYLIVA Featuring MERO,8,1,14
2023-04-22,12,Tanzen (Mit Handschellen),Bonez MC & Gzuz,-,12,1
2023-04-22,13,Mangos Mit Chili,Nina Chuba,13,4,10
2023-04-22,14,Zukunft Pink,Peter Fox Featuring Inez,16,1,24
2023-04-22,15,Creepin',"Metro Boomin , The Weeknd & 21 Savage",21,9,15
2023-04-22,16,Nachts Wach,Miksu / Macloud & makko,17,1,36
2023-04-22,17,Calm Down,Rema & Selena Gomez,19,17,17
2023-04-22,18,Bamba,Luciano & Aitch Featuring Bia,18,1,27
2023-04-22,19,Lay Low,Tiesto,23,19,4
2023-04-22,20,Pass Auf,HoodBlaq,-,15,2
2023-04-22,21,Supermodel,AK AUSSERKONTROLLE,-,19,2
2023-04-22,22,Auf Die Party,badmomzjay & Domiziana,14,5,5
2023-04-22,23,Another Love,Tom Odell,22,7,38
2023-04-22,24,Escapism,RAYE Featuring 070 Shake,20,3,16
2023-04-22,25,10:35,Tiesto Featuring Tate McRae,-,14,10
2023-04-29,1,Komet,Udo Lindenberg & Apache 207,1,1,13
2023-04-29,2,All Night,Luciano & RAF Camora,2,1,3
2023-04-29,3,Flowers,Miley Cyrus,3,1,14
2023-04-29,4,Breaking Your Heart,Apache 207,4,3,3
2023-04-29,5,Daylight,David Kushner,-,5,1
2023-04-29,6,Mockingbird,Eminem,5,5,22
2023-04-29,7,Pass Auf,HoodBlaq,20,7,3
2023-04-29,8,Wildberry Lillet,Nina Chuba,6,1,35
2023-04-29,9,Shoot,reezy,9,4,4
2023-04-29,10,I'm Good (Blue),David Guetta & Bebe Rexha,8,2,33
2023-04-29,11,Was Mir Gefallt,AYLIVA,10,7,5
2023-04-29,12,Sie Weib,AYLIVA Featuring MERO,11,1,15
2023-04-29,13,Ein Auge Blau,Peter Fox,-,13,1
2023-04-29,14,Lay Low,Tiesto,19,14,5
2023-04-29,15,Sternhimmeldach,BOJAN & Jamule,-,15,1
2023-04-29,16,Zukunft Pink,Peter Fox Featuring Inez,14,1,25
2023-04-29,17,Mangos Mit Chili,Nina Chuba,13,4,11
2023-04-29,18,Creepin',"Metro Boomin , The Weeknd & 21 Savage",15,9,16
2023-04-29,19,Nachts Wach,Miksu / Macloud & makko,16,1,37
2023-04-29,20,Another Love,Tom Odell,23,7,39
2023-04-29,21,Chemical,Post Malone,-,21,1
2023-04-29,22,Calm Down,Rema & Selena Gomez,17,17,18
2023-04-29,23,Bamba,Luciano & Aitch Featuring Bia,18,1,28
2023-04-29,24,Auf Die Party,badmomzjay & Domiziana,22,5,6
2023-04-29,25,Blackout,AK AUSSERKONTROLLE,-,15,2
2023-05-06,1,Komet,Udo Lindenberg & Apache 207,1,1,14
2023-05-06,2,Cinnamon Roll,Gzuz & Bonez MC,-,2,1
2023-05-06,3,Daylight,David Kushner,5,3,2
2023-05-06,4,Flowers,Miley Cyrus,3,1,15
2023-05-06,5,All Night,Luciano & RAF Camora,2,1,4
2023-05-06,6,Breaking Your Heart,Apache 207,4,3,4
2023-05-06,7,Pass Auf,HoodBlaq,7,7,4
2023-05-06,8,Anders,Paul & Ski Aggu,-,8,1
2023-05-06,9,Mockingbird,Eminem,6,5,23
2023-05-06,10,TABU.,Yung Yury & Damn Yury,-,10,1
2023-05-06,11,Better Dayz,Summer Cem Featuring reezy,-,11,1
2023-05-06,12,Wildberry Lillet,Nina Chuba,8,1,36
2023-05-06,13,I'm Good (Blue),David Guetta & Bebe Rexha,10,2,34
2023-05-06,14,Sie Weib,AYLIVA Featuring MERO,12,1,16
2023-05-06,15,Shoot,reezy,9,4,5
2023-05-06,16,Was Mir Gefallt,AYLIVA,11,7,6
2023-05-06,17,Blackout,AK AUSSERKONTROLLE,25,15,3
2023-05-06,18,Baby Don't Hurt Me,"David Guetta , Anne-Marie & Coi Leray",-,18,1
2023-05-06,19,Mangos Mit Chili,Nina Chuba,17,4,12
2023-05-06,20,Nachts Wach,Miksu / Macloud & makko,19,1,38
2023-05-06,21,Zukunft Pink,Peter Fox Featuring Inez,16,1,26
2023-05-06,22,Double Fantasy,The Weeknd Featuring Future,-,22,1
2023-05-06,23,Lay Low,Tiesto,14,14,6
2023-05-06,24,Another Love,Tom Odell,20,7,40
2023-05-06,25,Creepin',"Metro Boomin , The Weeknd & 21 Savage",18,9,17
2023-05-13,1,Komet,Udo Lindenberg & Apache 207,1,1,15
2023-05-13,2,Neunzig,Apache 207,-,2,1
2023-05-13,3,Flowers,Miley Cyrus,4,1,16
2023-05-13,4,Daylight,David Kushner,3,3,3
2023-05-13,5,TABU.,Yung Yury & Damn Yury,10,5,2
2023-05-13,6,Breaking Your Heart,Apache 207,6,3,5
2023-05-13,7,Pass Auf,HoodBlaq,7,7,5
2023-05-13,8,Cinnamon Roll,Gzuz & Bonez MC,2,2,2
2023-05-13,9,Babylon,Gzuz & Bonez MC,-,9,1
2023-05-13,10,All Night,Luciano & RAF Camora,5,1,5
2023-05-13,11,Karma,Samra & MERO,-,11,1
2023-05-13,12,Bumsbar,Ikke Huftgold X Schurze X DJ Robin,-,12,1
2023-05-13,13,Anders,Paul & Ski Aggu,8,8,2
2023-05-13,14,Mockingbird,Eminem,9,5,24
2023-05-13,15,Wildberry Lillet,Nina Chuba,12,1,37
2023-05-13,16,I'm Good (Blue),David Guetta & Bebe Rexha,13,2,35
2023-05-13,17,Lorbeerkranz,Kollegah,-,17,1
2023-05-13,18,Baby Don't Hurt Me,"David Guetta , Anne-Marie & Coi Leray",18,18,2
2023-05-13,19,Lay Low,Tiesto,23,14,7
2023-05-13,20,Mangos Mit Chili,Nina Chuba,19,4,13
2023-05-13,21,Sie Weib,AYLIVA Featuring MERO,14,1,17
2023-05-13,22,Zukunft Pink,Peter Fox Featuring Inez,21,1,27
2023-05-13,23,Nachts Wach,Miksu / Macloud & makko,20,1,39
2023-05-13,24,Was Mir Gefallt,AYLIVA,16,7,7
2023-05-13,25,Shoot,reezy,15,4,6
2023-05-20,1,Komet,Udo Lindenberg & Apache 207,1,1,16
2023-05-20,2,Expensive Shit,reezy & Luciano,-,2,1
2023-05-20,3,TABU.,Yung Yury & Damn Yury,5,3,3
2023-05-20,4,Neunzig,Apache 207,2,2,2
2023-05-20,5,Daylight,David Kushner,4,3,4
2023-05-20,6,Anna,RAF Camora,-,6,1
2023-05-20,7,Flowers,Miley Cyrus,3,1,17
2023-05-20,8,Bumsbar,Ikke Huftgold X Schurze X DJ Robin,12,8,2
2023-05-20,9,All Night,Luciano & RAF Camora,10,1,6
2023-05-20,10,Pass Auf,HoodBlaq,7,7,6
2023-05-20,11,Breaking Your Heart,Apache 207,6,3,6
2023-05-20,12,Cinnamon Roll,Gzuz & Bonez MC,8,2,3
2023-05-20,13,Carrera,HoodBlaq,-,13,1
2023-05-20,14,Wildberry Lillet,Nina Chuba,15,1,38
2023-05-20,15,Anders,Paul & Ski Aggu,13,8,3
2023-05-20,16,Mockingbird,Eminem,14,5,25
2023-05-20,17,I'm Good (Blue),David Guetta & Bebe Rexha,16,2,36
2023-05-20,18,Baby Don't Hurt Me,"David Guetta , Anne-Marie & Coi Leray",18,18,3
2023-05-20,19,Nachts Wach,Miksu / Macloud & makko,23,1,40
2023-05-20,20,Lay Low,Tiesto,19,14,8
2023-05-20,21,Mangos Mit Chili,Nina Chuba,20,4,14
2023-05-20,22,Babylon,Gzuz & Bonez MC,9,9,2
2023-05-20,23,Sie Weib,AYLIVA Featuring MERO,21,1,18
2023-05-20,24,Zukunft Pink,Peter Fox Featuring Inez,22,1,28
2023-05-20,25,Karma,Samra & MERO,11,11,2
2023-05-27,1,Komet,Udo Lindenberg & Apache 207,1,1,17
2023-05-27,2,TABU.,Yung Yury & Damn Yury,3,2,4
2023-05-27,3,Daylight,David Kushner,5,3,5
2023-05-27,4,Neunzig,Apache 207,4,2,3
2023-05-27,5,Flowers,Miley Cyrus,7,1,18
2023-05-27,6,Bumsbar,Ikke Huftgold X Schurze X DJ Robin,8,6,3
2023-05-27,7,Expensive Shit,reezy & Luciano,2,2,2
2023-05-27,8,Anna,RAF Camora,6,6,2
2023-05-27,9,Breaking Your Heart,Apache 207,11,3,7
2023-05-27,10,All Night,Luciano & RAF Camora,9,1,7
2023-05-27,11,Tattoo,Loreen,-,11,1
2023-05-27,12,Wildberry Lillet,Nina Chuba,14,1,39
2023-05-27,13,Pass Auf,HoodBlaq,10,7,7
2023-05-27,14,Anders,Paul & Ski Aggu,15,8,4
2023-05-27,15,Mockingbird,Eminem,16,5,26
2023-05-27,16,I'm Good (Blue),David Guetta & Bebe Rexha,17,2,37
2023-05-27,17,Baby Don't Hurt Me,"David Guetta , Anne-Marie & Coi Leray",18,17,4
2023-05-27,18,Cha Cha Cha,Kaarija,-,18,1
2023-05-27,19,Lay Low,Tiesto,20,14,9
2023-05-27,20,Nachts Wach,Miksu / Macloud & makko,19,1,41
2023-05-27,21,Cinnamon Roll,Gzuz & Bonez MC,12,2,4
2023-05-27,22,Mangos Mit Chili,Nina Chuba,21,4,15
2023-05-27,23,Du,Nimo,-,23,1
2023-05-27,24,Shoot,reezy,-,4,7
2023-05-27,25,Queen Of Kings,Alessandra,-,25,1
2023-06-03,1,Komet,Udo Lindenberg & Apache 207,1,1,18
2023-06-03,2,Wenn Das So Bleibt,Apache 207,-,2,1
2023-06-03,3,TABU.,Yung Yury & Damn Yury,2,2,5
2023-06-03,4,Daylight,David Kushner,3,3,6
2023-06-03,5,Bei Nacht,RAF Camora & Cro,-,5,1
2023-06-03,6,Neunzig,Apache 207,4,2,4
2023-06-03,7,Flowers,Miley Cyrus,5,1,19
2023-06-03,8,Lachel Doch Mal,Shirin David,-,8,1
2023-06-03,9,Breaking Your Heart,Apache 207,9,3,8
2023-06-03,10,All Night,Luciano & RAF Camora,10,1,8
2023-06-03,11,Pass Auf,HoodBlaq,13,7,8
2023-06-03,12,Bumsbar,Ikke Huftgold X Schurze X DJ Robin,6,6,4
2023-06-03,13,Tattoo,Loreen,11,11,2
2023-06-03,14,Wildberry Lillet,Nina Chuba,12,1,40
2023-06-03,15,Minimum,HoodBlaq Featuring Bonez MC,-,15,1
2023-06-03,16,Expensive Shit,reezy & Luciano,7,2,3
2023-06-03,17,I'm Good (Blue),David Guetta & Bebe Rexha,16,2,38
2023-06-03,18,Anders,Paul & Ski Aggu,14,8,5
2023-06-03,19,Baby Don't Hurt Me,"David Guetta , Anne-Marie & Coi Leray",17,17,5
2023-06-03,20,Lay Low,Tiesto,19,14,10
2023-06-03,21,Mockingbird,Eminem,15,5,27
2023-06-03,22,Nachts Wach,Miksu / Macloud & makko,20,1,42
2023-06-03,23,Mangos Mit Chili,Nina Chuba,22,4,16
2023-06-03,24,Anna,RAF Camora,8,6,3
2023-06-03,25,Zukunft Pink,Peter Fox Featuring Inez,-,1,29
2023-06-10,1,Friesenjung,"Ski Aggu, Joost & Otto Waalkes",-,1,1
2023-06-10,2,Komet,Udo Lindenberg & Apache 207,1,1,19
2023-06-10,3,Bagchaser Can,PASHANIM,-,3,1
2023-06-10,4,TABU.,Yung Yury & Damn Yury,3,2,6
2023-06-10,5,Wenn Das So Bleibt,Apache 207,2,2,2
2023-06-10,6,Daylight,David Kushner,4,3,7
2023-06-10,7,Flowers,Miley Cyrus,7,1,20
2023-06-10,8,Breaking Your Heart,Apache 207,9,3,9
2023-06-10,9,Zukunft Pink,Peter Fox Featuring Inez,25,1,30
2023-06-10,10,Neunzig,Apache 207,6,2,5
2023-06-10,11,Wildberry Lillet,Nina Chuba,14,1,41
2023-06-10,12,I'm Good (Blue),David Guetta & Bebe Rexha,17,2,39
2023-06-10,13,Bumsbar,Ikke Huftgold X Schurze X DJ Robin,12,6,5
2023-06-10,14,Pass Auf,HoodBlaq,11,7,9
2023-06-10,15,All Night,Luciano & RAF Camora,10,1,9
2023-06-10,16,Bei Nacht,RAF Camora & Cro,5,5,2
2023-06-10,17,Lay Low,Tiesto,20,14,11
2023-06-10,18,Baby Don't Hurt Me,"David Guetta , Anne-Marie & Coi Leray",19,17,6
2023-06-10,19,Anders,Paul & Ski Aggu,18,8,6
2023-06-10,20,Nachts Wach,Miksu / Macloud & makko,22,1,43
2023-06-10,21,Tuff Cookie,Peter Fox,-,21,1
2023-06-10,22,Mangos Mit Chili,Nina Chuba,23,4,17
2023-06-10,23,Favorites,MERO & Marlo,-,23,1
2023-06-10,24,Mockingbird,Eminem,21,5,28
2023-06-10,25,Tattoo,Loreen,13,11,3
2023-06-17,1,Friesenjung,"Ski Aggu, Joost & Otto Waalkes",1,1,2
2023-06-17,2,Komet,Udo Lindenberg & Apache 207,2,1,20
2023-06-17,3,Alles Nur Kein Star,Bonez MC,-,3,1
2023-06-17,4,TABU.,Yung Yury & Damn Yury,4,2,7
2023-06-17,5,Bagchaser Can,PASHANIM,3,3,2
2023-06-17,6,Wenn Das So Bleibt,Apache 207,5,2,3
2023-06-17,7,Daylight,David Kushner,6,3,8
2023-06-17,8,Flowers,Miley Cyrus,7,1,21
2023-06-17,9,Match_3,Ufo361,-,9,1
2023-06-17,10,Breaking Your Heart,Apache 207,8,3,10
2023-06-17,11,Lay Low,Tiesto,17,11,12
2023-06-17,12,Wildberry Lillet,Nina Chuba,11,1,42
2023-06-17,13,Baby Don't Hurt Me,"David Guetta , Anne-Marie & Coi Leray",18,13,7
2023-06-17,14,Bumsbar,Ikke Huftgold X Schurze X DJ Robin,13,6,6
2023-06-17,15,I'm Good (Blue),David Guetta & Bebe Rexha,12,2,40
2023-06-17,16,Anders,Paul & Ski Aggu,19,8,7
2023-06-17,17,Neunzig,Apache 207,10,2,6
2023-06-17,18,All Night,Luciano & RAF Camora,15,1,10
2023-06-17,19,Nachts Wach,Miksu / Macloud & makko,20,1,44
2023-06-17,20,Pass Auf,HoodBlaq,14,7,10
2023-06-17,21,Zukunft Pink,Peter Fox Featuring Inez,9,1,31
2023-06-17,22,Sprinter,Dave & Central Cee,-,22,1
2023-06-17,23,Mangos Mit Chili,Nina Chuba,22,4,18
2023-06-17,24,Push Up,Creeds,-,24,1
2023-06-17,25,Bei Nacht,RAF Camora & Cro,16,5,3
2023-06-24,1,Friesenjung,"Ski Aggu, Joost & Otto Waalkes",1,1,3
2023-06-24,2,Komet,Udo Lindenberg & Apache 207,2,1,21
2023-06-24,3,Wenn Das So Bleibt,Apache 207,6,2,4
2023-06-24,4,TABU.,Yung Yury & Damn Yury,4,2,8
2023-06-24,5,Was Weisst Du Schon,Apache 207,-,5,1
2023-06-24,6,Breaking Your Heart,Apache 207,10,3,11
2023-06-24,7,Neunzig,Apache 207,17,2,7
2023-06-24,8,Daylight,David Kushner,7,3,9
2023-06-24,9,Flowers,Miley Cyrus,8,1,22
2023-06-24,10,Alles Nur Kein Star,Bonez MC,3,3,2
2023-06-24,11,Bagchaser Can,PASHANIM,5,3,3
2023-06-24,12,Lay Low,Tiesto,11,11,13
2023-06-24,13,Gramm Fur Gramm,Olexesh & Bonez MC,-,13,1
2023-06-24,14,Anders,Paul & Ski Aggu,16,8,8
2023-06-24,15,Wildberry Lillet,Nina Chuba,12,1,43
2023-06-24,16,Normal,Hava & Dardan,-,16,1
2023-06-24,17,Baby Don't Hurt Me,"David Guetta , Anne-Marie & Coi Leray",13,13,8
2023-06-24,18,Nachts Wach,Miksu / Macloud & makko,19,1,45
2023-06-24,19,I'm Good (Blue),David Guetta & Bebe Rexha,15,2,41
2023-06-24,20,Push Up,Creeds,24,20,2
2023-06-24,21,Match_3,Ufo361,9,9,2
2023-06-24,22,Mangos Mit Chili,Nina Chuba,23,4,19
2023-06-24,23,Zukunft Pink,Peter Fox Featuring Inez,21,1,32
2023-06-24,24,All Night,Luciano & RAF Camora,18,1,11
2023-06-24,25,Bumsbar,Ikke Huftgold X Schurze X DJ Robin,14,6,7
2023-07-01,1,Friesenjung,"Ski Aggu, Joost & Otto Waalkes",1,1,4
2023-07-01,2,Komet,Udo Lindenberg & Apache 207,2,1,22
2023-07-01,3,In Deinen Armen,AYLIVA,-,3,1
2023-07-01,4,TABU.,Yung Yury & Damn Yury,4,2,9
2023-07-01,5,Strada,RAF Camora & Ahmad Amin,-,5,1
2023-07-01,6,Breaking Your Heart,Apache 207,6,3,12
2023-07-01,7,Was Weisst Du Schon,Apache 207,5,5,2
2023-07-01,8,Daylight,David Kushner,8,3,10
2023-07-01,9,Wenn Das So Bleibt,Apache 207,3,2,5
2023-07-01,10,Aber Sie,AYLIVA,-,10,1
2023-07-01,11,Flowers,Miley Cyrus,9,1,23
2023-07-01,12,Madchen Auf Dem Pferd,"Luca-Dante Spadafora, Niklas Dee & Octavian",-,12,1
2023-07-01,13,Neunzig,Apache 207,7,2,8
2023-07-01,14,Wildberry Lillet,Nina Chuba,15,1,44
2023-07-01,15,Lay Low,Tiesto,12,11,14
2023-07-01,16,Anders,Paul & Ski Aggu,14,8,9
2023-07-01,17,Push Up,Creeds,20,17,3
2023-07-01,18,Nachts Wach,Miksu / Macloud & makko,18,1,46
2023-07-01,19,Baby Don't Hurt Me,"David Guetta , Anne-Marie & Coi Leray",17,13,9
2023-07-01,20,I'm Good (Blue),David Guetta & Bebe Rexha,19,2,42
2023-07-01,21,Mangos Mit Chili,Nina Chuba,22,4,20
2023-07-01,22,Alles Nur Kein Star,Bonez MC,10,3,3
2023-07-01,23,Zukunft Pink,Peter Fox Featuring Inez,23,1,33
2023-07-01,24,Bumsbar,Ikke Huftgold X Schurze X DJ Robin,25,6,8
2023-07-01,25,Substitution,Purple Disco Machine x Kungs,-,25,1
2023-07-08,1,Friesenjung,"Ski Aggu, Joost & Otto Waalkes",1,1,5
2023-07-08,2,Komet,Udo Lindenberg & Apache 207,2,1,23
2023-07-08,3,TABU.,Yung Yury & Damn Yury,4,2,10
2023-07-08,4,In Deinen Armen,AYLIVA,3,3,2
2023-07-08,5,We Too Deep,Luciano,-,5,1
2023-07-08,6,Madchen Auf Dem Pferd,"Luca-Dante Spadafora, Niklas Dee & Octavian",12,6,2
2023-07-08,7,Daylight,David Kushner,8,3,11
2023-07-08,8,Breaking Your Heart,Apache 207,6,3,13
2023-07-08,9,Flowers,Miley Cyrus,11,1,24
2023-07-08,10,Gang,Azet & Dardan,-,10,1
2023-07-08,11,Free Spirit,Shindy,-,11,1
2023-07-08,12,Strada,RAF Camora & Ahmad Amin,5,5,2
2023-07-08,13,Wenn Das So Bleibt,Apache 207,9,2,6
2023-07-08,14,Push Up,Creeds,17,14,4
2023-07-08,15,Lay Low,Tiesto,15,11,15
2023-07-08,16,Wenn Du Mich Vergisst,Mark Forster X Kontra K,-,16,1
2023-07-08,17,Was Weisst Du Schon,Apache 207,7,5,3
2023-07-08,18,Wildberry Lillet,Nina Chuba,14,1,45
2023-07-08,19,Baby Don't Hurt Me,"David Guetta , Anne-Marie & Coi Leray",19,13,10
2023-07-08,20,Anders,Paul & Ski Aggu,16,8,10
2023-07-08,21,I'm Good (Blue),David Guetta & Bebe Rexha,20,2,43
2023-07-08,22,Neunzig,Apache 207,13,2,9
2023-07-08,23,Nachts Wach,Miksu / Macloud & makko,18,1,47
2023-07-08,24,All Night,Luciano & RAF Camora,-,1,12
2023-07-08,25,Mangos Mit Chili,Nina Chuba,21,4,21
2023-07-15,1,Komet,Udo Lindenberg & Apache 207,2,1,24
2023-07-15,2,Friesenjung,"Ski Aggu, Joost & Otto Waalkes",1,1,6
2023-07-15,3,TABU.,Yung Yury & Damn Yury,3,2,11
2023-07-15,4,Madchen Auf Dem Pferd,"Luca-Dante Spadafora, Niklas Dee & Octavian",6,4,3
2023-07-15,5,In Deinen Armen,AYLIVA,4,3,3
2023-07-15,6,Daylight,David Kushner,7,3,12
2023-07-15,7,Breaking Your Heart,Apache 207,8,3,14
2023-07-15,8,Flowers,Miley Cyrus,9,1,25
2023-07-15,9,Baby Don't Hurt Me,"David Guetta , Anne-Marie & Coi Leray",19,9,11
2023-07-15,10,Push Up,Creeds,14,10,5
2023-07-15,11,Wenn Das So Bleibt,Apache 207,13,2,7
2023-07-15,12,Wildberry Lillet,Nina Chuba,18,1,46
2023-07-15,13,Nachts Wach,Miksu / Macloud & makko,23,1,48
2023-07-15,14,Anders,Paul & Ski Aggu,20,8,11
2023-07-15,15,Vampire,Olivia Rodrigo,-,15,1
2023-07-15,16,Rein Gehen,Jamal,-,16,1
2023-07-15,17,Not Fair,Niklas Dee & Old Jim Featuring Enny-Mae,-,17,1
2023-07-15,18,Lay Low,Tiesto,15,11,16
2023-07-15,19,I'm Good (Blue),David Guetta & Bebe Rexha,21,2,44
2023-07-15,20,Tempo,01099,-,20,1
2023-07-15,21,Mangos Mit Chili,Nina Chuba,25,4,22
2023-07-15,22,Doktor,"PA Sports, Sido, Haftbefehl & Alies",-,22,1
2023-07-15,23,Was Weisst Du Schon,Apache 207,17,5,4
2023-07-15,24,Neunzig,Apache 207,22,2,10
2023-07-15,25,Substitution,Purple Disco Machine x Kungs,-,25,2
2023-07-22,1,Komet,Udo Lindenberg & Apache 207,1,1,25
2023-07-22,2,Friesenjung,"Ski Aggu, Joost & Otto Waalkes",2,1,7
2023-07-22,3,TABU.,Yung Yury & Damn Yury,3,2,12
2023-07-22,4,So,Bonez MC,-,4,1
2023-07-22,5,Madchen Auf Dem Pferd,"Luca-Dante Spadafora, Niklas Dee & Octavian",4,4,4
2023-07-22,6,Malli,Dardan & Azet,-,6,1
2023-07-22,7,9 Bis 9,"SIRA, badchieff & Bausa",-,7,1
2023-07-22,8,Breaking Your Heart,Apache 207,7,3,15
2023-07-22,9,Daylight,David Kushner,6,3,13
2023-07-22,10,Not Fair,Niklas Dee & Old Jim Featuring Enny-Mae,17,10,2
2023-07-22,11,Baby Don't Hurt Me,"David Guetta , Anne-Marie & Coi Leray",9,9,12
2023-07-22,12,Sommer,Casper Featuring Cro,-,12,1
2023-07-22,13,Flowers,Miley Cyrus,8,1,26
2023-07-22,14,Push Up,Creeds,10,10,6
2023-07-22,15,In Deinen Armen,AYLIVA,5,3,4
2023-07-22,16,Anders,Paul & Ski Aggu,14,8,12
2023-07-22,17,Lay Low,Tiesto,18,11,17
2023-07-22,18,Wildberry Lillet,Nina Chuba,12,1,47
2023-07-22,19,Wenn Das So Bleibt,Apache 207,11,2,8
2023-07-22,20,Nachts Wach,Miksu / Macloud & makko,13,1,49
2023-07-22,21,Ich Will,"Miksu / Macloud, makko & T-Low",-,21,1
2023-07-22,22,Mangos Mit Chili,Nina Chuba,21,4,23
2023-07-22,23,Substitution,Purple Disco Machine x Kungs,25,23,3
2023-07-22,24,I'm Good (Blue),David Guetta & Bebe Rexha,19,2,45
2023-07-22,25,Bumsbar,Ikke Huftgold X Schurze X DJ Robin,-,6,9
2023-07-29,1,Komet,Udo Lindenberg & Apache 207,1,1,26
2023-07-29,2,Friesenjung,"Ski Aggu, Joost & Otto Waalkes",2,1,8
2023-07-29,3,TABU.,Yung Yury & Damn Yury,3,2,13
2023-07-29,4,Madchen Auf Dem Pferd,"Luca-Dante Spadafora, Niklas Dee & Octavian",5,4,5
2023-07-29,5,Mietfrei,Ski Aggu & SIRA,-,5,1
2023-07-29,6,9 Bis 9,"SIRA, badchieff & Bausa",7,6,2
2023-07-29,7,Weisses Haus,AYLIVA,-,7,1
2023-07-29,8,Tropicana,RAF Camora X HoodBlaq,-,8,1
2023-07-29,9,Not Fair,Niklas Dee & Old Jim Featuring Enny-Mae,10,9,3
2023-07-29,10,Breaking Your Heart,Apache 207,8,3,16
2023-07-29,11,Brazil Funk Freestyle,Bobby Vandamme,-,11,1
2023-07-29,12,Daylight,David Kushner,9,3,14
2023-07-29,13,Push Up,Creeds,14,10,7
2023-07-29,14,Seven,Jung Kook Featuring Latto,-,14,1
2023-07-29,15,Flowers,Miley Cyrus,13,1,27
2023-07-29,16,In Deinen Armen,AYLIVA,15,3,5
2023-07-29,17,Baby Don't Hurt Me,"David Guetta , Anne-Marie & Coi Leray",11,9,13
2023-07-29,18,So,Bonez MC,4,4,2
2023-07-29,19,Anders,Paul & Ski Aggu,16,8,13
2023-07-29,20,Nachts Wach,Miksu / Macloud & makko,20,1,50
2023-07-29,21,Wildberry Lillet,Nina Chuba,18,1,48
2023-07-29,22,Lay Low,Tiesto,17,11,18
2023-07-29,23,Was Echtes,Kontra K,-,23,1
2023-07-29,24,5ive On It,KALIM,-,24,1
2023-07-29,25,Mangos Mit Chili,Nina Chuba,22,4,24
2023-08-05,1,Komet,Udo Lindenberg & Apache 207,1,1,27
2023-08-05,2,Madchen Auf Dem Pferd,"Luca-Dante Spadafora, Niklas Dee & Octavian",4,2,6
2023-08-05,3,9 Bis 9,"SIRA, badchieff & Bausa",6,3,3
2023-08-05,4,Friesenjung,"Ski Aggu, Joost & Otto Waalkes",2,1,9
2023-08-05,5,TABU.,Yung Yury & Damn Yury,3,2,14
2023-08-05,6,Mietfrei,Ski Aggu & SIRA,5,5,2
2023-08-05,7,Not Fair,Niklas Dee & Old Jim Featuring Enny-Mae,9,7,4
2023-08-05,8,Weisses Haus,AYLIVA,7,7,2
2023-08-05,9,Daylight,David Kushner,12,3,15
2023-08-05,10,Push Up,Creeds,13,10,8
2023-08-05,11,Wildberry Lillet,Nina Chuba,21,1,49
2023-08-05,12,Breaking Your Heart,Apache 207,10,3,17
2023-08-05,13,Baby Don't Hurt Me,"David Guetta , Anne-Marie & Coi Leray",17,9,14
2023-08-05,14,Was Macht Gzuz?!,The Cratez X Gzuz,-,14,1
2023-08-05,15,Dorfkinder,Finnel,-,15,1
2023-08-05,16,Lay Low,Tiesto,22,11,19
2023-08-05,17,Flowers,Miley Cyrus,15,1,28
2023-08-05,18,Fukumean,Gunna,-,18,1
2023-08-05,19,Nachts Wach,Miksu / Macloud & makko,20,1,51
2023-08-05,20,Anders,Paul & Ski Aggu,19,8,14
2023-08-05,21,In Deinen Armen,AYLIVA,16,3,6
2023-08-05,22,K-POP,"Travis Scott , Bad Bunny & The Weeknd",-,22,1
2023-08-05,23,Sprinter,Dave & Central Cee,-,22,2
2023-08-05,24,Mangos Mit Chili,Nina Chuba,25,4,25
2023-08-05,25,So,Bonez MC,18,4,3
2023-08-12,1,Komet,Udo Lindenberg & Apache 207,1,1,28
2023-08-12,2,9 Bis 9,"SIRA, badchieff & Bausa",3,2,4
2023-08-12,3,Madchen Auf Dem Pferd,"Luca-Dante Spadafora, Niklas Dee & Octavian",2,2,7
2023-08-12,4,TABU.,Yung Yury & Damn Yury,5,2,15
2023-08-12,5,Friesenjung,"Ski Aggu, Joost & Otto Waalkes",4,1,10
2023-08-12,6,FE!N,Travis Scott Featuring Playboi Carti,-,6,1
2023-08-12,7,Mietfrei,Ski Aggu & SIRA,6,5,3
2023-08-12,8,Not Fair,Niklas Dee & Old Jim Featuring Enny-Mae,7,7,5
2023-08-12,9,Push Up,Creeds,10,9,9
2023-08-12,10,Daylight,David Kushner,9,3,16
2023-08-12,11,What Was I Made For?,Billie Eilish,-,11,1
2023-08-12,12,Barbie World,Nicki Minaj & Ice Spice With Aqua,-,12,1
2023-08-12,13,Weisses Haus,AYLIVA,8,7,3
2023-08-12,14,Meltdown,Travis Scott Featuring Drake,-,14,1
2023-08-12,15,Dance The Night,Dua Lipa,-,15,1
2023-08-12,16,Baby Don't Hurt Me,"David Guetta , Anne-Marie & Coi Leray",13,9,15
2023-08-12,17,Flowers,Miley Cyrus,17,1,29
2023-08-12,18,Thank God,Travis Scott,-,18,1
2023-08-12,19,Playboys Weinen Auch,Symba,-,19,1
2023-08-12,20,Breaking Your Heart,Apache 207,12,3,18
2023-08-12,21,Dorfkinder,Finnel,15,15,2
2023-08-12,22,Lay Low,Tiesto,16,11,20
2023-08-12,23,Hyaena,Travis Scott,-,23,1
2023-08-12,24,Fukumean,Gunna,18,18,2
2023-08-12,25,Wildberry Lillet,Nina Chuba,11,1,50
2023-08-19,1,Komet,Udo Lindenberg & Apache 207,1,1,29
2023-08-19,2,9 Bis 9,"SIRA, badchieff & Bausa",2,2,5
2023-08-19,3,Madchen Auf Dem Pferd,"Luca-Dante Spadafora, Niklas Dee & Octavian",3,2,8
2023-08-19,4,TABU.,Yung Yury & Damn Yury,4,2,16
2023-08-19,5,Friesenjung,"Ski Aggu, Joost & Otto Waalkes",5,1,11
2023-08-19,6,Mietfrei,Ski Aggu & SIRA,7,5,4
2023-08-19,7,Not Fair,Niklas Dee & Old Jim Featuring Enny-Mae,8,7,6
2023-08-19,8,Push Up,Creeds,9,8,10
2023-08-19,9,What Was I Made For?,Billie Eilish,11,9,2
2023-08-19,10,Barbie World,Nicki Minaj & Ice Spice With Aqua,12,10,2
2023-08-19,11,Dance The Night,Dua Lipa,15,11,2
2023-08-19,12,Daylight,David Kushner,10,3,17
2023-08-19,13,Weisses Haus,AYLIVA,13,7,4
2023-08-19,14,Flowers,Miley Cyrus,17,1,30
2023-08-19,15,Baby Don't Hurt Me,"David Guetta , Anne-Marie & Coi Leray",16,9,16
2023-08-19,16,FE!N,Travis Scott Featuring Playboi Carti,6,6,2
2023-08-19,17,Breaking Your Heart,Apache 207,20,3,19
2023-08-19,18,Lay Low,Tiesto,22,11,21
2023-08-19,19,Nachts Wach,Miksu / Macloud & makko,-,1,52
2023-08-19,20,Dorfkinder,Finnel,21,15,3
2023-08-19,21,Wildberry Lillet,Nina Chuba,25,1,51
2023-08-19,22,Fukumean,Gunna,24,18,3
2023-08-19,23,Ewigkeit,erobe & Lyfrix,-,23,1
2023-08-19,24,Anders,Paul & Ski Aggu,-,8,15
2023-08-19,25,Mangos Mit Chili,Nina Chuba,-,4,26
2023-08-26,1,9 Bis 9,"SIRA, badchieff & Bausa",2,1,6
2023-08-26,2,Komet,Udo Lindenberg & Apache 207,1,1,30
2023-08-26,3,Summertime,Kontra K Featuring Lana Del Rey,-,3,1
2023-08-26,4,Madchen Auf Dem Pferd,"Luca-Dante Spadafora, Niklas Dee & Octavian",3,2,9
2023-08-26,5,TABU.,Yung Yury & Damn Yury,4,2,17
2023-08-26,6,Friesenjung,"Ski Aggu, Joost & Otto Waalkes",5,1,12
2023-08-26,7,Mietfrei,Ski Aggu & SIRA,6,5,5
2023-08-26,8,Mami,Luciano & Bia,-,8,1
2023-08-26,9,Not Fair,Niklas Dee & Old Jim Featuring Enny-Mae,7,7,7
2023-08-26,10,Dance The Night,Dua Lipa,11,10,3
2023-08-26,11,Push Up,Creeds,8,8,11
2023-08-26,12,Ewigkeit,erobe & Lyfrix,23,12,2
2023-08-26,13,Weisses Haus,AYLIVA,13,7,5
2023-08-26,14,What Was I Made For?,Billie Eilish,9,9,3
2023-08-26,15,Barbie World,Nicki Minaj & Ice Spice With Aqua,10,10,3
2023-08-26,16,Daylight,David Kushner,12,3,18
2023-08-26,17,Vois Sur Ton Chemin (Techno Mix),BENNETT,-,17,1
2023-08-26,18,Breaking Your Heart,Apache 207,17,3,20
2023-08-26,19,Baby Don't Hurt Me,"David Guetta , Anne-Marie & Coi Leray",15,9,17
2023-08-26,20,Flowers,Miley Cyrus,14,1,31
2023-08-26,21,Lay Low,Tiesto,18,11,22
2023-08-26,22,Wildberry Lillet,Nina Chuba,21,1,52
2023-08-26,23,Nachts Wach,Miksu / Macloud & makko,19,1,53
2023-08-26,24,Substitution,Purple Disco Machine x Kungs,-,23,4
2023-08-26,25,Anders,Paul & Ski Aggu,24,8,16
2023-09-02,1,9 Bis 9,"SIRA, badchieff & Bausa",1,1,7
2023-09-02,2,Madchen Auf Dem Pferd,"Luca-Dante Spadafora, Niklas Dee & Octavian",4,2,10
2023-09-02,3,Summertime,Kontra K Featuring Lana Del Rey,3,3,2
2023-09-02,4,Komet,Udo Lindenberg & Apache 207,2,1,31
2023-09-02,5,Theater Star,Ski Aggu & $OHO BANI,-,5,1
2023-09-02,6,Push Up,Creeds,11,6,12
2023-09-02,7,TABU.,Yung Yury & Damn Yury,5,2,18
2023-09-02,8,Prada,"casso, RAYE & D-Block Europe",-,8,1
2023-09-02,9,Weisses Haus,AYLIVA,13,7,6
2023-09-02,10,Ewigkeit,erobe & Lyfrix,12,10,3
2023-09-02,11,Mietfrei,Ski Aggu & SIRA,7,5,6
2023-09-02,12,Friesenjung,"Ski Aggu, Joost & Otto Waalkes",6,1,13
2023-09-02,13,Not Fair,Niklas Dee & Old Jim Featuring Enny-Mae,9,7,8
2023-09-02,14,Vois Sur Ton Chemin (Techno Mix),BENNETT,17,14,2
2023-09-02,15,Dance The Night,Dua Lipa,10,10,4
2023-09-02,16,Paint The Town Red,Doja Cat,-,16,1
2023-09-02,17,Pse,Dardan,-,17,1
2023-09-02,18,Daylight,David Kushner,16,3,19
2023-09-02,19,What Was I Made For?,Billie Eilish,14,9,4
2023-09-02,20,Liebe Auf Der Ruckbank,Finch & Tream,-,20,1
2023-09-02,21,Breaking Your Heart,Apache 207,18,3,21
2023-09-02,22,Cynical,"twocolors, Safri Duo & Chris de Sarandy",-,22,1
2023-09-02,23,Baby Don't Hurt Me,"David Guetta , Anne-Marie & Coi Leray",19,9,18
2023-09-02,24,Flowers,Miley Cyrus,20,1,32
2023-09-02,25,Lay Low,Tiesto,21,11,23
2023-09-09,1,Ms. Jackson,PASHANIM,-,1,1
2023-09-09,2,9 Bis 9,"SIRA, badchieff & Bausa",1,1,8
2023-09-09,3,Madchen Auf Dem Pferd,"Luca-Dante Spadafora, Niklas Dee & Octavian",2,2,11
2023-09-09,4,Weisses Haus,AYLIVA,9,4,7
2023-09-09,5,Komet,Udo Lindenberg & Apache 207,4,1,32
2023-09-09,6,Prada,"casso, RAYE & D-Block Europe",8,6,2
2023-09-09,7,Summertime,Kontra K Featuring Lana Del Rey,3,3,3
2023-09-09,8,Paint The Town Red,Doja Cat,16,8,2
2023-09-09,9,Vois Sur Ton Chemin (Techno Mix),BENNETT,14,9,3
2023-09-09,10,Ewigkeit,erobe & Lyfrix,10,10,4
2023-09-09,11,TABU.,Yung Yury & Damn Yury,7,2,19
2023-09-09,12,In Deinen Armen,AYLIVA,-,3,7
2023-09-09,13,Push Up,Creeds,6,6,13
2023-09-09,14,Theater Star,Ski Aggu & $OHO BANI,5,5,2
2023-09-09,15,Scheine Zahlen,AYLIVA,-,15,1
2023-09-09,16,Trackies,reezy & Stickle,-,16,1
2023-09-09,17,Hasslich,AYLIVA,-,17,1
2023-09-09,18,Not Fair,Niklas Dee & Old Jim Featuring Enny-Mae,13,7,9
2023-09-09,19,Mietfrei,Ski Aggu & SIRA,11,5,7
2023-09-09,20,Liebe Auf Der Ruckbank,Finch & Tream,20,20,2
2023-09-09,21,Friesenjung,"Ski Aggu, Joost & Otto Waalkes",12,1,14
2023-09-09,22,WTF?!,Bonez MC,-,22,1
2023-09-09,23,Schwarzes Herz,AYLIVA,-,23,1
2023-09-09,24,Dance The Night,Dua Lipa,15,10,5
2023-09-09,25,Baile Funk Im Blut,MERO & Jazeek,-,25,1
2023-09-16,1,9 Bis 9,"SIRA, badchieff & Bausa",2,1,9
2023-09-16,2,Paint The Town Red,Doja Cat,8,2,3
2023-09-16,3,Prada,"casso, RAYE & D-Block Europe",6,3,3
2023-09-16,4,Madchen Auf Dem Pferd,"Luca-Dante Spadafora, Niklas Dee & Octavian",3,2,12
2023-09-16,5,Ms. Jackson,PASHANIM,1,1,2
2023-09-16,6,Komet,Udo Lindenberg & Apache 207,5,1,33
2023-09-16,7,Vois Sur Ton Chemin (Techno Mix),BENNETT,9,7,4
2023-09-16,8,Hasslich,AYLIVA,17,8,2
2023-09-16,9,Weisses Haus,AYLIVA,4,4,8
2023-09-16,10,Summertime,Kontra K Featuring Lana Del Rey,7,3,4
2023-09-16,11,Dark Knight,Bushido,-,11,1
2023-09-16,12,Ewigkeit,erobe & Lyfrix,10,10,5
2023-09-16,13,TABU.,Yung Yury & Damn Yury,11,2,20
2023-09-16,14,Push Up,Creeds,13,6,14
2023-09-16,15,Strangers,Kenya Grace,-,15,1
2023-09-16,16,In Deinen Armen,AYLIVA,12,3,8
2023-09-16,17,Theater Star,Ski Aggu & $OHO BANI,14,5,3
2023-09-16,18,Scheine Zahlen,AYLIVA,15,15,2
2023-09-16,19,Not Fair,Niklas Dee & Old Jim Featuring Enny-Mae,18,7,10
2023-09-16,20,Mietfrei,Ski Aggu & SIRA,19,5,8
2023-09-16,21,Liebe Auf Der Ruckbank,Finch & Tream,20,20,3
2023-09-16,22,Friesenjung,"Ski Aggu, Joost & Otto Waalkes",21,1,15
2023-09-16,23,Lass Mich Gehen,AYLIVA,-,23,1
2023-09-16,24,Dance The Night,Dua Lipa,24,10,6
2023-09-16,25,Gensehaut,Ski Aggu,-,25,1
2023-09-23,1,9 Bis 9,"SIRA, badchieff & Bausa",1,1,10
2023-09-23,2,Paint The Town Red,Doja Cat,2,2,4
2023-09-23,3,Prada,"casso, RAYE & D-Block Europe",3,3,4
2023-09-23,4,Madchen Auf Dem Pferd,"Luca-Dante Spadafora, Niklas Dee & Octavian",4,2,13
2023-09-23,5,Hasslich,AYLIVA,8,5,3
2023-09-23,6,Vois Sur Ton Chemin (Techno Mix),BENNETT,7,6,5
2023-09-23,7,Ms. Jackson,PASHANIM,5,1,3
2023-09-23,8,Komet,Udo Lindenberg & Apache 207,6,1,34
2023-09-23,9,Weisses Haus,AYLIVA,9,4,9
2023-09-23,10,Strangers,Kenya Grace,15,10,2
2023-09-23,11,Summertime,Kontra K Featuring Lana Del Rey,10,3,5
2023-09-23,12,Airplanes,badmomzjay & Kool Savas,-,12,1
2023-09-23,13,Ewigkeit,erobe & Lyfrix,12,10,6
2023-09-23,14,Scheine Zahlen,AYLIVA,18,14,3
2023-09-23,15,TABU.,Yung Yury & Damn Yury,13,2,21
2023-09-23,16,In Deinen Armen,AYLIVA,16,3,9
2023-09-23,17,Push Up,Creeds,14,6,15
2023-09-23,18,Telefon Ohne Kabel,Bonez MC,-,18,1
2023-09-23,19,Lass Mich Gehen,AYLIVA,23,19,2
2023-09-23,20,Not Fair,Niklas Dee & Old Jim Featuring Enny-Mae,19,7,11
2023-09-23,21,Liebe Auf Der Ruckbank,Finch & Tream,21,20,4
2023-09-23,22,Mietfrei,Ski Aggu & SIRA,20,5,9
2023-09-23,23,Theater Star,Ski Aggu & $OHO BANI,17,5,4
2023-09-23,24,Model,"RAF Camora, Dardan & Jamule",-,24,1
2023-09-23,25,Friesenjung,"Ski Aggu, Joost & Otto Waalkes",22,1,16
2023-09-30,1,9 Bis 9,"SIRA, badchieff & Bausa",1,1,11
2023-09-30,2,Hasslich,AYLIVA,5,2,4
2023-09-30,3,Prada,"casso, RAYE & D-Block Europe",3,3,5
2023-09-30,4,Paint The Town Red,Doja Cat,2,2,5
2023-09-30,5,Strangers,Kenya Grace,10,5,3
2023-09-30,6,Madchen Auf Dem Pferd,"Luca-Dante Spadafora, Niklas Dee & Octavian",4,2,14
2023-09-30,7,Weisses Haus,AYLIVA,9,4,10
2023-09-30,8,Vois Sur Ton Chemin (Techno Mix),BENNETT,6,6,6
2023-09-30,9,Ms. Jackson,PASHANIM,7,1,4
2023-09-30,10,Komet,Udo Lindenberg & Apache 207,8,1,35
2023-09-30,11,Scheine Zahlen,AYLIVA,14,11,4
2023-09-30,12,Greedy,Tate McRae,-,12,1
2023-09-30,13,In Deinen Armen,AYLIVA,16,3,10
2023-09-30,14,Lass Mich Gehen,AYLIVA,19,14,3
2023-09-30,15,Summertime,Kontra K Featuring Lana Del Rey,11,3,6
2023-09-30,16,Ewigkeit,erobe & Lyfrix,13,10,7
2023-09-30,17,TABU.,Yung Yury & Damn Yury,15,2,22
2023-09-30,18,Push Up,Creeds,17,6,16
2023-09-30,19,Sie Weib,AYLIVA Featuring MERO,-,1,19
2023-09-30,20,Airplanes,badmomzjay & Kool Savas,12,12,2
2023-09-30,21,Not Fair,Niklas Dee & Old Jim Featuring Enny-Mae,20,7,12
2023-09-30,22,Cynical,"twocolors, Safri Duo & Chris de Sarandy",-,22,2
2023-09-30,23,Liebe Auf Der Ruckbank,Finch & Tream,21,20,5
2023-09-30,24,Daylight,David Kushner,-,3,20
2023-09-30,25,Dance The Night,Dua Lipa,-,10,7
2023-10-07,1,9 Bis 9,"SIRA, badchieff & Bausa",1,1,12
2023-10-07,2,Prada,"casso, RAYE & D-Block Europe",3,2,6
2023-10-07,3,Hasslich,AYLIVA,2,2,5
2023-10-07,4,Strangers,Kenya Grace,5,4,4
2023-10-07,5,Paint The Town Red,Doja Cat,4,2,6
2023-10-07,6,Vois Sur Ton Chemin (Techno Mix),BENNETT,8,6,7
2023-10-07,7,Ms. Jackson,PASHANIM,9,1,5
2023-10-07,8,Weisses Haus,AYLIVA,7,4,11
2023-10-07,9,Madchen Auf Dem Pferd,"Luca-Dante Spadafora, Niklas Dee & Octavian",6,2,15
2023-10-07,10,Komet,Udo Lindenberg & Apache 207,10,1,36
2023-10-07,11,Greedy,Tate McRae,12,11,2
2023-10-07,12,Scheine Zahlen,AYLIVA,11,11,5
2023-10-07,13,In Deinen Armen,AYLIVA,13,3,11
2023-10-07,14,Ewigkeit,erobe & Lyfrix,16,10,8
2023-10-07,15,Summertime,Kontra K Featuring Lana Del Rey,15,3,7
2023-10-07,16,Lass Mich Gehen,AYLIVA,14,14,4
2023-10-07,17,Take It,Jazeek,-,17,1
2023-10-07,18,TABU.,Yung Yury & Damn Yury,17,2,23
2023-10-07,19,Vorbei,Robin Schulz x RAF Camora x Montez,-,19,1
2023-10-07,20,Push Up,Creeds,18,6,17
2023-10-07,21,Sie Weib,AYLIVA Featuring MERO,19,1,20
2023-10-07,22,Enchante,Sosa La M,-,22,1
2023-10-07,23,Cynical,"twocolors, Safri Duo & Chris de Sarandy",22,22,3
2023-10-07,24,Feuer Wasser Sturm,Niclov & Baron,-,24,1
2023-10-07,25,Not Fair,Niklas Dee & Old Jim Featuring Enny-Mae,21,7,13
2023-10-14,1,9 Bis 9,"SIRA, badchieff & Bausa",1,1,13
2023-10-14,2,Prada,"casso, RAYE & D-Block Europe",2,2,7
2023-10-14,3,Hasslich,AYLIVA,3,2,6
2023-10-14,4,Strangers,Kenya Grace,4,4,5
2023-10-14,5,Greedy,Tate McRae,11,5,3
2023-10-14,6,Vois Sur Ton Chemin (Techno Mix),BENNETT,6,6,8
2023-10-14,7,Ms. Jackson,PASHANIM,7,1,6
2023-10-14,8,Paint The Town Red,Doja Cat,5,2,7
2023-10-14,9,Madchen Auf Dem Pferd,"Luca-Dante Spadafora, Niklas Dee & Octavian",9,2,16
2023-10-14,10,Komet,Udo Lindenberg & Apache 207,10,1,37
2023-10-14,11,Weisses Haus,AYLIVA,8,4,12
2023-10-14,12,Feuer Wasser Sturm,Niclov & Baron,24,12,2
2023-10-14,13,Scheine Zahlen,AYLIVA,12,11,6
2023-10-14,14,Komm In Meine Arme,Lune & CELINE,-,14,1
2023-10-14,15,Ewigkeit,erobe & Lyfrix,14,10,9
2023-10-14,16,Lass Mich Gehen,AYLIVA,16,14,5
2023-10-14,17,Summertime,Kontra K Featuring Lana Del Rey,15,3,8
2023-10-14,18,Maximum Rizz,Ski Aggu,-,18,1
2023-10-14,19,Si No Estas,Inigo Quintero,-,19,1
2023-10-14,20,In Deinen Armen,AYLIVA,13,3,12
2023-10-14,21,Enchante,Sosa La M,22,21,2
2023-10-14,22,TABU.,Yung Yury & Damn Yury,18,2,24
2023-10-14,23,Sie Weib,AYLIVA Featuring MERO,21,1,21
2023-10-14,24,Push Up,Creeds,20,6,18
2023-10-14,25,1000 Mal,Bausa & LEA,-,25,1
2023-10-21,1,9 Bis 9,"SIRA, badchieff & Bausa",1,1,14
2023-10-21,2,Prada,"casso, RAYE & D-Block Europe",2,2,8
2023-10-21,3,Greedy,Tate McRae,5,3,4
2023-10-21,4,Hasslich,AYLIVA,3,2,7
2023-10-21,5,Strangers,Kenya Grace,4,4,6
2023-10-21,6,Vois Sur Ton Chemin (Techno Mix),BENNETT,6,6,9
2023-10-21,7,Si No Estas,Inigo Quintero,19,7,2
2023-10-21,8,Paint The Town Red,Doja Cat,8,2,8
2023-10-21,9,Ms. Jackson,PASHANIM,7,1,7
2023-10-21,10,Komet,Udo Lindenberg & Apache 207,10,1,38
2023-10-21,11,Madchen Auf Dem Pferd,"Luca-Dante Spadafora, Niklas Dee & Octavian",9,2,17
2023-10-21,12,Weisses Haus,AYLIVA,11,4,13
2023-10-21,13,Feuer Wasser Sturm,Niclov & Baron,12,12,3
2023-10-21,14,Enchante,Sosa La M,21,14,3
2023-10-21,15,Ewigkeit,erobe & Lyfrix,15,10,10
2023-10-21,16,Lass Mich Gehen,AYLIVA,16,14,6
2023-10-21,17,Scheine Zahlen,AYLIVA,13,11,7
2023-10-21,18,Komm In Meine Arme,Lune & CELINE,14,14,2
2023-10-21,19,Summertime,Kontra K Featuring Lana Del Rey,17,3,9
2023-10-21,20,TABU.,Yung Yury & Damn Yury,22,2,25
2023-10-21,21,Cynical,"twocolors, Safri Duo & Chris de Sarandy",-,21,4
2023-10-21,22,Push Up,Creeds,24,6,19
2023-10-21,23,In Deinen Armen,AYLIVA,20,3,13
2023-10-21,24,Mein Bett,Bonez MC,-,24,1
2023-10-21,25,IDGAF,Drake Featuring Yeat,-,25,1
2023-10-28,1,9 Bis 9,"SIRA, badchieff & Bausa",1,1,15
2023-10-28,2,Si No Estas,Inigo Quintero,7,2,3
2023-10-28,3,Prada,"casso, RAYE & D-Block Europe",2,2,9
2023-10-28,4,Hasslich,AYLIVA,4,2,8
2023-10-28,5,Strangers,Kenya Grace,5,4,7
2023-10-28,6,Vois Sur Ton Chemin (Techno Mix),BENNETT,6,6,10
2023-10-28,7,Greedy,Tate McRae,3,3,5
2023-10-28,8,Ms. Jackson,PASHANIM,9,1,8
2023-10-28,9,Komet,Udo Lindenberg & Apache 207,10,1,39
2023-10-28,10,Paint The Town Red,Doja Cat,8,2,9
2023-10-28,11,Madchen Auf Dem Pferd,"Luca-Dante Spadafora, Niklas Dee & Octavian",11,2,18
2023-10-28,12,Blonde Chaya,Amaru x Gringo Bamba,-,12,1
2023-10-28,13,Weisses Haus,AYLIVA,12,4,14
2023-10-28,14,Cold Princess,Luciano,-,14,1
2023-10-28,15,Nicht Nachmachen!!,"Ski Aggu, Monk & Longus Mongus",-,15,1
2023-10-28,16,Feuer Wasser Sturm,Niclov & Baron,13,12,4
2023-10-28,17,Ewigkeit,erobe & Lyfrix,15,10,11
2023-10-28,18,Enchante,Sosa La M,14,14,4
2023-10-28,19,Scheine Zahlen,AYLIVA,17,11,8
2023-10-28,20,Noch Einmal,Jazeek,-,20,1
2023-10-28,21,Cynical,"twocolors, Safri Duo & Chris de Sarandy",21,21,5
2023-10-28,22,Lass Mich Gehen,AYLIVA,16,14,7
2023-10-28,23,Take It,Jazeek,-,17,2
2023-10-28,24,Summertime,Kontra K Featuring Lana Del Rey,19,3,10
2023-10-28,25,TABU.,Yung Yury & Damn Yury,20,2,26
2023-11-04,1,Si No Estas,Inigo Quintero,2,1,4
2023-11-04,2,14 Passenger,reezy,-,2,1
2023-11-04,3,Prada,"casso, RAYE & D-Block Europe",3,2,10
2023-11-04,4,9 Bis 9,"SIRA, badchieff & Bausa",1,1,16
2023-11-04,5,Blonde Chaya,Amaru x Gringo Bamba,12,5,2
2023-11-04,6,Vois Sur Ton Chemin (Techno Mix),BENNETT,6,6,11
2023-11-04,7,Greedy,Tate McRae,7,3,6
2023-11-04,8,Hasslich,AYLIVA,4,2,9
2023-11-04,9,Strangers,Kenya Grace,5,4,8
2023-11-04,10,Komet,Udo Lindenberg & Apache 207,9,1,40
2023-11-04,11,Ms. Jackson,PASHANIM,8,1,9
2023-11-04,12,Paint The Town Red,Doja Cat,10,2,10
2023-11-04,13,Madchen Auf Dem Pferd,"Luca-Dante Spadafora, Niklas Dee & Octavian",11,2,19
2023-11-04,14,2003,Liaze,-,14,1
2023-11-04,15,Liebe Auf Der Ruckbank,Finch & Tream,-,15,6
2023-11-04,16,Weisses Haus,AYLIVA,13,4,15
2023-11-04,17,Feuer Wasser Sturm,Niclov & Baron,16,12,5
2023-11-04,18,Weiche Kissen,Kontra K Featuring Clueso,-,18,1
2023-11-04,19,Cruel Summer,Taylor Swift,-,19,1
2023-11-04,20,Das Ist Bonez,"Gzuz, Bonez MC & Maxwell",-,20,1
2023-11-04,21,Nur Damit Du Weisst,reezy,-,21,1
2023-11-04,22,Ewigkeit,erobe & Lyfrix,17,10,12
2023-11-04,23,Cold Princess,Luciano,14,14,2
2023-11-04,24,Cynical,"twocolors, Safri Duo & Chris de Sarandy",21,21,6
2023-11-04,25,Summertime,Kontra K Featuring Lana Del Rey,24,3,11
2023-11-11,1,Liebe Grusse,RAF Camora & Ski Aggu,-,1,1
2023-11-11,2,Si No Estas,Inigo Quintero,1,1,5
2023-11-11,3,Blonde Chaya,Amaru x Gringo Bamba,5,3,3
2023-11-11,4,Prada,"casso, RAYE & D-Block Europe",3,2,11
2023-11-11,5,Vois Sur Ton Chemin (Techno Mix),BENNETT,6,5,12
2023-11-11,6,9 Bis 9,"SIRA, badchieff & Bausa",4,1,17
2023-11-11,7,2 Germans,Luciano & Gzuz,-,7,1
2023-11-11,8,Greedy,Tate McRae,7,3,7
2023-11-11,9,Strangers,Kenya Grace,9,4,9
2023-11-11,10,Hasslich,AYLIVA,8,2,10
2023-11-11,11,Komet,Udo Lindenberg & Apache 207,10,1,41
2023-11-11,12,Ms. Jackson,PASHANIM,11,1,10
2023-11-11,13,Paint The Town Red,Doja Cat,12,2,11
2023-11-11,14,14 Passenger,reezy,2,2,2
2023-11-11,15,Madchen Auf Dem Pferd,"Luca-Dante Spadafora, Niklas Dee & Octavian",13,2,20
2023-11-11,16,2003,Liaze,14,14,2
2023-11-11,17,Liebe Auf Der Ruckbank,Finch & Tream,15,15,7
2023-11-11,18,Cynical,"twocolors, Safri Duo & Chris de Sarandy",24,18,7
2023-11-11,19,Ewigkeit,erobe & Lyfrix,22,10,13
2023-11-11,20,We The Hottest In Here,reezy,-,20,1
2023-11-11,21,Feuer Wasser Sturm,Niclov & Baron,17,12,6
2023-11-11,22,Weisses Haus,AYLIVA,16,4,16
2023-11-11,23,Wenn Du Lachelst,Milano,-,23,1
2023-11-11,24,Push Up,Creeds,-,6,20
2023-11-11,25,Cruel Summer,Taylor Swift,19,19,2
2023-11-25,1,Prada,"casso, RAYE & D-Block Europe",2,1,13
2023-11-25,2,Die Sonne,Kontra K Featuring SANTOS,-,2,1
2023-11-25,3,Vois Sur Ton Chemin (Techno Mix),BENNETT,5,3,14
2023-11-25,4,Si No Estas,Inigo Quintero,1,1,7
2023-11-25,5,Blonde Chaya,Amaru x Gringo Bamba,3,3,5
2023-11-25,6,Greedy,Tate McRae,6,3,9
2023-11-25,7,9 Bis 9,"SIRA, badchieff & Bausa",7,1,19
2023-11-25,8,Komet,Udo Lindenberg & Apache 207,9,1,43
2023-11-25,9,Liebe Grusse,RAF Camora & Ski Aggu,4,1,3
2023-11-25,10,Strangers,Kenya Grace,8,4,11
2023-11-25,11,Familia,Luciano & Morad,-,11,1
2023-11-25,12,Hasslich,AYLIVA,10,2,12
2023-11-25,13,Ms. Jackson,PASHANIM,11,1,12
2023-11-25,14,Paint The Town Red,Doja Cat,12,2,13
2023-11-25,15,Madchen Auf Dem Pferd,"Luca-Dante Spadafora, Niklas Dee & Octavian",13,2,22
2023-11-25,16,Houdini,Dua Lipa,-,16,1
2023-11-25,17,Liebe Auf Der Ruckbank,Finch & Tream,17,15,9
2023-11-25,18,Summertime,Kontra K Featuring Lana Del Rey,-,3,12
2023-11-25,19,Last Christmas,Wham!,-,1,7
2023-11-25,20,Wenn Du Lachelst,Milano,18,18,3
2023-11-25,21,Bandit,Bobby Vandamme,-,21,1
2023-11-25,22,Another Love,Tom Odell,23,7,42
2023-11-25,23,14 Passenger,reezy,15,2,4
2023-11-25,24,Push Up,Creeds,25,6,22
2023-11-25,25,Cynical,"twocolors, Safri Duo & Chris de Sarandy",19,18,9
2023-12-02,1,Prada,"casso, RAYE & D-Block Europe",1,1,14
2023-12-02,2,Greedy,Tate McRae,6,2,10
2023-12-02,3,Vois Sur Ton Chemin (Techno Mix),BENNETT,3,3,15
2023-12-02,4,9 Bis 9,"SIRA, badchieff & Bausa",7,1,20
2023-12-02,5,Fussballer,Bonez MC,-,5,1
2023-12-02,6,Si No Estas,Inigo Quintero,4,1,8
2023-12-02,7,Komet,Udo Lindenberg & Apache 207,8,1,44
2023-12-02,8,Blonde Chaya,Amaru x Gringo Bamba,5,3,6
2023-12-02,9,Last Christmas,Wham!,19,1,8
2023-12-02,10,Strangers,Kenya Grace,10,4,12
2023-12-02,11,Hasslich,AYLIVA,12,2,13
2023-12-02,12,All I Want For Christmas Is You,Mariah Carey,-,1,7
2023-12-02,13,Die Sonne,Kontra K Featuring SANTOS,2,2,2
2023-12-02,14,Liebe Grusse,RAF Camora & Ski Aggu,9,1,4
2023-12-02,15,Ja Sagen,Hava,-,15,1
2023-12-02,16,Ms. Jackson,PASHANIM,13,1,13
2023-12-02,17,Lovin On Me,Jack Harlow,-,17,1
2023-12-02,18,Madchen Auf Dem Pferd,"Luca-Dante Spadafora, Niklas Dee & Octavian",15,2,23
2023-12-02,19,Paint The Town Red,Doja Cat,14,2,14
2023-12-02,20,Merry Christmas Everyone,Shakin' Stevens,-,3,7
2023-12-02,21,Wenn Du Lachelst,Milano,20,18,4
2023-12-02,22,Weisses Haus,AYLIVA,-,4,17
2023-12-02,23,Snowman,Sia,-,13,6
2023-12-02,24,Handy Brennt...,Azet,-,24,1
2023-12-02,25,Another Love,Tom Odell,22,7,43
2023-12-09,1,Last Christmas,Wham!,9,1,9
2023-12-09,2,All I Want For Christmas Is You,Mariah Carey,12,1,8
2023-12-09,3,sonnenbank.mp3,YAKARY,-,3,1
2023-12-09,4,Merry Christmas Everyone,Shakin' Stevens,20,3,8
2023-12-09,5,Ja Sagen,Hava,15,5,2
2023-12-09,6,Let It Snow! Let It Snow! Let It Snow!,Dean Martin,-,6,6
2023-12-09,7,Atemlos Durch Die Nacht,Helene Fischer x Shirin David,-,7,1
2023-12-09,8,Prada,"casso, RAYE & D-Block Europe",1,1,15
2023-12-09,9,Snowman,Sia,23,9,7
2023-12-09,10,Driving Home For Christmas,Chris Rea,-,4,7
2023-12-09,11,Greedy,Tate McRae,2,2,11
2023-12-09,12,Vois Sur Ton Chemin (Techno Mix),BENNETT,3,3,16
2023-12-09,13,Underneath The Tree,Kelly Clarkson,-,13,6
2023-12-09,14,Wonderful Dream (Holidays Are Coming),Melanie Thornton,-,9,6
2023-12-09,15,9 Bis 9,"SIRA, badchieff & Bausa",4,1,21
2023-12-09,16,Jingle Bell Rock,Bobby Helms,-,6,7
2023-12-09,17,Rockin' Around The Christmas Tree,Brenda Lee,-,4,7
2023-12-09,18,Komet,Udo Lindenberg & Apache 207,7,1,45
2023-12-09,19,Santa Tell Me,Ariana Grande,-,13,7
2023-12-09,20,It's Beginning To Look A Lot Like Christmas,Michael Buble,-,7,6
2023-12-09,21,Blonde Chaya,Amaru x Gringo Bamba,8,3,7
2023-12-09,22,Si No Estas,Inigo Quintero,6,1,9
2023-12-09,23,Merry Christmas,Ed Sheeran & Elton John,-,8,6
2023-12-09,24,Strangers,Kenya Grace,10,4,13
2023-12-09,25,Hasslich,AYLIVA,11,2,14
2023-12-16,1,All I Want For Christmas Is You,Mariah Carey,2,1,9
2023-12-16,2,Last Christmas,Wham!,1,1,10
2023-12-16,3,Merry Christmas Everyone,Shakin' Stevens,4,3,9
2023-12-16,4,Let It Snow! Let It Snow! Let It Snow!,Dean Martin,6,4,7
2023-12-16,5,Driving Home For Christmas,Chris Rea,10,4,8
2023-12-16,6,Wonderful Dream (Holidays Are Coming),Melanie Thornton,14,6,7
2023-12-16,7,Underneath The Tree,Kelly Clarkson,13,7,7
2023-12-16,8,Rockin' Around The Christmas Tree,Brenda Lee,17,4,8
2023-12-16,9,Snowman,Sia,9,9,8
2023-12-16,10,Happy Xmas (War Is Over),John & Yoko/The Plastic Ono Band With The Harlem Community Choir,-,10,5
2023-12-16,11,Jingle Bell Rock,Bobby Helms,16,6,8
2023-12-16,12,Santa Tell Me,Ariana Grande,19,12,8
2023-12-16,13,Merry Christmas,Ed Sheeran & Elton John,23,8,7
2023-12-16,14,Feliz Navidad,Jose Feliciano,-,7,6
2023-12-16,15,It's Beginning To Look A Lot Like Christmas,Michael Buble,20,7,7
2023-12-16,16,sonnenbank.mp3,YAKARY,3,3,2
2023-12-16,17,Wonderful Christmastime,Paul McCartney,-,12,5
2023-12-16,18,Hallelujah,Pentatonix,-,18,2
2023-12-16,19,Ja Sagen,Hava,5,5,3
2023-12-16,20,Christmas Time,Bryan Adams,-,17,3
2023-12-16,21,Do They Know It's Christmas?,Band Aid,-,17,6
2023-12-16,22,In Der Weihnachtsbackerei,Rolf Zuckowski,-,22,1
2023-12-16,23,Prada,"casso, RAYE & D-Block Europe",8,1,16
2023-12-16,24,Komet,Udo Lindenberg & Apache 207,18,1,46
2023-12-16,25,Holly Jolly Christmas,Michael Buble,-,20,6
2023-12-23,1,All I Want For Christmas Is You,Mariah Carey,1,1,10
2023-12-23,2,Last Christmas,Wham!,2,1,11
2023-12-23,3,Merry Christmas Everyone,Shakin' Stevens,3,3,10
2023-12-23,4,Driving Home For Christmas,Chris Rea,5,4,9
2023-12-23,5,Wonderful Dream (Holidays Are Coming),Melanie Thornton,6,5,8
2023-12-23,6,Let It Snow! Let It Snow! Let It Snow!,Dean Martin,4,4,8
2023-12-23,7,Snowman,Sia,9,7,9
2023-12-23,8,Underneath The Tree,Kelly Clarkson,7,7,8
2023-12-23,9,Merry Christmas,Ed Sheeran & Elton John,13,8,8
2023-12-23,10,Rockin' Around The Christmas Tree,Brenda Lee,8,4,9
2023-12-23,11,Feliz Navidad,Jose Feliciano,14,7,7
2023-12-23,12,Happy Xmas (War Is Over),John & Yoko/The Plastic Ono Band With The Harlem Community Choir,10,10,6
2023-12-23,13,Jingle Bell Rock,Bobby Helms,11,6,9
2023-12-23,14,sonnenbank.mp3,YAKARY,16,3,3
2023-12-23,15,Wonderful Christmastime,Paul McCartney,17,12,6
2023-12-23,16,It's Beginning To Look A Lot Like Christmas,Michael Buble,15,7,8
2023-12-23,17,Santa Tell Me,Ariana Grande,12,12,9
2023-12-23,18,Hallelujah,Pentatonix,18,18,3
2023-12-23,19,Prada,"casso, RAYE & D-Block Europe",23,1,17
2023-12-23,20,Vois Sur Ton Chemin (Techno Mix),BENNETT,-,3,17
2023-12-23,21,Christmas Time,Bryan Adams,20,17,4
2023-12-23,22,Ja Sagen,Hava,19,5,4
2023-12-23,23,Komet,Udo Lindenberg & Apache 207,24,1,47
2023-12-23,24,Do They Know It's Christmas?,Band Aid,21,17,7
2023-12-23,25,Greedy,Tate McRae,-,2,12
2023-12-30,1,All I Want For Christmas Is You,Mariah Carey,1,1,11
2023-12-30,2,Last Christmas,Wham!,2,1,12
2023-12-30,3,Merry Christmas Everyone,Shakin' Stevens,3,3,11
2023-12-30,4,Driving Home For Christmas,Chris Rea,4,4,10
2023-12-30,5,Wonderful Dream (Holidays Are Coming),Melanie Thornton,5,5,9
2023-12-30,6,Let It Snow! Let It Snow! Let It Snow!,Dean Martin,6,4,9
2023-12-30,7,Snowman,Sia,7,7,10
2023-12-30,8,Merry Christmas,Ed Sheeran & Elton John,9,8,9
2023-12-30,9,Underneath The Tree,Kelly Clarkson,8,7,9
2023-12-30,10,Rockin' Around The Christmas Tree,Brenda Lee,10,4,10
2023-12-30,11,Feliz Navidad,Jose Feliciano,11,7,8
2023-12-30,12,Happy Xmas (War Is Over),John & Yoko/The Plastic Ono Band With The Harlem Community Choir,12,10,7
2023-12-30,13,Jingle Bell Rock,Bobby Helms,13,6,10
2023-12-30,14,Santa Tell Me,Ariana Grande,17,12,10
2023-12-30,15,Wonderful Christmastime,Paul McCartney,15,12,7
2023-12-30,16,Hallelujah,Pentatonix,18,16,4
2023-12-30,17,It's Beginning To Look A Lot Like Christmas,Michael Buble,16,7,9
2023-12-30,18,Christmas Time,Bryan Adams,21,17,5
2023-12-30,19,Do They Know It's Christmas?,Band Aid,24,17,8
2023-12-30,20,sonnenbank.mp3,YAKARY,14,3,4
2023-12-30,21,Vois Sur Ton Chemin (Techno Mix),BENNETT,20,3,18
2023-12-30,22,Holly Jolly Christmas,Michael Buble,-,20,7
2023-12-30,23,Prada,"casso, RAYE & D-Block Europe",19,1,18
2023-12-30,24,Money & Fame,Bonez MC & Ufo361,-,24,1
2023-12-30,25,In Der Weihnachtsbackerei,Rolf Zuckowski,-,22,2
2024-01-06,1,All I Want For Christmas Is You,Mariah Carey,1,1,12
2024-01-06,2,Last Christmas,Wham!,2,1,13
2024-01-06,3,Merry Christmas Everyone,Shakin' Stevens,3,3,12
2024-01-06,4,Driving Home For Christmas,Chris Rea,4,4,11
2024-01-06,5,Let It Snow! Let It Snow! Let It Snow!,Dean Martin,6,4,10
2024-01-06,6,Snowman,Sia,7,6,11
2024-01-06,7,Merry Christmas,Ed Sheeran & Elton John,8,7,10
2024-01-06,8,Wonderful Dream (Holidays Are Coming),Melanie Thornton,5,5,10
2024-01-06,9,Rockin' Around The Christmas Tree,Brenda Lee,10,4,11
2024-01-06,10,Underneath The Tree,Kelly Clarkson,9,7,10
2024-01-06,11,Feliz Navidad,Jose Feliciano,11,7,9
2024-01-06,12,Wonderful Christmastime,Paul McCartney,15,12,8
2024-01-06,13,Jingle Bell Rock,Bobby Helms,13,6,11
2024-01-06,14,Happy Xmas (War Is Over),John & Yoko/The Plastic Ono Band With The Harlem Community Choir,12,10,8
2024-01-06,15,Santa Tell Me,Ariana Grande,14,12,11
2024-01-06,16,Hallelujah,Pentatonix,16,16,5
2024-01-06,17,It's Beginning To Look A Lot Like Christmas,Michael Buble,17,7,10
2024-01-06,18,Thank God It's Christmas,Queen,-,18,2
2024-01-06,19,Christmas Time,Bryan Adams,18,17,6
2024-01-06,20,Do They Know It's Christmas?,Band Aid,19,17,9
2024-01-06,21,Holly Jolly Christmas,Michael Buble,22,20,8
2024-01-06,22,"Rudolph, The Red-Nosed Reindeer",Dean Martin,-,21,3
2024-01-06,23,Mistletoe,Justin Bieber,-,22,2
2024-01-06,24,Christmas Lights,Coldplay,-,24,2
2024-01-06,25,My Only Wish (This Year),Britney Spears,-,25,1
2024-01-13,1,Wonderful Life,Luciano & Hurts,-,1,1
2024-01-13,2,Prada,"casso, RAYE & D-Block Europe",-,1,19
2024-01-13,3,Vois Sur Ton Chemin (Techno Mix),BENNETT,-,3,19
2024-01-13,4,Komet,Udo Lindenberg & Apache 207,-,1,48
2024-01-13,5,9 Bis 9,"SIRA, badchieff & Bausa",-,1,22
2024-01-13,6,Greedy,Tate McRae,-,2,13
2024-01-13,7,Lovin On Me,Jack Harlow,-,7,2
2024-01-13,8,Strangers,Kenya Grace,-,4,14
2024-01-13,9,sonnenbank.mp3,YAKARY,-,3,5
2024-01-13,10,Madchen Auf Dem Pferd,"Luca-Dante Spadafora, Niklas Dee & Octavian",-,2,24
2024-01-13,11,Blonde Chaya,Amaru x Gringo Bamba,-,3,8
2024-01-13,12,Hasslich,AYLIVA,-,2,15
2024-01-13,13,Wildberry Lillet,Nina Chuba,-,1,53
2024-01-13,14,I'm Good (Blue),David Guetta & Bebe Rexha,-,2,46
2024-01-13,15,Cynical,"twocolors, Safri Duo & Chris de Sarandy",-,15,10
2024-01-13,16,Houdini,Dua Lipa,-,16,2
2024-01-13,17,Overdrive,Ofenbach Featuring Norma Jean Martine,-,17,1
2024-01-13,18,Flowers,Miley Cyrus,-,1,33
2024-01-13,19,3 Haselnusse,Jaques Raupe x Felix Harrer,-,19,1
2024-01-13,20,Anderer Mann,Milano,-,20,1
2024-01-13,21,Ja Sagen,Hava,-,5,5
2024-01-13,22,Push Up,Creeds,-,6,23
2024-01-13,23,Liebe Auf Der Ruckbank,Finch & Tream,-,15,10
2024-01-13,24,Ms. Jackson,PASHANIM,-,1,14
2024-01-13,25,Paint The Town Red,Doja Cat,-,2,15
2024-01-20,1,Time,Luciano,-,1,1
2024-01-20,2,Wonderful Life,Luciano & Hurts,1,1,2
2024-01-20,3,Vois Sur Ton Chemin (Techno Mix),BENNETT,3,3,20
2024-01-20,4,Prada,"casso, RAYE & D-Block Europe",2,1,20
2024-01-20,5,Bullet,MERO & AYLIVA,-,5,1
2024-01-20,6,Greedy,Tate McRae,6,2,14
2024-01-20,7,Komet,Udo Lindenberg & Apache 207,4,1,49
2024-01-20,8,Lovin On Me,Jack Harlow,7,7,3
2024-01-20,9,9 Bis 9,"SIRA, badchieff & Bausa",5,1,23
2024-01-20,10,sonnenbank.mp3,YAKARY,9,3,6
2024-01-20,11,Hasslich,AYLIVA,12,2,16
2024-01-20,12,Strangers,Kenya Grace,8,4,15
2024-01-20,13,Blonde Chaya,Amaru x Gringo Bamba,11,3,9
2024-01-20,14,Overdrive,Ofenbach Featuring Norma Jean Martine,17,14,2
2024-01-20,15,Ja Sagen,Hava,21,5,6
2024-01-20,16,Anderer Mann,Milano,20,16,2
2024-01-20,17,Let's Get Fkd Up,Alok x Mondello'G x CERES Featuring Tribbs,-,17,1
2024-01-20,18,Rick Owens,Ufo361 Featuring Ken Carson,-,18,1
2024-01-20,19,Ms. Jackson,PASHANIM,24,1,15
2024-01-20,20,Liebe Auf Der Ruckbank,Finch & Tream,23,15,11
2024-01-20,21,Madchen Auf Dem Pferd,"Luca-Dante Spadafora, Niklas Dee & Octavian",10,2,25
2024-01-20,22,Flowers,Miley Cyrus,18,1,34
2024-01-20,23,Wildberry Lillet,Nina Chuba,13,1,54
2024-01-20,24,Paint The Town Red,Doja Cat,25,2,16
2024-01-20,25,Another Love,Tom Odell,-,7,44
2024-01-27,1,Vois Sur Ton Chemin (Techno Mix),BENNETT,3,1,21
2024-01-27,2,Prada,"casso, RAYE & D-Block Europe",4,1,21
2024-01-27,3,Greedy,Tate McRae,6,2,15
2024-01-27,4,Lovin On Me,Jack Harlow,8,4,4
2024-01-27,5,In & Out,reezy,-,5,1
2024-01-27,6,Wonderful Life,Luciano & Hurts,2,1,3
2024-01-27,7,Komet,Udo Lindenberg & Apache 207,7,1,50
2024-01-27,8,Time,Luciano,1,1,2
2024-01-27,9,9 Bis 9,"SIRA, badchieff & Bausa",9,1,24
2024-01-27,10,sonnenbank.mp3,YAKARY,10,3,7
2024-01-27,11,"Yes, And?",Ariana Grande,-,11,1
2024-01-27,12,Strangers,Kenya Grace,12,4,16
2024-01-27,13,Hasslich,AYLIVA,11,2,17
2024-01-27,14,Let's Get Fkd Up,Alok x Mondello'G x CERES Featuring Tribbs,17,14,2
2024-01-27,15,Overdrive,Ofenbach Featuring Norma Jean Martine,14,14,3
2024-01-27,16,Bullet,MERO & AYLIVA,5,5,2
2024-01-27,17,Blonde Chaya,Amaru x Gringo Bamba,13,3,10
2024-01-27,18,Frieden,K.I.Z,-,18,1
2024-01-27,19,Stop & Go,Summer Cem Featuring Billa Joe,-,19,1
2024-01-27,20,Liebe Auf Der Ruckbank,Finch & Tream,20,15,12
2024-01-27,21,Anderer Mann,Milano,16,16,3
2024-01-27,22,Beverly Hills Freestyle,Luciano,-,22,1
2024-01-27,23,Ja Sagen,Hava,15,5,7
2024-01-27,24,Madchen Auf Dem Pferd,"Luca-Dante Spadafora, Niklas Dee & Octavian",21,2,26
2024-01-27,25,Ms. Jackson,PASHANIM,19,1,16
2024-02-03,1,Vois Sur Ton Chemin (Techno Mix),BENNETT,1,1,22
2024-02-03,2,Prada,"casso, RAYE & D-Block Europe",2,1,22
2024-02-03,3,Business Straight,BILLA Joe & Faroon,-,3,1
2024-02-03,4,Greedy,Tate McRae,3,2,16
2024-02-03,5,Lovin On Me,Jack Harlow,4,4,5
2024-02-03,6,Komet,Udo Lindenberg & Apache 207,7,1,51
2024-02-03,7,sonnenbank.mp3,YAKARY,10,3,8
2024-02-03,8,9 Bis 9,"SIRA, badchieff & Bausa",9,1,25
2024-02-03,9,Wonderful Life,Luciano & Hurts,6,1,4
2024-02-03,10,Strangers,Kenya Grace,12,4,17
2024-02-03,11,Let's Get Fkd Up,Alok x Mondello'G x CERES Featuring Tribbs,14,11,3
2024-02-03,12,Overdrive,Ofenbach Featuring Norma Jean Martine,15,12,4
2024-02-03,13,"Yes, And?",Ariana Grande,11,11,2
2024-02-03,14,Sag Was,Paula Hartmann & T-Low,-,14,1
2024-02-03,15,Hasslich,AYLIVA,13,2,18
2024-02-03,16,Keine Homies,CIVO,-,16,1
2024-02-03,17,Intro,Luciano,-,17,1
2024-02-03,18,Time,Luciano,8,1,3
2024-02-03,19,In & Out,reezy,5,5,2
2024-02-03,20,Blonde Chaya,Amaru x Gringo Bamba,17,3,11
2024-02-03,21,Murder On The Dancefloor,Sophie Ellis-Bextor,-,21,1
2024-02-03,22,Beautiful Things,Benson Boone,-,22,1
2024-02-03,23,Liebe Auf Der Ruckbank,Finch & Tream,20,15,13
2024-02-03,24,Houdini,Dua Lipa,-,16,3
2024-02-03,25,Unwritten,Natasha Bedingfield,-,25,1
2024-02-10,1,Vois Sur Ton Chemin (Techno Mix),BENNETT,1,1,23
2024-02-10,2,Prada,"casso, RAYE & D-Block Europe",2,1,23
2024-02-10,3,Greedy,Tate McRae,4,2,17
2024-02-10,4,Unwritten,Natasha Bedingfield,25,4,2
2024-02-10,5,Lovin On Me,Jack Harlow,5,4,6
2024-02-10,6,Komet,Udo Lindenberg & Apache 207,6,1,52
2024-02-10,7,Blue Porsche,Luciano & Niska,-,7,1
2024-02-10,8,sonnenbank.mp3,YAKARY,7,3,9
2024-02-10,9,Beautiful Things,Benson Boone,22,9,2
2024-02-10,10,Overdrive,Ofenbach Featuring Norma Jean Martine,12,10,5
2024-02-10,11,9 Bis 9,"SIRA, badchieff & Bausa",8,1,26
2024-02-10,12,Strangers,Kenya Grace,10,4,18
2024-02-10,13,Let's Get Fkd Up,Alok x Mondello'G x CERES Featuring Tribbs,11,11,4
2024-02-10,14,Home,Moritz & Zachi,-,14,1
2024-02-10,15,Hasslich,AYLIVA,15,2,19
2024-02-10,16,Business Straight,BILLA Joe & Faroon,3,3,2
2024-02-10,17,Wonderful Life,Luciano & Hurts,9,1,5
2024-02-10,18,Popular,"The Weeknd , Playboi Carti & Madonna",-,18,1
2024-02-10,19,Keine Homies,CIVO,16,16,2
2024-02-10,20,Murder On The Dancefloor,Sophie Ellis-Bextor,21,20,2
2024-02-10,21,Liebe Auf Der Ruckbank,Finch & Tream,23,15,14
2024-02-10,22,Blonde Chaya,Amaru x Gringo Bamba,20,3,12
2024-02-10,23,"Yes, And?",Ariana Grande,13,11,3
2024-02-10,24,Lose Control,Teddy Swims,-,24,1
2024-02-10,25,Ms. Jackson,PASHANIM,-,1,17
2024-02-17,1,Vois Sur Ton Chemin (Techno Mix),BENNETT,1,1,24
2024-02-17,2,Beautiful Things,Benson Boone,9,2,3
2024-02-17,3,Prada,"casso, RAYE & D-Block Europe",2,1,24
2024-02-17,4,Unwritten,Natasha Bedingfield,4,4,3
2024-02-17,5,Greedy,Tate McRae,3,2,18
2024-02-17,6,Komet,Udo Lindenberg & Apache 207,6,1,53
2024-02-17,7,Overdrive,Ofenbach Featuring Norma Jean Martine,10,7,6
2024-02-17,8,Lovin On Me,Jack Harlow,5,4,7
2024-02-17,9,Let's Get Fkd Up,Alok x Mondello'G x CERES Featuring Tribbs,13,9,5
2024-02-17,10,Strangers,Kenya Grace,12,4,19
2024-02-17,11,9 Bis 9,"SIRA, badchieff & Bausa",11,1,27
2024-02-17,12,sonnenbank.mp3,YAKARY,8,3,10
2024-02-17,13,Fur Immer Fruhling,soffie,-,13,1
2024-02-17,14,What Happened,Luciano,-,14,1
2024-02-17,15,Hasslich,AYLIVA,15,2,20
2024-02-17,16,Montenegro,Safraoui & RAF Camora,-,16,1
2024-02-17,17,Thank You (Not So Bad),Dimitri Vegas & Like Mike x Tiesto x W&W & Dido,-,17,1
2024-02-17,18,Lose Control,Teddy Swims,24,18,2
2024-02-17,19,Liebe Auf Der Ruckbank,Finch & Tream,21,15,15
2024-02-17,20,Flowers,Miley Cyrus,-,1,35
2024-02-17,21,Wonderful Life,Luciano & Hurts,17,1,6
2024-02-17,22,Blonde Chaya,Amaru x Gringo Bamba,22,3,13
2024-02-17,23,Stumblin' In,CYRIL,-,23,1
2024-02-17,24,Murder On The Dancefloor,Sophie Ellis-Bextor,20,20,3
2024-02-17,25,Houdini,Dua Lipa,-,16,4
2024-02-24,1,Lieb Mich,AYLIVA,-,1,1
2024-02-24,2,Beautiful Things,Benson Boone,2,2,4
2024-02-24,3,Vois Sur Ton Chemin (Techno Mix),BENNETT,1,1,25
2024-02-24,4,Unwritten,Natasha Bedingfield,4,4,4
2024-02-24,5,Schwarzer Toyota,"Skrt Cobain, Mark Forster & Ski Aggu",-,5,1
2024-02-24,6,Prada,"casso, RAYE & D-Block Europe",3,1,25
2024-02-24,7,Greedy,Tate McRae,5,2,19
2024-02-24,8,Komet,Udo Lindenberg & Apache 207,6,1,54
2024-02-24,9,Herz Macht Bamm,Tream/iboii,-,9,1
2024-02-24,10,Overdrive,Ofenbach Featuring Norma Jean Martine,7,7,7
2024-02-24,11,Fur Immer Fruhling,soffie,13,11,2
2024-02-24,12,9 Bis 9,"SIRA, badchieff & Bausa",11,1,28
2024-02-24,13,Lovin On Me,Jack Harlow,8,4,8
2024-02-24,14,Strangers,Kenya Grace,10,4,20
2024-02-24,15,Let's Get Fkd Up,Alok x Mondello'G x CERES Featuring Tribbs,9,9,6
2024-02-24,16,Another Vibe,Luciano & Omah Lay,-,16,1
2024-02-24,17,Nie Mehr Fastelovend,Querbeat,-,17,1
2024-02-24,18,Stumblin' In,CYRIL,23,18,2
2024-02-24,19,sonnenbank.mp3,YAKARY,12,3,11
2024-02-24,20,Thank You (Not So Bad),Dimitri Vegas & Like Mike x Tiesto x W&W & Dido,17,17,2
2024-02-24,21,Hasslich,AYLIVA,15,2,21
2024-02-24,22,Liebe Auf Der Ruckbank,Finch & Tream,19,15,16
2024-02-24,23,Flowers,Miley Cyrus,20,1,36
2024-02-24,24,Madchen Auf Dem Pferd,"Luca-Dante Spadafora, Niklas Dee & Octavian",-,2,27
2024-02-24,25,Lose Control,Teddy Swims,18,18,3
2024-03-02,1,Beautiful Things,Benson Boone,2,1,5
2024-03-02,2,Tempo,"Sampagne, Badchieff & Cro",-,2,1
2024-03-02,3,Vois Sur Ton Chemin (Techno Mix),BENNETT,3,1,26
2024-03-02,4,Unwritten,Natasha Bedingfield,4,4,5
2024-03-02,5,Prada,"casso, RAYE & D-Block Europe",6,1,26
2024-03-02,6,Fur Immer Fruhling,soffie,11,6,3
2024-03-02,7,Greedy,Tate McRae,7,2,20
2024-03-02,8,Lieb Mich,AYLIVA,1,1,2
2024-03-02,9,Herz Macht Bamm,Tream/iboii,9,9,2
2024-03-02,10,Texas Hold 'Em,Beyonce,-,10,1
2024-03-02,11,In Meiner DNA,AK AUSSERKONTROLLE,-,11,1
2024-03-02,12,Komet,Udo Lindenberg & Apache 207,8,1,55
2024-03-02,13,Overdrive,Ofenbach Featuring Norma Jean Martine,10,7,8
2024-03-02,14,Stumblin' In,CYRIL,18,14,3
2024-03-02,15,9 Bis 9,"SIRA, badchieff & Bausa",12,1,29
2024-03-02,16,Let's Get Fkd Up,Alok x Mondello'G x CERES Featuring Tribbs,15,9,7
2024-03-02,17,Another Vibe,Luciano & Omah Lay,16,16,2
2024-03-02,18,Strangers,Kenya Grace,14,4,21
2024-03-02,19,Lovin On Me,Jack Harlow,13,4,9
2024-03-02,20,Schwarzer Toyota,"Skrt Cobain, Mark Forster & Ski Aggu",5,5,2
2024-03-02,21,Lose Control,Teddy Swims,25,18,4
2024-03-02,22,sonnenbank.mp3,YAKARY,19,3,12
2024-03-02,23,Thank You (Not So Bad),Dimitri Vegas & Like Mike x Tiesto x W&W & Dido,20,17,3
2024-03-02,24,Carnival,¥$: Ye & Ty Dolla $ign Featuring Rich The Kid & Playboi Carti,-,24,1
2024-03-02,25,Flowers,Miley Cyrus,23,1,37
2024-03-09,1,"Zeit, Dass Sich Was Dreht",$OHO BANI & Herbert Groenemeyer,-,1,1
2024-03-09,2,Beautiful Things,Benson Boone,1,1,6
2024-03-09,3,Texas Hold 'Em,Beyonce,10,3,2
2024-03-09,4,Unwritten,Natasha Bedingfield,4,4,6
2024-03-09,5,Vois Sur Ton Chemin (Techno Mix),BENNETT,3,1,27
2024-03-09,6,Tempo,"Sampagne, Badchieff & Cro",2,2,2
2024-03-09,7,Prada,"casso, RAYE & D-Block Europe",5,1,27
2024-03-09,8,Stumblin' In,CYRIL,14,8,4
2024-03-09,9,Fur Immer Fruhling,soffie,6,6,4
2024-03-09,10,Greedy,Tate McRae,7,2,21
2024-03-09,11,Overdrive,Ofenbach Featuring Norma Jean Martine,13,7,9
2024-03-09,12,Lose Control,Teddy Swims,21,12,5
2024-03-09,13,Komet,Udo Lindenberg & Apache 207,12,1,56
2024-03-09,14,Herz Macht Bamm,Tream/iboii,9,9,3
2024-03-09,15,Lieb Mich,AYLIVA,8,1,3
2024-03-09,16,9 Bis 9,"SIRA, badchieff & Bausa",15,1,30
2024-03-09,17,Strangers,Kenya Grace,18,4,22
2024-03-09,18,Carnival,¥$: Ye & Ty Dolla $ign Featuring Rich The Kid & Playboi Carti,24,18,2
2024-03-09,19,Let's Get Fkd Up,Alok x Mondello'G x CERES Featuring Tribbs,16,9,8
2024-03-09,20,Another Vibe,Luciano & Omah Lay,17,16,3
2024-03-09,21,Lovin On Me,Jack Harlow,19,4,10
2024-03-09,22,Thank You (Not So Bad),Dimitri Vegas & Like Mike x Tiesto x W&W & Dido,23,17,4
2024-03-09,23,Love Ya,Luciano & Mario,-,23,1
2024-03-09,24,"""Glucklich""",Montez,-,24,1
2024-03-09,25,sonnenbank.mp3,YAKARY,22,3,13
2024-03-16,1,Loser,Apache 207,-,1,1
2024-03-16,2,Beautiful Things,Benson Boone,2,1,7
2024-03-16,3,"Zeit, Dass Sich Was Dreht",$OHO BANI & Herbert Groenemeyer,1,1,2
2024-03-16,4,Texas Hold 'Em,Beyonce,3,3,3
2024-03-16,5,Vois Sur Ton Chemin (Techno Mix),BENNETT,5,1,28
2024-03-16,6,Unwritten,Natasha Bedingfield,4,4,7
2024-03-16,7,Stumblin' In,CYRIL,8,7,5
2024-03-16,8,Greedy,Tate McRae,10,2,22
2024-03-16,9,Tempo,"Sampagne, Badchieff & Cro",6,2,3
2024-03-16,10,Prada,"casso, RAYE & D-Block Europe",7,1,28
2024-03-16,11,Carnival,¥$: Ye & Ty Dolla $ign Featuring Rich The Kid & Playboi Carti,18,11,3
2024-03-16,12,Komet,Udo Lindenberg & Apache 207,13,1,57
2024-03-16,13,Lose Control,Teddy Swims,12,12,6
2024-03-16,14,Fur Immer Fruhling,soffie,9,6,5
2024-03-16,15,Overdrive,Ofenbach Featuring Norma Jean Martine,11,7,10
2024-03-16,16,End Of Beginning,Djo,-,16,1
2024-03-16,17,Another Vibe,Luciano & Omah Lay,20,16,4
2024-03-16,18,9 Bis 9,"SIRA, badchieff & Bausa",16,1,31
2024-03-16,19,Let's Get Fkd Up,Alok x Mondello'G x CERES Featuring Tribbs,19,9,9
2024-03-16,20,Strangers,Kenya Grace,17,4,23
2024-03-16,21,Lovin On Me,Jack Harlow,21,4,11
2024-03-16,22,Herz Macht Bamm,Tream/iboii,14,9,4
2024-03-16,23,Thank You (Not So Bad),Dimitri Vegas & Like Mike x Tiesto x W&W & Dido,22,17,5
2024-03-16,24,Lieb Mich,AYLIVA,15,1,4
2024-03-16,25,sonnenbank.mp3,YAKARY,25,3,14
2024-03-23,1,Beautiful Things,Benson Boone,2,1,8
2024-03-23,2,"Zeit, Dass Sich Was Dreht",$OHO BANI & Herbert Groenemeyer,3,1,3
2024-03-23,3,Vois Sur Ton Chemin (Techno Mix),BENNETT,5,1,29
2024-03-23,4,Texas Hold 'Em,Beyonce,4,3,4
2024-03-23,5,Stumblin' In,CYRIL,7,5,6
2024-03-23,6,Unwritten,Natasha Bedingfield,6,4,8
2024-03-23,7,End Of Beginning,Djo,16,7,2
2024-03-23,8,Greedy,Tate McRae,8,2,23
2024-03-23,9,Loser,Apache 207,1,1,2
2024-03-23,10,Carnival,¥$: Ye & Ty Dolla $ign Featuring Rich The Kid & Playboi Carti,11,10,4
2024-03-23,11,Tempo,"Sampagne, Badchieff & Cro",9,2,4
2024-03-23,12,Prada,"casso, RAYE & D-Block Europe",10,1,29
2024-03-23,13,Lose Control,Teddy Swims,13,12,7
2024-03-23,14,Komet,Udo Lindenberg & Apache 207,12,1,58
2024-03-23,15,Overdrive,Ofenbach Featuring Norma Jean Martine,15,7,11
2024-03-23,16,Another Vibe,Luciano & Omah Lay,17,16,5
2024-03-23,17,Superstars,Tream/iboii,-,17,1
2024-03-23,18,Fur Immer Fruhling,soffie,14,6,6
2024-03-23,19,9 Bis 9,"SIRA, badchieff & Bausa",18,1,32
2024-03-23,20,Let's Get Fkd Up,Alok x Mondello'G x CERES Featuring Tribbs,19,9,10
2024-03-23,21,Thank You (Not So Bad),Dimitri Vegas & Like Mike x Tiesto x W&W & Dido,23,17,6
2024-03-23,22,Penny,reezy & Hamza,-,22,1
2024-03-23,23,Strangers,Kenya Grace,20,4,24
2024-03-23,24,Lovin On Me,Jack Harlow,21,4,12
2024-03-23,25,We Can't Be Friends (Wait For Your Love),Ariana Grande,-,25,1
2024-03-30,1,Beautiful Things,Benson Boone,1,1,9
2024-03-30,2,"Zeit, Dass Sich Was Dreht",$OHO BANI & Herbert Groenemeyer,2,1,4
2024-03-30,3,Stumblin' In,CYRIL,5,3,7
2024-03-30,4,Vois Sur Ton Chemin (Techno Mix),BENNETT,3,1,30
2024-03-30,5,Texas Hold 'Em,Beyonce,4,3,5
2024-03-30,6,End Of Beginning,Djo,7,6,3
2024-03-30,7,Unwritten,Natasha Bedingfield,6,4,9
2024-03-30,8,Greedy,Tate McRae,8,2,24
2024-03-30,9,Prada,"casso, RAYE & D-Block Europe",12,1,30
2024-03-30,10,Lose Control,Teddy Swims,13,10,8
2024-03-30,11,Komet,Udo Lindenberg & Apache 207,14,1,59
2024-03-30,12,Overdrive,Ofenbach Featuring Norma Jean Martine,15,7,12
2024-03-30,13,Carnival,¥$: Ye & Ty Dolla $ign Featuring Rich The Kid & Playboi Carti,10,10,5
2024-03-30,14,Tempo,"Sampagne, Badchieff & Cro",11,2,5
2024-03-30,15,Thank You (Not So Bad),Dimitri Vegas & Like Mike x Tiesto x W&W & Dido,21,15,7
2024-03-30,16,Loser,Apache 207,9,1,3
2024-03-30,17,Another Vibe,Luciano & Omah Lay,16,16,6
2024-03-30,18,9 Bis 9,"SIRA, badchieff & Bausa",19,1,33
2024-03-30,19,Let's Get Fkd Up,Alok x Mondello'G x CERES Featuring Tribbs,20,9,11
2024-03-30,20,Katastrophe,Jiyo,-,20,1
2024-03-30,21,Fur Immer Fruhling,soffie,18,6,7
2024-03-30,22,We Can't Be Friends (Wait For Your Love),Ariana Grande,25,22,2
2024-03-30,23,Strangers,Kenya Grace,23,4,25
2024-03-30,24,Ms. Jackson,PASHANIM,-,1,18
2024-03-30,25,Say Goodbye,Ufo361 Featuring Snow,-,25,1
2024-04-06,1,I Like The Way You Kiss Me,Artemas,-,1,1
2024-04-06,2,Beautiful Things,Benson Boone,1,1,10
2024-04-06,3,"Zeit, Dass Sich Was Dreht",$OHO BANI & Herbert Groenemeyer,2,1,5
2024-04-06,4,Stumblin' In,CYRIL,3,3,8
2024-04-06,5,End Of Beginning,Djo,6,5,4
2024-04-06,6,Vois Sur Ton Chemin (Techno Mix),BENNETT,4,1,31
2024-04-06,7,Texas Hold 'Em,Beyonce,5,3,6
2024-04-06,8,Kussen,Gustav & Zachi,-,8,1
2024-04-06,9,Liebe Ist Ein Dieb,Kontra K,-,9,1
2024-04-06,10,Lose Control,Teddy Swims,10,10,9
2024-04-06,11,Prada,"casso, RAYE & D-Block Europe",9,1,31
2024-04-06,12,Greedy,Tate McRae,8,2,25
2024-04-06,13,Unwritten,Natasha Bedingfield,7,4,10
2024-04-06,14,Komet,Udo Lindenberg & Apache 207,11,1,60
2024-04-06,15,Overdrive,Ofenbach Featuring Norma Jean Martine,12,7,13
2024-04-06,16,Tempo,"Sampagne, Badchieff & Cro",14,2,6
2024-04-06,17,9 Bis 9,"SIRA, badchieff & Bausa",18,1,34
2024-04-06,18,Another Vibe,Luciano & Omah Lay,17,16,7
2024-04-06,19,Thank You (Not So Bad),Dimitri Vegas & Like Mike x Tiesto x W&W & Dido,15,15,8
2024-04-06,20,Carnival,¥$: Ye & Ty Dolla $ign Featuring Rich The Kid & Playboi Carti,13,10,6
2024-04-06,21,Belong Together,Mark Ambor,-,21,1
2024-04-06,22,Let's Get Fkd Up,Alok x Mondello'G x CERES Featuring Tribbs,19,9,12
2024-04-06,23,Fur Immer Fruhling,soffie,21,6,8
2024-04-06,24,Loser,Apache 207,16,1,4
2024-04-06,25,Katastrophe,Jiyo,20,20,2
2024-04-13,1,I Like The Way You Kiss Me,Artemas,1,1,2
2024-04-13,2,Beautiful Things,Benson Boone,2,1,11
2024-04-13,3,"Zeit, Dass Sich Was Dreht",$OHO BANI & Herbert Groenemeyer,3,1,6
2024-04-13,4,Stumblin' In,CYRIL,4,3,9
2024-04-13,5,Texas Hold 'Em,Beyonce,7,3,7
2024-04-13,6,End Of Beginning,Djo,5,5,5
2024-04-13,7,Vois Sur Ton Chemin (Techno Mix),BENNETT,6,1,32
2024-04-13,8,Kussen,Gustav & Zachi,8,8,2
2024-04-13,9,Belong Together,Mark Ambor,21,9,2
2024-04-13,10,Greedy,Tate McRae,12,2,26
2024-04-13,11,Prada,"casso, RAYE & D-Block Europe",11,1,32
2024-04-13,12,Eredivisie,Haaland936 & Amo,-,12,1
2024-04-13,13,Komet,Udo Lindenberg & Apache 207,14,1,61
2024-04-13,14,Unwritten,Natasha Bedingfield,13,4,11
2024-04-13,15,Lose Control,Teddy Swims,10,10,10
2024-04-13,16,9 Bis 9,"SIRA, badchieff & Bausa",17,1,35
2024-04-13,17,Overdrive,Ofenbach Featuring Norma Jean Martine,15,7,14
2024-04-13,18,Tempo,"Sampagne, Badchieff & Cro",16,2,7
2024-04-13,19,Another Vibe,Luciano & Omah Lay,18,16,8
2024-04-13,20,Thank You (Not So Bad),Dimitri Vegas & Like Mike x Tiesto x W&W & Dido,19,15,9
2024-04-13,21,Let's Get Fkd Up,Alok x Mondello'G x CERES Featuring Tribbs,22,9,13
2024-04-13,22,Fur Immer Fruhling,soffie,23,6,9
2024-04-13,23,Carnival,¥$: Ye & Ty Dolla $ign Featuring Rich The Kid & Playboi Carti,20,10,7
2024-04-13,24,Major Tom (Coming Home),Peter Schilling,-,24,1
2024-04-13,25,Liebe Ist Ein Dieb,Kontra K,9,9,2
2024-04-20,1,I Like The Way You Kiss Me,Artemas,1,1,3
2024-04-20,2,Beautiful Things,Benson Boone,2,1,12
2024-04-20,3,Stumblin' In,CYRIL,4,3,10
2024-04-20,4,"Zeit, Dass Sich Was Dreht",$OHO BANI & Herbert Groenemeyer,3,1,7
2024-04-20,5,Texas Hold 'Em,Beyonce,5,3,8
2024-04-20,6,Prada,"casso, RAYE & D-Block Europe",11,1,33
2024-04-20,7,Belong Together,Mark Ambor,9,7,3
2024-04-20,8,Vois Sur Ton Chemin (Techno Mix),BENNETT,7,1,33
2024-04-20,9,Kussen,Gustav & Zachi,8,8,3
2024-04-20,10,End Of Beginning,Djo,6,5,6
2024-04-20,11,Greedy,Tate McRae,10,2,27
2024-04-20,12,Lose Control,Teddy Swims,15,10,11
2024-04-20,13,Unwritten,Natasha Bedingfield,14,4,12
2024-04-20,14,Overdrive,Ofenbach Featuring Norma Jean Martine,17,7,15
2024-04-20,15,Komet,Udo Lindenberg & Apache 207,13,1,62
2024-04-20,16,Too Sweet,Hozier,-,16,1
2024-04-20,17,9 Bis 9,"SIRA, badchieff & Bausa",16,1,36
2024-04-20,18,Tempo,"Sampagne, Badchieff & Cro",18,2,8
2024-04-20,19,Another Vibe,Luciano & Omah Lay,19,16,9
2024-04-20,20,Thank You (Not So Bad),Dimitri Vegas & Like Mike x Tiesto x W&W & Dido,20,15,10
2024-04-20,21,Eredivisie,Haaland936 & Amo,12,12,2
2024-04-20,22,Austin,Dasha,-,22,1
2024-04-20,23,Fur Immer Fruhling,soffie,22,6,10
2024-04-20,24,Pedro,"Jaxomy, Agatino Romero & Raffaella Carra",-,24,1
2024-04-20,25,Let's Get Fkd Up,Alok x Mondello'G x CERES Featuring Tribbs,21,9,14
2024-04-27,1,I Like The Way You Kiss Me,Artemas,1,1,4
2024-04-27,2,Beautiful Things,Benson Boone,2,1,13
2024-04-27,3,Stumblin' In,CYRIL,3,3,11
2024-04-27,4,Pedro,"Jaxomy, Agatino Romero & Raffaella Carra",24,4,2
2024-04-27,5,"Zeit, Dass Sich Was Dreht",$OHO BANI & Herbert Groenemeyer,4,1,8
2024-04-27,6,Golf R Freestyle,Bobby Vandamme,-,6,1
2024-04-27,7,Eurosport,Dardan & Azet,-,7,1
2024-04-27,8,Texas Hold 'Em,Beyonce,5,3,9
2024-04-27,9,Belong Together,Mark Ambor,7,7,4
2024-04-27,10,Vois Sur Ton Chemin (Techno Mix),BENNETT,8,1,34
2024-04-27,11,Gata Only,FloyyMenor X Cris Mj,-,11,1
2024-04-27,12,Prada,"casso, RAYE & D-Block Europe",6,1,34
2024-04-27,13,Too Sweet,Hozier,16,13,2
2024-04-27,14,Kussen,Gustav & Zachi,9,8,4
2024-04-27,15,Lose Control,Teddy Swims,12,10,12
2024-04-27,16,Nina,Nina Chuba,-,16,1
2024-04-27,17,Komet,Udo Lindenberg & Apache 207,15,1,63
2024-04-27,18,End Of Beginning,Djo,10,5,7
2024-04-27,19,Greedy,Tate McRae,11,2,28
2024-04-27,20,Augenmass,Stickle Featuring Pashanim,-,20,1
2024-04-27,21,Overdrive,Ofenbach Featuring Norma Jean Martine,14,7,16
2024-04-27,22,Pistoleta,"Ataypapi, Olexesh & ilo 7araga",-,22,1
2024-04-27,23,9 Bis 9,"SIRA, badchieff & Bausa",17,1,37
2024-04-27,24,Pretty Lil Shawty,reezy,-,24,1
2024-04-27,25,Unwritten,Natasha Bedingfield,13,4,13
2024-05-04,1,I Like The Way You Kiss Me,Artemas,1,1,5
2024-05-04,2,Fortnight,Taylor Swift Featuring Post Malone,-,2,1
2024-05-04,3,Pedro,"Jaxomy, Agatino Romero & Raffaella Carra",4,3,3
2024-05-04,4,Beautiful Things,Benson Boone,2,1,14
2024-05-04,5,Gata Only,FloyyMenor X Cris Mj,11,5,2
2024-05-04,6,Stumblin' In,CYRIL,3,3,12
2024-05-04,7,"Zeit, Dass Sich Was Dreht",$OHO BANI & Herbert Groenemeyer,5,1,9
2024-05-04,8,Belong Together,Mark Ambor,9,7,5
2024-05-04,9,Vois Sur Ton Chemin (Techno Mix),BENNETT,10,1,35
2024-05-04,10,Texas Hold 'Em,Beyonce,8,3,10
2024-05-04,11,Too Sweet,Hozier,13,11,3
2024-05-04,12,I Can Do It With A Broken Heart,Taylor Swift,-,12,1
2024-05-04,13,Prada,"casso, RAYE & D-Block Europe",12,1,35
2024-05-04,14,Down Bad,Taylor Swift,-,14,1
2024-05-04,15,My Boy Only Breaks His Favorite Toys,Taylor Swift,-,15,1
2024-05-04,16,The Tortured Poets Department,Taylor Swift,-,16,1
2024-05-04,17,"So Long, London",Taylor Swift,-,17,1
2024-05-04,18,Lose Control,Teddy Swims,15,10,13
2024-05-04,19,Erwischt,KATI K x FiNCH,-,19,1
2024-05-04,20,Komet,Udo Lindenberg & Apache 207,17,1,64
2024-05-04,21,9 Bis 9,"SIRA, badchieff & Bausa",23,1,38
2024-05-04,22,Vempa,FOURTY & Bausa,-,22,1
2024-05-04,23,Nina,Nina Chuba,16,16,2
2024-05-04,24,Greedy,Tate McRae,19,2,29
2024-05-04,25,Pistoleta,"Ataypapi, Olexesh & ilo 7araga",22,22,2
2024-05-11,1,Wunder,AYLIVA X Apache 207,-,1,1
2024-05-11,2,I Like The Way You Kiss Me,Artemas,1,1,6
2024-05-11,3,Pedro,"Jaxomy, Agatino Romero & Raffaella Carra",3,3,4
2024-05-11,4,Gata Only,FloyyMenor X Cris Mj,5,4,3
2024-05-11,5,Stumblin' In,CYRIL,6,3,13
2024-05-11,6,Beautiful Things,Benson Boone,4,1,15
2024-05-11,7,"Zeit, Dass Sich Was Dreht",$OHO BANI & Herbert Groenemeyer,7,1,10
2024-05-11,8,Do You Lie,Jazeek & Milano,-,8,1
2024-05-11,9,Fortnight,Taylor Swift Featuring Post Malone,2,2,2
2024-05-11,10,Belong Together,Mark Ambor,8,7,6
2024-05-11,11,Vois Sur Ton Chemin (Techno Mix),BENNETT,9,1,36
2024-05-11,12,Vempa,FOURTY & Bausa,22,12,2
2024-05-11,13,Erwischt,KATI K x FiNCH,19,13,2
2024-05-11,14,Pistoleta,"Ataypapi, Olexesh & ilo 7araga",25,14,3
2024-05-11,15,Texas Hold 'Em,Beyonce,10,3,11
2024-05-11,16,Prada,"casso, RAYE & D-Block Europe",13,1,36
2024-05-11,17,Komet,Udo Lindenberg & Apache 207,20,1,65
2024-05-11,18,Too Sweet,Hozier,11,11,4
2024-05-11,19,9 Bis 9,"SIRA, badchieff & Bausa",21,1,39
2024-05-11,20,Lose Control,Teddy Swims,18,10,14
2024-05-11,21,Greedy,Tate McRae,24,2,30
2024-05-11,22,Overdrive,Ofenbach Featuring Norma Jean Martine,-,7,17
2024-05-11,23,Nina,Nina Chuba,23,16,3
2024-05-11,24,Amo Aller Amos,Amo,-,24,1
2024-05-11,25,Unwritten,Natasha Bedingfield,-,4,14
2024-05-18,1,Wunder,AYLIVA X Apache 207,1,1,2
2024-05-18,2,I Like The Way You Kiss Me,Artemas,2,1,7
2024-05-18,3,Pedro,"Jaxomy, Agatino Romero & Raffaella Carra",3,3,5
2024-05-18,4,Gata Only,FloyyMenor X Cris Mj,4,4,4
2024-05-18,5,Beautiful Things,Benson Boone,6,1,16
2024-05-18,6,Mama Hat Gesagt,"SDP, Sido & Esther Graf",-,6,1
2024-05-18,7,Stumblin' In,CYRIL,5,3,14
2024-05-18,8,Belong Together,Mark Ambor,10,7,7
2024-05-18,9,"Zeit, Dass Sich Was Dreht",$OHO BANI & Herbert Groenemeyer,7,1,11
2024-05-18,10,Vempa,FOURTY & Bausa,12,10,3
2024-05-18,11,Pistoleta,"Ataypapi, Olexesh & ilo 7araga",14,11,4
2024-05-18,12,Erwischt,KATI K x FiNCH,13,12,3
2024-05-18,13,Pa Mu,Dardan & Azet,-,13,1
2024-05-18,14,Vois Sur Ton Chemin (Techno Mix),BENNETT,11,1,37
2024-05-18,15,Toast,Peter Fox & reezy,-,15,1
2024-05-18,16,Texas Hold 'Em,Beyonce,15,3,12
2024-05-18,17,Prada,"casso, RAYE & D-Block Europe",16,1,37
2024-05-18,18,Komet,Udo Lindenberg & Apache 207,17,1,66
2024-05-18,19,Too Sweet,Hozier,18,11,5
2024-05-18,20,Fortnight,Taylor Swift Featuring Post Malone,9,2,3
2024-05-18,21,Do You Lie,Jazeek & Milano,8,8,2
2024-05-18,22,Espresso,Sabrina Carpenter,-,22,1
2024-05-18,23,Nina,Nina Chuba,23,16,4
2024-05-18,24,So So Def,"Celo & Abdi, Summer Cem & Nimo",-,24,1
2024-05-18,25,9 Bis 9,"SIRA, badchieff & Bausa",19,1,40
2024-05-25,1,Wunder,AYLIVA X Apache 207,1,1,3
2024-05-25,2,I Like The Way You Kiss Me,Artemas,2,1,8
2024-05-25,3,Vempa,FOURTY & Bausa,10,3,4
2024-05-25,4,Pedro,"Jaxomy, Agatino Romero & Raffaella Carra",3,3,6
2024-05-25,5,Gata Only,FloyyMenor X Cris Mj,4,4,5
2024-05-25,6,Stumblin' In,CYRIL,7,3,15
2024-05-25,7,Beautiful Things,Benson Boone,5,1,17
2024-05-25,8,Belong Together,Mark Ambor,8,7,8
2024-05-25,9,"Zeit, Dass Sich Was Dreht",$OHO BANI & Herbert Groenemeyer,9,1,12
2024-05-25,10,Mama Hat Gesagt,"SDP, Sido & Esther Graf",6,6,2
2024-05-25,11,Million Dollar Baby,Tommy Richman,-,11,1
2024-05-25,12,Pistoleta,"Ataypapi, Olexesh & ilo 7araga",11,11,5
2024-05-25,13,Ur In My Head,"Ufo361, Monty Datta & Hinshi",-,13,1
2024-05-25,14,Europapa,Joost,-,14,1
2024-05-25,15,Erwischt,KATI K x FiNCH,12,12,4
2024-05-25,16,The Code,Nemo,-,16,1
2024-05-25,17,Vois Sur Ton Chemin (Techno Mix),BENNETT,14,1,38
2024-05-25,18,Prada,"casso, RAYE & D-Block Europe",17,1,38
2024-05-25,19,Too Sweet,Hozier,19,11,6
2024-05-25,20,Texas Hold 'Em,Beyonce,16,3,13
2024-05-25,21,Cabrio,Olexesh & Bonez MC,-,21,1
2024-05-25,22,Thank You (Not So Bad),Dimitri Vegas & Like Mike x Tiesto x W&W & Dido,-,15,11
2024-05-25,23,I Don't Wanna Wait,David Guetta & OneRepublic,-,23,1
2024-05-25,24,9 Bis 9,"SIRA, badchieff & Bausa",25,1,41
2024-05-25,25,Komet,Udo Lindenberg & Apache 207,18,1,67
2024-06-01,1,Wunder,AYLIVA X Apache 207,1,1,4
2024-06-01,2,I Like The Way You Kiss Me,Artemas,2,1,9
2024-06-01,3,Vempa,FOURTY & Bausa,3,3,5
2024-06-01,4,Pedro,"Jaxomy, Agatino Romero & Raffaella Carra",4,3,7
2024-06-01,5,Lunch,Billie Eilish,-,5,1
2024-06-01,6,Mama Hat Gesagt,"SDP, Sido & Esther Graf",10,6,3
2024-06-01,7,Stumblin' In,CYRIL,6,3,16
2024-06-01,8,Beautiful Things,Benson Boone,7,1,18
2024-06-01,9,"Zeit, Dass Sich Was Dreht",$OHO BANI & Herbert Groenemeyer,9,1,13
2024-06-01,10,Chihiro,Billie Eilish,-,10,1
2024-06-01,11,Gata Only,FloyyMenor X Cris Mj,5,4,6
2024-06-01,12,Belong Together,Mark Ambor,8,7,9
2024-06-01,13,Million Dollar Baby,Tommy Richman,11,11,2
2024-06-01,14,Pistoleta,"Ataypapi, Olexesh & ilo 7araga",12,11,6
2024-06-01,15,Europapa,Joost,14,14,2
2024-06-01,16,Erwischt,KATI K x FiNCH,15,12,5
2024-06-01,17,Vois Sur Ton Chemin (Techno Mix),BENNETT,17,1,39
2024-06-01,18,Komet,Udo Lindenberg & Apache 207,25,1,68
2024-06-01,19,Prada,"casso, RAYE & D-Block Europe",18,1,39
2024-06-01,20,Thank You (Not So Bad),Dimitri Vegas & Like Mike x Tiesto x W&W & Dido,22,15,12
2024-06-01,21,Too Sweet,Hozier,19,11,7
2024-06-01,22,Espresso,Sabrina Carpenter,-,22,2
2024-06-01,23,I Don't Wanna Wait,David Guetta & OneRepublic,23,23,2
2024-06-01,24,9 Bis 9,"SIRA, badchieff & Bausa",24,1,42
2024-06-01,25,Texas Hold 'Em,Beyonce,20,3,14
2024-06-08,1,Mittelmeer,PASHANIM,-,1,1
2024-06-08,2,Wunder,AYLIVA X Apache 207,1,1,5
2024-06-08,3,I Like The Way You Kiss Me,Artemas,2,1,10
2024-06-08,4,Pedro,"Jaxomy, Agatino Romero & Raffaella Carra",4,3,8
2024-06-08,5,Wie Du Manchmal Fehlst,Zartmann & Ski Aggu,-,5,1
2024-06-08,6,Mama Hat Gesagt,"SDP, Sido & Esther Graf",6,6,4
2024-06-08,7,Vempa,FOURTY & Bausa,3,3,6
2024-06-08,8,Lunch,Billie Eilish,5,5,2
2024-06-08,9,Stumblin' In,CYRIL,7,3,17
2024-06-08,10,Beautiful Things,Benson Boone,8,1,19
2024-06-08,11,"Zeit, Dass Sich Was Dreht",$OHO BANI & Herbert Groenemeyer,9,1,14
2024-06-08,12,80QM,Nina Chuba,-,12,1
2024-06-08,13,Pistoleta,"Ataypapi, Olexesh & ilo 7araga",14,11,7
2024-06-08,14,Riechst Du Das,Gzuz & Bausa,-,14,1
2024-06-08,15,Belong Together,Mark Ambor,12,7,10
2024-06-08,16,Gata Only,FloyyMenor X Cris Mj,11,4,7
2024-06-08,17,Chihiro,Billie Eilish,10,10,2
2024-06-08,18,L'Amour Toujours,Gigi D'Agostino,-,18,1
2024-06-08,19,Espresso,Sabrina Carpenter,22,19,3
2024-06-08,20,Million Dollar Baby,Tommy Richman,13,11,3
2024-06-08,21,Vois Sur Ton Chemin (Techno Mix),BENNETT,17,1,40
2024-06-08,22,Bebe,Dardan & Azet,-,22,1
2024-06-08,23,Big Boy Maybach,reezy,-,23,1
2024-06-08,24,Too Sweet,Hozier,21,11,8
2024-06-08,25,Erwischt,KATI K x FiNCH,16,12,6
2024-06-15,1,Mittelmeer,PASHANIM,1,1,2
2024-06-15,2,Wunder,AYLIVA X Apache 207,2,1,6
2024-06-15,3,Houdini,Eminem,-,3,1
2024-06-15,4,I Like The Way You Kiss Me,Artemas,3,1,11
2024-06-15,5,Blaq On Blaq,HoodBlaq Featuring Luciano,-,5,1
2024-06-15,6,Wie Du Manchmal Fehlst,Zartmann & Ski Aggu,5,5,2
2024-06-15,7,Vempa,FOURTY & Bausa,7,3,7
2024-06-15,8,Pedro,"Jaxomy, Agatino Romero & Raffaella Carra",4,3,9
2024-06-15,9,"Zeit, Dass Sich Was Dreht",$OHO BANI & Herbert Groenemeyer,11,1,15
2024-06-15,10,Beautiful Things,Benson Boone,10,1,20
2024-06-15,11,Stumblin' In,CYRIL,9,3,18
2024-06-15,12,Mama Hat Gesagt,"SDP, Sido & Esther Graf",6,6,5
2024-06-15,13,Belong Together,Mark Ambor,15,7,11
2024-06-15,14,Gata Only,FloyyMenor X Cris Mj,16,4,8
2024-06-15,15,Stargazing,Myles Smith,-,15,1
2024-06-15,16,BAND4BAND,Central Cee & Lil Baby,-,16,1
2024-06-15,17,L'Amour Toujours,Gigi D'Agostino,18,17,2
2024-06-15,18,Pistoleta,"Ataypapi, Olexesh & ilo 7araga",13,11,8
2024-06-15,19,80QM,Nina Chuba,12,12,2
2024-06-15,20,Espresso,Sabrina Carpenter,19,19,4
2024-06-15,21,Lunch,Billie Eilish,8,5,3
2024-06-15,22,Too Sweet,Hozier,24,11,9
2024-06-15,23,Vois Sur Ton Chemin (Techno Mix),BENNETT,21,1,41
2024-06-15,24,Prada,"casso, RAYE & D-Block Europe",-,1,40
2024-06-15,25,Thank You (Not So Bad),Dimitri Vegas & Like Mike x Tiesto x W&W & Dido,-,15,13
2024-06-22,1,Junge Baller,"6PM Records, Ski Aggu & Haaland936",-,1,1
2024-06-22,2,Mittelmeer,PASHANIM,1,1,3
2024-06-22,3,Wunder,AYLIVA X Apache 207,2,1,7
2024-06-22,4,Houdini,Eminem,3,3,2
2024-06-22,5,Baddies,Aitch & Luciano,-,5,1
2024-06-22,6,I Like The Way You Kiss Me,Artemas,4,1,12
2024-06-22,7,Beifahrer,AYLIVA,-,7,1
2024-06-22,8,Wie Du Manchmal Fehlst,Zartmann & Ski Aggu,6,5,3
2024-06-22,9,Florenz,PASHANIM,-,9,1
2024-06-22,10,Mama Hat Gesagt,"SDP, Sido & Esther Graf",12,6,6
2024-06-22,11,"Zeit, Dass Sich Was Dreht",$OHO BANI & Herbert Groenemeyer,9,1,16
2024-06-22,12,Vempa,FOURTY & Bausa,7,3,8
2024-06-22,13,Pedro,"Jaxomy, Agatino Romero & Raffaella Carra",8,3,10
2024-06-22,14,Stumblin' In,CYRIL,11,3,19
2024-06-22,15,Beautiful Things,Benson Boone,10,1,21
2024-06-22,16,Blaq On Blaq,HoodBlaq Featuring Luciano,5,5,2
2024-06-22,17,Stargazing,Myles Smith,15,15,2
2024-06-22,18,Espresso,Sabrina Carpenter,20,18,5
2024-06-22,19,Belong Together,Mark Ambor,13,7,12
2024-06-22,20,Gata Only,FloyyMenor X Cris Mj,14,4,9
2024-06-22,21,Birds Of A Feather,Billie Eilish,-,21,1
2024-06-22,22,BAND4BAND,Central Cee & Lil Baby,16,16,2
2024-06-22,23,Vois Sur Ton Chemin (Techno Mix),BENNETT,23,1,42
2024-06-22,24,I Don't Wanna Wait,David Guetta & OneRepublic,-,23,3
2024-06-22,25,Pistoleta,"Ataypapi, Olexesh & ilo 7araga",18,11,9
2024-06-29,1,"Zeit, Dass Sich Was Dreht",$OHO BANI & Herbert Groenemeyer,11,1,17
2024-06-29,2,Junge Baller,"6PM Records, Ski Aggu & Haaland936",1,1,2
2024-06-29,3,Mittelmeer,PASHANIM,2,1,4
2024-06-29,4,Wunder,AYLIVA X Apache 207,3,1,8
2024-06-29,5,I Like The Way You Kiss Me,Artemas,6,1,13
2024-06-29,6,Houdini,Eminem,4,3,3
2024-06-29,7,Baddies,Aitch & Luciano,5,5,2
2024-06-29,8,Mama Hat Gesagt,"SDP, Sido & Esther Graf",10,6,7
2024-06-29,9,Wie Du Manchmal Fehlst,Zartmann & Ski Aggu,8,5,4
2024-06-29,10,Beifahrer,AYLIVA,7,7,2
2024-06-29,11,Pedro,"Jaxomy, Agatino Romero & Raffaella Carra",13,3,11
2024-06-29,12,Vempa,FOURTY & Bausa,12,3,9
2024-06-29,13,Stumblin' In,CYRIL,14,3,20
2024-06-29,14,2000,PASHANIM,-,14,1
2024-06-29,15,Espresso,Sabrina Carpenter,18,15,6
2024-06-29,16,Florenz,PASHANIM,9,9,2
2024-06-29,17,Beautiful Things,Benson Boone,15,1,22
2024-06-29,18,Major Tom (Coming Home),Peter Schilling,-,18,2
2024-06-29,19,Belong Together,Mark Ambor,19,7,13
2024-06-29,20,I Don't Wanna Wait,David Guetta & OneRepublic,24,20,4
2024-06-29,21,Gata Only,FloyyMenor X Cris Mj,20,4,10
2024-06-29,22,Panama,GReeeN,-,22,1
2024-06-29,23,Stargazing,Myles Smith,17,15,3
2024-06-29,24,Vois Sur Ton Chemin (Techno Mix),BENNETT,23,1,43
2024-06-29,25,Too Sweet,Hozier,-,11,10
2024-07-06,1,"Zeit, Dass Sich Was Dreht",$OHO BANI & Herbert Groenemeyer,1,1,18
2024-07-06,2,Wunder,AYLIVA X Apache 207,4,1,9
2024-07-06,3,Junge Baller,"6PM Records, Ski Aggu & Haaland936",2,1,3
2024-07-06,4,I Like The Way You Kiss Me,Artemas,5,1,14
2024-07-06,5,Mittelmeer,PASHANIM,3,1,5
2024-07-06,6,Houdini,Eminem,6,3,4
2024-07-06,7,Vempa,FOURTY & Bausa,12,3,10
2024-07-06,8,Stumblin' In,CYRIL,13,3,21
2024-07-06,9,Mama Hat Gesagt,"SDP, Sido & Esther Graf",8,6,8
2024-07-06,10,Pedro,"Jaxomy, Agatino Romero & Raffaella Carra",11,3,12
2024-07-06,11,Panama,GReeeN,22,11,2
2024-07-06,12,Wie Du Manchmal Fehlst,Zartmann & Ski Aggu,9,5,5
2024-07-06,13,Espresso,Sabrina Carpenter,15,13,7
2024-07-06,14,Beautiful Things,Benson Boone,17,1,23
2024-07-06,15,Beifahrer,AYLIVA,10,7,3
2024-07-06,16,Baddies,Aitch & Luciano,7,5,3
2024-07-06,17,Major Tom (Coming Home),Peter Schilling,18,17,3
2024-07-06,18,Gata Only,FloyyMenor X Cris Mj,21,4,11
2024-07-06,19,I Don't Wanna Wait,David Guetta & OneRepublic,20,19,5
2024-07-06,20,Belong Together,Mark Ambor,19,7,14
2024-07-06,21,Vois Sur Ton Chemin (Techno Mix),BENNETT,24,1,44
2024-07-06,22,Thank You (Not So Bad),Dimitri Vegas & Like Mike x Tiesto x W&W & Dido,-,15,14
2024-07-06,23,Prada,"casso, RAYE & D-Block Europe",-,1,41
2024-07-06,24,A Bar Song (Tipsy),Shaboozey,-,24,1
2024-07-06,25,Stargazing,Myles Smith,23,15,4
2024-07-13,1,"Zeit, Dass Sich Was Dreht",$OHO BANI & Herbert Groenemeyer,1,1,19
2024-07-13,2,Wunder,AYLIVA X Apache 207,2,1,10
2024-07-13,3,I Like The Way You Kiss Me,Artemas,4,1,15
2024-07-13,4,Junge Baller,"6PM Records, Ski Aggu & Haaland936",3,1,4
2024-07-13,5,Panama,GReeeN,11,5,3
2024-07-13,6,Vempa,FOURTY & Bausa,7,3,11
2024-07-13,7,Mittelmeer,PASHANIM,5,1,6
2024-07-13,8,Stumblin' In,CYRIL,8,3,22
2024-07-13,9,Major Tom (Coming Home),Peter Schilling,17,9,4
2024-07-13,10,Houdini,Eminem,6,3,5
2024-07-13,11,Mama Hat Gesagt,"SDP, Sido & Esther Graf",9,6,9
2024-07-13,12,Espresso,Sabrina Carpenter,13,12,8
2024-07-13,13,Pedro,"Jaxomy, Agatino Romero & Raffaella Carra",10,3,13
2024-07-13,14,I Don't Wanna Wait,David Guetta & OneRepublic,19,14,6
2024-07-13,15,Wie Du Manchmal Fehlst,Zartmann & Ski Aggu,12,5,6
2024-07-13,16,Beautiful Things,Benson Boone,14,1,24
2024-07-13,17,DEUTSCHLAND de,Ski Aggu & Ikkimel,-,17,1
2024-07-13,18,Belong Together,Mark Ambor,20,7,15
2024-07-13,19,Gata Only,FloyyMenor X Cris Mj,18,4,12
2024-07-13,20,Beifahrer,AYLIVA,15,7,4
2024-07-13,21,Stargazing,Myles Smith,25,15,5
2024-07-13,22,Vois Sur Ton Chemin (Techno Mix),BENNETT,21,1,45
2024-07-13,23,A Bar Song (Tipsy),Shaboozey,24,23,2
2024-07-13,24,Randali,Chapo102 & Nina Chuba,-,24,1
2024-07-13,25,Baddies,Aitch & Luciano,16,5,4
2024-07-20,1,"Zeit, Dass Sich Was Dreht",$OHO BANI & Herbert Groenemeyer,1,1,20
2024-07-20,2,Wunder,AYLIVA X Apache 207,2,1,11
2024-07-20,3,I Like The Way You Kiss Me,Artemas,3,1,16
2024-07-20,4,Panama,GReeeN,5,4,4
2024-07-20,5,Mittelmeer,PASHANIM,7,1,7
2024-07-20,6,Vempa,FOURTY & Bausa,6,3,12
2024-07-20,7,Stumblin' In,CYRIL,8,3,23
2024-07-20,8,Junge Baller,"6PM Records, Ski Aggu & Haaland936",4,1,5
2024-07-20,9,Mama Hat Gesagt,"SDP, Sido & Esther Graf",11,6,10
2024-07-20,10,Espresso,Sabrina Carpenter,12,10,9
2024-07-20,11,Houdini,Eminem,10,3,6
2024-07-20,12,Pedro,"Jaxomy, Agatino Romero & Raffaella Carra",13,3,14
2024-07-20,13,Major Tom (Coming Home),Peter Schilling,9,9,5
2024-07-20,14,Belong Together,Mark Ambor,18,7,16
2024-07-20,15,Beautiful Things,Benson Boone,16,1,25
2024-07-20,16,Gata Only,FloyyMenor X Cris Mj,19,4,13
2024-07-20,17,Wie Du Manchmal Fehlst,Zartmann & Ski Aggu,15,5,7
2024-07-20,18,I Don't Wanna Wait,David Guetta & OneRepublic,14,14,7
2024-07-20,19,Stargazing,Myles Smith,21,15,6
2024-07-20,20,Move,"Adam Port, Stryv & Camila Cabello Feat. Malachiii",-,20,1
2024-07-20,21,A Bar Song (Tipsy),Shaboozey,23,21,3
2024-07-20,22,Beifahrer,AYLIVA,20,7,5
2024-07-20,23,Opus,reezy,-,23,1
2024-07-20,24,Abenteuerland,"FiNCH, SDP & Phil The Beat",-,24,1
2024-07-20,25,DEUTSCHLAND de,Ski Aggu & Ikkimel,17,17,2
2024-07-27,1,Wunder,AYLIVA X Apache 207,2,1,12
2024-07-27,2,"Zeit, Dass Sich Was Dreht",$OHO BANI & Herbert Groenemeyer,1,1,21
2024-07-27,3,I Like The Way You Kiss Me,Artemas,3,1,17
2024-07-27,4,Houdini,Eminem,11,3,7
2024-07-27,5,Panama,GReeeN,4,4,5
2024-07-27,6,Mittelmeer,PASHANIM,5,1,8
2024-07-27,7,Vempa,FOURTY & Bausa,6,3,13
2024-07-27,8,Stumblin' In,CYRIL,7,3,24
2024-07-27,9,Espresso,Sabrina Carpenter,10,9,10
2024-07-27,10,Mama Hat Gesagt,"SDP, Sido & Esther Graf",9,6,11
2024-07-27,11,Wenn Du Mich Kennst,Bonez MC,-,11,1
2024-07-27,12,Pedro,"Jaxomy, Agatino Romero & Raffaella Carra",12,3,15
2024-07-27,13,I Don't Wanna Wait,David Guetta & OneRepublic,18,13,8
2024-07-27,14,Move,"Adam Port, Stryv & Camila Cabello Feat. Malachiii",20,14,2
2024-07-27,15,Belong Together,Mark Ambor,14,7,17
2024-07-27,16,Beautiful Things,Benson Boone,15,1,26
2024-07-27,17,Gata Only,FloyyMenor X Cris Mj,16,4,14
2024-07-27,18,Wie Du Manchmal Fehlst,Zartmann & Ski Aggu,17,5,8
2024-07-27,19,Stargazing,Myles Smith,19,15,7
2024-07-27,20,Junge Baller,"6PM Records, Ski Aggu & Haaland936",8,1,6
2024-07-27,21,A Bar Song (Tipsy),Shaboozey,21,21,4
2024-07-27,22,Thank You (Not So Bad),Dimitri Vegas & Like Mike x Tiesto x W&W & Dido,-,15,15
2024-07-27,23,Vois Sur Ton Chemin (Techno Mix),BENNETT,-,1,46
2024-07-27,24,Birds Of A Feather,Billie Eilish,-,21,2
2024-07-27,25,Abenteuerland,"FiNCH, SDP & Phil The Beat",24,24,2
2024-08-03,1,Starboy,Luciano & Jazeek,-,1,1
2024-08-03,2,Wunder,AYLIVA X Apache 207,1,1,13
2024-08-03,3,Nein!,AYLIVA,-,3,1
2024-08-03,4,"Zeit, Dass Sich Was Dreht",$OHO BANI & Herbert Groenemeyer,2,1,22
2024-08-03,5,I Like The Way You Kiss Me,Artemas,3,1,18
2024-08-03,6,Panama,GReeeN,5,4,6
2024-08-03,7,Stumblin' In,CYRIL,8,3,25
2024-08-03,8,Move,"Adam Port, Stryv & Camila Cabello Feat. Malachiii",14,8,3
2024-08-03,9,Mama Hat Gesagt,"SDP, Sido & Esther Graf",10,6,12
2024-08-03,10,Beautiful Things,Benson Boone,16,1,27
2024-08-03,11,Mittelmeer,PASHANIM,6,1,9
2024-08-03,12,Espresso,Sabrina Carpenter,9,9,11
2024-08-03,13,Belong Together,Mark Ambor,15,7,18
2024-08-03,14,Vempa,FOURTY & Bausa,7,3,14
2024-08-03,15,Pedro,"Jaxomy, Agatino Romero & Raffaella Carra",12,3,16
2024-08-03,16,Houdini,Eminem,4,3,8
2024-08-03,17,I Don't Wanna Wait,David Guetta & OneRepublic,13,13,9
2024-08-03,18,Gata Only,FloyyMenor X Cris Mj,17,4,15
2024-08-03,19,Wie Du Manchmal Fehlst,Zartmann & Ski Aggu,18,5,9
2024-08-03,20,Alibi,"Sevdaliza , Pabllo Vittar & Yseult",-,20,1
2024-08-03,21,Stargazing,Myles Smith,19,15,8
2024-08-03,22,Thank You (Not So Bad),Dimitri Vegas & Like Mike x Tiesto x W&W & Dido,22,15,16
2024-08-03,23,A Bar Song (Tipsy),Shaboozey,21,21,5
2024-08-03,24,Vois Sur Ton Chemin (Techno Mix),BENNETT,23,1,47
2024-08-03,25,Junge Baller,"6PM Records, Ski Aggu & Haaland936",20,1,7
2024-08-10,1,Bauch Beine Po,Shirin David,-,1,1
2024-08-10,2,Wunder,AYLIVA X Apache 207,2,1,14
2024-08-10,3,I Like The Way You Kiss Me,Artemas,5,1,19
2024-08-10,4,"Zeit, Dass Sich Was Dreht",$OHO BANI & Herbert Groenemeyer,4,1,23
2024-08-10,5,Move,"Adam Port, Stryv & Camila Cabello Feat. Malachiii",8,5,4
2024-08-10,6,Stumblin' In,CYRIL,7,3,26
2024-08-10,7,Panama,GReeeN,6,4,7
2024-08-10,8,Starboy,Luciano & Jazeek,1,1,2
2024-08-10,9,Nein!,AYLIVA,3,3,2
2024-08-10,10,Mama Hat Gesagt,"SDP, Sido & Esther Graf",9,6,13
2024-08-10,11,Beautiful Things,Benson Boone,10,1,28
2024-08-10,12,Mittelmeer,PASHANIM,11,1,10
2024-08-10,13,Espresso,Sabrina Carpenter,12,9,12
2024-08-10,14,Belong Together,Mark Ambor,13,7,19
2024-08-10,15,I Don't Wanna Wait,David Guetta & OneRepublic,17,13,10
2024-08-10,16,Vempa,FOURTY & Bausa,14,3,15
2024-08-10,17,Pedro,"Jaxomy, Agatino Romero & Raffaella Carra",15,3,17
2024-08-10,18,Alibi,"Sevdaliza , Pabllo Vittar & Yseult",20,18,2
2024-08-10,19,Gata Only,FloyyMenor X Cris Mj,18,4,16
2024-08-10,20,Houdini,Eminem,16,3,9
2024-08-10,21,Stargazing,Myles Smith,21,15,9
2024-08-10,22,Wie Du Manchmal Fehlst,Zartmann & Ski Aggu,19,5,10
2024-08-10,23,Thank You (Not So Bad),Dimitri Vegas & Like Mike x Tiesto x W&W & Dido,22,15,17
2024-08-10,24,A Bar Song (Tipsy),Shaboozey,23,21,6
2024-08-10,25,Vois Sur Ton Chemin (Techno Mix),BENNETT,24,1,48
2024-08-17,1,Bauch Beine Po,Shirin David,1,1,2
2024-08-17,2,Miami,Apache 207,-,2,1
2024-08-17,3,Wunder,AYLIVA X Apache 207,2,1,15
2024-08-17,4,I Like The Way You Kiss Me,Artemas,3,1,20
2024-08-17,5,Move,"Adam Port, Stryv & Camila Cabello Feat. Malachiii",5,5,5
2024-08-17,6,Stumblin' In,CYRIL,6,3,27
2024-08-17,7,Panama,GReeeN,7,4,8
2024-08-17,8,"Zeit, Dass Sich Was Dreht",$OHO BANI & Herbert Groenemeyer,4,1,24
2024-08-17,9,Mama Hat Gesagt,"SDP, Sido & Esther Graf",10,6,14
2024-08-17,10,Mittelmeer,PASHANIM,12,1,11
2024-08-17,11,Beautiful Things,Benson Boone,11,1,29
2024-08-17,12,Guess,Charli xcx Featuring Billie Eilish,-,12,1
2024-08-17,13,Belong Together,Mark Ambor,14,7,20
2024-08-17,14,Espresso,Sabrina Carpenter,13,9,13
2024-08-17,15,I Don't Wanna Wait,David Guetta & OneRepublic,15,13,11
2024-08-17,16,Starboy,Luciano & Jazeek,8,1,3
2024-08-17,17,Pedro,"Jaxomy, Agatino Romero & Raffaella Carra",17,3,18
2024-08-17,18,Nein!,AYLIVA,9,3,3
2024-08-17,19,Alibi,"Sevdaliza , Pabllo Vittar & Yseult",18,18,3
2024-08-17,20,Flasche Kreist,01099 & Ski Aggu,-,20,1
2024-08-17,21,Stargazing,Myles Smith,21,15,10
2024-08-17,22,Vempa,FOURTY & Bausa,16,3,16
2024-08-17,23,Wie Du Manchmal Fehlst,Zartmann & Ski Aggu,22,5,11
2024-08-17,24,Houdini,Eminem,20,3,10
2024-08-17,25,Gata Only,FloyyMenor X Cris Mj,19,4,17
2024-08-24,1,Bauch Beine Po,Shirin David,1,1,3
2024-08-24,2,Out Of The Dark,RAF Camora,-,2,1
2024-08-24,3,Wunder,AYLIVA X Apache 207,3,1,16
2024-08-24,4,Miami,Apache 207,2,2,2
2024-08-24,5,Move,"Adam Port, Stryv & Camila Cabello Feat. Malachiii",5,5,6
2024-08-24,6,Stumblin' In,CYRIL,6,3,28
2024-08-24,7,I Like The Way You Kiss Me,Artemas,4,1,21
2024-08-24,8,Panama,GReeeN,7,4,9
2024-08-24,9,Big Dawgs,Hanumankind X Kalmi,-,9,1
2024-08-24,10,Mittelmeer,PASHANIM,10,1,12
2024-08-24,11,"Zeit, Dass Sich Was Dreht",$OHO BANI & Herbert Groenemeyer,8,1,25
2024-08-24,12,Espresso,Sabrina Carpenter,14,9,14
2024-08-24,13,Belong Together,Mark Ambor,13,7,21
2024-08-24,14,Beautiful Things,Benson Boone,11,1,30
2024-08-24,15,Mama Hat Gesagt,"SDP, Sido & Esther Graf",9,6,15
2024-08-24,16,I Don't Wanna Wait,David Guetta & OneRepublic,15,13,12
2024-08-24,17,Pedro,"Jaxomy, Agatino Romero & Raffaella Carra",17,3,19
2024-08-24,18,Black Friday (Pretty Like The Sun),Lost Frequencies & Tom Odell,-,18,1
2024-08-24,19,Starboy,Luciano & Jazeek,16,1,4
2024-08-24,20,Alibi,"Sevdaliza , Pabllo Vittar & Yseult",19,18,4
2024-08-24,21,Lovebomb,Sido & Jamule Featuring RYCH,-,21,1
2024-08-24,22,Thank You (Not So Bad),Dimitri Vegas & Like Mike x Tiesto x W&W & Dido,-,15,18
2024-08-24,23,Vempa,FOURTY & Bausa,22,3,17
2024-08-24,24,Wie Du Manchmal Fehlst,Zartmann & Ski Aggu,23,5,12
2024-08-24,25,Nein!,AYLIVA,18,3,4
2024-08-31,1,Bauch Beine Po,Shirin David,1,1,4
2024-08-31,2,Wunder,AYLIVA X Apache 207,3,1,17
2024-08-31,3,Lilien,AYLIVA,-,3,1
2024-08-31,4,Move,"Adam Port, Stryv & Camila Cabello Feat. Malachiii",5,4,7
2024-08-31,5,I Like The Way You Kiss Me,Artemas,7,1,22
2024-08-31,6,Sekundentakt,Montez X Kontra K,-,6,1
2024-08-31,7,Miami,Apache 207,4,2,3
2024-08-31,8,Stumblin' In,CYRIL,6,3,29
2024-08-31,9,Big Dawgs,Hanumankind X Kalmi,9,9,2
2024-08-31,10,Out Of The Dark,RAF Camora,2,2,2
2024-08-31,11,Nein!,AYLIVA,25,3,5
2024-08-31,12,Beifahrer,AYLIVA,-,7,6
2024-08-31,13,Panama,GReeeN,8,4,10
2024-08-31,14,Mittelmeer,PASHANIM,10,1,13
2024-08-31,15,"Zeit, Dass Sich Was Dreht",$OHO BANI & Herbert Groenemeyer,11,1,26
2024-08-31,16,Mama Hat Gesagt,"SDP, Sido & Esther Graf",15,6,16
2024-08-31,17,Belong Together,Mark Ambor,13,7,22
2024-08-31,18,Espresso,Sabrina Carpenter,12,9,15
2024-08-31,19,Beautiful Things,Benson Boone,14,1,31
2024-08-31,20,Traum,AYLIVA,-,20,1
2024-08-31,21,Ba$$tard,Bonez & Juju,-,21,1
2024-08-31,22,I Don't Wanna Wait,David Guetta & OneRepublic,16,13,13
2024-08-31,23,Pedro,"Jaxomy, Agatino Romero & Raffaella Carra",17,3,20
2024-08-31,24,Birds Of A Feather,Billie Eilish,-,21,3
2024-08-31,25,Stargazing,Myles Smith,-,15,11
2024-09-07,1,Bauch Beine Po,Shirin David,1,1,5
2024-09-07,2,Wunder,AYLIVA X Apache 207,2,1,18
2024-09-07,3,Move,"Adam Port, Stryv & Camila Cabello Feat. Malachiii",4,3,8
2024-09-07,4,Lilien,AYLIVA,3,3,2
2024-09-07,5,Miami,Apache 207,7,2,4
2024-09-07,6,Stumblin' In,CYRIL,8,3,30
2024-09-07,7,I Like The Way You Kiss Me,Artemas,5,1,23
2024-09-07,8,Espresso,Sabrina Carpenter,18,8,16
2024-09-07,9,Panama,GReeeN,13,4,11
2024-09-07,10,Big Dawgs,Hanumankind X Kalmi,9,9,3
2024-09-07,11,Out Of The Dark,RAF Camora,10,2,3
2024-09-07,12,Mama Hat Gesagt,"SDP, Sido & Esther Graf",16,6,17
2024-09-07,13,Belong Together,Mark Ambor,17,7,23
2024-09-07,14,Beautiful Things,Benson Boone,19,1,32
2024-09-07,15,"Zeit, Dass Sich Was Dreht",$OHO BANI & Herbert Groenemeyer,15,1,27
2024-09-07,16,Sekundentakt,Montez X Kontra K,6,6,2
2024-09-07,17,Mittelmeer,PASHANIM,14,1,14
2024-09-07,18,Nein!,AYLIVA,11,3,6
2024-09-07,19,Birds Of A Feather,Billie Eilish,24,19,4
2024-09-07,20,I Don't Wanna Wait,David Guetta & OneRepublic,22,13,14
2024-09-07,21,eehhhyyy,Zartmann,-,21,1
2024-09-07,22,Stargazing,Myles Smith,25,15,12
2024-09-07,23,Beifahrer,AYLIVA,12,7,7
2024-09-07,24,A Bar Song (Tipsy),Shaboozey,-,21,7
2024-09-07,25,Pedro,"Jaxomy, Agatino Romero & Raffaella Carra",23,3,21
2024-09-14,1,Bauch Beine Po,Shirin David,1,1,6
2024-09-14,2,Wunder,AYLIVA X Apache 207,2,1,19
2024-09-14,3,Immer (Mit Makko),Ski Aggu & makko,-,3,1
2024-09-14,4,Lilien,AYLIVA,4,3,3
2024-09-14,5,Move,"Adam Port, Stryv & Camila Cabello Feat. Malachiii",3,3,9
2024-09-14,6,I Like The Way You Kiss Me,Artemas,7,1,24
2024-09-14,7,Stumblin' In,CYRIL,6,3,31
2024-09-14,8,Espresso,Sabrina Carpenter,8,8,17
2024-09-14,9,Miami,Apache 207,5,2,5
2024-09-14,10,Mama Hat Gesagt,"SDP, Sido & Esther Graf",12,6,18
2024-09-14,11,Panama,GReeeN,9,4,12
2024-09-14,12,Ama Doren,Bobby Vandamme,-,12,1
2024-09-14,13,Belong Together,Mark Ambor,13,7,24
2024-09-14,14,Beautiful Things,Benson Boone,14,1,33
2024-09-14,15,Big Dawgs,Hanumankind X Kalmi,10,9,4
2024-09-14,16,Mittelmeer,PASHANIM,17,1,15
2024-09-14,17,Out Of The Dark,RAF Camora,11,2,4
2024-09-14,18,"Zeit, Dass Sich Was Dreht",$OHO BANI & Herbert Groenemeyer,15,1,28
2024-09-14,19,Beifahrer,AYLIVA,23,7,8
2024-09-14,20,Vempa,FOURTY & Bausa,-,3,18
2024-09-14,21,A Bar Song (Tipsy),Shaboozey,24,21,8
2024-09-14,22,Island Chick,Jazeek & MERO,-,22,1
2024-09-14,23,Birds Of A Feather,Billie Eilish,19,19,5
2024-09-14,24,Sekundentakt,Montez X Kontra K,16,6,3
2024-09-14,25,eehhhyyy,Zartmann,21,21,2
2024-09-21,1,The Emptiness Machine,Linkin Park,-,1,1
2024-09-21,2,Bauch Beine Po,Shirin David,1,1,7
2024-09-21,3,Wunder,AYLIVA X Apache 207,2,1,20
2024-09-21,4,Meer,JEREMIAS,-,4,1
2024-09-21,5,Lilien,AYLIVA,4,3,4
2024-09-21,6,I Like The Way You Kiss Me,Artemas,6,1,25
2024-09-21,7,Rote Flaggen,Berq,-,7,1
2024-09-21,8,Rapstar,Amo & Nimo,-,8,1
2024-09-21,9,Move,"Adam Port, Stryv & Camila Cabello Feat. Malachiii",5,3,10
2024-09-21,10,Hab Bock,Bonez MC & Trettmann,-,10,1
2024-09-21,11,Stumblin' In,CYRIL,7,3,32
2024-09-21,12,Mama Hat Gesagt,"SDP, Sido & Esther Graf",10,6,19
2024-09-21,13,Immer (Mit Makko),Ski Aggu & makko,3,3,2
2024-09-21,14,Espresso,Sabrina Carpenter,8,8,18
2024-09-21,15,Beifahrer,AYLIVA,19,7,9
2024-09-21,16,Belong Together,Mark Ambor,13,7,25
2024-09-21,17,Miami,Apache 207,9,2,6
2024-09-21,18,Panama,GReeeN,11,4,13
2024-09-21,19,Beautiful Things,Benson Boone,14,1,34
2024-09-21,20,Mittelmeer,PASHANIM,16,1,16
2024-09-21,21,Vempa,FOURTY & Bausa,20,3,19
2024-09-21,22,Nein!,AYLIVA,-,3,7
2024-09-21,23,Birds Of A Feather,Billie Eilish,23,19,6
2024-09-21,24,A Bar Song (Tipsy),Shaboozey,21,21,9
2024-09-21,25,Austin,Dasha,-,22,2
2024-09-28,1,The Emptiness Machine,Linkin Park,1,1,2
2024-09-28,2,Bauch Beine Po,Shirin David,2,1,8
2024-09-28,3,Rote Flaggen,Berq,7,3,2
2024-09-28,4,Wunder,AYLIVA X Apache 207,3,1,21
2024-09-28,5,Lilien,AYLIVA,5,3,5
2024-09-28,6,FTW,LACAZETTE,-,6,1
2024-09-28,7,I Like The Way You Kiss Me,Artemas,6,1,26
2024-09-28,8,CUP,LACAZETTE,-,8,1
2024-09-28,9,Meer,JEREMIAS,4,4,2
2024-09-28,10,Beifahrer,AYLIVA,15,7,10
2024-09-28,11,H&K,LACAZETTE,-,11,1
2024-09-28,12,Mama Hat Gesagt,"SDP, Sido & Esther Graf",12,6,20
2024-09-28,13,Move,"Adam Port, Stryv & Camila Cabello Feat. Malachiii",9,3,11
2024-09-28,14,Stumblin' In,CYRIL,11,3,33
2024-09-28,15,Beautiful Things,Benson Boone,19,1,35
2024-09-28,16,Espresso,Sabrina Carpenter,14,8,19
2024-09-28,17,Belong Together,Mark Ambor,16,7,26
2024-09-28,18,Numb,Linkin Park,-,18,1
2024-09-28,19,Nein!,AYLIVA,22,3,8
2024-09-28,20,Dancing In The Flames,The Weeknd,-,20,1
2024-09-28,21,Panama,GReeeN,18,4,14
2024-09-28,22,Rapstar,Amo & Nimo,8,8,2
2024-09-28,23,Immer (Mit Makko),Ski Aggu & makko,13,3,3
2024-09-28,24,Birds Of A Feather,Billie Eilish,23,19,7
2024-09-28,25,Miami,Apache 207,17,2,7
2024-10-05,1,The Emptiness Machine,Linkin Park,1,1,3
2024-10-05,2,Bauch Beine Po,Shirin David,2,1,9
2024-10-05,3,Wunder,AYLIVA X Apache 207,4,1,22
2024-10-05,4,Rote Flaggen,Berq,3,3,3
2024-10-05,5,Red Cups,Ufo361 Featuring Paula Hartmann,-,5,1
2024-10-05,6,Lilien,AYLIVA,5,3,6
2024-10-05,7,AC Bleiben,"PASHANIM, RB030 & Selim61",-,7,1
2024-10-05,8,Moonlight Dreams,YAKARY & Jamule,-,8,1
2024-10-05,9,FTW,LACAZETTE,6,6,2
2024-10-05,10,I Like The Way You Kiss Me,Artemas,7,1,27
2024-10-05,11,Heavy Is The Crown,Linkin Park,-,11,1
2024-10-05,12,H&K,LACAZETTE,11,11,2
2024-10-05,13,Mama Hat Gesagt,"SDP, Sido & Esther Graf",12,6,21
2024-10-05,14,1994,RIN,-,14,1
2024-10-05,15,MYLOOOVE,reezy & OZ,-,15,1
2024-10-05,16,Move,"Adam Port, Stryv & Camila Cabello Feat. Malachiii",13,3,12
2024-10-05,17,CUP,LACAZETTE,8,8,2
2024-10-05,18,Stumblin' In,CYRIL,14,3,34
2024-10-05,19,Die With A Smile,Lady Gaga & Bruno Mars,-,19,1
2024-10-05,20,Espresso,Sabrina Carpenter,16,8,20
2024-10-05,21,Meer,JEREMIAS,9,4,3
2024-10-05,22,Ich Bring Dir Keine Blumen,Dardan,-,22,1
2024-10-05,23,Panama,GReeeN,21,4,15
2024-10-05,24,Beautiful Things,Benson Boone,15,1,36
2024-10-05,25,Beifahrer,AYLIVA,10,7,11
2024-10-12,1,The Emptiness Machine,Linkin Park,1,1,4
2024-10-12,2,Bauch Beine Po,Shirin David,2,1,10
2024-10-12,3,LID,LACAZETTE,-,3,1
2024-10-12,4,Heavy Is The Crown,Linkin Park,11,4,2
2024-10-12,5,Wunder,AYLIVA X Apache 207,3,1,23
2024-10-12,6,Rote Flaggen,Berq,4,3,4
2024-10-12,7,Timeless,The Weeknd & Playboi Carti,-,7,1
2024-10-12,8,Lilien,AYLIVA,6,3,7
2024-10-12,9,Birds Of A Feather,Billie Eilish,-,9,8
2024-10-12,10,I Like The Way You Kiss Me,Artemas,10,1,28
2024-10-12,11,Die With A Smile,Lady Gaga & Bruno Mars,19,11,2
2024-10-12,12,FTW,LACAZETTE,9,6,3
2024-10-12,13,H&K,LACAZETTE,12,11,3
2024-10-12,14,Red Cups,Ufo361 Featuring Paula Hartmann,5,5,2
2024-10-12,15,Beautiful Things,Benson Boone,24,1,37
2024-10-12,16,AC Bleiben,"PASHANIM, RB030 & Selim61",7,7,2
2024-10-12,17,Espresso,Sabrina Carpenter,20,8,21
2024-10-12,18,Picasso,Aymen & Amo,-,18,1
2024-10-12,19,Move,"Adam Port, Stryv & Camila Cabello Feat. Malachiii",16,3,13
2024-10-12,20,CUP,LACAZETTE,17,8,3
2024-10-12,21,A Bar Song (Tipsy),Shaboozey,-,21,10
2024-10-12,22,Belong Together,Mark Ambor,-,7,27
2024-10-12,23,Stumblin' In,CYRIL,18,3,35
2024-10-12,24,Vempa,FOURTY & Bausa,-,3,20
2024-10-12,25,Panama,GReeeN,23,4,16
2024-10-19,1,The Emptiness Machine,Linkin Park,1,1,5
2024-10-19,2,Bauch Beine Po,Shirin David,2,1,11
2024-10-19,3,Playboy Bunnies,"Jazeek, Luciano & Miksu / Mcloud",-,3,1
2024-10-19,4,LID,LACAZETTE,3,3,2
2024-10-19,5,Heavy Is The Crown,Linkin Park,4,4,3
2024-10-19,6,Wunder,AYLIVA X Apache 207,5,1,24
2024-10-19,7,Rote Flaggen,Berq,6,3,5
2024-10-19,8,Lilien,AYLIVA,8,3,8
2024-10-19,9,Birds Of A Feather,Billie Eilish,9,9,9
2024-10-19,10,I Like The Way You Kiss Me,Artemas,10,1,29
2024-10-19,11,Die With A Smile,Lady Gaga & Bruno Mars,11,11,3
2024-10-19,12,Timeless,The Weeknd & Playboi Carti,7,7,2
2024-10-19,13,Belong Together,Mark Ambor,22,7,28
2024-10-19,14,Beautiful Things,Benson Boone,15,1,38
2024-10-19,15,Espresso,Sabrina Carpenter,17,8,22
2024-10-19,16,Vempa,FOURTY & Bausa,24,3,21
2024-10-19,17,H&K,LACAZETTE,13,11,4
2024-10-19,18,Move,"Adam Port, Stryv & Camila Cabello Feat. Malachiii",19,3,14
2024-10-19,19,AC Bleiben,"PASHANIM, RB030 & Selim61",16,7,3
2024-10-19,20,Immer (Mit Makko),Ski Aggu & makko,-,3,4
2024-10-19,21,Red Cups,Ufo361 Featuring Paula Hartmann,14,5,3
2024-10-19,22,A Bar Song (Tipsy),Shaboozey,21,21,11
2024-10-19,23,FTW,LACAZETTE,12,6,4
2024-10-19,24,"Good Luck, Babe!",Chappell Roan,-,24,1
2024-10-19,25,Miami,Apache 207,-,2,8
2024-10-26,1,The Emptiness Machine,Linkin Park,1,1,6
2024-10-26,2,Bauch Beine Po,Shirin David,2,1,12
2024-10-26,3,LID,LACAZETTE,4,3,3
2024-10-26,4,Playboy Bunnies,"Jazeek, Luciano & Miksu / Mcloud",3,3,2
2024-10-26,5,Geschlossene Augen,SANTOS & Sido,-,5,1
2024-10-26,6,Wunder,AYLIVA X Apache 207,6,1,25
2024-10-26,7,Heavy Is The Crown,Linkin Park,5,4,4
2024-10-26,8,Birds Of A Feather,Billie Eilish,9,8,10
2024-10-26,9,7 Leere Zimmer,Ufo361 Featuring Henning May,-,9,1
2024-10-26,10,Rote Flaggen,Berq,7,3,6
2024-10-26,11,I Like The Way You Kiss Me,Artemas,10,1,30
2024-10-26,12,Daddy Is Back,KC Rebell,-,12,1
2024-10-26,13,Move,"Adam Port, Stryv & Camila Cabello Feat. Malachiii",18,3,15
2024-10-26,14,Nebel,YAKARY,-,14,1
2024-10-26,15,Lilien,AYLIVA,8,3,9
2024-10-26,16,Die With A Smile,Lady Gaga & Bruno Mars,11,11,4
2024-10-26,17,H&K,LACAZETTE,17,11,5
2024-10-26,18,Beautiful Things,Benson Boone,14,1,39
2024-10-26,19,Belong Together,Mark Ambor,13,7,29
2024-10-26,20,Miami,Apache 207,25,2,9
2024-10-26,21,Espresso,Sabrina Carpenter,15,8,23
2024-10-26,22,Vempa,FOURTY & Bausa,16,3,22
2024-10-26,23,Bad,Bonez MC & Gzuz,-,23,1
2024-10-26,24,Sailor Song,Gigi Perez,-,24,1
2024-10-26,25,"Good Luck, Babe!",Chappell Roan,24,24,2
2024-11-02,1,HDL,LACAZETTE,-,1,1
2024-11-02,2,The Emptiness Machine,Linkin Park,1,1,7
2024-11-02,3,Bauch Beine Po,Shirin David,2,1,13
2024-11-02,4,Playboy Bunnies,"Jazeek, Luciano & Miksu / Mcloud",4,3,3
2024-11-02,5,LID,LACAZETTE,3,3,4
2024-11-02,6,Geschlossene Augen,SANTOS & Sido,5,5,2
2024-11-02,7,Wunder,AYLIVA X Apache 207,6,1,26
2024-11-02,8,Birds Of A Feather,Billie Eilish,8,8,11
2024-11-02,9,Heavy Is The Crown,Linkin Park,7,4,5
2024-11-02,10,APT.,ROSE & Bruno Mars,-,10,1
2024-11-02,11,Rote Flaggen,Berq,10,3,7
2024-11-02,12,I Like The Way You Kiss Me,Artemas,11,1,31
2024-11-02,13,Die With A Smile,Lady Gaga & Bruno Mars,16,11,5
2024-11-02,14,I Adore You,HUGEL X Topic X Arash Featuring Daecolm,-,14,1
2024-11-02,15,Move,"Adam Port, Stryv & Camila Cabello Feat. Malachiii",13,3,16
2024-11-02,16,Sailor Song,Gigi Perez,24,16,2
2024-11-02,17,Beautiful Things,Benson Boone,18,1,40
2024-11-02,18,Lilien,AYLIVA,15,3,10
2024-11-02,19,Blanco,Dardan,-,19,1
2024-11-02,20,H&K,LACAZETTE,17,11,6
2024-11-02,21,Belong Together,Mark Ambor,19,7,30
2024-11-02,22,Espresso,Sabrina Carpenter,21,8,24
2024-11-02,23,Miami,Apache 207,20,2,10
2024-11-02,24,King Of GerMMAny,Gzuz,-,24,1
2024-11-02,25,Vempa,FOURTY & Bausa,22,3,23
2024-11-09,1,It Girl,Shirin David & Sampagne,-,1,1
2024-11-09,2,The Emptiness Machine,Linkin Park,2,1,8
2024-11-09,3,Bauch Beine Po,Shirin David,3,1,14
2024-11-09,4,HDL,LACAZETTE,1,1,2
2024-11-09,5,Playboy Bunnies,"Jazeek, Luciano & Miksu / Mcloud",4,3,4
2024-11-09,6,APT.,ROSE & Bruno Mars,10,6,2
2024-11-09,7,Wunder,AYLIVA X Apache 207,7,1,27
2024-11-09,8,Liebe,Ufo361 Featuring Nina Chuba,-,8,1
2024-11-09,9,LID,LACAZETTE,5,3,5
2024-11-09,10,Heavy Is The Crown,Linkin Park,9,4,6
2024-11-09,11,Birds Of A Feather,Billie Eilish,8,8,12
2024-11-09,12,Fruher Sterben,Bonez MC,-,12,1
2024-11-09,13,Over Each Other,Linkin Park,-,13,1
2024-11-09,14,Geschlossene Augen,SANTOS & Sido,6,5,3
2024-11-09,15,Die With A Smile,Lady Gaga & Bruno Mars,13,11,6
2024-11-09,16,I Like The Way You Kiss Me,Artemas,12,1,32
2024-11-09,17,Rote Flaggen,Berq,11,3,8
2024-11-09,18,Move,"Adam Port, Stryv & Camila Cabello Feat. Malachiii",15,3,17
2024-11-09,19,I Adore You,HUGEL X Topic X Arash Featuring Daecolm,14,14,2
2024-11-09,20,Sailor Song,Gigi Perez,16,16,3
2024-11-09,21,Beautiful Things,Benson Boone,17,1,41
2024-11-09,22,40 Tage,Shindy,-,22,1
2024-11-09,23,Vempa,FOURTY & Bausa,25,3,24
2024-11-09,24,Espresso,Sabrina Carpenter,22,8,25
2024-11-09,25,Belong Together,Mark Ambor,21,7,31
2024-11-16,1,The Emptiness Machine,Linkin Park,2,1,9
2024-11-16,2,It Girl,Shirin David & Sampagne,1,1,2
2024-11-16,3,Bauch Beine Po,Shirin David,3,1,15
2024-11-16,4,APT.,ROSE & Bruno Mars,6,4,3
2024-11-16,5,Playboy Bunnies,"Jazeek, Luciano & Miksu / Mcloud",5,3,5
2024-11-16,6,Wunder,AYLIVA X Apache 207,7,1,28
2024-11-16,7,Birds Of A Feather,Billie Eilish,11,7,13
2024-11-16,8,Die With A Smile,Lady Gaga & Bruno Mars,15,8,7
2024-11-16,9,Heavy Is The Crown,Linkin Park,10,4,7
2024-11-16,10,HDL,LACAZETTE,4,1,3
2024-11-16,11,LID,LACAZETTE,9,3,6
2024-11-16,12,Geschlossene Augen,SANTOS & Sido,14,5,4
2024-11-16,13,That's So True,Gracie Abrams,-,13,1
2024-11-16,14,Sailor Song,Gigi Perez,20,14,4
2024-11-16,15,Fruher Sterben,Bonez MC,12,12,2
2024-11-16,16,I Like The Way You Kiss Me,Artemas,16,1,33
2024-11-16,17,Sao Paulo,The Weeknd & Anitta,-,17,1
2024-11-16,18,Rote Flaggen,Berq,17,3,9
2024-11-16,19,I Adore You,HUGEL X Topic X Arash Featuring Daecolm,19,14,3
2024-11-16,20,Move,"Adam Port, Stryv & Camila Cabello Feat. Malachiii",18,3,18
2024-11-16,21,Beautiful Things,Benson Boone,21,1,42
2024-11-16,22,Liebe,Ufo361 Featuring Nina Chuba,8,8,2
2024-11-16,23,Belong Together,Mark Ambor,25,7,32
2024-11-16,24,Vempa,FOURTY & Bausa,23,3,25
2024-11-16,25,Mama Hat Gesagt,"SDP, Sido & Esther Graf",-,6,22
2024-11-23,1,The Emptiness Machine,Linkin Park,1,1,10
2024-11-23,2,Fata Morgana,Nina Chuba,-,2,1
2024-11-23,3,Ma Baby,Jazeek,-,3,1
2024-11-23,4,That's So True,Gracie Abrams,13,4,2
2024-11-23,5,APT.,ROSE & Bruno Mars,4,4,4
2024-11-23,6,MURAKAMI,Summer Cem & BILLA JOE,-,6,1
2024-11-23,7,It Girl,Shirin David & Sampagne,2,1,3
2024-11-23,8,Bauch Beine Po,Shirin David,3,1,16
2024-11-23,9,Wunder,AYLIVA X Apache 207,6,1,29
2024-11-23,10,Birds Of A Feather,Billie Eilish,7,7,14
2024-11-23,11,Die With A Smile,Lady Gaga & Bruno Mars,8,8,8
2024-11-23,12,Playboy Bunnies,"Jazeek, Luciano & Miksu / Mcloud",5,3,6
2024-11-23,13,Heavy Is The Crown,Linkin Park,9,4,8
2024-11-23,14,LID,LACAZETTE,11,3,7
2024-11-23,15,Sailor Song,Gigi Perez,14,14,5
2024-11-23,16,Manchmal,KC Rebell,-,16,1
2024-11-23,17,All I Want For Christmas Is You,Mariah Carey,-,1,13
2024-11-23,18,HDL,LACAZETTE,10,1,4
2024-11-23,19,Last Christmas,Wham!,-,1,14
2024-11-23,20,I Like The Way You Kiss Me,Artemas,16,1,34
2024-11-23,21,Rote Flaggen,Berq,18,3,10
2024-11-23,22,Beautiful Things,Benson Boone,21,1,43
2024-11-23,23,I Adore You,HUGEL X Topic X Arash Featuring Daecolm,19,14,4
2024-11-23,24,Geschlossene Augen,SANTOS & Sido,12,5,5
2024-11-23,25,Move,"Adam Port, Stryv & Camila Cabello Feat. Malachiii",20,3,19
2024-11-30,1,The Emptiness Machine,Linkin Park,1,1,11
2024-11-30,2,Fata Morgana,Nina Chuba,2,2,2
2024-11-30,3,Heavy Is The Crown,Linkin Park,13,3,9
2024-11-30,4,Ma Baby,Jazeek,3,3,2
2024-11-30,5,That's So True,Gracie Abrams,4,4,3
2024-11-30,6,Two Faced,Linkin Park,-,6,1
2024-11-30,7,All I Want For Christmas Is You,Mariah Carey,17,1,14
2024-11-30,8,APT.,ROSE & Bruno Mars,5,4,5
2024-11-30,9,Last Christmas,Wham!,19,1,15
2024-11-30,10,Over Each Other,Linkin Park,-,10,2
2024-11-30,11,Cut The Bridge,Linkin Park,-,11,1
2024-11-30,12,LAK,LACAZETTE,-,12,1
2024-11-30,13,Bauch Beine Po,Shirin David,8,1,17
2024-11-30,14,Birds Of A Feather,Billie Eilish,10,7,15
2024-11-30,15,Die With A Smile,Lady Gaga & Bruno Mars,11,8,9
2024-11-30,16,Stained,Linkin Park,-,16,1
2024-11-30,17,It Girl,Shirin David & Sampagne,7,1,4
2024-11-30,18,Wunder,AYLIVA X Apache 207,9,1,30
2024-11-30,19,Good Things Go,Linkin Park,-,19,1
2024-11-30,20,MURAKAMI,Summer Cem & BILLA JOE,6,6,2
2024-11-30,21,Overflow,Linkin Park,-,21,1
2024-11-30,22,Casualty,Linkin Park,-,22,1
2024-11-30,23,I Adore You,HUGEL X Topic X Arash Featuring Daecolm,23,14,5
2024-11-30,24,Playboy Bunnies,"Jazeek, Luciano & Miksu / Mcloud",12,3,7
2024-11-30,25,IGYEIH,Linkin Park,-,25,1
2024-12-07,1,All I Want For Christmas Is You,Mariah Carey,7,1,15
2024-12-07,2,Last Christmas,Wham!,9,1,16
2024-12-07,3,The Emptiness Machine,Linkin Park,1,1,12
2024-12-07,4,Fata Morgana,Nina Chuba,2,2,3
2024-12-07,5,APT.,ROSE & Bruno Mars,8,4,6
2024-12-07,6,That's So True,Gracie Abrams,5,4,4
2024-12-07,7,Ma Baby,Jazeek,4,3,3
2024-12-07,8,Underneath The Tree,Kelly Clarkson,-,7,11
2024-12-07,9,Snowman,Sia,-,6,12
2024-12-07,10,Let It Snow! Let It Snow! Let It Snow!,Dean Martin,-,4,11
2024-12-07,11,Santa Tell Me,Ariana Grande,-,11,12
2024-12-07,12,It's Beginning To Look A Lot Like Christmas,Michael Buble,-,7,11
2024-12-07,13,Merry Christmas Everyone,Shakin' Stevens,-,3,13
2024-12-07,14,In A Minute,Luciano,-,14,1
2024-12-07,15,Heavy Is The Crown,Linkin Park,3,3,10
2024-12-07,16,Feliz Navidad,Jose Feliciano,-,7,10
2024-12-07,17,Die With A Smile,Lady Gaga & Bruno Mars,15,8,10
2024-12-07,18,Rockin' Around The Christmas Tree,Brenda Lee,-,4,12
2024-12-07,19,Wonderful Dream (Holidays Are Coming),Melanie Thornton,-,5,11
2024-12-07,20,Fliegen,Nina Chuba,-,20,1
2024-12-07,21,Birds Of A Feather,Billie Eilish,14,7,16
2024-12-07,22,money,"oddworld, reezy & OG Keemo",-,22,1
2024-12-07,23,Bauch Beine Po,Shirin David,13,1,18
2024-12-07,24,Wunder,AYLIVA X Apache 207,18,1,31
2024-12-07,25,Driving Home For Christmas,Chris Rea,-,4,12
2024-12-14,1,Last Christmas,Wham!,2,1,17
2024-12-14,2,All I Want For Christmas Is You,Mariah Carey,1,1,16
2024-12-14,3,Merry Christmas Everyone,Shakin' Stevens,13,3,14
2024-12-14,4,Rockin' Around The Christmas Tree,Brenda Lee,18,4,13
2024-12-14,5,Underneath The Tree,Kelly Clarkson,8,5,12
2024-12-14,6,Let It Snow! Let It Snow! Let It Snow!,Dean Martin,10,4,12
2024-12-14,7,Feliz Navidad,Jose Feliciano,16,7,11
2024-12-14,8,Snowman,Sia,9,6,13
2024-12-14,9,APT.,ROSE & Bruno Mars,5,4,7
2024-12-14,10,Santa Tell Me,Ariana Grande,11,10,13
2024-12-14,11,Wonderful Dream (Holidays Are Coming),Melanie Thornton,19,5,12
2024-12-14,12,It's Beginning To Look A Lot Like Christmas,Michael Buble,12,7,12
2024-12-14,13,Driving Home For Christmas,Chris Rea,25,4,13
2024-12-14,14,The Emptiness Machine,Linkin Park,3,1,13
2024-12-14,15,Merry Christmas,Ed Sheeran & Elton John,-,7,11
2024-12-14,16,Fata Morgana,Nina Chuba,4,2,4
2024-12-14,17,S&S,LACAZETTE,-,17,1
2024-12-14,18,Jingle Bell Rock,Bobby Helms,-,6,12
2024-12-14,19,Happy Xmas (War Is Over),John & Yoko/The Plastic Ono Band With The Harlem Community Choir,-,10,9
2024-12-14,20,Hallelujah,Pentatonix,-,16,6
2024-12-14,21,Wonderful Christmastime,Paul McCartney,-,12,9
2024-12-14,22,In Der Weihnachtsbackerei,Rolf Zuckowski,-,22,3
2024-12-14,23,That's So True,Gracie Abrams,6,4,5
2024-12-14,24,Ma Baby,Jazeek,7,3,4
2024-12-14,25,Ma Meilleure Ennemie,Stromae & Pomme,-,25,1
2024-12-21,1,Last Christmas,Wham!,1,1,18
2024-12-21,2,All I Want For Christmas Is You,Mariah Carey,2,1,17
2024-12-21,3,Merry Christmas Everyone,Shakin' Stevens,3,3,15
2024-12-21,4,Rockin' Around The Christmas Tree,Brenda Lee,4,4,14
2024-12-21,5,Let It Snow! Let It Snow! Let It Snow!,Dean Martin,6,4,13
2024-12-21,6,Underneath The Tree,Kelly Clarkson,5,5,13
2024-12-21,7,Feliz Navidad,Jose Feliciano,7,7,12
2024-12-21,8,Snowman,Sia,8,6,14
2024-12-21,9,Wonderful Dream (Holidays Are Coming),Melanie Thornton,11,5,13
2024-12-21,10,Santa Tell Me,Ariana Grande,10,10,14
2024-12-21,11,APT.,ROSE & Bruno Mars,9,4,8
2024-12-21,12,It's Beginning To Look A Lot Like Christmas,Michael Buble,12,7,13
2024-12-21,13,Butcher,Sosa La M / Luciano,-,13,1
2024-12-21,14,Driving Home For Christmas,Chris Rea,13,4,14
2024-12-21,15,Merry Christmas,Ed Sheeran & Elton John,15,7,12
2024-12-21,16,Jingle Bell Rock,Bobby Helms,18,6,13
2024-12-21,17,Happy Xmas (War Is Over),John & Yoko/The Plastic Ono Band With The Harlem Community Choir,19,10,10
2024-12-21,18,Fata Morgana,Nina Chuba,16,2,5
2024-12-21,19,The Emptiness Machine,Linkin Park,14,1,14
2024-12-21,20,Wonderful Christmastime,Paul McCartney,21,12,10
2024-12-21,21,Hallelujah,Pentatonix,20,16,7
2024-12-21,22,In Der Weihnachtsbackerei,Rolf Zuckowski,22,22,4
2024-12-21,23,Ma Baby,Jazeek,24,3,5
2024-12-21,24,That's So True,Gracie Abrams,23,4,6
2024-12-21,25,Thank God It's Christmas,Queen,-,18,3
2024-12-28,1,Last Christmas,Wham!,1,1,19
2024-12-28,2,All I Want For Christmas Is You,Mariah Carey,2,1,18
2024-12-28,3,Merry Christmas Everyone,Shakin' Stevens,3,3,16
2024-12-28,4,Rockin' Around The Christmas Tree,Brenda Lee,4,4,15
2024-12-28,5,Feliz Navidad,Jose Feliciano,7,5,13
2024-12-28,6,Let It Snow! Let It Snow! Let It Snow!,Dean Martin,5,4,14
2024-12-28,7,Underneath The Tree,Kelly Clarkson,6,5,14
2024-12-28,8,Snowman,Sia,8,6,15
2024-12-28,9,Wonderful Dream (Holidays Are Coming),Melanie Thornton,9,5,14
2024-12-28,10,Merry Christmas,Ed Sheeran & Elton John,15,7,13
2024-12-28,11,Driving Home For Christmas,Chris Rea,14,4,15
2024-12-28,12,Santa Tell Me,Ariana Grande,10,10,15
2024-12-28,13,It's Beginning To Look A Lot Like Christmas,Michael Buble,12,7,14
2024-12-28,14,APT.,ROSE & Bruno Mars,11,4,9
2024-12-28,15,Happy Xmas (War Is Over),John & Yoko/The Plastic Ono Band With The Harlem Community Choir,17,10,11
2024-12-28,16,Jingle Bell Rock,Bobby Helms,16,6,14
2024-12-28,17,Wonderful Christmastime,Paul McCartney,20,12,11
2024-12-28,18,Fata Morgana,Nina Chuba,18,2,6
2024-12-28,19,Hallelujah,Pentatonix,21,16,8
2024-12-28,20,The Emptiness Machine,Linkin Park,19,1,15
2024-12-28,21,Thank God It's Christmas,Queen,25,18,4
2024-12-28,22,Christmas Time,Bryan Adams,-,17,7
2024-12-28,23,In Der Weihnachtsbackerei,Rolf Zuckowski,22,22,5
2024-12-28,24,That's So True,Gracie Abrams,24,4,7
2024-12-28,25,Butcher,Sosa La M / Luciano,13,13,2
2025-01-04,1,Last Christmas,Wham!,1,1,20
2025-01-04,2,All I Want For Christmas Is You,Mariah Carey,2,1,19
2025-01-04,3,Merry Christmas Everyone,Shakin' Stevens,3,3,17
2025-01-04,4,Rockin' Around The Christmas Tree,Brenda Lee,4,4,16
2025-01-04,5,Feliz Navidad,Jose Feliciano,5,5,14
2025-01-04,6,Let It Snow! Let It Snow! Let It Snow!,Dean Martin,6,4,15
2025-01-04,7,Underneath The Tree,Kelly Clarkson,7,5,15
2025-01-04,8,Driving Home For Christmas,Chris Rea,11,4,16
2025-01-04,9,Merry Christmas,Ed Sheeran & Elton John,10,7,14
2025-01-04,10,Wonderful Dream (Holidays Are Coming),Melanie Thornton,9,5,15
2025-01-04,11,Snowman,Sia,8,6,16
2025-01-04,12,It's Beginning To Look A Lot Like Christmas,Michael Buble,13,7,15
2025-01-04,13,Happy Xmas (War Is Over),John & Yoko/The Plastic Ono Band With The Harlem Community Choir,15,10,12
2025-01-04,14,Santa Tell Me,Ariana Grande,12,10,16
2025-01-04,15,Wonderful Christmastime,Paul McCartney,17,12,12
2025-01-04,16,Jingle Bell Rock,Bobby Helms,16,6,15
2025-01-04,17,Thank God It's Christmas,Queen,21,17,5
2025-01-04,18,Hallelujah,Pentatonix,19,16,9
2025-01-04,19,Christmas Time,Bryan Adams,22,17,8
2025-01-04,20,Do They Know It's Christmas?,Band Aid,-,17,10
2025-01-04,21,Mistletoe,Justin Bieber,-,21,3
2025-01-04,22,Christmas Without You,Ava Max,-,22,1
2025-01-04,23,My Only Wish (This Year),Britney Spears,-,23,2
2025-01-04,24,"Rudolph, The Red-Nosed Reindeer",Dean Martin,-,21,4
2025-01-04,25,Christmas Lights,Coldplay,-,24,3
2025-01-11,1,APT.,ROSE & Bruno Mars,-,1,10
2025-01-11,2,Fata Morgana,Nina Chuba,-,2,7
2025-01-11,3,That's So True,Gracie Abrams,-,3,8
2025-01-11,4,The Emptiness Machine,Linkin Park,-,1,16
2025-01-11,5,Die With A Smile,Lady Gaga & Bruno Mars,-,5,11
2025-01-11,6,Bauch Beine Po,Shirin David,-,1,19
2025-01-11,7,Birds Of A Feather,Billie Eilish,-,7,17
2025-01-11,8,Butcher,Sosa La M / Luciano,-,8,3
2025-01-11,9,Alleine Da,Jazeek X SAMIRA,-,9,1
2025-01-11,10,Wunder,AYLIVA X Apache 207,-,1,32
2025-01-11,11,Ma Baby,Jazeek,-,3,6
2025-01-11,12,I Adore You,HUGEL X Topic X Arash Featuring Daecolm,-,12,6
2025-01-11,13,Stumblin' In,CYRIL,-,3,36
2025-01-11,14,Thank You (Not So Bad),Dimitri Vegas & Like Mike x Tiesto x W&W & Dido,-,14,19
2025-01-11,15,I Like The Way You Kiss Me,Artemas,-,1,35
2025-01-11,16,Espresso,Sabrina Carpenter,-,8,26
2025-01-11,17,Messy,Lola Young,-,17,1
2025-01-11,18,Beautiful Things,Benson Boone,-,1,44
2025-01-11,19,Prada,"casso, RAYE & D-Block Europe",-,1,42
2025-01-11,20,Move,"Adam Port, Stryv & Camila Cabello Feat. Malachiii",-,3,20
2025-01-11,21,Toyota (2016),Bonez MC,-,21,1
2025-01-11,22,ICH,LACAZETTE,-,22,1
2025-01-11,23,Timeless,The Weeknd & Playboi Carti,-,7,3
2025-01-11,24,Mama Hat Gesagt,"SDP, Sido & Esther Graf",-,6,23
2025-01-11,25,Sailor Song,Gigi Perez,-,14,6
2025-01-18,1,APT.,ROSE & Bruno Mars,1,1,11
2025-01-18,2,That's So True,Gracie Abrams,3,2,9
2025-01-18,3,Fata Morgana,Nina Chuba,2,2,8
2025-01-18,4,Die With A Smile,Lady Gaga & Bruno Mars,5,4,12
2025-01-18,5,The Emptiness Machine,Linkin Park,4,1,17
2025-01-18,6,Birds Of A Feather,Billie Eilish,7,6,18
2025-01-18,7,Messy,Lola Young,17,7,2
2025-01-18,8,Ma Baby,Jazeek,11,3,7
2025-01-18,9,Butcher,Sosa La M / Luciano,8,8,4
2025-01-18,10,Wunder,AYLIVA X Apache 207,10,1,33
2025-01-18,11,Alleine Da,Jazeek X SAMIRA,9,9,2
2025-01-18,12,Bauch Beine Po,Shirin David,6,1,20
2025-01-18,13,I Adore You,HUGEL X Topic X Arash Featuring Daecolm,12,12,7
2025-01-18,14,Timeless,The Weeknd & Playboi Carti,23,7,4
2025-01-18,15,Sailor Song,Gigi Perez,25,14,7
2025-01-18,16,I Like The Way You Kiss Me,Artemas,15,1,36
2025-01-18,17,ICH,LACAZETTE,22,17,2
2025-01-18,18,Bad Dreams,Teddy Swims,-,18,1
2025-01-18,19,Espresso,Sabrina Carpenter,16,8,27
2025-01-18,20,La La La,Naughty Boy Featuring Sam Smith,-,20,1
2025-01-18,21,Surprise,Loredana,-,21,1
2025-01-18,22,Toyota (2016),Bonez MC,21,21,2
2025-01-18,23,Rote Flaggen,Berq,-,3,11
2025-01-18,24,Beautiful Things,Benson Boone,18,1,45
2025-01-18,25,Move,"Adam Port, Stryv & Camila Cabello Feat. Malachiii",20,3,21
2025-01-25,1,APT.,ROSE & Bruno Mars,1,1,12
2025-01-25,2,Sabia Que No,reezy,-,2,1
2025-01-25,3,Atzen Und Barbies,Shirin David & Ski Aggu,-,3,1
2025-01-25,4,That's So True,Gracie Abrams,2,2,10
2025-01-25,5,Fata Morgana,Nina Chuba,3,2,9
2025-01-25,6,Die With A Smile,Lady Gaga & Bruno Mars,4,4,13
2025-01-25,7,The Emptiness Machine,Linkin Park,5,1,18
2025-01-25,8,Messy,Lola Young,7,7,3
2025-01-25,9,Ma Baby,Jazeek,8,3,8
2025-01-25,10,Birds Of A Feather,Billie Eilish,6,6,19
2025-01-25,11,Alleine Da,Jazeek X SAMIRA,11,9,3
2025-01-25,12,Butcher,Sosa La M / Luciano,9,8,5
2025-01-25,13,Wunder,AYLIVA X Apache 207,10,1,34
2025-01-25,14,Bauch Beine Po,Shirin David,12,1,21
2025-01-25,15,I Adore You,HUGEL X Topic X Arash Featuring Daecolm,13,12,8
2025-01-25,16,DTMF,Bad Bunny,-,16,1
2025-01-25,17,Timeless,The Weeknd & Playboi Carti,14,7,5
2025-01-25,18,Bad Dreams,Teddy Swims,18,18,2
2025-01-25,19,La La La,Naughty Boy Featuring Sam Smith,20,19,2
2025-01-25,20,Sailor Song,Gigi Perez,15,14,8
2025-01-25,21,I Like The Way You Kiss Me,Artemas,16,1,37
2025-01-25,22,Das Leben Ruft,SANTOS & Montez,-,22,1
2025-01-25,23,Sigma Boy,Betsy & Maria Yankovskaya,-,23,1
2025-01-25,24,Espresso,Sabrina Carpenter,19,8,28
2025-01-25,25,Fruhling im Viertel 2.0,Bausa Featuring Kane,-,25,1
2025-02-01,1,APT.,ROSE & Bruno Mars,1,1,13
2025-02-01,2,Gesegnet,Apache 207 & Luciano,-,2,1
2025-02-01,3,Sabia Que No,reezy,2,2,2
2025-02-01,4,Die With A Smile,Lady Gaga & Bruno Mars,6,4,14
2025-02-01,5,That's So True,Gracie Abrams,4,2,11
2025-02-01,6,Fata Morgana,Nina Chuba,5,2,10
2025-02-01,7,Cold As Ice,Apache 207 & Luciano,-,7,1
2025-02-01,8,The Emptiness Machine,Linkin Park,7,1,19
2025-02-01,9,DTMF,Bad Bunny,16,9,2
2025-02-01,10,Herzblatt (Aua Aua),Mia Julia & Tream/iboii,-,10,1
2025-02-01,11,Atzen Und Barbies,Shirin David & Ski Aggu,3,3,2
2025-02-01,12,Bei Nacht,Apache 207 & Luciano,-,12,1
2025-02-01,13,Messy,Lola Young,8,7,4
2025-02-01,14,Ma Baby,Jazeek,9,3,9
2025-02-01,15,Birds Of A Feather,Billie Eilish,10,6,20
2025-02-01,16,Tiefgaragen,Apache 207 & Luciano,-,16,1
2025-02-01,17,Wunder,AYLIVA X Apache 207,13,1,35
2025-02-01,18,Yay,Apache 207 & Luciano,-,18,1
2025-02-01,19,I Adore You,HUGEL X Topic X Arash Featuring Daecolm,15,12,9
2025-02-01,20,Bad Dreams,Teddy Swims,18,18,3
2025-02-01,21,Timeless,The Weeknd & Playboi Carti,17,7,6
2025-02-01,22,Butcher,Sosa La M / Luciano,12,8,6
2025-02-01,23,Sailor Song,Gigi Perez,20,14,9
2025-02-01,24,La La La,Naughty Boy Featuring Sam Smith,19,19,3
2025-02-01,25,Bauch Beine Po,Shirin David,14,1,22
2025-02-08,1,APT.,ROSE & Bruno Mars,1,1,14
2025-02-08,2,Sabia Que No,reezy,3,2,3
2025-02-08,3,Wackelkontakt,Oimara,-,3,1
2025-02-08,4,Die With A Smile,Lady Gaga & Bruno Mars,4,4,15
2025-02-08,5,MNG,LACAZETTE,-,5,1
2025-02-08,6,Fata Morgana,Nina Chuba,6,2,11
2025-02-08,7,That's So True,Gracie Abrams,5,2,12
2025-02-08,8,The Emptiness Machine,Linkin Park,8,1,20
2025-02-08,9,Messy,Lola Young,13,7,5
2025-02-08,10,WERN DU DUMM BiST,FiNCH,-,10,1
2025-02-08,11,Gesegnet,Apache 207 & Luciano,2,2,2
2025-02-08,12,DTMF,Bad Bunny,9,9,3
2025-02-08,13,Atzen Und Barbies,Shirin David & Ski Aggu,11,3,3
2025-02-08,14,Birds Of A Feather,Billie Eilish,15,6,21
2025-02-08,15,Ma Baby,Jazeek,14,3,10
2025-02-08,16,Herzblatt (Aua Aua),Mia Julia & Tream/iboii,10,10,2
2025-02-08,17,I Adore You,HUGEL X Topic X Arash Featuring Daecolm,19,12,10
2025-02-08,18,Wunder,AYLIVA X Apache 207,17,1,36
2025-02-08,19,4X4,Travis Scott,-,19,1
2025-02-08,20,Bad Dreams,Teddy Swims,20,18,4
2025-02-08,21,Cold As Ice,Apache 207 & Luciano,7,7,2
2025-02-08,22,La La La,Naughty Boy Featuring Sam Smith,24,19,4
2025-02-08,23,Timeless,The Weeknd & Playboi Carti,21,7,7
2025-02-08,24,Juana Auf Snapchat,Bobby Vandamme,-,24,1
2025-02-08,25,Sigma Boy,Betsy & Maria Yankovskaya,-,23,2
2025-02-15,1,Wackelkontakt,Oimara,3,1,2
2025-02-15,2,Tau Mich Auf,Zartmann,-,2,1
2025-02-15,3,APT.,ROSE & Bruno Mars,1,1,15
2025-02-15,4,Sabia Que No,reezy,2,2,4
2025-02-15,5,Die With A Smile,Lady Gaga & Bruno Mars,4,4,16
2025-02-15,6,Fata Morgana,Nina Chuba,6,2,12
2025-02-15,7,The Emptiness Machine,Linkin Park,8,1,21
2025-02-15,8,That's So True,Gracie Abrams,7,2,13
2025-02-15,9,Messy,Lola Young,9,7,6
2025-02-15,10,MNG,LACAZETTE,5,5,2
2025-02-15,11,Lichter Aus,makko & Miksu / Macloud,-,11,1
2025-02-15,12,Birds Of A Feather,Billie Eilish,14,6,22
2025-02-15,13,Herzblatt (Aua Aua),Mia Julia & Tream/iboii,16,10,3
2025-02-15,14,Ein Teil Von Mir,badchieff,-,14,1
2025-02-15,15,WERN DU DUMM BiST,FiNCH,10,10,2
2025-02-15,16,Ma Baby,Jazeek,15,3,11
2025-02-15,17,Timeless,The Weeknd & Playboi Carti,23,7,8
2025-02-15,18,Gesegnet,Apache 207 & Luciano,11,2,3
2025-02-15,19,DTMF,Bad Bunny,12,9,4
2025-02-15,20,I Adore You,HUGEL X Topic X Arash Featuring Daecolm,17,12,11
2025-02-15,21,Atzen Und Barbies,Shirin David & Ski Aggu,13,3,4
2025-02-15,22,Wunder,AYLIVA X Apache 207,18,1,37
2025-02-15,23,The Days,CHRYSTAL,-,23,1
2025-02-15,24,Sigma Boy,Betsy & Maria Yankovskaya,25,23,3
2025-02-15,25,Bad Dreams,Teddy Swims,20,18,5
2025-02-22,1,Wackelkontakt,Oimara,1,1,3
2025-02-22,2,Tau Mich Auf,Zartmann,2,2,2
2025-02-22,3,APT.,ROSE & Bruno Mars,3,1,16
2025-02-22,4,Abracadabra,Lady Gaga,-,4,1
2025-02-22,5,Die With A Smile,Lady Gaga & Bruno Mars,5,4,17
2025-02-22,6,Not Like Us,Kendrick Lamar,-,6,1
2025-02-22,7,Sabia Que No,reezy,4,2,5
2025-02-22,8,Fata Morgana,Nina Chuba,6,2,13
2025-02-22,9,That's So True,Gracie Abrams,8,2,14
2025-02-22,10,The Emptiness Machine,Linkin Park,7,1,22
2025-02-22,11,Messy,Lola Young,9,7,7
2025-02-22,12,Birds Of A Feather,Billie Eilish,12,6,23
2025-02-22,13,LV,Jazeek,-,13,1
2025-02-22,14,Herzblatt (Aua Aua),Mia Julia & Tream/iboii,13,10,4
2025-02-22,15,Beautiful Things,Benson Boone,-,1,46
2025-02-22,16,Ein Teil Von Mir,badchieff,14,14,2
2025-02-22,17,I Adore You,HUGEL X Topic X Arash Featuring Daecolm,20,12,12
2025-02-22,18,Ma Baby,Jazeek,16,3,12
2025-02-22,19,WERN DU DUMM BiST,FiNCH,15,10,3
2025-02-22,20,Timeless,The Weeknd & Playboi Carti,17,7,9
2025-02-22,21,Stempel CC,"Mali, CANEY030, Eno & HoodBlaq",-,21,1
2025-02-22,22,Wunder,AYLIVA X Apache 207,22,1,38
2025-02-22,23,MNG,LACAZETTE,10,5,3
2025-02-22,24,DTMF,Bad Bunny,19,9,5
2025-02-22,25,Bad Dreams,Teddy Swims,25,18,6
2025-03-01,1,Wackelkontakt,Oimara,1,1,4
2025-03-01,2,Tau Mich Auf,Zartmann,2,2,3
2025-03-01,3,APT.,ROSE & Bruno Mars,3,1,17
2025-03-01,4,Not Like Us,Kendrick Lamar,6,4,2
2025-03-01,5,Die With A Smile,Lady Gaga & Bruno Mars,5,4,18
2025-03-01,6,Sabia Que No,reezy,7,2,6
2025-03-01,7,Fata Morgana,Nina Chuba,8,2,14
2025-03-01,8,Abracadabra,Lady Gaga,4,4,2
2025-03-01,9,The Emptiness Machine,Linkin Park,10,1,23
2025-03-01,10,That's So True,Gracie Abrams,9,2,15
2025-03-01,11,Messy,Lola Young,11,7,8
2025-03-01,12,All The Stars,Kendrick Lamar & SZA,-,12,1
2025-03-01,13,Birds Of A Feather,Billie Eilish,12,6,24
2025-03-01,14,Delale,Shabab & Lune,-,14,1
2025-03-01,15,I Adore You,HUGEL X Topic X Arash Featuring Daecolm,17,12,13
2025-03-01,16,Beautiful Things,Benson Boone,15,1,47
2025-03-01,17,Herzblatt (Aua Aua),Mia Julia & Tream/iboii,14,10,5
2025-03-01,18,Wunder,AYLIVA X Apache 207,22,1,39
2025-03-01,19,Bad Dreams,Teddy Swims,25,18,7
2025-03-01,20,SKELLY,reezy,-,20,1
2025-03-01,21,Iconic,Shirin David,-,21,1
2025-03-01,22,WERN DU DUMM BiST,FiNCH,19,10,4
2025-03-01,23,Ma Baby,Jazeek,18,3,13
2025-03-01,24,Ordinary,Alex Warren,-,24,1
2025-03-01,25,Schau Mal Herein,Helene Fischer & Florian Silbereisen,-,25,1
2025-03-08,1,Wackelkontakt,Oimara,1,1,5
2025-03-08,2,Wie?,AYLIVA,-,2,1
2025-03-08,3,Tau Mich Auf,Zartmann,2,2,4
2025-03-08,4,Wenn Der Himmel Weint,Bausa & Jazeek,-,4,1
2025-03-08,5,APT.,ROSE & Bruno Mars,3,1,18
2025-03-08,6,Northside,Sosa La M,-,6,1
2025-03-08,7,Die With A Smile,Lady Gaga & Bruno Mars,5,4,19
2025-03-08,8,Not Like Us,Kendrick Lamar,4,4,3
2025-03-08,9,Wer Macht Para 3,"Eno, Dardan & Daniel Slump",-,9,1
2025-03-08,10,Fata Morgana,Nina Chuba,7,2,15
2025-03-08,11,That's So True,Gracie Abrams,10,2,16
2025-03-08,12,Abracadabra,Lady Gaga,8,4,3
2025-03-08,13,Sabia Que No,reezy,6,2,7
2025-03-08,14,The Emptiness Machine,Linkin Park,9,1,24
2025-03-08,15,Messy,Lola Young,11,7,9
2025-03-08,16,Birds Of A Feather,Billie Eilish,13,6,25
2025-03-08,17,Wunder,AYLIVA X Apache 207,18,1,40
2025-03-08,18,Herzblatt (Aua Aua),Mia Julia & Tream/iboii,17,10,6
2025-03-08,19,I Adore You,HUGEL X Topic X Arash Featuring Daecolm,15,12,14
2025-03-08,20,Mona Lisa Motion,ZAH1DE,-,20,1
2025-03-08,21,Angels Sippen Mashup,Der Heimer Featuring Symba & SDP,-,21,1
2025-03-08,22,Ordinary,Alex Warren,24,22,2
2025-03-08,23,Bad Dreams,Teddy Swims,19,18,8
2025-03-08,24,Beautiful Things,Benson Boone,16,1,48
2025-03-08,25,Dunya,Amo,-,25,1
2025-03-15,1,Wackelkontakt,Oimara,1,1,6
2025-03-15,2,Tau Mich Auf,Zartmann,3,2,5
2025-03-15,3,Wie?,AYLIVA,2,2,2
2025-03-15,4,APT.,ROSE & Bruno Mars,5,1,19
2025-03-15,5,Me & You,YAKARY,-,5,1
2025-03-15,6,A N X I E T Y,Sleepy Hallow Featuring Doechii,-,6,1
2025-03-15,7,Die With A Smile,Lady Gaga & Bruno Mars,7,4,20
2025-03-15,8,Wenn Der Himmel Weint,Bausa & Jazeek,4,4,2
2025-03-15,9,Abracadabra,Lady Gaga,12,4,4
2025-03-15,10,The Emptiness Machine,Linkin Park,14,1,25
2025-03-15,11,That's So True,Gracie Abrams,11,2,17
2025-03-15,12,Fata Morgana,Nina Chuba,10,2,16
2025-03-15,13,Northside,Sosa La M,6,6,2
2025-03-15,14,Baller,Abor & Tynna,-,14,1
2025-03-15,15,Sabia Que No,reezy,13,2,8
2025-03-15,16,Messy,Lola Young,15,7,10
2025-03-15,17,Nie Mehr Fastelovend,Querbeat,-,17,2
2025-03-15,18,Not Like Us,Kendrick Lamar,8,4,4
2025-03-15,19,Wunder,AYLIVA X Apache 207,17,1,41
2025-03-15,20,Herzblatt (Aua Aua),Mia Julia & Tream/iboii,18,10,7
2025-03-15,21,Show Me Love,WizTheMc,-,21,1
2025-03-15,22,Birds Of A Feather,Billie Eilish,16,6,26
2025-03-15,23,Kolsche Jung,Brings,-,23,1
2025-03-15,24,Ordinary,Alex Warren,22,22,3
2025-03-15,25,Mona Lisa Motion,ZAH1DE,20,20,2
2025-03-22,1,Wackelkontakt,Oimara,1,1,7
2025-03-22,2,Tau Mich Auf,Zartmann,2,2,6
2025-03-22,3,Wie?,AYLIVA,3,2,3
2025-03-22,4,APT.,ROSE & Bruno Mars,4,1,20
2025-03-22,5,Me & You,YAKARY,5,5,2
2025-03-22,6,Anxiety,Doechii,-,6,1
2025-03-22,7,Die With A Smile,Lady Gaga & Bruno Mars,7,4,21
2025-03-22,8,A N X I E T Y,Sleepy Hallow Featuring Doechii,6,6,2
2025-03-22,9,Abracadabra,Lady Gaga,9,4,5
2025-03-22,10,Show Me Love,WizTheMc,21,10,2
2025-03-22,11,The Emptiness Machine,Linkin Park,10,1,26
2025-03-22,12,That's So True,Gracie Abrams,11,2,18
2025-03-22,13,Sabia Que No,reezy,15,2,9
2025-03-22,14,Fata Morgana,Nina Chuba,12,2,17
2025-03-22,15,Messy,Lola Young,16,7,11
2025-03-22,16,Streit,makko & Miksu / Macloud,-,16,1
2025-03-22,17,Ordinary,Alex Warren,24,17,4
2025-03-22,18,Northside,Sosa La M,13,6,3
2025-03-22,19,Not Like Us,Kendrick Lamar,18,4,5
2025-03-22,20,Wenn Der Himmel Weint,Bausa & Jazeek,8,4,3
2025-03-22,21,Wunder,AYLIVA X Apache 207,19,1,42
2025-03-22,22,Private,Ufo361,-,22,1
2025-03-22,23,Ma Baby 2,Jazeek & Lune,-,23,1
2025-03-22,24,I Adore You,HUGEL X Topic X Arash Featuring Daecolm,-,12,15
2025-03-22,25,Mona Lisa Motion,ZAH1DE,25,20,3
2025-03-29,1,Wackelkontakt,Oimara,1,1,8
2025-03-29,2,Tau Mich Auf,Zartmann,2,2,7
2025-03-29,3,Jiggy,Filow & Ikkimel,-,3,1
2025-03-29,4,Wie?,AYLIVA,3,2,4
2025-03-29,5,APT.,ROSE & Bruno Mars,4,1,21
2025-03-29,6,Anxiety,Doechii,6,6,2
2025-03-29,7,Ordinary,Alex Warren,17,7,5
2025-03-29,8,Me & You,YAKARY,5,5,3
2025-03-29,9,Show Me Love,WizTheMc,10,9,3
2025-03-29,10,Die With A Smile,Lady Gaga & Bruno Mars,7,4,22
2025-03-29,11,Evil J0rdan,Playboi Carti,-,11,1
2025-03-29,12,Messy,Lola Young,15,7,12
2025-03-29,13,The Emptiness Machine,Linkin Park,11,1,27
2025-03-29,14,Streit,makko & Miksu / Macloud,16,14,2
2025-03-29,15,That's So True,Gracie Abrams,12,2,19
2025-03-29,16,Sabia Que No,reezy,13,2,10
2025-03-29,17,Fata Morgana,Nina Chuba,14,2,18
2025-03-29,18,Abracadabra,Lady Gaga,9,4,6
2025-03-29,19,Rather Lie,Playboi Carti & The Weeknd,-,19,1
2025-03-29,20,Wunder,AYLIVA X Apache 207,21,1,43
2025-03-29,21,Mona Lisa Motion,ZAH1DE,25,20,4
2025-03-29,22,I Adore You,HUGEL X Topic X Arash Featuring Daecolm,24,12,16
2025-03-29,23,Wunderschon,Zartmann,-,23,1
2025-03-29,24,Beautiful Things,Benson Boone,-,1,49
2025-03-29,25,A N X I E T Y,Sleepy Hallow Featuring Doechii,8,6,3
2025-04-05,1,Wackelkontakt,Oimara,1,1,9
2025-04-05,2,Tau Mich Auf,Zartmann,2,2,8
2025-04-05,3,APT.,ROSE & Bruno Mars,5,1,22
2025-04-05,4,Ordinary,Alex Warren,7,4,6
2025-04-05,5,Anxiety,Doechii,6,5,3
2025-04-05,6,Wie?,AYLIVA,4,2,5
2025-04-05,7,Jiggy,Filow & Ikkimel,3,3,2
2025-04-05,8,Show Me Love,WizTheMc,9,8,4
2025-04-05,9,Streit,makko & Miksu / Macloud,14,9,3
2025-04-05,10,Die With A Smile,Lady Gaga & Bruno Mars,10,4,23
2025-04-05,11,Sabia Que No,reezy,16,2,11
2025-04-05,12,Messy,Lola Young,12,7,13
2025-04-05,13,That's So True,Gracie Abrams,15,2,20
2025-04-05,14,The Emptiness Machine,Linkin Park,13,1,28
2025-04-05,15,Me & You,YAKARY,8,5,4
2025-04-05,16,Fata Morgana,Nina Chuba,17,2,19
2025-04-05,17,Abracadabra,Lady Gaga,18,4,7
2025-04-05,18,I Adore You,HUGEL X Topic X Arash Featuring Daecolm,22,12,17
2025-04-05,19,Mona Lisa Motion,ZAH1DE,21,19,5
2025-04-05,20,Wunder,AYLIVA X Apache 207,20,1,44
2025-04-05,21,Beautiful Things,Benson Boone,24,1,50
2025-04-05,22,Bad Dreams,Teddy Swims,-,18,9
2025-04-05,23,Vielleicht Vielleicht,MilleniumKid & JBS,-,23,1
2025-04-05,24,Birds Of A Feather,Billie Eilish,-,6,27
2025-04-05,25,The Days,CHRYSTAL,-,23,2
2025-04-12,1,Akon,Jazeek,-,1,1
2025-04-12,2,Tau Mich Auf,Zartmann,2,2,9
2025-04-12,3,Wackelkontakt,Oimara,1,1,10
2025-04-12,4,Ordinary,Alex Warren,4,4,7
2025-04-12,5,APT.,ROSE & Bruno Mars,3,1,23
2025-04-12,6,Anxiety,Doechii,5,5,4
2025-04-12,7,Crazyyy,Jazeek Featuring SAMIRA,-,7,1
2025-04-12,8,Wie?,AYLIVA,6,2,6
2025-04-12,9,Up From The Bottom,Linkin Park,-,9,1
2025-04-12,10,Show Me Love,WizTheMc,8,8,5
2025-04-12,11,Bissu Dumm ¿,Bonez MC & Nate57,-,11,1
2025-04-12,12,Streit,makko & Miksu / Macloud,9,9,4
2025-04-12,13,Sabia Que No,reezy,11,2,12
2025-04-12,14,Die With A Smile,Lady Gaga & Bruno Mars,10,4,24
2025-04-12,15,Jiggy,Filow & Ikkimel,7,3,3
2025-04-12,16,Messy,Lola Young,12,7,14
2025-04-12,17,The Emptiness Machine,Linkin Park,14,1,29
2025-04-12,18,Dein Mann Freestyle,benno!,-,18,1
2025-04-12,19,Abracadabra,Lady Gaga,17,4,8
2025-04-12,20,That's So True,Gracie Abrams,13,2,21
2025-04-12,21,Nur Ein Wort,Noah Kraus,-,21,1
2025-04-12,22,Fata Morgana,Nina Chuba,16,2,20
2025-04-12,23,I Adore You,HUGEL X Topic X Arash Featuring Daecolm,18,12,18
2025-04-12,24,4ever,YAKARY,-,24,1
2025-04-12,25,Ma Baby,Jazeek,-,3,14
2025-04-19,1,Akon,Jazeek,1,1,2
2025-04-19,2,Tau Mich Auf,Zartmann,2,2,10
2025-04-19,3,Wackelkontakt,Oimara,3,1,11
2025-04-19,4,Unsicher,Nina Chuba,-,4,1
2025-04-19,5,Ordinary,Alex Warren,4,4,8
2025-04-19,6,Aye,Nimo & Amo,-,6,1
2025-04-19,7,APT.,ROSE & Bruno Mars,5,1,24
2025-04-19,8,Show Me Love,WizTheMc,10,8,6
2025-04-19,9,Anxiety,Doechii,6,5,5
2025-04-19,10,Sabia Que No,reezy,13,2,13
2025-04-19,11,Rap,LACAZETTE,-,11,1
2025-04-19,12,Wie?,AYLIVA,8,2,7
2025-04-19,13,Azizam,Ed Sheeran,-,13,1
2025-04-19,14,Messy,Lola Young,16,7,15
2025-04-19,15,Die With A Smile,Lady Gaga & Bruno Mars,14,4,25
2025-04-19,16,Nur Ein Wort,Noah Kraus,21,16,2
2025-04-19,17,Streit,makko & Miksu / Macloud,12,9,5
2025-04-19,18,Schonhauser,Zartmann & Gustav,-,18,1
2025-04-19,19,Dein Mann Freestyle,benno!,18,18,2
2025-04-19,20,The Emptiness Machine,Linkin Park,17,1,30
2025-04-19,21,Jiggy,Filow & Ikkimel,15,3,4
2025-04-19,22,Abracadabra,Lady Gaga,19,4,9
2025-04-19,23,Fata Morgana,Nina Chuba,22,2,21
2025-04-19,24,That's So True,Gracie Abrams,20,2,22
2025-04-19,25,Up From The Bottom,Linkin Park,9,9,2
2025-04-26,1,Akon,Jazeek,1,1,3
2025-04-26,2,Tau Mich Auf,Zartmann,2,2,11
2025-04-26,3,Unsicher,Nina Chuba,4,3,2
2025-04-26,4,Wackelkontakt,Oimara,3,1,12
2025-04-26,5,Ordinary,Alex Warren,5,4,9
2025-04-26,6,Plug,Aymen,-,6,1
2025-04-26,7,APT.,ROSE & Bruno Mars,7,1,25
2025-04-26,8,Mona Lisa Motion,ZAH1DE,-,8,6
2025-04-26,9,Show Me Love,WizTheMc,8,8,7
2025-04-26,10,Chanelli,Luciano,-,10,1
2025-04-26,11,Anxiety,Doechii,9,5,6
2025-04-26,12,Aye,Nimo & Amo,6,6,2
2025-04-26,13,Messy,Lola Young,14,7,16
2025-04-26,14,Sabia Que No,reezy,10,2,14
2025-04-26,15,Die With A Smile,Lady Gaga & Bruno Mars,15,4,26
2025-04-26,16,Abracadabra,Lady Gaga,22,4,10
2025-04-26,17,Nur Ein Wort,Noah Kraus,16,16,3
2025-04-26,18,Azizam,Ed Sheeran,13,13,2
2025-04-26,19,Passo Bem Solto,ATLXS,-,19,1
2025-04-26,20,Wie?,AYLIVA,12,2,8
2025-04-26,21,Ohne Dich,Tream X KATI K X FiNCH,-,21,1
2025-04-26,22,The Emptiness Machine,Linkin Park,20,1,31
2025-04-26,23,Fata Morgana,Nina Chuba,23,2,22
2025-04-26,24,Dein Mann Freestyle,benno!,19,18,3
2025-04-26,25,Bissu Dumm ¿,Bonez MC & Nate57,-,11,2
2025-05-03,1,Tau Mich Auf,Zartmann,2,1,12
2025-05-03,2,Akon,Jazeek,1,1,4
2025-05-03,3,Bissu Dumm ¿,Bonez MC & Nate57,25,3,3
2025-05-03,4,Wackelkontakt,Oimara,4,1,13
2025-05-03,5,Unsicher,Nina Chuba,3,3,3
2025-05-03,6,Ordinary,Alex Warren,5,4,10
2025-05-03,7,Show Me Love,WizTheMc,9,7,8
2025-05-03,8,APT.,ROSE & Bruno Mars,7,1,26
2025-05-03,9,Plug,Aymen,6,6,2
2025-05-03,10,Mona Lisa Motion,ZAH1DE,8,8,7
2025-05-03,11,Anxiety,Doechii,11,5,7
2025-05-03,12,Messy,Lola Young,13,7,17
2025-05-03,13,Azizam,Ed Sheeran,18,13,3
2025-05-03,14,Abracadabra,Lady Gaga,16,4,11
2025-05-03,15,Passo Bem Solto,ATLXS,19,15,2
2025-05-03,16,Die With A Smile,Lady Gaga & Bruno Mars,15,4,27
2025-05-03,17,Sabia Que No,reezy,14,2,15
2025-05-03,18,That's So True,Gracie Abrams,-,2,23
2025-05-03,19,Nur Ein Wort,Noah Kraus,17,16,4
2025-05-03,20,Nachtschicht,Paul & Ikkimel,-,20,1
2025-05-03,21,I Adore You,HUGEL X Topic X Arash Featuring Daecolm,-,12,19
2025-05-03,22,The Emptiness Machine,Linkin Park,22,1,32
2025-05-03,23,Wie?,AYLIVA,20,2,9
2025-05-03,24,Fata Morgana,Nina Chuba,23,2,23
2025-05-03,25,Aye,Nimo & Amo,12,6,3
2025-05-10,1,Tau Mich Auf,Zartmann,1,1,13
2025-05-10,2,Akon,Jazeek,2,1,5
2025-05-10,3,Show Me Love,WizTheMc,7,3,9
2025-05-10,4,Wackelkontakt,Oimara,4,1,14
2025-05-10,5,Ordinary,Alex Warren,6,4,11
2025-05-10,6,Unsicher,Nina Chuba,5,3,4
2025-05-10,7,APT.,ROSE & Bruno Mars,8,1,27
2025-05-10,8,Plug,Aymen,9,6,3
2025-05-10,9,Schmerz,Dardan,-,9,1
2025-05-10,10,Mona Lisa Motion,ZAH1DE,10,8,8
2025-05-10,11,Bissu Dumm ¿,Bonez MC & Nate57,3,3,4
2025-05-10,12,CHO,LACAZETTE,-,12,1
2025-05-10,13,Messy,Lola Young,12,7,18
2025-05-10,14,Anxiety,Doechii,11,5,8
2025-05-10,15,Kichta Walk,Sosa La M,-,15,1
2025-05-10,16,Azizam,Ed Sheeran,13,13,4
2025-05-10,17,I Adore You,HUGEL X Topic X Arash Featuring Daecolm,21,12,20
2025-05-10,18,Passo Bem Solto,ATLXS,15,15,3
2025-05-10,19,Dein Mann Freestyle,benno!,-,18,4
2025-05-10,20,Abracadabra,Lady Gaga,14,4,12
2025-05-10,21,Sabia Que No,reezy,17,2,16
2025-05-10,22,Vielleicht Vielleicht,MilleniumKid & JBS,-,22,2
2025-05-10,23,The Emptiness Machine,Linkin Park,22,1,33
2025-05-10,24,Die With A Smile,Lady Gaga & Bruno Mars,16,4,28
2025-05-10,25,That's So True,Gracie Abrams,18,2,24
2025-05-17,1,Shabab(e)s Im VIP,PASHANIM,-,1,1
2025-05-17,2,Tau Mich Auf,Zartmann,1,1,14
2025-05-17,3,Akon,Jazeek,2,1,6
2025-05-17,4,bad bunnie$,Zsa Zsa,-,4,1
2025-05-17,5,Show Me Love,WizTheMc,3,3,10
2025-05-17,6,Ordinary,Alex Warren,5,4,12
2025-05-17,7,Geboren Um Zu Leben,Kontra K X NESS,-,7,1
2025-05-17,8,Wackelkontakt,Oimara,4,1,15
2025-05-17,9,2 Sitza,PASHANIM,-,9,1
2025-05-17,10,Unsicher,Nina Chuba,6,3,5
2025-05-17,11,APT.,ROSE & Bruno Mars,7,1,28
2025-05-17,12,Mona Lisa Motion,ZAH1DE,10,8,9
2025-05-17,13,Plug,Aymen,8,6,4
2025-05-17,14,Unlock,Luciano,-,14,1
2025-05-17,15,Wer Liebt Dich Jetzt,SANTOS & Shirin David,-,15,1
2025-05-17,16,Messy,Lola Young,13,7,19
2025-05-17,17,Anxiety,Doechii,14,5,9
2025-05-17,18,Abracadabra,Lady Gaga,20,4,13
2025-05-17,19,Bissu Dumm ¿,Bonez MC & Nate57,11,3,5
2025-05-17,20,Passo Bem Solto,ATLXS,18,15,4
2025-05-17,21,Sabia Que No,reezy,21,2,17
2025-05-17,22,I Adore You,HUGEL X Topic X Arash Featuring Daecolm,17,12,21
2025-05-17,23,Vielleicht Vielleicht,MilleniumKid & JBS,22,22,3
2025-05-17,24,Azizam,Ed Sheeran,16,13,5
2025-05-17,25,Schmerz,Dardan,9,9,2
2025-05-24,1,Shabab(e)s Im VIP,PASHANIM,1,1,2
2025-05-24,2,Tau Mich Auf,Zartmann,2,1,15
2025-05-24,3,Akon,Jazeek,3,1,7
2025-05-24,4,Ordinary,Alex Warren,6,4,13
2025-05-24,5,Show Me Love,WizTheMc,5,3,11
2025-05-24,6,bad bunnie$,Zsa Zsa,4,4,2
2025-05-24,7,Wackelkontakt,Oimara,8,1,16
2025-05-24,8,Geboren Um Zu Leben,Kontra K X NESS,7,7,2
2025-05-24,9,2 Sitza,PASHANIM,9,9,2
2025-05-24,10,APT.,ROSE & Bruno Mars,11,1,29
2025-05-24,11,Unsicher,Nina Chuba,10,3,6
2025-05-24,12,Buscape,Azet & Bobby Vandamme,-,12,1
2025-05-24,13,Borderline,Ely Oaks & LAVINIA,-,13,1
2025-05-24,14,Mona Lisa Motion,ZAH1DE,12,8,10
2025-05-24,15,Plug,Aymen,13,6,5
2025-05-24,16,Messy,Lola Young,16,7,20
2025-05-24,17,Anxiety,Doechii,17,5,10
2025-05-24,18,Abracadabra,Lady Gaga,18,4,14
2025-05-24,19,I Adore You,HUGEL X Topic X Arash Featuring Daecolm,22,12,22
2025-05-24,20,Passo Bem Solto,ATLXS,20,15,5
2025-05-24,21,Sabia Que No,reezy,21,2,18
2025-05-24,22,Azizam,Ed Sheeran,24,13,6
2025-05-24,23,25 Grad,"Gustav, Kasi & antonius",-,23,1
2025-05-24,24,The Emptiness Machine,Linkin Park,-,1,34
2025-05-24,25,Unlock,Luciano,14,14,2
2025-05-31,1,Shabab(e)s Im VIP,PASHANIM,1,1,3
2025-05-31,2,Connected,RAF Camora & reezy,-,2,1
2025-05-31,3,Baller,Abor & Tynna,-,3,2
2025-05-31,4,Tau Mich Auf,Zartmann,2,1,16
2025-05-31,5,Ordinary,Alex Warren,4,4,14
2025-05-31,6,Akon,Jazeek,3,1,8
2025-05-31,7,Show Me Love,WizTheMc,5,3,12
2025-05-31,8,Wackelkontakt,Oimara,7,1,17
2025-05-31,9,bad bunnie$,Zsa Zsa,6,4,3
2025-05-31,10,APT.,ROSE & Bruno Mars,10,1,30
2025-05-31,11,Geboren Um Zu Leben,Kontra K X NESS,8,7,3
2025-05-31,12,Espresso Macchiato,Tommy Cash,-,12,1
2025-05-31,13,Unsicher,Nina Chuba,11,3,7
2025-05-31,14,Wasted Love,JJ,-,14,1
2025-05-31,15,Buscape,Azet & Bobby Vandamme,12,12,2
2025-05-31,16,2 Sitza,PASHANIM,9,9,3
2025-05-31,17,Mona Lisa Motion,ZAH1DE,14,8,11
2025-05-31,18,Azizam,Ed Sheeran,22,13,7
2025-05-31,19,Plug,Aymen,15,6,6
2025-05-31,20,Sabia Que No,reezy,21,2,19
2025-05-31,21,Passo Bem Solto,ATLXS,20,15,6
2025-05-31,22,Shake It To The Max (Fly),"MOLIY, Silent Addy, Skillibeng & Shenseea",-,22,1
2025-05-31,23,Abracadabra,Lady Gaga,18,4,15
2025-05-31,24,The Emptiness Machine,Linkin Park,24,1,35
2025-05-31,25,Bara Bada Bastu,KAJ,-,25,1
2025-06-07,1,Shabab(e)s Im VIP,PASHANIM,1,1,4
2025-06-07,2,Ordinary,Alex Warren,5,2,15
2025-06-07,3,Tau Mich Auf,Zartmann,4,1,17
2025-06-07,4,Morgen,Apache 207,-,4,1
2025-06-07,5,Akon,Jazeek,6,1,9
2025-06-07,6,Wackelkontakt,Oimara,8,1,18
2025-06-07,7,Connected,RAF Camora & reezy,2,2,2
2025-06-07,8,Show Me Love,WizTheMc,7,3,13
2025-06-07,9,Baller,Abor & Tynna,3,3,3
2025-06-07,10,Geboren Um Zu Leben,Kontra K X NESS,11,7,4
2025-06-07,11,APT.,ROSE & Bruno Mars,10,1,31
2025-06-07,12,bad bunnie$,Zsa Zsa,9,4,4
2025-06-07,13,Zahide Did It Better,ZAH1DE,-,13,1
2025-06-07,14,Unsicher,Nina Chuba,13,3,8
2025-06-07,15,Mona Lisa Motion,ZAH1DE,17,8,12
2025-06-07,16,Espresso Macchiato,Tommy Cash,12,12,2
2025-06-07,17,Shake It To The Max (Fly),"MOLIY, Silent Addy, Skillibeng & Shenseea",22,17,2
2025-06-07,18,Azizam,Ed Sheeran,18,13,8
2025-06-07,19,Passo Bem Solto,ATLXS,21,15,7
2025-06-07,20,Buscape,Azet & Bobby Vandamme,15,12,3
2025-06-07,21,Plug,Aymen,19,6,7
2025-06-07,22,Abracadabra,Lady Gaga,23,4,16
2025-06-07,23,Messy,Lola Young,-,7,21
2025-06-07,24,10 Sommer,Shindy,-,24,1
2025-06-07,25,The Emptiness Machine,Linkin Park,24,1,36
2025-06-14,1,Wenn Das Liebe Ist,Nina Chuba,-,1,1
2025-06-14,2,Ordinary,Alex Warren,2,2,16
2025-06-14,3,Shabab(e)s Im VIP,PASHANIM,1,1,5
2025-06-14,4,Tau Mich Auf,Zartmann,3,1,18
2025-06-14,5,Akon,Jazeek,5,1,10
2025-06-14,6,Capri Sun,Aymen & Amo,-,6,1
2025-06-14,7,Show Me Love,WizTheMc,8,3,14
2025-06-14,8,Wackelkontakt,Oimara,6,1,19
2025-06-14,9,Connected,RAF Camora & reezy,7,2,3
2025-06-14,10,APT.,ROSE & Bruno Mars,11,1,32
2025-06-14,11,Shake It To The Max (Fly),"MOLIY, Silent Addy, Skillibeng & Shenseea",17,11,3
2025-06-14,12,Morgen,Apache 207,4,4,2
2025-06-14,13,Geboren Um Zu Leben,Kontra K X NESS,10,7,5
2025-06-14,14,Azizam,Ed Sheeran,18,13,9
2025-06-14,15,Unsicher,Nina Chuba,14,3,9
2025-06-14,16,Zahide Did It Better,ZAH1DE,13,13,2
2025-06-14,17,Top 10,Selim61 & PASHANIM,-,17,1
2025-06-14,18,bad bunnie$,Zsa Zsa,12,4,5
2025-06-14,19,Baller,Abor & Tynna,9,3,4
2025-06-14,20,Plug,Aymen,21,6,8
2025-06-14,21,PALERMO,Ski Aggu,-,21,1
2025-06-14,22,The Emptiness Machine,Linkin Park,25,1,37
2025-06-14,23,Mona Lisa Motion,ZAH1DE,15,8,13
2025-06-14,24,Passo Bem Solto,ATLXS,19,15,8
2025-06-14,25,Camilla,YUNG SAINT PAUL,-,25,1
2025-06-21,1,Ordinary,Alex Warren,2,1,17
2025-06-21,2,Shabab(e)s Im VIP,PASHANIM,3,1,6
2025-06-21,3,Tau Mich Auf,Zartmann,4,1,19
2025-06-21,4,Wenn Das Liebe Ist,Nina Chuba,1,1,2
2025-06-21,5,Tutto Bene,Dardan & Morad,-,5,1
2025-06-21,6,Akon,Jazeek,5,1,11
2025-06-21,7,Wackelkontakt,Oimara,8,1,20
2025-06-21,8,Show Me Love,WizTheMc,7,3,15
2025-06-21,9,Capri Sun,Aymen & Amo,6,6,2
2025-06-21,10,Shake It To The Max (Fly),"MOLIY, Silent Addy, Skillibeng & Shenseea",11,10,4
2025-06-21,11,APT.,ROSE & Bruno Mars,10,1,33
2025-06-21,12,Geboren Um Zu Leben,Kontra K X NESS,13,7,6
2025-06-21,13,Azizam,Ed Sheeran,14,13,10
2025-06-21,14,Bottega,RAF Camora,-,14,1
2025-06-21,15,Connected,RAF Camora & reezy,9,2,4
2025-06-21,16,Camilla,YUNG SAINT PAUL,25,16,2
2025-06-21,17,Keine Helden,Kontra K x SDP,-,17,1
2025-06-21,18,Vielleicht Vielleicht,MilleniumKid & JBS,-,18,4
2025-06-21,19,Drago Augustino,Tream/iboii,-,19,1
2025-06-21,20,The Emptiness Machine,Linkin Park,22,1,38
2025-06-21,21,Unsicher,Nina Chuba,15,3,10
2025-06-21,22,Manchild,Sabrina Carpenter,-,22,1
2025-06-21,23,Just Keep Watching,Tate McRae,-,23,1
2025-06-21,24,I Adore You,HUGEL X Topic X Arash Featuring Daecolm,-,12,23
2025-06-21,25,Schief In Jedem Chor,Kraftklub,-,25,1
2025-06-28,1,Ordinary,Alex Warren,1,1,18
2025-06-28,2,Tau Mich Auf,Zartmann,3,1,20
2025-06-28,3,Shabab(e)s Im VIP,PASHANIM,2,1,7
2025-06-28,4,Show Me Love,WizTheMc,8,3,16
2025-06-28,5,Akon,Jazeek,6,1,12
2025-06-28,6,Wenn Das Liebe Ist,Nina Chuba,4,1,3
2025-06-28,7,Capri Sun,Aymen & Amo,9,6,3
2025-06-28,8,Wackelkontakt,Oimara,7,1,21
2025-06-28,9,Shake It To The Max (Fly),"MOLIY, Silent Addy, Skillibeng & Shenseea",10,9,5
2025-06-28,10,Tutto Bene,Dardan & Morad,5,5,2
2025-06-28,11,Vielleicht Vielleicht,MilleniumKid & JBS,18,11,5
2025-06-28,12,APT.,ROSE & Bruno Mars,11,1,34
2025-06-28,13,Azizam,Ed Sheeran,13,13,11
2025-06-28,14,Camilla,YUNG SAINT PAUL,16,14,3
2025-06-28,15,I Adore You,HUGEL X Topic X Arash Featuring Daecolm,24,12,24
2025-06-28,16,Bella Napoli,Roy Bianco & Die Abbrunzati Boys,-,16,1
2025-06-28,17,The Emptiness Machine,Linkin Park,20,1,39
2025-06-28,18,Geboren Um Zu Leben,Kontra K X NESS,12,7,7
2025-06-28,19,Drago Augustino,Tream/iboii,19,19,2
2025-06-28,20,Move,"Adam Port, Stryv & Camila Cabello Feat. Malachiii",-,3,22
2025-06-28,21,Love Me Not,Ravyn Lenae,-,21,1
2025-06-28,22,GWHF,Apache 207,-,22,1
2025-06-28,23,Rock That Body,The Black Eyed Peas,-,23,1
2025-06-28,24,Connected,RAF Camora & reezy,15,2,5
2025-06-28,25,Coracao,Haaland936 & Amo,-,25,1
2025-07-05,1,Parfum,Jazeek & Shindy,-,1,1
2025-07-05,2,Alles Oder Nix,SSIO,-,2,1
2025-07-05,3,Ordinary,Alex Warren,1,1,19
2025-07-05,4,Tau Mich Auf,Zartmann,2,1,21
2025-07-05,5,Shabab(e)s Im VIP,PASHANIM,3,1,8
2025-07-05,6,Akon,Jazeek,5,1,13
2025-07-05,7,Show Me Love,WizTheMc,4,3,17
2025-07-05,8,Capri Sun,Aymen & Amo,7,6,4
2025-07-05,9,Wenn Das Liebe Ist,Nina Chuba,6,1,4
2025-07-05,10,Wackelkontakt,Oimara,8,1,22
2025-07-05,11,Vielleicht Vielleicht,MilleniumKid & JBS,11,11,6
2025-07-05,12,Trapper's Lullaby,reezy,-,12,1
2025-07-05,13,Shake It To The Max (Fly),"MOLIY, Silent Addy, Skillibeng & Shenseea",9,9,6
2025-07-05,14,APT.,ROSE & Bruno Mars,12,1,35
2025-07-05,15,Azizam,Ed Sheeran,13,13,12
2025-07-05,16,I Adore You,HUGEL X Topic X Arash Featuring Daecolm,15,12,25
2025-07-05,17,Rock That Body,The Black Eyed Peas,23,17,2
2025-07-05,18,Drago Augustino,Tream/iboii,19,18,3
2025-07-05,19,Bella Napoli,Roy Bianco & Die Abbrunzati Boys,16,16,2
2025-07-05,20,Camilla,YUNG SAINT PAUL,14,14,4
2025-07-05,21,Tutto Bene,Dardan & Morad,10,5,3
2025-07-05,22,Reggaeton,,-,22,1
2025-07-05,23,Love Me Not,Ravyn Lenae,21,21,2
2025-07-05,24,The Emptiness Machine,Linkin Park,17,1,40
2025-07-05,25,Move,"Adam Port, Stryv & Camila Cabello Feat. Malachiii",20,3,23
2025-07-12,1,Ordinary,Alex Warren,3,1,20
2025-07-12,2,Tau Mich Auf,Zartmann,4,1,22
2025-07-12,3,Parfum,Jazeek & Shindy,1,1,2
2025-07-12,4,Show Me Love,WizTheMc,7,3,18
2025-07-12,5,Akon,Jazeek,6,1,14
2025-07-12,6,Shabab(e)s Im VIP,PASHANIM,5,1,9
2025-07-12,7,Capri Sun,Aymen & Amo,8,6,5
2025-07-12,8,Vielleicht Vielleicht,MilleniumKid & JBS,11,8,7
2025-07-12,9,Wackelkontakt,Oimara,10,1,23
2025-07-12,10,Wenn Das Liebe Ist,Nina Chuba,9,1,5
2025-07-12,11,Rage Girl,Nina Chuba,-,11,1
2025-07-12,12,Azizam,Ed Sheeran,15,12,13
2025-07-12,13,Drago Augustino,Tream/iboii,18,13,4
2025-07-12,14,Shake It To The Max (Fly),"MOLIY, Silent Addy, Skillibeng & Shenseea",13,9,7
2025-07-12,15,Alles Oder Nix,SSIO,2,2,2
2025-07-12,16,I Adore You,HUGEL X Topic X Arash Featuring Daecolm,16,12,26
2025-07-12,17,APT.,ROSE & Bruno Mars,14,1,36
2025-07-12,18,Summer Baby,Azet & The Underdog Project,-,18,1
2025-07-12,19,Rock That Body,The Black Eyed Peas,17,17,3
2025-07-12,20,Bella Napoli,Roy Bianco & Die Abbrunzati Boys,19,16,3
2025-07-12,21,Love Me Not,Ravyn Lenae,23,21,3
2025-07-12,22,Camilla,YUNG SAINT PAUL,20,14,5
2025-07-12,23,Move,"Adam Port, Stryv & Camila Cabello Feat. Malachiii",25,3,24
2025-07-12,24,Golden,"HUNTR/X: EJAE, Audrey Nuna & REI AMI",-,24,1
2025-07-12,25,The Emptiness Machine,Linkin Park,24,1,41
2025-07-19,1,Jupiter,RAF Camora & Apache 207,-,1,1
2025-07-19,2,Ordinary,Alex Warren,1,1,21
2025-07-19,3,Tau Mich Auf,Zartmann,2,1,23
2025-07-19,4,Love All Night,Amo & Aymen,-,4,1
2025-07-19,5,Parfum,Jazeek & Shindy,3,1,3
2025-07-19,6,Show Me Love,WizTheMc,4,3,19
2025-07-19,7,Akon,Jazeek,5,1,15
2025-07-19,8,Golden,"HUNTR/X: EJAE, Audrey Nuna & REI AMI",24,8,2
2025-07-19,9,Shabab(e)s Im VIP,PASHANIM,6,1,10
2025-07-19,10,Hit One,Luciano,-,10,1
2025-07-19,11,Capri Sun,Aymen & Amo,7,6,6
2025-07-19,12,Wackelkontakt,Oimara,9,1,24
2025-07-19,13,Azizam,Ed Sheeran,12,12,14
2025-07-19,14,Camilla,YUNG SAINT PAUL,22,14,6
2025-07-19,15,APT.,ROSE & Bruno Mars,17,1,37
2025-07-19,16,Shake It To The Max (Fly),"MOLIY, Silent Addy, Skillibeng & Shenseea",14,9,8
2025-07-19,17,Vielleicht Vielleicht,MilleniumKid & JBS,8,8,8
2025-07-19,18,Love Me Not,Ravyn Lenae,21,18,4
2025-07-19,19,Drago Augustino,Tream/iboii,13,13,5
2025-07-19,20,I Adore You,HUGEL X Topic X Arash Featuring Daecolm,16,12,27
2025-07-19,21,Wenn Das Liebe Ist,Nina Chuba,10,1,6
2025-07-19,22,Rock That Body,The Black Eyed Peas,19,17,4
2025-07-19,23,Von Vorn,Nimo & KALIM,-,23,1
2025-07-19,24,Bella Napoli,Roy Bianco & Die Abbrunzati Boys,20,16,4
2025-07-19,25,Your Idol,"Saja Boys: Andrew Choi, Neckwav, Danny Chung, Kevin Woo & samUIL Lee",-,25,1
2025-07-26,1,Ordinary,Alex Warren,2,1,22
2025-07-26,2,Love All Night,Amo & Aymen,4,2,2
2025-07-26,3,Tau Mich Auf,Zartmann,3,1,24
2025-07-26,4,Golden,"HUNTR/X: EJAE, Audrey Nuna & REI AMI",8,4,3
2025-07-26,5,Baddest In Germany,Jazeek,-,5,1
2025-07-26,6,Jump,BLACKPINK,-,6,1
2025-07-26,7,Akon,Jazeek,7,1,16
2025-07-26,8,Show Me Love,WizTheMc,6,3,20
2025-07-26,9,Shabab(e)s Im VIP,PASHANIM,9,1,11
2025-07-26,10,Wackelkontakt,Oimara,12,1,25
2025-07-26,11,Vielleicht Vielleicht,MilleniumKid & JBS,17,8,9
2025-07-26,12,Capri Sun,Aymen & Amo,11,6,7
2025-07-26,13,Jupiter,RAF Camora & Apache 207,1,1,2
2025-07-26,14,APT.,ROSE & Bruno Mars,15,1,38
2025-07-26,15,Parfum,Jazeek & Shindy,5,1,4
2025-07-26,16,Love Me Not,Ravyn Lenae,18,16,5
2025-07-26,17,Azizam,Ed Sheeran,13,12,15
2025-07-26,18,Shake It To The Max (Fly),"MOLIY, Silent Addy, Skillibeng & Shenseea",16,9,9
2025-07-26,19,Daisies,Justin Bieber,-,19,1
2025-07-26,20,I Adore You,HUGEL X Topic X Arash Featuring Daecolm,20,12,28
2025-07-26,21,Your Idol,"Saja Boys: Andrew Choi, Neckwav, Danny Chung, Kevin Woo & samUIL Lee",25,21,2
2025-07-26,22,Camilla,YUNG SAINT PAUL,14,14,7
2025-07-26,23,Rock That Body,The Black Eyed Peas,22,17,5
2025-07-26,24,Drago Augustino,Tream/iboii,19,13,6
2025-07-26,25,BWL,SSIO,-,25,1
2025-08-02,1,Ordinary,Alex Warren,1,1,23
2025-08-02,2,Golden,"HUNTR/X: EJAE, Audrey Nuna & REI AMI",4,2,4
2025-08-02,3,Love All Night,Amo & Aymen,2,2,3
2025-08-02,4,Tau Mich Auf,Zartmann,3,1,25
2025-08-02,5,Vielleicht Vielleicht,MilleniumKid & JBS,11,5,10
2025-08-02,6,Akon,Jazeek,7,1,17
2025-08-02,7,Show Me Love,WizTheMc,8,3,21
2025-08-02,8,Eternity,Alex Warren,-,8,1
2025-08-02,9,Wackelkontakt,Oimara,10,1,26
2025-08-02,10,APT.,ROSE & Bruno Mars,14,1,39
2025-08-02,11,Capri Sun,Aymen & Amo,12,6,8
2025-08-02,12,Shabab(e)s Im VIP,PASHANIM,9,1,12
2025-08-02,13,Jump,BLACKPINK,6,6,2
2025-08-02,14,Love Me Not,Ravyn Lenae,16,14,6
2025-08-02,15,Baddest In Germany,Jazeek,5,5,2
2025-08-02,16,Your Idol,"Saja Boys: Andrew Choi, Neckwav, Danny Chung, Kevin Woo & samUIL Lee",21,16,3
2025-08-02,17,I Adore You,HUGEL X Topic X Arash Featuring Daecolm,20,12,29
2025-08-02,18,Bella Napoli,Roy Bianco & Die Abbrunzati Boys,-,16,5
2025-08-02,19,Azizam,Ed Sheeran,17,12,16
2025-08-02,20,How It's Done,"HUNTR/X: EJAE, Audrey Nuna & REI AMI",-,20,1
2025-08-02,21,Take My Mind,WizTheMc,-,21,1
2025-08-02,22,Shake It To The Max (Fly),"MOLIY, Silent Addy, Skillibeng & Shenseea",18,9,10
2025-08-02,23,Bei Dir,Jamule x RAF Camora,-,23,1
2025-08-02,24,Daisies,Justin Bieber,19,19,2
2025-08-02,25,Wenn Das Liebe Ist,Nina Chuba,-,1,7
2025-08-09,1,30 Mal Am Tag,Aymen & SIRA,-,1,1
2025-08-09,2,Golden,"HUNTR/X: EJAE, Audrey Nuna & REI AMI",2,2,5
2025-08-09,3,Ordinary,Alex Warren,1,1,24
2025-08-09,4,Tau Mich Auf,Zartmann,4,1,26
2025-08-09,5,Love All Night,Amo & Aymen,3,2,4
2025-08-09,6,Capri Sun,Aymen & Amo,11,6,9
2025-08-09,7,Wackelkontakt,Oimara,9,1,27
2025-08-09,8,Mann Muss,Apache 207,-,8,1
2025-08-09,9,Akon,Jazeek,6,1,18
2025-08-09,10,Vielleicht Vielleicht,MilleniumKid & JBS,5,5,11
2025-08-09,11,APT.,ROSE & Bruno Mars,10,1,40
2025-08-09,12,Show Me Love,WizTheMc,7,3,22
2025-08-09,13,Big Boy,Luciano,-,13,1
2025-08-09,14,Shabab(e)s Im VIP,PASHANIM,12,1,13
2025-08-09,15,Your Idol,"Saja Boys: Andrew Choi, Neckwav, Danny Chung, Kevin Woo & samUIL Lee",16,15,4
2025-08-09,16,Love Me Not,Ravyn Lenae,14,14,7
2025-08-09,17,How It's Done,"HUNTR/X: EJAE, Audrey Nuna & REI AMI",20,17,2
2025-08-09,18,Trapper's Lullaby,reezy,-,12,2
2025-08-09,19,Ucurum,MERO,-,19,1
2025-08-09,20,Bella Napoli,Roy Bianco & Die Abbrunzati Boys,18,16,6
2025-08-09,21,Jump,BLACKPINK,13,6,3
2025-08-09,22,I Adore You,HUGEL X Topic X Arash Featuring Daecolm,17,12,30
2025-08-09,23,Azizam,Ed Sheeran,19,12,17
2025-08-09,24,Antalya,Amo & Che Salah,-,24,1
2025-08-09,25,Soda Pop,"Saja Boys: Andrew Choi, Neckwav, Danny Chung, Kevin Woo & samUIL Lee",-,25,1
2025-08-16,1,Golden,"HUNTR/X: EJAE, Audrey Nuna & REI AMI",2,1,6
2025-08-16,2,30 Mal Am Tag,Aymen & SIRA,1,1,2
2025-08-16,3,Ordinary,Alex Warren,3,1,25
2025-08-16,4,Tau Mich Auf,Zartmann,4,1,27
2025-08-16,5,Love All Night,Amo & Aymen,5,2,5
2025-08-16,6,Show Me Love,WizTheMc,12,3,23
2025-08-16,7,Vielleicht Vielleicht,MilleniumKid & JBS,10,5,12
2025-08-16,8,Wackelkontakt,Oimara,7,1,28
2025-08-16,9,APT.,ROSE & Bruno Mars,11,1,41
2025-08-16,10,Your Idol,"Saja Boys: Andrew Choi, Neckwav, Danny Chung, Kevin Woo & samUIL Lee",15,10,5
2025-08-16,11,Capri Sun,Aymen & Amo,6,6,10
2025-08-16,12,Akon,Jazeek,9,1,19
2025-08-16,13,Shabab(e)s Im VIP,PASHANIM,14,1,14
2025-08-16,14,How It's Done,"HUNTR/X: EJAE, Audrey Nuna & REI AMI",17,14,3
2025-08-16,15,Love Me Not,Ravyn Lenae,16,14,8
2025-08-16,16,Soda Pop,"Saja Boys: Andrew Choi, Neckwav, Danny Chung, Kevin Woo & samUIL Lee",25,16,2
2025-08-16,17,Jump,BLACKPINK,21,6,4
2025-08-16,18,Bella Napoli,Roy Bianco & Die Abbrunzati Boys,20,16,7
2025-08-16,19,Trapper's Lullaby,reezy,18,12,3
2025-08-16,20,I Adore You,HUGEL X Topic X Arash Featuring Daecolm,22,12,31
2025-08-16,21,Back To Friends,sombr,-,21,1
2025-08-16,22,Azizam,Ed Sheeran,23,12,18
2025-08-16,23,Don't Judge,BILLA JOE & Shindy,-,23,1
2025-08-16,24,Takedown,"HUNTR/X: EJAE, Audrey Nuna & REI AMI",-,24,1
2025-08-16,25,What It Sounds Like,"HUNTR/X: EJAE, Audrey Nuna & REI AMI",-,25,1
2025-08-23,1,Golden,"HUNTR/X: EJAE, Audrey Nuna & REI AMI",1,1,7
2025-08-23,2,Ordinary,Alex Warren,3,1,26
2025-08-23,3,Ocean,RAF Camora & Ufo361,-,3,1
2025-08-23,4,30 Mal Am Tag,Aymen & SIRA,2,1,3
2025-08-23,5,Tau Mich Auf,Zartmann,4,1,28
2025-08-23,6,Show Me Love,WizTheMc,6,3,24
2025-08-23,7,Yerinde Dur,Sefo & Demet Akalin,-,7,1
2025-08-23,8,Love All Night,Amo & Aymen,5,2,6
2025-08-23,9,Vielleicht Vielleicht,MilleniumKid & JBS,7,5,13
2025-08-23,10,Sure Shots,Luciano & THIZZY52,-,10,1
2025-08-23,11,Wackelkontakt,Oimara,8,1,29
2025-08-23,12,Your Idol,"Saja Boys: Andrew Choi, Neckwav, Danny Chung, Kevin Woo & samUIL Lee",10,10,6
2025-08-23,13,I Adore You,HUGEL X Topic X Arash Featuring Daecolm,20,12,32
2025-08-23,14,Akon,Jazeek,12,1,20
2025-08-23,15,Bella Napoli,Roy Bianco & Die Abbrunzati Boys,18,15,8
2025-08-23,16,APT.,ROSE & Bruno Mars,9,1,42
2025-08-23,17,How It's Done,"HUNTR/X: EJAE, Audrey Nuna & REI AMI",14,14,4
2025-08-23,18,Capri Sun,Aymen & Amo,11,6,11
2025-08-23,19,Soda Pop,"Saja Boys: Andrew Choi, Neckwav, Danny Chung, Kevin Woo & samUIL Lee",16,16,3
2025-08-23,20,Love Me Not,Ravyn Lenae,15,14,9
2025-08-23,21,Trapper's Lullaby,reezy,19,12,4
2025-08-23,22,Shabab(e)s Im VIP,PASHANIM,13,1,15
2025-08-23,23,Azizam,Ed Sheeran,22,12,19
2025-08-23,24,Back To Friends,sombr,21,21,2
2025-08-23,25,Sexy Lady,Jazeek,-,25,1
2025-08-30,1,Golden,"HUNTR/X: EJAE, Audrey Nuna & REI AMI",1,1,8
2025-08-30,2,Ordinary,Alex Warren,2,1,27
2025-08-30,3,Fucked Up,Nina Chuba & makko,-,3,1
2025-08-30,4,Tau Mich Auf,Zartmann,5,1,29
2025-08-30,5,30 Mal Am Tag,Aymen & SIRA,4,1,4
2025-08-30,6,Show Me Love,WizTheMc,6,3,25
2025-08-30,7,Vielleicht Vielleicht,MilleniumKid & JBS,9,5,14
2025-08-30,8,So Heib,"Gustav, Paul & CRO",-,8,1
2025-08-30,9,Wolken,Apache 207,-,9,1
2025-08-30,10,Your Idol,"Saja Boys: Andrew Choi, Neckwav, Danny Chung, Kevin Woo & samUIL Lee",12,10,7
2025-08-30,11,Wackelkontakt,Oimara,11,1,30
2025-08-30,12,Love All Night,Amo & Aymen,8,2,7
2025-08-30,13,Sauvage,Luciano & Sosa La M,-,13,1
2025-08-30,14,Akon,Jazeek,14,1,21
2025-08-30,15,How It's Done,"HUNTR/X: EJAE, Audrey Nuna & REI AMI",17,14,5
2025-08-30,16,Soda Pop,"Saja Boys: Andrew Choi, Neckwav, Danny Chung, Kevin Woo & samUIL Lee",19,16,4
2025-08-30,17,Ocean,RAF Camora & Ufo361,3,3,2
2025-08-30,18,Yerinde Dur,Sefo & Demet Akalin,7,7,2
2025-08-30,19,APT.,ROSE & Bruno Mars,16,1,43
2025-08-30,20,I Adore You,HUGEL X Topic X Arash Featuring Daecolm,13,12,33
2025-08-30,21,No Broke Boys,Disco Lines & Tinashe,-,21,1
2025-08-30,22,Bella Napoli,Roy Bianco & Die Abbrunzati Boys,15,15,9
2025-08-30,23,Love Me Not,Ravyn Lenae,20,14,10
2025-08-30,24,Back To Friends,sombr,24,21,3
2025-08-30,25,Shabab(e)s Im VIP,PASHANIM,22,1,16
2025-09-06,1,Golden,"HUNTR/X: EJAE, Audrey Nuna & REI AMI",1,1,9
2025-09-06,2,Ordinary,Alex Warren,2,1,28
2025-09-06,3,Tau Mich Auf,Zartmann,4,1,30
2025-09-06,4,Fucked Up,Nina Chuba & makko,3,3,2
2025-09-06,5,30 Mal Am Tag,Aymen & SIRA,5,1,5
2025-09-06,6,CC&MO,Aymo: Aymen & Amo,-,6,1
2025-09-06,7,Show Me Love,WizTheMc,6,3,26
2025-09-06,8,How It's Done,"HUNTR/X: EJAE, Audrey Nuna & REI AMI",15,8,6
2025-09-06,9,Your Idol,"Saja Boys: Andrew Choi, Neckwav, Danny Chung, Kevin Woo & samUIL Lee",10,9,8
2025-09-06,10,Soda Pop,"Saja Boys: Andrew Choi, Neckwav, Danny Chung, Kevin Woo & samUIL Lee",16,10,5
2025-09-06,11,Vielleicht Vielleicht,MilleniumKid & JBS,7,5,15
2025-09-06,12,No Broke Boys,Disco Lines & Tinashe,21,12,2
2025-09-06,13,Love All Night,Amo & Aymen,12,2,8
2025-09-06,14,Wackelkontakt,Oimara,11,1,31
2025-09-06,15,Akon,Jazeek,14,1,22
2025-09-06,16,Whine (Badalada),Jazeek,-,16,1
2025-09-06,17,Takedown,"HUNTR/X: EJAE, Audrey Nuna & REI AMI",-,17,2
2025-09-06,18,Back To Friends,sombr,24,18,4
2025-09-06,19,What It Sounds Like,"HUNTR/X: EJAE, Audrey Nuna & REI AMI",-,19,2
2025-09-06,20,Love Me Not,Ravyn Lenae,23,14,11
2025-09-06,21,I Adore You,HUGEL X Topic X Arash Featuring Daecolm,20,12,34
2025-09-06,22,APT.,ROSE & Bruno Mars,19,1,44
2025-09-06,23,Shabab(e)s Im VIP,PASHANIM,25,1,17
2025-09-06,24,Yerinde Dur,Sefo & Demet Akalin,18,7,3
2025-09-06,25,Tanlines,benno!,-,25,1
2025-09-13,1,Golden,"HUNTR/X: EJAE, Audrey Nuna & REI AMI",1,1,10
2025-09-13,2,Ordinary,Alex Warren,2,1,29
2025-09-13,3,Tau Mich Auf,Zartmann,3,1,31
2025-09-13,4,How It's Done,"HUNTR/X: EJAE, Audrey Nuna & REI AMI",8,4,7
2025-09-13,5,Soda Pop,"Saja Boys: Andrew Choi, Neckwav, Danny Chung, Kevin Woo & samUIL Lee",10,5,6
2025-09-13,6,30 Mal Am Tag,Aymen & SIRA,5,1,6
2025-09-13,7,Your Idol,"Saja Boys: Andrew Choi, Neckwav, Danny Chung, Kevin Woo & samUIL Lee",9,7,9
2025-09-13,8,Ein Lied Fur Dich,Apache 207,-,8,1
2025-09-13,9,Vielleicht Vielleicht,MilleniumKid & JBS,11,5,16
2025-09-13,10,No Broke Boys,Disco Lines & Tinashe,12,10,3
2025-09-13,11,Show Me Love,WizTheMc,7,3,27
2025-09-13,12,Fucked Up,Nina Chuba & makko,4,3,3
2025-09-13,13,Akon,Jazeek,15,1,23
2025-09-13,14,What It Sounds Like,"HUNTR/X: EJAE, Audrey Nuna & REI AMI",19,14,3
2025-09-13,15,Love All Night,Amo & Aymen,13,2,9
2025-09-13,16,Takedown,"HUNTR/X: EJAE, Audrey Nuna & REI AMI",17,16,3
2025-09-13,17,Back To Friends,sombr,18,17,5
2025-09-13,18,Wackelkontakt,Oimara,14,1,32
2025-09-13,19,Tears,Sabrina Carpenter,-,19,1
2025-09-13,20,CC&MO,Aymo: Aymen & Amo,6,6,2
2025-09-13,21,I Adore You,HUGEL X Topic X Arash Featuring Daecolm,21,12,35
2025-09-13,22,APT.,ROSE & Bruno Mars,22,1,45
2025-09-13,23,Tanlines,benno!,25,23,2
2025-09-13,24,Shabab(e)s Im VIP,PASHANIM,23,1,18
2025-09-13,25,Simpel,Dardan,-,25,1
2025-09-20,1,Golden,"HUNTR/X: EJAE, Audrey Nuna & REI AMI",1,1,11
2025-09-20,2,Ordinary,Alex Warren,2,1,30
2025-09-20,3,Tau Mich Auf,Zartmann,3,1,32
2025-09-20,4,Vielleicht Vielleicht,MilleniumKid & JBS,9,4,17
2025-09-20,5,How It's Done,"HUNTR/X: EJAE, Audrey Nuna & REI AMI",4,4,8
2025-09-20,6,Soda Pop,"Saja Boys: Andrew Choi, Neckwav, Danny Chung, Kevin Woo & samUIL Lee",5,5,7
2025-09-20,7,Your Idol,"Saja Boys: Andrew Choi, Neckwav, Danny Chung, Kevin Woo & samUIL Lee",7,7,10
2025-09-20,8,Andere Niveau,Bobby Vandamme x 3robi,-,8,1
2025-09-20,9,No Broke Boys,Disco Lines & Tinashe,10,9,4
2025-09-20,10,3 Uhr Nachts,Nina Chuba,-,10,1
2025-09-20,11,Takedown,"HUNTR/X: EJAE, Audrey Nuna & REI AMI",16,11,4
2025-09-20,12,What It Sounds Like,"HUNTR/X: EJAE, Audrey Nuna & REI AMI",14,12,4
2025-09-20,13,Show Me Love,WizTheMc,11,3,28
2025-09-20,14,Back To Friends,sombr,17,14,6
2025-09-20,15,Akon,Jazeek,13,1,24
2025-09-20,16,30 Mal Am Tag,Aymen & SIRA,6,1,7
2025-09-20,17,Love All Night,Amo & Aymen,15,2,10
2025-09-20,18,Wackelkontakt,Oimara,18,1,33
2025-09-20,19,The Dead Dance,Lady Gaga,-,19,1
2025-09-20,20,Fucked Up,Nina Chuba & makko,12,3,4
2025-09-20,21,APT.,ROSE & Bruno Mars,22,1,46
2025-09-20,22,Shabab(e)s Im VIP,PASHANIM,24,1,19
2025-09-20,23,I Adore You,HUGEL X Topic X Arash Featuring Daecolm,21,12,36
2025-09-20,24,Love Me Not,Ravyn Lenae,-,14,12
2025-09-20,25,12 To 12,sombr,-,25,1
2025-09-27,1,Golden,"HUNTR/X: EJAE, Audrey Nuna & REI AMI",1,1,12
2025-09-27,2,erstersommerohnedich,PASHANIM,-,2,1
2025-09-27,3,Ordinary,Alex Warren,2,1,31
2025-09-27,4,Tau Mich Auf,Zartmann,3,1,33
2025-09-27,5,Vielleicht Vielleicht,MilleniumKid & JBS,4,4,18
2025-09-27,6,Daytona,Aymo: Aymen & Amo,-,6,1
2025-09-27,7,How It's Done,"HUNTR/X: EJAE, Audrey Nuna & REI AMI",5,4,9
2025-09-27,8,Soda Pop,"Saja Boys: Andrew Choi, Neckwav, Danny Chung, Kevin Woo & samUIL Lee",6,5,8
2025-09-27,9,No Broke Boys,Disco Lines & Tinashe,9,9,5
2025-09-27,10,Back To Friends,sombr,14,10,7
2025-09-27,11,Your Idol,"Saja Boys: Andrew Choi, Neckwav, Danny Chung, Kevin Woo & samUIL Lee",7,7,11
2025-09-27,12,Pole Position,Luciano,-,12,1
2025-09-27,13,Takedown,"HUNTR/X: EJAE, Audrey Nuna & REI AMI",11,11,5
2025-09-27,14,What It Sounds Like,"HUNTR/X: EJAE, Audrey Nuna & REI AMI",12,12,5
2025-09-27,15,Akon,Jazeek,15,1,25
2025-09-27,16,Andere Niveau,Bobby Vandamme x 3robi,8,8,2
2025-09-27,17,Wackelkontakt,Oimara,18,1,34
2025-09-27,18,Show Me Love,WizTheMc,13,3,29
2025-09-27,19,30 Mal Am Tag,Aymen & SIRA,16,1,8
2025-09-27,20,12 To 12,sombr,25,20,2
2025-09-27,21,Love All Night,Amo & Aymen,17,2,11
2025-09-27,22,Azizam,Ed Sheeran,-,12,20
2025-09-27,23,Shabab(e)s Im VIP,PASHANIM,22,1,20
2025-09-27,24,Immer,Jazeek x DYSTINCT,-,24,1
2025-09-27,25,Love Me Not,Ravyn Lenae,24,14,13
2025-10-04,1,Golden,"HUNTR/X: EJAE, Audrey Nuna & REI AMI",1,1,13
2025-10-04,2,Ordinary,Alex Warren,3,1,32
2025-10-04,3,erstersommerohnedich,PASHANIM,2,2,2
2025-10-04,4,Tau Mich Auf,Zartmann,4,1,34
2025-10-04,5,Vielleicht Vielleicht,MilleniumKid & JBS,5,4,19
2025-10-04,6,Soda Pop,"Saja Boys: Andrew Choi, Neckwav, Danny Chung, Kevin Woo & samUIL Lee",8,5,9
2025-10-04,7,How It's Done,"HUNTR/X: EJAE, Audrey Nuna & REI AMI",7,4,10
2025-10-04,8,No Broke Boys,Disco Lines & Tinashe,9,8,6
2025-10-04,9,Back To Friends,sombr,10,9,8
2025-10-04,10,Your Idol,"Saja Boys: Andrew Choi, Neckwav, Danny Chung, Kevin Woo & samUIL Lee",11,7,12
2025-10-04,11,Wackelkontakt,Oimara,17,1,35
2025-10-04,12,Akon,Jazeek,15,1,26
2025-10-04,13,What It Sounds Like,"HUNTR/X: EJAE, Audrey Nuna & REI AMI",14,12,6
2025-10-04,14,Takedown,"HUNTR/X: EJAE, Audrey Nuna & REI AMI",13,11,6
2025-10-04,15,Show Me Love,WizTheMc,18,3,30
2025-10-04,16,12 To 12,sombr,20,16,3
2025-10-04,17,Wenn Das Liebe Ist,Nina Chuba,-,1,8
2025-10-04,18,CCN,LACAZETTE x Bushido,-,18,1
2025-10-04,19,Fucked Up,Nina Chuba & makko,-,3,5
2025-10-04,20,3 Uhr Nachts,Nina Chuba,-,10,2
2025-10-04,21,Love All Night,Amo & Aymen,21,2,12
2025-10-04,22,Haagen Dazs,Sosa La M,-,22,1
2025-10-04,23,Syt,"Azet, Dhurata Dora & Dardan",-,23,1
2025-10-04,24,30 Mal Am Tag,Aymen & SIRA,19,1,9
2025-10-04,25,Pole Position,Luciano,12,12,2
2025-10-11,1,Golden,"HUNTR/X: EJAE, Audrey Nuna & REI AMI",1,1,14
2025-10-11,2,Ordinary,Alex Warren,2,1,33
2025-10-11,3,Tau Mich Auf,Zartmann,4,1,35
2025-10-11,4,No Broke Boys,Disco Lines & Tinashe,8,4,7
2025-10-11,5,Vielleicht Vielleicht,MilleniumKid & JBS,5,4,20
2025-10-11,6,erstersommerohnedich,PASHANIM,3,2,3
2025-10-11,7,Back To Friends,sombr,9,7,9
2025-10-11,8,Soda Pop,"Saja Boys: Andrew Choi, Neckwav, Danny Chung, Kevin Woo & samUIL Lee",6,5,10
2025-10-11,9,Wackelkontakt,Oimara,11,1,36
2025-10-11,10,Now Or Never,Tkandz,-,10,1
2025-10-11,11,Akon,Jazeek,12,1,27
2025-10-11,12,How It's Done,"HUNTR/X: EJAE, Audrey Nuna & REI AMI",7,4,11
2025-10-11,13,Your Idol,"Saja Boys: Andrew Choi, Neckwav, Danny Chung, Kevin Woo & samUIL Lee",10,7,13
2025-10-11,14,12 To 12,sombr,16,14,4
2025-10-11,15,What It Sounds Like,"HUNTR/X: EJAE, Audrey Nuna & REI AMI",13,12,7
2025-10-11,16,Tit For Tat,Tate McRae,-,16,1
2025-10-11,17,Takedown,"HUNTR/X: EJAE, Audrey Nuna & REI AMI",14,11,7
2025-10-11,18,Show Me Love,WizTheMc,15,3,31
2025-10-11,19,30 Mal Am Tag,Aymen & SIRA,24,1,10
2025-10-11,20,Love Me Not,Ravyn Lenae,-,14,14
2025-10-11,21,APT.,ROSE & Bruno Mars,-,1,47
2025-10-11,22,Love All Night,Amo & Aymen,21,2,13
2025-10-11,23,Verliebt In Mich,FAYAN & Dalton,-,23,1
2025-10-11,24,Shabab(e)s Im VIP,PASHANIM,-,1,21
2025-10-11,25,Undressed,sombr,-,25,1
2025-10-18,1,The Fate Of Ophelia,Taylor Swift,-,1,1
2025-10-18,2,Golden,"HUNTR/X: EJAE, Audrey Nuna & REI AMI",1,1,15
2025-10-18,3,Opalite,Taylor Swift,-,3,1
2025-10-18,4,Elizabeth Taylor,Taylor Swift,-,4,1
2025-10-18,5,Father Figure,Taylor Swift,-,5,1
2025-10-18,6,Cancelled!,Taylor Swift,-,6,1
2025-10-18,7,Eldest Daughter,Taylor Swift,-,7,1
2025-10-18,8,The Life Of A Showgirl,Taylor Swift Featuring Sabrina Carpenter,-,8,1
2025-10-18,9,Actually Romantic,Taylor Swift,-,9,1
2025-10-18,10,Wi$h Li$t,Taylor Swift,-,10,1
2025-10-18,11,Wood,Taylor Swift,-,11,1
2025-10-18,12,Ruin The Friendship,Taylor Swift,-,12,1
2025-10-18,13,Ordinary,Alex Warren,2,1,34
2025-10-18,14,Honey,Taylor Swift,-,14,1
2025-10-18,15,Now Or Never,Tkandz,10,10,2
2025-10-18,16,Tau Mich Auf,Zartmann,3,1,36
2025-10-18,17,No Broke Boys,Disco Lines & Tinashe,4,4,8
2025-10-18,18,Soda Pop,"Saja Boys: Andrew Choi, Neckwav, Danny Chung, Kevin Woo & samUIL Lee",8,5,11
2025-10-18,19,Vielleicht Vielleicht,MilleniumKid & JBS,5,4,21
2025-10-18,20,Back To Friends,sombr,7,7,10
2025-10-18,21,How It's Done,"HUNTR/X: EJAE, Audrey Nuna & REI AMI",12,4,12
2025-10-18,22,Wackelkontakt,Oimara,9,1,37
2025-10-18,23,Akon,Jazeek,11,1,28
2025-10-18,24,Your Idol,"Saja Boys: Andrew Choi, Neckwav, Danny Chung, Kevin Woo & samUIL Lee",13,7,14
2025-10-18,25,Takedown,"HUNTR/X: EJAE, Audrey Nuna & REI AMI",17,11,8
2025-10-25,1,The Fate Of Ophelia,Taylor Swift,1,1,2
2025-10-25,2,Golden,"HUNTR/X: EJAE, Audrey Nuna & REI AMI",2,1,16
2025-10-25,3,Opalite,Taylor Swift,3,3,2
2025-10-25,4,Ordinary,Alex Warren,13,1,35
2025-10-25,5,Elizabeth Taylor,Taylor Swift,4,4,2
2025-10-25,6,Now Or Never,Tkandz,15,6,3
2025-10-25,7,Bring Mich Nach Haus,Kontra K x SANTOS,-,7,1
2025-10-25,8,Father Figure,Taylor Swift,5,5,2
2025-10-25,9,No Broke Boys,Disco Lines & Tinashe,17,4,9
2025-10-25,10,Rucken An Rucken,Aymo: Aymen & Amo,-,10,1
2025-10-25,11,Vielleicht Vielleicht,MilleniumKid & JBS,19,4,22
2025-10-25,12,Tau Mich Auf,Zartmann,16,1,37
2025-10-25,13,Back To Friends,sombr,20,7,11
2025-10-25,14,Soda Pop,"Saja Boys: Andrew Choi, Neckwav, Danny Chung, Kevin Woo & samUIL Lee",18,5,12
2025-10-25,15,Uff Yaa,ZAH1DE,-,15,1
2025-10-25,16,Cancelled!,Taylor Swift,6,6,2
2025-10-25,17,The Life Of A Showgirl,Taylor Swift Featuring Sabrina Carpenter,8,8,2
2025-10-25,18,Akon,Jazeek,23,1,29
2025-10-25,19,Wackelkontakt,Oimara,22,1,38
2025-10-25,20,How It's Done,"HUNTR/X: EJAE, Audrey Nuna & REI AMI",21,4,13
2025-10-25,21,Eldest Daughter,Taylor Swift,7,7,2
2025-10-25,22,Verliebt In Mich,FAYAN & Dalton,-,22,2
2025-10-25,23,Your Idol,"Saja Boys: Andrew Choi, Neckwav, Danny Chung, Kevin Woo & samUIL Lee",24,7,15
2025-10-25,24,12 To 12,sombr,-,14,5
2025-10-25,25,Actually Romantic,Taylor Swift,9,9,2
2025-11-01,1,Golden,"HUNTR/X: EJAE, Audrey Nuna & REI AMI",2,1,17
2025-11-01,2,The Fate Of Ophelia,Taylor Swift,1,1,3
2025-11-01,3,Ordinary,Alex Warren,4,1,36
2025-11-01,4,Ma Shawty,Jazeek X Luciano,-,4,1
2025-11-01,5,Opalite,Taylor Swift,3,3,3
2025-11-01,6,Now Or Never,Tkandz,6,6,4
2025-11-01,7,No Broke Boys,Disco Lines & Tinashe,9,4,10
2025-11-01,8,Vielleicht Vielleicht,MilleniumKid & JBS,11,4,23
2025-11-01,9,Tau Mich Auf,Zartmann,12,1,38
2025-11-01,10,Back To Friends,sombr,13,7,12
2025-11-01,11,Elizabeth Taylor,Taylor Swift,5,4,3
2025-11-01,12,Where Is My Husband!,RAYE,-,12,1
2025-11-01,13,Wackelkontakt,Oimara,19,1,39
2025-11-01,14,Akon,Jazeek,18,1,30
2025-11-01,15,12 To 12,sombr,24,14,6
2025-11-01,16,Paparazzi,Sosa La M,-,16,1
2025-11-01,17,Sei Mal Ehrlich,SSIO,-,17,1
2025-11-01,18,Verliebt In Mich,FAYAN & Dalton,22,18,3
2025-11-01,19,Soda Pop,"Saja Boys: Andrew Choi, Neckwav, Danny Chung, Kevin Woo & samUIL Lee",14,5,13
2025-11-01,20,Rucken An Rucken,Aymo: Aymen & Amo,10,10,2
2025-11-01,21,How It's Done,"HUNTR/X: EJAE, Audrey Nuna & REI AMI",20,4,14
2025-11-01,22,Your Idol,"Saja Boys: Andrew Choi, Neckwav, Danny Chung, Kevin Woo & samUIL Lee",23,7,16
2025-11-01,23,Keine Option,SSIO & XATAR,-,23,1
2025-11-01,24,Uff Yaa,ZAH1DE,15,15,2
2025-11-01,25,Bring Mich Nach Haus,Kontra K x SANTOS,7,7,2
2025-11-08,1,The Fate Of Ophelia,Taylor Swift,2,1,4
2025-11-08,2,Golden,"HUNTR/X: EJAE, Audrey Nuna & REI AMI",1,1,18
2025-11-08,3,Ordinary,Alex Warren,3,1,37
2025-11-08,4,Bleib Stark,Aymo: Aymen & Amo,-,4,1
2025-11-08,5,Opalite,Taylor Swift,5,3,4
2025-11-08,6,No Broke Boys,Disco Lines & Tinashe,7,4,11
2025-11-08,7,Vielleicht Vielleicht,MilleniumKid & JBS,8,4,24
2025-11-08,8,Where Is My Husband!,RAYE,12,8,2
2025-11-08,9,Back To Friends,sombr,10,7,13
2025-11-08,10,Tau Mich Auf,Zartmann,9,1,39
2025-11-08,11,Now Or Never,Tkandz,6,6,5
2025-11-08,12,Brazilfunk Freestyle #2,Bobby Vandamme & Azet,-,12,1
2025-11-08,13,Wackelkontakt,Oimara,13,1,40
2025-11-08,14,Drama,Dardan,-,14,1
2025-11-08,15,12 To 12,sombr,15,14,7
2025-11-08,16,Verliebt In Mich,FAYAN & Dalton,18,16,4
2025-11-08,17,Akon,Jazeek,14,1,31
2025-11-08,18,Another Love,Tom Odell,-,7,45
2025-11-08,19,Soda Pop,"Saja Boys: Andrew Choi, Neckwav, Danny Chung, Kevin Woo & samUIL Lee",19,5,14
2025-11-08,20,APT.,ROSE & Bruno Mars,-,1,48
2025-11-08,21,Man I Need,Olivia Dean,-,21,1
2025-11-08,22,How It's Done,"HUNTR/X: EJAE, Audrey Nuna & REI AMI",21,4,15
2025-11-08,23,Elizabeth Taylor,Taylor Swift,11,4,4
2025-11-08,24,Your Idol,"Saja Boys: Andrew Choi, Neckwav, Danny Chung, Kevin Woo & samUIL Lee",22,7,17
2025-11-08,25,Ma Shawty,Jazeek X Luciano,4,4,2
2025-11-15,1,The Fate Of Ophelia,Taylor Swift,1,1,5
2025-11-15,2,Golden,"HUNTR/X: EJAE, Audrey Nuna & REI AMI",2,1,19
2025-11-15,3,069,Haftbefehl,-,3,1
2025-11-15,4,Back Outside,Sosa La M,-,4,1
2025-11-15,5,1999 Pt. 5 (Mainpark Baby),Haftbefehl,-,5,1
2025-11-15,6,Ordinary,Alex Warren,3,1,38
2025-11-15,7,1999 Pt. 6 (Gabriel vs. Luzifer),Haftbefehl,-,7,1
2025-11-15,8,"1999, Pt. III",Haftbefehl,-,8,1
2025-11-15,9,RADW,Haftbefehl,-,9,1
2025-11-15,10,Berghain,"ROSALIA, Bjork & Yves Tumor",-,10,1
2025-11-15,11,Chabos Wissen Wer der Babo Ist,Haftbefehl,-,11,1
2025-11-15,12,No Broke Boys,Disco Lines & Tinashe,6,4,12
2025-11-15,13,Where Is My Husband!,RAYE,8,8,3
2025-11-15,14,In Meinem Garten,Reinhard Mey,-,14,1
2025-11-15,15,Vielleicht Vielleicht,MilleniumKid & JBS,7,4,25
2025-11-15,16,Du Weisst Ich Weiss,Haftbefehl Featuring Capo,-,16,1
2025-11-15,17,Back To Friends,sombr,9,7,14
2025-11-15,18,To The Sky,Luciano & Tayc,-,18,1
2025-11-15,19,Opalite,Taylor Swift,5,3,5
2025-11-15,20,Tau Mich Auf,Zartmann,10,1,40
2025-11-15,21,Bleib Stark,Aymo: Aymen & Amo,4,4,2
2025-11-15,22,Akon,Jazeek,17,1,32
2025-11-15,23,Verliebt In Mich,FAYAN & Dalton,16,16,5
2025-11-15,24,Wackelkontakt,Oimara,13,1,41
2025-11-15,25,Man I Need,Olivia Dean,21,21,2
2025-11-22,1,The Fate Of Ophelia,Taylor Swift,1,1,6
2025-11-22,2,Golden,"HUNTR/X: EJAE, Audrey Nuna & REI AMI",2,1,20
2025-11-22,3,069,Haftbefehl,3,3,2
2025-11-22,4,"1999, Pt. III",Haftbefehl,8,4,2
2025-11-22,5,Ordinary,Alex Warren,6,1,39
2025-11-22,6,Back Outside,Sosa La M,4,4,2
2025-11-22,7,Ich Vermisse Dich.,Lune,-,7,1
2025-11-22,8,1999 Pt. 5 (Mainpark Baby),Haftbefehl,5,5,2
2025-11-22,9,1999 Pt. 6 (Gabriel vs. Luzifer),Haftbefehl,7,7,2
2025-11-22,10,Where Is My Husband!,RAYE,13,8,4
2025-11-22,11,No Broke Boys,Disco Lines & Tinashe,12,4,13
2025-11-22,12,Vielleicht Vielleicht,MilleniumKid & JBS,15,4,26
2025-11-22,13,RADW,Haftbefehl,9,9,2
2025-11-22,14,Back To Friends,sombr,17,7,15
2025-11-22,15,Berghain,"ROSALIA, Bjork & Yves Tumor",10,10,2
2025-11-22,16,Rede,ZAH1DE & benno!,-,16,1
2025-11-22,17,Chabos Wissen Wer der Babo Ist,Haftbefehl,11,11,2
2025-11-22,18,Tau Mich Auf,Zartmann,20,1,41
2025-11-22,19,Opalite,Taylor Swift,19,3,6
2025-11-22,20,All I Want For Christmas Is You,Mariah Carey,-,1,20
2025-11-22,21,Akon,Jazeek,22,1,33
2025-11-22,22,Man I Need,Olivia Dean,25,21,3
2025-11-22,23,In Meinem Garten,Reinhard Mey,14,14,2
2025-11-22,24,Another Love,Tom Odell,-,7,46
2025-11-22,25,Last Christmas,Wham!,-,1,21
2025-11-29,1,The Fate Of Ophelia,Taylor Swift,1,1,7
2025-11-29,2,Golden,"HUNTR/X: EJAE, Audrey Nuna & REI AMI",2,1,21
2025-11-29,3,All I Want For Christmas Is You,Mariah Carey,20,1,21
2025-11-29,4,Apres Ski,Tream X Gzuz,-,4,1
2025-11-29,5,Where Is My Husband!,RAYE,10,5,5
2025-11-29,6,Ordinary,Alex Warren,5,1,40
2025-11-29,7,Last Christmas,Wham!,25,1,22
2025-11-29,8,Ice,MERO & Amo,-,8,1
2025-11-29,9,069,Haftbefehl,3,3,3
2025-11-29,10,"1999, Pt. III",Haftbefehl,4,4,3
2025-11-29,11,Back Outside,Sosa La M,6,4,3
2025-11-29,12,Static Hish (BWL),KARDO X Aymen,-,12,1
2025-11-29,13,No Broke Boys,Disco Lines & Tinashe,11,4,14
2025-11-29,14,Vielleicht Vielleicht,MilleniumKid & JBS,12,4,27
2025-11-29,15,Tau Mich Auf,Zartmann,18,1,42
2025-11-29,16,Back To Friends,sombr,14,7,16
2025-11-29,17,Man I Need,Olivia Dean,22,17,4
2025-11-29,18,1999 Pt. 6 (Gabriel vs. Luzifer),Haftbefehl,9,7,3
2025-11-29,19,Rockin' Around The Christmas Tree,Brenda Lee,-,4,17
2025-11-29,20,1999 Pt. 5 (Mainpark Baby),Haftbefehl,8,5,3
2025-11-29,21,Akon,Jazeek,21,1,34
2025-11-29,22,RADW,Haftbefehl,13,9,3
2025-11-29,23,Merry Christmas Everyone,Shakin' Stevens,-,3,18
2025-11-29,24,Marbella,Jazeek,-,24,1
2025-11-29,25,Wackelkontakt,Oimara,-,1,42
2025-12-06,1,The Fate Of Ophelia,Taylor Swift,1,1,8
2025-12-06,2,All I Want For Christmas Is You,Mariah Carey,3,1,22
2025-12-06,3,Last Christmas,Wham!,7,1,23
2025-12-06,4,Golden,"HUNTR/X: EJAE, Audrey Nuna & REI AMI",2,1,22
2025-12-06,5,Rockin' Around The Christmas Tree,Brenda Lee,19,4,18
2025-12-06,6,Merry Christmas Everyone,Shakin' Stevens,23,3,19
2025-12-06,7,Santa Tell Me,Ariana Grande,-,7,17
2025-12-06,8,Where Is My Husband!,RAYE,5,5,6
2025-12-06,9,It's Beginning To Look A Lot Like Christmas,Michael Buble,-,7,16
2025-12-06,10,Snowman,Sia,-,6,17
2025-12-06,11,Ordinary,Alex Warren,6,1,41
2025-12-06,12,Wonderful Dream (Holidays Are Coming),Melanie Thornton,-,5,16
2025-12-06,13,Jingle Bell Rock,Bobby Helms,-,6,16
2025-12-06,14,Underneath The Tree,Kelly Clarkson,-,5,16
2025-12-06,15,Feliz Navidad,Jose Feliciano,-,5,15
2025-12-06,16,Driving Home For Christmas,Chris Rea,-,4,17
2025-12-06,17,In Der Weihnachtsbackerei,Rolf Zuckowski,-,17,6
2025-12-06,18,Let It Snow! Let It Snow! Let It Snow!,Dean Martin,-,4,16
2025-12-06,19,069,Haftbefehl,9,3,4
2025-12-06,20,Wonderful Christmastime,Paul McCartney,-,12,13
2025-12-06,21,Gegenteil Von Gluck,Paula Hartmann & Berq,-,21,1
2025-12-06,22,Merry Christmas,Ed Sheeran & Elton John,-,7,15
2025-12-06,23,Christmas In This Room,Vanessa Mai,-,23,1
2025-12-06,24,No Broke Boys,Disco Lines & Tinashe,13,4,15
2025-12-06,25,"1999, Pt. III",Haftbefehl,10,4,4
2025-12-13,1,All I Want For Christmas Is You,Mariah Carey,2,1,23
2025-12-13,2,Last Christmas,Wham!,3,1,24
2025-12-13,3,The Fate Of Ophelia,Taylor Swift,1,1,9
2025-12-13,4,Rockin' Around The Christmas Tree,Brenda Lee,5,4,19
2025-12-13,5,Merry Christmas Everyone,Shakin' Stevens,6,3,20
2025-12-13,6,Santa Tell Me,Ariana Grande,7,6,18
2025-12-13,7,Wonderful Dream (Holidays Are Coming),Melanie Thornton,12,5,17
2025-12-13,8,It's Beginning To Look A Lot Like Christmas,Michael Buble,9,7,17
2025-12-13,9,Driving Home For Christmas,Chris Rea,16,4,18
2025-12-13,10,Snowman,Sia,10,6,18
2025-12-13,11,Jingle Bell Rock,Bobby Helms,13,6,17
2025-12-13,12,Feliz Navidad,Jose Feliciano,15,5,16
2025-12-13,13,Underneath The Tree,Kelly Clarkson,14,5,17
2025-12-13,14,Golden,"HUNTR/X: EJAE, Audrey Nuna & REI AMI",4,1,23
2025-12-13,15,Wonderful Christmastime,Paul McCartney,20,12,14
2025-12-13,16,In Der Weihnachtsbackerei,Rolf Zuckowski,17,16,7
2025-12-13,17,Let It Snow! Let It Snow! Let It Snow!,Dean Martin,18,4,17
2025-12-13,18,Merry Christmas,Ed Sheeran & Elton John,22,7,16
2025-12-13,19,Weihnachten Mit Dir,Wincent Weiss,-,19,1
2025-12-13,20,Christmas In This Room,Vanessa Mai,23,20,2
2025-12-13,21,Do They Know It's Christmas?,Band Aid,-,17,11
2025-12-13,22,Thank God It's Christmas,Queen,-,17,6
2025-12-13,23,Happy Xmas (War Is Over),John & Yoko/The Plastic Ono Band With The Harlem Community Choir,-,10,13
2025-12-13,24,Mistletoe,Justin Bieber,-,21,4
2025-12-13,25,Where Is My Husband!,RAYE,8,5,7
2025-12-20,1,Last Christmas,Wham!,2,1,25
2025-12-20,2,All I Want For Christmas Is You,Mariah Carey,1,1,24
2025-12-20,3,Rockin' Around The Christmas Tree,Brenda Lee,4,3,20
2025-12-20,4,The Fate Of Ophelia,Taylor Swift,3,1,10
2025-12-20,5,Merry Christmas Everyone,Shakin' Stevens,5,3,21
2025-12-20,6,Driving Home For Christmas,Chris Rea,9,4,19
2025-12-20,7,Wonderful Dream (Holidays Are Coming),Melanie Thornton,7,5,18
2025-12-20,8,Santa Tell Me,Ariana Grande,6,6,19
2025-12-20,9,It's Beginning To Look A Lot Like Christmas,Michael Buble,8,7,18
2025-12-20,10,Feliz Navidad,Jose Feliciano,12,5,17
2025-12-20,11,Jingle Bell Rock,Bobby Helms,11,6,18
2025-12-20,12,Snowman,Sia,10,6,19
2025-12-20,13,Underneath The Tree,Kelly Clarkson,13,5,18
2025-12-20,14,The Best Side Of Life,Sarah Connor,-,14,1
2025-12-20,15,Wonderful Christmastime,Paul McCartney,15,12,15
2025-12-20,16,Let It Snow! Let It Snow! Let It Snow!,Dean Martin,17,4,18
2025-12-20,17,In Der Weihnachtsbackerei,Rolf Zuckowski,16,16,8
2025-12-20,18,Merry Christmas,Ed Sheeran & Elton John,18,7,17
2025-12-20,19,Golden,"HUNTR/X: EJAE, Audrey Nuna & REI AMI",14,1,24
2025-12-20,20,Thank God It's Christmas,Queen,22,17,7
2025-12-20,21,Do They Know It's Christmas?,Band Aid,21,17,12
2025-12-20,22,Christmas In This Room,Vanessa Mai,20,20,3
2025-12-20,23,Happy Xmas (War Is Over),John & Yoko/The Plastic Ono Band With The Harlem Community Choir,23,10,14
2025-12-20,24,Christmas Time,Bryan Adams,-,17,9
2025-12-20,25,Mistletoe,Justin Bieber,24,21,5
2025-12-27,1,Last Christmas,Wham!,1,1,26
2025-12-27,2,All I Want For Christmas Is You,Mariah Carey,2,1,25
2025-12-27,3,Rockin' Around The Christmas Tree,Brenda Lee,3,3,21
2025-12-27,4,Merry Christmas Everyone,Shakin' Stevens,5,3,22
2025-12-27,5,Wonderful Dream (Holidays Are Coming),Melanie Thornton,7,5,19
2025-12-27,6,Santa Tell Me,Ariana Grande,8,6,20
2025-12-27,7,The Fate Of Ophelia,Taylor Swift,4,1,11
2025-12-27,8,Feliz Navidad,Jose Feliciano,10,5,18
2025-12-27,9,It's Beginning To Look A Lot Like Christmas,Michael Buble,9,7,19
2025-12-27,10,Jingle Bell Rock,Bobby Helms,11,6,19
2025-12-27,11,Snowman,Sia,12,6,20
2025-12-27,12,Underneath The Tree,Kelly Clarkson,13,5,19
2025-12-27,13,Driving Home For Christmas,Chris Rea,6,4,20
2025-12-27,14,Wonderful Christmastime,Paul McCartney,15,12,16
2025-12-27,15,Let It Snow! Let It Snow! Let It Snow!,Dean Martin,16,4,19
2025-12-27,16,Merry Christmas,Ed Sheeran & Elton John,18,7,18
2025-12-27,17,Do They Know It's Christmas?,Band Aid,21,17,13
2025-12-27,18,Thank God It's Christmas,Queen,20,17,8
2025-12-27,19,Christmas In This Room,Vanessa Mai,22,19,4
2025-12-27,20,In Der Weihnachtsbackerei,Rolf Zuckowski,17,16,9
2025-12-27,21,Golden,"HUNTR/X: EJAE, Audrey Nuna & REI AMI",19,1,25
2025-12-27,22,Happy Xmas (War Is Over),John & Yoko/The Plastic Ono Band With The Harlem Community Choir,23,10,15
2025-12-27,23,Christmas Time,Bryan Adams,24,17,10
2025-12-27,24,Mistletoe,Justin Bieber,25,21,6
2025-12-27,25,My Only Wish (This Year),Britney Spears,-,23,3
2026-01-03,1,Last Christmas,Wham!,1,1,27
2026-01-03,2,Rockin' Around The Christmas Tree,Brenda Lee,3,2,22
2026-01-03,3,All I Want For Christmas Is You,Mariah Carey,2,1,26
2026-01-03,4,Merry Christmas Everyone,Shakin' Stevens,4,3,23
2026-01-03,5,It's Beginning To Look A Lot Like Christmas,Michael Buble,9,5,20
2026-01-03,6,Feliz Navidad,Jose Feliciano,8,5,19
2026-01-03,7,Wonderful Dream (Holidays Are Coming),Melanie Thornton,5,5,20
2026-01-03,8,Santa Tell Me,Ariana Grande,6,6,21
2026-01-03,9,Jingle Bell Rock,Bobby Helms,10,6,20
2026-01-03,10,Driving Home For Christmas,Chris Rea,13,4,21
2026-01-03,11,Underneath The Tree,Kelly Clarkson,12,5,20
2026-01-03,12,Snowman,Sia,11,6,21
2026-01-03,13,Wonderful Christmastime,Paul McCartney,14,12,17
2026-01-03,14,Let It Snow! Let It Snow! Let It Snow!,Dean Martin,15,4,20
2026-01-03,15,Thank God It's Christmas,Queen,18,15,9
2026-01-03,16,Merry Christmas,Ed Sheeran & Elton John,16,7,19
2026-01-03,17,Do They Know It's Christmas?,Band Aid,17,17,14
2026-01-03,18,Christmas Time,Bryan Adams,23,17,11
2026-01-03,19,Happy Xmas (War Is Over),John & Yoko/The Plastic Ono Band With The Harlem Community Choir,22,10,16
2026-01-03,20,Christmas In This Room,Vanessa Mai,19,19,5
2026-01-03,21,Mistletoe,Justin Bieber,24,21,7
2026-01-03,22,"Rudolph, The Red-Nosed Reindeer",Dean Martin,-,21,5
2026-01-03,23,My Only Wish (This Year),Britney Spears,25,23,4
2026-01-03,24,Hallelujah,Pentatonix,-,16,10
2026-01-03,25,Holly Jolly Christmas,Michael Buble,-,20,9
2026-01-10,1,The Fate Of Ophelia,Taylor Swift,-,1,12
2026-01-10,2,Golden,"HUNTR/X: EJAE, Audrey Nuna & REI AMI",-,1,26
2026-01-10,3,Where Is My Husband!,RAYE,-,3,8
2026-01-10,4,No Broke Boys,Disco Lines & Tinashe,-,4,16
2026-01-10,5,Ordinary,Alex Warren,-,1,42
2026-01-10,6,Lush Life,Zara Larsson,-,6,1
2026-01-10,7,Rockin' Around The Christmas Tree,Brenda Lee,2,2,23
2026-01-10,8,Last Christmas,Wham!,1,1,28
2026-01-10,9,All I Want For Christmas Is You,Mariah Carey,3,1,27
2026-01-10,10,Man I Need,Olivia Dean,-,10,5
2026-01-10,11,Tau Mich Auf,Zartmann,-,1,43
2026-01-10,12,End Of Beginning,Djo,-,5,8
2026-01-10,13,Wackelkontakt,Oimara,-,1,43
2026-01-10,14,Raindance,Dave & Tems,-,14,1
2026-01-10,15,APT.,ROSE & Bruno Mars,-,1,49
2026-01-10,16,Merry Christmas Everyone,Shakin' Stevens,4,3,24
2026-01-10,17,Vielleicht Vielleicht,MilleniumKid & JBS,-,4,28
2026-01-10,18,Mr. Brightside,The Killers,-,18,1
2026-01-10,19,Feliz Navidad,Jose Feliciano,6,5,20
2026-01-10,20,12 To 12,sombr,-,14,8
2026-01-10,21,Akon,Jazeek,-,1,35
2026-01-10,22,Snowman,Sia,12,6,22
2026-01-10,23,Every Breath You Take,The Police,-,23,1
2026-01-10,24,Wonderful Dream (Holidays Are Coming),Melanie Thornton,7,5,21
2026-01-10,25,Waterfalls,James Hype Featuring Sam Harper & Bobby Harvey,-,25,1
2026-01-17,1,The Fate Of Ophelia,Taylor Swift,1,1,13
2026-01-17,2,End Of Beginning,Djo,12,2,9
2026-01-17,3,Golden,"HUNTR/X: EJAE, Audrey Nuna & REI AMI",2,1,27
2026-01-17,4,Where Is My Husband!,RAYE,3,3,9
2026-01-17,5,Lush Life,Zara Larsson,6,5,2
2026-01-17,6,Ordinary,Alex Warren,5,1,43
2026-01-17,7,Raindance,Dave & Tems,14,7,2
2026-01-17,8,Man I Need,Olivia Dean,10,8,6
2026-01-17,9,No Broke Boys,Disco Lines & Tinashe,4,4,17
2026-01-17,10,LOV,LACAZETTE & Gwendo,-,10,1
2026-01-17,11,Tau Mich Auf,Zartmann,11,1,44
2026-01-17,12,Vielleicht Vielleicht,MilleniumKid & JBS,17,4,29
2026-01-17,13,12 To 12,sombr,20,13,9
2026-01-17,14,Every Breath You Take,The Police,23,14,2
2026-01-17,15,Akon,Jazeek,21,1,36
2026-01-17,16,Back To Friends,sombr,-,7,17
2026-01-17,17,Wackelkontakt,Oimara,13,1,44
2026-01-17,18,Mr. Brightside,The Killers,18,18,2
2026-01-17,19,Verliebt In Mich,FAYAN & Dalton,-,16,6
2026-01-17,20,Waterfalls,James Hype Featuring Sam Harper & Bobby Harvey,25,20,2
2026-01-17,21,Running Up That Hill (A Deal With God),Kate Bush,-,4,16
2026-01-17,22,No Batidao,ZXKAI & slxughter,-,22,1
2026-01-17,23,APT.,ROSE & Bruno Mars,15,1,50
2026-01-17,24,Turn The Lights Off,KATO Featuring Jon,-,24,1
2026-01-17,25,Tirol,DJ Otzi,-,25,1
2026-01-24,1,The Fate Of Ophelia,Taylor Swift,1,1,14
2026-01-24,2,End Of Beginning,Djo,2,2,10
2026-01-24,3,Golden,"HUNTR/X: EJAE, Audrey Nuna & REI AMI",3,1,28
2026-01-24,4,Where Is My Husband!,RAYE,4,3,10
2026-01-24,5,Lush Life,Zara Larsson,5,5,3
2026-01-24,6,Raindance,Dave & Tems,7,6,3
2026-01-24,7,Ordinary,Alex Warren,6,1,44
2026-01-24,8,Man I Need,Olivia Dean,8,8,7
2026-01-24,9,No Broke Boys,Disco Lines & Tinashe,9,4,18
2026-01-24,10,Tau Mich Auf,Zartmann,11,1,45
2026-01-24,11,Vielleicht Vielleicht,MilleniumKid & JBS,12,4,30
2026-01-24,12,LOV,LACAZETTE & Gwendo,10,10,2
2026-01-24,13,Tirol,DJ Otzi,25,13,2
2026-01-24,14,I Just Might,Bruno Mars,-,14,1
2026-01-24,15,12 To 12,sombr,13,13,10
2026-01-24,16,Back To Friends,sombr,16,7,18
2026-01-24,17,Papaoutai (Afro Soul),Chill77 & Unjaps,-,17,1
2026-01-24,18,Wackelkontakt,Oimara,17,1,45
2026-01-24,19,No Batidao,ZXKAI & slxughter,22,19,2
2026-01-24,20,Every Breath You Take,The Police,14,14,3
2026-01-24,21,I Run,HAVEN. Featuring Kaitlin Aragon,-,21,1
2026-01-24,22,Akon,Jazeek,15,1,37
2026-01-24,23,Verliebt In Mich,FAYAN & Dalton,19,16,7
2026-01-24,24,Mr. Brightside,The Killers,18,18,3
2026-01-24,25,APT.,ROSE & Bruno Mars,23,1,51
2026-01-31,1,The Fate Of Ophelia,Taylor Swift,1,1,15
2026-01-31,2,Miami,Jazeek & reezy,-,2,1
2026-01-31,3,End Of Beginning,Djo,2,2,11
2026-01-31,4,Lush Life,Zara Larsson,5,4,4
2026-01-31,5,Where Is My Husband!,RAYE,4,3,11
2026-01-31,6,Golden,"HUNTR/X: EJAE, Audrey Nuna & REI AMI",3,1,29
2026-01-31,7,Raindance,Dave & Tems,6,6,4
2026-01-31,8,Ordinary,Alex Warren,7,1,45
2026-01-31,9,No Broke Boys,Disco Lines & Tinashe,9,4,19
2026-01-31,10,Man I Need,Olivia Dean,8,8,8
2026-01-31,11,Syndrom Stockholm,oddworld & Haftbefehl,-,11,1
2026-01-31,12,XXX,LACAZETTE x Avie x Kolja Goldstein,-,12,1
2026-01-31,13,Papaoutai (Afro Soul),Chill77 & Unjaps,17,13,2
2026-01-31,14,Tau Mich Auf,Zartmann,10,1,46
2026-01-31,15,I Just Might,Bruno Mars,14,14,2
2026-01-31,16,Vielleicht Vielleicht,MilleniumKid & JBS,11,4,31
2026-01-31,17,No Batidao,ZXKAI & slxughter,19,17,3
2026-01-31,18,12 To 12,sombr,15,13,11
2026-01-31,19,Wackelkontakt,Oimara,18,1,46
2026-01-31,20,Tirol,DJ Otzi,13,13,3
2026-01-31,21,Back To Friends,sombr,16,7,19
2026-01-31,22,Akon,Jazeek,22,1,38
2026-01-31,23,Mr. Brightside,The Killers,24,18,4
2026-01-31,24,Verliebt In Mich,FAYAN & Dalton,23,16,8
2026-01-31,25,Piraten Muzik,Bonez MC,-,25,1
2026-02-07,1,The Fate Of Ophelia,Taylor Swift,1,1,16
2026-02-07,2,Lush Life,Zara Larsson,4,2,5
2026-02-07,3,Love U Anyway,benno!,-,3,1
2026-02-07,4,End Of Beginning,Djo,3,2,12
2026-02-07,5,Where Is My Husband!,RAYE,5,3,12
2026-02-07,6,Golden,"HUNTR/X: EJAE, Audrey Nuna & REI AMI",6,1,30
2026-02-07,7,Aperture,Harry Styles,-,7,1
2026-02-07,8,Miami,Jazeek & reezy,2,2,2
2026-02-07,9,Raindance,Dave & Tems,7,6,5
2026-02-07,10,Ordinary,Alex Warren,8,1,46
2026-02-07,11,Tau Mich Auf,Zartmann,14,1,47
2026-02-07,12,Man I Need,Olivia Dean,10,8,9
2026-02-07,13,No Batidao,ZXKAI & slxughter,17,13,4
2026-02-07,14,No Broke Boys,Disco Lines & Tinashe,9,4,20
2026-02-07,15,Wackelkontakt,Oimara,19,1,47
2026-02-07,16,Papaoutai (Afro Soul),Chill77 & Unjaps,13,13,3
2026-02-07,17,Vielleicht Vielleicht,MilleniumKid & JBS,16,4,32
2026-02-07,18,12 To 12,sombr,18,13,12
2026-02-07,19,I Just Might,Bruno Mars,15,14,3
2026-02-07,20,Back To Friends,sombr,21,7,20
2026-02-07,21,Tirol,DJ Otzi,20,13,4
2026-02-07,22,LOV,LACAZETTE & Gwendo,-,10,3
2026-02-07,23,(When You Gonna) Give It Up To Me,Sean Paul Featuring Keyshia Cole,-,23,1
2026-02-07,24,Akon,Jazeek,22,1,39
2026-02-07,25,Mr. Brightside,The Killers,23,18,5
2026-02-14,1,Renn!,AYLIVA,-,1,1
2026-02-14,2,The Fate Of Ophelia,Taylor Swift,1,1,17
2026-02-14,3,Lush Life,Zara Larsson,2,2,6
2026-02-14,4,Love U Anyway,benno!,3,3,2
2026-02-14,5,End Of Beginning,Djo,4,2,13
2026-02-14,6,Where Is My Husband!,RAYE,5,3,13
2026-02-14,7,Golden,"HUNTR/X: EJAE, Audrey Nuna & REI AMI",6,1,31
2026-02-14,8,Ordinary,Alex Warren,10,1,47
2026-02-14,9,Raindance,Dave & Tems,9,6,6
2026-02-14,10,Tau Mich Auf,Zartmann,11,1,48
2026-02-14,11,Man I Need,Olivia Dean,12,8,10
2026-02-14,12,Miami,Jazeek & reezy,8,2,3
2026-02-14,13,No Batidao,ZXKAI & slxughter,13,13,5
2026-02-14,14,No Broke Boys,Disco Lines & Tinashe,14,4,21
2026-02-14,15,Wackelkontakt,Oimara,15,1,48
2026-02-14,16,Aperture,Harry Styles,7,7,2
2026-02-14,17,12 To 12,sombr,18,13,13
2026-02-14,18,Papaoutai (Afro Soul),Chill77 & Unjaps,16,13,4
2026-02-14,19,Vielleicht Vielleicht,MilleniumKid & JBS,17,4,33
2026-02-14,20,Akon,Jazeek,24,1,40
2026-02-14,21,Back To Friends,sombr,20,7,21
2026-02-14,22,(When You Gonna) Give It Up To Me,Sean Paul Featuring Keyshia Cole,23,22,2
2026-02-14,23,Mr. Brightside,The Killers,25,18,6
2026-02-14,24,I Just Might,Bruno Mars,19,14,4
2026-02-14,25,Tirol,DJ Otzi,21,13,5
2026-02-21,1,DTMF,Bad Bunny,-,1,6
2026-02-21,2,Lush Life,Zara Larsson,3,2,7
2026-02-21,3,The Fate Of Ophelia,Taylor Swift,2,1,18
2026-02-21,4,Renn!,AYLIVA,1,1,2
2026-02-21,5,Karnevalsmaus,Druckluft,-,5,1
2026-02-21,6,Golden,"HUNTR/X: EJAE, Audrey Nuna & REI AMI",7,1,32
2026-02-21,7,Where Is My Husband!,RAYE,6,3,14
2026-02-21,8,Nuevayol,Bad Bunny,-,8,1
2026-02-21,9,Love U Anyway,benno!,4,3,3
2026-02-21,10,End Of Beginning,Djo,5,2,14
2026-02-21,11,Ordinary,Alex Warren,8,1,48
2026-02-21,12,Baile Inolvidable,Bad Bunny,-,12,1
2026-02-21,13,Wackelkontakt,Oimara,15,1,49
2026-02-21,14,Raindance,Dave & Tems,9,6,7
2026-02-21,15,Gute Laune,GroBstadtEngel,-,15,1
2026-02-21,16,Tau Mich Auf,Zartmann,10,1,49
2026-02-21,17,No Batidao,ZXKAI & slxughter,13,13,6
2026-02-21,18,Man I Need,Olivia Dean,11,8,11
2026-02-21,19,Rakete,Matropolis,-,19,1
2026-02-21,20,Titi Me Pregunto,Bad Bunny,-,20,1
2026-02-21,21,EOO,Bad Bunny,-,21,1
2026-02-21,22,No Broke Boys,Disco Lines & Tinashe,14,4,22
2026-02-21,23,Baby Bell,Breitner,-,23,1
2026-02-21,24,Opalite,Taylor Swift,-,3,7
2026-02-21,25,Miami,Jazeek & reezy,12,2,4
2026-02-28,1,Karnevalsmaus,Druckluft,5,1,2
2026-02-28,2,Lush Life,Zara Larsson,2,2,8
2026-02-28,3,DTMF,Bad Bunny,1,1,7
2026-02-28,4,Gute Laune,GroBstadtEngel,15,4,2
2026-02-28,5,The Fate Of Ophelia,Taylor Swift,3,1,19
2026-02-28,6,Wackelkontakt,Oimara,13,1,50
2026-02-28,7,Golden,"HUNTR/X: EJAE, Audrey Nuna & REI AMI",6,1,33
2026-02-28,8,Where Is My Husband!,RAYE,7,3,15
2026-02-28,9,Baby Bell,Breitner,23,9,2
2026-02-28,10,End Of Beginning,Djo,10,2,15
2026-02-28,11,Rakete,Matropolis,19,11,2
2026-02-28,12,Renn!,AYLIVA,4,1,3
2026-02-28,13,Ordinary,Alex Warren,11,1,49
2026-02-28,14,Love U Anyway,benno!,9,3,4
2026-02-28,15,Titi Me Pregunto,Bad Bunny,20,15,2
2026-02-28,16,Nuevayol,Bad Bunny,8,8,2
2026-02-28,17,Raindance,Dave & Tems,14,6,8
2026-02-28,18,No Batidao,ZXKAI & slxughter,17,13,7
2026-02-28,19,Tau Mich Auf,Zartmann,16,1,50
2026-02-28,20,UZI,LACAZETTE x Gzuz,-,20,1
2026-02-28,21,Nie Mehr Fastelovend,Querbeat,-,17,3
2026-02-28,22,Man I Need,Olivia Dean,18,8,12
2026-02-28,23,Nur Mailbox,MERO & Aymen,-,23,1
2026-02-28,24,Baile Inolvidable,Bad Bunny,12,12,2
2026-02-28,25,Kolsche Jung,Brings,-,23,2
2026-03-07,1,Lush Life,Zara Larsson,2,1,9
2026-03-07,2,The Fate Of Ophelia,Taylor Swift,5,1,20
2026-03-07,3,DTMF,Bad Bunny,3,1,8
2026-03-07,4,Where Is My Husband!,RAYE,8,3,16
2026-03-07,5,Golden,"HUNTR/X: EJAE, Audrey Nuna & REI AMI",7,1,34
2026-03-07,6,End Of Beginning,Djo,10,2,16
2026-03-07,7,Love U Anyway,benno!,14,3,5
2026-03-07,8,Ordinary,Alex Warren,13,1,50
2026-03-07,9,Raindance,Dave & Tems,17,6,9
2026-03-07,10,Renn!,AYLIVA,12,1,4
2026-03-07,11,No Batidao,ZXKAI & slxughter,18,11,8
2026-03-07,12,Tau Mich Auf,Zartmann,19,1,51
2026-03-07,13,Man I Need,Olivia Dean,22,8,13
2026-03-07,14,Titi Me Pregunto,Bad Bunny,15,14,3
2026-03-07,15,No Broke Boys,Disco Lines & Tinashe,-,4,23
2026-03-07,16,Gute Laune,GroBstadtEngel,4,4,3
2026-03-07,17,Stateside,PinkPantheress With Zara Larsson,-,17,1
2026-03-07,18,Mr. Brightside,The Killers,-,18,7
2026-03-07,19,Vielleicht Vielleicht,MilleniumKid & JBS,-,4,34
2026-03-07,20,Babydoll,Dominic Fike,-,20,1
2026-03-07,21,Nuevayol,Bad Bunny,16,8,3
2026-03-07,22,Wackelkontakt,Oimara,6,1,51
2026-03-07,23,(When You Gonna) Give It Up To Me,Sean Paul Featuring Keyshia Cole,-,22,3
2026-03-07,24,Opalite,Taylor Swift,-,3,8
2026-03-07,25,12 To 12,sombr,-,13,14
2026-03-14,1,Lush Life,Zara Larsson,1,1,10
2026-03-14,2,The Fate Of Ophelia,Taylor Swift,2,1,21
2026-03-14,3,Fever Dream,Alex Warren,-,3,1
2026-03-14,4,Where Is My Husband!,RAYE,4,3,17
2026-03-14,5,DTMF,Bad Bunny,3,1,9
2026-03-14,6,Golden,"HUNTR/X: EJAE, Audrey Nuna & REI AMI",5,1,35
2026-03-14,7,Ordinary,Alex Warren,8,1,51
2026-03-14,8,Stateside,PinkPantheress With Zara Larsson,17,8,2
2026-03-14,9,Love U Anyway,benno!,7,3,6
2026-03-14,10,End Of Beginning,Djo,6,2,17
2026-03-14,11,Raindance,Dave & Tems,9,6,10
2026-03-14,12,Tau Mich Auf,Zartmann,12,1,52
2026-03-14,13,Babydoll,Dominic Fike,20,13,2
2026-03-14,14,No Batidao,ZXKAI & slxughter,11,11,9
2026-03-14,15,White Keys,Dominic Fike,-,15,1
2026-03-14,16,Renn!,AYLIVA,10,1,5
2026-03-14,17,Man I Need,Olivia Dean,13,8,14
2026-03-14,18,No Broke Boys,Disco Lines & Tinashe,15,4,24
2026-03-14,19,Opalite,Taylor Swift,24,3,9
2026-03-14,20,(When You Gonna) Give It Up To Me,Sean Paul Featuring Keyshia Cole,23,20,4
2026-03-14,21,Vielleicht Vielleicht,MilleniumKid & JBS,19,4,35
2026-03-14,22,Mr. Brightside,The Killers,18,18,8
2026-03-14,23,I Just Might,Bruno Mars,-,14,5
2026-03-14,24,12 To 12,sombr,25,13,15
2026-03-14,25,Titi Me Pregunto,Bad Bunny,14,14,4
2026-03-21,1,CDY,LACAZETTE x Jazeek,-,1,1
2026-03-21,2,Lush Life,Zara Larsson,1,1,11
2026-03-21,3,Where Is My Husband!,RAYE,4,3,18
2026-03-21,4,The Fate Of Ophelia,Taylor Swift,2,1,22
2026-03-21,5,White Keys,Dominic Fike,15,5,2
2026-03-21,6,American Girls,Harry Styles,-,6,1
2026-03-21,7,Babydoll,Dominic Fike,13,7,3
2026-03-21,8,Ordinary,Alex Warren,7,1,52
2026-03-21,9,Golden,"HUNTR/X: EJAE, Audrey Nuna & REI AMI",6,1,36
2026-03-21,10,Stateside,PinkPantheress With Zara Larsson,8,8,3
2026-03-21,11,End Of Beginning,Djo,10,2,18
2026-03-21,12,Fever Dream,Alex Warren,3,3,2
2026-03-21,13,DTMF,Bad Bunny,5,1,10
2026-03-21,14,No Batidao,ZXKAI & slxughter,14,11,10
2026-03-21,15,Raindance,Dave & Tems,11,6,11
2026-03-21,16,Love U Anyway,benno!,9,3,7
2026-03-21,17,Tau Mich Auf,Zartmann,12,1,53
2026-03-21,18,Darling,marli & Philemon,-,18,1
2026-03-21,19,Man I Need,Olivia Dean,17,8,15
2026-03-21,20,(When You Gonna) Give It Up To Me,Sean Paul Featuring Keyshia Cole,20,20,5
2026-03-21,21,Vielleicht Vielleicht,MilleniumKid & JBS,21,4,36
2026-03-21,22,No Broke Boys,Disco Lines & Tinashe,18,4,25
2026-03-21,23,Aperture,Harry Styles,-,7,3
2026-03-21,24,Mr. Brightside,The Killers,22,18,9
2026-03-21,25,Opalite,Taylor Swift,19,3,10
2026-03-28,1,CDY,LACAZETTE x Jazeek,1,1,2
2026-03-28,2,Lush Life,Zara Larsson,2,1,12
2026-03-28,3,Babydoll,Dominic Fike,7,3,4
2026-03-28,4,White Keys,Dominic Fike,5,4,3
2026-03-28,5,The Fate Of Ophelia,Taylor Swift,4,1,23
2026-03-28,6,Where Is My Husband!,RAYE,3,3,19
2026-03-28,7,Golden,"HUNTR/X: EJAE, Audrey Nuna & REI AMI",9,1,37
2026-03-28,8,Ordinary,Alex Warren,8,1,53
2026-03-28,9,No Batidao,ZXKAI & slxughter,14,9,11
2026-03-28,10,Stateside,PinkPantheress With Zara Larsson,10,8,4
2026-03-28,11,End Of Beginning,Djo,11,2,19
2026-03-28,12,Darling,marli & Philemon,18,12,2
2026-03-28,13,Dracula,Tame Impala & JENNIE,-,13,1
2026-03-28,14,Raindance,Dave & Tems,15,6,12
2026-03-28,15,Fever Dream,Alex Warren,12,3,3
2026-03-28,16,American Girls,Harry Styles,6,6,2
2026-03-28,17,DTMF,Bad Bunny,13,1,11
2026-03-28,18,Tau Mich Auf,Zartmann,17,1,54
2026-03-28,19,(When You Gonna) Give It Up To Me,Sean Paul Featuring Keyshia Cole,20,19,6
2026-03-28,20,Love U Anyway,benno!,16,3,8
2026-03-28,21,Man I Need,Olivia Dean,19,8,16
2026-03-28,22,Vielleicht Vielleicht,MilleniumKid & JBS,21,4,37
2026-03-28,23,Xalaz,YC,-,23,1
2026-03-28,24,Mr. Brightside,The Killers,24,18,10
2026-03-28,25,Opalite,Taylor Swift,25,3,11
2026-04-04,1,Lush Life,Zara Larsson,2,1,13
2026-04-04,2,Babydoll,Dominic Fike,3,2,5
2026-04-04,3,CDY,LACAZETTE x Jazeek,1,1,3
2026-04-04,4,White Keys,Dominic Fike,4,4,4
2026-04-04,5,The Fate Of Ophelia,Taylor Swift,5,1,24
2026-04-04,6,Where Is My Husband!,RAYE,6,3,20
2026-04-04,7,Dracula,Tame Impala & JENNIE,13,7,2
2026-04-04,8,Golden,"HUNTR/X: EJAE, Audrey Nuna & REI AMI",7,1,38
2026-04-04,9,Swim,BTS,-,9,1
2026-04-04,10,No Batidao,ZXKAI & slxughter,9,9,12
2026-04-04,11,Ordinary,Alex Warren,8,1,54
2026-04-04,12,Darling,marli & Philemon,12,12,3
2026-04-04,13,Raindance,Dave & Tems,14,6,13
2026-04-04,14,End Of Beginning,Djo,11,2,20
2026-04-04,15,Stateside,PinkPantheress With Zara Larsson,10,8,5
2026-04-04,16,Fever Dream,Alex Warren,15,3,4
2026-04-04,17,Blessed,Jazeek,-,17,1
2026-04-04,18,Mach Papier,RAF Camora & Dardan,-,18,1
2026-04-04,19,Tau Mich Auf,Zartmann,18,1,55
2026-04-04,20,Man I Need,Olivia Dean,21,8,17
2026-04-04,21,Mr. Brightside,The Killers,24,18,11
2026-04-04,22,Love U Anyway,benno!,20,3,9
2026-04-04,23,(When You Gonna) Give It Up To Me,Sean Paul Featuring Keyshia Cole,19,19,7
2026-04-04,24,Body To Body,BTS,-,24,1
2026-04-04,25,Vielleicht Vielleicht,MilleniumKid & JBS,22,4,38
2026-04-11,1,Lush Life,Zara Larsson,1,1,14
2026-04-11,2,Babydoll,Dominic Fike,2,2,6
2026-04-11,3,Que Pasa,Aymo: Aymen & Amo,-,3,1
2026-04-11,4,Dracula,Tame Impala & JENNIE,7,4,3
2026-04-11,5,Where Is My Husband!,RAYE,6,3,21
2026-04-11,6,The Fate Of Ophelia,Taylor Swift,5,1,25
2026-04-11,7,White Keys,Dominic Fike,4,4,5
2026-04-11,8,No Batidao,ZXKAI & slxughter,10,8,13
2026-04-11,9,Swim,BTS,9,9,2
2026-04-11,10,Golden,"HUNTR/X: EJAE, Audrey Nuna & REI AMI",8,1,39
2026-04-11,11,Ordinary,Alex Warren,11,1,55
2026-04-11,12,Darling,marli & Philemon,12,12,4
2026-04-11,13,CDY,LACAZETTE x Jazeek,3,1,4
2026-04-11,14,TOX,LACAZETTE x Samra x Venti,-,14,1
2026-04-11,15,Stateside,PinkPantheress With Zara Larsson,15,8,6
2026-04-11,16,Raindance,Dave & Tems,13,6,14
2026-04-11,17,End Of Beginning,Djo,14,2,21
2026-04-11,18,Benzin,Mucco,-,18,1
2026-04-11,19,Fever Dream,Alex Warren,16,3,5
2026-04-11,20,(When You Gonna) Give It Up To Me,Sean Paul Featuring Keyshia Cole,23,19,8
2026-04-11,21,Mr. Brightside,The Killers,21,18,12
2026-04-11,22,Love U Anyway,benno!,22,3,10
2026-04-11,23,Tau Mich Auf,Zartmann,19,1,56
2026-04-11,24,Man I Need,Olivia Dean,20,8,18
2026-04-11,25,Vielleicht Vielleicht,MilleniumKid & JBS,25,4,39
2026-04-18,1,Lush Life,Zara Larsson,1,1,15
2026-04-18,2,Babydoll,Dominic Fike,2,2,7
2026-04-18,3,Dracula,Tame Impala & JENNIE,4,3,4
2026-04-18,4,Where Is My Husband!,RAYE,5,3,22
2026-04-18,5,The Fate Of Ophelia,Taylor Swift,6,1,26
2026-04-18,6,White Keys,Dominic Fike,7,4,6
2026-04-18,7,Ordinary,Alex Warren,11,1,56
2026-04-18,8,Golden,"HUNTR/X: EJAE, Audrey Nuna & REI AMI",10,1,40
2026-04-18,9,Que Pasa,Aymo: Aymen & Amo,3,3,2
2026-04-18,10,No Batidao,ZXKAI & slxughter,8,8,14
2026-04-18,11,Fever Dream,Alex Warren,19,3,6
2026-04-18,12,End Of Beginning,Djo,17,2,22
2026-04-18,13,Raindance,Dave & Tems,16,6,15
2026-04-18,14,Stateside,PinkPantheress With Zara Larsson,15,8,7
2026-04-18,15,Swim,BTS,9,9,3
2026-04-18,16,Bend Over 2,Jazeek Featuring Sosa La M,-,16,1
2026-04-18,17,(When You Gonna) Give It Up To Me,Sean Paul Featuring Keyshia Cole,20,17,9
2026-04-18,18,Man I Need,Olivia Dean,24,8,19
2026-04-18,19,Darling,marli & Philemon,12,12,5
2026-04-18,20,Tau Mich Auf,Zartmann,23,1,57
2026-04-18,21,Mr. Brightside,The Killers,21,18,13
2026-04-18,22,CDY,LACAZETTE x Jazeek,13,1,5
2026-04-18,23,Vielleicht Vielleicht,MilleniumKid & JBS,25,4,40
2026-04-18,24,Love U Anyway,benno!,22,3,11
2026-04-18,25,gangster & efendi,"CANEY030, PASHANIM & Selim61",-,25,1
2026-04-25,1,Dracula,Tame Impala & JENNIE,3,1,5
2026-04-25,2,Babydoll,Dominic Fike,2,2,8
2026-04-25,3,Lush Life,Zara Larsson,1,1,16
2026-04-25,4,Where Is My Husband!,RAYE,4,3,23
2026-04-25,5,Nonstop,Azet & Dardan,-,5,1
2026-04-25,6,Crashout Freestyle,Juju,-,6,1
2026-04-25,7,The Fate Of Ophelia,Taylor Swift,5,1,27
2026-04-25,8,Beauty And A Beat,Justin Bieber Featuring Nicki Minaj,-,8,1
2026-04-25,9,+49,LACAZETTE x Nizi19 x Lucio101 x Yuyu19,-,9,1
2026-04-25,10,White Keys,Dominic Fike,6,4,7
2026-04-25,11,Ordinary,Alex Warren,7,1,57
2026-04-25,12,Fever Dream,Alex Warren,11,3,7
2026-04-25,13,Golden,"HUNTR/X: EJAE, Audrey Nuna & REI AMI",8,1,41
2026-04-25,14,No Batidao,ZXKAI & slxughter,10,8,15
2026-04-25,15,End Of Beginning,Djo,12,2,23
2026-04-25,16,Que Pasa,Aymo: Aymen & Amo,9,3,3
2026-04-25,17,ZEITPUNKT,RAF Camora & Kontra K,-,17,1
2026-04-25,18,Stateside,PinkPantheress With Zara Larsson,14,8,8
2026-04-25,19,Raindance,Dave & Tems,13,6,16
2026-04-25,20,Mr. Brightside,The Killers,21,18,14
2026-04-25,21,(When You Gonna) Give It Up To Me,Sean Paul Featuring Keyshia Cole,17,17,10
2026-04-25,22,Swim,BTS,15,9,4
2026-04-25,23,Tau Mich Auf,Zartmann,20,1,58
2026-04-25,24,Vielleicht Vielleicht,MilleniumKid & JBS,23,4,41
2026-04-25,25,Man I Need,Olivia Dean,18,8,20
2026-05-02,1,Beauty And A Beat,Justin Bieber Featuring Nicki Minaj,8,1,2
2026-05-02,2,LDNB,AK AUSSERKONTROLLE X Shirin David,-,2,1
2026-05-02,3,Dracula,Tame Impala & JENNIE,1,1,6
2026-05-02,4,Babydoll,Dominic Fike,2,2,9
2026-05-02,5,Lush Life,Zara Larsson,3,1,17
2026-05-02,6,Drop Dead,Olivia Rodrigo,-,6,1
2026-05-02,7,Where Is My Husband!,RAYE,4,3,24
2026-05-02,8,The Fate Of Ophelia,Taylor Swift,7,1,28
2026-05-02,9,Fever Dream,Alex Warren,12,3,8
2026-05-02,10,White Keys,Dominic Fike,10,4,8
2026-05-02,11,No Batidao,ZXKAI & slxughter,14,8,16
2026-05-02,12,Ordinary,Alex Warren,11,1,58
2026-05-02,13,Golden,"HUNTR/X: EJAE, Audrey Nuna & REI AMI",13,1,42
2026-05-02,14,Crashout Freestyle,Juju,6,6,2
2026-05-02,15,End Of Beginning,Djo,15,2,24
2026-05-02,16,Mr. Brightside,The Killers,20,16,15
2026-05-02,17,(When You Gonna) Give It Up To Me,Sean Paul Featuring Keyshia Cole,21,17,11
2026-05-02,18,Stateside,PinkPantheress With Zara Larsson,18,8,9
2026-05-02,19,Que Pasa,Aymo: Aymen & Amo,16,3,4
2026-05-02,20,Raindance,Dave & Tems,19,6,17
2026-05-02,21,Tau Mich Auf,Zartmann,23,1,59
2026-05-02,22,Vielleicht Vielleicht,MilleniumKid & JBS,24,4,42
2026-05-02,23,Baby,Justin Bieber Featuring Ludacris,-,23,1
2026-05-02,24,Daisies,Justin Bieber,-,19,3
2026-05-02,25,No Broke Boys,Disco Lines & Tinashe,-,4,26
2026-05-09,1,Beauty And A Beat,Justin Bieber Featuring Nicki Minaj,1,1,3
2026-05-09,2,Dracula,Tame Impala & JENNIE,3,1,7
2026-05-09,3,Lush Life,Zara Larsson,5,1,18
2026-05-09,4,Babydoll,Dominic Fike,4,2,10
2026-05-09,5,LDNB,AK AUSSERKONTROLLE X Shirin David,2,2,2
2026-05-09,6,Where Is My Husband!,RAYE,7,3,25
2026-05-09,7,The Fate Of Ophelia,Taylor Swift,8,1,29
2026-05-09,8,Ordinary,Alex Warren,12,1,59
2026-05-09,9,No Batidao,ZXKAI & slxughter,11,8,17
2026-05-09,10,Golden,"HUNTR/X: EJAE, Audrey Nuna & REI AMI",13,1,43
2026-05-09,11,Fever Dream,Alex Warren,9,3,9
2026-05-09,12,White Keys,Dominic Fike,10,4,9
2026-05-09,13,Mr. Brightside,The Killers,16,13,16
2026-05-09,14,Drop Dead,Olivia Rodrigo,6,6,2
2026-05-09,15,End Of Beginning,Djo,15,2,25
2026-05-09,16,Self Aware,Temper City,-,16,1
2026-05-09,17,(When You Gonna) Give It Up To Me,Sean Paul Featuring Keyshia Cole,17,17,12
2026-05-09,18,Billie Jean,Michael Jackson,-,18,1
2026-05-09,19,Raindance,Dave & Tems,20,6,18
2026-05-09,20,Stateside,PinkPantheress With Zara Larsson,18,8,10
2026-05-09,21,Que Pasa,Aymo: Aymen & Amo,19,3,5
2026-05-09,22,Tau Mich Auf,Zartmann,21,1,60
2026-05-09,23,Vielleicht Vielleicht,MilleniumKid & JBS,22,4,43
2026-05-09,24,No Broke Boys,Disco Lines & Tinashe,25,4,27
2026-05-09,25,Love Me Not,Ravyn Lenae,-,14,15
2026-05-16,1,Beauty And A Beat,Justin Bieber Featuring Nicki Minaj,1,1,4
2026-05-16,2,Vermisse,Dardan & Azet,-,2,1
2026-05-16,3,Lush Life,Zara Larsson,3,1,19
2026-05-16,4,Dracula,Tame Impala & JENNIE,2,1,8
2026-05-16,5,Babydoll,Dominic Fike,4,2,11
2026-05-16,6,Billie Jean,Michael Jackson,18,6,2
2026-05-16,7,Self Aware,Temper City,16,7,2
2026-05-16,8,The Fate Of Ophelia,Taylor Swift,7,1,30
2026-05-16,9,Where Is My Husband!,RAYE,6,3,26
2026-05-16,10,Ordinary,Alex Warren,8,1,60
2026-05-16,11,LDNB,AK AUSSERKONTROLLE X Shirin David,5,2,3
2026-05-16,12,No Batidao,ZXKAI & slxughter,9,8,18
2026-05-16,13,Golden,"HUNTR/X: EJAE, Audrey Nuna & REI AMI",10,1,44
2026-05-16,14,Mr. Brightside,The Killers,13,13,17
2026-05-16,15,White Keys,Dominic Fike,12,4,10
2026-05-16,16,Beat It,Michael Jackson,-,16,1
2026-05-16,17,Fever Dream,Alex Warren,11,3,10
2026-05-16,18,End Of Beginning,Djo,15,2,26
2026-05-16,19,Stateside,PinkPantheress With Zara Larsson,20,8,11
2026-05-16,20,Raindance,Dave & Tems,19,6,19
2026-05-16,21,Drop Dead,Olivia Rodrigo,14,6,3
2026-05-16,22,(When You Gonna) Give It Up To Me,Sean Paul Featuring Keyshia Cole,17,17,13
2026-05-16,23,Tau Mich Auf,Zartmann,22,1,61
2026-05-16,24,Que Pasa,Aymo: Aymen & Amo,21,3,6
2026-05-16,25,Love Me Not,Ravyn Lenae,25,14,16
2026-05-23,1,Casa Cuba,Cave & Amo,-,1,1
2026-05-23,2,Beauty And A Beat,Justin Bieber Featuring Nicki Minaj,1,1,5
2026-05-23,3,Lush Life,Zara Larsson,3,1,20
2026-05-23,4,Dracula,Tame Impala & JENNIE,4,1,9
2026-05-23,5,Billie Jean,Michael Jackson,6,5,3
2026-05-23,6,Babydoll,Dominic Fike,5,2,12
2026-05-23,7,Vermisse,Dardan & Azet,2,2,2
2026-05-23,8,Beat It,Michael Jackson,16,8,2
2026-05-23,9,Ordinary,Alex Warren,10,1,61
2026-05-23,10,Self Aware,Temper City,7,7,3
2026-05-23,11,LDNB,AK AUSSERKONTROLLE X Shirin David,11,2,4
2026-05-23,12,Boulevard Of Broken Dreams,Green Day,-,12,1
2026-05-23,13,No Batidao,ZXKAI & slxughter,12,8,19
2026-05-23,14,Where Is My Husband!,RAYE,9,3,27
2026-05-23,15,The Fate Of Ophelia,Taylor Swift,8,1,31
2026-05-23,16,Mr. Brightside,The Killers,14,13,18
2026-05-23,17,Angels Above Me,Stick Figure,-,17,1
2026-05-23,18,Golden,"HUNTR/X: EJAE, Audrey Nuna & REI AMI",13,1,45
2026-05-23,19,White Keys,Dominic Fike,15,4,11
2026-05-23,20,Fever Dream,Alex Warren,17,3,11
2026-05-23,21,End Of Beginning,Djo,18,2,27
2026-05-23,22,Vielleicht Vielleicht,MilleniumKid & JBS,-,4,44
2026-05-23,23,Man I Need,Olivia Dean,-,8,21
2026-05-23,24,(When You Gonna) Give It Up To Me,Sean Paul Featuring Keyshia Cole,22,17,14
2026-05-23,25,Raindance,Dave & Tems,20,6,20
2026-05-30,1,Prada Sport,"Pashanim, AK AUSSERKONTROLLE & Selim61",-,1,1
2026-05-30,2,Bangaranga,Dara,-,2,1
2026-05-30,3,Beauty And A Beat,Justin Bieber Featuring Nicki Minaj,2,1,6
2026-05-30,4,Lush Life,Zara Larsson,3,1,21
2026-05-30,5,Casa Cuba,Cave & Amo,1,1,2
2026-05-30,6,Dracula,Tame Impala & JENNIE,4,1,10
2026-05-30,7,Billie Jean,Michael Jackson,5,5,4
2026-05-30,8,Beat It,Michael Jackson,8,8,3
2026-05-30,9,Self Aware,Temper City,10,7,4
2026-05-30,10,Babydoll,Dominic Fike,6,2,13
2026-05-30,11,Boulevard Of Broken Dreams,Green Day,12,11,2
2026-05-30,12,Ordinary,Alex Warren,9,1,62
2026-05-30,13,Mr. Brightside,The Killers,16,13,19
2026-05-30,14,Where Is My Husband!,RAYE,14,3,28
2026-05-30,15,The Fate Of Ophelia,Taylor Swift,15,1,32
2026-05-30,16,Golden,"HUNTR/X: EJAE, Audrey Nuna & REI AMI",18,1,46
2026-05-30,17,Angels Above Me,Stick Figure,17,17,2
2026-05-30,18,No Batidao,ZXKAI & slxughter,13,8,20
2026-05-30,19,LDNB,AK AUSSERKONTROLLE X Shirin David,11,2,5
2026-05-30,20,Vermisse,Dardan & Azet,7,2,3
2026-05-30,21,White Keys,Dominic Fike,19,4,12
2026-05-30,22,Fever Dream,Alex Warren,20,3,12
2026-05-30,23,Vielleicht Vielleicht,MilleniumKid & JBS,22,4,45
2026-05-30,24,End Of Beginning,Djo,21,2,28
2026-05-30,25,Janice STFU,Drake,-,25,1
2026-06-06,1,Beauty And A Beat,Justin Bieber Featuring Nicki Minaj,3,1,7
2026-06-06,2,Lush Life,Zara Larsson,4,1,22
2026-06-06,3,Dracula,Tame Impala & JENNIE,6,1,11
2026-06-06,4,Billie Jean,Michael Jackson,7,4,5
2026-06-06,5,Bangaranga,Dara,2,2,2
2026-06-06,6,Casa Cuba,Cave & Amo,5,1,3
2026-06-06,7,Prada Sport,"Pashanim, AK AUSSERKONTROLLE & Selim61",1,1,2
2026-06-06,8,Self Aware,Temper City,9,7,5
2026-06-06,9,Babydoll,Dominic Fike,10,2,14
2026-06-06,10,Beat It,Michael Jackson,8,8,4
2026-06-06,11,Mr. Brightside,The Killers,13,11,20
2026-06-06,12,Ordinary,Alex Warren,12,1,63
2026-06-06,13,ONLY ONE,"RAF Camora, Amo & Aymen",-,13,1
2026-06-06,14,Where Is My Husband!,RAYE,14,3,29
2026-06-06,15,On The Floor,Jennifer Lopez Featuring Pitbull,-,15,1
2026-06-06,16,The Cure,Olivia Rodrigo,-,16,1
2026-06-06,17,The Fate Of Ophelia,Taylor Swift,15,1,33
2026-06-06,18,Golden,"HUNTR/X: EJAE, Audrey Nuna & REI AMI",16,1,47
2026-06-06,19,Gut Genug,KitschKrieg Mit Blumengarten & Shirin David,-,19,1
2026-06-06,20,Killy Manjaro,Summer Cem & BILLA JOE,-,20,1
2026-06-06,21,The One That Got Away,Katy Perry,-,21,1
2026-06-06,22,Vielleicht Vielleicht,MilleniumKid & JBS,23,4,46
2026-06-06,23,No Batidao,ZXKAI & slxughter,18,8,21
2026-06-06,24,White Keys,Dominic Fike,21,4,13
2026-06-06,25,Tau Mich Auf,Zartmann,-,1,62
2026-06-13,1,Beauty And A Beat,Justin Bieber Featuring Nicki Minaj,1,1,8
2026-06-13,2,Lush Life,Zara Larsson,2,1,23
2026-06-13,3,Dracula,Tame Impala & JENNIE,3,1,12
2026-06-13,4,Killy Manjaro,Summer Cem & BILLA JOE,20,4,2
2026-06-13,5,Billie Jean,Michael Jackson,4,4,6
2026-06-13,6,Self Aware,Temper City,8,6,6
2026-06-13,7,Mr. Brightside,The Killers,11,7,21
2026-06-13,8,Babydoll,Dominic Fike,9,2,15
2026-06-13,9,Beat It,Michael Jackson,10,8,5
2026-06-13,10,On The Floor,Jennifer Lopez Featuring Pitbull,15,10,2
2026-06-13,11,The Cure,Olivia Rodrigo,16,11,2
2026-06-13,12,Hate That I Made You Love Me,Ariana Grande,-,12,1
2026-06-13,13,Where Is My Husband!,RAYE,14,3,30
2026-06-13,14,Ordinary,Alex Warren,12,1,64
2026-06-13,15,Golden,"HUNTR/X: EJAE, Audrey Nuna & REI AMI",18,1,48
2026-06-13,16,The Fate Of Ophelia,Taylor Swift,17,1,34
2026-06-13,17,Casa Cuba,Cave & Amo,6,1,4
2026-06-13,18,Prada Sport,"Pashanim, AK AUSSERKONTROLLE & Selim61",7,1,3
2026-06-13,19,Bangaranga,Dara,5,2,3
2026-06-13,20,Vielleicht Vielleicht,MilleniumKid & JBS,22,4,47
2026-06-13,21,No Batidao,ZXKAI & slxughter,23,8,22
2026-06-13,22,The One That Got Away,Katy Perry,21,21,2
2026-06-13,23,Requiem,Farid Bang & Kollegah,-,23,1
2026-06-13,24,(When You Gonna) Give It Up To Me,Sean Paul Featuring Keyshia Cole,-,17,15
2026-06-13,25,White Keys,Dominic Fike,24,4,14
2026-06-20,1,Killy Manjaro,Summer Cem & BILLA JOE,4,1,3
2026-06-20,2,Beauty And A Beat,Justin Bieber Featuring Nicki Minaj,1,1,9
2026-06-20,3,Lush Life,Zara Larsson,2,1,24
2026-06-20,4,Dracula,Tame Impala & JENNIE,3,1,13
2026-06-20,5,Gut Genug,KitschKrieg Mit Blumengarten & Shirin David,-,5,2
2026-06-20,6,Billie Jean,Michael Jackson,5,4,7
2026-06-20,7,Self Aware,Temper City,6,6,7
2026-06-20,8,Mr. Brightside,The Killers,7,7,22
2026-06-20,9,Beat It,Michael Jackson,9,8,6
2026-06-20,10,Where Is My Husband!,RAYE,13,3,31
2026-06-20,11,Babydoll,Dominic Fike,8,2,16
2026-06-20,12,The Fate Of Ophelia,Taylor Swift,16,1,35
2026-06-20,13,On The Floor,Jennifer Lopez Featuring Pitbull,10,10,3
2026-06-20,14,Ordinary,Alex Warren,14,1,65
2026-06-20,15,Golden,"HUNTR/X: EJAE, Audrey Nuna & REI AMI",15,1,49
2026-06-20,16,Hate That I Made You Love Me,Ariana Grande,12,12,2
2026-06-20,17,"I Knew It, I Knew You",Taylor Swift,-,17,1
2026-06-20,18,The Cure,Olivia Rodrigo,11,11,3
2026-06-20,19,Vielleicht Vielleicht,MilleniumKid & JBS,20,4,48
2026-06-20,20,Tau Mich Auf,Zartmann,-,1,63
2026-06-20,21,The One That Got Away,Katy Perry,22,21,3
2026-06-20,22,The Emptiness Machine,Linkin Park,-,1,42
2026-06-20,23,Dai Dai (FIFA World Cup Official Song 2026),Shakira X Burna Boy,-,23,1
2026-06-20,24,In The End,Linkin Park,-,24,1
2026-06-20,25,Janice STFU,Drake,-,25,2
2026-06-27,1,Gut Genug,KitschKrieg Mit Blumengarten & Shirin David,5,1,3
2026-06-27,2,Dai Dai (FIFA World Cup Official Song 2026),Shakira X Burna Boy,23,2,2
2026-06-27,3,Killy Manjaro,Summer Cem & BILLA JOE,1,1,4
2026-06-27,4,Beauty And A Beat,Justin Bieber Featuring Nicki Minaj,2,1,10
2026-06-27,5,Stupid Song,Olivia Rodrigo,-,5,1
2026-06-27,6,Lush Life,Zara Larsson,3,1,25
2026-06-27,7,Self Aware,Temper City,7,6,8
2026-06-27,8,Billie Jean,Michael Jackson,6,4,8
2026-06-27,9,Dracula,Tame Impala & JENNIE,4,1,14
2026-06-27,10,BALOTELLI,THIZZY52,-,10,1
2026-06-27,11,Mr. Brightside,The Killers,8,7,23
2026-06-27,12,The Cure,Olivia Rodrigo,18,11,4
2026-06-27,13,Beat It,Michael Jackson,9,8,7
2026-06-27,14,Where Is My Husband!,RAYE,10,3,32
2026-06-27,15,Babydoll,Dominic Fike,11,2,17
2026-06-27,16,On The Floor,Jennifer Lopez Featuring Pitbull,13,10,4
2026-06-27,17,The Fate Of Ophelia,Taylor Swift,12,1,36
2026-06-27,18,Ordinary,Alex Warren,14,1,66
2026-06-27,19,Golden,"HUNTR/X: EJAE, Audrey Nuna & REI AMI",15,1,50
2026-06-27,20,Drop Dead,Olivia Rodrigo,-,6,4
2026-06-27,21,Tau Mich Auf,Zartmann,20,1,64
2026-06-27,22,Vielleicht Vielleicht,MilleniumKid & JBS,19,4,49
2026-06-27,23,Hate That I Made You Love Me,Ariana Grande,16,12,3
2026-06-27,24,The One That Got Away,Katy Perry,21,21,4
2026-06-27,25,The Emptiness Machine,Linkin Park,22,1,43
2026-07-04,1,Gut Genug,KitschKrieg Mit Blumengarten & Shirin David,1,1,4
2026-07-04,2,Dai Dai (FIFA World Cup Official Song 2026),Shakira X Burna Boy,2,2,3
2026-07-04,3,Killy Manjaro,Summer Cem & BILLA JOE,3,1,5
2026-07-04,4,Beauty And A Beat,Justin Bieber Featuring Nicki Minaj,4,1,11
2026-07-04,5,Lush Life,Zara Larsson,6,1,26
2026-07-04,6,Self Aware,Temper City,7,6,9
2026-07-04,7,Dracula,Tame Impala & JENNIE,9,1,15
2026-07-04,8,Mr. Brightside,The Killers,11,7,24
2026-07-04,9,THUG LIFE,Luciano & Jazeek,-,9,1
2026-07-04,10,Billie Jean,Michael Jackson,8,4,9
2026-07-04,11,DTMF,Bad Bunny,-,1,12
2026-07-04,12,Where Is My Husband!,RAYE,14,3,33
2026-07-04,13,Babydoll,Dominic Fike,15,2,18
2026-07-04,14,On The Floor,Jennifer Lopez Featuring Pitbull,16,10,5
2026-07-04,15,Beat It,Michael Jackson,13,8,8
2026-07-04,16,BALOTELLI,THIZZY52,10,10,2
2026-07-04,17,Stupid Song,Olivia Rodrigo,5,5,2
2026-07-04,18,Tau Mich Auf,Zartmann,21,1,65
2026-07-04,19,Jamaican (Bam Bam),HUGEL & SOLTO,-,19,1
2026-07-04,20,The Fate Of Ophelia,Taylor Swift,17,1,37
2026-07-04,21,Hin Und Her,AK AUSSERKONTROLLE,-,21,1
2026-07-04,22,The One That Got Away,Katy Perry,24,21,5
2026-07-04,23,Ordinary,Alex Warren,18,1,67
2026-07-04,24,Golden,"HUNTR/X: EJAE, Audrey Nuna & REI AMI",19,1,51
2026-07-04,25,Pile,Mauvais djo,-,25,1
2026-07-11,1,Gut Genug,KitschKrieg Mit Blumengarten & Shirin David,1,1,5
2026-07-11,2,Dai Dai (FIFA World Cup Official Song 2026),Shakira X Burna Boy,2,2,4
2026-07-11,3,Killy Manjaro,Summer Cem & BILLA JOE,3,1,6
2026-07-11,4,Sprite,"Bonez MC , Gzuz & JUGGLERZ",-,4,1
2026-07-11,5,Lush Life,Zara Larsson,5,1,27
2026-07-11,6,Beauty And A Beat,Justin Bieber Featuring Nicki Minaj,4,1,12
2026-07-11,7,Self Aware,Temper City,6,6,10
2026-07-11,8,Mr. Brightside,The Killers,8,7,25
2026-07-11,9,Dracula,Tame Impala & JENNIE,7,1,16
2026-07-11,10,Billie Jean,Michael Jackson,10,4,10
2026-07-11,11,Hin Und Her,AK AUSSERKONTROLLE,21,11,2
2026-07-11,12,Where Is My Husband!,RAYE,12,3,34
2026-07-11,13,Beat It,Michael Jackson,15,8,9
2026-07-11,14,DTMF,Bad Bunny,11,1,13
2026-07-11,15,Ordinary,Alex Warren,23,1,68
2026-07-11,16,COMEBACCC,reezy,-,16,1
2026-07-11,17,The Fate Of Ophelia,Taylor Swift,20,1,38
2026-07-11,18,Babydoll,Dominic Fike,13,2,19
2026-07-11,19,Golden,"HUNTR/X: EJAE, Audrey Nuna & REI AMI",24,1,52
2026-07-11,20,Jamaican (Bam Bam),HUGEL & SOLTO,19,19,2
2026-07-11,21,On The Floor,Jennifer Lopez Featuring Pitbull,14,10,6
2026-07-11,22,Tau Mich Auf,Zartmann,18,1,66
2026-07-11,23,The One That Got Away,Katy Perry,22,21,6
2026-07-11,24,Pile,Mauvais djo,25,24,2
2026-07-11,25,KOMM NAHER,Juju Featuring RAF Camora,-,25,1
2026-07-18,1,Dai Dai (FIFA World Cup Official Song 2026),Shakira X Burna Boy,2,1,5
2026-07-18,2,Killy Manjaro,Summer Cem & BILLA JOE,3,1,7
2026-07-18,3,Gut Genug,KitschKrieg Mit Blumengarten & Shirin David,1,1,6
2026-07-18,4,Self Aware,Temper City,7,4,11
2026-07-18,5,Lush Life,Zara Larsson,5,1,28
2026-07-18,6,Beauty And A Beat,Justin Bieber Featuring Nicki Minaj,6,1,13
2026-07-18,7,Ghetto Superstars,Samra & Capital Bra,-,7,1
2026-07-18,8,Mr. Brightside,The Killers,8,7,26
2026-07-18,9,Dracula,Tame Impala & JENNIE,9,1,17
2026-07-18,10,Sprite,"Bonez MC , Gzuz & JUGGLERZ",4,4,2
2026-07-18,11,Billie Jean,Michael Jackson,10,4,11
2026-07-18,12,Ordinary,Alex Warren,15,1,69
2026-07-18,13,Hin Und Her,AK AUSSERKONTROLLE,11,11,3
2026-07-18,14,Where Is My Husband!,RAYE,12,3,35
2026-07-18,15,The Fate Of Ophelia,Taylor Swift,17,1,39
2026-07-18,16,Beat It,Michael Jackson,13,8,10
2026-07-18,17,Babydoll,Dominic Fike,18,2,20
2026-07-18,18,Golden,"HUNTR/X: EJAE, Audrey Nuna & REI AMI",19,1,53
2026-07-18,19,The One That Got Away,Katy Perry,23,19,7
2026-07-18,20,Tau Mich Auf,Zartmann,22,1,67
2026-07-18,21,Movin' To The Sun,"HUGEL , Imael Angel & Ultra Nate",-,21,1
2026-07-18,22,On The Floor,Jennifer Lopez Featuring Pitbull,21,10,7
2026-07-18,23,Vielleicht Vielleicht,MilleniumKid & JBS,-,4,50
2026-07-18,24,Pile,Mauvais djo,24,24,3
2026-07-18,25,Jamaican (Bam Bam),HUGEL & SOLTO,20,19,3
2026-07-25,1,Killy Manjaro,Summer Cem & BILLA JOE,2,1,8
2026-07-25,2,Dai Dai (FIFA World Cup Official Song 2026),Shakira X Burna Boy,1,1,6
2026-07-25,3,Gut Genug,KitschKrieg Mit Blumengarten & Shirin David,3,1,7
2026-07-25,4,Self Aware,Temper City,4,4,12
2026-07-25,5,Lush Life,Zara Larsson,5,1,29
2026-07-25,6,Beauty And A Beat,Justin Bieber Featuring Nicki Minaj,6,1,14
2026-07-25,7,Mr. Brightside,The Killers,8,7,27
2026-07-25,8,Goldrichtig,PASHANIM,-,8,1
2026-07-25,9,Dracula,Tame Impala & JENNIE,9,1,18
2026-07-25,10,Movin' To The Sun,"HUGEL , Imael Angel & Ultra Nate",21,10,2
2026-07-25,11,gimme luv <3,Luciano & Jazeek,-,11,1
2026-07-25,12,Where Is My Husband!,RAYE,14,3,36
2026-07-25,13,Ordinary,Alex Warren,12,1,70
2026-07-25,14,Billie Jean,Michael Jackson,11,4,12
2026-07-25,15,Hin Und Her,AK AUSSERKONTROLLE,13,11,4
2026-07-25,16,The Fate Of Ophelia,Taylor Swift,15,1,40
2026-07-25,17,Pile,Mauvais djo,24,17,4
2026-07-25,18,Golden,"HUNTR/X: EJAE, Audrey Nuna & REI AMI",18,1,54
2026-07-25,19,Total Eclipse Of The Heart,Bonnie Tyler,-,19,1
2026-07-25,20,Beat It,Michael Jackson,16,8,11
2026-07-25,21,New Religion,Bebe Rexha & Faithless,-,21,1
2026-07-25,22,Jamaican (Bam Bam),HUGEL & SOLTO,25,19,4
2026-07-25,23,The One That Got Away,Katy Perry,19,19,8
2026-07-25,24,Freaked Out,Fat Papi,-,24,1
2026-07-25,25,Babydoll,Dominic Fike,17,2,21
2026-08-01,1,Dai Dai (FIFA World Cup Official Song 2026),Shakira X Burna Boy,2,1,7
2026-08-01,2,Killy Manjaro,Summer Cem & BILLA JOE,1,1,9
2026-08-01,3,Gut Genug,KitschKrieg Mit Blumengarten & Shirin David,3,1,8
2026-08-01,4,Augenblick,PASHANIM,-,4,1
2026-08-01,5,Beauty And A Beat,Justin Bieber Featuring Nicki Minaj,6,1,15
2026-08-01,6,Lush Life,Zara Larsson,5,1,30
2026-08-01,7,Movin' To The Sun,"HUGEL , Imael Angel & Ultra Nate",10,7,3
2026-08-01,8,Self Aware,Temper City,4,4,13
2026-08-01,9,Mr. Brightside,The Killers,7,7,28
2026-08-01,10,Dracula,Tame Impala & JENNIE,9,1,19
2026-08-01,11,Keine Angst,Danger Dan,-,11,1
2026-08-01,12,Ordinary,Alex Warren,13,1,71
2026-08-01,13,Where Is My Husband!,RAYE,12,3,37
2026-08-01,14,Pile,Mauvais djo,17,14,5
2026-08-01,15,Freaked Out,Fat Papi,24,15,2
2026-08-01,16,Meine Welt,Eddin,-,16,1
2026-08-01,17,Billie Jean,Michael Jackson,14,4,13
2026-08-01,18,The Fate Of Ophelia,Taylor Swift,16,1,41
2026-08-01,19,Sonne Uber Berlin,Capital Bra & Samra,-,19,1
2026-08-01,20,Golden,"HUNTR/X: EJAE, Audrey Nuna & REI AMI",18,1,55
2026-08-01,21,Hin Und Her,AK AUSSERKONTROLLE,15,11,5
2026-08-01,22,New Religion,Bebe Rexha & Faithless,21,21,2
2026-08-01,23,The One That Got Away,Katy Perry,23,19,9
2026-08-01,24,Tau Mich Auf,Zartmann,-,1,68
2026-08-01,25,Beat It,Michael Jackson,20,8,12
2026-08-08,1,Dai Dai (FIFA World Cup Official Song 2026),Shakira X Burna Boy,1,1,8
2026-08-08,2,Killy Manjaro,Summer Cem & BILLA JOE,2,1,10
2026-08-08,3,Gut Genug,KitschKrieg Mit Blumengarten & Shirin David,3,1,9
2026-08-08,4,Movin' To The Sun,"HUGEL , Imael Angel & Ultra Nate",7,4,4
2026-08-08,5,Self Aware,Temper City,8,4,14
2026-08-08,6,Beauty And A Beat,Justin Bieber Featuring Nicki Minaj,5,1,16
2026-08-08,7,Mr. Brightside,The Killers,9,7,29
2026-08-08,8,Augenblick,PASHANIM,4,4,2
2026-08-08,9,Lush Life,Zara Larsson,6,1,31
2026-08-08,10,Dracula,Tame Impala & JENNIE,10,1,20
2026-08-08,11,Berlin Calling,PASHANIM,-,11,1
2026-08-08,12,Ordinary,Alex Warren,12,1,72
2026-08-08,13,Freaked Out,Fat Papi,15,13,3
2026-08-08,14,Billie Jean,Michael Jackson,17,4,14
2026-08-08,15,The Fate Of Ophelia,Taylor Swift,18,1,42
2026-08-08,16,Jamaican (Bam Bam),HUGEL & SOLTO,-,16,5
2026-08-08,17,Where Is My Husband!,RAYE,13,3,38
2026-08-08,18,Pile,Mauvais djo,14,14,6
2026-08-08,19,The One That Got Away,Katy Perry,23,19,10
2026-08-08,20,New Religion,Bebe Rexha & Faithless,22,20,3
2026-08-08,21,Talk To You,ANOTR Featuring 54 Ultra,-,21,1
2026-08-08,22,Golden,"HUNTR/X: EJAE, Audrey Nuna & REI AMI",20,1,56
2026-08-08,23,Tau Mich Auf,Zartmann,24,1,69
2026-08-08,24,Hin Und Her,AK AUSSERKONTROLLE,21,11,6
2026-08-08,25,On The Floor,Jennifer Lopez Featuring Pitbull,-,10,8
2026-08-15,1,Dai Dai (FIFA World Cup Official Song 2026),Shakira X Burna Boy,1,1,9
2026-08-15,2,Gut Genug,KitschKrieg Mit Blumengarten & Shirin David,3,1,10
2026-08-15,3,Killy Manjaro,Summer Cem & BILLA JOE,2,1,11
2026-08-15,4,Movin' To The Sun,"HUGEL , Imael Angel & Ultra Nate",4,4,5
2026-08-15,5,Self Aware,Temper City,5,4,15
2026-08-15,6,Mr. Brightside,The Killers,7,6,30
2026-08-15,7,Lush Life,Zara Larsson,9,1,32
2026-08-15,8,Beauty And A Beat,Justin Bieber Featuring Nicki Minaj,6,1,17
2026-08-15,9,Hate That I Made You Love Me,Ariana Grande,-,9,4
2026-08-15,10,Dracula,Tame Impala & JENNIE,10,1,21
2026-08-15,11,Jamaican (Bam Bam),HUGEL & SOLTO,16,11,6
2026-08-15,12,Ordinary,Alex Warren,12,1,73
2026-08-15,13,Augenblick,PASHANIM,8,4,3
2026-08-15,14,The Fate Of Ophelia,Taylor Swift,15,1,43
2026-08-15,15,Where Is My Husband!,RAYE,17,3,39
2026-08-15,16,Talk To You,ANOTR Featuring 54 Ultra,21,16,2
2026-08-15,17,New Religion,Bebe Rexha & Faithless,20,17,4
2026-08-15,18,The One That Got Away,Katy Perry,19,18,11
2026-08-15,19,Billie Jean,Michael Jackson,14,4,15
2026-08-15,20,Pile,Mauvais djo,18,14,7
2026-08-15,21,Freaked Out,Fat Papi,13,13,4
2026-08-15,22,WER BIST DU DENN?,Jazeek X Luciano,-,22,1
2026-08-15,23,Golden,"HUNTR/X: EJAE, Audrey Nuna & REI AMI",22,1,57
2026-08-15,24,Tau Mich Auf,Zartmann,23,1,70
2026-08-15,25,Kein Kokain,Drunken Masters & Ikkimel,-,25,1
