Date,Rank,Song,Artist,Last Week,Peak Position,Weeks on Chart
2022-02-19,1,abcdefu,GAYLE,-,1,1
2022-02-19,2,Heat Waves,Glass Animals,-,2,1
2022-02-19,3,Enemy,Imagine Dragons X JID,-,3,1
2022-02-19,4,Shivers,Ed Sheeran,-,4,1
2022-02-19,5,Love Nwantiti (Ah Ah Ah),CKay,-,5,1
2022-02-19,6,Cold Heart (PNAU Remix),Elton John & Dua Lipa,-,6,1
2022-02-19,7,Pepas,Farruko,-,7,1
2022-02-19,8,Infinity,Jaymes Young,-,8,1
2022-02-19,9,Where Are You Now,Lost Frequencies & Calum Scott,-,9,1
2022-02-19,10,Stay,The Kid Laroi & Justin Bieber,-,10,1
2022-02-19,11,Brividi,Mahmood & BLANCO,-,11,1
2022-02-19,12,Industry Baby,Lil Nas X & Jack Harlow,-,12,1
2022-02-19,13,Bad Habits,Ed Sheeran,-,13,1
2022-02-19,14,Thats What I Want,Lil Nas X,-,14,1
2022-02-19,15,Do It To It,Acraze Featuring Cherish,-,15,1
2022-02-19,16,Moth To A Flame,Swedish House Mafia & The Weeknd,-,16,1
2022-02-19,17,L'enfer,Stromae,-,17,1
2022-02-19,18,Easy On Me,Adele,-,18,1
2022-02-19,19,To The Moon!,JNR CHOI & Sam Tompkins,-,19,1
2022-02-19,20,Pushin P,Gunna & Future Featuring Young Thug,-,20,1
2022-02-19,21,The Motto,Tiesto & Ava Max,-,21,1
2022-02-19,22,Jefe,Ninho,-,22,1
2022-02-19,23,Love Tonight,Shouse,-,23,1
2022-02-19,24,Woman,Doja Cat,-,24,1
2022-02-19,25,My Universe,Coldplay x BTS,-,25,1
2022-02-26,1,Heat Waves,Glass Animals,2,1,2
2022-02-26,2,abcdefu,GAYLE,1,1,2
2022-02-26,3,Enemy,Imagine Dragons X JID,3,3,2
2022-02-26,4,Pepas,Farruko,7,4,2
2022-02-26,5,Shivers,Ed Sheeran,4,4,2
2022-02-26,6,Cold Heart (PNAU Remix),Elton John & Dua Lipa,6,6,2
2022-02-26,7,Love Nwantiti (Ah Ah Ah),CKay,5,5,2
2022-02-26,8,Where Are You Now,Lost Frequencies & Calum Scott,9,8,2
2022-02-26,9,Infinity,Jaymes Young,8,8,2
2022-02-26,10,Stay,The Kid Laroi & Justin Bieber,10,10,2
2022-02-26,11,Bad Habits,Ed Sheeran,13,11,2
2022-02-26,12,Easy On Me,Adele,18,12,2
2022-02-26,13,Thats What I Want,Lil Nas X,14,13,2
2022-02-26,14,The Motto,Tiesto & Ava Max,21,14,2
2022-02-26,15,Industry Baby,Lil Nas X & Jack Harlow,12,12,2
2022-02-26,16,To The Moon!,JNR CHOI & Sam Tompkins,19,16,2
2022-02-26,17,Do It To It,Acraze Featuring Cherish,15,15,2
2022-02-26,18,L'enfer,Stromae,17,17,2
2022-02-26,19,Moth To A Flame,Swedish House Mafia & The Weeknd,16,16,2
2022-02-26,20,Woman,Doja Cat,24,20,2
2022-02-26,21,Jefe,Ninho,22,21,2
2022-02-26,22,Pushin P,Gunna & Future Featuring Young Thug,20,20,2
2022-02-26,23,My Universe,Coldplay x BTS,25,23,2
2022-02-26,24,Love Tonight,Shouse,23,23,2
2022-02-26,25,Thunder,Gabry Ponte X LUM!X X Prezioso,-,25,1
2022-03-05,1,Heat Waves,Glass Animals,1,1,3
2022-03-05,2,abcdefu,GAYLE,2,1,3
2022-03-05,3,Enemy,Imagine Dragons X JID,3,3,3
2022-03-05,4,Shivers,Ed Sheeran,5,4,3
2022-03-05,5,Cold Heart (PNAU Remix),Elton John & Dua Lipa,6,5,3
2022-03-05,6,Infinity,Jaymes Young,9,6,3
2022-03-05,7,Bad Habits,Ed Sheeran,11,7,3
2022-03-05,8,Pepas,Farruko,4,4,3
2022-03-05,9,Love Nwantiti (Ah Ah Ah),CKay,7,5,3
2022-03-05,10,Where Are You Now,Lost Frequencies & Calum Scott,8,8,3
2022-03-05,11,Stay,The Kid Laroi & Justin Bieber,10,10,3
2022-03-05,12,Thats What I Want,Lil Nas X,13,12,3
2022-03-05,13,The Motto,Tiesto & Ava Max,14,13,3
2022-03-05,14,To The Moon!,JNR CHOI & Sam Tompkins,16,14,3
2022-03-05,15,Industry Baby,Lil Nas X & Jack Harlow,15,12,3
2022-03-05,16,Easy On Me,Adele,12,12,3
2022-03-05,17,Do It To It,Acraze Featuring Cherish,17,15,3
2022-03-05,18,Jefe,Ninho,21,18,3
2022-03-05,19,L'enfer,Stromae,18,17,3
2022-03-05,20,Thunder,Gabry Ponte X LUM!X X Prezioso,25,20,2
2022-03-05,21,Love Tonight,Shouse,24,21,3
2022-03-05,22,My Universe,Coldplay x BTS,23,22,3
2022-03-05,23,Woman,Doja Cat,20,20,3
2022-03-05,24,Moth To A Flame,Swedish House Mafia & The Weeknd,19,16,3
2022-03-05,25,Boyfriend,Dove Cameron,-,25,1
2022-03-12,1,Heat Waves,Glass Animals,1,1,4
2022-03-12,2,abcdefu,GAYLE,2,1,4
2022-03-12,3,Enemy,Imagine Dragons X JID,3,3,4
2022-03-12,4,Cold Heart (PNAU Remix),Elton John & Dua Lipa,5,4,4
2022-03-12,5,Love Nwantiti (Ah Ah Ah),CKay,9,5,4
2022-03-12,6,Pepas,Farruko,8,4,4
2022-03-12,7,Shivers,Ed Sheeran,4,4,4
2022-03-12,8,Infinity,Jaymes Young,6,6,4
2022-03-12,9,Where Are You Now,Lost Frequencies & Calum Scott,10,8,4
2022-03-12,10,Bad Habits,Ed Sheeran,7,7,4
2022-03-12,11,Stay,The Kid Laroi & Justin Bieber,11,10,4
2022-03-12,12,Thats What I Want,Lil Nas X,12,12,4
2022-03-12,13,Do It To It,Acraze Featuring Cherish,17,13,4
2022-03-12,14,The Motto,Tiesto & Ava Max,13,13,4
2022-03-12,15,Industry Baby,Lil Nas X & Jack Harlow,15,12,4
2022-03-12,16,To The Moon!,JNR CHOI & Sam Tompkins,14,14,4
2022-03-12,17,Thunder,Gabry Ponte X LUM!X X Prezioso,20,17,3
2022-03-12,18,Jefe,Ninho,18,18,4
2022-03-12,19,Easy On Me,Adele,16,12,4
2022-03-12,20,Woman,Doja Cat,23,20,4
2022-03-12,21,Moth To A Flame,Swedish House Mafia & The Weeknd,24,16,4
2022-03-12,22,L'enfer,Stromae,19,17,4
2022-03-12,23,Love Tonight,Shouse,21,21,4
2022-03-12,24,My Universe,Coldplay x BTS,22,22,4
2022-03-12,25,D O D O,Tayc,-,25,1
2022-03-19,1,Heat Waves,Glass Animals,1,1,5
2022-03-19,2,abcdefu,GAYLE,2,1,5
2022-03-19,3,Enemy,Imagine Dragons X JID,3,3,5
2022-03-19,4,L'enfer,Stromae,22,4,5
2022-03-19,5,Infinity,Jaymes Young,8,5,5
2022-03-19,6,Love Nwantiti (Ah Ah Ah),CKay,5,5,5
2022-03-19,7,Cold Heart (PNAU Remix),Elton John & Dua Lipa,4,4,5
2022-03-19,8,Pepas,Farruko,6,4,5
2022-03-19,9,Shivers,Ed Sheeran,7,4,5
2022-03-19,10,Where Are You Now,Lost Frequencies & Calum Scott,9,8,5
2022-03-19,11,Stay,The Kid Laroi & Justin Bieber,11,10,5
2022-03-19,12,Fils de Joie,Stromae,-,12,1
2022-03-19,13,Bad Habits,Ed Sheeran,10,7,5
2022-03-19,14,Sante,Stromae,-,14,1
2022-03-19,15,The Motto,Tiesto & Ava Max,14,13,5
2022-03-19,16,Thats What I Want,Lil Nas X,12,12,5
2022-03-19,17,Thunder,Gabry Ponte X LUM!X X Prezioso,17,17,4
2022-03-19,18,To The Moon!,JNR CHOI & Sam Tompkins,16,14,5
2022-03-19,19,Industry Baby,Lil Nas X & Jack Harlow,15,12,5
2022-03-19,20,Peru,Fireboy DML & Ed Sheeran,-,20,1
2022-03-19,21,Invaincu,Stromae,-,21,1
2022-03-19,22,La Solassitude,Stromae,-,22,1
2022-03-19,23,Do It To It,Acraze Featuring Cherish,13,13,5
2022-03-19,24,Canada,1PLIKE140,-,24,1
2022-03-19,25,Jefe,Ninho,18,18,5
2022-03-26,1,Heat Waves,Glass Animals,1,1,6
2022-03-26,2,abcdefu,GAYLE,2,1,6
2022-03-26,3,Enemy,Imagine Dragons X JID,3,3,6
2022-03-26,4,Shivers,Ed Sheeran,9,4,6
2022-03-26,5,Infinity,Jaymes Young,5,5,6
2022-03-26,6,Love Nwantiti (Ah Ah Ah),CKay,6,5,6
2022-03-26,7,Cold Heart (PNAU Remix),Elton John & Dua Lipa,7,4,6
2022-03-26,8,Where Are You Now,Lost Frequencies & Calum Scott,10,8,6
2022-03-26,9,Pepas,Farruko,8,4,6
2022-03-26,10,L'enfer,Stromae,4,4,6
2022-03-26,11,Stay,The Kid Laroi & Justin Bieber,11,10,6
2022-03-26,12,Bad Habits,Ed Sheeran,13,7,6
2022-03-26,13,Canada,1PLIKE140,24,13,2
2022-03-26,14,The Motto,Tiesto & Ava Max,15,13,6
2022-03-26,15,Thats What I Want,Lil Nas X,16,12,6
2022-03-26,16,Do It To It,Acraze Featuring Cherish,23,13,6
2022-03-26,17,Degaine,Aya Nakamura Featuring Damso,-,17,1
2022-03-26,18,Industry Baby,Lil Nas X & Jack Harlow,19,12,6
2022-03-26,19,Thunder,Gabry Ponte X LUM!X X Prezioso,17,17,5
2022-03-26,20,Bam Bam,Camila Cabello Featuring Ed Sheeran,-,20,1
2022-03-26,21,To The Moon!,JNR CHOI & Sam Tompkins,18,14,6
2022-03-26,22,Jefe,Ninho,25,18,6
2022-03-26,23,Save Your Tears,The Weeknd,-,23,1
2022-03-26,24,Zeit,Rammstein,-,24,1
2022-03-26,25,Emiliana,CKay,-,25,1
2022-04-02,1,Heat Waves,Glass Animals,1,1,7
2022-04-02,2,abcdefu,GAYLE,2,1,7
2022-04-02,3,Enemy,Imagine Dragons X JID,3,3,7
2022-04-02,4,Shivers,Ed Sheeran,4,4,7
2022-04-02,5,Infinity,Jaymes Young,5,5,7
2022-04-02,6,Love Nwantiti (Ah Ah Ah),CKay,6,5,7
2022-04-02,7,Where Are You Now,Lost Frequencies & Calum Scott,8,7,7
2022-04-02,8,Cold Heart (PNAU Remix),Elton John & Dua Lipa,7,4,7
2022-04-02,9,Pepas,Farruko,9,4,7
2022-04-02,10,Stay,The Kid Laroi & Justin Bieber,11,10,7
2022-04-02,11,Bad Habits,Ed Sheeran,12,7,7
2022-04-02,12,The Motto,Tiesto & Ava Max,14,12,7
2022-04-02,13,Thats What I Want,Lil Nas X,15,12,7
2022-04-02,14,Canada,1PLIKE140,13,13,3
2022-04-02,15,Do It To It,Acraze Featuring Cherish,16,13,7
2022-04-02,16,Bam Bam,Camila Cabello Featuring Ed Sheeran,20,16,2
2022-04-02,17,To The Moon!,JNR CHOI & Sam Tompkins,21,14,7
2022-04-02,18,Industry Baby,Lil Nas X & Jack Harlow,18,12,7
2022-04-02,19,L'enfer,Stromae,10,4,7
2022-04-02,20,Thunder,Gabry Ponte X LUM!X X Prezioso,19,17,6
2022-04-02,21,Another Love,Tom Odell,-,21,1
2022-04-02,22,La Fama,ROSALIA Featuring The Weeknd,-,22,1
2022-04-02,23,Majestic,Luciano,-,23,1
2022-04-02,24,Starlight,Dave,-,24,1
2022-04-02,25,Love Tonight,Shouse,-,21,5
2022-04-09,1,Heat Waves,Glass Animals,1,1,8
2022-04-09,2,abcdefu,GAYLE,2,1,8
2022-04-09,3,Enemy,Imagine Dragons X JID,3,3,8
2022-04-09,4,Cold Heart (PNAU Remix),Elton John & Dua Lipa,8,4,8
2022-04-09,5,Love Nwantiti (Ah Ah Ah),CKay,6,5,8
2022-04-09,6,Where Are You Now,Lost Frequencies & Calum Scott,7,6,8
2022-04-09,7,Pepas,Farruko,9,4,8
2022-04-09,8,Shivers,Ed Sheeran,4,4,8
2022-04-09,9,Infinity,Jaymes Young,5,5,8
2022-04-09,10,The Motto,Tiesto & Ava Max,12,10,8
2022-04-09,11,Stay,The Kid Laroi & Justin Bieber,10,10,8
2022-04-09,12,Envolver,Anitta,-,12,1
2022-04-09,13,Bad Habits,Ed Sheeran,11,7,8
2022-04-09,14,To The Moon!,JNR CHOI & Sam Tompkins,17,14,8
2022-04-09,15,Thats What I Want,Lil Nas X,13,12,8
2022-04-09,16,Starlight,Dave,24,16,2
2022-04-09,17,Bam Bam,Camila Cabello Featuring Ed Sheeran,16,16,3
2022-04-09,18,Industry Baby,Lil Nas X & Jack Harlow,18,12,8
2022-04-09,19,La Fama,ROSALIA Featuring The Weeknd,22,19,2
2022-04-09,20,Thunder,Gabry Ponte X LUM!X X Prezioso,20,17,7
2022-04-09,21,Peru,Fireboy DML & Ed Sheeran,-,20,2
2022-04-09,22,Do It To It,Acraze Featuring Cherish,15,13,8
2022-04-09,23,Love Tonight,Shouse,25,21,6
2022-04-09,24,Woman,Doja Cat,-,20,5
2022-04-09,25,Canada,1PLIKE140,14,13,4
2022-04-16,1,As It Was,Harry Styles,-,1,1
2022-04-16,2,Heat Waves,Glass Animals,1,1,9
2022-04-16,3,abcdefu,GAYLE,2,1,9
2022-04-16,4,Enemy,Imagine Dragons X JID,3,3,9
2022-04-16,5,Cold Heart (PNAU Remix),Elton John & Dua Lipa,4,4,9
2022-04-16,6,Shivers,Ed Sheeran,8,4,9
2022-04-16,7,Where Are You Now,Lost Frequencies & Calum Scott,6,6,9
2022-04-16,8,Love Nwantiti (Ah Ah Ah),CKay,5,5,9
2022-04-16,9,Pepas,Farruko,7,4,9
2022-04-16,10,In My Head,Lil Tjay,-,10,1
2022-04-16,11,Infinity,Jaymes Young,9,5,9
2022-04-16,12,Stay,The Kid Laroi & Justin Bieber,11,10,9
2022-04-16,13,Bam Bam,Camila Cabello Featuring Ed Sheeran,17,13,4
2022-04-16,14,Bad Habits,Ed Sheeran,13,7,9
2022-04-16,15,The Motto,Tiesto & Ava Max,10,10,9
2022-04-16,16,Envolver,Anitta,12,12,2
2022-04-16,17,Thats What I Want,Lil Nas X,15,12,9
2022-04-16,18,Starlight,Dave,16,16,3
2022-04-16,19,Industry Baby,Lil Nas X & Jack Harlow,18,12,9
2022-04-16,20,Do It To It,Acraze Featuring Cherish,22,13,9
2022-04-16,21,Thunder,Gabry Ponte X LUM!X X Prezioso,20,17,8
2022-04-16,22,Another Love,Tom Odell,-,21,2
2022-04-16,23,To The Moon!,JNR CHOI & Sam Tompkins,14,14,9
2022-04-16,24,One Of A Kind Music Presents: Reggae & Clypso,RussMillions X Buni X YV,-,24,1
2022-04-16,25,Middle Of The Night,Elley Duhe,-,25,1
2022-04-23,1,As It Was,Harry Styles,1,1,2
2022-04-23,2,First Class,Jack Harlow,-,2,1
2022-04-23,3,Heat Waves,Glass Animals,2,1,10
2022-04-23,4,abcdefu,GAYLE,3,1,10
2022-04-23,5,Bam Bam,Camila Cabello Featuring Ed Sheeran,13,5,5
2022-04-23,6,Enemy,Imagine Dragons X JID,4,3,10
2022-04-23,7,Pepas,Farruko,9,4,10
2022-04-23,8,Love Nwantiti (Ah Ah Ah),CKay,8,5,10
2022-04-23,9,Where Are You Now,Lost Frequencies & Calum Scott,7,6,10
2022-04-23,10,Shivers,Ed Sheeran,6,4,10
2022-04-23,11,Cold Heart (PNAU Remix),Elton John & Dua Lipa,5,4,10
2022-04-23,12,Infinity,Jaymes Young,11,5,10
2022-04-23,13,Bad Habits,Ed Sheeran,14,7,10
2022-04-23,14,Stay,The Kid Laroi & Justin Bieber,12,10,10
2022-04-23,15,The Motto,Tiesto & Ava Max,15,10,10
2022-04-23,16,Thats What I Want,Lil Nas X,17,12,10
2022-04-23,17,Envolver,Anitta,16,12,3
2022-04-23,18,Industry Baby,Lil Nas X & Jack Harlow,19,12,10
2022-04-23,19,In My Head,Lil Tjay,10,10,2
2022-04-23,20,Starlight,Dave,18,16,4
2022-04-23,21,Peru,Fireboy DML & Ed Sheeran,-,20,3
2022-04-23,22,Do It To It,Acraze Featuring Cherish,20,13,10
2022-04-23,23,Middle Of The Night,Elley Duhe,25,23,2
2022-04-23,24,Woman,Doja Cat,-,20,6
2022-04-23,25,Thunder,Gabry Ponte X LUM!X X Prezioso,21,17,9
2022-04-30,1,As It Was,Harry Styles,1,1,3
2022-04-30,2,First Class,Jack Harlow,2,2,2
2022-04-30,3,Heat Waves,Glass Animals,3,1,11
2022-04-30,4,Bam Bam,Camila Cabello Featuring Ed Sheeran,5,4,6
2022-04-30,5,Pepas,Farruko,7,4,11
2022-04-30,6,abcdefu,GAYLE,4,1,11
2022-04-30,7,Shivers,Ed Sheeran,10,4,11
2022-04-30,8,Love Nwantiti (Ah Ah Ah),CKay,8,5,11
2022-04-30,9,Cold Heart (PNAU Remix),Elton John & Dua Lipa,11,4,11
2022-04-30,10,Where Are You Now,Lost Frequencies & Calum Scott,9,6,11
2022-04-30,11,Enemy,Imagine Dragons X JID,6,3,11
2022-04-30,12,Infinity,Jaymes Young,12,5,11
2022-04-30,13,Bad Habits,Ed Sheeran,13,7,11
2022-04-30,14,The Motto,Tiesto & Ava Max,15,10,11
2022-04-30,15,Envolver,Anitta,17,12,4
2022-04-30,16,Stay,The Kid Laroi & Justin Bieber,14,10,11
2022-04-30,17,Thats What I Want,Lil Nas X,16,12,11
2022-04-30,18,Industry Baby,Lil Nas X & Jack Harlow,18,12,11
2022-04-30,19,Peru,Fireboy DML & Ed Sheeran,21,19,4
2022-04-30,20,Emiliana,CKay,-,20,2
2022-04-30,21,Middle Of The Night,Elley Duhe,23,21,3
2022-04-30,22,La Fama,ROSALIA Featuring The Weeknd,-,19,3
2022-04-30,23,In My Head,Lil Tjay,19,10,3
2022-04-30,24,Starlight,Dave,20,16,5
2022-04-30,25,Love Tonight,Shouse,-,21,7
2022-05-07,1,As It Was,Harry Styles,1,1,4
2022-05-07,2,First Class,Jack Harlow,2,2,3
2022-05-07,3,Heat Waves,Glass Animals,3,1,12
2022-05-07,4,Bam Bam,Camila Cabello Featuring Ed Sheeran,4,4,7
2022-05-07,5,abcdefu,GAYLE,6,1,12
2022-05-07,6,Pepas,Farruko,5,4,12
2022-05-07,7,Cold Heart (PNAU Remix),Elton John & Dua Lipa,9,4,12
2022-05-07,8,Enemy,Imagine Dragons X JID,11,3,12
2022-05-07,9,Shivers,Ed Sheeran,7,4,12
2022-05-07,10,Where Are You Now,Lost Frequencies & Calum Scott,10,6,12
2022-05-07,11,We Made It,t-Low & Miksu / Macloud,-,11,1
2022-05-07,12,Love Nwantiti (Ah Ah Ah),CKay,8,5,12
2022-05-07,13,Infinity,Jaymes Young,12,5,12
2022-05-07,14,The Motto,Tiesto & Ava Max,14,10,12
2022-05-07,15,Middle Of The Night,Elley Duhe,21,15,4
2022-05-07,16,Stay,The Kid Laroi & Justin Bieber,16,10,12
2022-05-07,17,Bad Habits,Ed Sheeran,13,7,12
2022-05-07,18,Thats What I Want,Lil Nas X,17,12,12
2022-05-07,19,Envolver,Anitta,15,12,5
2022-05-07,20,Industry Baby,Lil Nas X & Jack Harlow,18,12,12
2022-05-07,21,Peru,Fireboy DML & Ed Sheeran,19,19,5
2022-05-07,22,Emiliana,CKay,20,20,3
2022-05-07,23,Starlight,Dave,24,16,6
2022-05-07,24,Another Love,Tom Odell,-,21,3
2022-05-07,25,Woman,Doja Cat,-,20,7
2022-05-14,1,Beautiful Girl,Luciano,-,1,1
2022-05-14,2,As It Was,Harry Styles,1,1,5
2022-05-14,3,First Class,Jack Harlow,2,2,4
2022-05-14,4,Heat Waves,Glass Animals,3,1,13
2022-05-14,5,Bam Bam,Camila Cabello Featuring Ed Sheeran,4,4,8
2022-05-14,6,Cold Heart (PNAU Remix),Elton John & Dua Lipa,7,4,13
2022-05-14,7,Pepas,Farruko,6,4,13
2022-05-14,8,abcdefu,GAYLE,5,1,13
2022-05-14,9,Shivers,Ed Sheeran,9,4,13
2022-05-14,10,Where Are You Now,Lost Frequencies & Calum Scott,10,6,13
2022-05-14,11,Enemy,Imagine Dragons X JID,8,3,13
2022-05-14,12,Middle Of The Night,Elley Duhe,15,12,5
2022-05-14,13,Infinity,Jaymes Young,13,5,13
2022-05-14,14,Love Nwantiti (Ah Ah Ah),CKay,12,5,13
2022-05-14,15,The Motto,Tiesto & Ava Max,14,10,13
2022-05-14,16,Bad Habits,Ed Sheeran,17,7,13
2022-05-14,17,Wait For U,Future Featuring Drake & Tems,-,17,1
2022-05-14,18,Stay,The Kid Laroi & Justin Bieber,16,10,13
2022-05-14,19,Thats What I Want,Lil Nas X,18,12,13
2022-05-14,20,Peru,Fireboy DML & Ed Sheeran,21,19,6
2022-05-14,21,We Made It,t-Low & Miksu / Macloud,11,11,2
2022-05-14,22,Industry Baby,Lil Nas X & Jack Harlow,20,12,13
2022-05-14,23,Envolver,Anitta,19,12,6
2022-05-14,24,Emiliana,CKay,22,20,4
2022-05-14,25,Love Tonight,Shouse,-,21,8
2022-05-21,1,Beautiful Girl,Luciano,1,1,2
2022-05-21,2,As It Was,Harry Styles,2,1,6
2022-05-21,3,First Class,Jack Harlow,3,2,5
2022-05-21,4,Heat Waves,Glass Animals,4,1,14
2022-05-21,5,Bam Bam,Camila Cabello Featuring Ed Sheeran,5,4,9
2022-05-21,6,Cold Heart (PNAU Remix),Elton John & Dua Lipa,6,4,14
2022-05-21,7,Pepas,Farruko,7,4,14
2022-05-21,8,Where Are You Now,Lost Frequencies & Calum Scott,10,6,14
2022-05-21,9,Shivers,Ed Sheeran,9,4,14
2022-05-21,10,abcdefu,GAYLE,8,1,14
2022-05-21,11,Middle Of The Night,Elley Duhe,12,11,6
2022-05-21,12,Sans Effet,Tayc,-,12,1
2022-05-21,13,Enemy,Imagine Dragons X JID,11,3,14
2022-05-21,14,Love Nwantiti (Ah Ah Ah),CKay,14,5,14
2022-05-21,15,About Damn Time,Lizzo,-,15,1
2022-05-21,16,The Motto,Tiesto & Ava Max,15,10,14
2022-05-21,17,Bad Habits,Ed Sheeran,16,7,14
2022-05-21,18,Infinity,Jaymes Young,13,5,14
2022-05-21,19,Peru,Fireboy DML & Ed Sheeran,20,19,7
2022-05-21,20,Stay,The Kid Laroi & Justin Bieber,18,10,14
2022-05-21,21,Emiliana,CKay,24,20,5
2022-05-21,22,Love Tonight,Shouse,25,21,9
2022-05-21,23,Moscow Mule,Bad Bunny,-,23,1
2022-05-21,24,Wait For U,Future Featuring Drake & Tems,17,17,2
2022-05-21,25,Industry Baby,Lil Nas X & Jack Harlow,22,12,14
2022-05-28,1,Beautiful Girl,Luciano,1,1,3
2022-05-28,2,As It Was,Harry Styles,2,1,7
2022-05-28,3,Bam Bam,Camila Cabello Featuring Ed Sheeran,5,3,10
2022-05-28,4,First Class,Jack Harlow,3,2,6
2022-05-28,5,N95,Kendrick Lamar,-,5,1
2022-05-28,6,Heat Waves,Glass Animals,4,1,15
2022-05-28,7,Cold Heart (PNAU Remix),Elton John & Dua Lipa,6,4,15
2022-05-28,8,Pepas,Farruko,7,4,15
2022-05-28,9,Middle Of The Night,Elley Duhe,11,9,7
2022-05-28,10,The Motto,Tiesto & Ava Max,16,10,15
2022-05-28,11,Shivers,Ed Sheeran,9,4,15
2022-05-28,12,Where Are You Now,Lost Frequencies & Calum Scott,8,6,15
2022-05-28,13,Die Hard,"Kendrick Lamar , Blxst & Amanda Reifer",-,13,1
2022-05-28,14,abcdefu,GAYLE,10,1,15
2022-05-28,15,About Damn Time,Lizzo,15,15,2
2022-05-28,16,Enemy,Imagine Dragons X JID,13,3,15
2022-05-28,17,Love Nwantiti (Ah Ah Ah),CKay,14,5,15
2022-05-28,18,CELINE 3X,Gazo,-,18,1
2022-05-28,19,United In Grief,Kendrick Lamar,-,19,1
2022-05-28,20,Bad Habits,Ed Sheeran,17,7,15
2022-05-28,21,Peru,Fireboy DML & Ed Sheeran,19,19,8
2022-05-28,22,Father Time,Kendrick Lamar Featuring Sampha,-,22,1
2022-05-28,23,Infinity,Jaymes Young,18,5,15
2022-05-28,24,Emiliana,CKay,21,20,6
2022-05-28,25,Suavemente,Soolking,-,25,1
2022-06-04,1,As It Was,Harry Styles,2,1,8
2022-06-04,2,Beautiful Girl,Luciano,1,1,4
2022-06-04,3,Bam Bam,Camila Cabello Featuring Ed Sheeran,3,3,11
2022-06-04,4,First Class,Jack Harlow,4,2,7
2022-06-04,5,Heat Waves,Glass Animals,6,1,16
2022-06-04,6,Cold Heart (PNAU Remix),Elton John & Dua Lipa,7,4,16
2022-06-04,7,Late Night Talking,Harry Styles,-,7,1
2022-06-04,8,Pepas,Farruko,8,4,16
2022-06-04,9,Tout Va Bien,Alonzo Featuring Ninha & Naps,-,9,1
2022-06-04,10,Where Are You Now,Lost Frequencies & Calum Scott,12,6,16
2022-06-04,11,Shivers,Ed Sheeran,11,4,16
2022-06-04,12,Middle Of The Night,Elley Duhe,9,9,8
2022-06-04,13,About Damn Time,Lizzo,15,13,3
2022-06-04,14,abcdefu,GAYLE,14,1,16
2022-06-04,15,Love Nwantiti (Ah Ah Ah),CKay,17,5,16
2022-06-04,16,Enemy,Imagine Dragons X JID,16,3,16
2022-06-04,17,The Motto,Tiesto & Ava Max,10,10,16
2022-06-04,18,Bad Habits,Ed Sheeran,20,7,16
2022-06-04,19,Stay,The Kid Laroi & Justin Bieber,-,10,15
2022-06-04,20,Suavemente,Soolking,25,20,2
2022-06-04,21,N95,Kendrick Lamar,5,5,2
2022-06-04,22,Peru,Fireboy DML & Ed Sheeran,21,19,9
2022-06-04,23,Emiliana,CKay,24,20,7
2022-06-04,24,Infinity,Jaymes Young,23,5,16
2022-06-04,25,Matilda,Harry Styles,-,25,1
2022-06-11,1,As It Was,Harry Styles,1,1,9
2022-06-11,2,Beautiful Girl,Luciano,2,1,5
2022-06-11,3,Bam Bam,Camila Cabello Featuring Ed Sheeran,3,3,12
2022-06-11,4,Running Up That Hill (A Deal With God),Kate Bush,-,4,1
2022-06-11,5,First Class,Jack Harlow,4,2,8
2022-06-11,6,Heat Waves,Glass Animals,5,1,17
2022-06-11,7,About Damn Time,Lizzo,13,7,4
2022-06-11,8,Cold Heart (PNAU Remix),Elton John & Dua Lipa,6,4,17
2022-06-11,9,Middle Of The Night,Elley Duhe,12,9,9
2022-06-11,10,Shivers,Ed Sheeran,11,4,17
2022-06-11,11,Where Are You Now,Lost Frequencies & Calum Scott,10,6,17
2022-06-11,12,Tout Va Bien,Alonzo Featuring Ninha & Naps,9,9,2
2022-06-11,13,Pepas,Farruko,8,4,17
2022-06-11,14,abcdefu,GAYLE,14,1,17
2022-06-11,15,Love Nwantiti (Ah Ah Ah),CKay,15,5,17
2022-06-11,16,Bad Habits,Ed Sheeran,18,7,17
2022-06-11,17,Enemy,Imagine Dragons X JID,16,3,17
2022-06-11,18,The Motto,Tiesto & Ava Max,17,10,17
2022-06-11,19,Late Night Talking,Harry Styles,7,7,2
2022-06-11,20,Suavemente,Soolking,20,20,3
2022-06-11,21,Ohne Benzin,Domiziana,-,21,1
2022-06-11,22,Infinity,Jaymes Young,24,5,17
2022-06-11,23,True Love,Kanye West & XXXTENTACION,-,23,1
2022-06-11,24,Peru,Fireboy DML & Ed Sheeran,22,19,10
2022-06-11,25,Stay,The Kid Laroi & Justin Bieber,19,10,16
2022-06-18,1,Running Up That Hill (A Deal With God),Kate Bush,4,1,2
2022-06-18,2,As It Was,Harry Styles,1,1,10
2022-06-18,3,Beautiful Girl,Luciano,2,1,6
2022-06-18,4,Bam Bam,Camila Cabello Featuring Ed Sheeran,3,3,13
2022-06-18,5,Heat Waves,Glass Animals,6,1,18
2022-06-18,6,First Class,Jack Harlow,5,2,9
2022-06-18,7,Middle Of The Night,Elley Duhe,9,7,10
2022-06-18,8,Cold Heart (PNAU Remix),Elton John & Dua Lipa,8,4,18
2022-06-18,9,Tout Va Bien,Alonzo Featuring Ninha & Naps,12,9,3
2022-06-18,10,About Damn Time,Lizzo,7,7,5
2022-06-18,11,Where Are You Now,Lost Frequencies & Calum Scott,11,6,18
2022-06-18,12,Pepas,Farruko,13,4,18
2022-06-18,13,Shivers,Ed Sheeran,10,4,18
2022-06-18,14,Molly - A Colors Show,Gazo,-,14,1
2022-06-18,15,Suavemente,Soolking,20,15,4
2022-06-18,16,Enemy,Imagine Dragons X JID,17,3,18
2022-06-18,17,Calm Down,Rema & Selena Gomez,-,17,1
2022-06-18,18,I Like You (A Happier Song),Post Malone Featuring Doja Cat,-,18,1
2022-06-18,19,abcdefu,GAYLE,14,1,18
2022-06-18,20,Love Nwantiti (Ah Ah Ah),CKay,15,5,18
2022-06-18,21,Bad Habits,Ed Sheeran,16,7,18
2022-06-18,22,The Motto,Tiesto & Ava Max,18,10,18
2022-06-18,23,Peru,Fireboy DML & Ed Sheeran,24,19,11
2022-06-18,24,Infinity,Jaymes Young,22,5,18
2022-06-18,25,Belly Dancer,Imanbek & BYOR,-,25,1
2022-06-25,1,Running Up That Hill (A Deal With God),Kate Bush,1,1,3
2022-06-25,2,As It Was,Harry Styles,2,1,11
2022-06-25,3,Bam Bam,Camila Cabello Featuring Ed Sheeran,4,3,14
2022-06-25,4,Beautiful Girl,Luciano,3,1,7
2022-06-25,5,Heat Waves,Glass Animals,5,1,19
2022-06-25,6,Calm Down,Rema & Selena Gomez,17,6,2
2022-06-25,7,First Class,Jack Harlow,6,2,10
2022-06-25,8,Cold Heart (PNAU Remix),Elton John & Dua Lipa,8,4,19
2022-06-25,9,Pepas,Farruko,12,4,19
2022-06-25,10,Tout Va Bien,Alonzo Featuring Ninha & Naps,9,9,4
2022-06-25,11,Middle Of The Night,Elley Duhe,7,7,11
2022-06-25,12,Where Are You Now,Lost Frequencies & Calum Scott,11,6,19
2022-06-25,13,Suavemente,Soolking,15,13,5
2022-06-25,14,Glimpse Of Us,Joji,-,14,1
2022-06-25,15,Enemy,Imagine Dragons X JID,16,3,19
2022-06-25,16,Shivers,Ed Sheeran,13,4,19
2022-06-25,17,About Damn Time,Lizzo,10,7,6
2022-06-25,18,Molly - A Colors Show,Gazo,14,14,2
2022-06-25,19,Belly Dancer,Imanbek & BYOR,25,19,2
2022-06-25,20,Love Nwantiti (Ah Ah Ah),CKay,20,5,19
2022-06-25,21,Dancarina,Pedro Sampaio & MC Pedrinho,-,21,1
2022-06-25,22,Peru,Fireboy DML & Ed Sheeran,23,19,12
2022-06-25,23,The Motto,Tiesto & Ava Max,22,10,19
2022-06-25,24,abcdefu,GAYLE,19,1,19
2022-06-25,25,Bad Habits,Ed Sheeran,21,7,19
2022-07-02,1,As It Was,Harry Styles,2,1,12
2022-07-02,2,Running Up That Hill (A Deal With God),Kate Bush,1,1,4
2022-07-02,3,Bam Bam,Camila Cabello Featuring Ed Sheeran,3,3,15
2022-07-02,4,Jimmy Cooks,Drake Featuring 21 Savage,-,4,1
2022-07-02,5,Glimpse Of Us,Joji,14,5,2
2022-07-02,6,Beautiful Girl,Luciano,4,1,8
2022-07-02,7,Calm Down,Rema & Selena Gomez,6,6,3
2022-07-02,8,Heat Waves,Glass Animals,5,1,20
2022-07-02,9,Pepas,Farruko,9,4,20
2022-07-02,10,Falling Back,Drake,-,10,1
2022-07-02,11,Cold Heart (PNAU Remix),Elton John & Dua Lipa,8,4,20
2022-07-02,12,Tout Va Bien,Alonzo Featuring Ninha & Naps,10,9,5
2022-07-02,13,First Class,Jack Harlow,7,2,11
2022-07-02,14,Middle Of The Night,Elley Duhe,11,7,12
2022-07-02,15,Suavemente,Soolking,13,13,6
2022-07-02,16,Enemy,Imagine Dragons X JID,15,3,20
2022-07-02,17,Where Are You Now,Lost Frequencies & Calum Scott,12,6,20
2022-07-02,18,Massive,Drake,-,18,1
2022-07-02,19,Molly - A Colors Show,Gazo,18,14,3
2022-07-02,20,Shivers,Ed Sheeran,16,4,20
2022-07-02,21,Belly Dancer,Imanbek & BYOR,19,19,3
2022-07-02,22,About Damn Time,Lizzo,17,7,7
2022-07-02,23,Sticky,Drake,-,23,1
2022-07-02,24,Love Nwantiti (Ah Ah Ah),CKay,20,5,20
2022-07-02,25,Bones,Imagine Dragons,-,25,1
2022-07-09,1,Chop (Nouvelle Ecole),Fresh Lapeufra,-,1,1
2022-07-09,2,As It Was,Harry Styles,1,1,13
2022-07-09,3,Running Up That Hill (A Deal With God),Kate Bush,2,1,5
2022-07-09,4,Glimpse Of Us,Joji,5,4,3
2022-07-09,5,Bam Bam,Camila Cabello Featuring Ed Sheeran,3,3,16
2022-07-09,6,Calm Down,Rema & Selena Gomez,7,6,4
2022-07-09,7,Beautiful Girl,Luciano,6,1,9
2022-07-09,8,Heat Waves,Glass Animals,8,1,21
2022-07-09,9,Jimmy Cooks,Drake Featuring 21 Savage,4,4,2
2022-07-09,10,Pepas,Farruko,9,4,21
2022-07-09,11,Suavemente,Soolking,15,11,7
2022-07-09,12,Tout Va Bien,Alonzo Featuring Ninha & Naps,12,9,6
2022-07-09,13,Cold Heart (PNAU Remix),Elton John & Dua Lipa,11,4,21
2022-07-09,14,Massive,Drake,18,14,2
2022-07-09,15,Middle Of The Night,Elley Duhe,14,7,13
2022-07-09,16,Molly - A Colors Show,Gazo,19,14,4
2022-07-09,17,Shivers,Ed Sheeran,20,4,21
2022-07-09,18,Where Are You Now,Lost Frequencies & Calum Scott,17,6,21
2022-07-09,19,First Class,Jack Harlow,13,2,12
2022-07-09,20,Break My Soul,Beyonce,-,20,1
2022-07-09,21,Belly Dancer,Imanbek & BYOR,21,19,4
2022-07-09,22,About Damn Time,Lizzo,22,7,8
2022-07-09,23,Love Nwantiti (Ah Ah Ah),CKay,24,5,21
2022-07-09,24,Ferrari,James Hype & Miggy Dela Rosa,-,24,1
2022-07-09,25,Enemy,Imagine Dragons X JID,16,3,21
2022-07-16,1,Chop (Nouvelle Ecole),Fresh Lapeufra,1,1,2
2022-07-16,2,Running Up That Hill (A Deal With God),Kate Bush,3,1,6
2022-07-16,3,As It Was,Harry Styles,2,1,14
2022-07-16,4,Calm Down,Rema & Selena Gomez,6,4,5
2022-07-16,5,Bodies,Gazo Featuring Damso,-,5,1
2022-07-16,6,Bam Bam,Camila Cabello Featuring Ed Sheeran,5,3,17
2022-07-16,7,Heat Waves,Glass Animals,8,1,22
2022-07-16,8,Beautiful Girl,Luciano,7,1,10
2022-07-16,9,Glimpse Of Us,Joji,4,4,4
2022-07-16,10,Pepas,Farruko,10,4,22
2022-07-16,11,Cold Heart (PNAU Remix),Elton John & Dua Lipa,13,4,22
2022-07-16,12,Rappel,Gazo,-,12,1
2022-07-16,13,Suavemente,Soolking,11,11,8
2022-07-16,14,Layla,DJ Robin & Schurze,-,14,1
2022-07-16,15,Tout Va Bien,Alonzo Featuring Ninha & Naps,12,9,7
2022-07-16,16,Belly Dancer,Imanbek & BYOR,21,16,5
2022-07-16,17,Jimmy Cooks,Drake Featuring 21 Savage,9,4,3
2022-07-16,18,Where Are You Now,Lost Frequencies & Calum Scott,18,6,22
2022-07-16,19,Ferrari,James Hype & Miggy Dela Rosa,24,19,2
2022-07-16,20,Shivers,Ed Sheeran,17,4,22
2022-07-16,21,About Damn Time,Lizzo,22,7,9
2022-07-16,22,I Ain't Worried,OneRepublic,-,22,1
2022-07-16,23,First Class,Jack Harlow,19,2,13
2022-07-16,24,Middle Of The Night,Elley Duhe,15,7,14
2022-07-16,25,Peru,Fireboy DML & Ed Sheeran,-,19,13
2022-07-23,1,As It Was,Harry Styles,3,1,15
2022-07-23,2,Running Up That Hill (A Deal With God),Kate Bush,2,1,7
2022-07-23,3,Chop (Nouvelle Ecole),Fresh Lapeufra,1,1,3
2022-07-23,4,Calm Down,Rema & Selena Gomez,4,4,6
2022-07-23,5,Layla,DJ Robin & Schurze,14,5,2
2022-07-23,6,Bam Bam,Camila Cabello Featuring Ed Sheeran,6,3,18
2022-07-23,7,Heat Waves,Glass Animals,7,1,23
2022-07-23,8,Beautiful Girl,Luciano,8,1,11
2022-07-23,9,Cold Heart (PNAU Remix),Elton John & Dua Lipa,11,4,23
2022-07-23,10,Pepas,Farruko,10,4,23
2022-07-23,11,Belly Dancer,Imanbek & BYOR,16,11,6
2022-07-23,12,Glimpse Of Us,Joji,9,4,5
2022-07-23,13,Suavemente,Soolking,13,11,9
2022-07-23,14,Kleiner Prinz,PASHANIM,-,14,1
2022-07-23,15,Where Are You Now,Lost Frequencies & Calum Scott,18,6,23
2022-07-23,16,Ferrari,James Hype & Miggy Dela Rosa,19,16,3
2022-07-23,17,Shivers,Ed Sheeran,20,4,23
2022-07-23,18,I Ain't Worried,OneRepublic,22,18,2
2022-07-23,19,Tout Va Bien,Alonzo Featuring Ninha & Naps,15,9,8
2022-07-23,20,About Damn Time,Lizzo,21,7,10
2022-07-23,21,Peru,Fireboy DML & Ed Sheeran,25,19,14
2022-07-23,22,Bodies,Gazo Featuring Damso,5,5,2
2022-07-23,23,Last Last,Burna Boy,-,23,1
2022-07-23,24,Middle Of The Night,Elley Duhe,24,7,15
2022-07-23,25,Jimmy Cooks,Drake Featuring 21 Savage,17,4,4
2022-07-30,1,Layla,DJ Robin & Schurze,5,1,3
2022-07-30,2,As It Was,Harry Styles,1,1,16
2022-07-30,3,Calm Down,Rema & Selena Gomez,4,3,7
2022-07-30,4,Running Up That Hill (A Deal With God),Kate Bush,2,1,8
2022-07-30,5,Chop (Nouvelle Ecole),Fresh Lapeufra,3,1,4
2022-07-30,6,Bam Bam,Camila Cabello Featuring Ed Sheeran,6,3,19
2022-07-30,7,Heat Waves,Glass Animals,7,1,24
2022-07-30,8,Cold Heart (PNAU Remix),Elton John & Dua Lipa,9,4,24
2022-07-30,9,Ferrari,James Hype & Miggy Dela Rosa,16,9,4
2022-07-30,10,Pepas,Farruko,10,4,24
2022-07-30,11,Letztes Mal,Bonez MC & RAF Camora,-,11,1
2022-07-30,12,Belly Dancer,Imanbek & BYOR,11,11,7
2022-07-30,13,Suavemente,Soolking,13,11,10
2022-07-30,14,Beautiful Girl,Luciano,8,1,12
2022-07-30,15,I Ain't Worried,OneRepublic,18,15,3
2022-07-30,16,Glimpse Of Us,Joji,12,4,6
2022-07-30,17,Where Are You Now,Lost Frequencies & Calum Scott,15,6,24
2022-07-30,18,Shivers,Ed Sheeran,17,4,24
2022-07-30,19,Last Last,Burna Boy,23,19,2
2022-07-30,20,Peru,Fireboy DML & Ed Sheeran,21,19,15
2022-07-30,21,About Damn Time,Lizzo,20,7,11
2022-07-30,22,Tout Va Bien,Alonzo Featuring Ninha & Naps,19,9,9
2022-07-30,23,Commitment Issues,RIN,-,23,1
2022-07-30,24,Love Tonight,Shouse,-,21,10
2022-07-30,25,Fade Up,"ZEG P, Hamza & SCH",-,25,1
2022-08-06,1,Layla,DJ Robin & Schurze,1,1,4
2022-08-06,2,As It Was,Harry Styles,2,1,17
2022-08-06,3,Doja,Central Cee,-,3,1
2022-08-06,4,Calm Down,Rema & Selena Gomez,3,3,8
2022-08-06,5,Running Up That Hill (A Deal With God),Kate Bush,4,1,9
2022-08-06,6,Bam Bam,Camila Cabello Featuring Ed Sheeran,6,3,20
2022-08-06,7,Chop (Nouvelle Ecole),Fresh Lapeufra,5,1,5
2022-08-06,8,Ferrari,James Hype & Miggy Dela Rosa,9,8,5
2022-08-06,9,Heat Waves,Glass Animals,7,1,25
2022-08-06,10,Cold Heart (PNAU Remix),Elton John & Dua Lipa,8,4,25
2022-08-06,11,Belly Dancer,Imanbek & BYOR,12,11,8
2022-08-06,12,Pepas,Farruko,10,4,25
2022-08-06,13,I Ain't Worried,OneRepublic,15,13,4
2022-08-06,14,Fade Up,"ZEG P, Hamza & SCH",25,14,2
2022-08-06,15,Beautiful Girl,Luciano,14,1,13
2022-08-06,16,Suavemente,Soolking,13,11,11
2022-08-06,17,Where Are You Now,Lost Frequencies & Calum Scott,17,6,25
2022-08-06,18,Shivers,Ed Sheeran,18,4,25
2022-08-06,19,Glimpse Of Us,Joji,16,4,7
2022-08-06,20,Are You Entertained,Russ & Ed Sheeran,-,20,1
2022-08-06,21,Peru,Fireboy DML & Ed Sheeran,20,19,16
2022-08-06,22,Last Last,Burna Boy,19,19,3
2022-08-06,23,About Damn Time,Lizzo,21,7,12
2022-08-06,24,Bad Habits,Ed Sheeran,-,7,20
2022-08-06,25,Tout Va Bien,Alonzo Featuring Ninha & Naps,22,9,10
2022-08-13,1,Layla,DJ Robin & Schurze,1,1,5
2022-08-13,2,Doja,Central Cee,3,2,2
2022-08-13,3,As It Was,Harry Styles,2,1,18
2022-08-13,4,Calm Down,Rema & Selena Gomez,4,3,9
2022-08-13,5,Running Up That Hill (A Deal With God),Kate Bush,5,1,10
2022-08-13,6,Bam Bam,Camila Cabello Featuring Ed Sheeran,6,3,21
2022-08-13,7,Ferrari,James Hype & Miggy Dela Rosa,8,7,6
2022-08-13,8,Heat Waves,Glass Animals,9,1,26
2022-08-13,9,Cold Heart (PNAU Remix),Elton John & Dua Lipa,10,4,26
2022-08-13,10,I Ain't Worried,OneRepublic,13,10,5
2022-08-13,11,Dancarina,Pedro Sampaio & MC Pedrinho,-,11,2
2022-08-13,12,Pepas,Farruko,12,4,26
2022-08-13,13,Fade Up,"ZEG P, Hamza & SCH",14,13,3
2022-08-13,14,Belly Dancer,Imanbek & BYOR,11,11,9
2022-08-13,15,Beautiful Girl,Luciano,15,1,14
2022-08-13,16,Chop (Nouvelle Ecole),Fresh Lapeufra,7,1,6
2022-08-13,17,Frozen Tears,Luciano,-,17,1
2022-08-13,18,Last Last,Burna Boy,22,18,4
2022-08-13,19,Where Are You Now,Lost Frequencies & Calum Scott,17,6,26
2022-08-13,20,Break My Soul,Beyonce,-,20,2
2022-08-13,21,Suavemente,Soolking,16,11,12
2022-08-13,22,Shivers,Ed Sheeran,18,4,26
2022-08-13,23,Despecha,ROSALIA,-,23,1
2022-08-13,24,Peru,Fireboy DML & Ed Sheeran,21,19,17
2022-08-13,25,Glimpse Of Us,Joji,19,4,8
2022-08-20,1,As It Was,Harry Styles,3,1,19
2022-08-20,2,Calm Down,Rema & Selena Gomez,4,2,10
2022-08-20,3,Doja,Central Cee,2,2,3
2022-08-20,4,Layla,DJ Robin & Schurze,1,1,6
2022-08-20,5,Running Up That Hill (A Deal With God),Kate Bush,5,1,11
2022-08-20,6,Ferrari,James Hype & Miggy Dela Rosa,7,6,7
2022-08-20,7,Bam Bam,Camila Cabello Featuring Ed Sheeran,6,3,22
2022-08-20,8,I Ain't Worried,OneRepublic,10,8,6
2022-08-20,9,Heat Waves,Glass Animals,8,1,27
2022-08-20,10,Cold Heart (PNAU Remix),Elton John & Dua Lipa,9,4,27
2022-08-20,11,Dancarina,Pedro Sampaio & MC Pedrinho,11,11,3
2022-08-20,12,Belly Dancer,Imanbek & BYOR,14,11,10
2022-08-20,13,Pepas,Farruko,12,4,27
2022-08-20,14,Fade Up,"ZEG P, Hamza & SCH",13,13,4
2022-08-20,15,Sommer,Bonez MC & RAF Camora,-,15,1
2022-08-20,16,Staying Alive,DJ Khaled Featuring Drake & Lil Baby,-,16,1
2022-08-20,17,Last Last,Burna Boy,18,17,5
2022-08-20,18,Where Are You Now,Lost Frequencies & Calum Scott,19,6,27
2022-08-20,19,Suavemente,Soolking,21,11,13
2022-08-20,20,Beautiful Girl,Luciano,15,1,15
2022-08-20,21,Shivers,Ed Sheeran,22,4,27
2022-08-20,22,Despecha,ROSALIA,23,22,2
2022-08-20,23,Break My Soul,Beyonce,20,20,3
2022-08-20,24,Chop (Nouvelle Ecole),Fresh Lapeufra,16,1,7
2022-08-20,25,Under The Influence,Chris Brown,-,25,1
2022-08-27,1,As It Was,Harry Styles,1,1,20
2022-08-27,2,Calm Down,Rema & Selena Gomez,2,2,11
2022-08-27,3,Doja,Central Cee,3,2,4
2022-08-27,4,Ferrari,James Hype & Miggy Dela Rosa,6,4,8
2022-08-27,5,Layla,DJ Robin & Schurze,4,1,7
2022-08-27,6,I Ain't Worried,OneRepublic,8,6,7
2022-08-27,7,Die,Gazo,-,7,1
2022-08-27,8,Bam Bam,Camila Cabello Featuring Ed Sheeran,7,3,23
2022-08-27,9,Running Up That Hill (A Deal With God),Kate Bush,5,1,12
2022-08-27,10,Heat Waves,Glass Animals,9,1,28
2022-08-27,11,Despecha,ROSALIA,22,11,3
2022-08-27,12,Cold Heart (PNAU Remix),Elton John & Dua Lipa,10,4,28
2022-08-27,13,Belly Dancer,Imanbek & BYOR,12,11,11
2022-08-27,14,Dancarina,Pedro Sampaio & MC Pedrinho,11,11,4
2022-08-27,15,Pepas,Farruko,13,4,28
2022-08-27,16,Fade Up,"ZEG P, Hamza & SCH",14,13,5
2022-08-27,17,Last Last,Burna Boy,17,17,6
2022-08-27,18,Where Are You Now,Lost Frequencies & Calum Scott,18,6,28
2022-08-27,19,Under The Influence,Chris Brown,25,19,2
2022-08-27,20,Suavemente,Soolking,19,11,14
2022-08-27,21,Beautiful Girl,Luciano,20,1,16
2022-08-27,22,Shivers,Ed Sheeran,21,4,28
2022-08-27,23,Snap,Rosa Linn,-,23,1
2022-08-27,24,Nachts Wach,Miksu / Macloud & makko,-,24,1
2022-08-27,25,About Damn Time,Lizzo,-,7,13
2022-09-03,1,Die,Gazo,7,1,2
2022-09-03,2,As It Was,Harry Styles,1,1,21
2022-09-03,3,Calm Down,Rema & Selena Gomez,2,2,12
2022-09-03,4,Doja,Central Cee,3,2,5
2022-09-03,5,Ferrari,James Hype & Miggy Dela Rosa,4,4,9
2022-09-03,6,I Ain't Worried,OneRepublic,6,6,8
2022-09-03,7,Bam Bam,Camila Cabello Featuring Ed Sheeran,8,3,24
2022-09-03,8,Layla,DJ Robin & Schurze,5,1,8
2022-09-03,9,Wildberry Lillet,Nina Chuba,-,9,1
2022-09-03,10,Dancarina,Pedro Sampaio & MC Pedrinho,14,10,5
2022-09-03,11,Running Up That Hill (A Deal With God),Kate Bush,9,1,13
2022-09-03,12,Heat Waves,Glass Animals,10,1,29
2022-09-03,13,Despecha,ROSALIA,11,11,4
2022-09-03,14,Cold Heart (PNAU Remix),Elton John & Dua Lipa,12,4,29
2022-09-03,15,Belly Dancer,Imanbek & BYOR,13,11,12
2022-09-03,16,Fade Up,"ZEG P, Hamza & SCH",16,13,6
2022-09-03,17,Under The Influence,Chris Brown,19,17,3
2022-09-03,18,Pepas,Farruko,15,4,29
2022-09-03,19,Another Love,Tom Odell,-,19,4
2022-09-03,20,Pink Venom,BLACKPINK,-,20,1
2022-09-03,21,Last Last,Burna Boy,17,17,7
2022-09-03,22,Snap,Rosa Linn,23,22,2
2022-09-03,23,Where Are You Now,Lost Frequencies & Calum Scott,18,6,29
2022-09-03,24,Don't You Worry,"Black Eyed Peas, Shakira + David Guetta",-,24,1
2022-09-03,25,Suavemente,Soolking,20,11,15
2022-09-10,1,Die,Gazo,1,1,3
2022-09-10,2,Calm Down,Rema & Selena Gomez,3,2,13
2022-09-10,3,As It Was,Harry Styles,2,1,22
2022-09-10,4,Doja,Central Cee,4,2,6
2022-09-10,5,I Ain't Worried,OneRepublic,6,5,9
2022-09-10,6,Ferrari,James Hype & Miggy Dela Rosa,5,4,10
2022-09-10,7,I'm Good (Blue),David Guetta & Bebe Rexha,-,7,1
2022-09-10,8,Nachts Wach,Miksu / Macloud & makko,-,8,2
2022-09-10,9,Wildberry Lillet,Nina Chuba,9,9,2
2022-09-10,10,Under The Influence,Chris Brown,17,10,4
2022-09-10,11,Layla,DJ Robin & Schurze,8,1,9
2022-09-10,12,Dancarina,Pedro Sampaio & MC Pedrinho,10,10,6
2022-09-10,13,Bam Bam,Camila Cabello Featuring Ed Sheeran,7,3,25
2022-09-10,14,Running Up That Hill (A Deal With God),Kate Bush,11,1,14
2022-09-10,15,Despecha,ROSALIA,13,11,5
2022-09-10,16,Heat Waves,Glass Animals,12,1,30
2022-09-10,17,Another Love,Tom Odell,19,17,5
2022-09-10,18,Cold Heart (PNAU Remix),Elton John & Dua Lipa,14,4,30
2022-09-10,19,Belly Dancer,Imanbek & BYOR,15,11,13
2022-09-10,20,Fade Up,"ZEG P, Hamza & SCH",16,13,7
2022-09-10,21,Pepas,Farruko,18,4,30
2022-09-10,22,Last Last,Burna Boy,21,17,8
2022-09-10,23,Don't You Worry,"Black Eyed Peas, Shakira + David Guetta",24,23,2
2022-09-10,24,Snap,Rosa Linn,22,22,3
2022-09-10,25,Beautiful Girl,Luciano,-,1,17
2022-09-17,1,Die,Gazo,1,1,4
2022-09-17,2,Calm Down,Rema & Selena Gomez,2,2,14
2022-09-17,3,I'm Good (Blue),David Guetta & Bebe Rexha,7,3,2
2022-09-17,4,As It Was,Harry Styles,3,1,23
2022-09-17,5,I Ain't Worried,OneRepublic,5,5,10
2022-09-17,6,Doja,Central Cee,4,2,7
2022-09-17,7,Ferrari,James Hype & Miggy Dela Rosa,6,4,11
2022-09-17,8,Nachts Wach,Miksu / Macloud & makko,8,8,3
2022-09-17,9,Under The Influence,Chris Brown,10,9,5
2022-09-17,10,Dancarina,Pedro Sampaio & MC Pedrinho,12,10,7
2022-09-17,11,Despecha,ROSALIA,15,11,6
2022-09-17,12,Bam Bam,Camila Cabello Featuring Ed Sheeran,13,3,26
2022-09-17,13,Another Love,Tom Odell,17,13,6
2022-09-17,14,Wildberry Lillet,Nina Chuba,9,9,3
2022-09-17,15,Heat Waves,Glass Animals,16,1,31
2022-09-17,16,Layla,DJ Robin & Schurze,11,1,10
2022-09-17,17,Don't You Worry,"Black Eyed Peas, Shakira + David Guetta",23,17,3
2022-09-17,18,Fade Up,"ZEG P, Hamza & SCH",20,13,8
2022-09-17,19,Belly Dancer,Imanbek & BYOR,19,11,14
2022-09-17,20,Running Up That Hill (A Deal With God),Kate Bush,14,1,15
2022-09-17,21,Taxi,Bonez MC & RAF Camora Featuring Gzuz,-,21,1
2022-09-17,22,Cold Heart (PNAU Remix),Elton John & Dua Lipa,18,4,31
2022-09-17,23,Last Last,Burna Boy,22,17,9
2022-09-17,24,Snap,Rosa Linn,24,22,4
2022-09-17,25,Pepas,Farruko,21,4,31
2022-09-24,1,Die,Gazo,1,1,5
2022-09-24,2,I'm Good (Blue),David Guetta & Bebe Rexha,3,2,3
2022-09-24,3,Calm Down,Rema & Selena Gomez,2,2,15
2022-09-24,4,As It Was,Harry Styles,4,1,24
2022-09-24,5,I Ain't Worried,OneRepublic,5,5,11
2022-09-24,6,Doja,Central Cee,6,2,8
2022-09-24,7,Ferrari,James Hype & Miggy Dela Rosa,7,4,12
2022-09-24,8,Under The Influence,Chris Brown,9,8,6
2022-09-24,9,Nachts Wach,Miksu / Macloud & makko,8,8,4
2022-09-24,10,Another Love,Tom Odell,13,10,7
2022-09-24,11,Despecha,ROSALIA,11,11,7
2022-09-24,12,Ku Lo Sa,Oxlade,-,12,1
2022-09-24,13,Bam Bam,Camila Cabello Featuring Ed Sheeran,12,3,27
2022-09-24,14,Dancarina,Pedro Sampaio & MC Pedrinho,10,10,8
2022-09-24,15,Heat Waves,Glass Animals,15,1,32
2022-09-24,16,Snap,Rosa Linn,24,16,5
2022-09-24,17,Wildberry Lillet,Nina Chuba,14,9,4
2022-09-24,18,Running Up That Hill (A Deal With God),Kate Bush,20,1,16
2022-09-24,19,Belly Dancer,Imanbek & BYOR,19,11,15
2022-09-24,20,Fade Up,"ZEG P, Hamza & SCH",18,13,9
2022-09-24,21,Cold Heart (PNAU Remix),Elton John & Dua Lipa,22,4,32
2022-09-24,22,Don't You Worry,"Black Eyed Peas, Shakira + David Guetta",17,17,4
2022-09-24,23,Layla,DJ Robin & Schurze,16,1,11
2022-09-24,24,Last Last,Burna Boy,23,17,10
2022-09-24,25,Pepas,Farruko,25,4,32
2022-10-01,1,I'm Good (Blue),David Guetta & Bebe Rexha,2,1,4
2022-10-01,2,Die,Gazo,1,1,6
2022-10-01,3,Calm Down,Rema & Selena Gomez,3,2,16
2022-10-01,4,Doja,Central Cee,6,2,9
2022-10-01,5,I Ain't Worried,OneRepublic,5,5,12
2022-10-01,6,As It Was,Harry Styles,4,1,25
2022-10-01,7,Ferrari,James Hype & Miggy Dela Rosa,7,4,13
2022-10-01,8,Under The Influence,Chris Brown,8,8,7
2022-10-01,9,Another Love,Tom Odell,10,9,8
2022-10-01,10,Wildberry Lillet,Nina Chuba,17,9,5
2022-10-01,11,Nachts Wach,Miksu / Macloud & makko,9,8,5
2022-10-01,12,Despecha,ROSALIA,11,11,8
2022-10-01,13,Ku Lo Sa,Oxlade,12,12,2
2022-10-01,14,Snap,Rosa Linn,16,14,6
2022-10-01,15,Dancarina,Pedro Sampaio & MC Pedrinho,14,10,9
2022-10-01,16,Bam Bam,Camila Cabello Featuring Ed Sheeran,13,3,28
2022-10-01,17,Heat Waves,Glass Animals,15,1,33
2022-10-01,18,Shut Down,BLACKPINK,-,18,1
2022-10-01,19,Cold Heart (PNAU Remix),Elton John & Dua Lipa,21,4,33
2022-10-01,20,Running Up That Hill (A Deal With God),Kate Bush,18,1,17
2022-10-01,21,Don't You Worry,"Black Eyed Peas, Shakira + David Guetta",22,17,5
2022-10-01,22,Belly Dancer,Imanbek & BYOR,19,11,16
2022-10-01,23,Fade Up,"ZEG P, Hamza & SCH",20,13,10
2022-10-01,24,Como Tu,Barbara Bandeira Featuring Ivandro,-,24,1
2022-10-01,25,Last Last,Burna Boy,24,17,11
2022-10-08,1,Bamba,Luciano & Aitch Featuring Bia,-,1,1
2022-10-08,2,I'm Good (Blue),David Guetta & Bebe Rexha,1,1,5
2022-10-08,3,Calm Down,Rema & Selena Gomez,3,2,17
2022-10-08,4,Unholy,Sam Smith & Kim Petras,-,4,1
2022-10-08,5,Die,Gazo,2,1,7
2022-10-08,6,I Ain't Worried,OneRepublic,5,5,13
2022-10-08,7,As It Was,Harry Styles,6,1,26
2022-10-08,8,Doja,Central Cee,4,2,10
2022-10-08,9,Under The Influence,Chris Brown,8,8,8
2022-10-08,10,Ferrari,James Hype & Miggy Dela Rosa,7,4,14
2022-10-08,11,Another Love,Tom Odell,9,9,9
2022-10-08,12,Despecha,ROSALIA,12,11,9
2022-10-08,13,Wildberry Lillet,Nina Chuba,10,9,6
2022-10-08,14,Nachts Wach,Miksu / Macloud & makko,11,8,6
2022-10-08,15,Ku Lo Sa,Oxlade,13,12,3
2022-10-08,16,Dancarina,Pedro Sampaio & MC Pedrinho,15,10,10
2022-10-08,17,Snap,Rosa Linn,14,14,7
2022-10-08,18,Bam Bam,Camila Cabello Featuring Ed Sheeran,16,3,29
2022-10-08,19,Heat Waves,Glass Animals,17,1,34
2022-10-08,20,Beautiful Girl,Luciano,-,1,18
2022-10-08,21,Cold Heart (PNAU Remix),Elton John & Dua Lipa,19,4,34
2022-10-08,22,Fade Up,"ZEG P, Hamza & SCH",23,13,11
2022-10-08,23,Don't You Worry,"Black Eyed Peas, Shakira + David Guetta",21,17,6
2022-10-08,24,Bones,Imagine Dragons,-,24,2
2022-10-08,25,Belly Dancer,Imanbek & BYOR,22,11,17
2022-10-15,1,Bamba,Luciano & Aitch Featuring Bia,1,1,2
2022-10-15,2,I'm Good (Blue),David Guetta & Bebe Rexha,2,1,6
2022-10-15,3,Unholy,Sam Smith & Kim Petras,4,3,2
2022-10-15,4,Calm Down,Rema & Selena Gomez,3,2,18
2022-10-15,5,Die,Gazo,5,1,8
2022-10-15,6,West Connect,Luciano & Central Cee,-,6,1
2022-10-15,7,I Ain't Worried,OneRepublic,6,5,14
2022-10-15,8,As It Was,Harry Styles,7,1,27
2022-10-15,9,Under The Influence,Chris Brown,9,8,9
2022-10-15,10,Doja,Central Cee,8,2,11
2022-10-15,11,Another Love,Tom Odell,11,9,10
2022-10-15,12,Despecha,ROSALIA,12,11,10
2022-10-15,13,Wildberry Lillet,Nina Chuba,13,9,7
2022-10-15,14,Beautiful Girl,Luciano,20,1,19
2022-10-15,15,Ku Lo Sa,Oxlade,15,12,4
2022-10-15,16,Nachts Wach,Miksu / Macloud & makko,14,8,7
2022-10-15,17,Ferrari,James Hype & Miggy Dela Rosa,10,4,15
2022-10-15,18,Snap,Rosa Linn,17,14,8
2022-10-15,19,Dancarina,Pedro Sampaio & MC Pedrinho,16,10,11
2022-10-15,20,Cuff It,Beyonce,-,20,1
2022-10-15,21,Star Walkin' (League Of Legends Worlds Anthem),Lil Nas X,-,21,1
2022-10-15,22,Gangsta's Paradise,Coolio Featuring L.V.,-,22,1
2022-10-15,23,Bam Bam,Camila Cabello Featuring Ed Sheeran,18,3,30
2022-10-15,24,Heat Waves,Glass Animals,19,1,35
2022-10-15,25,Drill LUV,Luciano,-,25,1
2022-10-22,1,I'm Good (Blue),David Guetta & Bebe Rexha,2,1,7
2022-10-22,2,Calm Down,Rema & Selena Gomez,4,2,19
2022-10-22,3,Unholy,Sam Smith & Kim Petras,3,3,3
2022-10-22,4,Bamba,Luciano & Aitch Featuring Bia,1,1,3
2022-10-22,5,Die,Gazo,5,1,9
2022-10-22,6,I Ain't Worried,OneRepublic,7,5,15
2022-10-22,7,Under The Influence,Chris Brown,9,7,10
2022-10-22,8,Another Love,Tom Odell,11,8,11
2022-10-22,9,As It Was,Harry Styles,8,1,28
2022-10-22,10,Doja,Central Cee,10,2,12
2022-10-22,11,Cayenne,RZ,-,11,1
2022-10-22,12,West Connect,Luciano & Central Cee,6,6,2
2022-10-22,13,Cuff It,Beyonce,20,13,2
2022-10-22,14,Despecha,ROSALIA,12,11,11
2022-10-22,15,Wildberry Lillet,Nina Chuba,13,9,8
2022-10-22,16,Snap,Rosa Linn,18,14,9
2022-10-22,17,Ku Lo Sa,Oxlade,15,12,5
2022-10-22,18,Ferrari,James Hype & Miggy Dela Rosa,17,4,16
2022-10-22,19,Nachts Wach,Miksu / Macloud & makko,16,8,8
2022-10-22,20,Beautiful Girl,Luciano,14,1,20
2022-10-22,21,Dancarina,Pedro Sampaio & MC Pedrinho,19,10,12
2022-10-22,22,Hold Me Closer,Elton John & Britney Spears,-,22,1
2022-10-22,23,Star Walkin' (League Of Legends Worlds Anthem),Lil Nas X,21,21,2
2022-10-22,24,Bam Bam,Camila Cabello Featuring Ed Sheeran,23,3,31
2022-10-22,25,Heat Waves,Glass Animals,24,1,36
2022-10-29,1,Unholy,Sam Smith & Kim Petras,3,1,4
2022-10-29,2,I'm Good (Blue),David Guetta & Bebe Rexha,1,1,8
2022-10-29,3,Calm Down,Rema & Selena Gomez,2,2,20
2022-10-29,4,Bamba,Luciano & Aitch Featuring Bia,4,1,4
2022-10-29,5,Die,Gazo,5,1,10
2022-10-29,6,I Ain't Worried,OneRepublic,6,5,16
2022-10-29,7,Under The Influence,Chris Brown,7,7,11
2022-10-29,8,Another Love,Tom Odell,8,8,12
2022-10-29,9,Miss You,Oliver Tree & Robin Schulz,-,9,1
2022-10-29,10,Doja,Central Cee,10,2,13
2022-10-29,11,As It Was,Harry Styles,9,1,29
2022-10-29,12,Snap,Rosa Linn,16,12,10
2022-10-29,13,Cuff It,Beyonce,13,13,3
2022-10-29,14,Despecha,ROSALIA,14,11,12
2022-10-29,15,Miss You,southstar,-,15,1
2022-10-29,16,Wildberry Lillet,Nina Chuba,15,9,9
2022-10-29,17,One Up,Central Cee,-,17,1
2022-10-29,18,Ku Lo Sa,Oxlade,17,12,6
2022-10-29,19,Ferrari,James Hype & Miggy Dela Rosa,18,4,17
2022-10-29,20,Nachts Wach,Miksu / Macloud & makko,19,8,9
2022-10-29,21,Star Walkin' (League Of Legends Worlds Anthem),Lil Nas X,23,21,3
2022-10-29,22,West Connect,Luciano & Central Cee,12,6,3
2022-10-29,23,Dancarina,Pedro Sampaio & MC Pedrinho,21,10,13
2022-10-29,24,Poland,Lil Yachty,-,24,1
2022-10-29,25,How Do I Say Goodbye,Dean Lewis,-,25,1
2022-11-05,1,Unholy,Sam Smith & Kim Petras,1,1,5
2022-11-05,2,I'm Good (Blue),David Guetta & Bebe Rexha,2,1,9
2022-11-05,3,Calm Down,Rema & Selena Gomez,3,2,21
2022-11-05,4,Die,Gazo,5,1,11
2022-11-05,5,Bamba,Luciano & Aitch Featuring Bia,4,1,5
2022-11-05,6,Anti-Hero,Taylor Swift,-,6,1
2022-11-05,7,I Ain't Worried,OneRepublic,6,5,17
2022-11-05,8,Another Love,Tom Odell,8,8,13
2022-11-05,9,Under The Influence,Chris Brown,7,7,12
2022-11-05,10,Miss You,Oliver Tree & Robin Schulz,9,9,2
2022-11-05,11,Doja,Central Cee,10,2,14
2022-11-05,12,Lavender Haze,Taylor Swift,-,12,1
2022-11-05,13,Snow On The Beach,Taylor Swift Featuring Lana Del Rey,-,13,1
2022-11-05,14,Cuff It,Beyonce,13,13,4
2022-11-05,15,Snap,Rosa Linn,12,12,11
2022-11-05,16,As It Was,Harry Styles,11,1,30
2022-11-05,17,Despecha,ROSALIA,14,11,13
2022-11-05,18,Zukunft Pink,Peter Fox Featuring Inez,-,18,1
2022-11-05,19,Midnight Rain,Taylor Swift,-,19,1
2022-11-05,20,Maroon,Taylor Swift,-,20,1
2022-11-05,21,Wildberry Lillet,Nina Chuba,16,9,10
2022-11-05,22,"You're On Your Own, Kid",Taylor Swift,-,22,1
2022-11-05,23,Miss You,southstar,15,15,2
2022-11-05,24,Vigilante Shit,Taylor Swift,-,24,1
2022-11-05,25,Ku Lo Sa,Oxlade,18,12,7
2022-11-12,1,Unholy,Sam Smith & Kim Petras,1,1,6
2022-11-12,2,I'm Good (Blue),David Guetta & Bebe Rexha,2,1,10
2022-11-12,3,Calm Down,Rema & Selena Gomez,3,2,22
2022-11-12,4,Lift Me Up,Rihanna,-,4,1
2022-11-12,5,Die,Gazo,4,1,12
2022-11-12,6,Bamba,Luciano & Aitch Featuring Bia,5,1,6
2022-11-12,7,I Ain't Worried,OneRepublic,7,5,18
2022-11-12,8,Another Love,Tom Odell,8,8,14
2022-11-12,9,Under The Influence,Chris Brown,9,7,13
2022-11-12,10,Anti-Hero,Taylor Swift,6,6,2
2022-11-12,11,Miss You,Oliver Tree & Robin Schulz,10,9,3
2022-11-12,12,Cuff It,Beyonce,14,12,5
2022-11-12,13,As It Was,Harry Styles,16,1,31
2022-11-12,14,Snap,Rosa Linn,15,12,12
2022-11-12,15,Doja,Central Cee,11,2,15
2022-11-12,16,Zukunft Pink,Peter Fox Featuring Inez,18,16,2
2022-11-12,17,Despecha,ROSALIA,17,11,14
2022-11-12,18,Wildberry Lillet,Nina Chuba,21,9,11
2022-11-12,19,Ferrari,James Hype & Miggy Dela Rosa,-,4,18
2022-11-12,20,Ku Lo Sa,Oxlade,25,12,8
2022-11-12,21,Nachts Wach,Miksu / Macloud & makko,-,8,10
2022-11-12,22,Dancarina,Pedro Sampaio & MC Pedrinho,-,10,14
2022-11-12,23,Star Walkin' (League Of Legends Worlds Anthem),Lil Nas X,-,21,4
2022-11-12,24,Miss You,southstar,23,15,3
2022-11-12,25,Beautiful Girl,Luciano,-,1,21
2022-11-19,1,Unholy,Sam Smith & Kim Petras,1,1,7
2022-11-19,2,Calm Down,Rema & Selena Gomez,3,2,23
2022-11-19,3,I'm Good (Blue),David Guetta & Bebe Rexha,2,1,11
2022-11-19,4,Rich Flex,Drake & 21 Savage,-,4,1
2022-11-19,5,Major Distribution,Drake & 21 Savage,-,5,1
2022-11-19,6,Die,Gazo,5,1,13
2022-11-19,7,Pussy & Millions,Drake & 21 Savage Featuring Travis Scott,-,7,1
2022-11-19,8,Miss You,Oliver Tree & Robin Schulz,11,8,4
2022-11-19,9,Another Love,Tom Odell,8,8,15
2022-11-19,10,Anti-Hero,Taylor Swift,10,6,3
2022-11-19,11,Bamba,Luciano & Aitch Featuring Bia,6,1,7
2022-11-19,12,I Ain't Worried,OneRepublic,7,5,19
2022-11-19,13,Lift Me Up,Rihanna,4,4,2
2022-11-19,14,On BS,Drake & 21 Savage,-,14,1
2022-11-19,15,Under The Influence,Chris Brown,9,7,14
2022-11-19,16,Circo Loco,Drake & 21 Savage,-,16,1
2022-11-19,17,Spin Bout U,Drake & 21 Savage,-,17,1
2022-11-19,18,Privileged Rappers,Drake & 21 Savage,-,18,1
2022-11-19,19,BackOutsideBoyz,Drake,-,19,1
2022-11-19,20,Zukunft Pink,Peter Fox Featuring Inez,16,16,3
2022-11-19,21,Cuff It,Beyonce,12,12,6
2022-11-19,22,As It Was,Harry Styles,13,1,32
2022-11-19,23,Doja,Central Cee,15,2,16
2022-11-19,24,Snap,Rosa Linn,14,12,13
2022-11-19,25,Despecha,ROSALIA,17,11,15
2022-11-26,1,Unholy,Sam Smith & Kim Petras,1,1,8
2022-11-26,2,Calm Down,Rema & Selena Gomez,2,2,24
2022-11-26,3,I'm Good (Blue),David Guetta & Bebe Rexha,3,1,12
2022-11-26,4,Another Love,Tom Odell,9,4,16
2022-11-26,5,Miss You,Oliver Tree & Robin Schulz,8,5,5
2022-11-26,6,Die,Gazo,6,1,14
2022-11-26,7,Rich Flex,Drake & 21 Savage,4,4,2
2022-11-26,8,Anti-Hero,Taylor Swift,10,6,4
2022-11-26,9,I Ain't Worried,OneRepublic,12,5,20
2022-11-26,10,Lift Me Up,Rihanna,13,4,3
2022-11-26,11,Bamba,Luciano & Aitch Featuring Bia,11,1,8
2022-11-26,12,Under The Influence,Chris Brown,15,7,15
2022-11-26,13,Zukunft Pink,Peter Fox Featuring Inez,20,13,4
2022-11-26,14,Snap,Rosa Linn,24,12,14
2022-11-26,15,As It Was,Harry Styles,22,1,33
2022-11-26,16,Doja,Central Cee,23,2,17
2022-11-26,17,Cuff It,Beyonce,21,12,7
2022-11-26,18,Despecha,ROSALIA,25,11,16
2022-11-26,19,Star Walkin' (League Of Legends Worlds Anthem),Lil Nas X,-,19,5
2022-11-26,20,Mockingbird,Eminem,-,20,1
2022-11-26,21,"Bzrp Music Sessions, Vol. 52",Bizarrap & Quevedo,-,21,1
2022-11-26,22,Dancarina,Pedro Sampaio & MC Pedrinho,-,10,15
2022-11-26,23,Ku Lo Sa,Oxlade,-,12,9
2022-11-26,24,Ferrari,James Hype & Miggy Dela Rosa,-,4,19
2022-11-26,25,Heat Waves,Glass Animals,-,1,37
2022-12-03,1,Unholy,Sam Smith & Kim Petras,1,1,9
2022-12-03,2,I'm Good (Blue),David Guetta & Bebe Rexha,3,1,13
2022-12-03,3,Calm Down,Rema & Selena Gomez,2,2,25
2022-12-03,4,Another Love,Tom Odell,4,4,17
2022-12-03,5,Miss You,Oliver Tree & Robin Schulz,5,5,6
2022-12-03,6,Die,Gazo,6,1,15
2022-12-03,7,I Ain't Worried,OneRepublic,9,5,21
2022-12-03,8,Amber,Zola,-,8,1
2022-12-03,9,Anti-Hero,Taylor Swift,8,6,5
2022-12-03,10,Under The Influence,Chris Brown,12,7,16
2022-12-03,11,Bamba,Luciano & Aitch Featuring Bia,11,1,9
2022-12-03,12,Lift Me Up,Rihanna,10,4,4
2022-12-03,13,Rich Flex,Drake & 21 Savage,7,4,3
2022-12-03,14,Cuff It,Beyonce,17,12,8
2022-12-03,15,All I Want For Christmas Is You,Mariah Carey,-,15,1
2022-12-03,16,Despecha,ROSALIA,18,11,17
2022-12-03,17,As It Was,Harry Styles,15,1,34
2022-12-03,18,Snap,Rosa Linn,14,12,15
2022-12-03,19,Zukunft Pink,Peter Fox Featuring Inez,13,13,5
2022-12-03,20,Doja,Central Cee,16,2,18
2022-12-03,21,Mockingbird,Eminem,20,20,2
2022-12-03,22,Star Walkin' (League Of Legends Worlds Anthem),Lil Nas X,19,19,6
2022-12-03,23,Last Christmas,Wham!,-,23,1
2022-12-03,24,Alone,Burna Boy,-,24,1
2022-12-03,25,"Bzrp Music Sessions, Vol. 52",Bizarrap & Quevedo,21,21,2
2022-12-10,1,Unholy,Sam Smith & Kim Petras,1,1,10
2022-12-10,2,Calm Down,Rema & Selena Gomez,3,2,26
2022-12-10,3,I'm Good (Blue),David Guetta & Bebe Rexha,2,1,14
2022-12-10,4,All I Want For Christmas Is You,Mariah Carey,15,4,2
2022-12-10,5,Last Christmas,Wham!,23,5,2
2022-12-10,6,Another Love,Tom Odell,4,4,18
2022-12-10,7,Rockin' Around The Christmas Tree,Brenda Lee,-,7,1
2022-12-10,8,Die,Gazo,6,1,16
2022-12-10,9,Miss You,Oliver Tree & Robin Schulz,5,5,7
2022-12-10,10,It's Beginning To Look A Lot Like Christmas,Michael Buble,-,10,1
2022-12-10,11,Anti-Hero,Taylor Swift,9,6,6
2022-12-10,12,Under The Influence,Chris Brown,10,7,17
2022-12-10,13,I Ain't Worried,OneRepublic,7,5,22
2022-12-10,14,Amber,Zola,8,8,2
2022-12-10,15,Jingle Bell Rock,Bobby Helms,-,15,1
2022-12-10,16,Let It Snow! Let It Snow! Let It Snow!,Dean Martin,-,16,1
2022-12-10,17,Bamba,Luciano & Aitch Featuring Bia,11,1,10
2022-12-10,18,Despecha,ROSALIA,16,11,18
2022-12-10,19,As It Was,Harry Styles,17,1,35
2022-12-10,20,Cuff It,Beyonce,14,12,9
2022-12-10,21,Lift Me Up,Rihanna,12,4,5
2022-12-10,22,Santa Tell Me,Ariana Grande,-,22,1
2022-12-10,23,Mockingbird,Eminem,21,20,3
2022-12-10,24,Rich Flex,Drake & 21 Savage,13,4,4
2022-12-10,25,Snap,Rosa Linn,18,12,16
2022-12-17,1,All I Want For Christmas Is You,Mariah Carey,4,1,3
2022-12-17,2,Last Christmas,Wham!,5,2,3
2022-12-17,3,Rockin' Around The Christmas Tree,Brenda Lee,7,3,2
2022-12-17,4,It's Beginning To Look A Lot Like Christmas,Michael Buble,10,4,2
2022-12-17,5,Unholy,Sam Smith & Kim Petras,1,1,11
2022-12-17,6,Calm Down,Rema & Selena Gomez,2,2,27
2022-12-17,7,Creepin',"Metro Boomin , The Weeknd & 21 Savage",-,7,1
2022-12-17,8,I'm Good (Blue),David Guetta & Bebe Rexha,3,1,15
2022-12-17,9,Let It Snow! Let It Snow! Let It Snow!,Dean Martin,16,9,2
2022-12-17,10,Jingle Bell Rock,Bobby Helms,15,10,2
2022-12-17,11,Santa Tell Me,Ariana Grande,22,11,2
2022-12-17,12,Another Love,Tom Odell,6,4,19
2022-12-17,13,Die,Gazo,8,1,17
2022-12-17,14,Snowman,Sia,-,14,1
2022-12-17,15,Escapism,RAYE Featuring 070 Shake,-,15,1
2022-12-17,16,It's The Most Wonderful Time Of The Year,Andy Williams,-,16,1
2022-12-17,17,Feliz Navidad,Jose Feliciano,-,17,1
2022-12-17,18,Superhero (Heroes & Villains),"Metro Boomin , Future & Chris Brown",-,18,1
2022-12-17,19,Holly Jolly Christmas,Michael Buble,-,19,1
2022-12-17,20,Miss You,Oliver Tree & Robin Schulz,9,5,8
2022-12-17,21,Anti-Hero,Taylor Swift,11,6,7
2022-12-17,22,Sleigh Ride,The Ronettes,-,22,1
2022-12-17,23,Underneath The Tree,Kelly Clarkson,-,23,1
2022-12-17,24,Under The Influence,Chris Brown,12,7,18
2022-12-17,25,Niagara Falls (Foot Or 2),"Metro Boomin , Travis Scott & 21 Savage",-,25,1
2022-12-24,1,All I Want For Christmas Is You,Mariah Carey,1,1,4
2022-12-24,2,Last Christmas,Wham!,2,2,4
2022-12-24,3,Rockin' Around The Christmas Tree,Brenda Lee,3,3,3
2022-12-24,4,Calm Down,Rema & Selena Gomez,6,2,28
2022-12-24,5,Unholy,Sam Smith & Kim Petras,5,1,12
2022-12-24,6,It's Beginning To Look A Lot Like Christmas,Michael Buble,4,4,3
2022-12-24,7,I'm Good (Blue),David Guetta & Bebe Rexha,8,1,16
2022-12-24,8,Jingle Bell Rock,Bobby Helms,10,8,3
2022-12-24,9,Let It Snow! Let It Snow! Let It Snow!,Dean Martin,9,9,3
2022-12-24,10,Creepin',"Metro Boomin , The Weeknd & 21 Savage",7,7,2
2022-12-24,11,It's The Most Wonderful Time Of The Year,Andy Williams,16,11,2
2022-12-24,12,Escapism,RAYE Featuring 070 Shake,15,12,2
2022-12-24,13,Santa Tell Me,Ariana Grande,11,11,3
2022-12-24,14,Another Love,Tom Odell,12,4,20
2022-12-24,15,Snowman,Sia,14,14,2
2022-12-24,16,Feliz Navidad,Jose Feliciano,17,16,2
2022-12-24,17,Holly Jolly Christmas,Michael Buble,19,17,2
2022-12-24,18,Die,Gazo,13,1,18
2022-12-24,19,Miss You,Oliver Tree & Robin Schulz,20,5,9
2022-12-24,20,Anti-Hero,Taylor Swift,21,6,8
2022-12-24,21,Underneath The Tree,Kelly Clarkson,23,21,2
2022-12-24,22,Mistletoe,Justin Bieber,-,22,1
2022-12-24,23,Amber,Zola,-,8,3
2022-12-24,24,Under The Influence,Chris Brown,24,7,19
2022-12-24,25,As It Was,Harry Styles,-,1,36
2022-12-31,1,Let Go,Central Cee,-,1,1
2022-12-31,2,All I Want For Christmas Is You,Mariah Carey,1,1,5
2022-12-31,3,Rockin' Around The Christmas Tree,Brenda Lee,3,3,4
2022-12-31,4,Last Christmas,Wham!,2,2,5
2022-12-31,5,Calm Down,Rema & Selena Gomez,4,2,29
2022-12-31,6,It's Beginning To Look A Lot Like Christmas,Michael Buble,6,4,4
2022-12-31,7,Unholy,Sam Smith & Kim Petras,5,1,13
2022-12-31,8,Let It Snow! Let It Snow! Let It Snow!,Dean Martin,9,8,4
2022-12-31,9,Jingle Bell Rock,Bobby Helms,8,8,4
2022-12-31,10,I'm Good (Blue),David Guetta & Bebe Rexha,7,1,17
2022-12-31,11,It's The Most Wonderful Time Of The Year,Andy Williams,11,11,3
2022-12-31,12,Snowman,Sia,15,12,3
2022-12-31,13,Feliz Navidad,Jose Feliciano,16,13,3
2022-12-31,14,Santa Tell Me,Ariana Grande,13,11,4
2022-12-31,15,Creepin',"Metro Boomin , The Weeknd & 21 Savage",10,7,3
2022-12-31,16,Escapism,RAYE Featuring 070 Shake,12,12,3
2022-12-31,17,Holly Jolly Christmas,Michael Buble,17,17,3
2022-12-31,18,Another Love,Tom Odell,14,4,21
2022-12-31,19,Despecha,ROSALIA,-,11,19
2022-12-31,20,Die,Gazo,18,1,19
2022-12-31,21,Underneath The Tree,Kelly Clarkson,21,21,3
2022-12-31,22,Mistletoe,Justin Bieber,22,22,2
2022-12-31,23,Miss You,Oliver Tree & Robin Schulz,19,5,10
2022-12-31,24,Sleigh Ride,The Ronettes,-,22,2
2022-12-31,25,Happy Xmas (War Is Over),John & Yoko/The Plastic Ono Band With The Harlem Community Choir,-,25,1
2023-01-07,1,All I Want For Christmas Is You,Mariah Carey,2,1,6
2023-01-07,2,Rockin' Around The Christmas Tree,Brenda Lee,3,2,5
2023-01-07,3,Last Christmas,Wham!,4,2,6
2023-01-07,4,It's Beginning To Look A Lot Like Christmas,Michael Buble,6,4,5
2023-01-07,5,Let It Snow! Let It Snow! Let It Snow!,Dean Martin,8,5,5
2023-01-07,6,Jingle Bell Rock,Bobby Helms,9,6,5
2023-01-07,7,It's The Most Wonderful Time Of The Year,Andy Williams,11,7,4
2023-01-07,8,Feliz Navidad,Jose Feliciano,13,8,4
2023-01-07,9,Let Go,Central Cee,1,1,2
2023-01-07,10,Snowman,Sia,12,10,4
2023-01-07,11,Holly Jolly Christmas,Michael Buble,17,11,4
2023-01-07,12,Santa Tell Me,Ariana Grande,14,11,5
2023-01-07,13,Calm Down,Rema & Selena Gomez,5,2,30
2023-01-07,14,Mistletoe,Justin Bieber,22,14,3
2023-01-07,15,Happy Xmas (War Is Over),John & Yoko/The Plastic Ono Band With The Harlem Community Choir,25,15,2
2023-01-07,16,Underneath The Tree,Kelly Clarkson,21,16,4
2023-01-07,17,The Christmas Song (Merry Christmas To You),"Nat ""King"" Cole",-,17,1
2023-01-07,18,Driving Home For Christmas,Chris Rea,-,18,1
2023-01-07,19,Unholy,Sam Smith & Kim Petras,7,1,14
2023-01-07,20,Wonderful Christmastime,Paul McCartney,-,20,1
2023-01-07,21,Sleigh Ride,The Ronettes,24,21,3
2023-01-07,22,I'm Good (Blue),David Guetta & Bebe Rexha,10,1,18
2023-01-07,23,A Holly Jolly Christmas,Burl Ives,-,23,1
2023-01-07,24,Creepin',"Metro Boomin , The Weeknd & 21 Savage",15,7,4
2023-01-07,25,Jingle Bells,Frank Sinatra With The Orchestra & Chorus Of Gordon Jenkins,-,25,1
2023-01-14,1,I'm Good (Blue),David Guetta & Bebe Rexha,22,1,19
2023-01-14,2,Unholy,Sam Smith & Kim Petras,19,1,15
2023-01-14,3,Calm Down,Rema & Selena Gomez,13,2,31
2023-01-14,4,Let Go,Central Cee,9,1,3
2023-01-14,5,Creepin',"Metro Boomin , The Weeknd & 21 Savage",24,5,5
2023-01-14,6,Miss You,Oliver Tree & Robin Schulz,-,5,11
2023-01-14,7,Escapism,RAYE Featuring 070 Shake,-,7,4
2023-01-14,8,As It Was,Harry Styles,-,1,37
2023-01-14,9,Another Love,Tom Odell,-,4,22
2023-01-14,10,I Ain't Worried,OneRepublic,-,5,23
2023-01-14,11,Cuff It,Beyonce,-,11,10
2023-01-14,12,Anti-Hero,Taylor Swift,-,6,9
2023-01-14,13,Snap,Rosa Linn,-,12,17
2023-01-14,14,Die,Gazo,-,1,20
2023-01-14,15,Despecha,ROSALIA,-,11,20
2023-01-14,16,Cold Heart (PNAU Remix),Elton John & Dua Lipa,-,4,35
2023-01-14,17,Heat Waves,Glass Animals,-,1,38
2023-01-14,18,Kill Bill,SZA,-,18,1
2023-01-14,19,Star Walkin' (League Of Legends Worlds Anthem),Lil Nas X,-,19,7
2023-01-14,20,Doja,Central Cee,-,2,19
2023-01-14,21,Under The Influence,Chris Brown,-,7,20
2023-01-14,22,"Bzrp Music Sessions, Vol. 52",Bizarrap & Quevedo,-,21,3
2023-01-14,23,Made You Look,Meghan Trainor,-,23,1
2023-01-14,24,Bloody Mary,Lady Gaga,-,24,1
2023-01-14,25,Lift Me Up,Rihanna,-,4,6
2023-01-21,1,Calm Down,Rema & Selena Gomez,3,1,32
2023-01-21,2,I'm Good (Blue),David Guetta & Bebe Rexha,1,1,20
2023-01-21,3,Let Go,Central Cee,4,1,4
2023-01-21,4,Unholy,Sam Smith & Kim Petras,2,1,16
2023-01-21,5,Escapism,RAYE Featuring 070 Shake,7,5,5
2023-01-21,6,Creepin',"Metro Boomin , The Weeknd & 21 Savage",5,5,6
2023-01-21,7,Miss You,Oliver Tree & Robin Schulz,6,5,12
2023-01-21,8,Another Love,Tom Odell,9,4,23
2023-01-21,9,Snap,Rosa Linn,13,9,18
2023-01-21,10,Die,Gazo,14,1,21
2023-01-21,11,I Ain't Worried,OneRepublic,10,5,24
2023-01-21,12,As It Was,Harry Styles,8,1,38
2023-01-21,13,Kill Bill,SZA,18,13,2
2023-01-21,14,Anti-Hero,Taylor Swift,12,6,10
2023-01-21,15,Star Walkin' (League Of Legends Worlds Anthem),Lil Nas X,19,15,8
2023-01-21,16,Lift Me Up,Rihanna,25,4,7
2023-01-21,17,Despecha,ROSALIA,15,11,21
2023-01-21,18,Sie Weib,AYLIVA Featuring MERO,-,18,1
2023-01-21,19,Mockingbird,Eminem,-,19,4
2023-01-21,20,Bamba,Luciano & Aitch Featuring Bia,-,1,11
2023-01-21,21,Amber,Zola,-,8,4
2023-01-21,22,Until I Found You,Stephen Sanchez,-,22,1
2023-01-21,23,Doja,Central Cee,20,2,20
2023-01-21,24,Cuff It,Beyonce,11,11,11
2023-01-21,25,"Bzrp Music Sessions, Vol. 52",Bizarrap & Quevedo,22,21,4
2023-01-28,1,Flowers,Miley Cyrus,-,1,1
2023-01-28,2,"Bzrp Music Sessions, Vol. 53",Bizarrap & Shakira,-,2,1
2023-01-28,3,Calm Down,Rema & Selena Gomez,1,1,33
2023-01-28,4,Let Go,Central Cee,3,1,5
2023-01-28,5,I'm Good (Blue),David Guetta & Bebe Rexha,2,1,21
2023-01-28,6,Escapism,RAYE Featuring 070 Shake,5,5,6
2023-01-28,7,Creepin',"Metro Boomin , The Weeknd & 21 Savage",6,5,7
2023-01-28,8,Unholy,Sam Smith & Kim Petras,4,1,17
2023-01-28,9,Kill Bill,SZA,13,9,3
2023-01-28,10,Another Love,Tom Odell,8,4,24
2023-01-28,11,Miss You,Oliver Tree & Robin Schulz,7,5,13
2023-01-28,12,Sie Weib,AYLIVA Featuring MERO,18,12,2
2023-01-28,13,Die,Gazo,10,1,22
2023-01-28,14,I Ain't Worried,OneRepublic,11,5,25
2023-01-28,15,Jolie,GAULOIS Featuring Ninho,-,15,1
2023-01-28,16,Snap,Rosa Linn,9,9,19
2023-01-28,17,Anti-Hero,Taylor Swift,14,6,11
2023-01-28,18,As It Was,Harry Styles,12,1,39
2023-01-28,19,Star Walkin' (League Of Legends Worlds Anthem),Lil Nas X,15,15,9
2023-01-28,20,People,Libianca,-,20,1
2023-01-28,21,Despecha,ROSALIA,17,11,22
2023-01-28,22,On My Way,Luciano,-,22,1
2023-01-28,23,Sure Thing,Miguel,-,23,1
2023-01-28,24,Rush,Ayra Starr,-,24,1
2023-01-28,25,Mockingbird,Eminem,19,19,5
2023-02-04,1,Flowers,Miley Cyrus,1,1,2
2023-02-04,2,"Bzrp Music Sessions, Vol. 53",Bizarrap & Shakira,2,2,2
2023-02-04,3,Raven,Pierro,-,3,1
2023-02-04,4,Calm Down,Rema & Selena Gomez,3,1,34
2023-02-04,5,I'm Good (Blue),David Guetta & Bebe Rexha,5,1,22
2023-02-04,6,Let Go,Central Cee,4,1,6
2023-02-04,7,Creepin',"Metro Boomin , The Weeknd & 21 Savage",7,5,8
2023-02-04,8,Escapism,RAYE Featuring 070 Shake,6,5,7
2023-02-04,9,Unholy,Sam Smith & Kim Petras,8,1,18
2023-02-04,10,Another Love,Tom Odell,10,4,25
2023-02-04,11,Kill Bill,SZA,9,9,4
2023-02-04,12,Komet,Udo Lindenberg & Apache 207,-,12,1
2023-02-04,13,Miss You,Oliver Tree & Robin Schulz,11,5,14
2023-02-04,14,Sie Weib,AYLIVA Featuring MERO,12,12,3
2023-02-04,15,Die,Gazo,13,1,23
2023-02-04,16,Snap,Rosa Linn,16,9,20
2023-02-04,17,As It Was,Harry Styles,18,1,40
2023-02-04,18,I Ain't Worried,OneRepublic,14,5,26
2023-02-04,19,Despecha,ROSALIA,21,11,23
2023-02-04,20,Anti-Hero,Taylor Swift,17,6,12
2023-02-04,21,People,Libianca,20,20,2
2023-02-04,22,Rush,Ayra Starr,24,22,2
2023-02-04,23,The Loneliest,Maneskin,-,23,1
2023-02-04,24,Star Walkin' (League Of Legends Worlds Anthem),Lil Nas X,19,15,10
2023-02-04,25,10:35,Tiesto Featuring Tate McRae,-,25,1
2023-02-11,1,Flowers,Miley Cyrus,1,1,3
2023-02-11,2,Calm Down,Rema & Selena Gomez,4,1,35
2023-02-11,3,"Bzrp Music Sessions, Vol. 53",Bizarrap & Shakira,2,2,3
2023-02-11,4,I'm Good (Blue),David Guetta & Bebe Rexha,5,1,23
2023-02-11,5,Creepin',"Metro Boomin , The Weeknd & 21 Savage",7,5,9
2023-02-11,6,Unholy,Sam Smith & Kim Petras,9,1,19
2023-02-11,7,Let Go,Central Cee,6,1,7
2023-02-11,8,Escapism,RAYE Featuring 070 Shake,8,5,8
2023-02-11,9,Komet,Udo Lindenberg & Apache 207,12,9,2
2023-02-11,10,Kill Bill,SZA,11,9,5
2023-02-11,11,Miss You,Oliver Tree & Robin Schulz,13,5,15
2023-02-11,12,Another Love,Tom Odell,10,4,26
2023-02-11,13,Jolie,GAULOIS Featuring Ninho,-,13,2
2023-02-11,14,Die,Gazo,15,1,24
2023-02-11,15,Baby,Aya Nakamura,-,15,1
2023-02-11,16,Snap,Rosa Linn,16,9,21
2023-02-11,17,Rush,Ayra Starr,22,17,3
2023-02-11,18,As It Was,Harry Styles,17,1,41
2023-02-11,19,The Loneliest,Maneskin,23,19,2
2023-02-11,20,Anti-Hero,Taylor Swift,20,6,13
2023-02-11,21,I Ain't Worried,OneRepublic,18,5,27
2023-02-11,22,Despecha,ROSALIA,19,11,24
2023-02-11,23,10:35,Tiesto Featuring Tate McRae,25,23,2
2023-02-11,24,Sure Thing,Miguel,-,23,2
2023-02-11,25,Amber,Zola,-,8,5
2023-02-18,1,Flowers,Miley Cyrus,1,1,4
2023-02-18,2,Calm Down,Rema & Selena Gomez,2,1,36
2023-02-18,3,Unholy,Sam Smith & Kim Petras,6,1,20
2023-02-18,4,I'm Good (Blue),David Guetta & Bebe Rexha,4,1,24
2023-02-18,5,Creepin',"Metro Boomin , The Weeknd & 21 Savage",5,5,10
2023-02-18,6,"Bzrp Music Sessions, Vol. 53",Bizarrap & Shakira,3,2,4
2023-02-18,7,Komet,Udo Lindenberg & Apache 207,9,7,3
2023-02-18,8,Let Go,Central Cee,7,1,8
2023-02-18,9,Escapism,RAYE Featuring 070 Shake,8,5,9
2023-02-18,10,Jolie,GAULOIS Featuring Ninho,13,10,3
2023-02-18,11,Kill Bill,SZA,10,9,6
2023-02-18,12,Another Love,Tom Odell,12,4,27
2023-02-18,13,Miss You,Oliver Tree & Robin Schulz,11,5,16
2023-02-18,14,Rush,Ayra Starr,17,14,4
2023-02-18,15,Die,Gazo,14,1,25
2023-02-18,16,Toute La Journee,Zola Featuring Tiakola,-,16,1
2023-02-18,17,As It Was,Harry Styles,18,1,42
2023-02-18,18,The Loneliest,Maneskin,19,18,3
2023-02-18,19,Baby,Aya Nakamura,15,15,2
2023-02-18,20,10:35,Tiesto Featuring Tate McRae,23,20,3
2023-02-18,21,I Ain't Worried,OneRepublic,21,5,28
2023-02-18,22,Snap,Rosa Linn,16,9,22
2023-02-18,23,Star Walkin' (League Of Legends Worlds Anthem),Lil Nas X,-,15,11
2023-02-18,24,Cuff It,Beyonce,-,11,12
2023-02-18,25,Sure Thing,Miguel,24,23,3
2023-02-25,1,Flowers,Miley Cyrus,1,1,5
2023-02-25,2,Calm Down,Rema & Selena Gomez,2,1,37
2023-02-25,3,I'm Good (Blue),David Guetta & Bebe Rexha,4,1,25
2023-02-25,4,Unholy,Sam Smith & Kim Petras,3,1,21
2023-02-25,5,Creepin',"Metro Boomin , The Weeknd & 21 Savage",5,5,11
2023-02-25,6,Komet,Udo Lindenberg & Apache 207,7,6,4
2023-02-25,7,Let Go,Central Cee,8,1,9
2023-02-25,8,Rush,Ayra Starr,14,8,5
2023-02-25,9,"Bzrp Music Sessions, Vol. 53",Bizarrap & Shakira,6,2,5
2023-02-25,10,Escapism,RAYE Featuring 070 Shake,9,5,10
2023-02-25,11,Kill Bill,SZA,11,9,7
2023-02-25,12,Miss You,Oliver Tree & Robin Schulz,13,5,17
2023-02-25,13,Another Love,Tom Odell,12,4,28
2023-02-25,14,As It Was,Harry Styles,17,1,43
2023-02-25,15,Lost,Linkin Park,-,15,1
2023-02-25,16,"Boy's A Liar, Pt. 2",PinkPantheress & Ice Spice,-,16,1
2023-02-25,17,Jolie,GAULOIS Featuring Ninho,10,10,4
2023-02-25,18,Sure Thing,Miguel,25,18,4
2023-02-25,19,Cuff It,Beyonce,24,11,13
2023-02-25,20,10:35,Tiesto Featuring Tate McRae,20,20,4
2023-02-25,21,I Ain't Worried,OneRepublic,21,5,29
2023-02-25,22,Die,Gazo,15,1,26
2023-02-25,23,The Loneliest,Maneskin,18,18,4
2023-02-25,24,Players,Coi Leray,-,24,1
2023-02-25,25,Lift Me Up,Rihanna,-,4,8
2023-03-04,1,Flowers,Miley Cyrus,1,1,6
2023-03-04,2,Calm Down,Rema & Selena Gomez,2,1,38
2023-03-04,3,Creepin',"Metro Boomin , The Weeknd & 21 Savage",5,3,12
2023-03-04,4,I'm Good (Blue),David Guetta & Bebe Rexha,3,1,26
2023-03-04,5,Unholy,Sam Smith & Kim Petras,4,1,22
2023-03-04,6,Komet,Udo Lindenberg & Apache 207,6,6,5
2023-03-04,7,Let Go,Central Cee,7,1,10
2023-03-04,8,"Boy's A Liar, Pt. 2",PinkPantheress & Ice Spice,16,8,2
2023-03-04,9,"Bzrp Music Sessions, Vol. 53",Bizarrap & Shakira,9,2,6
2023-03-04,10,Escapism,RAYE Featuring 070 Shake,10,5,11
2023-03-04,11,Rush,Ayra Starr,8,8,6
2023-03-04,12,Miss You,Oliver Tree & Robin Schulz,12,5,18
2023-03-04,13,Kill Bill,SZA,11,9,8
2023-03-04,14,Another Love,Tom Odell,13,4,29
2023-03-04,15,Sure Thing,Miguel,18,15,5
2023-03-04,16,As It Was,Harry Styles,14,1,44
2023-03-04,17,The Loneliest,Maneskin,23,17,5
2023-03-04,18,Sadio,Hamza & Offset,-,18,1
2023-03-04,19,Star Walkin' (League Of Legends Worlds Anthem),Lil Nas X,-,15,12
2023-03-04,20,Players,Coi Leray,24,20,2
2023-03-04,21,Jolie,GAULOIS Featuring Ninho,17,10,5
2023-03-04,22,Nocif,Damso & Hamza,-,22,1
2023-03-04,23,People,Libianca,-,20,3
2023-03-04,24,10:35,Tiesto Featuring Tate McRae,20,20,5
2023-03-04,25,Die,Gazo,22,1,27
2023-03-11,1,Flowers,Miley Cyrus,1,1,7
2023-03-11,2,Calm Down,Rema & Selena Gomez,2,1,39
2023-03-11,3,Die For You,The Weeknd & Ariana Grande,-,3,1
2023-03-11,4,I'm Good (Blue),David Guetta & Bebe Rexha,4,1,27
2023-03-11,5,Komet,Udo Lindenberg & Apache 207,6,5,6
2023-03-11,6,Creepin',"Metro Boomin , The Weeknd & 21 Savage",3,3,13
2023-03-11,7,Unholy,Sam Smith & Kim Petras,5,1,23
2023-03-11,8,"Boy's A Liar, Pt. 2",PinkPantheress & Ice Spice,8,8,3
2023-03-11,9,Let Go,Central Cee,7,1,11
2023-03-11,10,"Bzrp Music Sessions, Vol. 53",Bizarrap & Shakira,9,2,7
2023-03-11,11,TQG,Karol G x Shakira,-,11,1
2023-03-11,12,Escapism,RAYE Featuring 070 Shake,10,5,12
2023-03-11,13,Another Love,Tom Odell,14,4,30
2023-03-11,14,Kill Bill,SZA,13,9,9
2023-03-11,15,Rush,Ayra Starr,11,8,7
2023-03-11,16,The Loneliest,Maneskin,17,16,6
2023-03-11,17,As It Was,Harry Styles,16,1,45
2023-03-11,18,Sure Thing,Miguel,15,15,6
2023-03-11,19,Miss You,Oliver Tree & Robin Schulz,12,5,19
2023-03-11,20,Nocif,Damso & Hamza,22,20,2
2023-03-11,21,10:35,Tiesto Featuring Tate McRae,24,20,6
2023-03-11,22,Jolie,GAULOIS Featuring Ninho,21,10,6
2023-03-11,23,Snap,Rosa Linn,-,9,23
2023-03-11,24,Cuff It,Beyonce,-,11,14
2023-03-11,25,I Ain't Worried,OneRepublic,-,5,30
2023-03-18,1,Flowers,Miley Cyrus,1,1,8
2023-03-18,2,Die For You,The Weeknd & Ariana Grande,3,2,2
2023-03-18,3,Calm Down,Rema & Selena Gomez,2,1,40
2023-03-18,4,I'm Good (Blue),David Guetta & Bebe Rexha,4,1,28
2023-03-18,5,Komet,Udo Lindenberg & Apache 207,5,5,7
2023-03-18,6,Creepin',"Metro Boomin , The Weeknd & 21 Savage",6,3,14
2023-03-18,7,Unholy,Sam Smith & Kim Petras,7,1,24
2023-03-18,8,"Boy's A Liar, Pt. 2",PinkPantheress & Ice Spice,8,8,4
2023-03-18,9,Let Go,Central Cee,9,1,12
2023-03-18,10,Another Love,Tom Odell,13,4,31
2023-03-18,11,Escapism,RAYE Featuring 070 Shake,12,5,13
2023-03-18,12,TQG,Karol G x Shakira,11,11,2
2023-03-18,13,Kill Bill,SZA,14,9,10
2023-03-18,14,People,Libianca,-,14,4
2023-03-18,15,As It Was,Harry Styles,17,1,46
2023-03-18,16,Rush,Ayra Starr,15,8,8
2023-03-18,17,The Loneliest,Maneskin,16,16,7
2023-03-18,18,"Bzrp Music Sessions, Vol. 53",Bizarrap & Shakira,10,2,8
2023-03-18,19,10:35,Tiesto Featuring Tate McRae,21,19,7
2023-03-18,20,Miss You,Oliver Tree & Robin Schulz,19,5,20
2023-03-18,21,Sure Thing,Miguel,18,15,7
2023-03-18,22,I Ain't Worried,OneRepublic,25,5,31
2023-03-18,23,Snap,Rosa Linn,23,9,24
2023-03-18,24,Nocif,Damso & Hamza,20,20,3
2023-03-18,25,Jolie,GAULOIS Featuring Ninho,22,10,7
2023-03-25,1,Flowers,Miley Cyrus,1,1,9
2023-03-25,2,Calm Down,Rema & Selena Gomez,3,1,41
2023-03-25,3,Die For You,The Weeknd & Ariana Grande,2,2,3
2023-03-25,4,I'm Good (Blue),David Guetta & Bebe Rexha,4,1,29
2023-03-25,5,Komet,Udo Lindenberg & Apache 207,5,5,8
2023-03-25,6,Creepin',"Metro Boomin , The Weeknd & 21 Savage",6,3,15
2023-03-25,7,Bamba,Luciano & Aitch Featuring Bia,-,1,12
2023-03-25,8,Unholy,Sam Smith & Kim Petras,7,1,25
2023-03-25,9,Let Go,Central Cee,9,1,13
2023-03-25,10,"Bzrp Music Sessions, Vol. 53",Bizarrap & Shakira,18,2,9
2023-03-25,11,People,Libianca,14,11,5
2023-03-25,12,Another Love,Tom Odell,10,4,32
2023-03-25,13,"Boy's A Liar, Pt. 2",PinkPantheress & Ice Spice,8,8,5
2023-03-25,14,Escapism,RAYE Featuring 070 Shake,11,5,14
2023-03-25,15,Rush,Ayra Starr,16,8,9
2023-03-25,16,As It Was,Harry Styles,15,1,47
2023-03-25,17,TQG,Karol G x Shakira,12,11,3
2023-03-25,18,Kill Bill,SZA,13,9,11
2023-03-25,19,The Loneliest,Maneskin,17,16,8
2023-03-25,20,10:35,Tiesto Featuring Tate McRae,19,19,8
2023-03-25,21,I Ain't Worried,OneRepublic,22,5,32
2023-03-25,22,Miss You,Oliver Tree & Robin Schulz,20,5,21
2023-03-25,23,Beautiful Girl,Luciano,-,1,22
2023-03-25,24,Sure Thing,Miguel,21,15,8
2023-03-25,25,Snap,Rosa Linn,23,9,25
2023-04-01,1,Flowers,Miley Cyrus,1,1,10
2023-04-01,2,Calm Down,Rema & Selena Gomez,2,1,42
2023-04-01,3,Komet,Udo Lindenberg & Apache 207,5,3,9
2023-04-01,4,Creepin',"Metro Boomin , The Weeknd & 21 Savage",6,3,16
2023-04-01,5,I'm Good (Blue),David Guetta & Bebe Rexha,4,1,30
2023-04-01,6,Coeur de Ice,Zola Featuring Damso,-,6,1
2023-04-01,7,Die For You,The Weeknd & Ariana Grande,3,2,4
2023-04-01,8,People,Libianca,11,8,6
2023-04-01,9,Minha Terra,Supa Squad Featuring Mariza & Apollo G,-,9,1
2023-04-01,10,"Bzrp Music Sessions, Vol. 53",Bizarrap & Shakira,10,2,10
2023-04-01,11,Another Love,Tom Odell,12,4,33
2023-04-01,12,Rush,Ayra Starr,15,8,10
2023-04-01,13,Unholy,Sam Smith & Kim Petras,8,1,26
2023-04-01,14,Let Go,Central Cee,9,1,14
2023-04-01,15,As It Was,Harry Styles,16,1,48
2023-04-01,16,Escapism,RAYE Featuring 070 Shake,14,5,15
2023-04-01,17,"Boy's A Liar, Pt. 2",PinkPantheress & Ice Spice,13,8,6
2023-04-01,18,Bamba,Luciano & Aitch Featuring Bia,7,1,13
2023-04-01,19,Amber,Zola,-,8,6
2023-04-01,20,No Leche,"Gazo, Leto, Kerchak & Fave",-,20,1
2023-04-01,21,TQG,Karol G x Shakira,17,11,4
2023-04-01,22,10:35,Tiesto Featuring Tate McRae,20,19,9
2023-04-01,23,Kill Bill,SZA,18,9,12
2023-04-01,24,I Ain't Worried,OneRepublic,21,5,33
2023-04-01,25,The Loneliest,Maneskin,19,16,9
2023-04-08,1,Flowers,Miley Cyrus,1,1,11
2023-04-08,2,Calm Down,Rema & Selena Gomez,2,1,43
2023-04-08,3,Creepin',"Metro Boomin , The Weeknd & 21 Savage",4,3,17
2023-04-08,4,I'm Good (Blue),David Guetta & Bebe Rexha,5,1,31
2023-04-08,5,Komet,Udo Lindenberg & Apache 207,3,3,10
2023-04-08,6,People,Libianca,8,6,7
2023-04-08,7,Beso,ROSALIA & Rauw Alejandro,-,7,1
2023-04-08,8,Minha Terra,Supa Squad Featuring Mariza & Apollo G,9,8,2
2023-04-08,9,Die For You,The Weeknd & Ariana Grande,7,2,5
2023-04-08,10,"Bzrp Music Sessions, Vol. 53",Bizarrap & Shakira,10,2,11
2023-04-08,11,Another Love,Tom Odell,11,4,34
2023-04-08,12,Mockingbird,Eminem,-,12,6
2023-04-08,13,Rush,Ayra Starr,12,8,11
2023-04-08,14,Let Go,Central Cee,14,1,15
2023-04-08,15,Unholy,Sam Smith & Kim Petras,13,1,27
2023-04-08,16,As It Was,Harry Styles,15,1,49
2023-04-08,17,"Boy's A Liar, Pt. 2",PinkPantheress & Ice Spice,17,8,7
2023-04-08,18,Escapism,RAYE Featuring 070 Shake,16,5,16
2023-04-08,19,I Ain't Worried,OneRepublic,24,5,34
2023-04-08,20,Kill Bill,SZA,23,9,13
2023-04-08,21,10:35,Tiesto Featuring Tate McRae,22,19,10
2023-04-08,22,Eyes Closed,Ed Sheeran,-,22,1
2023-04-08,23,Players,Coi Leray,-,20,3
2023-04-08,24,TQG,Karol G x Shakira,21,11,5
2023-04-08,25,Bamba,Luciano & Aitch Featuring Bia,18,1,14
2023-04-15,1,Flowers,Miley Cyrus,1,1,12
2023-04-15,2,Calm Down,Rema & Selena Gomez,2,1,44
2023-04-15,3,All Night,Luciano & RAF Camora,-,3,1
2023-04-15,4,Creepin',"Metro Boomin , The Weeknd & 21 Savage",3,3,18
2023-04-15,5,I'm Good (Blue),David Guetta & Bebe Rexha,4,1,32
2023-04-15,6,Komet,Udo Lindenberg & Apache 207,5,3,11
2023-04-15,7,Beso,ROSALIA & Rauw Alejandro,7,7,2
2023-04-15,8,People,Libianca,6,6,8
2023-04-15,9,Minha Terra,Supa Squad Featuring Mariza & Apollo G,8,8,3
2023-04-15,10,Rush,Ayra Starr,13,8,12
2023-04-15,11,Mockingbird,Eminem,12,11,7
2023-04-15,12,Another Love,Tom Odell,11,4,35
2023-04-15,13,Die For You,The Weeknd & Ariana Grande,9,2,6
2023-04-15,14,As It Was,Harry Styles,16,1,50
2023-04-15,15,Unholy,Sam Smith & Kim Petras,15,1,28
2023-04-15,16,Let Go,Central Cee,14,1,16
2023-04-15,17,"Bzrp Music Sessions, Vol. 53",Bizarrap & Shakira,10,2,12
2023-04-15,18,Escapism,RAYE Featuring 070 Shake,18,5,17
2023-04-15,19,Players,Coi Leray,23,19,4
2023-04-15,20,I Ain't Worried,OneRepublic,19,5,35
2023-04-15,21,Eyes Closed,Ed Sheeran,22,21,2
2023-04-15,22,Kill Bill,SZA,20,9,14
2023-04-15,23,"Boy's A Liar, Pt. 2",PinkPantheress & Ice Spice,17,8,8
2023-04-15,24,Breaking Your Heart,Apache 207,-,24,1
2023-04-15,25,TQG,Karol G x Shakira,24,11,6
2023-04-22,1,Flowers,Miley Cyrus,1,1,13
2023-04-22,2,Calm Down,Rema & Selena Gomez,2,1,45
2023-04-22,3,Creepin',"Metro Boomin , The Weeknd & 21 Savage",4,3,19
2023-04-22,4,I'm Good (Blue),David Guetta & Bebe Rexha,5,1,33
2023-04-22,5,Komet,Udo Lindenberg & Apache 207,6,3,12
2023-04-22,6,People,Libianca,8,6,9
2023-04-22,7,Search & Rescue,Drake,-,7,1
2023-04-22,8,Beso,ROSALIA & Rauw Alejandro,7,7,3
2023-04-22,9,Orange,Sfera Ebbasta & Luciano,-,9,1
2023-04-22,10,Rush,Ayra Starr,10,8,13
2023-04-22,11,Mockingbird,Eminem,11,11,8
2023-04-22,12,Die For You,The Weeknd & Ariana Grande,13,2,7
2023-04-22,13,Another Love,Tom Odell,12,4,36
2023-04-22,14,All Night,Luciano & RAF Camora,3,3,2
2023-04-22,15,Minha Terra,Supa Squad Featuring Mariza & Apollo G,9,8,4
2023-04-22,16,As It Was,Harry Styles,14,1,51
2023-04-22,17,Unholy,Sam Smith & Kim Petras,15,1,29
2023-04-22,18,Eyes Closed,Ed Sheeran,21,18,3
2023-04-22,19,"Bzrp Music Sessions, Vol. 53",Bizarrap & Shakira,17,2,13
2023-04-22,20,I Ain't Worried,OneRepublic,20,5,36
2023-04-22,21,Kill Bill,SZA,22,9,15
2023-04-22,22,Escapism,RAYE Featuring 070 Shake,18,5,18
2023-04-22,23,Let Go,Central Cee,16,1,17
2023-04-22,24,Players,Coi Leray,19,19,5
2023-04-22,25,10:35,Tiesto Featuring Tate McRae,-,19,11
2023-04-29,1,Flowers,Miley Cyrus,1,1,14
2023-04-29,2,Daylight,David Kushner,-,2,1
2023-04-29,3,Calm Down,Rema & Selena Gomez,2,1,46
2023-04-29,4,Creepin',"Metro Boomin , The Weeknd & 21 Savage",3,3,20
2023-04-29,5,Beso,ROSALIA & Rauw Alejandro,8,5,4
2023-04-29,6,Komet,Udo Lindenberg & Apache 207,5,3,13
2023-04-29,7,I'm Good (Blue),David Guetta & Bebe Rexha,4,1,34
2023-04-29,8,People,Libianca,6,6,10
2023-04-29,9,Rush,Ayra Starr,10,8,14
2023-04-29,10,Mockingbird,Eminem,11,10,9
2023-04-29,11,Kill Bill,SZA,21,9,16
2023-04-29,12,Another Love,Tom Odell,13,4,37
2023-04-29,13,Die For You,The Weeknd & Ariana Grande,12,2,8
2023-04-29,14,Minha Terra,Supa Squad Featuring Mariza & Apollo G,15,8,5
2023-04-29,15,Search & Rescue,Drake,7,7,2
2023-04-29,16,As It Was,Harry Styles,16,1,52
2023-04-29,17,I Ain't Worried,OneRepublic,20,5,37
2023-04-29,18,Eyes Closed,Ed Sheeran,18,18,4
2023-04-29,19,Unholy,Sam Smith & Kim Petras,17,1,30
2023-04-29,20,Amber,Zola,-,8,7
2023-04-29,21,Escapism,RAYE Featuring 070 Shake,22,5,19
2023-04-29,22,"Bzrp Music Sessions, Vol. 53",Bizarrap & Shakira,19,2,14
2023-04-29,23,Baby Don't Hurt Me,"David Guetta , Anne-Marie & Coi Leray",-,23,1
2023-04-29,24,Chemical,Post Malone,-,24,1
2023-04-29,25,Heat Waves,Glass Animals,-,1,39
2023-05-06,1,Flowers,Miley Cyrus,1,1,15
2023-05-06,2,Daylight,David Kushner,2,2,2
2023-05-06,3,Calm Down,Rema & Selena Gomez,3,1,47
2023-05-06,4,Creepin',"Metro Boomin , The Weeknd & 21 Savage",4,3,21
2023-05-06,5,Beso,ROSALIA & Rauw Alejandro,5,5,5
2023-05-06,6,People,Libianca,8,6,11
2023-05-06,7,Double Fantasy,The Weeknd Featuring Future,-,7,1
2023-05-06,8,Komet,Udo Lindenberg & Apache 207,6,3,14
2023-05-06,9,I'm Good (Blue),David Guetta & Bebe Rexha,7,1,35
2023-05-06,10,Rush,Ayra Starr,9,8,15
2023-05-06,11,Another Love,Tom Odell,12,4,38
2023-05-06,12,Die For You,The Weeknd & Ariana Grande,13,2,9
2023-05-06,13,Mockingbird,Eminem,10,10,10
2023-05-06,14,Kill Bill,SZA,11,9,17
2023-05-06,15,Escapism,RAYE Featuring 070 Shake,21,5,20
2023-05-06,16,As It Was,Harry Styles,16,1,53
2023-05-06,17,Minha Terra,Supa Squad Featuring Mariza & Apollo G,14,8,6
2023-05-06,18,Cinnamon Roll,Gzuz & Bonez MC,-,18,1
2023-05-06,19,I Ain't Worried,OneRepublic,17,5,38
2023-05-06,20,Baby Don't Hurt Me,"David Guetta , Anne-Marie & Coi Leray",23,20,2
2023-05-06,21,Unholy,Sam Smith & Kim Petras,19,1,31
2023-05-06,22,Miracle,Calvin Harris & Ellie Goulding,-,22,1
2023-05-06,23,Not So Bad (Leans Gone Cold),Rae Sremmurd,-,23,1
2023-05-06,24,Let Go,Central Cee,-,1,18
2023-05-06,25,Eyes Closed,Ed Sheeran,18,18,5
2023-05-13,1,Flowers,Miley Cyrus,1,1,16
2023-05-13,2,Daylight,David Kushner,2,2,3
2023-05-13,3,Calm Down,Rema & Selena Gomez,3,1,48
2023-05-13,4,People,Libianca,6,4,12
2023-05-13,5,Creepin',"Metro Boomin , The Weeknd & 21 Savage",4,3,22
2023-05-13,6,I'm Good (Blue),David Guetta & Bebe Rexha,9,1,36
2023-05-13,7,Komet,Udo Lindenberg & Apache 207,8,3,15
2023-05-13,8,Rush,Ayra Starr,10,8,16
2023-05-13,9,Beso,ROSALIA & Rauw Alejandro,5,5,6
2023-05-13,10,Another Love,Tom Odell,11,4,39
2023-05-13,11,Cupid,Fifty Fifty,-,11,1
2023-05-13,12,Die For You,The Weeknd & Ariana Grande,12,2,10
2023-05-13,13,Mockingbird,Eminem,13,10,11
2023-05-13,14,Chakras,Ivandro & Julinho KSD,-,14,1
2023-05-13,15,As It Was,Harry Styles,16,1,54
2023-05-13,16,I Ain't Worried,OneRepublic,19,5,39
2023-05-13,17,Minha Terra,Supa Squad Featuring Mariza & Apollo G,17,8,7
2023-05-13,18,Baby Don't Hurt Me,"David Guetta , Anne-Marie & Coi Leray",20,18,3
2023-05-13,19,Kill Bill,SZA,14,9,18
2023-05-13,20,Miracle,Calvin Harris & Ellie Goulding,22,20,2
2023-05-13,21,The Loneliest,Maneskin,-,16,10
2023-05-13,22,Double Fantasy,The Weeknd Featuring Future,7,7,2
2023-05-13,23,Unholy,Sam Smith & Kim Petras,21,1,32
2023-05-13,24,C'Est Carre Le S,Naps Featuring Gazo & Ninho,-,24,1
2023-05-13,25,Escapism,RAYE Featuring 070 Shake,15,5,21
2023-05-20,1,Flowers,Miley Cyrus,1,1,17
2023-05-20,2,Calm Down,Rema & Selena Gomez,3,1,49
2023-05-20,3,Daylight,David Kushner,2,2,4
2023-05-20,4,People,Libianca,4,4,13
2023-05-20,5,Expensive Shit,reezy & Luciano,-,5,1
2023-05-20,6,Creepin',"Metro Boomin , The Weeknd & 21 Savage",5,3,23
2023-05-20,7,You,Stefano Cilio,-,7,1
2023-05-20,8,Chakras,Ivandro & Julinho KSD,14,8,2
2023-05-20,9,Rush,Ayra Starr,8,8,17
2023-05-20,10,I'm Good (Blue),David Guetta & Bebe Rexha,6,1,37
2023-05-20,11,Komet,Udo Lindenberg & Apache 207,7,3,16
2023-05-20,12,Beso,ROSALIA & Rauw Alejandro,9,5,7
2023-05-20,13,Eyes Closed,Ed Sheeran,-,13,6
2023-05-20,14,Cupid,Fifty Fifty,11,11,2
2023-05-20,15,1Trago,Danna Paola,-,15,1
2023-05-20,16,Another Love,Tom Odell,10,4,40
2023-05-20,17,Anna,RAF Camora,-,17,1
2023-05-20,18,Die For You,The Weeknd & Ariana Grande,12,2,11
2023-05-20,19,As It Was,Harry Styles,15,1,55
2023-05-20,20,Baby Don't Hurt Me,"David Guetta , Anne-Marie & Coi Leray",18,18,4
2023-05-20,21,Mockingbird,Eminem,13,10,12
2023-05-20,22,Miracle,Calvin Harris & Ellie Goulding,20,20,3
2023-05-20,23,I Ain't Worried,OneRepublic,16,5,40
2023-05-20,24,Kill Bill,SZA,19,9,19
2023-05-20,25,Monnaie,GG,-,25,1
2023-05-27,1,Tattoo,Loreen,-,1,1
2023-05-27,2,Flowers,Miley Cyrus,1,1,18
2023-05-27,3,Daylight,David Kushner,3,2,5
2023-05-27,4,Calm Down,Rema & Selena Gomez,2,1,50
2023-05-27,5,La Rue,Gazo x Damso,-,5,1
2023-05-27,6,People,Libianca,4,4,14
2023-05-27,7,Chakras,Ivandro & Julinho KSD,8,7,3
2023-05-27,8,Creepin',"Metro Boomin , The Weeknd & 21 Savage",6,3,24
2023-05-27,9,Rush,Ayra Starr,9,8,18
2023-05-27,10,Monnaie,GG,25,10,2
2023-05-27,11,Cha Cha Cha,Kaarija,-,11,1
2023-05-27,12,I'm Good (Blue),David Guetta & Bebe Rexha,10,1,38
2023-05-27,13,Komet,Udo Lindenberg & Apache 207,11,3,17
2023-05-27,14,Miracle,Calvin Harris & Ellie Goulding,22,14,4
2023-05-27,15,Beso,ROSALIA & Rauw Alejandro,12,5,8
2023-05-27,16,Queen Of Kings,Alessandra,-,16,1
2023-05-27,17,Baby Don't Hurt Me,"David Guetta , Anne-Marie & Coi Leray",20,17,5
2023-05-27,18,Soweto,"Victony, Rema & Tempoe Featuring Don Toliver",-,18,1
2023-05-27,19,Another Love,Tom Odell,16,4,41
2023-05-27,20,Cupid,Fifty Fifty,14,11,3
2023-05-27,21,As It Was,Harry Styles,19,1,56
2023-05-27,22,I Ain't Worried,OneRepublic,23,5,41
2023-05-27,23,Mockingbird,Eminem,21,10,13
2023-05-27,24,Die For You,The Weeknd & Ariana Grande,18,2,12
2023-05-27,25,Eyes Closed,Ed Sheeran,13,13,7
2023-06-03,1,Flowers,Miley Cyrus,2,1,19
2023-06-03,2,Calm Down,Rema & Selena Gomez,4,1,51
2023-06-03,3,Daylight,David Kushner,3,2,6
2023-06-03,4,Tattoo,Loreen,1,1,2
2023-06-03,5,People,Libianca,6,4,15
2023-06-03,6,La Rue,Gazo x Damso,5,5,2
2023-06-03,7,Baby Don't Hurt Me,"David Guetta , Anne-Marie & Coi Leray",17,7,6
2023-06-03,8,Rush,Ayra Starr,9,8,19
2023-06-03,9,I'm Good (Blue),David Guetta & Bebe Rexha,12,1,39
2023-06-03,10,Where She Goes,Bad Bunny,-,10,1
2023-06-03,11,Komet,Udo Lindenberg & Apache 207,13,3,18
2023-06-03,12,Chakras,Ivandro & Julinho KSD,7,7,4
2023-06-03,13,Creepin',"Metro Boomin , The Weeknd & 21 Savage",8,3,25
2023-06-03,14,Beso,ROSALIA & Rauw Alejandro,15,5,9
2023-06-03,15,As It Was,Harry Styles,21,1,57
2023-06-03,16,Miracle,Calvin Harris & Ellie Goulding,14,14,5
2023-06-03,17,Soweto,"Victony, Rema & Tempoe Featuring Don Toliver",18,17,2
2023-06-03,18,Another Love,Tom Odell,19,4,42
2023-06-03,19,Eyes Closed,Ed Sheeran,25,13,8
2023-06-03,20,Cupid,Fifty Fifty,20,11,4
2023-06-03,21,Die For You,The Weeknd & Ariana Grande,24,2,13
2023-06-03,22,I Ain't Worried,OneRepublic,22,5,42
2023-06-03,23,Bolide Allemand,SDM,-,23,1
2023-06-03,24,Wenn Das So Bleibt,Apache 207,-,24,1
2023-06-03,25,Say Yes To Heaven,Lana Del Rey,-,25,1
2023-06-10,1,Flowers,Miley Cyrus,1,1,20
2023-06-10,2,Calm Down,Rema & Selena Gomez,2,1,52
2023-06-10,3,People,Libianca,5,3,16
2023-06-10,4,Daylight,David Kushner,3,2,7
2023-06-10,5,Tattoo,Loreen,4,1,3
2023-06-10,6,Baby Don't Hurt Me,"David Guetta , Anne-Marie & Coi Leray",7,6,7
2023-06-10,7,I'm Good (Blue),David Guetta & Bebe Rexha,9,1,40
2023-06-10,8,Rush,Ayra Starr,8,8,20
2023-06-10,9,Beso,ROSALIA & Rauw Alejandro,14,5,10
2023-06-10,10,Miracle,Calvin Harris & Ellie Goulding,16,10,6
2023-06-10,11,Where She Goes,Bad Bunny,10,10,2
2023-06-10,12,Komet,Udo Lindenberg & Apache 207,11,3,19
2023-06-10,13,Creepin',"Metro Boomin , The Weeknd & 21 Savage",13,3,26
2023-06-10,14,As It Was,Harry Styles,15,1,58
2023-06-10,15,La Rue,Gazo x Damso,6,5,3
2023-06-10,16,Chakras,Ivandro & Julinho KSD,12,7,5
2023-06-10,17,Soweto,"Victony, Rema & Tempoe Featuring Don Toliver",17,17,3
2023-06-10,18,TQG,Karol G x Shakira,-,11,7
2023-06-10,19,Another Love,Tom Odell,18,4,43
2023-06-10,20,Die For You,The Weeknd & Ariana Grande,21,2,14
2023-06-10,21,Eyes Closed,Ed Sheeran,19,13,9
2023-06-10,22,I Ain't Worried,OneRepublic,22,5,43
2023-06-10,23,Ella Baila Sola,Eslabon Armado X Peso Pluma,-,23,1
2023-06-10,24,Bagchaser Can,PASHANIM,-,24,1
2023-06-10,25,Cupid,Fifty Fifty,20,11,5
2023-06-17,1,Sprinter,Dave & Central Cee,-,1,1
2023-06-17,2,Flowers,Miley Cyrus,1,1,21
2023-06-17,3,Calm Down,Rema & Selena Gomez,2,1,53
2023-06-17,4,People,Libianca,3,3,17
2023-06-17,5,Daylight,David Kushner,4,2,8
2023-06-17,6,Tattoo,Loreen,5,1,4
2023-06-17,7,Baby Don't Hurt Me,"David Guetta , Anne-Marie & Coi Leray",6,6,8
2023-06-17,8,Run It,Yung Rizzo & Mehr Enayati,-,8,1
2023-06-17,9,Beso,ROSALIA & Rauw Alejandro,9,5,11
2023-06-17,10,Rush,Ayra Starr,8,8,21
2023-06-17,11,I'm Good (Blue),David Guetta & Bebe Rexha,7,1,41
2023-06-17,12,Komet,Udo Lindenberg & Apache 207,12,3,20
2023-06-17,13,Creepin',"Metro Boomin , The Weeknd & 21 Savage",13,3,27
2023-06-17,14,Miracle,Calvin Harris & Ellie Goulding,10,10,7
2023-06-17,15,Where She Goes,Bad Bunny,11,10,3
2023-06-17,16,As It Was,Harry Styles,14,1,59
2023-06-17,17,La Rue,Gazo x Damso,15,5,4
2023-06-17,18,Chakras,Ivandro & Julinho KSD,16,7,6
2023-06-17,19,Eyes Closed,Ed Sheeran,21,13,10
2023-06-17,20,Another Love,Tom Odell,19,4,44
2023-06-17,21,Soweto,"Victony, Rema & Tempoe Featuring Don Toliver",17,17,4
2023-06-17,22,Dance The Night,Dua Lipa,-,22,1
2023-06-17,23,Friesenjung,"Ski Aggu, Joost & Otto Waalkes",-,23,1
2023-06-17,24,Die For You,The Weeknd & Ariana Grande,20,2,15
2023-06-17,25,Substitution,Purple Disco Machine x Kungs,-,25,1
2023-06-24,1,Sprinter,Dave & Central Cee,1,1,2
2023-06-24,2,Flowers,Miley Cyrus,2,1,22
2023-06-24,3,Calm Down,Rema & Selena Gomez,3,1,54
2023-06-24,4,People,Libianca,4,3,18
2023-06-24,5,Daylight,David Kushner,5,2,9
2023-06-24,6,Baby Don't Hurt Me,"David Guetta , Anne-Marie & Coi Leray",7,6,9
2023-06-24,7,Beso,ROSALIA & Rauw Alejandro,9,5,12
2023-06-24,8,Komet,Udo Lindenberg & Apache 207,12,3,21
2023-06-24,9,Tattoo,Loreen,6,1,5
2023-06-24,10,I'm Good (Blue),David Guetta & Bebe Rexha,11,1,42
2023-06-24,11,Rush,Ayra Starr,10,8,22
2023-06-24,12,Creepin',"Metro Boomin , The Weeknd & 21 Savage",13,3,28
2023-06-24,13,Miracle,Calvin Harris & Ellie Goulding,14,10,8
2023-06-24,14,As It Was,Harry Styles,16,1,60
2023-06-24,15,Where She Goes,Bad Bunny,15,10,4
2023-06-24,16,Who Told You,J Hus Featuring Drake,-,16,1
2023-06-24,17,This Year (Blessings),Victor Thompson X Gunna Featuring Ehis 'D' Greatest,-,17,1
2023-06-24,18,Bolide Allemand,SDM,-,18,2
2023-06-24,19,Another Love,Tom Odell,20,4,45
2023-06-24,20,La Rue,Gazo x Damso,17,5,5
2023-06-24,21,Chakras,Ivandro & Julinho KSD,18,7,7
2023-06-24,22,Ella Baila Sola,Eslabon Armado X Peso Pluma,-,22,2
2023-06-24,23,Die For You,The Weeknd & Ariana Grande,24,2,16
2023-06-24,24,Soweto,"Victony, Rema & Tempoe Featuring Don Toliver",21,17,5
2023-06-24,25,Eyes Closed,Ed Sheeran,19,13,11
2023-07-01,1,Sprinter,Dave & Central Cee,1,1,3
2023-07-01,2,Flowers,Miley Cyrus,2,1,23
2023-07-01,3,Calm Down,Rema & Selena Gomez,3,1,55
2023-07-01,4,People,Libianca,4,3,19
2023-07-01,5,Daylight,David Kushner,5,2,10
2023-07-01,6,Tattoo,Loreen,9,1,6
2023-07-01,7,Baby Don't Hurt Me,"David Guetta , Anne-Marie & Coi Leray",6,6,10
2023-07-01,8,Rush,Ayra Starr,11,8,23
2023-07-01,9,I'm Good (Blue),David Guetta & Bebe Rexha,10,1,43
2023-07-01,10,Miracle,Calvin Harris & Ellie Goulding,13,10,9
2023-07-01,11,Komet,Udo Lindenberg & Apache 207,8,3,22
2023-07-01,12,Beso,ROSALIA & Rauw Alejandro,7,5,13
2023-07-01,13,Where She Goes,Bad Bunny,15,10,5
2023-07-01,14,Eyes Closed,Ed Sheeran,25,13,12
2023-07-01,15,As It Was,Harry Styles,14,1,61
2023-07-01,16,Creepin',"Metro Boomin , The Weeknd & 21 Savage",12,3,29
2023-07-01,17,This Year (Blessings),Victor Thompson X Gunna Featuring Ehis 'D' Greatest,17,17,2
2023-07-01,18,Another Love,Tom Odell,19,4,46
2023-07-01,19,Chakras,Ivandro & Julinho KSD,21,7,8
2023-07-01,20,Substitution,Purple Disco Machine x Kungs,-,20,2
2023-07-01,21,Bolide Allemand,SDM,18,18,3
2023-07-01,22,Soweto,"Victony, Rema & Tempoe Featuring Don Toliver",24,17,6
2023-07-01,23,Strada,RAF Camora & Ahmad Amin,-,23,1
2023-07-01,24,Where Are You Now,Lost Frequencies & Calum Scott,-,6,30
2023-07-01,25,Ella Baila Sola,Eslabon Armado X Peso Pluma,22,22,3
2023-07-08,1,Sprinter,Dave & Central Cee,1,1,4
2023-07-08,2,Calm Down,Rema & Selena Gomez,3,1,56
2023-07-08,3,Flowers,Miley Cyrus,2,1,24
2023-07-08,4,People,Libianca,4,3,20
2023-07-08,5,Daylight,David Kushner,5,2,11
2023-07-08,6,Tattoo,Loreen,6,1,7
2023-07-08,7,Baby Don't Hurt Me,"David Guetta , Anne-Marie & Coi Leray",7,6,11
2023-07-08,8,Rush,Ayra Starr,8,8,24
2023-07-08,9,Beso,ROSALIA & Rauw Alejandro,12,5,14
2023-07-08,10,I'm Good (Blue),David Guetta & Bebe Rexha,9,1,44
2023-07-08,11,Komet,Udo Lindenberg & Apache 207,11,3,23
2023-07-08,12,As It Was,Harry Styles,15,1,62
2023-07-08,13,This Year (Blessings),Victor Thompson X Gunna Featuring Ehis 'D' Greatest,17,13,3
2023-07-08,14,Another Love,Tom Odell,18,4,47
2023-07-08,15,Creepin',"Metro Boomin , The Weeknd & 21 Savage",16,3,30
2023-07-08,16,Miracle,Calvin Harris & Ellie Goulding,10,10,10
2023-07-08,17,Where She Goes,Bad Bunny,13,10,6
2023-07-08,18,Fukumean,Gunna,-,18,1
2023-07-08,19,Chakras,Ivandro & Julinho KSD,19,7,9
2023-07-08,20,Substitution,Purple Disco Machine x Kungs,20,20,3
2023-07-08,21,Eyes Closed,Ed Sheeran,14,13,13
2023-07-08,22,Soweto,"Victony, Rema & Tempoe Featuring Don Toliver",22,17,7
2023-07-08,23,Where Are You Now,Lost Frequencies & Calum Scott,24,6,31
2023-07-08,24,Bolide Allemand,SDM,21,18,4
2023-07-08,25,I Ain't Worried,OneRepublic,-,5,44
2023-07-15,1,Sprinter,Dave & Central Cee,1,1,5
2023-07-15,2,Flowers,Miley Cyrus,3,1,25
2023-07-15,3,Daylight,David Kushner,5,2,12
2023-07-15,4,Calm Down,Rema & Selena Gomez,2,1,57
2023-07-15,5,Baby Don't Hurt Me,"David Guetta , Anne-Marie & Coi Leray",7,5,12
2023-07-15,6,People,Libianca,4,3,21
2023-07-15,7,Eurostar,Ninho Featuring Central Cee,-,7,1
2023-07-15,8,Tattoo,Loreen,6,1,8
2023-07-15,9,Blue Story,Ninho Featuring Lil Baby,-,9,1
2023-07-15,10,Vampire,Olivia Rodrigo,-,10,1
2023-07-15,11,Rush,Ayra Starr,8,8,25
2023-07-15,12,Comfortable,Behani,-,12,1
2023-07-15,13,I'm Good (Blue),David Guetta & Bebe Rexha,10,1,45
2023-07-15,14,Komet,Udo Lindenberg & Apache 207,11,3,24
2023-07-15,15,This Year (Blessings),Victor Thompson X Gunna Featuring Ehis 'D' Greatest,13,13,4
2023-07-15,16,Beso,ROSALIA & Rauw Alejandro,9,5,15
2023-07-15,17,Fukumean,Gunna,18,17,2
2023-07-15,18,Another Love,Tom Odell,14,4,48
2023-07-15,19,As It Was,Harry Styles,12,1,63
2023-07-15,20,I Wanna Be Yours,Arctic Monkeys,-,20,1
2023-07-15,21,Do I Wanna Know?,Arctic Monkeys,-,21,1
2023-07-15,22,Miracle,Calvin Harris & Ellie Goulding,16,10,11
2023-07-15,23,Creepin',"Metro Boomin , The Weeknd & 21 Savage",15,3,31
2023-07-15,24,Bolide Allemand,SDM,24,18,5
2023-07-15,25,La Vie de Johnny,Ninho,-,25,1
2023-07-22,1,Sprinter,Dave & Central Cee,1,1,6
2023-07-22,2,Flowers,Miley Cyrus,2,1,26
2023-07-22,3,Calm Down,Rema & Selena Gomez,4,1,58
2023-07-22,4,Baby Don't Hurt Me,"David Guetta , Anne-Marie & Coi Leray",5,4,13
2023-07-22,5,Daylight,David Kushner,3,2,13
2023-07-22,6,People,Libianca,6,3,22
2023-07-22,7,Tattoo,Loreen,8,1,9
2023-07-22,8,Rush,Ayra Starr,11,8,26
2023-07-22,9,Fukumean,Gunna,17,9,3
2023-07-22,10,I'm Good (Blue),David Guetta & Bebe Rexha,13,1,46
2023-07-22,11,Comfortable,Behani,12,11,2
2023-07-22,12,Not So Bad (Leans Gone Cold),Rae Sremmurd,-,12,2
2023-07-22,13,Vampire,Olivia Rodrigo,10,10,2
2023-07-22,14,Beso,ROSALIA & Rauw Alejandro,16,5,16
2023-07-22,15,Komet,Udo Lindenberg & Apache 207,14,3,25
2023-07-22,16,This Year (Blessings),Victor Thompson X Gunna Featuring Ehis 'D' Greatest,15,13,5
2023-07-22,17,Eurostar,Ninho Featuring Central Cee,7,7,2
2023-07-22,18,As It Was,Harry Styles,19,1,64
2023-07-22,19,Miracle,Calvin Harris & Ellie Goulding,22,10,12
2023-07-22,20,Substitution,Purple Disco Machine x Kungs,-,20,4
2023-07-22,21,Another Love,Tom Odell,18,4,49
2023-07-22,22,Creepin',"Metro Boomin , The Weeknd & 21 Savage",23,3,32
2023-07-22,23,Soweto,"Victony, Rema & Tempoe Featuring Don Toliver",-,17,8
2023-07-22,24,Bolide Allemand,SDM,24,18,6
2023-07-22,25,Popular,"The Weeknd , Playboi Carti & Madonna",-,25,1
2023-07-29,1,Sprinter,Dave & Central Cee,1,1,7
2023-07-29,2,Calm Down,Rema & Selena Gomez,3,1,59
2023-07-29,3,Baby Don't Hurt Me,"David Guetta , Anne-Marie & Coi Leray",4,3,14
2023-07-29,4,Flowers,Miley Cyrus,2,1,27
2023-07-29,5,Seven,Jung Kook Featuring Latto,-,5,1
2023-07-29,6,Daylight,David Kushner,5,2,14
2023-07-29,7,Fukumean,Gunna,9,7,4
2023-07-29,8,People,Libianca,6,3,23
2023-07-29,9,Rush,Ayra Starr,8,8,27
2023-07-29,10,I'm Good (Blue),David Guetta & Bebe Rexha,10,1,47
2023-07-29,11,Tattoo,Loreen,7,1,10
2023-07-29,12,This Year (Blessings),Victor Thompson X Gunna Featuring Ehis 'D' Greatest,16,12,6
2023-07-29,13,Komet,Udo Lindenberg & Apache 207,15,3,26
2023-07-29,14,Miracle,Calvin Harris & Ellie Goulding,19,10,13
2023-07-29,15,Vampire,Olivia Rodrigo,13,10,3
2023-07-29,16,Beso,ROSALIA & Rauw Alejandro,14,5,17
2023-07-29,17,Substitution,Purple Disco Machine x Kungs,20,17,5
2023-07-29,18,As It Was,Harry Styles,18,1,65
2023-07-29,19,Another Love,Tom Odell,21,4,50
2023-07-29,20,Creepin',"Metro Boomin , The Weeknd & 21 Savage",22,3,33
2023-07-29,21,Popular,"The Weeknd , Playboi Carti & Madonna",25,21,2
2023-07-29,22,Bolide Allemand,SDM,24,18,7
2023-07-29,23,Eurostar,Ninho Featuring Central Cee,17,7,3
2023-07-29,24,Dance The Night,Dua Lipa,-,22,2
2023-07-29,25,(It Goes Like) Nanana,Peggy Gou,-,25,1
2023-08-05,1,Sprinter,Dave & Central Cee,1,1,8
2023-08-05,2,K-POP,"Travis Scott , Bad Bunny & The Weeknd",-,2,1
2023-08-05,3,Daylight,David Kushner,6,2,15
2023-08-05,4,Calm Down,Rema & Selena Gomez,2,1,60
2023-08-05,5,Fukumean,Gunna,7,5,5
2023-08-05,6,Dance The Night,Dua Lipa,24,6,3
2023-08-05,7,Flowers,Miley Cyrus,4,1,28
2023-08-05,8,Baby Don't Hurt Me,"David Guetta , Anne-Marie & Coi Leray",3,3,15
2023-08-05,9,People,Libianca,8,3,24
2023-08-05,10,Seven,Jung Kook Featuring Latto,5,5,2
2023-08-05,11,What Was I Made For?,Billie Eilish,-,11,1
2023-08-05,12,Barbie World,Nicki Minaj & Ice Spice With Aqua,-,12,1
2023-08-05,13,Tattoo,Loreen,11,1,11
2023-08-05,14,Beso,ROSALIA & Rauw Alejandro,16,5,18
2023-08-05,15,I'm Good (Blue),David Guetta & Bebe Rexha,10,1,48
2023-08-05,16,Rush,Ayra Starr,9,8,28
2023-08-05,17,This Year (Blessings),Victor Thompson X Gunna Featuring Ehis 'D' Greatest,12,12,7
2023-08-05,18,Komet,Udo Lindenberg & Apache 207,13,3,27
2023-08-05,19,Substitution,Purple Disco Machine x Kungs,17,17,6
2023-08-05,20,Miracle,Calvin Harris & Ellie Goulding,14,10,14
2023-08-05,21,Another Love,Tom Odell,19,4,51
2023-08-05,22,Vampire,Olivia Rodrigo,15,10,4
2023-08-05,23,Casanova,Soolking X Gazo,-,23,1
2023-08-05,24,As It Was,Harry Styles,18,1,66
2023-08-05,25,(It Goes Like) Nanana,Peggy Gou,25,25,2
2023-08-12,1,Sprinter,Dave & Central Cee,1,1,9
2023-08-12,2,FE!N,Travis Scott Featuring Playboi Carti,-,2,1
2023-08-12,3,Dance The Night,Dua Lipa,6,3,4
2023-08-12,4,Meltdown,Travis Scott Featuring Drake,-,4,1
2023-08-12,5,What Was I Made For?,Billie Eilish,11,5,2
2023-08-12,6,K-POP,"Travis Scott , Bad Bunny & The Weeknd",2,2,2
2023-08-12,7,Thank God,Travis Scott,-,7,1
2023-08-12,8,Daylight,David Kushner,3,2,16
2023-08-12,9,My Eyes,Travis Scott,-,9,1
2023-08-12,10,Beso,ROSALIA & Rauw Alejandro,14,5,19
2023-08-12,11,I Know ?,Travis Scott,-,11,1
2023-08-12,12,Barbie World,Nicki Minaj & Ice Spice With Aqua,12,12,2
2023-08-12,13,Flowers,Miley Cyrus,7,1,29
2023-08-12,14,Hyaena,Travis Scott,-,14,1
2023-08-12,15,Fukumean,Gunna,5,5,6
2023-08-12,16,Baby Don't Hurt Me,"David Guetta , Anne-Marie & Coi Leray",8,3,16
2023-08-12,17,Calm Down,Rema & Selena Gomez,4,1,61
2023-08-12,18,Tattoo,Loreen,13,1,12
2023-08-12,19,People,Libianca,9,3,25
2023-08-12,20,Topia Twins,Travis Scott Featuring Rob49 & 21 Savage,-,20,1
2023-08-12,21,I'm Good (Blue),David Guetta & Bebe Rexha,15,1,49
2023-08-12,22,Delresto (Echoes),Travis Scott & Beyonce,-,22,1
2023-08-12,23,Komet,Udo Lindenberg & Apache 207,18,3,28
2023-08-12,24,Telekinesis,Travis Scott Featuring SZA & Future,-,24,1
2023-08-12,25,Casanova,Soolking X Gazo,23,23,2
2023-08-19,1,Dance The Night,Dua Lipa,3,1,5
2023-08-19,2,Sprinter,Dave & Central Cee,1,1,10
2023-08-19,3,What Was I Made For?,Billie Eilish,5,3,3
2023-08-19,4,Barbie World,Nicki Minaj & Ice Spice With Aqua,12,4,3
2023-08-19,5,Daylight,David Kushner,8,2,17
2023-08-19,6,Calm Down,Rema & Selena Gomez,17,1,62
2023-08-19,7,Fukumean,Gunna,15,5,7
2023-08-19,8,Flowers,Miley Cyrus,13,1,30
2023-08-19,9,Tattoo,Loreen,18,1,13
2023-08-19,10,Baby Don't Hurt Me,"David Guetta , Anne-Marie & Coi Leray",16,3,17
2023-08-19,11,(It Goes Like) Nanana,Peggy Gou,-,11,3
2023-08-19,12,Beso,ROSALIA & Rauw Alejandro,10,5,20
2023-08-19,13,People,Libianca,19,3,26
2023-08-19,14,Casanova,Soolking X Gazo,25,14,3
2023-08-19,15,FE!N,Travis Scott Featuring Playboi Carti,2,2,2
2023-08-19,16,I'm Good (Blue),David Guetta & Bebe Rexha,21,1,50
2023-08-19,17,Meltdown,Travis Scott Featuring Drake,4,4,2
2023-08-19,18,I Believe,Siminof Featuring Peruzzi,-,18,1
2023-08-19,19,Komet,Udo Lindenberg & Apache 207,23,3,29
2023-08-19,20,This Year (Blessings),Victor Thompson X Gunna Featuring Ehis 'D' Greatest,-,12,8
2023-08-19,21,Miracle,Calvin Harris & Ellie Goulding,-,10,15
2023-08-19,22,Ta OK,"DENNIS E MC Kevin O Chris, Maluma & Karol G",-,22,1
2023-08-19,23,Rush,Ayra Starr,-,8,29
2023-08-19,24,Substitution,Purple Disco Machine x Kungs,-,17,7
2023-08-19,25,K-POP,"Travis Scott , Bad Bunny & The Weeknd",6,2,3
2023-08-26,1,Dance The Night,Dua Lipa,1,1,6
2023-08-26,2,Sprinter,Dave & Central Cee,2,1,11
2023-08-26,3,What Was I Made For?,Billie Eilish,3,3,4
2023-08-26,4,Daylight,David Kushner,5,2,18
2023-08-26,5,Calm Down,Rema & Selena Gomez,6,1,63
2023-08-26,6,Flowers,Miley Cyrus,8,1,31
2023-08-26,7,Step On Em,NWG Suave X OG 3Three,-,7,1
2023-08-26,8,(It Goes Like) Nanana,Peggy Gou,11,8,4
2023-08-26,9,Barbie World,Nicki Minaj & Ice Spice With Aqua,4,4,4
2023-08-26,10,Tattoo,Loreen,9,1,14
2023-08-26,11,Fukumean,Gunna,7,5,8
2023-08-26,12,Baby Don't Hurt Me,"David Guetta , Anne-Marie & Coi Leray",10,3,18
2023-08-26,13,Casanova,Soolking X Gazo,14,13,4
2023-08-26,14,Beso,ROSALIA & Rauw Alejandro,12,5,21
2023-08-26,15,People,Libianca,13,3,27
2023-08-26,16,I'm Good (Blue),David Guetta & Bebe Rexha,16,1,51
2023-08-26,17,Komet,Udo Lindenberg & Apache 207,19,3,30
2023-08-26,18,Rush,Ayra Starr,23,8,30
2023-08-26,19,This Year (Blessings),Victor Thompson X Gunna Featuring Ehis 'D' Greatest,20,12,9
2023-08-26,20,Substitution,Purple Disco Machine x Kungs,24,17,8
2023-08-26,21,Ta OK,"DENNIS E MC Kevin O Chris, Maluma & Karol G",22,21,2
2023-08-26,22,FE!N,Travis Scott Featuring Playboi Carti,15,2,3
2023-08-26,23,Another Love,Tom Odell,-,4,52
2023-08-26,24,Miracle,Calvin Harris & Ellie Goulding,21,10,16
2023-08-26,25,Vampire,Olivia Rodrigo,-,10,5
2023-09-02,1,Dance The Night,Dua Lipa,1,1,7
2023-09-02,2,Sprinter,Dave & Central Cee,2,1,12
2023-09-02,3,(It Goes Like) Nanana,Peggy Gou,8,3,5
2023-09-02,4,Daylight,David Kushner,4,2,19
2023-09-02,5,What Was I Made For?,Billie Eilish,3,3,5
2023-09-02,6,Paint The Town Red,Doja Cat,-,6,1
2023-09-02,7,Calm Down,Rema & Selena Gomez,5,1,64
2023-09-02,8,Casanova,Soolking X Gazo,13,8,5
2023-09-02,9,Fukumean,Gunna,11,5,9
2023-09-02,10,Tattoo,Loreen,10,1,15
2023-09-02,11,Flowers,Miley Cyrus,6,1,32
2023-09-02,12,Baby Don't Hurt Me,"David Guetta , Anne-Marie & Coi Leray",12,3,19
2023-09-02,13,Barbie World,Nicki Minaj & Ice Spice With Aqua,9,4,5
2023-09-02,14,Beso,ROSALIA & Rauw Alejandro,14,5,22
2023-09-02,15,I'm Good (Blue),David Guetta & Bebe Rexha,16,1,52
2023-09-02,16,People,Libianca,15,3,28
2023-09-02,17,Ta OK,"DENNIS E MC Kevin O Chris, Maluma & Karol G",21,17,3
2023-09-02,18,Substitution,Purple Disco Machine x Kungs,20,17,9
2023-09-02,19,This Year (Blessings),Victor Thompson X Gunna Featuring Ehis 'D' Greatest,19,12,10
2023-09-02,20,Komet,Udo Lindenberg & Apache 207,17,3,31
2023-09-02,21,Push Up,Creeds,-,21,1
2023-09-02,22,Saiyan,Heuss L'enfoire X Gazo,-,22,1
2023-09-02,23,Another Love,Tom Odell,23,4,53
2023-09-02,24,Vampire,Olivia Rodrigo,25,10,6
2023-09-02,25,Miracle,Calvin Harris & Ellie Goulding,24,10,17
2023-09-09,1,Paint The Town Red,Doja Cat,6,1,2
2023-09-09,2,Dance The Night,Dua Lipa,1,1,8
2023-09-09,3,Sprinter,Dave & Central Cee,2,1,13
2023-09-09,4,Meridian,Dave & Tiakola,-,4,1
2023-09-09,5,Daylight,David Kushner,4,2,20
2023-09-09,6,(It Goes Like) Nanana,Peggy Gou,3,3,6
2023-09-09,7,Tattoo,Loreen,10,1,16
2023-09-09,8,Casanova,Soolking X Gazo,8,8,6
2023-09-09,9,Calm Down,Rema & Selena Gomez,7,1,65
2023-09-09,10,Fukumean,Gunna,9,5,10
2023-09-09,11,Flowers,Miley Cyrus,11,1,33
2023-09-09,12,What Was I Made For?,Billie Eilish,5,3,6
2023-09-09,13,Baby Don't Hurt Me,"David Guetta , Anne-Marie & Coi Leray",12,3,20
2023-09-09,14,Beso,ROSALIA & Rauw Alejandro,14,5,23
2023-09-09,15,Ms. Jackson,PASHANIM,-,15,1
2023-09-09,16,People,Libianca,16,3,29
2023-09-09,17,I'm Good (Blue),David Guetta & Bebe Rexha,15,1,53
2023-09-09,18,Komet,Udo Lindenberg & Apache 207,20,3,32
2023-09-09,19,Another Love,Tom Odell,23,4,54
2023-09-09,20,Prada,"casso, RAYE & D-Block Europe",-,20,1
2023-09-09,21,Barbie World,Nicki Minaj & Ice Spice With Aqua,13,4,6
2023-09-09,22,Saiyan,Heuss L'enfoire X Gazo,22,22,2
2023-09-09,23,Cruel Summer,Taylor Swift,-,23,1
2023-09-09,24,This Year (Blessings),Victor Thompson X Gunna Featuring Ehis 'D' Greatest,19,12,11
2023-09-09,25,Vampire,Olivia Rodrigo,24,10,7
2023-09-16,1,Paint The Town Red,Doja Cat,1,1,3
2023-09-16,2,Dance The Night,Dua Lipa,2,1,9
2023-09-16,3,Sprinter,Dave & Central Cee,3,1,14
2023-09-16,4,(It Goes Like) Nanana,Peggy Gou,6,3,7
2023-09-16,5,Daylight,David Kushner,5,2,21
2023-09-16,6,Meridian,Dave & Tiakola,4,4,2
2023-09-16,7,Casanova,Soolking X Gazo,8,7,7
2023-09-16,8,Tattoo,Loreen,7,1,17
2023-09-16,9,Fukumean,Gunna,10,5,11
2023-09-16,10,Calm Down,Rema & Selena Gomez,9,1,66
2023-09-16,11,Flowers,Miley Cyrus,11,1,34
2023-09-16,12,Strangers,Kenya Grace,-,12,1
2023-09-16,13,What Was I Made For?,Billie Eilish,12,3,7
2023-09-16,14,Prada,"casso, RAYE & D-Block Europe",20,14,2
2023-09-16,15,Baby Don't Hurt Me,"David Guetta , Anne-Marie & Coi Leray",13,3,21
2023-09-16,16,People,Libianca,16,3,30
2023-09-16,17,Beso,ROSALIA & Rauw Alejandro,14,5,24
2023-09-16,18,Vampire,Olivia Rodrigo,25,10,8
2023-09-16,19,Saiyan,Heuss L'enfoire X Gazo,22,19,3
2023-09-16,20,Komet,Udo Lindenberg & Apache 207,18,3,33
2023-09-16,21,I'm Good (Blue),David Guetta & Bebe Rexha,17,1,54
2023-09-16,22,Another Love,Tom Odell,19,4,55
2023-09-16,23,Special,Dave & Tiakola,-,23,1
2023-09-16,24,Cruel Summer,Taylor Swift,23,23,2
2023-09-16,25,Ta OK,"DENNIS E MC Kevin O Chris, Maluma & Karol G",-,17,4
2023-09-23,1,Paint The Town Red,Doja Cat,1,1,4
2023-09-23,2,Dance The Night,Dua Lipa,2,1,10
2023-09-23,3,Casanova,Soolking X Gazo,7,3,8
2023-09-23,4,Sprinter,Dave & Central Cee,3,1,15
2023-09-23,5,Daylight,David Kushner,5,2,22
2023-09-23,6,Strangers,Kenya Grace,12,6,2
2023-09-23,7,Meridian,Dave & Tiakola,6,4,3
2023-09-23,8,(It Goes Like) Nanana,Peggy Gou,4,3,8
2023-09-23,9,Tattoo,Loreen,8,1,18
2023-09-23,10,Prada,"casso, RAYE & D-Block Europe",14,10,3
2023-09-23,11,Vampire,Olivia Rodrigo,18,10,9
2023-09-23,12,Calm Down,Rema & Selena Gomez,10,1,67
2023-09-23,13,Fukumean,Gunna,9,5,12
2023-09-23,14,Flowers,Miley Cyrus,11,1,35
2023-09-23,15,Ich Mal Den Himmel Heute Rosa,Oliver Schmidl,-,15,1
2023-09-23,16,Baby Don't Hurt Me,"David Guetta , Anne-Marie & Coi Leray",15,3,22
2023-09-23,17,Vois Sur Ton Chemin (Techno Mix),BENNETT,-,17,1
2023-09-23,18,What Was I Made For?,Billie Eilish,13,3,8
2023-09-23,19,Cruel Summer,Taylor Swift,24,19,3
2023-09-23,20,Beso,ROSALIA & Rauw Alejandro,17,5,25
2023-09-23,21,Another Love,Tom Odell,22,4,56
2023-09-23,22,I'm Good (Blue),David Guetta & Bebe Rexha,21,1,55
2023-09-23,23,Ta OK,"DENNIS E MC Kevin O Chris, Maluma & Karol G",25,17,5
2023-09-23,24,Saiyan,Heuss L'enfoire X Gazo,19,19,4
2023-09-23,25,Komet,Udo Lindenberg & Apache 207,20,3,34
2023-09-30,1,Paint The Town Red,Doja Cat,1,1,5
2023-09-30,2,Strangers,Kenya Grace,6,2,3
2023-09-30,3,Greedy,Tate McRae,-,3,1
2023-09-30,4,Casanova,Soolking X Gazo,3,3,9
2023-09-30,5,Dance The Night,Dua Lipa,2,1,11
2023-09-30,6,Daylight,David Kushner,5,2,23
2023-09-30,7,Sprinter,Dave & Central Cee,4,1,16
2023-09-30,8,Prada,"casso, RAYE & D-Block Europe",10,8,4
2023-09-30,9,Tattoo,Loreen,9,1,19
2023-09-30,10,Meridian,Dave & Tiakola,7,4,4
2023-09-30,11,Slime You Out,Drake Featuring SZA,-,11,1
2023-09-30,12,Calm Down,Rema & Selena Gomez,12,1,68
2023-09-30,13,Fukumean,Gunna,13,5,13
2023-09-30,14,(It Goes Like) Nanana,Peggy Gou,8,3,9
2023-09-30,15,Vampire,Olivia Rodrigo,11,10,10
2023-09-30,16,Vois Sur Ton Chemin (Techno Mix),BENNETT,17,16,2
2023-09-30,17,Flowers,Miley Cyrus,14,1,36
2023-09-30,18,Petit Genie,"Jungeli Featuring Abou Debeing, Lossa, Alonzo & Imen Es",-,18,1
2023-09-30,19,Another Love,Tom Odell,21,4,57
2023-09-30,20,What Was I Made For?,Billie Eilish,18,3,9
2023-09-30,21,Baby Don't Hurt Me,"David Guetta , Anne-Marie & Coi Leray",16,3,23
2023-09-30,22,Cruel Summer,Taylor Swift,19,19,4
2023-09-30,23,Saiyan,Heuss L'enfoire X Gazo,24,19,5
2023-09-30,24,I'm Good (Blue),David Guetta & Bebe Rexha,22,1,56
2023-09-30,25,Komet,Udo Lindenberg & Apache 207,25,3,35
2023-10-07,1,Paint The Town Red,Doja Cat,1,1,6
2023-10-07,2,Strangers,Kenya Grace,2,2,4
2023-10-07,3,Greedy,Tate McRae,3,3,2
2023-10-07,4,Casanova,Soolking X Gazo,4,3,10
2023-10-07,5,Prada,"casso, RAYE & D-Block Europe",8,5,5
2023-10-07,6,Daylight,David Kushner,6,2,24
2023-10-07,7,Sprinter,Dave & Central Cee,7,1,17
2023-10-07,8,Dance The Night,Dua Lipa,5,1,12
2023-10-07,9,Tattoo,Loreen,9,1,20
2023-10-07,10,Meridian,Dave & Tiakola,10,4,5
2023-10-07,11,Petit Genie,"Jungeli Featuring Abou Debeing, Lossa, Alonzo & Imen Es",18,11,2
2023-10-07,12,Another Love,Tom Odell,19,4,58
2023-10-07,13,Fukumean,Gunna,13,5,14
2023-10-07,14,Calm Down,Rema & Selena Gomez,12,1,69
2023-10-07,15,Vois Sur Ton Chemin (Techno Mix),BENNETT,16,15,3
2023-10-07,16,Flowers,Miley Cyrus,17,1,37
2023-10-07,17,(It Goes Like) Nanana,Peggy Gou,14,3,10
2023-10-07,18,Vampire,Olivia Rodrigo,15,10,11
2023-10-07,19,Desire,Calvin Harris & Sam Smith,-,19,1
2023-10-07,20,City Boys,Burna Boy,-,20,1
2023-10-07,21,Cruel Summer,Taylor Swift,22,19,5
2023-10-07,22,What Was I Made For?,Billie Eilish,20,3,10
2023-10-07,23,Saiyan,Heuss L'enfoire X Gazo,23,19,6
2023-10-07,24,Baby Don't Hurt Me,"David Guetta , Anne-Marie & Coi Leray",21,3,24
2023-10-07,25,Komet,Udo Lindenberg & Apache 207,25,3,36
2023-10-14,1,Greedy,Tate McRae,3,1,3
2023-10-14,2,Si No Estas,Inigo Quintero,-,2,1
2023-10-14,3,Strangers,Kenya Grace,2,2,5
2023-10-14,4,Paint The Town Red,Doja Cat,1,1,7
2023-10-14,5,Casanova,Soolking X Gazo,4,3,11
2023-10-14,6,Prada,"casso, RAYE & D-Block Europe",5,5,6
2023-10-14,7,Daylight,David Kushner,6,2,25
2023-10-14,8,Vois Sur Ton Chemin (Techno Mix),BENNETT,15,8,4
2023-10-14,9,Petit Genie,"Jungeli Featuring Abou Debeing, Lossa, Alonzo & Imen Es",11,9,3
2023-10-14,10,Tattoo,Loreen,9,1,21
2023-10-14,11,Dance The Night,Dua Lipa,8,1,13
2023-10-14,12,Sprinter,Dave & Central Cee,7,1,18
2023-10-14,13,Another Love,Tom Odell,12,4,59
2023-10-14,14,Meridian,Dave & Tiakola,10,4,6
2023-10-14,15,Calm Down,Rema & Selena Gomez,14,1,70
2023-10-14,16,Fukumean,Gunna,13,5,15
2023-10-14,17,3D,Jung Kook & Jack Harlow,-,17,1
2023-10-14,18,Saiyan,Heuss L'enfoire X Gazo,23,18,7
2023-10-14,19,(It Goes Like) Nanana,Peggy Gou,17,3,11
2023-10-14,20,Cruel Summer,Taylor Swift,21,19,6
2023-10-14,21,Vampire,Olivia Rodrigo,18,10,12
2023-10-14,22,City Boys,Burna Boy,20,20,2
2023-10-14,23,Flowers,Miley Cyrus,16,1,38
2023-10-14,24,Laisse Moi,KeBlack,-,24,1
2023-10-14,25,Desire,Calvin Harris & Sam Smith,19,19,2
2023-10-21,1,Si No Estas,Inigo Quintero,2,1,2
2023-10-21,2,Greedy,Tate McRae,1,1,4
2023-10-21,3,Strangers,Kenya Grace,3,2,6
2023-10-21,4,Paint The Town Red,Doja Cat,4,1,8
2023-10-21,5,IDGAF,Drake Featuring Yeat,-,5,1
2023-10-21,6,Casanova,Soolking X Gazo,5,3,12
2023-10-21,7,Petit Genie,"Jungeli Featuring Abou Debeing, Lossa, Alonzo & Imen Es",9,7,4
2023-10-21,8,Virginia Beach,Drake,-,8,1
2023-10-21,9,Prada,"casso, RAYE & D-Block Europe",6,5,7
2023-10-21,10,Vois Sur Ton Chemin (Techno Mix),BENNETT,8,8,5
2023-10-21,11,First Person Shooter,Drake Featuring J. Cole,-,11,1
2023-10-21,12,Daylight,David Kushner,7,2,26
2023-10-21,13,Tattoo,Loreen,10,1,22
2023-10-21,14,Dance The Night,Dua Lipa,11,1,14
2023-10-21,15,Sprinter,Dave & Central Cee,12,1,19
2023-10-21,16,Calling For You,Drake Featuring 21 Savage,-,16,1
2023-10-21,17,Slime You Out,Drake Featuring SZA,-,11,2
2023-10-21,18,Gently,Drake Featuring Bad Bunny,-,18,1
2023-10-21,19,Another Love,Tom Odell,13,4,60
2023-10-21,20,Calm Down,Rema & Selena Gomez,15,1,71
2023-10-21,21,Water,Tyla,-,21,1
2023-10-21,22,Meridian,Dave & Tiakola,14,4,7
2023-10-21,23,Daylight,Drake,-,23,1
2023-10-21,24,Fear Of Heights,Drake,-,24,1
2023-10-21,25,Fukumean,Gunna,16,5,16
2023-10-28,1,Si No Estas,Inigo Quintero,1,1,3
2023-10-28,2,Greedy,Tate McRae,2,1,5
2023-10-28,3,Strangers,Kenya Grace,3,2,7
2023-10-28,4,Paint The Town Red,Doja Cat,4,1,9
2023-10-28,5,Petit Genie,"Jungeli Featuring Abou Debeing, Lossa, Alonzo & Imen Es",7,5,5
2023-10-28,6,Casanova,Soolking X Gazo,6,3,13
2023-10-28,7,Prada,"casso, RAYE & D-Block Europe",9,5,8
2023-10-28,8,Vois Sur Ton Chemin (Techno Mix),BENNETT,10,8,6
2023-10-28,9,Daylight,David Kushner,12,2,27
2023-10-28,10,Water,Tyla,21,10,2
2023-10-28,11,IDGAF,Drake Featuring Yeat,5,5,2
2023-10-28,12,Tattoo,Loreen,13,1,23
2023-10-28,13,Another Love,Tom Odell,19,4,61
2023-10-28,14,This Year (Blessings),Victor Thompson X Gunna Featuring Ehis 'D' Greatest,-,12,12
2023-10-28,15,Dance The Night,Dua Lipa,14,1,15
2023-10-28,16,Monaco,Bad Bunny,-,16,1
2023-10-28,17,Cruel Summer,Taylor Swift,-,17,7
2023-10-28,18,Sprinter,Dave & Central Cee,15,1,20
2023-10-28,19,Calm Down,Rema & Selena Gomez,20,1,72
2023-10-28,20,Desire,Calvin Harris & Sam Smith,-,19,3
2023-10-28,21,Meridian,Dave & Tiakola,22,4,8
2023-10-28,22,Fukumean,Gunna,25,5,17
2023-10-28,23,Flowers,Miley Cyrus,-,1,39
2023-10-28,24,Laisse Moi,KeBlack,-,24,2
2023-10-28,25,City Boys,Burna Boy,-,20,3
2023-11-04,1,Si No Estas,Inigo Quintero,1,1,4
2023-11-04,2,Greedy,Tate McRae,2,1,6
2023-11-04,3,Strangers,Kenya Grace,3,2,8
2023-11-04,4,Casanova,Soolking X Gazo,6,3,14
2023-11-04,5,Paint The Town Red,Doja Cat,4,1,10
2023-11-04,6,Vois Sur Ton Chemin (Techno Mix),BENNETT,8,6,7
2023-11-04,7,Petit Genie,"Jungeli Featuring Abou Debeing, Lossa, Alonzo & Imen Es",5,5,6
2023-11-04,8,Prada,"casso, RAYE & D-Block Europe",7,5,9
2023-11-04,9,Water,Tyla,10,9,3
2023-11-04,10,Daylight,David Kushner,9,2,28
2023-11-04,11,Cruel Summer,Taylor Swift,17,11,8
2023-11-04,12,Tattoo,Loreen,12,1,24
2023-11-04,13,Another Love,Tom Odell,13,4,62
2023-11-04,14,Monaco,Bad Bunny,16,14,2
2023-11-04,15,14 Passenger,reezy,-,15,1
2023-11-04,16,Dance The Night,Dua Lipa,15,1,16
2023-11-04,17,Calm Down,Rema & Selena Gomez,19,1,73
2023-11-04,18,Sprinter,Dave & Central Cee,18,1,21
2023-11-04,19,IDGAF,Drake Featuring Yeat,11,5,3
2023-11-04,20,This Year (Blessings),Victor Thompson X Gunna Featuring Ehis 'D' Greatest,14,12,13
2023-11-04,21,Laisse Moi,KeBlack,24,21,3
2023-11-04,22,Meridian,Dave & Tiakola,21,4,9
2023-11-04,23,Flowers,Miley Cyrus,23,1,40
2023-11-04,24,Saiyan,Heuss L'enfoire X Gazo,-,18,8
2023-11-04,25,Vampire,Olivia Rodrigo,-,10,13
2023-11-11,1,Si No Estas,Inigo Quintero,1,1,5
2023-11-11,2,Greedy,Tate McRae,2,1,7
2023-11-11,3,Strangers,Kenya Grace,3,2,9
2023-11-11,4,Petit Genie,"Jungeli Featuring Abou Debeing, Lossa, Alonzo & Imen Es",7,4,7
2023-11-11,5,Vois Sur Ton Chemin (Techno Mix),BENNETT,6,5,8
2023-11-11,6,Casanova,Soolking X Gazo,4,3,15
2023-11-11,7,Paint The Town Red,Doja Cat,5,1,11
2023-11-11,8,Water,Tyla,9,8,4
2023-11-11,9,Prada,"casso, RAYE & D-Block Europe",8,5,10
2023-11-11,10,2 Germans,Luciano & Gzuz,-,10,1
2023-11-11,11,For Me,Mariana Velletto Featuring Upstrz,-,11,1
2023-11-11,12,Daylight,David Kushner,10,2,29
2023-11-11,13,Tattoo,Loreen,12,1,25
2023-11-11,14,Another Love,Tom Odell,13,4,63
2023-11-11,15,Monaco,Bad Bunny,14,14,3
2023-11-11,16,Cruel Summer,Taylor Swift,11,11,9
2023-11-11,17,Dance The Night,Dua Lipa,16,1,17
2023-11-11,18,Calm Down,Rema & Selena Gomez,17,1,74
2023-11-11,19,Liebe Grusse,RAF Camora & Ski Aggu,-,19,1
2023-11-11,20,Laisse Moi,KeBlack,21,20,4
2023-11-11,21,Is It Over Now? (Taylor's Version) [From The Vault],Taylor Swift,-,21,1
2023-11-11,22,Sprinter,Dave & Central Cee,18,1,22
2023-11-11,23,Vampire,Olivia Rodrigo,25,10,14
2023-11-11,24,Flowers,Miley Cyrus,23,1,41
2023-11-11,25,Komet,Udo Lindenberg & Apache 207,-,3,37
2023-11-18,1,Si No Estas,Inigo Quintero,1,1,6
2023-11-18,2,Can You Feel It,Matthew Schultz,-,2,1
2023-11-18,3,Greedy,Tate McRae,2,1,8
2023-11-18,4,Strangers,Kenya Grace,3,2,10
2023-11-18,5,Vois Sur Ton Chemin (Techno Mix),BENNETT,5,5,9
2023-11-18,6,Petit Genie,"Jungeli Featuring Abou Debeing, Lossa, Alonzo & Imen Es",4,4,8
2023-11-18,7,Prada,"casso, RAYE & D-Block Europe",9,5,11
2023-11-18,8,Casanova,Soolking X Gazo,6,3,16
2023-11-18,9,Paint The Town Red,Doja Cat,7,1,12
2023-11-18,10,Water,Tyla,8,8,5
2023-11-18,11,Daylight,David Kushner,12,2,30
2023-11-18,12,Tattoo,Loreen,13,1,26
2023-11-18,13,Another Love,Tom Odell,14,4,64
2023-11-18,14,Monaco,Bad Bunny,15,14,4
2023-11-18,15,Cruel Summer,Taylor Swift,16,11,10
2023-11-18,16,Calm Down,Rema & Selena Gomez,18,1,75
2023-11-18,17,Dance The Night,Dua Lipa,17,1,18
2023-11-18,18,Onlyfans 2,Newlanta Cap X Woo da Savage,-,18,1
2023-11-18,19,Laisse Moi,KeBlack,20,19,5
2023-11-18,20,Standing Next To You,Jung Kook,-,20,1
2023-11-18,21,Flashback,Fave Featuring Gazo,-,21,1
2023-11-18,22,Gimme Love,Sia,-,22,1
2023-11-18,23,I'm Good (Blue),David Guetta & Bebe Rexha,-,1,57
2023-11-18,24,Overdrive,Ofenbach Featuring Norma Jean Martine,-,24,1
2023-11-18,25,Sprinter,Dave & Central Cee,22,1,23
2023-11-25,1,Si No Estas,Inigo Quintero,1,1,7
2023-11-25,2,Greedy,Tate McRae,3,1,9
2023-11-25,3,Houdini,Dua Lipa,-,3,1
2023-11-25,4,Strangers,Kenya Grace,4,2,11
2023-11-25,5,Petit Genie,"Jungeli Featuring Abou Debeing, Lossa, Alonzo & Imen Es",6,4,9
2023-11-25,6,Vois Sur Ton Chemin (Techno Mix),BENNETT,5,5,10
2023-11-25,7,Prada,"casso, RAYE & D-Block Europe",7,5,12
2023-11-25,8,Casanova,Soolking X Gazo,8,3,17
2023-11-25,9,Water,Tyla,10,8,6
2023-11-25,10,Paint The Town Red,Doja Cat,9,1,13
2023-11-25,11,Daylight,David Kushner,11,2,31
2023-11-25,12,Tattoo,Loreen,12,1,27
2023-11-25,13,Familia,Luciano & Morad,-,13,1
2023-11-25,14,Another Love,Tom Odell,13,4,65
2023-11-25,15,Monaco,Bad Bunny,14,14,5
2023-11-25,16,Flashback,Fave Featuring Gazo,21,16,2
2023-11-25,17,Dance The Night,Dua Lipa,17,1,19
2023-11-25,18,Laisse Moi,KeBlack,19,18,6
2023-11-25,19,Calm Down,Rema & Selena Gomez,16,1,76
2023-11-25,20,Cruel Summer,Taylor Swift,15,11,11
2023-11-25,21,All I Want For Christmas Is You,Mariah Carey,-,1,7
2023-11-25,22,I'm Good (Blue),David Guetta & Bebe Rexha,23,1,58
2023-11-25,23,Overdrive,Ofenbach Featuring Norma Jean Martine,24,23,2
2023-11-25,24,Komet,Udo Lindenberg & Apache 207,-,3,38
2023-11-25,25,Flowers,Miley Cyrus,-,1,42
2023-12-02,1,Si No Estas,Inigo Quintero,1,1,8
2023-12-02,2,Greedy,Tate McRae,2,1,10
2023-12-02,3,Petit Genie,"Jungeli Featuring Abou Debeing, Lossa, Alonzo & Imen Es",5,3,10
2023-12-02,4,Strangers,Kenya Grace,4,2,12
2023-12-02,5,Prada,"casso, RAYE & D-Block Europe",7,5,13
2023-12-02,6,Water,Tyla,9,6,7
2023-12-02,7,Vois Sur Ton Chemin (Techno Mix),BENNETT,6,5,11
2023-12-02,8,Casanova,Soolking X Gazo,8,3,18
2023-12-02,9,Houdini,Dua Lipa,3,3,2
2023-12-02,10,Flashback,Fave Featuring Gazo,16,10,3
2023-12-02,11,All I Want For Christmas Is You,Mariah Carey,21,1,8
2023-12-02,12,Daylight,David Kushner,11,2,32
2023-12-02,13,Paint The Town Red,Doja Cat,10,1,14
2023-12-02,14,Last Christmas,Wham!,-,2,7
2023-12-02,15,Another Love,Tom Odell,14,4,66
2023-12-02,16,Tattoo,Loreen,12,1,28
2023-12-02,17,Lovin On Me,Jack Harlow,-,17,1
2023-12-02,18,Monaco,Bad Bunny,15,14,6
2023-12-02,19,Laisse Moi,KeBlack,18,18,7
2023-12-02,20,Overdrive,Ofenbach Featuring Norma Jean Martine,23,20,3
2023-12-02,21,Angel Numbers / Ten Toes,Chris Brown,-,21,1
2023-12-02,22,Dance The Night,Dua Lipa,17,1,20
2023-12-02,23,Calm Down,Rema & Selena Gomez,19,1,77
2023-12-02,24,Gimme Love,Sia,-,22,2
2023-12-02,25,Cruel Summer,Taylor Swift,20,11,12
2023-12-09,1,Si No Estas,Inigo Quintero,1,1,9
2023-12-09,2,All I Want For Christmas Is You,Mariah Carey,11,1,9
2023-12-09,3,Last Christmas,Wham!,14,2,8
2023-12-09,4,Greedy,Tate McRae,2,1,11
2023-12-09,5,Rockin' Around The Christmas Tree,Brenda Lee,-,2,6
2023-12-09,6,Petit Genie,"Jungeli Featuring Abou Debeing, Lossa, Alonzo & Imen Es",3,3,11
2023-12-09,7,Strangers,Kenya Grace,4,2,13
2023-12-09,8,Water,Tyla,6,6,8
2023-12-09,9,Jingle Bell Rock,Bobby Helms,-,6,6
2023-12-09,10,Let It Snow! Let It Snow! Let It Snow!,Dean Martin,-,5,6
2023-12-09,11,Prada,"casso, RAYE & D-Block Europe",5,5,14
2023-12-09,12,Vois Sur Ton Chemin (Techno Mix),BENNETT,7,5,12
2023-12-09,13,Casanova,Soolking X Gazo,8,3,19
2023-12-09,14,It's Beginning To Look A Lot Like Christmas,Michael Buble,-,4,6
2023-12-09,15,Houdini,Dua Lipa,9,3,3
2023-12-09,16,Santa Tell Me,Ariana Grande,-,11,6
2023-12-09,17,Flashback,Fave Featuring Gazo,10,10,4
2023-12-09,18,It's The Most Wonderful Time Of The Year,Andy Williams,-,7,5
2023-12-09,19,Snowman,Sia,-,10,5
2023-12-09,20,Another Love,Tom Odell,15,4,67
2023-12-09,21,Daylight,David Kushner,12,2,33
2023-12-09,22,Paint The Town Red,Doja Cat,13,1,15
2023-12-09,23,Lovin On Me,Jack Harlow,17,17,2
2023-12-09,24,Angel Numbers / Ten Toes,Chris Brown,21,21,2
2023-12-09,25,Tattoo,Loreen,16,1,29
2023-12-16,1,All I Want For Christmas Is You,Mariah Carey,2,1,10
2023-12-16,2,Last Christmas,Wham!,3,2,9
2023-12-16,3,Rockin' Around The Christmas Tree,Brenda Lee,5,2,7
2023-12-16,4,Si No Estas,Inigo Quintero,1,1,10
2023-12-16,5,Jingle Bell Rock,Bobby Helms,9,5,7
2023-12-16,6,Let It Snow! Let It Snow! Let It Snow!,Dean Martin,10,5,7
2023-12-16,7,It's Beginning To Look A Lot Like Christmas,Michael Buble,14,4,7
2023-12-16,8,Santa Tell Me,Ariana Grande,16,8,7
2023-12-16,9,Snowman,Sia,19,9,6
2023-12-16,10,It's The Most Wonderful Time Of The Year,Andy Williams,18,7,6
2023-12-16,11,Greedy,Tate McRae,4,1,12
2023-12-16,12,Becane,Yame,-,12,1
2023-12-16,13,Holly Jolly Christmas,Michael Buble,-,11,5
2023-12-16,14,Feliz Navidad,Jose Feliciano,-,8,5
2023-12-16,15,Petit Genie,"Jungeli Featuring Abou Debeing, Lossa, Alonzo & Imen Es",6,3,12
2023-12-16,16,Sleigh Ride,The Ronettes,-,16,4
2023-12-16,17,Underneath The Tree,Kelly Clarkson,-,16,5
2023-12-16,18,Notre Dame,Gazo & Tiakola,-,18,1
2023-12-16,19,Casanova,Soolking X Gazo,13,3,20
2023-12-16,20,Mistletoe,Justin Bieber,-,14,4
2023-12-16,21,Strangers,Kenya Grace,7,2,14
2023-12-16,22,Water,Tyla,8,6,9
2023-12-16,23,100K,Gazo,-,23,1
2023-12-16,24,Prada,"casso, RAYE & D-Block Europe",11,5,15
2023-12-16,25,Vois Sur Ton Chemin (Techno Mix),BENNETT,12,5,13
2023-12-23,1,All I Want For Christmas Is You,Mariah Carey,1,1,11
2023-12-23,2,Last Christmas,Wham!,2,2,10
2023-12-23,3,Si No Estas,Inigo Quintero,4,1,11
2023-12-23,4,Rockin' Around The Christmas Tree,Brenda Lee,3,2,8
2023-12-23,5,Greedy,Tate McRae,11,1,13
2023-12-23,6,Let It Snow! Let It Snow! Let It Snow!,Dean Martin,6,5,8
2023-12-23,7,It's Beginning To Look A Lot Like Christmas,Michael Buble,7,4,8
2023-12-23,8,Snowman,Sia,9,8,7
2023-12-23,9,Jingle Bell Rock,Bobby Helms,5,5,8
2023-12-23,10,Becane,Yame,12,10,2
2023-12-23,11,It's The Most Wonderful Time Of The Year,Andy Williams,10,7,7
2023-12-23,12,Petit Genie,"Jungeli Featuring Abou Debeing, Lossa, Alonzo & Imen Es",15,3,13
2023-12-23,13,I Love You,Dadju & Tayc,-,13,1
2023-12-23,14,Santa Tell Me,Ariana Grande,8,8,8
2023-12-23,15,Feliz Navidad,Jose Feliciano,14,8,6
2023-12-23,16,Holly Jolly Christmas,Michael Buble,13,11,6
2023-12-23,17,Sleigh Ride,The Ronettes,16,16,5
2023-12-23,18,Casanova,Soolking X Gazo,19,3,21
2023-12-23,19,Flashback,Fave Featuring Gazo,-,10,5
2023-12-23,20,Strangers,Kenya Grace,21,2,15
2023-12-23,21,Water,Tyla,22,6,10
2023-12-23,22,Underneath The Tree,Kelly Clarkson,17,16,6
2023-12-23,23,Vois Sur Ton Chemin (Techno Mix),BENNETT,25,5,14
2023-12-23,24,Mistletoe,Justin Bieber,20,14,5
2023-12-23,25,Prada,"casso, RAYE & D-Block Europe",24,5,16
2023-12-30,1,All I Want For Christmas Is You,Mariah Carey,1,1,12
2023-12-30,2,Last Christmas,Wham!,2,2,11
2023-12-30,3,Rockin' Around The Christmas Tree,Brenda Lee,4,2,9
2023-12-30,4,Si No Estas,Inigo Quintero,3,1,12
2023-12-30,5,Let It Snow! Let It Snow! Let It Snow!,Dean Martin,6,5,9
2023-12-30,6,Snowman,Sia,8,6,8
2023-12-30,7,It's Beginning To Look A Lot Like Christmas,Michael Buble,7,4,9
2023-12-30,8,Jingle Bell Rock,Bobby Helms,9,5,9
2023-12-30,9,It's The Most Wonderful Time Of The Year,Andy Williams,11,7,8
2023-12-30,10,Greedy,Tate McRae,5,1,14
2023-12-30,11,Petit Genie,"Jungeli Featuring Abou Debeing, Lossa, Alonzo & Imen Es",12,3,14
2023-12-30,12,Becane,Yame,10,10,3
2023-12-30,13,Santa Tell Me,Ariana Grande,14,8,9
2023-12-30,14,Feliz Navidad,Jose Feliciano,15,8,7
2023-12-30,15,Holly Jolly Christmas,Michael Buble,16,11,7
2023-12-30,16,Sleigh Ride,The Ronettes,17,16,6
2023-12-30,17,Flashback,Fave Featuring Gazo,19,10,6
2023-12-30,18,Underneath The Tree,Kelly Clarkson,22,16,7
2023-12-30,19,Casanova,Soolking X Gazo,18,3,22
2023-12-30,20,Mistletoe,Justin Bieber,24,14,6
2023-12-30,21,Strangers,Kenya Grace,20,2,16
2023-12-30,22,Water,Tyla,21,6,11
2023-12-30,23,Vois Sur Ton Chemin (Techno Mix),BENNETT,23,5,15
2023-12-30,24,Driving Home For Christmas,Chris Rea,-,18,2
2023-12-30,25,Happy Xmas (War Is Over),John & Yoko/The Plastic Ono Band With The Harlem Community Choir,-,15,3
2024-01-06,1,Last Christmas,Wham!,2,1,12
2024-01-06,2,All I Want For Christmas Is You,Mariah Carey,1,1,13
2024-01-06,3,Rockin' Around The Christmas Tree,Brenda Lee,3,2,10
2024-01-06,4,Let It Snow! Let It Snow! Let It Snow!,Dean Martin,5,4,10
2024-01-06,5,Jingle Bell Rock,Bobby Helms,8,5,10
2024-01-06,6,It's Beginning To Look A Lot Like Christmas,Michael Buble,7,4,10
2024-01-06,7,Snowman,Sia,6,6,9
2024-01-06,8,It's The Most Wonderful Time Of The Year,Andy Williams,9,7,9
2024-01-06,9,Feliz Navidad,Jose Feliciano,14,8,8
2024-01-06,10,Santa Tell Me,Ariana Grande,13,8,10
2024-01-06,11,Sleigh Ride,The Ronettes,16,11,7
2024-01-06,12,Holly Jolly Christmas,Michael Buble,15,11,8
2024-01-06,13,Underneath The Tree,Kelly Clarkson,18,13,8
2024-01-06,14,Driving Home For Christmas,Chris Rea,24,14,3
2024-01-06,15,Mistletoe,Justin Bieber,20,14,7
2024-01-06,16,Happy Xmas (War Is Over),John & Yoko/The Plastic Ono Band With The Harlem Community Choir,25,15,4
2024-01-06,17,Si No Estas,Inigo Quintero,4,1,13
2024-01-06,18,Merry Christmas Everyone,Shakin' Stevens,-,18,1
2024-01-06,19,Wonderful Christmastime,Paul McCartney,-,19,2
2024-01-06,20,Merry Christmas,Ed Sheeran & Elton John,-,20,1
2024-01-06,21,Petit Genie,"Jungeli Featuring Abou Debeing, Lossa, Alonzo & Imen Es",11,3,15
2024-01-06,22,A Holly Jolly Christmas,Burl Ives,-,22,2
2024-01-06,23,Greedy,Tate McRae,10,1,15
2024-01-06,24,Do They Know It's Christmas?,Band Aid,-,24,1
2024-01-06,25,"Let It Snow, Let It Snow, Let It Snow!",Frank Sinatra With The B. Swanson Quartet / Alex Stordahl,-,25,1
2024-01-13,1,Cupido,Engel Montaz,-,1,1
2024-01-13,2,Si No Estas,Inigo Quintero,17,1,14
2024-01-13,3,Greedy,Tate McRae,23,1,16
2024-01-13,4,Petit Genie,"Jungeli Featuring Abou Debeing, Lossa, Alonzo & Imen Es",21,3,16
2024-01-13,5,Wonderful Life,Luciano & Hurts,-,5,1
2024-01-13,6,Vois Sur Ton Chemin (Techno Mix),BENNETT,-,5,16
2024-01-13,7,Prada,"casso, RAYE & D-Block Europe",-,5,17
2024-01-13,8,Water,Tyla,-,6,12
2024-01-13,9,Strangers,Kenya Grace,-,2,17
2024-01-13,10,Becane,Yame,-,10,4
2024-01-13,11,Casanova,Soolking X Gazo,-,3,23
2024-01-13,12,Lovin On Me,Jack Harlow,-,12,3
2024-01-13,13,Lose Control,Teddy Swims,-,13,1
2024-01-13,14,Flashback,Fave Featuring Gazo,-,10,7
2024-01-13,15,Houdini,Dua Lipa,-,3,4
2024-01-13,16,Biko Biko,RAFFEAL,-,16,1
2024-01-13,17,I'm Good (Blue),David Guetta & Bebe Rexha,-,1,59
2024-01-13,18,Daylight,David Kushner,-,2,34
2024-01-13,19,Paint The Town Red,Doja Cat,-,1,16
2024-01-13,20,Calm Down,Rema & Selena Gomez,-,1,78
2024-01-13,21,Overdrive,Ofenbach Featuring Norma Jean Martine,-,20,4
2024-01-13,22,I Love You,Dadju & Tayc,-,13,2
2024-01-13,23,Another Love,Tom Odell,-,4,68
2024-01-13,24,No Exceptions,NWG Suave,-,24,1
2024-01-13,25,Cruel Summer,Taylor Swift,-,11,13
2024-01-20,1,Time,Luciano,-,1,1
2024-01-20,2,Si No Estas,Inigo Quintero,2,1,15
2024-01-20,3,Greedy,Tate McRae,3,1,17
2024-01-20,4,Petit Genie,"Jungeli Featuring Abou Debeing, Lossa, Alonzo & Imen Es",4,3,17
2024-01-20,5,Lose Control,Teddy Swims,13,5,2
2024-01-20,6,Lovin On Me,Jack Harlow,12,6,4
2024-01-20,7,Becane,Yame,10,7,5
2024-01-20,8,Strangers,Kenya Grace,9,2,18
2024-01-20,9,Casanova,Soolking X Gazo,11,3,24
2024-01-20,10,Houdini,Dua Lipa,15,3,5
2024-01-20,11,Cupido,Engel Montaz,1,1,2
2024-01-20,12,Vois Sur Ton Chemin (Techno Mix),BENNETT,6,5,17
2024-01-20,13,Prada,"casso, RAYE & D-Block Europe",7,5,18
2024-01-20,14,Water,Tyla,8,6,13
2024-01-20,15,Flashback,Fave Featuring Gazo,14,10,8
2024-01-20,16,I Love You,Dadju & Tayc,22,13,3
2024-01-20,17,Daylight,David Kushner,18,2,35
2024-01-20,18,Overdrive,Ofenbach Featuring Norma Jean Martine,21,18,5
2024-01-20,19,Another Love,Tom Odell,23,4,69
2024-01-20,20,Wonderful Life,Luciano & Hurts,5,5,2
2024-01-20,21,Paint The Town Red,Doja Cat,19,1,17
2024-01-20,22,Up The Score,Hbk Kdubb,-,22,1
2024-01-20,23,I Like,Ricotrap,-,23,1
2024-01-20,24,Calm Down,Rema & Selena Gomez,20,1,79
2024-01-20,25,I'm Good (Blue),David Guetta & Bebe Rexha,17,1,60
2024-01-27,1,Theme Of DJ Stevenyce,Da.Loca And Melo,-,1,1
2024-01-27,2,Si No Estas,Inigo Quintero,2,1,16
2024-01-27,3,Greedy,Tate McRae,3,1,18
2024-01-27,4,Petit Genie,"Jungeli Featuring Abou Debeing, Lossa, Alonzo & Imen Es",4,3,18
2024-01-27,5,"Yes, And?",Ariana Grande,-,5,1
2024-01-27,6,Hold You,DJ Jimmy Poska X King Steve Benjamin,-,6,1
2024-01-27,7,Lose Control,Teddy Swims,5,5,3
2024-01-27,8,Houdini,Dua Lipa,10,3,6
2024-01-27,9,Lovin On Me,Jack Harlow,6,6,5
2024-01-27,10,Becane,Yame,7,7,6
2024-01-27,11,Strangers,Kenya Grace,8,2,19
2024-01-27,12,Prada,"casso, RAYE & D-Block Europe",13,5,19
2024-01-27,13,Redrum,21 Savage,-,13,1
2024-01-27,14,Casanova,Soolking X Gazo,9,3,25
2024-01-27,15,Vois Sur Ton Chemin (Techno Mix),BENNETT,12,5,18
2024-01-27,16,I Love You,Dadju & Tayc,16,13,4
2024-01-27,17,Flashback,Fave Featuring Gazo,15,10,9
2024-01-27,18,Overdrive,Ofenbach Featuring Norma Jean Martine,18,18,6
2024-01-27,19,Water,Tyla,14,6,14
2024-01-27,20,Time,Luciano,1,1,2
2024-01-27,21,Daylight,David Kushner,17,2,36
2024-01-27,22,Nee-nah,"21 Savage , Travis Scott & Metro Boomin",-,22,1
2024-01-27,23,Another Love,Tom Odell,19,4,70
2024-01-27,24,Paint The Town Red,Doja Cat,21,1,18
2024-01-27,25,Gimme Love,Sia,-,22,3
2024-02-03,1,Si No Estas,Inigo Quintero,2,1,17
2024-02-03,2,Greedy,Tate McRae,3,1,19
2024-02-03,3,Petit Genie,"Jungeli Featuring Abou Debeing, Lossa, Alonzo & Imen Es",4,3,19
2024-02-03,4,Lose Control,Teddy Swims,7,4,4
2024-02-03,5,Houdini,Dua Lipa,8,3,7
2024-02-03,6,Lovin On Me,Jack Harlow,9,6,6
2024-02-03,7,"Yes, And?",Ariana Grande,5,5,2
2024-02-03,8,I Love You,Dadju & Tayc,16,8,5
2024-02-03,9,Vois Sur Ton Chemin (Techno Mix),BENNETT,15,5,19
2024-02-03,10,Casanova,Soolking X Gazo,14,3,26
2024-02-03,11,Strangers,Kenya Grace,11,2,20
2024-02-03,12,Prada,"casso, RAYE & D-Block Europe",12,5,20
2024-02-03,13,Overdrive,Ofenbach Featuring Norma Jean Martine,18,13,7
2024-02-03,14,Becane,Yame,10,7,7
2024-02-03,15,Redrum,21 Savage,13,13,2
2024-02-03,16,Water,Tyla,19,6,15
2024-02-03,17,Flashback,Fave Featuring Gazo,17,10,10
2024-02-03,18,Another Love,Tom Odell,23,4,71
2024-02-03,19,Cruel Summer,Taylor Swift,-,11,14
2024-02-03,20,Daylight,David Kushner,21,2,37
2024-02-03,21,Murder On The Dancefloor,Sophie Ellis-Bextor,-,21,1
2024-02-03,22,Beautiful Things,Benson Boone,-,22,1
2024-02-03,23,Ca Mene A Rien,PLK & Gazo,-,23,1
2024-02-03,24,Gimme Love,Sia,25,22,4
2024-02-03,25,Paint The Town Red,Doja Cat,24,1,19
2024-02-10,1,Si No Estas,Inigo Quintero,1,1,18
2024-02-10,2,Petit Genie,"Jungeli Featuring Abou Debeing, Lossa, Alonzo & Imen Es",3,2,20
2024-02-10,3,Greedy,Tate McRae,2,1,20
2024-02-10,4,Lose Control,Teddy Swims,4,4,5
2024-02-10,5,Blue Porsche,Luciano & Niska,-,5,1
2024-02-10,6,Houdini,Dua Lipa,5,3,8
2024-02-10,7,I Love You,Dadju & Tayc,8,7,6
2024-02-10,8,Vois Sur Ton Chemin (Techno Mix),BENNETT,9,5,20
2024-02-10,9,Lovin On Me,Jack Harlow,6,6,7
2024-02-10,10,Casanova,Soolking X Gazo,10,3,27
2024-02-10,11,Fighter,Tali Golergant,-,11,1
2024-02-10,12,Overdrive,Ofenbach Featuring Norma Jean Martine,13,12,8
2024-02-10,13,Strangers,Kenya Grace,11,2,21
2024-02-10,14,Prada,"casso, RAYE & D-Block Europe",12,5,21
2024-02-10,15,Beautiful Things,Benson Boone,22,15,2
2024-02-10,16,Popular,"The Weeknd , Playboi Carti & Madonna",-,16,3
2024-02-10,17,Water,Tyla,16,6,16
2024-02-10,18,Becane,Yame,14,7,8
2024-02-10,19,Temps En Temps,Zola & Koba LaD,-,19,1
2024-02-10,20,"Yes, And?",Ariana Grande,7,5,3
2024-02-10,21,Redrum,21 Savage,15,13,3
2024-02-10,22,Flashback,Fave Featuring Gazo,17,10,11
2024-02-10,23,Cruel Summer,Taylor Swift,19,11,15
2024-02-10,24,Another Love,Tom Odell,18,4,72
2024-02-10,25,Murder On The Dancefloor,Sophie Ellis-Bextor,21,21,2
2024-02-17,1,No Use,Shady Blu + 03 Greedo,-,1,1
2024-02-17,2,Greedy,Tate McRae,3,1,21
2024-02-17,3,Si No Estas,Inigo Quintero,1,1,19
2024-02-17,4,Lose Control,Teddy Swims,4,4,6
2024-02-17,5,Petit Genie,"Jungeli Featuring Abou Debeing, Lossa, Alonzo & Imen Es",2,2,21
2024-02-17,6,Beautiful Things,Benson Boone,15,6,3
2024-02-17,7,Houdini,Dua Lipa,6,3,9
2024-02-17,8,I Love You,Dadju & Tayc,7,7,7
2024-02-17,9,Unwritten,Natasha Bedingfield,-,9,1
2024-02-17,10,Lovin On Me,Jack Harlow,9,6,8
2024-02-17,11,Strangers,Kenya Grace,13,2,22
2024-02-17,12,Overdrive,Ofenbach Featuring Norma Jean Martine,12,12,9
2024-02-17,13,Casanova,Soolking X Gazo,10,3,28
2024-02-17,14,Vois Sur Ton Chemin (Techno Mix),BENNETT,8,5,21
2024-02-17,15,Prada,"casso, RAYE & D-Block Europe",14,5,22
2024-02-17,16,Praise Jah In The Moonlight,YG Marley,-,16,1
2024-02-17,17,Water,Tyla,17,6,17
2024-02-17,18,Cruel Summer,Taylor Swift,23,11,16
2024-02-17,19,Becane,Yame,18,7,9
2024-02-17,20,Heartless,HotVibez,-,20,1
2024-02-17,21,Redrum,21 Savage,21,13,4
2024-02-17,22,Another Love,Tom Odell,24,4,73
2024-02-17,23,Murder On The Dancefloor,Sophie Ellis-Bextor,25,21,3
2024-02-17,24,"Yes, And?",Ariana Grande,20,5,4
2024-02-17,25,Flowers,Miley Cyrus,-,1,43
2024-02-24,1,Lose Control,Teddy Swims,4,1,7
2024-02-24,2,Greedy,Tate McRae,2,1,22
2024-02-24,3,Beautiful Things,Benson Boone,6,3,4
2024-02-24,4,Petit Genie,"Jungeli Featuring Abou Debeing, Lossa, Alonzo & Imen Es",5,2,22
2024-02-24,5,Si No Estas,Inigo Quintero,3,1,20
2024-02-24,6,Houdini,Dua Lipa,7,3,10
2024-02-24,7,I Love You,Dadju & Tayc,8,7,8
2024-02-24,8,Praise Jah In The Moonlight,YG Marley,16,8,2
2024-02-24,9,Unwritten,Natasha Bedingfield,9,9,2
2024-02-24,10,Overdrive,Ofenbach Featuring Norma Jean Martine,12,10,10
2024-02-24,11,Vois Sur Ton Chemin (Techno Mix),BENNETT,14,5,22
2024-02-24,12,Lovin On Me,Jack Harlow,10,6,9
2024-02-24,13,Casanova,Soolking X Gazo,13,3,29
2024-02-24,14,Ce Qu'on Etait,Pierre Garnier,-,14,1
2024-02-24,15,Strangers,Kenya Grace,11,2,23
2024-02-24,16,Prada,"casso, RAYE & D-Block Europe",15,5,23
2024-02-24,17,Collage,RougeCaapitol,-,17,1
2024-02-24,18,Water,Tyla,17,6,18
2024-02-24,19,Tuta Gold,Mahmood,-,19,1
2024-02-24,20,Robot In Space,Jemafusa,-,20,1
2024-02-24,21,Flowers,Miley Cyrus,25,1,44
2024-02-24,22,Cruel Summer,Taylor Swift,18,11,17
2024-02-24,23,Carnival,¥$: Ye & Ty Dolla $ign Featuring Rich The Kid & Playboi Carti,-,23,1
2024-02-24,24,Another Vibe,Luciano & Omah Lay,-,24,1
2024-02-24,25,Flashback,Fave Featuring Gazo,-,10,12
2024-03-02,1,Sho Gbo,RAFFEAL & Teeza Bane,-,1,1
2024-03-02,2,Beautiful Things,Benson Boone,3,2,5
2024-03-02,3,Lose Control,Teddy Swims,1,1,8
2024-03-02,4,Higher,Young Ginger,-,4,1
2024-03-02,5,Greedy,Tate McRae,2,1,23
2024-03-02,6,I Love You,Dadju & Tayc,7,6,9
2024-03-02,7,Si No Estas,Inigo Quintero,5,1,21
2024-03-02,8,Petit Genie,"Jungeli Featuring Abou Debeing, Lossa, Alonzo & Imen Es",4,2,23
2024-03-02,9,Houdini,Dua Lipa,6,3,11
2024-03-02,10,Training Season,Dua Lipa,-,10,1
2024-03-02,11,Praise Jah In The Moonlight,YG Marley,8,8,3
2024-03-02,12,Carnival,¥$: Ye & Ty Dolla $ign Featuring Rich The Kid & Playboi Carti,23,12,2
2024-03-02,13,Unwritten,Natasha Bedingfield,9,9,3
2024-03-02,14,Pyramide,Werenoi Featuring Damso,-,14,1
2024-03-02,15,Overdrive,Ofenbach Featuring Norma Jean Martine,10,10,11
2024-03-02,16,Texas Hold 'Em,Beyonce,-,16,1
2024-03-02,17,Vois Sur Ton Chemin (Techno Mix),BENNETT,11,5,23
2024-03-02,18,Lovin On Me,Jack Harlow,12,6,10
2024-03-02,19,Prada,"casso, RAYE & D-Block Europe",16,5,24
2024-03-02,20,Strangers,Kenya Grace,15,2,24
2024-03-02,21,Casanova,Soolking X Gazo,13,3,30
2024-03-02,22,Cruel Summer,Taylor Swift,22,11,18
2024-03-02,23,Water,Tyla,18,6,19
2024-03-02,24,Flowers,Miley Cyrus,21,1,45
2024-03-02,25,"Yes, And?",Ariana Grande,-,5,5
2024-03-09,1,Beautiful Things,Benson Boone,2,1,6
2024-03-09,2,Lose Control,Teddy Swims,3,1,9
2024-03-09,3,Greedy,Tate McRae,5,1,24
2024-03-09,4,Texas Hold 'Em,Beyonce,16,4,2
2024-03-09,5,Si No Estas,Inigo Quintero,7,1,22
2024-03-09,6,Petit Genie,"Jungeli Featuring Abou Debeing, Lossa, Alonzo & Imen Es",8,2,24
2024-03-09,7,Carnival,¥$: Ye & Ty Dolla $ign Featuring Rich The Kid & Playboi Carti,12,7,3
2024-03-09,8,I Love You,Dadju & Tayc,6,6,10
2024-03-09,9,Houdini,Dua Lipa,9,3,12
2024-03-09,10,Unwritten,Natasha Bedingfield,13,9,4
2024-03-09,11,Praise Jah In The Moonlight,YG Marley,11,8,4
2024-03-09,12,Overdrive,Ofenbach Featuring Norma Jean Martine,15,10,12
2024-03-09,13,Vois Sur Ton Chemin (Techno Mix),BENNETT,17,5,24
2024-03-09,14,Prada,"casso, RAYE & D-Block Europe",19,5,25
2024-03-09,15,Lovin On Me,Jack Harlow,18,6,11
2024-03-09,16,Strangers,Kenya Grace,20,2,25
2024-03-09,17,Casanova,Soolking X Gazo,21,3,31
2024-03-09,18,Cruel Summer,Taylor Swift,22,11,19
2024-03-09,19,Water,Tyla,23,6,20
2024-03-09,20,Flashback,Fave Featuring Gazo,-,10,13
2024-03-09,21,Pyramide,Werenoi Featuring Damso,14,14,2
2024-03-09,22,Whatever,Kygo With Ava Max,-,22,1
2024-03-09,23,When We Were Young (The Logical Song),David Guetta & Kim Petras,-,23,1
2024-03-09,24,Another Love,Tom Odell,-,4,74
2024-03-09,25,Training Season,Dua Lipa,10,10,2
2024-03-16,1,Beautiful Things,Benson Boone,1,1,7
2024-03-16,2,Lose Control,Teddy Swims,2,1,10
2024-03-16,3,Carnival,¥$: Ye & Ty Dolla $ign Featuring Rich The Kid & Playboi Carti,7,3,4
2024-03-16,4,Greedy,Tate McRae,3,1,25
2024-03-16,5,Texas Hold 'Em,Beyonce,4,4,3
2024-03-16,6,Si No Estas,Inigo Quintero,5,1,23
2024-03-16,7,Petit Genie,"Jungeli Featuring Abou Debeing, Lossa, Alonzo & Imen Es",6,2,25
2024-03-16,8,I Love You,Dadju & Tayc,8,6,11
2024-03-16,9,Houdini,Dua Lipa,9,3,13
2024-03-16,10,Unwritten,Natasha Bedingfield,10,9,5
2024-03-16,11,End Of Beginning,Djo,-,11,1
2024-03-16,12,Vois Sur Ton Chemin (Techno Mix),BENNETT,13,5,25
2024-03-16,13,Overdrive,Ofenbach Featuring Norma Jean Martine,12,10,13
2024-03-16,14,Prada,"casso, RAYE & D-Block Europe",14,5,26
2024-03-16,15,Praise Jah In The Moonlight,YG Marley,11,8,5
2024-03-16,16,Lovin On Me,Jack Harlow,15,6,12
2024-03-16,17,Water,Tyla,19,6,21
2024-03-16,18,Cruel Summer,Taylor Swift,18,11,20
2024-03-16,19,Casanova,Soolking X Gazo,17,3,32
2024-03-16,20,Strangers,Kenya Grace,16,2,26
2024-03-16,21,Whatever,Kygo With Ava Max,22,21,2
2024-03-16,22,Flowers,Miley Cyrus,-,1,46
2024-03-16,23,Another Love,Tom Odell,24,4,75
2024-03-16,24,Ce Qu'on Etait,Pierre Garnier,-,14,2
2024-03-16,25,Thank You (Not So Bad),Dimitri Vegas & Like Mike x Tiesto x W&W & Dido,-,25,1
2024-03-23,1,Beautiful Things,Benson Boone,1,1,8
2024-03-23,2,Lose Control,Teddy Swims,2,1,11
2024-03-23,3,Greedy,Tate McRae,4,1,26
2024-03-23,4,Carnival,¥$: Ye & Ty Dolla $ign Featuring Rich The Kid & Playboi Carti,3,3,5
2024-03-23,5,Texas Hold 'Em,Beyonce,5,4,4
2024-03-23,6,Petit Genie,"Jungeli Featuring Abou Debeing, Lossa, Alonzo & Imen Es",7,2,26
2024-03-23,7,Si No Estas,Inigo Quintero,6,1,24
2024-03-23,8,End Of Beginning,Djo,11,8,2
2024-03-23,9,Houdini,Dua Lipa,9,3,14
2024-03-23,10,We Can't Be Friends (Wait For Your Love),Ariana Grande,-,10,1
2024-03-23,11,I Love You,Dadju & Tayc,8,6,12
2024-03-23,12,Overdrive,Ofenbach Featuring Norma Jean Martine,13,10,14
2024-03-23,13,Unwritten,Natasha Bedingfield,10,9,6
2024-03-23,14,"Yes, And?",Ariana Grande,-,5,6
2024-03-23,15,Vois Sur Ton Chemin (Techno Mix),BENNETT,12,5,26
2024-03-23,16,Prada,"casso, RAYE & D-Block Europe",14,5,27
2024-03-23,17,Water,Tyla,17,6,22
2024-03-23,18,Cruel Summer,Taylor Swift,18,11,21
2024-03-23,19,Penny,reezy & Hamza,-,19,1
2024-03-23,20,Lovin On Me,Jack Harlow,16,6,13
2024-03-23,21,Strangers,Kenya Grace,20,2,27
2024-03-23,22,Another Love,Tom Odell,23,4,76
2024-03-23,23,Murder On The Dancefloor,Sophie Ellis-Bextor,-,21,4
2024-03-23,24,Act II: Date @ 8,4batz Featuring Drake,-,24,1
2024-03-23,25,Flowers,Miley Cyrus,22,1,47
2024-03-30,1,Beautiful Things,Benson Boone,1,1,9
2024-03-30,2,Lose Control,Teddy Swims,2,1,12
2024-03-30,3,Greedy,Tate McRae,3,1,27
2024-03-30,4,Carnival,¥$: Ye & Ty Dolla $ign Featuring Rich The Kid & Playboi Carti,4,3,6
2024-03-30,5,End Of Beginning,Djo,8,5,3
2024-03-30,6,Texas Hold 'Em,Beyonce,5,4,5
2024-03-30,7,Petit Genie,"Jungeli Featuring Abou Debeing, Lossa, Alonzo & Imen Es",6,2,27
2024-03-30,8,Si No Estas,Inigo Quintero,7,1,25
2024-03-30,9,We Can't Be Friends (Wait For Your Love),Ariana Grande,10,9,2
2024-03-30,10,Houdini,Dua Lipa,9,3,15
2024-03-30,11,Overdrive,Ofenbach Featuring Norma Jean Martine,12,10,15
2024-03-30,12,Another Love,Tom Odell,22,4,77
2024-03-30,13,I Love You,Dadju & Tayc,11,6,13
2024-03-30,14,Vois Sur Ton Chemin (Techno Mix),BENNETT,15,5,27
2024-03-30,15,Prada,"casso, RAYE & D-Block Europe",16,5,28
2024-03-30,16,Water,Tyla,17,6,23
2024-03-30,17,Thank You (Not So Bad),Dimitri Vegas & Like Mike x Tiesto x W&W & Dido,-,17,2
2024-03-30,18,Unwritten,Natasha Bedingfield,13,9,7
2024-03-30,19,Cruel Summer,Taylor Swift,18,11,22
2024-03-30,20,Whatever,Kygo With Ava Max,-,20,3
2024-03-30,21,Training Season,Dua Lipa,-,10,3
2024-03-30,22,Strangers,Kenya Grace,21,2,28
2024-03-30,23,Lovin On Me,Jack Harlow,20,6,14
2024-03-30,24,Casanova,Soolking X Gazo,-,3,33
2024-03-30,25,Stumblin' In,CYRIL,-,25,1
2024-04-06,1,Beautiful Things,Benson Boone,1,1,10
2024-04-06,2,Lose Control,Teddy Swims,2,1,13
2024-04-06,3,I Like The Way You Kiss Me,Artemas,-,3,1
2024-04-06,4,Greedy,Tate McRae,3,1,28
2024-04-06,5,Like That,"Future , Metro Boomin & Kendrick Lamar",-,5,1
2024-04-06,6,End Of Beginning,Djo,5,5,4
2024-04-06,7,Texas Hold 'Em,Beyonce,6,4,6
2024-04-06,8,Petit Genie,"Jungeli Featuring Abou Debeing, Lossa, Alonzo & Imen Es",7,2,28
2024-04-06,9,Si No Estas,Inigo Quintero,8,1,26
2024-04-06,10,Carnival,¥$: Ye & Ty Dolla $ign Featuring Rich The Kid & Playboi Carti,4,3,7
2024-04-06,11,Houdini,Dua Lipa,10,3,16
2024-04-06,12,Type Shit,"Future , Metro Boomin , Travis Scott & Playboi Carti",-,12,1
2024-04-06,13,Cinderella,"Future , Metro Boomin & Travis Scott",-,13,1
2024-04-06,14,We Can't Be Friends (Wait For Your Love),Ariana Grande,9,9,3
2024-04-06,15,Overdrive,Ofenbach Featuring Norma Jean Martine,11,10,16
2024-04-06,16,I Love You,Dadju & Tayc,13,6,14
2024-04-06,17,Water,Tyla,16,6,24
2024-04-06,18,Whatever,Kygo With Ava Max,20,18,4
2024-04-06,19,We Don't Trust You,Future & Metro Boomin,-,19,1
2024-04-06,20,Another Love,Tom Odell,12,4,78
2024-04-06,21,Prada,"casso, RAYE & D-Block Europe",15,5,29
2024-04-06,22,Vois Sur Ton Chemin (Techno Mix),BENNETT,14,5,28
2024-04-06,23,Training Season,Dua Lipa,21,10,4
2024-04-06,24,Stumblin' In,CYRIL,25,24,2
2024-04-06,25,Cruel Summer,Taylor Swift,19,11,23
2024-04-13,1,Beautiful Things,Benson Boone,1,1,11
2024-04-13,2,I Like The Way You Kiss Me,Artemas,3,2,2
2024-04-13,3,Lose Control,Teddy Swims,2,1,14
2024-04-13,4,Texas Hold 'Em,Beyonce,7,4,7
2024-04-13,5,Greedy,Tate McRae,4,1,29
2024-04-13,6,End Of Beginning,Djo,6,5,5
2024-04-13,7,Petit Genie,"Jungeli Featuring Abou Debeing, Lossa, Alonzo & Imen Es",8,2,29
2024-04-13,8,Si No Estas,Inigo Quintero,9,1,27
2024-04-13,9,Like That,"Future , Metro Boomin & Kendrick Lamar",5,5,2
2024-04-13,10,Houdini,Dua Lipa,11,3,17
2024-04-13,11,We Can't Be Friends (Wait For Your Love),Ariana Grande,14,9,4
2024-04-13,12,Stumblin' In,CYRIL,24,12,3
2024-04-13,13,Overdrive,Ofenbach Featuring Norma Jean Martine,15,10,17
2024-04-13,14,Carnival,¥$: Ye & Ty Dolla $ign Featuring Rich The Kid & Playboi Carti,10,3,8
2024-04-13,15,Training Season,Dua Lipa,23,10,5
2024-04-13,16,Whatever,Kygo With Ava Max,18,16,5
2024-04-13,17,I Love You,Dadju & Tayc,16,6,15
2024-04-13,18,Water,Tyla,17,6,25
2024-04-13,19,Prada,"casso, RAYE & D-Block Europe",21,5,30
2024-04-13,20,Another Love,Tom Odell,20,4,79
2024-04-13,21,Con Il Nastro Rosa,Cristian Marchi,-,21,1
2024-04-13,22,Cinderella,"Future , Metro Boomin & Travis Scott",13,13,2
2024-04-13,23,Vois Sur Ton Chemin (Techno Mix),BENNETT,22,5,29
2024-04-13,24,Temps En Temps,Zola & Koba LaD,-,19,2
2024-04-13,25,Cruel Summer,Taylor Swift,25,11,24
2024-04-20,1,Beautiful Things,Benson Boone,1,1,12
2024-04-20,2,I Like The Way You Kiss Me,Artemas,2,2,3
2024-04-20,3,Lose Control,Teddy Swims,3,1,15
2024-04-20,4,Texas Hold 'Em,Beyonce,4,4,8
2024-04-20,5,Greedy,Tate McRae,5,1,30
2024-04-20,6,Petit Genie,"Jungeli Featuring Abou Debeing, Lossa, Alonzo & Imen Es",7,2,30
2024-04-20,7,Si No Estas,Inigo Quintero,8,1,28
2024-04-20,8,Stumblin' In,CYRIL,12,8,4
2024-04-20,9,End Of Beginning,Djo,6,5,6
2024-04-20,10,Training Season,Dua Lipa,15,10,6
2024-04-20,11,Prada,"casso, RAYE & D-Block Europe",19,5,31
2024-04-20,12,Too Sweet,Hozier,-,12,1
2024-04-20,13,Overdrive,Ofenbach Featuring Norma Jean Martine,13,10,18
2024-04-20,14,Houdini,Dua Lipa,10,3,18
2024-04-20,15,Another Love,Tom Odell,20,4,80
2024-04-20,16,I Love You,Dadju & Tayc,17,6,16
2024-04-20,17,Whatever,Kygo With Ava Max,16,16,6
2024-04-20,18,Gata Only,FloyyMenor X Cris Mj,-,18,1
2024-04-20,19,Water,Tyla,18,6,26
2024-04-20,20,Mwaki,ZERB & Sofiya Nzau,-,20,1
2024-04-20,21,We Can't Be Friends (Wait For Your Love),Ariana Grande,11,9,5
2024-04-20,22,Vois Sur Ton Chemin (Techno Mix),BENNETT,23,5,30
2024-04-20,23,The Sound Of Silence (CYRIL Remix),Disturbed,-,23,1
2024-04-20,24,Like That,"Future , Metro Boomin & Kendrick Lamar",9,5,3
2024-04-20,25,Carnival,¥$: Ye & Ty Dolla $ign Featuring Rich The Kid & Playboi Carti,14,3,9
2024-04-27,1,I Like The Way You Kiss Me,Artemas,2,1,4
2024-04-27,2,Beautiful Things,Benson Boone,1,1,13
2024-04-27,3,Gata Only,FloyyMenor X Cris Mj,18,3,2
2024-04-27,4,Lose Control,Teddy Swims,3,1,16
2024-04-27,5,Texas Hold 'Em,Beyonce,4,4,9
2024-04-27,6,Too Sweet,Hozier,12,6,2
2024-04-27,7,Greedy,Tate McRae,5,1,31
2024-04-27,8,Petit Genie,"Jungeli Featuring Abou Debeing, Lossa, Alonzo & Imen Es",6,2,31
2024-04-27,9,Stumblin' In,CYRIL,8,8,5
2024-04-27,10,The Sound Of Silence (CYRIL Remix),Disturbed,23,10,2
2024-04-27,11,Illusion,Dua Lipa,-,11,1
2024-04-27,12,End Of Beginning,Djo,9,5,7
2024-04-27,13,Si No Estas,Inigo Quintero,7,1,29
2024-04-27,14,Prada,"casso, RAYE & D-Block Europe",11,5,32
2024-04-27,15,Mwaki,ZERB & Sofiya Nzau,20,15,2
2024-04-27,16,Houdini,Dua Lipa,14,3,19
2024-04-27,17,Overdrive,Ofenbach Featuring Norma Jean Martine,13,10,19
2024-04-27,18,Pedro,"Jaxomy, Agatino Romero & Raffaella Carra",-,18,1
2024-04-27,19,Training Season,Dua Lipa,10,10,7
2024-04-27,20,Water,Tyla,19,6,27
2024-04-27,21,We Can't Be Friends (Wait For Your Love),Ariana Grande,21,9,6
2024-04-27,22,I Love You,Dadju & Tayc,16,6,17
2024-04-27,23,Whatever,Kygo With Ava Max,17,16,7
2024-04-27,24,Another Love,Tom Odell,15,4,81
2024-04-27,25,Vois Sur Ton Chemin (Techno Mix),BENNETT,22,5,31
2024-05-04,1,Gata Only,FloyyMenor X Cris Mj,3,1,3
2024-05-04,2,I Like The Way You Kiss Me,Artemas,1,1,5
2024-05-04,3,Beautiful Things,Benson Boone,2,1,14
2024-05-04,4,Fortnight,Taylor Swift Featuring Post Malone,-,4,1
2024-05-04,5,Lose Control,Teddy Swims,4,1,17
2024-05-04,6,Too Sweet,Hozier,6,6,3
2024-05-04,7,Pedro,"Jaxomy, Agatino Romero & Raffaella Carra",18,7,2
2024-05-04,8,"So Long, London",Taylor Swift,-,8,1
2024-05-04,9,Down Bad,Taylor Swift,-,9,1
2024-05-04,10,The Tortured Poets Department,Taylor Swift,-,10,1
2024-05-04,11,Greedy,Tate McRae,7,1,32
2024-05-04,12,My Boy Only Breaks His Favorite Toys,Taylor Swift,-,12,1
2024-05-04,13,Texas Hold 'Em,Beyonce,5,4,10
2024-05-04,14,Petit Genie,"Jungeli Featuring Abou Debeing, Lossa, Alonzo & Imen Es",8,2,32
2024-05-04,15,I Can Do It With A Broken Heart,Taylor Swift,-,15,1
2024-05-04,16,Stumblin' In,CYRIL,9,8,6
2024-05-04,17,Si No Estas,Inigo Quintero,13,1,30
2024-05-04,18,Florida!!!,Taylor Swift Featuring Florence + The Machine,-,18,1
2024-05-04,19,But Daddy I Love Him,Taylor Swift,-,19,1
2024-05-04,20,Espresso,Sabrina Carpenter,-,20,1
2024-05-04,21,Prada,"casso, RAYE & D-Block Europe",14,5,33
2024-05-04,22,End Of Beginning,Djo,12,5,8
2024-05-04,23,Who's Afraid Of Little Old Me?,Taylor Swift,-,23,1
2024-05-04,24,Belong Together,Mark Ambor,-,24,1
2024-05-04,25,The Sound Of Silence (CYRIL Remix),Disturbed,10,10,3
2024-05-11,1,Gata Only,FloyyMenor X Cris Mj,1,1,4
2024-05-11,2,Beautiful Things,Benson Boone,3,1,15
2024-05-11,3,I Like The Way You Kiss Me,Artemas,2,1,6
2024-05-11,4,Wunder,AYLIVA X Apache 207,-,4,1
2024-05-11,5,Lose Control,Teddy Swims,5,1,18
2024-05-11,6,Fortnight,Taylor Swift Featuring Post Malone,4,4,2
2024-05-11,7,Too Sweet,Hozier,6,6,4
2024-05-11,8,Espresso,Sabrina Carpenter,20,8,2
2024-05-11,9,Pedro,"Jaxomy, Agatino Romero & Raffaella Carra",7,7,3
2024-05-11,10,Petit Genie,"Jungeli Featuring Abou Debeing, Lossa, Alonzo & Imen Es",14,2,33
2024-05-11,11,Stumblin' In,CYRIL,16,8,7
2024-05-11,12,Greedy,Tate McRae,11,1,33
2024-05-11,13,Texas Hold 'Em,Beyonce,13,4,11
2024-05-11,14,Belong Together,Mark Ambor,24,14,2
2024-05-11,15,The Sound Of Silence (CYRIL Remix),Disturbed,25,10,4
2024-05-11,16,Si No Estas,Inigo Quintero,17,1,31
2024-05-11,17,Mwaki,ZERB & Sofiya Nzau,-,15,3
2024-05-11,18,Prada,"casso, RAYE & D-Block Europe",21,5,34
2024-05-11,19,End Of Beginning,Djo,22,5,9
2024-05-11,20,Overdrive,Ofenbach Featuring Norma Jean Martine,-,10,20
2024-05-11,21,I Don't Wanna Wait,David Guetta & OneRepublic,-,21,1
2024-05-11,22,Whatever,Kygo With Ava Max,-,16,8
2024-05-11,23,I Love You,Dadju & Tayc,-,6,18
2024-05-11,24,I Can Do It With A Broken Heart,Taylor Swift,15,15,2
2024-05-11,25,Vois Sur Ton Chemin (Techno Mix),BENNETT,-,5,32
2024-05-18,1,Gata Only,FloyyMenor X Cris Mj,1,1,5
2024-05-18,2,Beautiful Things,Benson Boone,2,1,16
2024-05-18,3,I Like The Way You Kiss Me,Artemas,3,1,7
2024-05-18,4,Lose Control,Teddy Swims,5,1,19
2024-05-18,5,Espresso,Sabrina Carpenter,8,5,3
2024-05-18,6,Too Sweet,Hozier,7,6,5
2024-05-18,7,Euphoria,Kendrick Lamar,-,7,1
2024-05-18,8,Not Like Us,Kendrick Lamar,-,8,1
2024-05-18,9,Million Dollar Baby,Tommy Richman,-,9,1
2024-05-18,10,Pedro,"Jaxomy, Agatino Romero & Raffaella Carra",9,7,4
2024-05-18,11,Fortnight,Taylor Swift Featuring Post Malone,6,4,3
2024-05-18,12,Petit Genie,"Jungeli Featuring Abou Debeing, Lossa, Alonzo & Imen Es",10,2,34
2024-05-18,13,Wunder,AYLIVA X Apache 207,4,4,2
2024-05-18,14,The Sound Of Silence (CYRIL Remix),Disturbed,15,10,5
2024-05-18,15,Stumblin' In,CYRIL,11,8,8
2024-05-18,16,Belong Together,Mark Ambor,14,14,3
2024-05-18,17,Prada,"casso, RAYE & D-Block Europe",18,5,35
2024-05-18,18,Texas Hold 'Em,Beyonce,13,4,12
2024-05-18,19,A Bar Song (Tipsy),Shaboozey,-,19,1
2024-05-18,20,Mwaki,ZERB & Sofiya Nzau,17,15,4
2024-05-18,21,Fighter,Tali Golergant,-,11,2
2024-05-18,22,I Don't Wanna Wait,David Guetta & OneRepublic,21,21,2
2024-05-18,23,Si No Estas,Inigo Quintero,16,1,32
2024-05-18,24,Fall Back,Lithe,-,24,1
2024-05-18,25,Training Season,Dua Lipa,-,10,8
2024-05-25,1,Mon Amour,Slimane,-,1,1
2024-05-25,2,Gata Only,FloyyMenor X Cris Mj,1,1,6
2024-05-25,3,Beautiful Things,Benson Boone,2,1,17
2024-05-25,4,Fighter,Tali Golergant,21,4,3
2024-05-25,5,The Code,Nemo,-,5,1
2024-05-25,6,I Like The Way You Kiss Me,Artemas,3,1,8
2024-05-25,7,Europapa,Joost,-,7,1
2024-05-25,8,Million Dollar Baby,Tommy Richman,9,8,2
2024-05-25,9,Not Like Us,Kendrick Lamar,8,8,2
2024-05-25,10,Lose Control,Teddy Swims,4,1,20
2024-05-25,11,Espresso,Sabrina Carpenter,5,5,4
2024-05-25,12,Too Sweet,Hozier,6,6,6
2024-05-25,13,Pedro,"Jaxomy, Agatino Romero & Raffaella Carra",10,7,5
2024-05-25,14,Fortnight,Taylor Swift Featuring Post Malone,11,4,4
2024-05-25,15,Petit Genie,"Jungeli Featuring Abou Debeing, Lossa, Alonzo & Imen Es",12,2,35
2024-05-25,16,Rim Tim Tagi Dim,Baby Lasagna,-,16,1
2024-05-25,17,I Don't Wanna Wait,David Guetta & OneRepublic,22,17,3
2024-05-25,18,Belong Together,Mark Ambor,16,14,4
2024-05-25,19,Teresa & Maria,alyona alyona & Jerry Heil,-,19,1
2024-05-25,20,Stumblin' In,CYRIL,15,8,9
2024-05-25,21,Billions,Yaba Buluku Boyz Featuring Didi B,-,21,1
2024-05-25,22,A Bar Song (Tipsy),Shaboozey,19,19,2
2024-05-25,23,The Sound Of Silence (CYRIL Remix),Disturbed,14,10,6
2024-05-25,24,Wunder,AYLIVA X Apache 207,13,4,3
2024-05-25,25,Mwaki,ZERB & Sofiya Nzau,20,15,5
2024-06-01,1,Mon Amour,Slimane,1,1,2
2024-06-01,2,Gata Only,FloyyMenor X Cris Mj,2,1,7
2024-06-01,3,Beautiful Things,Benson Boone,3,1,18
2024-06-01,4,Chihiro,Billie Eilish,-,4,1
2024-06-01,5,I Like The Way You Kiss Me,Artemas,6,1,9
2024-06-01,6,Lunch,Billie Eilish,-,6,1
2024-06-01,7,Low On The Dough,Amaru,-,7,1
2024-06-01,8,Whole Lotta Lotta,Tremonte,-,8,1
2024-06-01,9,Million Dollar Baby,Tommy Richman,8,8,3
2024-06-01,10,Lose Control,Teddy Swims,10,1,21
2024-06-01,11,Espresso,Sabrina Carpenter,11,5,5
2024-06-01,12,Europapa,Joost,7,7,2
2024-06-01,13,Not Like Us,Kendrick Lamar,9,8,3
2024-06-01,14,The Code,Nemo,5,5,2
2024-06-01,15,Fighter,Tali Golergant,4,4,4
2024-06-01,16,Too Sweet,Hozier,12,6,7
2024-06-01,17,Birds Of A Feather,Billie Eilish,-,17,1
2024-06-01,18,Blue,Billie Eilish,-,18,1
2024-06-01,19,Skinny,Billie Eilish,-,19,1
2024-06-01,20,Wildflower,Billie Eilish,-,20,1
2024-06-01,21,Stumblin' In,CYRIL,20,8,10
2024-06-01,22,The Sound Of Silence (CYRIL Remix),Disturbed,23,10,7
2024-06-01,23,L'amour de Ma Vie,Billie Eilish,-,23,1
2024-06-01,24,I Don't Wanna Wait,David Guetta & OneRepublic,17,17,4
2024-06-01,25,Petit Genie,"Jungeli Featuring Abou Debeing, Lossa, Alonzo & Imen Es",15,2,36
2024-06-08,1,Let Me Tell You,R3load,-,1,1
2024-06-08,2,Snowfall,Oneheart & reidenshi,-,2,1
2024-06-08,3,Gata Only,FloyyMenor X Cris Mj,2,1,8
2024-06-08,4,Beautiful Things,Benson Boone,3,1,19
2024-06-08,5,Die,lucidbeatz & key kelly,-,5,1
2024-06-08,6,BAND4BAND,Central Cee & Lil Baby,-,6,1
2024-06-08,7,It Feels Like I've Forgotten Something,reidenshi,-,7,1
2024-06-08,8,I Like The Way You Kiss Me,Artemas,5,1,10
2024-06-08,9,Distorted Memories,Oneheart & reidenshi,-,9,1
2024-06-08,10,Lunch,Billie Eilish,6,6,2
2024-06-08,11,Espresso,Sabrina Carpenter,11,5,6
2024-06-08,12,Lose Control,Teddy Swims,10,1,22
2024-06-08,13,Mon Amour,Slimane,1,1,3
2024-06-08,14,Chihiro,Billie Eilish,4,4,2
2024-06-08,15,Million Dollar Baby,Tommy Richman,9,8,4
2024-06-08,16,Too Sweet,Hozier,16,6,8
2024-06-08,17,Mittelmeer,PASHANIM,-,17,1
2024-06-08,18,Not Like Us,Kendrick Lamar,13,8,4
2024-06-08,19,Birds Of A Feather,Billie Eilish,17,17,2
2024-06-08,20,Stumblin' In,CYRIL,21,8,11
2024-06-08,21,I Don't Wanna Wait,David Guetta & OneRepublic,24,17,5
2024-06-08,22,Fortnight,Taylor Swift Featuring Post Malone,-,4,5
2024-06-08,23,Rick Owens,Ufo361 Featuring Ken Carson,-,23,1
2024-06-08,24,Let U Go,lucidbeatz,-,24,1
2024-06-08,25,This Feeling,Oneheart,-,25,1
2024-06-15,1,Houdini,Eminem,-,1,1
2024-06-15,2,BAND4BAND,Central Cee & Lil Baby,6,2,2
2024-06-15,3,Gata Only,FloyyMenor X Cris Mj,3,1,9
2024-06-15,4,Beautiful Things,Benson Boone,4,1,20
2024-06-15,5,I Like The Way You Kiss Me,Artemas,8,1,11
2024-06-15,6,Let Me Tell You,R3load,1,1,2
2024-06-15,7,Espresso,Sabrina Carpenter,11,5,7
2024-06-15,8,Lose Control,Teddy Swims,12,1,23
2024-06-15,9,Too Sweet,Hozier,16,6,9
2024-06-15,10,Lunch,Billie Eilish,10,6,3
2024-06-15,11,Birds Of A Feather,Billie Eilish,19,11,3
2024-06-15,12,Million Dollar Baby,Tommy Richman,15,8,5
2024-06-15,13,Chihiro,Billie Eilish,14,4,3
2024-06-15,14,Mittelmeer,PASHANIM,17,14,2
2024-06-15,15,Stargazing,Myles Smith,-,15,1
2024-06-15,16,Spider,GIMS & DYSTINCT,-,16,1
2024-06-15,17,Blaq On Blaq,HoodBlaq Featuring Luciano,-,17,1
2024-06-15,18,Mon Amour,Slimane,13,1,4
2024-06-15,19,Stumblin' In,CYRIL,20,8,12
2024-06-15,20,I Don't Wanna Wait,David Guetta & OneRepublic,21,17,6
2024-06-15,21,The Sound Of Silence (CYRIL Remix),Disturbed,-,10,8
2024-06-15,22,Belong Together,Mark Ambor,-,14,5
2024-06-15,23,Petit Genie,"Jungeli Featuring Abou Debeing, Lossa, Alonzo & Imen Es",-,2,37
2024-06-15,24,Not Like Us,Kendrick Lamar,18,8,5
2024-06-15,25,A Bar Song (Tipsy),Shaboozey,-,19,3
2024-06-22,1,Gata Only,FloyyMenor X Cris Mj,3,1,10
2024-06-22,2,Houdini,Eminem,1,1,2
2024-06-22,3,BAND4BAND,Central Cee & Lil Baby,2,2,3
2024-06-22,4,Beautiful Things,Benson Boone,4,1,21
2024-06-22,5,Espresso,Sabrina Carpenter,7,5,8
2024-06-22,6,I Like The Way You Kiss Me,Artemas,5,1,12
2024-06-22,7,Baddies,Aitch & Luciano,-,7,1
2024-06-22,8,Birds Of A Feather,Billie Eilish,11,8,4
2024-06-22,9,Too Sweet,Hozier,9,6,10
2024-06-22,10,Lose Control,Teddy Swims,8,1,24
2024-06-22,11,Lunch,Billie Eilish,10,6,4
2024-06-22,12,Stumblin' In,CYRIL,19,8,13
2024-06-22,13,Spider,GIMS & DYSTINCT,16,13,2
2024-06-22,14,I Don't Wanna Wait,David Guetta & OneRepublic,20,14,7
2024-06-22,15,Million Dollar Baby,Tommy Richman,12,8,6
2024-06-22,16,Stargazing,Myles Smith,15,15,2
2024-06-22,17,Chihiro,Billie Eilish,13,4,4
2024-06-22,18,The Sound Of Silence (CYRIL Remix),Disturbed,21,10,9
2024-06-22,19,A Bar Song (Tipsy),Shaboozey,25,19,4
2024-06-22,20,Belong Together,Mark Ambor,22,14,6
2024-06-22,21,Mittelmeer,PASHANIM,14,14,3
2024-06-22,22,Fall Back,Lithe,-,22,2
2024-06-22,23,Petit Genie,"Jungeli Featuring Abou Debeing, Lossa, Alonzo & Imen Es",23,2,38
2024-06-22,24,Please Please Please,Sabrina Carpenter,-,24,1
2024-06-22,25,Imagine,Carbonne,-,25,1
2024-06-29,1,Gata Only,FloyyMenor X Cris Mj,1,1,11
2024-06-29,2,Beautiful Things,Benson Boone,4,1,22
2024-06-29,3,Espresso,Sabrina Carpenter,5,3,9
2024-06-29,4,I Like The Way You Kiss Me,Artemas,6,1,13
2024-06-29,5,Houdini,Eminem,2,1,3
2024-06-29,6,BAND4BAND,Central Cee & Lil Baby,3,2,4
2024-06-29,7,Birds Of A Feather,Billie Eilish,8,7,5
2024-06-29,8,Please Please Please,Sabrina Carpenter,24,8,2
2024-06-29,9,Too Sweet,Hozier,9,6,11
2024-06-29,10,Lose Control,Teddy Swims,10,1,25
2024-06-29,11,Stumblin' In,CYRIL,12,8,14
2024-06-29,12,I Don't Wanna Wait,David Guetta & OneRepublic,14,12,8
2024-06-29,13,Spider,GIMS & DYSTINCT,13,13,3
2024-06-29,14,Stargazing,Myles Smith,16,14,3
2024-06-29,15,The Sound Of Silence (CYRIL Remix),Disturbed,18,10,10
2024-06-29,16,Million Dollar Baby,Tommy Richman,15,8,7
2024-06-29,17,Belong Together,Mark Ambor,20,14,7
2024-06-29,18,A Bar Song (Tipsy),Shaboozey,19,18,5
2024-06-29,19,Baddies,Aitch & Luciano,7,7,2
2024-06-29,20,Move,"Adam Port, Stryv & Camila Cabello Feat. Malachiii",-,20,1
2024-06-29,21,Lunch,Billie Eilish,11,6,5
2024-06-29,22,Chihiro,Billie Eilish,17,4,5
2024-06-29,23,Imagine,Carbonne,25,23,2
2024-06-29,24,Petit Genie,"Jungeli Featuring Abou Debeing, Lossa, Alonzo & Imen Es",23,2,39
2024-06-29,25,Mittelmeer,PASHANIM,21,14,4
2024-07-06,1,Gata Only,FloyyMenor X Cris Mj,1,1,12
2024-07-06,2,Espresso,Sabrina Carpenter,3,2,10
2024-07-06,3,Beautiful Things,Benson Boone,2,1,23
2024-07-06,4,I Like The Way You Kiss Me,Artemas,4,1,14
2024-07-06,5,Birds Of A Feather,Billie Eilish,7,5,6
2024-07-06,6,BAND4BAND,Central Cee & Lil Baby,6,2,5
2024-07-06,7,Stumblin' In,CYRIL,11,7,15
2024-07-06,8,Houdini,Eminem,5,1,4
2024-07-06,9,I Don't Wanna Wait,David Guetta & OneRepublic,12,9,9
2024-07-06,10,Too Sweet,Hozier,9,6,12
2024-07-06,11,Lose Control,Teddy Swims,10,1,26
2024-07-06,12,Move,"Adam Port, Stryv & Camila Cabello Feat. Malachiii",20,12,2
2024-07-06,13,Please Please Please,Sabrina Carpenter,8,8,3
2024-07-06,14,Spider,GIMS & DYSTINCT,13,13,4
2024-07-06,15,A Bar Song (Tipsy),Shaboozey,18,15,6
2024-07-06,16,Not Like Us,Kendrick Lamar,-,8,6
2024-07-06,17,The Sound Of Silence (CYRIL Remix),Disturbed,15,10,11
2024-07-06,18,Stargazing,Myles Smith,14,14,4
2024-07-06,19,Dis-Le Moi,Calema & Tayc,-,19,1
2024-07-06,20,Belong Together,Mark Ambor,17,14,8
2024-07-06,21,Kehlani,Jordan Adetunji,-,21,1
2024-07-06,22,Petit Genie,"Jungeli Featuring Abou Debeing, Lossa, Alonzo & Imen Es",24,2,40
2024-07-06,23,Million Dollar Baby,Tommy Richman,16,8,8
2024-07-06,24,Imagine,Carbonne,23,23,3
2024-07-06,25,"Zeit, Dass Sich Was Dreht",$OHO BANI & Herbert Groenemeyer,-,25,1
2024-07-13,1,Gata Only,FloyyMenor X Cris Mj,1,1,13
2024-07-13,2,Espresso,Sabrina Carpenter,2,2,11
2024-07-13,3,Beautiful Things,Benson Boone,3,1,24
2024-07-13,4,Move,"Adam Port, Stryv & Camila Cabello Feat. Malachiii",12,4,3
2024-07-13,5,I Don't Wanna Wait,David Guetta & OneRepublic,9,5,10
2024-07-13,6,I Like The Way You Kiss Me,Artemas,4,1,15
2024-07-13,7,Birds Of A Feather,Billie Eilish,5,5,7
2024-07-13,8,Stumblin' In,CYRIL,7,7,16
2024-07-13,9,Lose Control,Teddy Swims,11,1,27
2024-07-13,10,Houdini,Eminem,8,1,5
2024-07-13,11,Kehlani,Jordan Adetunji,21,11,2
2024-07-13,12,BAND4BAND,Central Cee & Lil Baby,6,2,6
2024-07-13,13,Please Please Please,Sabrina Carpenter,13,8,4
2024-07-13,14,Stargazing,Myles Smith,18,14,5
2024-07-13,15,Too Sweet,Hozier,10,6,13
2024-07-13,16,Spider,GIMS & DYSTINCT,14,13,5
2024-07-13,17,A Bar Song (Tipsy),Shaboozey,15,15,7
2024-07-13,18,Not Like Us,Kendrick Lamar,16,8,7
2024-07-13,19,Belong Together,Mark Ambor,20,14,9
2024-07-13,20,The Sound Of Silence (CYRIL Remix),Disturbed,17,10,12
2024-07-13,21,Petit Genie,"Jungeli Featuring Abou Debeing, Lossa, Alonzo & Imen Es",22,2,41
2024-07-13,22,Million Dollar Baby,Tommy Richman,23,8,9
2024-07-13,23,Imagine,Carbonne,24,23,4
2024-07-13,24,Mwaki,ZERB & Sofiya Nzau,-,15,6
2024-07-13,25,"Zeit, Dass Sich Was Dreht",$OHO BANI & Herbert Groenemeyer,25,25,2
2024-07-20,1,Gata Only,FloyyMenor X Cris Mj,1,1,14
2024-07-20,2,Espresso,Sabrina Carpenter,2,2,12
2024-07-20,3,Beautiful Things,Benson Boone,3,1,25
2024-07-20,4,Move,"Adam Port, Stryv & Camila Cabello Feat. Malachiii",4,4,4
2024-07-20,5,Not Like Us,Kendrick Lamar,18,5,8
2024-07-20,6,I Like The Way You Kiss Me,Artemas,6,1,16
2024-07-20,7,Birds Of A Feather,Billie Eilish,7,5,8
2024-07-20,8,I Don't Wanna Wait,David Guetta & OneRepublic,5,5,11
2024-07-20,9,Stumblin' In,CYRIL,8,7,17
2024-07-20,10,Spider,GIMS & DYSTINCT,16,10,6
2024-07-20,11,A Bar Song (Tipsy),Shaboozey,17,11,8
2024-07-20,12,Too Sweet,Hozier,15,6,14
2024-07-20,13,Stargazing,Myles Smith,14,13,6
2024-07-20,14,Lose Control,Teddy Swims,9,1,28
2024-07-20,15,Kehlani,Jordan Adetunji,11,11,3
2024-07-20,16,Houdini,Eminem,10,1,6
2024-07-20,17,BAND4BAND,Central Cee & Lil Baby,12,2,7
2024-07-20,18,Belong Together,Mark Ambor,19,14,10
2024-07-20,19,Please Please Please,Sabrina Carpenter,13,8,5
2024-07-20,20,The Sound Of Silence (CYRIL Remix),Disturbed,20,10,13
2024-07-20,21,Petit Genie,"Jungeli Featuring Abou Debeing, Lossa, Alonzo & Imen Es",21,2,42
2024-07-20,22,Tough,Quavo & Lana Del Rey,-,22,1
2024-07-20,23,Mwaki,ZERB & Sofiya Nzau,24,15,7
2024-07-20,24,Imagine,Carbonne,23,23,5
2024-07-20,25,Million Dollar Baby,Tommy Richman,22,8,10
2024-07-27,1,Gata Only,FloyyMenor X Cris Mj,1,1,15
2024-07-27,2,Move,"Adam Port, Stryv & Camila Cabello Feat. Malachiii",4,2,5
2024-07-27,3,Beautiful Things,Benson Boone,3,1,26
2024-07-27,4,Espresso,Sabrina Carpenter,2,2,13
2024-07-27,5,Houdini,Eminem,16,1,7
2024-07-27,6,Birds Of A Feather,Billie Eilish,7,5,9
2024-07-27,7,Not Like Us,Kendrick Lamar,5,5,9
2024-07-27,8,Alibi,"Sevdaliza , Pabllo Vittar & Yseult",-,8,1
2024-07-27,9,I Don't Wanna Wait,David Guetta & OneRepublic,8,5,12
2024-07-27,10,Spider,GIMS & DYSTINCT,10,10,7
2024-07-27,11,I Like The Way You Kiss Me,Artemas,6,1,17
2024-07-27,12,Lose Control,Teddy Swims,14,1,29
2024-07-27,13,Stumblin' In,CYRIL,9,7,18
2024-07-27,14,Stargazing,Myles Smith,13,13,7
2024-07-27,15,A Bar Song (Tipsy),Shaboozey,11,11,9
2024-07-27,16,Belong Together,Mark Ambor,18,14,11
2024-07-27,17,Too Sweet,Hozier,12,6,15
2024-07-27,18,BAND4BAND,Central Cee & Lil Baby,17,2,8
2024-07-27,19,Kehlani,Jordan Adetunji,15,11,4
2024-07-27,20,Please Please Please,Sabrina Carpenter,19,8,6
2024-07-27,21,Austin,Dasha,-,21,1
2024-07-27,22,The Sound Of Silence (CYRIL Remix),Disturbed,20,10,14
2024-07-27,23,Fortnight,Taylor Swift Featuring Post Malone,-,4,6
2024-07-27,24,Mwaki,ZERB & Sofiya Nzau,23,15,8
2024-07-27,25,Petit Genie,"Jungeli Featuring Abou Debeing, Lossa, Alonzo & Imen Es",21,2,43
2024-08-03,1,Gata Only,FloyyMenor X Cris Mj,1,1,16
2024-08-03,2,Move,"Adam Port, Stryv & Camila Cabello Feat. Malachiii",2,2,6
2024-08-03,3,Beautiful Things,Benson Boone,3,1,27
2024-08-03,4,Espresso,Sabrina Carpenter,4,2,14
2024-08-03,5,Alibi,"Sevdaliza , Pabllo Vittar & Yseult",8,5,2
2024-08-03,6,Spider,GIMS & DYSTINCT,10,6,8
2024-08-03,7,Birds Of A Feather,Billie Eilish,6,5,10
2024-08-03,8,I Don't Wanna Wait,David Guetta & OneRepublic,9,5,13
2024-08-03,9,Stargazing,Myles Smith,14,9,8
2024-08-03,10,Stumblin' In,CYRIL,13,7,19
2024-08-03,11,Lose Control,Teddy Swims,12,1,30
2024-08-03,12,Not Like Us,Kendrick Lamar,7,5,10
2024-08-03,13,A Bar Song (Tipsy),Shaboozey,15,11,10
2024-08-03,14,Belong Together,Mark Ambor,16,14,12
2024-08-03,15,I Like The Way You Kiss Me,Artemas,11,1,18
2024-08-03,16,Houdini,Eminem,5,1,8
2024-08-03,17,Too Sweet,Hozier,17,6,16
2024-08-03,18,The Sound Of Silence (CYRIL Remix),Disturbed,22,10,15
2024-08-03,19,Austin,Dasha,21,19,2
2024-08-03,20,Starboy,Luciano & Jazeek,-,20,1
2024-08-03,21,Mwaki,ZERB & Sofiya Nzau,24,15,9
2024-08-03,22,Kehlani,Jordan Adetunji,19,11,5
2024-08-03,23,BAND4BAND,Central Cee & Lil Baby,18,2,9
2024-08-03,24,Viva La Vida,Coldplay,-,24,1
2024-08-03,25,Petit Genie,"Jungeli Featuring Abou Debeing, Lossa, Alonzo & Imen Es",25,2,44
2024-08-10,1,Move,"Adam Port, Stryv & Camila Cabello Feat. Malachiii",2,1,7
2024-08-10,2,Gata Only,FloyyMenor X Cris Mj,1,1,17
2024-08-10,3,Beautiful Things,Benson Boone,3,1,28
2024-08-10,4,Espresso,Sabrina Carpenter,4,2,15
2024-08-10,5,Alibi,"Sevdaliza , Pabllo Vittar & Yseult",5,5,3
2024-08-10,6,Spider,GIMS & DYSTINCT,6,6,9
2024-08-10,7,Birds Of A Feather,Billie Eilish,7,5,11
2024-08-10,8,I Don't Wanna Wait,David Guetta & OneRepublic,8,5,14
2024-08-10,9,Lose Control,Teddy Swims,11,1,31
2024-08-10,10,A Bar Song (Tipsy),Shaboozey,13,10,11
2024-08-10,11,Stumblin' In,CYRIL,10,7,20
2024-08-10,12,Stargazing,Myles Smith,9,9,9
2024-08-10,13,Not Like Us,Kendrick Lamar,12,5,11
2024-08-10,14,Belong Together,Mark Ambor,14,14,13
2024-08-10,15,Too Sweet,Hozier,17,6,17
2024-08-10,16,I Like The Way You Kiss Me,Artemas,15,1,19
2024-08-10,17,Bah Ouais - Nouvelle Ecole,Dadi,-,17,1
2024-08-10,18,The Sound Of Silence (CYRIL Remix),Disturbed,18,10,16
2024-08-10,19,Mwaki,ZERB & Sofiya Nzau,21,15,10
2024-08-10,20,Austin,Dasha,19,19,3
2024-08-10,21,Houdini,Eminem,16,1,9
2024-08-10,22,Black Friday (Pretty Like The Sun),Lost Frequencies & Tom Odell,-,22,1
2024-08-10,23,Kehlani,Jordan Adetunji,22,11,6
2024-08-10,24,Si Antes Te Hubiera Conocido,Karol G,-,24,1
2024-08-10,25,Petit Genie,"Jungeli Featuring Abou Debeing, Lossa, Alonzo & Imen Es",25,2,45
2024-08-17,1,Move,"Adam Port, Stryv & Camila Cabello Feat. Malachiii",1,1,8
2024-08-17,2,Gata Only,FloyyMenor X Cris Mj,2,1,18
2024-08-17,3,Beautiful Things,Benson Boone,3,1,29
2024-08-17,4,Espresso,Sabrina Carpenter,4,2,16
2024-08-17,5,Alibi,"Sevdaliza , Pabllo Vittar & Yseult",5,5,4
2024-08-17,6,Birds Of A Feather,Billie Eilish,7,5,12
2024-08-17,7,Spider,GIMS & DYSTINCT,6,6,10
2024-08-17,8,Guess,Charli xcx Featuring Billie Eilish,-,8,1
2024-08-17,9,I Don't Wanna Wait,David Guetta & OneRepublic,8,5,15
2024-08-17,10,Stargazing,Myles Smith,12,9,10
2024-08-17,11,Stumblin' In,CYRIL,11,7,21
2024-08-17,12,Lose Control,Teddy Swims,9,1,32
2024-08-17,13,A Bar Song (Tipsy),Shaboozey,10,10,12
2024-08-17,14,I Like The Way You Kiss Me,Artemas,16,1,20
2024-08-17,15,Belong Together,Mark Ambor,14,14,14
2024-08-17,16,Si Antes Te Hubiera Conocido,Karol G,24,16,2
2024-08-17,17,Too Sweet,Hozier,15,6,18
2024-08-17,18,Kehlani,Jordan Adetunji,23,11,7
2024-08-17,19,Black Friday (Pretty Like The Sun),Lost Frequencies & Tom Odell,22,19,2
2024-08-17,20,Not Like Us,Kendrick Lamar,13,5,12
2024-08-17,21,The Sound Of Silence (CYRIL Remix),Disturbed,18,10,17
2024-08-17,22,Sois Pas Timide,GIMS,-,22,1
2024-08-17,23,Austin,Dasha,20,19,4
2024-08-17,24,Mwaki,ZERB & Sofiya Nzau,19,15,11
2024-08-17,25,Houdini,Eminem,21,1,10
2024-08-24,1,Move,"Adam Port, Stryv & Camila Cabello Feat. Malachiii",1,1,9
2024-08-24,2,Gata Only,FloyyMenor X Cris Mj,2,1,19
2024-08-24,3,Beautiful Things,Benson Boone,3,1,30
2024-08-24,4,Espresso,Sabrina Carpenter,4,2,17
2024-08-24,5,Birds Of A Feather,Billie Eilish,6,5,13
2024-08-24,6,Alibi,"Sevdaliza , Pabllo Vittar & Yseult",5,5,5
2024-08-24,7,Spider,GIMS & DYSTINCT,7,6,11
2024-08-24,8,I Don't Wanna Wait,David Guetta & OneRepublic,9,5,16
2024-08-24,9,Stumblin' In,CYRIL,11,7,22
2024-08-24,10,Si Antes Te Hubiera Conocido,Karol G,16,10,3
2024-08-24,11,A Bar Song (Tipsy),Shaboozey,13,10,13
2024-08-24,12,Lose Control,Teddy Swims,12,1,33
2024-08-24,13,Black Friday (Pretty Like The Sun),Lost Frequencies & Tom Odell,19,13,3
2024-08-24,14,Kehlani,Jordan Adetunji,18,11,8
2024-08-24,15,Too Sweet,Hozier,17,6,19
2024-08-24,16,Belong Together,Mark Ambor,15,14,15
2024-08-24,17,I Like The Way You Kiss Me,Artemas,14,1,21
2024-08-24,18,Stargazing,Myles Smith,10,9,11
2024-08-24,19,Sois Pas Timide,GIMS,22,19,2
2024-08-24,20,Big Dawgs,Hanumankind X Kalmi,-,20,1
2024-08-24,21,Guess,Charli xcx Featuring Billie Eilish,8,8,2
2024-08-24,22,Mwaki,ZERB & Sofiya Nzau,24,15,12
2024-08-24,23,The Sound Of Silence (CYRIL Remix),Disturbed,21,10,18
2024-08-24,24,Austin,Dasha,23,19,5
2024-08-24,25,Bauch Beine Po,Shirin David,-,25,1
2024-08-31,1,Move,"Adam Port, Stryv & Camila Cabello Feat. Malachiii",1,1,10
2024-08-31,2,Birds Of A Feather,Billie Eilish,5,2,14
2024-08-31,3,Beautiful Things,Benson Boone,3,1,31
2024-08-31,4,Gata Only,FloyyMenor X Cris Mj,2,1,20
2024-08-31,5,Espresso,Sabrina Carpenter,4,2,18
2024-08-31,6,Alibi,"Sevdaliza , Pabllo Vittar & Yseult",6,5,6
2024-08-31,7,Spider,GIMS & DYSTINCT,7,6,12
2024-08-31,8,Si Antes Te Hubiera Conocido,Karol G,10,8,4
2024-08-31,9,Stumblin' In,CYRIL,9,7,23
2024-08-31,10,I Don't Wanna Wait,David Guetta & OneRepublic,8,5,17
2024-08-31,11,Mafiabilly,The Tony Montanas,-,11,1
2024-08-31,12,Lose Control,Teddy Swims,12,1,34
2024-08-31,13,Black Friday (Pretty Like The Sun),Lost Frequencies & Tom Odell,13,13,4
2024-08-31,14,A Bar Song (Tipsy),Shaboozey,11,10,14
2024-08-31,15,Too Sweet,Hozier,15,6,20
2024-08-31,16,Kehlani,Jordan Adetunji,14,11,9
2024-08-31,17,Stargazing,Myles Smith,18,9,12
2024-08-31,18,Die With A Smile,Lady Gaga & Bruno Mars,-,18,1
2024-08-31,19,Sois Pas Timide,GIMS,19,19,3
2024-08-31,20,I Like The Way You Kiss Me,Artemas,17,1,22
2024-08-31,21,Big Dawgs,Hanumankind X Kalmi,20,20,2
2024-08-31,22,Belong Together,Mark Ambor,16,14,16
2024-08-31,23,She Wanna Fuck,1wayzayys Featuring ABMPXC,-,23,1
2024-08-31,24,Yawe,Tebza_Mgijimi & MGZet,-,24,1
2024-08-31,25,Mokar,Ilker Sahinbas Featuring Taha Gunday,-,25,1
2024-09-07,1,Move,"Adam Port, Stryv & Camila Cabello Feat. Malachiii",1,1,11
2024-09-07,2,Espresso,Sabrina Carpenter,5,2,19
2024-09-07,3,Birds Of A Feather,Billie Eilish,2,2,15
2024-09-07,4,Beautiful Things,Benson Boone,3,1,32
2024-09-07,5,Gata Only,FloyyMenor X Cris Mj,4,1,21
2024-09-07,6,Die With A Smile,Lady Gaga & Bruno Mars,18,6,2
2024-09-07,7,Si Antes Te Hubiera Conocido,Karol G,8,7,5
2024-09-07,8,Alibi,"Sevdaliza , Pabllo Vittar & Yseult",6,5,7
2024-09-07,9,Spider,GIMS & DYSTINCT,7,6,13
2024-09-07,10,Lose Control,Teddy Swims,12,1,35
2024-09-07,11,Stumblin' In,CYRIL,9,7,24
2024-09-07,12,Black Friday (Pretty Like The Sun),Lost Frequencies & Tom Odell,13,12,5
2024-09-07,13,I Adore You,HUGEL X Topic X Arash Featuring Daecolm,-,13,1
2024-09-07,14,Sois Pas Timide,GIMS,19,14,4
2024-09-07,15,A Bar Song (Tipsy),Shaboozey,14,10,15
2024-09-07,16,Mafiabilly,The Tony Montanas,11,11,2
2024-09-07,17,Too Sweet,Hozier,15,6,21
2024-09-07,18,I Don't Wanna Wait,David Guetta & OneRepublic,10,5,18
2024-09-07,19,Stargazing,Myles Smith,17,9,13
2024-09-07,20,Taste,Sabrina Carpenter,-,20,1
2024-09-07,21,Kehlani,Jordan Adetunji,16,11,10
2024-09-07,22,Please Please Please,Sabrina Carpenter,-,8,7
2024-09-07,23,Big Dawgs,Hanumankind X Kalmi,21,20,3
2024-09-07,24,Austin,Dasha,-,19,6
2024-09-07,25,"Good Luck, Babe!",Chappell Roan,-,25,1
2024-09-14,1,Move,"Adam Port, Stryv & Camila Cabello Feat. Malachiii",1,1,12
2024-09-14,2,Birds Of A Feather,Billie Eilish,3,2,16
2024-09-14,3,Beautiful Things,Benson Boone,4,1,33
2024-09-14,4,Espresso,Sabrina Carpenter,2,2,20
2024-09-14,5,Si Antes Te Hubiera Conocido,Karol G,7,5,6
2024-09-14,6,I Adore You,HUGEL X Topic X Arash Featuring Daecolm,13,6,2
2024-09-14,7,Gata Only,FloyyMenor X Cris Mj,5,1,22
2024-09-14,8,Die With A Smile,Lady Gaga & Bruno Mars,6,6,3
2024-09-14,9,Manon B,Tiakola Featuring Ryflo & Oskoow,-,9,1
2024-09-14,10,Lose Control,Teddy Swims,10,1,36
2024-09-14,11,Alibi,"Sevdaliza , Pabllo Vittar & Yseult",8,5,8
2024-09-14,12,Spider,GIMS & DYSTINCT,9,6,14
2024-09-14,13,Black Friday (Pretty Like The Sun),Lost Frequencies & Tom Odell,12,12,6
2024-09-14,14,Stumblin' In,CYRIL,11,7,25
2024-09-14,15,Taste,Sabrina Carpenter,20,15,2
2024-09-14,16,Sois Pas Timide,GIMS,14,14,5
2024-09-14,17,A Bar Song (Tipsy),Shaboozey,15,10,16
2024-09-14,18,Stargazing,Myles Smith,19,9,14
2024-09-14,19,I Don't Wanna Wait,David Guetta & OneRepublic,18,5,19
2024-09-14,20,Too Sweet,Hozier,17,6,22
2024-09-14,21,I Like The Way You Kiss Me,Artemas,-,1,23
2024-09-14,22,"Good Luck, Babe!",Chappell Roan,25,22,2
2024-09-14,23,Kehlani,Jordan Adetunji,21,11,11
2024-09-14,24,Bolide Noir,,-,24,1
2024-09-14,25,Austin,Dasha,24,19,7
2024-09-21,1,The Emptiness Machine,Linkin Park,-,1,1
2024-09-21,2,Move,"Adam Port, Stryv & Camila Cabello Feat. Malachiii",1,1,13
2024-09-21,3,Birds Of A Feather,Billie Eilish,2,2,17
2024-09-21,4,Beautiful Things,Benson Boone,3,1,34
2024-09-21,5,Die With A Smile,Lady Gaga & Bruno Mars,8,5,4
2024-09-21,6,Espresso,Sabrina Carpenter,4,2,21
2024-09-21,7,Si Antes Te Hubiera Conocido,Karol G,5,5,7
2024-09-21,8,I Adore You,HUGEL X Topic X Arash Featuring Daecolm,6,6,3
2024-09-21,9,Gata Only,FloyyMenor X Cris Mj,7,1,23
2024-09-21,10,Alibi,"Sevdaliza , Pabllo Vittar & Yseult",11,5,9
2024-09-21,11,Manon B,Tiakola Featuring Ryflo & Oskoow,9,9,2
2024-09-21,12,Lose Control,Teddy Swims,10,1,37
2024-09-21,13,Spider,GIMS & DYSTINCT,12,6,15
2024-09-21,14,Sois Pas Timide,GIMS,16,14,6
2024-09-21,15,Black Friday (Pretty Like The Sun),Lost Frequencies & Tom Odell,13,12,7
2024-09-21,16,A Bar Song (Tipsy),Shaboozey,17,10,17
2024-09-21,17,Stargazing,Myles Smith,18,9,15
2024-09-21,18,Too Sweet,Hozier,20,6,23
2024-09-21,19,Taste,Sabrina Carpenter,15,15,3
2024-09-21,20,I Like The Way You Kiss Me,Artemas,21,1,24
2024-09-21,21,I Don't Wanna Wait,David Guetta & OneRepublic,19,5,20
2024-09-21,22,"Good Luck, Babe!",Chappell Roan,22,22,3
2024-09-21,23,Stumblin' In,CYRIL,14,7,26
2024-09-21,24,Austin,Dasha,25,19,8
2024-09-21,25,Numb,Linkin Park,-,25,1
2024-09-28,1,The Emptiness Machine,Linkin Park,1,1,2
2024-09-28,2,Move,"Adam Port, Stryv & Camila Cabello Feat. Malachiii",2,1,14
2024-09-28,3,Die With A Smile,Lady Gaga & Bruno Mars,5,3,5
2024-09-28,4,Beautiful Things,Benson Boone,4,1,35
2024-09-28,5,Birds Of A Feather,Billie Eilish,3,2,18
2024-09-28,6,Si Antes Te Hubiera Conocido,Karol G,7,5,8
2024-09-28,7,Espresso,Sabrina Carpenter,6,2,22
2024-09-28,8,I Adore You,HUGEL X Topic X Arash Featuring Daecolm,8,6,4
2024-09-28,9,Gata Only,FloyyMenor X Cris Mj,9,1,24
2024-09-28,10,Lose Control,Teddy Swims,12,1,38
2024-09-28,11,Manon B,Tiakola Featuring Ryflo & Oskoow,11,9,3
2024-09-28,12,Alibi,"Sevdaliza , Pabllo Vittar & Yseult",10,5,10
2024-09-28,13,Sois Pas Timide,GIMS,14,13,7
2024-09-28,14,Spider,GIMS & DYSTINCT,13,6,16
2024-09-28,15,A Bar Song (Tipsy),Shaboozey,16,10,18
2024-09-28,16,Dancing In The Flames,The Weeknd,-,16,1
2024-09-28,17,Taste,Sabrina Carpenter,19,15,4
2024-09-28,18,Black Friday (Pretty Like The Sun),Lost Frequencies & Tom Odell,15,12,8
2024-09-28,19,"Good Luck, Babe!",Chappell Roan,22,19,4
2024-09-28,20,Numb,Linkin Park,25,20,2
2024-09-28,21,Too Sweet,Hozier,18,6,24
2024-09-28,22,Stargazing,Myles Smith,17,9,16
2024-09-28,23,I Don't Wanna Wait,David Guetta & OneRepublic,21,5,21
2024-09-28,24,I Like The Way You Kiss Me,Artemas,20,1,25
2024-09-28,25,Kehlani,Jordan Adetunji,-,11,12
2024-10-05,1,The Emptiness Machine,Linkin Park,1,1,3
2024-10-05,2,Die With A Smile,Lady Gaga & Bruno Mars,3,2,6
2024-10-05,3,Move,"Adam Port, Stryv & Camila Cabello Feat. Malachiii",2,1,15
2024-10-05,4,Beautiful Things,Benson Boone,4,1,36
2024-10-05,5,Birds Of A Feather,Billie Eilish,5,2,19
2024-10-05,6,Manon B,Tiakola Featuring Ryflo & Oskoow,11,6,4
2024-10-05,7,Espresso,Sabrina Carpenter,7,2,23
2024-10-05,8,Si Antes Te Hubiera Conocido,Karol G,6,5,9
2024-10-05,9,I Adore You,HUGEL X Topic X Arash Featuring Daecolm,8,6,5
2024-10-05,10,Lose Control,Teddy Swims,10,1,39
2024-10-05,11,Gata Only,FloyyMenor X Cris Mj,9,1,25
2024-10-05,12,Alibi,"Sevdaliza , Pabllo Vittar & Yseult",12,5,11
2024-10-05,13,A Bar Song (Tipsy),Shaboozey,15,10,19
2024-10-05,14,Spider,GIMS & DYSTINCT,14,6,17
2024-10-05,15,Sois Pas Timide,GIMS,13,13,8
2024-10-05,16,"Good Luck, Babe!",Chappell Roan,19,16,5
2024-10-05,17,Embrace It,Ndotz,-,17,1
2024-10-05,18,Stargazing,Myles Smith,22,9,17
2024-10-05,19,Black Friday (Pretty Like The Sun),Lost Frequencies & Tom Odell,18,12,9
2024-10-05,20,Taste,Sabrina Carpenter,17,15,5
2024-10-05,21,Stumblin' In,CYRIL,-,7,27
2024-10-05,22,I Don't Wanna Wait,David Guetta & OneRepublic,23,5,22
2024-10-05,23,I Like The Way You Kiss Me,Artemas,24,1,26
2024-10-05,24,Too Sweet,Hozier,21,6,25
2024-10-05,25,Numb,Linkin Park,20,20,3
2024-10-12,1,The Emptiness Machine,Linkin Park,1,1,4
2024-10-12,2,Die With A Smile,Lady Gaga & Bruno Mars,2,2,7
2024-10-12,3,Timeless,The Weeknd & Playboi Carti,-,3,1
2024-10-12,4,Heavy Is The Crown,Linkin Park,-,4,1
2024-10-12,5,Birds Of A Feather,Billie Eilish,5,2,20
2024-10-12,6,Beautiful Things,Benson Boone,4,1,37
2024-10-12,7,Move,"Adam Port, Stryv & Camila Cabello Feat. Malachiii",3,1,16
2024-10-12,8,Si Antes Te Hubiera Conocido,Karol G,8,5,10
2024-10-12,9,Espresso,Sabrina Carpenter,7,2,24
2024-10-12,10,I Adore You,HUGEL X Topic X Arash Featuring Daecolm,9,6,6
2024-10-12,11,Manon B,Tiakola Featuring Ryflo & Oskoow,6,6,5
2024-10-12,12,Lose Control,Teddy Swims,10,1,40
2024-10-12,13,Gata Only,FloyyMenor X Cris Mj,11,1,26
2024-10-12,14,A Bar Song (Tipsy),Shaboozey,13,10,20
2024-10-12,15,Sois Pas Timide,GIMS,15,13,9
2024-10-12,16,Alibi,"Sevdaliza , Pabllo Vittar & Yseult",12,5,12
2024-10-12,17,Spider,GIMS & DYSTINCT,14,6,18
2024-10-12,18,Pour Elle,SDM,-,18,1
2024-10-12,19,"Good Luck, Babe!",Chappell Roan,16,16,6
2024-10-12,20,Taste,Sabrina Carpenter,20,15,6
2024-10-12,21,Stargazing,Myles Smith,18,9,18
2024-10-12,22,I Like The Way You Kiss Me,Artemas,23,1,27
2024-10-12,23,Embrace It,Ndotz,17,17,2
2024-10-12,24,Too Sweet,Hozier,24,6,26
2024-10-12,25,Black Friday (Pretty Like The Sun),Lost Frequencies & Tom Odell,19,12,10
2024-10-19,1,Die With A Smile,Lady Gaga & Bruno Mars,2,1,8
2024-10-19,2,The Emptiness Machine,Linkin Park,1,1,5
2024-10-19,3,Birds Of A Feather,Billie Eilish,5,2,21
2024-10-19,4,Move,"Adam Port, Stryv & Camila Cabello Feat. Malachiii",7,1,17
2024-10-19,5,Beautiful Things,Benson Boone,6,1,38
2024-10-19,6,Pour Elle,SDM,18,6,2
2024-10-19,7,Timeless,The Weeknd & Playboi Carti,3,3,2
2024-10-19,8,Si Antes Te Hubiera Conocido,Karol G,8,5,11
2024-10-19,9,Heavy Is The Crown,Linkin Park,4,4,2
2024-10-19,10,I Adore You,HUGEL X Topic X Arash Featuring Daecolm,10,6,7
2024-10-19,11,Espresso,Sabrina Carpenter,9,2,25
2024-10-19,12,Manon B,Tiakola Featuring Ryflo & Oskoow,11,6,6
2024-10-19,13,Cartier Santos,SDM,-,13,1
2024-10-19,14,Lose Control,Teddy Swims,12,1,41
2024-10-19,15,Alibi,"Sevdaliza , Pabllo Vittar & Yseult",16,5,13
2024-10-19,16,Gata Only,FloyyMenor X Cris Mj,13,1,27
2024-10-19,17,Sois Pas Timide,GIMS,15,13,10
2024-10-19,18,A Bar Song (Tipsy),Shaboozey,14,10,21
2024-10-19,19,Stargazing,Myles Smith,21,9,19
2024-10-19,20,Pona Nini,Tiakola Featuring Genezio & Prototype,-,20,1
2024-10-19,21,Embrace It,Ndotz,23,17,3
2024-10-19,22,Spider,GIMS & DYSTINCT,17,6,19
2024-10-19,23,Taste,Sabrina Carpenter,20,15,7
2024-10-19,24,Another Love,Tom Odell,-,4,82
2024-10-19,25,"Good Luck, Babe!",Chappell Roan,19,16,7
2024-10-26,1,Die With A Smile,Lady Gaga & Bruno Mars,1,1,9
2024-10-26,2,Move,"Adam Port, Stryv & Camila Cabello Feat. Malachiii",4,1,18
2024-10-26,3,The Emptiness Machine,Linkin Park,2,1,6
2024-10-26,4,Birds Of A Feather,Billie Eilish,3,2,22
2024-10-26,5,Cartier Santos,SDM,13,5,2
2024-10-26,6,Pour Elle,SDM,6,6,3
2024-10-26,7,Beautiful Things,Benson Boone,5,1,39
2024-10-26,8,I Adore You,HUGEL X Topic X Arash Featuring Daecolm,10,6,8
2024-10-26,9,Si Antes Te Hubiera Conocido,Karol G,8,5,12
2024-10-26,10,Lose Control,Teddy Swims,14,1,42
2024-10-26,11,Timeless,The Weeknd & Playboi Carti,7,3,3
2024-10-26,12,Espresso,Sabrina Carpenter,11,2,26
2024-10-26,13,Heavy Is The Crown,Linkin Park,9,4,3
2024-10-26,14,Gata Only,FloyyMenor X Cris Mj,16,1,28
2024-10-26,15,Sois Pas Timide,GIMS,17,13,11
2024-10-26,16,A Bar Song (Tipsy),Shaboozey,18,10,22
2024-10-26,17,Spider,GIMS & DYSTINCT,22,6,20
2024-10-26,18,Alibi,"Sevdaliza , Pabllo Vittar & Yseult",15,5,14
2024-10-26,19,Manon B,Tiakola Featuring Ryflo & Oskoow,12,6,7
2024-10-26,20,Pona Nini,Tiakola Featuring Genezio & Prototype,20,20,2
2024-10-26,21,Stargazing,Myles Smith,19,9,20
2024-10-26,22,Embrace It,Ndotz,21,17,4
2024-10-26,23,"Good Luck, Babe!",Chappell Roan,25,16,8
2024-10-26,24,Another Love,Tom Odell,24,4,83
2024-10-26,25,Taste,Sabrina Carpenter,23,15,8
2024-11-02,1,Sou Baiana,Rubby,-,1,1
2024-11-02,2,Die With A Smile,Lady Gaga & Bruno Mars,1,1,10
2024-11-02,3,Move,"Adam Port, Stryv & Camila Cabello Feat. Malachiii",2,1,19
2024-11-02,4,Birds Of A Feather,Billie Eilish,4,2,23
2024-11-02,5,The Emptiness Machine,Linkin Park,3,1,7
2024-11-02,6,APT.,ROSE & Bruno Mars,-,6,1
2024-11-02,7,Cartier Santos,SDM,5,5,3
2024-11-02,8,Beautiful Things,Benson Boone,7,1,40
2024-11-02,9,Pour Elle,SDM,6,6,4
2024-11-02,10,I Adore You,HUGEL X Topic X Arash Featuring Daecolm,8,6,9
2024-11-02,11,Si Antes Te Hubiera Conocido,Karol G,9,5,13
2024-11-02,12,Lose Control,Teddy Swims,10,1,43
2024-11-02,13,Espresso,Sabrina Carpenter,12,2,27
2024-11-02,14,Sois Pas Timide,GIMS,15,13,12
2024-11-02,15,Timeless,The Weeknd & Playboi Carti,11,3,4
2024-11-02,16,Gata Only,FloyyMenor X Cris Mj,14,1,29
2024-11-02,17,A Bar Song (Tipsy),Shaboozey,16,10,23
2024-11-02,18,Pona Nini,Tiakola Featuring Genezio & Prototype,20,18,3
2024-11-02,19,Alibi,"Sevdaliza , Pabllo Vittar & Yseult",18,5,15
2024-11-02,20,Spider,GIMS & DYSTINCT,17,6,21
2024-11-02,21,Another Love,Tom Odell,24,4,84
2024-11-02,22,Sailor Song,Gigi Perez,-,22,1
2024-11-02,23,Heavy Is The Crown,Linkin Park,13,4,4
2024-11-02,24,"Good Luck, Babe!",Chappell Roan,23,16,9
2024-11-02,25,Manon B,Tiakola Featuring Ryflo & Oskoow,19,6,8
2024-11-09,1,Sou Baiana,Rubby,1,1,2
2024-11-09,2,Die With A Smile,Lady Gaga & Bruno Mars,2,1,11
2024-11-09,3,Move,"Adam Port, Stryv & Camila Cabello Feat. Malachiii",3,1,20
2024-11-09,4,The Emptiness Machine,Linkin Park,5,1,8
2024-11-09,5,APT.,ROSE & Bruno Mars,6,5,2
2024-11-09,6,Birds Of A Feather,Billie Eilish,4,2,24
2024-11-09,7,Beautiful Things,Benson Boone,8,1,41
2024-11-09,8,Cartier Santos,SDM,7,5,4
2024-11-09,9,Si Antes Te Hubiera Conocido,Karol G,11,5,14
2024-11-09,10,I Adore You,HUGEL X Topic X Arash Featuring Daecolm,10,6,10
2024-11-09,11,Lose Control,Teddy Swims,12,1,44
2024-11-09,12,Pour Elle,SDM,9,6,5
2024-11-09,13,Espresso,Sabrina Carpenter,13,2,28
2024-11-09,14,Sois Pas Timide,GIMS,14,13,13
2024-11-09,15,A Bar Song (Tipsy),Shaboozey,17,10,24
2024-11-09,16,Gata Only,FloyyMenor X Cris Mj,16,1,30
2024-11-09,17,Sailor Song,Gigi Perez,22,17,2
2024-11-09,18,Heavy Is The Crown,Linkin Park,23,4,5
2024-11-09,19,Alibi,"Sevdaliza , Pabllo Vittar & Yseult",19,5,16
2024-11-09,20,Spider,GIMS & DYSTINCT,20,6,22
2024-11-09,21,The Door,Teddy Swims,-,21,1
2024-11-09,22,Timeless,The Weeknd & Playboi Carti,15,3,5
2024-11-09,23,"Good Luck, Babe!",Chappell Roan,24,16,10
2024-11-09,24,I Like The Way You Kiss Me,Artemas,-,1,28
2024-11-09,25,Stargazing,Myles Smith,-,9,21
2024-11-16,1,Sou Baiana,Rubby,1,1,3
2024-11-16,2,La Luna,Rubby,-,2,1
2024-11-16,3,Die With A Smile,Lady Gaga & Bruno Mars,2,1,12
2024-11-16,4,Move,"Adam Port, Stryv & Camila Cabello Feat. Malachiii",3,1,21
2024-11-16,5,The Emptiness Machine,Linkin Park,4,1,9
2024-11-16,6,Birds Of A Feather,Billie Eilish,6,2,25
2024-11-16,7,APT.,ROSE & Bruno Mars,5,5,3
2024-11-16,8,Beautiful Things,Benson Boone,7,1,42
2024-11-16,9,Sao Paulo,The Weeknd & Anitta,-,9,1
2024-11-16,10,Cartier Santos,SDM,8,5,5
2024-11-16,11,I Adore You,HUGEL X Topic X Arash Featuring Daecolm,10,6,11
2024-11-16,12,Sois Pas Timide,GIMS,14,12,14
2024-11-16,13,Si Antes Te Hubiera Conocido,Karol G,9,5,15
2024-11-16,14,Lose Control,Teddy Swims,11,1,45
2024-11-16,15,Spider,GIMS & DYSTINCT,20,6,23
2024-11-16,16,That's So True,Gracie Abrams,-,16,1
2024-11-16,17,Sailor Song,Gigi Perez,17,17,3
2024-11-16,18,Espresso,Sabrina Carpenter,13,2,29
2024-11-16,19,A Bar Song (Tipsy),Shaboozey,15,10,25
2024-11-16,20,Pour Elle,SDM,12,6,6
2024-11-16,21,Wildflower,Billie Eilish,-,20,2
2024-11-16,22,Timeless,The Weeknd & Playboi Carti,22,3,6
2024-11-16,23,Alibi,"Sevdaliza , Pabllo Vittar & Yseult",19,5,17
2024-11-16,24,Another Love,Tom Odell,-,4,85
2024-11-16,25,"Good Luck, Babe!",Chappell Roan,23,16,11
2024-11-23,1,Die With A Smile,Lady Gaga & Bruno Mars,3,1,13
2024-11-23,2,The Emptiness Machine,Linkin Park,5,1,10
2024-11-23,3,Birds Of A Feather,Billie Eilish,6,2,26
2024-11-23,4,APT.,ROSE & Bruno Mars,7,4,4
2024-11-23,5,Move,"Adam Port, Stryv & Camila Cabello Feat. Malachiii",4,1,22
2024-11-23,6,That's So True,Gracie Abrams,16,6,2
2024-11-23,7,Beautiful Things,Benson Boone,8,1,43
2024-11-23,8,Sois Pas Timide,GIMS,12,8,15
2024-11-23,9,I Adore You,HUGEL X Topic X Arash Featuring Daecolm,11,6,12
2024-11-23,10,Probation,Gazo,-,10,1
2024-11-23,11,Lose Control,Teddy Swims,14,1,46
2024-11-23,12,Spider,GIMS & DYSTINCT,15,6,24
2024-11-23,13,Sailor Song,Gigi Perez,17,13,4
2024-11-23,14,Si Antes Te Hubiera Conocido,Karol G,13,5,16
2024-11-23,15,Cartier Santos,SDM,10,5,6
2024-11-23,16,Wildflower,Billie Eilish,21,16,3
2024-11-23,17,Timeless,The Weeknd & Playboi Carti,22,3,7
2024-11-23,18,Espresso,Sabrina Carpenter,18,2,30
2024-11-23,19,Sao Paulo,The Weeknd & Anitta,9,9,2
2024-11-23,20,Heavy Is The Crown,Linkin Park,-,4,6
2024-11-23,21,A Bar Song (Tipsy),Shaboozey,19,10,26
2024-11-23,22,Another Love,Tom Odell,24,4,86
2024-11-23,23,Pour Elle,SDM,20,6,7
2024-11-23,24,The Door,Teddy Swims,-,21,2
2024-11-23,25,Bad Dreams,Teddy Swims,-,25,1
2024-11-30,1,The Emptiness Machine,Linkin Park,2,1,11
2024-11-30,2,Die With A Smile,Lady Gaga & Bruno Mars,1,1,14
2024-11-30,3,APT.,ROSE & Bruno Mars,4,3,5
2024-11-30,4,Heavy Is The Crown,Linkin Park,20,4,7
2024-11-30,5,That's So True,Gracie Abrams,6,5,3
2024-11-30,6,Birds Of A Feather,Billie Eilish,3,2,27
2024-11-30,7,Two Faced,Linkin Park,-,7,1
2024-11-30,8,Beautiful Things,Benson Boone,7,1,44
2024-11-30,9,All I Want For Christmas Is You,Mariah Carey,-,1,14
2024-11-30,10,I Adore You,HUGEL X Topic X Arash Featuring Daecolm,9,6,13
2024-11-30,11,Move,"Adam Port, Stryv & Camila Cabello Feat. Malachiii",5,1,23
2024-11-30,12,Last Christmas,Wham!,-,1,13
2024-11-30,13,Over Each Other,Linkin Park,-,13,1
2024-11-30,14,Cut The Bridge,Linkin Park,-,14,1
2024-11-30,15,Sois Pas Timide,GIMS,8,8,16
2024-11-30,16,Probation,Gazo,10,10,2
2024-11-30,17,Lose Control,Teddy Swims,11,1,47
2024-11-30,18,Timeless,The Weeknd & Playboi Carti,17,3,8
2024-11-30,19,Si Antes Te Hubiera Conocido,Karol G,14,5,17
2024-11-30,20,Sailor Song,Gigi Perez,13,13,5
2024-11-30,21,Spider,GIMS & DYSTINCT,12,6,25
2024-11-30,22,Wildflower,Billie Eilish,16,16,4
2024-11-30,23,Fata Morgana,Nina Chuba,-,23,1
2024-11-30,24,Stained,Linkin Park,-,24,1
2024-11-30,25,Alpha,Damso Featuring Kalash,-,25,1
2024-12-07,1,APT.,ROSE & Bruno Mars,3,1,6
2024-12-07,2,All I Want For Christmas Is You,Mariah Carey,9,1,15
2024-12-07,3,Die With A Smile,Lady Gaga & Bruno Mars,2,1,15
2024-12-07,4,Last Christmas,Wham!,12,1,14
2024-12-07,5,The Emptiness Machine,Linkin Park,1,1,12
2024-12-07,6,Ma Meilleure Ennemie,Stromae & Pomme,-,6,1
2024-12-07,7,That's So True,Gracie Abrams,5,5,4
2024-12-07,8,Birds Of A Feather,Billie Eilish,6,2,28
2024-12-07,9,Beautiful Things,Benson Boone,8,1,45
2024-12-07,10,Rockin' Around The Christmas Tree,Brenda Lee,-,2,11
2024-12-07,11,Jingle Bell Rock,Bobby Helms,-,5,11
2024-12-07,12,Sois Pas Timide,GIMS,15,8,17
2024-12-07,13,Move,"Adam Port, Stryv & Camila Cabello Feat. Malachiii",11,1,24
2024-12-07,14,I Adore You,HUGEL X Topic X Arash Featuring Daecolm,10,6,14
2024-12-07,15,Probation,Gazo,16,10,3
2024-12-07,16,Let It Snow! Let It Snow! Let It Snow!,Dean Martin,-,4,11
2024-12-07,17,TV Off,Kendrick Lamar Featuring Lefty Gunplay,-,17,1
2024-12-07,18,Snowman,Sia,-,6,10
2024-12-07,19,Squabble Up,Kendrick Lamar,-,19,1
2024-12-07,20,Timeless,The Weeknd & Playboi Carti,18,3,9
2024-12-07,21,Luther,Kendrick Lamar & SZA,-,21,1
2024-12-07,22,Santa Tell Me,Ariana Grande,-,8,11
2024-12-07,23,Lose Control,Teddy Swims,17,1,48
2024-12-07,24,Heavy Is The Crown,Linkin Park,4,4,8
2024-12-07,25,Wacced Out Murals,Kendrick Lamar,-,25,1
2024-12-14,1,Nanani Nanana,Gazo,-,1,1
2024-12-14,2,Last Christmas,Wham!,4,1,15
2024-12-14,3,All I Want For Christmas Is You,Mariah Carey,2,1,16
2024-12-14,4,Ma Meilleure Ennemie,Stromae & Pomme,6,4,2
2024-12-14,5,APT.,ROSE & Bruno Mars,1,1,7
2024-12-14,6,Rockin' Around The Christmas Tree,Brenda Lee,10,2,12
2024-12-14,7,Die With A Smile,Lady Gaga & Bruno Mars,3,1,16
2024-12-14,8,Jingle Bell Rock,Bobby Helms,11,5,12
2024-12-14,9,Let It Snow! Let It Snow! Let It Snow!,Dean Martin,16,4,12
2024-12-14,10,Snowman,Sia,18,6,11
2024-12-14,11,Santa Tell Me,Ariana Grande,22,8,12
2024-12-14,12,The Emptiness Machine,Linkin Park,5,1,13
2024-12-14,13,It's Beginning To Look A Lot Like Christmas,Michael Buble,-,4,11
2024-12-14,14,It's The Most Wonderful Time Of The Year,Andy Williams,-,7,10
2024-12-14,15,Birds Of A Feather,Billie Eilish,8,2,29
2024-12-14,16,Underneath The Tree,Kelly Clarkson,-,13,9
2024-12-14,17,That's So True,Gracie Abrams,7,5,5
2024-12-14,18,Probation,Gazo,15,10,4
2024-12-14,19,Holly Jolly Christmas,Michael Buble,-,11,9
2024-12-14,20,Feliz Navidad,Jose Feliciano,-,8,9
2024-12-14,21,Beautiful Things,Benson Boone,9,1,46
2024-12-14,22,Sois Pas Timide,GIMS,12,8,18
2024-12-14,23,I Adore You,HUGEL X Topic X Arash Featuring Daecolm,14,6,15
2024-12-14,24,Move,"Adam Port, Stryv & Camila Cabello Feat. Malachiii",13,1,25
2024-12-14,25,Sleigh Ride,The Ronettes,-,11,8
2024-12-21,1,Last Christmas,Wham!,2,1,16
2024-12-21,2,All I Want For Christmas Is You,Mariah Carey,3,1,17
2024-12-21,3,Nanani Nanana,Gazo,1,1,2
2024-12-21,4,APT.,ROSE & Bruno Mars,5,1,8
2024-12-21,5,Jingle Bell Rock,Bobby Helms,8,5,13
2024-12-21,6,Rockin' Around The Christmas Tree,Brenda Lee,6,2,13
2024-12-21,7,Die With A Smile,Lady Gaga & Bruno Mars,7,1,17
2024-12-21,8,Let It Snow! Let It Snow! Let It Snow!,Dean Martin,9,4,13
2024-12-21,9,Snowman,Sia,10,6,12
2024-12-21,10,Santa Tell Me,Ariana Grande,11,8,13
2024-12-21,11,It's Beginning To Look A Lot Like Christmas,Michael Buble,13,4,12
2024-12-21,12,Ma Meilleure Ennemie,Stromae & Pomme,4,4,3
2024-12-21,13,It's The Most Wonderful Time Of The Year,Andy Williams,14,7,11
2024-12-21,14,Underneath The Tree,Kelly Clarkson,16,13,10
2024-12-21,15,The Emptiness Machine,Linkin Park,12,1,14
2024-12-21,16,Birds Of A Feather,Billie Eilish,15,2,30
2024-12-21,17,That's So True,Gracie Abrams,17,5,6
2024-12-21,18,Holly Jolly Christmas,Michael Buble,19,11,10
2024-12-21,19,Feliz Navidad,Jose Feliciano,20,8,10
2024-12-21,20,Beautiful Things,Benson Boone,21,1,47
2024-12-21,21,Butcher,Sosa La M / Luciano,-,21,1
2024-12-21,22,Move,"Adam Port, Stryv & Camila Cabello Feat. Malachiii",24,1,26
2024-12-21,23,Sleigh Ride,The Ronettes,25,11,9
2024-12-21,24,I Adore You,HUGEL X Topic X Arash Featuring Daecolm,23,6,16
2024-12-21,25,Lose Control,Teddy Swims,-,1,49
2024-12-28,1,Last Christmas,Wham!,1,1,17
2024-12-28,2,All I Want For Christmas Is You,Mariah Carey,2,1,18
2024-12-28,3,APT.,ROSE & Bruno Mars,4,1,9
2024-12-28,4,Jingle Bell Rock,Bobby Helms,5,4,14
2024-12-28,5,Nanani Nanana,Gazo,3,1,3
2024-12-28,6,Rockin' Around The Christmas Tree,Brenda Lee,6,2,14
2024-12-28,7,Die With A Smile,Lady Gaga & Bruno Mars,7,1,18
2024-12-28,8,Snowman,Sia,9,6,13
2024-12-28,9,Let It Snow! Let It Snow! Let It Snow!,Dean Martin,8,4,14
2024-12-28,10,Santa Tell Me,Ariana Grande,10,8,14
2024-12-28,11,It's Beginning To Look A Lot Like Christmas,Michael Buble,11,4,13
2024-12-28,12,It's The Most Wonderful Time Of The Year,Andy Williams,13,7,12
2024-12-28,13,Feliz Navidad,Jose Feliciano,19,8,11
2024-12-28,14,Underneath The Tree,Kelly Clarkson,14,13,11
2024-12-28,15,Holly Jolly Christmas,Michael Buble,18,11,11
2024-12-28,16,That's So True,Gracie Abrams,17,5,7
2024-12-28,17,The Emptiness Machine,Linkin Park,15,1,15
2024-12-28,18,Birds Of A Feather,Billie Eilish,16,2,31
2024-12-28,19,Beautiful Things,Benson Boone,20,1,48
2024-12-28,20,Sleigh Ride,The Ronettes,23,11,10
2024-12-28,21,Ma Meilleure Ennemie,Stromae & Pomme,12,4,4
2024-12-28,22,Merry Christmas,Ed Sheeran & Elton John,-,20,2
2024-12-28,23,Wonderful Christmastime,Paul McCartney,-,19,3
2024-12-28,24,Move,"Adam Port, Stryv & Camila Cabello Feat. Malachiii",22,1,27
2024-12-28,25,Timeless,The Weeknd & Playboi Carti,-,3,10
2025-01-04,1,Last Christmas,Wham!,1,1,18
2025-01-04,2,All I Want For Christmas Is You,Mariah Carey,2,1,19
2025-01-04,3,Rockin' Around The Christmas Tree,Brenda Lee,6,2,15
2025-01-04,4,Jingle Bell Rock,Bobby Helms,4,4,15
2025-01-04,5,Snowman,Sia,8,5,14
2025-01-04,6,Let It Snow! Let It Snow! Let It Snow!,Dean Martin,9,4,15
2025-01-04,7,Santa Tell Me,Ariana Grande,10,7,15
2025-01-04,8,It's Beginning To Look A Lot Like Christmas,Michael Buble,11,4,14
2025-01-04,9,Underneath The Tree,Kelly Clarkson,14,9,12
2025-01-04,10,It's The Most Wonderful Time Of The Year,Andy Williams,12,7,13
2025-01-04,11,Feliz Navidad,Jose Feliciano,13,8,12
2025-01-04,12,Holly Jolly Christmas,Michael Buble,15,11,12
2025-01-04,13,Sleigh Ride,The Ronettes,20,11,11
2025-01-04,14,Merry Christmas,Ed Sheeran & Elton John,22,14,3
2025-01-04,15,APT.,ROSE & Bruno Mars,3,1,10
2025-01-04,16,The Christmas Song (Merry Christmas To You),"Nat ""King"" Cole",-,16,2
2025-01-04,17,Wonderful Christmastime,Paul McCartney,23,17,4
2025-01-04,18,Mistletoe,Justin Bieber,-,14,8
2025-01-04,19,Happy Xmas (War Is Over),John & Yoko/The Plastic Ono Band With The Harlem Community Choir,-,15,5
2025-01-04,20,Die With A Smile,Lady Gaga & Bruno Mars,7,1,19
2025-01-04,21,Nanani Nanana,Gazo,5,1,4
2025-01-04,22,Do They Know It's Christmas?,Band Aid,-,22,2
2025-01-04,23,Merry Christmas Everyone,Shakin' Stevens,-,18,2
2025-01-04,24,Winter Wonderland,Laufey,-,24,1
2025-01-04,25,Driving Home For Christmas,Chris Rea,-,14,4
2025-01-11,1,APT.,ROSE & Bruno Mars,15,1,11
2025-01-11,2,Die With A Smile,Lady Gaga & Bruno Mars,20,1,20
2025-01-11,3,Birds Of A Feather,Billie Eilish,-,2,32
2025-01-11,4,Nanani Nanana,Gazo,21,1,5
2025-01-11,5,That's So True,Gracie Abrams,-,5,8
2025-01-11,6,Beautiful Things,Benson Boone,-,1,49
2025-01-11,7,Move,"Adam Port, Stryv & Camila Cabello Feat. Malachiii",-,1,28
2025-01-11,8,The Emptiness Machine,Linkin Park,-,1,16
2025-01-11,9,I Adore You,HUGEL X Topic X Arash Featuring Daecolm,-,6,17
2025-01-11,10,Seven,Jung Kook Featuring Latto,-,5,3
2025-01-11,11,Espresso,Sabrina Carpenter,-,2,31
2025-01-11,12,Lose Control,Teddy Swims,-,1,50
2025-01-11,13,Timeless,The Weeknd & Playboi Carti,-,3,11
2025-01-11,14,Sois Pas Timide,GIMS,-,8,19
2025-01-11,15,Messy,Lola Young,-,15,1
2025-01-11,16,Ma Meilleure Ennemie,Stromae & Pomme,-,4,5
2025-01-11,17,Si Antes Te Hubiera Conocido,Karol G,-,5,18
2025-01-11,18,Bad Dreams,Teddy Swims,-,18,2
2025-01-11,19,A Bar Song (Tipsy),Shaboozey,-,10,27
2025-01-11,20,Sailor Song,Gigi Perez,-,13,6
2025-01-11,21,Spider,GIMS & DYSTINCT,-,6,26
2025-01-11,22,4 Kampe,Joe Dwet File,-,22,1
2025-01-11,23,The Door,Teddy Swims,-,21,3
2025-01-11,24,"Good Luck, Babe!",Chappell Roan,-,16,12
2025-01-11,25,Too Sweet,Hozier,-,6,27
2025-01-18,1,APT.,ROSE & Bruno Mars,1,1,12
2025-01-18,2,Die With A Smile,Lady Gaga & Bruno Mars,2,1,21
2025-01-18,3,That's So True,Gracie Abrams,5,3,9
2025-01-18,4,Birds Of A Feather,Billie Eilish,3,2,33
2025-01-18,5,Nanani Nanana,Gazo,4,1,6
2025-01-18,6,Messy,Lola Young,15,6,2
2025-01-18,7,The Emptiness Machine,Linkin Park,8,1,17
2025-01-18,8,Move,"Adam Port, Stryv & Camila Cabello Feat. Malachiii",7,1,29
2025-01-18,9,I Adore You,HUGEL X Topic X Arash Featuring Daecolm,9,6,18
2025-01-18,10,Timeless,The Weeknd & Playboi Carti,13,3,12
2025-01-18,11,Lose Control,Teddy Swims,12,1,51
2025-01-18,12,Ma Meilleure Ennemie,Stromae & Pomme,16,4,6
2025-01-18,13,Beautiful Things,Benson Boone,6,1,50
2025-01-18,14,Sois Pas Timide,GIMS,14,8,20
2025-01-18,15,Bad Dreams,Teddy Swims,18,15,3
2025-01-18,16,Sailor Song,Gigi Perez,20,13,7
2025-01-18,17,Si Antes Te Hubiera Conocido,Karol G,17,5,19
2025-01-18,18,Espresso,Sabrina Carpenter,11,2,32
2025-01-18,19,4 Kampe,Joe Dwet File,22,19,2
2025-01-18,20,The Door,Teddy Swims,23,20,4
2025-01-18,21,Spider,GIMS & DYSTINCT,21,6,27
2025-01-18,22,A Bar Song (Tipsy),Shaboozey,19,10,28
2025-01-18,23,Wildflower,Billie Eilish,-,16,5
2025-01-18,24,"Good Luck, Babe!",Chappell Roan,24,16,13
2025-01-18,25,Too Sweet,Hozier,25,6,28
2025-01-25,1,DTMF,Bad Bunny,-,1,1
2025-01-25,2,APT.,ROSE & Bruno Mars,1,1,13
2025-01-25,3,Die With A Smile,Lady Gaga & Bruno Mars,2,1,22
2025-01-25,4,Nuevayol,Bad Bunny,-,4,1
2025-01-25,5,That's So True,Gracie Abrams,3,3,10
2025-01-25,6,Baile Inolvidable,Bad Bunny,-,6,1
2025-01-25,7,Messy,Lola Young,6,6,3
2025-01-25,8,Birds Of A Feather,Billie Eilish,4,2,34
2025-01-25,9,Nanani Nanana,Gazo,5,1,7
2025-01-25,10,The Emptiness Machine,Linkin Park,7,1,18
2025-01-25,11,Sabia Que No,reezy,-,11,1
2025-01-25,12,I Adore You,HUGEL X Topic X Arash Featuring Daecolm,9,6,19
2025-01-25,13,Bad Dreams,Teddy Swims,15,13,4
2025-01-25,14,Timeless,The Weeknd & Playboi Carti,10,3,13
2025-01-25,15,Voy A Llevarte Pa PR,Bad Bunny,-,15,1
2025-01-25,16,Move,"Adam Port, Stryv & Camila Cabello Feat. Malachiii",8,1,30
2025-01-25,17,Lose Control,Teddy Swims,11,1,52
2025-01-25,18,Si Antes Te Hubiera Conocido,Karol G,17,5,20
2025-01-25,19,Sois Pas Timide,GIMS,14,8,21
2025-01-25,20,Ma Meilleure Ennemie,Stromae & Pomme,12,4,7
2025-01-25,21,Beautiful Things,Benson Boone,13,1,51
2025-01-25,22,Sailor Song,Gigi Perez,16,13,8
2025-01-25,23,Espresso,Sabrina Carpenter,18,2,33
2025-01-25,24,4 Kampe,Joe Dwet File,19,19,3
2025-01-25,25,Weltita,Bad Bunny & Chuwi,-,25,1
2025-02-01,1,DTMF,Bad Bunny,1,1,2
2025-02-01,2,APT.,ROSE & Bruno Mars,2,1,14
2025-02-01,3,Die With A Smile,Lady Gaga & Bruno Mars,3,1,23
2025-02-01,4,Nuevayol,Bad Bunny,4,4,2
2025-02-01,5,Baile Inolvidable,Bad Bunny,6,5,2
2025-02-01,6,That's So True,Gracie Abrams,5,3,11
2025-02-01,7,Messy,Lola Young,7,6,4
2025-02-01,8,Birds Of A Feather,Billie Eilish,8,2,35
2025-02-01,9,Nanani Nanana,Gazo,9,1,8
2025-02-01,10,The Emptiness Machine,Linkin Park,10,1,19
2025-02-01,11,Voy A Llevarte Pa PR,Bad Bunny,15,11,2
2025-02-01,12,I Adore You,HUGEL X Topic X Arash Featuring Daecolm,12,6,20
2025-02-01,13,Si Antes Te Hubiera Conocido,Karol G,18,5,21
2025-02-01,14,Bad Dreams,Teddy Swims,13,13,5
2025-02-01,15,Lose Control,Teddy Swims,17,1,53
2025-02-01,16,Sailor Song,Gigi Perez,22,13,9
2025-02-01,17,Timeless,The Weeknd & Playboi Carti,14,3,14
2025-02-01,18,Move,"Adam Port, Stryv & Camila Cabello Feat. Malachiii",16,1,31
2025-02-01,19,Beautiful Things,Benson Boone,21,1,52
2025-02-01,20,Gesegnet,Apache 207 & Luciano,-,20,1
2025-02-01,21,GBP,Central Cee Featuring 21 Savage,-,21,1
2025-02-01,22,Ma Meilleure Ennemie,Stromae & Pomme,20,4,8
2025-02-01,23,Sabia Que No,reezy,11,11,2
2025-02-01,24,Sois Pas Timide,GIMS,19,8,22
2025-02-01,25,4 Kampe,Joe Dwet File,24,19,4
2025-02-08,1,DTMF,Bad Bunny,1,1,3
2025-02-08,2,APT.,ROSE & Bruno Mars,2,1,15
2025-02-08,3,Die With A Smile,Lady Gaga & Bruno Mars,3,1,24
2025-02-08,4,Messy,Lola Young,7,4,5
2025-02-08,5,Nuevayol,Bad Bunny,4,4,3
2025-02-08,6,That's So True,Gracie Abrams,6,3,12
2025-02-08,7,Baile Inolvidable,Bad Bunny,5,5,3
2025-02-08,8,Birds Of A Feather,Billie Eilish,8,2,36
2025-02-08,9,The Emptiness Machine,Linkin Park,10,1,20
2025-02-08,10,I Adore You,HUGEL X Topic X Arash Featuring Daecolm,12,6,21
2025-02-08,11,Nanani Nanana,Gazo,9,1,9
2025-02-08,12,La Poupee Monte Le Son,Laura Thorn,-,12,1
2025-02-08,13,GBP,Central Cee Featuring 21 Savage,21,13,2
2025-02-08,14,4X4,Travis Scott,-,14,1
2025-02-08,15,Timeless,The Weeknd & Playboi Carti,17,3,15
2025-02-08,16,Voy A Llevarte Pa PR,Bad Bunny,11,11,3
2025-02-08,17,Move,"Adam Port, Stryv & Camila Cabello Feat. Malachiii",18,1,32
2025-02-08,18,Bad Dreams,Teddy Swims,14,13,6
2025-02-08,19,Si Antes Te Hubiera Conocido,Karol G,13,5,22
2025-02-08,20,Lose Control,Teddy Swims,15,1,54
2025-02-08,21,Sailor Song,Gigi Perez,16,13,10
2025-02-08,22,Sois Pas Timide,GIMS,24,8,23
2025-02-08,23,Beautiful Things,Benson Boone,19,1,53
2025-02-08,24,Seven,Jung Kook Featuring Latto,-,5,4
2025-02-08,25,CRG,Central Cee & Dave,-,25,1
2025-02-15,1,APT.,ROSE & Bruno Mars,2,1,16
2025-02-15,2,DTMF,Bad Bunny,1,1,4
2025-02-15,3,Die With A Smile,Lady Gaga & Bruno Mars,3,1,25
2025-02-15,4,Messy,Lola Young,4,4,6
2025-02-15,5,Birds Of A Feather,Billie Eilish,8,2,37
2025-02-15,6,That's So True,Gracie Abrams,6,3,13
2025-02-15,7,Nuevayol,Bad Bunny,5,4,4
2025-02-15,8,Cry For Me,The Weeknd,-,8,1
2025-02-15,9,Timeless,The Weeknd & Playboi Carti,15,3,16
2025-02-15,10,Beautiful Things,Benson Boone,23,1,54
2025-02-15,11,The Emptiness Machine,Linkin Park,9,1,21
2025-02-15,12,Sao Paulo,The Weeknd & Anitta,-,9,3
2025-02-15,13,CIEL,GIMS,-,13,1
2025-02-15,14,I Adore You,HUGEL X Topic X Arash Featuring Daecolm,10,6,22
2025-02-15,15,Baile Inolvidable,Bad Bunny,7,5,4
2025-02-15,16,Bad Dreams,Teddy Swims,18,13,7
2025-02-15,17,Sois Pas Timide,GIMS,22,8,24
2025-02-15,18,Si Antes Te Hubiera Conocido,Karol G,19,5,23
2025-02-15,19,Lose Control,Teddy Swims,20,1,55
2025-02-15,20,Move,"Adam Port, Stryv & Camila Cabello Feat. Malachiii",17,1,33
2025-02-15,21,Sailor Song,Gigi Perez,21,13,11
2025-02-15,22,Nanani Nanana,Gazo,11,1,10
2025-02-15,23,Spider,GIMS & DYSTINCT,-,6,28
2025-02-15,24,Seven,Jung Kook Featuring Latto,24,5,5
2025-02-15,25,Voy A Llevarte Pa PR,Bad Bunny,16,11,4
2025-02-22,1,APT.,ROSE & Bruno Mars,1,1,17
2025-02-22,2,Not Like Us,Kendrick Lamar,-,2,13
2025-02-22,3,DTMF,Bad Bunny,2,1,5
2025-02-22,4,Die With A Smile,Lady Gaga & Bruno Mars,3,1,26
2025-02-22,5,Messy,Lola Young,4,4,7
2025-02-22,6,Birds Of A Feather,Billie Eilish,5,2,38
2025-02-22,7,Beautiful Things,Benson Boone,10,1,55
2025-02-22,8,Abracadabra,Lady Gaga,-,8,1
2025-02-22,9,That's So True,Gracie Abrams,6,3,14
2025-02-22,10,Nuevayol,Bad Bunny,7,4,5
2025-02-22,11,All The Stars,Kendrick Lamar & SZA,-,11,1
2025-02-22,12,Timeless,The Weeknd & Playboi Carti,9,3,17
2025-02-22,13,I Adore You,HUGEL X Topic X Arash Featuring Daecolm,14,6,23
2025-02-22,14,TV Off,Kendrick Lamar Featuring Lefty Gunplay,-,14,2
2025-02-22,15,The Emptiness Machine,Linkin Park,11,1,22
2025-02-22,16,CIEL,GIMS,13,13,2
2025-02-22,17,Luther,Kendrick Lamar & SZA,-,17,2
2025-02-22,18,Bad Dreams,Teddy Swims,16,13,8
2025-02-22,19,Cry For Me,The Weeknd,8,8,2
2025-02-22,20,Lose Control,Teddy Swims,19,1,56
2025-02-22,21,Wildflower,Billie Eilish,-,16,6
2025-02-22,22,Baile Inolvidable,Bad Bunny,15,5,5
2025-02-22,23,Sailor Song,Gigi Perez,21,13,12
2025-02-22,24,Si Antes Te Hubiera Conocido,Karol G,18,5,24
2025-02-22,25,Move,"Adam Port, Stryv & Camila Cabello Feat. Malachiii",20,1,34
2025-03-01,1,APT.,ROSE & Bruno Mars,1,1,18
2025-03-01,2,Not Like Us,Kendrick Lamar,2,2,14
2025-03-01,3,Die With A Smile,Lady Gaga & Bruno Mars,4,1,27
2025-03-01,4,DTMF,Bad Bunny,3,1,6
2025-03-01,5,Messy,Lola Young,5,4,8
2025-03-01,6,All The Stars,Kendrick Lamar & SZA,11,6,2
2025-03-01,7,Beautiful Things,Benson Boone,7,1,56
2025-03-01,8,Birds Of A Feather,Billie Eilish,6,2,39
2025-03-01,9,That's So True,Gracie Abrams,9,3,15
2025-03-01,10,Luther,Kendrick Lamar & SZA,17,10,3
2025-03-01,11,TV Off,Kendrick Lamar Featuring Lefty Gunplay,14,11,3
2025-03-01,12,Bad Dreams,Teddy Swims,18,12,9
2025-03-01,13,I Adore You,HUGEL X Topic X Arash Featuring Daecolm,13,6,24
2025-03-01,14,CIEL,GIMS,16,13,3
2025-03-01,15,The Emptiness Machine,Linkin Park,15,1,23
2025-03-01,16,Wackelkontakt,Oimara,-,16,1
2025-03-01,17,Abracadabra,Lady Gaga,8,8,2
2025-03-01,18,Lose Control,Teddy Swims,20,1,57
2025-03-01,19,Nuevayol,Bad Bunny,10,4,6
2025-03-01,20,Timeless,The Weeknd & Playboi Carti,12,3,18
2025-03-01,21,Si Antes Te Hubiera Conocido,Karol G,24,5,25
2025-03-01,22,Move,"Adam Port, Stryv & Camila Cabello Feat. Malachiii",25,1,35
2025-03-01,23,Sois Pas Timide,GIMS,-,8,25
2025-03-01,24,Sailor Song,Gigi Perez,23,13,13
2025-03-01,25,Espresso,Sabrina Carpenter,-,2,34
2025-03-08,1,APT.,ROSE & Bruno Mars,1,1,19
2025-03-08,2,Die With A Smile,Lady Gaga & Bruno Mars,3,1,28
2025-03-08,3,Not Like Us,Kendrick Lamar,2,2,15
2025-03-08,4,Messy,Lola Young,5,4,9
2025-03-08,5,DTMF,Bad Bunny,4,1,7
2025-03-08,6,Wackelkontakt,Oimara,16,6,2
2025-03-08,7,CIEL,GIMS,14,7,4
2025-03-08,8,Birds Of A Feather,Billie Eilish,8,2,40
2025-03-08,9,That's So True,Gracie Abrams,9,3,16
2025-03-08,10,Beautiful Things,Benson Boone,7,1,57
2025-03-08,11,Wie?,AYLIVA,-,11,1
2025-03-08,12,All The Stars,Kendrick Lamar & SZA,6,6,3
2025-03-08,13,I Adore You,HUGEL X Topic X Arash Featuring Daecolm,13,6,25
2025-03-08,14,Bad Dreams,Teddy Swims,12,12,10
2025-03-08,15,Pelican,L2B,-,15,1
2025-03-08,16,Tau Mich Auf,Zartmann,-,16,1
2025-03-08,17,Luther,Kendrick Lamar & SZA,10,10,4
2025-03-08,18,The Emptiness Machine,Linkin Park,15,1,24
2025-03-08,19,Abracadabra,Lady Gaga,17,8,3
2025-03-08,20,Northside,Sosa La M,-,20,1
2025-03-08,21,Sois Pas Timide,GIMS,23,8,26
2025-03-08,22,TV Off,Kendrick Lamar Featuring Lefty Gunplay,11,11,4
2025-03-08,23,Lose Control,Teddy Swims,18,1,58
2025-03-08,24,Move,"Adam Port, Stryv & Camila Cabello Feat. Malachiii",22,1,36
2025-03-08,25,Si Antes Te Hubiera Conocido,Karol G,21,5,26
2025-03-15,1,APT.,ROSE & Bruno Mars,1,1,20
2025-03-15,2,Wackelkontakt,Oimara,6,2,3
2025-03-15,3,Die With A Smile,Lady Gaga & Bruno Mars,2,1,29
2025-03-15,4,Messy,Lola Young,4,4,10
2025-03-15,5,DTMF,Bad Bunny,5,1,8
2025-03-15,6,CIEL,GIMS,7,6,5
2025-03-15,7,Not Like Us,Kendrick Lamar,3,2,16
2025-03-15,8,Beautiful Things,Benson Boone,10,1,58
2025-03-15,9,NINAO,GIMS,-,9,1
2025-03-15,10,That's So True,Gracie Abrams,9,3,17
2025-03-15,11,Birds Of A Feather,Billie Eilish,8,2,41
2025-03-15,12,A N X I E T Y,Sleepy Hallow Featuring Doechii,-,12,1
2025-03-15,13,I Adore You,HUGEL X Topic X Arash Featuring Daecolm,13,6,26
2025-03-15,14,The Emptiness Machine,Linkin Park,18,1,25
2025-03-15,15,Bad Dreams,Teddy Swims,14,12,11
2025-03-15,16,Move,"Adam Port, Stryv & Camila Cabello Feat. Malachiii",24,1,37
2025-03-15,17,Tau Mich Auf,Zartmann,16,16,2
2025-03-15,18,All The Stars,Kendrick Lamar & SZA,12,6,4
2025-03-15,19,Sois Pas Timide,GIMS,21,8,27
2025-03-15,20,Si Antes Te Hubiera Conocido,Karol G,25,5,27
2025-03-15,21,Abracadabra,Lady Gaga,19,8,4
2025-03-15,22,Lose Control,Teddy Swims,23,1,59
2025-03-15,23,Wie?,AYLIVA,11,11,2
2025-03-15,24,Pelican,L2B,15,15,2
2025-03-15,25,Spider,GIMS & DYSTINCT,-,6,29
2025-03-22,1,APT.,ROSE & Bruno Mars,1,1,21
2025-03-22,2,Die With A Smile,Lady Gaga & Bruno Mars,3,1,30
2025-03-22,3,Messy,Lola Young,4,3,11
2025-03-22,4,Wackelkontakt,Oimara,2,2,4
2025-03-22,5,DTMF,Bad Bunny,5,1,9
2025-03-22,6,NINAO,GIMS,9,6,2
2025-03-22,7,Anxiety,Doechii,-,7,1
2025-03-22,8,Beautiful Things,Benson Boone,8,1,59
2025-03-22,9,CIEL,GIMS,6,6,6
2025-03-22,10,Not Like Us,Kendrick Lamar,7,2,17
2025-03-22,11,A N X I E T Y,Sleepy Hallow Featuring Doechii,12,11,2
2025-03-22,12,Mussulo,DJ Malvado & DJ Aka-m Featuring Dody,-,12,1
2025-03-22,13,That's So True,Gracie Abrams,10,3,18
2025-03-22,14,Birds Of A Feather,Billie Eilish,11,2,42
2025-03-22,15,I Adore You,HUGEL X Topic X Arash Featuring Daecolm,13,6,27
2025-03-22,16,Abracadabra,Lady Gaga,21,8,5
2025-03-22,17,The Emptiness Machine,Linkin Park,14,1,26
2025-03-22,18,Bad Dreams,Teddy Swims,15,12,12
2025-03-22,19,Show Me Love,WizTheMc,-,19,1
2025-03-22,20,Ordinary,Alex Warren,-,20,1
2025-03-22,21,Tau Mich Auf,Zartmann,17,16,3
2025-03-22,22,Sois Pas Timide,GIMS,19,8,28
2025-03-22,23,Move,"Adam Port, Stryv & Camila Cabello Feat. Malachiii",16,1,38
2025-03-22,24,Lose Control,Teddy Swims,22,1,60
2025-03-22,25,All The Stars,Kendrick Lamar & SZA,18,6,5
2025-03-29,1,APT.,ROSE & Bruno Mars,1,1,22
2025-03-29,2,Anxiety,Doechii,7,2,2
2025-03-29,3,Evil J0rdan,Playboi Carti,-,3,1
2025-03-29,4,Messy,Lola Young,3,3,12
2025-03-29,5,Mussulo,DJ Malvado & DJ Aka-m Featuring Dody,12,5,2
2025-03-29,6,Die With A Smile,Lady Gaga & Bruno Mars,2,1,31
2025-03-29,7,Ordinary,Alex Warren,20,7,2
2025-03-29,8,NINAO,GIMS,6,6,3
2025-03-29,9,DTMF,Bad Bunny,5,1,10
2025-03-29,10,Wackelkontakt,Oimara,4,2,5
2025-03-29,11,Beautiful Things,Benson Boone,8,1,60
2025-03-29,12,Rather Lie,Playboi Carti & The Weeknd,-,12,1
2025-03-29,13,CIEL,GIMS,9,6,7
2025-03-29,14,Show Me Love,WizTheMc,19,14,2
2025-03-29,15,That's So True,Gracie Abrams,13,3,19
2025-03-29,16,Not Like Us,Kendrick Lamar,10,2,18
2025-03-29,17,Birds Of A Feather,Billie Eilish,14,2,43
2025-03-29,18,I Adore You,HUGEL X Topic X Arash Featuring Daecolm,15,6,28
2025-03-29,19,Crush,Playboi Carti & Travis Scott,-,19,1
2025-03-29,20,Bad Dreams,Teddy Swims,18,12,13
2025-03-29,21,The Emptiness Machine,Linkin Park,17,1,27
2025-03-29,22,Tau Mich Auf,Zartmann,21,16,4
2025-03-29,23,Move,"Adam Port, Stryv & Camila Cabello Feat. Malachiii",23,1,39
2025-03-29,24,Abracadabra,Lady Gaga,16,8,6
2025-03-29,25,Lose Control,Teddy Swims,24,1,61
2025-04-05,1,APT.,ROSE & Bruno Mars,1,1,23
2025-04-05,2,Ordinary,Alex Warren,7,2,3
2025-04-05,3,Mussulo,DJ Malvado & DJ Aka-m Featuring Dody,5,3,3
2025-04-05,4,Anxiety,Doechii,2,2,3
2025-04-05,5,Messy,Lola Young,4,3,13
2025-04-05,6,Die With A Smile,Lady Gaga & Bruno Mars,6,1,32
2025-04-05,7,NINAO,GIMS,8,6,4
2025-04-05,8,DTMF,Bad Bunny,9,1,11
2025-04-05,9,Beautiful Things,Benson Boone,11,1,61
2025-04-05,10,Show Me Love,WizTheMc,14,10,3
2025-04-05,11,CIEL,GIMS,13,6,8
2025-04-05,12,Wackelkontakt,Oimara,10,2,6
2025-04-05,13,That's So True,Gracie Abrams,15,3,20
2025-04-05,14,Birds Of A Feather,Billie Eilish,17,2,44
2025-04-05,15,I Adore You,HUGEL X Topic X Arash Featuring Daecolm,18,6,29
2025-04-05,16,Bad Dreams,Teddy Swims,20,12,14
2025-04-05,17,Not Like Us,Kendrick Lamar,16,2,19
2025-04-05,18,The Emptiness Machine,Linkin Park,21,1,28
2025-04-05,19,Move,"Adam Port, Stryv & Camila Cabello Feat. Malachiii",23,1,40
2025-04-05,20,Lose Control,Teddy Swims,25,1,62
2025-04-05,21,Tau Mich Auf,Zartmann,22,16,5
2025-04-05,22,Spider,GIMS & DYSTINCT,-,6,30
2025-04-05,23,Evil J0rdan,Playboi Carti,3,3,2
2025-04-05,24,Espresso,Sabrina Carpenter,-,2,35
2025-04-05,25,Sailor Song,Gigi Perez,-,13,14
2025-04-12,1,APT.,ROSE & Bruno Mars,1,1,24
2025-04-12,2,Ordinary,Alex Warren,2,2,4
2025-04-12,3,Mussulo,DJ Malvado & DJ Aka-m Featuring Dody,3,3,4
2025-04-12,4,Messy,Lola Young,5,3,14
2025-04-12,5,Anxiety,Doechii,4,2,4
2025-04-12,6,Die With A Smile,Lady Gaga & Bruno Mars,6,1,33
2025-04-12,7,DTMF,Bad Bunny,8,1,12
2025-04-12,8,NINAO,GIMS,7,6,5
2025-04-12,9,Show Me Love,WizTheMc,10,9,4
2025-04-12,10,Beautiful Things,Benson Boone,9,1,62
2025-04-12,11,Birds Of A Feather,Billie Eilish,14,2,45
2025-04-12,12,I Adore You,HUGEL X Topic X Arash Featuring Daecolm,15,6,30
2025-04-12,13,That's So True,Gracie Abrams,13,3,21
2025-04-12,14,Wackelkontakt,Oimara,12,2,7
2025-04-12,15,CIEL,GIMS,11,6,9
2025-04-12,16,Up From The Bottom,Linkin Park,-,16,1
2025-04-12,17,Bad Dreams,Teddy Swims,16,12,15
2025-04-12,18,The Emptiness Machine,Linkin Park,18,1,29
2025-04-12,19,Move,"Adam Port, Stryv & Camila Cabello Feat. Malachiii",19,1,41
2025-04-12,20,Lose Control,Teddy Swims,20,1,63
2025-04-12,21,Not Like Us,Kendrick Lamar,17,2,20
2025-04-12,22,Abracadabra,Lady Gaga,-,8,7
2025-04-12,23,Spider,GIMS & DYSTINCT,22,6,31
2025-04-12,24,Sailor Song,Gigi Perez,25,13,15
2025-04-12,25,Si Antes Te Hubiera Conocido,Karol G,-,5,28
2025-04-19,1,Ordinary,Alex Warren,2,1,5
2025-04-19,2,APT.,ROSE & Bruno Mars,1,1,25
2025-04-19,3,Mussulo,DJ Malvado & DJ Aka-m Featuring Dody,3,3,5
2025-04-19,4,Messy,Lola Young,4,3,15
2025-04-19,5,Show Me Love,WizTheMc,9,5,5
2025-04-19,6,Anxiety,Doechii,5,2,5
2025-04-19,7,Die With A Smile,Lady Gaga & Bruno Mars,6,1,34
2025-04-19,8,DTMF,Bad Bunny,7,1,13
2025-04-19,9,NINAO,GIMS,8,6,6
2025-04-19,10,I Adore You,HUGEL X Topic X Arash Featuring Daecolm,12,6,31
2025-04-19,11,Beautiful Things,Benson Boone,10,1,63
2025-04-19,12,Move,"Adam Port, Stryv & Camila Cabello Feat. Malachiii",19,1,42
2025-04-19,13,Birds Of A Feather,Billie Eilish,11,2,46
2025-04-19,14,That's So True,Gracie Abrams,13,3,22
2025-04-19,15,CIEL,GIMS,15,6,10
2025-04-19,16,Bad Dreams,Teddy Swims,17,12,16
2025-04-19,17,The Emptiness Machine,Linkin Park,18,1,30
2025-04-19,18,Wackelkontakt,Oimara,14,2,8
2025-04-19,19,Si Antes Te Hubiera Conocido,Karol G,25,5,29
2025-04-19,20,Passo Bem Solto,ATLXS,-,20,1
2025-04-19,21,Spider,GIMS & DYSTINCT,23,6,32
2025-04-19,22,Lose Control,Teddy Swims,20,1,64
2025-04-19,23,Ma Meilleure Ennemie,Stromae & Pomme,-,4,9
2025-04-19,24,Gata Only,FloyyMenor X Cris Mj,-,1,31
2025-04-19,25,Sois Pas Timide,GIMS,-,8,29
2025-04-26,1,Ordinary,Alex Warren,1,1,6
2025-04-26,2,APT.,ROSE & Bruno Mars,2,1,26
2025-04-26,3,Messy,Lola Young,4,3,16
2025-04-26,4,Mussulo,DJ Malvado & DJ Aka-m Featuring Dody,3,3,6
2025-04-26,5,Show Me Love,WizTheMc,5,5,6
2025-04-26,6,Triple V,Werenoi Featuring Damso & Ninho,-,6,1
2025-04-26,7,Die With A Smile,Lady Gaga & Bruno Mars,7,1,35
2025-04-26,8,Anxiety,Doechii,6,2,6
2025-04-26,9,NINAO,GIMS,9,6,7
2025-04-26,10,Beautiful Things,Benson Boone,11,1,64
2025-04-26,11,DTMF,Bad Bunny,8,1,14
2025-04-26,12,I Adore You,HUGEL X Topic X Arash Featuring Daecolm,10,6,32
2025-04-26,13,Bad Dreams,Teddy Swims,16,12,17
2025-04-26,14,Poney,Werenoi,-,14,1
2025-04-26,15,That's So True,Gracie Abrams,14,3,23
2025-04-26,16,Birds Of A Feather,Billie Eilish,13,2,47
2025-04-26,17,Move,"Adam Port, Stryv & Camila Cabello Feat. Malachiii",12,1,43
2025-04-26,18,Passo Bem Solto,ATLXS,20,18,2
2025-04-26,19,CIEL,GIMS,15,6,11
2025-04-26,20,Unsicher,Nina Chuba,-,20,1
2025-04-26,21,Abracadabra,Lady Gaga,-,8,8
2025-04-26,22,The Emptiness Machine,Linkin Park,17,1,31
2025-04-26,23,Si Antes Te Hubiera Conocido,Karol G,19,5,30
2025-04-26,24,Azizam,Ed Sheeran,-,24,1
2025-04-26,25,Lose Control,Teddy Swims,22,1,65
2025-05-03,1,Ordinary,Alex Warren,1,1,7
2025-05-03,2,APT.,ROSE & Bruno Mars,2,1,27
2025-05-03,3,Messy,Lola Young,3,3,17
2025-05-03,4,Show Me Love,WizTheMc,5,4,7
2025-05-03,5,NINAO,GIMS,9,5,8
2025-05-03,6,Mussulo,DJ Malvado & DJ Aka-m Featuring Dody,4,3,7
2025-05-03,7,Anxiety,Doechii,8,2,7
2025-05-03,8,Die With A Smile,Lady Gaga & Bruno Mars,7,1,36
2025-05-03,9,Beautiful Things,Benson Boone,10,1,65
2025-05-03,10,Poney,Werenoi,14,10,2
2025-05-03,11,DTMF,Bad Bunny,11,1,15
2025-05-03,12,I Adore You,HUGEL X Topic X Arash Featuring Daecolm,12,6,33
2025-05-03,13,Bad Dreams,Teddy Swims,13,12,18
2025-05-03,14,Birds Of A Feather,Billie Eilish,16,2,48
2025-05-03,15,Passo Bem Solto,ATLXS,18,15,3
2025-05-03,16,Triple V,Werenoi Featuring Damso & Ninho,6,6,2
2025-05-03,17,That's So True,Gracie Abrams,15,3,24
2025-05-03,18,Abracadabra,Lady Gaga,21,8,9
2025-05-03,19,CIEL,GIMS,19,6,12
2025-05-03,20,Move,"Adam Port, Stryv & Camila Cabello Feat. Malachiii",17,1,44
2025-05-03,21,Azizam,Ed Sheeran,24,21,2
2025-05-03,22,Bissu Dumm ¿,Bonez MC & Nate57,-,22,1
2025-05-03,23,Unsicher,Nina Chuba,20,20,2
2025-05-03,24,The Emptiness Machine,Linkin Park,22,1,32
2025-05-03,25,Lose Control,Teddy Swims,25,1,66
2025-05-10,1,Ordinary,Alex Warren,1,1,8
2025-05-10,2,Show Me Love,WizTheMc,4,2,8
2025-05-10,3,APT.,ROSE & Bruno Mars,2,1,28
2025-05-10,4,Messy,Lola Young,3,3,18
2025-05-10,5,NINAO,GIMS,5,5,9
2025-05-10,6,Mussulo,DJ Malvado & DJ Aka-m Featuring Dody,6,3,8
2025-05-10,7,I Adore You,HUGEL X Topic X Arash Featuring Daecolm,12,6,34
2025-05-10,8,Anxiety,Doechii,7,2,8
2025-05-10,9,Die With A Smile,Lady Gaga & Bruno Mars,8,1,37
2025-05-10,10,DTMF,Bad Bunny,11,1,16
2025-05-10,11,Beautiful Things,Benson Boone,9,1,66
2025-05-10,12,Move,"Adam Port, Stryv & Camila Cabello Feat. Malachiii",20,1,45
2025-05-10,13,Bad Dreams,Teddy Swims,13,12,19
2025-05-10,14,Poney,Werenoi,10,10,3
2025-05-10,15,Passo Bem Solto,ATLXS,15,15,4
2025-05-10,16,Birds Of A Feather,Billie Eilish,14,2,49
2025-05-10,17,That's So True,Gracie Abrams,17,3,25
2025-05-10,18,CIEL,GIMS,19,6,13
2025-05-10,19,Azizam,Ed Sheeran,21,19,3
2025-05-10,20,Abracadabra,Lady Gaga,18,8,10
2025-05-10,21,The Emptiness Machine,Linkin Park,24,1,33
2025-05-10,22,Si Antes Te Hubiera Conocido,Karol G,-,5,31
2025-05-10,23,Spider,GIMS & DYSTINCT,-,6,33
2025-05-10,24,Pelican,L2B,-,15,3
2025-05-10,25,Lose Control,Teddy Swims,25,1,67
2025-05-17,1,Ordinary,Alex Warren,1,1,9
2025-05-17,2,Show Me Love,WizTheMc,2,2,9
2025-05-17,3,APT.,ROSE & Bruno Mars,3,1,29
2025-05-17,4,Messy,Lola Young,4,3,19
2025-05-17,5,NINAO,GIMS,5,5,10
2025-05-17,6,Mussulo,DJ Malvado & DJ Aka-m Featuring Dody,6,3,9
2025-05-17,7,DTMF,Bad Bunny,10,1,17
2025-05-17,8,I Adore You,HUGEL X Topic X Arash Featuring Daecolm,7,6,35
2025-05-17,9,Die With A Smile,Lady Gaga & Bruno Mars,9,1,38
2025-05-17,10,Anxiety,Doechii,8,2,9
2025-05-17,11,Beautiful Things,Benson Boone,11,1,67
2025-05-17,12,Move,"Adam Port, Stryv & Camila Cabello Feat. Malachiii",12,1,46
2025-05-17,13,Shabab(e)s Im VIP,PASHANIM,-,13,1
2025-05-17,14,Birds Of A Feather,Billie Eilish,16,2,50
2025-05-17,15,Bad Dreams,Teddy Swims,13,12,20
2025-05-17,16,Passo Bem Solto,ATLXS,15,15,5
2025-05-17,17,Abracadabra,Lady Gaga,20,8,11
2025-05-17,18,That's So True,Gracie Abrams,17,3,26
2025-05-17,19,Azizam,Ed Sheeran,19,19,4
2025-05-17,20,CIEL,GIMS,18,6,14
2025-05-17,21,Poney,Werenoi,14,10,4
2025-05-17,22,Si Antes Te Hubiera Conocido,Karol G,22,5,32
2025-05-17,23,The Emptiness Machine,Linkin Park,21,1,34
2025-05-17,24,Melrose Place,KeBlack Featuring Guy2Bezbar,-,24,1
2025-05-17,25,Beautiful People,David Guetta & Sia,-,25,1
2025-05-24,1,Ordinary,Alex Warren,1,1,10
2025-05-24,2,Show Me Love,WizTheMc,2,2,10
2025-05-24,3,APT.,ROSE & Bruno Mars,3,1,30
2025-05-24,4,DTMF,Bad Bunny,7,1,18
2025-05-24,5,KYKY2BONDY,Hamza,-,5,1
2025-05-24,6,Messy,Lola Young,4,3,20
2025-05-24,7,NINAO,GIMS,5,5,11
2025-05-24,8,I Adore You,HUGEL X Topic X Arash Featuring Daecolm,8,6,36
2025-05-24,9,Mussulo,DJ Malvado & DJ Aka-m Featuring Dody,6,3,10
2025-05-24,10,Beautiful Things,Benson Boone,11,1,68
2025-05-24,11,Die With A Smile,Lady Gaga & Bruno Mars,9,1,39
2025-05-24,12,Anxiety,Doechii,10,2,10
2025-05-24,13,Move,"Adam Port, Stryv & Camila Cabello Feat. Malachiii",12,1,47
2025-05-24,14,Birds Of A Feather,Billie Eilish,14,2,51
2025-05-24,15,Passo Bem Solto,ATLXS,16,15,6
2025-05-24,16,Nuevayol,Bad Bunny,-,4,7
2025-05-24,17,Azizam,Ed Sheeran,19,17,5
2025-05-24,18,Si Antes Te Hubiera Conocido,Karol G,22,5,33
2025-05-24,19,Bad Dreams,Teddy Swims,15,12,21
2025-05-24,20,Los Angeles,Siaka,-,20,1
2025-05-24,21,Abracadabra,Lady Gaga,17,8,12
2025-05-24,22,CIEL,GIMS,20,6,15
2025-05-24,23,Shabab(e)s Im VIP,PASHANIM,13,13,2
2025-05-24,24,Baile Inolvidable,Bad Bunny,-,5,6
2025-05-24,25,Beautiful People,David Guetta & Sia,25,25,2
2025-05-31,1,Ordinary,Alex Warren,1,1,11
2025-05-31,2,KYKY2BONDY,Hamza,5,2,2
2025-05-31,3,Show Me Love,WizTheMc,2,2,11
2025-05-31,4,Baller,Abor & Tynna,-,4,1
2025-05-31,5,Espresso Macchiato,Tommy Cash,-,5,1
2025-05-31,6,La Poupee Monte Le Son,Laura Thorn,-,6,2
2025-05-31,7,Poney,Werenoi,-,7,5
2025-05-31,8,Wasted Love,JJ,-,8,1
2025-05-31,9,APT.,ROSE & Bruno Mars,3,1,31
2025-05-31,10,Messy,Lola Young,6,3,21
2025-05-31,11,NINAO,GIMS,7,5,12
2025-05-31,12,DTMF,Bad Bunny,4,1,19
2025-05-31,13,Chemin D'or,Werenoi,-,13,1
2025-05-31,14,Bara Bada Bastu,KAJ,-,14,1
2025-05-31,15,Los Angeles,Siaka,20,15,2
2025-05-31,16,I Adore You,HUGEL X Topic X Arash Featuring Daecolm,8,6,37
2025-05-31,17,Mussulo,DJ Malvado & DJ Aka-m Featuring Dody,9,3,11
2025-05-31,18,maman,Louane,-,18,1
2025-05-31,19,Deslocado,NAPA,-,19,1
2025-05-31,20,Azizam,Ed Sheeran,17,17,6
2025-05-31,21,Beautiful Things,Benson Boone,10,1,69
2025-05-31,22,Move,"Adam Port, Stryv & Camila Cabello Feat. Malachiii",13,1,48
2025-05-31,23,Die With A Smile,Lady Gaga & Bruno Mars,11,1,40
2025-05-31,24,Connected,RAF Camora & reezy,-,24,1
2025-05-31,25,Anxiety,Doechii,12,2,11
2025-06-07,1,Ordinary,Alex Warren,1,1,12
2025-06-07,2,KYKY2BONDY,Hamza,2,2,3
2025-06-07,3,Show Me Love,WizTheMc,3,2,12
2025-06-07,4,Espresso Macchiato,Tommy Cash,5,4,2
2025-06-07,5,APT.,ROSE & Bruno Mars,9,1,32
2025-06-07,6,Messy,Lola Young,10,3,22
2025-06-07,7,Baller,Abor & Tynna,4,4,2
2025-06-07,8,NINAO,GIMS,11,5,13
2025-06-07,9,Poney,Werenoi,7,7,6
2025-06-07,10,DTMF,Bad Bunny,12,1,20
2025-06-07,11,I Adore You,HUGEL X Topic X Arash Featuring Daecolm,16,6,38
2025-06-07,12,Azizam,Ed Sheeran,20,12,7
2025-06-07,13,Mussulo,DJ Malvado & DJ Aka-m Featuring Dody,17,3,12
2025-06-07,14,Beautiful Things,Benson Boone,21,1,70
2025-06-07,15,Die With A Smile,Lady Gaga & Bruno Mars,23,1,41
2025-06-07,16,Wasted Love,JJ,8,8,2
2025-06-07,17,Shake It To The Max (Fly),"MOLIY, Silent Addy, Skillibeng & Shenseea",-,17,1
2025-06-07,18,La Poupee Monte Le Son,Laura Thorn,6,6,3
2025-06-07,19,Los Angeles,Siaka,15,15,3
2025-06-07,20,Move,"Adam Port, Stryv & Camila Cabello Feat. Malachiii",22,1,49
2025-06-07,21,Passo Bem Solto,ATLXS,-,15,7
2025-06-07,22,Anxiety,Doechii,25,2,12
2025-06-07,23,Birds Of A Feather,Billie Eilish,-,2,52
2025-06-07,24,Bad Dreams,Teddy Swims,-,12,22
2025-06-07,25,Beautiful People,David Guetta & Sia,-,25,3
2025-06-14,1,Ordinary,Alex Warren,1,1,13
2025-06-14,2,KYKY2BONDY,Hamza,2,2,4
2025-06-14,3,Show Me Love,WizTheMc,3,2,13
2025-06-14,4,Impardonnable,Damso,-,4,1
2025-06-14,5,APT.,ROSE & Bruno Mars,5,1,33
2025-06-14,6,Paris,Nono La Grinta,-,6,1
2025-06-14,7,NINAO,GIMS,8,5,14
2025-06-14,8,Messy,Lola Young,6,3,23
2025-06-14,9,Azizam,Ed Sheeran,12,9,8
2025-06-14,10,I Adore You,HUGEL X Topic X Arash Featuring Daecolm,11,6,39
2025-06-14,11,Just Keep Watching,Tate McRae,-,11,1
2025-06-14,12,DTMF,Bad Bunny,10,1,21
2025-06-14,13,Shake It To The Max (Fly),"MOLIY, Silent Addy, Skillibeng & Shenseea",17,13,2
2025-06-14,14,Mia,Seysey Featuring Bolemvn,-,14,1
2025-06-14,15,Beautiful Things,Benson Boone,14,1,71
2025-06-14,16,Move,"Adam Port, Stryv & Camila Cabello Feat. Malachiii",20,1,50
2025-06-14,17,Mussulo,DJ Malvado & DJ Aka-m Featuring Dody,13,3,13
2025-06-14,18,Espresso Macchiato,Tommy Cash,4,4,3
2025-06-14,19,Los Angeles,Siaka,19,15,4
2025-06-14,20,Die With A Smile,Lady Gaga & Bruno Mars,15,1,42
2025-06-14,21,Poney,Werenoi,9,7,7
2025-06-14,22,Birds Of A Feather,Billie Eilish,23,2,53
2025-06-14,23,Passo Bem Solto,ATLXS,21,15,8
2025-06-14,24,Anxiety,Doechii,22,2,13
2025-06-14,25,Beautiful People,David Guetta & Sia,25,25,4
2025-06-21,1,Ordinary,Alex Warren,1,1,14
2025-06-21,2,KYKY2BONDY,Hamza,2,2,5
2025-06-21,3,Show Me Love,WizTheMc,3,2,14
2025-06-21,4,Paris,Nono La Grinta,6,4,2
2025-06-21,5,APT.,ROSE & Bruno Mars,5,1,34
2025-06-21,6,NINAO,GIMS,7,5,15
2025-06-21,7,Azizam,Ed Sheeran,9,7,9
2025-06-21,8,Messy,Lola Young,8,3,24
2025-06-21,9,I Adore You,HUGEL X Topic X Arash Featuring Daecolm,10,6,40
2025-06-21,10,Impardonnable,Damso,4,4,2
2025-06-21,11,Mia,Seysey Featuring Bolemvn,14,11,2
2025-06-21,12,Beautiful Things,Benson Boone,15,1,72
2025-06-21,13,Mussulo,DJ Malvado & DJ Aka-m Featuring Dody,17,3,14
2025-06-21,14,Move,"Adam Port, Stryv & Camila Cabello Feat. Malachiii",16,1,51
2025-06-21,15,DTMF,Bad Bunny,12,1,22
2025-06-21,16,Shake It To The Max (Fly),"MOLIY, Silent Addy, Skillibeng & Shenseea",13,13,3
2025-06-21,17,Just Keep Watching,Tate McRae,11,11,2
2025-06-21,18,Love Me Not,Ravyn Lenae,-,18,1
2025-06-21,19,Los Angeles,Siaka,19,15,5
2025-06-21,20,Espresso Macchiato,Tommy Cash,18,4,4
2025-06-21,21,Die With A Smile,Lady Gaga & Bruno Mars,20,1,43
2025-06-21,22,Birds Of A Feather,Billie Eilish,22,2,54
2025-06-21,23,Back To Friends,sombr,-,23,1
2025-06-21,24,Manchild,Sabrina Carpenter,-,24,1
2025-06-21,25,Passo Bem Solto,ATLXS,23,15,9
2025-06-28,1,Ordinary,Alex Warren,1,1,15
2025-06-28,2,Show Me Love,WizTheMc,3,2,15
2025-06-28,3,KYKY2BONDY,Hamza,2,2,6
2025-06-28,4,I Adore You,HUGEL X Topic X Arash Featuring Daecolm,9,4,41
2025-06-28,5,NINAO,GIMS,6,5,16
2025-06-28,6,Azizam,Ed Sheeran,7,6,10
2025-06-28,7,Move,"Adam Port, Stryv & Camila Cabello Feat. Malachiii",14,1,52
2025-06-28,8,APT.,ROSE & Bruno Mars,5,1,35
2025-06-28,9,Messy,Lola Young,8,3,25
2025-06-28,10,Mussulo,DJ Malvado & DJ Aka-m Featuring Dody,13,3,15
2025-06-28,11,Shake It To The Max (Fly),"MOLIY, Silent Addy, Skillibeng & Shenseea",16,11,4
2025-06-28,12,Love Me Not,Ravyn Lenae,18,12,2
2025-06-28,13,DTMF,Bad Bunny,15,1,23
2025-06-28,14,Beautiful Things,Benson Boone,12,1,73
2025-06-28,15,Mia,Seysey Featuring Bolemvn,11,11,3
2025-06-28,16,Paris,Nono La Grinta,4,4,3
2025-06-28,17,Manchild,Sabrina Carpenter,24,17,2
2025-06-28,18,Impardonnable,Damso,10,4,3
2025-06-28,19,La Plena (W Sound 05),"W Sound, Beele & Ovy On The Drums",-,19,1
2025-06-28,20,Beautiful People,David Guetta & Sia,-,20,5
2025-06-28,21,Back To Friends,sombr,23,21,2
2025-06-28,22,Die With A Smile,Lady Gaga & Bruno Mars,21,1,44
2025-06-28,23,Birds Of A Feather,Billie Eilish,22,2,55
2025-06-28,24,Si Antes Te Hubiera Conocido,Karol G,-,5,34
2025-06-28,25,Just Keep Watching,Tate McRae,17,11,3
2025-07-05,1,Ordinary,Alex Warren,1,1,16
2025-07-05,2,Breakfast In Paris,Cafe Latte & Mark Vank,-,2,1
2025-07-05,3,Show Me Love,WizTheMc,2,2,16
2025-07-05,4,KYKY2BONDY,Hamza,3,2,7
2025-07-05,5,I Adore You,HUGEL X Topic X Arash Featuring Daecolm,4,4,42
2025-07-05,6,Move,"Adam Port, Stryv & Camila Cabello Feat. Malachiii",7,1,53
2025-07-05,7,APT.,ROSE & Bruno Mars,8,1,36
2025-07-05,8,Messy,Lola Young,9,3,26
2025-07-05,9,Azizam,Ed Sheeran,6,6,11
2025-07-05,10,NINAO,GIMS,5,5,17
2025-07-05,11,Mussulo,DJ Malvado & DJ Aka-m Featuring Dody,10,3,16
2025-07-05,12,Shake It To The Max (Fly),"MOLIY, Silent Addy, Skillibeng & Shenseea",11,11,5
2025-07-05,13,Mia,Seysey Featuring Bolemvn,15,11,4
2025-07-05,14,Love Me Not,Ravyn Lenae,12,12,3
2025-07-05,15,DTMF,Bad Bunny,13,1,24
2025-07-05,16,Beautiful Things,Benson Boone,14,1,74
2025-07-05,17,Paris,Nono La Grinta,16,4,4
2025-07-05,18,La Plena (W Sound 05),"W Sound, Beele & Ovy On The Drums",19,18,2
2025-07-05,19,Back To Friends,sombr,21,19,3
2025-07-05,20,Si Antes Te Hubiera Conocido,Karol G,24,5,35
2025-07-05,21,Vaitimbora,Trinix & Mariana Froes,-,21,1
2025-07-05,22,Beautiful People,David Guetta & Sia,20,20,6
2025-07-05,23,Die With A Smile,Lady Gaga & Bruno Mars,22,1,45
2025-07-05,24,Birds Of A Feather,Billie Eilish,23,2,56
2025-07-05,25,Just Keep Watching,Tate McRae,25,11,4
2025-07-12,1,Ordinary,Alex Warren,1,1,17
2025-07-12,2,Show Me Love,WizTheMc,3,2,17
2025-07-12,3,I Adore You,HUGEL X Topic X Arash Featuring Daecolm,5,3,43
2025-07-12,4,KYKY2BONDY,Hamza,4,2,8
2025-07-12,5,Move,"Adam Port, Stryv & Camila Cabello Feat. Malachiii",6,1,54
2025-07-12,6,APT.,ROSE & Bruno Mars,7,1,37
2025-07-12,7,Messy,Lola Young,8,3,27
2025-07-12,8,Azizam,Ed Sheeran,9,6,12
2025-07-12,9,Love Me Not,Ravyn Lenae,14,9,4
2025-07-12,10,Mussulo,DJ Malvado & DJ Aka-m Featuring Dody,11,3,17
2025-07-12,11,Shake It To The Max (Fly),"MOLIY, Silent Addy, Skillibeng & Shenseea",12,11,6
2025-07-12,12,NINAO,GIMS,10,5,18
2025-07-12,13,Beautiful Things,Benson Boone,16,1,75
2025-07-12,14,Just Keep Watching,Tate McRae,25,11,5
2025-07-12,15,DTMF,Bad Bunny,15,1,25
2025-07-12,16,Breakfast In Paris,Cafe Latte & Mark Vank,2,2,2
2025-07-12,17,Mia,Seysey Featuring Bolemvn,13,11,5
2025-07-12,18,Paris,Nono La Grinta,17,4,5
2025-07-12,19,La Plena (W Sound 05),"W Sound, Beele & Ovy On The Drums",18,18,3
2025-07-12,20,Back To Friends,sombr,19,19,4
2025-07-12,21,Vaitimbora,Trinix & Mariana Froes,21,21,2
2025-07-12,22,RUINART,R2,-,22,1
2025-07-12,23,Beautiful People,David Guetta & Sia,22,20,7
2025-07-12,24,Si Antes Te Hubiera Conocido,Karol G,20,5,36
2025-07-12,25,Another Love,Tom Odell,-,4,87
2025-07-19,1,Ordinary,Alex Warren,1,1,18
2025-07-19,2,Show Me Love,WizTheMc,2,2,18
2025-07-19,3,I Adore You,HUGEL X Topic X Arash Featuring Daecolm,3,3,44
2025-07-19,4,KYKY2BONDY,Hamza,4,2,9
2025-07-19,5,Love Me Not,Ravyn Lenae,9,5,5
2025-07-19,6,Azizam,Ed Sheeran,8,6,13
2025-07-19,7,APT.,ROSE & Bruno Mars,6,1,38
2025-07-19,8,Messy,Lola Young,7,3,28
2025-07-19,9,Just Keep Watching,Tate McRae,14,9,6
2025-07-19,10,NINAO,GIMS,12,5,19
2025-07-19,11,Move,"Adam Port, Stryv & Camila Cabello Feat. Malachiii",5,1,55
2025-07-19,12,Shake It To The Max (Fly),"MOLIY, Silent Addy, Skillibeng & Shenseea",11,11,7
2025-07-19,13,Mussulo,DJ Malvado & DJ Aka-m Featuring Dody,10,3,18
2025-07-19,14,RUINART,R2,22,14,2
2025-07-19,15,Beautiful Things,Benson Boone,13,1,76
2025-07-19,16,Paris,Nono La Grinta,18,4,6
2025-07-19,17,Golden,"HUNTR/X: EJAE, Audrey Nuna & REI AMI",-,17,1
2025-07-19,18,DTMF,Bad Bunny,15,1,26
2025-07-19,19,Mia,Seysey Featuring Bolemvn,17,11,6
2025-07-19,20,Back To Friends,sombr,20,19,5
2025-07-19,21,La Plena (W Sound 05),"W Sound, Beele & Ovy On The Drums",19,18,4
2025-07-19,22,Vaitimbora,Trinix & Mariana Froes,21,21,3
2025-07-19,23,Beautiful People,David Guetta & Sia,23,20,8
2025-07-19,24,Die With A Smile,Lady Gaga & Bruno Mars,-,1,46
2025-07-19,25,Another Love,Tom Odell,25,4,88
2025-07-26,1,Ordinary,Alex Warren,1,1,19
2025-07-26,2,Show Me Love,WizTheMc,2,2,19
2025-07-26,3,I Adore You,HUGEL X Topic X Arash Featuring Daecolm,3,3,45
2025-07-26,4,Jump,BLACKPINK,-,4,1
2025-07-26,5,APT.,ROSE & Bruno Mars,7,1,39
2025-07-26,6,Azizam,Ed Sheeran,6,6,14
2025-07-26,7,KYKY2BONDY,Hamza,4,2,10
2025-07-26,8,Move,"Adam Port, Stryv & Camila Cabello Feat. Malachiii",11,1,56
2025-07-26,9,Love Me Not,Ravyn Lenae,5,5,6
2025-07-26,10,NINAO,GIMS,10,5,20
2025-07-26,11,Golden,"HUNTR/X: EJAE, Audrey Nuna & REI AMI",17,11,2
2025-07-26,12,Messy,Lola Young,8,3,29
2025-07-26,13,Mussulo,DJ Malvado & DJ Aka-m Featuring Dody,13,3,19
2025-07-26,14,Shake It To The Max (Fly),"MOLIY, Silent Addy, Skillibeng & Shenseea",12,11,8
2025-07-26,15,RUINART,R2,14,14,3
2025-07-26,16,Daisies,Justin Bieber,-,16,1
2025-07-26,17,Beautiful Things,Benson Boone,15,1,77
2025-07-26,18,Just Keep Watching,Tate McRae,9,9,7
2025-07-26,19,La Plena (W Sound 05),"W Sound, Beele & Ovy On The Drums",21,18,5
2025-07-26,20,DTMF,Bad Bunny,18,1,27
2025-07-26,21,Beautiful People,David Guetta & Sia,23,20,9
2025-07-26,22,Back To Friends,sombr,20,19,6
2025-07-26,23,Vaitimbora,Trinix & Mariana Froes,22,21,4
2025-07-26,24,Blessings,Calvin Harris Featuring Clementine Douglas,-,24,1
2025-07-26,25,Paris,Nono La Grinta,16,4,7
2025-08-02,1,Ordinary,Alex Warren,1,1,20
2025-08-02,2,Show Me Love,WizTheMc,2,2,20
2025-08-02,3,I Adore You,HUGEL X Topic X Arash Featuring Daecolm,3,3,46
2025-08-02,4,Golden,"HUNTR/X: EJAE, Audrey Nuna & REI AMI",11,4,3
2025-08-02,5,Charger,"Kokosvoice, Mauvais djo & MC YOSHI",-,5,1
2025-08-02,6,APT.,ROSE & Bruno Mars,5,1,40
2025-08-02,7,Azizam,Ed Sheeran,6,6,15
2025-08-02,8,Love Me Not,Ravyn Lenae,9,5,7
2025-08-02,9,Eternity,Alex Warren,-,9,1
2025-08-02,10,Daisies,Justin Bieber,16,10,2
2025-08-02,11,Move,"Adam Port, Stryv & Camila Cabello Feat. Malachiii",8,1,57
2025-08-02,12,NINAO,GIMS,10,5,21
2025-08-02,13,Beautiful Things,Benson Boone,17,1,78
2025-08-02,14,KYKY2BONDY,Hamza,7,2,11
2025-08-02,15,Messy,Lola Young,12,3,30
2025-08-02,16,Jump,BLACKPINK,4,4,2
2025-08-02,17,RUINART,R2,15,14,4
2025-08-02,18,Mussulo,DJ Malvado & DJ Aka-m Featuring Dody,13,3,20
2025-08-02,19,La Plena (W Sound 05),"W Sound, Beele & Ovy On The Drums",19,18,6
2025-08-02,20,Seven,Jung Kook Featuring Latto,-,5,6
2025-08-02,21,Shake It To The Max (Fly),"MOLIY, Silent Addy, Skillibeng & Shenseea",14,11,9
2025-08-02,22,Just Keep Watching,Tate McRae,18,9,8
2025-08-02,23,DTMF,Bad Bunny,20,1,28
2025-08-02,24,Back To Friends,sombr,22,19,7
2025-08-02,25,Vaitimbora,Trinix & Mariana Froes,23,21,5
2025-08-09,1,Ordinary,Alex Warren,1,1,21
2025-08-09,2,Golden,"HUNTR/X: EJAE, Audrey Nuna & REI AMI",4,2,4
2025-08-09,3,Charger,"Kokosvoice, Mauvais djo & MC YOSHI",5,3,2
2025-08-09,4,Show Me Love,WizTheMc,2,2,21
2025-08-09,5,I Adore You,HUGEL X Topic X Arash Featuring Daecolm,3,3,47
2025-08-09,6,Seven,Jung Kook Featuring Latto,20,5,7
2025-08-09,7,Azizam,Ed Sheeran,7,6,16
2025-08-09,8,Love Me Not,Ravyn Lenae,8,5,8
2025-08-09,9,APT.,ROSE & Bruno Mars,6,1,41
2025-08-09,10,NINAO,GIMS,12,5,22
2025-08-09,11,Beautiful Things,Benson Boone,13,1,79
2025-08-09,12,Move,"Adam Port, Stryv & Camila Cabello Feat. Malachiii",11,1,58
2025-08-09,13,Mussulo,DJ Malvado & DJ Aka-m Featuring Dody,18,3,21
2025-08-09,14,Messy,Lola Young,15,3,31
2025-08-09,15,Daisies,Justin Bieber,10,10,3
2025-08-09,16,KYKY2BONDY,Hamza,14,2,12
2025-08-09,17,Back To Friends,sombr,24,17,8
2025-08-09,18,Which One,Drake & Central Cee,-,18,1
2025-08-09,19,RUINART,R2,17,14,5
2025-08-09,20,Just Keep Watching,Tate McRae,22,9,9
2025-08-09,21,DTMF,Bad Bunny,23,1,29
2025-08-09,22,Blessings,Calvin Harris Featuring Clementine Douglas,-,22,2
2025-08-09,23,La Plena (W Sound 05),"W Sound, Beele & Ovy On The Drums",19,18,7
2025-08-09,24,Jump,BLACKPINK,16,4,3
2025-08-09,25,Shake It To The Max (Fly),"MOLIY, Silent Addy, Skillibeng & Shenseea",21,11,10
2025-08-16,1,Ordinary,Alex Warren,1,1,22
2025-08-16,2,Golden,"HUNTR/X: EJAE, Audrey Nuna & REI AMI",2,2,5
2025-08-16,3,Show Me Love,WizTheMc,4,2,22
2025-08-16,4,Charger,"Kokosvoice, Mauvais djo & MC YOSHI",3,3,3
2025-08-16,5,I Adore You,HUGEL X Topic X Arash Featuring Daecolm,5,3,48
2025-08-16,6,Azizam,Ed Sheeran,7,6,17
2025-08-16,7,Love Me Not,Ravyn Lenae,8,5,9
2025-08-16,8,Beautiful Things,Benson Boone,11,1,80
2025-08-16,9,APT.,ROSE & Bruno Mars,9,1,42
2025-08-16,10,Move,"Adam Port, Stryv & Camila Cabello Feat. Malachiii",12,1,59
2025-08-16,11,Back To Friends,sombr,17,11,9
2025-08-16,12,NINAO,GIMS,10,5,23
2025-08-16,13,Blessings,Calvin Harris Featuring Clementine Douglas,22,13,3
2025-08-16,14,Messy,Lola Young,14,3,32
2025-08-16,15,Mussulo,DJ Malvado & DJ Aka-m Featuring Dody,13,3,22
2025-08-16,16,Jump,BLACKPINK,24,4,4
2025-08-16,17,La Plena (W Sound 05),"W Sound, Beele & Ovy On The Drums",23,17,8
2025-08-16,18,DTMF,Bad Bunny,21,1,30
2025-08-16,19,KYKY2BONDY,Hamza,16,2,13
2025-08-16,20,Daisies,Justin Bieber,15,10,4
2025-08-16,21,RUINART,R2,19,14,6
2025-08-16,22,Parisienne,GIMS x La Mano 1.9,-,22,1
2025-08-16,23,Which One,Drake & Central Cee,18,18,2
2025-08-16,24,Another Love,Tom Odell,-,4,89
2025-08-16,25,Shake It To The Max (Fly),"MOLIY, Silent Addy, Skillibeng & Shenseea",25,11,11
2025-08-23,1,Ordinary,Alex Warren,1,1,23
2025-08-23,2,Golden,"HUNTR/X: EJAE, Audrey Nuna & REI AMI",2,2,6
2025-08-23,3,Show Me Love,WizTheMc,3,2,23
2025-08-23,4,I Adore You,HUGEL X Topic X Arash Featuring Daecolm,5,3,49
2025-08-23,5,Charger,"Kokosvoice, Mauvais djo & MC YOSHI",4,3,4
2025-08-23,6,Move,"Adam Port, Stryv & Camila Cabello Feat. Malachiii",10,1,60
2025-08-23,7,Azizam,Ed Sheeran,6,6,18
2025-08-23,8,Love Me Not,Ravyn Lenae,7,5,10
2025-08-23,9,APT.,ROSE & Bruno Mars,9,1,43
2025-08-23,10,Messy,Lola Young,14,3,33
2025-08-23,11,Mussulo,DJ Malvado & DJ Aka-m Featuring Dody,15,3,23
2025-08-23,12,Beautiful Things,Benson Boone,8,1,81
2025-08-23,13,Back To Friends,sombr,11,11,10
2025-08-23,14,Jump,BLACKPINK,16,4,5
2025-08-23,15,NINAO,GIMS,12,5,24
2025-08-23,16,La Plena (W Sound 05),"W Sound, Beele & Ovy On The Drums",17,16,9
2025-08-23,17,RUINART,R2,21,14,7
2025-08-23,18,DTMF,Bad Bunny,18,1,31
2025-08-23,19,Blessings,Calvin Harris Featuring Clementine Douglas,13,13,4
2025-08-23,20,Vaitimbora,Trinix & Mariana Froes,-,20,6
2025-08-23,21,Shake It To The Max (Fly),"MOLIY, Silent Addy, Skillibeng & Shenseea",25,11,12
2025-08-23,22,Soleil Bleu,Bleu Soleil With LUIZA,-,22,1
2025-08-23,23,Daisies,Justin Bieber,20,10,5
2025-08-23,24,KYKY2BONDY,Hamza,19,2,14
2025-08-23,25,No Broke Boys,Disco Lines & Tinashe,-,25,1
2025-08-30,1,Ordinary,Alex Warren,1,1,24
2025-08-30,2,Golden,"HUNTR/X: EJAE, Audrey Nuna & REI AMI",2,2,7
2025-08-30,3,Show Me Love,WizTheMc,3,2,24
2025-08-30,4,Charger,"Kokosvoice, Mauvais djo & MC YOSHI",5,3,5
2025-08-30,5,I Adore You,HUGEL X Topic X Arash Featuring Daecolm,4,3,50
2025-08-30,6,Love Me Not,Ravyn Lenae,8,5,11
2025-08-30,7,Azizam,Ed Sheeran,7,6,19
2025-08-30,8,Back To Friends,sombr,13,8,11
2025-08-30,9,Move,"Adam Port, Stryv & Camila Cabello Feat. Malachiii",6,1,61
2025-08-30,10,Jump,BLACKPINK,14,4,6
2025-08-30,11,Mussulo,DJ Malvado & DJ Aka-m Featuring Dody,11,3,24
2025-08-30,12,APT.,ROSE & Bruno Mars,9,1,44
2025-08-30,13,Messy,Lola Young,10,3,34
2025-08-30,14,Beautiful Things,Benson Boone,12,1,82
2025-08-30,15,RUINART,R2,17,14,8
2025-08-30,16,Soleil Bleu,Bleu Soleil With LUIZA,22,16,2
2025-08-30,17,Parisienne,GIMS x La Mano 1.9,-,17,2
2025-08-30,18,La Plena (W Sound 05),"W Sound, Beele & Ovy On The Drums",16,16,10
2025-08-30,19,DTMF,Bad Bunny,18,1,32
2025-08-30,20,Vaitimbora,Trinix & Mariana Froes,20,20,7
2025-08-30,21,NINAO,GIMS,15,5,25
2025-08-30,22,No Broke Boys,Disco Lines & Tinashe,25,22,2
2025-08-30,23,Blessings,Calvin Harris Featuring Clementine Douglas,19,13,5
2025-08-30,24,Tu Me Rends Bete,GIMS Featuring Damso,-,24,1
2025-08-30,25,Daisies,Justin Bieber,23,10,6
2025-09-06,1,Ordinary,Alex Warren,1,1,25
2025-09-06,2,Golden,"HUNTR/X: EJAE, Audrey Nuna & REI AMI",2,2,8
2025-09-06,3,Show Me Love,WizTheMc,3,2,25
2025-09-06,4,Charger,"Kokosvoice, Mauvais djo & MC YOSHI",4,3,6
2025-09-06,5,Parisienne,GIMS x La Mano 1.9,17,5,3
2025-09-06,6,I Adore You,HUGEL X Topic X Arash Featuring Daecolm,5,3,51
2025-09-06,7,Love Me Not,Ravyn Lenae,6,5,12
2025-09-06,8,Back To Friends,sombr,8,8,12
2025-09-06,9,Soleil Bleu,Bleu Soleil With LUIZA,16,9,3
2025-09-06,10,Azizam,Ed Sheeran,7,6,20
2025-09-06,11,Beautiful Things,Benson Boone,14,1,83
2025-09-06,12,Jump,BLACKPINK,10,4,7
2025-09-06,13,Move,"Adam Port, Stryv & Camila Cabello Feat. Malachiii",9,1,62
2025-09-06,14,Messy,Lola Young,13,3,35
2025-09-06,15,Mussulo,DJ Malvado & DJ Aka-m Featuring Dody,11,3,25
2025-09-06,16,APT.,ROSE & Bruno Mars,12,1,45
2025-09-06,17,No Broke Boys,Disco Lines & Tinashe,22,17,3
2025-09-06,18,RUINART,R2,15,14,9
2025-09-06,19,La Plena (W Sound 05),"W Sound, Beele & Ovy On The Drums",18,16,11
2025-09-06,20,DTMF,Bad Bunny,19,1,33
2025-09-06,21,Vaitimbora,Trinix & Mariana Froes,20,20,8
2025-09-06,22,NINAO,GIMS,21,5,26
2025-09-06,23,Another Love,Tom Odell,-,4,90
2025-09-06,24,Blessings,Calvin Harris Featuring Clementine Douglas,23,13,6
2025-09-06,25,Daisies,Justin Bieber,25,10,7
2025-09-13,1,Ordinary,Alex Warren,1,1,26
2025-09-13,2,Golden,"HUNTR/X: EJAE, Audrey Nuna & REI AMI",2,2,9
2025-09-13,3,Parisienne,GIMS x La Mano 1.9,5,3,4
2025-09-13,4,Charger,"Kokosvoice, Mauvais djo & MC YOSHI",4,3,7
2025-09-13,5,Show Me Love,WizTheMc,3,2,26
2025-09-13,6,I Adore You,HUGEL X Topic X Arash Featuring Daecolm,6,3,52
2025-09-13,7,Love Me Not,Ravyn Lenae,7,5,13
2025-09-13,8,Beautiful Things,Benson Boone,11,1,84
2025-09-13,9,Back To Friends,sombr,8,8,13
2025-09-13,10,Tears,Sabrina Carpenter,-,10,1
2025-09-13,11,Soleil Bleu,Bleu Soleil With LUIZA,9,9,4
2025-09-13,12,Jump,BLACKPINK,12,4,8
2025-09-13,13,RUINART,R2,18,13,10
2025-09-13,14,Falsa Tuga,MC Petite Abelha,-,14,1
2025-09-13,15,Azizam,Ed Sheeran,10,6,21
2025-09-13,16,No Broke Boys,Disco Lines & Tinashe,17,16,4
2025-09-13,17,Mussulo,DJ Malvado & DJ Aka-m Featuring Dody,15,3,26
2025-09-13,18,Viano,RK & Genezio,-,18,1
2025-09-13,19,Another Love,Tom Odell,23,4,91
2025-09-13,20,APT.,ROSE & Bruno Mars,16,1,46
2025-09-13,21,Messy,Lola Young,14,3,36
2025-09-13,22,Move,"Adam Port, Stryv & Camila Cabello Feat. Malachiii",13,1,63
2025-09-13,23,Manchild,Sabrina Carpenter,-,17,3
2025-09-13,24,La Plena (W Sound 05),"W Sound, Beele & Ovy On The Drums",19,16,12
2025-09-13,25,DTMF,Bad Bunny,20,1,34
2025-09-20,1,Golden,"HUNTR/X: EJAE, Audrey Nuna & REI AMI",2,1,10
2025-09-20,2,Ordinary,Alex Warren,1,1,27
2025-09-20,3,Parisienne,GIMS x La Mano 1.9,3,3,5
2025-09-20,4,Charger,"Kokosvoice, Mauvais djo & MC YOSHI",4,3,8
2025-09-20,5,Show Me Love,WizTheMc,5,2,27
2025-09-20,6,I Adore You,HUGEL X Topic X Arash Featuring Daecolm,6,3,53
2025-09-20,7,Love Me Not,Ravyn Lenae,7,5,14
2025-09-20,8,Back To Friends,sombr,9,8,14
2025-09-20,9,Beautiful Things,Benson Boone,8,1,85
2025-09-20,10,Falsa Tuga,MC Petite Abelha,14,10,2
2025-09-20,11,Mussulo,DJ Malvado & DJ Aka-m Featuring Dody,17,3,27
2025-09-20,12,No Broke Boys,Disco Lines & Tinashe,16,12,5
2025-09-20,13,Soleil Bleu,Bleu Soleil With LUIZA,11,9,5
2025-09-20,14,Jump,BLACKPINK,12,4,9
2025-09-20,15,Viano,RK & Genezio,18,15,2
2025-09-20,16,RUINART,R2,13,13,11
2025-09-20,17,Another Love,Tom Odell,19,4,92
2025-09-20,18,Azizam,Ed Sheeran,15,6,22
2025-09-20,19,Messy,Lola Young,21,3,37
2025-09-20,20,APT.,ROSE & Bruno Mars,20,1,47
2025-09-20,21,Breakfast In Paris,Cafe Latte & Mark Vank,-,2,3
2025-09-20,22,La Plena (W Sound 05),"W Sound, Beele & Ovy On The Drums",24,16,13
2025-09-20,23,Just Keep Watching,Tate McRae,-,9,10
2025-09-20,24,Move,"Adam Port, Stryv & Camila Cabello Feat. Malachiii",22,1,64
2025-09-20,25,Die With A Smile,Lady Gaga & Bruno Mars,-,1,47
2025-09-27,1,Golden,"HUNTR/X: EJAE, Audrey Nuna & REI AMI",1,1,11
2025-09-27,2,Ordinary,Alex Warren,2,1,28
2025-09-27,3,Parisienne,GIMS x La Mano 1.9,3,3,6
2025-09-27,4,Charger,"Kokosvoice, Mauvais djo & MC YOSHI",4,3,9
2025-09-27,5,Back To Friends,sombr,8,5,15
2025-09-27,6,Show Me Love,WizTheMc,5,2,28
2025-09-27,7,No Broke Boys,Disco Lines & Tinashe,12,7,6
2025-09-27,8,Love Me Not,Ravyn Lenae,7,5,15
2025-09-27,9,I Adore You,HUGEL X Topic X Arash Featuring Daecolm,6,3,54
2025-09-27,10,Mussulo,DJ Malvado & DJ Aka-m Featuring Dody,11,3,28
2025-09-27,11,Beautiful Things,Benson Boone,9,1,86
2025-09-27,12,Soleil Bleu,Bleu Soleil With LUIZA,13,9,6
2025-09-27,13,Jump,BLACKPINK,14,4,10
2025-09-27,14,Un Monde A L'autre,"GIMS, La Mano 1.9 & SCH",-,14,1
2025-09-27,15,Viano,RK & Genezio,15,15,3
2025-09-27,16,RUINART,R2,16,13,12
2025-09-27,17,Messy,Lola Young,19,3,38
2025-09-27,18,Another Love,Tom Odell,17,4,93
2025-09-27,19,Just Keep Watching,Tate McRae,23,9,11
2025-09-27,20,Azizam,Ed Sheeran,18,6,23
2025-09-27,21,APT.,ROSE & Bruno Mars,20,1,48
2025-09-27,22,12 To 12,sombr,-,22,1
2025-09-27,23,Undressed,sombr,-,23,1
2025-09-27,24,Sapphire,Ed Sheeran,-,24,1
2025-09-27,25,Man I Need,Olivia Dean,-,25,1
2025-10-04,1,4AM In Ibiza,Mark Vank & Samu,-,1,1
2025-10-04,2,Golden,"HUNTR/X: EJAE, Audrey Nuna & REI AMI",1,1,12
2025-10-04,3,Ordinary,Alex Warren,2,1,29
2025-10-04,4,Parisienne,GIMS x La Mano 1.9,3,3,7
2025-10-04,5,Back To Friends,sombr,5,5,16
2025-10-04,6,Charger,"Kokosvoice, Mauvais djo & MC YOSHI",4,3,10
2025-10-04,7,Love Me Not,Ravyn Lenae,8,5,16
2025-10-04,8,No Broke Boys,Disco Lines & Tinashe,7,7,7
2025-10-04,9,Show Me Love,WizTheMc,6,2,29
2025-10-04,10,Beautiful Things,Benson Boone,11,1,87
2025-10-04,11,Mussulo,DJ Malvado & DJ Aka-m Featuring Dody,10,3,29
2025-10-04,12,Soleil Bleu,Bleu Soleil With LUIZA,12,9,7
2025-10-04,13,Another Love,Tom Odell,18,4,94
2025-10-04,14,Viano,RK & Genezio,15,14,4
2025-10-04,15,I Adore You,HUGEL X Topic X Arash Featuring Daecolm,9,3,55
2025-10-04,16,RUINART,R2,16,13,13
2025-10-04,17,Jump,BLACKPINK,13,4,11
2025-10-04,18,Man I Need,Olivia Dean,25,18,2
2025-10-04,19,Just Keep Watching,Tate McRae,19,9,12
2025-10-04,20,Messy,Lola Young,17,3,39
2025-10-04,21,APT.,ROSE & Bruno Mars,21,1,49
2025-10-04,22,Seven,Jung Kook Featuring Latto,-,5,8
2025-10-04,23,12 To 12,sombr,22,22,2
2025-10-04,24,Undressed,sombr,23,23,2
2025-10-04,25,Where Is My Husband!,RAYE,-,25,1
2025-10-11,1,Golden,"HUNTR/X: EJAE, Audrey Nuna & REI AMI",2,1,13
2025-10-11,2,Ordinary,Alex Warren,3,1,30
2025-10-11,3,4AM In Ibiza,Mark Vank & Samu,1,1,2
2025-10-11,4,Parisienne,GIMS x La Mano 1.9,4,3,8
2025-10-11,5,Jackpot,24hrs & Kino Beats,-,5,1
2025-10-11,6,Back To Friends,sombr,5,5,17
2025-10-11,7,Charger,"Kokosvoice, Mauvais djo & MC YOSHI",6,3,11
2025-10-11,8,No Broke Boys,Disco Lines & Tinashe,8,7,8
2025-10-11,9,Love Me Not,Ravyn Lenae,7,5,17
2025-10-11,10,Man I Need,Olivia Dean,18,10,3
2025-10-11,11,Beautiful Things,Benson Boone,10,1,88
2025-10-11,12,Where Is My Husband!,RAYE,25,12,2
2025-10-11,13,Mussulo,DJ Malvado & DJ Aka-m Featuring Dody,11,3,30
2025-10-11,14,Soleil Bleu,Bleu Soleil With LUIZA,12,9,8
2025-10-11,15,Tit For Tat,Tate McRae,-,15,1
2025-10-11,16,Another Love,Tom Odell,13,4,95
2025-10-11,17,Show Me Love,WizTheMc,9,2,30
2025-10-11,18,Seven,Jung Kook Featuring Latto,22,5,9
2025-10-11,19,Sale Etat,RK & Ninho,-,19,1
2025-10-11,20,Viano,RK & Genezio,14,14,5
2025-10-11,21,RUINART,R2,16,13,14
2025-10-11,22,APT.,ROSE & Bruno Mars,21,1,50
2025-10-11,23,Messy,Lola Young,20,3,40
2025-10-11,24,Jump,BLACKPINK,17,4,12
2025-10-11,25,Just Keep Watching,Tate McRae,19,9,13
2025-10-18,1,The Fate Of Ophelia,Taylor Swift,-,1,1
2025-10-18,2,Golden,"HUNTR/X: EJAE, Audrey Nuna & REI AMI",1,1,14
2025-10-18,3,Elizabeth Taylor,Taylor Swift,-,3,1
2025-10-18,4,Opalite,Taylor Swift,-,4,1
2025-10-18,5,Ordinary,Alex Warren,2,1,31
2025-10-18,6,Father Figure,Taylor Swift,-,6,1
2025-10-18,7,Cancelled!,Taylor Swift,-,7,1
2025-10-18,8,Eldest Daughter,Taylor Swift,-,8,1
2025-10-18,9,Actually Romantic,Taylor Swift,-,9,1
2025-10-18,10,The Life Of A Showgirl,Taylor Swift Featuring Sabrina Carpenter,-,10,1
2025-10-18,11,Wi$h Li$t,Taylor Swift,-,11,1
2025-10-18,12,Wood,Taylor Swift,-,12,1
2025-10-18,13,Ruin The Friendship,Taylor Swift,-,13,1
2025-10-18,14,Parisienne,GIMS x La Mano 1.9,4,3,9
2025-10-18,15,Honey,Taylor Swift,-,15,1
2025-10-18,16,Back To Friends,sombr,6,5,18
2025-10-18,17,Now Or Never,Tkandz,-,17,1
2025-10-18,18,No Broke Boys,Disco Lines & Tinashe,8,7,9
2025-10-18,19,Beautiful Things,Benson Boone,11,1,89
2025-10-18,20,Man I Need,Olivia Dean,10,10,4
2025-10-18,21,Love Me Not,Ravyn Lenae,9,5,18
2025-10-18,22,Charger,"Kokosvoice, Mauvais djo & MC YOSHI",7,3,12
2025-10-18,23,Where Is My Husband!,RAYE,12,12,3
2025-10-18,24,Another Love,Tom Odell,16,4,96
2025-10-18,25,4AM In Ibiza,Mark Vank & Samu,3,1,3
2025-10-25,1,The Fate Of Ophelia,Taylor Swift,1,1,2
2025-10-25,2,Golden,"HUNTR/X: EJAE, Audrey Nuna & REI AMI",2,1,15
2025-10-25,3,Ordinary,Alex Warren,5,1,32
2025-10-25,4,Gbim,Felizno,-,4,1
2025-10-25,5,Opalite,Taylor Swift,4,4,2
2025-10-25,6,Parisienne,GIMS x La Mano 1.9,14,3,10
2025-10-25,7,Elizabeth Taylor,Taylor Swift,3,3,2
2025-10-25,8,Now Or Never,Tkandz,17,8,2
2025-10-25,9,Back To Friends,sombr,16,5,19
2025-10-25,10,No Broke Boys,Disco Lines & Tinashe,18,7,10
2025-10-25,11,Father Figure,Taylor Swift,6,6,2
2025-10-25,12,Man I Need,Olivia Dean,20,10,5
2025-10-25,13,Beautiful Things,Benson Boone,19,1,90
2025-10-25,14,Where Is My Husband!,RAYE,23,12,4
2025-10-25,15,Love Me Not,Ravyn Lenae,21,5,19
2025-10-25,16,Another Love,Tom Odell,24,4,97
2025-10-25,17,Stay (Go),Trust'N & Bkwds,-,17,1
2025-10-25,18,The Life Of A Showgirl,Taylor Swift Featuring Sabrina Carpenter,10,10,2
2025-10-25,19,Charger,"Kokosvoice, Mauvais djo & MC YOSHI",22,3,13
2025-10-25,20,Cancelled!,Taylor Swift,7,7,2
2025-10-25,21,12 To 12,sombr,-,21,3
2025-10-25,22,Soleil Bleu,Bleu Soleil With LUIZA,-,9,9
2025-10-25,23,Wood,Taylor Swift,12,12,2
2025-10-25,24,Wi$h Li$t,Taylor Swift,11,11,2
2025-10-25,25,RUINART,R2,-,13,15
2025-11-01,1,Golden,"HUNTR/X: EJAE, Audrey Nuna & REI AMI",2,1,16
2025-11-01,2,The Fate Of Ophelia,Taylor Swift,1,1,3
2025-11-01,3,Ordinary,Alex Warren,3,1,33
2025-11-01,4,Parisienne,GIMS x La Mano 1.9,6,3,11
2025-11-01,5,Opalite,Taylor Swift,5,4,3
2025-11-01,6,No Broke Boys,Disco Lines & Tinashe,10,6,11
2025-11-01,7,Back To Friends,sombr,9,5,20
2025-11-01,8,Man I Need,Olivia Dean,12,8,6
2025-11-01,9,Now Or Never,Tkandz,8,8,3
2025-11-01,10,Where Is My Husband!,RAYE,14,10,5
2025-11-01,11,Beautiful Things,Benson Boone,13,1,91
2025-11-01,12,Love Me Not,Ravyn Lenae,15,5,20
2025-11-01,13,Another Love,Tom Odell,16,4,98
2025-11-01,14,Elizabeth Taylor,Taylor Swift,7,3,3
2025-11-01,15,12 To 12,sombr,21,15,4
2025-11-01,16,Soleil Bleu,Bleu Soleil With LUIZA,22,9,10
2025-11-01,17,Messy,Lola Young,-,3,41
2025-11-01,18,Charger,"Kokosvoice, Mauvais djo & MC YOSHI",19,3,14
2025-11-01,19,APT.,ROSE & Bruno Mars,-,1,51
2025-11-01,20,Mussulo,DJ Malvado & DJ Aka-m Featuring Dody,-,3,31
2025-11-01,21,Just Keep Watching,Tate McRae,-,9,14
2025-11-01,22,Undressed,sombr,-,22,3
2025-11-01,23,RUINART,R2,25,13,16
2025-11-01,24,I Adore You,HUGEL X Topic X Arash Featuring Daecolm,-,3,56
2025-11-01,25,Lose Control,Teddy Swims,-,1,68
2025-11-08,1,Muse,"Usein Bekirov Featuring Bill Evans , Frank Gambale, Hardien Feraud & Dennis Chambers",-,1,1
2025-11-08,2,Golden,"HUNTR/X: EJAE, Audrey Nuna & REI AMI",1,1,17
2025-11-08,3,"Overseas, Pt. 2",Stevieknocks,-,3,1
2025-11-08,4,The Fate Of Ophelia,Taylor Swift,2,1,4
2025-11-08,5,Ordinary,Alex Warren,3,1,34
2025-11-08,6,Greece N' Paris,Orlando Kallen,-,6,1
2025-11-08,7,Fin de Semana,Kruze World,-,7,1
2025-11-08,8,Parisienne,GIMS x La Mano 1.9,4,3,12
2025-11-08,9,MON BEBE,RnBoi,-,9,1
2025-11-08,10,Back To Friends,sombr,7,5,21
2025-11-08,11,Man I Need,Olivia Dean,8,8,7
2025-11-08,12,Beautiful Things,Benson Boone,11,1,92
2025-11-08,13,No Broke Boys,Disco Lines & Tinashe,6,6,12
2025-11-08,14,Another Love,Tom Odell,13,4,99
2025-11-08,15,Where Is My Husband!,RAYE,10,10,6
2025-11-08,16,Opalite,Taylor Swift,5,4,4
2025-11-08,17,Love Me Not,Ravyn Lenae,12,5,21
2025-11-08,18,Now Or Never,Tkandz,9,8,4
2025-11-08,19,Soleil Bleu,Bleu Soleil With LUIZA,16,9,11
2025-11-08,20,APT.,ROSE & Bruno Mars,19,1,52
2025-11-08,21,melodrama,Disiz & Theodora,-,21,1
2025-11-08,22,12 To 12,sombr,15,15,5
2025-11-08,23,Messy,Lola Young,17,3,42
2025-11-08,24,Charger,"Kokosvoice, Mauvais djo & MC YOSHI",18,3,15
2025-11-08,25,Lose Control,Teddy Swims,25,1,69
2025-11-15,1,Golden,"HUNTR/X: EJAE, Audrey Nuna & REI AMI",2,1,18
2025-11-15,2,The Fate Of Ophelia,Taylor Swift,4,1,5
2025-11-15,3,Ordinary,Alex Warren,5,1,35
2025-11-15,4,MON BEBE,RnBoi,9,4,2
2025-11-15,5,Parisienne,GIMS x La Mano 1.9,8,3,13
2025-11-15,6,Berghain,"ROSALIA, Bjork & Yves Tumor",-,6,1
2025-11-15,7,To The Sky,Luciano & Tayc,-,7,1
2025-11-15,8,Man I Need,Olivia Dean,11,8,8
2025-11-15,9,Back To Friends,sombr,10,5,22
2025-11-15,10,Where Is My Husband!,RAYE,15,10,7
2025-11-15,11,No Broke Boys,Disco Lines & Tinashe,13,6,13
2025-11-15,12,Beautiful Things,Benson Boone,12,1,93
2025-11-15,13,Another Love,Tom Odell,14,4,100
2025-11-15,14,Trap House,Yrkdarapper Featuring OG Cuicide & IMB Izzy,-,14,1
2025-11-15,15,Love Me Not,Ravyn Lenae,17,5,22
2025-11-15,16,069,Haftbefehl,-,16,1
2025-11-15,17,Raindance,Dave & Tems,-,17,1
2025-11-15,18,Opalite,Taylor Swift,16,4,5
2025-11-15,19,Soleil Bleu,Bleu Soleil With LUIZA,19,9,12
2025-11-15,20,melodrama,Disiz & Theodora,21,20,2
2025-11-15,21,Back Outside,Sosa La M,-,21,1
2025-11-15,22,APT.,ROSE & Bruno Mars,20,1,53
2025-11-15,23,1999 Pt. 5 (Mainpark Baby),Haftbefehl,-,23,1
2025-11-15,24,12 To 12,sombr,22,15,6
2025-11-15,25,Messy,Lola Young,23,3,43
2025-11-22,1,The Fate Of Ophelia,Taylor Swift,2,1,6
2025-11-22,2,Golden,"HUNTR/X: EJAE, Audrey Nuna & REI AMI",1,1,19
2025-11-22,3,MON BEBE,RnBoi,4,3,3
2025-11-22,4,Ordinary,Alex Warren,3,1,36
2025-11-22,5,Berghain,"ROSALIA, Bjork & Yves Tumor",6,5,2
2025-11-22,6,Parisienne,GIMS x La Mano 1.9,5,3,14
2025-11-22,7,Where Is My Husband!,RAYE,10,7,8
2025-11-22,8,Man I Need,Olivia Dean,8,8,9
2025-11-22,9,La Perla,ROSALIA & Yahritza y Su Esencia,-,9,1
2025-11-22,10,No Broke Boys,Disco Lines & Tinashe,11,6,14
2025-11-22,11,Back To Friends,sombr,9,5,23
2025-11-22,12,Beautiful Things,Benson Boone,12,1,94
2025-11-22,13,Reliquia,ROSALIA,-,13,1
2025-11-22,14,melodrama,Disiz & Theodora,20,14,3
2025-11-22,15,Listerine,"SSGKobe, 808wrld, zvch & MALKIEM!",-,15,1
2025-11-22,16,Love Me Not,Ravyn Lenae,15,5,23
2025-11-22,17,Another Love,Tom Odell,13,4,101
2025-11-22,18,"Sexo, Violencia y Llantas",ROSALIA,-,18,1
2025-11-22,19,Seven,Jung Kook Featuring Latto,-,5,10
2025-11-22,20,Memoria,ROSALIA & Carminho,-,20,1
2025-11-22,21,Raindance,Dave & Tems,17,17,2
2025-11-22,22,Opalite,Taylor Swift,18,4,6
2025-11-22,23,Soleil Bleu,Bleu Soleil With LUIZA,19,9,13
2025-11-22,24,Divinize,ROSALIA,-,24,1
2025-11-22,25,12 To 12,sombr,24,15,7
2025-11-29,1,MON BEBE,RnBoi,3,1,4
2025-11-29,2,City Boy Of The Year,Money Mayhem,-,2,1
2025-11-29,3,The Fate Of Ophelia,Taylor Swift,1,1,7
2025-11-29,4,Golden,"HUNTR/X: EJAE, Audrey Nuna & REI AMI",2,1,20
2025-11-29,5,Ordinary,Alex Warren,4,1,37
2025-11-29,6,Where Is My Husband!,RAYE,7,6,9
2025-11-29,7,Parisienne,GIMS x La Mano 1.9,6,3,15
2025-11-29,8,Man I Need,Olivia Dean,8,8,10
2025-11-29,9,Sexta,Sunce x Briz The Batchlor x Triple0G809 x Lupus.674,-,9,1
2025-11-29,10,All I Want For Christmas Is You,Mariah Carey,-,1,20
2025-11-29,11,No Broke Boys,Disco Lines & Tinashe,10,6,15
2025-11-29,12,Last Christmas,Wham!,-,1,19
2025-11-29,13,melodrama,Disiz & Theodora,14,13,4
2025-11-29,14,Back To Friends,sombr,11,5,24
2025-11-29,15,Berghain,"ROSALIA, Bjork & Yves Tumor",5,5,3
2025-11-29,16,Beautiful Things,Benson Boone,12,1,95
2025-11-29,17,Another Love,Tom Odell,17,4,102
2025-11-29,18,La Perla,ROSALIA & Yahritza y Su Esencia,9,9,2
2025-11-29,19,Raindance,Dave & Tems,21,17,3
2025-11-29,20,Love Me Not,Ravyn Lenae,16,5,24
2025-11-29,21,So Easy (To Fall In Love),Olivia Dean,-,21,1
2025-11-29,22,12 To 12,sombr,25,15,8
2025-11-29,23,Messy,Lola Young,-,3,44
2025-11-29,24,Generation Impolie,Franglish Featuring KeBlack,-,24,1
2025-11-29,25,Opalite,Taylor Swift,22,4,7
2025-12-06,1,MON BEBE,RnBoi,1,1,5
2025-12-06,2,The Fate Of Ophelia,Taylor Swift,3,1,8
2025-12-06,3,Golden,"HUNTR/X: EJAE, Audrey Nuna & REI AMI",4,1,21
2025-12-06,4,Ordinary,Alex Warren,5,1,38
2025-12-06,5,All I Want For Christmas Is You,Mariah Carey,10,1,21
2025-12-06,6,Last Christmas,Wham!,12,1,20
2025-12-06,7,Where Is My Husband!,RAYE,6,6,10
2025-12-06,8,Man I Need,Olivia Dean,8,8,11
2025-12-06,9,Jingle Bell Rock,Bobby Helms,-,4,16
2025-12-06,10,Parisienne,GIMS x La Mano 1.9,7,3,16
2025-12-06,11,Rockin' Around The Christmas Tree,Brenda Lee,-,2,16
2025-12-06,12,melodrama,Disiz & Theodora,13,12,5
2025-12-06,13,Snowman,Sia,-,5,15
2025-12-06,14,Let It Snow! Let It Snow! Let It Snow!,Dean Martin,-,4,16
2025-12-06,15,Santa Tell Me,Ariana Grande,-,7,16
2025-12-06,16,No Broke Boys,Disco Lines & Tinashe,11,6,16
2025-12-06,17,Underneath The Tree,Kelly Clarkson,-,9,13
2025-12-06,18,It's Beginning To Look A Lot Like Christmas,Michael Buble,-,4,15
2025-12-06,19,Back To Friends,sombr,14,5,25
2025-12-06,20,Love You,Nono La Grinta,-,20,1
2025-12-06,21,It's The Most Wonderful Time Of The Year,Andy Williams,-,7,14
2025-12-06,22,Another Love,Tom Odell,17,4,103
2025-12-06,23,Seven,Jung Kook Featuring Latto,-,5,11
2025-12-06,24,Beautiful Things,Benson Boone,16,1,96
2025-12-06,25,Sleigh Ride,The Ronettes,-,11,12
2025-12-13,1,MON BEBE,RnBoi,1,1,6
2025-12-13,2,All I Want For Christmas Is You,Mariah Carey,5,1,22
2025-12-13,3,Last Christmas,Wham!,6,1,21
2025-12-13,4,The Fate Of Ophelia,Taylor Swift,2,1,9
2025-12-13,5,Golden,"HUNTR/X: EJAE, Audrey Nuna & REI AMI",3,1,22
2025-12-13,6,Ordinary,Alex Warren,4,1,39
2025-12-13,7,Rockin' Around The Christmas Tree,Brenda Lee,11,2,17
2025-12-13,8,Jingle Bell Rock,Bobby Helms,9,4,17
2025-12-13,9,Let It Snow! Let It Snow! Let It Snow!,Dean Martin,14,4,17
2025-12-13,10,Snowman,Sia,13,5,16
2025-12-13,11,Santa Tell Me,Ariana Grande,15,7,17
2025-12-13,12,Where Is My Husband!,RAYE,7,6,11
2025-12-13,13,It's Beginning To Look A Lot Like Christmas,Michael Buble,18,4,16
2025-12-13,14,Underneath The Tree,Kelly Clarkson,17,9,14
2025-12-13,15,melodrama,Disiz & Theodora,12,12,6
2025-12-13,16,It's The Most Wonderful Time Of The Year,Andy Williams,21,7,15
2025-12-13,17,Parisienne,GIMS x La Mano 1.9,10,3,17
2025-12-13,18,Man I Need,Olivia Dean,8,8,12
2025-12-13,19,Holly Jolly Christmas,Michael Buble,-,11,13
2025-12-13,20,Sleigh Ride,The Ronettes,25,11,13
2025-12-13,21,Feliz Navidad,Jose Feliciano,-,8,13
2025-12-13,22,Love You,Nono La Grinta,20,20,2
2025-12-13,23,Mistletoe,Justin Bieber,-,14,9
2025-12-13,24,No Broke Boys,Disco Lines & Tinashe,16,6,17
2025-12-13,25,Another Love,Tom Odell,22,4,104
2025-12-20,1,Last Christmas,Wham!,3,1,22
2025-12-20,2,All I Want For Christmas Is You,Mariah Carey,2,1,23
2025-12-20,3,MON BEBE,RnBoi,1,1,7
2025-12-20,4,The Fate Of Ophelia,Taylor Swift,4,1,10
2025-12-20,5,Golden,"HUNTR/X: EJAE, Audrey Nuna & REI AMI",5,1,23
2025-12-20,6,Rockin' Around The Christmas Tree,Brenda Lee,7,2,18
2025-12-20,7,Jingle Bell Rock,Bobby Helms,8,4,18
2025-12-20,8,Let It Snow! Let It Snow! Let It Snow!,Dean Martin,9,4,18
2025-12-20,9,Snowman,Sia,10,5,17
2025-12-20,10,Ordinary,Alex Warren,6,1,40
2025-12-20,11,Santa Tell Me,Ariana Grande,11,7,18
2025-12-20,12,It's Beginning To Look A Lot Like Christmas,Michael Buble,13,4,17
2025-12-20,13,Underneath The Tree,Kelly Clarkson,14,9,15
2025-12-20,14,melodrama,Disiz & Theodora,15,12,7
2025-12-20,15,It's The Most Wonderful Time Of The Year,Andy Williams,16,7,16
2025-12-20,16,Where Is My Husband!,RAYE,12,6,12
2025-12-20,17,Feliz Navidad,Jose Feliciano,21,8,14
2025-12-20,18,Sleigh Ride,The Ronettes,20,11,14
2025-12-20,19,Holly Jolly Christmas,Michael Buble,19,11,14
2025-12-20,20,Love You,Nono La Grinta,22,20,3
2025-12-20,21,Parisienne,GIMS x La Mano 1.9,17,3,18
2025-12-20,22,Mistletoe,Justin Bieber,23,14,10
2025-12-20,23,Man I Need,Olivia Dean,18,8,13
2025-12-20,24,The Christmas Song (Merry Christmas To You),"Nat ""King"" Cole",-,16,3
2025-12-20,25,Generation Impolie,Franglish Featuring KeBlack,-,24,2
2025-12-27,1,Last Christmas,Wham!,1,1,23
2025-12-27,2,All I Want For Christmas Is You,Mariah Carey,2,1,24
2025-12-27,3,MON BEBE,RnBoi,3,1,8
2025-12-27,4,The Fate Of Ophelia,Taylor Swift,4,1,11
2025-12-27,5,Rockin' Around The Christmas Tree,Brenda Lee,6,2,19
2025-12-27,6,Jingle Bell Rock,Bobby Helms,7,4,19
2025-12-27,7,Golden,"HUNTR/X: EJAE, Audrey Nuna & REI AMI",5,1,24
2025-12-27,8,Snowman,Sia,9,5,18
2025-12-27,9,Let It Snow! Let It Snow! Let It Snow!,Dean Martin,8,4,19
2025-12-27,10,Santa Tell Me,Ariana Grande,11,7,19
2025-12-27,11,Ordinary,Alex Warren,10,1,41
2025-12-27,12,Underneath The Tree,Kelly Clarkson,13,9,16
2025-12-27,13,It's Beginning To Look A Lot Like Christmas,Michael Buble,12,4,18
2025-12-27,14,melodrama,Disiz & Theodora,14,12,8
2025-12-27,15,Feliz Navidad,Jose Feliciano,17,8,15
2025-12-27,16,It's The Most Wonderful Time Of The Year,Andy Williams,15,7,17
2025-12-27,17,Where Is My Husband!,RAYE,16,6,13
2025-12-27,18,Love You,Nono La Grinta,20,18,4
2025-12-27,19,Sleigh Ride,The Ronettes,18,11,15
2025-12-27,20,Holly Jolly Christmas,Michael Buble,19,11,15
2025-12-27,21,Seven,Jung Kook Featuring Latto,-,5,12
2025-12-27,22,Mistletoe,Justin Bieber,22,14,11
2025-12-27,23,Raindance,Dave & Tems,-,17,4
2025-12-27,24,The Christmas Song (Merry Christmas To You),"Nat ""King"" Cole",24,16,4
2025-12-27,25,Parisienne,GIMS x La Mano 1.9,21,3,19
2026-01-03,1,Last Christmas,Wham!,1,1,24
2026-01-03,2,All I Want For Christmas Is You,Mariah Carey,2,1,25
2026-01-03,3,Rockin' Around The Christmas Tree,Brenda Lee,5,2,20
2026-01-03,4,Let It Snow! Let It Snow! Let It Snow!,Dean Martin,9,4,20
2026-01-03,5,Jingle Bell Rock,Bobby Helms,6,4,20
2026-01-03,6,Snowman,Sia,8,5,19
2026-01-03,7,Santa Tell Me,Ariana Grande,10,7,20
2026-01-03,8,The Running Man,J. Saint James,-,8,1
2026-01-03,9,Underneath The Tree,Kelly Clarkson,12,9,17
2026-01-03,10,It's Beginning To Look A Lot Like Christmas,Michael Buble,13,4,19
2026-01-03,11,It's The Most Wonderful Time Of The Year,Andy Williams,16,7,18
2026-01-03,12,Dont Hang Up,Stevieknocks,-,12,1
2026-01-03,13,Feliz Navidad,Jose Feliciano,15,8,16
2026-01-03,14,Holly Jolly Christmas,Michael Buble,20,11,16
2026-01-03,15,Sleigh Ride,The Ronettes,19,11,16
2026-01-03,16,The Christmas Song (Merry Christmas To You),"Nat ""King"" Cole",24,16,5
2026-01-03,17,Mistletoe,Justin Bieber,22,14,12
2026-01-03,18,Happy Xmas (War Is Over),John & Yoko/The Plastic Ono Band With The Harlem Community Choir,-,15,6
2026-01-03,19,Driving Home For Christmas,Chris Rea,-,14,5
2026-01-03,20,MON BEBE,RnBoi,3,1,9
2026-01-03,21,The Fate Of Ophelia,Taylor Swift,4,1,12
2026-01-03,22,Wonderful Christmastime,Paul McCartney,-,17,5
2026-01-03,23,Merry Christmas Everyone,Shakin' Stevens,-,18,3
2026-01-03,24,Christmas (Baby Please Come Home),Darlene Love,-,24,1
2026-01-03,25,Golden,"HUNTR/X: EJAE, Audrey Nuna & REI AMI",7,1,25
2026-01-10,1,The Fate Of Ophelia,Taylor Swift,21,1,13
2026-01-10,2,Golden,"HUNTR/X: EJAE, Audrey Nuna & REI AMI",25,1,26
2026-01-10,3,MON BEBE,RnBoi,20,1,10
2026-01-10,4,Seven,Jung Kook Featuring Latto,-,4,13
2026-01-10,5,Ordinary,Alex Warren,-,1,42
2026-01-10,6,Where Is My Husband!,RAYE,-,6,14
2026-01-10,7,Raindance,Dave & Tems,-,7,5
2026-01-10,8,Love You,Nono La Grinta,-,8,5
2026-01-10,9,melodrama,Disiz & Theodora,-,9,9
2026-01-10,10,Parisienne,GIMS x La Mano 1.9,-,3,20
2026-01-10,11,Man I Need,Olivia Dean,-,8,14
2026-01-10,12,No Broke Boys,Disco Lines & Tinashe,-,6,18
2026-01-10,13,Last Christmas,Wham!,1,1,25
2026-01-10,14,End Of Beginning,Djo,-,5,10
2026-01-10,15,Generation Impolie,Franglish Featuring KeBlack,-,15,3
2026-01-10,16,APT.,ROSE & Bruno Mars,-,1,54
2026-01-10,17,Every Breath You Take,The Police,-,17,1
2026-01-10,18,All I Want For Christmas Is You,Mariah Carey,2,1,26
2026-01-10,19,Lush Life,Zara Larsson,-,19,1
2026-01-10,20,12 To 12,sombr,-,15,9
2026-01-10,21,Chanel,Tyla,-,21,1
2026-01-10,22,Love Me Not,Ravyn Lenae,-,5,25
2026-01-10,23,Back To Friends,sombr,-,5,26
2026-01-10,24,Beautiful Things,Benson Boone,-,1,97
2026-01-10,25,Snowman,Sia,6,5,20
2026-01-17,1,End Of Discussion,Energy Bank,-,1,1
2026-01-17,2,The Fate Of Ophelia,Taylor Swift,1,1,14
2026-01-17,3,MON BEBE,RnBoi,3,1,11
2026-01-17,4,End Of Beginning,Djo,14,4,11
2026-01-17,5,Golden,"HUNTR/X: EJAE, Audrey Nuna & REI AMI",2,1,27
2026-01-17,6,Raindance,Dave & Tems,7,6,6
2026-01-17,7,Ordinary,Alex Warren,5,1,43
2026-01-17,8,Where Is My Husband!,RAYE,6,6,15
2026-01-17,9,Seven,Jung Kook Featuring Latto,4,4,14
2026-01-17,10,Love You,Nono La Grinta,8,8,6
2026-01-17,11,melodrama,Disiz & Theodora,9,9,10
2026-01-17,12,Man I Need,Olivia Dean,11,8,15
2026-01-17,13,Parisienne,GIMS x La Mano 1.9,10,3,21
2026-01-17,14,No Broke Boys,Disco Lines & Tinashe,12,6,19
2026-01-17,15,Lush Life,Zara Larsson,19,15,2
2026-01-17,16,Every Breath You Take,The Police,17,16,2
2026-01-17,17,Generation Impolie,Franglish Featuring KeBlack,15,15,4
2026-01-17,18,Back To Friends,sombr,23,5,27
2026-01-17,19,12 To 12,sombr,20,15,10
2026-01-17,20,Beautiful Things,Benson Boone,24,1,98
2026-01-17,21,Love Me Not,Ravyn Lenae,22,5,26
2026-01-17,22,So Easy (To Fall In Love),Olivia Dean,-,21,2
2026-01-17,23,Chanel,Tyla,21,21,2
2026-01-17,24,RUINART,R2,-,13,17
2026-01-17,25,Running Up That Hill (A Deal With God),Kate Bush,-,1,18
2026-01-24,1,The Fate Of Ophelia,Taylor Swift,2,1,15
2026-01-24,2,End Of Beginning,Djo,4,2,12
2026-01-24,3,MON BEBE,RnBoi,3,1,12
2026-01-24,4,Raindance,Dave & Tems,6,4,7
2026-01-24,5,Golden,"HUNTR/X: EJAE, Audrey Nuna & REI AMI",5,1,28
2026-01-24,6,Seven,Jung Kook Featuring Latto,9,4,15
2026-01-24,7,Where Is My Husband!,RAYE,8,6,16
2026-01-24,8,Ordinary,Alex Warren,7,1,44
2026-01-24,9,Love You,Nono La Grinta,10,8,7
2026-01-24,10,Les Diamants de Bokassa,Ninho Featuring Tiakola,-,10,1
2026-01-24,11,Man I Need,Olivia Dean,12,8,16
2026-01-24,12,Lush Life,Zara Larsson,15,12,3
2026-01-24,13,Love Cure,Chris Redding Featuring Lachi,-,13,1
2026-01-24,14,melodrama,Disiz & Theodora,11,9,11
2026-01-24,15,Parisienne,GIMS x La Mano 1.9,13,3,22
2026-01-24,16,I Just Might,Bruno Mars,-,16,1
2026-01-24,17,No Broke Boys,Disco Lines & Tinashe,14,6,20
2026-01-24,18,Back To Friends,sombr,18,5,28
2026-01-24,19,Generation Impolie,Franglish Featuring KeBlack,17,15,5
2026-01-24,20,12 To 12,sombr,19,15,11
2026-01-24,21,Every Breath You Take,The Police,16,16,3
2026-01-24,22,I Run,HAVEN. Featuring Kaitlin Aragon,-,22,1
2026-01-24,23,Papaoutai (Afro Soul),Chill77 & Unjaps,-,23,1
2026-01-24,24,No Batidao,ZXKAI & slxughter,-,24,1
2026-01-24,25,Beautiful Things,Benson Boone,20,1,99
2026-01-31,1,Seven,Jung Kook Featuring Latto,6,1,16
2026-01-31,2,MON BEBE,RnBoi,3,1,13
2026-01-31,3,Raindance,Dave & Tems,4,3,8
2026-01-31,4,Avec Moi,RnBoi + Nono La Grinta,-,4,1
2026-01-31,5,The Fate Of Ophelia,Taylor Swift,1,1,16
2026-01-31,6,End Of Beginning,Djo,2,2,13
2026-01-31,7,Golden,"HUNTR/X: EJAE, Audrey Nuna & REI AMI",5,1,29
2026-01-31,8,Where Is My Husband!,RAYE,7,6,17
2026-01-31,9,Love You,Nono La Grinta,9,8,8
2026-01-31,10,Ordinary,Alex Warren,8,1,45
2026-01-31,11,Lush Life,Zara Larsson,12,11,4
2026-01-31,12,Man I Need,Olivia Dean,11,8,17
2026-01-31,13,Les Diamants de Bokassa,Ninho Featuring Tiakola,10,10,2
2026-01-31,14,I Just Might,Bruno Mars,16,14,2
2026-01-31,15,melodrama,Disiz & Theodora,14,9,12
2026-01-31,16,Papaoutai (Afro Soul),Chill77 & Unjaps,23,16,2
2026-01-31,17,Parisienne,GIMS x La Mano 1.9,15,3,23
2026-01-31,18,No Broke Boys,Disco Lines & Tinashe,17,6,21
2026-01-31,19,Generation Impolie,Franglish Featuring KeBlack,19,15,6
2026-01-31,20,No Batidao,ZXKAI & slxughter,24,20,2
2026-01-31,21,Back To Friends,sombr,18,5,29
2026-01-31,22,B.M.S (By My Side),Rambo,-,22,1
2026-01-31,23,12 To 12,sombr,20,15,12
2026-01-31,24,Die On This Hill,Sienna Spiro,-,24,1
2026-01-31,25,BTRD,RnBoi,-,25,1
2026-02-07,1,Seven,Jung Kook Featuring Latto,1,1,17
2026-02-07,2,MON BEBE,RnBoi,2,1,14
2026-02-07,3,Avec Moi,RnBoi + Nono La Grinta,4,3,2
2026-02-07,4,End Of Beginning,Djo,6,2,14
2026-02-07,5,Raindance,Dave & Tems,3,3,9
2026-02-07,6,The Fate Of Ophelia,Taylor Swift,5,1,17
2026-02-07,7,Where Is My Husband!,RAYE,8,6,18
2026-02-07,8,Golden,"HUNTR/X: EJAE, Audrey Nuna & REI AMI",7,1,30
2026-02-07,9,Love You,Nono La Grinta,9,8,9
2026-02-07,10,Ordinary,Alex Warren,10,1,46
2026-02-07,11,Aperture,Harry Styles,-,11,1
2026-02-07,12,Lush Life,Zara Larsson,11,11,5
2026-02-07,13,Man I Need,Olivia Dean,12,8,18
2026-02-07,14,I Just Might,Bruno Mars,14,14,3
2026-02-07,15,melodrama,Disiz & Theodora,15,9,13
2026-02-07,16,B.M.S (By My Side),Rambo,22,16,2
2026-02-07,17,"God Loves You (From ""Star With A Name"")",Daniel Septilici,-,17,1
2026-02-07,18,Parisienne,GIMS x La Mano 1.9,17,3,24
2026-02-07,19,No Batidao,ZXKAI & slxughter,20,19,3
2026-02-07,20,No Broke Boys,Disco Lines & Tinashe,18,6,22
2026-02-07,21,Papaoutai (Afro Soul),Chill77 & Unjaps,16,16,3
2026-02-07,22,Generation Impolie,Franglish Featuring KeBlack,19,15,7
2026-02-07,23,Back To Friends,sombr,21,5,30
2026-02-07,24,12 To 12,sombr,23,15,13
2026-02-07,25,Mother Nature,Eva Marija,-,25,1
2026-02-14,1,Seven,Jung Kook Featuring Latto,1,1,18
2026-02-14,2,MON BEBE,RnBoi,2,1,15
2026-02-14,3,Raindance,Dave & Tems,5,3,10
2026-02-14,4,End Of Beginning,Djo,4,2,15
2026-02-14,5,Where Is My Husband!,RAYE,7,5,19
2026-02-14,6,The Fate Of Ophelia,Taylor Swift,6,1,18
2026-02-14,7,Avec Moi,RnBoi + Nono La Grinta,3,3,3
2026-02-14,8,Golden,"HUNTR/X: EJAE, Audrey Nuna & REI AMI",8,1,31
2026-02-14,9,Ordinary,Alex Warren,10,1,47
2026-02-14,10,Love You,Nono La Grinta,9,8,10
2026-02-14,11,DTMF,Bad Bunny,-,1,35
2026-02-14,12,Man I Need,Olivia Dean,13,8,19
2026-02-14,13,Lush Life,Zara Larsson,12,11,6
2026-02-14,14,B.M.S (By My Side),Rambo,16,14,3
2026-02-14,15,melodrama,Disiz & Theodora,15,9,14
2026-02-14,16,No Batidao,ZXKAI & slxughter,19,16,4
2026-02-14,17,Parisienne,GIMS x La Mano 1.9,18,3,25
2026-02-14,18,No Broke Boys,Disco Lines & Tinashe,20,6,23
2026-02-14,19,12 To 12,sombr,24,15,14
2026-02-14,20,I Just Might,Bruno Mars,14,14,4
2026-02-14,21,Back To Friends,sombr,23,5,31
2026-02-14,22,Papaoutai (Afro Soul),Chill77 & Unjaps,21,16,4
2026-02-14,23,Baile Inolvidable,Bad Bunny,-,5,7
2026-02-14,24,So Easy (To Fall In Love),Olivia Dean,-,21,3
2026-02-14,25,Nuevayol,Bad Bunny,-,4,8
2026-02-21,1,DTMF,Bad Bunny,11,1,36
2026-02-21,2,Nuevayol,Bad Bunny,25,2,9
2026-02-21,3,Baile Inolvidable,Bad Bunny,23,3,8
2026-02-21,4,Raindance,Dave & Tems,3,3,11
2026-02-21,5,MON BEBE,RnBoi,2,1,16
2026-02-21,6,Ordinary,Alex Warren,9,1,48
2026-02-21,7,It's Over,Sophia Mengrosso,-,7,1
2026-02-21,8,The Fate Of Ophelia,Taylor Swift,6,1,19
2026-02-21,9,Golden,"HUNTR/X: EJAE, Audrey Nuna & REI AMI",8,1,32
2026-02-21,10,Where Is My Husband!,RAYE,5,5,20
2026-02-21,11,End Of Beginning,Djo,4,2,16
2026-02-21,12,Titi Me Pregunto,Bad Bunny,-,12,1
2026-02-21,13,EOO,Bad Bunny,-,13,1
2026-02-21,14,Avec Moi,RnBoi + Nono La Grinta,7,3,4
2026-02-21,15,Man I Need,Olivia Dean,12,8,20
2026-02-21,16,Seven,Jung Kook Featuring Latto,1,1,19
2026-02-21,17,Voy A Llevarte Pa PR,Bad Bunny,-,11,5
2026-02-21,18,Lush Life,Zara Larsson,13,11,7
2026-02-21,19,Love You,Nono La Grinta,10,8,11
2026-02-21,20,No Batidao,ZXKAI & slxughter,16,16,5
2026-02-21,21,La Cancion,J Balvin & Bad Bunny,-,21,1
2026-02-21,22,Opalite,Taylor Swift,-,4,8
2026-02-21,23,12 To 12,sombr,19,15,15
2026-02-21,24,B.M.S (By My Side),Rambo,14,14,4
2026-02-21,25,melodrama,Disiz & Theodora,15,9,15
2026-02-28,1,DTMF,Bad Bunny,1,1,37
2026-02-28,2,Nuevayol,Bad Bunny,2,2,10
2026-02-28,3,Titi Me Pregunto,Bad Bunny,12,3,2
2026-02-28,4,Seven,Jung Kook Featuring Latto,16,1,20
2026-02-28,5,Baile Inolvidable,Bad Bunny,3,3,9
2026-02-28,6,Raindance,Dave & Tems,4,3,12
2026-02-28,7,Golden,"HUNTR/X: EJAE, Audrey Nuna & REI AMI",9,1,33
2026-02-28,8,Where Is My Husband!,RAYE,10,5,21
2026-02-28,9,MON BEBE,RnBoi,5,1,17
2026-02-28,10,The Fate Of Ophelia,Taylor Swift,8,1,20
2026-02-28,11,End Of Beginning,Djo,11,2,17
2026-02-28,12,Ordinary,Alex Warren,6,1,49
2026-02-28,13,Man I Need,Olivia Dean,15,8,21
2026-02-28,14,EOO,Bad Bunny,13,13,2
2026-02-28,15,Avec Moi,RnBoi + Nono La Grinta,14,3,5
2026-02-28,16,Lush Life,Zara Larsson,18,11,8
2026-02-28,17,Love You,Nono La Grinta,19,8,12
2026-02-28,18,No Batidao,ZXKAI & slxughter,20,16,6
2026-02-28,19,melodrama,Disiz & Theodora,25,9,16
2026-02-28,20,Parisienne,GIMS x La Mano 1.9,-,3,26
2026-02-28,21,Voy A Llevarte Pa PR,Bad Bunny,17,11,6
2026-02-28,22,12 To 12,sombr,23,15,16
2026-02-28,23,No Broke Boys,Disco Lines & Tinashe,-,6,24
2026-02-28,24,I Just Might,Bruno Mars,-,14,5
2026-02-28,25,B.M.S (By My Side),Rambo,24,14,5
2026-03-07,1,DTMF,Bad Bunny,1,1,38
2026-03-07,2,MON BEBE,RnBoi,9,1,18
2026-03-07,3,Raindance,Dave & Tems,6,3,13
2026-03-07,4,Titi Me Pregunto,Bad Bunny,3,3,3
2026-03-07,5,Golden,"HUNTR/X: EJAE, Audrey Nuna & REI AMI",7,1,34
2026-03-07,6,Argent Sale (Live: Colors Studios),La Rvfleuze,-,6,1
2026-03-07,7,The Fate Of Ophelia,Taylor Swift,10,1,21
2026-03-07,8,Nuevayol,Bad Bunny,2,2,11
2026-03-07,9,Where Is My Husband!,RAYE,8,5,22
2026-03-07,10,End Of Beginning,Djo,11,2,18
2026-03-07,11,Ordinary,Alex Warren,12,1,50
2026-03-07,12,Baile Inolvidable,Bad Bunny,5,3,10
2026-03-07,13,Seven,Jung Kook Featuring Latto,4,1,21
2026-03-07,14,Man I Need,Olivia Dean,13,8,22
2026-03-07,15,Love You,Nono La Grinta,17,8,13
2026-03-07,16,I Deserve,Stevieknocks,-,16,1
2026-03-07,17,Avec Moi,RnBoi + Nono La Grinta,15,3,6
2026-03-07,18,Lush Life,Zara Larsson,16,11,9
2026-03-07,19,No Batidao,ZXKAI & slxughter,18,16,7
2026-03-07,20,B.M.S (By My Side),Rambo,25,14,6
2026-03-07,21,melodrama,Disiz & Theodora,19,9,17
2026-03-07,22,Two Car Garage,Jon Bellion & Swae Lee,-,22,1
2026-03-07,23,12 To 12,sombr,22,15,17
2026-03-07,24,No Broke Boys,Disco Lines & Tinashe,23,6,25
2026-03-07,25,Parisienne,GIMS x La Mano 1.9,20,3,27
2026-03-14,1,Envolver,Anitta,-,1,7
2026-03-14,2,DTMF,Bad Bunny,1,1,39
2026-03-14,3,Raindance,Dave & Tems,3,3,14
2026-03-14,4,MON BEBE,RnBoi,2,1,19
2026-03-14,5,Nuevayol,Bad Bunny,8,2,12
2026-03-14,6,Where Is My Husband!,RAYE,9,5,23
2026-03-14,7,Golden,"HUNTR/X: EJAE, Audrey Nuna & REI AMI",5,1,35
2026-03-14,8,The Fate Of Ophelia,Taylor Swift,7,1,22
2026-03-14,9,Ordinary,Alex Warren,11,1,51
2026-03-14,10,Titi Me Pregunto,Bad Bunny,4,3,4
2026-03-14,11,Seven,Jung Kook Featuring Latto,13,1,22
2026-03-14,12,End Of Beginning,Djo,10,2,19
2026-03-14,13,Argent Sale (Live: Colors Studios),La Rvfleuze,6,6,2
2026-03-14,14,Stateside,PinkPantheress With Zara Larsson,-,14,1
2026-03-14,15,Baile Inolvidable,Bad Bunny,12,3,11
2026-03-14,16,Lush Life,Zara Larsson,18,11,10
2026-03-14,17,Love You,Nono La Grinta,15,8,14
2026-03-14,18,Man I Need,Olivia Dean,14,8,23
2026-03-14,19,I Just Might,Bruno Mars,-,14,6
2026-03-14,20,Fever Dream,Alex Warren,-,20,1
2026-03-14,21,No Batidao,ZXKAI & slxughter,19,16,8
2026-03-14,22,Risk It All,Bruno Mars,-,22,1
2026-03-14,23,Avec Moi,RnBoi + Nono La Grinta,17,3,7
2026-03-14,24,B.M.S (By My Side),Rambo,20,14,7
2026-03-14,25,melodrama,Disiz & Theodora,21,9,18
2026-03-21,1,Raindance,Dave & Tems,3,1,15
2026-03-21,2,DTMF,Bad Bunny,2,1,40
2026-03-21,3,Ordinary,Alex Warren,9,1,52
2026-03-21,4,Where Is My Husband!,RAYE,6,4,24
2026-03-21,5,Golden,"HUNTR/X: EJAE, Audrey Nuna & REI AMI",7,1,36
2026-03-21,6,The Fate Of Ophelia,Taylor Swift,8,1,23
2026-03-21,7,Nuevayol,Bad Bunny,5,2,13
2026-03-21,8,MON BEBE,RnBoi,4,1,20
2026-03-21,9,End Of Beginning,Djo,12,2,20
2026-03-21,10,Seven,Jung Kook Featuring Latto,11,1,23
2026-03-21,11,Titi Me Pregunto,Bad Bunny,10,3,5
2026-03-21,12,Lush Life,Zara Larsson,16,11,11
2026-03-21,13,Argent Sale (Live: Colors Studios),La Rvfleuze,13,6,3
2026-03-21,14,American Girls,Harry Styles,-,14,1
2026-03-21,15,No Batidao,ZXKAI & slxughter,21,15,9
2026-03-21,16,Stateside,PinkPantheress With Zara Larsson,14,14,2
2026-03-21,17,Man I Need,Olivia Dean,18,8,24
2026-03-21,18,Love You,Nono La Grinta,17,8,15
2026-03-21,19,Babydoll,Dominic Fike,-,19,1
2026-03-21,20,Baile Inolvidable,Bad Bunny,15,3,12
2026-03-21,21,White Keys,Dominic Fike,-,21,1
2026-03-21,22,Avec Moi,RnBoi + Nono La Grinta,23,3,8
2026-03-21,23,12 To 12,sombr,-,15,18
2026-03-21,24,Dracula,Tame Impala & JENNIE,-,24,1
2026-03-21,25,I Just Might,Bruno Mars,19,14,7
2026-03-28,1,Seven,Jung Kook Featuring Latto,10,1,24
2026-03-28,2,The Glamorous Fashion,Money Mayhem,-,2,1
2026-03-28,3,Raindance,Dave & Tems,1,1,16
2026-03-28,4,Golden,"HUNTR/X: EJAE, Audrey Nuna & REI AMI",5,1,37
2026-03-28,5,DTMF,Bad Bunny,2,1,41
2026-03-28,6,Ordinary,Alex Warren,3,1,53
2026-03-28,7,Where Is My Husband!,RAYE,4,4,25
2026-03-28,8,The Fate Of Ophelia,Taylor Swift,6,1,24
2026-03-28,9,Nuevayol,Bad Bunny,7,2,14
2026-03-28,10,MON BEBE,RnBoi,8,1,21
2026-03-28,11,End Of Beginning,Djo,9,2,21
2026-03-28,12,Babydoll,Dominic Fike,19,12,2
2026-03-28,13,No Batidao,ZXKAI & slxughter,15,13,10
2026-03-28,14,White Keys,Dominic Fike,21,14,2
2026-03-28,15,Argent Sale (Live: Colors Studios),La Rvfleuze,13,6,4
2026-03-28,16,Man I Need,Olivia Dean,17,8,25
2026-03-28,17,Dracula,Tame Impala & JENNIE,24,17,2
2026-03-28,18,Stateside,PinkPantheress With Zara Larsson,16,14,3
2026-03-28,19,Love You,Nono La Grinta,18,8,16
2026-03-28,20,Titi Me Pregunto,Bad Bunny,11,3,6
2026-03-28,21,Lush Life,Zara Larsson,12,11,12
2026-03-28,22,American Girls,Harry Styles,14,14,2
2026-03-28,23,Baile Inolvidable,Bad Bunny,20,3,13
2026-03-28,24,12 To 12,sombr,23,15,19
2026-03-28,25,Avec Moi,RnBoi + Nono La Grinta,22,3,9
2026-04-04,1,Seven,Jung Kook Featuring Latto,1,1,25
2026-04-04,2,Funk Town,Voncho Featuring Chuck Cash,-,2,1
2026-04-04,3,Raindance,Dave & Tems,3,1,17
2026-04-04,4,Lift,Trub,-,4,1
2026-04-04,5,Highlife,Leo Grewal,-,5,1
2026-04-04,6,Golden,"HUNTR/X: EJAE, Audrey Nuna & REI AMI",4,1,38
2026-04-04,7,Ordinary,Alex Warren,6,1,54
2026-04-04,8,DTMF,Bad Bunny,5,1,42
2026-04-04,9,Where Is My Husband!,RAYE,7,4,26
2026-04-04,10,Swim,BTS,-,10,1
2026-04-04,11,Babydoll,Dominic Fike,12,11,3
2026-04-04,12,Dracula,Tame Impala & JENNIE,17,12,3
2026-04-04,13,The Fate Of Ophelia,Taylor Swift,8,1,25
2026-04-04,14,MON BEBE,RnBoi,10,1,22
2026-04-04,15,End Of Beginning,Djo,11,2,22
2026-04-04,16,Nuevayol,Bad Bunny,9,2,15
2026-04-04,17,No Batidao,ZXKAI & slxughter,13,13,11
2026-04-04,18,White Keys,Dominic Fike,14,14,3
2026-04-04,19,Love You,Nono La Grinta,19,8,17
2026-04-04,20,Lush Life,Zara Larsson,21,11,13
2026-04-04,21,Man I Need,Olivia Dean,16,8,26
2026-04-04,22,Stateside,PinkPantheress With Zara Larsson,18,14,4
2026-04-04,23,Body To Body,BTS,-,23,1
2026-04-04,24,Argent Sale (Live: Colors Studios),La Rvfleuze,15,6,5
2026-04-04,25,Titi Me Pregunto,Bad Bunny,20,3,7
2026-04-11,1,Seven,Jung Kook Featuring Latto,1,1,26
2026-04-11,2,Raindance,Dave & Tems,3,1,18
2026-04-11,3,Golden,"HUNTR/X: EJAE, Audrey Nuna & REI AMI",6,1,39
2026-04-11,4,Elle Voulait,RnBoi,-,4,1
2026-04-11,5,Where Is My Husband!,RAYE,9,4,27
2026-04-11,6,Ordinary,Alex Warren,7,1,55
2026-04-11,7,Babydoll,Dominic Fike,11,7,4
2026-04-11,8,DTMF,Bad Bunny,8,1,43
2026-04-11,9,Dracula,Tame Impala & JENNIE,12,9,4
2026-04-11,10,The Fate Of Ophelia,Taylor Swift,13,1,26
2026-04-11,11,Swim,BTS,10,10,2
2026-04-11,12,MON BEBE,RnBoi,14,1,23
2026-04-11,13,No Batidao,ZXKAI & slxughter,17,13,12
2026-04-11,14,End Of Beginning,Djo,15,2,23
2026-04-11,15,Promenade,La Rvfleuze Featuring Koba LaD,-,15,1
2026-04-11,16,Nuevayol,Bad Bunny,16,2,16
2026-04-11,17,White Keys,Dominic Fike,18,14,4
2026-04-11,18,Man I Need,Olivia Dean,21,8,27
2026-04-11,19,Lush Life,Zara Larsson,20,11,14
2026-04-11,20,Crypto,La Rvfleuze Featuring Hamza,-,20,1
2026-04-11,21,Stateside,PinkPantheress With Zara Larsson,22,14,5
2026-04-11,22,Click Clack Symphony.,RAYE Featuring Hans Zimmer,-,22,1
2026-04-11,23,Love You,Nono La Grinta,19,8,18
2026-04-11,24,Avec Moi,RnBoi + Nono La Grinta,-,3,10
2026-04-11,25,melodrama,Disiz & Theodora,-,9,19
2026-04-18,1,Seven,Jung Kook Featuring Latto,1,1,27
2026-04-18,2,Raindance,Dave & Tems,2,1,19
2026-04-18,3,Elle Voulait,RnBoi,4,3,2
2026-04-18,4,Where Is My Husband!,RAYE,5,4,28
2026-04-18,5,Golden,"HUNTR/X: EJAE, Audrey Nuna & REI AMI",3,1,40
2026-04-18,6,Ordinary,Alex Warren,6,1,56
2026-04-18,7,Dracula,Tame Impala & JENNIE,9,7,5
2026-04-18,8,Funk Town,Voncho Featuring Chuck Cash,-,2,2
2026-04-18,9,DTMF,Bad Bunny,8,1,44
2026-04-18,10,Babydoll,Dominic Fike,7,7,5
2026-04-18,11,The Fate Of Ophelia,Taylor Swift,10,1,27
2026-04-18,12,End Of Beginning,Djo,14,2,24
2026-04-18,13,Nuevayol,Bad Bunny,16,2,17
2026-04-18,14,No Batidao,ZXKAI & slxughter,13,13,13
2026-04-18,15,The Same,Mighty Musa,-,15,1
2026-04-18,16,MON BEBE,RnBoi,12,1,24
2026-04-18,17,Lush Life,Zara Larsson,19,11,15
2026-04-18,18,Man I Need,Olivia Dean,18,8,28
2026-04-18,19,White Keys,Dominic Fike,17,14,5
2026-04-18,20,Swim,BTS,11,10,3
2026-04-18,21,Argent Sale (Live: Colors Studios),La Rvfleuze,-,6,6
2026-04-18,22,Love You,Nono La Grinta,23,8,19
2026-04-18,23,3D,Jung Kook & Jack Harlow,-,17,2
2026-04-18,24,melodrama,Disiz & Theodora,25,9,20
2026-04-18,25,Stateside,PinkPantheress With Zara Larsson,21,14,6
2026-04-25,1,Seven,Jung Kook Featuring Latto,1,1,28
2026-04-25,2,Dracula,Tame Impala & JENNIE,7,2,6
2026-04-25,3,Raindance,Dave & Tems,2,1,20
2026-04-25,4,Elle Voulait,RnBoi,3,3,3
2026-04-25,5,Where Is My Husband!,RAYE,4,4,29
2026-04-25,6,Ordinary,Alex Warren,6,1,57
2026-04-25,7,Golden,"HUNTR/X: EJAE, Audrey Nuna & REI AMI",5,1,41
2026-04-25,8,Beauty And A Beat,Justin Bieber Featuring Nicki Minaj,-,8,1
2026-04-25,9,DTMF,Bad Bunny,9,1,45
2026-04-25,10,Babydoll,Dominic Fike,10,7,6
2026-04-25,11,No Batidao,ZXKAI & slxughter,14,11,14
2026-04-25,12,The Fate Of Ophelia,Taylor Swift,11,1,28
2026-04-25,13,End Of Beginning,Djo,12,2,25
2026-04-25,14,Nuevayol,Bad Bunny,13,2,18
2026-04-25,15,White Keys,Dominic Fike,19,14,6
2026-04-25,16,Love You,Nono La Grinta,22,8,20
2026-04-25,17,MON BEBE,RnBoi,16,1,25
2026-04-25,18,Lush Life,Zara Larsson,17,11,16
2026-04-25,19,Man I Need,Olivia Dean,18,8,29
2026-04-25,20,Argent Sale (Live: Colors Studios),La Rvfleuze,21,6,7
2026-04-25,21,Parlu,La Rvfleuze,-,21,1
2026-04-25,22,Stateside,PinkPantheress With Zara Larsson,25,14,7
2026-04-25,23,Swim,BTS,20,10,4
2026-04-25,24,melodrama,Disiz & Theodora,24,9,21
2026-04-25,25,Fever Dream,Alex Warren,-,20,2
2026-05-02,1,Past Struggles,Nune Aka Mr. Propane Featuring Breana Marin,-,1,1
2026-05-02,2,Seven,Jung Kook Featuring Latto,1,1,29
2026-05-02,3,Beauty And A Beat,Justin Bieber Featuring Nicki Minaj,8,3,2
2026-05-02,4,Dracula,Tame Impala & JENNIE,2,2,7
2026-05-02,5,Raindance,Dave & Tems,3,1,21
2026-05-02,6,Where Is My Husband!,RAYE,5,4,30
2026-05-02,7,Ordinary,Alex Warren,6,1,58
2026-05-02,8,Golden,"HUNTR/X: EJAE, Audrey Nuna & REI AMI",7,1,42
2026-05-02,9,Babydoll,Dominic Fike,10,7,7
2026-05-02,10,Elle Voulait,RnBoi,4,3,4
2026-05-02,11,DTMF,Bad Bunny,9,1,46
2026-05-02,12,No Batidao,ZXKAI & slxughter,11,11,15
2026-05-02,13,Nuevayol,Bad Bunny,14,2,19
2026-05-02,14,Daisies,Justin Bieber,-,10,8
2026-05-02,15,Drop Dead,Olivia Rodrigo,-,15,1
2026-05-02,16,The Fate Of Ophelia,Taylor Swift,12,1,29
2026-05-02,17,End Of Beginning,Djo,13,2,26
2026-05-02,18,MON BEBE,RnBoi,17,1,26
2026-05-02,19,White Keys,Dominic Fike,15,14,7
2026-05-02,20,Love You,Nono La Grinta,16,8,21
2026-05-02,21,Argent Sale (Live: Colors Studios),La Rvfleuze,20,6,8
2026-05-02,22,Lush Life,Zara Larsson,18,11,17
2026-05-02,23,Man I Need,Olivia Dean,19,8,30
2026-05-02,24,Parlu,La Rvfleuze,21,21,2
2026-05-02,25,Fever Dream,Alex Warren,25,20,3
2026-05-09,1,4 Life,Mighty Musa,-,1,1
2026-05-09,2,Searching Through Phones,Lil Noonie,-,2,1
2026-05-09,3,Seven,Jung Kook Featuring Latto,2,1,30
2026-05-09,4,Beauty And A Beat,Justin Bieber Featuring Nicki Minaj,3,3,3
2026-05-09,5,Dracula,Tame Impala & JENNIE,4,2,8
2026-05-09,6,Raindance,Dave & Tems,5,1,22
2026-05-09,7,Funk Town,Voncho Featuring Chuck Cash,-,2,3
2026-05-09,8,Where Is My Husband!,RAYE,6,4,31
2026-05-09,9,Ordinary,Alex Warren,7,1,59
2026-05-09,10,DTMF,Bad Bunny,11,1,47
2026-05-09,11,Babydoll,Dominic Fike,9,7,8
2026-05-09,12,Golden,"HUNTR/X: EJAE, Audrey Nuna & REI AMI",8,1,43
2026-05-09,13,No Batidao,ZXKAI & slxughter,12,11,16
2026-05-09,14,The Fate Of Ophelia,Taylor Swift,16,1,30
2026-05-09,15,Nuevayol,Bad Bunny,13,2,20
2026-05-09,16,Billie Jean,Michael Jackson,-,16,1
2026-05-09,17,End Of Beginning,Djo,17,2,27
2026-05-09,18,MON BEBE,RnBoi,18,1,27
2026-05-09,19,Elle Voulait,RnBoi,10,3,5
2026-05-09,20,Love You,Nono La Grinta,20,8,22
2026-05-09,21,Ice Cream,ZR x RZ,-,21,1
2026-05-09,22,Lush Life,Zara Larsson,22,11,18
2026-05-09,23,Pineapple,Leto,-,23,1
2026-05-09,24,White Keys,Dominic Fike,19,14,8
2026-05-09,25,Drop Dead,Olivia Rodrigo,15,15,2
2026-05-16,1,Seven,Jung Kook Featuring Latto,3,1,31
2026-05-16,2,Past Struggles,Nune Aka Mr. Propane Featuring Breana Marin,-,1,2
2026-05-16,3,Perfect,Yella Yella,-,3,1
2026-05-16,4,Beauty And A Beat,Justin Bieber Featuring Nicki Minaj,4,3,4
2026-05-16,5,Dracula,Tame Impala & JENNIE,5,2,9
2026-05-16,6,Billie Jean,Michael Jackson,16,6,2
2026-05-16,7,Raindance,Dave & Tems,6,1,23
2026-05-16,8,Ordinary,Alex Warren,9,1,60
2026-05-16,9,Beat It,Michael Jackson,-,9,1
2026-05-16,10,Golden,"HUNTR/X: EJAE, Audrey Nuna & REI AMI",12,1,44
2026-05-16,11,Where Is My Husband!,RAYE,8,4,32
2026-05-16,12,Babydoll,Dominic Fike,11,7,9
2026-05-16,13,The Fate Of Ophelia,Taylor Swift,14,1,31
2026-05-16,14,DTMF,Bad Bunny,10,1,48
2026-05-16,15,No Batidao,ZXKAI & slxughter,13,11,17
2026-05-16,16,End Of Beginning,Djo,17,2,28
2026-05-16,17,MON BEBE,RnBoi,18,1,28
2026-05-16,18,Nuevayol,Bad Bunny,15,2,21
2026-05-16,19,Lush Life,Zara Larsson,22,11,19
2026-05-16,20,Elle Voulait,RnBoi,19,3,6
2026-05-16,21,Pineapple,Leto,23,21,2
2026-05-16,22,Man I Need,Olivia Dean,-,8,31
2026-05-16,23,White Keys,Dominic Fike,24,14,9
2026-05-16,24,Love You,Nono La Grinta,20,8,23
2026-05-16,25,Jamaican (Bam Bam),HUGEL & SOLTO,-,25,1
2026-05-23,1,Seven,Jung Kook Featuring Latto,1,1,32
2026-05-23,2,Billie Jean,Michael Jackson,6,2,3
2026-05-23,3,Beauty And A Beat,Justin Bieber Featuring Nicki Minaj,4,3,5
2026-05-23,4,Dracula,Tame Impala & JENNIE,5,2,10
2026-05-23,5,Beat It,Michael Jackson,9,5,2
2026-05-23,6,Ordinary,Alex Warren,8,1,61
2026-05-23,7,Raindance,Dave & Tems,7,1,24
2026-05-23,8,Golden,"HUNTR/X: EJAE, Audrey Nuna & REI AMI",10,1,45
2026-05-23,9,Where Is My Husband!,RAYE,11,4,33
2026-05-23,10,The Fate Of Ophelia,Taylor Swift,13,1,32
2026-05-23,11,No Batidao,ZXKAI & slxughter,15,11,18
2026-05-23,12,Babydoll,Dominic Fike,12,7,10
2026-05-23,13,DTMF,Bad Bunny,14,1,49
2026-05-23,14,End Of Beginning,Djo,16,2,29
2026-05-23,15,MON BEBE,RnBoi,17,1,29
2026-05-23,16,Lush Life,Zara Larsson,19,11,20
2026-05-23,17,Don't Stop 'Til You Get Enough,Michael Jackson,-,17,1
2026-05-23,18,Nuevayol,Bad Bunny,18,2,22
2026-05-23,19,Pineapple,Leto,21,19,3
2026-05-23,20,Human Nature,Michael Jackson,-,20,1
2026-05-23,21,magique,Willylancien,-,21,1
2026-05-23,22,Jamaican (Bam Bam),HUGEL & SOLTO,25,22,2
2026-05-23,23,Elle Voulait,RnBoi,20,3,7
2026-05-23,24,Man I Need,Olivia Dean,22,8,32
2026-05-23,25,Argent Sale (Live: Colors Studios),La Rvfleuze,-,6,9
2026-05-30,1,Seven,Jung Kook Featuring Latto,1,1,33
2026-05-30,2,Bangaranga,Dara,-,2,1
2026-05-30,3,Billie Jean,Michael Jackson,2,2,4
2026-05-30,4,Dracula,Tame Impala & JENNIE,4,2,11
2026-05-30,5,Janice STFU,Drake,-,5,1
2026-05-30,6,Beat It,Michael Jackson,5,5,3
2026-05-30,7,National Treasures,Drake,-,7,1
2026-05-30,8,Beauty And A Beat,Justin Bieber Featuring Nicki Minaj,3,3,6
2026-05-30,9,Whisper My Name,Drake,-,9,1
2026-05-30,10,Pile,Mauvais djo,-,10,1
2026-05-30,11,Ran To Atlanta,Drake Featuring Future & Molly Santana,-,11,1
2026-05-30,12,Make Them Cry,Drake,-,12,1
2026-05-30,13,Ordinary,Alex Warren,6,1,62
2026-05-30,14,Raindance,Dave & Tems,7,1,25
2026-05-30,15,Golden,"HUNTR/X: EJAE, Audrey Nuna & REI AMI",8,1,46
2026-05-30,16,Babydoll,Dominic Fike,12,7,11
2026-05-30,17,Shabang,Drake,-,17,1
2026-05-30,18,Dust,Drake,-,18,1
2026-05-30,19,Where Is My Husband!,RAYE,9,4,34
2026-05-30,20,DTMF,Bad Bunny,13,1,50
2026-05-30,21,The Fate Of Ophelia,Taylor Swift,10,1,33
2026-05-30,22,Human Nature,Michael Jackson,20,20,2
2026-05-30,23,Maladie,Mauvais djo,-,23,1
2026-05-30,24,Plot Twist,Drake,-,24,1
2026-05-30,25,No Batidao,ZXKAI & slxughter,11,11,19
2026-06-06,1,Talk To Me About,MrRay,-,1,1
2026-06-06,2,I Don't Give A ***,MrRay,-,2,1
2026-06-06,3,Seven,Jung Kook Featuring Latto,1,1,34
2026-06-06,4,Pile,Mauvais djo,10,4,2
2026-06-06,5,Dracula,Tame Impala & JENNIE,4,2,12
2026-06-06,6,Borderline Rhapsody,Guizika,-,6,1
2026-06-06,7,Estrela +18,DJ TOKITO,-,7,1
2026-06-06,8,Billie Jean,Michael Jackson,3,2,5
2026-06-06,9,DTMF,Bad Bunny,20,1,51
2026-06-06,10,Beauty And A Beat,Justin Bieber Featuring Nicki Minaj,8,3,7
2026-06-06,11,Nuevayol,Bad Bunny,-,2,23
2026-06-06,12,Maladie,Mauvais djo,23,12,2
2026-06-06,13,Beat It,Michael Jackson,6,5,4
2026-06-06,14,Jamaican (Bam Bam),HUGEL & SOLTO,-,14,3
2026-06-06,15,Dai Dai (FIFA World Cup Official Song 2026),Shakira X Burna Boy,-,15,1
2026-06-06,16,Janice STFU,Drake,5,5,2
2026-06-06,17,Raindance,Dave & Tems,14,1,26
2026-06-06,18,Better With You,Fader Chill,-,18,1
2026-06-06,19,Ordinary,Alex Warren,13,1,63
2026-06-06,20,Babydoll,Dominic Fike,16,7,12
2026-06-06,21,Where Is My Husband!,RAYE,19,4,35
2026-06-06,22,Lush Life,Zara Larsson,-,11,21
2026-06-06,23,Golden,"HUNTR/X: EJAE, Audrey Nuna & REI AMI",15,1,47
2026-06-06,24,Sexy Nana,Aya Nakamura & La Rvfleuze,-,24,1
2026-06-06,25,The Cure,Olivia Rodrigo,-,25,1
2026-06-13,1,Seven,Jung Kook Featuring Latto,3,1,35
2026-06-13,2,Pile,Mauvais djo,4,2,3
2026-06-13,3,Sexy Nana,Aya Nakamura & La Rvfleuze,24,3,2
2026-06-13,4,Maladie,Mauvais djo,12,4,3
2026-06-13,5,Dracula,Tame Impala & JENNIE,5,2,13
2026-06-13,6,Dai Dai (FIFA World Cup Official Song 2026),Shakira X Burna Boy,15,6,2
2026-06-13,7,DTMF,Bad Bunny,9,1,52
2026-06-13,8,Billie Jean,Michael Jackson,8,2,6
2026-06-13,9,Hate That I Made You Love Me,Ariana Grande,-,9,1
2026-06-13,10,Beauty And A Beat,Justin Bieber Featuring Nicki Minaj,10,3,8
2026-06-13,11,Nuevayol,Bad Bunny,11,2,24
2026-06-13,12,The Cure,Olivia Rodrigo,25,12,2
2026-06-13,13,Talk To Me About,MrRay,1,1,2
2026-06-13,14,Beat It,Michael Jackson,13,5,5
2026-06-13,15,Raindance,Dave & Tems,17,1,27
2026-06-13,16,Jamaican (Bam Bam),HUGEL & SOLTO,14,14,4
2026-06-13,17,Where Is My Husband!,RAYE,21,4,36
2026-06-13,18,Ordinary,Alex Warren,19,1,64
2026-06-13,19,Self Aware,Temper City,-,19,1
2026-06-13,20,Babydoll,Dominic Fike,20,7,13
2026-06-13,21,Janice STFU,Drake,16,5,3
2026-06-13,22,3D,Jung Kook & Jack Harlow,-,17,3
2026-06-13,23,Golden,"HUNTR/X: EJAE, Audrey Nuna & REI AMI",23,1,48
2026-06-13,24,Baile Inolvidable,Bad Bunny,-,3,14
2026-06-13,25,MON BEBE,RnBoi,-,1,30
2026-06-20,1,Seven,Jung Kook Featuring Latto,1,1,36
2026-06-20,2,Pile,Mauvais djo,2,2,4
2026-06-20,3,Dai Dai (FIFA World Cup Official Song 2026),Shakira X Burna Boy,6,3,3
2026-06-20,4,Sexy Nana,Aya Nakamura & La Rvfleuze,3,3,3
2026-06-20,5,Maladie,Mauvais djo,4,4,4
2026-06-20,6,Dracula,Tame Impala & JENNIE,5,2,14
2026-06-20,7,Hate That I Made You Love Me,Ariana Grande,9,7,2
2026-06-20,8,Billie Jean,Michael Jackson,8,2,7
2026-06-20,9,Beauty And A Beat,Justin Bieber Featuring Nicki Minaj,10,3,9
2026-06-20,10,I Don't Give A ***,MrRay,-,2,2
2026-06-20,11,DTMF,Bad Bunny,7,1,53
2026-06-20,12,Self Aware,Temper City,19,12,2
2026-06-20,13,Nuevayol,Bad Bunny,11,2,25
2026-06-20,14,Beat It,Michael Jackson,14,5,6
2026-06-20,15,Jamaican (Bam Bam),HUGEL & SOLTO,16,14,5
2026-06-20,16,Raindance,Dave & Tems,15,1,28
2026-06-20,17,3D,Jung Kook & Jack Harlow,22,17,4
2026-06-20,18,Golden,"HUNTR/X: EJAE, Audrey Nuna & REI AMI",23,1,49
2026-06-20,19,Babydoll,Dominic Fike,20,7,14
2026-06-20,20,Where Is My Husband!,RAYE,17,4,37
2026-06-20,21,Ordinary,Alex Warren,18,1,65
2026-06-20,22,MON BEBE,RnBoi,25,1,31
2026-06-20,23,The Cure,Olivia Rodrigo,12,12,3
2026-06-20,24,Elle Voulait,RnBoi,-,3,8
2026-06-20,25,Janice STFU,Drake,21,5,4
2026-06-27,1,Seven,Jung Kook Featuring Latto,1,1,37
2026-06-27,2,Dai Dai (FIFA World Cup Official Song 2026),Shakira X Burna Boy,3,2,4
2026-06-27,3,Pile,Mauvais djo,2,2,5
2026-06-27,4,On My Own,Restlezz,-,4,1
2026-06-27,5,Maladie,Mauvais djo,5,4,5
2026-06-27,6,Fusillade,Ex Okay,-,6,1
2026-06-27,7,Gut Genug,KitschKrieg Mit Blumengarten & Shirin David,-,7,1
2026-06-27,8,Stupid Song,Olivia Rodrigo,-,8,1
2026-06-27,9,Sexy Nana,Aya Nakamura & La Rvfleuze,4,3,4
2026-06-27,10,Dracula,Tame Impala & JENNIE,6,2,15
2026-06-27,11,Talk To Me About,MrRay,-,1,3
2026-06-27,12,Billie Jean,Michael Jackson,8,2,8
2026-06-27,13,Jamaican (Bam Bam),HUGEL & SOLTO,15,13,6
2026-06-27,14,Hate That I Made You Love Me,Ariana Grande,7,7,3
2026-06-27,15,The Cure,Olivia Rodrigo,23,12,4
2026-06-27,16,DTMF,Bad Bunny,11,1,54
2026-06-27,17,Self Aware,Temper City,12,12,3
2026-06-27,18,Beauty And A Beat,Justin Bieber Featuring Nicki Minaj,9,3,10
2026-06-27,19,Nuevayol,Bad Bunny,13,2,26
2026-06-27,20,Beat It,Michael Jackson,14,5,7
2026-06-27,21,Raindance,Dave & Tems,16,1,29
2026-06-27,22,Golden,"HUNTR/X: EJAE, Audrey Nuna & REI AMI",18,1,50
2026-06-27,23,3D,Jung Kook & Jack Harlow,17,17,5
2026-06-27,24,Babydoll,Dominic Fike,19,7,15
2026-06-27,25,Drop Dead,Olivia Rodrigo,-,15,3
2026-07-04,1,Pile,Mauvais djo,3,1,6
2026-07-04,2,Dai Dai (FIFA World Cup Official Song 2026),Shakira X Burna Boy,2,2,5
2026-07-04,3,Maladie,Mauvais djo,5,3,6
2026-07-04,4,Seven,Jung Kook Featuring Latto,1,1,38
2026-07-04,5,Jamaican (Bam Bam),HUGEL & SOLTO,13,5,7
2026-07-04,6,Sexy Nana,Aya Nakamura & La Rvfleuze,9,3,5
2026-07-04,7,Gut Genug,KitschKrieg Mit Blumengarten & Shirin David,7,7,2
2026-07-04,8,DTMF,Bad Bunny,16,1,55
2026-07-04,9,Nuevayol,Bad Bunny,19,2,27
2026-07-04,10,Dracula,Tame Impala & JENNIE,10,2,16
2026-07-04,11,Beauty And A Beat,Justin Bieber Featuring Nicki Minaj,18,3,11
2026-07-04,12,Counting Stars,OneRepublic,-,12,1
2026-07-04,13,Self Aware,Temper City,17,12,4
2026-07-04,14,Billie Jean,Michael Jackson,12,2,9
2026-07-04,15,Apologize,Timbaland Featuring OneRepublic,-,15,1
2026-07-04,16,I Ain't Worried,OneRepublic,-,5,45
2026-07-04,17,Baile Inolvidable,Bad Bunny,-,3,15
2026-07-04,18,Talk To You,ANOTR Featuring 54 Ultra,-,18,1
2026-07-04,19,I Adore You,HUGEL X Topic X Arash Featuring Daecolm,-,3,57
2026-07-04,20,MON BEBE,RnBoi,-,1,32
2026-07-04,21,Stupid Song,Olivia Rodrigo,8,8,2
2026-07-04,22,Babydoll,Dominic Fike,24,7,16
2026-07-04,23,Titi Me Pregunto,Bad Bunny,-,3,8
2026-07-04,24,Raindance,Dave & Tems,21,1,30
2026-07-04,25,Golden,"HUNTR/X: EJAE, Audrey Nuna & REI AMI",22,1,51
2026-07-11,1,Dai Dai (FIFA World Cup Official Song 2026),Shakira X Burna Boy,2,1,6
2026-07-11,2,Pile,Mauvais djo,1,1,7
2026-07-11,3,Seven,Jung Kook Featuring Latto,4,1,39
2026-07-11,4,Maladie,Mauvais djo,3,3,7
2026-07-11,5,Sexy Nana,Aya Nakamura & La Rvfleuze,6,3,6
2026-07-11,6,Jamaican (Bam Bam),HUGEL & SOLTO,5,5,8
2026-07-11,7,Dracula,Tame Impala & JENNIE,10,2,17
2026-07-11,8,DTMF,Bad Bunny,8,1,56
2026-07-11,9,Self Aware,Temper City,13,9,5
2026-07-11,10,Nuevayol,Bad Bunny,9,2,28
2026-07-11,11,Gut Genug,KitschKrieg Mit Blumengarten & Shirin David,7,7,3
2026-07-11,12,Billie Jean,Michael Jackson,14,2,10
2026-07-11,13,Beauty And A Beat,Justin Bieber Featuring Nicki Minaj,11,3,12
2026-07-11,14,Baile Inolvidable,Bad Bunny,17,3,16
2026-07-11,15,Golden,"HUNTR/X: EJAE, Audrey Nuna & REI AMI",25,1,52
2026-07-11,16,Talk To You,ANOTR Featuring 54 Ultra,18,16,2
2026-07-11,17,I Adore You,HUGEL X Topic X Arash Featuring Daecolm,19,3,58
2026-07-11,18,Babydoll,Dominic Fike,22,7,17
2026-07-11,19,MON BEBE,RnBoi,20,1,33
2026-07-11,20,SEEKING SATURN (Veritas),Matthew Mettias Featuring Oswin Benjamin,-,20,1
2026-07-11,21,Ordinary,Alex Warren,-,1,66
2026-07-11,22,Mi Chico,"DJ Goja, Jason Derulo & Melody",-,22,1
2026-07-11,23,Raindance,Dave & Tems,24,1,31
2026-07-11,24,Where Is My Husband!,RAYE,-,4,38
2026-07-11,25,Lush Life,Zara Larsson,-,11,22
2026-07-18,1,Dai Dai (FIFA World Cup Official Song 2026),Shakira X Burna Boy,1,1,7
2026-07-18,2,Pile,Mauvais djo,2,1,8
2026-07-18,3,Maladie,Mauvais djo,4,3,8
2026-07-18,4,Seven,Jung Kook Featuring Latto,3,1,40
2026-07-18,5,Sexy Nana,Aya Nakamura & La Rvfleuze,5,3,7
2026-07-18,6,Jamaican (Bam Bam),HUGEL & SOLTO,6,5,9
2026-07-18,7,Nuevayol,Bad Bunny,10,2,29
2026-07-18,8,Self Aware,Temper City,9,8,6
2026-07-18,9,DTMF,Bad Bunny,8,1,57
2026-07-18,10,Dracula,Tame Impala & JENNIE,7,2,18
2026-07-18,11,Beauty And A Beat,Justin Bieber Featuring Nicki Minaj,13,3,13
2026-07-18,12,Billie Jean,Michael Jackson,12,2,11
2026-07-18,13,Gut Genug,KitschKrieg Mit Blumengarten & Shirin David,11,7,4
2026-07-18,14,Movin' To The Sun,"HUGEL , Imael Angel & Ultra Nate",-,14,1
2026-07-18,15,Talk To You,ANOTR Featuring 54 Ultra,16,15,3
2026-07-18,16,Ordinary,Alex Warren,21,1,67
2026-07-18,17,Mi Chico,"DJ Goja, Jason Derulo & Melody",22,17,2
2026-07-18,18,Baile Inolvidable,Bad Bunny,14,3,17
2026-07-18,19,Babydoll,Dominic Fike,18,7,18
2026-07-18,20,Golden,"HUNTR/X: EJAE, Audrey Nuna & REI AMI",15,1,53
2026-07-18,21,Raindance,Dave & Tems,23,1,32
2026-07-18,22,Where Is My Husband!,RAYE,24,4,39
2026-07-18,23,I Adore You,HUGEL X Topic X Arash Featuring Daecolm,17,3,59
2026-07-18,24,MON BEBE,RnBoi,19,1,34
2026-07-18,25,The Fate Of Ophelia,Taylor Swift,-,1,34
2026-07-25,1,Dai Dai (FIFA World Cup Official Song 2026),Shakira X Burna Boy,1,1,8
2026-07-25,2,Pile,Mauvais djo,2,1,9
2026-07-25,3,Maladie,Mauvais djo,3,3,9
2026-07-25,4,Seven,Jung Kook Featuring Latto,4,1,41
2026-07-25,5,Jamaican (Bam Bam),HUGEL & SOLTO,6,5,10
2026-07-25,6,Sexy Nana,Aya Nakamura & La Rvfleuze,5,3,8
2026-07-25,7,Nuevayol,Bad Bunny,7,2,30
2026-07-25,8,DTMF,Bad Bunny,9,1,58
2026-07-25,9,The One That Got Away,Katy Perry,-,9,1
2026-07-25,10,Self Aware,Temper City,8,8,7
2026-07-25,11,Dracula,Tame Impala & JENNIE,10,2,19
2026-07-25,12,Movin' To The Sun,"HUGEL , Imael Angel & Ultra Nate",14,12,2
2026-07-25,13,Beauty And A Beat,Justin Bieber Featuring Nicki Minaj,11,3,14
2026-07-25,14,Talk To You,ANOTR Featuring 54 Ultra,15,14,4
2026-07-25,15,Gut Genug,KitschKrieg Mit Blumengarten & Shirin David,13,7,5
2026-07-25,16,Billie Jean,Michael Jackson,12,2,12
2026-07-25,17,Ordinary,Alex Warren,16,1,68
2026-07-25,18,Mi Chico,"DJ Goja, Jason Derulo & Melody",17,17,3
2026-07-25,19,I Adore You,HUGEL X Topic X Arash Featuring Daecolm,23,3,60
2026-07-25,20,Wonderwall,Oasis,-,20,1
2026-07-25,21,Raindance,Dave & Tems,21,1,33
2026-07-25,22,Golden,"HUNTR/X: EJAE, Audrey Nuna & REI AMI",20,1,54
2026-07-25,23,Babydoll,Dominic Fike,19,7,19
2026-07-25,24,Baile Inolvidable,Bad Bunny,18,3,18
2026-07-25,25,Danza Kuduro,Don Omar & Lucenzo,-,25,1
2026-08-01,1,Dai Dai (FIFA World Cup Official Song 2026),Shakira X Burna Boy,1,1,9
2026-08-01,2,Pile,Mauvais djo,2,1,10
2026-08-01,3,Maladie,Mauvais djo,3,3,10
2026-08-01,4,Seven,Jung Kook Featuring Latto,4,1,42
2026-08-01,5,Jamaican (Bam Bam),HUGEL & SOLTO,5,5,11
2026-08-01,6,Nuevayol,Bad Bunny,7,2,31
2026-08-01,7,DTMF,Bad Bunny,8,1,59
2026-08-01,8,Sexy Nana,Aya Nakamura & La Rvfleuze,6,3,9
2026-08-01,9,Movin' To The Sun,"HUGEL , Imael Angel & Ultra Nate",12,9,3
2026-08-01,10,Dracula,Tame Impala & JENNIE,11,2,20
2026-08-01,11,Self Aware,Temper City,10,8,8
2026-08-01,12,Beauty And A Beat,Justin Bieber Featuring Nicki Minaj,13,3,15
2026-08-01,13,Talk To You,ANOTR Featuring 54 Ultra,14,13,5
2026-08-01,14,Ordinary,Alex Warren,17,1,69
2026-08-01,15,Wonderwall,Oasis,20,15,2
2026-08-01,16,Billie Jean,Michael Jackson,16,2,13
2026-08-01,17,Waka Waka (This Time For Africa),Shakira Featuring Freshlyground,-,17,1
2026-08-01,18,Mi Chico,"DJ Goja, Jason Derulo & Melody",18,17,4
2026-08-01,19,Baile Inolvidable,Bad Bunny,24,3,19
2026-08-01,20,Raindance,Dave & Tems,21,1,34
2026-08-01,21,Babydoll,Dominic Fike,23,7,20
2026-08-01,22,I Adore You,HUGEL X Topic X Arash Featuring Daecolm,19,3,61
2026-08-01,23,Gut Genug,KitschKrieg Mit Blumengarten & Shirin David,15,7,6
2026-08-01,24,Golden,"HUNTR/X: EJAE, Audrey Nuna & REI AMI",22,1,55
2026-08-01,25,Where Is My Husband!,RAYE,-,4,40
2026-08-08,1,Dai Dai (FIFA World Cup Official Song 2026),Shakira X Burna Boy,1,1,10
2026-08-08,2,Pile,Mauvais djo,2,1,11
2026-08-08,3,Seven,Jung Kook Featuring Latto,4,1,43
2026-08-08,4,Maladie,Mauvais djo,3,3,11
2026-08-08,5,Jamaican (Bam Bam),HUGEL & SOLTO,5,5,12
2026-08-08,6,Movin' To The Sun,"HUGEL , Imael Angel & Ultra Nate",9,6,4
2026-08-08,7,Nuevayol,Bad Bunny,6,2,32
2026-08-08,8,Sexy Nana,Aya Nakamura & La Rvfleuze,8,3,10
2026-08-08,9,Self Aware,Temper City,11,8,9
2026-08-08,10,DTMF,Bad Bunny,7,1,60
2026-08-08,11,Dracula,Tame Impala & JENNIE,10,2,21
2026-08-08,12,Talk To You,ANOTR Featuring 54 Ultra,13,12,6
2026-08-08,13,Beauty And A Beat,Justin Bieber Featuring Nicki Minaj,12,3,16
2026-08-08,14,Ordinary,Alex Warren,14,1,70
2026-08-08,15,I Adore You,HUGEL X Topic X Arash Featuring Daecolm,22,3,62
2026-08-08,16,Billie Jean,Michael Jackson,16,2,14
2026-08-08,17,Y Que Fue?,Don Miguelo,-,17,1
2026-08-08,18,Wonderwall,Oasis,15,15,3
2026-08-08,19,Mi Chico,"DJ Goja, Jason Derulo & Melody",18,17,5
2026-08-08,20,Baile Inolvidable,Bad Bunny,19,3,20
2026-08-08,21,Waka Waka (This Time For Africa),Shakira Featuring Freshlyground,17,17,2
2026-08-08,22,Golden,"HUNTR/X: EJAE, Audrey Nuna & REI AMI",24,1,56
2026-08-08,23,Babydoll,Dominic Fike,21,7,21
2026-08-08,24,Raindance,Dave & Tems,20,1,35
2026-08-08,25,Where Is My Husband!,RAYE,25,4,41
2026-08-15,1,Dai Dai (FIFA World Cup Official Song 2026),Shakira X Burna Boy,1,1,11
2026-08-15,2,Pile,Mauvais djo,2,1,12
2026-08-15,3,Seven,Jung Kook Featuring Latto,3,1,44
2026-08-15,4,Maladie,Mauvais djo,4,3,12
2026-08-15,5,Jamaican (Bam Bam),HUGEL & SOLTO,5,5,13
2026-08-15,6,Movin' To The Sun,"HUGEL , Imael Angel & Ultra Nate",6,6,5
2026-08-15,7,Sexy Nana,Aya Nakamura & La Rvfleuze,8,3,11
2026-08-15,8,Self Aware,Temper City,9,8,10
2026-08-15,9,Nuevayol,Bad Bunny,7,2,33
2026-08-15,10,Talk To You,ANOTR Featuring 54 Ultra,12,10,7
2026-08-15,11,Hate That I Made You Love Me,Ariana Grande,-,7,4
2026-08-15,12,DTMF,Bad Bunny,10,1,61
2026-08-15,13,Beauty And A Beat,Justin Bieber Featuring Nicki Minaj,13,3,17
2026-08-15,14,Petal,Ariana Grande,-,14,1
2026-08-15,15,Dracula,Tame Impala & JENNIE,11,2,22
2026-08-15,16,Ordinary,Alex Warren,14,1,71
2026-08-15,17,I Adore You,HUGEL X Topic X Arash Featuring Daecolm,15,3,63
2026-08-15,18,Billie Jean,Michael Jackson,16,2,15
2026-08-15,19,Wonderwall,Oasis,18,15,4
2026-08-15,20,Mi Chico,"DJ Goja, Jason Derulo & Melody",19,17,6
2026-08-15,21,Y Que Fue?,Don Miguelo,17,17,2
2026-08-15,22,Golden,"HUNTR/X: EJAE, Audrey Nuna & REI AMI",22,1,57
2026-08-15,23,Danza Kuduro,Don Omar & Lucenzo,-,23,2
2026-08-15,24,Mr. Brightside,The Killers,-,24,1
2026-08-15,25,Move,"Adam Port, Stryv & Camila Cabello Feat. Malachiii",-,1,65
2026-08-22,1,Dai Dai (FIFA World Cup Official Song 2026),Shakira X Burna Boy,1,1,12
2026-08-22,2,Pile,Mauvais djo,2,1,13
2026-08-22,3,Seven,Jung Kook Featuring Latto,3,1,45
2026-08-22,4,Maladie,Mauvais djo,4,3,13
2026-08-22,5,Jamaican (Bam Bam),HUGEL & SOLTO,5,5,14
2026-08-22,6,Movin' To The Sun,"HUGEL , Imael Angel & Ultra Nate",6,6,6
2026-08-22,7,Self Aware,Temper City,8,7,11
2026-08-22,8,Sexy Nana,Aya Nakamura & La Rvfleuze,7,3,12
2026-08-22,9,Man In The Mirror,FMG Copa$tetic Baby,-,9,1
2026-08-22,10,Nuevayol,Bad Bunny,9,2,34
2026-08-22,11,Beauty And A Beat,Justin Bieber Featuring Nicki Minaj,13,3,18
2026-08-22,12,Talk To You,ANOTR Featuring 54 Ultra,10,10,8
2026-08-22,13,DTMF,Bad Bunny,12,1,62
2026-08-22,14,Billie Jean,Michael Jackson,18,2,16
2026-08-22,15,Dracula,Tame Impala & JENNIE,15,2,23
2026-08-22,16,I Adore You,HUGEL X Topic X Arash Featuring Daecolm,17,3,64
2026-08-22,17,Ordinary,Alex Warren,16,1,72
2026-08-22,18,Mi Chico,"DJ Goja, Jason Derulo & Melody",20,17,7
2026-08-22,19,Raindance,Dave & Tems,-,1,36
2026-08-22,20,Petal,Ariana Grande,14,14,2
2026-08-22,21,The One That Got Away,Katy Perry,-,9,2
2026-08-22,22,Gut Genug,KitschKrieg Mit Blumengarten & Shirin David,-,7,7
2026-08-22,23,Move,Adam Port & Stryv Featuring Malachiii,25,1,66
2026-08-22,24,Danza Kuduro,Don Omar & Lucenzo,23,23,3
2026-08-22,25,Mr. Brightside,The Killers,24,24,2
2026-08-29,1,Dai Dai (FIFA World Cup Official Song 2026),Shakira X Burna Boy,1,1,13
2026-08-29,2,Pile,Mauvais djo,2,1,14
2026-08-29,3,Seven,Jung Kook Featuring Latto,3,1,46
2026-08-29,4,Maladie,Mauvais djo,4,3,14
2026-08-29,5,Jamaican (Bam Bam),HUGEL & SOLTO,5,5,15
2026-08-29,6,Movin' To The Sun,"HUGEL , Imael Angel & Ultra Nate",6,6,7
2026-08-29,7,Self Aware,Temper City,7,7,12
2026-08-29,8,Sexy Nana,Aya Nakamura & La Rvfleuze,8,3,13
2026-08-29,9,Talk To You,ANOTR Featuring 54 Ultra,12,9,9
2026-08-29,10,Dracula,Tame Impala & JENNIE,15,2,24
2026-08-29,11,DTMF,Bad Bunny,13,1,63
2026-08-29,12,Beauty And A Beat,Justin Bieber Featuring Nicki Minaj,11,3,19
2026-08-29,13,Nuevayol,Bad Bunny,10,2,35
2026-08-29,14,Ordinary,Alex Warren,17,1,73
2026-08-29,15,I Adore You,HUGEL X Topic X Arash Featuring Daecolm,16,3,65
2026-08-29,16,Mi Chico,"DJ Goja, Jason Derulo & Melody",18,16,8
2026-08-29,17,Raindance,Dave & Tems,19,1,37
2026-08-29,18,Billie Jean,Michael Jackson,14,2,17
2026-08-29,19,The One That Got Away,Katy Perry,21,9,3
2026-08-29,20,Loser,Tame Impala,-,20,1
2026-08-29,21,Mr. Brightside,The Killers,25,21,3
2026-08-29,22,Move,Adam Port & Stryv Featuring Malachiii,23,1,67
2026-08-29,23,Golden,"HUNTR/X: EJAE, Audrey Nuna & REI AMI",-,1,58
2026-08-29,24,Danza Kuduro,Don Omar & Lucenzo,24,23,4
2026-08-29,25,The Fate Of Ophelia,Taylor Swift,-,1,35
2026-09-05,1,Dai Dai (FIFA World Cup Official Song 2026),Shakira X Burna Boy,1,1,14
2026-09-05,2,Pile,Mauvais djo,2,1,15
2026-09-05,3,Seven,Jung Kook Featuring Latto,3,1,47
2026-09-05,4,Maladie,Mauvais djo,4,3,15
2026-09-05,5,Jamaican (Bam Bam),HUGEL & SOLTO,5,5,16
2026-09-05,6,Movin' To The Sun,"HUGEL , Imael Angel & Ultra Nate",6,6,8
2026-09-05,7,Self Aware,Temper City,7,7,13
2026-09-05,8,Sexy Nana,Aya Nakamura & La Rvfleuze,8,3,14
2026-09-05,9,ISSA,Sido,-,9,1
2026-09-05,10,Talk To You,ANOTR Featuring 54 Ultra,9,9,10
2026-09-05,11,Mi Chico,"DJ Goja, Jason Derulo & Melody",16,11,9
2026-09-05,12,Dracula,Tame Impala & JENNIE,10,2,25
2026-09-05,13,Ordinary,Alex Warren,14,1,74
2026-09-05,14,Beauty And A Beat,Justin Bieber Featuring Nicki Minaj,12,3,20
2026-09-05,15,Loser,Tame Impala,20,15,2
2026-09-05,16,DTMF,Bad Bunny,11,1,64
2026-09-05,17,Nuevayol,Bad Bunny,13,2,36
2026-09-05,18,Billie Jean,Michael Jackson,18,2,18
2026-09-05,19,Raindance,Dave & Tems,17,1,38
2026-09-05,20,The One That Got Away,Katy Perry,19,9,4
2026-09-05,21,Mr. Brightside,The Killers,21,21,4
2026-09-05,22,Iris,Goo Goo Dolls,-,22,1
2026-09-05,23,Where Is My Husband!,RAYE,-,4,42
2026-09-05,24,La Petasse,Aya Nakamura,-,24,1
2026-09-05,25,Golden,"HUNTR/X: EJAE, Audrey Nuna & REI AMI",23,1,59
