Date,Rank,Song,Artist,Last Week,Peak Position,Weeks on Chart
2015-11-07,1,Hotline Bling,Drake,-,1,1
2015-11-07,2,Hello,Adele,-,2,1
2015-11-07,3,Locked Away,R. City Featuring Adam Levine,-,3,1
2015-11-07,4,What Do You Mean?,Justin Bieber,-,4,1
2015-11-07,5,Waiting For Love,Avicii,-,5,1
2015-11-07,6,How Deep Is Your Love,Calvin Harris & Disciples,-,6,1
2015-11-07,7,Revival,Selena Gomez,-,7,1
2015-11-07,8,Ginza,J Balvin,-,8,1
2015-11-07,9,Trap Queen,Fetty Wap,-,9,1
2015-11-07,10,The Hills,The Weeknd,-,10,1
2015-11-07,11,Black Magic,Little Mix,-,11,1
2015-11-07,12,Drag Me Down,One Direction,-,12,1
2015-11-07,13,Sugar,Robin Schulz Featuring Francesco Yates,-,13,1
2015-11-07,14,Style,Taylor Swift,-,14,1
2015-11-07,15,Alone No More,Philip George And Anton Powers,-,15,1
2015-11-07,16,679,Fetty Wap Featuring Remy Boyz,-,16,1
2015-11-07,17,Turn The Music Louder (Ramble),K/DA Featuring Tinie Tempah & Katy B,-,17,1
2015-11-07,18,See You Again,Wiz Khalifa Featuring Charlie Puth,-,18,1
2015-11-07,19,Five More Hours,Deorro & Chris Brown,-,19,1
2015-11-07,20,Wasn't Expecting That,Jamie Lawson,-,20,1
2015-11-07,21,Tell Your Friends,The Weeknd,-,21,1
2015-11-07,22,Sunset,Farruko Featuring Shaggy & Nicky Jam,-,22,1
2015-11-07,23,For A Better Day,Avicii,-,23,1
2015-11-07,24,Worth It,Fifth Harmony Featuring Kid Ink,-,24,1
2015-11-07,25,Permanent Vacation,5 Seconds of Summer,-,25,1
2015-11-14,1,Hello,Adele,2,1,2
2015-11-14,2,Locked Away,R. City Featuring Adam Levine,3,2,2
2015-11-14,3,Perfect,One Direction,-,3,1
2015-11-14,4,Hotline Bling,Drake,1,1,2
2015-11-14,5,Sorry,Justin Bieber,-,5,1
2015-11-14,6,Writing's On The Wall,Sam Smith,-,6,1
2015-11-14,7,Focus,Ariana Grande,-,7,1
2015-11-14,8,Vapor,5 Seconds of Summer,-,8,1
2015-11-14,9,Ocean Drive,Duke Dumont,-,9,1
2015-11-14,10,San Francisco,5 Seconds of Summer,-,10,1
2015-11-14,11,Lay It All On Me,Rudimental Featuring Ed Sheeran,-,11,1
2015-11-14,12,Hula Hoop,OMI,-,12,1
2015-11-14,13,Rosa,Gradur,-,13,1
2015-11-14,14,Invisible,5 Seconds of Summer,-,14,1
2015-11-14,15,Turn The Music Louder (Ramble),K/DA Featuring Tinie Tempah & Katy B,17,15,2
2015-11-14,16,Wasn't Expecting That,Jamie Lawson,20,16,2
2015-11-14,17,Bedingungslos,Sarah Connor,-,17,1
2015-11-14,18,What Do You Mean?,Justin Bieber,4,4,2
2015-11-14,19,How Deep Is Your Love,Calvin Harris & Disciples,6,6,2
2015-11-14,20,Revival,Selena Gomez,7,7,2
2015-11-14,21,Ginza,J Balvin,8,8,2
2015-11-14,22,Sunset,Farruko Featuring Shaggy & Nicky Jam,22,22,2
2015-11-14,23,Waste the Night,5 Seconds of Summer,-,23,1
2015-11-14,24,Energy,Drake,-,24,1
2015-11-14,25,Waiting For Love,Avicii,5,5,2
2015-11-21,1,Hello,Adele,1,1,3
2015-11-21,2,Focus,Ariana Grande,7,2,2
2015-11-21,3,Writing's On The Wall,Sam Smith,6,3,2
2015-11-21,4,Home,One Direction,-,4,1
2015-11-21,5,Turn The Music Louder (Ramble),K/DA Featuring Tinie Tempah & Katy B,15,5,3
2015-11-21,6,Never Forget You,Zara Larsson & MNEK,-,6,1
2015-11-21,7,Locked Away,R. City Featuring Adam Levine,2,2,3
2015-11-21,8,Perfect,One Direction,3,3,2
2015-11-21,9,Hotline Bling,Drake,4,1,3
2015-11-21,10,Vapor,5 Seconds of Summer,8,8,2
2015-11-21,11,Drink You Away,Justin Timberlake,-,11,1
2015-11-21,12,Grown,Little Mix,-,12,1
2015-11-21,13,Lay It All On Me,Rudimental Featuring Ed Sheeran,11,11,2
2015-11-21,14,Sorry,Justin Bieber,5,5,2
2015-11-21,15,Wasn't Expecting That,Jamie Lawson,16,15,3
2015-11-21,16,Rosa,Gradur,13,13,2
2015-11-21,17,Bedingungslos,Sarah Connor,17,17,2
2015-11-21,18,Revival,Selena Gomez,20,7,3
2015-11-21,19,Ginza,J Balvin,21,8,3
2015-11-21,20,Sunset,Farruko Featuring Shaggy & Nicky Jam,22,20,3
2015-11-21,21,Waste the Night,5 Seconds of Summer,23,21,2
2015-11-21,22,Rumour Mill,Rudimental Featuring Ann Marie & Will Heard,-,22,1
2015-11-21,23,Second Hand Heart,Ben Haenow Featuring Kelly Clarkson,-,23,1
2015-11-21,24,Take Me Home,Jess Glynne,-,24,1
2015-11-21,25,Hula Hoop,OMI,12,12,2
2015-11-28,1,Hello,Adele,1,1,4
2015-11-28,2,Focus,Ariana Grande,2,2,3
2015-11-28,3,Writing's On The Wall,Sam Smith,3,3,3
2015-11-28,4,Imagine,John Lennon,-,4,1
2015-11-28,5,Money,5 Seconds of Summer,-,5,1
2015-11-28,6,Never Forget You,Zara Larsson & MNEK,6,6,2
2015-11-28,7,Home,One Direction,4,4,2
2015-11-28,8,Half The World Away,Oasis,-,8,1
2015-11-28,9,Lay It All On Me,Rudimental Featuring Ed Sheeran,13,9,3
2015-11-28,10,Music To My Soul,CeeLo Green,-,10,1
2015-11-28,11,Turn The Music Louder (Ramble),K/DA Featuring Tinie Tempah & Katy B,5,5,4
2015-11-28,12,Locked Away,R. City Featuring Adam Levine,7,2,4
2015-11-28,13,Perfect,One Direction,8,3,3
2015-11-28,14,Hotline Bling,Drake,9,1,4
2015-11-28,15,Vapor,5 Seconds of Summer,10,8,3
2015-11-28,16,Grown,Little Mix,12,12,2
2015-11-28,17,Sorry,Justin Bieber,14,5,3
2015-11-28,18,Wasn't Expecting That,Jamie Lawson,15,15,4
2015-11-28,19,Rosa,Gradur,16,13,3
2015-11-28,20,Bedingungslos,Sarah Connor,17,17,3
2015-11-28,21,Easy Love,Sigala .,-,21,1
2015-11-28,22,Rumour Mill,Rudimental Featuring Ann Marie & Will Heard,22,22,2
2015-11-28,23,Second Hand Heart,Ben Haenow Featuring Kelly Clarkson,23,23,2
2015-11-28,24,Revival,Selena Gomez,18,7,4
2015-11-28,25,If I Could Fly,One Direction,-,25,1
2015-12-05,1,Hello,Adele,1,1,5
2015-12-05,2,Imagine,John Lennon,4,2,2
2015-12-05,3,Sorry,Justin Bieber,17,3,4
2015-12-05,4,On My Mind,Ellie Goulding,-,4,1
2015-12-05,5,Mark My Words,Justin Bieber,-,5,1
2015-12-05,6,Adventure Of A Lifetime,Coldplay,-,6,1
2015-12-05,7,Send My Love (To Your New Lover),Adele,-,7,1
2015-12-05,8,Sax,Fleur East,-,8,1
2015-12-05,9,Love Yourself,Justin Bieber,-,9,1
2015-12-05,10,Blase,Ty Dolla $ign Featuring Future & Rae Sremmurd,-,10,1
2015-12-05,11,Focus,Ariana Grande,2,2,4
2015-12-05,12,Money,5 Seconds of Summer,5,5,2
2015-12-05,13,Never Forget You,Zara Larsson & MNEK,6,6,3
2015-12-05,14,Writing's On The Wall,Sam Smith,3,3,4
2015-12-05,15,2 Phones,Kevin Gates,-,15,1
2015-12-05,16,Half The World Away,Oasis,8,8,2
2015-12-05,17,Grind State,Jeezy,-,17,1
2015-12-05,18,Mad Ting,Swindle Featuring JME,-,18,1
2015-12-05,19,Music To My Soul,CeeLo Green,10,10,2
2015-12-05,20,Turn The Music Louder (Ramble),K/DA Featuring Tinie Tempah & Katy B,11,5,5
2015-12-05,21,Locked Away,R. City Featuring Adam Levine,12,2,5
2015-12-05,22,Perfect,One Direction,13,3,4
2015-12-05,23,Easy Love,Sigala .,21,21,2
2015-12-05,24,"Strangeulation, Vol. II - Cypher I",Tech N9ne Collabos,-,24,1
2015-12-05,25,Lay It All On Me,Rudimental Featuring Ed Sheeran,9,9,4
2015-12-12,1,Hello,Adele,1,1,6
2015-12-12,2,Water Under The Bridge,Adele,-,2,1
2015-12-12,3,Sorry,Justin Bieber,3,3,5
2015-12-12,4,Half The World Away,Aurora,-,4,1
2015-12-12,5,Mark My Words,Justin Bieber,5,5,2
2015-12-12,6,Adventure Of A Lifetime,Coldplay,6,6,2
2015-12-12,7,All I Ask,Adele,-,7,1
2015-12-12,8,River Lea,Adele,-,8,1
2015-12-12,9,Contact,Logic,-,9,1
2015-12-12,10,Sax,Fleur East,8,8,2
2015-12-12,11,Chunky,Format:B,-,11,1
2015-12-12,12,Intoxicated,Martin Solveig & GTA,-,12,1
2015-12-12,13,Alright With Me,Wretch 32,-,13,1
2015-12-12,14,Angel,Theory Of A Deadman,-,14,1
2015-12-12,15,Send My Love (To Your New Lover),Adele,7,7,2
2015-12-12,16,Love Yourself,Justin Bieber,9,9,2
2015-12-12,17,Blase,Ty Dolla $ign Featuring Future & Rae Sremmurd,10,10,2
2015-12-12,18,Focus,Ariana Grande,11,2,5
2015-12-12,19,Money,5 Seconds of Summer,12,5,3
2015-12-12,20,Never Forget You,Zara Larsson & MNEK,13,6,4
2015-12-12,21,Writing's On The Wall,Sam Smith,14,3,5
2015-12-12,22,Grind State,Jeezy,17,17,2
2015-12-12,23,I Miss You,Adele,-,23,1
2015-12-12,24,Wake Up,The Vamps,-,24,1
2015-12-12,25,Over And Over Again,Nathan Sykes Featuring Ariana Grande,-,25,1
2015-12-19,1,Sorry,Justin Bieber,3,1,6
2015-12-19,2,Adventure Of A Lifetime,Coldplay,6,2,3
2015-12-19,3,Wild,Troye Sivan Featuring Alessia Cara,-,3,1
2015-12-19,4,Everglow,Coldplay,-,4,1
2015-12-19,5,No Sense,Justin Bieber Featuring Travi$ Scott,-,5,1
2015-12-19,6,Hymn For The Weekend,Coldplay,-,6,1
2015-12-19,7,Here,Alessia Cara,-,7,1
2015-12-19,8,Hello,Adele,1,1,7
2015-12-19,9,Plush,Stone Temple Pilots,-,9,1
2015-12-19,10,Over And Over Again,Nathan Sykes Featuring Ariana Grande,25,10,2
2015-12-19,11,All I Want For Christmas Is You,Mariah Carey,-,11,1
2015-12-19,12,Half The World Away,Aurora,4,4,2
2015-12-19,13,Mark My Words,Justin Bieber,5,5,3
2015-12-19,14,All I Ask,Adele,7,7,2
2015-12-19,15,Contact,Logic,9,9,2
2015-12-19,16,River Lea,Adele,8,8,2
2015-12-19,17,Sax,Fleur East,10,8,3
2015-12-19,18,Chunky,Format:B,11,11,2
2015-12-19,19,Intoxicated,Martin Solveig & GTA,12,12,2
2015-12-19,20,Alright With Me,Wretch 32,13,13,2
2015-12-19,21,Angel,Theory Of A Deadman,14,14,2
2015-12-19,22,Send My Love (To Your New Lover),Adele,15,7,3
2015-12-19,23,Love Yourself,Justin Bieber,16,9,3
2015-12-19,24,Blase,Ty Dolla $ign Featuring Future & Rae Sremmurd,17,10,3
2015-12-19,25,The Long Way Home,Krept & Konan,-,25,1
2015-12-26,1,You Don't Own Me,Grace Featuring G-Eazy,-,1,1
2015-12-26,2,Sorry,Justin Bieber,1,1,7
2015-12-26,3,Adventure Of A Lifetime,Coldplay,2,2,4
2015-12-26,4,Coming Home,Sigma And Rita Ora,-,4,1
2015-12-26,5,Seventeen,Alessia Cara,-,5,1
2015-12-26,6,Wild,Troye Sivan Featuring Alessia Cara,3,3,2
2015-12-26,7,Everglow,Coldplay,4,4,2
2015-12-26,8,No Sense,Justin Bieber Featuring Travi$ Scott,5,5,2
2015-12-26,9,Hymn For The Weekend,Coldplay,6,6,2
2015-12-26,10,Here,Alessia Cara,7,7,2
2015-12-26,11,Hello,Adele,8,1,8
2015-12-26,12,Redemption,Sigma + Diztortion Featuring Jacob Banks,-,12,1
2015-12-26,13,Over And Over Again,Nathan Sykes Featuring Ariana Grande,10,10,3
2015-12-26,14,Fairytale Of New York,The Pogues Featuring Kirsty MacColl,-,14,1
2015-12-26,15,Half The World Away,Aurora,12,4,3
2015-12-26,16,Mark My Words,Justin Bieber,13,5,4
2015-12-26,17,All I Ask,Adele,14,7,3
2015-12-26,18,Contact,Logic,15,9,3
2015-12-26,19,River Lea,Adele,16,8,3
2015-12-26,20,Sax,Fleur East,17,8,4
2015-12-26,21,Chunky,Format:B,18,11,3
2015-12-26,22,Intoxicated,Martin Solveig & GTA,19,12,3
2015-12-26,23,Alright With Me,Wretch 32,20,13,3
2015-12-26,24,Angel,Theory Of A Deadman,21,14,3
2015-12-26,25,Send My Love (To Your New Lover),Adele,22,7,4
2016-01-02,1,You Don't Own Me,Grace Featuring G-Eazy,1,1,2
2016-01-02,2,Sorry,Justin Bieber,2,1,8
2016-01-02,3,Coming Home,Sigma And Rita Ora,4,3,2
2016-01-02,4,Love Yourself,Justin Bieber,-,4,4
2016-01-02,5,Adventure Of A Lifetime,Coldplay,3,2,5
2016-01-02,6,Seventeen,Alessia Cara,5,5,2
2016-01-02,7,Wild,Troye Sivan Featuring Alessia Cara,6,3,3
2016-01-02,8,Everglow,Coldplay,7,4,3
2016-01-02,9,No Sense,Justin Bieber Featuring Travi$ Scott,8,5,3
2016-01-02,10,Sax,Fleur East,20,8,5
2016-01-02,11,Here,Alessia Cara,10,7,3
2016-01-02,12,Hello,Adele,11,1,9
2016-01-02,13,Over And Over Again,Nathan Sykes Featuring Ariana Grande,13,10,4
2016-01-02,14,Fairytale Of New York,The Pogues Featuring Kirsty MacColl,14,14,2
2016-01-02,15,Half The World Away,Aurora,15,4,4
2016-01-02,16,Mark My Words,Justin Bieber,16,5,5
2016-01-02,17,All I Ask,Adele,17,7,4
2016-01-02,18,All I Want For Christmas Is You,Mariah Carey,-,11,2
2016-01-02,19,Driving Home For Christmas,Chris Rea,-,19,1
2016-01-02,20,Intoxicated,Martin Solveig & GTA,22,12,4
2016-01-02,21,Shine,Years & Years,-,21,1
2016-01-02,22,Stitches,Shawn Mendes,-,22,1
2016-01-02,23,Redemption,Sigma + Diztortion Featuring Jacob Banks,12,12,2
2016-01-02,24,Back To Sleep,Chris Brown,-,24,1
2016-01-02,25,Alright With Me,Wretch 32,23,13,4
2016-01-09,1,You Don't Own Me,Grace Featuring G-Eazy,1,1,3
2016-01-09,2,Sorry,Justin Bieber,2,1,9
2016-01-09,3,Sugar,Robin Schulz Featuring Francesco Yates,-,3,2
2016-01-09,4,All My Friends,Snakehips Featuring Tinashe & Chance the Rapper,-,4,1
2016-01-09,5,Love Yourself,Justin Bieber,4,4,5
2016-01-09,6,Adventure Of A Lifetime,Coldplay,5,2,6
2016-01-09,7,Seventeen,Alessia Cara,6,5,3
2016-01-09,8,Someday At Christmas,Stevie Wonder & Andra Day,-,8,1
2016-01-09,9,Stitches,Shawn Mendes,22,9,2
2016-01-09,10,Coming Home,Sigma And Rita Ora,3,3,3
2016-01-09,11,Over And Over Again,Nathan Sykes Featuring Ariana Grande,13,10,5
2016-01-09,12,Wild,Troye Sivan Featuring Alessia Cara,7,3,4
2016-01-09,13,Everglow,Coldplay,8,4,4
2016-01-09,14,No Sense,Justin Bieber Featuring Travi$ Scott,9,5,4
2016-01-09,15,Sax,Fleur East,10,8,6
2016-01-09,16,Here,Alessia Cara,11,7,4
2016-01-09,17,Hello,Adele,12,1,10
2016-01-09,18,Fairytale Of New York,The Pogues Featuring Kirsty MacColl,14,14,3
2016-01-09,19,Half The World Away,Aurora,15,4,5
2016-01-09,20,Mark My Words,Justin Bieber,16,5,6
2016-01-09,21,All I Ask,Adele,17,7,5
2016-01-09,22,All I Want For Christmas Is You,Mariah Carey,18,11,3
2016-01-09,23,Intoxicated,Martin Solveig & GTA,20,12,5
2016-01-09,24,Eyes Shut,Years & Years,-,24,1
2016-01-09,25,Alright With Me,Wretch 32,25,13,5
2016-01-16,1,The Christmas Song (Merry Christmas To You),"Nat ""King"" Cole",-,1,1
2016-01-16,2,Mark My Words,Justin Bieber,20,2,7
2016-01-16,3,Ace Of Spades,Motorhead,-,3,1
2016-01-16,4,You Don't Own Me,Grace Featuring G-Eazy,1,1,4
2016-01-16,5,Have Yourself A Merry Little Christmas,Judy Garland With Georgie Stoll & His Orchestra,-,5,1
2016-01-16,6,Sorry,Justin Bieber,2,1,10
2016-01-16,7,Sugar,Robin Schulz Featuring Francesco Yates,3,3,3
2016-01-16,8,All My Friends,Snakehips Featuring Tinashe & Chance the Rapper,4,4,2
2016-01-16,9,Love Yourself,Justin Bieber,5,4,6
2016-01-16,10,Adventure Of A Lifetime,Coldplay,6,2,7
2016-01-16,11,Seventeen,Alessia Cara,7,5,4
2016-01-16,12,Stitches,Shawn Mendes,9,9,3
2016-01-16,13,Coming Home,Sigma And Rita Ora,10,3,4
2016-01-16,14,Keep Up,KSI Featuring JME,-,14,1
2016-01-16,15,In2,,-,15,1
2016-01-16,16,Wild,Troye Sivan Featuring Alessia Cara,12,3,5
2016-01-16,17,Everglow,Coldplay,13,4,5
2016-01-16,18,When The Bassline Drops,Craig David x Big Narstie,-,18,1
2016-01-16,19,Sax,Fleur East,15,8,7
2016-01-16,20,Here,Alessia Cara,16,7,5
2016-01-16,21,Hello,Adele,17,1,11
2016-01-16,22,Fairytale Of New York,The Pogues Featuring Kirsty MacColl,18,14,4
2016-01-16,23,Someday At Christmas,Stevie Wonder & Andra Day,8,8,2
2016-01-16,24,No Sense,Justin Bieber Featuring Travi$ Scott,14,5,5
2016-01-16,25,All I Ask,Adele,21,7,6
2016-01-23,1,Sorry,Justin Bieber,6,1,11
2016-01-23,2,You Don't Own Me,Grace Featuring G-Eazy,4,1,5
2016-01-23,3,Mark My Words,Justin Bieber,2,2,8
2016-01-23,4,All My Friends,Snakehips Featuring Tinashe & Chance the Rapper,8,4,3
2016-01-23,5,Love Yourself,Justin Bieber,9,4,7
2016-01-23,6,Adventure Of A Lifetime,Coldplay,10,2,8
2016-01-23,7,Seventeen,Alessia Cara,11,5,5
2016-01-23,8,Stitches,Shawn Mendes,12,8,4
2016-01-23,9,Out Of The Woods,Taylor Swift,-,9,1
2016-01-23,10,Keep Up,KSI Featuring JME,14,10,2
2016-01-23,11,Life Of The Party,Shawn Mendes,-,11,1
2016-01-23,12,In2,,15,12,2
2016-01-23,13,Wild,Troye Sivan Featuring Alessia Cara,16,3,6
2016-01-23,14,Everglow,Coldplay,17,4,6
2016-01-23,15,When The Bassline Drops,Craig David x Big Narstie,18,15,2
2016-01-23,16,Sax,Fleur East,19,8,8
2016-01-23,17,Here,Alessia Cara,20,7,6
2016-01-23,18,Hello,Adele,21,1,12
2016-01-23,19,Coming Home,Sigma And Rita Ora,13,3,5
2016-01-23,20,Ace Of Spades,Motorhead,-,20,1
2016-01-23,21,No Sense,Justin Bieber Featuring Travi$ Scott,24,5,6
2016-01-23,22,All I Ask,Adele,25,7,7
2016-01-23,23,Someday At Christmas,Stevie Wonder & Andra Day,23,8,3
2016-01-23,24,Bomber,Motorhead,-,24,1
2016-01-23,25,Sugar,Robin Schulz Featuring Francesco Yates,7,3,4
2016-01-30,1,Space Oddity,David Bowie,-,1,1
2016-01-30,2,Life On Mars?,David Bowie,-,2,1
2016-01-30,3,Heroes,David Bowie,-,3,1
2016-01-30,4,Starman,David Bowie,-,4,1
2016-01-30,5,Ashes To Ashes,David Bowie,-,5,1
2016-01-30,6,The Man Who Sold The World,David Bowie,-,6,1
2016-01-30,7,Modern Love,David Bowie,-,7,1
2016-01-30,8,Changes,David Bowie,-,8,1
2016-01-30,9,Quicksand,David Bowie,-,9,1
2016-01-30,10,Blackstar,David Bowie,-,10,1
2016-01-30,11,Suffragette City,David Bowie,-,11,1
2016-01-30,12,Ziggy Stardust,David Bowie,-,12,1
2016-01-30,13,Lazarus,David Bowie,-,13,1
2016-01-30,14,Young Americans,David Bowie,-,14,1
2016-01-30,15,China Girl,David Bowie,-,15,1
2016-01-30,16,Five Years,David Bowie,-,16,1
2016-01-30,17,Lady Grinning Soul,David Bowie,-,17,1
2016-01-30,18,Station To Station,David Bowie,-,18,1
2016-01-30,19,This Is Not America,David Bowie / Pat Metheny Group,-,19,1
2016-01-30,20,I'm Afraid Of Americans,David Bowie,-,20,1
2016-01-30,21,Queen Bitch,David Bowie,-,21,1
2016-01-30,22,Warszawa,David Bowie,-,22,1
2016-01-30,23,Soul Love,David Bowie,-,23,1
2016-01-30,24,Oh! You Pretty Things,David Bowie,-,24,1
2016-01-30,25,My Death,David Bowie,-,25,1
2016-02-06,1,The Man Who Sold The World,David Bowie,6,1,2
2016-02-06,2,Hotel California,Eagles,-,2,1
2016-02-06,3,Let's Dance,David Bowie,-,3,1
2016-02-06,4,Stressed Out,Twenty One Pilots,-,4,1
2016-02-06,5,Lyin' Eyes,Eagles,-,5,1
2016-02-06,6,New Kid In Town,Eagles,-,6,1
2016-02-06,7,Starman,David Bowie,4,4,2
2016-02-06,8,Tequila Sunrise,Eagles,-,8,1
2016-02-06,9,China Girl,David Bowie,15,9,2
2016-02-06,10,Take It Easy,Eagles,-,10,1
2016-02-06,11,Changes,David Bowie,8,8,2
2016-02-06,12,It's Your World Now,Eagles,-,12,1
2016-02-06,13,Blackstar,David Bowie,10,10,2
2016-02-06,14,Suffragette City,David Bowie,11,11,2
2016-02-06,15,Sorry,Justin Bieber,-,1,12
2016-02-06,16,Demons,Imagine Dragons,-,16,1
2016-02-06,17,Life On Mars?,David Bowie,2,2,2
2016-02-06,18,Space Oddity,David Bowie,1,1,2
2016-02-06,19,Here,Alessia Cara,-,7,7
2016-02-06,20,Like I'm Gonna Lose You,Meghan Trainor Featuring John Legend,-,20,1
2016-02-06,21,Ex's & Oh's,Elle King,-,21,1
2016-02-06,22,Heroes,David Bowie,3,3,2
2016-02-06,23,Stitches,Shawn Mendes,-,8,5
2016-02-06,24,Same Old Love,Selena Gomez,-,24,1
2016-02-06,25,All I Ask,Adele,-,7,8
2016-02-13,1,Love Yourself,Justin Bieber,-,1,8
2016-02-13,2,Stressed Out,Twenty One Pilots,4,2,2
2016-02-13,3,Stitches,Shawn Mendes,23,3,6
2016-02-13,4,One Call Away,Charlie Puth,-,4,1
2016-02-13,5,7 Years,Lukas Graham,-,5,1
2016-02-13,6,All My Friends,Snakehips Featuring Tinashe & Chance the Rapper,-,4,4
2016-02-13,7,Hymn For The Weekend,Coldplay,-,6,3
2016-02-13,8,Lush Life,Zara Larsson,-,8,1
2016-02-13,9,Hotel California,Eagles,2,2,2
2016-02-13,10,Fast Car,Jonas Blue Featuring Dakota,-,10,1
2016-02-13,11,Wonderful Life,Black,-,11,1
2016-02-13,12,Life Of The Party,Shawn Mendes,-,11,2
2016-02-13,13,Starman,David Bowie,7,4,3
2016-02-13,14,Tequila Sunrise,Eagles,8,8,2
2016-02-13,15,China Girl,David Bowie,9,9,3
2016-02-13,16,Take It Easy,Eagles,10,10,2
2016-02-13,17,"Me, Myself & I",G-Eazy x Bebe Rexha,-,17,1
2016-02-13,18,Here,Alessia Cara,19,7,8
2016-02-13,19,Reaper,Sia,-,19,1
2016-02-13,20,Like I'm Gonna Lose You,Meghan Trainor Featuring John Legend,20,20,2
2016-02-13,21,Ex's & Oh's,Elle King,21,21,2
2016-02-13,22,Heroes,David Bowie,22,3,3
2016-02-13,23,Same Old Love,Selena Gomez,24,23,2
2016-02-13,24,Don't Be So Hard On Yourself,Jess Glynne,-,24,1
2016-02-13,25,In2,,-,12,3
2016-02-20,1,Work,Rihanna Featuring Drake,-,1,1
2016-02-20,2,Hymn For The Weekend,Coldplay,7,2,4
2016-02-20,3,Consideration,Rihanna Featuring SZA,-,3,1
2016-02-20,4,Fast Car,Jonas Blue Featuring Dakota,10,4,2
2016-02-20,5,7 Years,Lukas Graham,5,5,2
2016-02-20,6,Cheap Thrills,Sia Featuring Sean Paul,-,6,1
2016-02-20,7,Kiss It Better,Rihanna,-,7,1
2016-02-20,8,Desperado,Rihanna,-,8,1
2016-02-20,9,Needed Me,Rihanna,-,9,1
2016-02-20,10,Unstoppable,Sia,-,10,1
2016-02-20,11,Higher,Rihanna,-,11,1
2016-02-20,12,Never Ending,Rihanna,-,12,1
2016-02-20,13,In2,,25,12,4
2016-02-20,14,Same Ol' Mistakes,Rihanna,-,14,1
2016-02-20,15,Woo,Rihanna,-,15,1
2016-02-20,16,Reaper,Sia,19,16,2
2016-02-20,17,One Call Away,Charlie Puth,4,4,2
2016-02-20,18,Sex With Me,Rihanna,-,18,1
2016-02-20,19,Ex's & Oh's,Elle King,21,19,3
2016-02-20,20,Get Ugly,Jason Derulo,-,20,1
2016-02-20,21,Same Old Love,Selena Gomez,23,21,3
2016-02-20,22,Don't Be So Hard On Yourself,Jess Glynne,24,22,2
2016-02-20,23,Promise,Kid Ink Featuring Fetty Wap,-,23,1
2016-02-20,24,Stressed Out,Twenty One Pilots,2,2,3
2016-02-20,25,Army,Ellie Goulding,-,25,1
2016-02-27,1,7 Years,Lukas Graham,5,1,3
2016-02-27,2,One Call Away,Charlie Puth,17,2,3
2016-02-27,3,Pillowtalk,ZAYN,-,3,1
2016-02-27,4,Fast Car,Jonas Blue Featuring Dakota,4,4,3
2016-02-27,5,Work,Rihanna Featuring Drake,1,1,2
2016-02-27,6,Secret Love Song,Little Mix Featuring Jason Derulo,-,6,1
2016-02-27,7,Lush Life,Zara Larsson,-,7,2
2016-02-27,8,Hymn For The Weekend,Coldplay,2,2,5
2016-02-27,9,Consideration,Rihanna Featuring SZA,3,3,2
2016-02-27,10,Cheap Thrills,Sia Featuring Sean Paul,6,6,2
2016-02-27,11,Kiss It Better,Rihanna,7,7,2
2016-02-27,12,Get Ugly,Jason Derulo,20,12,2
2016-02-27,13,Unstoppable,Sia,10,10,2
2016-02-27,14,Ex's & Oh's,Elle King,19,14,4
2016-02-27,15,Stressed Out,Twenty One Pilots,24,2,4
2016-02-27,16,Army,Ellie Goulding,25,16,2
2016-02-27,17,In2,,13,12,5
2016-02-27,18,Never Ending,Rihanna,12,12,2
2016-02-27,19,Same Ol' Mistakes,Rihanna,14,14,2
2016-02-27,20,X Gon' Give It To Ya,DMX,-,20,1
2016-02-27,21,Reaper,Sia,16,16,3
2016-02-27,22,Sex With Me,Rihanna,18,18,2
2016-02-27,23,Don't Be So Hard On Yourself,Jess Glynne,22,22,3
2016-02-27,24,Promise,Kid Ink Featuring Fetty Wap,23,23,2
2016-02-27,25,Same Old Love,Selena Gomez,21,21,4
2016-03-05,1,Pillowtalk,ZAYN,3,1,2
2016-03-05,2,Consideration,Rihanna Featuring SZA,9,2,3
2016-03-05,3,All My Friends,Snakehips Featuring Tinashe & Chance the Rapper,-,3,5
2016-03-05,4,"Father Stretch My Hands, Pt. 1",Kanye West,-,4,1
2016-03-05,5,Formation,Beyonce,-,5,1
2016-03-05,6,7 Years,Lukas Graham,1,1,4
2016-03-05,7,Work,Rihanna Featuring Drake,5,1,3
2016-03-05,8,Stressed Out,Twenty One Pilots,15,2,5
2016-03-05,9,Love Yourself,Justin Bieber,-,1,9
2016-03-05,10,Real Friends,Kanye West,-,10,1
2016-03-05,11,FML,Kanye West,-,11,1
2016-03-05,12,Kiss It Better,Rihanna,11,7,3
2016-03-05,13,Freestyle 4,Kanye West,-,13,1
2016-03-05,14,Feedback,Kanye West,-,14,1
2016-03-05,15,Get Ugly,Jason Derulo,12,12,3
2016-03-05,16,Unstoppable,Sia,13,10,3
2016-03-05,17,Mama Said,Lukas Graham,-,17,1
2016-03-05,18,Army,Ellie Goulding,16,16,3
2016-03-05,19,Lush Life,Zara Larsson,7,7,3
2016-03-05,20,Never Ending,Rihanna,18,12,3
2016-03-05,21,Same Ol' Mistakes,Rihanna,19,14,3
2016-03-05,22,Fast Car,Jonas Blue Featuring Dakota,4,4,4
2016-03-05,23,Reaper,Sia,21,16,4
2016-03-05,24,Don't Be So Hard On Yourself,Jess Glynne,23,22,4
2016-03-05,25,Promise,Kid Ink Featuring Fetty Wap,24,23,3
2016-03-12,1,7 Years,Lukas Graham,6,1,5
2016-03-12,2,30 Hours,Kanye West,-,2,1
2016-03-12,3,I Took A Pill In Ibiza,Mike Posner,-,3,1
2016-03-12,4,Facts,Kanye West,-,4,1
2016-03-12,5,Pillowtalk,ZAYN,1,1,3
2016-03-12,6,Consideration,Rihanna Featuring SZA,2,2,4
2016-03-12,7,Pt. 2,Kanye West,-,7,1
2016-03-12,8,Stressed Out,Twenty One Pilots,8,2,6
2016-03-12,9,Spoons,Macklemore & Ryan Lewis Featuring Ryan Bedard,-,9,1
2016-03-12,10,The Sound,The 1975,-,10,1
2016-03-12,11,All My Friends,Snakehips Featuring Tinashe & Chance the Rapper,3,3,6
2016-03-12,12,"Father Stretch My Hands, Pt. 1",Kanye West,4,4,2
2016-03-12,13,Formation,Beyonce,5,5,2
2016-03-12,14,Work,Rihanna Featuring Drake,7,1,4
2016-03-12,15,Real Friends,Kanye West,10,10,2
2016-03-12,16,FML,Kanye West,11,11,2
2016-03-12,17,"Coalesce (Synesthesia, Pt. II)",Jack Garratt,-,17,1
2016-03-12,18,Freestyle 4,Kanye West,13,13,2
2016-03-12,19,Feedback,Kanye West,14,14,2
2016-03-12,20,Get Ugly,Jason Derulo,15,12,4
2016-03-12,21,Hymn For The Weekend,Coldplay,-,2,6
2016-03-12,22,Mama Said,Lukas Graham,17,17,2
2016-03-12,23,A Change Of Heart,The 1975,-,23,1
2016-03-12,24,Lush Life,Zara Larsson,19,7,4
2016-03-12,25,Never Ending,Rihanna,20,12,4
2016-03-19,1,I Took A Pill In Ibiza,Mike Posner,3,1,2
2016-03-19,2,7 Years,Lukas Graham,1,1,6
2016-03-19,3,The 1975,The 1975,-,3,1
2016-03-19,4,30 Hours,Kanye West,2,2,2
2016-03-19,5,Work,Rihanna Featuring Drake,14,1,5
2016-03-19,6,Somebody Else,The 1975,-,6,1
2016-03-19,7,Pillowtalk,ZAYN,5,1,4
2016-03-19,8,She's American,The 1975,-,8,1
2016-03-19,9,Facts,Kanye West,4,4,2
2016-03-19,10,Nana,The 1975,-,10,1
2016-03-19,11,Paris,The 1975,-,11,1
2016-03-19,12,Consideration,Rihanna Featuring SZA,6,2,5
2016-03-19,13,Mama Said,Lukas Graham,22,13,3
2016-03-19,14,Stressed Out,Twenty One Pilots,8,2,7
2016-03-19,15,Spoons,Macklemore & Ryan Lewis Featuring Ryan Bedard,9,9,2
2016-03-19,16,The Sound,The 1975,10,10,2
2016-03-19,17,All My Friends,Snakehips Featuring Tinashe & Chance the Rapper,11,3,7
2016-03-19,18,"Father Stretch My Hands, Pt. 1",Kanye West,12,4,3
2016-03-19,19,Formation,Beyonce,13,5,3
2016-03-19,20,Lush Life,Zara Larsson,24,7,5
2016-03-19,21,FML,Kanye West,16,11,3
2016-03-19,22,"Coalesce (Synesthesia, Pt. II)",Jack Garratt,17,17,2
2016-03-19,23,Freestyle 4,Kanye West,18,13,3
2016-03-19,24,Feedback,Kanye West,19,14,3
2016-03-19,25,Love Me,The 1975,-,25,1
2016-03-26,1,Faded,Alan Walker,-,1,1
2016-03-26,2,Work From Home,Fifth Harmony Featuring Ty Dolla $ign,-,2,1
2016-03-26,3,7 Years,Lukas Graham,2,1,7
2016-03-26,4,I Took A Pill In Ibiza,Mike Posner,1,1,3
2016-03-26,5,30 Hours,Kanye West,4,2,3
2016-03-26,6,The 1975,The 1975,3,3,2
2016-03-26,7,Pillowtalk,ZAYN,7,1,5
2016-03-26,8,Consideration,Rihanna Featuring SZA,12,2,6
2016-03-26,9,Cheap Thrills,Sia Featuring Sean Paul,-,6,3
2016-03-26,10,Stressed Out,Twenty One Pilots,14,2,8
2016-03-26,11,The Sound,The 1975,16,10,3
2016-03-26,12,All My Friends,Snakehips Featuring Tinashe & Chance the Rapper,17,3,8
2016-03-26,13,Lush Life,Zara Larsson,20,7,6
2016-03-26,14,Formation,Beyonce,19,5,4
2016-03-26,15,Work,Rihanna Featuring Drake,5,1,6
2016-03-26,16,Real Friends,Kanye West,-,10,3
2016-03-26,17,FML,Kanye West,21,11,4
2016-03-26,18,"Coalesce (Synesthesia, Pt. II)",Jack Garratt,22,17,3
2016-03-26,19,Freestyle 4,Kanye West,23,13,4
2016-03-26,20,Feedback,Kanye West,24,14,4
2016-03-26,21,Get Ugly,Jason Derulo,-,12,5
2016-03-26,22,Hymn For The Weekend,Coldplay,-,2,7
2016-03-26,23,Mama Said,Lukas Graham,13,13,4
2016-03-26,24,Exchange,Bryson Tiller,-,24,1
2016-03-26,25,Really Really,Kevin Gates,-,25,1
2016-04-02,1,Work From Home,Fifth Harmony Featuring Ty Dolla $ign,2,1,2
2016-04-02,2,I Took A Pill In Ibiza,Mike Posner,4,1,4
2016-04-02,3,Untitled 01 l 08.19.2014.,Kendrick Lamar,-,3,1
2016-04-02,4,Faded,Alan Walker,1,1,2
2016-04-02,5,Lush Life,Zara Larsson,13,5,7
2016-04-02,6,7 Years,Lukas Graham,3,1,8
2016-04-02,7,She's American,The 1975,-,7,2
2016-04-02,8,Pillowtalk,ZAYN,7,1,6
2016-04-02,9,Love Me,The 1975,-,9,2
2016-04-02,10,Untitled 08 l 09.06.2014.,Kendrick Lamar,-,10,1
2016-04-02,11,Consideration,Rihanna Featuring SZA,8,2,7
2016-04-02,12,Cheap Thrills,Sia Featuring Sean Paul,9,6,4
2016-04-02,13,Stressed Out,Twenty One Pilots,10,2,9
2016-04-02,14,The Sound,The 1975,11,10,4
2016-04-02,15,All My Friends,Snakehips Featuring Tinashe & Chance the Rapper,12,3,9
2016-04-02,16,Untitled 02 l 06.23.2014.,Kendrick Lamar,-,16,1
2016-04-02,17,Work,Rihanna Featuring Drake,15,1,7
2016-04-02,18,Real Friends,Kanye West,16,10,4
2016-04-02,19,FML,Kanye West,17,11,5
2016-04-02,20,"Coalesce (Synesthesia, Pt. II)",Jack Garratt,18,17,4
2016-04-02,21,The Ballad Of Me And My Brain,The 1975,-,21,1
2016-04-02,22,Get Ugly,Jason Derulo,21,12,6
2016-04-02,23,When The Bassline Drops,Craig David x Big Narstie,-,15,3
2016-04-02,24,Youth,Troye Sivan,-,24,1
2016-04-02,25,Feedback,Kanye West,20,14,5
2016-04-09,1,I Took A Pill In Ibiza,Mike Posner,2,1,5
2016-04-09,2,Hands To Myself,Selena Gomez,-,2,1
2016-04-09,3,Lush Life,Zara Larsson,5,3,8
2016-04-09,4,Work From Home,Fifth Harmony Featuring Ty Dolla $ign,1,1,3
2016-04-09,5,Faded,Alan Walker,4,1,3
2016-04-09,6,7 Years,Lukas Graham,6,1,9
2016-04-09,7,Stressed Out,Twenty One Pilots,13,2,10
2016-04-09,8,One Call Away,Charlie Puth,-,2,4
2016-04-09,9,Consideration,Rihanna Featuring SZA,11,2,8
2016-04-09,10,Pillowtalk,ZAYN,8,1,7
2016-04-09,11,Stitches,Shawn Mendes,-,3,7
2016-04-09,12,Roses,The Chainsmokers Featuring ROZES,-,12,1
2016-04-09,13,When The Bassline Drops,Craig David x Big Narstie,23,13,4
2016-04-09,14,I'm In Control,AlunaGeorge Featuring Popcaan,-,14,1
2016-04-09,15,"Coalesce (Synesthesia, Pt. II)",Jack Garratt,20,15,5
2016-04-09,16,Cake By The Ocean,DNCE,-,16,1
2016-04-09,17,Worry,Jack Garratt,-,17,1
2016-04-09,18,Untitled 08 l 09.06.2014.,Kendrick Lamar,10,10,2
2016-04-09,19,Cheap Thrills,Sia Featuring Sean Paul,12,6,5
2016-04-09,20,Don't,Bryson Tiller,-,20,1
2016-04-09,21,The Sound,The 1975,14,10,5
2016-04-09,22,All My Friends,Snakehips Featuring Tinashe & Chance the Rapper,15,3,10
2016-04-09,23,Untitled 02 l 06.23.2014.,Kendrick Lamar,16,16,2
2016-04-09,24,Mama Said,Lukas Graham,-,13,5
2016-04-09,25,Fast Car,Jonas Blue Featuring Dakota,-,4,5
2016-04-16,1,I Took A Pill In Ibiza,Mike Posner,1,1,6
2016-04-16,2,Dangerous Woman,Ariana Grande,-,2,1
2016-04-16,3,Faded,Alan Walker,5,1,4
2016-04-16,4,Cheap Thrills,Sia Featuring Sean Paul,19,4,6
2016-04-16,5,No,Meghan Trainor,-,5,1
2016-04-16,6,Like I Would,ZAYN,-,6,1
2016-04-16,7,7 Years,Lukas Graham,6,1,10
2016-04-16,8,Team,Iggy Azalea,-,8,1
2016-04-16,9,Befour,ZAYN,-,9,1
2016-04-16,10,It's You,ZAYN,-,10,1
2016-04-16,11,Youth,Troye Sivan,-,11,2
2016-04-16,12,She,ZAYN,-,12,1
2016-04-16,13,Hands To Myself,Selena Gomez,2,2,2
2016-04-16,14,Fool for You,ZAYN,-,14,1
2016-04-16,15,Drunk,ZAYN,-,15,1
2016-04-16,16,Intermission: Flower,ZAYN,-,16,1
2016-04-16,17,Lush Life,Zara Larsson,3,3,9
2016-04-16,18,Work From Home,Fifth Harmony Featuring Ty Dolla $ign,4,1,4
2016-04-16,19,Stressed Out,Twenty One Pilots,7,2,11
2016-04-16,20,One Call Away,Charlie Puth,8,2,5
2016-04-16,21,Consideration,Rihanna Featuring SZA,9,2,9
2016-04-16,22,Roses,The Chainsmokers Featuring ROZES,12,12,2
2016-04-16,23,She Don't Love Me,ZAYN,-,23,1
2016-04-16,24,Truth,ZAYN,-,24,1
2016-04-16,25,Tio,ZAYN,-,25,1
2016-04-23,1,7 Years,Lukas Graham,7,1,11
2016-04-23,2,Pillowtalk,ZAYN,-,1,8
2016-04-23,3,Work From Home,Fifth Harmony Featuring Ty Dolla $ign,18,1,5
2016-04-23,4,Close,Nick Jonas Featuring Tove Lo,-,4,1
2016-04-23,5,Befour,ZAYN,9,5,2
2016-04-23,6,Mama Said,Lukas Graham,-,6,6
2016-04-23,7,Untitled 01 l 08.19.2014.,Kendrick Lamar,-,3,2
2016-04-23,8,I Took A Pill In Ibiza,Mike Posner,1,1,7
2016-04-23,9,Dangerous Woman,Ariana Grande,2,2,2
2016-04-23,10,Faded,Alan Walker,3,1,5
2016-04-23,11,Digits,Young Thug,-,11,1
2016-04-23,12,When We Were Young,Adele,-,12,1
2016-04-23,13,Cheap Thrills,Sia Featuring Sean Paul,4,4,7
2016-04-23,14,No,Meghan Trainor,5,5,2
2016-04-23,15,Like I Would,ZAYN,6,6,2
2016-04-23,16,Team,Iggy Azalea,8,8,2
2016-04-23,17,It's You,ZAYN,10,10,2
2016-04-23,18,Youth,Troye Sivan,11,11,3
2016-04-23,19,She,ZAYN,12,12,2
2016-04-23,20,Hands To Myself,Selena Gomez,13,2,3
2016-04-23,21,Fool for You,ZAYN,14,14,2
2016-04-23,22,Drunk,ZAYN,15,15,2
2016-04-23,23,Car Radio,Twenty One Pilots,-,23,1
2016-04-23,24,Take the World by Storm,Lukas Graham,-,24,1
2016-04-23,25,Freestyle 4,Kanye West,-,13,5
2016-04-30,1,One Dance,Drake Featuring Wizkid & Kyla,-,1,1
2016-04-30,2,7 Years,Lukas Graham,1,1,12
2016-04-30,3,Pillowtalk,ZAYN,2,1,9
2016-04-30,4,Shackled Up,Alex Vargas,-,4,1
2016-04-30,5,Pop Style,Drake Featuring The Throne,-,5,1
2016-04-30,6,Work From Home,Fifth Harmony Featuring Ty Dolla $ign,3,1,6
2016-04-30,7,Close,Nick Jonas Featuring Tove Lo,4,4,2
2016-04-30,8,Befour,ZAYN,5,5,3
2016-04-30,9,Mama Said,Lukas Graham,6,6,7
2016-04-30,10,Untitled 01 l 08.19.2014.,Kendrick Lamar,7,3,3
2016-04-30,11,I Took A Pill In Ibiza,Mike Posner,8,1,8
2016-04-30,12,Dangerous Woman,Ariana Grande,9,2,3
2016-04-30,13,Faded,Alan Walker,10,1,6
2016-04-30,14,Digits,Young Thug,11,11,2
2016-04-30,15,Keep Singing,Rick Astley,-,15,1
2016-04-30,16,When We Were Young,Adele,12,12,2
2016-04-30,17,Cheap Thrills,Sia Featuring Sean Paul,13,4,8
2016-04-30,18,No,Meghan Trainor,14,5,3
2016-04-30,19,Like I Would,ZAYN,15,6,3
2016-04-30,20,Team,Iggy Azalea,16,8,3
2016-04-30,21,Fast Car,Jonas Blue Featuring Dakota,-,4,6
2016-04-30,22,Youth,Troye Sivan,18,11,4
2016-04-30,23,She,ZAYN,19,12,3
2016-04-30,24,Hands To Myself,Selena Gomez,20,2,4
2016-04-30,25,Fool for You,ZAYN,21,14,3
2016-05-07,1,Sometimes It Snows in April,Prince,-,1,1
2016-05-07,2,Purple Rain,Prince And The Revolution,-,2,1
2016-05-07,3,When Doves Cry,Prince,-,3,1
2016-05-07,4,Let's Go Crazy,Prince And The Revolution,-,4,1
2016-05-07,5,Sign 'O' The Times,Prince,-,5,1
2016-05-07,6,The Most Beautiful Girl In The World,Prince,-,6,1
2016-05-07,7,I Would Die 4 U,Prince And The Revolution,-,7,1
2016-05-07,8,1999,Prince,-,8,1
2016-05-07,9,Cream,Prince And The N.P.G.,-,9,1
2016-05-07,10,The Cross,Prince,-,10,1
2016-05-07,11,Gold,Prince,-,11,1
2016-05-07,12,Money Don't Matter 2 Night,Prince And The N.P.G.,-,12,1
2016-05-07,13,Little Red Corvette,Prince,-,13,1
2016-05-07,14,Raspberry Beret,Prince And The Revolution,-,14,1
2016-05-07,15,Controversy,Prince,-,15,1
2016-05-07,16,7,Prince And The New Power Generation,-,16,1
2016-05-07,17,I Wish U Heaven,Prince,-,17,1
2016-05-07,18,Diamonds And Pearls,Prince And The N.P.G.,-,18,1
2016-05-07,19,I Could Never Take The Place Of Your Man,Prince,-,19,1
2016-05-07,20,Kiss,Prince And The Revolution,-,20,1
2016-05-07,21,Darling Nikki,Prince And The Revolution,-,21,1
2016-05-07,22,Starfish And Coffee,Prince,-,22,1
2016-05-07,23,The Beautiful Ones,Prince And The Revolution,-,23,1
2016-05-07,24,Nothing Compares 2 U,Sinead O'Connor,-,24,1
2016-05-07,25,Pop Life,Prince And The Revolution,-,25,1
2016-05-14,1,One Dance,Drake Featuring Wizkid & Kyla,-,1,2
2016-05-14,2,Controlla,Drake,-,2,1
2016-05-14,3,Sometimes It Snows in April,Prince,1,1,2
2016-05-14,4,Views,Drake,-,4,1
2016-05-14,5,9 AM In Dallas,Drake,-,5,1
2016-05-14,6,Hotline Bling,Drake,-,1,5
2016-05-14,7,Cake By The Ocean,DNCE,-,7,2
2016-05-14,8,Hair,Little Mix,-,8,1
2016-05-14,9,9,Drake,-,9,1
2016-05-14,10,Hype,Drake,-,10,1
2016-05-14,11,Keep The Family Close,Drake,-,11,1
2016-05-14,12,Still Here,Drake,-,12,1
2016-05-14,13,Weston Road Flows,Drake,-,13,1
2016-05-14,14,Redemption,Drake,-,14,1
2016-05-14,15,Daddy Lessons,Beyonce,-,15,1
2016-05-14,16,Feel No Ways,Drake,-,16,1
2016-05-14,17,Gold,Prince,11,11,2
2016-05-14,18,Money Don't Matter 2 Night,Prince And The N.P.G.,12,12,2
2016-05-14,19,"Father Stretch My Hands, Pt. 1",Kanye West,-,4,4
2016-05-14,20,Raspberry Beret,Prince And The Revolution,14,14,2
2016-05-14,21,Fire & Desire,Drake,-,21,1
2016-05-14,22,No Money,Galantis,-,22,1
2016-05-14,23,Magnetised,Tom Odell,-,23,1
2016-05-14,24,Diamonds And Pearls,Prince And The N.P.G.,18,18,2
2016-05-14,25,In The Light,The Lumineers,-,25,1
2016-05-21,1,Hold Up,Beyonce,-,1,1
2016-05-21,2,Cheap Thrills,Sia Featuring Sean Paul,-,2,9
2016-05-21,3,Stressed Out,Twenty One Pilots,-,2,12
2016-05-21,4,Panda,Desiigner,-,4,1
2016-05-21,5,One Dance,Drake Featuring Wizkid & Kyla,1,1,3
2016-05-21,6,Controlla,Drake,2,2,2
2016-05-21,7,Too Good,Drake Featuring Rihanna,-,7,1
2016-05-21,8,Fire & Desire,Drake,21,8,2
2016-05-21,9,Childs Play,Drake,-,9,1
2016-05-21,10,Sorry,Beyonce,-,10,1
2016-05-21,11,Views,Drake,4,4,2
2016-05-21,12,All Night,Beyonce,-,12,1
2016-05-21,13,6 Inch,Beyonce Featuring The Weeknd,-,13,1
2016-05-21,14,Daddy Lessons,Beyonce,15,14,2
2016-05-21,15,9 AM In Dallas,Drake,5,5,2
2016-05-21,16,Hotline Bling,Drake,6,1,6
2016-05-21,17,Cake By The Ocean,DNCE,7,7,3
2016-05-21,18,Hair,Little Mix,8,8,2
2016-05-21,19,9,Drake,9,9,2
2016-05-21,20,Hype,Drake,10,10,2
2016-05-21,21,Keep The Family Close,Drake,11,11,2
2016-05-21,22,Still Here,Drake,12,12,2
2016-05-21,23,Weston Road Flows,Drake,13,13,2
2016-05-21,24,Don't Hurt Yourself,Beyonce Featuring Jack White,-,24,1
2016-05-21,25,No Money,Galantis,22,22,2
2016-05-28,1,This Is What You Came For,Calvin Harris Featuring Rihanna,-,1,1
2016-05-28,2,Keep The Family Close,Drake,21,2,3
2016-05-28,3,9 AM In Dallas,Drake,15,3,3
2016-05-28,4,One Dance,Drake Featuring Wizkid & Kyla,5,1,4
2016-05-28,5,Burn The Witch,Radiohead,-,5,1
2016-05-28,6,Too Many Man,Skepta Featuring BBK,-,6,1
2016-05-28,7,Panda,Desiigner,4,4,2
2016-05-28,8,All For One,The Stone Roses,-,8,1
2016-05-28,9,True Love Waits,Radiohead,-,9,1
2016-05-28,10,Middle,DJ Snake Featuring Bipolar Sunshine,-,10,1
2016-05-28,11,Foundation,Years & Years,-,11,1
2016-05-28,12,Shutdown,Skepta,-,12,1
2016-05-28,13,Hold Up,Beyonce,1,1,2
2016-05-28,14,Cheap Thrills,Sia Featuring Sean Paul,2,2,10
2016-05-28,15,Stressed Out,Twenty One Pilots,3,2,13
2016-05-28,16,Hair,Little Mix,18,8,3
2016-05-28,17,Controlla,Drake,6,2,3
2016-05-28,18,Too Good,Drake Featuring Rihanna,7,7,2
2016-05-28,19,Fire & Desire,Drake,8,8,3
2016-05-28,20,Childs Play,Drake,9,9,2
2016-05-28,21,Sorry,Beyonce,10,10,2
2016-05-28,22,Views,Drake,11,4,3
2016-05-28,23,All Night,Beyonce,12,12,2
2016-05-28,24,Don't Let Me Down,The Chainsmokers Featuring Daya,-,24,1
2016-05-28,25,Cake By The Ocean,DNCE,17,7,4
2016-06-04,1,This Is What You Came For,Calvin Harris Featuring Rihanna,1,1,2
2016-06-04,2,One Dance,Drake Featuring Wizkid & Kyla,4,1,5
2016-06-04,3,True Love Waits,Radiohead,9,3,2
2016-06-04,4,Burn The Witch,Radiohead,5,4,2
2016-06-04,5,Keep The Family Close,Drake,2,2,4
2016-06-04,6,Hold Up,Beyonce,13,1,3
2016-06-04,7,Cheap Thrills,Sia Featuring Sean Paul,14,2,11
2016-06-04,8,Stressed Out,Twenty One Pilots,15,2,14
2016-06-04,9,Hair,Little Mix,16,8,4
2016-06-04,10,Controlla,Drake,17,2,4
2016-06-04,11,Too Good,Drake Featuring Rihanna,18,7,3
2016-06-04,12,Fire & Desire,Drake,19,8,4
2016-06-04,13,Childs Play,Drake,20,9,3
2016-06-04,14,Sorry,Beyonce,21,10,3
2016-06-04,15,Views,Drake,22,4,4
2016-06-04,16,All Night,Beyonce,23,12,3
2016-06-04,17,Underdog,Kasabian,-,17,1
2016-06-04,18,Cake By The Ocean,DNCE,25,7,5
2016-06-04,19,Shutdown,Skepta,12,12,2
2016-06-04,20,All For One,The Stone Roses,8,8,2
2016-06-04,21,Foundation,Years & Years,11,11,2
2016-06-04,22,Detox,Skepta Featuring BBK,-,22,1
2016-06-04,23,Text Me Back,Skepta,-,23,1
2016-06-04,24,Desert Island Disk,Radiohead,-,24,1
2016-06-04,25,We Don't Have To Dance,Andy Black,-,25,1
2016-06-11,1,Can't Stop The Feeling!,Justin Timberlake,-,1,1
2016-06-11,2,Moonlight,Ariana Grande,-,2,1
2016-06-11,3,Work From Home,Fifth Harmony Featuring Ty Dolla $ign,-,1,7
2016-06-11,4,This Is What You Came For,Calvin Harris Featuring Rihanna,1,1,3
2016-06-11,5,One Dance,Drake Featuring Wizkid & Kyla,2,1,6
2016-06-11,6,7,Catfish and the Bottlemen,-,6,1
2016-06-11,7,No Money,Galantis,-,7,3
2016-06-11,8,No,Meghan Trainor,-,5,4
2016-06-11,9,Panda,Desiigner,-,4,3
2016-06-11,10,Ain't Your Mama,Jennifer Lopez,-,10,1
2016-06-11,11,Just Like Fire,P!nk,-,11,1
2016-06-11,12,Burn The Witch,Radiohead,4,4,3
2016-06-11,13,Man,Skepta,-,13,1
2016-06-11,14,Hold Up,Beyonce,6,1,4
2016-06-11,15,Cheap Thrills,Sia Featuring Sean Paul,7,2,12
2016-06-11,16,Stressed Out,Twenty One Pilots,8,2,15
2016-06-11,17,Hair,Little Mix,9,8,5
2016-06-11,18,Smoke Break,Chance the Rapper Featuring Future,-,18,1
2016-06-11,19,Too Good,Drake Featuring Rihanna,11,7,4
2016-06-11,20,One Call Away,Charlie Puth,-,2,6
2016-06-11,21,Stay,Kygo Featuring Maty Noyes,-,21,1
2016-06-11,22,That's Not Me,Skepta Featutring JME,-,22,1
2016-06-11,23,Views,Drake,15,4,5
2016-06-11,24,All Night,Beyonce,16,12,4
2016-06-11,25,Raging,Kygo Featuring Kodaline,-,25,1
2016-06-18,1,I Hate U I Love U,Gnash Featuring Olivia O'Brien,-,1,1
2016-06-18,2,One Dance,Drake Featuring Wizkid & Kyla,5,1,7
2016-06-18,3,Just Like Fire,P!nk,11,3,2
2016-06-18,4,Send My Love (To Your New Lover),Adele,-,4,5
2016-06-18,5,This Is What You Came For,Calvin Harris Featuring Rihanna,4,1,4
2016-06-18,6,Cheap Thrills,Sia Featuring Sean Paul,15,2,13
2016-06-18,7,Middle,DJ Snake Featuring Bipolar Sunshine,-,7,2
2016-06-18,8,Don't Let Me Down,The Chainsmokers Featuring Daya,-,8,2
2016-06-18,9,7,Catfish and the Bottlemen,6,6,2
2016-06-18,10,Panda,Desiigner,9,4,4
2016-06-18,11,7 Years,Lukas Graham,-,1,13
2016-06-18,12,I Took A Pill In Ibiza,Mike Posner,-,1,9
2016-06-18,13,Never Forget You,Zara Larsson & MNEK,-,6,5
2016-06-18,14,Moonlight,Ariana Grande,2,2,2
2016-06-18,15,Keep The Family Close,Drake,-,2,5
2016-06-18,16,Hold Up,Beyonce,14,1,5
2016-06-18,17,That's My Girl,Fifth Harmony,-,17,1
2016-06-18,18,Stressed Out,Twenty One Pilots,16,2,16
2016-06-18,19,Hair,Little Mix,17,8,6
2016-06-18,20,Zero,Chris Brown,-,20,1
2016-06-18,21,Too Good,Drake Featuring Rihanna,19,7,5
2016-06-18,22,Real Life,The Weeknd,-,22,1
2016-06-18,23,Is There Somewhere,Halsey,-,23,1
2016-06-18,24,Sorry,Beyonce,-,10,4
2016-06-18,25,Views,Drake,23,4,6
2016-06-25,1,I Hate U I Love U,Gnash Featuring Olivia O'Brien,1,1,2
2016-06-25,2,One Dance,Drake Featuring Wizkid & Kyla,2,1,8
2016-06-25,3,Just Like Fire,P!nk,3,3,3
2016-06-25,4,Britain National Anthem,National Anthem,-,4,1
2016-06-25,5,Send My Love (To Your New Lover),Adele,4,4,6
2016-06-25,6,This Is What You Came For,Calvin Harris Featuring Rihanna,5,1,5
2016-06-25,7,Cheap Thrills,Sia Featuring Sean Paul,6,2,14
2016-06-25,8,Stay,Kygo Featuring Maty Noyes,-,8,2
2016-06-25,9,Middle,DJ Snake Featuring Bipolar Sunshine,7,7,3
2016-06-25,10,Don't Let Me Down,The Chainsmokers Featuring Daya,8,8,3
2016-06-25,11,7,Catfish and the Bottlemen,9,6,3
2016-06-25,12,Panda,Desiigner,10,4,5
2016-06-25,13,7 Years,Lukas Graham,11,1,14
2016-06-25,14,I Took A Pill In Ibiza,Mike Posner,12,1,10
2016-06-25,15,Raging,Kygo Featuring Kodaline,-,15,2
2016-06-25,16,Never Forget You,Zara Larsson & MNEK,13,6,6
2016-06-25,17,Moonlight,Ariana Grande,14,2,3
2016-06-25,18,Keep The Family Close,Drake,15,2,6
2016-06-25,19,Is There Somewhere,Halsey,23,19,2
2016-06-25,20,Hold Up,Beyonce,16,1,6
2016-06-25,21,That's My Girl,Fifth Harmony,17,17,2
2016-06-25,22,Stressed Out,Twenty One Pilots,18,2,17
2016-06-25,23,Hair,Little Mix,19,8,7
2016-06-25,24,Zero,Chris Brown,20,20,2
2016-06-25,25,Too Good,Drake Featuring Rihanna,21,7,6
2016-07-02,1,I Hate U I Love U,Gnash Featuring Olivia O'Brien,1,1,3
2016-07-02,2,Can't Stop The Feeling!,Justin Timberlake,-,1,2
2016-07-02,3,Send My Love (To Your New Lover),Adele,5,3,7
2016-07-02,4,No Money,Galantis,-,4,4
2016-07-02,5,Company,Justin Bieber,-,5,1
2016-07-02,6,Treat You Better,Shawn Mendes,-,6,1
2016-07-02,7,One Dance,Drake Featuring Wizkid & Kyla,2,1,9
2016-07-02,8,Just Like Fire,P!nk,3,3,4
2016-07-02,9,Panda,Desiigner,12,4,6
2016-07-02,10,Sex,Cheat Codes x Kris Kross Amsterdam,-,10,1
2016-07-02,11,This Is What You Came For,Calvin Harris Featuring Rihanna,6,1,6
2016-07-02,12,Dark Necessities,Red Hot Chili Peppers,-,12,1
2016-07-02,13,For Free,DJ Khaled Featuring Drake,-,13,1
2016-07-02,14,Cheap Thrills,Sia Featuring Sean Paul,7,2,15
2016-07-02,15,Stay,Kygo Featuring Maty Noyes,8,8,3
2016-07-02,16,Middle,DJ Snake Featuring Bipolar Sunshine,9,7,4
2016-07-02,17,Don't Let Me Down,The Chainsmokers Featuring Daya,10,8,4
2016-07-02,18,7,Catfish and the Bottlemen,11,6,4
2016-07-02,19,7 Years,Lukas Graham,13,1,15
2016-07-02,20,I Took A Pill In Ibiza,Mike Posner,14,1,11
2016-07-02,21,Raging,Kygo Featuring Kodaline,15,15,3
2016-07-02,22,Never Forget You,Zara Larsson & MNEK,16,6,7
2016-07-02,23,Moonlight,Ariana Grande,17,2,4
2016-07-02,24,Keep The Family Close,Drake,18,2,7
2016-07-02,25,Is There Somewhere,Halsey,19,19,3
2016-07-09,1,This Is What You Came For,Calvin Harris Featuring Rihanna,11,1,7
2016-07-09,2,For Free,DJ Khaled Featuring Drake,13,2,2
2016-07-09,3,Remedy,Adele,-,3,1
2016-07-09,4,Water Under The Bridge,Adele,-,2,2
2016-07-09,5,Love In The Dark,Adele,-,5,1
2016-07-09,6,Wild,Troye Sivan Featuring Alessia Cara,-,3,7
2016-07-09,7,Million Years Ago,Adele,-,7,1
2016-07-09,8,Kill Em With Kindness,Selena Gomez,-,8,1
2016-07-09,9,All I Ask,Adele,-,7,9
2016-07-09,10,I Hate U I Love U,Gnash Featuring Olivia O'Brien,1,1,4
2016-07-09,11,Sweetest Devotion,Adele,-,11,1
2016-07-09,12,Can't Stop The Feeling!,Justin Timberlake,2,1,3
2016-07-09,13,Send My Love (To Your New Lover),Adele,3,3,8
2016-07-09,14,No Money,Galantis,4,4,5
2016-07-09,15,Company,Justin Bieber,5,5,2
2016-07-09,16,Treat You Better,Shawn Mendes,6,6,2
2016-07-09,17,One Dance,Drake Featuring Wizkid & Kyla,7,1,10
2016-07-09,18,I Miss You,Adele,-,18,2
2016-07-09,19,Panda,Desiigner,9,4,7
2016-07-09,20,Sex,Cheat Codes x Kris Kross Amsterdam,10,10,2
2016-07-09,21,Dark Necessities,Red Hot Chili Peppers,12,12,2
2016-07-09,22,Stay,Kygo Featuring Maty Noyes,15,8,4
2016-07-09,23,Middle,DJ Snake Featuring Bipolar Sunshine,16,7,5
2016-07-09,24,Don't Let Me Down,The Chainsmokers Featuring Daya,17,8,5
2016-07-09,25,7,Catfish and the Bottlemen,18,6,5
2016-07-16,1,This Girl,Kungs vs Cookin' On 3 Burners,-,1,1
2016-07-16,2,This One's For You (Official Song UEFA EURO 2016),David Guetta Featuring Zara Larsson,-,2,1
2016-07-16,3,Can't Stop The Feeling!,Justin Timberlake,12,1,4
2016-07-16,4,Sorry,Beyonce,-,4,5
2016-07-16,5,Give Me Your Love,Sigala . Featuring John Newman & Nile Rodgers,-,5,1
2016-07-16,6,Dancing On My Own,Calum Scott,-,6,1
2016-07-16,7,Hold Up,Beyonce,-,1,7
2016-07-16,8,Me Too,Meghan Trainor,-,8,1
2016-07-16,9,Panda,Desiigner,19,4,8
2016-07-16,10,The Getaway,Red Hot Chili Peppers,-,10,1
2016-07-16,11,Perfect Strangers,Jonas Blue Featuring JP Cooper,-,11,1
2016-07-16,12,Mr. Blue Sky,Electric Light Orchestra,-,12,1
2016-07-16,13,Chant Avec Cithare,Henrick Schwarz,-,13,1
2016-07-16,14,Good Grief,Bastille,-,14,1
2016-07-16,15,Magnetised,Tom Odell,-,15,2
2016-07-16,16,For Free,DJ Khaled Featuring Drake,2,2,3
2016-07-16,17,One Dance,Drake Featuring Wizkid & Kyla,17,1,11
2016-07-16,18,This Is What You Came For,Calvin Harris Featuring Rihanna,1,1,8
2016-07-16,19,Kill Em With Kindness,Selena Gomez,8,8,2
2016-07-16,20,I Hate U I Love U,Gnash Featuring Olivia O'Brien,10,1,5
2016-07-16,21,Sex,Cheat Codes x Kris Kross Amsterdam,20,10,3
2016-07-16,22,Love In The Dark,Adele,5,5,2
2016-07-16,23,Wild,Troye Sivan Featuring Alessia Cara,6,3,8
2016-07-16,24,Million Years Ago,Adele,7,7,2
2016-07-16,25,Don't Let Me Down,The Chainsmokers Featuring Daya,24,8,6
2016-07-23,1,This Girl,Kungs vs Cookin' On 3 Burners,1,1,2
2016-07-23,2,Heathens,Twenty One Pilots,-,2,1
2016-07-23,3,Moonlight,Ariana Grande,-,2,5
2016-07-23,4,Don't Let Me Down,The Chainsmokers Featuring Daya,25,4,7
2016-07-23,5,Sucker For Pain,"Lil Wayne , Wiz Khalifa & Imagine Dragons With Logic & Ty Dolla $ign Feat. X Ambassadors",-,5,1
2016-07-23,6,Don't Mind,Kent Jones,-,6,1
2016-07-23,7,Castle,Halsey,-,7,1
2016-07-23,8,Sledgehammer,Rihanna,-,8,1
2016-07-23,9,Final Song,M0,-,9,1
2016-07-23,10,Exchange,Bryson Tiller,-,10,2
2016-07-23,11,Luv,Tory Lanez,-,11,1
2016-07-23,12,Can't Stop The Feeling!,Justin Timberlake,3,1,5
2016-07-23,13,Sorry,Beyonce,4,4,6
2016-07-23,14,Give Me Your Love,Sigala . Featuring John Newman & Nile Rodgers,5,5,2
2016-07-23,15,Dancing On My Own,Calum Scott,6,6,2
2016-07-23,16,Hold Up,Beyonce,7,1,8
2016-07-23,17,Me Too,Meghan Trainor,8,8,2
2016-07-23,18,Panda,Desiigner,9,4,9
2016-07-23,19,The Getaway,Red Hot Chili Peppers,10,10,2
2016-07-23,20,Perfect Strangers,Jonas Blue Featuring JP Cooper,11,11,2
2016-07-23,21,Mr. Blue Sky,Electric Light Orchestra,12,12,2
2016-07-23,22,Good Grief,Bastille,14,14,2
2016-07-23,23,Magnetised,Tom Odell,15,15,3
2016-07-23,24,Wild,Troye Sivan Featuring Alessia Cara,23,3,9
2016-07-23,25,Million Years Ago,Adele,24,7,3
2016-07-30,1,Don't Mind,Kent Jones,6,1,2
2016-07-30,2,Tears,Clean Bandit Featuring Louisa Johnson,-,2,1
2016-07-30,3,TorcH,ScHoolboy Q,-,3,1
2016-07-30,4,Perfect Strangers,Jonas Blue Featuring JP Cooper,20,4,3
2016-07-30,5,This Girl,Kungs vs Cookin' On 3 Burners,1,1,3
2016-07-30,6,Heathens,Twenty One Pilots,2,2,2
2016-07-30,7,Moonlight,Ariana Grande,3,2,6
2016-07-30,8,Black Magic,Little Mix,-,8,2
2016-07-30,9,Don't Let Me Down,The Chainsmokers Featuring Daya,4,4,8
2016-07-30,10,Sucker For Pain,"Lil Wayne , Wiz Khalifa & Imagine Dragons With Logic & Ty Dolla $ign Feat. X Ambassadors",5,5,2
2016-07-30,11,Castle,Halsey,7,7,2
2016-07-30,12,Sledgehammer,Rihanna,8,8,2
2016-07-30,13,Final Song,M0,9,9,2
2016-07-30,14,Exchange,Bryson Tiller,10,10,3
2016-07-30,15,Luv,Tory Lanez,11,11,2
2016-07-30,16,Can't Stop The Feeling!,Justin Timberlake,12,1,6
2016-07-30,17,Sorry,Beyonce,13,4,7
2016-07-30,18,Give Me Your Love,Sigala . Featuring John Newman & Nile Rodgers,14,5,3
2016-07-30,19,Dancing On My Own,Calum Scott,15,6,3
2016-07-30,20,Hold Up,Beyonce,16,1,9
2016-07-30,21,Me Too,Meghan Trainor,17,8,3
2016-07-30,22,Panda,Desiigner,18,4,10
2016-07-30,23,The Getaway,Red Hot Chili Peppers,19,10,3
2016-07-30,24,Never Been In Love,Cobra Starship Featuring Icona Pop,-,24,1
2016-07-30,25,Good Grief,Bastille,22,14,3
2016-08-06,1,Perfect Strangers,Jonas Blue Featuring JP Cooper,4,1,4
2016-08-06,2,Don't Mind,Kent Jones,1,1,3
2016-08-06,3,This Girl,Kungs vs Cookin' On 3 Burners,5,1,4
2016-08-06,4,Tears,Clean Bandit Featuring Louisa Johnson,2,2,2
2016-08-06,5,TorcH,ScHoolboy Q,3,3,2
2016-08-06,6,Car Radio,Twenty One Pilots,-,6,2
2016-08-06,7,Heathens,Twenty One Pilots,6,2,3
2016-08-06,8,Moonlight,Ariana Grande,7,2,7
2016-08-06,9,Black Magic,Little Mix,8,8,3
2016-08-06,10,Don't Let Me Down,The Chainsmokers Featuring Daya,9,4,9
2016-08-06,11,Sucker For Pain,"Lil Wayne , Wiz Khalifa & Imagine Dragons With Logic & Ty Dolla $ign Feat. X Ambassadors",10,5,3
2016-08-06,12,Castle,Halsey,11,7,3
2016-08-06,13,Sledgehammer,Rihanna,12,8,3
2016-08-06,14,Final Song,M0,13,9,3
2016-08-06,15,Exchange,Bryson Tiller,14,10,4
2016-08-06,16,Luv,Tory Lanez,15,11,3
2016-08-06,17,Can't Stop The Feeling!,Justin Timberlake,16,1,7
2016-08-06,18,Sorry,Beyonce,17,4,8
2016-08-06,19,Give Me Your Love,Sigala . Featuring John Newman & Nile Rodgers,18,5,4
2016-08-06,20,Dancing On My Own,Calum Scott,19,6,4
2016-08-06,21,Hold Up,Beyonce,20,1,10
2016-08-06,22,Me Too,Meghan Trainor,21,8,4
2016-08-06,23,Panda,Desiigner,22,4,11
2016-08-06,24,The Getaway,Red Hot Chili Peppers,23,10,4
2016-08-06,25,Never Been In Love,Cobra Starship Featuring Icona Pop,24,24,2
2016-08-13,1,This Girl,Kungs vs Cookin' On 3 Burners,3,1,5
2016-08-13,2,Don't Mind,Kent Jones,2,1,4
2016-08-13,3,Dancing On My Own,Calum Scott,20,3,5
2016-08-13,4,Perfect Strangers,Jonas Blue Featuring JP Cooper,1,1,5
2016-08-13,5,Tears,Clean Bandit Featuring Louisa Johnson,4,2,3
2016-08-13,6,TorcH,ScHoolboy Q,5,3,3
2016-08-13,7,Car Radio,Twenty One Pilots,6,6,3
2016-08-13,8,Company,Justin Bieber,-,5,3
2016-08-13,9,Mamacita,Tinie Tempah Featuring Wizkid,-,9,1
2016-08-13,10,Hotter Than Hell,Dua Lipa,-,10,1
2016-08-13,11,Boys That Sing,Viola Beach,-,11,1
2016-08-13,12,Cry,Sigma Featuring Take That,-,12,1
2016-08-13,13,Who Do You Think Of?,M.O,-,13,1
2016-08-13,14,Ride,Twenty One Pilots,-,14,1
2016-08-13,15,Moonlight,Ariana Grande,8,2,8
2016-08-13,16,Black Magic,Little Mix,9,8,4
2016-08-13,17,Don't Let Me Down,The Chainsmokers Featuring Daya,10,4,10
2016-08-13,18,Sucker For Pain,"Lil Wayne , Wiz Khalifa & Imagine Dragons With Logic & Ty Dolla $ign Feat. X Ambassadors",11,5,4
2016-08-13,19,Castle,Halsey,12,7,4
2016-08-13,20,Sledgehammer,Rihanna,13,8,4
2016-08-13,21,Final Song,M0,14,9,4
2016-08-13,22,Exchange,Bryson Tiller,15,10,5
2016-08-13,23,Luv,Tory Lanez,16,11,4
2016-08-13,24,Can't Stop The Feeling!,Justin Timberlake,17,1,8
2016-08-13,25,Sorry,Beyonce,18,4,9
2016-08-20,1,Cold Water,Major Lazer Featuring Justin Bieber & Mo,-,1,1
2016-08-20,2,This Girl,Kungs vs Cookin' On 3 Burners,1,1,6
2016-08-20,3,Don't Let Me Down,The Chainsmokers Featuring Daya,17,3,11
2016-08-20,4,Intro (A86),DJ Snake,-,4,1
2016-08-20,5,Don't Mind,Kent Jones,2,1,5
2016-08-20,6,Dancing On My Own,Calum Scott,3,3,6
2016-08-20,7,Perfect Strangers,Jonas Blue Featuring JP Cooper,4,1,6
2016-08-20,8,Tears,Clean Bandit Featuring Louisa Johnson,5,2,4
2016-08-20,9,TorcH,ScHoolboy Q,6,3,4
2016-08-20,10,Car Radio,Twenty One Pilots,7,6,4
2016-08-20,11,Company,Justin Bieber,8,5,4
2016-08-20,12,Mamacita,Tinie Tempah Featuring Wizkid,9,9,2
2016-08-20,13,Hotter Than Hell,Dua Lipa,10,10,2
2016-08-20,14,Boys That Sing,Viola Beach,11,11,2
2016-08-20,15,Cry,Sigma Featuring Take That,12,12,2
2016-08-20,16,Who Do You Think Of?,M.O,13,13,2
2016-08-20,17,Ride,Twenty One Pilots,14,14,2
2016-08-20,18,Moonlight,Ariana Grande,15,2,9
2016-08-20,19,Black Magic,Little Mix,16,8,5
2016-08-20,20,Spirits,The Strumbellas,-,20,1
2016-08-20,21,Sucker For Pain,"Lil Wayne , Wiz Khalifa & Imagine Dragons With Logic & Ty Dolla $ign Feat. X Ambassadors",18,5,5
2016-08-20,22,Castle,Halsey,19,7,5
2016-08-20,23,Sledgehammer,Rihanna,20,8,5
2016-08-20,24,Final Song,M0,21,9,5
2016-08-20,25,Exchange,Bryson Tiller,22,10,6
2016-08-27,1,This Girl,Kungs vs Cookin' On 3 Burners,2,1,7
2016-08-27,2,Let Me Love You,DJ Snake Featuring Justin Bieber,-,2,1
2016-08-27,3,Don't Mind,Kent Jones,5,1,6
2016-08-27,4,Set The Roof,Rae Sremmurd Featuring Lil Jon,-,4,1
2016-08-27,5,Dancing On My Own,Calum Scott,6,3,7
2016-08-27,6,Closer,The Chainsmokers Featuring Halsey,-,6,1
2016-08-27,7,Perfect Strangers,Jonas Blue Featuring JP Cooper,7,1,7
2016-08-27,8,Tears,Clean Bandit Featuring Louisa Johnson,8,2,5
2016-08-27,9,TorcH,ScHoolboy Q,9,3,5
2016-08-27,10,Car Radio,Twenty One Pilots,10,6,5
2016-08-27,11,Company,Justin Bieber,11,5,5
2016-08-27,12,Mamacita,Tinie Tempah Featuring Wizkid,12,9,3
2016-08-27,13,Hotter Than Hell,Dua Lipa,13,10,3
2016-08-27,14,Boys That Sing,Viola Beach,14,11,3
2016-08-27,15,Cry,Sigma Featuring Take That,15,12,3
2016-08-27,16,Who Do You Think Of?,M.O,16,13,3
2016-08-27,17,Ride,Twenty One Pilots,17,14,3
2016-08-27,18,Moonlight,Ariana Grande,18,2,10
2016-08-27,19,Black Magic,Little Mix,19,8,6
2016-08-27,20,Don't Let Me Down,The Chainsmokers Featuring Daya,3,3,12
2016-08-27,21,Sucker For Pain,"Lil Wayne , Wiz Khalifa & Imagine Dragons With Logic & Ty Dolla $ign Feat. X Ambassadors",21,5,6
2016-08-27,22,Castle,Halsey,22,7,6
2016-08-27,23,Sledgehammer,Rihanna,23,8,6
2016-08-27,24,Final Song,M0,24,9,6
2016-08-27,25,Exchange,Bryson Tiller,25,10,7
2016-09-03,1,Not Nice,PARTYNEXTDOOR,-,1,1
2016-09-03,2,Let Me Love You,DJ Snake Featuring Justin Bieber,2,2,2
2016-09-03,3,Sucker For Pain,"Lil Wayne , Wiz Khalifa & Imagine Dragons With Logic & Ty Dolla $ign Feat. X Ambassadors",21,3,7
2016-09-03,4,Gangsta,Kehlani,-,4,1
2016-09-03,5,We Don't Talk Anymore,Charlie Puth Featuring Selena Gomez,-,5,1
2016-09-03,6,This Girl,Kungs vs Cookin' On 3 Burners,1,1,8
2016-09-03,7,Don't Mind,Kent Jones,3,1,7
2016-09-03,8,Set The Roof,Rae Sremmurd Featuring Lil Jon,4,4,2
2016-09-03,9,Medieval Warfare,Grimes,-,9,1
2016-09-03,10,Dancing On My Own,Calum Scott,5,3,8
2016-09-03,11,Closer,The Chainsmokers Featuring Halsey,6,6,2
2016-09-03,12,Perfect Strangers,Jonas Blue Featuring JP Cooper,7,1,8
2016-09-03,13,Tears,Clean Bandit Featuring Louisa Johnson,8,2,6
2016-09-03,14,TorcH,ScHoolboy Q,9,3,6
2016-09-03,15,Car Radio,Twenty One Pilots,10,6,6
2016-09-03,16,Company,Justin Bieber,11,5,6
2016-09-03,17,Mamacita,Tinie Tempah Featuring Wizkid,12,9,4
2016-09-03,18,Hotter Than Hell,Dua Lipa,13,10,4
2016-09-03,19,Intro (A86),DJ Snake,-,4,2
2016-09-03,20,Cry,Sigma Featuring Take That,15,12,4
2016-09-03,21,Who Do You Think Of?,M.O,16,13,4
2016-09-03,22,Ride,Twenty One Pilots,17,14,4
2016-09-03,23,Moonlight,Ariana Grande,18,2,11
2016-09-03,24,Black Magic,Little Mix,19,8,7
2016-09-03,25,Don't Let Me Down,The Chainsmokers Featuring Daya,20,3,13
2016-09-10,1,Ahead By A Century,The Tragically Hip,-,1,1
2016-09-10,2,Not Nice,PARTYNEXTDOOR,1,1,2
2016-09-10,3,Let Me Love You,DJ Snake Featuring Justin Bieber,2,2,3
2016-09-10,4,Sucker For Pain,"Lil Wayne , Wiz Khalifa & Imagine Dragons With Logic & Ty Dolla $ign Feat. X Ambassadors",3,3,8
2016-09-10,5,Gangsta,Kehlani,4,4,2
2016-09-10,6,We Don't Talk Anymore,Charlie Puth Featuring Selena Gomez,5,5,2
2016-09-10,7,This Girl,Kungs vs Cookin' On 3 Burners,6,1,9
2016-09-10,8,Nautical Disaster,The Tragically Hip,-,8,1
2016-09-10,9,Set The Roof,Rae Sremmurd Featuring Lil Jon,8,4,3
2016-09-10,10,Medieval Warfare,Grimes,9,9,2
2016-09-10,11,Dancing On My Own,Calum Scott,10,3,9
2016-09-10,12,Closer,The Chainsmokers Featuring Halsey,11,6,3
2016-09-10,13,Perfect Strangers,Jonas Blue Featuring JP Cooper,12,1,9
2016-09-10,14,Tears,Clean Bandit Featuring Louisa Johnson,13,2,7
2016-09-10,15,TorcH,ScHoolboy Q,14,3,7
2016-09-10,16,Car Radio,Twenty One Pilots,15,6,7
2016-09-10,17,Company,Justin Bieber,16,5,7
2016-09-10,18,Blow At High Dough,The Tragically Hip,-,18,1
2016-09-10,19,Hotter Than Hell,Dua Lipa,18,10,5
2016-09-10,20,Intro (A86),DJ Snake,19,4,3
2016-09-10,21,Cry,Sigma Featuring Take That,20,12,5
2016-09-10,22,Bobcaygeon,The Tragically Hip,-,22,1
2016-09-10,23,Ride,Twenty One Pilots,22,14,5
2016-09-10,24,Moonlight,Ariana Grande,23,2,12
2016-09-10,25,Black Magic,Little Mix,24,8,8
2016-09-17,1,Side To Side,Ariana Grande Featuring Nicki Minaj,-,1,1
2016-09-17,2,Closer,The Chainsmokers Featuring Halsey,12,2,4
2016-09-17,3,Nights,Frank Ocean,-,3,1
2016-09-17,4,In The Name Of Love,Martin Garrix & Bebe Rexha,-,4,1
2016-09-17,5,Let Me Love You,DJ Snake Featuring Justin Bieber,3,2,4
2016-09-17,6,This Girl,Kungs vs Cookin' On 3 Burners,7,1,10
2016-09-17,7,Pink + White,Frank Ocean,-,7,1
2016-09-17,8,Sucker For Pain,"Lil Wayne , Wiz Khalifa & Imagine Dragons With Logic & Ty Dolla $ign Feat. X Ambassadors",4,3,9
2016-09-17,9,Gangsta,Kehlani,5,4,3
2016-09-17,10,We Don't Talk Anymore,Charlie Puth Featuring Selena Gomez,6,5,3
2016-09-17,11,Set The Roof,Rae Sremmurd Featuring Lil Jon,9,4,4
2016-09-17,12,Medieval Warfare,Grimes,10,9,3
2016-09-17,13,Dancing On My Own,Calum Scott,11,3,10
2016-09-17,14,Perfect Strangers,Jonas Blue Featuring JP Cooper,13,1,10
2016-09-17,15,Tears,Clean Bandit Featuring Louisa Johnson,14,2,8
2016-09-17,16,Not Nice,PARTYNEXTDOOR,2,1,3
2016-09-17,17,Solo,Frank Ocean,-,17,1
2016-09-17,18,Car Radio,Twenty One Pilots,16,6,8
2016-09-17,19,Company,Justin Bieber,17,5,8
2016-09-17,20,Blow At High Dough,The Tragically Hip,18,18,2
2016-09-17,21,Hotter Than Hell,Dua Lipa,19,10,6
2016-09-17,22,Intro (A86),DJ Snake,20,4,4
2016-09-17,23,Cry,Sigma Featuring Take That,21,12,6
2016-09-17,24,White Ferrari,Frank Ocean,-,24,1
2016-09-17,25,Ride,Twenty One Pilots,23,14,6
2016-09-24,1,Closer,The Chainsmokers Featuring Halsey,2,1,5
2016-09-24,2,Side To Side,Ariana Grande Featuring Nicki Minaj,1,1,2
2016-09-24,3,Moonlight,Ariana Grande,-,2,13
2016-09-24,4,Perfect Strangers,Jonas Blue Featuring JP Cooper,14,1,11
2016-09-24,5,Tiimmy Turner,Desiigner,-,5,1
2016-09-24,6,Ain't Giving Up,Craig David & Sigala,-,6,1
2016-09-24,7,Blow Your Mind (Mwah),Dua Lipa,-,7,1
2016-09-24,8,Nights,Frank Ocean,3,3,2
2016-09-24,9,In The Name Of Love,Martin Garrix & Bebe Rexha,4,4,2
2016-09-24,10,Let Me Love You,DJ Snake Featuring Justin Bieber,5,2,5
2016-09-24,11,This Girl,Kungs vs Cookin' On 3 Burners,6,1,11
2016-09-24,12,Pink + White,Frank Ocean,7,7,2
2016-09-24,13,Sucker For Pain,"Lil Wayne , Wiz Khalifa & Imagine Dragons With Logic & Ty Dolla $ign Feat. X Ambassadors",8,3,10
2016-09-24,14,Gangsta,Kehlani,9,4,4
2016-09-24,15,Hotter Than Hell,Dua Lipa,21,10,7
2016-09-24,16,We Don't Talk Anymore,Charlie Puth Featuring Selena Gomez,10,5,4
2016-09-24,17,Set The Roof,Rae Sremmurd Featuring Lil Jon,11,4,5
2016-09-24,18,Medieval Warfare,Grimes,12,9,4
2016-09-24,19,Dancing On My Own,Calum Scott,13,3,11
2016-09-24,20,Tears,Clean Bandit Featuring Louisa Johnson,15,2,9
2016-09-24,21,Not Nice,PARTYNEXTDOOR,16,1,4
2016-09-24,22,Solo,Frank Ocean,17,17,2
2016-09-24,23,Car Radio,Twenty One Pilots,18,6,9
2016-09-24,24,Company,Justin Bieber,19,5,9
2016-09-24,25,Intro (A86),DJ Snake,22,4,5
2016-10-01,1,The Greatest,Sia Featuring Kendrick Lamar,-,1,1
2016-10-01,2,Closer,The Chainsmokers Featuring Halsey,1,1,6
2016-10-01,3,Side To Side,Ariana Grande Featuring Nicki Minaj,2,1,3
2016-10-01,4,Moonlight,Ariana Grande,3,2,14
2016-10-01,5,Perfect Strangers,Jonas Blue Featuring JP Cooper,4,1,12
2016-10-01,6,Tiimmy Turner,Desiigner,5,5,2
2016-10-01,7,Ain't Giving Up,Craig David & Sigala,6,6,2
2016-10-01,8,Blow Your Mind (Mwah),Dua Lipa,7,7,2
2016-10-01,9,Nights,Frank Ocean,8,3,3
2016-10-01,10,In The Name Of Love,Martin Garrix & Bebe Rexha,9,4,3
2016-10-01,11,Let Me Love You,DJ Snake Featuring Justin Bieber,10,2,6
2016-10-01,12,This Girl,Kungs vs Cookin' On 3 Burners,11,1,12
2016-10-01,13,Pink + White,Frank Ocean,12,7,3
2016-10-01,14,Sucker For Pain,"Lil Wayne , Wiz Khalifa & Imagine Dragons With Logic & Ty Dolla $ign Feat. X Ambassadors",13,3,11
2016-10-01,15,Gangsta,Kehlani,14,4,5
2016-10-01,16,Bitches N Marijuana,Chris Brown & Tyga Featuring ScHoolboy Q,-,16,1
2016-10-01,17,Hotter Than Hell,Dua Lipa,15,10,8
2016-10-01,18,We Don't Talk Anymore,Charlie Puth Featuring Selena Gomez,16,5,5
2016-10-01,19,Set The Roof,Rae Sremmurd Featuring Lil Jon,17,4,6
2016-10-01,20,Medieval Warfare,Grimes,18,9,5
2016-10-01,21,Dancing On My Own,Calum Scott,19,3,12
2016-10-01,22,Goosebumps,Travis Scott,-,22,1
2016-10-01,23,Not Nice,PARTYNEXTDOOR,21,1,5
2016-10-01,24,Solo,Frank Ocean,22,17,3
2016-10-01,25,Car Radio,Twenty One Pilots,23,6,10
2016-10-08,1,My Way,Calvin Harris,-,1,1
2016-10-08,2,Summer Rain,Sia,-,2,1
2016-10-08,3,Cancer,Twenty One Pilots,-,3,1
2016-10-08,4,Say You Won't Let Go,James Arthur,-,4,1
2016-10-08,5,Cold Water,Major Lazer Featuring Justin Bieber & Mo,-,1,2
2016-10-08,6,Ain't My Fault,Zara Larsson,-,6,1
2016-10-08,7,Still Falling For You,Ellie Goulding,-,7,1
2016-10-08,8,In The Name Of Love,Martin Garrix & Bebe Rexha,10,4,4
2016-10-08,9,Let Me Hold You (Turn Me On),Cheat Codes & Dante Klein,-,9,1
2016-10-08,10,Broccoli,D.R.A.M. Featuring Lil Yachty,-,10,1
2016-10-08,11,Kill Em With Kindness,Selena Gomez,-,8,3
2016-10-08,12,Perfect Illusion,Lady Gaga,-,12,1
2016-10-08,13,Not Nice,PARTYNEXTDOOR,23,1,6
2016-10-08,14,The Greatest,Sia Featuring Kendrick Lamar,1,1,2
2016-10-08,15,Closer,The Chainsmokers Featuring Halsey,2,1,7
2016-10-08,16,Side To Side,Ariana Grande Featuring Nicki Minaj,3,1,4
2016-10-08,17,Moonlight,Ariana Grande,4,2,15
2016-10-08,18,Perfect Strangers,Jonas Blue Featuring JP Cooper,5,1,13
2016-10-08,19,Blow Your Mind (Mwah),Dua Lipa,8,7,3
2016-10-08,20,Revolution Radio,Green Day,-,20,1
2016-10-08,21,Nights,Frank Ocean,9,3,4
2016-10-08,22,Let Me Love You,DJ Snake Featuring Justin Bieber,11,2,7
2016-10-08,23,This Girl,Kungs vs Cookin' On 3 Burners,12,1,13
2016-10-08,24,Pink + White,Frank Ocean,13,7,4
2016-10-08,25,Sucker For Pain,"Lil Wayne , Wiz Khalifa & Imagine Dragons With Logic & Ty Dolla $ign Feat. X Ambassadors",14,3,12
2016-10-15,1,Say You Won't Let Go,James Arthur,4,1,2
2016-10-15,2,My Way,Calvin Harris,1,1,2
2016-10-15,3,Shutdown,Skepta,-,3,3
2016-10-15,4,92 Bars,The Game,-,4,1
2016-10-15,5,Luv,Tory Lanez,-,5,5
2016-10-15,6,Be The One,Dua Lipa,-,6,1
2016-10-15,7,Summer Rain,Sia,2,2,2
2016-10-15,8,Cancer,Twenty One Pilots,3,3,2
2016-10-15,9,Cold Water,Major Lazer Featuring Justin Bieber & Mo,5,1,3
2016-10-15,10,Ain't My Fault,Zara Larsson,6,6,2
2016-10-15,11,Still Falling For You,Ellie Goulding,7,7,2
2016-10-15,12,In The Name Of Love,Martin Garrix & Bebe Rexha,8,4,5
2016-10-15,13,Let Me Hold You (Turn Me On),Cheat Codes & Dante Klein,9,9,2
2016-10-15,14,Broccoli,D.R.A.M. Featuring Lil Yachty,10,10,2
2016-10-15,15,Kill Em With Kindness,Selena Gomez,11,8,4
2016-10-15,16,Perfect Illusion,Lady Gaga,12,12,2
2016-10-15,17,Not Nice,PARTYNEXTDOOR,13,1,7
2016-10-15,18,The Greatest,Sia Featuring Kendrick Lamar,14,1,3
2016-10-15,19,Closer,The Chainsmokers Featuring Halsey,15,1,8
2016-10-15,20,Side To Side,Ariana Grande Featuring Nicki Minaj,16,1,5
2016-10-15,21,Moonlight,Ariana Grande,17,2,16
2016-10-15,22,Perfect Strangers,Jonas Blue Featuring JP Cooper,18,1,14
2016-10-15,23,Blow Your Mind (Mwah),Dua Lipa,19,7,4
2016-10-15,24,Revolution Radio,Green Day,20,20,2
2016-10-15,25,Nights,Frank Ocean,21,3,5
2016-10-22,1,Side To Side,Ariana Grande Featuring Nicki Minaj,20,1,6
2016-10-22,2,Starboy,The Weeknd Featuring Daft Punk,-,2,1
2016-10-22,3,The Greatest,Sia Featuring Kendrick Lamar,18,1,4
2016-10-22,4,Still Breathing,Green Day,-,4,1
2016-10-22,5,Say You Won't Let Go,James Arthur,1,1,3
2016-10-22,6,My Way,Calvin Harris,2,1,3
2016-10-22,7,92 Bars,The Game,4,4,2
2016-10-22,8,Luv,Tory Lanez,5,5,6
2016-10-22,9,Be The One,Dua Lipa,6,6,2
2016-10-22,10,Summer Rain,Sia,7,2,3
2016-10-22,11,Cancer,Twenty One Pilots,8,3,3
2016-10-22,12,Kill Em With Kindness,Selena Gomez,15,8,5
2016-10-22,13,Perfect Illusion,Lady Gaga,16,12,3
2016-10-22,14,Not Nice,PARTYNEXTDOOR,17,1,8
2016-10-22,15,Closer,The Chainsmokers Featuring Halsey,19,1,9
2016-10-22,16,Moonlight,Ariana Grande,21,2,17
2016-10-22,17,Shutdown,Skepta,3,3,4
2016-10-22,18,Perfect Strangers,Jonas Blue Featuring JP Cooper,22,1,15
2016-10-22,19,Blow Your Mind (Mwah),Dua Lipa,23,7,5
2016-10-22,20,Cold Water,Major Lazer Featuring Justin Bieber & Mo,9,1,4
2016-10-22,21,Ain't My Fault,Zara Larsson,10,6,3
2016-10-22,22,Still Falling For You,Ellie Goulding,11,7,3
2016-10-22,23,In The Name Of Love,Martin Garrix & Bebe Rexha,12,4,6
2016-10-22,24,Let Me Hold You (Turn Me On),Cheat Codes & Dante Klein,13,9,3
2016-10-22,25,Broccoli,D.R.A.M. Featuring Lil Yachty,14,10,3
2016-10-29,1,Say You Won't Let Go,James Arthur,5,1,4
2016-10-29,2,This Town,Niall Horan,-,2,1
2016-10-29,3,Ain't My Fault,Zara Larsson,21,3,4
2016-10-29,4,All We Know,The Chainsmokers Featuring Phoebe Ryan,-,4,1
2016-10-29,5,Juju On That Beat (TZ Anthem),Zay Hilfigerrr & Zayion McCall,-,5,1
2016-10-29,6,Side To Side,Ariana Grande Featuring Nicki Minaj,1,1,7
2016-10-29,7,Starboy,The Weeknd Featuring Daft Punk,2,2,2
2016-10-29,8,The Greatest,Sia Featuring Kendrick Lamar,3,1,5
2016-10-29,9,Still Breathing,Green Day,4,4,2
2016-10-29,10,Waste A Moment,Kings of Leon,-,10,1
2016-10-29,11,My Way,Calvin Harris,6,1,4
2016-10-29,12,92 Bars,The Game,7,4,3
2016-10-29,13,Luv,Tory Lanez,8,5,7
2016-10-29,14,Be The One,Dua Lipa,9,6,3
2016-10-29,15,Summer Rain,Sia,10,2,4
2016-10-29,16,Cancer,Twenty One Pilots,11,3,4
2016-10-29,17,Kill Em With Kindness,Selena Gomez,12,8,6
2016-10-29,18,Perfect Illusion,Lady Gaga,13,12,4
2016-10-29,19,Not Nice,PARTYNEXTDOOR,14,1,9
2016-10-29,20,Karlas Back,MIST,-,20,1
2016-10-29,21,Moonlight,Ariana Grande,16,2,18
2016-10-29,22,Shutdown,Skepta,17,3,5
2016-10-29,23,Perfect Strangers,Jonas Blue Featuring JP Cooper,18,1,16
2016-10-29,24,Blow Your Mind (Mwah),Dua Lipa,19,7,6
2016-10-29,25,Cold Water,Major Lazer Featuring Justin Bieber & Mo,20,1,5
2016-11-05,1,24K Magic,Bruno Mars,-,1,1
2016-11-05,2,Shout Out To My Ex,Little Mix,-,2,1
2016-11-05,3,Million Reasons,Lady Gaga,-,3,1
2016-11-05,4,Grow Up,Olly Murs,-,4,1
2016-11-05,5,Sexual,NEIKED Featuring Dyo,-,5,1
2016-11-05,6,Waste A Moment,Kings of Leon,10,6,2
2016-11-05,7,All Goes Wrong,Chase And Status Featuring Tom Grennan,-,7,1
2016-11-05,8,Say You Won't Let Go,James Arthur,1,1,5
2016-11-05,9,This Town,Niall Horan,2,2,2
2016-11-05,10,Ain't My Fault,Zara Larsson,3,3,5
2016-11-05,11,All We Know,The Chainsmokers Featuring Phoebe Ryan,4,4,2
2016-11-05,12,Juju On That Beat (TZ Anthem),Zay Hilfigerrr & Zayion McCall,5,5,2
2016-11-05,13,Side To Side,Ariana Grande Featuring Nicki Minaj,6,1,8
2016-11-05,14,Starboy,The Weeknd Featuring Daft Punk,7,2,3
2016-11-05,15,The Greatest,Sia Featuring Kendrick Lamar,8,1,6
2016-11-05,16,Party Like A Russian,Robbie Williams,-,16,1
2016-11-05,17,My Way,Calvin Harris,11,1,5
2016-11-05,18,92 Bars,The Game,12,4,4
2016-11-05,19,Man,Skepta,-,13,2
2016-11-05,20,Be The One,Dua Lipa,14,6,4
2016-11-05,21,Summer Rain,Sia,15,2,5
2016-11-05,22,Cancer,Twenty One Pilots,16,3,5
2016-11-05,23,Kill Em With Kindness,Selena Gomez,17,8,7
2016-11-05,24,Perfect Illusion,Lady Gaga,18,12,5
2016-11-05,25,Not Nice,PARTYNEXTDOOR,19,1,10
2016-11-12,1,24K Magic,Bruno Mars,1,1,2
2016-11-12,2,Shout Out To My Ex,Little Mix,2,2,2
2016-11-12,3,Sexual,NEIKED Featuring Dyo,5,3,2
2016-11-12,4,Grow Up,Olly Murs,4,4,2
2016-11-12,5,Perfect Illusion,Lady Gaga,24,5,6
2016-11-12,6,Waste A Moment,Kings of Leon,6,6,3
2016-11-12,7,All Goes Wrong,Chase And Status Featuring Tom Grennan,7,7,2
2016-11-12,8,Say You Won't Let Go,James Arthur,8,1,6
2016-11-12,9,Ruin,Shawn Mendes,-,9,1
2016-11-12,10,This Town,Niall Horan,9,2,3
2016-11-12,11,Ain't My Fault,Zara Larsson,10,3,6
2016-11-12,12,All We Know,The Chainsmokers Featuring Phoebe Ryan,11,4,3
2016-11-12,13,Juju On That Beat (TZ Anthem),Zay Hilfigerrr & Zayion McCall,12,5,3
2016-11-12,14,Wicked Ones,DOROTHY,-,14,1
2016-11-12,15,Starboy,The Weeknd Featuring Daft Punk,14,2,4
2016-11-12,16,The Greatest,Sia Featuring Kendrick Lamar,15,1,7
2016-11-12,17,Party Like A Russian,Robbie Williams,16,16,2
2016-11-12,18,My Way,Calvin Harris,17,1,6
2016-11-12,19,92 Bars,The Game,18,4,5
2016-11-12,20,Man,Skepta,19,13,3
2016-11-12,21,Be The One,Dua Lipa,20,6,5
2016-11-12,22,Summer Rain,Sia,21,2,6
2016-11-12,23,Cancer,Twenty One Pilots,22,3,6
2016-11-12,24,Kill Em With Kindness,Selena Gomez,23,8,8
2016-11-12,25,Million Reasons,Lady Gaga,3,3,2
2016-11-19,1,24K Magic,Bruno Mars,1,1,3
2016-11-19,2,Shout Out To My Ex,Little Mix,2,2,3
2016-11-19,3,Sexual,NEIKED Featuring Dyo,3,3,3
2016-11-19,4,Grow Up,Olly Murs,4,4,3
2016-11-19,5,Perfect Illusion,Lady Gaga,5,5,7
2016-11-19,6,Rockabye,Clean Bandit Featuring Sean Paul & Anne-Marie,-,6,1
2016-11-19,7,All Goes Wrong,Chase And Status Featuring Tom Grennan,7,7,3
2016-11-19,8,Say You Won't Let Go,James Arthur,8,1,7
2016-11-19,9,Ruin,Shawn Mendes,9,9,2
2016-11-19,10,This Town,Niall Horan,10,2,4
2016-11-19,11,Ain't My Fault,Zara Larsson,11,3,7
2016-11-19,12,All We Know,The Chainsmokers Featuring Phoebe Ryan,12,4,4
2016-11-19,13,Juju On That Beat (TZ Anthem),Zay Hilfigerrr & Zayion McCall,13,5,4
2016-11-19,14,Wicked Ones,DOROTHY,14,14,2
2016-11-19,15,Starboy,The Weeknd Featuring Daft Punk,15,2,5
2016-11-19,16,The Greatest,Sia Featuring Kendrick Lamar,16,1,8
2016-11-19,17,Scary,Stormzy,-,17,1
2016-11-19,18,My Way,Calvin Harris,18,1,7
2016-11-19,19,92 Bars,The Game,19,4,6
2016-11-19,20,Thriller,Michael Jackson,-,20,1
2016-11-19,21,Be The One,Dua Lipa,21,6,6
2016-11-19,22,Summer Rain,Sia,22,2,7
2016-11-19,23,Cancer,Twenty One Pilots,23,3,7
2016-11-19,24,A-YO,Lady Gaga,-,24,1
2016-11-19,25,Million Reasons,Lady Gaga,25,3,3
2016-11-26,1,Hallelujah,Leonard Cohen,-,1,1
2016-11-26,2,Suzanne,Leonard Cohen,-,2,1
2016-11-26,3,Say You Won't Let Go,James Arthur,8,1,8
2016-11-26,4,Black Beatles,Rae Sremmurd Featuring Gucci Mane,-,4,1
2016-11-26,5,This Is Not America,David Bowie / Pat Metheny Group,-,5,2
2016-11-26,6,It's The End Of The World As We Know It (And I Feel Fine),R.E.M.,-,6,1
2016-11-26,7,I'm Afraid Of Americans,David Bowie,-,7,2
2016-11-26,8,24K Magic,Bruno Mars,1,1,4
2016-11-26,9,Shout Out To My Ex,Little Mix,2,2,4
2016-11-26,10,Sexual,NEIKED Featuring Dyo,3,3,4
2016-11-26,11,Grow Up,Olly Murs,4,4,4
2016-11-26,12,Perfect Illusion,Lady Gaga,5,5,8
2016-11-26,13,Rockabye,Clean Bandit Featuring Sean Paul & Anne-Marie,6,6,2
2016-11-26,14,All Goes Wrong,Chase And Status Featuring Tom Grennan,7,7,4
2016-11-26,15,Talk To Me,Run the Jewels,-,15,1
2016-11-26,16,Ruin,Shawn Mendes,9,9,3
2016-11-26,17,This Town,Niall Horan,10,2,5
2016-11-26,18,Ain't My Fault,Zara Larsson,11,3,8
2016-11-26,19,All We Know,The Chainsmokers Featuring Phoebe Ryan,12,4,5
2016-11-26,20,Juju On That Beat (TZ Anthem),Zay Hilfigerrr & Zayion McCall,13,5,5
2016-11-26,21,Wicked Ones,DOROTHY,14,14,3
2016-11-26,22,Starboy,The Weeknd Featuring Daft Punk,15,2,6
2016-11-26,23,The Greatest,Sia Featuring Kendrick Lamar,16,1,9
2016-11-26,24,Be The One,Dua Lipa,21,6,7
2016-11-26,25,My Way,Calvin Harris,18,1,8
2016-12-03,1,Shout Out To My Ex,Little Mix,9,1,5
2016-12-03,2,Black Beatles,Rae Sremmurd Featuring Gucci Mane,4,2,2
2016-12-03,3,In The Name Of Love,Martin Garrix & Bebe Rexha,-,3,7
2016-12-03,4,So Good,Louisa Johnson,-,4,1
2016-12-03,5,Selah,Emeli Sande,-,5,1
2016-12-03,6,Love My Life,Robbie Williams,-,6,1
2016-12-03,7,By Your Side,Jonas Blue Featuring RAYE,-,7,1
2016-12-03,8,Ruin,Shawn Mendes,16,8,4
2016-12-03,9,Say You Won't Let Go,James Arthur,3,1,9
2016-12-03,10,Hallelujah,Leonard Cohen,1,1,2
2016-12-03,11,F.U.,Little Mix,-,11,1
2016-12-03,12,Now That We're Dead,Metallica,-,12,1
2016-12-03,13,Oops,Little Mix Featuring Charlie Puth,-,13,1
2016-12-03,14,Your Love,Little Mix,-,14,1
2016-12-03,15,Hurts,Emeli Sande,-,15,1
2016-12-03,16,Dream No More,Metallica,-,16,1
2016-12-03,17,Versace On The Floor,Bruno Mars,-,17,1
2016-12-03,18,24K Magic,Bruno Mars,8,1,5
2016-12-03,19,Sexual,NEIKED Featuring Dyo,10,3,5
2016-12-03,20,Grow Up,Olly Murs,11,4,5
2016-12-03,21,Love On Me,Galantis & Hook N Sling,-,21,1
2016-12-03,22,Rockabye,Clean Bandit Featuring Sean Paul & Anne-Marie,13,6,3
2016-12-03,23,All Goes Wrong,Chase And Status Featuring Tom Grennan,14,7,5
2016-12-03,24,Talk To Me,Run the Jewels,15,15,2
2016-12-03,25,This Town,Niall Horan,17,2,6
2016-12-10,1,Black Beatles,Rae Sremmurd Featuring Gucci Mane,2,1,3
2016-12-10,2,Grow Up,Olly Murs,20,2,6
2016-12-10,3,Sexual,NEIKED Featuring Dyo,19,3,6
2016-12-10,4,Bring Back The Summer,Rain Man Featuring OLY,-,4,1
2016-12-10,5,Shout Out To My Ex,Little Mix,1,1,6
2016-12-10,6,24K Magic,Bruno Mars,18,1,6
2016-12-10,7,By Your Side,Jonas Blue Featuring RAYE,7,7,2
2016-12-10,8,So Good,Louisa Johnson,4,4,2
2016-12-10,9,Selah,Emeli Sande,5,5,2
2016-12-10,10,Love My Life,Robbie Williams,6,6,2
2016-12-10,11,Ruin,Shawn Mendes,8,8,5
2016-12-10,12,Say You Won't Let Go,James Arthur,9,1,10
2016-12-10,13,Hallelujah,Leonard Cohen,10,1,3
2016-12-10,14,F.U.,Little Mix,11,11,2
2016-12-10,15,Now That We're Dead,Metallica,12,12,2
2016-12-10,16,Oops,Little Mix Featuring Charlie Puth,13,13,2
2016-12-10,17,Your Love,Little Mix,14,14,2
2016-12-10,18,Hurts,Emeli Sande,15,15,2
2016-12-10,19,Dream No More,Metallica,16,16,2
2016-12-10,20,Versace On The Floor,Bruno Mars,17,17,2
2016-12-10,21,Love On Me,Galantis & Hook N Sling,21,21,2
2016-12-10,22,Black Barbies,Nicki Minaj X Mike Will Made-It,-,22,1
2016-12-10,23,Rockabye,Clean Bandit Featuring Sean Paul & Anne-Marie,22,6,4
2016-12-10,24,All Goes Wrong,Chase And Status Featuring Tom Grennan,23,7,6
2016-12-10,25,Talk To Me,Run the Jewels,24,15,3
2016-12-17,1,Rockabye,Clean Bandit Featuring Sean Paul & Anne-Marie,23,1,5
2016-12-17,2,24K Magic,Bruno Mars,6,1,7
2016-12-17,3,Starboy,The Weeknd Featuring Daft Punk,-,2,7
2016-12-17,4,Party Monster,The Weeknd,-,4,1
2016-12-17,5,Reminder,The Weeknd,-,5,1
2016-12-17,6,I Feel It Coming,The Weeknd Featuring Daft Punk,-,6,1
2016-12-17,7,Human,Rag'n'Bone Man,-,7,1
2016-12-17,8,Attention,The Weeknd,-,8,1
2016-12-17,9,Ordinary Life,The Weeknd,-,9,1
2016-12-17,10,Black Beatles,Rae Sremmurd Featuring Gucci Mane,1,1,4
2016-12-17,11,Grow Up,Olly Murs,2,2,7
2016-12-17,12,Sexual,NEIKED Featuring Dyo,3,3,7
2016-12-17,13,Me And Your Mama,Childish Gambino,-,13,1
2016-12-17,14,Shout Out To My Ex,Little Mix,5,1,7
2016-12-17,15,By Your Side,Jonas Blue Featuring RAYE,7,7,3
2016-12-17,16,So Good,Louisa Johnson,8,4,3
2016-12-17,17,Selah,Emeli Sande,9,5,3
2016-12-17,18,Love My Life,Robbie Williams,10,6,3
2016-12-17,19,Ruin,Shawn Mendes,11,8,6
2016-12-17,20,Say You Won't Let Go,James Arthur,12,1,11
2016-12-17,21,Hallelujah,Leonard Cohen,13,1,4
2016-12-17,22,F.U.,Little Mix,14,11,3
2016-12-17,23,Now That We're Dead,Metallica,15,12,3
2016-12-17,24,Oops,Little Mix Featuring Charlie Puth,16,13,3
2016-12-17,25,Your Love,Little Mix,17,14,3
2016-12-24,1,Sidewalks,The Weeknd Featuring Kendrick Lamar,-,1,1
2016-12-24,2,Me And Your Mama,Childish Gambino,13,2,2
2016-12-24,3,Stargirl Interlude,The Weeknd Featuring Lana Del Rey,-,3,1
2016-12-24,4,Human,Rag'n'Bone Man,7,4,2
2016-12-24,5,Rockabye,Clean Bandit Featuring Sean Paul & Anne-Marie,1,1,6
2016-12-24,6,24K Magic,Bruno Mars,2,1,8
2016-12-24,7,Starboy,The Weeknd Featuring Daft Punk,3,2,8
2016-12-24,8,Party Monster,The Weeknd,4,4,2
2016-12-24,9,By Your Side,Jonas Blue Featuring RAYE,15,7,4
2016-12-24,10,I Feel It Coming,The Weeknd Featuring Daft Punk,6,6,2
2016-12-24,11,Driving Home For Christmas,Chris Rea,-,11,2
2016-12-24,12,Attention,The Weeknd,8,8,2
2016-12-24,13,Ordinary Life,The Weeknd,9,9,2
2016-12-24,14,Black Beatles,Rae Sremmurd Featuring Gucci Mane,10,1,5
2016-12-24,15,All I Want For Christmas Is You,Mariah Carey,-,11,4
2016-12-24,16,Sexual,NEIKED Featuring Dyo,12,3,8
2016-12-24,17,Redbone,Childish Gambino,-,17,1
2016-12-24,18,Shout Out To My Ex,Little Mix,14,1,8
2016-12-24,19,So Good,Louisa Johnson,16,4,4
2016-12-24,20,Selah,Emeli Sande,17,5,4
2016-12-24,21,Love My Life,Robbie Williams,18,6,4
2016-12-24,22,Ruin,Shawn Mendes,19,8,7
2016-12-24,23,Say You Won't Let Go,James Arthur,20,1,12
2016-12-24,24,Hallelujah,Leonard Cohen,21,1,5
2016-12-24,25,F.U.,Little Mix,22,11,4
2016-12-31,1,Touch,Little Mix,-,1,1
2016-12-31,2,24K Magic,Bruno Mars,6,1,9
2016-12-31,3,Human,Rag'n'Bone Man,4,3,3
2016-12-31,4,I Would Like,Zara Larsson,-,4,1
2016-12-31,5,Me And Your Mama,Childish Gambino,2,2,3
2016-12-31,6,Stargirl Interlude,The Weeknd Featuring Lana Del Rey,3,3,2
2016-12-31,7,All I Want For Christmas Is You,Mariah Carey,15,7,5
2016-12-31,8,Rockabye,Clean Bandit Featuring Sean Paul & Anne-Marie,5,1,7
2016-12-31,9,Starboy,The Weeknd Featuring Daft Punk,7,2,9
2016-12-31,10,Party Monster,The Weeknd,8,4,3
2016-12-31,11,By Your Side,Jonas Blue Featuring RAYE,9,7,5
2016-12-31,12,I Feel It Coming,The Weeknd Featuring Daft Punk,10,6,3
2016-12-31,13,Broken Whiskey Glass,Post Malone,-,13,1
2016-12-31,14,Attention,The Weeknd,12,8,3
2016-12-31,15,Ordinary Life,The Weeknd,13,9,3
2016-12-31,16,Black Beatles,Rae Sremmurd Featuring Gucci Mane,14,1,6
2016-12-31,17,Sexual,NEIKED Featuring Dyo,16,3,9
2016-12-31,18,Redbone,Childish Gambino,17,17,2
2016-12-31,19,Shout Out To My Ex,Little Mix,18,1,9
2016-12-31,20,So Good,Louisa Johnson,19,4,5
2016-12-31,21,Selah,Emeli Sande,20,5,5
2016-12-31,22,Love My Life,Robbie Williams,21,6,5
2016-12-31,23,Ruin,Shawn Mendes,22,8,8
2016-12-31,24,Say You Won't Let Go,James Arthur,23,1,13
2016-12-31,25,Hallelujah,Leonard Cohen,24,1,6
2017-01-14,1,Careless Whisper,Wham! Featuring George Michael,-,1,1
2017-01-14,2,Praying For Time,George Michael,-,2,1
2017-01-14,3,Jesus To A Child,George Michael,-,3,1
2017-01-14,4,Freedom,George Michael,-,4,1
2017-01-14,5,One More Try,George Michael,-,5,1
2017-01-14,6,Human,Rag'n'Bone Man,3,3,5
2017-01-14,7,Rockabye,Clean Bandit Featuring Sean Paul & Anne-Marie,8,1,9
2017-01-14,8,Touch,Little Mix,1,1,3
2017-01-14,9,24K Magic,Bruno Mars,2,1,11
2017-01-14,10,I Would Like,Zara Larsson,4,4,3
2017-01-14,11,Me And Your Mama,Childish Gambino,5,2,5
2017-01-14,12,Stargirl Interlude,The Weeknd Featuring Lana Del Rey,6,3,4
2017-01-14,13,Ordinary Life,The Weeknd,15,9,5
2017-01-14,14,Starboy,The Weeknd Featuring Daft Punk,9,2,11
2017-01-14,15,Say You Won't Let Go,James Arthur,24,1,15
2017-01-14,16,Party Monster,The Weeknd,10,4,5
2017-01-14,17,By Your Side,Jonas Blue Featuring RAYE,11,7,7
2017-01-14,18,I Feel It Coming,The Weeknd Featuring Daft Punk,12,6,5
2017-01-14,19,Broken Whiskey Glass,Post Malone,13,13,3
2017-01-14,20,Attention,The Weeknd,14,8,5
2017-01-14,21,Sing Me To Sleep,Alan Walker,-,21,1
2017-01-14,22,Black Beatles,Rae Sremmurd Featuring Gucci Mane,16,1,8
2017-01-14,23,Sexual,NEIKED Featuring Dyo,17,3,11
2017-01-14,24,Redbone,Childish Gambino,18,17,4
2017-01-14,25,So Good,Louisa Johnson,20,4,7
2017-01-21,1,After The Afterparty,Charli xcx Featuring Lil Yachty,-,1,1
2017-01-21,2,Rockabye,Clean Bandit Featuring Sean Paul & Anne-Marie,7,1,10
2017-01-21,3,Light It Up,Major Lazer Featuring Nyla & Fuse ODG,-,3,1
2017-01-21,4,Human,Rag'n'Bone Man,6,3,6
2017-01-21,5,The Mack,Nevada Featuring Mark Morrison And Fetty Wap,-,5,1
2017-01-21,6,Dangerously,Charlie Puth,-,6,1
2017-01-21,7,So Good,Louisa Johnson,25,4,8
2017-01-21,8,Black Beatles,Rae Sremmurd Featuring Gucci Mane,22,1,9
2017-01-21,9,We Don't Talk Anymore,Charlie Puth Featuring Selena Gomez,-,5,6
2017-01-21,10,Take Me Home,Jess Glynne,-,10,2
2017-01-21,11,One More Try,George Michael,5,5,2
2017-01-21,12,Touch,Little Mix,8,1,4
2017-01-21,13,Praying For Time,George Michael,2,2,2
2017-01-21,14,Jesus To A Child,George Michael,3,3,2
2017-01-21,15,Attention,The Weeknd,20,8,6
2017-01-21,16,24K Magic,Bruno Mars,9,1,12
2017-01-21,17,I Would Like,Zara Larsson,10,4,4
2017-01-21,18,Freedom,George Michael,4,4,2
2017-01-21,19,Me And Your Mama,Childish Gambino,11,2,6
2017-01-21,20,Stargirl Interlude,The Weeknd Featuring Lana Del Rey,12,3,5
2017-01-21,21,Ordinary Life,The Weeknd,13,9,6
2017-01-21,22,Starboy,The Weeknd Featuring Daft Punk,14,2,12
2017-01-21,23,Say You Won't Let Go,James Arthur,15,1,16
2017-01-21,24,Party Monster,The Weeknd,16,4,6
2017-01-21,25,By Your Side,Jonas Blue Featuring RAYE,17,7,8
2017-01-28,1,Shape Of You,Ed Sheeran,-,1,1
2017-01-28,2,Castle On The Hill,Ed Sheeran,-,2,1
2017-01-28,3,You Don't Know Me,Jax Jones Featuring RAYE,-,3,1
2017-01-28,4,After The Afterparty,Charli xcx Featuring Lil Yachty,1,1,2
2017-01-28,5,I Don't Wanna Live Forever (Fifty Shades Darker),ZAYN / Taylor Swift,-,5,1
2017-01-28,6,Rockabye,Clean Bandit Featuring Sean Paul & Anne-Marie,2,1,11
2017-01-28,7,Light It Up,Major Lazer Featuring Nyla & Fuse ODG,3,3,2
2017-01-28,8,Human,Rag'n'Bone Man,4,3,7
2017-01-28,9,The Mack,Nevada Featuring Mark Morrison And Fetty Wap,5,5,2
2017-01-28,10,Dangerously,Charlie Puth,6,6,2
2017-01-28,11,So Good,Louisa Johnson,7,4,9
2017-01-28,12,Caroline,Status Quo,-,12,1
2017-01-28,13,We Don't Talk Anymore,Charlie Puth Featuring Selena Gomez,9,5,7
2017-01-28,14,Take Me Home,Jess Glynne,10,10,3
2017-01-28,15,One More Try,George Michael,11,5,3
2017-01-28,16,Touch,Little Mix,12,1,5
2017-01-28,17,Praying For Time,George Michael,13,2,3
2017-01-28,18,Jesus To A Child,George Michael,14,3,3
2017-01-28,19,Attention,The Weeknd,15,8,7
2017-01-28,20,24K Magic,Bruno Mars,16,1,13
2017-01-28,21,I Would Like,Zara Larsson,17,4,5
2017-01-28,22,Freedom,George Michael,18,4,3
2017-01-28,23,Me And Your Mama,Childish Gambino,19,2,7
2017-01-28,24,Stargirl Interlude,The Weeknd Featuring Lana Del Rey,20,3,6
2017-01-28,25,Ordinary Life,The Weeknd,21,9,7
2017-02-04,1,Shape Of You,Ed Sheeran,1,1,2
2017-02-04,2,Human,Rag'n'Bone Man,8,2,8
2017-02-04,3,Castle On The Hill,Ed Sheeran,2,2,2
2017-02-04,4,Bad Things,Machine Gun Kelly x Camila Cabello,-,4,1
2017-02-04,5,You Don't Know Me,Jax Jones Featuring RAYE,3,3,2
2017-02-04,6,After The Afterparty,Charli xcx Featuring Lil Yachty,4,1,3
2017-02-04,7,I Don't Wanna Live Forever (Fifty Shades Darker),ZAYN / Taylor Swift,5,5,2
2017-02-04,8,Rockabye,Clean Bandit Featuring Sean Paul & Anne-Marie,6,1,12
2017-02-04,9,Light It Up,Major Lazer Featuring Nyla & Fuse ODG,7,3,3
2017-02-04,10,The Mack,Nevada Featuring Mark Morrison And Fetty Wap,9,5,3
2017-02-04,11,Dangerously,Charlie Puth,10,6,3
2017-02-04,12,So Good,Louisa Johnson,11,4,10
2017-02-04,13,Caroline,Status Quo,12,12,2
2017-02-04,14,We Don't Talk Anymore,Charlie Puth Featuring Selena Gomez,13,5,8
2017-02-04,15,Take Me Home,Jess Glynne,14,10,4
2017-02-04,16,Touch,Little Mix,16,1,6
2017-02-04,17,Attention,The Weeknd,19,8,8
2017-02-04,18,24K Magic,Bruno Mars,20,1,14
2017-02-04,19,I Would Like,Zara Larsson,21,4,6
2017-02-04,20,Me And Your Mama,Childish Gambino,23,2,8
2017-02-04,21,Stargirl Interlude,The Weeknd Featuring Lana Del Rey,24,3,7
2017-02-04,22,Black Beatles,Rae Sremmurd Featuring Gucci Mane,-,1,10
2017-02-04,23,I Feel It Coming,The Weeknd Featuring Daft Punk,-,6,6
2017-02-04,24,Party Monster,The Weeknd,-,4,7
2017-02-04,25,Black Barbies,Nicki Minaj X Mike Will Made-It,-,22,2
2017-02-11,1,Say Something Loving,The xx,-,1,1
2017-02-11,2,Shape Of You,Ed Sheeran,1,1,3
2017-02-11,3,Human,Rag'n'Bone Man,2,2,9
2017-02-11,4,Touch,Little Mix,16,1,7
2017-02-11,5,I Don't Wanna Live Forever (Fifty Shades Darker),ZAYN / Taylor Swift,7,5,3
2017-02-11,6,You Don't Know Me,Jax Jones Featuring RAYE,5,3,3
2017-02-11,7,Congratulations,Post Malone Featuring Quavo,-,7,1
2017-02-11,8,Castle On The Hill,Ed Sheeran,3,2,3
2017-02-11,9,Bad Things,Machine Gun Kelly x Camila Cabello,4,4,2
2017-02-11,10,After The Afterparty,Charli xcx Featuring Lil Yachty,6,1,4
2017-02-11,11,Rockabye,Clean Bandit Featuring Sean Paul & Anne-Marie,8,1,13
2017-02-11,12,Light It Up,Major Lazer Featuring Nyla & Fuse ODG,9,3,4
2017-02-11,13,The Mack,Nevada Featuring Mark Morrison And Fetty Wap,10,5,4
2017-02-11,14,Dangerously,Charlie Puth,11,6,4
2017-02-11,15,So Good,Louisa Johnson,12,4,11
2017-02-11,16,We Don't Talk Anymore,Charlie Puth Featuring Selena Gomez,14,5,9
2017-02-11,17,Take Me Home,Jess Glynne,15,10,5
2017-02-11,18,Attention,The Weeknd,17,8,9
2017-02-11,19,24K Magic,Bruno Mars,18,1,15
2017-02-11,20,I Would Like,Zara Larsson,19,4,7
2017-02-11,21,Me And Your Mama,Childish Gambino,20,2,9
2017-02-11,22,Stargirl Interlude,The Weeknd Featuring Lana Del Rey,21,3,8
2017-02-11,23,Black Beatles,Rae Sremmurd Featuring Gucci Mane,22,1,11
2017-02-11,24,I Feel It Coming,The Weeknd Featuring Daft Punk,23,6,7
2017-02-11,25,Caroline,Status Quo,13,12,3
2017-02-18,1,Human,Rag'n'Bone Man,3,1,10
2017-02-18,2,Shape Of You,Ed Sheeran,2,1,4
2017-02-18,3,Say Something Loving,The xx,1,1,2
2017-02-18,4,You Don't Know Me,Jax Jones Featuring RAYE,6,3,4
2017-02-18,5,Sexual,NEIKED Featuring Dyo,-,3,12
2017-02-18,6,Start A Fire,John Legend,-,6,1
2017-02-18,7,Touch,Little Mix,4,1,8
2017-02-18,8,I Don't Wanna Live Forever (Fifty Shades Darker),ZAYN / Taylor Swift,5,5,4
2017-02-18,9,T-Shirt,Migos,-,9,1
2017-02-18,10,Congratulations,Post Malone Featuring Quavo,7,7,2
2017-02-18,11,Castle On The Hill,Ed Sheeran,8,2,4
2017-02-18,12,Skin,Rag'n'Bone Man,-,12,1
2017-02-18,13,Bad Things,Machine Gun Kelly x Camila Cabello,9,4,3
2017-02-18,14,After The Afterparty,Charli xcx Featuring Lil Yachty,10,1,5
2017-02-18,15,Rockabye,Clean Bandit Featuring Sean Paul & Anne-Marie,11,1,14
2017-02-18,16,Light It Up,Major Lazer Featuring Nyla & Fuse ODG,12,3,5
2017-02-18,17,The Mack,Nevada Featuring Mark Morrison And Fetty Wap,13,5,5
2017-02-18,18,Dangerously,Charlie Puth,14,6,5
2017-02-18,19,So Good,Louisa Johnson,15,4,12
2017-02-18,20,We Don't Talk Anymore,Charlie Puth Featuring Selena Gomez,16,5,10
2017-02-18,21,Take Me Home,Jess Glynne,17,10,6
2017-02-18,22,Attention,The Weeknd,18,8,10
2017-02-18,23,24K Magic,Bruno Mars,19,1,16
2017-02-18,24,I Would Like,Zara Larsson,20,4,8
2017-02-18,25,Me And Your Mama,Childish Gambino,21,2,10
2017-02-25,1,Shape Of You,Ed Sheeran,2,1,5
2017-02-25,2,Human,Rag'n'Bone Man,1,1,11
2017-02-25,3,Paris,The Chainsmokers,-,3,1
2017-02-25,4,Run Up,Major Lazer Featuring PARTYNEXTDOOR & Nicki Minaj,-,4,1
2017-02-25,5,No Favors,Big Sean Featuring Eminem,-,5,1
2017-02-25,6,Scared To Be Lonely,Martin Garrix & Dua Lipa,-,6,1
2017-02-25,7,Bad Romance,Lady Gaga,-,7,1
2017-02-25,8,T-Shirt,Migos,9,8,2
2017-02-25,9,Castle On The Hill,Ed Sheeran,11,2,5
2017-02-25,10,Halfway Off The Balcony,Big Sean,-,10,1
2017-02-25,11,Million Reasons,Lady Gaga,-,3,4
2017-02-25,12,Born This Way,Lady Gaga,-,12,1
2017-02-25,13,Say Something Loving,The xx,3,1,3
2017-02-25,14,I Don't Wanna Live Forever (Fifty Shades Darker),ZAYN / Taylor Swift,8,5,5
2017-02-25,15,Congratulations,Post Malone Featuring Quavo,10,7,3
2017-02-25,16,24K Magic,Bruno Mars,23,1,17
2017-02-25,17,Shed A Light,Robin Schulz & David Guetta & Cheat Codes,-,17,1
2017-02-25,18,Moves,Big Sean,-,18,1
2017-02-25,19,Start A Fire,John Legend,6,6,2
2017-02-25,20,Shoot Out The Roof,Lil Yachty,-,20,1
2017-02-25,21,Broken Whiskey Glass,Post Malone,-,13,4
2017-02-25,22,Sidewalks,The Weeknd Featuring Kendrick Lamar,-,1,2
2017-02-25,23,Bad And Boujee,Migos Featuring Lil Uzi Vert,-,23,1
2017-02-25,24,Die For You,The Weeknd & Ariana Grande,-,24,1
2017-02-25,25,Changed My Phone,Lil Uzi Vert & Gucci Mane,-,25,1
2017-03-04,1,Call On Me,Starley,-,1,1
2017-03-04,2,Helium,Sia,-,2,1
2017-03-04,3,iSpy,Kyle Featuring Lil Yachty,-,3,1
2017-03-04,4,Shape Of You,Ed Sheeran,1,1,6
2017-03-04,5,Bom Bidi Bom,Nick Jonas & Nicki Minaj,-,5,1
2017-03-04,6,Not Afraid Anymore,Halsey,-,6,1
2017-03-04,7,Human,Rag'n'Bone Man,2,1,12
2017-03-04,8,Paris,The Chainsmokers,3,3,2
2017-03-04,9,Run Up,Major Lazer Featuring PARTYNEXTDOOR & Nicki Minaj,4,4,2
2017-03-04,10,No Favors,Big Sean Featuring Eminem,5,5,2
2017-03-04,11,Scared To Be Lonely,Martin Garrix & Dua Lipa,6,6,2
2017-03-04,12,Bitter End,Rag'n'Bone Man,-,12,1
2017-03-04,13,T-Shirt,Migos,8,8,3
2017-03-04,14,Castle On The Hill,Ed Sheeran,9,2,6
2017-03-04,15,Halfway Off The Balcony,Big Sean,10,10,2
2017-03-04,16,Say Something Loving,The xx,13,1,4
2017-03-04,17,I Don't Wanna Live Forever (Fifty Shades Darker),ZAYN / Taylor Swift,14,5,6
2017-03-04,18,Congratulations,Post Malone Featuring Quavo,15,7,4
2017-03-04,19,Bad And Boujee,Migos Featuring Lil Uzi Vert,23,19,2
2017-03-04,20,Shed A Light,Robin Schulz & David Guetta & Cheat Codes,17,17,2
2017-03-04,21,Moves,Big Sean,18,18,2
2017-03-04,22,Start A Fire,John Legend,19,6,3
2017-03-04,23,Shoot Out The Roof,Lil Yachty,20,20,2
2017-03-04,24,Broken Whiskey Glass,Post Malone,21,13,5
2017-03-04,25,Sidewalks,The Weeknd Featuring Kendrick Lamar,22,1,3
2017-03-11,1,Chained To The Rhythm,Katy Perry Featuring Skip Marley,-,1,1
2017-03-11,2,Big For Your Boots,Stormzy,-,2,1
2017-03-11,3,Scared To Be Lonely,Martin Garrix & Dua Lipa,11,3,3
2017-03-11,4,Ciao Adios,Anne-Marie,-,4,1
2017-03-11,5,Call On Me,Starley,1,1,2
2017-03-11,6,Helium,Sia,2,2,2
2017-03-11,7,iSpy,Kyle Featuring Lil Yachty,3,3,2
2017-03-11,8,Shape Of You,Ed Sheeran,4,1,7
2017-03-11,9,Bom Bidi Bom,Nick Jonas & Nicki Minaj,5,5,2
2017-03-11,10,Not Afraid Anymore,Halsey,6,6,2
2017-03-11,11,Human,Rag'n'Bone Man,7,1,13
2017-03-11,12,Paris,The Chainsmokers,8,3,3
2017-03-11,13,Run Up,Major Lazer Featuring PARTYNEXTDOOR & Nicki Minaj,9,4,3
2017-03-11,14,No Favors,Big Sean Featuring Eminem,10,5,3
2017-03-11,15,Bitter End,Rag'n'Bone Man,12,12,2
2017-03-11,16,Cold,Stormzy,-,16,1
2017-03-11,17,Velvet / Jenny Francis [Interlude],Stormzy,-,17,1
2017-03-11,18,Return of the Rucksack,Stormzy,-,18,1
2017-03-11,19,Shut Up,Stormzy,-,19,1
2017-03-11,20,T-Shirt,Migos,13,8,4
2017-03-11,21,Castle On The Hill,Ed Sheeran,14,2,7
2017-03-11,22,Halfway Off The Balcony,Big Sean,15,10,3
2017-03-11,23,Say Something Loving,The xx,16,1,5
2017-03-11,24,I Don't Wanna Live Forever (Fifty Shades Darker),ZAYN / Taylor Swift,17,5,7
2017-03-11,25,Congratulations,Post Malone Featuring Quavo,18,7,5
2017-03-18,1,Perfect,Ed Sheeran,-,1,1
2017-03-18,2,Castle On The Hill,Ed Sheeran,21,2,8
2017-03-18,3,Galway Girl,Ed Sheeran,-,3,1
2017-03-18,4,Dive,Ed Sheeran,-,4,1
2017-03-18,5,New Man,Ed Sheeran,-,5,1
2017-03-18,6,Eraser,Ed Sheeran,-,6,1
2017-03-18,7,Something Just Like This,The Chainsmokers & Coldplay,-,7,1
2017-03-18,8,It Ain't Me,Kygo x Selena Gomez,-,8,1
2017-03-18,9,Nancy Mulligan,Ed Sheeran,-,9,1
2017-03-18,10,What Do I Know?,Ed Sheeran,-,10,1
2017-03-18,11,Happier,Ed Sheeran,-,11,1
2017-03-18,12,Hearts Don't Break Around Here,Ed Sheeran,-,12,1
2017-03-18,13,Barcelona,Ed Sheeran,-,13,1
2017-03-18,14,Bibia Be Ye Ye,Ed Sheeran,-,14,1
2017-03-18,15,Supermarket Flowers,Ed Sheeran,-,15,1
2017-03-18,16,Cigarettes & Cush,Stormzy Featuring Kehlani,-,16,1
2017-03-18,17,Bad Boys,Stormzy Featuring Ghetts & J Hus,-,17,1
2017-03-18,18,Shape Of You,Ed Sheeran,8,1,8
2017-03-18,19,Save Myself,Ed Sheeran,-,19,1
2017-03-18,20,"Blinded By Your Grace, Pt. 2",Stormzy Featuring MNEK,-,20,1
2017-03-18,21,No Lie,Sean Paul Featuring Dua Lipa,-,21,1
2017-03-18,22,That's What I Like,Bruno Mars,-,22,1
2017-03-18,23,Big For Your Boots,Stormzy,2,2,2
2017-03-18,24,Scared To Be Lonely,Martin Garrix & Dua Lipa,3,3,4
2017-03-18,25,Ciao Adios,Anne-Marie,4,4,2
2017-03-25,1,Galway Girl,Ed Sheeran,3,1,2
2017-03-25,2,Perfect,Ed Sheeran,1,1,2
2017-03-25,3,Supermarket Flowers,Ed Sheeran,15,3,2
2017-03-25,4,Shape Of You,Ed Sheeran,18,1,9
2017-03-25,5,Big For Your Boots,Stormzy,23,2,3
2017-03-25,6,New Man,Ed Sheeran,5,5,2
2017-03-25,7,Dive,Ed Sheeran,4,4,2
2017-03-25,8,Chained To The Rhythm,Katy Perry Featuring Skip Marley,-,1,2
2017-03-25,9,Happier,Ed Sheeran,11,9,2
2017-03-25,10,Barcelona,Ed Sheeran,13,10,2
2017-03-25,11,How Would You Feel (Paean),Ed Sheeran,-,11,1
2017-03-25,12,What Do I Know?,Ed Sheeran,10,10,2
2017-03-25,13,Eraser,Ed Sheeran,6,6,2
2017-03-25,14,Bibia Be Ye Ye,Ed Sheeran,14,14,2
2017-03-25,15,Nancy Mulligan,Ed Sheeran,9,9,2
2017-03-25,16,Call On Me,Starley,-,1,3
2017-03-25,17,Young God,Halsey,-,17,1
2017-03-25,18,Something Just Like This,The High Kings,-,18,1
2017-03-25,19,Shut Up,Stormzy,-,19,2
2017-03-25,20,Hearts Don't Break Around Here,Ed Sheeran,12,12,2
2017-03-25,21,T-Shirt,Migos,-,8,5
2017-03-25,22,Scared To Be Lonely,Martin Garrix & Dua Lipa,24,3,5
2017-03-25,23,I Don't Wanna Live Forever (Fifty Shades Darker),ZAYN / Taylor Swift,-,5,8
2017-03-25,24,Shoot Out The Roof,Lil Yachty,-,20,3
2017-03-25,25,Dollar Bills,Syd Featuring Steve Lacy,-,25,1
2017-04-01,1,Shape Of You,Ed Sheeran,4,1,10
2017-04-01,2,It Ain't Me,Kygo x Selena Gomez,-,2,2
2017-04-01,3,You Don't Know Me,Jax Jones Featuring RAYE,-,3,5
2017-04-01,4,Chained To The Rhythm,Katy Perry Featuring Skip Marley,8,1,3
2017-04-01,5,Galway Girl,Ed Sheeran,1,1,3
2017-04-01,6,Perfect,Ed Sheeran,2,1,3
2017-04-01,7,Supermarket Flowers,Ed Sheeran,3,3,3
2017-04-01,8,Big For Your Boots,Stormzy,5,2,4
2017-04-01,9,New Man,Ed Sheeran,6,5,3
2017-04-01,10,Dive,Ed Sheeran,7,4,3
2017-04-01,11,Happier,Ed Sheeran,9,9,3
2017-04-01,12,Barcelona,Ed Sheeran,10,10,3
2017-04-01,13,How Would You Feel (Paean),Ed Sheeran,11,11,2
2017-04-01,14,What Do I Know?,Ed Sheeran,12,10,3
2017-04-01,15,Eraser,Ed Sheeran,13,6,3
2017-04-01,16,Bibia Be Ye Ye,Ed Sheeran,14,14,3
2017-04-01,17,Nancy Mulligan,Ed Sheeran,15,9,3
2017-04-01,18,Call On Me,Starley,16,1,4
2017-04-01,19,Young God,Halsey,17,17,2
2017-04-01,20,Something Just Like This,The Chainsmokers & Coldplay,-,7,2
2017-04-01,21,Shut Up,Stormzy,19,19,3
2017-04-01,22,Hearts Don't Break Around Here,Ed Sheeran,20,12,3
2017-04-01,23,T-Shirt,Migos,21,8,6
2017-04-01,24,Scared To Be Lonely,Martin Garrix & Dua Lipa,22,3,6
2017-04-01,25,I Don't Wanna Live Forever (Fifty Shades Darker),ZAYN / Taylor Swift,23,5,9
2017-04-08,1,Call On Me,Starley,18,1,5
2017-04-08,2,Supermarket Flowers,Ed Sheeran,7,2,4
2017-04-08,3,Perfect,Ed Sheeran,6,1,4
2017-04-08,4,Johnny B. Goode,Chuck Berry,-,4,1
2017-04-08,5,Shape Of You,Ed Sheeran,1,1,11
2017-04-08,6,It Ain't Me,Kygo x Selena Gomez,2,2,3
2017-04-08,7,You Don't Know Me,Jax Jones Featuring RAYE,3,3,6
2017-04-08,8,Chained To The Rhythm,Katy Perry Featuring Skip Marley,4,1,4
2017-04-08,9,Galway Girl,Ed Sheeran,5,1,4
2017-04-08,10,Big For Your Boots,Stormzy,8,2,5
2017-04-08,11,New Man,Ed Sheeran,9,5,4
2017-04-08,12,Dive,Ed Sheeran,10,4,4
2017-04-08,13,Happier,Ed Sheeran,11,9,4
2017-04-08,14,Barcelona,Ed Sheeran,12,10,4
2017-04-08,15,How Would You Feel (Paean),Ed Sheeran,13,11,3
2017-04-08,16,What Do I Know?,Ed Sheeran,14,10,4
2017-04-08,17,Eraser,Ed Sheeran,15,6,4
2017-04-08,18,Bibia Be Ye Ye,Ed Sheeran,16,14,4
2017-04-08,19,Nancy Mulligan,Ed Sheeran,17,9,4
2017-04-08,20,Young God,Halsey,19,17,3
2017-04-08,21,Something Just Like This,The Chainsmokers & Coldplay,20,7,3
2017-04-08,22,Shut Up,Stormzy,21,19,4
2017-04-08,23,Hearts Don't Break Around Here,Ed Sheeran,22,12,4
2017-04-08,24,T-Shirt,Migos,23,8,7
2017-04-08,25,Congratulations,Post Malone Featuring Quavo,-,7,6
2017-04-15,1,Call On Me,Starley,1,1,6
2017-04-15,2,Something Just Like This,The Chainsmokers & Coldplay,21,2,4
2017-04-15,3,Happier,Ed Sheeran,13,3,5
2017-04-15,4,Galway Girl,Ed Sheeran,9,1,5
2017-04-15,5,Liability,Lorde,-,5,1
2017-04-15,6,Human,Rag'n'Bone Man,-,1,14
2017-04-15,7,Chained To The Rhythm,Katy Perry Featuring Skip Marley,8,1,5
2017-04-15,8,Mask Off,Future,-,8,1
2017-04-15,9,Tunnel Vision,Kodak Black,-,9,1
2017-04-15,10,Johnny B. Goode,Chuck Berry,4,4,2
2017-04-15,11,Stay,Zedd & Alessia Cara,-,11,1
2017-04-15,12,Green Light,Lorde,-,12,1
2017-04-15,13,Perfect,Ed Sheeran,3,1,5
2017-04-15,14,Shape Of You,Ed Sheeran,5,1,12
2017-04-15,15,It Ain't Me,Kygo x Selena Gomez,6,2,4
2017-04-15,16,Big For Your Boots,Stormzy,10,2,6
2017-04-15,17,New Man,Ed Sheeran,11,5,5
2017-04-15,18,Dive,Ed Sheeran,12,4,5
2017-04-15,19,Barcelona,Ed Sheeran,14,10,5
2017-04-15,20,How Would You Feel (Paean),Ed Sheeran,15,11,4
2017-04-15,21,What Do I Know?,Ed Sheeran,16,10,5
2017-04-15,22,Eraser,Ed Sheeran,17,6,5
2017-04-15,23,Bibia Be Ye Ye,Ed Sheeran,18,14,5
2017-04-15,24,Shut Up,Stormzy,22,19,5
2017-04-15,25,Hearts Don't Break Around Here,Ed Sheeran,23,12,5
2017-04-22,1,Symphony,Clean Bandit Featuring Zara Larsson,-,1,1
2017-04-22,2,It Ain't Me,Kygo x Selena Gomez,15,2,5
2017-04-22,3,I Would Like,Zara Larsson,-,3,9
2017-04-22,4,KMT,Drake Featuring Giggs,-,4,1
2017-04-22,5,Big For Your Boots,Stormzy,16,2,7
2017-04-22,6,Fake Love,Drake,-,6,1
2017-04-22,7,Passionfruit,Drake,-,7,1
2017-04-22,8,Still Got Time,ZAYN Featuring PARTYNEXTDOOR,-,8,1
2017-04-22,9,Privacy,Chris Brown,-,9,1
2017-04-22,10,That's What I Like,Bruno Mars,-,10,2
2017-04-22,11,No Long Talk,Drake Featuring Giggs,-,11,1
2017-04-22,12,Rolex,Ayo & Teo,-,12,1
2017-04-22,13,Castle On The Hill,Ed Sheeran,-,2,9
2017-04-22,14,Issues,Julia Michaels,-,14,1
2017-04-22,15,Ciao Adios,Anne-Marie,-,4,3
2017-04-22,16,Get It Together,Drake Featuring Jorja Smith & Black Coffee,-,16,1
2017-04-22,17,Blem,Drake,-,17,1
2017-04-22,18,Best Behaviour,Louisa Johnson,-,18,1
2017-04-22,19,Green Light,Lorde,12,12,2
2017-04-22,20,Good Life,G-Eazy & Kehlani,-,20,1
2017-04-22,21,Never Forget You,Zara Larsson & MNEK,-,6,8
2017-04-22,22,Sacrifices,Drake Featuring 2 Chainz & Young Thug,-,22,1
2017-04-22,23,Portland,Drake Featuring Quavo & Travis Scott,-,23,1
2017-04-22,24,Gyalchester,Drake,-,24,1
2017-04-22,25,Touch,Little Mix,-,1,9
2017-04-29,1,Symphony,Clean Bandit Featuring Zara Larsson,1,1,2
2017-04-29,2,Saturnz Barz,Gorillaz Featuring Popcaan,-,2,1
2017-04-29,3,The Night We Met,Lord Huron,-,3,1
2017-04-29,4,Andromeda,Gorillaz Featuring D.R.A.M.,-,4,1
2017-04-29,5,It Ain't Me,Kygo x Selena Gomez,2,2,6
2017-04-29,6,I Would Like,Zara Larsson,3,3,10
2017-04-29,7,KMT,Drake Featuring Giggs,4,4,2
2017-04-29,8,Big For Your Boots,Stormzy,5,2,8
2017-04-29,9,Fake Love,Drake,6,6,2
2017-04-29,10,Passionfruit,Drake,7,7,2
2017-04-29,11,Still Got Time,ZAYN Featuring PARTYNEXTDOOR,8,8,2
2017-04-29,12,Privacy,Chris Brown,9,9,2
2017-04-29,13,That's What I Like,Bruno Mars,10,10,3
2017-04-29,14,No Long Talk,Drake Featuring Giggs,11,11,2
2017-04-29,15,Rolex,Ayo & Teo,12,12,2
2017-04-29,16,Castle On The Hill,Ed Sheeran,13,2,10
2017-04-29,17,Issues,Julia Michaels,14,14,2
2017-04-29,18,Ciao Adios,Anne-Marie,15,4,4
2017-04-29,19,Get It Together,Drake Featuring Jorja Smith & Black Coffee,16,16,2
2017-04-29,20,Blem,Drake,17,17,2
2017-04-29,21,Best Behaviour,Louisa Johnson,18,18,2
2017-04-29,22,Green Light,Lorde,19,12,3
2017-04-29,23,Good Life,G-Eazy & Kehlani,20,20,2
2017-04-29,24,Never Forget You,Zara Larsson & MNEK,21,6,9
2017-04-29,25,Sacrifices,Drake Featuring 2 Chainz & Young Thug,22,22,2
2017-05-06,1,Sign Of The Times,Harry Styles,-,1,1
2017-05-06,2,Humble.,Kendrick Lamar,-,2,1
2017-05-06,3,Symphony,Clean Bandit Featuring Zara Larsson,1,1,3
2017-05-06,4,Saturnz Barz,Gorillaz Featuring Popcaan,2,2,2
2017-05-06,5,The Night We Met,Lord Huron,3,3,2
2017-05-06,6,Andromeda,Gorillaz Featuring D.R.A.M.,4,4,2
2017-05-06,7,It Ain't Me,Kygo x Selena Gomez,5,2,7
2017-05-06,8,I Would Like,Zara Larsson,6,3,11
2017-05-06,9,KMT,Drake Featuring Giggs,7,4,3
2017-05-06,10,Big For Your Boots,Stormzy,8,2,9
2017-05-06,11,Fake Love,Drake,9,6,3
2017-05-06,12,Passionfruit,Drake,10,7,3
2017-05-06,13,Still Got Time,ZAYN Featuring PARTYNEXTDOOR,11,8,3
2017-05-06,14,Privacy,Chris Brown,12,9,3
2017-05-06,15,That's What I Like,Bruno Mars,13,10,4
2017-05-06,16,No Long Talk,Drake Featuring Giggs,14,11,3
2017-05-06,17,Rolex,Ayo & Teo,15,12,3
2017-05-06,18,Castle On The Hill,Ed Sheeran,16,2,11
2017-05-06,19,Issues,Julia Michaels,17,14,3
2017-05-06,20,Ciao Adios,Anne-Marie,18,4,5
2017-05-06,21,Get It Together,Drake Featuring Jorja Smith & Black Coffee,19,16,3
2017-05-06,22,Blem,Drake,20,17,3
2017-05-06,23,Best Behaviour,Louisa Johnson,21,18,3
2017-05-06,24,Green Light,Lorde,22,12,4
2017-05-06,25,Good Life,G-Eazy & Kehlani,23,20,3
2017-05-13,1,DNA.,Kendrick Lamar,-,1,1
2017-05-13,2,Fear.,Kendrick Lamar,-,2,1
2017-05-13,3,God.,Kendrick Lamar,-,3,1
2017-05-13,4,Did You See,J Hus,-,4,1
2017-05-13,5,The Cure,Lady Gaga,-,5,1
2017-05-13,6,Duckworth.,Kendrick Lamar,-,6,1
2017-05-13,7,Yah.,Kendrick Lamar,-,7,1
2017-05-13,8,Lust.,Kendrick Lamar,-,8,1
2017-05-13,9,Sign Of The Times,Harry Styles,1,1,2
2017-05-13,10,XO TOUR Llif3,Lil Uzi Vert,-,10,1
2017-05-13,11,Humble.,Kendrick Lamar,2,2,2
2017-05-13,12,Symphony,Clean Bandit Featuring Zara Larsson,3,1,4
2017-05-13,13,Saturnz Barz,Gorillaz Featuring Popcaan,4,2,3
2017-05-13,14,The Night We Met,Lord Huron,5,3,3
2017-05-13,15,Andromeda,Gorillaz Featuring D.R.A.M.,6,4,3
2017-05-13,16,It Ain't Me,Kygo x Selena Gomez,7,2,8
2017-05-13,17,I Would Like,Zara Larsson,8,3,12
2017-05-13,18,KMT,Drake Featuring Giggs,9,4,4
2017-05-13,19,Big For Your Boots,Stormzy,10,2,10
2017-05-13,20,Fake Love,Drake,11,6,4
2017-05-13,21,Passionfruit,Drake,12,7,4
2017-05-13,22,Still Got Time,ZAYN Featuring PARTYNEXTDOOR,13,8,4
2017-05-13,23,Privacy,Chris Brown,14,9,4
2017-05-13,24,That's What I Like,Bruno Mars,15,10,5
2017-05-13,25,No Long Talk,Drake Featuring Giggs,16,11,4
2017-05-20,1,Humble.,Kendrick Lamar,11,1,3
2017-05-20,2,She's My Collar,Gorillaz Featuring Kali Uchis,-,2,1
2017-05-20,3,Charger,Gorillaz Featuring Grace Jones,-,3,1
2017-05-20,4,Out Of Body,"Gorillaz Featuring Kilo Kish, Zebra Katz & Imani Vonsha",-,4,1
2017-05-20,5,Despacito,Luis Fonsi & Daddy Yankee Featuring Justin Bieber,-,5,1
2017-05-20,6,DNA.,Kendrick Lamar,1,1,2
2017-05-20,7,Fear.,Kendrick Lamar,2,2,2
2017-05-20,8,God.,Kendrick Lamar,3,3,2
2017-05-20,9,Did You See,J Hus,4,4,2
2017-05-20,10,The Cure,Lady Gaga,5,5,2
2017-05-20,11,Passionfruit,Drake,21,7,5
2017-05-20,12,Samantha,Dave Featuring J Hus,-,12,1
2017-05-20,13,Lust.,Kendrick Lamar,8,8,2
2017-05-20,14,Sign Of The Times,Harry Styles,9,1,3
2017-05-20,15,XO TOUR Llif3,Lil Uzi Vert,10,10,2
2017-05-20,16,Symphony,Clean Bandit Featuring Zara Larsson,12,1,5
2017-05-20,17,Saturnz Barz,Gorillaz Featuring Popcaan,13,2,4
2017-05-20,18,Strobelite,Gorillaz Featuring Peven Everett,-,18,1
2017-05-20,19,Andromeda,Gorillaz Featuring D.R.A.M.,15,4,4
2017-05-20,20,It Ain't Me,Kygo x Selena Gomez,16,2,9
2017-05-20,21,I Would Like,Zara Larsson,17,3,13
2017-05-20,22,KMT,Drake Featuring Giggs,18,4,5
2017-05-20,23,Big For Your Boots,Stormzy,19,2,11
2017-05-20,24,Fake Love,Drake,20,6,5
2017-05-20,25,Still Got Time,ZAYN Featuring PARTYNEXTDOOR,22,8,5
2017-05-27,1,Despacito,Luis Fonsi & Daddy Yankee Featuring Justin Bieber,5,1,2
2017-05-27,2,There's Nothing Holdin' Me Back,Shawn Mendes,-,2,1
2017-05-27,3,Sign Of The Times,Harry Styles,14,1,4
2017-05-27,4,Blue Is the Colour,Chelsea Football Club,-,4,1
2017-05-27,5,Attention,Charlie Puth,-,5,1
2017-05-27,6,XO TOUR Llif3,Lil Uzi Vert,15,6,3
2017-05-27,7,Run Up,Major Lazer Featuring PARTYNEXTDOOR & Nicki Minaj,-,4,4
2017-05-27,8,Common Sense,J Hus,-,8,1
2017-05-27,9,First Time,Kygo & Ellie Goulding,-,9,1
2017-05-27,10,Fisherman,J Hus Featuring MIST & Mostack,-,10,1
2017-05-27,11,Meet Me in the Hallway,Harry Styles,-,11,1
2017-05-27,12,Carolina,Harry Styles,-,12,1
2017-05-27,13,Bouff Daddy,J Hus,-,13,1
2017-05-27,14,The Cure,Lady Gaga,10,5,3
2017-05-27,15,24K Magic,Bruno Mars,-,1,18
2017-05-27,16,Only Angel,Harry Styles,-,16,1
2017-05-27,17,Ever Since New York,Harry Styles,-,17,1
2017-05-27,18,Plottin,J Hus,-,18,1
2017-05-27,19,Sweet Cheeks,J Hus,-,19,1
2017-05-27,20,Hard Times,Paramore,-,20,1
2017-05-27,21,Sweet Creature,Harry Styles,-,21,1
2017-05-27,22,Thinking Of A Place,The War on Drugs,-,22,1
2017-05-27,23,Fast Lane,Bad Meets Evil,-,23,1
2017-05-27,24,You're In Love With A Psycho,Kasabian,-,24,1
2017-05-27,25,Two Ghosts,Harry Styles,-,25,1
2017-06-03,1,Black Hole Sun,Soundgarden,-,1,1
2017-06-03,2,Like A Stone,Audioslave,-,2,1
2017-06-03,3,I Am The Highway,Audioslave,-,3,1
2017-06-03,4,Fell On Black Days,Soundgarden,-,4,1
2017-06-03,5,Sunshower,Chris Cornell,-,5,1
2017-06-03,6,The Day I Tried To Live,Soundgarden,-,6,1
2017-06-03,7,Slaves & Bulldozers,Soundgarden,-,7,1
2017-06-03,8,Despacito,Luis Fonsi & Daddy Yankee Featuring Justin Bieber,1,1,3
2017-06-03,9,There's Nothing Holdin' Me Back,Shawn Mendes,2,2,2
2017-06-03,10,Sign Of The Times,Harry Styles,3,1,5
2017-06-03,11,Attention,Charlie Puth,5,5,2
2017-06-03,12,XO TOUR Llif3,Lil Uzi Vert,6,6,4
2017-06-03,13,Run Up,Major Lazer Featuring PARTYNEXTDOOR & Nicki Minaj,7,4,5
2017-06-03,14,Common Sense,J Hus,8,8,2
2017-06-03,15,First Time,Kygo & Ellie Goulding,9,9,2
2017-06-03,16,Fisherman,J Hus Featuring MIST & Mostack,10,10,2
2017-06-03,17,Meet Me in the Hallway,Harry Styles,11,11,2
2017-06-03,18,Carolina,Harry Styles,12,12,2
2017-06-03,19,Bouff Daddy,J Hus,13,13,2
2017-06-03,20,The Cure,Lady Gaga,14,5,4
2017-06-03,21,24K Magic,Bruno Mars,15,1,19
2017-06-03,22,Only Angel,Harry Styles,16,16,2
2017-06-03,23,Ever Since New York,Harry Styles,17,17,2
2017-06-03,24,Plottin,J Hus,18,18,2
2017-06-03,25,Sweet Cheeks,J Hus,19,19,2
2017-06-10,1,Malibu,Miley Cyrus,-,1,1
2017-06-10,2,Stay,Zedd & Alessia Cara,-,2,2
2017-06-10,3,Did You See,J Hus,-,3,3
2017-06-10,4,Mama,Jonas Blue Featuring William Singe,-,4,1
2017-06-10,5,No Promises,Cheat Codes Featuring Demi Lovato,-,5,1
2017-06-10,6,Unforgettable,French Montana Featuring Swae Lee,-,6,1
2017-06-10,7,Look At Me!,XXXTENTACION,-,7,1
2017-06-10,8,Moonlight,Ariana Grande,-,2,19
2017-06-10,9,Slow Hands,Niall Horan,-,9,1
2017-06-10,10,Whatever It Takes,Imagine Dragons,-,10,1
2017-06-10,11,Bounce,Calvin Harris Featuring Kelis,-,11,1
2017-06-10,12,Mask Off,Future,-,8,2
2017-06-10,13,Now Or Never,Halsey,-,13,1
2017-06-10,14,Manhattan,Kings of Leon,-,14,1
2017-06-10,15,Black Hole Sun,Soundgarden,1,1,2
2017-06-10,16,Like A Stone,Audioslave,2,2,2
2017-06-10,17,I Am The Highway,Audioslave,3,3,2
2017-06-10,18,Fell On Black Days,Soundgarden,4,4,2
2017-06-10,19,Sunshower,Chris Cornell,5,5,2
2017-06-10,20,The Day I Tried To Live,Soundgarden,6,6,2
2017-06-10,21,Slaves & Bulldozers,Soundgarden,7,7,2
2017-06-10,22,Despacito,Luis Fonsi & Daddy Yankee Featuring Justin Bieber,8,1,4
2017-06-10,23,There's Nothing Holdin' Me Back,Shawn Mendes,9,2,3
2017-06-10,24,Sign Of The Times,Harry Styles,10,1,6
2017-06-10,25,Attention,Charlie Puth,11,5,3
2017-06-17,1,Despacito,Luis Fonsi & Daddy Yankee Featuring Justin Bieber,22,1,5
2017-06-17,2,Slow Hands,Niall Horan,9,2,2
2017-06-17,3,Bloodstream,The Chainsmokers,-,3,1
2017-06-17,4,I Have Questions,Camila Cabello,-,4,1
2017-06-17,5,Malibu,Miley Cyrus,1,1,2
2017-06-17,6,Stay,Zedd & Alessia Cara,2,2,3
2017-06-17,7,Did You See,J Hus,3,3,4
2017-06-17,8,Mama,Jonas Blue Featuring William Singe,4,4,2
2017-06-17,9,No Promises,Cheat Codes Featuring Demi Lovato,5,5,2
2017-06-17,10,Unforgettable,French Montana Featuring Swae Lee,6,6,2
2017-06-17,11,Look At Me!,XXXTENTACION,7,7,2
2017-06-17,12,Moonlight,Ariana Grande,8,2,20
2017-06-17,13,Whatever It Takes,Imagine Dragons,10,10,2
2017-06-17,14,Bounce,Calvin Harris Featuring Kelis,11,11,2
2017-06-17,15,Mask Off,Future,12,8,3
2017-06-17,16,Now Or Never,Halsey,13,13,2
2017-06-17,17,Manhattan,Kings of Leon,14,14,2
2017-06-17,18,There's Nothing Holdin' Me Back,Shawn Mendes,23,2,4
2017-06-17,19,Sign Of The Times,Harry Styles,24,1,7
2017-06-17,20,Attention,Charlie Puth,25,5,4
2017-06-17,21,Sing Me To Sleep,Alan Walker,-,21,2
2017-06-17,22,Fisherman,J Hus Featuring MIST & Mostack,-,10,3
2017-06-17,23,Ussy Ussy,MoStack,-,23,1
2017-06-17,24,Or Nah,Ty Dolla $ign Featuring Wiz Khalifa & DJ Mustard,-,24,1
2017-06-17,25,Peek A Boo,Lil Yachty Featuring Migos,-,25,1
2017-06-24,1,Don't Look Back In Anger,Oasis,-,1,1
2017-06-24,2,Don't Dream It's Over,Crowded House,-,2,1
2017-06-24,3,Viva La Vida,Coldplay,-,3,1
2017-06-24,4,Fix You,Coldplay,-,4,1
2017-06-24,5,Hide And Seek,Imogen Heap,-,5,1
2017-06-24,6,Live Forever,Oasis,-,6,1
2017-06-24,7,Somewhere Over The Rainbow,Ariana Grande,-,7,1
2017-06-24,8,Despacito,Luis Fonsi & Daddy Yankee Featuring Justin Bieber,1,1,6
2017-06-24,9,Timshel,Mumford & Sons,-,9,1
2017-06-24,10,Swish Swish,Katy Perry Featuring Nicki Minaj,-,10,1
2017-06-24,11,One Last Time,Ariana Grande,-,11,1
2017-06-24,12,Angels,Robbie Williams,-,12,1
2017-06-24,13,Slow Hands,Niall Horan,2,2,3
2017-06-24,14,Bloodstream,The Chainsmokers,3,3,2
2017-06-24,15,I Have Questions,Camila Cabello,4,4,2
2017-06-24,16,Malibu,Miley Cyrus,5,1,3
2017-06-24,17,Stay,Zedd & Alessia Cara,6,2,4
2017-06-24,18,Did You See,J Hus,7,3,5
2017-06-24,19,Mama,Jonas Blue Featuring William Singe,8,4,3
2017-06-24,20,No Promises,Cheat Codes Featuring Demi Lovato,9,5,3
2017-06-24,21,Unforgettable,French Montana Featuring Swae Lee,10,6,3
2017-06-24,22,Look At Me!,XXXTENTACION,11,7,3
2017-06-24,23,Moonlight,Ariana Grande,12,2,21
2017-06-24,24,Whatever It Takes,Imagine Dragons,13,10,3
2017-06-24,25,Bounce,Calvin Harris Featuring Kelis,14,11,3
2017-07-01,1,Attention,Charlie Puth,-,1,5
2017-07-01,2,Mask Off,Future,-,2,4
2017-07-01,3,Your Song,Rita Ora,-,3,1
2017-07-01,4,To The Max,DJ Khaled Featuring Drake,-,4,1
2017-07-01,5,Despacito,Luis Fonsi & Daddy Yankee Featuring Justin Bieber,8,1,7
2017-07-01,6,Don't Look Back In Anger,Oasis,1,1,2
2017-07-01,7,Don't Dream It's Over,Crowded House,2,2,2
2017-07-01,8,Viva La Vida,Coldplay,3,3,2
2017-07-01,9,Fix You,Coldplay,4,4,2
2017-07-01,10,Hide And Seek,Imogen Heap,5,5,2
2017-07-01,11,Live Forever,Oasis,6,6,2
2017-07-01,12,Somewhere Over The Rainbow,Ariana Grande,7,7,2
2017-07-01,13,Timshel,Mumford & Sons,9,9,2
2017-07-01,14,Swish Swish,Katy Perry Featuring Nicki Minaj,10,10,2
2017-07-01,15,One Last Time,Ariana Grande,11,11,2
2017-07-01,16,Angels,Robbie Williams,12,12,2
2017-07-01,17,Slow Hands,Niall Horan,13,2,4
2017-07-01,18,Bloodstream,The Chainsmokers,14,3,3
2017-07-01,19,I Have Questions,Camila Cabello,15,4,3
2017-07-01,20,Malibu,Miley Cyrus,16,1,4
2017-07-01,21,Stay,Zedd & Alessia Cara,17,2,5
2017-07-01,22,Did You See,J Hus,18,3,6
2017-07-01,23,Mama,Jonas Blue Featuring William Singe,19,4,4
2017-07-01,24,No Promises,Cheat Codes Featuring Demi Lovato,20,5,4
2017-07-01,25,Unforgettable,French Montana Featuring Swae Lee,21,6,4
2017-07-08,1,Despacito,Luis Fonsi & Daddy Yankee Featuring Justin Bieber,5,1,8
2017-07-08,2,No Surprises,Radiohead,-,2,1
2017-07-08,3,Monkey Wrench,Foo Fighters,-,3,1
2017-07-08,4,Airbag,Radiohead,-,4,1
2017-07-08,5,Wall Of Glass,Liam Gallagher,-,5,1
2017-07-08,6,Best Of You,Foo Fighters,-,6,1
2017-07-08,7,Mama,Jonas Blue Featuring William Singe,23,4,5
2017-07-08,8,Attention,Charlie Puth,1,1,6
2017-07-08,9,Exit Music (For A Film),Radiohead,-,9,1
2017-07-08,10,Paranoid Android,Radiohead,-,10,1
2017-07-08,11,Learn To Fly,Foo Fighters,-,11,1
2017-07-08,12,Mask Off,Future,2,2,5
2017-07-08,13,Your Song,Rita Ora,3,3,2
2017-07-08,14,To The Max,DJ Khaled Featuring Drake,4,4,2
2017-07-08,15,This Is A Call,Foo Fighters,-,15,1
2017-07-08,16,Swish Swish,Katy Perry Featuring Nicki Minaj,14,10,3
2017-07-08,17,One Last Time,Ariana Grande,15,11,3
2017-07-08,18,Angels,Robbie Williams,16,12,3
2017-07-08,19,Slow Hands,Niall Horan,17,2,5
2017-07-08,20,Bloodstream,The Chainsmokers,18,3,4
2017-07-08,21,I Have Questions,Camila Cabello,19,4,4
2017-07-08,22,Malibu,Miley Cyrus,20,1,5
2017-07-08,23,Stay,Zedd & Alessia Cara,21,2,6
2017-07-08,24,Did You See,J Hus,22,3,7
2017-07-08,25,No Promises,Cheat Codes Featuring Demi Lovato,24,5,5
2017-07-22,1,Despacito,Luis Fonsi & Daddy Yankee Featuring Justin Bieber,-,1,9
2017-07-22,2,Wild Thoughts,DJ Khaled Featuring Rihanna & Bryson Tiller,-,2,1
2017-07-22,3,Attention,Charlie Puth,4,1,8
2017-07-22,4,Green Light,Lorde,-,4,5
2017-07-22,5,I'm The One,"DJ Khaled Featuring Justin Bieber , Quavo , Chance the Rapper & Lil Wayne",-,5,1
2017-07-22,6,Feels,"Calvin Harris Featuring Pharrell Williams , Katy Perry & Big Sean",-,6,1
2017-07-22,7,Smile,Jay-Z Featuring Gloria Carter,-,7,1
2017-07-22,8,2U,David Guetta Featuring Justin Bieber,1,1,2
2017-07-22,9,Did You See,J Hus,2,2,9
2017-07-22,10,Aladdin,Not3s,3,3,2
2017-07-22,11,Wall Of Glass,Liam Gallagher,5,5,3
2017-07-22,12,Strip That Down,Liam Payne Featuring Quavo,-,12,1
2017-07-22,13,Mama,Jonas Blue Featuring William Singe,19,4,7
2017-07-22,14,Mask Off,Future,7,2,7
2017-07-22,15,Your Song,Rita Ora,8,3,4
2017-07-22,16,To The Max,DJ Khaled Featuring Drake,9,4,4
2017-07-22,17,Want You Back,Haim,24,17,2
2017-07-22,18,Swish Swish,Katy Perry Featuring Nicki Minaj,11,10,5
2017-07-22,19,One Last Time,Ariana Grande,12,11,5
2017-07-22,20,Slow Hands,Niall Horan,14,2,7
2017-07-22,21,Bloodstream,The Chainsmokers,15,3,6
2017-07-22,22,I Have Questions,Camila Cabello,16,4,6
2017-07-22,23,Malibu,Miley Cyrus,17,1,7
2017-07-22,24,Stay,Zedd & Alessia Cara,18,2,8
2017-07-22,25,No Promises,Cheat Codes Featuring Demi Lovato,20,5,7
2017-07-29,1,Feels,"Calvin Harris Featuring Pharrell Williams , Katy Perry & Big Sean",6,1,2
2017-07-29,2,New Rules,Dua Lipa,-,2,1
2017-07-29,3,The Story Of O.J.,Jay-Z,-,3,1
2017-07-29,4,Caught Their Eyes,Jay-Z Featuring Frank Ocean,-,4,1
2017-07-29,5,Moonlight,Jay-Z,-,5,1
2017-07-29,6,Legacy,Jay-Z,-,6,1
2017-07-29,7,It's Everyday Bro,Jake Paul Featuring Team 10,-,7,1
2017-07-29,8,All Around The World,Mura Masa Featuring Desiigner,-,8,1
2017-07-29,9,Despacito,Luis Fonsi & Daddy Yankee Featuring Justin Bieber,1,1,10
2017-07-29,10,Wild Thoughts,DJ Khaled Featuring Rihanna & Bryson Tiller,2,2,2
2017-07-29,11,Attention,Charlie Puth,3,1,9
2017-07-29,12,Green Light,Lorde,4,4,6
2017-07-29,13,I'm The One,"DJ Khaled Featuring Justin Bieber , Quavo , Chance the Rapper & Lil Wayne",5,5,2
2017-07-29,14,Smile,Jay-Z Featuring Gloria Carter,7,7,2
2017-07-29,15,2U,David Guetta Featuring Justin Bieber,8,1,3
2017-07-29,16,Did You See,J Hus,9,2,10
2017-07-29,17,Aladdin,Not3s,10,3,3
2017-07-29,18,Strip That Down,Liam Payne Featuring Quavo,12,12,2
2017-07-29,19,Mama,Jonas Blue Featuring William Singe,13,4,8
2017-07-29,20,Mask Off,Future,14,2,8
2017-07-29,21,Your Song,Rita Ora,15,3,5
2017-07-29,22,To The Max,DJ Khaled Featuring Drake,16,4,5
2017-07-29,23,Want You Back,Haim,17,17,3
2017-07-29,24,Swish Swish,Katy Perry Featuring Nicki Minaj,18,10,6
2017-07-29,25,One Last Time,Ariana Grande,19,11,6
2017-08-05,1,In The End,Linkin Park,-,1,1
2017-08-05,2,One More Light,Linkin Park,-,2,1
2017-08-05,3,Numb,Linkin Park,-,3,1
2017-08-05,4,By Myself,Linkin Park,-,4,1
2017-08-05,5,Invisible,Linkin Park,-,5,1
2017-08-05,6,Power,Little Mix Featuring Stormzy,-,6,1
2017-08-05,7,Battle Symphony,Linkin Park,-,7,1
2017-08-05,8,Forgotten,Linkin Park,-,8,1
2017-08-05,9,Halfway Right,Linkin Park,-,9,1
2017-08-05,10,Sharp Edges,Linkin Park,-,10,1
2017-08-05,11,Feels,"Calvin Harris Featuring Pharrell Williams , Katy Perry & Big Sean",1,1,3
2017-08-05,12,New Rules,Dua Lipa,2,2,2
2017-08-05,13,The Story Of O.J.,Jay-Z,3,3,2
2017-08-05,14,Caught Their Eyes,Jay-Z Featuring Frank Ocean,4,4,2
2017-08-05,15,Moonlight,Jay-Z,5,5,2
2017-08-05,16,Legacy,Jay-Z,6,6,2
2017-08-05,17,All Around The World,Mura Masa Featuring Desiigner,8,8,2
2017-08-05,18,Despacito,Luis Fonsi & Daddy Yankee Featuring Justin Bieber,9,1,11
2017-08-05,19,Wild Thoughts,DJ Khaled Featuring Rihanna & Bryson Tiller,10,2,3
2017-08-05,20,Back From the Edge,James Arthur,-,20,1
2017-08-05,21,Green Light,Lorde,12,4,7
2017-08-05,22,I'm The One,"DJ Khaled Featuring Justin Bieber , Quavo , Chance the Rapper & Lil Wayne",13,5,3
2017-08-05,23,Smile,Jay-Z Featuring Gloria Carter,14,7,3
2017-08-05,24,2U,David Guetta Featuring Justin Bieber,15,1,4
2017-08-05,25,Did You See,J Hus,16,2,11
2017-08-12,1,The Story Of O.J.,Jay-Z,13,1,3
2017-08-12,2,Bon Appetit,Katy Perry Featuring Migos,-,2,1
2017-08-12,3,Kill Jay Z,Jay-Z,-,3,1
2017-08-12,4,4:44,Jay-Z,-,4,1
2017-08-12,5,Despacito,Luis Fonsi & Daddy Yankee Featuring Justin Bieber,18,1,12
2017-08-12,6,Feels,"Calvin Harris Featuring Pharrell Williams , Katy Perry & Big Sean",11,1,4
2017-08-12,7,Heroin,Lana Del Rey,-,7,1
2017-08-12,8,Fetish,Selena Gomez Featuring Gucci Mane,-,8,1
2017-08-12,9,We Don't Deserve Love,Arcade Fire,-,9,1
2017-08-12,10,Bruce Wayne,Bugzy Malone,-,10,1
2017-08-12,11,13 Beaches,Lana Del Rey,-,11,1
2017-08-12,12,Cherry,Lana Del Rey,-,12,1
2017-08-12,13,Coachella - Woodstock In My Mind,Lana Del Rey,-,13,1
2017-08-12,14,Ciao Adios,Anne-Marie,-,4,6
2017-08-12,15,Manual de Trucos,Daddy Yankee,-,15,1
2017-08-12,16,Something Different,Why Don't We,-,16,1
2017-08-12,17,Edge Of The Night,Sheppard Featuring Sebastian Yatra,-,17,1
2017-08-12,18,Change,Lana Del Rey,-,18,1
2017-08-12,19,Bam,"Jay-Z Featuring Damian ""Jr. Gong"" Marely",-,19,1
2017-08-12,20,Wasted Acres,Grizzly Bear,-,20,1
2017-08-12,21,Family Feud,Jay-Z Featuring Beyonce,-,21,1
2017-08-12,22,Sky Took Hold,Grizzly Bear,-,22,1
2017-08-12,23,In The End,Linkin Park,1,1,2
2017-08-12,24,New Rules,Dua Lipa,12,2,3
2017-08-12,25,2U,David Guetta Featuring Justin Bieber,24,1,5
2017-08-19,1,Back To You,Louis Tomlinson Featuring Bebe Rexha & Digital Farm Animals,-,1,1
2017-08-19,2,The Story Of O.J.,Jay-Z,1,1,4
2017-08-19,3,Bon Appetit,Katy Perry Featuring Migos,2,2,2
2017-08-19,4,Kill Jay Z,Jay-Z,3,3,2
2017-08-19,5,4:44,Jay-Z,4,4,2
2017-08-19,6,Strip That Down,Liam Payne Featuring Quavo,-,6,3
2017-08-19,7,Despacito,Luis Fonsi & Daddy Yankee Featuring Justin Bieber,5,1,13
2017-08-19,8,Feels,"Calvin Harris Featuring Pharrell Williams , Katy Perry & Big Sean",6,1,5
2017-08-19,9,New Rules,Dua Lipa,24,2,4
2017-08-19,10,Fetish,Selena Gomez Featuring Gucci Mane,8,8,2
2017-08-19,11,We Don't Deserve Love,Arcade Fire,9,9,2
2017-08-19,12,Bruce Wayne,Bugzy Malone,10,10,2
2017-08-19,13,13 Beaches,Lana Del Rey,11,11,2
2017-08-19,14,2U,David Guetta Featuring Justin Bieber,25,1,6
2017-08-19,15,Coachella - Woodstock In My Mind,Lana Del Rey,13,13,2
2017-08-19,16,Ciao Adios,Anne-Marie,14,4,7
2017-08-19,17,Manual de Trucos,Daddy Yankee,15,15,2
2017-08-19,18,Something Different,Why Don't We,16,16,2
2017-08-19,19,Edge Of The Night,Sheppard Featuring Sebastian Yatra,17,17,2
2017-08-19,20,Change,Lana Del Rey,18,18,2
2017-08-19,21,Bam,"Jay-Z Featuring Damian ""Jr. Gong"" Marely",19,19,2
2017-08-19,22,Wasted Acres,Grizzly Bear,20,20,2
2017-08-19,23,Family Feud,Jay-Z Featuring Beyonce,21,21,2
2017-08-19,24,Sky Took Hold,Grizzly Bear,22,22,2
2017-08-19,25,In The End,Linkin Park,23,1,3
2017-08-26,1,Back To You,Louis Tomlinson Featuring Bebe Rexha & Digital Farm Animals,1,1,2
2017-08-26,2,Despacito,Luis Fonsi & Daddy Yankee Featuring Justin Bieber,7,1,14
2017-08-26,3,Your Song,Rita Ora,-,3,6
2017-08-26,4,Malibu,Miley Cyrus,-,1,8
2017-08-26,5,Crying In The Club,Camila Cabello,-,5,1
2017-08-26,6,Sun Comes Up,Rudimental Featuring James Arthur,-,6,1
2017-08-26,7,Big Picture,London Grammar,-,7,1
2017-08-26,8,The Story Of O.J.,Jay-Z,2,1,5
2017-08-26,9,Bon Appetit,Katy Perry Featuring Migos,3,2,3
2017-08-26,10,Kill Jay Z,Jay-Z,4,3,3
2017-08-26,11,4:44,Jay-Z,5,4,3
2017-08-26,12,Strip That Down,Liam Payne Featuring Quavo,6,6,4
2017-08-26,13,Feels,"Calvin Harris Featuring Pharrell Williams , Katy Perry & Big Sean",8,1,6
2017-08-26,14,New Rules,Dua Lipa,9,2,5
2017-08-26,15,Fetish,Selena Gomez Featuring Gucci Mane,10,8,3
2017-08-26,16,We Don't Deserve Love,Arcade Fire,11,9,3
2017-08-26,17,Bruce Wayne,Bugzy Malone,12,10,3
2017-08-26,18,13 Beaches,Lana Del Rey,13,11,3
2017-08-26,19,2U,David Guetta Featuring Justin Bieber,14,1,7
2017-08-26,20,Coachella - Woodstock In My Mind,Lana Del Rey,15,13,3
2017-08-26,21,Ciao Adios,Anne-Marie,16,4,8
2017-08-26,22,Manual de Trucos,Daddy Yankee,17,15,3
2017-08-26,23,Something Different,Why Don't We,18,16,3
2017-08-26,24,Edge Of The Night,Sheppard Featuring Sebastian Yatra,19,17,3
2017-08-26,25,Change,Lana Del Rey,20,18,3
2017-09-02,1,Friend Of Mine,Avicii Featuring Vargas & Lagola,-,1,1
2017-09-02,2,Back To You,Louis Tomlinson Featuring Bebe Rexha & Digital Farm Animals,1,1,3
2017-09-02,3,Despacito,Luis Fonsi & Daddy Yankee Featuring Justin Bieber,2,1,15
2017-09-02,4,Your Song,Rita Ora,3,3,7
2017-09-02,5,Malibu,Miley Cyrus,4,1,9
2017-09-02,6,Crying In The Club,Camila Cabello,5,5,2
2017-09-02,7,Sun Comes Up,Rudimental Featuring James Arthur,6,6,2
2017-09-02,8,Big Picture,London Grammar,7,7,2
2017-09-02,9,The Story Of O.J.,Jay-Z,8,1,6
2017-09-02,10,Bon Appetit,Katy Perry Featuring Migos,9,2,4
2017-09-02,11,Kill Jay Z,Jay-Z,10,3,4
2017-09-02,12,4:44,Jay-Z,11,4,4
2017-09-02,13,Strip That Down,Liam Payne Featuring Quavo,12,6,5
2017-09-02,14,Feels,"Calvin Harris Featuring Pharrell Williams , Katy Perry & Big Sean",13,1,7
2017-09-02,15,New Rules,Dua Lipa,14,2,6
2017-09-02,16,Fetish,Selena Gomez Featuring Gucci Mane,15,8,4
2017-09-02,17,We Don't Deserve Love,Arcade Fire,16,9,4
2017-09-02,18,Bruce Wayne,Bugzy Malone,17,10,4
2017-09-02,19,13 Beaches,Lana Del Rey,18,11,4
2017-09-02,20,2U,David Guetta Featuring Justin Bieber,19,1,8
2017-09-02,21,Coachella - Woodstock In My Mind,Lana Del Rey,20,13,4
2017-09-02,22,Ciao Adios,Anne-Marie,21,4,9
2017-09-02,23,Manual de Trucos,Daddy Yankee,22,15,4
2017-09-02,24,Something Different,Why Don't We,23,16,4
2017-09-02,25,Edge Of The Night,Sheppard Featuring Sebastian Yatra,24,17,4
2017-09-09,1,Swish Swish,Katy Perry Featuring Nicki Minaj,-,1,7
2017-09-09,2,Instruction,Jax Jones Featuring Demi Lovato & Stefflon Don,-,2,1
2017-09-09,3,Something Just Like This,The Chainsmokers & Coldplay,-,2,5
2017-09-09,4,No Promises,Cheat Codes Featuring Demi Lovato,-,4,8
2017-09-09,5,New Rules,Dua Lipa,15,2,7
2017-09-09,6,Ego,Rag'n'Bone Man,-,6,1
2017-09-09,7,Hard Feelings/Loveless,Lorde,-,7,1
2017-09-09,8,Friend Of Mine,Avicii Featuring Vargas & Lagola,1,1,2
2017-09-09,9,Back To You,Louis Tomlinson Featuring Bebe Rexha & Digital Farm Animals,2,1,4
2017-09-09,10,Despacito,Luis Fonsi & Daddy Yankee Featuring Justin Bieber,3,1,16
2017-09-09,11,Your Song,Rita Ora,4,3,8
2017-09-09,12,Malibu,Miley Cyrus,5,1,10
2017-09-09,13,Crying In The Club,Camila Cabello,6,5,3
2017-09-09,14,Sun Comes Up,Rudimental Featuring James Arthur,7,6,3
2017-09-09,15,The Story Of O.J.,Jay-Z,9,1,7
2017-09-09,16,Bon Appetit,Katy Perry Featuring Migos,10,2,5
2017-09-09,17,Kill Jay Z,Jay-Z,11,3,5
2017-09-09,18,4:44,Jay-Z,12,4,5
2017-09-09,19,Strip That Down,Liam Payne Featuring Quavo,13,6,6
2017-09-09,20,Feels,"Calvin Harris Featuring Pharrell Williams , Katy Perry & Big Sean",14,1,8
2017-09-09,21,Fetish,Selena Gomez Featuring Gucci Mane,16,8,5
2017-09-09,22,We Don't Deserve Love,Arcade Fire,17,9,5
2017-09-09,23,Bruce Wayne,Bugzy Malone,18,10,5
2017-09-09,24,13 Beaches,Lana Del Rey,19,11,5
2017-09-09,25,2U,David Guetta Featuring Justin Bieber,20,1,9
2017-09-16,1,Swish Swish,Katy Perry Featuring Nicki Minaj,1,1,8
2017-09-16,2,A L I E N S,Coldplay,-,2,1
2017-09-16,3,Silence,Marshmello Featuring Khalid,-,3,1
2017-09-16,4,Anyone Else,Pvris,-,4,1
2017-09-16,5,Rille,Celo & Abdi,-,5,1
2017-09-16,6,Instruction,Jax Jones Featuring Demi Lovato & Stefflon Don,2,2,2
2017-09-16,7,Something Just Like This,The Chainsmokers & Coldplay,3,2,6
2017-09-16,8,No Promises,Cheat Codes Featuring Demi Lovato,4,4,9
2017-09-16,9,New Rules,Dua Lipa,5,2,8
2017-09-16,10,Ego,Rag'n'Bone Man,6,6,2
2017-09-16,11,Hard Feelings/Loveless,Lorde,7,7,2
2017-09-16,12,Friend Of Mine,Avicii Featuring Vargas & Lagola,8,1,3
2017-09-16,13,Back To You,Louis Tomlinson Featuring Bebe Rexha & Digital Farm Animals,9,1,5
2017-09-16,14,Despacito,Luis Fonsi & Daddy Yankee Featuring Justin Bieber,10,1,17
2017-09-16,15,Your Song,Rita Ora,11,3,9
2017-09-16,16,Malibu,Miley Cyrus,12,1,11
2017-09-16,17,Crying In The Club,Camila Cabello,13,5,4
2017-09-16,18,Sun Comes Up,Rudimental Featuring James Arthur,14,6,4
2017-09-16,19,The Story Of O.J.,Jay-Z,15,1,8
2017-09-16,20,Bon Appetit,Katy Perry Featuring Migos,16,2,6
2017-09-16,21,Kill Jay Z,Jay-Z,17,3,6
2017-09-16,22,4:44,Jay-Z,18,4,6
2017-09-16,23,Strip That Down,Liam Payne Featuring Quavo,19,6,7
2017-09-16,24,Feels,"Calvin Harris Featuring Pharrell Williams , Katy Perry & Big Sean",20,1,9
2017-09-16,25,Fetish,Selena Gomez Featuring Gucci Mane,21,8,6
2017-09-23,1,Look What You Made Me Do,Taylor Swift,-,1,1
2017-09-23,2,Oh Baby,LCD Soundsystem,-,2,1
2017-09-23,3,Tidal Wave,Sub Focus Featuring Alpines,-,3,1
2017-09-23,4,Sorry,Nothing But Thieves,-,4,1
2017-09-23,5,First Time,Kygo & Ellie Goulding,-,5,3
2017-09-23,6,St. Patrick,Pvris,-,6,1
2017-09-23,7,People Who Eat Darkness,Steven Wilson,-,7,1
2017-09-23,8,Detonation,Steven Wilson,-,8,1
2017-09-23,9,No Man Is An Island,The Script,-,9,1
2017-09-23,10,Song of I,Steven Wilson Featuring Sophie Hunger,-,10,1
2017-09-23,11,Jocelyn Flores,XXXTENTACION,-,11,1
2017-09-23,12,Swish Swish,Katy Perry Featuring Nicki Minaj,1,1,9
2017-09-23,13,A L I E N S,Coldplay,2,2,2
2017-09-23,14,Silence,Marshmello Featuring Khalid,3,3,2
2017-09-23,15,Anyone Else,Pvris,4,4,2
2017-09-23,16,Rille,Celo & Abdi,5,5,2
2017-09-23,17,Instruction,Jax Jones Featuring Demi Lovato & Stefflon Don,6,2,3
2017-09-23,18,Something Just Like This,The Chainsmokers & Coldplay,7,2,7
2017-09-23,19,No Promises,Cheat Codes Featuring Demi Lovato,8,4,10
2017-09-23,20,New Rules,Dua Lipa,9,2,9
2017-09-23,21,Ego,Rag'n'Bone Man,10,6,3
2017-09-23,22,Hard Feelings/Loveless,Lorde,11,7,3
2017-09-23,23,Friend Of Mine,Avicii Featuring Vargas & Lagola,12,1,4
2017-09-23,24,Back To You,Louis Tomlinson Featuring Bebe Rexha & Digital Farm Animals,13,1,6
2017-09-23,25,Despacito,Luis Fonsi & Daddy Yankee Featuring Justin Bieber,14,1,18
2017-09-30,1,...Ready For It?,Taylor Swift,-,1,1
2017-09-30,2,Loyalty.,Kendrick Lamar Featuring Rihanna,-,2,1
2017-09-30,3,Day I Die,The National,-,3,1
2017-09-30,4,Nobody Else Will be There,The National,-,4,1
2017-09-30,5,Look What You Made Me Do,Taylor Swift,1,1,2
2017-09-30,6,Oh Baby,LCD Soundsystem,2,2,2
2017-09-30,7,Too Good At Goodbyes,Sam Smith,-,7,1
2017-09-30,8,Turtleneck,The National,-,8,1
2017-09-30,9,Tidal Wave,Sub Focus Featuring Alpines,3,3,2
2017-09-30,10,Sorry,Nothing But Thieves,4,4,2
2017-09-30,11,First Time,Kygo & Ellie Goulding,5,5,4
2017-09-30,12,St. Patrick,Pvris,6,6,2
2017-09-30,13,People Who Eat Darkness,Steven Wilson,7,7,2
2017-09-30,14,Detonation,Steven Wilson,8,8,2
2017-09-30,15,No Man Is An Island,The Script,9,9,2
2017-09-30,16,Song of I,Steven Wilson Featuring Sophie Hunger,10,10,2
2017-09-30,17,Jocelyn Flores,XXXTENTACION,11,11,2
2017-09-30,18,Swish Swish,Katy Perry Featuring Nicki Minaj,12,1,10
2017-09-30,19,A L I E N S,Coldplay,13,2,3
2017-09-30,20,Silence,Marshmello Featuring Khalid,14,3,3
2017-09-30,21,Anyone Else,Pvris,15,4,3
2017-09-30,22,Rille,Celo & Abdi,16,5,3
2017-09-30,23,Instruction,Jax Jones Featuring Demi Lovato & Stefflon Don,17,2,4
2017-09-30,24,Something Just Like This,The Chainsmokers & Coldplay,18,2,8
2017-09-30,25,No Promises,Cheat Codes Featuring Demi Lovato,19,4,11
2017-10-07,1,Too Good At Goodbyes,Sam Smith,7,1,2
2017-10-07,2,Swish Swish,Katy Perry Featuring Nicki Minaj,18,1,11
2017-10-07,3,The Sky Is A Neighborhood,Foo Fighters,-,3,1
2017-10-07,4,...Ready For It?,Taylor Swift,1,1,2
2017-10-07,5,Loyalty.,Kendrick Lamar Featuring Rihanna,2,2,2
2017-10-07,6,Day I Die,The National,3,3,2
2017-10-07,7,Nobody Else Will be There,The National,4,4,2
2017-10-07,8,Look What You Made Me Do,Taylor Swift,5,1,3
2017-10-07,9,Oh Baby,LCD Soundsystem,6,2,3
2017-10-07,10,Turtleneck,The National,8,8,2
2017-10-07,11,Tidal Wave,Sub Focus Featuring Alpines,9,3,3
2017-10-07,12,Sorry,Nothing But Thieves,10,4,3
2017-10-07,13,First Time,Kygo & Ellie Goulding,11,5,5
2017-10-07,14,St. Patrick,Pvris,12,6,3
2017-10-07,15,Detonation,Steven Wilson,14,8,3
2017-10-07,16,No Man Is An Island,The Script,15,9,3
2017-10-07,17,Song of I,Steven Wilson Featuring Sophie Hunger,16,10,3
2017-10-07,18,Jocelyn Flores,XXXTENTACION,17,11,3
2017-10-07,19,A L I E N S,Coldplay,19,2,4
2017-10-07,20,Silence,Marshmello Featuring Khalid,20,3,4
2017-10-07,21,Anyone Else,Pvris,21,4,4
2017-10-07,22,Rille,Celo & Abdi,22,5,4
2017-10-07,23,Instruction,Jax Jones Featuring Demi Lovato & Stefflon Don,23,2,5
2017-10-07,24,Something Just Like This,The Chainsmokers & Coldplay,24,2,9
2017-10-07,25,People Who Eat Darkness,Steven Wilson,13,7,3
2017-10-14,1,Too Good At Goodbyes,Sam Smith,1,1,3
2017-10-14,2,Bloom,Radiohead,-,2,1
2017-10-14,3,...Ready For It?,Taylor Swift,4,1,3
2017-10-14,4,Swish Swish,Katy Perry Featuring Nicki Minaj,2,1,12
2017-10-14,5,The Sky Is A Neighborhood,Foo Fighters,3,3,2
2017-10-14,6,Loyalty.,Kendrick Lamar Featuring Rihanna,5,2,3
2017-10-14,7,Look What You Made Me Do,Taylor Swift,8,1,4
2017-10-14,8,Oh Baby,LCD Soundsystem,9,2,4
2017-10-14,9,Turtleneck,The National,10,8,3
2017-10-14,10,Tidal Wave,Sub Focus Featuring Alpines,11,3,4
2017-10-14,11,Sorry,Nothing But Thieves,12,4,4
2017-10-14,12,First Time,Kygo & Ellie Goulding,13,5,6
2017-10-14,13,St. Patrick,Pvris,14,6,4
2017-10-14,14,Detonation,Steven Wilson,15,8,4
2017-10-14,15,No Man Is An Island,The Script,16,9,4
2017-10-14,16,Song of I,Steven Wilson Featuring Sophie Hunger,17,10,4
2017-10-14,17,Jocelyn Flores,XXXTENTACION,18,11,4
2017-10-14,18,A L I E N S,Coldplay,19,2,5
2017-10-14,19,Silence,Marshmello Featuring Khalid,20,3,5
2017-10-14,20,Anyone Else,Pvris,21,4,5
2017-10-14,21,Rille,Celo & Abdi,22,5,5
2017-10-14,22,Instruction,Jax Jones Featuring Demi Lovato & Stefflon Don,23,2,6
2017-10-14,23,Nobody Else Will be There,The National,7,4,3
2017-10-14,24,Something Just Like This,The Chainsmokers & Coldplay,24,2,10
2017-10-14,25,Day I Die,The National,6,3,3
2017-10-21,1,Learning To Fly,Tom Petty And The Heartbreakers,-,1,1
2017-10-21,2,I Won't Back Down,Tom Petty,-,2,1
2017-10-21,3,Too Good At Goodbyes,Sam Smith,1,1,4
2017-10-21,4,Bloom,Radiohead,2,2,2
2017-10-21,5,...Ready For It?,Taylor Swift,3,1,4
2017-10-21,6,Wildflowers,Tom Petty,-,6,1
2017-10-21,7,"Walls (From ""She's The One"")",Tom Petty And The Heartbreakers,-,7,1
2017-10-21,8,Into The Great Wide Open,Tom Petty And The Heartbreakers,-,8,1
2017-10-21,9,Refugee,Tom Petty And The Heartbreakers,-,9,1
2017-10-21,10,Swish Swish,Katy Perry Featuring Nicki Minaj,4,1,13
2017-10-21,11,The Sky Is A Neighborhood,Foo Fighters,5,3,3
2017-10-21,12,Loyalty.,Kendrick Lamar Featuring Rihanna,6,2,4
2017-10-21,13,Look What You Made Me Do,Taylor Swift,7,1,5
2017-10-21,14,Oh Baby,LCD Soundsystem,8,2,5
2017-10-21,15,Turtleneck,The National,9,8,4
2017-10-21,16,Tidal Wave,Sub Focus Featuring Alpines,10,3,5
2017-10-21,17,Sorry,Nothing But Thieves,11,4,5
2017-10-21,18,First Time,Kygo & Ellie Goulding,12,5,7
2017-10-21,19,St. Patrick,Pvris,13,6,5
2017-10-21,20,Detonation,Steven Wilson,14,8,5
2017-10-21,21,No Man Is An Island,The Script,15,9,5
2017-10-21,22,Rille,Celo & Abdi,21,5,6
2017-10-21,23,Instruction,Jax Jones Featuring Demi Lovato & Stefflon Don,22,2,7
2017-10-21,24,Silence,Marshmello Featuring Khalid,19,3,6
2017-10-21,25,Anyone Else,Pvris,20,4,6
2017-10-28,1,New Rules,Dua Lipa,-,1,10
2017-10-28,2,Bodak Yellow (Money Moves),Cardi B,-,2,1
2017-10-28,3,Rockstar,Post Malone Featuring 21 Savage,-,3,1
2017-10-28,4,Too Good At Goodbyes,Sam Smith,3,1,5
2017-10-28,5,Bloom,Radiohead,4,2,3
2017-10-28,6,...Ready For It?,Taylor Swift,5,1,5
2017-10-28,7,Swish Swish,Katy Perry Featuring Nicki Minaj,10,1,14
2017-10-28,8,The Sky Is A Neighborhood,Foo Fighters,11,3,4
2017-10-28,9,Loyalty.,Kendrick Lamar Featuring Rihanna,12,2,5
2017-10-28,10,Look What You Made Me Do,Taylor Swift,13,1,6
2017-10-28,11,Oh Baby,LCD Soundsystem,14,2,6
2017-10-28,12,Turtleneck,The National,15,8,5
2017-10-28,13,Tidal Wave,Sub Focus Featuring Alpines,16,3,6
2017-10-28,14,Sorry,Nothing But Thieves,17,4,6
2017-10-28,15,First Time,Kygo & Ellie Goulding,18,5,8
2017-10-28,16,St. Patrick,Pvris,19,6,6
2017-10-28,17,Detonation,Steven Wilson,20,8,6
2017-10-28,18,No Man Is An Island,The Script,21,9,6
2017-10-28,19,Song of I,Steven Wilson Featuring Sophie Hunger,-,10,5
2017-10-28,20,Jocelyn Flores,XXXTENTACION,-,11,5
2017-10-28,21,A L I E N S,Coldplay,-,2,6
2017-10-28,22,Silence,Marshmello Featuring Khalid,24,3,7
2017-10-28,23,Anyone Else,Pvris,25,4,7
2017-10-28,24,Rille,Celo & Abdi,22,5,7
2017-10-28,25,Instruction,Jax Jones Featuring Demi Lovato & Stefflon Don,23,2,8
2017-11-04,1,Ahead By A Century,The Tragically Hip,-,1,2
2017-11-04,2,Courage,The Tragically Hip,-,2,1
2017-11-04,3,Long Time Running,The Tragically Hip,-,3,1
2017-11-04,4,"Grace, Too",The Tragically Hip,-,4,1
2017-11-04,5,Bobcaygeon,The Tragically Hip,-,5,2
2017-11-04,6,Blow At High Dough,The Tragically Hip,-,6,3
2017-11-04,7,Nautical Disaster,The Tragically Hip,-,7,2
2017-11-04,8,Fiddler's Green,The Tragically Hip,-,8,1
2017-11-04,9,Scared,The Tragically Hip,-,9,1
2017-11-04,10,38 Years Old,The Tragically Hip,-,10,1
2017-11-04,11,At The Hundredth Meridian,The Tragically Hip,-,11,1
2017-11-04,12,Wheat Kings,The Tragically Hip,-,12,1
2017-11-04,13,New Orleans Is Sinking,The Tragically Hip,-,13,1
2017-11-04,14,A Different Corner,George Michael,-,14,1
2017-11-04,15,It's A Good Life If You Don't Weaken,The Tragically Hip,-,15,1
2017-11-04,16,New Rules,Dua Lipa,1,1,11
2017-11-04,17,Bodak Yellow (Money Moves),Cardi B,2,2,2
2017-11-04,18,Rockstar,Post Malone Featuring 21 Savage,3,3,2
2017-11-04,19,Too Good At Goodbyes,Sam Smith,4,1,6
2017-11-04,20,Bloom,Radiohead,5,2,4
2017-11-04,21,...Ready For It?,Taylor Swift,6,1,6
2017-11-04,22,Swish Swish,Katy Perry Featuring Nicki Minaj,7,1,15
2017-11-04,23,The Sky Is A Neighborhood,Foo Fighters,8,3,5
2017-11-04,24,Loyalty.,Kendrick Lamar Featuring Rihanna,9,2,6
2017-11-04,25,Look What You Made Me Do,Taylor Swift,10,1,7
2017-11-11,1,Havana,Camila Cabello Featuring Young Thug,-,1,1
2017-11-11,2,Blueberry Hill,Fats Domino,-,2,1
2017-11-11,3,Bobcaygeon,The Tragically Hip,5,3,3
2017-11-11,4,New Rules,Dua Lipa,16,1,12
2017-11-11,5,Bodak Yellow (Money Moves),Cardi B,17,2,3
2017-11-11,6,Rockstar,Post Malone Featuring 21 Savage,18,3,3
2017-11-11,7,Too Good At Goodbyes,Sam Smith,19,1,7
2017-11-11,8,Bloom,Radiohead,20,2,5
2017-11-11,9,...Ready For It?,Taylor Swift,21,1,7
2017-11-11,10,Swish Swish,Katy Perry Featuring Nicki Minaj,22,1,16
2017-11-11,11,The Sky Is A Neighborhood,Foo Fighters,23,3,6
2017-11-11,12,Loyalty.,Kendrick Lamar Featuring Rihanna,24,2,7
2017-11-11,13,Look What You Made Me Do,Taylor Swift,25,1,8
2017-11-11,14,Oh Baby,LCD Soundsystem,-,2,7
2017-11-11,15,Turtleneck,The National,-,8,6
2017-11-11,16,Tidal Wave,Sub Focus Featuring Alpines,-,3,7
2017-11-11,17,Sorry,Nothing But Thieves,-,4,7
2017-11-11,18,First Time,Kygo & Ellie Goulding,-,5,9
2017-11-11,19,St. Patrick,Pvris,-,6,7
2017-11-11,20,Jocelyn Flores,XXXTENTACION,-,11,6
2017-11-11,21,A L I E N S,Coldplay,-,2,7
2017-11-11,22,Silence,Marshmello Featuring Khalid,-,3,8
2017-11-11,23,Anyone Else,Pvris,-,4,8
2017-11-11,24,Rille,Celo & Abdi,-,5,8
2017-11-11,25,Instruction,Jax Jones Featuring Demi Lovato & Stefflon Don,-,2,9
2017-11-18,1,Havana,Camila Cabello Featuring Young Thug,1,1,2
2017-11-18,2,New Rules,Dua Lipa,4,1,13
2017-11-18,3,Bodak Yellow (Money Moves),Cardi B,5,2,4
2017-11-18,4,Creature Comfort,Arcade Fire,-,4,1
2017-11-18,5,Rockstar,Post Malone Featuring 21 Savage,6,3,4
2017-11-18,6,Too Good At Goodbyes,Sam Smith,7,1,8
2017-11-18,7,Bloom,Radiohead,8,2,6
2017-11-18,8,...Ready For It?,Taylor Swift,9,1,8
2017-11-18,9,Swish Swish,Katy Perry Featuring Nicki Minaj,10,1,17
2017-11-18,10,The Sky Is A Neighborhood,Foo Fighters,11,3,7
2017-11-18,11,Loyalty.,Kendrick Lamar Featuring Rihanna,12,2,8
2017-11-18,12,Look What You Made Me Do,Taylor Swift,13,1,9
2017-11-18,13,Oh Baby,LCD Soundsystem,14,2,8
2017-11-18,14,Turtleneck,The National,15,8,7
2017-11-18,15,Tidal Wave,Sub Focus Featuring Alpines,16,3,8
2017-11-18,16,Sorry,Nothing But Thieves,17,4,8
2017-11-18,17,First Time,Kygo & Ellie Goulding,18,5,10
2017-11-18,18,St. Patrick,Pvris,19,6,8
2017-11-18,19,Jocelyn Flores,XXXTENTACION,20,11,7
2017-11-18,20,A L I E N S,Coldplay,21,2,8
2017-11-18,21,Silence,Marshmello Featuring Khalid,22,3,9
2017-11-18,22,Anyone Else,Pvris,23,4,9
2017-11-18,23,Rille,Celo & Abdi,24,5,9
2017-11-18,24,Instruction,Jax Jones Featuring Demi Lovato & Stefflon Don,25,2,10
2017-11-18,25,Bobcaygeon,The Tragically Hip,3,3,4
2017-11-25,1,Too Good At Goodbyes,Sam Smith,6,1,9
2017-11-25,2,...Ready For It?,Taylor Swift,8,1,9
2017-11-25,3,I Miss You,Clean Bandit Featuring Julia Michaels,-,3,1
2017-11-25,4,Look What You Made Me Do,Taylor Swift,12,1,10
2017-11-25,5,You & I (Forever),Jessie Ware,-,5,1
2017-11-25,6,Congratulations,Post Malone Featuring Quavo,-,6,7
2017-11-25,7,Shed A Light,Robin Schulz & David Guetta & Cheat Codes,-,7,3
2017-11-25,8,Getaway Car,Taylor Swift,-,8,1
2017-11-25,9,Delicate,Taylor Swift,-,9,1
2017-11-25,10,Havana,Camila Cabello Featuring Young Thug,1,1,3
2017-11-25,11,New Rules,Dua Lipa,2,1,14
2017-11-25,12,Bodak Yellow (Money Moves),Cardi B,3,2,5
2017-11-25,13,Creature Comfort,Arcade Fire,4,4,2
2017-11-25,14,Rockstar,Post Malone Featuring 21 Savage,5,3,5
2017-11-25,15,Swish Swish,Katy Perry Featuring Nicki Minaj,9,1,18
2017-11-25,16,The Sky Is A Neighborhood,Foo Fighters,10,3,8
2017-11-25,17,Loyalty.,Kendrick Lamar Featuring Rihanna,11,2,9
2017-11-25,18,Oh Baby,LCD Soundsystem,13,2,9
2017-11-25,19,Turtleneck,The National,14,8,8
2017-11-25,20,Tidal Wave,Sub Focus Featuring Alpines,15,3,9
2017-11-25,21,Sorry,Nothing But Thieves,16,4,9
2017-11-25,22,First Time,Kygo & Ellie Goulding,17,5,11
2017-11-25,23,St. Patrick,Pvris,18,6,9
2017-11-25,24,Jocelyn Flores,XXXTENTACION,19,11,8
2017-11-25,25,A L I E N S,Coldplay,20,2,9
2017-12-02,1,Rockstar,Post Malone Featuring 21 Savage,14,1,6
2017-12-02,2,End Game,Taylor Swift Featuring Ed Sheeran & Future,-,2,1
2017-12-02,3,I Fall Apart,Post Malone,-,3,1
2017-12-02,4,Dress,Taylor Swift,-,4,1
2017-12-02,5,Patient,Post Malone,-,5,1
2017-12-02,6,New Year's Day,Taylor Swift,-,6,1
2017-12-02,7,Silence,Marshmello Featuring Khalid,-,3,10
2017-12-02,8,Too Good At Goodbyes,Sam Smith,1,1,10
2017-12-02,9,...Ready For It?,Taylor Swift,2,1,10
2017-12-02,10,I Miss You,Clean Bandit Featuring Julia Michaels,3,3,2
2017-12-02,11,Look What You Made Me Do,Taylor Swift,4,1,11
2017-12-02,12,You & I (Forever),Jessie Ware,5,5,2
2017-12-02,13,Congratulations,Post Malone Featuring Quavo,6,6,8
2017-12-02,14,Shed A Light,Robin Schulz & David Guetta & Cheat Codes,7,7,4
2017-12-02,15,Getaway Car,Taylor Swift,8,8,2
2017-12-02,16,Delicate,Taylor Swift,9,9,2
2017-12-02,17,Havana,Camila Cabello Featuring Young Thug,10,1,4
2017-12-02,18,New Rules,Dua Lipa,11,1,15
2017-12-02,19,Bodak Yellow (Money Moves),Cardi B,12,2,6
2017-12-02,20,Creature Comfort,Arcade Fire,13,4,3
2017-12-02,21,Swish Swish,Katy Perry Featuring Nicki Minaj,15,1,19
2017-12-02,22,The Sky Is A Neighborhood,Foo Fighters,16,3,9
2017-12-02,23,Loyalty.,Kendrick Lamar Featuring Rihanna,17,2,10
2017-12-02,24,Oh Baby,LCD Soundsystem,18,2,10
2017-12-02,25,Turtleneck,The National,19,8,9
2017-12-09,1,Spent The Day In Bed,Morrissey,-,1,1
2017-12-09,2,Havana,Camila Cabello Featuring Young Thug,17,1,5
2017-12-09,3,Rockstar,Post Malone Featuring 21 Savage,1,1,7
2017-12-09,4,End Game,Taylor Swift Featuring Ed Sheeran & Future,2,2,2
2017-12-09,5,I Fall Apart,Post Malone,3,3,2
2017-12-09,6,Dress,Taylor Swift,4,4,2
2017-12-09,7,Patient,Post Malone,5,5,2
2017-12-09,8,New Year's Day,Taylor Swift,6,6,2
2017-12-09,9,Silence,Marshmello Featuring Khalid,7,3,11
2017-12-09,10,Too Good At Goodbyes,Sam Smith,8,1,11
2017-12-09,11,...Ready For It?,Taylor Swift,9,1,11
2017-12-09,12,I Miss You,Clean Bandit Featuring Julia Michaels,10,3,3
2017-12-09,13,Look What You Made Me Do,Taylor Swift,11,1,12
2017-12-09,14,You & I (Forever),Jessie Ware,12,5,3
2017-12-09,15,Congratulations,Post Malone Featuring Quavo,13,6,9
2017-12-09,16,Shed A Light,Robin Schulz & David Guetta & Cheat Codes,14,7,5
2017-12-09,17,Getaway Car,Taylor Swift,15,8,3
2017-12-09,18,Delicate,Taylor Swift,16,9,3
2017-12-09,19,Oh Baby,LCD Soundsystem,24,2,11
2017-12-09,20,New Rules,Dua Lipa,18,1,16
2017-12-09,21,Bodak Yellow (Money Moves),Cardi B,19,2,7
2017-12-09,22,Creature Comfort,Arcade Fire,20,4,4
2017-12-09,23,Swish Swish,Katy Perry Featuring Nicki Minaj,21,1,20
2017-12-09,24,The Sky Is A Neighborhood,Foo Fighters,22,3,10
2017-12-09,25,Loyalty.,Kendrick Lamar Featuring Rihanna,23,2,11
2017-12-16,1,Havana,Camila Cabello Featuring Young Thug,2,1,6
2017-12-16,2,Man's Not Hot,Big Shaq,-,2,1
2017-12-16,3,Perfect,Ed Sheeran,-,1,6
2017-12-16,4,Gucci Gang,Lil Pump,-,4,1
2017-12-16,5,Lemon,N*E*R*D & Rihanna,-,5,1
2017-12-16,6,Spent The Day In Bed,Morrissey,1,1,2
2017-12-16,7,Rockstar,Post Malone Featuring 21 Savage,3,1,8
2017-12-16,8,End Game,Taylor Swift Featuring Ed Sheeran & Future,4,2,3
2017-12-16,9,I Fall Apart,Post Malone,5,3,3
2017-12-16,10,Dress,Taylor Swift,6,4,3
2017-12-16,11,Patient,Post Malone,7,5,3
2017-12-16,12,New Year's Day,Taylor Swift,8,6,3
2017-12-16,13,Silence,Marshmello Featuring Khalid,9,3,12
2017-12-16,14,Too Good At Goodbyes,Sam Smith,10,1,12
2017-12-16,15,...Ready For It?,Taylor Swift,11,1,12
2017-12-16,16,I Miss You,Clean Bandit Featuring Julia Michaels,12,3,4
2017-12-16,17,Look What You Made Me Do,Taylor Swift,13,1,13
2017-12-16,18,You & I (Forever),Jessie Ware,14,5,4
2017-12-16,19,Congratulations,Post Malone Featuring Quavo,15,6,10
2017-12-16,20,Shed A Light,Robin Schulz & David Guetta & Cheat Codes,16,7,6
2017-12-16,21,Getaway Car,Taylor Swift,17,8,4
2017-12-16,22,Delicate,Taylor Swift,18,9,4
2017-12-16,23,Oh Baby,LCD Soundsystem,19,2,12
2017-12-16,24,New Rules,Dua Lipa,20,1,17
2017-12-16,25,Bodak Yellow (Money Moves),Cardi B,21,2,8
2017-12-23,1,Havana,Camila Cabello Featuring Young Thug,1,1,7
2017-12-23,2,Perfect,Ed Sheeran,3,1,7
2017-12-23,3,Man's Not Hot,Big Shaq,2,2,2
2017-12-23,4,All I Want For Christmas Is You,Mariah Carey,-,4,7
2017-12-23,5,Miss You,Louis Tomlinson,-,5,1
2017-12-23,6,Red Flag Day,U2,-,6,1
2017-12-23,7,Do They Know It's Christmas?,Band Aid,-,7,1
2017-12-23,8,Gucci Gang,Lil Pump,4,4,2
2017-12-23,9,Lemon,N*E*R*D & Rihanna,5,5,2
2017-12-23,10,Spent The Day In Bed,Morrissey,6,1,3
2017-12-23,11,Rockstar,Post Malone Featuring 21 Savage,7,1,9
2017-12-23,12,End Game,Taylor Swift Featuring Ed Sheeran & Future,8,2,4
2017-12-23,13,I Fall Apart,Post Malone,9,3,4
2017-12-23,14,Dress,Taylor Swift,10,4,4
2017-12-23,15,Patient,Post Malone,11,5,4
2017-12-23,16,New Year's Day,Taylor Swift,12,6,4
2017-12-23,17,Silence,Marshmello Featuring Khalid,13,3,13
2017-12-23,18,Too Good At Goodbyes,Sam Smith,14,1,13
2017-12-23,19,...Ready For It?,Taylor Swift,15,1,13
2017-12-23,20,I Miss You,Clean Bandit Featuring Julia Michaels,16,3,5
2017-12-23,21,Look What You Made Me Do,Taylor Swift,17,1,14
2017-12-23,22,You & I (Forever),Jessie Ware,18,5,5
2017-12-23,23,Congratulations,Post Malone Featuring Quavo,19,6,11
2017-12-23,24,Shed A Light,Robin Schulz & David Guetta & Cheat Codes,20,7,7
2017-12-23,25,Getaway Car,Taylor Swift,21,8,5
2017-12-30,1,End Game,Taylor Swift Featuring Ed Sheeran & Future,12,1,5
2017-12-30,2,Havana,Camila Cabello Featuring Young Thug,1,1,8
2017-12-30,3,Perfect,Ed Sheeran,2,1,8
2017-12-30,4,Rockin' Around The Christmas Tree,Brenda Lee,-,4,1
2017-12-30,5,Do They Know It's Christmas?,Band Aid,7,5,2
2017-12-30,6,Miss You,Louis Tomlinson,5,5,2
2017-12-30,7,All I Want For Christmas Is You,Mariah Carey,4,4,8
2017-12-30,8,12 Days Of Christmas,"Keith ""Wonderboy"" Johnson & The Spiritual Voices",-,8,1
2017-12-30,9,Jingle Bells,Boney M .,-,9,1
2017-12-30,10,Red Flag Day,U2,6,6,2
2017-12-30,11,Love Is Bigger Than Anything In Its Way,U2,-,11,1
2017-12-30,12,Silent Night,BeBe & CeCe Winans,-,12,1
2017-12-30,13,Gucci Gang,Lil Pump,8,4,3
2017-12-30,14,Lemon,N*E*R*D & Rihanna,9,5,3
2017-12-30,15,Spent The Day In Bed,Morrissey,10,1,4
2017-12-30,16,Rockstar,Post Malone Featuring 21 Savage,11,1,10
2017-12-30,17,I Fall Apart,Post Malone,13,3,5
2017-12-30,18,Dress,Taylor Swift,14,4,5
2017-12-30,19,Patient,Post Malone,15,5,5
2017-12-30,20,New Year's Day,Taylor Swift,16,6,5
2017-12-30,21,Silence,Marshmello Featuring Khalid,17,3,14
2017-12-30,22,Too Good At Goodbyes,Sam Smith,18,1,14
2017-12-30,23,...Ready For It?,Taylor Swift,19,1,14
2017-12-30,24,I Miss You,Clean Bandit Featuring Julia Michaels,20,3,6
2017-12-30,25,Look What You Made Me Do,Taylor Swift,21,1,15
2018-01-06,1,Havana,Camila Cabello Featuring Young Thug,2,1,10
2018-01-06,2,Thief,Ookay,-,2,1
2018-01-06,3,Happy New Year,ABBA,-,3,1
2018-01-06,4,New Year's Day,U2,-,4,1
2018-01-06,5,Never Be The Same,Camila Cabello,-,5,1
2018-01-06,6,The New Year,Death Cab for Cutie,-,6,1
2018-01-06,7,River,Eminem Featuring Ed Sheeran,-,7,1
2018-01-06,8,Perfect,Ed Sheeran,3,1,10
2018-01-06,9,Miss You,Louis Tomlinson,6,5,4
2018-01-06,10,Too Good At Goodbyes,Sam Smith,22,1,16
2018-01-06,11,Gucci Gang,Lil Pump,13,4,5
2018-01-06,12,End Game,Taylor Swift Featuring Ed Sheeran & Future,1,1,7
2018-01-06,13,Red Flag Day,U2,10,6,4
2018-01-06,14,Love Is Bigger Than Anything In Its Way,U2,11,11,3
2018-01-06,15,Lemon,N*E*R*D & Rihanna,14,5,5
2018-01-06,16,Spent The Day In Bed,Morrissey,15,1,6
2018-01-06,17,Rockstar,Post Malone Featuring 21 Savage,16,1,12
2018-01-06,18,I Fall Apart,Post Malone,17,3,7
2018-01-06,19,Dress,Taylor Swift,18,4,7
2018-01-06,20,Patient,Post Malone,19,5,7
2018-01-06,21,New Year's Day,Taylor Swift,20,6,7
2018-01-06,22,Silence,Marshmello Featuring Khalid,21,3,16
2018-01-06,23,...Ready For It?,Taylor Swift,23,1,16
2018-01-06,24,I Miss You,Clean Bandit Featuring Julia Michaels,24,3,8
2018-01-06,25,Look What You Made Me Do,Taylor Swift,25,1,17
2018-01-13,1,Perfect,Ed Sheeran,8,1,11
2018-01-13,2,If You Want Love,NF,-,2,1
2018-01-13,3,Finesse,Bruno Mars & Cardi B,-,3,1
2018-01-13,4,Havana,Camila Cabello Featuring Young Thug,1,1,11
2018-01-13,5,Feel It Still,Portugal. The Man,-,5,1
2018-01-13,6,Happy New Year,ABBA,3,3,2
2018-01-13,7,Never Be The Same,Camila Cabello,5,5,2
2018-01-13,8,The New Year,Death Cab for Cutie,6,6,2
2018-01-13,9,River,Eminem Featuring Ed Sheeran,7,7,2
2018-01-13,10,Miss You,Louis Tomlinson,9,5,5
2018-01-13,11,Too Good At Goodbyes,Sam Smith,10,1,17
2018-01-13,12,Gucci Gang,Lil Pump,11,4,6
2018-01-13,13,End Game,Taylor Swift Featuring Ed Sheeran & Future,12,1,8
2018-01-13,14,3 A.M.,NF,-,14,1
2018-01-13,15,Love Is Bigger Than Anything In Its Way,U2,14,11,4
2018-01-13,16,Lemon,N*E*R*D & Rihanna,15,5,6
2018-01-13,17,Spent The Day In Bed,Morrissey,16,1,7
2018-01-13,18,Rockstar,Post Malone Featuring 21 Savage,17,1,13
2018-01-13,19,I Fall Apart,Post Malone,18,3,8
2018-01-13,20,Dress,Taylor Swift,19,4,8
2018-01-13,21,Patient,Post Malone,20,5,8
2018-01-13,22,New Year's Day,Taylor Swift,21,6,8
2018-01-13,23,Silence,Marshmello Featuring Khalid,22,3,17
2018-01-13,24,...Ready For It?,Taylor Swift,23,1,17
2018-01-13,25,I Miss You,Clean Bandit Featuring Julia Michaels,24,3,9
2018-01-20,1,Tightrope,Michelle Williams,-,1,1
2018-01-20,2,Never Enough,Loren Allred,-,2,1
2018-01-20,3,From Now On,Hugh Jackman & The Greatest Showman Ensemble,-,3,1
2018-01-20,4,Finesse,Bruno Mars & Cardi B,3,3,2
2018-01-20,5,For You (Fifty Shades Freed),Liam Payne & Rita Ora,-,5,1
2018-01-20,6,Evidemment,France Gall,-,6,1
2018-01-20,7,Never Be The Same,Camila Cabello,7,5,3
2018-01-20,8,Ella Elle L'a,France Gall,-,8,1
2018-01-20,9,Perfect,Ed Sheeran,1,1,12
2018-01-20,10,If You Want Love,NF,2,2,2
2018-01-20,11,River,Eminem Featuring Ed Sheeran,9,7,3
2018-01-20,12,Miss You,Louis Tomlinson,10,5,6
2018-01-20,13,Too Good At Goodbyes,Sam Smith,11,1,18
2018-01-20,14,Gucci Gang,Lil Pump,12,4,7
2018-01-20,15,End Game,Taylor Swift Featuring Ed Sheeran & Future,13,1,9
2018-01-20,16,3 A.M.,NF,14,14,2
2018-01-20,17,Love Is Bigger Than Anything In Its Way,U2,15,11,5
2018-01-20,18,Lemon,N*E*R*D & Rihanna,16,5,7
2018-01-20,19,Spent The Day In Bed,Morrissey,17,1,8
2018-01-20,20,Rockstar,Post Malone Featuring 21 Savage,18,1,14
2018-01-20,21,I Fall Apart,Post Malone,19,3,9
2018-01-20,22,Dress,Taylor Swift,20,4,9
2018-01-20,23,Patient,Post Malone,21,5,9
2018-01-20,24,New Year's Day,Taylor Swift,22,6,9
2018-01-20,25,Silence,Marshmello Featuring Khalid,23,3,18
2018-01-27,1,Zombie,The Cranberries,-,1,1
2018-01-27,2,Ode To My Family,The Cranberries,-,2,1
2018-01-27,3,Linger,The Cranberries,-,3,1
2018-01-27,4,Dreams,The Cranberries,-,4,1
2018-01-27,5,When You're Gone,The Cranberries,-,5,1
2018-01-27,6,The Icicle Melts,The Cranberries,-,6,1
2018-01-27,7,Daffodil Lament,The Cranberries,-,7,1
2018-01-27,8,Animal Instinct,The Cranberries,-,8,1
2018-01-27,9,No Need to Argue,The Cranberries,-,9,1
2018-01-27,10,Twenty One,The Cranberries,-,10,1
2018-01-27,11,Free To Decide,The Cranberries,-,11,1
2018-01-27,12,Salvation,The Cranberries,-,12,1
2018-01-27,13,For You (Fifty Shades Freed),Liam Payne & Rita Ora,5,5,2
2018-01-27,14,Havana,Camila Cabello Featuring Young Thug,-,1,12
2018-01-27,15,Ridiculous Thoughts,The Cranberries,-,15,1
2018-01-27,16,Empty,The Cranberries,-,16,1
2018-01-27,17,Dreaming My Dreams,The Cranberries,-,17,1
2018-01-27,18,Just My Imagination,The Cranberries,-,18,1
2018-01-27,19,Promises,The Cranberries,-,19,1
2018-01-27,20,Filthy,Justin Timberlake,-,20,1
2018-01-27,21,Consequences,Camila Cabello,-,21,1
2018-01-27,22,Cordell,The Cranberries,-,22,1
2018-01-27,23,Five More Minutes,Scotty McCreery,-,23,1
2018-01-27,24,Pretty,The Cranberries,-,24,1
2018-01-27,25,Electric Blue,The Cranberries,-,25,1
2018-02-03,1,Let You Down,NF,-,1,1
2018-02-03,2,Never Be The Same,Camila Cabello,-,2,4
2018-02-03,3,God's Plan,Drake,-,3,1
2018-02-03,4,Supplies,Justin Timberlake,-,4,1
2018-02-03,5,Wild Hearts Can't Be Broken,P!nk,-,5,1
2018-02-03,6,Tiny Dancer,Elton John,-,6,1
2018-02-03,7,Stay Frosty Royal Milk Tea,Fall Out Boy,-,7,1
2018-02-03,8,Terrified,Childish Gambino,-,8,1
2018-02-03,9,All The Stars,Kendrick Lamar & SZA,-,9,1
2018-02-03,10,Gucci Gang,Lil Pump,-,4,8
2018-02-03,11,Sunshine Riptide,Fall Out Boy Featuring Burna Boy,-,11,1
2018-02-03,12,Zombie,The Cranberries,1,1,2
2018-02-03,13,Heaven's Gate,Fall Out Boy,-,13,1
2018-02-03,14,Linger,The Cranberries,3,3,2
2018-02-03,15,Dreams,The Cranberries,4,4,2
2018-02-03,16,For You (Fifty Shades Freed),Liam Payne & Rita Ora,13,5,3
2018-02-03,17,Filthy,Justin Timberlake,20,17,2
2018-02-03,18,Joanne,Lady Gaga,-,18,1
2018-02-03,19,Sick Boy,The Chainsmokers,-,19,1
2018-02-03,20,XXX.,Kendrick Lamar Featuring U2,-,20,1
2018-02-03,21,Stir Fry,Migos,-,21,1
2018-02-03,22,Curious,Hayley Kiyoko,-,22,1
2018-02-03,23,Get Out Of Your Own Way,U2,-,23,1
2018-02-03,24,Perfect,Ed Sheeran,-,1,13
2018-02-03,25,El Bano,Enrique Iglesias Featuring Bad Bunny,-,25,1
2018-02-10,1,God's Plan,Drake,3,1,2
2018-02-10,2,No Hard Feelings,The Avett Brothers,-,2,1
2018-02-10,3,Wild Hearts Can't Be Broken,P!nk,5,3,2
2018-02-10,4,Tiny Dancer,Elton John,6,4,2
2018-02-10,5,Terrified,Childish Gambino,8,5,2
2018-02-10,6,Get Out Of Your Own Way,U2,23,6,2
2018-02-10,7,Englishman In New York,Sting,-,7,1
2018-02-10,8,Never Be The Same,Camila Cabello,2,2,5
2018-02-10,9,Trust In You,Anthony Brown & group therAPy,-,9,1
2018-02-10,10,XXX.,Kendrick Lamar Featuring U2,20,10,2
2018-02-10,11,Redbone,Childish Gambino,-,11,5
2018-02-10,12,For You (Fifty Shades Freed),Liam Payne & Rita Ora,16,5,4
2018-02-10,13,Diplomatic Immunity,Drake,-,13,1
2018-02-10,14,1-800-273-8255,Logic Featuring Alessia Cara & Khalid,-,14,1
2018-02-10,15,What About Us,P!nk,-,15,1
2018-02-10,16,MotorSport,"Migos , Nicki Minaj & Cardi B",-,16,1
2018-02-10,17,Better Man,Little Big Town,-,17,1
2018-02-10,18,Broken Clocks,SZA,-,18,1
2018-02-10,19,Stir Fry,Migos,21,19,2
2018-02-10,20,Say Something,Justin Timberlake Featuring Chris Stapleton,-,20,1
2018-02-10,21,Real Friends,Camila Cabello,-,21,1
2018-02-10,22,Let You Down,NF,1,1,2
2018-02-10,23,Supplies,Justin Timberlake,4,4,2
2018-02-10,24,Stay Frosty Royal Milk Tea,Fall Out Boy,7,7,2
2018-02-10,25,All The Stars,Kendrick Lamar & SZA,9,9,2
2018-02-17,1,Heaven,Julia Michaels,-,1,1
2018-02-17,2,Say Something,Justin Timberlake Featuring Chris Stapleton,20,2,2
2018-02-17,3,All The Stars,Kendrick Lamar & SZA,25,3,3
2018-02-17,4,God's Plan,Drake,1,1,3
2018-02-17,5,Never Be The Same,Camila Cabello,8,2,6
2018-02-17,6,Man Of The Woods,Justin Timberlake,-,6,1
2018-02-17,7,The Middle,"Zedd , Maren Morris & Grey",-,7,1
2018-02-17,8,Handyman,AWOLNATION,-,8,1
2018-02-17,9,The Last Of The Real Ones,Fall Out Boy,-,9,1
2018-02-17,10,Narcos,Migos,-,10,1
2018-02-17,11,Young And Menace,Fall Out Boy,-,11,1
2018-02-17,12,Cassidy,Grateful Dead,-,12,1
2018-02-17,13,These Days,"Rudimental Featuring Jess Glynne , Macklemore & Dan Caplen",-,13,1
2018-02-17,14,Sauce,Justin Timberlake,-,14,1
2018-02-17,15,Walk It Talk It,Migos Featuring Drake,-,15,1
2018-02-17,16,Flannel,Justin Timberlake,-,16,1
2018-02-17,17,Estimated Prophet,Grateful Dead,-,17,1
2018-02-17,18,Hold Me Tight Or Don't,Fall Out Boy,-,18,1
2018-02-17,19,Higher Higher,Justin Timberlake,-,19,1
2018-02-17,20,Real Friends,Camila Cabello,21,20,2
2018-02-17,21,Supplies,Justin Timberlake,23,4,3
2018-02-17,22,For You (Fifty Shades Freed),Liam Payne & Rita Ora,12,5,5
2018-02-17,23,Diplomatic Immunity,Drake,13,13,2
2018-02-17,24,MotorSport,"Migos , Nicki Minaj & Cardi B",16,16,2
2018-02-17,25,Stir Fry,Migos,19,19,3
2018-02-24,1,God's Plan,Drake,4,1,4
2018-02-24,2,River,Eminem Featuring Ed Sheeran,-,2,4
2018-02-24,3,Is It Love?,Rea Garvey Featuring Kool Savas,-,3,1
2018-02-24,4,Valentine's Day,David Bowie,-,4,1
2018-02-24,5,Moon River,Frank Ocean,-,5,1
2018-02-24,6,My Funny Valentine,Ella Fitzgerald,-,6,1
2018-02-24,7,You Make It Easy,Jason Aldean,-,7,1
2018-02-24,8,Pray For Me,The Weeknd & Kendrick Lamar,-,8,1
2018-02-24,9,Pearls,Samantha Gongol,-,9,1
2018-02-24,10,Valentine's Day,Linkin Park,-,10,1
2018-02-24,11,The Middle,"Zedd , Maren Morris & Grey",7,7,2
2018-02-24,12,X,"ScHoolboy Q , 2 Chainz & Saudi",-,12,1
2018-02-24,13,All The Stars,Kendrick Lamar & SZA,3,3,4
2018-02-24,14,Blue Valentines,Tom Waits,-,14,1
2018-02-24,15,Valentine's Day,Marilyn Manson,-,15,1
2018-02-24,16,Heaven,Julia Michaels,1,1,2
2018-02-24,17,Wait,Maroon 5,-,17,1
2018-02-24,18,My Funny Valentine,Chet Baker,-,18,1
2018-02-24,19,Happy Valentine's Day,OutKast,-,19,1
2018-02-24,20,Man Of The Woods,Justin Timberlake,6,6,2
2018-02-24,21,Stir Fry,Migos,25,19,4
2018-02-24,22,Handyman,AWOLNATION,8,8,2
2018-02-24,23,These Days,"Rudimental Featuring Jess Glynne , Macklemore & Dan Caplen",13,13,2
2018-02-24,24,Say Something,Justin Timberlake Featuring Chris Stapleton,2,2,3
2018-02-24,25,Never Be The Same,Camila Cabello,5,2,7
2018-03-03,1,No Name,NF,-,1,1
2018-03-03,2,God's Plan,Drake,1,1,5
2018-03-03,3,X,"ScHoolboy Q , 2 Chainz & Saudi",12,3,2
2018-03-03,4,New Freezer,Rich The Kid Featuring Kendrick Lamar,-,4,1
2018-03-03,5,Friends,Marshmello & Anne-Marie,-,5,1
2018-03-03,6,All The Stars,Kendrick Lamar & SZA,13,3,5
2018-03-03,7,Seasons,"Mozzy , Sjava & Reason",-,7,1
2018-03-03,8,Big Shot,Kendrick Lamar & Travis Scott,-,8,1
2018-03-03,9,Opps,Vince Staples & Yugen Blakrok,-,9,1
2018-03-03,10,MotorSport,"Migos , Nicki Minaj & Cardi B",-,10,3
2018-03-03,11,Me And Michael,MGMT,-,11,1
2018-03-03,12,Pray For Me,The Weeknd & Kendrick Lamar,8,8,2
2018-03-03,13,The Middle,"Zedd , Maren Morris & Grey",11,7,3
2018-03-03,14,Heaven,Julia Michaels,16,1,3
2018-03-03,15,Wait,Maroon 5,17,15,2
2018-03-03,16,Is It Love?,Rea Garvey Featuring Kool Savas,3,3,2
2018-03-03,17,You Make It Easy,Jason Aldean,7,7,2
2018-03-03,18,Love Lies,Khalid & Normani,-,18,1
2018-03-03,19,River,Eminem Featuring Ed Sheeran,2,2,5
2018-03-03,20,I Am,Jorja Smith,-,20,1
2018-03-03,21,Man Of The Woods,Justin Timberlake,20,6,3
2018-03-03,22,Stir Fry,Migos,21,19,5
2018-03-03,23,Handyman,AWOLNATION,22,8,3
2018-03-03,24,These Days,"Rudimental Featuring Jess Glynne , Macklemore & Dan Caplen",23,13,3
2018-03-03,25,Say Something,Justin Timberlake Featuring Chris Stapleton,24,2,4
2018-03-10,1,Room At The Top,Tom Petty And The Heartbreakers,-,1,1
2018-03-10,2,Long Time Running,The Tragically Hip,-,2,2
2018-03-10,3,Psycho,Post Malone Featuring Ty Dolla $ign,-,3,1
2018-03-10,4,Broken Clocks,SZA,-,4,2
2018-03-10,5,Mine,Bazzi,-,5,1
2018-03-10,6,Try,P!nk,-,6,1
2018-03-10,7,Stir Fry,Migos,22,7,6
2018-03-10,8,It's Time,Imagine Dragons,-,8,1
2018-03-10,9,Friends,Marshmello & Anne-Marie,5,5,2
2018-03-10,10,Mystery Of Love,Sufjan Stevens,-,10,1
2018-03-10,11,Next To Me,Imagine Dragons,-,11,1
2018-03-10,12,MotorSport,"Migos , Nicki Minaj & Cardi B",10,10,4
2018-03-10,13,Ric Flair Drip,Offset & Metro Boomin,-,13,1
2018-03-10,14,God's Plan,Drake,2,1,6
2018-03-10,15,X,"ScHoolboy Q , 2 Chainz & Saudi",3,3,3
2018-03-10,16,New Freezer,Rich The Kid Featuring Kendrick Lamar,4,4,2
2018-03-10,17,All The Stars,Kendrick Lamar & SZA,6,3,6
2018-03-10,18,Seasons,"Mozzy , Sjava & Reason",7,7,2
2018-03-10,19,Big Shot,Kendrick Lamar & Travis Scott,8,8,2
2018-03-10,20,Opps,Vince Staples & Yugen Blakrok,9,9,2
2018-03-10,21,Pray For Me,The Weeknd & Kendrick Lamar,12,8,3
2018-03-10,22,The Middle,"Zedd , Maren Morris & Grey",13,7,4
2018-03-10,23,Heaven,Julia Michaels,14,1,4
2018-03-10,24,Love Lies,Khalid & Normani,18,18,2
2018-03-10,25,River,Eminem Featuring Ed Sheeran,19,2,6
2018-03-17,1,Psycho,Post Malone Featuring Ty Dolla $ign,3,1,2
2018-03-17,2,Mystery Of Love,Sufjan Stevens,10,2,2
2018-03-17,3,Butterflies,Kacey Musgraves,-,3,1
2018-03-17,4,44 More,Logic,-,4,1
2018-03-17,5,KEKE,"6ix9ine , Fetty Wap & A Boogie wit da Hoodie",-,5,1
2018-03-17,6,Billy,6ix9ine,-,6,1
2018-03-17,7,On The Loose,Niall Horan,-,7,1
2018-03-17,8,Delicate,Taylor Swift,-,8,5
2018-03-17,9,Love Lies,Khalid & Normani,24,9,3
2018-03-17,10,RONDO,6ix9ine Featuring Tory Lanez & Young Thug,-,10,1
2018-03-17,11,I Like Me Better,Lauv,-,11,1
2018-03-17,12,Disillusioned,A Perfect Circle,-,12,1
2018-03-17,13,Genesis,Dua Lipa,-,13,1
2018-03-17,14,Booty,Blac Youngsta,-,14,1
2018-03-17,15,Remember Me (Duo),Miguel Featuring Natalia Lafourcade,-,15,1
2018-03-17,16,Look Alive,BlocBoy JB Featuring Drake,-,16,1
2018-03-17,17,Tragic Endings,Eminem Featuring Skylar Grey,-,17,1
2018-03-17,18,Medicine,Kelly Clarkson,-,18,1
2018-03-17,19,Beautiful Trauma,P!nk,-,19,1
2018-03-17,20,Secrets,P!nk,-,20,1
2018-03-17,21,Tempo,Chris Brown,-,21,1
2018-03-17,22,I Lived It,Blake Shelton,-,22,1
2018-03-17,23,Next To Me,Imagine Dragons,11,11,2
2018-03-17,24,What About Us,P!nk,-,15,2
2018-03-17,25,The Middle,"Zedd , Maren Morris & Grey",22,7,5
2018-03-24,1,So Far Away,Martin Garrix & David Guetta Featuring Jamie Scott & Romy Dya,-,1,1
2018-03-24,2,Psycho,Post Malone Featuring Ty Dolla $ign,1,1,3
2018-03-24,3,Delicate,Taylor Swift,8,3,6
2018-03-24,4,Room At The Top,Tom Petty And The Heartbreakers,-,1,2
2018-03-24,5,St. Patrick's Day,John Mayer,-,5,1
2018-03-24,6,No Excuses,Meghan Trainor,-,6,1
2018-03-24,7,Top Off,"DJ Khaled Featuring JAY Z, Future & B",-,7,1
2018-03-24,8,What's Left Of The Flag,Flogging Molly,-,8,1
2018-03-24,9,Next To Me,Imagine Dragons,23,9,3
2018-03-24,10,Nowhere Fast,Eminem Featuring Kehlani,-,10,1
2018-03-24,11,If I Ever Leave This World Alive,Flogging Molly,-,11,1
2018-03-24,12,Silence,Marshmello Featuring Khalid,-,3,19
2018-03-24,13,The Unicorn,The Irish Rovers,-,13,1
2018-03-24,14,I'm Shipping Up To Boston,Dropkick Murphys,-,14,1
2018-03-24,15,Ireland,Garth Brooks,-,15,1
2018-03-24,16,When Irish Eyes Are Smiling,Bing Crosby,-,16,1
2018-03-24,17,You Worry Me,Nathaniel Rateliff & The Night Sweats,-,17,1
2018-03-24,18,Sativa,Jhene Aiko Featuring Swae Lee Or Rae Sremmurd,-,18,1
2018-03-24,19,The State Of Massachusetts,Dropkick Murphys,-,19,1
2018-03-24,20,Drunken Lullabies,Flogging Molly,-,20,1
2018-03-24,21,Real Friends,Camila Cabello,-,20,3
2018-03-24,22,44 More,Logic,4,4,2
2018-03-24,23,Butterflies,Kacey Musgraves,3,3,2
2018-03-24,24,Medicine,Kelly Clarkson,18,18,2
2018-03-24,25,Look Alive,BlocBoy JB Featuring Drake,16,16,2
2018-03-31,1,Indica Badu,Logic Featuring Wiz Khalifa,-,1,1
2018-03-31,2,Psycho,Post Malone Featuring Ty Dolla $ign,2,1,4
2018-03-31,3,Freaky Friday,Lil Dicky Featuring Chris Brown,-,3,1
2018-03-31,4,Walk It Talk It,Migos Featuring Drake,-,4,2
2018-03-31,5,Creature Comfort,Arcade Fire,-,4,5
2018-03-31,6,X,Nicky Jam x J Balvin,-,6,1
2018-03-31,7,In My Blood,Shawn Mendes,-,7,1
2018-03-31,8,Paradise,George Ezra,-,8,1
2018-03-31,9,NBAYoungboat,Lil Yachty Featuring NBA YoungBoy,-,9,1
2018-03-31,10,Midnight,Logic,-,10,1
2018-03-31,11,God's Plan,Drake,-,1,7
2018-03-31,12,Church,Fall Out Boy,-,12,1
2018-03-31,13,Overnight,Logic,-,13,1
2018-03-31,14,Capital Letters,Hailee Steinfeld & Bloodpop,-,14,1
2018-03-31,15,Wassup,Logic Featuring Big Sean,-,15,1
2018-03-31,16,So Far Away,Martin Garrix & David Guetta Featuring Jamie Scott & Romy Dya,1,1,2
2018-03-31,17,Delicate,Taylor Swift,3,3,7
2018-03-31,18,No Excuses,Meghan Trainor,6,6,2
2018-03-31,19,Top Off,"DJ Khaled Featuring JAY Z, Future & B",7,7,2
2018-03-31,20,Nowhere Fast,Eminem Featuring Kehlani,10,10,2
2018-03-31,21,Next To Me,Imagine Dragons,9,9,4
2018-03-31,22,You Worry Me,Nathaniel Rateliff & The Night Sweats,17,17,2
2018-03-31,23,Real Friends,Camila Cabello,21,20,4
2018-03-31,24,44 More,Logic,22,4,3
2018-03-31,25,Butterflies,Kacey Musgraves,23,3,3
2018-04-07,1,In My Blood,Shawn Mendes,7,1,2
2018-04-07,2,Moonlight,XXXTENTACION,-,2,1
2018-04-07,3,So Will I (100 Billion X),Hillsong United,-,3,1
2018-04-07,4,Say Amen (Saturday Night),Panic! At The Disco,-,4,1
2018-04-07,5,Ken Je Mij,Trijntje Oosterhius,-,5,1
2018-04-07,6,Changes,XXXTENTACION,-,6,1
2018-04-07,7,Freaky Friday,Lil Dicky Featuring Chris Brown,3,3,2
2018-04-07,8,Abulia And Akrasia,Jack White,-,8,1
2018-04-07,9,Slow Burn,Kacey Musgraves,-,9,1
2018-04-07,10,What's Done Is Done,Jack White,-,10,1
2018-04-07,11,Tequila,Dan + Shay,-,11,1
2018-04-07,12,Figures,Jessie Reyez,-,12,1
2018-04-07,13,The Remedy For A Broken Heart (Why Am I So In Love),XXXTENTACION,-,13,1
2018-04-07,14,Indica Badu,Logic Featuring Wiz Khalifa,1,1,2
2018-04-07,15,Psycho,Post Malone Featuring Ty Dolla $ign,2,1,5
2018-04-07,16,Walk It Talk It,Migos Featuring Drake,4,4,3
2018-04-07,17,Paradise,George Ezra,8,8,2
2018-04-07,18,X,Nicky Jam x J Balvin,6,6,2
2018-04-07,19,NBAYoungboat,Lil Yachty Featuring NBA YoungBoy,9,9,2
2018-04-07,20,Midnight,Logic,10,10,2
2018-04-07,21,God's Plan,Drake,11,1,8
2018-04-07,22,Overnight,Logic,13,13,2
2018-04-07,23,Capital Letters,Hailee Steinfeld & Bloodpop,14,14,2
2018-04-07,24,Wassup,Logic Featuring Big Sean,15,15,2
2018-04-07,25,44 More,Logic,24,4,4
2018-04-14,1,Lovesick Blues,Hank Williams,-,1,1
2018-04-14,2,Gucci Flip Flops,Bhad Bhabie Featuring Lil Yachty,-,2,1
2018-04-14,3,(Pride) In The Name Of Love,U2,-,3,1
2018-04-14,4,Slow Burn,Kacey Musgraves,9,4,2
2018-04-14,5,Framed,Eminem,-,5,1
2018-04-14,6,Rainbow,Kacey Musgraves,-,6,1
2018-04-14,7,MLK,U2,-,7,1
2018-04-14,8,Sad!,XXXTENTACION,-,8,1
2018-04-14,9,Say Amen (Saturday Night),Panic! At The Disco,4,4,2
2018-04-14,10,Lost In Japan,Shawn Mendes X Zedd,-,10,1
2018-04-14,11,Alone,Halsey Featuring Big Sean & Stefflon Don,-,11,1
2018-04-14,12,Habibi,Tamino,-,12,1
2018-04-14,13,You Worry Me,Nathaniel Rateliff & The Night Sweats,-,13,3
2018-04-14,14,Bartier Cardi,Cardi B Featuring 21 Savage,-,14,1
2018-04-14,15,For The First Time,Darius Rucker,-,15,1
2018-04-14,16,Ex-Factor,Lauryn Hill,-,16,1
2018-04-14,17,Broken Clocks,SZA,-,4,3
2018-04-14,18,The Middle,"Zedd , Maren Morris & Grey",-,7,6
2018-04-14,19,Get You,Daniel Caesar Featuring Kali Uchis,-,19,1
2018-04-14,20,Rubbin Off The Paint,YBN Nahmir,-,20,1
2018-04-14,21,Sauce,Justin Timberlake,-,14,2
2018-04-14,22,Everybody Hates Me,The Chainsmokers,-,22,1
2018-04-14,23,Plug Walk,Rich The Kid,-,23,1
2018-04-14,24,In My Blood,Shawn Mendes,1,1,3
2018-04-14,25,If You Leave Me Now,Charlie Puth Featuring Boyz II Men,-,25,1
2018-04-21,1,Daniel,Sam Smith,-,1,1
2018-04-21,2,Goodbye Yellow Brick Road,Queens Of The Stone Age,-,2,1
2018-04-21,3,Mona Lisas and Mad Hatters,The Killers,-,3,1
2018-04-21,4,Bennie And The Jets,"Elton John , P!nk & Logic",-,4,1
2018-04-21,5,Call Out My Name,The Weeknd,-,5,1
2018-04-21,6,Don't Let the Sun Go Down On Me,Miley Cyrus,-,6,1
2018-04-21,7,Lovesick Blues,Hank Williams,1,1,2
2018-04-21,8,Tiny Dancer,Florence + The Machine,-,8,1
2018-04-21,9,Be Careful,Cardi B,-,9,1
2018-04-21,10,Privilege,The Weeknd,-,10,1
2018-04-21,11,Sad!,XXXTENTACION,8,8,2
2018-04-21,12,I Was Never There,The Weeknd Featuring Gesaffelstein,-,12,1
2018-04-21,13,Wasted Times,The Weeknd,-,13,1
2018-04-21,14,We All Fall in Love Sometimes,Coldplay,-,14,1
2018-04-21,15,Your Song,Lady Gaga,-,15,1
2018-04-21,16,Hurt You,The Weeknd Featuring Gesaffelstein,-,16,1
2018-04-21,17,Sit Next To Me,Foster the People,-,17,1
2018-04-21,18,Falling Into Me,Let's Eat Grandma,-,18,1
2018-04-21,19,Gucci Flip Flops,Bhad Bhabie Featuring Lil Yachty,2,2,2
2018-04-21,20,Try Me,The Weeknd,-,20,1
2018-04-21,21,Boo'd Up,Ella Mai,-,21,1
2018-04-21,22,Slow Burn,Kacey Musgraves,4,4,3
2018-04-21,23,Rainbow,Kacey Musgraves,6,6,2
2018-04-21,24,Lost In Japan,Shawn Mendes X Zedd,10,10,2
2018-04-21,25,Framed,Eminem,5,5,2
2018-04-28,1,Wake Me Up!,Avicii,-,1,1
2018-04-28,2,Call Out My Name,The Weeknd,5,2,2
2018-04-28,3,Hey Brother,Avicii,-,3,1
2018-04-28,4,Sky Full Of Song,Florence + The Machine,-,4,1
2018-04-28,5,Silhouettes,Avicii,-,5,1
2018-04-28,6,Sad!,XXXTENTACION,11,6,3
2018-04-28,7,Chun-Li,Nicki Minaj,-,7,1
2018-04-28,8,The Days,Avicii,-,8,1
2018-04-28,9,Gotti,6ix9ine,-,9,1
2018-04-28,10,Nice For What,Drake,-,10,1
2018-04-28,11,The Nights,Avicii,-,11,1
2018-04-28,12,I Like It,"Cardi B , Bad Bunny & J Balvin",-,12,1
2018-04-28,13,Levels,Avicii,-,13,1
2018-04-28,14,Broken Arrows,Avicii,-,14,1
2018-04-28,15,Lonely Together,Avicii Featuring Rita Ora,-,15,1
2018-04-28,16,Barbie Tingz,Nicki Minaj,-,16,1
2018-04-28,17,Waiting For Love,Avicii,-,5,3
2018-04-28,18,One Kiss,Calvin Harris & Dua Lipa,-,18,1
2018-04-28,19,Addicted To You,Avicii,-,19,1
2018-04-28,20,I Could Be The One,Avicii vs Nicky Romero,-,20,1
2018-04-28,21,Nothing Compares 2 U,Prince,-,21,1
2018-04-28,22,Dear Boy,Avicii,-,22,1
2018-04-28,23,Let Me,ZAYN,-,23,1
2018-04-28,24,Without You,Avicii Featuring Sandro Cavazza,-,24,1
2018-04-28,25,I Took A Pill In Ibiza,Mike Posner,-,1,12
2018-05-05,1,God's Plan,Drake,-,1,9
2018-05-05,2,Sad!,XXXTENTACION,6,2,4
2018-05-05,3,Call Out My Name,The Weeknd,2,2,3
2018-05-05,4,Wake Me Up!,Avicii,1,1,2
2018-05-05,5,Gotti,6ix9ine,9,5,2
2018-05-05,6,"So Long, And Thanks For All The Fish",A Perfect Circle,-,6,1
2018-05-05,7,Hey Brother,Avicii,3,3,2
2018-05-05,8,Nice For What,Drake,10,8,2
2018-05-05,9,Ten More Days,Avicii,-,9,1
2018-05-05,10,TalkTalk,A Perfect Circle,-,10,1
2018-05-05,11,Anybody,Young Thug Featuring Nicki Minaj,-,11,1
2018-05-05,12,Doves In The Wind,SZA Featuring Kendrick Lamar,-,12,1
2018-05-05,13,Chun-Li,Nicki Minaj,7,7,2
2018-05-05,14,Addicted To You,Avicii,19,14,2
2018-05-05,15,Cry Pretty,Carrie Underwood,-,15,1
2018-05-05,16,The Nights,Avicii,11,11,2
2018-05-05,17,Waiting For Love,Avicii,17,5,4
2018-05-05,18,Barbie Tingz,Nicki Minaj,16,16,2
2018-05-05,19,Guatemala,Swae Lee Featuring Slim Jxmmi,-,19,1
2018-05-05,20,Curious,Hayley Kiyoko,-,20,2
2018-05-05,21,Without You,Avicii Featuring Sandro Cavazza,24,21,2
2018-05-05,22,Let Me,ZAYN,23,22,2
2018-05-05,23,Lonely Together,Avicii Featuring Rita Ora,15,15,2
2018-05-05,24,I Could Be The One,Avicii vs Nicky Romero,20,20,2
2018-05-05,25,Levels,Avicii,13,13,2
2018-05-12,1,Sad!,XXXTENTACION,2,1,5
2018-05-12,2,No Tears Left To Cry,Ariana Grande,-,2,1
2018-05-12,3,Hourglass,A Perfect Circle,-,3,1
2018-05-12,4,Kevin's Heart,J. Cole,-,4,1
2018-05-12,5,Eat The Elephant,A Perfect Circle,-,5,1
2018-05-12,6,Silhouettes,Avicii,-,5,2
2018-05-12,7,Stay,Post Malone,-,7,1
2018-05-12,8,Falling Into Me,Let's Eat Grandma,-,8,2
2018-05-12,9,Where We Start,Vance Joy,-,9,1
2018-05-12,10,ATM,J. Cole,-,10,1
2018-05-12,11,The Contrarian,A Perfect Circle,-,11,1
2018-05-12,12,Money Made Me Do It,Post Malone Featuring 2 Chainz,-,12,1
2018-05-12,13,Better Now,Post Malone,-,13,1
2018-05-12,14,Jonestown (Interlude),Post Malone,-,14,1
2018-05-12,15,Delicious,A Perfect Circle,-,15,1
2018-05-12,16,End Of Discussion,Rich The Kid Featuring Lil Wayne,-,16,1
2018-05-12,17,Get the Lead Out,A Perfect Circle,-,17,1
2018-05-12,18,Paranoid,Post Malone,-,18,1
2018-05-12,19,Say Something,Justin Timberlake Featuring Chris Stapleton,-,2,5
2018-05-12,20,It's Gonna Be Me,*NSYNC,-,20,1
2018-05-12,21,Month Of May,Arcade Fire,-,21,1
2018-05-12,22,Otherside,Post Malone,-,22,1
2018-05-12,23,2002,Anne-Marie,-,23,1
2018-05-12,24,God's Plan,Drake,1,1,10
2018-05-12,25,Nice For What,Drake,8,8,3
2018-05-19,1,Swim Until You Can't See Land,Frightened Rabbit,-,1,1
2018-05-19,2,Floating in the Forth,Frightened Rabbit,-,2,1
2018-05-19,3,Dear Mama,2Pac,-,3,1
2018-05-19,4,Psycho,Post Malone Featuring Ty Dolla $ign,-,1,6
2018-05-19,5,The Woodpile,Frightened Rabbit,-,5,1
2018-05-19,6,No Tears Left To Cry,Ariana Grande,2,2,2
2018-05-19,7,A Song For Mama,Boyz II Men,-,7,1
2018-05-19,8,Get Out,Frightened Rabbit,-,8,1
2018-05-19,9,Slow Burn,Kacey Musgraves,-,4,4
2018-05-19,10,Stay,Post Malone,7,7,2
2018-05-19,11,Spoil My Night,Post Malone Featuring Swae Lee,-,11,1
2018-05-19,12,The Loneliness And The Scream,Frightened Rabbit,-,12,1
2018-05-19,13,Keep Yourself Warm,Frightened Rabbit,-,13,1
2018-05-19,14,Death Dream,Frightened Rabbit,-,14,1
2018-05-19,15,"Yes, I Would",Frightened Rabbit,-,15,1
2018-05-19,16,Attention,Charlie Puth,-,1,10
2018-05-19,17,Footshooter,Frightened Rabbit,-,17,1
2018-05-19,18,Holy,Frightened Rabbit,-,18,1
2018-05-19,19,Four Out Of Five,Arctic Monkeys,-,19,1
2018-05-19,20,Mom,Meghan Trainor Featuring Kelli Trainor,-,20,1
2018-05-19,21,This Is America,Childish Gambino,-,21,1
2018-05-19,22,Things,Frightened Rabbit,-,22,1
2018-05-19,23,Patient,Charlie Puth,-,23,1
2018-05-19,24,KOD,J. Cole,-,24,1
2018-05-19,25,Dead,Frightened Rabbit,-,25,1
2018-06-02,1,This Is America,Childish Gambino,21,1,2
2018-06-02,2,Sangria Wine,Pharrell Williams x Camila Cabello,-,2,1
2018-06-02,3,Havana,Camila Cabello Featuring Young Thug,-,1,13
2018-06-02,4,Back To You,Selena Gomez,-,4,1
2018-06-02,5,You'll Never Walk Alone,Gerry And The Pacemakers,-,5,1
2018-06-02,6,Moonlight,Grace VanderWaal,-,6,1
2018-06-02,7,Lovely,Billie Eilish & Khalid,-,7,1
2018-06-02,8,I Like It,"Cardi B , Bad Bunny & J Balvin",-,8,2
2018-06-02,9,Me Niego,Reik Featuring Ozuna & Wisin,-,9,1
2018-06-02,10,Stand By Me,Ben E. King,-,10,1
2018-06-02,11,Solo,Clean Bandit Featuring Demi Lovato,-,11,1
2018-06-02,12,New Light,John Mayer,-,12,1
2018-06-02,13,Ocean,Goldfrapp,-,13,1
2018-06-02,14,Scream,Grimes Featuring Pan Wei Ju,-,14,1
2018-06-02,15,Moonlight,XXXTENTACION,-,2,2
2018-06-02,16,Te Bote,"Casper Magico , Nio Garcia , Darell , Nicky Jam , Ozuna & Bad Bunny",-,16,1
2018-06-02,17,Such A Simple Thing,Ray LaMontagne,-,17,1
2018-06-02,18,Be Careful,Cardi B,-,9,2
2018-06-02,19,Don't Say You Love Me,Fifth Harmony,-,19,1
2018-06-02,20,Shoota,Playboi Carti Featuring Lil Uzi Vert,-,20,1
2018-06-02,21,All These Years,Camila Cabello,-,21,1
2018-06-02,22,Cry Pretty,Carrie Underwood,-,15,2
2018-06-02,23,Bored,Billie Eilish,-,23,1
2018-06-02,24,Ashes,Celine Dion,-,24,1
2018-06-02,25,Youth,Shawn Mendes Featuring Khalid,-,25,1
2018-06-09,1,Girls Like You,Maroon 5 Featuring Cardi B,-,1,1
2018-06-09,2,Lovely,Billie Eilish & Khalid,7,2,2
2018-06-09,3,Back To You,Selena Gomez,4,3,2
2018-06-09,4,Dance Macabre,Ghost,-,4,1
2018-06-09,5,Start Again,OneRepublic Featuring Logic,-,5,1
2018-06-09,6,I Like It,"Cardi B , Bad Bunny & J Balvin",8,6,3
2018-06-09,7,Ric Flair Drip,Offset & Metro Boomin,-,7,2
2018-06-09,8,Graffiti,Chvrches,-,8,1
2018-06-09,9,Fake Love,BTS,-,9,1
2018-06-09,10,Only You,Selena Gomez,-,10,1
2018-06-09,11,Seasons,"Mozzy , Sjava & Reason",-,7,3
2018-06-09,12,Better Now,Post Malone,-,12,2
2018-06-09,13,OTW,"Khalid , Ty Dolla $ign & 6LACK",-,13,1
2018-06-09,14,When We,Tank,-,14,1
2018-06-09,15,In My Blood,Shawn Mendes,-,1,4
2018-06-09,16,One Call Away,Charlie Puth,-,2,7
2018-06-09,17,Shotgun,George Ezra,-,17,1
2018-06-09,18,High Hopes,Panic! At The Disco,-,18,1
2018-06-09,19,Te Meilleure Ennemie (Pearls),Samantha Gongol Featuring Juliette Armanet,-,19,1
2018-06-09,20,All Girls Are The Same,Juice WRLD,-,20,1
2018-06-09,21,Infrared,Pusha T,-,21,1
2018-06-09,22,Solo,Clean Bandit Featuring Demi Lovato,11,11,2
2018-06-09,23,Queen,Shawn Mendes,-,23,1
2018-06-09,24,El Bano,Enrique Iglesias Featuring Bad Bunny,-,24,2
2018-06-09,25,Particular Taste,Shawn Mendes,-,25,1
2018-06-16,1,Girls Like You,Maroon 5 Featuring Cardi B,1,1,2
2018-06-16,2,Girls Like You,The Naked and Famous,-,2,1
2018-06-16,3,Fragile,Leslie Clio,-,3,1
2018-06-16,4,No Matter What,Ryan Stevenson Featuring Bart Millard,-,4,1
2018-06-16,5,Ghost Town,Kanye West Featuring PARTYNEXTDOOR,-,5,1
2018-06-16,6,Psycho,Post Malone Featuring Ty Dolla $ign,-,1,7
2018-06-16,7,Violent Crimes,Kanye West,-,7,1
2018-06-16,8,I'm Upset,Drake,-,8,1
2018-06-16,9,Life Eternal,Ghost,-,9,1
2018-06-16,10,Pro Memoria,Ghost,-,10,1
2018-06-16,11,Game Changer,Leslie Clio,-,11,1
2018-06-16,12,Gucci Flip Flops,Bhad Bhabie Featuring Lil Yachty,-,2,3
2018-06-16,13,Yikes,Kanye West,-,13,1
2018-06-16,14,When We,Tank,14,14,2
2018-06-16,15,Faith,Ghost,-,15,1
2018-06-16,16,Nice For What,Drake,-,8,4
2018-06-16,17,I Thought About Killing You,Kanye West,-,17,1
2018-06-16,18,The Remedy For A Broken Heart (Why Am I So In Love),XXXTENTACION,-,13,2
2018-06-16,19,Babe,Sugarland Featuring Taylor Swift,-,19,1
2018-06-16,20,Seeing Blind,Niall Horan & Maren Morris,-,20,1
2018-06-16,21,Freaky Friday,Lil Dicky Featuring Chris Brown,-,3,3
2018-06-16,22,TATI,6ix9ine Featuring DJ SPINKING,-,22,1
2018-06-16,23,Mine,Bazzi,-,5,2
2018-06-16,24,Fake Love,BTS,9,9,2
2018-06-16,25,Solo,Clean Bandit Featuring Demi Lovato,22,11,3
2018-06-23,1,Sad!,XXXTENTACION,-,1,6
2018-06-23,2,Girls Like You,Maroon 5 Featuring Cardi B,1,1,3
2018-06-23,3,XXX.,Kendrick Lamar Featuring U2,-,3,3
2018-06-23,4,I'm Upset,Drake,8,4,2
2018-06-23,5,Samurai Cop (Oh Joy Begin),Dave Matthews Band,-,5,1
2018-06-23,6,I Like It,"Cardi B , Bad Bunny & J Balvin",-,6,4
2018-06-23,7,Start Again,OneRepublic Featuring Logic,-,5,2
2018-06-23,8,Come Tomorrow,Dave Matthews Band Featuring Brandi Carlile,-,8,1
2018-06-23,9,Kiss Somebody,Morgan Evans,-,9,1
2018-06-23,10,More,5 Seconds of Summer,-,10,1
2018-06-23,11,Friends,Marshmello & Anne-Marie,-,5,3
2018-06-23,12,In My Blood,Shawn Mendes,-,1,5
2018-06-23,13,Break Up In The End,Cole Swindell,-,13,1
2018-06-23,14,Tequila,Dan + Shay,-,11,2
2018-06-23,15,Angels,Robbie Williams,-,12,5
2018-06-23,16,Do You Remember,Dave Matthews Band,-,16,1
2018-06-23,17,Simple,Florida Georgia Line,-,17,1
2018-06-23,18,Ghost Town,Kanye West Featuring PARTYNEXTDOOR,5,5,2
2018-06-23,19,Cry Pretty,Carrie Underwood,-,15,3
2018-06-23,20,Be Careful,Cardi B,-,9,3
2018-06-23,21,Coming Home,Keith Urban Featuring Julia Michaels,-,21,1
2018-06-23,22,No Mistakes,Kanye West,-,22,1
2018-06-23,23,Humility,Gorillaz Featuring George Benson,-,23,1
2018-06-23,24,Sin Pijama,Becky G + Natti Natasha,-,24,1
2018-06-23,25,Here On Out,Dave Matthews Band,-,25,1
2018-06-30,1,Sad!,XXXTENTACION,1,1,7
2018-06-30,2,Girls Like You,Maroon 5 Featuring Cardi B,2,1,4
2018-06-30,3,Story Of An Artist,Daniel Johnson,-,3,1
2018-06-30,4,F**k Love,XXXTENTACION Featuring Trippie Redd,-,4,1
2018-06-30,5,All Mine,Kanye West,-,5,1
2018-06-30,6,Changes,XXXTENTACION,-,6,2
2018-06-30,7,XXX.,Kendrick Lamar Featuring U2,3,3,4
2018-06-30,8,Ayala (Outro),XXXTENTACION,-,8,1
2018-06-30,9,Before I Close My Eyes,XXXTENTACION,-,9,1
2018-06-30,10,Orlando,XXXTENTACION,-,10,1
2018-06-30,11,Jocelyn Flores,XXXTENTACION,-,11,9
2018-06-30,12,Moonlight,XXXTENTACION,-,2,3
2018-06-30,13,Hope,XXXTENTACION,-,13,1
2018-06-30,14,Ghost Of You,5 Seconds of Summer,-,14,1
2018-06-30,15,Numb,XXXTENTACION,-,15,1
2018-06-30,16,I'm Upset,Drake,4,4,3
2018-06-30,17,Apeshit,The Carters,-,17,1
2018-06-30,18,The Remedy For A Broken Heart (Why Am I So In Love),XXXTENTACION,-,13,3
2018-06-30,19,Everybody Dies In Their Nightmares,XXXTENTACION,-,19,1
2018-06-30,20,I Like It,"Cardi B , Bad Bunny & J Balvin",6,6,5
2018-06-30,21,Depression & Obsession,XXXTENTACION,-,21,1
2018-06-30,22,Save Me,XXXTENTACION,-,22,1
2018-06-30,23,More,5 Seconds of Summer,10,10,2
2018-06-30,24,"Alone, Part 3",XXXTENTACION,-,24,1
2018-06-30,25,Floor 555,XXXTENTACION,-,25,1
2018-07-07,1,Electric Boogie,Marcia Griffiths,-,1,1
2018-07-07,2,All Mine,Kanye West,5,2,2
2018-07-07,3,Story Of An Artist,Daniel Johnson,3,3,2
2018-07-07,4,Roaring 20s,Panic! At The Disco,-,4,1
2018-07-07,5,Apeshit,The Carters,17,5,2
2018-07-07,6,Zoutelande,BLOF Featuring Geike Arnaert,-,6,1
2018-07-07,7,Dying In LA,Panic! At The Disco,-,7,1
2018-07-07,8,Toto,Noizy Featuring RAF Camora,-,8,1
2018-07-07,9,Te Bote,"Casper Magico , Nio Garcia , Darell , Nicky Jam , Ozuna & Bad Bunny",-,9,2
2018-07-07,10,The Overpass,Panic! At The Disco,-,10,1
2018-07-07,11,Sober,Demi Lovato,-,11,1
2018-07-07,12,One Of The Drunks,Panic! At The Disco,-,12,1
2018-07-07,13,Black Effect,The Carters,-,13,1
2018-07-07,14,Summer,The Carters,-,14,1
2018-07-07,15,Old Fashioned,Panic! At The Disco,-,15,1
2018-07-07,16,Lovehappy,The Carters,-,16,1
2018-07-07,17,King Of The Clouds,Panic! At The Disco,-,17,1
2018-07-07,18,713,The Carters,-,18,1
2018-07-07,19,Say A',A Boogie wit da Hoodie,-,19,1
2018-07-07,20,Born To Be Yours,Kygo & Imagine Dragons,-,20,1
2018-07-07,21,The Light Is Coming,Ariana Grande Featuring Nicki Minaj,-,21,1
2018-07-07,22,Cops Shot The Kid,Nas Featuring Kanye West,-,22,1
2018-07-07,23,Lucid Dreams,Juice WRLD,-,23,1
2018-07-07,24,Sky Full Of Song,Florence + The Machine,-,4,2
2018-07-07,25,Us,James Bay & Alicia Keys,-,25,1
2018-07-14,1,In My Feelings,Drake,-,1,1
2018-07-14,2,God's Plan,Drake,-,1,11
2018-07-14,3,No Matter What,Ryan Stevenson Featuring Bart Millard,-,3,2
2018-07-14,4,Tranz,Gorillaz,-,4,1
2018-07-14,5,Souk Eye,Gorillaz,-,5,1
2018-07-14,6,Don't Matter To Me,Drake Featuring Michael Jackson,-,6,1
2018-07-14,7,Big God,Florence + The Machine,-,7,1
2018-07-14,8,Summer Games,Drake,-,8,1
2018-07-14,9,Roaring 20s,Panic! At The Disco,4,4,2
2018-07-14,10,Fire Flies,Gorillaz,-,10,1
2018-07-14,11,Patricia,Florence + The Machine,-,11,1
2018-07-14,12,Changes,XXXTENTACION,-,6,3
2018-07-14,13,That's How You Feel,Drake,-,13,1
2018-07-14,14,Penthouse,ENO,-,14,1
2018-07-14,15,Jaded,Drake,-,15,1
2018-07-14,16,The Breakup Song,Francesca Battistelli,-,16,1
2018-07-14,17,The End Of Love,Florence + The Machine,-,17,1
2018-07-14,18,Riot,XXXTENTACION,-,18,1
2018-07-14,19,No Tears Left To Cry,Ariana Grande,-,2,3
2018-07-14,20,Blue Tint,Drake,-,20,1
2018-07-14,21,Final Fantasy,Drake,-,21,1
2018-07-14,22,Three Lions,"Baddiel, Skinner & The Lightning Seeds",-,22,1
2018-07-14,23,Sad!,XXXTENTACION,-,1,8
2018-07-14,24,Nonstop,Drake,-,24,1
2018-07-14,25,Sober,Demi Lovato,11,11,2
2018-07-21,1,God's Plan,Drake,2,1,12
2018-07-21,2,In My Feelings,Drake,1,1,2
2018-07-21,3,American Idiot,Green Day,-,3,1
2018-07-21,4,Don't Look Back In Anger,Oasis,-,1,3
2018-07-21,5,No Matter What,Ryan Stevenson Featuring Bart Millard,3,3,3
2018-07-21,6,Three Lions,"Baddiel, Skinner & The Lightning Seeds",22,6,2
2018-07-21,7,Moonlight,XXXTENTACION,-,2,4
2018-07-21,8,I Don't Wanna Do This Anymore,XXXTENTACION,-,8,1
2018-07-21,9,Hostage,Billie Eilish,-,9,1
2018-07-21,10,I'm With You,Vance Joy,-,10,1
2018-07-21,11,Medicine,Queen Naija,-,11,1
2018-07-21,12,Better Now,Post Malone,-,12,3
2018-07-21,13,Don't Go Breaking My Heart,Backstreet Boys,-,13,1
2018-07-21,14,Done For Me,Charlie Puth Featuring Kehlani,-,14,1
2018-07-21,15,Nowadays,Lil Skies Featuring Landon Cube,-,15,1
2018-07-21,16,No Smoke,YoungBoy Never Broke Again,-,16,1
2018-07-21,17,Friends,Marshmello & Anne-Marie,-,5,4
2018-07-21,18,Rockstar,Post Malone Featuring 21 Savage,-,1,15
2018-07-21,19,Taste,Tyga Featuring Offset,-,19,1
2018-07-21,20,Bodak Yellow (Money Moves),Cardi B,-,2,9
2018-07-21,21,In My Feelings,Lana Del Rey,-,21,1
2018-07-21,22,Walk On Minks,Future,-,22,1
2018-07-21,23,Growing Pains,Alessia Cara,-,23,1
2018-07-21,24,KEKE,"6ix9ine , Fetty Wap & A Boogie wit da Hoodie",-,5,2
2018-07-21,25,Scared Of Love,Juice WRLD,-,25,1
2018-07-28,1,IDGAF,Dua Lipa,-,1,1
2018-07-28,2,When We,Tank,-,2,3
2018-07-28,3,Friends,Marshmello & Anne-Marie,17,3,5
2018-07-28,4,"Andante, Andante",ABBA,-,4,1
2018-07-28,5,"My Love, My Life",ABBA,-,5,1
2018-07-28,6,Rockstar,Post Malone Featuring 21 Savage,18,1,16
2018-07-28,7,I Like It,"Cardi B , Bad Bunny & J Balvin",-,6,6
2018-07-28,8,Mi Cama,Karol G & J Balvin Featuring Nicky Jam,-,8,1
2018-07-28,9,Fernando,ABBA,-,9,1
2018-07-28,10,Lucid Dreams,Juice WRLD,-,10,2
2018-07-28,11,Summer,The Carters,-,11,2
2018-07-28,12,Bodak Yellow (Money Moves),Cardi B,20,2,10
2018-07-28,13,God's Plan,Drake,1,1,13
2018-07-28,14,Walk On Minks,Future,22,14,2
2018-07-28,15,I've Been Waiting for You,ABBA,-,15,1
2018-07-28,16,Mamma Mia,ABBA,-,16,1
2018-07-28,17,The Middle,"Zedd , Maren Morris & Grey",-,7,7
2018-07-28,18,Sad!,XXXTENTACION,-,1,9
2018-07-28,19,KEKE,"6ix9ine , Fetty Wap & A Boogie wit da Hoodie",24,5,3
2018-07-28,20,In My Feelings,Drake,2,1,3
2018-07-28,21,Girls Like You,Maroon 5 Featuring Cardi B,-,1,5
2018-07-28,22,Lean Wit Me,Juice WRLD,-,22,1
2018-07-28,23,Taste,Tyga Featuring Offset,19,19,2
2018-07-28,24,November Rain,Guns N' Roses,-,24,1
2018-07-28,25,Outside Today,YoungBoy Never Broke Again,-,25,1
2018-08-04,1,In My Feelings,Drake,20,1,4
2018-08-04,2,"Andante, Andante",ABBA,4,2,2
2018-08-04,3,I Like It,"Cardi B , Bad Bunny & J Balvin",7,3,7
2018-08-04,4,Friends,Marshmello & Anne-Marie,3,3,6
2018-08-04,5,Havana,Camila Cabello Featuring Young Thug,-,1,14
2018-08-04,6,Rockstar,Post Malone Featuring 21 Savage,6,1,17
2018-08-04,7,Bodak Yellow (Money Moves),Cardi B,12,2,11
2018-08-04,8,God Is A Woman,Ariana Grande,-,8,1
2018-08-04,9,Jumpsuit,Twenty One Pilots,-,9,1
2018-08-04,10,"My Love, My Life",ABBA,5,5,2
2018-08-04,11,Freaky Friday,Lil Dicky Featuring Chris Brown,-,3,4
2018-08-04,12,Changes,XXXTENTACION,-,6,4
2018-08-04,13,Mi Cama,Karol G & J Balvin Featuring Nicky Jam,8,8,2
2018-08-04,14,Girls Like You,Maroon 5 Featuring Cardi B,21,1,6
2018-08-04,15,Drug Addicts,Lil Pump,-,15,1
2018-08-04,16,Te Bote,"Casper Magico , Nio Garcia , Darell , Nicky Jam , Ozuna & Bad Bunny",-,9,3
2018-08-04,17,Lucid Dreams,Juice WRLD,10,10,3
2018-08-04,18,FEFE,6ix9ine Featuring Nicki Minaj & Murda Beatz,-,18,1
2018-08-04,19,Solo,Clean Bandit Featuring Demi Lovato,-,11,4
2018-08-04,20,Sober,Demi Lovato,-,11,3
2018-08-04,21,Psycho,Post Malone Featuring Ty Dolla $ign,-,1,8
2018-08-04,22,Boo'd Up,Ella Mai,-,21,2
2018-08-04,23,Be Careful,Cardi B,-,9,4
2018-08-04,24,Kream,Iggy Azalea Feauring Tyga,-,24,1
2018-08-04,25,Natural,Imagine Dragons,-,25,1
2018-08-11,1,In My Feelings,Drake,1,1,5
2018-08-11,2,Girls Like You,Maroon 5 Featuring Cardi B,14,1,7
2018-08-11,3,FEFE,6ix9ine Featuring Nicki Minaj & Murda Beatz,18,3,2
2018-08-11,4,Super Trouper,ABBA,-,4,1
2018-08-11,5,Nevermind,Dennis Lloyd,-,5,1
2018-08-11,6,Nico And The Niners,Twenty One Pilots,-,6,1
2018-08-11,7,I'm A Mess,Bebe Rexha,-,7,1
2018-08-11,8,Back To You,Selena Gomez,-,3,3
2018-08-11,9,You Say,Lauren Daigle,-,9,1
2018-08-11,10,Mamma Mia,"Lily James, Jessica Keenan Wynn & Alexa Davies",-,10,1
2018-08-11,11,Take A Chance On Me,ABBA,-,11,1
2018-08-11,12,All On Me,Devin Dawson,-,12,1
2018-08-11,13,Eastside,"Benny Blanco , Halsey & Khalid",-,13,1
2018-08-11,14,Big God,Florence + The Machine,-,7,2
2018-08-11,15,Blood // Water,Grandson,-,15,1
2018-08-11,16,The End Of Love,Florence + The Machine,-,16,2
2018-08-11,17,Real Rich,Wiz Khalifa Featuring Gucci Mane,-,17,1
2018-08-11,18,Bed,Nicki Minaj Featuring Ariana Grande,-,18,1
2018-08-11,19,Have It All,Jason Mraz,-,19,1
2018-08-11,20,Level Up,Ciara,-,20,1
2018-08-11,21,Lean Wit Me,Juice WRLD,-,21,2
2018-08-11,22,Beautiful,Bazzi Featuring Camila Cabello,-,22,1
2018-08-11,23,Patricia,Florence + The Machine,-,11,2
2018-08-11,24,Ion Get You,Moneybagg Yo,-,24,1
2018-08-11,25,Entertainer,ZAYN,-,25,1
2018-08-18,1,Friends,Marshmello & Anne-Marie,-,1,7
2018-08-18,2,Lucid Dreams,Juice WRLD,-,2,4
2018-08-18,3,In My Feelings,Drake,1,1,6
2018-08-18,4,I Like It,"Cardi B , Bad Bunny & J Balvin",-,3,8
2018-08-18,5,No Brainer,"DJ Khaled Featuring Justin Bieber , Chance the Rapper & Quavo",-,5,1
2018-08-18,6,Super Trouper,ABBA,4,4,2
2018-08-18,7,Bodak Yellow (Money Moves),Cardi B,-,2,12
2018-08-18,8,FEFE,6ix9ine Featuring Nicki Minaj & Murda Beatz,3,3,3
2018-08-18,9,Genie,YoungBoy Never Broke Again,-,9,1
2018-08-18,10,No Tears Left To Cry,Ariana Grande,-,2,4
2018-08-18,11,All On Me,Devin Dawson,12,11,2
2018-08-18,12,Blood // Water,Grandson,15,12,2
2018-08-18,13,Solo,Clean Bandit Featuring Demi Lovato,-,11,5
2018-08-18,14,Get Up,Shinedown,-,14,1
2018-08-18,15,Monsters,Shinedown,-,15,1
2018-08-18,16,Gotti,6ix9ine,-,5,3
2018-08-18,17,You Should See Me In A Crown,Billie Eilish,-,17,1
2018-08-18,18,Rockstar,Post Malone Featuring 21 Savage,-,1,18
2018-08-18,19,I Like Me Better,Lauv,-,11,2
2018-08-18,20,Better Now,Post Malone,-,12,4
2018-08-18,21,Nephew,Smokepurpp Featuring Lil Pump,-,21,1
2018-08-18,22,Girls Like You,Maroon 5 Featuring Cardi B,2,1,8
2018-08-18,23,Mi Cama,Karol G & J Balvin Featuring Nicky Jam,-,8,3
2018-08-18,24,Psycho,Post Malone Featuring Ty Dolla $ign,-,1,9
2018-08-18,25,&burn,Billie Eilish & Vince Staples,-,25,1
2018-08-25,1,In My Feelings,Drake,3,1,7
2018-08-25,2,Respect,Aretha Franklin,-,2,1
2018-08-25,3,I Like It,"Cardi B , Bad Bunny & J Balvin",4,3,9
2018-08-25,4,Think,Aretha Franklin,-,4,1
2018-08-25,5,Lucid Dreams,Juice WRLD,2,2,5
2018-08-25,6,Friends,Marshmello & Anne-Marie,1,1,8
2018-08-25,7,Bodak Yellow (Money Moves),Cardi B,7,2,13
2018-08-25,8,Rockstar,Post Malone Featuring 21 Savage,18,1,19
2018-08-25,9,I Say A Little Prayer,Aretha Franklin,-,9,1
2018-08-25,10,(You Make Me Feel Like) A Natural Woman,Aretha Franklin,-,10,1
2018-08-25,11,Solo,Clean Bandit Featuring Demi Lovato,13,11,6
2018-08-25,12,Mi Cama,Karol G & J Balvin Featuring Nicky Jam,23,8,4
2018-08-25,13,Girls Like You,Maroon 5 Featuring Cardi B,22,1,9
2018-08-25,14,Psycho,Post Malone Featuring Ty Dolla $ign,24,1,10
2018-08-25,15,Sicko Mode,Travis Scott,-,15,1
2018-08-25,16,Freaky Friday,Lil Dicky Featuring Chris Brown,-,3,5
2018-08-25,17,Be Careful,Cardi B,-,9,5
2018-08-25,18,God's Plan,Drake,-,1,14
2018-08-25,19,No Tears Left To Cry,Ariana Grande,10,2,5
2018-08-25,20,Super Trouper,ABBA,6,4,3
2018-08-25,21,Chain Of Fools,Aretha Franklin,-,21,1
2018-08-25,22,Better Now,Post Malone,20,12,5
2018-08-25,23,Bartier Cardi,Cardi B Featuring 21 Savage,-,14,2
2018-08-25,24,Levitate,Twenty One Pilots,-,24,1
2018-08-25,25,Taste,Tyga Featuring Offset,-,19,3
2018-09-01,1,Da Zero A Cento,Baby K,-,1,1
2018-09-01,2,Heaven On Earth,Stars Go Dim,-,2,1
2018-09-01,3,Yellow,Coldplay,-,3,1
2018-09-01,4,Big Shot,Kendrick Lamar & Travis Scott,-,4,3
2018-09-01,5,Betrayed,Lil Xan,-,5,1
2018-09-01,6,Ganja Burns,Nicki Minaj,-,6,1
2018-09-01,7,I'm With You,Vance Joy,-,7,2
2018-09-01,8,Houstonfornication,Travis Scott,-,8,1
2018-09-01,9,60 & Punk,Death Cab for Cutie,-,9,1
2018-09-01,10,Ring,Cardi B Featuring Kehlani,-,10,1
2018-09-01,11,Flames,David Guetta & Sia,-,11,1
2018-09-01,12,God Is A Woman,Ariana Grande,-,8,2
2018-09-01,13,Barbie Dreams,Nicki Minaj,-,13,1
2018-09-01,14,Mala Mia,Maluma,-,14,1
2018-09-01,15,Solar Eclipse,YoungBoy Never Broke Again,-,15,1
2018-09-01,16,W.L.G,Niska,-,16,1
2018-09-01,17,No Matter What,Ryan Stevenson Featuring Bart Millard,-,3,4
2018-09-01,18,Beautiful In White,Shane Filan,-,18,1
2018-09-01,19,Chain Of Fools,Aretha Franklin,21,19,2
2018-09-01,20,"My Love, My Life","Amanda Seyfried, Lily James & Meryl Streep",-,20,1
2018-09-01,21,You Say,Lauren Daigle,-,9,2
2018-09-01,22,Natural,Imagine Dragons,-,22,2
2018-09-01,23,Come Back To Earth,Mac Miller,-,23,1
2018-09-01,24,Majesty,Nicki Minaj Featuring Eminem & Labrinth,-,24,1
2018-09-01,25,Killing Me,Ikon,-,25,1
2018-09-08,1,God Is A Woman,Ariana Grande,12,1,3
2018-09-08,2,No Matter What,Ryan Stevenson Featuring Bart Millard,17,2,5
2018-09-08,3,Sweetener,Ariana Grande,-,3,1
2018-09-08,4,Feels Like Summer,Childish Gambino,-,4,1
2018-09-08,5,Celoso,Lele Pons,-,5,1
2018-09-08,6,Breathin,Ariana Grande,-,6,1
2018-09-08,7,Us,James Bay & Alicia Keys,-,7,2
2018-09-08,8,Moscow Mule,Benji & Fede,-,8,1
2018-09-08,9,Nera,Irama,-,9,1
2018-09-08,10,Em Calls Paul,Eminem,-,10,1
2018-09-08,11,Dior 2001,RIN,-,11,1
2018-09-08,12,Goodnight N Go,Ariana Grande,-,12,1
2018-09-08,13,A Rose Is Still A Rose,Aretha Franklin,-,13,1
2018-09-08,14,Chanel (Go Get It),Young Thug Featuring Gunna & Lil Baby,-,14,1
2018-09-08,15,Ain't No Way,Aretha Franklin,-,15,1
2018-09-08,16,Simple,Florida Georgia Line,-,16,2
2018-09-08,17,I Might Need Security,Chance the Rapper,-,17,1
2018-09-08,18,Natural,Imagine Dragons,22,18,3
2018-09-08,19,September,Daughtry,-,19,1
2018-09-08,20,Trip,Ella Mai,-,20,1
2018-09-08,21,Dangerous,Meek Mill Featuring Jeremih & PnB Rock,-,21,1
2018-09-08,22,Blazed,Ariana Grande Featuring Pharrell Williams,-,22,1
2018-09-08,23,Everytime,Ariana Grande,-,23,1
2018-09-08,24,High Hopes,Panic! At The Disco,-,18,2
2018-09-08,25,W O R K I N  M E,Quavo,-,25,1
2018-09-15,1,Feels Like Summer,Childish Gambino,4,1,2
2018-09-15,2,I Might Need Security,Chance the Rapper,17,2,2
2018-09-15,3,Come Back To Earth,Mac Miller,-,3,2
2018-09-15,4,Pete Davidson,Ariana Grande,-,4,1
2018-09-15,5,2009,Mac Miller,-,5,1
2018-09-15,6,IDOL,BTS Featuring Nicki Minaj,-,6,1
2018-09-15,7,(You Make Me Feel Like) A Natural Woman,Aretha Franklin,-,7,2
2018-09-15,8,God Is A Woman,Ariana Grande,1,1,4
2018-09-15,9,Who Cares,Paul McCartney,-,9,1
2018-09-15,10,Lake Effect Kid,Fall Out Boy,-,10,1
2018-09-15,11,Facetime,Dardan,-,11,1
2018-09-15,12,The Festival,Mac Miller Featuring Little Dragon,-,12,1
2018-09-15,13,Simple,Florida Georgia Line,16,13,3
2018-09-15,14,Dunno,Mac Miller,-,14,1
2018-09-15,15,"God Is Fair, Sexy Nasty",Mac Miller Featuring Kendrick Lamar,-,15,1
2018-09-15,16,Happier,Marshmello & Bastille,-,16,1
2018-09-15,17,D'estate Non Vale,Fred de Palma Featuring Ana Mena,-,17,1
2018-09-15,18,Em Calls Paul,Eminem,10,10,2
2018-09-15,19,Missed Calls,Mac Miller,-,19,1
2018-09-15,20,I'm Fine,BTS,-,20,1
2018-09-15,21,I Am Who They Say I Am,YoungBoy Never Broke Again Featuring Kevin Gates & Quando Rondo,-,21,1
2018-09-15,22,Hola,Ozuna,-,22,1
2018-09-15,23,Self Care,Mac Miller,-,23,1
2018-09-15,24,Dangerous,Meek Mill Featuring Jeremih & PnB Rock,21,21,2
2018-09-15,25,Ladders,Mac Miller,-,25,1
2018-09-22,1,Not Alike,Eminem Featuring Royce Da 5'9,-,1,1
2018-09-22,2,Rap Devil,Machine Gun Kelly,-,2,1
2018-09-22,3,Tranz,Gorillaz,-,3,2
2018-09-22,4,Fall,Eminem,-,4,1
2018-09-22,5,2009,Mac Miller,5,5,2
2018-09-22,6,The Ringer,Eminem,-,6,1
2018-09-22,7,Stepping Stone,Eminem,-,7,1
2018-09-22,8,Venom,Eminem,-,8,1
2018-09-22,9,Lucky You,Eminem Featuring Joyner Lucas,-,9,1
2018-09-22,10,Kamikaze,Eminem,-,10,1
2018-09-22,11,Facetime,Dardan,11,11,2
2018-09-22,12,Normal,Eminem,-,12,1
2018-09-22,13,Ladders,Mac Miller,25,13,2
2018-09-22,14,BEBE,6ix9ine Featuring Anuel AA,-,14,1
2018-09-22,15,Best Day Ever,Mac Miller,-,15,1
2018-09-22,16,Album Of The Year (Freestyle),J. Cole,-,16,1
2018-09-22,17,Good Guy,Eminem Featuring Jessie Reyez,-,17,1
2018-09-22,18,FEFE,6ix9ine Featuring Nicki Minaj & Murda Beatz,-,3,4
2018-09-22,19,Nice Guy,Eminem & Jessie Reyez,-,19,1
2018-09-22,20,Em Calls Paul,Eminem,18,10,3
2018-09-22,21,Natural,Imagine Dragons,-,18,4
2018-09-22,22,Shrike,Hozier,-,22,1
2018-09-22,23,Despite Repeated Warnings,Paul McCartney,-,23,1
2018-09-22,24,Greatest,Eminem,-,24,1
2018-09-22,25,Eastside,"Benny Blanco , Halsey & Khalid",-,13,2
2018-09-29,1,Rap Devil,Machine Gun Kelly,2,1,2
2018-09-29,2,Venom,Eminem,8,2,2
2018-09-29,3,Not Alike,Eminem Featuring Royce Da 5'9,1,1,2
2018-09-29,4,FEFE,6ix9ine Featuring Nicki Minaj & Murda Beatz,18,3,5
2018-09-29,5,Shrike,Hozier,22,5,2
2018-09-29,6,Nina Cried Power,Hozier Featuring Mavis Staples,-,6,1
2018-09-29,7,Lucid Dreams,Juice WRLD,-,2,6
2018-09-29,8,Boo'd Up,Ella Mai,-,8,3
2018-09-29,9,The Ringer,Eminem,6,6,2
2018-09-29,10,September,"Earth, Wind & Fire",-,10,1
2018-09-29,11,I Love It,Kanye West & Lil Pump,-,11,1
2018-09-29,12,I'm With You,Vance Joy,-,7,3
2018-09-29,13,Look Up Child,Lauren Daigle,-,13,1
2018-09-29,14,Trip,Ella Mai,-,14,2
2018-09-29,15,IDOL,BTS Featuring Nicki Minaj,-,6,2
2018-09-29,16,Aura,Ozuna Featuring Arthur Hanlon,-,16,1
2018-09-29,17,I Like It,"Cardi B , Bad Bunny & J Balvin",-,3,10
2018-09-29,18,All Girls Are The Same,Juice WRLD,-,18,2
2018-09-29,19,Through The Storm,YoungBoy Never Broke Again,-,19,1
2018-09-29,20,Gummo,6ix9ine,-,20,1
2018-09-29,21,Be Careful,Cardi B,-,9,6
2018-09-29,22,Ring,Cardi B Featuring Kehlani,-,10,2
2018-09-29,23,Youngblood,5 Seconds of Summer,-,23,1
2018-09-29,24,September,Daughtry,-,19,2
2018-09-29,25,Fr Fr,Wiz Khalifa Featuring Lil Skies,-,25,1
2018-10-06,1,The Ringer,Eminem,9,1,3
2018-10-06,2,Killshot,Eminem,-,2,1
2018-10-06,3,FEFE,6ix9ine Featuring Nicki Minaj & Murda Beatz,4,3,6
2018-10-06,4,Nina Cried Power,Hozier Featuring Mavis Staples,6,4,2
2018-10-06,5,Falling Down,Lil Peep & XXXTENTACION,-,5,1
2018-10-06,6,New Patek,Lil Uzi Vert,-,6,1
2018-10-06,7,This Girl,Lauren Daigle,-,7,1
2018-10-06,8,Mo Bamba,Sheck Wes,-,8,1
2018-10-06,9,Rockstar,Post Malone Featuring 21 Savage,-,1,20
2018-10-06,10,Better Now,Post Malone,-,10,6
2018-10-06,11,Counting Every Blessing,Rend Collective,-,11,1
2018-10-06,12,Murder On My Mind,YNW Melly,-,12,1
2018-10-06,13,Shotgun,George Ezra,-,13,2
2018-10-06,14,Wasted,Juice WRLD Featuring Lil Uzi Vert,-,14,1
2018-10-06,15,Lucid Dreams,Juice WRLD,7,2,7
2018-10-06,16,5 Dollars,Christine and the Queens,-,16,1
2018-10-06,17,Head Above Water,Avril Lavigne,-,17,1
2018-10-06,18,Trip,Ella Mai,14,14,3
2018-10-06,19,Dior 2001,RIN,-,11,2
2018-10-06,20,Love Lies,Khalid & Normani,-,9,4
2018-10-06,21,Taste,Tyga Featuring Offset,-,19,4
2018-10-06,22,Drew Barrymore,Bryce Vine,-,22,1
2018-10-06,23,Trip (Quemix),Jacquees,-,23,1
2018-10-06,24,Girls Like You,Maroon 5 Featuring Cardi B,-,1,10
2018-10-06,25,Nowadays,Lil Skies Featuring Landon Cube,-,15,2
2018-10-13,1,I Love It,Kanye West & Lil Pump,-,1,2
2018-10-13,2,Shallow,Lady Gaga & Bradley Cooper,-,2,1
2018-10-13,3,Venom,Eminem,-,2,3
2018-10-13,4,La Boheme,Charles Aznavour,-,4,1
2018-10-13,5,New Patek,Lil Uzi Vert,6,5,2
2018-10-13,6,Black Eyes,Bradley Cooper,-,6,1
2018-10-13,7,I'll Never Love Again,Lady Gaga,-,7,1
2018-10-13,8,Don't Cry,Lil Wayne Featuring XXXTENTACION,-,8,1
2018-10-13,9,The Old Fashioned Way,Charles Aznavour,-,9,1
2018-10-13,10,Apres L'amour,Charles Aznavour,-,10,1
2018-10-13,11,Me Too,Kevin Gates,-,11,1
2018-10-13,12,Mes Emmerdes,Charles Aznavour,-,12,1
2018-10-13,13,Mo Bamba,Sheck Wes,8,8,2
2018-10-13,14,In Your Face,Cat Power,-,14,1
2018-10-13,15,Mona Lisa,Lil Wayne Featuring Kendrick Lamar,-,15,1
2018-10-13,16,Nous Nous Reverrons Un Jour Ou L Autre,Charles Aznavour,-,16,1
2018-10-13,17,Let It All Work Out,Lil Wayne,-,17,1
2018-10-13,18,Ella Quiere Beber,Anuel AA & Romeo Santos,-,18,1
2018-10-13,19,Adding Up,Kevin Gates,-,19,1
2018-10-13,20,Always Remember Us This Way,Lady Gaga,-,20,1
2018-10-13,21,Emmenez Moi,Charles Aznavour,-,21,1
2018-10-13,22,Non Je N'ai Rien Oublie,Charles Aznavour,-,22,1
2018-10-13,23,For Me Formidable,Charles Aznavour,-,23,1
2018-10-13,24,Uproar,Lil Wayne,-,24,1
2018-10-13,25,Morph,Twenty One Pilots,-,25,1
2018-10-20,1,Shallow,Lady Gaga & Bradley Cooper,-,1,1
2018-10-20,2,Black Eyes,Bradley Cooper,-,2,1
2018-10-20,3,Baby Shark,Pinkfong,-,3,1
2018-10-20,4,Chlorine,Twenty One Pilots,-,4,1
2018-10-20,5,Girls Like You,Maroon 5 Featuring Cardi B,-,1,11
2018-10-20,6,Neon Gravestones,Twenty One Pilots,-,6,1
2018-10-20,7,I'll Never Love Again,Lady Gaga,7,7,2
2018-10-20,8,Cut My Lip,Twenty One Pilots,-,8,1
2018-10-20,9,BEBE,6ix9ine Featuring Anuel AA,-,9,2
2018-10-20,10,Close Friends,Lil Baby,-,10,1
2018-10-20,11,FEFE,6ix9ine Featuring Nicki Minaj & Murda Beatz,-,3,7
2018-10-20,12,Find You Again,Kevin Gates,-,12,1
2018-10-20,13,Morph,Twenty One Pilots,25,13,2
2018-10-20,14,Mo Bamba,Sheck Wes,13,8,3
2018-10-20,15,STOOPID,6ix9ine Featuring Bobby Shmurda,-,15,1
2018-10-20,16,Gummo,6ix9ine,-,16,2
2018-10-20,17,Sicko Mode,Travis Scott,-,15,2
2018-10-20,18,Dile Que Tu Me Quieres,Ozuna,-,18,1
2018-10-20,19,Taki Taki,"DJ Snake Featuring Selena Gomez , Ozuna & Cardi B",-,19,1
2018-10-20,20,Drip Too Hard,Lil Baby & Gunna,-,20,1
2018-10-20,21,A Reason To Fight,Disturbed,-,21,1
2018-10-20,22,Black,Cat Power,-,22,1
2018-10-20,23,Trip,Ella Mai,-,14,4
2018-10-20,24,Hostage,Billie Eilish,-,9,2
2018-10-20,25,Let You Love Me,Rita Ora,-,25,1
2018-10-27,1,Baby Shark,Pinkfong,3,1,2
2018-10-27,2,STOOPID,6ix9ine Featuring Bobby Shmurda,15,2,2
2018-10-27,3,Without Me,Halsey,-,3,1
2018-10-27,4,Can't Run But,Paul Simon,-,4,1
2018-10-27,5,Rockstar,Post Malone Featuring 21 Savage,-,1,21
2018-10-27,6,Always Remember Us This Way,Lady Gaga,-,6,2
2018-10-27,7,5 Dollars,Christine and the Queens,-,7,2
2018-10-27,8,Don't Know,Kevin Gates,-,8,1
2018-10-27,9,Pretty Little Fears,6LACK Featuring J. Cole,-,9,1
2018-10-27,10,Is That Alright?,Lady Gaga,-,10,1
2018-10-27,11,Easy,Ella Mai,-,11,1
2018-10-27,12,Taki Taki,"DJ Snake Featuring Selena Gomez , Ozuna & Cardi B",19,12,2
2018-10-27,13,Are You Ready,Disturbed,-,13,1
2018-10-27,14,M.A.T.A.,Kevin Gates,-,14,1
2018-10-27,15,Don't Cry,Lil Wayne Featuring XXXTENTACION,-,8,2
2018-10-27,16,Whatchamacallit,Ella Mai Featuring Chris Brown,-,16,1
2018-10-27,17,Let It Fly,Lil Wayne Featuring Travis Scott,-,17,1
2018-10-27,18,Black Eyes,Bradley Cooper,2,2,2
2018-10-27,19,Close Friends,Lil Baby,10,10,2
2018-10-27,20,Demon Seed,YoungBoy Never Broke Again,-,20,1
2018-10-27,21,Drip Too Hard,Lil Baby & Gunna,20,20,2
2018-10-27,22,Thursday,Jess Glynne,-,22,1
2018-10-27,23,Happier,Marshmello & Bastille,-,16,2
2018-10-27,24,Before I Cry,Lady Gaga,-,24,1
2018-10-27,25,NFWMB,Hozier,-,25,1
2018-11-03,1,Bohemian Rhapsody,Queen,-,1,1
2018-11-03,2,ZEZE,Kodak Black Featuring Travis Scott & Offset,-,2,1
2018-11-03,3,Sunflower (Spider-Man: Into The Spider-Verse),Post Malone & Swae Lee,-,3,1
2018-11-03,4,Sicko Mode,Travis Scott,-,4,3
2018-11-03,5,We Are The Champions,Queen,-,5,1
2018-11-03,6,Fat Bottomed Girls,Queen,-,6,1
2018-11-03,7,I'll Never Love Again,Lady Gaga,-,7,3
2018-11-03,8,MIA,Bad Bunny Featuring Drake,-,8,1
2018-11-03,9,Love Of My Life,Queen + Paul Rodgers,-,9,1
2018-11-03,10,Always Remember Us This Way,Lady Gaga,6,6,3
2018-11-03,11,All Day Long,Garth Brooks,-,11,1
2018-11-03,12,Without Me,Halsey,3,3,2
2018-11-03,13,'39,Queen,-,13,1
2018-11-03,14,Somebody To Love,Queen,-,14,1
2018-11-03,15,Killer Queen,Queen,-,15,1
2018-11-03,16,Maybe It's Time,Bradley Cooper,-,16,1
2018-11-03,17,Who Wants To Live Forever,Queen,-,17,1
2018-11-03,18,Flip The Switch,Quavo Featuring Drake,-,18,1
2018-11-03,19,Crazy Little Thing Called Love,Queen,-,19,1
2018-11-03,20,Money Bag,Cardi B,-,20,1
2018-11-03,21,Don't Stop Me Now,Queen,-,21,1
2018-11-03,22,Mo Bamba,Sheck Wes,-,8,4
2018-11-03,23,Hold My Girl,George Ezra,-,23,1
2018-11-03,24,Fine China,Future & Juice WRLD,-,24,1
2018-11-03,25,I Want To Break Free,Queen,-,25,1
2018-11-10,1,Bohemian Rhapsody,Queen,1,1,2
2018-11-10,2,Without Me,Halsey,12,2,3
2018-11-10,3,Sicko Mode,Travis Scott,4,3,4
2018-11-10,4,Killer Queen,Queen,15,4,2
2018-11-10,5,Crazy Little Thing Called Love,Queen,19,5,2
2018-11-10,6,Love Of My Life,Queen + Paul Rodgers,9,6,2
2018-11-10,7,Mo Bamba,Sheck Wes,22,7,5
2018-11-10,8,Arms Around You,XXXTENTACION x Lil Pump Featuring Maluma & Swae Lee,-,8,1
2018-11-10,9,Saturday Sun,Vance Joy,-,9,1
2018-11-10,10,Another One Bites The Dust,Queen,-,10,1
2018-11-10,11,Taki Taki,"DJ Snake Featuring Selena Gomez , Ozuna & Cardi B",-,11,3
2018-11-10,12,Radio Ga Ga,Queen,-,12,1
2018-11-10,13,Venom,Eminem,-,2,4
2018-11-10,14,We Are The Champions,Queen,5,5,2
2018-11-10,15,Message Man,Twenty One Pilots,-,15,1
2018-11-10,16,When The Party's Over,Billie Eilish,-,16,1
2018-11-10,17,Kiss And Make Up,Dua Lipa & BLACKPINK,-,17,1
2018-11-10,18,Waste It On Me,Steve Aoki Featuring BTS,-,18,1
2018-11-10,19,Money,Cardi B,-,19,1
2018-11-10,20,Wanted U,Joji,-,20,1
2018-11-10,21,Get Dripped,Lil Yachty Featuring Playboi Carti,-,21,1
2018-11-10,22,Dip,Tyga & Nicki Minaj,-,22,1
2018-11-10,23,Girls Need Love,Summer Walker X Drake,-,23,1
2018-11-10,24,Pull Up,Lil Mosey,-,24,1
2018-11-10,25,ZEZE,Kodak Black Featuring Travis Scott & Offset,2,2,2
2018-11-17,1,Bohemian Rhapsody,Queen,1,1,3
2018-11-17,2,Killer Queen,Queen,4,2,3
2018-11-17,3,Better Now,Post Malone,-,3,7
2018-11-17,4,Another One Bites The Dust,Queen,10,4,2
2018-11-17,5,I Want To Break Free,Queen,-,5,2
2018-11-17,6,We Are The Champions,Queen,14,5,3
2018-11-17,7,Youngblood,5 Seconds of Summer,-,7,2
2018-11-17,8,Sunflower (Spider-Man: Into The Spider-Verse),Post Malone & Swae Lee,-,3,2
2018-11-17,9,Don't Stop Me Now,Queen,-,9,2
2018-11-17,10,Fat Bottomed Girls,Queen,-,6,2
2018-11-17,11,The Walker (La Marcheuse),Christine and the Queens,-,11,1
2018-11-17,12,Natural,Imagine Dragons,-,12,5
2018-11-17,13,Shallow,Lady Gaga & Bradley Cooper,-,1,2
2018-11-17,14,We Will Rock You,Queen,-,14,1
2018-11-17,15,"Thank U, Next",Ariana Grande,-,15,1
2018-11-17,16,Dip,Tyga & Nicki Minaj,22,16,2
2018-11-17,17,Money,Cardi B,19,17,2
2018-11-17,18,Thursday,Jess Glynne,-,18,2
2018-11-17,19,Wake Up In The Sky,Gucci Mane X Bruno Mars X Kodak Black,-,19,1
2018-11-17,20,Killshot,Eminem,-,2,2
2018-11-17,21,The Dark Side,Muse,-,21,1
2018-11-17,22,Something Human,Muse,-,22,1
2018-11-17,23,Dig Down,Muse,-,23,1
2018-11-17,24,I'll Never Love Again,Lady Gaga,-,7,4
2018-11-17,25,Drip Too Hard,Lil Baby & Gunna,-,20,3
2018-11-24,1,"Thank U, Next",Ariana Grande,15,1,2
2018-11-24,2,Bad Liar,Imagine Dragons,-,2,1
2018-11-24,3,10 Freaky Girls,Metro Boomin Featuring 21 Savage,-,3,1
2018-11-24,4,Last Christmas,Wham!,-,4,1
2018-11-24,5,Money,Cardi B,17,5,3
2018-11-24,6,Drip Too Hard,Lil Baby & Gunna,25,6,4
2018-11-24,7,Natural,Imagine Dragons,12,7,6
2018-11-24,8,ZEZE,Kodak Black Featuring Travis Scott & Offset,-,2,3
2018-11-24,9,Better Now,Post Malone,3,3,8
2018-11-24,10,Let It Snow! Let It Snow! Let It Snow!,Dean Martin,-,10,1
2018-11-24,11,Don't Come Out The House,Metro Boomin Featuring 21 Savage,-,11,1
2018-11-24,12,Bullet In A Gun,Imagine Dragons,-,12,1
2018-11-24,13,Blue Christmas,Elvis Presley,-,13,1
2018-11-24,14,I'll Never Love Again,Lady Gaga,24,7,5
2018-11-24,15,Birds,Imagine Dragons Featuring Elisa,-,15,1
2018-11-24,16,White Christmas (1947),Bing Crosby With Ken Darby Singers & John Scott Trotter & His Orchestra,-,16,1
2018-11-24,17,W O R K I N  M E,Quavo,-,17,2
2018-11-24,18,Flatbed Freestyle,Playboi Carti,-,18,1
2018-11-24,19,Reindeer(s) Are Better Than People,Christophe Beck,-,19,1
2018-11-24,20,Meer,Luciano,-,20,1
2018-11-24,21,The Greatest Show,Panic! At The Disco,-,21,1
2018-11-24,22,Merry Christmas Baby,Elvis Presley,-,22,1
2018-11-24,23,Topanga,Trippie Redd,-,23,1
2018-11-24,24,Space Cadet,Metro Boomin Featuring Gunna,-,24,1
2018-11-24,25,Talk To Me,Tory Lanez & Rich The Kid,-,25,1
2018-12-01,1,Farewell,Rod Stewart,-,1,1
2018-12-01,2,42,Mumford & Sons,-,2,1
2018-12-01,3,Don't Come Out The House,Metro Boomin Featuring 21 Savage,11,3,2
2018-12-01,4,Beloved,Mumford & Sons,-,4,1
2018-12-01,5,I Like It,"Cardi B , Bad Bunny & J Balvin",-,3,11
2018-12-01,6,Forever,Mumford & Sons,-,6,1
2018-12-01,7,Woman,Mumford & Sons,-,7,1
2018-12-01,8,"You're A Mean One, Mr. Grinch",Thurl Ravenscroft,-,8,1
2018-12-01,9,Darkness Visible,Mumford & Sons,-,9,1
2018-12-01,10,Wild Heart,Mumford & Sons,-,10,1
2018-12-01,11,Delta,Mumford & Sons,-,11,1
2018-12-01,12,Rose Of Sharon,Mumford & Sons,-,12,1
2018-12-01,13,10 Freaky Girls,Metro Boomin Featuring 21 Savage,3,3,2
2018-12-01,14,BEBE,6ix9ine Featuring Anuel AA,-,9,3
2018-12-01,15,Picture You,Mumford & Sons,-,15,1
2018-12-01,16,FEFE,6ix9ine Featuring Nicki Minaj & Murda Beatz,-,3,8
2018-12-01,17,Slip Away,Mumford & Sons,-,17,1
2018-12-01,18,Jaloux,Dadju,-,18,1
2018-12-01,19,October Skies,Mumford & Sons,-,19,1
2018-12-01,20,Christmas Wrapping,The Waitresses,-,20,1
2018-12-01,21,Prima di Ogni Cosa,Fedez,-,21,1
2018-12-01,22,Imposible,Luis Fonsi + Ozuna,-,22,1
2018-12-01,23,Bella,MHD Featuring Wizkid,-,23,1
2018-12-01,24,The Wild,Mumford & Sons,-,24,1
2018-12-01,25,White Christmas (1947),Bing Crosby With Ken Darby Singers & John Scott Trotter & His Orchestra,16,16,2
2018-12-08,1,Bohemian Rhapsody,Queen,-,1,4
2018-12-08,2,"You're A Mean One, Mr. Grinch",Thurl Ravenscroft,8,2,2
2018-12-08,3,Radio Ga Ga,Queen,-,3,2
2018-12-08,4,We Are The Champions,Queen,-,4,4
2018-12-08,5,Christmas Wrapping,The Waitresses,20,5,2
2018-12-08,6,Have Yourself A Merry Little Christmas,Judy Garland With Georgie Stoll & His Orchestra,-,5,2
2018-12-08,7,Sunflower (Spider-Man: Into The Spider-Verse),Post Malone & Swae Lee,-,3,3
2018-12-08,8,Love Of My Life,Queen + Paul Rodgers,-,6,3
2018-12-08,9,A New York Christmas,Rob Thomas,-,9,1
2018-12-08,10,"Baby, It's Cold Outside",She & Him,-,10,1
2018-12-08,11,Hallelujah,Leonard Cohen,-,1,8
2018-12-08,12,Fairytale Of New York,The Pogues Featuring Kirsty MacColl,-,12,5
2018-12-08,13,Good Form,Nicki Minaj Featuring Lil Wayne,-,13,1
2018-12-08,14,Blue Christmas,Michael Buble,-,14,1
2018-12-08,15,Do They Know It's Christmas?,Band Aid 20,-,15,1
2018-12-08,16,Donde Esta Santa Claus?,Augie Rios,-,16,1
2018-12-08,17,Silent Night,Sinead O'Connor,-,17,1
2018-12-08,18,Blue Flower,Mazzy Star,-,18,1
2018-12-08,19,Happy Xmas (War Is Over),John & Yoko/The Plastic Ono Band With The Harlem Community Choir,-,19,1
2018-12-08,20,All I Want For Christmas Is You,Mariah Carey,-,4,10
2018-12-08,21,Love Me Like That (Champion Love),Ella Mai,-,21,1
2018-12-08,22,Jingle Bells,Boney M .,-,9,3
2018-12-08,23,Wild Heart,Mumford & Sons,10,10,2
2018-12-08,24,Woman,Mumford & Sons,7,7,2
2018-12-08,25,Armed And Dangerous,Juice WRLD,-,25,1
2018-12-15,1,"You're A Mean One, Mr. Grinch",Thurl Ravenscroft,2,1,3
2018-12-15,2,Last Christmas,Wham!,-,2,2
2018-12-15,3,MALA,6ix9ine Featuring Anuel AA,-,3,1
2018-12-15,4,"Thank U, Next",Ariana Grande,-,1,3
2018-12-15,5,Have Yourself A Merry Little Christmas,Judy Garland With Georgie Stoll & His Orchestra,6,5,3
2018-12-15,6,Shallow,Lady Gaga & Bradley Cooper,-,2,2
2018-12-15,7,"Baby, It's Cold Outside",She & Him,10,7,2
2018-12-15,8,Love Me Like That (Champion Love),Ella Mai,21,8,2
2018-12-15,9,Christmas Wrapping,The Waitresses,5,5,3
2018-12-15,10,Fairytale Of New York,The Pogues Featuring Kirsty MacColl,12,10,6
2018-12-15,11,Good Guy,Eminem Featuring Jessie Reyez,-,11,2
2018-12-15,12,TIC TOC,6ix9ine Featuring Lil Baby,-,12,1
2018-12-15,13,Shea Butter Baby,Ari Lennox & J. Cole,-,13,1
2018-12-15,14,KIKA,6ix9ine Featuring Tory Lanez,-,14,1
2018-12-15,15,WAKA,6ix9ine Featuring A Boogie wit da Hoodie,-,15,1
2018-12-15,16,Sunflower (Spider-Man: Into The Spider-Verse),Post Malone & Swae Lee,7,3,4
2018-12-15,17,All I Want For Christmas Is You,Mariah Carey,20,4,11
2018-12-15,18,MAMA,6ix9ine Featuring Nicki Minaj & Kanye West,-,18,1
2018-12-15,19,Armed And Dangerous,Juice WRLD,25,19,2
2018-12-15,20,Introduction (Instructions),XXXTENTACION,-,20,1
2018-12-15,21,Jingle Bells,Boney M .,22,9,4
2018-12-15,22,Without Me,Halsey,-,2,4
2018-12-15,23,I'll Never Love Again,Lady Gaga,-,7,6
2018-12-15,24,Come Out And Play,Billie Eilish,-,24,1
2018-12-15,25,I Like America & America Likes Me,The 1975,-,25,1
2018-12-22,1,Santa Baby,Eartha Kitt With Henri Rene And His Orchestra,-,1,1
2018-12-22,2,Last Christmas,Wham!,2,2,3
2018-12-22,3,XNXX,Joji,-,3,1
2018-12-22,4,Sunflower (Spider-Man: Into The Spider-Verse),Post Malone & Swae Lee,16,3,5
2018-12-22,5,Do They Know It's Christmas? (2014),Band Aid 30,-,5,1
2018-12-22,6,Delta,Mumford & Sons,-,6,2
2018-12-22,7,Guardian Angel,XXXTENTACION,-,7,1
2018-12-22,8,Happy Xmas (War Is Over),John & Yoko/The Plastic Ono Band With The Harlem Community Choir,-,8,2
2018-12-22,9,Calling My Spirit,Kodak Black,-,9,1
2018-12-22,10,Going Bad,Meek Mill Featuring Drake,-,10,1
2018-12-22,11,Introduction (Instructions),XXXTENTACION,20,11,2
2018-12-22,12,I Don't Let Go,XXXTENTACION,-,12,1
2018-12-22,13,Staring At The Sky,XXXTENTACION,-,13,1
2018-12-22,14,Nothing Breaks Like A Heart,Mark Ronson Featuring Miley Cyrus,-,14,1
2018-12-22,15,Nuketown,Ski Mask The Slump God Featuring Juice WRLD,-,15,1
2018-12-22,16,Pure Cocaine,Lil Baby,-,16,1
2018-12-22,17,What Are You So Afraid Of,XXXTENTACION,-,17,1
2018-12-22,18,Train Food,XXXTENTACION,-,18,1
2018-12-22,19,Twelve Pains Of Christmas,Bob Rivers,-,19,1
2018-12-22,20,Time,Lil Baby Featuring Meek Mill,-,20,1
2018-12-22,21,Difference (Interlude),XXXTENTACION,-,21,1
2018-12-22,22,We Wish You A Merry Christmas,Enya,-,22,1
2018-12-22,23,One Minute,XXXTENTACION Featuring Kanye West & Travis Barker,-,23,1
2018-12-22,24,LA LA,Ski Mask The Slump God,-,24,1
2018-12-22,25,Foot Fungus,Ski Mask The Slump God,-,25,1
2019-01-05,1,A Cover Is Not The Book,"Emily Blunt , Lin-Manuel Miranda & Company",-,1,1
2019-01-05,2,Zero,Imagine Dragons,-,2,1
2019-01-05,3,Let Go,Beau Young Prince,-,3,1
2019-01-05,4,Shallow,Lady Gaga & Bradley Cooper,-,2,3
2019-01-05,5,Happy New Year,ABBA,-,3,3
2019-01-05,6,Sunflower (Spider-Man: Into The Spider-Verse),Post Malone & Swae Lee,4,3,7
2019-01-05,7,New Year's Day,U2,-,4,2
2019-01-05,8,Way Up,Jaden Smith,-,8,1
2019-01-05,9,Maybe It's Time,Bradley Cooper,-,9,2
2019-01-05,10,Imagine,Ariana Grande,-,10,1
2019-01-05,11,Better Now,Post Malone,-,3,9
2019-01-05,12,Start A Riot,DUCKWRTH & Shaboozey,-,12,1
2019-01-05,13,Apeshit,The Carters,-,5,3
2019-01-05,14,Be Alright,Dean Lewis,-,14,1
2019-01-05,15,Home,Vince Staples,-,15,1
2019-01-05,16,I Like It,"Cardi B , Bad Bunny & J Balvin",-,3,12
2019-01-05,17,Amanece,Anuel AA X Haze,-,17,1
2019-01-05,18,Money,Cardi B,-,5,4
2019-01-05,19,The New Year,Death Cab for Cutie,-,6,3
2019-01-05,20,Lovely,Billie Eilish & Khalid,-,2,3
2019-01-05,21,Familia,Nicki Minaj & Anuel AA Featuring Bantu,-,21,1
2019-01-05,22,Can You Imagine That?,"Emily Blunt , Pixie Davies , Joel Dawson & Nathanael Saleh",-,22,1
2019-01-05,23,Swervin,A Boogie wit da Hoodie Featuring 6ix9ine,-,23,1
2019-01-05,24,The Place Where Lost Things Go,Emily Blunt,-,24,1
2019-01-05,25,New Year's Day,Charlie Robison,-,25,1
2019-01-12,1,Let Go,Beau Young Prince,3,1,2
2019-01-12,2,Shallow,Lady Gaga & Bradley Cooper,4,2,4
2019-01-12,3,Way Up,Jaden Smith,8,3,2
2019-01-12,4,(Underneath The) Lovely London Sky,Lin-Manuel Miranda,-,4,1
2019-01-12,5,A Cover Is Not The Book,"Emily Blunt , Lin-Manuel Miranda & Company",1,1,2
2019-01-12,6,Sunflower (Spider-Man: Into The Spider-Verse),Post Malone & Swae Lee,6,3,8
2019-01-12,7,Elevate,"DJ Khalil Featuring Denzel Curry , YBN Cordaae, DwaVay & Trevor Rich",-,7,1
2019-01-12,8,All My Friends,21 Savage,-,8,1
2019-01-12,9,The Royal Doulton Music Hall,"Emily Blunt , Lin-Manuel Miranda , Pixie Davies , Joe Dawson & Nathanael Saleh",-,9,1
2019-01-12,10,Start A Riot,DUCKWRTH & Shaboozey,12,10,2
2019-01-12,11,Home,Vince Staples,15,11,2
2019-01-12,12,Scared Of The Dark,Lil Wayne & Ty Dolla $ign Featuring XXXTENTACION,-,12,1
2019-01-12,13,Familia,Nicki Minaj & Anuel AA Featuring Bantu,21,13,2
2019-01-12,14,Hide,Juice WRLD Featuring Seezyn,-,14,1
2019-01-12,15,medicine,Bring Me the Horizon,-,15,1
2019-01-12,16,4 Min Convo (Favorite Song),A Boogie wit da Hoodie,-,16,1
2019-01-12,17,Big Bank,"YG Featuring 2 Chainz , Big Sean & Nicki Minaj",-,17,1
2019-01-12,18,New Wine,Hillsong Worship,-,18,1
2019-01-12,19,Monster,21 Savage,-,19,1
2019-01-12,20,I Like It,"Cardi B , Bad Bunny & J Balvin",16,3,13
2019-01-12,21,Invincible,Amine,-,21,1
2019-01-12,22,Better Now,Post Malone,11,3,10
2019-01-12,23,Could Of Been Different,Kodak Black,-,23,1
2019-01-12,24,What's Up Danger,Blackway & Black Caviar,-,24,1
2019-01-12,25,Bad Liar,Imagine Dragons,-,2,2
2019-01-19,1,Sunflower (Spider-Man: Into The Spider-Verse),Post Malone & Swae Lee,6,1,9
2019-01-19,2,Shallow,Lady Gaga & Bradley Cooper,2,2,5
2019-01-19,3,Leave Me Alone,Flipp Dinero,-,3,1
2019-01-19,4,Broken,lovelytheband,-,4,1
2019-01-19,5,Ill Wind,Radiohead,-,5,1
2019-01-19,6,Elevate,"DJ Khalil Featuring Denzel Curry , YBN Cordaae, DwaVay & Trevor Rich",7,6,2
2019-01-19,7,Could've Been,H.E.R. Featuring Bryson Tiller,-,7,1
2019-01-19,8,Without Me,Halsey,-,2,5
2019-01-19,9,Wow.,Post Malone,-,9,1
2019-01-19,10,Wild Horses,Susan Boyle,-,10,1
2019-01-19,11,Body,Loud Luxury Featuring Brando,-,11,1
2019-01-19,12,I Like The Crotch On You,R. Kelly,-,12,1
2019-01-19,13,Undecided,Chris Brown,-,13,1
2019-01-19,14,Benzema,Capital Bra,-,14,1
2019-01-19,15,Baby Shark,Pinkfong,-,1,3
2019-01-19,16,Do What U Want,Lady Gaga Featuring R. Kelly,-,16,1
2019-01-19,17,Ruin My Life,Zara Larsson,-,17,1
2019-01-19,18,Lil Durk 2x,Lil Durk,-,18,1
2019-01-19,19,Nuketown,Ski Mask The Slump God Featuring Juice WRLD,-,15,3
2019-01-19,20,Hostage,Billie Eilish,-,9,3
2019-01-19,21,No Place,Backstreet Boys,-,21,1
2019-01-19,22,I Wish,R. Kelly,-,22,1
2019-01-19,23,idontwannabeyouanymore,Billie Eilish,-,23,1
2019-01-19,24,Ni Bien Ni Mal,Bad Bunny,-,24,1
2019-01-19,25,The Void,Muse,-,25,1
2019-01-26,1,"Thank U, Next",Ariana Grande,-,1,4
2019-01-26,2,What's Up Danger,Blackway & Black Caviar,-,2,2
2019-01-26,3,Butterfly Doors,Lil Pump,-,3,1
2019-01-26,4,Without Me,Halsey,8,2,6
2019-01-26,5,Twerk,City Girls Featuring Cardi B,-,5,1
2019-01-26,6,Roses,Benny Blanco & Juice WRLD Featuring Brendon Urie,-,6,1
2019-01-26,7,Ella Quiere Beber,Anuel AA & Romeo Santos,-,7,2
2019-01-26,8,Dancing's Not A Crime,Panic! At The Disco,-,8,1
2019-01-26,9,Walk,Comethazine,-,9,1
2019-01-26,10,Hope,The Chainsmokers Featuring Winona Oak,-,10,1
2019-01-26,11,Butter Pecan,YNW Melly,-,11,1
2019-01-26,12,You,Jacquees,-,12,1
2019-01-26,13,Baila Baila Baila,Ozuna x Daddy Yankee x J Balvin x Farruko x Anuel AA,-,13,1
2019-01-26,14,That's On Me,Yella Beezy,-,14,1
2019-01-26,15,Nuketown,Ski Mask The Slump God Featuring Juice WRLD,19,15,4
2019-01-26,16,Broken,lovelytheband,4,4,2
2019-01-26,17,Lie To Me,5 Seconds of Summer Featauring Julia Michaels,-,17,1
2019-01-26,18,Moment's Silence (Common Tongue),Hozier,-,18,1
2019-01-26,19,ZEZE,Kodak Black Featuring Travis Scott & Offset,-,2,4
2019-01-26,20,Hope Is A Dangerous Thing For A Woman Like Me To Have - But I Have It,Lana Del Rey,-,20,1
2019-01-26,21,Jumpin On A Jet,Future,-,21,1
2019-01-26,22,Crushed Up,Future,-,22,1
2019-01-26,23,Shot Clock,Ella Mai,-,23,1
2019-01-26,24,Surrounded,Jeremih & Ty Dolla $ign Featuring Chris Brown & Wiz Khalifa,-,24,1
2019-01-26,25,Not Your Barbie Girl,Ava Max,-,25,1
2019-02-02,1,"Thank U, Next",Ariana Grande,1,1,5
2019-02-02,2,Shallow,Lady Gaga & Bradley Cooper,-,2,6
2019-02-02,3,Chlorine,Twenty One Pilots,-,3,2
2019-02-02,4,mother tongue,Bring Me the Horizon,-,4,1
2019-02-02,5,You,Jacquees,12,5,2
2019-02-02,6,That's On Me,Yella Beezy,14,6,2
2019-02-02,7,Come Along,Cosmo Sheldrake,-,7,1
2019-02-02,8,The Place Where Lost Things Go,Emily Blunt,-,8,2
2019-02-02,9,Sweet But Psycho,Ava Max,-,9,1
2019-02-02,10,7 Rings,Ariana Grande,-,10,1
2019-02-02,11,Roses,Benny Blanco & Juice WRLD Featuring Brendon Urie,6,6,2
2019-02-02,12,I'll Come Too,James Blake,-,12,1
2019-02-02,13,Barefoot In The Park,James Blake Featuring ROSALIA,-,13,1
2019-02-02,14,Don't Cry,Lil Wayne Featuring XXXTENTACION,-,8,3
2019-02-02,15,Let Go,Beau Young Prince,-,1,3
2019-02-02,16,No Scrubs,Weezer,-,16,1
2019-02-02,17,Power On,James Blake,-,17,1
2019-02-02,18,Into The Red,James Blake,-,18,1
2019-02-02,19,Land Of The Free,The Killers,-,19,1
2019-02-02,20,Meet On The Ledge,Greta Van Fleet,-,20,1
2019-02-02,21,A Cover Is Not The Book,"Emily Blunt , Lin-Manuel Miranda & Company",-,1,3
2019-02-02,22,Almost (Sweet Music),Hozier,-,22,1
2019-02-02,23,Ella Quiere Beber,Anuel AA & Romeo Santos,7,7,3
2019-02-02,24,Lost In The Fire,Gesaffelstein & The Weeknd,-,24,1
2019-02-02,25,Dancing With A Stranger,Sam Smith & Normani,-,25,1
2019-02-09,1,Shallow,Lady Gaga & Bradley Cooper,2,1,7
2019-02-09,2,7 Rings,Ariana Grande,10,2,2
2019-02-09,3,Girls Like You,Maroon 5 Featuring Cardi B,-,1,12
2019-02-09,4,Middle Child,J. Cole,-,4,1
2019-02-09,5,Come Along,Cosmo Sheldrake,7,5,2
2019-02-09,6,The Place Where Lost Things Go,Emily Blunt,8,6,3
2019-02-09,7,Hard White,Nicki Minaj,-,7,1
2019-02-09,8,The Heart Of Life,John Mayer,-,8,1
2019-02-09,9,Mixed Personalities,YNW Melly Featuring Kanye West,-,9,1
2019-02-09,10,Bury A Friend,Billie Eilish,-,10,1
2019-02-09,11,Ella Quiere Beber,Anuel AA & Romeo Santos,23,7,4
2019-02-09,12,Con Calma,Daddy Yankee & Katy Perry Featuring Snow,-,12,1
2019-02-09,13,She Will Be Loved,Maroon 5,-,13,1
2019-02-09,14,heavy metal,Bring Me the Horizon Featuring Rahzel,-,14,1
2019-02-09,15,This Love,Maroon 5,-,15,1
2019-02-09,16,Keanu Reeves,Logic,-,16,1
2019-02-09,17,Dying In LA,Panic! At The Disco,-,7,2
2019-02-09,18,ZEZE,Kodak Black Featuring Travis Scott & Offset,-,2,5
2019-02-09,19,Superposition,Young the Giant,-,19,1
2019-02-09,20,Tokyo,White Lies,-,20,1
2019-02-09,21,No Scrubs,Weezer,16,16,2
2019-02-09,22,Happier,Marshmello & Bastille,-,16,3
2019-02-09,23,Pure Water,Mustard & Migos,-,23,1
2019-02-09,24,Sauce!,XXXTENTACION,-,24,1
2019-02-09,25,Mile High,James Blake Featuring Metro Boomin & Travis Scott,-,25,1
2019-02-16,1,Bury A Friend,Billie Eilish,10,1,2
2019-02-16,2,The Joke,Brandi Carlile,-,2,1
2019-02-16,3,She Will Be Loved,Maroon 5,13,3,2
2019-02-16,4,Ready To Let Go,Cage the Elephant,-,4,1
2019-02-16,5,Ella Quiere Beber,Anuel AA & Romeo Santos,11,5,5
2019-02-16,6,ZEZE,Kodak Black Featuring Travis Scott & Offset,18,2,6
2019-02-16,7,Killshot,Eminem,-,2,3
2019-02-16,8,Happier,Marshmello & Bastille,22,8,4
2019-02-16,9,Help Me Make It Through The Night,Michael Buble Featuring Loren Allred,-,9,1
2019-02-16,10,This Love,Maroon 5,15,10,2
2019-02-16,11,Start A Riot,DUCKWRTH & Shaboozey,-,10,3
2019-02-16,12,Rainbow,Kacey Musgraves,-,6,3
2019-02-16,13,Secreto,Anuel AA & Karol G,-,13,1
2019-02-16,14,Shea Butter Baby,Ari Lennox & J. Cole,-,13,2
2019-02-16,15,Everyday,Logic & Marshmello,-,15,1
2019-02-16,16,I'll Never Love Again,Lady Gaga,-,7,7
2019-02-16,17,Elevate,"DJ Khalil Featuring Denzel Curry , YBN Cordaae, DwaVay & Trevor Rich",-,6,3
2019-02-16,18,Kids Turned Out Fine,A$AP Rocky,-,18,1
2019-02-16,19,I Know,King Princess,-,19,1
2019-02-16,20,IJskoud,Nielson,-,20,1
2019-02-16,21,Cold Hearted II,Meek Mill,-,21,1
2019-02-16,22,Hard Place,H.E.R.,-,22,1
2019-02-16,23,Gallipoli,Beirut,-,23,1
2019-02-16,24,A Lot,21 Savage,-,24,1
2019-02-16,25,Dancing With A Stranger,Sam Smith & Normani,-,25,2
2019-02-23,1,Shallow,Lady Gaga & Bradley Cooper,-,1,8
2019-02-23,2,Made to Love You,Dan Owen,-,2,1
2019-02-23,3,7 Rings,Ariana Grande,-,2,3
2019-02-23,4,The Joke,Brandi Carlile,2,2,2
2019-02-23,5,Rainbow,Kacey Musgraves,12,5,4
2019-02-23,6,Adan y Eva,Paulo Londra,-,6,1
2019-02-23,7,This Is America,Childish Gambino,-,1,3
2019-02-23,8,Valentine's Day,David Bowie,-,4,2
2019-02-23,9,Ella Quiere Beber,Anuel AA & Romeo Santos,5,5,6
2019-02-23,10,Soldi,Mahmood,-,10,1
2019-02-23,11,A Lot,21 Savage,24,11,2
2019-02-23,12,Masseducation,St. Vincent,-,12,1
2019-02-23,13,One Call,Gunna,-,13,1
2019-02-23,14,Valentine's Day,Linkin Park,-,10,2
2019-02-23,15,Baller Los,MERO,-,15,1
2019-02-23,16,Butterflies,Kacey Musgraves,-,3,4
2019-02-23,17,My Funny Valentine,Ella Fitzgerald,-,6,2
2019-02-23,18,Fake Smile,Ariana Grande,-,18,1
2019-02-23,19,Gassed Up!,"XXXTENTACION , Flyboy Tarantino, Kid Trunks, Bass Santana & Kin$oul",-,19,1
2019-02-23,20,Bad Idea,Ariana Grande,-,20,1
2019-02-23,21,Valentine's Day,Marilyn Manson,-,15,2
2019-02-23,22,Needy,Ariana Grande,-,22,1
2019-02-23,23,Put A Date On It,Yo Gotti Featuring Lil Baby,-,23,1
2019-02-23,24,In My Head,Ariana Grande,-,24,1
2019-02-23,25,Ghostin,Ariana Grande,-,25,1
2019-03-02,1,Bohemian Rhapsody,Queen,-,1,5
2019-03-02,2,Made to Love You,Dan Owen,2,2,2
2019-03-02,3,Robbery,Juice WRLD,-,3,1
2019-03-02,4,7 Rings,Ariana Grande,3,2,4
2019-03-02,5,Start A Riot,DUCKWRTH & Shaboozey,-,5,4
2019-03-02,6,Love Me Like That (Champion Love),Ella Mai,-,6,3
2019-03-02,7,Daydream Believer,The Monkees,-,7,1
2019-03-02,8,Bad Liar,Imagine Dragons,-,2,3
2019-03-02,9,Beloved,Mumford & Sons,-,4,2
2019-03-02,10,Come On To Me,Paul McCartney,-,10,1
2019-03-02,11,Love Of My Life,Queen + Paul Rodgers,-,6,4
2019-03-02,12,This Land,Gary Clark Jr.,-,12,1
2019-03-02,13,Shades Of Gray,The Monkees,-,13,1
2019-03-02,14,Tequila,Dan + Shay,-,11,3
2019-03-02,15,Super Cool,Beck Featuring Robyn & The Lonely Island,-,15,1
2019-03-02,16,Pleasant Valley Sunday,The Monkees,-,16,1
2019-03-02,17,"Break Up With Your Girlfriend, I'm Bored",Ariana Grande,-,17,1
2019-03-02,18,Killer Queen,Queen,-,2,4
2019-03-02,19,One Call,Gunna,13,13,2
2019-03-02,20,Greatest,Eminem,-,20,2
2019-03-02,21,Ready To Let Go,Cage the Elephant,-,4,2
2019-03-02,22,Porpoise Song,The Monkees,-,22,1
2019-03-02,23,Party Of One,Brandi Carlile Featuring Sam Smith,-,23,1
2019-03-02,24,I'm A Believer,The Monkees,-,24,1
2019-03-02,25,Meu Abrigo,MELIM,-,25,1
2019-03-09,1,Shallow,Lady Gaga & Bradley Cooper,-,1,3
2019-03-09,2,It's My Life,Talk Talk,-,2,1
2019-03-09,3,Sunflower (Spider-Man: Into The Spider-Verse),Post Malone & Swae Lee,-,1,10
2019-03-09,4,Such A Shame,Talk Talk,-,4,1
2019-03-09,5,Please Me,Cardi B & Bruno Mars,-,5,1
2019-03-09,6,Nothing Breaks Like A Heart,Mark Ronson Featuring Miley Cyrus,-,6,3
2019-03-09,7,I Believe in You,Talk Talk,-,7,1
2019-03-09,8,Life's What You Make It,Talk Talk,-,8,1
2019-03-09,9,Worth It,YK Osiris,-,9,1
2019-03-09,10,Mama,Clean Bandit Featuring Ellie Goulding,-,10,1
2019-03-09,11,New Grass,Talk Talk,-,11,1
2019-03-09,12,Happiness Is Easy,Talk Talk,-,12,1
2019-03-09,13,The Rainbow,Talk Talk,-,13,1
2019-03-09,14,Tomorrow Started,Talk Talk,-,14,1
2019-03-09,15,I'll Never Love Again,Lady Gaga,-,7,8
2019-03-09,16,Renee,Talk Talk,-,16,1
2019-03-09,17,Eden,Talk Talk,-,17,1
2019-03-09,18,Barstool Warrior,Dream Theater,-,18,1
2019-03-09,19,Dum Dum Girl,Talk Talk,-,19,1
2019-03-09,20,Always Remember Us This Way,Lady Gaga,-,6,4
2019-03-09,21,April 5th,Talk Talk,-,21,1
2019-03-09,22,Time It's Time,Talk Talk,-,22,1
2019-03-09,23,Inheritance,Talk Talk,-,23,1
2019-03-09,24,Ascension Day,Talk Talk,-,24,1
2019-03-09,25,Con Calma,Daddy Yankee & Katy Perry Featuring Snow,-,12,2
2019-03-16,1,Firestarter,The Prodigy,-,1,1
2019-03-16,2,Breathe,The Prodigy,-,2,1
2019-03-16,3,Smack My Bitch Up,The Prodigy,-,3,1
2019-03-16,4,It's My Life,Talk Talk,2,2,2
2019-03-16,5,Narayan,The Prodigy,-,5,1
2019-03-16,6,Familia,Nicki Minaj & Anuel AA Featuring Bantu,-,6,3
2019-03-16,7,Start A Riot,DUCKWRTH & Shaboozey,-,5,5
2019-03-16,8,Please Me,Cardi B & Bruno Mars,5,5,2
2019-03-16,9,Such A Shame,Talk Talk,4,4,2
2019-03-16,10,Shrike,Hozier,-,5,3
2019-03-16,11,Let Go,Beau Young Prince,-,1,4
2019-03-16,12,Only Want You,Rita Ora,-,12,1
2019-03-16,13,Mama,Clean Bandit Featuring Ellie Goulding,10,10,2
2019-03-16,14,Always Remember Us This Way,Lady Gaga,20,6,5
2019-03-16,15,Happiness Is Easy,Talk Talk,12,12,2
2019-03-16,16,Chlorine,Twenty One Pilots,-,3,3
2019-03-16,17,Omen,The Prodigy,-,17,1
2019-03-16,18,Robbery,Juice WRLD,-,3,2
2019-03-16,19,Happier,Marshmello & Bastille,-,8,5
2019-03-16,20,Would That I,Hozier,-,20,1
2019-03-16,21,Dinner & Diatribes,Hozier,-,21,1
2019-03-16,22,Diesel Power,The Prodigy,-,22,1
2019-03-16,23,Someone You Loved,Lewis Capaldi,-,23,1
2019-03-16,24,Living In Another World,Talk Talk,-,24,1
2019-03-16,25,HP,Maluma,-,25,1
2019-03-23,1,Sucker,Jonas Brothers,-,1,1
2019-03-23,2,Wish You Were Gay,Billie Eilish,-,2,1
2019-03-23,3,Hear Me Calling,Juice WRLD,-,3,1
2019-03-23,4,Whiskey Glasses,Morgan Wallen,-,4,1
2019-03-23,5,Dinner & Diatribes,Hozier,21,5,2
2019-03-23,6,Would That I,Hozier,20,6,2
2019-03-23,7,High Hopes,Panic! At The Disco,-,7,3
2019-03-23,8,St. Patrick's Day,John Mayer,-,5,2
2019-03-23,9,No Plan,Hozier,-,9,1
2019-03-23,10,Sunlight,Hozier,-,10,1
2019-03-23,11,Chlorine,Twenty One Pilots,16,3,4
2019-03-23,12,Two Of Us,Louis Tomlinson,-,12,1
2019-03-23,13,Rule The World,2 Chainz Featuring Ariana Grande,-,13,1
2019-03-23,14,Empty,Juice WRLD,-,14,1
2019-03-23,15,I Can't Get Enough,"Benny Blanco , Tainy , Selena Gomez & J Balvin",-,15,1
2019-03-23,16,Whip,2 Chainz Featuring Travis Scott,-,16,1
2019-03-23,17,Nobody,Hozier,-,17,1
2019-03-23,18,Talk,Hozier,-,18,1
2019-03-23,19,Can You Imagine That?,"Emily Blunt , Pixie Davies , Joel Dawson & Nathanael Saleh",-,19,2
2019-03-23,20,As It Was,Hozier,-,20,1
2019-03-23,21,Bad Liar,Imagine Dragons,-,2,4
2019-03-23,22,Be,Hozier,-,22,1
2019-03-23,23,Als Het Avond Is,Suzan & Freek,-,23,1
2019-03-23,24,Dreams 2 Reality,Lil Baby Featuring NoCap,-,24,1
2019-03-23,25,Talk,Khalid,-,25,1
2019-03-30,1,Sunflower (Spider-Man: Into The Spider-Verse),Post Malone & Swae Lee,-,1,11
2019-03-30,2,7 Rings,Ariana Grande,-,2,5
2019-03-30,3,She Goes Down,Motley Crue,-,3,1
2019-03-30,4,On With The Show,Motley Crue,-,4,1
2019-03-30,5,Looks That Kill,Motley Crue,-,5,1
2019-03-30,6,Sam,2 Chainz,-,6,1
2019-03-30,7,Wolke 10,MERO,-,7,1
2019-03-30,8,idontwannabeyouanymore,Billie Eilish,-,8,2
2019-03-30,9,Goodnight N Go,Ariana Grande,-,9,2
2019-03-30,10,Fast,Juice WRLD,-,10,1
2019-03-30,11,I'm With You,Vance Joy,-,7,4
2019-03-30,12,Home Sweet Home,Motley Crue,-,12,1
2019-03-30,13,Old Town Road,Lil Nas X Featuring Billy Ray Cyrus,-,13,1
2019-03-30,14,Undrunk,Fletcher,-,14,1
2019-03-30,15,Here With Me,Marshmello Featuring Chvrches,-,15,1
2019-03-30,16,I Want You All to Myself,Lucie Silvas,-,16,1
2019-03-30,17,Maze,Juice WRLD,-,17,1
2019-03-30,18,Shout At The Devil,Motley Crue,-,18,1
2019-03-30,19,So Am I,Ava Max,-,19,1
2019-03-30,20,Flaws And Sins,Juice WRLD,-,20,1
2019-03-30,21,Kickstart My Heart,Motley Crue,-,21,1
2019-03-30,22,Act Up,City Girls,-,22,1
2019-03-30,23,My Bad,Khalid,-,23,1
2019-03-30,24,Sucker,Jonas Brothers,1,1,2
2019-03-30,25,Calma,Pedro Capo X Farruko,-,25,1
2019-04-06,1,7 Rings,Ariana Grande,2,1,6
2019-04-06,2,Looks That Kill,Motley Crue,5,2,2
2019-04-06,3,Home Sweet Home,Motley Crue,12,3,2
2019-04-06,4,Farmer in the City,Scott Walker,-,4,1
2019-04-06,5,On With The Show,Motley Crue,4,4,2
2019-04-06,6,Live Wire,Motley Crue,-,6,1
2019-04-06,7,Old Town Road,Lil Nas X Featuring Billy Ray Cyrus,13,7,2
2019-04-06,8,all the good girls go to hell,Billie Eilish,-,8,1
2019-04-06,9,Montague Terrace (In Blue),Scott Walker,-,9,1
2019-04-06,10,Jackie,Scott Walker,-,10,1
2019-04-06,11,Take Me To The Top,Motley Crue,-,11,1
2019-04-06,12,Sunflower (Spider-Man: Into The Spider-Verse),Post Malone & Swae Lee,1,1,12
2019-04-06,13,Dr. Feelgood,Motley Crue,-,13,1
2019-04-06,14,Shout At The Devil,Motley Crue,18,14,2
2019-04-06,15,30 Century Man,Scott Walker,-,15,1
2019-04-06,16,Bad Guy,Billie Eilish,-,16,1
2019-04-06,17,Act Up,City Girls,22,17,2
2019-04-06,18,listen before i go,Billie Eilish,-,18,1
2019-04-06,19,Sally Walker,Iggy Azalea,-,19,1
2019-04-06,20,Numb Numb Juice,ScHoolboy Q,-,20,1
2019-04-06,21,I Don't Belong In This Club,Why Don't We & Macklemore,-,21,1
2019-04-06,22,Bad Boy,Marwa Loud,-,22,1
2019-04-06,23,Someone You Loved,Lewis Capaldi,-,23,2
2019-04-06,24,You Should See Me In A Crown,Billie Eilish,-,17,2
2019-04-06,25,Saturday Nights,Khalid & Kane Brown,-,25,1
2019-04-13,1,all the good girls go to hell,Billie Eilish,8,1,2
2019-04-13,2,Familia,Nicki Minaj & Anuel AA Featuring Bantu,-,2,4
2019-04-13,3,Beat A N*gga Block,YNW Melly,-,3,1
2019-04-13,4,Bad Guy,Billie Eilish,16,4,2
2019-04-13,5,Old Town Road,Lil Nas X Featuring Billy Ray Cyrus,7,5,3
2019-04-13,6,Saint Honesty,Sara Bareilles,-,6,1
2019-04-13,7,My Strange Addiction,Billie Eilish,-,7,1
2019-04-13,8,Eastside,"Benny Blanco , Halsey & Khalid",-,8,3
2019-04-13,9,Please Me,Cardi B & Bruno Mars,-,5,3
2019-04-13,10,Can't Hide Red,Florida Georgia Line Featuring Jason Aldean,-,10,1
2019-04-13,11,I Love You,Billie Eilish,-,11,1
2019-04-13,12,Xanny,Billie Eilish,-,12,1
2019-04-13,13,Wow.,Post Malone,-,9,2
2019-04-13,14,Finale,Ben Platt & Original Broadway Cast Of Dear Evan Hansen,-,14,1
2019-04-13,15,Price On My Head,Nav Featuring The Weeknd,-,15,1
2019-04-13,16,Bury A Friend,Billie Eilish,-,1,3
2019-04-13,17,Ilomilo,Billie Eilish,-,17,1
2019-04-13,18,Hello Me & You,Superorganism,-,18,1
2019-04-13,19,Patience,Tame Impala,-,19,1
2019-04-13,20,Barefoot In The Park,James Blake Featuring ROSALIA,-,13,2
2019-04-13,21,Double Up,Nipsey Hussle Featuring Belly & Dom Kennedy,-,21,1
2019-04-13,22,8,Billie Eilish,-,22,1
2019-04-13,23,listen before i go,Billie Eilish,18,18,2
2019-04-13,24,Farmer in the City,Scott Walker,4,4,2
2019-04-13,25,Dancing With A Stranger,Sam Smith & Normani,-,25,3
2019-04-20,1,Old Town Road,Lil Nas X Featuring Billy Ray Cyrus,5,1,4
2019-04-20,2,Bad Guy,Billie Eilish,4,2,3
2019-04-20,3,Saint Honesty,Sara Bareilles,6,3,2
2019-04-20,4,Saturday Sun,Vance Joy,-,4,2
2019-04-20,5,Alive,Khalid,-,5,1
2019-04-20,6,Can't Hide Red,Florida Georgia Line Featuring Jason Aldean,10,6,2
2019-04-20,7,Heaven,Khalid,-,7,1
2019-04-20,8,When The Party's Over,Billie Eilish,-,8,2
2019-04-20,9,Kill This Love,BLACKPINK,-,9,1
2019-04-20,10,Someone You Loved,Lewis Capaldi,-,10,3
2019-04-20,11,Beloved,Mumford & Sons,-,4,3
2019-04-20,12,She Used To Be Mine,Sara Bareilles,-,12,1
2019-04-20,13,Right Hand 2 God,Nipsey Hussle,-,13,1
2019-04-20,14,Pure Cocaine,Lil Baby,-,14,3
2019-04-20,15,Fire,Sara Bareilles,-,15,1
2019-04-20,16,Sweet But Psycho,Ava Max,-,9,2
2019-04-20,17,Free Spirit,Khalid,-,17,1
2019-04-20,18,Poison The Well,Modest Mouse,-,18,1
2019-04-20,19,Xanny,Billie Eilish,12,12,2
2019-04-20,20,Walk Me Home,P!nk,-,20,1
2019-04-20,21,Pop Out,Polo G Featuring Lil Tjay,-,21,1
2019-04-20,22,Deutschland,Rammstein,-,22,1
2019-04-20,23,Twenty One,Khalid,-,23,1
2019-04-20,24,Happier,Marshmello & Bastille,-,8,6
2019-04-20,25,Eastside,"Benny Blanco , Halsey & Khalid",8,8,4
2019-04-27,1,I'll Never Love Again,Lady Gaga,-,1,9
2019-04-27,2,Jesus Is Alive & Well,Lee Williams And The Spiritual QC's,-,2,1
2019-04-27,3,He's Alive,Don Francisco,-,3,1
2019-04-27,4,Easter,Patti Smith Group,-,4,1
2019-04-27,5,God Bless America,Kate Smith,-,5,1
2019-04-27,6,Clout,Offset Featuring Cardi B,-,6,1
2019-04-27,7,Rosa,Anitta & Prince Royce,-,7,1
2019-04-27,8,Hello Me & You,Superorganism,-,8,2
2019-04-27,9,Easter,Marillion,-,9,1
2019-04-27,10,Cool,Jonas Brothers,-,10,1
2019-04-27,11,Boy In Luv,BTS,-,11,1
2019-04-27,12,Stand Still,ZAYN,-,12,1
2019-04-27,13,XNXX,Joji,-,3,3
2019-04-27,14,Chlorine,Twenty One Pilots,-,3,5
2019-04-27,15,Sweet But Psycho,Ava Max,16,9,3
2019-04-27,16,Good Friday,The Black Crowes,-,16,1
2019-04-27,17,Thotiana,Blueface,-,17,1
2019-04-27,18,Drunk In Love,Beyonce Featuring Jay Z,-,18,1
2019-04-27,19,Don't Pretend,Khalid x SAFE,-,19,1
2019-04-27,20,Bad Luck,Khalid,-,20,1
2019-04-27,21,Paris Is Burning,St. Vincent,-,21,1
2019-04-27,22,Kitty Kat,Beyonce,-,22,1
2019-04-27,23,Outta My Head,Khalid With John Mayer,-,23,1
2019-04-27,24,Suge,DaBaby,-,24,1
2019-04-27,25,Slay,YG Featuring Quavo,-,25,1
2019-05-04,1,Pure Cocaine,Lil Baby,-,1,4
2019-05-04,2,Boy With Luv,BTS Featuring Halsey,-,2,1
2019-05-04,3,Now Or Never Now,Metric,-,3,1
2019-05-04,4,Risk,Metric,-,4,1
2019-05-04,5,Dressed To Suppress,Metric,-,5,1
2019-05-04,6,Black Madonna,Cage the Elephant,-,6,1
2019-05-04,7,God Bless America,Kate Smith,5,5,2
2019-05-04,8,Middle Child,J. Cole,-,4,2
2019-05-04,9,Dying In LA,Panic! At The Disco,-,7,3
2019-05-04,10,You're Somebody Else,flora cash,-,10,1
2019-05-04,11,Earth,Lil Dicky,-,11,1
2019-05-04,12,Before I Let Go,Beyonce,-,12,1
2019-05-04,13,Daddy Lessons,Beyonce,-,13,3
2019-05-04,14,Come Along,Cosmo Sheldrake,-,5,3
2019-05-04,15,8 Letters,Why Don't We,-,15,1
2019-05-04,16,That's A Rack,Lil Uzi Vert,-,16,1
2019-05-04,17,Dionysus,BTS,-,17,1
2019-05-04,18,Make It Right,BTS Featuring Lauv,-,18,1
2019-05-04,19,I Love You,Billie Eilish,-,11,2
2019-05-04,20,All Night,Beyonce,-,12,5
2019-05-04,21,What Can We Do?,Anderson .Paak Featuring Nate Dogg,-,21,1
2019-05-04,22,Jamais Vu,BTS,-,22,1
2019-05-04,23,Nights Like This,Kehlani Featuring Ty Dolla $ign,-,23,1
2019-05-04,24,Borderline,Tame Impala,-,24,1
2019-05-04,25,Don't Hurt Yourself,Beyonce Featuring Jack White,-,24,2
2019-05-11,1,Sunflower (Spider-Man: Into The Spider-Verse),Post Malone & Swae Lee,-,1,13
2019-05-11,2,No Lights on the Horizon,Metric,-,2,1
2019-05-11,3,Shallow,Lady Gaga & Bradley Cooper,-,1,9
2019-05-11,4,Without Me,Halsey,-,2,7
2019-05-11,5,Earth,Lil Dicky,11,5,2
2019-05-11,6,First Of May,Bee Gees,-,6,1
2019-05-11,7,Jenny Of Oldstones (Game Of Thrones),Florence + The Machine,-,7,1
2019-05-11,8,You Will Be Found,"Ben Platt , Kristolyn Lloyd , Will Roladn, Laura Dreyfuss & Original Broadway Cast Of Dear Evan Hansen",-,8,1
2019-05-11,9,Cellophane,FKA Twigs,-,9,1
2019-05-11,10,Broken & Beautiful,Kelly Clarkson,-,10,1
2019-05-11,11,It's Gonna Be Me,*NSYNC,-,11,2
2019-05-11,12,Glory,Dermot Kennedy,-,12,1
2019-05-11,13,SOS,Avicii Featuring Aloe Blacc,-,13,1
2019-05-11,14,Partition,Beyonce,-,14,1
2019-05-11,15,Anticipate,Metric,-,15,1
2019-05-11,16,Big Ole Freak,Megan Thee Stallion,-,16,1
2019-05-11,17,Before I Let Go,Beyonce,12,12,2
2019-05-11,18,Middle Child,J. Cole,8,4,3
2019-05-11,19,Ball W/O You,21 Savage,-,19,1
2019-05-11,20,Slide,French Montana Featuring Blueface & Lil Tjay,-,20,1
2019-05-11,21,"Thank U, Next",Ariana Grande,-,1,6
2019-05-11,22,Social Cues,Cage the Elephant,-,22,1
2019-05-11,23,Mona Lisa,Lil Wayne Featuring Kendrick Lamar,-,15,2
2019-05-11,24,Month Of May,Arcade Fire,-,21,2
2019-05-11,25,Close To Me,Ellie Goulding X Diplo Featuring Swae Lee,-,25,1
2019-05-18,1,You'll Never Walk Alone,Gerry And The Pacemakers,-,1,2
2019-05-18,2,Without Me,Halsey,4,2,8
2019-05-18,3,90 Days,P!nk Featuring Wrabel,-,3,1
2019-05-18,4,Breathe Out,Rob Thomas,-,4,1
2019-05-18,5,Home,Vince Staples,-,5,3
2019-05-18,6,Someone You Loved,Lewis Capaldi,-,6,4
2019-05-18,7,Rocket Man,Elton John,-,7,1
2019-05-18,8,High Hopes,Panic! At The Disco,-,7,4
2019-05-18,9,Love Me Anyway,P!nk Featuring Chris Stapleton,-,9,1
2019-05-18,10,Now Or Never Now,Metric,-,3,2
2019-05-18,11,Dressed To Suppress,Metric,-,5,2
2019-05-18,12,Love You Back,Metric,-,12,1
2019-05-18,13,Art of Doubt,Metric,-,13,1
2019-05-18,14,Dark Saturday,Metric,-,14,1
2019-05-18,15,So Am I,Ava Max,-,15,2
2019-05-18,16,Die Happy,Metric,-,16,1
2019-05-18,17,Stripped,Rammstein,-,17,1
2019-05-18,18,Don't Change,Why Don't We,-,18,1
2019-05-18,19,Put A Date On It,Yo Gotti Featuring Lil Baby,-,19,2
2019-05-18,20,2021,Vampire Weekend,-,20,1
2019-05-18,21,Stop Snitching,YG,-,21,1
2019-05-18,22,Mother's Day,Nuclear Assault,-,22,1
2019-05-18,23,Courage,P!nk,-,23,1
2019-05-18,24,Mother,Danzig,-,24,1
2019-05-18,25,Floating,ScHoolboy Q Featuring 21 Savage,-,25,1
2019-05-25,1,"Que Sera, Sera (Whatever Will Be, Will Be)",Doris Day,-,1,1
2019-05-25,2,Rylan,The National,-,2,1
2019-05-25,3,Bad Guy,Billie Eilish,-,2,4
2019-05-25,4,If I Can't Have You,Shawn Mendes,-,4,1
2019-05-25,5,Doin' Time,Lana Del Rey,-,5,1
2019-05-25,6,Rocket Man,Elton John,7,6,2
2019-05-25,7,Maybe It's Time,Bradley Cooper,-,7,3
2019-05-25,8,May 16th,Lagwagon,-,8,1
2019-05-25,9,Homicide,Logic Featuring Eminem,-,9,1
2019-05-25,10,How It Feels,PnB Rock,-,10,1
2019-05-25,11,Shotta Flow,NLE Choppa,-,11,1
2019-05-25,12,PUPPE,Rammstein,-,12,1
2019-05-25,13,Light Years,The National,-,13,1
2019-05-25,14,Joy,Bastille,-,14,1
2019-05-25,15,If I Can't Have You,Sara Bareilles,-,15,1
2019-05-25,16,A Whole New World (End Title),ZAYN And Zhavia Ward,-,16,1
2019-05-25,17,Truth Hurts,Lizzo,-,17,1
2019-05-25,18,High Hopes,Panic! At The Disco,8,7,5
2019-05-25,19,You Had Your Soul With You,The National,-,19,1
2019-05-25,20,Die Young,Roddy Ricch,-,20,1
2019-05-25,21,Not in Kansas,The National,-,21,1
2019-05-25,22,Go Loko,"YG , Tyga & Jon Z",-,22,1
2019-05-25,23,Big Bang Theory Theme,Barenaked Ladies,-,23,1
2019-05-25,24,WAS ICH LIEBE,Rammstein,-,24,1
2019-05-25,25,Middle Child,J. Cole,-,4,4
2019-06-01,1,Shallow,Lady Gaga & Bradley Cooper,-,1,10
2019-06-01,2,Sunflower (Spider-Man: Into The Spider-Verse),Post Malone & Swae Lee,-,1,14
2019-06-01,3,Rylan,The National,2,2,2
2019-06-01,4,Juice,Lizzo,-,4,1
2019-06-01,5,WAS ICH LIEBE,Rammstein,24,5,2
2019-06-01,6,Zeig Dich,Rammstein,-,6,1
2019-06-01,7,idontwannabeyouanymore,Billie Eilish,-,7,3
2019-06-01,8,Not in Kansas,The National,21,8,2
2019-06-01,9,Rocket Man,Elton John,6,6,3
2019-06-01,10,Soltera,"Lunay , Daddy Yankee & Bad Bunny",-,10,1
2019-06-01,11,PUPPE,Rammstein,12,11,2
2019-06-01,12,Doin' Time,Lana Del Rey,5,5,2
2019-06-01,13,Hallomann,Rammstein,-,13,1
2019-06-01,14,"Jerusalem, New York, Berlin",Vampire Weekend,-,14,1
2019-06-01,15,Oblivions,The National,-,15,1
2019-06-01,16,Bambina,Vampire Weekend,-,16,1
2019-06-01,17,Hey Rosey,The National,-,17,1
2019-06-01,18,Mama Cry,YNW Melly,-,18,1
2019-06-01,19,Triggered,Jhene Aiko,-,19,1
2019-06-01,20,Without Me,Halsey,-,2,9
2019-06-01,21,Bad Guy,Billie Eilish,3,2,5
2019-06-01,22,Could've Been,H.E.R. Featuring Bryson Tiller,-,7,2
2019-06-01,23,Quiet Light,The National,-,23,1
2019-06-01,24,Resister,ASCA,-,24,1
2019-06-01,25,I Am Easy to Find,The National,-,25,1
2019-06-08,1,Rocket Man,Elton John,9,1,4
2019-06-08,2,Goodbye Yellow Brick Road,Elton John,-,2,1
2019-06-08,3,Old Town Road,Lil Nas X Featuring Billy Ray Cyrus,-,1,5
2019-06-08,4,You'll Never Walk Alone,Gerry And The Pacemakers,-,1,3
2019-06-08,5,Tiny Dancer,Elton John,-,4,3
2019-06-08,6,Die Happy,Metric,-,6,2
2019-06-08,7,Now Or Never Now,Metric,-,3,3
2019-06-08,8,Your Song,Elton John,-,8,1
2019-06-08,9,Middle Child,J. Cole,-,4,5
2019-06-08,10,Daniel,Elton John,-,10,1
2019-06-08,11,Nightmare,Halsey,-,11,1
2019-06-08,12,Honky Cat,Elton John,-,12,1
2019-06-08,13,I'm Still Standing,Elton John,-,13,1
2019-06-08,14,Sacrifice,Elton John,-,14,1
2019-06-08,15,Saw Lightning,Beck,-,15,1
2019-06-08,16,Border Song,Elton John,-,16,1
2019-06-08,17,Kills You Slowly,The Chainsmokers,-,17,1
2019-06-08,18,Now Or Never,"Flyboy Tarantino, Craig Xen & KidWay",-,18,1
2019-06-08,19,Don't Let The Sun Go Down On Me,Elton John,-,19,1
2019-06-08,20,Whiskey Glasses,Morgan Wallen,-,4,2
2019-06-08,21,A Whole New World (End Title),ZAYN And Zhavia Ward,-,16,2
2019-06-08,22,Levon,Elton John,-,22,1
2019-06-08,23,Unsainted,Slipknot,-,23,1
2019-06-08,24,The Bitch Is Back,Elton John,-,24,1
2019-06-08,25,Crocodile Rock,Elton John,-,25,1
2019-06-15,1,Goodbye Yellow Brick Road,Elton John,2,1,2
2019-06-15,2,Bad Guy,Billie Eilish,-,2,6
2019-06-15,3,Your Song,Elton John,8,3,2
2019-06-15,4,Someone You Loved,Lewis Capaldi,-,4,5
2019-06-15,5,Daniel,Elton John,10,5,2
2019-06-15,6,Honky Cat,Elton John,12,6,2
2019-06-15,7,The London,"Young Thug , J. Cole & Travis Scott",-,7,1
2019-06-15,8,A Whole New World (End Title),ZAYN And Zhavia Ward,21,8,3
2019-06-15,9,EARFQUAKE,"Tyler, The Creator",-,9,1
2019-06-15,10,Whiskey Glasses,Morgan Wallen,20,4,3
2019-06-15,11,Bacc At It Again,"Yella Beezy, Gucci Mane & Quavo",-,11,1
2019-06-15,12,Isis,Joyner Lucas Featuring Logic,-,12,1
2019-06-15,13,Strangers,Sigrid,-,13,1
2019-06-15,14,Woman,Mumford & Sons,-,7,3
2019-06-15,15,Bennie And The Jets,Elton John,-,15,1
2019-06-15,16,Easier,5 Seconds of Summer,-,16,1
2019-06-15,17,Levon,Elton John,22,17,2
2019-06-15,18,Cross Me,Ed Sheeran Featuring Chance the Rapper & PnB Rock,-,18,1
2019-06-15,19,Word 4 Word,Moneybagg Yo,-,19,1
2019-06-15,20,Are We Still Friends?,"Tyler, The Creator",-,20,1
2019-06-15,21,HP,Maluma,-,21,2
2019-06-15,22,ME!,Taylor Swift Featuring Brendon Urie,-,22,1
2019-06-15,23,Sunflower (Spider-Man: Into The Spider-Verse),Post Malone & Swae Lee,-,1,15
2019-06-15,24,I Don't Care,Ed Sheeran & Justin Bieber,-,24,1
2019-06-15,25,Homicide,Logic Featuring Eminem,-,9,2
2019-06-22,1,Press,Cardi B,-,1,1
2019-06-22,2,Bad Guy,Billie Eilish,2,2,7
2019-06-22,3,Mother's Daughter,Miley Cyrus,-,3,1
2019-06-22,4,Talk To Me,Tory Lanez & Rich The Kid,-,4,2
2019-06-22,5,Seven Rules,Metric,-,5,1
2019-06-22,6,Monsters,Shinedown,-,6,2
2019-06-22,7,I'll Never Love Again,Lady Gaga,-,1,10
2019-06-22,8,Sunflower (Spider-Man: Into The Spider-Verse),Post Malone & Swae Lee,23,1,16
2019-06-22,9,Word 4 Word,Moneybagg Yo,19,9,2
2019-06-22,10,Someone You Loved,Lewis Capaldi,4,4,6
2019-06-22,11,The Search,NF,-,11,1
2019-06-22,12,A Whole New World (End Title),ZAYN And Zhavia Ward,8,8,4
2019-06-22,13,Trampoline,SHAED,-,13,1
2019-06-22,14,PUPPE,Rammstein,-,11,3
2019-06-22,15,Call You Mine,The Chainsmokers & Bebe Rexha,-,15,1
2019-06-22,16,Diamant,Rammstein,-,16,1
2019-06-22,17,Isis,Joyner Lucas Featuring Logic,12,12,2
2019-06-22,18,Nights Like This,Kehlani Featuring Ty Dolla $ign,-,18,2
2019-06-22,19,Where Is Her Head,The National,-,19,1
2019-06-22,20,Amor Genuino,Ozuna,-,20,1
2019-06-22,21,One Jump Ahead,Mena Massoud,-,21,1
2019-06-22,22,Talk,Khalid,-,22,2
2019-06-22,23,La La Land,Bryce Vine Featuring YG,-,23,1
2019-06-22,24,!!!!!!!,Billie Eilish,-,24,1
2019-06-22,25,Drop Top,Keith Urban Featuring Kassi Ashton,-,25,1
2019-06-29,1,90 Days,P!nk Featuring Wrabel,-,1,2
2019-06-29,2,Nothing Breaks Like A Heart,Mark Ronson Featuring Miley Cyrus,-,2,4
2019-06-29,3,Grace,Lewis Capaldi,-,3,1
2019-06-29,4,Just You And I,Tom Walker,-,4,1
2019-06-29,5,Hold Me While You Wait,Lewis Capaldi,-,5,1
2019-06-29,6,That's On Me,Yella Beezy,-,6,3
2019-06-29,7,SOS,Avicii Featuring Aloe Blacc,-,7,2
2019-06-29,8,Never Really Over,Katy Perry,-,8,1
2019-06-29,9,No Guidance,Chris Brown Featuring Drake,-,9,1
2019-06-29,10,Even Though I'm Leaving,Luke Combs,-,10,1
2019-06-29,11,I DON'T KNOW HOW TO PRAY,X Ambassadors,-,11,1
2019-06-29,12,Bad Guy,Billie Eilish,2,2,8
2019-06-29,13,Extreme Occident,Madonna,-,13,1
2019-06-29,14,Heaven,Avicii,-,14,1
2019-06-29,15,Sweet But Psycho,Ava Max,-,9,4
2019-06-29,16,You Need To Calm Down,Taylor Swift,-,16,1
2019-06-29,17,Bounce Back,Little Mix,-,17,1
2019-06-29,18,Don't Feel Like Crying,Sigrid,-,18,1
2019-06-29,19,Mad Love,Mabel,-,19,1
2019-06-29,20,I Don't Care,Ed Sheeran & Justin Bieber,-,20,2
2019-06-29,21,Only Human,Jonas Brothers,-,21,1
2019-06-29,22,Killers Who Are Partying,Madonna,-,22,1
2019-06-29,23,Walk Me Home,P!nk,-,20,2
2019-06-29,24,Dancing With A Stranger,Sam Smith & Normani,-,24,4
2019-06-29,25,Empty Space,James Arthur,-,25,1
2019-07-06,1,Old Town Road,Lil Nas X Featuring Billy Ray Cyrus,-,1,6
2019-07-06,2,Nothing Breaks Like A Heart,Mark Ronson Featuring Miley Cyrus,2,2,5
2019-07-06,3,Giant,Calvin Harris & Rag'n'Bone Man,-,3,1
2019-07-06,4,All Day And Night,"Jax Jones , Martin Solveig & Madison Beer",-,4,1
2019-07-06,5,What I Like About You,Jonas Blue Featuring Theresa Rex,-,5,1
2019-07-06,6,I Don't Care,Ed Sheeran & Justin Bieber,20,6,3
2019-07-06,7,Sweet But Psycho,Ava Max,15,7,5
2019-07-06,8,Wish You Well,Sigala . & Becky Hill,-,8,1
2019-07-06,9,Spicy,Herve Pagez & Diplo Featuring Charli xcx,-,9,1
2019-07-06,10,If I Can't Have You,Shawn Mendes,-,4,2
2019-07-06,11,Sucker,Jonas Brothers,-,1,3
2019-07-06,12,Here With Me,Marshmello Featuring Chvrches,-,12,2
2019-07-06,13,You Need To Calm Down,Taylor Swift,16,13,2
2019-07-06,14,Dancing With A Stranger,Sam Smith & Normani,24,14,5
2019-07-06,15,7 Rings,Ariana Grande,-,1,7
2019-07-06,16,Bounce Back,Little Mix,17,16,2
2019-07-06,17,Someone You Loved,Lewis Capaldi,-,4,7
2019-07-06,18,Hold Me While You Wait,Lewis Capaldi,5,5,2
2019-07-06,19,Sunflower (Spider-Man: Into The Spider-Verse),Post Malone & Swae Lee,-,1,17
2019-07-06,20,Don't Feel Like Crying,Sigrid,18,18,2
2019-07-06,21,Don't Call Me Up,Mabel,-,21,1
2019-07-06,22,Walk Me Home,P!nk,23,20,3
2019-07-06,23,SOS,Avicii Featuring Aloe Blacc,7,7,3
2019-07-06,24,Just You And I,Tom Walker,4,4,2
2019-07-06,25,Bad Guy,Billie Eilish,12,2,9
2019-07-13,1,Old Town Road,Lil Nas X Featuring Billy Ray Cyrus,1,1,7
2019-07-13,2,Nothing Breaks Like A Heart,Mark Ronson Featuring Miley Cyrus,2,2,6
2019-07-13,3,Piece Of Your Heart,Meduza Featuring GOODBOYS,-,3,1
2019-07-13,4,Senorita,Shawn Mendes & Camila Cabello,-,4,1
2019-07-13,5,What I Like About You,Jonas Blue Featuring Theresa Rex,5,5,2
2019-07-13,6,Giant,Calvin Harris & Rag'n'Bone Man,3,3,2
2019-07-13,7,All Day And Night,"Jax Jones , Martin Solveig & Madison Beer",4,4,2
2019-07-13,8,Spicy,Herve Pagez & Diplo Featuring Charli xcx,9,8,2
2019-07-13,9,Wish You Well,Sigala . & Becky Hill,8,8,2
2019-07-13,10,I Don't Care,Ed Sheeran & Justin Bieber,6,6,4
2019-07-13,11,Here With Me,Marshmello Featuring Chvrches,12,11,3
2019-07-13,12,If I Can't Have You,Shawn Mendes,10,4,3
2019-07-13,13,Sweet But Psycho,Ava Max,7,7,6
2019-07-13,14,Hold Me While You Wait,Lewis Capaldi,18,5,3
2019-07-13,15,Someone You Loved,Lewis Capaldi,17,4,8
2019-07-13,16,Sucker,Jonas Brothers,11,1,4
2019-07-13,17,Never Really Over,Katy Perry,-,8,2
2019-07-13,18,Mad Love,Mabel,-,18,2
2019-07-13,19,Don't Feel Like Crying,Sigrid,20,18,3
2019-07-13,20,Walk Me Home,P!nk,22,20,4
2019-07-13,21,Bounce Back,Little Mix,16,16,3
2019-07-13,22,Dancing With A Stranger,Sam Smith & Normani,14,14,6
2019-07-13,23,SOS,Avicii Featuring Aloe Blacc,23,7,4
2019-07-13,24,Don't Call Me Up,Mabel,21,21,2
2019-07-13,25,Bad Guy,Billie Eilish,25,2,10
2019-07-20,1,Sunflower (Spider-Man: Into The Spider-Verse),Post Malone & Swae Lee,-,1,18
2019-07-20,2,Senorita,Shawn Mendes & Camila Cabello,4,2,2
2019-07-20,3,Happier,Marshmello & Bastille,-,3,7
2019-07-20,4,Crown,Stormzy,-,4,1
2019-07-20,5,Beautiful People,Ed Sheeran Featuring Khalid,-,5,1
2019-07-20,6,SOS,Avicii Featuring Aloe Blacc,23,6,5
2019-07-20,7,Find U Again,Mark Ronson Featuring Camila Cabello,-,7,1
2019-07-20,8,Higher Love,Kygo X Whitney Houston,-,8,1
2019-07-20,9,Mad Love,Mabel,18,9,3
2019-07-20,10,Nothing Breaks Like A Heart,Mark Ronson Featuring Miley Cyrus,2,2,7
2019-07-20,11,Vossi Bop,Stormzy,-,11,1
2019-07-20,12,"Thank U, Next",Ariana Grande,-,1,7
2019-07-20,13,Ritual,"Tiesto , Jonas Blue & Rita Ora",-,13,1
2019-07-20,14,Wish You Well,Sigala . & Becky Hill,9,8,3
2019-07-20,15,Old Town Road,Lil Nas X Featuring Billy Ray Cyrus,1,1,8
2019-07-20,16,Mother's Daughter,Miley Cyrus,-,3,2
2019-07-20,17,Hold Me While You Wait,Lewis Capaldi,14,5,4
2019-07-20,18,I Don't Care,Ed Sheeran & Justin Bieber,10,6,5
2019-07-20,19,Never Really Over,Katy Perry,17,8,3
2019-07-20,20,Joy,Bastille,-,14,2
2019-07-20,21,The NeverEnding Story,Limahl,-,21,1
2019-07-20,22,3 Nights,Dominic Fike,-,22,1
2019-07-20,23,Came A Long Way,Offset,-,23,1
2019-07-20,24,Grace,Lewis Capaldi,-,3,2
2019-07-20,25,Don't Feel Like Crying,Sigrid,19,18,4
2019-07-27,1,Bad Guy,Billie Eilish,-,1,11
2019-07-27,2,Vossi Bop,Stormzy,11,2,2
2019-07-27,3,SOS,Avicii Featuring Aloe Blacc,6,3,6
2019-07-27,4,Can We Pretend,P!nk Featuring Cash Cash,-,4,1
2019-07-27,5,Never Really Over,Katy Perry,19,5,4
2019-07-27,6,Find U Again,Mark Ronson Featuring Camila Cabello,7,6,2
2019-07-27,7,Cross Me,Ed Sheeran Featuring Chance the Rapper & PnB Rock,-,7,2
2019-07-27,8,Old Town Road,Lil Nas X Featuring Billy Ray Cyrus,15,1,9
2019-07-27,9,Be Someone,CamelPhat x Jake Bugg,-,9,1
2019-07-27,10,If I Can't Have You,Shawn Mendes,-,4,4
2019-07-27,11,Who Do You Love,The Chainsmokers Featuring 5 Seconds of Summer,-,11,1
2019-07-27,12,Mad Love,Mabel,9,9,4
2019-07-27,13,Bounce Back,Little Mix,-,13,4
2019-07-27,14,Mother's Daughter,Miley Cyrus,16,3,3
2019-07-27,15,Cool,Jonas Brothers,-,10,2
2019-07-27,16,Beautiful People,Ed Sheeran Featuring Khalid,5,5,2
2019-07-27,17,Heaven,Avicii,-,14,2
2019-07-27,18,Easier,5 Seconds of Summer,-,16,2
2019-07-27,19,Senorita,Shawn Mendes & Camila Cabello,2,2,3
2019-07-27,20,Rocket Man,Taron Egerton,-,20,1
2019-07-27,21,The Crossing (Osiyeza),Johnny Clegg,-,21,1
2019-07-27,22,Asimbonanga (Mandela),Johnny Clegg & Savuka,-,22,1
2019-07-27,23,Sparrow,Emeli Sande,-,23,1
2019-07-27,24,Wish You Well,Sigala . & Becky Hill,14,8,4
2019-07-27,25,Shockwave,Liam Gallagher,-,25,1
2019-08-03,1,Cross Me,Ed Sheeran Featuring Chance the Rapper & PnB Rock,7,1,3
2019-08-03,2,Monopoly,Ariana Grande & Victoria Monet,-,2,1
2019-08-03,3,Someone You Loved,Lewis Capaldi,-,3,9
2019-08-03,4,The Archer,Taylor Swift,-,4,1
2019-08-03,5,"Circle Of Life (From ""The Lion King"")",Elton John,-,5,1
2019-08-03,6,I Just Can't Wait To Be King,"Jason Weaver, Rowan Atkinson & Laura Williams",-,6,1
2019-08-03,7,South Of The Border,Ed Sheeran Featuring Camila Cabello & Cardi B,-,7,1
2019-08-03,8,Beautiful People,Ed Sheeran Featuring Khalid,16,5,3
2019-08-03,9,Walk Me Home,P!nk,-,9,5
2019-08-03,10,How Do You Sleep?,Sam Smith,-,10,1
2019-08-03,11,Carry On,Kygo & Rita Ora,-,11,1
2019-08-03,12,The Crossing (Osiyeza),Johnny Clegg,21,12,2
2019-08-03,13,Hate Me,Ellie Goulding & Juice WRLD,-,13,1
2019-08-03,14,Bad Guy,Billie Eilish,1,1,12
2019-08-03,15,My Stress,NF,-,15,1
2019-08-03,16,Can You Feel The Love Tonight,"Beyonce, Donald Glover, Billy Eichner & Seth Rogen",-,16,1
2019-08-03,17,Higher Love,Kygo X Whitney Houston,-,8,2
2019-08-03,18,Otherside,Beyonce,-,18,1
2019-08-03,19,The NeverEnding Story,Limahl,-,19,2
2019-08-03,20,Hate Myself,NF,-,20,1
2019-08-03,21,Summertime Sadness,Lana Del Rey vs. Cedric Gervais,-,21,1
2019-08-03,22,Time,NF,-,22,1
2019-08-03,23,Wild Roses,Of Monsters and Men,-,23,1
2019-08-03,24,Leave Me Alone,NF,-,24,1
2019-08-03,25,You've Got Time,Regina Spektor,-,25,1
2019-08-10,1,The Archer,Taylor Swift,4,1,2
2019-08-10,2,How Do You Sleep?,Sam Smith,10,2,2
2019-08-10,3,I Don't Care,Ed Sheeran & Justin Bieber,-,3,6
2019-08-10,4,Nothing Breaks Like A Heart,Mark Ronson Featuring Miley Cyrus,-,2,8
2019-08-10,5,Walk Me Home,P!nk,9,5,6
2019-08-10,6,Sober,Tool,-,6,1
2019-08-10,7,Forty Six & 2,Tool,-,7,1
2019-08-10,8,Hate Me,Ellie Goulding & Juice WRLD,13,8,2
2019-08-10,9,Stinkfist,Tool,-,9,1
2019-08-10,10,Prison Sex,Tool,-,10,1
2019-08-10,11,Schism,Tool,-,11,1
2019-08-10,12,The Pot,Tool,-,12,1
2019-08-10,13,Lateralus,Tool,-,13,1
2019-08-10,14,Otherside,Beyonce,18,14,2
2019-08-10,15,Solway Firth,Slipknot,-,15,1
2019-08-10,16,Hate Myself,NF,20,16,2
2019-08-10,17,H.,Tool,-,17,1
2019-08-10,18,Jambi,Tool,-,18,1
2019-08-10,19,Came A Long Way,Offset,-,19,2
2019-08-10,20,Mood 4 Eva,"Beyonce, Jay-Z & Childish Gambino Featuring Oumou Sangare",-,20,1
2019-08-10,21,Language,Tori Kelly,-,21,1
2019-08-10,22,How About Now,Drake,-,22,1
2019-08-10,23,All The Time,Zara Larsson,-,23,1
2019-08-10,24,Brown Skin Girl,"Beyonce, Saint Jhn & Wizkid Featuring Blue Ivy Carter",-,24,1
2019-08-10,25,Spirit,Beyonce,-,25,1
2019-08-17,1,Boyfriend,Ariana Grande & Social House,-,1,1
2019-08-17,2,Forty Six & 2,Tool,7,2,2
2019-08-17,3,The Pot,Tool,12,3,2
2019-08-17,4,Sober,Tool,6,4,2
2019-08-17,5,Stinkfist,Tool,9,5,2
2019-08-17,6,Walk Me Home,P!nk,5,5,7
2019-08-17,7,Schism,Tool,11,7,2
2019-08-17,8,Red Lotus,LiSA,-,8,1
2019-08-17,9,Prison Sex,Tool,10,9,2
2019-08-17,10,Jambi,Tool,18,10,2
2019-08-17,11,Nero Forte,Slipknot,-,11,1
2019-08-17,12,Lateralus,Tool,13,12,2
2019-08-17,13,How To Rent A Room,Silver Jews,-,13,1
2019-08-17,14,H.,Tool,17,14,2
2019-08-17,15,Parabola,Tool,-,15,1
2019-08-17,16,How Do You Sleep?,Sam Smith,2,2,3
2019-08-17,17,We Are Real,Silver Jews,-,17,1
2019-08-17,18,Punks In The Beer Light,Silver Jews,-,18,1
2019-08-17,19,I Don't Care,Ed Sheeran & Justin Bieber,3,3,7
2019-08-17,20,Higher Love,Kygo X Whitney Houston,-,8,3
2019-08-17,21,Fear Inoculum,Tool,-,21,1
2019-08-17,22,Eulogy,Tool,-,22,1
2019-08-17,23,AEnema,Tool,-,23,1
2019-08-17,24,The Wild Kindness,Silver Jews,-,24,1
2019-08-17,25,Vicarious,Tool,-,25,1
2019-08-24,1,Boyfriend,Ariana Grande & Social House,1,1,2
2019-08-24,2,Fear Inoculum,Tool,21,2,2
2019-08-24,3,Nothing Breaks Like A Heart,Mark Ronson Featuring Miley Cyrus,-,2,9
2019-08-24,4,Nero Forte,Slipknot,11,4,2
2019-08-24,5,Naeem,Bon Iver,-,5,1
2019-08-24,6,BOOM,X Ambassadors,-,6,1
2019-08-24,7,My Pain,Slipknot,-,7,1
2019-08-24,8,No Guidance,Chris Brown Featuring Drake,-,8,2
2019-08-24,9,Looking For America,Lana Del Rey,-,9,1
2019-08-24,10,Sorry Would Go A Long Way,Tori Kelly,-,10,1
2019-08-24,11,Old Town Road,Lil Nas X Featuring Billy Ray Cyrus,-,1,10
2019-08-24,12,iMi,Bon Iver,-,12,1
2019-08-24,13,A Liar's Funeral,Slipknot,-,13,1
2019-08-24,14,Ritual,"Tiesto , Jonas Blue & Rita Ora",-,13,2
2019-08-24,15,Critical Darling,Slipknot,-,15,1
2019-08-24,16,Small Talk,Katy Perry,-,16,1
2019-08-24,17,Red Lotus,LiSA,8,8,2
2019-08-24,18,Red Flag,Slipknot,-,18,1
2019-08-24,19,Spiders,Slipknot,-,19,1
2019-08-24,20,Not Long For This World,Slipknot,-,20,1
2019-08-24,21,Lost,End Of The World Featuring Clean Bandit,-,21,1
2019-08-24,22,Sh'Diah,Bon Iver,-,22,1
2019-08-24,23,Salem,Bon Iver,-,23,1
2019-08-24,24,There's Nothing Holdin' Me Back,Shawn Mendes,-,2,5
2019-08-24,25,Sex Talk,Megan Thee Stallion,-,25,1
2019-08-31,1,Boyfriend,Ariana Grande & Social House,1,1,3
2019-08-31,2,SOS,Avicii Featuring Aloe Blacc,-,2,7
2019-08-31,3,Small Talk,Katy Perry,16,3,2
2019-08-31,4,Lover,Taylor Swift,-,4,1
2019-08-31,5,Panic Room,Au/Ra & CamelPhat,-,5,1
2019-08-31,6,Old Town Road,Lil Nas X Featuring Billy Ray Cyrus,11,1,11
2019-08-31,7,1999,Charli xcx & Troye Sivan,-,7,1
2019-08-31,8,Slide Away,Miley Cyrus,-,8,1
2019-08-31,9,Spicy,Herve Pagez & Diplo Featuring Charli xcx,-,8,3
2019-08-31,10,Outnumbered,Dermot Kennedy,-,10,1
2019-08-31,11,Spirit,Beyonce,-,11,2
2019-08-31,12,Here With Me,Marshmello Featuring Chvrches,-,11,4
2019-08-31,13,Motivation,Normani,-,13,1
2019-08-31,14,Change,NF,-,14,1
2019-08-31,15,Wish You Were Gay,Billie Eilish,-,2,2
2019-08-31,16,The Power,Duke Dumont & Zak Abel,-,16,1
2019-08-31,17,Cruel Summer,Taylor Swift,-,17,1
2019-08-31,18,Bury A Friend,Billie Eilish,-,1,4
2019-08-31,19,Hot Girl Summer,"Megan Thee Stallion , Nicki Minaj & Ty Dolla $ign",-,19,1
2019-08-31,20,Brown Skin Girl,"Beyonce, Saint Jhn & Wizkid Featuring Blue Ivy Carter",-,20,2
2019-08-31,21,Someone You Loved,Lewis Capaldi,-,3,10
2019-08-31,22,Don't Feel Like Crying,Sigrid,-,18,5
2019-08-31,23,Sanguine Paradise,Lil Uzi Vert,-,23,1
2019-08-31,24,Sucker,Jonas Brothers,-,1,5
2019-08-31,25,Piece Of Your Heart,Meduza Featuring GOODBOYS,-,3,2
2019-09-07,1,Nothing Breaks Like A Heart,Mark Ronson Featuring Miley Cyrus,-,1,10
2019-09-07,2,Lover,Taylor Swift,4,2,2
2019-09-07,3,Invincible,Tool,-,3,1
2019-09-07,4,Slide Away,Miley Cyrus,8,4,2
2019-09-07,5,Motivation,Normani,13,5,2
2019-09-07,6,Cruel Summer,Taylor Swift,17,6,2
2019-09-07,7,Fear Inoculum,Tool,-,2,3
2019-09-07,8,Spicy,Herve Pagez & Diplo Featuring Charli xcx,9,8,4
2019-09-07,9,Giant,Calvin Harris & Rag'n'Bone Man,-,3,3
2019-09-07,10,Descending,Tool,-,10,1
2019-09-07,11,Piece Of Your Heart,Meduza Featuring GOODBOYS,25,3,3
2019-09-07,12,7empest,Tool,-,12,1
2019-09-07,13,Sucker,Jonas Brothers,24,1,6
2019-09-07,14,Outnumbered,Dermot Kennedy,10,10,2
2019-09-07,15,Old Town Road,Lil Nas X Featuring Billy Ray Cyrus,6,1,12
2019-09-07,16,Pneuma,Tool,-,16,1
2019-09-07,17,Culling Voices,Tool,-,17,1
2019-09-07,18,Higher Love,Kygo X Whitney Houston,-,8,4
2019-09-07,19,1999,Charli xcx & Troye Sivan,7,7,2
2019-09-07,20,Mama,"Ella Erye, Banx & Ranx Featuring Kiana Lede",-,20,1
2019-09-07,21,All Day And Night,"Jax Jones , Martin Solveig & Madison Beer",-,4,3
2019-09-07,22,Doin' Time,Lana Del Rey,-,5,3
2019-09-07,23,Here With Me,Marshmello Featuring Chvrches,12,11,5
2019-09-07,24,How To Disappear,Lana Del Rey,-,24,1
2019-09-07,25,Don't Call Me Up,Mabel,-,21,3
2019-09-14,1,Invincible,Tool,3,1,2
2019-09-14,2,7empest,Tool,12,2,2
2019-09-14,3,Motivation,Normani,5,3,3
2019-09-14,4,Jacques,Jax Jones & Tove Lo,-,4,1
2019-09-14,5,No Guidance,Chris Brown Featuring Drake,-,5,3
2019-09-14,6,Circles,Post Malone,-,6,1
2019-09-14,7,Sweet But Psycho,Ava Max,-,7,7
2019-09-14,8,3 Nights,Dominic Fike,-,8,2
2019-09-14,9,Cruel Summer,Taylor Swift,6,6,3
2019-09-14,10,Higher Love,Kygo X Whitney Houston,18,8,5
2019-09-14,11,ME!,Taylor Swift Featuring Brendon Urie,-,11,2
2019-09-14,12,Sucker,Jonas Brothers,13,1,7
2019-09-14,13,Fear Inoculum,Tool,7,2,4
2019-09-14,14,Okay Okay,Alessia Cara,-,14,1
2019-09-14,15,all the good girls go to hell,Billie Eilish,-,1,3
2019-09-14,16,Outnumbered,Dermot Kennedy,14,10,3
2019-09-14,17,Mariners Apartment Complex,Lana Del Rey,-,17,1
2019-09-14,18,Venice Bitch,Lana Del Rey,-,18,1
2019-09-14,19,Wake Me Up When September Ends,Green Day,-,19,1
2019-09-14,20,Norman Fucking Rockwell,Lana Del Rey,-,20,1
2019-09-14,21,Bad Bad Bad,Young Thug Featuring Lil Baby,-,21,1
2019-09-14,22,Fuck It I Love You,Lana Del Rey,-,22,1
2019-09-14,23,123456,Fitz And The Tantrums,-,23,1
2019-09-14,24,California,Lana Del Rey,-,24,1
2019-09-14,25,How To Disappear,Lana Del Rey,24,24,2
2019-09-21,1,Circles,Post Malone,6,1,2
2019-09-21,2,Don't Leave Me Lonely,Mark Ronson Featuring YEBBA,-,2,1
2019-09-21,3,Drive,The Cars,-,3,1
2019-09-21,4,True Love Will Find You In The End,Daniel Johnson,-,4,1
2019-09-21,5,Walking The Cow,Daniel Johnson,-,5,1
2019-09-21,6,High School Sweethearts,Melanie Martinez,-,6,1
2019-09-21,7,Story Of An Artist,Daniel Johnson,-,3,3
2019-09-21,8,Orange Juice,Melanie Martinez,-,8,1
2019-09-21,9,Kill My Mind,Louis Tomlinson,-,9,1
2019-09-21,10,3 Nights,Dominic Fike,8,8,3
2019-09-21,11,Some Things Last a Long Time,Daniel Johnson,-,11,1
2019-09-21,12,The Principal,Melanie Martinez,-,12,1
2019-09-21,13,Higher Love,Kygo X Whitney Houston,10,8,6
2019-09-21,14,Doin' Time,Lana Del Rey,-,5,4
2019-09-21,15,No Guidance,Chris Brown Featuring Drake,5,5,4
2019-09-21,16,Strawberry Shortcake,Melanie Martinez,-,16,1
2019-09-21,17,Saint-Tropez,Post Malone,-,17,1
2019-09-21,18,Don't Let The Sun Go Down On Your Grievances,Daniel Johnson,-,18,1
2019-09-21,19,My Only Child,The Highwomen,-,19,1
2019-09-21,20,Old Town Road,Lil Nas X Featuring Billy Ray Cyrus,-,1,13
2019-09-21,21,Blue Bloods,Death Cab for Cutie,-,21,1
2019-09-21,22,Devil Town,Daniel Johnson,-,22,1
2019-09-21,23,Teacher's Pets,Melanie Martinez,-,23,1
2019-09-21,24,Casper The Friendly Ghost,Daniel Johnson,-,24,1
2019-09-21,25,Good Times Roll,The Cars,-,25,1
2019-09-28,1,Kill My Mind,Louis Tomlinson,9,1,2
2019-09-28,2,Don't Leave Me Lonely,Mark Ronson Featuring YEBBA,2,2,2
2019-09-28,3,Younger,Jonas Blue & Hrvy,-,3,1
2019-09-28,4,Lover,Taylor Swift,-,2,3
2019-09-28,5,Salt And The Sea,The Lumineers,-,5,1
2019-09-28,6,Nothing Breaks Like A Heart,Mark Ronson Featuring Miley Cyrus,-,1,11
2019-09-28,7,Good Times Roll,The Cars,25,7,2
2019-09-28,8,Drive,The Cars,3,3,2
2019-09-28,9,Just What I Needed,The Cars,-,9,1
2019-09-28,10,Hollywood's Bleeding,Post Malone,-,10,1
2019-09-28,11,Saint-Tropez,Post Malone,17,11,2
2019-09-28,12,Heartbeat City,The Cars,-,12,1
2019-09-28,13,Cruel Summer,Taylor Swift,-,6,4
2019-09-28,14,Moving In Stereo,The Cars,-,14,1
2019-09-28,15,Circles,Post Malone,1,1,3
2019-09-28,16,Higher Love,Kygo X Whitney Houston,13,8,7
2019-09-28,17,Dangerous Type,The Cars,-,17,1
2019-09-28,18,Bye Bye Love,The Cars,-,18,1
2019-09-28,19,Die For Me,Post Malone Featuring Future & Halsey,-,19,1
2019-09-28,20,Carry Me Away,John Mayer,-,20,1
2019-09-28,21,Take What You Want,Post Malone Featuring Ozzy Osbourne & Travis Scott,-,21,1
2019-09-28,22,High School Sweethearts,Melanie Martinez,6,6,2
2019-09-28,23,Candy-O,The Cars,-,23,1
2019-09-28,24,Let's Go,The Cars,-,24,1
2019-09-28,25,You Might Think,The Cars,-,25,1
2019-10-05,1,Don't Call Me Angel (Charlie's Angels),"Ariana Grande , Miley Cyrus & Lana Del Rey",-,1,1
2019-10-05,2,Stack It Up,Liam Payne Featuring A Boogie wit da Hoodie,-,2,1
2019-10-05,3,No Guidance,Chris Brown Featuring Drake,-,3,5
2019-10-05,4,Lying Down,Celine Dion,-,4,1
2019-10-05,5,Leave A Light On,Tom Walker,-,5,1
2019-10-05,6,Drive,The Cars,8,3,3
2019-10-05,7,Norman Fucking Rockwell,Lana Del Rey,-,7,2
2019-10-05,8,The Last Time,The Script,-,8,1
2019-10-05,9,I Could Get Used To This,Becky Hill,-,9,1
2019-10-05,10,Back & Forth,"MK , Jonas Blue & Becky Hill",-,10,1
2019-10-05,11,Don't Leave Me Lonely,Mark Ronson Featuring YEBBA,2,2,3
2019-10-05,12,Playing Games,Summer Walker,-,12,1
2019-10-05,13,Afterglow,Taylor Swift,-,13,1
2019-10-05,14,homecoming queen?,Kelsea Ballerini,-,14,1
2019-10-05,15,My Power,"Tierra Whack, Beyonce & Moonchild Sanelly Featuring Nija",-,15,1
2019-10-05,16,Moving In Stereo,The Cars,14,14,2
2019-10-05,17,Strawberry Shortcake,Melanie Martinez,-,16,2
2019-10-05,18,Wow.,Post Malone,-,9,3
2019-10-05,19,223's,YNW Melly & 9lokknine,-,19,1
2019-10-05,20,Unsainted,Slipknot,-,20,2
2019-10-05,21,Spirit,Beyonce,-,11,3
2019-10-05,22,Indigo,88rising & NIKI,-,22,1
2019-10-05,23,Light Years,The National,-,13,2
2019-10-05,24,From The Edge,FictionJunction Featuring LiSA,-,24,1
2019-10-05,25,California,Lana Del Rey,-,24,2
2019-10-12,1,Thriller,Michael Jackson,-,1,2
2019-10-12,2,Halloween,Aqua,-,2,1
2019-10-12,3,Monster Mash,"Bobby ""Boris"" Pickett And The Crypt-Kickers",-,3,1
2019-10-12,4,There's A Ghost In My House,R. Dean Taylor,-,4,1
2019-10-12,5,Bat Out Of Hell,Meat Loaf,-,5,1
2019-10-12,6,The Last Time,The Script,8,6,2
2019-10-12,7,Dracula's Wedding,OutKast Featuring Kelis,-,7,1
2019-10-12,8,Witch Doctor,Cartoons,-,8,1
2019-10-12,9,Black Magic,Little Mix,-,8,9
2019-10-12,10,Ghostbusters,Ray Parker Jr.,-,10,1
2019-10-12,11,Turn Me On,Riton X Oliver Heldens Featuring Vula,-,11,1
2019-10-12,12,God Is A Dancer,Tiesto & Mabel,-,12,1
2019-10-12,13,Grim Grinning Ghosts,"The Melomen, Paul Frees, Betty Taylor , Bill Lee & Thurl Ravenscroft",-,13,1
2019-10-12,14,Feed My Frankenstein,Alice Cooper,-,14,1
2019-10-12,15,I Put A Spell On You,Screamin' Jay Hawkins,-,15,1
2019-10-12,16,She Wolf,Shakira,-,16,1
2019-10-12,17,Ghost,Katy Perry,-,17,1
2019-10-12,18,Beautiful Monster,Ne-Yo,-,18,1
2019-10-12,19,Slide Away,Miley Cyrus,-,4,3
2019-10-12,20,Outnumbered,Dermot Kennedy,-,10,4
2019-10-12,21,Walk Me Home,P!nk,-,5,8
2019-10-12,22,Hellraiser,Sweet,-,22,1
2019-10-12,23,Just You And I,Tom Walker,-,4,3
2019-10-12,24,Remember To Breathe,Sturgill Simpson,-,24,1
2019-10-12,25,Back & Forth,"MK , Jonas Blue & Becky Hill",10,10,2
2019-10-19,1,Higher Love,Kygo X Whitney Houston,-,1,8
2019-10-19,2,Bruises,Lewis Capaldi,-,2,1
2019-10-19,3,Nothing Breaks Like A Heart,Mark Ronson Featuring Miley Cyrus,-,1,12
2019-10-19,4,Ghostbusters,Ray Parker Jr.,10,4,2
2019-10-19,5,Slide Away,Miley Cyrus,19,4,4
2019-10-19,6,Outnumbered,Dermot Kennedy,20,6,5
2019-10-19,7,Haunted Heart,Christina Aguilera,-,7,1
2019-10-19,8,Wish You Well,Sigala . & Becky Hill,-,8,5
2019-10-19,9,Candlelight,Jack Savoretti,-,9,1
2019-10-19,10,Just You And I,Tom Walker,23,4,4
2019-10-19,11,3 Nights,Dominic Fike,-,8,4
2019-10-19,12,Piss River,Kevin Morby,-,12,1
2019-10-19,13,Turn Me On,Riton X Oliver Heldens Featuring Vula,11,11,2
2019-10-19,14,Sweater Weather,The Neighbourhood,-,14,1
2019-10-19,15,Acrylic,Leikeli47,-,15,1
2019-10-19,16,Cry For Me,Camila Cabello,-,16,1
2019-10-19,17,Goodbyes,Post Malone Featuring Young Thug,-,17,1
2019-10-19,18,1999,Charli xcx & Troye Sivan,-,7,3
2019-10-19,19,Speechless (Full),Naomi Scott,-,19,1
2019-10-19,20,Madame,Alrima,-,20,1
2019-10-19,21,Walk Me Home,P!nk,21,5,9
2019-10-19,22,Someone You Loved,Lewis Capaldi,-,3,11
2019-10-19,23,Hot Girl Summer,"Megan Thee Stallion , Nicki Minaj & Ty Dolla $ign",-,19,2
2019-10-19,24,BLOW,Ed Sheeran With Chris Stapleton & Bruno Mars,-,24,1
2019-10-19,25,Circles,Post Malone,-,1,4
2019-10-26,1,Dance Monkey,Tones And I,-,1,1
2019-10-26,2,Piss River,Kevin Morby,12,2,2
2019-10-26,3,Higher Love,Kygo X Whitney Houston,1,1,9
2019-10-26,4,God Is A Dancer,Tiesto & Mabel,-,4,2
2019-10-26,5,Turn Me On,Riton X Oliver Heldens Featuring Vula,13,5,3
2019-10-26,6,Ritual,"Tiesto , Jonas Blue & Rita Ora",-,6,3
2019-10-26,7,Younger,Jonas Blue & Hrvy,-,3,2
2019-10-26,8,Bruises,Lewis Capaldi,2,2,2
2019-10-26,9,SOS,Avicii Featuring Aloe Blacc,-,2,8
2019-10-26,10,Lights Up,Harry Styles,-,10,1
2019-10-26,11,Be Someone,CamelPhat x Jake Bugg,-,9,2
2019-10-26,12,Falling Like The Stars,James Arthur,-,12,1
2019-10-26,13,Circles,Post Malone,25,1,5
2019-10-26,14,Old Town Road,Lil Nas X Featuring Billy Ray Cyrus,-,1,14
2019-10-26,15,Cheating On You,Charlie Puth,-,15,1
2019-10-26,16,Sucker,Jonas Brothers,-,1,8
2019-10-26,17,How Do You Sleep?,Sam Smith,-,2,4
2019-10-26,18,Without You,John Newman And Nina Nesbitt,-,18,1
2019-10-26,19,Cry For Me,Camila Cabello,16,16,2
2019-10-26,20,If I Can't Have You,Shawn Mendes,-,4,5
2019-10-26,21,1999,Charli xcx & Troye Sivan,18,7,4
2019-10-26,22,Kill My Mind,Louis Tomlinson,-,1,3
2019-10-26,23,The Last Time,The Script,-,6,3
2019-10-26,24,Walk Me Home,P!nk,21,5,10
2019-10-26,25,Easy,Camila Cabello,-,25,1
2019-11-02,1,Lights Up,Harry Styles,10,1,2
2019-11-02,2,Bad Guy,Billie Eilish,-,1,13
2019-11-02,3,Liar,Camila Cabello,-,3,1
2019-11-02,4,Harleys In Hawaii,Katy Perry,-,4,1
2019-11-02,5,Don't Call Me Angel (Charlie's Angels),"Ariana Grande , Miley Cyrus & Lana Del Rey",-,1,2
2019-11-02,6,Thriller,Michael Jackson,-,1,3
2019-11-02,7,Just You And I,Tom Walker,-,4,5
2019-11-02,8,Better Half Of Me,Tom Walker,-,8,1
2019-11-02,9,Easy,Camila Cabello,25,9,2
2019-11-02,10,Good As Hell,Lizzo,-,10,1
2019-11-02,11,South Of The Border,Ed Sheeran Featuring Camila Cabello & Cardi B,-,7,2
2019-11-02,12,Wish You Well,Sigala . & Becky Hill,-,8,6
2019-11-02,13,I Don't Care,Ed Sheeran & Justin Bieber,-,3,8
2019-11-02,14,Lose You To Love Me,Selena Gomez,-,14,1
2019-11-02,15,Monster Mash,"Bobby ""Boris"" Pickett And The Crypt-Kickers",-,3,2
2019-11-02,16,This Is Real,Jax Jones & Ella Henderson,-,16,1
2019-11-02,17,Falling Like The Stars,James Arthur,12,12,2
2019-11-02,18,Old Town Road,Lil Nas X Featuring Billy Ray Cyrus,14,1,15
2019-11-02,19,Halloween,Aqua,-,2,2
2019-11-02,20,Motivation,Normani,-,3,4
2019-11-02,21,Walk Me Home,P!nk,24,5,11
2019-11-02,22,Playing Games,Summer Walker,-,12,2
2019-11-02,23,Nothing Breaks Like A Heart,Mark Ronson Featuring Miley Cyrus,-,1,13
2019-11-02,24,Bruises,Lewis Capaldi,8,2,3
2019-11-02,25,Bat Out Of Hell,Meat Loaf,-,5,2
2019-11-09,1,Lose You To Love Me,Selena Gomez,14,1,2
2019-11-09,2,Liar,Camila Cabello,3,2,2
2019-11-09,3,Lose Control,Meduza x Becky Hill x GOODBOYS,-,3,1
2019-11-09,4,This Is Real,Jax Jones & Ella Henderson,16,4,2
2019-11-09,5,Look At Her Now.,Selena Gomez,-,5,1
2019-11-09,6,Rules,Doja Cat,-,6,1
2019-11-09,7,555,Jimmy Eat World,-,7,1
2019-11-09,8,Monster Mash,"Bobby ""Boris"" Pickett And The Crypt-Kickers",15,3,3
2019-11-09,9,Zanies and Fools,Chance the Rapper Featuring Darius Scott & Nicki Minaj,-,9,1
2019-11-09,10,Something About You,Elderbrook x Rudimental,-,10,1
2019-11-09,11,Drama,Dave,-,11,1
2019-11-09,12,GIRL,Maren Morris,-,12,1
2019-11-09,13,Blind Leading The Blind,Mumford & Sons,-,13,1
2019-11-09,14,Bluebird,Miranda Lambert,-,14,1
2019-11-09,15,Orphans,Coldplay,-,15,1
2019-11-09,16,Nero Forte,Slipknot,-,4,3
2019-11-09,17,Can't Say I Ain't Country,Florida Georgia Line,-,17,1
2019-11-09,18,Welcome To The Black Parade,My Chemical Romance,-,18,1
2019-11-09,19,Follow God,Kanye West,-,19,1
2019-11-09,20,All I Want For Christmas Is You,Mariah Carey,-,4,12
2019-11-09,21,Hot,Young Thug Featuring Gunna,-,21,1
2019-11-09,22,I'm Not Okay (I Promise),My Chemical Romance,-,22,1
2019-11-09,23,Simple,Florida Georgia Line,-,13,4
2019-11-09,24,Sex Talk,Megan Thee Stallion,-,24,2
2019-11-09,25,We Made It,Louis Tomlinson,-,25,1
2019-11-16,1,Dance Monkey,Tones And I,-,1,2
2019-11-16,2,Higher Love,Kygo X Whitney Houston,-,1,10
2019-11-16,3,all the good girls go to hell,Billie Eilish,-,1,4
2019-11-16,4,Harder,Jax Jones & Bebe Rexha,-,4,1
2019-11-16,5,Boyfriend,Ariana Grande & Social House,-,1,4
2019-11-16,6,Crown,Stormzy,-,4,2
2019-11-16,7,Circles,Post Malone,-,1,6
2019-11-16,8,I Could Get Used To This,Becky Hill,-,8,2
2019-11-16,9,Happy Xmas (War Is Over),John & Yoko/The Plastic Ono Band With The Harlem Community Choir,-,8,4
2019-11-16,10,Christmas (Baby Please Come Home),Darlene Love,-,10,1
2019-11-16,11,Ran$om,Lil Tecca,-,11,1
2019-11-16,12,Better Half Of Me,Tom Walker,-,8,2
2019-11-16,13,Panini,Lil Nas X,-,13,1
2019-11-16,14,Merry Christmas Everyone,Shakin' Stevens,-,14,1
2019-11-16,15,"10,000 Hours",Dan + Shay & Justin Bieber,-,15,1
2019-11-16,16,Summer Girl,Haim,-,16,1
2019-11-16,17,Christmas Wrapping,The Waitresses,-,5,4
2019-11-16,18,Strike A Pose,Young T & Bugsey & Aitch,-,18,1
2019-11-16,19,Ritual,"Tiesto , Jonas Blue & Rita Ora",-,6,4
2019-11-16,20,Turn Me On,Riton X Oliver Heldens Featuring Vula,-,5,4
2019-11-16,21,Lalala,Y2K & bbno$,-,21,1
2019-11-16,22,Taste (Make It Shake),Aitch,-,22,1
2019-11-16,23,Outnumbered,Dermot Kennedy,-,6,6
2019-11-16,24,How Do You Sleep?,Sam Smith,-,2,5
2019-11-16,25,Do They Know It's Christmas?,Band Aid,-,5,4
2019-11-23,1,We Got Love,Sigala . & Ella Henderson,-,1,1
2019-11-23,2,Christmas (Baby Please Come Home),Darlene Love,10,2,2
2019-11-23,3,Dance Monkey,Tones And I,1,1,3
2019-11-23,4,Merry Christmas Everyone,Shakin' Stevens,14,4,2
2019-11-23,5,Don't Start Now,Dua Lipa,-,5,1
2019-11-23,6,Do They Know It's Christmas?,Band Aid,25,5,5
2019-11-23,7,Panini,Lil Nas X,13,7,2
2019-11-23,8,Happy Xmas (War Is Over),John & Yoko/The Plastic Ono Band With The Harlem Community Choir,9,8,5
2019-11-23,9,Ran$om,Lil Tecca,11,9,2
2019-11-23,10,Christmas Wrapping,The Waitresses,17,5,5
2019-11-23,11,I Don't Care,Ed Sheeran & Justin Bieber,-,3,9
2019-11-23,12,Higher Love,Kygo X Whitney Houston,2,1,11
2019-11-23,13,"10,000 Hours",Dan + Shay & Justin Bieber,15,13,2
2019-11-23,14,Boyfriend,Ariana Grande & Social House,5,1,5
2019-11-23,15,Step Into Christmas,Elton John,-,15,1
2019-11-23,16,Senorita,Shawn Mendes & Camila Cabello,-,2,4
2019-11-23,17,all the good girls go to hell,Billie Eilish,3,1,5
2019-11-23,18,Now You're Gone,Tom Walker Featuring Zara Larsson,-,18,1
2019-11-23,19,Lalala,Y2K & bbno$,21,19,2
2019-11-23,20,Taste (Make It Shake),Aitch,22,20,2
2019-11-23,21,Harder,Jax Jones & Bebe Rexha,4,4,2
2019-11-23,22,Circles,Post Malone,7,1,7
2019-11-23,23,ME!,Taylor Swift Featuring Brendon Urie,-,11,3
2019-11-23,24,I Wish It Could Be Christmas Everyday,Girls Aloud,-,24,1
2019-11-23,25,Silver Bells,Jim Reeves,-,25,1
2019-11-30,1,No Guidance,Chris Brown Featuring Drake,-,1,6
2019-11-30,2,Someone You Loved,Lewis Capaldi,-,2,12
2019-11-30,3,It's Beginning To Look A Lot Like Christmas,Bing Crosby With Jud Conlon's Rhythmaires & John Scott Trotter & His Orchestra,-,3,1
2019-11-30,4,Post Malone,Sam Feldt Featuring RANI,-,4,1
2019-11-30,5,Everything I Wanted,Billie Eilish,-,5,1
2019-11-30,6,Wish You Well,Sigala . & Becky Hill,-,6,7
2019-11-30,7,Christmas Lights,Coldplay,-,7,1
2019-11-30,8,So High,MIST Featuring Fredo,-,8,1
2019-11-30,9,Church,Coldplay,-,9,1
2019-11-30,10,Lover,Taylor Swift,-,2,4
2019-11-30,11,I Feel Love,Sam Smith,-,11,1
2019-11-30,12,All I Want For Christmas Is You,Mariah Carey,-,4,13
2019-11-30,13,A Holly Jolly Christmas,Burl Ives,-,13,1
2019-11-30,14,Before You Go,Lewis Capaldi,-,14,1
2019-11-30,15,Silver Bells,Jim Reeves,25,15,2
2019-11-30,16,Last Christmas,Wham!,-,2,5
2019-11-30,17,SOS,Avicii Featuring Aloe Blacc,-,2,9
2019-11-30,18,Merry Xmas Everybody,Robbie Williams Featuring Jamie Cullum,-,18,1
2019-11-30,19,Nice To Meet Ya,Niall Horan,-,19,1
2019-11-30,20,I Wish It Could Be Christmas Everyday,Roy Wood Featuring The Stockland Green Bilateral School First Year Choir,-,20,1
2019-11-30,21,What If I Never Get Over You,Lady Antebellum,-,21,1
2019-11-30,22,Trouble In Town,Coldplay,-,22,1
2019-11-30,23,Watermelon Sugar,Harry Styles,-,23,1
2019-11-30,24,Playing Games,Summer Walker,-,12,3
2019-11-30,25,Up All Night,Khalid,-,25,1
2019-12-07,1,Someone You Loved,Lewis Capaldi,2,1,13
2019-12-07,2,Leave A Light On,Tom Walker,-,2,2
2019-12-07,3,Before You Go,Lewis Capaldi,14,3,2
2019-12-07,4,It's Beginning To Look A Lot Like Christmas,Bing Crosby With Jud Conlon's Rhythmaires & John Scott Trotter & His Orchestra,3,3,2
2019-12-07,5,Christmas Wrapping,The Waitresses,-,5,6
2019-12-07,6,Christmas (Baby Please Come Home),Darlene Love,-,2,3
2019-12-07,7,Can't Fight This Feeling,Bastille Featuring London Contemporary Orchestra,-,7,1
2019-12-07,8,Do They Know It's Christmas?,Band Aid,-,5,6
2019-12-07,9,Christmas Lights,Coldplay,7,7,2
2019-12-07,10,I Wish It Could Be Christmas Everyday,Girls Aloud,-,10,2
2019-12-07,11,Last Christmas,Wham!,16,2,6
2019-12-07,12,Merry Xmas Everybody,Slade,-,12,1
2019-12-07,13,Merry Christmas Everyone,Shakin' Stevens,-,4,3
2019-12-07,14,Fairytale Of New York,The Pogues Featuring Kirsty MacColl,-,10,7
2019-12-07,15,Winter Wonderland,Robbie Williams,-,15,1
2019-12-07,16,Rockin' Around The Christmas Tree,Brenda Lee,-,4,3
2019-12-07,17,All I Want For Christmas Is You,Mariah Carey,12,4,14
2019-12-07,18,Underneath The Tree,Kelly Clarkson,-,18,1
2019-12-07,19,White Winter Hymnal,Fleet Foxes,-,19,1
2019-12-07,20,Santa Claus Is Comin' To Town,Jackson 5,-,20,1
2019-12-07,21,Watermelon Sugar,Harry Styles,23,21,2
2019-12-07,22,Santa Tell Me,Ariana Grande,-,22,1
2019-12-07,23,Happy Xmas (War Is Over),John & Yoko/The Plastic Ono Band With The Harlem Community Choir,-,8,6
2019-12-07,24,Like It's Christmas,Jonas Brothers,-,24,1
2019-12-07,25,Jingle Bells,Dean Martin,-,25,1
2019-12-14,1,All I Want For Christmas Is You,Mariah Carey,17,1,15
2019-12-14,2,Christmas Lights,Coldplay,9,2,3
2019-12-14,3,Like It's Christmas,Jonas Brothers,24,3,2
2019-12-14,4,Santa Tell Me,Ariana Grande,22,4,2
2019-12-14,5,Santa Baby,Eartha Kitt With Henri Rene And His Orchestra,-,1,3
2019-12-14,6,Christmas Tree,Lady Gaga,-,6,1
2019-12-14,7,Merry Xmas Everybody,Robbie Williams Featuring Jamie Cullum,-,7,2
2019-12-14,8,I Wish It Could Be Christmas Everyday,Girls Aloud,10,8,3
2019-12-14,9,(Happy Xmas) War Is Over!,Miley Cyrus & Mark Ronson Featuring Sean Ono Lennon,-,9,1
2019-12-14,10,Christmas Wrapping,The Waitresses,5,5,7
2019-12-14,11,Have Yourself A Merry Little Christmas,Sam Smith,-,11,1
2019-12-14,12,Underneath The Tree,Kelly Clarkson,18,12,2
2019-12-14,13,White Christmas,Taylor Swift,-,13,1
2019-12-14,14,Do You Want To Build A Snowman?,"Kristen Bell , Agatha Lee Monn & Katie Lopez",-,14,1
2019-12-14,15,Jingle Bells,Dean Martin,25,15,2
2019-12-14,16,Silent Night,Paloma Faith Featuring The #ThankYouMidwife Choir,-,16,1
2019-12-14,17,Do They Know It's Christmas?,Band Aid 20,-,15,2
2019-12-14,18,Last Christmas,Wham!,11,2,7
2019-12-14,19,One Wish (For Christmas),Whitney Houston,-,19,1
2019-12-14,20,Christmas In Hollis,Run-D.M.C.,-,20,1
2019-12-14,21,Fairytale Of New York,The Pogues Featuring Kirsty MacColl,14,10,8
2019-12-14,22,Jingle Bell Rock,Ludwig von Drake,-,22,1
2019-12-14,23,Feliz Navidad,Celine Dion,-,23,1
2019-12-14,24,"Merry Christmas, Happy Holidays",*NSYNC,-,24,1
2019-12-14,25,Peace On Earth/Little Drummer Boy,David Bowie & Bing Crosby,-,25,1
2019-12-21,1,Dance Monkey,Tones And I,-,1,4
2019-12-21,2,Christmas Lights,Coldplay,2,2,4
2019-12-21,3,Last Christmas,Wham!,18,2,8
2019-12-21,4,White Winter Hymnal,Fleet Foxes,-,4,2
2019-12-21,5,All I Want For Christmas Is You,Mariah Carey,1,1,16
2019-12-21,6,Do You Want To Build A Snowman?,"Kristen Bell , Agatha Lee Monn & Katie Lopez",14,6,2
2019-12-21,7,Own It,Stormzy Featuring Ed Sheeran & Burna Boy,-,7,1
2019-12-21,8,Lights Up,Harry Styles,-,1,3
2019-12-21,9,"It Must Have Been Love (From ""Pretty Woman"")",Roxette,-,9,1
2019-12-21,10,I Don't Care,Ed Sheeran & Justin Bieber,-,3,10
2019-12-21,11,Fairytale Of New York,The Pogues Featuring Kirsty MacColl,21,10,9
2019-12-21,12,Listen To Your Heart,Roxette,-,12,1
2019-12-21,13,Blinding Lights,The Weeknd,-,13,1
2019-12-21,14,Vossi Bop,Stormzy,-,2,3
2019-12-21,15,Legends,Juice WRLD,-,15,1
2019-12-21,16,Xanny,Billie Eilish,-,12,3
2019-12-21,17,Family,The Chainsmokers With Kygo,-,17,1
2019-12-21,18,Old Town Road,Lil Nas X Featuring Billy Ray Cyrus,-,1,16
2019-12-21,19,I Wish It Could Be Christmas Everyday,Roy Wood Featuring The Stockland Green Bilateral School First Year Choir,-,19,2
2019-12-21,20,The Look,Roxette,-,20,1
2019-12-21,21,Joyride,Roxette,-,21,1
2019-12-21,22,O Come All Ye Faithful,Nat King Cole,-,22,1
2019-12-21,23,Adore You,Harry Styles,-,23,1
2019-12-21,24,Santa Baby,Kylie Minogue,-,24,1
2019-12-21,25,Fading Like A Flower (Every Time You Leave),Roxette,-,25,1
2020-01-04,1,Wish You Well,Sigala . & Becky Hill,-,1,8
2020-01-04,2,Don't Call Me Up,Mabel,-,2,4
2020-01-04,3,3 Nights,Dominic Fike,-,3,5
2020-01-04,4,Vossi Bop,Stormzy,14,2,5
2020-01-04,5,Sucker,Jonas Brothers,-,1,9
2020-01-04,6,Bad Guy,Billie Eilish,-,1,14
2020-01-04,7,Dancing With A Stranger,Sam Smith & Normani,-,7,7
2020-01-04,8,Just You And I,Tom Walker,-,4,6
2020-01-04,9,Auld Lang Syne (The New Year's Anthem),Mariah Carey,-,9,1
2020-01-04,10,Senorita,Shawn Mendes & Camila Cabello,-,2,5
2020-01-04,11,Someone You Loved,Lewis Capaldi,-,1,14
2020-01-04,12,Hold Me While You Wait,Lewis Capaldi,-,5,5
2020-01-04,13,I Don't Care,Ed Sheeran & Justin Bieber,10,3,12
2020-01-04,14,Rabbit Hole,CamelPhat Featuring Jem Cooke,-,14,1
2020-01-04,15,Piece Of Your Heart,Meduza Featuring GOODBOYS,-,3,4
2020-01-04,16,Nothing Breaks Like A Heart,Mark Ronson Featuring Miley Cyrus,-,1,14
2020-01-04,17,Lonely,Diplo Presents Thomas Wesley With Jonas Brothers,-,17,1
2020-01-04,18,Taste (Make It Shake),Aitch,-,18,3
2020-01-04,19,My Oh My,Camila Cabello Featuring DaBaby,-,19,1
2020-01-04,20,Future Nostalgia,Dua Lipa,-,20,1
2020-01-04,21,Back & Forth,"MK , Jonas Blue & Becky Hill",-,10,3
2020-01-04,22,School Shooters,XXXTENTACION Featuring Lil Wayne,-,22,1
2020-01-04,23,Happy New Year,ABBA,-,3,4
2020-01-04,24,Say So,Doja Cat,-,24,1
2020-01-04,25,When The Party's Over,Billie Eilish,-,8,3
2020-01-11,1,Dance Monkey,Tones And I,-,1,6
2020-01-11,2,Old Town Road,Lil Nas X Featuring Billy Ray Cyrus,-,1,18
2020-01-11,3,Wish You Well,Sigala . & Becky Hill,1,1,9
2020-01-11,4,Bad Guy,Billie Eilish,6,1,15
2020-01-11,5,Someone You Loved,Lewis Capaldi,11,1,15
2020-01-11,6,Higher Love,Kygo X Whitney Houston,-,1,12
2020-01-11,7,I Don't Care,Ed Sheeran & Justin Bieber,13,3,13
2020-01-11,8,Circles,Post Malone,-,1,8
2020-01-11,9,Giant,Calvin Harris & Rag'n'Bone Man,-,3,4
2020-01-11,10,Senorita,Shawn Mendes & Camila Cabello,10,2,6
2020-01-11,11,Vossi Bop,Stormzy,4,2,6
2020-01-11,12,Don't Call Me Up,Mabel,2,2,5
2020-01-11,13,Sucker,Jonas Brothers,5,1,10
2020-01-11,14,God Is A Dancer,Tiesto & Mabel,-,4,3
2020-01-11,15,Don't Start Now,Dua Lipa,-,5,2
2020-01-11,16,3 Nights,Dominic Fike,3,3,6
2020-01-11,17,Piece Of Your Heart,Meduza Featuring GOODBOYS,15,3,5
2020-01-11,18,Nothing Breaks Like A Heart,Mark Ronson Featuring Miley Cyrus,16,1,15
2020-01-11,19,Turn Me On,Riton X Oliver Heldens Featuring Vula,-,5,5
2020-01-11,20,Dancing With A Stranger,Sam Smith & Normani,7,7,8
2020-01-11,21,Post Malone,Sam Feldt Featuring RANI,-,4,2
2020-01-11,22,Never Really Over,Katy Perry,-,5,5
2020-01-11,23,Taste (Make It Shake),Aitch,18,18,4
2020-01-11,24,"10,000 Hours",Dan + Shay & Justin Bieber,-,13,3
2020-01-11,25,Before You Go,Lewis Capaldi,-,3,3
2020-01-18,1,Tom Sawyer,Rush,-,1,1
2020-01-18,2,Limelight,Rush,-,2,1
2020-01-18,3,The Trees,Rush,-,3,1
2020-01-18,4,The Temples Of Syrinx,Rush,-,4,1
2020-01-18,5,Losing It,Rush,-,5,1
2020-01-18,6,The Garden,Rush,-,6,1
2020-01-18,7,Yummy,Justin Bieber,-,7,1
2020-01-18,8,Afterimage,Rush,-,8,1
2020-01-18,9,Without Me,Halsey,-,2,10
2020-01-18,10,Closer To The Heart,Rush,-,10,1
2020-01-18,11,Bravado,Rush,-,11,1
2020-01-18,12,The Spirit Of Radio,Rush,-,12,1
2020-01-18,13,Freewill,Rush,-,13,1
2020-01-18,14,Subdivisions,Rush,-,14,1
2020-01-18,15,Fly By Night,Rush,-,15,1
2020-01-18,16,2112 (Live),Rush,-,16,1
2020-01-18,17,Nobody's Hero,Rush,-,17,1
2020-01-18,18,Dreamline,Rush,-,18,1
2020-01-18,19,Roll The Bones,Rush,-,19,1
2020-01-18,20,Vital Signs,Rush,-,20,1
2020-01-18,21,The Pass,Rush,-,21,1
2020-01-18,22,A Farewell To Kings,Rush,-,22,1
2020-01-18,23,Lakeside Park / Anthem,Rush,-,23,1
2020-01-18,24,Entre Nous,Rush,-,24,1
2020-01-18,25,Time Stand Still,Rush,-,25,1
2020-01-25,1,Yummy,Justin Bieber,7,1,2
2020-01-25,2,Unlasting,LiSA,-,2,1
2020-01-25,3,Nothing Breaks Like A Heart,Mark Ronson Featuring Miley Cyrus,-,1,16
2020-01-25,4,Tom Sawyer,Rush,1,1,2
2020-01-25,5,All I Want,Olivia Rodrigo,-,5,1
2020-01-25,6,The Box,Roddy Ricch,-,6,1
2020-01-25,7,You Should Be Sad,Halsey,-,7,1
2020-01-25,8,Limelight,Rush,2,2,2
2020-01-25,9,The Garden,Rush,6,6,2
2020-01-25,10,Mami,Piso 21 & Black Eyed Peas,-,10,1
2020-01-25,11,The Trees,Rush,3,3,2
2020-01-25,12,Watermelon Sugar,Harry Styles,-,12,3
2020-01-25,13,Better Off Without You,Becky Hill Featuring Shift K3Y,-,13,1
2020-01-25,14,Cry Cry Cry,Coldplay,-,14,1
2020-01-25,15,Between The Wheels,Rush,-,15,1
2020-01-25,16,Say So,Doja Cat,-,16,2
2020-01-25,17,Kid Gloves,Rush,-,17,1
2020-01-25,18,Anagram,Rush,-,18,1
2020-01-25,19,BLOW,Ed Sheeran With Chris Stapleton & Bruno Mars,-,19,2
2020-01-25,20,Rare,Selena Gomez,-,20,1
2020-01-25,21,Red Sector A,Rush,-,21,1
2020-01-25,22,Force Ten,Rush,-,22,1
2020-01-25,23,2112 (Live),Rush,16,16,2
2020-01-25,24,By-Tor And The Snow Dog,Rush,-,24,1
2020-01-25,25,Bury A Friend,Billie Eilish,-,1,5
2020-02-01,1,Ride It.,Regard,-,1,1
2020-02-01,2,Adore You,Harry Styles,-,2,3
2020-02-01,3,Yummy,Justin Bieber,1,1,3
2020-02-01,4,Someone You Loved,Lewis Capaldi,-,1,16
2020-02-01,5,"10,000 Hours",Dan + Shay & Justin Bieber,-,5,4
2020-02-01,6,Alanis' Interlude,Halsey & Alanis Morissette,-,6,1
2020-02-01,7,Godzilla,Eminem Featuring Juice WRLD,-,7,1
2020-02-01,8,You Should Be Sad,Halsey,7,7,2
2020-02-01,9,Blinding Lights,The Weeknd,-,9,3
2020-02-01,10,Darkness,Eminem,-,10,1
2020-02-01,11,Boyfriend,Ariana Grande & Social House,-,1,6
2020-02-01,12,This Land,Gary Clark Jr.,-,12,2
2020-02-01,13,Bruises,Lewis Capaldi,-,2,4
2020-02-01,14,Hand Me Downs,Mac Miller,-,14,1
2020-02-01,15,Rare,Selena Gomez,20,15,2
2020-02-01,16,Turn Me On,Riton X Oliver Heldens Featuring Vula,-,5,6
2020-02-01,17,I Will,"Eminem Featuring Kxng Crooked , Royce da 5'9"" & Joell Ortiz",-,17,1
2020-02-01,18,Never Love Again,Eminem,-,18,1
2020-02-01,19,Nobody But You,Blake Shelton Duet With Gwen Stefani,-,19,1
2020-02-01,20,Life Is Good,Future Featuring Drake,-,20,1
2020-02-01,21,Before You Go,Lewis Capaldi,-,3,4
2020-02-01,22,Cross Me,Ed Sheeran Featuring Chance the Rapper & PnB Rock,-,1,4
2020-02-01,23,Fatal Attraction,Kevin Gates,-,23,1
2020-02-01,24,Take What You Want,Post Malone Featuring Ozzy Osbourne & Travis Scott,-,21,2
2020-02-01,25,Bring My Flowers Now,Tanya Tucker,-,25,1
2020-02-08,1,Physical,Dua Lipa,-,1,1
2020-02-08,2,Get Me,Justin Bieber Featuring Kehlani,-,2,1
2020-02-08,3,Nice To Meet Ya,Meghan Trainor Featuring Nicki Minaj,-,3,1
2020-02-08,4,GUESS WHAT,Russ Featuring Rick Ross,-,4,1
2020-02-08,5,Old Town Road,Lil Nas X Featuring Billy Ray Cyrus,-,1,19
2020-02-08,6,Good in Goodbye,Madison Beer,-,6,1
2020-02-08,7,Own It,Stormzy Featuring Ed Sheeran & Burna Boy,-,7,3
2020-02-08,8,Tonight,Kesha,-,8,1
2020-02-08,9,King Of My City,A Boogie wit da Hoodie,-,9,1
2020-02-08,10,NEED A MINUTE,Russ,-,10,1
2020-02-08,11,K Lo K,Tory Lanez & Fivio Foreign,-,11,1
2020-02-08,12,Funeral,Lil Wayne,-,12,1
2020-02-08,13,Honest,San Holo Featuring Broods,-,13,1
2020-02-08,14,Memory,Jennifer Hudson,-,14,1
2020-02-08,15,Dance Monkey,Tones And I,-,1,7
2020-02-08,16,Leave It Alone,Hayley Williams,-,16,1
2020-02-08,17,ALL TO YOU,Russ Featuring Kiana Lede,-,17,1
2020-02-08,18,Crown,Stormzy,-,4,3
2020-02-08,19,What A Man Gotta Do,Jonas Brothers,-,19,1
2020-02-08,20,Wake Up Call,KSI Featuring Trippie Redd,-,20,1
2020-02-08,21,No Service In The Hills,"Cheat Codes Featuring Trippie Redd , Blackbear & PRINCE$$ ROSIE",-,21,1
2020-02-08,22,CAN'T GO ON,Russ,-,22,1
2020-02-08,23,Cherry,Harry Styles,-,23,1
2020-02-08,24,In These Arms,JP Cooper,-,24,1
2020-02-08,25,This Is Real,Jax Jones & Ella Henderson,-,4,3
2020-02-15,1,Physical,Dua Lipa,1,1,2
2020-02-15,2,Motivation,Normani,-,2,5
2020-02-15,3,Good in Goodbye,Madison Beer,6,3,2
2020-02-15,4,Old Town Road,Lil Nas X Featuring Billy Ray Cyrus,5,1,20
2020-02-15,5,Funeral,Lil Wayne,12,5,2
2020-02-15,6,I Do It,Lil Wayne Featuring Big Sean & Lil Baby,-,6,1
2020-02-15,7,ME!,Taylor Swift Featuring Brendon Urie,-,7,4
2020-02-15,8,King Of My City,A Boogie wit da Hoodie,9,8,2
2020-02-15,9,Roxanne,Arizona Zervas,-,9,1
2020-02-15,10,Tonight,Kesha,8,8,2
2020-02-15,11,Mahogany,Lil Wayne,-,11,1
2020-02-15,12,What If I Never Get Over You,Lady Antebellum,-,12,2
2020-02-15,13,Value,A$AP Ferg,-,13,1
2020-02-15,14,Wake Up Call,KSI Featuring Trippie Redd,-,14,1
2020-02-15,15,Bad Guy,Billie Eilish,-,1,16
2020-02-15,16,Trust Nobody,Lil Wayne Featuring Adam Levine,-,16,1
2020-02-15,17,Get Outta My Head,Lil Wayne Featuring XXXTENTACION,-,17,1
2020-02-15,18,Always You,Louis Tomlinson,-,18,1
2020-02-15,19,Dreams,Lil Wayne,-,19,1
2020-02-15,20,Mama Mia,Lil Wayne,-,20,1
2020-02-15,21,No Service In The Hills,"Cheat Codes Featuring Trippie Redd , Blackbear & PRINCE$$ ROSIE",21,21,2
2020-02-15,22,Bing James,Lil Wayne Featuring Jay Rock,-,22,1
2020-02-15,23,I Don't Sleep,Lil Wayne Featuring TakeOff,-,23,1
2020-02-15,24,Not Me,Lil Wayne,-,24,1
2020-02-15,25,Piano Trap,Lil Wayne,-,25,1
2020-02-22,1,Me And Paul,Willie Nelson,-,1,1
2020-02-22,2,Just You And I,Tom Walker,-,2,7
2020-02-22,3,Nothing Breaks Like A Heart,Mark Ronson Featuring Miley Cyrus,-,1,17
2020-02-22,4,Orphans,Coldplay,-,4,2
2020-02-22,5,Crown,Stormzy,-,4,4
2020-02-22,6,Lonely,Joel Corry,-,6,1
2020-02-22,7,Someone You Loved,Lewis Capaldi,-,1,17
2020-02-22,8,Mad Love,Mabel,-,8,5
2020-02-22,9,Don't Call Me Up,Mabel,-,2,6
2020-02-22,10,New York City Cops,The Strokes,-,10,1
2020-02-22,11,Valentine's Day,David Bowie,-,4,3
2020-02-22,12,Warm,Charli xcx Featuring Haim,-,12,1
2020-02-22,13,I Don't Care,Ed Sheeran & Justin Bieber,-,3,14
2020-02-22,14,Power Over Me,Dermot Kennedy,-,14,1
2020-02-22,15,Hypersonic Missiles,Sam Fender,-,15,1
2020-02-22,16,Valentine's Day,Linkin Park,-,10,3
2020-02-22,17,Vossi Bop,Stormzy,-,2,7
2020-02-22,18,Watermelon Sugar,Harry Styles,-,12,4
2020-02-22,19,My Funny Valentine,Ella Fitzgerald,-,6,3
2020-02-22,20,Taste (Make It Shake),Aitch,-,18,5
2020-02-22,21,La Ballade du Coeur,Les Frangines,-,21,1
2020-02-22,22,Hold Me While You Wait,Lewis Capaldi,-,5,6
2020-02-22,23,Intentions,Justin Bieber Featuring Quavo,-,23,1
2020-02-22,24,One More Hour,Tame Impala,-,24,1
2020-02-22,25,Better Off Without You,Becky Hill Featuring Shift K3Y,-,13,2
2020-02-29,1,Just You And I,Tom Walker,2,1,8
2020-02-29,2,Tell Him,Lauryn Hill,-,2,1
2020-02-29,3,Orphans,Coldplay,4,3,3
2020-02-29,4,Crown,Stormzy,5,4,5
2020-02-29,5,Someone You Loved,Lewis Capaldi,7,1,18
2020-02-29,6,Nothing Breaks Like A Heart,Mark Ronson Featuring Miley Cyrus,3,1,18
2020-02-29,7,Movin' On Up,Ja'net Dubois,-,7,1
2020-02-29,8,Yummy,Justin Bieber,-,1,4
2020-02-29,9,Don't Call Me Up,Mabel,9,2,7
2020-02-29,10,1999,Charli xcx & Troye Sivan,-,7,5
2020-02-29,11,I Don't Care,Ed Sheeran & Justin Bieber,13,3,15
2020-02-29,12,Intentions,Justin Bieber Featuring Quavo,23,12,2
2020-02-29,13,Mad Love,Mabel,8,8,6
2020-02-29,14,Watermelon Sugar,Harry Styles,18,12,5
2020-02-29,15,Taste (Make It Shake),Aitch,20,15,6
2020-02-29,16,Adore You,Harry Styles,-,2,4
2020-02-29,17,Vossi Bop,Stormzy,17,2,8
2020-02-29,18,Hypersonic Missiles,Sam Fender,15,15,2
2020-02-29,19,Dancing With A Stranger,Sam Smith & Normani,-,7,9
2020-02-29,20,Escape (The Pina Colada Song),Rupert Holmes,-,20,1
2020-02-29,21,Warm,Charli xcx Featuring Haim,12,12,2
2020-02-29,22,We Only Come Out At Night,The Smashing Pumpkins,-,22,1
2020-02-29,23,Hold Me While You Wait,Lewis Capaldi,22,5,7
2020-02-29,24,No Time To Die,Billie Eilish,-,24,1
2020-02-29,25,Physical,Dua Lipa,-,1,3
2020-03-07,1,No Time To Die,Billie Eilish,24,1,2
2020-03-07,2,Yummy,Justin Bieber,8,1,5
2020-03-07,3,To Die For,Sam Smith,-,3,1
2020-03-07,4,Be Someone,CamelPhat x Jake Bugg,-,4,3
2020-03-07,5,Say So,Doja Cat,-,5,3
2020-03-07,6,What A Man Gotta Do,Jonas Brothers,-,6,2
2020-03-07,7,We Are Bulletproof : The Eternal,BTS,-,7,1
2020-03-07,8,Lonely,Joel Corry,-,6,2
2020-03-07,9,Falling,Harry Styles,-,9,1
2020-03-07,10,Intentions,Justin Bieber Featuring Quavo,12,10,3
2020-03-07,11,Louder Than Bombs,BTS,-,11,1
2020-03-07,12,Piece Of Your Heart,Meduza Featuring GOODBOYS,-,3,6
2020-03-07,13,Stand Up (From Harriet),Cynthia Erivo,-,13,1
2020-03-07,14,Blinding Lights,The Weeknd,-,9,4
2020-03-07,15,I Don't Want Your Money,Ed Sheeran Featuring H.E.R.,-,15,1
2020-03-07,16,Physical,Dua Lipa,25,1,4
2020-03-07,17,All Around Me,Justin Bieber,-,17,1
2020-03-07,18,Idoru,Grimes,-,18,1
2020-03-07,19,Dior,Pop Smoke,-,19,1
2020-03-07,20,g n f (Give No Fxk),"Migos , Young Thug & Travis Scott",-,20,1
2020-03-07,21,Do Si Do,Jenny Lewis,-,21,1
2020-03-07,22,Social Cues,Cage the Elephant,-,22,2
2020-03-07,23,Lying Down,Celine Dion,-,4,2
2020-03-07,24,After Hours,The Weeknd,-,24,1
2020-03-07,25,Dead Of Night,Orville Peck,-,25,1
2020-03-14,1,Old Town Road,Lil Nas X Featuring Billy Ray Cyrus,-,1,21
2020-03-14,2,Blinding Lights,The Weeknd,14,2,5
2020-03-14,3,No Time To Die,Billie Eilish,1,1,3
2020-03-14,4,ZERO DETAIL,Sneazzy Featuring Nekfeu,-,4,1
2020-03-14,5,Say So,Doja Cat,5,5,4
2020-03-14,6,Own It,Stormzy Featuring Ed Sheeran & Burna Boy,-,6,4
2020-03-14,7,Stupid Love,Lady Gaga,-,7,1
2020-03-14,8,Before You Go,Lewis Capaldi,-,3,5
2020-03-14,9,Cornelia Street,Taylor Swift,-,9,1
2020-03-14,10,Dance Monkey,Tones And I,-,1,8
2020-03-14,11,Wish You Well,Sigala . & Becky Hill,-,1,10
2020-03-14,12,I Don't Care,Ed Sheeran & Justin Bieber,-,3,16
2020-03-14,13,Just You And I,Tom Walker,-,1,9
2020-03-14,14,The Box,Roddy Ricch,-,6,2
2020-03-14,15,Never Worn White,Katy Perry,-,15,1
2020-03-14,16,Birthday,Anne-Marie,-,16,1
2020-03-14,17,Life Is Good,Future Featuring Drake,-,17,2
2020-03-14,18,The Other Side,SZA X Justin Timberlake,-,18,1
2020-03-14,19,Mad Love,Mabel,-,8,7
2020-03-14,20,Piece Of Your Heart,Meduza Featuring GOODBOYS,12,3,7
2020-03-14,21,Someone You Loved,Lewis Capaldi,-,1,19
2020-03-14,22,6 Kiss,Trippie Redd Featuring Juice WRLD & YNW Melly,-,22,1
2020-03-14,23,No Idea,Don Toliver,-,23,1
2020-03-14,24,I Feel Love,Sam Smith,-,11,2
2020-03-14,25,What If I Told You That I Love You,Ali Gatie,-,25,1
2020-03-21,1,Yummy,Justin Bieber,-,1,6
2020-03-21,2,Stupid Love,Lady Gaga,7,2,2
2020-03-21,3,Dance Monkey,Tones And I,10,1,9
2020-03-21,4,Old Town Road,Lil Nas X Featuring Billy Ray Cyrus,1,1,22
2020-03-21,5,Juicy,Doja Cat & Tyga,-,5,1
2020-03-21,6,No Time To Die,Billie Eilish,3,1,4
2020-03-21,7,I Love Me,Demi Lovato,-,7,1
2020-03-21,8,Life Is Good,Future Featuring Drake,17,8,3
2020-03-21,9,Collide,Tiana Major9 & EarthGang,-,9,1
2020-03-21,10,Senorita,Shawn Mendes & Camila Cabello,-,2,7
2020-03-21,11,Own It,Stormzy Featuring Ed Sheeran & Burna Boy,6,6,5
2020-03-21,12,Never Worn White,Katy Perry,15,12,2
2020-03-21,13,Vossi Bop,Stormzy,-,2,9
2020-03-21,14,Before You Go,Lewis Capaldi,8,3,6
2020-03-21,15,Birthday,Anne-Marie,16,15,2
2020-03-21,16,Blinding Lights,The Weeknd,2,2,6
2020-03-21,17,Boyfriend,Mabel,-,17,1
2020-03-21,18,Flowers,Nathan Dawe & Jaykae,-,18,1
2020-03-21,19,"Break Up With Your Girlfriend, I'm Bored",Ariana Grande,-,17,2
2020-03-21,20,The Other Side,SZA X Justin Timberlake,18,18,2
2020-03-21,21,Tequila,Jax Jones & Martin Solveig : Europa Starring RAYE,-,21,1
2020-03-21,22,Worry About Me,Ellie Goulding Featuring Blackbear,-,22,1
2020-03-21,23,I Don't Care,Ed Sheeran & Justin Bieber,12,3,17
2020-03-21,24,Mistakes,Jonas Blue And Paloma Faith,-,24,1
2020-03-21,25,Godzilla,Eminem Featuring Juice WRLD,-,7,2
2020-03-28,1,Yummy,Justin Bieber,1,1,7
2020-03-28,2,Islands In The Stream,Kenny Rogers Duet With Dolly Parton,-,2,1
2020-03-28,3,It's The End Of The World As We Know It (And I Feel Fine),R.E.M.,-,3,2
2020-03-28,4,Faith,George Michael,-,4,1
2020-03-28,5,Roses,Saint Jhn,-,5,1
2020-03-28,6,Imagine,John Lennon,-,2,3
2020-03-28,7,Lucille,Kenny Rogers,-,7,1
2020-03-28,8,Coward Of The County,Kenny Rogers,-,8,1
2020-03-28,9,Tequila,Jax Jones & Martin Solveig : Europa Starring RAYE,-,9,1
2020-03-28,10,"Ruby, Don't Take Your Love To Town",Kenny Rogers & The First Edition,-,10,1
2020-03-28,11,Lady,Kenny Rogers,-,11,1
2020-03-28,12,Nice To Meet Ya,Niall Horan,-,12,2
2020-03-28,13,Just Dropped In (To See What Condition My Condition Was In),The First Edition,-,13,1
2020-03-28,14,Worry About Me,Ellie Goulding Featuring Blackbear,22,14,2
2020-03-28,15,Mistakes,Jonas Blue And Paloma Faith,24,15,2
2020-03-28,16,Lonely,Joel Corry,-,6,3
2020-03-28,17,Heal The World,Michael Jackson,-,17,1
2020-03-28,18,She Believes In Me,Kenny Rogers,-,18,1
2020-03-28,19,Isolation,Joy Division,-,19,1
2020-03-28,20,Through The Years,Kenny Rogers,-,20,1
2020-03-28,21,Higher Love,Kygo X Whitney Houston,-,1,13
2020-03-28,22,Supalonely,BENEE Featuring Gus Dapperton,-,22,1
2020-03-28,23,Intentions,Justin Bieber Featuring Quavo,-,10,4
2020-03-28,24,Reuben James,Kenny Rogers & The First Edition,-,24,1
2020-03-28,25,Arms Around Me,Starley,-,25,1
2020-04-04,1,The Weight,The Band,-,1,1
2020-04-04,2,"Don't Worry, Be Happy (From ""Cocktail"")",Bobby McFerrin,-,2,1
2020-04-04,3,Roses,Saint Jhn,5,3,2
2020-04-04,4,Work From Home,Fifth Harmony Featuring Ty Dolla $ign,-,1,8
2020-04-04,5,9 To 5,Dolly Parton,-,5,1
2020-04-04,6,Higher Love,Kygo X Whitney Houston,21,1,14
2020-04-04,7,Adore You,Harry Styles,-,2,5
2020-04-04,8,Imagine,John Lennon,6,2,4
2020-04-04,9,Work B**ch!,Britney Spears,-,9,1
2020-04-04,10,Courage,The Tragically Hip,-,2,2
2020-04-04,11,Supalonely,BENEE Featuring Gus Dapperton,22,11,2
2020-04-04,12,Walking On Sunshine,Katrina And The Waves,-,12,1
2020-04-04,13,In Your Eyes,The Weeknd,-,13,1
2020-04-04,14,If I Can't Have You,Shawn Mendes,-,4,6
2020-04-04,15,Flowers,Nathan Dawe & Jaykae,-,15,2
2020-04-04,16,On Chill,Wale Featuring Jeremih,-,16,1
2020-04-04,17,God Is A Dancer,Tiesto & Mabel,-,4,4
2020-04-04,18,Blueberry Faygo,Lil Mosey,-,18,1
2020-04-04,19,Money On My Mind,Sam Smith,-,19,1
2020-04-04,20,We Got Love,Sigala . & Ella Henderson,-,1,2
2020-04-04,21,New Me,Ella Eyre,-,21,1
2020-04-04,22,Is Everybody Going Crazy?,Nothing But Thieves,-,22,1
2020-04-04,23,Midnight,HOSH & 1979 Featuring Jalja,-,23,1
2020-04-04,24,Nothing Breaks Like A Heart,Mark Ronson Featuring Miley Cyrus,-,1,19
2020-04-04,25,paper moons,Josef Salvat,-,25,1
2020-04-11,1,Giant,Calvin Harris & Rag'n'Bone Man,-,1,5
2020-04-11,2,Nothing Breaks Like A Heart,Mark Ronson Featuring Miley Cyrus,24,1,20
2020-04-11,3,Flowers,Nathan Dawe & Jaykae,15,3,3
2020-04-11,4,Physical,Dua Lipa,-,1,5
2020-04-11,5,Ain't No Sunshine,Bill Withers,-,5,1
2020-04-11,6,Dance Monkey,Tones And I,-,1,10
2020-04-11,7,Roses,Saint Jhn,3,3,3
2020-04-11,8,Islands In The Stream,Kenny Rogers Duet With Dolly Parton,-,2,2
2020-04-11,9,"Don't Worry, Be Happy (From ""Cocktail"")",Bobby McFerrin,2,2,2
2020-04-11,10,Sucker,Jonas Brothers,-,1,11
2020-04-11,11,Come Together,The Beatles,-,11,1
2020-04-11,12,Let It Be,The Beatles,-,12,1
2020-04-11,13,Motivation,Normani,-,2,6
2020-04-11,14,Hello In There,John Prine,-,14,1
2020-04-11,15,Angel From Montgomery,John Prine,-,15,1
2020-04-11,16,Linda Goes To Mars,John Prine,-,16,1
2020-04-11,17,Illegal Smile,John Prine,-,17,1
2020-04-11,18,Someone You Loved,Lewis Capaldi,-,1,20
2020-04-11,19,Lovely Day,Bill Withers,-,19,1
2020-04-11,20,The Weight,The Band,1,1,2
2020-04-11,21,I Choose,Alessia Cara,-,21,1
2020-04-11,22,In Your Eyes,The Weeknd,13,13,2
2020-04-11,23,All Kinds Of Time,Fountains of Wayne,-,23,1
2020-04-11,24,Hackensack,Fountains of Wayne,-,24,1
2020-04-11,25,Lights Up,Harry Styles,-,1,5
2020-04-18,1,Ride It.,Regard,-,1,2
2020-04-18,2,Angel From Montgomery,John Prine,15,2,2
2020-04-18,3,Yummy,Justin Bieber,-,1,8
2020-04-18,4,Dance Monkey,Tones And I,6,1,11
2020-04-18,5,Higher Love,Kygo X Whitney Houston,-,1,15
2020-04-18,6,Someone You Loved,Lewis Capaldi,18,1,21
2020-04-18,7,He's Alive,Don Francisco,-,3,2
2020-04-18,8,The Crossing (Osiyeza),Johnny Clegg,-,8,3
2020-04-18,9,Illegal Smile,John Prine,17,9,2
2020-04-18,10,Turn Me On,Riton X Oliver Heldens Featuring Vula,-,5,7
2020-04-18,11,Younger,Jonas Blue & Hrvy,-,3,3
2020-04-18,12,Sam Stone,John Prine,-,12,1
2020-04-18,13,Hello In There,John Prine,14,13,2
2020-04-18,14,Savage,Megan Thee Stallion Featuring Beyonce,-,14,1
2020-04-18,15,God Is A Dancer,Tiesto & Mabel,-,4,5
2020-04-18,16,Ritual,"Tiesto , Jonas Blue & Rita Ora",-,6,5
2020-04-18,17,Without You,John Newman And Nina Nesbitt,-,17,2
2020-04-18,18,Nobody,Gorgon City + DRAMA,-,18,1
2020-04-18,19,I Choose,Alessia Cara,21,19,2
2020-04-18,20,We'll Meet Again,Vera Lynn,-,20,1
2020-04-18,21,Changing,Becky Hill,-,21,1
2020-04-18,22,Rise,Jonas Blue Featuring Jack & Jack,-,22,1
2020-04-18,23,How Lucky,John Prine,-,23,1
2020-04-18,24,Easter Parade,Judy Garland & Fred Astaire,-,24,1
2020-04-18,25,When I Get To Heaven,John Prine,-,25,1
2020-04-25,1,I'm Ready,Sam Smith & Demi Lovato,-,1,1
2020-04-25,2,Yummy,Justin Bieber,3,1,9
2020-04-25,3,Ride It.,Regard,1,1,3
2020-04-25,4,Nothing Really Matters,Tiesto & Becky Hill,-,4,1
2020-04-25,5,Fear Of Being Alone,Lennon Stella,-,5,1
2020-04-25,6,Higher Love,Kygo X Whitney Houston,5,1,16
2020-04-25,7,Ideas,Au/Ra,-,7,1
2020-04-25,8,The Key To Life On Earth,Declan McKenna,-,8,1
2020-04-25,9,Juliet & Romeo,Martin Solveig & Roy Woods,-,9,1
2020-04-25,10,The Weekend,Showtek & Spree Wilson Featuring Eva Shaw,-,10,1
2020-04-25,11,Don't Start Now,Dua Lipa,-,5,3
2020-04-25,12,Hold Me While You Wait,Lewis Capaldi,-,5,8
2020-04-25,13,God Is A Dancer,Tiesto & Mabel,15,4,6
2020-04-25,14,Outnumbered,Dermot Kennedy,-,6,7
2020-04-25,15,Senorita,Shawn Mendes & Camila Cabello,-,2,8
2020-04-25,16,Turn Me On,Riton X Oliver Heldens Featuring Vula,10,5,8
2020-04-25,17,Ritual,"Tiesto , Jonas Blue & Rita Ora",16,6,6
2020-04-25,18,Nobody,Gorgon City + DRAMA,18,18,2
2020-04-25,19,Worry About Me,Ellie Goulding Featuring Blackbear,-,14,3
2020-04-25,20,Back To Me,Lindsay Lohan,-,20,1
2020-04-25,21,Blinding Lights,The Weeknd,-,2,7
2020-04-25,22,Birthday,Anne-Marie,-,15,3
2020-04-25,23,Future Nostalgia,Dua Lipa,-,20,2
2020-04-25,24,Physical,Dua Lipa,-,1,6
2020-04-25,25,Stupid Love,Lady Gaga,-,2,3
2020-05-02,1,Pump It Up,Endor,-,1,1
2020-05-02,2,Birthday,Anne-Marie,22,2,4
2020-05-02,3,Bad Guy,Billie Eilish,-,1,17
2020-05-02,4,Stupid Love,Lady Gaga,25,2,4
2020-05-02,5,Blinding Lights,The Weeknd,21,2,8
2020-05-02,6,Don't Start Now,Dua Lipa,11,5,4
2020-05-02,7,Yummy,Justin Bieber,2,1,10
2020-05-02,8,Toosie Slide,Drake,-,8,1
2020-05-02,9,Physical,Dua Lipa,24,1,7
2020-05-02,10,Living In A Ghost Town,The Rolling Stones,-,10,1
2020-05-02,11,Nothing Really Matters,Tiesto & Becky Hill,4,4,2
2020-05-02,12,If You're Too Shy (Let Me Know),The 1975,-,12,1
2020-05-02,13,Roses,Saint Jhn,-,3,4
2020-05-02,14,A World Alone,Lorde,-,14,1
2020-05-02,15,I'm Ready,Sam Smith & Demi Lovato,1,1,2
2020-05-02,16,Flowers,Nathan Dawe & Jaykae,-,3,4
2020-05-02,17,Work From Home,Fifth Harmony Featuring Ty Dolla $ign,-,1,9
2020-05-02,18,Work B**ch!,Britney Spears,-,9,2
2020-05-02,19,Waiting On The World To Change,John Mayer,-,19,1
2020-05-02,20,The Key To Life On Earth,Declan McKenna,8,8,2
2020-05-02,21,Purple Rain,Prince And The Revolution,-,2,2
2020-05-02,22,Tequila,Jax Jones & Martin Solveig : Europa Starring RAYE,-,9,2
2020-05-02,23,The Cross,Prince,-,10,2
2020-05-02,24,Walking On Sunshine,Katrina And The Waves,-,12,2
2020-05-02,25,Ideas,Au/Ra,7,7,2
2020-05-09,1,Say So,Doja Cat,-,1,5
2020-05-09,2,Lonely,Joel Corry,-,2,4
2020-05-09,3,Stop This Flame,Celeste,-,3,1
2020-05-09,4,Roxanne,Arizona Zervas,-,4,2
2020-05-09,5,Intentions,Justin Bieber Featuring Quavo,-,5,5
2020-05-09,6,Break Up Song,Little Mix,-,6,1
2020-05-09,7,Supalonely,BENEE Featuring Gus Dapperton,-,7,3
2020-05-09,8,Adore You,Harry Styles,-,2,6
2020-05-09,9,Rain,Aitch X AJ Tracey Featuring Tay Keith,-,9,1
2020-05-09,10,How To Be Lonely,Rita Ora,-,10,1
2020-05-09,11,This Is Real,Jax Jones & Ella Henderson,-,4,4
2020-05-09,12,Times Like These,Live Lounge Allstars,-,12,1
2020-05-09,13,What A Man Gotta Do,Jonas Brothers,-,6,3
2020-05-09,14,First Of May,Bee Gees,-,6,2
2020-05-09,15,Mistakes,Jonas Blue And Paloma Faith,-,15,3
2020-05-09,16,Savage,Megan Thee Stallion Featuring Beyonce,-,14,2
2020-05-09,17,Boyfriend,Mabel,-,17,2
2020-05-09,18,Don't Start Now,Dua Lipa,6,5,5
2020-05-09,19,Time Machine,Alicia Keys,-,19,1
2020-05-09,20,Roses,Saint Jhn,13,3,5
2020-05-09,21,Stupid Love,Lady Gaga,4,2,5
2020-05-09,22,Better Off Without You,Becky Hill Featuring Shift K3Y,-,13,3
2020-05-09,23,Halfway,James Blunt,-,23,1
2020-05-09,24,Run Through Walls,The Script,-,24,1
2020-05-09,25,Walls,Louis Tomlinson,-,25,1
2020-05-16,1,Don't Start Now,Dua Lipa,18,1,6
2020-05-16,2,Blinding Lights,The Weeknd,-,2,9
2020-05-16,3,Say So,Doja Cat,1,1,6
2020-05-16,4,Adore You,Harry Styles,8,2,7
2020-05-16,5,Tutti Frutti,Little Richard,-,5,1
2020-05-16,6,What A Man Gotta Do,Jonas Brothers,13,6,4
2020-05-16,7,Roses,Saint Jhn,20,3,6
2020-05-16,8,Savage,Megan Thee Stallion Featuring Beyonce,16,8,3
2020-05-16,9,Break Up Song,Little Mix,6,6,2
2020-05-16,10,Intentions,Justin Bieber Featuring Quavo,5,5,6
2020-05-16,11,Supalonely,BENEE Featuring Gus Dapperton,7,7,4
2020-05-16,12,Roxanne,Arizona Zervas,4,4,3
2020-05-16,13,This Is Real,Jax Jones & Ella Henderson,-,13,1
2020-05-16,14,South Of The Border,Ed Sheeran Featuring Camila Cabello & Cardi B,-,7,3
2020-05-16,15,Stuck With U,Ariana Grande & Justin Bieber,-,15,1
2020-05-16,16,Birthday,Anne-Marie,-,2,5
2020-05-16,17,How To Be Lonely,Rita Ora,10,10,2
2020-05-16,18,Be Kind,Marshmello & Halsey,-,18,1
2020-05-16,19,We'll Meet Again,Vera Lynn,-,19,2
2020-05-16,20,Mistakes,Jonas Blue And Paloma Faith,15,15,4
2020-05-16,21,Wildflower,5 Seconds of Summer,-,21,1
2020-05-16,22,Boyfriend,Mabel,17,17,3
2020-05-16,23,Times Like These,Live Lounge Allstars,12,12,2
2020-05-16,24,Black And White,Niall Horan,-,24,1
2020-05-16,25,Better Off Without You,Becky Hill Featuring Shift K3Y,22,13,4
2020-05-23,1,Party Girl,StaySolidRocky,-,1,1
2020-05-23,2,Stuck With U,Ariana Grande & Justin Bieber,15,2,2
2020-05-23,3,X,Jonas Brothers Featuring Karol G,-,3,1
2020-05-23,4,Rockstar,DaBaby Featuring Roddy Ricch,-,4,1
2020-05-23,5,Daisies,Katy Perry,-,5,1
2020-05-23,6,Play,Callum Beattie,-,6,1
2020-05-23,7,Savage,Megan Thee Stallion Featuring Beyonce,8,7,4
2020-05-23,8,Yummy,Justin Bieber,-,1,11
2020-05-23,9,Playing Games,Summer Walker,-,9,4
2020-05-23,10,Unfamiliar,Seeb x GOODBOYS x Hrvy,-,10,1
2020-05-23,11,Little Bit Of Love,JP Cooper,-,11,1
2020-05-23,12,Princess,Pia Mia,-,12,1
2020-05-23,13,Tutti Frutti,Little Richard,5,5,2
2020-05-23,14,May 16th,Lagwagon,-,8,2
2020-05-23,15,I Don'T Know Why,NOTD & Astrid S,-,15,1
2020-05-23,16,Five More Minutes,Jonas Brothers,-,16,1
2020-05-23,17,Distance,Yebba,-,17,1
2020-05-23,18,TOP,Stray Kids,-,18,1
2020-05-23,19,Retrograde,Pearl Jam,-,19,1
2020-05-23,20,To Die For,Sam Smith,-,3,2
2020-05-23,21,Lucille,Little Richard,-,21,1
2020-05-23,22,Long Tall Sally,Little Richard,-,22,1
2020-05-23,23,Good Golly Miss Molly,Little Richard,-,23,1
2020-05-23,24,Safaera,"Bad Bunny , Jowell & Randy & Nengo Flow",-,24,1
2020-05-23,25,Slump,Stray Kids,-,25,1
2020-05-30,1,Rockstar,DaBaby Featuring Roddy Ricch,4,1,2
2020-05-30,2,Daisies,Katy Perry,5,2,2
2020-05-30,3,Rain On Me,Lady Gaga & Ariana Grande,-,3,1
2020-05-30,4,Party Girl,StaySolidRocky,1,1,2
2020-05-30,5,ily,Surf Mesa Featuring Emilee,-,5,1
2020-05-30,6,Princess,Pia Mia,12,6,2
2020-05-30,7,Power,Ellie Goulding,-,7,1
2020-05-30,8,In Your Eyes,The Weeknd,-,8,3
2020-05-30,9,Five More Minutes,Jonas Brothers,16,9,2
2020-05-30,10,Death Bed,Powfu Featuring beabadoobee,-,10,1
2020-05-30,11,Higher Ground,Martin Garrix Featuring John Martin,-,11,1
2020-05-30,12,Beautiful People,Ed Sheeran Featuring Khalid,-,5,4
2020-05-30,13,The Truth,Kygo & Valerie Broussard,-,13,1
2020-05-30,14,Only,Zhu / Tinashe,-,14,1
2020-05-30,15,Need It,Migos Featuring YoungBoy Never Broke Again,-,15,1
2020-05-30,16,Be Okay,R3hab x Hrvy,-,16,1
2020-05-30,17,The Father's House,Cory Asbury,-,17,1
2020-05-30,18,Banana,Conkarah Featuring Shaggy,-,18,1
2020-05-30,19,X,Jonas Brothers Featuring Karol G,3,3,2
2020-05-30,20,Know Your Worth,Khalid x Disclosure,-,20,1
2020-05-30,21,Oblivion,Labrinth Featuring Sia,-,21,1
2020-05-30,22,Crazy Kind Of Love,Tamar Braxton,-,22,1
2020-05-30,23,To Die For,Sam Smith,20,3,3
2020-05-30,24,Cornelia Street,Taylor Swift,-,9,2
2020-05-30,25,Slump,Stray Kids,25,25,2
2020-06-06,1,In Your Eyes,The Weeknd,8,1,4
2020-06-06,2,Power,Ellie Goulding,7,2,2
2020-06-06,3,Dance Monkey,Tones And I,-,1,12
2020-06-06,4,Don't Start Now,Dua Lipa,-,1,7
2020-06-06,5,Be Okay,R3hab x Hrvy,16,5,2
2020-06-06,6,The Truth,Kygo & Valerie Broussard,13,6,2
2020-06-06,7,Yummy,Justin Bieber,-,1,12
2020-06-06,8,Need It,Migos Featuring YoungBoy Never Broke Again,15,8,2
2020-06-06,9,What A Man Gotta Do,Jonas Brothers,-,6,5
2020-06-06,10,ily,Surf Mesa Featuring Emilee,5,5,2
2020-06-06,11,Breaking Me,Topic & A7S,-,11,1
2020-06-06,12,Pump It Up,Endor,-,1,2
2020-06-06,13,Higher Ground,Martin Garrix Featuring John Martin,11,11,2
2020-06-06,14,Higher Love,Kygo X Whitney Houston,-,1,17
2020-06-06,15,Banana,Conkarah Featuring Shaggy,18,15,2
2020-06-06,16,Stupid Love,Lady Gaga,-,2,6
2020-06-06,17,Say So,Doja Cat,-,1,7
2020-06-06,18,Party Girl,StaySolidRocky,4,1,3
2020-06-06,19,Roses,Saint Jhn,-,3,7
2020-06-06,20,Know Your Worth,Khalid x Disclosure,20,20,2
2020-06-06,21,Death Bed,Powfu Featuring beabadoobee,10,10,2
2020-06-06,22,Lose Control,Meduza x Becky Hill x GOODBOYS,-,3,2
2020-06-06,23,Secrets,Regard & RAYE,-,23,1
2020-06-06,24,Birthday,Anne-Marie,-,2,6
2020-06-06,25,Sex Talk,Megan Thee Stallion,-,24,3
2020-06-13,1,Sour Candy,Lady Gaga & BLACKPINK,-,1,1
2020-06-13,2,Dream Girl,Ir-Sais x Rauw Alejandro,-,2,1
2020-06-13,3,Only A Fool,Galantis x Ship Wrek x Pink Sweat$,-,3,1
2020-06-13,4,Both Sides,Gucci Mane Featuring Lil Baby,-,4,1
2020-06-13,5,No Love,Skip Marley,-,5,1
2020-06-13,6,All I Need,Jacob Collier With Mahalia & Ty Dolla $ign,-,6,1
2020-06-13,7,Skechers,DripReport,-,7,1
2020-06-13,8,ily,Surf Mesa Featuring Emilee,10,5,3
2020-06-13,9,Breaking Me,Topic & A7S,11,9,2
2020-06-13,10,They Don't Care About Us,Michael Jackson,-,10,1
2020-06-13,11,Burnin' & Lootin',The Wailers,-,11,1
2020-06-13,12,Houdini,KSI Featuring Swarmz & Tion Wayne,-,12,1
2020-06-13,13,Sweet Like Chocolate,DJ Spooky Featuring Lily Allen,-,13,1
2020-06-13,14,Graves Into Gardens,Elevation Worship Featuring Brandon Lake,-,14,1
2020-06-13,15,Joy Invincible,Switchfoot Featuring Jenn Johnson,-,15,1
2020-06-13,16,Watermelon Sugar,Harry Styles,-,12,6
2020-06-13,17,What's Going On,Marvin Gaye,-,17,1
2020-06-13,18,Blockbuster,Sweet,-,18,1
2020-06-13,19,Across The Lines,Tracy Chapman,-,19,1
2020-06-13,20,Black And White,Three Dog Night,-,20,1
2020-06-13,21,Changes,2Pac,-,21,1
2020-06-13,22,This Is Not America,David Bowie / Pat Metheny Group,-,5,3
2020-06-13,23,Golden Country,REO Speedwagon,-,23,1
2020-06-13,24,Talkin' Bout A Revolution,Tracy Chapman,-,24,1
2020-06-13,25,Do Si Do,Diplo Presents Thomas Wesley & Blanco Brown,-,25,1
2020-06-20,1,Dream Girl,Ir-Sais x Rauw Alejandro,-,1,1
2020-06-20,2,Banana,Conkarah Featuring Shaggy,-,2,3
2020-06-20,3,ily,Surf Mesa Featuring Emilee,8,3,4
2020-06-20,4,More Than OK,R3hab x Clara Mae x Frank Walker,-,4,1
2020-06-20,5,All I Need,Jacob Collier With Mahalia & Ty Dolla $ign,6,5,2
2020-06-20,6,Rose Rouge,Jorja Smith,-,6,1
2020-06-20,7,Little Thing Called Love,Ronan Keating,-,7,1
2020-06-20,8,Better,Jack Garratt,-,8,1
2020-06-20,9,Skechers,DripReport,7,7,2
2020-06-20,10,Rockstar,DaBaby Featuring Roddy Ricch,-,1,3
2020-06-20,11,Both Still Young,Dzeko & Keith Urban,-,11,1
2020-06-20,12,Circles,Jack Garratt,-,12,1
2020-06-20,13,Hold Me While You Wait,Lewis Capaldi,-,5,9
2020-06-20,14,Go!,Kid LAROI & Juice WRLD,-,14,1
2020-06-20,15,Burn,AJ Mitchell,-,15,1
2020-06-20,16,Take Care Of You,Ella Henderson,-,16,1
2020-06-20,17,Graves Into Gardens,Elevation Worship Featuring Brandon Lake,14,14,2
2020-06-20,18,Joy Invincible,Switchfoot Featuring Jenn Johnson,15,15,2
2020-06-20,19,Let Her Go,The Kid Laroi,-,19,1
2020-06-20,20,Both Sides,Gucci Mane Featuring Lil Baby,4,4,2
2020-06-20,21,Sweet Like Chocolate,DJ Spooky Featuring Lily Allen,13,13,2
2020-06-20,22,Houdini,KSI Featuring Swarmz & Tion Wayne,12,12,2
2020-06-20,23,Cruel Summer,Taylor Swift,-,6,5
2020-06-20,24,Boy With Luv,BTS Featuring Halsey,-,2,2
2020-06-20,25,Details,Oliver Heldens Featuring Boy Matthews,-,25,1
2020-06-27,1,In Your Eyes,The Weeknd,-,1,5
2020-06-27,2,Ur So cOoL,Tones And I,-,2,1
2020-06-27,3,Rain On Me,Lady Gaga & Ariana Grande,-,3,2
2020-06-27,4,Vera,Pink Floyd,-,4,1
2020-06-27,5,Take Care Of You,Ella Henderson,16,5,2
2020-06-27,6,Wait For You,Tom Walker,-,6,1
2020-06-27,7,Rockstar,DaBaby Featuring Roddy Ricch,10,1,4
2020-06-27,8,Work From Home,Fifth Harmony Featuring Ty Dolla $ign,-,1,10
2020-06-27,9,Blinding Lights,The Weeknd,-,2,10
2020-06-27,10,Work B**ch!,Britney Spears,-,9,3
2020-06-27,11,At Least For Now,Justin Bieber,-,11,1
2020-06-27,12,Better,Jack Garratt,8,8,2
2020-06-27,13,I Can't Breathe,H.E.R.,-,13,1
2020-06-27,14,Flowers,Nathan Dawe & Jaykae,-,3,5
2020-06-27,15,The White Cliffs of Dover,Vera Lynn,-,15,1
2020-06-27,16,Perfect Way To Die,Alicia Keys,-,16,1
2020-06-27,17,Break Up Song,Little Mix,-,6,3
2020-06-27,18,We'll Meet Again,Vera Lynn,-,18,3
2020-06-27,19,This City,Sam Fischer,-,19,1
2020-06-27,20,Circles,Jack Garratt,12,12,2
2020-06-27,21,Times Like These,Live Lounge Allstars,-,12,3
2020-06-27,22,Go!,Kid LAROI & Juice WRLD,14,14,2
2020-06-27,23,Both Still Young,Dzeko & Keith Urban,11,11,2
2020-06-27,24,Rare,Selena Gomez,-,15,3
2020-06-27,25,Stupid Love,Lady Gaga,-,2,7
2020-07-04,1,Ur So cOoL,Tones And I,2,1,2
2020-07-04,2,Breaking Me,Topic & A7S,-,2,3
2020-07-04,3,Don't Start Now,Dua Lipa,-,1,8
2020-07-04,4,Be Kind,Marshmello & Halsey,-,4,2
2020-07-04,5,Lottery,K Camp,-,5,1
2020-07-04,6,Ride It.,Regard,-,1,4
2020-07-04,7,Say So,Doja Cat,-,1,8
2020-07-04,8,Own It,Stormzy Featuring Ed Sheeran & Burna Boy,-,6,6
2020-07-04,9,Stay Gold,BTS,-,9,1
2020-07-04,10,Vacation,Tyga,-,10,1
2020-07-04,11,Break My Heart,Dua Lipa,-,11,1
2020-07-04,12,Past Life,Trevor Daniel x Selena Gomez,-,12,1
2020-07-04,13,Giants,Dermot Kennedy,-,13,1
2020-07-04,14,How You Like That,BLACKPINK,-,14,1
2020-07-04,15,Summer Girl,Haim,-,15,2
2020-07-04,16,Wait For You,Tom Walker,6,6,2
2020-07-04,17,Chicken Tenders,Dominic Fike,-,17,1
2020-07-04,18,Back At It,Lil Baby & DaBaby,-,18,1
2020-07-04,19,Secrets,Regard & RAYE,-,19,2
2020-07-04,20,I Can't Breathe,H.E.R.,13,13,2
2020-07-04,21,Tequila,Jax Jones & Martin Solveig : Europa Starring RAYE,-,9,3
2020-07-04,22,Won't Let Go,Travis Greene,-,22,1
2020-07-04,23,What A Man Gotta Do,Jonas Brothers,-,6,6
2020-07-04,24,Don't Call Me Up,Mabel,-,2,8
2020-07-04,25,Savage Love (Laxed - Siren Beat),Jawsh 685 x Jason Derulo,-,25,1
2020-07-11,1,Do It,Chloe X Halle,-,1,1
2020-07-11,2,Break My Heart,Dua Lipa,11,2,2
2020-07-11,3,How You Like That,BLACKPINK,14,3,2
2020-07-11,4,Rain On Me,Lady Gaga & Ariana Grande,-,3,3
2020-07-11,5,Slow Grenade,Ellie Goulding Featuring Lauv,-,5,1
2020-07-11,6,Hypercolour,"CamelPhat , Yannis, Foals",-,6,1
2020-07-11,7,Village,Paul Weller,-,7,1
2020-07-11,8,Someone You Loved,Lewis Capaldi,-,1,22
2020-07-11,9,Chicken Tenders,Dominic Fike,17,9,2
2020-07-11,10,Giants,Dermot Kennedy,13,10,2
2020-07-11,11,Naked,Jonas Blue & MAX,-,11,1
2020-07-11,12,Savage Love (Laxed - Siren Beat),Jawsh 685 x Jason Derulo,25,12,2
2020-07-11,13,4th Of July,Soundgarden,-,13,1
2020-07-11,14,Fake Friends,PS1 Featuring Alex Hosking,-,14,1
2020-07-11,15,Past Life,Trevor Daniel x Selena Gomez,12,12,2
2020-07-11,16,Stuck With U,Ariana Grande & Justin Bieber,-,2,3
2020-07-11,17,Graves Into Gardens,Elevation Worship Featuring Brandon Lake,-,14,3
2020-07-11,18,I'm Afraid Of Americans,David Bowie,-,7,3
2020-07-11,19,Vacation,Tyga,10,10,2
2020-07-11,20,Just You And I,Tom Walker,-,1,10
2020-07-11,21,Mami,Piso 21 & Black Eyed Peas,-,10,2
2020-07-11,22,"4th Of July, Asbury Park (Sandy)",Bruce Springsteen,-,22,1
2020-07-11,23,Everything I Wanted,Billie Eilish,-,5,2
2020-07-11,24,Living In America,James Brown,-,24,1
2020-07-11,25,Faz Gostoso,Madonna Featuring Anitta,-,25,1
2020-07-18,1,Rain On Me,Lady Gaga & Ariana Grande,4,1,4
2020-07-18,2,Stuck With U,Ariana Grande & Justin Bieber,16,2,4
2020-07-18,3,Then Leave,BeatKing Featuring Queendome Come,-,3,1
2020-07-18,4,Savage Love (Laxed - Siren Beat),Jawsh 685 x Jason Derulo,12,4,3
2020-07-18,5,Calling On Me,Sean Paul X Tove Lo,-,5,1
2020-07-18,6,One Of A Kind,Ronan Keating & Emeli Sande,-,6,1
2020-07-18,7,How You Like That,BLACKPINK,3,3,3
2020-07-18,8,Do To Me,H.E.R.,-,8,1
2020-07-18,9,Fake Friends,PS1 Featuring Alex Hosking,14,9,2
2020-07-18,10,Ego Death,"Ty Dolla $ign Featuring Kanye West , FKA Twigs & Skrillex",-,10,1
2020-07-18,11,Slow Grenade,Ellie Goulding Featuring Lauv,5,5,2
2020-07-18,12,Dance Monkey,Tones And I,-,1,13
2020-07-18,13,Village,Paul Weller,7,7,2
2020-07-18,14,Blinding Lights,The Weeknd,-,2,11
2020-07-18,15,Bad Guy,Billie Eilish,-,1,18
2020-07-18,16,ily,Surf Mesa Featuring Emilee,-,3,5
2020-07-18,17,This City,Sam Fischer,-,17,2
2020-07-18,18,Watermelon Sugar,Harry Styles,-,12,7
2020-07-18,19,Midnight (The Hanging Tree),HOSH & 1979 Featuring Jalja,-,19,1
2020-07-18,20,Pump It Up,Endor,-,1,3
2020-07-18,21,Secrets,Regard & RAYE,-,19,3
2020-07-18,22,Spark-Again,Aimer,-,22,1
2020-07-18,23,Be Kind,Marshmello & Halsey,-,4,3
2020-07-18,24,Walk Me Home,P!nk,-,5,12
2020-07-18,25,Sour Candy,Lady Gaga & BLACKPINK,-,1,2
2020-07-25,1,How You Like That,BLACKPINK,7,1,4
2020-07-25,2,Smile,Katy Perry,-,2,1
2020-07-25,3,Dance Monkey,Tones And I,12,1,14
2020-07-25,4,Laughter,Official HIGE DANdism,-,4,1
2020-07-25,5,Head & Heart,Joel Corry X MNEK,-,5,1
2020-07-25,6,Yummy,Justin Bieber,-,1,13
2020-07-25,7,Brother Louie,VIZE x Imanbek x Dieter Bohlen Featuring Leony,-,7,1
2020-07-25,8,Secrets,Regard & RAYE,21,8,4
2020-07-25,9,Don't Cry For Me,"Alok , Martin Jensen & Jason Derulo",-,9,1
2020-07-25,10,Stunnin,Curtis Waters Featuring Harm Franklin,-,10,1
2020-07-25,11,Make You Dance,Meghan Trainor,-,11,1
2020-07-25,12,Pump It Up,Endor,20,1,4
2020-07-25,13,Amazing,Official HIGE DANdism,-,13,1
2020-07-25,14,Physical,Dua Lipa,-,1,8
2020-07-25,15,Pour The Milk,Robbie Doherty & Keees.,-,15,1
2020-07-25,16,Love Me Land,Zara Larsson,-,16,1
2020-07-25,17,My Man,Becky G,-,17,1
2020-07-25,18,Politics & Violence,Dominic Fike,-,18,1
2020-07-25,19,Watermelon Sugar,Harry Styles,18,12,8
2020-07-25,20,Flowers,Nathan Dawe & Jaykae,-,3,6
2020-07-25,21,Your Eyes Tell,BTS,-,21,1
2020-07-25,22,Reckoning,Alanis Morissette,-,22,1
2020-07-25,23,Summer Girl,Haim,-,15,3
2020-07-25,24,Chew On My Heart,James Bay,-,24,1
2020-07-25,25,American Reckoning,Bon Jovi,-,25,1
2020-08-01,1,Head & Heart,Joel Corry X MNEK,5,1,2
2020-08-01,2,Watermelon Sugar,Harry Styles,19,2,9
2020-08-01,3,Secrets,Regard & RAYE,8,3,5
2020-08-01,4,Naked,Jonas Blue & MAX,-,4,2
2020-08-01,5,Break My Heart,Dua Lipa,-,2,3
2020-08-01,6,Pour The Milk,Robbie Doherty & Keees.,15,6,2
2020-08-01,7,In Your Eyes,The Weeknd,-,1,6
2020-08-01,8,Death Bed,Powfu Featuring beabadoobee,-,8,3
2020-08-01,9,Flowers,Nathan Dawe & Jaykae,20,3,7
2020-08-01,10,Don't Need Love,220 KID & GRACEY,-,10,1
2020-08-01,11,Breaking Me,Topic & A7S,-,2,4
2020-08-01,12,ily,Surf Mesa Featuring Emilee,-,3,6
2020-08-01,13,Rover,S1mba Featuring DTG,-,13,1
2020-08-01,14,Midnight (The Hanging Tree),HOSH & 1979 Featuring Jalja,-,14,2
2020-08-01,15,Power,Ellie Goulding,-,2,3
2020-08-01,16,Don't Wanna,Haim,-,16,1
2020-08-01,17,If You're Too Shy (Let Me Know),The 1975,-,12,2
2020-08-01,18,Wait For You,Tom Walker,-,6,3
2020-08-01,19,I'm Ready,Sam Smith & Demi Lovato,-,1,3
2020-08-01,20,Like That,Doja Cat Featuring Gucci Mane,-,20,1
2020-08-01,21,Daisies,Katy Perry,-,2,3
2020-08-01,22,Save A Kiss,Jessie Ware,-,22,1
2020-08-01,23,Fake Friends,PS1 Featuring Alex Hosking,-,9,3
2020-08-01,24,Weird!,Yungblud,-,24,1
2020-08-01,25,Little Thing Called Love,Ronan Keating,-,7,2
2020-08-08,1,Cardigan,Taylor Swift,-,1,1
2020-08-08,2,Exile,Taylor Swift Featuring Bon Iver,-,2,1
2020-08-08,3,Dinner Guest,AJ Tracey Featuring Mostack,-,3,1
2020-08-08,4,Holiday,Little Mix,-,4,1
2020-08-08,5,Juice,Lizzo,-,4,2
2020-08-08,6,Pepper,Butthole Surfers,-,6,1
2020-08-08,7,Head & Heart,Joel Corry X MNEK,1,1,3
2020-08-08,8,My Future,Billie Eilish,-,8,1
2020-08-08,9,Illicit Affairs,Taylor Swift,-,9,1
2020-08-08,10,Mirrorball,Taylor Swift,-,10,1
2020-08-08,11,Greece,DJ Khaled Featuring Drake,-,11,1
2020-08-08,12,Rover,S1mba Featuring DTG,13,12,2
2020-08-08,13,Already,"Beyonce, Shatta Wale & Major Lazer",-,13,1
2020-08-08,14,Get Back,Pop Smoke,-,14,1
2020-08-08,15,My Oasis,Sam Smith Featuring Burna Boy,-,15,1
2020-08-08,16,Watermelon Sugar,Harry Styles,2,2,10
2020-08-08,17,TKN,ROSALIA & Travis Scott,-,17,1
2020-08-08,18,Don't Call Me Angel (Charlie's Angels),"Ariana Grande , Miley Cyrus & Lana Del Rey",-,1,3
2020-08-08,19,Break My Heart,Dua Lipa,5,2,4
2020-08-08,20,Nobody's Love,Maroon 5,-,20,1
2020-08-08,21,Damage Is Done,Y2K & JoJo,-,21,1
2020-08-08,22,Otherside,Beyonce,-,22,1
2020-08-08,23,Popstar,DJ Khaled Featuring Drake,-,23,1
2020-08-08,24,Move Ya Hips,A$AP Ferg Featuring Nicki Minaj & MadeinTYO,-,24,1
2020-08-08,25,Hawai,Maluma & The Weeknd,-,25,1
2020-08-15,1,Pepper,Butthole Surfers,6,1,2
2020-08-15,2,Cardigan,Taylor Swift,1,1,2
2020-08-15,3,Get Back,Pop Smoke,14,3,2
2020-08-15,4,Already,"Beyonce, Shatta Wale & Major Lazer",13,4,2
2020-08-15,5,Lighter,Nathan Dawe Featuring KSI,-,5,1
2020-08-15,6,Exile,Taylor Swift Featuring Bon Iver,2,2,2
2020-08-15,7,My Future,Billie Eilish,8,7,2
2020-08-15,8,Heaven On My Mind,Becky Hill & Sigala .,-,8,1
2020-08-15,9,I'm Only Me When I'm With You,Taylor Swift,-,9,1
2020-08-15,10,My Oasis,Sam Smith Featuring Burna Boy,15,10,2
2020-08-15,11,Tough Pill,Izzy Bizu,-,11,1
2020-08-15,12,Freak,Doja Cat,-,12,1
2020-08-15,13,Otherside,Beyonce,22,13,2
2020-08-15,14,Holiday,Little Mix,4,4,2
2020-08-15,15,Peace,Taylor Swift,-,15,1
2020-08-15,16,My Ex's Best Friend,Machine Gun Kelly X Blackbear,-,16,1
2020-08-15,17,Rockstar,DaBaby Featuring Roddy Ricch,-,1,5
2020-08-15,18,Major Tom (Coming Home),Peter Schilling,-,18,1
2020-08-15,19,Rager Teenager!,Troye Sivan,-,19,1
2020-08-15,20,Say So,Doja Cat,-,1,9
2020-08-15,21,There Was Jesus,Zach Williams & Dolly Parton,-,21,1
2020-08-15,22,Smile,Juice WRLD & The Weeknd,-,22,1
2020-08-15,23,Be An Astronaut,Declan McKenna,-,23,1
2020-08-15,24,Nobody's Love,Maroon 5,20,20,2
2020-08-15,25,Mirrorball,Taylor Swift,10,10,2
2020-08-22,1,Broken Glass,Kygo & Kim Petras,-,1,1
2020-08-22,2,Lighter,Nathan Dawe Featuring KSI,5,2,2
2020-08-22,3,Build Me A Daddy,Luke Bryan,-,3,1
2020-08-22,4,There Was Jesus,Zach Williams & Dolly Parton,21,4,2
2020-08-22,5,Hallucinate,Dua Lipa,-,5,1
2020-08-22,6,Someone You Loved,Lewis Capaldi,-,1,23
2020-08-22,7,Laugh Now Cry Later,Drake Featuring Lil Durk,-,7,1
2020-08-22,8,Don't Start Now,Dua Lipa,-,1,9
2020-08-22,9,Freak,Doja Cat,12,9,2
2020-08-22,10,So Done,Alicia Keys Featuring Khalid,-,10,1
2020-08-22,11,WAP,Cardi B Featuring Megan Thee Stallion,-,11,1
2020-08-22,12,Time Flies,Tori Kelly,-,12,1
2020-08-22,13,Dying Breed,The Killers,-,13,1
2020-08-22,14,Together,"for KING & COUNTRY, Kirk Franklin & Tori Kelly",-,14,1
2020-08-22,15,Looking For Me,"Paul Woolford, Diplo & Kareen Lomax",-,15,1
2020-08-22,16,My Ex's Best Friend,Machine Gun Kelly X Blackbear,16,16,2
2020-08-22,17,Blackout,Imanbek Featuring Tory Lanez,-,17,1
2020-08-22,18,Unbothered,Tori Kelly,-,18,1
2020-08-22,19,Rainbow Bap,Jaden,-,19,1
2020-08-22,20,Yummy,Justin Bieber,-,1,14
2020-08-22,21,My Future,Billie Eilish,7,7,3
2020-08-22,22,Miracles,Colton Dixon,-,22,1
2020-08-22,23,My Oasis,Sam Smith Featuring Burna Boy,10,10,3
2020-08-22,24,Ride It.,Regard,-,1,5
2020-08-22,25,Greece,DJ Khaled Featuring Drake,-,11,2
2020-08-29,1,Laugh Now Cry Later,Drake Featuring Lil Durk,7,1,2
2020-08-29,2,Yummy,Justin Bieber,20,1,15
2020-08-29,3,Looking For Me,"Paul Woolford, Diplo & Kareen Lomax",15,3,2
2020-08-29,4,WAP,Cardi B Featuring Megan Thee Stallion,11,4,2
2020-08-29,5,You Broke Me First.,Tate McRae,-,5,1
2020-08-29,6,Midnight Sky,Miley Cyrus,-,6,1
2020-08-29,7,The Rising,Bruce Springsteen,-,7,1
2020-08-29,8,Hallucinate,Dua Lipa,5,5,2
2020-08-29,9,Pain,Nessa Barrett,-,9,1
2020-08-29,10,Tap In,Saweetie,-,10,1
2020-08-29,11,Physical,Dua Lipa,-,1,9
2020-08-29,12,Higher Love,Kygo X Whitney Houston,-,1,18
2020-08-29,13,Baby It's You,London Grammar,-,13,1
2020-08-29,14,Entrepreneur,Pharrell Williams Featuring Jay-Z,-,14,1
2020-08-29,15,So Done,Alicia Keys Featuring Khalid,10,10,2
2020-08-29,16,Rainbow Bap,Jaden,19,16,2
2020-08-29,17,Dying Breed,The Killers,13,13,2
2020-08-29,18,She Couldn't,Linkin Park,-,18,1
2020-08-29,19,Easy,Troye Sivan,-,19,1
2020-08-29,20,Savage Love (Laxed - Siren Beat),Jawsh 685 x Jason Derulo,-,4,4
2020-08-29,21,Lemonade,Yungblud & Denzel Curry,-,21,1
2020-08-29,22,Unbothered,Tori Kelly,18,18,2
2020-08-29,23,Something In The Way,Nirvana,-,23,1
2020-08-29,24,Happy Now,Pentatonix,-,24,1
2020-08-29,25,Already,"Beyonce, Shatta Wale & Major Lazer",-,4,3
2020-09-05,1,Midnight Sky,Miley Cyrus,6,1,2
2020-09-05,2,Shallow,Lady Gaga & Bradley Cooper,-,1,11
2020-09-05,3,Something In The Way,Nirvana,23,3,2
2020-09-05,4,Who's That?  What's That?,Niko B,-,4,1
2020-09-05,5,Laugh Now Cry Later,Drake Featuring Lil Durk,1,1,3
2020-09-05,6,Take You Dancing,Jason Derulo,-,6,1
2020-09-05,7,Tick Tock,Clean Bandit & Mabel Featuring 24kGoldn,-,7,1
2020-09-05,8,Ice Cream,BLACKPINK X Selena Gomez,-,8,1
2020-09-05,9,Entrepreneur,Pharrell Williams Featuring Jay-Z,14,9,2
2020-09-05,10,Falling,Harry Styles,-,9,2
2020-09-05,11,Bruises,Lewis Capaldi,-,2,5
2020-09-05,12,No Time To Die,Billie Eilish,-,1,5
2020-09-05,13,Elektro,Outwork Featuring Mr. Gee,-,13,1
2020-09-05,14,Toy,Netta,-,14,1
2020-09-05,15,Don't Be Sad,Tate McRae,-,15,1
2020-09-05,16,Baby It's You,London Grammar,13,13,2
2020-09-05,17,Sorry Would Go A Long Way,Tori Kelly,-,10,2
2020-09-05,18,Looking For Me,"Paul Woolford, Diplo & Kareen Lomax",3,3,3
2020-09-05,19,Free,Charlie Puth,-,19,1
2020-09-05,20,Baby,Madison Beer,-,20,1
2020-09-05,21,Easy,Troye Sivan,19,19,2
2020-09-05,22,Yummy,Justin Bieber,2,1,16
2020-09-05,23,Tondo,Disclosure,-,23,1
2020-09-05,24,This City,Sam Fischer,-,17,3
2020-09-05,25,Take Yourself Home,Troye Sivan,-,25,1
2020-09-12,1,If I Were A Boy,Beyonce,-,1,1
2020-09-12,2,WAP,Cardi B Featuring Megan Thee Stallion,-,2,3
2020-09-12,3,Take You Dancing,Jason Derulo,6,3,2
2020-09-12,4,Tick Tock,Clean Bandit & Mabel Featuring 24kGoldn,7,4,2
2020-09-12,5,Mood Swings,Pop Smoke Featuring Lil Tjay,-,5,1
2020-09-12,6,Better Than This,Paloma Faith,-,6,1
2020-09-12,7,Come Over,Rudimental Featuring Anne-Marie & Tion Wayne,-,7,1
2020-09-12,8,Tondo,Disclosure,23,8,2
2020-09-12,9,Sweet & Sour,Jawsh 685 Featuring Lauv & Tyga,-,9,1
2020-09-12,10,No Therapy,Felix Jaehn Featuring Nea & Bryn Christopher,-,10,1
2020-09-12,11,Who's That?  What's That?,Niko B,4,4,2
2020-09-12,12,Ice Cream,BLACKPINK X Selena Gomez,8,8,2
2020-09-12,13,Inhale,Bryson Tiller,-,13,1
2020-09-12,14,Tumbleweed,Keith Urban,-,14,1
2020-09-12,15,You Broke Me First.,Tate McRae,-,5,2
2020-09-12,16,Free,Charlie Puth,19,16,2
2020-09-12,17,Dynamite,BTS,-,17,1
2020-09-12,18,September,"Earth, Wind & Fire",-,10,2
2020-09-12,19,Ame Ni Utaeba,Reona,-,19,1
2020-09-12,20,September Morn',Neil Diamond,-,20,1
2020-09-12,21,Strong,London Grammar,-,21,1
2020-09-12,22,Reflection,Christina Aguilera,-,22,1
2020-09-12,23,"U Move, I Move",John Legend Featuring Jhene Aiko,-,23,1
2020-09-12,24,Wake Me Up When September Ends,Green Day,-,19,2
2020-09-12,25,2AM,MK Featuring Carla Monroe,-,25,1
2020-09-19,1,WAP,Cardi B Featuring Megan Thee Stallion,2,1,4
2020-09-19,2,Lasting Lover,Sigala . & James Arthur,-,2,1
2020-09-19,3,Tick Tock,Clean Bandit & Mabel Featuring 24kGoldn,4,3,3
2020-09-19,4,You Broke Me First.,Tate McRae,15,4,3
2020-09-19,5,Sweet & Sour,Jawsh 685 Featuring Lauv & Tyga,9,5,2
2020-09-19,6,Still Don't Know My Name,Labrinth,-,6,1
2020-09-19,7,Risky Business,Zhu,-,7,1
2020-09-19,8,Better Than This,Paloma Faith,6,6,2
2020-09-19,9,Inhale,Bryson Tiller,13,9,2
2020-09-19,10,Physical,Dua Lipa,-,1,10
2020-09-19,11,Why Do You Lie To Me,Topic X A7S Featuring Lil Baby,-,11,1
2020-09-19,12,Bad Habits,Usher,-,12,1
2020-09-19,13,Dancing With A Stranger,Sam Smith & Normani,-,7,10
2020-09-19,14,Our Time,Lil Tecca,-,14,1
2020-09-19,15,Dynamite,BTS,17,15,2
2020-09-19,16,ZTFO,Big Sean,-,16,1
2020-09-19,17,Oh My Gawd,Mr Eazi X Major Lazer Featuring Nicki Minaj & K4mo,-,17,1
2020-09-19,18,September,"Earth, Wind & Fire",18,10,3
2020-09-19,19,Love Looks Better,Alicia Keys,-,19,1
2020-09-19,20,Cool Again,Kane Brown,-,20,1
2020-09-19,21,Lean Wit Me,Juice WRLD,-,21,3
2020-09-19,22,21,Polo G,-,22,1
2020-09-19,23,Black On Black,Bartofso Featuring LouiVos,-,23,1
2020-09-19,24,Hate Me,Ellie Goulding & Juice WRLD,-,8,3
2020-09-19,25,So Am I,Ava Max,-,15,3
2020-09-26,1,Lasting Lover,Sigala . & James Arthur,2,1,2
2020-09-26,2,Risky Business,Zhu,7,2,2
2020-09-26,3,Giants,Dermot Kennedy,-,3,3
2020-09-26,4,Oh My Gawd,Mr Eazi X Major Lazer Featuring Nicki Minaj & K4mo,17,4,2
2020-09-26,5,Love Looks Better,Alicia Keys,19,5,2
2020-09-26,6,Holy,Justin Bieber Featuring Chance the Rapper,-,6,1
2020-09-26,7,The Last Great American Dynasty,Taylor Swift,-,7,1
2020-09-26,8,Tick Tock,Clean Bandit & Mabel Featuring 24kGoldn,3,3,4
2020-09-26,9,Midnight Sky,Miley Cyrus,-,1,3
2020-09-26,10,Our Time,Lil Tecca,14,10,2
2020-09-26,11,Looking For Me,"Paul Woolford, Diplo & Kareen Lomax",-,3,4
2020-09-26,12,Bad Habits,Usher,12,12,2
2020-09-26,13,Biberon,Franglish Featuring Tiakola & Leto,-,13,1
2020-09-26,14,One Too Many,Keith Urban Duet With P!nk,-,14,1
2020-09-26,15,Diamonds,Sam Smith,-,15,1
2020-09-26,16,Lighter,Nathan Dawe Featuring KSI,-,2,3
2020-09-26,17,Someone You Loved,Lewis Capaldi,-,1,24
2020-09-26,18,Burning,Gorgon City Featuring EVAN GIIA,-,18,1
2020-09-26,19,Holiday,Little Mix,-,4,3
2020-09-26,20,Don't Need Love,220 KID & GRACEY,-,10,2
2020-09-26,21,Dance Monkey,Tones And I,-,1,15
2020-09-26,22,Paint You With My Love,Marilyn Manson,-,22,1
2020-09-26,23,Betty,Taylor Swift,-,23,1
2020-09-26,24,Broken Needle,Marilyn Manson,-,24,1
2020-09-26,25,Fake Friends,PS1 Featuring Alex Hosking,-,9,4
2020-10-03,1,For The Night,Pop Smoke Featuring Lil Baby & DaBaby,-,1,1
2020-10-03,2,Giants,Dermot Kennedy,3,2,4
2020-10-03,3,Holy,Justin Bieber Featuring Chance the Rapper,6,3,2
2020-10-03,4,Freak,Sub Urban Featuring REI AMI,-,4,1
2020-10-03,5,Diamonds,Sam Smith,15,5,2
2020-10-03,6,Wet. (She Got That...),Yfn Lucci,-,6,1
2020-10-03,7,Burning,Gorgon City Featuring EVAN GIIA,18,7,2
2020-10-03,8,Colourblind,Seeb x St. Lundi,-,8,1
2020-10-03,9,September,"Earth, Wind & Fire",-,9,4
2020-10-03,10,One Too Many,Keith Urban Duet With P!nk,14,10,2
2020-10-03,11,Popstar,DJ Khaled Featuring Drake,-,11,2
2020-10-03,12,Someone You Loved,Lewis Capaldi,17,1,25
2020-10-03,13,Pompeji,Deftones,-,13,1
2020-10-03,14,Graves Into Gardens,Elevation Worship Featuring Brandon Lake,-,14,4
2020-10-03,15,Savage Love (Laxed - Siren Beat),Jawsh 685 x Jason Derulo,-,4,5
2020-10-03,16,Symphony,Switch Featuring Dillon Chase,-,16,1
2020-10-03,17,Take You Dancing,Jason Derulo,-,3,3
2020-10-03,18,The Spell of Mathematics,Deftones,-,18,1
2020-10-03,19,Already,"Beyonce, Shatta Wale & Major Lazer",-,4,4
2020-10-03,20,Don't Call Me Angel (Charlie's Angels),"Ariana Grande , Miley Cyrus & Lana Del Rey",-,1,4
2020-10-03,21,Genesis,Deftones,-,21,1
2020-10-03,22,I Should Probably Go To Bed,Dan + Shay,-,22,1
2020-10-03,23,Dancing With A Stranger,Sam Smith & Normani,-,7,11
2020-10-03,24,Tumbleweed,Keith Urban,-,14,2
2020-10-03,25,God's Country,Blake Shelton,-,25,1
2020-10-10,1,Love Looks Better,Alicia Keys,-,1,3
2020-10-10,2,No Te Vayas,Yandel Featuring J Balvin,-,2,1
2020-10-10,3,Susurros,Neutro Shorty,-,3,1
2020-10-10,4,Savage Love (Laxed - Siren Beat),Jawsh 685 x Jason Derulo,15,4,6
2020-10-10,5,WAP,Cardi B Featuring Megan Thee Stallion,-,1,5
2020-10-10,6,Dreams,Fleetwood Mac,-,6,1
2020-10-10,7,Break Up Song,Little Mix,-,6,4
2020-10-10,8,My Ex's Best Friend,Machine Gun Kelly X Blackbear,-,8,3
2020-10-10,9,Wet. (She Got That...),Yfn Lucci,6,6,2
2020-10-10,10,Falling,Harry Styles,-,9,3
2020-10-10,11,Too Many Nights,220 KID x JC Steward,-,11,1
2020-10-10,12,For The Night,Pop Smoke Featuring Lil Baby & DaBaby,1,1,2
2020-10-10,13,Before You Go,Lewis Capaldi,-,3,7
2020-10-10,14,There Was Jesus,Zach Williams & Dolly Parton,-,4,3
2020-10-10,15,Lose You To Love Me,Selena Gomez,-,1,3
2020-10-10,16,"god save me, but don't drown me out",Yungblud,-,16,1
2020-10-10,17,Nothing Breaks Like A Heart,Mark Ronson Featuring Miley Cyrus,-,1,21
2020-10-10,18,October,U2,-,18,1
2020-10-10,19,"Soms Breekt Er Een Hart, Soms Blaft Er Een Hond",Spinvis,-,19,1
2020-10-10,20,Wonder,Shawn Mendes,-,20,1
2020-10-10,21,Ze Slapen,Spinvis,-,21,1
2020-10-10,22,Niet Vandaag,Spinvis,-,22,1
2020-10-10,23,Sorry Would Go A Long Way,Tori Kelly,-,10,3
2020-10-10,24,Fire,Edge Of Paradise,-,24,1
2020-10-10,25,Radiant City,Deftones,-,25,1
2020-10-17,1,Worldwide Beautiful,Kane Brown,-,1,1
2020-10-17,2,WAP,Cardi B Featuring Megan Thee Stallion,5,1,6
2020-10-17,3,Savage Love (Laxed - Siren Beat),Jawsh 685 x Jason Derulo,4,3,7
2020-10-17,4,Dreams,Fleetwood Mac,6,4,2
2020-10-17,5,Wonder,Shawn Mendes,20,5,2
2020-10-17,6,Elita,"Gary Barlow , Michael Buble & Sebastian Yatra",-,6,1
2020-10-17,7,Ain't Talkin' 'Bout Love,Van Halen,-,7,1
2020-10-17,8,Space,Becky Hill,-,8,1
2020-10-17,9,Poundcake,Van Halen,-,9,1
2020-10-17,10,Better,The Vamps,-,10,1
2020-10-17,11,Holy,Justin Bieber Featuring Chance the Rapper,-,3,3
2020-10-17,12,Jump,Van Halen,-,12,1
2020-10-17,13,Love Walks In,Van Halen,-,13,1
2020-10-17,14,Unchained,Van Halen,-,14,1
2020-10-17,15,Hot For Teacher,Van Halen,-,15,1
2020-10-17,16,Not A Pop Song,Little Mix,-,16,1
2020-10-17,17,Breaking Me,Topic & A7S,-,2,5
2020-10-17,18,Panama,Van Halen,-,18,1
2020-10-17,19,My Ex's Best Friend,Machine Gun Kelly X Blackbear,8,8,4
2020-10-17,20,Lie Like This,Julia Michaels,-,20,1
2020-10-17,21,Janie's Cryin',Van Halen,-,21,1
2020-10-17,22,Dreams,Van Halen,-,22,1
2020-10-17,23,Little Dreamer,Van Halen,-,23,1
2020-10-17,24,5150,Van Halen,-,24,1
2020-10-17,25,Diamonds,Sam Smith,-,5,3
2020-10-24,1,WAP,Cardi B Featuring Megan Thee Stallion,2,1,7
2020-10-24,2,Worldwide Beautiful,Kane Brown,1,1,2
2020-10-24,3,Not A Pop Song,Little Mix,16,3,2
2020-10-24,4,Dreams,Fleetwood Mac,4,4,3
2020-10-24,5,Running Back To You,"Martin Jensen , Alle Farben & Nico Santos",-,5,1
2020-10-24,6,Cotton Candy,Yungblud,-,6,1
2020-10-24,7,Dynamite,BTS,-,7,3
2020-10-24,8,Silent Restraint,Svalbard,-,8,1
2020-10-24,9,Pearlescent,Svalbard,-,9,1
2020-10-24,10,The Currency of Beauty,Svalbard,-,10,1
2020-10-24,11,What Was She Wearing?,Svalbard,-,11,1
2020-10-24,12,Yummy,Justin Bieber,-,1,17
2020-10-24,13,Listen to Someone,Svalbard,-,13,1
2020-10-24,14,Heather,Conan Gray,-,14,1
2020-10-24,15,Living The Dream,Five Finger Death Punch,-,15,1
2020-10-24,16,21,Polo G,-,16,2
2020-10-24,17,Go Up,SB19,-,17,1
2020-10-24,18,Cool Again,Kane Brown,-,18,2
2020-10-24,19,Throw Your Heart Away,Svalbard,-,19,1
2020-10-24,20,Love To Hate Me,BLACKPINK,-,20,1
2020-10-24,21,Hate Me,Ellie Goulding & Juice WRLD,-,8,4
2020-10-24,22,Smile,Juice WRLD & The Weeknd,-,22,2
2020-10-24,23,Blinding Lights,The Weeknd,-,2,12
2020-10-24,24,Stay High,Juice WRLD,-,24,1
2020-10-24,25,Trust Nobody,Lil Wayne Featuring Adam Levine,-,16,2
2020-10-31,1,Top Gone,Lil Mosey & Lunay,-,1,1
2020-10-31,2,Go Up,SB19,17,2,2
2020-10-31,3,I Miss U,Jax Jones & Au/Ra,-,3,1
2020-10-31,4,Hear My Voice,Celeste,-,4,1
2020-10-31,5,Blinding Lights,The Weeknd,23,2,13
2020-10-31,6,24,Money Man Featuring Lil Baby,-,6,1
2020-10-31,7,Lonely,Justin Bieber & Benny Blanco,-,7,1
2020-10-31,8,Door De Wind,Miss Montreal,-,8,1
2020-10-31,9,"Baby, I'm Jealous",Bebe Rexha Featuring Doja Cat,-,9,1
2020-10-31,10,Dandelion,Carolina Story,-,10,1
2020-10-31,11,Daisy,Ashnikko,-,11,1
2020-10-31,12,Letter To You,Bruce Springsteen,-,12,1
2020-10-31,13,The Other Girl,Kelsea Ballerini x Halsey,-,13,1
2020-10-31,14,Dynamite,BTS,7,7,4
2020-10-31,15,Lovesick Girls,BLACKPINK,-,15,1
2020-10-31,16,"Wine, Beer, Whiskey",Little Big Town,-,16,1
2020-10-31,17,Papi Chulo,Octavian & Skepta,-,17,1
2020-10-31,18,Tokyo Ghoul,Highly Suspect Featuring Young Thug,-,18,1
2020-10-31,19,Sofia,Clairo,-,19,1
2020-10-31,20,Better Together,Luke Combs,-,20,1
2020-10-31,21,Said Sum,Moneybagg Yo,-,21,1
2020-10-31,22,Whole Lotta Choppas,Sada Baby Featuring Nicki Minaj,-,22,1
2020-10-31,23,One Beer,HARDY Featuring Lauren Alaina & Devin Dawson,-,23,1
2020-10-31,24,Miracles,Colton Dixon,-,22,2
2020-10-31,25,Bubble Gum,Clairo,-,25,1
2020-11-07,1,Yellow,Coldplay,-,1,2
2020-11-07,2,YOU CAN'T HOLD MY HEART,Monsta X,-,2,1
2020-11-07,3,Yummy,Justin Bieber,-,1,18
2020-11-07,4,WAP,Cardi B Featuring Megan Thee Stallion,-,1,8
2020-11-07,5,Venus,The Shocking Blue,-,5,1
2020-11-07,6,Canceled,Larray,-,6,1
2020-11-07,7,Blue Moon,The Marcels,-,7,1
2020-11-07,8,Positions,Ariana Grande,-,8,1
2020-11-07,9,Love Looks Better,Alicia Keys,-,1,4
2020-11-07,10,I Miss U,Jax Jones & Au/Ra,3,3,2
2020-11-07,11,I Can't Stop Me,Twice,-,11,1
2020-11-07,12,Forever After All,Luke Combs,-,12,1
2020-11-07,13,Hear My Voice,Celeste,4,4,2
2020-11-07,14,Blue Moon,Frank Sinatra,-,14,1
2020-11-07,15,Halloween II,Misfits,-,15,1
2020-11-07,16,Teardrops,Bring Me the Horizon,-,16,1
2020-11-07,17,Already,"Beyonce, Shatta Wale & Major Lazer",-,4,5
2020-11-07,18,Hot Stuff,Kygo x Donna Summer,-,18,1
2020-11-07,19,Golden,Harry Styles,-,19,1
2020-11-07,20,Damage,H.E.R.,-,20,1
2020-11-07,21,Janey Needs A Shooter,Bruce Springsteen,-,21,1
2020-11-07,22,Burnin' Train,Bruce Springsteen,-,22,1
2020-11-07,23,I Hope,Gabby Barrett,-,23,1
2020-11-07,24,Thriller,Michael Jackson,-,1,4
2020-11-07,25,Ghosts,Michael Jackson,-,25,1
2020-11-14,1,Madrid,Maluma & Myke Towers,-,1,1
2020-11-14,2,Rockstar,DaBaby Featuring Roddy Ricch,-,1,6
2020-11-14,3,Enemigos Ocultos,Ozuna x Arcangel x Cosculluela x Wisin x Myke Towers x Juanka,-,3,1
2020-11-14,4,Hanggang Sa Huli,SB19,-,4,1
2020-11-14,5,Georgia On My Mind,Ray Charles,-,5,1
2020-11-14,6,November Rain,Guns N' Roses,-,6,2
2020-11-14,7,Better Days,OneRepublic,-,7,1
2020-11-14,8,Arms Tonite,Mother Mother,-,8,1
2020-11-14,9,Positions,Ariana Grande,8,8,2
2020-11-14,10,Broken Glass,Kygo & Kim Petras,-,1,2
2020-11-14,11,34+35,Ariana Grande,-,11,1
2020-11-14,12,Talkin' Bout A Revolution,Tracy Chapman,-,12,2
2020-11-14,13,World Leader Pretend,R.E.M.,-,13,1
2020-11-14,14,pov,Ariana Grande,-,14,1
2020-11-14,15,We Take Care Of Our Own,Bruce Springsteen,-,15,1
2020-11-14,16,Venus,The Shocking Blue,5,5,2
2020-11-14,17,This Is Not America,David Bowie / Pat Metheny Group,-,5,4
2020-11-14,18,Hawai,Maluma & The Weeknd,-,18,2
2020-11-14,19,What You Know Bout Love,Pop Smoke,-,19,1
2020-11-14,20,That Midnight Thang,Danny Vera,-,20,1
2020-11-14,21,I'm Afraid Of Americans,David Bowie,-,7,4
2020-11-14,22,Kingslayer,Bring Me the Horizon Featuring Babymetal,-,22,1
2020-11-14,23,Dakiti,Bad Bunny & Jhay Cortez,-,23,1
2020-11-14,24,America,Prince And The Revolution,-,24,1
2020-11-14,25,Song For Orphans,Bruce Springsteen,-,25,1
2020-11-21,1,Rockstar,DaBaby Featuring Roddy Ricch,2,1,7
2020-11-21,2,WAP,Cardi B Featuring Megan Thee Stallion,-,1,9
2020-11-21,3,Positions,Ariana Grande,9,3,3
2020-11-21,4,Yummy,Justin Bieber,-,1,19
2020-11-21,5,Hanggang Sa Huli,SB19,4,4,2
2020-11-21,6,Another Goodbye,Danny Vera,-,6,1
2020-11-21,7,Arms Tonite,Mother Mother,8,7,2
2020-11-21,8,The New Now,Danny Vera,-,8,1
2020-11-21,9,November Rain,Guns N' Roses,6,6,3
2020-11-21,10,Spark A Fire,Danny Vera,-,10,1
2020-11-21,11,Dreams,Fleetwood Mac,-,4,4
2020-11-21,12,Already,"Beyonce, Shatta Wale & Major Lazer",-,4,6
2020-11-21,13,Close Your Eyes And Think Of England,Del Amitri,-,13,1
2020-11-21,14,If The World Was Ending,JP Saxe Featuring Julia Michaels,-,14,1
2020-11-21,15,Party Starters,Arashi,-,15,1
2020-11-21,16,Weak & Weary,Danny Vera,-,16,1
2020-11-21,17,Starting Over,Chris Stapleton,-,17,1
2020-11-21,18,The Bones,Maren Morris,-,18,1
2020-11-21,19,Red Moon,Danny Vera,-,19,1
2020-11-21,20,Run Away,Sivert Hoyem,-,20,1
2020-11-21,21,Black Eyes,Danny Vera,-,21,1
2020-11-21,22,Perfume,Marilyn Manson,-,22,1
2020-11-21,23,Life Between Shadows,Danny Vera,-,23,1
2020-11-21,24,Midnight Sky,Miley Cyrus,-,1,4
2020-11-21,25,Dynamite,BTS,-,7,5
2020-11-28,1,Alab (Burning),SB19,-,1,1
2020-11-28,2,Hay Loft,Mother Mother,-,2,1
2020-11-28,3,WAP,Cardi B Featuring Megan Thee Stallion,2,1,10
2020-11-28,4,Gold,Paloma Faith,-,4,1
2020-11-28,5,Hanggang Sa Huli,SB19,5,4,3
2020-11-28,6,The First Take,LiSA & Uru,-,6,1
2020-11-28,7,Black Catcher,Vicke Blanka,-,7,1
2020-11-28,8,Yummy,Justin Bieber,4,1,20
2020-11-28,9,Oh Ana,Mother Mother,-,9,1
2020-11-28,10,Therefore I Am,Billie Eilish,-,10,1
2020-11-28,11,Shame Shame,Foo Fighters,-,11,1
2020-11-28,12,Fairytale Of New York,The Pogues Featuring Kirsty MacColl,-,10,11
2020-11-28,13,Black Rover,Vicke Blanka,-,13,1
2020-11-28,14,Holiday,Lil Nas X,-,14,1
2020-11-28,15,House of Glass,ERRA,-,15,1
2020-11-28,16,Dirty Diana,Michael Jackson,-,16,1
2020-11-28,17,Savage Love (Laxed - Siren Beat),Jawsh 685 x Jason Derulo,-,3,8
2020-11-28,18,Through The Mists Of Time,AC/DC,-,18,1
2020-11-28,19,Black Mamba,Aespa,-,19,1
2020-11-28,20,Wonder,Shawn Mendes,-,5,3
2020-11-28,21,Crazy Glue,Roxane Bruneau,-,21,1
2020-11-28,22,Holly Holy,Neil Diamond,-,22,1
2020-11-28,23,It's You,Ali Gatie,-,23,1
2020-11-28,24,Nobody's Love,Maroon 5,-,20,3
2020-11-28,25,Lovesick Girls,BLACKPINK,-,15,2
2020-12-05,1,Tilaluha,SB19,-,1,1
2020-12-05,2,Gold,Paloma Faith,4,2,2
2020-12-05,3,Hanggang Sa Huli,SB19,5,3,4
2020-12-05,4,Broken Glass,Kygo & Kim Petras,-,1,3
2020-12-05,5,Alab (Burning),SB19,1,1,2
2020-12-05,6,Agent Orange,Slapshock,-,6,1
2020-12-05,7,Last Christmas,Wham!,-,2,10
2020-12-05,8,Hay Loft,Mother Mother,2,2,2
2020-12-05,9,Happy Xmas (War Is Over),John & Yoko/The Plastic Ono Band With The Harlem Community Choir,-,8,7
2020-12-05,10,If This Is Goodbye,Paloma Faith,-,10,1
2020-12-05,11,Better Than This,Paloma Faith,-,6,3
2020-12-05,12,Christmas Wrapping,The Waitresses,-,5,8
2020-12-05,13,Christmas Is All Around,Bill Nighy,-,13,1
2020-12-05,14,Yummy,Justin Bieber,8,1,21
2020-12-05,15,White Christmas,Darlene Love,-,15,1
2020-12-05,16,Life Goes On,BTS,-,16,1
2020-12-05,17,Supernatural,Paloma Faith,-,17,1
2020-12-05,18,Miracles,Colton Dixon,-,18,3
2020-12-05,19,Body,Megan Thee Stallion,-,19,1
2020-12-05,20,Throat Baby (Go Baby),BRS Kash,-,20,1
2020-12-05,21,Holiday,Lil Nas X,14,14,2
2020-12-05,22,Love Goes,SB19,-,22,1
2020-12-05,23,Dynamite,BTS,-,7,6
2020-12-05,24,Break,Uru,-,24,1
2020-12-05,25,Stay With Me,In Flames,-,25,1
2020-12-12,1,Last Christmas,Wham!,7,1,11
2020-12-12,2,A Holly Jolly Christmas,Burl Ives,-,2,2
2020-12-12,3,The Blizzard,Judy Collins,-,3,1
2020-12-12,4,Hawai,Maluma & The Weeknd,-,4,3
2020-12-12,5,Happy Xmas (War Is Over),John & Yoko/The Plastic Ono Band With The Harlem Community Choir,9,5,8
2020-12-12,6,Vida Loca,"Black Eyed Peas, Nicky Jam & Tyga",-,6,1
2020-12-12,7,Blinding Lights,The Weeknd,-,2,14
2020-12-12,8,Christmas Wrapping,The Waitresses,12,5,9
2020-12-12,9,Dream Of You,CHUNG HA With R3hab,-,9,1
2020-12-12,10,Do They Know It's Christmas?,Band Aid 20,-,10,3
2020-12-12,11,Holiday,Lil Nas X,21,11,3
2020-12-12,12,Teresa,Yungblud,-,12,1
2020-12-12,13,Hay Loft,Mother Mother,8,2,3
2020-12-12,14,White Winter Hymnal,Fleet Foxes,-,4,4
2020-12-12,15,Fairytale Of New York,The Pogues Featuring Kirsty MacColl,-,10,12
2020-12-12,16,Monster,Shawn Mendes & Justin Bieber,-,16,1
2020-12-12,17,Fake Rich,Rivals Featuring Elijah Witt,-,17,1
2020-12-12,18,Gimme Love,Joji,-,18,1
2020-12-12,19,La Noche de Anoche,Bad Bunny & ROSALIA,-,19,1
2020-12-12,20,Golden G String,Miley Cyrus,-,20,1
2020-12-12,21,Love Goes,SB19,22,21,2
2020-12-12,22,No Time For Tears,Nathan Dawe x Little Mix,-,22,1
2020-12-12,23,7 Summers,Morgan Wallen,-,23,1
2020-12-12,24,Breath,GOT7,-,24,1
2020-12-12,25,Let Me In (20 Cube),ENHYPEN,-,25,1
2020-12-19,1,Love Goes,SB19,21,1,3
2020-12-19,2,WAP,Cardi B Featuring Megan Thee Stallion,-,1,11
2020-12-19,3,Umpah Umpah,Red Velvet,-,3,1
2020-12-19,4,Run Run Stop,Polima WestCoast & Duki Featuring Oniria,-,4,1
2020-12-19,5,Savage Love (Laxed - Siren Beat),Jawsh 685 x Jason Derulo,-,3,9
2020-12-19,6,Rover,S1mba Featuring DTG,-,6,3
2020-12-19,7,Cancion Con Yandel,Yandel X Bad Bunny,-,7,1
2020-12-19,8,11 PM,Maluma,-,8,1
2020-12-19,9,Yummy,Justin Bieber,-,1,22
2020-12-19,10,Alab (Burning),SB19,-,1,3
2020-12-19,11,Ayer Me Llamo Mi Ex,KHEA x Natti Natashi x Prince Royce Featuring Lenny Santos,-,11,1
2020-12-19,12,Blinding Lights,The Weeknd,7,2,15
2020-12-19,13,Rockstar,DaBaby Featuring Roddy Ricch,-,1,8
2020-12-19,14,I'll See You In My Dreams,Bruce Springsteen,-,14,1
2020-12-19,15,Hay Loft,Mother Mother,13,2,4
2020-12-19,16,Anaranjado,Jowell & Randy & J Balvin,-,16,1
2020-12-19,17,Rojo,J Balvin,-,17,1
2020-12-19,18,ADMV,Maluma,-,18,1
2020-12-19,19,Bye Me Fui,Bad Bunny,-,19,1
2020-12-19,20,A Holly Jolly Christmas,Burl Ives,2,2,3
2020-12-19,21,White Winter Hymnal,Fleet Foxes,14,4,5
2020-12-19,22,I Know,Big Daddy Weave,-,22,1
2020-12-19,23,Oh Santa!,Mariah Carey Featuring Ariana Grande & Jennifer Hudson,-,23,1
2020-12-19,24,Have Yourself A Merry Little Christmas,Judy Garland With Georgie Stoll & His Orchestra,-,5,4
2020-12-19,25,Merry Christmas Everyone,Shakin' Stevens,-,4,4
2020-12-26,1,ikako,SB19,-,1,1
2020-12-26,2,I'll See You In My Dreams,Bruce Springsteen,14,2,2
2020-12-26,3,White Winter Hymnal,Fleet Foxes,21,3,6
2020-12-26,4,Merry Christmas Everyone,Shakin' Stevens,25,4,5
2020-12-26,5,Christmas Wrapping,The Waitresses,-,5,10
2020-12-26,6,A Holly Jolly Christmas,Burl Ives,20,2,4
2020-12-26,7,Willow,Taylor Swift,-,7,1
2020-12-26,8,Hay Loft,Mother Mother,15,2,5
2020-12-26,9,Ghosts,Bruce Springsteen,-,9,1
2020-12-26,10,"O Come, O Come Emmanuel / O Come All Ye Faithful",Tori Kelly,-,10,1
2020-12-26,11,Nuttin' For Christmas,Barry Gordon,-,11,1
2020-12-26,12,Change [In The House Of Flies],Deftones,-,12,1
2020-12-26,13,'Tis The Damn Season,Taylor Swift,-,13,1
2020-12-26,14,Champagne Problems,Taylor Swift,-,14,1
2020-12-26,15,Melodien,Newman x Ezhel,-,15,1
2020-12-26,16,Fairytale Of New York,The Pogues Featuring Kirsty MacColl,-,10,13
2020-12-26,17,Evermore,Taylor Swift Featuring Bon Iver,-,17,1
2020-12-26,18,Let It Snow! Let It Snow! Let It Snow!,Dean Martin,-,10,2
2020-12-26,19,Mistletoe,Justin Bieber,-,19,1
2020-12-26,20,Ivy,Taylor Swift,-,20,1
2020-12-26,21,Blue Christmas,Elvis Presley,-,13,2
2020-12-26,22,Tolerate It,Taylor Swift,-,22,1
2020-12-26,23,Holiday,Lil Nas X,-,11,4
2020-12-26,24,Gold Rush,Taylor Swift,-,24,1
2020-12-26,25,Pretty Boys,Paul McCartney,-,25,1
2021-01-02,1,All Three,Noah Cyrus,-,1,1
2021-01-02,2,Go Up,SB19,-,2,3
2021-01-02,3,Same Old Lang Syne,Dan Fogelberg,-,3,1
2021-01-02,4,Aquarius/Let The Sunshine In (The Flesh Failures),The 5th Dimension,-,4,1
2021-01-02,5,Fairytale Of New York,The Pogues Featuring Kirsty MacColl,16,5,14
2021-01-02,6,Mistletoe,Justin Bieber,19,6,2
2021-01-02,7,A Holly Jolly Christmas,Burl Ives,6,2,5
2021-01-02,8,Happy Xmas (War Is Over),John & Yoko/The Plastic Ono Band With The Harlem Community Choir,-,5,9
2021-01-02,9,Enjoy Yourself,Pop Smoke Featuring Karol G,-,9,1
2021-01-02,10,Jeans,Justin Quiles,-,10,1
2021-01-02,11,Hanggang Sa Huli,SB19,-,3,5
2021-01-02,12,Last Christmas,Wham!,-,1,12
2021-01-02,13,No Se da Cuenta,Ozuna & Daddy Yankee,-,13,1
2021-01-02,14,Despeinada,Ozuna x Camilo,-,14,1
2021-01-02,15,Zeus,Eminem Featuring White Gold,-,15,1
2021-01-02,16,Puedo Tocar (Only Fans),Noreh x Juanka,-,16,1
2021-01-02,17,"Let It Snow, Let It Snow, Let It Snow",Steven Curtis Chapman,-,17,1
2021-01-02,18,Arms Tonite,Mother Mother,-,7,3
2021-01-02,19,All I Want For Christmas Is You,Mariah Carey,-,1,18
2021-01-02,20,Nuttin' For Christmas,Barry Gordon,11,11,2
2021-01-02,21,Gnat,Eminem,-,21,1
2021-01-02,22,Your New Boyfriend,Wilbur Soot,-,22,1
2021-01-02,23,Noel Blanc,Eddy Mitchell,-,23,1
2021-01-02,24,Flags,Coldplay,-,24,1
2021-01-02,25,The Lost Chord,Gorillaz Featuring Leee John,-,25,1
2021-01-09,1,Hanggang Sa Huli,SB19,11,1,6
2021-01-09,2,Downtown,Petula Clark,-,2,1
2021-01-09,3,WAP,Cardi B Featuring Megan Thee Stallion,-,1,12
2021-01-09,4,Happy New Year,ABBA,-,3,5
2021-01-09,5,Savage Love (Laxed - Siren Beat),Jawsh 685 x Jason Derulo,-,3,10
2021-01-09,6,Hay Loft,Mother Mother,-,2,6
2021-01-09,7,1921,The Who,-,7,1
2021-01-09,8,All I Want For Christmas Is You,Mariah Carey,19,1,19
2021-01-09,9,New Year's Day,U2,-,4,3
2021-01-09,10,Yummy,Justin Bieber,-,1,23
2021-01-09,11,A Long December,Counting Crows,-,11,1
2021-01-09,12,Cool For Cats,Squeeze,-,12,1
2021-01-09,13,Enjoy Yourself,Pop Smoke Featuring Karol G,9,9,2
2021-01-09,14,Doomsday,MF Doom Featuring Pebbles The Invisible Girl,-,14,1
2021-01-09,15,The New Year,Death Cab for Cutie,-,6,4
2021-01-09,16,Treat People With Kindness,Harry Styles,-,16,1
2021-01-09,17,Rapp Snitch Knishes,MF Doom Featuring Mr. Fantastik,-,17,1
2021-01-09,18,You'll Never Walk Alone,Gerry And The Pacemakers,-,1,4
2021-01-09,19,Ol' '55,Tom Waits,-,19,1
2021-01-09,20,My Dear Acquaintance (A Happy New Year),Regina Spektor,-,20,1
2021-01-09,21,Before You Go,Lewis Capaldi,-,3,8
2021-01-09,22,New Year's Prayer,Jeff Buckley,-,22,1
2021-01-09,23,Dreams,Fleetwood Mac,-,4,5
2021-01-09,24,If The World Was Ending,JP Saxe Featuring Julia Michaels,-,14,2
2021-01-09,25,Your New Boyfriend,Wilbur Soot,22,22,2
2021-01-16,1,Wag Mong Ikunot Ang Iyong Noo,SB19,-,1,1
2021-01-16,2,Hay Trao Cho Anh,Son Tung M-TP Featuring Snoop Dogg,-,2,1
2021-01-16,3,WAP,Cardi B Featuring Megan Thee Stallion,3,1,13
2021-01-16,4,ikako,SB19,-,1,2
2021-01-16,5,This Is Not America,David Bowie / Pat Metheny Group,-,5,5
2021-01-16,6,Gloria,Laura Branigan,-,6,1
2021-01-16,7,Rockstar,DaBaby Featuring Roddy Ricch,-,1,9
2021-01-16,8,Love Goes,SB19,-,1,4
2021-01-16,9,Yummy,Justin Bieber,10,1,24
2021-01-16,10,YAYO,Kollegah Featuring Asche,-,10,1
2021-01-16,11,Girls Like You,Maroon 5 Featuring Cardi B,-,1,13
2021-01-16,12,Five Years,David Bowie,-,12,2
2021-01-16,13,Blinding Lights,The Weeknd,-,2,16
2021-01-16,14,Right Where You Left Me,Taylor Swift,-,14,1
2021-01-16,15,Macho Man,Village People,-,15,1
2021-01-16,16,Killing In The Name,Rage Against the Machine,-,16,1
2021-01-16,17,Ferry Cross The Mersey,Gerry And The Pacemakers,-,17,1
2021-01-16,18,The Snake,Al Wilson,-,18,1
2021-01-16,19,Greek Tragedy,The Wombats,-,19,1
2021-01-16,20,I'm Afraid Of Americans,David Bowie,-,7,5
2021-01-16,21,Save Your Tears,The Weeknd,-,21,1
2021-01-16,22,Are You Dead Yet?,Children of Bodom,-,22,1
2021-01-16,23,The Mob Rules,Black Sabbath,-,23,1
2021-01-16,24,Georgia On My Mind,Ray Charles,-,5,2
2021-01-16,25,Democracy,Leonard Cohen,-,25,1
2021-01-23,1,Hay Trao Cho Anh,Son Tung M-TP Featuring Snoop Dogg,2,1,2
2021-01-23,2,WAP,Cardi B Featuring Megan Thee Stallion,3,1,14
2021-01-23,3,Right Where You Left Me,Taylor Swift,14,3,2
2021-01-23,4,Blinding Lights,The Weeknd,13,2,17
2021-01-23,5,Girls Like You,Maroon 5 Featuring Cardi B,11,1,14
2021-01-23,6,Rockstar,DaBaby Featuring Roddy Ricch,7,1,10
2021-01-23,7,Hailey,WRENN,-,7,1
2021-01-23,8,Yummy,Justin Bieber,9,1,25
2021-01-23,9,Drivers License,Olivia Rodrigo,-,9,1
2021-01-23,10,Una Palabra,Carlos Varela,-,10,1
2021-01-23,11,Get Out My Head,Shane Codd,-,11,1
2021-01-23,12,Gloria,Laura Branigan,6,6,2
2021-01-23,13,505,Arctic Monkeys,-,13,1
2021-01-23,14,Five Years,David Bowie,12,12,3
2021-01-23,15,Self Destructor,Chevelle,-,15,1
2021-01-23,16,Ooh Laa,John Legend,-,16,1
2021-01-23,17,Sunflower (Spider-Man: Into The Spider-Verse),Post Malone & Swae Lee,-,1,19
2021-01-23,18,Linoleum,NOFX,-,18,1
2021-01-23,19,Fantastic Voyage,David Bowie,-,19,1
2021-01-23,20,Go Up,SB19,-,2,4
2021-01-23,21,Georgia,Hanson,-,21,1
2021-01-23,22,Nu Wij Niet Meer Praten,Jaap Reesema & Pommelien Thijs,-,22,1
2021-01-23,23,Start Of Something New,Sofia Wylie,-,23,1
2021-01-23,24,Wasted On You,Morgan Wallen,-,24,1
2021-01-23,25,Anyone,Justin Bieber,-,25,1
2021-01-30,1,Go Up,SB19,20,1,5
2021-01-30,2,Drivers License,Olivia Rodrigo,9,2,2
2021-01-30,3,Blue Monday,New Order,-,3,1
2021-01-30,4,WAP,Cardi B Featuring Megan Thee Stallion,2,1,15
2021-01-30,5,Better Days,Ant Clemons Featuring Justin Timberlake,-,5,1
2021-01-30,6,Feeling Good,Nina Simone,-,6,1
2021-01-30,7,Land Of Hope And Dreams,Bruce Springsteen,-,7,1
2021-01-30,8,You Get What You Give,New Radicals,-,8,1
2021-01-30,9,Greek Tragedy,The Wombats,-,9,2
2021-01-30,10,Times Like These,Foo Fighters,-,10,1
2021-01-30,11,Wellerman,The Longest Johns,-,11,1
2021-01-30,12,Lightweight,Whitney Duncan,-,12,1
2021-01-30,13,The Gunners Dream,Pink Floyd,-,13,1
2021-01-30,14,N17,The Saw Doctors,-,14,1
2021-01-30,15,Paralysis,yama,-,15,1
2021-01-30,16,Queen Bitch,David Bowie,-,16,2
2021-01-30,17,Friends In Low Places,Garth Brooks,-,17,1
2021-01-30,18,Undivided,Tim McGraw & Tyler Hubbard,-,18,1
2021-01-30,19,Democracy,Leonard Cohen,-,19,2
2021-01-30,20,It's A Sin,Pet Shop Boys,-,20,1
2021-01-30,21,Rockstar,Nickelback,-,21,1
2021-01-30,22,Kansas City,Wilbert Harrison,-,22,1
2021-01-30,23,Lovely Day,Bill Withers,-,19,2
2021-01-30,24,This Land Is Your Land,Woody Guthrie,-,24,1
2021-01-30,25,Wish You Were Here,Pink Floyd,-,25,1
2021-02-06,1,Hanggang Sa Huli,SB19,-,1,7
2021-02-06,2,Khe Sanh,Cold Chisel,-,2,1
2021-02-06,3,Er det lov a leva,Halva Priset,-,3,1
2021-02-06,4,Hay Trao Cho Anh,Son Tung M-TP Featuring Snoop Dogg,-,1,3
2021-02-06,5,Harvest,Neil Young,-,5,1
2021-02-06,6,Red Lotus,LiSA,-,6,3
2021-02-06,7,Girls Like You,Maroon 5 Featuring Cardi B,-,1,15
2021-02-06,8,Zanzibar,Billy Joel,-,8,1
2021-02-06,9,Reckless (Don't Be So...),Australian Crawl,-,9,1
2021-02-06,10,Break My Stride,Matthew Wilder,-,10,1
2021-02-06,11,WAP,Cardi B Featuring Megan Thee Stallion,4,1,16
2021-02-06,12,Blue Monday,New Order,3,3,2
2021-02-06,13,The Boys Light Up,Australian Crawl,-,13,1
2021-02-06,14,I'm Sick With You,Kirill Astapov,-,14,1
2021-02-06,15,Hallelujah,Leonard Cohen,-,1,9
2021-02-06,16,Jeg Vil Ikke Se Deg Med Han,Arne Hurlen,-,16,1
2021-02-06,17,If You Wait,London Grammar,-,17,1
2021-02-06,18,Hearts Of Olden Glory,Runrig,-,18,1
2021-02-06,19,Rasputin,Boney M .,-,19,1
2021-02-06,20,Motor's Too Fast,James Reyne,-,20,1
2021-02-06,21,Celebrity,IU,-,21,1
2021-02-06,22,Waterfalls,TLC,-,22,1
2021-02-06,23,Douchebag,Molly Hammar,-,23,1
2021-02-06,24,Lonely,Machine Gun Kelly,-,24,1
2021-02-06,25,Bad Boy,Juice WRLD & Young Thug,-,25,1
2021-02-13,1,Chung Ta Cua Hien Tai,Son Tung M-TP,-,1,1
2021-02-13,2,Er det lov a leva,Halva Priset,3,2,2
2021-02-13,3,Hay Trao Cho Anh,Son Tung M-TP Featuring Snoop Dogg,4,1,4
2021-02-13,4,One Big Sky,Kansas,-,4,1
2021-02-13,5,Heart Shaped Glasses (When The Heart Guides The Hand),Marilyn Manson,-,5,1
2021-02-13,6,Lonely,Machine Gun Kelly,24,6,2
2021-02-13,7,Many Of Horror,Biffy Clyro,-,7,1
2021-02-13,8,Broken Glass,Kygo & Kim Petras,-,1,4
2021-02-13,9,I Want to Kill You Like They Do in the Movies,Marilyn Manson,-,9,1
2021-02-13,10,"Starf**kers, Inc.",Nine Inch Nails,-,10,1
2021-02-13,11,February Song,Josh Groban,-,11,1
2021-02-13,12,House Of Balloons / Glass Table Girls,The Weeknd,-,12,1
2021-02-13,13,La Di Da,EVERGLOW,-,13,1
2021-02-13,14,Can't Feel My Face,The Weeknd,-,14,1
2021-02-13,15,Sour Candy,Lady Gaga & BLACKPINK,-,1,3
2021-02-13,16,Mirror Image,Weezer,-,16,1
2021-02-13,17,Show Me Love,Alicia Keys Featuring Miguel,-,17,1
2021-02-13,18,La Brea Tar Pits,Weezer,-,18,1
2021-02-13,19,Defenceless,Louis Tomlinson,-,19,1
2021-02-13,20,Hero,Victor Solf,-,20,1
2021-02-13,21,Aloo Gobi,Weezer,-,21,1
2021-02-13,22,Worldwide Beautiful,Kane Brown,-,1,3
2021-02-13,23,Cool Again,Kane Brown,-,18,3
2021-02-13,24,The Hills,The Weeknd,-,10,2
2021-02-13,25,All My Favorite Songs,Weezer,-,25,1
2021-02-20,1,Can't Feel My Face,The Weeknd,14,1,2
2021-02-20,2,Burning Pile,Mother Mother,-,2,1
2021-02-20,3,Stein Pa Stein,Postgirobygget,-,3,1
2021-02-20,4,Coming Around Again,Carly Simon,-,4,1
2021-02-20,5,Up,Cardi B,-,5,1
2021-02-20,6,"Theme From ""Greatest American Hero"" (Believe It or Not)",Joey Scarbury,-,6,1
2021-02-20,7,February Seven,The Avett Brothers,-,7,1
2021-02-20,8,Starboy,The Weeknd,-,8,1
2021-02-20,9,I Feel It Coming,The Weeknd Featuring Daft Punk,-,6,8
2021-02-20,10,House Of Balloons / Glass Table Girls,The Weeknd,12,10,2
2021-02-20,11,The Hills,The Weeknd,24,10,3
2021-02-20,12,Tapestry,Carole King,-,12,1
2021-02-20,13,Ne Ostavljaj Menja,Sobachii Lie,-,13,1
2021-02-20,14,At The Hundredth Meridian,The Tragically Hip,-,11,2
2021-02-20,15,Happy House,Siouxsie & The Banshees,-,15,1
2021-02-20,16,Blinding Lights,The Weeknd,-,2,18
2021-02-20,17,Balu,Kettcar,-,17,1
2021-02-20,18,Earned It (Fifty Shades Of Grey),The Weeknd,-,18,1
2021-02-20,19,emily,Jeremy Zucker & Chelsea Cutler,-,19,1
2021-02-20,20,I'm Not A Vampire (Revamped),Falling in Reverse,-,20,1
2021-02-20,21,A Lonely Night,The Weeknd,-,21,1
2021-02-20,22,Valentine's Day,Linkin Park,-,10,4
2021-02-20,23,Cloudspotter,Foo Fighters,-,23,1
2021-02-20,24,Queen Of My Heart,Sivert Hoyem,-,24,1
2021-02-20,25,Biko,Peter Gabriel,-,25,1
2021-02-27,1,Valentine's Day,David Bowie,-,1,4
2021-02-27,2,Burning Pile,Mother Mother,2,2,2
2021-02-27,3,Gasoline,Haim Featuring Taylor Swift,-,3,1
2021-02-27,4,I'm Gonna Be (500 Miles),The Proclaimers,-,4,1
2021-02-27,5,My City Was Gone,Pretenders,-,5,1
2021-02-27,6,Don't Look Back In Anger,Oasis,-,1,4
2021-02-27,7,Love Story (Taylor's Version),Taylor Swift,-,7,1
2021-02-27,8,Bring On The Lucie (Freda Peeple),John Lennon,-,8,1
2021-02-27,9,GBTR,Gazzelle,-,9,1
2021-02-27,10,La Noche de Anoche,Bad Bunny & ROSALIA,-,10,2
2021-02-27,11,I'm Not A Vampire (Revamped),Falling in Reverse,20,11,2
2021-02-27,12,We're Good,Dua Lipa,-,12,1
2021-02-27,13,The Nicest Thing,Kate Nash,-,13,1
2021-02-27,14,The Wild Kindness,Silver Jews,-,14,2
2021-02-27,15,The Rose,Bette Midler,-,15,1
2021-02-27,16,Face To Face,Rondodasosa,-,16,1
2021-02-27,17,I Know Places,Lykke Li,-,17,1
2021-02-27,18,Calling My Phone,Lil Tjay Featuring 6LACK,-,18,1
2021-02-27,19,Strange Fruit,Billie Holiday,-,19,1
2021-02-27,20,Run Away,Sivert Hoyem,-,20,2
2021-02-27,21,Warzonata Freestyle,Zano X Tha Sup,-,21,1
2021-02-27,22,Boku No Sensou,Shinsei Kamattechan,-,22,1
2021-02-27,23,Distance,Mammoth WVH,-,23,1
2021-02-27,24,Adore You,Harry Styles,-,2,8
2021-02-27,25,Telepatia,Kali Uchis,-,25,1
2021-03-06,1,Fix You,Coldplay,-,1,3
2021-03-06,2,Dying Is Absolutely Safe,Architects,-,2,1
2021-03-06,3,Poker Face,Lady Gaga,-,3,1
2021-03-06,4,Hay Loft,Mother Mother,-,2,7
2021-03-06,5,Strange Fruit,Billie Holiday,19,5,2
2021-03-06,6,Boku No Sensou,Shinsei Kamattechan,22,6,2
2021-03-06,7,Everything I Own,Bread,-,7,1
2021-03-06,8,Get Lucky,Daft Punk Featuring Pharrell Williams,-,8,1
2021-03-06,9,Libertine,Architects,-,9,1
2021-03-06,10,Zoom,Commodores,-,10,1
2021-03-06,11,Something About Us,Daft Punk,-,11,1
2021-03-06,12,Protect The Land,System of a Down,-,12,1
2021-03-06,13,Tiguere,Dowba Montana,-,13,1
2021-03-06,14,Within,Daft Punk,-,14,1
2021-03-06,15,Little Wonder,Architects,-,15,1
2021-03-06,16,Flight Without Feathers,Architects,-,16,1
2021-03-06,17,Genocidal Humanoidz,System of a Down,-,17,1
2021-03-06,18,Touch,Daft Punk Featuring Paul Williams,-,18,1
2021-03-06,19,Calling My Phone,Lil Tjay Featuring 6LACK,18,18,2
2021-03-06,20,Only Wanna Be With You,Hootie & The Blowfish,-,20,1
2021-03-06,21,Digital Love,Daft Punk,-,21,1
2021-03-06,22,Tegole,Il Tre,-,22,1
2021-03-06,23,"Harder, Better, Faster, Stronger",Daft Punk,-,23,1
2021-03-06,24,Around The World,Daft Punk,-,24,1
2021-03-06,25,Infinity,Yuuri,-,25,1
2021-03-13,1,Elephant,Tame Impala,-,1,1
2021-03-13,2,Boku No Sensou,Shinsei Kamattechan,6,2,3
2021-03-13,3,Grow,Jeangu Macrooy,-,3,1
2021-03-13,4,Calling My Phone,Lil Tjay Featuring 6LACK,19,4,3
2021-03-13,5,Ordinary World,Duran Duran,-,5,1
2021-03-13,6,The Boys Light Up,Australian Crawl,-,6,2
2021-03-13,7,Paranoia,Kang Daniel,-,7,1
2021-03-13,8,Damage,H.E.R.,-,8,2
2021-03-13,9,The Business,Tiesto,-,9,1
2021-03-13,10,All I Want,Kodaline,-,10,1
2021-03-13,11,Fuiste Mia,MYA & Ha*Ash,-,11,1
2021-03-13,12,Don't Give Up,Alice Cooper,-,12,1
2021-03-13,13,Heartbreak Anniversary,Giveon,-,13,1
2021-03-13,14,...Baby One More Time,Britney Spears,-,14,1
2021-03-13,15,Forever Young,Alphaville,-,15,1
2021-03-13,16,Blackheart Man,Bunny Wailer,-,16,1
2021-03-13,17,I'm Every Woman,Chaka Khan,-,17,1
2021-03-13,18,Telepatia,Kali Uchis,-,18,2
2021-03-13,19,Incinmesin Kanatlarin,Elyas & Taha,-,19,1
2021-03-13,20,1 Op Een Miljoen,Metejoor Featuring Babet,-,20,1
2021-03-13,21,Let's Love,NU'EST With Spoonz,-,21,1
2021-03-13,22,Bad Reception,emir taha,-,22,1
2021-03-13,23,Afterglow,Ed Sheeran,-,23,1
2021-03-13,24,Kick It,NCT 127,-,24,1
2021-03-13,25,Maria,HWASA,-,25,1
2021-03-20,1,Sirang Plaka,The Juans,-,1,1
2021-03-20,2,Wondering,Olivia Rodrigo & Julia Lester,-,2,1
2021-03-20,3,Infinity,Yuuri,-,3,1
2021-03-20,4,Radar Love,Golden Earring,-,4,1
2021-03-20,5,Streets,Doja Cat,-,5,1
2021-03-20,6,Up,Cardi B,-,5,2
2021-03-20,7,Peach,Chevelle,-,7,1
2021-03-20,8,Hou Nog Even Vol,Veras,-,8,1
2021-03-20,9,Girl On Fire,Alicia Keys Featuring Nicki Minaj,-,9,1
2021-03-20,10,Hold On,Justin Bieber,-,10,1
2021-03-20,11,Fuiste Mia,MYA & Ha*Ash,11,11,2
2021-03-20,12,Leave The Door Open,Silk Sonic ( Bruno Mars & Anderson .Paak ),-,12,1
2021-03-20,13,At This Moment,Marco Borsato,-,13,1
2021-03-20,14,SugarCrash!,ElyOtto,-,14,1
2021-03-20,15,Losses,Lil Tjay,-,15,1
2021-03-20,16,Claire & Eddie,Kings of Leon,-,16,1
2021-03-20,17,Track Star,Mooski,-,17,1
2021-03-20,18,Throat Baby (Go Baby),BRS Kash,-,18,2
2021-03-20,19,Lemon Pepper Freestyle,Drake Featuring Rick Ross,-,19,1
2021-03-20,20,Savage,Megan Thee Stallion Featuring Beyonce,-,7,5
2021-03-20,21,Carried Away,Surf Mesa & Madison Beer,-,21,1
2021-03-20,22,Pay Your Way In Pain,St. Vincent,-,22,1
2021-03-20,23,Only Wanna Be With You,Post Malone,-,23,1
2021-03-20,24,Open Mind,WONHO,-,24,1
2021-03-20,25,Mago,GFriend,-,25,1
2021-03-27,1,Up,Cardi B,6,1,3
2021-03-27,2,Sunshine On Leith,The Proclaimers,-,2,1
2021-03-27,3,Cake By The Ocean,DNCE,-,3,6
2021-03-27,4,August,Taylor Swift,-,4,1
2021-03-27,5,Loved By You,Justin Bieber Featuring Burna Boy,-,5,1
2021-03-27,6,Song To The Siren,Tim Buckley,-,6,1
2021-03-27,7,I Love You,Billie Eilish,-,7,3
2021-03-27,8,The Unicorn,The Irish Rovers,-,8,2
2021-03-27,9,Song To The Siren,This Mortal Coil,-,9,1
2021-03-27,10,There Is A Kingdom,Nick Cave & The Bad Seeds,-,10,1
2021-03-27,11,Street Runner,Rod Wave,-,11,1
2021-03-27,12,On The Ground,ROSE,-,12,1
2021-03-27,13,You'll Never Walk Alone,Gerry And The Pacemakers,-,1,5
2021-03-27,14,Why Are Sundays So Depressing,The Strokes,-,14,1
2021-03-27,15,Brighter Than Sunshine,Aqualung,-,15,1
2021-03-27,16,Future Nostalgia,Dua Lipa,-,16,3
2021-03-27,17,(Something Inside) So Strong,Labi Siffre,-,17,1
2021-03-27,18,If I Should Fall From Grace With God,The Pogues,-,18,1
2021-03-27,19,St. Patrick's Day,John Mayer,-,5,3
2021-03-27,20,Why Why Why,Ikon,-,20,1
2021-03-27,21,Die For You,Justin Bieber Featuring Dominic Fike,-,21,1
2021-03-27,22,Yosemite,Lana Del Rey,-,22,1
2021-03-27,23,Somebody,Justin Bieber,-,23,1
2021-03-27,24,In A Lifetime,Clannad & Bono,-,24,1
2021-03-27,25,Follow You,Imagine Dragons,-,25,1
2021-04-03,1,De Vuelta Pa' La Vuelta,Daddy Yankee & Marc Anthony,-,1,1
2021-04-03,2,Profecia,Nengo Flow,-,2,1
2021-04-03,3,No Me Acostumbro,"Wisin , Ozuna & Reik Featuring Los Legendarios & Miky Woodz",-,3,1
2021-04-03,4,Mi Ex,Myke Towers,-,4,1
2021-04-03,5,Volver,"Ovi, Lenny Tavarez, Brytiago & Natanael Cano",-,5,1
2021-04-03,6,Loved By You,Justin Bieber Featuring Burna Boy,5,5,2
2021-04-03,7,Bohemian Rhapsody,Queen,-,1,6
2021-04-03,8,Up,Cardi B,1,1,4
2021-04-03,9,Ghost,Justin Bieber,-,9,1
2021-04-03,10,Peaches,Justin Bieber Featuring Daniel Caesar & Giveon,-,10,1
2021-04-03,11,Die For You,Justin Bieber Featuring Dominic Fike,21,11,2
2021-04-03,12,Somebody,Justin Bieber,23,12,2
2021-04-03,13,Love You Different,Justin Bieber Featuring BEAM,-,13,1
2021-04-03,14,Idoru,Grimes,-,14,2
2021-04-03,15,The Heresy,Mushroomhead,-,15,1
2021-04-03,16,Off My Face,Justin Bieber,-,16,1
2021-04-03,17,Lilac,Julius,-,17,1
2021-04-03,18,White Dress,Lana Del Rey,-,18,1
2021-04-03,19,Uninvited,Alanis Morissette,-,19,1
2021-04-03,20,Diamonds,Sam Smith,-,5,4
2021-04-03,21,Daywalker!,Machine Gun Kelly & CORPSE,-,21,1
2021-04-03,22,As I Am,Justin Bieber Featuring Khalid,-,22,1
2021-04-03,23,On Me,Lil Baby,-,23,1
2021-04-03,24,2 Much,Justin Bieber,-,24,1
2021-04-03,25,Song To The Siren,Tim Buckley,6,6,2
2021-04-10,1,Desnudarte,Brytiago X Jay Wheeler,-,1,1
2021-04-10,2,Bandido,Myke Towers & Juhn,-,2,1
2021-04-10,3,Sauce Boy Freestyle 3,Eladio Carrion,-,3,1
2021-04-10,4,Major Tom (Coming Home),Peter Schilling,-,4,2
2021-04-10,5,Yellow,Coldplay,-,1,3
2021-04-10,6,I Need You,LeAnn Rimes,-,6,1
2021-04-10,7,He's Alive,Don Francisco,-,3,3
2021-04-10,8,Montero (Call Me By Your Name),Lil Nas X,-,8,1
2021-04-10,9,Beginning Middle End,Leah Nobel,-,9,1
2021-04-10,10,Easter,Marillion,-,9,2
2021-04-10,11,Easter Parade,Judy Garland & Fred Astaire,-,11,2
2021-04-10,12,"Hey Stupid, I Love You",JP Saxe,-,12,1
2021-04-10,13,Easter,Patti Smith Group,-,4,2
2021-04-10,14,Sneaky Links,Rod Wave,-,14,1
2021-04-10,15,Lilac,Julius,17,15,2
2021-04-10,16,Dancing With The Devil,Demi Lovato,-,16,1
2021-04-10,17,IJskoud,Nielson,-,17,2
2021-04-10,18,Friday,Riton X Nightcrawlers Featuring Mufasa & Hypeman,-,18,1
2021-04-10,19,Mr. Brightside,The Killers,-,19,1
2021-04-10,20,I Am The Resurrection,The Stone Roses,-,20,1
2021-04-10,21,Resurrection Power,Chris Tomlin,-,21,1
2021-04-10,22,Livet Ar En Fest,Nationalteatern Rockorkester,-,22,1
2021-04-10,23,Beautiful Mistakes,Maroon 5 Featuring Megan Thee Stallion,-,23,1
2021-04-10,24,I Can't Stop Me,Twice,-,11,2
2021-04-10,25,Losing You,WONHO,-,25,1
2021-04-17,1,X Gon' Give It To Ya,DMX,-,1,2
2021-04-17,2,Montero (Call Me By Your Name),Lil Nas X,8,2,2
2021-04-17,3,Leave The Door Open,Silk Sonic ( Bruno Mars & Anderson .Paak ),-,3,2
2021-04-17,4,Rasputin,Boney M .,-,4,2
2021-04-17,5,Party Up (Up In Here),DMX,-,5,1
2021-04-17,6,Ruff Ryders' Anthem,DMX,-,6,1
2021-04-17,7,Another Love,Tom Odell,-,7,1
2021-04-17,8,Who Is She,My Tam,-,8,1
2021-04-17,9,The Way I Loved You (Taylor's Version),Taylor Swift,-,9,1
2021-04-17,10,Real Hero,Blaudzun,-,10,1
2021-04-17,11,Hailey,WRENN,-,7,2
2021-04-17,12,Runaway,Aurora,-,12,1
2021-04-17,13,Fearless (Taylor's Version),Taylor Swift,-,13,1
2021-04-17,14,Floating Through Space,Sia X David Guetta,-,14,1
2021-04-17,15,Friday,Riton X Nightcrawlers Featuring Mufasa & Hypeman,18,15,2
2021-04-17,16,Broken Glass,Kygo & Kim Petras,-,1,5
2021-04-17,17,Everybody Knows,Sigrid,-,17,1
2021-04-17,18,Bed,Joel Corry X RAYE X David Guetta,-,18,1
2021-04-17,19,Hallelujah,Leonard Cohen,-,1,10
2021-04-17,20,Sad People,Kid Cudi,-,20,1
2021-04-17,21,One,ASTRO,-,21,1
2021-04-17,22,Bambi,Baekhyun,-,22,1
2021-04-17,23,Als Je Alles Weet (Liefde Voor Muziek),Andre Hazes Jr.,-,23,1
2021-04-17,24,Heather,Conan Gray,-,14,2
2021-04-17,25,Love Looks Better,Alicia Keys,-,1,5
2021-04-24,1,Montero (Call Me By Your Name),Lil Nas X,2,1,3
2021-04-24,2,Beautiful Mistakes,Maroon 5 Featuring Megan Thee Stallion,-,2,2
2021-04-24,3,Rapstar,Polo G,-,3,1
2021-04-24,4,Where The Hood At,DMX,-,4,1
2021-04-24,5,No.1,DISH//,-,5,1
2021-04-24,6,Deja Vu,Olivia Rodrigo,-,6,1
2021-04-24,7,Sad People,Kid Cudi,20,7,2
2021-04-24,8,Mr. Perfectly Fine (Taylor's Version) (From The Vault),Taylor Swift,-,8,1
2021-04-24,9,Shy Away,Twenty One Pilots,-,9,1
2021-04-24,10,Maggie's Song,Chris Stapleton,-,10,1
2021-04-24,11,Film Out,BTS,-,11,1
2021-04-24,12,That's When (Taylor's Version) (From The Vault),Taylor Swift Featuring Keith Urban,-,12,1
2021-04-24,13,Oil & Water,Nataliya Nikitenko,-,13,1
2021-04-24,14,Kiss Me More,Doja Cat Featuring SZA,-,14,1
2021-04-24,15,Wagyu,"Gue Pequeno, DJ Harsh & Night Skinny",-,15,1
2021-04-24,16,Smith & Wesson Freestyle,"Gue Pequeno, DJ Harsh & Marracash",-,16,1
2021-04-24,17,Alex,"Gue Pequeno, DJ Harsh, Lazza & Salmo",-,17,1
2021-04-24,18,The Way I Loved You (Taylor's Version),Taylor Swift,9,9,2
2021-04-24,19,Salute,AB6IX,-,19,1
2021-04-24,20,Atlantis,Shinee,-,20,1
2021-04-24,21,Tequila Shots,Kid Cudi,-,21,1
2021-04-24,22,I Love You,TREASURE,-,22,1
2021-04-24,23,"So Long, Mother Earth",Chevelle,-,23,1
2021-04-24,24,DDU-DU DDU-DU,BLACKPINK,-,24,1
2021-04-24,25,We Do,SuperM,-,25,1
2021-05-01,1,To Begin Again,Ingrid Michaelson x ZAYN,-,1,1
2021-05-01,2,Runaway,Aurora,-,2,2
2021-05-01,3,WAP,Cardi B Featuring Megan Thee Stallion,-,1,17
2021-05-01,4,Ceremony,Deftones,-,4,1
2021-05-01,5,Chasing Birds,Foo Fighters,-,5,1
2021-05-01,6,Maggie's Song,Chris Stapleton,10,6,2
2021-05-01,7,The Humpty Dance,Digital Underground,-,7,1
2021-05-01,8,Up,Cardi B,-,1,5
2021-05-01,9,Friday,Riton X Nightcrawlers Featuring Mufasa & Hypeman,-,9,3
2021-05-01,10,Beneath Your Beautiful,Labrinth Featuring Emeli Sande,-,10,1
2021-05-01,11,Hope,Twista Featuring Faith Evans,-,11,1
2021-05-01,12,Liekki,Terri,-,12,1
2021-05-01,13,Lord It's a Feeling,London Grammar,-,13,1
2021-05-01,14,The Way I Loved You (Taylor's Version),Taylor Swift,18,9,3
2021-05-01,15,Patogu Ir Smagu,7th Block,-,15,1
2021-05-01,16,Testament,Boudewijn de Groot,-,16,1
2021-05-01,17,Easy Love,Sumire Uesaka,-,17,1
2021-05-01,18,Party Up (Up In Here),DMX,-,5,2
2021-05-01,19,Film Out,BTS,11,11,2
2021-05-01,20,Odd Eye,DREAMCATCHER,-,20,1
2021-05-01,21,Inside Out,NU'EST,-,21,1
2021-05-01,22,We're Good,Dua Lipa,-,12,2
2021-05-01,23,High School Me,Sasha Sloan,-,23,1
2021-05-01,24,Tukuntazo,"Cherry Scom, Tokischa & Haraka Kiko",-,24,1
2021-05-01,25,Verdronken Vlinder,Boudewijn de Groot,-,25,1
2021-05-08,1,Buena Suerte,"VADHIR, Yera & Mario Bautista",-,1,1
2021-05-08,2,All I Need,MadeinTYO Featuring J Balvin,-,2,1
2021-05-08,3,First Of May,Bee Gees,-,3,3
2021-05-08,4,Friday,Riton X Nightcrawlers Featuring Mufasa & Hypeman,9,4,4
2021-05-08,5,Rapstar,Polo G,-,3,2
2021-05-08,6,Leave The Door Open,Silk Sonic ( Bruno Mars & Anderson .Paak ),-,3,3
2021-05-08,7,WAP,Cardi B Featuring Megan Thee Stallion,3,1,18
2021-05-08,8,Fight For You,H.E.R.,-,8,1
2021-05-08,9,Runaway,Aurora,2,2,3
2021-05-08,10,Everything At Once,Lenka,-,10,1
2021-05-08,11,Easy Love,Sumire Uesaka,17,11,2
2021-05-08,12,Save Your Tears,The Weeknd,-,12,2
2021-05-08,13,In The Morning,iTZY,-,13,1
2021-05-08,14,34+35,Ariana Grande,-,11,2
2021-05-08,15,Deja Vu,Olivia Rodrigo,-,6,2
2021-05-08,16,Supernatural,Paloma Faith,-,16,2
2021-05-08,17,Inflammation,LiSA,-,17,1
2021-05-08,18,Until It Happens To You,Sasha Sloan,-,18,1
2021-05-08,19,Levitating,Dua Lipa,-,19,1
2021-05-08,20,Up,Cardi B,8,1,6
2021-05-08,21,Shake & Shake,sumika,-,21,1
2021-05-08,22,Kleine Jongen,Andre Hazes,-,22,1
2021-05-08,23,Where You Come From,"DJ Khaled Featuring Buju Banton , Capleton & Bounty Killer",-,23,1
2021-05-08,24,Anywhere Away From Here,Rag'n'Bone Man & P!nk,-,24,1
2021-05-08,25,Sorry Not Sorry,"DJ Khaled Featuring Nas , Jay-Z & James Fauntleroy",-,25,1
2021-05-15,1,Deja Vu,Olivia Rodrigo,15,1,3
2021-05-15,2,Hey Ya!,OutKast,-,2,1
2021-05-15,3,Nippon Egao Hyakkei,Momokurotei Ichimon,-,3,1
2021-05-15,4,Don't Assume What You Don't Know,Grace VanderWaal,-,4,1
2021-05-15,5,Cry Baby,Official HIGE DANdism,-,5,1
2021-05-15,6,Circle With Me,Spiritbox,-,6,1
2021-05-15,7,What's Going On,Marvin Gaye,-,7,2
2021-05-15,8,Season Of The Witch,Donovan,-,8,1
2021-05-15,9,Save Your Tears,The Weeknd,12,9,3
2021-05-15,10,Play This When I'm Gone,Machine Gun Kelly,-,10,1
2021-05-15,11,1 More Hit,Weezer,-,11,1
2021-05-15,12,Sorry Not Sorry,"DJ Khaled Featuring Nas , Jay-Z & James Fauntleroy",25,12,2
2021-05-15,13,She Needs Me,Weezer,-,13,1
2021-05-15,14,Girl Like Me,Jazmine Sullivan Featuring H.E.R.,-,14,1
2021-05-15,15,Dandy In The Underworld,T. Rex,-,15,1
2021-05-15,16,Supernatural,Paloma Faith,16,16,3
2021-05-15,17,Precious Metal Girl,Weezer,-,17,1
2021-05-15,18,Your Power,Billie Eilish,-,18,1
2021-05-15,19,Body,"Tion Wayne X Russ Millions Featuring ArrDee, E1 (3x3), ZT (3x3), Bugzy Malone, Buni, Fivio Foreign & Darkoo",-,19,1
2021-05-15,20,Blue Dream,Weezer,-,20,1
2021-05-15,21,Sheila Can Do It,Weezer,-,21,1
2021-05-15,22,All Three,Noah Cyrus,-,1,2
2021-05-15,23,"Alive and Dying (Waving, Smiling)",Angel Olsen,-,23,1
2021-05-15,24,Love Should Come With A Warning,Van Morrison,-,24,1
2021-05-15,25,When Was It Over?,Sasha Sloan Featuring Sam Hunt,-,25,1
2021-05-22,1,Montero (Call Me By Your Name),Lil Nas X,-,1,4
2021-05-22,2,Cry Baby,Official HIGE DANdism,5,2,2
2021-05-22,3,Deja Vu,Olivia Rodrigo,1,1,4
2021-05-22,4,Friday,Riton X Nightcrawlers Featuring Mufasa & Hypeman,-,4,5
2021-05-22,5,Beautiful Mistakes,Maroon 5 Featuring Megan Thee Stallion,-,2,3
2021-05-22,6,La Carcacha,Selena,-,6,1
2021-05-22,7,Never Forget You,Noisettes,-,7,1
2021-05-22,8,Bursty Greedy Spider,Konomi Suzuki,-,8,1
2021-05-22,9,Drunk-Dazed,ENHYPEN,-,9,1
2021-05-22,10,Higher Power,Coldplay,-,10,1
2021-05-22,11,Hot Sauce,NCT DREAM,-,11,1
2021-05-22,12,Voila,Barbara Pravi,-,12,1
2021-05-22,13,Up,Cardi B,-,1,7
2021-05-22,14,Save Your Tears,The Weeknd,9,9,4
2021-05-22,15,Anywhere Away From Here,Rag'n'Bone Man & P!nk,-,15,2
2021-05-22,16,Kings & Queens,Ava Max,-,16,1
2021-05-22,17,Euphoria,Loreen,-,17,1
2021-05-22,18,I Love You,Maejor & Greeicy,-,18,1
2021-05-22,19,Season Of The Witch,Donovan,8,8,2
2021-05-22,20,Vuurwerk,Camille,-,20,1
2021-05-22,21,Enamorada de Ti,Selena,-,21,1
2021-05-22,22,Final Warning,NLE Choppa,-,22,1
2021-05-22,23,Bana Bi Sarilsan,Ahmet Yalcin,-,23,1
2021-05-22,24,Three Little Birds,Bob Marley And The Wailers,-,24,1
2021-05-22,25,Canthology,Caparezza Featuring Matthew Marcantonio,-,25,1
2021-05-29,1,All I Know So Far,P!nk,-,1,1
2021-05-29,2,Leave The Door Open,Silk Sonic ( Bruno Mars & Anderson .Paak ),-,2,4
2021-05-29,3,De Noche,Noreh & Pitizion,-,3,1
2021-05-29,4,Booker T,Bad Bunny,-,4,1
2021-05-29,5,RKT,Adexe & Nau,-,5,1
2021-05-29,6,Better Days,OneRepublic,-,6,2
2021-05-29,7,One Take,Cosculluela /iZaak,-,7,1
2021-05-29,8,Se Te Hizo Tarde,"Nejo Featuring Jon Z, Ele A El Domino & Jamby El Favo",-,8,1
2021-05-29,9,Good 4 U,Olivia Rodrigo,-,9,1
2021-05-29,10,When The Ship Comes In,Bob Dylan,-,10,1
2021-05-29,11,Ein Bisschen Frieden,Nicole,-,11,1
2021-05-29,12,Kiss Me More,Doja Cat Featuring SZA,-,12,2
2021-05-29,13,Last Dance,Stefania,-,13,1
2021-05-29,14,Birth Of A New Age,Jeangu Macrooy,-,14,1
2021-05-29,15,Forever Young,[Alexandros],-,15,1
2021-05-29,16,Butter,BTS,-,16,1
2021-05-29,17,Links Rechts,Snollebollekes,-,17,1
2021-05-29,18,Euphoria,Loreen,17,17,2
2021-05-29,19,Swine,Lady Gaga,-,19,1
2021-05-29,20,Citizen Erased,Muse,-,20,1
2021-05-29,21,Birds,Anouk,-,21,1
2021-05-29,22,Russian Woman,Manizha,-,22,1
2021-05-29,23,Vivid Vice,Who-ya Extended,-,23,1
2021-05-29,24,Drivers License,Olivia Rodrigo,-,2,3
2021-05-29,25,Love Looks Better,Alicia Keys,-,1,6
2021-06-05,1,Zitti E Buoni,Maneskin,-,1,1
2021-06-05,2,All I Know So Far,P!nk,1,1,2
2021-06-05,3,Good 4 U,Olivia Rodrigo,9,3,2
2021-06-05,4,WAP,Cardi B Featuring Megan Thee Stallion,-,1,19
2021-06-05,5,Dark Side,Blind Channel,-,5,1
2021-06-05,6,Kiss Me More,Doja Cat Featuring SZA,12,6,3
2021-06-05,7,Deja Vu,Olivia Rodrigo,-,1,5
2021-06-05,8,When The Ship Comes In,Bob Dylan,10,8,2
2021-06-05,9,Moriro da Re,Maneskin,-,9,1
2021-06-05,10,Sittin On Blades,Snoop Dogg,-,10,1
2021-06-05,11,Le Parole Lontane,Maneskin,-,11,1
2021-06-05,12,Friend Of A Friend,Lake Malawi,-,12,1
2021-06-05,13,Forever Young,[Alexandros],15,13,2
2021-06-05,14,Virtual Insanity,Jamiroquai,-,14,1
2021-06-05,15,Up,Cardi B,-,1,8
2021-06-05,16,Touch It,Busta Rhymes,-,16,1
2021-06-05,17,Je Te Laisserai des Mots,Patrick Watson,-,17,1
2021-06-05,18,As The World Caves In,Matt Maltese,-,18,1
2021-06-05,19,Shum,Go_A,-,19,1
2021-06-05,20,"Don't Think Twice, It's All Right",Bob Dylan,-,20,1
2021-06-05,21,Zombie,The Cranberries,-,1,3
2021-06-05,22,"1 Step Forward, 3 Steps Back",Olivia Rodrigo,-,22,1
2021-06-05,23,Brutal,Olivia Rodrigo,-,23,1
2021-06-05,24,Shelter From The Storm,Bob Dylan,-,24,1
2021-06-05,25,Tangled Up In Blue,Bob Dylan,-,25,1
2021-06-12,1,WAP,Cardi B Featuring Megan Thee Stallion,4,1,20
2021-06-12,2,Good 4 U,Olivia Rodrigo,3,2,3
2021-06-12,3,Contigo,Nacho & Greeicy,-,3,1
2021-06-12,4,Shut Up,Miky Woodz,-,4,1
2021-06-12,5,Baila Morena,Tito El Bambino & Justin Quiles,-,5,1
2021-06-12,6,Up,Cardi B,15,1,9
2021-06-12,7,Sunflower (Spider-Man: Into The Spider-Verse),Post Malone & Swae Lee,-,1,20
2021-06-12,8,Blanco O Negro,"Gigolo & La Exce Featuring Arcangel, Omy de Oro & Chucky73",-,8,1
2021-06-12,9,Te Mudaste,Bad Bunny,-,9,1
2021-06-12,10,Parce,Maluma Featuring Lenny Tavarez & Justin Quiles,-,10,1
2021-06-12,11,KELOKE,KHEA,-,11,1
2021-06-12,12,As The World Caves In,Matt Maltese,18,12,2
2021-06-12,13,Touch It,Busta Rhymes,16,13,2
2021-06-12,14,Montreal,The Tragically Hip,-,14,1
2021-06-12,15,Do Or Die,AleXa,-,15,1
2021-06-12,16,The Way I Are,Timbaland Featuring Keri Hilson,-,16,1
2021-06-12,17,Overdrive,Conan Gray,-,17,1
2021-06-12,18,Come And Play (Masquerade),Petra Nielsen,-,18,1
2021-06-12,19,Contagion,The Devil Wears Prada,-,19,1
2021-06-12,20,Good Mother,Jann Arden,-,20,1
2021-06-12,21,Fiddler's Green,The Tragically Hip,-,8,2
2021-06-12,22,Double Trouble,Will Ferrell & My Marianne,-,22,1
2021-06-12,23,Nora,The Devil Wears Prada,-,23,1
2021-06-12,24,Nightfall,The Devil Wears Prada,-,24,1
2021-06-12,25,First,EVERGLOW,-,25,1
2021-06-19,1,As The World Caves In,Matt Maltese,12,1,3
2021-06-19,2,Good Mother,Jann Arden,20,2,2
2021-06-19,3,Vindaloo,Fat Les,-,3,1
2021-06-19,4,Leave The Door Open,Silk Sonic ( Bruno Mars & Anderson .Paak ),-,2,5
2021-06-19,5,Butter,BTS,-,5,2
2021-06-19,6,The White Cliffs of Dover,Vera Lynn,-,6,2
2021-06-19,7,Dirty Paws,Of Monsters and Men,-,7,1
2021-06-19,8,The Bigger Picture,Lil Baby,-,8,1
2021-06-19,9,Naive,The Kooks,-,9,1
2021-06-19,10,Jessie's Girl,Rick Springfield,-,10,1
2021-06-19,11,Advice,Taemin,-,11,1
2021-06-19,12,Dominoes,Syd Barrett,-,12,1
2021-06-19,13,Bed,Joel Corry X RAYE X David Guetta,-,13,2
2021-06-19,14,"Yes Sir, I Can Boogie",Baccara,-,14,1
2021-06-19,15,Black Sheep,Metric Featuring Brie Larson,-,15,1
2021-06-19,16,Honeypie,JAWNY,-,16,1
2021-06-19,17,Three Lions,"Baddiel, Skinner & The Lightning Seeds",-,6,3
2021-06-19,18,Don't Fight The Feeling,Exo,-,18,1
2021-06-19,19,How Not To Drown,Chvrches & Robert Smith,-,19,1
2021-06-19,20,Run Of The Mill (Take 36),George Harrison,-,20,1
2021-06-19,21,Traitor,Olivia Rodrigo,-,21,1
2021-06-19,22,Chosen,Blxst & Tyga Featuring Ty Dolla $ign,-,22,1
2021-06-19,23,Next Level,Aespa,-,23,1
2021-06-19,24,Lord It's a Feeling,London Grammar,-,13,2
2021-06-19,25,Bugun Senden Biraz Daha Uzaklasmak Istedim,Rei 6,-,25,1
2021-06-26,1,Up,Cardi B,-,1,10
2021-06-26,2,Leave The Door Open,Silk Sonic ( Bruno Mars & Anderson .Paak ),4,2,6
2021-06-26,3,Vindaloo,Fat Les,3,3,2
2021-06-26,4,Touch It,Busta Rhymes,-,4,3
2021-06-26,5,"Yes Sir, I Can Boogie",Baccara,14,5,2
2021-06-26,6,"Starf**kers, Inc.",Nine Inch Nails,-,6,2
2021-06-26,7,Another Brick In The Wall (Part II),Pink Floyd,-,7,1
2021-06-26,8,Daughter,Loudon Wainwright III,-,8,1
2021-06-26,9,Ameno,Era,-,9,1
2021-06-26,10,Father And Son,Cat Stevens,-,10,1
2021-06-26,11,Blue,Joni Mitchell,-,11,1
2021-06-26,12,Proost Op De Verliezers,Claudia de Breij,-,12,1
2021-06-26,13,Daddy Cool,Boney M .,-,13,1
2021-06-26,14,"Father, Son",Peter Gabriel,-,14,1
2021-06-26,15,My Father's Eyes,Eric Clapton,-,15,1
2021-06-26,16,Daddy's Hands,Holly Dunn,-,16,1
2021-06-26,17,Boom Shack-A-Lak,Apache Indian,-,17,1
2021-06-26,18,Up The Bracket,The Libertines,-,18,1
2021-06-26,19,Papa,Stef Bos,-,19,1
2021-06-26,20,Montero (Call Me By Your Name),Lil Nas X,-,1,5
2021-06-26,21,My Father's House,Bruce Springsteen,-,21,1
2021-06-26,22,What Do You Think Of?,Lauren Alaina & Lukas Graham,-,22,1
2021-06-26,23,Feeling Good,Nina Simone,-,6,2
2021-06-26,24,Kpk,Rexxie X MohBad,-,24,1
2021-06-26,25,Cry Baby,Megan Thee Stallion Featuring DaBaby,-,25,1
2021-07-03,1,Deja Vu,Olivia Rodrigo,-,1,6
2021-07-03,2,Blue,Joni Mitchell,11,2,2
2021-07-03,3,Doki Doki Morning,Babymetal,-,3,1
2021-07-03,4,Touch It,Busta Rhymes,4,4,4
2021-07-03,5,Leave The Door Open,Silk Sonic ( Bruno Mars & Anderson .Paak ),2,2,7
2021-07-03,6,WAP,Cardi B Featuring Megan Thee Stallion,-,1,21
2021-07-03,7,Up,Cardi B,1,1,11
2021-07-03,8,A Case Of You,Joni Mitchell,-,8,1
2021-07-03,9,On Me,Lil Baby,-,9,2
2021-07-03,10,Proost Op De Verliezers,Claudia de Breij,12,10,2
2021-07-03,11,Chi Mat Ba Ram,Brave Girls,-,11,1
2021-07-03,12,Beggin',Maneskin,-,12,1
2021-07-03,13,Antologia,Shakira,-,13,1
2021-07-03,14,River,Joni Mitchell,-,14,1
2021-07-03,15,Love Is A Compass,griff,-,15,1
2021-07-03,16,Solar Power,Lorde,-,16,1
2021-07-03,17,Last Train Home,John Mayer,-,17,1
2021-07-03,18,On The Ground,ROSE,-,12,2
2021-07-03,19,Pies Descalzos Suenos Blancos,Shakira,-,19,1
2021-07-03,20,Without You,The Veronicas,-,20,1
2021-07-03,21,Shade Of Yellow,griff,-,21,1
2021-07-03,22,Thot Shit,Megan Thee Stallion,-,22,1
2021-07-03,23,moonlight,dhruv,-,23,1
2021-07-03,24,I'm A Slave 4 U,Britney Spears,-,24,1
2021-07-03,25,Lucky,Britney Spears,-,25,1
2021-07-10,1,Hasta Abajo,"Kevin Roldan , Bryant Myers & Lyanno",-,1,1
2021-07-10,2,3 O'Clock Things,AJR,-,2,1
2021-07-10,3,Situation,Ruth B .,-,3,1
2021-07-10,4,Vindaloo,Fat Les,-,3,3
2021-07-10,5,ISHHHH,Seppe y Gama & JD Pantoja,-,5,1
2021-07-10,6,Vida Loca,"Black Eyed Peas, Nicky Jam & Tyga",-,6,2
2021-07-10,7,4th Of July,Soundgarden,-,7,2
2021-07-10,8,Three Lions '98,"Baddiel, Skinner & The Lightning Seeds",-,8,1
2021-07-10,9,Blackout,"Anthony Ramos , Carey Hawkins, Melissa Barrera, Leslie Grace , Olga Merediz, Gregory Diaz IV, Noah Catala, Daphne Rubin-Vega , Stephanie Beatriz & Dascha Polanco",-,9,1
2021-07-10,10,Beggin',Madcon,-,10,1
2021-07-10,11,Juegas,Carmen DeLeon X Feid,-,11,1
2021-07-10,12,La Noche de Anoche,Bad Bunny & ROSALIA,-,10,3
2021-07-10,13,Bichota,Karol G,-,13,1
2021-07-10,14,Leave The Door Open,Silk Sonic ( Bruno Mars & Anderson .Paak ),5,2,8
2021-07-10,15,Make It,2PM,-,15,1
2021-07-10,16,Du Hast,Rammstein,-,16,1
2021-07-10,17,moonlight,dhruv,23,17,2
2021-07-10,18,Sing My Pleasure,Vivy (Vo.Kairi Yagi),-,18,1
2021-07-10,19,Born In The U.S.A.,Bruce Springsteen,-,19,1
2021-07-10,20,If You Love Me (Really Love Me),Brenda Lee,-,20,1
2021-07-10,21,World In Motion,New Order,-,21,1
2021-07-10,22,Viva La Vida,Coldplay,-,3,3
2021-07-10,23,Independence Day,Bruce Springsteen,-,23,1
2021-07-10,24,Vile Wretched World,Nightmare Fuel,-,24,1
2021-07-10,25,Happier,Olivia Rodrigo,-,25,1
2021-07-17,1,I Am The Antichrist To You,Kishi Bashi,-,1,1
2021-07-17,2,Vindaloo,Fat Les,4,2,4
2021-07-17,3,Dirty Nikes,Ruth B .,-,3,1
2021-07-17,4,Three Lions '98,"Baddiel, Skinner & The Lightning Seeds",8,4,2
2021-07-17,5,Sweet Caroline (Good Times Never Seemed So Good),Neil Diamond,-,5,1
2021-07-17,6,Beggin',Madcon,10,6,2
2021-07-17,7,Good News,Mac Miller,-,7,1
2021-07-17,8,PTT (Paint The Town),LOONA,-,8,1
2021-07-17,9,Smells Like Teen Spirit,Nirvana,-,9,1
2021-07-17,10,I Will Survive,Gloria Gaynor,-,10,1
2021-07-17,11,Stoned Soul Picnic,Laura Nyro,-,11,1
2021-07-17,12,You Right,Doja Cat & The Weeknd,-,12,1
2021-07-17,13,Sing My Pleasure,Vivy (Vo.Kairi Yagi),18,13,2
2021-07-17,14,Usted No Me Olvida,Joaquin Guiller,-,14,1
2021-07-17,15,Oddtaxi,PUNPEE,-,15,1
2021-07-17,16,Wrecked,Imagine Dragons,-,16,1
2021-07-17,17,Ball If I Want To,DaBaby,-,17,1
2021-07-17,18,Cry Baby,Official HIGE DANdism,-,2,3
2021-07-17,19,Sunny,Boney M .,-,19,1
2021-07-17,20,Permission To Dance,BTS,-,20,1
2021-07-17,21,Toate Diamantele,Luis Gabriel,-,21,1
2021-07-17,22,Touch It Clean,DJ Raulito,-,22,1
2021-07-17,23,Exile,Taylor Swift Featuring Bon Iver,-,2,3
2021-07-17,24,La Mama de La Mama,El Alfa x CJ x Chael Produciendo Featuring El Cherry Scom,-,24,1
2021-07-17,25,Holiday,KSI,-,25,1
2021-07-24,1,Guaranteed,Eddie Vedder,-,1,1
2021-07-24,2,Permission To Dance,BTS,20,2,2
2021-07-24,3,Double Take,dhruv,-,3,1
2021-07-24,4,Smells Like Teen Spirit,Nirvana,9,4,2
2021-07-24,5,WAP,Cardi B Featuring Megan Thee Stallion,-,1,22
2021-07-24,6,Blinding Lights,The Weeknd,-,2,19
2021-07-24,7,Just A Friend,Biz Markie,-,7,1
2021-07-24,8,By Your Side,Calvin Harris Featuring Tom Grennan,-,8,1
2021-07-24,9,Du Tragst Keine Liebe In Dir,Echt,-,9,1
2021-07-24,10,Blue (Da Ba Dee),Eiffel 65,-,10,1
2021-07-24,11,Errol,Australian Crawl,-,11,1
2021-07-24,12,Never Be A Right Time,Tom Grennan,-,12,1
2021-07-24,13,Deja Vu,Olivia Rodrigo,-,1,7
2021-07-24,14,American Pie (Parts I & II),Don McLean,-,14,1
2021-07-24,15,Tear Drop,SF9,-,15,1
2021-07-24,16,Wasting Time,Brent Faiyaz Featuring Drake,-,16,1
2021-07-24,17,Only,Naomi Kimpenu,-,17,1
2021-07-24,18,Astronomy,Conan Gray,-,18,1
2021-07-24,19,Jugaste y Sufri,Eslabon Armado Featuring DannyLux,-,19,1
2021-07-24,20,Hot Sauce,NCT DREAM,-,11,2
2021-07-24,21,moonlight,dhruv,-,17,3
2021-07-24,22,Next Level,Aespa,-,22,2
2021-07-24,23,I'm Sorry Boris,Wilbur,-,23,1
2021-07-24,24,Maniac,Conan Gray,-,24,1
2021-07-24,25,To Begin Again,Ingrid Michaelson x ZAYN,-,1,2
2021-07-31,1,Lastima,Neutro Shorty,-,1,1
2021-07-31,2,Scars In Heaven,Casting Crowns,-,2,1
2021-07-31,3,Thunder Road,Bruce Springsteen,-,3,1
2021-07-31,4,Happier,Olivia Rodrigo,-,4,2
2021-07-31,5,Brand New Draco,21 Savage & Metro Boomin,-,5,1
2021-07-31,6,Leave The Door Open,Silk Sonic ( Bruno Mars & Anderson .Paak ),-,2,9
2021-07-31,7,Double Take,dhruv,3,3,2
2021-07-31,8,Medellin,Reykon + Kevin Roldan + Ryan Castro,-,8,1
2021-07-31,9,No Se da Cuenta,Ozuna & Daddy Yankee,-,9,2
2021-07-31,10,Las 12,Mackie + Kevin Roldan,-,10,1
2021-07-31,11,Chica Ideal,Sebastian Yatra & Guaynaa,-,11,1
2021-07-31,12,Enemigos Ocultos,Ozuna x Arcangel x Cosculluela x Wisin x Myke Towers x Juanka,-,3,2
2021-07-31,13,Se Te Nota,Lele Pons X Guaynaa,-,13,1
2021-07-31,14,Dale Banda,Lunay,-,14,1
2021-07-31,15,Cocaine,Eric Clapton,-,15,1
2021-07-31,16,The Unforgiven,Metallica,-,16,1
2021-07-31,17,WAP,Cardi B Featuring Megan Thee Stallion,5,1,23
2021-07-31,18,What Was It You Wanted,Bob Dylan,-,18,1
2021-07-31,19,I Was On A Boat That Day,Old Dominion,-,19,1
2021-07-31,20,The Writing On The Wall,Iron Maiden,-,20,1
2021-07-31,21,Husavik,Will Ferrell & My Marianne,-,21,1
2021-07-31,22,Amoeba,Clairo,-,22,1
2021-07-31,23,uMsholozi,De Mthuda,-,23,1
2021-07-31,24,Merry-Go-Round,Man With a Mission,-,24,1
2021-07-31,25,Wherever I May Roam,Metallica,-,25,1
2021-08-07,1,Imaginate,"Sech & Dalex Featuring Justin Quiles , Lenny Tavarez, Feid & Cazzu",-,1,1
2021-08-07,2,Lemon Tree,Fool's Garden,-,2,1
2021-08-07,3,Rough Boy,ZZ Top,-,3,1
2021-08-07,4,I Am Yours,Needtobreathe,-,4,1
2021-08-07,5,Every Chance I Get,DJ Khaled Featuring Lil Baby & Lil Durk,-,5,1
2021-08-07,6,Otherside,Beyonce,-,6,3
2021-08-07,7,Happier Than Ever,Billie Eilish,-,7,1
2021-08-07,8,'Til We Die,Slipknot,-,8,1
2021-08-07,9,Snuff,Slipknot,-,9,1
2021-08-07,10,No. 1 Party Anthem,Arctic Monkeys,-,10,1
2021-08-07,11,Yummy,Justin Bieber,-,1,26
2021-08-07,12,Tush,ZZ Top,-,12,1
2021-08-07,13,Banzai Suki De Yokatta,Ulfuls,-,13,1
2021-08-07,14,Rose,D.O.,-,14,1
2021-08-07,15,August,Taylor Swift,-,4,2
2021-08-07,16,Amoeba,Clairo,22,16,2
2021-08-07,17,Male Fantasy,Billie Eilish,-,17,1
2021-08-07,18,Grace Kelly,Mika,-,18,1
2021-08-07,19,Nakka,AKMU With IU,-,19,1
2021-08-07,20,Moments in Between,Ruth B .,-,20,1
2021-08-07,21,July,Noah Cyrus & Leon Bridges,-,21,1
2021-08-07,22,After Hours,The Weeknd,-,22,2
2021-08-07,23,Everybody Dies,Billie Eilish,-,23,1
2021-08-07,24,Psychosocial,Slipknot,-,24,1
2021-08-07,25,La Grange,ZZ Top,-,25,1
2021-08-14,1,Los Dioses,Anuel AA & Ozuna,-,1,1
2021-08-14,2,Otherside,Beyonce,6,2,4
2021-08-14,3,Help Is On The Way (Maybe Midnight),tobyMac,-,3,1
2021-08-14,4,People Who Died,The Jim Carroll Band,-,4,1
2021-08-14,5,Snapchat,Xhulooo & SportVVS,-,5,1
2021-08-14,6,August,Taylor Swift,15,4,3
2021-08-14,7,Love Me Like That,Sam Kim,-,7,1
2021-08-14,8,Male Fantasy,Billie Eilish,17,8,2
2021-08-14,9,Getting Older,Billie Eilish,-,9,1
2021-08-14,10,Blinding Lights,The Weeknd,-,2,20
2021-08-14,11,Cry Baby,Official HIGE DANdism,-,2,4
2021-08-14,12,Happier Than Ever,Billie Eilish,7,7,2
2021-08-14,13,Glad You Exist,Dan + Shay,-,13,1
2021-08-14,14,Dumb Dumb,Somi,-,14,1
2021-08-14,15,Hey,Pixies,-,15,1
2021-08-14,16,Industry Baby,Lil Nas X & Jack Harlow,-,16,1
2021-08-14,17,Everybody Dies,Billie Eilish,23,17,2
2021-08-14,18,OverHeated,Billie Eilish,-,18,1
2021-08-14,19,Coupe,Pop Smoke,-,19,1
2021-08-14,20,Feelings,Lauv,-,20,1
2021-08-14,21,State Of Grace,Taylor Swift,-,21,1
2021-08-14,22,Billie Bossa Nova,Billie Eilish,-,22,1
2021-08-14,23,Mood 4 Eva,"Beyonce, Jay-Z & Childish Gambino Featuring Oumou Sangare",-,20,2
2021-08-14,24,I Like You,Cho Jung Seok,-,24,1
2021-08-14,25,I Didn't Change My Number,Billie Eilish,-,25,1
2021-08-21,1,Los Dioses,Anuel AA & Ozuna,1,1,2
2021-08-21,2,Las Leyendas Nunca Mueren,"Ovi, Myke Towers , Aleman & Nengo Flow",-,2,1
2021-08-21,3,Increible,Andy Rivera,-,3,1
2021-08-21,4,WAP,Cardi B Featuring Megan Thee Stallion,-,1,24
2021-08-21,5,Up,Cardi B,-,1,12
2021-08-21,6,Good 4 U,Olivia Rodrigo,-,2,4
2021-08-21,7,Hey,Pixies,15,7,2
2021-08-21,8,People Who Died,The Jim Carroll Band,4,4,2
2021-08-21,9,Sacrifice,Elton John,-,9,2
2021-08-21,10,Ave Maria,Beyonce,-,10,1
2021-08-21,11,Friday,Riton X Nightcrawlers Featuring Mufasa & Hypeman,-,4,6
2021-08-21,12,Leave The Door Open,Silk Sonic ( Bruno Mars & Anderson .Paak ),-,2,10
2021-08-21,13,Si Veo A Tu Mama,Bad Bunny,-,13,1
2021-08-21,14,Par de Miradas,Juanfran X vf7,-,14,1
2021-08-21,15,505,Arctic Monkeys,-,13,2
2021-08-21,16,Vuurwerk,Camille,-,16,2
2021-08-21,17,Industry Baby,Lil Nas X & Jack Harlow,16,16,2
2021-08-21,18,Sweet Caroline (Good Times Never Seemed So Good),Neil Diamond,-,5,2
2021-08-21,19,Montero (Call Me By Your Name),Lil Nas X,-,1,6
2021-08-21,20,Brown Skin Girl,"Beyonce, Saint Jhn & Wizkid Featuring Blue Ivy Carter",-,20,3
2021-08-21,21,The Getting By,The Killers,-,21,1
2021-08-21,22,Zombie,The Cranberries,-,1,4
2021-08-21,23,Turing Love,Nanawoakari Featuring Sou,-,23,1
2021-08-21,24,Whistle For The Choir,The Fratellis,-,24,1
2021-08-21,25,Deja Vu,Olivia Rodrigo,-,1,8
2021-08-28,1,Sacrifice,Elton John,9,1,3
2021-08-28,2,Good 4 U,Olivia Rodrigo,6,2,5
2021-08-28,3,Don't Dream It's Over,Crowded House,-,2,3
2021-08-28,4,Visiting Hours,Ed Sheeran,-,4,1
2021-08-28,5,Queendom,Red Velvet,-,5,1
2021-08-28,6,Brown Skin Girl,"Beyonce, Saint Jhn & Wizkid Featuring Blue Ivy Carter",20,6,4
2021-08-28,7,Wild Blue,John Mayer,-,7,1
2021-08-28,8,Vuurwerk,Camille,16,8,3
2021-08-28,9,Deja Vu,Olivia Rodrigo,25,1,9
2021-08-28,10,Double Take,dhruv,-,3,3
2021-08-28,11,She's A Rainbow,The Rolling Stones,-,11,1
2021-08-28,12,Coraline,Maneskin,-,12,1
2021-08-28,13,Peces de Ciudad,Ana Belen,-,13,1
2021-08-28,14,Formation,Beyonce,-,5,5
2021-08-28,15,0 (Zero),LMYK,-,15,1
2021-08-28,16,Torch,Black Veil Brides,-,16,1
2021-08-28,17,Desperate Things,The Killers,-,17,1
2021-08-28,18,It's Raining Men,The Weather Girls,-,18,1
2021-08-28,19,Siempre Clave,T3r Elemento X Clave 702,-,19,1
2021-08-28,20,Black Catcher,Vicke Blanka,-,7,2
2021-08-28,21,Time Today,Moneybagg Yo,-,21,1
2021-08-28,22,Rocket Man,Elton John,-,1,5
2021-08-28,23,Beautiful Mistakes,Maroon 5 Featuring Megan Thee Stallion,-,2,4
2021-08-28,24,Friday,Riton X Nightcrawlers Featuring Mufasa & Hypeman,11,4,7
2021-08-28,25,Strange,Celeste,-,25,1
2021-09-04,1,Cry Baby,Official HIGE DANdism,-,1,5
2021-09-04,2,Heat Waves,Glass Animals,-,2,1
2021-09-04,3,Baby,Justin Bieber Featuring Ludacris,-,3,1
2021-09-04,4,Good 4 U,Olivia Rodrigo,2,2,6
2021-09-04,5,Like I Can,Sam Smith,-,5,1
2021-09-04,6,Food For Thought,UB40,-,6,1
2021-09-04,7,Start Me Up,The Rolling Stones,-,7,1
2021-09-04,8,Sympathy For The Devil,The Rolling Stones,-,8,1
2021-09-04,9,Ocean Prime,Westside Gunn Featuring Slick Rick & Busta Rhymes,-,9,1
2021-09-04,10,La Nave del Olvido,Jose Jose,-,10,1
2021-09-04,11,Gimme Shelter,The Rolling Stones,-,11,1
2021-09-04,12,Honky Tonk Women,The Rolling Stones,-,12,1
2021-09-04,13,August,Taylor Swift,-,4,4
2021-09-04,14,Wild Horses,The Rolling Stones,-,14,1
2021-09-04,15,Porch,Pearl Jam,-,15,1
2021-09-04,16,Brown Sugar,The Rolling Stones,-,16,1
2021-09-04,17,Release,Pearl Jam,-,17,1
2021-09-04,18,Jumpin' Jack Flash,The Rolling Stones,-,18,1
2021-09-04,19,Ruby Tuesday,The Rolling Stones,-,19,1
2021-09-04,20,Yummy,Justin Bieber,-,1,27
2021-09-04,21,All I Have To Do Is Dream,The Everly Brothers,-,21,1
2021-09-04,22,Paint It Black,The Rolling Stones,-,22,1
2021-09-04,23,Smells Like Teen Spirit,Nirvana,-,4,3
2021-09-04,24,Get Off Of My Cloud,The Rolling Stones,-,24,1
2021-09-04,25,You Can't Always Get What You Want,The Rolling Stones,-,25,1
2021-09-11,1,Heat Waves,Glass Animals,2,1,2
2021-09-11,2,August,Taylor Swift,13,2,5
2021-09-11,3,Jail,Kanye West,-,3,1
2021-09-11,4,Cry Baby,Official HIGE DANdism,1,1,6
2021-09-11,5,Harlem Shuffle,The Rolling Stones,-,5,1
2021-09-11,6,Baby,Justin Bieber Featuring Ludacris,3,3,2
2021-09-11,7,Two For The Price Of One,ABBA,-,7,1
2021-09-11,8,Hurricane,Kanye West,-,8,1
2021-09-11,9,I Guess I'm In Love,Clinton Kane,-,9,1
2021-09-11,10,Blinding Lights,The Weeknd,-,2,21
2021-09-11,11,Jesus Lord,Kanye West,-,11,1
2021-09-11,12,Vuurwerk,Camille,-,8,4
2021-09-11,13,Spicy,CL,-,13,1
2021-09-11,14,E Sara'a A Settembre,Andrea Bocelli & Robin Smith,-,14,1
2021-09-11,15,Donda,Kanye West,-,15,1
2021-09-11,16,Montero (Call Me By Your Name),Lil Nas X,-,1,7
2021-09-11,17,September Morn',Neil Diamond,-,17,2
2021-09-11,18,Come To Life,Kanye West,-,18,1
2021-09-11,19,Thunderous,Stray Kids,-,19,1
2021-09-11,20,Dancing Queen,ABBA,-,20,1
2021-09-11,21,Off The Grid,Kanye West,-,21,1
2021-09-11,22,Come September,Natalie Imbruglia,-,22,1
2021-09-11,23,No Child Left Behind,Kanye West,-,23,1
2021-09-11,24,Save Your Tears,The Weeknd,-,9,5
2021-09-11,25,Woman,Doja Cat,-,25,1
2021-09-18,1,Jail,Kanye West,3,1,2
2021-09-18,2,White Rabbit,Jefferson Airplane,-,2,1
2021-09-18,3,Yebba's Heartbreak,Drake & Yebba,-,3,1
2021-09-18,4,Levitating,Dua Lipa,-,4,2
2021-09-18,5,Out Of Touch,Tia Jade & CG5,-,5,1
2021-09-18,6,Somewhere Only We Know,Keane,-,6,1
2021-09-18,7,Dick,StarBoi3 + Doja Cat,-,7,1
2021-09-18,8,WAP,Cardi B Featuring Megan Thee Stallion,-,1,25
2021-09-18,9,Love Me Like That,Sam Kim,-,7,2
2021-09-18,10,Knife Talk,Drake Featuring 21 Savage & Project Pat,-,10,1
2021-09-18,11,Wake Me Up!,Avicii,-,1,3
2021-09-18,12,Love Nwantiti (Ah Ah Ah),CKay,-,12,1
2021-09-18,13,Bad Habits,Ed Sheeran,-,13,1
2021-09-18,14,"Yes Sir, I Can Boogie",Baccara,-,5,3
2021-09-18,15,I Still Have Faith In You,ABBA,-,15,1
2021-09-18,16,Avond,Boudewijn de Groot,-,16,1
2021-09-18,17,Touch It,Busta Rhymes,-,4,5
2021-09-18,18,Don't Shut Me Down,ABBA,-,18,1
2021-09-18,19,Jumpin' Jack Flash,The Rolling Stones,-,18,2
2021-09-18,20,Sacrifice,Elton John,-,1,4
2021-09-18,21,The Parchment,Iron Maiden,-,21,1
2021-09-18,22,Seeing Green,"Nicki Minaj , Drake & Lil Wayne",-,22,1
2021-09-18,23,Girls Want Girls,Drake Featuring Lil Baby,-,23,1
2021-09-18,24,Friday,Riton X Nightcrawlers Featuring Mufasa & Hypeman,-,4,8
2021-09-18,25,Balaclava,Tony Effe & Capo Plaza,-,25,1
2021-09-25,1,Grace Kelly,Mika,-,1,2
2021-09-25,2,Discipulo,Lenny Tavarez & Dalex,-,2,1
2021-09-25,3,Hurricane,Kanye West,-,3,2
2021-09-25,4,Fiddler's Green,The Tragically Hip,-,4,3
2021-09-25,5,Nothing Else Matters,Metallica,-,5,1
2021-09-25,6,Love Nwantiti (Ah Ah Ah),CKay,12,6,2
2021-09-25,7,Driver 8,R.E.M.,-,7,1
2021-09-25,8,Burberry,Myke Towers X Nengo Flow,-,8,1
2021-09-25,9,Talk & Talk,fromis_9,-,9,1
2021-09-25,10,Safe With Me,Sam Smith,-,10,1
2021-09-25,11,Like I Can,Sam Smith,-,5,2
2021-09-25,12,Memory,Kane Brown X Blackbear,-,12,1
2021-09-25,13,Montero (Call Me By Your Name),Lil Nas X,-,1,8
2021-09-25,14,Lalisa,LISA,-,14,1
2021-09-25,15,"Yes Sir, I Can Boogie",Baccara,14,5,4
2021-09-25,16,Shivers,Ed Sheeran,-,16,1
2021-09-25,17,Bad Habits,Ed Sheeran,13,13,2
2021-09-25,18,Industry Baby,Lil Nas X & Jack Harlow,-,16,3
2021-09-25,19,Girls Want Girls,Drake Featuring Lil Baby,23,19,2
2021-09-25,20,Hell On Earth,Iron Maiden,-,20,1
2021-09-25,21,Me Enamora,Lenny Tavarez & Zion & Lennox,-,21,1
2021-09-25,22,Levitating,Dua Lipa,4,4,3
2021-09-25,23,Blue,WONHO,-,23,1
2021-09-25,24,Way 2 Sexy,Drake Featuring Future & Young Thug,-,24,1
2021-09-25,25,Bugun Senden Biraz Daha Uzaklasmak Istedim,Rei 6,-,25,2
2021-10-02,1,Envidioso,Ozuna X Ovi,-,1,1
2021-10-02,2,Hurricane,Kanye West,3,2,3
2021-10-02,3,WAP,Cardi B Featuring Megan Thee Stallion,-,1,26
2021-10-02,4,Love Nwantiti (Ah Ah Ah),CKay,6,4,3
2021-10-02,5,September,"Earth, Wind & Fire",-,5,5
2021-10-02,6,Bli Till Nagon Annan,Sebastian Lara,-,6,1
2021-10-02,7,Montero (Call Me By Your Name),Lil Nas X,13,1,9
2021-10-02,8,AM,Nio Garcia X J Balvin X Bad Bunny,-,8,1
2021-10-02,9,Leave The Door Open,Silk Sonic ( Bruno Mars & Anderson .Paak ),-,2,11
2021-10-02,10,Way 2 Sexy,Drake Featuring Future & Young Thug,24,10,2
2021-10-02,11,Cry Baby,Official HIGE DANdism,-,1,7
2021-10-02,12,Deja Vu,ATEEZ,-,12,1
2021-10-02,13,If You Say The Word,Radiohead,-,13,1
2021-10-02,14,Smells Like Teen Spirit,Nirvana,-,4,4
2021-10-02,15,Grace Kelly,Mika,1,1,3
2021-10-02,16,Cold Heart (PNAU Remix),Elton John & Dua Lipa,-,16,1
2021-10-02,17,Just A Fan,Tia Jade,-,17,1
2021-10-02,18,Lalisa,LISA,14,14,2
2021-10-02,19,Anyone,Justin Bieber,-,19,2
2021-10-02,20,mumumumuch,Mamamoo,-,20,1
2021-10-02,21,Have Mercy,Chloe,-,21,1
2021-10-02,22,Beautiful James,Placebo,-,22,1
2021-10-02,23,Geef Je Hart Niet Zomaar Weg,Racoon,-,23,1
2021-10-02,24,I Know What I Like (In Your Wardrobe),Genesis,-,24,1
2021-10-02,25,The Ballad Of El Goodo,Big Star,-,25,1
2021-10-09,1,Industry Baby,Lil Nas X & Jack Harlow,-,1,4
2021-10-09,2,Holly Holy,Neil Diamond,-,2,2
2021-10-09,3,Up,Cardi B,-,1,13
2021-10-09,4,Wake Me Up When September Ends,Green Day,-,4,3
2021-10-09,5,Leave The Door Open,Silk Sonic ( Bruno Mars & Anderson .Paak ),9,2,12
2021-10-09,6,Bli Till Nagon Annan,Sebastian Lara,6,6,2
2021-10-09,7,Loco,iTZY,-,7,1
2021-10-09,8,Geef Je Hart Niet Zomaar Weg,Racoon,23,8,2
2021-10-09,9,Romantic Sunday,"Car, The Garden",-,9,1
2021-10-09,10,October,U2,-,10,2
2021-10-09,11,Happier Than Ever,Billie Eilish,-,7,3
2021-10-09,12,I Guess I'm In Love,Clinton Kane,-,9,2
2021-10-09,13,Bad Habits,Ed Sheeran,-,13,3
2021-10-09,14,Jest Oldu,Anneke Van Giersbergen,-,14,1
2021-10-09,15,Deja Vu,Olivia Rodrigo,-,1,10
2021-10-09,16,Vuurwerk,Camille,-,8,5
2021-10-09,17,Love Is Not A Simple Thing To Lose,Wrabel,-,17,1
2021-10-09,18,Grace Kelly,Mika,15,1,4
2021-10-09,19,Wild Horses,The Rolling Stones,-,14,2
2021-10-09,20,Kiss Me More,Doja Cat Featuring SZA,-,6,4
2021-10-09,21,Invisible Monster,Dream Theater,-,21,1
2021-10-09,22,Nel Blu Dipinto Di Blu (Volare),Domenico Modugno,-,22,1
2021-10-09,23,Close Eyes,DVRST,-,23,1
2021-10-09,24,Home,Ben Bohmer Featuring Jonah,-,24,1
2021-10-09,25,Heaven And Hell,Kanye West,-,25,1
2021-10-16,1,Sip [Alcohol],Joeboy,-,1,1
2021-10-16,2,High,Adekunle Gold X Davido,-,2,1
2021-10-16,3,Love Nwantiti (Ah Ah Ah),CKay,-,3,4
2021-10-16,4,Understand,Omah Lay,-,4,1
2021-10-16,5,Focus,Joeboy,-,5,1
2021-10-16,6,Feel Good,MohBad,-,6,1
2021-10-16,7,Life Support,YoungBoy Never Broke Again,-,7,1
2021-10-16,8,Feeling,LadiPoe & Buju,-,8,1
2021-10-16,9,I Can't Take It Back,YoungBoy Never Broke Again,-,9,1
2021-10-16,10,Way 2 Sexy,Drake Featuring Future & Young Thug,-,10,3
2021-10-16,11,Champion,Fireboy DML & D Smoke,-,11,1
2021-10-16,12,Every Chance I Get,DJ Khaled Featuring Lil Baby & Lil Durk,-,5,2
2021-10-16,13,Industry Baby,Lil Nas X & Jack Harlow,1,1,5
2021-10-16,14,Mood,Omy de Oro,-,14,1
2021-10-16,15,Up,Cardi B,3,1,14
2021-10-16,16,Leave The Door Open,Silk Sonic ( Bruno Mars & Anderson .Paak ),5,2,13
2021-10-16,17,Drivers License,Olivia Rodrigo,-,2,4
2021-10-16,18,Somebody's Son,Tiwa Savage Featuring Brandy,-,18,1
2021-10-16,19,Who's True,"Tion Wayne , JAE5 & Davido",-,19,1
2021-10-16,20,Late At Night,Roddy Ricch,-,20,1
2021-10-16,21,Count Me Out,Joeboy,-,21,1
2021-10-16,22,Incompleto,Onell Diaz Presenta : Farruko,-,22,1
2021-10-16,23,Good 4 U,Olivia Rodrigo,-,2,7
2021-10-16,24,Too Correct,Crayon & Rema,-,24,1
2021-10-16,25,Praise God,Kanye West,-,25,1
2021-10-23,1,Industry Baby,Lil Nas X & Jack Harlow,13,1,6
2021-10-23,2,Brown Sugar,The Rolling Stones,-,2,2
2021-10-23,3,Eshays,Sydney Yungins,-,3,1
2021-10-23,4,Sacrifice,Elton John,-,1,5
2021-10-23,5,XXXX,Feid,-,5,1
2021-10-23,6,WAP,Cardi B Featuring Megan Thee Stallion,-,1,27
2021-10-23,7,Rocket Man,Elton John,-,1,6
2021-10-23,8,Love In The Dark,Adele,-,5,3
2021-10-23,9,Up,Cardi B,15,1,15
2021-10-23,10,505,Arctic Monkeys,-,10,3
2021-10-23,11,Incompleto,Onell Diaz Presenta : Farruko,22,11,2
2021-10-23,12,Edge Of Seventeen (Just Like The White Winged Dove),Stevie Nicks,-,12,1
2021-10-23,13,Set Fire To The Rain,Adele,-,13,1
2021-10-23,14,Never Gonna Give You Up,Rick Astley,-,14,1
2021-10-23,15,Chasing Pavements,Adele,-,15,1
2021-10-23,16,Let It Be,The Beatles,-,12,2
2021-10-23,17,When We Were Young,Adele,-,12,3
2021-10-23,18,Another Love,Tom Odell,-,7,2
2021-10-23,19,Heat Waves,Glass Animals,-,1,3
2021-10-23,20,A-O-K,Tai Verdes,-,20,1
2021-10-23,21,Whistle,Riko Rose,-,21,1
2021-10-23,22,In The Heights,"Anthony Ramos , Lin-Manuel Miranda , Olga Merediz, Jimmy Smits, Daphne Rubin-Vega , Stephanie Beatriz, Dascha Polanco, Corey Hawkins, Gregory Diaz IV & Melissa Barrera",-,22,1
2021-10-23,23,Someone Like You,Adele,-,23,1
2021-10-23,24,Beggin',Madcon,-,6,3
2021-10-23,25,Easy On Me,Adele,-,25,1
2021-10-30,1,Industry Baby,Lil Nas X & Jack Harlow,1,1,7
2021-10-30,2,WAP,Cardi B Featuring Megan Thee Stallion,6,1,28
2021-10-30,3,Easy On Me,Adele,25,3,2
2021-10-30,4,Grace Kelly,Mika,-,1,5
2021-10-30,5,Eshays,Sydney Yungins,3,3,2
2021-10-30,6,Set Fire To The Rain,Adele,13,6,2
2021-10-30,7,Never Gonna Give You Up,Rick Astley,14,7,2
2021-10-30,8,Up,Cardi B,9,1,16
2021-10-30,9,Dreams,Fleetwood Mac,-,4,6
2021-10-30,10,Yellow,Coldplay,-,1,4
2021-10-30,11,Poussiere,Laura Cahen,-,11,1
2021-10-30,12,Chasing Pavements,Adele,15,12,2
2021-10-30,13,Montero (Call Me By Your Name),Lil Nas X,-,1,10
2021-10-30,14,Loco,iTZY,-,7,2
2021-10-30,15,Another Love,Tom Odell,18,7,3
2021-10-30,16,Three Little Birds,Bob Marley And The Wailers,-,16,2
2021-10-30,17,Happier Than Ever,Billie Eilish,-,7,4
2021-10-30,18,Friday,Riton X Nightcrawlers Featuring Mufasa & Hypeman,-,4,9
2021-10-30,19,When We Were Young,Adele,17,12,4
2021-10-30,20,Viva La Vida,Coldplay,-,3,4
2021-10-30,21,Someone Like You,Adele,23,21,2
2021-10-30,22,Rolling In The Deep,Adele,-,22,1
2021-10-30,23,Drivers License,Olivia Rodrigo,-,2,5
2021-10-30,24,Bad Habits,Ed Sheeran,-,13,4
2021-10-30,25,Ya Budu Ebat',Moreart Featuring IHI,-,25,1
2021-11-06,1,Easy On Me,Adele,3,1,3
2021-11-06,2,Starman,David Bowie,-,2,4
2021-11-06,3,I Got You Babe,Sonny & Cher,-,3,1
2021-11-06,4,Je Suis Malade,Lara Fabian,-,4,1
2021-11-06,5,No Children,The Mountain Goats,-,5,1
2021-11-06,6,This Is Halloween,The Citizens of Halloween,-,6,1
2021-11-06,7,Ra Pam Pam,GOLDEN CHILD,-,7,1
2021-11-06,8,Ya Budu Ebat',Moreart Featuring IHI,25,8,2
2021-11-06,9,Sacrifice,Elton John,-,1,6
2021-11-06,10,Hallelujah,Leonard Cohen,-,1,11
2021-11-06,11,Happier Than Ever,Billie Eilish,17,7,5
2021-11-06,12,Ghostbusters,Ray Parker Jr.,-,4,3
2021-11-06,13,Valerie,Mark Ronson Featuring Amy Winehouse,-,13,1
2021-11-06,14,WAP,Cardi B Featuring Megan Thee Stallion,2,1,29
2021-11-06,15,Rocket Man,Elton John,-,1,7
2021-11-06,16,What's Up?,4 Non Blondes,-,16,1
2021-11-06,17,November Rain,Guns N' Roses,-,6,4
2021-11-06,18,Bad Habits,Ed Sheeran,24,13,5
2021-11-06,19,Love In Slow Motion,Ed Sheeran,-,19,1
2021-11-06,20,A-O-K,Tai Verdes,-,20,2
2021-11-06,21,Pepas,Farruko,-,21,1
2021-11-06,22,Drivers License,Olivia Rodrigo,23,2,6
2021-11-06,23,I Don't Live Here Anymore,The War on Drugs,-,23,1
2021-11-06,24,Lalisa,LISA,-,14,3
2021-11-06,25,Another Love,Tom Odell,15,7,4
2021-11-13,1,Easy On Me,Adele,1,1,4
2021-11-13,2,Sip [Alcohol],Joeboy,-,1,2
2021-11-13,3,WAP,Cardi B Featuring Megan Thee Stallion,14,1,30
2021-11-13,4,Follow Me Around,Radiohead,-,4,1
2021-11-13,5,Dancing Queen,ABBA,-,5,2
2021-11-13,6,XXXX,Feid,-,5,2
2021-11-13,7,To Begin Again,Ingrid Michaelson x ZAYN,-,1,3
2021-11-13,8,Rocket Man,Elton John,15,1,8
2021-11-13,9,Bad Habits,Ed Sheeran,18,9,6
2021-11-13,10,Happier Than Ever,Billie Eilish,11,7,6
2021-11-13,11,Feliz Navidad,Jose Feliciano,-,11,1
2021-11-13,12,Heat Waves,Glass Animals,-,1,4
2021-11-13,13,Kiss Me More,Doja Cat Featuring SZA,-,6,5
2021-11-13,14,Another Love,Tom Odell,25,7,5
2021-11-13,15,Cold Heart (PNAU Remix),Elton John & Dua Lipa,-,15,2
2021-11-13,16,Vuurwerk,Camille,-,8,6
2021-11-13,17,November Has Come,Gorillaz,-,17,1
2021-11-13,18,Shivers,Ed Sheeran,-,16,2
2021-11-13,19,Parijs,Kenny B.,-,19,1
2021-11-13,20,Hallelujah,Leonard Cohen,10,1,12
2021-11-13,21,Idioteque,Radiohead,-,21,1
2021-11-13,22,Heartbreak Anniversary,Giveon,-,13,2
2021-11-13,23,Big In Japan,Alphaville,-,23,1
2021-11-13,24,Position,DIRO & samo,-,24,1
2021-11-13,25,Very Rare,Truedy Featuring Avec Plaisir,-,25,1
2021-11-20,1,All Too Well (Taylor's Version),Taylor Swift,-,1,1
2021-11-20,2,Easy On Me,Adele,1,1,5
2021-11-20,3,Very Rare,Truedy Featuring Avec Plaisir,25,3,2
2021-11-20,4,De Aankomst + Liedje Zie Ginds Komt de Stoomboot,Sinterklaasliedjes van JINGO,-,4,1
2021-11-20,5,Already Won,Rod Wave Featuring Lil Durk,-,5,1
2021-11-20,6,Rolling In The Deep,Adele,-,6,2
2021-11-20,7,Chapstick,COIN,-,7,1
2021-11-20,8,Ronan (Taylor's Version),Taylor Swift,-,8,1
2021-11-20,9,Sip [Alcohol],Joeboy,2,1,3
2021-11-20,10,When We Were Young,Adele,-,10,5
2021-11-20,11,Set Fire To The Rain,Adele,-,6,3
2021-11-20,12,Come Back...Be Here (Taylor's Version),Taylor Swift,-,12,1
2021-11-20,13,Grace Kelly,Mika,-,1,6
2021-11-20,14,Someone Like You,Adele,-,14,3
2021-11-20,15,Beggin',Madcon,-,6,4
2021-11-20,16,Way 2 Sexy,Drake Featuring Future & Young Thug,-,10,4
2021-11-20,17,Treacherous (Taylor's Version),Taylor Swift,-,17,1
2021-11-20,18,Skyfall,Adele,-,18,1
2021-11-20,19,"Dear God,",FL Dusa Featuring Kevin Gates,-,19,1
2021-11-20,20,My Universe,Coldplay x BTS,-,20,1
2021-11-20,21,Stay,The Kid Laroi & Justin Bieber,-,21,1
2021-11-20,22,Red (Taylor's Version),Taylor Swift,-,22,1
2021-11-20,23,"1 Step Forward, 3 Steps Back",Olivia Rodrigo,-,22,2
2021-11-20,24,Leave The Door Open,Silk Sonic ( Bruno Mars & Anderson .Paak ),-,2,14
2021-11-20,25,Traitor,Olivia Rodrigo,-,21,2
2021-11-27,1,Easy On Me,Adele,2,1,6
2021-11-27,2,Two Birds,Regina Spektor,-,2,1
2021-11-27,3,All Too Well (Taylor's Version),Taylor Swift,1,1,2
2021-11-27,4,Red (Taylor's Version),Taylor Swift,22,4,2
2021-11-27,5,Rolling In The Deep,Adele,6,5,3
2021-11-27,6,Industry Baby,Lil Nas X & Jack Harlow,-,1,8
2021-11-27,7,Set Fire To The Rain,Adele,11,6,4
2021-11-27,8,When We Were Young,Adele,10,8,6
2021-11-27,9,Get Back,The Beatles,-,9,1
2021-11-27,10,Skyfall,Adele,18,10,2
2021-11-27,11,Happier Than Ever,Billie Eilish,-,7,7
2021-11-27,12,I'm Not Pretty,Jessia,-,12,1
2021-11-27,13,Heat Waves,Glass Animals,-,1,5
2021-11-27,14,Make You Feel My Love,Adele,-,14,1
2021-11-27,15,Someone Like You,Adele,14,14,4
2021-11-27,16,Live Your Life,Nick Cordero,-,16,1
2021-11-27,17,Hold On,Adele,-,17,1
2021-11-27,18,Leave The Door Open,Silk Sonic ( Bruno Mars & Anderson .Paak ),24,2,15
2021-11-27,19,Preach,Young Dolph,-,19,1
2021-11-27,20,(I Can't Get No) Satisfaction,The Rolling Stones,-,20,1
2021-11-27,21,Grace Kelly,Mika,13,1,7
2021-11-27,22,Rocket Man,Elton John,-,1,9
2021-11-27,23,Rivers Of Babylon,Boney M .,-,23,1
2021-11-27,24,Whats Poppin,"Jack Harlow Featuring DaBaby , Tory Lanez & Lil Wayne",-,24,1
2021-11-27,25,Bad Habits,Ed Sheeran,-,9,7
2021-12-04,1,Easy On Me,Adele,1,1,7
2021-12-04,2,Get Back,The Beatles,9,2,2
2021-12-04,3,Set Fire To The Rain,Adele,7,3,5
2021-12-04,4,Someone Like You,Adele,15,4,5
2021-12-04,5,Very Rare,Truedy Featuring Avec Plaisir,-,3,3
2021-12-04,6,Own Brand Freestyle,FelixThe1st Featuring Dreya Mac,-,6,1
2021-12-04,7,WAP,Cardi B Featuring Megan Thee Stallion,-,1,31
2021-12-04,8,High,Adekunle Gold X Davido,-,2,2
2021-12-04,9,Love Yourself,Ajdaguru,-,9,1
2021-12-04,10,Send In The Clowns,Frank Sinatra,-,10,1
2021-12-04,11,Feliz Navidad,Jose Feliciano,-,11,2
2021-12-04,12,Don't Let Me Down,The Beatles,-,12,1
2021-12-04,13,Hold On,Adele,17,13,2
2021-12-04,14,Enemy,Imagine Dragons X JID,-,14,1
2021-12-04,15,I Me Mine,The Beatles,-,15,1
2021-12-04,16,Being Alive,Raul Esparza,-,16,1
2021-12-04,17,Last Christmas,Wham!,-,1,13
2021-12-04,18,Sacrifice,Elton John,-,1,7
2021-12-04,19,I Drink Wine,Adele,-,19,1
2021-12-04,20,Get The Party Started,P!nk,-,20,1
2021-12-04,21,Two Of Us,The Beatles,-,21,1
2021-12-04,22,Love Nwantiti (Ah Ah Ah),CKay,-,3,5
2021-12-04,23,Love Is A Game,Adele,-,23,1
2021-12-04,24,Isn't It A Pity,George Harrison,-,24,1
2021-12-04,25,The Long And Winding Road,The Beatles,-,25,1
2021-12-11,1,Get Back,The Beatles,2,1,3
2021-12-11,2,Easy On Me,Adele,1,1,8
2021-12-11,3,Back To December,Taylor Swift,-,3,1
2021-12-11,4,A Holly Jolly Christmas,Burl Ives,-,2,6
2021-12-11,5,Feliz Navidad,Jose Feliciano,11,5,3
2021-12-11,6,"You're A Mean One, Mr. Grinch",Thurl Ravenscroft,-,1,4
2021-12-11,7,"Mary, Did You Know?",Gaither Vocal Band,-,7,1
2021-12-11,8,Last Christmas,Wham!,17,1,14
2021-12-11,9,A Whiter Shade Of Pale,Procol Harum,-,9,1
2021-12-11,10,White Winter Hymnal,Fleet Foxes,-,3,7
2021-12-11,11,Runaway,Kanye West Featuring Pusha T,-,11,1
2021-12-11,12,Du Hast Den Farbfilm Vergessen,Nina Hagen,-,12,1
2021-12-11,13,Two Of Us,The Beatles,21,13,2
2021-12-11,14,Snowman,Sia,-,14,1
2021-12-11,15,Rockin' Around The Christmas Tree,Brenda Lee,-,4,4
2021-12-11,16,Underneath The Tree,Kelly Clarkson,-,12,3
2021-12-11,17,I'm Not Pretty,Jessia,-,12,2
2021-12-11,18,It's Beginning To Look A Lot Like Christmas,Bing Crosby With Jud Conlon's Rhythmaires & John Scott Trotter & His Orchestra,-,3,3
2021-12-11,19,Don't Let Me Down,The Beatles,12,12,2
2021-12-11,20,December (Again),Neck Deep Featuring Mark Hoppus,-,20,1
2021-12-11,21,I Me Mine,The Beatles,15,15,2
2021-12-11,22,Fairytale Of New York,The Pogues Featuring Kirsty MacColl,-,5,15
2021-12-11,23,Christmastime Is Here,Vince Guaraldi Trio,-,23,1
2021-12-11,24,Rocket Man,Elton John,-,1,10
2021-12-11,25,All I Want For Christmas Is You,Mariah Carey,-,1,20
2021-12-18,1,Montreal,The Tragically Hip,-,1,2
2021-12-18,2,Joanne,Michael Nesmith,-,2,1
2021-12-18,3,Hello It's Me,Todd Rundgren,-,3,1
2021-12-18,4,River,Joni Mitchell,-,4,2
2021-12-18,5,Theme From The Monkees,The Monkees,-,5,1
2021-12-18,6,Feliz Navidad,Jose Feliciano,5,5,4
2021-12-18,7,Merry Christmas,Ed Sheeran & Elton John,-,7,1
2021-12-18,8,Love In The Dark,Adele,-,5,4
2021-12-18,9,That's The Way It Is,Daniel Lanois,-,9,1
2021-12-18,10,Mistletoe,Justin Bieber,-,6,3
2021-12-18,11,Different Drum,Stone Poneys Featuring Linda Ronstadt,-,11,1
2021-12-18,12,Last Christmas,Wham!,8,1,15
2021-12-18,13,I Want A Hippopotamus For Christmas,Gayla Peevey / Orchestra Under Direction Of Norman Leyden,-,13,1
2021-12-18,14,Nuttin' For Christmas,Barry Gordon,-,11,3
2021-12-18,15,Fairytale Of New York,The Pogues Featuring Kirsty MacColl,22,5,16
2021-12-18,16,White Winter Hymnal,Fleet Foxes,10,3,8
2021-12-18,17,White Christmas (1947),Bing Crosby With Ken Darby Singers & John Scott Trotter & His Orchestra,-,16,3
2021-12-18,18,Jingle Bell Rock,Bobby Helms,-,18,1
2021-12-18,19,Happy Xmas (War Is Over),John & Yoko/The Plastic Ono Band With The Harlem Community Choir,-,5,10
2021-12-18,20,Daydream Believer,The Monkees,-,7,2
2021-12-18,21,"You're A Mean One, Mr. Grinch",Thurl Ravenscroft,6,1,5
2021-12-18,22,Different Drum,Michael Nesmith,-,22,1
2021-12-18,23,Both Sides Now,Joni Mitchell,-,23,1
2021-12-18,24,The Christmas Song (Merry Christmas To You),"Nat ""King"" Cole",-,1,2
2021-12-18,25,Heat Waves,Glass Animals,-,1,6
2021-12-25,1,Easy On Me,Adele,-,1,9
2021-12-25,2,Own Brand Freestyle,FelixThe1st Featuring Dreya Mac,-,2,2
2021-12-25,3,Feliz Navidad,Jose Feliciano,6,3,5
2021-12-25,4,Signs,Five Man Electrical Band,-,4,1
2021-12-25,5,Last Christmas,Wham!,12,1,16
2021-12-25,6,Happy Xmas (War Is Over),John & Yoko/The Plastic Ono Band With The Harlem Community Choir,19,5,11
2021-12-25,7,"You're A Mean One, Mr. Grinch",Thurl Ravenscroft,21,1,6
2021-12-25,8,The Christmas Song (Merry Christmas To You),"Nat ""King"" Cole",24,1,3
2021-12-25,9,Heat Waves,Glass Animals,25,1,7
2021-12-25,10,El Rey,Vicente Fernandez,-,10,1
2021-12-25,11,Fairytale Of New York,The Pogues Featuring Kirsty MacColl,15,5,17
2021-12-25,12,I Want A Hippopotamus For Christmas,Gayla Peevey / Orchestra Under Direction Of Norman Leyden,13,12,2
2021-12-25,13,Adeste Fideles,Luciano Pavarotti / National Philharmonic Orchestra / Kurt Herbert Adler,-,13,1
2021-12-25,14,It's Beginning To Look A Lot Like Christmas,Perry Como And The Fontane Sisters With Mitchell Ayres And His Orchestra,-,14,1
2021-12-25,15,Save Your Tears,The Weeknd,-,9,6
2021-12-25,16,All I Want For Christmas Is You,Mariah Carey,-,1,21
2021-12-25,17,"Volver, Volver",Vicente Fernandez,-,17,1
2021-12-25,18,Stay,The Kid Laroi & Justin Bieber,-,18,2
2021-12-25,19,Bad Habits,Ed Sheeran,-,9,8
2021-12-25,20,Joanne,Michael Nesmith,2,2,2
2021-12-25,21,Message In A Bottle (Taylor's Version) (From The Vault),Taylor Swift,-,21,1
2021-12-25,22,La Ley del Monte,Vicente Fernandez,-,22,1
2021-12-25,23,Deja Vu,Olivia Rodrigo,-,1,11
2021-12-25,24,Mary's Boy Child / Oh My Lord,Boney M .,-,24,1
2021-12-25,25,Hermoso Carino,Vicente Fernandez,-,25,1
2022-01-01,1,White Rabbit,Jefferson Airplane,-,1,2
2022-01-01,2,In Your Eyes,The Weeknd,-,1,7
2022-01-01,3,White Winter Hymnal,Fleet Foxes,-,3,9
2022-01-01,4,Happy Xmas (War Is Over),John & Yoko/The Plastic Ono Band With The Harlem Community Choir,6,4,12
2022-01-01,5,Falling Slowly,The Swell Season (Glen Hansard & Marketa Irglova),-,5,1
2022-01-01,6,How To Make Gravy,Paul Kelly,-,6,1
2022-01-01,7,Christmas Wrapping,The Waitresses,-,5,11
2022-01-01,8,All I Want For Christmas Is You,Mariah Carey,16,1,22
2022-01-01,9,Adore You,Harry Styles,-,2,9
2022-01-01,10,Good 4 U,Olivia Rodrigo,-,2,8
2022-01-01,11,My Universe,Coldplay x BTS,-,11,2
2022-01-01,12,50 Ways To Leave Your Lover,Paul Simon,-,12,1
2022-01-01,13,Deja Vu,Olivia Rodrigo,23,1,12
2022-01-01,14,Blinding Lights,The Weeknd,-,2,22
2022-01-01,15,Dynamite,BTS,-,7,7
2022-01-01,16,Higher Power,Coldplay,-,10,2
2022-01-01,17,Happy New Year,ABBA,-,3,6
2022-01-01,18,Drivers License,Olivia Rodrigo,-,2,7
2022-01-01,19,Kiss Me More,Doja Cat Featuring SZA,-,6,6
2022-01-01,20,Bad Habits,Ed Sheeran,19,9,9
2022-01-01,21,Last Christmas,Wham!,5,1,17
2022-01-01,22,Save Your Tears,The Weeknd,15,9,7
2022-01-01,23,Shivers,Ed Sheeran,-,16,3
2022-01-01,24,Positions,Ariana Grande,-,3,4
2022-01-01,25,Feliz Navidad,Jose Feliciano,3,3,6
2022-01-08,1,Happy New Year,ABBA,17,1,7
2022-01-08,2,Something For The Weekend,The Divine Comedy,-,2,1
2022-01-08,3,Blinding Lights,The Weeknd,14,2,23
2022-01-08,4,Heat Waves,Glass Animals,-,1,8
2022-01-08,5,Own Brand Freestyle,FelixThe1st Featuring Dreya Mac,-,2,3
2022-01-08,6,Rocket Man,Elton John,-,1,11
2022-01-08,7,White Rabbit,Jefferson Airplane,1,1,3
2022-01-08,8,New Year's Day,U2,-,4,4
2022-01-08,9,Drivers License,Olivia Rodrigo,18,2,8
2022-01-08,10,Shivers,Ed Sheeran,23,10,4
2022-01-08,11,Thank You For Being A Friend,Andrew Gold,-,11,1
2022-01-08,12,Stay,The Kid Laroi & Justin Bieber,-,12,3
2022-01-08,13,A Whiter Shade Of Pale,Procol Harum,-,9,2
2022-01-08,14,Sweet Baby James,James Taylor,-,14,1
2022-01-08,15,Sopa de Caracol,Banda Blanca,-,15,1
2022-01-08,16,Wish You Were Here,Pink Floyd,-,16,2
2022-01-08,17,Save Your Tears,The Weeknd,22,9,8
2022-01-08,18,Easy On Me,Adele,-,1,10
2022-01-08,19,Same Old Lang Syne,Dan Fogelberg,-,3,2
2022-01-08,20,Bad Habits,Ed Sheeran,20,9,10
2022-01-08,21,Let It Be,The Beatles,-,12,3
2022-01-08,22,In Your Eyes,The Weeknd,2,1,8
2022-01-08,23,My Universe,Coldplay x BTS,11,11,3
2022-01-08,24,Cold Heart (PNAU Remix),Elton John & Dua Lipa,-,15,3
2022-01-08,25,Enemy,Imagine Dragons X JID,-,14,2
2022-01-15,1,Easy On Me,Adele,18,1,11
2022-01-15,2,Sweet Baby James,James Taylor,14,2,2
2022-01-15,3,To Sir With Love,Lulu,-,3,1
2022-01-15,4,O Children,Nick Cave & The Bad Seeds,-,4,1
2022-01-15,5,Sacrifice,Elton John,-,1,8
2022-01-15,6,Drivers License,Olivia Rodrigo,9,2,9
2022-01-15,7,Anymore,JEON SOMI,-,7,1
2022-01-15,8,Starman,David Bowie,-,2,5
2022-01-15,9,Another Love,Tom Odell,-,7,6
2022-01-15,10,I Love You So,The Walters,-,10,1
2022-01-15,11,Enemy,Imagine Dragons X JID,25,11,3
2022-01-15,12,Butter,BTS,-,5,3
2022-01-15,13,Ride Natty Ride,Bob Marley And The Wailers,-,13,1
2022-01-15,14,Fire And Rain,James Taylor,-,14,1
2022-01-15,15,Smells Like Teen Spirit,Nirvana,-,4,5
2022-01-15,16,Cold Heart (PNAU Remix),Elton John & Dua Lipa,24,15,4
2022-01-15,17,Shivers,Ed Sheeran,10,10,5
2022-01-15,18,Love Me Like You Do,Ellie Goulding,-,18,1
2022-01-15,19,Bad Habits,Ed Sheeran,20,9,11
2022-01-15,20,My Universe,Coldplay x BTS,23,11,4
2022-01-15,21,Hold On,Adele,-,13,3
2022-01-15,22,Kiss Me More,Doja Cat Featuring SZA,-,6,7
2022-01-15,23,Creep,Radiohead,-,23,1
2022-01-15,24,Mood Indigo,Duke Ellington,-,24,1
2022-01-15,25,Dynamite,BTS,-,7,8
2022-01-22,1,Love Grows (Where My Rosemary Goes),Edison Lighthouse,-,1,1
2022-01-22,2,Dawn FM,The Weeknd,-,2,1
2022-01-22,3,The Family Madrigal,"Stephanie Beatriz, Olga Merediz & Encanto Cast",-,3,1
2022-01-22,4,Easy On Me,Adele,1,1,12
2022-01-22,5,Heat Waves,Glass Animals,-,1,9
2022-01-22,6,Sacrifice,Elton John,5,1,9
2022-01-22,7,Oliver's Army,Elvis Costello And The Attractions,-,7,1
2022-01-22,8,I Still Haven't Found What I'm Looking For,U2,-,8,1
2022-01-22,9,Good 4 U,Olivia Rodrigo,-,2,9
2022-01-22,10,Take My Breath,The Weeknd,-,10,1
2022-01-22,11,Rocket Man,Elton John,-,1,12
2022-01-22,12,Smells Like Teen Spirit,Nirvana,15,4,6
2022-01-22,13,Oh My God,Adele,-,13,1
2022-01-22,14,All The Things She Said,t.A.T.u.,-,14,1
2022-01-22,15,It'll Be Okay,Shawn Mendes,-,15,1
2022-01-22,16,Message In A Bottle (Taylor's Version) (From The Vault),Taylor Swift,-,16,2
2022-01-22,17,With Or Without You,U2,-,17,1
2022-01-22,18,Stay,The Kid Laroi & Justin Bieber,-,12,4
2022-01-22,19,abcdefu,GAYLE,-,19,1
2022-01-22,20,Sacrifice,The Weeknd,-,20,1
2022-01-22,21,Shivers,Ed Sheeran,17,10,6
2022-01-22,22,Yesterday,The Beatles,-,22,1
2022-01-22,23,Hold On,Justin Bieber,-,10,2
2022-01-22,24,Wandered To LA.,Juice WRLD & Justin Bieber,-,24,1
2022-01-22,25,Montero (Call Me By Your Name),Lil Nas X,-,1,11
2022-01-29,1,Bat Out Of Hell,Meat Loaf,-,1,3
2022-01-29,2,I'd Do Anything For Love (But I Won't Do That),Meat Loaf,-,2,1
2022-01-29,3,Heaven Can Wait,Meat Loaf,-,3,1
2022-01-29,4,Paradise By The Dashboard Light,Meat Loaf,-,4,1
2022-01-29,5,Two Out Of Three Ain't Bad,Meat Loaf,-,5,1
2022-01-29,6,Sacrifice,The Weeknd,20,6,2
2022-01-29,7,For Crying Out Loud,Meat Loaf,-,7,1
2022-01-29,8,Elephant,Tame Impala,-,1,2
2022-01-29,9,Objects In The Rear View Mirror May Appear Closer Than...,Meat Loaf,-,9,1
2022-01-29,10,You Took The Words Right Out Of My Mouth,Meat Loaf,-,10,1
2022-01-29,11,Levitating,Dua Lipa,-,4,4
2022-01-29,12,Dawn FM,The Weeknd,2,2,2
2022-01-29,13,Ropa Cara,Camilo,-,13,1
2022-01-29,14,CHIMBITA,Feid & Sky Rompiendo,-,14,1
2022-01-29,15,Blessed-Cursed,ENHYPEN,-,15,1
2022-01-29,16,Don't Stop Believin',Journey,-,16,1
2022-01-29,17,Don't Let The Sun Go Down On Me,Elton John,-,17,2
2022-01-29,18,Who's In Your Head,Jonas Brothers,-,18,1
2022-01-29,19,Chapstick,COIN,-,7,2
2022-01-29,20,Ordinary World,Duran Duran,-,5,2
2022-01-29,21,At Seventeen,Janis Ian,-,21,1
2022-01-29,22,Oh My God,Adele,13,13,2
2022-01-29,23,For Tonight,Giveon,-,23,1
2022-01-29,24,Everytime,Britney Spears,-,24,1
2022-01-29,25,Double Take,dhruv,-,3,4
2022-02-05,1,Someone You Loved,Lewis Capaldi,-,1,26
2022-02-05,2,I'd Do Anything For Love (But I Won't Do That),Meat Loaf,2,2,2
2022-02-05,3,Sacrifice,The Weeknd,6,3,3
2022-02-05,4,Old Man,Neil Young,-,4,1
2022-02-05,5,Hay Loft,Mother Mother,-,2,8
2022-02-05,6,Rockin' In The Free World,Neil Young,-,6,1
2022-02-05,7,Paradise By The Dashboard Light,Meat Loaf,4,4,2
2022-02-05,8,Two Out Of Three Ain't Bad,Meat Loaf,5,5,2
2022-02-05,9,Heart Shaped Glasses (When The Heart Guides The Hand),Marilyn Manson,-,5,2
2022-02-05,10,Elephant,Tame Impala,8,1,3
2022-02-05,11,Heat Waves,Glass Animals,-,1,10
2022-02-05,12,505,Arctic Monkeys,-,10,4
2022-02-05,13,Southern Man,Neil Young,-,13,1
2022-02-05,14,Another Love,Tom Odell,-,7,7
2022-02-05,15,Asik Oldum Ben Sana,Maran Marangoz,-,15,1
2022-02-05,16,Pumped Up Kicks,Foster the People,-,16,1
2022-02-05,17,Easy On Me,Adele,-,1,13
2022-02-05,18,You Took The Words Right Out Of My Mouth,Meat Loaf,10,10,2
2022-02-05,19,Convoy,C.W. McCall,-,19,1
2022-02-05,20,The Weekend,BIBI & 347aidan,-,20,1
2022-02-05,21,Truckin',Grateful Dead,-,21,1
2022-02-05,22,Heart Of Gold,Neil Young,-,22,1
2022-02-05,23,Somewhere Only We Know,Keane,-,6,2
2022-02-05,24,abcdefu,GAYLE,-,19,2
2022-02-05,25,We Don't Talk About Bruno,"Carolina Gaitan, Mauro Castillo, Adassa , Rhenzy Feliz, Diane Guerrero, Stephanie Beatriz & Encanto Cast",-,25,1
2022-02-12,1,Heat Waves,Glass Animals,11,1,11
2022-02-12,2,Sacrifice,The Weeknd,3,2,4
2022-02-12,3,Rockin' In The Free World,Neil Young,6,3,2
2022-02-12,4,Hay Loft,Mother Mother,5,2,9
2022-02-12,5,Drink Before The War,Sinead O'Connor,-,5,1
2022-02-12,6,We Don't Talk About Bruno,"Carolina Gaitan, Mauro Castillo, Adassa , Rhenzy Feliz, Diane Guerrero, Stephanie Beatriz & Encanto Cast",25,6,2
2022-02-12,7,Love Me Tender,Elvis Presley,-,7,1
2022-02-12,8,Rocket Man,Elton John,-,1,13
2022-02-12,9,Dreams,Fleetwood Mac,-,4,7
2022-02-12,10,Love Grows (Where My Rosemary Goes),Edison Lighthouse,-,1,2
2022-02-12,11,Easy On Me,Adele,17,1,14
2022-02-12,12,Industry Baby,Lil Nas X & Jack Harlow,-,1,9
2022-02-12,13,Surface Pressure,Jessica Darrow,-,13,1
2022-02-12,14,Montero (Call Me By Your Name),Lil Nas X,-,1,12
2022-02-12,15,Stay,The Kid Laroi & Justin Bieber,-,12,5
2022-02-12,16,The Family Madrigal,"Stephanie Beatriz, Olga Merediz & Encanto Cast",-,3,2
2022-02-12,17,abcdefu,GAYLE,24,17,3
2022-02-12,18,My Universe,Coldplay x BTS,-,11,5
2022-02-12,19,Pumped Up Kicks,Foster the People,16,16,2
2022-02-12,20,I'd Do Anything For Love (But I Won't Do That),Meat Loaf,2,2,3
2022-02-12,21,Two Out Of Three Ain't Bad,Meat Loaf,8,5,3
2022-02-12,22,Ghost,Justin Bieber,-,9,2
2022-02-12,23,What Else Can I Do?,Diane Guerrero & Stephanie Beatriz,-,23,1
2022-02-12,24,Light Switch,Charlie Puth,-,24,1
2022-02-12,25,Butter,BTS,-,5,4
2022-02-19,1,Sacrifice,The Weeknd,2,1,5
2022-02-19,2,Rocket Man,Elton John,8,1,14
2022-02-19,3,All Of Me,John Legend,-,3,1
2022-02-19,4,April Sun In Cuba,Dragon,-,4,1
2022-02-19,5,Easy On Me,Adele,11,1,15
2022-02-19,6,Never Gonna Give You Up,Rick Astley,-,6,3
2022-02-19,7,Walkin' After Midnight,Patsy Cline,-,7,1
2022-02-19,8,Sinnerman,Nina Simone,-,8,1
2022-02-19,9,Love Grows (Where My Rosemary Goes),Edison Lighthouse,10,1,3
2022-02-19,10,We Don't Talk About Bruno,"Carolina Gaitan, Mauro Castillo, Adassa , Rhenzy Feliz, Diane Guerrero, Stephanie Beatriz & Encanto Cast",6,6,3
2022-02-19,11,Good 4 U,Olivia Rodrigo,-,2,10
2022-02-19,12,Waiting On A Miracle,Stephanie Beatriz,-,12,1
2022-02-19,13,Wish You Were Here,Pink Floyd,-,13,3
2022-02-19,14,Perfect,Ed Sheeran,-,1,14
2022-02-19,15,Shivers,Ed Sheeran,-,10,7
2022-02-19,16,Fix You,Coldplay,-,1,4
2022-02-19,17,Your Song,Elton John,-,3,3
2022-02-19,18,The Scientist,Coldplay,-,18,1
2022-02-19,19,Sacrifice,Elton John,-,1,10
2022-02-19,20,505,Arctic Monkeys,-,10,5
2022-02-19,21,Kiss Me More,Doja Cat Featuring SZA,-,6,8
2022-02-19,22,Another Love,Tom Odell,-,7,8
2022-02-19,23,Cold Heart (PNAU Remix),Elton John & Dua Lipa,-,15,5
2022-02-19,24,Save Your Tears,The Weeknd,-,9,9
2022-02-19,25,Can't Help Falling In Love,Elvis Presley With The Jordanaires,-,25,1
2022-02-26,1,In Da Club,50 Cent,-,1,1
2022-02-26,2,Kiss Me More,Doja Cat Featuring SZA,21,2,9
2022-02-26,3,"Quiet, The Winter Harbor",Mazzy Star,-,3,1
2022-02-26,4,No More Drama,Mary J. Blige,-,4,1
2022-02-26,5,Love For A Minute,Teddy Swims,-,5,1
2022-02-26,6,The Next Episode,Dr. Dre Featuring Snoop Dogg,-,6,1
2022-02-26,7,Someone You Loved,Lewis Capaldi,-,1,27
2022-02-26,8,Chalte Chalte,Kishore Kumar,-,8,1
2022-02-26,9,Woman,Doja Cat,-,9,2
2022-02-26,10,Lose Yourself,Eminem,-,10,1
2022-02-26,11,Heat Waves,Glass Animals,-,1,12
2022-02-26,12,Love Grows (Where My Rosemary Goes),Edison Lighthouse,9,1,4
2022-02-26,13,XXXX,Feid,-,5,3
2022-02-26,14,Valentine's Day,David Bowie,-,1,5
2022-02-26,15,Still D.R.E.,Dr. Dre Featuring Snoop Dogg,-,15,1
2022-02-26,16,Family Affair,Mary J. Blige,-,16,1
2022-02-26,17,April Sun In Cuba,Dragon,4,4,2
2022-02-26,18,We Don't Talk About Bruno,"Carolina Gaitan, Mauro Castillo, Adassa , Rhenzy Feliz, Diane Guerrero, Stephanie Beatriz & Encanto Cast",10,6,4
2022-02-26,19,Forgot About Dre,Dr. Dre Featuring Eminem,-,19,1
2022-02-26,20,Easy On Me,Adele,5,1,16
2022-02-26,21,Fuck Wit Dre Day (And Everybody's Celebratin'),Dr. Dre,-,21,1
2022-02-26,22,505,Arctic Monkeys,20,10,6
2022-02-26,23,Stan,Eminem Featuring Dido,-,23,1
2022-02-26,24,Endless Love,Diana Ross & Lionel Richie,-,24,1
2022-02-26,25,Shivers,Ed Sheeran,15,10,8
2022-03-05,1,Conexion,"Foreign Teck Featuring Bryant Myers , Eladio Carrion & Tory Lanez",-,1,1
2022-03-05,2,Woman,Doja Cat,9,2,3
2022-03-05,3,A Whiter Shade Of Pale,Procol Harum,-,3,3
2022-03-05,4,Russians,Sting,-,4,1
2022-03-05,5,Heat Waves,Glass Animals,11,1,13
2022-03-05,6,Stay,The Kid Laroi & Justin Bieber,-,6,6
2022-03-05,7,Everybody Wants To Rule The World,Tears for Fears,-,7,1
2022-03-05,8,Enemy,Imagine Dragons X JID,-,8,4
2022-03-05,9,We Don't Talk About Bruno,"Carolina Gaitan, Mauro Castillo, Adassa , Rhenzy Feliz, Diane Guerrero, Stephanie Beatriz & Encanto Cast",18,6,5
2022-03-05,10,Blinding Lights,The Weeknd,-,2,24
2022-03-05,11,Industry Baby,Lil Nas X & Jack Harlow,-,1,10
2022-03-05,12,The Family Madrigal,"Stephanie Beatriz, Olga Merediz & Encanto Cast",-,3,3
2022-03-05,13,Shallow,Lady Gaga & Bradley Cooper,-,1,12
2022-03-05,14,Notion,The Rare Occasions,-,14,1
2022-03-05,15,Sweater Weather,The Neighbourhood,-,14,2
2022-03-05,16,abcdefu,GAYLE,-,16,4
2022-03-05,17,Rocket Man,Elton John,-,1,15
2022-03-05,18,Kiev,Renaissance,-,18,1
2022-03-05,19,Komrade Kiev,Corey Hart,-,19,1
2022-03-05,20,Leave The Door Open,Silk Sonic ( Bruno Mars & Anderson .Paak ),-,2,16
2022-03-05,21,Without Me,Eminem,-,21,1
2022-03-05,22,Love Grows (Where My Rosemary Goes),Edison Lighthouse,12,1,5
2022-03-05,23,Super Gremlin,Kodak Black,-,23,1
2022-03-05,24,Rasputin,Boney M .,-,4,3
2022-03-05,25,The War Song,Culture Club,-,25,1
2022-03-12,1,Russians,Sting,4,1,2
2022-03-12,2,Woman,Doja Cat,2,2,4
2022-03-12,3,Something In The Way,Nirvana,-,3,3
2022-03-12,4,Heat Waves,Glass Animals,5,1,14
2022-03-12,5,Another Love,Tom Odell,-,5,9
2022-03-12,6,Rocket Man,Elton John,17,1,16
2022-03-12,7,Never Gonna Give You Up,Rick Astley,-,6,4
2022-03-12,8,We Don't Talk About Bruno,"Carolina Gaitan, Mauro Castillo, Adassa , Rhenzy Feliz, Diane Guerrero, Stephanie Beatriz & Encanto Cast",9,6,6
2022-03-12,9,Somewhere Only We Know,Keane,-,6,3
2022-03-12,10,Shallow,Lady Gaga & Bradley Cooper,13,1,13
2022-03-12,11,Stand By Me,Ben E. King,-,10,2
2022-03-12,12,Escape (The Pina Colada Song),Rupert Holmes,-,12,2
2022-03-12,13,505,Arctic Monkeys,-,10,7
2022-03-12,14,Daddy Issues,The Neighbourhood,-,14,1
2022-03-12,15,What A Wonderful World,Louis Armstrong,-,15,1
2022-03-12,16,Love Grows (Where My Rosemary Goes),Edison Lighthouse,22,1,6
2022-03-12,17,Stan,Eminem Featuring Dido,-,17,2
2022-03-12,18,Enemy,Imagine Dragons X JID,8,8,5
2022-03-12,19,Dirty Little Animals,BONES UK,-,19,1
2022-03-12,20,Montero (Call Me By Your Name),Lil Nas X,-,1,13
2022-03-12,21,I Love You So,The Walters,-,10,2
2022-03-12,22,Save Your Tears,The Weeknd,-,9,10
2022-03-12,23,It's The End Of The World As We Know It (And I Feel Fine),R.E.M.,-,3,3
2022-03-12,24,Good 4 U,Olivia Rodrigo,-,2,11
2022-03-12,25,Blinding Lights,The Weeknd,10,2,25
2022-03-19,1,Russians,Sting,1,1,3
2022-03-19,2,Something In The Way,Nirvana,3,2,4
2022-03-19,3,Another Love,Tom Odell,5,3,10
2022-03-19,4,We Don't Talk About Bruno,"Carolina Gaitan, Mauro Castillo, Adassa , Rhenzy Feliz, Diane Guerrero, Stephanie Beatriz & Encanto Cast",8,4,7
2022-03-19,5,Woman,Doja Cat,2,2,5
2022-03-19,6,Smells Like Teen Spirit,Nirvana,-,4,7
2022-03-19,7,Endless Love,Diana Ross & Lionel Richie,-,7,2
2022-03-19,8,Shallow,Lady Gaga & Bradley Cooper,10,1,14
2022-03-19,9,Could Have Been Me,Halsey,-,9,1
2022-03-19,10,Fly Me To The Moon,Frank Sinatra / Count Basie And His Orchestra,-,10,1
2022-03-19,11,Let It Go,Idina Menzel,-,11,1
2022-03-19,12,Lost On You,LP,-,12,1
2022-03-19,13,Somewhere Only We Know,Keane,9,6,4
2022-03-19,14,Pepas,Farruko,-,14,2
2022-03-19,15,Easy On Me,Adele,-,1,17
2022-03-19,16,505,Arctic Monkeys,13,10,8
2022-03-19,17,I Love You So,The Walters,21,10,3
2022-03-19,18,The Family Madrigal,"Stephanie Beatriz, Olga Merediz & Encanto Cast",-,3,4
2022-03-19,19,Ghost,Justin Bieber,-,9,3
2022-03-19,20,Enemy,Imagine Dragons X JID,18,8,6
2022-03-19,21,Black Summer,Red Hot Chili Peppers,-,21,1
2022-03-19,22,Super Gremlin,Kodak Black,-,22,2
2022-03-19,23,Only A Fool Would Say That,Steely Dan,-,23,1
2022-03-19,24,Tom's Diner,DNA Featuring Suzanne Vega,-,24,1
2022-03-19,25,Never Gonna Give You Up,Rick Astley,7,6,5
2022-03-26,1,Woman,Doja Cat,5,1,6
2022-03-26,2,Another Love,Tom Odell,3,2,11
2022-03-26,3,Tom's Diner,DNA Featuring Suzanne Vega,24,3,2
2022-03-26,4,Ghost,Justin Bieber,19,4,4
2022-03-26,5,The Unicorn,The Irish Rovers,-,5,3
2022-03-26,6,Somewhere Only We Know,Keane,13,6,5
2022-03-26,7,Heat Waves,Glass Animals,-,1,15
2022-03-26,8,When Irish Eyes Are Smiling,Bing Crosby,-,8,2
2022-03-26,9,House Of The Rising Sun,The Animals,-,9,1
2022-03-26,10,With Or Without You,U2,-,10,2
2022-03-26,11,Never Gonna Give You Up,Rick Astley,25,6,6
2022-03-26,12,Dos Oruguitas,Sebastian Yatra,-,12,1
2022-03-26,13,Vienna,Billy Joel,-,13,1
2022-03-26,14,The Family Madrigal,"Stephanie Beatriz, Olga Merediz & Encanto Cast",18,3,5
2022-03-26,15,Easy On Me,Adele,15,1,18
2022-03-26,16,Sacrifice,Elton John,-,1,11
2022-03-26,17,Danny Boy,The Irish Tenors,-,17,1
2022-03-26,18,Zombie,The Cranberries,-,1,5
2022-03-26,19,Tura Lura Lural (That's An Irish Lullaby),The Band,-,19,1
2022-03-26,20,Ain't Shit,Doja Cat,-,20,1
2022-03-26,21,Whiskey In The Jar,The Dubliners,-,21,1
2022-03-26,22,Leave The Door Open,Silk Sonic ( Bruno Mars & Anderson .Paak ),-,2,17
2022-03-26,23,Love Grows (Where My Rosemary Goes),Edison Lighthouse,-,1,7
2022-03-26,24,Bam Bam,Camila Cabello Featuring Ed Sheeran,-,24,1
2022-03-26,25,NDA,Billie Eilish,-,25,1
2022-04-02,1,Everlong,Foo Fighters,-,1,1
2022-04-02,2,Cold Day In The Sun,Foo Fighters,-,2,1
2022-04-02,3,Woman,Doja Cat,1,1,7
2022-04-02,4,On The Mend,Foo Fighters,-,4,1
2022-04-02,5,Best Of You,Foo Fighters,-,5,2
2022-04-02,6,These Days,Foo Fighters,-,6,1
2022-04-02,7,Smells Like Teen Spirit,Nirvana,-,4,8
2022-04-02,8,Tom's Diner,DNA Featuring Suzanne Vega,3,3,3
2022-04-02,9,Another Love,Tom Odell,2,2,12
2022-04-02,10,Heat Waves,Glass Animals,7,1,16
2022-04-02,11,Rocket Man,Elton John,-,1,17
2022-04-02,12,Somewhere Only We Know,Keane,6,6,6
2022-04-02,13,Sacrifice,Elton John,16,1,12
2022-04-02,14,Easy On Me,Adele,15,1,19
2022-04-02,15,Ain't Shit,Doja Cat,20,15,2
2022-04-02,16,Harry's House / Centerpiece,Joni Mitchell,-,16,1
2022-04-02,17,With Or Without You,U2,10,10,3
2022-04-02,18,Do I Wanna Know?,Arctic Monkeys,-,18,1
2022-04-02,19,All My Life,Foo Fighters,-,19,1
2022-04-02,20,Shallow,Lady Gaga & Bradley Cooper,-,1,15
2022-04-02,21,Don't Let The Sun Go Down On Me,Elton John,-,17,3
2022-04-02,22,Enemy,Imagine Dragons X JID,-,8,7
2022-04-02,23,Cool For The Summer,Demi Lovato,-,23,1
2022-04-02,24,Fly Me To The Moon,Frank Sinatra / Count Basie And His Orchestra,-,10,2
2022-04-02,25,Leave The Door Open,Silk Sonic ( Bruno Mars & Anderson .Paak ),22,2,18
2022-04-09,1,Tom's Diner,DNA Featuring Suzanne Vega,8,1,4
2022-04-09,2,"The Fresh Prince Of Bel Air (Theme From ""The Fresh Prince Of Bel-Air"")",D.J. Jazzy Jeff & The Fresh Prince,-,2,1
2022-04-09,3,Run,Snow Patrol,-,3,1
2022-04-09,4,Everlong,Foo Fighters,1,1,2
2022-04-09,5,If You Tolerate This Your Children Will Be Next,Manic Street Preachers,-,5,1
2022-04-09,6,Woman,Doja Cat,3,1,8
2022-04-09,7,Best Of You,Foo Fighters,5,5,3
2022-04-09,8,Rape Me,Nirvana,-,8,1
2022-04-09,9,Gravity,Coldplay,-,9,1
2022-04-09,10,Buffalo Stance,Neneh Cherry,-,10,1
2022-04-09,11,All My Life,Foo Fighters,19,11,2
2022-04-09,12,What A Wonderful World,Louis Armstrong,-,12,2
2022-04-09,13,Sometimes It Snows in April,Prince,-,1,3
2022-04-09,14,We Go Up,Nicki Minaj & Fivio Foreign,-,14,1
2022-04-09,15,Don't Let The Sun Go Down On Me,Elton John,21,15,4
2022-04-09,16,Never Gonna Give You Up,Rick Astley,-,6,7
2022-04-09,17,Learn To Fly,Foo Fighters,-,6,3
2022-04-09,18,Enemy,Imagine Dragons X JID,22,8,8
2022-04-09,19,No Time To Die,Billie Eilish,-,1,6
2022-04-09,20,Gold Forever,The Wanted,-,20,1
2022-04-09,21,Heat Waves,Glass Animals,10,1,17
2022-04-09,22,Black Summer,Red Hot Chili Peppers,-,21,2
2022-04-09,23,Playboy,Fireboy DML,-,23,1
2022-04-09,24,Last Day On Earth,Tai Verdes,-,24,1
2022-04-09,25,Don't Teach Me,Ailee,-,25,1
2022-04-16,1,As It Was,Harry Styles,-,1,1
2022-04-16,2,Toca-Toca,Fly Project,-,2,1
2022-04-16,3,Feet Don't Fail Me Now,Joy Crookes,-,3,1
2022-04-16,4,No Surprises,Radiohead,-,2,2
2022-04-16,5,All The Tired Horses,Bob Dylan,-,5,1
2022-04-16,6,Wanna Be Startin' Somethin',Michael Jackson,-,6,1
2022-04-16,7,Spirits,The Strumbellas,-,7,2
2022-04-16,8,Smells Like Teen Spirit,Nirvana,-,4,9
2022-04-16,9,Vienna,Billy Joel,-,9,2
2022-04-16,10,Come As You Are,Nirvana,-,10,1
2022-04-16,11,Fly Me To The Moon,Frank Sinatra / Count Basie And His Orchestra,-,10,3
2022-04-16,12,Leave The Door Open,Silk Sonic ( Bruno Mars & Anderson .Paak ),-,2,19
2022-04-16,13,Tom's Diner,DNA Featuring Suzanne Vega,1,1,5
2022-04-16,14,Cool For The Summer,Demi Lovato,-,14,2
2022-04-16,15,Perfect,Ed Sheeran,-,1,15
2022-04-16,16,Blue (Da Ba Dee),Eiffel 65,-,10,2
2022-04-16,17,Drivers License,Olivia Rodrigo,-,2,10
2022-04-16,18,Black Summer,Red Hot Chili Peppers,22,18,3
2022-04-16,19,Heat Waves,Glass Animals,21,1,18
2022-04-16,20,Do I Wanna Know?,Arctic Monkeys,-,18,2
2022-04-16,21,Love Nwantiti (Ah Ah Ah),CKay,-,3,6
2022-04-16,22,When You're Gone,Shawn Mendes,-,22,1
2022-04-16,23,Peaches,Justin Bieber Featuring Daniel Caesar & Giveon,-,10,2
2022-04-16,24,505,Arctic Monkeys,-,10,9
2022-04-16,25,The Great Apes,Red Hot Chili Peppers,-,25,1
2022-04-23,1,As It Was,Harry Styles,1,1,2
2022-04-23,2,Get Lucky,Daft Punk Featuring Pharrell Williams,-,2,2
2022-04-23,3,Spirits,The Strumbellas,7,3,3
2022-04-23,4,Wanna Be Startin' Somethin',Michael Jackson,6,4,2
2022-04-23,5,Vienna,Billy Joel,9,5,3
2022-04-23,6,Hey Hey Rise Up,Pink Floyd Featuring Andriy Khlyvnyuk,-,6,1
2022-04-23,7,Fly Me To The Moon,Frank Sinatra / Count Basie And His Orchestra,11,7,4
2022-04-23,8,Cool For The Summer,Demi Lovato,14,8,3
2022-04-23,9,Zwart Wit,Frank Boeijen,-,9,1
2022-04-23,10,First Class,Jack Harlow,-,10,1
2022-04-23,11,Another Love,Tom Odell,-,2,13
2022-04-23,12,Kiew Mission,Tangerine Dream,-,12,1
2022-04-23,13,Easy On Me,Adele,-,1,20
2022-04-23,14,The Last Supper,"Ian Gillan , Apostles From Jesus Christ Superstar Cast & Murray Head",-,14,1
2022-04-23,15,Love Me Tender,Elvis Presley,-,7,2
2022-04-23,16,Track Star,Mooski,-,16,2
2022-04-23,17,Shallow,Lady Gaga & Bradley Cooper,-,1,16
2022-04-23,18,At My Worst,Pink Sweat$ Featuring Kehlani,-,18,1
2022-04-23,19,Hallelujah,Leonard Cohen,-,1,13
2022-04-23,20,Leave A Light On,Papa Roach,-,20,1
2022-04-23,21,Blue (Da Ba Dee),Eiffel 65,16,10,3
2022-04-23,22,Kweku The Traveller,Black Sherif,-,22,1
2022-04-23,23,Zick Zack,Rammstein,-,23,1
2022-04-23,24,Enemy,Imagine Dragons X JID,-,8,9
2022-04-23,25,Out Of Time,The Weeknd,-,25,1
2022-04-30,1,Never Enough,Loren Allred,-,1,2
2022-04-30,2,Bleeding Love,Leona Lewis,-,2,1
2022-04-30,3,Something In The Way,Nirvana,-,2,5
2022-04-30,4,Spirits,The Strumbellas,3,3,4
2022-04-30,5,Cold Heart (PNAU Remix),Elton John & Dua Lipa,-,5,6
2022-04-30,6,Brown Sugar,The Rolling Stones,-,2,3
2022-04-30,7,Sun And Moon,Anees,-,7,1
2022-04-30,8,Space Oddity,David Bowie,-,1,3
2022-04-30,9,Tusa,Karol G & Nicki Minaj,-,9,1
2022-04-30,10,Blue (Da Ba Dee),Eiffel 65,21,10,4
2022-04-30,11,Heal,Tom Odell,-,11,1
2022-04-30,12,You'll Never Walk Alone,Gerry And The Pacemakers,-,1,6
2022-04-30,13,Another Love,Tom Odell,11,2,14
2022-04-30,14,Sweet Child O' Mine,Guns N' Roses,-,14,1
2022-04-30,15,Enemy,Imagine Dragons X JID,24,8,10
2022-04-30,16,Habibi,Ricky Rich & Dardan,-,16,1
2022-04-30,17,Levitating,Dua Lipa,-,4,5
2022-04-30,18,Wind Of Change,Scorpions,-,18,1
2022-04-30,19,Leave A Light On,Papa Roach,20,19,2
2022-04-30,20,Maison,DREAMCATCHER,-,20,1
2022-04-30,21,Tom's Diner,DNA Featuring Suzanne Vega,-,1,6
2022-04-30,22,Never Gonna Give You Up,Rick Astley,-,6,8
2022-04-30,23,Ganadara,Jay Park Featuring IU,-,23,1
2022-04-30,24,Easter Parade,Judy Garland & The MGM Studio Chorus,-,24,1
2022-04-30,25,NDA,Billie Eilish,-,25,2
2022-05-07,1,Pa,Doe Maar,-,1,1
2022-05-07,2,Gewinner,Clueso,-,2,1
2022-05-07,3,Iris,Goo Goo Dolls,-,3,1
2022-05-07,4,Shallow,Lady Gaga & Bradley Cooper,-,1,17
2022-05-07,5,XXXX,Feid,-,5,4
2022-05-07,6,Als Je Wint,Henny Vrienten & Herman Brood,-,6,1
2022-05-07,7,Another Love,Tom Odell,13,2,15
2022-05-07,8,Gentility,Melvitto Featuring Wande Coal,-,8,1
2022-05-07,9,De Bom,Doe Maar,-,9,1
2022-05-07,10,Alles Gaat Voorbij,Doe Maar,-,10,1
2022-05-07,11,Heat Waves,Glass Animals,-,1,19
2022-05-07,12,Montero (Call Me By Your Name),Lil Nas X,-,1,14
2022-05-07,13,Habibi,Ricky Rich & Dardan,16,13,2
2022-05-07,14,We Don't Talk About Bruno,"Eun-Ae Kang, Hoon We, Jung-Eun Yoo, Dan-Woo Lin, Bo-Na Kim, Yon-Ji Ham & Encanto Korea Cast",-,14,1
2022-05-07,15,It's Gonna Be Me,*NSYNC,-,11,3
2022-05-07,16,Treat Me,Chloe,-,16,1
2022-05-07,17,First Of May,Bee Gees,-,3,4
2022-05-07,18,Easy On Me,Adele,-,1,21
2022-05-07,19,The Death Of Peace Of Mind,Bad Omens,-,19,1
2022-05-07,20,2step,Ed Sheeran Featuring Lil Baby,-,20,1
2022-05-07,21,My Universe,Coldplay x BTS,-,11,6
2022-05-07,22,Barbie Girl,Aqua,-,22,1
2022-05-07,23,Love Is A Game,Adele,-,23,2
2022-05-07,24,Stay,The Kid Laroi & Justin Bieber,-,6,7
2022-05-07,25,Bella Ciao,El Profesor,-,25,1
2022-05-14,1,This Love (Taylor's Version),Taylor Swift,-,1,1
2022-05-14,2,As It Was,Harry Styles,-,1,3
2022-05-14,3,Iris,Goo Goo Dolls,3,3,2
2022-05-14,4,Mamma,Luciano Pavarotti / Henry Mancini,-,4,1
2022-05-14,5,Sweet Mother,Prince Nico Mbarga & Rocafil Jazz,-,5,1
2022-05-14,6,Don't Know Why,Norah Jones,-,6,1
2022-05-14,7,Bohemian Rhapsody,Queen,-,1,7
2022-05-14,8,Puffin On Zootiez,Future,-,8,1
2022-05-14,9,"King Of Wishful Thinking (From ""Pretty Woman"")",Go West,-,9,1
2022-05-14,10,Wait For U,Future Featuring Drake & Tems,-,10,1
2022-05-14,11,Dear Mama,2Pac,-,3,2
2022-05-14,12,Enemy,Imagine Dragons X JID,-,8,11
2022-05-14,13,Another Love,Tom Odell,7,2,16
2022-05-14,14,About Damn Time,Lizzo,-,14,1
2022-05-14,15,Mother,Pink Floyd,-,15,1
2022-05-14,16,That That,PSY Featuring Suga,-,16,1
2022-05-14,17,505,Arctic Monkeys,-,10,10
2022-05-14,18,Mother Of Mine,Little Jimmy Osmond With The Mike Curb Congregation,-,18,1
2022-05-14,19,Hold My Hand,Lady Gaga,-,19,1
2022-05-14,20,This Woman's Work,Kate Bush,-,20,1
2022-05-14,21,The Lusty Month Of May,Julie Andrews & Camelot Ensemble,-,21,1
2022-05-14,22,When You're Gone,Shawn Mendes,-,22,2
2022-05-14,23,All 4 Nothing (I'm So In Love),Lauv,-,23,1
2022-05-14,24,Moscow,Genghis Khan,-,24,1
2022-05-14,25,Cinco de Mayo,Liz Phair,-,25,1
2022-05-21,1,The Outlaw Torn,Metallica,-,1,1
2022-05-21,2,Grace Kelly,Mika,-,1,8
2022-05-21,3,Give That Wolf A Banana,Subwoolfer,-,3,1
2022-05-21,4,Hound Dog,Elvis Presley,-,4,1
2022-05-21,5,Fearless,Le Sserafim,-,5,1
2022-05-21,6,I Knew You Were Trouble (Taylor's Version),Taylor Swift,-,6,1
2022-05-21,7,One Of A Kind Music Presents: Reggae & Clypso,RussMillions X Buni X YV,-,7,1
2022-05-21,8,I Don't Even Care About It,Tyler Posey,-,8,1
2022-05-21,9,That That,PSY Featuring Suga,16,9,2
2022-05-21,10,Happy Ending,Mika,-,10,1
2022-05-21,11,Dior,Pop Smoke,-,11,2
2022-05-21,12,With Or Without You,U2,-,10,4
2022-05-21,13,Higher,Tems,-,13,1
2022-05-21,14,With You,HA SUNG WOON x Jimin,-,14,1
2022-05-21,15,Perfect,Ed Sheeran,-,1,16
2022-05-21,16,Good Boy Gone Bad,TOMORROW X TOGETHER,-,16,1
2022-05-21,17,Martin & Gina,Polo G,-,17,1
2022-05-21,18,The Heart Part 5,Kendrick Lamar,-,18,1
2022-05-21,19,Last Last,Burna Boy,-,19,1
2022-05-21,20,Moscow Mule,Bad Bunny,-,20,1
2022-05-21,21,Could I Be Somebody,rei brown,-,21,1
2022-05-21,22,Puffin On Zootiez,Future,8,8,2
2022-05-21,23,No Time To Die,Billie Eilish,-,1,7
2022-05-21,24,Vegas,Doja Cat,-,24,1
2022-05-21,25,United In Grief,Kendrick Lamar,-,25,1
2022-05-28,1,Hope Ur OK,Olivia Rodrigo,-,1,1
2022-05-28,2,One Day,Imagine Dragons,-,2,1
2022-05-28,3,Hoax,Taylor Swift,-,3,1
2022-05-28,4,Phantom Regret By Jim,The Weeknd,-,4,1
2022-05-28,5,Blood,My Chemical Romance,-,5,1
2022-05-28,6,Haaray,Abdul Hannan,-,6,1
2022-05-28,7,Last Last,Burna Boy,19,7,2
2022-05-28,8,As It Was,Harry Styles,-,1,4
2022-05-28,9,N95,Kendrick Lamar,-,9,1
2022-05-28,10,Agosto,Bad Bunny,-,10,1
2022-05-28,11,We Cry Together,Kendrick Lamar & Taylour Paige,-,11,1
2022-05-28,12,Silent Hill,Kendrick Lamar & Kodak Black,-,12,1
2022-05-28,13,United In Grief,Kendrick Lamar,25,13,2
2022-05-28,14,Neverita,Bad Bunny,-,14,1
2022-05-28,15,I'm Not Pretty,Jessia,-,12,3
2022-05-28,16,Rich Spirit,Kendrick Lamar,-,16,1
2022-05-28,17,Safari,"Tyler, The Creator",-,17,1
2022-05-28,18,Worldwide Steppers,Kendrick Lamar,-,18,1
2022-05-28,19,Cooped Up,Post Malone Featuring Roddy Ricch,-,19,1
2022-05-28,20,Die Hard,"Kendrick Lamar , Blxst & Amanda Reifer",-,20,1
2022-05-28,21,Father Time,Kendrick Lamar Featuring Sampha,-,21,1
2022-05-28,22,Savior,"Kendrick Lamar , Baby Keem, & Sam Dew",-,22,1
2022-05-28,23,Count Me Out,Kendrick Lamar,-,23,1
2022-05-28,24,NVMD,Denise Julia,-,24,1
2022-05-28,25,Gogo Dance,El Alfa,-,25,1
2022-06-04,1,Rap God,Eminem,-,1,1
2022-06-04,2,Without Me,Eminem,-,2,2
2022-06-04,3,Maxwell's Silver Hammer,The Beatles,-,3,1
2022-06-04,4,Running Up That Hill (A Deal With God),Kate Bush,-,4,1
2022-06-04,5,As It Was,Harry Styles,8,1,5
2022-06-04,6,Agosto,Bad Bunny,10,6,2
2022-06-04,7,The Sound Of Silence,Simon & Garfunkel,-,7,1
2022-06-04,8,Hope Ur OK,Olivia Rodrigo,1,1,2
2022-06-04,9,Danger Zone,Kenny Loggins,-,9,1
2022-06-04,10,You'll Never Walk Alone,Gerry And The Pacemakers,-,1,7
2022-06-04,11,Solid,Young Thug & Gunna Featuring Drake,-,11,1
2022-06-04,12,Heat Waves,Glass Animals,-,1,20
2022-06-04,13,Haaray,Abdul Hannan,6,6,2
2022-06-04,14,More Than This,Roxy Music,-,14,1
2022-06-04,15,Enjoy The Silence,Depeche Mode,-,15,1
2022-06-04,16,Gurenge,LiSA,-,16,1
2022-06-04,17,Love Nwantiti (Ah Ah Ah),CKay,-,3,7
2022-06-04,18,Easy On Me,Adele,-,1,22
2022-06-04,19,Personal Jesus,Depeche Mode,-,19,1
2022-06-04,20,First Class,Jack Harlow,-,10,2
2022-06-04,21,Somebody,Depeche Mode,-,21,1
2022-06-04,22,Hoax,Taylor Swift,3,3,2
2022-06-04,23,Friday,Riton X Nightcrawlers Featuring Mufasa & Hypeman,-,4,10
2022-06-04,24,California Dreamin',The Mamas & The Papas,-,24,1
2022-06-04,25,Hold My Hand,Lady Gaga,-,19,2
2022-06-11,1,Running Up That Hill (A Deal With God),Kate Bush,4,1,2
2022-06-11,2,As It Was,Harry Styles,5,1,6
2022-06-11,3,Your Song,Elton John,-,3,4
2022-06-11,4,Muy Feliz,Nejo X Nicky Jam X Silvestre Dangond,-,4,1
2022-06-11,5,Bodies,Sex Pistols,-,5,1
2022-06-11,6,El Pony,Daddy Yankee,-,6,1
2022-06-11,7,Hope Ur OK,Olivia Rodrigo,8,1,3
2022-06-11,8,When You Wish Upon A Star,Cliff Edwards & Disney Studio Chorus,-,8,1
2022-06-11,9,Happier Than Ever,Billie Eilish,-,7,8
2022-06-11,10,Bailando Te Conoci,Rusherking X Duki,-,10,1
2022-06-11,11,Heat Waves,Glass Animals,12,1,21
2022-06-11,12,Good Morning Gorgeous,Mary J. Blige,-,12,1
2022-06-11,13,Una Pregunta,Maikel Delacalle & Guaynaa,-,13,1
2022-06-11,14,Mienteme,TINI X Maria Becerra,-,14,1
2022-06-11,15,Gurenge,LiSA,16,15,2
2022-06-11,16,Arrebatao,El Alfa & Chael Produciendo,-,16,1
2022-06-11,17,Danger Zone,Kenny Loggins,9,9,2
2022-06-11,18,Agosto,Bad Bunny,6,6,3
2022-06-11,19,Easy On Me,Adele,18,1,23
2022-06-11,20,Shivers,Ed Sheeran,-,10,9
2022-06-11,21,Solid,Lil Baby,-,21,1
2022-06-11,22,Hold My Hand,Lady Gaga,25,19,3
2022-06-11,23,Mirror,Kendrick Lamar,-,23,1
2022-06-11,24,Bam Bam,Camila Cabello Featuring Ed Sheeran,-,24,2
2022-06-11,25,Hot,Seventeen,-,25,1
2022-06-18,1,Running Up That Hill (A Deal With God),Kate Bush,1,1,3
2022-06-18,2,As It Was,Harry Styles,2,1,7
2022-06-18,3,Happier Than Ever,Billie Eilish,9,3,9
2022-06-18,4,Besame,Luis Fonsi & Myke Towers,-,4,1
2022-06-18,5,Your Song,Elton John,3,3,5
2022-06-18,6,Heat Waves,Glass Animals,11,1,22
2022-06-18,7,Hoax,Taylor Swift,-,3,3
2022-06-18,8,Apocalypse,Cigarettes After Sex,-,8,1
2022-06-18,9,Brighter Days,Blessing Offor,-,9,1
2022-06-18,10,Summer Breeze,Seals & Crofts,-,10,1
2022-06-18,11,Cuando Sera,Mora & Lunay,-,11,1
2022-06-18,12,Corazon de Papel,Leon Leiden & Karen Mendez,-,12,1
2022-06-18,13,Si Nos Pasamos de Tragos,Lenny de La Rosa & Tito El Bambino,-,13,1
2022-06-18,14,Bodies,Sex Pistols,5,5,2
2022-06-18,15,Wuthering Heights,Kate Bush,-,15,1
2022-06-18,16,Enemy,Imagine Dragons X JID,-,8,12
2022-06-18,17,When You Wish Upon A Star,Cliff Edwards & Disney Studio Chorus,8,8,2
2022-06-18,18,Gurenge,LiSA,15,15,3
2022-06-18,19,Mirror,Kendrick Lamar,23,19,2
2022-06-18,20,Drivers License,Olivia Rodrigo,-,2,11
2022-06-18,21,Come & Go,ArrDee,-,21,1
2022-06-18,22,We May Never Pass This Way (Again),Seals & Crofts,-,22,1
2022-06-18,23,Angel Baby,Troye Sivan,-,23,1
2022-06-18,24,Montero (Call Me By Your Name),Lil Nas X,-,1,15
2022-06-18,25,Helween,Joseph Attieh & Rodge,-,25,1
2022-06-25,1,Running Up That Hill (A Deal With God),Kate Bush,1,1,4
2022-06-25,2,As It Was,Harry Styles,2,1,8
2022-06-25,3,Heat Waves,Glass Animals,6,1,23
2022-06-25,4,Apocalypse,Cigarettes After Sex,8,4,2
2022-06-25,5,Brighter Days,Blessing Offor,9,5,2
2022-06-25,6,A Thousand Years,Christina Perri,-,6,1
2022-06-25,7,Maybe I'm Amazed,Paul McCartney,-,7,1
2022-06-25,8,Depression & Obsession,XXXTENTACION,-,8,2
2022-06-25,9,Shallow,Lady Gaga & Bradley Cooper,-,1,4
2022-06-25,10,Father And Son,Cat Stevens,-,10,2
2022-06-25,11,Shivers,Ed Sheeran,-,10,10
2022-06-25,12,Bad Habits,Ed Sheeran,-,9,12
2022-06-25,13,Wonderwall,Oasis,-,13,1
2022-06-25,14,Glimpse Of Us,Joji,-,14,1
2022-06-25,15,Easy On Me,Adele,-,1,24
2022-06-25,16,Yet To Come,BTS,-,16,1
2022-06-25,17,Ghost,Justin Bieber,-,4,5
2022-06-25,18,Happier Than Ever,Billie Eilish,3,3,10
2022-06-25,19,Light Switch,Charlie Puth,-,19,2
2022-06-25,20,Montero (Call Me By Your Name),Lil Nas X,24,1,16
2022-06-25,21,Gurenge,LiSA,18,15,4
2022-06-25,22,Enemy,Imagine Dragons X JID,16,8,13
2022-06-25,23,Wuthering Heights,Kate Bush,15,15,2
2022-06-25,24,Thats What I Want,Lil Nas X,-,24,1
2022-06-25,25,Pepas,Farruko,-,14,3
2022-07-02,1,Bug,Phish,-,1,1
2022-07-02,2,No Scrubs,TLC,-,2,1
2022-07-02,3,Golden Slumbers / Carry That Weight,The Beatles,-,3,1
2022-07-02,4,Afraid To Feel,LF SYSTEM,-,4,1
2022-07-02,5,Sally's Pigeons,Cyndi Lauper,-,5,1
2022-07-02,6,Left And Right,Charlie Puth Featuring Jung Kook,-,6,1
2022-07-02,7,Glimpse Of Us,Joji,14,7,2
2022-07-02,8,Could Have Been Me,Halsey,-,8,2
2022-07-02,9,Long Time Comin',Bruce Springsteen,-,9,1
2022-07-02,10,More Than This,Roxy Music,-,10,2
2022-07-02,11,All The Small Things,blink-182,-,11,1
2022-07-02,12,Until I Found You,Stephen Sanchez,-,12,1
2022-07-02,13,Layla,DJ Robin & Schurze,-,13,1
2022-07-02,14,Maybe I'm Amazed,Paul McCartney,7,7,2
2022-07-02,15,Running Up That Hill (A Deal With God),Kate Bush,1,1,5
2022-07-02,16,Can't Help Falling In Love,Elvis Presley With The Jordanaires,-,16,2
2022-07-02,17,Jimmy Cooks,Drake Featuring 21 Savage,-,17,1
2022-07-02,18,Something To Someone,Dermot Kennedy,-,18,1
2022-07-02,19,Your Power,Billie Eilish,-,18,2
2022-07-02,20,Wrapped Around Your Finger,Post Malone,-,20,1
2022-07-02,21,Crazy,WONHO,-,21,1
2022-07-02,22,Showing Off Her Body,DaBaby x Davido,-,22,1
2022-07-02,23,F*ck You,Lily Allen,-,23,1
2022-07-02,24,Sticky,Drake,-,24,1
2022-07-02,25,Understand,BoyWithUke,-,25,1
2022-07-09,1,Running Up That Hill (A Deal With God),Kate Bush,15,1,6
2022-07-09,2,As It Was,Harry Styles,-,1,9
2022-07-09,3,F.N.F. (Let's Go),Hitkidd & GloRilla,-,3,1
2022-07-09,4,Understand,BoyWithUke,25,4,2
2022-07-09,5,Could Have Been Me,Halsey,8,5,3
2022-07-09,6,Separate Ways (Worlds Apart),Journey,-,6,1
2022-07-09,7,Mirror,Kendrick Lamar,-,7,3
2022-07-09,8,Hoax,Taylor Swift,-,3,4
2022-07-09,9,Heat Waves,Glass Animals,-,1,24
2022-07-09,10,Pass The Dutchie,Musical Youth,-,10,1
2022-07-09,11,Master Of Puppets,Metallica,-,11,1
2022-07-09,12,Glimpse Of Us,Joji,7,7,3
2022-07-09,13,Gurenge,LiSA,-,13,5
2022-07-09,14,Afraid To Feel,LF SYSTEM,4,4,2
2022-07-09,15,POP!,Nayeon,-,15,1
2022-07-09,16,Brighter Days,Blessing Offor,-,5,3
2022-07-09,17,Bad Habits,Ed Sheeran,-,9,13
2022-07-09,18,Hope Ur OK,Olivia Rodrigo,-,1,4
2022-07-09,19,Easy On Me,Adele,-,1,25
2022-07-09,20,Friday,Riton X Nightcrawlers Featuring Mufasa & Hypeman,-,4,11
2022-07-09,21,Montero (Call Me By Your Name),Lil Nas X,-,1,17
2022-07-09,22,If I Can Dream,Elvis Presley,-,22,1
2022-07-09,23,Hold My Hand,Lady Gaga,-,19,4
2022-07-09,24,Break My Soul,Beyonce,-,24,1
2022-07-09,25,Agosto,Bad Bunny,-,6,4
2022-07-16,1,Running Up That Hill (A Deal With God),Kate Bush,1,1,7
2022-07-16,2,When It's Cold I'd Like To Die,Moby,-,2,1
2022-07-16,3,Master Of Puppets,Metallica,11,3,2
2022-07-16,4,Flower Shops,ERNEST Featuring Morgan Wallen,-,4,1
2022-07-16,5,Separate Ways (Worlds Apart),Journey,6,5,2
2022-07-16,6,One Day,Imagine Dragons,-,2,2
2022-07-16,7,F.N.F. (Let's Go),Hitkidd & GloRilla,3,3,2
2022-07-16,8,Rushmore Pack,French Montana & Harry Fraud,-,8,1
2022-07-16,9,Break Free,Reese Witherspoon & Nick Kroll,-,9,1
2022-07-16,10,Iraaday,Rovalio & Abdul Hannan,-,10,1
2022-07-16,11,Good Time,Niko Moon,-,11,1
2022-07-16,12,All I Know So Far,P!nk,-,1,3
2022-07-16,13,Playground,Bea Miller,-,13,1
2022-07-16,14,I'll Be There,Gabrielle,-,14,1
2022-07-16,15,Enemy,Imagine Dragons X JID,-,8,14
2022-07-16,16,For My Hand,Burna Boy Featuring Ed Sheeran,-,16,1
2022-07-16,17,The King & I,Eminem Featuring CeeLo Green,-,17,1
2022-07-16,18,Therese,Maya Hawke,-,18,1
2022-07-16,19,Kernkraft 400 (A Better Day),Topic & A7S,-,19,1
2022-07-16,20,Sharks,Imagine Dragons,-,20,1
2022-07-16,21,Suisei x Konyawa Boogie Back Nice Vocal,Tomoko Ikeda x TENDRE,-,21,1
2022-07-16,22,Common Person,Burna Boy,-,22,1
2022-07-16,23,Blur,dhruv,-,23,1
2022-07-16,24,Different Size,Burna Boy Featuring Victony,-,24,1
2022-07-16,25,Bloody Canvas,Polo G,-,25,1
2022-07-23,1,As It Was,Harry Styles,-,1,10
2022-07-23,2,Layla,DJ Robin & Schurze,-,2,2
2022-07-23,3,You Oughta Know,Alanis Morissette,-,3,1
2022-07-23,4,For My Hand,Burna Boy Featuring Ed Sheeran,16,4,2
2022-07-23,5,Bennie And The Jets,Elton John,-,5,2
2022-07-23,6,Tomorrow Me,Luke Combs,-,6,1
2022-07-23,7,Common Person,Burna Boy,22,7,2
2022-07-23,8,Hoax,Taylor Swift,-,3,5
2022-07-23,9,It's Plenty,Burna Boy,-,9,1
2022-07-23,10,Girls,Aespa,-,10,1
2022-07-23,11,Broadway Girls,Lil Durk Featuring Morgan Wallen,-,11,1
2022-07-23,12,More Than I Could Chew,Mastodon,-,12,1
2022-07-23,13,Part Of The Band,The 1975,-,13,1
2022-07-23,14,Sharks,Imagine Dragons,20,14,2
2022-07-23,15,Enemy,Imagine Dragons X JID,15,8,15
2022-07-23,16,Disaster,Conan Gray,-,16,1
2022-07-23,17,Kids Are Born Stars,Lauv,-,17,1
2022-07-23,18,Different Size,Burna Boy Featuring Victony,24,18,2
2022-07-23,19,Kernkraft 400 (A Better Day),Topic & A7S,19,19,2
2022-07-23,20,Cloak & Dagger,Burna Boy Featuring J Hus,-,20,1
2022-07-23,21,Lost Without You,Kygo With Dean Lewis,-,21,1
2022-07-23,22,Emotionless,Ashley Kutcher,-,22,1
2022-07-23,23,The Kind Of Love We Make,Luke Combs,-,23,1
2022-07-23,24,Betty (Get Money),Yung Gravy,-,24,1
2022-07-23,25,Master Of Puppets,Metallica,3,3,3
2022-07-30,1,Silver Bird,Mark Lindsay,-,1,1
2022-07-30,2,As It Was,Harry Styles,1,1,11
2022-07-30,3,Blinding Lights,The Weeknd,-,2,26
2022-07-30,4,Last Train To Clarksville,The Monkees,-,4,1
2022-07-30,5,American Pie (Parts I & II),Don McLean,-,5,2
2022-07-30,6,Goodbye & Thank U,Kira Kosarin,-,6,1
2022-07-30,7,Sneakers,iTZY,-,7,1
2022-07-30,8,Rocket Man,Elton John,-,1,18
2022-07-30,9,Born With Horns,Machine Gun Kelly,-,9,1
2022-07-30,10,Don't Stop Believin',Journey,-,10,2
2022-07-30,11,Hold My Hand,Lady Gaga,-,11,5
2022-07-30,12,Everything Goes On,Porter Robinson,-,12,1
2022-07-30,13,Hound Dog,Elvis Presley,-,4,2
2022-07-30,14,Perfect Day,Harry Nilsson,-,14,1
2022-07-30,15,Heat Waves,Glass Animals,-,1,25
2022-07-30,16,Ghost,Justin Bieber,-,4,6
2022-07-30,17,Dolls,Bella Poarch,-,17,1
2022-07-30,18,Mango,Super Junior,-,18,1
2022-07-30,19,August,Taylor Swift,-,2,6
2022-07-30,20,Back To Black,Amy Winehouse,-,20,1
2022-07-30,21,Cheerio,Adamn Killa Featuring Lil Uzi Vert,-,21,1
2022-07-30,22,Glimpse Of Us,Joji,-,7,4
2022-07-30,23,Betty (Get Money),Yung Gravy,24,23,2
2022-07-30,24,Shivers,Ed Sheeran,-,10,11
2022-07-30,25,Numb Little Bug,Em Beihold,-,25,1
2022-08-06,1,Both Sides Now,Joni Mitchell,-,1,2
2022-08-06,2,Silver Bird,Mark Lindsay,1,1,2
2022-08-06,3,August,Taylor Swift,19,2,7
2022-08-06,4,Already Gone,Eagles,-,4,1
2022-08-06,5,Another Love,Tom Odell,-,2,17
2022-08-06,6,As It Was,Harry Styles,2,1,12
2022-08-06,7,Flowers Never Bend With The Rainfall,Simon & Garfunkel,-,7,1
2022-08-06,8,No Woman No Cry,Bob Marley And The Wailers,-,8,1
2022-08-06,9,If I Were A Boy,Beyonce,-,1,2
2022-08-06,10,A Case Of You,Joni Mitchell,-,8,2
2022-08-06,11,Alive,Pearl Jam,-,11,1
2022-08-06,12,Hoax,Taylor Swift,-,3,6
2022-08-06,13,F.N.F. (Let's Go),Hitkidd & GloRilla,-,3,3
2022-08-06,14,Space Song,Beach House,-,14,1
2022-08-06,15,Goodbye & Thank U,Kira Kosarin,6,6,2
2022-08-06,16,Wow,Kate Bush,-,16,1
2022-08-06,17,This Woman's Work,Kate Bush,-,17,2
2022-08-06,18,Beautiful Monster,STAYC,-,18,1
2022-08-06,19,2 Be Loved (Am I Ready),Lizzo,-,19,1
2022-08-06,20,Doja,Central Cee,-,20,1
2022-08-06,21,Last Train To Clarksville,The Monkees,4,4,2
2022-08-06,22,Late Night Feels,Sam Feldt & Monsta X,-,22,1
2022-08-06,23,TV,Billie Eilish,-,23,1
2022-08-06,24,About Damn Time,Lizzo,-,14,2
2022-08-06,25,The 30th,Billie Eilish,-,25,1
2022-08-13,1,August,Taylor Swift,3,1,8
2022-08-13,2,Tapioca Tundra,The Monkees,-,2,1
2022-08-13,3,Blinding Lights,The Weeknd,-,2,27
2022-08-13,4,Another Love,Tom Odell,5,2,18
2022-08-13,5,Fever,Beyonce,-,5,1
2022-08-13,6,Hoax,Taylor Swift,12,3,7
2022-08-13,7,Running Up That Hill (A Deal With God),Kate Bush,-,1,8
2022-08-13,8,About Damn Time,Lizzo,24,8,3
2022-08-13,9,DNA,Craig David & Galantis,-,9,1
2022-08-13,10,Sun Will Shine Tomorrow,Robin Schulz & Tom Walker,-,10,1
2022-08-13,11,Hold The Girl,Rina Sawayama,-,11,1
2022-08-13,12,Pressurelicious,Megan Thee Stallion Featuring Future,-,12,1
2022-08-13,13,2 Die 4,Tove Lo,-,13,1
2022-08-13,14,Agosto,Bad Bunny,-,6,5
2022-08-13,15,Mon Amour,Stromae With Camila Cabello,-,15,1
2022-08-13,16,Break My Heart Myself,Bebe Rexha & RYUJIN Of ITZY Or Featuring Travis Barker,-,16,1
2022-08-13,17,wondering/wandering,Kehlani Featuring Ambre & Thundercat,-,17,1
2022-08-13,18,Crack A Bottle,"Eminem , Dr. Dre & 50 Cent",-,18,1
2022-08-13,19,I Won't,AJR,-,19,1
2022-08-13,20,Bandana,Fireboy DML & Asake,-,20,1
2022-08-13,21,Vette Motors,YoungBoy Never Broke Again,-,21,1
2022-08-13,22,Forever 1,Girls' Generation,-,22,1
2022-08-13,23,Colors,"Gryffin , Blanke & Eyelar",-,23,1
2022-08-13,24,Mixtape : Time Out,Stray Kids,-,24,1
2022-08-13,25,Better Alone,Benson Boone,-,25,1
2022-08-20,1,Mary On A Cross,Ghost,-,1,1
2022-08-20,2,Physical,Olivia Newton-John,-,2,1
2022-08-20,3,Magic,Olivia Newton-John,-,3,1
2022-08-20,4,I Honestly Love You,Olivia Newton-John,-,4,1
2022-08-20,5,As It Was,Harry Styles,-,1,13
2022-08-20,6,Just as Good,Chris Renzema Featuring Ellie Holcomb,-,6,1
2022-08-20,7,Livin' My Best Life,Dylan Scott,-,7,1
2022-08-20,8,In Da Club,50 Cent,-,1,2
2022-08-20,9,Not Over Yet,KSI & Tom Grennan,-,9,1
2022-08-20,10,Bad Decisions,"Benny Blanco , BTS & Snoop Dogg",-,10,1
2022-08-20,11,All She Wanna Do,John Legend Featuring Saweetie,-,11,1
2022-08-20,12,History,Joel Corry & Becky Hill,-,12,1
2022-08-20,13,Forever 1,Girls' Generation,22,13,2
2022-08-20,14,F.N.F. (Let's Go),Hitkidd & GloRilla,-,3,4
2022-08-20,15,Happier Than Ever,Billie Eilish,-,3,11
2022-08-20,16,Break My Soul,Beyonce,-,16,2
2022-08-20,17,Alone,Rod Wave,-,17,1
2022-08-20,18,Reprise,The Lumineers,-,18,1
2022-08-20,19,Throwing Good After Bad,Brandi Carlile,-,19,1
2022-08-20,20,Bandana,Fireboy DML & Asake,20,20,2
2022-08-20,21,Umm Hmm,YoungBoy Never Broke Again,-,21,1
2022-08-20,22,Alien Superstar,Beyonce,-,22,1
2022-08-20,23,Lost Soul Survivor,YoungBoy Never Broke Again,-,23,1
2022-08-20,24,Come Back Home,Sofia Carson,-,24,1
2022-08-20,25,About Damn Time,Lizzo,8,8,4
2022-08-27,1,Mary On A Cross,Ghost,1,1,2
2022-08-27,2,As It Was,Harry Styles,5,1,14
2022-08-27,3,None Shall Pass,Aesop Rock,-,3,1
2022-08-27,4,Running Up That Hill (A Deal With God),Kate Bush,-,1,9
2022-08-27,5,Another Love,Tom Odell,-,2,19
2022-08-27,6,2 Much,Hotboii,-,6,1
2022-08-27,7,Break My Soul,Beyonce,16,7,3
2022-08-27,8,Until I Found You,Stephen Sanchez,-,8,2
2022-08-27,9,Vegas,Doja Cat,-,9,2
2022-08-27,10,Bad Habit,Steve Lacy,-,10,1
2022-08-27,11,"New Recording 12, Jan 3, 2020",Post Malone,-,11,1
2022-08-27,12,Livin' My Best Life,Dylan Scott,7,7,2
2022-08-27,13,Cirice,Ghost,-,13,1
2022-08-27,14,Super Freaky Girl,Nicki Minaj,-,14,1
2022-08-27,15,Alien Superstar,Beyonce,22,15,2
2022-08-27,16,Sunroof,Nicky Youre & dazy,-,16,1
2022-08-27,17,I Like You (A Happier Song),Post Malone Featuring Doja Cat,-,17,1
2022-08-27,18,Bones,Imagine Dragons,-,18,1
2022-08-27,19,Easy On Me,Adele,-,1,26
2022-08-27,20,Easy Lover,Ellie Goulding Featuring Big Sean,-,20,1
2022-08-27,21,Glimpse Of Us,Joji,-,7,5
2022-08-27,22,Music For A Sushi Restaurant,Harry Styles,-,22,1
2022-08-27,23,Love Me More,Sam Smith,-,23,1
2022-08-27,24,Come Back Home,Sofia Carson,24,24,2
2022-08-27,25,Bandana,Fireboy DML & Asake,20,20,3
2022-09-03,1,Mary On A Cross,Ghost,1,1,3
2022-09-03,2,Bohemian Rhapsody,Queen,-,1,8
2022-09-03,3,Another Love,Tom Odell,5,2,20
2022-09-03,4,As It Was,Harry Styles,2,1,15
2022-09-03,5,Running Up That Hill (A Deal With God),Kate Bush,4,1,10
2022-09-03,6,Love Of My Life,Harry Styles,-,6,1
2022-09-03,7,Apocalypse,Cigarettes After Sex,-,4,3
2022-09-03,8,Someone Like You,Adele,-,4,6
2022-09-03,9,Livin' My Best Life,Dylan Scott,12,7,3
2022-09-03,10,Super Freaky Girl,Nicki Minaj,14,10,2
2022-09-03,11,2 Much,Hotboii,6,6,2
2022-09-03,12,After Like,IVE,-,12,1
2022-09-03,13,You Proof,Morgan Wallen,-,13,1
2022-09-03,14,Come Back Home,Sofia Carson,24,14,3
2022-09-03,15,First Class,Jack Harlow,-,10,3
2022-09-03,16,Ferrari,James Hype & Miggy Dela Rosa,-,16,1
2022-09-03,17,Tides,Ed Sheeran,-,17,1
2022-09-03,18,Big Energy,Latto,-,18,1
2022-09-03,19,Perfection,Switch,-,19,1
2022-09-03,20,Evermore,Taylor Swift Featuring Bon Iver,-,17,2
2022-09-03,21,Thousand Miles,The Kid Laroi,-,21,1
2022-09-03,22,Pink Venom,BLACKPINK,-,22,1
2022-09-03,23,Electricity,Pheelz x Davido,-,23,1
2022-09-03,24,Where Are You Now,Lost Frequencies & Calum Scott,-,24,1
2022-09-03,25,Flowers,Lauren Spencer Smith,-,25,1
2022-09-10,1,Aurora,Foo Fighters,-,1,1
2022-09-10,2,Dirty Harry,Gorillaz,-,2,1
2022-09-10,3,Mary On A Cross,Ghost,1,1,4
2022-09-10,4,My Hero,Foo Fighters,-,4,1
2022-09-10,5,Times Like These,Foo Fighters,-,5,2
2022-09-10,6,Under The Influence,Chris Brown,-,6,1
2022-09-10,7,Murder Most Foul,Bob Dylan,-,7,1
2022-09-10,8,Everlong,Foo Fighters,-,1,3
2022-09-10,9,Talk That Talk,Twice,-,9,1
2022-09-10,10,Hold Me Closer,Elton John & Britney Spears,-,10,1
2022-09-10,11,Once A Day,Mac Miller,-,11,1
2022-09-10,12,Best Of You,Foo Fighters,-,5,4
2022-09-10,13,I'm Good (Blue),David Guetta & Bebe Rexha,-,13,1
2022-09-10,14,Neverita,Bad Bunny,-,14,2
2022-09-10,15,Wake Me Up When September Ends,Green Day,-,4,4
2022-09-10,16,Broken Horses,Brandi Carlile,-,16,1
2022-09-10,17,God Did,"DJ Khaled Featuring Rick Ross , Lil Wayne , Jay-Z , John Legend & Fridayy",-,17,1
2022-09-10,18,Verona,Muse,-,18,1
2022-09-10,19,F.N.F. (Let's Go),Hitkidd & GloRilla,-,3,5
2022-09-10,20,Struttin',Thumpasaurus,-,20,1
2022-09-10,21,He Is,Ghost,-,21,1
2022-09-10,22,Turban,Yeat,-,22,1
2022-09-10,23,All Too Well (Taylor's Version),Taylor Swift,-,1,3
2022-09-10,24,The Pretender,Foo Fighters,-,24,1
2022-09-10,25,Beat The Odds,Lil Tjay,-,25,1
2022-09-17,1,The Queen Is Dead,The Smiths,-,1,1
2022-09-17,2,My Hero,Foo Fighters,4,2,2
2022-09-17,3,As It Was,Harry Styles,-,1,16
2022-09-17,4,Aurora,Foo Fighters,1,1,2
2022-09-17,5,God Save The Queen,Sex Pistols,-,5,1
2022-09-17,6,Times Like These,Foo Fighters,5,5,3
2022-09-17,7,Elizabeth My Dear,The Stone Roses,-,7,1
2022-09-17,8,Another Love,Tom Odell,-,2,21
2022-09-17,9,Running Up That Hill (A Deal With God),Kate Bush,-,1,11
2022-09-17,10,Complex (Demo),Katie Gregson-MacLeod,-,10,1
2022-09-17,11,When You Wish Upon A Star,Cliff Edwards & Disney Studio Chorus,-,8,3
2022-09-17,12,Dreams,Fleetwood Mac,-,4,8
2022-09-17,13,Don't Stop Me Now,Queen,-,9,3
2022-09-17,14,Don't Let The Sun Go Down On Me,Elton John,-,14,5
2022-09-17,15,Glimpse Of Us,Joji,-,7,6
2022-09-17,16,Cirice,Ghost,-,13,2
2022-09-17,17,Back To December,Taylor Swift,-,3,2
2022-09-17,18,Nothing Else Matters,Metallica,-,5,2
2022-09-17,19,Million Dollar Baby,Ava Max,-,19,1
2022-09-17,20,Betty (Get Money),Yung Gravy,-,20,3
2022-09-17,21,Heat Waves,Glass Animals,-,1,26
2022-09-17,22,Neverita,Bad Bunny,14,14,3
2022-09-17,23,Temple Of Ekur,Volbeat,-,23,1
2022-09-17,24,Where It Ends,Bailey Zimmerman,-,24,1
2022-09-17,25,Vegas,Doja Cat,-,9,3
2022-09-24,1,Fire And Rain,James Taylor,-,1,2
2022-09-24,2,Put Me In A Movie,Lana Del Rey,-,2,1
2022-09-24,3,She Keeps Me Up,Nickelback,-,3,1
2022-09-24,4,Slide,Goo Goo Dolls,-,4,1
2022-09-24,5,Running Up That Hill (A Deal With God),Kate Bush,9,1,12
2022-09-24,6,Sunroof,Nicky Youre & dazy,-,6,2
2022-09-24,7,Evergreen,Omar Apollo,-,7,1
2022-09-24,8,Bad To Me,Wizkid,-,8,1
2022-09-24,9,Easy On Me,Adele,-,1,27
2022-09-24,10,Make You Say,"Zedd , Maren Morris & BEAUZ",-,10,1
2022-09-24,11,Another Love,Tom Odell,8,2,22
2022-09-24,12,Getting Started,Jeremy Camp,-,12,1
2022-09-24,13,Pink Venom,BLACKPINK,-,13,2
2022-09-24,14,Don't Come Lookin',Jackson Dean,-,14,1
2022-09-24,15,Forget Me,Lewis Capaldi,-,15,1
2022-09-24,16,Woke Up In Love,"Kygo , Gryffin & Calum Scott",-,16,1
2022-09-24,17,The Sacred Stones,Volbeat,-,17,1
2022-09-24,18,madhouse,Nessa Barrett,-,18,1
2022-09-24,19,Shut Down,BLACKPINK,-,19,1
2022-09-24,20,Bodak Yellow (Money Moves),Cardi B,-,2,14
2022-09-24,21,Sunflower (Spider-Man: Into The Spider-Verse),Post Malone & Swae Lee,-,1,21
2022-09-24,22,Wasted On You,Morgan Wallen,-,22,2
2022-09-24,23,THE_EVIL_THAT_MEN_DO,$uicideboy$,-,23,1
2022-09-24,24,Rush,Ayra Starr,-,24,1
2022-09-24,25,Desesperado,Evan Craft,-,25,1
2022-10-01,1,Year Zero,Ghost B.C.,-,1,1
2022-10-01,2,Another Love,Tom Odell,11,2,23
2022-10-01,3,All My Life,Foo Fighters,-,3,3
2022-10-01,4,Over The Rainbow,Judy Garland,-,4,1
2022-10-01,5,Sunday Morning Feeling,Apollo LTD Featuring Ryan Stevenson,-,5,1
2022-10-01,6,Cometa,Juliana,-,6,1
2022-10-01,7,Shut Down,BLACKPINK,19,7,2
2022-10-01,8,Moonage Daydream,David Bowie,-,8,1
2022-10-01,9,Happier Than Ever,Billie Eilish,-,3,12
2022-10-01,10,Movie Star,"Steve Aoki , Mod Sun & Global Dan",-,10,1
2022-10-01,11,Rush,Ayra Starr,24,11,2
2022-10-01,12,Could Have Been Me,Halsey,-,5,4
2022-10-01,13,Dice,NMIXX,-,13,1
2022-10-01,14,1 Milhao de Levada,MC Kako Featuring DJ Boy,-,14,1
2022-10-01,15,The Exit,Conan Gray,-,15,1
2022-10-01,16,Enemy,Imagine Dragons X JID,-,8,16
2022-10-01,17,Cirice,Ghost,-,13,3
2022-10-01,18,Bad Habit,Steve Lacy,-,10,2
2022-10-01,19,The Weight Of Dreams,Greta Van Fleet,-,19,1
2022-10-01,20,Love Of My Life,Harry Styles,-,6,2
2022-10-01,21,Church Girl,Beyonce,-,21,1
2022-10-01,22,Back To December,Taylor Swift,-,3,3
2022-10-01,23,Waddup,PGF Nuk Featuring Polo G,-,23,1
2022-10-01,24,Grateful,DJ Khaled,-,24,1
2022-10-01,25,Thank God,Kane Brown With Katelyn Brown,-,25,1
2022-10-08,1,Gangsta's Paradise,Coolio Featuring L.V.,-,1,1
2022-10-08,2,Year Zero,Ghost B.C.,1,1,2
2022-10-08,3,Bad Habit,Steve Lacy,18,3,3
2022-10-08,4,"C U When U Get There (From ""Nothing To Lose"")",Coolio Featuring 40 Thevz,-,4,1
2022-10-08,5,Stayin' Alive,Avu-chan (Queen Bee),-,5,1
2022-10-08,6,Mary On A Cross,Ghost,-,1,5
2022-10-08,7,Another Love,Tom Odell,2,2,24
2022-10-08,8,Umbrella,Rihanna Featuring Jay-Z,-,8,1
2022-10-08,9,Throwing Good After Bad,Brandi Carlile,-,9,2
2022-10-08,10,Cometa,Juliana,6,6,2
2022-10-08,11,Window Of The Waking Mind,Coheed and Cambria,-,11,1
2022-10-08,12,Fantastic Voyage,Coolio,-,12,1
2022-10-08,13,Satellite,Khalid,-,13,1
2022-10-08,14,Darkside Blues,Ozzy Osbourne,-,14,1
2022-10-08,15,Mirror,Kendrick Lamar,-,7,4
2022-10-08,16,Evergreen,Omar Apollo,-,7,2
2022-10-08,17,October,U2,-,10,3
2022-10-08,18,Super Freaky Girl,Nicki Minaj,-,10,3
2022-10-08,19,Cannibal,Ke$ha,-,19,1
2022-10-08,20,Dark Horse,Katy Perry Featuring Juicy J,-,20,1
2022-10-08,21,I Like You (A Happier Song),Post Malone Featuring Doja Cat,-,17,2
2022-10-08,22,Rush,Ayra Starr,11,11,3
2022-10-08,23,Soja,Black Sherif,-,23,1
2022-10-08,24,I'm Good (Blue),David Guetta & Bebe Rexha,-,13,2
2022-10-08,25,Tomorrow 2,GloRilla & Cardi B,-,25,1
2022-10-15,1,Another Love,Tom Odell,7,1,25
2022-10-15,2,Jesus Of Suburbia,Green Day,-,2,1
2022-10-15,3,Bad Habit,Steve Lacy,3,3,4
2022-10-15,4,I'm So Sick,Flyleaf,-,4,1
2022-10-15,5,Apocalypse,Cigarettes After Sex,-,4,4
2022-10-15,6,Father And Son,Cat Stevens,-,6,3
2022-10-15,7,Mary On A Cross,Ghost,6,1,6
2022-10-15,8,All My Life,Foo Fighters,-,3,4
2022-10-15,9,Stayin' Alive,Avu-chan (Queen Bee),5,5,2
2022-10-15,10,Year Zero,Ghost B.C.,2,1,3
2022-10-15,11,Golden Hour,JVKE,-,11,1
2022-10-15,12,Complex (Demo),Katie Gregson-MacLeod,-,10,2
2022-10-15,13,Star Walkin' (League Of Legends Worlds Anthem),Lil Nas X,-,13,1
2022-10-15,14,Unholy,Sam Smith & Kim Petras,-,14,1
2022-10-15,15,Count On Me,Jac Ross,-,15,1
2022-10-15,16,Uh Oh,Tate McRae,-,16,1
2022-10-15,17,Dark Horse,Katy Perry Featuring Juicy J,20,17,2
2022-10-15,18,You And Me On The Rock,Brandi Carlile Featuring Lucius,-,18,1
2022-10-15,19,The Problem Song,Valley,-,19,1
2022-10-15,20,Calm Down,Rema & Selena Gomez,-,20,1
2022-10-15,21,Even At My Worst,Blanca,-,21,1
2022-10-15,22,Snap,Rosa Linn,-,22,1
2022-10-15,23,I Remember,Cheat Codes X Russell Dickerson,-,23,1
2022-10-15,24,Here With Me,d4vd,-,24,1
2022-10-15,25,Until I Found You,Stephen Sanchez,-,8,3
2022-10-22,1,I'm So Sick,Flyleaf,4,1,2
2022-10-22,2,Another Love,Tom Odell,1,1,26
2022-10-22,3,Celtic Symphony,Wolfe Tones,-,3,1
2022-10-22,4,Brother,Gerard Way,-,4,1
2022-10-22,5,Bad Habit,Steve Lacy,3,3,5
2022-10-22,6,Freaking Out The Neighborhood,Mac DeMarco,-,6,1
2022-10-22,7,I Miss You,blink-182,-,7,1
2022-10-22,8,Face It Alone,Queen,-,8,1
2022-10-22,9,Running Up That Hill (A Deal With God),Kate Bush,-,1,13
2022-10-22,10,Mary On A Cross,Ghost,7,1,7
2022-10-22,11,Cirice,Ghost,-,11,4
2022-10-22,12,Stayin' Alive,Avu-chan (Queen Bee),9,5,3
2022-10-22,13,All The Small Things,blink-182,-,11,2
2022-10-22,14,Balcony Scene (Tonight),Rachel Zegler & Ansel Elgort,-,14,1
2022-10-22,15,Scandalous,Gryffin & Tinashe,-,15,1
2022-10-22,16,Snap,Rosa Linn,22,16,2
2022-10-22,17,Real Reason,EST Gee,-,17,1
2022-10-22,18,Fires,Jordan St. Cyr,-,18,1
2022-10-22,19,All By Myself,"Alok , Sigala & Ellie Goulding",-,19,1
2022-10-22,20,What My World Spins Around,Jordan Davis,-,20,1
2022-10-22,21,Case 143,Stray Kids,-,21,1
2022-10-22,22,Heyy,Lil Baby,-,22,1
2022-10-22,23,Forget Me,Lewis Capaldi,-,15,2
2022-10-22,24,Enemy,Imagine Dragons X JID,-,8,17
2022-10-22,25,Love You Better,Future,-,25,1
2022-10-29,1,Gilded Lily,Cults,-,1,1
2022-10-29,2,Bad Habit,Steve Lacy,5,2,6
2022-10-29,3,Another Love,Tom Odell,2,1,27
2022-10-29,4,Mary On A Cross,Ghost,10,1,8
2022-10-29,5,Daydream,Lily Meola,-,5,1
2022-10-29,6,Running Up That Hill (A Deal With God),Kate Bush,9,1,14
2022-10-29,7,Who I Am,Ben Fuller,-,7,1
2022-10-29,8,Poland,Lil Yachty,-,8,1
2022-10-29,9,Idana,Jayson in town,-,9,1
2022-10-29,10,Bejeweled,Taylor Swift,-,10,1
2022-10-29,11,All My Life,Foo Fighters,-,3,5
2022-10-29,12,Out Of My System,Louis Tomlinson,-,12,1
2022-10-29,13,Enemy,Imagine Dragons X JID,24,8,18
2022-10-29,14,I Ain't Worried,OneRepublic,-,14,1
2022-10-29,15,Sunsets With You,Cliff & YDEN,-,15,1
2022-10-29,16,Uh Oh,Tate McRae,-,16,2
2022-10-29,17,Brighter Days,Blessing Offor,-,5,4
2022-10-29,18,XXXX,Feid,-,5,5
2022-10-29,19,Year Zero,Ghost B.C.,-,1,4
2022-10-29,20,Anti-Hero,Taylor Swift,-,20,1
2022-10-29,21,Real Spill,Lil Baby,-,21,1
2022-10-29,22,Montero (Call Me By Your Name),Lil Nas X,-,1,18
2022-10-29,23,About Damn Time,Lizzo,-,8,5
2022-10-29,24,Sunroof,Nicky Youre & dazy,-,6,3
2022-10-29,25,Forget Me,Lewis Capaldi,23,15,3
2022-11-05,1,Gilded Lily,Cults,1,1,2
2022-11-05,2,Anti-Hero,Taylor Swift,20,2,2
2022-11-05,3,Another Love,Tom Odell,3,1,28
2022-11-05,4,Lavender Haze,Taylor Swift,-,4,1
2022-11-05,5,Light Switch,Charlie Puth,-,5,3
2022-11-05,6,Mary On A Cross,Ghost,4,1,9
2022-11-05,7,Something In The Orange,Zach Bryan,-,7,1
2022-11-05,8,Season Of The Witch,Donovan,-,8,3
2022-11-05,9,As It Was,Harry Styles,-,1,17
2022-11-05,10,Fly Away,Tones And I,-,10,1
2022-11-05,11,Love Grows (Where My Rosemary Goes),SMYLES,-,11,1
2022-11-05,12,I Like That,Bazzi,-,12,1
2022-11-05,13,Bejeweled,Taylor Swift,10,10,2
2022-11-05,14,Grapefruit,Tove Lo,-,14,1
2022-11-05,15,Question...?,Taylor Swift,-,15,1
2022-11-05,16,Cuff It,Beyonce,-,16,1
2022-11-05,17,First Class,Jack Harlow,-,10,4
2022-11-05,18,When I Get Old,Christopher x CHUNG HA,-,18,1
2022-11-05,19,Ghost Town,Benson Boone,-,19,1
2022-11-05,20,2 Be Loved (Am I Ready),Lizzo,-,19,2
2022-11-05,21,I Ain't Worried,OneRepublic,14,14,2
2022-11-05,22,Space Man,Sam Ryder,-,22,1
2022-11-05,23,29,Demi Lovato,-,23,1
2022-11-05,24,I Like You (A Happier Song),Post Malone Featuring Doja Cat,-,17,3
2022-11-05,25,Golden Hour,JVKE,-,11,2
2022-11-12,1,Anti-Hero,Taylor Swift,2,1,3
2022-11-12,2,November Rain,Guns N' Roses,-,2,5
2022-11-12,3,Another Love,Tom Odell,3,1,29
2022-11-12,4,Gilded Lily,Cults,1,1,3
2022-11-12,5,Merry Christmas Baby,Otis Redding,-,5,1
2022-11-12,6,Light Switch,Charlie Puth,5,5,4
2022-11-12,7,Santa Baby,Kylie Minogue,-,7,3
2022-11-12,8,First Class,Jack Harlow,17,8,5
2022-11-12,9,Mary On A Cross,Ghost,6,1,10
2022-11-12,10,I Will Survive,Gloria Gaynor,-,10,2
2022-11-12,11,Running Up That Hill (A Deal With God),Kate Bush,-,1,15
2022-11-12,12,Super Gremlin,Kodak Black,-,12,3
2022-11-12,13,Closer,Saweetie Featuring H.E.R.,-,13,1
2022-11-12,14,Who I Am,Ben Fuller,-,7,2
2022-11-12,15,I Feel Good,Pink Sweat$,-,15,1
2022-11-12,16,I Like You (A Happier Song),Post Malone Featuring Doja Cat,24,16,4
2022-11-12,17,Master Of Puppets,Metallica,-,3,4
2022-11-12,18,Golden Hour,JVKE,25,11,3
2022-11-12,19,Surface Pressure,Jessica Darrow,-,13,2
2022-11-12,20,Here With Me,d4vd,-,20,2
2022-11-12,21,Victoria's Secret,Jax,-,21,1
2022-11-12,22,B. D'or,Burna Boy & Wizkid,-,22,1
2022-11-12,23,You And Me On The Rock,Brandi Carlile Featuring Lucius,-,18,2
2022-11-12,24,Unholy,Sam Smith & Kim Petras,-,14,2
2022-11-12,25,Stayin' Alive,Avu-chan (Queen Bee),-,5,4
2022-11-19,1,Santa Baby,Kylie Minogue,7,1,4
2022-11-19,2,Another Love,Tom Odell,3,1,30
2022-11-19,3,Driving Home For Christmas,Chris Rea,-,3,3
2022-11-19,4,Here With Me,d4vd,20,4,3
2022-11-19,5,November Rain,Guns N' Roses,2,2,6
2022-11-19,6,Anti-Hero,Taylor Swift,1,1,4
2022-11-19,7,Merry Christmas Baby,Otis Redding,5,5,2
2022-11-19,8,Loaded,Asake & Tiwa Savage,-,8,1
2022-11-19,9,First Class,Jack Harlow,8,8,6
2022-11-19,10,Gilded Lily,Cults,4,1,4
2022-11-19,11,Closer,Saweetie Featuring H.E.R.,13,11,2
2022-11-19,12,Please Come Home For Christmas,Charles Brown,-,12,1
2022-11-19,13,Waiting On A Miracle,Stephanie Beatriz,-,12,2
2022-11-19,14,Where the Streets Have No Name,"Tori Kelly , Taron Egerton, Scarlett Johansson , Reese Witherspoon , & Nick Kroll",-,14,1
2022-11-19,15,Super Gremlin,Kodak Black,12,12,4
2022-11-19,16,Something In The Orange,Zach Bryan,-,7,2
2022-11-19,17,Girl From Rio,Anitta Featuring DaBaby,-,17,1
2022-11-19,18,Rich Flex,Drake & 21 Savage,-,18,1
2022-11-19,19,Who I Am,Ben Fuller,14,7,3
2022-11-19,20,Kick Back,Kenshi Yonezu,-,20,1
2022-11-19,21,Lose Your Love,Gryffin & Matt Maeson,-,21,1
2022-11-19,22,The Rumbling,SiM,-,22,1
2022-11-19,23,Stayin' Alive,Avu-chan (Queen Bee),25,5,5
2022-11-19,24,Lovesick,Alan Walker & Sophie Simmons,-,24,1
2022-11-19,25,B. D'or,Burna Boy & Wizkid,22,22,2
2022-11-26,1,White Rabbit,Jefferson Airplane,-,1,4
2022-11-26,2,Somebody That I Used To Know,Gotye Featuring Kimbra,-,2,1
2022-11-26,3,Alone,Burna Boy,-,3,1
2022-11-26,4,When We Were Young,Adele,-,4,7
2022-11-26,5,Let Him Fly,Patty Griffin,-,5,1
2022-11-26,6,Higher Power,Coldplay,-,6,3
2022-11-26,7,Anti-Hero,Taylor Swift,6,1,5
2022-11-26,8,Both Sides Now,Emilia Jones,-,8,1
2022-11-26,9,Animal,Pvris,-,9,1
2022-11-26,10,Lose You,Afrojack & James Arthur,-,10,1
2022-11-26,11,Weapons,Ava Max,-,11,1
2022-11-26,12,My Mind & Me,Selena Gomez,-,12,1
2022-11-26,13,Gilded Lily,Cults,10,1,5
2022-11-26,14,Damn (You've Got Me Saying),"Galantis , David Guetta & MNEK",-,14,1
2022-11-26,15,Christmas Time Is Here,Chicago,-,15,1
2022-11-26,16,Made You Look,Meghan Trainor,-,16,1
2022-11-26,17,New Light,John Mayer,-,12,2
2022-11-26,18,2 Sugar,Wizkid Featuring Ayra Starr,-,18,1
2022-11-26,19,Late Night Talking,Harry Styles,-,19,1
2022-11-26,20,Calm Down,Rema & Selena Gomez,-,20,2
2022-11-26,21,Wow,Wizkid Featuring Skepta & Naira Marley,-,21,1
2022-11-26,22,Back To December,Taylor Swift,-,3,4
2022-11-26,23,Wrapped Around Your Finger,Post Malone,-,20,2
2022-11-26,24,A Sky Full Of Stars,Taron Egerton,-,24,1
2022-11-26,25,Alone,HIGHLIGHT,-,25,1
2022-12-03,1,Burn Down The Mission,Elton John,-,1,1
2022-12-03,2,White Rabbit,Jefferson Airplane,1,1,5
2022-12-03,3,If I Be Wrong,Wolf Larsen,-,3,1
2022-12-03,4,Milk And Alcohol,Doctor Feelgood,-,4,1
2022-12-03,5,Space Song,Beach House,-,5,2
2022-12-03,6,Who Is She?,I Monster,-,6,1
2022-12-03,7,Goo Goo Muck,The Cramps,-,7,1
2022-12-03,8,Goodbye Yellow Brick Road,Elton John,-,1,3
2022-12-03,9,I Am A Poseur,X-Ray Spex,-,9,1
2022-12-03,10,Rocket Man,Elton John,-,1,19
2022-12-03,11,Baddie,MK xyz,-,11,1
2022-12-03,12,Alone,Burna Boy,3,3,2
2022-12-03,13,Asiwaju,Ruger,-,13,1
2022-12-03,14,I Love Sausage Rolls,LadBaby,-,14,1
2022-12-03,15,Cuff It,Beyonce,-,15,2
2022-12-03,16,I Remember,Cheat Codes X Russell Dickerson,-,16,2
2022-12-03,17,Fairytale Of New York,The Pogues Featuring Kirsty MacColl,-,5,18
2022-12-03,18,Eyes On You,Nicky Youre,-,18,1
2022-12-03,19,Face Down In The Moment,Nathaniel Rateliff & The Night Sweats,-,19,1
2022-12-03,20,Rip Up The Recipe,Shawn Mendes & Constance Wu,-,20,1
2022-12-03,21,Never Gonna Not Dance Again,P!nk,-,21,1
2022-12-03,22,My Mind & Me,Selena Gomez,12,12,2
2022-12-03,23,Virus,Victon,-,23,1
2022-12-03,24,Daydreaming,Harry Styles,-,24,1
2022-12-03,25,A Sky Full Of Stars,Taron Egerton,24,24,2
2022-12-10,1,Songbird,Fleetwood Mac,-,1,1
2022-12-10,2,Space Song,Beach House,5,2,3
2022-12-10,3,Goo Goo Muck,The Cramps,7,3,2
2022-12-10,4,Bloody Mary,Lady Gaga,-,4,1
2022-12-10,5,Alone,Burna Boy,12,3,3
2022-12-10,6,Anti-Hero,Taylor Swift,-,1,6
2022-12-10,7,If I Be Wrong,Wolf Larsen,3,3,2
2022-12-10,8,Gilded Lily,Cults,-,1,6
2022-12-10,9,Don't Stop,Fleetwood Mac,-,9,1
2022-12-10,10,Back To December,Taylor Swift,-,3,5
2022-12-10,11,Somewhere Only We Know,Keane,-,6,7
2022-12-10,12,Cuff It,Beyonce,15,12,3
2022-12-10,13,In The Meantime,Spacehog,-,13,1
2022-12-10,14,I'm Good (Blue),David Guetta & Bebe Rexha,-,13,3
2022-12-10,15,Another Love,Tom Odell,-,1,31
2022-12-10,16,Dreams,Fleetwood Mac,-,4,9
2022-12-10,17,The Chain,Fleetwood Mac,-,17,1
2022-12-10,18,Go Your Own Way,Fleetwood Mac,-,18,1
2022-12-10,19,Robbers,The 1975,-,19,1
2022-12-10,20,Fairytale Of New York,The Pogues Featuring Kirsty MacColl,17,5,19
2022-12-10,21,Gravity,John Mayer,-,21,1
2022-12-10,22,I'm A Mess,Avril Lavigne With Yungblud,-,22,1
2022-12-10,23,Cheshire,iTZY,-,23,1
2022-12-10,24,Lift Me Up,Rihanna,-,24,1
2022-12-10,25,Never Gonna Not Dance Again,P!nk,21,21,2
2022-12-17,1,Bloody Mary,Lady Gaga,4,1,2
2022-12-17,2,Anti-Hero,Taylor Swift,6,1,7
2022-12-17,3,Gilded Lily,Cults,8,1,7
2022-12-17,4,Another Love,Tom Odell,15,1,32
2022-12-17,5,Goo Goo Muck,The Cramps,3,3,3
2022-12-17,6,Alone,Burna Boy,5,3,4
2022-12-17,7,I'm Good (Blue),David Guetta & Bebe Rexha,14,7,4
2022-12-17,8,Kick Back,Kenshi Yonezu,-,8,2
2022-12-17,9,Mary On A Cross,Ghost,-,1,11
2022-12-17,10,Until I Found You,Stephen Sanchez,-,8,4
2022-12-17,11,Stayin' Alive,Avu-chan (Queen Bee),-,5,6
2022-12-17,12,Last Christmas,Wham!,-,1,18
2022-12-17,13,Star Walkin' (League Of Legends Worlds Anthem),Lil Nas X,-,13,2
2022-12-17,14,Christmas Lights,Coldplay,-,2,6
2022-12-17,15,Lift Me Up,Rihanna,24,15,2
2022-12-17,16,Forget Me,Lewis Capaldi,-,15,4
2022-12-17,17,Bad Habit,Steve Lacy,-,2,7
2022-12-17,18,As It Was,Harry Styles,-,1,18
2022-12-17,19,Golden Hour,JVKE,-,11,4
2022-12-17,20,Both Sides Now,Emilia Jones,-,8,2
2022-12-17,21,Betty (Get Money),Yung Gravy,-,20,4
2022-12-17,22,Uh Oh,Tate McRae,-,16,3
2022-12-17,23,Hold Me Closer,Elton John & Britney Spears,-,10,2
2022-12-17,24,Asiwaju,Ruger,-,13,2
2022-12-17,25,Cheshire,iTZY,23,23,2
2022-12-24,1,Bloody Mary,Lady Gaga,1,1,3
2022-12-24,2,The Story,Brandi Carlile,-,2,1
2022-12-24,3,Heart To Heart,Mac DeMarco,-,3,1
2022-12-24,4,Somewhere Only We Know,Keane,-,4,8
2022-12-24,5,Kick Back,Kenshi Yonezu,8,5,3
2022-12-24,6,Kill Bill,SZA,-,6,1
2022-12-24,7,Stayin' Alive,Avu-chan (Queen Bee),11,5,7
2022-12-24,8,Exceptional Zed,ZOMBIES 3 Cast,-,8,1
2022-12-24,9,Million Dollar Baby,Ava Max,-,9,2
2022-12-24,10,"Don't Worry, Be Happy (From ""Cocktail"")",Bobby McFerrin,-,2,3
2022-12-24,11,Bad Man,Disturbed,-,11,1
2022-12-24,12,Nobody Gets Me,SZA,-,12,1
2022-12-24,13,Don't Tell Me,Disturbed Featuring Ann Wilson,-,13,1
2022-12-24,14,Little Talks,Of Monsters and Men,-,14,1
2022-12-24,15,Break My Soul,Beyonce,-,7,4
2022-12-24,16,Vegas,Doja Cat,-,9,4
2022-12-24,17,Super Freaky Girl,Nicki Minaj,-,10,4
2022-12-24,18,Hanging With Wolves,Lil Durk,-,18,1
2022-12-24,19,Hero,Martin Garrix X JVKE,-,19,1
2022-12-24,20,Snooze,SZA,-,20,1
2022-12-24,21,Made You Look,Meghan Trainor,-,16,2
2022-12-24,22,Asiwaju,Ruger,24,13,3
2022-12-24,23,Another Love,Tom Odell,4,1,33
2022-12-24,24,Last Christmas,Ariana Grande,-,24,1
2022-12-24,25,Santa Baby,Taylor Swift,-,25,1
2022-12-31,1,Kill Bill,SZA,6,1,2
2022-12-31,2,Fairytale Of New York,The Pogues Featuring Kirsty MacColl,-,2,20
2022-12-31,3,Kick Back,Kenshi Yonezu,5,3,4
2022-12-31,4,Graceland,Paul Simon,-,4,1
2022-12-31,5,Break My Soul,Beyonce,15,5,5
2022-12-31,6,Bad Habits,Ed Sheeran,-,6,14
2022-12-31,7,Ditto,NewJeans,-,7,1
2022-12-31,8,Last Christmas,Wham!,-,1,19
2022-12-31,9,Super Gremlin,Kodak Black,-,9,5
2022-12-31,10,Modern Love Stories,Beach House,-,10,1
2022-12-31,11,Lift Me Up,Rihanna,-,11,3
2022-12-31,12,Glimpse Of Us,Joji,-,7,7
2022-12-31,13,Me And Julio Down By The Schoolyard,Paul Simon,-,13,1
2022-12-31,14,Jingle Bells,Pentatonix With Orchestra,-,14,1
2022-12-31,15,You Can Call Me Al,Paul Simon,-,15,1
2022-12-31,16,Celebrate,Super Junior,-,16,1
2022-12-31,17,Sweetest Human Being Alive,George Ezra,-,17,1
2022-12-31,18,Bad Habit,Steve Lacy,-,2,8
2022-12-31,19,Face 2 Face,Juice WRLD,-,19,1
2022-12-31,20,Merry Christmas,Ed Sheeran & Elton John,-,7,2
2022-12-31,21,I Like You (A Happier Song),Post Malone Featuring Doja Cat,-,16,5
2022-12-31,22,Alien Invasion,ZOMBIES 3 Cast,-,22,1
2022-12-31,23,Water (Drowning Pt. 2),A Boogie wit da Hoodie Featuring Kodak Black,-,23,1
2022-12-31,24,Darl+ing,Seventeen,-,24,1
2022-12-31,25,Zitti E Buoni,Maneskin,-,1,2
2023-01-07,1,All My Life,Foo Fighters,-,1,6
2023-01-07,2,Kill Bill,SZA,1,1,3
2023-01-07,3,New Year's Day,U2,-,3,5
2023-01-07,4,Blinding Lights,The Weeknd,-,2,28
2023-01-07,5,Kick Back,Kenshi Yonezu,3,3,5
2023-01-07,6,"Doucement, Doucement",Luc Kleiner,-,6,1
2023-01-07,7,Happy New Year,ABBA,-,1,8
2023-01-07,8,Glass Onion,The Beatles,-,8,1
2023-01-07,9,Colder Weather,Zac Brown Band,-,9,1
2023-01-07,10,Another Love,Tom Odell,-,1,34
2023-01-07,11,I Am Yours,Needtobreathe,-,4,2
2023-01-07,12,Ay!,Machine Gun Kelly & Lil Wayne,-,12,1
2023-01-07,13,Golden Hour,JVKE,-,11,5
2023-01-07,14,Spillways,Ghost,-,14,1
2023-01-07,15,Fill Her,Eraserheads,-,15,1
2023-01-07,16,Sunday Morning Feeling,Apollo LTD Featuring Ryan Stevenson,-,5,2
2023-01-07,17,Unholy,Sam Smith & Kim Petras,-,14,3
2023-01-07,18,La Despedida,Alejandro Sanz,-,18,1
2023-01-07,19,Glimpse Of Us,Joji,12,7,8
2023-01-07,20,Lift Me Up,Rihanna,11,11,4
2023-01-07,21,Made You Look,Meghan Trainor,-,16,3
2023-01-07,22,Star Walkin' (League Of Legends Worlds Anthem),Lil Nas X,-,13,3
2023-01-07,23,Victoria's Secret,Jax,-,21,2
2023-01-07,24,Never Gonna Not Dance Again,P!nk,-,21,3
2023-01-07,25,Calm Down,Rema & Selena Gomez,-,20,3
2023-01-14,1,All My Life,Foo Fighters,1,1,7
2023-01-14,2,Would That I,Hozier,-,2,3
2023-01-14,3,We Up,Black Sherif,-,3,1
2023-01-14,4,Kill Bill,SZA,2,1,4
2023-01-14,5,Bloody Mary,Lady Gaga,-,1,4
2023-01-14,6,Another Love,Tom Odell,10,1,35
2023-01-14,7,Kick Back,Kenshi Yonezu,5,3,6
2023-01-14,8,New Year's Day,U2,3,3,6
2023-01-14,9,Somewhere Only We Know,Keane,-,4,9
2023-01-14,10,Wrecking Ball,Miley Cyrus,-,10,1
2023-01-14,11,Ava,Famy,-,11,1
2023-01-14,12,Toxic Love City,Black Sherif,-,12,1
2023-01-14,13,Blinding Lights,The Weeknd,4,2,29
2023-01-14,14,Mary On A Cross,Ghost,-,1,12
2023-01-14,15,Apocalypse,Cigarettes After Sex,-,4,5
2023-01-14,16,Verbatim,Mother Mother,-,16,1
2023-01-14,17,I'm Good (Blue),David Guetta & Bebe Rexha,-,7,5
2023-01-14,18,Unstoppable,Sia,-,10,4
2023-01-14,19,Lift Me Up,Rihanna,20,11,5
2023-01-14,20,Dream On,Aerosmith,-,20,1
2023-01-14,21,Stayin' Alive,Avu-chan (Queen Bee),-,5,8
2023-01-14,22,Anti-Hero,Taylor Swift,-,1,8
2023-01-14,23,Bad Habit,Steve Lacy,-,2,9
2023-01-14,24,Goo Goo Muck,The Cramps,-,3,4
2023-01-14,25,Until I Found You,Stephen Sanchez,-,8,5
2023-01-21,1,Lights Out,Lisa Marie Presley,-,1,1
2023-01-21,2,Kill Bill,SZA,4,1,5
2023-01-21,3,Somewhere Only We Know,Keane,9,3,10
2023-01-21,4,Another Love,Tom Odell,6,1,36
2023-01-21,5,Hi-Ho Silver Lining,Jeff Beck,-,5,1
2023-01-21,6,Bloody Mary,Lady Gaga,5,1,5
2023-01-21,7,Kick Back,Kenshi Yonezu,7,3,7
2023-01-21,8,Wet The Bed,Chris Brown Featuring Ludacris,-,8,1
2023-01-21,9,Sleep Awake,Mother Mother,-,9,1
2023-01-21,10,Apocalypse,Cigarettes After Sex,15,4,6
2023-01-21,11,Would That I,Hozier,2,2,4
2023-01-21,12,Ava,Famy,11,11,2
2023-01-21,13,The City,The 1975,-,13,1
2023-01-21,14,Made You Look,Meghan Trainor,-,14,4
2023-01-21,15,Dreamers (Music From The FIFA World Cup Qatar 2022),Jung Kook,-,15,1
2023-01-21,16,Mary On A Cross,Ghost,14,1,13
2023-01-21,17,Miss You,Oliver Tree & Robin Schulz,-,17,1
2023-01-21,18,Anti-Hero,Taylor Swift,22,1,9
2023-01-21,19,soso,Omah Lay,-,19,1
2023-01-21,20,Golden Hour,JVKE,-,11,6
2023-01-21,21,As It Was,Harry Styles,-,1,19
2023-01-21,22,Shirt,SZA,-,22,1
2023-01-21,23,Bad Habit,Steve Lacy,23,2,10
2023-01-21,24,Cuff It,Beyonce,-,12,4
2023-01-21,25,Hold Me Closer,Elton John & Britney Spears,-,10,3
2023-01-28,1,Never Let Me Down Again,Depeche Mode,-,1,1
2023-01-28,2,Kill Bill,SZA,2,1,6
2023-01-28,3,Laughing,David Crosby,-,3,1
2023-01-28,4,Push,matchbox 20,-,4,1
2023-01-28,5,To Sheila,The Smashing Pumpkins,-,5,1
2023-01-28,6,Wet The Bed,Chris Brown Featuring Ludacris,8,6,2
2023-01-28,7,Cowboy Movie,David Crosby,-,7,1
2023-01-28,8,Strange Fruit,Billie Holiday,-,5,3
2023-01-28,9,Bam Bam,Camila Cabello Featuring Ed Sheeran,-,9,3
2023-01-28,10,Lights Out,Lisa Marie Presley,1,1,2
2023-01-28,11,Breathe (2 AM),Anna Nalick,-,11,1
2023-01-28,12,Bloody Mary,Lady Gaga,6,1,6
2023-01-28,13,Verbatim,Mother Mother,-,13,2
2023-01-28,14,Blue Monday,New Order,-,3,3
2023-01-28,15,Eight Miles High,The Byrds,-,15,1
2023-01-28,16,Vibe,Taeyang Featuring Jimin,-,16,1
2023-01-28,17,Would That I,Hozier,11,2,5
2023-01-28,18,Flowers,Miley Cyrus,-,18,1
2023-01-28,19,The Songcord,Zoe Saldana,-,19,1
2023-01-28,20,Left Right Left,Charlie Puth,-,20,1
2023-01-28,21,Somewhere Only We Know,Keane,3,3,11
2023-01-28,22,Grapefruit,Tove Lo,-,14,2
2023-01-28,23,Anti-Hero,Taylor Swift,18,1,10
2023-01-28,24,Time After Time,Pascal Letoublon X ILIRA,-,24,1
2023-01-28,25,Damage,H.E.R.,-,8,3
2023-02-04,1,November Rain,Guns N' Roses,-,1,7
2023-02-04,2,Marquee Moon,Television,-,2,1
2023-02-04,3,To Sheila,The Smashing Pumpkins,5,3,2
2023-02-04,4,Kill Bill,SZA,2,1,7
2023-02-04,5,Flowers,Miley Cyrus,18,5,2
2023-02-04,6,The View Between Villages,Noah Kahan,-,6,1
2023-02-04,7,Would That I,Hozier,17,2,6
2023-02-04,8,Venus de Milo,Television,-,8,1
2023-02-04,9,Moonlight Sunrise,Twice,-,9,1
2023-02-04,10,Aqua Regia,Sleep Token,-,10,1
2023-02-04,11,Verbatim,Mother Mother,13,11,3
2023-02-04,12,Mary On A Cross,Ghost,-,1,14
2023-02-04,13,Stayin' Alive,Avu-chan (Queen Bee),-,5,9
2023-02-04,14,Gilded Lily,Cults,-,1,8
2023-02-04,15,Spillways,Ghost,-,14,2
2023-02-04,16,New Perspective,Panic! At The Disco,-,16,1
2023-02-04,17,I Feel Good,Pink Sweat$,-,15,2
2023-02-04,18,Granite,Sleep Token,-,18,1
2023-02-04,19,Lift Me Up,Rihanna,-,11,6
2023-02-04,20,Ava,Famy,-,11,3
2023-02-04,21,Knight Crawler,Trippie Redd & Juice WRLD,-,21,1
2023-02-04,22,Rock And A Hard Place,Bailey Zimmerman,-,22,1
2023-02-04,23,Wait In The Truck,HARDY Featuring Lainey Wilson,-,23,1
2023-02-04,24,Lavender Haze,Taylor Swift,-,4,2
2023-02-04,25,Dile A Los Demas,Dani Fernandez,-,25,1
2023-02-11,1,Long Long Time,Linda Ronstadt,-,1,1
2023-02-11,2,Marquee Moon,Television,2,2,2
2023-02-11,3,Push,matchbox 20,-,3,2
2023-02-11,4,A Coral Room,Kate Bush,-,4,1
2023-02-11,5,Players,Coi Leray,-,5,1
2023-02-11,6,Gilded Lily,Cults,14,1,9
2023-02-11,7,Broken Horses,Brandi Carlile,-,7,2
2023-02-11,8,Spillways,Ghost,15,8,3
2023-02-11,9,Wrapped Around Your Finger,Post Malone,-,9,3
2023-02-11,10,Just Like That,Bonnie Raitt,-,10,1
2023-02-11,11,I'm Not Here To Make Friends,Sam Smith,-,11,1
2023-02-11,12,Red Flags,Mimi Webb,-,12,1
2023-02-11,13,If You Really Love Me (How Will I Know),David Guetta x MistaJam x John Newman,-,13,1
2023-02-11,14,Nonsense,Sabrina Carpenter,-,14,1
2023-02-11,15,Stamp On It,GOT The Beat,-,15,1
2023-02-11,16,Kill Bill,SZA,4,1,8
2023-02-11,17,Wake Up,Bloody Civilian Featuring Rema,-,17,1
2023-02-11,18,Lavender Haze,Taylor Swift,24,4,3
2023-02-11,19,Sugar Rush Ride,TOMORROW X TOGETHER,-,19,1
2023-02-11,20,Finesse,Pheelz x Buju,-,20,1
2023-02-11,21,The Songcord,Zoe Saldana,-,19,2
2023-02-11,22,Evangeline,Stephen Sanchez,-,22,1
2023-02-11,23,Watch The World Burn,Falling in Reverse,-,23,1
2023-02-11,24,OMG,NewJeans,-,24,1
2023-02-11,25,Love Again,The Kid Laroi,-,25,1
2023-02-18,1,All My Life,Foo Fighters,-,1,8
2023-02-18,2,Lost in Space,Lighthouse Family,-,2,1
2023-02-18,3,This Is What I Get,Bella Lambert,-,3,1
2023-02-18,4,Broken Horses,Brandi Carlile,7,4,3
2023-02-18,5,Just Like That,Bonnie Raitt,10,5,2
2023-02-18,6,Street Fighting Man,The Rolling Stones,-,6,1
2023-02-18,7,Leave The Door Open,Silk Sonic ( Bruno Mars & Anderson .Paak ),-,2,20
2023-02-18,8,Alfie,Burt Bacharach,-,8,1
2023-02-18,9,The Anonymous Ones,SZA,-,9,1
2023-02-18,10,Kill Bill,SZA,16,1,9
2023-02-18,11,I'm A Mess,Avril Lavigne With Yungblud,-,11,2
2023-02-18,12,Homies,Saint Harison & Tiana Major9,-,12,1
2023-02-18,13,Rude Boy,Rihanna,-,13,1
2023-02-18,14,Diamonds,Rihanna,-,14,1
2023-02-18,15,Smokin Out The Window,Silk Sonic ( Bruno Mars & Anderson .Paak ),-,15,1
2023-02-18,16,When Will I Be Loved,Linda Ronstadt,-,16,1
2023-02-18,17,We Found Love,Rihanna Featuring Calvin Harris,-,17,1
2023-02-18,18,I Ain't Worried,OneRepublic,-,14,3
2023-02-18,19,Flowers,Miley Cyrus,-,5,3
2023-02-18,20,Every Morning,Sugar Ray,-,20,1
2023-02-18,21,I Fall Apart,Post Malone,-,3,10
2023-02-18,22,Ghosts Again,Depeche Mode,-,22,1
2023-02-18,23,Unholy,Sam Smith & Kim Petras,-,14,4
2023-02-18,24,Here With Me,d4vd,-,4,4
2023-02-18,25,Umbrella,Rihanna Featuring Jay-Z,-,8,2
2023-02-25,1,All My Life,Foo Fighters,1,1,9
2023-02-25,2,Sim Dope,AKA,-,2,1
2023-02-25,3,Rude Boy,Rihanna,13,3,2
2023-02-25,4,Kill Bill,SZA,10,1,10
2023-02-25,5,Diamonds,Rihanna,14,5,2
2023-02-25,6,We Found Love,Rihanna Featuring Calvin Harris,17,6,2
2023-02-25,7,'Till I Collapse,Eminem Featuring Nate Dogg,-,7,1
2023-02-25,8,Fuel To Fire,Agnes Obel,-,8,1
2023-02-25,9,Sacrifice,The Weeknd,-,1,6
2023-02-25,10,Umbrella,Rihanna Featuring Jay-Z,25,8,3
2023-02-25,11,Love Again,The Kid Laroi,-,11,2
2023-02-25,12,The Motto,Tiesto & Ava Max,-,12,1
2023-02-25,13,Left Right,XG,-,13,1
2023-02-25,14,Noah (Stand Still),Noah Cyrus & Billy Ray Cyrus,-,14,1
2023-02-25,15,"Boy's A Liar, Pt. 2",PinkPantheress & Ice Spice,-,15,1
2023-02-25,16,In Ha Mood,Ice Spice,-,16,1
2023-02-25,17,Valentine's Day,Linkin Park,-,10,5
2023-02-25,18,Holiday,Rema,-,18,1
2023-02-25,19,2 Be Loved (Am I Ready),Lizzo,-,19,3
2023-02-25,20,Closer,Saweetie Featuring H.E.R.,-,11,3
2023-02-25,21,Whistle,Jax Jones & Calum Scott,-,21,1
2023-02-25,22,Sability,Ayra Starr,-,22,1
2023-02-25,23,Until I Found You,Stephen Sanchez,-,8,6
2023-02-25,24,I Ain't Worried,OneRepublic,18,14,4
2023-02-25,25,Love From The Other Side,Fall Out Boy,-,25,1
2023-03-04,1,Kill Bill,SZA,4,1,11
2023-03-04,2,All The Stars,Kendrick Lamar & SZA,-,2,7
2023-03-04,3,Love From The Other Side,Fall Out Boy,25,3,2
2023-03-04,4,Kick Back,Kenshi Yonezu,-,3,8
2023-03-04,5,Holiday,Rema,18,5,2
2023-03-04,6,The Songcord,Zoe Saldana,-,6,3
2023-03-04,7,Favorite Song,Toosii,-,7,1
2023-03-04,8,I'm Not Here To Make Friends,Sam Smith,-,8,2
2023-03-04,9,Die For You,The Weeknd & Ariana Grande,-,9,2
2023-03-04,10,All Or None,Pearl Jam,-,10,1
2023-03-04,11,Cuff It,Beyonce,-,11,5
2023-03-04,12,Golden Hour,JVKE,-,11,7
2023-03-04,13,Zoom,Jessi,-,13,1
2023-03-04,14,Never Gonna Not Dance Again,P!nk,-,14,4
2023-03-04,15,Uh Oh,Tate McRae,-,15,4
2023-03-04,16,"Boy's A Liar, Pt. 2",PinkPantheress & Ice Spice,15,15,2
2023-03-04,17,Million Dollar Baby,Ava Max,-,9,3
2023-03-04,18,Heaven,Niall Horan,-,18,1
2023-03-04,19,"Swag Like Ohio, Pt. 2",Trippie Redd & Lil B,-,19,1
2023-03-04,20,Split,Yeat,-,20,1
2023-03-04,21,Nobody Gets Me,SZA,-,12,2
2023-03-04,22,Gonna Be Alright,Ryan Ellis,-,22,1
2023-03-04,23,Forget Me,Lewis Capaldi,-,15,5
2023-03-04,24,Hope,NF,-,24,1
2023-03-04,25,Generation,tripleS,-,25,1
2023-03-11,1,All My Life,Foo Fighters,-,1,10
2023-03-11,2,Somewhere Only We Know,Keane,-,2,12
2023-03-11,3,Apocalypse,Cigarettes After Sex,-,3,7
2023-03-11,4,Another Love,Tom Odell,-,1,37
2023-03-11,5,Would That I,Hozier,-,2,7
2023-03-11,6,The Freshmen,The Verve Pipe,-,6,1
2023-03-11,7,Only A Fool Would Say That,Steely Dan,-,7,2
2023-03-11,8,Mary On A Cross,Ghost,-,1,15
2023-03-11,9,November Rain,Guns N' Roses,-,1,8
2023-03-11,10,Us And Them,Pink Floyd,-,10,1
2023-03-11,11,Ava,Famy,-,11,4
2023-03-11,12,Rude Boy,Rihanna,-,3,3
2023-03-11,13,All Or None,Pearl Jam,10,10,2
2023-03-11,14,Die For You,The Weeknd & Ariana Grande,9,9,3
2023-03-11,15,Take On Me,a-ha,-,15,1
2023-03-11,16,Time,Pink Floyd,-,16,1
2023-03-11,17,Never Let Me Down Again,Depeche Mode,-,1,2
2023-03-11,18,Stay,Rihanna Featuring Mikky Ekko,-,18,1
2023-03-11,19,Diamonds,Rihanna,-,5,3
2023-03-11,20,Flowers,Miley Cyrus,-,5,4
2023-03-11,21,Sunflower (Spider-Man: Into The Spider-Verse),Post Malone & Swae Lee,-,1,22
2023-03-11,22,Bloody Mary,Lady Gaga,-,1,7
2023-03-11,23,Kick Back,Kenshi Yonezu,4,3,9
2023-03-11,24,Forever Young,Alphaville,-,15,2
2023-03-11,25,Favorite Song,Toosii,7,7,2
2023-03-18,1,Somewhere Only We Know,Keane,2,1,13
2023-03-18,2,When We Were Young,Adele,-,2,8
2023-03-18,3,Another Love,Tom Odell,4,1,38
2023-03-18,4,Apocalypse,Cigarettes After Sex,3,3,8
2023-03-18,5,Sweet Child O' Mine,Guns N' Roses,-,5,2
2023-03-18,6,Heaven,Niall Horan,-,6,2
2023-03-18,7,"Boy's A Liar, Pt. 2",PinkPantheress & Ice Spice,-,7,3
2023-03-18,8,Gekka No Yasoukyoku,Malice Mizer,-,8,1
2023-03-18,9,Dog Days Are Over,Florence + The Machine,-,9,1
2023-03-18,10,Iris,Goo Goo Dolls,-,3,3
2023-03-18,11,Flowers,Miley Cyrus,20,5,5
2023-03-18,12,Calm Down,Rema & Selena Gomez,-,12,4
2023-03-18,13,Forever Young,Alphaville,24,13,3
2023-03-18,14,This Woman's Work,Maxwell,-,14,1
2023-03-18,15,Nobody Gets Me,SZA,-,12,3
2023-03-18,16,Summertime Sadness,Lana Del Rey vs. Cedric Gervais,-,16,2
2023-03-18,17,Enchanted,Taylor Swift,-,17,1
2023-03-18,18,We Found Love,Rihanna Featuring Calvin Harris,-,6,3
2023-03-18,19,Without Me,Halsey,-,2,11
2023-03-18,20,Adore You,Harry Styles,-,2,10
2023-03-18,21,Te Amo,Rihanna,-,21,1
2023-03-18,22,SET ME FREE,Twice,-,22,1
2023-03-18,23,A Letter To Elise,The Cure,-,23,1
2023-03-18,24,Stay,Rihanna Featuring Mikky Ekko,18,18,2
2023-03-18,25,Fix You,Coldplay,-,1,5
2023-03-25,1,"Boy's A Liar, Pt. 2",PinkPantheress & Ice Spice,7,1,4
2023-03-25,2,Another Love,Tom Odell,3,1,39
2023-03-25,3,Somewhere Only We Know,Keane,1,1,14
2023-03-25,4,Mary On A Cross,Ghost,-,1,16
2023-03-25,5,Calling All Angels,Lenny Kravitz,-,5,1
2023-03-25,6,What You Won't Do For Love,Bobby Caldwell,-,6,1
2023-03-25,7,All My Life,Foo Fighters,-,1,11
2023-03-25,8,Cough (Odo),Kizz Daniel,-,8,1
2023-03-25,9,Verbatim,Mother Mother,-,9,4
2023-03-25,10,Lost,Linkin Park,-,10,1
2023-03-25,11,Anti-Hero,Taylor Swift,-,1,11
2023-03-25,12,Umbrella,Rihanna Featuring Jay-Z,-,8,4
2023-03-25,13,Heart Wants What It Wants,Bebe Rexha,-,13,1
2023-03-25,14,Apocalypse,Cigarettes After Sex,4,3,9
2023-03-25,15,Rude Boy,Rihanna,-,3,4
2023-03-25,16,Ghosts Again,Depeche Mode,-,16,2
2023-03-25,17,Die For You,The Weeknd & Ariana Grande,-,9,4
2023-03-25,18,Take On Me,a-ha,-,15,2
2023-03-25,19,Titi Me Pregunto,Bad Bunny,-,19,1
2023-03-25,20,Calm Down,Rema & Selena Gomez,12,12,5
2023-03-25,21,SET ME FREE,Twice,22,21,2
2023-03-25,22,Would That I,Hozier,-,2,8
2023-03-25,23,Made You Look,Meghan Trainor,-,14,5
2023-03-25,24,Creepin',"Metro Boomin , The Weeknd & 21 Savage",-,24,1
2023-03-25,25,soso,Omah Lay,-,19,2
2023-04-01,1,"Boy's A Liar, Pt. 2",PinkPantheress & Ice Spice,1,1,5
2023-04-01,2,Another Love,Tom Odell,2,1,40
2023-04-01,3,Somewhere Only We Know,Keane,3,1,15
2023-04-01,4,When We Were Young,Adele,-,2,9
2023-04-01,5,Gratitude,Brandon Lake,-,5,1
2023-04-01,6,Would That I,Hozier,22,2,9
2023-04-01,7,Flowers,Miley Cyrus,-,5,6
2023-04-01,8,Take On Me,a-ha,18,8,3
2023-04-01,9,Kick Back,Kenshi Yonezu,-,3,10
2023-04-01,10,Us And Them,Pink Floyd,-,10,2
2023-04-01,11,Die For You,The Weeknd & Ariana Grande,17,9,5
2023-04-01,12,Ride,Lana Del Rey,-,12,1
2023-04-01,13,The Scientist,Coldplay,-,13,2
2023-04-01,14,Calm Down,Rema & Selena Gomez,20,12,6
2023-04-01,15,Rainbowland,Miley Cyrus Featuring Dolly Parton,-,15,1
2023-04-01,16,Enchanted,Taylor Swift,-,16,2
2023-04-01,17,To Build A Home,The Cinematic Orchestra Featuring Patrick Watson,-,17,1
2023-04-01,18,Cuff It,Beyonce,-,11,6
2023-04-01,19,Gurenge,LiSA,-,13,6
2023-04-01,20,Anti-Hero,Taylor Swift,11,1,12
2023-04-01,21,Lavender Haze,Taylor Swift,-,4,4
2023-04-01,22,Somebody That I Used To Know,Gotye Featuring Kimbra,-,2,2
2023-04-01,23,Nobody Gets Me,SZA,-,12,4
2023-04-01,24,Bloody Mary,Lady Gaga,-,1,8
2023-04-01,25,Shirt,SZA,-,22,2
2023-04-08,1,Kill Bill,SZA,-,1,12
2023-04-08,2,Rainbowland,Miley Cyrus Featuring Dolly Parton,15,2,2
2023-04-08,3,Somewhere Only We Know,Keane,3,1,16
2023-04-08,4,When We Were Young,Adele,4,2,10
2023-04-08,5,Cornflake Girl,Tori Amos,-,5,1
2023-04-08,6,Flowers,Miley Cyrus,7,5,7
2023-04-08,7,Die For You,The Weeknd & Ariana Grande,11,7,6
2023-04-08,8,Heaven,Niall Horan,-,6,3
2023-04-08,9,Kick Back,Kenshi Yonezu,9,3,11
2023-04-08,10,Calm Down,Rema & Selena Gomez,14,10,7
2023-04-08,11,Made You Look,Meghan Trainor,-,11,6
2023-04-08,12,Weird Fishes / Arpeggi,Radiohead,-,12,1
2023-04-08,13,Kitsch,IVE,-,13,1
2023-04-08,14,Anti-Hero,Taylor Swift,20,1,13
2023-04-08,15,"Boy's A Liar, Pt. 2",PinkPantheress & Ice Spice,1,1,6
2023-04-08,16,Blue (Da Ba Dee),Eiffel 65,-,10,5
2023-04-08,17,Just Like Heaven,The Cure,-,17,1
2023-04-08,18,I'm Not The Only One,Sam Smith,-,18,1
2023-04-08,19,Lavender Haze,Taylor Swift,21,4,5
2023-04-08,20,Cancion del Mariachi,Antonio Banderes & Los Lobos,-,20,1
2023-04-08,21,Die 4 Me,Halsey,-,21,1
2023-04-08,22,As It Was,Harry Styles,-,1,20
2023-04-08,23,Rush,Ayra Starr,-,11,4
2023-04-08,24,Blank Space,Taylor Swift,-,24,1
2023-04-08,25,Shivers,Ed Sheeran,-,10,12
2023-04-15,1,Kill Bill,SZA,1,1,13
2023-04-15,2,Over Dem,Davido,-,2,1
2023-04-15,3,Eyes Closed,Ed Sheeran,-,3,1
2023-04-15,4,Unavailable,Davido Featuring Musa Keys,-,4,1
2023-04-15,5,Mary On A Cross,Ghost,-,1,17
2023-04-15,6,No Competition,Davido Featuring Asake,-,6,1
2023-04-15,7,Flower,JISOO,-,7,1
2023-04-15,8,Die 4 Me,Halsey,21,8,2
2023-04-15,9,Apocalypse,Cigarettes After Sex,-,3,10
2023-04-15,10,Fight The Feeling,Rod Wave,-,10,1
2023-04-15,11,Kick Back,Kenshi Yonezu,9,3,12
2023-04-15,12,Lavender Haze,Taylor Swift,19,4,6
2023-04-15,13,Creepin',"Metro Boomin , The Weeknd & 21 Savage",-,13,2
2023-04-15,14,"Boy's A Liar, Pt. 2",PinkPantheress & Ice Spice,15,1,7
2023-04-15,15,I'm Good (Blue),David Guetta & Bebe Rexha,-,7,6
2023-04-15,16,Heart Wants What It Wants,Bebe Rexha,-,13,2
2023-04-15,17,Slut Me Out,NLE Choppa,-,17,1
2023-04-15,18,Love Again,The Kid Laroi,-,11,3
2023-04-15,19,Players,Coi Leray,-,5,2
2023-04-15,20,Flowers,Miley Cyrus,6,5,8
2023-04-15,21,Red Flags,Mimi Webb,-,12,2
2023-04-15,22,Miss You,Oliver Tree & Robin Schulz,-,17,2
2023-04-15,23,Love From The Other Side,Fall Out Boy,-,3,3
2023-04-15,24,Heaven,Niall Horan,8,6,4
2023-04-15,25,Say Say Say,Kygo Featuring Paul McCartney & Michael Jackson,-,25,1
2023-04-22,1,Kill Bill,SZA,1,1,14
2023-04-22,2,Idol,YOASOBI,-,2,1
2023-04-22,3,Somewhere Only We Know,Keane,-,1,17
2023-04-22,4,Cornflake Girl,Tori Amos,-,4,2
2023-04-22,5,Mayonaise,The Smashing Pumpkins,-,5,1
2023-04-22,6,Hope,NF,-,6,2
2023-04-22,7,Drive,Incubus,-,7,1
2023-04-22,8,Kick Back,Kenshi Yonezu,11,3,13
2023-04-22,9,Die For You,The Weeknd & Ariana Grande,-,7,7
2023-04-22,10,Apocalypse,Cigarettes After Sex,9,3,11
2023-04-22,11,Rainbowland,Miley Cyrus Featuring Dolly Parton,-,2,3
2023-04-22,12,D N D,Apink,-,12,1
2023-04-22,13,Jesus He Knows Me,Genesis,-,13,1
2023-04-22,14,Eyes Closed,Ed Sheeran,3,3,2
2023-04-22,15,Calm Down,Rema & Selena Gomez,-,10,8
2023-04-22,16,Lavender Haze,Taylor Swift,12,4,7
2023-04-22,17,Flowers,Miley Cyrus,20,5,9
2023-04-22,18,Creepin',"Metro Boomin , The Weeknd & 21 Savage",13,13,3
2023-04-22,19,Players,Coi Leray,19,5,3
2023-04-22,20,Heart Wants What It Wants,Bebe Rexha,16,13,3
2023-04-22,21,Love Again,The Kid Laroi,18,11,4
2023-04-22,22,Red Flags,Mimi Webb,21,12,3
2023-04-22,23,Love From The Other Side,Fall Out Boy,23,3,4
2023-04-22,24,Last Night,Morgan Wallen,-,24,1
2023-04-22,25,Search & Rescue,Drake,-,25,1
2023-04-29,1,Idol,YOASOBI,2,1,2
2023-04-29,2,Somewhere Only We Know,Keane,3,1,18
2023-04-29,3,Another Love,Tom Odell,-,1,41
2023-04-29,4,Milkshake,Kelis,-,4,1
2023-04-29,5,I Miss You,blink-182,-,5,2
2023-04-29,6,Eunoia,Billlie,-,6,1
2023-04-29,7,Waffle House,Jonas Brothers,-,7,1
2023-04-29,8,Kill Bill,SZA,1,1,15
2023-04-29,9,Somebody That I Used To Know,Gotye Featuring Kimbra,-,2,3
2023-04-29,10,Peaches,Jack Black,-,10,1
2023-04-29,11,Knock,LEE CHAE YEON,-,11,1
2023-04-29,12,King Of My Heart,Taylor Swift,-,12,1
2023-04-29,13,Pictures Of You,The Cure,-,13,1
2023-04-29,14,Thinkin Bout You,Frank Ocean,-,14,1
2023-04-29,15,Lost The Breakup,Maisie Peters,-,15,1
2023-04-29,16,Bad Religion,Frank Ocean,-,16,1
2023-04-29,17,Boys Like You,iTZY,-,17,1
2023-04-29,18,"Read All About It, Pt. III",Emeli Sande,-,18,1
2023-04-29,19,Wonderland,Taylor Swift,-,19,1
2023-04-29,20,Diamonds,Rihanna,-,5,4
2023-04-29,21,Paradise,Coldplay,-,21,1
2023-04-29,22,El Watar El Hassas,Sherine,-,22,1
2023-04-29,23,In My Head,Ariana Grande,-,23,2
2023-04-29,24,Kiss Me More,Doja Cat Featuring SZA,-,2,10
2023-04-29,25,Misery Business,Paramore,-,25,1
2023-05-06,1,Somewhere Only We Know,Keane,2,1,19
2023-05-06,2,All My Life,Foo Fighters,-,1,12
2023-05-06,3,Idol,YOASOBI,1,1,3
2023-05-06,4,Apocalypse,Cigarettes After Sex,-,3,12
2023-05-06,5,Another Love,Tom Odell,3,1,42
2023-05-06,6,Kill Bill,SZA,8,1,16
2023-05-06,7,Ava,Famy,-,7,5
2023-05-06,8,Would That I,Hozier,-,2,10
2023-05-06,9,Verbatim,Mother Mother,-,9,5
2023-05-06,10,I Will Never Settle,Metric,-,10,1
2023-05-06,11,That's Not How This Works,Charlie Puth Featuring Dan + Shay,-,11,1
2023-05-06,12,Die For You,The Weeknd & Ariana Grande,-,7,8
2023-05-06,13,Heaven,Niall Horan,-,6,5
2023-05-06,14,Can't Tame Her,Zara Larsson,-,14,1
2023-05-06,15,Heart Wants What It Wants,Bebe Rexha,-,13,4
2023-05-06,16,Love From The Other Side,Fall Out Boy,-,3,5
2023-05-06,17,Calm Down,Rema & Selena Gomez,-,10,9
2023-05-06,18,Lost,Linkin Park,-,10,2
2023-05-06,19,Miss You,Oliver Tree & Robin Schulz,-,17,3
2023-05-06,20,Last Night,Morgan Wallen,-,20,2
2023-05-06,21,Red Flags,Mimi Webb,-,12,4
2023-05-06,22,Take On Me,a-ha,-,8,4
2023-05-06,23,Made You Look,Meghan Trainor,-,11,7
2023-05-06,24,Wish You The Best,Lewis Capaldi,-,24,1
2023-05-06,25,Creepin',"Metro Boomin , The Weeknd & 21 Savage",-,13,4
2023-05-13,1,All My Life,Foo Fighters,2,1,13
2023-05-13,2,Idol,YOASOBI,3,1,4
2023-05-13,3,Somewhere Only We Know,Keane,1,1,20
2023-05-13,4,Kill Bill,SZA,6,1,17
2023-05-13,5,Another Love,Tom Odell,5,1,43
2023-05-13,6,Never Forget,Take That,-,6,1
2023-05-13,7,I Want It That Way,Backstreet Boys,-,7,1
2023-05-13,8,Enchanted,Taylor Swift,-,8,3
2023-05-13,9,Let's Get It On,Marvin Gaye,-,9,1
2023-05-13,10,Robbers,The 1975,-,10,2
2023-05-13,11,Affair On 8th Avenue,Gordon Lightfoot,-,11,1
2023-05-13,12,Double Fantasy,The Weeknd Featuring Future,-,12,1
2023-05-13,13,Karma,Taylor Swift,-,13,1
2023-05-13,14,Jaded,Miley Cyrus,-,14,1
2023-05-13,15,Night Changes,One Direction,-,15,1
2023-05-13,16,Gurenge,LiSA,-,13,7
2023-05-13,17,Sunflower (Spider-Man: Into The Spider-Verse),Post Malone & Swae Lee,-,1,23
2023-05-13,18,Walk This Way,Aerosmith,-,18,1
2023-05-13,19,Before You Go,Lewis Capaldi,-,3,9
2023-05-13,20,See You Again,"Tyler, The Creator Featuring Kali Uchis",-,20,1
2023-05-13,21,Unforgiven,Le Sserafim Featuring Nile Rodgers,-,21,1
2023-05-13,22,Thinking Out Loud,Ed Sheeran,-,22,1
2023-05-13,23,Back To December,Taylor Swift,-,3,6
2023-05-13,24,Cynical,blink-182,-,24,1
2023-05-13,25,Stay,Rihanna Featuring Mikky Ekko,-,18,3
2023-05-20,1,I've Got You Under My Skin,Frank Sinatra,-,1,1
2023-05-20,2,Idol,YOASOBI,2,1,5
2023-05-20,3,Somewhere Only We Know,Keane,3,1,21
2023-05-20,4,Never Forget,Take That,6,4,2
2023-05-20,5,Lightning Crashes,Live,-,5,1
2023-05-20,6,Vega,Ed Sheeran,-,6,1
2023-05-20,7,All My Life,Lil Durk Featuring J. Cole,-,7,1
2023-05-20,8,Kill Bill,SZA,4,1,18
2023-05-20,9,Unicorn,Noa Kirel,-,9,1
2023-05-20,10,Karma,Taylor Swift,13,10,2
2023-05-20,11,Like Crazy,Jimin,-,11,1
2023-05-20,12,Higher Power,Coldplay,-,6,4
2023-05-20,13,Enchanted,Taylor Swift,8,8,4
2023-05-20,14,Spicy,Aespa,-,14,1
2023-05-20,15,Jericho,Iniko,-,15,1
2023-05-20,16,Toughest,Ed Sheeran,-,16,1
2023-05-20,17,Cupid,Fifty Fifty,-,17,1
2023-05-20,18,Snooze,SZA,-,18,2
2023-05-20,19,Waffle House,Jonas Brothers,-,7,2
2023-05-20,20,Flowers,Miley Cyrus,-,5,10
2023-05-20,21,Charm,Rema,-,21,1
2023-05-20,22,Until I Found You,Stephen Sanchez,-,8,7
2023-05-20,23,Gurenge,LiSA,16,13,8
2023-05-20,24,Die 4 Me,Halsey,-,8,3
2023-05-20,25,Physical,Dua Lipa,-,1,11
2023-05-27,1,This Woman's Work,Kate Bush,-,1,3
2023-05-27,2,Idol,YOASOBI,2,1,6
2023-05-27,3,Kill Bill,SZA,8,1,19
2023-05-27,4,Somewhere Only We Know,Keane,3,1,22
2023-05-27,5,Dog Days Are Over,Florence + The Machine,-,5,2
2023-05-27,6,All My Life,Lil Durk Featuring J. Cole,7,6,2
2023-05-27,7,Back To December,Taylor Swift,-,3,7
2023-05-27,8,Another Love,Tom Odell,-,1,44
2023-05-27,9,How Soon Is Now?,The Smiths,-,9,1
2023-05-27,10,The Motto,Tiesto & Ava Max,-,10,2
2023-05-27,11,Jericho,Iniko,15,11,2
2023-05-27,12,Mary On A Cross,Ghost,-,1,18
2023-05-27,13,This Night Has Opened My Eyes,The Smiths,-,13,1
2023-05-27,14,Die For You,The Weeknd & Ariana Grande,-,7,9
2023-05-27,15,Dear John,Taylor Swift,-,15,1
2023-05-27,16,Bitch Let's Do It,YoungBoy Never Broke Again,-,16,1
2023-05-27,17,Heaven,Niall Horan,-,6,6
2023-05-27,18,Mother,Meghan Trainor,-,18,1
2023-05-27,19,River,Bishop Briggs,-,19,1
2023-05-27,20,"Boy's A Liar, Pt. 2",PinkPantheress & Ice Spice,-,1,8
2023-05-27,21,Girls & Boys,Blur,-,21,1
2023-05-27,22,Until I Found You,Stephen Sanchez,22,8,8
2023-05-27,23,Nobody Gets Me,SZA,-,12,5
2023-05-27,24,Bigmouth Strikes Again,The Smiths,-,24,1
2023-05-27,25,Question...?,Taylor Swift,-,15,2
2023-06-03,1,What's Love Got To Do With It,Tina Turner,-,1,1
2023-06-03,2,We Don't Need Another Hero (Thunderdome),Tina Turner,-,2,1
2023-06-03,3,Sunflower (Spider-Man: Into The Spider-Verse),Post Malone & Swae Lee,-,1,24
2023-06-03,4,Idol,YOASOBI,2,1,7
2023-06-03,5,Private Dancer,Tina Turner,-,5,1
2023-06-03,6,Somewhere Only We Know,Keane,4,1,23
2023-06-03,7,505,Arctic Monkeys,-,7,11
2023-06-03,8,Ava,Famy,-,7,6
2023-06-03,9,Proud Mary,Ike & Tina Turner,-,9,1
2023-06-03,10,Missing You,Tina Turner,-,10,1
2023-06-03,11,Pelle Coat,Lil Durk,-,11,1
2023-06-03,12,Take Me Back To Eden,Sleep Token,-,12,1
2023-06-03,13,Would That I,Hozier,-,2,11
2023-06-03,14,Amapiano,Asake Featuring Olamide,-,14,1
2023-06-03,15,Void,Melanie Martinez,-,15,1
2023-06-03,16,TQG,Karol G x Shakira,-,16,1
2023-06-03,17,Happy,NF,-,17,1
2023-06-03,18,Another Love,Tom Odell,8,1,45
2023-06-03,19,Wish You The Best,Lewis Capaldi,-,19,2
2023-06-03,20,Daylight,David Kushner,-,20,1
2023-06-03,21,Kill Bill,SZA,3,1,20
2023-06-03,22,Queencard,(G)I-DLE,-,22,1
2023-06-03,23,Normally,"Joeboy, BNXN & ODUMODUBLVCK",-,23,1
2023-06-03,24,Jericho,Iniko,11,11,3
2023-06-03,25,Adonis Interlude (The Montage),J. Cole,-,25,1
2023-06-10,1,Idol,YOASOBI,4,1,8
2023-06-10,2,Father And Son,Cat Stevens,-,2,4
2023-06-10,3,Cupid,Fifty Fifty,-,3,2
2023-06-10,4,The Motto,Tiesto & Ava Max,-,4,3
2023-06-10,5,Karma,Taylor Swift,-,5,3
2023-06-10,6,Your Heart Or Mine,Jon Pardi,-,6,1
2023-06-10,7,New Religion,Olamide & Asake,-,7,1
2023-06-10,8,Jericho,Iniko,24,8,4
2023-06-10,9,Amapiano,Asake Featuring Olamide,14,9,2
2023-06-10,10,Satellite,Harry Styles,-,10,1
2023-06-10,11,AmEN!,Bring Me the Horizon Featuring Lil Uzi Vert & Daryl Palumbo,-,11,1
2023-06-10,12,Sprinter,Dave & Central Cee,-,12,1
2023-06-10,13,Ascensionism,Sleep Token,-,13,1
2023-06-10,14,Bite Me,ENHYPEN,-,14,1
2023-06-10,15,Storage,Conor Maynard,-,15,1
2023-06-10,16,Mattel,Avenged Sevenfold,-,16,1
2023-06-10,17,Peaches,Jack Black,-,10,2
2023-06-10,18,Runaway,OneRepublic,-,18,1
2023-06-10,19,Bread & Butter,Gunna,-,19,1
2023-06-10,20,Sad Songs,Lil Durk,-,20,1
2023-06-10,21,Kill Bill,SZA,21,1,21
2023-06-10,22,Hits Different,Taylor Swift,-,22,1
2023-06-10,23,Dance The Night,Dua Lipa,-,23,1
2023-06-10,24,Come And Get Your Love,Redbone,-,24,1
2023-06-10,25,Bonvoyage,DREAMCATCHER,-,25,1
2023-06-17,1,Somewhere Only We Know,Keane,-,1,24
2023-06-17,2,Idol,YOASOBI,1,1,9
2023-06-17,3,Kill Bill,SZA,21,1,22
2023-06-17,4,Sunflower (Spider-Man: Into The Spider-Verse),Post Malone & Swae Lee,-,1,25
2023-06-17,5,All My Life,Foo Fighters,-,1,14
2023-06-17,6,Cupid,Fifty Fifty,3,3,3
2023-06-17,7,Another Love,Tom Odell,-,1,46
2023-06-17,8,Your Heart Or Mine,Jon Pardi,6,6,2
2023-06-17,9,Would That I,Hozier,-,2,12
2023-06-17,10,Jericho,Iniko,8,8,5
2023-06-17,11,Flowers,Miley Cyrus,-,5,11
2023-06-17,12,New Religion,Olamide & Asake,7,7,2
2023-06-17,13,Sprinter,Dave & Central Cee,12,12,2
2023-06-17,14,Daylight,David Kushner,-,14,2
2023-06-17,15,Kick Back,Kenshi Yonezu,-,3,14
2023-06-17,16,Snooze,SZA,-,16,3
2023-06-17,17,Players,Coi Leray,-,5,4
2023-06-17,18,Eyes Closed,Ed Sheeran,-,3,3
2023-06-17,19,Karma,Taylor Swift,5,5,4
2023-06-17,20,That's Not How This Works,Charlie Puth Featuring Dan + Shay,-,11,2
2023-06-17,21,Creepin',"Metro Boomin , The Weeknd & 21 Savage",-,13,5
2023-06-17,22,Trustfall,P!nk,-,22,1
2023-06-17,23,Chemical,Post Malone,-,23,1
2023-06-17,24,Wish You The Best,Lewis Capaldi,-,19,3
2023-06-17,25,Happy,NF,-,17,2
2023-06-24,1,Bubbly,Colbie Caillat,-,1,1
2023-06-24,2,Somewhere Only We Know,Keane,1,1,25
2023-06-24,3,Cupid,Fifty Fifty,6,3,4
2023-06-24,4,Crazy World,Aslan,-,4,1
2023-06-24,5,Plainsong,The Cure,-,5,1
2023-06-24,6,Bright Eyes,Art Garfunkel,-,6,1
2023-06-24,7,Sunflower (Spider-Man: Into The Spider-Verse),Post Malone & Swae Lee,4,1,26
2023-06-24,8,Thinkin' Bout Me,Morgan Wallen,-,8,1
2023-06-24,9,Take Two,BTS,-,9,1
2023-06-24,10,Middle Ground,Maroon 5,-,10,1
2023-06-24,11,That Part,Lauren Spencer Smith,-,11,1
2023-06-24,12,Another Love,Tom Odell,7,1,47
2023-06-24,13,Idol,YOASOBI,2,1,10
2023-06-24,14,The Only Exception,Paramore,-,14,1
2023-06-24,15,Flowers,Miley Cyrus,11,5,12
2023-06-24,16,Ava,Famy,-,7,7
2023-06-24,17,Creepin',"Metro Boomin , The Weeknd & 21 Savage",21,13,6
2023-06-24,18,As It Was,Harry Styles,-,1,21
2023-06-24,19,Heavy Is The Head,Baby Rose,-,19,1
2023-06-24,20,OMG,NewJeans,-,20,2
2023-06-24,21,Calm Down,Rema & Selena Gomez,-,10,10
2023-06-24,22,Sunshine,Asake,-,22,1
2023-06-24,23,Red Flag Collector,Kelly Clarkson,-,23,1
2023-06-24,24,Last Night,Morgan Wallen,-,20,3
2023-06-24,25,Jump,P1Harmony,-,25,1
2023-07-01,1,All My Life,Foo Fighters,-,1,15
2023-07-01,2,Bright Eyes,Art Garfunkel,6,2,2
2023-07-01,3,Inner Smile,Texas,-,3,1
2023-07-01,4,November Rain,Guns N' Roses,-,1,9
2023-07-01,5,Hymn To Her,Pretenders,-,5,1
2023-07-01,6,Crying Lightning,Arctic Monkeys,-,6,1
2023-07-01,7,Say Yes To Heaven,Lana Del Rey,-,7,1
2023-07-01,8,Under The Bridge,Red Hot Chili Peppers,-,8,1
2023-07-01,9,Broken Melodies,NCT DREAM,-,9,1
2023-07-01,10,Basquiat,Asake,-,10,1
2023-07-01,11,Would That I,Hozier,-,2,13
2023-07-01,12,All My Love,Led Zeppelin,-,12,1
2023-07-01,13,Sunshine,Asake,22,13,2
2023-07-01,14,Fukumean,Gunna,-,14,1
2023-07-01,15,Wannabe,Blessing Offor,-,15,1
2023-07-01,16,Another Love,Tom Odell,12,1,48
2023-07-01,17,Milkshake,Kelis,-,4,2
2023-07-01,18,Lonely At The Top,Asake,-,18,1
2023-07-01,19,Dance The Night,Dua Lipa,-,19,2
2023-07-01,20,Bouncy (K-Hot Chilli Peppers),ATEEZ,-,20,1
2023-07-01,21,Last Night,Morgan Wallen,24,20,4
2023-07-01,22,Break My Soul,Beyonce,-,5,6
2023-07-01,23,The River,Daisy Jones & The Six,-,23,1
2023-07-01,24,Runaway,OneRepublic,-,18,2
2023-07-01,25,Give It Up For Love,Georgia,-,25,1
2023-07-08,1,Rocket Man,Elton John,-,1,20
2023-07-08,2,Another Love,Tom Odell,16,1,49
2023-07-08,3,Kill Bill,SZA,-,1,23
2023-07-08,4,All My Life,Foo Fighters,1,1,16
2023-07-08,5,Reason,Omah Lay,-,5,1
2023-07-08,6,Idol,YOASOBI,-,1,11
2023-07-08,7,Don't Let The Sun Go Down On Me,Elton John,-,7,6
2023-07-08,8,Ava,Famy,-,7,8
2023-07-08,9,All My Life,Lil Durk Featuring J. Cole,-,9,1
2023-07-08,10,Take Two,BTS,-,9,2
2023-07-08,11,Summer Baby,Jonas Brothers,-,11,1
2023-07-08,12,It's Yours,Omah Lay,-,12,1
2023-07-08,13,Dog Days Are Over,Florence + The Machine,-,5,3
2023-07-08,14,Daylight,David Kushner,-,14,3
2023-07-08,15,"Angel, Pt. 1","Kodak Black , NLE Choppa, Jimin , JVKE & Muni Long",-,15,1
2023-07-08,16,Would That I,Hozier,11,2,14
2023-07-08,17,Snooze,SZA,-,16,4
2023-07-08,18,Baby Don't Hurt Me,"David Guetta , Anne-Marie & Coi Leray",-,18,1
2023-07-08,19,Bounce,Oliver Tree,-,19,1
2023-07-08,20,Eyes Closed,Ed Sheeran,-,3,4
2023-07-08,21,As It Was,Harry Styles,-,1,22
2023-07-08,22,Terminator,King Promise,-,22,1
2023-07-08,23,Calm Down,Rema & Selena Gomez,-,10,11
2023-07-08,24,Wish You The Best,Lewis Capaldi,-,19,4
2023-07-08,25,Want Me Dead,Young Thug Featuring 21 Savage,-,25,1
2023-07-15,1,Somewhere Only We Know,Keane,-,1,26
2023-07-15,2,Idol,YOASOBI,6,1,12
2023-07-15,3,Innocent (Taylor's Version),Taylor Swift,-,3,1
2023-07-15,4,Kill Bill,SZA,3,1,24
2023-07-15,5,Fourth Of July,Sufjan Stevens,-,5,1
2023-07-15,6,Another Love,Tom Odell,2,1,50
2023-07-15,7,Mine (Taylor's Version),Taylor Swift,-,7,1
2023-07-15,8,Back To December (Taylor's Version),Taylor Swift,-,8,1
2023-07-15,9,Work Song,Hozier,-,9,1
2023-07-15,10,Cupid,Fifty Fifty,-,3,5
2023-07-15,11,The Story of Us (Taylor's Version),Taylor Swift,-,11,1
2023-07-15,12,Dear John (Taylor's Version),Taylor Swift,-,12,1
2023-07-15,13,Would That I,Hozier,16,2,15
2023-07-15,14,Dog Days Are Over,Florence + The Machine,13,5,4
2023-07-15,15,Bright Eyes,Art Garfunkel,-,2,3
2023-07-15,16,All My Life,Foo Fighters,4,1,17
2023-07-15,17,Stay,Shakespear's Sister,-,17,1
2023-07-15,18,Rocket Man,Elton John,1,1,21
2023-07-15,19,July,Noah Cyrus & Leon Bridges,-,19,2
2023-07-15,20,Calm Down,Rema & Selena Gomez,23,10,12
2023-07-15,21,Flowers,Miley Cyrus,-,5,13
2023-07-15,22,Reason,Omah Lay,5,5,2
2023-07-15,23,Vampire,Olivia Rodrigo,-,23,1
2023-07-15,24,Snooze,SZA,17,16,5
2023-07-15,25,Creepin',"Metro Boomin , The Weeknd & 21 Savage",-,13,7
2023-07-22,1,Somewhere Only We Know,Keane,1,1,27
2023-07-22,2,All My Life,Foo Fighters,16,1,18
2023-07-22,3,Vampire,Olivia Rodrigo,23,3,2
2023-07-22,4,Work Song,Hozier,9,4,2
2023-07-22,5,Back To December (Taylor's Version),Taylor Swift,8,5,2
2023-07-22,6,Cruel Summer,Taylor Swift,-,6,6
2023-07-22,7,Idol,YOASOBI,2,1,13
2023-07-22,8,Sunflower (Spider-Man: Into The Spider-Verse),Post Malone & Swae Lee,-,1,27
2023-07-22,9,Ava,Famy,-,7,9
2023-07-22,10,Dog Days Are Over,Florence + The Machine,14,5,5
2023-07-22,11,Super Shy,NewJeans,-,11,1
2023-07-22,12,Lonely At The Top,Asake,-,12,2
2023-07-22,13,Cupid,Fifty Fifty,10,3,6
2023-07-22,14,Here We Go Again,Oliver Tree & David Guetta,-,14,1
2023-07-22,15,Enchanted,Taylor Swift,-,8,5
2023-07-22,16,Would That I,Hozier,13,2,16
2023-07-22,17,The Story of Us (Taylor's Version),Taylor Swift,11,11,2
2023-07-22,18,I Know It Won't Work,Gracie Abrams,-,18,1
2023-07-22,19,Summer Baby,Jonas Brothers,-,11,2
2023-07-22,20,Cream Soda,Exo,-,20,1
2023-07-22,21,Padam Padam,Kylie Minogue,-,21,1
2023-07-22,22,Rainbowland,Miley Cyrus Featuring Dolly Parton,-,2,4
2023-07-22,23,Damn (You've Got Me Saying),"Galantis , David Guetta & MNEK",-,14,2
2023-07-22,24,Karma,Taylor Swift,-,5,5
2023-07-22,25,Flowers,Miley Cyrus,21,5,14
2023-07-29,1,Best Friend Breakup,Lauren Spencer Smith,-,1,1
2023-07-29,2,Work Song,Hozier,4,2,3
2023-07-29,3,Push,matchbox 20,-,3,3
2023-07-29,4,Vampire,Olivia Rodrigo,3,3,3
2023-07-29,5,Somewhere Only We Know,Keane,1,1,28
2023-07-29,6,Sunflower (Spider-Man: Into The Spider-Verse),Post Malone & Swae Lee,8,1,28
2023-07-29,7,Another Love,Tom Odell,-,1,51
2023-07-29,8,Barbie Girl,Aqua,-,8,2
2023-07-29,9,Favorite Song,Toosii,-,7,3
2023-07-29,10,Would That I,Hozier,16,2,17
2023-07-29,11,Attention,Doja Cat,-,11,1
2023-07-29,12,Runaway,OneRepublic,-,12,3
2023-07-29,13,Barbie World,Nicki Minaj & Ice Spice With Aqua,-,13,1
2023-07-29,14,Rescued,Foo Fighters,-,14,1
2023-07-29,15,Waffle House,Jonas Brothers,-,7,3
2023-07-29,16,Lonely At The Top,Asake,12,12,3
2023-07-29,17,Back To December (Taylor's Version),Taylor Swift,5,5,3
2023-07-29,18,Cupid,Fifty Fifty,13,3,7
2023-07-29,19,The Only Exception,Paramore,-,14,2
2023-07-29,20,Song Of The Dead,KANA-BOON,-,20,1
2023-07-29,21,Flowers,Miley Cyrus,25,5,15
2023-07-29,22,Happy,NF,-,17,3
2023-07-29,23,Sprinter,Dave & Central Cee,-,12,3
2023-07-29,24,Stayin' Alive,Avu-chan (Queen Bee),-,5,10
2023-07-29,25,Daylight,David Kushner,-,14,4
2023-08-05,1,Mandinka,Sinead O'Connor,-,1,1
2023-08-05,2,Push,matchbox 20,3,2,4
2023-08-05,3,Troy,Sinead O'Connor,-,3,1
2023-08-05,4,Three Babies,Sinead O'Connor,-,4,1
2023-08-05,5,Black Boys on Mopeds,Sinead O'Connor,-,5,1
2023-08-05,6,Somewhere Only We Know,Keane,5,1,29
2023-08-05,7,The Emperor's New Clothes,Sinead O'Connor,-,7,1
2023-08-05,8,Vampire,Olivia Rodrigo,4,3,4
2023-08-05,9,Nothing Compares 2 U,Sinead O'Connor,-,9,2
2023-08-05,10,Work Song,Hozier,2,2,4
2023-08-05,11,Idol,YOASOBI,-,1,14
2023-08-05,12,Would That I,Hozier,10,2,18
2023-08-05,13,Another Love,Tom Odell,7,1,52
2023-08-05,14,Back To December (Taylor's Version),Taylor Swift,17,5,4
2023-08-05,15,Eyes Closed,Ed Sheeran,-,3,5
2023-08-05,16,Favorite Song,Toosii,9,7,4
2023-08-05,17,Flowers,Miley Cyrus,21,5,16
2023-08-05,18,Cupid,Fifty Fifty,18,3,8
2023-08-05,19,Lonely At The Top,Asake,16,12,4
2023-08-05,20,Big 7,Burna Boy,-,20,1
2023-08-05,21,Damn (You've Got Me Saying),"Galantis , David Guetta & MNEK",-,14,3
2023-08-05,22,Barbie World,Nicki Minaj & Ice Spice With Aqua,13,13,2
2023-08-05,23,Dance The Night,Dua Lipa,-,19,3
2023-08-05,24,Chemical,Post Malone,-,23,2
2023-08-05,25,Snooze,SZA,-,16,6
2023-08-12,1,Vampire,Olivia Rodrigo,8,1,5
2023-08-12,2,Somewhere Only We Know,Keane,6,1,30
2023-08-12,3,The Emperor's New Clothes,Sinead O'Connor,7,3,2
2023-08-12,4,August,Taylor Swift,-,1,9
2023-08-12,5,My Eyes,Travis,-,5,1
2023-08-12,6,40 Dogs (Like Romeo And Juliet),Bob Schneider,-,6,1
2023-08-12,7,Troy,Sinead O'Connor,3,3,2
2023-08-12,8,One More Yard,"Evamore, Sinead O'Connor & Brian Eno Featuring Cillian Murphy, Ronnie Wood & Imelda May",-,8,1
2023-08-12,9,In The Stars,Benson Boone,-,9,1
2023-08-12,10,In The Meantime,Spacehog,-,10,2
2023-08-12,11,The Last Day Of Our Acquaintance,Sinead O'Connor,-,11,1
2023-08-12,12,Big 7,Burna Boy,20,12,2
2023-08-12,13,Cupid,Fifty Fifty,18,3,9
2023-08-12,14,Dog Days Are Over,Florence + The Machine,-,5,6
2023-08-12,15,Idol,YOASOBI,11,1,15
2023-08-12,16,All Too Well (Taylor's Version),Taylor Swift,-,1,4
2023-08-12,17,Eyes Closed,Ed Sheeran,15,3,6
2023-08-12,18,Desire,Calvin Harris & Sam Smith,-,18,1
2023-08-12,19,Favorite Song,Toosii,16,7,5
2023-08-12,20,Hot Girls In Hell,Lolo,-,20,1
2023-08-12,21,Daylight,David Kushner,-,14,5
2023-08-12,22,Bona Bona,TREASURE,-,22,1
2023-08-12,23,This Is A Rebel Song,Sinead O'Connor,-,23,1
2023-08-12,24,Mine,Kelly Clarkson,-,24,1
2023-08-12,25,Meltdown,Travis Scott Featuring Drake,-,25,1
2023-08-19,1,The Weight,The Band,-,1,3
2023-08-19,2,Somewhere Only We Know,Keane,2,1,31
2023-08-19,3,Push,matchbox 20,-,2,5
2023-08-19,4,Cruel Summer,Taylor Swift,-,4,7
2023-08-19,5,Idol,YOASOBI,15,1,16
2023-08-19,6,Troy,Sinead O'Connor,7,3,3
2023-08-19,7,Work Song,Hozier,-,2,5
2023-08-19,8,Crucify Your Mind,Rodriguez,-,8,1
2023-08-19,9,Mandinka,Sinead O'Connor,-,1,2
2023-08-19,10,What Was I Made For?,Billie Eilish,-,10,1
2023-08-19,11,Vampire,Olivia Rodrigo,1,1,6
2023-08-19,12,Would That I,Hozier,-,2,19
2023-08-19,13,Another Love,Tom Odell,-,1,53
2023-08-19,14,Dog Days Are Over,Florence + The Machine,14,5,7
2023-08-19,15,Chest Fever,The Band,-,15,1
2023-08-19,16,Sugar Man,Rodriguez,-,16,1
2023-08-19,17,Back To December (Taylor's Version),Taylor Swift,-,5,5
2023-08-19,18,In The Meantime,Spacehog,10,10,3
2023-08-19,19,Lonely At The Top,Asake,-,12,5
2023-08-19,20,Showdown At Big Sky,Robbie Robertson,-,20,1
2023-08-19,21,Fast Forward,JEON SOMI,-,21,1
2023-08-19,22,Spiral,LONGMAN,-,22,1
2023-08-19,23,My Eyes,Travis,5,5,2
2023-08-19,24,Cupid,Fifty Fifty,13,3,10
2023-08-19,25,Kick Back,Kenshi Yonezu,-,3,15
2023-08-26,1,Come Together,The Beatles,-,1,2
2023-08-26,2,Somewhere Only We Know,Keane,2,1,32
2023-08-26,3,Another Love,Tom Odell,13,1,54
2023-08-26,4,All My Life,Foo Fighters,-,1,19
2023-08-26,5,Sunflower (Spider-Man: Into The Spider-Verse),Post Malone & Swae Lee,-,1,29
2023-08-26,6,Work Song,Hozier,7,2,6
2023-08-26,7,Cruel Summer,Taylor Swift,4,4,8
2023-08-26,8,What Was I Made For?,Billie Eilish,10,8,2
2023-08-26,9,Umbrella,Rihanna Featuring Jay-Z,-,8,5
2023-08-26,10,Take On Me,a-ha,-,8,5
2023-08-26,11,Barbie Girl,Aqua,-,8,3
2023-08-26,12,Anti-Hero,Taylor Swift,-,1,14
2023-08-26,13,Ava,Famy,-,7,10
2023-08-26,14,Unstoppable,Sia,-,10,5
2023-08-26,15,Would That I,Hozier,12,2,20
2023-08-26,16,Flowers,Miley Cyrus,-,5,17
2023-08-26,17,Cuff It,Beyonce,-,11,7
2023-08-26,18,Idol,YOASOBI,5,1,17
2023-08-26,19,Apocalypse,Cigarettes After Sex,-,3,13
2023-08-26,20,Circles,Post Malone,-,1,9
2023-08-26,21,Dog Days Are Over,Florence + The Machine,14,5,8
2023-08-26,22,Back To December (Taylor's Version),Taylor Swift,17,5,6
2023-08-26,23,As It Was,Harry Styles,-,1,23
2023-08-26,24,Heated,Beyonce,-,24,1
2023-08-26,25,Come And Get Your Love,Redbone,-,24,2
2023-09-02,1,All My Life,Lil Durk Featuring J. Cole,-,1,2
2023-09-02,2,Alone,Kim Petras Featuring Nicki Minaj,-,2,1
2023-09-02,3,Fat Bottomed Girls,Queen,-,3,3
2023-09-02,4,Hyaena,Travis Scott,-,4,1
2023-09-02,5,"Mama, I'm Sorry",Lil Uzi Vert,-,5,1
2023-09-02,6,As It Was,Harry Styles,23,1,24
2023-09-02,7,Cheat On Me,Burna Boy Featuring Dave,-,7,1
2023-09-02,8,Another Love,Tom Odell,3,1,55
2023-09-02,9,Somewhere Only We Know,Keane,2,1,33
2023-09-02,10,Work Song,Hozier,6,2,7
2023-09-02,11,Barely Holdin' On,Polo G,-,11,1
2023-09-02,12,Giza,Burna Boy Featuring Seyi Vibez,-,12,1
2023-09-02,13,Perhaps,Guns N' Roses,-,13,1
2023-09-02,14,Killin' Me Good,JIHYO,-,14,1
2023-09-02,15,Call Your Friends,Rod Wave,-,15,1
2023-09-02,16,City Boys,Burna Boy,-,16,1
2023-09-02,17,The Adults,Fish Leong,-,17,1
2023-09-02,18,Stayin' Alive,Avu-chan (Queen Bee),-,5,11
2023-09-02,19,F*ck U Thought,Lil Durk,-,19,1
2023-09-02,20,Lonely At The Top,Asake,-,12,6
2023-09-02,21,Bad Habit,Steve Lacy,-,2,11
2023-09-02,22,Sprinter,Dave & Central Cee,-,12,4
2023-09-02,23,Patty Cake,Quavo & TakeOff,-,23,1
2023-09-02,24,That's Right,Kelly Clarkson Featuring Sheila E.,-,24,1
2023-09-02,25,Kill Bill,SZA,-,1,25
2023-09-09,1,Margaritaville,Jimmy Buffett,-,1,1
2023-09-09,2,He Went To Paris,Jimmy Buffett,-,2,1
2023-09-09,3,Cruel Summer,Taylor Swift,-,3,9
2023-09-09,4,Cheeseburger In Paradise,Jimmy Buffett,-,4,1
2023-09-09,5,Chanson Pour Les Petits Enfants,Jimmy Buffett,-,5,1
2023-09-09,6,A Pirate Looks At Forty,Jimmy Buffett,-,6,1
2023-09-09,7,Somewhere Only We Know,Keane,9,1,34
2023-09-09,8,As It Was,Harry Styles,6,1,25
2023-09-09,9,August,Taylor Swift,-,1,10
2023-09-09,10,Giza,Burna Boy Featuring Seyi Vibez,12,10,2
2023-09-09,11,City Boys,Burna Boy,16,11,2
2023-09-09,12,Another Love,Tom Odell,8,1,56
2023-09-09,13,Work Song,Hozier,10,2,8
2023-09-09,14,Steal The Show,Lauv,-,14,1
2023-09-09,15,On Form,Burna Boy,-,15,1
2023-09-09,16,Idol,YOASOBI,-,1,18
2023-09-09,17,Normal,Burna Boy,-,17,1
2023-09-09,18,When We Were Close,Jason Isbell And The 400 Unit,-,18,1
2023-09-09,19,Would That I,Hozier,-,2,21
2023-09-09,20,Rich Men North Of Richmond,Oliver Anthony Music,-,20,1
2023-09-09,21,Gold Gold Gold,JEON SOMI,-,21,1
2023-09-09,22,Phantom Regret By Jim,The Weeknd,-,4,2
2023-09-09,23,Lonely At The Top,Asake,20,12,7
2023-09-09,24,Damn (You've Got Me Saying),"Galantis , David Guetta & MNEK",-,14,4
2023-09-09,25,Karma,Taylor Swift,-,5,6
2023-09-16,1,Somewhere Only We Know,Keane,7,1,35
2023-09-16,2,Cruel Summer,Taylor Swift,3,2,10
2023-09-16,3,A Pirate Looks At Forty,Jimmy Buffett,6,3,2
2023-09-16,4,He Went To Paris,Jimmy Buffett,2,2,2
2023-09-16,5,Ava,Famy,-,5,11
2023-09-16,6,Another Love,Tom Odell,12,1,57
2023-09-16,7,Chanson Pour Les Petits Enfants,Jimmy Buffett,5,5,2
2023-09-16,8,Margaritaville,Jimmy Buffett,1,1,2
2023-09-16,9,Cheeseburger In Paradise,Jimmy Buffett,4,4,2
2023-09-16,10,I Still Haven't Found What I'm Looking For,U2,-,8,2
2023-09-16,11,Booty Booty,Cris Mj,-,11,1
2023-09-16,12,As It Was,Harry Styles,8,1,26
2023-09-16,13,Work Song,Hozier,13,2,9
2023-09-16,14,Idol,YOASOBI,16,1,19
2023-09-16,15,Songbird,Fleetwood Mac,-,1,2
2023-09-16,16,Sunflower (Spider-Man: Into The Spider-Verse),Post Malone & Swae Lee,-,1,30
2023-09-16,17,Something Like That,Tim McGraw,-,17,1
2023-09-16,18,Would That I,Hozier,19,2,22
2023-09-16,19,Cupid,Fifty Fifty,-,3,11
2023-09-16,20,Dog Days Are Over,Florence + The Machine,-,5,9
2023-09-16,21,Lonely At The Top,Asake,23,12,8
2023-09-16,22,Anti-Hero,Taylor Swift,-,1,15
2023-09-16,23,Spiral,LONGMAN,-,22,2
2023-09-16,24,City Boys,Burna Boy,11,11,3
2023-09-16,25,Paint The Town Red,Doja Cat,-,25,1
2023-09-23,1,Bad Idea Right?,Olivia Rodrigo,-,1,1
2023-09-23,2,Somewhere Only We Know,Keane,1,1,36
2023-09-23,3,Ava,Famy,5,3,12
2023-09-23,4,Another Love,Tom Odell,6,1,58
2023-09-23,5,Songbird,Fleetwood Mac,15,1,3
2023-09-23,6,Cupid,Fifty Fifty,19,3,12
2023-09-23,7,Apocalypse,Cigarettes After Sex,-,3,14
2023-09-23,8,As It Was,Harry Styles,12,1,27
2023-09-23,9,Fast Car,Tracy Chapman,-,9,1
2023-09-23,10,Would That I,Hozier,18,2,23
2023-09-23,11,Lonely At The Top,Asake,21,11,9
2023-09-23,12,Paint The Town Red,Doja Cat,25,12,2
2023-09-23,13,Idol,YOASOBI,14,1,20
2023-09-23,14,Slow Dancing,V,-,14,1
2023-09-23,15,One Particular Harbor,Jimmy Buffett,-,15,1
2023-09-23,16,I Do,D.O.,-,16,1
2023-09-23,17,Until I Found You,Stephen Sanchez,-,8,9
2023-09-23,18,Sprinter,Dave & Central Cee,-,12,5
2023-09-23,19,SkeeYee,Sexyy Red,-,19,1
2023-09-23,20,What Was I Made For?,Billie Eilish,-,8,3
2023-09-23,21,Bongos,Cardi B & Megan Thee Stallion,-,21,1
2023-09-23,22,Karma,Taylor Swift,-,5,7
2023-09-23,23,All My Life,Lil Durk Featuring J. Cole,-,1,3
2023-09-23,24,Spiral,LONGMAN,23,22,3
2023-09-23,25,Slime You Out,Drake Featuring SZA,-,25,1
2023-09-30,1,Sunglasses At Night,Corey Hart,-,1,1
2023-09-30,2,You Really Got Me,Van Halen,-,2,1
2023-09-30,3,Let Her Go,Passenger,-,3,1
2023-09-30,4,Bad Idea Right?,Olivia Rodrigo,1,1,2
2023-09-30,5,Another Love,Tom Odell,4,1,59
2023-09-30,6,The Night We Met,Lord Huron,-,3,4
2023-09-30,7,The Last Farewell,Roger Whittaker,-,7,1
2023-09-30,8,Somewhere Only We Know,Keane,2,1,37
2023-09-30,9,Iris,Goo Goo Dolls,-,3,4
2023-09-30,10,Work Song,Hozier,-,2,10
2023-09-30,11,Ava,Famy,3,3,13
2023-09-30,12,Sunflower (Spider-Man: Into The Spider-Verse),Post Malone & Swae Lee,-,1,31
2023-09-30,13,Back For More,TOMORROW X TOGETHER & Anitta,-,13,1
2023-09-30,14,Anti-Hero,Taylor Swift,-,1,16
2023-09-30,15,Paint The Town Red,Doja Cat,12,12,3
2023-09-30,16,Apocalypse,Cigarettes After Sex,7,3,15
2023-09-30,17,Loved By You,Justin Bieber Featuring Burna Boy,-,5,3
2023-09-30,18,Slime You Out,Drake Featuring SZA,25,18,2
2023-09-30,19,Blinding Lights,The Weeknd,-,2,30
2023-09-30,20,Demons,Doja Cat,-,20,1
2023-09-30,21,Vampire,Olivia Rodrigo,-,1,7
2023-09-30,22,Too Good At Goodbyes,Sam Smith,-,1,19
2023-09-30,23,East Side Of Sorrow,Zach Bryan,-,23,1
2023-09-30,24,Drivers License,Olivia Rodrigo,-,2,12
2023-09-30,25,All My Life,Lil Durk Featuring J. Cole,23,1,4
2023-10-07,1,Somebody Told Me,The Killers,-,1,1
2023-10-07,2,Indigo,Of Mice & Men,-,2,1
2023-10-07,3,Another Love,Tom Odell,5,1,60
2023-10-07,4,Normal,Burna Boy,-,4,2
2023-10-07,5,Either Way,IVE,-,5,1
2023-10-07,6,Blank Space,Taylor Swift,-,6,2
2023-10-07,7,Take On Me,a-ha,-,7,6
2023-10-07,8,Apocalypse,Cigarettes After Sex,16,3,16
2023-10-07,9,NEZUMI Scheme,Mori Calliope,-,9,1
2023-10-07,10,Aint Gotta Dollar,Oliver Anthony Music,-,10,1
2023-10-07,11,Agora Hills,Doja Cat,-,11,1
2023-10-07,12,Galileo,Kep1er,-,12,1
2023-10-07,13,Demons,Doja Cat,20,13,2
2023-10-07,14,Would That I,Hozier,-,2,24
2023-10-07,15,Keep Ya Head Up,2Pac,-,15,1
2023-10-07,16,Try That In A Small Town,Jason Aldean,-,16,1
2023-10-07,17,No More,Nasty C,-,17,1
2023-10-07,18,Greedy,Tate McRae,-,18,1
2023-10-07,19,Strangers,Kenya Grace,-,19,1
2023-10-07,20,City Boys,Burna Boy,-,11,4
2023-10-07,21,Seasons,Bebe Rexha & Dolly Parton,-,21,1
2023-10-07,22,changer,bar italia,-,22,1
2023-10-07,23,Run,OneRepublic,-,23,1
2023-10-07,24,Kill Bill,SZA,-,1,26
2023-10-07,25,Popular,"The Weeknd , Playboi Carti & Madonna",-,25,1
2023-10-14,1,Somewhere Only We Know,Keane,-,1,38
2023-10-14,2,Another Love,Tom Odell,3,1,61
2023-10-14,3,Bad Idea Right?,Olivia Rodrigo,-,1,3
2023-10-14,4,Vampire,Olivia Rodrigo,-,1,8
2023-10-14,5,As It Was,Harry Styles,-,1,28
2023-10-14,6,Sunflower (Spider-Man: Into The Spider-Verse),Post Malone & Swae Lee,-,1,32
2023-10-14,7,Would That I,Hozier,14,2,25
2023-10-14,8,Work Song,Hozier,-,2,11
2023-10-14,9,Paint The Town Red,Doja Cat,-,9,4
2023-10-14,10,Zombie,The Cranberries,-,1,6
2023-10-14,11,Aint Gotta Dollar,Oliver Anthony Music,10,10,2
2023-10-14,12,Idol,YOASOBI,-,1,21
2023-10-14,13,Cupid,Fifty Fifty,-,3,13
2023-10-14,14,Anti-Hero,Taylor Swift,-,1,17
2023-10-14,15,Hold Me Closer,Elton John & Britney Spears,-,10,4
2023-10-14,16,Until I Found You,Stephen Sanchez,-,8,10
2023-10-14,17,Rich Men North Of Richmond,Oliver Anthony Music,-,17,2
2023-10-14,18,Specialz,King Gnu,-,18,1
2023-10-14,19,City Boys,Burna Boy,20,11,5
2023-10-14,20,Lonely At The Top,Asake,-,11,10
2023-10-14,21,Sprinter,Dave & Central Cee,-,12,6
2023-10-14,22,Magical,Ed Sheeran,-,22,1
2023-10-14,23,Slime You Out,Drake Featuring SZA,-,18,3
2023-10-14,24,What Was I Made For?,Billie Eilish,-,8,4
2023-10-14,25,Punchline,Ed Sheeran,-,25,1
2023-10-21,1,Zombie,The Cranberries,10,1,7
2023-10-21,2,Somewhere Only We Know,Keane,1,1,39
2023-10-21,3,Vampire,Olivia Rodrigo,4,1,9
2023-10-21,4,Another Love,Tom Odell,2,1,62
2023-10-21,5,Paint The Town Red,Doja Cat,9,5,5
2023-10-21,6,Fast Car,Tracy Chapman,-,6,2
2023-10-21,7,Would That I,Hozier,7,2,26
2023-10-21,8,Work Song,Hozier,8,2,12
2023-10-21,9,What Was I Made For?,Billie Eilish,24,8,5
2023-10-21,10,Cupid,Fifty Fifty,13,3,14
2023-10-21,11,I Remember Everything,Zach Bryan Featuring Kacey Musgraves,-,11,1
2023-10-21,12,Painting Pictures,Superstar Pride,-,12,1
2023-10-21,13,Primera Cita,Carin Leon,-,13,1
2023-10-21,14,Anti-Hero,Taylor Swift,14,1,18
2023-10-21,15,Cruel Summer,Taylor Swift,-,2,11
2023-10-21,16,Something In The Orange,Zach Bryan,-,7,3
2023-10-21,17,Until I Found You,Stephen Sanchez,16,8,11
2023-10-21,18,Plastic Bag,Ed Sheeran,-,18,1
2023-10-21,19,Idol,YOASOBI,12,1,22
2023-10-21,20,ItaloDisco,The Kolors,-,20,1
2023-10-21,21,IDGAF,Drake Featuring Yeat,-,21,1
2023-10-21,22,Nonsense,Sabrina Carpenter,-,14,2
2023-10-21,23,Snooze,SZA,-,16,7
2023-10-21,24,Shit Talk,Sufjan Stevens,-,24,1
2023-10-21,25,Dance The Night,Dua Lipa,-,19,4
2023-10-28,1,Somewhere Only We Know,Keane,2,1,40
2023-10-28,2,Another Love,Tom Odell,4,1,63
2023-10-28,3,Ava,Famy,-,3,14
2023-10-28,4,Fast Car,Tracy Chapman,6,4,3
2023-10-28,5,Would That I,Hozier,7,2,27
2023-10-28,6,When We Were Young,blink-182,-,6,1
2023-10-28,7,Work Song,Hozier,8,2,13
2023-10-28,8,Something In The Orange,Zach Bryan,16,7,4
2023-10-28,9,Primera Cita,Carin Leon,13,9,2
2023-10-28,10,Anti-Hero,Taylor Swift,14,1,19
2023-10-28,11,As It Was,Harry Styles,-,1,29
2023-10-28,12,Until I Found You,Stephen Sanchez,17,8,12
2023-10-28,13,Golden Hour,JVKE,-,11,8
2023-10-28,14,Painting Pictures,Superstar Pride,12,12,2
2023-10-28,15,ItaloDisco,The Kolors,20,15,2
2023-10-28,16,Rich Men North Of Richmond,Oliver Anthony Music,-,16,3
2023-10-28,17,Blue,Ed Sheeran,-,17,1
2023-10-28,18,Idol,YOASOBI,19,1,23
2023-10-28,19,Snooze,SZA,23,16,8
2023-10-28,20,What Was I Made For?,Billie Eilish,9,8,6
2023-10-28,21,Blood On The Dance Floor,"ODUMODUBLVCK, Bloody Civilian & Wale",-,21,1
2023-10-28,22,Great Gatsby,Rod Wave,-,22,1
2023-10-28,23,Paint The Town Red,Doja Cat,5,5,6
2023-10-28,24,Sprinter,Dave & Central Cee,-,12,7
2023-10-28,25,Used To Be Young,Miley Cyrus,-,25,1
2023-11-04,1,All My Life,Foo Fighters,-,1,20
2023-11-04,2,Everytime,Britney Spears,-,2,2
2023-11-04,3,Somewhere Only We Know,Keane,1,1,41
2023-11-04,4,Used To Be Young,Miley Cyrus,25,4,2
2023-11-04,5,You & Me,JENNIE,-,5,1
2023-11-04,6,Clean,Taylor Swift,-,6,1
2023-11-04,7,Another Love,Tom Odell,2,1,64
2023-11-04,8,Si No Estas,Inigo Quintero,-,8,1
2023-11-04,9,God Of Music,Seventeen,-,9,1
2023-11-04,10,All You Had To Do Was Stay,Taylor Swift,-,10,1
2023-11-04,11,B.O.M.B,TREASURE,-,11,1
2023-11-04,12,Stranger,Sunmi,-,12,1
2023-11-04,13,Wonderland,Taylor Swift,-,13,2
2023-11-04,14,Shake It Off,Taylor Swift,-,14,1
2023-11-04,15,Wish You The Best,Lewis Capaldi,-,15,5
2023-11-04,16,Baddie,IVE,-,16,1
2023-11-04,17,Baila Conmigo,ONEUS,-,17,1
2023-11-04,18,As It Was,Harry Styles,11,1,30
2023-11-04,19,Cupid,Fifty Fifty,-,3,15
2023-11-04,20,Blank Space,Taylor Swift,-,6,3
2023-11-04,21,Seasons,Bebe Rexha & Dolly Parton,-,21,2
2023-11-04,22,My G,Kizz Daniel,-,22,1
2023-11-04,23,Work Song,Hozier,7,2,14
2023-11-04,24,One More Time,blink-182,-,24,1
2023-11-04,25,Made You Look,Meghan Trainor,-,11,8
2023-11-11,1,Is It Over Now? (Taylor's Version) [From The Vault],Taylor Swift,-,1,1
2023-11-11,2,Another Love,Tom Odell,7,1,65
2023-11-11,3,Easy On Me,Adele,-,1,28
2023-11-11,4,Now And Then,The Beatles,-,4,1
2023-11-11,5,You & Me,JENNIE,5,5,2
2023-11-11,6,Gum,Jessi,-,6,1
2023-11-11,7,Perfect Night,Le Sserafim,-,7,1
2023-11-11,8,Talk Saxy,RIIZE,-,8,1
2023-11-11,9,I Remember Everything,Zach Bryan Featuring Kacey Musgraves,-,9,2
2023-11-11,10,Baddie,IVE,16,10,2
2023-11-11,11,God Of Music,Seventeen,9,9,2
2023-11-11,12,Girls,Aespa,-,10,2
2023-11-11,13,Anti-Hero,Taylor Swift,-,1,20
2023-11-11,14,Somewhere Only We Know,Keane,3,1,42
2023-11-11,15,Karma Police,Radiohead,-,15,1
2023-11-11,16,Would That I,Hozier,-,2,28
2023-11-11,17,Cupid,Fifty Fifty,19,3,16
2023-11-11,18,DND,Rema,-,18,1
2023-11-11,19,Flowers,Miley Cyrus,-,5,18
2023-11-11,20,Vampire,Olivia Rodrigo,-,1,10
2023-11-11,21,Feather,Sabrina Carpenter,-,21,1
2023-11-11,22,Until I Found You,Stephen Sanchez,-,8,13
2023-11-11,23,Stop (Asking Me 4Shyt),Victoria Monet,-,23,1
2023-11-11,24,Eyes Closed,Ed Sheeran,-,3,7
2023-11-11,25,Shivers,Ed Sheeran,-,10,13
2023-11-18,1,Fast Car,Tracy Chapman,-,1,4
2023-11-18,2,Another Love,Tom Odell,2,1,66
2023-11-18,3,Somewhere Only We Know,Keane,14,1,43
2023-11-18,4,Karma Police,Radiohead,15,4,2
2023-11-18,5,Is It Over Now? (Taylor's Version) [From The Vault],Taylor Swift,1,1,2
2023-11-18,6,Ava,Famy,-,3,15
2023-11-18,7,Would That I,Hozier,16,2,29
2023-11-18,8,Now And Then,The Beatles,4,4,2
2023-11-18,9,Standing Next To You,Jung Kook,-,9,1
2023-11-18,10,Idol,YOASOBI,-,1,24
2023-11-18,11,Work Song,Hozier,-,2,15
2023-11-18,12,Crush,ZEROBASEONE,-,12,1
2023-11-18,13,I Remember Everything,Zach Bryan Featuring Kacey Musgraves,9,9,3
2023-11-18,14,Flowers,Miley Cyrus,19,5,19
2023-11-18,15,Pink Venom,BLACKPINK,-,13,3
2023-11-18,16,Akuma No Ko,Ai Higuchi,-,16,1
2023-11-18,17,Single Soon,Selena Gomez,-,17,1
2023-11-18,18,Until I Found You,Stephen Sanchez,22,8,14
2023-11-18,19,Maniac,VIVIZ,-,19,1
2023-11-18,20,As It Was,Harry Styles,-,1,31
2023-11-18,21,Moonlight Sunrise,Twice,-,9,2
2023-11-18,22,Baddie,IVE,10,10,3
2023-11-18,23,Anti-Hero,Taylor Swift,13,1,21
2023-11-18,24,Used To Be Young,Miley Cyrus,-,4,3
2023-11-18,25,That's Not How This Works,Charlie Puth Featuring Dan + Shay,-,11,3
2023-11-25,1,November Rain,Guns N' Roses,-,1,10
2023-11-25,2,Look On Down From The Bridge,Mazzy Star,-,2,1
2023-11-25,3,Somewhere Only We Know,Keane,3,1,44
2023-11-25,4,LALALALA,Stray Kids,-,4,1
2023-11-25,5,Uninvited,Alanis Morissette,-,5,2
2023-11-25,6,Drama,Aespa,-,6,1
2023-11-25,7,Specialz,King Gnu,-,7,2
2023-11-25,8,Come Undone,Robbie Williams,-,8,1
2023-11-25,9,2 Be Loved (Am I Ready),Lizzo,-,9,4
2023-11-25,10,All I Want For Christmas Is You,Mariah Carey,-,1,23
2023-11-25,11,Eyes Closed,Ed Sheeran,-,3,8
2023-11-25,12,Blank Space,Taylor Swift,-,6,4
2023-11-25,13,None Of My Business,iTZY,-,13,1
2023-11-25,14,Boyz Don't Cry,Rod Wave,-,14,1
2023-11-25,15,Sweet Venom,ENHYPEN,-,15,1
2023-11-25,16,Get A Guitar,RIIZE,-,16,1
2023-11-25,17,I Remember Everything,Zach Bryan Featuring Kacey Musgraves,13,9,4
2023-11-25,18,Work Song,Hozier,11,2,16
2023-11-25,19,Seven,Jung Kook Featuring Latto,-,19,1
2023-11-25,20,Pound Town 2,Sexyy Red & Tay Keith & Nicki Minaj,-,20,1
2023-11-25,21,As It Was,Harry Styles,20,1,32
2023-11-25,22,I Lost Myself In Loving You,Jamie Miller,-,22,1
2023-11-25,23,I Can't Stop Me,Twice,-,11,3
2023-11-25,24,We Don't Fight Anymore,Carly Pearce Featuring Chris Stapleton,-,24,1
2023-11-25,25,Calm Down,Rema & Selena Gomez,-,10,13
2023-12-02,1,Enchanted,Taylor Swift,-,1,6
2023-12-02,2,Let It Snow,Kylie Minogue,-,2,1
2023-12-02,3,White Winter Hymnal,Fleet Foxes,-,3,10
2023-12-02,4,Sweet Venom,ENHYPEN,15,4,2
2023-12-02,5,Last Christmas,Wham!,-,1,20
2023-12-02,6,Houdini,Dua Lipa,-,6,1
2023-12-02,7,Super Gremlin,Kodak Black,-,7,6
2023-12-02,8,Blank Space,Taylor Swift,12,6,5
2023-12-02,9,All I Want For Christmas Is You,Mariah Carey,10,1,24
2023-12-02,10,Zombie,The Cranberries,-,1,8
2023-12-02,11,Holy Ghost,Omah Lay,-,11,1
2023-12-02,12,Santa Baby,Cher,-,12,1
2023-12-02,13,We Don't Fight Anymore,Carly Pearce Featuring Chris Stapleton,24,13,2
2023-12-02,14,Now And Then,The Beatles,-,4,3
2023-12-02,15,Stayin' Alive,Avu-chan (Queen Bee),-,5,12
2023-12-02,16,Drama,Aespa,6,6,2
2023-12-02,17,Cruel Summer,Taylor Swift,-,2,12
2023-12-02,18,Agora Hills,Doja Cat,-,11,2
2023-12-02,19,Rich Men North Of Richmond,Oliver Anthony Music,-,16,4
2023-12-02,20,Specialz,King Gnu,7,7,3
2023-12-02,21,Would That I,Hozier,-,2,30
2023-12-02,22,Forever 1,Girls' Generation,-,13,3
2023-12-02,23,Single Soon,Selena Gomez,-,17,2
2023-12-02,24,When We Were Young,blink-182,-,6,2
2023-12-02,25,Scott Pilgrim,Plumtree,-,25,1
2023-12-09,1,Batter Up,BABYMONSTER,-,1,1
2023-12-09,2,Jingle Bell Rock,Aespa,-,2,1
2023-12-09,3,Last Christmas,Wham!,5,1,21
2023-12-09,4,White Christmas,Michael Buble Duet With Shania Twain,-,4,1
2023-12-09,5,Until I Found You,Stephen Sanchez,-,5,15
2023-12-09,6,Tone Deaf,Eminem,-,6,1
2023-12-09,7,Darl+ing,Seventeen,-,7,2
2023-12-09,8,Feather,Sabrina Carpenter,-,8,2
2023-12-09,9,Stayin' Alive,Avu-chan (Queen Bee),15,5,13
2023-12-09,10,Sleigh Ride,Meghan Trainor,-,10,1
2023-12-09,11,A New York Christmas,Rob Thomas,-,9,2
2023-12-09,12,Idol,YOASOBI,-,1,25
2023-12-09,13,Used To Be Young,Miley Cyrus,-,4,4
2023-12-09,14,Cruel Summer,Taylor Swift,17,2,13
2023-12-09,15,Paint The Town Red,Doja Cat,-,5,7
2023-12-09,16,As It Was,Harry Styles,-,1,33
2023-12-09,17,DJ Play A Christmas Song,Cher,-,17,1
2023-12-09,18,Golden Hour,JVKE,-,11,9
2023-12-09,19,Snooze,SZA,-,16,9
2023-12-09,20,Zombie,The Cranberries,10,1,9
2023-12-09,21,Lady Gaga,"Peso Pluma , Gabito Ballesteros & Junior H",-,21,1
2023-12-09,22,Anti-Hero,Taylor Swift,-,1,22
2023-12-09,23,Bad Habit,Steve Lacy,-,2,12
2023-12-09,24,Chemical,Post Malone,-,23,3
2023-12-09,25,What Was I Made For?,Billie Eilish,-,8,7
2023-12-16,1,Last Christmas,Wham!,3,1,22
2023-12-16,2,Jingle Bell Rock,Aespa,2,2,2
2023-12-16,3,As It Was,Harry Styles,16,1,34
2023-12-16,4,Cupid,Fifty Fifty,-,3,17
2023-12-16,5,Si No Estas,Inigo Quintero,-,5,2
2023-12-16,6,Light Switch,Charlie Puth,-,5,5
2023-12-16,7,Santa Baby,Taylor Swift,-,7,2
2023-12-16,8,You're Losing Me,Taylor Swift,-,8,1
2023-12-16,9,I Can't Stop Me,Twice,-,9,4
2023-12-16,10,So Good,Halsey,-,10,1
2023-12-16,11,Natural Born Killer,Highly Suspect,-,11,1
2023-12-16,12,You Broke My Heart,Drake,-,12,1
2023-12-16,13,I Like You (A Happier Song),Post Malone Featuring Doja Cat,-,13,6
2023-12-16,14,Idol,YOASOBI,12,1,26
2023-12-16,15,Sleigh Ride,Meghan Trainor,10,10,2
2023-12-16,16,Shake It Off,Taylor Swift,-,14,2
2023-12-16,17,Christmas Every Day,Simple Plan,-,17,1
2023-12-16,18,Until I Found You,Stephen Sanchez,5,5,16
2023-12-16,19,Peaches,Jack Black,-,10,3
2023-12-16,20,SET ME FREE,Twice,-,20,3
2023-12-16,21,Agora Hills,Doja Cat,-,11,3
2023-12-16,22,Fairytale Of New York,The Pogues Featuring Kirsty MacColl,-,2,21
2023-12-16,23,Get Him Back!,Olivia Rodrigo,-,23,1
2023-12-16,24,Holy Ghost,Omah Lay,-,11,2
2023-12-16,25,My Love Mine All Mine,Mitski,-,25,1
2023-12-23,1,Last Christmas,Wham!,1,1,23
2023-12-23,2,Please Come Home For Christmas,Eagles,-,2,1
2023-12-23,3,Better Things,Aespa,-,3,1
2023-12-23,4,Another Love,Tom Odell,-,1,67
2023-12-23,5,Snooze,SZA,-,5,10
2023-12-23,6,Somewhere Only We Know,Keane,-,1,45
2023-12-23,7,Fairytale Of New York,The Pogues Featuring Kirsty MacColl,22,2,22
2023-12-23,8,Santa Baby,Taylor Swift,7,7,3
2023-12-23,9,Used To Be Young,Miley Cyrus,-,4,5
2023-12-23,10,Count On Christmas,Bebe Rexha,-,10,1
2023-12-23,11,All I Want For Christmas Is You,Mariah Carey,-,1,25
2023-12-23,12,Agora Hills,Doja Cat,21,11,4
2023-12-23,13,Feather,Sabrina Carpenter,-,8,3
2023-12-23,14,Kitsch,IVE,-,13,2
2023-12-23,15,Sneakers,iTZY,-,7,2
2023-12-23,16,You're Losing Me,Taylor Swift,8,8,2
2023-12-23,17,Moonlight Sunrise,Twice,-,9,3
2023-12-23,18,Would That I,Hozier,-,2,31
2023-12-23,19,Steal The Show,Lauv,-,14,2
2023-12-23,20,Seasons,Bebe Rexha & Dolly Parton,-,20,3
2023-12-23,21,Specialz,King Gnu,-,7,4
2023-12-23,22,Flowers,Miley Cyrus,-,5,20
2023-12-23,23,White Christmas,Taylor Swift,-,13,2
2023-12-23,24,Fast Car,Tracy Chapman,-,1,5
2023-12-23,25,What Was I Made For?,Billie Eilish,-,8,8
2023-12-30,1,It's Beginning To Look A Lot Like Christmas,Michael Buble,-,1,1
2023-12-30,2,Somewhere Only We Know,Keane,6,1,46
2023-12-30,3,Another Love,Tom Odell,4,1,68
2023-12-30,4,Last Christmas,Wham!,1,1,24
2023-12-30,5,Fast Car,Tracy Chapman,24,1,6
2023-12-30,6,Zombie,The Cranberries,-,1,10
2023-12-30,7,Si No Estas,Inigo Quintero,-,5,3
2023-12-30,8,Would That I,Hozier,18,2,32
2023-12-30,9,Apocalypse,Cigarettes After Sex,-,3,17
2023-12-30,10,Fairytale Of New York,The Pogues Featuring Kirsty MacColl,7,2,23
2023-12-30,11,First Class,Jack Harlow,-,8,7
2023-12-30,12,Snooze,SZA,5,5,11
2023-12-30,13,Idol,YOASOBI,-,1,27
2023-12-30,14,Now And Then,The Beatles,-,4,4
2023-12-30,15,You're Losing Me,Taylor Swift,16,8,3
2023-12-30,16,Driving Home For Christmas,Chris Rea,-,3,4
2023-12-30,17,Single Soon,Selena Gomez,-,17,3
2023-12-30,18,As It Was,Harry Styles,-,1,35
2023-12-30,19,Specialz,King Gnu,21,7,5
2023-12-30,20,Agora Hills,Doja Cat,12,11,5
2023-12-30,21,BORN TO BE,iTZY,-,21,1
2023-12-30,22,Jingle Bell Rock,Aespa,-,2,3
2023-12-30,23,Until I Found You,Stephen Sanchez,-,5,17
2023-12-30,24,What Was I Made For?,Billie Eilish,25,8,9
2023-12-30,25,Plastic Bag,Ed Sheeran,-,18,2
2024-01-06,1,The Motto,Tiesto & Ava Max,-,1,4
2024-01-06,2,Miss You,Oliver Tree & Robin Schulz,-,2,4
2024-01-06,3,Eyes Closed,Ed Sheeran,-,3,9
2024-01-06,4,The Business,Tiesto,-,4,2
2024-01-06,5,Cruel Summer,Taylor Swift,-,2,14
2024-01-06,6,Die For You,Joji,-,6,1
2024-01-06,7,Keep Me Busy,Punch,-,7,1
2024-01-06,8,Si No Estas,Inigo Quintero,7,5,4
2024-01-06,9,Made You Look,Meghan Trainor,-,9,9
2024-01-06,10,Life's Too Short,Aespa,-,10,1
2024-01-06,11,Flowers,Miley Cyrus,-,5,21
2024-01-06,12,Super Gremlin,Kodak Black,-,7,7
2024-01-06,13,Wish You The Best,Lewis Capaldi,-,13,6
2024-01-06,14,Rockin' Around The Christmas Tree,Brenda Lee,-,4,5
2024-01-06,15,2 Be Loved (Am I Ready),Lizzo,-,9,5
2024-01-06,16,Ololufe,Wizkid Featuring Wande Coal,-,16,1
2024-01-06,17,H00DBYAIR,Playboi Carti,-,17,1
2024-01-06,18,Diamonds,Wizkid,-,18,1
2024-01-06,19,All Nighter,Tiesto,-,19,1
2024-01-06,20,Would That I,Hozier,8,2,33
2024-01-06,21,Until I Found You,Stephen Sanchez,23,5,18
2024-01-06,22,You're Losing Me,Taylor Swift,15,8,4
2024-01-06,23,All My Life,Lil Durk Featuring J. Cole,-,1,5
2024-01-06,24,Calm Down,Rema & Selena Gomez,-,10,14
2024-01-06,25,Anti-Hero,Taylor Swift,-,1,23
2024-01-13,1,Another Love,Tom Odell,-,1,69
2024-01-13,2,Somewhere Only We Know,Keane,-,1,47
2024-01-13,3,Fast Car,Tracy Chapman,-,1,7
2024-01-13,4,Si No Estas,Inigo Quintero,8,4,5
2024-01-13,5,Would That I,Hozier,20,2,34
2024-01-13,6,Work Song,Hozier,-,2,17
2024-01-13,7,Style,Taylor Swift,-,7,2
2024-01-13,8,Snooze,SZA,-,5,12
2024-01-13,9,Cruel Summer,Taylor Swift,5,2,15
2024-01-13,10,As It Was,Harry Styles,-,1,36
2024-01-13,11,Hoist The Colours,Hans Zimmer,-,11,1
2024-01-13,12,Cupid,Fifty Fifty,-,3,18
2024-01-13,13,Sunroof,Nicky Youre & dazy,-,6,4
2024-01-13,14,Feather,Sabrina Carpenter,-,8,4
2024-01-13,15,Houdini,Dua Lipa,-,6,2
2024-01-13,16,Gold Gold Gold,JEON SOMI,-,16,2
2024-01-13,17,Calm Down,Rema & Selena Gomez,24,10,15
2024-01-13,18,Idol,YOASOBI,-,1,28
2024-01-13,19,Dance The Night,Dua Lipa,-,19,5
2024-01-13,20,Until I Found You,Stephen Sanchez,21,5,19
2024-01-13,21,Darl+ing,Seventeen,-,7,3
2024-01-13,22,Baggy Jeans,NCT U,-,22,1
2024-01-13,23,Is It Over Now? (Taylor's Version) [From The Vault],Taylor Swift,-,1,3
2024-01-13,24,Now And Then,The Beatles,-,4,5
2024-01-13,25,Used To Be Young,Miley Cyrus,-,4,6
2024-01-20,1,Another Love,Tom Odell,1,1,70
2024-01-20,2,Light Switch,Charlie Puth,-,2,6
2024-01-20,3,Take My Breath,The Weeknd,-,3,2
2024-01-20,4,Houdini,Dua Lipa,15,4,3
2024-01-20,5,Bad News,TEMPEST,-,5,1
2024-01-20,6,ROAR,THE BOYZ,-,6,1
2024-01-20,7,Puppet Show,XG,-,7,1
2024-01-20,8,Typa Girl,BLACKPINK,-,8,1
2024-01-20,9,Sparkling,CHUNG HA,-,9,1
2024-01-20,10,Sneakers,iTZY,-,7,3
2024-01-20,11,Cardigan,Taylor Swift,-,1,3
2024-01-20,12,Until I Found You,Stephen Sanchez,20,5,20
2024-01-20,13,Shivers,Ed Sheeran,-,10,14
2024-01-20,14,Would That I,Hozier,5,2,35
2024-01-20,15,As It Was,Harry Styles,10,1,37
2024-01-20,16,La Diabla,Xavi,-,16,1
2024-01-20,17,Vampire,Olivia Rodrigo,-,1,11
2024-01-20,18,Dance The Night,Dua Lipa,19,18,6
2024-01-20,19,Happy,NF,-,17,4
2024-01-20,20,Eyes Closed,Ed Sheeran,-,3,10
2024-01-20,21,Made You Look,Meghan Trainor,-,9,10
2024-01-20,22,Used To Be Young,Miley Cyrus,25,4,7
2024-01-20,23,Mind On You,George Birge,-,23,1
2024-01-20,24,Great Gatsby,Rod Wave,-,22,2
2024-01-20,25,Steal The Show,Lauv,-,14,3
2024-01-27,1,Yellow,Coldplay,-,1,5
2024-01-27,2,Bling-Bang-Bang-Born,Creepy Nuts,-,2,1
2024-01-27,3,It's You,"YEOSANG, SAN & WOOYOUNG",-,3,1
2024-01-27,4,Miss You,Oliver Tree & Robin Schulz,-,2,5
2024-01-27,5,Anti-Hero,Taylor Swift,-,1,24
2024-01-27,6,Back For More,TOMORROW X TOGETHER & Anitta,-,6,2
2024-01-27,7,Padam Padam,Kylie Minogue,-,7,2
2024-01-27,8,Better Things,Aespa,-,3,2
2024-01-27,9,Would That I,Hozier,14,2,36
2024-01-27,10,Style,Taylor Swift,-,7,3
2024-01-27,11,That's Hilarious,Charlie Puth,-,11,1
2024-01-27,12,Closer,Saweetie Featuring H.E.R.,-,11,4
2024-01-27,13,As It Was,Harry Styles,15,1,38
2024-01-27,14,What It Is (Block Boy),Doechii Featuring Kodak Black,-,14,1
2024-01-27,15,Greedy,Tate McRae,-,15,2
2024-01-27,16,Eyes Closed,Ed Sheeran,20,3,11
2024-01-27,17,Is It Over Now? (Taylor's Version) [From The Vault],Taylor Swift,-,1,4
2024-01-27,18,Si No Estas,Inigo Quintero,-,4,6
2024-01-27,19,Paint The Town Red,Doja Cat,-,5,8
2024-01-27,20,Golden Hour,JVKE,-,11,10
2024-01-27,21,Single Soon,Selena Gomez,-,17,4
2024-01-27,22,King Snipe,Gucci Mane & Kodak Black,-,22,1
2024-01-27,23,Super Shy,NewJeans,-,11,2
2024-01-27,24,Baby Don't Hurt Me,"David Guetta , Anne-Marie & Coi Leray",-,18,2
2024-01-27,25,Glad U Came,Jason Derulo,-,25,1
2024-02-03,1,Yellow,Coldplay,1,1,6
2024-02-03,2,Bling-Bang-Bang-Born,Creepy Nuts,2,2,2
2024-02-03,3,OH La La La,Jolin,-,3,1
2024-02-03,4,Grab Me,AB6IX,-,4,1
2024-02-03,5,Flowers,Miley Cyrus,-,5,22
2024-02-03,6,Would That I,Hozier,9,2,37
2024-02-03,7,Standing Next To You,Jung Kook,-,7,2
2024-02-03,8,Dance The Night,Dua Lipa,-,8,7
2024-02-03,9,Better Things,Aespa,8,3,3
2024-02-03,10,Dreamwalker,Silent Planet,-,10,1
2024-02-03,11,Si No Estas,Inigo Quintero,18,4,7
2024-02-03,12,Super Shy,NewJeans,23,11,3
2024-02-03,13,Hoist The Colours,Hans Zimmer,-,11,2
2024-02-03,14,Karma,Taylor Swift,-,5,8
2024-02-03,15,Chemical,Post Malone,-,15,4
2024-02-03,16,The Motto,Tiesto & Ava Max,-,1,5
2024-02-03,17,"Lover, You Should've Come Over",Jeff Buckley,-,17,1
2024-02-03,18,Is It Over Now? (Taylor's Version) [From The Vault],Taylor Swift,17,1,5
2024-02-03,19,Sunroof,Nicky Youre & dazy,-,6,5
2024-02-03,20,Idol,YOASOBI,-,1,29
2024-02-03,21,Anti-Hero,Taylor Swift,5,1,25
2024-02-03,22,Rich Baby Daddy,Drake Featuring Sexyy Red & SZA,-,22,1
2024-02-03,23,Until I Found You,Stephen Sanchez,-,5,21
2024-02-03,24,Cupid,Fifty Fifty,-,3,19
2024-02-03,25,What Was I Made For?,Billie Eilish,-,8,10
2024-02-10,1,Fast Car,Tracy Chapman,-,1,8
2024-02-10,2,Super Lady,(G)I-DLE,-,2,1
2024-02-10,3,Both Sides Now,Joni Mitchell,-,1,3
2024-02-10,4,Love Story (Taylor's Version),Taylor Swift,-,4,2
2024-02-10,5,Sneakers,iTZY,-,5,4
2024-02-10,6,Life's Too Short,Aespa,-,6,2
2024-02-10,7,D N D,Apink,-,7,2
2024-02-10,8,Stuck In The Middle,BABYMONSTER,-,8,1
2024-02-10,9,Houdini,Dua Lipa,-,4,4
2024-02-10,10,Light Switch,Charlie Puth,-,2,7
2024-02-10,11,Page,Ed Sheeran,-,11,1
2024-02-10,12,Hoist The Colours,Hans Zimmer,13,11,3
2024-02-10,13,Eyes Closed,Ed Sheeran,-,3,12
2024-02-10,14,I Wish It Would Rain,Bruce Springsteen,-,14,1
2024-02-10,15,Head > Heels,Ed Sheeran,-,15,1
2024-02-10,16,Twe Twe,Kizz Daniel,-,16,1
2024-02-10,17,Bling-Bang-Bang-Born,Creepy Nuts,2,2,3
2024-02-10,18,This Is Why,Paramore,-,18,1
2024-02-10,19,Dreamwalker,Silent Planet,10,10,2
2024-02-10,20,What Was I Made For?,Billie Eilish,25,8,11
2024-02-10,21,La Diabla,Xavi,-,16,2
2024-02-10,22,That's Not How This Works,Charlie Puth Featuring Dan + Shay,-,11,4
2024-02-10,23,Nothing You Can Take From Me,Rachel Zegler & The Covey Band,-,23,1
2024-02-10,24,Baby again..,Fred again.. X Skrillex X Four Tet,-,24,1
2024-02-10,25,Music For A Sushi Restaurant,Harry Styles,-,22,2
2024-02-17,1,Fast Car,Tracy Chapman,1,1,9
2024-02-17,2,Both Sides Now,Joni Mitchell,3,1,4
2024-02-17,3,The Promise,Tracy Chapman,-,3,1
2024-02-17,4,I Got You,Twice,-,4,1
2024-02-17,5,Bling-Bang-Bang-Born,Creepy Nuts,17,2,4
2024-02-17,6,Flowers,Miley Cyrus,-,5,23
2024-02-17,7,Should've Been A Cowboy,Toby Keith,-,7,1
2024-02-17,8,Yeah!,Usher Featuring Lil Jon & Ludacris,-,8,1
2024-02-17,9,Baby Can I Hold You,Tracy Chapman,-,9,1
2024-02-17,10,Beer For My Horses,Toby Keith Duet With Willie Nelson,-,10,1
2024-02-17,11,Stuck In The Middle,BABYMONSTER,8,8,2
2024-02-17,12,Love Story (Taylor's Version),Taylor Swift,4,4,3
2024-02-17,13,Sunflower (Spider-Man: Into The Spider-Verse),Post Malone & Swae Lee,-,1,33
2024-02-17,14,Talkin' Bout A Revolution,Tracy Chapman,-,12,3
2024-02-17,15,Standing Next To You,Jung Kook,-,7,3
2024-02-17,16,Golden Hour,JVKE,-,11,11
2024-02-17,17,Single Soon,Selena Gomez,-,17,5
2024-02-17,18,Nice & Slow,Usher,-,18,1
2024-02-17,19,What Was I Made For?,Billie Eilish,20,8,12
2024-02-17,20,"Courtesy Of The Red, White And Blue (The Angry American)",Toby Keith,-,20,1
2024-02-17,21,La Diabla,Xavi,21,16,3
2024-02-17,22,Eenie Meenie,Sean Kingston & Justin Bieber,-,22,1
2024-02-17,23,Left Right,XG,-,13,2
2024-02-17,24,Cryin' For Me (Wayman's Song),Toby Keith,-,24,1
2024-02-17,25,Is It Over Now? (Taylor's Version) [From The Vault],Taylor Swift,-,1,6
2024-02-24,1,Yellow,Coldplay,-,1,7
2024-02-24,2,Yeah!,Usher Featuring Lil Jon & Ludacris,8,2,2
2024-02-24,3,Bling-Bang-Bang-Born,Creepy Nuts,5,2,5
2024-02-24,4,Sunflower (Spider-Man: Into The Spider-Verse),Post Malone & Swae Lee,13,1,34
2024-02-24,5,Bad Girl,Usher,-,5,1
2024-02-24,6,Would That I,Hozier,-,2,38
2024-02-24,7,My Boo,Usher And Alicia Keys,-,7,1
2024-02-24,8,La Diabla,Xavi,21,8,4
2024-02-24,9,Si No Estas,Inigo Quintero,-,4,8
2024-02-24,10,Enchanted,Taylor Swift,-,1,7
2024-02-24,11,Cruel Summer,Taylor Swift,-,2,16
2024-02-24,12,Until I Found You,Stephen Sanchez,-,5,22
2024-02-24,13,You're Still The One,Shania Twain,-,13,1
2024-02-24,14,Used To Be Young,Miley Cyrus,-,4,8
2024-02-24,15,As It Was,Harry Styles,-,1,39
2024-02-24,16,Work Song,Hozier,-,2,18
2024-02-24,17,Is It Over Now? (Taylor's Version) [From The Vault],Taylor Swift,25,1,7
2024-02-24,18,What Was I Made For?,Billie Eilish,19,8,13
2024-02-24,19,Shivers,Ed Sheeran,-,10,15
2024-02-24,20,Golden Hour,JVKE,16,11,12
2024-02-24,21,Vampire,Olivia Rodrigo,-,1,12
2024-02-24,22,Cupid,Fifty Fifty,-,3,20
2024-02-24,23,Flowers,Miley Cyrus,6,5,24
2024-02-24,24,Dance The Night,Dua Lipa,-,8,8
2024-02-24,25,Moonlight Sunrise,Twice,-,9,4
2024-03-02,1,Vampire,Olivia Rodrigo,21,1,13
2024-03-02,2,Hoist The Colours,Hans Zimmer,-,2,4
2024-03-02,3,Holssi,IU,-,3,1
2024-03-02,4,Made You Look,Meghan Trainor,-,4,11
2024-03-02,5,Anti-Hero,Taylor Swift,-,1,26
2024-03-02,6,Afraid To Feel,LF SYSTEM,-,4,3
2024-03-02,7,Touchin&Movin,Moon Byul,-,7,1
2024-03-02,8,Broken Melodies,NCT DREAM,-,8,2
2024-03-02,9,As It Was,Harry Styles,15,1,40
2024-03-02,10,Standing Next To You,Jung Kook,-,7,4
2024-03-02,11,Bad Habits,Ed Sheeran,-,6,15
2024-03-02,12,Eyes Closed,Ed Sheeran,-,3,13
2024-03-02,13,Until I Found You,Stephen Sanchez,12,5,23
2024-03-02,14,Cruel Summer,Taylor Swift,11,2,17
2024-03-02,15,Another Love,Tom Odell,-,1,71
2024-03-02,16,Super Gremlin,Kodak Black,-,7,8
2024-03-02,17,Baby Can I Hold You,Tracy Chapman,-,9,2
2024-03-02,18,Flowers,Miley Cyrus,23,5,25
2024-03-02,19,Houdini,Dua Lipa,-,4,5
2024-03-02,20,Ghost Town,Benson Boone,-,19,2
2024-03-02,21,Texas Hold 'Em,Beyonce,-,21,1
2024-03-02,22,Redemption Song,Bob Marley & The Wailers,-,22,1
2024-03-02,23,Stupid In Love,MAX Featuring HUH YUNJIN,-,23,1
2024-03-02,24,I Got You,Twice,-,4,2
2024-03-02,25,Is It Over Now? (Taylor's Version) [From The Vault],Taylor Swift,17,1,8
2024-03-09,1,La Victima,Xavi,-,1,1
2024-03-09,2,Clown,Emeli Sande,-,2,1
2024-03-09,3,One Spark,Twice,-,3,1
2024-03-09,4,The Night We Met,Lord Huron,-,3,5
2024-03-09,5,Easy,Le Sserafim,-,5,1
2024-03-09,6,Dance The Night,Dua Lipa,-,6,9
2024-03-09,7,Flowers,Miley Cyrus,18,5,26
2024-03-09,8,Luna,Feid & ATL Jacob,-,8,1
2024-03-09,9,22 (Taylor's Version),Taylor Swift,-,9,1
2024-03-09,10,Single Soon,Selena Gomez,-,10,6
2024-03-09,11,Texas Hold 'Em,Beyonce,21,11,2
2024-03-09,12,Eleven,IVE,-,12,1
2024-03-09,13,Another Love,Tom Odell,15,1,72
2024-03-09,14,Somewhere Only We Know,Keane,-,1,48
2024-03-09,15,Can't Get You Out Of My Head,Kylie Minogue,-,15,1
2024-03-09,16,Diamonds,Rihanna,-,5,5
2024-03-09,17,This Is How You Fall In Love,Jeremy Zucker & Chelsea Cutler,-,17,1
2024-03-09,18,We Don't Smoke It,Neil Young,-,18,1
2024-03-09,19,Die For You,The Weeknd & Ariana Grande,-,7,10
2024-03-09,20,Ghost,Justin Bieber,-,4,7
2024-03-09,21,Is It Over Now? (Taylor's Version) [From The Vault],Taylor Swift,25,1,9
2024-03-09,22,Nonsense,Sabrina Carpenter,-,14,3
2024-03-09,23,Drown,Justin Timberlake,-,23,1
2024-03-09,24,Butter,BTS,-,5,5
2024-03-09,25,Exes,Tate McRae,-,25,1
2024-03-16,1,La Victima,Xavi,1,1,2
2024-03-16,2,Bling-Bang-Bang-Born,Creepy Nuts,-,2,6
2024-03-16,3,Another Love,Tom Odell,13,1,73
2024-03-16,4,Enchanted,Taylor Swift,-,1,8
2024-03-16,5,Luna,Feid & ATL Jacob,8,5,2
2024-03-16,6,Shake It Off,Taylor Swift,-,6,3
2024-03-16,7,La Diabla,Xavi,-,7,5
2024-03-16,8,My Love Mine All Mine,Mitski,-,8,2
2024-03-16,9,Single Soon,Selena Gomez,10,9,7
2024-03-16,10,I Remember Everything,Zach Bryan Featuring Kacey Musgraves,-,9,5
2024-03-16,11,Is It Over Now? (Taylor's Version) [From The Vault],Taylor Swift,21,1,10
2024-03-16,12,Cool With You,NewJeans,-,12,1
2024-03-16,13,Moonlight Sunrise,Twice,-,9,5
2024-03-16,14,Baggy Jeans,NCT U,-,14,2
2024-03-16,15,Bona Bona,TREASURE,-,15,2
2024-03-16,16,Would That I,Hozier,-,2,39
2024-03-16,17,What Was I Made For?,Billie Eilish,-,8,14
2024-03-16,18,Turn The Lights Back On,Billy Joel,-,18,1
2024-03-16,19,Blank Space,Taylor Swift,-,6,6
2024-03-16,20,XXL,LANY,-,20,1
2024-03-16,21,White Horse,Chris Stapleton,-,21,1
2024-03-16,22,Dreamwalker,Silent Planet,-,10,3
2024-03-16,23,Greedy,Tate McRae,-,15,3
2024-03-16,24,Lose Control,Teddy Swims,-,24,1
2024-03-16,25,Love Me More,Sam Smith,-,23,2
2024-03-23,1,My Love Mine All Mine,Mitski,8,1,3
2024-03-23,2,Bling-Bang-Bang-Born,Creepy Nuts,2,2,7
2024-03-23,3,Another Love,Tom Odell,3,1,74
2024-03-23,4,End Of Beginning,Djo,-,4,1
2024-03-23,5,Fast Car,Tracy Chapman,-,1,10
2024-03-23,6,Smart,Le Sserafim,-,6,1
2024-03-23,7,UGLY,EVNNE,-,7,1
2024-03-23,8,That's Not How This Works,Charlie Puth Featuring Dan + Shay,-,8,5
2024-03-23,9,Wish You The Best,Lewis Capaldi,-,9,7
2024-03-23,10,Easy,Le Sserafim,-,5,2
2024-03-23,11,Dance The Night,Dua Lipa,-,6,10
2024-03-23,12,La Diabla,Xavi,7,7,6
2024-03-23,13,Star,Colde,-,13,1
2024-03-23,14,Bad Guy,Billie Eilish,-,1,19
2024-03-23,15,Spicy,Aespa,-,14,2
2024-03-23,16,Talk Saxy,RIIZE,-,8,2
2024-03-23,17,Cruel Summer,Taylor Swift,-,2,18
2024-03-23,18,Flowers,Miley Cyrus,-,5,27
2024-03-23,19,I Remember Everything,Zach Bryan Featuring Kacey Musgraves,10,9,6
2024-03-23,20,Golden Hour,JVKE,-,11,13
2024-03-23,21,Drown,Justin Timberlake,-,21,2
2024-03-23,22,What Was I Made For?,Billie Eilish,17,8,15
2024-03-23,23,Dreamwalker,Silent Planet,22,10,4
2024-03-23,24,White Horse,Chris Stapleton,21,21,2
2024-03-23,25,Greedy,Tate McRae,23,15,4
2024-03-30,1,Another Love,Tom Odell,3,1,75
2024-03-30,2,Fast Car,Tracy Chapman,5,1,11
2024-03-30,3,Bling-Bang-Bang-Born,Creepy Nuts,2,2,8
2024-03-30,4,Would That I,Hozier,-,2,40
2024-03-30,5,Don't Start Now,Dua Lipa,-,1,10
2024-03-30,6,I Remember Everything,Zach Bryan Featuring Kacey Musgraves,19,6,7
2024-03-30,7,Dreamwalker,Silent Planet,23,7,5
2024-03-30,8,Hoist The Colours,Hans Zimmer,-,2,5
2024-03-30,9,Are You Bored Yet?,Wallows Featuring Clairo,-,9,1
2024-03-30,10,Ghost Town,Benson Boone,-,10,3
2024-03-30,11,Texas Hold 'Em,Beyonce,-,11,3
2024-03-30,12,We Can't Be Friends (Wait For Your Love),Ariana Grande,-,12,1
2024-03-30,13,Anytime Anywhere,milet,-,13,1
2024-03-30,14,Amazing,Ed Sheeran,-,14,1
2024-03-30,15,White Horse,Chris Stapleton,24,15,3
2024-03-30,16,Outro,M83.,-,16,1
2024-03-30,17,Lose Control,Teddy Swims,-,17,2
2024-03-30,18,Is It Over Now? (Taylor's Version) [From The Vault],Taylor Swift,-,1,11
2024-03-30,19,"The Beer, The Band And The Barstool",Luke Combs,-,19,1
2024-03-30,20,Plastic Bag,Ed Sheeran,-,18,3
2024-03-30,21,Blue,Ed Sheeran,-,17,2
2024-03-30,22,Agora Hills,Doja Cat,-,11,6
2024-03-30,23,Lovin On Me,Jack Harlow,-,23,1
2024-03-30,24,Midnight,Ed Sheeran,-,24,1
2024-03-30,25,La Diabla,Xavi,12,7,7
2024-04-06,1,Flowers,Miley Cyrus,-,1,28
2024-04-06,2,Magnetic,ILLIT,-,2,1
2024-04-06,3,We Can't Be Friends (Wait For Your Love),Ariana Grande,12,3,2
2024-04-06,4,Bling-Bang-Bang-Born,Creepy Nuts,3,2,9
2024-04-06,5,Intro (End Of The World),Ariana Grande,-,5,1
2024-04-06,6,La Diabla,Xavi,25,6,8
2024-04-06,7,Wish You Hell,WENDY,-,7,1
2024-04-06,8,Greedy,Tate McRae,-,8,5
2024-04-06,9,Love U Like That,Lauv,-,9,1
2024-04-06,10,Cruel Summer,Taylor Swift,-,2,19
2024-04-06,11,Get A Guitar,RIIZE,-,11,2
2024-04-06,12,Where The Wild Things Are,Luke Combs,-,12,1
2024-04-06,13,Water,Tyla,-,13,1
2024-04-06,14,I Remember Everything,Zach Bryan Featuring Kacey Musgraves,6,6,8
2024-04-06,15,End Of Beginning,Djo,-,4,2
2024-04-06,16,I Can't Stop Me,Twice,-,9,5
2024-04-06,17,Beautiful Things,Benson Boone,-,17,1
2024-04-06,18,Stuck In The Middle,BABYMONSTER,-,8,3
2024-04-06,19,Enough (Miami),Cardi B,-,19,1
2024-04-06,20,Saturn,SZA,-,20,1
2024-04-06,21,Bellissima,Annalisa,-,21,1
2024-04-06,22,Imperfect For You,Ariana Grande,-,22,1
2024-04-06,23,Get It Sexyy,Sexyy Red,-,23,1
2024-04-06,24,Si No Estas,Inigo Quintero,-,4,9
2024-04-06,25,Plastic Bag,Ed Sheeran,20,18,4
2024-04-13,1,Flowers,Miley Cyrus,1,1,29
2024-04-13,2,Beautiful Things,Benson Boone,17,2,2
2024-04-13,3,I Remember Everything,Zach Bryan Featuring Kacey Musgraves,14,3,9
2024-04-13,4,Texas Hold 'Em,Beyonce,-,4,4
2024-04-13,5,Where The Wild Things Are,Luke Combs,12,5,2
2024-04-13,6,Thinkin' Bout Me,Morgan Wallen,-,6,2
2024-04-13,7,The Painter,Cody Johnson,-,7,1
2024-04-13,8,Lovin On Me,Jack Harlow,-,8,2
2024-04-13,9,La Diabla,Xavi,6,6,9
2024-04-13,10,Cruel Summer,Taylor Swift,10,2,20
2024-04-13,11,Macetando,Ivete Sangalo & Ludmilla,-,11,1
2024-04-13,12,Bencaos Que Nao Tem Fim (Counting My Blessings),Isadora Pompeo,-,12,1
2024-04-13,13,Eu Sou Teu Pai (Ao Vivo),Valesca Mayssa,-,13,1
2024-04-13,14,Eis-me Aqui (Ao Vivo),Valesca Mayssa,-,14,1
2024-04-13,15,La Victima,Xavi,-,1,3
2024-04-13,16,White Horse,Chris Stapleton,-,15,4
2024-04-13,17,Si No Estas,Inigo Quintero,24,4,10
2024-04-13,18,Is It Over Now? (Taylor's Version) [From The Vault],Taylor Swift,-,1,12
2024-04-13,19,We Don't Fight Anymore,Carly Pearce Featuring Chris Stapleton,-,13,3
2024-04-13,20,Greedy,Tate McRae,8,8,6
2024-04-13,21,Last Night,Morgan Wallen,-,20,5
2024-04-13,22,Bling-Bang-Bang-Born,Creepy Nuts,4,2,10
2024-04-13,23,What Was I Made For?,Billie Eilish,-,8,16
2024-04-13,24,Trustfall,P!nk,-,22,2
2024-04-13,25,Hey Driver,Zach Bryan Featuring The War And Treaty,-,25,1
2024-04-20,1,Flowers,Miley Cyrus,1,1,30
2024-04-20,2,Texas Hold 'Em,Beyonce,4,2,5
2024-04-20,3,Beautiful Things,Benson Boone,2,2,3
2024-04-20,4,I Remember Everything,Zach Bryan Featuring Kacey Musgraves,3,3,10
2024-04-20,5,Where The Wild Things Are,Luke Combs,5,5,3
2024-04-20,6,Thinkin' Bout Me,Morgan Wallen,6,6,3
2024-04-20,7,The Painter,Cody Johnson,7,7,2
2024-04-20,8,Cruel Summer,Taylor Swift,10,2,21
2024-04-20,9,La Diabla,Xavi,9,6,10
2024-04-20,10,La Victima,Xavi,15,1,4
2024-04-20,11,Lovin On Me,Jack Harlow,8,8,3
2024-04-20,12,Houdini,Dua Lipa,-,4,6
2024-04-20,13,Segun Quien,Maluma & Carin Leon,-,13,1
2024-04-20,14,Wildflowers And Wild Horses,Lainey Wilson,-,14,1
2024-04-20,15,I Can Feel It,Kane Brown,-,15,1
2024-04-20,16,Last Night,Morgan Wallen,21,16,6
2024-04-20,17,Igual Que Un Angel,Kali Uchis & Peso Pluma,-,17,1
2024-04-20,18,Hey Driver,Zach Bryan Featuring The War And Treaty,25,18,2
2024-04-20,19,Bling-Bang-Bang-Born,Creepy Nuts,22,2,11
2024-04-20,20,What Was I Made For?,Billie Eilish,23,8,17
2024-04-20,21,Man Made A Bar,Morgan Wallen Featuring Eric Church,-,21,1
2024-04-20,22,Trustfall,P!nk,24,22,3
2024-04-20,23,Enchanted,Taylor Swift,-,1,9
2024-04-20,24,Stick Season,Noah Kahan,-,24,1
2024-04-20,25,Total Eclipse Of The Heart,Bonnie Tyler,-,25,1
2024-04-27,1,Texas Hold 'Em,Beyonce,2,1,6
2024-04-27,2,Wildflowers And Wild Horses,Lainey Wilson,14,2,2
2024-04-27,3,Segun Quien,Maluma & Carin Leon,13,3,2
2024-04-27,4,I Can Feel It,Kane Brown,15,4,2
2024-04-27,5,Houdini,Dua Lipa,12,4,7
2024-04-27,6,Ikuokukonen,Omoinotake,-,6,1
2024-04-27,7,Burn It Down,Parker McCollum,-,7,1
2024-04-27,8,Man Made A Bar,Morgan Wallen Featuring Eric Church,21,8,2
2024-04-27,9,Beautiful Things,Benson Boone,3,2,4
2024-04-27,10,I Remember Everything,Zach Bryan Featuring Kacey Musgraves,4,3,11
2024-04-27,11,Lovers In A Past Life,Calvin Harris & Rag'n'Bone Man,-,11,1
2024-04-27,12,The Painter,Cody Johnson,7,7,3
2024-04-27,13,Thinkin' Bout Me,Morgan Wallen,6,6,4
2024-04-27,14,Where The Wild Things Are,Luke Combs,5,5,4
2024-04-27,15,Lose Control,Teddy Swims,-,15,3
2024-04-27,16,Enchanted,Taylor Swift,23,1,10
2024-04-27,17,Trustfall,P!nk,22,17,4
2024-04-27,18,La Diabla,Xavi,9,6,11
2024-04-27,19,La Victima,Xavi,10,1,5
2024-04-27,20,Greedy,Tate McRae,-,8,7
2024-04-27,21,What Was I Made For?,Billie Eilish,20,8,18
2024-04-27,22,Last Night,Morgan Wallen,16,16,7
2024-04-27,23,Stumblin' In,CYRIL,-,23,1
2024-04-27,24,"Yes, And?",Ariana Grande,-,24,1
2024-04-27,25,Cruel Summer,Taylor Swift,8,2,22
2024-05-04,1,Texas Hold 'Em,Beyonce,1,1,7
2024-05-04,2,Flowers,Miley Cyrus,-,1,31
2024-05-04,3,Beautiful Things,Benson Boone,9,2,5
2024-05-04,4,I Remember Everything,Zach Bryan Featuring Kacey Musgraves,10,3,12
2024-05-04,5,Where The Wild Things Are,Luke Combs,14,5,5
2024-05-04,6,Thinkin' Bout Me,Morgan Wallen,13,6,5
2024-05-04,7,The Painter,Cody Johnson,12,7,4
2024-05-04,8,Cruel Summer,Taylor Swift,25,2,23
2024-05-04,9,Lovin On Me,Jack Harlow,-,8,4
2024-05-04,10,Greedy,Tate McRae,20,8,8
2024-05-04,11,Drunk Text,Henry Moodie,-,11,1
2024-05-04,12,La Diabla,Xavi,18,6,12
2024-05-04,13,Wildflowers And Wild Horses,Lainey Wilson,2,2,3
2024-05-04,14,Stick Season,Noah Kahan,-,14,2
2024-05-04,15,I Can Feel It,Kane Brown,4,4,3
2024-05-04,16,La Victima,Xavi,19,1,6
2024-05-04,17,Lovers In A Past Life,Calvin Harris & Rag'n'Bone Man,11,11,2
2024-05-04,18,Save Me,Jelly Roll With Lainey Wilson,-,18,1
2024-05-04,19,Si No Estas,Inigo Quintero,-,4,11
2024-05-04,20,Trustfall,P!nk,17,17,5
2024-05-04,21,Hey Driver,Zach Bryan Featuring The War And Treaty,-,18,3
2024-05-04,22,Man Made A Bar,Morgan Wallen Featuring Eric Church,8,8,3
2024-05-04,23,What Was I Made For?,Billie Eilish,21,8,19
2024-05-04,24,Lose Control,Teddy Swims,15,15,4
2024-05-04,25,Houdini,Dua Lipa,5,4,8
2024-05-11,1,Beautiful Things,Benson Boone,3,1,6
2024-05-11,2,I Remember Everything,Zach Bryan Featuring Kacey Musgraves,4,2,13
2024-05-11,3,Texas Hold 'Em,Beyonce,1,1,8
2024-05-11,4,Flowers,Miley Cyrus,2,1,32
2024-05-11,5,Where The Wild Things Are,Luke Combs,5,5,6
2024-05-11,6,Thinkin' Bout Me,Morgan Wallen,6,6,6
2024-05-11,7,Cruel Summer,Taylor Swift,8,2,24
2024-05-11,8,The Painter,Cody Johnson,7,7,5
2024-05-11,9,Bling-Bang-Bang-Born,Creepy Nuts,-,2,12
2024-05-11,10,La Diabla,Xavi,12,6,13
2024-05-11,11,Houdini,Dua Lipa,25,4,9
2024-05-11,12,La Victima,Xavi,16,1,7
2024-05-11,13,Lovers In A Past Life,Calvin Harris & Rag'n'Bone Man,17,11,3
2024-05-11,14,Stick Season,Noah Kahan,14,14,3
2024-05-11,15,First Love,Oscar Ortiz X Edgardo Nunez,-,15,1
2024-05-11,16,Lovin On Me,Jack Harlow,9,8,5
2024-05-11,17,Last Night,Morgan Wallen,-,16,8
2024-05-11,18,Hey Driver,Zach Bryan Featuring The War And Treaty,21,18,4
2024-05-11,19,Segun Quien,Maluma & Carin Leon,-,3,3
2024-05-11,20,I Can Feel It,Kane Brown,15,4,4
2024-05-11,21,Save Me,Jelly Roll With Lainey Wilson,18,18,2
2024-05-11,22,Man Made A Bar,Morgan Wallen Featuring Eric Church,22,8,4
2024-05-11,23,Burn It Down,Parker McCollum,-,7,2
2024-05-11,24,Stuck In The Middle,BABYMONSTER,-,8,4
2024-05-11,25,Used To Be Young,Miley Cyrus,-,4,9
2024-05-18,1,Burn It Down,Parker McCollum,23,1,3
2024-05-18,2,Texas Hold 'Em,Beyonce,3,1,9
2024-05-18,3,I Remember Everything,Zach Bryan Featuring Kacey Musgraves,2,2,14
2024-05-18,4,Thinkin' Bout Me,Morgan Wallen,6,4,7
2024-05-18,5,Beautiful Things,Benson Boone,1,1,7
2024-05-18,6,Pretty Little Poison,Warren Zeiders,-,6,1
2024-05-18,7,Mamaw's House,Thomas Rhett Featuring Morgan Wallen,-,7,1
2024-05-18,8,Lose Control,Teddy Swims,-,8,5
2024-05-18,9,End Of Beginning,Djo,-,4,3
2024-05-18,10,Man Made A Bar,Morgan Wallen Featuring Eric Church,22,8,5
2024-05-18,11,I Can Feel It,Kane Brown,20,4,5
2024-05-18,12,Save Me,Jelly Roll With Lainey Wilson,21,12,3
2024-05-18,13,What Was I Made For?,Billie Eilish,-,8,20
2024-05-18,14,Last Night,Morgan Wallen,17,14,9
2024-05-18,15,Mr. Brightside,The Killers,-,15,2
2024-05-18,16,Lovers In A Past Life,Calvin Harris & Rag'n'Bone Man,13,11,4
2024-05-18,17,From The Start,Laufey,-,17,1
2024-05-18,18,We Can't Be Friends (Wait For Your Love),Ariana Grande,-,3,3
2024-05-18,19,30 Grados,El Turko & Mandale Flow,-,19,1
2024-05-18,20,Contigo,Karol G & Tiesto,-,20,1
2024-05-18,21,Training Season,Dua Lipa,-,21,1
2024-05-18,22,White Horse,Chris Stapleton,-,15,5
2024-05-18,23,Anti-Hero,Taylor Swift,-,1,27
2024-05-18,24,Is It Over Now? (Taylor's Version) [From The Vault],Taylor Swift,-,1,13
2024-05-18,25,Whatever,Kygo With Ava Max,-,25,1
2024-05-25,1,Man Made A Bar,Morgan Wallen Featuring Eric Church,10,1,6
2024-05-25,2,Burn It Down,Parker McCollum,1,1,4
2024-05-25,3,End Of Beginning,Djo,9,3,4
2024-05-25,4,We Can't Be Friends (Wait For Your Love),Ariana Grande,18,3,4
2024-05-25,5,Lose My Breath,Stray Kids Featuring Charlie Puth,-,5,1
2024-05-25,6,White Horse,Chris Stapleton,22,6,6
2024-05-25,7,Anti-Hero,Taylor Swift,23,1,28
2024-05-25,8,Mamaw's House,Thomas Rhett Featuring Morgan Wallen,7,7,2
2024-05-25,9,Supernova,Aespa,-,9,1
2024-05-25,10,Training Season,Dua Lipa,21,10,2
2024-05-25,11,I Remember Everything,Zach Bryan Featuring Kacey Musgraves,3,2,15
2024-05-25,12,Whatever,Kygo With Ava Max,25,12,2
2024-05-25,13,Sheesh,BABYMONSTER,-,13,1
2024-05-25,14,Too Sweet,Hozier,-,14,1
2024-05-25,15,Fortnight,Taylor Swift Featuring Post Malone,-,15,1
2024-05-25,16,From The Start,Laufey,17,16,2
2024-05-25,17,Contigo,Karol G & Tiesto,20,17,2
2024-05-25,18,Lose Control,Teddy Swims,8,8,6
2024-05-25,19,Bubbles Up,Jimmy Buffett,-,19,1
2024-05-25,20,Cupid,Fifty Fifty,-,3,21
2024-05-25,21,SET ME FREE,Twice,-,20,4
2024-05-25,22,Maestro,Seventeen,-,22,1
2024-05-25,23,What Was I Made For?,Billie Eilish,13,8,21
2024-05-25,24,Blue,Ed Sheeran,-,17,3
2024-05-25,25,Who's Afraid Of Little Old Me?,Taylor Swift,-,25,1
2024-06-01,1,Man Made A Bar,Morgan Wallen Featuring Eric Church,1,1,7
2024-06-01,2,Where It Ends,Bailey Zimmerman,-,2,2
2024-06-01,3,Hey Driver,Zach Bryan Featuring The War And Treaty,-,3,5
2024-06-01,4,We Can't Be Friends (Wait For Your Love),Ariana Grande,4,3,5
2024-06-01,5,Wildflowers And Wild Horses,Lainey Wilson,-,2,4
2024-06-01,6,Madonna,Natanael Cano & Oscar Maydon,-,6,1
2024-06-01,7,Nidone,Creepy Nuts,-,7,1
2024-06-01,8,White Horse,Chris Stapleton,6,6,7
2024-06-01,9,Texas Hold 'Em,Beyonce,-,1,10
2024-06-01,10,Beautiful Things,Benson Boone,-,1,8
2024-06-01,11,I Remember Everything,Zach Bryan Featuring Kacey Musgraves,11,2,16
2024-06-01,12,Lilac,Mrs. GREEN APPLE,-,12,1
2024-06-01,13,Flowers,Miley Cyrus,-,1,33
2024-06-01,14,Burn It Down,Parker McCollum,2,1,5
2024-06-01,15,La Diabla,Xavi,-,6,14
2024-06-01,16,Bailando Bachata,Chayanne,-,16,1
2024-06-01,17,Too Sweet,Hozier,14,14,2
2024-06-01,18,Contigo,Karol G & Tiesto,17,17,3
2024-06-01,19,La Victima,Xavi,-,1,8
2024-06-01,20,Luna,Feid & ATL Jacob,-,5,3
2024-06-01,21,Anti-Hero,Taylor Swift,7,1,29
2024-06-01,22,I Can't Stop Me,Twice,-,9,6
2024-06-01,23,Segun Quien,Maluma & Carin Leon,-,3,4
2024-06-01,24,Lovers In A Past Life,Calvin Harris & Rag'n'Bone Man,-,11,5
2024-06-01,25,Greedy,Tate McRae,-,8,9
2024-06-08,1,Houdini,Dua Lipa,-,1,10
2024-06-08,2,Flowers,Miley Cyrus,13,1,34
2024-06-08,3,We Can't Be Friends (Wait For Your Love),Ariana Grande,4,3,6
2024-06-08,4,Maestro,Seventeen,-,4,2
2024-06-08,5,From The Start,Laufey,-,5,3
2024-06-08,6,How Sweet,NewJeans,-,6,1
2024-06-08,7,End Of Beginning,Djo,-,3,5
2024-06-08,8,Feather,Sabrina Carpenter,-,8,5
2024-06-08,9,Baddie,IVE,-,9,4
2024-06-08,10,Lose Control,Teddy Swims,-,8,7
2024-06-08,11,Million Dollar Baby,Ava Max,-,9,4
2024-06-08,12,Get A Guitar,RIIZE,-,11,3
2024-06-08,13,Puppet Show,XG,-,7,2
2024-06-08,14,OMG,NewJeans,-,14,3
2024-06-08,15,Until I Found You,Stephen Sanchez,-,5,24
2024-06-08,16,Turn The Lights Back On,Billy Joel,-,16,2
2024-06-08,17,Drunk Text,Henry Moodie,-,11,2
2024-06-08,18,Anti-Hero,Taylor Swift,21,1,30
2024-06-08,19,Greedy,Tate McRae,25,8,10
2024-06-08,20,Espresso,Sabrina Carpenter,-,20,1
2024-06-08,21,Saturn,SZA,-,20,2
2024-06-08,22,What Was I Made For?,Billie Eilish,-,8,22
2024-06-08,23,Cupid,Fifty Fifty,-,3,22
2024-06-08,24,Supernova,Aespa,-,9,2
2024-06-08,25,Lovers In A Past Life,Calvin Harris & Rag'n'Bone Man,24,11,6
2024-06-15,1,Save Me,Jelly Roll With Lainey Wilson,-,1,4
2024-06-15,2,Truck Bed,HARDY,-,2,1
2024-06-15,3,"Bzrp Music Sessions, Vol. 59",Bizarrap & Natanael Cano,-,3,1
2024-06-15,4,I Remember Everything,Zach Bryan Featuring Kacey Musgraves,-,2,17
2024-06-15,5,Too Sweet,Hozier,-,5,3
2024-06-15,6,Fortnight,Taylor Swift Featuring Post Malone,-,6,2
2024-06-15,7,Florida!!!,Taylor Swift Featuring Florence + The Machine,-,7,1
2024-06-15,8,Not Like Us,Kendrick Lamar,-,8,1
2024-06-15,9,Magnetic,ILLIT,-,2,2
2024-06-15,10,Sheesh,BABYMONSTER,-,10,2
2024-06-15,11,Jolene,Beyonce,-,11,1
2024-06-15,12,You Are My Sunshine,Christina Perri,-,12,1
2024-06-15,13,I Can Do It With A Broken Heart,Taylor Swift,-,13,1
2024-06-15,14,Commas,Ayra Starr,-,14,1
2024-06-15,15,Who's Afraid Of Little Old Me?,Taylor Swift,-,15,2
2024-06-15,16,Moth To A Flame,Swedish House Mafia & The Weeknd,-,16,1
2024-06-15,17,Espresso,Sabrina Carpenter,20,17,2
2024-06-15,18,Spot!,Zico Featuring JENNIE,-,18,1
2024-06-15,19,Closer To You,Jung Kook & Major Lazer,-,19,1
2024-06-15,20,Gata Only,FloyyMenor X Cris Mj,-,20,1
2024-06-15,21,Slow It Down,Benson Boone,-,21,1
2024-06-15,22,"Yes, And?",Ariana Grande,-,22,2
2024-06-15,23,Die For You,The Weeknd & Ariana Grande,-,7,11
2024-06-15,24,Bulletproof,Nate Smith,-,24,1
2024-06-15,25,EUROPA :(,Bad Bunny,-,25,1
2024-06-22,1,Too Sweet,Hozier,5,1,4
2024-06-22,2,Truck Bed,HARDY,2,2,2
2024-06-22,3,Flowers,Miley Cyrus,-,1,35
2024-06-22,4,Florida!!!,Taylor Swift Featuring Florence + The Machine,7,4,2
2024-06-22,5,La Noia,Angelina Mango,-,5,1
2024-06-22,6,Magnetic,ILLIT,9,2,3
2024-06-22,7,Not Like Us,Kendrick Lamar,8,7,2
2024-06-22,8,Who's Afraid Of Little Old Me?,Taylor Swift,15,8,3
2024-06-22,9,Luna,Feid & ATL Jacob,-,5,4
2024-06-22,10,Espresso,Sabrina Carpenter,17,10,3
2024-06-22,11,Commas,Ayra Starr,14,11,2
2024-06-22,12,I Can Do It With A Broken Heart,Taylor Swift,13,12,2
2024-06-22,13,Greedy,Tate McRae,-,8,11
2024-06-22,14,We Can't Be Friends (Wait For Your Love),Ariana Grande,-,3,7
2024-06-22,15,I Like The Way You Kiss Me,Artemas,-,15,1
2024-06-22,16,Lose Control,Teddy Swims,-,8,8
2024-06-22,17,Spot!,Zico Featuring JENNIE,18,17,2
2024-06-22,18,"Good Luck, Babe!",Chappell Roan,-,18,1
2024-06-22,19,Under The Influence,Chris Brown,-,6,2
2024-06-22,20,Water,Tyla,-,13,2
2024-06-22,21,Houdini,Dua Lipa,-,1,11
2024-06-22,22,Bodyguard,Beyonce,-,22,1
2024-06-22,23,(It Goes Like) Nanana,Peggy Gou,-,23,1
2024-06-22,24,Been Like This,Meghan Trainor & T-Pain,-,24,1
2024-06-22,25,Lavender Haze,Taylor Swift,-,4,8
2024-06-29,1,Think I'm In Love With You,Chris Stapleton,-,1,1
2024-06-29,2,Sunchyme,Dario G,-,2,1
2024-06-29,3,Fortnight,Taylor Swift Featuring Post Malone,-,3,3
2024-06-29,4,Texas Hold 'Em,Beyonce,-,1,11
2024-06-29,5,Selfish,Justin Timberlake,-,5,1
2024-06-29,6,Not Like Us,Kendrick Lamar,7,6,3
2024-06-29,7,Only Love Can Hurt Like This,Paloma Faith,-,7,1
2024-06-29,8,Prada,"casso, RAYE & D-Block Europe",-,8,1
2024-06-29,9,Florida!!!,Taylor Swift Featuring Florence + The Machine,4,4,3
2024-06-29,10,Truck Bed,HARDY,2,2,3
2024-06-29,11,Luna,Feid & ATL Jacob,9,5,5
2024-06-29,12,Espresso,Sabrina Carpenter,10,10,4
2024-06-29,13,I Don't Wanna Wait,David Guetta & OneRepublic,-,13,1
2024-06-29,14,We Can't Be Friends (Wait For Your Love),Ariana Grande,14,3,8
2024-06-29,15,Tuta Gold,Mahmood,-,15,1
2024-06-29,16,I Had Some Help,Post Malone Featuring Morgan Wallen,-,16,1
2024-06-29,17,"Good Luck, Babe!",Chappell Roan,18,17,2
2024-06-29,18,Jump,Tyla x Gunna x Skillibeng,-,18,1
2024-06-29,19,A Bar Song (Tipsy),Shaboozey,-,19,1
2024-06-29,20,Where She Goes,Bad Bunny,-,20,1
2024-06-29,21,Lose Control,Teddy Swims,16,8,9
2024-06-29,22,Vagabundo,"Sebastian Yatra , Manuel Turizo & Beele",-,22,1
2024-06-29,23,"Bzrp Music Sessions, Vol. 59",Bizarrap & Natanael Cano,-,3,2
2024-06-29,24,Darl+ing,Seventeen,-,7,4
2024-06-29,25,Ya Ya,Beyonce,-,25,1
2024-07-06,1,Save Me,Jelly Roll With Lainey Wilson,-,1,5
2024-07-06,2,Think I'm In Love With You,Chris Stapleton,1,1,2
2024-07-06,3,Texas Hold 'Em,Beyonce,4,1,12
2024-07-06,4,I Remember Everything,Zach Bryan Featuring Kacey Musgraves,-,2,18
2024-07-06,5,Fortnight,Taylor Swift Featuring Post Malone,3,3,4
2024-07-06,6,End Of Beginning,Djo,-,3,6
2024-07-06,7,Truck Bed,HARDY,10,2,4
2024-07-06,8,Espresso,Sabrina Carpenter,12,8,5
2024-07-06,9,Not Like Us,Kendrick Lamar,6,6,4
2024-07-06,10,Sheesh,BABYMONSTER,-,10,3
2024-07-06,11,"Bzrp Music Sessions, Vol. 59",Bizarrap & Natanael Cano,23,3,3
2024-07-06,12,Florida!!!,Taylor Swift Featuring Florence + The Machine,9,4,4
2024-07-06,13,I Can Do It With A Broken Heart,Taylor Swift,-,12,3
2024-07-06,14,A Bar Song (Tipsy),Shaboozey,19,14,2
2024-07-06,15,Bulletproof,Nate Smith,-,15,2
2024-07-06,16,Magnetic,ILLIT,-,2,4
2024-07-06,17,I Had Some Help,Post Malone Featuring Morgan Wallen,16,16,2
2024-07-06,18,Lose Control,Teddy Swims,21,8,10
2024-07-06,19,We Can't Be Friends (Wait For Your Love),Ariana Grande,14,3,9
2024-07-06,20,Von Dutch,Charli xcx,-,20,1
2024-07-06,21,Seven,Jung Kook Featuring Latto,-,19,2
2024-07-06,22,Bellakeo,Peso Pluma & Anitta,-,22,1
2024-07-06,23,Rush,Troye Sivan,-,23,1
2024-07-06,24,Birds Of A Feather,Billie Eilish,-,24,1
2024-07-06,25,Exes,Tate McRae,-,25,2
2024-07-13,1,Texas Hold 'Em,Beyonce,3,1,13
2024-07-13,2,I Remember Everything,Zach Bryan Featuring Kacey Musgraves,4,2,19
2024-07-13,3,Miles On It,Marshmello & Kane Brown,-,3,1
2024-07-13,4,Beautiful Things,Benson Boone,-,1,9
2024-07-13,5,Fortnight,Taylor Swift Featuring Post Malone,5,3,5
2024-07-13,6,Drunk Text,Henry Moodie,-,6,3
2024-07-13,7,Only Love Can Hurt Like This,Paloma Faith,-,7,2
2024-07-13,8,"Pure Imagination (From ""Wonka"")",Timothee Chalamet,-,8,1
2024-07-13,9,What Was I Made For?,Billie Eilish,-,8,23
2024-07-13,10,Counting My Blessings,Seph Schlueter,-,10,1
2024-07-13,11,Truck Bed,HARDY,7,2,5
2024-07-13,12,Resentment,PARTYNEXTDOOR,-,12,1
2024-07-13,13,La Diabla,Xavi,-,6,15
2024-07-13,14,Not Like Us,Kendrick Lamar,9,6,5
2024-07-13,15,IDGAF,"Tee Grizzley , Mariah The Scientist & Chris Brown",-,15,1
2024-07-13,16,End Of Beginning,Djo,6,3,7
2024-07-13,17,Pound Town 2,Sexyy Red & Tay Keith & Nicki Minaj,-,17,2
2024-07-13,18,Tuta Gold,Mahmood,-,15,2
2024-07-13,19,Sheesh,BABYMONSTER,10,10,4
2024-07-13,20,Fear And Friday's,Zach Bryan,-,20,1
2024-07-13,21,I Had Some Help,Post Malone Featuring Morgan Wallen,17,16,3
2024-07-13,22,Ya Ya,Beyonce,-,22,2
2024-07-13,23,Selfish,Justin Timberlake,-,5,2
2024-07-13,24,A Bar Song (Tipsy),Shaboozey,14,14,3
2024-07-13,25,Lose Control,Teddy Swims,18,8,11
2024-07-20,1,Texas Hold 'Em,Beyonce,1,1,14
2024-07-20,2,I Remember Everything,Zach Bryan Featuring Kacey Musgraves,2,2,20
2024-07-20,3,Save Me,Jelly Roll With Lainey Wilson,-,1,6
2024-07-20,4,Miles On It,Marshmello & Kane Brown,3,3,2
2024-07-20,5,Truck Bed,HARDY,11,2,6
2024-07-20,6,Fortnight,Taylor Swift Featuring Post Malone,5,3,6
2024-07-20,7,Espresso,Sabrina Carpenter,-,7,6
2024-07-20,8,Not Like Us,Kendrick Lamar,14,6,6
2024-07-20,9,I Had Some Help,Post Malone Featuring Morgan Wallen,21,9,4
2024-07-20,10,La Diabla,Xavi,13,6,16
2024-07-20,11,Pound Town 2,Sexyy Red & Tay Keith & Nicki Minaj,17,11,3
2024-07-20,12,End Of Beginning,Djo,16,3,8
2024-07-20,13,Mon Amour,Slimane,-,13,1
2024-07-20,14,Si No Quieres No,Luis R Conriquez x Neton Vega,-,14,1
2024-07-20,15,Who's Afraid Of Little Old Me?,Taylor Swift,-,8,4
2024-07-20,16,Beautiful Things,Benson Boone,4,1,10
2024-07-20,17,Until I Found You,Stephen Sanchez,-,5,25
2024-07-20,18,Femininomenon,Chappell Roan,-,18,1
2024-07-20,19,Austin,Dasha,-,19,1
2024-07-20,20,I Can Do It With A Broken Heart,Taylor Swift,-,12,4
2024-07-20,21,My Boy Only Breaks His Favorite Toys,Taylor Swift,-,21,1
2024-07-20,22,Please Please Please,Sabrina Carpenter,-,22,1
2024-07-20,23,Lose Control,Teddy Swims,25,8,12
2024-07-20,24,Tuta Gold,Mahmood,18,15,3
2024-07-20,25,Drunk Text,Henry Moodie,6,6,4
2024-07-27,1,A Bar Song (Tipsy),Shaboozey,-,1,4
2024-07-27,2,Heat Waves,Glass Animals,-,1,27
2024-07-27,3,XO (Only If You Say Yes),ENHYPEN,-,3,1
2024-07-27,4,Espresso,Sabrina Carpenter,7,4,7
2024-07-27,5,Not Like Us,Kendrick Lamar,8,5,7
2024-07-27,6,I Had Some Help,Post Malone Featuring Morgan Wallen,9,6,5
2024-07-27,7,Woman's World,Katy Perry,-,7,1
2024-07-27,8,Beautiful Things,Benson Boone,16,1,11
2024-07-27,9,Psychic,LAY Zhang,-,9,1
2024-07-27,10,Cheeky Icy Thang,STAYC,-,10,1
2024-07-27,11,Shake It Off,Taylor Swift,-,6,4
2024-07-27,12,Una Cerveza,Fuerza Regida & Manuel Turizo,-,12,1
2024-07-27,13,Too Sweet,Hozier,-,1,5
2024-07-27,14,Justice,DREAMCATCHER,-,14,1
2024-07-27,15,22 (Taylor's Version),Taylor Swift,-,9,2
2024-07-27,16,Cruel Summer,Taylor Swift,-,2,25
2024-07-27,17,"Good Luck, Babe!",Chappell Roan,-,17,3
2024-07-27,18,Ozeba,Rema,-,18,1
2024-07-27,19,Million Dollar Baby,Tommy Richman,-,19,1
2024-07-27,20,Austin,Dasha,19,19,2
2024-07-27,21,HeHeHe,Rema,-,21,1
2024-07-27,22,March Am,Rema,-,22,1
2024-07-27,23,Creepin',"Metro Boomin , The Weeknd & 21 Savage",-,13,8
2024-07-27,24,My Universe,Coldplay x BTS,-,11,7
2024-07-27,25,Risk,Gracie Abrams,-,25,1
2024-08-03,1,A Bar Song (Tipsy),Shaboozey,1,1,5
2024-08-03,2,I Had Some Help,Post Malone Featuring Morgan Wallen,6,2,6
2024-08-03,3,Miles On It,Marshmello & Kane Brown,-,3,3
2024-08-03,4,Trust Me (Midzy),iTZY,-,4,1
2024-08-03,5,Every Breath You Take,The Police,-,5,1
2024-08-03,6,Beautiful Things,Benson Boone,8,1,12
2024-08-03,7,Chihiro,Billie Eilish,-,7,1
2024-08-03,8,Espresso,Sabrina Carpenter,4,4,8
2024-08-03,9,Holy Forever,Chris Tomlin,-,9,1
2024-08-03,10,Ya Ya,Beyonce,-,10,3
2024-08-03,11,The Motto,Tiesto & Ava Max,-,1,6
2024-08-03,12,"Money, Money, Money",ABBA,-,12,1
2024-08-03,13,Fortnight,Taylor Swift Featuring Post Malone,-,3,7
2024-08-03,14,Flowers,Miley Cyrus,-,1,36
2024-08-03,15,Don't You Worry Child,Swedish House Mafia Featuring John Martin,-,15,1
2024-08-03,16,End Of Beginning,Djo,-,3,9
2024-08-03,17,My Universe,Coldplay x BTS,24,11,8
2024-08-03,18,Femininomenon,Chappell Roan,-,18,2
2024-08-03,19,Too Sweet,Hozier,13,1,6
2024-08-03,20,Teenage Dream,Katy Perry,-,20,1
2024-08-03,21,Please Please Please,Sabrina Carpenter,-,21,2
2024-08-03,22,Million Dollar Baby,Tommy Richman,19,19,2
2024-08-03,23,Luna,Feid & ATL Jacob,-,5,6
2024-08-03,24,I Can Do It With A Broken Heart,Taylor Swift,-,12,5
2024-08-03,25,Houdini,Dua Lipa,-,1,12
2024-08-10,1,Hooked On A Feeling,B.J. Thomas,-,1,1
2024-08-10,2,Every Breath You Take,The Police,5,2,2
2024-08-10,3,For My Hand,Burna Boy Featuring Ed Sheeran,-,3,3
2024-08-10,4,Don't You Worry Child,Swedish House Mafia Featuring John Martin,15,4,2
2024-08-10,5,A Sky Full Of Stars,Coldplay,-,5,1
2024-08-10,6,Shape Of You,Ed Sheeran,-,1,13
2024-08-10,7,Sugar,Robin Schulz Featuring Francesco Yates,-,3,5
2024-08-10,8,Save Me,Jelly Roll With Lainey Wilson,-,1,7
2024-08-10,9,Trust Me (Midzy),iTZY,4,4,2
2024-08-10,10,A Bar Song (Tipsy),Shaboozey,1,1,6
2024-08-10,11,Holy Forever,Chris Tomlin,9,9,2
2024-08-10,12,La La La,Naughty Boy Featuring Sam Smith,-,12,1
2024-08-10,13,Espresso,Sabrina Carpenter,8,4,9
2024-08-10,14,Day 'N' Nite,Kid Cudi,-,14,1
2024-08-10,15,Bugatti,Ace Hood Featuring Future & Rick Ross,-,15,1
2024-08-10,16,"Money, Money, Money",ABBA,12,12,2
2024-08-10,17,All The Way Live,"Metro Boomin , Future & Lil Uzi Vert",-,17,1
2024-08-10,18,Not Like Us,Kendrick Lamar,-,5,8
2024-08-10,19,Teenage Dream,Katy Perry,20,19,2
2024-08-10,20,Maknae On Top (I.N),Stray Kids Featuring Bang Chan & Changbin,-,20,1
2024-08-10,21,Miles On It,Marshmello & Kane Brown,3,3,4
2024-08-10,22,I Had Some Help,Post Malone Featuring Morgan Wallen,2,2,7
2024-08-10,23,"Good Luck, Babe!",Chappell Roan,-,17,4
2024-08-10,24,Beautiful Things,Benson Boone,6,1,13
2024-08-10,25,Ain't It Fun,Paramore,-,25,1
2024-08-17,1,Hooked On A Feeling,B.J. Thomas,1,1,2
2024-08-17,2,Every Breath You Take,The Police,2,2,3
2024-08-17,3,For My Hand,Burna Boy Featuring Ed Sheeran,3,3,4
2024-08-17,4,Holy Forever,Chris Tomlin,11,4,3
2024-08-17,5,La La La,Naughty Boy Featuring Sam Smith,12,5,2
2024-08-17,6,In The End,Linkin Park,-,1,4
2024-08-17,7,Miles On It,Marshmello & Kane Brown,21,3,5
2024-08-17,8,Don't You Worry Child,Swedish House Mafia Featuring John Martin,4,4,3
2024-08-17,9,"Money, Money, Money",ABBA,16,9,3
2024-08-17,10,Day 'N' Nite,Kid Cudi,14,10,2
2024-08-17,11,Save Me,Jelly Roll With Lainey Wilson,8,1,8
2024-08-17,12,All Is Found,Kacey Musgraves,-,12,1
2024-08-17,13,Houdini,Eminem,-,13,1
2024-08-17,14,Shape Of You,Ed Sheeran,6,1,14
2024-08-17,15,Yeah 3X,Chris Brown,-,15,1
2024-08-17,16,Rainy Day (2024 Remake Ver.),NOWADAYS,-,16,1
2024-08-17,17,Espresso,Sabrina Carpenter,13,4,10
2024-08-17,18,Million Dollar Baby,Tommy Richman,-,18,3
2024-08-17,19,"Good Luck, Babe!",Chappell Roan,23,17,5
2024-08-17,20,Runaway,YdBB Featuring Ha Hyun Sang,-,20,1
2024-08-17,21,Baby again..,Fred again.. X Skrillex X Four Tet,-,21,2
2024-08-17,22,No Air,Jordin Sparks Duet With Chris Brown,-,22,1
2024-08-17,23,Cruel Summer,Taylor Swift,-,2,26
2024-08-17,24,Stargazing,Myles Smith,-,24,1
2024-08-17,25,Prada,"casso, RAYE & D-Block Europe",-,8,2
2024-08-24,1,Every Breath You Take,The Police,2,1,4
2024-08-24,2,A Sky Full Of Stars,Coldplay,-,2,2
2024-08-24,3,Miles On It,Marshmello & Kane Brown,7,3,6
2024-08-24,4,Time Of Your Life (Good Riddance),Green Day,-,4,1
2024-08-24,5,Call Out My Name,The Weeknd,-,2,4
2024-08-24,6,Not Like Us,Kendrick Lamar,-,5,9
2024-08-24,7,Rainy Day (2024 Remake Ver.),NOWADAYS,16,7,2
2024-08-24,8,Shivers,Ed Sheeran,-,8,16
2024-08-24,9,Iris,Goo Goo Dolls,-,3,5
2024-08-24,10,Something Just Like This,The Chainsmokers & Coldplay,-,2,11
2024-08-24,11,In The End,Linkin Park,6,1,5
2024-08-24,12,Birds Of A Feather,Billie Eilish,-,12,2
2024-08-24,13,Set Fire To The Rain,Adele,-,3,6
2024-08-24,14,JJAM,Stray Kids,-,14,1
2024-08-24,15,Only Love Can Hurt Like This,Paloma Faith,-,7,3
2024-08-24,16,Roar,Katy Perry,-,16,1
2024-08-24,17,Marry You,Bruno Mars,-,17,1
2024-08-24,18,Day 'N' Nite,Kid Cudi,10,10,3
2024-08-24,19,Stargazing,Myles Smith,24,19,2
2024-08-24,20,I Can Do It With A Broken Heart,Taylor Swift,-,12,6
2024-08-24,21,Hot To Go!,Chappell Roan,-,21,1
2024-08-24,22,Until I Found You,Stephen Sanchez,-,5,26
2024-08-24,23,Luna,Feid & ATL Jacob,-,5,7
2024-08-24,24,Femininomenon,Chappell Roan,-,18,3
2024-08-24,25,Viva La Vida,Coldplay,-,3,5
2024-08-31,1,A Sky Full Of Stars,Coldplay,2,1,3
2024-08-31,2,Viva La Vida,Coldplay,25,2,6
2024-08-31,3,Miles On It,Marshmello & Kane Brown,3,3,7
2024-08-31,4,Florida!!!,Taylor Swift Featuring Florence + The Machine,-,4,5
2024-08-31,5,Not Like Us,Kendrick Lamar,6,5,10
2024-08-31,6,Fix You,Coldplay,-,1,6
2024-08-31,7,I Can't Stop Me,Twice,-,7,7
2024-08-31,8,"Good Luck, Babe!",Chappell Roan,-,8,6
2024-08-31,9,Lunch,Billie Eilish,-,9,1
2024-08-31,10,Day 'N' Nite,Kid Cudi,18,10,4
2024-08-31,11,Rolling In The Deep,Adele,-,5,4
2024-08-31,12,As It Was,Harry Styles,-,1,41
2024-08-31,13,Stay With Me,Sam Smith,-,13,1
2024-08-31,14,Sesso E Samba,Tony E Gaia,-,14,1
2024-08-31,15,The Smallest Man Who Ever Lived,Taylor Swift,-,15,1
2024-08-31,16,Fortnight,Taylor Swift Featuring Post Malone,-,3,8
2024-08-31,17,Woman's World,Katy Perry,-,7,2
2024-08-31,18,Die With A Smile,Lady Gaga & Bruno Mars,-,18,1
2024-08-31,19,Stargazing,Myles Smith,19,19,3
2024-08-31,20,The Boy Is Mine,Brandy & Monica,-,20,1
2024-08-31,21,Birds Of A Feather,Billie Eilish,12,12,3
2024-08-31,22,Don't You Worry Child,Swedish House Mafia Featuring John Martin,-,4,4
2024-08-31,23,SET ME FREE,Twice,-,20,5
2024-08-31,24,I Can Do It With A Broken Heart,Taylor Swift,20,12,7
2024-08-31,25,Greedy,Tate McRae,-,8,12
2024-09-07,1,A Sky Full Of Stars,Coldplay,1,1,4
2024-09-07,2,In The End,Linkin Park,-,1,6
2024-09-07,3,My Reflection In My Mind,George,-,3,1
2024-09-07,4,Wonderwall,Oasis,-,4,2
2024-09-07,5,La La La,Naughty Boy Featuring Sam Smith,-,5,3
2024-09-07,6,Stay With Me,Sam Smith,13,6,2
2024-09-07,7,Houdini,Eminem,-,7,2
2024-09-07,8,Day 'N' Nite,Kid Cudi,10,8,5
2024-09-07,9,Set Fire To The Rain,Adele,-,3,7
2024-09-07,10,Nights Like This,Kehlani Featuring Ty Dolla $ign,-,10,3
2024-09-07,11,Stargazing,Myles Smith,19,11,4
2024-09-07,12,I Had Some Help,Post Malone Featuring Morgan Wallen,-,2,8
2024-09-07,13,Accendio,IVE,-,13,1
2024-09-07,14,Good So Bad,ZEROBASEONE,-,14,1
2024-09-07,15,Paint This Love,JUN. K,-,15,1
2024-09-07,16,Who's Afraid Of Little Old Me?,Taylor Swift,-,8,5
2024-09-07,17,"Pure Imagination (From ""Wonka"")",Timothee Chalamet,-,8,2
2024-09-07,18,I'm Not The Only One,Sam Smith,-,18,2
2024-09-07,19,"Good Luck, Babe!",Chappell Roan,8,8,7
2024-09-07,20,Blinding Lights,The Weeknd,-,2,31
2024-09-07,21,The Boy Is Mine,Ariana Grande,-,21,1
2024-09-07,22,Greedy,Tate McRae,25,8,13
2024-09-07,23,I Can Do It With A Broken Heart,Taylor Swift,24,12,8
2024-09-07,24,Tavoryn,Arash Buana,-,24,1
2024-09-07,25,Flowers,Miley Cyrus,-,1,37
2024-09-14,1,A Sky Full Of Stars,Coldplay,1,1,5
2024-09-14,2,So Sick,Ne-Yo,-,2,1
2024-09-14,3,In The End,Linkin Park,2,1,7
2024-09-14,4,Night And Day,Park Eunbin,-,4,1
2024-09-14,5,Miles On It,Marshmello & Kane Brown,-,3,8
2024-09-14,6,Day 'N' Nite,Kid Cudi,8,6,6
2024-09-14,7,Numb,Linkin Park,-,3,2
2024-09-14,8,"Pure Imagination (From ""Wonka"")",Timothee Chalamet,17,8,3
2024-09-14,9,Baby again..,Fred again.. X Skrillex X Four Tet,-,9,3
2024-09-14,10,Big Dawgs,Hanumankind X Kalmi,-,10,1
2024-09-14,11,Set Fire To The Rain,Adele,9,3,8
2024-09-14,12,"Doomsday, Pt. 2",Lyrical Lemonade & Eminem,-,12,1
2024-09-14,13,Wonderwall,Oasis,4,4,3
2024-09-14,14,"Good Luck, Babe!",Chappell Roan,19,8,8
2024-09-14,15,Si Antes Te Hubiera Conocido,Karol G,-,15,1
2024-09-14,16,Sharp Edges,Linkin Park,-,10,2
2024-09-14,17,Plc.4 Mie Haed,Linkin Park,-,17,1
2024-09-14,18,Tavoryn,Arash Buana,24,18,2
2024-09-14,19,Stargazing,Myles Smith,11,11,5
2024-09-14,20,Accendio,IVE,13,13,2
2024-09-14,21,Seven,Jung Kook Featuring Latto,-,19,3
2024-09-14,22,I Am Not Okay,Jelly Roll,-,22,1
2024-09-14,23,Cardigan,Taylor Swift,-,1,4
2024-09-14,24,We Are Never Ever Getting Back Together,Taylor Swift,-,24,1
2024-09-14,25,Until I Found You,Stephen Sanchez,-,5,27
2024-09-21,1,A Sky Full Of Stars,Coldplay,1,1,6
2024-09-21,2,In The End,Linkin Park,3,1,8
2024-09-21,3,"Doomsday, Pt. 2",Lyrical Lemonade & Eminem,12,3,2
2024-09-21,4,Numb,Linkin Park,7,3,3
2024-09-21,5,Mas Que Nada,Jorge Ben Jor,-,5,1
2024-09-21,6,Miles On It,Marshmello & Kane Brown,5,3,9
2024-09-21,7,Fallin 4 U,Nicki Minaj,-,7,1
2024-09-21,8,Seven,Jung Kook Featuring Latto,21,8,4
2024-09-21,9,Because Of You,Ne-Yo,-,9,1
2024-09-21,10,Frgt/10,Linkin Park,-,10,1
2024-09-21,11,Meow,MEOVV,-,11,1
2024-09-21,12,Big Dawgs,Hanumankind X Kalmi,10,10,2
2024-09-21,13,Mou Mou,Ba San Yao,-,13,1
2024-09-21,14,SET ME FREE,Twice,-,14,6
2024-09-21,15,Pa Ti,Bad Bunny Featuring Bryant Myers,-,15,1
2024-09-21,16,Dos Dias,Tito Double P & Peso Pluma,-,16,1
2024-09-21,17,Houdini,Eminem,-,7,3
2024-09-21,18,Someone Like You,Adele,-,4,7
2024-09-21,19,"Good Luck, Babe!",Chappell Roan,14,8,9
2024-09-21,20,"Pure Imagination (From ""Wonka"")",Timothee Chalamet,8,8,4
2024-09-21,21,Si Antes Te Hubiera Conocido,Karol G,15,15,2
2024-09-21,22,Cheers,Seventeen,-,22,1
2024-09-21,23,I Can Do It With A Broken Heart,Taylor Swift,-,12,9
2024-09-21,24,Sharp Edges,Linkin Park,16,10,3
2024-09-21,25,Sesso E Samba,Tony E Gaia,-,14,2
2024-09-28,1,A Sky Full Of Stars,Coldplay,1,1,7
2024-09-28,2,In The End,Linkin Park,2,1,9
2024-09-28,3,"Doomsday, Pt. 2",Lyrical Lemonade & Eminem,3,3,3
2024-09-28,4,Numb,Linkin Park,4,3,4
2024-09-28,5,Silver Springs (Edit),Fleetwood Mac,-,5,1
2024-09-28,6,Because Of You,Ne-Yo,9,6,2
2024-09-28,7,Seven,Jung Kook Featuring Latto,8,7,5
2024-09-28,8,Pa Ti,Bad Bunny Featuring Bryant Myers,15,8,2
2024-09-28,9,SET ME FREE,Twice,14,9,7
2024-09-28,10,Fallin 4 U,Nicki Minaj,7,7,2
2024-09-28,11,Sharp Edges,Linkin Park,24,10,4
2024-09-28,12,Welcome Home (Sanitarium),Metallica,-,12,1
2024-09-28,13,"Pure Imagination (From ""Wonka"")",Timothee Chalamet,20,8,5
2024-09-28,14,Somebody's Watching Me,Rockwell,-,14,1
2024-09-28,15,Die With A Smile,Lady Gaga & Bruno Mars,-,15,2
2024-09-28,16,Neon Moon,Brooks & Dunn,-,16,1
2024-09-28,17,Gasolina,Daddy Yankee,-,17,1
2024-09-28,18,I Am Not Okay,Jelly Roll,-,18,2
2024-09-28,19,Birds Of A Feather,Billie Eilish,-,12,4
2024-09-28,20,Houdini,Dua Lipa,-,1,13
2024-09-28,21,No Air,Jordin Sparks Duet With Chris Brown,-,21,2
2024-09-28,22,Take My Breath,The Weeknd,-,3,3
2024-09-28,23,Something Just Like This,The Chainsmokers & Coldplay,-,2,12
2024-09-28,24,Hot To Go!,Chappell Roan,-,21,2
2024-09-28,25,1-800-Hot-N-Fun,Le Sserafim,-,25,1
2024-10-05,1,In The End,Linkin Park,2,1,10
2024-10-05,2,"Doomsday, Pt. 2",Lyrical Lemonade & Eminem,3,2,4
2024-10-05,3,Seven,Jung Kook Featuring Latto,7,3,6
2024-10-05,4,Silver Springs,Fleetwood Mac,-,4,1
2024-10-05,5,Let Me Down Slowly,Alec Benjamin,-,5,1
2024-10-05,6,Me Voy Pa'l Party,Nicky Jam,-,6,1
2024-10-05,7,Fuel,Eminem Featuring JID,-,7,1
2024-10-05,8,When Love Takes Over,David Guetta Featuring Kelly Rowland,-,8,1
2024-10-05,9,Neon Moon,Brooks & Dunn,16,9,2
2024-10-05,10,Blue Sky,Kid Cudi,-,10,1
2024-10-05,11,Birds Of A Feather,Billie Eilish,19,11,5
2024-10-05,12,Ameriican Requiem,Beyonce,-,12,1
2024-10-05,13,Wildflower,Billie Eilish,-,13,1
2024-10-05,14,I Can Do It With A Broken Heart,Taylor Swift,-,12,10
2024-10-05,15,No Te Quieren Conmigo,"Gaby Music, Lunay & Luar La L",-,15,1
2024-10-05,16,Dancing In The Flames,The Weeknd,-,16,1
2024-10-05,17,Somebody's Watching Me,Rockwell,14,14,2
2024-10-05,18,Nail Polish,Holywatr,-,18,1
2024-10-05,19,Say So,Doja Cat,-,1,10
2024-10-05,20,No Excuses,Meghan Trainor,-,6,3
2024-10-05,21,SOS,Fifty Fifty,-,21,1
2024-10-05,22,Right Now,NewJeans,-,22,1
2024-10-05,23,People,Libianca,-,23,1
2024-10-05,24,Beautiful Things,Benson Boone,-,1,14
2024-10-05,25,Dos Dias,Tito Double P & Peso Pluma,-,16,2
2024-10-12,1,"Doomsday, Pt. 2",Lyrical Lemonade & Eminem,2,1,5
2024-10-12,2,Changes,2Pac,-,2,2
2024-10-12,3,In The End,Linkin Park,1,1,11
2024-10-12,4,La La La,Naughty Boy Featuring Sam Smith,-,4,4
2024-10-12,5,Numb,Linkin Park,-,3,5
2024-10-12,6,Silver Springs,Fleetwood Mac,4,4,2
2024-10-12,7,Seven,Jung Kook Featuring Latto,3,3,7
2024-10-12,8,Married With Children,Oasis,-,8,1
2024-10-12,9,Hello,Twice,-,9,1
2024-10-12,10,Dos Dias,Tito Double P & Peso Pluma,25,10,3
2024-10-12,11,Are You Gone Already,Nicki Minaj,-,11,1
2024-10-12,12,Somebody's Watching Me,Rockwell,17,12,3
2024-10-12,13,Pa Ti,Bad Bunny Featuring Bryant Myers,-,8,3
2024-10-12,14,Nueva Vida,Peso Pluma,-,14,1
2024-10-12,15,Big Dawgs,Hanumankind X Kalmi,-,10,3
2024-10-12,16,No Excuses,Meghan Trainor,20,6,4
2024-10-12,17,Birds Of A Feather,Billie Eilish,11,11,6
2024-10-12,18,Satu Bulan,Bernadya,-,18,1
2024-10-12,19,"Pure Imagination (From ""Wonka"")",Timothee Chalamet,-,8,6
2024-10-12,20,Miles On It,Marshmello & Kane Brown,-,3,10
2024-10-12,21,"Good Luck, Babe!",Chappell Roan,-,8,10
2024-10-12,22,Sailor Song,Gigi Perez,-,22,1
2024-10-12,23,Hot To Go!,Chappell Roan,-,21,3
2024-10-12,24,Wonderwall,Oasis,-,4,4
2024-10-12,25,When Love Takes Over,David Guetta Featuring Kelly Rowland,8,8,2
2024-10-19,1,In The End,Linkin Park,3,1,12
2024-10-19,2,Every Breath You Take,The Police,-,1,5
2024-10-19,3,I Am Not Okay,Jelly Roll,-,3,3
2024-10-19,4,Seven,Jung Kook Featuring Latto,7,3,8
2024-10-19,5,"Doomsday, Pt. 2",Lyrical Lemonade & Eminem,1,1,6
2024-10-19,6,El Lokeron,Tito Double P,-,6,1
2024-10-19,7,Higher Power,Coldplay,-,6,5
2024-10-19,8,Houdini,Eminem,-,7,4
2024-10-19,9,Si Antes Te Hubiera Conocido,Karol G,-,9,3
2024-10-19,10,360,Charli xcx,-,10,1
2024-10-19,11,Mamushi,Megan Thee Stallion Featuring Yuki Chiba,-,11,1
2024-10-19,12,Symphony,Clean Bandit Featuring Zara Larsson,-,1,6
2024-10-19,13,Hot To Go!,Chappell Roan,23,13,4
2024-10-19,14,"Take Me Home, Country Roads",John Denver With Fat City,-,14,1
2024-10-19,15,When Love Takes Over,David Guetta Featuring Kelly Rowland,25,8,3
2024-10-19,16,Pink Pony Club,Chappell Roan,-,16,1
2024-10-19,17,"I Love You, I'm Sorry",Gracie Abrams,-,17,1
2024-10-19,18,I Can Do It With A Broken Heart,Taylor Swift,-,12,11
2024-10-19,19,Guy For That,Post Malone Featuring Luke Combs,-,19,1
2024-10-19,20,Apple,Charli xcx,-,20,1
2024-10-19,21,Little Bird,Ella Bleu,-,21,1
2024-10-19,22,FE!N,Travis Scott Featuring Playboi Carti,-,22,1
2024-10-19,23,Criminals,Meghan Trainor,-,23,1
2024-10-19,24,Stargazing,Myles Smith,-,11,6
2024-10-19,25,Otonoke,Creepy Nuts,-,25,1
2024-10-26,1,Story Of My Life,One Direction,-,1,1
2024-10-26,2,One Thing,One Direction,-,2,1
2024-10-26,3,I Am Not Okay,Jelly Roll,3,3,4
2024-10-26,4,Miles On It,Marshmello & Kane Brown,-,3,11
2024-10-26,5,Dos Dias,Tito Double P & Peso Pluma,-,5,4
2024-10-26,6,Seven,Jung Kook Featuring Latto,4,3,9
2024-10-26,7,El Lokeron,Tito Double P,6,6,2
2024-10-26,8,Birds Of A Feather,Billie Eilish,-,8,7
2024-10-26,9,FE!N,Travis Scott Featuring Playboi Carti,22,9,2
2024-10-26,10,Apple,Charli xcx,20,10,2
2024-10-26,11,Houdini,Eminem,8,7,5
2024-10-26,12,Stargazing,Myles Smith,24,11,7
2024-10-26,13,Sailor Song,Gigi Perez,-,13,2
2024-10-26,14,Mantra,JENNIE,-,14,1
2024-10-26,15,I Can Do It With A Broken Heart,Taylor Swift,18,12,12
2024-10-26,16,Pink Pony Club,Chappell Roan,16,16,2
2024-10-26,17,Kocchi No Kento,Hai Yorokonde,-,17,1
2024-10-26,18,"Good Luck, Babe!",Chappell Roan,-,8,11
2024-10-26,19,In The End,Linkin Park,1,1,13
2024-10-26,20,Perfect,One Direction,-,3,5
2024-10-26,21,That's Life,Lady Gaga,-,21,1
2024-10-26,22,Pineapple Slice,Baekhyun,-,22,1
2024-10-26,23,I Like It,Alesso & Nate Smith,-,23,1
2024-10-26,24,One Right Now,Post Malone & The Weeknd,-,24,1
2024-10-26,25,Water,Tyla,-,13,3
2024-11-02,1,She's Not Afraid,One Direction,-,1,1
2024-11-02,2,Loved You First,One Direction,-,2,1
2024-11-02,3,Seven,Jung Kook Featuring Latto,6,3,10
2024-11-02,4,APT.,ROSE & Bruno Mars,-,4,1
2024-11-02,5,Miles On It,Marshmello & Kane Brown,4,3,12
2024-11-02,6,Irresistible,One Direction,-,6,1
2024-11-02,7,I Am Not Okay,Jelly Roll,3,3,5
2024-11-02,8,Sailor Song,Gigi Perez,13,8,3
2024-11-02,9,Thick Of It,KSI Featuring Trippie Redd,-,9,1
2024-11-02,10,Take Me,Rufus Du Sol,-,10,1
2024-11-02,11,Somebody's Watching Me,Rockwell,-,11,4
2024-11-02,12,"Good Luck, Babe!",Chappell Roan,18,8,12
2024-11-02,13,Florida!!!,Taylor Swift Featuring Florence + The Machine,-,4,6
2024-11-02,14,Wonderwall,Oasis,-,4,5
2024-11-02,15,Si Antes Te Hubiera Conocido,Karol G,-,9,4
2024-11-02,16,"Bonfire, Bon Voyage",DIALOGUE+,-,16,1
2024-11-02,17,KOI-SODA,ICEx,-,17,1
2024-11-02,18,Something Just Like This,The Chainsmokers & Coldplay,-,2,13
2024-11-02,19,That's So True,Gracie Abrams,-,19,1
2024-11-02,20,Dos Dias,Tito Double P & Peso Pluma,5,5,5
2024-11-02,21,SET ME FREE,Twice,-,9,8
2024-11-02,22,The Emptiness Machine,Linkin Park,-,22,1
2024-11-02,23,Houdini,Dua Lipa,-,1,14
2024-11-02,24,Birds Of A Feather,Billie Eilish,8,8,8
2024-11-02,25,Viva La Vida,Coldplay,-,2,7
2024-11-09,1,Miles On It,Marshmello & Kane Brown,5,1,13
2024-11-09,2,Dos Dias,Tito Double P & Peso Pluma,20,2,6
2024-11-09,3,APT.,ROSE & Bruno Mars,4,3,2
2024-11-09,4,El Lokeron,Tito Double P,-,4,3
2024-11-09,5,I Am Not Okay,Jelly Roll,7,3,6
2024-11-09,6,Sailor Song,Gigi Perez,8,6,4
2024-11-09,7,Hai Yorokonde,Kocchi No Kento,-,7,1
2024-11-09,8,Birds Of A Feather,Billie Eilish,24,8,9
2024-11-09,9,Best Song Ever,One Direction,-,9,1
2024-11-09,10,Disease,Lady Gaga,-,10,1
2024-11-09,11,Please Please Please,Sabrina Carpenter,-,11,3
2024-11-09,12,All I Want For Christmas Is You,Mariah Carey,-,1,26
2024-11-09,13,Cherish (My Love),ILLIT,-,13,1
2024-11-09,14,St. Chroma,"Tyler, The Creator Featuring Daniel Caesar",-,14,1
2024-11-09,15,A Fragile Thing,The Cure,-,15,1
2024-11-09,16,Seven,Jung Kook Featuring Latto,3,3,11
2024-11-09,17,Dream Glow,BTS & Charli xcx,-,17,1
2024-11-09,18,La Llorona,Alanna Ubach & Antonio Sol,-,18,1
2024-11-09,19,Tu Boda,Oscar Maydon & Fuerza Regida,-,19,1
2024-11-09,20,Club Classics,Charli xcx Featuring Bb trickz,-,20,1
2024-11-09,21,Last Christmas,Wham!,-,1,25
2024-11-09,22,Easy,Le Sserafim,-,5,3
2024-11-09,23,Gata Only,FloyyMenor X Cris Mj,-,20,2
2024-11-09,24,Peligrosa,FloyyMenor,-,24,1
2024-11-09,25,EARFQUAKE,"Tyler, The Creator",-,9,2
2024-11-16,1,Miles On It,Marshmello & Kane Brown,1,1,14
2024-11-16,2,I Am Not Okay,Jelly Roll,5,2,7
2024-11-16,3,Sailor Song,Gigi Perez,6,3,5
2024-11-16,4,Seven,Jung Kook Featuring Latto,16,3,12
2024-11-16,5,Dream Glow,BTS & Charli xcx,17,5,2
2024-11-16,6,She's Not Afraid,One Direction,-,1,2
2024-11-16,7,Dream On,Aerosmith,-,7,2
2024-11-16,8,Watch This (ARIZONATEARS Pluggnb Remix),Lil Uzi Vert,-,8,1
2024-11-16,9,Loved You First,One Direction,-,2,2
2024-11-16,10,22 (Taylor's Version),Taylor Swift,-,9,3
2024-11-16,11,Purple Rain,Prince And The Revolution,-,2,3
2024-11-16,12,Sharp Edges,Linkin Park,-,10,5
2024-11-16,13,It's Gettin' Better (Man!!),Oasis,-,13,1
2024-11-16,14,White Christmas (1947),Bing Crosby With Ken Darby Singers & John Scott Trotter & His Orchestra,-,14,4
2024-11-16,15,Suck My Kiss,Red Hot Chili Peppers,-,15,1
2024-11-16,16,Outro,XII BOYS GH,-,16,1
2024-11-16,17,S&M,Rihanna,-,17,1
2024-11-16,18,Clamo Jesus,"Paulo Cesar Baruk, Marsena & O Canto Das Igrejas",-,18,1
2024-11-16,19,Chasing That Feeling,TOMORROW X TOGETHER,-,19,1
2024-11-16,20,Eis-me Aqui (Ao Vivo),Valesca Mayssa,-,14,2
2024-11-16,21,Wonderwall,Oasis,-,4,6
2024-11-16,22,Fig Leaf Bi-Carbonate,MF Doom,-,22,1
2024-11-16,23,Christmas Lights,Coldplay,-,2,7
2024-11-16,24,Bailar Contigo,Black Eyed Peas & Daddy Yankee,-,24,1
2024-11-16,25,Do You Hear What I Hear?,Bing Crosby With Ralph Carmichael Orchestra & Chorus,-,25,1
2024-11-23,1,In The End,Linkin Park,-,1,14
2024-11-23,2,Don't Speak,No Doubt,-,2,1
2024-11-23,3,Miles On It,Marshmello & Kane Brown,1,1,15
2024-11-23,4,Dream Glow,BTS & Charli xcx,5,4,3
2024-11-23,5,Seven,Jung Kook Featuring Latto,4,3,13
2024-11-23,6,Every Breath You Take,The Police,-,1,6
2024-11-23,7,She's Not Afraid,One Direction,6,1,3
2024-11-23,8,Numb,Linkin Park,-,3,6
2024-11-23,9,22 (Taylor's Version),Taylor Swift,10,9,4
2024-11-23,10,Loved You First,One Direction,9,2,3
2024-11-23,11,White Christmas (1947),Bing Crosby With Ken Darby Singers & John Scott Trotter & His Orchestra,14,11,5
2024-11-23,12,Watch This (ARIZONATEARS Pluggnb Remix),Lil Uzi Vert,8,8,2
2024-11-23,13,Tu,Juan Luis Guerra 4.40,-,13,1
2024-11-23,14,Night,Bruce Springsteen,-,14,1
2024-11-23,15,Fragile,Sting,-,15,1
2024-11-23,16,Suck My Kiss,Red Hot Chili Peppers,15,15,2
2024-11-23,17,Sky's The Limit,The Notorious B.I.G. Featuring 112,-,17,1
2024-11-23,18,Tempted,Squeeze,-,18,1
2024-11-23,19,"Baby, It's Cold Outside",Tom Jones With Cerys From Catatonia,-,19,1
2024-11-23,20,Adios,RBD,-,20,1
2024-11-23,21,Wonderful,Joel Grey & Idina Menzel,-,21,1
2024-11-23,22,Azul,Natalia Lafourcade,-,22,1
2024-11-23,23,I Want Love,Elton John,-,23,1
2024-11-23,24,Me Enamoro de Ella,Juan Luis Guerra 4:40,-,24,1
2024-11-23,25,Irresistible,One Direction,-,6,2
2024-11-30,1,She's Not Afraid,One Direction,7,1,4
2024-11-30,2,Every Breath You Take,The Police,6,1,7
2024-11-30,3,In The End,Linkin Park,1,1,15
2024-11-30,4,Loved You First,One Direction,10,2,4
2024-11-30,5,Watch This (ARIZONATEARS Pluggnb Remix),Lil Uzi Vert,12,5,3
2024-11-30,6,Mas Que Nada,Jorge Ben Jor,-,5,2
2024-11-30,7,White Christmas (1947),Bing Crosby With Ken Darby Singers & John Scott Trotter & His Orchestra,11,7,6
2024-11-30,8,Seven,Jung Kook Featuring Latto,5,3,14
2024-11-30,9,"Bonfire, Bon Voyage",DIALOGUE+,-,9,2
2024-11-30,10,Dos Dias,Tito Double P & Peso Pluma,-,2,7
2024-11-30,11,Leave The Door Open,Silk Sonic ( Bruno Mars & Anderson .Paak ),-,2,21
2024-11-30,12,Are You Gone Already,Nicki Minaj,-,11,2
2024-11-30,13,A Forest,The Cure,-,13,1
2024-11-30,14,Cheers,Seventeen,-,14,2
2024-11-30,15,Rah Tah Tah,"Tyler, The Creator",-,15,1
2024-11-30,16,"Doomsday, Pt. 2",Lyrical Lemonade & Eminem,-,1,7
2024-11-30,17,Birds Of A Feather,Billie Eilish,-,8,10
2024-11-30,18,We Are Never Ever Getting Back Together,Taylor Swift,-,18,2
2024-11-30,19,Bailar Contigo,Black Eyed Peas & Daddy Yankee,-,19,2
2024-11-30,20,Jingle Bells,Meghan Trainor,-,20,1
2024-11-30,21,Miles On It,Marshmello & Kane Brown,3,1,16
2024-11-30,22,Dancing In The Dark,Bruce Springsteen,-,22,1
2024-11-30,23,Sequencia Colocadao,"Pedro Sampaio, Delano, MC GW & MC Meno K",-,23,1
2024-11-30,24,Twelve Days of Christmas (Disney),Various Artists,-,24,1
2024-11-30,25,(You Make Me Feel Like) A Natural Woman,Celine Dion,-,25,1
2024-12-07,1,Jingle Bells,Frank Sinatra With The Orchestra & Chorus Of Gordon Jenkins,-,1,1
2024-12-07,2,Silent Night,Frank Sinatra,-,2,1
2024-12-07,3,Don't Speak,No Doubt,-,2,2
2024-12-07,4,Dos Dias,Tito Double P & Peso Pluma,10,2,8
2024-12-07,5,Fig Leaf Bi-Carbonate,MF Doom,-,5,2
2024-12-07,6,Rah Tah Tah,"Tyler, The Creator",15,6,2
2024-12-07,7,Vomitspit,MF Doom,-,7,1
2024-12-07,8,Luther,Kendrick Lamar & SZA,-,8,1
2024-12-07,9,St. Chroma,"Tyler, The Creator Featuring Daniel Caesar",-,9,2
2024-12-07,10,I Can Do It With A Broken Heart,Taylor Swift,-,10,13
2024-12-07,11,Hot To Go!,Chappell Roan,-,11,5
2024-12-07,12,All I Want For Christmas Is You,Mariah Carey,-,1,27
2024-12-07,13,It's Beginning To Look A Lot Like Christmas,Michael Buble,-,1,2
2024-12-07,14,Dusk Till Dawn,ZAYN Featuring Sia,-,14,1
2024-12-07,15,KOI-SODA,ICEx,-,15,2
2024-12-07,16,Potholderz,MF Doom Featuring Count Bass D,-,16,1
2024-12-07,17,"Bonfire, Bon Voyage",DIALOGUE+,9,9,3
2024-12-07,18,Home Sweet Home,G-Dragon Featuring Taeyang & Daesung,-,18,1
2024-12-07,19,No Te Quieren Conmigo,"Gaby Music, Lunay & Luar La L",-,15,2
2024-12-07,20,Rockin' Around The Christmas Tree,Brenda Lee,-,4,6
2024-12-07,21,Dance The Night Away,The Mavericks,-,21,1
2024-12-07,22,Run Rudolph Run,Chuck Berry,-,22,1
2024-12-07,23,Last Christmas,Wham!,-,1,26
2024-12-07,24,White Christmas (1947),Bing Crosby With Ken Darby Singers & John Scott Trotter & His Orchestra,7,7,7
2024-12-07,25,Squabble Up,Kendrick Lamar,-,25,1
2024-12-14,1,"Good Luck, Babe!",Chappell Roan,-,1,13
2024-12-14,2,Last Christmas,Wham!,23,1,27
2024-12-14,3,Driving Home For Christmas,Chris Rea,-,3,5
2024-12-14,4,Sailor Song,Gigi Perez,-,3,6
2024-12-14,5,Rockin' Around The Christmas Tree,Brenda Lee,20,4,7
2024-12-14,6,Sticky,"Tyler, The Creator Featuring GloRilla , Sexyy Red & Lil Wayne",-,6,1
2024-12-14,7,Have You Ever Seen The Rain,Creedence Clearwater Revival,-,7,1
2024-12-14,8,Luther,Kendrick Lamar & SZA,8,8,2
2024-12-14,9,Let It Snow! Let It Snow! Let It Snow!,Dean Martin,-,9,3
2024-12-14,10,Can't Help Falling In Love,Elvis Presley With The Jordanaires,-,10,3
2024-12-14,11,Angels,Robbie Williams,-,11,6
2024-12-14,12,Please Come Home For Christmas,Eagles,-,2,2
2024-12-14,13,Spin The Wheel,Mick Wingert,-,13,1
2024-12-14,14,Ma Meilleure Ennemie,Stromae & Pomme,-,14,1
2024-12-14,15,The Line,Twenty One Pilots,-,15,1
2024-12-14,16,All I Want For Christmas Is You,Mariah Carey,12,1,28
2024-12-14,17,Run Rudolph Run,Chuck Berry,22,17,2
2024-12-14,18,Lucid Dreams,Juice WRLD,-,2,8
2024-12-14,19,Jingle Bells,Frank Sinatra With The Ken Lane Singers / Axel Stordahl,-,19,1
2024-12-14,20,The Scientist,Coldplay,-,13,3
2024-12-14,21,Juno,Sabrina Carpenter,-,21,1
2024-12-14,22,A Holly Jolly Christmas,Burl Ives,-,2,7
2024-12-14,23,APT.,ROSE & Bruno Mars,-,3,3
2024-12-14,24,Christmas Time,Bryan Adams,-,24,1
2024-12-14,25,Number One Girl,ROSE,-,25,1
2024-12-21,1,Sticky,"Tyler, The Creator Featuring GloRilla , Sexyy Red & Lil Wayne",6,1,2
2024-12-21,2,Last Christmas,Wham!,2,1,28
2024-12-21,3,It's Beginning To Look A Lot Like Christmas,Michael Buble,-,1,3
2024-12-21,4,Rockin' Around The Christmas Tree,Dan + Shay,-,4,1
2024-12-21,5,The Line,Twenty One Pilots,15,5,2
2024-12-21,6,Funds,Davido Featuring ODUMODUBLVCK & Chike,-,6,1
2024-12-21,7,"Good Luck, Babe!",Chappell Roan,1,1,14
2024-12-21,8,Last Night,TREASURE,-,8,1
2024-12-21,9,Like A Prayer,Madonna,-,9,1
2024-12-21,10,Ice On My Teeth,ATEEZ,-,10,1
2024-12-21,11,Reincarnated,Kendrick Lamar,-,11,1
2024-12-21,12,Jingle Bells,Frank Sinatra With The Ken Lane Singers / Axel Stordahl,19,12,2
2024-12-21,13,This Christmas,Donny Hathaway,-,13,1
2024-12-21,14,Karma,Taylor Swift,-,5,9
2024-12-21,15,Defying Gravity,Cynthia Erivo Featuring Ariana Grande,-,15,1
2024-12-21,16,Rudolph The Red-Nosed Reindeer,Gene Autry & The Pinafores,-,16,1
2024-12-21,17,Bed Chem,Sabrina Carpenter,-,17,1
2024-12-21,18,Winter Wonderland,Leona Lewis,-,18,1
2024-12-21,19,I Can Do It With A Broken Heart,Taylor Swift,-,10,14
2024-12-21,20,Where Are You Christmas?,Faith Hill,-,20,1
2024-12-21,21,All I Want For Christmas Is You,Mariah Carey,16,1,29
2024-12-21,22,White Christmas,Michael Buble Duet With Shania Twain,-,4,2
2024-12-21,23,Ma Meilleure Ennemie,Stromae & Pomme,14,14,2
2024-12-21,24,Mistletoe,Justin Bieber,-,6,4
2024-12-21,25,Cocoa Tea,Kes,-,25,1
2024-12-28,1,Last Christmas,Wham!,2,1,29
2024-12-28,2,All I Want For Christmas Is You,Mariah Carey,21,1,30
2024-12-28,3,Please Come Home For Christmas,Eagles,-,2,3
2024-12-28,4,Rockin' Around The Christmas Tree,Brenda Lee,-,4,8
2024-12-28,5,Silent Night,The Temptations,-,5,1
2024-12-28,6,Christmas Hallelujah,Caleb DeLorenzo,-,6,1
2024-12-28,7,That's So True,Gracie Abrams,-,7,2
2024-12-28,8,I Think They Call This Love,Elliot James Reay,-,8,1
2024-12-28,9,Jingle Bells,Frank Sinatra With The Ken Lane Singers / Axel Stordahl,12,9,3
2024-12-28,10,Residuals,Chris Brown,-,10,1
2024-12-28,11,Let It Snow! Let It Snow! Let It Snow!,Dean Martin,-,9,4
2024-12-28,12,Santa Tell Me,Ariana Grande,-,4,3
2024-12-28,13,APT.,ROSE & Bruno Mars,-,3,4
2024-12-28,14,It's The Most Wonderful Time Of The Year,Andy Williams,-,14,1
2024-12-28,15,Taste,Sabrina Carpenter,-,15,1
2024-12-28,16,The Present,Forrest Frank,-,16,1
2024-12-28,17,Christmas Lights,Coldplay,-,2,8
2024-12-28,18,Wonderful Christmastime,Paul McCartney,-,18,1
2024-12-28,19,I Saw Mommy Kissing Santa Claus,Jackson 5,-,19,1
2024-12-28,20,Blanca Navidad,La Oreja de Van Gogh,-,20,1
2024-12-28,21,Sticky,"Tyler, The Creator Featuring GloRilla , Sexyy Red & Lil Wayne",1,1,3
2024-12-28,22,Come Play,"Stray Kids , Young Miko & Tom Morello",-,22,1
2024-12-28,23,It's Beginning To Look A Lot Like Christmas,Perry Como And The Fontane Sisters With Mitchell Ayres And His Orchestra,-,14,2
2024-12-28,24,What Do The Lonely Do At Christmas,The Emotions,-,24,1
2024-12-28,25,I Can't Hear It Now,Freya Ridings,-,25,1
2025-01-04,1,All I Want For Christmas Is You,Mariah Carey,2,1,31
2025-01-04,2,A Bar Song (Tipsy),Shaboozey,-,1,7
2025-01-04,3,The Christmas Song (Chestnuts Roasting On An Open Fire),"Nat ""King"" Cole & John Legend",-,3,1
2025-01-04,4,Residuals,Chris Brown,10,4,2
2025-01-04,5,Last Christmas,Wham!,1,1,30
2025-01-04,6,Lose Control,Teddy Swims,-,6,13
2025-01-04,7,Espresso,Sabrina Carpenter,-,4,11
2025-01-04,8,Warsong,The Cure,-,8,1
2025-01-04,9,That's So True,Gracie Abrams,7,7,3
2025-01-04,10,Birds Of A Feather,Billie Eilish,-,8,11
2025-01-04,11,Luther,Kendrick Lamar & SZA,-,8,3
2025-01-04,12,"Baby, It's Cold Outside",Vanessa Williams & Bobby Caldwell,-,12,1
2025-01-04,13,It's The Most Wonderful Time Of The Year,Andy Williams,14,13,2
2025-01-04,14,Have Yourself A Merry Little Christmas,Jackson 5,-,14,1
2025-01-04,15,It's Beginning To Look A Lot Like Christmas,Michael Buble,-,1,4
2025-01-04,16,Santa Tell Me,Ariana Grande,12,4,4
2025-01-04,17,Spin The Wheel,Mick Wingert,-,13,2
2025-01-04,18,What Christmas Means To Me,Stevie Wonder,-,18,1
2025-01-04,19,A Holly Jolly Christmas,Burl Ives,-,2,8
2025-01-04,20,APT.,ROSE & Bruno Mars,13,3,5
2025-01-04,21,Heart Of A Woman,Summer Walker,-,21,1
2025-01-04,22,Merry Christmas,Ed Sheeran & Elton John,-,7,3
2025-01-04,23,I Can Do It With A Broken Heart,Taylor Swift,-,10,15
2025-01-04,24,Squabble Up,Kendrick Lamar,-,24,2
2025-01-04,25,It's Ok I'm Ok,Tate McRae,-,25,1
2025-01-11,1,That's So True,Gracie Abrams,9,1,4
2025-01-11,2,Wind Up Missin' You,Tucker Wetmore,-,2,1
2025-01-11,3,Yo Siempre Contesto.,LATIN MAFIA,-,3,1
2025-01-11,4,Angels,Robbie Williams,-,4,7
2025-01-11,5,Guy For That,Post Malone Featuring Luke Combs,-,5,2
2025-01-11,6,Too Sweet,Hozier,-,1,7
2025-01-11,7,Denial Is A River,Doechii,-,7,1
2025-01-11,8,Birds Of A Feather,Billie Eilish,10,8,12
2025-01-11,9,Blue,yung kai,-,9,1
2025-01-11,10,El Ano Viejo,Tony Camargo,-,10,1
2025-01-11,11,Boyfriend,ALLMO$T,-,11,1
2025-01-11,12,A Bar Song (Tipsy),Shaboozey,2,1,8
2025-01-11,13,Marilag,Dionela,-,13,1
2025-01-11,14,Ma Meilleure Ennemie,Stromae & Pomme,-,14,3
2025-01-11,15,APT.,ROSE & Bruno Mars,20,3,6
2025-01-11,16,Somewhere Only We Know,Keane,-,1,49
2025-01-11,17,Rockman,Mk.gee,-,17,1
2025-01-11,18,Messy,Lola Young,-,18,1
2025-01-11,19,Boujaku No Charisma,UNISON SQUARE GARDEN,-,19,1
2025-01-11,20,I Had Some Help,Post Malone Featuring Morgan Wallen,-,2,9
2025-01-11,21,Another Day In Paradise,Phil Collins,-,21,1
2025-01-11,22,New Year's Day,U2,-,3,7
2025-01-11,23,Todo A Su Tiempo,Neton Vega,-,23,1
2025-01-11,24,The Final Countdown,Europe,-,24,1
2025-01-11,25,Taste,Sabrina Carpenter,-,15,2
2025-01-18,1,BMF,SZA,-,1,1
2025-01-18,2,That's So True,Gracie Abrams,1,1,5
2025-01-18,3,Smile,Morgan Wallen,-,3,1
2025-01-18,4,Blowin' In The Wind,Bob Dylan,-,4,1
2025-01-18,5,APT.,ROSE & Bruno Mars,15,3,7
2025-01-18,6,Lose Control,Teddy Swims,-,6,14
2025-01-18,7,Like A Rolling Stone,Bob Dylan,-,7,1
2025-01-18,8,Como Duele El Amor,Herencia de Grandes,-,8,1
2025-01-18,9,Taste,Sabrina Carpenter,25,9,3
2025-01-18,10,Luther,Kendrick Lamar & SZA,-,8,4
2025-01-18,11,Prisionero Perfecto,Silvestre y La Naranja,-,11,1
2025-01-18,12,Girl From The North Country,Bob Dylan,-,12,1
2025-01-18,13,Denial Is A River,Doechii,7,7,2
2025-01-18,14,Mr. Tambourine Man,Bob Dylan,-,14,1
2025-01-18,15,Cocoa Tea,Kes,-,15,2
2025-01-18,16,Forever Young,"David Guetta , Alphaville & Ava Max",-,16,1
2025-01-18,17,Who Does That?,FOLA Featuring Bella Shmurda,-,17,1
2025-01-18,18,"Don't Think Twice, It's All Right",Bob Dylan,-,18,2
2025-01-18,19,30 For 30,SZA With Kendrick Lamar,-,19,1
2025-01-18,20,Chill Baby,SZA,-,20,1
2025-01-18,21,Drip,BABYMONSTER,-,21,1
2025-01-18,22,Tu Con El,Rauw Alejandro,-,22,1
2025-01-18,23,No More Hiding,SZA,-,23,1
2025-01-18,24,What Do I Do,SZA,-,24,1
2025-01-18,25,Kitchen,SZA,-,25,1
2025-01-25,1,Blue Monday,New Order,-,1,4
2025-01-25,2,Angels,Robbie Williams,-,2,8
2025-01-25,3,That's So True,Gracie Abrams,2,1,6
2025-01-25,4,Love Somebody,Morgan Wallen,-,4,1
2025-01-25,5,Blowin' In The Wind,Bob Dylan,4,4,2
2025-01-25,6,Sailor Song,Gigi Perez,-,3,7
2025-01-25,7,Luther,Kendrick Lamar & SZA,10,7,5
2025-01-25,8,APT.,ROSE & Bruno Mars,5,3,8
2025-01-25,9,Guy For That,Post Malone Featuring Luke Combs,-,5,3
2025-01-25,10,Un-Apex,TK From Ling Tosite Sigure,-,10,1
2025-01-25,11,Como Duele El Amor,Herencia de Grandes,8,8,2
2025-01-25,12,Denial Is A River,Doechii,13,7,3
2025-01-25,13,Me Prometo,Antonito Molina,-,13,1
2025-01-25,14,I'm Gonna Love You,Cody Johnson & Carrie Underwood,-,14,1
2025-01-25,15,Taste,Sabrina Carpenter,9,9,4
2025-01-25,16,Siento Que Merezco Mas,LATIN MAFIA,-,16,1
2025-01-25,17,Pink Pony Club,Chappell Roan,-,16,3
2025-01-25,18,Marilag,Dionela,-,13,2
2025-01-25,19,Gusn Rumman,Maryam Shehab,-,19,1
2025-01-25,20,Sensational,Chris Brown Featuring Davido & Lojay,-,20,1
2025-01-25,21,Timeless,The Weeknd & Playboi Carti,-,21,1
2025-01-25,22,I Think They Call This Love,Elliot James Reay,-,8,2
2025-01-25,23,El Lokeron,Tito Double P,-,4,4
2025-01-25,24,I Can Do It With A Broken Heart,Taylor Swift,-,10,16
2025-01-25,25,ReawakeR,LiSA Featuring Felix,-,25,1
2025-02-01,1,That's So True,Gracie Abrams,3,1,7
2025-02-01,2,Residuals,Chris Brown,-,2,3
2025-02-01,3,Angels,Robbie Williams,2,2,9
2025-02-01,4,Blowin' In The Wind,Bob Dylan,5,4,3
2025-02-01,5,APT.,ROSE & Bruno Mars,8,3,9
2025-02-01,6,Luther,Kendrick Lamar & SZA,7,6,6
2025-02-01,7,Marilag,Dionela,18,7,3
2025-02-01,8,Denial Is A River,Doechii,12,7,4
2025-02-01,9,Symfoni,Astrid S,-,9,1
2025-02-01,10,Folsom Prison Blues,Johnny Cash,-,10,1
2025-02-01,11,Die With A Smile,Lady Gaga & Bruno Mars,-,11,3
2025-02-01,12,Siento Que Merezco Mas,LATIN MAFIA,16,12,2
2025-02-01,13,Taste,Sabrina Carpenter,15,9,5
2025-02-01,14,Lover,Taylor Swift,-,2,5
2025-02-01,15,Espresso,Sabrina Carpenter,-,4,12
2025-02-01,16,Are You Even Real,Teddy Swims & GIVEON,-,16,1
2025-02-01,17,Funny Papers,Mac Miller,-,17,1
2025-02-01,18,I Always Wanted A Brother,"Braelyn Rankins, Theo Somolu, Aaron Pierre & Kelvin Harrison Jr.",-,18,1
2025-02-01,19,Mr. Tambourine Man,Bob Dylan,-,14,2
2025-02-01,20,I Can Do It With A Broken Heart,Taylor Swift,24,10,17
2025-02-01,21,La Mudanza,Bad Bunny,-,21,1
2025-02-01,22,Upside Down,Jack Johnson,-,22,1
2025-02-01,23,EOO,Bad Bunny,-,23,1
2025-02-01,24,Ora Che Non Ho Piu Te,Cesare Cremonini,-,24,1
2025-02-01,25,Tu Con El,Rauw Alejandro,-,22,2
2025-02-08,1,Blowin' In The Wind,Bob Dylan,4,1,4
2025-02-08,2,I'm Gonna Love You,Cody Johnson & Carrie Underwood,-,2,2
2025-02-08,3,Sensational,Chris Brown Featuring Davido & Lojay,-,3,2
2025-02-08,4,Lose Control,Teddy Swims,-,4,15
2025-02-08,5,She Is Totally Out Of My League,P6ICK Featuring Z9,-,5,1
2025-02-08,6,Sin Ti,Edicion Especial,-,6,1
2025-02-08,7,Ansiedad,Grupo Arriesgado,-,7,1
2025-02-08,8,I Think They Call This Love,Elliot James Reay,-,8,3
2025-02-08,9,A Bar Song (Tipsy),Shaboozey,-,1,9
2025-02-08,10,Sports Car,Tate McRae,-,10,1
2025-02-08,11,I Always Wanted A Brother,"Braelyn Rankins, Theo Somolu, Aaron Pierre & Kelvin Harrison Jr.",18,11,2
2025-02-08,12,Luther,Kendrick Lamar & SZA,6,6,7
2025-02-08,13,Espresso,Sabrina Carpenter,15,4,13
2025-02-08,14,Pink Pony Club,Chappell Roan,-,14,4
2025-02-08,15,That's So True,Gracie Abrams,1,1,8
2025-02-08,16,Fat Juicy & Wet,Sexyy Red & Bruno Mars,-,16,1
2025-02-08,17,Sao Paulo,The Weeknd & Anitta,-,17,1
2025-02-08,18,Messy,Lola Young,-,18,2
2025-02-08,19,Open Hearts,The Weeknd,-,19,1
2025-02-08,20,No More Hiding,SZA,-,20,2
2025-02-08,21,APT.,ROSE & Bruno Mars,5,3,10
2025-02-08,22,I Feel It Coming,The Weeknd Featuring Daft Punk,-,6,9
2025-02-08,23,Taste,Sabrina Carpenter,13,9,6
2025-02-08,24,Birds Of A Feather,Billie Eilish,-,8,13
2025-02-08,25,Starboy,The Weeknd,-,8,2
2025-02-15,1,Denial Is A River,Doechii,-,1,5
2025-02-15,2,Luther,Kendrick Lamar & SZA,12,2,8
2025-02-15,3,Wake Me Up,The Weeknd & Justice,-,3,1
2025-02-15,4,Marilag,Dionela,-,4,4
2025-02-15,5,Not Like Us,Kendrick Lamar,-,5,11
2025-02-15,6,Sao Paulo,The Weeknd & Anitta,17,6,2
2025-02-15,7,Senza Se E Senza Ma,Jovanotti,-,7,1
2025-02-15,8,Un-Apex,TK From Ling Tosite Sigure,-,8,2
2025-02-15,9,Abracadabra,Lady Gaga,-,9,1
2025-02-15,10,A Bar Song (Tipsy),Shaboozey,9,1,10
2025-02-15,11,Risk,Gracie Abrams,-,11,2
2025-02-15,12,TV Off,Kendrick Lamar Featuring Lefty Gunplay,-,12,1
2025-02-15,13,Baptized In Fear,The Weeknd,-,13,1
2025-02-15,14,Beautiful Things,Benson Boone,-,1,15
2025-02-15,15,Cry For Me,The Weeknd,-,15,1
2025-02-15,16,I'm Not A Boy,Omar Rudberg,-,16,1
2025-02-15,17,Messy,Lola Young,18,17,3
2025-02-15,18,Are You Even Real,Teddy Swims & GIVEON,-,16,2
2025-02-15,19,L'oiseau,Solann,-,19,1
2025-02-15,20,Squabble Up,Kendrick Lamar,-,20,3
2025-02-15,21,Toxic Till The End,ROSE,-,21,1
2025-02-15,22,Times They Are A-Changin',Bob Dylan,-,22,1
2025-02-15,23,Enjoy The Show,The Weeknd & Future,-,23,1
2025-02-15,24,"I Love You, I'm Sorry",Gracie Abrams,-,17,2
2025-02-15,25,Given Up On Me,The Weeknd,-,25,1
2025-02-22,1,Wake Me Up,The Weeknd & Justice,3,1,2
2025-02-22,2,Not Like Us,Kendrick Lamar,5,2,12
2025-02-22,3,TV Off,Kendrick Lamar Featuring Lefty Gunplay,12,3,2
2025-02-22,4,Luther,Kendrick Lamar & SZA,2,2,9
2025-02-22,5,Bunga Maaf,The Lantis,-,5,1
2025-02-22,6,Squabble Up,Kendrick Lamar,20,6,4
2025-02-22,7,Vertebre,Settembre,-,7,1
2025-02-22,8,Messy,Lola Young,17,8,4
2025-02-22,9,Un-Apex,TK From Ling Tosite Sigure,8,8,3
2025-02-22,10,Born Again,LISA Featuring Doja Cat & RAYE,-,10,1
2025-02-22,11,Die With A Smile,Lady Gaga & Bruno Mars,-,11,4
2025-02-22,12,Cosa Faremo da Grandi?,Lucio Corsi,-,12,1
2025-02-22,13,"Fiori Rosa, Fiori di Pesco",Lucio Battisti,-,13,1
2025-02-22,14,Bella Stronza,Marco Masini,-,14,1
2025-02-22,15,up! up! up!,Mata,-,15,1
2025-02-22,16,One Of The Girls,"The Weeknd , JENNIE & Lily-Rose Depp",-,16,1
2025-02-22,17,Un Mondo A Parte,Jovanotti,-,17,1
2025-02-22,18,Heaven Is A Place On Earth,Belinda Carlisle,-,18,1
2025-02-22,19,ReawakeR,LiSA Featuring Felix,-,19,2
2025-02-22,20,Twenties,Giveon,-,20,1
2025-02-22,21,Nu Delhi,Bloodywood,-,21,1
2025-02-22,22,"I Love You, I'm Sorry",Gracie Abrams,24,17,3
2025-02-22,23,Attitude,IVE,-,23,1
2025-02-22,24,Rockstar,Alex Wyse,-,24,1
2025-02-22,25,Humble.,Kendrick Lamar,-,1,4
2025-03-01,1,Tu Sei Il Mattino,Lucio Corsi,-,1,1
2025-03-01,2,Von Dutch,Charli xcx,-,2,2
2025-03-01,3,Pink Pony Club,Chappell Roan,-,3,5
2025-03-01,4,Messy,Lola Young,8,4,5
2025-03-01,5,Hot To Go!,Chappell Roan,-,5,6
2025-03-01,6,Blue,yung kai,-,6,2
2025-03-01,7,Not Like Us,Kendrick Lamar,2,2,13
2025-03-01,8,Birds Of A Feather,Billie Eilish,-,8,14
2025-03-01,9,Denial Is A River,Doechii,-,1,6
2025-03-01,10,What's Going On,Teddy Swims,-,10,1
2025-03-01,11,Dancing In The Flames,The Weeknd,-,11,2
2025-03-01,12,She Is Totally Out Of My League,P6ICK Featuring Z9,-,5,2
2025-03-01,13,Die With A Smile,Lady Gaga & Bruno Mars,11,11,5
2025-03-01,14,Humble.,Kendrick Lamar,25,1,5
2025-03-01,15,Otonoke,Creepy Nuts,-,15,2
2025-03-01,16,Guy For That,Post Malone Featuring Luke Combs,-,5,4
2025-03-01,17,Rio,J Balvin,-,17,1
2025-03-01,18,APT.,ROSE & Bruno Mars,-,3,11
2025-03-01,19,Blowin' In The Wind,Bob Dylan,-,1,5
2025-03-01,20,Earthquake,JISOO,-,20,1
2025-03-01,21,BMF,SZA,-,1,2
2025-03-01,22,Love Story,Indila,-,22,1
2025-03-01,23,Too Sweet,Hozier,-,1,8
2025-03-01,24,Three Six Five,Shinedown,-,24,1
2025-03-01,25,Moonlit Floor,LISA,-,25,1
2025-03-08,1,Denial Is A River,Doechii,9,1,7
2025-03-08,2,Volevo Essere Un Duro,Lucio Corsi,-,2,1
2025-03-08,3,Die With A Smile,Lady Gaga & Bruno Mars,13,3,6
2025-03-08,4,Espresso Macchiato,Tommy Cash,-,4,1
2025-03-08,5,Incoscienti Giovani,Achille Lauro,-,5,1
2025-03-08,6,What's Going On,Teddy Swims,10,6,2
2025-03-08,7,Birds Of A Feather,Billie Eilish,8,7,15
2025-03-08,8,Blowin' In The Wind,Bob Dylan,19,1,6
2025-03-08,9,Espresso,Sabrina Carpenter,-,4,14
2025-03-08,10,Sports Car,Tate McRae,-,10,2
2025-03-08,11,Abracadabra,Lady Gaga,-,9,2
2025-03-08,12,Corazon Partío,Tito Double P,-,12,1
2025-03-08,13,"I Love You, I'm Sorry",Gracie Abrams,-,13,4
2025-03-08,14,ReawakeR,LiSA Featuring Felix,-,14,3
2025-03-08,15,Billy (Yeah Yeah Yeah),Inhaler,-,15,1
2025-03-08,16,Beautiful Things,Benson Boone,-,1,16
2025-03-08,17,APT.,ROSE & Bruno Mars,18,3,12
2025-03-08,18,Are You Even Real,Teddy Swims & GIVEON,-,16,3
2025-03-08,19,Back To Friends,sombr,-,19,1
2025-03-08,20,Call Me When You Break Up,"Selena Gomez , Benny Blanco & Gracie Abrams",-,20,1
2025-03-08,21,That's So True,Gracie Abrams,-,1,9
2025-03-08,22,BMF,SZA,21,1,3
2025-03-08,23,Coffin Change,Wallows,-,23,1
2025-03-08,24,Toxic Till The End,ROSE,-,21,2
2025-03-08,25,Messy,Lola Young,4,4,6
2025-03-15,1,Denial Is A River,Doechii,1,1,8
2025-03-15,2,Die With A Smile,Lady Gaga & Bruno Mars,3,2,7
2025-03-15,3,Volevo Essere Un Duro,Lucio Corsi,2,2,2
2025-03-15,4,Espresso,Sabrina Carpenter,9,4,15
2025-03-15,5,M&M,Neton Vega,-,5,1
2025-03-15,6,Tweaker,GELO,-,6,1
2025-03-15,7,30 For 30,SZA With Kendrick Lamar,-,7,2
2025-03-15,8,Luther,Kendrick Lamar & SZA,-,2,10
2025-03-15,9,Disease,Lady Gaga,-,9,2
2025-03-15,10,Messy,Lola Young,25,4,7
2025-03-15,11,Kehlani,Jordan Adetunji,-,11,1
2025-03-15,12,Incoscienti Giovani,Achille Lauro,5,5,2
2025-03-15,13,Sleep,Ashley Singh,-,13,1
2025-03-15,14,Are You Even Real,Teddy Swims & GIVEON,18,14,4
2025-03-15,15,Funk Do Bounce,Ariis,-,15,1
2025-03-15,16,Un-Apex,TK From Ling Tosite Sigure,-,8,4
2025-03-15,17,Billy (Yeah Yeah Yeah),Inhaler,15,15,2
2025-03-15,18,"I Love You, I'm Sorry",Gracie Abrams,13,13,5
2025-03-15,19,TV Off,Kendrick Lamar Featuring Lefty Gunplay,-,3,3
2025-03-15,20,Thought It Was Love,Ty Myers,-,20,1
2025-03-15,21,Now Or Never,Bon Jovi x Pitbull,-,21,1
2025-03-15,22,Favour,Lawrence Oyor,-,22,1
2025-03-15,23,Love Hangover,JENNIE & Dominic Fike,-,23,1
2025-03-15,24,Corazon Partío,Tito Double P,12,12,2
2025-03-15,25,Dancing In The Flames,The Weeknd,-,11,3
2025-03-22,1,Espresso Macchiato,Tommy Cash,-,1,2
2025-03-22,2,Die With A Smile,Lady Gaga & Bruno Mars,2,2,8
2025-03-22,3,Denial Is A River,Doechii,1,1,9
2025-03-22,4,Volevo Essere Un Duro,Lucio Corsi,3,2,3
2025-03-22,5,Mon Amour,Naaman,-,5,1
2025-03-22,6,ReawakeR,LiSA Featuring Felix,-,6,4
2025-03-22,7,Anxiety,Doechii,-,7,1
2025-03-22,8,Funeral,Teddy Swims,-,8,1
2025-03-22,9,Incoscienti Giovani,Achille Lauro,12,5,3
2025-03-22,10,like JENNIE,JENNIE,-,10,1
2025-03-22,11,Bad Dreams,Teddy Swims,-,11,1
2025-03-22,12,Birds Of A Feather,Billie Eilish,-,7,16
2025-03-22,13,APT.,ROSE & Bruno Mars,-,3,13
2025-03-22,14,The Giver,Chappell Roan,-,14,1
2025-03-22,15,Wind Up Missin' You,Tucker Wetmore,-,2,2
2025-03-22,16,It Ain't Me Babe,Bob Dylan,-,16,1
2025-03-22,17,ILBB2,Jorjiana Featuring GloRilla,-,17,1
2025-03-22,18,BMF,SZA,-,1,4
2025-03-22,19,Damn Right,"JENNIE , Childish Gambino & Kali Uchis",-,19,1
2025-03-22,20,realitYhurts.,CVLTVRE,-,20,1
2025-03-22,21,How Bad Do U Want Me,Lady Gaga,-,21,1
2025-03-22,22,Dios Por Delante,Hermanos Espinoza,-,22,1
2025-03-22,23,Lache-moi La Main,Iliona,-,23,1
2025-03-22,24,Czemu Nie Spisz?,bambi,-,24,1
2025-03-22,25,Night Or Day,Franz Ferdinand,-,25,1
2025-03-29,1,Luther,Kendrick Lamar & SZA,-,1,11
2025-03-29,2,Hot,Le Sserafim,-,2,1
2025-03-29,3,Dark Thoughts,Lil Tecca,-,3,1
2025-03-29,4,RE FORRO,CA7RIEL & Paco Amoroso,-,4,1
2025-03-29,5,Corner My Confidence,Coheed and Cambria,-,5,1
2025-03-29,6,like JENNIE,JENNIE,10,6,2
2025-03-29,7,Xiang Qing Tian Xiang Yu Tian,Silence Wang,-,7,1
2025-03-29,8,Blue,yung kai,-,6,3
2025-03-29,9,The Chase,Hearts2Hearts,-,9,1
2025-03-29,10,Know About Me,NMIXX,-,10,1
2025-03-29,11,Emergence,Sleep Token,-,11,1
2025-03-29,12,I Miss You,Beele,-,12,1
2025-03-29,13,Disease,Lady Gaga,-,9,3
2025-03-29,14,Waiting On A Wish,Suzy,-,14,1
2025-03-29,15,CBZ (Prime Time),BSS,-,15,1
2025-03-29,16,Sports Car,Tate McRae,-,10,3
2025-03-29,17,Ms. Whitman,Bhad Bhabie,-,17,1
2025-03-29,18,VVV,THE BOYZ,-,18,1
2025-03-29,19,Given Up On Me,The Weeknd,-,19,2
2025-03-29,20,Exes,Tate McRae,-,20,3
2025-03-29,21,The Greatest Bend Over,Yung Bredda & Full Blown,-,21,1
2025-03-29,22,Caida Libre,Leiva & Robe,-,22,1
2025-03-29,23,The Truth,Megan Woods,-,23,1
2025-03-29,24,Can I Get A Chee Hoo?,Dwayne Johnson,-,24,1
2025-03-29,25,Semua Lagu Cinta Terdengar Sama,Hindia,-,25,1
2025-04-05,1,Francis Delacroix,Lucio Corsi,-,1,1
2025-04-05,2,Blue,yung kai,8,2,4
2025-04-05,3,Volevo Essere Un Duro,Lucio Corsi,-,2,4
2025-04-05,4,Luther,Kendrick Lamar & SZA,1,1,12
2025-04-05,5,That's So True,Gracie Abrams,-,1,10
2025-04-05,6,Back To Friends,sombr,-,6,2
2025-04-05,7,Boots On The Ground,803Fresh,-,7,1
2025-04-05,8,Am I Okay?,Megan Moroney,-,8,1
2025-04-05,9,Abracadabra,Lady Gaga,-,9,3
2025-04-05,10,Luma,Esperon,-,10,1
2025-04-05,11,Pink Pony Club,Chappell Roan,-,3,6
2025-04-05,12,Dark Thoughts,Lil Tecca,3,3,2
2025-04-05,13,Sa Bawat Sandali,Amiel Sol,-,13,1
2025-04-05,14,Sports Car,Tate McRae,16,10,4
2025-04-05,15,ReawakeR,LiSA Featuring Felix,-,6,5
2025-04-05,16,Cocaine Nose,Playboi Carti,-,16,1
2025-04-05,17,Stitches,Shawn Mendes,-,3,8
2025-04-05,18,Ironic,Alanis Morissette,-,18,1
2025-04-05,19,Semua Lagu Cinta Terdengar Sama,Hindia,25,19,2
2025-04-05,20,All I Want,Olivia Rodrigo,-,5,2
2025-04-05,21,El Amigo,Christian Nodal,-,21,1
2025-04-05,22,The Giver,Chappell Roan,-,14,2
2025-04-05,23,Rock And Roll Party Cowboy,The Darkness,-,23,1
2025-04-05,24,Mona Lisa Motion,ZAH1DE,-,24,1
2025-04-05,25,Treat You Better,Shawn Mendes,-,6,3
2025-04-12,1,El del Palenque,Los Alegres del Barranco,-,1,1
2025-04-12,2,Nokia,Drake,-,2,1
2025-04-12,3,Blue,yung kai,2,2,5
2025-04-12,4,Twilight Zone,Ariana Grande,-,4,1
2025-04-12,5,Ojos Tristes,"Selena Gomez , Benny Blanco & The Marias",-,5,1
2025-04-12,6,Abrakadabra,Briela Ojeda,-,6,1
2025-04-12,7,Up From The Bottom,Linkin Park,-,7,1
2025-04-12,8,Undressed,sombr,-,8,1
2025-04-12,9,Almond Chocolate,ILLIT,-,9,1
2025-04-12,10,Past Life,Ariana Grande,-,10,1
2025-04-12,11,Hampstead,Ariana Grande,-,11,1
2025-04-12,12,Back To Friends,sombr,6,6,3
2025-04-12,13,El Amigo,Christian Nodal,21,13,2
2025-04-12,14,Stargazing,Myles Smith,-,11,8
2025-04-12,15,Kocham,Julia Wieniawa,-,15,1
2025-04-12,16,Blow,Ke$ha,-,16,1
2025-04-12,17,Basic Being Basic,Djo,-,17,1
2025-04-12,18,realitYhurts.,CVLTVRE,-,18,2
2025-04-12,19,Stitches,Shawn Mendes,17,3,9
2025-04-12,20,Dandelion,Ariana Grande,-,20,1
2025-04-12,21,Delete Ya,Djo,-,21,1
2025-04-12,22,Warm,Ariana Grande,-,22,1
2025-04-12,23,Residuals,Chris Brown,-,2,4
2025-04-12,24,Cicatrice,GAIA,-,24,1
2025-04-12,25,High Horse,NMIXX,-,25,1
2025-04-19,1,Abracadabra,Lady Gaga,-,1,4
2025-04-19,2,Nokia,Drake,2,2,2
2025-04-19,3,Come Home,Jace June,-,3,1
2025-04-19,4,Evil J0rdan,Playboi Carti,-,4,1
2025-04-19,5,Azizam,Ed Sheeran,-,5,1
2025-04-19,6,WALTZ,RYUGUJO,-,6,1
2025-04-19,7,Cocaine Nose,Playboi Carti,-,7,2
2025-04-19,8,Twilight Zone,Ariana Grande,4,4,2
2025-04-19,9,Masa,NAKI Featuring Fahimi,-,9,1
2025-04-19,10,End Of Beginning,Djo,-,3,10
2025-04-19,11,End Of The World,Miley Cyrus,-,11,1
2025-04-19,12,Abrakadabra,Briela Ojeda,6,6,2
2025-04-19,13,Seoul City,JENNIE,-,13,1
2025-04-19,14,Up From The Bottom,Linkin Park,7,7,2
2025-04-19,15,Luma,Esperon,-,10,2
2025-04-19,16,On My Mama,Victoria Monet,-,16,1
2025-04-19,17,Everything Is Peaceful Love,Bon Iver,-,17,1
2025-04-19,18,Hampstead,Ariana Grande,11,11,2
2025-04-19,19,Cicatrice,GAIA,24,19,2
2025-04-19,20,In Ana Aundan Sproch...,Seiler Und Speer,-,20,1
2025-04-19,21,Bajo Presion,Leiva,-,21,1
2025-04-19,22,Viva La Vita,Francesco Gabbani,-,22,1
2025-04-19,23,Tonight,PinkPantheress,-,23,1
2025-04-19,24,Poker Face,Lady Gaga,-,3,2
2025-04-19,25,Tsunami Sea,Spiritbox,-,25,1
2025-04-26,1,Evil J0rdan,Playboi Carti,4,1,2
2025-04-26,2,No Greater Love,Gospel Music Worshop Of America-National Mass Choir,-,2,1
2025-04-26,3,Deixa Rolar,MC LUUKY & Leonne,-,3,1
2025-04-26,4,Praise Him,New Jersey Mass Choir,-,4,1
2025-04-26,5,Hometown Home,LoCash,-,5,1
2025-04-26,6,Francis Delacroix,Lucio Corsi,-,1,2
2025-04-26,7,Thank You Jesus For The Blood,Charity Gayle,-,7,1
2025-04-26,8,Residuals,Chris Brown,-,2,5
2025-04-26,9,Ik Zing,Zoe Livay Featuring Snelle,-,9,1
2025-04-26,10,Thought It Was Love,Ty Myers,-,10,2
2025-04-26,11,Mutt,Leon Thomas,-,11,1
2025-04-26,12,Pink Pony Club,Chappell Roan,-,3,7
2025-04-26,13,At The Cross,Hillsong Worship,-,13,1
2025-04-26,14,Hitorigoto,Omoinotake,-,14,1
2025-04-26,15,Watch me!,YOASOBI,-,15,1
2025-04-26,16,Vanish Into You,Lady Gaga,-,16,1
2025-04-26,17,How Bad Do U Want Me,Lady Gaga,-,17,2
2025-04-26,18,Weibe Haare,Florian Kunstier,-,18,1
2025-04-26,19,Snacks & Wine,WIM,-,19,1
2025-04-26,20,Moj Si High,SENIDAH,-,20,1
2025-04-26,21,J'aurais Du T'en Parler,Deportivo,-,21,1
2025-04-26,22,Safeandsound,Parcels,-,22,1
2025-04-26,23,Iris,Goo Goo Dolls,-,3,6
2025-04-26,24,Gluttony,PompadollS,-,24,1
2025-04-26,25,Cicatrice,GAIA,19,19,3
2025-05-03,1,That's So True,Gracie Abrams,-,1,11
2025-05-03,2,Nokia,Drake,-,2,3
2025-05-03,3,Thought It Was Love,Ty Myers,10,3,3
2025-05-03,4,Blue,yung kai,-,2,6
2025-05-03,5,Luther,Kendrick Lamar & SZA,-,1,13
2025-05-03,6,Mutt,Leon Thomas,11,6,2
2025-05-03,7,Birds Of A Feather,Billie Eilish,-,7,17
2025-05-03,8,Sobrevivire,Rubby Perez,-,8,1
2025-05-03,9,Satanized,Ghost,-,9,1
2025-05-03,10,Sports Car,Tate McRae,-,10,5
2025-05-03,11,Volevo Essere Un Duro,Lucio Corsi,-,2,5
2025-05-03,12,Espresso Macchiato,Tommy Cash,-,1,3
2025-05-03,13,Abracadabra,Lady Gaga,-,1,5
2025-05-03,14,Peacefield,Ghost,-,14,1
2025-05-03,15,Tu Con El,Frankie Ruiz,-,15,1
2025-05-03,16,Homay,AY YOLA,-,16,1
2025-05-03,17,Cancionera,Natalia Lafourcade,-,17,1
2025-05-03,18,Bom,Kim Jeong-mi,-,18,1
2025-05-03,19,WALTZ,RYUGUJO,-,6,2
2025-05-03,20,JUMPING MACHINE,LBI,-,20,1
2025-05-03,21,Nobody New,The Marias,-,21,1
2025-05-03,22,Watch me!,YOASOBI,15,15,2
2025-05-03,23,Acido,Leiva,-,23,1
2025-05-03,24,Rockstar,Ado,-,24,1
2025-05-03,25,Vibra Perfecta,Julion Alvarez y Su Norteno Banda,-,25,1
2025-05-10,1,Thought It Was Love,Ty Myers,3,1,4
2025-05-10,2,HUQQA,Jeff Redd,-,2,1
2025-05-10,3,That's So True,Gracie Abrams,1,1,12
2025-05-10,4,Nokia,Drake,2,2,4
2025-05-10,5,The 1,muque,-,5,1
2025-05-10,6,Mutt,Leon Thomas,6,6,3
2025-05-10,7,Your Way's Better,Forrest Frank,-,7,1
2025-05-10,8,Pink Pony Club,Chappell Roan,-,3,8
2025-05-10,9,Por do Sol,Vizinhos,-,9,1
2025-05-10,10,Luther,Kendrick Lamar & SZA,5,1,14
2025-05-10,11,Birds Of A Feather,Billie Eilish,7,7,18
2025-05-10,12,Am I Okay?,Megan Moroney,-,8,2
2025-05-10,13,"Henry, Come On",Lana Del Rey,-,13,1
2025-05-10,14,Masa Lalu,Faith,-,14,1
2025-05-10,15,Kalimutan Ka,Skusta Clee,-,15,1
2025-05-10,16,AXCLUSION,ulma sound junction,-,16,1
2025-05-10,17,Firefly,Ty Myers,-,17,1
2025-05-10,18,Arc de Triomphe,Amine,-,18,1
2025-05-10,19,What Was That,Lorde,-,19,1
2025-05-10,20,End Of Beginning,Djo,-,3,11
2025-05-10,21,Corazon Partío,Tito Double P,-,12,3
2025-05-10,22,RARI,Peso Pluma,-,22,1
2025-05-10,23,Take My Hand,Matt Berry,-,23,1
2025-05-10,24,Shirt,SZA,-,22,3
2025-05-10,25,Fly,Djo,-,25,1
2025-05-17,1,Last Time (I Seen The Sun),Alice Smith & Miles Caton,-,1,1
2025-05-17,2,Soldadito Marinero,Fito & Fitipaldis,-,2,1
2025-05-17,3,Luther,Kendrick Lamar & SZA,10,1,15
2025-05-17,4,Ansiedad,Grupo Arriesgado,-,4,2
2025-05-17,5,Nokia,Drake,4,2,5
2025-05-17,6,Travelin',Buddy Guy,-,6,1
2025-05-17,7,El del Palenque,Los Alegres del Barranco,-,1,2
2025-05-17,8,"les filles, les meufs",marguerite,-,8,1
2025-05-17,9,Priceless,Maroon 5 & LISA,-,9,1
2025-05-17,10,Birds Of A Feather,Billie Eilish,11,7,19
2025-05-17,11,AMO,510 & Fanny Soegi,-,11,1
2025-05-17,12,Come Pick Me Up,MGK,-,12,1
2025-05-17,13,HUQQA,Jeff Redd,2,2,2
2025-05-17,14,Libikoka,Carson Coma,-,14,1
2025-05-17,15,Volevo Essere Un Duro,Lucio Corsi,-,2,6
2025-05-17,16,Mutt,Leon Thomas,6,6,4
2025-05-17,17,30 For 30,SZA With Kendrick Lamar,-,7,3
2025-05-17,18,Espresso Macchiato,Tommy Cash,-,1,4
2025-05-17,19,Do Me Like That,The Paradox,-,19,1
2025-05-17,20,That's So True,Gracie Abrams,3,1,13
2025-05-17,21,Hometown Home,LoCash,-,5,2
2025-05-17,22,Ballert Auf Lautlos,ZAH1DE,-,22,1
2025-05-17,23,Me Prometi,Ivan Cornejo,-,23,1
2025-05-17,24,Sports Car,Tate McRae,-,10,6
2025-05-17,25,Abracadabra,Lady Gaga,-,1,6
2025-05-24,1,Luther,Kendrick Lamar & SZA,3,1,16
2025-05-24,2,Volevo Essere Un Duro,Lucio Corsi,15,2,7
2025-05-24,3,Espresso Macchiato,Tommy Cash,18,1,5
2025-05-24,4,Deslocado,NAPA,-,4,1
2025-05-24,5,I Lied To You,Miles Caton,-,5,1
2025-05-24,6,Lighter,Kyle Alessandro,-,6,1
2025-05-24,7,Voyage,ZOE ME,-,7,1
2025-05-24,8,Tavo akys,Katarsis,-,8,1
2025-05-24,9,That's So True,Gracie Abrams,20,1,14
2025-05-24,10,Nokia,Drake,5,2,6
2025-05-24,11,Esa Diva,Melody,-,11,1
2025-05-24,12,Sports Car,Tate McRae,24,10,7
2025-05-24,13,Happen To Me,Russell Dickerson,-,13,1
2025-05-24,14,GAJA,Justyna Steczkowska,-,14,1
2025-05-24,15,New Day Will Rise,Yuval Raphael,-,15,1
2025-05-24,16,Baller,Abor & Tynna,-,16,1
2025-05-24,17,Mutt,Leon Thomas,16,6,5
2025-05-24,18,Amanece (A Pepe Mujica),Manuel Garcia,-,18,1
2025-05-24,19,Travelin',Buddy Guy,6,6,2
2025-05-24,20,What The Hell Just Happened?,Remember Monday,-,20,1
2025-05-24,21,WORK HARD,Chanmina,-,21,1
2025-05-24,22,maman,Louane,-,22,1
2025-05-24,23,Catch These Fists,Wet Leg,-,23,1
2025-05-24,24,Cudn't B Me,Jessie Reyez,-,24,1
2025-05-24,25,Je t'accuse,Suzane,-,25,1
2025-05-31,1,Luther,Kendrick Lamar & SZA,1,1,17
2025-05-31,2,Espresso Macchiato,Tommy Cash,3,1,6
2025-05-31,3,Volevo Essere Un Duro,Lucio Corsi,2,2,8
2025-05-31,4,Deslocado,NAPA,4,4,2
2025-05-31,5,Lighter,Kyle Alessandro,6,5,2
2025-05-31,6,Voyage,ZOE ME,7,6,2
2025-05-31,7,That's So True,Gracie Abrams,9,1,15
2025-05-31,8,Nokia,Drake,10,2,7
2025-05-31,9,Sports Car,Tate McRae,12,9,8
2025-05-31,10,Abracadabra,Lady Gaga,-,1,7
2025-05-31,11,30 For 30,SZA With Kendrick Lamar,-,7,4
2025-05-31,12,Undressed,sombr,-,8,2
2025-05-31,13,Ame,Christian Nodal,-,13,1
2025-05-31,14,The Final Countdown 2025,David Guetta / Hypaton / Europe,-,14,1
2025-05-31,15,Appelle-moi Sorciere,Solann,-,15,1
2025-05-31,16,Watch me!,YOASOBI,-,15,3
2025-05-31,17,Look To Windward,Sleep Token,-,17,1
2025-05-31,18,I Lied To You,Miles Caton,5,5,2
2025-05-31,19,LA Night,Morgan Wallen,-,19,1
2025-05-31,20,Old Phone,Ed Sheeran,-,20,1
2025-05-31,21,Lost and Found,Skunk Anansie,-,21,1
2025-05-31,22,X Perro,Christian Nodal,-,22,1
2025-05-31,23,My Darling,Chella,-,23,1
2025-05-31,24,Back To Friends,sombr,-,6,4
2025-05-31,25,Martian,yorushika,-,25,1
2025-06-07,1,Have You Ever Seen The Rain,Creedence Clearwater Revival,-,1,2
2025-06-07,2,Thought It Was Love,Ty Myers,-,1,5
2025-06-07,3,Une Vie A T'aimer,"Lorien Testard, Alice Duport-Percier & Victor Borba",-,3,1
2025-06-07,4,The Final Countdown 2025,David Guetta / Hypaton / Europe,14,4,2
2025-06-07,5,cumlelerim,TUANA,-,5,1
2025-06-07,6,Nokia,Drake,8,2,8
2025-06-07,7,AMO,510 & Fanny Soegi,-,7,2
2025-06-07,8,Birds Of A Feather,Billie Eilish,-,7,20
2025-06-07,9,Bottle Rockets,Scotty McCreery & Hootie & The Blowfish,-,9,1
2025-06-07,10,All I Can Say,Kali Uchis,-,10,1
2025-06-07,11,Ame,Christian Nodal,13,11,2
2025-06-07,12,Take My Hand,Matt Berry,-,12,2
2025-06-07,13,Amor,Achille Lauro,-,13,1
2025-06-07,14,Round Here,Florida Georgia Line,-,14,1
2025-06-07,15,Squabble Up,Kendrick Lamar,-,6,5
2025-06-07,16,"Silk Lingerie,",Kali Uchis,-,16,1
2025-06-07,17,Love In Portofino,Dalida,-,17,1
2025-06-07,18,Another Life,SZA,-,18,1
2025-06-07,19,Cud,IGO,-,19,1
2025-06-07,20,Me Gustas Tu,Manu Chao,-,20,1
2025-06-07,21,Don't You (Forget About Me),Simple Minds,-,21,1
2025-06-07,22,Watch me!,YOASOBI,16,15,4
2025-06-07,23,Situazione Complicata,Lucio Corsi,-,23,1
2025-06-07,24,ALV Cupido,Ysrael Barajas,-,24,1
2025-06-07,25,Yesterday Is Dead,Josiah Queen,-,25,1
2025-06-14,1,Luther,Kendrick Lamar & SZA,-,1,18
2025-06-14,2,Birds Of A Feather,Billie Eilish,8,2,21
2025-06-14,3,Mutt,Leon Thomas,-,3,6
2025-06-14,4,Nothing Else Matters,Metallica,-,4,3
2025-06-14,5,Thought It Was Love,Ty Myers,2,1,6
2025-06-14,6,I Lied To You,Miles Caton,-,5,3
2025-06-14,7,Happen To Me,Russell Dickerson,-,7,2
2025-06-14,8,Nokia,Drake,6,2,9
2025-06-14,9,Don't You (Forget About Me),Simple Minds,21,9,2
2025-06-14,10,Bottle Rockets,Scotty McCreery & Hootie & The Blowfish,9,9,2
2025-06-14,11,No Tiene Sentido,Beele,-,11,1
2025-06-14,12,Travelin',Buddy Guy,-,6,3
2025-06-14,13,That's So True,Gracie Abrams,-,1,16
2025-06-14,14,cumlelerim,TUANA,5,5,2
2025-06-14,15,Undressed,sombr,-,8,3
2025-06-14,16,Une Vie A T'aimer,"Lorien Testard, Alice Duport-Percier & Victor Borba",3,3,2
2025-06-14,17,Never Enough,Turnstile,-,17,1
2025-06-14,18,Back To Friends,sombr,-,6,5
2025-06-14,19,Lumiere,Lorien Testard & Alice Duport-Percier,-,19,1
2025-06-14,20,Abracadabra,Lady Gaga,-,1,8
2025-06-14,21,Rocky Road To Dublin,"Jack O'Connell, Brian Dunphy & Darren Holden",-,21,1
2025-06-14,22,Vibra Perfecta,Julion Alvarez y Su Norteno Banda,-,22,2
2025-06-14,23,Enter Sandman,Metallica,-,23,1
2025-06-14,24,Yo Siempre Contesto.,LATIN MAFIA,-,3,2
2025-06-14,25,Watch me!,YOASOBI,22,15,5
2025-06-21,1,God Only Knows,The Beach Boys,-,1,1
2025-06-21,2,cumlelerim,TUANA,14,2,3
2025-06-21,3,30 For 30,SZA With Kendrick Lamar,-,3,5
2025-06-21,4,I Lied To You,Miles Caton,6,4,4
2025-06-21,5,Sports Car,Tate McRae,-,5,9
2025-06-21,6,Your Way's Better,Forrest Frank,-,6,2
2025-06-21,7,Stargazing,Myles Smith,-,7,9
2025-06-21,8,Manchild,Sabrina Carpenter,-,8,1
2025-06-21,9,Stay Gold,Jax Jones & Ado,-,9,1
2025-06-21,10,Blossom,Who Cares Band,-,10,1
2025-06-21,11,Back To Me,The Marias,-,11,1
2025-06-21,12,Abracadabra,Lady Gaga,20,1,9
2025-06-21,13,Casablanca,Sentino & BNP,-,13,1
2025-06-21,14,Vita Spericolata,Vasco Rossi,-,14,1
2025-06-21,15,Type Dangerous,Mariah Carey,-,15,1
2025-06-21,16,BOYZ,SixTONES,-,16,1
2025-06-21,17,Catch These Fists,Wet Leg,-,17,2
2025-06-21,18,Kita Usahakan Lagi,Batas Senja,-,18,1
2025-06-21,19,Je t'accuse,Suzane,-,19,2
2025-06-21,20,Pag-ibig Ay Kanibalismo II,fitterkarma,-,20,1
2025-06-21,21,Sigarette,Lucio Corsi,-,21,1
2025-06-21,22,Watch me!,YOASOBI,25,15,6
2025-06-21,23,Lumiere,Lorien Testard & Alice Duport-Percier,19,19,2
2025-06-21,24,Persona Vitamina,Alvaro Garcia,-,24,1
2025-06-21,25,Undressed,sombr,15,8,4
2025-06-28,1,Sports Car,Tate McRae,5,1,10
2025-06-28,2,Stargazing,Myles Smith,7,2,10
2025-06-28,3,Diet Pepsi,Addison Rae,-,3,1
2025-06-28,4,Love Yourself,Justin Bieber,-,1,10
2025-06-28,5,I Can Do It With A Broken Heart,Taylor Swift,-,5,18
2025-06-28,6,Cupid,Fifty Fifty,-,3,23
2025-06-28,7,GPT,STAYC,-,7,1
2025-06-28,8,Fame Is A Gun,Addison Rae,-,8,1
2025-06-28,9,Apocalypse,BIBI,-,9,1
2025-06-28,10,Vampire,Olivia Rodrigo,-,1,14
2025-06-28,11,Lemon Drop,ATEEZ,-,11,1
2025-06-28,12,Debut,KATSEYE,-,12,1
2025-06-28,13,Wait On Me,KAI,-,13,1
2025-06-28,14,How Far Will We Take It?,Orville Peck With Noah Cyrus,-,14,1
2025-06-28,15,I Feel Good,BOYNEXTDOOR,-,15,1
2025-06-28,16,That's So True,Gracie Abrams,-,1,17
2025-06-28,17,Toxic Till The End,ROSE,-,17,3
2025-06-28,18,Man Made Of Meat,Viagra Boys,-,18,1
2025-06-28,19,Bad Desire (With Or Without You),ENHYPEN,-,19,1
2025-06-28,20,Killin' It Girl,J-Hope & GloRilla,-,20,1
2025-06-28,21,Hands Up,MEOVV,-,21,1
2025-06-28,22,Birds Of A Feather,Billie Eilish,-,2,22
2025-06-28,23,It's the Way You Make Me Feel,Steps,-,23,1
2025-06-28,24,I Guess I'm In Love,Clinton Kane,-,9,3
2025-06-28,25,Hurt,NewJeans,-,25,1
2025-07-05,1,Deslocado,NAPA,-,1,3
2025-07-05,2,El Vino de Tu Boca,Alejandro Sanz,-,2,1
2025-07-05,3,That's So True,Gracie Abrams,16,1,18
2025-07-05,4,Paradise,DJ Snake & Bipolar Sunshine,-,4,1
2025-07-05,5,Nettles,Ethel Cain,-,5,1
2025-07-05,6,With You,Davido Featuring Omah Lay,-,6,1
2025-07-05,7,Man Of The Year,Lorde,-,7,1
2025-07-05,8,Hammer,Lorde,-,8,1
2025-07-05,9,In The Name Of The Father,PRESIDENT,-,9,1
2025-07-05,10,Alles Wordt Beter,Emma Heesters,-,10,1
2025-07-05,11,Drive,Ed Sheeran,-,11,1
2025-07-05,12,No Tiene Sentido,Beele,-,11,2
2025-07-05,13,Siapa Menyangka,Glenn Samuel,-,13,1
2025-07-05,14,Blessings,Calvin Harris Featuring Clementine Douglas,-,14,1
2025-07-05,15,Killin' It Girl,J-Hope & GloRilla,20,15,2
2025-07-05,16,Hollywood,YG & Shoreline Mafia,-,16,1
2025-07-05,17,Las Tuyas,pablopablo,-,17,1
2025-07-05,18,Solo,Yame,-,18,1
2025-07-05,19,Undressed,sombr,-,8,5
2025-07-05,20,Red Velvet,Jutes With Ari Abdul,-,20,1
2025-07-05,21,Korero Maori,Marlon Williams,-,21,1
2025-07-05,22,Teach Me How To Love,Galdive,-,22,1
2025-07-05,23,Nobody New,The Marias,-,21,2
2025-07-05,24,Por Esos Ojos,Fuerza Regida,-,24,1
2025-07-05,25,Setareh Mishi,Behnam Bani,-,25,1
2025-07-12,1,Corazon Partío,Tito Double P,-,1,4
2025-07-12,2,Golden,"HUNTR/X: EJAE, Audrey Nuna & REI AMI",-,2,1
2025-07-12,3,Your Idol,"Saja Boys: Andrew Choi, Neckwav, Danny Chung, Kevin Woo & samUIL Lee",-,3,1
2025-07-12,4,Kahel Na Langit,Maki,-,4,1
2025-07-12,5,Happy Lucky Chappy,ano,-,5,1
2025-07-12,6,What It Sounds Like,"HUNTR/X: EJAE, Audrey Nuna & REI AMI",-,6,1
2025-07-12,7,Soda Pop,"Saja Boys: Andrew Choi, Neckwav, Danny Chung, Kevin Woo & samUIL Lee",-,7,1
2025-07-12,8,Amsterdam,Devito,-,8,1
2025-07-12,9,Have You Ever Seen The Rain,Creedence Clearwater Revival,-,1,3
2025-07-12,10,Lo Logre,Kane Rodriguez,-,10,1
2025-07-12,11,Friday I'm In Love,The Cure,-,11,1
2025-07-12,12,How It's Done,"HUNTR/X: EJAE, Audrey Nuna & REI AMI",-,12,1
2025-07-12,13,Multo,Cup Of Joe,-,13,1
2025-07-12,14,"Mama, I'm Coming Home",Ozzy Osbourne,-,14,1
2025-07-12,15,Pikiran Yang Matang,Perunggu,-,15,1
2025-07-12,16,Takedown,"HUNTR/X: EJAE, Audrey Nuna & REI AMI",-,16,1
2025-07-12,17,War Pigs / Luke's Wall,Black Sabbath,-,17,1
2025-07-12,18,Famous,ALLDAY PROJECT,-,18,1
2025-07-12,19,Paradise,DJ Snake & Bipolar Sunshine,4,4,2
2025-07-12,20,Planet Caravan,Black Sabbath,-,20,1
2025-07-12,21,"I Knew It, I Know You",Gracie Abrams,-,21,1
2025-07-12,22,Current Affairs,Lorde,-,22,1
2025-07-12,23,Perfect,Ed Sheeran,-,1,17
2025-07-12,24,El Dueno del Palenque,Panter Belico & Los Alegres del Barranco,-,24,1
2025-07-12,25,Unravelling,Muse,-,25,1
2025-07-19,1,"Mama, I'm Coming Home",Ozzy Osbourne,14,1,2
2025-07-19,2,Mirage,Creepy Nuts,-,2,1
2025-07-19,3,Changes,Black Sabbath,-,3,1
2025-07-19,4,Your Idol,"Saja Boys: Andrew Choi, Neckwav, Danny Chung, Kevin Woo & samUIL Lee",3,3,2
2025-07-19,5,War Pigs / Luke's Wall,Black Sabbath,17,5,2
2025-07-19,6,Soda Pop,"Saja Boys: Andrew Choi, Neckwav, Danny Chung, Kevin Woo & samUIL Lee",7,6,2
2025-07-19,7,Happy Lucky Chappy,ano,5,5,2
2025-07-19,8,Mr. Crowley,Ozzy Osbourne,-,8,1
2025-07-19,9,Paranoid,Black Sabbath,-,9,1
2025-07-19,10,The Farm,Haim,-,10,1
2025-07-19,11,How It's Done,"HUNTR/X: EJAE, Audrey Nuna & REI AMI",12,11,2
2025-07-19,12,FORGONE,Quadeca,-,12,1
2025-07-19,13,Welcome To The Jungle,Guns N' Roses,-,13,1
2025-07-19,14,I Lied To You,Miles Caton,-,4,5
2025-07-19,15,Jump,BLACKPINK,-,15,1
2025-07-19,16,In The Name Of The Father,PRESIDENT,-,9,2
2025-07-19,17,Symptom Of The Universe,Black Sabbath,-,17,1
2025-07-19,18,What Did I Miss?,Drake,-,18,1
2025-07-19,19,CPR,Wet Leg,-,19,1
2025-07-19,20,Lo Logre,Kane Rodriguez,10,10,2
2025-07-19,21,"Sabbath, Bloody Sabbath",Black Sabbath,-,21,1
2025-07-19,22,Rock That Body,The Black Eyed Peas,-,22,1
2025-07-19,23,I Care,Turnstile,-,23,1
2025-07-19,24,Stare at Me,JANE HANDCOCK & Anderson .Paak,-,24,1
2025-07-19,25,N.I.B.,Black Sabbath,-,25,1
2025-07-26,1,Yukon,Justin Bieber,-,1,1
2025-07-26,2,Daisies,Justin Bieber,-,2,1
2025-07-26,3,Hitorigotsu,HACHIWARE,-,3,1
2025-07-26,4,That's So True,Gracie Abrams,-,1,19
2025-07-26,5,Sparks,Coldplay,-,5,1
2025-07-26,6,Your Idol,"Saja Boys: Andrew Choi, Neckwav, Danny Chung, Kevin Woo & samUIL Lee",4,3,3
2025-07-26,7,Nokia,Drake,-,2,10
2025-07-26,8,Soda Pop,"Saja Boys: Andrew Choi, Neckwav, Danny Chung, Kevin Woo & samUIL Lee",6,6,3
2025-07-26,9,Top Diesel,Beele,-,9,1
2025-07-26,10,Go Baby,Justin Bieber,-,10,1
2025-07-26,11,Walking Away,Justin Bieber,-,11,1
2025-07-26,12,Deslocado,NAPA,-,1,4
2025-07-26,13,I Lied To You,Miles Caton,14,4,6
2025-07-26,14,Golden,"HUNTR/X: EJAE, Audrey Nuna & REI AMI",-,2,2
2025-07-26,15,Saranggola,Ben&Ben,-,15,1
2025-07-26,16,Takedown,"HUNTR/X: EJAE, Audrey Nuna & REI AMI",-,16,2
2025-07-26,17,Burning Blue,Mariah The Scientist,-,17,1
2025-07-26,18,Stare at Me,JANE HANDCOCK & Anderson .Paak,24,18,2
2025-07-26,19,Way It Is,Justin Bieber & Gunna,-,19,1
2025-07-26,20,All I Can Take,Justin Bieber,-,20,1
2025-07-26,21,Devotion,Justin Bieber & Dijon,-,21,1
2025-07-26,22,Party 4 U,Charli xcx,-,22,1
2025-07-26,23,Holy Blindfold,Chris Brown,-,23,1
2025-07-26,24,Loosen Up,HUGEL X Dawty Featuring Preston Harris,-,24,1
2025-07-26,25,El Vino de Tu Boca,Alejandro Sanz,-,2,2
2025-08-02,1,"Mama, I'm Coming Home",Ozzy Osbourne,-,1,3
2025-08-02,2,Paranoid,Black Sabbath,-,2,2
2025-08-02,3,Changes,Black Sabbath,-,3,2
2025-08-02,4,War Pigs / Luke's Wall,Black Sabbath,-,4,3
2025-08-02,5,Iron Man,Black Sabbath,-,5,1
2025-08-02,6,Crazy Train,Ozzy Osbourne,-,6,1
2025-08-02,7,Back To Friends,sombr,-,6,6
2025-08-02,8,No More Tears,Ozzy Osbourne,-,8,1
2025-08-02,9,Bark At The Moon,Ozzy Osbourne,-,9,1
2025-08-02,10,See You On The Other Side,Ozzy Osbourne,-,10,1
2025-08-02,11,Children Of The Grave,Black Sabbath,-,11,1
2025-08-02,12,Golden,"HUNTR/X: EJAE, Audrey Nuna & REI AMI",14,2,3
2025-08-02,13,Soda Pop,"Saja Boys: Andrew Choi, Neckwav, Danny Chung, Kevin Woo & samUIL Lee",8,6,4
2025-08-02,14,Ego,Devito,-,14,1
2025-08-02,15,Anything,Davido,-,15,1
2025-08-02,16,Your Idol,"Saja Boys: Andrew Choi, Neckwav, Danny Chung, Kevin Woo & samUIL Lee",6,3,4
2025-08-02,17,FORGONE,Quadeca,-,12,2
2025-08-02,18,How It's Done,"HUNTR/X: EJAE, Audrey Nuna & REI AMI",-,11,3
2025-08-02,19,The Final Countdown 2025,David Guetta / Hypaton / Europe,-,4,3
2025-08-02,20,Liquidize,Wet Leg,-,20,1
2025-08-02,21,About You,The 1975,-,21,1
2025-08-02,22,Pobre Ex-Namorado,Vizinhos,-,22,1
2025-08-02,23,Miami,Odeal & Leon Thomas,-,23,1
2025-08-02,24,Hard To Love,Coleman Lane & Zach Smith,-,24,1
2025-08-02,25,Saikai,VAUNDY,-,25,1
2025-08-09,1,Sugar On My Tongue,"Tyler, The Creator",-,1,1
2025-08-09,2,Ansiedad,Grupo Arriesgado,-,2,3
2025-08-09,3,Back To Friends,sombr,7,3,7
2025-08-09,4,What An Awesome God,Phil Wickham,-,4,1
2025-08-09,5,Happy Lucky Chappy,ano,-,5,3
2025-08-09,6,Head Over Heels,Jenevieve,-,6,1
2025-08-09,7,Lila Aleli,Silvana Estrada,-,7,1
2025-08-09,8,Burning Blue,Mariah The Scientist,-,8,2
2025-08-09,9,Ring Ring Ring,"Tyler, The Creator",-,9,1
2025-08-09,10,Golden,"HUNTR/X: EJAE, Audrey Nuna & REI AMI",12,2,4
2025-08-09,11,Amor,Achille Lauro,-,11,2
2025-08-09,12,Love,Burna Boy,-,12,1
2025-08-09,13,Which One,Drake & Central Cee,-,13,1
2025-08-09,14,Nada Nada,Jmilton & MC Jhey,-,14,1
2025-08-09,15,Ace Trumpets,Clipse,-,15,1
2025-08-09,16,Paraiso,Ludmilla,-,16,1
2025-08-09,17,Takedown,"HUNTR/X: EJAE, Audrey Nuna & REI AMI",-,16,3
2025-08-09,18,Changes,Black Sabbath,3,3,3
2025-08-09,19,The Birds Don't Sing,Clipse Featuring John Legend & Voices Of Fire,-,19,1
2025-08-09,20,Black Sabbath,Black Sabbath,-,20,1
2025-08-09,21,Back In The Saddle,Luke Combs,-,21,1
2025-08-09,22,Pobre Ex-Namorado,Vizinhos,22,22,2
2025-08-09,23,Teach Me How To Love,Galdive,-,22,2
2025-08-09,24,I Adore You,HUGEL X Topic X Arash Featuring Daecolm,-,24,1
2025-08-09,25,Undressed,sombr,-,8,6
2025-08-16,1,"Mama, I'm Coming Home",Ozzy Osbourne,-,1,4
2025-08-16,2,The Subway,Chappell Roan,-,2,1
2025-08-16,3,Sugar On My Tongue,"Tyler, The Creator",1,1,2
2025-08-16,4,cumlelerim,TUANA,-,2,4
2025-08-16,5,Ring Ring Ring,"Tyler, The Creator",9,5,2
2025-08-16,6,Ansiedad,Grupo Arriesgado,2,2,4
2025-08-16,7,Luther,Kendrick Lamar & SZA,-,1,19
2025-08-16,8,Mutt,Leon Thomas,-,3,7
2025-08-16,9,Siapa Menyangka,Glenn Samuel,-,9,2
2025-08-16,10,Your Idol,"Saja Boys: Andrew Choi, Neckwav, Danny Chung, Kevin Woo & samUIL Lee",-,3,5
2025-08-16,11,Soda Pop,"Saja Boys: Andrew Choi, Neckwav, Danny Chung, Kevin Woo & samUIL Lee",-,6,5
2025-08-16,12,Back To Friends,sombr,3,3,8
2025-08-16,13,Paranoid,Black Sabbath,-,2,3
2025-08-16,14,Burning Blue,Mariah The Scientist,8,8,3
2025-08-16,15,Iron Man,Black Sabbath,-,5,2
2025-08-16,16,Golden,"HUNTR/X: EJAE, Audrey Nuna & REI AMI",10,2,5
2025-08-16,17,Saikai,VAUNDY,-,17,2
2025-08-16,18,What Did I Miss?,Drake,-,18,2
2025-08-16,19,Happy Lucky Chappy,ano,5,5,4
2025-08-16,20,Lo Logre,Kane Rodriguez,-,10,3
2025-08-16,21,Ayayay,Jorge Cuellar,-,21,1
2025-08-16,22,El Vino de Tu Boca,Alejandro Sanz,-,2,3
2025-08-16,23,Nettles,Ethel Cain,-,5,2
2025-08-16,24,Por do Sol,Vizinhos,-,9,2
2025-08-16,25,Undressed,sombr,25,8,7
2025-08-23,1,The Subway,Chappell Roan,2,1,2
2025-08-23,2,Yellow,Coldplay,-,1,8
2025-08-23,3,Detras de Tu Alma,Mora,-,3,1
2025-08-23,4,Your Idol,"Saja Boys: Andrew Choi, Neckwav, Danny Chung, Kevin Woo & samUIL Lee",10,3,6
2025-08-23,5,Soda Pop,"Saja Boys: Andrew Choi, Neckwav, Danny Chung, Kevin Woo & samUIL Lee",11,5,6
2025-08-23,6,Crystalline Echo,TENBLANK,-,6,1
2025-08-23,7,Golden,"HUNTR/X: EJAE, Audrey Nuna & REI AMI",16,2,6
2025-08-23,8,Ring Ring Ring,"Tyler, The Creator",5,5,3
2025-08-23,9,Nettles,Ethel Cain,23,5,3
2025-08-23,10,Mirage,Creepy Nuts,-,2,2
2025-08-23,11,Thought It Was Love,Ty Myers,-,1,7
2025-08-23,12,Insuperable,Luis Vega,-,12,1
2025-08-23,13,Nang Duoi Chan May,NGUYEN HUU KHA,-,13,1
2025-08-23,14,Tratamente,Babasha,-,14,1
2025-08-23,15,Typical Ways,Culture Wars,-,15,1
2025-08-23,16,Water At A Wedding,Greylan James,-,16,1
2025-08-23,17,Garasu No Sen,Tele,-,17,1
2025-08-23,18,Por Sus Besos,Tito Double P,-,18,1
2025-08-23,19,How It's Done,"HUNTR/X: EJAE, Audrey Nuna & REI AMI",-,11,4
2025-08-23,20,Por do Sol,Vizinhos,24,9,3
2025-08-23,21,Chica de Cristal,Judeline,-,21,1
2025-08-23,22,Charger,"TRIANGLE DES BERMUDES Featuring MC YOSHI, Mauvais djo & Kokosvoice",-,22,1
2025-08-23,23,Burning Blue,Mariah The Scientist,14,8,4
2025-08-23,24,Lonesome Is A State of Mind,Djo,-,24,1
2025-08-23,25,Nothing I Need,Lord Huron,-,25,1
2025-08-30,1,Yellow,Coldplay,2,1,9
2025-08-30,2,The Subway,Chappell Roan,1,1,3
2025-08-30,3,Toi Et Moi,JUL,-,3,1
2025-08-30,4,Deslocado,NAPA,-,1,5
2025-08-30,5,Your Idol,"Saja Boys: Andrew Choi, Neckwav, Danny Chung, Kevin Woo & samUIL Lee",4,3,7
2025-08-30,6,Garasu No Sen,Tele,17,6,2
2025-08-30,7,Have You Ever Seen The Rain,Creedence Clearwater Revival,-,1,4
2025-08-30,8,Glum,Hayley Williams,-,8,1
2025-08-30,9,Soda Pop,"Saja Boys: Andrew Choi, Neckwav, Danny Chung, Kevin Woo & samUIL Lee",5,5,7
2025-08-30,10,Stare at Me,JANE HANDCOCK & Anderson .Paak,-,10,3
2025-08-30,11,Between Two Points,David Gilmour,-,11,1
2025-08-30,12,That's So True,Gracie Abrams,-,1,20
2025-08-30,13,Undressed,sombr,-,8,8
2025-08-30,14,Ego Death At A Bachelorette Party,Hayley Williams,-,14,1
2025-08-30,15,No Broke Boys,Disco Lines & Tinashe,-,15,1
2025-08-30,16,Wholeheartedly,"JID, Ty Dolla $ign & 6LACK",-,16,1
2025-08-30,17,Ojitos Mentirosos,Chino Pacas,-,17,1
2025-08-30,18,Crystalline Echo,TENBLANK,6,6,2
2025-08-30,19,Golden,"HUNTR/X: EJAE, Audrey Nuna & REI AMI",7,2,7
2025-08-30,20,Te Juro Que Te Amo,Eden Munoz,-,20,1
2025-08-30,21,Man I Need,Olivia Dean,-,21,1
2025-08-30,22,Lo Logre,Kane Rodriguez,-,10,4
2025-08-30,23,Ensenada,Sublime,-,23,1
2025-08-30,24,11:21,Wet Leg,-,24,1
2025-08-30,25,Tears Fall Into Red Wine...,Brandy Senki,-,25,1
2025-09-06,1,Golden,"HUNTR/X: EJAE, Audrey Nuna & REI AMI",19,1,8
2025-09-06,2,How It's Done,"HUNTR/X: EJAE, Audrey Nuna & REI AMI",-,2,5
2025-09-06,3,Your Idol,"Saja Boys: Andrew Choi, Neckwav, Danny Chung, Kevin Woo & samUIL Lee",5,3,8
2025-09-06,4,Yellow,Coldplay,1,1,10
2025-09-06,5,Pink Pony Club,Chappell Roan,-,3,9
2025-09-06,6,If Only,Dove Cameron,-,6,1
2025-09-06,7,Soda Pop,"Saja Boys: Andrew Choi, Neckwav, Danny Chung, Kevin Woo & samUIL Lee",9,5,8
2025-09-06,8,The Subway,Chappell Roan,2,1,4
2025-09-06,9,Have You Ever Seen The Rain,Creedence Clearwater Revival,7,1,5
2025-09-06,10,Viva La Vida,Coldplay,-,2,8
2025-09-06,11,You're Still The One,Shania Twain,-,11,2
2025-09-06,12,The Scientist,Coldplay,-,12,4
2025-09-06,13,Toi Et Moi,JUL,3,3,2
2025-09-06,14,Deslocado,NAPA,4,1,6
2025-09-06,15,That's So True,Gracie Abrams,12,1,21
2025-09-06,16,Undressed,sombr,13,8,9
2025-09-06,17,Crazier,BoA,-,17,1
2025-09-06,18,Whiplash,Aespa,-,18,1
2025-09-06,19,Luther,Kendrick Lamar & SZA,-,1,20
2025-09-06,20,Takedown,"HUNTR/X: EJAE, Audrey Nuna & REI AMI",-,16,4
2025-09-06,21,Fix You,Coldplay,-,1,7
2025-09-06,22,Born In The U.S.A.,Bruce Springsteen,-,19,2
2025-09-06,23,Sparks,Coldplay,-,5,2
2025-09-06,24,Your Way's Better,Forrest Frank,-,6,3
2025-09-06,25,"Mama, I'm Coming Home",Ozzy Osbourne,-,1,5
2025-09-13,1,Hymne,Tobias Sten,-,1,1
2025-09-13,2,cumlelerim,TUANA,-,2,5
2025-09-13,3,Yellow,Coldplay,4,1,11
2025-09-13,4,AMO,510 & Fanny Soegi,-,4,3
2025-09-13,5,Whiskey Roll,Cammy Barnes,-,5,1
2025-09-13,6,Corazon,Danny Ocean,-,6,1
2025-09-13,7,Deslocado,NAPA,14,1,7
2025-09-13,8,Golden,"HUNTR/X: EJAE, Audrey Nuna & REI AMI",1,1,9
2025-09-13,9,Your Idol,"Saja Boys: Andrew Choi, Neckwav, Danny Chung, Kevin Woo & samUIL Lee",3,3,9
2025-09-13,10,Tears,Sabrina Carpenter,-,10,1
2025-09-13,11,God's Plan,Drake,-,1,15
2025-09-13,12,A Dog Song,AJR,-,12,1
2025-09-13,13,That's So True,Gracie Abrams,15,1,22
2025-09-13,14,Not At This Party,Dasha,-,14,1
2025-09-13,15,Amarte Duele,Ysrael Barajas,-,15,1
2025-09-13,16,I'm Sorry You Went Crazy,AJR,-,16,1
2025-09-13,17,Bottle Rockets,Scotty McCreery & Hootie & The Blowfish,-,9,3
2025-09-13,18,Paradise,Coldplay,-,18,2
2025-09-13,19,DaiDaiDaiDaiDaikirai,Amala,-,19,1
2025-09-13,20,One Man Circus,Madilyn Mei,-,20,1
2025-09-13,21,Gold,Myles Smith,-,21,1
2025-09-13,22,Man I Need,Olivia Dean,-,21,2
2025-09-13,23,Folded,Kehlani,-,23,1
2025-09-13,24,Burning Blue,Mariah The Scientist,-,8,5
2025-09-13,25,Community,JID & Clipse,-,25,1
2025-09-20,1,Yellow,Coldplay,3,1,12
2025-09-20,2,Bottle Rockets,Scotty McCreery & Hootie & The Blowfish,17,2,4
2025-09-20,3,The Logical Song,Supertramp,-,3,1
2025-09-20,4,The King Is In The Room,Phil Wickham,-,4,1
2025-09-20,5,Goodbye Stranger,Supertramp,-,5,1
2025-09-20,6,Deslocado,NAPA,7,1,8
2025-09-20,7,Still,Crowder,-,7,1
2025-09-20,8,Viva La Vida,Coldplay,-,2,9
2025-09-20,9,No Te Vayas Sin Saber,Silvana Estrada,-,9,1
2025-09-20,10,Infeliz,Bohemio,-,10,1
2025-09-20,11,Downstream,Supertramp,-,11,1
2025-09-20,12,Golden,"HUNTR/X: EJAE, Audrey Nuna & REI AMI",8,1,10
2025-09-20,13,Breakfast In America,Supertramp,-,13,1
2025-09-20,14,Ansiedad,Grupo Arriesgado,-,2,5
2025-09-20,15,les avions,marguerite,-,15,1
2025-09-20,16,cumlelerim,TUANA,2,2,6
2025-09-20,17,One & Only,Soulidified,-,17,1
2025-09-20,18,Birds,Turnstile,-,18,1
2025-09-20,19,Merindumu lagi,Khifnu,-,19,1
2025-09-20,20,The Dead Dance,Lady Gaga,-,20,1
2025-09-20,21,Toi Et Moi,JUL,-,3,3
2025-09-20,22,Parachute,Hayley Williams,-,22,1
2025-09-20,23,Your Idol,"Saja Boys: Andrew Choi, Neckwav, Danny Chung, Kevin Woo & samUIL Lee",9,3,10
2025-09-20,24,Downstairs,Matt Maeson,-,24,1
2025-09-20,25,That's So True,Gracie Abrams,13,1,23
2025-09-27,1,Perfect,Ed Sheeran,-,1,18
2025-09-27,2,Romantic Homicide,d4vd,-,2,1
2025-09-27,3,Golden,"HUNTR/X: EJAE, Audrey Nuna & REI AMI",12,1,11
2025-09-27,4,Shiny,Easykid,-,4,1
2025-09-27,5,Have You Ever Seen The Rain,Creedence Clearwater Revival,-,1,6
2025-09-27,6,Perde,Poizi,-,6,1
2025-09-27,7,How It's Done,"HUNTR/X: EJAE, Audrey Nuna & REI AMI",-,2,6
2025-09-27,8,Your Idol,"Saja Boys: Andrew Choi, Neckwav, Danny Chung, Kevin Woo & samUIL Lee",23,3,11
2025-09-27,9,Between Two Points,David Gilmour,-,9,2
2025-09-27,10,I See Fire,Ed Sheeran,-,10,1
2025-09-27,11,Man I Need,Olivia Dean,-,11,3
2025-09-27,12,Takedown,"HUNTR/X: EJAE, Audrey Nuna & REI AMI",-,12,5
2025-09-27,13,Elohim,Bethel Music & Aubree Archibeck,-,13,1
2025-09-27,14,"No Rain, No Flowers",The Black Keys,-,14,1
2025-09-27,15,Soda Pop,"Saja Boys: Andrew Choi, Neckwav, Danny Chung, Kevin Woo & samUIL Lee",-,5,9
2025-09-27,16,El Vino de Tu Boca,Alejandro Sanz,-,2,4
2025-09-27,17,Corazon,Danny Ocean,-,6,2
2025-09-27,18,Take Me Thru Dere,"Metro Boomin , Quavo , Breskii & YKNIECE",-,18,1
2025-09-27,19,Countryside,"Blood Orange Featuring Eva Tolkin, Liam Benzvi & Ian Isiah",-,19,1
2025-09-27,20,Closing Night,The Weeknd,-,20,1
2025-09-27,21,Shape Of You,Ed Sheeran,-,1,15
2025-09-27,22,Ring Ring Ring,"Tyler, The Creator",-,5,4
2025-09-27,23,Last Time (I Seen The Sun),Alice Smith & Miles Caton,-,1,2
2025-09-27,24,True Believer,Biffy Clyro,-,24,1
2025-09-27,25,Heavy Foot,Mon Rovia,-,25,1
2025-10-04,1,XOXZ,IVE,-,1,1
2025-10-04,2,Folded,Kehlani,-,2,2
2025-10-04,3,Lose My Mind,Don Toliver Featuring Doja Cat,-,3,1
2025-10-04,4,Your Idol,"Saja Boys: Andrew Choi, Neckwav, Danny Chung, Kevin Woo & samUIL Lee",8,3,12
2025-10-04,5,The Subway,Chappell Roan,-,1,5
2025-10-04,6,Ceremony,Stray Kids,-,6,1
2025-10-04,7,Undressed,sombr,-,7,10
2025-10-04,8,Hot Sauce,BABYMONSTER,-,8,1
2025-10-04,9,Shape Of You,Ed Sheeran,21,1,16
2025-10-04,10,Soda Pop,"Saja Boys: Andrew Choi, Neckwav, Danny Chung, Kevin Woo & samUIL Lee",15,5,10
2025-10-04,11,Jealous Type,Doja Cat,-,11,1
2025-10-04,12,What It Sounds Like,"HUNTR/X: EJAE, Audrey Nuna & REI AMI",-,6,2
2025-10-04,13,Bad Romance,Lady Gaga,-,7,2
2025-10-04,14,The Dead Dance,Lady Gaga,-,14,2
2025-10-04,15,Back To Friends,sombr,-,3,9
2025-10-04,16,Man I Need,Olivia Dean,11,11,4
2025-10-04,17,GO!,CORTIS,-,17,1
2025-10-04,18,Here With Me,d4vd,-,4,5
2025-10-04,19,Camera,Ed Sheeran,-,19,1
2025-10-04,20,Perde,Poizi,6,6,2
2025-10-04,21,Marlboro Rojo,Fuerza Regida,-,21,1
2025-10-04,22,Air Force I,LeJuh,-,22,1
2025-10-04,23,2 Pair,Kane Brown,-,23,1
2025-10-04,24,Yes It Is,Leon Thomas,-,24,1
2025-10-04,25,Thinking Out Loud,Ed Sheeran,-,22,2
2025-10-11,1,I Know A Name,"Elevation Worship , Chris Brown & Brandon Lake",-,1,1
2025-10-11,2,Your Way's Better,Forrest Frank,-,2,4
2025-10-11,3,Mighty Name Of Jesus,Hope Darst,-,3,1
2025-10-11,4,Can't Steal My Joy,Josiah Queen X Brandon Lake,-,4,1
2025-10-11,5,Jesus Loves,Zach Williams,-,5,1
2025-10-11,6,Let The Church Sing,Tauren Wells,-,6,1
2025-10-11,7,Come Jesus Come,CeCe Winans,-,7,1
2025-10-11,8,Honest,Leanna Crawford,-,8,1
2025-10-11,9,Breakdown,Andrew Ripp,-,9,1
2025-10-11,10,Sugar On My Tongue,"Tyler, The Creator",-,1,3
2025-10-11,11,How Good It Is,Chris Tomlin,-,11,1
2025-10-11,12,Still,Crowder,-,7,2
2025-10-11,13,I Made It,CAIN,-,13,1
2025-10-11,14,Folded,Kehlani,2,2,3
2025-10-11,15,Your Idol,"Saja Boys: Andrew Choi, Neckwav, Danny Chung, Kevin Woo & samUIL Lee",4,3,13
2025-10-11,16,Soda Pop,"Saja Boys: Andrew Choi, Neckwav, Danny Chung, Kevin Woo & samUIL Lee",10,5,11
2025-10-11,17,Jealous Type,Doja Cat,11,11,2
2025-10-11,18,The Dead Dance,Lady Gaga,14,14,3
2025-10-11,19,Back To Friends,sombr,15,3,10
2025-10-11,20,Man I Need,Olivia Dean,16,11,5
2025-10-11,21,Camera,Ed Sheeran,19,19,2
2025-10-11,22,Perde,Poizi,20,6,3
2025-10-11,23,Residuals,Chris Brown,-,2,6
2025-10-11,24,Have You Ever Seen The Rain,Creedence Clearwater Revival,-,1,7
2025-10-11,25,Luther,Kendrick Lamar & SZA,-,1,21
2025-10-18,1,The Fate Of Ophelia,Taylor Swift,-,1,1
2025-10-18,2,Sugar On My Tongue,"Tyler, The Creator",10,1,4
2025-10-18,3,Golden,"HUNTR/X: EJAE, Audrey Nuna & REI AMI",-,1,12
2025-10-18,4,Hide And Seek,PLAVE,-,4,1
2025-10-18,5,GO!,CORTIS,-,5,2
2025-10-18,6,Takedown,"HUNTR/X: EJAE, Audrey Nuna & REI AMI",-,6,6
2025-10-18,7,Ex,P1Harmony,-,7,1
2025-10-18,8,Tit For Tat,Tate McRae,-,8,1
2025-10-18,9,What It Sounds Like,"HUNTR/X: EJAE, Audrey Nuna & REI AMI",-,6,3
2025-10-18,10,Doot Doot,Skrilla,-,10,1
2025-10-18,11,Somebody's Watching Me,Rockwell,-,11,5
2025-10-18,12,Thriller,Michael Jackson,-,1,5
2025-10-18,13,Everything U Are,Hindia,-,13,1
2025-10-18,14,Wood,Taylor Swift,-,14,1
2025-10-18,15,Passo Bem Solto,ATLXS,-,15,1
2025-10-18,16,Back In The Saddle,Luke Combs,-,16,2
2025-10-18,17,Exes,Tate McRae,-,17,4
2025-10-18,18,"Good Luck, Babe!",Chappell Roan,-,1,15
2025-10-18,19,Iris Out,Kenshi Yonezu,-,19,1
2025-10-18,20,Folded,Kehlani,14,2,4
2025-10-18,21,Fable,Gigi Perez,-,21,1
2025-10-18,22,I Made It,CAIN,13,13,2
2025-10-18,23,"At The Beach, In Every Life",Gigi Perez,-,23,1
2025-10-18,24,FE!N,Travis Scott Featuring Playboi Carti,-,9,3
2025-10-18,25,OWA OWA,Lil Tecca,-,25,1
2025-10-25,1,The Fate Of Ophelia,Taylor Swift,1,1,2
2025-10-25,2,Untitled (How Does It Feel),D'Angelo,-,2,1
2025-10-25,3,I've Just Seen Too Much,Big Daddy Weave,-,3,1
2025-10-25,4,Won't Start Now,Seph Schlueter,-,4,1
2025-10-25,5,Left It In The River,Jamie MacDonald,-,5,1
2025-10-25,6,Africa,D'Angelo,-,6,1
2025-10-25,7,Deslocado,NAPA,-,1,9
2025-10-25,8,Folded,Kehlani,20,2,5
2025-10-25,9,Soda Pop,"Saja Boys: Andrew Choi, Neckwav, Danny Chung, Kevin Woo & samUIL Lee",-,5,12
2025-10-25,10,Lady,D'Angelo,-,10,1
2025-10-25,11,Golden,"HUNTR/X: EJAE, Audrey Nuna & REI AMI",3,1,13
2025-10-25,12,Your Idol,"Saja Boys: Andrew Choi, Neckwav, Danny Chung, Kevin Woo & samUIL Lee",-,3,14
2025-10-25,13,Solare,Esperon,-,13,1
2025-10-25,14,"Shit, Damn, Motherfucker",D'Angelo,-,14,1
2025-10-25,15,Sienna,The Marias,-,15,1
2025-10-25,16,When We Get By,D'Angelo,-,16,1
2025-10-25,17,Spanish Joint,D'Angelo,-,17,1
2025-10-25,18,I Found My Smile Again,D'Angelo,-,18,1
2025-10-25,19,Feel Like Makin' Love,D'Angelo,-,19,1
2025-10-25,20,1991,Derik Fein,-,20,1
2025-10-25,21,Vino y Cemento,Taburete,-,21,1
2025-10-25,22,How It's Done,"HUNTR/X: EJAE, Audrey Nuna & REI AMI",-,2,7
2025-10-25,23,No Te Vayas Sin Saber,Silvana Estrada,-,9,2
2025-10-25,24,Au Pays Du Cocaine,Geese,-,24,1
2025-10-25,25,Left & Right,D'Angelo Featuring Method Man And Redman,-,25,1
2025-11-01,1,The Fate Of Ophelia,Taylor Swift,1,1,3
2025-11-01,2,TAK TAK TAK,Lvbel C5,-,2,1
2025-11-01,3,Soda Pop,"Saja Boys: Andrew Choi, Neckwav, Danny Chung, Kevin Woo & samUIL Lee",9,3,13
2025-11-01,4,Iris Out,Kenshi Yonezu,-,4,2
2025-11-01,5,Folded,Kehlani,8,2,6
2025-11-01,6,Back In The Saddle,Luke Combs,-,6,3
2025-11-01,7,Jealous Type,Doja Cat,-,7,3
2025-11-01,8,Golden,"HUNTR/X: EJAE, Audrey Nuna & REI AMI",11,1,14
2025-11-01,9,Back To Friends,sombr,-,3,11
2025-11-01,10,Opalite,Taylor Swift,-,10,1
2025-11-01,11,Dracula,Tame Impala & JENNIE,-,11,1
2025-11-01,12,Man I Need,Olivia Dean,-,11,6
2025-11-01,13,The Dead Dance,Lady Gaga,-,13,4
2025-11-01,14,Dorada,"HUNTR/X: Azul Botticher, Karin Zavala & Tatul Bernodat",-,14,1
2025-11-01,15,How It's Done,"HUNTR/X: EJAE, Audrey Nuna & REI AMI",22,2,8
2025-11-01,16,Takedown,"HUNTR/X: EJAE, Audrey Nuna & REI AMI",-,6,7
2025-11-01,17,Your Idol,"Saja Boys: Andrew Choi, Neckwav, Danny Chung, Kevin Woo & samUIL Lee",12,3,15
2025-11-01,18,Bad Romance,Lady Gaga,-,7,3
2025-11-01,19,Jane Doe,Kenshi Yonezu & Hikaru Utada,-,19,1
2025-11-01,20,Heads Will Roll,Yeah Yeah Yeahs,-,20,1
2025-11-01,21,Just How You Are,Leon Thomas,-,21,1
2025-11-01,22,Undressed,sombr,-,7,11
2025-11-01,23,The Subway,Chappell Roan,-,1,6
2025-11-01,24,Me Ama,John Dias,-,24,1
2025-11-01,25,Returning To Myself,Brandi Carlile,-,25,1
2025-11-08,1,The Fate Of Ophelia,Taylor Swift,1,1,4
2025-11-08,2,Still,Crowder,-,2,3
2025-11-08,3,Won't Start Now,Seph Schlueter,-,3,2
2025-11-08,4,Colors,Jake Llaguno,-,4,1
2025-11-08,5,Dos Pies Izquierdos,Liz Grimaldo,-,5,1
2025-11-08,6,Pag-ibig Ay Kanibalismo II,fitterkarma,-,6,2
2025-11-08,7,Monster Mash,"Bobby ""Boris"" Pickett And The Crypt-Kickers",-,3,4
2025-11-08,8,How Was I supposed to Know?,Xania Monet,-,8,1
2025-11-08,9,Au Pays Du Cocaine,Geese,-,9,2
2025-11-08,10,Ghostbusters,Ray Parker Jr.,-,4,4
2025-11-08,11,The Story Of The Wind And I,Ado,-,11,1
2025-11-08,12,My Muse,Leon Thomas,-,12,1
2025-11-08,13,Stingy,JANE HANDCOCK,-,13,1
2025-11-08,14,Rain...,Queen Naija,-,14,1
2025-11-08,15,This Is Halloween,The Citizens of Halloween,-,6,2
2025-11-08,16,Good Things,"Paul McClure , Hannah McClure & Bethel Music",-,16,1
2025-11-08,17,pis'mó,tewiq,-,17,1
2025-11-08,18,Tonight We Must Be Warriors,Avatar,-,18,1
2025-11-08,19,Algorism,Babymetal,-,19,1
2025-11-08,20,Sonriele,DY,-,20,1
2025-11-08,21,Ice In My OJ,Hayley Williams,-,21,1
2025-11-08,22,Somebody's Watching Me,Rockwell,-,11,6
2025-11-08,23,Hilton Hotel Barca,Nucci,-,23,1
2025-11-08,24,Berghain,"ROSALIA, Bjork & Yves Tumor",-,24,1
2025-11-08,25,Jane Doe,Kenshi Yonezu & Hikaru Utada,19,19,2
2025-11-15,1,Golden,"HUNTR/X: EJAE, Audrey Nuna & REI AMI",-,1,15
2025-11-15,2,What's Up?,4 Non Blondes,-,2,2
2025-11-15,3,Soda Pop,"Saja Boys: Andrew Choi, Neckwav, Danny Chung, Kevin Woo & samUIL Lee",-,3,14
2025-11-15,4,The Fate Of Ophelia,Taylor Swift,1,1,5
2025-11-15,5,Your Idol,"Saja Boys: Andrew Choi, Neckwav, Danny Chung, Kevin Woo & samUIL Lee",-,3,16
2025-11-15,6,How It's Done,"HUNTR/X: EJAE, Audrey Nuna & REI AMI",-,2,9
2025-11-15,7,Gabriela,KATSEYE,-,7,1
2025-11-15,8,Gala,XG,-,8,1
2025-11-15,9,Back To Friends,sombr,-,3,12
2025-11-15,10,Tit For Tat,Tate McRae,-,8,2
2025-11-15,11,Takedown,"HUNTR/X: EJAE, Audrey Nuna & REI AMI",-,6,8
2025-11-15,12,Mantra,JENNIE,-,12,2
2025-11-15,13,Sailor Song,Gigi Perez,-,3,8
2025-11-15,14,Revolving Door,Tate McRae,-,14,1
2025-11-15,15,Doot Doot,Skrilla,-,10,2
2025-11-15,16,I've Just Seen Too Much,Big Daddy Weave,-,3,2
2025-11-15,17,Man I Need,Olivia Dean,-,11,7
2025-11-15,18,Takedown,"JEONGYEON, JIHYO & CHAEYOUNG Of TWICE",-,18,1
2025-11-15,19,That's So True,Gracie Abrams,-,1,24
2025-11-15,20,Folded,Kehlani,-,2,7
2025-11-15,21,Your Way's Better,Forrest Frank,-,2,5
2025-11-15,22,Wildflower,Billie Eilish,-,13,2
2025-11-15,23,Undressed,sombr,-,7,12
2025-11-15,24,Seven Nation Army,The White Stripes,-,24,1
2025-11-15,25,Can't Steal My Joy,Josiah Queen X Brandon Lake,-,4,2
2025-11-22,1,Golden,"HUNTR/X: EJAE, Audrey Nuna & REI AMI",1,1,16
2025-11-22,2,Revolving Door,Tate McRae,14,2,2
2025-11-22,3,The Fate Of Ophelia,Taylor Swift,4,1,6
2025-11-22,4,Back To Friends,sombr,9,3,13
2025-11-22,5,Hot Sauce,BABYMONSTER,-,5,2
2025-11-22,6,Doot Doot,Skrilla,15,6,3
2025-11-22,7,I've Just Seen Too Much,Big Daddy Weave,16,3,3
2025-11-22,8,Takedown,"JEONGYEON, JIHYO & CHAEYOUNG Of TWICE",18,8,2
2025-11-22,9,How Are You,Seyi Vibez,-,9,1
2025-11-22,10,Man I Need,Olivia Dean,17,10,8
2025-11-22,11,12 To 12,sombr,-,11,1
2025-11-22,12,Wood,Taylor Swift,-,12,2
2025-11-22,13,Are You Alive,tripleS,-,13,1
2025-11-22,14,Body (Danz),CKay Featuring Mavo,-,14,1
2025-11-22,15,You,FOLA,-,15,1
2025-11-22,16,Camera,Ed Sheeran,-,16,3
2025-11-22,17,Fun,Rema,-,17,1
2025-11-22,18,We Go Up,BABYMONSTER,-,18,1
2025-11-22,19,Jealous Type,Doja Cat,-,7,4
2025-11-22,20,Who's Dat Girl,Ayra Starr & Rema,-,20,1
2025-11-22,21,Bounce,Bella Shmurda & Seyi Vibez,-,21,1
2025-11-22,22,Tit For Tat,Tate McRae,10,8,3
2025-11-22,23,Love,Burna Boy,-,12,2
2025-11-22,24,Abracadabra,Lady Gaga,-,1,10
2025-11-22,25,Dopamine,Fireboy DML,-,25,1
2025-11-29,1,The Fate Of Ophelia,Taylor Swift,3,1,7
2025-11-29,2,Body (Danz),CKay Featuring Mavo,14,2,2
2025-11-29,3,Mario Kart,Seyi Vibez,-,3,1
2025-11-29,4,Dopamine,Fireboy DML,25,4,2
2025-11-29,5,Fear,NF,-,5,1
2025-11-29,6,Happy Xmas (War Is Over),John & Yoko/The Plastic Ono Band With The Harlem Community Choir,-,4,13
2025-11-29,7,Home,NF,-,7,1
2025-11-29,8,Feliz Navidad,Jose Feliciano,-,3,7
2025-11-29,9,L'appuntamento,Ornella Vanoni,-,9,1
2025-11-29,10,Run Rudolph Run,Chuck Berry,-,10,3
2025-11-29,11,Bounce,Bella Shmurda & Seyi Vibez,21,11,2
2025-11-29,12,Time Don't Stop,Breaking Rust,-,12,1
2025-11-29,13,Real Shit,Lil Baby,-,13,1
2025-11-29,14,Senza Fine,Ornella Vanoni & Lucio Dalla,-,14,1
2025-11-29,15,Ti Voglio,Ornella Vanoni,-,15,1
2025-11-29,16,Rossetto E Cioccolato,Ornella Vanoni,-,16,1
2025-11-29,17,Washed Up,NF,-,17,1
2025-11-29,18,Una Ragione di Piu,Ornella Vanoni,-,18,1
2025-11-29,19,Opalite,Taylor Swift,-,10,2
2025-11-29,20,Golden,"HUNTR/X: EJAE, Audrey Nuna & REI AMI",1,1,17
2025-11-29,21,Love In A Bottle,"Keith David, Lilli Cooper, Kimiko Glenn & Krystina Alabado",-,21,1
2025-11-29,22,Io Come Faro',Ornella Vanoni,-,22,1
2025-11-29,23,Insieme A Te,Mario Lavezzi & Ornella Vanoni,-,23,1
2025-11-29,24,Fun,Rema,17,17,2
2025-11-29,25,Io So Che Ti Amero (Eu Sei Que Vou Te Amar),Ornella Vanoni & Jovanotti,-,25,1
2025-12-06,1,The Fate Of Ophelia,Taylor Swift,1,1,8
2025-12-06,2,Body (Danz),CKay Featuring Mavo,2,2,3
2025-12-06,3,Mistletoe,Justin Bieber,-,3,5
2025-12-06,4,Feliz Navidad,Jose Feliciano,8,3,8
2025-12-06,5,The Christmas Song (Merry Christmas To You),"Nat ""King"" Cole",-,1,4
2025-12-06,6,Love,Burna Boy,-,6,3
2025-12-06,7,Dopamine,Fireboy DML,4,4,3
2025-12-06,8,Happy Xmas (War Is Over),John & Yoko/The Plastic Ono Band With The Harlem Community Choir,6,4,14
2025-12-06,9,Rockin' Around The Christmas Tree,Brenda Lee,-,4,9
2025-12-06,10,Big Daddy,Tems,-,10,1
2025-12-06,11,Soda Pop,"Saja Boys: Andrew Choi, Neckwav, Danny Chung, Kevin Woo & samUIL Lee",-,3,15
2025-12-06,12,Un Sorriso Dentro Al Pianto,Ornella Vanoni,-,12,1
2025-12-06,13,Many Rivers To Cross,Jimmy Cliff,-,13,1
2025-12-06,14,Cold,BigXthaPlug & Post Malone,-,14,1
2025-12-06,15,All I Want For Christmas Is You,Mariah Carey,-,1,32
2025-12-06,16,Pixelated Kisses,Joji,-,16,1
2025-12-06,17,What You Is,YoungBoy Never Broke Again & Mellow Rackz,-,17,1
2025-12-06,18,First,Tems,-,18,1
2025-12-06,19,Palillos y Panderos,Nina Pastori,-,19,1
2025-12-06,20,Head Over Heels,Jenevieve,-,6,2
2025-12-06,21,Golden,"HUNTR/X: EJAE, Audrey Nuna & REI AMI",20,1,18
2025-12-06,22,La Perla,ROSALIA & Yahritza y Su Esencia,-,22,1
2025-12-06,23,Christmas Lights,Coldplay,-,2,9
2025-12-06,24,You Can Get It If You Really Want,Jimmy Cliff,-,24,1
2025-12-06,25,Back To Friends,sombr,-,3,14
2025-12-13,1,The Fate Of Ophelia,Taylor Swift,1,1,9
2025-12-13,2,Winter Wonderland,Johnny Mathis,-,2,1
2025-12-13,3,It's The Most Wonderful Time Of The Year,Andy Williams,-,3,3
2025-12-13,4,It's Beginning To Look A Lot Like Christmas,Johnny Mathis,-,4,1
2025-12-13,5,Where Are You Christmas?,Faith Hill,-,5,2
2025-12-13,6,Mistletoe,Justin Bieber,3,3,6
2025-12-13,7,Feliz Navidad,Jose Feliciano,4,3,9
2025-12-13,8,Happy Xmas (War Is Over),John & Yoko/The Plastic Ono Band With The Harlem Community Choir,8,4,15
2025-12-13,9,La Perla,ROSALIA & Yahritza y Su Esencia,22,9,2
2025-12-13,10,Charlie's Garden,Djo,-,10,1
2025-12-13,11,Try To Love,Lil Baby,-,11,1
2025-12-13,12,Love,Burna Boy,6,6,4
2025-12-13,13,Dopamine,Fireboy DML,7,4,4
2025-12-13,14,Many People,Adekunle Gold,-,14,1
2025-12-13,15,Palillos y Panderos,Nina Pastori,19,15,2
2025-12-13,16,Brighter,Christian Borle,-,16,1
2025-12-13,17,Losin' Streak,Blake Roman,-,17,1
2025-12-13,18,White Christmas (1947),Bing Crosby With Ken Darby Singers & John Scott Trotter & His Orchestra,-,7,8
2025-12-13,19,Vox Populi,Jeremy Jordan & Christian Borle,-,19,1
2025-12-13,20,Mon Bebe,RnBoi,-,20,1
2025-12-13,21,Your Idol,"Saja Boys: Andrew Choi, Neckwav, Danny Chung, Kevin Woo & samUIL Lee",-,3,17
2025-12-13,22,Nokia,Drake,-,2,11
2025-12-13,23,Sleigh Ride,The Ronettes,-,23,1
2025-12-13,24,Christmas Tree Farm,Taylor Swift,-,24,1
2025-12-13,25,Running Up That Hill (A Deal With God),Kate Bush,-,1,16
2025-12-20,1,Feliz Navidad,Jose Feliciano,7,1,10
2025-12-20,2,Rockin' Around The Christmas Tree,Brenda Lee,-,2,10
2025-12-20,3,The Fate Of Ophelia,Taylor Swift,1,1,10
2025-12-20,4,It's The Most Wonderful Time Of The Year,Andy Williams,3,3,4
2025-12-20,5,Jingle Bells,Frank Sinatra With The Ken Lane Singers / Axel Stordahl,-,5,4
2025-12-20,6,Happy Xmas (War Is Over),John & Yoko/The Plastic Ono Band With The Harlem Community Choir,8,4,16
2025-12-20,7,The Christmas Song,Nat King Cole,-,7,1
2025-12-20,8,It's Beginning To Look A Lot Like Christmas,Michael Buble,-,1,5
2025-12-20,9,Blue Christmas,Michael Buble,-,9,2
2025-12-20,10,All I Want For Christmas Is You,Mariah Carey,-,1,33
2025-12-20,11,(There's No Place Like) Home For The Holidays (1959),Perry Como With Mitchell Ayers And His Orchestra,-,11,1
2025-12-20,12,Palillos y Panderos,Nina Pastori,15,12,3
2025-12-20,13,La Perla,ROSALIA & Yahritza y Su Esencia,9,9,3
2025-12-20,14,Where Are You Christmas?,Faith Hill,5,5,3
2025-12-20,15,Mistletoe,Justin Bieber,6,3,7
2025-12-20,16,Cash Flow,Young Jonn Featuring Wizkid,-,16,1
2025-12-20,17,Wonderful Christmastime,Paul McCartney,-,17,2
2025-12-20,18,Notte di Natale,Lucio Corsi,-,18,1
2025-12-20,19,Golden,"HUNTR/X: EJAE, Audrey Nuna & REI AMI",-,1,19
2025-12-20,20,We Need A Little Christmas,The Percy Faith Orchestra & Chorus,-,20,1
2025-12-20,21,Montagem Coma,Andromeda & elysian.,-,21,1
2025-12-20,22,Love In A Bottle,"Keith David, Lilli Cooper, Kimiko Glenn & Krystina Alabado",-,21,2
2025-12-20,23,Like You,"Shoba Narayan, Patrick Stump , Darren Criss & Alex Brightman",-,23,1
2025-12-20,24,Have Yourself A Merry Little Christmas,Sam Smith,-,11,2
2025-12-20,25,Can't Help Falling In Love,Elvis Presley With The Jordanaires,-,10,4
2025-12-27,1,The Fate Of Ophelia,Taylor Swift,3,1,11
2025-12-27,2,The Christmas Song,Nat King Cole,7,2,2
2025-12-27,3,(There's No Place Like) Home For The Holidays (1959),Perry Como With Mitchell Ayers And His Orchestra,11,3,2
2025-12-27,4,Le Mal Aime,Claude Francois,-,4,1
2025-12-27,5,"Merry Christmas, Happy Holiday",Tauren Wells,-,5,1
2025-12-27,6,Mistletoe,Justin Bieber,15,3,8
2025-12-27,7,Christmas Time Is Here,Michael W. Smith Featuring Vince Gill,-,7,1
2025-12-27,8,Jingle Bells,Michael Buble Featuring The Puppini Sisters,-,8,1
2025-12-27,9,All I Want For Christmas Is You,Mariah Carey,10,1,34
2025-12-27,10,(Christmas) Baby Please Come Home,CAIN,-,10,1
2025-12-27,11,2Factor,"Young Jonn, Asake & Focalistic",-,11,1
2025-12-27,12,Rudolph The Red-Nosed Reindeer,Gene Autry & The Pinafores,-,12,2
2025-12-27,13,It's Beginning To Look A Lot Like Christmas,Bing Crosby With Jud Conlon's Rhythmaires & John Scott Trotter & His Orchestra,-,3,4
2025-12-27,14,We Need A Little Christmas,The Percy Faith Orchestra & Chorus,20,14,2
2025-12-27,15,Es Navidad,Marcos Witt,-,15,1
2025-12-27,16,Used 2 Love,Lil Tjay,-,16,1
2025-12-27,17,Wonderful Christmastime,Paul McCartney,17,17,3
2025-12-27,18,Is It A Crime,Mariah The Scientist & Kali Uchis,-,18,1
2025-12-27,19,Opalite,Taylor Swift,-,10,3
2025-12-27,20,Feliz Navidad,Jose Feliciano,1,1,11
2025-12-27,21,Snowman,Sia,-,14,2
2025-12-27,22,Man I Need,Olivia Dean,-,10,9
2025-12-27,23,Happy Xmas (War Is Over),John & Yoko/The Plastic Ono Band With The Harlem Community Choir,6,4,17
2025-12-27,24,Running Up That Hill (A Deal With God),Kate Bush,-,1,17
2025-12-27,25,O Holy Night,Nat King Cole,-,25,1
2026-01-03,1,Richer,J Hus & Seyi Vibez,-,1,1
2026-01-03,2,2Factor,"Young Jonn, Asake & Focalistic",11,2,2
2026-01-03,3,Wonderful Christmastime,Paul McCartney,17,3,4
2026-01-03,4,Lose My Mind,TI BLAZE,-,4,1
2026-01-03,5,It's Beginning To Look A Lot Like Christmas,Michael Buble,-,1,6
2026-01-03,6,Unto The Next,Famous PLuto & Zerrydl,-,6,1
2026-01-03,7,Tension,Ayo Maff,-,7,1
2026-01-03,8,Eko.,FOLA,-,8,1
2026-01-03,9,What You Saying,Lil Uzi Vert,-,9,1
2026-01-03,10,You,FOLA,-,10,2
2026-01-03,11,Body (Danz),CKay Featuring Mavo,-,2,4
2026-01-03,12,God Story,Anne Wilson,-,12,1
2026-01-03,13,Soma Obi,Black Sherif,-,13,1
2026-01-03,14,Sacrifice,Black Sherif,-,14,1
2026-01-03,15,I Alone,BNXN,-,15,1
2026-01-03,16,Caricature,FOLA,-,16,1
2026-01-03,17,Spaghetti,Rybeena,-,17,1
2026-01-03,18,Healer,FOLA,-,18,1
2026-01-03,19,So Asu,Naykilla,-,19,1
2026-01-03,20,Mario Kart,Seyi Vibez,-,3,2
2026-01-03,21,El Burrito Sabanero,David Bisbal,-,21,1
2026-01-03,22,Heaven On My Mind,tobyMac + Forrest Frank,-,22,1
2026-01-03,23,Someday At Christmas,Stevie Wonder,-,23,1
2026-01-03,24,See Me See God (SMSG),Barry Jhay,-,24,1
2026-01-03,25,Appraisal,Bella Shmurda,-,25,1
2026-01-10,1,End Of Beginning,Djo,-,1,12
2026-01-10,2,How Good It Is,Chris Tomlin,-,2,2
2026-01-10,3,Fuji Moto,Seyi Vibez & Olamide,-,3,1
2026-01-10,4,Lalala,Young Jonn & Rema,-,4,1
2026-01-10,5,What You Saying,Lil Uzi Vert,9,5,2
2026-01-10,6,Waist,Omah Lay,-,6,1
2026-01-10,7,You,FOLA,10,7,3
2026-01-10,8,Caricature,FOLA,16,8,2
2026-01-10,9,Heaven On My Mind,tobyMac + Forrest Frank,22,9,2
2026-01-10,10,Bounce,Bella Shmurda & Seyi Vibez,-,10,3
2026-01-10,11,Love,Burna Boy,-,6,5
2026-01-10,12,Tension,Ayo Maff,7,7,2
2026-01-10,13,Golden,"HUNTR/X: EJAE, Audrey Nuna & REI AMI",-,1,20
2026-01-10,14,Richer,J Hus & Seyi Vibez,1,1,2
2026-01-10,15,Purple Rain,Prince And The Revolution,-,2,4
2026-01-10,16,Death Do Us Part,Fridayy & Mariah The Scientist,-,16,1
2026-01-10,17,So It Goes,Black Sherif & Fireboy DML,-,17,1
2026-01-10,18,How Are You,Seyi Vibez,-,9,2
2026-01-10,19,Who Does That?,FOLA Featuring Bella Shmurda,-,17,2
2026-01-10,20,Many People,Adekunle Gold,-,14,2
2026-01-10,21,Lost,FOLA & Kizz Daniel,-,21,1
2026-01-10,22,FDO,Pooh Shiesty,-,22,1
2026-01-10,23,Body (Danz),CKay Featuring Mavo,11,2,5
2026-01-10,24,Shaolin,Seyi Vibez,-,24,1
2026-01-10,25,Pressure,Seyi Vibez,-,25,1
2026-01-17,1,The Fate Of Ophelia,Taylor Swift,-,1,12
2026-01-17,2,End Of Beginning,Djo,1,1,13
2026-01-17,3,Tit For Tat,Tate McRae,-,3,4
2026-01-17,4,Eyes Closed,JISOO & ZAYN,-,4,1
2026-01-17,5,Golden,"HUNTR/X: EJAE, Audrey Nuna & REI AMI",13,1,21
2026-01-17,6,Man I Need,Olivia Dean,-,6,10
2026-01-17,7,That's So True,Gracie Abrams,-,1,25
2026-01-17,8,Tungba,Zinoleesky,-,8,1
2026-01-17,9,I Want It,STAYC,-,9,1
2026-01-17,10,Opalite,Taylor Swift,-,10,4
2026-01-17,11,Mamma Mia,izna,-,11,1
2026-01-17,12,Sienna,The Marias,-,12,2
2026-01-17,13,Killer Joy,CNBLUE,-,13,1
2026-01-17,14,Mighty Name Of Jesus,Hope Darst,-,3,2
2026-01-17,15,Bittersweet,Madison Beer,-,15,1
2026-01-17,16,Love Like This,Fujii Kaze,-,16,1
2026-01-17,17,Die On This Hill,Sienna Spiro,-,17,1
2026-01-17,18,Can't Steal My Joy,Josiah Queen X Brandon Lake,-,4,3
2026-01-17,19,Purple Rain,Prince And The Revolution,15,2,5
2026-01-17,20,BAD,Jim Nam Joo,-,20,1
2026-01-17,21,Thank You Isn't Enough,Tasha Layton Featuring The Choir Room,-,21,1
2026-01-17,22,A Beautiful Person,IU Featurting Balming Tiger,-,22,1
2026-01-17,23,Hollywood Action,BOYNEXTDOOR,-,23,1
2026-01-17,24,Mmmn,Naira Marley,-,24,1
2026-01-17,25,STUPID,AB6IX,-,25,1
2026-01-24,1,Galorizzy,"Davido , Ecool, Mavo, Scotts.M, Morravey & Iphxne DJ",-,1,1
2026-01-24,2,Man I Need,Olivia Dean,6,2,11
2026-01-24,3,Like That (Bomboclatt),Shallipopi Featuring Wizkid,-,3,1
2026-01-24,4,Eyes Closed,JISOO & ZAYN,4,4,2
2026-01-24,5,Baddi Ah,"Nektunez, Tiwa Savage , Ciza & Shoday Featuring Tripcy, Mega EJ & P.M.F",-,5,1
2026-01-24,6,Nakupenda,TxC X Davido X Shoday X Scotts Maphuma Featuring Zlatan X Al Xapo,-,6,1
2026-01-24,7,Everlasting Taker,Blaqbonez,-,7,1
2026-01-24,8,Jogodo,Wizkid & Asake,-,8,1
2026-01-24,9,Burning Up,MEOVV,-,9,1
2026-01-24,10,In The Rain,XG,-,10,1
2026-01-24,11,Gala,XG,-,8,2
2026-01-24,12,Look At Me,ALLDAY PROJECT,-,12,1
2026-01-24,13,Opalite,Taylor Swift,10,10,5
2026-01-24,14,Akonuche,Priesst,-,14,1
2026-01-24,15,If You Wanna,WONHO,-,15,1
2026-01-24,16,End Of Beginning,Djo,2,1,14
2026-01-24,17,The Fate Of Ophelia,Taylor Swift,1,1,13
2026-01-24,18,Lemon Drop,ATEEZ,-,11,2
2026-01-24,19,I Feel Good,BOYNEXTDOOR,-,15,2
2026-01-24,20,Maybe Tomorrow,Day6,-,20,1
2026-01-24,21,Allonsy,BabyDaiz & Kvng Vinci,-,21,1
2026-01-24,22,Tit For Tat,Tate McRae,3,3,5
2026-01-24,23,SCOPATUMANA,Straffitti & Zilim,-,23,1
2026-01-24,24,The Painted Mask,Glum Aleks,-,24,1
2026-01-24,25,Soda Pop,"Saja Boys: Andrew Choi, Neckwav, Danny Chung, Kevin Woo & samUIL Lee",-,3,16
2026-01-31,1,Knife,ENHYPEN,-,1,1
2026-01-31,2,Jogodo,Wizkid & Asake,8,2,2
2026-01-31,3,My Healer,Seyi Vibez & Omah Lay,-,3,1
2026-01-31,4,Gabriela,KATSEYE,-,4,2
2026-01-31,5,Shoot (Firecracker),CHAEYOUNG,-,5,1
2026-01-31,6,Dracula,Tame Impala & JENNIE,-,6,2
2026-01-31,7,End Of Beginning,Djo,16,1,15
2026-01-31,8,Hollywood Action,BOYNEXTDOOR,-,8,2
2026-01-31,9,Turbulence,Wizkid & Asake,-,9,1
2026-01-31,10,Umm Great,KickFlip,-,10,1
2026-01-31,11,Mighty Name Of Jesus,Hope Darst,-,3,3
2026-01-31,12,Still Don't Care,Meghan Trainor,-,12,1
2026-01-31,13,Back To Friends,sombr,-,3,15
2026-01-31,14,One More Time,ALLDAY PROJECT,-,14,1
2026-01-31,15,Alaye,Wizkid & Asake,-,15,1
2026-01-31,16,The Dead Dance,Lady Gaga,-,13,5
2026-01-31,17,Opalite,Taylor Swift,13,10,6
2026-01-31,18,Iskolodo,Wizkid & Asake,-,18,1
2026-01-31,19,Vodka Cranberry,Conan Gray,-,19,1
2026-01-31,20,I Want It,STAYC,-,9,2
2026-01-31,21,Good Goodbye,HWASA,-,21,1
2026-01-31,22,Fuji Moto,Seyi Vibez & Olamide,-,3,2
2026-01-31,23,UFO (ATTENT!ON),Say My Name,-,23,1
2026-01-31,24,How Good It Is,Chris Tomlin,-,2,3
2026-01-31,25,Caricature,FOLA,-,8,3
2026-02-07,1,Breathe Again,Toni Braxton,-,1,1
2026-02-07,2,Turbulence,Wizkid & Asake,9,2,2
2026-02-07,3,Dracula,Tame Impala & JENNIE,6,3,3
2026-02-07,4,Color,NCT WISH,-,4,1
2026-02-07,5,Thunder,Seventeen,-,5,1
2026-02-07,6,I Find You,DOYOUNG,-,6,1
2026-02-07,7,Kill Ma Bo$$,KIIRAS,-,7,1
2026-02-07,8,Your Idol,"Saja Boys: Andrew Choi, Neckwav, Danny Chung, Kevin Woo & samUIL Lee",-,3,18
2026-02-07,9,Swicy,UNIS,-,9,1
2026-02-07,10,I Dont Care,Baby DONT Cry,-,10,1
2026-02-07,11,Loose,ENHYPEN,-,11,1
2026-02-07,12,Opalite,Taylor Swift,17,10,7
2026-02-07,13,Daydream,WENDY,-,13,1
2026-02-07,14,Alaye,Wizkid & Asake,15,14,2
2026-02-07,15,STUPID,AB6IX,-,15,2
2026-02-07,16,Dirty Work,Aespa,-,16,1
2026-02-07,17,My Healer,Seyi Vibez & Omah Lay,3,3,2
2026-02-07,18,Love Me More,Apink,-,18,1
2026-02-07,19,The Dead Dance,Lady Gaga,16,13,6
2026-02-07,20,Man I Need,Olivia Dean,-,2,12
2026-02-07,21,Iskolodo,Wizkid & Asake,18,18,2
2026-02-07,22,Akonuche,Priesst,-,14,2
2026-02-07,23,Back To Friends,sombr,13,3,16
2026-02-07,24,Hands Up,MEOVV,-,21,2
2026-02-07,25,Aperture,Harry Styles,-,25,1
2026-02-14,1,12 To 12,sombr,-,1,2
2026-02-14,2,The Fate Of Ophelia,Taylor Swift,-,1,14
2026-02-14,3,Changes,Charlie Puth,-,3,1
2026-02-14,4,Gabriela,KATSEYE,-,4,3
2026-02-14,5,What Was I Made For?,Billie Eilish,-,5,24
2026-02-14,6,Do It,Stray Kids,-,6,1
2026-02-14,7,Dear,QWER,-,7,1
2026-02-14,8,Still Don't Care,Meghan Trainor,-,8,2
2026-02-14,9,Rockstar,LISA,-,9,1
2026-02-14,10,Opalite,Taylor Swift,12,10,8
2026-02-14,11,Tit For Tat,Tate McRae,-,3,6
2026-02-14,12,Angels,Lekaa Beats Featuring Omah Lay & ODUMODUBLVCK,-,12,1
2026-02-14,13,Man I Need,Olivia Dean,20,2,13
2026-02-14,14,FaSHioN,CORTIS,-,14,1
2026-02-14,15,Stateside,PinkPantheress With Zara Larsson,-,15,1
2026-02-14,16,Light Switch,Charlie Puth,-,2,8
2026-02-14,17,Back To Friends,sombr,23,3,17
2026-02-14,18,Yukon,Justin Bieber,-,1,2
2026-02-14,19,Abracadabra,Lady Gaga,-,1,11
2026-02-14,20,Luther,Kendrick Lamar & SZA,-,1,22
2026-02-14,21,Secondhand,Don Toliver Featuring Rema,-,21,1
2026-02-14,22,DTMF,Bad Bunny,-,22,1
2026-02-14,23,Aperture,Harry Styles,25,23,2
2026-02-14,24,Titi Me Pregunto,Bad Bunny,-,19,2
2026-02-14,25,Make You Mine,Madison Beer,-,25,1
2026-02-21,1,Here Without You,3 Doors Down,-,1,1
2026-02-21,2,Stateside,PinkPantheress With Zara Larsson,15,2,2
2026-02-21,3,Kryptonite,3 Doors Down,-,3,1
2026-02-21,4,Opalite,Taylor Swift,10,4,9
2026-02-21,5,2Factor,"Young Jonn, Asake & Focalistic",-,2,3
2026-02-21,6,Is It A Crime,Mariah The Scientist & Kali Uchis,-,6,2
2026-02-21,7,Caricature,FOLA,-,7,4
2026-02-21,8,Shaolin,Seyi Vibez,-,8,2
2026-02-21,9,Wet Dreamz,J. Cole,-,9,1
2026-02-21,10,Spaghetti,Rybeena,-,10,2
2026-02-21,11,My Healer,Seyi Vibez & Omah Lay,-,3,3
2026-02-21,12,Golden,"HUNTR/X: EJAE, Audrey Nuna & REI AMI",-,1,22
2026-02-21,13,No Role Modelz,J. Cole,-,13,1
2026-02-21,14,Love Yourz,J. Cole,-,14,1
2026-02-21,15,Pressure,Seyi Vibez,-,15,2
2026-02-21,16,Proud Of Me,Fridayy & Meek Mill,-,16,1
2026-02-21,17,Most Wanted,Zinoleesky,-,17,1
2026-02-21,18,Love,Burna Boy,-,6,6
2026-02-21,19,So It Goes,Black Sherif & Fireboy DML,-,17,2
2026-02-21,20,Went Legit,G Herbo,-,20,1
2026-02-21,21,Soda Pop,"Saja Boys: Andrew Choi, Neckwav, Danny Chung, Kevin Woo & samUIL Lee",-,3,17
2026-02-21,22,Pop Dat Thang,DaBaby,-,22,1
2026-02-21,23,I Alone,BNXN,-,15,2
2026-02-21,24,Pixelated Kisses,Joji,-,16,2
2026-02-21,25,Secondhand,Don Toliver Featuring Rema,21,21,2
2026-02-28,1,Never Ending Story,IU,-,1,1
2026-02-28,2,Dangerous,Infinite,-,2,1
2026-02-28,3,GO!,CORTIS,-,3,3
2026-02-28,4,Man I Need,Olivia Dean,-,2,14
2026-02-28,5,12 To 12,sombr,-,1,3
2026-02-28,6,GPT,STAYC,-,6,2
2026-02-28,7,Swicy,UNIS,-,7,2
2026-02-28,8,Bleep,Stray Kids,-,8,1
2026-02-28,9,Opalite,Taylor Swift,4,4,10
2026-02-28,10,End Of Beginning,Djo,-,1,16
2026-02-28,11,Gala,XG,-,8,3
2026-02-28,12,Golden,"HUNTR/X: EJAE, Audrey Nuna & REI AMI",12,1,23
2026-02-28,13,Soda Pop,"Saja Boys: Andrew Choi, Neckwav, Danny Chung, Kevin Woo & samUIL Lee",21,3,18
2026-02-28,14,Your Idol,"Saja Boys: Andrew Choi, Neckwav, Danny Chung, Kevin Woo & samUIL Lee",-,3,19
2026-02-28,15,How Good It Is,Chris Tomlin,-,2,4
2026-02-28,16,Lush Life,Zara Larsson,-,3,10
2026-02-28,17,Don't Love Me,Omah Lay,-,17,1
2026-02-28,18,Kill the Noise,SPYAIR,-,18,1
2026-02-28,19,If Tomorrow Never Comes,Ronan Keating,-,19,1
2026-02-28,20,Jogodo,Wizkid & Asake,-,20,1
2026-02-28,21,Tit For Tat,Tate McRae,-,3,7
2026-02-28,22,The Fate Of Ophelia,Taylor Swift,-,1,15
2026-02-28,23,Takedown,"JEONGYEON, JIHYO & CHAEYOUNG Of TWICE",-,8,3
2026-02-28,24,Sacrifice,Black Sherif,-,14,2
2026-02-28,25,I Thought I Saw Your Face Today,She & Him,-,25,1
2026-03-07,1,Golden,"HUNTR/X: EJAE, Audrey Nuna & REI AMI",12,1,24
2026-03-07,2,Opalite,Taylor Swift,9,2,11
2026-03-07,3,Debut,KATSEYE,-,3,2
2026-03-07,4,Lush Life,Zara Larsson,16,3,11
2026-03-07,5,Realize,Rybeena & BhadBoi OML,-,5,1
2026-03-07,6,Stereotype,STAYC,-,6,1
2026-03-07,7,Gabriela,KATSEYE,-,4,4
2026-03-07,8,Wicked,ALLDAY PROJECT,-,8,1
2026-03-07,9,Back To Friends,sombr,-,3,18
2026-03-07,10,Bad Desire (With Or Without You),ENHYPEN,-,10,2
2026-03-07,11,The Story Of Us,milet,-,11,1
2026-03-07,12,Heaven On My Mind,tobyMac + Forrest Frank,-,9,3
2026-03-07,13,Dracula,Tame Impala & JENNIE,-,3,4
2026-03-07,14,The Fate Of Ophelia,Taylor Swift,22,1,16
2026-03-07,15,No Idea,Don Toliver,-,15,2
2026-03-07,16,Sweet Magic,F/ACE,-,16,1
2026-03-07,17,Spinnin' On It,NMIXX,-,17,1
2026-03-07,18,Stateside,PinkPantheress With Zara Larsson,-,2,3
2026-03-07,19,Don't Love Me,Omah Lay,17,17,2
2026-03-07,20,I Thought I Saw Your Face Today,She & Him,25,20,2
2026-03-07,21,End Of Beginning,Djo,10,1,17
2026-03-07,22,Changes,Charlie Puth,-,3,2
2026-03-07,23,Caricature,FOLA,-,7,5
2026-03-07,24,Paradise,TREASURE,-,24,1
2026-03-07,25,Tit For Tat,Tate McRae,21,3,8
2026-03-14,1,12 To 12,sombr,-,1,4
2026-03-14,2,Changes,Charlie Puth,22,2,3
2026-03-14,3,Golden,"HUNTR/X: EJAE, Audrey Nuna & REI AMI",1,1,25
2026-03-14,4,Man I Need,Olivia Dean,-,2,15
2026-03-14,5,Still Don't Care,Meghan Trainor,-,5,3
2026-03-14,6,Your Idol,"Saja Boys: Andrew Choi, Neckwav, Danny Chung, Kevin Woo & samUIL Lee",-,3,20
2026-03-14,7,Hands Up,MEOVV,-,7,3
2026-03-14,8,One Spark,Twice,-,3,2
2026-03-14,9,I Feel Good,BOYNEXTDOOR,-,9,3
2026-03-14,10,End Of Beginning,Djo,21,1,18
2026-03-14,11,I Want It,STAYC,-,9,3
2026-03-14,12,Birds Of A Feather,Billie Eilish,-,2,23
2026-03-14,13,Last Night,TREASURE,-,8,2
2026-03-14,14,Vodka Cranberry,Conan Gray,-,14,2
2026-03-14,15,Choosin' Texas,Ella Langley,-,15,1
2026-03-14,16,Lush Life,Zara Larsson,4,3,12
2026-03-14,17,Meow,MEOVV,-,11,2
2026-03-14,18,The Fate Of Ophelia,Taylor Swift,14,1,17
2026-03-14,19,Heaven On My Mind,tobyMac + Forrest Frank,12,9,4
2026-03-14,20,Luther,Kendrick Lamar & SZA,-,1,23
2026-03-14,21,Wildflower,Billie Eilish,-,13,3
2026-03-14,22,I Thought I Saw Your Face Today,She & Him,20,20,3
2026-03-14,23,Folded,Kehlani,-,2,8
2026-03-14,24,Stateside,PinkPantheress With Zara Larsson,18,2,4
2026-03-14,25,What You Is,YoungBoy Never Broke Again & Mellow Rackz,-,17,2
2026-03-21,1,Choosin' Texas,Ella Langley,15,1,2
2026-03-21,2,Back To Friends,sombr,-,2,19
2026-03-21,3,The Fate Of Ophelia,Taylor Swift,18,1,18
2026-03-21,4,Go,BLACKPINK,-,4,1
2026-03-21,5,Golden,"HUNTR/X: EJAE, Audrey Nuna & REI AMI",3,1,26
2026-03-21,6,Stateside,PinkPantheress With Zara Larsson,24,2,5
2026-03-21,7,End Of Beginning,Djo,10,1,19
2026-03-21,8,Man I Need,Olivia Dean,4,2,16
2026-03-21,9,Opalite,Taylor Swift,-,2,12
2026-03-21,10,Still Don't Care,Meghan Trainor,5,5,4
2026-03-21,11,Tit For Tat,Tate McRae,-,3,9
2026-03-21,12,Gabriela,KATSEYE,-,4,5
2026-03-21,13,Lush Life,Zara Larsson,16,3,13
2026-03-21,14,How It's Done,"HUNTR/X: EJAE, Audrey Nuna & REI AMI",-,2,10
2026-03-21,15,ExtraL,JENNIE & Doechii,-,15,1
2026-03-21,16,What You Is,YoungBoy Never Broke Again & Mellow Rackz,25,16,3
2026-03-21,17,But I Like You,BOYNEXTDOOR,-,17,1
2026-03-21,18,Easy,Stephanie Beatriz & Erika Henningsen,-,18,1
2026-03-21,19,IDK,Ms Banks & Zinoleesky,-,19,1
2026-03-21,20,Hazbin Guarantee (Trust Us),"Amir Talai, Erika Henningsen, Christian Borle, Joel Perez, Lilli Cooper, Stephanie BEatriz, Kevin Del Aguila, Krystina Alabado, Keith David & Kimiko Glenn",-,20,1
2026-03-21,21,I Thought I Saw Your Face Today,She & Him,22,20,4
2026-03-21,22,La Perla,ROSALIA & Yahritza y Su Esencia,-,9,4
2026-03-21,23,0+0,HANRORO,-,23,1
2026-03-21,24,Bad Desire (With Or Without You),ENHYPEN,-,10,3
2026-03-21,25,Dear God,Tate McRae,-,25,1
2026-03-28,1,Stickwitu,The Pussycat Dolls,-,1,1
2026-03-28,2,Opalite,Taylor Swift,9,2,13
2026-03-28,3,12 To 12,sombr,-,1,5
2026-03-28,4,Cry,Charlie Puth Featuring Kenny G,-,4,1
2026-03-28,5,Tit For Tat,Tate McRae,11,3,10
2026-03-28,6,Jogodo,Wizkid & Asake,-,2,3
2026-03-28,7,LALALALA,Stray Kids,-,4,2
2026-03-28,8,Fuji Moto,Seyi Vibez & Olamide,-,3,3
2026-03-28,9,Kill the Noise,SPYAIR,-,9,2
2026-03-28,10,The Fate Of Ophelia,Taylor Swift,3,1,19
2026-03-28,11,Alaye,Wizkid & Asake,-,11,3
2026-03-28,12,Camera,Ed Sheeran,-,12,4
2026-03-28,13,Caricature,FOLA,-,7,6
2026-03-28,14,Man I Need,Olivia Dean,8,2,17
2026-03-28,15,Big Bum Bum,Kidd Carder & Mavo,-,15,1
2026-03-28,16,Midnight Sun,Zara Larsson,-,16,1
2026-03-28,17,Die On This Hill,Sienna Spiro,-,17,2
2026-03-28,18,Where Is My Husband!,RAYE,-,18,1
2026-03-28,19,Gnarly,KATSEYE,-,19,1
2026-03-28,20,Sunday Morning,ILLIT,-,20,1
2026-03-28,21,Before You Go,Lewis Capaldi,-,3,10
2026-03-28,22,Ama,Seyi Vibez,-,22,1
2026-03-28,23,Timeless,The Weeknd & Playboi Carti,-,21,2
2026-03-28,24,Dracula,Tame Impala & JENNIE,-,3,5
2026-03-28,25,I Lied To You,Miles Caton,-,4,7
2026-04-04,1,Worship,Asake & DJ Snake,-,1,1
2026-04-04,2,Jogodo,Wizkid & Asake,6,2,4
2026-04-04,3,Dance With STEEL BALL RUN,Yugo Kanno,-,3,1
2026-04-04,4,When The Party's Over,bees & honey & FOLA,-,4,1
2026-04-04,5,Golden,"HUNTR/X: EJAE, Audrey Nuna & REI AMI",-,1,27
2026-04-04,6,Gabriela,KATSEYE,-,4,6
2026-04-04,7,Homesick For Heaven,Phil Wickham,-,7,1
2026-04-04,8,The Fate Of Ophelia,Taylor Swift,10,1,20
2026-04-04,9,Luther,Kendrick Lamar & SZA,-,1,24
2026-04-04,10,Swim,BTS,-,10,1
2026-04-04,11,Caricature,FOLA,13,7,7
2026-04-04,12,My Healer,Seyi Vibez & Omah Lay,-,3,4
2026-04-04,13,Back To Friends,sombr,-,2,20
2026-04-04,14,Richer,J Hus & Seyi Vibez,-,1,3
2026-04-04,15,Dracula,Tame Impala & JENNIE,24,3,6
2026-04-04,16,Jembe,Famous PLuto & Mavo,-,16,1
2026-04-04,17,Fuji Moto,Seyi Vibez & Olamide,8,3,4
2026-04-04,18,Alaye,Wizkid & Asake,11,11,4
2026-04-04,19,Debut,KATSEYE,-,3,3
2026-04-04,20,Body To Body,BTS,-,20,1
2026-04-04,21,Bounce,Bella Shmurda & Seyi Vibez,-,10,4
2026-04-04,22,What You Is,YoungBoy Never Broke Again & Mellow Rackz,-,16,4
2026-04-04,23,Rockstar,LISA,-,9,2
2026-04-04,24,Shoot (Firecracker),CHAEYOUNG,-,5,2
2026-04-04,25,Sailor Song,Gigi Perez,-,3,9
2026-04-11,1,Golden,"HUNTR/X: EJAE, Audrey Nuna & REI AMI",5,1,28
2026-04-11,2,Dance With STEEL BALL RUN,Yugo Kanno,3,2,2
2026-04-11,3,Jogodo,Wizkid & Asake,2,2,5
2026-04-11,4,Man I Need,Olivia Dean,-,2,18
2026-04-11,5,Caricature,FOLA,11,5,8
2026-04-11,6,Dracula,Tame Impala & JENNIE,15,3,7
2026-04-11,7,Fuji Moto,Seyi Vibez & Olamide,17,3,5
2026-04-11,8,Stateside,PinkPantheress With Zara Larsson,-,2,6
2026-04-11,9,PopStar,Black Sherif,-,9,1
2026-04-11,10,Alaye,Wizkid & Asake,18,10,5
2026-04-11,11,End Of Beginning,Djo,-,1,20
2026-04-11,12,Worship,Asake & DJ Snake,1,1,2
2026-04-11,13,My Healer,Seyi Vibez & Omah Lay,12,3,5
2026-04-11,14,Richer,J Hus & Seyi Vibez,14,1,4
2026-04-11,15,Choosin' Texas,Ella Langley,-,1,3
2026-04-11,16,Changes,Charlie Puth,-,2,4
2026-04-11,17,Lush Life,Zara Larsson,-,3,14
2026-04-11,18,Malibu,Miley Cyrus,-,1,12
2026-04-11,19,Love,Burna Boy,-,6,7
2026-04-11,20,Turbulence,Wizkid & Asake,-,2,3
2026-04-11,21,Heaven On My Mind,tobyMac + Forrest Frank,-,9,5
2026-04-11,22,Waist,Omah Lay,-,6,2
2026-04-11,23,Where Would I Be,Peter Burton,-,23,1
2026-04-11,24,Big Bum Bum,Kidd Carder & Mavo,-,15,2
2026-04-11,25,Babydoll,Dominic Fike,-,25,1
2026-04-18,1,Formation,Adekunle Gold & Olamide,-,1,1
2026-04-18,2,Boat (Remix),Trim Featuring YKNIECE& BunnaB,-,2,1
2026-04-18,3,Back In Black,AC/DC,-,3,1
2026-04-18,4,BBUU!,PLAVE,-,4,1
2026-04-18,5,PopStar,Black Sherif,9,5,2
2026-04-18,6,CBZ (Prime Time),Seventeen,-,6,1
2026-04-18,7,Choosin' Texas,Ella Langley,15,1,4
2026-04-18,8,Yukon,Justin Bieber,-,1,3
2026-04-18,9,"Take Me Home, Country Roads",John Denver With Fat City,-,9,2
2026-04-18,10,Deja Vu,Olivia Rodrigo,-,1,13
2026-04-18,11,Back To Friends,sombr,-,2,21
2026-04-18,12,Camera,Ed Sheeran,-,12,5
2026-04-18,13,Opalite,Taylor Swift,-,2,14
2026-04-18,14,Big Bum Bum,Kidd Carder & Mavo,24,14,3
2026-04-18,15,All The Things She Said,t.A.T.u.,-,14,2
2026-04-18,16,The Fate Of Ophelia,Taylor Swift,-,1,21
2026-04-18,17,Man I Need,Olivia Dean,4,2,19
2026-04-18,18,Sailor Song,Gigi Perez,-,3,10
2026-04-18,19,La Perla,ROSALIA & Yahritza y Su Esencia,-,9,5
2026-04-18,20,Gabriela,KATSEYE,-,4,7
2026-04-18,21,Gnarly,KATSEYE,-,19,2
2026-04-18,22,Beat It,Michael Jackson,-,22,1
2026-04-18,23,Nonsense,Sabrina Carpenter,-,14,4
2026-04-18,24,HIStory,Michael Jackson,-,24,1
2026-04-18,25,Your Idol,"Saja Boys: Andrew Choi, Neckwav, Danny Chung, Kevin Woo & samUIL Lee",-,3,21
2026-04-25,1,I Am,Omah Lay,-,1,1
2026-04-25,2,Back In Black,AC/DC,3,2,2
2026-04-25,3,Golden,"HUNTR/X: EJAE, Audrey Nuna & REI AMI",-,1,29
2026-04-25,4,Man I Need,Olivia Dean,17,2,20
2026-04-25,5,Pepper Me,,-,5,1
2026-04-25,6,GPT,STAYC,-,6,3
2026-04-25,7,Beauty And A Beat,Justin Bieber Featuring Nicki Minaj,-,7,1
2026-04-25,8,Formation,Adekunle Gold & Olamide,1,1,2
2026-04-25,9,What You Is,YoungBoy Never Broke Again & Mellow Rackz,-,9,5
2026-04-25,10,Fuji Moto,Seyi Vibez & Olamide,-,3,6
2026-04-25,11,Lush Life,Zara Larsson,-,3,15
2026-04-25,12,Caricature,FOLA,-,5,9
2026-04-25,13,What Do You Mean?,Justin Bieber,-,4,3
2026-04-25,14,Gabriela,KATSEYE,20,4,8
2026-04-25,15,Angelina,Balloranking,-,15,1
2026-04-25,16,Flame,KATSEYE,-,16,1
2026-04-25,17,FDO,Pooh Shiesty,-,17,2
2026-04-25,18,Stateside,PinkPantheress With Zara Larsson,-,2,7
2026-04-25,19,Siren Sounds,Tate McRae,-,19,1
2026-04-25,20,Illegal,PinkPantheress,-,20,1
2026-04-25,21,Confident,Justin Bieber Featuring Chance the Rapper,-,21,1
2026-04-25,22,The Fate Of Ophelia,Taylor Swift,16,1,22
2026-04-25,23,Rein Me In,Sam Fender & Olivia Dean,-,23,1
2026-04-25,24,Pinky Up,KATSEYE,-,24,1
2026-04-25,25,Sorry,Justin Bieber,-,1,13
2026-05-02,1,Man I Need,Olivia Dean,4,1,21
2026-05-02,2,Choosin' Texas,Ella Langley,-,1,5
2026-05-02,3,What You Saying,Lil Uzi Vert,-,3,3
2026-05-02,4,Back To Friends,sombr,-,2,22
2026-05-02,5,How Far Does A Goodbye Go,Jason Aldean,-,5,1
2026-05-02,6,Be Her,Ella Langley,-,6,1
2026-05-02,7,Life Still A Gwaan,Popcaan,-,7,1
2026-05-02,8,Fuji Moto,Seyi Vibez & Olamide,10,3,7
2026-05-02,9,Luther,Kendrick Lamar & SZA,-,1,25
2026-05-02,10,Opalite,Taylor Swift,-,2,15
2026-05-02,11,FDO,Pooh Shiesty,17,11,3
2026-05-02,12,Die On This Hill,Sienna Spiro,-,12,3
2026-05-02,13,Let 'Em Know,T.I.,-,13,1
2026-05-02,14,Alaye,Wizkid & Asake,-,10,6
2026-05-02,15,Bruce Wayne,YoungBoy Never Broke Again,-,15,1
2026-05-02,16,Hard Times,Tee Grizzley Featuring Hurricane Wisdom,-,16,1
2026-05-02,17,Burning Blue,Mariah The Scientist,-,8,6
2026-05-02,18,Babydoll,Dominic Fike,-,18,2
2026-05-02,19,Stateside,PinkPantheress With Zara Larsson,18,2,8
2026-05-02,20,Potential,sombr,-,20,1
2026-05-02,21,The Fate Of Ophelia,Taylor Swift,22,1,23
2026-05-02,22,FWYT,YoungBoy Never Broke Again,-,22,1
2026-05-02,23,wgft,Gunna Featuring Burna Boy,-,23,1
2026-05-02,24,Silent Treatment,Freya Skye,-,24,1
2026-05-02,25,Lush Life,Zara Larsson,11,3,16
2026-05-09,1,Choosin' Texas,Ella Langley,2,1,6
2026-05-09,2,Babydoll,Dominic Fike,18,2,3
2026-05-09,3,Undressed,sombr,-,3,13
2026-05-09,4,Man I Need,Olivia Dean,1,1,22
2026-05-09,5,Dracula,Tame Impala & JENNIE,-,3,8
2026-05-09,6,Yukon,Justin Bieber,-,1,4
2026-05-09,7,I Need You,Kehlani Featuring Brandy,-,7,1
2026-05-09,8,Gabriela,KATSEYE,-,4,9
2026-05-09,9,Demons,Josiah Queen,-,9,1
2026-05-09,10,The Fate Of Ophelia,Taylor Swift,21,1,24
2026-05-09,11,Die On This Hill,Sienna Spiro,12,11,4
2026-05-09,12,Shoulda Never,Kehlani Featuring Usher,-,12,1
2026-05-09,13,Opalite,Taylor Swift,10,2,16
2026-05-09,14,Takedown,"JEONGYEON, JIHYO & CHAEYOUNG Of TWICE",-,8,4
2026-05-09,15,Debut,KATSEYE,-,3,4
2026-05-09,16,Lush Life,Zara Larsson,25,3,17
2026-05-09,17,Be Her,Ella Langley,6,6,2
2026-05-09,18,Your Idol,"Saja Boys: Andrew Choi, Neckwav, Danny Chung, Kevin Woo & samUIL Lee",-,3,22
2026-05-09,19,Loose,ENHYPEN,-,11,2
2026-05-09,20,Jellyous,ILLIT x Sophie Powers,-,20,1
2026-05-09,21,4 Raws,EsDeeKid,-,21,1
2026-05-09,22,Hot Sauce,BABYMONSTER,-,5,3
2026-05-09,23,Golden,"HUNTR/X: EJAE, Audrey Nuna & REI AMI",-,1,30
2026-05-09,24,Birds Of A Feather,Billie Eilish,-,2,24
2026-05-09,25,12 To 12,sombr,-,1,6
2026-05-16,1,Forgiveness,Asake,-,1,1
2026-05-16,2,Back To Friends,sombr,-,2,23
2026-05-16,3,Golden,"HUNTR/X: EJAE, Audrey Nuna & REI AMI",23,1,31
2026-05-16,4,Dracula,Tame Impala & JENNIE,5,3,9
2026-05-16,5,Opalite,Taylor Swift,13,2,17
2026-05-16,6,Life Of The Faaji,Adekunle Gold,-,6,1
2026-05-16,7,ARA (600M),Bella Shmurda Featuring Olamide,-,7,1
2026-05-16,8,Changes,Charlie Puth,-,2,5
2026-05-16,9,Still Don't Care,Meghan Trainor,-,5,5
2026-05-16,10,Choosin' Texas,Ella Langley,1,1,7
2026-05-16,11,Lush Life,Zara Larsson,16,3,18
2026-05-16,12,The Fate Of Ophelia,Taylor Swift,10,1,25
2026-05-16,13,I Am,Omah Lay,-,1,2
2026-05-16,14,Babydoll,Dominic Fike,2,2,4
2026-05-16,15,Fuji Moto,Seyi Vibez & Olamide,-,3,8
2026-05-16,16,Caricature,FOLA,-,5,10
2026-05-16,17,Man I Need,Olivia Dean,4,1,23
2026-05-16,18,Pinky Up,KATSEYE,-,18,2
2026-05-16,19,Richer,J Hus & Seyi Vibez,-,1,5
2026-05-16,20,Tit For Tat,Tate McRae,-,3,11
2026-05-16,21,Go Away,Weezer Featuring Best Coast,-,21,1
2026-05-16,22,Homesick For Heaven,Phil Wickham,-,7,2
2026-05-16,23,Mamma Mia,izna,-,11,2
2026-05-16,24,Sacrifice,Black Sherif,-,14,3
2026-05-16,25,12 To 12,sombr,25,1,7
2026-05-23,1,Forgiveness,Asake,1,1,2
2026-05-23,2,Babydoll,Dominic Fike,14,2,5
2026-05-23,3,Golden,"HUNTR/X: EJAE, Audrey Nuna & REI AMI",3,1,32
2026-05-23,4,Rock Me Gentle,Olamide,-,4,1
2026-05-23,5,Choosin' Texas,Ella Langley,10,1,8
2026-05-23,6,The Fate Of Ophelia,Taylor Swift,12,1,26
2026-05-23,7,Dracula,Tame Impala & JENNIE,4,3,10
2026-05-23,8,Make Them Cry,Drake,-,8,1
2026-05-23,9,Go Away,Weezer Featuring Best Coast,21,9,2
2026-05-23,10,Fuji Moto,Seyi Vibez & Olamide,15,3,9
2026-05-23,11,Don't Love Me,Omah Lay,-,11,3
2026-05-23,12,Turbulence,Wizkid & Asake,-,2,4
2026-05-23,13,Ran To Atlanta,Drake Featuring Future & Molly Santana,-,13,1
2026-05-23,14,Man I Need,Olivia Dean,17,1,24
2026-05-23,15,Whisper My Name,Drake,-,15,1
2026-05-23,16,Janice STFU,Drake,-,16,1
2026-05-23,17,I Want It,STAYC,-,9,4
2026-05-23,18,Dust,Drake,-,18,1
2026-05-23,19,Be Her,Ella Langley,-,6,3
2026-05-23,20,I Am,Omah Lay,13,1,3
2026-05-23,21,National Treasures,Drake,-,21,1
2026-05-23,22,Opalite,Taylor Swift,5,2,18
2026-05-23,23,Shabang,Drake,-,23,1
2026-05-23,24,Pinky Up,KATSEYE,18,18,3
2026-05-23,25,Make Them Pay,Drake,-,25,1
2026-05-30,1,Hello,TML Vibez & Victony,-,1,1
2026-05-30,2,State Of Mind,DJ Tunez & Wizkid,-,2,1
2026-05-30,3,Dracula,Tame Impala & JENNIE,7,3,11
2026-05-30,4,Choosin' Texas,Ella Langley,5,1,9
2026-05-30,5,Janice STFU,Drake,16,5,2
2026-05-30,6,Man I Need,Olivia Dean,14,1,25
2026-05-30,7,Say My Name,MIYEON,-,7,1
2026-05-30,8,Golden,"HUNTR/X: EJAE, Audrey Nuna & REI AMI",3,1,33
2026-05-30,9,Ran To Atlanta,Drake Featuring Future & Molly Santana,13,9,2
2026-05-30,10,Shabang,Drake,23,10,2
2026-05-30,11,Lush Life,Zara Larsson,-,3,19
2026-05-30,12,Whisper My Name,Drake,15,12,2
2026-05-30,13,No Batidao,ZXKAI & slxughter,-,13,1
2026-05-30,14,Boat (Remix),Trim Featuring YKNIECE& BunnaB,-,2,2
2026-05-30,15,Gabriela,KATSEYE,-,4,10
2026-05-30,16,Cry,Charlie Puth Featuring Kenny G,-,4,2
2026-05-30,17,Caricature,FOLA,-,5,11
2026-05-30,18,Touch,KATSEYE,-,18,1
2026-05-30,19,The Fate Of Ophelia,Taylor Swift,6,1,27
2026-05-30,20,Jogodo,Wizkid & Asake,-,2,6
2026-05-30,21,National Treasures,Drake,21,21,2
2026-05-30,22,I Am,Omah Lay,20,1,4
2026-05-30,23,Pinky Up,KATSEYE,24,18,4
2026-05-30,24,Burning Bridges,Drake,-,24,1
2026-05-30,25,Plot Twist,Drake,-,25,1
2026-06-06,1,Orbiter,Noah Kahan,-,1,1
2026-06-06,2,Lakute,Famous PLuto,-,2,1
2026-06-06,3,Fuji Moto,Seyi Vibez & Olamide,-,3,10
2026-06-06,4,Pinky Up,KATSEYE,23,4,5
2026-06-06,5,Die On This Hill,Sienna Spiro,-,5,5
2026-06-06,6,Be Her,Ella Langley,-,6,4
2026-06-06,7,Gratitude,Asake,-,7,1
2026-06-06,8,Dry Spell,Kacey Musgraves,-,8,1
2026-06-06,9,The Life Of A Showgirl,Taylor Swift Featuring Sabrina Carpenter,-,9,1
2026-06-06,10,State Of Mind,DJ Tunez & Wizkid,2,2,2
2026-06-06,11,Love,Burna Boy,-,6,8
2026-06-06,12,End Of Beginning,Djo,-,1,21
2026-06-06,13,The Fate Of Ophelia,Taylor Swift,19,1,28
2026-06-06,14,Undressed,sombr,-,3,14
2026-06-06,15,I Just Might,Bruno Mars,-,15,1
2026-06-06,16,Manchild,Sabrina Carpenter,-,8,2
2026-06-06,17,Turbulence,Wizkid & Asake,-,2,5
2026-06-06,18,Let 'Em Know,T.I.,-,13,2
2026-06-06,19,Went Legit,G Herbo,-,19,2
2026-06-06,20,M.I.A,KATSEYE,-,20,1
2026-06-06,21,Luther,Kendrick Lamar & SZA,-,1,26
2026-06-06,22,Sports Car,Tate McRae,-,1,11
2026-06-06,23,Stateside,PinkPantheress With Zara Larsson,-,2,9
2026-06-06,24,Dano,Peso Pluma & Tito Double P,-,24,1
2026-06-06,25,Soda Pop,"Saja Boys: Andrew Choi, Neckwav, Danny Chung, Kevin Woo & samUIL Lee",-,3,19
2026-06-13,1,Babydoll,Dominic Fike,-,1,6
2026-06-13,2,Golden,"HUNTR/X: EJAE, Audrey Nuna & REI AMI",-,1,34
2026-06-13,3,Pinky Up,KATSEYE,4,3,6
2026-06-13,4,Dracula,Tame Impala & JENNIE,-,3,12
2026-06-13,5,Stateside,PinkPantheress With Zara Larsson,23,2,10
2026-06-13,6,The Cure,Olivia Rodrigo,-,6,1
2026-06-13,7,Opalite,Taylor Swift,-,2,19
2026-06-13,8,Debut,KATSEYE,-,3,5
2026-06-13,9,American Girls,Harry Styles,-,9,1
2026-06-13,10,I Can't Love You Anymore,Ella Langley & Morgan Wallen,-,10,1
2026-06-13,11,6 Months Later,Megan Moroney,-,11,1
2026-06-13,12,McArthur,"HARDY , Eric Church , Morgan Wallen & Tim McGraw",-,12,1
2026-06-13,13,Boat (Remix),Trim Featuring YKNIECE& BunnaB,-,2,3
2026-06-13,14,Your Idol,"Saja Boys: Andrew Choi, Neckwav, Danny Chung, Kevin Woo & samUIL Lee",-,3,23
2026-06-13,15,Be Her,Ella Langley,6,6,5
2026-06-13,16,Swim,BTS,-,10,2
2026-06-13,17,DTMF,Bad Bunny,-,17,2
2026-06-13,18,Lush Life,Zara Larsson,-,3,20
2026-06-13,19,It's Me,ILLIT,-,19,1
2026-06-13,20,Body To Body,BTS,-,20,2
2026-06-13,21,The Fate Of Ophelia,Taylor Swift,13,1,29
2026-06-13,22,Choosin' Texas,Ella Langley,-,1,10
2026-06-13,23,Die On This Hill,Sienna Spiro,5,5,6
2026-06-13,24,Risk It All,Bruno Mars,-,24,1
2026-06-13,25,World Cup,IShowSpeed,-,25,1
2026-06-20,1,Elumelu,Young Jonn,-,1,1
2026-06-20,2,Gabriela,KATSEYE,-,2,11
2026-06-20,3,Handle,Ravyn Lenae,-,3,1
2026-06-20,4,Back To Friends,sombr,-,2,24
2026-06-20,5,The Fate Of Ophelia,Taylor Swift,21,1,30
2026-06-20,6,Swim,BTS,16,6,3
2026-06-20,7,Choosin' Texas,Ella Langley,22,1,11
2026-06-20,8,Dracula,Tame Impala & JENNIE,4,3,13
2026-06-20,9,Man I Need,Olivia Dean,-,1,26
2026-06-20,10,As It Was,Harry Styles,-,1,42
2026-06-20,11,Caricature,FOLA,-,5,12
2026-06-20,12,BOOMPALA,Le Sserafim,-,12,1
2026-06-20,13,Dai Dai (FIFA World Cup Official Song 2026),Shakira X Burna Boy,-,13,1
2026-06-20,14,Hot Sauce,BABYMONSTER,-,5,4
2026-06-20,15,American Girls,Harry Styles,9,9,2
2026-06-20,16,Die On This Hill,Sienna Spiro,23,5,7
2026-06-20,17,Make You Mine,Madison Beer,-,17,2
2026-06-20,18,Goals (FIFA World Cup 2026),LISA x Anitta x Rema,-,18,1
2026-06-20,19,Sports Car,Tate McRae,-,1,12
2026-06-20,20,Risk It All,Bruno Mars,24,20,2
2026-06-20,21,Speaking Terms,Ella Langley,-,21,1
2026-06-20,22,Daydream,WENDY,-,13,2
2026-06-20,23,CHOOM,BABYMONSTER,-,23,1
2026-06-20,24,Nuevayol,Bad Bunny,-,24,1
2026-06-20,25,Just Wanna Cry,Meghan Trainor,-,25,1
2026-06-27,1,American Girls,Harry Styles,15,1,3
2026-06-27,2,Dracula,Tame Impala & JENNIE,8,2,14
2026-06-27,3,Elumelu,Young Jonn,1,1,2
2026-06-27,4,Aperture,Harry Styles,-,4,3
2026-06-27,5,Golden,"HUNTR/X: EJAE, Audrey Nuna & REI AMI",-,1,35
2026-06-27,6,Gratitude,Asake,-,6,2
2026-06-27,7,Swim,BTS,6,6,4
2026-06-27,8,Tornado,Ayra Starr,-,8,1
2026-06-27,9,Stateside,PinkPantheress With Zara Larsson,-,2,11
2026-06-27,10,Choosin' Texas,Ella Langley,7,1,12
2026-06-27,11,Homewrecker,sombr,-,11,1
2026-06-27,12,Back Outside,BNXN & Sarz,-,12,1
2026-06-27,13,Be Her,Ella Langley,-,6,6
2026-06-27,14,Fuji Moto,Seyi Vibez & Olamide,-,3,11
2026-06-27,15,Caricature,FOLA,11,5,13
2026-06-27,16,The Fate Of Ophelia,Taylor Swift,5,1,31
2026-06-27,17,Lush Life,Zara Larsson,-,3,21
2026-06-27,18,I Am,Omah Lay,-,1,5
2026-06-27,19,Misdemeanour,Duke Dumont Featuring Lapsley,-,19,1
2026-06-27,20,Jogodo,Wizkid & Asake,-,2,7
2026-06-27,21,Die On This Hill,Sienna Spiro,16,5,8
2026-06-27,22,Man I Need,Olivia Dean,9,1,27
2026-06-27,23,Back To Friends,sombr,4,2,25
2026-06-27,24,Boston,Stella Lefty,-,24,1
2026-06-27,25,"I Knew It, I Knew You",Taylor Swift,-,25,1
2026-07-04,1,Elumelu,Young Jonn,3,1,3
2026-07-04,2,Choosin' Texas,Ella Langley,10,1,13
2026-07-04,3,MCBH,Asake,-,3,1
2026-07-04,4,Back Outside,BNXN & Sarz,12,4,2
2026-07-04,5,Man I Need,Olivia Dean,22,1,28
2026-07-04,6,Jellyous,ILLIT x Sophie Powers,-,6,2
2026-07-04,7,I Am,Omah Lay,18,1,6
2026-07-04,8,Pinky Up,KATSEYE,-,3,7
2026-07-04,9,Lush Life,Zara Larsson,17,3,22
2026-07-04,10,Back To Friends,sombr,23,2,26
2026-07-04,11,Dracula,Tame Impala & JENNIE,2,2,15
2026-07-04,12,Be Her,Ella Langley,13,6,7
2026-07-04,13,The Cure,Olivia Rodrigo,-,6,2
2026-07-04,14,Stateside,PinkPantheress With Zara Larsson,9,2,12
2026-07-04,15,Swim,BTS,7,6,5
2026-07-04,16,Stupid Song,Olivia Rodrigo,-,16,1
2026-07-04,17,No Batidao,ZXKAI & slxughter,-,13,2
2026-07-04,18,Homewrecker,sombr,11,11,2
2026-07-04,19,Beat It,Michael Jackson,-,19,2
2026-07-04,20,Janice STFU,Drake,-,5,3
2026-07-04,21,Gabriela,KATSEYE,-,2,12
2026-07-04,22,It's Me,ILLIT,-,19,2
2026-07-04,23,Spend Dat,Yung Miami,-,23,1
2026-07-04,24,Risk It All,Bruno Mars,-,20,3
2026-07-04,25,Rockstar,LISA,-,9,3
2026-07-11,1,Bloodstream,Alyssa Grace,-,1,1
2026-07-11,2,Treat U Right,FOLA / Ayra Starr,-,2,1
2026-07-11,3,Elumelu,Young Jonn,1,1,4
2026-07-11,4,Alive,Jorja Smith Featuring Wizkid,-,4,1
2026-07-11,5,Golden,"HUNTR/X: EJAE, Audrey Nuna & REI AMI",-,1,36
2026-07-11,6,Homewrecker,sombr,18,6,3
2026-07-11,7,Elizabeth Taylor,Taylor Swift,-,7,1
2026-07-11,8,The Cure,Olivia Rodrigo,13,6,3
2026-07-11,9,Swim,BTS,15,6,6
2026-07-11,10,Gabriela,KATSEYE,21,2,13
2026-07-11,11,Choosin' Texas,Ella Langley,2,1,14
2026-07-11,12,Dracula,Tame Impala & JENNIE,11,2,16
2026-07-11,13,Dai Dai (FIFA World Cup Official Song 2026),Shakira X Burna Boy,-,13,2
2026-07-11,14,Beat It,Michael Jackson,19,14,3
2026-07-11,15,Man I Need,Olivia Dean,5,1,29
2026-07-11,16,Spend Dat,Yung Miami,23,16,2
2026-07-11,17,Opalite,Taylor Swift,-,2,20
2026-07-11,18,I Am,Omah Lay,7,1,7
2026-07-11,19,It's Me,ILLIT,22,19,3
2026-07-11,20,Highlights,YoungBoy Never Broke Again,-,20,1
2026-07-11,21,Back Outside,BNXN & Sarz,4,4,3
2026-07-11,22,I Can't Love You Anymore,Ella Langley & Morgan Wallen,-,10,2
2026-07-11,23,Focus,Hearts2Hearts,-,23,1
2026-07-11,24,Back To Friends,sombr,10,2,27
2026-07-11,25,Stateside,PinkPantheress With Zara Larsson,14,2,13
2026-07-18,1,Treat U Right,FOLA / Ayra Starr,2,1,2
2026-07-18,2,Stupid Song,Olivia Rodrigo,-,2,2
2026-07-18,3,Gratitude,Asake,-,3,3
2026-07-18,4,Elumelu,Young Jonn,3,1,5
2026-07-18,5,The Cure,Olivia Rodrigo,8,5,4
2026-07-18,6,Choosin' Texas,Ella Langley,11,1,15
2026-07-18,7,Bloodstream,Alyssa Grace,1,1,2
2026-07-18,8,Dracula,Tame Impala & JENNIE,12,2,17
2026-07-18,9,It's Me,ILLIT,19,9,4
2026-07-18,10,I Am,Omah Lay,18,1,8
2026-07-18,11,The Author,Brandon Lake & Nick Jonas,-,11,1
2026-07-18,12,Tornado,Ayra Starr,-,8,2
2026-07-18,13,Forever Be Mine,Gunna Featuring Wizkid,-,13,1
2026-07-18,14,Dai Dai (FIFA World Cup Official Song 2026),Shakira X Burna Boy,13,13,3
2026-07-18,15,Total Eclipse Of The Heart,Bonnie Tyler,-,15,2
2026-07-18,16,What You Need,Tems,-,16,1
2026-07-18,17,Let 'Em Know,T.I.,-,13,3
2026-07-18,18,Spend Dat,Yung Miami,16,16,3
2026-07-18,19,Janice STFU,Drake,-,5,4
2026-07-18,20,Back To Friends,sombr,24,2,28
2026-07-18,21,Empire State Of Mind,Jay-Z + Alicia Keys,-,21,1
2026-07-18,22,Be Her,Ella Langley,-,6,8
2026-07-18,23,So Easy (To Fall In Love),Olivia Dean,-,23,1
2026-07-18,24,Stateside,PinkPantheress With Zara Larsson,25,2,14
2026-07-18,25,I Feel So Free,Madonna,-,25,1
2026-07-25,1,Back To Friends,sombr,20,1,29
2026-07-25,2,Elumelu,Young Jonn,4,1,6
2026-07-25,3,Gratitude,Asake,3,3,4
2026-07-25,4,Bloodstream,Alyssa Grace,7,1,3
2026-07-25,5,Swim,BTS,-,5,7
2026-07-25,6,The Cure,Olivia Rodrigo,5,5,5
2026-07-25,7,Stupid Song,Olivia Rodrigo,2,2,3
2026-07-25,8,Don't Stop 'Til You Get Enough,Michael Jackson,-,8,1
2026-07-25,9,Choosin' Texas,Ella Langley,6,1,16
2026-07-25,10,Dracula,Tame Impala & JENNIE,8,2,18
2026-07-25,11,The Author,Brandon Lake & Nick Jonas,11,11,2
2026-07-25,12,Dai Dai (FIFA World Cup Official Song 2026),Shakira X Burna Boy,14,12,4
2026-07-25,13,Gabriela,KATSEYE,-,2,14
2026-07-25,14,Opalite,Taylor Swift,-,2,21
2026-07-25,15,I Can't Love You Anymore,Ella Langley & Morgan Wallen,-,10,3
2026-07-25,16,Movin' To The Sun,"HUGEL , Imael Angel & Ultra Nate",-,16,1
2026-07-25,17,I Am,Omah Lay,10,1,9
2026-07-25,18,Jellyous,ILLIT x Sophie Powers,-,6,3
2026-07-25,19,Spend Dat,Yung Miami,18,16,4
2026-07-25,20,Stateside,PinkPantheress With Zara Larsson,24,2,15
2026-07-25,21,Thriller,Michael Jackson,-,1,6
2026-07-25,22,Man I Need,Olivia Dean,-,1,30
2026-07-25,23,Go Away,Weezer Featuring Best Coast,-,9,3
2026-07-25,24,Self Aware,Temper City,-,24,1
2026-07-25,25,"I Knew It, I Knew You",Taylor Swift,-,25,2
2026-08-01,1,Gimme Dat Ting,Davido & NO11,-,1,1
2026-08-01,2,Bansanka,Taeyeon,-,2,1
2026-08-01,3,Dai Dai (FIFA World Cup Official Song 2026),Shakira X Burna Boy,12,3,5
2026-08-01,4,BB Lifestyle,Mavo & SSSoundGawd,-,4,1
2026-08-01,5,Man I Need,Olivia Dean,22,1,31
2026-08-01,6,Bloodstream,Alyssa Grace,4,1,4
2026-08-01,7,GO!,CORTIS,-,3,4
2026-08-01,8,It's Me,ILLIT,-,8,5
2026-08-01,9,Dead Fresh,Lil Baby,-,9,1
2026-08-01,10,Boat (Remix),Trim Featuring YKNIECE& BunnaB,-,2,4
2026-08-01,11,Sexy Nana,Aya Nakamura & La Rvfleuze,-,11,1
2026-08-01,12,That's Who I Praise,Brandon Lake,-,12,1
2026-08-01,13,Pinky Up,KATSEYE,-,3,8
2026-08-01,14,Sign,izna,-,14,1
2026-08-01,15,Boston,Stella Lefty,-,15,2
2026-08-01,16,REDRED,CORTIS,-,16,1
2026-08-01,17,Water,Syd,-,17,1
2026-08-01,18,Be Her,Ella Langley,-,6,9
2026-08-01,19,No Batidao,ZXKAI & slxughter,-,13,3
2026-08-01,20,Janice STFU,Drake,-,5,5
2026-08-01,21,That Girl,Tyla,-,21,1
2026-08-01,22,Choosin' Texas,Ella Langley,9,1,17
2026-08-01,23,Is It Love,Tyla,-,23,1
2026-08-01,24,Danceteria,Madonna,-,24,1
2026-08-01,25,La Perla,ROSALIA & Yahritza y Su Esencia,-,9,6
2026-08-08,1,Eja Meja,BNXN & Asake,-,1,1
2026-08-08,2,B4 B4,"Davido , Mayorkun & FOLA",-,2,1
2026-08-08,3,Dracula,Tame Impala & JENNIE,-,2,19
2026-08-08,4,Bloodstream,Alyssa Grace,6,1,5
2026-08-08,5,Choosin' Texas,Ella Langley,22,1,18
2026-08-08,6,Elumelu,Young Jonn,-,1,7
2026-08-08,7,Beat It,Michael Jackson,-,7,4
2026-08-08,8,Given Up On Me,The Weeknd,-,8,3
2026-08-08,9,The Cure,Olivia Rodrigo,-,5,6
2026-08-08,10,Babydoll,Dominic Fike,-,1,7
2026-08-08,11,AH HA,Cardi B,-,11,1
2026-08-08,12,What You Need,Tems,-,12,2
2026-08-08,13,That Girl,Tyla,21,13,2
2026-08-08,14,Is It Love,Tyla,23,14,2
2026-08-08,15,ACCRA GIRLS,"MOLIY, Sarkodie & Mellissa",-,15,1
2026-08-08,16,Risk It All,Bruno Mars,-,16,4
2026-08-08,17,Slick,Victony,-,17,1
2026-08-08,18,"I Knew It, I Knew You",Taylor Swift,-,18,3
2026-08-08,19,BOOMPALA,Le Sserafim,-,12,2
2026-08-08,20,Kiss,Tyla,-,20,1
2026-08-08,21,Back To Friends,sombr,-,1,30
2026-08-08,22,I Can't Love You Anymore,Ella Langley & Morgan Wallen,-,10,4
2026-08-08,23,Spend Dat,Yung Miami,-,16,5
2026-08-08,24,Shabang,Drake,-,10,3
2026-08-08,25,Folded,Kehlani,-,2,9
2026-08-15,1,TEA,Rema,-,1,1
2026-08-15,2,Elumelu,Young Jonn,6,1,8
2026-08-15,3,Dracula,Tame Impala & JENNIE,3,2,20
2026-08-15,4,Bloodstream,Alyssa Grace,4,1,6
2026-08-15,5,Slick,Victony,17,5,2
2026-08-15,6,Dai Dai (FIFA World Cup Official Song 2026),Shakira X Burna Boy,-,3,6
2026-08-15,7,Choosin' Texas,Ella Langley,5,1,19
2026-08-15,8,Man I Need,Olivia Dean,-,1,32
2026-08-15,9,Stupid Song,Olivia Rodrigo,-,2,4
2026-08-15,10,Last Man Breathin,Pooh Shiesty,-,10,1
2026-08-15,11,"I Knew It, I Knew You",Taylor Swift,18,11,4
2026-08-15,12,Gabriela,KATSEYE,-,2,15
2026-08-15,13,AH HA,Cardi B,11,11,2
2026-08-15,14,Boston,Stella Lefty,-,14,3
2026-08-15,15,Hate That I Made You Love Me,Ariana Grande,-,15,1
2026-08-15,16,The Cure,Olivia Rodrigo,9,5,7
2026-08-15,17,I Am,Omah Lay,-,1,10
2026-08-15,18,I Can't Love You Anymore,Ella Langley & Morgan Wallen,22,10,5
2026-08-15,19,Reap What You Sow,Pooh Shiesty,-,19,1
2026-08-15,20,It's Me,ILLIT,-,8,6
2026-08-15,21,Ordinary,Alex Warren,-,21,1
2026-08-15,22,Folded,Kehlani,25,2,10
2026-08-15,23,Back To Friends,sombr,21,1,31
2026-08-15,24,The Author,Brandon Lake & Nick Jonas,-,11,3
2026-08-15,25,Swim,BTS,-,5,8
2026-08-22,1,GTA,Seyi Vibez,-,1,1
2026-08-22,2,TEA,Rema,1,1,2
2026-08-22,3,Elumelu,Young Jonn,2,1,9
2026-08-22,4,Choosin' Texas,Ella Langley,7,1,20
2026-08-22,5,Bloodstream,Alyssa Grace,4,1,7
2026-08-22,6,The Cure,Olivia Rodrigo,16,5,8
2026-08-22,7,Dai Dai (FIFA World Cup Official Song 2026),Shakira X Burna Boy,6,3,7
2026-08-22,8,Stupid Song,Olivia Rodrigo,9,2,5
2026-08-22,9,"I Knew It, I Knew You",Taylor Swift,11,9,5
2026-08-22,10,Slick,Victony,5,5,3
2026-08-22,11,Dracula,Tame Impala & JENNIE,3,2,21
2026-08-22,12,Boston,Stella Lefty,14,12,4
2026-08-22,13,Animal,KATSEYE,-,13,1
2026-08-22,14,Reap What You Sow,Pooh Shiesty,19,14,2
2026-08-22,15,Man I Need,Olivia Dean,8,1,33
2026-08-22,16,Iconic By Mistake,"Le Sserafim , ILLIT & KATSEYE",-,16,1
2026-08-22,17,Last Man Breathin,Pooh Shiesty,10,10,2
2026-08-22,18,Dangerous,Ayra Starr,-,18,1
2026-08-22,19,Be Her,Ella Langley,-,6,10
2026-08-22,20,It's Me,ILLIT,20,8,7
2026-08-22,21,Pinky Up,KATSEYE,-,3,9
2026-08-22,22,Heaven Baby,Ayra Starr Featuring ZAYN,-,22,1
2026-08-22,23,Risk It All,Bruno Mars,-,16,5
2026-08-22,24,Ordinary,Alex Warren,21,21,2
2026-08-22,25,Spend Dat,Yung Miami,-,16,6
