Date,Rank,Song,Artist,Last Week,Peak Position,Weeks on Chart
2022-02-19,1,Amsterdam,"Christian D In Collaboration With $hirak, Brysa & Ashafar",-,1,1
2022-02-19,2,Dat Heb Jij Gedaan,MEAU,-,2,1
2022-02-19,3,Vluchtstrook,"Kris Kross Amsterdam , Antoon & Sigourney K",-,3,1
2022-02-19,4,Jongens Van Plein,Lil Kleine Featuring JoeyAK,-,4,1
2022-02-19,5,Amsterdam,FLEMMING,-,5,1
2022-02-19,6,abcdefu,GAYLE,-,6,1
2022-02-19,7,Enemy,Imagine Dragons X JID,-,7,1
2022-02-19,8,The Motto,Tiesto & Ava Max,-,8,1
2022-02-19,9,Honderd Ruggen,Lil Kleine,-,9,1
2022-02-19,10,Heat Waves,Glass Animals,-,10,1
2022-02-19,11,L'enfer,Stromae,-,11,1
2022-02-19,12,Zij Wil Mij,FLEMMING,-,12,1
2022-02-19,13,Do It To It,Acraze Featuring Cherish,-,13,1
2022-02-19,14,Fingers Crossed,Lauren Spencer Smith,-,14,1
2022-02-19,15,Peru,Fireboy DML & Ed Sheeran,-,15,1
2022-02-19,16,Easy On Me,Adele,-,16,1
2022-02-19,17,Cold Heart (PNAU Remix),Elton John & Dua Lipa,-,17,1
2022-02-19,18,Thunder,Gabry Ponte X LUM!X X Prezioso,-,18,1
2022-02-19,19,Moth To A Flame,Swedish House Mafia & The Weeknd,-,19,1
2022-02-19,20,Hard To Say Goodbye,RONDE,-,20,1
2022-02-19,21,In M'n Bloed,Snelle,-,21,1
2022-02-19,22,Pepas,Farruko,-,22,1
2022-02-19,23,Shivers,Ed Sheeran,-,23,1
2022-02-19,24,Love Nwantiti (Ah Ah Ah),CKay,-,24,1
2022-02-19,25,Emiliana,CKay,-,25,1
2022-02-26,1,Je Blik Richting Mij,Bankzitters,-,1,1
2022-02-26,2,Amsterdam,"Christian D In Collaboration With $hirak, Brysa & Ashafar",1,1,2
2022-02-26,3,Dat Heb Jij Gedaan,MEAU,2,2,2
2022-02-26,4,Vluchtstrook,"Kris Kross Amsterdam , Antoon & Sigourney K",3,3,2
2022-02-26,5,The Motto,Tiesto & Ava Max,8,5,2
2022-02-26,6,Jongens Van Plein,Lil Kleine Featuring JoeyAK,4,4,2
2022-02-26,7,Enemy,Imagine Dragons X JID,7,7,2
2022-02-26,8,Amsterdam,FLEMMING,5,5,2
2022-02-26,9,abcdefu,GAYLE,6,6,2
2022-02-26,10,Heat Waves,Glass Animals,10,10,2
2022-02-26,11,Zoveel Takkies,Josylvio,-,11,1
2022-02-26,12,Zij Wil Mij,FLEMMING,12,12,2
2022-02-26,13,L'enfer,Stromae,11,11,2
2022-02-26,14,Do It To It,Acraze Featuring Cherish,13,13,2
2022-02-26,15,Peru,Fireboy DML & Ed Sheeran,15,15,2
2022-02-26,16,Fingers Crossed,Lauren Spencer Smith,14,14,2
2022-02-26,17,Thunder,Gabry Ponte X LUM!X X Prezioso,18,17,2
2022-02-26,18,Easy On Me,Adele,16,16,2
2022-02-26,19,Honderd Ruggen,Lil Kleine,9,9,2
2022-02-26,20,Pepas,Farruko,22,20,2
2022-02-26,21,Emiliana,CKay,25,21,2
2022-02-26,22,Hard To Say Goodbye,RONDE,20,20,2
2022-02-26,23,Shivers,Ed Sheeran,23,23,2
2022-02-26,24,In M'n Bloed,Snelle,21,21,2
2022-02-26,25,Cold Heart (PNAU Remix),Elton John & Dua Lipa,17,17,2
2022-03-05,1,Je Blik Richting Mij,Bankzitters,1,1,2
2022-03-05,2,Amsterdam,"Christian D In Collaboration With $hirak, Brysa & Ashafar",2,1,3
2022-03-05,3,Dat Heb Jij Gedaan,MEAU,3,2,3
2022-03-05,4,Vluchtstrook,"Kris Kross Amsterdam , Antoon & Sigourney K",4,3,3
2022-03-05,5,The Motto,Tiesto & Ava Max,5,5,3
2022-03-05,6,Enemy,Imagine Dragons X JID,7,6,3
2022-03-05,7,Amsterdam,FLEMMING,8,5,3
2022-03-05,8,abcdefu,GAYLE,9,6,3
2022-03-05,9,Heat Waves,Glass Animals,10,9,3
2022-03-05,10,Zij Wil Mij,FLEMMING,12,10,3
2022-03-05,11,L'enfer,Stromae,13,11,3
2022-03-05,12,Peru,Fireboy DML & Ed Sheeran,15,12,3
2022-03-05,13,Jongens Van Plein,Lil Kleine Featuring JoeyAK,6,4,3
2022-03-05,14,Fingers Crossed,Lauren Spencer Smith,16,14,3
2022-03-05,15,Zoveel Takkies,Josylvio,11,11,2
2022-03-05,16,Do It To It,Acraze Featuring Cherish,14,13,3
2022-03-05,17,Thunder,Gabry Ponte X LUM!X X Prezioso,17,17,3
2022-03-05,18,Pepas,Farruko,20,18,3
2022-03-05,19,Hard To Say Goodbye,RONDE,22,19,3
2022-03-05,20,Easy On Me,Adele,18,16,3
2022-03-05,21,Emiliana,CKay,21,21,3
2022-03-05,22,Shivers,Ed Sheeran,23,22,3
2022-03-05,23,Ghost,Justin Bieber,-,23,1
2022-03-05,24,It'll Be Okay,Shawn Mendes,-,24,1
2022-03-05,25,Cold Heart (PNAU Remix),Elton John & Dua Lipa,25,17,3
2022-03-12,1,Amsterdam,"Christian D In Collaboration With $hirak, Brysa & Ashafar",2,1,4
2022-03-12,2,Vluchtstrook,"Kris Kross Amsterdam , Antoon & Sigourney K",4,2,4
2022-03-12,3,Dat Heb Jij Gedaan,MEAU,3,2,4
2022-03-12,4,Je Blik Richting Mij,Bankzitters,1,1,3
2022-03-12,5,Hallo,Antoon,-,5,1
2022-03-12,6,The Motto,Tiesto & Ava Max,5,5,4
2022-03-12,7,Enemy,Imagine Dragons X JID,6,6,4
2022-03-12,8,Heat Waves,Glass Animals,9,8,4
2022-03-12,9,abcdefu,GAYLE,8,6,4
2022-03-12,10,Amsterdam,FLEMMING,7,5,4
2022-03-12,11,Zij Wil Mij,FLEMMING,10,10,4
2022-03-12,12,Peru,Fireboy DML & Ed Sheeran,12,12,4
2022-03-12,13,L'enfer,Stromae,11,11,4
2022-03-12,14,Do It To It,Acraze Featuring Cherish,16,13,4
2022-03-12,15,Fingers Crossed,Lauren Spencer Smith,14,14,4
2022-03-12,16,Dansen Op Labanta,GLOWINTHEDARK & SFB Featuring Philly More,-,16,1
2022-03-12,17,Pepas,Farruko,18,17,4
2022-03-12,18,Bieber Van De Kroeg,Donnie & Mart Hoogkamer,-,18,1
2022-03-12,19,Thunder,Gabry Ponte X LUM!X X Prezioso,17,17,4
2022-03-12,20,Hard To Say Goodbye,RONDE,19,19,4
2022-03-12,21,Ons Moeder Zeej Nog,Jan Biggel,-,21,1
2022-03-12,22,Shivers,Ed Sheeran,22,22,4
2022-03-12,23,Emiliana,CKay,21,21,4
2022-03-12,24,Cold Heart (PNAU Remix),Elton John & Dua Lipa,25,17,4
2022-03-12,25,Ghost,Justin Bieber,23,23,2
2022-03-19,1,Hallo,Antoon,5,1,2
2022-03-19,2,De Diepte,S10,-,2,1
2022-03-19,3,Amsterdam,"Christian D In Collaboration With $hirak, Brysa & Ashafar",1,1,5
2022-03-19,4,Vluchtstrook,"Kris Kross Amsterdam , Antoon & Sigourney K",2,2,5
2022-03-19,5,Hotelschool,Antoon,-,5,1
2022-03-19,6,Dat Heb Jij Gedaan,MEAU,3,2,5
2022-03-19,7,L'enfer,Stromae,13,7,5
2022-03-19,8,Okee Shordy,"Trobi, Ronnie Flex, Chivv & ADF Samski",-,8,1
2022-03-19,9,Je Blik Richting Mij,Bankzitters,4,1,4
2022-03-19,10,The Motto,Tiesto & Ava Max,6,5,5
2022-03-19,11,Peru,Fireboy DML & Ed Sheeran,12,11,5
2022-03-19,12,Enemy,Imagine Dragons X JID,7,6,5
2022-03-19,13,Heat Waves,Glass Animals,8,8,5
2022-03-19,14,Zij Wil Mij,FLEMMING,11,10,5
2022-03-19,15,abcdefu,GAYLE,9,6,5
2022-03-19,16,Amsterdam,FLEMMING,10,5,5
2022-03-19,17,Dansen Op Labanta,GLOWINTHEDARK & SFB Featuring Philly More,16,16,2
2022-03-19,18,Fingers Crossed,Lauren Spencer Smith,15,14,5
2022-03-19,19,Do It To It,Acraze Featuring Cherish,14,13,5
2022-03-19,20,Bieber Van De Kroeg,Donnie & Mart Hoogkamer,18,18,2
2022-03-19,21,Emiliana,CKay,23,21,5
2022-03-19,22,Shivers,Ed Sheeran,22,22,5
2022-03-19,23,Pepas,Farruko,17,17,5
2022-03-19,24,Sante,Stromae,-,24,1
2022-03-19,25,Hard To Say Goodbye,RONDE,20,19,5
2022-03-26,1,Hallo,Antoon,1,1,3
2022-03-26,2,Hotelschool,Antoon,5,2,2
2022-03-26,3,De Diepte,S10,2,2,2
2022-03-26,4,Vluchtstrook,"Kris Kross Amsterdam , Antoon & Sigourney K",4,2,6
2022-03-26,5,Amsterdam,"Christian D In Collaboration With $hirak, Brysa & Ashafar",3,1,6
2022-03-26,6,Dat Heb Jij Gedaan,MEAU,6,2,6
2022-03-26,7,Je Blik Richting Mij,Bankzitters,9,1,5
2022-03-26,8,Okee Shordy,"Trobi, Ronnie Flex, Chivv & ADF Samski",8,8,2
2022-03-26,9,1234,"Cristian D, Bilal Wahib, & LA$$A",-,9,1
2022-03-26,10,Honderd Keer,Suzan & Freek,-,10,1
2022-03-26,11,The Motto,Tiesto & Ava Max,10,5,6
2022-03-26,12,L'enfer,Stromae,7,7,6
2022-03-26,13,Peru,Fireboy DML & Ed Sheeran,11,11,6
2022-03-26,14,Heat Waves,Glass Animals,13,8,6
2022-03-26,15,Enemy,Imagine Dragons X JID,12,6,6
2022-03-26,16,Zij Wil Mij,FLEMMING,14,10,6
2022-03-26,17,Dansen Op Labanta,GLOWINTHEDARK & SFB Featuring Philly More,17,16,3
2022-03-26,18,Amsterdam,FLEMMING,16,5,6
2022-03-26,19,abcdefu,GAYLE,15,6,6
2022-03-26,20,Bieber Van De Kroeg,Donnie & Mart Hoogkamer,20,18,3
2022-03-26,21,Leuk,Antoon & Big2,-,21,1
2022-03-26,22,Bam Bam,Camila Cabello Featuring Ed Sheeran,-,22,1
2022-03-26,23,Do It To It,Acraze Featuring Cherish,19,13,6
2022-03-26,24,Fingers Crossed,Lauren Spencer Smith,18,14,6
2022-03-26,25,Tantoe Lekker,Antoon & Big2,-,25,1
2022-04-02,1,Hallo,Antoon,1,1,4
2022-04-02,2,Hotelschool,Antoon,2,2,3
2022-04-02,3,De Diepte,S10,3,2,3
2022-04-02,4,Vluchtstrook,"Kris Kross Amsterdam , Antoon & Sigourney K",4,2,7
2022-04-02,5,Amsterdam,"Christian D In Collaboration With $hirak, Brysa & Ashafar",5,1,7
2022-04-02,6,Tantoe Lekker,Antoon & Big2,25,6,2
2022-04-02,7,Dat Heb Jij Gedaan,MEAU,6,2,7
2022-04-02,8,1234,"Cristian D, Bilal Wahib, & LA$$A",9,8,2
2022-04-02,9,The Motto,Tiesto & Ava Max,11,5,7
2022-04-02,10,Okee Shordy,"Trobi, Ronnie Flex, Chivv & ADF Samski",8,8,3
2022-04-02,11,Je Blik Richting Mij,Bankzitters,7,1,6
2022-04-02,12,Bieber Van De Kroeg,Donnie & Mart Hoogkamer,20,12,4
2022-04-02,13,Peru,Fireboy DML & Ed Sheeran,13,11,7
2022-04-02,14,L'enfer,Stromae,12,7,7
2022-04-02,15,Heat Waves,Glass Animals,14,8,7
2022-04-02,16,Zij Wil Mij,FLEMMING,16,10,7
2022-04-02,17,Honderd Keer,Suzan & Freek,10,10,2
2022-04-02,18,Enemy,Imagine Dragons X JID,15,6,7
2022-04-02,19,Dansen Op Labanta,GLOWINTHEDARK & SFB Featuring Philly More,17,16,4
2022-04-02,20,Zoveel Pijn,Sevn Alias & Kempi,-,20,1
2022-04-02,21,Bam Bam,Camila Cabello Featuring Ed Sheeran,22,21,2
2022-04-02,22,Amsterdam,FLEMMING,18,5,7
2022-04-02,23,abcdefu,GAYLE,19,6,7
2022-04-02,24,Fingers Crossed,Lauren Spencer Smith,24,14,7
2022-04-02,25,Leuk,Antoon & Big2,21,21,2
2022-04-09,1,Hallo,Antoon,1,1,5
2022-04-09,2,Hotelschool,Antoon,2,2,4
2022-04-09,3,Vluchtstrook,"Kris Kross Amsterdam , Antoon & Sigourney K",4,2,8
2022-04-09,4,De Diepte,S10,3,2,4
2022-04-09,5,Tantoe Lekker,Antoon & Big2,6,5,3
2022-04-09,6,Vanavond (Uit M'N Bol),"Kris Kross Amsterdam , Donnie & Tino Martin",-,6,1
2022-04-09,7,Dat Heb Jij Gedaan,MEAU,7,2,8
2022-04-09,8,The Motto,Tiesto & Ava Max,9,5,8
2022-04-09,9,Amsterdam,"Christian D In Collaboration With $hirak, Brysa & Ashafar",5,1,8
2022-04-09,10,Okee Shordy,"Trobi, Ronnie Flex, Chivv & ADF Samski",10,8,4
2022-04-09,11,Bieber Van De Kroeg,Donnie & Mart Hoogkamer,12,11,5
2022-04-09,12,1234,"Cristian D, Bilal Wahib, & LA$$A",8,8,3
2022-04-09,13,Peru,Fireboy DML & Ed Sheeran,13,11,8
2022-04-09,14,Honderd Keer,Suzan & Freek,17,10,3
2022-04-09,15,Bam Bam,Camila Cabello Featuring Ed Sheeran,21,15,3
2022-04-09,16,Je Blik Richting Mij,Bankzitters,11,1,7
2022-04-09,17,Heat Waves,Glass Animals,15,8,8
2022-04-09,18,L'enfer,Stromae,14,7,8
2022-04-09,19,Zij Wil Mij,FLEMMING,16,10,8
2022-04-09,20,Enemy,Imagine Dragons X JID,18,6,8
2022-04-09,21,First Day Out 2,JoeyAK,-,21,1
2022-04-09,22,abcdefu,GAYLE,23,6,8
2022-04-09,23,Amsterdam,FLEMMING,22,5,8
2022-04-09,24,Dansen Op Labanta,GLOWINTHEDARK & SFB Featuring Philly More,19,16,5
2022-04-09,25,Donkere Dagen,Trobi Featuring Lijpe & Emms,-,25,1
2022-04-16,1,As It Was,Harry Styles,-,1,1
2022-04-16,2,Hallo,Antoon,1,1,6
2022-04-16,3,Hotelschool,Antoon,2,2,5
2022-04-16,4,Vanavond (Uit M'N Bol),"Kris Kross Amsterdam , Donnie & Tino Martin",6,4,2
2022-04-16,5,Vluchtstrook,"Kris Kross Amsterdam , Antoon & Sigourney K",3,2,9
2022-04-16,6,De Diepte,S10,4,2,5
2022-04-16,7,Tantoe Lekker,Antoon & Big2,5,5,4
2022-04-16,8,Dat Heb Jij Gedaan,MEAU,7,2,9
2022-04-16,9,Bieber Van De Kroeg,Donnie & Mart Hoogkamer,11,9,6
2022-04-16,10,Okee Shordy,"Trobi, Ronnie Flex, Chivv & ADF Samski",10,8,5
2022-04-16,11,The Motto,Tiesto & Ava Max,8,5,9
2022-04-16,12,Bam Bam,Camila Cabello Featuring Ed Sheeran,15,12,4
2022-04-16,13,Amsterdam,"Christian D In Collaboration With $hirak, Brysa & Ashafar",9,1,9
2022-04-16,14,Honderd Keer,Suzan & Freek,14,10,4
2022-04-16,15,Peru,Fireboy DML & Ed Sheeran,13,11,9
2022-04-16,16,1234,"Cristian D, Bilal Wahib, & LA$$A",12,8,4
2022-04-16,17,Heat Waves,Glass Animals,17,8,9
2022-04-16,18,Zij Wil Mij,FLEMMING,19,10,9
2022-04-16,19,L'enfer,Stromae,18,7,9
2022-04-16,20,Je Blik Richting Mij,Bankzitters,16,1,8
2022-04-16,21,Another Love,Tom Odell,-,21,1
2022-04-16,22,Enemy,Imagine Dragons X JID,20,6,9
2022-04-16,23,Amsterdam,FLEMMING,23,5,9
2022-04-16,24,abcdefu,GAYLE,22,6,9
2022-04-16,25,Fingers Crossed,Lauren Spencer Smith,-,14,8
2022-04-23,1,As It Was,Harry Styles,1,1,2
2022-04-23,2,Vanavond (Uit M'N Bol),"Kris Kross Amsterdam , Donnie & Tino Martin",4,2,3
2022-04-23,3,Hallo,Antoon,2,1,7
2022-04-23,4,Hotelschool,Antoon,3,2,6
2022-04-23,5,Vluchtstrook,"Kris Kross Amsterdam , Antoon & Sigourney K",5,2,10
2022-04-23,6,Bam Bam,Camila Cabello Featuring Ed Sheeran,12,6,5
2022-04-23,7,Bieber Van De Kroeg,Donnie & Mart Hoogkamer,9,7,7
2022-04-23,8,De Diepte,S10,6,2,6
2022-04-23,9,Tantoe Lekker,Antoon & Big2,7,5,5
2022-04-23,10,First Class,Jack Harlow,-,10,1
2022-04-23,11,Okee Shordy,"Trobi, Ronnie Flex, Chivv & ADF Samski",10,8,6
2022-04-23,12,The Motto,Tiesto & Ava Max,11,5,10
2022-04-23,13,Dat Heb Jij Gedaan,MEAU,8,2,10
2022-04-23,14,Peru,Fireboy DML & Ed Sheeran,15,11,10
2022-04-23,15,Honderd Keer,Suzan & Freek,14,10,5
2022-04-23,16,Amsterdam,"Christian D In Collaboration With $hirak, Brysa & Ashafar",13,1,10
2022-04-23,17,Zij Wil Mij,FLEMMING,18,10,10
2022-04-23,18,Heat Waves,Glass Animals,17,8,10
2022-04-23,19,1234,"Cristian D, Bilal Wahib, & LA$$A",16,8,5
2022-04-23,20,Anyone For You,George Ezra,-,20,1
2022-04-23,21,Trompeta,Willy William,-,21,1
2022-04-23,22,Another Love,Tom Odell,21,21,2
2022-04-23,23,L'enfer,Stromae,19,7,10
2022-04-23,24,Fingers Crossed,Lauren Spencer Smith,25,14,9
2022-04-23,25,Amsterdam,FLEMMING,23,5,10
2022-04-30,1,As It Was,Harry Styles,1,1,3
2022-04-30,2,Vanavond (Uit M'N Bol),"Kris Kross Amsterdam , Donnie & Tino Martin",2,2,4
2022-04-30,3,Hallo,Antoon,3,1,8
2022-04-30,4,Hotelschool,Antoon,4,2,7
2022-04-30,5,Vluchtstrook,"Kris Kross Amsterdam , Antoon & Sigourney K",5,2,11
2022-04-30,6,Bam Bam,Camila Cabello Featuring Ed Sheeran,6,6,6
2022-04-30,7,Bieber Van De Kroeg,Donnie & Mart Hoogkamer,7,7,8
2022-04-30,8,First Class,Jack Harlow,10,8,2
2022-04-30,9,Tantoe Lekker,Antoon & Big2,9,5,6
2022-04-30,10,The Motto,Tiesto & Ava Max,12,5,11
2022-04-30,11,Peru,Fireboy DML & Ed Sheeran,14,11,11
2022-04-30,12,De Diepte,S10,8,2,7
2022-04-30,13,Dat Heb Jij Gedaan,MEAU,13,2,11
2022-04-30,14,Ferrari,James Hype & Miggy Dela Rosa,-,14,1
2022-04-30,15,Honderd Keer,Suzan & Freek,15,10,6
2022-04-30,16,Okee Shordy,"Trobi, Ronnie Flex, Chivv & ADF Samski",11,8,7
2022-04-30,17,Trompeta,Willy William,21,17,2
2022-04-30,18,Zij Wil Mij,FLEMMING,17,10,11
2022-04-30,19,Amsterdam,"Christian D In Collaboration With $hirak, Brysa & Ashafar",16,1,11
2022-04-30,20,Heat Waves,Glass Animals,18,8,11
2022-04-30,21,Anyone For You,George Ezra,20,20,2
2022-04-30,22,Where Did You Go?,Jax Jones Featuring MNEK,-,22,1
2022-04-30,23,Amsterdam,FLEMMING,25,5,11
2022-04-30,24,In The Dark,Purple Disco Machine + Sophie And The Giants,-,24,1
2022-04-30,25,Cold Heart (PNAU Remix),Elton John & Dua Lipa,-,17,5
2022-05-07,1,As It Was,Harry Styles,1,1,4
2022-05-07,2,Vanavond (Uit M'N Bol),"Kris Kross Amsterdam , Donnie & Tino Martin",2,2,5
2022-05-07,3,Hallo,Antoon,3,1,9
2022-05-07,4,Hotelschool,Antoon,4,2,8
2022-05-07,5,Vluchtstrook,"Kris Kross Amsterdam , Antoon & Sigourney K",5,2,12
2022-05-07,6,Bam Bam,Camila Cabello Featuring Ed Sheeran,6,6,7
2022-05-07,7,Bieber Van De Kroeg,Donnie & Mart Hoogkamer,7,7,9
2022-05-07,8,Ferrari,James Hype & Miggy Dela Rosa,14,8,2
2022-05-07,9,First Class,Jack Harlow,8,8,3
2022-05-07,10,Tantoe Lekker,Antoon & Big2,9,5,7
2022-05-07,11,The Motto,Tiesto & Ava Max,10,5,12
2022-05-07,12,Peru,Fireboy DML & Ed Sheeran,11,11,12
2022-05-07,13,De Diepte,S10,12,2,8
2022-05-07,14,Trompeta,Willy William,17,14,3
2022-05-07,15,Honderd Keer,Suzan & Freek,15,10,7
2022-05-07,16,Dat Heb Jij Gedaan,MEAU,13,2,12
2022-05-07,17,Anyone For You,George Ezra,21,17,3
2022-05-07,18,Zij Wil Mij,FLEMMING,18,10,12
2022-05-07,19,Okee Shordy,"Trobi, Ronnie Flex, Chivv & ADF Samski",16,8,8
2022-05-07,20,Belly Dancer,Imanbek & BYOR,-,20,1
2022-05-07,21,Amsterdam,"Christian D In Collaboration With $hirak, Brysa & Ashafar",19,1,12
2022-05-07,22,Heat Waves,Glass Animals,20,8,12
2022-05-07,23,Where Did You Go?,Jax Jones Featuring MNEK,22,22,2
2022-05-07,24,Amsterdam,FLEMMING,23,5,12
2022-05-07,25,In The Dark,Purple Disco Machine + Sophie And The Giants,24,24,2
2022-05-14,1,As It Was,Harry Styles,1,1,5
2022-05-14,2,Ferrari,James Hype & Miggy Dela Rosa,8,2,3
2022-05-14,3,Vanavond (Uit M'N Bol),"Kris Kross Amsterdam , Donnie & Tino Martin",2,2,6
2022-05-14,4,Hallo,Antoon,3,1,10
2022-05-14,5,Hotelschool,Antoon,4,2,9
2022-05-14,6,Vluchtstrook,"Kris Kross Amsterdam , Antoon & Sigourney K",5,2,13
2022-05-14,7,Bam Bam,Camila Cabello Featuring Ed Sheeran,6,6,8
2022-05-14,8,Bieber Van De Kroeg,Donnie & Mart Hoogkamer,7,7,10
2022-05-14,9,De Diepte,S10,13,2,9
2022-05-14,10,Trompeta,Willy William,14,10,4
2022-05-14,11,Dat Heb Jij Gedaan,MEAU,16,2,13
2022-05-14,12,First Class,Jack Harlow,9,8,4
2022-05-14,13,Peru,Fireboy DML & Ed Sheeran,12,11,13
2022-05-14,14,Honderd Keer,Suzan & Freek,15,10,8
2022-05-14,15,The Motto,Tiesto & Ava Max,11,5,13
2022-05-14,16,Tantoe Lekker,Antoon & Big2,10,5,8
2022-05-14,17,Belly Dancer,Imanbek & BYOR,20,17,2
2022-05-14,18,Anyone For You,George Ezra,17,17,4
2022-05-14,19,Zij Wil Mij,FLEMMING,18,10,13
2022-05-14,20,Where Did You Go?,Jax Jones Featuring MNEK,23,20,3
2022-05-14,21,Amsterdam,FLEMMING,24,5,13
2022-05-14,22,100 Smsjes,Sigourney K & Ronnie Flex,-,22,1
2022-05-14,23,Heat Waves,Glass Animals,22,8,13
2022-05-14,24,Amsterdam,"Christian D In Collaboration With $hirak, Brysa & Ashafar",21,1,13
2022-05-14,25,Crazy What Love Can Do,David Guetta & Becky Hill & Ella Henderson,-,25,1
2022-05-21,1,As It Was,Harry Styles,1,1,6
2022-05-21,2,Ferrari,James Hype & Miggy Dela Rosa,2,2,4
2022-05-21,3,De Diepte,S10,9,2,10
2022-05-21,4,Vanavond (Uit M'N Bol),"Kris Kross Amsterdam , Donnie & Tino Martin",3,2,7
2022-05-21,5,Solo,Zoe Tauran Featuring Bilal Wahib,-,5,1
2022-05-21,6,Hallo,Antoon,4,1,11
2022-05-21,7,Hotelschool,Antoon,5,2,10
2022-05-21,8,Bam Bam,Camila Cabello Featuring Ed Sheeran,7,6,9
2022-05-21,9,Vluchtstrook,"Kris Kross Amsterdam , Antoon & Sigourney K",6,2,14
2022-05-21,10,Bieber Van De Kroeg,Donnie & Mart Hoogkamer,8,7,11
2022-05-21,11,First Class,Jack Harlow,12,8,5
2022-05-21,12,Trompeta,Willy William,10,10,5
2022-05-21,13,Honderd Keer,Suzan & Freek,14,10,9
2022-05-21,14,100 Smsjes,Sigourney K & Ronnie Flex,22,14,2
2022-05-21,15,Peru,Fireboy DML & Ed Sheeran,13,11,14
2022-05-21,16,Belly Dancer,Imanbek & BYOR,17,16,3
2022-05-21,17,Gabos,JoeyAK,-,17,1
2022-05-21,18,Tantoe Lekker,Antoon & Big2,16,5,9
2022-05-21,19,The Motto,Tiesto & Ava Max,15,5,14
2022-05-21,20,Automatisch,FLEMMING,-,20,1
2022-05-21,21,Dat Heb Jij Gedaan,MEAU,11,2,14
2022-05-21,22,Anyone For You,George Ezra,18,17,5
2022-05-21,23,Where Did You Go?,Jax Jones Featuring MNEK,20,20,4
2022-05-21,24,In The Stars,Benson Boone,-,24,1
2022-05-21,25,Zij Wil Mij,FLEMMING,19,10,14
2022-05-28,1,De Diepte,S10,3,1,11
2022-05-28,2,Bij Me Blijft,"$hirak In Collaboration With Cristian D, Bilal Wahib, Ronnie Flex & Boef",-,2,1
2022-05-28,3,Ferrari,James Hype & Miggy Dela Rosa,2,2,5
2022-05-28,4,As It Was,Harry Styles,1,1,7
2022-05-28,5,Vanavond (Uit M'N Bol),"Kris Kross Amsterdam , Donnie & Tino Martin",4,2,8
2022-05-28,6,Solo,Zoe Tauran Featuring Bilal Wahib,5,5,2
2022-05-28,7,Bam Bam,Camila Cabello Featuring Ed Sheeran,8,6,10
2022-05-28,8,Hallo,Antoon,6,1,12
2022-05-28,9,Hotelschool,Antoon,7,2,11
2022-05-28,10,Vluchtstrook,"Kris Kross Amsterdam , Antoon & Sigourney K",9,2,15
2022-05-28,11,Trompeta,Willy William,12,10,6
2022-05-28,12,Bieber Van De Kroeg,Donnie & Mart Hoogkamer,10,7,12
2022-05-28,13,In The Stars,Benson Boone,24,13,2
2022-05-28,14,100 Smsjes,Sigourney K & Ronnie Flex,14,14,3
2022-05-28,15,Belly Dancer,Imanbek & BYOR,16,15,4
2022-05-28,16,First Class,Jack Harlow,11,8,6
2022-05-28,17,Automatisch,FLEMMING,20,17,2
2022-05-28,18,Honderd Keer,Suzan & Freek,13,10,10
2022-05-28,19,Peru,Fireboy DML & Ed Sheeran,15,11,15
2022-05-28,20,Amazin',Idaly & Emms,-,20,1
2022-05-28,21,About Damn Time,Lizzo,-,21,1
2022-05-28,22,Anyone For You,George Ezra,22,17,6
2022-05-28,23,Where Did You Go?,Jax Jones Featuring MNEK,23,20,5
2022-05-28,24,The Motto,Tiesto & Ava Max,19,5,15
2022-05-28,25,N95,Kendrick Lamar,-,25,1
2022-06-04,1,As It Was,Harry Styles,4,1,8
2022-06-04,2,Ferrari,James Hype & Miggy Dela Rosa,3,2,6
2022-06-04,3,Bij Me Blijft,"$hirak In Collaboration With Cristian D, Bilal Wahib, Ronnie Flex & Boef",2,2,2
2022-06-04,4,De Diepte,S10,1,1,12
2022-06-04,5,Vanavond (Uit M'N Bol),"Kris Kross Amsterdam , Donnie & Tino Martin",5,2,9
2022-06-04,6,Late Night Talking,Harry Styles,-,6,1
2022-06-04,7,Bam Bam,Camila Cabello Featuring Ed Sheeran,7,6,11
2022-06-04,8,Solo,Zoe Tauran Featuring Bilal Wahib,6,5,3
2022-06-04,9,Amazin',Idaly & Emms,20,9,2
2022-06-04,10,Hallo,Antoon,8,1,13
2022-06-04,11,In The Stars,Benson Boone,13,11,3
2022-06-04,12,Automatisch,FLEMMING,17,12,3
2022-06-04,13,Music For A Sushi Restaurant,Harry Styles,-,13,1
2022-06-04,14,Trompeta,Willy William,11,10,7
2022-06-04,15,Vluchtstrook,"Kris Kross Amsterdam , Antoon & Sigourney K",10,2,16
2022-06-04,16,Hotelschool,Antoon,9,2,12
2022-06-04,17,Belly Dancer,Imanbek & BYOR,15,15,5
2022-06-04,18,About Damn Time,Lizzo,21,18,2
2022-06-04,19,Matilda,Harry Styles,-,19,1
2022-06-04,20,Bieber Van De Kroeg,Donnie & Mart Hoogkamer,12,7,13
2022-06-04,21,100 Smsjes,Sigourney K & Ronnie Flex,14,14,4
2022-06-04,22,Boot,FMG,-,22,1
2022-06-04,23,Honderd Keer,Suzan & Freek,18,10,11
2022-06-04,24,Little Freak,Harry Styles,-,24,1
2022-06-04,25,Crazy What Love Can Do,David Guetta & Becky Hill & Ella Henderson,-,25,2
2022-06-11,1,As It Was,Harry Styles,1,1,9
2022-06-11,2,Ferrari,James Hype & Miggy Dela Rosa,2,2,7
2022-06-11,3,Amazin',Idaly & Emms,9,3,3
2022-06-11,4,Bij Me Blijft,"$hirak In Collaboration With Cristian D, Bilal Wahib, Ronnie Flex & Boef",3,2,3
2022-06-11,5,Vanavond (Uit M'N Bol),"Kris Kross Amsterdam , Donnie & Tino Martin",5,2,10
2022-06-11,6,De Diepte,S10,4,1,13
2022-06-11,7,Bam Bam,Camila Cabello Featuring Ed Sheeran,7,6,12
2022-06-11,8,Solo,Zoe Tauran Featuring Bilal Wahib,8,5,4
2022-06-11,9,Automatisch,FLEMMING,12,9,4
2022-06-11,10,Klokken En Stenen,"Esko, Lijpe & JoeyAK",-,10,1
2022-06-11,11,In The Stars,Benson Boone,11,11,4
2022-06-11,12,Boot,FMG,22,12,2
2022-06-11,13,Hallo,Antoon,10,1,14
2022-06-11,14,Belly Dancer,Imanbek & BYOR,17,14,6
2022-06-11,15,Trompeta,Willy William,14,10,8
2022-06-11,16,About Damn Time,Lizzo,18,16,3
2022-06-11,17,Vluchtstrook,"Kris Kross Amsterdam , Antoon & Sigourney K",15,2,17
2022-06-11,18,Late Night Talking,Harry Styles,6,6,2
2022-06-11,19,Hotelschool,Antoon,16,2,13
2022-06-11,20,Excuseer,Boef,-,20,1
2022-06-11,21,Bieber Van De Kroeg,Donnie & Mart Hoogkamer,20,7,14
2022-06-11,22,Honderd Keer,Suzan & Freek,23,10,12
2022-06-11,23,100 Smsjes,Sigourney K & Ronnie Flex,21,14,5
2022-06-11,24,Running Up That Hill (A Deal With God),Kate Bush,-,24,1
2022-06-11,25,Crazy What Love Can Do,David Guetta & Becky Hill & Ella Henderson,25,25,3
2022-06-18,1,Ferrari,James Hype & Miggy Dela Rosa,2,1,8
2022-06-18,2,As It Was,Harry Styles,1,1,10
2022-06-18,3,Running Up That Hill (A Deal With God),Kate Bush,24,3,2
2022-06-18,4,Amazin',Idaly & Emms,3,3,4
2022-06-18,5,Olivia,Antoon,-,5,1
2022-06-18,6,Airmax BW,Kevin,-,6,1
2022-06-18,7,Vanavond (Uit M'N Bol),"Kris Kross Amsterdam , Donnie & Tino Martin",5,2,11
2022-06-18,8,Solo,Zoe Tauran Featuring Bilal Wahib,8,5,5
2022-06-18,9,Bam Bam,Camila Cabello Featuring Ed Sheeran,7,6,13
2022-06-18,10,Bij Me Blijft,"$hirak In Collaboration With Cristian D, Bilal Wahib, Ronnie Flex & Boef",4,2,4
2022-06-18,11,Automatisch,FLEMMING,9,9,5
2022-06-18,12,De Diepte,S10,6,1,14
2022-06-18,13,Boot,FMG,12,12,3
2022-06-18,14,In The Stars,Benson Boone,11,11,5
2022-06-18,15,Hallo,Antoon,13,1,15
2022-06-18,16,Belly Dancer,Imanbek & BYOR,14,14,7
2022-06-18,17,About Damn Time,Lizzo,16,16,4
2022-06-18,18,Trompeta,Willy William,15,10,9
2022-06-18,19,Hotelschool,Antoon,19,2,14
2022-06-18,20,I Want You,La Fuente,-,20,1
2022-06-18,21,Late Night Talking,Harry Styles,18,6,3
2022-06-18,22,Bieber Van De Kroeg,Donnie & Mart Hoogkamer,21,7,15
2022-06-18,23,Vluchtstrook,"Kris Kross Amsterdam , Antoon & Sigourney K",17,2,18
2022-06-18,24,100 Smsjes,Sigourney K & Ronnie Flex,23,14,6
2022-06-18,25,Toxic,Yade Lauren,-,25,1
2022-06-25,1,Olivia,Antoon,5,1,2
2022-06-25,2,Ferrari,James Hype & Miggy Dela Rosa,1,1,9
2022-06-25,3,As It Was,Harry Styles,2,1,11
2022-06-25,4,Running Up That Hill (A Deal With God),Kate Bush,3,3,3
2022-06-25,5,Amazin',Idaly & Emms,4,3,5
2022-06-25,6,In de Goot,Lijpe,-,6,1
2022-06-25,7,I Want You,La Fuente,20,7,2
2022-06-25,8,Vanavond (Uit M'N Bol),"Kris Kross Amsterdam , Donnie & Tino Martin",7,2,12
2022-06-25,9,Centraal Station,Antoon & Bilal Wahib,-,9,1
2022-06-25,10,Boot,FMG,13,10,4
2022-06-25,11,Automatisch,FLEMMING,11,9,6
2022-06-25,12,Bam Bam,Camila Cabello Featuring Ed Sheeran,9,6,14
2022-06-25,13,Solo,Zoe Tauran Featuring Bilal Wahib,8,5,6
2022-06-25,14,In The Stars,Benson Boone,14,11,6
2022-06-25,15,Bij Me Blijft,"$hirak In Collaboration With Cristian D, Bilal Wahib, Ronnie Flex & Boef",10,2,5
2022-06-25,16,Belly Dancer,Imanbek & BYOR,16,14,8
2022-06-25,17,Airmax BW,Kevin,6,6,2
2022-06-25,18,De Diepte,S10,12,1,15
2022-06-25,19,Hallo,Antoon,15,1,16
2022-06-25,20,Trompeta,Willy William,18,10,10
2022-06-25,21,About Damn Time,Lizzo,17,16,5
2022-06-25,22,Hotelschool,Antoon,19,2,15
2022-06-25,23,Vluchtstrook,"Kris Kross Amsterdam , Antoon & Sigourney K",23,2,19
2022-06-25,24,Bieber Van De Kroeg,Donnie & Mart Hoogkamer,22,7,16
2022-06-25,25,Late Night Talking,Harry Styles,21,6,4
2022-07-02,1,Olivia,Antoon,1,1,3
2022-07-02,2,Ferrari,James Hype & Miggy Dela Rosa,2,1,10
2022-07-02,3,As It Was,Harry Styles,3,1,12
2022-07-02,4,I Want You,La Fuente,7,4,3
2022-07-02,5,Boot,FMG,10,5,5
2022-07-02,6,Amazin',Idaly & Emms,5,3,6
2022-07-02,7,Automatisch,FLEMMING,11,7,7
2022-07-02,8,Vanavond (Uit M'N Bol),"Kris Kross Amsterdam , Donnie & Tino Martin",8,2,13
2022-07-02,9,Running Up That Hill (A Deal With God),Kate Bush,4,3,4
2022-07-02,10,Bam Bam,Camila Cabello Featuring Ed Sheeran,12,6,15
2022-07-02,11,In The Stars,Benson Boone,14,11,7
2022-07-02,12,Centraal Station,Antoon & Bilal Wahib,9,9,2
2022-07-02,13,Belly Dancer,Imanbek & BYOR,16,13,9
2022-07-02,14,Solo,Zoe Tauran Featuring Bilal Wahib,13,5,7
2022-07-02,15,Bij Me Blijft,"$hirak In Collaboration With Cristian D, Bilal Wahib, Ronnie Flex & Boef",15,2,6
2022-07-02,16,Glimpse Of Us,Joji,-,16,1
2022-07-02,17,Trompeta,Willy William,20,10,11
2022-07-02,18,About Damn Time,Lizzo,21,16,6
2022-07-02,19,Bieber Van De Kroeg,Donnie & Mart Hoogkamer,24,7,17
2022-07-02,20,Hotelschool,Antoon,22,2,16
2022-07-02,21,Crazy What Love Can Do,David Guetta & Becky Hill & Ella Henderson,-,21,4
2022-07-02,22,De Diepte,S10,18,1,16
2022-07-02,23,Jimmy Cooks,Drake Featuring 21 Savage,-,23,1
2022-07-02,24,Vluchtstrook,"Kris Kross Amsterdam , Antoon & Sigourney K",23,2,20
2022-07-02,25,Doelen,Josylvio & KA,-,25,1
2022-07-09,1,Ferrari,James Hype & Miggy Dela Rosa,2,1,11
2022-07-09,2,Olivia,Antoon,1,1,4
2022-07-09,3,I Want You,La Fuente,4,3,4
2022-07-09,4,As It Was,Harry Styles,3,1,13
2022-07-09,5,Boot,FMG,5,5,6
2022-07-09,6,Automatisch,FLEMMING,7,6,8
2022-07-09,7,Running Up That Hill (A Deal With God),Kate Bush,9,3,5
2022-07-09,8,Amazin',Idaly & Emms,6,3,7
2022-07-09,9,Bam Bam,Camila Cabello Featuring Ed Sheeran,10,6,16
2022-07-09,10,In The Stars,Benson Boone,11,10,8
2022-07-09,11,Vanavond (Uit M'N Bol),"Kris Kross Amsterdam , Donnie & Tino Martin",8,2,14
2022-07-09,12,Glimpse Of Us,Joji,16,12,2
2022-07-09,13,Belly Dancer,Imanbek & BYOR,13,13,10
2022-07-09,14,Centraal Station,Antoon & Bilal Wahib,12,9,3
2022-07-09,15,Break My Soul,Beyonce,-,15,1
2022-07-09,16,Trompeta,Willy William,17,10,12
2022-07-09,17,Crazy What Love Can Do,David Guetta & Becky Hill & Ella Henderson,21,17,5
2022-07-09,18,Bij Me Blijft,"$hirak In Collaboration With Cristian D, Bilal Wahib, Ronnie Flex & Boef",15,2,7
2022-07-09,19,Solo,Zoe Tauran Featuring Bilal Wahib,14,5,8
2022-07-09,20,Hotelschool,Antoon,20,2,17
2022-07-09,21,About Damn Time,Lizzo,18,16,7
2022-07-09,22,Vluchtstrook,"Kris Kross Amsterdam , Antoon & Sigourney K",24,2,21
2022-07-09,23,Calm Down,Rema & Selena Gomez,-,23,1
2022-07-09,24,I Ain't Worried,OneRepublic,-,24,1
2022-07-09,25,Love Myself,RONDE,-,25,1
2022-07-16,1,I Want You,La Fuente,3,1,5
2022-07-16,2,Ferrari,James Hype & Miggy Dela Rosa,1,1,12
2022-07-16,3,As It Was,Harry Styles,4,1,14
2022-07-16,4,Olivia,Antoon,2,1,5
2022-07-16,5,Boot,FMG,5,5,7
2022-07-16,6,Running Up That Hill (A Deal With God),Kate Bush,7,3,6
2022-07-16,7,Automatisch,FLEMMING,6,6,9
2022-07-16,8,In The Stars,Benson Boone,10,8,9
2022-07-16,9,Amazin',Idaly & Emms,8,3,8
2022-07-16,10,Vanavond (Uit M'N Bol),"Kris Kross Amsterdam , Donnie & Tino Martin",11,2,15
2022-07-16,11,Bam Bam,Camila Cabello Featuring Ed Sheeran,9,6,17
2022-07-16,12,Belly Dancer,Imanbek & BYOR,13,12,11
2022-07-16,13,Glimpse Of Us,Joji,12,12,3
2022-07-16,14,Crazy What Love Can Do,David Guetta & Becky Hill & Ella Henderson,17,14,6
2022-07-16,15,I Ain't Worried,OneRepublic,24,15,2
2022-07-16,16,Trompeta,Willy William,16,10,13
2022-07-16,17,Love Myself,RONDE,25,17,2
2022-07-16,18,Calm Down,Rema & Selena Gomez,23,18,2
2022-07-16,19,Centraal Station,Antoon & Bilal Wahib,14,9,4
2022-07-16,20,Solo,Zoe Tauran Featuring Bilal Wahib,19,5,9
2022-07-16,21,Naar de Maan,MAAN & D J V T,-,21,1
2022-07-16,22,About Damn Time,Lizzo,21,16,8
2022-07-16,23,Break My Soul,Beyonce,15,15,2
2022-07-16,24,Vluchtstrook,"Kris Kross Amsterdam , Antoon & Sigourney K",22,2,22
2022-07-16,25,Hotelschool,Antoon,20,2,18
2022-07-23,1,I Want You,La Fuente,1,1,6
2022-07-23,2,As It Was,Harry Styles,3,1,15
2022-07-23,3,El Clasico,Lijpe Featuring Frenna,-,3,1
2022-07-23,4,Ferrari,James Hype & Miggy Dela Rosa,2,1,13
2022-07-23,5,Amazin',Idaly & Emms,9,3,9
2022-07-23,6,Boot,FMG,5,5,8
2022-07-23,7,Automatisch,FLEMMING,7,6,10
2022-07-23,8,Olivia,Antoon,4,1,6
2022-07-23,9,Running Up That Hill (A Deal With God),Kate Bush,6,3,7
2022-07-23,10,In The Stars,Benson Boone,8,8,10
2022-07-23,11,Vanavond (Uit M'N Bol),"Kris Kross Amsterdam , Donnie & Tino Martin",10,2,16
2022-07-23,12,Bam Bam,Camila Cabello Featuring Ed Sheeran,11,6,18
2022-07-23,13,Calm Down,Rema & Selena Gomez,18,13,3
2022-07-23,14,I Ain't Worried,OneRepublic,15,14,3
2022-07-23,15,Crazy What Love Can Do,David Guetta & Becky Hill & Ella Henderson,14,14,7
2022-07-23,16,Belly Dancer,Imanbek & BYOR,12,12,12
2022-07-23,17,Love Myself,RONDE,17,17,3
2022-07-23,18,Snap,Rosa Linn,-,18,1
2022-07-23,19,Last Last,Burna Boy,-,19,1
2022-07-23,20,Trompeta,Willy William,16,10,14
2022-07-23,21,Naar de Maan,MAAN & D J V T,21,21,2
2022-07-23,22,Afraid To Feel,LF SYSTEM,-,22,1
2022-07-23,23,Glimpse Of Us,Joji,13,12,4
2022-07-23,24,Heaven Takes You Home,Swedish House Mafia & Connie Constance,-,24,1
2022-07-23,25,Solo,Zoe Tauran Featuring Bilal Wahib,20,5,10
2022-07-30,1,I Want You,La Fuente,1,1,7
2022-07-30,2,Ferrari,James Hype & Miggy Dela Rosa,4,1,14
2022-07-30,3,As It Was,Harry Styles,2,1,16
2022-07-30,4,Amazin',Idaly & Emms,5,3,10
2022-07-30,5,Is Dat Nou Echt?,Bankzitters,-,5,1
2022-07-30,6,Calm Down,Rema & Selena Gomez,13,6,4
2022-07-30,7,Boot,FMG,6,5,9
2022-07-30,8,Automatisch,FLEMMING,7,6,11
2022-07-30,9,Olivia,Antoon,8,1,7
2022-07-30,10,Vanavond (Uit M'N Bol),"Kris Kross Amsterdam , Donnie & Tino Martin",11,2,17
2022-07-30,11,Bam Bam,Camila Cabello Featuring Ed Sheeran,12,6,19
2022-07-30,12,Running Up That Hill (A Deal With God),Kate Bush,9,3,8
2022-07-30,13,Afraid To Feel,LF SYSTEM,22,13,2
2022-07-30,14,In The Stars,Benson Boone,10,8,11
2022-07-30,15,Snap,Rosa Linn,18,15,2
2022-07-30,16,I Ain't Worried,OneRepublic,14,14,4
2022-07-30,17,El Clasico,Lijpe Featuring Frenna,3,3,2
2022-07-30,18,Last Last,Burna Boy,19,18,2
2022-07-30,19,Love Myself,RONDE,17,17,4
2022-07-30,20,Belly Dancer,Imanbek & BYOR,16,12,13
2022-07-30,21,Crazy What Love Can Do,David Guetta & Becky Hill & Ella Henderson,15,14,8
2022-07-30,22,Words,Alesso & Zara Larsson,-,22,1
2022-07-30,23,Trompeta,Willy William,20,10,15
2022-07-30,24,Naar de Maan,MAAN & D J V T,21,21,3
2022-07-30,25,Heaven Takes You Home,Swedish House Mafia & Connie Constance,24,24,2
2022-08-06,1,I Want You,La Fuente,1,1,8
2022-08-06,2,Calm Down,Rema & Selena Gomez,6,2,5
2022-08-06,3,Ferrari,James Hype & Miggy Dela Rosa,2,1,15
2022-08-06,4,Doja,Central Cee,-,4,1
2022-08-06,5,As It Was,Harry Styles,3,1,17
2022-08-06,6,Automatisch,FLEMMING,8,6,12
2022-08-06,7,Amazin',Idaly & Emms,4,3,11
2022-08-06,8,Boot,FMG,7,5,10
2022-08-06,9,Afraid To Feel,LF SYSTEM,13,9,3
2022-08-06,10,Olivia,Antoon,9,1,8
2022-08-06,11,Snap,Rosa Linn,15,11,3
2022-08-06,12,Bam Bam,Camila Cabello Featuring Ed Sheeran,11,6,20
2022-08-06,13,In The Stars,Benson Boone,14,8,12
2022-08-06,14,Vanavond (Uit M'N Bol),"Kris Kross Amsterdam , Donnie & Tino Martin",10,2,18
2022-08-06,15,I Ain't Worried,OneRepublic,16,14,5
2022-08-06,16,Running Up That Hill (A Deal With God),Kate Bush,12,3,9
2022-08-06,17,Visstick Gooi Die Kanker Kick,Natte Visstick,-,17,1
2022-08-06,18,Last Last,Burna Boy,18,18,3
2022-08-06,19,Words,Alesso & Zara Larsson,22,19,2
2022-08-06,20,Love Myself,RONDE,19,17,5
2022-08-06,21,Crazy What Love Can Do,David Guetta & Becky Hill & Ella Henderson,21,14,9
2022-08-06,22,Is Dat Nou Echt?,Bankzitters,5,5,2
2022-08-06,23,Birkin Bag,JoeyAK & Frenna,-,23,1
2022-08-06,24,Liegen,Jack & Josylvio,-,24,1
2022-08-06,25,Hot In It,Tiesto & Charli xcx,-,25,1
2022-08-13,1,Calm Down,Rema & Selena Gomez,2,1,6
2022-08-13,2,I Want You,La Fuente,1,1,9
2022-08-13,3,Ferrari,James Hype & Miggy Dela Rosa,3,1,16
2022-08-13,4,Doja,Central Cee,4,4,2
2022-08-13,5,As It Was,Harry Styles,5,1,18
2022-08-13,6,Afraid To Feel,LF SYSTEM,9,6,4
2022-08-13,7,Automatisch,FLEMMING,6,6,13
2022-08-13,8,Amazin',Idaly & Emms,7,3,12
2022-08-13,9,Boot,FMG,8,5,11
2022-08-13,10,Snap,Rosa Linn,11,10,4
2022-08-13,11,Flexxen,Boef X Numidia X Cristian D X Diquenza,-,11,1
2022-08-13,12,I Ain't Worried,OneRepublic,15,12,6
2022-08-13,13,Olivia,Antoon,10,1,9
2022-08-13,14,Visstick Gooi Die Kanker Kick,Natte Visstick,17,14,2
2022-08-13,15,In The Stars,Benson Boone,13,8,13
2022-08-13,16,Bam Bam,Camila Cabello Featuring Ed Sheeran,12,6,21
2022-08-13,17,Vanavond (Uit M'N Bol),"Kris Kross Amsterdam , Donnie & Tino Martin",14,2,19
2022-08-13,18,Break My Soul,Beyonce,-,15,3
2022-08-13,19,Words,Alesso & Zara Larsson,19,19,3
2022-08-13,20,Running Up That Hill (A Deal With God),Kate Bush,16,3,10
2022-08-13,21,Last Last,Burna Boy,18,18,4
2022-08-13,22,Love Myself,RONDE,20,17,6
2022-08-13,23,Crazy What Love Can Do,David Guetta & Becky Hill & Ella Henderson,21,14,10
2022-08-13,24,Naar de Maan,MAAN & D J V T,-,21,4
2022-08-13,25,Hot In It,Tiesto & Charli xcx,25,25,2
2022-08-20,1,Gebruik Me,Zoe Tauran Featuring Frenna,-,1,1
2022-08-20,2,Calm Down,Rema & Selena Gomez,1,1,7
2022-08-20,3,I Want You,La Fuente,2,1,10
2022-08-20,4,Ferrari,James Hype & Miggy Dela Rosa,3,1,17
2022-08-20,5,Afraid To Feel,LF SYSTEM,6,5,5
2022-08-20,6,As It Was,Harry Styles,5,1,19
2022-08-20,7,Automatisch,FLEMMING,7,6,14
2022-08-20,8,Doja,Central Cee,4,4,3
2022-08-20,9,Amazin',Idaly & Emms,8,3,13
2022-08-20,10,Snap,Rosa Linn,10,10,5
2022-08-20,11,Boot,FMG,9,5,12
2022-08-20,12,I Ain't Worried,OneRepublic,12,12,7
2022-08-20,13,Words,Alesso & Zara Larsson,19,13,4
2022-08-20,14,Visstick Gooi Die Kanker Kick,Natte Visstick,14,14,3
2022-08-20,15,Bam Bam,Camila Cabello Featuring Ed Sheeran,16,6,22
2022-08-20,16,Vanavond (Uit M'N Bol),"Kris Kross Amsterdam , Donnie & Tino Martin",17,2,20
2022-08-20,17,In The Stars,Benson Boone,15,8,14
2022-08-20,18,Last Last,Burna Boy,21,18,5
2022-08-20,19,Olivia,Antoon,13,1,10
2022-08-20,20,Flexxen,Boef X Numidia X Cristian D X Diquenza,11,11,2
2022-08-20,21,Hot In It,Tiesto & Charli xcx,25,21,3
2022-08-20,22,Break My Soul,Beyonce,18,15,4
2022-08-20,23,Crazy What Love Can Do,David Guetta & Becky Hill & Ella Henderson,23,14,11
2022-08-20,24,Love Myself,RONDE,22,17,7
2022-08-20,25,Running Up That Hill (A Deal With God),Kate Bush,20,3,11
2022-08-27,1,Calm Down,Rema & Selena Gomez,2,1,8
2022-08-27,2,Van Mij Zijn,KATNUF,-,2,1
2022-08-27,3,Gebruik Me,Zoe Tauran Featuring Frenna,1,1,2
2022-08-27,4,Ferrari,James Hype & Miggy Dela Rosa,4,1,18
2022-08-27,5,Afraid To Feel,LF SYSTEM,5,5,6
2022-08-27,6,I Want You,La Fuente,3,1,11
2022-08-27,7,As It Was,Harry Styles,6,1,20
2022-08-27,8,Automatisch,FLEMMING,7,6,15
2022-08-27,9,Snap,Rosa Linn,10,9,6
2022-08-27,10,Amazin',Idaly & Emms,9,3,14
2022-08-27,11,Doja,Central Cee,8,4,4
2022-08-27,12,Boot,FMG,11,5,13
2022-08-27,13,I Ain't Worried,OneRepublic,12,12,8
2022-08-27,14,Words,Alesso & Zara Larsson,13,13,5
2022-08-27,15,Last Last,Burna Boy,18,15,6
2022-08-27,16,Vanavond (Uit M'N Bol),"Kris Kross Amsterdam , Donnie & Tino Martin",16,2,21
2022-08-27,17,Bam Bam,Camila Cabello Featuring Ed Sheeran,15,6,23
2022-08-27,18,In The Stars,Benson Boone,17,8,15
2022-08-27,19,Olivia,Antoon,19,1,11
2022-08-27,20,Hot In It,Tiesto & Charli xcx,21,20,4
2022-08-27,21,Flexxen,Boef X Numidia X Cristian D X Diquenza,20,11,3
2022-08-27,22,Visstick Gooi Die Kanker Kick,Natte Visstick,14,14,4
2022-08-27,23,Deep Down,"Alok , Ella Eyre & Kenny Dope Featuring Never Dull",-,23,1
2022-08-27,24,Crazy What Love Can Do,David Guetta & Becky Hill & Ella Henderson,23,14,12
2022-08-27,25,Love Myself,RONDE,24,17,8
2022-09-03,1,Van Mij Zijn,KATNUF,2,1,2
2022-09-03,2,Calm Down,Rema & Selena Gomez,1,1,9
2022-09-03,3,Gebruik Me,Zoe Tauran Featuring Frenna,3,1,3
2022-09-03,4,Afraid To Feel,LF SYSTEM,5,4,7
2022-09-03,5,Ferrari,James Hype & Miggy Dela Rosa,4,1,19
2022-09-03,6,I Want You,La Fuente,6,1,12
2022-09-03,7,As It Was,Harry Styles,7,1,21
2022-09-03,8,Snap,Rosa Linn,9,8,7
2022-09-03,9,Automatisch,FLEMMING,8,6,16
2022-09-03,10,Amazin',Idaly & Emms,10,3,15
2022-09-03,11,Words,Alesso & Zara Larsson,14,11,6
2022-09-03,12,Doja,Central Cee,11,4,5
2022-09-03,13,I Ain't Worried,OneRepublic,13,12,9
2022-09-03,14,Boot,FMG,12,5,14
2022-09-03,15,Last Last,Burna Boy,15,15,7
2022-09-03,16,In The Stars,Benson Boone,18,8,16
2022-09-03,17,Bam Bam,Camila Cabello Featuring Ed Sheeran,17,6,24
2022-09-03,18,Olivia,Antoon,19,1,12
2022-09-03,19,Vanavond (Uit M'N Bol),"Kris Kross Amsterdam , Donnie & Tino Martin",16,2,22
2022-09-03,20,Hot In It,Tiesto & Charli xcx,20,20,5
2022-09-03,21,Deep Down,"Alok , Ella Eyre & Kenny Dope Featuring Never Dull",23,21,2
2022-09-03,22,Flexxen,Boef X Numidia X Cristian D X Diquenza,21,11,4
2022-09-03,23,Another Love,Tom Odell,-,21,3
2022-09-03,24,Multicolor,Son Mieux,-,24,1
2022-09-03,25,Visstick Gooi Die Kanker Kick,Natte Visstick,22,14,5
2022-09-10,1,Van Mij Zijn,KATNUF,1,1,3
2022-09-10,2,Calm Down,Rema & Selena Gomez,2,1,10
2022-09-10,3,Afraid To Feel,LF SYSTEM,4,3,8
2022-09-10,4,Ferrari,James Hype & Miggy Dela Rosa,5,1,20
2022-09-10,5,Gebruik Me,Zoe Tauran Featuring Frenna,3,1,4
2022-09-10,6,As It Was,Harry Styles,7,1,22
2022-09-10,7,I Want You,La Fuente,6,1,13
2022-09-10,8,Snap,Rosa Linn,8,8,8
2022-09-10,9,Automatisch,FLEMMING,9,6,17
2022-09-10,10,Words,Alesso & Zara Larsson,11,10,7
2022-09-10,11,I Ain't Worried,OneRepublic,13,11,10
2022-09-10,12,Amazin',Idaly & Emms,10,3,16
2022-09-10,13,Doja,Central Cee,12,4,6
2022-09-10,14,Last Last,Burna Boy,15,14,8
2022-09-10,15,Another Love,Tom Odell,23,15,4
2022-09-10,16,Boot,FMG,14,5,15
2022-09-10,17,Noodgeval,Goldband,-,17,1
2022-09-10,18,I'm Good (Blue),David Guetta & Bebe Rexha,-,18,1
2022-09-10,19,In The Stars,Benson Boone,16,8,17
2022-09-10,20,Mood,Makar,-,20,1
2022-09-10,21,Hot In It,Tiesto & Charli xcx,20,20,6
2022-09-10,22,Vanavond (Uit M'N Bol),"Kris Kross Amsterdam , Donnie & Tino Martin",19,2,23
2022-09-10,23,Bam Bam,Camila Cabello Featuring Ed Sheeran,17,6,25
2022-09-10,24,Deep Down,"Alok , Ella Eyre & Kenny Dope Featuring Never Dull",21,21,3
2022-09-10,25,Multicolor,Son Mieux,24,24,2
2022-09-17,1,Calm Down,Rema & Selena Gomez,2,1,11
2022-09-17,2,Van Mij Zijn,KATNUF,1,1,4
2022-09-17,3,I'm Good (Blue),David Guetta & Bebe Rexha,18,3,2
2022-09-17,4,Afraid To Feel,LF SYSTEM,3,3,9
2022-09-17,5,I Want You,La Fuente,7,1,14
2022-09-17,6,Ferrari,James Hype & Miggy Dela Rosa,4,1,21
2022-09-17,7,As It Was,Harry Styles,6,1,23
2022-09-17,8,Snap,Rosa Linn,8,8,9
2022-09-17,9,Words,Alesso & Zara Larsson,10,9,8
2022-09-17,10,I Ain't Worried,OneRepublic,11,10,11
2022-09-17,11,Gebruik Me,Zoe Tauran Featuring Frenna,5,1,5
2022-09-17,12,Automatisch,FLEMMING,9,6,18
2022-09-17,13,Amazin',Idaly & Emms,12,3,17
2022-09-17,14,Doja,Central Cee,13,4,7
2022-09-17,15,Last Last,Burna Boy,14,14,9
2022-09-17,16,Mood,Makar,20,16,2
2022-09-17,17,Noodgeval,Goldband,17,17,2
2022-09-17,18,Kwijt,Suzan & Freek,-,18,1
2022-09-17,19,Another Love,Tom Odell,15,15,5
2022-09-17,20,Soms,Josylvio Featuring Antoon,-,20,1
2022-09-17,21,In The Stars,Benson Boone,19,8,18
2022-09-17,22,Bad Memories,Meduza x James Carter Featuring Elley Duhe & FAST BOY,-,22,1
2022-09-17,23,Boot,FMG,16,5,16
2022-09-17,24,Deep Down,"Alok , Ella Eyre & Kenny Dope Featuring Never Dull",24,21,4
2022-09-17,25,Hot In It,Tiesto & Charli xcx,21,20,7
2022-09-24,1,Calm Down,Rema & Selena Gomez,1,1,12
2022-09-24,2,I'm Good (Blue),David Guetta & Bebe Rexha,3,2,3
2022-09-24,3,Van Mij Zijn,KATNUF,2,1,5
2022-09-24,4,Snap,Rosa Linn,8,4,10
2022-09-24,5,Afraid To Feel,LF SYSTEM,4,3,10
2022-09-24,6,Words,Alesso & Zara Larsson,9,6,9
2022-09-24,7,I Want You,La Fuente,5,1,15
2022-09-24,8,Ferrari,James Hype & Miggy Dela Rosa,6,1,22
2022-09-24,9,I Ain't Worried,OneRepublic,10,9,12
2022-09-24,10,As It Was,Harry Styles,7,1,24
2022-09-24,11,Noodgeval,Goldband,17,11,3
2022-09-24,12,Automatisch,FLEMMING,12,6,19
2022-09-24,13,Another Love,Tom Odell,19,13,6
2022-09-24,14,Ku Lo Sa,Oxlade,-,14,1
2022-09-24,15,Amazin',Idaly & Emms,13,3,18
2022-09-24,16,Doja,Central Cee,14,4,8
2022-09-24,17,Gebruik Me,Zoe Tauran Featuring Frenna,11,1,6
2022-09-24,18,Mood,Makar,16,16,3
2022-09-24,19,Kwijt,Suzan & Freek,18,18,2
2022-09-24,20,In The Stars,Benson Boone,21,8,19
2022-09-24,21,Bad Memories,Meduza x James Carter Featuring Elley Duhe & FAST BOY,22,21,2
2022-09-24,22,Last Last,Burna Boy,15,14,10
2022-09-24,23,Under The Influence,Chris Brown,-,23,1
2022-09-24,24,Deep Down,"Alok , Ella Eyre & Kenny Dope Featuring Never Dull",24,21,5
2022-09-24,25,Multicolor,Son Mieux,-,24,3
2022-10-01,1,Calm Down,Rema & Selena Gomez,1,1,13
2022-10-01,2,I'm Good (Blue),David Guetta & Bebe Rexha,2,2,4
2022-10-01,3,Van Mij Zijn,KATNUF,3,1,6
2022-10-01,4,Snap,Rosa Linn,4,4,11
2022-10-01,5,Noodgeval,Goldband,11,5,4
2022-10-01,6,I Ain't Worried,OneRepublic,9,6,13
2022-10-01,7,Words,Alesso & Zara Larsson,6,6,10
2022-10-01,8,Afraid To Feel,LF SYSTEM,5,3,11
2022-10-01,9,Ferrari,James Hype & Miggy Dela Rosa,8,1,23
2022-10-01,10,As It Was,Harry Styles,10,1,25
2022-10-01,11,I Want You,La Fuente,7,1,16
2022-10-01,12,Another Love,Tom Odell,13,12,7
2022-10-01,13,Automatisch,FLEMMING,12,6,20
2022-10-01,14,Ku Lo Sa,Oxlade,14,14,2
2022-10-01,15,Kwijt,Suzan & Freek,19,15,3
2022-10-01,16,Mood,Makar,18,16,4
2022-10-01,17,Bad Memories,Meduza x James Carter Featuring Elley Duhe & FAST BOY,21,17,3
2022-10-01,18,Blijf Soldaat,JoeyAK,-,18,1
2022-10-01,19,Amazin',Idaly & Emms,15,3,19
2022-10-01,20,Gebruik Me,Zoe Tauran Featuring Frenna,17,1,7
2022-10-01,21,B.O.T.A. (Baddest Of Them All),Eliza Rose & Interplanetary Criminal,-,21,1
2022-10-01,22,Adrenaline,Kris Kross Amsterdam X Ronnie Flex X Zoe Tauran,-,22,1
2022-10-01,23,Doja,Central Cee,16,4,9
2022-10-01,24,In The Stars,Benson Boone,20,8,20
2022-10-01,25,Last Last,Burna Boy,22,14,11
2022-10-08,1,Calm Down,Rema & Selena Gomez,1,1,14
2022-10-08,2,I'm Good (Blue),David Guetta & Bebe Rexha,2,2,5
2022-10-08,3,Unholy,Sam Smith & Kim Petras,-,3,1
2022-10-08,4,Van Mij Zijn,KATNUF,3,1,7
2022-10-08,5,Noodgeval,Goldband,5,5,5
2022-10-08,6,Snap,Rosa Linn,4,4,12
2022-10-08,7,I Ain't Worried,OneRepublic,6,6,14
2022-10-08,8,Swim Deep,Yade Lauren Featuring Cho & Kevin,-,8,1
2022-10-08,9,Words,Alesso & Zara Larsson,7,6,11
2022-10-08,10,Adrenaline,Kris Kross Amsterdam X Ronnie Flex X Zoe Tauran,22,10,2
2022-10-08,11,Afraid To Feel,LF SYSTEM,8,3,12
2022-10-08,12,Another Love,Tom Odell,12,12,8
2022-10-08,13,Kwijt,Suzan & Freek,15,13,4
2022-10-08,14,Ku Lo Sa,Oxlade,14,14,3
2022-10-08,15,I Want You,La Fuente,11,1,17
2022-10-08,16,B.O.T.A. (Baddest Of Them All),Eliza Rose & Interplanetary Criminal,21,16,2
2022-10-08,17,Bad Memories,Meduza x James Carter Featuring Elley Duhe & FAST BOY,17,17,4
2022-10-08,18,Automatisch,FLEMMING,13,6,21
2022-10-08,19,As It Was,Harry Styles,10,1,26
2022-10-08,20,Ferrari,James Hype & Miggy Dela Rosa,9,1,24
2022-10-08,21,Mood,Makar,16,16,5
2022-10-08,22,In The Stars,Benson Boone,24,8,21
2022-10-08,23,Amazin',Idaly & Emms,19,3,20
2022-10-08,24,Doja,Central Cee,23,4,10
2022-10-08,25,Gebruik Me,Zoe Tauran Featuring Frenna,20,1,8
2022-10-15,1,I'm Good (Blue),David Guetta & Bebe Rexha,2,1,6
2022-10-15,2,Calm Down,Rema & Selena Gomez,1,1,15
2022-10-15,3,Unholy,Sam Smith & Kim Petras,3,3,2
2022-10-15,4,Blind Op Zoek (Trapagas),Jinho 9,-,4,1
2022-10-15,5,Van Mij Zijn,KATNUF,4,1,8
2022-10-15,6,Noodgeval,Goldband,5,5,6
2022-10-15,7,Adrenaline,Kris Kross Amsterdam X Ronnie Flex X Zoe Tauran,10,7,3
2022-10-15,8,Snap,Rosa Linn,6,4,13
2022-10-15,9,I Ain't Worried,OneRepublic,7,6,15
2022-10-15,10,Words,Alesso & Zara Larsson,9,6,12
2022-10-15,11,Another Love,Tom Odell,12,11,9
2022-10-15,12,Kwijt,Suzan & Freek,13,12,5
2022-10-15,13,Ku Lo Sa,Oxlade,14,13,4
2022-10-15,14,Bad Memories,Meduza x James Carter Featuring Elley Duhe & FAST BOY,17,14,5
2022-10-15,15,B.O.T.A. (Baddest Of Them All),Eliza Rose & Interplanetary Criminal,16,15,3
2022-10-15,16,Afraid To Feel,LF SYSTEM,11,3,13
2022-10-15,17,Swim Deep,Yade Lauren Featuring Cho & Kevin,8,8,2
2022-10-15,18,As It Was,Harry Styles,19,1,27
2022-10-15,19,Automatisch,FLEMMING,18,6,22
2022-10-15,20,Ferrari,James Hype & Miggy Dela Rosa,20,1,25
2022-10-15,21,ABC,Djaga Djaga & JoeyAK,-,21,1
2022-10-15,22,Mood,Makar,21,16,6
2022-10-15,23,In The Stars,Benson Boone,22,8,22
2022-10-15,24,Cuff It,Beyonce,-,24,1
2022-10-15,25,Under The Influence,Chris Brown,-,23,2
2022-10-22,1,Calm Down,Rema & Selena Gomez,2,1,16
2022-10-22,2,I'm Good (Blue),David Guetta & Bebe Rexha,1,1,7
2022-10-22,3,Unholy,Sam Smith & Kim Petras,3,3,3
2022-10-22,4,Blind Op Zoek (Trapagas),Jinho 9,4,4,2
2022-10-22,5,Noodgeval,Goldband,6,5,7
2022-10-22,6,Van Mij Zijn,KATNUF,5,1,9
2022-10-22,7,Adrenaline,Kris Kross Amsterdam X Ronnie Flex X Zoe Tauran,7,7,4
2022-10-22,8,Snap,Rosa Linn,8,4,14
2022-10-22,9,I Ain't Worried,OneRepublic,9,6,16
2022-10-22,10,Klop Klop,Antoon,-,10,1
2022-10-22,11,How Do I Say Goodbye,Dean Lewis,-,11,1
2022-10-22,12,Another Love,Tom Odell,11,11,10
2022-10-22,13,Kwijt,Suzan & Freek,12,12,6
2022-10-22,14,Words,Alesso & Zara Larsson,10,6,13
2022-10-22,15,Bad Memories,Meduza x James Carter Featuring Elley Duhe & FAST BOY,14,14,6
2022-10-22,16,Ku Lo Sa,Oxlade,13,13,5
2022-10-22,17,B.O.T.A. (Baddest Of Them All),Eliza Rose & Interplanetary Criminal,15,15,4
2022-10-22,18,Automatisch,FLEMMING,19,6,23
2022-10-22,19,Afraid To Feel,LF SYSTEM,16,3,14
2022-10-22,20,As It Was,Harry Styles,18,1,28
2022-10-22,21,Mood,Makar,22,16,7
2022-10-22,22,Cuff It,Beyonce,24,22,2
2022-10-22,23,Grijs,Jaap Reesema,-,23,1
2022-10-22,24,Ferrari,James Hype & Miggy Dela Rosa,20,1,26
2022-10-22,25,Swim Deep,Yade Lauren Featuring Cho & Kevin,17,8,3
2022-10-29,1,Unholy,Sam Smith & Kim Petras,3,1,4
2022-10-29,2,Calm Down,Rema & Selena Gomez,1,1,17
2022-10-29,3,I'm Good (Blue),David Guetta & Bebe Rexha,2,1,8
2022-10-29,4,Blind Op Zoek (Trapagas),Jinho 9,4,4,3
2022-10-29,5,Noodgeval,Goldband,5,5,8
2022-10-29,6,Adrenaline,Kris Kross Amsterdam X Ronnie Flex X Zoe Tauran,7,6,5
2022-10-29,7,Van Mij Zijn,KATNUF,6,1,10
2022-10-29,8,Klop Klop,Antoon,10,8,2
2022-10-29,9,How Do I Say Goodbye,Dean Lewis,11,9,2
2022-10-29,10,Snap,Rosa Linn,8,4,15
2022-10-29,11,Miss You,Oliver Tree & Robin Schulz,-,11,1
2022-10-29,12,I Ain't Worried,OneRepublic,9,6,17
2022-10-29,13,Meteoriet,Antoon & Dopebwoy,-,13,1
2022-10-29,14,Kwijt,Suzan & Freek,13,12,7
2022-10-29,15,Another Love,Tom Odell,12,11,11
2022-10-29,16,Bad Memories,Meduza x James Carter Featuring Elley Duhe & FAST BOY,15,14,7
2022-10-29,17,Words,Alesso & Zara Larsson,14,6,14
2022-10-29,18,B.O.T.A. (Baddest Of Them All),Eliza Rose & Interplanetary Criminal,17,15,5
2022-10-29,19,Automatisch,FLEMMING,18,6,24
2022-10-29,20,Ku Lo Sa,Oxlade,16,13,6
2022-10-29,21,Cuff It,Beyonce,22,21,3
2022-10-29,22,As It Was,Harry Styles,20,1,29
2022-10-29,23,Grijs,Jaap Reesema,23,23,2
2022-10-29,24,Mood,Makar,21,16,8
2022-10-29,25,Afraid To Feel,LF SYSTEM,19,3,15
2022-11-05,1,Unholy,Sam Smith & Kim Petras,1,1,5
2022-11-05,2,I'm Good (Blue),David Guetta & Bebe Rexha,3,1,9
2022-11-05,3,Calm Down,Rema & Selena Gomez,2,1,18
2022-11-05,4,Blind Op Zoek (Trapagas),Jinho 9,4,4,4
2022-11-05,5,Noodgeval,Goldband,5,5,9
2022-11-05,6,Miss You,Oliver Tree & Robin Schulz,11,6,2
2022-11-05,7,Adrenaline,Kris Kross Amsterdam X Ronnie Flex X Zoe Tauran,6,6,6
2022-11-05,8,Van Mij Zijn,KATNUF,7,1,11
2022-11-05,9,How Do I Say Goodbye,Dean Lewis,9,9,3
2022-11-05,10,Anti-Hero,Taylor Swift,-,10,1
2022-11-05,11,Snap,Rosa Linn,10,4,16
2022-11-05,12,Klop Klop,Antoon,8,8,3
2022-11-05,13,Kwijt,Suzan & Freek,14,12,8
2022-11-05,14,I Ain't Worried,OneRepublic,12,6,18
2022-11-05,15,Another Love,Tom Odell,15,11,12
2022-11-05,16,Bad Memories,Meduza x James Carter Featuring Elley Duhe & FAST BOY,16,14,8
2022-11-05,17,Meteoriet,Antoon & Dopebwoy,13,13,2
2022-11-05,18,Words,Alesso & Zara Larsson,17,6,15
2022-11-05,19,B.O.T.A. (Baddest Of Them All),Eliza Rose & Interplanetary Criminal,18,15,6
2022-11-05,20,Automatisch,FLEMMING,19,6,25
2022-11-05,21,Cuff It,Beyonce,21,21,4
2022-11-05,22,As It Was,Harry Styles,22,1,30
2022-11-05,23,Lavender Haze,Taylor Swift,-,23,1
2022-11-05,24,Forget Me,Lewis Capaldi,-,24,1
2022-11-05,25,Snow On The Beach,Taylor Swift Featuring Lana Del Rey,-,25,1
2022-11-12,1,Unholy,Sam Smith & Kim Petras,1,1,6
2022-11-12,2,Miss You,Oliver Tree & Robin Schulz,6,2,3
2022-11-12,3,I'm Good (Blue),David Guetta & Bebe Rexha,2,1,10
2022-11-12,4,Calm Down,Rema & Selena Gomez,3,1,19
2022-11-12,5,Blind Op Zoek (Trapagas),Jinho 9,4,4,5
2022-11-12,6,Noodgeval,Goldband,5,5,10
2022-11-12,7,Adrenaline,Kris Kross Amsterdam X Ronnie Flex X Zoe Tauran,7,6,7
2022-11-12,8,How Do I Say Goodbye,Dean Lewis,9,8,4
2022-11-12,9,Anti-Hero,Taylor Swift,10,9,2
2022-11-12,10,Van Mij Zijn,KATNUF,8,1,12
2022-11-12,11,Snap,Rosa Linn,11,4,17
2022-11-12,12,Lift Me Up,Rihanna,-,12,1
2022-11-12,13,Another Love,Tom Odell,15,11,13
2022-11-12,14,Stunten,Broederliefde Featuring KA,-,14,1
2022-11-12,15,Bad Memories,Meduza x James Carter Featuring Elley Duhe & FAST BOY,16,14,9
2022-11-12,16,Kwijt,Suzan & Freek,13,12,9
2022-11-12,17,Klop Klop,Antoon,12,8,4
2022-11-12,18,I Ain't Worried,OneRepublic,14,6,19
2022-11-12,19,Meteoriet,Antoon & Dopebwoy,17,13,3
2022-11-12,20,Words,Alesso & Zara Larsson,18,6,16
2022-11-12,21,B.O.T.A. (Baddest Of Them All),Eliza Rose & Interplanetary Criminal,19,15,7
2022-11-12,22,Forget Me,Lewis Capaldi,24,22,2
2022-11-12,23,Cuff It,Beyonce,21,21,5
2022-11-12,24,Automatisch,FLEMMING,20,6,26
2022-11-12,25,As It Was,Harry Styles,22,1,31
2022-11-19,1,Miss You,Oliver Tree & Robin Schulz,2,1,4
2022-11-19,2,Stunten,Broederliefde Featuring KA,14,2,2
2022-11-19,3,Unholy,Sam Smith & Kim Petras,1,1,7
2022-11-19,4,Stiekem,Maan & Goldband,-,4,1
2022-11-19,5,I'm Good (Blue),David Guetta & Bebe Rexha,3,1,11
2022-11-19,6,Noodgeval,Goldband,6,5,11
2022-11-19,7,Calm Down,Rema & Selena Gomez,4,1,20
2022-11-19,8,Adrenaline,Kris Kross Amsterdam X Ronnie Flex X Zoe Tauran,7,6,8
2022-11-19,9,How Do I Say Goodbye,Dean Lewis,8,8,5
2022-11-19,10,Blind Op Zoek (Trapagas),Jinho 9,5,4,6
2022-11-19,11,Anti-Hero,Taylor Swift,9,9,3
2022-11-19,12,Another Love,Tom Odell,13,11,14
2022-11-19,13,Rich Flex,Drake & 21 Savage,-,13,1
2022-11-19,14,Snap,Rosa Linn,11,4,18
2022-11-19,15,Van Mij Zijn,KATNUF,10,1,13
2022-11-19,16,Bad Memories,Meduza x James Carter Featuring Elley Duhe & FAST BOY,15,14,10
2022-11-19,17,Kwijt,Suzan & Freek,16,12,10
2022-11-19,18,Meteoriet,Antoon & Dopebwoy,19,13,4
2022-11-19,19,Klop Klop,Antoon,17,8,5
2022-11-19,20,I Ain't Worried,OneRepublic,18,6,20
2022-11-19,21,Lift Me Up,Rihanna,12,12,2
2022-11-19,22,Words,Alesso & Zara Larsson,20,6,17
2022-11-19,23,Forget Me,Lewis Capaldi,22,22,3
2022-11-19,24,Major Distribution,Drake & 21 Savage,-,24,1
2022-11-19,25,B.O.T.A. (Baddest Of Them All),Eliza Rose & Interplanetary Criminal,21,15,8
2022-11-26,1,Miss You,Oliver Tree & Robin Schulz,1,1,5
2022-11-26,2,Stiekem,Maan & Goldband,4,2,2
2022-11-26,3,Stunten,Broederliefde Featuring KA,2,2,3
2022-11-26,4,Unholy,Sam Smith & Kim Petras,3,1,8
2022-11-26,5,I'm Good (Blue),David Guetta & Bebe Rexha,5,1,12
2022-11-26,6,Calm Down,Rema & Selena Gomez,7,1,21
2022-11-26,7,Noodgeval,Goldband,6,5,12
2022-11-26,8,Adrenaline,Kris Kross Amsterdam X Ronnie Flex X Zoe Tauran,8,6,9
2022-11-26,9,How Do I Say Goodbye,Dean Lewis,9,8,6
2022-11-26,10,Blind Op Zoek (Trapagas),Jinho 9,10,4,7
2022-11-26,11,Anti-Hero,Taylor Swift,11,9,4
2022-11-26,12,Another Love,Tom Odell,12,11,15
2022-11-26,13,Bad Memories,Meduza x James Carter Featuring Elley Duhe & FAST BOY,16,13,11
2022-11-26,14,Van Mij Zijn,KATNUF,15,1,14
2022-11-26,15,Snap,Rosa Linn,14,4,19
2022-11-26,16,Kwijt,Suzan & Freek,17,12,11
2022-11-26,17,Meteoriet,Antoon & Dopebwoy,18,13,5
2022-11-26,18,I Ain't Worried,OneRepublic,20,6,21
2022-11-26,19,Lift Me Up,Rihanna,21,12,3
2022-11-26,20,Made You Look,Meghan Trainor,-,20,1
2022-11-26,21,Klop Klop,Antoon,19,8,6
2022-11-26,22,Words,Alesso & Zara Larsson,22,6,18
2022-11-26,23,Forget Me,Lewis Capaldi,23,22,4
2022-11-26,24,Rich Flex,Drake & 21 Savage,13,13,2
2022-11-26,25,For My Hand,Burna Boy Featuring Ed Sheeran,-,25,1
2022-12-03,1,Stiekem,Maan & Goldband,2,1,3
2022-12-03,2,Miss You,Oliver Tree & Robin Schulz,1,1,6
2022-12-03,3,Ff Ademen Jij,Boef,-,3,1
2022-12-03,4,Stunten,Broederliefde Featuring KA,3,2,4
2022-12-03,5,Unholy,Sam Smith & Kim Petras,4,1,9
2022-12-03,6,I'm Good (Blue),David Guetta & Bebe Rexha,5,1,13
2022-12-03,7,Adrenaline,Kris Kross Amsterdam X Ronnie Flex X Zoe Tauran,8,6,10
2022-12-03,8,Noodgeval,Goldband,7,5,13
2022-12-03,9,How Do I Say Goodbye,Dean Lewis,9,8,7
2022-12-03,10,Calm Down,Rema & Selena Gomez,6,1,22
2022-12-03,11,Ladada (Mon Dernier Mot),Claude,-,11,1
2022-12-03,12,Blind Op Zoek (Trapagas),Jinho 9,10,4,8
2022-12-03,13,Another Love,Tom Odell,12,11,16
2022-12-03,14,Anti-Hero,Taylor Swift,11,9,5
2022-12-03,15,Bad Memories,Meduza x James Carter Featuring Elley Duhe & FAST BOY,13,13,12
2022-12-03,16,Snap,Rosa Linn,15,4,20
2022-12-03,17,Van Mij Zijn,KATNUF,14,1,15
2022-12-03,18,Je Verdient Beter,Ka Featuring Willem,-,18,1
2022-12-03,19,Made You Look,Meghan Trainor,20,19,2
2022-12-03,20,Meteoriet,Antoon & Dopebwoy,17,13,6
2022-12-03,21,I Ain't Worried,OneRepublic,18,6,22
2022-12-03,22,Lift Me Up,Rihanna,19,12,4
2022-12-03,23,Kwijt,Suzan & Freek,16,12,12
2022-12-03,24,All I Want For Christmas Is You,Mariah Carey,-,24,1
2022-12-03,25,For My Hand,Burna Boy Featuring Ed Sheeran,25,25,2
2022-12-10,1,Stiekem,Maan & Goldband,1,1,4
2022-12-10,2,Miss You,Oliver Tree & Robin Schulz,2,1,7
2022-12-10,3,Ladada (Mon Dernier Mot),Claude,11,3,2
2022-12-10,4,Unholy,Sam Smith & Kim Petras,5,1,10
2022-12-10,5,I'm Good (Blue),David Guetta & Bebe Rexha,6,1,14
2022-12-10,6,Stunten,Broederliefde Featuring KA,4,2,5
2022-12-10,7,Noodgeval,Goldband,8,5,14
2022-12-10,8,Adrenaline,Kris Kross Amsterdam X Ronnie Flex X Zoe Tauran,7,6,11
2022-12-10,9,How Do I Say Goodbye,Dean Lewis,9,8,8
2022-12-10,10,Calm Down,Rema & Selena Gomez,10,1,23
2022-12-10,11,Another Love,Tom Odell,13,11,17
2022-12-10,12,Anti-Hero,Taylor Swift,14,9,6
2022-12-10,13,Ff Ademen Jij,Boef,3,3,2
2022-12-10,14,All I Want For Christmas Is You,Mariah Carey,24,14,2
2022-12-10,15,Blind Op Zoek (Trapagas),Jinho 9,12,4,9
2022-12-10,16,Bad Memories,Meduza x James Carter Featuring Elley Duhe & FAST BOY,15,13,13
2022-12-10,17,Made You Look,Meghan Trainor,19,17,3
2022-12-10,18,Escapism,RAYE Featuring 070 Shake,-,18,1
2022-12-10,19,Last Christmas,Wham!,-,19,1
2022-12-10,20,Van Mij Zijn,KATNUF,17,1,16
2022-12-10,21,Snap,Rosa Linn,16,4,21
2022-12-10,22,Je Verdient Beter,Ka Featuring Willem,18,18,2
2022-12-10,23,Meteoriet,Antoon & Dopebwoy,20,13,7
2022-12-10,24,I Ain't Worried,OneRepublic,21,6,23
2022-12-10,25,Kwijt,Suzan & Freek,23,12,13
2022-12-17,1,Ladada (Mon Dernier Mot),Claude,3,1,3
2022-12-17,2,All I Want For Christmas Is You,Mariah Carey,14,2,3
2022-12-17,3,Stiekem,Maan & Goldband,1,1,5
2022-12-17,4,Miss You,Oliver Tree & Robin Schulz,2,1,8
2022-12-17,5,Last Christmas,Wham!,19,5,2
2022-12-17,6,Unholy,Sam Smith & Kim Petras,4,1,11
2022-12-17,7,I'm Good (Blue),David Guetta & Bebe Rexha,5,1,15
2022-12-17,8,Escapism,RAYE Featuring 070 Shake,18,8,2
2022-12-17,9,Noodgeval,Goldband,7,5,15
2022-12-17,10,Another Love,Tom Odell,11,10,18
2022-12-17,11,How Do I Say Goodbye,Dean Lewis,9,8,9
2022-12-17,12,Stunten,Broederliefde Featuring KA,6,2,6
2022-12-17,13,Calm Down,Rema & Selena Gomez,10,1,24
2022-12-17,14,Adrenaline,Kris Kross Amsterdam X Ronnie Flex X Zoe Tauran,8,6,12
2022-12-17,15,Santa Tell Me,Ariana Grande,-,15,1
2022-12-17,16,Lege Bankjes,Lijpe,-,16,1
2022-12-17,17,It's Beginning To Look A Lot Like Christmas,Michael Buble,-,17,1
2022-12-17,18,Laatste Rondje,Lijpe,-,18,1
2022-12-17,19,Underneath The Tree,Kelly Clarkson,-,19,1
2022-12-17,20,Ik Weet Niet,Lijpe Featuring Henkie T,-,20,1
2022-12-17,21,Bad Memories,Meduza x James Carter Featuring Elley Duhe & FAST BOY,16,13,14
2022-12-17,22,Anti-Hero,Taylor Swift,12,9,7
2022-12-17,23,It's The Most Wonderful Time Of The Year,Andy Williams,-,23,1
2022-12-17,24,Driving Home For Christmas,Chris Rea,-,24,1
2022-12-17,25,Made You Look,Meghan Trainor,17,17,4
2022-12-24,1,All I Want For Christmas Is You,Mariah Carey,2,1,4
2022-12-24,2,Last Christmas,Wham!,5,2,3
2022-12-24,3,Ladada (Mon Dernier Mot),Claude,1,1,4
2022-12-24,4,Stiekem,Maan & Goldband,3,1,6
2022-12-24,5,Santa Tell Me,Ariana Grande,15,5,2
2022-12-24,6,It's Beginning To Look A Lot Like Christmas,Michael Buble,17,6,2
2022-12-24,7,Miss You,Oliver Tree & Robin Schulz,4,1,9
2022-12-24,8,Escapism,RAYE Featuring 070 Shake,8,8,3
2022-12-24,9,Underneath The Tree,Kelly Clarkson,19,9,2
2022-12-24,10,Rockin' Around The Christmas Tree,Brenda Lee,-,10,1
2022-12-24,11,It's The Most Wonderful Time Of The Year,Andy Williams,23,11,2
2022-12-24,12,Unholy,Sam Smith & Kim Petras,6,1,12
2022-12-24,13,Driving Home For Christmas,Chris Rea,24,13,2
2022-12-24,14,Feliz Navidad,Jose Feliciano,-,14,1
2022-12-24,15,I'm Good (Blue),David Guetta & Bebe Rexha,7,1,16
2022-12-24,16,How Do I Say Goodbye,Dean Lewis,11,8,10
2022-12-24,17,Another Love,Tom Odell,10,10,19
2022-12-24,18,Noodgeval,Goldband,9,5,16
2022-12-24,19,Snowman,Sia,-,19,1
2022-12-24,20,Jingle Bell Rock,Bobby Helms,-,20,1
2022-12-24,21,Sleigh Ride,The Ronettes,-,21,1
2022-12-24,22,Calm Down,Rema & Selena Gomez,13,1,25
2022-12-24,23,Merry Christmas Everyone,Shakin' Stevens,-,23,1
2022-12-24,24,Do They Know It's Christmas?,Band Aid,-,24,1
2022-12-24,25,Stunten,Broederliefde Featuring KA,12,2,7
2022-12-31,1,All I Want For Christmas Is You,Mariah Carey,1,1,5
2022-12-31,2,Last Christmas,Wham!,2,2,4
2022-12-31,3,Ladada (Mon Dernier Mot),Claude,3,1,5
2022-12-31,4,Stiekem,Maan & Goldband,4,1,7
2022-12-31,5,Let Go,Central Cee,-,5,1
2022-12-31,6,It's Beginning To Look A Lot Like Christmas,Michael Buble,6,6,3
2022-12-31,7,Santa Tell Me,Ariana Grande,5,5,3
2022-12-31,8,Rockin' Around The Christmas Tree,Brenda Lee,10,8,2
2022-12-31,9,Snowman,Sia,19,9,2
2022-12-31,10,Driving Home For Christmas,Chris Rea,13,10,3
2022-12-31,11,Underneath The Tree,Kelly Clarkson,9,9,3
2022-12-31,12,It's The Most Wonderful Time Of The Year,Andy Williams,11,11,3
2022-12-31,13,Feliz Navidad,Jose Feliciano,14,13,2
2022-12-31,14,Escapism,RAYE Featuring 070 Shake,8,8,4
2022-12-31,15,Miss You,Oliver Tree & Robin Schulz,7,1,10
2022-12-31,16,Jingle Bell Rock,Bobby Helms,20,16,2
2022-12-31,17,Unholy,Sam Smith & Kim Petras,12,1,13
2022-12-31,18,Bushokje,Kevin,-,18,1
2022-12-31,19,Sleigh Ride,The Ronettes,21,19,2
2022-12-31,20,Merry Christmas Everyone,Shakin' Stevens,23,20,2
2022-12-31,21,I'm Good (Blue),David Guetta & Bebe Rexha,15,1,17
2022-12-31,22,Do They Know It's Christmas?,Band Aid,24,22,2
2022-12-31,23,Noodgeval,Goldband,18,5,17
2022-12-31,24,Another Love,Tom Odell,17,10,20
2022-12-31,25,Wonderful Christmastime,Paul McCartney,-,25,1
2023-01-07,1,All I Want For Christmas Is You,Mariah Carey,1,1,6
2023-01-07,2,Last Christmas,Wham!,2,2,5
2023-01-07,3,It's Beginning To Look A Lot Like Christmas,Michael Buble,6,3,4
2023-01-07,4,Santa Tell Me,Ariana Grande,7,4,4
2023-01-07,5,Rockin' Around The Christmas Tree,Brenda Lee,8,5,3
2023-01-07,6,Driving Home For Christmas,Chris Rea,10,6,4
2023-01-07,7,Feliz Navidad,Jose Feliciano,13,7,3
2023-01-07,8,It's The Most Wonderful Time Of The Year,Andy Williams,12,8,4
2023-01-07,9,Underneath The Tree,Kelly Clarkson,11,9,4
2023-01-07,10,Snowman,Sia,9,9,3
2023-01-07,11,Jingle Bell Rock,Bobby Helms,16,11,3
2023-01-07,12,Wonderful Christmastime,Paul McCartney,25,12,2
2023-01-07,13,Sleigh Ride,The Ronettes,19,13,3
2023-01-07,14,Do They Know It's Christmas?,Band Aid,22,14,3
2023-01-07,15,Ladada (Mon Dernier Mot),Claude,3,1,6
2023-01-07,16,Merry Christmas Everyone,Shakin' Stevens,20,16,3
2023-01-07,17,Let It Snow! Let It Snow! Let It Snow!,Dean Martin,-,17,1
2023-01-07,18,Stiekem,Maan & Goldband,4,1,8
2023-01-07,19,"Let It Snow, Let It Snow, Let It Snow!",Frank Sinatra With The B. Swanson Quartet / Alex Stordahl,-,19,1
2023-01-07,20,Happy Xmas (War Is Over),John & Yoko/The Plastic Ono Band With The Harlem Community Choir,-,20,1
2023-01-07,21,Holly Jolly Christmas,Michael Buble,-,21,1
2023-01-07,22,Mistletoe,Justin Bieber,-,22,1
2023-01-07,23,Let Go,Central Cee,5,5,2
2023-01-07,24,Merry Christmas,Ed Sheeran & Elton John,-,24,1
2023-01-07,25,Noodgeval,Goldband,23,5,18
2023-01-14,1,Ladada (Mon Dernier Mot),Claude,15,1,7
2023-01-14,2,Stiekem,Maan & Goldband,18,1,9
2023-01-14,3,Love Song,"Trobi, Ronnie Flex & Bilal Wahi",-,3,1
2023-01-14,4,Noodgeval,Goldband,25,4,19
2023-01-14,5,I'm Good (Blue),David Guetta & Bebe Rexha,-,1,18
2023-01-14,6,Miss You,Oliver Tree & Robin Schulz,-,1,11
2023-01-14,7,Unholy,Sam Smith & Kim Petras,-,1,14
2023-01-14,8,Escapism,RAYE Featuring 070 Shake,-,8,5
2023-01-14,9,Let Go,Central Cee,23,5,3
2023-01-14,10,Another Love,Tom Odell,-,10,21
2023-01-14,11,Calm Down,Rema & Selena Gomez,-,1,26
2023-01-14,12,How Do I Say Goodbye,Dean Lewis,-,8,11
2023-01-14,13,Paracetamollen,FLEMMING,-,13,1
2023-01-14,14,Adrenaline,Kris Kross Amsterdam X Ronnie Flex X Zoe Tauran,-,6,13
2023-01-14,15,Creepin',"Metro Boomin , The Weeknd & 21 Savage",-,15,1
2023-01-14,16,Meteoriet,Antoon & Dopebwoy,-,13,8
2023-01-14,17,Made You Look,Meghan Trainor,-,17,5
2023-01-14,18,Anti-Hero,Taylor Swift,-,9,8
2023-01-14,19,Bushokje,Kevin,-,18,2
2023-01-14,20,10:35,Tiesto Featuring Tate McRae,-,20,1
2023-01-14,21,Bad Memories,Meduza x James Carter Featuring Elley Duhe & FAST BOY,-,13,15
2023-01-14,22,Stunten,Broederliefde Featuring KA,-,2,8
2023-01-14,23,Van Mij Zijn,KATNUF,-,1,17
2023-01-14,24,As It Was,Harry Styles,-,1,32
2023-01-14,25,Kill Bill,SZA,-,25,1
2023-01-21,1,Probleem,Boef Featuring Christian D,-,1,1
2023-01-21,2,Ladada (Mon Dernier Mot),Claude,1,1,8
2023-01-21,3,Stiekem,Maan & Goldband,2,1,10
2023-01-21,4,Escapism,RAYE Featuring 070 Shake,8,4,6
2023-01-21,5,I'm Good (Blue),David Guetta & Bebe Rexha,5,1,19
2023-01-21,6,Noodgeval,Goldband,4,4,20
2023-01-21,7,Paracetamollen,FLEMMING,13,7,2
2023-01-21,8,Love Song,"Trobi, Ronnie Flex & Bilal Wahi",3,3,2
2023-01-21,9,Miss You,Oliver Tree & Robin Schulz,6,1,12
2023-01-21,10,Let Go,Central Cee,9,5,4
2023-01-21,11,Unholy,Sam Smith & Kim Petras,7,1,15
2023-01-21,12,Another Love,Tom Odell,10,10,22
2023-01-21,13,Calm Down,Rema & Selena Gomez,11,1,27
2023-01-21,14,Creepin',"Metro Boomin , The Weeknd & 21 Savage",15,14,2
2023-01-21,15,How Do I Say Goodbye,Dean Lewis,12,8,12
2023-01-21,16,Adrenaline,Kris Kross Amsterdam X Ronnie Flex X Zoe Tauran,14,6,14
2023-01-21,17,Kill Bill,SZA,25,17,2
2023-01-21,18,Meteoriet,Antoon & Dopebwoy,16,13,9
2023-01-21,19,10:35,Tiesto Featuring Tate McRae,20,19,2
2023-01-21,20,Slapeloosheid,Suzan & Freek,-,20,1
2023-01-21,21,Bushokje,Kevin,19,18,3
2023-01-21,22,Anti-Hero,Taylor Swift,18,9,9
2023-01-21,23,Made You Look,Meghan Trainor,17,17,6
2023-01-21,24,Stunten,Broederliefde Featuring KA,22,2,9
2023-01-21,25,Bad Memories,Meduza x James Carter Featuring Elley Duhe & FAST BOY,21,13,16
2023-01-28,1,Paracetamollen,FLEMMING,7,1,3
2023-01-28,2,Ik Space,Bilal Featuring Fabienne Bergmans,-,2,1
2023-01-28,3,Another Love,Tom Odell,12,3,23
2023-01-28,4,Anti-Hero,Taylor Swift,22,4,10
2023-01-28,5,As It Was,Harry Styles,-,1,33
2023-01-28,6,Bel Mercy,Jengi,-,6,1
2023-01-28,7,Pointless,Lewis Capaldi,-,7,1
2023-01-28,8,Escapism,RAYE Featuring 070 Shake,4,4,7
2023-01-28,9,Forget Me,Lewis Capaldi,-,9,5
2023-01-28,10,I Ain't Worried,OneRepublic,-,6,24
2023-01-28,11,Mockingbird,Eminem,-,11,1
2023-01-28,12,Shallow,Lady Gaga & Bradley Cooper,-,12,1
2023-01-28,13,Golden Hour,JVKE,-,13,1
2023-01-28,14,Someone You Loved,Lewis Capaldi,-,14,1
2023-01-28,15,One Taker,JoeyAK,-,15,1
2023-01-28,16,Ferrari,James Hype & Miggy Dela Rosa,-,1,27
2023-01-28,17,Save Your Tears,The Weeknd,-,17,1
2023-01-28,18,Lovely,Billie Eilish & Khalid,-,18,1
2023-01-28,19,Set Fire To The Rain,Adele,-,19,1
2023-01-28,20,Lay Low,Tiesto,-,20,1
2023-01-28,21,Die For You,The Weeknd & Ariana Grande,-,21,1
2023-01-28,22,blame's on me,Alexander Stewart,-,22,1
2023-01-28,23,Words,Alesso & Zara Larsson,-,6,19
2023-01-28,24,Doja,Central Cee,-,4,11
2023-01-28,25,January Without You,Davina Michelle,-,25,1
2023-02-04,1,Flowers,Miley Cyrus,-,1,1
2023-02-04,2,Stiekem,Maan & Goldband,-,1,11
2023-02-04,3,Probleem,Boef Featuring Christian D,-,1,2
2023-02-04,4,Ladada (Mon Dernier Mot),Claude,-,1,9
2023-02-04,5,Ik Space,Bilal Featuring Fabienne Bergmans,2,2,2
2023-02-04,6,Therapie,Zoe Tauran,-,6,1
2023-02-04,7,Escapism,RAYE Featuring 070 Shake,8,4,8
2023-02-04,8,Paracetamollen,FLEMMING,1,1,4
2023-02-04,9,Slapeloosheid,Suzan & Freek,-,9,2
2023-02-04,10,Noodgeval,Goldband,-,4,21
2023-02-04,11,I'm Good (Blue),David Guetta & Bebe Rexha,-,1,20
2023-02-04,12,Love Song,"Trobi, Ronnie Flex & Bilal Wahi",-,3,3
2023-02-04,13,Creepin',"Metro Boomin , The Weeknd & 21 Savage",-,13,3
2023-02-04,14,Hoop,Lijpe & KA,-,14,1
2023-02-04,15,Miss You,Oliver Tree & Robin Schulz,-,1,13
2023-02-04,16,Kill Bill,SZA,-,16,3
2023-02-04,17,Unholy,Sam Smith & Kim Petras,-,1,16
2023-02-04,18,Another Love,Tom Odell,3,3,24
2023-02-04,19,Let Go,Central Cee,-,5,5
2023-02-04,20,Calm Down,Rema & Selena Gomez,-,1,28
2023-02-04,21,10:35,Tiesto Featuring Tate McRae,-,19,3
2023-02-04,22,How Do I Say Goodbye,Dean Lewis,-,8,13
2023-02-04,23,Bali,Bankzitters,-,23,1
2023-02-04,24,Adrenaline,Kris Kross Amsterdam X Ronnie Flex X Zoe Tauran,-,6,15
2023-02-04,25,Stemgeluid,Vlins Featuring Laura Yasmin,-,25,1
2023-02-11,1,Flowers,Miley Cyrus,1,1,2
2023-02-11,2,Therapie,Zoe Tauran,6,2,2
2023-02-11,3,Stiekem,Maan & Goldband,2,1,12
2023-02-11,4,Ladada (Mon Dernier Mot),Claude,4,1,10
2023-02-11,5,Probleem,Boef Featuring Christian D,3,1,3
2023-02-11,6,Ik Space,Bilal Featuring Fabienne Bergmans,5,2,3
2023-02-11,7,Paracetamollen,FLEMMING,8,1,5
2023-02-11,8,Escapism,RAYE Featuring 070 Shake,7,4,9
2023-02-11,9,Natte Sokken,Boef Featuring KA,-,9,1
2023-02-11,10,Noodgeval,Goldband,10,4,22
2023-02-11,11,Creepin',"Metro Boomin , The Weeknd & 21 Savage",13,11,4
2023-02-11,12,Slapeloosheid,Suzan & Freek,9,9,3
2023-02-11,13,I'm Good (Blue),David Guetta & Bebe Rexha,11,1,21
2023-02-11,14,Unholy,Sam Smith & Kim Petras,17,1,17
2023-02-11,15,Calm Down,Rema & Selena Gomez,20,1,29
2023-02-11,16,Stemgeluid,Vlins Featuring Laura Yasmin,25,16,2
2023-02-11,17,Another Love,Tom Odell,18,3,25
2023-02-11,18,Miss You,Oliver Tree & Robin Schulz,15,1,14
2023-02-11,19,Kill Bill,SZA,16,16,4
2023-02-11,20,10:35,Tiesto Featuring Tate McRae,21,19,4
2023-02-11,21,Adrenaline,Kris Kross Amsterdam X Ronnie Flex X Zoe Tauran,24,6,16
2023-02-11,22,Let Go,Central Cee,19,5,6
2023-02-11,23,Love Song,"Trobi, Ronnie Flex & Bilal Wahi",12,3,4
2023-02-11,24,How Do I Say Goodbye,Dean Lewis,22,8,14
2023-02-11,25,Anti-Hero,Taylor Swift,-,4,11
2023-02-18,1,Flowers,Miley Cyrus,1,1,3
2023-02-18,2,Stiekem,Maan & Goldband,3,1,13
2023-02-18,3,Therapie,Zoe Tauran,2,2,3
2023-02-18,4,Ladada (Mon Dernier Mot),Claude,4,1,11
2023-02-18,5,Paracetamollen,FLEMMING,7,1,6
2023-02-18,6,Escapism,RAYE Featuring 070 Shake,8,4,10
2023-02-18,7,Ik Space,Bilal Featuring Fabienne Bergmans,6,2,4
2023-02-18,8,Probleem,Boef Featuring Christian D,5,1,4
2023-02-18,9,Creepin',"Metro Boomin , The Weeknd & 21 Savage",11,9,5
2023-02-18,10,Noodgeval,Goldband,10,4,23
2023-02-18,11,Unholy,Sam Smith & Kim Petras,14,1,18
2023-02-18,12,Stemgeluid,Vlins Featuring Laura Yasmin,16,12,3
2023-02-18,13,Slapeloosheid,Suzan & Freek,12,9,4
2023-02-18,14,I'm Good (Blue),David Guetta & Bebe Rexha,13,1,22
2023-02-18,15,Baddie,"$hirak, KM, Cristian D, Ronnie Flex & Emms",-,15,1
2023-02-18,16,Another Love,Tom Odell,17,3,26
2023-02-18,17,10:35,Tiesto Featuring Tate McRae,20,17,5
2023-02-18,18,Kill Bill,SZA,19,16,5
2023-02-18,19,Miss You,Oliver Tree & Robin Schulz,18,1,15
2023-02-18,20,Calm Down,Rema & Selena Gomez,15,1,30
2023-02-18,21,Natte Sokken,Boef Featuring KA,9,9,2
2023-02-18,22,Let Go,Central Cee,22,5,7
2023-02-18,23,Anti-Hero,Taylor Swift,25,4,12
2023-02-18,24,How Do I Say Goodbye,Dean Lewis,24,8,15
2023-02-18,25,Until I Found You,Stephen Sanchez,-,25,1
2023-02-25,1,Herinnering,Boef Featuring Lil Kleine,-,1,1
2023-02-25,2,Flowers,Miley Cyrus,1,1,4
2023-02-25,3,Stiekem,Maan & Goldband,2,1,14
2023-02-25,4,Ladada (Mon Dernier Mot),Claude,4,1,12
2023-02-25,5,Therapie,Zoe Tauran,3,2,4
2023-02-25,6,Paracetamollen,FLEMMING,5,1,7
2023-02-25,7,Probleem,Boef Featuring Christian D,8,1,5
2023-02-25,8,Escapism,RAYE Featuring 070 Shake,6,4,11
2023-02-25,9,Creepin',"Metro Boomin , The Weeknd & 21 Savage",9,9,6
2023-02-25,10,Ik Space,Bilal Featuring Fabienne Bergmans,7,2,5
2023-02-25,11,Slapeloosheid,Suzan & Freek,13,9,5
2023-02-25,12,Stemgeluid,Vlins Featuring Laura Yasmin,12,12,4
2023-02-25,13,Noodgeval,Goldband,10,4,24
2023-02-25,14,Baddie,"$hirak, KM, Cristian D, Ronnie Flex & Emms",15,14,2
2023-02-25,15,Kill Bill,SZA,18,15,6
2023-02-25,16,I'm Good (Blue),David Guetta & Bebe Rexha,14,1,23
2023-02-25,17,Unholy,Sam Smith & Kim Petras,11,1,19
2023-02-25,18,10:35,Tiesto Featuring Tate McRae,17,17,6
2023-02-25,19,Calm Down,Rema & Selena Gomez,20,1,31
2023-02-25,20,Another Love,Tom Odell,16,3,27
2023-02-25,21,Natte Sokken,Boef Featuring KA,21,9,3
2023-02-25,22,Miss You,Oliver Tree & Robin Schulz,19,1,16
2023-02-25,23,Until I Found You,Stephen Sanchez,25,23,2
2023-02-25,24,Let Go,Central Cee,22,5,8
2023-02-25,25,New Balance,Lusho,-,25,1
2023-03-04,1,Herinnering,Boef Featuring Lil Kleine,1,1,2
2023-03-04,2,Flowers,Miley Cyrus,2,1,5
2023-03-04,3,Stiekem,Maan & Goldband,3,1,15
2023-03-04,4,Ladada (Mon Dernier Mot),Claude,4,1,13
2023-03-04,5,Therapie,Zoe Tauran,5,2,5
2023-03-04,6,Probleem,Boef Featuring Christian D,7,1,6
2023-03-04,7,Paracetamollen,FLEMMING,6,1,8
2023-03-04,8,Escapism,RAYE Featuring 070 Shake,8,4,12
2023-03-04,9,Creepin',"Metro Boomin , The Weeknd & 21 Savage",9,9,7
2023-03-04,10,Rovers,"Boef, Lijpe & Djaga Djaga",-,10,1
2023-03-04,11,Slapeloosheid,Suzan & Freek,11,9,6
2023-03-04,12,Noodgeval,Goldband,13,4,25
2023-03-04,13,Al Die Dagen,Boef & Ronnie Flex,-,13,1
2023-03-04,14,Natte Sokken,Boef Featuring KA,21,9,4
2023-03-04,15,I'm Good (Blue),David Guetta & Bebe Rexha,16,1,24
2023-03-04,16,"Boy's A Liar, Pt. 2",PinkPantheress & Ice Spice,-,16,1
2023-03-04,17,Baddie,"$hirak, KM, Cristian D, Ronnie Flex & Emms",14,14,3
2023-03-04,18,Stemgeluid,Vlins Featuring Laura Yasmin,12,12,5
2023-03-04,19,Calm Down,Rema & Selena Gomez,19,1,32
2023-03-04,20,Kill Bill,SZA,15,15,7
2023-03-04,21,Ik Space,Bilal Featuring Fabienne Bergmans,10,2,6
2023-03-04,22,Until I Found You,Stephen Sanchez,23,22,3
2023-03-04,23,Goudmijntje,Boef & MocroManiac,-,23,1
2023-03-04,24,10:35,Tiesto Featuring Tate McRae,18,17,7
2023-03-04,25,Unholy,Sam Smith & Kim Petras,17,1,20
2023-03-11,1,Flowers,Miley Cyrus,2,1,6
2023-03-11,2,Herinnering,Boef Featuring Lil Kleine,1,1,3
2023-03-11,3,Stiekem,Maan & Goldband,3,1,16
2023-03-11,4,Ladada (Mon Dernier Mot),Claude,4,1,14
2023-03-11,5,Therapie,Zoe Tauran,5,2,6
2023-03-11,6,Paracetamollen,FLEMMING,7,1,9
2023-03-11,7,Escapism,RAYE Featuring 070 Shake,8,4,13
2023-03-11,8,Creepin',"Metro Boomin , The Weeknd & 21 Savage",9,8,8
2023-03-11,9,Slapeloosheid,Suzan & Freek,11,9,7
2023-03-11,10,Die For You,The Weeknd & Ariana Grande,-,10,2
2023-03-11,11,I'm Good (Blue),David Guetta & Bebe Rexha,15,1,25
2023-03-11,12,Probleem,Boef Featuring Christian D,6,1,7
2023-03-11,13,Noodgeval,Goldband,12,4,26
2023-03-11,14,Wat Wil Je Van Mij,Metejoor & Hannah Mae,-,14,1
2023-03-11,15,Until I Found You,Stephen Sanchez,22,15,4
2023-03-11,16,Calm Down,Rema & Selena Gomez,19,1,33
2023-03-11,17,"Boy's A Liar, Pt. 2",PinkPantheress & Ice Spice,16,16,2
2023-03-11,18,I'll Be Waiting,Cian Ducrot,-,18,1
2023-03-11,19,Stemgeluid,Vlins Featuring Laura Yasmin,18,12,6
2023-03-11,20,Baddie,"$hirak, KM, Cristian D, Ronnie Flex & Emms",17,14,4
2023-03-11,21,People,Libianca,-,21,1
2023-03-11,22,Another Love,Tom Odell,-,3,28
2023-03-11,23,10:35,Tiesto Featuring Tate McRae,24,17,8
2023-03-11,24,Unholy,Sam Smith & Kim Petras,25,1,21
2023-03-11,25,Heaven,Niall Horan,-,25,1
2023-03-18,1,Flowers,Miley Cyrus,1,1,7
2023-03-18,2,Stiekem,Maan & Goldband,3,1,17
2023-03-18,3,Dyscalculie,Maks,-,3,1
2023-03-18,4,Herinnering,Boef Featuring Lil Kleine,2,1,4
2023-03-18,5,Ladada (Mon Dernier Mot),Claude,4,1,15
2023-03-18,6,Die For You,The Weeknd & Ariana Grande,10,6,3
2023-03-18,7,Therapie,Zoe Tauran,5,2,7
2023-03-18,8,Paracetamollen,FLEMMING,6,1,10
2023-03-18,9,Creepin',"Metro Boomin , The Weeknd & 21 Savage",8,8,9
2023-03-18,10,Escapism,RAYE Featuring 070 Shake,7,4,14
2023-03-18,11,Kipstraat,Kevin Featuring JoeyAK,-,11,1
2023-03-18,12,People,Libianca,21,12,2
2023-03-18,13,Slapeloosheid,Suzan & Freek,9,9,8
2023-03-18,14,Wat Wil Je Van Mij,Metejoor & Hannah Mae,14,14,2
2023-03-18,15,Until I Found You,Stephen Sanchez,15,15,5
2023-03-18,16,"Boy's A Liar, Pt. 2",PinkPantheress & Ice Spice,17,16,3
2023-03-18,17,Noodgeval,Goldband,13,4,27
2023-03-18,18,I'm Good (Blue),David Guetta & Bebe Rexha,11,1,26
2023-03-18,19,Probleem,Boef Featuring Christian D,12,1,8
2023-03-18,20,Calm Down,Rema & Selena Gomez,16,1,34
2023-03-18,21,Wat Is Er Gebeurd,Vincent Visser Featuring Jairzinho,-,21,1
2023-03-18,22,Another Love,Tom Odell,22,3,29
2023-03-18,23,I'll Be Waiting,Cian Ducrot,18,18,2
2023-03-18,24,Stemgeluid,Vlins Featuring Laura Yasmin,19,12,7
2023-03-18,25,Lay Low,Tiesto,-,20,2
2023-03-25,1,Flowers,Miley Cyrus,1,1,8
2023-03-25,2,Stiekem,Maan & Goldband,2,1,18
2023-03-25,3,Dyscalculie,Maks,3,3,2
2023-03-25,4,Ladada (Mon Dernier Mot),Claude,5,1,16
2023-03-25,5,Die For You,The Weeknd & Ariana Grande,6,5,4
2023-03-25,6,Therapie,Zoe Tauran,7,2,8
2023-03-25,7,Kipstraat,Kevin Featuring JoeyAK,11,7,2
2023-03-25,8,Paracetamollen,FLEMMING,8,1,11
2023-03-25,9,People,Libianca,12,9,3
2023-03-25,10,Creepin',"Metro Boomin , The Weeknd & 21 Savage",9,8,10
2023-03-25,11,Herinnering,Boef Featuring Lil Kleine,4,1,5
2023-03-25,12,Broski's,Frenna Featuring Mula B,-,12,1
2023-03-25,13,Escapism,RAYE Featuring 070 Shake,10,4,15
2023-03-25,14,Wat Wil Je Van Mij,Metejoor & Hannah Mae,14,14,3
2023-03-25,15,Slapeloosheid,Suzan & Freek,13,9,9
2023-03-25,16,Until I Found You,Stephen Sanchez,15,15,6
2023-03-25,17,"Boy's A Liar, Pt. 2",PinkPantheress & Ice Spice,16,16,4
2023-03-25,18,Noodgeval,Goldband,17,4,28
2023-03-25,19,I'm Good (Blue),David Guetta & Bebe Rexha,18,1,27
2023-03-25,20,Calm Down,Rema & Selena Gomez,20,1,35
2023-03-25,21,Another Love,Tom Odell,22,3,30
2023-03-25,22,Lay Low,Tiesto,25,20,3
2023-03-25,23,I'll Be Waiting,Cian Ducrot,23,18,3
2023-03-25,24,Stemgeluid,Vlins Featuring Laura Yasmin,24,12,8
2023-03-25,25,Call It Love,Felix Jaehn & Ray Dalton,-,25,1
2023-04-01,1,Flowers,Miley Cyrus,1,1,9
2023-04-01,2,Stiekem,Maan & Goldband,2,1,19
2023-04-01,3,Dyscalculie,Maks,3,3,3
2023-04-01,4,Ladada (Mon Dernier Mot),Claude,4,1,17
2023-04-01,5,People,Libianca,9,5,4
2023-04-01,6,Kipstraat,Kevin Featuring JoeyAK,7,6,3
2023-04-01,7,Die For You,The Weeknd & Ariana Grande,5,5,5
2023-04-01,8,Therapie,Zoe Tauran,6,2,9
2023-04-01,9,Paracetamollen,FLEMMING,8,1,12
2023-04-01,10,Creepin',"Metro Boomin , The Weeknd & 21 Savage",10,8,11
2023-04-01,11,Wat Wil Je Van Mij,Metejoor & Hannah Mae,14,11,4
2023-04-01,12,Noodgeval,Goldband,18,4,29
2023-04-01,13,Escapism,RAYE Featuring 070 Shake,13,4,16
2023-04-01,14,Slapeloosheid,Suzan & Freek,15,9,10
2023-04-01,15,Until I Found You,Stephen Sanchez,16,15,7
2023-04-01,16,"Boy's A Liar, Pt. 2",PinkPantheress & Ice Spice,17,16,5
2023-04-01,17,Broski's,Frenna Featuring Mula B,12,12,2
2023-04-01,18,Herinnering,Boef Featuring Lil Kleine,11,1,6
2023-04-01,19,Calm Down,Rema & Selena Gomez,20,1,36
2023-04-01,20,I'm Good (Blue),David Guetta & Bebe Rexha,19,1,28
2023-04-01,21,Another Love,Tom Odell,21,3,31
2023-04-01,22,I'll Be Waiting,Cian Ducrot,23,18,4
2023-04-01,23,Call It Love,Felix Jaehn & Ray Dalton,25,23,2
2023-04-01,24,Lay Low,Tiesto,22,20,4
2023-04-01,25,Back To You,"Lost Frequencies , Elley Duhe & X Ambassadors",-,25,1
2023-04-08,1,Flowers,Miley Cyrus,1,1,10
2023-04-08,2,Stiekem,Maan & Goldband,2,1,20
2023-04-08,3,People,Libianca,5,3,5
2023-04-08,4,Ladada (Mon Dernier Mot),Claude,4,1,18
2023-04-08,5,Dyscalculie,Maks,3,3,4
2023-04-08,6,Die For You,The Weeknd & Ariana Grande,7,5,6
2023-04-08,7,Wat Wil Je Van Mij,Metejoor & Hannah Mae,11,7,5
2023-04-08,8,Therapie,Zoe Tauran,8,2,10
2023-04-08,9,Creepin',"Metro Boomin , The Weeknd & 21 Savage",10,8,12
2023-04-08,10,Paracetamollen,FLEMMING,9,1,13
2023-04-08,11,Kipstraat,Kevin Featuring JoeyAK,6,6,4
2023-04-08,12,Slapeloosheid,Suzan & Freek,14,9,11
2023-04-08,13,Noodgeval,Goldband,12,4,30
2023-04-08,14,Alleen (Weer),Lil Kleine,-,14,1
2023-04-08,15,Broski's,Frenna Featuring Mula B,17,12,3
2023-04-08,16,Until I Found You,Stephen Sanchez,15,15,8
2023-04-08,17,Calm Down,Rema & Selena Gomez,19,1,37
2023-04-08,18,Escapism,RAYE Featuring 070 Shake,13,4,17
2023-04-08,19,I'm Good (Blue),David Guetta & Bebe Rexha,20,1,29
2023-04-08,20,Call It Love,Felix Jaehn & Ray Dalton,23,20,3
2023-04-08,21,Lay Low,Tiesto,24,20,5
2023-04-08,22,"Boy's A Liar, Pt. 2",PinkPantheress & Ice Spice,16,16,6
2023-04-08,23,Miracle,Calvin Harris & Ellie Goulding,-,23,1
2023-04-08,24,I'll Be Waiting,Cian Ducrot,22,18,5
2023-04-08,25,Another Love,Tom Odell,21,3,32
2023-04-15,1,Flowers,Miley Cyrus,1,1,11
2023-04-15,2,Stiekem,Maan & Goldband,2,1,21
2023-04-15,3,People,Libianca,3,3,6
2023-04-15,4,Ladada (Mon Dernier Mot),Claude,4,1,19
2023-04-15,5,Wat Wil Je Van Mij,Metejoor & Hannah Mae,7,5,6
2023-04-15,6,Dyscalculie,Maks,5,3,5
2023-04-15,7,Die For You,The Weeknd & Ariana Grande,6,5,7
2023-04-15,8,Creepin',"Metro Boomin , The Weeknd & 21 Savage",9,8,13
2023-04-15,9,Therapie,Zoe Tauran,8,2,11
2023-04-15,10,Engelbewaarder,Marco Schuitmaker,-,10,1
2023-04-15,11,Miracle,Calvin Harris & Ellie Goulding,23,11,2
2023-04-15,12,Paracetamollen,FLEMMING,10,1,14
2023-04-15,13,Noodgeval,Goldband,13,4,31
2023-04-15,14,Slapeloosheid,Suzan & Freek,12,9,12
2023-04-15,15,Broski's,Frenna Featuring Mula B,15,12,4
2023-04-15,16,Calm Down,Rema & Selena Gomez,17,1,38
2023-04-15,17,Until I Found You,Stephen Sanchez,16,15,9
2023-04-15,18,Lay Low,Tiesto,21,18,6
2023-04-15,19,Rush,Ayra Starr,-,19,1
2023-04-15,20,Call It Love,Felix Jaehn & Ray Dalton,20,20,4
2023-04-15,21,Kipstraat,Kevin Featuring JoeyAK,11,6,5
2023-04-15,22,I'm Good (Blue),David Guetta & Bebe Rexha,19,1,30
2023-04-15,23,Escapism,RAYE Featuring 070 Shake,18,4,18
2023-04-15,24,Another Love,Tom Odell,25,3,33
2023-04-15,25,I'll Be Waiting,Cian Ducrot,24,18,6
2023-04-22,1,Flowers,Miley Cyrus,1,1,12
2023-04-22,2,Stiekem,Maan & Goldband,2,1,22
2023-04-22,3,People,Libianca,3,3,7
2023-04-22,4,Wat Wil Je Van Mij,Metejoor & Hannah Mae,5,4,7
2023-04-22,5,Engelbewaarder,Marco Schuitmaker,10,5,2
2023-04-22,6,Ladada (Mon Dernier Mot),Claude,4,1,20
2023-04-22,7,Miracle,Calvin Harris & Ellie Goulding,11,7,3
2023-04-22,8,Dyscalculie,Maks,6,3,6
2023-04-22,9,Die For You,The Weeknd & Ariana Grande,7,5,8
2023-04-22,10,Creepin',"Metro Boomin , The Weeknd & 21 Savage",8,8,14
2023-04-22,11,Slapeloosheid,Suzan & Freek,14,9,13
2023-04-22,12,Noodgeval,Goldband,13,4,32
2023-04-22,13,Paracetamollen,FLEMMING,12,1,15
2023-04-22,14,Therapie,Zoe Tauran,9,2,12
2023-04-22,15,Calm Down,Rema & Selena Gomez,16,1,39
2023-04-22,16,Eyes Closed,Ed Sheeran,-,16,1
2023-04-22,17,Lay Low,Tiesto,18,17,7
2023-04-22,18,Morgen Wordt Fantastisch,Acda En de Munnik,-,18,1
2023-04-22,19,Rush,Ayra Starr,19,19,2
2023-04-22,20,Until I Found You,Stephen Sanchez,17,15,10
2023-04-22,21,Call It Love,Felix Jaehn & Ray Dalton,20,20,5
2023-04-22,22,I'm Good (Blue),David Guetta & Bebe Rexha,22,1,31
2023-04-22,23,Padellen,Turfy Gang & LA$$A,-,23,1
2023-04-22,24,Broski's,Frenna Featuring Mula B,15,12,5
2023-04-22,25,Back To You,"Lost Frequencies , Elley Duhe & X Ambassadors",-,25,2
2023-04-29,1,Daylight,David Kushner,-,1,1
2023-04-29,2,Stiekem,Maan & Goldband,2,1,23
2023-04-29,3,Flowers,Miley Cyrus,1,1,13
2023-04-29,4,Engelbewaarder,Marco Schuitmaker,5,4,3
2023-04-29,5,People,Libianca,3,3,8
2023-04-29,6,Miracle,Calvin Harris & Ellie Goulding,7,6,4
2023-04-29,7,Wat Wil Je Van Mij,Metejoor & Hannah Mae,4,4,8
2023-04-29,8,Ladada (Mon Dernier Mot),Claude,6,1,21
2023-04-29,9,Padellen,Turfy Gang & LA$$A,23,9,2
2023-04-29,10,Die For You,The Weeknd & Ariana Grande,9,5,9
2023-04-29,11,Dyscalculie,Maks,8,3,7
2023-04-29,12,Slapeloosheid,Suzan & Freek,11,9,14
2023-04-29,13,Creepin',"Metro Boomin , The Weeknd & 21 Savage",10,8,15
2023-04-29,14,Paracetamollen,FLEMMING,13,1,16
2023-04-29,15,Calm Down,Rema & Selena Gomez,15,1,40
2023-04-29,16,Tattoo,Loreen,-,16,1
2023-04-29,17,Lay Low,Tiesto,17,17,8
2023-04-29,18,Therapie,Zoe Tauran,14,2,13
2023-04-29,19,Noodgeval,Goldband,12,4,33
2023-04-29,20,Rush,Ayra Starr,19,19,3
2023-04-29,21,Morgen Wordt Fantastisch,Acda En de Munnik,18,18,2
2023-04-29,22,Rommel,Goldband,-,22,1
2023-04-29,23,Call It Love,Felix Jaehn & Ray Dalton,21,20,6
2023-04-29,24,Until I Found You,Stephen Sanchez,20,15,11
2023-04-29,25,Eyes Closed,Ed Sheeran,16,16,2
2023-05-06,1,Engelbewaarder,Marco Schuitmaker,4,1,4
2023-05-06,2,Daylight,David Kushner,1,1,2
2023-05-06,3,Stiekem,Maan & Goldband,2,1,24
2023-05-06,4,Flowers,Miley Cyrus,3,1,14
2023-05-06,5,Miracle,Calvin Harris & Ellie Goulding,6,5,5
2023-05-06,6,People,Libianca,5,3,9
2023-05-06,7,Wat Wil Je Van Mij,Metejoor & Hannah Mae,7,4,9
2023-05-06,8,Padellen,Turfy Gang & LA$$A,9,8,3
2023-05-06,9,Ladada (Mon Dernier Mot),Claude,8,1,22
2023-05-06,10,Die For You,The Weeknd & Ariana Grande,10,5,10
2023-05-06,11,Slapeloosheid,Suzan & Freek,12,9,15
2023-05-06,12,Noodgeval,Goldband,19,4,34
2023-05-06,13,Tattoo,Loreen,16,13,2
2023-05-06,14,Paracetamollen,FLEMMING,14,1,17
2023-05-06,15,Baby Don't Hurt Me,"David Guetta , Anne-Marie & Coi Leray",-,15,1
2023-05-06,16,Dyscalculie,Maks,11,3,8
2023-05-06,17,Creepin',"Metro Boomin , The Weeknd & 21 Savage",13,8,16
2023-05-06,18,Therapie,Zoe Tauran,18,2,14
2023-05-06,19,Rommel,Goldband,22,19,2
2023-05-06,20,Rush,Ayra Starr,20,19,4
2023-05-06,21,Lay Low,Tiesto,17,17,9
2023-05-06,22,Calm Down,Rema & Selena Gomez,15,1,41
2023-05-06,23,Morgen Wordt Fantastisch,Acda En de Munnik,21,18,3
2023-05-06,24,Call It Love,Felix Jaehn & Ray Dalton,23,20,7
2023-05-06,25,Back To You,"Lost Frequencies , Elley Duhe & X Ambassadors",-,25,3
2023-05-13,1,Trust,Kevin Featuring Yade Lauren,-,1,1
2023-05-13,2,Engelbewaarder,Marco Schuitmaker,1,1,5
2023-05-13,3,People,Libianca,6,3,10
2023-05-13,4,Stiekem,Maan & Goldband,3,1,25
2023-05-13,5,Daylight,David Kushner,2,1,3
2023-05-13,6,Miracle,Calvin Harris & Ellie Goulding,5,5,6
2023-05-13,7,Flowers,Miley Cyrus,4,1,15
2023-05-13,8,Wat Wil Je Van Mij,Metejoor & Hannah Mae,7,4,10
2023-05-13,9,Padellen,Turfy Gang & LA$$A,8,8,4
2023-05-13,10,Ladada (Mon Dernier Mot),Claude,9,1,23
2023-05-13,11,Toute La Night,Jonna Fraser Featuring DYSTINCT & SRNO,-,11,1
2023-05-13,12,Baby Don't Hurt Me,"David Guetta , Anne-Marie & Coi Leray",15,12,2
2023-05-13,13,Tattoo,Loreen,13,13,3
2023-05-13,14,Slapeloosheid,Suzan & Freek,11,9,16
2023-05-13,15,Noodgeval,Goldband,12,4,35
2023-05-13,16,Layla,Claude,-,16,1
2023-05-13,17,Lay Low,Tiesto,21,17,10
2023-05-13,18,Paracetamollen,FLEMMING,14,1,18
2023-05-13,19,Verleden Tijd,FLEMMING,-,19,1
2023-05-13,20,Die For You,The Weeknd & Ariana Grande,10,5,11
2023-05-13,21,Creepin',"Metro Boomin , The Weeknd & 21 Savage",17,8,17
2023-05-13,22,Therapie,Zoe Tauran,18,2,15
2023-05-13,23,Rush,Ayra Starr,20,19,5
2023-05-13,24,Calm Down,Rema & Selena Gomez,22,1,42
2023-05-13,25,Back To You,"Lost Frequencies , Elley Duhe & X Ambassadors",25,25,4
2023-05-20,1,Trust,Kevin Featuring Yade Lauren,1,1,2
2023-05-20,2,Engelbewaarder,Marco Schuitmaker,2,1,6
2023-05-20,3,People,Libianca,3,3,11
2023-05-20,4,Daylight,David Kushner,5,1,4
2023-05-20,5,Tattoo,Loreen,13,5,4
2023-05-20,6,Stiekem,Maan & Goldband,4,1,26
2023-05-20,7,Miracle,Calvin Harris & Ellie Goulding,6,5,7
2023-05-20,8,Flowers,Miley Cyrus,7,1,16
2023-05-20,9,Wat Wil Je Van Mij,Metejoor & Hannah Mae,8,4,11
2023-05-20,10,Padellen,Turfy Gang & LA$$A,9,8,5
2023-05-20,11,Ladada (Mon Dernier Mot),Claude,10,1,24
2023-05-20,12,Eyes Closed,Ed Sheeran,-,12,3
2023-05-20,13,Layla,Claude,16,13,2
2023-05-20,14,Toute La Night,Jonna Fraser Featuring DYSTINCT & SRNO,11,11,2
2023-05-20,15,Zin In De Zomer Man,"Bizzey, Kraantje Pappie & Rolf Sanchez",-,15,1
2023-05-20,16,Baby Don't Hurt Me,"David Guetta , Anne-Marie & Coi Leray",12,12,3
2023-05-20,17,Verleden Tijd,FLEMMING,19,17,2
2023-05-20,18,Noodgeval,Goldband,15,4,36
2023-05-20,19,Slapeloosheid,Suzan & Freek,14,9,17
2023-05-20,20,Lay Low,Tiesto,17,17,11
2023-05-20,21,Calm Down,Rema & Selena Gomez,24,1,43
2023-05-20,22,Rush,Ayra Starr,23,19,6
2023-05-20,23,Broski's,Frenna Featuring Mula B,-,12,6
2023-05-20,24,Die For You,The Weeknd & Ariana Grande,20,5,12
2023-05-20,25,Paracetamollen,FLEMMING,18,1,19
2023-05-27,1,Tattoo,Loreen,5,1,5
2023-05-27,2,Engelbewaarder,Marco Schuitmaker,2,1,7
2023-05-27,3,People,Libianca,3,3,12
2023-05-27,4,Trust,Kevin Featuring Yade Lauren,1,1,3
2023-05-27,5,Daylight,David Kushner,4,1,5
2023-05-27,6,Stiekem,Maan & Goldband,6,1,27
2023-05-27,7,Miracle,Calvin Harris & Ellie Goulding,7,5,8
2023-05-27,8,Flowers,Miley Cyrus,8,1,17
2023-05-27,9,Zin In De Zomer Man,"Bizzey, Kraantje Pappie & Rolf Sanchez",15,9,2
2023-05-27,10,Wat Wil Je Van Mij,Metejoor & Hannah Mae,9,4,12
2023-05-27,11,Padellen,Turfy Gang & LA$$A,10,8,6
2023-05-27,12,Cha Cha Cha,Kaarija,-,12,1
2023-05-27,13,Tek Tek,DYSTINCT Featuring MHD,-,13,1
2023-05-27,14,Layla,Claude,13,13,3
2023-05-27,15,Queen Of Kings,Alessandra,-,15,1
2023-05-27,16,Baby Don't Hurt Me,"David Guetta , Anne-Marie & Coi Leray",16,12,4
2023-05-27,17,Toute La Night,Jonna Fraser Featuring DYSTINCT & SRNO,14,11,3
2023-05-27,18,Ladada (Mon Dernier Mot),Claude,11,1,25
2023-05-27,19,Lay Low,Tiesto,20,17,12
2023-05-27,20,Slapeloosheid,Suzan & Freek,19,9,18
2023-05-27,21,Noodgeval,Goldband,18,4,37
2023-05-27,22,Verleden Tijd,FLEMMING,17,17,3
2023-05-27,23,Rush,Ayra Starr,22,19,7
2023-05-27,24,Broski's,Frenna Featuring Mula B,23,12,7
2023-05-27,25,Eyes Closed,Ed Sheeran,12,12,4
2023-06-03,1,Tattoo,Loreen,1,1,6
2023-06-03,2,People,Libianca,3,2,13
2023-06-03,3,Engelbewaarder,Marco Schuitmaker,2,1,8
2023-06-03,4,Trust,Kevin Featuring Yade Lauren,4,1,4
2023-06-03,5,Daylight,David Kushner,5,1,6
2023-06-03,6,Miracle,Calvin Harris & Ellie Goulding,7,5,9
2023-06-03,7,Stiekem,Maan & Goldband,6,1,28
2023-06-03,8,Zin In De Zomer Man,"Bizzey, Kraantje Pappie & Rolf Sanchez",9,8,3
2023-06-03,9,How You Samba,"Kris Kross Amsterdam , Sofia Reyes & Tinie Tempah",-,9,1
2023-06-03,10,Flowers,Miley Cyrus,8,1,18
2023-06-03,11,Wat Wil Je Van Mij,Metejoor & Hannah Mae,10,4,13
2023-06-03,12,Layla,Claude,14,12,4
2023-06-03,13,Padellen,Turfy Gang & LA$$A,11,8,7
2023-06-03,14,Baby Don't Hurt Me,"David Guetta , Anne-Marie & Coi Leray",16,12,5
2023-06-03,15,Toute La Night,Jonna Fraser Featuring DYSTINCT & SRNO,17,11,4
2023-06-03,16,Tek Tek,DYSTINCT Featuring MHD,13,13,2
2023-06-03,17,Lay Low,Tiesto,19,17,13
2023-06-03,18,Rush,Ayra Starr,23,18,8
2023-06-03,19,Verleden Tijd,FLEMMING,22,17,4
2023-06-03,20,Chemical,Post Malone,-,20,1
2023-06-03,21,Noodgeval,Goldband,21,4,38
2023-06-03,22,Ladada (Mon Dernier Mot),Claude,18,1,26
2023-06-03,23,Back To You,"Lost Frequencies , Elley Duhe & X Ambassadors",-,23,5
2023-06-03,24,Calm Down,Rema & Selena Gomez,-,1,44
2023-06-03,25,Nooit Meer Regen,Suzan & Freek,-,25,1
2023-06-10,1,Pornstar Martini,"$hirak, Cristian D, Lil Kleine & Boef",-,1,1
2023-06-10,2,People,Libianca,2,2,14
2023-06-10,3,Engelbewaarder,Marco Schuitmaker,3,1,9
2023-06-10,4,Tattoo,Loreen,1,1,7
2023-06-10,5,How You Samba,"Kris Kross Amsterdam , Sofia Reyes & Tinie Tempah",9,5,2
2023-06-10,6,Miracle,Calvin Harris & Ellie Goulding,6,5,10
2023-06-10,7,Daylight,David Kushner,5,1,7
2023-06-10,8,Zin In De Zomer Man,"Bizzey, Kraantje Pappie & Rolf Sanchez",8,8,4
2023-06-10,9,Stiekem,Maan & Goldband,7,1,29
2023-06-10,10,Trust,Kevin Featuring Yade Lauren,4,1,5
2023-06-10,11,Flowers,Miley Cyrus,10,1,19
2023-06-10,12,Layla,Claude,12,12,5
2023-06-10,13,Lay Low,Tiesto,17,13,14
2023-06-10,14,Baby Don't Hurt Me,"David Guetta , Anne-Marie & Coi Leray",14,12,6
2023-06-10,15,Wat Wil Je Van Mij,Metejoor & Hannah Mae,11,4,14
2023-06-10,16,Padellen,Turfy Gang & LA$$A,13,8,8
2023-06-10,17,Outside,Zoe Tauran Featuring Bilal Wahib,-,17,1
2023-06-10,18,Rush,Ayra Starr,18,18,9
2023-06-10,19,Noodgeval,Goldband,21,4,39
2023-06-10,20,Verleden Tijd,FLEMMING,19,17,5
2023-06-10,21,Bon Mij,Chivv X DJ Wale Featuring ADF Samski,-,21,1
2023-06-10,22,Tek Tek,DYSTINCT Featuring MHD,16,13,3
2023-06-10,23,Ladada (Mon Dernier Mot),Claude,22,1,27
2023-06-10,24,Calm Down,Rema & Selena Gomez,24,1,45
2023-06-10,25,Back To You,"Lost Frequencies , Elley Duhe & X Ambassadors",23,23,6
2023-06-17,1,Pornstar Martini,"$hirak, Cristian D, Lil Kleine & Boef",1,1,2
2023-06-17,2,Engelbewaarder,Marco Schuitmaker,3,1,10
2023-06-17,3,People,Libianca,2,2,15
2023-06-17,4,Sprinter,Dave & Central Cee,-,4,1
2023-06-17,5,Tattoo,Loreen,4,1,8
2023-06-17,6,How You Samba,"Kris Kross Amsterdam , Sofia Reyes & Tinie Tempah",5,5,3
2023-06-17,7,Miracle,Calvin Harris & Ellie Goulding,6,5,11
2023-06-17,8,Daylight,David Kushner,7,1,8
2023-06-17,9,Zin In De Zomer Man,"Bizzey, Kraantje Pappie & Rolf Sanchez",8,8,5
2023-06-17,10,Lay Low,Tiesto,13,10,15
2023-06-17,11,Stiekem,Maan & Goldband,9,1,30
2023-06-17,12,Trust,Kevin Featuring Yade Lauren,10,1,6
2023-06-17,13,Baby Don't Hurt Me,"David Guetta , Anne-Marie & Coi Leray",14,12,7
2023-06-17,14,Layla,Claude,12,12,6
2023-06-17,15,Flowers,Miley Cyrus,11,1,20
2023-06-17,16,Anne-Fleur Vakantie,Roxy Dekker,-,16,1
2023-06-17,17,Schultenbrau,Chantie & Donnie,-,17,1
2023-06-17,18,As It Was,Harry Styles,-,1,34
2023-06-17,19,Sliden,Antoon & Ronnie Flex,-,19,1
2023-06-17,20,Wat Wil Je Van Mij,Metejoor & Hannah Mae,15,4,15
2023-06-17,21,Padellen,Turfy Gang & LA$$A,16,8,9
2023-06-17,22,Rush,Ayra Starr,18,18,10
2023-06-17,23,Outside,Zoe Tauran Featuring Bilal Wahib,17,17,2
2023-06-17,24,Noodgeval,Goldband,19,4,40
2023-06-17,25,Verleden Tijd,FLEMMING,20,17,6
2023-06-24,1,Engelbewaarder,Marco Schuitmaker,2,1,11
2023-06-24,2,Pornstar Martini,"$hirak, Cristian D, Lil Kleine & Boef",1,1,3
2023-06-24,3,People,Libianca,3,2,16
2023-06-24,4,Sprinter,Dave & Central Cee,4,4,2
2023-06-24,5,How You Samba,"Kris Kross Amsterdam , Sofia Reyes & Tinie Tempah",6,5,4
2023-06-24,6,Tattoo,Loreen,5,1,9
2023-06-24,7,Miracle,Calvin Harris & Ellie Goulding,7,5,12
2023-06-24,8,Schultenbrau,Chantie & Donnie,17,8,2
2023-06-24,9,Zin In De Zomer Man,"Bizzey, Kraantje Pappie & Rolf Sanchez",9,8,6
2023-06-24,10,Lay Low,Tiesto,10,10,16
2023-06-24,11,Baby Don't Hurt Me,"David Guetta , Anne-Marie & Coi Leray",13,11,8
2023-06-24,12,Daylight,David Kushner,8,1,9
2023-06-24,13,Sliden,Antoon & Ronnie Flex,19,13,2
2023-06-24,14,Stiekem,Maan & Goldband,11,1,31
2023-06-24,15,Layla,Claude,14,12,7
2023-06-24,16,Flowers,Miley Cyrus,15,1,21
2023-06-24,17,Anne-Fleur Vakantie,Roxy Dekker,16,16,2
2023-06-24,18,Trust,Kevin Featuring Yade Lauren,12,1,7
2023-06-24,19,Who Told You,J Hus Featuring Drake,-,19,1
2023-06-24,20,Arranca,Becky G & Omega,-,20,1
2023-06-24,21,Wat Wil Je Van Mij,Metejoor & Hannah Mae,20,4,16
2023-06-24,22,Rush,Ayra Starr,22,18,11
2023-06-24,23,Noodgeval,Goldband,24,4,41
2023-06-24,24,Calm Down,Rema & Selena Gomez,-,1,46
2023-06-24,25,Substitution,Purple Disco Machine x Kungs,-,25,1
2023-07-01,1,People,Libianca,3,1,17
2023-07-01,2,Engelbewaarder,Marco Schuitmaker,1,1,12
2023-07-01,3,Pornstar Martini,"$hirak, Cristian D, Lil Kleine & Boef",2,1,4
2023-07-01,4,Sprinter,Dave & Central Cee,4,4,3
2023-07-01,5,How You Samba,"Kris Kross Amsterdam , Sofia Reyes & Tinie Tempah",5,5,5
2023-07-01,6,Tattoo,Loreen,6,1,10
2023-07-01,7,Miracle,Calvin Harris & Ellie Goulding,7,5,13
2023-07-01,8,Sliden,Antoon & Ronnie Flex,13,8,3
2023-07-01,9,Schultenbrau,Chantie & Donnie,8,8,3
2023-07-01,10,Lay Low,Tiesto,10,10,17
2023-07-01,11,Baby Don't Hurt Me,"David Guetta , Anne-Marie & Coi Leray",11,11,9
2023-07-01,12,Zin In De Zomer Man,"Bizzey, Kraantje Pappie & Rolf Sanchez",9,8,7
2023-07-01,13,Daylight,David Kushner,12,1,10
2023-07-01,14,Stiekem,Maan & Goldband,14,1,32
2023-07-01,15,Layla,Claude,15,12,8
2023-07-01,16,Anne-Fleur Vakantie,Roxy Dekker,17,16,3
2023-07-01,17,Arranca,Becky G & Omega,20,17,2
2023-07-01,18,Who Told You,J Hus Featuring Drake,19,18,2
2023-07-01,19,Flowers,Miley Cyrus,16,1,22
2023-07-01,20,Noodgeval,Goldband,23,4,42
2023-07-01,21,Rush,Ayra Starr,22,18,12
2023-07-01,22,Wat Wil Je Van Mij,Metejoor & Hannah Mae,21,4,17
2023-07-01,23,Calm Down,Rema & Selena Gomez,24,1,47
2023-07-01,24,Padellen,Turfy Gang & LA$$A,-,8,10
2023-07-01,25,Trust,Kevin Featuring Yade Lauren,18,1,8
2023-07-08,1,People,Libianca,1,1,18
2023-07-08,2,Engelbewaarder,Marco Schuitmaker,2,1,13
2023-07-08,3,Sprinter,Dave & Central Cee,4,3,4
2023-07-08,4,How You Samba,"Kris Kross Amsterdam , Sofia Reyes & Tinie Tempah",5,4,6
2023-07-08,5,Pornstar Martini,"$hirak, Cristian D, Lil Kleine & Boef",3,1,5
2023-07-08,6,Tattoo,Loreen,6,1,11
2023-07-08,7,Schultenbrau,Chantie & Donnie,9,7,4
2023-07-08,8,Miracle,Calvin Harris & Ellie Goulding,7,5,14
2023-07-08,9,Sliden,Antoon & Ronnie Flex,8,8,4
2023-07-08,10,Lay Low,Tiesto,10,10,18
2023-07-08,11,(It Goes Like) Nanana,Peggy Gou,-,11,1
2023-07-08,12,Daylight,David Kushner,13,1,11
2023-07-08,13,Baby Don't Hurt Me,"David Guetta , Anne-Marie & Coi Leray",11,11,10
2023-07-08,14,Arranca,Becky G & Omega,17,14,3
2023-07-08,15,Zin In De Zomer Man,"Bizzey, Kraantje Pappie & Rolf Sanchez",12,8,8
2023-07-08,16,Layla,Claude,15,12,9
2023-07-08,17,Who Told You,J Hus Featuring Drake,18,17,3
2023-07-08,18,Stiekem,Maan & Goldband,14,1,33
2023-07-08,19,Anne-Fleur Vakantie,Roxy Dekker,16,16,4
2023-07-08,20,Flowers,Miley Cyrus,19,1,23
2023-07-08,21,Noodgeval,Goldband,20,4,43
2023-07-08,22,Rush,Ayra Starr,21,18,13
2023-07-08,23,Calm Down,Rema & Selena Gomez,23,1,48
2023-07-08,24,Push Up,Creeds,-,24,1
2023-07-08,25,Wat Wil Je Van Mij,Metejoor & Hannah Mae,22,4,18
2023-07-15,1,People,Libianca,1,1,19
2023-07-15,2,Engelbewaarder,Marco Schuitmaker,2,1,14
2023-07-15,3,Sprinter,Dave & Central Cee,3,3,5
2023-07-15,4,(It Goes Like) Nanana,Peggy Gou,11,4,2
2023-07-15,5,How You Samba,"Kris Kross Amsterdam , Sofia Reyes & Tinie Tempah",4,4,7
2023-07-15,6,Tattoo,Loreen,6,1,12
2023-07-15,7,Miracle,Calvin Harris & Ellie Goulding,8,5,15
2023-07-15,8,Pornstar Martini,"$hirak, Cristian D, Lil Kleine & Boef",5,1,6
2023-07-15,9,Vampire,Olivia Rodrigo,-,9,1
2023-07-15,10,Baby Don't Hurt Me,"David Guetta , Anne-Marie & Coi Leray",13,10,11
2023-07-15,11,Schultenbrau,Chantie & Donnie,7,7,5
2023-07-15,12,Daylight,David Kushner,12,1,12
2023-07-15,13,Lay Low,Tiesto,10,10,19
2023-07-15,14,Sliden,Antoon & Ronnie Flex,9,8,5
2023-07-15,15,Arranca,Becky G & Omega,14,14,4
2023-07-15,16,Layla,Claude,16,12,10
2023-07-15,17,Zin In De Zomer Man,"Bizzey, Kraantje Pappie & Rolf Sanchez",15,8,9
2023-07-15,18,Anne-Fleur Vakantie,Roxy Dekker,19,16,5
2023-07-15,19,Stiekem,Maan & Goldband,18,1,34
2023-07-15,20,Flowers,Miley Cyrus,20,1,24
2023-07-15,21,Esta Vida,Marshmello & Farruko,-,21,1
2023-07-15,22,Noodgeval,Goldband,21,4,44
2023-07-15,23,Who Told You,J Hus Featuring Drake,17,17,4
2023-07-15,24,Push Up,Creeds,24,24,2
2023-07-15,25,Rush,Ayra Starr,22,18,14
2023-07-22,1,People,Libianca,1,1,20
2023-07-22,2,Engelbewaarder,Marco Schuitmaker,2,1,15
2023-07-22,3,(It Goes Like) Nanana,Peggy Gou,4,3,3
2023-07-22,4,Sprinter,Dave & Central Cee,3,3,6
2023-07-22,5,How You Samba,"Kris Kross Amsterdam , Sofia Reyes & Tinie Tempah",5,4,8
2023-07-22,6,AMG,"$hirak, Josylvio & Boef",-,6,1
2023-07-22,7,Tattoo,Loreen,6,1,13
2023-07-22,8,Miracle,Calvin Harris & Ellie Goulding,7,5,16
2023-07-22,9,Pornstar Martini,"$hirak, Cristian D, Lil Kleine & Boef",8,1,7
2023-07-22,10,Baby Don't Hurt Me,"David Guetta , Anne-Marie & Coi Leray",10,10,12
2023-07-22,11,Vampire,Olivia Rodrigo,9,9,2
2023-07-22,12,Lay Low,Tiesto,13,10,20
2023-07-22,13,Arranca,Becky G & Omega,15,13,5
2023-07-22,14,Schultenbrau,Chantie & Donnie,11,7,6
2023-07-22,15,Sliden,Antoon & Ronnie Flex,14,8,6
2023-07-22,16,Daylight,David Kushner,12,1,13
2023-07-22,17,Layla,Claude,16,12,11
2023-07-22,18,Zin In De Zomer Man,"Bizzey, Kraantje Pappie & Rolf Sanchez",17,8,10
2023-07-22,19,Stiekem,Maan & Goldband,19,1,35
2023-07-22,20,Esta Vida,Marshmello & Farruko,21,20,2
2023-07-22,21,Anne-Fleur Vakantie,Roxy Dekker,18,16,6
2023-07-22,22,Noodgeval,Goldband,22,4,45
2023-07-22,23,Flowers,Miley Cyrus,20,1,25
2023-07-22,24,Push Up,Creeds,24,24,3
2023-07-22,25,Substitution,Purple Disco Machine x Kungs,-,25,2
2023-07-29,1,Engelbewaarder,Marco Schuitmaker,2,1,16
2023-07-29,2,People,Libianca,1,1,21
2023-07-29,3,(It Goes Like) Nanana,Peggy Gou,3,3,4
2023-07-29,4,Sprinter,Dave & Central Cee,4,3,7
2023-07-29,5,How You Samba,"Kris Kross Amsterdam , Sofia Reyes & Tinie Tempah",5,4,9
2023-07-29,6,Miracle,Calvin Harris & Ellie Goulding,8,5,17
2023-07-29,7,Tattoo,Loreen,7,1,14
2023-07-29,8,Vampire,Olivia Rodrigo,11,8,3
2023-07-29,9,Baby Don't Hurt Me,"David Guetta , Anne-Marie & Coi Leray",10,9,13
2023-07-29,10,Sliden,Antoon & Ronnie Flex,15,8,7
2023-07-29,11,Stiekem,Maan & Goldband,19,1,36
2023-07-29,12,Lay Low,Tiesto,12,10,21
2023-07-29,13,Arranca,Becky G & Omega,13,13,6
2023-07-29,14,Schultenbrau,Chantie & Donnie,14,7,7
2023-07-29,15,Pornstar Martini,"$hirak, Cristian D, Lil Kleine & Boef",9,1,8
2023-07-29,16,Sabr,Lijpe,-,16,1
2023-07-29,17,Layla,Claude,17,12,12
2023-07-29,18,Daylight,David Kushner,16,1,14
2023-07-29,19,AMG,"$hirak, Josylvio & Boef",6,6,2
2023-07-29,20,Esta Vida,Marshmello & Farruko,20,20,3
2023-07-29,21,Anne-Fleur Vakantie,Roxy Dekker,21,16,7
2023-07-29,22,Zin In De Zomer Man,"Bizzey, Kraantje Pappie & Rolf Sanchez",18,8,11
2023-07-29,23,Noodgeval,Goldband,22,4,46
2023-07-29,24,Push Up,Creeds,24,24,4
2023-07-29,25,Chemical,Post Malone,-,20,2
2023-08-05,1,Engelbewaarder,Marco Schuitmaker,1,1,17
2023-08-05,2,People,Libianca,2,1,22
2023-08-05,3,(It Goes Like) Nanana,Peggy Gou,3,3,5
2023-08-05,4,Sprinter,Dave & Central Cee,4,3,8
2023-08-05,5,How You Samba,"Kris Kross Amsterdam , Sofia Reyes & Tinie Tempah",5,4,10
2023-08-05,6,Miracle,Calvin Harris & Ellie Goulding,6,5,18
2023-08-05,7,Tattoo,Loreen,7,1,15
2023-08-05,8,Vampire,Olivia Rodrigo,8,8,4
2023-08-05,9,Baby Don't Hurt Me,"David Guetta , Anne-Marie & Coi Leray",9,9,14
2023-08-05,10,Lay Low,Tiesto,12,10,22
2023-08-05,11,Arranca,Becky G & Omega,13,11,7
2023-08-05,12,Dance The Night,Dua Lipa,-,12,1
2023-08-05,13,Stiekem,Maan & Goldband,11,1,37
2023-08-05,14,Esta Vida,Marshmello & Farruko,20,14,4
2023-08-05,15,Daylight,David Kushner,18,1,15
2023-08-05,16,Layla,Claude,17,12,13
2023-08-05,17,Pornstar Martini,"$hirak, Cristian D, Lil Kleine & Boef",15,1,9
2023-08-05,18,Sliden,Antoon & Ronnie Flex,10,8,8
2023-08-05,19,What Was I Made For?,Billie Eilish,-,19,1
2023-08-05,20,Push Up,Creeds,24,20,5
2023-08-05,21,Schultenbrau,Chantie & Donnie,14,7,8
2023-08-05,22,Noodgeval,Goldband,23,4,47
2023-08-05,23,Anne-Fleur Vakantie,Roxy Dekker,21,16,8
2023-08-05,24,Substitution,Purple Disco Machine x Kungs,-,24,3
2023-08-05,25,Chemical,Post Malone,25,20,3
2023-08-12,1,(It Goes Like) Nanana,Peggy Gou,3,1,6
2023-08-12,2,People,Libianca,2,1,23
2023-08-12,3,Engelbewaarder,Marco Schuitmaker,1,1,18
2023-08-12,4,Sprinter,Dave & Central Cee,4,3,9
2023-08-12,5,How You Samba,"Kris Kross Amsterdam , Sofia Reyes & Tinie Tempah",5,4,11
2023-08-12,6,What Was I Made For?,Billie Eilish,19,6,2
2023-08-12,7,Dance The Night,Dua Lipa,12,7,2
2023-08-12,8,Miracle,Calvin Harris & Ellie Goulding,6,5,19
2023-08-12,9,Tattoo,Loreen,7,1,16
2023-08-12,10,Vampire,Olivia Rodrigo,8,8,5
2023-08-12,11,Chemical,Post Malone,25,11,4
2023-08-12,12,Lay Low,Tiesto,10,10,23
2023-08-12,13,Baby Don't Hurt Me,"David Guetta , Anne-Marie & Coi Leray",9,9,15
2023-08-12,14,Esta Vida,Marshmello & Farruko,14,14,5
2023-08-12,15,Arranca,Becky G & Omega,11,11,8
2023-08-12,16,Daylight,David Kushner,15,1,16
2023-08-12,17,Stiekem,Maan & Goldband,13,1,38
2023-08-12,18,Schultenbrau,Chantie & Donnie,21,7,9
2023-08-12,19,Push Up,Creeds,20,19,6
2023-08-12,20,Layla,Claude,16,12,14
2023-08-12,21,Anne-Fleur Vakantie,Roxy Dekker,23,16,9
2023-08-12,22,Noodgeval,Goldband,22,4,48
2023-08-12,23,Sliden,Antoon & Ronnie Flex,18,8,9
2023-08-12,24,Substitution,Purple Disco Machine x Kungs,24,24,4
2023-08-12,25,Pornstar Martini,"$hirak, Cristian D, Lil Kleine & Boef",17,1,10
2023-08-19,1,(It Goes Like) Nanana,Peggy Gou,1,1,7
2023-08-19,2,People,Libianca,2,1,24
2023-08-19,3,Engelbewaarder,Marco Schuitmaker,3,1,19
2023-08-19,4,What Was I Made For?,Billie Eilish,6,4,3
2023-08-19,5,Sprinter,Dave & Central Cee,4,3,10
2023-08-19,6,How You Samba,"Kris Kross Amsterdam , Sofia Reyes & Tinie Tempah",5,4,12
2023-08-19,7,Dance The Night,Dua Lipa,7,7,3
2023-08-19,8,Tattoo,Loreen,9,1,17
2023-08-19,9,Miracle,Calvin Harris & Ellie Goulding,8,5,20
2023-08-19,10,Vampire,Olivia Rodrigo,10,8,6
2023-08-19,11,Chemical,Post Malone,11,11,5
2023-08-19,12,Baby Don't Hurt Me,"David Guetta , Anne-Marie & Coi Leray",13,9,16
2023-08-19,13,Lay Low,Tiesto,12,10,24
2023-08-19,14,Esta Vida,Marshmello & Farruko,14,14,6
2023-08-19,15,Arranca,Becky G & Omega,15,11,9
2023-08-19,16,Push Up,Creeds,19,16,7
2023-08-19,17,Stiekem,Maan & Goldband,17,1,39
2023-08-19,18,Daylight,David Kushner,16,1,17
2023-08-19,19,Noodgeval,Goldband,22,4,49
2023-08-19,20,Amalia,Wesly Bronkhorst,-,20,1
2023-08-19,21,Layla,Claude,20,12,15
2023-08-19,22,Substitution,Purple Disco Machine x Kungs,24,22,5
2023-08-19,23,Sliden,Antoon & Ronnie Flex,23,8,10
2023-08-19,24,Pornstar Martini,"$hirak, Cristian D, Lil Kleine & Boef",25,1,11
2023-08-19,25,Rock My Body,"R3hab , Inna & Sash!",-,25,1
2023-08-26,1,(It Goes Like) Nanana,Peggy Gou,1,1,8
2023-08-26,2,People,Libianca,2,1,25
2023-08-26,3,Engelbewaarder,Marco Schuitmaker,3,1,20
2023-08-26,4,Dance The Night,Dua Lipa,7,4,4
2023-08-26,5,What Was I Made For?,Billie Eilish,4,4,4
2023-08-26,6,How You Samba,"Kris Kross Amsterdam , Sofia Reyes & Tinie Tempah",6,4,13
2023-08-26,7,Sprinter,Dave & Central Cee,5,3,11
2023-08-26,8,Vampire,Olivia Rodrigo,10,8,7
2023-08-26,9,Tattoo,Loreen,8,1,18
2023-08-26,10,Miracle,Calvin Harris & Ellie Goulding,9,5,21
2023-08-26,11,Esta Vida,Marshmello & Farruko,14,11,7
2023-08-26,12,Chemical,Post Malone,11,11,6
2023-08-26,13,Arranca,Becky G & Omega,15,11,10
2023-08-26,14,Baby Don't Hurt Me,"David Guetta , Anne-Marie & Coi Leray",12,9,17
2023-08-26,15,Lay Low,Tiesto,13,10,25
2023-08-26,16,Push Up,Creeds,16,16,8
2023-08-26,17,Desire,Calvin Harris & Sam Smith,-,17,1
2023-08-26,18,Substitution,Purple Disco Machine x Kungs,22,18,6
2023-08-26,19,Amalia,Wesly Bronkhorst,20,19,2
2023-08-26,20,Stiekem,Maan & Goldband,17,1,40
2023-08-26,21,Rock My Body,"R3hab , Inna & Sash!",25,21,2
2023-08-26,22,Noodgeval,Goldband,19,4,50
2023-08-26,23,Daylight,David Kushner,18,1,18
2023-08-26,24,Layla,Claude,21,12,16
2023-08-26,25,Sliden,Antoon & Ronnie Flex,23,8,11
2023-09-02,1,(It Goes Like) Nanana,Peggy Gou,1,1,9
2023-09-02,2,Engelbewaarder,Marco Schuitmaker,3,1,21
2023-09-02,3,People,Libianca,2,1,26
2023-09-02,4,Dance The Night,Dua Lipa,4,4,5
2023-09-02,5,What Was I Made For?,Billie Eilish,5,4,5
2023-09-02,6,How You Samba,"Kris Kross Amsterdam , Sofia Reyes & Tinie Tempah",6,4,14
2023-09-02,7,Sprinter,Dave & Central Cee,7,3,12
2023-09-02,8,Vampire,Olivia Rodrigo,8,8,8
2023-09-02,9,Prada,"casso, RAYE & D-Block Europe",-,9,1
2023-09-02,10,Miracle,Calvin Harris & Ellie Goulding,10,5,22
2023-09-02,11,Tattoo,Loreen,9,1,19
2023-09-02,12,Esta Vida,Marshmello & Farruko,11,11,8
2023-09-02,13,Desire,Calvin Harris & Sam Smith,17,13,2
2023-09-02,14,Chemical,Post Malone,12,11,7
2023-09-02,15,Baby Don't Hurt Me,"David Guetta , Anne-Marie & Coi Leray",14,9,18
2023-09-02,16,Amalia,Wesly Bronkhorst,19,16,3
2023-09-02,17,Arranca,Becky G & Omega,13,11,11
2023-09-02,18,Push Up,Creeds,16,16,9
2023-09-02,19,Not Fair,Niklas Dee & Old Jim Featuring Enny-Mae,-,19,1
2023-09-02,20,Paint The Town Red,Doja Cat,-,20,1
2023-09-02,21,Substitution,Purple Disco Machine x Kungs,18,18,7
2023-09-02,22,Stiekem,Maan & Goldband,20,1,41
2023-09-02,23,Rock My Body,"R3hab , Inna & Sash!",21,21,3
2023-09-02,24,Vanzelfsprekend,Kevin,-,24,1
2023-09-02,25,Lay Low,Tiesto,15,10,26
2023-09-09,1,(It Goes Like) Nanana,Peggy Gou,1,1,10
2023-09-09,2,Prada,"casso, RAYE & D-Block Europe",9,2,2
2023-09-09,3,People,Libianca,3,1,27
2023-09-09,4,Engelbewaarder,Marco Schuitmaker,2,1,22
2023-09-09,5,Dance The Night,Dua Lipa,4,4,6
2023-09-09,6,What Was I Made For?,Billie Eilish,5,4,6
2023-09-09,7,Paint The Town Red,Doja Cat,20,7,2
2023-09-09,8,How You Samba,"Kris Kross Amsterdam , Sofia Reyes & Tinie Tempah",6,4,15
2023-09-09,9,Vampire,Olivia Rodrigo,8,8,9
2023-09-09,10,Sprinter,Dave & Central Cee,7,3,13
2023-09-09,11,Not Fair,Niklas Dee & Old Jim Featuring Enny-Mae,19,11,2
2023-09-09,12,Tattoo,Loreen,11,1,20
2023-09-09,13,Desire,Calvin Harris & Sam Smith,13,13,3
2023-09-09,14,Miracle,Calvin Harris & Ellie Goulding,10,5,23
2023-09-09,15,Esta Vida,Marshmello & Farruko,12,11,9
2023-09-09,16,Chemical,Post Malone,14,11,8
2023-09-09,17,Push Up,Creeds,18,16,10
2023-09-09,18,Stiekem,Maan & Goldband,22,1,42
2023-09-09,19,Arranca,Becky G & Omega,17,11,12
2023-09-09,20,Amalia,Wesly Bronkhorst,16,16,4
2023-09-09,21,Noodgeval,Goldband,-,4,51
2023-09-09,22,Baby Don't Hurt Me,"David Guetta , Anne-Marie & Coi Leray",15,9,19
2023-09-09,23,Lay Low,Tiesto,25,10,27
2023-09-09,24,Daylight,David Kushner,-,1,19
2023-09-09,25,Rock My Body,"R3hab , Inna & Sash!",23,21,4
2023-09-16,1,Prada,"casso, RAYE & D-Block Europe",2,1,3
2023-09-16,2,Paint The Town Red,Doja Cat,7,2,3
2023-09-16,3,(It Goes Like) Nanana,Peggy Gou,1,1,11
2023-09-16,4,Engelbewaarder,Marco Schuitmaker,4,1,23
2023-09-16,5,People,Libianca,3,1,28
2023-09-16,6,Not Fair,Niklas Dee & Old Jim Featuring Enny-Mae,11,6,3
2023-09-16,7,Dance The Night,Dua Lipa,5,4,7
2023-09-16,8,What Was I Made For?,Billie Eilish,6,4,7
2023-09-16,9,How You Samba,"Kris Kross Amsterdam , Sofia Reyes & Tinie Tempah",8,4,16
2023-09-16,10,Sprinter,Dave & Central Cee,10,3,14
2023-09-16,11,Vampire,Olivia Rodrigo,9,8,10
2023-09-16,12,Desire,Calvin Harris & Sam Smith,13,12,4
2023-09-16,13,Tattoo,Loreen,12,1,21
2023-09-16,14,She Knows,Dimitri Vegas & Like Mike X David Guetta X Afro Bros With Akon,-,14,1
2023-09-16,15,Chemical,Post Malone,16,11,9
2023-09-16,16,City Boys,Burna Boy,-,16,1
2023-09-16,17,Esta Vida,Marshmello & Farruko,15,11,10
2023-09-16,18,Miracle,Calvin Harris & Ellie Goulding,14,5,24
2023-09-16,19,Stiekem,Maan & Goldband,18,1,43
2023-09-16,20,Unhealthy,Anne-Marie Featuring Shania Twain,-,20,1
2023-09-16,21,Amalia,Wesly Bronkhorst,20,16,5
2023-09-16,22,Rock My Body,"R3hab , Inna & Sash!",25,21,5
2023-09-16,23,Drifting,Tiesto,-,23,1
2023-09-16,24,Arranca,Becky G & Omega,19,11,13
2023-09-16,25,Push Up,Creeds,17,16,11
2023-09-23,1,Prada,"casso, RAYE & D-Block Europe",1,1,4
2023-09-23,2,Paint The Town Red,Doja Cat,2,2,4
2023-09-23,3,(It Goes Like) Nanana,Peggy Gou,3,1,12
2023-09-23,4,Engelbewaarder,Marco Schuitmaker,4,1,24
2023-09-23,5,Not Fair,Niklas Dee & Old Jim Featuring Enny-Mae,6,5,4
2023-09-23,6,Vampire,Olivia Rodrigo,11,6,11
2023-09-23,7,Dance The Night,Dua Lipa,7,4,8
2023-09-23,8,Vas-y (Ga Maar),Suzan & Freek & Claude,-,8,1
2023-09-23,9,People,Libianca,5,1,29
2023-09-23,10,Desire,Calvin Harris & Sam Smith,12,10,5
2023-09-23,11,What Was I Made For?,Billie Eilish,8,4,8
2023-09-23,12,How You Samba,"Kris Kross Amsterdam , Sofia Reyes & Tinie Tempah",9,4,17
2023-09-23,13,Sprinter,Dave & Central Cee,10,3,15
2023-09-23,14,City Boys,Burna Boy,16,14,2
2023-09-23,15,Strangers,Kenya Grace,-,15,1
2023-09-23,16,Chemical,Post Malone,15,11,10
2023-09-23,17,Unhealthy,Anne-Marie Featuring Shania Twain,20,17,2
2023-09-23,18,She Knows,Dimitri Vegas & Like Mike X David Guetta X Afro Bros With Akon,14,14,2
2023-09-23,19,Esta Vida,Marshmello & Farruko,17,11,11
2023-09-23,20,Tattoo,Loreen,13,1,22
2023-09-23,21,Drifting,Tiesto,23,21,2
2023-09-23,22,Amalia,Wesly Bronkhorst,21,16,6
2023-09-23,23,Miracle,Calvin Harris & Ellie Goulding,18,5,25
2023-09-23,24,Push Up,Creeds,25,16,12
2023-09-23,25,The Feeling,Lost Frequencies,-,25,1
2023-09-30,1,Prada,"casso, RAYE & D-Block Europe",1,1,5
2023-09-30,2,Paint The Town Red,Doja Cat,2,2,5
2023-09-30,3,Strangers,Kenya Grace,15,3,2
2023-09-30,4,Domino,"KATNUF, Ronnie Flex, Jonna Fraser & Caza",-,4,1
2023-09-30,5,(It Goes Like) Nanana,Peggy Gou,3,1,13
2023-09-30,6,Greedy,Tate McRae,-,6,1
2023-09-30,7,7K Op Je Feestje,Noano Featuring Antybanty,-,7,1
2023-09-30,8,Not Fair,Niklas Dee & Old Jim Featuring Enny-Mae,5,5,5
2023-09-30,9,Engelbewaarder,Marco Schuitmaker,4,1,25
2023-09-30,10,Dance The Night,Dua Lipa,7,4,9
2023-09-30,11,Vampire,Olivia Rodrigo,6,6,12
2023-09-30,12,Vas-y (Ga Maar),Suzan & Freek & Claude,8,8,2
2023-09-30,13,What Was I Made For?,Billie Eilish,11,4,9
2023-09-30,14,Desire,Calvin Harris & Sam Smith,10,10,6
2023-09-30,15,People,Libianca,9,1,30
2023-09-30,16,100 Doezoe Cash,"Lijpe, Fatah & KA Featuring Trobi",-,16,1
2023-09-30,17,How You Samba,"Kris Kross Amsterdam , Sofia Reyes & Tinie Tempah",12,4,18
2023-09-30,18,Sprinter,Dave & Central Cee,13,3,16
2023-09-30,19,Unhealthy,Anne-Marie Featuring Shania Twain,17,17,3
2023-09-30,20,City Boys,Burna Boy,14,14,3
2023-09-30,21,Chemical,Post Malone,16,11,11
2023-09-30,22,She Knows,Dimitri Vegas & Like Mike X David Guetta X Afro Bros With Akon,18,14,3
2023-09-30,23,Lose Control,Teddy Swims,-,23,1
2023-09-30,24,Another Love,Tom Odell,-,3,34
2023-09-30,25,Tattoo,Loreen,20,1,23
2023-10-07,1,Prada,"casso, RAYE & D-Block Europe",1,1,6
2023-10-07,2,Paint The Town Red,Doja Cat,2,2,6
2023-10-07,3,Strangers,Kenya Grace,3,3,3
2023-10-07,4,Greedy,Tate McRae,6,4,2
2023-10-07,5,(It Goes Like) Nanana,Peggy Gou,5,1,14
2023-10-07,6,Not Fair,Niklas Dee & Old Jim Featuring Enny-Mae,8,5,6
2023-10-07,7,Domino,"KATNUF, Ronnie Flex, Jonna Fraser & Caza",4,4,2
2023-10-07,8,Vas-y (Ga Maar),Suzan & Freek & Claude,12,8,3
2023-10-07,9,7K Op Je Feestje,Noano Featuring Antybanty,7,7,2
2023-10-07,10,Dance The Night,Dua Lipa,10,4,10
2023-10-07,11,Engelbewaarder,Marco Schuitmaker,9,1,26
2023-10-07,12,Water,Tyla,-,12,1
2023-10-07,13,Vampire,Olivia Rodrigo,11,6,13
2023-10-07,14,Desire,Calvin Harris & Sam Smith,14,10,7
2023-10-07,15,What Was I Made For?,Billie Eilish,13,4,10
2023-10-07,16,City Boys,Burna Boy,20,14,4
2023-10-07,17,People,Libianca,15,1,31
2023-10-07,18,Unhealthy,Anne-Marie Featuring Shania Twain,19,17,4
2023-10-07,19,Lose Control,Teddy Swims,23,19,2
2023-10-07,20,Another Love,Tom Odell,24,3,35
2023-10-07,21,Chemical,Post Malone,21,11,12
2023-10-07,22,Vois Sur Ton Chemin (Techno Mix),BENNETT,-,22,1
2023-10-07,23,Sprinter,Dave & Central Cee,18,3,17
2023-10-07,24,How You Samba,"Kris Kross Amsterdam , Sofia Reyes & Tinie Tempah",17,4,19
2023-10-07,25,She Knows,Dimitri Vegas & Like Mike X David Guetta X Afro Bros With Akon,22,14,4
2023-10-14,1,Prada,"casso, RAYE & D-Block Europe",1,1,7
2023-10-14,2,Greedy,Tate McRae,4,2,3
2023-10-14,3,Strangers,Kenya Grace,3,3,4
2023-10-14,4,Paint The Town Red,Doja Cat,2,2,7
2023-10-14,5,Si No Estas,Inigo Quintero,-,5,1
2023-10-14,6,Not Fair,Niklas Dee & Old Jim Featuring Enny-Mae,6,5,7
2023-10-14,7,(It Goes Like) Nanana,Peggy Gou,5,1,15
2023-10-14,8,Vas-y (Ga Maar),Suzan & Freek & Claude,8,8,4
2023-10-14,9,Water,Tyla,12,9,2
2023-10-14,10,7K Op Je Feestje,Noano Featuring Antybanty,9,7,3
2023-10-14,11,Domino,"KATNUF, Ronnie Flex, Jonna Fraser & Caza",7,4,3
2023-10-14,12,Engelbewaarder,Marco Schuitmaker,11,1,27
2023-10-14,13,Vois Sur Ton Chemin (Techno Mix),BENNETT,22,13,2
2023-10-14,14,Dance The Night,Dua Lipa,10,4,11
2023-10-14,15,Lose Control,Teddy Swims,19,15,3
2023-10-14,16,People,Libianca,17,1,32
2023-10-14,17,Desire,Calvin Harris & Sam Smith,14,10,8
2023-10-14,18,City Boys,Burna Boy,16,14,5
2023-10-14,19,Another Love,Tom Odell,20,3,36
2023-10-14,20,What Was I Made For?,Billie Eilish,15,4,11
2023-10-14,21,Unhealthy,Anne-Marie Featuring Shania Twain,18,17,5
2023-10-14,22,Niemand (Demo),Kevin,-,22,1
2023-10-14,23,Chemical,Post Malone,21,11,13
2023-10-14,24,Sprinter,Dave & Central Cee,23,3,18
2023-10-14,25,Vampire,Olivia Rodrigo,13,6,14
2023-10-21,1,Greedy,Tate McRae,2,1,4
2023-10-21,2,Si No Estas,Inigo Quintero,5,2,2
2023-10-21,3,Prada,"casso, RAYE & D-Block Europe",1,1,8
2023-10-21,4,Strangers,Kenya Grace,3,3,5
2023-10-21,5,Paint The Town Red,Doja Cat,4,2,8
2023-10-21,6,Vois Sur Ton Chemin (Techno Mix),BENNETT,13,6,3
2023-10-21,7,Not Fair,Niklas Dee & Old Jim Featuring Enny-Mae,6,5,8
2023-10-21,8,Vas-y (Ga Maar),Suzan & Freek & Claude,8,8,5
2023-10-21,9,Water,Tyla,9,9,3
2023-10-21,10,Lose Control,Teddy Swims,15,10,4
2023-10-21,11,(It Goes Like) Nanana,Peggy Gou,7,1,16
2023-10-21,12,7K Op Je Feestje,Noano Featuring Antybanty,10,7,4
2023-10-21,13,Domino,"KATNUF, Ronnie Flex, Jonna Fraser & Caza",11,4,4
2023-10-21,14,Loco Loco,Alessio & Sluwe Ollie,-,14,1
2023-10-21,15,Dance The Night,Dua Lipa,14,4,12
2023-10-21,16,Engelbewaarder,Marco Schuitmaker,12,1,28
2023-10-21,17,Desire,Calvin Harris & Sam Smith,17,10,9
2023-10-21,18,People,Libianca,16,1,33
2023-10-21,19,Another Love,Tom Odell,19,3,37
2023-10-21,20,City Boys,Burna Boy,18,14,6
2023-10-21,21,Unhealthy,Anne-Marie Featuring Shania Twain,21,17,6
2023-10-21,22,First Person Shooter,Drake Featuring J. Cole,-,22,1
2023-10-21,23,IDGAF,Drake Featuring Yeat,-,23,1
2023-10-21,24,Chemical,Post Malone,23,11,14
2023-10-21,25,What Was I Made For?,Billie Eilish,20,4,12
2023-10-28,1,Si No Estas,Inigo Quintero,2,1,3
2023-10-28,2,Prada,"casso, RAYE & D-Block Europe",3,1,9
2023-10-28,3,Greedy,Tate McRae,1,1,5
2023-10-28,4,Strangers,Kenya Grace,4,3,6
2023-10-28,5,Vois Sur Ton Chemin (Techno Mix),BENNETT,6,5,4
2023-10-28,6,Paint The Town Red,Doja Cat,5,2,9
2023-10-28,7,Water,Tyla,9,7,4
2023-10-28,8,Not Fair,Niklas Dee & Old Jim Featuring Enny-Mae,7,5,9
2023-10-28,9,Vas-y (Ga Maar),Suzan & Freek & Claude,8,8,6
2023-10-28,10,Lose Control,Teddy Swims,10,10,5
2023-10-28,11,(It Goes Like) Nanana,Peggy Gou,11,1,17
2023-10-28,12,Loco Loco,Alessio & Sluwe Ollie,14,12,2
2023-10-28,13,Engelbewaarder,Marco Schuitmaker,16,1,29
2023-10-28,14,Dance The Night,Dua Lipa,15,4,13
2023-10-28,15,Cruel Summer,Taylor Swift,-,15,1
2023-10-28,16,Desire,Calvin Harris & Sam Smith,17,10,10
2023-10-28,17,Domino,"KATNUF, Ronnie Flex, Jonna Fraser & Caza",13,4,5
2023-10-28,18,7K Op Je Feestje,Noano Featuring Antybanty,12,7,5
2023-10-28,19,Another Love,Tom Odell,19,3,38
2023-10-28,20,Unhealthy,Anne-Marie Featuring Shania Twain,21,17,7
2023-10-28,21,Chemical,Post Malone,24,11,15
2023-10-28,22,People,Libianca,18,1,34
2023-10-28,23,City Boys,Burna Boy,20,14,7
2023-10-28,24,Tattoo,Loreen,-,1,24
2023-10-28,25,The Feeling,Lost Frequencies,-,25,2
2023-11-04,1,Si No Estas,Inigo Quintero,1,1,4
2023-11-04,2,Prada,"casso, RAYE & D-Block Europe",2,1,10
2023-11-04,3,Greedy,Tate McRae,3,1,6
2023-11-04,4,Strangers,Kenya Grace,4,3,7
2023-11-04,5,Vois Sur Ton Chemin (Techno Mix),BENNETT,5,5,5
2023-11-04,6,Water,Tyla,7,6,5
2023-11-04,7,Paint The Town Red,Doja Cat,6,2,10
2023-11-04,8,Lose Control,Teddy Swims,10,8,6
2023-11-04,9,Vas-y (Ga Maar),Suzan & Freek & Claude,9,8,7
2023-11-04,10,Not Fair,Niklas Dee & Old Jim Featuring Enny-Mae,8,5,10
2023-11-04,11,Cruel Summer,Taylor Swift,15,11,2
2023-11-04,12,(It Goes Like) Nanana,Peggy Gou,11,1,18
2023-11-04,13,Another Love,Tom Odell,19,3,39
2023-11-04,14,Engelbewaarder,Marco Schuitmaker,13,1,30
2023-11-04,15,Desire,Calvin Harris & Sam Smith,16,10,11
2023-11-04,16,Dance The Night,Dua Lipa,14,4,14
2023-11-04,17,Loco Loco,Alessio & Sluwe Ollie,12,12,3
2023-11-04,18,Domino,"KATNUF, Ronnie Flex, Jonna Fraser & Caza",17,4,6
2023-11-04,19,Chemical,Post Malone,21,11,16
2023-11-04,20,Unhealthy,Anne-Marie Featuring Shania Twain,20,17,8
2023-11-04,21,Stay (Never Leave),"Kris Kross Amsterdam , Sera X Conor Maynard",-,21,1
2023-11-04,22,City Boys,Burna Boy,23,14,8
2023-11-04,23,People,Libianca,22,1,35
2023-11-04,24,The Feeling,Lost Frequencies,25,24,3
2023-11-04,25,Hartslag Van de Stad,Tino//Martin & Mart Hoogkamer,-,25,1
2023-11-11,1,Si No Estas,Inigo Quintero,1,1,5
2023-11-11,2,Prada,"casso, RAYE & D-Block Europe",2,1,11
2023-11-11,3,Greedy,Tate McRae,3,1,7
2023-11-11,4,Vois Sur Ton Chemin (Techno Mix),BENNETT,5,4,6
2023-11-11,5,Strangers,Kenya Grace,4,3,8
2023-11-11,6,Water,Tyla,6,6,6
2023-11-11,7,Monster,Zoe Tauran,-,7,1
2023-11-11,8,Lose Control,Teddy Swims,8,8,7
2023-11-11,9,Paint The Town Red,Doja Cat,7,2,11
2023-11-11,10,Schakelen,"Djaga Djaga, Lijpe, Josylvio & Boef",-,10,1
2023-11-11,11,Vas-y (Ga Maar),Suzan & Freek & Claude,9,8,8
2023-11-11,12,Not Fair,Niklas Dee & Old Jim Featuring Enny-Mae,10,5,11
2023-11-11,13,Cruel Summer,Taylor Swift,11,11,3
2023-11-11,14,(It Goes Like) Nanana,Peggy Gou,12,1,19
2023-11-11,15,Another Love,Tom Odell,13,3,40
2023-11-11,16,Engelbewaarder,Marco Schuitmaker,14,1,31
2023-11-11,17,Wacht Op Mij,Trobi Featuring Ronnie Flex & Tabitha,-,17,1
2023-11-11,18,Desire,Calvin Harris & Sam Smith,15,10,12
2023-11-11,19,Stay (Never Leave),"Kris Kross Amsterdam , Sera X Conor Maynard",21,19,2
2023-11-11,20,Is It Over Now? (Taylor's Version) [From The Vault],Taylor Swift,-,20,1
2023-11-11,21,Unhealthy,Anne-Marie Featuring Shania Twain,20,17,9
2023-11-11,22,Loco Loco,Alessio & Sluwe Ollie,17,12,4
2023-11-11,23,Dance The Night,Dua Lipa,16,4,15
2023-11-11,24,Domino,"KATNUF, Ronnie Flex, Jonna Fraser & Caza",18,4,7
2023-11-11,25,Hartslag Van de Stad,Tino//Martin & Mart Hoogkamer,25,25,2
2023-11-18,1,Si No Estas,Inigo Quintero,1,1,6
2023-11-18,2,De Leven,Kevin Featuring S10,-,2,1
2023-11-18,3,Prada,"casso, RAYE & D-Block Europe",2,1,12
2023-11-18,4,Greedy,Tate McRae,3,1,8
2023-11-18,5,Vois Sur Ton Chemin (Techno Mix),BENNETT,4,4,7
2023-11-18,6,Strangers,Kenya Grace,5,3,9
2023-11-18,7,Monster,Zoe Tauran,7,7,2
2023-11-18,8,Water,Tyla,6,6,7
2023-11-18,9,Lose Control,Teddy Swims,8,8,8
2023-11-18,10,Vas-y (Ga Maar),Suzan & Freek & Claude,11,8,9
2023-11-18,11,Paint The Town Red,Doja Cat,9,2,12
2023-11-18,12,Not Fair,Niklas Dee & Old Jim Featuring Enny-Mae,12,5,12
2023-11-18,13,Wacht Op Mij,Trobi Featuring Ronnie Flex & Tabitha,17,13,2
2023-11-18,14,Cruel Summer,Taylor Swift,13,11,4
2023-11-18,15,Another Love,Tom Odell,15,3,41
2023-11-18,16,PK’s,"Josylvio Featuring Moeman, Bokke8, Philly & KA",-,16,1
2023-11-18,17,Stay (Never Leave),"Kris Kross Amsterdam , Sera X Conor Maynard",19,17,3
2023-11-18,18,Over de Grens,Lijpe,-,18,1
2023-11-18,19,Engelbewaarder,Marco Schuitmaker,16,1,32
2023-11-18,20,Schakelen,"Djaga Djaga, Lijpe, Josylvio & Boef",10,10,2
2023-11-18,21,(It Goes Like) Nanana,Peggy Gou,14,1,20
2023-11-18,22,Hartslag Van de Stad,Tino//Martin & Mart Hoogkamer,25,22,3
2023-11-18,23,Desire,Calvin Harris & Sam Smith,18,10,13
2023-11-18,24,Unhealthy,Anne-Marie Featuring Shania Twain,21,17,10
2023-11-18,25,Now And Then,The Beatles,-,25,1
2023-11-25,1,De Leven,Kevin Featuring S10,2,1,2
2023-11-25,2,Prada,"casso, RAYE & D-Block Europe",3,1,13
2023-11-25,3,Greedy,Tate McRae,4,1,9
2023-11-25,4,Si No Estas,Inigo Quintero,1,1,7
2023-11-25,5,Vois Sur Ton Chemin (Techno Mix),BENNETT,5,4,8
2023-11-25,6,Satisfyer,Roxy Dekker,-,6,1
2023-11-25,7,Strangers,Kenya Grace,6,3,10
2023-11-25,8,Monster,Zoe Tauran,7,7,3
2023-11-25,9,Lose Control,Teddy Swims,9,8,9
2023-11-25,10,Water,Tyla,8,6,8
2023-11-25,11,Houdini,Dua Lipa,-,11,1
2023-11-25,12,Vas-y (Ga Maar),Suzan & Freek & Claude,10,8,10
2023-11-25,13,Champions League,FLEMMING & Boef,-,13,1
2023-11-25,14,Paint The Town Red,Doja Cat,11,2,13
2023-11-25,15,Speciaal (Feat. Kaeh),"Frenna, Boef, Madam Julie Featuring Kaeh",-,15,1
2023-11-25,16,Cruel Summer,Taylor Swift,14,11,5
2023-11-25,17,Wacht Op Mij,Trobi Featuring Ronnie Flex & Tabitha,13,13,3
2023-11-25,18,Hartslag Van de Stad,Tino//Martin & Mart Hoogkamer,22,18,4
2023-11-25,19,Another Love,Tom Odell,15,3,42
2023-11-25,20,Not Fair,Niklas Dee & Old Jim Featuring Enny-Mae,12,5,13
2023-11-25,21,Overdrive,Ofenbach Featuring Norma Jean Martine,-,21,1
2023-11-25,22,Stay (Never Leave),"Kris Kross Amsterdam , Sera X Conor Maynard",17,17,4
2023-11-25,23,Engelbewaarder,Marco Schuitmaker,19,1,33
2023-11-25,24,Tonight,Son Mieux,-,24,1
2023-11-25,25,All I Want For Christmas Is You,Mariah Carey,-,1,7
2023-12-02,1,De Leven,Kevin Featuring S10,1,1,3
2023-12-02,2,Cupido,Bankzitters,-,2,1
2023-12-02,3,Greedy,Tate McRae,3,1,10
2023-12-02,4,Prada,"casso, RAYE & D-Block Europe",2,1,14
2023-12-02,5,Si No Estas,Inigo Quintero,4,1,8
2023-12-02,6,Satisfyer,Roxy Dekker,6,6,2
2023-12-02,7,Vois Sur Ton Chemin (Techno Mix),BENNETT,5,4,9
2023-12-02,8,Strangers,Kenya Grace,7,3,11
2023-12-02,9,Water,Tyla,10,6,9
2023-12-02,10,Lose Control,Teddy Swims,9,8,10
2023-12-02,11,Houdini,Dua Lipa,11,11,2
2023-12-02,12,Monster,Zoe Tauran,8,7,4
2023-12-02,13,Speciaal (Feat. Kaeh),"Frenna, Boef, Madam Julie Featuring Kaeh",15,13,2
2023-12-02,14,Omhoog,Kevin,-,14,1
2023-12-02,15,Vas-y (Ga Maar),Suzan & Freek & Claude,12,8,11
2023-12-02,16,Frontline,Kevin Featuring Jonna Fraser,-,16,1
2023-12-02,17,Overdrive,Ofenbach Featuring Norma Jean Martine,21,17,2
2023-12-02,18,All I Want For Christmas Is You,Mariah Carey,25,1,8
2023-12-02,19,Hartslag Van de Stad,Tino//Martin & Mart Hoogkamer,18,18,5
2023-12-02,20,Champions League,FLEMMING & Boef,13,13,2
2023-12-02,21,Last Christmas,Wham!,-,2,6
2023-12-02,22,Lovin On Me,Jack Harlow,-,22,1
2023-12-02,23,Paint The Town Red,Doja Cat,14,2,14
2023-12-02,24,Exes,Tate McRae,-,24,1
2023-12-02,25,Another Love,Tom Odell,19,3,43
2023-12-09,1,De Leven,Kevin Featuring S10,1,1,4
2023-12-09,2,Greedy,Tate McRae,3,1,11
2023-12-09,3,Prada,"casso, RAYE & D-Block Europe",4,1,15
2023-12-09,4,Satisfyer,Roxy Dekker,6,4,3
2023-12-09,5,Si No Estas,Inigo Quintero,5,1,9
2023-12-09,6,Vois Sur Ton Chemin (Techno Mix),BENNETT,7,4,10
2023-12-09,7,Strangers,Kenya Grace,8,3,12
2023-12-09,8,Lose Control,Teddy Swims,10,8,11
2023-12-09,9,All I Want For Christmas Is You,Mariah Carey,18,1,9
2023-12-09,10,Last Christmas,Wham!,21,2,7
2023-12-09,11,Water,Tyla,9,6,10
2023-12-09,12,Lovin On Me,Jack Harlow,22,12,2
2023-12-09,13,Houdini,Dua Lipa,11,11,3
2023-12-09,14,Cupido,Bankzitters,2,2,2
2023-12-09,15,Monster,Zoe Tauran,12,7,5
2023-12-09,16,Champions League,FLEMMING & Boef,20,13,3
2023-12-09,17,Vas-y (Ga Maar),Suzan & Freek & Claude,15,8,12
2023-12-09,18,Stick Season,Noah Kahan,-,18,1
2023-12-09,19,Overdrive,Ofenbach Featuring Norma Jean Martine,17,17,3
2023-12-09,20,Speciaal (Feat. Kaeh),"Frenna, Boef, Madam Julie Featuring Kaeh",13,13,3
2023-12-09,21,Hartslag Van de Stad,Tino//Martin & Mart Hoogkamer,19,18,6
2023-12-09,22,Hier Mag Alles,Donnie & Marco Schuitmaker,-,22,1
2023-12-09,23,Angel Numbers / Ten Toes,Chris Brown,-,23,1
2023-12-09,24,Another Love,Tom Odell,25,3,44
2023-12-09,25,Cruel Summer,Taylor Swift,-,11,6
2023-12-16,1,All I Want For Christmas Is You,Mariah Carey,9,1,10
2023-12-16,2,Last Christmas,Wham!,10,2,8
2023-12-16,3,Prada,"casso, RAYE & D-Block Europe",3,1,16
2023-12-16,4,Greedy,Tate McRae,2,1,12
2023-12-16,5,De Leven,Kevin Featuring S10,1,1,5
2023-12-16,6,Snowman,Sia,-,6,4
2023-12-16,7,Santa Tell Me,Ariana Grande,-,4,5
2023-12-16,8,It's Beginning To Look A Lot Like Christmas,Michael Buble,-,3,5
2023-12-16,9,Underneath The Tree,Kelly Clarkson,-,9,5
2023-12-16,10,Satisfyer,Roxy Dekker,4,4,4
2023-12-16,11,It's The Most Wonderful Time Of The Year,Andy Williams,-,8,5
2023-12-16,12,Lose Control,Teddy Swims,8,8,12
2023-12-16,13,Si No Estas,Inigo Quintero,5,1,10
2023-12-16,14,Rockin' Around The Christmas Tree,Brenda Lee,-,5,4
2023-12-16,15,Vois Sur Ton Chemin (Techno Mix),BENNETT,6,4,11
2023-12-16,16,Strangers,Kenya Grace,7,3,13
2023-12-16,17,Driving Home For Christmas,Chris Rea,-,6,5
2023-12-16,18,Jingle Bell Rock,Bobby Helms,-,11,4
2023-12-16,19,Lovin On Me,Jack Harlow,12,12,3
2023-12-16,20,Merry Christmas Everyone,Shakin' Stevens,-,16,4
2023-12-16,21,Sleigh Ride,The Ronettes,-,13,4
2023-12-16,22,Water,Tyla,11,6,11
2023-12-16,23,Houdini,Dua Lipa,13,11,4
2023-12-16,24,Feliz Navidad,Jose Feliciano,-,7,4
2023-12-16,25,Zie Ginds Komt De Stoomboot,Alles Kids & Sinterklaasliedjes Alles Kids,-,25,1
2023-12-23,1,All I Want For Christmas Is You,Mariah Carey,1,1,11
2023-12-23,2,Last Christmas,Wham!,2,2,9
2023-12-23,3,Snowman,Sia,6,3,5
2023-12-23,4,It's Beginning To Look A Lot Like Christmas,Michael Buble,8,3,6
2023-12-23,5,Greedy,Tate McRae,4,1,13
2023-12-23,6,Underneath The Tree,Kelly Clarkson,9,6,6
2023-12-23,7,It's The Most Wonderful Time Of The Year,Andy Williams,11,7,6
2023-12-23,8,Driving Home For Christmas,Chris Rea,17,6,6
2023-12-23,9,Santa Tell Me,Ariana Grande,7,4,6
2023-12-23,10,Prada,"casso, RAYE & D-Block Europe",3,1,17
2023-12-23,11,Sleigh Ride,The Ronettes,21,11,5
2023-12-23,12,Feliz Navidad,Jose Feliciano,24,7,5
2023-12-23,13,Rockin' Around The Christmas Tree,Brenda Lee,14,5,5
2023-12-23,14,Merry Christmas Everyone,Shakin' Stevens,20,14,5
2023-12-23,15,De Leven,Kevin Featuring S10,5,1,6
2023-12-23,16,Satisfyer,Roxy Dekker,10,4,5
2023-12-23,17,Stick Season,Noah Kahan,-,17,2
2023-12-23,18,Jingle Bell Rock,Bobby Helms,18,11,5
2023-12-23,19,Lose Control,Teddy Swims,12,8,13
2023-12-23,20,Wonderful Christmastime,Paul McCartney,-,12,3
2023-12-23,21,Vois Sur Ton Chemin (Techno Mix),BENNETT,15,4,12
2023-12-23,22,Holly Jolly Christmas,Michael Buble,-,21,2
2023-12-23,23,Strangers,Kenya Grace,16,3,14
2023-12-23,24,Si No Estas,Inigo Quintero,13,1,11
2023-12-23,25,Lovin On Me,Jack Harlow,19,12,4
2023-12-30,1,All I Want For Christmas Is You,Mariah Carey,1,1,12
2023-12-30,2,Last Christmas,Wham!,2,2,10
2023-12-30,3,Appel Mint Puur,Broederliefde,-,3,1
2023-12-30,4,It's Beginning To Look A Lot Like Christmas,Michael Buble,4,3,7
2023-12-30,5,It's The Most Wonderful Time Of The Year,Andy Williams,7,5,7
2023-12-30,6,Underneath The Tree,Kelly Clarkson,6,6,7
2023-12-30,7,Driving Home For Christmas,Chris Rea,8,6,7
2023-12-30,8,Snowman,Sia,3,3,6
2023-12-30,9,Rockin' Around The Christmas Tree,Brenda Lee,13,5,6
2023-12-30,10,Greedy,Tate McRae,5,1,14
2023-12-30,11,Feliz Navidad,Jose Feliciano,12,7,6
2023-12-30,12,Sleigh Ride,The Ronettes,11,11,6
2023-12-30,13,Santa Tell Me,Ariana Grande,9,4,7
2023-12-30,14,Prada,"casso, RAYE & D-Block Europe",10,1,18
2023-12-30,15,Stick Season,Noah Kahan,17,15,3
2023-12-30,16,Merry Christmas Everyone,Shakin' Stevens,14,14,6
2023-12-30,17,Jingle Bell Rock,Bobby Helms,18,11,6
2023-12-30,18,Holly Jolly Christmas,Michael Buble,22,18,3
2023-12-30,19,Wonderful Christmastime,Paul McCartney,20,12,4
2023-12-30,20,Lose Control,Teddy Swims,19,8,14
2023-12-30,21,Do They Know It's Christmas?,Band Aid,-,14,4
2023-12-30,22,Satisfyer,Roxy Dekker,16,4,6
2023-12-30,23,Let It Snow! Let It Snow! Let It Snow!,Dean Martin,-,17,2
2023-12-30,24,De Leven,Kevin Featuring S10,15,1,7
2023-12-30,25,Vois Sur Ton Chemin (Techno Mix),BENNETT,21,4,13
2024-01-06,1,Last Christmas,Wham!,2,1,11
2024-01-06,2,All I Want For Christmas Is You,Mariah Carey,1,1,13
2024-01-06,3,It's Beginning To Look A Lot Like Christmas,Michael Buble,4,3,8
2024-01-06,4,Driving Home For Christmas,Chris Rea,7,4,8
2024-01-06,5,It's The Most Wonderful Time Of The Year,Andy Williams,5,5,8
2024-01-06,6,Underneath The Tree,Kelly Clarkson,6,6,8
2024-01-06,7,Feliz Navidad,Jose Feliciano,11,7,7
2024-01-06,8,Rockin' Around The Christmas Tree,Brenda Lee,9,5,7
2024-01-06,9,Sleigh Ride,The Ronettes,12,9,7
2024-01-06,10,Santa Tell Me,Ariana Grande,13,4,8
2024-01-06,11,Snowman,Sia,8,3,7
2024-01-06,12,Jingle Bell Rock,Bobby Helms,17,11,7
2024-01-06,13,Wonderful Christmastime,Paul McCartney,19,12,5
2024-01-06,14,Do They Know It's Christmas?,Band Aid,21,14,5
2024-01-06,15,Let It Snow! Let It Snow! Let It Snow!,Dean Martin,23,15,3
2024-01-06,16,Holly Jolly Christmas,Michael Buble,18,16,4
2024-01-06,17,Merry Christmas Everyone,Shakin' Stevens,16,14,7
2024-01-06,18,Happy Xmas (War Is Over),John & Yoko/The Plastic Ono Band With The Harlem Community Choir,-,18,2
2024-01-06,19,Mistletoe,Justin Bieber,-,19,2
2024-01-06,20,"Let It Snow, Let It Snow, Let It Snow!",Frank Sinatra With The B. Swanson Quartet / Alex Stordahl,-,19,2
2024-01-06,21,Merry Christmas,Ed Sheeran & Elton John,-,21,2
2024-01-06,22,Shake Up Christmas,Train,-,22,1
2024-01-06,23,Christmas (Baby Please Come Home),Mariah Carey,-,23,1
2024-01-06,24,Christmas Lights,Coldplay,-,24,1
2024-01-06,25,Appel Mint Puur,Broederliefde,3,3,2
2024-01-13,1,Stick Season,Noah Kahan,-,1,4
2024-01-13,2,Prada,"casso, RAYE & D-Block Europe",-,1,19
2024-01-13,3,Greedy,Tate McRae,-,1,15
2024-01-13,4,Appel Mint Puur,Broederliefde,25,3,3
2024-01-13,5,Satisfyer,Roxy Dekker,-,4,7
2024-01-13,6,Engelbewaarder,Marco Schuitmaker,-,1,34
2024-01-13,7,Lose Control,Teddy Swims,-,7,15
2024-01-13,8,Hier Mag Alles,Donnie & Marco Schuitmaker,-,8,2
2024-01-13,9,Lovin On Me,Jack Harlow,-,9,5
2024-01-13,10,Strangers,Kenya Grace,-,3,15
2024-01-13,11,Vois Sur Ton Chemin (Techno Mix),BENNETT,-,4,14
2024-01-13,12,Overdrive,Ofenbach Featuring Norma Jean Martine,-,12,4
2024-01-13,13,Hartslag Van de Stad,Tino//Martin & Mart Hoogkamer,-,13,7
2024-01-13,14,When We Were Young (The Logical Song),David Guetta & Kim Petras,-,14,1
2024-01-13,15,Si No Estas,Inigo Quintero,-,1,12
2024-01-13,16,Champions League,FLEMMING & Boef,-,13,4
2024-01-13,17,Houdini,Dua Lipa,-,11,5
2024-01-13,18,Water,Tyla,-,6,12
2024-01-13,19,De Leven,Kevin Featuring S10,-,1,8
2024-01-13,20,Another Love,Tom Odell,-,3,45
2024-01-13,21,Tonight,Son Mieux,-,21,2
2024-01-13,22,Angel Numbers / Ten Toes,Chris Brown,-,22,2
2024-01-13,23,Stiekem,Maan & Goldband,-,1,44
2024-01-13,24,Noodgeval,Goldband,-,4,52
2024-01-13,25,Exes,Tate McRae,-,24,2
2024-01-20,1,Stick Season,Noah Kahan,1,1,5
2024-01-20,2,Greedy,Tate McRae,3,1,16
2024-01-20,3,Prada,"casso, RAYE & D-Block Europe",2,1,20
2024-01-20,4,Lose Control,Teddy Swims,7,4,16
2024-01-20,5,Satisfyer,Roxy Dekker,5,4,8
2024-01-20,6,Hier Mag Alles,Donnie & Marco Schuitmaker,8,6,3
2024-01-20,7,Lovin On Me,Jack Harlow,9,7,6
2024-01-20,8,Appel Mint Puur,Broederliefde,4,3,4
2024-01-20,9,Overdrive,Ofenbach Featuring Norma Jean Martine,12,9,5
2024-01-20,10,Strangers,Kenya Grace,10,3,16
2024-01-20,11,When We Were Young (The Logical Song),David Guetta & Kim Petras,14,11,2
2024-01-20,12,Slaaptekort,Bankzitters,-,12,1
2024-01-20,13,Champions League,FLEMMING & Boef,16,13,5
2024-01-20,14,Houdini,Dua Lipa,17,11,6
2024-01-20,15,Alles Op Gevoel,"Flemming, Zoe Tauran & Ronnie Flex",-,15,1
2024-01-20,16,Tonight,Son Mieux,21,16,3
2024-01-20,17,Vois Sur Ton Chemin (Techno Mix),BENNETT,11,4,15
2024-01-20,18,Angel Numbers / Ten Toes,Chris Brown,22,18,3
2024-01-20,19,Red Notice,Lijpe & Fatah,-,19,1
2024-01-20,20,Another Love,Tom Odell,20,3,46
2024-01-20,21,Water,Tyla,18,6,13
2024-01-20,22,De Leven,Kevin Featuring S10,19,1,9
2024-01-20,23,Hartslag Van de Stad,Tino//Martin & Mart Hoogkamer,13,13,8
2024-01-20,24,Si No Estas,Inigo Quintero,15,1,13
2024-01-20,25,Engelbewaarder,Marco Schuitmaker,6,1,35
2024-01-27,1,Stick Season,Noah Kahan,1,1,6
2024-01-27,2,"Yes, And?",Ariana Grande,-,2,1
2024-01-27,3,Greedy,Tate McRae,2,1,17
2024-01-27,4,Prada,"casso, RAYE & D-Block Europe",3,1,21
2024-01-27,5,Lose Control,Teddy Swims,4,4,17
2024-01-27,6,Hier Mag Alles,Donnie & Marco Schuitmaker,6,6,4
2024-01-27,7,Alles Op Gevoel,"Flemming, Zoe Tauran & Ronnie Flex",15,7,2
2024-01-27,8,Satisfyer,Roxy Dekker,5,4,9
2024-01-27,9,Overdrive,Ofenbach Featuring Norma Jean Martine,9,9,6
2024-01-27,10,Lovin On Me,Jack Harlow,7,7,7
2024-01-27,11,Champions League,FLEMMING & Boef,13,11,6
2024-01-27,12,When We Were Young (The Logical Song),David Guetta & Kim Petras,11,11,3
2024-01-27,13,Strangers,Kenya Grace,10,3,17
2024-01-27,14,Appel Mint Puur,Broederliefde,8,3,5
2024-01-27,15,Tonight,Son Mieux,16,15,4
2024-01-27,16,Houdini,Dua Lipa,14,11,7
2024-01-27,17,Angel Numbers / Ten Toes,Chris Brown,18,17,4
2024-01-27,18,Vois Sur Ton Chemin (Techno Mix),BENNETT,17,4,16
2024-01-27,19,Murder On The Dancefloor,Sophie Ellis-Bextor,-,19,1
2024-01-27,20,Thank You (Not So Bad),Dimitri Vegas & Like Mike x Tiesto x W&W & Dido,-,20,1
2024-01-27,21,Another Love,Tom Odell,20,3,47
2024-01-27,22,Hartslag Van de Stad,Tino//Martin & Mart Hoogkamer,23,13,9
2024-01-27,23,Water,Tyla,21,6,14
2024-01-27,24,Engelbewaarder,Marco Schuitmaker,25,1,36
2024-01-27,25,Si No Estas,Inigo Quintero,24,1,14
2024-02-03,1,Stick Season,Noah Kahan,1,1,7
2024-02-03,2,Alles Op Gevoel,"Flemming, Zoe Tauran & Ronnie Flex",7,2,3
2024-02-03,3,Lose Control,Teddy Swims,5,3,18
2024-02-03,4,"Yes, And?",Ariana Grande,2,2,2
2024-02-03,5,Greedy,Tate McRae,3,1,18
2024-02-03,6,Prada,"casso, RAYE & D-Block Europe",4,1,22
2024-02-03,7,Hier Mag Alles,Donnie & Marco Schuitmaker,6,6,5
2024-02-03,8,Satisfyer,Roxy Dekker,8,4,10
2024-02-03,9,Champions League,FLEMMING & Boef,11,9,7
2024-02-03,10,Overdrive,Ofenbach Featuring Norma Jean Martine,9,9,7
2024-02-03,11,Murder On The Dancefloor,Sophie Ellis-Bextor,19,11,2
2024-02-03,12,Lovin On Me,Jack Harlow,10,7,8
2024-02-03,13,Houdini,Dua Lipa,16,11,8
2024-02-03,14,Tonight,Son Mieux,15,14,5
2024-02-03,15,When We Were Young (The Logical Song),David Guetta & Kim Petras,12,11,4
2024-02-03,16,Strangers,Kenya Grace,13,3,18
2024-02-03,17,Blindelings,Antoon,-,17,1
2024-02-03,18,Thank You (Not So Bad),Dimitri Vegas & Like Mike x Tiesto x W&W & Dido,20,18,2
2024-02-03,19,Angel Numbers / Ten Toes,Chris Brown,17,17,5
2024-02-03,20,Waterdicht,Hannah Mae,-,20,1
2024-02-03,21,Appel Mint Puur,Broederliefde,14,3,6
2024-02-03,22,Vois Sur Ton Chemin (Techno Mix),BENNETT,18,4,17
2024-02-03,23,Hartslag Van de Stad,Tino//Martin & Mart Hoogkamer,22,13,10
2024-02-03,24,Water,Tyla,23,6,15
2024-02-03,25,Another Love,Tom Odell,21,3,48
2024-02-10,1,Stick Season,Noah Kahan,1,1,8
2024-02-10,2,Alles Op Gevoel,"Flemming, Zoe Tauran & Ronnie Flex",2,2,4
2024-02-10,3,Lose Control,Teddy Swims,3,3,19
2024-02-10,4,Greedy,Tate McRae,5,1,19
2024-02-10,5,Hier Mag Alles,Donnie & Marco Schuitmaker,7,5,6
2024-02-10,6,Murder On The Dancefloor,Sophie Ellis-Bextor,11,6,3
2024-02-10,7,"Yes, And?",Ariana Grande,4,2,3
2024-02-10,8,Prada,"casso, RAYE & D-Block Europe",6,1,23
2024-02-10,9,Champions League,FLEMMING & Boef,9,9,8
2024-02-10,10,Overdrive,Ofenbach Featuring Norma Jean Martine,10,9,8
2024-02-10,11,Satisfyer,Roxy Dekker,8,4,11
2024-02-10,12,When We Were Young (The Logical Song),David Guetta & Kim Petras,15,11,5
2024-02-10,13,Houdini,Dua Lipa,13,11,9
2024-02-10,14,Tonight,Son Mieux,14,14,6
2024-02-10,15,Thank You (Not So Bad),Dimitri Vegas & Like Mike x Tiesto x W&W & Dido,18,15,3
2024-02-10,16,Lovin On Me,Jack Harlow,12,7,9
2024-02-10,17,Waterdicht,Hannah Mae,20,17,2
2024-02-10,18,Johnny,Lil Kleine,-,18,1
2024-02-10,19,Strangers,Kenya Grace,16,3,19
2024-02-10,20,Angel Numbers / Ten Toes,Chris Brown,19,17,6
2024-02-10,21,Blindelings,Antoon,17,17,2
2024-02-10,22,Vois Sur Ton Chemin (Techno Mix),BENNETT,22,4,18
2024-02-10,23,Unwritten,Natasha Bedingfield,-,23,1
2024-02-10,24,Popular,"The Weeknd , Playboi Carti & Madonna",-,24,1
2024-02-10,25,Whatever,Kygo With Ava Max,-,25,1
2024-02-17,1,Tuesday,Jonna Fraser,-,1,1
2024-02-17,2,Stick Season,Noah Kahan,1,1,9
2024-02-17,3,Alles Op Gevoel,"Flemming, Zoe Tauran & Ronnie Flex",2,2,5
2024-02-17,4,Lose Control,Teddy Swims,3,3,20
2024-02-17,5,Hier Mag Alles,Donnie & Marco Schuitmaker,5,5,7
2024-02-17,6,Greedy,Tate McRae,4,1,20
2024-02-17,7,Murder On The Dancefloor,Sophie Ellis-Bextor,6,6,4
2024-02-17,8,Houdini,Dua Lipa,13,8,10
2024-02-17,9,Champions League,FLEMMING & Boef,9,9,9
2024-02-17,10,Overdrive,Ofenbach Featuring Norma Jean Martine,10,9,9
2024-02-17,11,Beautiful Things,Benson Boone,-,11,1
2024-02-17,12,"Yes, And?",Ariana Grande,7,2,4
2024-02-17,13,Satisfyer,Roxy Dekker,11,4,12
2024-02-17,14,When We Were Young (The Logical Song),David Guetta & Kim Petras,12,11,6
2024-02-17,15,Waterdicht,Hannah Mae,17,15,3
2024-02-17,16,Praise Jah In The Moonlight,YG Marley,-,16,1
2024-02-17,17,Prada,"casso, RAYE & D-Block Europe",8,1,24
2024-02-17,18,Thank You (Not So Bad),Dimitri Vegas & Like Mike x Tiesto x W&W & Dido,15,15,4
2024-02-17,19,Tonight,Son Mieux,14,14,7
2024-02-17,20,Blindelings,Antoon,21,17,3
2024-02-17,21,Unwritten,Natasha Bedingfield,23,21,2
2024-02-17,22,Strangers,Kenya Grace,19,3,20
2024-02-17,23,Whatever,Kygo With Ava Max,25,23,2
2024-02-17,24,Lovin On Me,Jack Harlow,16,7,10
2024-02-17,25,Angel Numbers / Ten Toes,Chris Brown,20,17,7
2024-02-24,1,Stick Season,Noah Kahan,2,1,10
2024-02-24,2,Tuesday,Jonna Fraser,1,1,2
2024-02-24,3,Alles Op Gevoel,"Flemming, Zoe Tauran & Ronnie Flex",3,2,6
2024-02-24,4,Hier Mag Alles,Donnie & Marco Schuitmaker,5,4,8
2024-02-24,5,Beautiful Things,Benson Boone,11,5,2
2024-02-24,6,Lose Control,Teddy Swims,4,3,21
2024-02-24,7,Greedy,Tate McRae,6,1,21
2024-02-24,8,Praise Jah In The Moonlight,YG Marley,16,8,2
2024-02-24,9,Overdrive,Ofenbach Featuring Norma Jean Martine,10,9,10
2024-02-24,10,Satisfyer,Roxy Dekker,13,4,13
2024-02-24,11,Murder On The Dancefloor,Sophie Ellis-Bextor,7,6,5
2024-02-24,12,Houdini,Dua Lipa,8,8,11
2024-02-24,13,Champions League,FLEMMING & Boef,9,9,10
2024-02-24,14,Waterdicht,Hannah Mae,15,14,4
2024-02-24,15,When We Were Young (The Logical Song),David Guetta & Kim Petras,14,11,7
2024-02-24,16,Thank You (Not So Bad),Dimitri Vegas & Like Mike x Tiesto x W&W & Dido,18,15,5
2024-02-24,17,Prada,"casso, RAYE & D-Block Europe",17,1,25
2024-02-24,18,Tonight,Son Mieux,19,14,8
2024-02-24,19,"Yes, And?",Ariana Grande,12,2,5
2024-02-24,20,Whatever,Kygo With Ava Max,23,20,3
2024-02-24,21,Unwritten,Natasha Bedingfield,21,21,3
2024-02-24,22,Werkpaarden,"Glades, Lijpe, Boef & 3robi",-,22,1
2024-02-24,23,Blindelings,Antoon,20,17,4
2024-02-24,24,Strangers,Kenya Grace,22,3,21
2024-02-24,25,Engelbewaarder,Marco Schuitmaker,-,1,37
2024-03-02,1,Stick Season,Noah Kahan,1,1,11
2024-03-02,2,Texas Hold 'Em,Beyonce,-,2,1
2024-03-02,3,Beautiful Things,Benson Boone,5,3,3
2024-03-02,4,Tuesday,Jonna Fraser,2,1,3
2024-03-02,5,Alles Op Gevoel,"Flemming, Zoe Tauran & Ronnie Flex",3,2,7
2024-03-02,6,Lose Control,Teddy Swims,6,3,22
2024-03-02,7,Hier Mag Alles,Donnie & Marco Schuitmaker,4,4,9
2024-03-02,8,Waterdicht,Hannah Mae,14,8,5
2024-03-02,9,Greedy,Tate McRae,7,1,22
2024-03-02,10,Houdini,Dua Lipa,12,8,12
2024-03-02,11,Satisfyer,Roxy Dekker,10,4,14
2024-03-02,12,Praise Jah In The Moonlight,YG Marley,8,8,3
2024-03-02,13,Overdrive,Ofenbach Featuring Norma Jean Martine,9,9,11
2024-03-02,14,"Yes, And?",Ariana Grande,19,2,6
2024-03-02,15,Champions League,FLEMMING & Boef,13,9,11
2024-03-02,16,Murder On The Dancefloor,Sophie Ellis-Bextor,11,6,6
2024-03-02,17,When We Were Young (The Logical Song),David Guetta & Kim Petras,15,11,8
2024-03-02,18,Thank You (Not So Bad),Dimitri Vegas & Like Mike x Tiesto x W&W & Dido,16,15,6
2024-03-02,19,Training Season,Dua Lipa,-,19,1
2024-03-02,20,Tonight,Son Mieux,18,14,9
2024-03-02,21,Lost & Found,Broederliefde,-,21,1
2024-03-02,22,Whatever,Kygo With Ava Max,20,20,4
2024-03-02,23,Prada,"casso, RAYE & D-Block Europe",17,1,26
2024-03-02,24,Unwritten,Natasha Bedingfield,21,21,4
2024-03-02,25,Blindelings,Antoon,23,17,5
2024-03-09,1,Texas Hold 'Em,Beyonce,2,1,2
2024-03-09,2,Stick Season,Noah Kahan,1,1,12
2024-03-09,3,Beautiful Things,Benson Boone,3,3,4
2024-03-09,4,Lose Control,Teddy Swims,6,3,23
2024-03-09,5,Tuesday,Jonna Fraser,4,1,4
2024-03-09,6,Alles Op Gevoel,"Flemming, Zoe Tauran & Ronnie Flex",5,2,8
2024-03-09,7,Hier Mag Alles,Donnie & Marco Schuitmaker,7,4,10
2024-03-09,8,Waterdicht,Hannah Mae,8,8,6
2024-03-09,9,Overdrive,Ofenbach Featuring Norma Jean Martine,13,9,12
2024-03-09,10,Houdini,Dua Lipa,10,8,13
2024-03-09,11,Champions League,FLEMMING & Boef,15,9,12
2024-03-09,12,Greedy,Tate McRae,9,1,23
2024-03-09,13,When We Were Young (The Logical Song),David Guetta & Kim Petras,17,11,9
2024-03-09,14,Satisfyer,Roxy Dekker,11,4,15
2024-03-09,15,Thank You (Not So Bad),Dimitri Vegas & Like Mike x Tiesto x W&W & Dido,18,15,7
2024-03-09,16,Praise Jah In The Moonlight,YG Marley,12,8,4
2024-03-09,17,Murder On The Dancefloor,Sophie Ellis-Bextor,16,6,7
2024-03-09,18,Unwritten,Natasha Bedingfield,24,18,5
2024-03-09,19,Tonight,Son Mieux,20,14,10
2024-03-09,20,Whatever,Kygo With Ava Max,22,20,5
2024-03-09,21,"Yes, And?",Ariana Grande,14,2,7
2024-03-09,22,Carnival,¥$: Ye & Ty Dolla $ign Featuring Rich The Kid & Playboi Carti,-,22,1
2024-03-09,23,Prada,"casso, RAYE & D-Block Europe",23,1,27
2024-03-09,24,Training Season,Dua Lipa,19,19,2
2024-03-09,25,Stukje Van Mij,MEAU,-,25,1
2024-03-16,1,Europapa,Joost,-,1,1
2024-03-16,2,Texas Hold 'Em,Beyonce,1,1,3
2024-03-16,3,Beautiful Things,Benson Boone,3,3,5
2024-03-16,4,Stick Season,Noah Kahan,2,1,13
2024-03-16,5,Alles Op Gevoel,"Flemming, Zoe Tauran & Ronnie Flex",6,2,9
2024-03-16,6,Lose Control,Teddy Swims,4,3,24
2024-03-16,7,Europapa - Outro,Joost,-,7,1
2024-03-16,8,Tuesday,Jonna Fraser,5,1,5
2024-03-16,9,Waterdicht,Hannah Mae,8,8,7
2024-03-16,10,Hier Mag Alles,Donnie & Marco Schuitmaker,7,4,11
2024-03-16,11,Greedy,Tate McRae,12,1,24
2024-03-16,12,Overdrive,Ofenbach Featuring Norma Jean Martine,9,9,13
2024-03-16,13,Satisfyer,Roxy Dekker,14,4,16
2024-03-16,14,Stukje Van Mij,MEAU,25,14,2
2024-03-16,15,Thank You (Not So Bad),Dimitri Vegas & Like Mike x Tiesto x W&W & Dido,15,15,8
2024-03-16,16,Houdini,Dua Lipa,10,8,14
2024-03-16,17,Champions League,FLEMMING & Boef,11,9,13
2024-03-16,18,Carnival,¥$: Ye & Ty Dolla $ign Featuring Rich The Kid & Playboi Carti,22,18,2
2024-03-16,19,Prada,"casso, RAYE & D-Block Europe",23,1,28
2024-03-16,20,End Of Beginning,Djo,-,20,1
2024-03-16,21,When We Were Young (The Logical Song),David Guetta & Kim Petras,13,11,10
2024-03-16,22,Tonight,Son Mieux,19,14,11
2024-03-16,23,Friesenjung,"Ski Aggu, Joost & Otto Waalkes",-,23,1
2024-03-16,24,Whatever,Kygo With Ava Max,20,20,6
2024-03-16,25,Unwritten,Natasha Bedingfield,18,18,6
2024-03-23,1,Europapa,Joost,1,1,2
2024-03-23,2,Beautiful Things,Benson Boone,3,2,6
2024-03-23,3,Texas Hold 'Em,Beyonce,2,1,4
2024-03-23,4,Stick Season,Noah Kahan,4,1,14
2024-03-23,5,Alles Op Gevoel,"Flemming, Zoe Tauran & Ronnie Flex",5,2,10
2024-03-23,6,Lose Control,Teddy Swims,6,3,25
2024-03-23,7,Hier Mag Alles,Donnie & Marco Schuitmaker,10,4,12
2024-03-23,8,Waterdicht,Hannah Mae,9,8,8
2024-03-23,9,Stukje Van Mij,MEAU,14,9,3
2024-03-23,10,Satisfyer,Roxy Dekker,13,4,17
2024-03-23,11,We Can't Be Friends (Wait For Your Love),Ariana Grande,-,11,1
2024-03-23,12,Tuesday,Jonna Fraser,8,1,6
2024-03-23,13,Greedy,Tate McRae,11,1,25
2024-03-23,14,End Of Beginning,Djo,20,14,2
2024-03-23,15,Overdrive,Ofenbach Featuring Norma Jean Martine,12,9,14
2024-03-23,16,Thank You (Not So Bad),Dimitri Vegas & Like Mike x Tiesto x W&W & Dido,15,15,9
2024-03-23,17,Houdini,Dua Lipa,16,8,15
2024-03-23,18,"Yes, And?",Ariana Grande,-,2,8
2024-03-23,19,Stumblin' In,CYRIL,-,19,1
2024-03-23,20,Whatever,Kygo With Ava Max,24,20,7
2024-03-23,21,When We Were Young (The Logical Song),David Guetta & Kim Petras,21,11,11
2024-03-23,22,Prada,"casso, RAYE & D-Block Europe",19,1,29
2024-03-23,23,Tonight,Son Mieux,22,14,12
2024-03-23,24,Carnival,¥$: Ye & Ty Dolla $ign Featuring Rich The Kid & Playboi Carti,18,18,3
2024-03-23,25,Training Season,Dua Lipa,-,19,3
2024-03-30,1,Europapa,Joost,1,1,3
2024-03-30,2,Pretty Girls,Frenna,-,2,1
2024-03-30,3,Entourage,Bankzitters,-,3,1
2024-03-30,4,Beautiful Things,Benson Boone,2,2,7
2024-03-30,5,Texas Hold 'Em,Beyonce,3,1,5
2024-03-30,6,Stick Season,Noah Kahan,4,1,15
2024-03-30,7,We Can't Be Friends (Wait For Your Love),Ariana Grande,11,7,2
2024-03-30,8,Alles Op Gevoel,"Flemming, Zoe Tauran & Ronnie Flex",5,2,11
2024-03-30,9,Lose Control,Teddy Swims,6,3,26
2024-03-30,10,Stukje Van Mij,MEAU,9,9,4
2024-03-30,11,Waterdicht,Hannah Mae,8,8,9
2024-03-30,12,Satisfyer,Roxy Dekker,10,4,18
2024-03-30,13,Stumblin' In,CYRIL,19,13,2
2024-03-30,14,End Of Beginning,Djo,14,14,3
2024-03-30,15,Hier Mag Alles,Donnie & Marco Schuitmaker,7,4,13
2024-03-30,16,Thank You (Not So Bad),Dimitri Vegas & Like Mike x Tiesto x W&W & Dido,16,15,10
2024-03-30,17,Overdrive,Ofenbach Featuring Norma Jean Martine,15,9,15
2024-03-30,18,Brommers Kieken,Boer Harm,-,18,1
2024-03-30,19,Tuesday,Jonna Fraser,12,1,7
2024-03-30,20,Whatever,Kygo With Ava Max,20,20,8
2024-03-30,21,Houdini,Dua Lipa,17,8,16
2024-03-30,22,Greedy,Tate McRae,13,1,26
2024-03-30,23,When We Were Young (The Logical Song),David Guetta & Kim Petras,21,11,12
2024-03-30,24,Training Season,Dua Lipa,25,19,4
2024-03-30,25,The Door,Teddy Swims,-,25,1
2024-04-06,1,Europapa,Joost,1,1,4
2024-04-06,2,Pretty Girls,Frenna,2,2,2
2024-04-06,3,Beautiful Things,Benson Boone,4,2,8
2024-04-06,4,Texas Hold 'Em,Beyonce,5,1,6
2024-04-06,5,Stick Season,Noah Kahan,6,1,16
2024-04-06,6,Entourage,Bankzitters,3,3,2
2024-04-06,7,Stumblin' In,CYRIL,13,7,3
2024-04-06,8,Lose Control,Teddy Swims,9,3,27
2024-04-06,9,We Can't Be Friends (Wait For Your Love),Ariana Grande,7,7,3
2024-04-06,10,Alles Op Gevoel,"Flemming, Zoe Tauran & Ronnie Flex",8,2,12
2024-04-06,11,End Of Beginning,Djo,14,11,4
2024-04-06,12,Stukje Van Mij,MEAU,10,9,5
2024-04-06,13,Waterdicht,Hannah Mae,11,8,10
2024-04-06,14,Satisfyer,Roxy Dekker,12,4,19
2024-04-06,15,Hier Mag Alles,Donnie & Marco Schuitmaker,15,4,14
2024-04-06,16,Brommers Kieken,Boer Harm,18,16,2
2024-04-06,17,Overdrive,Ofenbach Featuring Norma Jean Martine,17,9,16
2024-04-06,18,Thank You (Not So Bad),Dimitri Vegas & Like Mike x Tiesto x W&W & Dido,16,15,11
2024-04-06,19,Whatever,Kygo With Ava Max,20,19,9
2024-04-06,20,Training Season,Dua Lipa,24,19,5
2024-04-06,21,Tuesday,Jonna Fraser,19,1,8
2024-04-06,22,Houdini,Dua Lipa,21,8,17
2024-04-06,23,Greedy,Tate McRae,22,1,27
2024-04-06,24,The Door,Teddy Swims,25,24,2
2024-04-06,25,Austin,Dasha,-,25,1
2024-04-13,1,Europapa,Joost,1,1,5
2024-04-13,2,Pretty Girls,Frenna,2,2,3
2024-04-13,3,Texas Hold 'Em,Beyonce,4,1,7
2024-04-13,4,Beautiful Things,Benson Boone,3,2,9
2024-04-13,5,Stumblin' In,CYRIL,7,5,4
2024-04-13,6,I Like The Way You Kiss Me,Artemas,-,6,1
2024-04-13,7,Entourage,Bankzitters,6,3,3
2024-04-13,8,Stick Season,Noah Kahan,5,1,17
2024-04-13,9,We Can't Be Friends (Wait For Your Love),Ariana Grande,9,7,4
2024-04-13,10,Alles Op Gevoel,"Flemming, Zoe Tauran & Ronnie Flex",10,2,13
2024-04-13,11,Lose Control,Teddy Swims,8,3,28
2024-04-13,12,Satisfyer,Roxy Dekker,14,4,20
2024-04-13,13,Stukje Van Mij,MEAU,12,9,6
2024-04-13,14,Hier Mag Alles,Donnie & Marco Schuitmaker,15,4,15
2024-04-13,15,End Of Beginning,Djo,11,11,5
2024-04-13,16,Waterdicht,Hannah Mae,13,8,11
2024-04-13,17,Brommers Kieken,Boer Harm,16,16,3
2024-04-13,18,Austin,Dasha,25,18,2
2024-04-13,19,Overdrive,Ofenbach Featuring Norma Jean Martine,17,9,17
2024-04-13,20,Thank You (Not So Bad),Dimitri Vegas & Like Mike x Tiesto x W&W & Dido,18,15,12
2024-04-13,21,Whatever,Kygo With Ava Max,19,19,10
2024-04-13,22,Belong Together,Mark Ambor,-,22,1
2024-04-13,23,It's Not Right (But It's Ok),Mr. Belt & Wezol,-,23,1
2024-04-13,24,Training Season,Dua Lipa,20,19,6
2024-04-13,25,Tuesday,Jonna Fraser,21,1,9
2024-04-20,1,Sugardaddy,Roxy Dekker,-,1,1
2024-04-20,2,Pretty Girls,Frenna,2,2,4
2024-04-20,3,Europapa,Joost,1,1,6
2024-04-20,4,Satisfyer,Roxy Dekker,12,4,21
2024-04-20,5,Texas Hold 'Em,Beyonce,3,1,8
2024-04-20,6,Stumblin' In,CYRIL,5,5,5
2024-04-20,7,Beautiful Things,Benson Boone,4,2,10
2024-04-20,8,I Like The Way You Kiss Me,Artemas,6,6,2
2024-04-20,9,Entourage,Bankzitters,7,3,4
2024-04-20,10,Stick Season,Noah Kahan,8,1,18
2024-04-20,11,Austin,Dasha,18,11,3
2024-04-20,12,Too Sweet,Hozier,-,12,1
2024-04-20,13,Alles Op Gevoel,"Flemming, Zoe Tauran & Ronnie Flex",10,2,14
2024-04-20,14,We Can't Be Friends (Wait For Your Love),Ariana Grande,9,7,5
2024-04-20,15,Belong Together,Mark Ambor,22,15,2
2024-04-20,16,It's Not Right (But It's Ok),Mr. Belt & Wezol,23,16,2
2024-04-20,17,Lose Control,Teddy Swims,11,3,29
2024-04-20,18,Stukje Van Mij,MEAU,13,9,7
2024-04-20,19,Waterdicht,Hannah Mae,16,8,12
2024-04-20,20,Hier Mag Alles,Donnie & Marco Schuitmaker,14,4,16
2024-04-20,21,Prada,"casso, RAYE & D-Block Europe",-,1,30
2024-04-20,22,Whatever,Kygo With Ava Max,21,19,11
2024-04-20,23,End Of Beginning,Djo,15,11,6
2024-04-20,24,Scared To Start,Michael Marcagi,-,24,1
2024-04-20,25,Overdrive,Ofenbach Featuring Norma Jean Martine,19,9,18
2024-04-27,1,Sugardaddy,Roxy Dekker,1,1,2
2024-04-27,2,Pretty Girls,Frenna,2,2,5
2024-04-27,3,Europapa,Joost,3,1,7
2024-04-27,4,I Like The Way You Kiss Me,Artemas,8,4,3
2024-04-27,5,Stumblin' In,CYRIL,6,5,6
2024-04-27,6,Texas Hold 'Em,Beyonce,5,1,9
2024-04-27,7,Beautiful Things,Benson Boone,7,2,11
2024-04-27,8,Too Sweet,Hozier,12,8,2
2024-04-27,9,Satisfyer,Roxy Dekker,4,4,22
2024-04-27,10,Stick Season,Noah Kahan,10,1,19
2024-04-27,11,Austin,Dasha,11,11,4
2024-04-27,12,Belong Together,Mark Ambor,15,12,3
2024-04-27,13,Entourage,Bankzitters,9,3,5
2024-04-27,14,It's Not Right (But It's Ok),Mr. Belt & Wezol,16,14,3
2024-04-27,15,Gata Only,FloyyMenor X Cris Mj,-,15,1
2024-04-27,16,Alles Op Gevoel,"Flemming, Zoe Tauran & Ronnie Flex",13,2,15
2024-04-27,17,We Can't Be Friends (Wait For Your Love),Ariana Grande,14,7,6
2024-04-27,18,Hier Mag Alles,Donnie & Marco Schuitmaker,20,4,17
2024-04-27,19,Stukje Van Mij,MEAU,18,9,8
2024-04-27,20,Waterdicht,Hannah Mae,19,8,13
2024-04-27,21,Lose Control,Teddy Swims,17,3,30
2024-04-27,22,Prada,"casso, RAYE & D-Block Europe",21,1,31
2024-04-27,23,Brommers Kieken,Boer Harm,-,16,4
2024-04-27,24,Whatever,Kygo With Ava Max,22,19,12
2024-04-27,25,Training Season,Dua Lipa,-,19,7
2024-05-04,1,Sugardaddy,Roxy Dekker,1,1,3
2024-05-04,2,Pretty Girls,Frenna,2,2,6
2024-05-04,3,Europapa,Joost,3,1,8
2024-05-04,4,I Like The Way You Kiss Me,Artemas,4,4,4
2024-05-04,5,Stumblin' In,CYRIL,5,5,7
2024-05-04,6,Beautiful Things,Benson Boone,7,2,12
2024-05-04,7,Belong Together,Mark Ambor,12,7,4
2024-05-04,8,Too Sweet,Hozier,8,8,3
2024-05-04,9,Fortnight,Taylor Swift Featuring Post Malone,-,9,1
2024-05-04,10,Texas Hold 'Em,Beyonce,6,1,10
2024-05-04,11,Gata Only,FloyyMenor X Cris Mj,15,11,2
2024-05-04,12,Austin,Dasha,11,11,5
2024-05-04,13,Satisfyer,Roxy Dekker,9,4,23
2024-05-04,14,Pedro,"Jaxomy, Agatino Romero & Raffaella Carra",-,14,1
2024-05-04,15,It's Not Right (But It's Ok),Mr. Belt & Wezol,14,14,4
2024-05-04,16,Stick Season,Noah Kahan,10,1,20
2024-05-04,17,Entourage,Bankzitters,13,3,6
2024-05-04,18,Alles Op Gevoel,"Flemming, Zoe Tauran & Ronnie Flex",16,2,16
2024-05-04,19,We Can't Be Friends (Wait For Your Love),Ariana Grande,17,7,7
2024-05-04,20,Hier Mag Alles,Donnie & Marco Schuitmaker,18,4,18
2024-05-04,21,Espresso,Sabrina Carpenter,-,21,1
2024-05-04,22,Stukje Van Mij,MEAU,19,9,9
2024-05-04,23,Tell Ur Girlfriend,Lay Bankz,-,23,1
2024-05-04,24,Daba Die Daba Daa,Kinderen Voor Kinderen,-,24,1
2024-05-04,25,Lose Control,Teddy Swims,21,3,31
2024-05-11,1,Sugardaddy,Roxy Dekker,1,1,4
2024-05-11,2,Pretty Girls,Frenna,2,2,7
2024-05-11,3,Europapa,Joost,3,1,9
2024-05-11,4,Stumblin' In,CYRIL,5,4,8
2024-05-11,5,Belong Together,Mark Ambor,7,5,5
2024-05-11,6,I Like The Way You Kiss Me,Artemas,4,4,5
2024-05-11,7,Pedro,"Jaxomy, Agatino Romero & Raffaella Carra",14,7,2
2024-05-11,8,Beautiful Things,Benson Boone,6,2,13
2024-05-11,9,It's Not Right (But It's Ok),Mr. Belt & Wezol,15,9,5
2024-05-11,10,Satisfyer,Roxy Dekker,13,4,24
2024-05-11,11,Espresso,Sabrina Carpenter,21,11,2
2024-05-11,12,Too Sweet,Hozier,8,8,4
2024-05-11,13,Austin,Dasha,12,11,6
2024-05-11,14,Gata Only,FloyyMenor X Cris Mj,11,11,3
2024-05-11,15,Texas Hold 'Em,Beyonce,10,1,11
2024-05-11,16,Stick Season,Noah Kahan,16,1,21
2024-05-11,17,Daba Die Daba Daa,Kinderen Voor Kinderen,24,17,2
2024-05-11,18,Hier Mag Alles,Donnie & Marco Schuitmaker,20,4,19
2024-05-11,19,Entourage,Bankzitters,17,3,7
2024-05-11,20,Fortnight,Taylor Swift Featuring Post Malone,9,9,2
2024-05-11,21,Alles Op Gevoel,"Flemming, Zoe Tauran & Ronnie Flex",18,2,17
2024-05-11,22,Ratata,La Fuente,-,22,1
2024-05-11,23,Festival,"Yssi SB X Diquenza, Dopebowy & Henkie T",-,23,1
2024-05-11,24,Prada,"casso, RAYE & D-Block Europe",-,1,32
2024-05-11,25,The Door,Teddy Swims,-,24,3
2024-05-18,1,Sugardaddy,Roxy Dekker,1,1,5
2024-05-18,2,Pretty Girls,Frenna,2,2,8
2024-05-18,3,Europapa,Joost,3,1,10
2024-05-18,4,Belong Together,Mark Ambor,5,4,6
2024-05-18,5,Stumblin' In,CYRIL,4,4,9
2024-05-18,6,Espresso,Sabrina Carpenter,11,6,3
2024-05-18,7,It's Not Right (But It's Ok),Mr. Belt & Wezol,9,7,6
2024-05-18,8,Pedro,"Jaxomy, Agatino Romero & Raffaella Carra",7,7,3
2024-05-18,9,I Like The Way You Kiss Me,Artemas,6,4,6
2024-05-18,10,Beautiful Things,Benson Boone,8,2,14
2024-05-18,11,Satisfyer,Roxy Dekker,10,4,25
2024-05-18,12,Too Sweet,Hozier,12,8,5
2024-05-18,13,Austin,Dasha,13,11,7
2024-05-18,14,Gata Only,FloyyMenor X Cris Mj,14,11,4
2024-05-18,15,Entourage,Bankzitters,19,3,8
2024-05-18,16,Festival,"Yssi SB X Diquenza, Dopebowy & Henkie T",23,16,2
2024-05-18,17,Texas Hold 'Em,Beyonce,15,1,12
2024-05-18,18,Stick Season,Noah Kahan,16,1,22
2024-05-18,19,Ratata,La Fuente,22,19,2
2024-05-18,20,Hier Mag Alles,Donnie & Marco Schuitmaker,18,4,20
2024-05-18,21,Alles Op Gevoel,"Flemming, Zoe Tauran & Ronnie Flex",21,2,18
2024-05-18,22,The Door,Teddy Swims,25,22,4
2024-05-18,23,Not Like Us,Kendrick Lamar,-,23,1
2024-05-18,24,Fortnight,Taylor Swift Featuring Post Malone,20,9,3
2024-05-18,25,Good To Be,Mark Ambor,-,25,1
2024-05-25,1,Europapa,Joost,3,1,11
2024-05-25,2,Sugardaddy,Roxy Dekker,1,1,6
2024-05-25,3,Pretty Girls,Frenna,2,2,9
2024-05-25,4,Belong Together,Mark Ambor,4,4,7
2024-05-25,5,Stumblin' In,CYRIL,5,4,10
2024-05-25,6,Espresso,Sabrina Carpenter,6,6,4
2024-05-25,7,It's Not Right (But It's Ok),Mr. Belt & Wezol,7,7,7
2024-05-25,8,Pedro,"Jaxomy, Agatino Romero & Raffaella Carra",8,7,4
2024-05-25,9,Beautiful Things,Benson Boone,10,2,15
2024-05-25,10,I Like The Way You Kiss Me,Artemas,9,4,7
2024-05-25,11,Austin,Dasha,13,11,8
2024-05-25,12,The Code,Nemo,-,12,1
2024-05-25,13,Too Sweet,Hozier,12,8,6
2024-05-25,14,Million Dollar Baby,Tommy Richman,-,14,1
2024-05-25,15,Satisfyer,Roxy Dekker,11,4,26
2024-05-25,16,Gata Only,FloyyMenor X Cris Mj,14,11,5
2024-05-25,17,I Had Some Help,Post Malone Featuring Morgan Wallen,-,17,1
2024-05-25,18,Festival,"Yssi SB X Diquenza, Dopebowy & Henkie T",16,16,3
2024-05-25,19,Ratata,La Fuente,19,19,3
2024-05-25,20,Stiekem ‘24,Zoe Tauran Featuring Jonna Fraser,-,20,1
2024-05-25,21,Entourage,Bankzitters,15,3,9
2024-05-25,22,Not Like Us,Kendrick Lamar,23,22,2
2024-05-25,23,Texas Hold 'Em,Beyonce,17,1,13
2024-05-25,24,Hier Mag Alles,Donnie & Marco Schuitmaker,20,4,21
2024-05-25,25,GuGu,Mensa,-,25,1
2024-06-01,1,Europapa,Joost,1,1,12
2024-06-01,2,Sugardaddy,Roxy Dekker,2,1,7
2024-06-01,3,Pretty Girls,Frenna,3,2,10
2024-06-01,4,Lunch,Billie Eilish,-,4,1
2024-06-01,5,Belong Together,Mark Ambor,4,4,8
2024-06-01,6,Espresso,Sabrina Carpenter,6,6,5
2024-06-01,7,Stumblin' In,CYRIL,5,4,11
2024-06-01,8,Pedro,"Jaxomy, Agatino Romero & Raffaella Carra",8,7,5
2024-06-01,9,Chihiro,Billie Eilish,-,9,1
2024-06-01,10,It's Not Right (But It's Ok),Mr. Belt & Wezol,7,7,8
2024-06-01,11,Beautiful Things,Benson Boone,9,2,16
2024-06-01,12,I Like The Way You Kiss Me,Artemas,10,4,8
2024-06-01,13,Too Sweet,Hozier,13,8,7
2024-06-01,14,I Had Some Help,Post Malone Featuring Morgan Wallen,17,14,2
2024-06-01,15,Austin,Dasha,11,11,9
2024-06-01,16,Satisfyer,Roxy Dekker,15,4,27
2024-06-01,17,Birds Of A Feather,Billie Eilish,-,17,1
2024-06-01,18,Gata Only,FloyyMenor X Cris Mj,16,11,6
2024-06-01,19,Stiekem ‘24,Zoe Tauran Featuring Jonna Fraser,20,19,2
2024-06-01,20,Ratata,La Fuente,19,19,4
2024-06-01,21,Festival,"Yssi SB X Diquenza, Dopebowy & Henkie T",18,16,4
2024-06-01,22,Million Dollar Baby,Tommy Richman,14,14,2
2024-06-01,23,A Bar Song (Tipsy),Shaboozey,-,23,1
2024-06-01,24,"Zoet, Zout, Zuur",Robert van Hemert,-,24,1
2024-06-01,25,Hier Mag Alles,Donnie & Marco Schuitmaker,24,4,22
2024-06-08,1,Sugardaddy,Roxy Dekker,2,1,8
2024-06-08,2,Pretty Girls,Frenna,3,2,11
2024-06-08,3,Europapa,Joost,1,1,13
2024-06-08,4,Lunch,Billie Eilish,4,4,2
2024-06-08,5,Espresso,Sabrina Carpenter,6,5,6
2024-06-08,6,Belong Together,Mark Ambor,5,4,9
2024-06-08,7,Terug In De Tijd,Yves Berendse,-,7,1
2024-06-08,8,Paparazzi,Frenna,-,8,1
2024-06-08,9,Stumblin' In,CYRIL,7,4,12
2024-06-08,10,Pedro,"Jaxomy, Agatino Romero & Raffaella Carra",8,7,6
2024-06-08,11,It's Not Right (But It's Ok),Mr. Belt & Wezol,10,7,9
2024-06-08,12,I Like The Way You Kiss Me,Artemas,12,4,9
2024-06-08,13,Beautiful Things,Benson Boone,11,2,17
2024-06-08,14,Samen (Niet Alleen),Kleine John & DJ DYLVN,-,14,1
2024-06-08,15,Stargazing,Myles Smith,-,15,1
2024-06-08,16,Too Sweet,Hozier,13,8,8
2024-06-08,17,Austin,Dasha,15,11,10
2024-06-08,18,A Bar Song (Tipsy),Shaboozey,23,18,2
2024-06-08,19,Stiekem ‘24,Zoe Tauran Featuring Jonna Fraser,19,19,3
2024-06-08,20,Satisfyer,Roxy Dekker,16,4,28
2024-06-08,21,"Zoet, Zout, Zuur",Robert van Hemert,24,21,2
2024-06-08,22,I Had Some Help,Post Malone Featuring Morgan Wallen,14,14,3
2024-06-08,23,Chihiro,Billie Eilish,9,9,2
2024-06-08,24,BAND4BAND,Central Cee & Lil Baby,-,24,1
2024-06-08,25,Birds Of A Feather,Billie Eilish,17,17,2
2024-06-15,1,Sugardaddy,Roxy Dekker,1,1,9
2024-06-15,2,Pretty Girls,Frenna,2,2,12
2024-06-15,3,Europapa,Joost,3,1,14
2024-06-15,4,Terug In De Tijd,Yves Berendse,7,4,2
2024-06-15,5,Houdini,Eminem,-,5,1
2024-06-15,6,Espresso,Sabrina Carpenter,5,5,7
2024-06-15,7,Stargazing,Myles Smith,15,7,2
2024-06-15,8,Samen (Niet Alleen),Kleine John & DJ DYLVN,14,8,2
2024-06-15,9,Belong Together,Mark Ambor,6,4,10
2024-06-15,10,Stumblin' In,CYRIL,9,4,13
2024-06-15,11,Pedro,"Jaxomy, Agatino Romero & Raffaella Carra",10,7,7
2024-06-15,12,Paparazzi,Frenna,8,8,2
2024-06-15,13,Lunch,Billie Eilish,4,4,3
2024-06-15,14,BAND4BAND,Central Cee & Lil Baby,24,14,2
2024-06-15,15,Austin,Dasha,17,11,11
2024-06-15,16,Satisfyer,Roxy Dekker,20,4,29
2024-06-15,17,I Like The Way You Kiss Me,Artemas,12,4,10
2024-06-15,18,It's Not Right (But It's Ok),Mr. Belt & Wezol,11,7,10
2024-06-15,19,Stiekem ‘24,Zoe Tauran Featuring Jonna Fraser,19,19,4
2024-06-15,20,Too Sweet,Hozier,16,8,9
2024-06-15,21,Beautiful Things,Benson Boone,13,2,18
2024-06-15,22,I Had Some Help,Post Malone Featuring Morgan Wallen,22,14,4
2024-06-15,23,Birds Of A Feather,Billie Eilish,25,17,3
2024-06-15,24,A Bar Song (Tipsy),Shaboozey,18,18,3
2024-06-15,25,"Zoet, Zout, Zuur",Robert van Hemert,21,21,3
2024-06-22,1,Huisfeestje (Feat. Roxy Dekker,Bankzitters & Roxy Dekker,-,1,1
2024-06-22,2,Sugardaddy,Roxy Dekker,1,1,10
2024-06-22,3,Pretty Girls,Frenna,2,2,13
2024-06-22,4,Luchtballon,Joost,-,4,1
2024-06-22,5,Terug In De Tijd,Yves Berendse,4,4,3
2024-06-22,6,Espresso,Sabrina Carpenter,6,5,8
2024-06-22,7,Stargazing,Myles Smith,7,7,3
2024-06-22,8,Samen (Niet Alleen),Kleine John & DJ DYLVN,8,8,3
2024-06-22,9,Europapa,Joost,3,1,15
2024-06-22,10,Houdini,Eminem,5,5,2
2024-06-22,11,Stumblin' In,CYRIL,10,4,14
2024-06-22,12,Belong Together,Mark Ambor,9,4,11
2024-06-22,13,Ratata,La Fuente,-,13,5
2024-06-22,14,Pedro,"Jaxomy, Agatino Romero & Raffaella Carra",11,7,8
2024-06-22,15,Paparazzi,Frenna,12,8,3
2024-06-22,16,Birds Of A Feather,Billie Eilish,23,16,4
2024-06-22,17,Satisfyer,Roxy Dekker,16,4,30
2024-06-22,18,"Zoet, Zout, Zuur",Robert van Hemert,25,18,4
2024-06-22,19,Lunch,Billie Eilish,13,4,4
2024-06-22,20,Austin,Dasha,15,11,12
2024-06-22,21,A Bar Song (Tipsy),Shaboozey,24,18,4
2024-06-22,22,It's Not Right (But It's Ok),Mr. Belt & Wezol,18,7,11
2024-06-22,23,Please Please Please,Sabrina Carpenter,-,23,1
2024-06-22,24,Stiekem ‘24,Zoe Tauran Featuring Jonna Fraser,19,19,5
2024-06-22,25,I Had Some Help,Post Malone Featuring Morgan Wallen,22,14,5
2024-06-29,1,Huisfeestje (Feat. Roxy Dekker,Bankzitters & Roxy Dekker,1,1,2
2024-06-29,2,Sugardaddy,Roxy Dekker,2,1,11
2024-06-29,3,Terug In De Tijd,Yves Berendse,5,3,4
2024-06-29,4,Espresso,Sabrina Carpenter,6,4,9
2024-06-29,5,Pretty Girls,Frenna,3,2,14
2024-06-29,6,Please Please Please,Sabrina Carpenter,23,6,2
2024-06-29,7,Stargazing,Myles Smith,7,7,4
2024-06-29,8,Luchtballon,Joost,4,4,2
2024-06-29,9,Stumblin' In,CYRIL,11,4,15
2024-06-29,10,Houdini,Eminem,10,5,3
2024-06-29,11,Belong Together,Mark Ambor,12,4,12
2024-06-29,12,Europapa,Joost,9,1,16
2024-06-29,13,Samen (Niet Alleen),Kleine John & DJ DYLVN,8,8,4
2024-06-29,14,Ratata,La Fuente,13,13,6
2024-06-29,15,Birds Of A Feather,Billie Eilish,16,15,5
2024-06-29,16,"Zoet, Zout, Zuur",Robert van Hemert,18,16,5
2024-06-29,17,A Bar Song (Tipsy),Shaboozey,21,17,5
2024-06-29,18,Pedro,"Jaxomy, Agatino Romero & Raffaella Carra",14,7,9
2024-06-29,19,Paparazzi,Frenna,15,8,4
2024-06-29,20,Stiekem ‘24,Zoe Tauran Featuring Jonna Fraser,24,19,6
2024-06-29,21,Austin,Dasha,20,11,13
2024-06-29,22,It's Not Right (But It's Ok),Mr. Belt & Wezol,22,7,12
2024-06-29,23,Beautiful Things,Benson Boone,-,2,19
2024-06-29,24,I Don't Wanna Wait,David Guetta & OneRepublic,-,24,1
2024-06-29,25,I Had Some Help,Post Malone Featuring Morgan Wallen,25,14,6
2024-07-06,1,Huisfeestje (Feat. Roxy Dekker,Bankzitters & Roxy Dekker,1,1,3
2024-07-06,2,Sugardaddy,Roxy Dekker,2,1,12
2024-07-06,3,Terug In De Tijd,Yves Berendse,3,3,5
2024-07-06,4,Espresso,Sabrina Carpenter,4,4,10
2024-07-06,5,Pretty Girls,Frenna,5,2,15
2024-07-06,6,Stargazing,Myles Smith,7,6,5
2024-07-06,7,Stumblin' In,CYRIL,9,4,16
2024-07-06,8,Please Please Please,Sabrina Carpenter,6,6,3
2024-07-06,9,"Zoet, Zout, Zuur",Robert van Hemert,16,9,6
2024-07-06,10,Belong Together,Mark Ambor,11,4,13
2024-07-06,11,A Bar Song (Tipsy),Shaboozey,17,11,6
2024-07-06,12,It's Not Right (But It's Ok),Mr. Belt & Wezol,22,7,13
2024-07-06,13,Luchtballon,Joost,8,4,3
2024-07-06,14,Ratata,La Fuente,14,13,7
2024-07-06,15,Samen (Niet Alleen),Kleine John & DJ DYLVN,13,8,5
2024-07-06,16,Pedro,"Jaxomy, Agatino Romero & Raffaella Carra",18,7,10
2024-07-06,17,Houdini,Eminem,10,5,4
2024-07-06,18,I Don't Wanna Wait,David Guetta & OneRepublic,24,18,2
2024-07-06,19,Birds Of A Feather,Billie Eilish,15,15,6
2024-07-06,20,Austin,Dasha,21,11,14
2024-07-06,21,Europapa,Joost,12,1,17
2024-07-06,22,I Had Some Help,Post Malone Featuring Morgan Wallen,25,14,7
2024-07-06,23,Gata Only,FloyyMenor X Cris Mj,-,11,7
2024-07-06,24,Beautiful Things,Benson Boone,23,2,20
2024-07-06,25,Satisfyer,Roxy Dekker,-,4,31
2024-07-13,1,Huisfeestje (Feat. Roxy Dekker,Bankzitters & Roxy Dekker,1,1,4
2024-07-13,2,Terug In De Tijd,Yves Berendse,3,2,6
2024-07-13,3,Sugardaddy,Roxy Dekker,2,1,13
2024-07-13,4,Espresso,Sabrina Carpenter,4,4,11
2024-07-13,5,Stargazing,Myles Smith,6,5,6
2024-07-13,6,Pretty Girls,Frenna,5,2,16
2024-07-13,7,Stumblin' In,CYRIL,7,4,17
2024-07-13,8,Belong Together,Mark Ambor,10,4,14
2024-07-13,9,A Bar Song (Tipsy),Shaboozey,11,9,7
2024-07-13,10,"Zoet, Zout, Zuur",Robert van Hemert,9,9,7
2024-07-13,11,I Don't Wanna Wait,David Guetta & OneRepublic,18,11,3
2024-07-13,12,Please Please Please,Sabrina Carpenter,8,6,4
2024-07-13,13,Samen (Niet Alleen),Kleine John & DJ DYLVN,15,8,6
2024-07-13,14,Birds Of A Feather,Billie Eilish,19,14,7
2024-07-13,15,Luchtballon,Joost,13,4,4
2024-07-13,16,Pedro,"Jaxomy, Agatino Romero & Raffaella Carra",16,7,11
2024-07-13,17,Ratata,La Fuente,14,13,8
2024-07-13,18,Austin,Dasha,20,11,15
2024-07-13,19,Houdini,Eminem,17,5,5
2024-07-13,20,It's Not Right (But It's Ok),Mr. Belt & Wezol,12,7,14
2024-07-13,21,Move,"Adam Port, Stryv & Camila Cabello Feat. Malachiii",-,21,1
2024-07-13,22,I Had Some Help,Post Malone Featuring Morgan Wallen,22,14,8
2024-07-13,23,Gata Only,FloyyMenor X Cris Mj,23,11,8
2024-07-13,24,Beautiful Things,Benson Boone,24,2,21
2024-07-13,25,Europapa,Joost,21,1,18
2024-07-20,1,Terug In De Tijd,Yves Berendse,2,1,7
2024-07-20,2,Huisfeestje (Feat. Roxy Dekker,Bankzitters & Roxy Dekker,1,1,5
2024-07-20,3,Sugardaddy,Roxy Dekker,3,1,14
2024-07-20,4,Espresso,Sabrina Carpenter,4,4,12
2024-07-20,5,Stargazing,Myles Smith,5,5,7
2024-07-20,6,Stumblin' In,CYRIL,7,4,18
2024-07-20,7,"Zoet, Zout, Zuur",Robert van Hemert,10,7,8
2024-07-20,8,A Bar Song (Tipsy),Shaboozey,9,8,8
2024-07-20,9,Belong Together,Mark Ambor,8,4,15
2024-07-20,10,Pretty Girls,Frenna,6,2,17
2024-07-20,11,Move,"Adam Port, Stryv & Camila Cabello Feat. Malachiii",21,11,2
2024-07-20,12,I Don't Wanna Wait,David Guetta & OneRepublic,11,11,4
2024-07-20,13,Birds Of A Feather,Billie Eilish,14,13,8
2024-07-20,14,Please Please Please,Sabrina Carpenter,12,6,5
2024-07-20,15,Samen (Niet Alleen),Kleine John & DJ DYLVN,13,8,7
2024-07-20,16,Gata Only,FloyyMenor X Cris Mj,23,11,9
2024-07-20,17,Austin,Dasha,18,11,16
2024-07-20,18,Pedro,"Jaxomy, Agatino Romero & Raffaella Carra",16,7,12
2024-07-20,19,Ratata,La Fuente,17,13,9
2024-07-20,20,Beautiful Things,Benson Boone,24,2,22
2024-07-20,21,Houdini,Eminem,19,5,6
2024-07-20,22,Luchtballon,Joost,15,4,5
2024-07-20,23,I Had Some Help,Post Malone Featuring Morgan Wallen,22,14,9
2024-07-20,24,Satisfyer,Roxy Dekker,-,4,32
2024-07-20,25,Europapa,Joost,25,1,19
2024-07-27,1,Gaan We Weg?,Roxy Dekker Featuring Ronnie Flex,-,1,1
2024-07-27,2,Terug In De Tijd,Yves Berendse,1,1,8
2024-07-27,3,Huisfeestje (Feat. Roxy Dekker,Bankzitters & Roxy Dekker,2,1,6
2024-07-27,4,Sugardaddy,Roxy Dekker,3,1,15
2024-07-27,5,Espresso,Sabrina Carpenter,4,4,13
2024-07-27,6,Stargazing,Myles Smith,5,5,8
2024-07-27,7,Move,"Adam Port, Stryv & Camila Cabello Feat. Malachiii",11,7,3
2024-07-27,8,Pretty Girls,Frenna,10,2,18
2024-07-27,9,"Zoet, Zout, Zuur",Robert van Hemert,7,7,9
2024-07-27,10,Belong Together,Mark Ambor,9,4,16
2024-07-27,11,Stumblin' In,CYRIL,6,4,19
2024-07-27,12,A Bar Song (Tipsy),Shaboozey,8,8,9
2024-07-27,13,Houdini,Eminem,21,5,7
2024-07-27,14,I Don't Wanna Wait,David Guetta & OneRepublic,12,11,5
2024-07-27,15,Samen (Niet Alleen),Kleine John & DJ DYLVN,15,8,8
2024-07-27,16,Austin,Dasha,17,11,17
2024-07-27,17,Birds Of A Feather,Billie Eilish,13,13,9
2024-07-27,18,Please Please Please,Sabrina Carpenter,14,6,6
2024-07-27,19,Gata Only,FloyyMenor X Cris Mj,16,11,10
2024-07-27,20,Pedro,"Jaxomy, Agatino Romero & Raffaella Carra",18,7,13
2024-07-27,21,I Had Some Help,Post Malone Featuring Morgan Wallen,23,14,10
2024-07-27,22,Satisfyer,Roxy Dekker,24,4,33
2024-07-27,23,Beautiful Things,Benson Boone,20,2,23
2024-07-27,24,Ratata,La Fuente,19,13,10
2024-07-27,25,Vannacht Slaap Jij Bij Mij,"Afro Bros, John West, Monq & Billy Dans",-,25,1
2024-08-03,1,Gaan We Weg?,Roxy Dekker Featuring Ronnie Flex,1,1,2
2024-08-03,2,Terug In De Tijd,Yves Berendse,2,1,9
2024-08-03,3,Huisfeestje (Feat. Roxy Dekker,Bankzitters & Roxy Dekker,3,1,7
2024-08-03,4,Sugardaddy,Roxy Dekker,4,1,16
2024-08-03,5,Move,"Adam Port, Stryv & Camila Cabello Feat. Malachiii",7,5,4
2024-08-03,6,Espresso,Sabrina Carpenter,5,4,14
2024-08-03,7,Pretty Girls,Frenna,8,2,19
2024-08-03,8,"Zoet, Zout, Zuur",Robert van Hemert,9,7,10
2024-08-03,9,Stargazing,Myles Smith,6,5,9
2024-08-03,10,Belong Together,Mark Ambor,10,4,17
2024-08-03,11,Stumblin' In,CYRIL,11,4,20
2024-08-03,12,A Bar Song (Tipsy),Shaboozey,12,8,10
2024-08-03,13,Samen (Niet Alleen),Kleine John & DJ DYLVN,15,8,9
2024-08-03,14,I Don't Wanna Wait,David Guetta & OneRepublic,14,11,6
2024-08-03,15,Austin,Dasha,16,11,18
2024-08-03,16,Girls Wanna Have Fun,Frenna,-,16,1
2024-08-03,17,Gata Only,FloyyMenor X Cris Mj,19,11,11
2024-08-03,18,Houdini,Eminem,13,5,8
2024-08-03,19,Birds Of A Feather,Billie Eilish,17,13,10
2024-08-03,20,I Had Some Help,Post Malone Featuring Morgan Wallen,21,14,11
2024-08-03,21,Please Please Please,Sabrina Carpenter,18,6,7
2024-08-03,22,Vannacht Slaap Jij Bij Mij,"Afro Bros, John West, Monq & Billy Dans",25,22,2
2024-08-03,23,Beautiful Things,Benson Boone,23,2,24
2024-08-03,24,Paparazzi,Frenna,-,8,5
2024-08-03,25,Pedro,"Jaxomy, Agatino Romero & Raffaella Carra",20,7,14
2024-08-10,1,Gaan We Weg?,Roxy Dekker Featuring Ronnie Flex,1,1,3
2024-08-10,2,Terug In De Tijd,Yves Berendse,2,1,10
2024-08-10,3,Move,"Adam Port, Stryv & Camila Cabello Feat. Malachiii",5,3,5
2024-08-10,4,Huisfeestje (Feat. Roxy Dekker,Bankzitters & Roxy Dekker,3,1,8
2024-08-10,5,"Zoet, Zout, Zuur",Robert van Hemert,8,5,11
2024-08-10,6,Stargazing,Myles Smith,9,5,10
2024-08-10,7,Sugardaddy,Roxy Dekker,4,1,17
2024-08-10,8,Espresso,Sabrina Carpenter,6,4,15
2024-08-10,9,Belong Together,Mark Ambor,10,4,18
2024-08-10,10,Stumblin' In,CYRIL,11,4,21
2024-08-10,11,A Bar Song (Tipsy),Shaboozey,12,8,11
2024-08-10,12,Pretty Girls,Frenna,7,2,20
2024-08-10,13,I Don't Wanna Wait,David Guetta & OneRepublic,14,11,7
2024-08-10,14,Samen (Niet Alleen),Kleine John & DJ DYLVN,13,8,10
2024-08-10,15,Birds Of A Feather,Billie Eilish,19,13,11
2024-08-10,16,Austin,Dasha,15,11,19
2024-08-10,17,I Had Some Help,Post Malone Featuring Morgan Wallen,20,14,12
2024-08-10,18,Gata Only,FloyyMenor X Cris Mj,17,11,12
2024-08-10,19,Vannacht Slaap Jij Bij Mij,"Afro Bros, John West, Monq & Billy Dans",22,19,3
2024-08-10,20,Black Friday (Pretty Like The Sun),Lost Frequencies & Tom Odell,-,20,1
2024-08-10,21,Mwaki,ZERB & Sofiya Nzau,-,21,1
2024-08-10,22,Please Please Please,Sabrina Carpenter,21,6,8
2024-08-10,23,Beautiful Things,Benson Boone,23,2,25
2024-08-10,24,Carry You Home,Alex Warren,-,24,1
2024-08-10,25,Houdini,Eminem,18,5,9
2024-08-17,1,Gaan We Weg?,Roxy Dekker Featuring Ronnie Flex,1,1,4
2024-08-17,2,Terug In De Tijd,Yves Berendse,2,1,11
2024-08-17,3,Move,"Adam Port, Stryv & Camila Cabello Feat. Malachiii",3,3,6
2024-08-17,4,Stargazing,Myles Smith,6,4,11
2024-08-17,5,"Zoet, Zout, Zuur",Robert van Hemert,5,5,12
2024-08-17,6,Huisfeestje (Feat. Roxy Dekker,Bankzitters & Roxy Dekker,4,1,9
2024-08-17,7,Espresso,Sabrina Carpenter,8,4,16
2024-08-17,8,Belong Together,Mark Ambor,9,4,19
2024-08-17,9,Sugardaddy,Roxy Dekker,7,1,18
2024-08-17,10,A Bar Song (Tipsy),Shaboozey,11,8,12
2024-08-17,11,Stumblin' In,CYRIL,10,4,22
2024-08-17,12,Pretty Girls,Frenna,12,2,21
2024-08-17,13,I Don't Wanna Wait,David Guetta & OneRepublic,13,11,8
2024-08-17,14,Black Friday (Pretty Like The Sun),Lost Frequencies & Tom Odell,20,14,2
2024-08-17,15,Guess,Charli xcx Featuring Billie Eilish,-,15,1
2024-08-17,16,Birds Of A Feather,Billie Eilish,15,13,12
2024-08-17,17,Vannacht Slaap Jij Bij Mij,"Afro Bros, John West, Monq & Billy Dans",19,17,4
2024-08-17,18,Samen (Niet Alleen),Kleine John & DJ DYLVN,14,8,11
2024-08-17,19,I Had Some Help,Post Malone Featuring Morgan Wallen,17,14,13
2024-08-17,20,Austin,Dasha,16,11,20
2024-08-17,21,Mwaki,ZERB & Sofiya Nzau,21,21,2
2024-08-17,22,Gata Only,FloyyMenor X Cris Mj,18,11,13
2024-08-17,23,Carry You Home,Alex Warren,24,23,2
2024-08-17,24,Please Please Please,Sabrina Carpenter,22,6,9
2024-08-17,25,The Sound Of Silence (CYRIL Remix),Disturbed,-,25,1
2024-08-24,1,Terug In De Tijd,Yves Berendse,2,1,12
2024-08-24,2,Gaan We Weg?,Roxy Dekker Featuring Ronnie Flex,1,1,5
2024-08-24,3,Move,"Adam Port, Stryv & Camila Cabello Feat. Malachiii",3,3,7
2024-08-24,4,"Zoet, Zout, Zuur",Robert van Hemert,5,4,13
2024-08-24,5,Black Friday (Pretty Like The Sun),Lost Frequencies & Tom Odell,14,5,3
2024-08-24,6,Stargazing,Myles Smith,4,4,12
2024-08-24,7,Espresso,Sabrina Carpenter,7,4,17
2024-08-24,8,Belong Together,Mark Ambor,8,4,20
2024-08-24,9,Huisfeestje (Feat. Roxy Dekker,Bankzitters & Roxy Dekker,6,1,10
2024-08-24,10,A Bar Song (Tipsy),Shaboozey,10,8,13
2024-08-24,11,Stumblin' In,CYRIL,11,4,23
2024-08-24,12,Sugardaddy,Roxy Dekker,9,1,19
2024-08-24,13,I Don't Wanna Wait,David Guetta & OneRepublic,13,11,9
2024-08-24,14,Pretty Girls,Frenna,12,2,22
2024-08-24,15,Birds Of A Feather,Billie Eilish,16,13,13
2024-08-24,16,Carry You Home,Alex Warren,23,16,3
2024-08-24,17,Vannacht Slaap Jij Bij Mij,"Afro Bros, John West, Monq & Billy Dans",17,17,5
2024-08-24,18,Austin,Dasha,20,11,21
2024-08-24,19,The Sound Of Silence (CYRIL Remix),Disturbed,25,19,2
2024-08-24,20,I Had Some Help,Post Malone Featuring Morgan Wallen,19,14,14
2024-08-24,21,Mwaki,ZERB & Sofiya Nzau,21,21,3
2024-08-24,22,Samen (Niet Alleen),Kleine John & DJ DYLVN,18,8,12
2024-08-24,23,Contigo,Emma Heesters & Rolf Sanchez,-,23,1
2024-08-24,24,Si Antes Te Hubiera Conocido,Karol G,-,24,1
2024-08-24,25,Please Please Please,Sabrina Carpenter,24,6,10
2024-08-31,1,Terug In De Tijd,Yves Berendse,1,1,13
2024-08-31,2,Gaan We Weg?,Roxy Dekker Featuring Ronnie Flex,2,1,6
2024-08-31,3,Move,"Adam Port, Stryv & Camila Cabello Feat. Malachiii",3,3,8
2024-08-31,4,Black Friday (Pretty Like The Sun),Lost Frequencies & Tom Odell,5,4,4
2024-08-31,5,"Zoet, Zout, Zuur",Robert van Hemert,4,4,14
2024-08-31,6,Stargazing,Myles Smith,6,4,13
2024-08-31,7,Espresso,Sabrina Carpenter,7,4,18
2024-08-31,8,A Bar Song (Tipsy),Shaboozey,10,8,14
2024-08-31,9,Huisfeestje (Feat. Roxy Dekker,Bankzitters & Roxy Dekker,9,1,11
2024-08-31,10,Stumblin' In,CYRIL,11,4,24
2024-08-31,11,Birds Of A Feather,Billie Eilish,15,11,14
2024-08-31,12,Belong Together,Mark Ambor,8,4,21
2024-08-31,13,I Don't Wanna Wait,David Guetta & OneRepublic,13,11,10
2024-08-31,14,Sugardaddy,Roxy Dekker,12,1,20
2024-08-31,15,Carry You Home,Alex Warren,16,15,4
2024-08-31,16,Pretty Girls,Frenna,14,2,23
2024-08-31,17,I Had Some Help,Post Malone Featuring Morgan Wallen,20,14,15
2024-08-31,18,The Sound Of Silence (CYRIL Remix),Disturbed,19,18,3
2024-08-31,19,Die With A Smile,Lady Gaga & Bruno Mars,-,19,1
2024-08-31,20,Austin,Dasha,18,11,22
2024-08-31,21,Si Antes Te Hubiera Conocido,Karol G,24,21,2
2024-08-31,22,Vannacht Slaap Jij Bij Mij,"Afro Bros, John West, Monq & Billy Dans",17,17,6
2024-08-31,23,Please Please Please,Sabrina Carpenter,25,6,11
2024-08-31,24,Contigo,Emma Heesters & Rolf Sanchez,23,23,2
2024-08-31,25,Samen (Niet Alleen),Kleine John & DJ DYLVN,22,8,13
2024-09-07,1,Terug In De Tijd,Yves Berendse,1,1,14
2024-09-07,2,Move,"Adam Port, Stryv & Camila Cabello Feat. Malachiii",3,2,9
2024-09-07,3,Gaan We Weg?,Roxy Dekker Featuring Ronnie Flex,2,1,7
2024-09-07,4,Die With A Smile,Lady Gaga & Bruno Mars,19,4,2
2024-09-07,5,Espresso,Sabrina Carpenter,7,4,19
2024-09-07,6,Black Friday (Pretty Like The Sun),Lost Frequencies & Tom Odell,4,4,5
2024-09-07,7,"Zoet, Zout, Zuur",Robert van Hemert,5,4,15
2024-09-07,8,Stargazing,Myles Smith,6,4,14
2024-09-07,9,Birds Of A Feather,Billie Eilish,11,9,15
2024-09-07,10,Please Please Please,Sabrina Carpenter,23,6,12
2024-09-07,11,A Bar Song (Tipsy),Shaboozey,8,8,15
2024-09-07,12,Carry You Home,Alex Warren,15,12,5
2024-09-07,13,Taste,Sabrina Carpenter,-,13,1
2024-09-07,14,Stumblin' In,CYRIL,10,4,25
2024-09-07,15,Si Antes Te Hubiera Conocido,Karol G,21,15,3
2024-09-07,16,The Sound Of Silence (CYRIL Remix),Disturbed,18,16,4
2024-09-07,17,Sugardaddy,Roxy Dekker,14,1,21
2024-09-07,18,Huisfeestje (Feat. Roxy Dekker,Bankzitters & Roxy Dekker,9,1,12
2024-09-07,19,Pretty Girls,Frenna,16,2,24
2024-09-07,20,Belong Together,Mark Ambor,12,4,22
2024-09-07,21,I Don't Wanna Wait,David Guetta & OneRepublic,13,11,11
2024-09-07,22,Austin,Dasha,20,11,23
2024-09-07,23,I Had Some Help,Post Malone Featuring Morgan Wallen,17,14,16
2024-09-07,24,Vannacht Slaap Jij Bij Mij,"Afro Bros, John West, Monq & Billy Dans",22,17,7
2024-09-07,25,Contigo,Emma Heesters & Rolf Sanchez,24,23,3
2024-09-14,1,Terug In De Tijd,Yves Berendse,1,1,15
2024-09-14,2,Move,"Adam Port, Stryv & Camila Cabello Feat. Malachiii",2,2,10
2024-09-14,3,Die With A Smile,Lady Gaga & Bruno Mars,4,3,3
2024-09-14,4,Gaan We Weg?,Roxy Dekker Featuring Ronnie Flex,3,1,8
2024-09-14,5,Ik Haat Hem Voor Jou,Froukje & S10,-,5,1
2024-09-14,6,Black Friday (Pretty Like The Sun),Lost Frequencies & Tom Odell,6,4,6
2024-09-14,7,Espresso,Sabrina Carpenter,5,4,20
2024-09-14,8,Birds Of A Feather,Billie Eilish,9,8,16
2024-09-14,9,Taste,Sabrina Carpenter,13,9,2
2024-09-14,10,"Zoet, Zout, Zuur",Robert van Hemert,7,4,16
2024-09-14,11,Si Antes Te Hubiera Conocido,Karol G,15,11,4
2024-09-14,12,A Bar Song (Tipsy),Shaboozey,11,8,16
2024-09-14,13,Stargazing,Myles Smith,8,4,15
2024-09-14,14,The Sound Of Silence (CYRIL Remix),Disturbed,16,14,5
2024-09-14,15,Please Please Please,Sabrina Carpenter,10,6,13
2024-09-14,16,Carry You Home,Alex Warren,12,12,6
2024-09-14,17,Stumblin' In,CYRIL,14,4,26
2024-09-14,18,Belong Together,Mark Ambor,20,4,23
2024-09-14,19,Pretty Girls,Frenna,19,2,25
2024-09-14,20,Sugardaddy,Roxy Dekker,17,1,22
2024-09-14,21,I Had Some Help,Post Malone Featuring Morgan Wallen,23,14,17
2024-09-14,22,Geen Hoogmoed,Lijpe,-,22,1
2024-09-14,23,I Adore You,HUGEL X Topic X Arash Featuring Daecolm,-,23,1
2024-09-14,24,Huisfeestje (Feat. Roxy Dekker,Bankzitters & Roxy Dekker,18,1,13
2024-09-14,25,I Don't Wanna Wait,David Guetta & OneRepublic,21,11,12
2024-09-21,1,Ushuaia,Turfy Gang & Russo,-,1,1
2024-09-21,2,Terug In De Tijd,Yves Berendse,1,1,16
2024-09-21,3,Die With A Smile,Lady Gaga & Bruno Mars,3,3,4
2024-09-21,4,Gaan We Weg?,Roxy Dekker Featuring Ronnie Flex,4,1,9
2024-09-21,5,Move,"Adam Port, Stryv & Camila Cabello Feat. Malachiii",2,2,11
2024-09-21,6,Ik Haat Hem Voor Jou,Froukje & S10,5,5,2
2024-09-21,7,Black Friday (Pretty Like The Sun),Lost Frequencies & Tom Odell,6,4,7
2024-09-21,8,Birds Of A Feather,Billie Eilish,8,8,17
2024-09-21,9,Espresso,Sabrina Carpenter,7,4,21
2024-09-21,10,Taste,Sabrina Carpenter,9,9,3
2024-09-21,11,Si Antes Te Hubiera Conocido,Karol G,11,11,5
2024-09-21,12,The Emptiness Machine,Linkin Park,-,12,1
2024-09-21,13,"Zoet, Zout, Zuur",Robert van Hemert,10,4,17
2024-09-21,14,The Sound Of Silence (CYRIL Remix),Disturbed,14,14,6
2024-09-21,15,A Bar Song (Tipsy),Shaboozey,12,8,17
2024-09-21,16,Stargazing,Myles Smith,13,4,16
2024-09-21,17,Carry You Home,Alex Warren,16,12,7
2024-09-21,18,I Adore You,HUGEL X Topic X Arash Featuring Daecolm,23,18,2
2024-09-21,19,Belong Together,Mark Ambor,18,4,24
2024-09-21,20,Sugardaddy,Roxy Dekker,20,1,23
2024-09-21,21,Stumblin' In,CYRIL,17,4,27
2024-09-21,22,Dat Is Het Leven,Luna,-,22,1
2024-09-21,23,I Don't Wanna Wait,David Guetta & OneRepublic,25,11,13
2024-09-21,24,I Had Some Help,Post Malone Featuring Morgan Wallen,21,14,18
2024-09-21,25,Huisfeestje (Feat. Roxy Dekker,Bankzitters & Roxy Dekker,24,1,14
2024-09-28,1,Die With A Smile,Lady Gaga & Bruno Mars,3,1,5
2024-09-28,2,Terug In De Tijd,Yves Berendse,2,1,17
2024-09-28,3,Ushuaia,Turfy Gang & Russo,1,1,2
2024-09-28,4,Gaan We Weg?,Roxy Dekker Featuring Ronnie Flex,4,1,10
2024-09-28,5,Move,"Adam Port, Stryv & Camila Cabello Feat. Malachiii",5,2,12
2024-09-28,6,Ik Haat Hem Voor Jou,Froukje & S10,6,5,3
2024-09-28,7,Black Friday (Pretty Like The Sun),Lost Frequencies & Tom Odell,7,4,8
2024-09-28,8,Birds Of A Feather,Billie Eilish,8,8,18
2024-09-28,9,Taste,Sabrina Carpenter,10,9,4
2024-09-28,10,Si Antes Te Hubiera Conocido,Karol G,11,10,6
2024-09-28,11,Espresso,Sabrina Carpenter,9,4,22
2024-09-28,12,The Sound Of Silence (CYRIL Remix),Disturbed,14,12,7
2024-09-28,13,A Bar Song (Tipsy),Shaboozey,15,8,18
2024-09-28,14,"Zoet, Zout, Zuur",Robert van Hemert,13,4,18
2024-09-28,15,Stargazing,Myles Smith,16,4,17
2024-09-28,16,Carry You Home,Alex Warren,17,12,8
2024-09-28,17,I Adore You,HUGEL X Topic X Arash Featuring Daecolm,18,17,3
2024-09-28,18,Dat Is Het Leven,Luna,22,18,2
2024-09-28,19,The Emptiness Machine,Linkin Park,12,12,2
2024-09-28,20,Ik Wil Dat Je Liegt,Hannah Mae & MAKSIM,-,20,1
2024-09-28,21,Belong Together,Mark Ambor,19,4,25
2024-09-28,22,I Don't Wanna Wait,David Guetta & OneRepublic,23,11,14
2024-09-28,23,Sugardaddy,Roxy Dekker,20,1,24
2024-09-28,24,Lose Control,Teddy Swims,-,3,32
2024-09-28,25,"Good Luck, Babe!",Chappell Roan,-,25,1
2024-10-05,1,Industry Plant,Roxy Dekker,-,1,1
2024-10-05,2,Die With A Smile,Lady Gaga & Bruno Mars,1,1,6
2024-10-05,3,Terug In De Tijd,Yves Berendse,2,1,18
2024-10-05,4,Ushuaia,Turfy Gang & Russo,3,1,3
2024-10-05,5,Gaan We Weg?,Roxy Dekker Featuring Ronnie Flex,4,1,11
2024-10-05,6,Move,"Adam Port, Stryv & Camila Cabello Feat. Malachiii",5,2,13
2024-10-05,7,Ik Haat Hem Voor Jou,Froukje & S10,6,5,4
2024-10-05,8,Black Friday (Pretty Like The Sun),Lost Frequencies & Tom Odell,7,4,9
2024-10-05,9,Chin Chin,"Ronnie Flex Featuring Antoon, Lil Kleine, Kraantje Pappie & ADF Samski",-,9,1
2024-10-05,10,Birds Of A Feather,Billie Eilish,8,8,19
2024-10-05,11,Taste,Sabrina Carpenter,9,9,5
2024-10-05,12,Si Antes Te Hubiera Conocido,Karol G,10,10,7
2024-10-05,13,The Sound Of Silence (CYRIL Remix),Disturbed,12,12,8
2024-10-05,14,Espresso,Sabrina Carpenter,11,4,23
2024-10-05,15,Carry You Home,Alex Warren,16,12,9
2024-10-05,16,A Bar Song (Tipsy),Shaboozey,13,8,19
2024-10-05,17,"Zoet, Zout, Zuur",Robert van Hemert,14,4,19
2024-10-05,18,Dat Is Het Leven,Luna,18,18,3
2024-10-05,19,I Adore You,HUGEL X Topic X Arash Featuring Daecolm,17,17,4
2024-10-05,20,Stargazing,Myles Smith,15,4,18
2024-10-05,21,Ik Wil Dat Je Liegt,Hannah Mae & MAKSIM,20,20,2
2024-10-05,22,The Emptiness Machine,Linkin Park,19,12,3
2024-10-05,23,Embrace It,Ndotz,-,23,1
2024-10-05,24,Lose Control,Teddy Swims,24,3,33
2024-10-05,25,Belong Together,Mark Ambor,21,4,26
2024-10-12,1,Die With A Smile,Lady Gaga & Bruno Mars,2,1,7
2024-10-12,2,Terug In De Tijd,Yves Berendse,3,1,19
2024-10-12,3,Industry Plant,Roxy Dekker,1,1,2
2024-10-12,4,Ushuaia,Turfy Gang & Russo,4,1,4
2024-10-12,5,Ik Haat Hem Voor Jou,Froukje & S10,7,5,5
2024-10-12,6,Gaan We Weg?,Roxy Dekker Featuring Ronnie Flex,5,1,12
2024-10-12,7,Birds Of A Feather,Billie Eilish,10,7,20
2024-10-12,8,Move,"Adam Port, Stryv & Camila Cabello Feat. Malachiii",6,2,14
2024-10-12,9,Black Friday (Pretty Like The Sun),Lost Frequencies & Tom Odell,8,4,10
2024-10-12,10,Taste,Sabrina Carpenter,11,9,6
2024-10-12,11,Dat Is Het Leven,Luna,18,11,4
2024-10-12,12,Si Antes Te Hubiera Conocido,Karol G,12,10,8
2024-10-12,13,The Sound Of Silence (CYRIL Remix),Disturbed,13,12,9
2024-10-12,14,A Bar Song (Tipsy),Shaboozey,16,8,20
2024-10-12,15,Chin Chin,"Ronnie Flex Featuring Antoon, Lil Kleine, Kraantje Pappie & ADF Samski",9,9,2
2024-10-12,16,Stargazing,Myles Smith,20,4,19
2024-10-12,17,Espresso,Sabrina Carpenter,14,4,24
2024-10-12,18,I Adore You,HUGEL X Topic X Arash Featuring Daecolm,19,17,5
2024-10-12,19,"Zoet, Zout, Zuur",Robert van Hemert,17,4,20
2024-10-12,20,Ik Wil Dat Je Liegt,Hannah Mae & MAKSIM,21,20,3
2024-10-12,21,The Emptiness Machine,Linkin Park,22,12,4
2024-10-12,22,NASA,Frenna,-,22,1
2024-10-12,23,Carry You Home,Alex Warren,15,12,10
2024-10-12,24,Timeless,The Weeknd & Playboi Carti,-,24,1
2024-10-12,25,Bad Dreams,Teddy Swims,-,25,1
2024-10-19,1,Vaag (Remix),JFIZ x Ksix x JayKopping x Hekje31 x Dior,-,1,1
2024-10-19,2,Die With A Smile,Lady Gaga & Bruno Mars,1,1,8
2024-10-19,3,Terug In De Tijd,Yves Berendse,2,1,20
2024-10-19,4,Industry Plant,Roxy Dekker,3,1,3
2024-10-19,5,Ushuaia,Turfy Gang & Russo,4,1,5
2024-10-19,6,Birds Of A Feather,Billie Eilish,7,6,21
2024-10-19,7,Move,"Adam Port, Stryv & Camila Cabello Feat. Malachiii",8,2,15
2024-10-19,8,Gaan We Weg?,Roxy Dekker Featuring Ronnie Flex,6,1,13
2024-10-19,9,Taste,Sabrina Carpenter,10,9,7
2024-10-19,10,Ik Haat Hem Voor Jou,Froukje & S10,5,5,6
2024-10-19,11,Dat Is Het Leven,Luna,11,11,5
2024-10-19,12,Black Friday (Pretty Like The Sun),Lost Frequencies & Tom Odell,9,4,11
2024-10-19,13,Modeshow,Mensa & SRNO Featuring Milolaathetlukken,-,13,1
2024-10-19,14,Si Antes Te Hubiera Conocido,Karol G,12,10,9
2024-10-19,15,A Bar Song (Tipsy),Shaboozey,14,8,21
2024-10-19,16,Stargazing,Myles Smith,16,4,20
2024-10-19,17,The Sound Of Silence (CYRIL Remix),Disturbed,13,12,10
2024-10-19,18,I Adore You,HUGEL X Topic X Arash Featuring Daecolm,18,17,6
2024-10-19,19,Ik Wil Dat Je Liegt,Hannah Mae & MAKSIM,20,19,4
2024-10-19,20,Espresso,Sabrina Carpenter,17,4,25
2024-10-19,21,Chin Chin,"Ronnie Flex Featuring Antoon, Lil Kleine, Kraantje Pappie & ADF Samski",15,9,3
2024-10-19,22,"Zoet, Zout, Zuur",Robert van Hemert,19,4,21
2024-10-19,23,Carry You Home,Alex Warren,23,12,11
2024-10-19,24,Alleen Met Jou,Yves Berendse & Emma Heesters,-,24,1
2024-10-19,25,Bad Dreams,Teddy Swims,25,25,2
2024-10-26,1,Vaag (Remix),JFIZ x Ksix x JayKopping x Hekje31 x Dior,1,1,2
2024-10-26,2,Die With A Smile,Lady Gaga & Bruno Mars,2,1,9
2024-10-26,3,Terug In De Tijd,Yves Berendse,3,1,21
2024-10-26,4,Move,"Adam Port, Stryv & Camila Cabello Feat. Malachiii",7,2,16
2024-10-26,5,Industry Plant,Roxy Dekker,4,1,4
2024-10-26,6,Birds Of A Feather,Billie Eilish,6,6,22
2024-10-26,7,Ushuaia,Turfy Gang & Russo,5,1,6
2024-10-26,8,Taste,Sabrina Carpenter,9,8,8
2024-10-26,9,Ik Haat Hem Voor Jou,Froukje & S10,10,5,7
2024-10-26,10,Dat Is Het Leven,Luna,11,10,6
2024-10-26,11,Black Friday (Pretty Like The Sun),Lost Frequencies & Tom Odell,12,4,12
2024-10-26,12,Gaan We Weg?,Roxy Dekker Featuring Ronnie Flex,8,1,14
2024-10-26,13,"I Love You, I'm Sorry",Gracie Abrams,-,13,1
2024-10-26,14,Si Antes Te Hubiera Conocido,Karol G,14,10,10
2024-10-26,15,Modeshow,Mensa & SRNO Featuring Milolaathetlukken,13,13,2
2024-10-26,16,I Adore You,HUGEL X Topic X Arash Featuring Daecolm,18,16,7
2024-10-26,17,A Bar Song (Tipsy),Shaboozey,15,8,22
2024-10-26,18,The Sound Of Silence (CYRIL Remix),Disturbed,17,12,11
2024-10-26,19,Stargazing,Myles Smith,16,4,21
2024-10-26,20,Alleen Met Jou,Yves Berendse & Emma Heesters,24,20,2
2024-10-26,21,Bad Dreams,Teddy Swims,25,21,3
2024-10-26,22,Sailor Song,Gigi Perez,-,22,1
2024-10-26,23,Ik Wil Dat Je Liegt,Hannah Mae & MAKSIM,19,19,5
2024-10-26,24,Espresso,Sabrina Carpenter,20,4,26
2024-10-26,25,Kisses,BL3SS X CamrinWatsin Featuring bbyclose,-,25,1
2024-11-02,1,Vaag (Remix),JFIZ x Ksix x JayKopping x Hekje31 x Dior,1,1,3
2024-11-02,2,Die With A Smile,Lady Gaga & Bruno Mars,2,1,10
2024-11-02,3,Terug In De Tijd,Yves Berendse,3,1,22
2024-11-02,4,Birds Of A Feather,Billie Eilish,6,4,23
2024-11-02,5,Move,"Adam Port, Stryv & Camila Cabello Feat. Malachiii",4,2,17
2024-11-02,6,Taste,Sabrina Carpenter,8,6,9
2024-11-02,7,Ushuaia,Turfy Gang & Russo,7,1,7
2024-11-02,8,Ik Haat Hem Voor Jou,Froukje & S10,9,5,8
2024-11-02,9,Sailor Song,Gigi Perez,22,9,2
2024-11-02,10,Black Friday (Pretty Like The Sun),Lost Frequencies & Tom Odell,11,4,13
2024-11-02,11,Dat Is Het Leven,Luna,10,10,7
2024-11-02,12,"I Love You, I'm Sorry",Gracie Abrams,13,12,2
2024-11-02,13,Industry Plant,Roxy Dekker,5,1,5
2024-11-02,14,Modeshow,Mensa & SRNO Featuring Milolaathetlukken,15,13,3
2024-11-02,15,Bad Dreams,Teddy Swims,21,15,4
2024-11-02,16,Alleen Met Jou,Yves Berendse & Emma Heesters,20,16,3
2024-11-02,17,A Bar Song (Tipsy),Shaboozey,17,8,23
2024-11-02,18,I Adore You,HUGEL X Topic X Arash Featuring Daecolm,16,16,8
2024-11-02,19,The Sound Of Silence (CYRIL Remix),Disturbed,18,12,12
2024-11-02,20,Ik Wil Dat Je Liegt,Hannah Mae & MAKSIM,23,19,6
2024-11-02,21,Si Antes Te Hubiera Conocido,Karol G,14,10,11
2024-11-02,22,Lodewijk,Mensa & SRNO,-,22,1
2024-11-02,23,Gaan We Weg?,Roxy Dekker Featuring Ronnie Flex,12,1,15
2024-11-02,24,Kisses,BL3SS X CamrinWatsin Featuring bbyclose,25,24,2
2024-11-02,25,Stargazing,Myles Smith,19,4,22
2024-11-09,1,Damage,Noano & Ronnie Flex,-,1,1
2024-11-09,2,Die With A Smile,Lady Gaga & Bruno Mars,2,1,11
2024-11-09,3,Vaag (Remix),JFIZ x Ksix x JayKopping x Hekje31 x Dior,1,1,4
2024-11-09,4,Terug In De Tijd,Yves Berendse,3,1,23
2024-11-09,5,Move,"Adam Port, Stryv & Camila Cabello Feat. Malachiii",5,2,18
2024-11-09,6,Birds Of A Feather,Billie Eilish,4,4,24
2024-11-09,7,Sailor Song,Gigi Perez,9,7,3
2024-11-09,8,Taste,Sabrina Carpenter,6,6,10
2024-11-09,9,"I Love You, I'm Sorry",Gracie Abrams,12,9,3
2024-11-09,10,Alleen Met Jou,Yves Berendse & Emma Heesters,16,10,4
2024-11-09,11,Bad Dreams,Teddy Swims,15,11,5
2024-11-09,12,Industry Plant,Roxy Dekker,13,1,6
2024-11-09,13,Black Friday (Pretty Like The Sun),Lost Frequencies & Tom Odell,10,4,14
2024-11-09,14,Bro Code,Bankzitters,-,14,1
2024-11-09,15,A Bar Song (Tipsy),Shaboozey,17,8,24
2024-11-09,16,Ushuaia,Turfy Gang & Russo,7,1,8
2024-11-09,17,Dat Is Het Leven,Luna,11,10,8
2024-11-09,18,Ik Haat Hem Voor Jou,Froukje & S10,8,5,9
2024-11-09,19,I Adore You,HUGEL X Topic X Arash Featuring Daecolm,18,16,9
2024-11-09,20,The Sound Of Silence (CYRIL Remix),Disturbed,19,12,13
2024-11-09,21,Kisses,BL3SS X CamrinWatsin Featuring bbyclose,24,21,3
2024-11-09,22,Ik Wil Dat Je Liegt,Hannah Mae & MAKSIM,20,19,7
2024-11-09,23,Si Antes Te Hubiera Conocido,Karol G,21,10,12
2024-11-09,24,Gaan We Weg?,Roxy Dekker Featuring Ronnie Flex,23,1,16
2024-11-09,25,Modeshow,Mensa & SRNO Featuring Milolaathetlukken,14,13,4
2024-11-16,1,Damage,Noano & Ronnie Flex,1,1,2
2024-11-16,2,Die With A Smile,Lady Gaga & Bruno Mars,2,1,12
2024-11-16,3,Vaag (Remix),JFIZ x Ksix x JayKopping x Hekje31 x Dior,3,1,5
2024-11-16,4,Terug In De Tijd,Yves Berendse,4,1,24
2024-11-16,5,That's So True,Gracie Abrams,-,5,1
2024-11-16,6,Birds Of A Feather,Billie Eilish,6,4,25
2024-11-16,7,Sailor Song,Gigi Perez,7,7,4
2024-11-16,8,Move,"Adam Port, Stryv & Camila Cabello Feat. Malachiii",5,2,19
2024-11-16,9,Bad Dreams,Teddy Swims,11,9,6
2024-11-16,10,Alleen Met Jou,Yves Berendse & Emma Heesters,10,10,5
2024-11-16,11,Taste,Sabrina Carpenter,8,6,11
2024-11-16,12,"I Love You, I'm Sorry",Gracie Abrams,9,9,4
2024-11-16,13,Black Friday (Pretty Like The Sun),Lost Frequencies & Tom Odell,13,4,15
2024-11-16,14,A Bar Song (Tipsy),Shaboozey,15,8,25
2024-11-16,15,Kisses,BL3SS X CamrinWatsin Featuring bbyclose,21,15,4
2024-11-16,16,I Adore You,HUGEL X Topic X Arash Featuring Daecolm,19,16,10
2024-11-16,17,Dat Is Het Leven,Luna,17,10,9
2024-11-16,18,Carry You Home,Alex Warren,-,12,12
2024-11-16,19,Ik Wil Dat Je Liegt,Hannah Mae & MAKSIM,22,19,8
2024-11-16,20,Industry Plant,Roxy Dekker,12,1,7
2024-11-16,21,Ik Haat Hem Voor Jou,Froukje & S10,18,5,10
2024-11-16,22,Si Antes Te Hubiera Conocido,Karol G,23,10,13
2024-11-16,23,Ushuaia,Turfy Gang & Russo,16,1,9
2024-11-16,24,Gaan We Weg?,Roxy Dekker Featuring Ronnie Flex,24,1,17
2024-11-16,25,Lose Control,Teddy Swims,-,3,34
2024-11-23,1,Damage,Noano & Ronnie Flex,1,1,3
2024-11-23,2,That's So True,Gracie Abrams,5,2,2
2024-11-23,3,Die With A Smile,Lady Gaga & Bruno Mars,2,1,13
2024-11-23,4,Vaag (Remix),JFIZ x Ksix x JayKopping x Hekje31 x Dior,3,1,6
2024-11-23,5,Terug In De Tijd,Yves Berendse,4,1,25
2024-11-23,6,Bad Dreams,Teddy Swims,9,6,7
2024-11-23,7,Sailor Song,Gigi Perez,7,7,5
2024-11-23,8,Birds Of A Feather,Billie Eilish,6,4,26
2024-11-23,9,Alleen Met Jou,Yves Berendse & Emma Heesters,10,9,6
2024-11-23,10,Move,"Adam Port, Stryv & Camila Cabello Feat. Malachiii",8,2,20
2024-11-23,11,"I Love You, I'm Sorry",Gracie Abrams,12,9,5
2024-11-23,12,Taste,Sabrina Carpenter,11,6,12
2024-11-23,13,Black Friday (Pretty Like The Sun),Lost Frequencies & Tom Odell,13,4,16
2024-11-23,14,Kisses,BL3SS X CamrinWatsin Featuring bbyclose,15,14,5
2024-11-23,15,A Bar Song (Tipsy),Shaboozey,14,8,26
2024-11-23,16,Carry You Home,Alex Warren,18,12,13
2024-11-23,17,I Adore You,HUGEL X Topic X Arash Featuring Daecolm,16,16,11
2024-11-23,18,NASA,Frenna,-,18,2
2024-11-23,19,Ik Wil Dat Je Liegt,Hannah Mae & MAKSIM,19,19,9
2024-11-23,20,Lose Control,Teddy Swims,25,3,35
2024-11-23,21,MARADONA,Frenna,-,21,1
2024-11-23,22,Si Antes Te Hubiera Conocido,Karol G,22,10,14
2024-11-23,23,Dat Is Het Leven,Luna,17,10,10
2024-11-23,24,Stargazing,Myles Smith,-,4,23
2024-11-23,25,Wildflower,Billie Eilish,-,25,1
2024-11-30,1,Damage,Noano & Ronnie Flex,1,1,4
2024-11-30,2,That's So True,Gracie Abrams,2,2,3
2024-11-30,3,Die With A Smile,Lady Gaga & Bruno Mars,3,1,14
2024-11-30,4,Bad Dreams,Teddy Swims,6,4,8
2024-11-30,5,Terug In De Tijd,Yves Berendse,5,1,26
2024-11-30,6,Vaag (Remix),JFIZ x Ksix x JayKopping x Hekje31 x Dior,4,1,7
2024-11-30,7,Sailor Song,Gigi Perez,7,7,6
2024-11-30,8,Alleen Met Jou,Yves Berendse & Emma Heesters,9,8,7
2024-11-30,9,Birds Of A Feather,Billie Eilish,8,4,27
2024-11-30,10,Boevenpad,Bankzitters,-,10,1
2024-11-30,11,"I Love You, I'm Sorry",Gracie Abrams,11,9,6
2024-11-30,12,Taste,Sabrina Carpenter,12,6,13
2024-11-30,13,Fluitend Naar Huis,Bankzitters,-,13,1
2024-11-30,14,Move,"Adam Port, Stryv & Camila Cabello Feat. Malachiii",10,2,21
2024-11-30,15,I Adore You,HUGEL X Topic X Arash Featuring Daecolm,17,15,12
2024-11-30,16,Black Friday (Pretty Like The Sun),Lost Frequencies & Tom Odell,13,4,17
2024-11-30,17,Carry You Home,Alex Warren,16,12,14
2024-11-30,18,Tijdmachine,Bankzitters,-,18,1
2024-11-30,19,APT.,ROSE & Bruno Mars,-,19,1
2024-11-30,20,The Emptiness Machine,Linkin Park,-,12,5
2024-11-30,21,A Bar Song (Tipsy),Shaboozey,15,8,27
2024-11-30,22,Kisses,BL3SS X CamrinWatsin Featuring bbyclose,14,14,6
2024-11-30,23,Lose Control,Teddy Swims,20,3,36
2024-11-30,24,Last Christmas,Wham!,-,1,12
2024-11-30,25,All I Want For Christmas Is You,Mariah Carey,-,1,14
2024-12-07,1,That's So True,Gracie Abrams,2,1,4
2024-12-07,2,Damage,Noano & Ronnie Flex,1,1,5
2024-12-07,3,Die With A Smile,Lady Gaga & Bruno Mars,3,1,15
2024-12-07,4,Bad Dreams,Teddy Swims,4,4,9
2024-12-07,5,NASA,Frenna,-,5,3
2024-12-07,6,Terug In De Tijd,Yves Berendse,5,1,27
2024-12-07,7,Sailor Song,Gigi Perez,7,7,7
2024-12-07,8,Vaag (Remix),JFIZ x Ksix x JayKopping x Hekje31 x Dior,6,1,8
2024-12-07,9,Alleen Met Jou,Yves Berendse & Emma Heesters,8,8,8
2024-12-07,10,Birds Of A Feather,Billie Eilish,9,4,28
2024-12-07,11,APT.,ROSE & Bruno Mars,19,11,2
2024-12-07,12,Last Christmas,Wham!,24,1,13
2024-12-07,13,All I Want For Christmas Is You,Mariah Carey,25,1,15
2024-12-07,14,"I Love You, I'm Sorry",Gracie Abrams,11,9,7
2024-12-07,15,Move,"Adam Port, Stryv & Camila Cabello Feat. Malachiii",14,2,22
2024-12-07,16,Taste,Sabrina Carpenter,12,6,14
2024-12-07,17,Carry You Home,Alex Warren,17,12,15
2024-12-07,18,I Adore You,HUGEL X Topic X Arash Featuring Daecolm,15,15,13
2024-12-07,19,TV Off,Kendrick Lamar Featuring Lefty Gunplay,-,19,1
2024-12-07,20,Squabble Up,Kendrick Lamar,-,20,1
2024-12-07,21,Luther,Kendrick Lamar & SZA,-,21,1
2024-12-07,22,Black Friday (Pretty Like The Sun),Lost Frequencies & Tom Odell,16,4,18
2024-12-07,23,A Bar Song (Tipsy),Shaboozey,21,8,28
2024-12-07,24,Kisses,BL3SS X CamrinWatsin Featuring bbyclose,22,14,7
2024-12-07,25,Lose Control,Teddy Swims,23,3,37
2024-12-14,1,That's So True,Gracie Abrams,1,1,5
2024-12-14,2,Die With A Smile,Lady Gaga & Bruno Mars,3,1,16
2024-12-14,3,Damage,Noano & Ronnie Flex,2,1,6
2024-12-14,4,Last Christmas,Wham!,12,1,14
2024-12-14,5,Bad Dreams,Teddy Swims,4,4,10
2024-12-14,6,All I Want For Christmas Is You,Mariah Carey,13,1,16
2024-12-14,7,Terug In De Tijd,Yves Berendse,6,1,28
2024-12-14,8,APT.,ROSE & Bruno Mars,11,8,3
2024-12-14,9,Birds Of A Feather,Billie Eilish,10,4,29
2024-12-14,10,Sailor Song,Gigi Perez,7,7,8
2024-12-14,11,NASA,Frenna,5,5,4
2024-12-14,12,Alleen Met Jou,Yves Berendse & Emma Heesters,9,8,9
2024-12-14,13,Mulala,Gregossan,-,13,1
2024-12-14,14,Vaag (Remix),JFIZ x Ksix x JayKopping x Hekje31 x Dior,8,1,9
2024-12-14,15,Ma Meilleure Ennemie,Stromae & Pomme,-,15,1
2024-12-14,16,Move,"Adam Port, Stryv & Camila Cabello Feat. Malachiii",15,2,23
2024-12-14,17,Carry You Home,Alex Warren,17,12,16
2024-12-14,18,"I Love You, I'm Sorry",Gracie Abrams,14,9,8
2024-12-14,19,I Adore You,HUGEL X Topic X Arash Featuring Daecolm,18,15,14
2024-12-14,20,Black Friday (Pretty Like The Sun),Lost Frequencies & Tom Odell,22,4,19
2024-12-14,21,Taste,Sabrina Carpenter,16,6,15
2024-12-14,22,Snowman,Sia,-,3,8
2024-12-14,23,Santa Tell Me,Ariana Grande,-,4,9
2024-12-14,24,Lose Control,Teddy Swims,25,3,38
2024-12-14,25,Underneath The Tree,Kelly Clarkson,-,6,9
2024-12-21,1,Last Christmas,Wham!,4,1,15
2024-12-21,2,All I Want For Christmas Is You,Mariah Carey,6,1,17
2024-12-21,3,That's So True,Gracie Abrams,1,1,6
2024-12-21,4,Die With A Smile,Lady Gaga & Bruno Mars,2,1,17
2024-12-21,5,Underneath The Tree,Kelly Clarkson,25,5,10
2024-12-21,6,It's The Most Wonderful Time Of The Year,Andy Williams,-,5,9
2024-12-21,7,Snowman,Sia,22,3,9
2024-12-21,8,SOS,Kevin Featuring Idaly,-,8,1
2024-12-21,9,Santa Tell Me,Ariana Grande,23,4,10
2024-12-21,10,Rockin' Around The Christmas Tree,Brenda Lee,-,5,8
2024-12-21,11,Sleigh Ride,The Ronettes,-,9,8
2024-12-21,12,Jingle Bell Rock,Bobby Helms,-,11,8
2024-12-21,13,Driving Home For Christmas,Chris Rea,-,4,9
2024-12-21,14,Merry Christmas Everyone,Shakin' Stevens,-,14,8
2024-12-21,15,It's Beginning To Look A Lot Like Christmas,Michael Buble,-,3,9
2024-12-21,16,Terug In De Tijd,Yves Berendse,7,1,29
2024-12-21,17,APT.,ROSE & Bruno Mars,8,8,4
2024-12-21,18,Damage,Noano & Ronnie Flex,3,1,7
2024-12-21,19,Feliz Navidad,Jose Feliciano,-,7,8
2024-12-21,20,Birds Of A Feather,Billie Eilish,9,4,30
2024-12-21,21,Bad Dreams,Teddy Swims,5,4,11
2024-12-21,22,Sailor Song,Gigi Perez,10,7,9
2024-12-21,23,Let It Snow! Let It Snow! Let It Snow!,Dean Martin,-,15,4
2024-12-21,24,Alleen Met Jou,Yves Berendse & Emma Heesters,12,8,10
2024-12-21,25,Wonderful Christmastime,Paul McCartney,-,12,6
2024-12-28,1,Last Christmas,Wham!,1,1,16
2024-12-28,2,All I Want For Christmas Is You,Mariah Carey,2,1,18
2024-12-28,3,Spijt Is Voor Later,Martin Morero,-,3,1
2024-12-28,4,That's So True,Gracie Abrams,3,1,7
2024-12-28,5,Snowman,Sia,7,3,10
2024-12-28,6,Die With A Smile,Lady Gaga & Bruno Mars,4,1,18
2024-12-28,7,Underneath The Tree,Kelly Clarkson,5,5,11
2024-12-28,8,It's The Most Wonderful Time Of The Year,Andy Williams,6,5,10
2024-12-28,9,Santa Tell Me,Ariana Grande,9,4,11
2024-12-28,10,Driving Home For Christmas,Chris Rea,13,4,10
2024-12-28,11,Jingle Bell Rock,Bobby Helms,12,11,9
2024-12-28,12,Merry Christmas Everyone,Shakin' Stevens,14,12,9
2024-12-28,13,It's Beginning To Look A Lot Like Christmas,Michael Buble,15,3,10
2024-12-28,14,Sleigh Ride,The Ronettes,11,9,9
2024-12-28,15,Rockin' Around The Christmas Tree,Brenda Lee,10,5,9
2024-12-28,16,Feliz Navidad,Jose Feliciano,19,7,9
2024-12-28,17,SOS,Kevin Featuring Idaly,8,8,2
2024-12-28,18,Wonderful Christmastime,Paul McCartney,25,12,7
2024-12-28,19,APT.,ROSE & Bruno Mars,17,8,5
2024-12-28,20,Terug In De Tijd,Yves Berendse,16,1,30
2024-12-28,21,Do They Know It's Christmas?,Band Aid,-,14,6
2024-12-28,22,Let It Snow! Let It Snow! Let It Snow!,Dean Martin,23,15,5
2024-12-28,23,Birds Of A Feather,Billie Eilish,20,4,31
2024-12-28,24,Sailor Song,Gigi Perez,22,7,10
2024-12-28,25,Alleen Met Jou,Yves Berendse & Emma Heesters,24,8,11
2025-01-04,1,Last Christmas,Wham!,1,1,17
2025-01-04,2,All I Want For Christmas Is You,Mariah Carey,2,1,19
2025-01-04,3,It's The Most Wonderful Time Of The Year,Andy Williams,8,3,11
2025-01-04,4,Underneath The Tree,Kelly Clarkson,7,4,12
2025-01-04,5,Driving Home For Christmas,Chris Rea,10,4,11
2025-01-04,6,Sleigh Ride,The Ronettes,14,6,10
2025-01-04,7,Merry Christmas Everyone,Shakin' Stevens,12,7,10
2025-01-04,8,Rockin' Around The Christmas Tree,Brenda Lee,15,5,10
2025-01-04,9,Snowman,Sia,5,3,11
2025-01-04,10,Feliz Navidad,Jose Feliciano,16,7,10
2025-01-04,11,Jingle Bell Rock,Bobby Helms,11,11,10
2025-01-04,12,It's Beginning To Look A Lot Like Christmas,Michael Buble,13,3,11
2025-01-04,13,Santa Tell Me,Ariana Grande,9,4,12
2025-01-04,14,Wonderful Christmastime,Paul McCartney,18,12,8
2025-01-04,15,Let It Snow! Let It Snow! Let It Snow!,Dean Martin,22,15,6
2025-01-04,16,Do They Know It's Christmas?,Band Aid,21,14,7
2025-01-04,17,Thank God It's Christmas,Queen,-,17,1
2025-01-04,18,Holly Jolly Christmas,Michael Buble,-,16,5
2025-01-04,19,Happy Xmas (War Is Over),John & Yoko/The Plastic Ono Band With The Harlem Community Choir,-,18,3
2025-01-04,20,Mistletoe,Justin Bieber,-,19,3
2025-01-04,21,Christmas (Baby Please Come Home),Mariah Carey,-,21,2
2025-01-04,22,Why Couldn't It Be Christmas Everyday?,Bianca Ryan,-,22,1
2025-01-04,23,"Let It Snow, Let It Snow, Let It Snow!",Frank Sinatra With The B. Swanson Quartet / Alex Stordahl,-,19,3
2025-01-04,24,That's So True,Gracie Abrams,4,1,8
2025-01-04,25,Shake Up Christmas,Train,-,22,2
2025-01-11,1,That's So True,Gracie Abrams,24,1,9
2025-01-11,2,Die With A Smile,Lady Gaga & Bruno Mars,-,1,19
2025-01-11,3,Terug In De Tijd,Yves Berendse,-,1,31
2025-01-11,4,Spijt Is Voor Later,Martin Morero,-,3,2
2025-01-11,5,APT.,ROSE & Bruno Mars,-,5,6
2025-01-11,6,Birds Of A Feather,Billie Eilish,-,4,32
2025-01-11,7,"Zoet, Zout, Zuur",Robert van Hemert,-,4,22
2025-01-11,8,Alleen Met Jou,Yves Berendse & Emma Heesters,-,8,12
2025-01-11,9,Bad Dreams,Teddy Swims,-,4,12
2025-01-11,10,Messy,Lola Young,-,10,1
2025-01-11,11,Dirty Cash (Money Talks),PAWSA & The Adventures Of Stevie V,-,11,1
2025-01-11,12,Hier Mag Alles,Donnie & Marco Schuitmaker,-,4,23
2025-01-11,13,Sailor Song,Gigi Perez,-,7,11
2025-01-11,14,SOS,Kevin Featuring Idaly,-,8,3
2025-01-11,15,Damage,Noano & Ronnie Flex,-,1,8
2025-01-11,16,Blikkendag,Sven Versteeg Featuring Likke Pehp,-,16,1
2025-01-11,17,Move,"Adam Port, Stryv & Camila Cabello Feat. Malachiii",-,2,24
2025-01-11,18,Chille Guy,Mensa & SRNO,-,18,1
2025-01-11,19,Lose Control,Teddy Swims,-,3,39
2025-01-11,20,NASA,Frenna,-,5,5
2025-01-11,21,I Adore You,HUGEL X Topic X Arash Featuring Daecolm,-,15,15
2025-01-11,22,Carry You Home,Alex Warren,-,12,17
2025-01-11,23,Taste,Sabrina Carpenter,-,6,16
2025-01-11,24,"I Love You, I'm Sorry",Gracie Abrams,-,9,9
2025-01-11,25,Espresso,Sabrina Carpenter,-,4,27
2025-01-18,1,That's So True,Gracie Abrams,1,1,10
2025-01-18,2,Die With A Smile,Lady Gaga & Bruno Mars,2,1,20
2025-01-18,3,APT.,ROSE & Bruno Mars,5,3,7
2025-01-18,4,Terug In De Tijd,Yves Berendse,3,1,32
2025-01-18,5,Birds Of A Feather,Billie Eilish,6,4,33
2025-01-18,6,Messy,Lola Young,10,6,2
2025-01-18,7,Spijt Is Voor Later,Martin Morero,4,3,3
2025-01-18,8,Bad Dreams,Teddy Swims,9,4,13
2025-01-18,9,Dirty Cash (Money Talks),PAWSA & The Adventures Of Stevie V,11,9,2
2025-01-18,10,Sailor Song,Gigi Perez,13,7,12
2025-01-18,11,Alleen Met Jou,Yves Berendse & Emma Heesters,8,8,13
2025-01-18,12,SOS,Kevin Featuring Idaly,14,8,4
2025-01-18,13,Carry You Home,Alex Warren,22,12,18
2025-01-18,14,Lose Control,Teddy Swims,19,3,40
2025-01-18,15,Damage,Noano & Ronnie Flex,15,1,9
2025-01-18,16,"Zoet, Zout, Zuur",Robert van Hemert,7,4,23
2025-01-18,17,Taste,Sabrina Carpenter,23,6,17
2025-01-18,18,Blikkendag,Sven Versteeg Featuring Likke Pehp,16,16,2
2025-01-18,19,Move,"Adam Port, Stryv & Camila Cabello Feat. Malachiii",17,2,25
2025-01-18,20,I Adore You,HUGEL X Topic X Arash Featuring Daecolm,21,15,16
2025-01-18,21,Burning Down,Alex Warren,-,21,1
2025-01-18,22,"I Love You, I'm Sorry",Gracie Abrams,24,9,10
2025-01-18,23,The Door,Teddy Swims,-,22,5
2025-01-18,24,NASA,Frenna,20,5,6
2025-01-18,25,Black Friday (Pretty Like The Sun),Lost Frequencies & Tom Odell,-,4,20
2025-01-25,1,That's So True,Gracie Abrams,1,1,11
2025-01-25,2,Die With A Smile,Lady Gaga & Bruno Mars,2,1,21
2025-01-25,3,APT.,ROSE & Bruno Mars,3,3,8
2025-01-25,4,Messy,Lola Young,6,4,3
2025-01-25,5,Terug In De Tijd,Yves Berendse,4,1,33
2025-01-25,6,Birds Of A Feather,Billie Eilish,5,4,34
2025-01-25,7,Bad Dreams,Teddy Swims,8,4,14
2025-01-25,8,Spijt Is Voor Later,Martin Morero,7,3,4
2025-01-25,9,Dirty Cash (Money Talks),PAWSA & The Adventures Of Stevie V,9,9,3
2025-01-25,10,SOS,Kevin Featuring Idaly,12,8,5
2025-01-25,11,Blikkendag,Sven Versteeg Featuring Likke Pehp,18,11,3
2025-01-25,12,Alleen Met Jou,Yves Berendse & Emma Heesters,11,8,14
2025-01-25,13,Sailor Song,Gigi Perez,10,7,13
2025-01-25,14,I Surrender,Joshua Robbie,-,14,1
2025-01-25,15,Carry You Home,Alex Warren,13,12,19
2025-01-25,16,Lose Control,Teddy Swims,14,3,41
2025-01-25,17,NASA,Frenna,24,5,7
2025-01-25,18,Ken Je Dat Gevoel,Suzan & Freek,-,18,1
2025-01-25,19,"Zoet, Zout, Zuur",Robert van Hemert,16,4,24
2025-01-25,20,Damage,Noano & Ronnie Flex,15,1,10
2025-01-25,21,DTMF,Bad Bunny,-,21,1
2025-01-25,22,The Door,Teddy Swims,23,22,6
2025-01-25,23,Black Friday (Pretty Like The Sun),Lost Frequencies & Tom Odell,25,4,21
2025-01-25,24,Burning Down,Alex Warren,21,21,2
2025-01-25,25,Taste,Sabrina Carpenter,17,6,18
2025-02-01,1,Ga Dan!,Roxy Dekker,-,1,1
2025-02-01,2,Die With A Smile,Lady Gaga & Bruno Mars,2,1,22
2025-02-01,3,APT.,ROSE & Bruno Mars,3,3,9
2025-02-01,4,That's So True,Gracie Abrams,1,1,12
2025-02-01,5,Messy,Lola Young,4,4,4
2025-02-01,6,Terug In De Tijd,Yves Berendse,5,1,34
2025-02-01,7,DTMF,Bad Bunny,21,7,2
2025-02-01,8,Blikkendag,Sven Versteeg Featuring Likke Pehp,11,8,4
2025-02-01,9,Birds Of A Feather,Billie Eilish,6,4,35
2025-02-01,10,Bad Dreams,Teddy Swims,7,4,15
2025-02-01,11,Spijt Is Voor Later,Martin Morero,8,3,5
2025-02-01,12,Dirty Cash (Money Talks),PAWSA & The Adventures Of Stevie V,9,9,4
2025-02-01,13,Alleen Met Jou,Yves Berendse & Emma Heesters,12,8,15
2025-02-01,14,SOS,Kevin Featuring Idaly,10,8,6
2025-02-01,15,I Surrender,Joshua Robbie,14,14,2
2025-02-01,16,Sailor Song,Gigi Perez,13,7,14
2025-02-01,17,Ken Je Dat Gevoel,Suzan & Freek,18,17,2
2025-02-01,18,Vandaag Ben Ik Van Jou,Yves Berendse,-,18,1
2025-02-01,19,Carry You Home,Alex Warren,15,12,20
2025-02-01,20,Lose Control,Teddy Swims,16,3,42
2025-02-01,21,NASA,Frenna,17,5,8
2025-02-01,22,"Zoet, Zout, Zuur",Robert van Hemert,19,4,25
2025-02-01,23,Damage,Noano & Ronnie Flex,20,1,11
2025-02-01,24,Nu Meteen (Slide),KM & Idaly,-,24,1
2025-02-01,25,Burning Down,Alex Warren,24,21,3
2025-02-08,1,Ga Dan!,Roxy Dekker,1,1,2
2025-02-08,2,Waka,Noano & Emms,-,2,1
2025-02-08,3,APT.,ROSE & Bruno Mars,3,3,10
2025-02-08,4,Die With A Smile,Lady Gaga & Bruno Mars,2,1,23
2025-02-08,5,Messy,Lola Young,5,4,5
2025-02-08,6,That's So True,Gracie Abrams,4,1,13
2025-02-08,7,Terug In De Tijd,Yves Berendse,6,1,35
2025-02-08,8,Dirty Cash (Money Talks),PAWSA & The Adventures Of Stevie V,12,8,5
2025-02-08,9,DTMF,Bad Bunny,7,7,3
2025-02-08,10,Birds Of A Feather,Billie Eilish,9,4,36
2025-02-08,11,Bad Dreams,Teddy Swims,10,4,16
2025-02-08,12,Blikkendag,Sven Versteeg Featuring Likke Pehp,8,8,5
2025-02-08,13,Spijt Is Voor Later,Martin Morero,11,3,6
2025-02-08,14,Alleen Met Jou,Yves Berendse & Emma Heesters,13,8,16
2025-02-08,15,I Surrender,Joshua Robbie,15,14,3
2025-02-08,16,SOS,Kevin Featuring Idaly,14,8,7
2025-02-08,17,Ken Je Dat Gevoel,Suzan & Freek,17,17,3
2025-02-08,18,Sailor Song,Gigi Perez,16,7,15
2025-02-08,19,Lose Control,Teddy Swims,20,3,43
2025-02-08,20,Damage,Noano & Ronnie Flex,23,1,12
2025-02-08,21,Burning Down,Alex Warren,25,21,4
2025-02-08,22,Carry You Home,Alex Warren,19,12,21
2025-02-08,23,I Adore You,HUGEL X Topic X Arash Featuring Daecolm,-,15,17
2025-02-08,24,Still Into You,CYRIL & maryjo,-,24,1
2025-02-08,25,Sports Car,Tate McRae,-,25,1
2025-02-15,1,Ga Dan!,Roxy Dekker,1,1,3
2025-02-15,2,Waka,Noano & Emms,2,2,2
2025-02-15,3,Die With A Smile,Lady Gaga & Bruno Mars,4,1,24
2025-02-15,4,APT.,ROSE & Bruno Mars,3,3,11
2025-02-15,5,Messy,Lola Young,5,4,6
2025-02-15,6,That's So True,Gracie Abrams,6,1,14
2025-02-15,7,Hotel,Russo & Matthy,-,7,1
2025-02-15,8,Birds Of A Feather,Billie Eilish,10,4,37
2025-02-15,9,Bad Dreams,Teddy Swims,11,4,17
2025-02-15,10,Dirty Cash (Money Talks),PAWSA & The Adventures Of Stevie V,8,8,6
2025-02-15,11,Blikkendag,Sven Versteeg Featuring Likke Pehp,12,8,6
2025-02-15,12,Terug In De Tijd,Yves Berendse,7,1,36
2025-02-15,13,Spijt Is Voor Later,Martin Morero,13,3,7
2025-02-15,14,DTMF,Bad Bunny,9,7,4
2025-02-15,15,Alleen Met Jou,Yves Berendse & Emma Heesters,14,8,17
2025-02-15,16,I Surrender,Joshua Robbie,15,14,4
2025-02-15,17,Burning Down,Alex Warren,21,17,5
2025-02-15,18,Lose Control,Teddy Swims,19,3,44
2025-02-15,19,Still Into You,CYRIL & maryjo,24,19,2
2025-02-15,20,SOS,Kevin Featuring Idaly,16,8,8
2025-02-15,21,Ken Je Dat Gevoel,Suzan & Freek,17,17,4
2025-02-15,22,Carry You Home,Alex Warren,22,12,22
2025-02-15,23,Sailor Song,Gigi Perez,18,7,16
2025-02-15,24,Cry For Me,The Weeknd,-,24,1
2025-02-15,25,I Adore You,HUGEL X Topic X Arash Featuring Daecolm,23,15,18
2025-02-22,1,Beetje Van Mij,Antoon,-,1,1
2025-02-22,2,Ga Dan!,Roxy Dekker,1,1,4
2025-02-22,3,Waka,Noano & Emms,2,2,3
2025-02-22,4,Die With A Smile,Lady Gaga & Bruno Mars,3,1,25
2025-02-22,5,APT.,ROSE & Bruno Mars,4,3,12
2025-02-22,6,Messy,Lola Young,5,4,7
2025-02-22,7,That's So True,Gracie Abrams,6,1,15
2025-02-22,8,Birds Of A Feather,Billie Eilish,8,4,38
2025-02-22,9,Ordinary,Alex Warren,-,9,1
2025-02-22,10,Not Like Us,Kendrick Lamar,-,10,3
2025-02-22,11,Blikkendag,Sven Versteeg Featuring Likke Pehp,11,8,7
2025-02-22,12,Bad Dreams,Teddy Swims,9,4,18
2025-02-22,13,Abracadabra,Lady Gaga,-,13,1
2025-02-22,14,Dirty Cash (Money Talks),PAWSA & The Adventures Of Stevie V,10,8,7
2025-02-22,15,Terug In De Tijd,Yves Berendse,12,1,37
2025-02-22,16,Hotel,Russo & Matthy,7,7,2
2025-02-22,17,Spijt Is Voor Later,Martin Morero,13,3,8
2025-02-22,18,Alleen Met Jou,Yves Berendse & Emma Heesters,15,8,18
2025-02-22,19,Burning Down,Alex Warren,17,17,6
2025-02-22,20,Lose Control,Teddy Swims,18,3,45
2025-02-22,21,Beautiful Things,Benson Boone,-,2,26
2025-02-22,22,I Surrender,Joshua Robbie,16,14,5
2025-02-22,23,Still Into You,CYRIL & maryjo,19,19,3
2025-02-22,24,DTMF,Bad Bunny,14,7,5
2025-02-22,25,Ken Je Dat Gevoel,Suzan & Freek,21,17,5
2025-03-01,1,Beetje Van Mij,Antoon,1,1,2
2025-03-01,2,Ga Dan!,Roxy Dekker,2,1,5
2025-03-01,3,Die With A Smile,Lady Gaga & Bruno Mars,4,1,26
2025-03-01,4,APT.,ROSE & Bruno Mars,5,3,13
2025-03-01,5,Messy,Lola Young,6,4,8
2025-03-01,6,Waka,Noano & Emms,3,2,4
2025-03-01,7,That's So True,Gracie Abrams,7,1,16
2025-03-01,8,Not Like Us,Kendrick Lamar,10,8,4
2025-03-01,9,Ordinary,Alex Warren,9,9,2
2025-03-01,10,Birds Of A Feather,Billie Eilish,8,4,39
2025-03-01,11,All The Stars,Kendrick Lamar & SZA,-,11,1
2025-03-01,12,Bad Dreams,Teddy Swims,12,4,19
2025-03-01,13,Terug In De Tijd,Yves Berendse,15,1,38
2025-03-01,14,Dirty Cash (Money Talks),PAWSA & The Adventures Of Stevie V,14,8,8
2025-03-01,15,Burning Down,Alex Warren,19,15,7
2025-03-01,16,Blikkendag,Sven Versteeg Featuring Likke Pehp,11,8,8
2025-03-01,17,Luther,Kendrick Lamar & SZA,-,17,2
2025-03-01,18,Alleen Met Jou,Yves Berendse & Emma Heesters,18,8,19
2025-03-01,19,Abracadabra,Lady Gaga,13,13,2
2025-03-01,20,Still Into You,CYRIL & maryjo,23,19,4
2025-03-01,21,Lose Control,Teddy Swims,20,3,46
2025-03-01,22,TV Off,Kendrick Lamar Featuring Lefty Gunplay,-,19,2
2025-03-01,23,Spijt Is Voor Later,Martin Morero,17,3,9
2025-03-01,24,Voorzichtig,Zoe Tauran Featuring Idaly,-,24,1
2025-03-01,25,Beautiful Things,Benson Boone,21,2,27
2025-03-08,1,Beetje Van Mij,Antoon,1,1,3
2025-03-08,2,Ga Dan!,Roxy Dekker,2,1,6
2025-03-08,3,Die With A Smile,Lady Gaga & Bruno Mars,3,1,27
2025-03-08,4,APT.,ROSE & Bruno Mars,4,3,14
2025-03-08,5,Waka,Noano & Emms,6,2,5
2025-03-08,6,Messy,Lola Young,5,4,9
2025-03-08,7,Ordinary,Alex Warren,9,7,3
2025-03-08,8,That's So True,Gracie Abrams,7,1,17
2025-03-08,9,Bad Dreams,Teddy Swims,12,4,20
2025-03-08,10,Terug In De Tijd,Yves Berendse,13,1,39
2025-03-08,11,Birds Of A Feather,Billie Eilish,10,4,40
2025-03-08,12,Blikkendag,Sven Versteeg Featuring Likke Pehp,16,8,9
2025-03-08,13,Not Like Us,Kendrick Lamar,8,8,5
2025-03-08,14,100%,FLEMMING & Mart Hoogkamer,-,14,1
2025-03-08,15,Dirty Cash (Money Talks),PAWSA & The Adventures Of Stevie V,14,8,9
2025-03-08,16,Alleen Met Jou,Yves Berendse & Emma Heesters,18,8,20
2025-03-08,17,Burning Down,Alex Warren,15,15,8
2025-03-08,18,All The Stars,Kendrick Lamar & SZA,11,11,2
2025-03-08,19,Still Into You,CYRIL & maryjo,20,19,5
2025-03-08,20,Wackelkontakt,Oimara,-,20,1
2025-03-08,21,Sports Car,Tate McRae,-,21,2
2025-03-08,22,Abracadabra,Lady Gaga,19,13,3
2025-03-08,23,Lose Control,Teddy Swims,21,3,47
2025-03-08,24,Revolving Door,Tate McRae,-,24,1
2025-03-08,25,Voorzichtig,Zoe Tauran Featuring Idaly,24,24,2
2025-03-15,1,Beetje Van Mij,Antoon,1,1,4
2025-03-15,2,C'est La Vie,Claude,-,2,1
2025-03-15,3,Wackelkontakt,Oimara,20,3,2
2025-03-15,4,Ga Dan!,Roxy Dekker,2,1,7
2025-03-15,5,Die With A Smile,Lady Gaga & Bruno Mars,3,1,28
2025-03-15,6,Ordinary,Alex Warren,7,6,4
2025-03-15,7,APT.,ROSE & Bruno Mars,4,3,15
2025-03-15,8,Messy,Lola Young,6,4,10
2025-03-15,9,Blikkendag,Sven Versteeg Featuring Likke Pehp,12,8,10
2025-03-15,10,That's So True,Gracie Abrams,8,1,18
2025-03-15,11,Waka,Noano & Emms,5,2,6
2025-03-15,12,Terug In De Tijd,Yves Berendse,10,1,40
2025-03-15,13,Bad Dreams,Teddy Swims,9,4,21
2025-03-15,14,100%,FLEMMING & Mart Hoogkamer,14,14,2
2025-03-15,15,Birds Of A Feather,Billie Eilish,11,4,41
2025-03-15,16,Burning Down,Alex Warren,17,15,9
2025-03-15,17,Alleen Met Jou,Yves Berendse & Emma Heesters,16,8,21
2025-03-15,18,Not Like Us,Kendrick Lamar,13,8,6
2025-03-15,19,Dirty Cash (Money Talks),PAWSA & The Adventures Of Stevie V,15,8,10
2025-03-15,20,Liefste,Luna,-,20,1
2025-03-15,21,Still Into You,CYRIL & maryjo,19,19,6
2025-03-15,22,A N X I E T Y,Sleepy Hallow Featuring Doechii,-,22,1
2025-03-15,23,Abracadabra,Lady Gaga,22,13,4
2025-03-15,24,Voorzichtig,Zoe Tauran Featuring Idaly,25,24,3
2025-03-15,25,Lose Control,Teddy Swims,23,3,48
2025-03-22,1,Casual,Roxy Dekker,-,1,1
2025-03-22,2,Jouw Idee,Roxy Dekker,-,2,1
2025-03-22,3,Ga Dan!,Roxy Dekker,4,1,8
2025-03-22,4,1 Nacht (Feat. Koen),Roxy Dekker Featuring Koen,-,4,1
2025-03-22,5,Beetje Van Mij,Antoon,1,1,5
2025-03-22,6,Ordinary,Alex Warren,6,6,5
2025-03-22,7,Proost,Roxy Dekker,-,7,1
2025-03-22,8,Wackelkontakt,Oimara,3,3,3
2025-03-22,9,Guilty Pleasure,Roxy Dekker Featuring Russo,-,9,1
2025-03-22,10,C'est La Vie,Claude,2,2,2
2025-03-22,11,Die With A Smile,Lady Gaga & Bruno Mars,5,1,29
2025-03-22,12,Messy,Lola Young,8,4,11
2025-03-22,13,APT.,ROSE & Bruno Mars,7,3,16
2025-03-22,14,Gaan We Weg?,Roxy Dekker Featuring Ronnie Flex,-,1,18
2025-03-22,15,That's So True,Gracie Abrams,10,1,19
2025-03-22,16,100%,FLEMMING & Mart Hoogkamer,14,14,3
2025-03-22,17,Over Datum,Roxy Dekker,-,17,1
2025-03-22,18,Waka,Noano & Emms,11,2,7
2025-03-22,19,Sugardaddy,Roxy Dekker,-,1,25
2025-03-22,20,Blikkendag,Sven Versteeg Featuring Likke Pehp,9,8,11
2025-03-22,21,Anxiety,Doechii,-,21,1
2025-03-22,22,Terug In De Tijd,Yves Berendse,12,1,41
2025-03-22,23,Bad Dreams,Teddy Swims,13,4,22
2025-03-22,24,Liefste,Luna,20,20,2
2025-03-22,25,Show Me Love,WizTheMc,-,25,1
2025-03-29,1,Ordinary,Alex Warren,6,1,6
2025-03-29,2,Jouw Idee,Roxy Dekker,2,2,2
2025-03-29,3,Casual,Roxy Dekker,1,1,2
2025-03-29,4,Beetje Van Mij,Antoon,5,1,6
2025-03-29,5,Ga Dan!,Roxy Dekker,3,1,9
2025-03-29,6,Wackelkontakt,Oimara,8,3,4
2025-03-29,7,C'est La Vie,Claude,10,2,3
2025-03-29,8,Messy,Lola Young,12,4,12
2025-03-29,9,APT.,ROSE & Bruno Mars,13,3,17
2025-03-29,10,Die With A Smile,Lady Gaga & Bruno Mars,11,1,30
2025-03-29,11,Anxiety,Doechii,21,11,2
2025-03-29,12,Proost,Roxy Dekker,7,7,2
2025-03-29,13,100%,FLEMMING & Mart Hoogkamer,16,13,4
2025-03-29,14,That's So True,Gracie Abrams,15,1,20
2025-03-29,15,1 Nacht (Feat. Koen),Roxy Dekker Featuring Koen,4,4,2
2025-03-29,16,Liefste,Luna,24,16,3
2025-03-29,17,Show Me Love,WizTheMc,25,17,2
2025-03-29,18,Bad Dreams,Teddy Swims,23,4,23
2025-03-29,19,Terug In De Tijd,Yves Berendse,22,1,42
2025-03-29,20,Waka,Noano & Emms,18,2,8
2025-03-29,21,Burning Down,Alex Warren,-,15,10
2025-03-29,22,Blikkendag,Sven Versteeg Featuring Likke Pehp,20,8,12
2025-03-29,23,Guilty Pleasure,Roxy Dekker Featuring Russo,9,9,2
2025-03-29,24,Gaan We Weg?,Roxy Dekker Featuring Ronnie Flex,14,1,19
2025-03-29,25,Dirty Cash (Money Talks),PAWSA & The Adventures Of Stevie V,-,8,11
2025-04-05,1,Echte Liefde Is Te Koop,Samuel Welten,-,1,1
2025-04-05,2,Ordinary,Alex Warren,1,1,7
2025-04-05,3,Jouw Idee,Roxy Dekker,2,2,3
2025-04-05,4,Casual,Roxy Dekker,3,1,3
2025-04-05,5,Beetje Van Mij,Antoon,4,1,7
2025-04-05,6,Ga Dan!,Roxy Dekker,5,1,10
2025-04-05,7,Wackelkontakt,Oimara,6,3,5
2025-04-05,8,Messy,Lola Young,8,4,13
2025-04-05,9,100%,FLEMMING & Mart Hoogkamer,13,9,5
2025-04-05,10,C'est La Vie,Claude,7,2,4
2025-04-05,11,APT.,ROSE & Bruno Mars,9,3,18
2025-04-05,12,Atlas,Pommelien Thijs,-,12,1
2025-04-05,13,Die With A Smile,Lady Gaga & Bruno Mars,10,1,31
2025-04-05,14,Liefste,Luna,16,14,4
2025-04-05,15,That's So True,Gracie Abrams,14,1,21
2025-04-05,16,Anxiety,Doechii,11,11,3
2025-04-05,17,Show Me Love,WizTheMc,17,17,3
2025-04-05,18,Blikkendag,Sven Versteeg Featuring Likke Pehp,22,8,13
2025-04-05,19,Bad Dreams,Teddy Swims,18,4,24
2025-04-05,20,Terug In De Tijd,Yves Berendse,19,1,43
2025-04-05,21,Waka,Noano & Emms,20,2,9
2025-04-05,22,Burning Down,Alex Warren,21,15,11
2025-04-05,23,Proost,Roxy Dekker,12,7,3
2025-04-05,24,Voorzichtig,Zoe Tauran Featuring Idaly,-,24,4
2025-04-05,25,1 Nacht (Feat. Koen),Roxy Dekker Featuring Koen,15,4,3
2025-04-12,1,Echte Liefde Is Te Koop,Samuel Welten,1,1,2
2025-04-12,2,Ordinary,Alex Warren,2,1,8
2025-04-12,3,Jouw Idee,Roxy Dekker,3,2,4
2025-04-12,4,Atlas,Pommelien Thijs,12,4,2
2025-04-12,5,Beetje Van Mij,Antoon,5,1,8
2025-04-12,6,Casual,Roxy Dekker,4,1,4
2025-04-12,7,100%,FLEMMING & Mart Hoogkamer,9,7,6
2025-04-12,8,Messy,Lola Young,8,4,14
2025-04-12,9,Lotje,Jopke van Dobbenburgh Featuring Roeland Beelen,-,9,1
2025-04-12,10,Ga Dan!,Roxy Dekker,6,1,11
2025-04-12,11,Wackelkontakt,Oimara,7,3,6
2025-04-12,12,Liefste,Luna,14,12,5
2025-04-12,13,C'est La Vie,Claude,10,2,5
2025-04-12,14,Die With A Smile,Lady Gaga & Bruno Mars,13,1,32
2025-04-12,15,APT.,ROSE & Bruno Mars,11,3,19
2025-04-12,16,Show Me Love,WizTheMc,17,16,4
2025-04-12,17,That's So True,Gracie Abrams,15,1,22
2025-04-12,18,Blikkendag,Sven Versteeg Featuring Likke Pehp,18,8,14
2025-04-12,19,Anxiety,Doechii,16,11,4
2025-04-12,20,Terug In De Tijd,Yves Berendse,20,1,44
2025-04-12,21,Bad Dreams,Teddy Swims,19,4,25
2025-04-12,22,Burning Down,Alex Warren,22,15,12
2025-04-12,23,Waka,Noano & Emms,21,2,10
2025-04-12,24,Still Into You,CYRIL & maryjo,-,19,7
2025-04-12,25,Abracadabra,Lady Gaga,-,13,5
2025-04-19,1,Echte Liefde Is Te Koop,Samuel Welten,1,1,3
2025-04-19,2,Lotje,Jopke van Dobbenburgh Featuring Roeland Beelen,9,2,2
2025-04-19,3,Ordinary,Alex Warren,2,1,9
2025-04-19,4,Atlas,Pommelien Thijs,4,4,3
2025-04-19,5,Iconisch,Bankzitters,-,5,1
2025-04-19,6,Jouw Idee,Roxy Dekker,3,2,5
2025-04-19,7,Beetje Van Mij,Antoon,5,1,9
2025-04-19,8,Casual,Roxy Dekker,6,1,5
2025-04-19,9,100%,FLEMMING & Mart Hoogkamer,7,7,7
2025-04-19,10,Messy,Lola Young,8,4,15
2025-04-19,11,Show Me Love,WizTheMc,16,11,5
2025-04-19,12,Ga Dan!,Roxy Dekker,10,1,12
2025-04-19,13,Liefste,Luna,12,12,6
2025-04-19,14,C'est La Vie,Claude,13,2,6
2025-04-19,15,APT.,ROSE & Bruno Mars,15,3,20
2025-04-19,16,Die With A Smile,Lady Gaga & Bruno Mars,14,1,33
2025-04-19,17,Wackelkontakt,Oimara,11,3,7
2025-04-19,18,Ik Zing,Zoe Livay Featuring Snelle,-,18,1
2025-04-19,19,Blikkendag,Sven Versteeg Featuring Likke Pehp,18,8,15
2025-04-19,20,That's So True,Gracie Abrams,17,1,23
2025-04-19,21,Terug In De Tijd,Yves Berendse,20,1,45
2025-04-19,22,Bad Dreams,Teddy Swims,21,4,26
2025-04-19,23,Anxiety,Doechii,19,11,5
2025-04-19,24,Say My Name [Remix],Morgan Seatree Featuring Florence + The Machine,-,24,1
2025-04-19,25,I Adore You,HUGEL X Topic X Arash Featuring Daecolm,-,15,19
2025-04-26,1,Lotje,Jopke van Dobbenburgh Featuring Roeland Beelen,2,1,3
2025-04-26,2,Echte Liefde Is Te Koop,Samuel Welten,1,1,4
2025-04-26,3,Ordinary,Alex Warren,3,1,10
2025-04-26,4,Atlas,Pommelien Thijs,4,4,4
2025-04-26,5,Jouw Idee,Roxy Dekker,6,2,6
2025-04-26,6,Beetje Van Mij,Antoon,7,1,10
2025-04-26,7,100%,FLEMMING & Mart Hoogkamer,9,7,8
2025-04-26,8,Messy,Lola Young,10,4,16
2025-04-26,9,Ik Zing,Zoe Livay Featuring Snelle,18,9,2
2025-04-26,10,Wolken,Lil Kleine Featuring KA,-,10,1
2025-04-26,11,Casual,Roxy Dekker,8,1,6
2025-04-26,12,Show Me Love,WizTheMc,11,11,6
2025-04-26,13,C'est La Vie,Claude,14,2,7
2025-04-26,14,Ga Dan!,Roxy Dekker,12,1,13
2025-04-26,15,Die With A Smile,Lady Gaga & Bruno Mars,16,1,34
2025-04-26,16,APT.,ROSE & Bruno Mars,15,3,21
2025-04-26,17,Iconisch,Bankzitters,5,5,2
2025-04-26,18,Azizam,Ed Sheeran,-,18,1
2025-04-26,19,Wackelkontakt,Oimara,17,3,8
2025-04-26,20,Blikkendag,Sven Versteeg Featuring Likke Pehp,19,8,16
2025-04-26,21,Bad Dreams,Teddy Swims,22,4,27
2025-04-26,22,Terug In De Tijd,Yves Berendse,21,1,46
2025-04-26,23,That's So True,Gracie Abrams,20,1,24
2025-04-26,24,Liefste,Luna,13,12,7
2025-04-26,25,Anxiety,Doechii,23,11,6
2025-05-03,1,Lotje,Jopke van Dobbenburgh Featuring Roeland Beelen,1,1,4
2025-05-03,2,Echte Liefde Is Te Koop,Samuel Welten,2,1,5
2025-05-03,3,Ordinary,Alex Warren,3,1,11
2025-05-03,4,Atlas,Pommelien Thijs,4,4,5
2025-05-03,5,Jouw Idee,Roxy Dekker,5,2,7
2025-05-03,6,Beetje Van Mij,Antoon,6,1,11
2025-05-03,7,100%,FLEMMING & Mart Hoogkamer,7,7,9
2025-05-03,8,Ik Zing,Zoe Livay Featuring Snelle,9,8,3
2025-05-03,9,Messy,Lola Young,8,4,17
2025-05-03,10,Show Me Love,WizTheMc,12,10,7
2025-05-03,11,Casual,Roxy Dekker,11,1,7
2025-05-03,12,C'est La Vie,Claude,13,2,8
2025-05-03,13,Azizam,Ed Sheeran,18,13,2
2025-05-03,14,APT.,ROSE & Bruno Mars,16,3,22
2025-05-03,15,Die With A Smile,Lady Gaga & Bruno Mars,15,1,35
2025-05-03,16,Wolken,Lil Kleine Featuring KA,10,10,2
2025-05-03,17,Terug In De Tijd,Yves Berendse,22,1,47
2025-05-03,18,Ga Dan!,Roxy Dekker,14,1,14
2025-05-03,19,Wackelkontakt,Oimara,19,3,9
2025-05-03,20,Bad Dreams,Teddy Swims,21,4,28
2025-05-03,21,Blikkendag,Sven Versteeg Featuring Likke Pehp,20,8,17
2025-05-03,22,Abracadabra,Lady Gaga,-,13,6
2025-05-03,23,Iconisch,Bankzitters,17,5,3
2025-05-03,24,That's So True,Gracie Abrams,23,1,25
2025-05-03,25,Anxiety,Doechii,25,11,7
2025-05-10,1,Lotje,Jopke van Dobbenburgh Featuring Roeland Beelen,1,1,5
2025-05-10,2,Echte Liefde Is Te Koop,Samuel Welten,2,1,6
2025-05-10,3,Ordinary,Alex Warren,3,1,12
2025-05-10,4,Atlas,Pommelien Thijs,4,4,6
2025-05-10,5,Show Me Love,WizTheMc,10,5,8
2025-05-10,6,Ik Zing,Zoe Livay Featuring Snelle,8,6,4
2025-05-10,7,100%,FLEMMING & Mart Hoogkamer,7,7,10
2025-05-10,8,Beetje Van Mij,Antoon,6,1,12
2025-05-10,9,Jouw Idee,Roxy Dekker,5,2,8
2025-05-10,10,Messy,Lola Young,9,4,18
2025-05-10,11,Hart In Brand,Froukje & S10,-,11,1
2025-05-10,12,Casual,Roxy Dekker,11,1,8
2025-05-10,13,Terug In De Tijd,Yves Berendse,17,1,48
2025-05-10,14,Matcha Coco (Ft. Jonna Fraser),Noano & Jonna Fraser,-,14,1
2025-05-10,15,C'est La Vie,Claude,12,2,9
2025-05-10,16,Azizam,Ed Sheeran,13,13,3
2025-05-10,17,Blikkendag,Sven Versteeg Featuring Likke Pehp,21,8,18
2025-05-10,18,APT.,ROSE & Bruno Mars,14,3,23
2025-05-10,19,Ga Dan!,Roxy Dekker,18,1,15
2025-05-10,20,Alles Wordt Beter,Emma Heesters,-,20,1
2025-05-10,21,Die With A Smile,Lady Gaga & Bruno Mars,15,1,36
2025-05-10,22,Iconisch,Bankzitters,23,5,4
2025-05-10,23,Wolken,Lil Kleine Featuring KA,16,10,3
2025-05-10,24,Wackelkontakt,Oimara,19,3,10
2025-05-10,25,Beautiful People,David Guetta & Sia,-,25,1
2025-05-17,1,Lotje,Jopke van Dobbenburgh Featuring Roeland Beelen,1,1,6
2025-05-17,2,Ordinary,Alex Warren,3,1,13
2025-05-17,3,Echte Liefde Is Te Koop,Samuel Welten,2,1,7
2025-05-17,4,Atlas,Pommelien Thijs,4,4,7
2025-05-17,5,Single,Idaly Featuring Milolaathetlukken,-,5,1
2025-05-17,6,Show Me Love,WizTheMc,5,5,9
2025-05-17,7,Ik Zing,Zoe Livay Featuring Snelle,6,6,5
2025-05-17,8,Beetje Van Mij,Antoon,8,1,13
2025-05-17,9,100%,FLEMMING & Mart Hoogkamer,7,7,11
2025-05-17,10,Beneden,"Bizzey, Ronnie Flex & Russo",-,10,1
2025-05-17,11,Jouw Idee,Roxy Dekker,9,2,9
2025-05-17,12,Hart In Brand,Froukje & S10,11,11,2
2025-05-17,13,Messy,Lola Young,10,4,19
2025-05-17,14,8 Minuten,Lijpe,-,14,1
2025-05-17,15,Azizam,Ed Sheeran,16,13,4
2025-05-17,16,C'est La Vie,Claude,15,2,10
2025-05-17,17,Alles Wordt Beter,Emma Heesters,20,17,2
2025-05-17,18,Casual,Roxy Dekker,12,1,9
2025-05-17,19,Terug In De Tijd,Yves Berendse,13,1,49
2025-05-17,20,Matcha Coco (Ft. Jonna Fraser),Noano & Jonna Fraser,14,14,2
2025-05-17,21,Iconisch,Bankzitters,22,5,5
2025-05-17,22,Die With A Smile,Lady Gaga & Bruno Mars,21,1,37
2025-05-17,23,APT.,ROSE & Bruno Mars,18,3,24
2025-05-17,24,Blikkendag,Sven Versteeg Featuring Likke Pehp,17,8,19
2025-05-17,25,Beautiful People,David Guetta & Sia,25,25,2
2025-05-24,1,Lotje,Jopke van Dobbenburgh Featuring Roeland Beelen,1,1,7
2025-05-24,2,Ordinary,Alex Warren,2,1,14
2025-05-24,3,Echte Liefde Is Te Koop,Samuel Welten,3,1,8
2025-05-24,4,Single,Idaly Featuring Milolaathetlukken,5,4,2
2025-05-24,5,Show Me Love,WizTheMc,6,5,10
2025-05-24,6,Atlas,Pommelien Thijs,4,4,8
2025-05-24,7,Hart In Brand,Froukje & S10,12,7,3
2025-05-24,8,Beneden,"Bizzey, Ronnie Flex & Russo",10,8,2
2025-05-24,9,C'est La Vie,Claude,16,2,11
2025-05-24,10,Ik Zing,Zoe Livay Featuring Snelle,7,6,6
2025-05-24,11,Beetje Van Mij,Antoon,8,1,14
2025-05-24,12,100%,FLEMMING & Mart Hoogkamer,9,7,12
2025-05-24,13,Messy,Lola Young,13,4,20
2025-05-24,14,Jouw Idee,Roxy Dekker,11,2,10
2025-05-24,15,Azizam,Ed Sheeran,15,13,5
2025-05-24,16,Matcha Coco (Ft. Jonna Fraser),Noano & Jonna Fraser,20,14,3
2025-05-24,17,Alles Wordt Beter,Emma Heesters,17,17,3
2025-05-24,18,Terug In De Tijd,Yves Berendse,19,1,50
2025-05-24,19,Casual,Roxy Dekker,18,1,10
2025-05-24,20,Beautiful People,David Guetta & Sia,25,20,3
2025-05-24,21,Blikkendag,Sven Versteeg Featuring Likke Pehp,24,8,20
2025-05-24,22,Die With A Smile,Lady Gaga & Bruno Mars,22,1,38
2025-05-24,23,Mona Lisa,Robert van Hemert,-,23,1
2025-05-24,24,Undressed,sombr,-,24,1
2025-05-24,25,Lil Freakje,Kraantje Pappie Featuring ADF Samski,-,25,1
2025-05-31,1,Ordinary,Alex Warren,2,1,15
2025-05-31,2,Lotje,Jopke van Dobbenburgh Featuring Roeland Beelen,1,1,8
2025-05-31,3,C'est La Vie,Claude,9,2,12
2025-05-31,4,Echte Liefde Is Te Koop,Samuel Welten,3,1,9
2025-05-31,5,Atlas,Pommelien Thijs,6,4,9
2025-05-31,6,Show Me Love,WizTheMc,5,5,11
2025-05-31,7,Single,Idaly Featuring Milolaathetlukken,4,4,3
2025-05-31,8,Hart In Brand,Froukje & S10,7,7,4
2025-05-31,9,Beneden,"Bizzey, Ronnie Flex & Russo",8,8,3
2025-05-31,10,Ik Zing,Zoe Livay Featuring Snelle,10,6,7
2025-05-31,11,Espresso Macchiato,Tommy Cash,-,11,1
2025-05-31,12,Azizam,Ed Sheeran,15,12,6
2025-05-31,13,Don Julio Daddy,Jonna Fraser & Lil Kleine,-,13,1
2025-05-31,14,Bara Bada Bastu,KAJ,-,14,1
2025-05-31,15,100%,FLEMMING & Mart Hoogkamer,12,7,13
2025-05-31,16,Beetje Van Mij,Antoon,11,1,15
2025-05-31,17,Matcha Coco (Ft. Jonna Fraser),Noano & Jonna Fraser,16,14,4
2025-05-31,18,Messy,Lola Young,13,4,21
2025-05-31,19,Jouw Idee,Roxy Dekker,14,2,11
2025-05-31,20,Alles Wordt Beter,Emma Heesters,17,17,4
2025-05-31,21,Mona Lisa,Robert van Hemert,23,21,2
2025-05-31,22,Terug In De Tijd,Yves Berendse,18,1,51
2025-05-31,23,Beautiful People,David Guetta & Sia,20,20,4
2025-05-31,24,Baller,Abor & Tynna,-,24,1
2025-05-31,25,Shake It To The Max (Fly),"MOLIY, Silent Addy, Skillibeng & Shenseea",-,25,1
2025-06-07,1,ZaaZaa,Frenna & Shallipopi,-,1,1
2025-06-07,2,Ordinary,Alex Warren,1,1,16
2025-06-07,3,Lotje,Jopke van Dobbenburgh Featuring Roeland Beelen,2,1,9
2025-06-07,4,Echte Liefde Is Te Koop,Samuel Welten,4,1,10
2025-06-07,5,Atlas,Pommelien Thijs,5,4,10
2025-06-07,6,Show Me Love,WizTheMc,6,5,12
2025-06-07,7,C'est La Vie,Claude,3,2,13
2025-06-07,8,Hart In Brand,Froukje & S10,8,7,5
2025-06-07,9,Espresso Macchiato,Tommy Cash,11,9,2
2025-06-07,10,Single,Idaly Featuring Milolaathetlukken,7,4,4
2025-06-07,11,Ik Zing,Zoe Livay Featuring Snelle,10,6,8
2025-06-07,12,Mona Lisa,Robert van Hemert,21,12,3
2025-06-07,13,Don Julio Daddy,Jonna Fraser & Lil Kleine,13,13,2
2025-06-07,14,Beneden,"Bizzey, Ronnie Flex & Russo",9,8,4
2025-06-07,15,Azizam,Ed Sheeran,12,12,7
2025-06-07,16,100%,FLEMMING & Mart Hoogkamer,15,7,14
2025-06-07,17,Messy,Lola Young,18,4,22
2025-06-07,18,Bloodline,Alex Warren With Jelly Roll,-,18,1
2025-06-07,19,Beetje Van Mij,Antoon,16,1,16
2025-06-07,20,Alles Wordt Beter,Emma Heesters,20,17,5
2025-06-07,21,KiLELE,Frenna,-,21,1
2025-06-07,22,Matcha Coco (Ft. Jonna Fraser),Noano & Jonna Fraser,17,14,5
2025-06-07,23,Jouw Idee,Roxy Dekker,19,2,12
2025-06-07,24,Batterij,Suzan & Freek,-,24,1
2025-06-07,25,Beautiful People,David Guetta & Sia,23,20,5
2025-06-14,1,ZaaZaa,Frenna & Shallipopi,1,1,2
2025-06-14,2,Ordinary,Alex Warren,2,1,17
2025-06-14,3,Lotje,Jopke van Dobbenburgh Featuring Roeland Beelen,3,1,10
2025-06-14,4,Echte Liefde Is Te Koop,Samuel Welten,4,1,11
2025-06-14,5,Show Me Love,WizTheMc,6,5,13
2025-06-14,6,Atlas,Pommelien Thijs,5,4,11
2025-06-14,7,Lichtje Branden,Suzan & Freek,-,7,1
2025-06-14,8,Goud,Suzan & Freek,-,8,1
2025-06-14,9,1+1 (Outside),Dior & Cristian D,-,9,1
2025-06-14,10,Ik Zing,Zoe Livay Featuring Snelle,11,6,9
2025-06-14,11,Hart In Brand,Froukje & S10,8,7,6
2025-06-14,12,Azizam,Ed Sheeran,15,12,8
2025-06-14,13,Espresso Macchiato,Tommy Cash,9,9,3
2025-06-14,14,Beneden,"Bizzey, Ronnie Flex & Russo",14,8,5
2025-06-14,15,Mona Lisa,Robert van Hemert,12,12,4
2025-06-14,16,Batterij,Suzan & Freek,24,16,2
2025-06-14,17,C'est La Vie,Claude,7,2,14
2025-06-14,18,100%,FLEMMING & Mart Hoogkamer,16,7,15
2025-06-14,19,Single,Idaly Featuring Milolaathetlukken,10,4,5
2025-06-14,20,Bloodline,Alex Warren With Jelly Roll,18,18,2
2025-06-14,21,Love Me Not,Ravyn Lenae,-,21,1
2025-06-14,22,Messy,Lola Young,17,4,23
2025-06-14,23,Als Het Avond Is,Suzan & Freek,-,23,1
2025-06-14,24,Shake It To The Max (Fly),"MOLIY, Silent Addy, Skillibeng & Shenseea",-,24,2
2025-06-14,25,Don Julio Daddy,Jonna Fraser & Lil Kleine,13,13,3
2025-06-21,1,Lotje,Jopke van Dobbenburgh Featuring Roeland Beelen,3,1,11
2025-06-21,2,ZaaZaa,Frenna & Shallipopi,1,1,3
2025-06-21,3,Ordinary,Alex Warren,2,1,18
2025-06-21,4,Echte Liefde Is Te Koop,Samuel Welten,4,1,12
2025-06-21,5,Show Me Love,WizTheMc,5,5,14
2025-06-21,6,Ik Zing,Zoe Livay Featuring Snelle,10,6,10
2025-06-21,7,Atlas,Pommelien Thijs,6,4,12
2025-06-21,8,1+1 (Outside),Dior & Cristian D,9,8,2
2025-06-21,9,Azizam,Ed Sheeran,12,9,9
2025-06-21,10,Lichtje Branden,Suzan & Freek,7,7,2
2025-06-21,11,Mona Lisa,Robert van Hemert,15,11,5
2025-06-21,12,Hart In Brand,Froukje & S10,11,7,7
2025-06-21,13,Love Me Not,Ravyn Lenae,21,13,2
2025-06-21,14,Espresso Macchiato,Tommy Cash,13,9,4
2025-06-21,15,100%,FLEMMING & Mart Hoogkamer,18,7,16
2025-06-21,16,Messy,Lola Young,22,4,24
2025-06-21,17,Beneden,"Bizzey, Ronnie Flex & Russo",14,8,6
2025-06-21,18,Met Of Zonder Jou,Tino Martin,-,18,1
2025-06-21,19,C'est La Vie,Claude,17,2,15
2025-06-21,20,Manchild,Sabrina Carpenter,-,20,1
2025-06-21,21,Shake It To The Max (Fly),"MOLIY, Silent Addy, Skillibeng & Shenseea",24,21,3
2025-06-21,22,Bloodline,Alex Warren With Jelly Roll,20,18,3
2025-06-21,23,Blikkendag,Sven Versteeg Featuring Likke Pehp,-,8,21
2025-06-21,24,Blessings,Calvin Harris Featuring Clementine Douglas,-,24,1
2025-06-21,25,Beetje Van Mij,Antoon,-,1,17
2025-06-28,1,Lotje,Jopke van Dobbenburgh Featuring Roeland Beelen,1,1,12
2025-06-28,2,ZaaZaa,Frenna & Shallipopi,2,1,4
2025-06-28,3,Ordinary,Alex Warren,3,1,19
2025-06-28,4,Single,Idaly Featuring Milolaathetlukken,-,4,6
2025-06-28,5,Show Me Love,WizTheMc,5,5,15
2025-06-28,6,Echte Liefde Is Te Koop,Samuel Welten,4,1,13
2025-06-28,7,Ik Zing,Zoe Livay Featuring Snelle,6,6,11
2025-06-28,8,Azizam,Ed Sheeran,9,8,10
2025-06-28,9,Love Me Not,Ravyn Lenae,13,9,3
2025-06-28,10,Mona Lisa,Robert van Hemert,11,10,6
2025-06-28,11,Met Of Zonder Jou,Tino Martin,18,11,2
2025-06-28,12,Atlas,Pommelien Thijs,7,4,13
2025-06-28,13,1+1 (Outside),Dior & Cristian D,8,8,3
2025-06-28,14,Baila de Gasolina,Effe Serieus,-,14,1
2025-06-28,15,Blessings,Calvin Harris Featuring Clementine Douglas,24,15,2
2025-06-28,16,Hart In Brand,Froukje & S10,12,7,8
2025-06-28,17,Suffe Goon,"ADF Samski, Qlas, Yssi SB & Ronnie Flex",-,17,1
2025-06-28,18,Shake It To The Max (Fly),"MOLIY, Silent Addy, Skillibeng & Shenseea",21,18,4
2025-06-28,19,Messy,Lola Young,16,4,25
2025-06-28,20,Espresso Macchiato,Tommy Cash,14,9,5
2025-06-28,21,Beneden,"Bizzey, Ronnie Flex & Russo",17,8,7
2025-06-28,22,Manchild,Sabrina Carpenter,20,20,2
2025-06-28,23,Lichtje Branden,Suzan & Freek,10,7,3
2025-06-28,24,Move,"Adam Port, Stryv & Camila Cabello Feat. Malachiii",-,2,26
2025-06-28,25,100%,FLEMMING & Mart Hoogkamer,15,7,17
2025-07-05,1,Lotje,Jopke van Dobbenburgh Featuring Roeland Beelen,1,1,13
2025-07-05,2,ZaaZaa,Frenna & Shallipopi,2,1,5
2025-07-05,3,Ordinary,Alex Warren,3,1,20
2025-07-05,4,Echte Liefde Is Te Koop,Samuel Welten,6,1,14
2025-07-05,5,Lira Galore,Dopebwoy & Russ Millions,-,5,1
2025-07-05,6,Show Me Love,WizTheMc,5,5,16
2025-07-05,7,Single,Idaly Featuring Milolaathetlukken,4,4,7
2025-07-05,8,Ik Zing,Zoe Livay Featuring Snelle,7,6,12
2025-07-05,9,Mona Lisa,Robert van Hemert,10,9,7
2025-07-05,10,Love Me Not,Ravyn Lenae,9,9,4
2025-07-05,11,Met Of Zonder Jou,Tino Martin,11,11,3
2025-07-05,12,Azizam,Ed Sheeran,8,8,11
2025-07-05,13,Blessings,Calvin Harris Featuring Clementine Douglas,15,13,3
2025-07-05,14,Baila de Gasolina,Effe Serieus,14,14,2
2025-07-05,15,Alles Kan Kapot,Samuel Welten,-,15,1
2025-07-05,16,Atlas,Pommelien Thijs,12,4,14
2025-07-05,17,Suffe Goon,"ADF Samski, Qlas, Yssi SB & Ronnie Flex",17,17,2
2025-07-05,18,100%,FLEMMING & Mart Hoogkamer,25,7,18
2025-07-05,19,Shake It To The Max (Fly),"MOLIY, Silent Addy, Skillibeng & Shenseea",18,18,5
2025-07-05,20,Messy,Lola Young,19,4,26
2025-07-05,21,I Adore You,HUGEL X Topic X Arash Featuring Daecolm,-,15,20
2025-07-05,22,Manchild,Sabrina Carpenter,22,20,3
2025-07-05,23,1+1 (Outside),Dior & Cristian D,13,8,4
2025-07-05,24,Move,"Adam Port, Stryv & Camila Cabello Feat. Malachiii",24,2,27
2025-07-05,25,Don Julio Daddy,Jonna Fraser & Lil Kleine,-,13,4
2025-07-12,1,ZaaZaa,Frenna & Shallipopi,2,1,6
2025-07-12,2,Lotje,Jopke van Dobbenburgh Featuring Roeland Beelen,1,1,14
2025-07-12,3,Lies,Lil Kleine & Yade Lauren,-,3,1
2025-07-12,4,Ordinary,Alex Warren,3,1,21
2025-07-12,5,Echte Liefde Is Te Koop,Samuel Welten,4,1,15
2025-07-12,6,Alles Kan Kapot,Samuel Welten,15,6,2
2025-07-12,7,Show Me Love,WizTheMc,6,5,17
2025-07-12,8,Baila de Gasolina,Effe Serieus,14,8,3
2025-07-12,9,Mona Lisa,Robert van Hemert,9,9,8
2025-07-12,10,Ik Zing,Zoe Livay Featuring Snelle,8,6,13
2025-07-12,11,In de Naam Van...,Mart Hoogkamer,-,11,1
2025-07-12,12,Love Me Not,Ravyn Lenae,10,9,5
2025-07-12,13,Blessings,Calvin Harris Featuring Clementine Douglas,13,13,4
2025-07-12,14,Azizam,Ed Sheeran,12,8,12
2025-07-12,15,Met Of Zonder Jou,Tino Martin,11,11,4
2025-07-12,16,Single,Idaly Featuring Milolaathetlukken,7,4,8
2025-07-12,17,Atlas,Pommelien Thijs,16,4,15
2025-07-12,18,100%,FLEMMING & Mart Hoogkamer,18,7,19
2025-07-12,19,Shake It To The Max (Fly),"MOLIY, Silent Addy, Skillibeng & Shenseea",19,18,6
2025-07-12,20,Lira Galore,Dopebwoy & Russ Millions,5,5,2
2025-07-12,21,Blikkendag,Sven Versteeg Featuring Likke Pehp,-,8,22
2025-07-12,22,I Adore You,HUGEL X Topic X Arash Featuring Daecolm,21,15,21
2025-07-12,23,Move,"Adam Port, Stryv & Camila Cabello Feat. Malachiii",24,2,28
2025-07-12,24,Messy,Lola Young,20,4,27
2025-07-12,25,Ze Komt Uit Amsterdam,"Kris Kross Amsterdam , Andre Hazes Jr. & Tabitha",-,25,1
2025-07-19,1,ZaaZaa,Frenna & Shallipopi,1,1,7
2025-07-19,2,Lotje,Jopke van Dobbenburgh Featuring Roeland Beelen,2,1,15
2025-07-19,3,Lies,Lil Kleine & Yade Lauren,3,3,2
2025-07-19,4,Ordinary,Alex Warren,4,1,22
2025-07-19,5,Baila de Gasolina,Effe Serieus,8,5,4
2025-07-19,6,Echte Liefde Is Te Koop,Samuel Welten,5,1,16
2025-07-19,7,Ik Zing,Zoe Livay Featuring Snelle,10,6,14
2025-07-19,8,Show Me Love,WizTheMc,7,5,18
2025-07-19,9,Mona Lisa,Robert van Hemert,9,9,9
2025-07-19,10,Wangedrag,Bankzitters,-,10,1
2025-07-19,11,Alles Kan Kapot,Samuel Welten,6,6,3
2025-07-19,12,Love Me Not,Ravyn Lenae,12,9,6
2025-07-19,13,Blessings,Calvin Harris Featuring Clementine Douglas,13,13,5
2025-07-19,14,Nachtenlang,Donnie & Yves Berendse,-,14,1
2025-07-19,15,In de Naam Van...,Mart Hoogkamer,11,11,2
2025-07-19,16,Azizam,Ed Sheeran,14,8,13
2025-07-19,17,Atlas,Pommelien Thijs,17,4,16
2025-07-19,18,Ze Komt Uit Amsterdam,"Kris Kross Amsterdam , Andre Hazes Jr. & Tabitha",25,18,2
2025-07-19,19,Met Of Zonder Jou,Tino Martin,15,11,5
2025-07-19,20,Shake It To The Max (Fly),"MOLIY, Silent Addy, Skillibeng & Shenseea",19,18,7
2025-07-19,21,Messy,Lola Young,24,4,28
2025-07-19,22,Blikkendag,Sven Versteeg Featuring Likke Pehp,21,8,23
2025-07-19,23,I Adore You,HUGEL X Topic X Arash Featuring Daecolm,22,15,22
2025-07-19,24,100%,FLEMMING & Mart Hoogkamer,18,7,20
2025-07-19,25,Move,"Adam Port, Stryv & Camila Cabello Feat. Malachiii",23,2,29
2025-07-26,1,ZaaZaa,Frenna & Shallipopi,1,1,8
2025-07-26,2,Lotje,Jopke van Dobbenburgh Featuring Roeland Beelen,2,1,16
2025-07-26,3,Ordinary,Alex Warren,4,1,23
2025-07-26,4,Baila de Gasolina,Effe Serieus,5,4,5
2025-07-26,5,Lies,Lil Kleine & Yade Lauren,3,3,3
2025-07-26,6,Echte Liefde Is Te Koop,Samuel Welten,6,1,17
2025-07-26,7,Mona Lisa,Robert van Hemert,9,7,10
2025-07-26,8,Blessings,Calvin Harris Featuring Clementine Douglas,13,8,6
2025-07-26,9,Nachtenlang,Donnie & Yves Berendse,14,9,2
2025-07-26,10,Ik Zing,Zoe Livay Featuring Snelle,7,6,15
2025-07-26,11,Show Me Love,WizTheMc,8,5,19
2025-07-26,12,Love Me Not,Ravyn Lenae,12,9,7
2025-07-26,13,Alles Kan Kapot,Samuel Welten,11,6,4
2025-07-26,14,Azizam,Ed Sheeran,16,8,14
2025-07-26,15,Daisies,Justin Bieber,-,15,1
2025-07-26,16,Ze Komt Uit Amsterdam,"Kris Kross Amsterdam , Andre Hazes Jr. & Tabitha",18,16,3
2025-07-26,17,Atlas,Pommelien Thijs,17,4,17
2025-07-26,18,Met Of Zonder Jou,Tino Martin,19,11,6
2025-07-26,19,In de Naam Van...,Mart Hoogkamer,15,11,3
2025-07-26,20,Wangedrag,Bankzitters,10,10,2
2025-07-26,21,Blikkendag,Sven Versteeg Featuring Likke Pehp,22,8,24
2025-07-26,22,Shake It To The Max (Fly),"MOLIY, Silent Addy, Skillibeng & Shenseea",20,18,8
2025-07-26,23,Sapphire,Ed Sheeran,-,23,1
2025-07-26,24,100%,FLEMMING & Mart Hoogkamer,24,7,21
2025-07-26,25,I Adore You,HUGEL X Topic X Arash Featuring Daecolm,23,15,23
2025-08-02,1,Hoe Het Is (Feat. Idaly & Ronn,Roxy Dekker Featuring Idaly & Ronnie Flex,-,1,1
2025-08-02,2,ZaaZaa,Frenna & Shallipopi,1,1,9
2025-08-02,3,Lotje,Jopke van Dobbenburgh Featuring Roeland Beelen,2,1,17
2025-08-02,4,Baila de Gasolina,Effe Serieus,4,4,6
2025-08-02,5,Ordinary,Alex Warren,3,1,24
2025-08-02,6,Nachtenlang,Donnie & Yves Berendse,9,6,3
2025-08-02,7,Echte Liefde Is Te Koop,Samuel Welten,6,1,18
2025-08-02,8,Lies,Lil Kleine & Yade Lauren,5,3,4
2025-08-02,9,Daisies,Justin Bieber,15,9,2
2025-08-02,10,Blessings,Calvin Harris Featuring Clementine Douglas,8,8,7
2025-08-02,11,Mona Lisa,Robert van Hemert,7,7,11
2025-08-02,12,Ik Zing,Zoe Livay Featuring Snelle,10,6,16
2025-08-02,13,Show Me Love,WizTheMc,11,5,20
2025-08-02,14,Eternity,Alex Warren,-,14,1
2025-08-02,15,Love Me Not,Ravyn Lenae,12,9,8
2025-08-02,16,Azizam,Ed Sheeran,14,8,15
2025-08-02,17,Alles Kan Kapot,Samuel Welten,13,6,5
2025-08-02,18,Ze Komt Uit Amsterdam,"Kris Kross Amsterdam , Andre Hazes Jr. & Tabitha",16,16,4
2025-08-02,19,Blikkendag,Sven Versteeg Featuring Likke Pehp,21,8,25
2025-08-02,20,Atlas,Pommelien Thijs,17,4,18
2025-08-02,21,In Love With Us,Frenna & Yade Lauren,-,21,1
2025-08-02,22,Met Of Zonder Jou,Tino Martin,18,11,7
2025-08-02,23,100%,FLEMMING & Mart Hoogkamer,24,7,22
2025-08-02,24,Sapphire,Ed Sheeran,23,23,2
2025-08-02,25,Shake It To The Max (Fly),"MOLIY, Silent Addy, Skillibeng & Shenseea",22,18,9
2025-08-09,1,ZaaZaa,Frenna & Shallipopi,2,1,10
2025-08-09,2,Hoe Het Is (Feat. Idaly & Ronn,Roxy Dekker Featuring Idaly & Ronnie Flex,1,1,2
2025-08-09,3,Lotje,Jopke van Dobbenburgh Featuring Roeland Beelen,3,1,18
2025-08-09,4,Ordinary,Alex Warren,5,1,25
2025-08-09,5,Baila de Gasolina,Effe Serieus,4,4,7
2025-08-09,6,Nachtenlang,Donnie & Yves Berendse,6,6,4
2025-08-09,7,Daisies,Justin Bieber,9,7,3
2025-08-09,8,Blessings,Calvin Harris Featuring Clementine Douglas,10,8,8
2025-08-09,9,Echte Liefde Is Te Koop,Samuel Welten,7,1,19
2025-08-09,10,Ik Zing,Zoe Livay Featuring Snelle,12,6,17
2025-08-09,11,Lies,Lil Kleine & Yade Lauren,8,3,5
2025-08-09,12,Mona Lisa,Robert van Hemert,11,7,12
2025-08-09,13,Love Me Not,Ravyn Lenae,15,9,9
2025-08-09,14,Show Me Love,WizTheMc,13,5,21
2025-08-09,15,Azizam,Ed Sheeran,16,8,16
2025-08-09,16,Ze Komt Uit Amsterdam,"Kris Kross Amsterdam , Andre Hazes Jr. & Tabitha",18,16,5
2025-08-09,17,Sapphire,Ed Sheeran,24,17,3
2025-08-09,18,Golden,"HUNTR/X: EJAE, Audrey Nuna & REI AMI",-,18,1
2025-08-09,19,Alles Kan Kapot,Samuel Welten,17,6,6
2025-08-09,20,Atlas,Pommelien Thijs,20,4,19
2025-08-09,21,Eternity,Alex Warren,14,14,2
2025-08-09,22,Blikkendag,Sven Versteeg Featuring Likke Pehp,19,8,26
2025-08-09,23,Met Of Zonder Jou,Tino Martin,22,11,8
2025-08-09,24,Beautiful People,David Guetta & Sia,-,20,6
2025-08-09,25,Jump,BLACKPINK,-,25,1
2025-08-16,1,ZaaZaa,Frenna & Shallipopi,1,1,11
2025-08-16,2,Ordinary,Alex Warren,4,1,26
2025-08-16,3,Lotje,Jopke van Dobbenburgh Featuring Roeland Beelen,3,1,19
2025-08-16,4,Hoe Het Is (Feat. Idaly & Ronn,Roxy Dekker Featuring Idaly & Ronnie Flex,2,1,3
2025-08-16,5,Baila de Gasolina,Effe Serieus,5,4,8
2025-08-16,6,Nachtenlang,Donnie & Yves Berendse,6,6,5
2025-08-16,7,Daisies,Justin Bieber,7,7,4
2025-08-16,8,Blessings,Calvin Harris Featuring Clementine Douglas,8,8,9
2025-08-16,9,Show Me Love,WizTheMc,14,5,22
2025-08-16,10,Mona Lisa,Robert van Hemert,12,7,13
2025-08-16,11,Echte Liefde Is Te Koop,Samuel Welten,9,1,20
2025-08-16,12,Love Me Not,Ravyn Lenae,13,9,10
2025-08-16,13,Ik Zing,Zoe Livay Featuring Snelle,10,6,18
2025-08-16,14,Azizam,Ed Sheeran,15,8,17
2025-08-16,15,Ze Komt Uit Amsterdam,"Kris Kross Amsterdam , Andre Hazes Jr. & Tabitha",16,15,6
2025-08-16,16,Lies,Lil Kleine & Yade Lauren,11,3,6
2025-08-16,17,Golden,"HUNTR/X: EJAE, Audrey Nuna & REI AMI",18,17,2
2025-08-16,18,Sapphire,Ed Sheeran,17,17,4
2025-08-16,19,Alles Kan Kapot,Samuel Welten,19,6,7
2025-08-16,20,Atlas,Pommelien Thijs,20,4,20
2025-08-16,21,Jump,BLACKPINK,25,21,2
2025-08-16,22,Met Of Zonder Jou,Tino Martin,23,11,9
2025-08-16,23,Eternity,Alex Warren,21,14,3
2025-08-16,24,Blikkendag,Sven Versteeg Featuring Likke Pehp,22,8,27
2025-08-16,25,Beautiful People,David Guetta & Sia,24,20,7
2025-08-23,1,ZaaZaa,Frenna & Shallipopi,1,1,12
2025-08-23,2,Baila de Gasolina,Effe Serieus,5,2,9
2025-08-23,3,Hoe Het Is (Feat. Idaly & Ronn,Roxy Dekker Featuring Idaly & Ronnie Flex,4,1,4
2025-08-23,4,Lotje,Jopke van Dobbenburgh Featuring Roeland Beelen,3,1,20
2025-08-23,5,Ordinary,Alex Warren,2,1,27
2025-08-23,6,Nachtenlang,Donnie & Yves Berendse,6,6,6
2025-08-23,7,Daisies,Justin Bieber,7,7,5
2025-08-23,8,Blessings,Calvin Harris Featuring Clementine Douglas,8,8,10
2025-08-23,9,Show Me Love,WizTheMc,9,5,23
2025-08-23,10,Mona Lisa,Robert van Hemert,10,7,14
2025-08-23,11,Echte Liefde Is Te Koop,Samuel Welten,11,1,21
2025-08-23,12,Golden,"HUNTR/X: EJAE, Audrey Nuna & REI AMI",17,12,3
2025-08-23,13,Azizam,Ed Sheeran,14,8,18
2025-08-23,14,Love Me Not,Ravyn Lenae,12,9,11
2025-08-23,15,Ik Zing,Zoe Livay Featuring Snelle,13,6,19
2025-08-23,16,Ze Komt Uit Amsterdam,"Kris Kross Amsterdam , Andre Hazes Jr. & Tabitha",15,15,7
2025-08-23,17,Lies,Lil Kleine & Yade Lauren,16,3,7
2025-08-23,18,Sapphire,Ed Sheeran,18,17,5
2025-08-23,19,Alles Kan Kapot,Samuel Welten,19,6,8
2025-08-23,20,I Adore You,HUGEL X Topic X Arash Featuring Daecolm,-,15,24
2025-08-23,21,Met Of Zonder Jou,Tino Martin,22,11,10
2025-08-23,22,Atlas,Pommelien Thijs,20,4,21
2025-08-23,23,Dior,MK Featuring Chrystal,-,23,1
2025-08-23,24,Jump,BLACKPINK,21,21,3
2025-08-23,25,Eternity,Alex Warren,23,14,4
2025-08-30,1,ZaaZaa,Frenna & Shallipopi,1,1,13
2025-08-30,2,Baila de Gasolina,Effe Serieus,2,2,10
2025-08-30,3,Hoe Het Is (Feat. Idaly & Ronn,Roxy Dekker Featuring Idaly & Ronnie Flex,3,1,5
2025-08-30,4,Ordinary,Alex Warren,5,1,28
2025-08-30,5,Voorbestemd,Luna & Russo,-,5,1
2025-08-30,6,Lotje,Jopke van Dobbenburgh Featuring Roeland Beelen,4,1,21
2025-08-30,7,Golden,"HUNTR/X: EJAE, Audrey Nuna & REI AMI",12,7,4
2025-08-30,8,Daisies,Justin Bieber,7,7,6
2025-08-30,9,Nachtenlang,Donnie & Yves Berendse,6,6,7
2025-08-30,10,Blessings,Calvin Harris Featuring Clementine Douglas,8,8,11
2025-08-30,11,Show Me Love,WizTheMc,9,5,24
2025-08-30,12,Echte Liefde Is Te Koop,Samuel Welten,11,1,22
2025-08-30,13,Mona Lisa,Robert van Hemert,10,7,15
2025-08-30,14,Love Me Not,Ravyn Lenae,14,9,12
2025-08-30,15,Jump,BLACKPINK,24,15,4
2025-08-30,16,Azizam,Ed Sheeran,13,8,19
2025-08-30,17,Schweinsteiger,Lijpe Featuring Leblanco,-,17,1
2025-08-30,18,Tranquilo,Jan Smit,-,18,1
2025-08-30,19,Ik Zing,Zoe Livay Featuring Snelle,15,6,20
2025-08-30,20,Sapphire,Ed Sheeran,18,17,6
2025-08-30,21,Ze Komt Uit Amsterdam,"Kris Kross Amsterdam , Andre Hazes Jr. & Tabitha",16,15,8
2025-08-30,22,Lies,Lil Kleine & Yade Lauren,17,3,8
2025-08-30,23,Dior,MK Featuring Chrystal,23,23,2
2025-08-30,24,Overdosis,Bilal Wahib,-,24,1
2025-08-30,25,Atlas,Pommelien Thijs,22,4,22
2025-09-06,1,ZaaZaa,Frenna & Shallipopi,1,1,14
2025-09-06,2,Ben Je Morgen Vrij?,Bankzitters & Ronnie Flex,-,2,1
2025-09-06,3,Hoe Het Is (Feat. Idaly & Ronn,Roxy Dekker Featuring Idaly & Ronnie Flex,3,1,6
2025-09-06,4,Baila de Gasolina,Effe Serieus,2,2,11
2025-09-06,5,Voorbestemd,Luna & Russo,5,5,2
2025-09-06,6,Ordinary,Alex Warren,4,1,29
2025-09-06,7,Golden,"HUNTR/X: EJAE, Audrey Nuna & REI AMI",7,7,5
2025-09-06,8,Lotje,Jopke van Dobbenburgh Featuring Roeland Beelen,6,1,22
2025-09-06,9,Nachtenlang,Donnie & Yves Berendse,9,6,8
2025-09-06,10,Daisies,Justin Bieber,8,7,7
2025-09-06,11,Blessings,Calvin Harris Featuring Clementine Douglas,10,8,12
2025-09-06,12,Show Me Love,WizTheMc,11,5,25
2025-09-06,13,Overdosis,Bilal Wahib,24,13,2
2025-09-06,14,Love Me Not,Ravyn Lenae,14,9,13
2025-09-06,15,Jump,BLACKPINK,15,15,5
2025-09-06,16,Mona Lisa,Robert van Hemert,13,7,16
2025-09-06,17,Azizam,Ed Sheeran,16,8,20
2025-09-06,18,Echte Liefde Is Te Koop,Samuel Welten,12,1,23
2025-09-06,19,Undressed,sombr,-,19,2
2025-09-06,20,Ze Komt Uit Amsterdam,"Kris Kross Amsterdam , Andre Hazes Jr. & Tabitha",21,15,9
2025-09-06,21,Sapphire,Ed Sheeran,20,17,7
2025-09-06,22,Dior,MK Featuring Chrystal,23,22,3
2025-09-06,23,Ik Zing,Zoe Livay Featuring Snelle,19,6,21
2025-09-06,24,Tranquilo,Jan Smit,18,18,2
2025-09-06,25,Lies,Lil Kleine & Yade Lauren,22,3,9
2025-09-13,1,Golden,"HUNTR/X: EJAE, Audrey Nuna & REI AMI",7,1,6
2025-09-13,2,ZaaZaa,Frenna & Shallipopi,1,1,15
2025-09-13,3,Voorbestemd,Luna & Russo,5,3,3
2025-09-13,4,Hoe Het Is (Feat. Idaly & Ronn,Roxy Dekker Featuring Idaly & Ronnie Flex,3,1,7
2025-09-13,5,Ordinary,Alex Warren,6,1,30
2025-09-13,6,Overdosis,Bilal Wahib,13,6,3
2025-09-13,7,Baila de Gasolina,Effe Serieus,4,2,12
2025-09-13,8,Man I Need,Olivia Dean,-,8,1
2025-09-13,9,Ben Je Morgen Vrij?,Bankzitters & Ronnie Flex,2,2,2
2025-09-13,10,Daisies,Justin Bieber,10,7,8
2025-09-13,11,Nachtenlang,Donnie & Yves Berendse,9,6,9
2025-09-13,12,Lotje,Jopke van Dobbenburgh Featuring Roeland Beelen,8,1,23
2025-09-13,13,Blessings,Calvin Harris Featuring Clementine Douglas,11,8,13
2025-09-13,14,Tears,Sabrina Carpenter,-,14,1
2025-09-13,15,Manchild,Sabrina Carpenter,-,15,4
2025-09-13,16,Love Me Not,Ravyn Lenae,14,9,14
2025-09-13,17,Show Me Love,WizTheMc,12,5,26
2025-09-13,18,Jump,BLACKPINK,15,15,6
2025-09-13,19,Undressed,sombr,19,19,3
2025-09-13,20,Eternity,Alex Warren,-,14,5
2025-09-13,21,Ze Komt Uit Amsterdam,"Kris Kross Amsterdam , Andre Hazes Jr. & Tabitha",20,15,10
2025-09-13,22,Kan Je Me Zien,Bente,-,22,1
2025-09-13,23,Hoe Hou Ik Dit Vast,Bente & BLOF,-,23,1
2025-09-13,24,Azizam,Ed Sheeran,17,8,21
2025-09-13,25,Ik Zing,Zoe Livay Featuring Snelle,23,6,22
2025-09-20,1,Golden,"HUNTR/X: EJAE, Audrey Nuna & REI AMI",1,1,7
2025-09-20,2,Man I Need,Olivia Dean,8,2,2
2025-09-20,3,Voorbestemd,Luna & Russo,3,3,4
2025-09-20,4,ZaaZaa,Frenna & Shallipopi,2,1,16
2025-09-20,5,Overdosis,Bilal Wahib,6,5,4
2025-09-20,6,Ordinary,Alex Warren,5,1,31
2025-09-20,7,Kan Je Me Zien,Bente,22,7,2
2025-09-20,8,Hoe Het Is (Feat. Idaly & Ronn,Roxy Dekker Featuring Idaly & Ronnie Flex,4,1,8
2025-09-20,9,Baila de Gasolina,Effe Serieus,7,2,13
2025-09-20,10,Daisies,Justin Bieber,10,7,9
2025-09-20,11,Nachtenlang,Donnie & Yves Berendse,11,6,10
2025-09-20,12,Ben Je Morgen Vrij?,Bankzitters & Ronnie Flex,9,2,3
2025-09-20,13,Blessings,Calvin Harris Featuring Clementine Douglas,13,8,14
2025-09-20,14,Love Me Not,Ravyn Lenae,16,9,15
2025-09-20,15,Boccaccio,Lil Kleine & Ronnie Flex,-,15,1
2025-09-20,16,Lotje,Jopke van Dobbenburgh Featuring Roeland Beelen,12,1,24
2025-09-20,17,Show Me Love,WizTheMc,17,5,27
2025-09-20,18,Undressed,sombr,19,18,4
2025-09-20,19,No Broke Boys,Disco Lines & Tinashe,-,19,1
2025-09-20,20,Jump,BLACKPINK,18,15,7
2025-09-20,21,Eternity,Alex Warren,20,14,6
2025-09-20,22,Tears,Sabrina Carpenter,14,14,2
2025-09-20,23,Manchild,Sabrina Carpenter,15,15,5
2025-09-20,24,Back To Friends,sombr,-,24,1
2025-09-20,25,Hoe Hou Ik Dit Vast,Bente & BLOF,23,23,2
2025-09-27,1,Man I Need,Olivia Dean,2,1,3
2025-09-27,2,Golden,"HUNTR/X: EJAE, Audrey Nuna & REI AMI",1,1,8
2025-09-27,3,Kan Je Me Zien,Bente,7,3,3
2025-09-27,4,Voorbestemd,Luna & Russo,3,3,5
2025-09-27,5,ZaaZaa,Frenna & Shallipopi,4,1,17
2025-09-27,6,Ordinary,Alex Warren,6,1,32
2025-09-27,7,Helaas,"Langa, Yssi SB & Rijck",-,7,1
2025-09-27,8,Baila de Gasolina,Effe Serieus,9,2,14
2025-09-27,9,Hoe Het Is (Feat. Idaly & Ronn,Roxy Dekker Featuring Idaly & Ronnie Flex,8,1,9
2025-09-27,10,Overdosis,Bilal Wahib,5,5,5
2025-09-27,11,Boccaccio,Lil Kleine & Ronnie Flex,15,11,2
2025-09-27,12,Daisies,Justin Bieber,10,7,10
2025-09-27,13,No Broke Boys,Disco Lines & Tinashe,19,13,2
2025-09-27,14,Undressed,sombr,18,14,5
2025-09-27,15,Love Me Not,Ravyn Lenae,14,9,16
2025-09-27,16,Go Shawty,"Qlas Featuring GP Uit G, Dopebwoy & Chavante",-,16,1
2025-09-27,17,Back To Friends,sombr,24,17,2
2025-09-27,18,12 To 12,sombr,-,18,1
2025-09-27,19,Blessings,Calvin Harris Featuring Clementine Douglas,13,8,15
2025-09-27,20,Nachtenlang,Donnie & Yves Berendse,11,6,11
2025-09-27,21,Eternity,Alex Warren,21,14,7
2025-09-27,22,Show Me Love,WizTheMc,17,5,28
2025-09-27,23,Ik Zing,Zoe Livay Featuring Snelle,-,6,23
2025-09-27,24,Jump,BLACKPINK,20,15,8
2025-09-27,25,Ben Je Morgen Vrij?,Bankzitters & Ronnie Flex,12,2,4
2025-10-04,1,Helaas,"Langa, Yssi SB & Rijck",7,1,2
2025-10-04,2,Man I Need,Olivia Dean,1,1,4
2025-10-04,3,Golden,"HUNTR/X: EJAE, Audrey Nuna & REI AMI",2,1,9
2025-10-04,4,Kan Je Me Zien,Bente,3,3,4
2025-10-04,5,Ordinary,Alex Warren,6,1,33
2025-10-04,6,Voorbestemd,Luna & Russo,4,3,6
2025-10-04,7,ZaaZaa,Frenna & Shallipopi,5,1,18
2025-10-04,8,Overdosis,Bilal Wahib,10,5,6
2025-10-04,9,Baila de Gasolina,Effe Serieus,8,2,15
2025-10-04,10,Hoe Het Is (Feat. Idaly & Ronn,Roxy Dekker Featuring Idaly & Ronnie Flex,9,1,10
2025-10-04,11,Boccaccio,Lil Kleine & Ronnie Flex,11,11,3
2025-10-04,12,No Broke Boys,Disco Lines & Tinashe,13,12,3
2025-10-04,13,Eternity,Alex Warren,21,13,8
2025-10-04,14,Daisies,Justin Bieber,12,7,11
2025-10-04,15,Nog Even Blijven,Douwe Bob & MEAU,-,15,1
2025-10-04,16,Undressed,sombr,14,14,6
2025-10-04,17,Love Me Not,Ravyn Lenae,15,9,17
2025-10-04,18,Go Shawty,"Qlas Featuring GP Uit G, Dopebwoy & Chavante",16,16,2
2025-10-04,19,Back To Friends,sombr,17,17,3
2025-10-04,20,Nachtenlang,Donnie & Yves Berendse,20,6,12
2025-10-04,21,Blessings,Calvin Harris Featuring Clementine Douglas,19,8,16
2025-10-04,22,12 To 12,sombr,18,18,2
2025-10-04,23,Where Is My Husband!,RAYE,-,23,1
2025-10-04,24,Show Me Love,WizTheMc,22,5,29
2025-10-04,25,Ik Zing,Zoe Livay Featuring Snelle,23,6,24
2025-10-11,1,Helaas,"Langa, Yssi SB & Rijck",1,1,3
2025-10-11,2,Man I Need,Olivia Dean,2,1,5
2025-10-11,3,Golden,"HUNTR/X: EJAE, Audrey Nuna & REI AMI",3,1,10
2025-10-11,4,Kan Je Me Zien,Bente,4,3,5
2025-10-11,5,Ordinary,Alex Warren,5,1,34
2025-10-11,6,Go Bestfriend,Roxy Dekker,-,6,1
2025-10-11,7,Voorbestemd,Luna & Russo,6,3,7
2025-10-11,8,ZaaZaa,Frenna & Shallipopi,7,1,19
2025-10-11,9,Boccaccio,Lil Kleine & Ronnie Flex,11,9,4
2025-10-11,10,Overdosis,Bilal Wahib,8,5,7
2025-10-11,11,Where Is My Husband!,RAYE,23,11,2
2025-10-11,12,Baila de Gasolina,Effe Serieus,9,2,16
2025-10-11,13,No Broke Boys,Disco Lines & Tinashe,12,12,4
2025-10-11,14,Nog Even Blijven,Douwe Bob & MEAU,15,14,2
2025-10-11,15,Hoe Het Is (Feat. Idaly & Ronn,Roxy Dekker Featuring Idaly & Ronnie Flex,10,1,11
2025-10-11,16,12 To 12,sombr,22,16,3
2025-10-11,17,Eternity,Alex Warren,13,13,9
2025-10-11,18,Undressed,sombr,16,14,7
2025-10-11,19,Love Me Not,Ravyn Lenae,17,9,18
2025-10-11,20,Daisies,Justin Bieber,14,7,12
2025-10-11,21,Tit For Tat,Tate McRae,-,21,1
2025-10-11,22,Back To Friends,sombr,19,17,4
2025-10-11,23,Blessings,Calvin Harris Featuring Clementine Douglas,21,8,17
2025-10-11,24,Nachtenlang,Donnie & Yves Berendse,20,6,13
2025-10-11,25,Hoe Hou Ik Dit Vast,Bente & BLOF,-,23,3
2025-10-18,1,The Fate Of Ophelia,Taylor Swift,-,1,1
2025-10-18,2,Helaas,"Langa, Yssi SB & Rijck",1,1,4
2025-10-18,3,Man I Need,Olivia Dean,2,1,6
2025-10-18,4,Golden,"HUNTR/X: EJAE, Audrey Nuna & REI AMI",3,1,11
2025-10-18,5,Opalite,Taylor Swift,-,5,1
2025-10-18,6,Kan Je Me Zien,Bente,4,3,6
2025-10-18,7,Elizabeth Taylor,Taylor Swift,-,7,1
2025-10-18,8,Ordinary,Alex Warren,5,1,35
2025-10-18,9,Where Is My Husband!,RAYE,11,9,3
2025-10-18,10,Father Figure,Taylor Swift,-,10,1
2025-10-18,11,Voorbestemd,Luna & Russo,7,3,8
2025-10-18,12,The Life Of A Showgirl,Taylor Swift Featuring Sabrina Carpenter,-,12,1
2025-10-18,13,ZaaZaa,Frenna & Shallipopi,8,1,20
2025-10-18,14,Boccaccio,Lil Kleine & Ronnie Flex,9,9,5
2025-10-18,15,Go Bestfriend,Roxy Dekker,6,6,2
2025-10-18,16,Cancelled!,Taylor Swift,-,16,1
2025-10-18,17,Eldest Daughter,Taylor Swift,-,17,1
2025-10-18,18,No Broke Boys,Disco Lines & Tinashe,13,12,5
2025-10-18,19,Wood,Taylor Swift,-,19,1
2025-10-18,20,Actually Romantic,Taylor Swift,-,20,1
2025-10-18,21,Ruin The Friendship,Taylor Swift,-,21,1
2025-10-18,22,Wi$h Li$t,Taylor Swift,-,22,1
2025-10-18,23,Nog Even Blijven,Douwe Bob & MEAU,14,14,3
2025-10-18,24,12 To 12,sombr,16,16,4
2025-10-18,25,Baila de Gasolina,Effe Serieus,12,2,17
2025-10-25,1,The Fate Of Ophelia,Taylor Swift,1,1,2
2025-10-25,2,Helaas,"Langa, Yssi SB & Rijck",2,1,5
2025-10-25,3,Man I Need,Olivia Dean,3,1,7
2025-10-25,4,Golden,"HUNTR/X: EJAE, Audrey Nuna & REI AMI",4,1,12
2025-10-25,5,Ordinary,Alex Warren,8,1,36
2025-10-25,6,Kan Je Me Zien,Bente,6,3,7
2025-10-25,7,Where Is My Husband!,RAYE,9,7,4
2025-10-25,8,ZaaZaa,Frenna & Shallipopi,13,1,21
2025-10-25,9,Voorbestemd,Luna & Russo,11,3,9
2025-10-25,10,Opalite,Taylor Swift,5,5,2
2025-10-25,11,No Broke Boys,Disco Lines & Tinashe,18,11,6
2025-10-25,12,12 To 12,sombr,24,12,5
2025-10-25,13,Baila de Gasolina,Effe Serieus,25,2,18
2025-10-25,14,Nog Even Blijven,Douwe Bob & MEAU,23,14,4
2025-10-25,15,Boccaccio,Lil Kleine & Ronnie Flex,14,9,6
2025-10-25,16,Undressed,sombr,-,14,8
2025-10-25,17,So Easy (To Fall In Love),Olivia Dean,-,17,1
2025-10-25,18,Go Bestfriend,Roxy Dekker,15,6,3
2025-10-25,19,Overdosis,Bilal Wahib,-,5,8
2025-10-25,20,Love Me Not,Ravyn Lenae,-,9,19
2025-10-25,21,Hoe Het Is (Feat. Idaly & Ronn,Roxy Dekker Featuring Idaly & Ronnie Flex,-,1,12
2025-10-25,22,Daisies,Justin Bieber,-,7,13
2025-10-25,23,Back To Friends,sombr,-,17,5
2025-10-25,24,Eternity,Alex Warren,-,13,10
2025-10-25,25,Elizabeth Taylor,Taylor Swift,7,7,2
2025-11-01,1,Man I Need,Olivia Dean,3,1,8
2025-11-01,2,The Fate Of Ophelia,Taylor Swift,1,1,3
2025-11-01,3,Golden,"HUNTR/X: EJAE, Audrey Nuna & REI AMI",4,1,13
2025-11-01,4,Helaas,"Langa, Yssi SB & Rijck",2,1,6
2025-11-01,5,Ordinary,Alex Warren,5,1,37
2025-11-01,6,Where Is My Husband!,RAYE,7,6,5
2025-11-01,7,Kan Je Me Zien,Bente,6,3,8
2025-11-01,8,ZaaZaa,Frenna & Shallipopi,8,1,22
2025-11-01,9,Voorbestemd,Luna & Russo,9,3,10
2025-11-01,10,12 To 12,sombr,12,10,6
2025-11-01,11,So Easy (To Fall In Love),Olivia Dean,17,11,2
2025-11-01,12,Nog Even Blijven,Douwe Bob & MEAU,14,12,5
2025-11-01,13,No Broke Boys,Disco Lines & Tinashe,11,11,7
2025-11-01,14,Baila de Gasolina,Effe Serieus,13,2,19
2025-11-01,15,Undressed,sombr,16,14,9
2025-11-01,16,Boccaccio,Lil Kleine & Ronnie Flex,15,9,7
2025-11-01,17,Love Me Not,Ravyn Lenae,20,9,20
2025-11-01,18,Back To Friends,sombr,23,17,6
2025-11-01,19,Eternity,Alex Warren,24,13,11
2025-11-01,20,Go Bestfriend,Roxy Dekker,18,6,4
2025-11-01,21,Opalite,Taylor Swift,10,5,3
2025-11-01,22,Daisies,Justin Bieber,22,7,14
2025-11-01,23,Overdosis,Bilal Wahib,19,5,9
2025-11-01,24,Hoe Hou Ik Dit Vast,Bente & BLOF,-,23,4
2025-11-01,25,Alcantara,"Esko, Lijpe & JoeyAK",-,25,1
2025-11-08,1,Niemand,Suzan & Freek,-,1,1
2025-11-08,2,The Fate Of Ophelia,Taylor Swift,2,1,4
2025-11-08,3,Man I Need,Olivia Dean,1,1,9
2025-11-08,4,Golden,"HUNTR/X: EJAE, Audrey Nuna & REI AMI",3,1,14
2025-11-08,5,Helaas,"Langa, Yssi SB & Rijck",4,1,7
2025-11-08,6,Ordinary,Alex Warren,5,1,38
2025-11-08,7,Where Is My Husband!,RAYE,6,6,6
2025-11-08,8,Kan Je Me Zien,Bente,7,3,9
2025-11-08,9,So Easy (To Fall In Love),Olivia Dean,11,9,3
2025-11-08,10,12 To 12,sombr,10,10,7
2025-11-08,11,Nog Even Blijven,Douwe Bob & MEAU,12,11,6
2025-11-08,12,No Broke Boys,Disco Lines & Tinashe,13,11,8
2025-11-08,13,Voorbestemd,Luna & Russo,9,3,11
2025-11-08,14,Undressed,sombr,15,14,10
2025-11-08,15,ZaaZaa,Frenna & Shallipopi,8,1,23
2025-11-08,16,Single In de Club,"Cristian D, Rijck & $hirak",-,16,1
2025-11-08,17,Love Me Not,Ravyn Lenae,17,9,21
2025-11-08,18,Back To Friends,sombr,18,17,7
2025-11-08,19,Baila de Gasolina,Effe Serieus,14,2,20
2025-11-08,20,Eternity,Alex Warren,19,13,12
2025-11-08,21,Wacht Op Mij,Hannah Mae,-,21,1
2025-11-08,22,Hoe Hou Ik Dit Vast,Bente & BLOF,24,22,5
2025-11-08,23,Boccaccio,Lil Kleine & Ronnie Flex,16,9,8
2025-11-08,24,Another Love,Tom Odell,-,3,49
2025-11-08,25,Daisies,Justin Bieber,22,7,15
2025-11-15,1,The Fate Of Ophelia,Taylor Swift,2,1,5
2025-11-15,2,Man I Need,Olivia Dean,3,1,10
2025-11-15,3,Niemand,Suzan & Freek,1,1,2
2025-11-15,4,Golden,"HUNTR/X: EJAE, Audrey Nuna & REI AMI",4,1,15
2025-11-15,5,Helaas,"Langa, Yssi SB & Rijck",5,1,8
2025-11-15,6,Where Is My Husband!,RAYE,7,6,7
2025-11-15,7,"Wij Zeggen Nee,Nee, Nee, Tegen (Hardcore Mix)","JW ""Broken Veteran""",-,7,1
2025-11-15,8,Ordinary,Alex Warren,6,1,39
2025-11-15,9,Kan Je Me Zien,Bente,8,3,10
2025-11-15,10,So Easy (To Fall In Love),Olivia Dean,9,9,4
2025-11-15,11,Waarom Moet Ze Nou Een DJ Zijn,Turfy Gang X Bankzitters,-,11,1
2025-11-15,12,12 To 12,sombr,10,10,8
2025-11-15,13,Nog Even Blijven,Douwe Bob & MEAU,11,11,7
2025-11-15,14,Single In de Club,"Cristian D, Rijck & $hirak",16,14,2
2025-11-15,15,No Broke Boys,Disco Lines & Tinashe,12,11,9
2025-11-15,16,Undressed,sombr,14,14,11
2025-11-15,17,Voorbestemd,Luna & Russo,13,3,12
2025-11-15,18,ZaaZaa,Frenna & Shallipopi,15,1,24
2025-11-15,19,Eternity,Alex Warren,20,13,13
2025-11-15,20,Love Me Not,Ravyn Lenae,17,9,22
2025-11-15,21,Another Love,Tom Odell,24,3,50
2025-11-15,22,Back To Friends,sombr,18,17,8
2025-11-15,23,Baila de Gasolina,Effe Serieus,19,2,21
2025-11-15,24,Wacht Op Mij,Hannah Mae,21,21,2
2025-11-15,25,Raindance,Dave & Tems,-,25,1
2025-11-22,1,The Fate Of Ophelia,Taylor Swift,1,1,6
2025-11-22,2,Man I Need,Olivia Dean,2,1,11
2025-11-22,3,Golden,"HUNTR/X: EJAE, Audrey Nuna & REI AMI",4,1,16
2025-11-22,4,Niemand,Suzan & Freek,3,1,3
2025-11-22,5,Where Is My Husband!,RAYE,6,5,8
2025-11-22,6,"Vrijheid, Gelijkheid, Zusterschap",Sophie Straat,-,6,1
2025-11-22,7,Helaas,"Langa, Yssi SB & Rijck",5,1,9
2025-11-22,8,Ordinary,Alex Warren,8,1,40
2025-11-22,9,So Easy (To Fall In Love),Olivia Dean,10,9,5
2025-11-22,10,Kan Je Me Zien,Bente,9,3,11
2025-11-22,11,"Wij Zeggen Nee,Nee, Nee, Tegen (Hardcore Mix)","JW ""Broken Veteran""",7,7,2
2025-11-22,12,12 To 12,sombr,12,10,9
2025-11-22,13,No Broke Boys,Disco Lines & Tinashe,15,11,10
2025-11-22,14,Nog Even Blijven,Douwe Bob & MEAU,13,11,8
2025-11-22,15,Undressed,sombr,16,14,12
2025-11-22,16,Eternity,Alex Warren,19,13,14
2025-11-22,17,Single In de Club,"Cristian D, Rijck & $hirak",14,14,3
2025-11-22,18,Love Me Not,Ravyn Lenae,20,9,23
2025-11-22,19,ZaaZaa,Frenna & Shallipopi,18,1,25
2025-11-22,20,Back To Friends,sombr,22,17,9
2025-11-22,21,Baila de Gasolina,Effe Serieus,23,2,22
2025-11-22,22,Voorbestemd,Luna & Russo,17,3,13
2025-11-22,23,Waarom Moet Ze Nou Een DJ Zijn,Turfy Gang X Bankzitters,11,11,2
2025-11-22,24,Raindance,Dave & Tems,25,24,2
2025-11-22,25,Dracula,Tame Impala & JENNIE,-,25,1
2025-11-29,1,The Fate Of Ophelia,Taylor Swift,1,1,7
2025-11-29,2,Man I Need,Olivia Dean,2,1,12
2025-11-29,3,Loser,Roxy Dekker,-,3,1
2025-11-29,4,Where Is My Husband!,RAYE,5,4,9
2025-11-29,5,Golden,"HUNTR/X: EJAE, Audrey Nuna & REI AMI",3,1,17
2025-11-29,6,Helaas,"Langa, Yssi SB & Rijck",7,1,10
2025-11-29,7,Niemand,Suzan & Freek,4,1,4
2025-11-29,8,So Easy (To Fall In Love),Olivia Dean,9,8,6
2025-11-29,9,Ordinary,Alex Warren,8,1,41
2025-11-29,10,Kan Je Me Zien,Bente,10,3,12
2025-11-29,11,12 To 12,sombr,12,10,10
2025-11-29,12,No Broke Boys,Disco Lines & Tinashe,13,11,11
2025-11-29,13,Lush Life,Zara Larsson,-,13,1
2025-11-29,14,Undressed,sombr,15,14,13
2025-11-29,15,Eternity,Alex Warren,16,13,15
2025-11-29,16,Nog Even Blijven,Douwe Bob & MEAU,14,11,9
2025-11-29,17,Raindance,Dave & Tems,24,17,3
2025-11-29,18,ZaaZaa,Frenna & Shallipopi,19,1,26
2025-11-29,19,Single In de Club,"Cristian D, Rijck & $hirak",17,14,4
2025-11-29,20,Back To Friends,sombr,20,17,10
2025-11-29,21,Voorbestemd,Luna & Russo,22,3,14
2025-11-29,22,Dracula,Tame Impala & JENNIE,25,22,2
2025-11-29,23,Last Christmas,Wham!,-,1,18
2025-11-29,24,Love Me Not,Ravyn Lenae,18,9,24
2025-11-29,25,Cool,Roxy Dekker,-,25,1
2025-12-06,1,The Fate Of Ophelia,Taylor Swift,1,1,8
2025-12-06,2,Man I Need,Olivia Dean,2,1,13
2025-12-06,3,Where Is My Husband!,RAYE,4,3,10
2025-12-06,4,Loser,Roxy Dekker,3,3,2
2025-12-06,5,Golden,"HUNTR/X: EJAE, Audrey Nuna & REI AMI",5,1,18
2025-12-06,6,Helaas,"Langa, Yssi SB & Rijck",6,1,11
2025-12-06,7,Ordinary,Alex Warren,9,1,42
2025-12-06,8,So Easy (To Fall In Love),Olivia Dean,8,8,7
2025-12-06,9,Niemand,Suzan & Freek,7,1,5
2025-12-06,10,Last Christmas,Wham!,23,1,19
2025-12-06,11,Kan Je Me Zien,Bente,10,3,13
2025-12-06,12,All I Want For Christmas Is You,Mariah Carey,-,1,20
2025-12-06,13,12 To 12,sombr,11,10,11
2025-12-06,14,Lush Life,Zara Larsson,13,13,2
2025-12-06,15,No Broke Boys,Disco Lines & Tinashe,12,11,12
2025-12-06,16,Undressed,sombr,14,14,14
2025-12-06,17,Eternity,Alex Warren,15,13,16
2025-12-06,18,Nog Even Blijven,Douwe Bob & MEAU,16,11,10
2025-12-06,19,ZaaZaa,Frenna & Shallipopi,18,1,27
2025-12-06,20,Die On This Hill,Sienna Spiro,-,20,1
2025-12-06,21,Kapot,KATNUF,-,21,1
2025-12-06,22,Voorbestemd,Luna & Russo,21,3,15
2025-12-06,23,Single In de Club,"Cristian D, Rijck & $hirak",19,14,5
2025-12-06,24,Back To Friends,sombr,20,17,11
2025-12-06,25,Raindance,Dave & Tems,17,17,4
2025-12-13,1,The Fate Of Ophelia,Taylor Swift,1,1,9
2025-12-13,2,Man I Need,Olivia Dean,2,1,14
2025-12-13,3,Where Is My Husband!,RAYE,3,3,11
2025-12-13,4,Loser,Roxy Dekker,4,3,3
2025-12-13,5,Last Christmas,Wham!,10,1,20
2025-12-13,6,Golden,"HUNTR/X: EJAE, Audrey Nuna & REI AMI",5,1,19
2025-12-13,7,Ordinary,Alex Warren,7,1,43
2025-12-13,8,All I Want For Christmas Is You,Mariah Carey,12,1,21
2025-12-13,9,Helaas,"Langa, Yssi SB & Rijck",6,1,12
2025-12-13,10,So Easy (To Fall In Love),Olivia Dean,8,8,8
2025-12-13,11,Puinhoop,Lil Kleine,-,11,1
2025-12-13,12,Niemand,Suzan & Freek,9,1,6
2025-12-13,13,Lush Life,Zara Larsson,14,13,3
2025-12-13,14,Kan Je Me Zien,Bente,11,3,14
2025-12-13,15,12 To 12,sombr,13,10,12
2025-12-13,16,No Broke Boys,Disco Lines & Tinashe,15,11,13
2025-12-13,17,Underneath The Tree,Kelly Clarkson,-,4,13
2025-12-13,18,Undressed,sombr,16,14,15
2025-12-13,19,Santa Tell Me,Ariana Grande,-,4,13
2025-12-13,20,ZaaZaa,Frenna & Shallipopi,19,1,28
2025-12-13,21,Snowman,Sia,-,3,12
2025-12-13,22,Eternity,Alex Warren,17,13,17
2025-12-13,23,I Run,HAVEN. Featuring Kaitlin Aragon,-,23,1
2025-12-13,24,Die On This Hill,Sienna Spiro,20,20,2
2025-12-13,25,Rockin' Around The Christmas Tree,Brenda Lee,-,5,11
2025-12-20,1,Last Christmas,Wham!,5,1,21
2025-12-20,2,The Fate Of Ophelia,Taylor Swift,1,1,10
2025-12-20,3,All I Want For Christmas Is You,Mariah Carey,8,1,22
2025-12-20,4,Man I Need,Olivia Dean,2,1,15
2025-12-20,5,Underneath The Tree,Kelly Clarkson,17,4,14
2025-12-20,6,Snowman,Sia,21,3,13
2025-12-20,7,Where Is My Husband!,RAYE,3,3,12
2025-12-20,8,Loser,Roxy Dekker,4,3,4
2025-12-20,9,Santa Tell Me,Ariana Grande,19,4,14
2025-12-20,10,Sleigh Ride,The Ronettes,-,6,11
2025-12-20,11,Driving Home For Christmas,Chris Rea,-,4,12
2025-12-20,12,Ordinary,Alex Warren,7,1,44
2025-12-20,13,It's The Most Wonderful Time Of The Year,Andy Williams,-,3,12
2025-12-20,14,Rockin' Around The Christmas Tree,Brenda Lee,25,5,12
2025-12-20,15,Merry Christmas Everyone,Shakin' Stevens,-,7,11
2025-12-20,16,It's Beginning To Look A Lot Like Christmas,Michael Buble,-,3,12
2025-12-20,17,Jingle Bell Rock,Bobby Helms,-,11,11
2025-12-20,18,Golden,"HUNTR/X: EJAE, Audrey Nuna & REI AMI",6,1,20
2025-12-20,19,Feliz Navidad,Jose Feliciano,-,7,11
2025-12-20,20,Helaas,"Langa, Yssi SB & Rijck",9,1,13
2025-12-20,21,Wonderful Christmastime,Paul McCartney,-,12,9
2025-12-20,22,So Easy (To Fall In Love),Olivia Dean,10,8,9
2025-12-20,23,Let It Snow! Let It Snow! Let It Snow!,Dean Martin,-,15,7
2025-12-20,24,Dans Gewoon,Rijck & Cristian D,-,24,1
2025-12-20,25,Mistletoe,Justin Bieber,-,19,4
2025-12-27,1,Last Christmas,Wham!,1,1,22
2025-12-27,2,All I Want For Christmas Is You,Mariah Carey,3,1,23
2025-12-27,3,The Fate Of Ophelia,Taylor Swift,2,1,11
2025-12-27,4,Underneath The Tree,Kelly Clarkson,5,4,15
2025-12-27,5,Snowman,Sia,6,3,14
2025-12-27,6,Man I Need,Olivia Dean,4,1,16
2025-12-27,7,Santa Tell Me,Ariana Grande,9,4,15
2025-12-27,8,Sleigh Ride,The Ronettes,10,6,12
2025-12-27,9,It's The Most Wonderful Time Of The Year,Andy Williams,13,3,13
2025-12-27,10,Driving Home For Christmas,Chris Rea,11,4,13
2025-12-27,11,Merry Christmas Everyone,Shakin' Stevens,15,7,12
2025-12-27,12,Jingle Bell Rock,Bobby Helms,17,11,12
2025-12-27,13,Rockin' Around The Christmas Tree,Brenda Lee,14,5,13
2025-12-27,14,Feliz Navidad,Jose Feliciano,19,7,12
2025-12-27,15,It's Beginning To Look A Lot Like Christmas,Michael Buble,16,3,13
2025-12-27,16,Where Is My Husband!,RAYE,7,3,13
2025-12-27,17,Wonderful Christmastime,Paul McCartney,21,12,10
2025-12-27,18,Let It Snow! Let It Snow! Let It Snow!,Dean Martin,23,15,8
2025-12-27,19,Do They Know It's Christmas?,Band Aid,-,14,8
2025-12-27,20,Loser,Roxy Dekker,8,3,5
2025-12-27,21,Ordinary,Alex Warren,12,1,45
2025-12-27,22,Mistletoe,Justin Bieber,25,19,5
2025-12-27,23,So Easy (To Fall In Love),Olivia Dean,22,8,10
2025-12-27,24,Holly Jolly Christmas,Michael Buble,-,16,6
2025-12-27,25,Golden,"HUNTR/X: EJAE, Audrey Nuna & REI AMI",18,1,21
2026-01-03,1,Last Christmas,Wham!,1,1,23
2026-01-03,2,All I Want For Christmas Is You,Mariah Carey,2,1,24
2026-01-03,3,Driving Home For Christmas,Chris Rea,10,3,14
2026-01-03,4,Underneath The Tree,Kelly Clarkson,4,4,16
2026-01-03,5,It's The Most Wonderful Time Of The Year,Andy Williams,9,3,14
2026-01-03,6,Merry Christmas Everyone,Shakin' Stevens,11,6,13
2026-01-03,7,Sleigh Ride,The Ronettes,8,6,13
2026-01-03,8,Snowman,Sia,5,3,15
2026-01-03,9,Jingle Bell Rock,Bobby Helms,12,9,13
2026-01-03,10,Rockin' Around The Christmas Tree,Brenda Lee,13,5,14
2026-01-03,11,Feliz Navidad,Jose Feliciano,14,7,13
2026-01-03,12,Santa Tell Me,Ariana Grande,7,4,16
2026-01-03,13,It's Beginning To Look A Lot Like Christmas,Michael Buble,15,3,14
2026-01-03,14,Wonderful Christmastime,Paul McCartney,17,12,11
2026-01-03,15,Let It Snow! Let It Snow! Let It Snow!,Dean Martin,18,15,9
2026-01-03,16,Do They Know It's Christmas?,Band Aid,19,14,9
2026-01-03,17,Holly Jolly Christmas,Michael Buble,24,16,7
2026-01-03,18,Happy Xmas (War Is Over),John & Yoko/The Plastic Ono Band With The Harlem Community Choir,-,18,4
2026-01-03,19,Mistletoe,Justin Bieber,22,19,6
2026-01-03,20,The Fate Of Ophelia,Taylor Swift,3,1,12
2026-01-03,21,Thank God It's Christmas,Queen,-,17,2
2026-01-03,22,Merry Christmas,Ed Sheeran & Elton John,-,21,3
2026-01-03,23,Why Couldn't It Be Christmas Everyday?,Bianca Ryan,-,22,2
2026-01-03,24,The Christmas Song (Merry Christmas To You),"Nat ""King"" Cole",-,24,1
2026-01-03,25,Lonely This Christmas,Mud,-,25,1
2026-01-10,1,The Fate Of Ophelia,Taylor Swift,20,1,13
2026-01-10,2,Man I Need,Olivia Dean,-,1,17
2026-01-10,3,Where Is My Husband!,RAYE,-,3,14
2026-01-10,4,Last Christmas,Wham!,1,1,24
2026-01-10,5,Golden,"HUNTR/X: EJAE, Audrey Nuna & REI AMI",-,1,22
2026-01-10,6,Lush Life,Zara Larsson,-,6,4
2026-01-10,7,All I Want For Christmas Is You,Mariah Carey,2,1,25
2026-01-10,8,Ordinary,Alex Warren,-,1,46
2026-01-10,9,So Easy (To Fall In Love),Olivia Dean,-,8,11
2026-01-10,10,Loser,Roxy Dekker,-,3,6
2026-01-10,11,Raindance,Dave & Tems,-,11,5
2026-01-10,12,Helaas,"Langa, Yssi SB & Rijck",-,1,14
2026-01-10,13,Driving Home For Christmas,Chris Rea,3,3,15
2026-01-10,14,12 To 12,sombr,-,10,13
2026-01-10,15,Baila de Gasolina,Effe Serieus,-,2,23
2026-01-10,16,No Broke Boys,Disco Lines & Tinashe,-,11,14
2026-01-10,17,Snowman,Sia,8,3,16
2026-01-10,18,Underneath The Tree,Kelly Clarkson,4,4,17
2026-01-10,19,Echte Liefde Is Te Koop,Samuel Welten,-,1,24
2026-01-10,20,Merry Christmas Everyone,Shakin' Stevens,6,6,14
2026-01-10,21,London,Lijpe Featuring Frenna,-,21,1
2026-01-10,22,Die On This Hill,Sienna Spiro,-,20,3
2026-01-10,23,It's The Most Wonderful Time Of The Year,Andy Williams,5,3,15
2026-01-10,24,I Run,HAVEN. Featuring Kaitlin Aragon,-,23,2
2026-01-10,25,Sleigh Ride,The Ronettes,7,6,14
2026-01-17,1,The Fate Of Ophelia,Taylor Swift,1,1,14
2026-01-17,2,Man I Need,Olivia Dean,2,1,18
2026-01-17,3,Where Is My Husband!,RAYE,3,3,15
2026-01-17,4,End Of Beginning,Djo,-,4,7
2026-01-17,5,Lush Life,Zara Larsson,6,5,5
2026-01-17,6,So Easy (To Fall In Love),Olivia Dean,9,6,12
2026-01-17,7,Ordinary,Alex Warren,8,1,47
2026-01-17,8,Golden,"HUNTR/X: EJAE, Audrey Nuna & REI AMI",5,1,23
2026-01-17,9,Raindance,Dave & Tems,11,9,6
2026-01-17,10,Loser,Roxy Dekker,10,3,7
2026-01-17,11,12 To 12,sombr,14,10,14
2026-01-17,12,Die On This Hill,Sienna Spiro,22,12,4
2026-01-17,13,Every Breath You Take,The Police,-,13,1
2026-01-17,14,No Broke Boys,Disco Lines & Tinashe,16,11,15
2026-01-17,15,I Run,HAVEN. Featuring Kaitlin Aragon,24,15,3
2026-01-17,16,Helaas,"Langa, Yssi SB & Rijck",12,1,15
2026-01-17,17,Undressed,sombr,-,14,16
2026-01-17,18,London,Lijpe Featuring Frenna,21,18,2
2026-01-17,19,Kan Je Me Zien,Bente,-,3,15
2026-01-17,20,Eternity,Alex Warren,-,13,18
2026-01-17,21,Hoogtevrees,Bente,-,21,1
2026-01-17,22,Chanel,Tyla,-,22,1
2026-01-17,23,Niemand,Suzan & Freek,-,1,7
2026-01-17,24,Back To Friends,sombr,-,17,12
2026-01-17,25,Africa,Toto,-,25,1
2026-01-24,1,The Fate Of Ophelia,Taylor Swift,1,1,15
2026-01-24,2,I Just Might,Bruno Mars,-,2,1
2026-01-24,3,Man I Need,Olivia Dean,2,1,19
2026-01-24,4,End Of Beginning,Djo,4,4,8
2026-01-24,5,Harder Dan Ik Spenden Kan,Bankzitters,-,5,1
2026-01-24,6,Where Is My Husband!,RAYE,3,3,16
2026-01-24,7,Lush Life,Zara Larsson,5,5,6
2026-01-24,8,Raindance,Dave & Tems,9,8,7
2026-01-24,9,So Easy (To Fall In Love),Olivia Dean,6,6,13
2026-01-24,10,Die On This Hill,Sienna Spiro,12,10,5
2026-01-24,11,Golden,"HUNTR/X: EJAE, Audrey Nuna & REI AMI",8,1,24
2026-01-24,12,Ordinary,Alex Warren,7,1,48
2026-01-24,13,Loser,Roxy Dekker,10,3,8
2026-01-24,14,12 To 12,sombr,11,10,15
2026-01-24,15,Winterbanden,KA,-,15,1
2026-01-24,16,I Run,HAVEN. Featuring Kaitlin Aragon,15,15,4
2026-01-24,17,Locked Out Of Heaven,Bruno Mars,-,17,1
2026-01-24,18,Hoogtevrees,Bente,21,18,2
2026-01-24,19,Helaas,"Langa, Yssi SB & Rijck",16,1,16
2026-01-24,20,No Broke Boys,Disco Lines & Tinashe,14,11,16
2026-01-24,21,No Days Off,KM Featuring Kevin,-,21,1
2026-01-24,22,Die With A Smile,Lady Gaga & Bruno Mars,-,1,39
2026-01-24,23,Kan Je Me Zien,Bente,19,3,16
2026-01-24,24,Every Breath You Take,The Police,13,13,2
2026-01-24,25,Undressed,sombr,17,14,17
2026-01-31,1,I Just Might,Bruno Mars,2,1,2
2026-01-31,2,Waar Was Je?,Qlas,-,2,1
2026-01-31,3,The Fate Of Ophelia,Taylor Swift,1,1,16
2026-01-31,4,Man I Need,Olivia Dean,3,1,20
2026-01-31,5,Raindance,Dave & Tems,8,5,8
2026-01-31,6,Where Is My Husband!,RAYE,6,3,17
2026-01-31,7,Lush Life,Zara Larsson,7,5,7
2026-01-31,8,Harder Dan Ik Spenden Kan,Bankzitters,5,5,2
2026-01-31,9,Heftig Man,"Idaly, Lil Kleine & Boef",-,9,1
2026-01-31,10,End Of Beginning,Djo,4,4,9
2026-01-31,11,Die On This Hill,Sienna Spiro,10,10,6
2026-01-31,12,So Easy (To Fall In Love),Olivia Dean,9,6,14
2026-01-31,13,Golden,"HUNTR/X: EJAE, Audrey Nuna & REI AMI",11,1,25
2026-01-31,14,12 To 12,sombr,14,10,16
2026-01-31,15,Loser,Roxy Dekker,13,3,9
2026-01-31,16,Ordinary,Alex Warren,12,1,49
2026-01-31,17,I Run,HAVEN. Featuring Kaitlin Aragon,16,15,5
2026-01-31,18,Helaas,"Langa, Yssi SB & Rijck",19,1,17
2026-01-31,19,Hoogtevrees,Bente,18,18,3
2026-01-31,20,Locked Out Of Heaven,Bruno Mars,17,17,2
2026-01-31,21,No Broke Boys,Disco Lines & Tinashe,20,11,17
2026-01-31,22,Midnight Sun,Zara Larsson,-,22,1
2026-01-31,23,No Days Off,KM Featuring Kevin,21,21,2
2026-01-31,24,Niet Nodig,Flemming & Metejoor,-,24,1
2026-01-31,25,Undressed,sombr,25,14,18
2026-02-07,1,Waar Was Je?,Qlas,2,1,2
2026-02-07,2,I Just Might,Bruno Mars,1,1,3
2026-02-07,3,Aperture,Harry Styles,-,3,1
2026-02-07,4,Where Is My Husband!,RAYE,6,3,18
2026-02-07,5,Man I Need,Olivia Dean,4,1,21
2026-02-07,6,The Fate Of Ophelia,Taylor Swift,3,1,17
2026-02-07,7,In de Olie,Bankzitters,-,7,1
2026-02-07,8,Raindance,Dave & Tems,5,5,9
2026-02-07,9,Lush Life,Zara Larsson,7,5,8
2026-02-07,10,Harder Dan Ik Spenden Kan,Bankzitters,8,5,3
2026-02-07,11,End Of Beginning,Djo,10,4,10
2026-02-07,12,So Easy (To Fall In Love),Olivia Dean,12,6,15
2026-02-07,13,Die On This Hill,Sienna Spiro,11,10,7
2026-02-07,14,12 To 12,sombr,14,10,17
2026-02-07,15,Golden,"HUNTR/X: EJAE, Audrey Nuna & REI AMI",13,1,26
2026-02-07,16,Loser,Roxy Dekker,15,3,10
2026-02-07,17,Ordinary,Alex Warren,16,1,50
2026-02-07,18,Heftig Man,"Idaly, Lil Kleine & Boef",9,9,2
2026-02-07,19,I Run,HAVEN. Featuring Kaitlin Aragon,17,15,6
2026-02-07,20,Helaas,"Langa, Yssi SB & Rijck",18,1,18
2026-02-07,21,Bare Minimum (Starboy),Frsh X KM X LA$$A,-,21,1
2026-02-07,22,Midnight Sun,Zara Larsson,22,22,2
2026-02-07,23,Niet Nodig,Flemming & Metejoor,24,23,2
2026-02-07,24,Hoogtevrees,Bente,19,18,4
2026-02-07,25,No Broke Boys,Disco Lines & Tinashe,21,11,18
2026-02-14,1,Waar Was Je?,Qlas,1,1,3
2026-02-14,2,I Just Might,Bruno Mars,2,1,4
2026-02-14,3,Man I Need,Olivia Dean,5,1,22
2026-02-14,4,Lijntje,Lil Kleine & Milolaathetlukken,-,4,1
2026-02-14,5,Where Is My Husband!,RAYE,4,3,19
2026-02-14,6,The Fate Of Ophelia,Taylor Swift,6,1,18
2026-02-14,7,In de Olie,Bankzitters,7,7,2
2026-02-14,8,Raindance,Dave & Tems,8,5,10
2026-02-14,9,Lush Life,Zara Larsson,9,5,9
2026-02-14,10,So Easy (To Fall In Love),Olivia Dean,12,6,16
2026-02-14,11,End Of Beginning,Djo,11,4,11
2026-02-14,12,Die On This Hill,Sienna Spiro,13,10,8
2026-02-14,13,Aperture,Harry Styles,3,3,2
2026-02-14,14,12 To 12,sombr,14,10,18
2026-02-14,15,Harder Dan Ik Spenden Kan,Bankzitters,10,5,4
2026-02-14,16,Ordinary,Alex Warren,17,1,51
2026-02-14,17,Golden,"HUNTR/X: EJAE, Audrey Nuna & REI AMI",15,1,27
2026-02-14,18,Heftig Man,"Idaly, Lil Kleine & Boef",18,9,3
2026-02-14,19,Loser,Roxy Dekker,16,3,11
2026-02-14,20,CD Van Mij,Ronnie Flex & AEDM,-,20,1
2026-02-14,21,Midnight Sun,Zara Larsson,22,21,3
2026-02-14,22,I Run,HAVEN. Featuring Kaitlin Aragon,19,15,7
2026-02-14,23,Helaas,"Langa, Yssi SB & Rijck",20,1,19
2026-02-14,24,Gone Gone Gone,"David Guetta , Teddy Swims & Tones And I",-,24,1
2026-02-14,25,Moet Dat Nou,Robert van Hemert & Donnie,-,25,1
2026-02-21,1,Waar Was Je?,Qlas,1,1,4
2026-02-21,2,DTMF,Bad Bunny,-,2,6
2026-02-21,3,Man I Need,Olivia Dean,3,1,23
2026-02-21,4,Lijntje,Lil Kleine & Milolaathetlukken,4,4,2
2026-02-21,5,I Just Might,Bruno Mars,2,1,5
2026-02-21,6,Vervreemd,Kevin Featuring Bente,-,6,1
2026-02-21,7,Raindance,Dave & Tems,8,5,11
2026-02-21,8,Where Is My Husband!,RAYE,5,3,20
2026-02-21,9,The Fate Of Ophelia,Taylor Swift,6,1,19
2026-02-21,10,Lush Life,Zara Larsson,9,5,10
2026-02-21,11,AMG Met Matje,Qlas Featuring Mula B,-,11,1
2026-02-21,12,So Easy (To Fall In Love),Olivia Dean,10,6,17
2026-02-21,13,Nuevayol,Bad Bunny,-,13,1
2026-02-21,14,Ordinary,Alex Warren,16,1,52
2026-02-21,15,12 To 12,sombr,14,10,19
2026-02-21,16,Zeg Dat Niet,Lil Kleine & Ronnie Flex,-,16,1
2026-02-21,17,Investeren In de Liefde,"SFB, Ronnie Flex, Lil Kleine & Bokoesam",-,17,1
2026-02-21,18,End Of Beginning,Djo,11,4,12
2026-02-21,19,Die On This Hill,Sienna Spiro,12,10,9
2026-02-21,20,CD Van Mij,Ronnie Flex & AEDM,20,20,2
2026-02-21,21,Baile Inolvidable,Bad Bunny,-,21,1
2026-02-21,22,Golden,"HUNTR/X: EJAE, Audrey Nuna & REI AMI",17,1,28
2026-02-21,23,Jij Kan Chillen Met Mij,SFB,-,23,1
2026-02-21,24,Langste SMS,Frenna,-,24,1
2026-02-21,25,Harder Dan Ik Spenden Kan,Bankzitters,15,5,5
2026-02-28,1,Man I Need,Olivia Dean,3,1,24
2026-02-28,2,DTMF,Bad Bunny,2,2,7
2026-02-28,3,I Just Might,Bruno Mars,5,1,6
2026-02-28,4,Waar Was Je?,Qlas,1,1,5
2026-02-28,5,Lijntje,Lil Kleine & Milolaathetlukken,4,4,3
2026-02-28,6,Where Is My Husband!,RAYE,8,3,21
2026-02-28,7,Raindance,Dave & Tems,7,5,12
2026-02-28,8,Lush Life,Zara Larsson,10,5,11
2026-02-28,9,The Fate Of Ophelia,Taylor Swift,9,1,20
2026-02-28,10,So Easy (To Fall In Love),Olivia Dean,12,6,18
2026-02-28,11,Nuevayol,Bad Bunny,13,11,2
2026-02-28,12,12 To 12,sombr,15,10,20
2026-02-28,13,Ordinary,Alex Warren,14,1,53
2026-02-28,14,Vervreemd,Kevin Featuring Bente,6,6,2
2026-02-28,15,AMG Met Matje,Qlas Featuring Mula B,11,11,2
2026-02-28,16,End Of Beginning,Djo,18,4,13
2026-02-28,17,Die On This Hill,Sienna Spiro,19,10,10
2026-02-28,18,Titi Me Pregunto,Bad Bunny,-,18,1
2026-02-28,19,Golden,"HUNTR/X: EJAE, Audrey Nuna & REI AMI",22,1,29
2026-02-28,20,CD Van Mij,Ronnie Flex & AEDM,20,20,3
2026-02-28,21,Homewrecker,sombr,-,21,1
2026-02-28,22,Baila de Gasolina,Effe Serieus,-,2,24
2026-02-28,23,De Tent Moet Op Z'n Kop,Likke Pehp,-,23,1
2026-02-28,24,Baile Inolvidable,Bad Bunny,21,21,2
2026-02-28,25,Midnight Sun,Zara Larsson,-,21,4
2026-03-07,1,Lekker voor je,Lil Kleine,-,1,1
2026-03-07,2,Lijntje,Lil Kleine & Milolaathetlukken,5,2,4
2026-03-07,3,Man I Need,Olivia Dean,1,1,25
2026-03-07,4,I Just Might,Bruno Mars,3,1,7
2026-03-07,5,Where Is My Husband!,RAYE,6,3,22
2026-03-07,6,Raindance,Dave & Tems,7,5,13
2026-03-07,7,Waar Was Je?,Qlas,4,1,6
2026-03-07,8,DTMF,Bad Bunny,2,2,8
2026-03-07,9,So Easy (To Fall In Love),Olivia Dean,10,6,19
2026-03-07,10,The Fate Of Ophelia,Taylor Swift,9,1,21
2026-03-07,11,Lush Life,Zara Larsson,8,5,12
2026-03-07,12,12 To 12,sombr,12,10,21
2026-03-07,13,Die On This Hill,Sienna Spiro,17,10,11
2026-03-07,14,Homewrecker,sombr,21,14,2
2026-03-07,15,CD Van Mij,Ronnie Flex & AEDM,20,15,4
2026-03-07,16,Ordinary,Alex Warren,13,1,54
2026-03-07,17,End Of Beginning,Djo,16,4,14
2026-03-07,18,Vervreemd,Kevin Featuring Bente,14,6,3
2026-03-07,19,Golden,"HUNTR/X: EJAE, Audrey Nuna & REI AMI",19,1,30
2026-03-07,20,Nuevayol,Bad Bunny,11,11,3
2026-03-07,21,Bare Minimum (Starboy),Frsh X KM X LA$$A,-,21,2
2026-03-07,22,Stateside,PinkPantheress With Zara Larsson,-,22,1
2026-03-07,23,Midnight Sun,Zara Larsson,25,21,5
2026-03-07,24,Moet Dat Nou,Robert van Hemert & Donnie,-,24,2
2026-03-07,25,AMG Met Matje,Qlas Featuring Mula B,15,11,3
2026-03-14,1,Lekker voor je,Lil Kleine,1,1,2
2026-03-14,2,Lijntje,Lil Kleine & Milolaathetlukken,2,2,5
2026-03-14,3,OKE,Lil Kleine,-,3,1
2026-03-14,4,I Just Might,Bruno Mars,4,1,8
2026-03-14,5,Ghetto,Lil Kleine,-,5,1
2026-03-14,6,Fever Dream,Alex Warren,-,6,1
2026-03-14,7,Psycholoog,Lil Kleine,-,7,1
2026-03-14,8,Vliegtuig Pt2,Lil Kleine,-,8,1
2026-03-14,9,Fashionweek,Lil Kleine Featuring Jonna Fraser,-,9,1
2026-03-14,10,Man I Need,Olivia Dean,3,1,26
2026-03-14,11,Puinhoop,Lil Kleine,-,11,2
2026-03-14,12,Lio,Lil Kleine,-,12,1
2026-03-14,13,Uitslover,Samuel Welten & Bankzitters,-,13,1
2026-03-14,14,Risk It All,Bruno Mars,-,14,1
2026-03-14,15,Where Is My Husband!,RAYE,5,3,23
2026-03-14,16,So Easy (To Fall In Love),Olivia Dean,9,6,20
2026-03-14,17,Wolken,Lil Kleine Featuring KA,-,10,4
2026-03-14,18,Body2Body,Lil Kleine Featuring Jerr & Mensa,-,18,1
2026-03-14,19,Raindance,Dave & Tems,6,5,14
2026-03-14,20,Stateside,PinkPantheress With Zara Larsson,22,20,2
2026-03-14,21,Niet Van Mij,Lil Kleine Featuring Idaly,-,21,1
2026-03-14,22,Lies,Lil Kleine & Yade Lauren,-,3,10
2026-03-14,23,Lush Life,Zara Larsson,11,5,13
2026-03-14,24,The Fate Of Ophelia,Taylor Swift,10,1,22
2026-03-14,25,Cipriani,Lil Kleine,-,25,1
2026-03-21,1,Lekker voor je,Lil Kleine,1,1,3
2026-03-21,2,Lijntje,Lil Kleine & Milolaathetlukken,2,2,6
2026-03-21,3,Fever Dream,Alex Warren,6,3,2
2026-03-21,4,I Just Might,Bruno Mars,4,1,9
2026-03-21,5,Man I Need,Olivia Dean,10,1,27
2026-03-21,6,American Girls,Harry Styles,-,6,1
2026-03-21,7,OKE,Lil Kleine,3,3,2
2026-03-21,8,Bare Minimum (Starboy),Frsh X KM X LA$$A,-,8,3
2026-03-21,9,Ghetto,Lil Kleine,5,5,2
2026-03-21,10,Where Is My Husband!,RAYE,15,3,24
2026-03-21,11,So Easy (To Fall In Love),Olivia Dean,16,6,21
2026-03-21,12,Stateside,PinkPantheress With Zara Larsson,20,12,3
2026-03-21,13,Uitslover,Samuel Welten & Bankzitters,13,13,2
2026-03-21,14,Lush Life,Zara Larsson,23,5,14
2026-03-21,15,Raindance,Dave & Tems,19,5,15
2026-03-21,16,Iloveitiloveitiloveit,Bella Kay,-,16,1
2026-03-21,17,12 To 12,sombr,-,10,22
2026-03-21,18,Fashionweek,Lil Kleine Featuring Jonna Fraser,9,9,2
2026-03-21,19,The Fate Of Ophelia,Taylor Swift,24,1,23
2026-03-21,20,Aperture,Harry Styles,-,3,3
2026-03-21,21,Rein Me In,Sam Fender & Olivia Dean,-,21,1
2026-03-21,22,"Ready, Steady, Go!",Harry Styles,-,22,1
2026-03-21,23,Risk It All,Bruno Mars,14,14,2
2026-03-21,24,Puinhoop,Lil Kleine,11,11,3
2026-03-21,25,Are You Listening Yet?,Harry Styles,-,25,1
2026-03-28,1,Lijntje,Lil Kleine & Milolaathetlukken,2,1,7
2026-03-28,2,Lekker voor je,Lil Kleine,1,1,4
2026-03-28,3,Iloveitiloveitiloveit,Bella Kay,16,3,2
2026-03-28,4,Fever Dream,Alex Warren,3,3,3
2026-03-28,5,I Just Might,Bruno Mars,4,1,10
2026-03-28,6,Man I Need,Olivia Dean,5,1,28
2026-03-28,7,American Girls,Harry Styles,6,6,2
2026-03-28,8,Bare Minimum (Starboy),Frsh X KM X LA$$A,8,8,4
2026-03-28,9,Rein Me In,Sam Fender & Olivia Dean,21,9,2
2026-03-28,10,Raindance,Dave & Tems,15,5,16
2026-03-28,11,So Easy (To Fall In Love),Olivia Dean,11,6,22
2026-03-28,12,Stateside,PinkPantheress With Zara Larsson,12,12,4
2026-03-28,13,OKE,Lil Kleine,7,3,3
2026-03-28,14,Where Is My Husband!,RAYE,10,3,25
2026-03-28,15,Fashionweek,Lil Kleine Featuring Jonna Fraser,18,9,3
2026-03-28,16,Uitslover,Samuel Welten & Bankzitters,13,13,3
2026-03-28,17,Lush Life,Zara Larsson,14,5,15
2026-03-28,18,Ghetto,Lil Kleine,9,5,3
2026-03-28,19,12 To 12,sombr,17,10,23
2026-03-28,20,White Keys,Dominic Fike,-,20,1
2026-03-28,21,The Fate Of Ophelia,Taylor Swift,19,1,24
2026-03-28,22,Babydoll,Dominic Fike,-,22,1
2026-03-28,23,Halverwege,Suzan & Freek,-,23,1
2026-03-28,24,Hans Kazan,Dopebwoy,-,24,1
2026-03-28,25,Midnight Sun,Zara Larsson,-,21,6
2026-04-04,1,Lijntje,Lil Kleine & Milolaathetlukken,1,1,8
2026-04-04,2,Iloveitiloveitiloveit,Bella Kay,3,2,3
2026-04-04,3,Rein Me In,Sam Fender & Olivia Dean,9,3,3
2026-04-04,4,Fever Dream,Alex Warren,4,3,4
2026-04-04,5,Man I Need,Olivia Dean,6,1,29
2026-04-04,6,I Just Might,Bruno Mars,5,1,11
2026-04-04,7,Bare Minimum (Starboy),Frsh X KM X LA$$A,8,7,5
2026-04-04,8,Raindance,Dave & Tems,10,5,17
2026-04-04,9,Lekker voor je,Lil Kleine,2,1,5
2026-04-04,10,So Easy (To Fall In Love),Olivia Dean,11,6,23
2026-04-04,11,White Keys,Dominic Fike,20,11,2
2026-04-04,12,Babydoll,Dominic Fike,22,12,2
2026-04-04,13,Fashionweek,Lil Kleine Featuring Jonna Fraser,15,9,4
2026-04-04,14,American Girls,Harry Styles,7,6,3
2026-04-04,15,Where Is My Husband!,RAYE,14,3,26
2026-04-04,16,12 To 12,sombr,19,10,24
2026-04-04,17,Stateside,PinkPantheress With Zara Larsson,12,12,5
2026-04-04,18,Lush Life,Zara Larsson,17,5,16
2026-04-04,19,Uitslover,Samuel Welten & Bankzitters,16,13,4
2026-04-04,20,OKE,Lil Kleine,13,3,4
2026-04-04,21,Moet Dat Nou,Robert van Hemert & Donnie,-,21,3
2026-04-04,22,Halverwege,Suzan & Freek,23,22,2
2026-04-04,23,Dracula,Tame Impala & JENNIE,-,22,3
2026-04-04,24,The Fate Of Ophelia,Taylor Swift,21,1,25
2026-04-04,25,Ghetto,Lil Kleine,18,5,4
2026-04-11,1,Lijntje,Lil Kleine & Milolaathetlukken,1,1,9
2026-04-11,2,Iloveitiloveitiloveit,Bella Kay,2,2,4
2026-04-11,3,Rein Me In,Sam Fender & Olivia Dean,3,3,4
2026-04-11,4,Bare Minimum (Starboy),Frsh X KM X LA$$A,7,4,6
2026-04-11,5,Fever Dream,Alex Warren,4,3,5
2026-04-11,6,Man I Need,Olivia Dean,5,1,30
2026-04-11,7,I Just Might,Bruno Mars,6,1,12
2026-04-11,8,Babydoll,Dominic Fike,12,8,3
2026-04-11,9,Raindance,Dave & Tems,8,5,18
2026-04-11,10,Where Is My Husband!,RAYE,15,3,27
2026-04-11,11,White Keys,Dominic Fike,11,11,3
2026-04-11,12,Fashionweek,Lil Kleine Featuring Jonna Fraser,13,9,5
2026-04-11,13,So Easy (To Fall In Love),Olivia Dean,10,6,24
2026-04-11,14,Lekker voor je,Lil Kleine,9,1,6
2026-04-11,15,12 To 12,sombr,16,10,25
2026-04-11,16,Dracula,Tame Impala & JENNIE,23,16,4
2026-04-11,17,Stateside,PinkPantheress With Zara Larsson,17,12,6
2026-04-11,18,Lush Life,Zara Larsson,18,5,17
2026-04-11,19,Moet Dat Nou,Robert van Hemert & Donnie,21,19,4
2026-04-11,20,Ordinary,Alex Warren,-,1,55
2026-04-11,21,The Fate Of Ophelia,Taylor Swift,24,1,26
2026-04-11,22,American Girls,Harry Styles,14,6,4
2026-04-11,23,Halverwege,Suzan & Freek,22,22,3
2026-04-11,24,Uitslover,Samuel Welten & Bankzitters,19,13,5
2026-04-11,25,OKE,Lil Kleine,20,3,5
2026-04-18,1,Drugsprobleem,Lil Kleine,-,1,1
2026-04-18,2,Fever Dream,Alex Warren,5,2,6
2026-04-18,3,Lijntje,Lil Kleine & Milolaathetlukken,1,1,10
2026-04-18,4,Iloveitiloveitiloveit,Bella Kay,2,2,5
2026-04-18,5,Rein Me In,Sam Fender & Olivia Dean,3,3,5
2026-04-18,6,I Just Might,Bruno Mars,7,1,13
2026-04-18,7,Bare Minimum (Starboy),Frsh X KM X LA$$A,4,4,7
2026-04-18,8,Man I Need,Olivia Dean,6,1,31
2026-04-18,9,Babydoll,Dominic Fike,8,8,4
2026-04-18,10,Moet Dat Nou,Robert van Hemert & Donnie,19,10,5
2026-04-18,11,Where Is My Husband!,RAYE,10,3,28
2026-04-18,12,White Keys,Dominic Fike,11,11,4
2026-04-18,13,Raindance,Dave & Tems,9,5,19
2026-04-18,14,So Easy (To Fall In Love),Olivia Dean,13,6,25
2026-04-18,15,Dracula,Tame Impala & JENNIE,16,15,5
2026-04-18,16,Lush Life,Zara Larsson,18,5,18
2026-04-18,17,Talk To You,ANOTR Featuring 54 Ultra,-,17,1
2026-04-18,18,Ordinary,Alex Warren,20,1,56
2026-04-18,19,12 To 12,sombr,15,10,26
2026-04-18,20,Homewrecker,sombr,-,14,3
2026-04-18,21,Fashionweek,Lil Kleine Featuring Jonna Fraser,12,9,6
2026-04-18,22,Magnetic,The Bausa,-,22,1
2026-04-18,23,Stateside,PinkPantheress With Zara Larsson,17,12,7
2026-04-18,24,The Fate Of Ophelia,Taylor Swift,21,1,27
2026-04-18,25,Lekker voor je,Lil Kleine,14,1,7
2026-04-25,1,Fever Dream,Alex Warren,2,1,7
2026-04-25,2,Iloveitiloveitiloveit,Bella Kay,4,2,6
2026-04-25,3,Rein Me In,Sam Fender & Olivia Dean,5,3,6
2026-04-25,4,I Just Might,Bruno Mars,6,1,14
2026-04-25,5,Bare Minimum (Starboy),Frsh X KM X LA$$A,7,4,8
2026-04-25,6,Lijntje,Lil Kleine & Milolaathetlukken,3,1,11
2026-04-25,7,Babydoll,Dominic Fike,9,7,5
2026-04-25,8,Man I Need,Olivia Dean,8,1,32
2026-04-25,9,White Keys,Dominic Fike,12,9,5
2026-04-25,10,Dracula,Tame Impala & JENNIE,15,10,6
2026-04-25,11,Drugsprobleem,Lil Kleine,1,1,2
2026-04-25,12,Talk To You,ANOTR Featuring 54 Ultra,17,12,2
2026-04-25,13,Moet Dat Nou,Robert van Hemert & Donnie,10,10,6
2026-04-25,14,Beauty And A Beat,Justin Bieber Featuring Nicki Minaj,-,14,1
2026-04-25,15,Raindance,Dave & Tems,13,5,20
2026-04-25,16,Where Is My Husband!,RAYE,11,3,29
2026-04-25,17,So Easy (To Fall In Love),Olivia Dean,14,6,26
2026-04-25,18,Lush Life,Zara Larsson,16,5,19
2026-04-25,19,Homewrecker,sombr,20,14,4
2026-04-25,20,12 To 12,sombr,19,10,27
2026-04-25,21,Magnetic,The Bausa,22,21,2
2026-04-25,22,Ordinary,Alex Warren,18,1,57
2026-04-25,23,Risk It All,Bruno Mars,-,14,3
2026-04-25,24,Stateside,PinkPantheress With Zara Larsson,23,12,8
2026-04-25,25,The Fate Of Ophelia,Taylor Swift,24,1,28
2026-05-02,1,Beauty And A Beat,Justin Bieber Featuring Nicki Minaj,14,1,2
2026-05-02,2,Fever Dream,Alex Warren,1,1,8
2026-05-02,3,I Just Might,Bruno Mars,4,1,15
2026-05-02,4,Rein Me In,Sam Fender & Olivia Dean,3,3,7
2026-05-02,5,Bare Minimum (Starboy),Frsh X KM X LA$$A,5,4,9
2026-05-02,6,Iloveitiloveitiloveit,Bella Kay,2,2,7
2026-05-02,7,Daisies,Justin Bieber,-,7,16
2026-05-02,8,Lijntje,Lil Kleine & Milolaathetlukken,6,1,12
2026-05-02,9,Moet Dat Nou,Robert van Hemert & Donnie,13,9,7
2026-05-02,10,Babydoll,Dominic Fike,7,7,6
2026-05-02,11,Man I Need,Olivia Dean,8,1,33
2026-05-02,12,Dracula,Tame Impala & JENNIE,10,10,7
2026-05-02,13,Talk To You,ANOTR Featuring 54 Ultra,12,12,3
2026-05-02,14,Drop Dead,Olivia Rodrigo,-,14,1
2026-05-02,15,White Keys,Dominic Fike,9,9,6
2026-05-02,16,Ola Ole Olee,Kinderen Voor Kinderen,-,16,1
2026-05-02,17,Homewrecker,sombr,19,14,5
2026-05-02,18,So Easy (To Fall In Love),Olivia Dean,17,6,27
2026-05-02,19,Where Is My Husband!,RAYE,16,3,30
2026-05-02,20,Magnetic,The Bausa,21,20,3
2026-05-02,21,Raindance,Dave & Tems,15,5,21
2026-05-02,22,Lush Life,Zara Larsson,18,5,20
2026-05-02,23,12 To 12,sombr,20,10,28
2026-05-02,24,Cheerio,Justen de Wildt,-,24,1
2026-05-02,25,Risk It All,Bruno Mars,23,14,4
2026-05-09,1,Maak Me Nou Niet Gek,Lil Kleine Featuring Samuel Welten,-,1,1
2026-05-09,2,Moet Dat Nou,Robert van Hemert & Donnie,9,2,8
2026-05-09,3,Beauty And A Beat,Justin Bieber Featuring Nicki Minaj,1,1,3
2026-05-09,4,Cheerio,Justen de Wildt,24,4,2
2026-05-09,5,Punta Cana,"Ronnie Flex, Antje, Carel van der Velden & DJ DYLVN",-,5,1
2026-05-09,6,Talk To You,ANOTR Featuring 54 Ultra,13,6,4
2026-05-09,7,Fever Dream,Alex Warren,2,1,9
2026-05-09,8,Rein Me In,Sam Fender & Olivia Dean,4,3,8
2026-05-09,9,I Just Might,Bruno Mars,3,1,16
2026-05-09,10,Lijntje,Lil Kleine & Milolaathetlukken,8,1,13
2026-05-09,11,Bare Minimum (Starboy),Frsh X KM X LA$$A,5,4,10
2026-05-09,12,Magnetic,The Bausa,20,12,4
2026-05-09,13,Man I Need,Olivia Dean,11,1,34
2026-05-09,14,Iloveitiloveitiloveit,Bella Kay,6,2,8
2026-05-09,15,Babydoll,Dominic Fike,10,7,7
2026-05-09,16,Uitslover,Samuel Welten & Bankzitters,-,13,6
2026-05-09,17,Dracula,Tame Impala & JENNIE,12,10,8
2026-05-09,18,White Keys,Dominic Fike,15,9,7
2026-05-09,19,Daisies,Justin Bieber,7,7,17
2026-05-09,20,So Easy (To Fall In Love),Olivia Dean,18,6,28
2026-05-09,21,Homewrecker,sombr,17,14,6
2026-05-09,22,Waar Blijf Je Nou,Donnie & Senna,-,22,1
2026-05-09,23,Echte Liefde Is Te Koop,Samuel Welten,-,1,25
2026-05-09,24,Raindance,Dave & Tems,21,5,22
2026-05-09,25,Lush Life,Zara Larsson,22,5,21
2026-05-16,1,Jij Hebt Mij,Kevin Featuring Roxy Dekker,-,1,1
2026-05-16,2,Maak Me Nou Niet Gek,Lil Kleine Featuring Samuel Welten,1,1,2
2026-05-16,3,Punta Cana,"Ronnie Flex, Antje, Carel van der Velden & DJ DYLVN",5,3,2
2026-05-16,4,Cheerio,Justen de Wildt,4,4,3
2026-05-16,5,Moet Dat Nou,Robert van Hemert & Donnie,2,2,9
2026-05-16,6,Beauty And A Beat,Justin Bieber Featuring Nicki Minaj,3,1,4
2026-05-16,7,Rein Me In,Sam Fender & Olivia Dean,8,3,9
2026-05-16,8,Talk To You,ANOTR Featuring 54 Ultra,6,6,5
2026-05-16,9,I Just Might,Bruno Mars,9,1,17
2026-05-16,10,Bare Minimum (Starboy),Frsh X KM X LA$$A,11,4,11
2026-05-16,11,Lijntje,Lil Kleine & Milolaathetlukken,10,1,14
2026-05-16,12,Magnetic,The Bausa,12,12,5
2026-05-16,13,Fever Dream,Alex Warren,7,1,10
2026-05-16,14,Man I Need,Olivia Dean,13,1,35
2026-05-16,15,Iloveitiloveitiloveit,Bella Kay,14,2,9
2026-05-16,16,Billie Jean,Michael Jackson,-,16,1
2026-05-16,17,Babydoll,Dominic Fike,15,7,8
2026-05-16,18,Dracula,Tame Impala & JENNIE,17,10,9
2026-05-16,19,Uitslover,Samuel Welten & Bankzitters,16,13,7
2026-05-16,20,Homewrecker,sombr,21,14,7
2026-05-16,21,White Keys,Dominic Fike,18,9,8
2026-05-16,22,Midnight Sun,Zara Larsson,-,21,7
2026-05-16,23,So Easy (To Fall In Love),Olivia Dean,20,6,29
2026-05-16,24,Lush Life,Zara Larsson,25,5,22
2026-05-16,25,American Girls,Harry Styles,-,6,5
2026-05-23,1,Jij Hebt Mij,Kevin Featuring Roxy Dekker,1,1,2
2026-05-23,2,Moet Dat Nou,Robert van Hemert & Donnie,5,2,10
2026-05-23,3,Cheerio,Justen de Wildt,4,3,4
2026-05-23,4,Maak Me Nou Niet Gek,Lil Kleine Featuring Samuel Welten,2,1,3
2026-05-23,5,Punta Cana,"Ronnie Flex, Antje, Carel van der Velden & DJ DYLVN",3,3,3
2026-05-23,6,Rein Me In,Sam Fender & Olivia Dean,7,3,10
2026-05-23,7,Beauty And A Beat,Justin Bieber Featuring Nicki Minaj,6,1,5
2026-05-23,8,Talk To You,ANOTR Featuring 54 Ultra,8,6,6
2026-05-23,9,Bare Minimum (Starboy),Frsh X KM X LA$$A,10,4,12
2026-05-23,10,Magnetic,The Bausa,12,10,6
2026-05-23,11,Billie Jean,Michael Jackson,16,11,2
2026-05-23,12,I Just Might,Bruno Mars,9,1,18
2026-05-23,13,Man I Need,Olivia Dean,14,1,36
2026-05-23,14,Lijntje,Lil Kleine & Milolaathetlukken,11,1,15
2026-05-23,15,Hoog,"Trobi, KA & Yade Lauren",-,15,1
2026-05-23,16,STARLIFE,Frenna,-,16,1
2026-05-23,17,Toxic,Josylvio Featuring Yung Felix,-,17,1
2026-05-23,18,Fever Dream,Alex Warren,13,1,11
2026-05-23,19,Iloveitiloveitiloveit,Bella Kay,15,2,10
2026-05-23,20,Regragui,Lijpe,-,20,1
2026-05-23,21,Dracula,Tame Impala & JENNIE,18,10,10
2026-05-23,22,Beat It,Michael Jackson,-,22,1
2026-05-23,23,So Easy (To Fall In Love),Olivia Dean,23,6,30
2026-05-23,24,Babydoll,Dominic Fike,17,7,9
2026-05-23,25,American Girls,Harry Styles,25,6,6
2026-05-30,1,Ewa Safi,Noano & Lil Kleine,-,1,1
2026-05-30,2,Jij Hebt Mij,Kevin Featuring Roxy Dekker,1,1,3
2026-05-30,3,Cheerio,Justen de Wildt,3,3,5
2026-05-30,4,Moet Dat Nou,Robert van Hemert & Donnie,2,2,11
2026-05-30,5,Maak Me Nou Niet Gek,Lil Kleine Featuring Samuel Welten,4,1,4
2026-05-30,6,Hoog,"Trobi, KA & Yade Lauren",15,6,2
2026-05-30,7,Billie Jean,Michael Jackson,11,7,3
2026-05-30,8,Rein Me In,Sam Fender & Olivia Dean,6,3,11
2026-05-30,9,Beauty And A Beat,Justin Bieber Featuring Nicki Minaj,7,1,6
2026-05-30,10,Punta Cana,"Ronnie Flex, Antje, Carel van der Velden & DJ DYLVN",5,3,4
2026-05-30,11,American Girls,Harry Styles,25,6,7
2026-05-30,12,Bare Minimum (Starboy),Frsh X KM X LA$$A,9,4,13
2026-05-30,13,Talk To You,ANOTR Featuring 54 Ultra,8,6,7
2026-05-30,14,Magnetic,The Bausa,10,10,7
2026-05-30,15,I Just Might,Bruno Mars,12,1,19
2026-05-30,16,Beat It,Michael Jackson,22,16,2
2026-05-30,17,Man I Need,Olivia Dean,13,1,37
2026-05-30,18,Human Nature,Michael Jackson,-,18,1
2026-05-30,19,Fever Dream,Alex Warren,18,1,12
2026-05-30,20,Lijntje,Lil Kleine & Milolaathetlukken,14,1,16
2026-05-30,21,National Treasures,Drake,-,21,1
2026-05-30,22,Dracula,Tame Impala & JENNIE,21,10,11
2026-05-30,23,Halverwege,Suzan & Freek,-,22,4
2026-05-30,24,Janice STFU,Drake,-,24,1
2026-05-30,25,Iloveitiloveitiloveit,Bella Kay,19,2,11
2026-06-06,1,Cheerio,Justen de Wildt,3,1,6
2026-06-06,2,Jij Hebt Mij,Kevin Featuring Roxy Dekker,2,1,4
2026-06-06,3,Ewa Safi,Noano & Lil Kleine,1,1,2
2026-06-06,4,Moet Dat Nou,Robert van Hemert & Donnie,4,2,12
2026-06-06,5,Talk To You,ANOTR Featuring 54 Ultra,13,5,8
2026-06-06,6,Multimiljonair,Bankzitters,-,6,1
2026-06-06,7,Magnetic,The Bausa,14,7,8
2026-06-06,8,Maak Me Nou Niet Gek,Lil Kleine Featuring Samuel Welten,5,1,5
2026-06-06,9,Bare Minimum (Starboy),Frsh X KM X LA$$A,12,4,14
2026-06-06,10,Billie Jean,Michael Jackson,7,7,4
2026-06-06,11,Hoog,"Trobi, KA & Yade Lauren",6,6,3
2026-06-06,12,Rein Me In,Sam Fender & Olivia Dean,8,3,12
2026-06-06,13,Jamaican (Bam Bam),HUGEL & SOLTO,-,13,1
2026-06-06,14,Beauty And A Beat,Justin Bieber Featuring Nicki Minaj,9,1,7
2026-06-06,15,Punta Cana,"Ronnie Flex, Antje, Carel van der Velden & DJ DYLVN",10,3,5
2026-06-06,16,American Girls,Harry Styles,11,6,8
2026-06-06,17,Free Your Mind,Prospa & Cloonee,-,17,1
2026-06-06,18,I Just Might,Bruno Mars,15,1,20
2026-06-06,19,The Cure,Olivia Rodrigo,-,19,1
2026-06-06,20,Man I Need,Olivia Dean,17,1,38
2026-06-06,21,Beat It,Michael Jackson,16,16,3
2026-06-06,22,Fever Dream,Alex Warren,19,1,13
2026-06-06,23,Lush Life,Zara Larsson,-,5,23
2026-06-06,24,Waar Blijf Je Nou,Donnie & Senna,-,22,2
2026-06-06,25,Midnight Sun,Zara Larsson,-,21,8
2026-06-13,1,POPULAIR,Idaly Featuring Ronnie Flex & Frenna,-,1,1
2026-06-13,2,Cheerio,Justen de Wildt,1,1,7
2026-06-13,3,Moet Dat Nou,Robert van Hemert & Donnie,4,2,13
2026-06-13,4,Jij Hebt Mij,Kevin Featuring Roxy Dekker,2,1,5
2026-06-13,5,Ewa Safi,Noano & Lil Kleine,3,1,3
2026-06-13,6,Talk To You,ANOTR Featuring 54 Ultra,5,5,9
2026-06-13,7,Magnetic,The Bausa,7,7,9
2026-06-13,8,Billie Jean,Michael Jackson,10,7,5
2026-06-13,9,Bare Minimum (Starboy),Frsh X KM X LA$$A,9,4,15
2026-06-13,10,Hoog,"Trobi, KA & Yade Lauren",11,6,4
2026-06-13,11,Rein Me In,Sam Fender & Olivia Dean,12,3,13
2026-06-13,12,Hate That I Made You Love Me,Ariana Grande,-,12,1
2026-06-13,13,Beauty And A Beat,Justin Bieber Featuring Nicki Minaj,14,1,8
2026-06-13,14,Jamaican (Bam Bam),HUGEL & SOLTO,13,13,2
2026-06-13,15,Maak Me Nou Niet Gek,Lil Kleine Featuring Samuel Welten,8,1,6
2026-06-13,16,American Girls,Harry Styles,16,6,9
2026-06-13,17,Multimiljonair,Bankzitters,6,6,2
2026-06-13,18,Dai Dai (FIFA World Cup Official Song 2026),Shakira X Burna Boy,-,18,1
2026-06-13,19,I Just Might,Bruno Mars,18,1,21
2026-06-13,20,Free Your Mind,Prospa & Cloonee,17,17,2
2026-06-13,21,The Cure,Olivia Rodrigo,19,19,2
2026-06-13,22,Fever Dream,Alex Warren,22,1,14
2026-06-13,23,De Enige,Antoon,-,23,1
2026-06-13,24,Punta Cana,"Ronnie Flex, Antje, Carel van der Velden & DJ DYLVN",15,3,6
2026-06-13,25,Beat It,Michael Jackson,21,16,4
2026-06-20,1,POPULAIR,Idaly Featuring Ronnie Flex & Frenna,1,1,2
2026-06-20,2,Cheerio,Justen de Wildt,2,1,8
2026-06-20,3,Pile,Mauvais djo,-,3,1
2026-06-20,4,Zandloopster,Robert van Hemert,-,4,1
2026-06-20,5,Moet Dat Nou,Robert van Hemert & Donnie,3,2,14
2026-06-20,6,Jij Hebt Mij,Kevin Featuring Roxy Dekker,4,1,6
2026-06-20,7,Ewa Safi,Noano & Lil Kleine,5,1,4
2026-06-20,8,Billie Jean,Michael Jackson,8,7,6
2026-06-20,9,Dai Dai (FIFA World Cup Official Song 2026),Shakira X Burna Boy,18,9,2
2026-06-20,10,Talk To You,ANOTR Featuring 54 Ultra,6,5,10
2026-06-20,11,Magnetic,The Bausa,7,7,10
2026-06-20,12,Hate That I Made You Love Me,Ariana Grande,12,12,2
2026-06-20,13,Rein Me In,Sam Fender & Olivia Dean,11,3,14
2026-06-20,14,Bare Minimum (Starboy),Frsh X KM X LA$$A,9,4,16
2026-06-20,15,Jamaican (Bam Bam),HUGEL & SOLTO,14,13,3
2026-06-20,16,Beauty And A Beat,Justin Bieber Featuring Nicki Minaj,13,1,9
2026-06-20,17,Free Your Mind,Prospa & Cloonee,20,17,3
2026-06-20,18,Hoog,"Trobi, KA & Yade Lauren",10,6,5
2026-06-20,19,Maak Me Nou Niet Gek,Lil Kleine Featuring Samuel Welten,15,1,7
2026-06-20,20,Fever Dream,Alex Warren,22,1,15
2026-06-20,21,Beat It,Michael Jackson,25,16,5
2026-06-20,22,I Just Might,Bruno Mars,19,1,22
2026-06-20,23,Man I Need,Olivia Dean,-,1,39
2026-06-20,24,American Girls,Harry Styles,16,6,10
2026-06-20,25,The Cure,Olivia Rodrigo,21,19,3
2026-06-27,1,POPULAIR,Idaly Featuring Ronnie Flex & Frenna,1,1,3
2026-06-27,2,Pile,Mauvais djo,3,2,2
2026-06-27,3,Dai Dai (FIFA World Cup Official Song 2026),Shakira X Burna Boy,9,3,3
2026-06-27,4,Cheerio,Justen de Wildt,2,1,9
2026-06-27,5,Zandloopster,Robert van Hemert,4,4,2
2026-06-27,6,Moet Dat Nou,Robert van Hemert & Donnie,5,2,15
2026-06-27,7,Stupid Song,Olivia Rodrigo,-,7,1
2026-06-27,8,Jij Hebt Mij,Kevin Featuring Roxy Dekker,6,1,7
2026-06-27,9,Talk To You,ANOTR Featuring 54 Ultra,10,5,11
2026-06-27,10,Billie Jean,Michael Jackson,8,7,7
2026-06-27,11,Magnetic,The Bausa,11,7,11
2026-06-27,12,The Cure,Olivia Rodrigo,25,12,4
2026-06-27,13,Rein Me In,Sam Fender & Olivia Dean,13,3,15
2026-06-27,14,Ewa Safi,Noano & Lil Kleine,7,1,5
2026-06-27,15,Hate That I Made You Love Me,Ariana Grande,12,12,3
2026-06-27,16,Jamaican (Bam Bam),HUGEL & SOLTO,15,13,4
2026-06-27,17,Bare Minimum (Starboy),Frsh X KM X LA$$A,14,4,17
2026-06-27,18,Maak Me Nou Niet Gek,Lil Kleine Featuring Samuel Welten,19,1,8
2026-06-27,19,Free Your Mind,Prospa & Cloonee,17,17,4
2026-06-27,20,Drop Dead,Olivia Rodrigo,-,14,2
2026-06-27,21,Fever Dream,Alex Warren,20,1,16
2026-06-27,22,Man I Need,Olivia Dean,23,1,40
2026-06-27,23,Beauty And A Beat,Justin Bieber Featuring Nicki Minaj,16,1,10
2026-06-27,24,I Just Might,Bruno Mars,22,1,23
2026-06-27,25,Beat It,Michael Jackson,21,16,6
2026-07-04,1,Zwoele Zomernachten,Rutger van Barneveld,-,1,1
2026-07-04,2,Pile,Mauvais djo,2,2,3
2026-07-04,3,Dai Dai (FIFA World Cup Official Song 2026),Shakira X Burna Boy,3,3,4
2026-07-04,4,Cheerio,Justen de Wildt,4,1,10
2026-07-04,5,POPULAIR,Idaly Featuring Ronnie Flex & Frenna,1,1,4
2026-07-04,6,Moet Dat Nou,Robert van Hemert & Donnie,6,2,16
2026-07-04,7,Zandloopster,Robert van Hemert,5,4,3
2026-07-04,8,Talk To You,ANOTR Featuring 54 Ultra,9,5,12
2026-07-04,9,Jamaican (Bam Bam),HUGEL & SOLTO,16,9,5
2026-07-04,10,Magnetic,The Bausa,11,7,12
2026-07-04,11,Jij Hebt Mij,Kevin Featuring Roxy Dekker,8,1,8
2026-07-04,12,Ewa Safi,Noano & Lil Kleine,14,1,6
2026-07-04,13,Bare Minimum (Starboy),Frsh X KM X LA$$A,17,4,18
2026-07-04,14,Free Your Mind,Prospa & Cloonee,19,14,5
2026-07-04,15,Billie Jean,Michael Jackson,10,7,8
2026-07-04,16,Rein Me In,Sam Fender & Olivia Dean,13,3,16
2026-07-04,17,Maak Me Nou Niet Gek,Lil Kleine Featuring Samuel Welten,18,1,9
2026-07-04,18,Edge Of Desire,Jonas Blue & Malive,-,18,1
2026-07-04,19,Beauty And A Beat,Justin Bieber Featuring Nicki Minaj,23,1,11
2026-07-04,20,I Just Might,Bruno Mars,24,1,24
2026-07-04,21,Stupid Song,Olivia Rodrigo,7,7,2
2026-07-04,22,Fever Dream,Alex Warren,21,1,17
2026-07-04,23,Hate That I Made You Love Me,Ariana Grande,15,12,4
2026-07-04,24,Man I Need,Olivia Dean,22,1,41
2026-07-04,25,De Leeuw Komt Eraan,Samuel Welten,-,25,1
2026-07-11,1,Zwoele Zomernachten,Rutger van Barneveld,1,1,2
2026-07-11,2,Pile,Mauvais djo,2,2,4
2026-07-11,3,SUPERSTAR,Roxy Dekker,-,3,1
2026-07-11,4,Dai Dai (FIFA World Cup Official Song 2026),Shakira X Burna Boy,3,3,5
2026-07-11,5,Cheerio,Justen de Wildt,4,1,11
2026-07-11,6,POPULAIR,Idaly Featuring Ronnie Flex & Frenna,5,1,5
2026-07-11,7,Moet Dat Nou,Robert van Hemert & Donnie,6,2,17
2026-07-11,8,Talk To You,ANOTR Featuring 54 Ultra,8,5,13
2026-07-11,9,Jamaican (Bam Bam),HUGEL & SOLTO,9,9,6
2026-07-11,10,Zandloopster,Robert van Hemert,7,4,4
2026-07-11,11,Magnetic,The Bausa,10,7,13
2026-07-11,12,Jij Hebt Mij,Kevin Featuring Roxy Dekker,11,1,9
2026-07-11,13,Bare Minimum (Starboy),Frsh X KM X LA$$A,13,4,19
2026-07-11,14,Ewa Safi,Noano & Lil Kleine,12,1,7
2026-07-11,15,I Just Might,Bruno Mars,20,1,25
2026-07-11,16,Rein Me In,Sam Fender & Olivia Dean,16,3,17
2026-07-11,17,Free Your Mind,Prospa & Cloonee,14,14,6
2026-07-11,18,Maak Me Nou Niet Gek,Lil Kleine Featuring Samuel Welten,17,1,10
2026-07-11,19,Billie Jean,Michael Jackson,15,7,9
2026-07-11,20,Edge Of Desire,Jonas Blue & Malive,18,18,2
2026-07-11,21,Beauty And A Beat,Justin Bieber Featuring Nicki Minaj,19,1,12
2026-07-11,22,Fever Dream,Alex Warren,22,1,18
2026-07-11,23,Man I Need,Olivia Dean,24,1,42
2026-07-11,24,Lush Life,Zara Larsson,-,5,24
2026-07-11,25,Risk It All,Bruno Mars,-,14,5
2026-07-18,1,Zwoele Zomernachten,Rutger van Barneveld,1,1,3
2026-07-18,2,Pile,Mauvais djo,2,2,5
2026-07-18,3,Dai Dai (FIFA World Cup Official Song 2026),Shakira X Burna Boy,4,3,6
2026-07-18,4,SUPERSTAR,Roxy Dekker,3,3,2
2026-07-18,5,Cheerio,Justen de Wildt,5,1,12
2026-07-18,6,POPULAIR,Idaly Featuring Ronnie Flex & Frenna,6,1,6
2026-07-18,7,Moet Dat Nou,Robert van Hemert & Donnie,7,2,18
2026-07-18,8,Talk To You,ANOTR Featuring 54 Ultra,8,5,14
2026-07-18,9,I Just Might,Bruno Mars,15,1,26
2026-07-18,10,Jamaican (Bam Bam),HUGEL & SOLTO,9,9,7
2026-07-18,11,Magnetic,The Bausa,11,7,14
2026-07-18,12,Zandloopster,Robert van Hemert,10,4,5
2026-07-18,13,Risk It All,Bruno Mars,25,13,6
2026-07-18,14,Bare Minimum (Starboy),Frsh X KM X LA$$A,13,4,20
2026-07-18,15,Billie Jean,Michael Jackson,19,7,10
2026-07-18,16,Rein Me In,Sam Fender & Olivia Dean,16,3,18
2026-07-18,17,Free Your Mind,Prospa & Cloonee,17,14,7
2026-07-18,18,Jij Hebt Mij,Kevin Featuring Roxy Dekker,12,1,10
2026-07-18,19,Edge Of Desire,Jonas Blue & Malive,20,18,3
2026-07-18,20,Maak Me Nou Niet Gek,Lil Kleine Featuring Samuel Welten,18,1,11
2026-07-18,21,Fever Dream,Alex Warren,22,1,19
2026-07-18,22,Ewa Safi,Noano & Lil Kleine,14,1,8
2026-07-18,23,Man I Need,Olivia Dean,23,1,43
2026-07-18,24,Mr. Know It All,Teddy Swims,-,24,1
2026-07-18,25,Locked Out Of Heaven,Bruno Mars,-,17,3
2026-07-25,1,Zwoele Zomernachten,Rutger van Barneveld,1,1,4
2026-07-25,2,Pile,Mauvais djo,2,2,6
2026-07-25,3,Dai Dai (FIFA World Cup Official Song 2026),Shakira X Burna Boy,3,3,7
2026-07-25,4,Cheerio,Justen de Wildt,5,1,13
2026-07-25,5,Talk To You,ANOTR Featuring 54 Ultra,8,5,15
2026-07-25,6,SUPERSTAR,Roxy Dekker,4,3,3
2026-07-25,7,POPULAIR,Idaly Featuring Ronnie Flex & Frenna,6,1,7
2026-07-25,8,Jamaican (Bam Bam),HUGEL & SOLTO,10,8,8
2026-07-25,9,Magnetic,The Bausa,11,7,15
2026-07-25,10,Moet Dat Nou,Robert van Hemert & Donnie,7,2,19
2026-07-25,11,Zandloopster,Robert van Hemert,12,4,6
2026-07-25,12,I Just Might,Bruno Mars,9,1,27
2026-07-25,13,Free Your Mind,Prospa & Cloonee,17,13,8
2026-07-25,14,Edge Of Desire,Jonas Blue & Malive,19,14,4
2026-07-25,15,Rein Me In,Sam Fender & Olivia Dean,16,3,19
2026-07-25,16,Bare Minimum (Starboy),Frsh X KM X LA$$A,14,4,21
2026-07-25,17,Billie Jean,Michael Jackson,15,7,11
2026-07-25,18,Jij Hebt Mij,Kevin Featuring Roxy Dekker,18,1,11
2026-07-25,19,Maak Me Nou Niet Gek,Lil Kleine Featuring Samuel Welten,20,1,12
2026-07-25,20,Mr. Know It All,Teddy Swims,24,20,2
2026-07-25,21,Fever Dream,Alex Warren,21,1,20
2026-07-25,22,Risk It All,Bruno Mars,13,13,7
2026-07-25,23,Man I Need,Olivia Dean,23,1,44
2026-07-25,24,Lush Life,Zara Larsson,-,5,25
2026-07-25,25,Ewa Safi,Noano & Lil Kleine,22,1,9
2026-08-01,1,Dai Dai (FIFA World Cup Official Song 2026),Shakira X Burna Boy,3,1,8
2026-08-01,2,Zwoele Zomernachten,Rutger van Barneveld,1,1,5
2026-08-01,3,Pile,Mauvais djo,2,2,7
2026-08-01,4,Cheerio,Justen de Wildt,4,1,14
2026-08-01,5,BLIJF RUSTIG,KM,-,5,1
2026-08-01,6,Talk To You,ANOTR Featuring 54 Ultra,5,5,16
2026-08-01,7,Jamaican (Bam Bam),HUGEL & SOLTO,8,7,9
2026-08-01,8,POPULAIR,Idaly Featuring Ronnie Flex & Frenna,7,1,8
2026-08-01,9,Magnetic,The Bausa,9,7,16
2026-08-01,10,Moet Dat Nou,Robert van Hemert & Donnie,10,2,20
2026-08-01,11,SUPERSTAR,Roxy Dekker,6,3,4
2026-08-01,12,Zandloopster,Robert van Hemert,11,4,7
2026-08-01,13,BACK,JoeyAK,-,13,1
2026-08-01,14,Free Your Mind,Prospa & Cloonee,13,13,9
2026-08-01,15,I Just Might,Bruno Mars,12,1,28
2026-08-01,16,Rein Me In,Sam Fender & Olivia Dean,15,3,20
2026-08-01,17,Edge Of Desire,Jonas Blue & Malive,14,14,5
2026-08-01,18,Billie Jean,Michael Jackson,17,7,12
2026-08-01,19,Bare Minimum (Starboy),Frsh X KM X LA$$A,16,4,22
2026-08-01,20,Mr. Know It All,Teddy Swims,20,20,3
2026-08-01,21,Fever Dream,Alex Warren,21,1,21
2026-08-01,22,Man I Need,Olivia Dean,23,1,45
2026-08-01,23,Wonderwall,Oasis,-,23,1
2026-08-01,24,Ordinary,Alex Warren,-,1,58
2026-08-01,25,Maak Me Nou Niet Gek,Lil Kleine Featuring Samuel Welten,19,1,13
2026-08-08,1,Dai Dai (FIFA World Cup Official Song 2026),Shakira X Burna Boy,1,1,9
2026-08-08,2,Zwoele Zomernachten,Rutger van Barneveld,2,1,6
2026-08-08,3,Pile,Mauvais djo,3,2,8
2026-08-08,4,Cheerio,Justen de Wildt,4,1,15
2026-08-08,5,Talk To You,ANOTR Featuring 54 Ultra,6,5,17
2026-08-08,6,Jamaican (Bam Bam),HUGEL & SOLTO,7,6,10
2026-08-08,7,BLIJF RUSTIG,KM,5,5,2
2026-08-08,8,Magnetic,The Bausa,9,7,17
2026-08-08,9,Moet Dat Nou,Robert van Hemert & Donnie,10,2,21
2026-08-08,10,POPULAIR,Idaly Featuring Ronnie Flex & Frenna,8,1,9
2026-08-08,11,SUPERSTAR,Roxy Dekker,11,3,5
2026-08-08,12,Edge Of Desire,Jonas Blue & Malive,17,12,6
2026-08-08,13,Zandloopster,Robert van Hemert,12,4,8
2026-08-08,14,Free Your Mind,Prospa & Cloonee,14,13,10
2026-08-08,15,I Just Might,Bruno Mars,15,1,29
2026-08-08,16,Rein Me In,Sam Fender & Olivia Dean,16,3,21
2026-08-08,17,Bare Minimum (Starboy),Frsh X KM X LA$$A,19,4,23
2026-08-08,18,Mr. Know It All,Teddy Swims,20,18,4
2026-08-08,19,Ring My Bell,Aitch,-,19,1
2026-08-08,20,Billie Jean,Michael Jackson,18,7,13
2026-08-08,21,Man I Need,Olivia Dean,22,1,46
2026-08-08,22,Fever Dream,Alex Warren,21,1,22
2026-08-08,23,Echte Liefde Is Te Koop,Samuel Welten,-,1,26
2026-08-08,24,Zonnebank,Ray & Beer,-,24,1
2026-08-08,25,Baila de Gasolina,Effe Serieus,-,2,25
2026-08-15,1,Zwoele Zomernachten,Rutger van Barneveld,2,1,7
2026-08-15,2,Dai Dai (FIFA World Cup Official Song 2026),Shakira X Burna Boy,1,1,10
2026-08-15,3,Pile,Mauvais djo,3,2,9
2026-08-15,4,Cheerio,Justen de Wildt,4,1,16
2026-08-15,5,Talk To You,ANOTR Featuring 54 Ultra,5,5,18
2026-08-15,6,Jamaican (Bam Bam),HUGEL & SOLTO,6,6,11
2026-08-15,7,Zonnebank,Ray & Beer,24,7,2
2026-08-15,8,Magnetic,The Bausa,8,7,18
2026-08-15,9,Moet Dat Nou,Robert van Hemert & Donnie,9,2,22
2026-08-15,10,BLIJF RUSTIG,KM,7,5,3
2026-08-15,11,POPULAIR,Idaly Featuring Ronnie Flex & Frenna,10,1,10
2026-08-15,12,Ring My Bell,Aitch,19,12,2
2026-08-15,13,Free Your Mind,Prospa & Cloonee,14,13,11
2026-08-15,14,Edge Of Desire,Jonas Blue & Malive,12,12,7
2026-08-15,15,Zandloopster,Robert van Hemert,13,4,9
2026-08-15,16,Mr. Know It All,Teddy Swims,18,16,5
2026-08-15,17,Rein Me In,Sam Fender & Olivia Dean,16,3,22
2026-08-15,18,SUPERSTAR,Roxy Dekker,11,3,6
2026-08-15,19,I Just Might,Bruno Mars,15,1,30
2026-08-15,20,Bare Minimum (Starboy),Frsh X KM X LA$$A,17,4,24
2026-08-15,21,Petal,Ariana Grande,-,21,1
2026-08-15,22,Hate That I Made You Love Me,Ariana Grande,-,12,5
2026-08-15,23,Kingdom Of Fear,Cameron Whitcomb,-,23,1
2026-08-15,24,Fever Dream,Alex Warren,22,1,23
2026-08-15,25,Echte Liefde Is Te Koop,Samuel Welten,23,1,27
