Date,Rank,Song,Artist,Last Week,Peak Position,Weeks on Chart
2022-02-19,1,Malvadao 3,"Xama, Gustah & Neo Beats",-,1,1
2022-02-19,2,212,Chefin,-,2,1
2022-02-19,3,Galopa,PEDRO SAMPAIO,-,3,1
2022-02-19,4,Love Nwantiti (Ah Ah Ah),CKay,-,4,1
2022-02-19,5,Pepas,Farruko,-,5,1
2022-02-19,6,Enemy,Imagine Dragons X JID,-,6,1
2022-02-19,7,Morena,Luan Santana,-,7,1
2022-02-19,8,Vontade de Morder,Simone & Simaria - Ze Felipe,-,8,1
2022-02-19,9,Malvada,Ze Felipe,-,9,1
2022-02-19,10,Heat Waves,Glass Animals,-,10,1
2022-02-19,11,abcdefu,GAYLE,-,11,1
2022-02-19,12,No Chao Novinha,Anitta & Pedro Sampaio,-,12,1
2022-02-19,13,Cold Heart (PNAU Remix),Elton John & Dua Lipa,-,13,1
2022-02-19,14,Moth To A Flame,Swedish House Mafia & The Weeknd,-,14,1
2022-02-19,15,Industry Baby,Lil Nas X & Jack Harlow,-,15,1
2022-02-19,16,Pandora,"DJ Matt-D, Vulgo FK, Menor MC & MC GP",-,16,1
2022-02-19,17,Easy On Me,Adele,-,17,1
2022-02-19,18,Fato Treino Do City,Sippinpurpp,-,18,1
2022-02-19,19,Onde Vais,Barbara Bandeira & Carminho,-,19,1
2022-02-19,20,Stay,The Kid Laroi & Justin Bieber,-,20,1
2022-02-19,21,Idiota,Jao,-,21,1
2022-02-19,22,Shivers,Ed Sheeran,-,22,1
2022-02-19,23,Bad Habits,Ed Sheeran,-,23,1
2022-02-19,24,Infinity,Jaymes Young,-,24,1
2022-02-19,25,Save Your Tears,The Weeknd,-,25,1
2022-02-26,1,Malvadao 3,"Xama, Gustah & Neo Beats",1,1,2
2022-02-26,2,212,Chefin,2,2,2
2022-02-26,3,Dancarina,Pedro Sampaio & MC Pedrinho,-,3,1
2022-02-26,4,Maca,Dillaz,-,4,1
2022-02-26,5,Galopa,PEDRO SAMPAIO,3,3,2
2022-02-26,6,Malvada,Ze Felipe,9,6,2
2022-02-26,7,Love Nwantiti (Ah Ah Ah),CKay,4,4,2
2022-02-26,8,Pepas,Farruko,5,5,2
2022-02-26,9,Vontade de Morder,Simone & Simaria - Ze Felipe,8,8,2
2022-02-26,10,Morena,Luan Santana,7,7,2
2022-02-26,11,Enemy,Imagine Dragons X JID,6,6,2
2022-02-26,12,Heat Waves,Glass Animals,10,10,2
2022-02-26,13,No Chao Novinha,Anitta & Pedro Sampaio,12,12,2
2022-02-26,14,Cold Heart (PNAU Remix),Elton John & Dua Lipa,13,13,2
2022-02-26,15,abcdefu,GAYLE,11,11,2
2022-02-26,16,Pandora,"DJ Matt-D, Vulgo FK, Menor MC & MC GP",16,16,2
2022-02-26,17,Industry Baby,Lil Nas X & Jack Harlow,15,15,2
2022-02-26,18,Easy On Me,Adele,17,17,2
2022-02-26,19,Idiota,Jao,21,19,2
2022-02-26,20,Fato Treino Do City,Sippinpurpp,18,18,2
2022-02-26,21,Moth To A Flame,Swedish House Mafia & The Weeknd,14,14,2
2022-02-26,22,Mon Amour,zzoilo,-,22,1
2022-02-26,23,Onde Vais,Barbara Bandeira & Carminho,19,19,2
2022-02-26,24,Stay,The Kid Laroi & Justin Bieber,20,20,2
2022-02-26,25,Infinity,Jaymes Young,24,24,2
2022-03-05,1,Dancarina,Pedro Sampaio & MC Pedrinho,3,1,2
2022-03-05,2,Malvadao 3,"Xama, Gustah & Neo Beats",1,1,3
2022-03-05,3,212,Chefin,2,2,3
2022-03-05,4,Galopa,PEDRO SAMPAIO,5,3,3
2022-03-05,5,Malvada,Ze Felipe,6,5,3
2022-03-05,6,No Chao Novinha,Anitta & Pedro Sampaio,13,6,3
2022-03-05,7,Love Nwantiti (Ah Ah Ah),CKay,7,4,3
2022-03-05,8,Vontade de Morder,Simone & Simaria - Ze Felipe,9,8,3
2022-03-05,9,Pepas,Farruko,8,5,3
2022-03-05,10,Morena,Luan Santana,10,7,3
2022-03-05,11,Heat Waves,Glass Animals,12,10,3
2022-03-05,12,Enemy,Imagine Dragons X JID,11,6,3
2022-03-05,13,Maca,Dillaz,4,4,2
2022-03-05,14,Cold Heart (PNAU Remix),Elton John & Dua Lipa,14,13,3
2022-03-05,15,Mon Amour,zzoilo,22,15,2
2022-03-05,16,abcdefu,GAYLE,15,11,3
2022-03-05,17,Fato Treino Do City,Sippinpurpp,20,17,3
2022-03-05,18,Bad Habits,Ed Sheeran,-,18,2
2022-03-05,19,Industry Baby,Lil Nas X & Jack Harlow,17,15,3
2022-03-05,20,Pandora,"DJ Matt-D, Vulgo FK, Menor MC & MC GP",16,16,3
2022-03-05,21,Idiota,Jao,19,19,3
2022-03-05,22,Easy On Me,Adele,18,17,3
2022-03-05,23,Onde Vais,Barbara Bandeira & Carminho,23,19,3
2022-03-05,24,Stay,The Kid Laroi & Justin Bieber,24,20,3
2022-03-05,25,Infinity,Jaymes Young,25,24,3
2022-03-12,1,Dancarina,Pedro Sampaio & MC Pedrinho,1,1,3
2022-03-12,2,Malvadao 3,"Xama, Gustah & Neo Beats",2,1,4
2022-03-12,3,Galopa,PEDRO SAMPAIO,4,3,4
2022-03-12,4,Malvada,Ze Felipe,5,4,4
2022-03-12,5,212,Chefin,3,2,4
2022-03-12,6,No Chao Novinha,Anitta & Pedro Sampaio,6,6,4
2022-03-12,7,Vontade de Morder,Simone & Simaria - Ze Felipe,8,7,4
2022-03-12,8,Morena,Luan Santana,10,7,4
2022-03-12,9,Pepas,Farruko,9,5,4
2022-03-12,10,Love Nwantiti (Ah Ah Ah),CKay,7,4,4
2022-03-12,11,Heat Waves,Glass Animals,11,10,4
2022-03-12,12,Enemy,Imagine Dragons X JID,12,6,4
2022-03-12,13,Mon Amour,zzoilo,15,13,3
2022-03-12,14,Cold Heart (PNAU Remix),Elton John & Dua Lipa,14,13,4
2022-03-12,15,abcdefu,GAYLE,16,11,4
2022-03-12,16,Maca,Dillaz,13,4,3
2022-03-12,17,Fato Treino Do City,Sippinpurpp,17,17,4
2022-03-12,18,Lua,Ivandro,-,18,1
2022-03-12,19,Industry Baby,Lil Nas X & Jack Harlow,19,15,4
2022-03-12,20,Pandora,"DJ Matt-D, Vulgo FK, Menor MC & MC GP",20,16,4
2022-03-12,21,Abalo Emocional,Luan Santana,-,21,1
2022-03-12,22,Novinha Malada Do Insta,MC Josh,-,22,1
2022-03-12,23,Stay,The Kid Laroi & Justin Bieber,24,20,4
2022-03-12,24,Bad Habits,Ed Sheeran,18,18,3
2022-03-12,25,Infinity,Jaymes Young,25,24,4
2022-03-19,1,Dancarina,Pedro Sampaio & MC Pedrinho,1,1,4
2022-03-19,2,Malvadao 3,"Xama, Gustah & Neo Beats",2,1,5
2022-03-19,3,Galopa,PEDRO SAMPAIO,3,3,5
2022-03-19,4,Malvada,Ze Felipe,4,4,5
2022-03-19,5,212,Chefin,5,2,5
2022-03-19,6,No Chao Novinha,Anitta & Pedro Sampaio,6,6,5
2022-03-19,7,Vontade de Morder,Simone & Simaria - Ze Felipe,7,7,5
2022-03-19,8,Morena,Luan Santana,8,7,5
2022-03-19,9,Love Nwantiti (Ah Ah Ah),CKay,10,4,5
2022-03-19,10,Pepas,Farruko,9,5,5
2022-03-19,11,Mon Amour,zzoilo,13,11,4
2022-03-19,12,Heat Waves,Glass Animals,11,10,5
2022-03-19,13,Lua,Ivandro,18,13,2
2022-03-19,14,Enemy,Imagine Dragons X JID,12,6,5
2022-03-19,15,Cold Heart (PNAU Remix),Elton John & Dua Lipa,14,13,5
2022-03-19,16,abcdefu,GAYLE,15,11,5
2022-03-19,17,Abalo Emocional,Luan Santana,21,17,2
2022-03-19,18,Industry Baby,Lil Nas X & Jack Harlow,19,15,5
2022-03-19,19,"Oi, Como Ce Ta?","Vulgo FK, Elenko Music & WEY Feautring Wall Hein",-,19,1
2022-03-19,20,Fato Treino Do City,Sippinpurpp,17,17,5
2022-03-19,21,Bam Bam,Camila Cabello Featuring Ed Sheeran,-,21,1
2022-03-19,22,Infinity,Jaymes Young,25,22,5
2022-03-19,23,Bad Habits,Ed Sheeran,24,18,4
2022-03-19,24,Maca,Dillaz,16,4,4
2022-03-19,25,Stay,The Kid Laroi & Justin Bieber,23,20,5
2022-03-26,1,Dancarina,Pedro Sampaio & MC Pedrinho,1,1,5
2022-03-26,2,Malvadao 3,"Xama, Gustah & Neo Beats",2,1,6
2022-03-26,3,"Saudade, Saudade",MARO,-,3,1
2022-03-26,4,Malvada,Ze Felipe,4,4,6
2022-03-26,5,Galopa,PEDRO SAMPAIO,3,3,6
2022-03-26,6,Lua,Ivandro,13,6,3
2022-03-26,7,212,Chefin,5,2,6
2022-03-26,8,No Chao Novinha,Anitta & Pedro Sampaio,6,6,6
2022-03-26,9,Mon Amour,zzoilo,11,9,5
2022-03-26,10,Vontade de Morder,Simone & Simaria - Ze Felipe,7,7,6
2022-03-26,11,Heat Waves,Glass Animals,12,10,6
2022-03-26,12,Morena,Luan Santana,8,7,6
2022-03-26,13,Love Nwantiti (Ah Ah Ah),CKay,9,4,6
2022-03-26,14,Pepas,Farruko,10,5,6
2022-03-26,15,Enemy,Imagine Dragons X JID,14,6,6
2022-03-26,16,Envolver,Anitta,-,16,1
2022-03-26,17,"Oi, Como Ce Ta?","Vulgo FK, Elenko Music & WEY Feautring Wall Hein",19,17,2
2022-03-26,18,Cold Heart (PNAU Remix),Elton John & Dua Lipa,15,13,6
2022-03-26,19,Abalo Emocional,Luan Santana,17,17,3
2022-03-26,20,abcdefu,GAYLE,16,11,6
2022-03-26,21,Industry Baby,Lil Nas X & Jack Harlow,18,15,6
2022-03-26,22,Bad Habits,Ed Sheeran,23,18,5
2022-03-26,23,Infinity,Jaymes Young,22,22,6
2022-03-26,24,Save Your Tears,The Weeknd,-,24,2
2022-03-26,25,Where Are You Now,Lost Frequencies & Calum Scott,-,25,1
2022-04-02,1,Dancarina,Pedro Sampaio & MC Pedrinho,1,1,6
2022-04-02,2,Envolver,Anitta,16,2,2
2022-04-02,3,Malvadao 3,"Xama, Gustah & Neo Beats",2,1,7
2022-04-02,4,Sentadona (Ai Calica),"MC Frog, Davi Kneip E DJ Gabriel Do Borel",-,4,1
2022-04-02,5,Lua,Ivandro,6,5,4
2022-04-02,6,Galopa,PEDRO SAMPAIO,5,3,7
2022-04-02,7,Malvada,Ze Felipe,4,4,7
2022-04-02,8,Mon Amour,zzoilo,9,8,6
2022-04-02,9,No Chao Novinha,Anitta & Pedro Sampaio,8,6,7
2022-04-02,10,212,Chefin,7,2,7
2022-04-02,11,Vontade de Morder,Simone & Simaria - Ze Felipe,10,7,7
2022-04-02,12,"Saudade, Saudade",MARO,3,3,2
2022-04-02,13,WUOW,ProfJam,-,13,1
2022-04-02,14,Heat Waves,Glass Animals,11,10,7
2022-04-02,15,Love Nwantiti (Ah Ah Ah),CKay,13,4,7
2022-04-02,16,Pepas,Farruko,14,5,7
2022-04-02,17,Morena,Luan Santana,12,7,7
2022-04-02,18,Abalo Emocional,Luan Santana,19,17,4
2022-04-02,19,Enemy,Imagine Dragons X JID,15,6,7
2022-04-02,20,"Oi, Como Ce Ta?","Vulgo FK, Elenko Music & WEY Feautring Wall Hein",17,17,3
2022-04-02,21,Cold Heart (PNAU Remix),Elton John & Dua Lipa,18,13,7
2022-04-02,22,abcdefu,GAYLE,20,11,7
2022-04-02,23,Industry Baby,Lil Nas X & Jack Harlow,21,15,7
2022-04-02,24,Infinity,Jaymes Young,23,22,7
2022-04-02,25,Bad Habits,Ed Sheeran,22,18,6
2022-04-09,1,Dancarina,Pedro Sampaio & MC Pedrinho,1,1,7
2022-04-09,2,Envolver,Anitta,2,2,3
2022-04-09,3,Sentadona (Ai Calica),"MC Frog, Davi Kneip E DJ Gabriel Do Borel",4,3,2
2022-04-09,4,Malvadao 3,"Xama, Gustah & Neo Beats",3,1,8
2022-04-09,5,Lua,Ivandro,5,5,5
2022-04-09,6,Mon Amour,zzoilo,8,6,7
2022-04-09,7,Galopa,PEDRO SAMPAIO,6,3,8
2022-04-09,8,Malvada,Ze Felipe,7,4,8
2022-04-09,9,No Chao Novinha,Anitta & Pedro Sampaio,9,6,8
2022-04-09,10,Heat Waves,Glass Animals,14,10,8
2022-04-09,11,212,Chefin,10,2,8
2022-04-09,12,Morena,Luan Santana,17,7,8
2022-04-09,13,Love Nwantiti (Ah Ah Ah),CKay,15,4,8
2022-04-09,14,Abalo Emocional,Luan Santana,18,14,5
2022-04-09,15,Vontade de Morder,Simone & Simaria - Ze Felipe,11,7,8
2022-04-09,16,Pepas,Farruko,16,5,8
2022-04-09,17,Enemy,Imagine Dragons X JID,19,6,8
2022-04-09,18,Cold Heart (PNAU Remix),Elton John & Dua Lipa,21,13,8
2022-04-09,19,Simplesmente Ela,MC GABZIN,-,19,1
2022-04-09,20,"Oi, Como Ce Ta?","Vulgo FK, Elenko Music & WEY Feautring Wall Hein",20,17,4
2022-04-09,21,abcdefu,GAYLE,22,11,8
2022-04-09,22,Where Are You Now,Lost Frequencies & Calum Scott,-,22,2
2022-04-09,23,Industry Baby,Lil Nas X & Jack Harlow,23,15,8
2022-04-09,24,Stay,The Kid Laroi & Justin Bieber,-,20,6
2022-04-09,25,Shivers,Ed Sheeran,-,22,2
2022-04-16,1,As It Was,Harry Styles,-,1,1
2022-04-16,2,Dancarina,Pedro Sampaio & MC Pedrinho,1,1,8
2022-04-16,3,Envolver,Anitta,2,2,4
2022-04-16,4,Sentadona (Ai Calica),"MC Frog, Davi Kneip E DJ Gabriel Do Borel",3,3,3
2022-04-16,5,Malvadao 3,"Xama, Gustah & Neo Beats",4,1,9
2022-04-16,6,Papaia,Dillaz,-,6,1
2022-04-16,7,Lua,Ivandro,5,5,6
2022-04-16,8,Mon Amour,zzoilo,6,6,8
2022-04-16,9,Maca,Dillaz,-,4,5
2022-04-16,10,Galopa,PEDRO SAMPAIO,7,3,9
2022-04-16,11,Genebra,Dillaz,-,11,1
2022-04-16,12,Malvada,Ze Felipe,8,4,9
2022-04-16,13,Simplesmente Ela,MC GABZIN,19,13,2
2022-04-16,14,Oitavo Ceu,Dillaz,-,14,1
2022-04-16,15,Mango,Dillaz,-,15,1
2022-04-16,16,Avioneta,Dillaz,-,16,1
2022-04-16,17,Morena,Luan Santana,12,7,9
2022-04-16,18,Fim de Semana No Rio,Teto,-,18,1
2022-04-16,19,No Chao Novinha,Anitta & Pedro Sampaio,9,6,9
2022-04-16,20,Heat Waves,Glass Animals,10,10,9
2022-04-16,21,212,Chefin,11,2,9
2022-04-16,22,Abalo Emocional,Luan Santana,14,14,6
2022-04-16,23,Faroleiro,Dillaz,-,23,1
2022-04-16,24,Love Nwantiti (Ah Ah Ah),CKay,13,4,9
2022-04-16,25,Pepas,Farruko,16,5,9
2022-04-23,1,Dancarina,Pedro Sampaio & MC Pedrinho,2,1,9
2022-04-23,2,As It Was,Harry Styles,1,1,2
2022-04-23,3,Sentadona (Ai Calica),"MC Frog, Davi Kneip E DJ Gabriel Do Borel",4,3,4
2022-04-23,4,Envolver,Anitta,3,2,5
2022-04-23,5,Malvadao 3,"Xama, Gustah & Neo Beats",5,1,10
2022-04-23,6,Lua,Ivandro,7,5,7
2022-04-23,7,Galopa,PEDRO SAMPAIO,10,3,10
2022-04-23,8,Mon Amour,zzoilo,8,6,9
2022-04-23,9,First Class,Jack Harlow,-,9,1
2022-04-23,10,Simplesmente Ela,MC GABZIN,13,10,3
2022-04-23,11,Vampiro,"Matue, WIU & Teto",-,11,1
2022-04-23,12,Papaia,Dillaz,6,6,2
2022-04-23,13,Malvada,Ze Felipe,12,4,10
2022-04-23,14,Morena,Luan Santana,17,7,10
2022-04-23,15,Bam Bam,Camila Cabello Featuring Ed Sheeran,-,15,2
2022-04-23,16,Fim de Semana No Rio,Teto,18,16,2
2022-04-23,17,Heat Waves,Glass Animals,20,10,10
2022-04-23,18,No Chao Novinha,Anitta & Pedro Sampaio,19,6,10
2022-04-23,19,Onde Anda,Calema & Ze Felipe,-,19,1
2022-04-23,20,Abalo Emocional,Luan Santana,22,14,7
2022-04-23,21,Pepas,Farruko,25,5,10
2022-04-23,22,212,Chefin,21,2,10
2022-04-23,23,Cold Heart (PNAU Remix),Elton John & Dua Lipa,-,13,9
2022-04-23,24,Maca,Dillaz,9,4,6
2022-04-23,25,Enemy,Imagine Dragons X JID,-,6,9
2022-04-30,1,Dancarina,Pedro Sampaio & MC Pedrinho,1,1,10
2022-04-30,2,As It Was,Harry Styles,2,1,3
2022-04-30,3,Sentadona (Ai Calica),"MC Frog, Davi Kneip E DJ Gabriel Do Borel",3,3,5
2022-04-30,4,Envolver,Anitta,4,2,6
2022-04-30,5,Malvadao 3,"Xama, Gustah & Neo Beats",5,1,11
2022-04-30,6,Mon Amour,zzoilo,8,6,10
2022-04-30,7,Lua,Ivandro,6,5,8
2022-04-30,8,Galopa,PEDRO SAMPAIO,7,3,11
2022-04-30,9,Simplesmente Ela,MC GABZIN,10,9,4
2022-04-30,10,Vampiro,"Matue, WIU & Teto",11,10,2
2022-04-30,11,Bam Bam,Camila Cabello Featuring Ed Sheeran,15,11,3
2022-04-30,12,First Class,Jack Harlow,9,9,2
2022-04-30,13,Onde Anda,Calema & Ze Felipe,19,13,2
2022-04-30,14,Morena,Luan Santana,14,7,11
2022-04-30,15,Malvada,Ze Felipe,13,4,11
2022-04-30,16,Fim de Semana No Rio,Teto,16,16,3
2022-04-30,17,Abalo Emocional,Luan Santana,20,14,8
2022-04-30,18,Papaia,Dillaz,12,6,3
2022-04-30,19,Heat Waves,Glass Animals,17,10,11
2022-04-30,20,Pepas,Farruko,21,5,11
2022-04-30,21,No Chao Novinha,Anitta & Pedro Sampaio,18,6,11
2022-04-30,22,Cold Heart (PNAU Remix),Elton John & Dua Lipa,23,13,10
2022-04-30,23,Let You Go,Richie Campbell,-,23,1
2022-04-30,24,Desenrola Bate Joga de Ladin,"DJ Bel da CDD, L7nnon & Os Hawaianos Featuring DJ Biel do Furduncinho",-,24,1
2022-04-30,25,212,Chefin,22,2,11
2022-05-07,1,Dancarina,Pedro Sampaio & MC Pedrinho,1,1,11
2022-05-07,2,As It Was,Harry Styles,2,1,4
2022-05-07,3,Sentadona (Ai Calica),"MC Frog, Davi Kneip E DJ Gabriel Do Borel",3,3,6
2022-05-07,4,Envolver,Anitta,4,2,7
2022-05-07,5,Lua,Ivandro,7,5,9
2022-05-07,6,Mon Amour,zzoilo,6,6,11
2022-05-07,7,Malvadao 3,"Xama, Gustah & Neo Beats",5,1,12
2022-05-07,8,Onde Anda,Calema & Ze Felipe,13,8,3
2022-05-07,9,Simplesmente Ela,MC GABZIN,9,9,5
2022-05-07,10,Bam Bam,Camila Cabello Featuring Ed Sheeran,11,10,4
2022-05-07,11,Galopa,PEDRO SAMPAIO,8,3,12
2022-05-07,12,Vampiro,"Matue, WIU & Teto",10,10,3
2022-05-07,13,Morena,Luan Santana,14,7,12
2022-05-07,14,First Class,Jack Harlow,12,9,3
2022-05-07,15,Malvada,Ze Felipe,15,4,12
2022-05-07,16,Fim de Semana No Rio,Teto,16,16,4
2022-05-07,17,Desenrola Bate Joga de Ladin,"DJ Bel da CDD, L7nnon & Os Hawaianos Featuring DJ Biel do Furduncinho",24,17,2
2022-05-07,18,Abalo Emocional,Luan Santana,17,14,9
2022-05-07,19,Heat Waves,Glass Animals,19,10,12
2022-05-07,20,Cold Heart (PNAU Remix),Elton John & Dua Lipa,22,13,11
2022-05-07,21,Pepas,Farruko,20,5,12
2022-05-07,22,Papaia,Dillaz,18,6,4
2022-05-07,23,No Chao Novinha,Anitta & Pedro Sampaio,21,6,12
2022-05-07,24,Kikando E Me Olhando,MC Braz E MC Tairon,-,24,1
2022-05-07,25,Enemy,Imagine Dragons X JID,-,6,10
2022-05-14,1,Dancarina,Pedro Sampaio & MC Pedrinho,1,1,12
2022-05-14,2,As It Was,Harry Styles,2,1,5
2022-05-14,3,Sentadona (Ai Calica),"MC Frog, Davi Kneip E DJ Gabriel Do Borel",3,3,7
2022-05-14,4,Envolver,Anitta,4,2,8
2022-05-14,5,Onde Anda,Calema & Ze Felipe,8,5,4
2022-05-14,6,Mon Amour,zzoilo,6,6,12
2022-05-14,7,Lua,Ivandro,5,5,10
2022-05-14,8,Simplesmente Ela,MC GABZIN,9,8,6
2022-05-14,9,Malvadao 3,"Xama, Gustah & Neo Beats",7,1,13
2022-05-14,10,Bam Bam,Camila Cabello Featuring Ed Sheeran,10,10,5
2022-05-14,11,Galopa,PEDRO SAMPAIO,11,3,13
2022-05-14,12,Morena,Luan Santana,13,7,13
2022-05-14,13,Vampiro,"Matue, WIU & Teto",12,10,4
2022-05-14,14,Desenrola Bate Joga de Ladin,"DJ Bel da CDD, L7nnon & Os Hawaianos Featuring DJ Biel do Furduncinho",17,14,3
2022-05-14,15,First Class,Jack Harlow,14,9,4
2022-05-14,16,Kikando E Me Olhando,MC Braz E MC Tairon,24,16,2
2022-05-14,17,Fim de Semana No Rio,Teto,16,16,5
2022-05-14,18,Malvada,Ze Felipe,15,4,13
2022-05-14,19,Abalo Emocional,Luan Santana,18,14,10
2022-05-14,20,Heat Waves,Glass Animals,19,10,13
2022-05-14,21,Cold Heart (PNAU Remix),Elton John & Dua Lipa,20,13,12
2022-05-14,22,Pepas,Farruko,21,5,13
2022-05-14,23,Gostosinho Tu Cai,MC Pepeu,-,23,1
2022-05-14,24,No Chao Novinha,Anitta & Pedro Sampaio,23,6,13
2022-05-14,25,Papaia,Dillaz,22,6,5
2022-05-21,1,Dancarina,Pedro Sampaio & MC Pedrinho,1,1,13
2022-05-21,2,As It Was,Harry Styles,2,1,6
2022-05-21,3,Sentadona (Ai Calica),"MC Frog, Davi Kneip E DJ Gabriel Do Borel",3,3,8
2022-05-21,4,Onde Anda,Calema & Ze Felipe,5,4,5
2022-05-21,5,Envolver,Anitta,4,2,9
2022-05-21,6,Mon Amour,zzoilo,6,6,13
2022-05-21,7,Bam Bam,Camila Cabello Featuring Ed Sheeran,10,7,6
2022-05-21,8,Lua,Ivandro,7,5,11
2022-05-21,9,Simplesmente Ela,MC GABZIN,8,8,7
2022-05-21,10,Malvadao 3,"Xama, Gustah & Neo Beats",9,1,14
2022-05-21,11,Desenrola Bate Joga de Ladin,"DJ Bel da CDD, L7nnon & Os Hawaianos Featuring DJ Biel do Furduncinho",14,11,4
2022-05-21,12,Galopa,PEDRO SAMPAIO,11,3,14
2022-05-21,13,First Class,Jack Harlow,15,9,5
2022-05-21,14,Morena,Luan Santana,12,7,14
2022-05-21,15,Gostosinho Tu Cai,MC Pepeu,23,15,2
2022-05-21,16,Kikando E Me Olhando,MC Braz E MC Tairon,16,16,3
2022-05-21,17,Vampiro,"Matue, WIU & Teto",13,10,5
2022-05-21,18,Fim de Semana No Rio,Teto,17,16,6
2022-05-21,19,Abalo Emocional,Luan Santana,19,14,11
2022-05-21,20,Cold Heart (PNAU Remix),Elton John & Dua Lipa,21,13,13
2022-05-21,21,Malvada,Ze Felipe,18,4,14
2022-05-21,22,Pepas,Farruko,22,5,14
2022-05-21,23,"Saudade, Saudade",MARO,-,3,3
2022-05-21,24,Heat Waves,Glass Animals,20,10,14
2022-05-21,25,Que Rabao,"Anitta , YG , Papatinho & MC Kevin O Chris Featuring Mr. Catra",-,25,1
2022-05-28,1,Dancarina,Pedro Sampaio & MC Pedrinho,1,1,14
2022-05-28,2,As It Was,Harry Styles,2,1,7
2022-05-28,3,N95,Kendrick Lamar,-,3,1
2022-05-28,4,"Saudade, Saudade",MARO,23,3,4
2022-05-28,5,Onde Anda,Calema & Ze Felipe,4,4,6
2022-05-28,6,Sentadona (Ai Calica),"MC Frog, Davi Kneip E DJ Gabriel Do Borel",3,3,9
2022-05-28,7,Lua,Ivandro,8,5,12
2022-05-28,8,Simplesmente Ela,MC GABZIN,9,8,8
2022-05-28,9,Mon Amour,zzoilo,6,6,14
2022-05-28,10,Bam Bam,Camila Cabello Featuring Ed Sheeran,7,7,7
2022-05-28,11,Envolver,Anitta,5,2,10
2022-05-28,12,Die Hard,"Kendrick Lamar , Blxst & Amanda Reifer",-,12,1
2022-05-28,13,Malvadao 3,"Xama, Gustah & Neo Beats",10,1,15
2022-05-28,14,United In Grief,Kendrick Lamar,-,14,1
2022-05-28,15,Gostosinho Tu Cai,MC Pepeu,15,15,3
2022-05-28,16,Kikando E Me Olhando,MC Braz E MC Tairon,16,16,4
2022-05-28,17,Desenrola Bate Joga de Ladin,"DJ Bel da CDD, L7nnon & Os Hawaianos Featuring DJ Biel do Furduncinho",11,11,5
2022-05-28,18,Galopa,PEDRO SAMPAIO,12,3,15
2022-05-28,19,Father Time,Kendrick Lamar Featuring Sampha,-,19,1
2022-05-28,20,Morena,Luan Santana,14,7,15
2022-05-28,21,Vampiro,"Matue, WIU & Teto",17,10,6
2022-05-28,22,Rich Spirit,Kendrick Lamar,-,22,1
2022-05-28,23,Fim de Semana No Rio,Teto,18,16,7
2022-05-28,24,We Cry Together,Kendrick Lamar & Taylour Paige,-,24,1
2022-05-28,25,Worldwide Steppers,Kendrick Lamar,-,25,1
2022-06-04,1,As It Was,Harry Styles,2,1,8
2022-06-04,2,Dancarina,Pedro Sampaio & MC Pedrinho,1,1,15
2022-06-04,3,Acorda Pedrinho,Jovem Dionisio,-,3,1
2022-06-04,4,Late Night Talking,Harry Styles,-,4,1
2022-06-04,5,Matilda,Harry Styles,-,5,1
2022-06-04,6,Onde Anda,Calema & Ze Felipe,5,4,7
2022-06-04,7,Sentadona (Ai Calica),"MC Frog, Davi Kneip E DJ Gabriel Do Borel",6,3,10
2022-06-04,8,Little Freak,Harry Styles,-,8,1
2022-06-04,9,Music For A Sushi Restaurant,Harry Styles,-,9,1
2022-06-04,10,Lua,Ivandro,7,5,13
2022-06-04,11,Simplesmente Ela,MC GABZIN,8,8,9
2022-06-04,12,Bam Bam,Camila Cabello Featuring Ed Sheeran,10,7,8
2022-06-04,13,Mon Amour,zzoilo,9,6,15
2022-06-04,14,Malvadao 3,"Xama, Gustah & Neo Beats",13,1,16
2022-06-04,15,Gostosinho Tu Cai,MC Pepeu,15,15,4
2022-06-04,16,Envolver,Anitta,11,2,11
2022-06-04,17,Daylight,Harry Styles,-,17,1
2022-06-04,18,Grapejuice,Harry Styles,-,18,1
2022-06-04,19,Kikando E Me Olhando,MC Braz E MC Tairon,16,16,5
2022-06-04,20,Cinema,Harry Styles,-,20,1
2022-06-04,21,Desenrola Bate Joga de Ladin,"DJ Bel da CDD, L7nnon & Os Hawaianos Featuring DJ Biel do Furduncinho",17,11,6
2022-06-04,22,Daydreaming,Harry Styles,-,22,1
2022-06-04,23,Galopa,PEDRO SAMPAIO,18,3,16
2022-06-04,24,Satellite,Harry Styles,-,24,1
2022-06-04,25,Love Of My Life,Harry Styles,-,25,1
2022-06-11,1,Acorda Pedrinho,Jovem Dionisio,3,1,2
2022-06-11,2,As It Was,Harry Styles,1,1,9
2022-06-11,3,Dancarina,Pedro Sampaio & MC Pedrinho,2,1,16
2022-06-11,4,Eu Vou Com Carinho Ela Quer Com Forca,"MC Don Juan, MC G15 & MC Davi",-,4,1
2022-06-11,5,Onde Anda,Calema & Ze Felipe,6,4,8
2022-06-11,6,Bam Bam,Camila Cabello Featuring Ed Sheeran,12,6,9
2022-06-11,7,Lua,Ivandro,10,5,14
2022-06-11,8,Sentadona (Ai Calica),"MC Frog, Davi Kneip E DJ Gabriel Do Borel",7,3,11
2022-06-11,9,Simplesmente Ela,MC GABZIN,11,8,10
2022-06-11,10,Malvadao 3,"Xama, Gustah & Neo Beats",14,1,17
2022-06-11,11,Kikando E Me Olhando,MC Braz E MC Tairon,19,11,6
2022-06-11,12,Mon Amour,zzoilo,13,6,16
2022-06-11,13,Gostosinho Tu Cai,MC Pepeu,15,13,5
2022-06-11,14,Envolver,Anitta,16,2,12
2022-06-11,15,Late Night Talking,Harry Styles,4,4,2
2022-06-11,16,Galopa,PEDRO SAMPAIO,23,3,17
2022-06-11,17,Morena,Luan Santana,-,7,16
2022-06-11,18,Desenrola Bate Joga de Ladin,"DJ Bel da CDD, L7nnon & Os Hawaianos Featuring DJ Biel do Furduncinho",21,11,7
2022-06-11,19,Matilda,Harry Styles,5,5,2
2022-06-11,20,Vampiro,"Matue, WIU & Teto",-,10,7
2022-06-11,21,Running Up That Hill (A Deal With God),Kate Bush,-,21,1
2022-06-11,22,Tchuco Nela,Wesley Safadao & Rogerinho,-,22,1
2022-06-11,23,Cold Heart (PNAU Remix),Elton John & Dua Lipa,-,13,14
2022-06-11,24,Fim de Semana No Rio,Teto,-,16,8
2022-06-11,25,Abalo Emocional,Luan Santana,-,14,12
2022-06-18,1,Acorda Pedrinho,Jovem Dionisio,1,1,3
2022-06-18,2,Dancarina,Pedro Sampaio & MC Pedrinho,3,1,17
2022-06-18,3,As It Was,Harry Styles,2,1,10
2022-06-18,4,Europa,"Mizzy Miles, Deejay Telio & Teto Featuring Gson",-,4,1
2022-06-18,5,Running Up That Hill (A Deal With God),Kate Bush,21,5,2
2022-06-18,6,Eu Vou Com Carinho Ela Quer Com Forca,"MC Don Juan, MC G15 & MC Davi",4,4,2
2022-06-18,7,Onde Anda,Calema & Ze Felipe,5,4,9
2022-06-18,8,Bam Bam,Camila Cabello Featuring Ed Sheeran,6,6,10
2022-06-18,9,Lua,Ivandro,7,5,15
2022-06-18,10,Sentadona (Ai Calica),"MC Frog, Davi Kneip E DJ Gabriel Do Borel",8,3,12
2022-06-18,11,Simplesmente Ela,MC GABZIN,9,8,11
2022-06-18,12,Malvadao 3,"Xama, Gustah & Neo Beats",10,1,18
2022-06-18,13,Kikando E Me Olhando,MC Braz E MC Tairon,11,11,7
2022-06-18,14,Mon Amour,zzoilo,12,6,17
2022-06-18,15,Gostosinho Tu Cai,MC Pepeu,13,13,6
2022-06-18,16,Cold Heart (PNAU Remix),Elton John & Dua Lipa,23,13,15
2022-06-18,17,Galopa,PEDRO SAMPAIO,16,3,18
2022-06-18,18,Morena,Luan Santana,17,7,17
2022-06-18,19,Desenrola Bate Joga de Ladin,"DJ Bel da CDD, L7nnon & Os Hawaianos Featuring DJ Biel do Furduncinho",18,11,8
2022-06-18,20,Envolver,Anitta,14,2,13
2022-06-18,21,Vampiro,"Matue, WIU & Teto",20,10,8
2022-06-18,22,Tchuco Nela,Wesley Safadao & Rogerinho,22,22,2
2022-06-18,23,Late Night Talking,Harry Styles,15,4,3
2022-06-18,24,Fim de Semana No Rio,Teto,24,16,9
2022-06-18,25,Abalo Emocional,Luan Santana,25,14,13
2022-06-25,1,Acorda Pedrinho,Jovem Dionisio,1,1,4
2022-06-25,2,Dancarina,Pedro Sampaio & MC Pedrinho,2,1,18
2022-06-25,3,As It Was,Harry Styles,3,1,11
2022-06-25,4,Onde Anda,Calema & Ze Felipe,7,4,10
2022-06-25,5,Eu Vou Com Carinho Ela Quer Com Forca,"MC Don Juan, MC G15 & MC Davi",6,4,3
2022-06-25,6,Running Up That Hill (A Deal With God),Kate Bush,5,5,3
2022-06-25,7,Lua,Ivandro,9,5,16
2022-06-25,8,Europa,"Mizzy Miles, Deejay Telio & Teto Featuring Gson",4,4,2
2022-06-25,9,Bam Bam,Camila Cabello Featuring Ed Sheeran,8,6,11
2022-06-25,10,Simplesmente Ela,MC GABZIN,11,8,12
2022-06-25,11,Sentadona (Ai Calica),"MC Frog, Davi Kneip E DJ Gabriel Do Borel",10,3,13
2022-06-25,12,Malvadao 3,"Xama, Gustah & Neo Beats",12,1,19
2022-06-25,13,Kikando E Me Olhando,MC Braz E MC Tairon,13,11,8
2022-06-25,14,Mon Amour,zzoilo,14,6,18
2022-06-25,15,Galopa,PEDRO SAMPAIO,17,3,19
2022-06-25,16,Morena,Luan Santana,18,7,18
2022-06-25,17,Gostosinho Tu Cai,MC Pepeu,15,13,7
2022-06-25,18,Desenrola Bate Joga de Ladin,"DJ Bel da CDD, L7nnon & Os Hawaianos Featuring DJ Biel do Furduncinho",19,11,9
2022-06-25,19,Envolver,Anitta,20,2,14
2022-06-25,20,Cold Heart (PNAU Remix),Elton John & Dua Lipa,16,13,16
2022-06-25,21,Tchuco Nela,Wesley Safadao & Rogerinho,22,21,3
2022-06-25,22,Vampiro,"Matue, WIU & Teto",21,10,9
2022-06-25,23,Glimpse Of Us,Joji,-,23,1
2022-06-25,24,O Poder Dessa Garota,"MC GABZIN, DJ TAK VADIAO & DJ SV",-,24,1
2022-06-25,25,Pepas,Farruko,-,5,15
2022-07-02,1,Acorda Pedrinho,Jovem Dionisio,1,1,5
2022-07-02,2,Dancarina,Pedro Sampaio & MC Pedrinho,2,1,19
2022-07-02,3,As It Was,Harry Styles,3,1,12
2022-07-02,4,Glimpse Of Us,Joji,23,4,2
2022-07-02,5,Onde Anda,Calema & Ze Felipe,4,4,11
2022-07-02,6,Eu Vou Com Carinho Ela Quer Com Forca,"MC Don Juan, MC G15 & MC Davi",5,4,4
2022-07-02,7,Lua,Ivandro,7,5,17
2022-07-02,8,Running Up That Hill (A Deal With God),Kate Bush,6,5,4
2022-07-02,9,Simplesmente Ela,MC GABZIN,10,8,13
2022-07-02,10,Europa,"Mizzy Miles, Deejay Telio & Teto Featuring Gson",8,4,3
2022-07-02,11,Bam Bam,Camila Cabello Featuring Ed Sheeran,9,6,12
2022-07-02,12,Falling Back,Drake,-,12,1
2022-07-02,13,Sentadona (Ai Calica),"MC Frog, Davi Kneip E DJ Gabriel Do Borel",11,3,14
2022-07-02,14,Kikando E Me Olhando,MC Braz E MC Tairon,13,11,9
2022-07-02,15,Malvadao 3,"Xama, Gustah & Neo Beats",12,1,20
2022-07-02,16,Jimmy Cooks,Drake Featuring 21 Savage,-,16,1
2022-07-02,17,O Poder Dessa Garota,"MC GABZIN, DJ TAK VADIAO & DJ SV",24,17,2
2022-07-02,18,Massive,Drake,-,18,1
2022-07-02,19,Morena,Luan Santana,16,7,19
2022-07-02,20,Envolver,Anitta,19,2,15
2022-07-02,21,Mon Amour,zzoilo,14,6,19
2022-07-02,22,Galopa,PEDRO SAMPAIO,15,3,20
2022-07-02,23,Gostosinho Tu Cai,MC Pepeu,17,13,8
2022-07-02,24,Sticky,Drake,-,24,1
2022-07-02,25,Desenrola Bate Joga de Ladin,"DJ Bel da CDD, L7nnon & Os Hawaianos Featuring DJ Biel do Furduncinho",18,11,10
2022-07-09,1,Dancarina,Pedro Sampaio & MC Pedrinho,2,1,20
2022-07-09,2,Acorda Pedrinho,Jovem Dionisio,1,1,6
2022-07-09,3,As It Was,Harry Styles,3,1,13
2022-07-09,4,Onde Anda,Calema & Ze Felipe,5,4,12
2022-07-09,5,Glimpse Of Us,Joji,4,4,3
2022-07-09,6,Eu Vou Com Carinho Ela Quer Com Forca,"MC Don Juan, MC G15 & MC Davi",6,4,5
2022-07-09,7,Envolver,Anitta,20,2,16
2022-07-09,8,Lua,Ivandro,7,5,18
2022-07-09,9,Running Up That Hill (A Deal With God),Kate Bush,8,5,5
2022-07-09,10,Simplesmente Ela,MC GABZIN,9,8,14
2022-07-09,11,Bam Bam,Camila Cabello Featuring Ed Sheeran,11,6,13
2022-07-09,12,Europa,"Mizzy Miles, Deejay Telio & Teto Featuring Gson",10,4,4
2022-07-09,13,Sentadona (Ai Calica),"MC Frog, Davi Kneip E DJ Gabriel Do Borel",13,3,15
2022-07-09,14,Kikando E Me Olhando,MC Braz E MC Tairon,14,11,10
2022-07-09,15,Cooped Up,Post Malone Featuring Roddy Ricch,-,15,1
2022-07-09,16,Malvadao 3,"Xama, Gustah & Neo Beats",15,1,21
2022-07-09,17,O Poder Dessa Garota,"MC GABZIN, DJ TAK VADIAO & DJ SV",17,17,3
2022-07-09,18,Bandido,Ze Felipe & MC Mari,-,18,1
2022-07-09,19,Morena,Luan Santana,19,7,20
2022-07-09,20,Baile No Morro,MC Tairon E MC Vitin Da Igreji,-,20,1
2022-07-09,21,Galopa,PEDRO SAMPAIO,22,3,21
2022-07-09,22,Mon Amour,zzoilo,21,6,20
2022-07-09,23,Tchuco Nela,Wesley Safadao & Rogerinho,-,21,4
2022-07-09,24,I Like You (A Happier Song),Post Malone Featuring Doja Cat,-,24,1
2022-07-09,25,Gostosinho Tu Cai,MC Pepeu,23,13,9
2022-07-16,1,Dancarina,Pedro Sampaio & MC Pedrinho,1,1,21
2022-07-16,2,Acorda Pedrinho,Jovem Dionisio,2,1,7
2022-07-16,3,As It Was,Harry Styles,3,1,14
2022-07-16,4,Onde Anda,Calema & Ze Felipe,4,4,13
2022-07-16,5,Running Up That Hill (A Deal With God),Kate Bush,9,5,6
2022-07-16,6,Baile No Morro,MC Tairon E MC Vitin Da Igreji,20,6,2
2022-07-16,7,Por Enquanto,Plutonio,-,7,1
2022-07-16,8,Eu Vou Com Carinho Ela Quer Com Forca,"MC Don Juan, MC G15 & MC Davi",6,4,6
2022-07-16,9,Lua,Ivandro,8,5,19
2022-07-16,10,Glimpse Of Us,Joji,5,4,4
2022-07-16,11,Envolver,Anitta,7,2,17
2022-07-16,12,Bam Bam,Camila Cabello Featuring Ed Sheeran,11,6,14
2022-07-16,13,Simplesmente Ela,MC GABZIN,10,8,15
2022-07-16,14,Ai Preto,"DJ Biel do Furduncinho, L7nnon & Bianca",-,14,1
2022-07-16,15,Europa,"Mizzy Miles, Deejay Telio & Teto Featuring Gson",12,4,5
2022-07-16,16,Sentadona (Ai Calica),"MC Frog, Davi Kneip E DJ Gabriel Do Borel",13,3,16
2022-07-16,17,Kikando E Me Olhando,MC Braz E MC Tairon,14,11,11
2022-07-16,18,O Poder Dessa Garota,"MC GABZIN, DJ TAK VADIAO & DJ SV",17,17,4
2022-07-16,19,Morena,Luan Santana,19,7,21
2022-07-16,20,Galopa,PEDRO SAMPAIO,21,3,22
2022-07-16,21,Malvadao 3,"Xama, Gustah & Neo Beats",16,1,22
2022-07-16,22,Mon Amour,zzoilo,22,6,21
2022-07-16,23,Cooped Up,Post Malone Featuring Roddy Ricch,15,15,2
2022-07-16,24,Bandido,Ze Felipe & MC Mari,18,18,2
2022-07-16,25,Como Antes,Matias Damasio,-,25,1
2022-07-23,1,Dancarina,Pedro Sampaio & MC Pedrinho,1,1,22
2022-07-23,2,Acorda Pedrinho,Jovem Dionisio,2,1,8
2022-07-23,3,As It Was,Harry Styles,3,1,15
2022-07-23,4,Onde Anda,Calema & Ze Felipe,4,4,14
2022-07-23,5,Baile No Morro,MC Tairon E MC Vitin Da Igreji,6,5,3
2022-07-23,6,Ai Preto,"DJ Biel do Furduncinho, L7nnon & Bianca",14,6,2
2022-07-23,7,Running Up That Hill (A Deal With God),Kate Bush,5,5,7
2022-07-23,8,Eu Vou Com Carinho Ela Quer Com Forca,"MC Don Juan, MC G15 & MC Davi",8,4,7
2022-07-23,9,Lua,Ivandro,9,5,20
2022-07-23,10,Bam Bam,Camila Cabello Featuring Ed Sheeran,12,6,15
2022-07-23,11,Pipoco,"Ana Castela , Melody & DJ Chris No Beat",-,11,1
2022-07-23,12,Por Enquanto,Plutonio,7,7,2
2022-07-23,13,Glimpse Of Us,Joji,10,4,5
2022-07-23,14,Envolver,Anitta,11,2,18
2022-07-23,15,Simplesmente Ela,MC GABZIN,13,8,16
2022-07-23,16,Europa,"Mizzy Miles, Deejay Telio & Teto Featuring Gson",15,4,6
2022-07-23,17,Kikando E Me Olhando,MC Braz E MC Tairon,17,11,12
2022-07-23,18,Sentadona (Ai Calica),"MC Frog, Davi Kneip E DJ Gabriel Do Borel",16,3,17
2022-07-23,19,Morena,Luan Santana,19,7,22
2022-07-23,20,Galopa,PEDRO SAMPAIO,20,3,23
2022-07-23,21,Malvadao 3,"Xama, Gustah & Neo Beats",21,1,23
2022-07-23,22,O Poder Dessa Garota,"MC GABZIN, DJ TAK VADIAO & DJ SV",18,17,5
2022-07-23,23,Mon Amour,zzoilo,22,6,22
2022-07-23,24,Como Antes,Matias Damasio,25,24,2
2022-07-23,25,Cold Heart (PNAU Remix),Elton John & Dua Lipa,-,13,17
2022-07-30,1,Dancarina,Pedro Sampaio & MC Pedrinho,1,1,23
2022-07-30,2,Acorda Pedrinho,Jovem Dionisio,2,1,9
2022-07-30,3,Onde Anda,Calema & Ze Felipe,4,3,15
2022-07-30,4,As It Was,Harry Styles,3,1,16
2022-07-30,5,Baile No Morro,MC Tairon E MC Vitin Da Igreji,5,5,4
2022-07-30,6,Ai Preto,"DJ Biel do Furduncinho, L7nnon & Bianca",6,6,3
2022-07-30,7,Pipoco,"Ana Castela , Melody & DJ Chris No Beat",11,7,2
2022-07-30,8,Eu Vou Com Carinho Ela Quer Com Forca,"MC Don Juan, MC G15 & MC Davi",8,4,8
2022-07-30,9,Running Up That Hill (A Deal With God),Kate Bush,7,5,8
2022-07-30,10,Lua,Ivandro,9,5,21
2022-07-30,11,Glimpse Of Us,Joji,13,4,6
2022-07-30,12,Bam Bam,Camila Cabello Featuring Ed Sheeran,10,6,16
2022-07-30,13,Envolver,Anitta,14,2,19
2022-07-30,14,Por Enquanto,Plutonio,12,7,3
2022-07-30,15,Morena,Luan Santana,19,7,23
2022-07-30,16,Europa,"Mizzy Miles, Deejay Telio & Teto Featuring Gson",16,4,7
2022-07-30,17,Como Antes,Matias Damasio,24,17,3
2022-07-30,18,Sentadona (Ai Calica),"MC Frog, Davi Kneip E DJ Gabriel Do Borel",18,3,18
2022-07-30,19,Malvadao 3,"Xama, Gustah & Neo Beats",21,1,24
2022-07-30,20,Simplesmente Ela,MC GABZIN,15,8,17
2022-07-30,21,Kikando E Me Olhando,MC Braz E MC Tairon,17,11,13
2022-07-30,22,Galopa,PEDRO SAMPAIO,20,3,24
2022-07-30,23,Mon Amour,zzoilo,23,6,23
2022-07-30,24,O Poder Dessa Garota,"MC GABZIN, DJ TAK VADIAO & DJ SV",22,17,6
2022-07-30,25,Cold Heart (PNAU Remix),Elton John & Dua Lipa,25,13,18
2022-08-06,1,Dancarina,Pedro Sampaio & MC Pedrinho,1,1,24
2022-08-06,2,Ai Preto,"DJ Biel do Furduncinho, L7nnon & Bianca",6,2,4
2022-08-06,3,Acorda Pedrinho,Jovem Dionisio,2,1,10
2022-08-06,4,As It Was,Harry Styles,4,1,17
2022-08-06,5,Onde Anda,Calema & Ze Felipe,3,3,16
2022-08-06,6,Pipoco,"Ana Castela , Melody & DJ Chris No Beat",7,6,3
2022-08-06,7,Baile No Morro,MC Tairon E MC Vitin Da Igreji,5,5,5
2022-08-06,8,Cachorrinhas,Luisa Sonza,-,8,1
2022-08-06,9,Doja,Central Cee,-,9,1
2022-08-06,10,Eu Vou Com Carinho Ela Quer Com Forca,"MC Don Juan, MC G15 & MC Davi",8,4,9
2022-08-06,11,Lua,Ivandro,10,5,22
2022-08-06,12,Glimpse Of Us,Joji,11,4,7
2022-08-06,13,Incendeia,MC Kevin O Chris,-,13,1
2022-08-06,14,Bam Bam,Camila Cabello Featuring Ed Sheeran,12,6,17
2022-08-06,15,Running Up That Hill (A Deal With God),Kate Bush,9,5,9
2022-08-06,16,Como Antes,Matias Damasio,17,16,4
2022-08-06,17,Morena,Luan Santana,15,7,24
2022-08-06,18,Sentadona (Ai Calica),"MC Frog, Davi Kneip E DJ Gabriel Do Borel",18,3,19
2022-08-06,19,Europa,"Mizzy Miles, Deejay Telio & Teto Featuring Gson",16,4,8
2022-08-06,20,Envolver,Anitta,13,2,20
2022-08-06,21,Por Enquanto,Plutonio,14,7,4
2022-08-06,22,Mon Amour,zzoilo,23,6,24
2022-08-06,23,Galopa,PEDRO SAMPAIO,22,3,25
2022-08-06,24,Simplesmente Ela,MC GABZIN,20,8,18
2022-08-06,25,Malvadao 3,"Xama, Gustah & Neo Beats",19,1,25
2022-08-13,1,Dancarina,Pedro Sampaio & MC Pedrinho,1,1,25
2022-08-13,2,Ai Preto,"DJ Biel do Furduncinho, L7nnon & Bianca",2,2,5
2022-08-13,3,As It Was,Harry Styles,4,1,18
2022-08-13,4,Acorda Pedrinho,Jovem Dionisio,3,1,11
2022-08-13,5,Onde Anda,Calema & Ze Felipe,5,3,17
2022-08-13,6,Pipoco,"Ana Castela , Melody & DJ Chris No Beat",6,6,4
2022-08-13,7,Cachorrinhas,Luisa Sonza,8,7,2
2022-08-13,8,Baile No Morro,MC Tairon E MC Vitin Da Igreji,7,5,6
2022-08-13,9,Despecha,ROSALIA,-,9,1
2022-08-13,10,Lua,Ivandro,11,5,23
2022-08-13,11,Eu Vou Com Carinho Ela Quer Com Forca,"MC Don Juan, MC G15 & MC Davi",10,4,10
2022-08-13,12,Doja,Central Cee,9,9,2
2022-08-13,13,Glimpse Of Us,Joji,12,4,8
2022-08-13,14,Incendeia,MC Kevin O Chris,13,13,2
2022-08-13,15,Como Antes,Matias Damasio,16,15,5
2022-08-13,16,Bam Bam,Camila Cabello Featuring Ed Sheeran,14,6,18
2022-08-13,17,Break My Soul,Beyonce,-,17,1
2022-08-13,18,Morena,Luan Santana,17,7,25
2022-08-13,19,Europa,"Mizzy Miles, Deejay Telio & Teto Featuring Gson",19,4,9
2022-08-13,20,Running Up That Hill (A Deal With God),Kate Bush,15,5,10
2022-08-13,21,Envolver,Anitta,20,2,21
2022-08-13,22,Galopa,PEDRO SAMPAIO,23,3,26
2022-08-13,23,Mon Amour,zzoilo,22,6,25
2022-08-13,24,Sentadona (Ai Calica),"MC Frog, Davi Kneip E DJ Gabriel Do Borel",18,3,20
2022-08-13,25,Por Enquanto,Plutonio,21,7,5
2022-08-20,1,Dancarina,Pedro Sampaio & MC Pedrinho,1,1,26
2022-08-20,2,Ai Preto,"DJ Biel do Furduncinho, L7nnon & Bianca",2,2,6
2022-08-20,3,As It Was,Harry Styles,3,1,19
2022-08-20,4,Onde Anda,Calema & Ze Felipe,5,3,18
2022-08-20,5,Acorda Pedrinho,Jovem Dionisio,4,1,12
2022-08-20,6,Pipoco,"Ana Castela , Melody & DJ Chris No Beat",6,6,5
2022-08-20,7,Despecha,ROSALIA,9,7,2
2022-08-20,8,Lua,Ivandro,10,5,24
2022-08-20,9,Baile No Morro,MC Tairon E MC Vitin Da Igreji,8,5,7
2022-08-20,10,Glimpse Of Us,Joji,13,4,9
2022-08-20,11,Cachorrinhas,Luisa Sonza,7,7,3
2022-08-20,12,Como Antes,Matias Damasio,15,12,6
2022-08-20,13,Eu Vou Com Carinho Ela Quer Com Forca,"MC Don Juan, MC G15 & MC Davi",11,4,11
2022-08-20,14,Doja,Central Cee,12,9,3
2022-08-20,15,Europa,"Mizzy Miles, Deejay Telio & Teto Featuring Gson",19,4,10
2022-08-20,16,Incendeia,MC Kevin O Chris,14,13,3
2022-08-20,17,Vento Forte,MC Jacare & DJ TK,-,17,1
2022-08-20,18,Bam Bam,Camila Cabello Featuring Ed Sheeran,16,6,19
2022-08-20,19,Morena,Luan Santana,18,7,26
2022-08-20,20,Galopa,PEDRO SAMPAIO,22,3,27
2022-08-20,21,Envolver,Anitta,21,2,22
2022-08-20,22,Mon Amour,zzoilo,23,6,26
2022-08-20,23,Cold Heart (PNAU Remix),Elton John & Dua Lipa,-,13,19
2022-08-20,24,Running Up That Hill (A Deal With God),Kate Bush,20,5,11
2022-08-20,25,Sentadona (Ai Calica),"MC Frog, Davi Kneip E DJ Gabriel Do Borel",24,3,21
2022-08-27,1,Dancarina,Pedro Sampaio & MC Pedrinho,1,1,27
2022-08-27,2,Ai Preto,"DJ Biel do Furduncinho, L7nnon & Bianca",2,2,7
2022-08-27,3,Onde Anda,Calema & Ze Felipe,4,3,19
2022-08-27,4,Despecha,ROSALIA,7,4,3
2022-08-27,5,As It Was,Harry Styles,3,1,20
2022-08-27,6,Pipoco,"Ana Castela , Melody & DJ Chris No Beat",6,6,6
2022-08-27,7,Acorda Pedrinho,Jovem Dionisio,5,1,13
2022-08-27,8,Lua,Ivandro,8,5,25
2022-08-27,9,Como Antes,Matias Damasio,12,9,7
2022-08-27,10,Glimpse Of Us,Joji,10,4,10
2022-08-27,11,Baile No Morro,MC Tairon E MC Vitin Da Igreji,9,5,8
2022-08-27,12,Eu Vou Com Carinho Ela Quer Com Forca,"MC Don Juan, MC G15 & MC Davi",13,4,12
2022-08-27,13,Europa,"Mizzy Miles, Deejay Telio & Teto Featuring Gson",15,4,11
2022-08-27,14,Morena,Luan Santana,19,7,27
2022-08-27,15,Cachorrinhas,Luisa Sonza,11,7,4
2022-08-27,16,Coracao Cigano,Luan E Luisa Sonza,-,16,1
2022-08-27,17,Doja,Central Cee,14,9,4
2022-08-27,18,Vento Forte,MC Jacare & DJ TK,17,17,2
2022-08-27,19,Bam Bam,Camila Cabello Featuring Ed Sheeran,18,6,20
2022-08-27,20,Mon Amour,zzoilo,22,6,27
2022-08-27,21,Incendeia,MC Kevin O Chris,16,13,4
2022-08-27,22,Galopa,PEDRO SAMPAIO,20,3,28
2022-08-27,23,Envolver,Anitta,21,2,23
2022-08-27,24,Cold Heart (PNAU Remix),Elton John & Dua Lipa,23,13,20
2022-08-27,25,Por Enquanto,Plutonio,-,7,6
2022-09-03,1,Dancarina,Pedro Sampaio & MC Pedrinho,1,1,28
2022-09-03,2,Ai Preto,"DJ Biel do Furduncinho, L7nnon & Bianca",2,2,8
2022-09-03,3,Despecha,ROSALIA,4,3,4
2022-09-03,4,Onde Anda,Calema & Ze Felipe,3,3,20
2022-09-03,5,As It Was,Harry Styles,5,1,21
2022-09-03,6,Pipoco,"Ana Castela , Melody & DJ Chris No Beat",6,6,7
2022-09-03,7,Lua,Ivandro,8,5,26
2022-09-03,8,Coracao Cigano,Luan E Luisa Sonza,16,8,2
2022-09-03,9,Como Antes,Matias Damasio,9,9,8
2022-09-03,10,Acorda Pedrinho,Jovem Dionisio,7,1,14
2022-09-03,11,Glimpse Of Us,Joji,10,4,11
2022-09-03,12,Morena,Luan Santana,14,7,28
2022-09-03,13,Baile No Morro,MC Tairon E MC Vitin Da Igreji,11,5,9
2022-09-03,14,Europa,"Mizzy Miles, Deejay Telio & Teto Featuring Gson",13,4,12
2022-09-03,15,Eu Vou Com Carinho Ela Quer Com Forca,"MC Don Juan, MC G15 & MC Davi",12,4,13
2022-09-03,16,Pink Venom,BLACKPINK,-,16,1
2022-09-03,17,Vento Forte,MC Jacare & DJ TK,18,17,3
2022-09-03,18,Cachorrinhas,Luisa Sonza,15,7,5
2022-09-03,19,Bam Bam,Camila Cabello Featuring Ed Sheeran,19,6,21
2022-09-03,20,Doja,Central Cee,17,9,5
2022-09-03,21,Titi Me Pregunto,Bad Bunny,-,21,1
2022-09-03,22,Mon Amour,zzoilo,20,6,28
2022-09-03,23,Incendeia,MC Kevin O Chris,21,13,5
2022-09-03,24,Cold Heart (PNAU Remix),Elton John & Dua Lipa,24,13,21
2022-09-03,25,Galopa,PEDRO SAMPAIO,22,3,29
2022-09-10,1,Dancarina,Pedro Sampaio & MC Pedrinho,1,1,29
2022-09-10,2,Despecha,ROSALIA,3,2,5
2022-09-10,3,As It Was,Harry Styles,5,1,22
2022-09-10,4,Ai Preto,"DJ Biel do Furduncinho, L7nnon & Bianca",2,2,9
2022-09-10,5,Pipoco,"Ana Castela , Melody & DJ Chris No Beat",6,5,8
2022-09-10,6,Onde Anda,Calema & Ze Felipe,4,3,21
2022-09-10,7,Lua,Ivandro,7,5,27
2022-09-10,8,Como Antes,Matias Damasio,9,8,9
2022-09-10,9,Glimpse Of Us,Joji,11,4,12
2022-09-10,10,Coracao Cigano,Luan E Luisa Sonza,8,8,3
2022-09-10,11,Acorda Pedrinho,Jovem Dionisio,10,1,15
2022-09-10,12,202,Kweller & Enzo Cello,-,12,1
2022-09-10,13,Morena,Luan Santana,12,7,29
2022-09-10,14,Baile No Morro,MC Tairon E MC Vitin Da Igreji,13,5,10
2022-09-10,15,Titi Me Pregunto,Bad Bunny,21,15,2
2022-09-10,16,Europa,"Mizzy Miles, Deejay Telio & Teto Featuring Gson",14,4,13
2022-09-10,17,Yellow,Coldplay,-,17,1
2022-09-10,18,Under The Influence,Chris Brown,-,18,1
2022-09-10,19,Eu Vou Com Carinho Ela Quer Com Forca,"MC Don Juan, MC G15 & MC Davi",15,4,14
2022-09-10,20,Envolver,Anitta,-,2,24
2022-09-10,21,Vento Forte,MC Jacare & DJ TK,17,17,4
2022-09-10,22,Calm Down,Rema & Selena Gomez,-,22,1
2022-09-10,23,Casei Com A Putaria,MC Paiva E MC Ryan SP,-,23,1
2022-09-10,24,Bam Bam,Camila Cabello Featuring Ed Sheeran,19,6,22
2022-09-10,25,Cold Heart (PNAU Remix),Elton John & Dua Lipa,24,13,22
2022-09-17,1,Ai Preto,"DJ Biel do Furduncinho, L7nnon & Bianca",4,1,10
2022-09-17,2,As It Was,Harry Styles,3,1,23
2022-09-17,3,Despecha,ROSALIA,2,2,6
2022-09-17,4,Dancarina,Pedro Sampaio & MC Pedrinho,1,1,30
2022-09-17,5,Pipoco,"Ana Castela , Melody & DJ Chris No Beat",5,5,9
2022-09-17,6,Onde Anda,Calema & Ze Felipe,6,3,22
2022-09-17,7,Lua,Ivandro,7,5,28
2022-09-17,8,Como Antes,Matias Damasio,8,8,10
2022-09-17,9,Glimpse Of Us,Joji,9,4,13
2022-09-17,10,Calm Down,Rema & Selena Gomez,22,10,2
2022-09-17,11,Coracao Cigano,Luan E Luisa Sonza,10,8,4
2022-09-17,12,Titi Me Pregunto,Bad Bunny,15,12,3
2022-09-17,13,Under The Influence,Chris Brown,18,13,2
2022-09-17,14,Europa,"Mizzy Miles, Deejay Telio & Teto Featuring Gson",16,4,14
2022-09-17,15,Acorda Pedrinho,Jovem Dionisio,11,1,16
2022-09-17,16,Baile No Morro,MC Tairon E MC Vitin Da Igreji,14,5,11
2022-09-17,17,Morena,Luan Santana,13,7,30
2022-09-17,18,Casei Com A Putaria,MC Paiva E MC Ryan SP,23,18,2
2022-09-17,19,202,Kweller & Enzo Cello,12,12,2
2022-09-17,20,Envolver,Anitta,20,2,25
2022-09-17,21,Incendeia,MC Kevin O Chris,-,13,6
2022-09-17,22,Eu Vou Com Carinho Ela Quer Com Forca,"MC Don Juan, MC G15 & MC Davi",19,4,15
2022-09-17,23,Another Love,Tom Odell,-,23,1
2022-09-17,24,"Bzrp Music Sessions, Vol. 52",Bizarrap & Quevedo,-,24,1
2022-09-17,25,Doja,Central Cee,-,9,6
2022-09-24,1,Como Tu,Barbara Bandeira Featuring Ivandro,-,1,1
2022-09-24,2,Ai Preto,"DJ Biel do Furduncinho, L7nnon & Bianca",1,1,11
2022-09-24,3,Despecha,ROSALIA,3,2,7
2022-09-24,4,As It Was,Harry Styles,2,1,24
2022-09-24,5,Dancarina,Pedro Sampaio & MC Pedrinho,4,1,31
2022-09-24,6,Pipoco,"Ana Castela , Melody & DJ Chris No Beat",5,5,10
2022-09-24,7,Calm Down,Rema & Selena Gomez,10,7,3
2022-09-24,8,Lua,Ivandro,7,5,29
2022-09-24,9,Como Antes,Matias Damasio,8,8,11
2022-09-24,10,Onde Anda,Calema & Ze Felipe,6,3,23
2022-09-24,11,Glimpse Of Us,Joji,9,4,14
2022-09-24,12,Titi Me Pregunto,Bad Bunny,12,12,4
2022-09-24,13,Under The Influence,Chris Brown,13,13,3
2022-09-24,14,Europa,"Mizzy Miles, Deejay Telio & Teto Featuring Gson",14,4,15
2022-09-24,15,Casei Com A Putaria,MC Paiva E MC Ryan SP,18,15,3
2022-09-24,16,Coracao Cigano,Luan E Luisa Sonza,11,8,5
2022-09-24,17,Baile No Morro,MC Tairon E MC Vitin Da Igreji,16,5,12
2022-09-24,18,Morena,Luan Santana,17,7,31
2022-09-24,19,"Bzrp Music Sessions, Vol. 52",Bizarrap & Quevedo,24,19,2
2022-09-24,20,I'm Good (Blue),David Guetta & Bebe Rexha,-,20,1
2022-09-24,21,Acorda Pedrinho,Jovem Dionisio,15,1,17
2022-09-24,22,202,Kweller & Enzo Cello,19,12,3
2022-09-24,23,Another Love,Tom Odell,23,23,2
2022-09-24,24,I Ain't Worried,OneRepublic,-,24,1
2022-09-24,25,Doja,Central Cee,25,9,7
2022-10-01,1,Como Tu,Barbara Bandeira Featuring Ivandro,1,1,2
2022-10-01,2,Despecha,ROSALIA,3,2,8
2022-10-01,3,Ai Preto,"DJ Biel do Furduncinho, L7nnon & Bianca",2,1,12
2022-10-01,4,Calm Down,Rema & Selena Gomez,7,4,4
2022-10-01,5,As It Was,Harry Styles,4,1,25
2022-10-01,6,Lua,Ivandro,8,5,30
2022-10-01,7,Dancarina,Pedro Sampaio & MC Pedrinho,5,1,32
2022-10-01,8,Como Antes,Matias Damasio,9,8,12
2022-10-01,9,Pipoco,"Ana Castela , Melody & DJ Chris No Beat",6,5,11
2022-10-01,10,Titi Me Pregunto,Bad Bunny,12,10,5
2022-10-01,11,Onde Anda,Calema & Ze Felipe,10,3,24
2022-10-01,12,Glimpse Of Us,Joji,11,4,15
2022-10-01,13,Under The Influence,Chris Brown,13,13,4
2022-10-01,14,Casei Com A Putaria,MC Paiva E MC Ryan SP,15,14,4
2022-10-01,15,I'm Good (Blue),David Guetta & Bebe Rexha,20,15,2
2022-10-01,16,"Bzrp Music Sessions, Vol. 52",Bizarrap & Quevedo,19,16,3
2022-10-01,17,Europa,"Mizzy Miles, Deejay Telio & Teto Featuring Gson",14,4,16
2022-10-01,18,Shut Down,BLACKPINK,-,18,1
2022-10-01,19,Another Love,Tom Odell,23,19,3
2022-10-01,20,I Ain't Worried,OneRepublic,24,20,2
2022-10-01,21,Baile No Morro,MC Tairon E MC Vitin Da Igreji,17,5,13
2022-10-01,22,Doja,Central Cee,25,9,8
2022-10-01,23,Morena,Luan Santana,18,7,32
2022-10-01,24,Coracao Cigano,Luan E Luisa Sonza,16,8,6
2022-10-01,25,Acorda Pedrinho,Jovem Dionisio,21,1,18
2022-10-08,1,Como Tu,Barbara Bandeira Featuring Ivandro,1,1,3
2022-10-08,2,Unholy,Sam Smith & Kim Petras,-,2,1
2022-10-08,3,Despecha,ROSALIA,2,2,9
2022-10-08,4,Calm Down,Rema & Selena Gomez,4,4,5
2022-10-08,5,Ai Preto,"DJ Biel do Furduncinho, L7nnon & Bianca",3,1,13
2022-10-08,6,Poesia Acustica 13,"MC Cabelinho, TZ da Coronel, Chefin, Luisa Sonza , N.I.N.A., Xama, Oruam, Chris MC, L7NNON & Salve Malak",-,6,1
2022-10-08,7,Lua,Ivandro,6,5,31
2022-10-08,8,As It Was,Harry Styles,5,1,26
2022-10-08,9,Titi Me Pregunto,Bad Bunny,10,9,6
2022-10-08,10,Como Antes,Matias Damasio,8,8,13
2022-10-08,11,Under The Influence,Chris Brown,13,11,5
2022-10-08,12,Pipoco,"Ana Castela , Melody & DJ Chris No Beat",9,5,12
2022-10-08,13,Dancarina,Pedro Sampaio & MC Pedrinho,7,1,33
2022-10-08,14,I'm Good (Blue),David Guetta & Bebe Rexha,15,14,3
2022-10-08,15,Glimpse Of Us,Joji,12,4,16
2022-10-08,16,Onde Anda,Calema & Ze Felipe,11,3,25
2022-10-08,17,"Bzrp Music Sessions, Vol. 52",Bizarrap & Quevedo,16,16,4
2022-10-08,18,Europa,"Mizzy Miles, Deejay Telio & Teto Featuring Gson",17,4,17
2022-10-08,19,Casei Com A Putaria,MC Paiva E MC Ryan SP,14,14,5
2022-10-08,20,Another Love,Tom Odell,19,19,4
2022-10-08,21,I Ain't Worried,OneRepublic,20,20,3
2022-10-08,22,Por Enquanto,Plutonio,-,7,7
2022-10-08,23,Morena,Luan Santana,23,7,33
2022-10-08,24,Baile No Morro,MC Tairon E MC Vitin Da Igreji,21,5,14
2022-10-08,25,Doja,Central Cee,22,9,9
2022-10-15,1,Como Tu,Barbara Bandeira Featuring Ivandro,1,1,4
2022-10-15,2,Unholy,Sam Smith & Kim Petras,2,2,2
2022-10-15,3,Calm Down,Rema & Selena Gomez,4,3,6
2022-10-15,4,Ai Preto,"DJ Biel do Furduncinho, L7nnon & Bianca",5,1,14
2022-10-15,5,Despecha,ROSALIA,3,2,10
2022-10-15,6,Lua,Ivandro,7,5,32
2022-10-15,7,Titi Me Pregunto,Bad Bunny,9,7,7
2022-10-15,8,Under The Influence,Chris Brown,11,8,6
2022-10-15,9,As It Was,Harry Styles,8,1,27
2022-10-15,10,Poesia Acustica 13,"MC Cabelinho, TZ da Coronel, Chefin, Luisa Sonza , N.I.N.A., Xama, Oruam, Chris MC, L7NNON & Salve Malak",6,6,2
2022-10-15,11,I'm Good (Blue),David Guetta & Bebe Rexha,14,11,4
2022-10-15,12,Como Antes,Matias Damasio,10,8,14
2022-10-15,13,"Bzrp Music Sessions, Vol. 52",Bizarrap & Quevedo,17,13,5
2022-10-15,14,Dancarina,Pedro Sampaio & MC Pedrinho,13,1,34
2022-10-15,15,Pipoco,"Ana Castela , Melody & DJ Chris No Beat",12,5,13
2022-10-15,16,Glimpse Of Us,Joji,15,4,17
2022-10-15,17,Casei Com A Putaria,MC Paiva E MC Ryan SP,19,14,6
2022-10-15,18,Onde Anda,Calema & Ze Felipe,16,3,26
2022-10-15,19,Another Love,Tom Odell,20,19,5
2022-10-15,20,Europa,"Mizzy Miles, Deejay Telio & Teto Featuring Gson",18,4,18
2022-10-15,21,I Ain't Worried,OneRepublic,21,20,4
2022-10-15,22,Chamada Nao Atendida,Barbara Tinoco,-,22,1
2022-10-15,23,Por Enquanto,Plutonio,22,7,8
2022-10-15,24,Baile No Morro,MC Tairon E MC Vitin Da Igreji,24,5,15
2022-10-15,25,Morena,Luan Santana,23,7,34
2022-10-22,1,Como Tu,Barbara Bandeira Featuring Ivandro,1,1,5
2022-10-22,2,Unholy,Sam Smith & Kim Petras,2,2,3
2022-10-22,3,Calm Down,Rema & Selena Gomez,3,3,7
2022-10-22,4,Lua,Ivandro,6,4,33
2022-10-22,5,"Bzrp Music Sessions, Vol. 52",Bizarrap & Quevedo,13,5,6
2022-10-22,6,Under The Influence,Chris Brown,8,6,7
2022-10-22,7,Ai Preto,"DJ Biel do Furduncinho, L7nnon & Bianca",4,1,15
2022-10-22,8,Titi Me Pregunto,Bad Bunny,7,7,8
2022-10-22,9,Despecha,ROSALIA,5,2,11
2022-10-22,10,I'm Good (Blue),David Guetta & Bebe Rexha,11,10,5
2022-10-22,11,As It Was,Harry Styles,9,1,28
2022-10-22,12,Poesia Acustica 13,"MC Cabelinho, TZ da Coronel, Chefin, Luisa Sonza , N.I.N.A., Xama, Oruam, Chris MC, L7NNON & Salve Malak",10,6,3
2022-10-22,13,Como Antes,Matias Damasio,12,8,15
2022-10-22,14,Another Love,Tom Odell,19,14,6
2022-10-22,15,Casei Com A Putaria,MC Paiva E MC Ryan SP,17,14,7
2022-10-22,16,Cuff It,Beyonce,-,16,1
2022-10-22,17,Glimpse Of Us,Joji,16,4,18
2022-10-22,18,Dancarina,Pedro Sampaio & MC Pedrinho,14,1,35
2022-10-22,19,Pipoco,"Ana Castela , Melody & DJ Chris No Beat",15,5,14
2022-10-22,20,I Ain't Worried,OneRepublic,21,20,5
2022-10-22,21,Europa,"Mizzy Miles, Deejay Telio & Teto Featuring Gson",20,4,19
2022-10-22,22,Onde Anda,Calema & Ze Felipe,18,3,27
2022-10-22,23,La Bachata,Manuel Turizo,-,23,1
2022-10-22,24,Chamada Nao Atendida,Barbara Tinoco,22,22,2
2022-10-22,25,Snap,Rosa Linn,-,25,1
2022-10-29,1,Como Tu,Barbara Bandeira Featuring Ivandro,1,1,6
2022-10-29,2,Unholy,Sam Smith & Kim Petras,2,2,4
2022-10-29,3,Calm Down,Rema & Selena Gomez,3,3,8
2022-10-29,4,"Bzrp Music Sessions, Vol. 52",Bizarrap & Quevedo,5,4,7
2022-10-29,5,Under The Influence,Chris Brown,6,5,8
2022-10-29,6,Lua,Ivandro,4,4,34
2022-10-29,7,I'm Good (Blue),David Guetta & Bebe Rexha,10,7,6
2022-10-29,8,Despecha,ROSALIA,9,2,12
2022-10-29,9,Titi Me Pregunto,Bad Bunny,8,7,9
2022-10-29,10,Ai Preto,"DJ Biel do Furduncinho, L7nnon & Bianca",7,1,16
2022-10-29,11,Another Love,Tom Odell,14,11,7
2022-10-29,12,As It Was,Harry Styles,11,1,29
2022-10-29,13,Chauffeur,Regula Featuring Gson,-,13,1
2022-10-29,14,Cuff It,Beyonce,16,14,2
2022-10-29,15,Como Antes,Matias Damasio,13,8,16
2022-10-29,16,Casei Com A Putaria,MC Paiva E MC Ryan SP,15,14,8
2022-10-29,17,Glimpse Of Us,Joji,17,4,19
2022-10-29,18,Poesia Acustica 13,"MC Cabelinho, TZ da Coronel, Chefin, Luisa Sonza , N.I.N.A., Xama, Oruam, Chris MC, L7NNON & Salve Malak",12,6,4
2022-10-29,19,Europa,"Mizzy Miles, Deejay Telio & Teto Featuring Gson",21,4,20
2022-10-29,20,Dancarina,Pedro Sampaio & MC Pedrinho,18,1,36
2022-10-29,21,I Ain't Worried,OneRepublic,20,20,6
2022-10-29,22,La Bachata,Manuel Turizo,23,22,2
2022-10-29,23,Pipoco,"Ana Castela , Melody & DJ Chris No Beat",19,5,15
2022-10-29,24,Onde Anda,Calema & Ze Felipe,22,3,28
2022-10-29,25,Por Enquanto,Plutonio,-,7,9
2022-11-05,1,Anti-Hero,Taylor Swift,-,1,1
2022-11-05,2,"Bzrp Music Sessions, Vol. 52",Bizarrap & Quevedo,4,2,8
2022-11-05,3,Como Tu,Barbara Bandeira Featuring Ivandro,1,1,7
2022-11-05,4,Unholy,Sam Smith & Kim Petras,2,2,5
2022-11-05,5,Calm Down,Rema & Selena Gomez,3,3,9
2022-11-05,6,Lavender Haze,Taylor Swift,-,6,1
2022-11-05,7,Snow On The Beach,Taylor Swift Featuring Lana Del Rey,-,7,1
2022-11-05,8,Under The Influence,Chris Brown,5,5,9
2022-11-05,9,Midnight Rain,Taylor Swift,-,9,1
2022-11-05,10,"You're On Your Own, Kid",Taylor Swift,-,10,1
2022-11-05,11,Vigilante Shit,Taylor Swift,-,11,1
2022-11-05,12,Maroon,Taylor Swift,-,12,1
2022-11-05,13,Karma,Taylor Swift Featuring Ice Spice,-,13,1
2022-11-05,14,Titi Me Pregunto,Bad Bunny,9,7,10
2022-11-05,15,Despecha,ROSALIA,8,2,13
2022-11-05,16,Question...?,Taylor Swift,-,16,1
2022-11-05,17,Bejeweled,Taylor Swift,-,17,1
2022-11-05,18,I'm Good (Blue),David Guetta & Bebe Rexha,7,7,7
2022-11-05,19,Lua,Ivandro,6,4,35
2022-11-05,20,Another Love,Tom Odell,11,11,8
2022-11-05,21,As It Was,Harry Styles,12,1,30
2022-11-05,22,Ai Preto,"DJ Biel do Furduncinho, L7nnon & Bianca",10,1,17
2022-11-05,23,Cuff It,Beyonce,14,14,3
2022-11-05,24,La Bachata,Manuel Turizo,22,22,3
2022-11-05,25,Como Antes,Matias Damasio,15,8,17
2022-11-12,1,"Bzrp Music Sessions, Vol. 52",Bizarrap & Quevedo,2,1,9
2022-11-12,2,Unholy,Sam Smith & Kim Petras,4,2,6
2022-11-12,3,Como Tu,Barbara Bandeira Featuring Ivandro,3,1,8
2022-11-12,4,Calm Down,Rema & Selena Gomez,5,3,10
2022-11-12,5,Lift Me Up,Rihanna,-,5,1
2022-11-12,6,Anti-Hero,Taylor Swift,1,1,2
2022-11-12,7,Under The Influence,Chris Brown,8,5,10
2022-11-12,8,Titi Me Pregunto,Bad Bunny,14,7,11
2022-11-12,9,Despecha,ROSALIA,15,2,14
2022-11-12,10,I'm Good (Blue),David Guetta & Bebe Rexha,18,7,8
2022-11-12,11,Ai Preto,"DJ Biel do Furduncinho, L7nnon & Bianca",22,1,18
2022-11-12,12,La Bachata,Manuel Turizo,24,12,4
2022-11-12,13,Lua,Ivandro,19,4,36
2022-11-12,14,Another Love,Tom Odell,20,11,9
2022-11-12,15,As It Was,Harry Styles,21,1,31
2022-11-12,16,Cuff It,Beyonce,23,14,4
2022-11-12,17,Como Antes,Matias Damasio,25,8,18
2022-11-12,18,Casei Com A Putaria,MC Paiva E MC Ryan SP,-,14,9
2022-11-12,19,Dancarina,Pedro Sampaio & MC Pedrinho,-,1,37
2022-11-12,20,Lavender Haze,Taylor Swift,6,6,2
2022-11-12,21,Chauffeur,Regula Featuring Gson,-,13,2
2022-11-12,22,Glimpse Of Us,Joji,-,4,20
2022-11-12,23,Miss You,Oliver Tree & Robin Schulz,-,23,1
2022-11-12,24,Europa,"Mizzy Miles, Deejay Telio & Teto Featuring Gson",-,4,21
2022-11-12,25,Midnight Rain,Taylor Swift,9,9,2
2022-11-19,1,"Bzrp Music Sessions, Vol. 52",Bizarrap & Quevedo,1,1,10
2022-11-19,2,Calm Down,Rema & Selena Gomez,4,2,11
2022-11-19,3,Como Tu,Barbara Bandeira Featuring Ivandro,3,1,9
2022-11-19,4,Unholy,Sam Smith & Kim Petras,2,2,7
2022-11-19,5,Rich Flex,Drake & 21 Savage,-,5,1
2022-11-19,6,Pussy & Millions,Drake & 21 Savage Featuring Travis Scott,-,6,1
2022-11-19,7,Under The Influence,Chris Brown,7,5,11
2022-11-19,8,Major Distribution,Drake & 21 Savage,-,8,1
2022-11-19,9,Titi Me Pregunto,Bad Bunny,8,7,12
2022-11-19,10,Anti-Hero,Taylor Swift,6,1,3
2022-11-19,11,I'm Good (Blue),David Guetta & Bebe Rexha,10,7,9
2022-11-19,12,La Bachata,Manuel Turizo,12,12,5
2022-11-19,13,On BS,Drake & 21 Savage,-,13,1
2022-11-19,14,Despecha,ROSALIA,9,2,15
2022-11-19,15,Another Love,Tom Odell,14,11,10
2022-11-19,16,Lua,Ivandro,13,4,37
2022-11-19,17,As It Was,Harry Styles,15,1,32
2022-11-19,18,Glimpse Of Us,Joji,22,4,21
2022-11-19,19,Ai Preto,"DJ Biel do Furduncinho, L7nnon & Bianca",11,1,19
2022-11-19,20,Circo Loco,Drake & 21 Savage,-,20,1
2022-11-19,21,Spin Bout U,Drake & 21 Savage,-,21,1
2022-11-19,22,Como Antes,Matias Damasio,17,8,19
2022-11-19,23,Cuff It,Beyonce,16,14,5
2022-11-19,24,BackOutsideBoyz,Drake,-,24,1
2022-11-19,25,Privileged Rappers,Drake & 21 Savage,-,25,1
2022-11-26,1,"Bzrp Music Sessions, Vol. 52",Bizarrap & Quevedo,1,1,11
2022-11-26,2,Como Tu,Barbara Bandeira Featuring Ivandro,3,1,10
2022-11-26,3,Calm Down,Rema & Selena Gomez,2,2,12
2022-11-26,4,Unholy,Sam Smith & Kim Petras,4,2,8
2022-11-26,5,Evoque Prata,MC MENOR HR E MC Menor SG & DJ ESCOBAR,-,5,1
2022-11-26,6,Under The Influence,Chris Brown,7,5,12
2022-11-26,7,La Bachata,Manuel Turizo,12,7,6
2022-11-26,8,Titi Me Pregunto,Bad Bunny,9,7,13
2022-11-26,9,Another Love,Tom Odell,15,9,11
2022-11-26,10,I'm Good (Blue),David Guetta & Bebe Rexha,11,7,10
2022-11-26,11,Rich Flex,Drake & 21 Savage,5,5,2
2022-11-26,12,Despecha,ROSALIA,14,2,16
2022-11-26,13,Lua,Ivandro,16,4,38
2022-11-26,14,As It Was,Harry Styles,17,1,33
2022-11-26,15,Casei Com A Putaria,MC Paiva E MC Ryan SP,-,14,10
2022-11-26,16,Ai Preto,"DJ Biel do Furduncinho, L7nnon & Bianca",19,1,20
2022-11-26,17,Gorillaz,Wet Bed Gang Featuring L7nnon,-,17,1
2022-11-26,18,Anti-Hero,Taylor Swift,10,1,4
2022-11-26,19,Chamada Nao Atendida,Barbara Tinoco,-,19,3
2022-11-26,20,Glimpse Of Us,Joji,18,4,22
2022-11-26,21,Como Antes,Matias Damasio,22,8,20
2022-11-26,22,Cuff It,Beyonce,23,14,6
2022-11-26,23,Dancarina,Pedro Sampaio & MC Pedrinho,-,1,38
2022-11-26,24,Miss You,Oliver Tree & Robin Schulz,-,23,2
2022-11-26,25,Pipoco,"Ana Castela , Melody & DJ Chris No Beat",-,5,16
2022-12-03,1,"Bzrp Music Sessions, Vol. 52",Bizarrap & Quevedo,1,1,12
2022-12-03,2,Como Tu,Barbara Bandeira Featuring Ivandro,2,1,11
2022-12-03,3,Evoque Prata,MC MENOR HR E MC Menor SG & DJ ESCOBAR,5,3,2
2022-12-03,4,Calm Down,Rema & Selena Gomez,3,2,13
2022-12-03,5,Unholy,Sam Smith & Kim Petras,4,2,9
2022-12-03,6,La Bachata,Manuel Turizo,7,6,7
2022-12-03,7,Under The Influence,Chris Brown,6,5,13
2022-12-03,8,Another Love,Tom Odell,9,8,12
2022-12-03,9,Despecha,ROSALIA,12,2,17
2022-12-03,10,I'm Good (Blue),David Guetta & Bebe Rexha,10,7,11
2022-12-03,11,I'm Sorry,"Mizzy Miles, Ivandro & Piruka",-,11,1
2022-12-03,12,Lua,Ivandro,13,4,39
2022-12-03,13,Chamada Nao Atendida,Barbara Tinoco,19,13,4
2022-12-03,14,Titi Me Pregunto,Bad Bunny,8,7,14
2022-12-03,15,As It Was,Harry Styles,14,1,34
2022-12-03,16,Casei Com A Putaria,MC Paiva E MC Ryan SP,15,14,11
2022-12-03,17,Ai Preto,"DJ Biel do Furduncinho, L7nnon & Bianca",16,1,21
2022-12-03,18,Rich Flex,Drake & 21 Savage,11,5,3
2022-12-03,19,Como Antes,Matias Damasio,21,8,21
2022-12-03,20,Anti-Hero,Taylor Swift,18,1,5
2022-12-03,21,Cuff It,Beyonce,22,14,7
2022-12-03,22,Glimpse Of Us,Joji,20,4,23
2022-12-03,23,Miss You,Oliver Tree & Robin Schulz,24,23,3
2022-12-03,24,Europa,"Mizzy Miles, Deejay Telio & Teto Featuring Gson",-,4,22
2022-12-03,25,Dancarina,Pedro Sampaio & MC Pedrinho,23,1,39
2022-12-10,1,Evoque Prata,MC MENOR HR E MC Menor SG & DJ ESCOBAR,3,1,3
2022-12-10,2,"Bzrp Music Sessions, Vol. 52",Bizarrap & Quevedo,1,1,13
2022-12-10,3,Como Tu,Barbara Bandeira Featuring Ivandro,2,1,12
2022-12-10,4,Calm Down,Rema & Selena Gomez,4,2,14
2022-12-10,5,Despecha,ROSALIA,9,2,18
2022-12-10,6,Unholy,Sam Smith & Kim Petras,5,2,10
2022-12-10,7,La Bachata,Manuel Turizo,6,6,8
2022-12-10,8,Under The Influence,Chris Brown,7,5,14
2022-12-10,9,Lua,Ivandro,12,4,40
2022-12-10,10,Another Love,Tom Odell,8,8,13
2022-12-10,11,Titi Me Pregunto,Bad Bunny,14,7,15
2022-12-10,12,I'm Good (Blue),David Guetta & Bebe Rexha,10,7,12
2022-12-10,13,Chamada Nao Atendida,Barbara Tinoco,13,13,5
2022-12-10,14,As It Was,Harry Styles,15,1,35
2022-12-10,15,I'm Sorry,"Mizzy Miles, Ivandro & Piruka",11,11,2
2022-12-10,16,Ai Preto,"DJ Biel do Furduncinho, L7nnon & Bianca",17,1,22
2022-12-10,17,Casei Com A Putaria,MC Paiva E MC Ryan SP,16,14,12
2022-12-10,18,Como Antes,Matias Damasio,19,8,22
2022-12-10,19,Caro,X-Tense & Slow J,-,19,1
2022-12-10,20,All I Want For Christmas Is You,Mariah Carey,-,20,1
2022-12-10,21,Anti-Hero,Taylor Swift,20,1,6
2022-12-10,22,Dancarina,Pedro Sampaio & MC Pedrinho,25,1,40
2022-12-10,23,Rich Flex,Drake & 21 Savage,18,5,4
2022-12-10,24,Cuff It,Beyonce,21,14,8
2022-12-10,25,Glimpse Of Us,Joji,22,4,24
2022-12-17,1,Evoque Prata,MC MENOR HR E MC Menor SG & DJ ESCOBAR,1,1,4
2022-12-17,2,"Bzrp Music Sessions, Vol. 52",Bizarrap & Quevedo,2,1,14
2022-12-17,3,Como Tu,Barbara Bandeira Featuring Ivandro,3,1,13
2022-12-17,4,Calm Down,Rema & Selena Gomez,4,2,15
2022-12-17,5,Creepin',"Metro Boomin , The Weeknd & 21 Savage",-,5,1
2022-12-17,6,Unholy,Sam Smith & Kim Petras,6,2,11
2022-12-17,7,La Bachata,Manuel Turizo,7,6,9
2022-12-17,8,Despecha,ROSALIA,5,2,19
2022-12-17,9,All I Want For Christmas Is You,Mariah Carey,20,9,2
2022-12-17,10,Lua,Ivandro,9,4,41
2022-12-17,11,Under The Influence,Chris Brown,8,5,15
2022-12-17,12,As It Was,Harry Styles,14,1,36
2022-12-17,13,Titi Me Pregunto,Bad Bunny,11,7,16
2022-12-17,14,Another Love,Tom Odell,10,8,14
2022-12-17,15,Niagara Falls (Foot Or 2),"Metro Boomin , Travis Scott & 21 Savage",-,15,1
2022-12-17,16,Ai Preto,"DJ Biel do Furduncinho, L7nnon & Bianca",16,1,23
2022-12-17,17,Chamada Nao Atendida,Barbara Tinoco,13,13,6
2022-12-17,18,I'm Good (Blue),David Guetta & Bebe Rexha,12,7,13
2022-12-17,19,Superhero (Heroes & Villains),"Metro Boomin , Future & Chris Brown",-,19,1
2022-12-17,20,Casei Com A Putaria,MC Paiva E MC Ryan SP,17,14,13
2022-12-17,21,Como Antes,Matias Damasio,18,8,23
2022-12-17,22,Too Many Nights,Metro Boomin Featuring Don Toliver & Future,-,22,1
2022-12-17,23,Dancarina,Pedro Sampaio & MC Pedrinho,22,1,41
2022-12-17,24,I'm Sorry,"Mizzy Miles, Ivandro & Piruka",15,11,3
2022-12-17,25,Raindrops (Insane),Metro Boomin & Travis Scott,-,25,1
2022-12-24,1,Evoque Prata,MC MENOR HR E MC Menor SG & DJ ESCOBAR,1,1,5
2022-12-24,2,Calm Down,Rema & Selena Gomez,4,2,16
2022-12-24,3,Como Tu,Barbara Bandeira Featuring Ivandro,3,1,14
2022-12-24,4,"Bzrp Music Sessions, Vol. 52",Bizarrap & Quevedo,2,1,15
2022-12-24,5,Creepin',"Metro Boomin , The Weeknd & 21 Savage",5,5,2
2022-12-24,6,La Bachata,Manuel Turizo,7,6,10
2022-12-24,7,Unholy,Sam Smith & Kim Petras,6,2,12
2022-12-24,8,Lua,Ivandro,10,4,42
2022-12-24,9,All I Want For Christmas Is You,Mariah Carey,9,9,3
2022-12-24,10,Another Love,Tom Odell,14,8,15
2022-12-24,11,Despecha,ROSALIA,8,2,20
2022-12-24,12,Under The Influence,Chris Brown,11,5,16
2022-12-24,13,As It Was,Harry Styles,12,1,37
2022-12-24,14,Chamada Nao Atendida,Barbara Tinoco,17,13,7
2022-12-24,15,Titi Me Pregunto,Bad Bunny,13,7,17
2022-12-24,16,I'm Good (Blue),David Guetta & Bebe Rexha,18,7,14
2022-12-24,17,Cabaret,ProfJam,-,17,1
2022-12-24,18,Kill Bill,SZA,-,18,1
2022-12-24,19,Casei Com A Putaria,MC Paiva E MC Ryan SP,20,14,14
2022-12-24,20,Como Antes,Matias Damasio,21,8,24
2022-12-24,21,Ai Preto,"DJ Biel do Furduncinho, L7nnon & Bianca",16,1,24
2022-12-24,22,I'm Sorry,"Mizzy Miles, Ivandro & Piruka",24,11,4
2022-12-24,23,Tubarao Te Amo,"DJ LK da Escocia, Tchakabum & MC Ryan SP Featuring mc jhenny & MC RF",-,23,1
2022-12-24,24,Last Christmas,Wham!,-,24,1
2022-12-24,25,Dancarina,Pedro Sampaio & MC Pedrinho,23,1,42
2022-12-31,1,Let Go,Central Cee,-,1,1
2022-12-31,2,Calm Down,Rema & Selena Gomez,2,2,17
2022-12-31,3,Evoque Prata,MC MENOR HR E MC Menor SG & DJ ESCOBAR,1,1,6
2022-12-31,4,Como Tu,Barbara Bandeira Featuring Ivandro,3,1,15
2022-12-31,5,"Bzrp Music Sessions, Vol. 52",Bizarrap & Quevedo,4,1,16
2022-12-31,6,All I Want For Christmas Is You,Mariah Carey,9,6,4
2022-12-31,7,Creepin',"Metro Boomin , The Weeknd & 21 Savage",5,5,3
2022-12-31,8,Despecha,ROSALIA,11,2,21
2022-12-31,9,La Bachata,Manuel Turizo,6,6,11
2022-12-31,10,Unholy,Sam Smith & Kim Petras,7,2,13
2022-12-31,11,Lua,Ivandro,8,4,43
2022-12-31,12,Last Christmas,Wham!,24,12,2
2022-12-31,13,Rockin' Around The Christmas Tree,Brenda Lee,-,13,1
2022-12-31,14,Kill Bill,SZA,18,14,2
2022-12-31,15,Chamada Nao Atendida,Barbara Tinoco,14,13,8
2022-12-31,16,Titi Me Pregunto,Bad Bunny,15,7,18
2022-12-31,17,Another Love,Tom Odell,10,8,16
2022-12-31,18,Under The Influence,Chris Brown,12,5,17
2022-12-31,19,Hallywud,Lon3r Johny X ProfJam,-,19,1
2022-12-31,20,As It Was,Harry Styles,13,1,38
2022-12-31,21,I'm Good (Blue),David Guetta & Bebe Rexha,16,7,15
2022-12-31,22,Casei Com A Putaria,MC Paiva E MC Ryan SP,19,14,15
2022-12-31,23,Jingle Bell Rock,Bobby Helms,-,23,1
2022-12-31,24,Tubarao Te Amo,"DJ LK da Escocia, Tchakabum & MC Ryan SP Featuring mc jhenny & MC RF",23,23,2
2022-12-31,25,Como Antes,Matias Damasio,20,8,25
2023-01-07,1,All I Want For Christmas Is You,Mariah Carey,6,1,5
2023-01-07,2,Calm Down,Rema & Selena Gomez,2,2,18
2023-01-07,3,Rockin' Around The Christmas Tree,Brenda Lee,13,3,2
2023-01-07,4,Last Christmas,Wham!,12,4,3
2023-01-07,5,Como Tu,Barbara Bandeira Featuring Ivandro,4,1,16
2023-01-07,6,Evoque Prata,MC MENOR HR E MC Menor SG & DJ ESCOBAR,3,1,7
2023-01-07,7,Jingle Bell Rock,Bobby Helms,23,7,2
2023-01-07,8,"Bzrp Music Sessions, Vol. 52",Bizarrap & Quevedo,5,1,17
2023-01-07,9,It's Beginning To Look A Lot Like Christmas,Michael Buble,-,9,1
2023-01-07,10,Let Go,Central Cee,1,1,2
2023-01-07,11,Let It Snow! Let It Snow! Let It Snow!,Dean Martin,-,11,1
2023-01-07,12,Santa Tell Me,Ariana Grande,-,12,1
2023-01-07,13,La Bachata,Manuel Turizo,9,6,12
2023-01-07,14,Holly Jolly Christmas,Michael Buble,-,14,1
2023-01-07,15,Creepin',"Metro Boomin , The Weeknd & 21 Savage",7,5,4
2023-01-07,16,Agudo Magico 3,MC K.K / MC Lipivox / DJ Aurelio / DJ TG Beats,-,16,1
2023-01-07,17,Feliz Navidad,Jose Feliciano,-,17,1
2023-01-07,18,It's The Most Wonderful Time Of The Year,Andy Williams,-,18,1
2023-01-07,19,Despecha,ROSALIA,8,2,22
2023-01-07,20,Unholy,Sam Smith & Kim Petras,10,2,14
2023-01-07,21,Lua,Ivandro,11,4,44
2023-01-07,22,Underneath The Tree,Kelly Clarkson,-,22,1
2023-01-07,23,Titi Me Pregunto,Bad Bunny,16,7,19
2023-01-07,24,Chamada Nao Atendida,Barbara Tinoco,15,13,9
2023-01-07,25,Snowman,Sia,-,25,1
2023-01-14,1,Calm Down,Rema & Selena Gomez,2,1,19
2023-01-14,2,Como Tu,Barbara Bandeira Featuring Ivandro,5,1,17
2023-01-14,3,Evoque Prata,MC MENOR HR E MC Menor SG & DJ ESCOBAR,6,1,8
2023-01-14,4,"Bzrp Music Sessions, Vol. 52",Bizarrap & Quevedo,8,1,18
2023-01-14,5,Agudo Magico 3,MC K.K / MC Lipivox / DJ Aurelio / DJ TG Beats,16,5,2
2023-01-14,6,La Bachata,Manuel Turizo,13,6,13
2023-01-14,7,Unholy,Sam Smith & Kim Petras,20,2,15
2023-01-14,8,I'm Good (Blue),David Guetta & Bebe Rexha,-,7,16
2023-01-14,9,Let Go,Central Cee,10,1,3
2023-01-14,10,Creepin',"Metro Boomin , The Weeknd & 21 Savage",15,5,5
2023-01-14,11,Despecha,ROSALIA,19,2,23
2023-01-14,12,Lua,Ivandro,21,4,45
2023-01-14,13,As It Was,Harry Styles,-,1,39
2023-01-14,14,Titi Me Pregunto,Bad Bunny,23,7,20
2023-01-14,15,Another Love,Tom Odell,-,8,17
2023-01-14,16,Kill Bill,SZA,-,14,3
2023-01-14,17,Chamada Nao Atendida,Barbara Tinoco,24,13,10
2023-01-14,18,Dancarina,Pedro Sampaio & MC Pedrinho,-,1,43
2023-01-14,19,Casei Com A Putaria,MC Paiva E MC Ryan SP,-,14,16
2023-01-14,20,Como Antes,Matias Damasio,-,8,26
2023-01-14,21,Under The Influence,Chris Brown,-,5,18
2023-01-14,22,Escapism,RAYE Featuring 070 Shake,-,22,1
2023-01-14,23,Ai Preto,"DJ Biel do Furduncinho, L7nnon & Bianca",-,1,25
2023-01-14,24,Tubarao Te Amo,"DJ LK da Escocia, Tchakabum & MC Ryan SP Featuring mc jhenny & MC RF",-,23,3
2023-01-14,25,Cuff It,Beyonce,-,14,9
2023-01-21,1,Calm Down,Rema & Selena Gomez,1,1,20
2023-01-21,2,Como Tu,Barbara Bandeira Featuring Ivandro,2,1,18
2023-01-21,3,Evoque Prata,MC MENOR HR E MC Menor SG & DJ ESCOBAR,3,1,9
2023-01-21,4,Agudo Magico 3,MC K.K / MC Lipivox / DJ Aurelio / DJ TG Beats,5,4,3
2023-01-21,5,"Bzrp Music Sessions, Vol. 52",Bizarrap & Quevedo,4,1,19
2023-01-21,6,Creepin',"Metro Boomin , The Weeknd & 21 Savage",10,5,6
2023-01-21,7,La Bachata,Manuel Turizo,6,6,14
2023-01-21,8,Let Go,Central Cee,9,1,4
2023-01-21,9,Kill Bill,SZA,16,9,4
2023-01-21,10,I'm Good (Blue),David Guetta & Bebe Rexha,8,7,17
2023-01-21,11,Lua,Ivandro,12,4,46
2023-01-21,12,Unholy,Sam Smith & Kim Petras,7,2,16
2023-01-21,13,Escapism,RAYE Featuring 070 Shake,22,13,2
2023-01-21,14,Chamada Nao Atendida,Barbara Tinoco,17,13,11
2023-01-21,15,Another Love,Tom Odell,15,8,18
2023-01-21,16,As It Was,Harry Styles,13,1,40
2023-01-21,17,Despecha,ROSALIA,11,2,24
2023-01-21,18,Titi Me Pregunto,Bad Bunny,14,7,21
2023-01-21,19,Until I Found You,Stephen Sanchez,-,19,1
2023-01-21,20,Casei Com A Putaria,MC Paiva E MC Ryan SP,19,14,17
2023-01-21,21,Under The Influence,Chris Brown,21,5,19
2023-01-21,22,Felina,WIU & MC Ryan SP,-,22,1
2023-01-21,23,Casa,D.A.M.A Featuring Buba Espinho,-,23,1
2023-01-21,24,Como Antes,Matias Damasio,20,8,27
2023-01-21,25,Mama.Cita (Hasta La Vista),Luisa Sonza & Xama,-,25,1
2023-01-28,1,Flowers,Miley Cyrus,-,1,1
2023-01-28,2,"Bzrp Music Sessions, Vol. 53",Bizarrap & Shakira,-,2,1
2023-01-28,3,Calm Down,Rema & Selena Gomez,1,1,21
2023-01-28,4,Como Tu,Barbara Bandeira Featuring Ivandro,2,1,19
2023-01-28,5,"Bzrp Music Sessions, Vol. 52",Bizarrap & Quevedo,5,1,20
2023-01-28,6,Agudo Magico 3,MC K.K / MC Lipivox / DJ Aurelio / DJ TG Beats,4,4,4
2023-01-28,7,Creepin',"Metro Boomin , The Weeknd & 21 Savage",6,5,7
2023-01-28,8,Kill Bill,SZA,9,8,5
2023-01-28,9,La Bachata,Manuel Turizo,7,6,15
2023-01-28,10,Luz Do Luar,Tato - DJ AK Beats,-,10,1
2023-01-28,11,Evoque Prata,MC MENOR HR E MC Menor SG & DJ ESCOBAR,3,1,10
2023-01-28,12,Casa,D.A.M.A Featuring Buba Espinho,23,12,2
2023-01-28,13,Escapism,RAYE Featuring 070 Shake,13,13,3
2023-01-28,14,I'm Good (Blue),David Guetta & Bebe Rexha,10,7,18
2023-01-28,15,Chamada Nao Atendida,Barbara Tinoco,14,13,12
2023-01-28,16,Let Go,Central Cee,8,1,5
2023-01-28,17,Monotonia,Shakira + Ozuna,-,17,1
2023-01-28,18,Unholy,Sam Smith & Kim Petras,12,2,17
2023-01-28,19,Another Love,Tom Odell,15,8,19
2023-01-28,20,Despecha,ROSALIA,17,2,25
2023-01-28,21,Lua,Ivandro,11,4,47
2023-01-28,22,As It Was,Harry Styles,16,1,41
2023-01-28,23,Felina,WIU & MC Ryan SP,22,22,2
2023-01-28,24,Ai Papai,"Anitta , MC Danny & HITMAKER",-,24,1
2023-01-28,25,Titi Me Pregunto,Bad Bunny,18,7,22
2023-02-04,1,Flowers,Miley Cyrus,1,1,2
2023-02-04,2,"Bzrp Music Sessions, Vol. 53",Bizarrap & Shakira,2,2,2
2023-02-04,3,Calm Down,Rema & Selena Gomez,3,1,22
2023-02-04,4,Como Tu,Barbara Bandeira Featuring Ivandro,4,1,20
2023-02-04,5,Creepin',"Metro Boomin , The Weeknd & 21 Savage",7,5,8
2023-02-04,6,Agudo Magico 3,MC K.K / MC Lipivox / DJ Aurelio / DJ TG Beats,6,4,5
2023-02-04,7,"Bzrp Music Sessions, Vol. 52",Bizarrap & Quevedo,5,1,21
2023-02-04,8,UUUUHH,T-Rex,-,8,1
2023-02-04,9,Kill Bill,SZA,8,8,6
2023-02-04,10,La Bachata,Manuel Turizo,9,6,16
2023-02-04,11,Dias,T-Rex Featuring Slow J,-,11,1
2023-02-04,12,Luz Do Luar,Tato - DJ AK Beats,10,10,2
2023-02-04,13,Casa,D.A.M.A Featuring Buba Espinho,12,12,3
2023-02-04,14,Ta Tudo Bem,T-Rex,-,14,1
2023-02-04,15,Escapism,RAYE Featuring 070 Shake,13,13,4
2023-02-04,16,Evoque Prata,MC MENOR HR E MC Menor SG & DJ ESCOBAR,11,1,11
2023-02-04,17,I'm Good (Blue),David Guetta & Bebe Rexha,14,7,19
2023-02-04,18,Chamada Nao Atendida,Barbara Tinoco,15,13,13
2023-02-04,19,Surviva,T-Rex,-,19,1
2023-02-04,20,Ai Papai,"Anitta , MC Danny & HITMAKER",24,20,2
2023-02-04,21,Unholy,Sam Smith & Kim Petras,18,2,18
2023-02-04,22,Nao E Possivel,T-Rex,-,22,1
2023-02-04,23,Let Go,Central Cee,16,1,6
2023-02-04,24,Memoria,T-Rex,-,24,1
2023-02-04,25,As It Was,Harry Styles,22,1,42
2023-02-11,1,Flowers,Miley Cyrus,1,1,3
2023-02-11,2,"Bzrp Music Sessions, Vol. 53",Bizarrap & Shakira,2,2,3
2023-02-11,3,Calm Down,Rema & Selena Gomez,3,1,23
2023-02-11,4,Como Tu,Barbara Bandeira Featuring Ivandro,4,1,21
2023-02-11,5,Creepin',"Metro Boomin , The Weeknd & 21 Savage",5,5,9
2023-02-11,6,"Bzrp Music Sessions, Vol. 52",Bizarrap & Quevedo,7,1,22
2023-02-11,7,Kill Bill,SZA,9,7,7
2023-02-11,8,Where U @,Slow J,-,8,1
2023-02-11,9,La Bachata,Manuel Turizo,10,6,17
2023-02-11,10,Luz Do Luar,Tato - DJ AK Beats,12,10,3
2023-02-11,11,Agudo Magico 3,MC K.K / MC Lipivox / DJ Aurelio / DJ TG Beats,6,4,6
2023-02-11,12,Casa,D.A.M.A Featuring Buba Espinho,13,12,4
2023-02-11,13,Evoque Prata,MC MENOR HR E MC Menor SG & DJ ESCOBAR,16,1,12
2023-02-11,14,Chamada Nao Atendida,Barbara Tinoco,18,13,14
2023-02-11,15,Dias,T-Rex Featuring Slow J,11,11,2
2023-02-11,16,Escapism,RAYE Featuring 070 Shake,15,13,5
2023-02-11,17,Ta Tudo Bem,T-Rex,14,14,2
2023-02-11,18,Unholy,Sam Smith & Kim Petras,21,2,19
2023-02-11,19,I'm Good (Blue),David Guetta & Bebe Rexha,17,7,20
2023-02-11,20,Alcatraz,Plutonio,-,20,1
2023-02-11,21,Ai Papai,"Anitta , MC Danny & HITMAKER",20,20,3
2023-02-11,22,UUUUHH,T-Rex,8,8,2
2023-02-11,23,Coracao de Gelo,WIU,-,23,1
2023-02-11,24,As It Was,Harry Styles,25,1,43
2023-02-11,25,Another Love,Tom Odell,-,8,20
2023-02-18,1,Flowers,Miley Cyrus,1,1,4
2023-02-18,2,"Bzrp Music Sessions, Vol. 53",Bizarrap & Shakira,2,2,4
2023-02-18,3,Calm Down,Rema & Selena Gomez,3,1,24
2023-02-18,4,Como Tu,Barbara Bandeira Featuring Ivandro,4,1,22
2023-02-18,5,Creepin',"Metro Boomin , The Weeknd & 21 Savage",5,5,10
2023-02-18,6,Casa,D.A.M.A Featuring Buba Espinho,12,6,5
2023-02-18,7,Luz Do Luar,Tato - DJ AK Beats,10,7,4
2023-02-18,8,La Bachata,Manuel Turizo,9,6,18
2023-02-18,9,Kill Bill,SZA,7,7,8
2023-02-18,10,Zona de Perigo,Leo Santana,-,10,1
2023-02-18,11,Unholy,Sam Smith & Kim Petras,18,2,20
2023-02-18,12,"Bzrp Music Sessions, Vol. 52",Bizarrap & Quevedo,6,1,23
2023-02-18,13,Agudo Magico 3,MC K.K / MC Lipivox / DJ Aurelio / DJ TG Beats,11,4,7
2023-02-18,14,Ta Tudo Bem,T-Rex,17,14,3
2023-02-18,15,Escapism,RAYE Featuring 070 Shake,16,13,6
2023-02-18,16,Where U @,Slow J,8,8,2
2023-02-18,17,Coracao de Gelo,WIU,23,17,2
2023-02-18,18,Evoque Prata,MC MENOR HR E MC Menor SG & DJ ESCOBAR,13,1,13
2023-02-18,19,Dias,T-Rex Featuring Slow J,15,11,3
2023-02-18,20,Chamada Nao Atendida,Barbara Tinoco,14,13,15
2023-02-18,21,Ai Papai,"Anitta , MC Danny & HITMAKER",21,20,4
2023-02-18,22,As It Was,Harry Styles,24,1,44
2023-02-18,23,I'm Good (Blue),David Guetta & Bebe Rexha,19,7,21
2023-02-18,24,Flow Espacial,"Matue, WIU & Teto",-,24,1
2023-02-18,25,UUUUHH,T-Rex,22,8,3
2023-02-25,1,Flowers,Miley Cyrus,1,1,5
2023-02-25,2,Zona de Perigo,Leo Santana,10,2,2
2023-02-25,3,Calm Down,Rema & Selena Gomez,3,1,25
2023-02-25,4,"Bzrp Music Sessions, Vol. 53",Bizarrap & Shakira,2,2,5
2023-02-25,5,Como Tu,Barbara Bandeira Featuring Ivandro,4,1,23
2023-02-25,6,Luz Do Luar,Tato - DJ AK Beats,7,6,5
2023-02-25,7,Kill Bill,SZA,9,7,9
2023-02-25,8,Creepin',"Metro Boomin , The Weeknd & 21 Savage",5,5,11
2023-02-25,9,Casa,D.A.M.A Featuring Buba Espinho,6,6,6
2023-02-25,10,La Bachata,Manuel Turizo,8,6,19
2023-02-25,11,Coracao de Gelo,WIU,17,11,3
2023-02-25,12,"Bzrp Music Sessions, Vol. 52",Bizarrap & Quevedo,12,1,24
2023-02-25,13,Facilita Ai,Ze Felipe,-,13,1
2023-02-25,14,Ta Tudo Bem,T-Rex,14,14,4
2023-02-25,15,Agudo Magico 3,MC K.K / MC Lipivox / DJ Aurelio / DJ TG Beats,13,4,8
2023-02-25,16,Where U @,Slow J,16,8,3
2023-02-25,17,Evoque Prata,MC MENOR HR E MC Menor SG & DJ ESCOBAR,18,1,14
2023-02-25,18,Escapism,RAYE Featuring 070 Shake,15,13,7
2023-02-25,19,As It Was,Harry Styles,22,1,45
2023-02-25,20,Ai Papai,"Anitta , MC Danny & HITMAKER",21,20,5
2023-02-25,21,Unholy,Sam Smith & Kim Petras,11,2,21
2023-02-25,22,Chamada Nao Atendida,Barbara Tinoco,20,13,16
2023-02-25,23,I'm Good (Blue),David Guetta & Bebe Rexha,23,7,22
2023-02-25,24,Flow Espacial,"Matue, WIU & Teto",24,24,2
2023-02-25,25,Felina,WIU & MC Ryan SP,-,22,3
2023-03-04,1,Flowers,Miley Cyrus,1,1,6
2023-03-04,2,Zona de Perigo,Leo Santana,2,2,3
2023-03-04,3,Calm Down,Rema & Selena Gomez,3,1,26
2023-03-04,4,Como Tu,Barbara Bandeira Featuring Ivandro,5,1,24
2023-03-04,5,Luz Do Luar,Tato - DJ AK Beats,6,5,6
2023-03-04,6,Lovezinho,Treyce,-,6,1
2023-03-04,7,"Bzrp Music Sessions, Vol. 53",Bizarrap & Shakira,4,2,6
2023-03-04,8,Casa,D.A.M.A Featuring Buba Espinho,9,6,7
2023-03-04,9,Sem Alianca No Dedo,MC Xenon & Gemeos Da Putaria,-,9,1
2023-03-04,10,Kill Bill,SZA,7,7,10
2023-03-04,11,Creepin',"Metro Boomin , The Weeknd & 21 Savage",8,5,12
2023-03-04,12,Coracao de Gelo,WIU,11,11,4
2023-03-04,13,La Bachata,Manuel Turizo,10,6,20
2023-03-04,14,Facilita Ai,Ze Felipe,13,13,2
2023-03-04,15,"Bzrp Music Sessions, Vol. 52",Bizarrap & Quevedo,12,1,25
2023-03-04,16,Ai Papai,"Anitta , MC Danny & HITMAKER",20,16,6
2023-03-04,17,Agudo Magico 3,MC K.K / MC Lipivox / DJ Aurelio / DJ TG Beats,15,4,9
2023-03-04,18,Evoque Prata,MC MENOR HR E MC Menor SG & DJ ESCOBAR,17,1,15
2023-03-04,19,Ta Tudo Bem,T-Rex,14,14,5
2023-03-04,20,Roca Em Mim,"Ze Felipe, Ana Castela & Luan Pereira",-,20,1
2023-03-04,21,Escapism,RAYE Featuring 070 Shake,18,13,8
2023-03-04,22,As It Was,Harry Styles,19,1,46
2023-03-04,23,Puta Mexicana,"DJ Jeeh FDC, MC Menor MT, Yuri Redicopa & MC Pele",-,23,1
2023-03-04,24,Where U @,Slow J,16,8,4
2023-03-04,25,Chamada Nao Atendida,Barbara Tinoco,22,13,17
2023-03-11,1,Die For You,The Weeknd & Ariana Grande,-,1,1
2023-03-11,2,Flowers,Miley Cyrus,1,1,7
2023-03-11,3,Lovezinho,Treyce,6,3,2
2023-03-11,4,Zona de Perigo,Leo Santana,2,2,4
2023-03-11,5,Calm Down,Rema & Selena Gomez,3,1,27
2023-03-11,6,Casa,D.A.M.A Featuring Buba Espinho,8,6,8
2023-03-11,7,Como Tu,Barbara Bandeira Featuring Ivandro,4,1,25
2023-03-11,8,"Bzrp Music Sessions, Vol. 53",Bizarrap & Shakira,7,2,7
2023-03-11,9,Luz Do Luar,Tato - DJ AK Beats,5,5,7
2023-03-11,10,Kill Bill,SZA,10,7,11
2023-03-11,11,Creepin',"Metro Boomin , The Weeknd & 21 Savage",11,5,13
2023-03-11,12,La Bachata,Manuel Turizo,13,6,21
2023-03-11,13,TQG,Karol G x Shakira,-,13,1
2023-03-11,14,Coracao de Gelo,WIU,12,11,5
2023-03-11,15,Sem Alianca No Dedo,MC Xenon & Gemeos Da Putaria,9,9,2
2023-03-11,16,"Bzrp Music Sessions, Vol. 52",Bizarrap & Quevedo,15,1,26
2023-03-11,17,Ta Tudo Bem,T-Rex,19,14,6
2023-03-11,18,Ai Papai,"Anitta , MC Danny & HITMAKER",16,16,7
2023-03-11,19,Evoque Prata,MC MENOR HR E MC Menor SG & DJ ESCOBAR,18,1,16
2023-03-11,20,Escapism,RAYE Featuring 070 Shake,21,13,9
2023-03-11,21,Agudo Magico 3,MC K.K / MC Lipivox / DJ Aurelio / DJ TG Beats,17,4,10
2023-03-11,22,Chamada Nao Atendida,Barbara Tinoco,25,13,18
2023-03-11,23,As It Was,Harry Styles,22,1,47
2023-03-11,24,I'm Good (Blue),David Guetta & Bebe Rexha,-,7,23
2023-03-11,25,Visao Noturna,Wet Bed Gang,-,25,1
2023-03-18,1,Die For You,The Weeknd & Ariana Grande,1,1,2
2023-03-18,2,Flowers,Miley Cyrus,2,1,8
2023-03-18,3,Lovezinho,Treyce,3,3,3
2023-03-18,4,Nosso Quadro,Ana Castela,-,4,1
2023-03-18,5,Calm Down,Rema & Selena Gomez,5,1,28
2023-03-18,6,Como Tu,Barbara Bandeira Featuring Ivandro,7,1,26
2023-03-18,7,Casa,D.A.M.A Featuring Buba Espinho,6,6,9
2023-03-18,8,Zona de Perigo,Leo Santana,4,2,5
2023-03-18,9,Sem Alianca No Dedo,MC Xenon & Gemeos Da Putaria,15,9,3
2023-03-18,10,TQG,Karol G x Shakira,13,10,2
2023-03-18,11,Luz Do Luar,Tato - DJ AK Beats,9,5,8
2023-03-18,12,Kill Bill,SZA,10,7,12
2023-03-18,13,La Bachata,Manuel Turizo,12,6,22
2023-03-18,14,Creepin',"Metro Boomin , The Weeknd & 21 Savage",11,5,14
2023-03-18,15,Coracao de Gelo,WIU,14,11,6
2023-03-18,16,"Bzrp Music Sessions, Vol. 53",Bizarrap & Shakira,8,2,8
2023-03-18,17,Ta Tudo Bem,T-Rex,17,14,7
2023-03-18,18,"Bzrp Music Sessions, Vol. 52",Bizarrap & Quevedo,16,1,27
2023-03-18,19,Escapism,RAYE Featuring 070 Shake,20,13,10
2023-03-18,20,Evoque Prata,MC MENOR HR E MC Menor SG & DJ ESCOBAR,19,1,17
2023-03-18,21,Chamada Nao Atendida,Barbara Tinoco,22,13,19
2023-03-18,22,As It Was,Harry Styles,23,1,48
2023-03-18,23,Ai Papai,"Anitta , MC Danny & HITMAKER",18,16,8
2023-03-18,24,Agudo Magico 3,MC K.K / MC Lipivox / DJ Aurelio / DJ TG Beats,21,4,11
2023-03-18,25,I'm Good (Blue),David Guetta & Bebe Rexha,24,7,24
2023-03-25,1,Flowers,Miley Cyrus,2,1,9
2023-03-25,2,Lovezinho,Treyce,3,2,4
2023-03-25,3,Die For You,The Weeknd & Ariana Grande,1,1,3
2023-03-25,4,Calm Down,Rema & Selena Gomez,5,1,29
2023-03-25,5,Como Tu,Barbara Bandeira Featuring Ivandro,6,1,27
2023-03-25,6,Casa,D.A.M.A Featuring Buba Espinho,7,6,10
2023-03-25,7,Sem Alianca No Dedo,MC Xenon & Gemeos Da Putaria,9,7,4
2023-03-25,8,Nosso Quadro,Ana Castela,4,4,2
2023-03-25,9,Zona de Perigo,Leo Santana,8,2,6
2023-03-25,10,"Bzrp Music Sessions, Vol. 53",Bizarrap & Shakira,16,2,9
2023-03-25,11,La Bachata,Manuel Turizo,13,6,23
2023-03-25,12,Coracao de Gelo,WIU,15,11,7
2023-03-25,13,Luz Do Luar,Tato - DJ AK Beats,11,5,9
2023-03-25,14,Ta Tudo Bem,T-Rex,17,14,8
2023-03-25,15,Creepin',"Metro Boomin , The Weeknd & 21 Savage",14,5,15
2023-03-25,16,Kill Bill,SZA,12,7,13
2023-03-25,17,TQG,Karol G x Shakira,10,10,3
2023-03-25,18,"Bzrp Music Sessions, Vol. 52",Bizarrap & Quevedo,18,1,28
2023-03-25,19,Chamada Nao Atendida,Barbara Tinoco,21,13,20
2023-03-25,20,Escapism,RAYE Featuring 070 Shake,19,13,11
2023-03-25,21,Evoque Prata,MC MENOR HR E MC Menor SG & DJ ESCOBAR,20,1,18
2023-03-25,22,As It Was,Harry Styles,22,1,49
2023-03-25,23,Lua,Ivandro,-,4,48
2023-03-25,24,I'm Good (Blue),David Guetta & Bebe Rexha,25,7,25
2023-03-25,25,Where U @,Slow J,-,8,5
2023-04-01,1,Flowers,Miley Cyrus,1,1,10
2023-04-01,2,Lovezinho,Treyce,2,2,5
2023-04-01,3,Calm Down,Rema & Selena Gomez,4,1,30
2023-04-01,4,Casa,D.A.M.A Featuring Buba Espinho,6,4,11
2023-04-01,5,Die For You,The Weeknd & Ariana Grande,3,1,4
2023-04-01,6,Como Tu,Barbara Bandeira Featuring Ivandro,5,1,28
2023-04-01,7,Nosso Quadro,Ana Castela,8,4,3
2023-04-01,8,Sem Alianca No Dedo,MC Xenon & Gemeos Da Putaria,7,7,5
2023-04-01,9,Coracao de Gelo,WIU,12,9,8
2023-04-01,10,Zona de Perigo,Leo Santana,9,2,7
2023-04-01,11,La Bachata,Manuel Turizo,11,6,24
2023-04-01,12,"Bzrp Music Sessions, Vol. 53",Bizarrap & Shakira,10,2,10
2023-04-01,13,Luz Do Luar,Tato - DJ AK Beats,13,5,10
2023-04-01,14,Creepin',"Metro Boomin , The Weeknd & 21 Savage",15,5,16
2023-04-01,15,Ta Tudo Bem,T-Rex,14,14,9
2023-04-01,16,Heartless,Richie Campbell,-,16,1
2023-04-01,17,Love Again,Richie Campbell,-,17,1
2023-04-01,18,"Bzrp Music Sessions, Vol. 52",Bizarrap & Quevedo,18,1,29
2023-04-01,19,Kill Bill,SZA,16,7,14
2023-04-01,20,TQG,Karol G x Shakira,17,10,4
2023-04-01,21,Chamada Nao Atendida,Barbara Tinoco,19,13,21
2023-04-01,22,Minha Terra,Supa Squad Featuring Mariza & Apollo G,-,22,1
2023-04-01,23,Lua,Ivandro,23,4,49
2023-04-01,24,Escapism,RAYE Featuring 070 Shake,20,13,12
2023-04-01,25,Pilantra,Jao & Anitta,-,25,1
2023-04-08,1,Planeta,Bispo Featuring Barbara Tinoco,-,1,1
2023-04-08,2,Beso,ROSALIA & Rauw Alejandro,-,2,1
2023-04-08,3,Lovezinho,Treyce,2,2,6
2023-04-08,4,Flowers,Miley Cyrus,1,1,11
2023-04-08,5,Calm Down,Rema & Selena Gomez,3,1,31
2023-04-08,6,Casa,D.A.M.A Featuring Buba Espinho,4,4,12
2023-04-08,7,Como Tu,Barbara Bandeira Featuring Ivandro,6,1,29
2023-04-08,8,Nosso Quadro,Ana Castela,7,4,4
2023-04-08,9,Die For You,The Weeknd & Ariana Grande,5,1,5
2023-04-08,10,Coracao de Gelo,WIU,9,9,9
2023-04-08,11,La Bachata,Manuel Turizo,11,6,25
2023-04-08,12,Sem Alianca No Dedo,MC Xenon & Gemeos Da Putaria,8,7,6
2023-04-08,13,Ta Tudo Bem,T-Rex,15,13,10
2023-04-08,14,Zona de Perigo,Leo Santana,10,2,8
2023-04-08,15,Creepin',"Metro Boomin , The Weeknd & 21 Savage",14,5,17
2023-04-08,16,"Bzrp Music Sessions, Vol. 53",Bizarrap & Shakira,12,2,11
2023-04-08,17,"Bzrp Music Sessions, Vol. 52",Bizarrap & Quevedo,18,1,30
2023-04-08,18,Luz Do Luar,Tato - DJ AK Beats,13,5,11
2023-04-08,19,Minha Terra,Supa Squad Featuring Mariza & Apollo G,22,19,2
2023-04-08,20,Heartless,Richie Campbell,16,16,2
2023-04-08,21,Vacilao,"Ze Felipe, Igow & Wesley Safadao",-,21,1
2023-04-08,22,Kill Bill,SZA,19,7,15
2023-04-08,23,Pilantra,Jao & Anitta,25,23,2
2023-04-08,24,Love Again,Richie Campbell,17,17,2
2023-04-08,25,Chamada Nao Atendida,Barbara Tinoco,21,13,22
2023-04-15,1,Beso,ROSALIA & Rauw Alejandro,2,1,2
2023-04-15,2,Lovezinho,Treyce,3,2,7
2023-04-15,3,Planeta,Bispo Featuring Barbara Tinoco,1,1,2
2023-04-15,4,Calm Down,Rema & Selena Gomez,5,1,32
2023-04-15,5,Flowers,Miley Cyrus,4,1,12
2023-04-15,6,Casa,D.A.M.A Featuring Buba Espinho,6,4,13
2023-04-15,7,Como Tu,Barbara Bandeira Featuring Ivandro,7,1,30
2023-04-15,8,Coracao de Gelo,WIU,10,8,10
2023-04-15,9,La Bachata,Manuel Turizo,11,6,26
2023-04-15,10,Die For You,The Weeknd & Ariana Grande,9,1,6
2023-04-15,11,Nosso Quadro,Ana Castela,8,4,5
2023-04-15,12,Sem Alianca No Dedo,MC Xenon & Gemeos Da Putaria,12,7,7
2023-04-15,13,Ta Tudo Bem,T-Rex,13,13,11
2023-04-15,14,Minha Terra,Supa Squad Featuring Mariza & Apollo G,19,14,3
2023-04-15,15,Luz Do Luar,Tato - DJ AK Beats,18,5,12
2023-04-15,16,UH LA LA LA,Lon3r Johny X Plutonio,-,16,1
2023-04-15,17,Zona de Perigo,Leo Santana,14,2,9
2023-04-15,18,"Bzrp Music Sessions, Vol. 52",Bizarrap & Quevedo,17,1,31
2023-04-15,19,Creepin',"Metro Boomin , The Weeknd & 21 Savage",15,5,18
2023-04-15,20,Anti$$ocial,Lon3r Johny X Plutonio,-,20,1
2023-04-15,21,"Bzrp Music Sessions, Vol. 53",Bizarrap & Shakira,16,2,12
2023-04-15,22,Heartless,Richie Campbell,20,16,3
2023-04-15,23,Kill Bill,SZA,22,7,16
2023-04-15,24,Chamada Nao Atendida,Barbara Tinoco,25,13,23
2023-04-15,25,Ao Teu Lado,Lon3r Johny X Plutonio,-,25,1
2023-04-22,1,Planeta,Bispo Featuring Barbara Tinoco,3,1,3
2023-04-22,2,Beso,ROSALIA & Rauw Alejandro,1,1,3
2023-04-22,3,Casa,D.A.M.A Featuring Buba Espinho,6,3,14
2023-04-22,4,Lovezinho,Treyce,2,2,8
2023-04-22,5,Calm Down,Rema & Selena Gomez,4,1,33
2023-04-22,6,Nosso Quadro,Ana Castela,11,4,6
2023-04-22,7,Flowers,Miley Cyrus,5,1,13
2023-04-22,8,Como Tu,Barbara Bandeira Featuring Ivandro,7,1,31
2023-04-22,9,Coracao de Gelo,WIU,8,8,11
2023-04-22,10,La Bachata,Manuel Turizo,9,6,27
2023-04-22,11,Ta Tudo Bem,T-Rex,13,11,12
2023-04-22,12,Die For You,The Weeknd & Ariana Grande,10,1,7
2023-04-22,13,Sem Alianca No Dedo,MC Xenon & Gemeos Da Putaria,12,7,8
2023-04-22,14,UH LA LA LA,Lon3r Johny X Plutonio,16,14,2
2023-04-22,15,Minha Terra,Supa Squad Featuring Mariza & Apollo G,14,14,4
2023-04-22,16,Luz Do Luar,Tato - DJ AK Beats,15,5,13
2023-04-22,17,Mas Existe Um Lugar,"Cryszin, Kaio Viana & Noemi Leal",-,17,1
2023-04-22,18,Anti$$ocial,Lon3r Johny X Plutonio,20,18,2
2023-04-22,19,"Bzrp Music Sessions, Vol. 52",Bizarrap & Quevedo,18,1,32
2023-04-22,20,Zona de Perigo,Leo Santana,17,2,10
2023-04-22,21,"Bzrp Music Sessions, Vol. 53",Bizarrap & Shakira,21,2,13
2023-04-22,22,Creepin',"Metro Boomin , The Weeknd & 21 Savage",19,5,19
2023-04-22,23,Kill Bill,SZA,23,7,17
2023-04-22,24,Heartless,Richie Campbell,22,16,4
2023-04-22,25,Minha Cura,MC Cabelinho,-,25,1
2023-04-29,1,Beso,ROSALIA & Rauw Alejandro,2,1,4
2023-04-29,2,Planeta,Bispo Featuring Barbara Tinoco,1,1,4
2023-04-29,3,Nosso Quadro,Ana Castela,6,3,7
2023-04-29,4,Como Tu,Barbara Bandeira Featuring Ivandro,8,1,32
2023-04-29,5,Casa,D.A.M.A Featuring Buba Espinho,3,3,15
2023-04-29,6,Lovezinho,Treyce,4,2,9
2023-04-29,7,Calm Down,Rema & Selena Gomez,5,1,34
2023-04-29,8,Flowers,Miley Cyrus,7,1,14
2023-04-29,9,Coracao de Gelo,WIU,9,8,12
2023-04-29,10,Ta Tudo Bem,T-Rex,11,10,13
2023-04-29,11,La Bachata,Manuel Turizo,10,6,28
2023-04-29,12,Die For You,The Weeknd & Ariana Grande,12,1,8
2023-04-29,13,Kill Bill,SZA,23,7,18
2023-04-29,14,Minha Terra,Supa Squad Featuring Mariza & Apollo G,15,14,5
2023-04-29,15,UH LA LA LA,Lon3r Johny X Plutonio,14,14,3
2023-04-29,16,"Bzrp Music Sessions, Vol. 52",Bizarrap & Quevedo,19,1,33
2023-04-29,17,Sem Alianca No Dedo,MC Xenon & Gemeos Da Putaria,13,7,9
2023-04-29,18,Lua,Ivandro,-,4,50
2023-04-29,19,Creepin',"Metro Boomin , The Weeknd & 21 Savage",22,5,20
2023-04-29,20,Luz Do Luar,Tato - DJ AK Beats,16,5,14
2023-04-29,21,A Nossa Danca,Calema,-,21,1
2023-04-29,22,Mas Existe Um Lugar,"Cryszin, Kaio Viana & Noemi Leal",17,17,2
2023-04-29,23,Minha Cura,MC Cabelinho,25,23,2
2023-04-29,24,"Bzrp Music Sessions, Vol. 53",Bizarrap & Shakira,21,2,14
2023-04-29,25,Where U @,Slow J,-,8,6
2023-05-06,1,Nosso Quadro,Ana Castela,3,1,8
2023-05-06,2,Beso,ROSALIA & Rauw Alejandro,1,1,5
2023-05-06,3,Como Tu,Barbara Bandeira Featuring Ivandro,4,1,33
2023-05-06,4,Planeta,Bispo Featuring Barbara Tinoco,2,1,5
2023-05-06,5,Casa,D.A.M.A Featuring Buba Espinho,5,3,16
2023-05-06,6,Calm Down,Rema & Selena Gomez,7,1,35
2023-05-06,7,Lovezinho,Treyce,6,2,10
2023-05-06,8,Ta Tudo Bem,T-Rex,10,8,14
2023-05-06,9,Coracao de Gelo,WIU,9,8,13
2023-05-06,10,Flowers,Miley Cyrus,8,1,15
2023-05-06,11,La Bachata,Manuel Turizo,11,6,29
2023-05-06,12,Die For You,The Weeknd & Ariana Grande,12,1,9
2023-05-06,13,Minha Terra,Supa Squad Featuring Mariza & Apollo G,14,13,6
2023-05-06,14,Sem Alianca No Dedo,MC Xenon & Gemeos Da Putaria,17,7,10
2023-05-06,15,Chamada Nao Atendida,Barbara Tinoco,-,13,24
2023-05-06,16,Lua,Ivandro,18,4,51
2023-05-06,17,"Bzrp Music Sessions, Vol. 52",Bizarrap & Quevedo,16,1,34
2023-05-06,18,A Nossa Danca,Calema,21,18,2
2023-05-06,19,Double Fantasy,The Weeknd Featuring Future,-,19,1
2023-05-06,20,UH LA LA LA,Lon3r Johny X Plutonio,15,14,4
2023-05-06,21,Kill Bill,SZA,13,7,19
2023-05-06,22,Minha Cura,MC Cabelinho,23,22,3
2023-05-06,23,Creepin',"Metro Boomin , The Weeknd & 21 Savage",19,5,21
2023-05-06,24,Love Again,Richie Campbell,-,17,3
2023-05-06,25,Luz Do Luar,Tato - DJ AK Beats,20,5,15
2023-05-13,1,Chakras,Ivandro & Julinho KSD,-,1,1
2023-05-13,2,Nosso Quadro,Ana Castela,1,1,9
2023-05-13,3,Conexoes de Mafia,Matue Featuring Rich The Kid,-,3,1
2023-05-13,4,Como Tu,Barbara Bandeira Featuring Ivandro,3,1,34
2023-05-13,5,Beso,ROSALIA & Rauw Alejandro,2,1,6
2023-05-13,6,Planeta,Bispo Featuring Barbara Tinoco,4,1,6
2023-05-13,7,Casa,D.A.M.A Featuring Buba Espinho,5,3,17
2023-05-13,8,Calm Down,Rema & Selena Gomez,6,1,36
2023-05-13,9,Coracao de Gelo,WIU,9,8,14
2023-05-13,10,DAKAR,ProfJam,-,10,1
2023-05-13,11,Ta Tudo Bem,T-Rex,8,8,15
2023-05-13,12,Flowers,Miley Cyrus,10,1,16
2023-05-13,13,Lua,Ivandro,16,4,52
2023-05-13,14,A Nossa Danca,Calema,18,14,3
2023-05-13,15,La Bachata,Manuel Turizo,11,6,30
2023-05-13,16,Die For You,The Weeknd & Ariana Grande,12,1,10
2023-05-13,17,Minha Terra,Supa Squad Featuring Mariza & Apollo G,13,13,7
2023-05-13,18,"Bzrp Music Sessions, Vol. 52",Bizarrap & Quevedo,17,1,35
2023-05-13,19,Lovezinho,Treyce,7,2,11
2023-05-13,20,Sem Alianca No Dedo,MC Xenon & Gemeos Da Putaria,14,7,11
2023-05-13,21,Maria Joana,"Nuno Ribeiro, Calema & Mariza",-,21,1
2023-05-13,22,Minha Cura,MC Cabelinho,22,22,4
2023-05-13,23,Where U @,Slow J,-,8,7
2023-05-13,24,Papin,MC Kevin O Chris & MC Caja,-,24,1
2023-05-13,25,Kill Bill,SZA,21,7,20
2023-05-20,1,Chakras,Ivandro & Julinho KSD,1,1,2
2023-05-20,2,Conexoes de Mafia,Matue Featuring Rich The Kid,3,2,2
2023-05-20,3,Nosso Quadro,Ana Castela,2,1,10
2023-05-20,4,Como Tu,Barbara Bandeira Featuring Ivandro,4,1,35
2023-05-20,5,Planeta,Bispo Featuring Barbara Tinoco,6,1,7
2023-05-20,6,Casa,D.A.M.A Featuring Buba Espinho,7,3,18
2023-05-20,7,Calm Down,Rema & Selena Gomez,8,1,37
2023-05-20,8,Coracao de Gelo,WIU,9,8,15
2023-05-20,9,Ta Tudo Bem,T-Rex,11,8,16
2023-05-20,10,Beso,ROSALIA & Rauw Alejandro,5,1,7
2023-05-20,11,DAKAR,ProfJam,10,10,2
2023-05-20,12,Minha Cura,MC Cabelinho,22,12,5
2023-05-20,13,Flowers,Miley Cyrus,12,1,17
2023-05-20,14,A Nossa Danca,Calema,14,14,4
2023-05-20,15,La Bachata,Manuel Turizo,15,6,31
2023-05-20,16,Lua,Ivandro,13,4,53
2023-05-20,17,Maria Joana,"Nuno Ribeiro, Calema & Mariza",21,17,2
2023-05-20,18,UH LA LA LA,Lon3r Johny X Plutonio,-,14,5
2023-05-20,19,Die For You,The Weeknd & Ariana Grande,16,1,11
2023-05-20,20,Where U @,Slow J,23,8,8
2023-05-20,21,Sem Alianca No Dedo,MC Xenon & Gemeos Da Putaria,20,7,12
2023-05-20,22,"Bzrp Music Sessions, Vol. 52",Bizarrap & Quevedo,18,1,36
2023-05-20,23,Minha Terra,Supa Squad Featuring Mariza & Apollo G,17,13,8
2023-05-20,24,Papin,MC Kevin O Chris & MC Caja,24,24,2
2023-05-20,25,Daylight,David Kushner,-,25,1
2023-05-27,1,Chakras,Ivandro & Julinho KSD,1,1,3
2023-05-27,2,Conexoes de Mafia,Matue Featuring Rich The Kid,2,2,3
2023-05-27,3,Nosso Quadro,Ana Castela,3,1,11
2023-05-27,4,Como Tu,Barbara Bandeira Featuring Ivandro,4,1,36
2023-05-27,5,Planeta,Bispo Featuring Barbara Tinoco,5,1,8
2023-05-27,6,Ta Tudo Bem,T-Rex,9,6,17
2023-05-27,7,Casa,D.A.M.A Featuring Buba Espinho,6,3,19
2023-05-27,8,Coracao de Gelo,WIU,8,8,16
2023-05-27,9,Calm Down,Rema & Selena Gomez,7,1,38
2023-05-27,10,Beso,ROSALIA & Rauw Alejandro,10,1,8
2023-05-27,11,Tattoo,Loreen,-,11,1
2023-05-27,12,A Nossa Danca,Calema,14,12,5
2023-05-27,13,Flowers,Miley Cyrus,13,1,18
2023-05-27,14,UH LA LA LA,Lon3r Johny X Plutonio,18,14,6
2023-05-27,15,Minha Cura,MC Cabelinho,12,12,6
2023-05-27,16,Loucamente,D.A.M.A X Los Romeros,-,16,1
2023-05-27,17,La Bachata,Manuel Turizo,15,6,32
2023-05-27,18,Maria Joana,"Nuno Ribeiro, Calema & Mariza",17,17,3
2023-05-27,19,Lua,Ivandro,16,4,54
2023-05-27,20,Cartao Black,MC Caverinha E KayBlack,-,20,1
2023-05-27,21,Die For You,The Weeknd & Ariana Grande,19,1,12
2023-05-27,22,DAKAR,ProfJam,11,10,3
2023-05-27,23,Daylight,David Kushner,25,23,2
2023-05-27,24,Sem Alianca No Dedo,MC Xenon & Gemeos Da Putaria,21,7,13
2023-05-27,25,Yellow,Coldplay,-,17,2
2023-06-03,1,Chakras,Ivandro & Julinho KSD,1,1,4
2023-06-03,2,Nosso Quadro,Ana Castela,3,1,12
2023-06-03,3,Conexoes de Mafia,Matue Featuring Rich The Kid,2,2,4
2023-06-03,4,Cartao Black,MC Caverinha E KayBlack,20,4,2
2023-06-03,5,Como Tu,Barbara Bandeira Featuring Ivandro,4,1,37
2023-06-03,6,Where She Goes,Bad Bunny,-,6,1
2023-06-03,7,Yellow,Coldplay,25,7,3
2023-06-03,8,Ta Tudo Bem,T-Rex,6,6,18
2023-06-03,9,Casa,D.A.M.A Featuring Buba Espinho,7,3,20
2023-06-03,10,Coracao de Gelo,WIU,8,8,17
2023-06-03,11,Planeta,Bispo Featuring Barbara Tinoco,5,1,9
2023-06-03,12,Calm Down,Rema & Selena Gomez,9,1,39
2023-06-03,13,Viva La Vida,Coldplay,-,13,1
2023-06-03,14,Beso,ROSALIA & Rauw Alejandro,10,1,9
2023-06-03,15,Novo Balanco,VEIGH,-,15,1
2023-06-03,16,Flowers,Miley Cyrus,13,1,19
2023-06-03,17,A Nossa Danca,Calema,12,12,6
2023-06-03,18,La Bachata,Manuel Turizo,17,6,33
2023-06-03,19,Loucamente,D.A.M.A X Los Romeros,16,16,2
2023-06-03,20,UH LA LA LA,Lon3r Johny X Plutonio,14,14,7
2023-06-03,21,A Sky Full Of Stars,Coldplay,-,21,1
2023-06-03,22,Maria Joana,"Nuno Ribeiro, Calema & Mariza",18,17,4
2023-06-03,23,Minha Cura,MC Cabelinho,15,12,7
2023-06-03,24,The Scientist,Coldplay,-,24,1
2023-06-03,25,Tattoo,Loreen,11,11,2
2023-06-10,1,Chakras,Ivandro & Julinho KSD,1,1,5
2023-06-10,2,Nosso Quadro,Ana Castela,2,1,13
2023-06-10,3,Como Tu,Barbara Bandeira Featuring Ivandro,5,1,38
2023-06-10,4,Cartao Black,MC Caverinha E KayBlack,4,4,3
2023-06-10,5,Novo Balanco,VEIGH,15,5,2
2023-06-10,6,Casa,D.A.M.A Featuring Buba Espinho,9,3,21
2023-06-10,7,Conexoes de Mafia,Matue Featuring Rich The Kid,3,2,5
2023-06-10,8,Calm Down,Rema & Selena Gomez,12,1,40
2023-06-10,9,Coracao de Gelo,WIU,10,8,18
2023-06-10,10,Ta Tudo Bem,T-Rex,8,6,19
2023-06-10,11,Planeta,Bispo Featuring Barbara Tinoco,11,1,10
2023-06-10,12,Beso,ROSALIA & Rauw Alejandro,14,1,10
2023-06-10,13,Maria Joana,"Nuno Ribeiro, Calema & Mariza",22,13,5
2023-06-10,14,Where She Goes,Bad Bunny,6,6,2
2023-06-10,15,Flowers,Miley Cyrus,16,1,20
2023-06-10,16,A Nossa Danca,Calema,17,12,7
2023-06-10,17,La Bachata,Manuel Turizo,18,6,34
2023-06-10,18,Die For You,The Weeknd & Ariana Grande,-,1,13
2023-06-10,19,UH LA LA LA,Lon3r Johny X Plutonio,20,14,8
2023-06-10,20,Lua,Ivandro,-,4,55
2023-06-10,21,Loucamente,D.A.M.A X Los Romeros,19,16,3
2023-06-10,22,Minha Cura,MC Cabelinho,23,12,8
2023-06-10,23,Daylight,David Kushner,-,23,3
2023-06-10,24,Engana Dizendo Que Ama,VEIGH & TZ da Coronel,-,24,1
2023-06-10,25,Ta OK,"DENNIS E MC Kevin O Chris, Maluma & Karol G",-,25,1
2023-06-17,1,Chakras,Ivandro & Julinho KSD,1,1,6
2023-06-17,2,Ta OK,"DENNIS E MC Kevin O Chris, Maluma & Karol G",25,2,2
2023-06-17,3,Nosso Quadro,Ana Castela,2,1,14
2023-06-17,4,Sprinter,Dave & Central Cee,-,4,1
2023-06-17,5,Novo Balanco,VEIGH,5,5,3
2023-06-17,6,Como Tu,Barbara Bandeira Featuring Ivandro,3,1,39
2023-06-17,7,Die For You,The Weeknd & Ariana Grande,18,1,14
2023-06-17,8,Maria Joana,"Nuno Ribeiro, Calema & Mariza",13,8,6
2023-06-17,9,Casa,D.A.M.A Featuring Buba Espinho,6,3,22
2023-06-17,10,Coracao de Gelo,WIU,9,8,19
2023-06-17,11,Beso,ROSALIA & Rauw Alejandro,12,1,11
2023-06-17,12,Calm Down,Rema & Selena Gomez,8,1,41
2023-06-17,13,Cartao Black,MC Caverinha E KayBlack,4,4,4
2023-06-17,14,Planeta,Bispo Featuring Barbara Tinoco,11,1,11
2023-06-17,15,Conexoes de Mafia,Matue Featuring Rich The Kid,7,2,6
2023-06-17,16,Ta Tudo Bem,T-Rex,10,6,20
2023-06-17,17,A Nossa Danca,Calema,16,12,8
2023-06-17,18,Where She Goes,Bad Bunny,14,6,3
2023-06-17,19,Loucamente,D.A.M.A X Los Romeros,21,16,4
2023-06-17,20,La Bachata,Manuel Turizo,17,6,35
2023-06-17,21,Papin,MC Kevin O Chris & MC Caja,-,21,3
2023-06-17,22,Flowers,Miley Cyrus,15,1,21
2023-06-17,23,UH LA LA LA,Lon3r Johny X Plutonio,19,14,9
2023-06-17,24,Lua,Ivandro,20,4,56
2023-06-17,25,Minha Cura,MC Cabelinho,22,12,9
2023-06-24,1,Ta OK,"DENNIS E MC Kevin O Chris, Maluma & Karol G",2,1,3
2023-06-24,2,Chakras,Ivandro & Julinho KSD,1,1,7
2023-06-24,3,Nosso Quadro,Ana Castela,3,1,15
2023-06-24,4,Novo Balanco,VEIGH,5,4,4
2023-06-24,5,Sprinter,Dave & Central Cee,4,4,2
2023-06-24,6,Como Tu,Barbara Bandeira Featuring Ivandro,6,1,40
2023-06-24,7,Beso,ROSALIA & Rauw Alejandro,11,1,12
2023-06-24,8,Maria Joana,"Nuno Ribeiro, Calema & Mariza",8,8,7
2023-06-24,9,Calm Down,Rema & Selena Gomez,12,1,42
2023-06-24,10,Coracao de Gelo,WIU,10,8,20
2023-06-24,11,Casa,D.A.M.A Featuring Buba Espinho,9,3,23
2023-06-24,12,Die For You,The Weeknd & Ariana Grande,7,1,15
2023-06-24,13,Cartao Black,MC Caverinha E KayBlack,13,4,5
2023-06-24,14,Planeta,Bispo Featuring Barbara Tinoco,14,1,12
2023-06-24,15,Papin,MC Kevin O Chris & MC Caja,21,15,4
2023-06-24,16,Conexoes de Mafia,Matue Featuring Rich The Kid,15,2,7
2023-06-24,17,A Nossa Danca,Calema,17,12,9
2023-06-24,18,Loucamente,D.A.M.A X Los Romeros,19,16,5
2023-06-24,19,Ela Voltou de Perna Bamba,DJ Pikeno MPC E Markim WF & MC Guh Sr Featuring MC Pe Original,-,19,1
2023-06-24,20,Where She Goes,Bad Bunny,18,6,4
2023-06-24,21,La Bachata,Manuel Turizo,20,6,36
2023-06-24,22,Ta Tudo Bem,T-Rex,16,6,21
2023-06-24,23,Lua,Ivandro,24,4,57
2023-06-24,24,Engana Dizendo Que Ama,VEIGH & TZ da Coronel,-,24,2
2023-06-24,25,Minha Cura,MC Cabelinho,25,12,10
2023-07-01,1,Ta OK,"DENNIS E MC Kevin O Chris, Maluma & Karol G",1,1,4
2023-07-01,2,Chakras,Ivandro & Julinho KSD,2,1,8
2023-07-01,3,Nosso Quadro,Ana Castela,3,1,16
2023-07-01,4,Novo Balanco,VEIGH,4,4,5
2023-07-01,5,Sprinter,Dave & Central Cee,5,4,3
2023-07-01,6,Maria Joana,"Nuno Ribeiro, Calema & Mariza",8,6,8
2023-07-01,7,Como Tu,Barbara Bandeira Featuring Ivandro,6,1,41
2023-07-01,8,Calm Down,Rema & Selena Gomez,9,1,43
2023-07-01,9,Beso,ROSALIA & Rauw Alejandro,7,1,13
2023-07-01,10,Coracao de Gelo,WIU,10,8,21
2023-07-01,11,Casa,D.A.M.A Featuring Buba Espinho,11,3,24
2023-07-01,12,Ela Voltou de Perna Bamba,DJ Pikeno MPC E Markim WF & MC Guh Sr Featuring MC Pe Original,19,12,2
2023-07-01,13,Loucamente,D.A.M.A X Los Romeros,18,13,6
2023-07-01,14,Cartao Black,MC Caverinha E KayBlack,13,4,6
2023-07-01,15,A Nossa Danca,Calema,17,12,10
2023-07-01,16,Planeta,Bispo Featuring Barbara Tinoco,14,1,13
2023-07-01,17,Where She Goes,Bad Bunny,20,6,5
2023-07-01,18,Conexoes de Mafia,Matue Featuring Rich The Kid,16,2,8
2023-07-01,19,El Merengue,Marshmello & Manuel Turizo,-,19,1
2023-07-01,20,La Bachata,Manuel Turizo,21,6,37
2023-07-01,21,Ta Tudo Bem,T-Rex,22,6,22
2023-07-01,22,Engana Dizendo Que Ama,VEIGH & TZ da Coronel,24,22,3
2023-07-01,23,Papin,MC Kevin O Chris & MC Caja,15,15,5
2023-07-01,24,Lua,Ivandro,23,4,58
2023-07-01,25,Die For You,The Weeknd & Ariana Grande,12,1,16
2023-07-08,1,Ta OK,"DENNIS E MC Kevin O Chris, Maluma & Karol G",1,1,5
2023-07-08,2,Chakras,Ivandro & Julinho KSD,2,1,9
2023-07-08,3,Novo Balanco,VEIGH,4,3,6
2023-07-08,4,Nosso Quadro,Ana Castela,3,1,17
2023-07-08,5,Maria Joana,"Nuno Ribeiro, Calema & Mariza",6,5,9
2023-07-08,6,Sprinter,Dave & Central Cee,5,4,4
2023-07-08,7,Como Tu,Barbara Bandeira Featuring Ivandro,7,1,42
2023-07-08,8,Preco Certo,Pedro Mafama,-,8,1
2023-07-08,9,Novidade Na Area,MC Livinho & DJ Matt D,-,9,1
2023-07-08,10,Calm Down,Rema & Selena Gomez,8,1,44
2023-07-08,11,Coracao de Gelo,WIU,10,8,22
2023-07-08,12,Ela Voltou de Perna Bamba,DJ Pikeno MPC E Markim WF & MC Guh Sr Featuring MC Pe Original,12,12,3
2023-07-08,13,Beso,ROSALIA & Rauw Alejandro,9,1,14
2023-07-08,14,Loucamente,D.A.M.A X Los Romeros,13,13,7
2023-07-08,15,A Nossa Danca,Calema,15,12,11
2023-07-08,16,Casa,D.A.M.A Featuring Buba Espinho,11,3,25
2023-07-08,17,Where She Goes,Bad Bunny,17,6,6
2023-07-08,18,El Merengue,Marshmello & Manuel Turizo,19,18,2
2023-07-08,19,La Bachata,Manuel Turizo,20,6,38
2023-07-08,20,Engana Dizendo Que Ama,VEIGH & TZ da Coronel,22,20,4
2023-07-08,21,Papin,MC Kevin O Chris & MC Caja,23,15,6
2023-07-08,22,Conexoes de Mafia,Matue Featuring Rich The Kid,18,2,9
2023-07-08,23,Cartao Black,MC Caverinha E KayBlack,14,4,7
2023-07-08,24,Funk Rave,Anitta,-,24,1
2023-07-08,25,Planeta,Bispo Featuring Barbara Tinoco,16,1,14
2023-07-15,1,Ta OK,"DENNIS E MC Kevin O Chris, Maluma & Karol G",1,1,6
2023-07-15,2,Chakras,Ivandro & Julinho KSD,2,1,10
2023-07-15,3,Novidade Na Area,MC Livinho & DJ Matt D,9,3,2
2023-07-15,4,Novo Balanco,VEIGH,3,3,7
2023-07-15,5,Nosso Quadro,Ana Castela,4,1,18
2023-07-15,6,Preco Certo,Pedro Mafama,8,6,2
2023-07-15,7,Fim Do Nada,"Mizzy Miles, T-Rex & Zara G",-,7,1
2023-07-15,8,Vampire,Olivia Rodrigo,-,8,1
2023-07-15,9,Maria Joana,"Nuno Ribeiro, Calema & Mariza",5,5,10
2023-07-15,10,Sprinter,Dave & Central Cee,6,4,5
2023-07-15,11,Como Tu,Barbara Bandeira Featuring Ivandro,7,1,43
2023-07-15,12,Sem Ti,Slow J,-,12,1
2023-07-15,13,Coracao de Gelo,WIU,11,8,23
2023-07-15,14,Calm Down,Rema & Selena Gomez,10,1,45
2023-07-15,15,El Merengue,Marshmello & Manuel Turizo,18,15,3
2023-07-15,16,A Nossa Danca,Calema,15,12,12
2023-07-15,17,Loucamente,D.A.M.A X Los Romeros,14,13,8
2023-07-15,18,Ela Voltou de Perna Bamba,DJ Pikeno MPC E Markim WF & MC Guh Sr Featuring MC Pe Original,12,12,4
2023-07-15,19,Casa,D.A.M.A Featuring Buba Espinho,16,3,26
2023-07-15,20,Conexoes de Mafia,Matue Featuring Rich The Kid,22,2,10
2023-07-15,21,Where She Goes,Bad Bunny,17,6,7
2023-07-15,22,Beso,ROSALIA & Rauw Alejandro,13,1,15
2023-07-15,23,"Gol Bolinha, Gol Quadrado 2",MC Pedrinho,-,23,1
2023-07-15,24,Engana Dizendo Que Ama,VEIGH & TZ da Coronel,20,20,5
2023-07-15,25,Papin,MC Kevin O Chris & MC Caja,21,15,7
2023-07-22,1,Ta OK,"DENNIS E MC Kevin O Chris, Maluma & Karol G",1,1,7
2023-07-22,2,Preco Certo,Pedro Mafama,6,2,3
2023-07-22,3,Novidade Na Area,MC Livinho & DJ Matt D,3,3,3
2023-07-22,4,Chakras,Ivandro & Julinho KSD,2,1,11
2023-07-22,5,Novo Balanco,VEIGH,4,3,8
2023-07-22,6,Nosso Quadro,Ana Castela,5,1,19
2023-07-22,7,Maria Joana,"Nuno Ribeiro, Calema & Mariza",9,5,11
2023-07-22,8,Sprinter,Dave & Central Cee,10,4,6
2023-07-22,9,"Gol Bolinha, Gol Quadrado 2",MC Pedrinho,23,9,2
2023-07-22,10,Coracao de Gelo,WIU,13,8,24
2023-07-22,11,El Merengue,Marshmello & Manuel Turizo,15,11,4
2023-07-22,12,Conexoes de Mafia,Matue Featuring Rich The Kid,20,2,11
2023-07-22,13,Calm Down,Rema & Selena Gomez,14,1,46
2023-07-22,14,A Nossa Danca,Calema,16,12,13
2023-07-22,15,Como Tu,Barbara Bandeira Featuring Ivandro,11,1,44
2023-07-22,16,Fim Do Nada,"Mizzy Miles, T-Rex & Zara G",7,7,2
2023-07-22,17,Loucamente,D.A.M.A X Los Romeros,17,13,9
2023-07-22,18,Casa,D.A.M.A Featuring Buba Espinho,19,3,27
2023-07-22,19,Where She Goes,Bad Bunny,21,6,8
2023-07-22,20,Engana Dizendo Que Ama,VEIGH & TZ da Coronel,24,20,6
2023-07-22,21,Vampire,Olivia Rodrigo,8,8,2
2023-07-22,22,Ela Voltou de Perna Bamba,DJ Pikeno MPC E Markim WF & MC Guh Sr Featuring MC Pe Original,18,12,5
2023-07-22,23,Vai Novinha Ah Ah Ah,Dyamante DJ,-,23,1
2023-07-22,24,Beso,ROSALIA & Rauw Alejandro,22,1,16
2023-07-22,25,Papin,MC Kevin O Chris & MC Caja,25,15,8
2023-07-29,1,Ta OK,"DENNIS E MC Kevin O Chris, Maluma & Karol G",1,1,8
2023-07-29,2,Preco Certo,Pedro Mafama,2,2,4
2023-07-29,3,Novidade Na Area,MC Livinho & DJ Matt D,3,3,4
2023-07-29,4,Novo Balanco,VEIGH,5,3,9
2023-07-29,5,Chakras,Ivandro & Julinho KSD,4,1,12
2023-07-29,6,Nosso Quadro,Ana Castela,6,1,20
2023-07-29,7,Maria Joana,"Nuno Ribeiro, Calema & Mariza",7,5,12
2023-07-29,8,"Gol Bolinha, Gol Quadrado 2",MC Pedrinho,9,8,3
2023-07-29,9,Sprinter,Dave & Central Cee,8,4,7
2023-07-29,10,Seven,Jung Kook Featuring Latto,-,10,1
2023-07-29,11,El Merengue,Marshmello & Manuel Turizo,11,11,5
2023-07-29,12,A Nossa Danca,Calema,14,12,14
2023-07-29,13,Loucamente,D.A.M.A X Los Romeros,17,13,10
2023-07-29,14,Engana Dizendo Que Ama,VEIGH & TZ da Coronel,20,14,7
2023-07-29,15,Calm Down,Rema & Selena Gomez,13,1,47
2023-07-29,16,Coracao de Gelo,WIU,10,8,25
2023-07-29,17,Conexoes de Mafia,Matue Featuring Rich The Kid,12,2,12
2023-07-29,18,Casa,D.A.M.A Featuring Buba Espinho,18,3,28
2023-07-29,19,Como Tu,Barbara Bandeira Featuring Ivandro,15,1,45
2023-07-29,20,Where She Goes,Bad Bunny,19,6,9
2023-07-29,21,As It Was,Harry Styles,-,1,50
2023-07-29,22,Ela Voltou de Perna Bamba,DJ Pikeno MPC E Markim WF & MC Guh Sr Featuring MC Pe Original,22,12,6
2023-07-29,23,Vai Novinha Ah Ah Ah,Dyamante DJ,23,23,2
2023-07-29,24,Planeta,Bispo Featuring Barbara Tinoco,-,1,15
2023-07-29,25,Beso,ROSALIA & Rauw Alejandro,24,1,17
2023-08-05,1,Ta OK,"DENNIS E MC Kevin O Chris, Maluma & Karol G",1,1,9
2023-08-05,2,Preco Certo,Pedro Mafama,2,2,5
2023-08-05,3,Novidade Na Area,MC Livinho & DJ Matt D,3,3,5
2023-08-05,4,Novo Balanco,VEIGH,4,3,10
2023-08-05,5,Chakras,Ivandro & Julinho KSD,5,1,13
2023-08-05,6,Nosso Quadro,Ana Castela,6,1,21
2023-08-05,7,Maria Joana,"Nuno Ribeiro, Calema & Mariza",7,5,13
2023-08-05,8,K-POP,"Travis Scott , Bad Bunny & The Weeknd",-,8,1
2023-08-05,9,"Gol Bolinha, Gol Quadrado 2",MC Pedrinho,8,8,4
2023-08-05,10,Sprinter,Dave & Central Cee,9,4,8
2023-08-05,11,El Merengue,Marshmello & Manuel Turizo,11,11,6
2023-08-05,12,Ballena,"Vulgo FK, MC PH & Veigh",-,12,1
2023-08-05,13,Engana Dizendo Que Ama,VEIGH & TZ da Coronel,14,13,8
2023-08-05,14,Seven,Jung Kook Featuring Latto,10,10,2
2023-08-05,15,Where She Goes,Bad Bunny,20,6,10
2023-08-05,16,Conexoes de Mafia,Matue Featuring Rich The Kid,17,2,13
2023-08-05,17,Calm Down,Rema & Selena Gomez,15,1,48
2023-08-05,18,Coracao de Gelo,WIU,16,8,26
2023-08-05,19,Loucamente,D.A.M.A X Los Romeros,13,13,11
2023-08-05,20,A Nossa Danca,Calema,12,12,15
2023-08-05,21,Casa,D.A.M.A Featuring Buba Espinho,18,3,29
2023-08-05,22,Beso,ROSALIA & Rauw Alejandro,25,1,18
2023-08-05,23,Como Tu,Barbara Bandeira Featuring Ivandro,19,1,46
2023-08-05,24,What Was I Made For?,Billie Eilish,-,24,1
2023-08-05,25,Planeta,Bispo Featuring Barbara Tinoco,24,1,16
2023-08-12,1,Ta OK,"DENNIS E MC Kevin O Chris, Maluma & Karol G",1,1,10
2023-08-12,2,Preco Certo,Pedro Mafama,2,2,6
2023-08-12,3,Novidade Na Area,MC Livinho & DJ Matt D,3,3,6
2023-08-12,4,Novo Balanco,VEIGH,4,3,11
2023-08-12,5,Chakras,Ivandro & Julinho KSD,5,1,14
2023-08-12,6,Nosso Quadro,Ana Castela,6,1,22
2023-08-12,7,Maria Joana,"Nuno Ribeiro, Calema & Mariza",7,5,14
2023-08-12,8,K-POP,"Travis Scott , Bad Bunny & The Weeknd",8,8,2
2023-08-12,9,FE!N,Travis Scott Featuring Playboi Carti,-,9,1
2023-08-12,10,"Gol Bolinha, Gol Quadrado 2",MC Pedrinho,9,8,5
2023-08-12,11,Meltdown,Travis Scott Featuring Drake,-,11,1
2023-08-12,12,Sprinter,Dave & Central Cee,10,4,9
2023-08-12,13,Ballena,"Vulgo FK, MC PH & Veigh",12,12,2
2023-08-12,14,El Merengue,Marshmello & Manuel Turizo,11,11,7
2023-08-12,15,Engana Dizendo Que Ama,VEIGH & TZ da Coronel,13,13,9
2023-08-12,16,Beso,ROSALIA & Rauw Alejandro,22,1,19
2023-08-12,17,What Was I Made For?,Billie Eilish,24,17,2
2023-08-12,18,My Eyes,Travis Scott,-,18,1
2023-08-12,19,Thank God,Travis Scott,-,19,1
2023-08-12,20,Where She Goes,Bad Bunny,15,6,11
2023-08-12,21,I Know ?,Travis Scott,-,21,1
2023-08-12,22,Hyaena,Travis Scott,-,22,1
2023-08-12,23,A Nossa Danca,Calema,20,12,16
2023-08-12,24,Como Tu,Barbara Bandeira Featuring Ivandro,23,1,47
2023-08-12,25,Loucamente,D.A.M.A X Los Romeros,19,13,12
2023-08-19,1,Ta OK,"DENNIS E MC Kevin O Chris, Maluma & Karol G",1,1,11
2023-08-19,2,Preco Certo,Pedro Mafama,2,2,7
2023-08-19,3,Chakras,Ivandro & Julinho KSD,5,1,15
2023-08-19,4,Novidade Na Area,MC Livinho & DJ Matt D,3,3,7
2023-08-19,5,Novo Balanco,VEIGH,4,3,12
2023-08-19,6,Nosso Quadro,Ana Castela,6,1,23
2023-08-19,7,Maria Joana,"Nuno Ribeiro, Calema & Mariza",7,5,15
2023-08-19,8,Faz Um Vuk Vuk (Teto Espelhado),Kevin O Chris & DJ Nk Da Serra,-,8,1
2023-08-19,9,El Merengue,Marshmello & Manuel Turizo,14,9,8
2023-08-19,10,"Gol Bolinha, Gol Quadrado 2",MC Pedrinho,10,8,6
2023-08-19,11,Ballena,"Vulgo FK, MC PH & Veigh",13,11,3
2023-08-19,12,Sprinter,Dave & Central Cee,12,4,10
2023-08-19,13,Engana Dizendo Que Ama,VEIGH & TZ da Coronel,15,13,10
2023-08-19,14,What Was I Made For?,Billie Eilish,17,14,3
2023-08-19,15,Beso,ROSALIA & Rauw Alejandro,16,1,20
2023-08-19,16,A Nossa Danca,Calema,23,12,17
2023-08-19,17,Como Tu,Barbara Bandeira Featuring Ivandro,24,1,48
2023-08-19,18,Where She Goes,Bad Bunny,20,6,12
2023-08-19,19,LaLa,Myke Towers,-,19,1
2023-08-19,20,Loucamente,D.A.M.A X Los Romeros,25,13,13
2023-08-19,21,Dance The Night,Dua Lipa,-,21,1
2023-08-19,22,Calm Down,Rema & Selena Gomez,-,1,49
2023-08-19,23,Coracao de Gelo,WIU,-,8,27
2023-08-19,24,Halls Na Lingua,Kadu Martins,-,24,1
2023-08-19,25,Conexoes de Mafia,Matue Featuring Rich The Kid,-,2,14
2023-08-26,1,Ta OK,"DENNIS E MC Kevin O Chris, Maluma & Karol G",1,1,12
2023-08-26,2,Preco Certo,Pedro Mafama,2,2,8
2023-08-26,3,Chakras,Ivandro & Julinho KSD,3,1,16
2023-08-26,4,Novo Balanco,VEIGH,5,3,13
2023-08-26,5,Novidade Na Area,MC Livinho & DJ Matt D,4,3,8
2023-08-26,6,Nosso Quadro,Ana Castela,6,1,24
2023-08-26,7,Faz Um Vuk Vuk (Teto Espelhado),Kevin O Chris & DJ Nk Da Serra,8,7,2
2023-08-26,8,Maria Joana,"Nuno Ribeiro, Calema & Mariza",7,5,16
2023-08-26,9,El Merengue,Marshmello & Manuel Turizo,9,9,9
2023-08-26,10,Ballena,"Vulgo FK, MC PH & Veigh",11,10,4
2023-08-26,11,"Gol Bolinha, Gol Quadrado 2",MC Pedrinho,10,8,7
2023-08-26,12,Sprinter,Dave & Central Cee,12,4,11
2023-08-26,13,Como Tu,Barbara Bandeira Featuring Ivandro,17,1,49
2023-08-26,14,Beso,ROSALIA & Rauw Alejandro,15,1,21
2023-08-26,15,A Nossa Danca,Calema,16,12,18
2023-08-26,16,Engana Dizendo Que Ama,VEIGH & TZ da Coronel,13,13,11
2023-08-26,17,What Was I Made For?,Billie Eilish,14,14,4
2023-08-26,18,LaLa,Myke Towers,19,18,2
2023-08-26,19,Calm Down,Rema & Selena Gomez,22,1,50
2023-08-26,20,Loucamente,D.A.M.A X Los Romeros,20,13,14
2023-08-26,21,Where She Goes,Bad Bunny,18,6,13
2023-08-26,22,Dance The Night,Dua Lipa,21,21,2
2023-08-26,23,Casa,D.A.M.A Featuring Buba Espinho,-,3,30
2023-08-26,24,La Bachata,Manuel Turizo,-,6,39
2023-08-26,25,Coracao de Gelo,WIU,23,8,28
2023-09-02,1,Ta OK,"DENNIS E MC Kevin O Chris, Maluma & Karol G",1,1,13
2023-09-02,2,Chakras,Ivandro & Julinho KSD,3,1,17
2023-09-02,3,Preco Certo,Pedro Mafama,2,2,9
2023-09-02,4,Novo Balanco,VEIGH,4,3,14
2023-09-02,5,Faz Um Vuk Vuk (Teto Espelhado),Kevin O Chris & DJ Nk Da Serra,7,5,3
2023-09-02,6,Novidade Na Area,MC Livinho & DJ Matt D,5,3,9
2023-09-02,7,Nosso Quadro,Ana Castela,6,1,25
2023-09-02,8,Maria Joana,"Nuno Ribeiro, Calema & Mariza",8,5,17
2023-09-02,9,El Merengue,Marshmello & Manuel Turizo,9,9,10
2023-09-02,10,Ballena,"Vulgo FK, MC PH & Veigh",10,10,5
2023-09-02,11,LaLa,Myke Towers,18,11,3
2023-09-02,12,"Gol Bolinha, Gol Quadrado 2",MC Pedrinho,11,8,8
2023-09-02,13,Sprinter,Dave & Central Cee,12,4,12
2023-09-02,14,Como Tu,Barbara Bandeira Featuring Ivandro,13,1,50
2023-09-02,15,Where She Goes,Bad Bunny,21,6,14
2023-09-02,16,A Nossa Danca,Calema,15,12,19
2023-09-02,17,Engana Dizendo Que Ama,VEIGH & TZ da Coronel,16,13,12
2023-09-02,18,Beso,ROSALIA & Rauw Alejandro,14,1,22
2023-09-02,19,Calm Down,Rema & Selena Gomez,19,1,51
2023-09-02,20,What Was I Made For?,Billie Eilish,17,14,5
2023-09-02,21,Dance The Night,Dua Lipa,22,21,3
2023-09-02,22,La Bachata,Manuel Turizo,24,6,40
2023-09-02,23,Loucamente,D.A.M.A X Los Romeros,20,13,15
2023-09-02,24,Halls Na Lingua,Kadu Martins,-,24,2
2023-09-02,25,Casa,D.A.M.A Featuring Buba Espinho,23,3,31
2023-09-09,1,Ta OK,"DENNIS E MC Kevin O Chris, Maluma & Karol G",1,1,14
2023-09-09,2,Preco Certo,Pedro Mafama,3,2,10
2023-09-09,3,Chakras,Ivandro & Julinho KSD,2,1,18
2023-09-09,4,Faz Um Vuk Vuk (Teto Espelhado),Kevin O Chris & DJ Nk Da Serra,5,4,4
2023-09-09,5,Novo Balanco,VEIGH,4,3,15
2023-09-09,6,Nosso Quadro,Ana Castela,7,1,26
2023-09-09,7,Novidade Na Area,MC Livinho & DJ Matt D,6,3,10
2023-09-09,8,Maria Joana,"Nuno Ribeiro, Calema & Mariza",8,5,18
2023-09-09,9,LaLa,Myke Towers,11,9,4
2023-09-09,10,El Merengue,Marshmello & Manuel Turizo,9,9,11
2023-09-09,11,Ballena,"Vulgo FK, MC PH & Veigh",10,10,6
2023-09-09,12,Sprinter,Dave & Central Cee,13,4,13
2023-09-09,13,Pina Colada,Lon3r Johny X Plutonio,-,13,1
2023-09-09,14,Como Tu,Barbara Bandeira Featuring Ivandro,14,1,51
2023-09-09,15,"Gol Bolinha, Gol Quadrado 2",MC Pedrinho,12,8,9
2023-09-09,16,Where She Goes,Bad Bunny,15,6,15
2023-09-09,17,A Nossa Danca,Calema,16,12,20
2023-09-09,18,Engana Dizendo Que Ama,VEIGH & TZ da Coronel,17,13,13
2023-09-09,19,Calm Down,Rema & Selena Gomez,19,1,52
2023-09-09,20,Lapada Dela,Menos E Mais & Matheus Fernandes,-,20,1
2023-09-09,21,Beso,ROSALIA & Rauw Alejandro,18,1,23
2023-09-09,22,What Was I Made For?,Billie Eilish,20,14,6
2023-09-09,23,Casa,D.A.M.A Featuring Buba Espinho,25,3,32
2023-09-09,24,La Bachata,Manuel Turizo,22,6,41
2023-09-09,25,Dance The Night,Dua Lipa,21,21,4
2023-09-16,1,Ta OK,"DENNIS E MC Kevin O Chris, Maluma & Karol G",1,1,15
2023-09-16,2,Chakras,Ivandro & Julinho KSD,3,1,19
2023-09-16,3,Novo Balanco,VEIGH,5,3,16
2023-09-16,4,Nosso Quadro,Ana Castela,6,1,27
2023-09-16,5,Faz Um Vuk Vuk (Teto Espelhado),Kevin O Chris & DJ Nk Da Serra,4,4,5
2023-09-16,6,Preco Certo,Pedro Mafama,2,2,11
2023-09-16,7,Novidade Na Area,MC Livinho & DJ Matt D,7,3,11
2023-09-16,8,Chico,Luisa Sonza,-,8,1
2023-09-16,9,Penhasco2,Luisa Sonza & Demi Lovato,-,9,1
2023-09-16,10,Pina Colada,Lon3r Johny X Plutonio,13,10,2
2023-09-16,11,Maria Joana,"Nuno Ribeiro, Calema & Mariza",8,5,19
2023-09-16,12,LaLa,Myke Towers,9,9,5
2023-09-16,13,El Merengue,Marshmello & Manuel Turizo,10,9,12
2023-09-16,14,Ballena,"Vulgo FK, MC PH & Veigh",11,10,7
2023-09-16,15,Paint The Town Red,Doja Cat,-,15,1
2023-09-16,16,Lapada Dela,Menos E Mais & Matheus Fernandes,20,16,2
2023-09-16,17,Sprinter,Dave & Central Cee,12,4,14
2023-09-16,18,Como Tu,Barbara Bandeira Featuring Ivandro,14,1,52
2023-09-16,19,Engana Dizendo Que Ama,VEIGH & TZ da Coronel,18,13,14
2023-09-16,20,Alma Nua,Van Zee,-,20,1
2023-09-16,21,A Dona Aranha,Luisa Sonza,-,21,1
2023-09-16,22,Where She Goes,Bad Bunny,16,6,16
2023-09-16,23,Loucamente,D.A.M.A X Los Romeros,-,13,16
2023-09-16,24,"Gol Bolinha, Gol Quadrado 2",MC Pedrinho,15,8,10
2023-09-16,25,A Nossa Danca,Calema,17,12,21
2023-09-23,1,Ta OK,"DENNIS E MC Kevin O Chris, Maluma & Karol G",1,1,16
2023-09-23,2,Chico,Luisa Sonza,8,2,2
2023-09-23,3,Chakras,Ivandro & Julinho KSD,2,1,20
2023-09-23,4,Nosso Quadro,Ana Castela,4,1,28
2023-09-23,5,Faz Um Vuk Vuk (Teto Espelhado),Kevin O Chris & DJ Nk Da Serra,5,4,6
2023-09-23,6,Novo Balanco,VEIGH,3,3,17
2023-09-23,7,Novidade Na Area,MC Livinho & DJ Matt D,7,3,12
2023-09-23,8,Preco Certo,Pedro Mafama,6,2,12
2023-09-23,9,Pina Colada,Lon3r Johny X Plutonio,10,9,3
2023-09-23,10,Tempo,Van Zee,-,10,1
2023-09-23,11,Alma Nua,Van Zee,20,11,2
2023-09-23,12,Vampire,Olivia Rodrigo,-,8,3
2023-09-23,13,LaLa,Myke Towers,12,9,6
2023-09-23,14,Maria Joana,"Nuno Ribeiro, Calema & Mariza",11,5,20
2023-09-23,15,Dentro da Hilux,"Luan Pereira, MC Daniel & MC Ryan SP",-,15,1
2023-09-23,16,Lapada Dela,Menos E Mais & Matheus Fernandes,16,16,3
2023-09-23,17,El Merengue,Marshmello & Manuel Turizo,13,9,13
2023-09-23,18,Paint The Town Red,Doja Cat,15,15,2
2023-09-23,19,Ballena,"Vulgo FK, MC PH & Veigh",14,10,8
2023-09-23,20,Bad Idea Right?,Olivia Rodrigo,-,20,1
2023-09-23,21,Sprinter,Dave & Central Cee,17,4,15
2023-09-23,22,Loucamente,D.A.M.A X Los Romeros,23,13,17
2023-09-23,23,Get Him Back!,Olivia Rodrigo,-,23,1
2023-09-23,24,Engana Dizendo Que Ama,VEIGH & TZ da Coronel,19,13,15
2023-09-23,25,Como Tu,Barbara Bandeira Featuring Ivandro,18,1,53
2023-09-30,1,Ta OK,"DENNIS E MC Kevin O Chris, Maluma & Karol G",1,1,17
2023-09-30,2,Chakras,Ivandro & Julinho KSD,3,1,21
2023-09-30,3,Tempo,Van Zee,10,3,2
2023-09-30,4,Nosso Quadro,Ana Castela,4,1,29
2023-09-30,5,Novo Balanco,VEIGH,6,3,18
2023-09-30,6,Faz Um Vuk Vuk (Teto Espelhado),Kevin O Chris & DJ Nk Da Serra,5,4,7
2023-09-30,7,Chico,Luisa Sonza,2,2,3
2023-09-30,8,Pina Colada,Lon3r Johny X Plutonio,9,8,4
2023-09-30,9,Dentro da Hilux,"Luan Pereira, MC Daniel & MC Ryan SP",15,9,2
2023-09-30,10,Alma Nua,Van Zee,11,10,3
2023-09-30,11,Novidade Na Area,MC Livinho & DJ Matt D,7,3,13
2023-09-30,12,Preco Certo,Pedro Mafama,8,2,13
2023-09-30,13,LaLa,Myke Towers,13,9,7
2023-09-30,14,Vampire,Olivia Rodrigo,12,8,4
2023-09-30,15,Lapada Dela,Menos E Mais & Matheus Fernandes,16,15,4
2023-09-30,16,Paint The Town Red,Doja Cat,18,15,3
2023-09-30,17,Maria Joana,"Nuno Ribeiro, Calema & Mariza",14,5,21
2023-09-30,18,El Merengue,Marshmello & Manuel Turizo,17,9,14
2023-09-30,19,Ballena,"Vulgo FK, MC PH & Veigh",19,10,9
2023-09-30,20,Slime You Out,Drake Featuring SZA,-,20,1
2023-09-30,21,Sprinter,Dave & Central Cee,21,4,16
2023-09-30,22,Loucamente,D.A.M.A X Los Romeros,22,13,18
2023-09-30,23,Como Tu,Barbara Bandeira Featuring Ivandro,25,1,54
2023-09-30,24,Engana Dizendo Que Ama,VEIGH & TZ da Coronel,24,13,16
2023-09-30,25,Where She Goes,Bad Bunny,-,6,17
2023-10-07,1,Ta OK,"DENNIS E MC Kevin O Chris, Maluma & Karol G",1,1,18
2023-10-07,2,Tempo,Van Zee,3,2,3
2023-10-07,3,Chakras,Ivandro & Julinho KSD,2,1,22
2023-10-07,4,Nosso Quadro,Ana Castela,4,1,30
2023-10-07,5,Novo Balanco,VEIGH,5,3,19
2023-10-07,6,Alma Nua,Van Zee,10,6,4
2023-10-07,7,Faz Um Vuk Vuk (Teto Espelhado),Kevin O Chris & DJ Nk Da Serra,6,4,8
2023-10-07,8,Pina Colada,Lon3r Johny X Plutonio,8,8,5
2023-10-07,9,Dentro da Hilux,"Luan Pereira, MC Daniel & MC Ryan SP",9,9,3
2023-10-07,10,LaLa,Myke Towers,13,9,8
2023-10-07,11,Paint The Town Red,Doja Cat,16,11,4
2023-10-07,12,Lapada Dela,Menos E Mais & Matheus Fernandes,15,12,5
2023-10-07,13,Novidade Na Area,MC Livinho & DJ Matt D,11,3,14
2023-10-07,14,Si No Estas,Inigo Quintero,-,14,1
2023-10-07,15,Preco Certo,Pedro Mafama,12,2,14
2023-10-07,16,Chico,Luisa Sonza,7,2,4
2023-10-07,17,Maria Joana,"Nuno Ribeiro, Calema & Mariza",17,5,22
2023-10-07,18,El Merengue,Marshmello & Manuel Turizo,18,9,15
2023-10-07,19,Vampire,Olivia Rodrigo,14,8,5
2023-10-07,20,Ballena,"Vulgo FK, MC PH & Veigh",19,10,10
2023-10-07,21,Loucamente,D.A.M.A X Los Romeros,22,13,19
2023-10-07,22,Greedy,Tate McRae,-,22,1
2023-10-07,23,Engana Dizendo Que Ama,VEIGH & TZ da Coronel,24,13,17
2023-10-07,24,Sprinter,Dave & Central Cee,21,4,17
2023-10-07,25,Como Tu,Barbara Bandeira Featuring Ivandro,23,1,55
2023-10-14,1,Si No Estas,Inigo Quintero,14,1,2
2023-10-14,2,Chamadas,Ivandro & Van Zee,-,2,1
2023-10-14,3,Ta OK,"DENNIS E MC Kevin O Chris, Maluma & Karol G",1,1,19
2023-10-14,4,Chakras,Ivandro & Julinho KSD,3,1,23
2023-10-14,5,Tempo,Van Zee,2,2,4
2023-10-14,6,Nosso Quadro,Ana Castela,4,1,31
2023-10-14,7,Alma Nua,Van Zee,6,6,5
2023-10-14,8,Dentro da Hilux,"Luan Pereira, MC Daniel & MC Ryan SP",9,8,4
2023-10-14,9,Novo Balanco,VEIGH,5,3,20
2023-10-14,10,Pina Colada,Lon3r Johny X Plutonio,8,8,6
2023-10-14,11,Faz Um Vuk Vuk (Teto Espelhado),Kevin O Chris & DJ Nk Da Serra,7,4,9
2023-10-14,12,CorDaPele,Slow J,-,12,1
2023-10-14,13,Greedy,Tate McRae,22,13,2
2023-10-14,14,LaLa,Myke Towers,10,9,9
2023-10-14,15,Lapada Dela,Menos E Mais & Matheus Fernandes,12,12,6
2023-10-14,16,Novidade Na Area,MC Livinho & DJ Matt D,13,3,15
2023-10-14,17,El Merengue,Marshmello & Manuel Turizo,18,9,16
2023-10-14,18,Preco Certo,Pedro Mafama,15,2,15
2023-10-14,19,Paint The Town Red,Doja Cat,11,11,5
2023-10-14,20,Maria Joana,"Nuno Ribeiro, Calema & Mariza",17,5,23
2023-10-14,21,Strangers,Kenya Grace,-,21,1
2023-10-14,22,Ballena,"Vulgo FK, MC PH & Veigh",20,10,11
2023-10-14,23,3D,Jung Kook & Jack Harlow,-,23,1
2023-10-14,24,Auto:Boom,ProfJam,-,24,1
2023-10-14,25,Como Tu,Barbara Bandeira Featuring Ivandro,25,1,56
2023-10-21,1,Si No Estas,Inigo Quintero,1,1,3
2023-10-21,2,Dentro da Hilux,"Luan Pereira, MC Daniel & MC Ryan SP",8,2,5
2023-10-21,3,Ta OK,"DENNIS E MC Kevin O Chris, Maluma & Karol G",3,1,20
2023-10-21,4,Tempo,Van Zee,5,2,5
2023-10-21,5,Chakras,Ivandro & Julinho KSD,4,1,24
2023-10-21,6,Greedy,Tate McRae,13,6,3
2023-10-21,7,Alma Nua,Van Zee,7,6,6
2023-10-21,8,Nosso Quadro,Ana Castela,6,1,32
2023-10-21,9,Chamadas,Ivandro & Van Zee,2,2,2
2023-10-21,10,Novo Balanco,VEIGH,9,3,21
2023-10-21,11,Lapada Dela,Menos E Mais & Matheus Fernandes,15,11,7
2023-10-21,12,Pina Colada,Lon3r Johny X Plutonio,10,8,7
2023-10-21,13,LaLa,Myke Towers,14,9,10
2023-10-21,14,IDGAF,Drake Featuring Yeat,-,14,1
2023-10-21,15,Faz Um Vuk Vuk (Teto Espelhado),Kevin O Chris & DJ Nk Da Serra,11,4,10
2023-10-21,16,Virginia Beach,Drake,-,16,1
2023-10-21,17,First Person Shooter,Drake Featuring J. Cole,-,17,1
2023-10-21,18,El Merengue,Marshmello & Manuel Turizo,17,9,17
2023-10-21,19,Novidade Na Area,MC Livinho & DJ Matt D,16,3,16
2023-10-21,20,Strangers,Kenya Grace,21,20,2
2023-10-21,21,Maria Joana,"Nuno Ribeiro, Calema & Mariza",20,5,24
2023-10-21,22,Paint The Town Red,Doja Cat,19,11,6
2023-10-21,23,Slime You Out,Drake Featuring SZA,-,20,2
2023-10-21,24,Preco Certo,Pedro Mafama,18,2,16
2023-10-21,25,Calling For You,Drake Featuring 21 Savage,-,25,1
2023-10-28,1,Si No Estas,Inigo Quintero,1,1,4
2023-10-28,2,Dentro da Hilux,"Luan Pereira, MC Daniel & MC Ryan SP",2,2,6
2023-10-28,3,Ta OK,"DENNIS E MC Kevin O Chris, Maluma & Karol G",3,1,21
2023-10-28,4,Tempo,Van Zee,4,2,6
2023-10-28,5,Nosso Quadro,Ana Castela,8,1,33
2023-10-28,6,Chakras,Ivandro & Julinho KSD,5,1,25
2023-10-28,7,Alma Nua,Van Zee,7,6,7
2023-10-28,8,Greedy,Tate McRae,6,6,4
2023-10-28,9,Monaco,Bad Bunny,-,9,1
2023-10-28,10,Novo Balanco,VEIGH,10,3,22
2023-10-28,11,Lapada Dela,Menos E Mais & Matheus Fernandes,11,11,8
2023-10-28,12,Chamadas,Ivandro & Van Zee,9,2,3
2023-10-28,13,LaLa,Myke Towers,13,9,11
2023-10-28,14,Faz Um Vuk Vuk (Teto Espelhado),Kevin O Chris & DJ Nk Da Serra,15,4,11
2023-10-28,15,Pina Colada,Lon3r Johny X Plutonio,12,8,8
2023-10-28,16,Strangers,Kenya Grace,20,16,3
2023-10-28,17,El Merengue,Marshmello & Manuel Turizo,18,9,18
2023-10-28,18,Paint The Town Red,Doja Cat,22,11,7
2023-10-28,19,Novidade Na Area,MC Livinho & DJ Matt D,19,3,17
2023-10-28,20,Where She Goes,Bad Bunny,-,6,18
2023-10-28,21,Maria Joana,"Nuno Ribeiro, Calema & Mariza",21,5,25
2023-10-28,22,Water,Tyla,-,22,1
2023-10-28,23,Como Tu,Barbara Bandeira Featuring Ivandro,-,1,57
2023-10-28,24,Ballena,"Vulgo FK, MC PH & Veigh",-,10,12
2023-10-28,25,IDGAF,Drake Featuring Yeat,14,14,2
2023-11-04,1,Si No Estas,Inigo Quintero,1,1,5
2023-11-04,2,Carro,Barbara Bandeira Featuring Dillaz,-,2,1
2023-11-04,3,Dentro da Hilux,"Luan Pereira, MC Daniel & MC Ryan SP",2,2,7
2023-11-04,4,Greedy,Tate McRae,8,4,5
2023-11-04,5,Ta OK,"DENNIS E MC Kevin O Chris, Maluma & Karol G",3,1,22
2023-11-04,6,Chamadas,Ivandro & Van Zee,12,2,4
2023-11-04,7,Alma Nua,Van Zee,7,6,8
2023-11-04,8,Nosso Quadro,Ana Castela,5,1,34
2023-11-04,9,Chakras,Ivandro & Julinho KSD,6,1,26
2023-11-04,10,Monaco,Bad Bunny,9,9,2
2023-11-04,11,Tempo,Van Zee,4,2,7
2023-11-04,12,Pina Colada,Lon3r Johny X Plutonio,15,8,9
2023-11-04,13,Novo Balanco,VEIGH,10,3,23
2023-11-04,14,Faz Um Vuk Vuk (Teto Espelhado),Kevin O Chris & DJ Nk Da Serra,14,4,12
2023-11-04,15,Lapada Dela,Menos E Mais & Matheus Fernandes,11,11,9
2023-11-04,16,Strangers,Kenya Grace,16,16,4
2023-11-04,17,LaLa,Myke Towers,13,9,12
2023-11-04,18,Water,Tyla,22,18,2
2023-11-04,19,UH LA LA LA,Lon3r Johny X Plutonio,-,14,10
2023-11-04,20,Baile do Bruxo,"Tropa do Bruxo, DJ Ws da Igrejinha, SMU, Triz & MC Menor Thalis",-,20,1
2023-11-04,21,Mil Veces,Anitta,-,21,1
2023-11-04,22,Cruel Summer,Taylor Swift,-,22,1
2023-11-04,23,El Merengue,Marshmello & Manuel Turizo,17,9,19
2023-11-04,24,Paint The Town Red,Doja Cat,18,11,8
2023-11-04,25,Maria Joana,"Nuno Ribeiro, Calema & Mariza",21,5,26
2023-11-11,1,Si No Estas,Inigo Quintero,1,1,6
2023-11-11,2,Carro,Barbara Bandeira Featuring Dillaz,2,2,2
2023-11-11,3,Dentro da Hilux,"Luan Pereira, MC Daniel & MC Ryan SP",3,2,8
2023-11-11,4,Greedy,Tate McRae,4,4,6
2023-11-11,5,Monaco,Bad Bunny,10,5,3
2023-11-11,6,Ta OK,"DENNIS E MC Kevin O Chris, Maluma & Karol G",5,1,23
2023-11-11,7,Baile do Bruxo,"Tropa do Bruxo, DJ Ws da Igrejinha, SMU, Triz & MC Menor Thalis",20,7,2
2023-11-11,8,Chamadas,Ivandro & Van Zee,6,2,5
2023-11-11,9,Alma Nua,Van Zee,7,6,9
2023-11-11,10,Nosso Quadro,Ana Castela,8,1,35
2023-11-11,11,Chakras,Ivandro & Julinho KSD,9,1,27
2023-11-11,12,Tempo,Van Zee,11,2,8
2023-11-11,13,Pina Colada,Lon3r Johny X Plutonio,12,8,10
2023-11-11,14,Is It Over Now? (Taylor's Version) [From The Vault],Taylor Swift,-,14,1
2023-11-11,15,Novo Balanco,VEIGH,13,3,24
2023-11-11,16,Lapada Dela,Menos E Mais & Matheus Fernandes,15,11,10
2023-11-11,17,Faz Um Vuk Vuk (Teto Espelhado),Kevin O Chris & DJ Nk Da Serra,14,4,13
2023-11-11,18,UH LA LA LA,Lon3r Johny X Plutonio,19,14,11
2023-11-11,19,Water,Tyla,18,18,3
2023-11-11,20,LaLa,Myke Towers,17,9,13
2023-11-11,21,Now That We Don't Talk (Taylor's Version) [From The Vault],Taylor Swift,-,21,1
2023-11-11,22,Strangers,Kenya Grace,16,16,5
2023-11-11,23,Colas,Dillaz,-,23,1
2023-11-11,24,Say Don't Go (Taylor's Version) [From The Vault],Taylor Swift,-,24,1
2023-11-11,25,Style (Taylor's Version),Taylor Swift,-,25,1
2023-11-18,1,Si No Estas,Inigo Quintero,1,1,7
2023-11-18,2,Carro,Barbara Bandeira Featuring Dillaz,2,2,3
2023-11-18,3,Dentro da Hilux,"Luan Pereira, MC Daniel & MC Ryan SP",3,2,9
2023-11-18,4,Greedy,Tate McRae,4,4,7
2023-11-18,5,Monaco,Bad Bunny,5,5,4
2023-11-18,6,Baile do Bruxo,"Tropa do Bruxo, DJ Ws da Igrejinha, SMU, Triz & MC Menor Thalis",7,6,3
2023-11-18,7,Ta OK,"DENNIS E MC Kevin O Chris, Maluma & Karol G",6,1,24
2023-11-18,8,Chamadas,Ivandro & Van Zee,8,2,6
2023-11-18,9,Nosso Quadro,Ana Castela,10,1,36
2023-11-18,10,Pina Colada,Lon3r Johny X Plutonio,13,8,11
2023-11-18,11,Chakras,Ivandro & Julinho KSD,11,1,28
2023-11-18,12,Alma Nua,Van Zee,9,6,10
2023-11-18,13,Novo Balanco,VEIGH,15,3,25
2023-11-18,14,Nirvana,Lon3r Johny,-,14,1
2023-11-18,15,Tempo,Van Zee,12,2,9
2023-11-18,16,Lapada Dela,Menos E Mais & Matheus Fernandes,16,11,11
2023-11-18,17,UH LA LA LA,Lon3r Johny X Plutonio,18,14,12
2023-11-18,18,Faz Um Vuk Vuk (Teto Espelhado),Kevin O Chris & DJ Nk Da Serra,17,4,14
2023-11-18,19,Water,Tyla,19,18,4
2023-11-18,20,Strangers,Kenya Grace,22,16,6
2023-11-18,21,LaLa,Myke Towers,20,9,14
2023-11-18,22,Colas,Dillaz,23,22,2
2023-11-18,23,Standing Next To You,Jung Kook,-,23,1
2023-11-18,24,Daqui Pra Sempre,Manu Bahtidao & Simone Mendes,-,24,1
2023-11-18,25,Maria Joana,"Nuno Ribeiro, Calema & Mariza",-,5,27
2023-11-25,1,Si No Estas,Inigo Quintero,1,1,8
2023-11-25,2,Carro,Barbara Bandeira Featuring Dillaz,2,2,4
2023-11-25,3,Dentro da Hilux,"Luan Pereira, MC Daniel & MC Ryan SP",3,2,10
2023-11-25,4,Greedy,Tate McRae,4,4,8
2023-11-25,5,Chamadas,Ivandro & Van Zee,8,2,7
2023-11-25,6,Monaco,Bad Bunny,5,5,5
2023-11-25,7,Baile do Bruxo,"Tropa do Bruxo, DJ Ws da Igrejinha, SMU, Triz & MC Menor Thalis",6,6,4
2023-11-25,8,Houdini,Dua Lipa,-,8,1
2023-11-25,9,Ta OK,"DENNIS E MC Kevin O Chris, Maluma & Karol G",7,1,25
2023-11-25,10,Pina Colada,Lon3r Johny X Plutonio,10,8,12
2023-11-25,11,Alma Nua,Van Zee,12,6,11
2023-11-25,12,Nosso Quadro,Ana Castela,9,1,37
2023-11-25,13,Chakras,Ivandro & Julinho KSD,11,1,29
2023-11-25,14,Lapada Dela,Menos E Mais & Matheus Fernandes,16,11,12
2023-11-25,15,Novo Balanco,VEIGH,13,3,26
2023-11-25,16,Tempo,Van Zee,15,2,10
2023-11-25,17,Faz Um Vuk Vuk (Teto Espelhado),Kevin O Chris & DJ Nk Da Serra,18,4,15
2023-11-25,18,UH LA LA LA,Lon3r Johny X Plutonio,17,14,13
2023-11-25,19,Water,Tyla,19,18,5
2023-11-25,20,Colas,Dillaz,22,20,3
2023-11-25,21,Strangers,Kenya Grace,20,16,7
2023-11-25,22,Let's Go 4,"DJ GBR, MC IG, MC Ryan SP, MC PH, MC Davi, MC Luki, MC Don Juan, MC Kadu, Traplaudo, MC GP & MC GH Do7",-,22,1
2023-11-25,23,LaLa,Myke Towers,21,9,15
2023-11-25,24,Nirvana,Lon3r Johny,14,14,2
2023-11-25,25,Daqui Pra Sempre,Manu Bahtidao & Simone Mendes,24,24,2
2023-12-02,1,Si No Estas,Inigo Quintero,1,1,9
2023-12-02,2,Carro,Barbara Bandeira Featuring Dillaz,2,2,5
2023-12-02,3,Dentro da Hilux,"Luan Pereira, MC Daniel & MC Ryan SP",3,2,11
2023-12-02,4,Greedy,Tate McRae,4,4,9
2023-12-02,5,Chamadas,Ivandro & Van Zee,5,2,8
2023-12-02,6,Water,Tyla,19,6,6
2023-12-02,7,Monaco,Bad Bunny,6,5,6
2023-12-02,8,Alma Nua,Van Zee,11,6,12
2023-12-02,9,Ta OK,"DENNIS E MC Kevin O Chris, Maluma & Karol G",9,1,26
2023-12-02,10,Baile do Bruxo,"Tropa do Bruxo, DJ Ws da Igrejinha, SMU, Triz & MC Menor Thalis",7,6,5
2023-12-02,11,Nosso Quadro,Ana Castela,12,1,38
2023-12-02,12,Chakras,Ivandro & Julinho KSD,13,1,30
2023-12-02,13,Novo Balanco,VEIGH,15,3,27
2023-12-02,14,Pina Colada,Lon3r Johny X Plutonio,10,8,13
2023-12-02,15,Tempo,Van Zee,16,2,11
2023-12-02,16,Lapada Dela,Menos E Mais & Matheus Fernandes,14,11,13
2023-12-02,17,Faz Um Vuk Vuk (Teto Espelhado),Kevin O Chris & DJ Nk Da Serra,17,4,16
2023-12-02,18,UH LA LA LA,Lon3r Johny X Plutonio,18,14,14
2023-12-02,19,Noite,Ivandro & Vitor Kley,-,19,1
2023-12-02,20,Colas,Dillaz,20,20,4
2023-12-02,21,Let's Go 4,"DJ GBR, MC IG, MC Ryan SP, MC PH, MC Davi, MC Luki, MC Don Juan, MC Kadu, Traplaudo, MC GP & MC GH Do7",22,21,2
2023-12-02,22,Amar de Cor,Van Zee,-,22,1
2023-12-02,23,Strangers,Kenya Grace,21,16,8
2023-12-02,24,Daqui Pra Sempre,Manu Bahtidao & Simone Mendes,25,24,3
2023-12-02,25,Cheiro de Mato,"MC Paiva ZS, Gabi Saiury, Kotim & DJ Neeh",-,25,1
2023-12-09,1,Tata,Slow J,-,1,1
2023-12-09,2,Si No Estas,Inigo Quintero,1,1,10
2023-12-09,3,Ultimamente,Slow J,-,3,1
2023-12-09,4,CorDaPele,Slow J,-,4,2
2023-12-09,5,Fogo,Slow J,-,5,1
2023-12-09,6,Carro,Barbara Bandeira Featuring Dillaz,2,2,6
2023-12-09,7,Origami,Slow J Featuring Gson,-,7,1
2023-12-09,8,Piramide,Slow J,-,8,1
2023-12-09,9,Where U @,Slow J,-,8,9
2023-12-09,10,Sem Ti,Slow J,-,10,2
2023-12-09,11,10 Carros,Chefin,-,11,1
2023-12-09,12,Nascidos & Criados,Slow J Featuring Teresa Salgueiro,-,12,1
2023-12-09,13,Terra,Slow J,-,13,1
2023-12-09,14,Reza,Slow J,-,14,1
2023-12-09,15,Sereia,Slow J,-,15,1
2023-12-09,16,Chamadas,Ivandro & Van Zee,5,2,9
2023-12-09,17,Dentro da Hilux,"Luan Pereira, MC Daniel & MC Ryan SP",3,2,12
2023-12-09,18,Seda,Slow J,-,18,1
2023-12-09,19,Greedy,Tate McRae,4,4,10
2023-12-09,20,Cabeca,Slow J,-,20,1
2023-12-09,21,Alma Nua,Van Zee,8,6,13
2023-12-09,22,Chakras,Ivandro & Julinho KSD,12,1,31
2023-12-09,23,Water,Tyla,6,6,7
2023-12-09,24,Nosso Quadro,Ana Castela,11,1,39
2023-12-09,25,Ta OK,"DENNIS E MC Kevin O Chris, Maluma & Karol G",9,1,27
2023-12-16,1,Tata,Slow J,1,1,2
2023-12-16,2,Si No Estas,Inigo Quintero,2,1,11
2023-12-16,3,Ultimamente,Slow J,3,3,2
2023-12-16,4,Carro,Barbara Bandeira Featuring Dillaz,6,2,7
2023-12-16,5,CorDaPele,Slow J,4,4,3
2023-12-16,6,Fogo,Slow J,5,5,2
2023-12-16,7,10 Carros,Chefin,11,7,2
2023-12-16,8,Where U @,Slow J,9,8,10
2023-12-16,9,Sem Ti,Slow J,10,9,3
2023-12-16,10,Piramide,Slow J,8,8,2
2023-12-16,11,All I Want For Christmas Is You,Mariah Carey,-,1,6
2023-12-16,12,Chamadas,Ivandro & Van Zee,16,2,10
2023-12-16,13,Origami,Slow J Featuring Gson,7,7,2
2023-12-16,14,Alma Nua,Van Zee,21,6,14
2023-12-16,15,Chakras,Ivandro & Julinho KSD,22,1,32
2023-12-16,16,Nascidos & Criados,Slow J Featuring Teresa Salgueiro,12,12,2
2023-12-16,17,Dentro da Hilux,"Luan Pereira, MC Daniel & MC Ryan SP",17,2,13
2023-12-16,18,Sereia,Slow J,15,15,2
2023-12-16,19,Nosso Quadro,Ana Castela,24,1,40
2023-12-16,20,Novo Balanco,VEIGH,-,3,28
2023-12-16,21,Amar de Cor,Van Zee,-,21,2
2023-12-16,22,Greedy,Tate McRae,19,4,11
2023-12-16,23,Ta OK,"DENNIS E MC Kevin O Chris, Maluma & Karol G",25,1,28
2023-12-16,24,Last Christmas,Wham!,-,4,4
2023-12-16,25,Sol,Van Zee,-,25,1
2023-12-23,1,Tata,Slow J,1,1,3
2023-12-23,2,Si No Estas,Inigo Quintero,2,1,12
2023-12-23,3,10 Carros,Chefin,7,3,3
2023-12-23,4,Carro,Barbara Bandeira Featuring Dillaz,4,2,8
2023-12-23,5,Ultimamente,Slow J,3,3,3
2023-12-23,6,Fogo,Slow J,6,5,3
2023-12-23,7,CorDaPele,Slow J,5,4,4
2023-12-23,8,Sem Ti,Slow J,9,8,4
2023-12-23,9,Where U @,Slow J,8,8,11
2023-12-23,10,All I Want For Christmas Is You,Mariah Carey,11,1,7
2023-12-23,11,Greedy,Tate McRae,22,4,12
2023-12-23,12,Chamadas,Ivandro & Van Zee,12,2,11
2023-12-23,13,Nosso Quadro,Ana Castela,19,1,41
2023-12-23,14,Dentro da Hilux,"Luan Pereira, MC Daniel & MC Ryan SP",17,2,14
2023-12-23,15,Chakras,Ivandro & Julinho KSD,15,1,33
2023-12-23,16,Piramide,Slow J,10,8,3
2023-12-23,17,Novo Balanco,VEIGH,20,3,29
2023-12-23,18,Alma Nua,Van Zee,14,6,15
2023-12-23,19,Ta OK,"DENNIS E MC Kevin O Chris, Maluma & Karol G",23,1,29
2023-12-23,20,Last Christmas,Wham!,24,4,5
2023-12-23,21,Water,Tyla,-,6,8
2023-12-23,22,Origami,Slow J Featuring Gson,13,7,3
2023-12-23,23,Sereia,Slow J,18,15,3
2023-12-23,24,Nascidos & Criados,Slow J Featuring Teresa Salgueiro,16,12,3
2023-12-23,25,Baile do Bruxo,"Tropa do Bruxo, DJ Ws da Igrejinha, SMU, Triz & MC Menor Thalis",-,6,6
2023-12-30,1,Tata,Slow J,1,1,4
2023-12-30,2,Si No Estas,Inigo Quintero,2,1,13
2023-12-30,3,10 Carros,Chefin,3,3,4
2023-12-30,4,Carro,Barbara Bandeira Featuring Dillaz,4,2,9
2023-12-30,5,Fogo,Slow J,6,5,4
2023-12-30,6,All I Want For Christmas Is You,Mariah Carey,10,1,8
2023-12-30,7,Ultimamente,Slow J,5,3,4
2023-12-30,8,CorDaPele,Slow J,7,4,5
2023-12-30,9,Last Christmas,Wham!,20,4,6
2023-12-30,10,Dentro da Hilux,"Luan Pereira, MC Daniel & MC Ryan SP",14,2,15
2023-12-30,11,Where U @,Slow J,9,8,12
2023-12-30,12,Sem Ti,Slow J,8,8,5
2023-12-30,13,Nosso Quadro,Ana Castela,13,1,42
2023-12-30,14,Novo Balanco,VEIGH,17,3,30
2023-12-30,15,Greedy,Tate McRae,11,4,13
2023-12-30,16,Chakras,Ivandro & Julinho KSD,15,1,34
2023-12-30,17,Chamadas,Ivandro & Van Zee,12,2,12
2023-12-30,18,Ta OK,"DENNIS E MC Kevin O Chris, Maluma & Karol G",19,1,30
2023-12-30,19,Alma Nua,Van Zee,18,6,16
2023-12-30,20,Rockin' Around The Christmas Tree,Brenda Lee,-,3,3
2023-12-30,21,Water,Tyla,21,6,9
2023-12-30,22,Piramide,Slow J,16,8,4
2023-12-30,23,Baile do Bruxo,"Tropa do Bruxo, DJ Ws da Igrejinha, SMU, Triz & MC Menor Thalis",25,6,7
2023-12-30,24,Let's Go 4,"DJ GBR, MC IG, MC Ryan SP, MC PH, MC Davi, MC Luki, MC Don Juan, MC Kadu, Traplaudo, MC GP & MC GH Do7",-,21,3
2023-12-30,25,Lapada Dela,Menos E Mais & Matheus Fernandes,-,11,14
2024-01-06,1,All I Want For Christmas Is You,Mariah Carey,6,1,9
2024-01-06,2,Last Christmas,Wham!,9,2,7
2024-01-06,3,Tata,Slow J,1,1,5
2024-01-06,4,Rockin' Around The Christmas Tree,Brenda Lee,20,3,4
2024-01-06,5,Si No Estas,Inigo Quintero,2,1,14
2024-01-06,6,Jingle Bell Rock,Bobby Helms,-,6,3
2024-01-06,7,Let It Snow! Let It Snow! Let It Snow!,Dean Martin,-,7,2
2024-01-06,8,It's Beginning To Look A Lot Like Christmas,Michael Buble,-,8,2
2024-01-06,9,Santa Tell Me,Ariana Grande,-,9,2
2024-01-06,10,10 Carros,Chefin,3,3,5
2024-01-06,11,Carro,Barbara Bandeira Featuring Dillaz,4,2,10
2024-01-06,12,Feliz Navidad,Jose Feliciano,-,12,2
2024-01-06,13,Holly Jolly Christmas,Michael Buble,-,13,2
2024-01-06,14,Underneath The Tree,Kelly Clarkson,-,14,2
2024-01-06,15,It's The Most Wonderful Time Of The Year,Andy Williams,-,15,2
2024-01-06,16,Snowman,Sia,-,16,2
2024-01-06,17,Fogo,Slow J,5,5,5
2024-01-06,18,Nosso Quadro,Ana Castela,13,1,43
2024-01-06,19,CorDaPele,Slow J,8,4,6
2024-01-06,20,Dentro da Hilux,"Luan Pereira, MC Daniel & MC Ryan SP",10,2,16
2024-01-06,21,Ultimamente,Slow J,7,3,5
2024-01-06,22,Sleigh Ride,The Ronettes,-,22,1
2024-01-06,23,Ta OK,"DENNIS E MC Kevin O Chris, Maluma & Karol G",18,1,31
2024-01-06,24,Poc Poc,PEDRO SAMPAIO,-,24,1
2024-01-06,25,Greedy,Tate McRae,15,4,14
2024-01-13,1,Tata,Slow J,3,1,6
2024-01-13,2,Si No Estas,Inigo Quintero,5,1,15
2024-01-13,3,10 Carros,Chefin,10,3,6
2024-01-13,4,Carro,Barbara Bandeira Featuring Dillaz,11,2,11
2024-01-13,5,Dentro da Hilux,"Luan Pereira, MC Daniel & MC Ryan SP",20,2,17
2024-01-13,6,Nosso Quadro,Ana Castela,18,1,44
2024-01-13,7,Poc Poc,PEDRO SAMPAIO,24,7,2
2024-01-13,8,Ta OK,"DENNIS E MC Kevin O Chris, Maluma & Karol G",23,1,32
2024-01-13,9,Maria Mariah,"Silva MC, DJ F7, JC no Beat & MC Meno Dani",-,9,1
2024-01-13,10,Fogo,Slow J,17,5,6
2024-01-13,11,Greedy,Tate McRae,25,4,15
2024-01-13,12,Let's Go 4,"DJ GBR, MC IG, MC Ryan SP, MC PH, MC Davi, MC Luki, MC Don Juan, MC Kadu, Traplaudo, MC GP & MC GH Do7",-,12,4
2024-01-13,13,CorDaPele,Slow J,19,4,7
2024-01-13,14,Chakras,Ivandro & Julinho KSD,-,1,35
2024-01-13,15,Novo Balanco,VEIGH,-,3,31
2024-01-13,16,Water,Tyla,-,6,10
2024-01-13,17,Lapada Dela,Menos E Mais & Matheus Fernandes,-,11,15
2024-01-13,18,Ultimamente,Slow J,21,3,6
2024-01-13,19,Tenho Que Me Decidir,"MC PH, Borges, WIU, Pedro Lotto & WEY",-,19,1
2024-01-13,20,Faz Um Vuk Vuk (Teto Espelhado),Kevin O Chris & DJ Nk Da Serra,-,4,17
2024-01-13,21,Baile do Bruxo,"Tropa do Bruxo, DJ Ws da Igrejinha, SMU, Triz & MC Menor Thalis",-,6,8
2024-01-13,22,Where U @,Slow J,-,8,13
2024-01-13,23,Alma Nua,Van Zee,-,6,17
2024-01-13,24,Bellakeo,Peso Pluma & Anitta,-,24,1
2024-01-13,25,Chamadas,Ivandro & Van Zee,-,2,13
2024-01-20,1,Tata,Slow J,1,1,7
2024-01-20,2,Si No Estas,Inigo Quintero,2,1,16
2024-01-20,3,Carro,Barbara Bandeira Featuring Dillaz,4,2,12
2024-01-20,4,Maria Mariah,"Silva MC, DJ F7, JC no Beat & MC Meno Dani",9,4,2
2024-01-20,5,10 Carros,Chefin,3,3,7
2024-01-20,6,Poc Poc,PEDRO SAMPAIO,7,6,3
2024-01-20,7,Tenho Que Me Decidir,"MC PH, Borges, WIU, Pedro Lotto & WEY",19,7,2
2024-01-20,8,Greedy,Tate McRae,11,4,16
2024-01-20,9,Fogo,Slow J,10,5,7
2024-01-20,10,Novo Balanco,VEIGH,15,3,32
2024-01-20,11,Let's Go 4,"DJ GBR, MC IG, MC Ryan SP, MC PH, MC Davi, MC Luki, MC Don Juan, MC Kadu, Traplaudo, MC GP & MC GH Do7",12,11,5
2024-01-20,12,CorDaPele,Slow J,13,4,8
2024-01-20,13,Water,Tyla,16,6,11
2024-01-20,14,Nosso Quadro,Ana Castela,6,1,45
2024-01-20,15,Ta OK,"DENNIS E MC Kevin O Chris, Maluma & Karol G",8,1,33
2024-01-20,16,Dentro da Hilux,"Luan Pereira, MC Daniel & MC Ryan SP",5,2,18
2024-01-20,17,Ultimamente,Slow J,18,3,7
2024-01-20,18,Alma Nua,Van Zee,23,6,18
2024-01-20,19,Chamadas,Ivandro & Van Zee,25,2,14
2024-01-20,20,Chakras,Ivandro & Julinho KSD,14,1,36
2024-01-20,21,Where U @,Slow J,22,8,14
2024-01-20,22,Lapada Dela,Menos E Mais & Matheus Fernandes,17,11,16
2024-01-20,23,Sem Ti,Slow J,-,8,6
2024-01-20,24,Bellakeo,Peso Pluma & Anitta,24,24,2
2024-01-20,25,Poesia Acustica 15,"MC Poze do Rodo, Luiz Lins, MC Hariel, Azzy, JayA Luuck, Oruam, Slipmami, MC Cabelinho & Chifein",-,25,1
2024-01-27,1,Tata,Slow J,1,1,8
2024-01-27,2,"Yes, And?",Ariana Grande,-,2,1
2024-01-27,3,Si No Estas,Inigo Quintero,2,1,17
2024-01-27,4,Carro,Barbara Bandeira Featuring Dillaz,3,2,13
2024-01-27,5,Poc Poc,PEDRO SAMPAIO,6,5,4
2024-01-27,6,10 Carros,Chefin,5,3,8
2024-01-27,7,Tenho Que Me Decidir,"MC PH, Borges, WIU, Pedro Lotto & WEY",7,7,3
2024-01-27,8,Greedy,Tate McRae,8,4,17
2024-01-27,9,Redrum,21 Savage,-,9,1
2024-01-27,10,Fogo,Slow J,9,5,8
2024-01-27,11,Let's Go 4,"DJ GBR, MC IG, MC Ryan SP, MC PH, MC Davi, MC Luki, MC Don Juan, MC Kadu, Traplaudo, MC GP & MC GH Do7",11,11,6
2024-01-27,12,CorDaPele,Slow J,12,4,9
2024-01-27,13,Novo Balanco,VEIGH,10,3,33
2024-01-27,14,Water,Tyla,13,6,12
2024-01-27,15,Lose Control,Teddy Swims,-,15,1
2024-01-27,16,Ta OK,"DENNIS E MC Kevin O Chris, Maluma & Karol G",15,1,34
2024-01-27,17,Chamadas,Ivandro & Van Zee,19,2,15
2024-01-27,18,Nosso Quadro,Ana Castela,14,1,46
2024-01-27,19,Alma Nua,Van Zee,18,6,19
2024-01-27,20,Lapada Dela,Menos E Mais & Matheus Fernandes,22,11,17
2024-01-27,21,Baile do Bruxo,"Tropa do Bruxo, DJ Ws da Igrejinha, SMU, Triz & MC Menor Thalis",-,6,9
2024-01-27,22,Chakras,Ivandro & Julinho KSD,20,1,37
2024-01-27,23,Unwritten,Natasha Bedingfield,-,23,1
2024-01-27,24,Dentro da Hilux,"Luan Pereira, MC Daniel & MC Ryan SP",16,2,19
2024-01-27,25,Ultimamente,Slow J,17,3,8
2024-02-03,1,Tata,Slow J,1,1,9
2024-02-03,2,Si No Estas,Inigo Quintero,3,1,18
2024-02-03,3,Poc Poc,PEDRO SAMPAIO,5,3,5
2024-02-03,4,Carro,Barbara Bandeira Featuring Dillaz,4,2,14
2024-02-03,5,10 Carros,Chefin,6,3,9
2024-02-03,6,"Yes, And?",Ariana Grande,2,2,2
2024-02-03,7,Tenho Que Me Decidir,"MC PH, Borges, WIU, Pedro Lotto & WEY",7,7,4
2024-02-03,8,Lose Control,Teddy Swims,15,8,2
2024-02-03,9,Redrum,21 Savage,9,9,2
2024-02-03,10,Greedy,Tate McRae,8,4,18
2024-02-03,11,Let's Go 4,"DJ GBR, MC IG, MC Ryan SP, MC PH, MC Davi, MC Luki, MC Don Juan, MC Kadu, Traplaudo, MC GP & MC GH Do7",11,11,7
2024-02-03,12,Fogo,Slow J,10,5,9
2024-02-03,13,Ta OK,"DENNIS E MC Kevin O Chris, Maluma & Karol G",16,1,35
2024-02-03,14,Unwritten,Natasha Bedingfield,23,14,2
2024-02-03,15,Water,Tyla,14,6,13
2024-02-03,16,Dentro da Hilux,"Luan Pereira, MC Daniel & MC Ryan SP",24,2,20
2024-02-03,17,CorDaPele,Slow J,12,4,10
2024-02-03,18,Lapada Dela,Menos E Mais & Matheus Fernandes,20,11,18
2024-02-03,19,Faz Um Vuk Vuk (Teto Espelhado),Kevin O Chris & DJ Nk Da Serra,-,4,18
2024-02-03,20,Nosso Quadro,Ana Castela,18,1,47
2024-02-03,21,Novo Balanco,VEIGH,13,3,34
2024-02-03,22,Chamadas,Ivandro & Van Zee,17,2,16
2024-02-03,23,Chakras,Ivandro & Julinho KSD,22,1,38
2024-02-03,24,Baile do Bruxo,"Tropa do Bruxo, DJ Ws da Igrejinha, SMU, Triz & MC Menor Thalis",21,6,10
2024-02-03,25,Alma Nua,Van Zee,19,6,20
2024-02-10,1,Tata,Slow J,1,1,10
2024-02-10,2,Poc Poc,PEDRO SAMPAIO,3,2,6
2024-02-10,3,Si No Estas,Inigo Quintero,2,1,19
2024-02-10,4,Carro,Barbara Bandeira Featuring Dillaz,4,2,15
2024-02-10,5,Lose Control,Teddy Swims,8,5,3
2024-02-10,6,Tenho Que Me Decidir,"MC PH, Borges, WIU, Pedro Lotto & WEY",7,6,5
2024-02-10,7,10 Carros,Chefin,5,3,10
2024-02-10,8,Unwritten,Natasha Bedingfield,14,8,3
2024-02-10,9,Greedy,Tate McRae,10,4,19
2024-02-10,10,Ta OK,"DENNIS E MC Kevin O Chris, Maluma & Karol G",13,1,36
2024-02-10,11,Let's Go 4,"DJ GBR, MC IG, MC Ryan SP, MC PH, MC Davi, MC Luki, MC Don Juan, MC Kadu, Traplaudo, MC GP & MC GH Do7",11,11,8
2024-02-10,12,Dentro da Hilux,"Luan Pereira, MC Daniel & MC Ryan SP",16,2,21
2024-02-10,13,Redrum,21 Savage,9,9,3
2024-02-10,14,Fogo,Slow J,12,5,10
2024-02-10,15,Water,Tyla,15,6,14
2024-02-10,16,Popular,"The Weeknd , Playboi Carti & Madonna",-,16,1
2024-02-10,17,Lapada Dela,Menos E Mais & Matheus Fernandes,18,11,19
2024-02-10,18,Nosso Quadro,Ana Castela,20,1,48
2024-02-10,19,CorDaPele,Slow J,17,4,11
2024-02-10,20,"Yes, And?",Ariana Grande,6,2,3
2024-02-10,21,Novo Balanco,VEIGH,21,3,35
2024-02-10,22,Faz Um Vuk Vuk (Teto Espelhado),Kevin O Chris & DJ Nk Da Serra,19,4,19
2024-02-10,23,Chakras,Ivandro & Julinho KSD,23,1,39
2024-02-10,24,Chamadas,Ivandro & Van Zee,22,2,17
2024-02-10,25,Alma Nua,Van Zee,25,6,21
2024-02-17,1,Tata,Slow J,1,1,11
2024-02-17,2,Poc Poc,PEDRO SAMPAIO,2,2,7
2024-02-17,3,Si No Estas,Inigo Quintero,3,1,20
2024-02-17,4,Carro,Barbara Bandeira Featuring Dillaz,4,2,16
2024-02-17,5,Lose Control,Teddy Swims,5,5,4
2024-02-17,6,Praise Jah In The Moonlight,YG Marley,-,6,1
2024-02-17,7,Hello,Dillaz,-,7,1
2024-02-17,8,Unwritten,Natasha Bedingfield,8,8,4
2024-02-17,9,Tenho Que Me Decidir,"MC PH, Borges, WIU, Pedro Lotto & WEY",6,6,6
2024-02-17,10,Greedy,Tate McRae,9,4,20
2024-02-17,11,10 Carros,Chefin,7,3,11
2024-02-17,12,Zumzumzum,Teto,-,12,1
2024-02-17,13,Ta OK,"DENNIS E MC Kevin O Chris, Maluma & Karol G",10,1,37
2024-02-17,14,Let's Go 4,"DJ GBR, MC IG, MC Ryan SP, MC PH, MC Davi, MC Luki, MC Don Juan, MC Kadu, Traplaudo, MC GP & MC GH Do7",11,11,9
2024-02-17,15,Fogo,Slow J,14,5,11
2024-02-17,16,Redrum,21 Savage,13,9,4
2024-02-17,17,Water,Tyla,15,6,15
2024-02-17,18,Lapada Dela,Menos E Mais & Matheus Fernandes,17,11,20
2024-02-17,19,Faz Um Vuk Vuk (Teto Espelhado),Kevin O Chris & DJ Nk Da Serra,22,4,20
2024-02-17,20,Nosso Quadro,Ana Castela,18,1,49
2024-02-17,21,Dentro da Hilux,"Luan Pereira, MC Daniel & MC Ryan SP",12,2,22
2024-02-17,22,CorDaPele,Slow J,19,4,12
2024-02-17,23,Novo Balanco,VEIGH,21,3,36
2024-02-17,24,Loucura,"Borges, Veigh & MC Cabelinho",-,24,1
2024-02-17,25,Chakras,Ivandro & Julinho KSD,23,1,40
2024-02-24,1,Poc Poc,PEDRO SAMPAIO,2,1,8
2024-02-24,2,Tata,Slow J,1,1,12
2024-02-24,3,Macetando,Ivete Sangalo & Ludmilla,-,3,1
2024-02-24,4,Si No Estas,Inigo Quintero,3,1,21
2024-02-24,5,Praise Jah In The Moonlight,YG Marley,6,5,2
2024-02-24,6,Carro,Barbara Bandeira Featuring Dillaz,4,2,17
2024-02-24,7,Lose Control,Teddy Swims,5,5,5
2024-02-24,8,Unwritten,Natasha Bedingfield,8,8,5
2024-02-24,9,Tenho Que Me Decidir,"MC PH, Borges, WIU, Pedro Lotto & WEY",9,6,7
2024-02-24,10,Ta OK,"DENNIS E MC Kevin O Chris, Maluma & Karol G",13,1,38
2024-02-24,11,Greedy,Tate McRae,10,4,21
2024-02-24,12,Faz Um Vuk Vuk (Teto Espelhado),Kevin O Chris & DJ Nk Da Serra,19,4,21
2024-02-24,13,Lapada Dela,Menos E Mais & Matheus Fernandes,18,11,21
2024-02-24,14,Carnival,¥$: Ye & Ty Dolla $ign Featuring Rich The Kid & Playboi Carti,-,14,1
2024-02-24,15,Baby Eu Tava Na Rua Da Agua,"Rj, DJ MK de Nitteroi, TR E MC Menor RV",-,15,1
2024-02-24,16,Let's Go 4,"DJ GBR, MC IG, MC Ryan SP, MC PH, MC Davi, MC Luki, MC Don Juan, MC Kadu, Traplaudo, MC GP & MC GH Do7",14,11,10
2024-02-24,17,10 Carros,Chefin,11,3,12
2024-02-24,18,Dentro da Hilux,"Luan Pereira, MC Daniel & MC Ryan SP",21,2,23
2024-02-24,19,Beautiful Things,Benson Boone,-,19,1
2024-02-24,20,Water,Tyla,17,6,16
2024-02-24,21,Chakras,Ivandro & Julinho KSD,25,1,41
2024-02-24,22,Baile do Bruxo,"Tropa do Bruxo, DJ Ws da Igrejinha, SMU, Triz & MC Menor Thalis",-,6,11
2024-02-24,23,Tipo Hollywood,"MC Ws da Leste, MC Chothie E DJ Chadin Do C",-,23,1
2024-02-24,24,Redrum,21 Savage,16,9,5
2024-02-24,25,Fogo,Slow J,15,5,12
2024-03-02,1,Alo,Dillaz Featuring Plutonio,-,1,1
2024-03-02,2,Nota 100,Dillaz Featuring Julinho KSD,-,2,1
2024-03-02,3,Cantona,Dillaz,-,3,1
2024-03-02,4,Poc Poc,PEDRO SAMPAIO,1,1,9
2024-03-02,5,Tata,Slow J,2,1,13
2024-03-02,6,Gangsta,Dillaz,-,6,1
2024-03-02,7,Habibi,Dillaz,-,7,1
2024-03-02,8,O Proprio,Dillaz,-,8,1
2024-03-02,9,Hello,Dillaz,-,7,2
2024-03-02,10,Agiota,Dillaz,-,10,1
2024-03-02,11,Colas,Dillaz,-,11,5
2024-03-02,12,Cinha,Dillaz,-,12,1
2024-03-02,13,Vivo,Dillaz,-,13,1
2024-03-02,14,Direcao Paris,Dillaz,-,14,1
2024-03-02,15,Praise Jah In The Moonlight,YG Marley,5,5,3
2024-03-02,16,Qualquer-Feira,Dillaz Featuring Zeca & Tiwi,-,16,1
2024-03-02,17,Hennessy,Dillaz,-,17,1
2024-03-02,18,Pe No Mar,Dillaz,-,18,1
2024-03-02,19,Carro,Barbara Bandeira Featuring Dillaz,6,2,18
2024-03-02,20,Si No Estas,Inigo Quintero,4,1,22
2024-03-02,21,Lose Control,Teddy Swims,7,5,6
2024-03-02,22,Training Season,Dua Lipa,-,22,1
2024-03-02,23,Beautiful Things,Benson Boone,19,19,2
2024-03-02,24,Unwritten,Natasha Bedingfield,8,8,6
2024-03-02,25,Macetando,Ivete Sangalo & Ludmilla,3,3,2
2024-03-09,1,Alo,Dillaz Featuring Plutonio,1,1,2
2024-03-09,2,Nota 100,Dillaz Featuring Julinho KSD,2,2,2
2024-03-09,3,Habibi,Dillaz,7,3,2
2024-03-09,4,Tata,Slow J,5,1,14
2024-03-09,5,Poc Poc,PEDRO SAMPAIO,4,1,10
2024-03-09,6,Cantona,Dillaz,3,3,2
2024-03-09,7,Lose Control,Teddy Swims,21,5,7
2024-03-09,8,Beautiful Things,Benson Boone,23,8,3
2024-03-09,9,Praise Jah In The Moonlight,YG Marley,15,5,4
2024-03-09,10,Carro,Barbara Bandeira Featuring Dillaz,19,2,19
2024-03-09,11,Si No Estas,Inigo Quintero,20,1,23
2024-03-09,12,Colas,Dillaz,11,11,6
2024-03-09,13,Hello,Dillaz,9,7,3
2024-03-09,14,Direcao Paris,Dillaz,14,14,2
2024-03-09,15,Gangsta,Dillaz,6,6,2
2024-03-09,16,Unwritten,Natasha Bedingfield,24,8,7
2024-03-09,17,O Proprio,Dillaz,8,8,2
2024-03-09,18,Hennessy,Dillaz,17,17,2
2024-03-09,19,Tenho Que Me Decidir,"MC PH, Borges, WIU, Pedro Lotto & WEY",-,6,8
2024-03-09,20,Cinha,Dillaz,12,12,2
2024-03-09,21,Agiota,Dillaz,10,10,2
2024-03-09,22,Texas Hold 'Em,Beyonce,-,22,1
2024-03-09,23,Vivo,Dillaz,13,13,2
2024-03-09,24,Greedy,Tate McRae,-,4,22
2024-03-09,25,Baby Eu Tava Na Rua Da Agua,"Rj, DJ MK de Nitteroi, TR E MC Menor RV",-,15,2
2024-03-16,1,Habibi,Dillaz,3,1,3
2024-03-16,2,Alo,Dillaz Featuring Plutonio,1,1,3
2024-03-16,3,Tata,Slow J,4,1,15
2024-03-16,4,Nota 100,Dillaz Featuring Julinho KSD,2,2,3
2024-03-16,5,Poc Poc,PEDRO SAMPAIO,5,1,11
2024-03-16,6,Qual E O Seu Desejo?,Tz da Coronel Featuring Ryu The Runner,-,6,1
2024-03-16,7,Lose Control,Teddy Swims,7,5,8
2024-03-16,8,Beautiful Things,Benson Boone,8,8,4
2024-03-16,9,Cantona,Dillaz,6,3,3
2024-03-16,10,Bencao,Mizzy Miles Featuring Van Zee & Bispo,-,10,1
2024-03-16,11,Carro,Barbara Bandeira Featuring Dillaz,10,2,20
2024-03-16,12,Si No Estas,Inigo Quintero,11,1,24
2024-03-16,13,Colas,Dillaz,12,11,7
2024-03-16,14,Praise Jah In The Moonlight,YG Marley,9,5,5
2024-03-16,15,Fogo,Slow J,-,5,13
2024-03-16,16,Direcao Paris,Dillaz,14,14,3
2024-03-16,17,Unwritten,Natasha Bedingfield,16,8,8
2024-03-16,18,Greedy,Tate McRae,24,4,23
2024-03-16,19,CorDaPele,Slow J,-,4,13
2024-03-16,20,Hello,Dillaz,13,7,4
2024-03-16,21,Gangsta,Dillaz,15,6,3
2024-03-16,22,Tenho Que Me Decidir,"MC PH, Borges, WIU, Pedro Lotto & WEY",19,6,9
2024-03-16,23,Carnival,¥$: Ye & Ty Dolla $ign Featuring Rich The Kid & Playboi Carti,-,14,2
2024-03-16,24,O Proprio,Dillaz,17,8,3
2024-03-16,25,End Of Beginning,Djo,-,25,1
2024-03-23,1,Habibi,Dillaz,1,1,4
2024-03-23,2,Tata,Slow J,3,1,16
2024-03-23,3,Alo,Dillaz Featuring Plutonio,2,1,4
2024-03-23,4,Qual E O Seu Desejo?,Tz da Coronel Featuring Ryu The Runner,6,4,2
2024-03-23,5,Nota 100,Dillaz Featuring Julinho KSD,4,2,4
2024-03-23,6,Beautiful Things,Benson Boone,8,6,5
2024-03-23,7,Poc Poc,PEDRO SAMPAIO,5,1,12
2024-03-23,8,We Can't Be Friends (Wait For Your Love),Ariana Grande,-,8,1
2024-03-23,9,Lose Control,Teddy Swims,7,5,9
2024-03-23,10,Fogo,Slow J,15,5,14
2024-03-23,11,Si No Estas,Inigo Quintero,12,1,25
2024-03-23,12,Carro,Barbara Bandeira Featuring Dillaz,11,2,21
2024-03-23,13,Cantona,Dillaz,9,3,4
2024-03-23,14,CorDaPele,Slow J,19,4,14
2024-03-23,15,End Of Beginning,Djo,25,15,2
2024-03-23,16,Bencao,Mizzy Miles Featuring Van Zee & Bispo,10,10,2
2024-03-23,17,Greedy,Tate McRae,18,4,24
2024-03-23,18,Colas,Dillaz,13,11,8
2024-03-23,19,Praise Jah In The Moonlight,YG Marley,14,5,6
2024-03-23,20,Ultimamente,Slow J,-,3,9
2024-03-23,21,"Yes, And?",Ariana Grande,-,2,4
2024-03-23,22,Sem Ti,Slow J,-,8,7
2024-03-23,23,Tenho Que Me Decidir,"MC PH, Borges, WIU, Pedro Lotto & WEY",22,6,10
2024-03-23,24,Unwritten,Natasha Bedingfield,17,8,9
2024-03-23,25,Bye,Ariana Grande,-,25,1
2024-03-30,1,Habibi,Dillaz,1,1,5
2024-03-30,2,Tata,Slow J,2,1,17
2024-03-30,3,Alo,Dillaz Featuring Plutonio,3,1,5
2024-03-30,4,Qual E O Seu Desejo?,Tz da Coronel Featuring Ryu The Runner,4,4,3
2024-03-30,5,Beautiful Things,Benson Boone,6,5,6
2024-03-30,6,Nota 100,Dillaz Featuring Julinho KSD,5,2,5
2024-03-30,7,Lose Control,Teddy Swims,9,5,10
2024-03-30,8,Poc Poc,PEDRO SAMPAIO,7,1,13
2024-03-30,9,We Can't Be Friends (Wait For Your Love),Ariana Grande,8,8,2
2024-03-30,10,End Of Beginning,Djo,15,10,3
2024-03-30,11,Bencao,Mizzy Miles Featuring Van Zee & Bispo,16,10,3
2024-03-30,12,Si No Estas,Inigo Quintero,11,1,26
2024-03-30,13,Carro,Barbara Bandeira Featuring Dillaz,12,2,22
2024-03-30,14,Colas,Dillaz,18,11,9
2024-03-30,15,Cantona,Dillaz,13,3,5
2024-03-30,16,Greedy,Tate McRae,17,4,25
2024-03-30,17,Fogo,Slow J,10,5,15
2024-03-30,18,Tenho Que Me Decidir,"MC PH, Borges, WIU, Pedro Lotto & WEY",23,6,11
2024-03-30,19,Praise Jah In The Moonlight,YG Marley,19,5,7
2024-03-30,20,CorDaPele,Slow J,14,4,15
2024-03-30,21,Alma Nua,Van Zee,-,6,22
2024-03-30,22,Baby Eu Tava Na Rua Da Agua,"Rj, DJ MK de Nitteroi, TR E MC Menor RV",-,15,3
2024-03-30,23,Unwritten,Natasha Bedingfield,24,8,10
2024-03-30,24,Carnival,¥$: Ye & Ty Dolla $ign Featuring Rich The Kid & Playboi Carti,-,14,3
2024-03-30,25,Water,Tyla,-,6,17
2024-04-06,1,Alo,Dillaz Featuring Plutonio,3,1,6
2024-04-06,2,Tata,Slow J,2,1,18
2024-04-06,3,Habibi,Dillaz,1,1,6
2024-04-06,4,Beautiful Things,Benson Boone,5,4,7
2024-04-06,5,Qual E O Seu Desejo?,Tz da Coronel Featuring Ryu The Runner,4,4,4
2024-04-06,6,Lose Control,Teddy Swims,7,5,11
2024-04-06,7,Poc Poc,PEDRO SAMPAIO,8,1,14
2024-04-06,8,Nota 100,Dillaz Featuring Julinho KSD,6,2,6
2024-04-06,9,End Of Beginning,Djo,10,9,4
2024-04-06,10,We Can't Be Friends (Wait For Your Love),Ariana Grande,9,8,3
2024-04-06,11,Bencao,Mizzy Miles Featuring Van Zee & Bispo,11,10,4
2024-04-06,12,Like That,"Future , Metro Boomin & Kendrick Lamar",-,12,1
2024-04-06,13,Si No Estas,Inigo Quintero,12,1,27
2024-04-06,14,Carro,Barbara Bandeira Featuring Dillaz,13,2,23
2024-04-06,15,Aquariano Nato,MC Saci Featuring mc pretchako,-,15,1
2024-04-06,16,Greedy,Tate McRae,16,4,26
2024-04-06,17,Water,Tyla,25,6,18
2024-04-06,18,Samba de Malandro,"MC Paulin da Capital, MC Piedro, MC Ryan SP, MC Daniel, DJ WN & DJ GM",-,18,1
2024-04-06,19,Tenho Que Me Decidir,"MC PH, Borges, WIU, Pedro Lotto & WEY",18,6,12
2024-04-06,20,Baby Eu Tava Na Rua Da Agua,"Rj, DJ MK de Nitteroi, TR E MC Menor RV",22,15,4
2024-04-06,21,Alma Nua,Van Zee,21,6,23
2024-04-06,22,Colas,Dillaz,14,11,10
2024-04-06,23,Diz Ai Qual E O Plano?,"MC IG, MC Luki, MC GP, MC Ryan SP, MC PH, MC Poze do Rodo, TrapLaudo, Oruam, MC GH Do 7 & MC Nego Micha",-,23,1
2024-04-06,24,Fogo,Slow J,17,5,16
2024-04-06,25,Cantona,Dillaz,15,3,6
2024-04-13,1,Beautiful Things,Benson Boone,4,1,8
2024-04-13,2,Alo,Dillaz Featuring Plutonio,1,1,7
2024-04-13,3,Qual E O Seu Desejo?,Tz da Coronel Featuring Ryu The Runner,5,3,5
2024-04-13,4,Habibi,Dillaz,3,1,7
2024-04-13,5,Tata,Slow J,2,1,19
2024-04-13,6,Lose Control,Teddy Swims,6,5,12
2024-04-13,7,Poc Poc,PEDRO SAMPAIO,7,1,15
2024-04-13,8,End Of Beginning,Djo,9,8,5
2024-04-13,9,Nota 100,Dillaz Featuring Julinho KSD,8,2,7
2024-04-13,10,Bencao,Mizzy Miles Featuring Van Zee & Bispo,11,10,5
2024-04-13,11,I Like The Way You Kiss Me,Artemas,-,11,1
2024-04-13,12,We Can't Be Friends (Wait For Your Love),Ariana Grande,10,8,4
2024-04-13,13,Samba de Malandro,"MC Paulin da Capital, MC Piedro, MC Ryan SP, MC Daniel, DJ WN & DJ GM",18,13,2
2024-04-13,14,Texas Hold 'Em,Beyonce,-,14,2
2024-04-13,15,Like That,"Future , Metro Boomin & Kendrick Lamar",12,12,2
2024-04-13,16,Si No Estas,Inigo Quintero,13,1,28
2024-04-13,17,Carro,Barbara Bandeira Featuring Dillaz,14,2,24
2024-04-13,18,Aquariano Nato,MC Saci Featuring mc pretchako,15,15,2
2024-04-13,19,Greedy,Tate McRae,16,4,27
2024-04-13,20,Diz Ai Qual E O Plano?,"MC IG, MC Luki, MC GP, MC Ryan SP, MC PH, MC Poze do Rodo, TrapLaudo, Oruam, MC GH Do 7 & MC Nego Micha",23,20,2
2024-04-13,21,Tenho Que Me Decidir,"MC PH, Borges, WIU, Pedro Lotto & WEY",19,6,13
2024-04-13,22,Colas,Dillaz,22,11,11
2024-04-13,23,Role Na Favela de Nave,"Oruam, Didi & DJ LC da Roca Featuring MC K9, MC Smith & Mainstreet",-,23,1
2024-04-13,24,Baby Eu Tava Na Rua Da Agua,"Rj, DJ MK de Nitteroi, TR E MC Menor RV",20,15,5
2024-04-13,25,Water,Tyla,17,6,19
2024-04-20,1,Bencao,Mizzy Miles Featuring Van Zee & Bispo,10,1,6
2024-04-20,2,Habibi,Dillaz,4,1,8
2024-04-20,3,Alo,Dillaz Featuring Plutonio,2,1,8
2024-04-20,4,Beautiful Things,Benson Boone,1,1,9
2024-04-20,5,Qual E O Seu Desejo?,Tz da Coronel Featuring Ryu The Runner,3,3,6
2024-04-20,6,Tata,Slow J,5,1,20
2024-04-20,7,Lose Control,Teddy Swims,6,5,13
2024-04-20,8,Poc Poc,PEDRO SAMPAIO,7,1,16
2024-04-20,9,Nota 100,Dillaz Featuring Julinho KSD,9,2,8
2024-04-20,10,Samba de Malandro,"MC Paulin da Capital, MC Piedro, MC Ryan SP, MC Daniel, DJ WN & DJ GM",13,10,3
2024-04-20,11,I Like The Way You Kiss Me,Artemas,11,11,2
2024-04-20,12,End Of Beginning,Djo,8,8,6
2024-04-20,13,Aquariano Nato,MC Saci Featuring mc pretchako,18,13,3
2024-04-20,14,Colas,Dillaz,22,11,12
2024-04-20,15,Too Sweet,Hozier,-,15,1
2024-04-20,16,Si No Estas,Inigo Quintero,16,1,29
2024-04-20,17,We Can't Be Friends (Wait For Your Love),Ariana Grande,12,8,5
2024-04-20,18,Carro,Barbara Bandeira Featuring Dillaz,17,2,25
2024-04-20,19,Greedy,Tate McRae,19,4,28
2024-04-20,20,Sem Ti,Slow J,-,8,8
2024-04-20,21,CorDaPele,Slow J,-,4,16
2024-04-20,22,Alma Nua,Van Zee,-,6,24
2024-04-20,23,Diz Ai Qual E O Plano?,"MC IG, MC Luki, MC GP, MC Ryan SP, MC PH, MC Poze do Rodo, TrapLaudo, Oruam, MC GH Do 7 & MC Nego Micha",20,20,3
2024-04-20,24,Role Na Favela de Nave,"Oruam, Didi & DJ LC da Roca Featuring MC K9, MC Smith & Mainstreet",23,23,2
2024-04-20,25,Water,Tyla,25,6,20
2024-04-27,1,Bencao,Mizzy Miles Featuring Van Zee & Bispo,1,1,7
2024-04-27,2,Alo,Dillaz Featuring Plutonio,3,1,9
2024-04-27,3,Habibi,Dillaz,2,1,9
2024-04-27,4,Tata,Slow J,6,1,21
2024-04-27,5,Beautiful Things,Benson Boone,4,1,10
2024-04-27,6,Qual E O Seu Desejo?,Tz da Coronel Featuring Ryu The Runner,5,3,7
2024-04-27,7,Poc Poc,PEDRO SAMPAIO,8,1,17
2024-04-27,8,I Like The Way You Kiss Me,Artemas,11,8,3
2024-04-27,9,Lose Control,Teddy Swims,7,5,14
2024-04-27,10,Samba de Malandro,"MC Paulin da Capital, MC Piedro, MC Ryan SP, MC Daniel, DJ WN & DJ GM",10,10,4
2024-04-27,11,Aquariano Nato,MC Saci Featuring mc pretchako,13,11,4
2024-04-27,12,Too Sweet,Hozier,15,12,2
2024-04-27,13,Nota 100,Dillaz Featuring Julinho KSD,9,2,9
2024-04-27,14,Gata Only,FloyyMenor X Cris Mj,-,14,1
2024-04-27,15,End Of Beginning,Djo,12,8,7
2024-04-27,16,Illusion,Dua Lipa,-,16,1
2024-04-27,17,A Internet E Toxica,"MC Saci, mc pretchako, DJ LC & DJ JOAO DA INESTAN",-,17,1
2024-04-27,18,Nao Vou Namorar,"MC Dudu, DJ Ws da Igrejinha, DJ JOAO PEREIRA, Sk, MC TH DA SERRA & DaLama",-,18,1
2024-04-27,19,Espresso,Sabrina Carpenter,-,19,1
2024-04-27,20,Si No Estas,Inigo Quintero,16,1,30
2024-04-27,21,Problemas de Um Milionario,WIU & Teto,-,21,1
2024-04-27,22,Carro,Barbara Bandeira Featuring Dillaz,18,2,26
2024-04-27,23,Colas,Dillaz,14,11,13
2024-04-27,24,Greedy,Tate McRae,19,4,29
2024-04-27,25,Role Na Favela de Nave,"Oruam, Didi & DJ LC da Roca Featuring MC K9, MC Smith & Mainstreet",24,23,3
2024-05-04,1,Bencao,Mizzy Miles Featuring Van Zee & Bispo,1,1,8
2024-05-04,2,Fortnight,Taylor Swift Featuring Post Malone,-,2,1
2024-05-04,3,Beautiful Things,Benson Boone,5,1,11
2024-05-04,4,Alo,Dillaz Featuring Plutonio,2,1,10
2024-05-04,5,Tata,Slow J,4,1,22
2024-05-04,6,Gata Only,FloyyMenor X Cris Mj,14,6,2
2024-05-04,7,Habibi,Dillaz,3,1,10
2024-05-04,8,Qual E O Seu Desejo?,Tz da Coronel Featuring Ryu The Runner,6,3,8
2024-05-04,9,I Like The Way You Kiss Me,Artemas,8,8,4
2024-05-04,10,"So Long, London",Taylor Swift,-,10,1
2024-05-04,11,Down Bad,Taylor Swift,-,11,1
2024-05-04,12,I Can Do It With A Broken Heart,Taylor Swift,-,12,1
2024-05-04,13,Poc Poc,PEDRO SAMPAIO,7,1,18
2024-05-04,14,My Boy Only Breaks His Favorite Toys,Taylor Swift,-,14,1
2024-05-04,15,Lose Control,Teddy Swims,9,5,15
2024-05-04,16,The Tortured Poets Department,Taylor Swift,-,16,1
2024-05-04,17,Samba de Malandro,"MC Paulin da Capital, MC Piedro, MC Ryan SP, MC Daniel, DJ WN & DJ GM",10,10,5
2024-05-04,18,Espresso,Sabrina Carpenter,19,18,2
2024-05-04,19,Nao Vou Namorar,"MC Dudu, DJ Ws da Igrejinha, DJ JOAO PEREIRA, Sk, MC TH DA SERRA & DaLama",18,18,2
2024-05-04,20,Florida!!!,Taylor Swift Featuring Florence + The Machine,-,20,1
2024-05-04,21,Who's Afraid Of Little Old Me?,Taylor Swift,-,21,1
2024-05-04,22,But Daddy I Love Him,Taylor Swift,-,22,1
2024-05-04,23,Too Sweet,Hozier,12,12,3
2024-05-04,24,Nota 100,Dillaz Featuring Julinho KSD,13,2,10
2024-05-04,25,Aquariano Nato,MC Saci Featuring mc pretchako,11,11,5
2024-05-11,1,Bencao,Mizzy Miles Featuring Van Zee & Bispo,1,1,9
2024-05-11,2,Espresso,Sabrina Carpenter,18,2,3
2024-05-11,3,Beautiful Things,Benson Boone,3,1,12
2024-05-11,4,Alo,Dillaz Featuring Plutonio,4,1,11
2024-05-11,5,jingle.tm (Remix),"PTM, LON3R JOHNY, Richie Campbell , Plutonio, ProfJam, Van Zee & Lhast",-,5,1
2024-05-11,6,Gata Only,FloyyMenor X Cris Mj,6,6,3
2024-05-11,7,Fortnight,Taylor Swift Featuring Post Malone,2,2,2
2024-05-11,8,Tata,Slow J,5,1,23
2024-05-11,9,Problemas de Um Milionario,WIU & Teto,-,9,2
2024-05-11,10,I Like The Way You Kiss Me,Artemas,9,8,5
2024-05-11,11,Nao Vou Namorar,"MC Dudu, DJ Ws da Igrejinha, DJ JOAO PEREIRA, Sk, MC TH DA SERRA & DaLama",19,11,3
2024-05-11,12,Qual E O Seu Desejo?,Tz da Coronel Featuring Ryu The Runner,8,3,9
2024-05-11,13,Lose Control,Teddy Swims,15,5,16
2024-05-11,14,Habibi,Dillaz,7,1,11
2024-05-11,15,Poc Poc,PEDRO SAMPAIO,13,1,19
2024-05-11,16,Samba de Malandro,"MC Paulin da Capital, MC Piedro, MC Ryan SP, MC Daniel, DJ WN & DJ GM",17,10,6
2024-05-11,17,Too Sweet,Hozier,23,12,4
2024-05-11,18,End Of Beginning,Djo,-,8,8
2024-05-11,19,Aquariano Nato,MC Saci Featuring mc pretchako,25,11,6
2024-05-11,20,Tropa Do Flamengo,Chefin,-,20,1
2024-05-11,21,I Can Do It With A Broken Heart,Taylor Swift,12,12,2
2024-05-11,22,Nota 100,Dillaz Featuring Julinho KSD,24,2,11
2024-05-11,23,Si No Estas,Inigo Quintero,-,1,31
2024-05-11,24,Pedro,"Jaxomy, Agatino Romero & Raffaella Carra",-,24,1
2024-05-11,25,Alma Nua,Van Zee,-,6,25
2024-05-18,1,Bencao,Mizzy Miles Featuring Van Zee & Bispo,1,1,10
2024-05-18,2,Espresso,Sabrina Carpenter,2,2,4
2024-05-18,3,Beautiful Things,Benson Boone,3,1,13
2024-05-18,4,Alo,Dillaz Featuring Plutonio,4,1,12
2024-05-18,5,Euphoria,Kendrick Lamar,-,5,1
2024-05-18,6,Tata,Slow J,8,1,24
2024-05-18,7,Gata Only,FloyyMenor X Cris Mj,6,6,4
2024-05-18,8,Not Like Us,Kendrick Lamar,-,8,1
2024-05-18,9,Nao Vou Namorar,"MC Dudu, DJ Ws da Igrejinha, DJ JOAO PEREIRA, Sk, MC TH DA SERRA & DaLama",11,9,4
2024-05-18,10,Lose Control,Teddy Swims,13,5,17
2024-05-18,11,Problemas de Um Milionario,WIU & Teto,9,9,3
2024-05-18,12,jingle.tm (Remix),"PTM, LON3R JOHNY, Richie Campbell , Plutonio, ProfJam, Van Zee & Lhast",5,5,2
2024-05-18,13,I Like The Way You Kiss Me,Artemas,10,8,6
2024-05-18,14,Too Sweet,Hozier,17,12,5
2024-05-18,15,Habibi,Dillaz,14,1,12
2024-05-18,16,Samba de Malandro,"MC Paulin da Capital, MC Piedro, MC Ryan SP, MC Daniel, DJ WN & DJ GM",16,10,7
2024-05-18,17,Fortnight,Taylor Swift Featuring Post Malone,7,2,3
2024-05-18,18,Qual E O Seu Desejo?,Tz da Coronel Featuring Ryu The Runner,12,3,10
2024-05-18,19,Poc Poc,PEDRO SAMPAIO,15,1,20
2024-05-18,20,Confissoes Pt2,"Veigh, Nagalli & KayBlack",-,20,1
2024-05-18,21,End Of Beginning,Djo,18,8,9
2024-05-18,22,Nota 100,Dillaz Featuring Julinho KSD,22,2,12
2024-05-18,23,Alma Nua,Van Zee,25,6,26
2024-05-18,24,Aquariano Nato,MC Saci Featuring mc pretchako,19,11,7
2024-05-18,25,Filho da Noite,Matue & MC Ryan SP,-,25,1
2024-05-25,1,Bencao,Mizzy Miles Featuring Van Zee & Bispo,1,1,11
2024-05-25,2,Not Like Us,Kendrick Lamar,8,2,2
2024-05-25,3,Beautiful Things,Benson Boone,3,1,14
2024-05-25,4,Gata Only,FloyyMenor X Cris Mj,7,4,5
2024-05-25,5,Espresso,Sabrina Carpenter,2,2,5
2024-05-25,6,Alo,Dillaz Featuring Plutonio,4,1,13
2024-05-25,7,Million Dollar Baby,Tommy Richman,-,7,1
2024-05-25,8,Tata,Slow J,6,1,25
2024-05-25,9,Nao Vou Namorar,"MC Dudu, DJ Ws da Igrejinha, DJ JOAO PEREIRA, Sk, MC TH DA SERRA & DaLama",9,9,5
2024-05-25,10,Lose Control,Teddy Swims,10,5,18
2024-05-25,11,jingle.tm (Remix),"PTM, LON3R JOHNY, Richie Campbell , Plutonio, ProfJam, Van Zee & Lhast",12,5,3
2024-05-25,12,Too Sweet,Hozier,14,12,6
2024-05-25,13,Problemas de Um Milionario,WIU & Teto,11,9,4
2024-05-25,14,Habibi,Dillaz,15,1,13
2024-05-25,15,Fortnight,Taylor Swift Featuring Post Malone,17,2,4
2024-05-25,16,I Like The Way You Kiss Me,Artemas,13,8,7
2024-05-25,17,Samba de Malandro,"MC Paulin da Capital, MC Piedro, MC Ryan SP, MC Daniel, DJ WN & DJ GM",16,10,8
2024-05-25,18,Qual E O Seu Desejo?,Tz da Coronel Featuring Ryu The Runner,18,3,11
2024-05-25,19,Poc Poc,PEDRO SAMPAIO,19,1,21
2024-05-25,20,Confissoes Pt2,"Veigh, Nagalli & KayBlack",20,20,2
2024-05-25,21,Euphoria,Kendrick Lamar,5,5,2
2024-05-25,22,Alma Nua,Van Zee,23,6,27
2024-05-25,23,End Of Beginning,Djo,21,8,10
2024-05-25,24,Nota 100,Dillaz Featuring Julinho KSD,22,2,13
2024-05-25,25,Nois E Nois,VEIGH,-,25,1
2024-06-01,1,Lunch,Billie Eilish,-,1,1
2024-06-01,2,Chihiro,Billie Eilish,-,2,1
2024-06-01,3,Bencao,Mizzy Miles Featuring Van Zee & Bispo,1,1,12
2024-06-01,4,Birds Of A Feather,Billie Eilish,-,4,1
2024-06-01,5,Espresso,Sabrina Carpenter,5,2,6
2024-06-01,6,Skinny,Billie Eilish,-,6,1
2024-06-01,7,Wildflower,Billie Eilish,-,7,1
2024-06-01,8,L'amour De Ma Vie,Billie Eilish,-,8,1
2024-06-01,9,Beautiful Things,Benson Boone,3,1,15
2024-06-01,10,Gata Only,FloyyMenor X Cris Mj,4,4,6
2024-06-01,11,Not Like Us,Kendrick Lamar,2,2,3
2024-06-01,12,The Greatest,Billie Eilish,-,12,1
2024-06-01,13,Blue,Billie Eilish,-,13,1
2024-06-01,14,Nao Vou Namorar,"MC Dudu, DJ Ws da Igrejinha, DJ JOAO PEREIRA, Sk, MC TH DA SERRA & DaLama",9,9,6
2024-06-01,15,Alo,Dillaz Featuring Plutonio,6,1,14
2024-06-01,16,Fumaca,Barbara Bandeira Featuring Veigh,-,16,1
2024-06-01,17,Million Dollar Baby,Tommy Richman,7,7,2
2024-06-01,18,Tata,Slow J,8,1,26
2024-06-01,19,Lose Control,Teddy Swims,10,5,19
2024-06-01,20,Too Sweet,Hozier,12,12,7
2024-06-01,21,The Diner,Billie Eilish,-,21,1
2024-06-01,22,MTG Quem Nao Quer Sou Eu,"DJ Topo, MC Leozin & Seu Jorge",-,22,1
2024-06-01,23,Bittersuite,Billie Eilish,-,23,1
2024-06-01,24,Fortnight,Taylor Swift Featuring Post Malone,15,2,5
2024-06-01,25,I Like The Way You Kiss Me,Artemas,16,8,8
2024-06-08,1,MTG Quem Nao Quer Sou Eu,"DJ Topo, MC Leozin & Seu Jorge",22,1,2
2024-06-08,2,Lunch,Billie Eilish,1,1,2
2024-06-08,3,Bencao,Mizzy Miles Featuring Van Zee & Bispo,3,1,13
2024-06-08,4,Chihiro,Billie Eilish,2,2,2
2024-06-08,5,Gata Only,FloyyMenor X Cris Mj,10,4,7
2024-06-08,6,Espresso,Sabrina Carpenter,5,2,7
2024-06-08,7,Beautiful Things,Benson Boone,9,1,16
2024-06-08,8,Birds Of A Feather,Billie Eilish,4,4,2
2024-06-08,9,Nao Vou Namorar,"MC Dudu, DJ Ws da Igrejinha, DJ JOAO PEREIRA, Sk, MC TH DA SERRA & DaLama",14,9,7
2024-06-08,10,Alo,Dillaz Featuring Plutonio,15,1,15
2024-06-08,11,Fortnight,Taylor Swift Featuring Post Malone,24,2,6
2024-06-08,12,Acordar,Plutonio,-,12,1
2024-06-08,13,Too Sweet,Hozier,20,12,8
2024-06-08,14,Not Like Us,Kendrick Lamar,11,2,4
2024-06-08,15,Lose Control,Teddy Swims,19,5,20
2024-06-08,16,Tata,Slow J,18,1,27
2024-06-08,17,Cruel Summer,Taylor Swift,-,17,2
2024-06-08,18,Million Dollar Baby,Tommy Richman,17,7,3
2024-06-08,19,BAND4BAND,Central Cee & Lil Baby,-,19,1
2024-06-08,20,I Like The Way You Kiss Me,Artemas,25,8,9
2024-06-08,21,Habibi,Dillaz,-,1,14
2024-06-08,22,L'amour De Ma Vie,Billie Eilish,8,8,2
2024-06-08,23,Wildflower,Billie Eilish,7,7,2
2024-06-08,24,Problemas de Um Milionario,WIU & Teto,-,9,5
2024-06-08,25,Fumaca,Barbara Bandeira Featuring Veigh,16,16,2
2024-06-15,1,MTG Quem Nao Quer Sou Eu,"DJ Topo, MC Leozin & Seu Jorge",1,1,3
2024-06-15,2,Gata Only,FloyyMenor X Cris Mj,5,2,8
2024-06-15,3,Lunch,Billie Eilish,2,1,3
2024-06-15,4,Houdini,Eminem,-,4,1
2024-06-15,5,Espresso,Sabrina Carpenter,6,2,8
2024-06-15,6,Bencao,Mizzy Miles Featuring Van Zee & Bispo,3,1,14
2024-06-15,7,Birds Of A Feather,Billie Eilish,8,4,3
2024-06-15,8,Nao Vou Namorar,"MC Dudu, DJ Ws da Igrejinha, DJ JOAO PEREIRA, Sk, MC TH DA SERRA & DaLama",9,8,8
2024-06-15,9,Beautiful Things,Benson Boone,7,1,17
2024-06-15,10,Chihiro,Billie Eilish,4,2,3
2024-06-15,11,BAND4BAND,Central Cee & Lil Baby,19,11,2
2024-06-15,12,Too Sweet,Hozier,13,12,9
2024-06-15,13,Alo,Dillaz Featuring Plutonio,10,1,16
2024-06-15,14,Tata,Slow J,16,1,28
2024-06-15,15,Lose Control,Teddy Swims,15,5,21
2024-06-15,16,I Like The Way You Kiss Me,Artemas,20,8,10
2024-06-15,17,Million Dollar Baby,Tommy Richman,18,7,4
2024-06-15,18,Habibi,Dillaz,21,1,15
2024-06-15,19,Not Like Us,Kendrick Lamar,14,2,5
2024-06-15,20,Problemas de Um Milionario,WIU & Teto,24,9,6
2024-06-15,21,Fortnight,Taylor Swift Featuring Post Malone,11,2,7
2024-06-15,22,MTG Quero Te Encontrar,"DJ JZ, Humberto & Ronaldo, mc mininin & Silvanno Salles",-,22,1
2024-06-15,23,Poc Poc,PEDRO SAMPAIO,-,1,22
2024-06-15,24,Acordar,Plutonio,12,12,2
2024-06-15,25,Samba de Malandro,"MC Paulin da Capital, MC Piedro, MC Ryan SP, MC Daniel, DJ WN & DJ GM",-,10,9
2024-06-22,1,MTG Quem Nao Quer Sou Eu,"DJ Topo, MC Leozin & Seu Jorge",1,1,4
2024-06-22,2,Espresso,Sabrina Carpenter,5,2,9
2024-06-22,3,Gata Only,FloyyMenor X Cris Mj,2,2,9
2024-06-22,4,Birds Of A Feather,Billie Eilish,7,4,4
2024-06-22,5,Please Please Please,Sabrina Carpenter,-,5,1
2024-06-22,6,Bencao,Mizzy Miles Featuring Van Zee & Bispo,6,1,15
2024-06-22,7,Lunch,Billie Eilish,3,1,4
2024-06-22,8,Chihiro,Billie Eilish,10,2,4
2024-06-22,9,Houdini,Eminem,4,4,2
2024-06-22,10,Beautiful Things,Benson Boone,9,1,18
2024-06-22,11,Nao Vou Namorar,"MC Dudu, DJ Ws da Igrejinha, DJ JOAO PEREIRA, Sk, MC TH DA SERRA & DaLama",8,8,9
2024-06-22,12,Too Sweet,Hozier,12,12,10
2024-06-22,13,Alo,Dillaz Featuring Plutonio,13,1,17
2024-06-22,14,Sagrado Profano,Luisa Sonza & KayBlack,-,14,1
2024-06-22,15,BAND4BAND,Central Cee & Lil Baby,11,11,3
2024-06-22,16,Lose Control,Teddy Swims,15,5,22
2024-06-22,17,Tata,Slow J,14,1,29
2024-06-22,18,Habibi,Dillaz,18,1,16
2024-06-22,19,I Like The Way You Kiss Me,Artemas,16,8,11
2024-06-22,20,MTG Quero Te Encontrar,"DJ JZ, Humberto & Ronaldo, mc mininin & Silvanno Salles",22,20,2
2024-06-22,21,Million Dollar Baby,Tommy Richman,17,7,5
2024-06-22,22,Problemas de Um Milionario,WIU & Teto,20,9,7
2024-06-22,23,Nota 100,Dillaz Featuring Julinho KSD,-,2,14
2024-06-22,24,Poc Poc,PEDRO SAMPAIO,23,1,23
2024-06-22,25,The Box Medley Funk 2,"The Box: MC Brinquedo, MC Cebezinho, MC Tuto & MC Laranjinha",-,25,1
2024-06-29,1,Please Please Please,Sabrina Carpenter,5,1,2
2024-06-29,2,Sagrado Profano,Luisa Sonza & KayBlack,14,2,2
2024-06-29,3,Even,Richie Campbell & Van Zee,-,3,1
2024-06-29,4,MTG Quem Nao Quer Sou Eu,"DJ Topo, MC Leozin & Seu Jorge",1,1,5
2024-06-29,5,Espresso,Sabrina Carpenter,2,2,10
2024-06-29,6,Gata Only,FloyyMenor X Cris Mj,3,2,10
2024-06-29,7,Birds Of A Feather,Billie Eilish,4,4,5
2024-06-29,8,Bencao,Mizzy Miles Featuring Van Zee & Bispo,6,1,16
2024-06-29,9,Beautiful Things,Benson Boone,10,1,19
2024-06-29,10,Too Sweet,Hozier,12,10,11
2024-06-29,11,Chihiro,Billie Eilish,8,2,5
2024-06-29,12,Alo,Dillaz Featuring Plutonio,13,1,18
2024-06-29,13,Lunch,Billie Eilish,7,1,5
2024-06-29,14,Lose Control,Teddy Swims,16,5,23
2024-06-29,15,Tata,Slow J,17,1,30
2024-06-29,16,Houdini,Eminem,9,4,3
2024-06-29,17,BAND4BAND,Central Cee & Lil Baby,15,11,4
2024-06-29,18,Habibi,Dillaz,18,1,17
2024-06-29,19,The Box Medley Funk 2,"The Box: MC Brinquedo, MC Cebezinho, MC Tuto & MC Laranjinha",25,19,2
2024-06-29,20,I Like The Way You Kiss Me,Artemas,19,8,12
2024-06-29,21,Born Rich,Richie Campbell & Van Zee,-,21,1
2024-06-29,22,MTG Forro E Desmantelo,DJ SV - Manim Vaqueiro,-,22,1
2024-06-29,23,Million Dollar Baby,Tommy Richman,21,7,6
2024-06-29,24,MTG Quero Te Encontrar,"DJ JZ, Humberto & Ronaldo, mc mininin & Silvanno Salles",20,20,3
2024-06-29,25,Acordar,Plutonio,-,12,3
2024-07-06,1,Sagrado Profano,Luisa Sonza & KayBlack,2,1,3
2024-07-06,2,Espresso,Sabrina Carpenter,5,2,11
2024-07-06,3,MTG Quem Nao Quer Sou Eu,"DJ Topo, MC Leozin & Seu Jorge",4,1,6
2024-07-06,4,Gata Only,FloyyMenor X Cris Mj,6,2,11
2024-07-06,5,Please Please Please,Sabrina Carpenter,1,1,3
2024-07-06,6,Bencao,Mizzy Miles Featuring Van Zee & Bispo,8,1,17
2024-07-06,7,Birds Of A Feather,Billie Eilish,7,4,6
2024-07-06,8,Even,Richie Campbell & Van Zee,3,3,2
2024-07-06,9,Beautiful Things,Benson Boone,9,1,20
2024-07-06,10,Alo,Dillaz Featuring Plutonio,12,1,19
2024-07-06,11,Move,"Adam Port, Stryv & Camila Cabello Feat. Malachiii",-,11,1
2024-07-06,12,Not Like Us,Kendrick Lamar,-,2,6
2024-07-06,13,Too Sweet,Hozier,10,10,12
2024-07-06,14,Tata,Slow J,15,1,31
2024-07-06,15,Lose Control,Teddy Swims,14,5,24
2024-07-06,16,Poc Poc,PEDRO SAMPAIO,-,1,24
2024-07-06,17,Chihiro,Billie Eilish,11,2,6
2024-07-06,18,Sorriso No Rosto,"MC IG, Murillo e LT no Beat & DJ Glenner",-,18,1
2024-07-06,19,Lunch,Billie Eilish,13,1,6
2024-07-06,20,Habibi,Dillaz,18,1,18
2024-07-06,21,Faz Bem,Bluay Featuring Julinho KSD,-,21,1
2024-07-06,22,MTG Quero Te Encontrar,"DJ JZ, Humberto & Ronaldo, mc mininin & Silvanno Salles",24,20,4
2024-07-06,23,MTG Quero Ver Se Voce Tem Atitude,DJ Luan Gomes,-,23,1
2024-07-06,24,Million Dollar Baby,Tommy Richman,23,7,7
2024-07-06,25,The Box Medley Funk 2,"The Box: MC Brinquedo, MC Cebezinho, MC Tuto & MC Laranjinha",19,19,3
2024-07-13,1,Sagrado Profano,Luisa Sonza & KayBlack,1,1,4
2024-07-13,2,Gata Only,FloyyMenor X Cris Mj,4,2,12
2024-07-13,3,MTG Quem Nao Quer Sou Eu,"DJ Topo, MC Leozin & Seu Jorge",3,1,7
2024-07-13,4,Espresso,Sabrina Carpenter,2,2,12
2024-07-13,5,Birds Of A Feather,Billie Eilish,7,4,7
2024-07-13,6,Bencao,Mizzy Miles Featuring Van Zee & Bispo,6,1,18
2024-07-13,7,Please Please Please,Sabrina Carpenter,5,1,4
2024-07-13,8,Beautiful Things,Benson Boone,9,1,21
2024-07-13,9,Even,Richie Campbell & Van Zee,8,3,3
2024-07-13,10,Move,"Adam Port, Stryv & Camila Cabello Feat. Malachiii",11,10,2
2024-07-13,11,Alo,Dillaz Featuring Plutonio,10,1,20
2024-07-13,12,Too Sweet,Hozier,13,10,13
2024-07-13,13,Not Like Us,Kendrick Lamar,12,2,7
2024-07-13,14,Lose Control,Teddy Swims,15,5,25
2024-07-13,15,Tata,Slow J,14,1,32
2024-07-13,16,Poc Poc,PEDRO SAMPAIO,16,1,25
2024-07-13,17,Chihiro,Billie Eilish,17,2,7
2024-07-13,18,Cavalinho,PEDRO SAMPAIO & Gasparzinho,-,18,1
2024-07-13,19,Faz Bem,Bluay Featuring Julinho KSD,21,19,2
2024-07-13,20,The Box Medley Funk 2,"The Box: MC Brinquedo, MC Cebezinho, MC Tuto & MC Laranjinha",25,19,4
2024-07-13,21,Lunch,Billie Eilish,19,1,7
2024-07-13,22,MTG Quero Ver Se Voce Tem Atitude,DJ Luan Gomes,23,22,2
2024-07-13,23,MTG Quero Te Encontrar,"DJ JZ, Humberto & Ronaldo, mc mininin & Silvanno Salles",22,20,5
2024-07-13,24,Sorriso No Rosto,"MC IG, Murillo e LT no Beat & DJ Glenner",18,18,2
2024-07-13,25,Habibi,Dillaz,20,1,19
2024-07-20,1,Sagrado Profano,Luisa Sonza & KayBlack,1,1,5
2024-07-20,2,Gata Only,FloyyMenor X Cris Mj,2,2,13
2024-07-20,3,MTG Quem Nao Quer Sou Eu,"DJ Topo, MC Leozin & Seu Jorge",3,1,8
2024-07-20,4,Espresso,Sabrina Carpenter,4,2,13
2024-07-20,5,Birds Of A Feather,Billie Eilish,5,4,8
2024-07-20,6,Move,"Adam Port, Stryv & Camila Cabello Feat. Malachiii",10,6,3
2024-07-20,7,Not Like Us,Kendrick Lamar,13,2,8
2024-07-20,8,Beautiful Things,Benson Boone,8,1,22
2024-07-20,9,Bencao,Mizzy Miles Featuring Van Zee & Bispo,6,1,19
2024-07-20,10,Even,Richie Campbell & Van Zee,9,3,4
2024-07-20,11,Please Please Please,Sabrina Carpenter,7,1,5
2024-07-20,12,Alo,Dillaz Featuring Plutonio,11,1,21
2024-07-20,13,Too Sweet,Hozier,12,10,14
2024-07-20,14,Tata,Slow J,15,1,33
2024-07-20,15,Lose Control,Teddy Swims,14,5,26
2024-07-20,16,Alibi,"Sevdaliza , Pabllo Vittar & Yseult",-,16,1
2024-07-20,17,Poc Poc,PEDRO SAMPAIO,16,1,26
2024-07-20,18,Cavalinho,PEDRO SAMPAIO & Gasparzinho,18,18,2
2024-07-20,19,Tough,Quavo & Lana Del Rey,-,19,1
2024-07-20,20,Chihiro,Billie Eilish,17,2,8
2024-07-20,21,MTG Quero Ver Se Voce Tem Atitude,DJ Luan Gomes,22,21,3
2024-07-20,22,The Box Medley Funk 2,"The Box: MC Brinquedo, MC Cebezinho, MC Tuto & MC Laranjinha",20,19,5
2024-07-20,23,Faz Bem,Bluay Featuring Julinho KSD,19,19,3
2024-07-20,24,"Good Luck, Babe!",Chappell Roan,-,24,1
2024-07-20,25,MTG Quero Te Encontrar,"DJ JZ, Humberto & Ronaldo, mc mininin & Silvanno Salles",23,20,6
2024-07-27,1,Sagrado Profano,Luisa Sonza & KayBlack,1,1,6
2024-07-27,2,Alibi,"Sevdaliza , Pabllo Vittar & Yseult",16,2,2
2024-07-27,3,Gata Only,FloyyMenor X Cris Mj,2,2,14
2024-07-27,4,Move,"Adam Port, Stryv & Camila Cabello Feat. Malachiii",6,4,4
2024-07-27,5,MTG Quem Nao Quer Sou Eu,"DJ Topo, MC Leozin & Seu Jorge",3,1,9
2024-07-27,6,Birds Of A Feather,Billie Eilish,5,4,9
2024-07-27,7,Espresso,Sabrina Carpenter,4,2,14
2024-07-27,8,Not Like Us,Kendrick Lamar,7,2,9
2024-07-27,9,Beautiful Things,Benson Boone,8,1,23
2024-07-27,10,Bencao,Mizzy Miles Featuring Van Zee & Bispo,9,1,20
2024-07-27,11,Alo,Dillaz Featuring Plutonio,12,1,22
2024-07-27,12,Please Please Please,Sabrina Carpenter,11,1,6
2024-07-27,13,Lose Control,Teddy Swims,15,5,27
2024-07-27,14,Even,Richie Campbell & Van Zee,10,3,5
2024-07-27,15,Tata,Slow J,14,1,34
2024-07-27,16,Too Sweet,Hozier,13,10,15
2024-07-27,17,Poc Poc,PEDRO SAMPAIO,17,1,27
2024-07-27,18,Si Antes Te Hubiera Conocido,Karol G,-,18,1
2024-07-27,19,Cavalinho,PEDRO SAMPAIO & Gasparzinho,18,18,3
2024-07-27,20,Rainha da Finesse,WIU,-,20,1
2024-07-27,21,"Good Luck, Babe!",Chappell Roan,24,21,2
2024-07-27,22,Houdini,Eminem,-,4,4
2024-07-27,23,The Box Medley Funk 2,"The Box: MC Brinquedo, MC Cebezinho, MC Tuto & MC Laranjinha",22,19,6
2024-07-27,24,Chihiro,Billie Eilish,20,2,9
2024-07-27,25,Habibi,Dillaz,-,1,20
2024-08-03,1,Alibi,"Sevdaliza , Pabllo Vittar & Yseult",2,1,3
2024-08-03,2,Move,"Adam Port, Stryv & Camila Cabello Feat. Malachiii",4,2,5
2024-08-03,3,Gata Only,FloyyMenor X Cris Mj,3,2,15
2024-08-03,4,Sagrado Profano,Luisa Sonza & KayBlack,1,1,7
2024-08-03,5,MTG Quem Nao Quer Sou Eu,"DJ Topo, MC Leozin & Seu Jorge",5,1,10
2024-08-03,6,Birds Of A Feather,Billie Eilish,6,4,10
2024-08-03,7,Espresso,Sabrina Carpenter,7,2,15
2024-08-03,8,Bencao,Mizzy Miles Featuring Van Zee & Bispo,10,1,21
2024-08-03,9,Beautiful Things,Benson Boone,9,1,24
2024-08-03,10,Not Like Us,Kendrick Lamar,8,2,10
2024-08-03,11,Lose Control,Teddy Swims,13,5,28
2024-08-03,12,Alo,Dillaz Featuring Plutonio,11,1,23
2024-08-03,13,Cavalinho,PEDRO SAMPAIO & Gasparzinho,19,13,4
2024-08-03,14,Tata,Slow J,15,1,35
2024-08-03,15,Please Please Please,Sabrina Carpenter,12,1,7
2024-08-03,16,Si Antes Te Hubiera Conocido,Karol G,18,16,2
2024-08-03,17,Even,Richie Campbell & Van Zee,14,3,6
2024-08-03,18,Poc Poc,PEDRO SAMPAIO,17,1,28
2024-08-03,19,Too Sweet,Hozier,16,10,16
2024-08-03,20,Rainha da Finesse,WIU,20,20,2
2024-08-03,21,"Good Luck, Babe!",Chappell Roan,21,21,3
2024-08-03,22,The Box Medley Funk 2,"The Box: MC Brinquedo, MC Cebezinho, MC Tuto & MC Laranjinha",23,19,7
2024-08-03,23,Hay Lupita,Lomiiel,-,23,1
2024-08-03,24,Faz Bem,Bluay Featuring Julinho KSD,-,19,4
2024-08-03,25,La Bachata,Manuel Turizo,-,6,42
2024-08-10,1,Move,"Adam Port, Stryv & Camila Cabello Feat. Malachiii",2,1,6
2024-08-10,2,Alibi,"Sevdaliza , Pabllo Vittar & Yseult",1,1,4
2024-08-10,3,Gata Only,FloyyMenor X Cris Mj,3,2,16
2024-08-10,4,Sagrado Profano,Luisa Sonza & KayBlack,4,1,8
2024-08-10,5,Birds Of A Feather,Billie Eilish,6,4,11
2024-08-10,6,MTG Quem Nao Quer Sou Eu,"DJ Topo, MC Leozin & Seu Jorge",5,1,11
2024-08-10,7,Bencao,Mizzy Miles Featuring Van Zee & Bispo,8,1,22
2024-08-10,8,Si Antes Te Hubiera Conocido,Karol G,16,8,3
2024-08-10,9,Beautiful Things,Benson Boone,9,1,25
2024-08-10,10,Espresso,Sabrina Carpenter,7,2,16
2024-08-10,11,Even,Richie Campbell & Van Zee,17,3,7
2024-08-10,12,Lose Control,Teddy Swims,11,5,29
2024-08-10,13,Cavalinho,PEDRO SAMPAIO & Gasparzinho,13,13,5
2024-08-10,14,Alo,Dillaz Featuring Plutonio,12,1,24
2024-08-10,15,Not Like Us,Kendrick Lamar,10,2,11
2024-08-10,16,Tata,Slow J,14,1,36
2024-08-10,17,Poc Poc,PEDRO SAMPAIO,18,1,29
2024-08-10,18,Please Please Please,Sabrina Carpenter,15,1,8
2024-08-10,19,Too Sweet,Hozier,19,10,17
2024-08-10,20,Rainha da Finesse,WIU,20,20,3
2024-08-10,21,"Good Luck, Babe!",Chappell Roan,21,21,4
2024-08-10,22,Faz Bem,Bluay Featuring Julinho KSD,24,19,5
2024-08-10,23,The Box Medley Funk 2,"The Box: MC Brinquedo, MC Cebezinho, MC Tuto & MC Laranjinha",22,19,8
2024-08-10,24,Alma Nua,Van Zee,-,6,28
2024-08-10,25,La Bachata,Manuel Turizo,25,6,43
2024-08-17,1,Move,"Adam Port, Stryv & Camila Cabello Feat. Malachiii",1,1,7
2024-08-17,2,Alibi,"Sevdaliza , Pabllo Vittar & Yseult",2,1,5
2024-08-17,3,Gata Only,FloyyMenor X Cris Mj,3,2,17
2024-08-17,4,Si Antes Te Hubiera Conocido,Karol G,8,4,4
2024-08-17,5,Birds Of A Feather,Billie Eilish,5,4,12
2024-08-17,6,Guess,Charli xcx Featuring Billie Eilish,-,6,1
2024-08-17,7,Sagrado Profano,Luisa Sonza & KayBlack,4,1,9
2024-08-17,8,MTG Quem Nao Quer Sou Eu,"DJ Topo, MC Leozin & Seu Jorge",6,1,12
2024-08-17,9,Beautiful Things,Benson Boone,9,1,26
2024-08-17,10,Espresso,Sabrina Carpenter,10,2,17
2024-08-17,11,Bencao,Mizzy Miles Featuring Van Zee & Bispo,7,1,23
2024-08-17,12,Even,Richie Campbell & Van Zee,11,3,8
2024-08-17,13,Cavalinho,PEDRO SAMPAIO & Gasparzinho,13,13,6
2024-08-17,14,Alo,Dillaz Featuring Plutonio,14,1,25
2024-08-17,15,Lose Control,Teddy Swims,12,5,30
2024-08-17,16,Please Please Please,Sabrina Carpenter,18,1,9
2024-08-17,17,Too Sweet,Hozier,19,10,18
2024-08-17,18,FE!N,Travis Scott Featuring Playboi Carti,-,9,2
2024-08-17,19,Tata,Slow J,16,1,37
2024-08-17,20,Rainha da Finesse,WIU,20,20,4
2024-08-17,21,Poc Poc,PEDRO SAMPAIO,17,1,30
2024-08-17,22,"Good Luck, Babe!",Chappell Roan,21,21,5
2024-08-17,23,Not Like Us,Kendrick Lamar,15,2,12
2024-08-17,24,Kehlani,Jordan Adetunji,-,24,1
2024-08-17,25,The Box Medley Funk 2,"The Box: MC Brinquedo, MC Cebezinho, MC Tuto & MC Laranjinha",23,19,9
2024-08-24,1,Move,"Adam Port, Stryv & Camila Cabello Feat. Malachiii",1,1,8
2024-08-24,2,Si Antes Te Hubiera Conocido,Karol G,4,2,5
2024-08-24,3,Birds Of A Feather,Billie Eilish,5,3,13
2024-08-24,4,Alibi,"Sevdaliza , Pabllo Vittar & Yseult",2,1,6
2024-08-24,5,Sagrado Profano,Luisa Sonza & KayBlack,7,1,10
2024-08-24,6,Gata Only,FloyyMenor X Cris Mj,3,2,18
2024-08-24,7,Beautiful Things,Benson Boone,9,1,27
2024-08-24,8,Cavalinho,PEDRO SAMPAIO & Gasparzinho,13,8,7
2024-08-24,9,Bencao,Mizzy Miles Featuring Van Zee & Bispo,11,1,24
2024-08-24,10,Even,Richie Campbell & Van Zee,12,3,9
2024-08-24,11,Espresso,Sabrina Carpenter,10,2,18
2024-08-24,12,MTG Quem Nao Quer Sou Eu,"DJ Topo, MC Leozin & Seu Jorge",8,1,13
2024-08-24,13,Guess,Charli xcx Featuring Billie Eilish,6,6,2
2024-08-24,14,Alo,Dillaz Featuring Plutonio,14,1,26
2024-08-24,15,Rainha da Finesse,WIU,20,15,5
2024-08-24,16,Lose Control,Teddy Swims,15,5,31
2024-08-24,17,Tata,Slow J,19,1,38
2024-08-24,18,Please Please Please,Sabrina Carpenter,16,1,10
2024-08-24,19,Too Sweet,Hozier,17,10,19
2024-08-24,20,Poc Poc,PEDRO SAMPAIO,21,1,31
2024-08-24,21,"Good Luck, Babe!",Chappell Roan,22,21,6
2024-08-24,22,Nao Fosse Tao Tarde,Lou Garcia,-,22,1
2024-08-24,23,Kehlani,Jordan Adetunji,24,23,2
2024-08-24,24,Not Like Us,Kendrick Lamar,23,2,13
2024-08-24,25,Faz Bem,Bluay Featuring Julinho KSD,-,19,6
2024-08-31,1,Move,"Adam Port, Stryv & Camila Cabello Feat. Malachiii",1,1,9
2024-08-31,2,Si Antes Te Hubiera Conocido,Karol G,2,2,6
2024-08-31,3,Birds Of A Feather,Billie Eilish,3,3,14
2024-08-31,4,So Fe,Grelo,-,4,1
2024-08-31,5,Die With A Smile,Lady Gaga & Bruno Mars,-,5,1
2024-08-31,6,Sagrado Profano,Luisa Sonza & KayBlack,5,1,11
2024-08-31,7,Alibi,"Sevdaliza , Pabllo Vittar & Yseult",4,1,7
2024-08-31,8,Beautiful Things,Benson Boone,7,1,28
2024-08-31,9,Cavalinho,PEDRO SAMPAIO & Gasparzinho,8,8,8
2024-08-31,10,Gata Only,FloyyMenor X Cris Mj,6,2,19
2024-08-31,11,Bencao,Mizzy Miles Featuring Van Zee & Bispo,9,1,25
2024-08-31,12,Espresso,Sabrina Carpenter,11,2,19
2024-08-31,13,Even,Richie Campbell & Van Zee,10,3,10
2024-08-31,14,Alo,Dillaz Featuring Plutonio,14,1,27
2024-08-31,15,Rainha da Finesse,WIU,15,15,6
2024-08-31,16,Lose Control,Teddy Swims,16,5,32
2024-08-31,17,MTG Quem Nao Quer Sou Eu,"DJ Topo, MC Leozin & Seu Jorge",12,1,14
2024-08-31,18,Too Sweet,Hozier,19,10,20
2024-08-31,19,Tata,Slow J,17,1,39
2024-08-31,20,Please Please Please,Sabrina Carpenter,18,1,11
2024-08-31,21,Poc Poc,PEDRO SAMPAIO,20,1,32
2024-08-31,22,Guess,Charli xcx Featuring Billie Eilish,13,6,3
2024-08-31,23,"Good Luck, Babe!",Chappell Roan,21,21,7
2024-08-31,24,Faz Bem,Bluay Featuring Julinho KSD,25,19,7
2024-08-31,25,Hay Lupita,Lomiiel,-,23,2
2024-09-07,1,Move,"Adam Port, Stryv & Camila Cabello Feat. Malachiii",1,1,10
2024-09-07,2,So Fe,Grelo,4,2,2
2024-09-07,3,Si Antes Te Hubiera Conocido,Karol G,2,2,7
2024-09-07,4,Die With A Smile,Lady Gaga & Bruno Mars,5,4,2
2024-09-07,5,Birds Of A Feather,Billie Eilish,3,3,15
2024-09-07,6,Taste,Sabrina Carpenter,-,6,1
2024-09-07,7,Espresso,Sabrina Carpenter,12,2,20
2024-09-07,8,Please Please Please,Sabrina Carpenter,20,1,12
2024-09-07,9,Sagrado Profano,Luisa Sonza & KayBlack,6,1,12
2024-09-07,10,Alibi,"Sevdaliza , Pabllo Vittar & Yseult",7,1,8
2024-09-07,11,Cavalinho,PEDRO SAMPAIO & Gasparzinho,9,8,9
2024-09-07,12,Bencao,Mizzy Miles Featuring Van Zee & Bispo,11,1,26
2024-09-07,13,Beautiful Things,Benson Boone,8,1,29
2024-09-07,14,Lose Control,Teddy Swims,16,5,33
2024-09-07,15,Gata Only,FloyyMenor X Cris Mj,10,2,20
2024-09-07,16,Even,Richie Campbell & Van Zee,13,3,11
2024-09-07,17,MTG Quem Nao Quer Sou Eu,"DJ Topo, MC Leozin & Seu Jorge",17,1,15
2024-09-07,18,Rainha da Finesse,WIU,15,15,7
2024-09-07,19,Tata,Slow J,19,1,40
2024-09-07,20,Alo,Dillaz Featuring Plutonio,14,1,28
2024-09-07,21,Too Sweet,Hozier,18,10,21
2024-09-07,22,I Adore You,HUGEL X Topic X Arash Featuring Daecolm,-,22,1
2024-09-07,23,"Good Luck, Babe!",Chappell Roan,23,21,8
2024-09-07,24,Poc Poc,PEDRO SAMPAIO,21,1,33
2024-09-07,25,Guess,Charli xcx Featuring Billie Eilish,22,6,4
2024-09-14,1,Si Antes Te Hubiera Conocido,Karol G,3,1,8
2024-09-14,2,Move,"Adam Port, Stryv & Camila Cabello Feat. Malachiii",1,1,11
2024-09-14,3,Die With A Smile,Lady Gaga & Bruno Mars,4,3,3
2024-09-14,4,So Fe,Grelo,2,2,3
2024-09-14,5,Birds Of A Feather,Billie Eilish,5,3,16
2024-09-14,6,Taste,Sabrina Carpenter,6,6,2
2024-09-14,7,Espresso,Sabrina Carpenter,7,2,21
2024-09-14,8,Please Please Please,Sabrina Carpenter,8,1,13
2024-09-14,9,Lose Control,Teddy Swims,14,5,34
2024-09-14,10,Sagrado Profano,Luisa Sonza & KayBlack,9,1,13
2024-09-14,11,Alibi,"Sevdaliza , Pabllo Vittar & Yseult",10,1,9
2024-09-14,12,Bencao,Mizzy Miles Featuring Van Zee & Bispo,12,1,27
2024-09-14,13,Cavalinho,PEDRO SAMPAIO & Gasparzinho,11,8,10
2024-09-14,14,Even,Richie Campbell & Van Zee,16,3,12
2024-09-14,15,Beautiful Things,Benson Boone,13,1,30
2024-09-14,16,Rainha da Finesse,WIU,18,15,8
2024-09-14,17,I Adore You,HUGEL X Topic X Arash Featuring Daecolm,22,17,2
2024-09-14,18,Gata Only,FloyyMenor X Cris Mj,15,2,21
2024-09-14,19,Alo,Dillaz Featuring Plutonio,20,1,29
2024-09-14,20,Tata,Slow J,19,1,41
2024-09-14,21,MTG Quem Nao Quer Sou Eu,"DJ Topo, MC Leozin & Seu Jorge",17,1,16
2024-09-14,22,Too Sweet,Hozier,21,10,22
2024-09-14,23,"Good Luck, Babe!",Chappell Roan,23,21,9
2024-09-14,24,Faz Bem,Bluay Featuring Julinho KSD,-,19,8
2024-09-14,25,Ohnana,Kapo,-,25,1
2024-09-21,1,The Emptiness Machine,Linkin Park,-,1,1
2024-09-21,2,Die With A Smile,Lady Gaga & Bruno Mars,3,2,4
2024-09-21,3,Si Antes Te Hubiera Conocido,Karol G,1,1,9
2024-09-21,4,So Fe,Grelo,4,2,4
2024-09-21,5,Move,"Adam Port, Stryv & Camila Cabello Feat. Malachiii",2,1,12
2024-09-21,6,Birds Of A Feather,Billie Eilish,5,3,17
2024-09-21,7,Taste,Sabrina Carpenter,6,6,3
2024-09-21,8,Espresso,Sabrina Carpenter,7,2,22
2024-09-21,9,Alibi,"Sevdaliza , Pabllo Vittar & Yseult",11,1,10
2024-09-21,10,Lose Control,Teddy Swims,9,5,35
2024-09-21,11,Beautiful Things,Benson Boone,15,1,31
2024-09-21,12,I Adore You,HUGEL X Topic X Arash Featuring Daecolm,17,12,3
2024-09-21,13,Bencao,Mizzy Miles Featuring Van Zee & Bispo,12,1,28
2024-09-21,14,Cavalinho,PEDRO SAMPAIO & Gasparzinho,13,8,11
2024-09-21,15,Even,Richie Campbell & Van Zee,14,3,13
2024-09-21,16,Please Please Please,Sabrina Carpenter,8,1,14
2024-09-21,17,Rainha da Finesse,WIU,16,15,9
2024-09-21,18,Sagrado Profano,Luisa Sonza & KayBlack,10,1,14
2024-09-21,19,Gata Only,FloyyMenor X Cris Mj,18,2,22
2024-09-21,20,Alo,Dillaz Featuring Plutonio,19,1,30
2024-09-21,21,Too Sweet,Hozier,22,10,23
2024-09-21,22,Tata,Slow J,20,1,42
2024-09-21,23,"Good Luck, Babe!",Chappell Roan,23,21,10
2024-09-21,24,Faz Bem,Bluay Featuring Julinho KSD,24,19,9
2024-09-21,25,Ritmada Interestelar,"DJ Duarte, MC Lipivox, DJ Kayo Original, MC Random & Prime Funk",-,25,1
2024-09-28,1,Die With A Smile,Lady Gaga & Bruno Mars,2,1,5
2024-09-28,2,The Emptiness Machine,Linkin Park,1,1,2
2024-09-28,3,Si Antes Te Hubiera Conocido,Karol G,3,1,10
2024-09-28,4,So Fe,Grelo,4,2,5
2024-09-28,5,Birds Of A Feather,Billie Eilish,6,3,18
2024-09-28,6,Crack Com Mussilon,Matue,-,6,1
2024-09-28,7,Move,"Adam Port, Stryv & Camila Cabello Feat. Malachiii",5,1,13
2024-09-28,8,Taste,Sabrina Carpenter,7,6,4
2024-09-28,9,Imagina Esse Cenario,Matue Featuring Veigh,-,9,1
2024-09-28,10,Espresso,Sabrina Carpenter,8,2,23
2024-09-28,11,Lose Control,Teddy Swims,10,5,36
2024-09-28,12,I Adore You,HUGEL X Topic X Arash Featuring Daecolm,12,12,4
2024-09-28,13,Beautiful Things,Benson Boone,11,1,32
2024-09-28,14,Alibi,"Sevdaliza , Pabllo Vittar & Yseult",9,1,11
2024-09-28,15,Bencao,Mizzy Miles Featuring Van Zee & Bispo,13,1,29
2024-09-28,16,Please Please Please,Sabrina Carpenter,16,1,15
2024-09-28,17,Cavalinho,PEDRO SAMPAIO & Gasparzinho,14,8,12
2024-09-28,18,Even,Richie Campbell & Van Zee,15,3,14
2024-09-28,19,Sagrado Profano,Luisa Sonza & KayBlack,18,1,15
2024-09-28,20,"Good Luck, Babe!",Chappell Roan,23,20,11
2024-09-28,21,Dancing In The Flames,The Weeknd,-,21,1
2024-09-28,22,Rainha da Finesse,WIU,17,15,10
2024-09-28,23,1993,Matue,-,23,1
2024-09-28,24,Gata Only,FloyyMenor X Cris Mj,19,2,23
2024-09-28,25,Too Sweet,Hozier,21,10,24
2024-10-05,1,Die With A Smile,Lady Gaga & Bruno Mars,1,1,6
2024-10-05,2,The Emptiness Machine,Linkin Park,2,1,3
2024-10-05,3,Si Antes Te Hubiera Conocido,Karol G,3,1,11
2024-10-05,4,Birds Of A Feather,Billie Eilish,5,3,19
2024-10-05,5,So Fe,Grelo,4,2,6
2024-10-05,6,Crack Com Mussilon,Matue,6,6,2
2024-10-05,7,Move,"Adam Port, Stryv & Camila Cabello Feat. Malachiii",7,1,14
2024-10-05,8,Lose Control,Teddy Swims,11,5,37
2024-10-05,9,I Adore You,HUGEL X Topic X Arash Featuring Daecolm,12,9,5
2024-10-05,10,Beautiful Things,Benson Boone,13,1,33
2024-10-05,11,Taste,Sabrina Carpenter,8,6,5
2024-10-05,12,Espresso,Sabrina Carpenter,10,2,24
2024-10-05,13,Imagina Esse Cenario,Matue Featuring Veigh,9,9,2
2024-10-05,14,Bencao,Mizzy Miles Featuring Van Zee & Bispo,15,1,30
2024-10-05,15,Alibi,"Sevdaliza , Pabllo Vittar & Yseult",14,1,12
2024-10-05,16,"Good Luck, Babe!",Chappell Roan,20,16,12
2024-10-05,17,Please Please Please,Sabrina Carpenter,16,1,16
2024-10-05,18,Cavalinho,PEDRO SAMPAIO & Gasparzinho,17,8,13
2024-10-05,19,Even,Richie Campbell & Van Zee,18,3,15
2024-10-05,20,Sagrado Profano,Luisa Sonza & KayBlack,19,1,16
2024-10-05,21,Rainha da Finesse,WIU,22,15,11
2024-10-05,22,Too Sweet,Hozier,25,10,25
2024-10-05,23,Gata Only,FloyyMenor X Cris Mj,24,2,24
2024-10-05,24,Alo,Dillaz Featuring Plutonio,-,1,31
2024-10-05,25,Numb,Linkin Park,-,25,1
2024-10-12,1,Die With A Smile,Lady Gaga & Bruno Mars,1,1,7
2024-10-12,2,The Emptiness Machine,Linkin Park,2,1,4
2024-10-12,3,Si Antes Te Hubiera Conocido,Karol G,3,1,12
2024-10-12,4,Birds Of A Feather,Billie Eilish,4,3,20
2024-10-12,5,Timeless,The Weeknd & Playboi Carti,-,5,1
2024-10-12,6,So Fe,Grelo,5,2,7
2024-10-12,7,Move,"Adam Port, Stryv & Camila Cabello Feat. Malachiii",7,1,15
2024-10-12,8,Heavy Is The Crown,Linkin Park,-,8,1
2024-10-12,9,I Adore You,HUGEL X Topic X Arash Featuring Daecolm,9,9,6
2024-10-12,10,Crack Com Mussilon,Matue,6,6,3
2024-10-12,11,Taste,Sabrina Carpenter,11,6,6
2024-10-12,12,Beautiful Things,Benson Boone,10,1,34
2024-10-12,13,Lose Control,Teddy Swims,8,5,38
2024-10-12,14,Espresso,Sabrina Carpenter,12,2,25
2024-10-12,15,Bencao,Mizzy Miles Featuring Van Zee & Bispo,14,1,31
2024-10-12,16,Even,Richie Campbell & Van Zee,19,3,16
2024-10-12,17,Before I Lose My Voice,Richie Campbell,-,17,1
2024-10-12,18,Cavalinho,PEDRO SAMPAIO & Gasparzinho,18,8,14
2024-10-12,19,"Good Luck, Babe!",Chappell Roan,16,16,13
2024-10-12,20,Please Please Please,Sabrina Carpenter,17,1,17
2024-10-12,21,Rainha da Finesse,WIU,21,15,12
2024-10-12,22,Alibi,"Sevdaliza , Pabllo Vittar & Yseult",15,1,13
2024-10-12,23,Too Sweet,Hozier,22,10,26
2024-10-12,24,Sagrado Profano,Luisa Sonza & KayBlack,20,1,17
2024-10-12,25,Faz Bem,Bluay Featuring Julinho KSD,-,19,10
2024-10-19,1,Die With A Smile,Lady Gaga & Bruno Mars,1,1,8
2024-10-19,2,Si Antes Te Hubiera Conocido,Karol G,3,1,13
2024-10-19,3,Birds Of A Feather,Billie Eilish,4,3,21
2024-10-19,4,The Emptiness Machine,Linkin Park,2,1,5
2024-10-19,5,So Fe,Grelo,6,2,8
2024-10-19,6,Move,"Adam Port, Stryv & Camila Cabello Feat. Malachiii",7,1,16
2024-10-19,7,Timeless,The Weeknd & Playboi Carti,5,5,2
2024-10-19,8,I Adore You,HUGEL X Topic X Arash Featuring Daecolm,9,8,7
2024-10-19,9,Taste,Sabrina Carpenter,11,6,7
2024-10-19,10,Beautiful Things,Benson Boone,12,1,35
2024-10-19,11,Cavalinho,PEDRO SAMPAIO & Gasparzinho,18,8,15
2024-10-19,12,Bencao,Mizzy Miles Featuring Van Zee & Bispo,15,1,32
2024-10-19,13,Crack Com Mussilon,Matue,10,6,4
2024-10-19,14,Espresso,Sabrina Carpenter,14,2,26
2024-10-19,15,Lose Control,Teddy Swims,13,5,39
2024-10-19,16,MTG Quem Nao Quer Sou Eu,"DJ Topo, MC Leozin & Seu Jorge",-,1,17
2024-10-19,17,Even,Richie Campbell & Van Zee,16,3,17
2024-10-19,18,Luxemburgo,Plutonio,-,18,1
2024-10-19,19,Heavy Is The Crown,Linkin Park,8,8,2
2024-10-19,20,"Good Luck, Babe!",Chappell Roan,19,16,14
2024-10-19,21,Alo,Dillaz Featuring Plutonio,-,1,32
2024-10-19,22,Rainha da Finesse,WIU,21,15,13
2024-10-19,23,Alibi,"Sevdaliza , Pabllo Vittar & Yseult",22,1,14
2024-10-19,24,Too Sweet,Hozier,23,10,27
2024-10-19,25,Faz Bem,Bluay Featuring Julinho KSD,25,19,11
2024-10-26,1,Die With A Smile,Lady Gaga & Bruno Mars,1,1,9
2024-10-26,2,O Teu Cheiro,Bispo,-,2,1
2024-10-26,3,Si Antes Te Hubiera Conocido,Karol G,2,1,14
2024-10-26,4,Birds Of A Feather,Billie Eilish,3,3,22
2024-10-26,5,Move,"Adam Port, Stryv & Camila Cabello Feat. Malachiii",6,1,17
2024-10-26,6,So Fe,Grelo,5,2,9
2024-10-26,7,I Adore You,HUGEL X Topic X Arash Featuring Daecolm,8,7,8
2024-10-26,8,The Emptiness Machine,Linkin Park,4,1,6
2024-10-26,9,Lose Control,Teddy Swims,15,5,40
2024-10-26,10,Beautiful Things,Benson Boone,10,1,36
2024-10-26,11,Taste,Sabrina Carpenter,9,6,8
2024-10-26,12,Bencao,Mizzy Miles Featuring Van Zee & Bispo,12,1,33
2024-10-26,13,Timeless,The Weeknd & Playboi Carti,7,5,3
2024-10-26,14,"I Love You, I'm Sorry",Gracie Abrams,-,14,1
2024-10-26,15,Cavalinho,PEDRO SAMPAIO & Gasparzinho,11,8,16
2024-10-26,16,Even,Richie Campbell & Van Zee,17,3,18
2024-10-26,17,Espresso,Sabrina Carpenter,14,2,27
2024-10-26,18,MTG Quem Nao Quer Sou Eu,"DJ Topo, MC Leozin & Seu Jorge",16,1,18
2024-10-26,19,Crack Com Mussilon,Matue,13,6,5
2024-10-26,20,"Good Luck, Babe!",Chappell Roan,20,16,15
2024-10-26,21,Alo,Dillaz Featuring Plutonio,21,1,33
2024-10-26,22,Rainha da Finesse,WIU,22,15,14
2024-10-26,23,Alibi,"Sevdaliza , Pabllo Vittar & Yseult",23,1,15
2024-10-26,24,Too Sweet,Hozier,24,10,28
2024-10-26,25,Sagrado Profano,Luisa Sonza & KayBlack,-,1,18
2024-11-02,1,Die With A Smile,Lady Gaga & Bruno Mars,1,1,10
2024-11-02,2,Birds Of A Feather,Billie Eilish,4,2,23
2024-11-02,3,Si Antes Te Hubiera Conocido,Karol G,3,1,15
2024-11-02,4,Move,"Adam Port, Stryv & Camila Cabello Feat. Malachiii",5,1,18
2024-11-02,5,APT.,ROSE & Bruno Mars,-,5,1
2024-11-02,6,O Teu Cheiro,Bispo,2,2,2
2024-11-02,7,I Adore You,HUGEL X Topic X Arash Featuring Daecolm,7,7,9
2024-11-02,8,The Emptiness Machine,Linkin Park,8,1,7
2024-11-02,9,Lose Control,Teddy Swims,9,5,41
2024-11-02,10,So Fe,Grelo,6,2,10
2024-11-02,11,Beautiful Things,Benson Boone,10,1,37
2024-11-02,12,"I Love You, I'm Sorry",Gracie Abrams,14,12,2
2024-11-02,13,Taste,Sabrina Carpenter,11,6,9
2024-11-02,14,Bencao,Mizzy Miles Featuring Van Zee & Bispo,12,1,34
2024-11-02,15,Cavalinho,PEDRO SAMPAIO & Gasparzinho,15,8,17
2024-11-02,16,Espresso,Sabrina Carpenter,17,2,28
2024-11-02,17,Timeless,The Weeknd & Playboi Carti,13,5,4
2024-11-02,18,Crack Com Mussilon,Matue,19,6,6
2024-11-02,19,Escada Do Predio,Pedro Sampaio & Marina Sena,-,19,1
2024-11-02,20,Even,Richie Campbell & Van Zee,16,3,19
2024-11-02,21,MTG Quem Nao Quer Sou Eu,"DJ Topo, MC Leozin & Seu Jorge",18,1,19
2024-11-02,22,Sailor Song,Gigi Perez,-,22,1
2024-11-02,23,Rainha da Finesse,WIU,22,15,15
2024-11-02,24,"Good Luck, Babe!",Chappell Roan,20,16,16
2024-11-02,25,Alo,Dillaz Featuring Plutonio,21,1,34
2024-11-09,1,Die With A Smile,Lady Gaga & Bruno Mars,1,1,11
2024-11-09,2,Barbie,DJ Glenner & MC Tuto,-,2,1
2024-11-09,3,Sou Baiana,Rubby,-,3,1
2024-11-09,4,Si Antes Te Hubiera Conocido,Karol G,3,1,16
2024-11-09,5,Birds Of A Feather,Billie Eilish,2,2,24
2024-11-09,6,Move,"Adam Port, Stryv & Camila Cabello Feat. Malachiii",4,1,19
2024-11-09,7,APT.,ROSE & Bruno Mars,5,5,2
2024-11-09,8,O Teu Cheiro,Bispo,6,2,3
2024-11-09,9,The Emptiness Machine,Linkin Park,8,1,8
2024-11-09,10,Amor de Ganga,Miguel Luz,-,10,1
2024-11-09,11,Lose Control,Teddy Swims,9,5,42
2024-11-09,12,I Adore You,HUGEL X Topic X Arash Featuring Daecolm,7,7,10
2024-11-09,13,So Fe,Grelo,10,2,11
2024-11-09,14,Beautiful Things,Benson Boone,11,1,38
2024-11-09,15,"I Love You, I'm Sorry",Gracie Abrams,12,12,3
2024-11-09,16,Taste,Sabrina Carpenter,13,6,10
2024-11-09,17,Sailor Song,Gigi Perez,22,17,2
2024-11-09,18,Escada Do Predio,Pedro Sampaio & Marina Sena,19,18,2
2024-11-09,19,Cavalinho,PEDRO SAMPAIO & Gasparzinho,15,8,18
2024-11-09,20,MTG Quem Nao Quer Sou Eu,"DJ Topo, MC Leozin & Seu Jorge",21,1,20
2024-11-09,21,Bencao,Mizzy Miles Featuring Van Zee & Bispo,14,1,35
2024-11-09,22,Timeless,The Weeknd & Playboi Carti,17,5,5
2024-11-09,23,Noid,"Tyler, The Creator",-,23,1
2024-11-09,24,Espresso,Sabrina Carpenter,16,2,29
2024-11-09,25,That's So True,Gracie Abrams,-,25,1
2024-11-16,1,Sao Paulo,The Weeknd & Anitta,-,1,1
2024-11-16,2,Barbie,DJ Glenner & MC Tuto,2,2,2
2024-11-16,3,Die With A Smile,Lady Gaga & Bruno Mars,1,1,12
2024-11-16,4,Sou Baiana,Rubby,3,3,2
2024-11-16,5,Si Antes Te Hubiera Conocido,Karol G,4,1,17
2024-11-16,6,Birds Of A Feather,Billie Eilish,5,2,25
2024-11-16,7,Move,"Adam Port, Stryv & Camila Cabello Feat. Malachiii",6,1,20
2024-11-16,8,Amor de Ganga,Miguel Luz,10,8,2
2024-11-16,9,Escada Do Predio,Pedro Sampaio & Marina Sena,18,9,3
2024-11-16,10,APT.,ROSE & Bruno Mars,7,5,3
2024-11-16,11,La Luna,Rubby,-,11,1
2024-11-16,12,O Teu Cheiro,Bispo,8,2,4
2024-11-16,13,That's So True,Gracie Abrams,25,13,2
2024-11-16,14,The Emptiness Machine,Linkin Park,9,1,9
2024-11-16,15,Lose Control,Teddy Swims,11,5,43
2024-11-16,16,I Adore You,HUGEL X Topic X Arash Featuring Daecolm,12,7,11
2024-11-16,17,Pais Das Maravilhas,Plutonio,-,17,1
2024-11-16,18,Beautiful Things,Benson Boone,14,1,39
2024-11-16,19,Sailor Song,Gigi Perez,17,17,3
2024-11-16,20,"I Love You, I'm Sorry",Gracie Abrams,15,12,4
2024-11-16,21,Cavalinho,PEDRO SAMPAIO & Gasparzinho,19,8,19
2024-11-16,22,Interestelar,Plutonio,-,22,1
2024-11-16,23,Taste,Sabrina Carpenter,16,6,11
2024-11-16,24,Bencao,Mizzy Miles Featuring Van Zee & Bispo,21,1,36
2024-11-16,25,Timeless,The Weeknd & Playboi Carti,22,5,6
2024-11-30,1,Interestelar,Plutonio,1,1,3
2024-11-30,2,Deja Vu,Plutonio,4,2,2
2024-11-30,3,Pais Das Maravilhas,Plutonio,5,3,3
2024-11-30,4,Barbie,DJ Glenner & MC Tuto,3,2,4
2024-11-30,5,Die With A Smile,Lady Gaga & Bruno Mars,2,1,14
2024-11-30,6,Casa Melhor,Plutonio,6,6,2
2024-11-30,7,The Emptiness Machine,Linkin Park,22,1,11
2024-11-30,8,1000 Bocados,Plutonio,9,8,2
2024-11-30,9,That's So True,Gracie Abrams,10,9,4
2024-11-30,10,Sala de Audiencias,Plutonio,7,7,2
2024-11-30,11,Escada Do Predio,Pedro Sampaio & Marina Sena,11,9,5
2024-11-30,12,Luxemburgo,Plutonio,21,12,3
2024-11-30,13,Montanha,Plutonio,16,13,2
2024-11-30,14,Birds Of A Feather,Billie Eilish,14,2,27
2024-11-30,15,Si Antes Te Hubiera Conocido,Karol G,15,1,19
2024-11-30,16,Perguntam Como,Plutonio,12,12,2
2024-11-30,17,6am Em Paris,Plutonio,17,17,2
2024-11-30,18,Como 1 Rei,Plutonio,13,13,2
2024-11-30,19,Mapa Cor de Rosa,Plutonio,-,19,1
2024-11-30,20,FDP,Plutonio,-,20,1
2024-11-30,21,Tal E Qual,Plutonio,-,21,1
2024-11-30,22,Amor de Ganga,Miguel Luz,18,8,4
2024-11-30,23,APT.,ROSE & Bruno Mars,20,5,5
2024-11-30,24,Malvadinho,MC LUUKY & DJ JB Mix,-,24,1
2024-11-30,25,Dissabores,Plutonio,-,25,1
2024-12-07,1,Interestelar,Plutonio,1,1,4
2024-12-07,2,Deja Vu,Plutonio,2,2,3
2024-12-07,3,Pais Das Maravilhas,Plutonio,3,3,4
2024-12-07,4,Die With A Smile,Lady Gaga & Bruno Mars,5,1,15
2024-12-07,5,Barbie,DJ Glenner & MC Tuto,4,2,5
2024-12-07,6,Luther,Kendrick Lamar & SZA,-,6,1
2024-12-07,7,Squabble Up,Kendrick Lamar,-,7,1
2024-12-07,8,TV Off,Kendrick Lamar Featuring Lefty Gunplay,-,8,1
2024-12-07,9,Fim da Noite,Kappa Jotta Featuring Bispo,-,9,1
2024-12-07,10,That's So True,Gracie Abrams,9,9,5
2024-12-07,11,Casa Melhor,Plutonio,6,6,3
2024-12-07,12,APT.,ROSE & Bruno Mars,23,5,6
2024-12-07,13,Escada Do Predio,Pedro Sampaio & Marina Sena,11,9,6
2024-12-07,14,Wacced Out Murals,Kendrick Lamar,-,14,1
2024-12-07,15,Malvadinho,MC LUUKY & DJ JB Mix,24,15,2
2024-12-07,16,Ma Meilleure Ennemie,Stromae & Pomme,-,16,1
2024-12-07,17,Birds Of A Feather,Billie Eilish,14,2,28
2024-12-07,18,1000 Bocados,Plutonio,8,8,3
2024-12-07,19,Luxemburgo,Plutonio,12,12,4
2024-12-07,20,Man At The Garden,Kendrick Lamar,-,20,1
2024-12-07,21,Montanha,Plutonio,13,13,3
2024-12-07,22,Sala de Audiencias,Plutonio,10,7,3
2024-12-07,23,Reincarnated,Kendrick Lamar,-,23,1
2024-12-07,24,Si Antes Te Hubiera Conocido,Karol G,15,1,20
2024-12-07,25,Amor de Ganga,Miguel Luz,22,8,5
2024-12-14,1,Interestelar,Plutonio,1,1,5
2024-12-14,2,Die With A Smile,Lady Gaga & Bruno Mars,4,1,16
2024-12-14,3,Pais Das Maravilhas,Plutonio,3,3,5
2024-12-14,4,Ma Meilleure Ennemie,Stromae & Pomme,16,4,2
2024-12-14,5,Deja Vu,Plutonio,2,2,4
2024-12-14,6,Malvadinho,MC LUUKY & DJ JB Mix,15,6,3
2024-12-14,7,Barbie,DJ Glenner & MC Tuto,5,2,6
2024-12-14,8,Luther,Kendrick Lamar & SZA,6,6,2
2024-12-14,9,APT.,ROSE & Bruno Mars,12,5,7
2024-12-14,10,That's So True,Gracie Abrams,10,9,6
2024-12-14,11,Birds Of A Feather,Billie Eilish,17,2,29
2024-12-14,12,All I Want For Christmas Is You,Mariah Carey,-,1,10
2024-12-14,13,Casa Melhor,Plutonio,11,6,4
2024-12-14,14,Escada Do Predio,Pedro Sampaio & Marina Sena,13,9,7
2024-12-14,15,Si Antes Te Hubiera Conocido,Karol G,24,1,21
2024-12-14,16,Sailor Song,Gigi Perez,-,16,5
2024-12-14,17,Luxemburgo,Plutonio,19,12,5
2024-12-14,18,TV Off,Kendrick Lamar Featuring Lefty Gunplay,8,8,2
2024-12-14,19,Last Christmas,Wham!,-,2,8
2024-12-14,20,1000 Bocados,Plutonio,18,8,4
2024-12-14,21,Fim da Noite,Kappa Jotta Featuring Bispo,9,9,2
2024-12-14,22,Amar Pela Metade,Calema,-,22,1
2024-12-14,23,Montanha,Plutonio,21,13,4
2024-12-14,24,Amor de Ganga,Miguel Luz,25,8,6
2024-12-14,25,The Emptiness Machine,Linkin Park,-,1,12
2024-12-21,1,Interestelar,Plutonio,1,1,6
2024-12-21,2,Die With A Smile,Lady Gaga & Bruno Mars,2,1,17
2024-12-21,3,Pais Das Maravilhas,Plutonio,3,3,6
2024-12-21,4,Barbie,DJ Glenner & MC Tuto,7,2,7
2024-12-21,5,Deja Vu,Plutonio,5,2,5
2024-12-21,6,Malvadinho,MC LUUKY & DJ JB Mix,6,6,4
2024-12-21,7,APT.,ROSE & Bruno Mars,9,5,8
2024-12-21,8,That's So True,Gracie Abrams,10,8,7
2024-12-21,9,All I Want For Christmas Is You,Mariah Carey,12,1,11
2024-12-21,10,Amar Pela Metade,Calema,22,10,2
2024-12-21,11,Birds Of A Feather,Billie Eilish,11,2,30
2024-12-21,12,Si Antes Te Hubiera Conocido,Karol G,15,1,22
2024-12-21,13,Last Christmas,Wham!,19,2,9
2024-12-21,14,Escada Do Predio,Pedro Sampaio & Marina Sena,14,9,8
2024-12-21,15,Sailor Song,Gigi Perez,16,15,6
2024-12-21,16,Ma Meilleure Ennemie,Stromae & Pomme,4,4,3
2024-12-21,17,Luther,Kendrick Lamar & SZA,8,6,3
2024-12-21,18,Luxemburgo,Plutonio,17,12,6
2024-12-21,19,Casa Melhor,Plutonio,13,6,5
2024-12-21,20,Beautiful Things,Benson Boone,-,1,40
2024-12-21,21,MTG Na Imaginacao,MC Livinho & DJ Topo,-,21,1
2024-12-21,22,Lose Control,Teddy Swims,-,5,45
2024-12-21,23,Fui Mlk,"Nilo, MC Paiva, DJ Di Marques & Kyo",-,23,1
2024-12-21,24,Alo,Dillaz Featuring Plutonio,-,1,35
2024-12-21,25,Montanha,Plutonio,23,13,5
2024-12-28,1,Interestelar,Plutonio,1,1,7
2024-12-28,2,Die With A Smile,Lady Gaga & Bruno Mars,2,1,18
2024-12-28,3,Barbie,DJ Glenner & MC Tuto,4,2,8
2024-12-28,4,Pais Das Maravilhas,Plutonio,3,3,7
2024-12-28,5,That's So True,Gracie Abrams,8,5,8
2024-12-28,6,All I Want For Christmas Is You,Mariah Carey,9,1,12
2024-12-28,7,Malvadinho,MC LUUKY & DJ JB Mix,6,6,5
2024-12-28,8,APT.,ROSE & Bruno Mars,7,5,9
2024-12-28,9,Amar Pela Metade,Calema,10,9,3
2024-12-28,10,Deja Vu,Plutonio,5,2,6
2024-12-28,11,Birds Of A Feather,Billie Eilish,11,2,31
2024-12-28,12,Last Christmas,Wham!,13,2,10
2024-12-28,13,Resenha Do Arrocha,J. Eskine,-,13,1
2024-12-28,14,Fui Mlk,"Nilo, MC Paiva, DJ Di Marques & Kyo",23,14,2
2024-12-28,15,Sailor Song,Gigi Perez,15,15,7
2024-12-28,16,Ultima Noite,Leo Foguete,-,16,1
2024-12-28,17,Si Antes Te Hubiera Conocido,Karol G,12,1,23
2024-12-28,18,Beautiful Things,Benson Boone,20,1,41
2024-12-28,19,Escada Do Predio,Pedro Sampaio & Marina Sena,14,9,9
2024-12-28,20,MTG Na Imaginacao,MC Livinho & DJ Topo,21,20,2
2024-12-28,21,Luxemburgo,Plutonio,18,12,7
2024-12-28,22,"Adora A Bunda, Odeia O Rosto","Supernova Ent Featuring Veigh, G.A, Niink & Ghard",-,22,1
2024-12-28,23,Jingle Bell Rock,Bobby Helms,-,6,4
2024-12-28,24,Lose Control,Teddy Swims,22,5,46
2024-12-28,25,Rockin' Around The Christmas Tree,Brenda Lee,-,3,5
2025-01-04,1,Oh Garota Eu Quero Voce So Pra Mim,"Oruam, Ze Felipe & MC Tuto Featuring DJ LC da Roca, MC K9, MC Rodrigo do CN & mc pl alves",-,1,1
2025-01-04,2,All I Want For Christmas Is You,Mariah Carey,6,1,13
2025-01-04,3,Last Christmas,Wham!,12,2,11
2025-01-04,4,Interestelar,Plutonio,1,1,8
2025-01-04,5,Rockin' Around The Christmas Tree,Brenda Lee,25,3,6
2025-01-04,6,Jingle Bell Rock,Bobby Helms,23,6,5
2025-01-04,7,Santa Tell Me,Ariana Grande,-,7,3
2025-01-04,8,Die With A Smile,Lady Gaga & Bruno Mars,2,1,19
2025-01-04,9,Barbie,DJ Glenner & MC Tuto,3,2,9
2025-01-04,10,Resenha Do Arrocha,J. Eskine,13,10,2
2025-01-04,11,Let It Snow! Let It Snow! Let It Snow!,Dean Martin,-,7,3
2025-01-04,12,Underneath The Tree,Kelly Clarkson,-,12,3
2025-01-04,13,Holly Jolly Christmas,Michael Buble,-,13,3
2025-01-04,14,That's So True,Gracie Abrams,5,5,9
2025-01-04,15,It's Beginning To Look A Lot Like Christmas,Michael Buble,-,8,3
2025-01-04,16,Feliz Navidad,Jose Feliciano,-,12,3
2025-01-04,17,It's The Most Wonderful Time Of The Year,Andy Williams,-,15,3
2025-01-04,18,Fui Mlk,"Nilo, MC Paiva, DJ Di Marques & Kyo",14,14,3
2025-01-04,19,Ultima Noite,Leo Foguete,16,16,2
2025-01-04,20,APT.,ROSE & Bruno Mars,8,5,10
2025-01-04,21,"Adora A Bunda, Odeia O Rosto","Supernova Ent Featuring Veigh, G.A, Niink & Ghard",22,21,2
2025-01-04,22,Snowman,Sia,-,16,3
2025-01-04,23,Malvadinho,MC LUUKY & DJ JB Mix,7,6,6
2025-01-04,24,Pais Das Maravilhas,Plutonio,4,3,8
2025-01-04,25,Sleigh Ride,The Ronettes,-,22,2
2025-01-11,1,Oh Garota Eu Quero Voce So Pra Mim,"Oruam, Ze Felipe & MC Tuto Featuring DJ LC da Roca, MC K9, MC Rodrigo do CN & mc pl alves",1,1,2
2025-01-11,2,Interestelar,Plutonio,4,1,9
2025-01-11,3,Die With A Smile,Lady Gaga & Bruno Mars,8,1,20
2025-01-11,4,Barbie,DJ Glenner & MC Tuto,9,2,10
2025-01-11,5,Fui Mlk,"Nilo, MC Paiva, DJ Di Marques & Kyo",18,5,4
2025-01-11,6,That's So True,Gracie Abrams,14,5,10
2025-01-11,7,Ultima Noite,Leo Foguete,19,7,3
2025-01-11,8,APT.,ROSE & Bruno Mars,20,5,11
2025-01-11,9,Resenha Do Arrocha,J. Eskine,10,9,3
2025-01-11,10,Birds Of A Feather,Billie Eilish,-,2,32
2025-01-11,11,"Adora A Bunda, Odeia O Rosto","Supernova Ent Featuring Veigh, G.A, Niink & Ghard",21,11,3
2025-01-11,12,Si Antes Te Hubiera Conocido,Karol G,-,1,24
2025-01-11,13,MTG Na Imaginacao,MC Livinho & DJ Topo,-,13,3
2025-01-11,14,Malvadinho,MC LUUKY & DJ JB Mix,23,6,7
2025-01-11,15,Amar Pela Metade,Calema,-,9,4
2025-01-11,16,Pais Das Maravilhas,Plutonio,24,3,9
2025-01-11,17,Messy,Lola Young,-,17,1
2025-01-11,18,Cavalinho,PEDRO SAMPAIO & Gasparzinho,-,8,20
2025-01-11,19,365 Dias (Vida Mansa),"MC Jvila, Ryan SP, Marks, Aaron Modesto, Magal, Bruno MS, LUUKY & DJ Dael",-,19,1
2025-01-11,20,Sailor Song,Gigi Perez,-,15,8
2025-01-11,21,Move,"Adam Port, Stryv & Camila Cabello Feat. Malachiii",-,1,22
2025-01-11,22,Lose Control,Teddy Swims,-,5,47
2025-01-11,23,Beautiful Things,Benson Boone,-,1,42
2025-01-11,24,Escada Do Predio,Pedro Sampaio & Marina Sena,-,9,10
2025-01-11,25,Deja Vu,Plutonio,-,2,7
2025-01-18,1,Oh Garota Eu Quero Voce So Pra Mim,"Oruam, Ze Felipe & MC Tuto Featuring DJ LC da Roca, MC K9, MC Rodrigo do CN & mc pl alves",1,1,3
2025-01-18,2,Interestelar,Plutonio,2,1,10
2025-01-18,3,Fui Mlk,"Nilo, MC Paiva, DJ Di Marques & Kyo",5,3,5
2025-01-18,4,Die With A Smile,Lady Gaga & Bruno Mars,3,1,21
2025-01-18,5,That's So True,Gracie Abrams,6,5,11
2025-01-18,6,APT.,ROSE & Bruno Mars,8,5,12
2025-01-18,7,Barbie,DJ Glenner & MC Tuto,4,2,11
2025-01-18,8,Ultima Noite,Leo Foguete,7,7,4
2025-01-18,9,Birds Of A Feather,Billie Eilish,10,2,33
2025-01-18,10,Resenha Do Arrocha,J. Eskine,9,9,4
2025-01-18,11,Messy,Lola Young,17,11,2
2025-01-18,12,Escada Do Predio,Pedro Sampaio & Marina Sena,24,9,11
2025-01-18,13,"Adora A Bunda, Odeia O Rosto","Supernova Ent Featuring Veigh, G.A, Niink & Ghard",11,11,4
2025-01-18,14,Amar Pela Metade,Calema,15,9,5
2025-01-18,15,Sailor Song,Gigi Perez,20,15,9
2025-01-18,16,Si Antes Te Hubiera Conocido,Karol G,12,1,25
2025-01-18,17,Pais Das Maravilhas,Plutonio,16,3,10
2025-01-18,18,Lose Control,Teddy Swims,22,5,48
2025-01-18,19,MTG Na Imaginacao,MC Livinho & DJ Topo,13,13,4
2025-01-18,20,Move,"Adam Port, Stryv & Camila Cabello Feat. Malachiii",21,1,23
2025-01-18,21,Malvadinho,MC LUUKY & DJ JB Mix,14,6,8
2025-01-18,22,Deja Vu,Plutonio,25,2,8
2025-01-18,23,365 Dias (Vida Mansa),"MC Jvila, Ryan SP, Marks, Aaron Modesto, Magal, Bruno MS, LUUKY & DJ Dael",19,19,2
2025-01-18,24,Timeless,The Weeknd & Playboi Carti,-,5,7
2025-01-18,25,I Adore You,HUGEL X Topic X Arash Featuring Daecolm,-,7,12
2025-01-25,1,DTMF,Bad Bunny,-,1,1
2025-01-25,2,Oh Garota Eu Quero Voce So Pra Mim,"Oruam, Ze Felipe & MC Tuto Featuring DJ LC da Roca, MC K9, MC Rodrigo do CN & mc pl alves",1,1,4
2025-01-25,3,Nuevayol,Bad Bunny,-,3,1
2025-01-25,4,Baile Inolvidable,Bad Bunny,-,4,1
2025-01-25,5,Interestelar,Plutonio,2,1,11
2025-01-25,6,Fui Mlk,"Nilo, MC Paiva, DJ Di Marques & Kyo",3,3,6
2025-01-25,7,Die With A Smile,Lady Gaga & Bruno Mars,4,1,22
2025-01-25,8,Voy A Llevarte Pa PR,Bad Bunny,-,8,1
2025-01-25,9,Resenha Do Arrocha,J. Eskine,10,9,5
2025-01-25,10,APT.,ROSE & Bruno Mars,6,5,13
2025-01-25,11,That's So True,Gracie Abrams,5,5,12
2025-01-25,12,Ultima Noite,Leo Foguete,8,7,5
2025-01-25,13,Barbie,DJ Glenner & MC Tuto,7,2,12
2025-01-25,14,Weltita,Bad Bunny & Chuwi,-,14,1
2025-01-25,15,Amar Pela Metade,Calema,14,9,6
2025-01-25,16,0044,Lon3r Johny & ProfJam,-,16,1
2025-01-25,17,El Club,Bad Bunny,-,17,1
2025-01-25,18,Messy,Lola Young,11,11,3
2025-01-25,19,Si Antes Te Hubiera Conocido,Karol G,16,1,26
2025-01-25,20,Perfumito Nuevo,Bad Bunny & RaiNao,-,20,1
2025-01-25,21,Velda,"Bad Bunny , Omar Courtz & Dei V",-,21,1
2025-01-25,22,Cafe Con Ron,Bad Bunny & Los Pleneros de La Cresta,-,22,1
2025-01-25,23,Birds Of A Feather,Billie Eilish,9,2,34
2025-01-25,24,Escada Do Predio,Pedro Sampaio & Marina Sena,12,9,12
2025-01-25,25,Bokete,Bad Bunny,-,25,1
2025-02-01,1,DTMF,Bad Bunny,1,1,2
2025-02-01,2,Oh Garota Eu Quero Voce So Pra Mim,"Oruam, Ze Felipe & MC Tuto Featuring DJ LC da Roca, MC K9, MC Rodrigo do CN & mc pl alves",2,1,5
2025-02-01,3,Nuevayol,Bad Bunny,3,3,2
2025-02-01,4,Baile Inolvidable,Bad Bunny,4,4,2
2025-02-01,5,Interestelar,Plutonio,5,1,12
2025-02-01,6,Fui Mlk,"Nilo, MC Paiva, DJ Di Marques & Kyo",6,3,7
2025-02-01,7,Die With A Smile,Lady Gaga & Bruno Mars,7,1,23
2025-02-01,8,Voy A Llevarte Pa PR,Bad Bunny,8,8,2
2025-02-01,9,APT.,ROSE & Bruno Mars,10,5,14
2025-02-01,10,Resenha Do Arrocha,J. Eskine,9,9,6
2025-02-01,11,Champions League,Mizzy Miles Featuring Slow J & Gson,-,11,1
2025-02-01,12,Ultima Noite,Leo Foguete,12,7,6
2025-02-01,13,That's So True,Gracie Abrams,11,5,13
2025-02-01,14,Amar Pela Metade,Calema,15,9,7
2025-02-01,15,Weltita,Bad Bunny & Chuwi,14,14,2
2025-02-01,16,Si Antes Te Hubiera Conocido,Karol G,19,1,27
2025-02-01,17,Messy,Lola Young,18,11,4
2025-02-01,18,Barbie,DJ Glenner & MC Tuto,13,2,13
2025-02-01,19,Cafe Con Ron,Bad Bunny & Los Pleneros de La Cresta,22,19,2
2025-02-01,20,Birds Of A Feather,Billie Eilish,23,2,35
2025-02-01,21,El Club,Bad Bunny,17,17,2
2025-02-01,22,Velda,"Bad Bunny , Omar Courtz & Dei V",21,21,2
2025-02-01,23,Sailor Song,Gigi Perez,-,15,10
2025-02-01,24,Perfumito Nuevo,Bad Bunny & RaiNao,20,20,2
2025-02-01,25,Escada Do Predio,Pedro Sampaio & Marina Sena,24,9,13
2025-02-08,1,DTMF,Bad Bunny,1,1,3
2025-02-08,2,Oh Garota Eu Quero Voce So Pra Mim,"Oruam, Ze Felipe & MC Tuto Featuring DJ LC da Roca, MC K9, MC Rodrigo do CN & mc pl alves",2,1,6
2025-02-08,3,Nuevayol,Bad Bunny,3,3,3
2025-02-08,4,Interestelar,Plutonio,5,1,13
2025-02-08,5,Baile Inolvidable,Bad Bunny,4,4,3
2025-02-08,6,Resenha Do Arrocha,J. Eskine,10,6,7
2025-02-08,7,Die With A Smile,Lady Gaga & Bruno Mars,7,1,24
2025-02-08,8,Fui Mlk,"Nilo, MC Paiva, DJ Di Marques & Kyo",6,3,8
2025-02-08,9,Messy,Lola Young,17,9,5
2025-02-08,10,APT.,ROSE & Bruno Mars,9,5,15
2025-02-08,11,Voy A Llevarte Pa PR,Bad Bunny,8,8,3
2025-02-08,12,Ultima Noite,Leo Foguete,12,7,7
2025-02-08,13,Amar Pela Metade,Calema,14,9,8
2025-02-08,14,That's So True,Gracie Abrams,13,5,14
2025-02-08,15,Penelope Charmosa 2,"MC Rick, Boladin211, Dejinha & DJ Al4ddin",-,15,1
2025-02-08,16,Si Antes Te Hubiera Conocido,Karol G,16,1,28
2025-02-08,17,Barbie,DJ Glenner & MC Tuto,18,2,14
2025-02-08,18,Birds Of A Feather,Billie Eilish,20,2,36
2025-02-08,19,Sailor Song,Gigi Perez,23,15,11
2025-02-08,20,Champions League,Mizzy Miles Featuring Slow J & Gson,11,11,2
2025-02-08,21,Do Job,MC Tuto E Grelo,-,21,1
2025-02-08,22,Weltita,Bad Bunny & Chuwi,15,14,3
2025-02-08,23,Lose Control,Teddy Swims,-,5,49
2025-02-08,24,"Adora A Bunda, Odeia O Rosto","Supernova Ent Featuring Veigh, G.A, Niink & Ghard",-,11,5
2025-02-08,25,Cafe Con Ron,Bad Bunny & Los Pleneros de La Cresta,19,19,3
2025-02-15,1,Oh Garota Eu Quero Voce So Pra Mim,"Oruam, Ze Felipe & MC Tuto Featuring DJ LC da Roca, MC K9, MC Rodrigo do CN & mc pl alves",2,1,7
2025-02-15,2,DTMF,Bad Bunny,1,1,4
2025-02-15,3,Interestelar,Plutonio,4,1,14
2025-02-15,4,Fui Mlk,"Nilo, MC Paiva, DJ Di Marques & Kyo",8,3,9
2025-02-15,5,Resenha Do Arrocha,J. Eskine,6,5,8
2025-02-15,6,Nuevayol,Bad Bunny,3,3,4
2025-02-15,7,Die With A Smile,Lady Gaga & Bruno Mars,7,1,25
2025-02-15,8,Champions League,Mizzy Miles Featuring Slow J & Gson,20,8,3
2025-02-15,9,Baile Inolvidable,Bad Bunny,5,4,4
2025-02-15,10,APT.,ROSE & Bruno Mars,10,5,16
2025-02-15,11,Messy,Lola Young,9,9,6
2025-02-15,12,Estrada,Mizzy Miles Featuring Slow J & ProfJam,-,12,1
2025-02-15,13,Penelope Charmosa 2,"MC Rick, Boladin211, Dejinha & DJ Al4ddin",15,13,2
2025-02-15,14,Amar Pela Metade,Calema,13,9,9
2025-02-15,15,That's So True,Gracie Abrams,14,5,15
2025-02-15,16,Ultima Noite,Leo Foguete,12,7,8
2025-02-15,17,Cry For Me,The Weeknd,-,17,1
2025-02-15,18,Birds Of A Feather,Billie Eilish,18,2,37
2025-02-15,19,Voy A Llevarte Pa PR,Bad Bunny,11,8,4
2025-02-15,20,Si Antes Te Hubiera Conocido,Karol G,16,1,29
2025-02-15,21,Do Job,MC Tuto E Grelo,21,21,2
2025-02-15,22,Timeless,The Weeknd & Playboi Carti,-,5,8
2025-02-15,23,Barbie,DJ Glenner & MC Tuto,17,2,15
2025-02-15,24,Sao Paulo,The Weeknd & Anitta,-,1,3
2025-02-15,25,Worldwide,Mizzy Miles Featuring Wet Bed Gang,-,25,1
2025-02-22,1,Oh Garota Eu Quero Voce So Pra Mim,"Oruam, Ze Felipe & MC Tuto Featuring DJ LC da Roca, MC K9, MC Rodrigo do CN & mc pl alves",1,1,8
2025-02-22,2,DTMF,Bad Bunny,2,1,5
2025-02-22,3,Interestelar,Plutonio,3,1,15
2025-02-22,4,Not Like Us,Kendrick Lamar,-,2,14
2025-02-22,5,Fui Mlk,"Nilo, MC Paiva, DJ Di Marques & Kyo",4,3,10
2025-02-22,6,Resenha Do Arrocha,J. Eskine,5,5,9
2025-02-22,7,Die With A Smile,Lady Gaga & Bruno Mars,7,1,26
2025-02-22,8,Luther,Kendrick Lamar & SZA,-,6,4
2025-02-22,9,Abracadabra,Lady Gaga,-,9,1
2025-02-22,10,That's So True,Gracie Abrams,15,5,16
2025-02-22,11,Penelope Charmosa 2,"MC Rick, Boladin211, Dejinha & DJ Al4ddin",13,11,3
2025-02-22,12,Nuevayol,Bad Bunny,6,3,5
2025-02-22,13,APT.,ROSE & Bruno Mars,10,5,17
2025-02-22,14,Messy,Lola Young,11,9,7
2025-02-22,15,Birds Of A Feather,Billie Eilish,18,2,38
2025-02-22,16,Amar Pela Metade,Calema,14,9,10
2025-02-22,17,Champions League,Mizzy Miles Featuring Slow J & Gson,8,8,4
2025-02-22,18,Baile Inolvidable,Bad Bunny,9,4,5
2025-02-22,19,Do Job,MC Tuto E Grelo,21,19,3
2025-02-22,20,Ultima Noite,Leo Foguete,16,7,9
2025-02-22,21,Beautiful Things,Benson Boone,-,1,43
2025-02-22,22,Barbie,DJ Glenner & MC Tuto,23,2,16
2025-02-22,23,TV Off,Kendrick Lamar Featuring Lefty Gunplay,-,8,3
2025-02-22,24,Fantasma (Versao GORDAO dO PC PC),"Ana Laura Lopes, GORDAO do PC, MC Leozin & MC Menor DN",-,24,1
2025-02-22,25,All The Stars,Kendrick Lamar & SZA,-,25,1
2025-03-01,1,Oh Garota Eu Quero Voce So Pra Mim,"Oruam, Ze Felipe & MC Tuto Featuring DJ LC da Roca, MC K9, MC Rodrigo do CN & mc pl alves",1,1,9
2025-03-01,2,Not Like Us,Kendrick Lamar,4,2,15
2025-03-01,3,DTMF,Bad Bunny,2,1,6
2025-03-01,4,Luther,Kendrick Lamar & SZA,8,4,5
2025-03-01,5,Resenha Do Arrocha,J. Eskine,6,5,10
2025-03-01,6,Interestelar,Plutonio,3,1,16
2025-03-01,7,Die With A Smile,Lady Gaga & Bruno Mars,7,1,27
2025-03-01,8,All The Stars,Kendrick Lamar & SZA,25,8,2
2025-03-01,9,Fui Mlk,"Nilo, MC Paiva, DJ Di Marques & Kyo",5,3,11
2025-03-01,10,Messy,Lola Young,14,9,8
2025-03-01,11,APT.,ROSE & Bruno Mars,13,5,18
2025-03-01,12,Amar Pela Metade,Calema,16,9,11
2025-03-01,13,TV Off,Kendrick Lamar Featuring Lefty Gunplay,23,8,4
2025-03-01,14,Birds Of A Feather,Billie Eilish,15,2,39
2025-03-01,15,That's So True,Gracie Abrams,10,5,17
2025-03-01,16,Nuevayol,Bad Bunny,12,3,6
2025-03-01,17,Baile Inolvidable,Bad Bunny,18,4,6
2025-03-01,18,Do Job,MC Tuto E Grelo,19,18,4
2025-03-01,19,Beautiful Things,Benson Boone,21,1,44
2025-03-01,20,Penelope Charmosa 2,"MC Rick, Boladin211, Dejinha & DJ Al4ddin",11,11,4
2025-03-01,21,Ultima Noite,Leo Foguete,20,7,10
2025-03-01,22,Si Antes Te Hubiera Conocido,Karol G,-,1,30
2025-03-01,23,Motinha 2.0 (Mete Marcha),DENNIS & Luisa Sonza,-,23,1
2025-03-01,24,Champions League,Mizzy Miles Featuring Slow J & Gson,17,8,5
2025-03-01,25,Abracadabra,Lady Gaga,9,9,2
2025-03-08,1,Oh Garota Eu Quero Voce So Pra Mim,"Oruam, Ze Felipe & MC Tuto Featuring DJ LC da Roca, MC K9, MC Rodrigo do CN & mc pl alves",1,1,10
2025-03-08,2,Resenha Do Arrocha,J. Eskine,5,2,11
2025-03-08,3,DTMF,Bad Bunny,3,1,7
2025-03-08,4,Interestelar,Plutonio,6,1,17
2025-03-08,5,Fui Mlk,"Nilo, MC Paiva, DJ Di Marques & Kyo",9,3,12
2025-03-08,6,Die With A Smile,Lady Gaga & Bruno Mars,7,1,28
2025-03-08,7,Messy,Lola Young,10,7,9
2025-03-08,8,Not Like Us,Kendrick Lamar,2,2,16
2025-03-08,9,Luther,Kendrick Lamar & SZA,4,4,6
2025-03-08,10,APT.,ROSE & Bruno Mars,11,5,19
2025-03-08,11,Amar Pela Metade,Calema,12,9,12
2025-03-08,12,Do Job,MC Tuto E Grelo,18,12,5
2025-03-08,13,All The Stars,Kendrick Lamar & SZA,8,8,3
2025-03-08,14,Motinha 2.0 (Mete Marcha),DENNIS & Luisa Sonza,23,14,2
2025-03-08,15,Birds Of A Feather,Billie Eilish,14,2,40
2025-03-08,16,That's So True,Gracie Abrams,15,5,18
2025-03-08,17,Nuevayol,Bad Bunny,16,3,7
2025-03-08,18,Penelope Charmosa 2,"MC Rick, Boladin211, Dejinha & DJ Al4ddin",20,11,5
2025-03-08,19,Baile Inolvidable,Bad Bunny,17,4,7
2025-03-08,20,Si Antes Te Hubiera Conocido,Karol G,22,1,31
2025-03-08,21,Ultima Noite,Leo Foguete,21,7,11
2025-03-08,22,Beautiful Things,Benson Boone,19,1,45
2025-03-08,23,Revolving Door,Tate McRae,-,23,1
2025-03-08,24,Sei Que Tu Me Odeia,"Anitta , MC Danny & HITMAKER",-,24,1
2025-03-08,25,Barbie,DJ Glenner & MC Tuto,-,2,17
2025-03-15,1,Oh Garota Eu Quero Voce So Pra Mim,"Oruam, Ze Felipe & MC Tuto Featuring DJ LC da Roca, MC K9, MC Rodrigo do CN & mc pl alves",1,1,11
2025-03-15,2,Resenha Do Arrocha,J. Eskine,2,2,12
2025-03-15,3,Interestelar,Plutonio,4,1,18
2025-03-15,4,DTMF,Bad Bunny,3,1,8
2025-03-15,5,Fui Mlk,"Nilo, MC Paiva, DJ Di Marques & Kyo",5,3,13
2025-03-15,6,Do Job,MC Tuto E Grelo,12,6,6
2025-03-15,7,Die With A Smile,Lady Gaga & Bruno Mars,6,1,29
2025-03-15,8,Mussulo,DJ Malvado & DJ Aka-m Featuring Dody,-,8,1
2025-03-15,9,Motinha 2.0 (Mete Marcha),DENNIS & Luisa Sonza,14,9,3
2025-03-15,10,APT.,ROSE & Bruno Mars,10,5,20
2025-03-15,11,Sei Que Tu Me Odeia,"Anitta , MC Danny & HITMAKER",24,11,2
2025-03-15,12,Amar Pela Metade,Calema,11,9,13
2025-03-15,13,Messy,Lola Young,7,7,10
2025-03-15,14,Descer,Kew & DJ LK da Escocia,-,14,1
2025-03-15,15,Ultima Noite,Leo Foguete,21,7,12
2025-03-15,16,Pais Das Maravilhas,Plutonio,-,3,11
2025-03-15,17,Penelope Charmosa 2,"MC Rick, Boladin211, Dejinha & DJ Al4ddin",18,11,6
2025-03-15,18,MTG Na Imaginacao,MC Livinho & DJ Topo,-,13,5
2025-03-15,19,Not Like Us,Kendrick Lamar,8,2,17
2025-03-15,20,Birds Of A Feather,Billie Eilish,15,2,41
2025-03-15,21,Luther,Kendrick Lamar & SZA,9,4,7
2025-03-15,22,Beautiful Things,Benson Boone,22,1,46
2025-03-15,23,Barbie,DJ Glenner & MC Tuto,25,2,18
2025-03-15,24,That's So True,Gracie Abrams,16,5,19
2025-03-15,25,Si Antes Te Hubiera Conocido,Karol G,20,1,32
2025-03-22,1,Deslocado,NAPA,-,1,1
2025-03-22,2,Mae Solteira,"DG E Batidao Stronda, J.Eskine, MC Davi & MC G15",-,2,1
2025-03-22,3,Resenha Do Arrocha,J. Eskine,2,2,13
2025-03-22,4,Oh Garota Eu Quero Voce So Pra Mim,"Oruam, Ze Felipe & MC Tuto Featuring DJ LC da Roca, MC K9, MC Rodrigo do CN & mc pl alves",1,1,12
2025-03-22,5,Mussulo,DJ Malvado & DJ Aka-m Featuring Dody,8,5,2
2025-03-22,6,Interestelar,Plutonio,3,1,19
2025-03-22,7,DTMF,Bad Bunny,4,1,9
2025-03-22,8,Descer,Kew & DJ LK da Escocia,14,8,2
2025-03-22,9,Die With A Smile,Lady Gaga & Bruno Mars,7,1,30
2025-03-22,10,Fui Mlk,"Nilo, MC Paiva, DJ Di Marques & Kyo",5,3,14
2025-03-22,11,Do Job,MC Tuto E Grelo,6,6,7
2025-03-22,12,Messy,Lola Young,13,7,11
2025-03-22,13,Amar Pela Metade,Calema,12,9,14
2025-03-22,14,APT.,ROSE & Bruno Mars,10,5,21
2025-03-22,15,Sei Que Tu Me Odeia,"Anitta , MC Danny & HITMAKER",11,11,3
2025-03-22,16,Motinha 2.0 (Mete Marcha),DENNIS & Luisa Sonza,9,9,4
2025-03-22,17,Pais Das Maravilhas,Plutonio,16,3,12
2025-03-22,18,Ultima Noite,Leo Foguete,15,7,13
2025-03-22,19,Beautiful Things,Benson Boone,22,1,47
2025-03-22,20,Birds Of A Feather,Billie Eilish,20,2,42
2025-03-22,21,Resenha de Ex-Love,J. Eskine & Alef Donk,-,21,1
2025-03-22,22,That's So True,Gracie Abrams,24,5,20
2025-03-22,23,Luther,Kendrick Lamar & SZA,21,4,8
2025-03-22,24,Somos Iguais,Plutonio,-,24,1
2025-03-22,25,Champions League,Mizzy Miles Featuring Slow J & Gson,-,8,6
2025-03-29,1,Mae Solteira,"DG E Batidao Stronda, J.Eskine, MC Davi & MC G15",2,1,2
2025-03-29,2,Resenha Do Arrocha,J. Eskine,3,2,14
2025-03-29,3,Oh Garota Eu Quero Voce So Pra Mim,"Oruam, Ze Felipe & MC Tuto Featuring DJ LC da Roca, MC K9, MC Rodrigo do CN & mc pl alves",4,1,13
2025-03-29,4,Deslocado,NAPA,1,1,2
2025-03-29,5,Mussulo,DJ Malvado & DJ Aka-m Featuring Dody,5,5,3
2025-03-29,6,Interestelar,Plutonio,6,1,20
2025-03-29,7,Descer,Kew & DJ LK da Escocia,8,7,3
2025-03-29,8,Evil J0rdan,Playboi Carti,-,8,1
2025-03-29,9,Fui Mlk,"Nilo, MC Paiva, DJ Di Marques & Kyo",10,3,15
2025-03-29,10,DTMF,Bad Bunny,7,1,10
2025-03-29,11,Do Job,MC Tuto E Grelo,11,6,8
2025-03-29,12,Rather Lie,Playboi Carti & The Weeknd,-,12,1
2025-03-29,13,Amar Pela Metade,Calema,13,9,15
2025-03-29,14,Die With A Smile,Lady Gaga & Bruno Mars,9,1,31
2025-03-29,15,Messy,Lola Young,12,7,12
2025-03-29,16,APT.,ROSE & Bruno Mars,14,5,22
2025-03-29,17,Beautiful Things,Benson Boone,19,1,48
2025-03-29,18,Motinha 2.0 (Mete Marcha),DENNIS & Luisa Sonza,16,9,5
2025-03-29,19,Sei Que Tu Me Odeia,"Anitta , MC Danny & HITMAKER",15,11,4
2025-03-29,20,Anxiety,Doechii,-,20,1
2025-03-29,21,Birds Of A Feather,Billie Eilish,20,2,43
2025-03-29,22,MTG Na Imaginacao,MC Livinho & DJ Topo,-,13,6
2025-03-29,23,Ultima Noite,Leo Foguete,18,7,14
2025-03-29,24,That's So True,Gracie Abrams,22,5,21
2025-03-29,25,Crush,Playboi Carti & Travis Scott,-,25,1
2025-04-05,1,Mae Solteira,"DG E Batidao Stronda, J.Eskine, MC Davi & MC G15",1,1,3
2025-04-05,2,Mussulo,DJ Malvado & DJ Aka-m Featuring Dody,5,2,4
2025-04-05,3,Oh Garota Eu Quero Voce So Pra Mim,"Oruam, Ze Felipe & MC Tuto Featuring DJ LC da Roca, MC K9, MC Rodrigo do CN & mc pl alves",3,1,14
2025-04-05,4,Resenha Do Arrocha,J. Eskine,2,2,15
2025-04-05,5,Descer,Kew & DJ LK da Escocia,7,5,4
2025-04-05,6,Interestelar,Plutonio,6,1,21
2025-04-05,7,DTMF,Bad Bunny,10,1,11
2025-04-05,8,Deslocado,NAPA,4,1,3
2025-04-05,9,Fui Mlk,"Nilo, MC Paiva, DJ Di Marques & Kyo",9,3,16
2025-04-05,10,Amar Pela Metade,Calema,13,9,16
2025-04-05,11,Messy,Lola Young,15,7,13
2025-04-05,12,Do Job,MC Tuto E Grelo,11,6,9
2025-04-05,13,Die With A Smile,Lady Gaga & Bruno Mars,14,1,32
2025-04-05,14,APT.,ROSE & Bruno Mars,16,5,23
2025-04-05,15,Beautiful Things,Benson Boone,17,1,49
2025-04-05,16,Birds Of A Feather,Billie Eilish,21,2,44
2025-04-05,17,Motinha 2.0 (Mete Marcha),DENNIS & Luisa Sonza,18,9,6
2025-04-05,18,Champions League,Mizzy Miles Featuring Slow J & Gson,-,8,7
2025-04-05,19,Lose Control,Teddy Swims,-,5,50
2025-04-05,20,Ultima Noite,Leo Foguete,23,7,15
2025-04-05,21,That's So True,Gracie Abrams,24,5,22
2025-04-05,22,Si Antes Te Hubiera Conocido,Karol G,-,1,33
2025-04-05,23,Ordinary,Alex Warren,-,23,1
2025-04-05,24,Sei Que Tu Me Odeia,"Anitta , MC Danny & HITMAKER",19,11,5
2025-04-05,25,MTG Na Imaginacao,MC Livinho & DJ Topo,22,13,7
2025-04-12,1,Mae Solteira,"DG E Batidao Stronda, J.Eskine, MC Davi & MC G15",1,1,4
2025-04-12,2,Mussulo,DJ Malvado & DJ Aka-m Featuring Dody,2,2,5
2025-04-12,3,Oh Garota Eu Quero Voce So Pra Mim,"Oruam, Ze Felipe & MC Tuto Featuring DJ LC da Roca, MC K9, MC Rodrigo do CN & mc pl alves",3,1,15
2025-04-12,4,Resenha Do Arrocha,J. Eskine,4,2,16
2025-04-12,5,Interestelar,Plutonio,6,1,22
2025-04-12,6,Descer,Kew & DJ LK da Escocia,5,5,5
2025-04-12,7,DTMF,Bad Bunny,7,1,12
2025-04-12,8,Fui Mlk,"Nilo, MC Paiva, DJ Di Marques & Kyo",9,3,17
2025-04-12,9,Amar Pela Metade,Calema,10,9,17
2025-04-12,10,Deslocado,NAPA,8,1,4
2025-04-12,11,Messy,Lola Young,11,7,14
2025-04-12,12,Die With A Smile,Lady Gaga & Bruno Mars,13,1,33
2025-04-12,13,Ordinary,Alex Warren,23,13,2
2025-04-12,14,Do Job,MC Tuto E Grelo,12,6,10
2025-04-12,15,APT.,ROSE & Bruno Mars,14,5,24
2025-04-12,16,Beautiful Things,Benson Boone,15,1,50
2025-04-12,17,Birds Of A Feather,Billie Eilish,16,2,45
2025-04-12,18,Si Antes Te Hubiera Conocido,Karol G,22,1,34
2025-04-12,19,Champions League,Mizzy Miles Featuring Slow J & Gson,18,8,8
2025-04-12,20,Show Me Love,WizTheMc,-,20,1
2025-04-12,21,I Adore You,HUGEL X Topic X Arash Featuring Daecolm,-,7,13
2025-04-12,22,Barbie,DJ Glenner & MC Tuto,-,2,19
2025-04-12,23,That's So True,Gracie Abrams,21,5,23
2025-04-12,24,Lose Control,Teddy Swims,19,5,51
2025-04-12,25,Motinha 2.0 (Mete Marcha),DENNIS & Luisa Sonza,17,9,7
2025-04-19,1,Mae Solteira,"DG E Batidao Stronda, J.Eskine, MC Davi & MC G15",1,1,5
2025-04-19,2,Mussulo,DJ Malvado & DJ Aka-m Featuring Dody,2,2,6
2025-04-19,3,Oh Garota Eu Quero Voce So Pra Mim,"Oruam, Ze Felipe & MC Tuto Featuring DJ LC da Roca, MC K9, MC Rodrigo do CN & mc pl alves",3,1,16
2025-04-19,4,Descer,Kew & DJ LK da Escocia,6,4,6
2025-04-19,5,Interestelar,Plutonio,5,1,23
2025-04-19,6,Resenha Do Arrocha,J. Eskine,4,2,17
2025-04-19,7,Ordinary,Alex Warren,13,7,3
2025-04-19,8,DTMF,Bad Bunny,7,1,13
2025-04-19,9,Amar Pela Metade,Calema,9,9,18
2025-04-19,10,Fui Mlk,"Nilo, MC Paiva, DJ Di Marques & Kyo",8,3,18
2025-04-19,11,Show Me Love,WizTheMc,20,11,2
2025-04-19,12,Deslocado,NAPA,10,1,5
2025-04-19,13,Messy,Lola Young,11,7,15
2025-04-19,14,Die With A Smile,Lady Gaga & Bruno Mars,12,1,34
2025-04-19,15,Barbie,DJ Glenner & MC Tuto,22,2,20
2025-04-19,16,Champions League,Mizzy Miles Featuring Slow J & Gson,19,8,9
2025-04-19,17,Se Essa Bunda For Uma Empresa,Chefin,-,17,1
2025-04-19,18,APT.,ROSE & Bruno Mars,15,5,25
2025-04-19,19,Beautiful Things,Benson Boone,16,1,51
2025-04-19,20,I Adore You,HUGEL X Topic X Arash Featuring Daecolm,21,7,14
2025-04-19,21,Si Antes Te Hubiera Conocido,Karol G,18,1,35
2025-04-19,22,Birds Of A Feather,Billie Eilish,17,2,46
2025-04-19,23,Do Job,MC Tuto E Grelo,14,6,11
2025-04-19,24,Move,"Adam Port, Stryv & Camila Cabello Feat. Malachiii",-,1,24
2025-04-19,25,Lose Control,Teddy Swims,24,5,52
2025-04-26,1,Mae Solteira,"DG E Batidao Stronda, J.Eskine, MC Davi & MC G15",1,1,6
2025-04-26,2,Mussulo,DJ Malvado & DJ Aka-m Featuring Dody,2,2,7
2025-04-26,3,Oh Garota Eu Quero Voce So Pra Mim,"Oruam, Ze Felipe & MC Tuto Featuring DJ LC da Roca, MC K9, MC Rodrigo do CN & mc pl alves",3,1,17
2025-04-26,4,Ordinary,Alex Warren,7,4,4
2025-04-26,5,Descer,Kew & DJ LK da Escocia,4,4,7
2025-04-26,6,Interestelar,Plutonio,5,1,24
2025-04-26,7,Amar Pela Metade,Calema,9,7,19
2025-04-26,8,DTMF,Bad Bunny,8,1,14
2025-04-26,9,Fui Mlk,"Nilo, MC Paiva, DJ Di Marques & Kyo",10,3,19
2025-04-26,10,Resenha Do Arrocha,J. Eskine,6,2,18
2025-04-26,11,Show Me Love,WizTheMc,11,11,3
2025-04-26,12,Messy,Lola Young,13,7,16
2025-04-26,13,Bota Um Funk,"PEDRO SAMPAIO, Anitta & MC GW",-,13,1
2025-04-26,14,Die With A Smile,Lady Gaga & Bruno Mars,14,1,35
2025-04-26,15,Se Essa Bunda For Uma Empresa,Chefin,17,15,2
2025-04-26,16,Beautiful Things,Benson Boone,19,1,52
2025-04-26,17,Deslocado,NAPA,12,1,6
2025-04-26,18,APT.,ROSE & Bruno Mars,18,5,26
2025-04-26,19,Barbie,DJ Glenner & MC Tuto,15,2,21
2025-04-26,20,Champions League,Mizzy Miles Featuring Slow J & Gson,16,8,10
2025-04-26,21,Birds Of A Feather,Billie Eilish,22,2,47
2025-04-26,22,I Adore You,HUGEL X Topic X Arash Featuring Daecolm,20,7,15
2025-04-26,23,Si Antes Te Hubiera Conocido,Karol G,21,1,36
2025-04-26,24,Rabetao de Terremoto,"DJ CZ, MC Nito & DJ TS Featuring MC Pogba",-,24,1
2025-04-26,25,Do Job,MC Tuto E Grelo,23,6,12
2025-05-03,1,Mae Solteira,"DG E Batidao Stronda, J.Eskine, MC Davi & MC G15",1,1,7
2025-05-03,2,Mussulo,DJ Malvado & DJ Aka-m Featuring Dody,2,2,8
2025-05-03,3,Ordinary,Alex Warren,4,3,5
2025-05-03,4,Interestelar,Plutonio,6,1,25
2025-05-03,5,Oh Garota Eu Quero Voce So Pra Mim,"Oruam, Ze Felipe & MC Tuto Featuring DJ LC da Roca, MC K9, MC Rodrigo do CN & mc pl alves",3,1,18
2025-05-03,6,Descer,Kew & DJ LK da Escocia,5,4,8
2025-05-03,7,Show Me Love,WizTheMc,11,7,4
2025-05-03,8,Amar Pela Metade,Calema,7,7,20
2025-05-03,9,DTMF,Bad Bunny,8,1,15
2025-05-03,10,Fui Mlk,"Nilo, MC Paiva, DJ Di Marques & Kyo",9,3,20
2025-05-03,11,Messy,Lola Young,12,7,17
2025-05-03,12,Resenha Do Arrocha,J. Eskine,10,2,19
2025-05-03,13,Vou Continuar,Bispo Featuring Gama WNTD,-,13,1
2025-05-03,14,Beautiful Things,Benson Boone,16,1,53
2025-05-03,15,Die With A Smile,Lady Gaga & Bruno Mars,14,1,36
2025-05-03,16,Se Essa Bunda For Uma Empresa,Chefin,15,15,3
2025-05-03,17,Rabetao de Terremoto,"DJ CZ, MC Nito & DJ TS Featuring MC Pogba",24,17,2
2025-05-03,18,Bota Um Funk,"PEDRO SAMPAIO, Anitta & MC GW",13,13,2
2025-05-03,19,APT.,ROSE & Bruno Mars,18,5,27
2025-05-03,20,I Adore You,HUGEL X Topic X Arash Featuring Daecolm,22,7,16
2025-05-03,21,Barbie,DJ Glenner & MC Tuto,19,2,22
2025-05-03,22,Si Antes Te Hubiera Conocido,Karol G,23,1,37
2025-05-03,23,Deslocado,NAPA,17,1,7
2025-05-03,24,Birds Of A Feather,Billie Eilish,21,2,48
2025-05-03,25,MOXXXPIRII,Wet Bed Gang,-,25,1
2025-05-10,1,Mussulo,DJ Malvado & DJ Aka-m Featuring Dody,2,1,9
2025-05-10,2,Mae Solteira,"DG E Batidao Stronda, J.Eskine, MC Davi & MC G15",1,1,8
2025-05-10,3,Ordinary,Alex Warren,3,3,6
2025-05-10,4,Interestelar,Plutonio,4,1,26
2025-05-10,5,Show Me Love,WizTheMc,7,5,5
2025-05-10,6,Oh Garota Eu Quero Voce So Pra Mim,"Oruam, Ze Felipe & MC Tuto Featuring DJ LC da Roca, MC K9, MC Rodrigo do CN & mc pl alves",5,1,19
2025-05-10,7,Descer,Kew & DJ LK da Escocia,6,4,9
2025-05-10,8,Amar Pela Metade,Calema,8,7,21
2025-05-10,9,DTMF,Bad Bunny,9,1,16
2025-05-10,10,Fui Mlk,"Nilo, MC Paiva, DJ Di Marques & Kyo",10,3,21
2025-05-10,11,I Adore You,HUGEL X Topic X Arash Featuring Daecolm,20,7,17
2025-05-10,12,Messy,Lola Young,11,7,18
2025-05-10,13,Resenha Do Arrocha,J. Eskine,12,2,20
2025-05-10,14,Beautiful Things,Benson Boone,14,1,54
2025-05-10,15,Die With A Smile,Lady Gaga & Bruno Mars,15,1,37
2025-05-10,16,Si Antes Te Hubiera Conocido,Karol G,22,1,38
2025-05-10,17,Se Essa Bunda For Uma Empresa,Chefin,16,15,4
2025-05-10,18,APT.,ROSE & Bruno Mars,19,5,28
2025-05-10,19,Barbie,DJ Glenner & MC Tuto,21,2,23
2025-05-10,20,Motinha 2.0 (Mete Marcha),DENNIS & Luisa Sonza,-,9,8
2025-05-10,21,Move,"Adam Port, Stryv & Camila Cabello Feat. Malachiii",-,1,25
2025-05-10,22,Deslocado,NAPA,23,1,8
2025-05-10,23,Vou Continuar,Bispo Featuring Gama WNTD,13,13,2
2025-05-10,24,Birds Of A Feather,Billie Eilish,24,2,49
2025-05-10,25,Rabetao de Terremoto,"DJ CZ, MC Nito & DJ TS Featuring MC Pogba",17,17,3
2025-05-17,1,Ordinary,Alex Warren,3,1,7
2025-05-17,2,Mussulo,DJ Malvado & DJ Aka-m Featuring Dody,1,1,10
2025-05-17,3,DTMF,Bad Bunny,9,1,17
2025-05-17,4,Interestelar,Plutonio,4,1,27
2025-05-17,5,Mae Solteira,"DG E Batidao Stronda, J.Eskine, MC Davi & MC G15",2,1,9
2025-05-17,6,Show Me Love,WizTheMc,5,5,6
2025-05-17,7,Amar Pela Metade,Calema,8,7,22
2025-05-17,8,Descer,Kew & DJ LK da Escocia,7,4,10
2025-05-17,9,Baile Inolvidable,Bad Bunny,-,4,8
2025-05-17,10,Oh Garota Eu Quero Voce So Pra Mim,"Oruam, Ze Felipe & MC Tuto Featuring DJ LC da Roca, MC K9, MC Rodrigo do CN & mc pl alves",6,1,20
2025-05-17,11,Alcool & Prazer,Deejay Telio & Wet Bed Gang,-,11,1
2025-05-17,12,Fui Mlk,"Nilo, MC Paiva, DJ Di Marques & Kyo",10,3,22
2025-05-17,13,I Adore You,HUGEL X Topic X Arash Featuring Daecolm,11,7,18
2025-05-17,14,Nuevayol,Bad Bunny,-,3,8
2025-05-17,15,Die With A Smile,Lady Gaga & Bruno Mars,15,1,38
2025-05-17,16,Messy,Lola Young,12,7,19
2025-05-17,17,Si Antes Te Hubiera Conocido,Karol G,16,1,39
2025-05-17,18,Beautiful Things,Benson Boone,14,1,55
2025-05-17,19,Por do Sol,Vizinhos,-,19,1
2025-05-17,20,Deslocado,NAPA,22,1,9
2025-05-17,21,Vou Continuar,Bispo Featuring Gama WNTD,23,13,3
2025-05-17,22,Birds Of A Feather,Billie Eilish,24,2,50
2025-05-17,23,Champions League,Mizzy Miles Featuring Slow J & Gson,-,8,11
2025-05-17,24,Se Essa Bunda For Uma Empresa,Chefin,17,15,5
2025-05-17,25,Resenha Do Arrocha,J. Eskine,13,2,21
2025-05-24,1,Ordinary,Alex Warren,1,1,8
2025-05-24,2,Deslocado,NAPA,20,1,10
2025-05-24,3,DTMF,Bad Bunny,3,1,18
2025-05-24,4,Interestelar,Plutonio,4,1,28
2025-05-24,5,Mussulo,DJ Malvado & DJ Aka-m Featuring Dody,2,1,11
2025-05-24,6,Baile Inolvidable,Bad Bunny,9,4,9
2025-05-24,7,Mae Solteira,"DG E Batidao Stronda, J.Eskine, MC Davi & MC G15",5,1,10
2025-05-24,8,Show Me Love,WizTheMc,6,5,7
2025-05-24,9,Amar Pela Metade,Calema,7,7,23
2025-05-24,10,Nuevayol,Bad Bunny,14,3,9
2025-05-24,11,Descer,Kew & DJ LK da Escocia,8,4,11
2025-05-24,12,Alcool & Prazer,Deejay Telio & Wet Bed Gang,11,11,2
2025-05-24,13,Oh Garota Eu Quero Voce So Pra Mim,"Oruam, Ze Felipe & MC Tuto Featuring DJ LC da Roca, MC K9, MC Rodrigo do CN & mc pl alves",10,1,21
2025-05-24,14,Si Antes Te Hubiera Conocido,Karol G,17,1,40
2025-05-24,15,Por do Sol,Vizinhos,19,15,2
2025-05-24,16,Fui Mlk,"Nilo, MC Paiva, DJ Di Marques & Kyo",12,3,23
2025-05-24,17,I Adore You,HUGEL X Topic X Arash Featuring Daecolm,13,7,19
2025-05-24,18,Beautiful Things,Benson Boone,18,1,56
2025-05-24,19,Die With A Smile,Lady Gaga & Bruno Mars,15,1,39
2025-05-24,20,Messy,Lola Young,16,7,20
2025-05-24,21,Voy A Llevarte Pa PR,Bad Bunny,-,8,5
2025-05-24,22,La Plena (W Sound 05),"W Sound, Beele & Ovy On The Drums",-,22,1
2025-05-24,23,Birds Of A Feather,Billie Eilish,22,2,51
2025-05-24,24,Lose Control,Teddy Swims,-,5,53
2025-05-24,25,Somos Iguais,Plutonio,-,24,2
2025-05-31,1,Deslocado,NAPA,2,1,11
2025-05-31,2,Ordinary,Alex Warren,1,1,9
2025-05-31,3,Mussulo,DJ Malvado & DJ Aka-m Featuring Dody,5,1,12
2025-05-31,4,DTMF,Bad Bunny,3,1,19
2025-05-31,5,Interestelar,Plutonio,4,1,29
2025-05-31,6,Show Me Love,WizTheMc,8,5,8
2025-05-31,7,Mae Solteira,"DG E Batidao Stronda, J.Eskine, MC Davi & MC G15",7,1,11
2025-05-31,8,Amar Pela Metade,Calema,9,7,24
2025-05-31,9,Por do Sol,Vizinhos,15,9,3
2025-05-31,10,Descer,Kew & DJ LK da Escocia,11,4,12
2025-05-31,11,Alcool & Prazer,Deejay Telio & Wet Bed Gang,12,11,3
2025-05-31,12,Baile Inolvidable,Bad Bunny,6,4,10
2025-05-31,13,Si Antes Te Hubiera Conocido,Karol G,14,1,41
2025-05-31,14,I Adore You,HUGEL X Topic X Arash Featuring Daecolm,17,7,20
2025-05-31,15,La Plena (W Sound 05),"W Sound, Beele & Ovy On The Drums",22,15,2
2025-05-31,16,Senta E Cala A Boca,MC Jacare E DJ Jhow Beats,-,16,1
2025-05-31,17,Nuevayol,Bad Bunny,10,3,10
2025-05-31,18,Oh Garota Eu Quero Voce So Pra Mim,"Oruam, Ze Felipe & MC Tuto Featuring DJ LC da Roca, MC K9, MC Rodrigo do CN & mc pl alves",13,1,22
2025-05-31,19,Fui Mlk,"Nilo, MC Paiva, DJ Di Marques & Kyo",16,3,24
2025-05-31,20,Beautiful Things,Benson Boone,18,1,57
2025-05-31,21,Die With A Smile,Lady Gaga & Bruno Mars,19,1,40
2025-05-31,22,Cacau,Deejay Telio Featuring Slow J,-,22,1
2025-05-31,23,Move,"Adam Port, Stryv & Camila Cabello Feat. Malachiii",-,1,26
2025-05-31,24,Birds Of A Feather,Billie Eilish,23,2,52
2025-05-31,25,Messy,Lola Young,20,7,21
2025-06-07,1,Ordinary,Alex Warren,2,1,10
2025-06-07,2,Deslocado,NAPA,1,1,12
2025-06-07,3,Mussulo,DJ Malvado & DJ Aka-m Featuring Dody,3,1,13
2025-06-07,4,Show Me Love,WizTheMc,6,4,9
2025-06-07,5,Interestelar,Plutonio,5,1,30
2025-06-07,6,DTMF,Bad Bunny,4,1,20
2025-06-07,7,Por do Sol,Vizinhos,9,7,4
2025-06-07,8,Amar Pela Metade,Calema,8,7,25
2025-06-07,9,Mae Solteira,"DG E Batidao Stronda, J.Eskine, MC Davi & MC G15",7,1,12
2025-06-07,10,Alcool & Prazer,Deejay Telio & Wet Bed Gang,11,10,4
2025-06-07,11,La Plena (W Sound 05),"W Sound, Beele & Ovy On The Drums",15,11,3
2025-06-07,12,Senta E Cala A Boca,MC Jacare E DJ Jhow Beats,16,12,2
2025-06-07,13,Descer,Kew & DJ LK da Escocia,10,4,13
2025-06-07,14,I Adore You,HUGEL X Topic X Arash Featuring Daecolm,14,7,21
2025-06-07,15,Si Antes Te Hubiera Conocido,Karol G,13,1,42
2025-06-07,16,Oh Garota Eu Quero Voce So Pra Mim,"Oruam, Ze Felipe & MC Tuto Featuring DJ LC da Roca, MC K9, MC Rodrigo do CN & mc pl alves",18,1,23
2025-06-07,17,Nuevayol,Bad Bunny,17,3,11
2025-06-07,18,Fui Mlk,"Nilo, MC Paiva, DJ Di Marques & Kyo",19,3,25
2025-06-07,19,Move,"Adam Port, Stryv & Camila Cabello Feat. Malachiii",23,1,27
2025-06-07,20,Cacau,Deejay Telio Featuring Slow J,22,20,2
2025-06-07,21,Baile Inolvidable,Bad Bunny,12,4,11
2025-06-07,22,Beautiful Things,Benson Boone,20,1,58
2025-06-07,23,Rebolando,"Kew, Livinho & LK da Escocia",-,23,1
2025-06-07,24,Die With A Smile,Lady Gaga & Bruno Mars,21,1,41
2025-06-07,25,Messy,Lola Young,25,7,22
2025-06-14,1,Ordinary,Alex Warren,1,1,11
2025-06-14,2,Mussulo,DJ Malvado & DJ Aka-m Featuring Dody,3,1,14
2025-06-14,3,Por do Sol,Vizinhos,7,3,5
2025-06-14,4,Deslocado,NAPA,2,1,13
2025-06-14,5,Interestelar,Plutonio,5,1,31
2025-06-14,6,Show Me Love,WizTheMc,4,4,10
2025-06-14,7,Mae Solteira,"DG E Batidao Stronda, J.Eskine, MC Davi & MC G15",9,1,13
2025-06-14,8,Amar Pela Metade,Calema,8,7,26
2025-06-14,9,DTMF,Bad Bunny,6,1,21
2025-06-14,10,I Adore You,HUGEL X Topic X Arash Featuring Daecolm,14,7,22
2025-06-14,11,La Plena (W Sound 05),"W Sound, Beele & Ovy On The Drums",11,11,4
2025-06-14,12,Just Keep Watching,Tate McRae,-,12,1
2025-06-14,13,Descer,Kew & DJ LK da Escocia,13,4,14
2025-06-14,14,Famosinha,"DJ Caio Vieira, MC Rodrigo do CN E MC Meno K",-,14,1
2025-06-14,15,Alcool & Prazer,Deejay Telio & Wet Bed Gang,10,10,5
2025-06-14,16,Oh Garota Eu Quero Voce So Pra Mim,"Oruam, Ze Felipe & MC Tuto Featuring DJ LC da Roca, MC K9, MC Rodrigo do CN & mc pl alves",16,1,24
2025-06-14,17,Si Antes Te Hubiera Conocido,Karol G,15,1,43
2025-06-14,18,Move,"Adam Port, Stryv & Camila Cabello Feat. Malachiii",19,1,28
2025-06-14,19,Fui Mlk,"Nilo, MC Paiva, DJ Di Marques & Kyo",18,3,26
2025-06-14,20,Senta E Cala A Boca,MC Jacare E DJ Jhow Beats,12,12,3
2025-06-14,21,Beautiful Things,Benson Boone,22,1,59
2025-06-14,22,Nuevayol,Bad Bunny,17,3,12
2025-06-14,23,Rebolando,"Kew, Livinho & LK da Escocia",23,23,2
2025-06-14,24,Somos Iguais,Plutonio,-,24,3
2025-06-14,25,Messy,Lola Young,25,7,23
2025-06-21,1,Ordinary,Alex Warren,1,1,12
2025-06-21,2,Mussulo,DJ Malvado & DJ Aka-m Featuring Dody,2,1,15
2025-06-21,3,Por do Sol,Vizinhos,3,3,6
2025-06-21,4,Interestelar,Plutonio,5,1,32
2025-06-21,5,Amar Pela Metade,Calema,8,5,27
2025-06-21,6,Deslocado,NAPA,4,1,14
2025-06-21,7,Famosinha,"DJ Caio Vieira, MC Rodrigo do CN E MC Meno K",14,7,2
2025-06-21,8,La Plena (W Sound 05),"W Sound, Beele & Ovy On The Drums",11,8,5
2025-06-21,9,Manchild,Sabrina Carpenter,-,9,1
2025-06-21,10,Show Me Love,WizTheMc,6,4,11
2025-06-21,11,DTMF,Bad Bunny,9,1,22
2025-06-21,12,I Adore You,HUGEL X Topic X Arash Featuring Daecolm,10,7,23
2025-06-21,13,Alcool & Prazer,Deejay Telio & Wet Bed Gang,15,10,6
2025-06-21,14,Descer,Kew & DJ LK da Escocia,13,4,15
2025-06-21,15,Mae Solteira,"DG E Batidao Stronda, J.Eskine, MC Davi & MC G15",7,1,14
2025-06-21,16,Montagem Bailao,"Repsaj, ATLXS & KC Jhey",-,16,1
2025-06-21,17,Si Antes Te Hubiera Conocido,Karol G,17,1,44
2025-06-21,18,Move,"Adam Port, Stryv & Camila Cabello Feat. Malachiii",18,1,29
2025-06-21,19,Oh Garota Eu Quero Voce So Pra Mim,"Oruam, Ze Felipe & MC Tuto Featuring DJ LC da Roca, MC K9, MC Rodrigo do CN & mc pl alves",16,1,25
2025-06-21,20,Leva Tudo,Calema X Dilsinho,-,20,1
2025-06-21,21,Fui Mlk,"Nilo, MC Paiva, DJ Di Marques & Kyo",19,3,27
2025-06-21,22,Just Keep Watching,Tate McRae,12,12,2
2025-06-21,23,Beautiful Things,Benson Boone,21,1,60
2025-06-21,24,No Tiene Sentido,Beele,-,24,1
2025-06-21,25,Nuevayol,Bad Bunny,22,3,13
2025-06-28,1,Ordinary,Alex Warren,1,1,13
2025-06-28,2,Mussulo,DJ Malvado & DJ Aka-m Featuring Dody,2,1,16
2025-06-28,3,Por do Sol,Vizinhos,3,3,7
2025-06-28,4,Famosinha,"DJ Caio Vieira, MC Rodrigo do CN E MC Meno K",7,4,3
2025-06-28,5,Interestelar,Plutonio,4,1,33
2025-06-28,6,Deslocado,NAPA,6,1,15
2025-06-28,7,La Plena (W Sound 05),"W Sound, Beele & Ovy On The Drums",8,7,6
2025-06-28,8,Amar Pela Metade,Calema,5,5,28
2025-06-28,9,Show Me Love,WizTheMc,10,4,12
2025-06-28,10,Manchild,Sabrina Carpenter,9,9,2
2025-06-28,11,I Adore You,HUGEL X Topic X Arash Featuring Daecolm,12,7,24
2025-06-28,12,DTMF,Bad Bunny,11,1,23
2025-06-28,13,Alcool & Prazer,Deejay Telio & Wet Bed Gang,13,10,7
2025-06-28,14,Montagem Bailao,"Repsaj, ATLXS & KC Jhey",16,14,2
2025-06-28,15,No Tiene Sentido,Beele,24,15,2
2025-06-28,16,Tipo Nino Vs Kabrinha,"DJ Biel Divulga, DJ Dozabri & MC LEKAO",-,16,1
2025-06-28,17,Descer,Kew & DJ LK da Escocia,14,4,16
2025-06-28,18,Move,"Adam Port, Stryv & Camila Cabello Feat. Malachiii",18,1,30
2025-06-28,19,Si Antes Te Hubiera Conocido,Karol G,17,1,45
2025-06-28,20,Mae Solteira,"DG E Batidao Stronda, J.Eskine, MC Davi & MC G15",15,1,15
2025-06-28,21,Leva Tudo,Calema X Dilsinho,20,20,2
2025-06-28,22,Oh Garota Eu Quero Voce So Pra Mim,"Oruam, Ze Felipe & MC Tuto Featuring DJ LC da Roca, MC K9, MC Rodrigo do CN & mc pl alves",19,1,26
2025-06-28,23,Fui Mlk,"Nilo, MC Paiva, DJ Di Marques & Kyo",21,3,28
2025-06-28,24,Beautiful Things,Benson Boone,23,1,61
2025-06-28,25,Messy,Lola Young,-,7,24
2025-07-05,1,Por do Sol,Vizinhos,3,1,8
2025-07-05,2,Ordinary,Alex Warren,1,1,14
2025-07-05,3,Mussulo,DJ Malvado & DJ Aka-m Featuring Dody,2,1,17
2025-07-05,4,Famosinha,"DJ Caio Vieira, MC Rodrigo do CN E MC Meno K",4,4,4
2025-07-05,5,Interestelar,Plutonio,5,1,34
2025-07-05,6,La Plena (W Sound 05),"W Sound, Beele & Ovy On The Drums",7,6,7
2025-07-05,7,Deslocado,NAPA,6,1,16
2025-07-05,8,Amar Pela Metade,Calema,8,5,29
2025-07-05,9,Alcool & Prazer,Deejay Telio & Wet Bed Gang,13,9,8
2025-07-05,10,Show Me Love,WizTheMc,9,4,13
2025-07-05,11,I Adore You,HUGEL X Topic X Arash Featuring Daecolm,11,7,25
2025-07-05,12,DTMF,Bad Bunny,12,1,24
2025-07-05,13,No Tiene Sentido,Beele,15,13,3
2025-07-05,14,Montagem Bailao,"Repsaj, ATLXS & KC Jhey",14,14,3
2025-07-05,15,Manchild,Sabrina Carpenter,10,9,3
2025-07-05,16,Tipo Nino Vs Kabrinha,"DJ Biel Divulga, DJ Dozabri & MC LEKAO",16,16,2
2025-07-05,17,Move,"Adam Port, Stryv & Camila Cabello Feat. Malachiii",18,1,31
2025-07-05,18,Si Antes Te Hubiera Conocido,Karol G,19,1,46
2025-07-05,19,Leva Tudo,Calema X Dilsinho,21,19,3
2025-07-05,20,Descer,Kew & DJ LK da Escocia,17,4,17
2025-07-05,21,The First Time,Damiano David,-,21,1
2025-07-05,22,Mae Solteira,"DG E Batidao Stronda, J.Eskine, MC Davi & MC G15",20,1,16
2025-07-05,23,Beautiful Things,Benson Boone,24,1,62
2025-07-05,24,Messy,Lola Young,25,7,25
2025-07-05,25,Oh Garota Eu Quero Voce So Pra Mim,"Oruam, Ze Felipe & MC Tuto Featuring DJ LC da Roca, MC K9, MC Rodrigo do CN & mc pl alves",22,1,27
2025-07-12,1,Por do Sol,Vizinhos,1,1,9
2025-07-12,2,Ordinary,Alex Warren,2,1,15
2025-07-12,3,Mussulo,DJ Malvado & DJ Aka-m Featuring Dody,3,1,18
2025-07-12,4,Famosinha,"DJ Caio Vieira, MC Rodrigo do CN E MC Meno K",4,4,5
2025-07-12,5,La Plena (W Sound 05),"W Sound, Beele & Ovy On The Drums",6,5,8
2025-07-12,6,Alcool & Prazer,Deejay Telio & Wet Bed Gang,9,6,9
2025-07-12,7,Deslocado,NAPA,7,1,17
2025-07-12,8,Interestelar,Plutonio,5,1,35
2025-07-12,9,Amar Pela Metade,Calema,8,5,30
2025-07-12,10,Show Me Love,WizTheMc,10,4,14
2025-07-12,11,Artista Generico,VEIGH,-,11,1
2025-07-12,12,I Adore You,HUGEL X Topic X Arash Featuring Daecolm,11,7,26
2025-07-12,13,No Tiene Sentido,Beele,13,13,4
2025-07-12,14,DTMF,Bad Bunny,12,1,25
2025-07-12,15,Move,"Adam Port, Stryv & Camila Cabello Feat. Malachiii",17,1,32
2025-07-12,16,Si Antes Te Hubiera Conocido,Karol G,18,1,47
2025-07-12,17,Leva Tudo,Calema X Dilsinho,19,17,4
2025-07-12,18,Montagem Bailao,"Repsaj, ATLXS & KC Jhey",14,14,4
2025-07-12,19,Mae Solteira,"DG E Batidao Stronda, J.Eskine, MC Davi & MC G15",22,1,17
2025-07-12,20,Manchild,Sabrina Carpenter,15,9,4
2025-07-12,21,Tipo Nino Vs Kabrinha,"DJ Biel Divulga, DJ Dozabri & MC LEKAO",16,16,3
2025-07-12,22,Just Keep Watching,Tate McRae,-,12,3
2025-07-12,23,Beautiful Things,Benson Boone,23,1,63
2025-07-12,24,Descer,Kew & DJ LK da Escocia,20,4,18
2025-07-12,25,Messy,Lola Young,24,7,26
2025-07-19,1,Por do Sol,Vizinhos,1,1,10
2025-07-19,2,Ordinary,Alex Warren,2,1,16
2025-07-19,3,Mussulo,DJ Malvado & DJ Aka-m Featuring Dody,3,1,19
2025-07-19,4,Artista Generico,VEIGH,11,4,2
2025-07-19,5,La Plena (W Sound 05),"W Sound, Beele & Ovy On The Drums",5,5,9
2025-07-19,6,Famosinha,"DJ Caio Vieira, MC Rodrigo do CN E MC Meno K",4,4,6
2025-07-19,7,Alcool & Prazer,Deejay Telio & Wet Bed Gang,6,6,10
2025-07-19,8,Deslocado,NAPA,7,1,18
2025-07-19,9,Interestelar,Plutonio,8,1,36
2025-07-19,10,Show Me Love,WizTheMc,10,4,15
2025-07-19,11,Amar Pela Metade,Calema,9,5,31
2025-07-19,12,I Adore You,HUGEL X Topic X Arash Featuring Daecolm,12,7,27
2025-07-19,13,No Tiene Sentido,Beele,13,13,5
2025-07-19,14,DTMF,Bad Bunny,14,1,26
2025-07-19,15,Leva Tudo,Calema X Dilsinho,17,15,5
2025-07-19,16,Mae Solteira,"DG E Batidao Stronda, J.Eskine, MC Davi & MC G15",19,1,18
2025-07-19,17,Move,"Adam Port, Stryv & Camila Cabello Feat. Malachiii",15,1,33
2025-07-19,18,Pobre Ex-Namorado,Vizinhos,-,18,1
2025-07-19,19,Just Keep Watching,Tate McRae,22,12,4
2025-07-19,20,Si Antes Te Hubiera Conocido,Karol G,16,1,48
2025-07-19,21,Beautiful Things,Benson Boone,23,1,64
2025-07-19,22,Montagem Bailao,"Repsaj, ATLXS & KC Jhey",18,14,5
2025-07-19,23,Messy,Lola Young,25,7,27
2025-07-19,24,Tu Na Tua,ATOA x Luos Trigacheiro x Buba Espinho,-,24,1
2025-07-19,25,Nuevayol,Bad Bunny,-,3,14
2025-07-26,1,Por do Sol,Vizinhos,1,1,11
2025-07-26,2,Ordinary,Alex Warren,2,1,17
2025-07-26,3,Mussulo,DJ Malvado & DJ Aka-m Featuring Dody,3,1,20
2025-07-26,4,La Plena (W Sound 05),"W Sound, Beele & Ovy On The Drums",5,4,10
2025-07-26,5,Famosinha,"DJ Caio Vieira, MC Rodrigo do CN E MC Meno K",6,4,7
2025-07-26,6,Artista Generico,VEIGH,4,4,3
2025-07-26,7,No Tiene Sentido,Beele,13,7,6
2025-07-26,8,Alcool & Prazer,Deejay Telio & Wet Bed Gang,7,6,11
2025-07-26,9,Deslocado,NAPA,8,1,19
2025-07-26,10,Interestelar,Plutonio,9,1,37
2025-07-26,11,Amar Pela Metade,Calema,11,5,32
2025-07-26,12,Jump,BLACKPINK,-,12,1
2025-07-26,13,Show Me Love,WizTheMc,10,4,16
2025-07-26,14,I Adore You,HUGEL X Topic X Arash Featuring Daecolm,12,7,28
2025-07-26,15,Daisies,Justin Bieber,-,15,1
2025-07-26,16,DTMF,Bad Bunny,14,1,27
2025-07-26,17,Pobre Ex-Namorado,Vizinhos,18,17,2
2025-07-26,18,Tu Na Tua,ATOA x Luos Trigacheiro x Buba Espinho,24,18,2
2025-07-26,19,Beautiful Things,Benson Boone,21,1,65
2025-07-26,20,Leva Tudo,Calema X Dilsinho,15,15,6
2025-07-26,21,Que O Amor Te Salve Nesta Noite Escura,Pedro Abrunhosa & Sara Correia,-,21,1
2025-07-26,22,Mae Solteira,"DG E Batidao Stronda, J.Eskine, MC Davi & MC G15",16,1,19
2025-07-26,23,Si Antes Te Hubiera Conocido,Karol G,20,1,49
2025-07-26,24,Move,"Adam Port, Stryv & Camila Cabello Feat. Malachiii",17,1,34
2025-07-26,25,Just Keep Watching,Tate McRae,19,12,5
2025-08-02,1,Por do Sol,Vizinhos,1,1,12
2025-08-02,2,Ordinary,Alex Warren,2,1,18
2025-08-02,3,La Plena (W Sound 05),"W Sound, Beele & Ovy On The Drums",4,3,11
2025-08-02,4,Mussulo,DJ Malvado & DJ Aka-m Featuring Dody,3,1,21
2025-08-02,5,No Tiene Sentido,Beele,7,5,7
2025-08-02,6,Famosinha,"DJ Caio Vieira, MC Rodrigo do CN E MC Meno K",5,4,8
2025-08-02,7,Alcool & Prazer,Deejay Telio & Wet Bed Gang,8,6,12
2025-08-02,8,Interestelar,Plutonio,10,1,38
2025-08-02,9,Deslocado,NAPA,9,1,20
2025-08-02,10,Artista Generico,VEIGH,6,4,4
2025-08-02,11,Amar Pela Metade,Calema,11,5,33
2025-08-02,12,Tu Na Tua,ATOA x Luos Trigacheiro x Buba Espinho,18,12,3
2025-08-02,13,I Adore You,HUGEL X Topic X Arash Featuring Daecolm,14,7,29
2025-08-02,14,Pobre Ex-Namorado,Vizinhos,17,14,3
2025-08-02,15,Show Me Love,WizTheMc,13,4,17
2025-08-02,16,Que O Amor Te Salve Nesta Noite Escura,Pedro Abrunhosa & Sara Correia,21,16,2
2025-08-02,17,DTMF,Bad Bunny,16,1,28
2025-08-02,18,Leva Tudo,Calema X Dilsinho,20,15,7
2025-08-02,19,Daisies,Justin Bieber,15,15,2
2025-08-02,20,Si Antes Te Hubiera Conocido,Karol G,23,1,50
2025-08-02,21,Move,"Adam Port, Stryv & Camila Cabello Feat. Malachiii",24,1,35
2025-08-02,22,Mae Solteira,"DG E Batidao Stronda, J.Eskine, MC Davi & MC G15",22,1,20
2025-08-02,23,Golden,"HUNTR/X: EJAE, Audrey Nuna & REI AMI",-,23,1
2025-08-02,24,Nuevayol,Bad Bunny,-,3,15
2025-08-02,25,Jump,BLACKPINK,12,12,2
2025-08-09,1,Por do Sol,Vizinhos,1,1,13
2025-08-09,2,Ordinary,Alex Warren,2,1,19
2025-08-09,3,La Plena (W Sound 05),"W Sound, Beele & Ovy On The Drums",3,3,12
2025-08-09,4,Mussulo,DJ Malvado & DJ Aka-m Featuring Dody,4,1,22
2025-08-09,5,Famosinha,"DJ Caio Vieira, MC Rodrigo do CN E MC Meno K",6,4,9
2025-08-09,6,No Tiene Sentido,Beele,5,5,8
2025-08-09,7,Alcool & Prazer,Deejay Telio & Wet Bed Gang,7,6,13
2025-08-09,8,Interestelar,Plutonio,8,1,39
2025-08-09,9,Deslocado,NAPA,9,1,21
2025-08-09,10,Tu Na Tua,ATOA x Luos Trigacheiro x Buba Espinho,12,10,4
2025-08-09,11,Amar Pela Metade,Calema,11,5,34
2025-08-09,12,I Adore You,HUGEL X Topic X Arash Featuring Daecolm,13,7,30
2025-08-09,13,Show Me Love,WizTheMc,15,4,18
2025-08-09,14,Pobre Ex-Namorado,Vizinhos,14,14,4
2025-08-09,15,DTMF,Bad Bunny,17,1,29
2025-08-09,16,Golden,"HUNTR/X: EJAE, Audrey Nuna & REI AMI",23,16,2
2025-08-09,17,Artista Generico,VEIGH,10,4,5
2025-08-09,18,Leva Tudo,Calema X Dilsinho,18,15,8
2025-08-09,19,Que O Amor Te Salve Nesta Noite Escura,Pedro Abrunhosa & Sara Correia,16,16,3
2025-08-09,20,Si Antes Te Hubiera Conocido,Karol G,20,1,51
2025-08-09,21,Move,"Adam Port, Stryv & Camila Cabello Feat. Malachiii",21,1,36
2025-08-09,22,Mae Solteira,"DG E Batidao Stronda, J.Eskine, MC Davi & MC G15",22,1,21
2025-08-09,23,Which One,Drake & Central Cee,-,23,1
2025-08-09,24,Nuevayol,Bad Bunny,24,3,16
2025-08-09,25,Fui Mlk,"Nilo, MC Paiva, DJ Di Marques & Kyo",-,3,29
2025-08-16,1,Por do Sol,Vizinhos,1,1,14
2025-08-16,2,La Plena (W Sound 05),"W Sound, Beele & Ovy On The Drums",3,2,13
2025-08-16,3,Ordinary,Alex Warren,2,1,20
2025-08-16,4,Mussulo,DJ Malvado & DJ Aka-m Featuring Dody,4,1,23
2025-08-16,5,Famosinha,"DJ Caio Vieira, MC Rodrigo do CN E MC Meno K",5,4,10
2025-08-16,6,No Tiene Sentido,Beele,6,5,9
2025-08-16,7,Alcool & Prazer,Deejay Telio & Wet Bed Gang,7,6,14
2025-08-16,8,Show Me Love,WizTheMc,13,4,19
2025-08-16,9,Interestelar,Plutonio,8,1,40
2025-08-16,10,Deslocado,NAPA,9,1,22
2025-08-16,11,Tu Na Tua,ATOA x Luos Trigacheiro x Buba Espinho,10,10,5
2025-08-16,12,Amar Pela Metade,Calema,11,5,35
2025-08-16,13,I Adore You,HUGEL X Topic X Arash Featuring Daecolm,12,7,31
2025-08-16,14,DTMF,Bad Bunny,15,1,30
2025-08-16,15,Golden,"HUNTR/X: EJAE, Audrey Nuna & REI AMI",16,15,3
2025-08-16,16,Pobre Ex-Namorado,Vizinhos,14,14,5
2025-08-16,17,Leva Tudo,Calema X Dilsinho,18,15,9
2025-08-16,18,The Subway,Chappell Roan,-,18,1
2025-08-16,19,Move,"Adam Port, Stryv & Camila Cabello Feat. Malachiii",21,1,37
2025-08-16,20,Si Antes Te Hubiera Conocido,Karol G,20,1,52
2025-08-16,21,Que O Amor Te Salve Nesta Noite Escura,Pedro Abrunhosa & Sara Correia,19,16,4
2025-08-16,22,Yo y Tu,"Ovy On The Drums , Quevedo & Beele",-,22,1
2025-08-16,23,Eu Vou na Sua Casa,"Felipe Amorim, Vitao & BIN Featuring Malibu",-,23,1
2025-08-16,24,Nuevayol,Bad Bunny,24,3,17
2025-08-16,25,Back To Friends,sombr,-,25,1
2025-08-23,1,Por do Sol,Vizinhos,1,1,15
2025-08-23,2,La Plena (W Sound 05),"W Sound, Beele & Ovy On The Drums",2,2,14
2025-08-23,3,Ordinary,Alex Warren,3,1,21
2025-08-23,4,Mussulo,DJ Malvado & DJ Aka-m Featuring Dody,4,1,24
2025-08-23,5,Famosinha,"DJ Caio Vieira, MC Rodrigo do CN E MC Meno K",5,4,11
2025-08-23,6,No Tiene Sentido,Beele,6,5,10
2025-08-23,7,Alcool & Prazer,Deejay Telio & Wet Bed Gang,7,6,15
2025-08-23,8,Interestelar,Plutonio,9,1,41
2025-08-23,9,Show Me Love,WizTheMc,8,4,20
2025-08-23,10,Amar Pela Metade,Calema,12,5,36
2025-08-23,11,Tu Na Tua,ATOA x Luos Trigacheiro x Buba Espinho,11,10,6
2025-08-23,12,Deslocado,NAPA,10,1,23
2025-08-23,13,Pobre Ex-Namorado,Vizinhos,16,13,6
2025-08-23,14,I Adore You,HUGEL X Topic X Arash Featuring Daecolm,13,7,32
2025-08-23,15,Golden,"HUNTR/X: EJAE, Audrey Nuna & REI AMI",15,15,4
2025-08-23,16,DTMF,Bad Bunny,14,1,31
2025-08-23,17,Leva Tudo,Calema X Dilsinho,17,15,10
2025-08-23,18,Eu Vou na Sua Casa,"Felipe Amorim, Vitao & BIN Featuring Malibu",23,18,2
2025-08-23,19,Yo y Tu,"Ovy On The Drums , Quevedo & Beele",22,19,2
2025-08-23,20,Si Antes Te Hubiera Conocido,Karol G,20,1,53
2025-08-23,21,Move,"Adam Port, Stryv & Camila Cabello Feat. Malachiii",19,1,38
2025-08-23,22,Que O Amor Te Salve Nesta Noite Escura,Pedro Abrunhosa & Sara Correia,21,16,5
2025-08-23,23,Back To Friends,sombr,25,23,2
2025-08-23,24,Nuevayol,Bad Bunny,24,3,18
2025-08-23,25,Messy,Lola Young,-,7,28
2025-08-30,1,Por do Sol,Vizinhos,1,1,16
2025-08-30,2,La Plena (W Sound 05),"W Sound, Beele & Ovy On The Drums",2,2,15
2025-08-30,3,Ordinary,Alex Warren,3,1,22
2025-08-30,4,Mussulo,DJ Malvado & DJ Aka-m Featuring Dody,4,1,25
2025-08-30,5,Famosinha,"DJ Caio Vieira, MC Rodrigo do CN E MC Meno K",5,4,12
2025-08-30,6,No Tiene Sentido,Beele,6,5,11
2025-08-30,7,Tu Na Tua,ATOA x Luos Trigacheiro x Buba Espinho,11,7,7
2025-08-30,8,Alcool & Prazer,Deejay Telio & Wet Bed Gang,7,6,16
2025-08-30,9,Interestelar,Plutonio,8,1,42
2025-08-30,10,Pobre Ex-Namorado,Vizinhos,13,10,7
2025-08-30,11,Show Me Love,WizTheMc,9,4,21
2025-08-30,12,Amar Pela Metade,Calema,10,5,37
2025-08-30,13,Golden,"HUNTR/X: EJAE, Audrey Nuna & REI AMI",15,13,5
2025-08-30,14,Deslocado,NAPA,12,1,24
2025-08-30,15,DTMF,Bad Bunny,16,1,32
2025-08-30,16,I Adore You,HUGEL X Topic X Arash Featuring Daecolm,14,7,33
2025-08-30,17,Leva Tudo,Calema X Dilsinho,17,15,11
2025-08-30,18,Yo y Tu,"Ovy On The Drums , Quevedo & Beele",19,18,3
2025-08-30,19,Que O Amor Te Salve Nesta Noite Escura,Pedro Abrunhosa & Sara Correia,22,16,6
2025-08-30,20,Si Antes Te Hubiera Conocido,Karol G,20,1,54
2025-08-30,21,Nuevayol,Bad Bunny,24,3,19
2025-08-30,22,Back To Friends,sombr,23,22,3
2025-08-30,23,Messy,Lola Young,25,7,29
2025-08-30,24,P do Pecado (Puro Suco do Brasil),Menos E Mais & Simone Mendes,-,24,1
2025-08-30,25,Capaz,Alleh & Yorghaki,-,25,1
2025-09-06,1,Por do Sol,Vizinhos,1,1,17
2025-09-06,2,Ordinary,Alex Warren,3,1,23
2025-09-06,3,Tu Na Tua,ATOA x Luos Trigacheiro x Buba Espinho,7,3,8
2025-09-06,4,La Plena (W Sound 05),"W Sound, Beele & Ovy On The Drums",2,2,16
2025-09-06,5,Famosinha,"DJ Caio Vieira, MC Rodrigo do CN E MC Meno K",5,4,13
2025-09-06,6,Mussulo,DJ Malvado & DJ Aka-m Featuring Dody,4,1,26
2025-09-06,7,No Tiene Sentido,Beele,6,5,12
2025-09-06,8,Alcool & Prazer,Deejay Telio & Wet Bed Gang,8,6,17
2025-09-06,9,Interestelar,Plutonio,9,1,43
2025-09-06,10,Pobre Ex-Namorado,Vizinhos,10,10,8
2025-09-06,11,Golden,"HUNTR/X: EJAE, Audrey Nuna & REI AMI",13,11,6
2025-09-06,12,Amar Pela Metade,Calema,12,5,38
2025-09-06,13,Show Me Love,WizTheMc,11,4,22
2025-09-06,14,Deslocado,NAPA,14,1,25
2025-09-06,15,Que O Amor Te Salve Nesta Noite Escura,Pedro Abrunhosa & Sara Correia,19,15,7
2025-09-06,16,DTMF,Bad Bunny,15,1,33
2025-09-06,17,I Adore You,HUGEL X Topic X Arash Featuring Daecolm,16,7,34
2025-09-06,18,Leva Tudo,Calema X Dilsinho,17,15,12
2025-09-06,19,P do Pecado (Puro Suco do Brasil),Menos E Mais & Simone Mendes,24,19,2
2025-09-06,20,Yo y Tu,"Ovy On The Drums , Quevedo & Beele",18,18,4
2025-09-06,21,Nuevayol,Bad Bunny,21,3,20
2025-09-06,22,Si Antes Te Hubiera Conocido,Karol G,20,1,55
2025-09-06,23,Eu Vou na Sua Casa,"Felipe Amorim, Vitao & BIN Featuring Malibu",-,18,3
2025-09-06,24,Back To Friends,sombr,22,22,4
2025-09-06,25,Somos Iguais,Plutonio,-,24,4
2025-09-13,1,Por do Sol,Vizinhos,1,1,18
2025-09-13,2,Tears,Sabrina Carpenter,-,2,1
2025-09-13,3,Ordinary,Alex Warren,2,1,24
2025-09-13,4,Tu Na Tua,ATOA x Luos Trigacheiro x Buba Espinho,3,3,9
2025-09-13,5,Pobre Ex-Namorado,Vizinhos,10,5,9
2025-09-13,6,La Plena (W Sound 05),"W Sound, Beele & Ovy On The Drums",4,2,17
2025-09-13,7,Famosinha,"DJ Caio Vieira, MC Rodrigo do CN E MC Meno K",5,4,14
2025-09-13,8,No Tiene Sentido,Beele,7,5,13
2025-09-13,9,Golden,"HUNTR/X: EJAE, Audrey Nuna & REI AMI",11,9,7
2025-09-13,10,Alcool & Prazer,Deejay Telio & Wet Bed Gang,8,6,18
2025-09-13,11,Mussulo,DJ Malvado & DJ Aka-m Featuring Dody,6,1,27
2025-09-13,12,Interestelar,Plutonio,9,1,44
2025-09-13,13,Manchild,Sabrina Carpenter,-,9,5
2025-09-13,14,Amar Pela Metade,Calema,12,5,39
2025-09-13,15,Falsa Tuga,MC Petite Abelha,-,15,1
2025-09-13,16,Deslocado,NAPA,14,1,26
2025-09-13,17,Show Me Love,WizTheMc,13,4,23
2025-09-13,18,Goodbye,Sabrina Carpenter,-,18,1
2025-09-13,19,My Man On Willpower,Sabrina Carpenter,-,19,1
2025-09-13,20,When Did You Get Hot?,Sabrina Carpenter,-,20,1
2025-09-13,21,Sugar Talking,Sabrina Carpenter,-,21,1
2025-09-13,22,Go Go Juice,Sabrina Carpenter,-,22,1
2025-09-13,23,Que O Amor Te Salve Nesta Noite Escura,Pedro Abrunhosa & Sara Correia,15,15,8
2025-09-13,24,Leva Tudo,Calema X Dilsinho,18,15,13
2025-09-13,25,Nobody's Son,Sabrina Carpenter,-,25,1
2025-09-20,1,Por do Sol,Vizinhos,1,1,19
2025-09-20,2,Ordinary,Alex Warren,3,1,25
2025-09-20,3,Pobre Ex-Namorado,Vizinhos,5,3,10
2025-09-20,4,Tu Na Tua,ATOA x Luos Trigacheiro x Buba Espinho,4,3,10
2025-09-20,5,Golden,"HUNTR/X: EJAE, Audrey Nuna & REI AMI",9,5,8
2025-09-20,6,No Tiene Sentido,Beele,8,5,14
2025-09-20,7,Famosinha,"DJ Caio Vieira, MC Rodrigo do CN E MC Meno K",7,4,15
2025-09-20,8,La Plena (W Sound 05),"W Sound, Beele & Ovy On The Drums",6,2,18
2025-09-20,9,Interestelar,Plutonio,12,1,45
2025-09-20,10,Falsa Tuga,MC Petite Abelha,15,10,2
2025-09-20,11,Alcool & Prazer,Deejay Telio & Wet Bed Gang,10,6,19
2025-09-20,12,Mussulo,DJ Malvado & DJ Aka-m Featuring Dody,11,1,28
2025-09-20,13,Tears,Sabrina Carpenter,2,2,2
2025-09-20,14,Amar Pela Metade,Calema,14,5,40
2025-09-20,15,Que O Amor Te Salve Nesta Noite Escura,Pedro Abrunhosa & Sara Correia,23,15,9
2025-09-20,16,Deslocado,NAPA,16,1,27
2025-09-20,17,Sequencia Feiticeira,"PEDRO SAMPAIO Featuring MC GW, MC Jhey, MC Rodrigo do CN & MC Nito",-,17,1
2025-09-20,18,Show Me Love,WizTheMc,17,4,24
2025-09-20,19,Manchild,Sabrina Carpenter,13,9,6
2025-09-20,20,Leva Tudo,Calema X Dilsinho,24,15,14
2025-09-20,21,I Adore You,HUGEL X Topic X Arash Featuring Daecolm,-,7,35
2025-09-20,22,Back To Friends,sombr,-,22,5
2025-09-20,23,Yo y Tu,"Ovy On The Drums , Quevedo & Beele",-,18,5
2025-09-20,24,DTMF,Bad Bunny,-,1,34
2025-09-20,25,P do Pecado (Puro Suco do Brasil),Menos E Mais & Simone Mendes,-,19,3
2025-09-27,1,Por do Sol,Vizinhos,1,1,20
2025-09-27,2,Ordinary,Alex Warren,2,1,26
2025-09-27,3,Tu Na Tua,ATOA x Luos Trigacheiro x Buba Espinho,4,3,11
2025-09-27,4,Golden,"HUNTR/X: EJAE, Audrey Nuna & REI AMI",5,4,9
2025-09-27,5,Pobre Ex-Namorado,Vizinhos,3,3,11
2025-09-27,6,No Tiene Sentido,Beele,6,5,15
2025-09-27,7,Famosinha,"DJ Caio Vieira, MC Rodrigo do CN E MC Meno K",7,4,16
2025-09-27,8,La Plena (W Sound 05),"W Sound, Beele & Ovy On The Drums",8,2,19
2025-09-27,9,Sequencia Feiticeira,"PEDRO SAMPAIO Featuring MC GW, MC Jhey, MC Rodrigo do CN & MC Nito",17,9,2
2025-09-27,10,Interestelar,Plutonio,9,1,46
2025-09-27,11,Mussulo,DJ Malvado & DJ Aka-m Featuring Dody,12,1,29
2025-09-27,12,Alcool & Prazer,Deejay Telio & Wet Bed Gang,11,6,20
2025-09-27,13,Amar Pela Metade,Calema,14,5,41
2025-09-27,14,Tears,Sabrina Carpenter,13,2,3
2025-09-27,15,Que O Amor Te Salve Nesta Noite Escura,Pedro Abrunhosa & Sara Correia,15,15,10
2025-09-27,16,teletubbies,YeezYuri Featuring Wet Bed Gang,-,16,1
2025-09-27,17,Leva Tudo,Calema X Dilsinho,20,15,15
2025-09-27,18,Deslocado,NAPA,16,1,28
2025-09-27,19,I Adore You,HUGEL X Topic X Arash Featuring Daecolm,21,7,36
2025-09-27,20,Show Me Love,WizTheMc,18,4,25
2025-09-27,21,Back To Friends,sombr,22,21,6
2025-09-27,22,P do Pecado (Puro Suco do Brasil),Menos E Mais & Simone Mendes,25,19,4
2025-09-27,23,DTMF,Bad Bunny,24,1,35
2025-09-27,24,Manchild,Sabrina Carpenter,19,9,7
2025-09-27,25,Yo y Tu,"Ovy On The Drums , Quevedo & Beele",23,18,6
2025-10-04,1,Por do Sol,Vizinhos,1,1,21
2025-10-04,2,Golden,"HUNTR/X: EJAE, Audrey Nuna & REI AMI",4,2,10
2025-10-04,3,Sequencia Feiticeira,"PEDRO SAMPAIO Featuring MC GW, MC Jhey, MC Rodrigo do CN & MC Nito",9,3,3
2025-10-04,4,Ordinary,Alex Warren,2,1,27
2025-10-04,5,Tu Na Tua,ATOA x Luos Trigacheiro x Buba Espinho,3,3,12
2025-10-04,6,No Tiene Sentido,Beele,6,5,16
2025-10-04,7,Pobre Ex-Namorado,Vizinhos,5,3,12
2025-10-04,8,Famosinha,"DJ Caio Vieira, MC Rodrigo do CN E MC Meno K",7,4,17
2025-10-04,9,La Plena (W Sound 05),"W Sound, Beele & Ovy On The Drums",8,2,20
2025-10-04,10,Alcool & Prazer,Deejay Telio & Wet Bed Gang,12,6,21
2025-10-04,11,Interestelar,Plutonio,10,1,47
2025-10-04,12,Mussulo,DJ Malvado & DJ Aka-m Featuring Dody,11,1,30
2025-10-04,13,Amar Pela Metade,Calema,13,5,42
2025-10-04,14,Que O Amor Te Salve Nesta Noite Escura,Pedro Abrunhosa & Sara Correia,15,14,11
2025-10-04,15,teletubbies,YeezYuri Featuring Wet Bed Gang,16,15,2
2025-10-04,16,Leva Tudo,Calema X Dilsinho,17,15,16
2025-10-04,17,Back To Friends,sombr,21,17,7
2025-10-04,18,Deslocado,NAPA,18,1,29
2025-10-04,19,Tears,Sabrina Carpenter,14,2,4
2025-10-04,20,Show Me Love,WizTheMc,20,4,26
2025-10-04,21,I Adore You,HUGEL X Topic X Arash Featuring Daecolm,19,7,37
2025-10-04,22,Champions League,Mizzy Miles Featuring Slow J & Gson,-,8,12
2025-10-04,23,DTMF,Bad Bunny,23,1,36
2025-10-04,24,Man I Need,Olivia Dean,-,24,1
2025-10-04,25,P do Pecado (Puro Suco do Brasil),Menos E Mais & Simone Mendes,22,19,5
2025-10-11,1,Por do Sol,Vizinhos,1,1,22
2025-10-11,2,Sequencia Feiticeira,"PEDRO SAMPAIO Featuring MC GW, MC Jhey, MC Rodrigo do CN & MC Nito",3,2,4
2025-10-11,3,Golden,"HUNTR/X: EJAE, Audrey Nuna & REI AMI",2,2,11
2025-10-11,4,Tu Na Tua,ATOA x Luos Trigacheiro x Buba Espinho,5,3,13
2025-10-11,5,Ordinary,Alex Warren,4,1,28
2025-10-11,6,Pobre Ex-Namorado,Vizinhos,7,3,13
2025-10-11,7,No Tiene Sentido,Beele,6,5,17
2025-10-11,8,Famosinha,"DJ Caio Vieira, MC Rodrigo do CN E MC Meno K",8,4,18
2025-10-11,9,Alcool & Prazer,Deejay Telio & Wet Bed Gang,10,6,22
2025-10-11,10,La Plena (W Sound 05),"W Sound, Beele & Ovy On The Drums",9,2,21
2025-10-11,11,Interestelar,Plutonio,11,1,48
2025-10-11,12,Amar Pela Metade,Calema,13,5,43
2025-10-11,13,Tit For Tat,Tate McRae,-,13,1
2025-10-11,14,Que O Amor Te Salve Nesta Noite Escura,Pedro Abrunhosa & Sara Correia,14,14,12
2025-10-11,15,Mussulo,DJ Malvado & DJ Aka-m Featuring Dody,12,1,31
2025-10-11,16,Man I Need,Olivia Dean,24,16,2
2025-10-11,17,Leva Tudo,Calema X Dilsinho,16,15,17
2025-10-11,18,Back To Friends,sombr,17,17,8
2025-10-11,19,teletubbies,YeezYuri Featuring Wet Bed Gang,15,15,3
2025-10-11,20,Deslocado,NAPA,18,1,30
2025-10-11,21,DTMF,Bad Bunny,23,1,37
2025-10-11,22,Where Is My Husband!,RAYE,-,22,1
2025-10-11,23,Somos Iguais,Plutonio,-,23,5
2025-10-11,24,Eu Vou na Sua Casa,"Felipe Amorim, Vitao & BIN Featuring Malibu",-,18,4
2025-10-11,25,P do Pecado (Puro Suco do Brasil),Menos E Mais & Simone Mendes,25,19,6
2025-10-18,1,The Fate Of Ophelia,Taylor Swift,-,1,1
2025-10-18,2,Opalite,Taylor Swift,-,2,1
2025-10-18,3,Elizabeth Taylor,Taylor Swift,-,3,1
2025-10-18,4,Sequencia Feiticeira,"PEDRO SAMPAIO Featuring MC GW, MC Jhey, MC Rodrigo do CN & MC Nito",2,2,5
2025-10-18,5,Por do Sol,Vizinhos,1,1,23
2025-10-18,6,Father Figure,Taylor Swift,-,6,1
2025-10-18,7,Cancelled!,Taylor Swift,-,7,1
2025-10-18,8,Golden,"HUNTR/X: EJAE, Audrey Nuna & REI AMI",3,2,12
2025-10-18,9,Wi$h Li$t,Taylor Swift,-,9,1
2025-10-18,10,Actually Romantic,Taylor Swift,-,10,1
2025-10-18,11,Eldest Daughter,Taylor Swift,-,11,1
2025-10-18,12,Wood,Taylor Swift,-,12,1
2025-10-18,13,The Life Of A Showgirl,Taylor Swift Featuring Sabrina Carpenter,-,13,1
2025-10-18,14,Ruin The Friendship,Taylor Swift,-,14,1
2025-10-18,15,Tu Na Tua,ATOA x Luos Trigacheiro x Buba Espinho,4,3,14
2025-10-18,16,Ordinary,Alex Warren,5,1,29
2025-10-18,17,Honey,Taylor Swift,-,17,1
2025-10-18,18,Pobre Ex-Namorado,Vizinhos,6,3,14
2025-10-18,19,No Tiene Sentido,Beele,7,5,18
2025-10-18,20,Famosinha,"DJ Caio Vieira, MC Rodrigo do CN E MC Meno K",8,4,19
2025-10-18,21,Alcool & Prazer,Deejay Telio & Wet Bed Gang,9,6,23
2025-10-18,22,La Plena (W Sound 05),"W Sound, Beele & Ovy On The Drums",10,2,22
2025-10-18,23,Interestelar,Plutonio,11,1,49
2025-10-18,24,Sua Boca Mente,Ze Felipe & Ana Castela,-,24,1
2025-10-18,25,Amar Pela Metade,Calema,12,5,44
2025-10-25,1,The Fate Of Ophelia,Taylor Swift,1,1,2
2025-10-25,2,Sequencia Feiticeira,"PEDRO SAMPAIO Featuring MC GW, MC Jhey, MC Rodrigo do CN & MC Nito",4,2,6
2025-10-25,3,Golden,"HUNTR/X: EJAE, Audrey Nuna & REI AMI",8,2,13
2025-10-25,4,Por do Sol,Vizinhos,5,1,24
2025-10-25,5,Opalite,Taylor Swift,2,2,2
2025-10-25,6,Tu Na Tua,ATOA x Luos Trigacheiro x Buba Espinho,15,3,15
2025-10-25,7,Ordinary,Alex Warren,16,1,30
2025-10-25,8,Pobre Ex-Namorado,Vizinhos,18,3,15
2025-10-25,9,No Tiene Sentido,Beele,19,5,19
2025-10-25,10,Elizabeth Taylor,Taylor Swift,3,3,2
2025-10-25,11,Famosinha,"DJ Caio Vieira, MC Rodrigo do CN E MC Meno K",20,4,20
2025-10-25,12,Interestelar,Plutonio,23,1,50
2025-10-25,13,Alcool & Prazer,Deejay Telio & Wet Bed Gang,21,6,24
2025-10-25,14,Sua Boca Mente,Ze Felipe & Ana Castela,24,14,2
2025-10-25,15,Father Figure,Taylor Swift,6,6,2
2025-10-25,16,Amar Pela Metade,Calema,25,5,45
2025-10-25,17,La Plena (W Sound 05),"W Sound, Beele & Ovy On The Drums",22,2,23
2025-10-25,18,Talvez Voce Precise de Mim,VEIGH,-,18,1
2025-10-25,19,Man I Need,Olivia Dean,-,16,3
2025-10-25,20,The Life Of A Showgirl,Taylor Swift Featuring Sabrina Carpenter,13,13,2
2025-10-25,21,Que O Amor Te Salve Nesta Noite Escura,Pedro Abrunhosa & Sara Correia,-,14,13
2025-10-25,22,Wi$h Li$t,Taylor Swift,9,9,2
2025-10-25,23,Casar E Pra Esquecer,Vizinhos,-,23,1
2025-10-25,24,Leva Tudo,Calema X Dilsinho,-,15,18
2025-10-25,25,Cancelled!,Taylor Swift,7,7,2
2025-11-01,1,The Fate Of Ophelia,Taylor Swift,1,1,3
2025-11-01,2,Sequencia Feiticeira,"PEDRO SAMPAIO Featuring MC GW, MC Jhey, MC Rodrigo do CN & MC Nito",2,2,7
2025-11-01,3,Golden,"HUNTR/X: EJAE, Audrey Nuna & REI AMI",3,2,14
2025-11-01,4,Por do Sol,Vizinhos,4,1,25
2025-11-01,5,Posso Ate Nao Te Dar Flores,"DJ Japa NK, MC Jacare, MC Meno K, MC Ryan SP & DJ DAVI DOGDOG",-,5,1
2025-11-01,6,Tu Na Tua,ATOA x Luos Trigacheiro x Buba Espinho,6,3,16
2025-11-01,7,Ordinary,Alex Warren,7,1,31
2025-11-01,8,Pobre Ex-Namorado,Vizinhos,8,3,16
2025-11-01,9,Famosinha,"DJ Caio Vieira, MC Rodrigo do CN E MC Meno K",11,4,21
2025-11-01,10,No Tiene Sentido,Beele,9,5,20
2025-11-01,11,Opalite,Taylor Swift,5,2,3
2025-11-01,12,Interestelar,Plutonio,12,1,51
2025-11-01,13,Alcool & Prazer,Deejay Telio & Wet Bed Gang,13,6,25
2025-11-01,14,Man I Need,Olivia Dean,19,14,4
2025-11-01,15,Amar Pela Metade,Calema,16,5,46
2025-11-01,16,Talvez Voce Precise de Mim,VEIGH,18,16,2
2025-11-01,17,La Plena (W Sound 05),"W Sound, Beele & Ovy On The Drums",17,2,24
2025-11-01,18,Que O Amor Te Salve Nesta Noite Escura,Pedro Abrunhosa & Sara Correia,21,14,14
2025-11-01,19,Sua Boca Mente,Ze Felipe & Ana Castela,14,14,3
2025-11-01,20,Leva Tudo,Calema X Dilsinho,24,15,19
2025-11-01,21,So Easy (To Fall In Love),Olivia Dean,-,21,1
2025-11-01,22,Dracula,Tame Impala & JENNIE,-,22,1
2025-11-01,23,Back To Friends,sombr,-,17,9
2025-11-01,24,Elizabeth Taylor,Taylor Swift,10,3,3
2025-11-01,25,Lose Control,Teddy Swims,-,5,54
2025-11-08,1,Posso Ate Nao Te Dar Flores,"DJ Japa NK, MC Jacare, MC Meno K, MC Ryan SP & DJ DAVI DOGDOG",5,1,2
2025-11-08,2,Sequencia Feiticeira,"PEDRO SAMPAIO Featuring MC GW, MC Jhey, MC Rodrigo do CN & MC Nito",2,2,8
2025-11-08,3,The Fate Of Ophelia,Taylor Swift,1,1,4
2025-11-08,4,Golden,"HUNTR/X: EJAE, Audrey Nuna & REI AMI",3,2,15
2025-11-08,5,Por do Sol,Vizinhos,4,1,26
2025-11-08,6,Ordinary,Alex Warren,7,1,32
2025-11-08,7,Famosinha,"DJ Caio Vieira, MC Rodrigo do CN E MC Meno K",9,4,22
2025-11-08,8,Tu Na Tua,ATOA x Luos Trigacheiro x Buba Espinho,6,3,17
2025-11-08,9,Berghain,"ROSALIA, Bjork & Yves Tumor",-,9,1
2025-11-08,10,No Tiene Sentido,Beele,10,5,21
2025-11-08,11,Pobre Ex-Namorado,Vizinhos,8,3,17
2025-11-08,12,Talvez Voce Precise de Mim,VEIGH,16,12,3
2025-11-08,13,Man I Need,Olivia Dean,14,13,5
2025-11-08,14,Interestelar,Plutonio,12,1,52
2025-11-08,15,Alcool & Prazer,Deejay Telio & Wet Bed Gang,13,6,26
2025-11-08,16,So Easy (To Fall In Love),Olivia Dean,21,16,2
2025-11-08,17,Amar Pela Metade,Calema,15,5,47
2025-11-08,18,La Plena (W Sound 05),"W Sound, Beele & Ovy On The Drums",17,2,25
2025-11-08,19,Opalite,Taylor Swift,11,2,4
2025-11-08,20,Lose Control,Teddy Swims,25,5,55
2025-11-08,21,ME POSTOU NO DAILY (Festa Do Big G),"MC GP, MC Lele JP, DAVI DOGDOG E DJ Andrabeat",-,21,1
2025-11-08,22,Que O Amor Te Salve Nesta Noite Escura,Pedro Abrunhosa & Sara Correia,18,14,15
2025-11-08,23,Sua Boca Mente,Ze Felipe & Ana Castela,19,14,4
2025-11-08,24,Back To Friends,sombr,23,17,10
2025-11-08,25,Leva Tudo,Calema X Dilsinho,20,15,20
2025-11-15,1,Posso Ate Nao Te Dar Flores,"DJ Japa NK, MC Jacare, MC Meno K, MC Ryan SP & DJ DAVI DOGDOG",1,1,3
2025-11-15,2,Sequencia Feiticeira,"PEDRO SAMPAIO Featuring MC GW, MC Jhey, MC Rodrigo do CN & MC Nito",2,2,9
2025-11-15,3,The Fate Of Ophelia,Taylor Swift,3,1,5
2025-11-15,4,Golden,"HUNTR/X: EJAE, Audrey Nuna & REI AMI",4,2,16
2025-11-15,5,Por do Sol,Vizinhos,5,1,27
2025-11-15,6,Berghain,"ROSALIA, Bjork & Yves Tumor",9,6,2
2025-11-15,7,Famosinha,"DJ Caio Vieira, MC Rodrigo do CN E MC Meno K",7,4,23
2025-11-15,8,Ordinary,Alex Warren,6,1,33
2025-11-15,9,Tu Na Tua,ATOA x Luos Trigacheiro x Buba Espinho,8,3,18
2025-11-15,10,Man I Need,Olivia Dean,13,10,6
2025-11-15,11,Talvez Voce Precise de Mim,VEIGH,12,11,4
2025-11-15,12,Interestelar,Plutonio,14,1,53
2025-11-15,13,ME POSTOU NO DAILY (Festa Do Big G),"MC GP, MC Lele JP, DAVI DOGDOG E DJ Andrabeat",21,13,2
2025-11-15,14,No Tiene Sentido,Beele,10,5,22
2025-11-15,15,Amar Pela Metade,Calema,17,5,48
2025-11-15,16,So Easy (To Fall In Love),Olivia Dean,16,16,3
2025-11-15,17,Alcool & Prazer,Deejay Telio & Wet Bed Gang,15,6,27
2025-11-15,18,Pobre Ex-Namorado,Vizinhos,11,3,18
2025-11-15,19,Opalite,Taylor Swift,19,2,5
2025-11-15,20,Lose Control,Teddy Swims,20,5,56
2025-11-15,21,Que O Amor Te Salve Nesta Noite Escura,Pedro Abrunhosa & Sara Correia,22,14,16
2025-11-15,22,Where Is My Husband!,RAYE,-,22,2
2025-11-15,23,P do Pecado (Puro Suco do Brasil),Menos E Mais & Simone Mendes,-,19,7
2025-11-15,24,Casar E Pra Esquecer,Vizinhos,-,23,2
2025-11-15,25,La Plena (W Sound 05),"W Sound, Beele & Ovy On The Drums",18,2,26
2025-11-22,1,Posso Ate Nao Te Dar Flores,"DJ Japa NK, MC Jacare, MC Meno K, MC Ryan SP & DJ DAVI DOGDOG",1,1,4
2025-11-22,2,Memoria,ROSALIA & Carminho,-,2,1
2025-11-22,3,Berghain,"ROSALIA, Bjork & Yves Tumor",6,3,3
2025-11-22,4,Sequencia Feiticeira,"PEDRO SAMPAIO Featuring MC GW, MC Jhey, MC Rodrigo do CN & MC Nito",2,2,10
2025-11-22,5,Reliquia,ROSALIA,-,5,1
2025-11-22,6,La Perla,ROSALIA & Yahritza y Su Esencia,-,6,1
2025-11-22,7,"Sexo, Violencia y Llantas",ROSALIA,-,7,1
2025-11-22,8,The Fate Of Ophelia,Taylor Swift,3,1,6
2025-11-22,9,Divinize,ROSALIA,-,9,1
2025-11-22,10,Por do Sol,Vizinhos,5,1,28
2025-11-22,11,Golden,"HUNTR/X: EJAE, Audrey Nuna & REI AMI",4,2,17
2025-11-22,12,Porcelana,ROSALIA,-,12,1
2025-11-22,13,Magnolias,ROSALIA,-,13,1
2025-11-22,14,Mio Cristo Piange Diamanti,ROSALIA,-,14,1
2025-11-22,15,Dios Es Un Stalker,ROSALIA,-,15,1
2025-11-22,16,La Yugular,ROSALIA,-,16,1
2025-11-22,17,De Madruga,ROSALIA,-,17,1
2025-11-22,18,Mundo Nuevo,ROSALIA,-,18,1
2025-11-22,19,Talvez Voce Precise de Mim,VEIGH,11,11,5
2025-11-22,20,Famosinha,"DJ Caio Vieira, MC Rodrigo do CN E MC Meno K",7,4,24
2025-11-22,21,Sauvignon Blanc,ROSALIA,-,21,1
2025-11-22,22,La Rumba del Perdon,"ROSALIA, Estrella Morente & Silvia Perez Cruz",-,22,1
2025-11-22,23,Ordinary,Alex Warren,8,1,34
2025-11-22,24,Tu Na Tua,ATOA x Luos Trigacheiro x Buba Espinho,9,3,19
2025-11-22,25,Man I Need,Olivia Dean,10,10,7
2025-11-29,1,Posso Ate Nao Te Dar Flores,"DJ Japa NK, MC Jacare, MC Meno K, MC Ryan SP & DJ DAVI DOGDOG",1,1,5
2025-11-29,2,Sequencia Feiticeira,"PEDRO SAMPAIO Featuring MC GW, MC Jhey, MC Rodrigo do CN & MC Nito",4,2,11
2025-11-29,3,The Fate Of Ophelia,Taylor Swift,8,1,7
2025-11-29,4,Por do Sol,Vizinhos,10,1,29
2025-11-29,5,Memoria,ROSALIA & Carminho,2,2,2
2025-11-29,6,Golden,"HUNTR/X: EJAE, Audrey Nuna & REI AMI",11,2,18
2025-11-29,7,La Perla,ROSALIA & Yahritza y Su Esencia,6,6,2
2025-11-29,8,Talvez Voce Precise de Mim,VEIGH,19,8,6
2025-11-29,9,Berghain,"ROSALIA, Bjork & Yves Tumor",3,3,4
2025-11-29,10,Famosinha,"DJ Caio Vieira, MC Rodrigo do CN E MC Meno K",20,4,25
2025-11-29,11,Reliquia,ROSALIA,5,5,2
2025-11-29,12,Tu Na Tua,ATOA x Luos Trigacheiro x Buba Espinho,24,3,20
2025-11-29,13,Ordinary,Alex Warren,23,1,35
2025-11-29,14,"Sexo, Violencia y Llantas",ROSALIA,7,7,2
2025-11-29,15,Man I Need,Olivia Dean,25,10,8
2025-11-29,16,ME POSTOU NO DAILY (Festa Do Big G),"MC GP, MC Lele JP, DAVI DOGDOG E DJ Andrabeat",-,13,3
2025-11-29,17,So Easy (To Fall In Love),Olivia Dean,-,16,4
2025-11-29,18,Montagem Camera Lenta,"DJ Duarte, DJ ORBITAL, Dj Rs & Error Records",-,18,1
2025-11-29,19,Interestelar,Plutonio,-,1,54
2025-11-29,20,Where Is My Husband!,RAYE,-,20,3
2025-11-29,21,Amar Pela Metade,Calema,-,5,49
2025-11-29,22,Pobre Ex-Namorado,Vizinhos,-,3,19
2025-11-29,23,Casar E Pra Esquecer,Vizinhos,-,23,3
2025-11-29,24,Divinize,ROSALIA,9,9,2
2025-11-29,25,"1,2,3",ZARKO Featuring Latte,-,25,1
2025-12-06,1,Posso Ate Nao Te Dar Flores,"DJ Japa NK, MC Jacare, MC Meno K, MC Ryan SP & DJ DAVI DOGDOG",1,1,6
2025-12-06,2,Sequencia Feiticeira,"PEDRO SAMPAIO Featuring MC GW, MC Jhey, MC Rodrigo do CN & MC Nito",2,2,12
2025-12-06,3,The Fate Of Ophelia,Taylor Swift,3,1,8
2025-12-06,4,Por do Sol,Vizinhos,4,1,30
2025-12-06,5,Montagem Camera Lenta,"DJ Duarte, DJ ORBITAL, Dj Rs & Error Records",18,5,2
2025-12-06,6,Famosinha,"DJ Caio Vieira, MC Rodrigo do CN E MC Meno K",10,4,26
2025-12-06,7,Golden,"HUNTR/X: EJAE, Audrey Nuna & REI AMI",6,2,19
2025-12-06,8,La Perla,ROSALIA & Yahritza y Su Esencia,7,6,3
2025-12-06,9,ME POSTOU NO DAILY (Festa Do Big G),"MC GP, MC Lele JP, DAVI DOGDOG E DJ Andrabeat",16,9,4
2025-12-06,10,Ordinary,Alex Warren,13,1,36
2025-12-06,11,Talvez Voce Precise de Mim,VEIGH,8,8,7
2025-12-06,12,Tu Na Tua,ATOA x Luos Trigacheiro x Buba Espinho,12,3,21
2025-12-06,13,Man I Need,Olivia Dean,15,10,9
2025-12-06,14,Memoria,ROSALIA & Carminho,5,2,3
2025-12-06,15,So Easy (To Fall In Love),Olivia Dean,17,15,5
2025-12-06,16,Where Is My Husband!,RAYE,20,16,4
2025-12-06,17,Casar E Pra Esquecer,Vizinhos,23,17,4
2025-12-06,18,Interestelar,Plutonio,19,1,55
2025-12-06,19,Berghain,"ROSALIA, Bjork & Yves Tumor",9,3,5
2025-12-06,20,Pobre Ex-Namorado,Vizinhos,22,3,20
2025-12-06,21,"1,2,3",ZARKO Featuring Latte,25,21,2
2025-12-06,22,Amar Pela Metade,Calema,21,5,50
2025-12-06,23,P do Pecado (Puro Suco do Brasil),Menos E Mais & Simone Mendes,-,19,8
2025-12-06,24,Reliquia,ROSALIA,11,5,3
2025-12-06,25,"Sexo, Violencia y Llantas",ROSALIA,14,7,3
2025-12-13,1,Posso Ate Nao Te Dar Flores,"DJ Japa NK, MC Jacare, MC Meno K, MC Ryan SP & DJ DAVI DOGDOG",1,1,7
2025-12-13,2,Sequencia Feiticeira,"PEDRO SAMPAIO Featuring MC GW, MC Jhey, MC Rodrigo do CN & MC Nito",2,2,13
2025-12-13,3,The Fate Of Ophelia,Taylor Swift,3,1,9
2025-12-13,4,Por do Sol,Vizinhos,4,1,31
2025-12-13,5,Montagem Camera Lenta,"DJ Duarte, DJ ORBITAL, Dj Rs & Error Records",5,5,3
2025-12-13,6,Golden,"HUNTR/X: EJAE, Audrey Nuna & REI AMI",7,2,20
2025-12-13,7,All I Want For Christmas Is You,Mariah Carey,-,1,14
2025-12-13,8,Famosinha,"DJ Caio Vieira, MC Rodrigo do CN E MC Meno K",6,4,27
2025-12-13,9,Ordinary,Alex Warren,10,1,37
2025-12-13,10,Tu Na Tua,ATOA x Luos Trigacheiro x Buba Espinho,12,3,22
2025-12-13,11,Talvez Voce Precise de Mim,VEIGH,11,8,8
2025-12-13,12,Last Christmas,Wham!,-,2,12
2025-12-13,13,ME POSTOU NO DAILY (Festa Do Big G),"MC GP, MC Lele JP, DAVI DOGDOG E DJ Andrabeat",9,9,5
2025-12-13,14,Interestelar,Plutonio,18,1,56
2025-12-13,15,La Perla,ROSALIA & Yahritza y Su Esencia,8,6,4
2025-12-13,16,Man I Need,Olivia Dean,13,10,10
2025-12-13,17,Where Is My Husband!,RAYE,16,16,5
2025-12-13,18,Amar Pela Metade,Calema,22,5,51
2025-12-13,19,So Easy (To Fall In Love),Olivia Dean,15,15,6
2025-12-13,20,Casar E Pra Esquecer,Vizinhos,17,17,5
2025-12-13,21,Pobre Ex-Namorado,Vizinhos,20,3,21
2025-12-13,22,Memoria,ROSALIA & Carminho,14,2,4
2025-12-13,23,Rockin' Around The Christmas Tree,Brenda Lee,-,3,7
2025-12-13,24,P do Pecado (Puro Suco do Brasil),Menos E Mais & Simone Mendes,23,19,9
2025-12-13,25,Jingle Bell Rock,Bobby Helms,-,6,6
2025-12-20,1,Posso Ate Nao Te Dar Flores,"DJ Japa NK, MC Jacare, MC Meno K, MC Ryan SP & DJ DAVI DOGDOG",1,1,8
2025-12-20,2,Sequencia Feiticeira,"PEDRO SAMPAIO Featuring MC GW, MC Jhey, MC Rodrigo do CN & MC Nito",2,2,14
2025-12-20,3,The Fate Of Ophelia,Taylor Swift,3,1,10
2025-12-20,4,Por do Sol,Vizinhos,4,1,32
2025-12-20,5,Golden,"HUNTR/X: EJAE, Audrey Nuna & REI AMI",6,2,21
2025-12-20,6,Montagem Camera Lenta,"DJ Duarte, DJ ORBITAL, Dj Rs & Error Records",5,5,4
2025-12-20,7,Talvez Voce Precise de Mim,VEIGH,11,7,9
2025-12-20,8,All I Want For Christmas Is You,Mariah Carey,7,1,15
2025-12-20,9,Ordinary,Alex Warren,9,1,38
2025-12-20,10,Famosinha,"DJ Caio Vieira, MC Rodrigo do CN E MC Meno K",8,4,28
2025-12-20,11,Interestelar,Plutonio,14,1,57
2025-12-20,12,Tu Na Tua,ATOA x Luos Trigacheiro x Buba Espinho,10,3,23
2025-12-20,13,Last Christmas,Wham!,12,2,13
2025-12-20,14,La Perla,ROSALIA & Yahritza y Su Esencia,15,6,5
2025-12-20,15,ME POSTOU NO DAILY (Festa Do Big G),"MC GP, MC Lele JP, DAVI DOGDOG E DJ Andrabeat",13,9,6
2025-12-20,16,Man I Need,Olivia Dean,16,10,11
2025-12-20,17,Where Is My Husband!,RAYE,17,16,6
2025-12-20,18,So Easy (To Fall In Love),Olivia Dean,19,15,7
2025-12-20,19,Amar Pela Metade,Calema,18,5,52
2025-12-20,20,Pobre Ex-Namorado,Vizinhos,21,3,22
2025-12-20,21,P do Pecado (Puro Suco do Brasil),Menos E Mais & Simone Mendes,24,19,10
2025-12-20,22,DTMF,Bad Bunny,-,1,38
2025-12-20,23,Rockin' Around The Christmas Tree,Brenda Lee,23,3,8
2025-12-20,24,Jingle Bell Rock,Bobby Helms,25,6,7
2025-12-20,25,La Plena (W Sound 05),"W Sound, Beele & Ovy On The Drums",-,2,27
2025-12-27,1,Posso Ate Nao Te Dar Flores,"DJ Japa NK, MC Jacare, MC Meno K, MC Ryan SP & DJ DAVI DOGDOG",1,1,9
2025-12-27,2,The Fate Of Ophelia,Taylor Swift,3,1,11
2025-12-27,3,Sequencia Feiticeira,"PEDRO SAMPAIO Featuring MC GW, MC Jhey, MC Rodrigo do CN & MC Nito",2,2,15
2025-12-27,4,Por do Sol,Vizinhos,4,1,33
2025-12-27,5,Montagem Camera Lenta,"DJ Duarte, DJ ORBITAL, Dj Rs & Error Records",6,5,5
2025-12-27,6,Golden,"HUNTR/X: EJAE, Audrey Nuna & REI AMI",5,2,22
2025-12-27,7,All I Want For Christmas Is You,Mariah Carey,8,1,16
2025-12-27,8,Talvez Voce Precise de Mim,VEIGH,7,7,10
2025-12-27,9,Ordinary,Alex Warren,9,1,39
2025-12-27,10,Last Christmas,Wham!,13,2,14
2025-12-27,11,Tu Na Tua,ATOA x Luos Trigacheiro x Buba Espinho,12,3,24
2025-12-27,12,Famosinha,"DJ Caio Vieira, MC Rodrigo do CN E MC Meno K",10,4,29
2025-12-27,13,Interestelar,Plutonio,11,1,58
2025-12-27,14,Man I Need,Olivia Dean,16,10,12
2025-12-27,15,La Perla,ROSALIA & Yahritza y Su Esencia,14,6,6
2025-12-27,16,ME POSTOU NO DAILY (Festa Do Big G),"MC GP, MC Lele JP, DAVI DOGDOG E DJ Andrabeat",15,9,7
2025-12-27,17,Where Is My Husband!,RAYE,17,16,7
2025-12-27,18,So Easy (To Fall In Love),Olivia Dean,18,15,8
2025-12-27,19,P do Pecado (Puro Suco do Brasil),Menos E Mais & Simone Mendes,21,19,11
2025-12-27,20,Amar Pela Metade,Calema,19,5,53
2025-12-27,21,Jingle Bell Rock,Bobby Helms,24,6,8
2025-12-27,22,Pobre Ex-Namorado,Vizinhos,20,3,23
2025-12-27,23,Raindance,Dave & Tems,-,23,1
2025-12-27,24,Rockin' Around The Christmas Tree,Brenda Lee,23,3,9
2025-12-27,25,La Plena (W Sound 05),"W Sound, Beele & Ovy On The Drums",25,2,28
2026-01-03,1,Posso Ate Nao Te Dar Flores,"DJ Japa NK, MC Jacare, MC Meno K, MC Ryan SP & DJ DAVI DOGDOG",1,1,10
2026-01-03,2,All I Want For Christmas Is You,Mariah Carey,7,1,17
2026-01-03,3,Last Christmas,Wham!,10,2,15
2026-01-03,4,Rockin' Around The Christmas Tree,Brenda Lee,24,3,10
2026-01-03,5,Jingle Bell Rock,Bobby Helms,21,5,9
2026-01-03,6,Underneath The Tree,Kelly Clarkson,-,6,4
2026-01-03,7,Let It Snow! Let It Snow! Let It Snow!,Dean Martin,-,7,4
2026-01-03,8,The Fate Of Ophelia,Taylor Swift,2,1,12
2026-01-03,9,Sequencia Feiticeira,"PEDRO SAMPAIO Featuring MC GW, MC Jhey, MC Rodrigo do CN & MC Nito",3,2,16
2026-01-03,10,Santa Tell Me,Ariana Grande,-,7,4
2026-01-03,11,It's The Most Wonderful Time Of The Year,Andy Williams,-,11,4
2026-01-03,12,Snowman,Sia,-,12,4
2026-01-03,13,Por do Sol,Vizinhos,4,1,34
2026-01-03,14,Holly Jolly Christmas,Michael Buble,-,13,4
2026-01-03,15,Feliz Navidad,Jose Feliciano,-,12,4
2026-01-03,16,It's Beginning To Look A Lot Like Christmas,Michael Buble,-,8,4
2026-01-03,17,Golden,"HUNTR/X: EJAE, Audrey Nuna & REI AMI",6,2,23
2026-01-03,18,The Christmas Song (Merry Christmas To You),"Nat ""King"" Cole",-,18,1
2026-01-03,19,Sleigh Ride,The Ronettes,-,19,3
2026-01-03,20,Mistletoe,Justin Bieber,-,20,1
2026-01-03,21,Jetski,"Pedro Sampaio, MC Meno K & Melody",-,21,1
2026-01-03,22,Montagem Camera Lenta,"DJ Duarte, DJ ORBITAL, Dj Rs & Error Records",5,5,6
2026-01-03,23,Talvez Voce Precise de Mim,VEIGH,8,7,11
2026-01-03,24,Famosinha,"DJ Caio Vieira, MC Rodrigo do CN E MC Meno K",12,4,30
2026-01-03,25,Ordinary,Alex Warren,9,1,40
2026-01-10,1,Posso Ate Nao Te Dar Flores,"DJ Japa NK, MC Jacare, MC Meno K, MC Ryan SP & DJ DAVI DOGDOG",1,1,11
2026-01-10,2,Jetski,"Pedro Sampaio, MC Meno K & Melody",21,2,2
2026-01-10,3,The Fate Of Ophelia,Taylor Swift,8,1,13
2026-01-10,4,Sequencia Feiticeira,"PEDRO SAMPAIO Featuring MC GW, MC Jhey, MC Rodrigo do CN & MC Nito",9,2,17
2026-01-10,5,Por do Sol,Vizinhos,13,1,35
2026-01-10,6,Golden,"HUNTR/X: EJAE, Audrey Nuna & REI AMI",17,2,24
2026-01-10,7,Famosinha,"DJ Caio Vieira, MC Rodrigo do CN E MC Meno K",24,4,31
2026-01-10,8,Ordinary,Alex Warren,25,1,41
2026-01-10,9,Alo Virginia,Grupo Chocolate & Turma do Pagode,-,9,1
2026-01-10,10,Montagem Camera Lenta,"DJ Duarte, DJ ORBITAL, Dj Rs & Error Records",22,5,7
2026-01-10,11,Tu Na Tua,ATOA x Luos Trigacheiro x Buba Espinho,-,3,25
2026-01-10,12,Talvez Voce Precise de Mim,VEIGH,23,7,12
2026-01-10,13,Where Is My Husband!,RAYE,-,13,8
2026-01-10,14,Interestelar,Plutonio,-,1,59
2026-01-10,15,ME POSTOU NO DAILY (Festa Do Big G),"MC GP, MC Lele JP, DAVI DOGDOG E DJ Andrabeat",-,9,8
2026-01-10,16,Raindance,Dave & Tems,-,16,2
2026-01-10,17,Man I Need,Olivia Dean,-,10,13
2026-01-10,18,P do Pecado (Puro Suco do Brasil),Menos E Mais & Simone Mendes,-,18,12
2026-01-10,19,So Easy (To Fall In Love),Olivia Dean,-,15,9
2026-01-10,20,Amo Minha Favela,MC Meno K & DJ Japa NK,-,20,1
2026-01-10,21,End Of Beginning,Djo,-,8,11
2026-01-10,22,Casar E Pra Esquecer,Vizinhos,-,17,6
2026-01-10,23,La Perla,ROSALIA & Yahritza y Su Esencia,-,6,7
2026-01-10,24,Amar Pela Metade,Calema,-,5,54
2026-01-10,25,La Plena (W Sound 05),"W Sound, Beele & Ovy On The Drums",-,2,29
2026-01-17,1,Posso Ate Nao Te Dar Flores,"DJ Japa NK, MC Jacare, MC Meno K, MC Ryan SP & DJ DAVI DOGDOG",1,1,12
2026-01-17,2,Jetski,"Pedro Sampaio, MC Meno K & Melody",2,2,3
2026-01-17,3,The Fate Of Ophelia,Taylor Swift,3,1,14
2026-01-17,4,Sequencia Feiticeira,"PEDRO SAMPAIO Featuring MC GW, MC Jhey, MC Rodrigo do CN & MC Nito",4,2,18
2026-01-17,5,End Of Beginning,Djo,21,5,12
2026-01-17,6,Por do Sol,Vizinhos,5,1,36
2026-01-17,7,Golden,"HUNTR/X: EJAE, Audrey Nuna & REI AMI",6,2,25
2026-01-17,8,Ordinary,Alex Warren,8,1,42
2026-01-17,9,ME POSTOU NO DAILY (Festa Do Big G),"MC GP, MC Lele JP, DAVI DOGDOG E DJ Andrabeat",15,9,9
2026-01-17,10,Raindance,Dave & Tems,16,10,3
2026-01-17,11,Amo Minha Favela,MC Meno K & DJ Japa NK,20,11,2
2026-01-17,12,Where Is My Husband!,RAYE,13,12,9
2026-01-17,13,Talvez Voce Precise de Mim,VEIGH,12,7,13
2026-01-17,14,Montagem Camera Lenta,"DJ Duarte, DJ ORBITAL, Dj Rs & Error Records",10,5,8
2026-01-17,15,Man I Need,Olivia Dean,17,10,14
2026-01-17,16,Casar E Pra Esquecer,Vizinhos,22,16,7
2026-01-17,17,Tu Na Tua,ATOA x Luos Trigacheiro x Buba Espinho,11,3,26
2026-01-17,18,Interestelar,Plutonio,14,1,60
2026-01-17,19,Famosinha,"DJ Caio Vieira, MC Rodrigo do CN E MC Meno K",7,4,32
2026-01-17,20,So Easy (To Fall In Love),Olivia Dean,19,15,10
2026-01-17,21,La Perla,ROSALIA & Yahritza y Su Esencia,23,6,8
2026-01-17,22,Alo Virginia,Grupo Chocolate & Turma do Pagode,9,9,2
2026-01-17,23,Every Breath You Take,The Police,-,23,1
2026-01-17,24,P do Pecado (Puro Suco do Brasil),Menos E Mais & Simone Mendes,18,18,13
2026-01-17,25,No Tiene Sentido,Beele,-,5,23
2026-01-24,1,Posso Ate Nao Te Dar Flores,"DJ Japa NK, MC Jacare, MC Meno K, MC Ryan SP & DJ DAVI DOGDOG",1,1,13
2026-01-24,2,Jetski,"Pedro Sampaio, MC Meno K & Melody",2,2,4
2026-01-24,3,The Fate Of Ophelia,Taylor Swift,3,1,15
2026-01-24,4,Sequencia Feiticeira,"PEDRO SAMPAIO Featuring MC GW, MC Jhey, MC Rodrigo do CN & MC Nito",4,2,19
2026-01-24,5,End Of Beginning,Djo,5,5,13
2026-01-24,6,Por do Sol,Vizinhos,6,1,37
2026-01-24,7,Raindance,Dave & Tems,10,7,4
2026-01-24,8,Amo Minha Favela,MC Meno K & DJ Japa NK,11,8,3
2026-01-24,9,Golden,"HUNTR/X: EJAE, Audrey Nuna & REI AMI",7,2,26
2026-01-24,10,ME POSTOU NO DAILY (Festa Do Big G),"MC GP, MC Lele JP, DAVI DOGDOG E DJ Andrabeat",9,9,10
2026-01-24,11,Ordinary,Alex Warren,8,1,43
2026-01-24,12,Montagem Camera Lenta,"DJ Duarte, DJ ORBITAL, Dj Rs & Error Records",14,5,9
2026-01-24,13,Where Is My Husband!,RAYE,12,12,10
2026-01-24,14,Talvez Voce Precise de Mim,VEIGH,13,7,14
2026-01-24,15,Casar E Pra Esquecer,Vizinhos,16,15,8
2026-01-24,16,I Just Might,Bruno Mars,-,16,1
2026-01-24,17,Famosinha,"DJ Caio Vieira, MC Rodrigo do CN E MC Meno K",19,4,33
2026-01-24,18,Man I Need,Olivia Dean,15,10,15
2026-01-24,19,So Easy (To Fall In Love),Olivia Dean,20,15,11
2026-01-24,20,Tu Na Tua,ATOA x Luos Trigacheiro x Buba Espinho,17,3,27
2026-01-24,21,Interestelar,Plutonio,18,1,61
2026-01-24,22,La Perla,ROSALIA & Yahritza y Su Esencia,21,6,9
2026-01-24,23,No Tiene Sentido,Beele,25,5,24
2026-01-24,24,Back To Friends,sombr,-,17,11
2026-01-24,25,SET DJ JAPA NK 2.0,"DJ Japa NK, MC Ryan SP, MC LUUKY, MC Jacare, MC Meno K, MC Rodrigo do CN, MC GH Do 7, MC Lele JP, MC Jvila, MC IG & Oruam",-,25,1
2026-01-31,1,Posso Ate Nao Te Dar Flores,"DJ Japa NK, MC Jacare, MC Meno K, MC Ryan SP & DJ DAVI DOGDOG",1,1,14
2026-01-31,2,Jetski,"Pedro Sampaio, MC Meno K & Melody",2,2,5
2026-01-31,3,Sequencia Feiticeira,"PEDRO SAMPAIO Featuring MC GW, MC Jhey, MC Rodrigo do CN & MC Nito",4,2,20
2026-01-31,4,The Fate Of Ophelia,Taylor Swift,3,1,16
2026-01-31,5,Amo Minha Favela,MC Meno K & DJ Japa NK,8,5,4
2026-01-31,6,Raindance,Dave & Tems,7,6,5
2026-01-31,7,End Of Beginning,Djo,5,5,14
2026-01-31,8,ME POSTOU NO DAILY (Festa Do Big G),"MC GP, MC Lele JP, DAVI DOGDOG E DJ Andrabeat",10,8,11
2026-01-31,9,Por do Sol,Vizinhos,6,1,38
2026-01-31,10,Golden,"HUNTR/X: EJAE, Audrey Nuna & REI AMI",9,2,27
2026-01-31,11,Where Is My Husband!,RAYE,13,11,11
2026-01-31,12,Famosinha,"DJ Caio Vieira, MC Rodrigo do CN E MC Meno K",17,4,34
2026-01-31,13,I Just Might,Bruno Mars,16,13,2
2026-01-31,14,Talvez Voce Precise de Mim,VEIGH,14,7,15
2026-01-31,15,Casar E Pra Esquecer,Vizinhos,15,15,9
2026-01-31,16,Ordinary,Alex Warren,11,1,44
2026-01-31,17,Montagem Camera Lenta,"DJ Duarte, DJ ORBITAL, Dj Rs & Error Records",12,5,10
2026-01-31,18,Man I Need,Olivia Dean,18,10,16
2026-01-31,19,So Easy (To Fall In Love),Olivia Dean,19,15,12
2026-01-31,20,Interestelar,Plutonio,21,1,62
2026-01-31,21,No Tiene Sentido,Beele,23,5,25
2026-01-31,22,La Perla,ROSALIA & Yahritza y Su Esencia,22,6,10
2026-01-31,23,Tu Na Tua,ATOA x Luos Trigacheiro x Buba Espinho,20,3,28
2026-01-31,24,Back To Friends,sombr,24,17,12
2026-01-31,25,P do Pecado (Puro Suco do Brasil),Menos E Mais & Simone Mendes,-,18,14
2026-02-07,1,Posso Ate Nao Te Dar Flores,"DJ Japa NK, MC Jacare, MC Meno K, MC Ryan SP & DJ DAVI DOGDOG",1,1,15
2026-02-07,2,Jetski,"Pedro Sampaio, MC Meno K & Melody",2,2,6
2026-02-07,3,Sequencia Feiticeira,"PEDRO SAMPAIO Featuring MC GW, MC Jhey, MC Rodrigo do CN & MC Nito",3,2,21
2026-02-07,4,Aperture,Harry Styles,-,4,1
2026-02-07,5,Amo Minha Favela,MC Meno K & DJ Japa NK,5,5,5
2026-02-07,6,The Fate Of Ophelia,Taylor Swift,4,1,17
2026-02-07,7,ME POSTOU NO DAILY (Festa Do Big G),"MC GP, MC Lele JP, DAVI DOGDOG E DJ Andrabeat",8,7,12
2026-02-07,8,Raindance,Dave & Tems,6,6,6
2026-02-07,9,End Of Beginning,Djo,7,5,15
2026-02-07,10,Por do Sol,Vizinhos,9,1,39
2026-02-07,11,Golden,"HUNTR/X: EJAE, Audrey Nuna & REI AMI",10,2,28
2026-02-07,12,Where Is My Husband!,RAYE,11,11,12
2026-02-07,13,Famosinha,"DJ Caio Vieira, MC Rodrigo do CN E MC Meno K",12,4,35
2026-02-07,14,Ordinary,Alex Warren,16,1,45
2026-02-07,15,Talvez Voce Precise de Mim,VEIGH,14,7,16
2026-02-07,16,Casar E Pra Esquecer,Vizinhos,15,15,10
2026-02-07,17,So Easy (To Fall In Love),Olivia Dean,19,15,13
2026-02-07,18,Man I Need,Olivia Dean,18,10,17
2026-02-07,19,Montagem Camera Lenta,"DJ Duarte, DJ ORBITAL, Dj Rs & Error Records",17,5,11
2026-02-07,20,I Just Might,Bruno Mars,13,13,3
2026-02-07,21,Interestelar,Plutonio,20,1,63
2026-02-07,22,No Tiene Sentido,Beele,21,5,26
2026-02-07,23,Back To Friends,sombr,24,17,13
2026-02-07,24,P do Pecado (Puro Suco do Brasil),Menos E Mais & Simone Mendes,25,18,15
2026-02-07,25,Tu Na Tua,ATOA x Luos Trigacheiro x Buba Espinho,23,3,29
2026-02-14,1,Posso Ate Nao Te Dar Flores,"DJ Japa NK, MC Jacare, MC Meno K, MC Ryan SP & DJ DAVI DOGDOG",1,1,16
2026-02-14,2,Jetski,"Pedro Sampaio, MC Meno K & Melody",2,2,7
2026-02-14,3,Amo Minha Favela,MC Meno K & DJ Japa NK,5,3,6
2026-02-14,4,Sequencia Feiticeira,"PEDRO SAMPAIO Featuring MC GW, MC Jhey, MC Rodrigo do CN & MC Nito",3,2,22
2026-02-14,5,The Fate Of Ophelia,Taylor Swift,6,1,18
2026-02-14,6,Raindance,Dave & Tems,8,6,7
2026-02-14,7,ME POSTOU NO DAILY (Festa Do Big G),"MC GP, MC Lele JP, DAVI DOGDOG E DJ Andrabeat",7,7,13
2026-02-14,8,DTMF,Bad Bunny,-,1,39
2026-02-14,9,End Of Beginning,Djo,9,5,16
2026-02-14,10,Por do Sol,Vizinhos,10,1,40
2026-02-14,11,Man I Need,Olivia Dean,18,10,18
2026-02-14,12,Where Is My Husband!,RAYE,12,11,13
2026-02-14,13,Baile Inolvidable,Bad Bunny,-,4,12
2026-02-14,14,Golden,"HUNTR/X: EJAE, Audrey Nuna & REI AMI",11,2,29
2026-02-14,15,So Easy (To Fall In Love),Olivia Dean,17,15,14
2026-02-14,16,Ordinary,Alex Warren,14,1,46
2026-02-14,17,Nuevayol,Bad Bunny,-,3,21
2026-02-14,18,Famosinha,"DJ Caio Vieira, MC Rodrigo do CN E MC Meno K",13,4,36
2026-02-14,19,Talvez Voce Precise de Mim,VEIGH,15,7,17
2026-02-14,20,Casar E Pra Esquecer,Vizinhos,16,15,11
2026-02-14,21,Back To Friends,sombr,23,17,14
2026-02-14,22,No Tiene Sentido,Beele,22,5,27
2026-02-14,23,Interestelar,Plutonio,21,1,64
2026-02-14,24,Aperture,Harry Styles,4,4,2
2026-02-14,25,Montagem Camera Lenta,"DJ Duarte, DJ ORBITAL, Dj Rs & Error Records",19,5,12
2026-02-21,1,DTMF,Bad Bunny,8,1,40
2026-02-21,2,Baile Inolvidable,Bad Bunny,13,2,13
2026-02-21,3,Nuevayol,Bad Bunny,17,3,22
2026-02-21,4,Posso Ate Nao Te Dar Flores,"DJ Japa NK, MC Jacare, MC Meno K, MC Ryan SP & DJ DAVI DOGDOG",1,1,17
2026-02-21,5,Jetski,"Pedro Sampaio, MC Meno K & Melody",2,2,8
2026-02-21,6,Amo Minha Favela,MC Meno K & DJ Japa NK,3,3,7
2026-02-21,7,Sequencia Feiticeira,"PEDRO SAMPAIO Featuring MC GW, MC Jhey, MC Rodrigo do CN & MC Nito",4,2,23
2026-02-21,8,Voy A Llevarte Pa PR,Bad Bunny,-,8,6
2026-02-21,9,Titi Me Pregunto,Bad Bunny,-,7,23
2026-02-21,10,EOO,Bad Bunny,-,10,1
2026-02-21,11,The Fate Of Ophelia,Taylor Swift,5,1,19
2026-02-21,12,Raindance,Dave & Tems,6,6,8
2026-02-21,13,La Cancion,J Balvin & Bad Bunny,-,13,1
2026-02-21,14,Ordinary,Alex Warren,16,1,47
2026-02-21,15,Man I Need,Olivia Dean,11,10,19
2026-02-21,16,Por do Sol,Vizinhos,10,1,41
2026-02-21,17,ME POSTOU NO DAILY (Festa Do Big G),"MC GP, MC Lele JP, DAVI DOGDOG E DJ Andrabeat",7,7,14
2026-02-21,18,Golden,"HUNTR/X: EJAE, Audrey Nuna & REI AMI",14,2,30
2026-02-21,19,So Easy (To Fall In Love),Olivia Dean,15,15,15
2026-02-21,20,Where Is My Husband!,RAYE,12,11,14
2026-02-21,21,End Of Beginning,Djo,9,5,17
2026-02-21,22,Que Pasaria...,Rauw Alejandro & Bad Bunny,-,22,1
2026-02-21,23,Talvez Voce Precise de Mim,VEIGH,19,7,18
2026-02-21,24,No Tiene Sentido,Beele,22,5,28
2026-02-21,25,Famosinha,"DJ Caio Vieira, MC Rodrigo do CN E MC Meno K",18,4,37
2026-02-28,1,Jetski,"Pedro Sampaio, MC Meno K & Melody",5,1,9
2026-02-28,2,Posso Ate Nao Te Dar Flores,"DJ Japa NK, MC Jacare, MC Meno K, MC Ryan SP & DJ DAVI DOGDOG",4,1,18
2026-02-28,3,Baile Inolvidable,Bad Bunny,2,2,14
2026-02-28,4,DTMF,Bad Bunny,1,1,41
2026-02-28,5,Nuevayol,Bad Bunny,3,3,23
2026-02-28,6,Titi Me Pregunto,Bad Bunny,9,6,24
2026-02-28,7,Amo Minha Favela,MC Meno K & DJ Japa NK,6,3,8
2026-02-28,8,Sequencia Feiticeira,"PEDRO SAMPAIO Featuring MC GW, MC Jhey, MC Rodrigo do CN & MC Nito",7,2,24
2026-02-28,9,Raindance,Dave & Tems,12,6,9
2026-02-28,10,EOO,Bad Bunny,10,10,2
2026-02-28,11,The Fate Of Ophelia,Taylor Swift,11,1,20
2026-02-28,12,Voy A Llevarte Pa PR,Bad Bunny,8,8,7
2026-02-28,13,Golden,"HUNTR/X: EJAE, Audrey Nuna & REI AMI",18,2,31
2026-02-28,14,La Cancion,J Balvin & Bad Bunny,13,13,2
2026-02-28,15,ME POSTOU NO DAILY (Festa Do Big G),"MC GP, MC Lele JP, DAVI DOGDOG E DJ Andrabeat",17,7,15
2026-02-28,16,Man I Need,Olivia Dean,15,10,20
2026-02-28,17,So Easy (To Fall In Love),Olivia Dean,19,15,16
2026-02-28,18,Ordinary,Alex Warren,14,1,48
2026-02-28,19,Where Is My Husband!,RAYE,20,11,15
2026-02-28,20,Famosinha,"DJ Caio Vieira, MC Rodrigo do CN E MC Meno K",25,4,38
2026-02-28,21,P do Pecado (Puro Suco do Brasil),Menos E Mais & Simone Mendes,-,18,16
2026-02-28,22,Talvez Voce Precise de Mim,VEIGH,23,7,19
2026-02-28,23,End Of Beginning,Djo,21,5,18
2026-02-28,24,Resenha Na Laje,Kew,-,24,1
2026-02-28,25,No Tiene Sentido,Beele,24,5,29
2026-03-07,1,Jetski,"Pedro Sampaio, MC Meno K & Melody",1,1,10
2026-03-07,2,Posso Ate Nao Te Dar Flores,"DJ Japa NK, MC Jacare, MC Meno K, MC Ryan SP & DJ DAVI DOGDOG",2,1,19
2026-03-07,3,Baile Inolvidable,Bad Bunny,3,2,15
2026-03-07,4,DTMF,Bad Bunny,4,1,42
2026-03-07,5,Nuevayol,Bad Bunny,5,3,24
2026-03-07,6,Amo Minha Favela,MC Meno K & DJ Japa NK,7,3,9
2026-03-07,7,Sequencia Feiticeira,"PEDRO SAMPAIO Featuring MC GW, MC Jhey, MC Rodrigo do CN & MC Nito",8,2,25
2026-03-07,8,Titi Me Pregunto,Bad Bunny,6,6,25
2026-03-07,9,Raindance,Dave & Tems,9,6,10
2026-03-07,10,The Fate Of Ophelia,Taylor Swift,11,1,21
2026-03-07,11,Carnivoro,"MC Jacare, MC Lele JP, MC Negao Original & DJ Japa NK",-,11,1
2026-03-07,12,ME POSTOU NO DAILY (Festa Do Big G),"MC GP, MC Lele JP, DAVI DOGDOG E DJ Andrabeat",15,7,16
2026-03-07,13,So Easy (To Fall In Love),Olivia Dean,17,13,17
2026-03-07,14,Man I Need,Olivia Dean,16,10,21
2026-03-07,15,Golden,"HUNTR/X: EJAE, Audrey Nuna & REI AMI",13,2,32
2026-03-07,16,Por do Sol,Vizinhos,-,1,42
2026-03-07,17,EOO,Bad Bunny,10,10,3
2026-03-07,18,Where Is My Husband!,RAYE,19,11,16
2026-03-07,19,P do Pecado (Puro Suco do Brasil),Menos E Mais & Simone Mendes,21,18,17
2026-03-07,20,Talvez Voce Precise de Mim,VEIGH,22,7,20
2026-03-07,21,Ordinary,Alex Warren,18,1,49
2026-03-07,22,Voy A Llevarte Pa PR,Bad Bunny,12,8,8
2026-03-07,23,No Tiene Sentido,Beele,25,5,30
2026-03-07,24,La Cancion,J Balvin & Bad Bunny,14,13,3
2026-03-07,25,End Of Beginning,Djo,23,5,19
2026-03-14,1,Jetski,"Pedro Sampaio, MC Meno K & Melody",1,1,11
2026-03-14,2,Posso Ate Nao Te Dar Flores,"DJ Japa NK, MC Jacare, MC Meno K, MC Ryan SP & DJ DAVI DOGDOG",2,1,20
2026-03-14,3,Baile Inolvidable,Bad Bunny,3,2,16
2026-03-14,4,Amo Minha Favela,MC Meno K & DJ Japa NK,6,3,10
2026-03-14,5,DTMF,Bad Bunny,4,1,43
2026-03-14,6,Nuevayol,Bad Bunny,5,3,25
2026-03-14,7,Sequencia Feiticeira,"PEDRO SAMPAIO Featuring MC GW, MC Jhey, MC Rodrigo do CN & MC Nito",7,2,26
2026-03-14,8,Raindance,Dave & Tems,9,6,11
2026-03-14,9,Carnivoro,"MC Jacare, MC Lele JP, MC Negao Original & DJ Japa NK",11,9,2
2026-03-14,10,Titi Me Pregunto,Bad Bunny,8,6,26
2026-03-14,11,The Fate Of Ophelia,Taylor Swift,10,1,22
2026-03-14,12,Risk It All,Bruno Mars,-,12,1
2026-03-14,13,So Easy (To Fall In Love),Olivia Dean,13,13,18
2026-03-14,14,Stateside,PinkPantheress With Zara Larsson,-,14,1
2026-03-14,15,Por do Sol,Vizinhos,16,1,43
2026-03-14,16,Man I Need,Olivia Dean,14,10,22
2026-03-14,17,Talvez Voce Precise de Mim,VEIGH,20,7,21
2026-03-14,18,Where Is My Husband!,RAYE,18,11,17
2026-03-14,19,Ordinary,Alex Warren,21,1,50
2026-03-14,20,ME POSTOU NO DAILY (Festa Do Big G),"MC GP, MC Lele JP, DAVI DOGDOG E DJ Andrabeat",12,7,17
2026-03-14,21,Golden,"HUNTR/X: EJAE, Audrey Nuna & REI AMI",15,2,33
2026-03-14,22,No Tiene Sentido,Beele,23,5,31
2026-03-14,23,I Just Might,Bruno Mars,-,13,4
2026-03-14,24,P do Pecado (Puro Suco do Brasil),Menos E Mais & Simone Mendes,19,18,18
2026-03-14,25,Gauchinha,"DJ Japa NK Featuring LUUKY, Meno K, Brinquedo & Ryan SP",-,25,1
2026-03-21,1,Jetski,"Pedro Sampaio, MC Meno K & Melody",1,1,12
2026-03-21,2,Posso Ate Nao Te Dar Flores,"DJ Japa NK, MC Jacare, MC Meno K, MC Ryan SP & DJ DAVI DOGDOG",2,1,21
2026-03-21,3,Baile Inolvidable,Bad Bunny,3,2,17
2026-03-21,4,American Girls,Harry Styles,-,4,1
2026-03-21,5,DTMF,Bad Bunny,5,1,44
2026-03-21,6,Nuevayol,Bad Bunny,6,3,26
2026-03-21,7,Amo Minha Favela,MC Meno K & DJ Japa NK,4,3,11
2026-03-21,8,Sequencia Feiticeira,"PEDRO SAMPAIO Featuring MC GW, MC Jhey, MC Rodrigo do CN & MC Nito",7,2,27
2026-03-21,9,Raindance,Dave & Tems,8,6,12
2026-03-21,10,Carnivoro,"MC Jacare, MC Lele JP, MC Negao Original & DJ Japa NK",9,9,3
2026-03-21,11,Coming Up Roses,Harry Styles,-,11,1
2026-03-21,12,So Easy (To Fall In Love),Olivia Dean,13,12,19
2026-03-21,13,Por do Sol,Vizinhos,15,1,44
2026-03-21,14,The Fate Of Ophelia,Taylor Swift,11,1,23
2026-03-21,15,"Ready, Steady, Go!",Harry Styles,-,15,1
2026-03-21,16,Titi Me Pregunto,Bad Bunny,10,6,27
2026-03-21,17,Risk It All,Bruno Mars,12,12,2
2026-03-21,18,Ordinary,Alex Warren,19,1,51
2026-03-21,19,Taste Back,Harry Styles,-,19,1
2026-03-21,20,Stateside,PinkPantheress With Zara Larsson,14,14,2
2026-03-21,21,Man I Need,Olivia Dean,16,10,23
2026-03-21,22,Are You Listening Yet?,Harry Styles,-,22,1
2026-03-21,23,Aperture,Harry Styles,-,4,3
2026-03-21,24,Where Is My Husband!,RAYE,18,11,18
2026-03-21,25,ME POSTOU NO DAILY (Festa Do Big G),"MC GP, MC Lele JP, DAVI DOGDOG E DJ Andrabeat",20,7,18
2026-03-28,1,Jetski,"Pedro Sampaio, MC Meno K & Melody",1,1,13
2026-03-28,2,Posso Ate Nao Te Dar Flores,"DJ Japa NK, MC Jacare, MC Meno K, MC Ryan SP & DJ DAVI DOGDOG",2,1,22
2026-03-28,3,Baile Inolvidable,Bad Bunny,3,2,18
2026-03-28,4,DTMF,Bad Bunny,5,1,45
2026-03-28,5,Carnivoro,"MC Jacare, MC Lele JP, MC Negao Original & DJ Japa NK",10,5,4
2026-03-28,6,Nuevayol,Bad Bunny,6,3,27
2026-03-28,7,Raindance,Dave & Tems,9,6,13
2026-03-28,8,Amo Minha Favela,MC Meno K & DJ Japa NK,7,3,12
2026-03-28,9,Sequencia Feiticeira,"PEDRO SAMPAIO Featuring MC GW, MC Jhey, MC Rodrigo do CN & MC Nito",8,2,28
2026-03-28,10,American Girls,Harry Styles,4,4,2
2026-03-28,11,Golden,"HUNTR/X: EJAE, Audrey Nuna & REI AMI",-,2,34
2026-03-28,12,Por do Sol,Vizinhos,13,1,45
2026-03-28,13,So Easy (To Fall In Love),Olivia Dean,12,12,20
2026-03-28,14,The Fate Of Ophelia,Taylor Swift,14,1,24
2026-03-28,15,Man I Need,Olivia Dean,21,10,24
2026-03-28,16,Talvez Voce Precise de Mim,VEIGH,-,7,22
2026-03-28,17,Stateside,PinkPantheress With Zara Larsson,20,14,3
2026-03-28,18,Dracula,Tame Impala & JENNIE,-,18,2
2026-03-28,19,Ordinary,Alex Warren,18,1,52
2026-03-28,20,Titi Me Pregunto,Bad Bunny,16,6,28
2026-03-28,21,Babydoll,Dominic Fike,-,21,1
2026-03-28,22,Where Is My Husband!,RAYE,24,11,19
2026-03-28,23,Gauchinha,"DJ Japa NK Featuring LUUKY, Meno K, Brinquedo & Ryan SP",-,23,2
2026-03-28,24,No Tiene Sentido,Beele,-,5,32
2026-03-28,25,Risk It All,Bruno Mars,17,12,3
2026-04-04,1,Swim,BTS,-,1,1
2026-04-04,2,Jetski,"Pedro Sampaio, MC Meno K & Melody",1,1,14
2026-04-04,3,Posso Ate Nao Te Dar Flores,"DJ Japa NK, MC Jacare, MC Meno K, MC Ryan SP & DJ DAVI DOGDOG",2,1,23
2026-04-04,4,Baile Inolvidable,Bad Bunny,3,2,19
2026-04-04,5,Raindance,Dave & Tems,7,5,14
2026-04-04,6,Body To Body,BTS,-,6,1
2026-04-04,7,Amo Minha Favela,MC Meno K & DJ Japa NK,8,3,13
2026-04-04,8,DTMF,Bad Bunny,4,1,46
2026-04-04,9,Carnivoro,"MC Jacare, MC Lele JP, MC Negao Original & DJ Japa NK",5,5,5
2026-04-04,10,Nuevayol,Bad Bunny,6,3,28
2026-04-04,11,Sequencia Feiticeira,"PEDRO SAMPAIO Featuring MC GW, MC Jhey, MC Rodrigo do CN & MC Nito",9,2,29
2026-04-04,12,Hooligan,BTS,-,12,1
2026-04-04,13,Babydoll,Dominic Fike,21,13,2
2026-04-04,14,Dracula,Tame Impala & JENNIE,18,14,3
2026-04-04,15,FYA,BTS,-,15,1
2026-04-04,16,Por do Sol,Vizinhos,12,1,46
2026-04-04,17,Gauchinha,"DJ Japa NK Featuring LUUKY, Meno K, Brinquedo & Ryan SP",23,17,3
2026-04-04,18,Normal,BTS,-,18,1
2026-04-04,19,Golden,"HUNTR/X: EJAE, Audrey Nuna & REI AMI",11,2,35
2026-04-04,20,Aliens,BTS,-,20,1
2026-04-04,21,Like Animals,BTS,-,21,1
2026-04-04,22,Ordinary,Alex Warren,19,1,53
2026-04-04,23,Talvez Voce Precise de Mim,VEIGH,16,7,23
2026-04-04,24,So Easy (To Fall In Love),Olivia Dean,13,12,21
2026-04-04,25,Man I Need,Olivia Dean,15,10,25
2026-04-11,1,Jetski,"Pedro Sampaio, MC Meno K & Melody",2,1,15
2026-04-11,2,Swim,BTS,1,1,2
2026-04-11,3,Posso Ate Nao Te Dar Flores,"DJ Japa NK, MC Jacare, MC Meno K, MC Ryan SP & DJ DAVI DOGDOG",3,1,24
2026-04-11,4,Amo Minha Favela,MC Meno K & DJ Japa NK,7,3,14
2026-04-11,5,Baile Inolvidable,Bad Bunny,4,2,20
2026-04-11,6,Carnivoro,"MC Jacare, MC Lele JP, MC Negao Original & DJ Japa NK",9,5,6
2026-04-11,7,Raindance,Dave & Tems,5,5,15
2026-04-11,8,DTMF,Bad Bunny,8,1,47
2026-04-11,9,Nuevayol,Bad Bunny,10,3,29
2026-04-11,10,Sequencia Feiticeira,"PEDRO SAMPAIO Featuring MC GW, MC Jhey, MC Rodrigo do CN & MC Nito",11,2,30
2026-04-11,11,Babydoll,Dominic Fike,13,11,3
2026-04-11,12,Dracula,Tame Impala & JENNIE,14,12,4
2026-04-11,13,Gauchinha,"DJ Japa NK Featuring LUUKY, Meno K, Brinquedo & Ryan SP",17,13,4
2026-04-11,14,Where Is My Husband!,RAYE,-,11,20
2026-04-11,15,Por do Sol,Vizinhos,16,1,47
2026-04-11,16,Golden,"HUNTR/X: EJAE, Audrey Nuna & REI AMI",19,2,36
2026-04-11,17,Talvez Voce Precise de Mim,VEIGH,23,7,24
2026-04-11,18,The Fate Of Ophelia,Taylor Swift,-,1,25
2026-04-11,19,So Easy (To Fall In Love),Olivia Dean,24,12,22
2026-04-11,20,Ordinary,Alex Warren,22,1,54
2026-04-11,21,Body To Body,BTS,6,6,2
2026-04-11,22,All The Love,Ye & Andre Troutman,-,22,1
2026-04-11,23,Reliquia do 2T,"MC Tuto, MC Bine7, MC Joaozinho VT, MC Dkziin, DJ Gu & MC Fr da Norte",-,23,1
2026-04-11,24,P do Pecado (Puro Suco do Brasil),Menos E Mais & Simone Mendes,-,18,19
2026-04-11,25,Man I Need,Olivia Dean,25,10,26
2026-04-18,1,Jetski,"Pedro Sampaio, MC Meno K & Melody",1,1,16
2026-04-18,2,Posso Ate Nao Te Dar Flores,"DJ Japa NK, MC Jacare, MC Meno K, MC Ryan SP & DJ DAVI DOGDOG",3,1,25
2026-04-18,3,Amo Minha Favela,MC Meno K & DJ Japa NK,4,3,15
2026-04-18,4,Swim,BTS,2,1,3
2026-04-18,5,Dracula,Tame Impala & JENNIE,12,5,5
2026-04-18,6,Carnivoro,"MC Jacare, MC Lele JP, MC Negao Original & DJ Japa NK",6,5,7
2026-04-18,7,Raindance,Dave & Tems,7,5,16
2026-04-18,8,Baile Inolvidable,Bad Bunny,5,2,21
2026-04-18,9,DTMF,Bad Bunny,8,1,48
2026-04-18,10,Babydoll,Dominic Fike,11,10,4
2026-04-18,11,Nuevayol,Bad Bunny,9,3,30
2026-04-18,12,Reliquia do 2T,"MC Tuto, MC Bine7, MC Joaozinho VT, MC Dkziin, DJ Gu & MC Fr da Norte",23,12,2
2026-04-18,13,Bola Uma Vela,MC Meno K & DJ Yuri Pedrada,-,13,1
2026-04-18,14,Sequencia Feiticeira,"PEDRO SAMPAIO Featuring MC GW, MC Jhey, MC Rodrigo do CN & MC Nito",10,2,31
2026-04-18,15,Por do Sol,Vizinhos,15,1,48
2026-04-18,16,Gauchinha,"DJ Japa NK Featuring LUUKY, Meno K, Brinquedo & Ryan SP",13,13,5
2026-04-18,17,Golden,"HUNTR/X: EJAE, Audrey Nuna & REI AMI",16,2,37
2026-04-18,18,Where Is My Husband!,RAYE,14,11,21
2026-04-18,19,Talvez Voce Precise de Mim,VEIGH,17,7,25
2026-04-18,20,So Easy (To Fall In Love),Olivia Dean,19,12,23
2026-04-18,21,Ordinary,Alex Warren,20,1,55
2026-04-18,22,Man I Need,Olivia Dean,25,10,27
2026-04-18,23,The Fate Of Ophelia,Taylor Swift,18,1,26
2026-04-18,24,P do Pecado (Puro Suco do Brasil),Menos E Mais & Simone Mendes,24,18,20
2026-04-18,25,No Tiene Sentido,Beele,-,5,33
2026-04-25,1,25 de Abril,Lon3r Johny Featuring Plutonio,-,1,1
2026-04-25,2,Posso Ate Nao Te Dar Flores,"DJ Japa NK, MC Jacare, MC Meno K, MC Ryan SP & DJ DAVI DOGDOG",2,1,26
2026-04-25,3,Amo Minha Favela,MC Meno K & DJ Japa NK,3,3,16
2026-04-25,4,Jetski,"Pedro Sampaio, MC Meno K & Melody",1,1,17
2026-04-25,5,Swim,BTS,4,1,4
2026-04-25,6,Carnivoro,"MC Jacare, MC Lele JP, MC Negao Original & DJ Japa NK",6,5,8
2026-04-25,7,Dracula,Tame Impala & JENNIE,5,5,6
2026-04-25,8,Raindance,Dave & Tems,7,5,17
2026-04-25,9,Famoso Ima / O Poderoso Chatao,"MC Lele JP, MC Poze do Rodo, MC Leozinho ZS, DJ Gordinho da VF",-,9,1
2026-04-25,10,Baile Inolvidable,Bad Bunny,8,2,22
2026-04-25,11,Bola Uma Vela,MC Meno K & DJ Yuri Pedrada,13,11,2
2026-04-25,12,LV,Lon3r Johny,-,12,1
2026-04-25,13,Reliquia do 2T,"MC Tuto, MC Bine7, MC Joaozinho VT, MC Dkziin, DJ Gu & MC Fr da Norte",12,12,3
2026-04-25,14,DTMF,Bad Bunny,9,1,49
2026-04-25,15,Babydoll,Dominic Fike,10,10,5
2026-04-25,16,Beauty And A Beat,Justin Bieber Featuring Nicki Minaj,-,16,1
2026-04-25,17,La Perla,ROSALIA & Yahritza y Su Esencia,-,6,11
2026-04-25,18,Nuevayol,Bad Bunny,11,3,31
2026-04-25,19,Origami,Lon3r Johny,-,19,1
2026-04-25,20,Sequencia Feiticeira,"PEDRO SAMPAIO Featuring MC GW, MC Jhey, MC Rodrigo do CN & MC Nito",14,2,32
2026-04-25,21,Por do Sol,Vizinhos,15,1,49
2026-04-25,22,Gauchinha,"DJ Japa NK Featuring LUUKY, Meno K, Brinquedo & Ryan SP",16,13,6
2026-04-25,23,So Easy (To Fall In Love),Olivia Dean,20,12,24
2026-04-25,24,Where Is My Husband!,RAYE,18,11,22
2026-04-25,25,Talvez Voce Precise de Mim,VEIGH,19,7,26
2026-05-02,1,25 de Abril,Lon3r Johny Featuring Plutonio,1,1,2
2026-05-02,2,Beauty And A Beat,Justin Bieber Featuring Nicki Minaj,16,2,2
2026-05-02,3,Drop Dead,Olivia Rodrigo,-,3,1
2026-05-02,4,Posso Ate Nao Te Dar Flores,"DJ Japa NK, MC Jacare, MC Meno K, MC Ryan SP & DJ DAVI DOGDOG",2,1,27
2026-05-02,5,Amo Minha Favela,MC Meno K & DJ Japa NK,3,3,17
2026-05-02,6,Jetski,"Pedro Sampaio, MC Meno K & Melody",4,1,18
2026-05-02,7,Dracula,Tame Impala & JENNIE,7,5,7
2026-05-02,8,Carnivoro,"MC Jacare, MC Lele JP, MC Negao Original & DJ Japa NK",6,5,9
2026-05-02,9,Famoso Ima / O Poderoso Chatao,"MC Lele JP, MC Poze do Rodo, MC Leozinho ZS, DJ Gordinho da VF",9,9,2
2026-05-02,10,Baile Inolvidable,Bad Bunny,10,2,23
2026-05-02,11,Swim,BTS,5,1,5
2026-05-02,12,Reliquia do 2T,"MC Tuto, MC Bine7, MC Joaozinho VT, MC Dkziin, DJ Gu & MC Fr da Norte",13,12,4
2026-05-02,13,Raindance,Dave & Tems,8,5,18
2026-05-02,14,Bola Uma Vela,MC Meno K & DJ Yuri Pedrada,11,11,3
2026-05-02,15,DTMF,Bad Bunny,14,1,50
2026-05-02,16,Babydoll,Dominic Fike,15,10,6
2026-05-02,17,Daisies,Justin Bieber,-,15,3
2026-05-02,18,Nuevayol,Bad Bunny,18,3,32
2026-05-02,19,Por do Sol,Vizinhos,21,1,50
2026-05-02,20,LV,Lon3r Johny,12,12,2
2026-05-02,21,Se Saudade Sentir (Se Prepara 3),"MC Livinho, MC Pedrinho, DJ Perera & DJ JB Mix",-,21,1
2026-05-02,22,Sequencia Feiticeira,"PEDRO SAMPAIO Featuring MC GW, MC Jhey, MC Rodrigo do CN & MC Nito",20,2,33
2026-05-02,23,Talvez Voce Precise de Mim,VEIGH,25,7,27
2026-05-02,24,P do Pecado (Puro Suco do Brasil),Menos E Mais & Simone Mendes,-,18,21
2026-05-02,25,Gauchinha,"DJ Japa NK Featuring LUUKY, Meno K, Brinquedo & Ryan SP",22,13,7
2026-05-09,1,25 de Abril,Lon3r Johny Featuring Plutonio,1,1,3
2026-05-09,2,Beauty And A Beat,Justin Bieber Featuring Nicki Minaj,2,2,3
2026-05-09,3,Posso Ate Nao Te Dar Flores,"DJ Japa NK, MC Jacare, MC Meno K, MC Ryan SP & DJ DAVI DOGDOG",4,1,28
2026-05-09,4,Jetski,"Pedro Sampaio, MC Meno K & Melody",6,1,19
2026-05-09,5,Reliquia do 2T,"MC Tuto, MC Bine7, MC Joaozinho VT, MC Dkziin, DJ Gu & MC Fr da Norte",12,5,5
2026-05-09,6,Carnivoro,"MC Jacare, MC Lele JP, MC Negao Original & DJ Japa NK",8,5,10
2026-05-09,7,Amo Minha Favela,MC Meno K & DJ Japa NK,5,3,18
2026-05-09,8,Dracula,Tame Impala & JENNIE,7,5,8
2026-05-09,9,Swim,BTS,11,1,6
2026-05-09,10,Baile Inolvidable,Bad Bunny,10,2,24
2026-05-09,11,Famoso Ima / O Poderoso Chatao,"MC Lele JP, MC Poze do Rodo, MC Leozinho ZS, DJ Gordinho da VF",9,9,3
2026-05-09,12,Raindance,Dave & Tems,13,5,19
2026-05-09,13,Drop Dead,Olivia Rodrigo,3,3,2
2026-05-09,14,DTMF,Bad Bunny,15,1,51
2026-05-09,15,Babydoll,Dominic Fike,16,10,7
2026-05-09,16,Bola Uma Vela,MC Meno K & DJ Yuri Pedrada,14,11,4
2026-05-09,17,Se Saudade Sentir (Se Prepara 3),"MC Livinho, MC Pedrinho, DJ Perera & DJ JB Mix",21,17,2
2026-05-09,18,Por do Sol,Vizinhos,19,1,51
2026-05-09,19,Nuevayol,Bad Bunny,18,3,33
2026-05-09,20,LV,Lon3r Johny,20,12,3
2026-05-09,21,Talvez Voce Precise de Mim,VEIGH,23,7,28
2026-05-09,22,Sequencia Feiticeira,"PEDRO SAMPAIO Featuring MC GW, MC Jhey, MC Rodrigo do CN & MC Nito",22,2,34
2026-05-09,23,P do Pecado (Puro Suco do Brasil),Menos E Mais & Simone Mendes,24,18,22
2026-05-09,24,Interestelar,Plutonio,-,1,65
2026-05-09,25,Ordinary,Alex Warren,-,1,56
2026-05-16,1,25 de Abril,Lon3r Johny Featuring Plutonio,1,1,4
2026-05-16,2,Beauty And A Beat,Justin Bieber Featuring Nicki Minaj,2,2,4
2026-05-16,3,Jetski,"Pedro Sampaio, MC Meno K & Melody",4,1,20
2026-05-16,4,Posso Ate Nao Te Dar Flores,"DJ Japa NK, MC Jacare, MC Meno K, MC Ryan SP & DJ DAVI DOGDOG",3,1,29
2026-05-16,5,Reliquia do 2T,"MC Tuto, MC Bine7, MC Joaozinho VT, MC Dkziin, DJ Gu & MC Fr da Norte",5,5,6
2026-05-16,6,Dracula,Tame Impala & JENNIE,8,5,9
2026-05-16,7,Billie Jean,Michael Jackson,-,7,1
2026-05-16,8,Swim,BTS,9,1,7
2026-05-16,9,Baile Inolvidable,Bad Bunny,10,2,25
2026-05-16,10,Carnivoro,"MC Jacare, MC Lele JP, MC Negao Original & DJ Japa NK",6,5,11
2026-05-16,11,Raindance,Dave & Tems,12,5,20
2026-05-16,12,Famoso Ima / O Poderoso Chatao,"MC Lele JP, MC Poze do Rodo, MC Leozinho ZS, DJ Gordinho da VF",11,9,4
2026-05-16,13,Amo Minha Favela,MC Meno K & DJ Japa NK,7,3,19
2026-05-16,14,DTMF,Bad Bunny,14,1,52
2026-05-16,15,Por do Sol,Vizinhos,18,1,52
2026-05-16,16,Babydoll,Dominic Fike,15,10,8
2026-05-16,17,Talvez Voce Precise de Mim,VEIGH,21,7,29
2026-05-16,18,Nuevayol,Bad Bunny,19,3,34
2026-05-16,19,Beat It,Michael Jackson,-,19,1
2026-05-16,20,Drop Dead,Olivia Rodrigo,13,3,3
2026-05-16,21,Ultima Danca,Chico da Tina & Lucas Maia,-,21,1
2026-05-16,22,Interestelar,Plutonio,24,1,66
2026-05-16,23,Ordinary,Alex Warren,25,1,57
2026-05-16,24,Golden,"HUNTR/X: EJAE, Audrey Nuna & REI AMI",-,2,38
2026-05-16,25,Se Saudade Sentir (Se Prepara 3),"MC Livinho, MC Pedrinho, DJ Perera & DJ JB Mix",17,17,3
2026-05-23,1,25 de Abril,Lon3r Johny Featuring Plutonio,1,1,5
2026-05-23,2,Beauty And A Beat,Justin Bieber Featuring Nicki Minaj,2,2,5
2026-05-23,3,SOZINHO,ProfJam,-,3,1
2026-05-23,4,Baile Inolvidable,Bad Bunny,9,2,26
2026-05-23,5,Billie Jean,Michael Jackson,7,5,2
2026-05-23,6,Posso Ate Nao Te Dar Flores,"DJ Japa NK, MC Jacare, MC Meno K, MC Ryan SP & DJ DAVI DOGDOG",4,1,30
2026-05-23,7,Dracula,Tame Impala & JENNIE,6,5,10
2026-05-23,8,Jetski,"Pedro Sampaio, MC Meno K & Melody",3,1,21
2026-05-23,9,Reliquia do 2T,"MC Tuto, MC Bine7, MC Joaozinho VT, MC Dkziin, DJ Gu & MC Fr da Norte",5,5,7
2026-05-23,10,Swim,BTS,8,1,8
2026-05-23,11,Talvez Voce Precise de Mim,VEIGH,17,7,30
2026-05-23,12,Famoso Ima / O Poderoso Chatao,"MC Lele JP, MC Poze do Rodo, MC Leozinho ZS, DJ Gordinho da VF",12,9,5
2026-05-23,13,DTMF,Bad Bunny,14,1,53
2026-05-23,14,Por do Sol,Vizinhos,15,1,53
2026-05-23,15,Raindance,Dave & Tems,11,5,21
2026-05-23,16,Carnivoro,"MC Jacare, MC Lele JP, MC Negao Original & DJ Japa NK",10,5,12
2026-05-23,17,Diario de Um Cafajeste,"DJ Oreia, MC Lele JP, MC Ryan SP, MC Meno K, MC Negao Original & MC Tuto",-,17,1
2026-05-23,18,Nuevayol,Bad Bunny,18,3,35
2026-05-23,19,Amo Minha Favela,MC Meno K & DJ Japa NK,13,3,20
2026-05-23,20,Ultima Danca,Chico da Tina & Lucas Maia,21,20,2
2026-05-23,21,Beat It,Michael Jackson,19,19,2
2026-05-23,22,Ordinary,Alex Warren,23,1,58
2026-05-23,23,Babydoll,Dominic Fike,16,10,9
2026-05-23,24,Interestelar,Plutonio,22,1,67
2026-05-23,25,The Fate Of Ophelia,Taylor Swift,-,1,27
2026-05-30,1,25 de Abril,Lon3r Johny Featuring Plutonio,1,1,6
2026-05-30,2,National Treasures,Drake,-,2,1
2026-05-30,3,Janice STFU,Drake,-,3,1
2026-05-30,4,Whisper My Name,Drake,-,4,1
2026-05-30,5,Baile Inolvidable,Bad Bunny,4,2,27
2026-05-30,6,Make Them Cry,Drake,-,6,1
2026-05-30,7,Ran To Atlanta,Drake Featuring Future & Molly Santana,-,7,1
2026-05-30,8,Sou Grande No Amor,Chico da Tina,-,8,1
2026-05-30,9,Pensar Em Ti,ProfJam Featuring Plutonio,-,9,1
2026-05-30,10,Dust,Drake,-,10,1
2026-05-30,11,Shabang,Drake,-,11,1
2026-05-30,12,Beauty And A Beat,Justin Bieber Featuring Nicki Minaj,2,2,6
2026-05-30,13,DTMF,Bad Bunny,13,1,54
2026-05-30,14,Billie Jean,Michael Jackson,5,5,3
2026-05-30,15,Dracula,Tame Impala & JENNIE,7,5,11
2026-05-30,16,Nuevayol,Bad Bunny,18,3,36
2026-05-30,17,Posso Ate Nao Te Dar Flores,"DJ Japa NK, MC Jacare, MC Meno K, MC Ryan SP & DJ DAVI DOGDOG",6,1,31
2026-05-30,18,Jetski,"Pedro Sampaio, MC Meno K & Melody",8,1,22
2026-05-30,19,Ultima Danca,Chico da Tina & Lucas Maia,20,19,3
2026-05-30,20,Reliquia do 2T,"MC Tuto, MC Bine7, MC Joaozinho VT, MC Dkziin, DJ Gu & MC Fr da Norte",9,5,8
2026-05-30,21,Plot Twist,Drake,-,21,1
2026-05-30,22,SOZINHO,ProfJam,3,3,2
2026-05-30,23,Vicios,Chico da Tina,-,23,1
2026-05-30,24,2 Hard 4 The Radio,Drake,-,24,1
2026-05-30,25,Diario de Um Cafajeste,"DJ Oreia, MC Lele JP, MC Ryan SP, MC Meno K, MC Negao Original & MC Tuto",17,17,2
2026-06-06,1,Baile Inolvidable,Bad Bunny,5,1,28
2026-06-06,2,Nuevayol,Bad Bunny,16,2,37
2026-06-06,3,DTMF,Bad Bunny,13,1,55
2026-06-06,4,Titi Me Pregunto,Bad Bunny,-,4,29
2026-06-06,5,25 de Abril,Lon3r Johny Featuring Plutonio,1,1,7
2026-06-06,6,Voy A Llevarte Pa PR,Bad Bunny,-,6,9
2026-06-06,7,EOO,Bad Bunny,-,7,4
2026-06-06,8,The Cure,Olivia Rodrigo,-,8,1
2026-06-06,9,La Cancion,J Balvin & Bad Bunny,-,9,4
2026-06-06,10,Sou Grande No Amor,Chico da Tina,8,8,2
2026-06-06,11,Cafe Con Ron,Bad Bunny & Los Pleneros de La Cresta,-,11,4
2026-06-06,12,Weltita,Bad Bunny & Chuwi,-,12,4
2026-06-06,13,La Mudanza,Bad Bunny,-,13,1
2026-06-06,14,Velda,"Bad Bunny , Omar Courtz & Dei V",-,14,3
2026-06-06,15,Vicios,Chico da Tina,23,15,2
2026-06-06,16,Posso Ate Nao Te Dar Flores,"DJ Japa NK, MC Jacare, MC Meno K, MC Ryan SP & DJ DAVI DOGDOG",17,1,32
2026-06-06,17,Ojitos Lindos,Bad Bunny & Bomba Estereo,-,17,1
2026-06-06,18,Callaita,Bad Bunny & Tainy,-,18,1
2026-06-06,19,Pensar Em Ti,ProfJam Featuring Plutonio,9,9,2
2026-06-06,20,Reliquia do 2T,"MC Tuto, MC Bine7, MC Joaozinho VT, MC Dkziin, DJ Gu & MC Fr da Norte",20,5,9
2026-06-06,21,Janice STFU,Drake,3,3,2
2026-06-06,22,Beauty And A Beat,Justin Bieber Featuring Nicki Minaj,12,2,7
2026-06-06,23,Diario de Um Cafajeste,"DJ Oreia, MC Lele JP, MC Ryan SP, MC Meno K, MC Negao Original & MC Tuto",25,17,3
2026-06-06,24,Monaco,Bad Bunny,-,5,7
2026-06-06,25,Ultima Danca,Chico da Tina & Lucas Maia,19,19,4
2026-06-13,1,Baile Inolvidable,Bad Bunny,1,1,29
2026-06-13,2,DTMF,Bad Bunny,3,1,56
2026-06-13,3,Nuevayol,Bad Bunny,2,2,38
2026-06-13,4,25 de Abril,Lon3r Johny Featuring Plutonio,5,1,8
2026-06-13,5,C'est La Vie,Richie Campbell Featuring Plutonio,-,5,1
2026-06-13,6,Titi Me Pregunto,Bad Bunny,4,4,30
2026-06-13,7,Sou Grande No Amor,Chico da Tina,10,7,3
2026-06-13,8,Hate That I Made You Love Me,Ariana Grande,-,8,1
2026-06-13,9,La Cancion,J Balvin & Bad Bunny,9,9,5
2026-06-13,10,Vicios,Chico da Tina,15,10,3
2026-06-13,11,EOO,Bad Bunny,7,7,5
2026-06-13,12,Voy A Llevarte Pa PR,Bad Bunny,6,6,10
2026-06-13,13,Posso Ate Nao Te Dar Flores,"DJ Japa NK, MC Jacare, MC Meno K, MC Ryan SP & DJ DAVI DOGDOG",16,1,33
2026-06-13,14,The Cure,Olivia Rodrigo,8,8,2
2026-06-13,15,Ignorantes,Bad Bunny & Sech,-,15,1
2026-06-13,16,Ojitos Lindos,Bad Bunny & Bomba Estereo,17,16,2
2026-06-13,17,Ultima Danca,Chico da Tina & Lucas Maia,25,17,5
2026-06-13,18,Reliquia do 2T,"MC Tuto, MC Bine7, MC Joaozinho VT, MC Dkziin, DJ Gu & MC Fr da Norte",20,5,10
2026-06-13,19,Cafe Con Ron,Bad Bunny & Los Pleneros de La Cresta,11,11,5
2026-06-13,20,Beauty And A Beat,Justin Bieber Featuring Nicki Minaj,22,2,8
2026-06-13,21,Dracula,Tame Impala & JENNIE,-,5,12
2026-06-13,22,Jetski,"Pedro Sampaio, MC Meno K & Melody",-,1,23
2026-06-13,23,Diario de Um Cafajeste,"DJ Oreia, MC Lele JP, MC Ryan SP, MC Meno K, MC Negao Original & MC Tuto",23,17,4
2026-06-13,24,Famoso Ima / O Poderoso Chatao,"MC Lele JP, MC Poze do Rodo, MC Leozinho ZS, DJ Gordinho da VF",-,9,6
2026-06-13,25,Pensar Em Ti,ProfJam Featuring Plutonio,19,9,3
2026-06-20,1,Sou Grande No Amor,Chico da Tina,7,1,4
2026-06-20,2,C'est La Vie,Richie Campbell Featuring Plutonio,5,2,2
2026-06-20,3,25 de Abril,Lon3r Johny Featuring Plutonio,4,1,9
2026-06-20,4,Baile Inolvidable,Bad Bunny,1,1,30
2026-06-20,5,Vicios,Chico da Tina,10,5,4
2026-06-20,6,DTMF,Bad Bunny,2,1,57
2026-06-20,7,Nuevayol,Bad Bunny,3,2,39
2026-06-20,8,Ultima Danca,Chico da Tina & Lucas Maia,17,8,6
2026-06-20,9,Hate That I Made You Love Me,Ariana Grande,8,8,2
2026-06-20,10,Posso Ate Nao Te Dar Flores,"DJ Japa NK, MC Jacare, MC Meno K, MC Ryan SP & DJ DAVI DOGDOG",13,1,34
2026-06-20,11,Titi Me Pregunto,Bad Bunny,6,4,31
2026-06-20,12,Pile,Mauvais djo,-,12,1
2026-06-20,13,Reliquia do 2T,"MC Tuto, MC Bine7, MC Joaozinho VT, MC Dkziin, DJ Gu & MC Fr da Norte",18,5,11
2026-06-20,14,Beauty And A Beat,Justin Bieber Featuring Nicki Minaj,20,2,9
2026-06-20,15,Maladie,Mauvais djo,-,15,1
2026-06-20,16,The Cure,Olivia Rodrigo,14,8,3
2026-06-20,17,Jetski,"Pedro Sampaio, MC Meno K & Melody",22,1,24
2026-06-20,18,Dracula,Tame Impala & JENNIE,21,5,13
2026-06-20,19,La Cancion,J Balvin & Bad Bunny,9,9,6
2026-06-20,20,Por do Sol,Vizinhos,-,1,54
2026-06-20,21,Famoso Ima / O Poderoso Chatao,"MC Lele JP, MC Poze do Rodo, MC Leozinho ZS, DJ Gordinho da VF",24,9,7
2026-06-20,22,Diario de Um Cafajeste,"DJ Oreia, MC Lele JP, MC Ryan SP, MC Meno K, MC Negao Original & MC Tuto",23,17,5
2026-06-20,23,Carnivoro,"MC Jacare, MC Lele JP, MC Negao Original & DJ Japa NK",-,5,13
2026-06-20,24,Raindance,Dave & Tems,-,5,22
2026-06-20,25,Swim,BTS,-,1,9
2026-06-27,1,Sou Grande No Amor,Chico da Tina,1,1,5
2026-06-27,2,Stupid Song,Olivia Rodrigo,-,2,1
2026-06-27,3,C'est La Vie,Richie Campbell Featuring Plutonio,2,2,3
2026-06-27,4,25 de Abril,Lon3r Johny Featuring Plutonio,3,1,10
2026-06-27,5,Vicios,Chico da Tina,5,5,5
2026-06-27,6,On Est La,Mizzy Miles Featuring Wet Bed Gang,-,6,1
2026-06-27,7,The Cure,Olivia Rodrigo,16,7,4
2026-06-27,8,Baile Inolvidable,Bad Bunny,4,1,31
2026-06-27,9,Honeybee,Olivia Rodrigo,-,9,1
2026-06-27,10,Drop Dead,Olivia Rodrigo,-,3,4
2026-06-27,11,Dai Dai (FIFA World Cup Official Song 2026),Shakira X Burna Boy,-,11,1
2026-06-27,12,What's Wrong With Me,Olivia Rodrigo & Robert Smith,-,12,1
2026-06-27,13,Ultima Danca,Chico da Tina & Lucas Maia,8,8,7
2026-06-27,14,DTMF,Bad Bunny,6,1,58
2026-06-27,15,Maggots For Brains,Olivia Rodrigo,-,15,1
2026-06-27,16,Less,Olivia Rodrigo,-,16,1
2026-06-27,17,Pile,Mauvais djo,12,12,2
2026-06-27,18,Nuevayol,Bad Bunny,7,2,40
2026-06-27,19,Begged,Olivia Rodrigo,-,19,1
2026-06-27,20,My Way,Olivia Rodrigo,-,20,1
2026-06-27,21,u + me = <3,Olivia Rodrigo,-,21,1
2026-06-27,22,Maladie,Mauvais djo,15,15,2
2026-06-27,23,Expectations,Olivia Rodrigo,-,23,1
2026-06-27,24,Posso Ate Nao Te Dar Flores,"DJ Japa NK, MC Jacare, MC Meno K, MC Ryan SP & DJ DAVI DOGDOG",10,1,35
2026-06-27,25,Hate That I Made You Love Me,Ariana Grande,9,8,3
2026-07-04,1,Sou Grande No Amor,Chico da Tina,1,1,6
2026-07-04,2,C'est La Vie,Richie Campbell Featuring Plutonio,3,2,4
2026-07-04,3,Vicios,Chico da Tina,5,3,6
2026-07-04,4,25 de Abril,Lon3r Johny Featuring Plutonio,4,1,11
2026-07-04,5,On Est La,Mizzy Miles Featuring Wet Bed Gang,6,5,2
2026-07-04,6,Dai Dai (FIFA World Cup Official Song 2026),Shakira X Burna Boy,11,6,2
2026-07-04,7,Baile Inolvidable,Bad Bunny,8,1,32
2026-07-04,8,Pile,Mauvais djo,17,8,3
2026-07-04,9,Stupid Song,Olivia Rodrigo,2,2,2
2026-07-04,10,Ultima Danca,Chico da Tina & Lucas Maia,13,8,8
2026-07-04,11,Jetski,"Pedro Sampaio, MC Meno K & Melody",-,1,25
2026-07-04,12,Maladie,Mauvais djo,22,12,3
2026-07-04,13,DTMF,Bad Bunny,14,1,59
2026-07-04,14,Nuevayol,Bad Bunny,18,2,41
2026-07-04,15,The Cure,Olivia Rodrigo,7,7,5
2026-07-04,16,Honeybee,Olivia Rodrigo,9,9,2
2026-07-04,17,Posso Ate Nao Te Dar Flores,"DJ Japa NK, MC Jacare, MC Meno K, MC Ryan SP & DJ DAVI DOGDOG",24,1,36
2026-07-04,18,Reliquia do 2T,"MC Tuto, MC Bine7, MC Joaozinho VT, MC Dkziin, DJ Gu & MC Fr da Norte",-,5,12
2026-07-04,19,Beauty And A Beat,Justin Bieber Featuring Nicki Minaj,-,2,10
2026-07-04,20,Por do Sol,Vizinhos,-,1,55
2026-07-04,21,Dracula,Tame Impala & JENNIE,-,5,14
2026-07-04,22,The One That Got Away,Katy Perry,-,22,1
2026-07-04,23,Drop Dead,Olivia Rodrigo,10,3,5
2026-07-04,24,Sequencia Feiticeira,"PEDRO SAMPAIO Featuring MC GW, MC Jhey, MC Rodrigo do CN & MC Nito",-,2,35
2026-07-04,25,In The End,Linkin Park,-,25,1
2026-07-11,1,Sou Grande No Amor,Chico da Tina,1,1,7
2026-07-11,2,Vicios,Chico da Tina,3,2,7
2026-07-11,3,25 de Abril,Lon3r Johny Featuring Plutonio,4,1,12
2026-07-11,4,C'est La Vie,Richie Campbell Featuring Plutonio,2,2,5
2026-07-11,5,Dai Dai (FIFA World Cup Official Song 2026),Shakira X Burna Boy,6,5,3
2026-07-11,6,Pile,Mauvais djo,8,6,4
2026-07-11,7,Baile Inolvidable,Bad Bunny,7,1,33
2026-07-11,8,On Est La,Mizzy Miles Featuring Wet Bed Gang,5,5,3
2026-07-11,9,Ultima Danca,Chico da Tina & Lucas Maia,10,8,9
2026-07-11,10,DTMF,Bad Bunny,13,1,60
2026-07-11,11,Maladie,Mauvais djo,12,11,4
2026-07-11,12,Posso Ate Nao Te Dar Flores,"DJ Japa NK, MC Jacare, MC Meno K, MC Ryan SP & DJ DAVI DOGDOG",17,1,37
2026-07-11,13,Nuevayol,Bad Bunny,14,2,42
2026-07-11,14,Reliquia do 2T,"MC Tuto, MC Bine7, MC Joaozinho VT, MC Dkziin, DJ Gu & MC Fr da Norte",18,5,13
2026-07-11,15,Jetski,"Pedro Sampaio, MC Meno K & Melody",11,1,26
2026-07-11,16,Stupid Song,Olivia Rodrigo,9,2,3
2026-07-11,17,Por do Sol,Vizinhos,20,1,56
2026-07-11,18,Beauty And A Beat,Justin Bieber Featuring Nicki Minaj,19,2,11
2026-07-11,19,Cuida do Pet,"Aaron Modesto, DU'L, MC Willian, Oldilla, MC Negao Original, DJ Aladin GDB & MC Iguinho CT",-,19,1
2026-07-11,20,Honeybee,Olivia Rodrigo,16,9,3
2026-07-11,21,Dracula,Tame Impala & JENNIE,21,5,15
2026-07-11,22,The Cure,Olivia Rodrigo,15,7,6
2026-07-11,23,Interestelar,Plutonio,-,1,68
2026-07-11,24,Jamaican (Bam Bam),HUGEL & SOLTO,-,24,1
2026-07-11,25,Carnivoro,"MC Jacare, MC Lele JP, MC Negao Original & DJ Japa NK",-,5,14
2026-07-18,1,Sou Grande No Amor,Chico da Tina,1,1,8
2026-07-18,2,Vicios,Chico da Tina,2,2,8
2026-07-18,3,Dai Dai (FIFA World Cup Official Song 2026),Shakira X Burna Boy,5,3,4
2026-07-18,4,25 de Abril,Lon3r Johny Featuring Plutonio,3,1,13
2026-07-18,5,C'est La Vie,Richie Campbell Featuring Plutonio,4,2,6
2026-07-18,6,Pile,Mauvais djo,6,6,5
2026-07-18,7,Baile Inolvidable,Bad Bunny,7,1,34
2026-07-18,8,Maladie,Mauvais djo,11,8,5
2026-07-18,9,Ultima Danca,Chico da Tina & Lucas Maia,9,8,10
2026-07-18,10,DTMF,Bad Bunny,10,1,61
2026-07-18,11,On Est La,Mizzy Miles Featuring Wet Bed Gang,8,5,4
2026-07-18,12,Cuida do Pet,"Aaron Modesto, DU'L, MC Willian, Oldilla, MC Negao Original, DJ Aladin GDB & MC Iguinho CT",19,12,2
2026-07-18,13,Posso Ate Nao Te Dar Flores,"DJ Japa NK, MC Jacare, MC Meno K, MC Ryan SP & DJ DAVI DOGDOG",12,1,38
2026-07-18,14,Nuevayol,Bad Bunny,13,2,43
2026-07-18,15,Reliquia do 2T,"MC Tuto, MC Bine7, MC Joaozinho VT, MC Dkziin, DJ Gu & MC Fr da Norte",14,5,14
2026-07-18,16,Carnivoro,"MC Jacare, MC Lele JP, MC Negao Original & DJ Japa NK",25,5,15
2026-07-18,17,Beauty And A Beat,Justin Bieber Featuring Nicki Minaj,18,2,12
2026-07-18,18,Interestelar,Plutonio,23,1,69
2026-07-18,19,Jamaican (Bam Bam),HUGEL & SOLTO,24,19,2
2026-07-18,20,Jetski,"Pedro Sampaio, MC Meno K & Melody",15,1,27
2026-07-18,21,Stupid Song,Olivia Rodrigo,16,2,4
2026-07-18,22,Pau Pra Toda Obra,"MC Jacare, MC Ryan SP, MC Lele JP & MC IG",-,22,1
2026-07-18,23,Move,"Adam Port, Stryv & Camila Cabello Feat. Malachiii",-,1,39
2026-07-18,24,I Adore You,HUGEL X Topic X Arash Featuring Daecolm,-,7,38
2026-07-18,25,Por do Sol,Vizinhos,17,1,57
2026-07-25,1,Sou Grande No Amor,Chico da Tina,1,1,9
2026-07-25,2,Vicios,Chico da Tina,2,2,9
2026-07-25,3,25 de Abril,Lon3r Johny Featuring Plutonio,4,1,14
2026-07-25,4,Dai Dai (FIFA World Cup Official Song 2026),Shakira X Burna Boy,3,3,5
2026-07-25,5,C'est La Vie,Richie Campbell Featuring Plutonio,5,2,7
2026-07-25,6,Pile,Mauvais djo,6,6,6
2026-07-25,7,Baile Inolvidable,Bad Bunny,7,1,35
2026-07-25,8,Maladie,Mauvais djo,8,8,6
2026-07-25,9,Wonderwall,Oasis,-,9,1
2026-07-25,10,Cuida do Pet,"Aaron Modesto, DU'L, MC Willian, Oldilla, MC Negao Original, DJ Aladin GDB & MC Iguinho CT",12,10,3
2026-07-25,11,Ultima Danca,Chico da Tina & Lucas Maia,9,8,11
2026-07-25,12,DTMF,Bad Bunny,10,1,62
2026-07-25,13,Posso Ate Nao Te Dar Flores,"DJ Japa NK, MC Jacare, MC Meno K, MC Ryan SP & DJ DAVI DOGDOG",13,1,39
2026-07-25,14,Interestelar,Plutonio,18,1,70
2026-07-25,15,Nuevayol,Bad Bunny,14,2,44
2026-07-25,16,Reliquia do 2T,"MC Tuto, MC Bine7, MC Joaozinho VT, MC Dkziin, DJ Gu & MC Fr da Norte",15,5,15
2026-07-25,17,Beauty And A Beat,Justin Bieber Featuring Nicki Minaj,17,2,13
2026-07-25,18,On Est La,Mizzy Miles Featuring Wet Bed Gang,11,5,5
2026-07-25,19,Carnivoro,"MC Jacare, MC Lele JP, MC Negao Original & DJ Japa NK",16,5,16
2026-07-25,20,Pau Pra Toda Obra,"MC Jacare, MC Ryan SP, MC Lele JP & MC IG",22,20,2
2026-07-25,21,Jamaican (Bam Bam),HUGEL & SOLTO,19,19,3
2026-07-25,22,Raindance,Dave & Tems,-,5,23
2026-07-25,23,Jetski,"Pedro Sampaio, MC Meno K & Melody",20,1,28
2026-07-25,24,Stupid Song,Olivia Rodrigo,21,2,5
2026-07-25,25,Por do Sol,Vizinhos,25,1,58
2026-08-01,1,Dai Dai (FIFA World Cup Official Song 2026),Shakira X Burna Boy,4,1,6
2026-08-01,2,25 de Abril,Lon3r Johny Featuring Plutonio,3,1,15
2026-08-01,3,Sou Grande No Amor,Chico da Tina,1,1,10
2026-08-01,4,C'est La Vie,Richie Campbell Featuring Plutonio,5,2,8
2026-08-01,5,Vicios,Chico da Tina,2,2,10
2026-08-01,6,Pile,Mauvais djo,6,6,7
2026-08-01,7,Baile Inolvidable,Bad Bunny,7,1,36
2026-08-01,8,Cuida do Pet,"Aaron Modesto, DU'L, MC Willian, Oldilla, MC Negao Original, DJ Aladin GDB & MC Iguinho CT",10,8,4
2026-08-01,9,Maladie,Mauvais djo,8,8,7
2026-08-01,10,DTMF,Bad Bunny,12,1,63
2026-08-01,11,Wonderwall,Oasis,9,9,2
2026-08-01,12,Jamaican (Bam Bam),HUGEL & SOLTO,21,12,4
2026-08-01,13,Nuevayol,Bad Bunny,15,2,45
2026-08-01,14,Beauty And A Beat,Justin Bieber Featuring Nicki Minaj,17,2,14
2026-08-01,15,Posso Ate Nao Te Dar Flores,"DJ Japa NK, MC Jacare, MC Meno K, MC Ryan SP & DJ DAVI DOGDOG",13,1,40
2026-08-01,16,Ultima Danca,Chico da Tina & Lucas Maia,11,8,12
2026-08-01,17,Interestelar,Plutonio,14,1,71
2026-08-01,18,Pau Pra Toda Obra,"MC Jacare, MC Ryan SP, MC Lele JP & MC IG",20,18,3
2026-08-01,19,Reliquia do 2T,"MC Tuto, MC Bine7, MC Joaozinho VT, MC Dkziin, DJ Gu & MC Fr da Norte",16,5,16
2026-08-01,20,Carnivoro,"MC Jacare, MC Lele JP, MC Negao Original & DJ Japa NK",19,5,17
2026-08-01,21,On Est La,Mizzy Miles Featuring Wet Bed Gang,18,5,6
2026-08-01,22,Raindance,Dave & Tems,22,5,24
2026-08-01,23,Peao Todo Tatuado,Jeninho E Mariana Fagundes,-,23,1
2026-08-01,24,Dracula,Tame Impala & JENNIE,-,5,16
2026-08-01,25,Por do Sol,Vizinhos,25,1,59
2026-08-08,1,Dai Dai (FIFA World Cup Official Song 2026),Shakira X Burna Boy,1,1,7
2026-08-08,2,25 de Abril,Lon3r Johny Featuring Plutonio,2,1,16
2026-08-08,3,C'est La Vie,Richie Campbell Featuring Plutonio,4,2,9
2026-08-08,4,Vicios,Chico da Tina,5,2,11
2026-08-08,5,Sou Grande No Amor,Chico da Tina,3,1,11
2026-08-08,6,Pile,Mauvais djo,6,6,8
2026-08-08,7,Cuida do Pet,"Aaron Modesto, DU'L, MC Willian, Oldilla, MC Negao Original, DJ Aladin GDB & MC Iguinho CT",8,7,5
2026-08-08,8,Jamaican (Bam Bam),HUGEL & SOLTO,12,8,5
2026-08-08,9,Baile Inolvidable,Bad Bunny,7,1,37
2026-08-08,10,Maladie,Mauvais djo,9,8,8
2026-08-08,11,DTMF,Bad Bunny,10,1,64
2026-08-08,12,Pau Pra Toda Obra,"MC Jacare, MC Ryan SP, MC Lele JP & MC IG",18,12,4
2026-08-08,13,Posso Ate Nao Te Dar Flores,"DJ Japa NK, MC Jacare, MC Meno K, MC Ryan SP & DJ DAVI DOGDOG",15,1,41
2026-08-08,14,Beauty And A Beat,Justin Bieber Featuring Nicki Minaj,14,2,15
2026-08-08,15,Nuevayol,Bad Bunny,13,2,46
2026-08-08,16,On Est La,Mizzy Miles Featuring Wet Bed Gang,21,5,7
2026-08-08,17,Interestelar,Plutonio,17,1,72
2026-08-08,18,Reliquia do 2T,"MC Tuto, MC Bine7, MC Joaozinho VT, MC Dkziin, DJ Gu & MC Fr da Norte",19,5,17
2026-08-08,19,Carnivoro,"MC Jacare, MC Lele JP, MC Negao Original & DJ Japa NK",20,5,18
2026-08-08,20,Ultima Danca,Chico da Tina & Lucas Maia,16,8,13
2026-08-08,21,Tas No Ponto,Anselmo Ralph,-,21,1
2026-08-08,22,Wonderwall,Oasis,11,9,3
2026-08-08,23,Move,"Adam Port, Stryv & Camila Cabello Feat. Malachiii",-,1,40
2026-08-08,24,Por do Sol,Vizinhos,25,1,60
2026-08-08,25,I Adore You,HUGEL X Topic X Arash Featuring Daecolm,-,7,39
2026-08-15,1,Dai Dai (FIFA World Cup Official Song 2026),Shakira X Burna Boy,1,1,8
2026-08-15,2,25 de Abril,Lon3r Johny Featuring Plutonio,2,1,17
2026-08-15,3,C'est La Vie,Richie Campbell Featuring Plutonio,3,2,10
2026-08-15,4,Vicios,Chico da Tina,4,2,12
2026-08-15,5,Sou Grande No Amor,Chico da Tina,5,1,12
2026-08-15,6,Pile,Mauvais djo,6,6,9
2026-08-15,7,Tas No Ponto,Anselmo Ralph,21,7,2
2026-08-15,8,Cuida do Pet,"Aaron Modesto, DU'L, MC Willian, Oldilla, MC Negao Original, DJ Aladin GDB & MC Iguinho CT",7,7,6
2026-08-15,9,Petal,Ariana Grande,-,9,1
2026-08-15,10,Jamaican (Bam Bam),HUGEL & SOLTO,8,8,6
2026-08-15,11,Hate That I Made You Love Me,Ariana Grande,-,8,4
2026-08-15,12,Maladie,Mauvais djo,10,8,9
2026-08-15,13,Baile Inolvidable,Bad Bunny,9,1,38
2026-08-15,14,Pau Pra Toda Obra,"MC Jacare, MC Ryan SP, MC Lele JP & MC IG",12,12,5
2026-08-15,15,DTMF,Bad Bunny,11,1,65
2026-08-15,16,On Est La,Mizzy Miles Featuring Wet Bed Gang,16,5,8
2026-08-15,17,Posso Ate Nao Te Dar Flores,"DJ Japa NK, MC Jacare, MC Meno K, MC Ryan SP & DJ DAVI DOGDOG",13,1,42
2026-08-15,18,Ultima Danca,Chico da Tina & Lucas Maia,20,8,14
2026-08-15,19,Beauty And A Beat,Justin Bieber Featuring Nicki Minaj,14,2,16
2026-08-15,20,Nuevayol,Bad Bunny,15,2,47
2026-08-15,21,Por do Sol,Vizinhos,24,1,61
2026-08-15,22,Interestelar,Plutonio,17,1,73
2026-08-15,23,Carnivoro,"MC Jacare, MC Lele JP, MC Negao Original & DJ Japa NK",19,5,19
2026-08-15,24,Wonderwall,Oasis,22,9,4
2026-08-15,25,Reliquia do 2T,"MC Tuto, MC Bine7, MC Joaozinho VT, MC Dkziin, DJ Gu & MC Fr da Norte",18,5,18
2026-08-22,1,PEGA OU LARGA,Chico da Tina,-,1,1
2026-08-22,2,Vicios,Chico da Tina,4,2,13
2026-08-22,3,Dai Dai (FIFA World Cup Official Song 2026),Shakira X Burna Boy,1,1,9
2026-08-22,4,Sou Grande No Amor,Chico da Tina,5,1,13
2026-08-22,5,25 de Abril,Lon3r Johny Featuring Plutonio,2,1,18
2026-08-22,6,C'est La Vie,Richie Campbell Featuring Plutonio,3,2,11
2026-08-22,7,Tas No Ponto,Anselmo Ralph,7,7,3
2026-08-22,8,Pile,Mauvais djo,6,6,10
2026-08-22,9,Cuida do Pet,"Aaron Modesto, DU'L, MC Willian, Oldilla, MC Negao Original, DJ Aladin GDB & MC Iguinho CT",8,7,7
2026-08-22,10,Jamaican (Bam Bam),HUGEL & SOLTO,10,8,7
2026-08-22,11,Ultima Danca,Chico da Tina & Lucas Maia,18,8,15
2026-08-22,12,Baile Inolvidable,Bad Bunny,13,1,39
2026-08-22,13,Pau Pra Toda Obra,"MC Jacare, MC Ryan SP, MC Lele JP & MC IG",14,12,6
2026-08-22,14,Maladie,Mauvais djo,12,8,10
2026-08-22,15,DTMF,Bad Bunny,15,1,66
2026-08-22,16,Interestelar,Plutonio,22,1,74
2026-08-22,17,On Est La,Mizzy Miles Featuring Wet Bed Gang,16,5,9
2026-08-22,18,Beauty And A Beat,Justin Bieber Featuring Nicki Minaj,19,2,17
2026-08-22,19,Por do Sol,Vizinhos,21,1,62
2026-08-22,20,Petal,Ariana Grande,9,9,2
2026-08-22,21,Posso Ate Nao Te Dar Flores,"DJ Japa NK, MC Jacare, MC Meno K, MC Ryan SP & DJ DAVI DOGDOG",17,1,43
2026-08-22,22,Carnivoro,"MC Jacare, MC Lele JP, MC Negao Original & DJ Japa NK",23,5,20
2026-08-22,23,Nuevayol,Bad Bunny,20,2,48
2026-08-22,24,I Adore You,HUGEL X Topic X Arash Featuring Daecolm,-,7,40
2026-08-22,25,Chuva de Amor,Calema,-,25,1
2026-08-29,1,PEGA OU LARGA,Chico da Tina,1,1,2
2026-08-29,2,Vicios,Chico da Tina,2,2,14
2026-08-29,3,25 de Abril,Lon3r Johny Featuring Plutonio,5,1,19
2026-08-29,4,Sou Grande No Amor,Chico da Tina,4,1,14
2026-08-29,5,Dai Dai (FIFA World Cup Official Song 2026),Shakira X Burna Boy,3,1,10
2026-08-29,6,C'est La Vie,Richie Campbell Featuring Plutonio,6,2,12
2026-08-29,7,Pile,Mauvais djo,8,6,11
2026-08-29,8,Cuida do Pet,"Aaron Modesto, DU'L, MC Willian, Oldilla, MC Negao Original, DJ Aladin GDB & MC Iguinho CT",9,7,8
2026-08-29,9,Jamaican (Bam Bam),HUGEL & SOLTO,10,8,8
2026-08-29,10,Tas No Ponto,Anselmo Ralph,7,7,4
2026-08-29,11,Ultima Danca,Chico da Tina & Lucas Maia,11,8,16
2026-08-29,12,Pau Pra Toda Obra,"MC Jacare, MC Ryan SP, MC Lele JP & MC IG",13,12,7
2026-08-29,13,Por do Sol,Vizinhos,19,1,63
2026-08-29,14,Interestelar,Plutonio,16,1,75
2026-08-29,15,Baile Inolvidable,Bad Bunny,12,1,40
2026-08-29,16,Maladie,Mauvais djo,14,8,11
2026-08-29,17,On Est La,Mizzy Miles Featuring Wet Bed Gang,17,5,10
2026-08-29,18,DTMF,Bad Bunny,15,1,67
2026-08-29,19,Chuva de Amor,Calema,25,19,2
2026-08-29,20,Beauty And A Beat,Justin Bieber Featuring Nicki Minaj,18,2,18
2026-08-29,21,Posso Ate Nao Te Dar Flores,"DJ Japa NK, MC Jacare, MC Meno K, MC Ryan SP & DJ DAVI DOGDOG",21,1,44
2026-08-29,22,Carnivoro,"MC Jacare, MC Lele JP, MC Negao Original & DJ Japa NK",22,5,21
2026-08-29,23,Somos Iguais,Plutonio,-,23,6
2026-08-29,24,Reliquia do 2T,"MC Tuto, MC Bine7, MC Joaozinho VT, MC Dkziin, DJ Gu & MC Fr da Norte",-,5,19
2026-08-29,25,Movin' To The Sun,"HUGEL , Imael Angel & Ultra Nate",-,25,1
2026-09-05,1,PEGA OU LARGA,Chico da Tina,1,1,3
2026-09-05,2,25 de Abril,Lon3r Johny Featuring Plutonio,3,1,20
2026-09-05,3,Vicios,Chico da Tina,2,2,15
2026-09-05,4,Sou Grande No Amor,Chico da Tina,4,1,15
2026-09-05,5,C'est La Vie,Richie Campbell Featuring Plutonio,6,2,13
2026-09-05,6,Dai Dai (FIFA World Cup Official Song 2026),Shakira X Burna Boy,5,1,11
2026-09-05,7,Pile,Mauvais djo,7,6,12
2026-09-05,8,Cuida do Pet,"Aaron Modesto, DU'L, MC Willian, Oldilla, MC Negao Original, DJ Aladin GDB & MC Iguinho CT",8,7,9
2026-09-05,9,Tas No Ponto,Anselmo Ralph,10,7,5
2026-09-05,10,Jamaican (Bam Bam),HUGEL & SOLTO,9,8,9
2026-09-05,11,Ultima Danca,Chico da Tina & Lucas Maia,11,8,17
2026-09-05,12,Por do Sol,Vizinhos,13,1,64
2026-09-05,13,Ta Pedindo Toma,"DJ Jhow Beats, MC Leozinho Zs, MC Murilo MT, MC DR, MC RN DO CAPAO & MC Pelourinho",-,13,1
2026-09-05,14,Pau Pra Toda Obra,"MC Jacare, MC Ryan SP, MC Lele JP & MC IG",12,12,8
2026-09-05,15,Interestelar,Plutonio,14,1,76
2026-09-05,16,On Est La,Mizzy Miles Featuring Wet Bed Gang,17,5,11
2026-09-05,17,Baile Inolvidable,Bad Bunny,15,1,41
2026-09-05,18,Carnivoro,"MC Jacare, MC Lele JP, MC Negao Original & DJ Japa NK",22,5,22
2026-09-05,19,Posso Ate Nao Te Dar Flores,"DJ Japa NK, MC Jacare, MC Meno K, MC Ryan SP & DJ DAVI DOGDOG",21,1,45
2026-09-05,20,Maladie,Mauvais djo,16,8,12
2026-09-05,21,Beauty And A Beat,Justin Bieber Featuring Nicki Minaj,20,2,19
2026-09-05,22,Chuva de Amor,Calema,19,19,3
2026-09-05,23,DTMF,Bad Bunny,18,1,68
2026-09-05,24,Movin' To The Sun,"HUGEL , Imael Angel & Ultra Nate",25,24,2
2026-09-05,25,Somos Iguais,Plutonio,23,23,7
