Date,Rank,Song,Artist,Last Week,Peak Position,Weeks on Chart
2013-04-20,1,Thrift Shop,Macklemore & Ryan Lewis Featuring Wanz,-,1,1
2013-04-20,2,Started From The Bottom,Drake,-,2,1
2013-04-20,3,Love Me,Lil Wayne Featuring Drake & Future,-,3,1
2013-04-20,4,Gangnam Style,PSY,-,4,1
2013-04-20,5,Bad,Wale Featuring Tiara Thomas Or Rihanna,-,5,1
2013-04-20,6,F**kin Problems,"A$AP Rocky Featuring Drake , 2 Chainz & Kendrick Lamar",-,6,1
2013-04-20,7,Can't Hold Us,Macklemore & Ryan Lewis Featuring Ray Dalton,-,7,1
2013-04-20,8,Power Trip,J. Cole Featuring Miguel,-,8,1
2013-04-20,9,Bugatti,Ace Hood Featuring Future & Rick Ross,-,9,1
2013-04-20,10,Feel This Moment,Pitbull Featuring Christina Aguilera,-,10,1
2013-04-20,11,Rich As F**k,Lil Wayne Featuring 2 Chainz,-,11,1
2013-04-20,12,All Gold Everything,Trinidad James,-,12,1
2013-04-20,13,Poetic Justice,Kendrick Lamar Featuring Drake,-,13,1
2013-04-20,14,Wop,J. Dash,-,14,1
2013-04-20,15,No Worries,Lil Wayne Featuring Detail,-,15,1
2013-04-27,1,Gentleman,PSY,-,1,1
2013-04-27,2,Thrift Shop,Macklemore & Ryan Lewis Featuring Wanz,1,1,2
2013-04-27,3,Started From The Bottom,Drake,2,2,2
2013-04-27,4,Love Me,Lil Wayne Featuring Drake & Future,3,3,2
2013-04-27,5,Can't Hold Us,Macklemore & Ryan Lewis Featuring Ray Dalton,7,5,2
2013-04-27,6,Gangnam Style,PSY,4,4,2
2013-04-27,7,Power Trip,J. Cole Featuring Miguel,8,7,2
2013-04-27,8,Bad,Wale Featuring Tiara Thomas Or Rihanna,5,5,2
2013-04-27,9,F**kin Problems,"A$AP Rocky Featuring Drake , 2 Chainz & Kendrick Lamar",6,6,2
2013-04-27,10,High School,Nicki Minaj Featuring Lil Wayne,16,10,2
2013-04-27,11,Feel This Moment,Pitbull Featuring Christina Aguilera,10,10,2
2013-04-27,12,Bugatti,Ace Hood Featuring Future & Rick Ross,9,9,2
2013-04-27,13,Rich As F**k,Lil Wayne Featuring 2 Chainz,11,11,2
2013-04-27,14,All Gold Everything,Trinidad James,12,12,2
2013-04-27,15,Poetic Justice,Kendrick Lamar Featuring Drake,13,13,2
2013-05-04,1,Gentleman,PSY,1,1,2
2013-05-04,2,Thrift Shop,Macklemore & Ryan Lewis Featuring Wanz,2,1,3
2013-05-04,3,Gangnam Style,PSY,6,3,3
2013-05-04,4,Can't Hold Us,Macklemore & Ryan Lewis Featuring Ray Dalton,5,4,3
2013-05-04,5,Started From The Bottom,Drake,3,2,3
2013-05-04,6,Love Me,Lil Wayne Featuring Drake & Future,4,3,3
2013-05-04,7,Power Trip,J. Cole Featuring Miguel,7,7,3
2013-05-04,8,Bad,Wale Featuring Tiara Thomas Or Rihanna,8,5,3
2013-05-04,9,F**kin Problems,"A$AP Rocky Featuring Drake , 2 Chainz & Kendrick Lamar",9,6,3
2013-05-04,10,Feel This Moment,Pitbull Featuring Christina Aguilera,11,10,3
2013-05-04,11,Rich As F**k,Lil Wayne Featuring 2 Chainz,13,11,3
2013-05-04,12,U.O.E.N.O.,Rocko Featuring Future & Rick Ross,16,12,2
2013-05-04,13,Bugatti,Ace Hood Featuring Future & Rick Ross,12,9,3
2013-05-04,14,High School,Nicki Minaj Featuring Lil Wayne,10,10,3
2013-05-04,15,All Gold Everything,Trinidad James,14,12,3
2013-05-11,1,Thrift Shop,Macklemore & Ryan Lewis Featuring Wanz,2,1,4
2013-05-11,2,Can't Hold Us,Macklemore & Ryan Lewis Featuring Ray Dalton,4,2,4
2013-05-11,3,Gangnam Style,PSY,3,3,4
2013-05-11,4,Gentleman,PSY,1,1,3
2013-05-11,5,Started From The Bottom,Drake,5,2,4
2013-05-11,6,Love Me,Lil Wayne Featuring Drake & Future,6,3,4
2013-05-11,7,Power Trip,J. Cole Featuring Miguel,7,7,4
2013-05-11,8,Bad,Wale Featuring Tiara Thomas Or Rihanna,8,5,4
2013-05-11,9,F**kin Problems,"A$AP Rocky Featuring Drake , 2 Chainz & Kendrick Lamar",9,6,4
2013-05-11,10,U.O.E.N.O.,Rocko Featuring Future & Rick Ross,12,10,3
2013-05-11,11,Feel This Moment,Pitbull Featuring Christina Aguilera,10,10,4
2013-05-11,12,Rich As F**k,Lil Wayne Featuring 2 Chainz,11,11,4
2013-05-11,13,Bugatti,Ace Hood Featuring Future & Rick Ross,13,9,4
2013-05-11,14,Molly,"Tyga Featuring Cedric Gervais , Wiz Khalifa & Mally Mall",17,14,2
2013-05-11,15,All Gold Everything,Trinidad James,15,12,4
2013-05-18,1,Thrift Shop,Macklemore & Ryan Lewis Featuring Wanz,1,1,5
2013-05-18,2,Can't Hold Us,Macklemore & Ryan Lewis Featuring Ray Dalton,2,2,5
2013-05-18,3,Gangnam Style,PSY,3,3,5
2013-05-18,4,Gentleman,PSY,4,1,4
2013-05-18,5,Started From The Bottom,Drake,5,2,5
2013-05-18,6,Love Me,Lil Wayne Featuring Drake & Future,6,3,5
2013-05-18,7,Power Trip,J. Cole Featuring Miguel,7,7,5
2013-05-18,8,U.O.E.N.O.,Rocko Featuring Future & Rick Ross,10,8,4
2013-05-18,9,Bad,Wale Featuring Tiara Thomas Or Rihanna,8,5,5
2013-05-18,10,F**kin Problems,"A$AP Rocky Featuring Drake , 2 Chainz & Kendrick Lamar",9,6,5
2013-05-18,11,Feel This Moment,Pitbull Featuring Christina Aguilera,11,10,5
2013-05-18,12,Rich As F**k,Lil Wayne Featuring 2 Chainz,12,11,5
2013-05-18,13,Bugatti,Ace Hood Featuring Future & Rick Ross,13,9,5
2013-05-18,14,All Gold Everything,Trinidad James,15,12,5
2013-05-18,15,Jump,Kris Kross,-,15,1
2013-05-25,1,Gangnam Style,PSY,3,1,6
2013-05-25,2,Thrift Shop,Macklemore & Ryan Lewis Featuring Wanz,1,1,6
2013-05-25,3,Can't Hold Us,Macklemore & Ryan Lewis Featuring Ray Dalton,2,2,6
2013-05-25,4,Gentleman,PSY,4,1,5
2013-05-25,5,Started From The Bottom,Drake,5,2,6
2013-05-25,6,Love Me,Lil Wayne Featuring Drake & Future,6,3,6
2013-05-25,7,Power Trip,J. Cole Featuring Miguel,7,7,6
2013-05-25,8,U.O.E.N.O.,Rocko Featuring Future & Rick Ross,8,8,5
2013-05-25,9,Bad,Wale Featuring Tiara Thomas Or Rihanna,9,5,6
2013-05-25,10,F**kin Problems,"A$AP Rocky Featuring Drake , 2 Chainz & Kendrick Lamar",10,6,6
2013-05-25,11,Bugatti,Ace Hood Featuring Future & Rick Ross,13,9,6
2013-05-25,12,Feel This Moment,Pitbull Featuring Christina Aguilera,11,10,6
2013-05-25,13,Rich As F**k,Lil Wayne Featuring 2 Chainz,12,11,6
2013-05-25,14,"Bitch, Don't Kill My Vibe",Kendrick Lamar,16,14,6
2013-05-25,15,All Gold Everything,Trinidad James,14,12,6
2013-06-01,1,Gangnam Style,PSY,1,1,7
2013-06-01,2,Can't Hold Us,Macklemore & Ryan Lewis Featuring Ray Dalton,3,2,7
2013-06-01,3,Thrift Shop,Macklemore & Ryan Lewis Featuring Wanz,2,1,7
2013-06-01,4,U.O.E.N.O.,Rocko Featuring Future & Rick Ross,8,4,6
2013-06-01,5,Started From The Bottom,Drake,5,2,7
2013-06-01,6,Gentleman,PSY,4,1,6
2013-06-01,7,Love Me,Lil Wayne Featuring Drake & Future,6,3,7
2013-06-01,8,Power Trip,J. Cole Featuring Miguel,7,7,7
2013-06-01,9,"Bitch, Don't Kill My Vibe",Kendrick Lamar,14,9,7
2013-06-01,10,Bad,Wale Featuring Tiara Thomas Or Rihanna,9,5,7
2013-06-01,11,F**kin Problems,"A$AP Rocky Featuring Drake , 2 Chainz & Kendrick Lamar",10,6,7
2013-06-01,12,Rich As F**k,Lil Wayne Featuring 2 Chainz,13,11,7
2013-06-01,13,Bugatti,Ace Hood Featuring Future & Rick Ross,11,9,7
2013-06-01,14,Feel This Moment,Pitbull Featuring Christina Aguilera,12,10,7
2013-06-01,15,No New Friends (SFTB Remix),"DJ Khaled Featuring Drake , Rick Ross & Lil Wayne",17,15,3
2013-06-08,1,Gangnam Style,PSY,1,1,8
2013-06-08,2,Can't Hold Us,Macklemore & Ryan Lewis Featuring Ray Dalton,2,2,8
2013-06-08,3,Thrift Shop,Macklemore & Ryan Lewis Featuring Wanz,3,1,8
2013-06-08,4,U.O.E.N.O.,Rocko Featuring Future & Rick Ross,4,4,7
2013-06-08,5,Gentleman,PSY,6,1,7
2013-06-08,6,Started From The Bottom,Drake,5,2,8
2013-06-08,7,Power Trip,J. Cole Featuring Miguel,8,7,8
2013-06-08,8,Love Me,Lil Wayne Featuring Drake & Future,7,3,8
2013-06-08,9,Bad,Wale Featuring Tiara Thomas Or Rihanna,10,5,8
2013-06-08,10,Feel This Moment,Pitbull Featuring Christina Aguilera,14,10,8
2013-06-08,11,F**kin Problems,"A$AP Rocky Featuring Drake , 2 Chainz & Kendrick Lamar",11,6,8
2013-06-08,12,"Bitch, Don't Kill My Vibe",Kendrick Lamar,9,9,8
2013-06-08,13,Rich As F**k,Lil Wayne Featuring 2 Chainz,12,11,8
2013-06-08,14,Bugatti,Ace Hood Featuring Future & Rick Ross,13,9,8
2013-06-08,15,No New Friends (SFTB Remix),"DJ Khaled Featuring Drake , Rick Ross & Lil Wayne",15,15,4
2013-06-15,1,Gangnam Style,PSY,1,1,9
2013-06-15,2,Can't Hold Us,Macklemore & Ryan Lewis Featuring Ray Dalton,2,2,9
2013-06-15,3,Thrift Shop,Macklemore & Ryan Lewis Featuring Wanz,3,1,9
2013-06-15,4,U.O.E.N.O.,Rocko Featuring Future & Rick Ross,4,4,8
2013-06-15,5,Gentleman,PSY,5,1,8
2013-06-15,6,Power Trip,J. Cole Featuring Miguel,7,6,9
2013-06-15,7,Started From The Bottom,Drake,6,2,9
2013-06-15,8,Love Me,Lil Wayne Featuring Drake & Future,8,3,9
2013-06-15,9,Bad,Wale Featuring Tiara Thomas Or Rihanna,9,5,9
2013-06-15,10,F**kin Problems,"A$AP Rocky Featuring Drake , 2 Chainz & Kendrick Lamar",11,6,9
2013-06-15,11,Rich As F**k,Lil Wayne Featuring 2 Chainz,13,11,9
2013-06-15,12,Bugatti,Ace Hood Featuring Future & Rick Ross,14,9,9
2013-06-15,13,"Bitch, Don't Kill My Vibe",Kendrick Lamar,12,9,9
2013-06-15,14,Feel This Moment,Pitbull Featuring Christina Aguilera,10,10,9
2013-06-15,15,Wit Me,T.I. Featuring Lil Wayne,-,15,1
2013-06-22,1,Gangnam Style,PSY,1,1,10
2013-06-22,2,Can't Hold Us,Macklemore & Ryan Lewis Featuring Ray Dalton,2,2,10
2013-06-22,3,Thrift Shop,Macklemore & Ryan Lewis Featuring Wanz,3,1,10
2013-06-22,4,U.O.E.N.O.,Rocko Featuring Future & Rick Ross,4,4,9
2013-06-22,5,Started From The Bottom,Drake,7,2,10
2013-06-22,6,Power Trip,J. Cole Featuring Miguel,6,6,10
2013-06-22,7,Gentleman,PSY,5,1,9
2013-06-22,8,Love Me,Lil Wayne Featuring Drake & Future,8,3,10
2013-06-22,9,Bad,Wale Featuring Tiara Thomas Or Rihanna,9,5,10
2013-06-22,10,F**kin Problems,"A$AP Rocky Featuring Drake , 2 Chainz & Kendrick Lamar",10,6,10
2013-06-22,11,Bugatti,Ace Hood Featuring Future & Rick Ross,12,9,10
2013-06-22,12,"Bitch, Don't Kill My Vibe",Kendrick Lamar,13,9,10
2013-06-22,13,Rich As F**k,Lil Wayne Featuring 2 Chainz,11,11,10
2013-06-22,14,Feel This Moment,Pitbull Featuring Christina Aguilera,14,10,10
2013-06-22,15,High School,Nicki Minaj Featuring Lil Wayne,16,10,10
2013-06-29,1,Gangnam Style,PSY,1,1,11
2013-06-29,2,Can't Hold Us,Macklemore & Ryan Lewis Featuring Ray Dalton,2,2,11
2013-06-29,3,Thrift Shop,Macklemore & Ryan Lewis Featuring Wanz,3,1,11
2013-06-29,4,U.O.E.N.O.,Rocko Featuring Future & Rick Ross,4,4,10
2013-06-29,5,Power Trip,J. Cole Featuring Miguel,6,5,11
2013-06-29,6,Started From The Bottom,Drake,5,2,11
2013-06-29,7,Gentleman,PSY,7,1,10
2013-06-29,8,Bad,Wale Featuring Tiara Thomas Or Rihanna,9,5,11
2013-06-29,9,Love Me,Lil Wayne Featuring Drake & Future,8,3,11
2013-06-29,10,F**kin Problems,"A$AP Rocky Featuring Drake , 2 Chainz & Kendrick Lamar",10,6,11
2013-06-29,11,Bugatti,Ace Hood Featuring Future & Rick Ross,11,9,11
2013-06-29,12,"Bitch, Don't Kill My Vibe",Kendrick Lamar,12,9,11
2013-06-29,13,Feel This Moment,Pitbull Featuring Christina Aguilera,14,10,11
2013-06-29,14,Rich As F**k,Lil Wayne Featuring 2 Chainz,13,11,11
2013-06-29,15,No New Friends (SFTB Remix),"DJ Khaled Featuring Drake , Rick Ross & Lil Wayne",16,15,7
2013-07-06,1,Gangnam Style,PSY,1,1,12
2013-07-06,2,Can't Hold Us,Macklemore & Ryan Lewis Featuring Ray Dalton,2,2,12
2013-07-06,3,U.O.E.N.O.,Rocko Featuring Future & Rick Ross,4,3,11
2013-07-06,4,Thrift Shop,Macklemore & Ryan Lewis Featuring Wanz,3,1,12
2013-07-06,5,Power Trip,J. Cole Featuring Miguel,5,5,12
2013-07-06,6,Bad,Wale Featuring Tiara Thomas Or Rihanna,8,5,12
2013-07-06,7,Gentleman,PSY,7,1,11
2013-07-06,8,Started From The Bottom,Drake,6,2,12
2013-07-06,9,Love Me,Lil Wayne Featuring Drake & Future,9,3,12
2013-07-06,10,No New Friends (SFTB Remix),"DJ Khaled Featuring Drake , Rick Ross & Lil Wayne",15,10,8
2013-07-06,11,F**kin Problems,"A$AP Rocky Featuring Drake , 2 Chainz & Kendrick Lamar",10,6,12
2013-07-06,12,"Bitch, Don't Kill My Vibe",Kendrick Lamar,12,9,12
2013-07-06,13,New Slaves,Kanye West,-,13,1
2013-07-06,14,Feel This Moment,Pitbull Featuring Christina Aguilera,13,10,12
2013-07-06,15,Tapout,"Rich Gang Featuring Lil Wayne , Birdman , Future , Mack Maine , Nicki Minaj",16,15,3
2013-07-13,1,Gangnam Style,PSY,1,1,13
2013-07-13,2,Can't Hold Us,Macklemore & Ryan Lewis Featuring Ray Dalton,2,2,13
2013-07-13,3,U.O.E.N.O.,Rocko Featuring Future & Rick Ross,3,3,12
2013-07-13,4,Thrift Shop,Macklemore & Ryan Lewis Featuring Wanz,4,1,13
2013-07-13,5,Power Trip,J. Cole Featuring Miguel,5,5,13
2013-07-13,6,Bad,Wale Featuring Tiara Thomas Or Rihanna,6,5,13
2013-07-13,7,Started From The Bottom,Drake,8,2,13
2013-07-13,8,Gentleman,PSY,7,1,12
2013-07-13,9,Love Me,Lil Wayne Featuring Drake & Future,9,3,13
2013-07-13,10,F**kin Problems,"A$AP Rocky Featuring Drake , 2 Chainz & Kendrick Lamar",11,6,13
2013-07-13,11,Tapout,"Rich Gang Featuring Lil Wayne , Birdman , Future , Mack Maine , Nicki Minaj",15,11,4
2013-07-13,12,"Bitch, Don't Kill My Vibe",Kendrick Lamar,12,9,13
2013-07-13,13,No New Friends (SFTB Remix),"DJ Khaled Featuring Drake , Rick Ross & Lil Wayne",10,10,9
2013-07-13,14,Rich As F**k,Lil Wayne Featuring 2 Chainz,17,11,13
2013-07-13,15,Wop,J. Dash,19,14,6
2013-07-20,1,Gangnam Style,PSY,1,1,14
2013-07-20,2,U.O.E.N.O.,Rocko Featuring Future & Rick Ross,3,2,13
2013-07-20,3,Can't Hold Us,Macklemore & Ryan Lewis Featuring Ray Dalton,2,2,14
2013-07-20,4,Thrift Shop,Macklemore & Ryan Lewis Featuring Wanz,4,1,14
2013-07-20,5,Power Trip,J. Cole Featuring Miguel,5,5,14
2013-07-20,6,Bad,Wale Featuring Tiara Thomas Or Rihanna,6,5,14
2013-07-20,7,Started From The Bottom,Drake,7,2,14
2013-07-20,8,Gentleman,PSY,8,1,13
2013-07-20,9,Love Me,Lil Wayne Featuring Drake & Future,9,3,14
2013-07-20,10,"Bitch, Don't Kill My Vibe",Kendrick Lamar,12,9,14
2013-07-20,11,F**kin Problems,"A$AP Rocky Featuring Drake , 2 Chainz & Kendrick Lamar",10,6,14
2013-07-20,12,Tapout,"Rich Gang Featuring Lil Wayne , Birdman , Future , Mack Maine , Nicki Minaj",11,11,5
2013-07-20,13,Wop,J. Dash,15,13,7
2013-07-20,14,No New Friends (SFTB Remix),"DJ Khaled Featuring Drake , Rick Ross & Lil Wayne",13,10,10
2013-07-20,15,Rich As F**k,Lil Wayne Featuring 2 Chainz,14,11,14
2013-07-27,1,Gangnam Style,PSY,1,1,15
2013-07-27,2,U.O.E.N.O.,Rocko Featuring Future & Rick Ross,2,2,14
2013-07-27,3,Can't Hold Us,Macklemore & Ryan Lewis Featuring Ray Dalton,3,2,15
2013-07-27,4,Thrift Shop,Macklemore & Ryan Lewis Featuring Wanz,4,1,15
2013-07-27,5,Power Trip,J. Cole Featuring Miguel,5,5,15
2013-07-27,6,Holy Grail,Jay Z Featuring Justin Timberlake,-,6,1
2013-07-27,7,Wop,J. Dash,13,7,8
2013-07-27,8,Bad,Wale Featuring Tiara Thomas Or Rihanna,6,5,15
2013-07-27,9,Started From The Bottom,Drake,7,2,15
2013-07-27,10,Tom Ford,Jay-Z,-,10,1
2013-07-27,11,Gentleman,PSY,8,1,14
2013-07-27,12,Love Me,Lil Wayne Featuring Drake & Future,9,3,15
2013-07-27,13,F*ckwithmeyouknowigotit,Jay Z Featuring Rick Ross,-,13,1
2013-07-27,14,Picasso Baby,Jay-Z,-,14,1
2013-07-27,15,Tapout,"Rich Gang Featuring Lil Wayne , Birdman , Future , Mack Maine , Nicki Minaj",12,11,6
2013-08-03,1,Gangnam Style,PSY,1,1,16
2013-08-03,2,U.O.E.N.O.,Rocko Featuring Future & Rick Ross,2,2,15
2013-08-03,3,Holy Grail,Jay Z Featuring Justin Timberlake,6,3,2
2013-08-03,4,Can't Hold Us,Macklemore & Ryan Lewis Featuring Ray Dalton,3,2,16
2013-08-03,5,Thrift Shop,Macklemore & Ryan Lewis Featuring Wanz,4,1,16
2013-08-03,6,Red Nose,Sage The Gemini,-,6,1
2013-08-03,7,Wop,J. Dash,7,7,9
2013-08-03,8,Power Trip,J. Cole Featuring Miguel,5,5,16
2013-08-03,9,Bad,Wale Featuring Tiara Thomas Or Rihanna,8,5,16
2013-08-03,10,Started From The Bottom,Drake,9,2,16
2013-08-03,11,Gentleman,PSY,11,1,15
2013-08-03,12,Tom Ford,Jay-Z,10,10,2
2013-08-03,13,Tapout,"Rich Gang Featuring Lil Wayne , Birdman , Future , Mack Maine , Nicki Minaj",15,11,7
2013-08-03,14,Don't Drop That Thun Thun!,The FiNATTiCZ,-,14,1
2013-08-03,15,F*ckwithmeyouknowigotit,Jay Z Featuring Rick Ross,13,13,2
2013-08-10,1,Gangnam Style,PSY,1,1,17
2013-08-10,2,U.O.E.N.O.,Rocko Featuring Future & Rick Ross,2,2,16
2013-08-10,3,Can't Hold Us,Macklemore & Ryan Lewis Featuring Ray Dalton,4,2,17
2013-08-10,4,Holy Grail,Jay Z Featuring Justin Timberlake,3,3,3
2013-08-10,5,Thrift Shop,Macklemore & Ryan Lewis Featuring Wanz,5,1,17
2013-08-10,6,Red Nose,Sage The Gemini,6,6,2
2013-08-10,7,Power Trip,J. Cole Featuring Miguel,8,5,17
2013-08-10,8,Bad,Wale Featuring Tiara Thomas Or Rihanna,9,5,17
2013-08-10,9,Wop,J. Dash,7,7,10
2013-08-10,10,Tapout,"Rich Gang Featuring Lil Wayne , Birdman , Future , Mack Maine , Nicki Minaj",13,10,8
2013-08-10,11,Started From The Bottom,Drake,10,2,17
2013-08-10,12,Gentleman,PSY,11,1,16
2013-08-10,13,Don't Drop That Thun Thun!,The FiNATTiCZ,14,13,2
2013-08-10,14,Gas Pedal,Sage The Gemini Featuring IamSu!,-,14,1
2013-08-10,15,F**kin Problems,"A$AP Rocky Featuring Drake , 2 Chainz & Kendrick Lamar",17,6,17
2013-08-17,1,Gangnam Style,PSY,1,1,18
2013-08-17,2,Can't Hold Us,Macklemore & Ryan Lewis Featuring Ray Dalton,3,2,18
2013-08-17,3,Holy Grail,Jay Z Featuring Justin Timberlake,4,3,4
2013-08-17,4,U.O.E.N.O.,Rocko Featuring Future & Rick Ross,2,2,17
2013-08-17,5,Red Nose,Sage The Gemini,6,5,3
2013-08-17,6,Thrift Shop,Macklemore & Ryan Lewis Featuring Wanz,5,1,18
2013-08-17,7,Power Trip,J. Cole Featuring Miguel,7,5,18
2013-08-17,8,Bad,Wale Featuring Tiara Thomas Or Rihanna,8,5,18
2013-08-17,9,Gas Pedal,Sage The Gemini Featuring IamSu!,14,9,2
2013-08-17,10,Don't Drop That Thun Thun!,The FiNATTiCZ,13,10,3
2013-08-17,11,Wop,J. Dash,9,7,11
2013-08-17,12,Tapout,"Rich Gang Featuring Lil Wayne , Birdman , Future , Mack Maine , Nicki Minaj",10,10,9
2013-08-17,13,Started From The Bottom,Drake,11,2,18
2013-08-17,14,Gentleman,PSY,12,1,17
2013-08-17,15,Type Of Way,Rich Homie Quan,18,15,3
2013-08-24,1,Gangnam Style,PSY,1,1,19
2013-08-24,2,Holy Grail,Jay Z Featuring Justin Timberlake,3,2,5
2013-08-24,3,Thrift Shop,Macklemore & Ryan Lewis Featuring Wanz,6,1,19
2013-08-24,4,Can't Hold Us,Macklemore & Ryan Lewis Featuring Ray Dalton,2,2,19
2013-08-24,5,U.O.E.N.O.,Rocko Featuring Future & Rick Ross,4,2,18
2013-08-24,6,Red Nose,Sage The Gemini,5,5,4
2013-08-24,7,Gas Pedal,Sage The Gemini Featuring IamSu!,9,7,3
2013-08-24,8,Don't Drop That Thun Thun!,The FiNATTiCZ,10,8,4
2013-08-24,9,Bubble Butt,"Major Lazer Featuring Bruno Mars , Tyga & Mystic",25,9,2
2013-08-24,10,Power Trip,J. Cole Featuring Miguel,7,5,19
2013-08-24,11,Bad,Wale Featuring Tiara Thomas Or Rihanna,8,5,19
2013-08-24,12,Wop,J. Dash,11,7,12
2013-08-24,13,Type Of Way,Rich Homie Quan,15,13,4
2013-08-24,14,Tapout,"Rich Gang Featuring Lil Wayne , Birdman , Future , Mack Maine , Nicki Minaj",12,10,10
2013-08-24,15,Started From The Bottom,Drake,13,2,19
2013-08-31,1,Gangnam Style,PSY,1,1,20
2013-08-31,2,Holy Grail,Jay Z Featuring Justin Timberlake,2,2,6
2013-08-31,3,Can't Hold Us,Macklemore & Ryan Lewis Featuring Ray Dalton,4,2,20
2013-08-31,4,U.O.E.N.O.,Rocko Featuring Future & Rick Ross,5,2,19
2013-08-31,5,Gas Pedal,Sage The Gemini Featuring IamSu!,7,5,4
2013-08-31,6,Red Nose,Sage The Gemini,6,5,5
2013-08-31,7,Thrift Shop,Macklemore & Ryan Lewis Featuring Wanz,3,1,20
2013-08-31,8,Don't Drop That Thun Thun!,The FiNATTiCZ,8,8,5
2013-08-31,9,Type Of Way,Rich Homie Quan,13,9,5
2013-08-31,10,Wop,J. Dash,12,7,13
2013-08-31,11,Power Trip,J. Cole Featuring Miguel,10,5,20
2013-08-31,12,Tapout,"Rich Gang Featuring Lil Wayne , Birdman , Future , Mack Maine , Nicki Minaj",14,10,11
2013-08-31,13,Same Love,Macklemore & Ryan Lewis Featuring Mary Lambert,16,13,12
2013-08-31,14,Started From The Bottom,Drake,15,2,20
2013-08-31,15,Control,Big Sean Featuring Kendrick Lamar & Jay Electronica,-,15,1
2013-09-07,1,Gangnam Style,PSY,1,1,21
2013-09-07,2,Holy Grail,Jay Z Featuring Justin Timberlake,2,2,7
2013-09-07,3,Can't Hold Us,Macklemore & Ryan Lewis Featuring Ray Dalton,3,2,21
2013-09-07,4,Gas Pedal,Sage The Gemini Featuring IamSu!,5,4,5
2013-09-07,5,U.O.E.N.O.,Rocko Featuring Future & Rick Ross,4,2,20
2013-09-07,6,Red Nose,Sage The Gemini,6,5,6
2013-09-07,7,Thrift Shop,Macklemore & Ryan Lewis Featuring Wanz,7,1,21
2013-09-07,8,Don't Drop That Thun Thun!,The FiNATTiCZ,8,8,6
2013-09-07,9,Type Of Way,Rich Homie Quan,9,9,6
2013-09-07,10,Beware,Big Sean Featuring Lil Wayne & Jhene Aiko,-,10,1
2013-09-07,11,Same Love,Macklemore & Ryan Lewis Featuring Mary Lambert,13,11,13
2013-09-07,12,Power Trip,J. Cole Featuring Miguel,11,5,21
2013-09-07,13,Wop,J. Dash,10,7,14
2013-09-07,14,Started From The Bottom,Drake,14,2,21
2013-09-07,15,Bad,Wale Featuring Tiara Thomas Or Rihanna,16,5,21
2013-09-14,1,Gangnam Style,PSY,1,1,22
2013-09-14,2,Holy Grail,Jay Z Featuring Justin Timberlake,2,2,8
2013-09-14,3,Berzerk,Eminem,-,3,1
2013-09-14,4,Can't Hold Us,Macklemore & Ryan Lewis Featuring Ray Dalton,3,2,22
2013-09-14,5,Gas Pedal,Sage The Gemini Featuring IamSu!,4,4,6
2013-09-14,6,Thrift Shop,Macklemore & Ryan Lewis Featuring Wanz,7,1,22
2013-09-14,7,U.O.E.N.O.,Rocko Featuring Future & Rick Ross,5,2,21
2013-09-14,8,Red Nose,Sage The Gemini,6,5,7
2013-09-14,9,Type Of Way,Rich Homie Quan,9,9,7
2013-09-14,10,Same Love,Macklemore & Ryan Lewis Featuring Mary Lambert,11,10,14
2013-09-14,11,Beware,Big Sean Featuring Lil Wayne & Jhene Aiko,10,10,2
2013-09-14,12,Started From The Bottom,Drake,14,2,22
2013-09-14,13,Wop,J. Dash,13,7,15
2013-09-14,14,Don't Drop That Thun Thun!,The FiNATTiCZ,8,8,7
2013-09-14,15,Power Trip,J. Cole Featuring Miguel,12,5,22
2013-09-21,1,Gangnam Style,PSY,1,1,23
2013-09-21,2,Holy Grail,Jay Z Featuring Justin Timberlake,2,2,9
2013-09-21,3,Berzerk,Eminem,3,3,2
2013-09-21,4,Gas Pedal,Sage The Gemini Featuring IamSu!,5,4,7
2013-09-21,5,Can't Hold Us,Macklemore & Ryan Lewis Featuring Ray Dalton,4,2,23
2013-09-21,6,Red Nose,Sage The Gemini,8,5,8
2013-09-21,7,U.O.E.N.O.,Rocko Featuring Future & Rick Ross,7,2,22
2013-09-21,8,Thrift Shop,Macklemore & Ryan Lewis Featuring Wanz,6,1,23
2013-09-21,9,Type Of Way,Rich Homie Quan,9,9,8
2013-09-21,10,Beware,Big Sean Featuring Lil Wayne & Jhene Aiko,11,10,3
2013-09-21,11,Don't Drop That Thun Thun!,The FiNATTiCZ,14,8,8
2013-09-21,12,Started From The Bottom,Drake,12,2,23
2013-09-21,13,Same Love,Macklemore & Ryan Lewis Featuring Mary Lambert,10,10,15
2013-09-21,14,Wop,J. Dash,13,7,16
2013-09-21,15,Power Trip,J. Cole Featuring Miguel,15,5,23
2013-09-28,1,Berzerk,Eminem,3,1,3
2013-09-28,2,Gangnam Style,PSY,1,1,24
2013-09-28,3,Holy Grail,Jay Z Featuring Justin Timberlake,2,2,10
2013-09-28,4,Red Nose,Sage The Gemini,6,4,9
2013-09-28,5,Gas Pedal,Sage The Gemini Featuring IamSu!,4,4,8
2013-09-28,6,Can't Hold Us,Macklemore & Ryan Lewis Featuring Ray Dalton,5,2,24
2013-09-28,7,U.O.E.N.O.,Rocko Featuring Future & Rick Ross,7,2,23
2013-09-28,8,Thrift Shop,Macklemore & Ryan Lewis Featuring Wanz,8,1,24
2013-09-28,9,Type Of Way,Rich Homie Quan,9,9,9
2013-09-28,10,Beware,Big Sean Featuring Lil Wayne & Jhene Aiko,10,10,4
2013-09-28,11,Wop,J. Dash,14,7,17
2013-09-28,12,Don't Drop That Thun Thun!,The FiNATTiCZ,11,8,9
2013-09-28,13,Started From The Bottom,Drake,12,2,24
2013-09-28,14,Same Love,Macklemore & Ryan Lewis Featuring Mary Lambert,13,10,16
2013-09-28,15,F**kin Problems,"A$AP Rocky Featuring Drake , 2 Chainz & Kendrick Lamar",16,6,24
2013-10-05,1,Gangnam Style,PSY,2,1,25
2013-10-05,2,Holy Grail,Jay Z Featuring Justin Timberlake,3,2,11
2013-10-05,3,Berzerk,Eminem,1,1,4
2013-10-05,4,Can't Hold Us,Macklemore & Ryan Lewis Featuring Ray Dalton,6,2,25
2013-10-05,5,Gas Pedal,Sage The Gemini Featuring IamSu!,5,4,9
2013-10-05,6,U.O.E.N.O.,Rocko Featuring Future & Rick Ross,7,2,24
2013-10-05,7,Crooked Smile,J. Cole Featuring TLC,25,7,12
2013-10-05,8,Beware,Big Sean Featuring Lil Wayne & Jhene Aiko,10,8,5
2013-10-05,9,Thrift Shop,Macklemore & Ryan Lewis Featuring Wanz,8,1,25
2013-10-05,10,Type Of Way,Rich Homie Quan,9,9,10
2013-10-05,11,Red Nose,Sage The Gemini,4,4,10
2013-10-05,12,Started From The Bottom,Drake,13,2,25
2013-10-05,13,Wop,J. Dash,11,7,18
2013-10-05,14,Don't Drop That Thun Thun!,The FiNATTiCZ,12,8,10
2013-10-05,15,Same Love,Macklemore & Ryan Lewis Featuring Mary Lambert,14,10,17
2013-10-12,1,23,"Mike Will Made-It Featuring Miley Cyrus , Wiz Khalifa & Juicy J",-,1,1
2013-10-12,2,Gangnam Style,PSY,1,1,26
2013-10-12,3,Holy Grail,Jay Z Featuring Justin Timberlake,2,2,12
2013-10-12,4,Berzerk,Eminem,3,1,5
2013-10-12,5,Started From The Bottom,Drake,12,2,26
2013-10-12,6,The Language,Drake,-,6,1
2013-10-12,7,Can't Hold Us,Macklemore & Ryan Lewis Featuring Ray Dalton,4,2,26
2013-10-12,8,Gas Pedal,Sage The Gemini Featuring IamSu!,5,4,10
2013-10-12,9,Type Of Way,Rich Homie Quan,10,9,11
2013-10-12,10,Beware,Big Sean Featuring Lil Wayne & Jhene Aiko,8,8,6
2013-10-12,11,U.O.E.N.O.,Rocko Featuring Future & Rick Ross,6,2,25
2013-10-12,12,Red Nose,Sage The Gemini,11,4,11
2013-10-12,13,Thrift Shop,Macklemore & Ryan Lewis Featuring Wanz,9,1,26
2013-10-12,14,Furthest Thing,Drake,-,14,1
2013-10-12,15,Wu-Tang Forever,Drake,-,15,1
2013-10-19,1,Gone,Kanye West Featuring Cam'ron & Consequence,-,1,1
2013-10-19,2,Gangnam Style,PSY,2,1,27
2013-10-19,3,23,"Mike Will Made-It Featuring Miley Cyrus , Wiz Khalifa & Juicy J",1,1,2
2013-10-19,4,Berzerk,Eminem,4,1,6
2013-10-19,5,Holy Grail,Jay Z Featuring Justin Timberlake,3,2,13
2013-10-19,6,Started From The Bottom,Drake,5,2,27
2013-10-19,7,Gas Pedal,Sage The Gemini Featuring IamSu!,8,4,11
2013-10-19,8,All Me,Drake Featuring 2 Chainz & Big Sean,19,8,2
2013-10-19,9,Can't Hold Us,Macklemore & Ryan Lewis Featuring Ray Dalton,7,2,27
2013-10-19,10,The Language,Drake,6,6,2
2013-10-19,11,Red Nose,Sage The Gemini,12,4,12
2013-10-19,12,Thrift Shop,Macklemore & Ryan Lewis Featuring Wanz,13,1,27
2013-10-19,13,From Time,Drake Featuring Jhene Aiko,18,13,2
2013-10-19,14,Furthest Thing,Drake,14,14,2
2013-10-19,15,U.O.E.N.O.,Rocko Featuring Future & Rick Ross,11,2,26
2013-10-26,1,23,"Mike Will Made-It Featuring Miley Cyrus , Wiz Khalifa & Juicy J",3,1,3
2013-10-26,2,Gangnam Style,PSY,2,1,28
2013-10-26,3,My Hitta,YG Featuring Jeezy & Rich Homie Quan,20,3,2
2013-10-26,4,Survival,Eminem,-,4,1
2013-10-26,5,Berzerk,Eminem,4,1,7
2013-10-26,6,Holy Grail,Jay Z Featuring Justin Timberlake,5,2,14
2013-10-26,7,Gas Pedal,Sage The Gemini Featuring IamSu!,7,4,12
2013-10-26,8,Red Nose,Sage The Gemini,11,4,13
2013-10-26,9,Started From The Bottom,Drake,6,2,28
2013-10-26,10,Can't Hold Us,Macklemore & Ryan Lewis Featuring Ray Dalton,9,2,28
2013-10-26,11,All Me,Drake Featuring 2 Chainz & Big Sean,8,8,3
2013-10-26,12,Type Of Way,Rich Homie Quan,17,9,13
2013-10-26,13,Thrift Shop,Macklemore & Ryan Lewis Featuring Wanz,12,1,28
2013-10-26,14,Honest,Future,21,14,4
2013-10-26,15,Beware,Big Sean Featuring Lil Wayne & Jhene Aiko,19,8,8
2013-11-02,1,23,"Mike Will Made-It Featuring Miley Cyrus , Wiz Khalifa & Juicy J",1,1,4
2013-11-02,2,Gangnam Style,PSY,2,1,29
2013-11-02,3,My Hitta,YG Featuring Jeezy & Rich Homie Quan,3,3,3
2013-11-02,4,Berzerk,Eminem,5,1,8
2013-11-02,5,Holy Grail,Jay Z Featuring Justin Timberlake,6,2,15
2013-11-02,6,Gas Pedal,Sage The Gemini Featuring IamSu!,7,4,13
2013-11-02,7,Red Nose,Sage The Gemini,8,4,14
2013-11-02,8,All Me,Drake Featuring 2 Chainz & Big Sean,11,8,4
2013-11-02,9,Started From The Bottom,Drake,9,2,29
2013-11-02,10,Type Of Way,Rich Homie Quan,12,9,14
2013-11-02,11,Can't Hold Us,Macklemore & Ryan Lewis Featuring Ray Dalton,10,2,29
2013-11-02,12,Honest,Future,14,12,5
2013-11-02,13,Survival,Eminem,4,4,2
2013-11-02,14,Thrift Shop,Macklemore & Ryan Lewis Featuring Wanz,13,1,29
2013-11-02,15,Beware,Big Sean Featuring Lil Wayne & Jhene Aiko,15,8,9
2013-11-09,1,23,"Mike Will Made-It Featuring Miley Cyrus , Wiz Khalifa & Juicy J",1,1,5
2013-11-09,2,Gangnam Style,PSY,2,1,30
2013-11-09,3,My Hitta,YG Featuring Jeezy & Rich Homie Quan,3,3,4
2013-11-09,4,Berzerk,Eminem,4,1,9
2013-11-09,5,Gas Pedal,Sage The Gemini Featuring IamSu!,6,4,14
2013-11-09,6,Holy Grail,Jay Z Featuring Justin Timberlake,5,2,16
2013-11-09,7,Red Nose,Sage The Gemini,7,4,15
2013-11-09,8,All Me,Drake Featuring 2 Chainz & Big Sean,8,8,5
2013-11-09,9,Can't Hold Us,Macklemore & Ryan Lewis Featuring Ray Dalton,11,2,30
2013-11-09,10,Type Of Way,Rich Homie Quan,10,9,15
2013-11-09,11,Honest,Future,12,11,6
2013-11-09,12,Started From The Bottom,Drake,9,2,30
2013-11-09,13,Rap God,Eminem,16,13,2
2013-11-09,14,Thrift Shop,Macklemore & Ryan Lewis Featuring Wanz,14,1,30
2013-11-09,15,Beware,Big Sean Featuring Lil Wayne & Jhene Aiko,15,8,10
2013-11-16,1,23,"Mike Will Made-It Featuring Miley Cyrus , Wiz Khalifa & Juicy J",1,1,6
2013-11-16,2,Gangnam Style,PSY,2,1,31
2013-11-16,3,My Hitta,YG Featuring Jeezy & Rich Homie Quan,3,3,5
2013-11-16,4,Gas Pedal,Sage The Gemini Featuring IamSu!,5,4,15
2013-11-16,5,The Monster,Eminem Featuring Rihanna,-,5,1
2013-11-16,6,Berzerk,Eminem,4,1,10
2013-11-16,7,Holy Grail,Jay Z Featuring Justin Timberlake,6,2,17
2013-11-16,8,Red Nose,Sage The Gemini,7,4,16
2013-11-16,9,Can't Hold Us,Macklemore & Ryan Lewis Featuring Ray Dalton,9,2,31
2013-11-16,10,All Me,Drake Featuring 2 Chainz & Big Sean,8,8,6
2013-11-16,11,Started From The Bottom,Drake,12,2,31
2013-11-16,12,Honest,Future,11,11,7
2013-11-16,13,Type Of Way,Rich Homie Quan,10,9,16
2013-11-16,14,Thrift Shop,Macklemore & Ryan Lewis Featuring Wanz,14,1,31
2013-11-16,15,Rap God,Eminem,13,13,3
2013-11-23,1,Rap God,Eminem,15,1,4
2013-11-23,2,23,"Mike Will Made-It Featuring Miley Cyrus , Wiz Khalifa & Juicy J",1,1,7
2013-11-23,3,The Monster,Eminem Featuring Rihanna,5,3,2
2013-11-23,4,Gangnam Style,PSY,2,1,32
2013-11-23,5,My Hitta,YG Featuring Jeezy & Rich Homie Quan,3,3,6
2013-11-23,6,Berzerk,Eminem,6,1,11
2013-11-23,7,Gas Pedal,Sage The Gemini Featuring IamSu!,4,4,16
2013-11-23,8,Survival,Eminem,16,4,5
2013-11-23,9,Timber,Pitbull Featuring Ke$ha,17,9,2
2013-11-23,10,Red Nose,Sage The Gemini,8,4,17
2013-11-23,11,Holy Grail,Jay Z Featuring Justin Timberlake,7,2,18
2013-11-23,12,Can't Hold Us,Macklemore & Ryan Lewis Featuring Ray Dalton,9,2,32
2013-11-23,13,All Me,Drake Featuring 2 Chainz & Big Sean,10,8,7
2013-11-23,14,Honest,Future,12,11,8
2013-11-23,15,Thrift Shop,Macklemore & Ryan Lewis Featuring Wanz,14,1,32
2013-11-30,1,The Monster,Eminem Featuring Rihanna,3,1,3
2013-11-30,2,23,"Mike Will Made-It Featuring Miley Cyrus , Wiz Khalifa & Juicy J",2,1,8
2013-11-30,3,Gangnam Style,PSY,4,1,33
2013-11-30,4,Rap God,Eminem,1,1,5
2013-11-30,5,My Hitta,YG Featuring Jeezy & Rich Homie Quan,5,3,7
2013-11-30,6,Timber,Pitbull Featuring Ke$ha,9,6,3
2013-11-30,7,Berzerk,Eminem,6,1,12
2013-11-30,8,Gas Pedal,Sage The Gemini Featuring IamSu!,7,4,17
2013-11-30,9,Survival,Eminem,8,4,6
2013-11-30,10,Red Nose,Sage The Gemini,10,4,18
2013-11-30,11,Holy Grail,Jay Z Featuring Justin Timberlake,11,2,19
2013-11-30,12,Can't Hold Us,Macklemore & Ryan Lewis Featuring Ray Dalton,12,2,33
2013-11-30,13,All Me,Drake Featuring 2 Chainz & Big Sean,13,8,8
2013-11-30,14,Honest,Future,14,11,9
2013-11-30,15,Started From The Bottom,Drake,16,2,33
2013-12-07,1,The Monster,Eminem Featuring Rihanna,1,1,4
2013-12-07,2,23,"Mike Will Made-It Featuring Miley Cyrus , Wiz Khalifa & Juicy J",2,1,9
2013-12-07,3,Gangnam Style,PSY,3,1,34
2013-12-07,4,Timber,Pitbull Featuring Ke$ha,6,4,4
2013-12-07,5,My Hitta,YG Featuring Jeezy & Rich Homie Quan,5,3,8
2013-12-07,6,Berzerk,Eminem,7,1,13
2013-12-07,7,Gas Pedal,Sage The Gemini Featuring IamSu!,8,4,18
2013-12-07,8,Rap God,Eminem,4,1,6
2013-12-07,9,Bound 2,Kanye West,-,9,1
2013-12-07,10,Red Nose,Sage The Gemini,10,4,19
2013-12-07,11,Survival,Eminem,9,4,7
2013-12-07,12,Can't Hold Us,Macklemore & Ryan Lewis Featuring Ray Dalton,12,2,34
2013-12-07,13,Holy Grail,Jay Z Featuring Justin Timberlake,11,2,20
2013-12-07,14,All Me,Drake Featuring 2 Chainz & Big Sean,13,8,9
2013-12-07,15,Honest,Future,14,11,10
2013-12-14,1,Bound 2,Kanye West,9,1,2
2013-12-14,2,The Monster,Eminem Featuring Rihanna,1,1,5
2013-12-14,3,23,"Mike Will Made-It Featuring Miley Cyrus , Wiz Khalifa & Juicy J",2,1,10
2013-12-14,4,Timber,Pitbull Featuring Ke$ha,4,4,5
2013-12-14,5,Gangnam Style,PSY,3,1,35
2013-12-14,6,My Hitta,YG Featuring Jeezy & Rich Homie Quan,5,3,9
2013-12-14,7,Rap God,Eminem,8,1,7
2013-12-14,8,Gas Pedal,Sage The Gemini Featuring IamSu!,7,4,19
2013-12-14,9,Can't Hold Us,Macklemore & Ryan Lewis Featuring Ray Dalton,12,2,35
2013-12-14,10,Berzerk,Eminem,6,1,14
2013-12-14,11,Red Nose,Sage The Gemini,10,4,20
2013-12-14,12,Thrift Shop,Macklemore & Ryan Lewis Featuring Wanz,16,1,35
2013-12-14,13,All Me,Drake Featuring 2 Chainz & Big Sean,14,8,10
2013-12-14,14,Holy Grail,Jay Z Featuring Justin Timberlake,13,2,21
2013-12-14,15,Survival,Eminem,11,4,8
2013-12-21,1,The Monster,Eminem Featuring Rihanna,2,1,6
2013-12-21,2,Timber,Pitbull Featuring Ke$ha,4,2,6
2013-12-21,3,Gangnam Style,PSY,5,1,36
2013-12-21,4,23,"Mike Will Made-It Featuring Miley Cyrus , Wiz Khalifa & Juicy J",3,1,11
2013-12-21,5,My Hitta,YG Featuring Jeezy & Rich Homie Quan,6,3,10
2013-12-21,6,Rap God,Eminem,7,1,8
2013-12-21,7,Bound 2,Kanye West,1,1,3
2013-12-21,8,Can't Hold Us,Macklemore & Ryan Lewis Featuring Ray Dalton,9,2,36
2013-12-21,9,Gas Pedal,Sage The Gemini Featuring IamSu!,8,4,20
2013-12-21,10,Thrift Shop,Macklemore & Ryan Lewis Featuring Wanz,12,1,36
2013-12-21,11,Berzerk,Eminem,10,1,15
2013-12-21,12,All Me,Drake Featuring 2 Chainz & Big Sean,13,8,11
2013-12-21,13,White Walls,Macklemore & Ryan Lewis Featuring ScHoolboy Q & Hollis,16,13,4
2013-12-21,14,Red Nose,Sage The Gemini,11,4,21
2013-12-21,15,Holy Grail,Jay Z Featuring Justin Timberlake,14,2,22
2013-12-28,1,The Monster,Eminem Featuring Rihanna,1,1,7
2013-12-28,2,Timber,Pitbull Featuring Ke$ha,2,2,7
2013-12-28,3,23,"Mike Will Made-It Featuring Miley Cyrus , Wiz Khalifa & Juicy J",4,1,12
2013-12-28,4,Rap God,Eminem,6,1,9
2013-12-28,5,My Hitta,YG Featuring Jeezy & Rich Homie Quan,5,3,11
2013-12-28,6,Can't Hold Us,Macklemore & Ryan Lewis Featuring Ray Dalton,8,2,37
2013-12-28,7,Gas Pedal,Sage The Gemini Featuring IamSu!,9,4,21
2013-12-28,8,Bound 2,Kanye West,7,1,4
2013-12-28,9,Thrift Shop,Macklemore & Ryan Lewis Featuring Wanz,10,1,37
2013-12-28,10,Gangnam Style,PSY,3,1,37
2013-12-28,11,Show Me,Kid Ink Featuring Chris Brown,16,11,5
2013-12-28,12,White Walls,Macklemore & Ryan Lewis Featuring ScHoolboy Q & Hollis,13,12,5
2013-12-28,13,All Me,Drake Featuring 2 Chainz & Big Sean,12,8,12
2013-12-28,14,Red Nose,Sage The Gemini,14,4,22
2013-12-28,15,Holy Grail,Jay Z Featuring Justin Timberlake,15,2,23
2014-01-04,1,The Monster,Eminem Featuring Rihanna,1,1,8
2014-01-04,2,Timber,Pitbull Featuring Ke$ha,2,2,8
2014-01-04,3,23,"Mike Will Made-It Featuring Miley Cyrus , Wiz Khalifa & Juicy J",3,1,13
2014-01-04,4,My Hitta,YG Featuring Jeezy & Rich Homie Quan,5,3,12
2014-01-04,5,Rap God,Eminem,4,1,10
2014-01-04,6,Gas Pedal,Sage The Gemini Featuring IamSu!,7,4,22
2014-01-04,7,Can't Hold Us,Macklemore & Ryan Lewis Featuring Ray Dalton,6,2,38
2014-01-04,8,Show Me,Kid Ink Featuring Chris Brown,11,8,6
2014-01-04,9,Red Nose,Sage The Gemini,14,4,23
2014-01-04,10,White Walls,Macklemore & Ryan Lewis Featuring ScHoolboy Q & Hollis,12,10,6
2014-01-04,11,All Me,Drake Featuring 2 Chainz & Big Sean,13,8,13
2014-01-04,12,Thrift Shop,Macklemore & Ryan Lewis Featuring Wanz,9,1,38
2014-01-04,13,Bound 2,Kanye West,8,1,5
2014-01-04,14,Berzerk,Eminem,16,1,17
2014-01-04,15,Holy Grail,Jay Z Featuring Justin Timberlake,15,2,24
2014-01-11,1,The Monster,Eminem Featuring Rihanna,1,1,9
2014-01-11,2,Timber,Pitbull Featuring Ke$ha,2,2,9
2014-01-11,3,23,"Mike Will Made-It Featuring Miley Cyrus , Wiz Khalifa & Juicy J",3,1,14
2014-01-11,4,My Hitta,YG Featuring Jeezy & Rich Homie Quan,4,3,13
2014-01-11,5,Rap God,Eminem,5,1,11
2014-01-11,6,Gas Pedal,Sage The Gemini Featuring IamSu!,6,4,23
2014-01-11,7,Can't Hold Us,Macklemore & Ryan Lewis Featuring Ray Dalton,7,2,39
2014-01-11,8,Show Me,Kid Ink Featuring Chris Brown,8,8,7
2014-01-11,9,Red Nose,Sage The Gemini,9,4,24
2014-01-11,10,Thrift Shop,Macklemore & Ryan Lewis Featuring Wanz,12,1,39
2014-01-11,11,White Walls,Macklemore & Ryan Lewis Featuring ScHoolboy Q & Hollis,10,10,7
2014-01-11,12,All Me,Drake Featuring 2 Chainz & Big Sean,11,8,14
2014-01-11,13,Bound 2,Kanye West,13,1,6
2014-01-11,14,Worst Behavior,Drake,17,14,4
2014-01-11,15,Type Of Way,Rich Homie Quan,16,9,24
2014-01-18,1,Timber,Pitbull Featuring Ke$ha,2,1,10
2014-01-18,2,The Monster,Eminem Featuring Rihanna,1,1,10
2014-01-18,3,23,"Mike Will Made-It Featuring Miley Cyrus , Wiz Khalifa & Juicy J",3,1,15
2014-01-18,4,My Hitta,YG Featuring Jeezy & Rich Homie Quan,4,3,14
2014-01-18,5,Rap God,Eminem,5,1,12
2014-01-18,6,Can't Hold Us,Macklemore & Ryan Lewis Featuring Ray Dalton,7,2,40
2014-01-18,7,Gas Pedal,Sage The Gemini Featuring IamSu!,6,4,24
2014-01-18,8,Show Me,Kid Ink Featuring Chris Brown,8,8,8
2014-01-18,9,Thrift Shop,Macklemore & Ryan Lewis Featuring Wanz,10,1,40
2014-01-18,10,White Walls,Macklemore & Ryan Lewis Featuring ScHoolboy Q & Hollis,11,10,8
2014-01-18,11,Red Nose,Sage The Gemini,9,4,25
2014-01-18,12,All Me,Drake Featuring 2 Chainz & Big Sean,12,8,15
2014-01-18,13,Type Of Way,Rich Homie Quan,15,9,25
2014-01-18,14,Berzerk,Eminem,16,1,19
2014-01-18,15,Worst Behavior,Drake,14,14,5
2014-01-25,1,Timber,Pitbull Featuring Ke$ha,1,1,11
2014-01-25,2,The Monster,Eminem Featuring Rihanna,2,1,11
2014-01-25,3,23,"Mike Will Made-It Featuring Miley Cyrus , Wiz Khalifa & Juicy J",3,1,16
2014-01-25,4,Rap God,Eminem,5,1,13
2014-01-25,5,My Hitta,YG Featuring Jeezy & Rich Homie Quan,4,3,15
2014-01-25,6,Show Me,Kid Ink Featuring Chris Brown,8,6,9
2014-01-25,7,Can't Hold Us,Macklemore & Ryan Lewis Featuring Ray Dalton,6,2,41
2014-01-25,8,Gas Pedal,Sage The Gemini Featuring IamSu!,7,4,25
2014-01-25,9,All Me,Drake Featuring 2 Chainz & Big Sean,12,8,16
2014-01-25,10,White Walls,Macklemore & Ryan Lewis Featuring ScHoolboy Q & Hollis,10,10,9
2014-01-25,11,Thrift Shop,Macklemore & Ryan Lewis Featuring Wanz,9,1,41
2014-01-25,12,Red Nose,Sage The Gemini,11,4,26
2014-01-25,13,Berzerk,Eminem,14,1,20
2014-01-25,14,Worst Behavior,Drake,15,14,6
2014-01-25,15,Type Of Way,Rich Homie Quan,13,9,26
2014-02-01,1,Timber,Pitbull Featuring Ke$ha,1,1,12
2014-02-01,2,The Monster,Eminem Featuring Rihanna,2,1,12
2014-02-01,3,23,"Mike Will Made-It Featuring Miley Cyrus , Wiz Khalifa & Juicy J",3,1,17
2014-02-01,4,Rap God,Eminem,4,1,14
2014-02-01,5,My Hitta,YG Featuring Jeezy & Rich Homie Quan,5,3,16
2014-02-01,6,Show Me,Kid Ink Featuring Chris Brown,6,6,10
2014-02-01,7,Can't Hold Us,Macklemore & Ryan Lewis Featuring Ray Dalton,7,2,42
2014-02-01,8,Gas Pedal,Sage The Gemini Featuring IamSu!,8,4,26
2014-02-01,9,White Walls,Macklemore & Ryan Lewis Featuring ScHoolboy Q & Hollis,10,9,10
2014-02-01,10,Thrift Shop,Macklemore & Ryan Lewis Featuring Wanz,11,1,42
2014-02-01,11,All Me,Drake Featuring 2 Chainz & Big Sean,9,8,17
2014-02-01,12,Red Nose,Sage The Gemini,12,4,27
2014-02-01,13,Worst Behavior,Drake,14,13,7
2014-02-01,14,Type Of Way,Rich Homie Quan,15,9,27
2014-02-01,15,Berzerk,Eminem,13,1,21
2014-02-08,1,Timber,Pitbull Featuring Ke$ha,1,1,13
2014-02-08,2,The Monster,Eminem Featuring Rihanna,2,1,13
2014-02-08,3,23,"Mike Will Made-It Featuring Miley Cyrus , Wiz Khalifa & Juicy J",3,1,18
2014-02-08,4,My Hitta,YG Featuring Jeezy & Rich Homie Quan,5,3,17
2014-02-08,5,Rap God,Eminem,4,1,15
2014-02-08,6,Show Me,Kid Ink Featuring Chris Brown,6,6,11
2014-02-08,7,Can't Hold Us,Macklemore & Ryan Lewis Featuring Ray Dalton,7,2,43
2014-02-08,8,Thrift Shop,Macklemore & Ryan Lewis Featuring Wanz,10,1,43
2014-02-08,9,Gas Pedal,Sage The Gemini Featuring IamSu!,8,4,27
2014-02-08,10,White Walls,Macklemore & Ryan Lewis Featuring ScHoolboy Q & Hollis,9,9,11
2014-02-08,11,All Me,Drake Featuring 2 Chainz & Big Sean,11,8,18
2014-02-08,12,Worst Behavior,Drake,13,12,8
2014-02-08,13,Red Nose,Sage The Gemini,12,4,28
2014-02-08,14,Started From The Bottom,Drake,16,2,43
2014-02-08,15,Type Of Way,Rich Homie Quan,14,9,28
2014-02-15,1,Timber,Pitbull Featuring Ke$ha,1,1,14
2014-02-15,2,The Monster,Eminem Featuring Rihanna,2,1,14
2014-02-15,3,23,"Mike Will Made-It Featuring Miley Cyrus , Wiz Khalifa & Juicy J",3,1,19
2014-02-15,4,My Hitta,YG Featuring Jeezy & Rich Homie Quan,4,3,18
2014-02-15,5,Rap God,Eminem,5,1,16
2014-02-15,6,Can't Hold Us,Macklemore & Ryan Lewis Featuring Ray Dalton,7,2,44
2014-02-15,7,Show Me,Kid Ink Featuring Chris Brown,6,6,12
2014-02-15,8,Thrift Shop,Macklemore & Ryan Lewis Featuring Wanz,8,1,44
2014-02-15,9,White Walls,Macklemore & Ryan Lewis Featuring ScHoolboy Q & Hollis,10,9,12
2014-02-15,10,Gas Pedal,Sage The Gemini Featuring IamSu!,9,4,28
2014-02-15,11,All Me,Drake Featuring 2 Chainz & Big Sean,11,8,19
2014-02-15,12,Worst Behavior,Drake,12,12,9
2014-02-15,13,Started From The Bottom,Drake,14,2,44
2014-02-15,14,Red Nose,Sage The Gemini,13,4,29
2014-02-15,15,m.A.A.d City,Kendrick Lamar Featuring MC Eiht,-,15,1
2014-02-22,1,Timber,Pitbull Featuring Ke$ha,1,1,15
2014-02-22,2,The Monster,Eminem Featuring Rihanna,2,1,15
2014-02-22,3,23,"Mike Will Made-It Featuring Miley Cyrus , Wiz Khalifa & Juicy J",3,1,20
2014-02-22,4,My Hitta,YG Featuring Jeezy & Rich Homie Quan,4,3,19
2014-02-22,5,Show Me,Kid Ink Featuring Chris Brown,7,5,13
2014-02-22,6,Rap God,Eminem,5,1,17
2014-02-22,7,Can't Hold Us,Macklemore & Ryan Lewis Featuring Ray Dalton,6,2,45
2014-02-22,8,Thrift Shop,Macklemore & Ryan Lewis Featuring Wanz,8,1,45
2014-02-22,9,Gas Pedal,Sage The Gemini Featuring IamSu!,10,4,29
2014-02-22,10,White Walls,Macklemore & Ryan Lewis Featuring ScHoolboy Q & Hollis,9,9,13
2014-02-22,11,All Me,Drake Featuring 2 Chainz & Big Sean,11,8,20
2014-02-22,12,Worst Behavior,Drake,12,12,10
2014-02-22,13,Started From The Bottom,Drake,13,2,45
2014-02-22,14,Red Nose,Sage The Gemini,14,4,30
2014-02-22,15,HeadBand,B.o.B Featuring 2 Chainz,17,15,18
2014-03-01,1,Timber,Pitbull Featuring Ke$ha,1,1,16
2014-03-01,2,The Monster,Eminem Featuring Rihanna,2,1,16
2014-03-01,3,Achy Breaky 2,Buck 22 Featuring Billy Ray Cyrus,-,3,1
2014-03-01,4,My Hitta,YG Featuring Jeezy & Rich Homie Quan,4,3,20
2014-03-01,5,Show Me,Kid Ink Featuring Chris Brown,5,5,14
2014-03-01,6,23,"Mike Will Made-It Featuring Miley Cyrus , Wiz Khalifa & Juicy J",3,1,21
2014-03-01,7,Rap God,Eminem,6,1,18
2014-03-01,8,Can't Hold Us,Macklemore & Ryan Lewis Featuring Ray Dalton,7,2,46
2014-03-01,9,Thrift Shop,Macklemore & Ryan Lewis Featuring Wanz,8,1,46
2014-03-01,10,Gas Pedal,Sage The Gemini Featuring IamSu!,9,4,30
2014-03-01,11,White Walls,Macklemore & Ryan Lewis Featuring ScHoolboy Q & Hollis,10,9,14
2014-03-01,12,All Me,Drake Featuring 2 Chainz & Big Sean,11,8,21
2014-03-01,13,Stoner,Young Thug,-,13,1
2014-03-01,14,Worst Behavior,Drake,12,12,11
2014-03-01,15,Started From The Bottom,Drake,13,2,46
2014-03-08,1,Timber,Pitbull Featuring Ke$ha,1,1,17
2014-03-08,2,Achy Breaky 2,Buck 22 Featuring Billy Ray Cyrus,3,2,2
2014-03-08,3,The Monster,Eminem Featuring Rihanna,2,1,17
2014-03-08,4,Show Me,Kid Ink Featuring Chris Brown,5,4,15
2014-03-08,5,My Hitta,YG Featuring Jeezy & Rich Homie Quan,4,3,21
2014-03-08,6,23,"Mike Will Made-It Featuring Miley Cyrus , Wiz Khalifa & Juicy J",6,1,22
2014-03-08,7,Rap God,Eminem,7,1,19
2014-03-08,8,Can't Hold Us,Macklemore & Ryan Lewis Featuring Ray Dalton,8,2,47
2014-03-08,9,Stoner,Young Thug,13,9,2
2014-03-08,10,Thrift Shop,Macklemore & Ryan Lewis Featuring Wanz,9,1,47
2014-03-08,11,Gas Pedal,Sage The Gemini Featuring IamSu!,10,4,31
2014-03-08,12,All Me,Drake Featuring 2 Chainz & Big Sean,12,8,22
2014-03-08,13,Worst Behavior,Drake,14,12,12
2014-03-08,14,White Walls,Macklemore & Ryan Lewis Featuring ScHoolboy Q & Hollis,11,9,15
2014-03-08,15,Started From The Bottom,Drake,15,2,47
2014-03-15,1,Timber,Pitbull Featuring Ke$ha,1,1,18
2014-03-15,2,My Hitta,YG Featuring Jeezy & Rich Homie Quan,5,2,22
2014-03-15,3,The Monster,Eminem Featuring Rihanna,3,1,18
2014-03-15,4,Show Me,Kid Ink Featuring Chris Brown,4,4,16
2014-03-15,5,23,"Mike Will Made-It Featuring Miley Cyrus , Wiz Khalifa & Juicy J",6,1,23
2014-03-15,6,Rap God,Eminem,7,1,20
2014-03-15,7,Can't Hold Us,Macklemore & Ryan Lewis Featuring Ray Dalton,8,2,48
2014-03-15,8,Stoner,Young Thug,9,8,3
2014-03-15,9,Gangnam Style,PSY,-,1,38
2014-03-15,10,Man Of The Year,ScHoolboy Q,-,10,1
2014-03-15,11,Thrift Shop,Macklemore & Ryan Lewis Featuring Wanz,10,1,48
2014-03-15,12,Gas Pedal,Sage The Gemini Featuring IamSu!,11,4,32
2014-03-15,13,All Me,Drake Featuring 2 Chainz & Big Sean,12,8,23
2014-03-15,14,Worst Behavior,Drake,13,12,13
2014-03-15,15,White Walls,Macklemore & Ryan Lewis Featuring ScHoolboy Q & Hollis,14,9,16
2014-03-22,1,Timber,Pitbull Featuring Ke$ha,1,1,19
2014-03-22,2,My Hitta,YG Featuring Jeezy & Rich Homie Quan,2,2,23
2014-03-22,3,Gangnam Style,PSY,9,1,39
2014-03-22,4,The Monster,Eminem Featuring Rihanna,3,1,19
2014-03-22,5,Show Me,Kid Ink Featuring Chris Brown,4,4,17
2014-03-22,6,23,"Mike Will Made-It Featuring Miley Cyrus , Wiz Khalifa & Juicy J",5,1,24
2014-03-22,7,Rap God,Eminem,6,1,21
2014-03-22,8,Stoner,Young Thug,8,8,4
2014-03-22,9,Can't Hold Us,Macklemore & Ryan Lewis Featuring Ray Dalton,7,2,49
2014-03-22,10,Man Of The Year,ScHoolboy Q,10,10,2
2014-03-22,11,Thrift Shop,Macklemore & Ryan Lewis Featuring Wanz,11,1,49
2014-03-22,12,Gas Pedal,Sage The Gemini Featuring IamSu!,12,4,33
2014-03-22,13,All Me,Drake Featuring 2 Chainz & Big Sean,13,8,24
2014-03-22,14,Worst Behavior,Drake,14,12,14
2014-03-22,15,Wobble,V.I.C.,-,15,1
2014-03-29,1,Timber,Pitbull Featuring Ke$ha,1,1,20
2014-03-29,2,Gangnam Style,PSY,3,1,40
2014-03-29,3,My Hitta,YG Featuring Jeezy & Rich Homie Quan,2,2,24
2014-03-29,4,Show Me,Kid Ink Featuring Chris Brown,5,4,18
2014-03-29,5,The Monster,Eminem Featuring Rihanna,4,1,20
2014-03-29,6,Rap God,Eminem,7,1,22
2014-03-29,7,23,"Mike Will Made-It Featuring Miley Cyrus , Wiz Khalifa & Juicy J",6,1,25
2014-03-29,8,Stoner,Young Thug,8,8,5
2014-03-29,9,Can't Hold Us,Macklemore & Ryan Lewis Featuring Ray Dalton,9,2,50
2014-03-29,10,Man Of The Year,ScHoolboy Q,10,10,3
2014-03-29,11,Thrift Shop,Macklemore & Ryan Lewis Featuring Wanz,11,1,50
2014-03-29,12,Gas Pedal,Sage The Gemini Featuring IamSu!,12,4,34
2014-03-29,13,All Me,Drake Featuring 2 Chainz & Big Sean,13,8,25
2014-03-29,14,Who Do You Love?,YG Featuring Drake,-,14,1
2014-03-29,15,Started From The Bottom,Drake,16,2,50
2014-04-05,1,Timber,Pitbull Featuring Ke$ha,1,1,21
2014-04-05,2,Gangnam Style,PSY,2,1,41
2014-04-05,3,My Hitta,YG Featuring Jeezy & Rich Homie Quan,3,2,25
2014-04-05,4,Show Me,Kid Ink Featuring Chris Brown,4,4,19
2014-04-05,5,The Monster,Eminem Featuring Rihanna,5,1,21
2014-04-05,6,Rap God,Eminem,6,1,23
2014-04-05,7,Stoner,Young Thug,8,7,6
2014-04-05,8,23,"Mike Will Made-It Featuring Miley Cyrus , Wiz Khalifa & Juicy J",7,1,26
2014-04-05,9,Can't Hold Us,Macklemore & Ryan Lewis Featuring Ray Dalton,9,2,51
2014-04-05,10,Man Of The Year,ScHoolboy Q,10,10,4
2014-04-05,11,Who Do You Love?,YG Featuring Drake,14,11,2
2014-04-05,12,Thrift Shop,Macklemore & Ryan Lewis Featuring Wanz,11,1,51
2014-04-05,13,Gas Pedal,Sage The Gemini Featuring IamSu!,12,4,35
2014-04-05,14,Started From The Bottom,Drake,15,2,51
2014-04-05,15,All Me,Drake Featuring 2 Chainz & Big Sean,13,8,26
2014-04-12,1,Gangnam Style,PSY,2,1,42
2014-04-12,2,Timber,Pitbull Featuring Ke$ha,1,1,22
2014-04-12,3,Show Me,Kid Ink Featuring Chris Brown,4,3,20
2014-04-12,4,My Hitta,YG Featuring Jeezy & Rich Homie Quan,3,2,26
2014-04-12,5,The Monster,Eminem Featuring Rihanna,5,1,22
2014-04-12,6,Rap God,Eminem,6,1,24
2014-04-12,7,Stoner,Young Thug,7,7,7
2014-04-12,8,23,"Mike Will Made-It Featuring Miley Cyrus , Wiz Khalifa & Juicy J",8,1,27
2014-04-12,9,Can't Hold Us,Macklemore & Ryan Lewis Featuring Ray Dalton,9,2,52
2014-04-12,10,Who Do You Love?,YG Featuring Drake,11,10,3
2014-04-12,11,Man Of The Year,ScHoolboy Q,10,10,5
2014-04-12,12,Thrift Shop,Macklemore & Ryan Lewis Featuring Wanz,12,1,52
2014-04-12,13,Move That Doh,"Future Featuring Pharrell, Pusha T & Casino",17,13,3
2014-04-12,14,Gas Pedal,Sage The Gemini Featuring IamSu!,13,4,36
2014-04-12,15,Started From The Bottom,Drake,14,2,52
2014-04-19,1,Gangnam Style,PSY,1,1,43
2014-04-19,2,Timber,Pitbull Featuring Ke$ha,2,1,23
2014-04-19,3,Show Me,Kid Ink Featuring Chris Brown,3,3,21
2014-04-19,4,My Hitta,YG Featuring Jeezy & Rich Homie Quan,4,2,27
2014-04-19,5,The Monster,Eminem Featuring Rihanna,5,1,23
2014-04-19,6,Rap God,Eminem,6,1,25
2014-04-19,7,Stoner,Young Thug,7,7,8
2014-04-19,8,Who Do You Love?,YG Featuring Drake,10,8,4
2014-04-19,9,23,"Mike Will Made-It Featuring Miley Cyrus , Wiz Khalifa & Juicy J",8,1,28
2014-04-19,10,Can't Hold Us,Macklemore & Ryan Lewis Featuring Ray Dalton,9,2,53
2014-04-19,11,Man Of The Year,ScHoolboy Q,11,10,6
2014-04-19,12,Move That Doh,"Future Featuring Pharrell, Pusha T & Casino",13,12,4
2014-04-19,13,Fancy,Iggy Azalea Featuring Charli xcx,16,13,5
2014-04-19,14,Thrift Shop,Macklemore & Ryan Lewis Featuring Wanz,12,1,53
2014-04-19,15,Gas Pedal,Sage The Gemini Featuring IamSu!,14,4,37
2014-04-26,1,Gangnam Style,PSY,1,1,44
2014-04-26,2,Timber,Pitbull Featuring Ke$ha,2,1,24
2014-04-26,3,Show Me,Kid Ink Featuring Chris Brown,3,3,22
2014-04-26,4,The Monster,Eminem Featuring Rihanna,5,1,24
2014-04-26,5,My Hitta,YG Featuring Jeezy & Rich Homie Quan,4,2,28
2014-04-26,6,Rap God,Eminem,6,1,26
2014-04-26,7,Can't Hold Us,Macklemore & Ryan Lewis Featuring Ray Dalton,10,2,54
2014-04-26,8,Stoner,Young Thug,7,7,9
2014-04-26,9,Who Do You Love?,YG Featuring Drake,8,8,5
2014-04-26,10,23,"Mike Will Made-It Featuring Miley Cyrus , Wiz Khalifa & Juicy J",9,1,29
2014-04-26,11,Fancy,Iggy Azalea Featuring Charli xcx,13,11,6
2014-04-26,12,Man Of The Year,ScHoolboy Q,11,10,7
2014-04-26,13,Move That Doh,"Future Featuring Pharrell, Pusha T & Casino",12,12,5
2014-04-26,14,Thrift Shop,Macklemore & Ryan Lewis Featuring Wanz,14,1,54
2014-04-26,15,Trophies,Young Money Featuring Drake,16,15,3
2014-05-10,1,Fancy,Iggy Azalea Featuring Charli xcx,4,1,8
2014-05-10,2,Gangnam Style,PSY,1,1,46
2014-05-10,3,Timber,Pitbull Featuring Ke$ha,2,1,26
2014-05-10,4,Show Me,Kid Ink Featuring Chris Brown,3,3,24
2014-05-10,5,Move That Doh,"Future Featuring Pharrell, Pusha T & Casino",8,5,7
2014-05-10,6,Rap God,Eminem,6,1,28
2014-05-10,7,The Monster,Eminem Featuring Rihanna,5,1,26
2014-05-10,8,My Hitta,YG Featuring Jeezy & Rich Homie Quan,9,2,30
2014-05-10,9,Can't Hold Us,Macklemore & Ryan Lewis Featuring Ray Dalton,7,2,56
2014-05-10,10,Man Of The Year,ScHoolboy Q,10,10,9
2014-05-10,11,Stoner,Young Thug,11,7,11
2014-05-10,12,Who Do You Love?,YG Featuring Drake,13,8,7
2014-05-10,13,23,"Mike Will Made-It Featuring Miley Cyrus , Wiz Khalifa & Juicy J",12,1,31
2014-05-10,14,Work,Iggy Azalea,-,14,1
2014-05-10,15,Thrift Shop,Macklemore & Ryan Lewis Featuring Wanz,15,1,56
2014-05-17,1,Fancy,Iggy Azalea Featuring Charli xcx,1,1,9
2014-05-17,2,Gangnam Style,PSY,2,1,47
2014-05-17,3,Timber,Pitbull Featuring Ke$ha,3,1,27
2014-05-17,4,Show Me,Kid Ink Featuring Chris Brown,4,3,25
2014-05-17,5,Move That Doh,"Future Featuring Pharrell, Pusha T & Casino",5,5,8
2014-05-17,6,The Monster,Eminem Featuring Rihanna,7,1,27
2014-05-17,7,Rap God,Eminem,6,1,29
2014-05-17,8,My Hitta,YG Featuring Jeezy & Rich Homie Quan,8,2,31
2014-05-17,9,Can't Hold Us,Macklemore & Ryan Lewis Featuring Ray Dalton,9,2,57
2014-05-17,10,Work,Iggy Azalea,14,10,2
2014-05-17,11,Who Do You Love?,YG Featuring Drake,12,8,8
2014-05-17,12,Man Of The Year,ScHoolboy Q,10,10,10
2014-05-17,13,Stoner,Young Thug,11,7,12
2014-05-17,14,23,"Mike Will Made-It Featuring Miley Cyrus , Wiz Khalifa & Juicy J",13,1,32
2014-05-17,15,Wild Wild Love,Pitbull Featuring G.R.L.,16,15,5
2014-05-24,1,Fancy,Iggy Azalea Featuring Charli xcx,1,1,10
2014-05-24,2,Gangnam Style,PSY,2,1,48
2014-05-24,3,Timber,Pitbull Featuring Ke$ha,3,1,28
2014-05-24,4,Show Me,Kid Ink Featuring Chris Brown,4,3,26
2014-05-24,5,My Hitta,YG Featuring Jeezy & Rich Homie Quan,8,2,32
2014-05-24,6,Move That Doh,"Future Featuring Pharrell, Pusha T & Casino",5,5,9
2014-05-24,7,Work,Iggy Azalea,10,7,3
2014-05-24,8,Can't Hold Us,Macklemore & Ryan Lewis Featuring Ray Dalton,9,2,58
2014-05-24,9,Rap God,Eminem,7,1,30
2014-05-24,10,The Monster,Eminem Featuring Rihanna,6,1,28
2014-05-24,11,Who Do You Love?,YG Featuring Drake,11,8,9
2014-05-24,12,Thrift Shop,Macklemore & Ryan Lewis Featuring Wanz,18,1,58
2014-05-24,13,Man Of The Year,ScHoolboy Q,12,10,11
2014-05-24,14,Wild Wild Love,Pitbull Featuring G.R.L.,15,14,6
2014-05-24,15,Stoner,Young Thug,13,7,13
2014-05-31,1,Fancy,Iggy Azalea Featuring Charli xcx,1,1,11
2014-05-31,2,Headlights,Eminem Featuring Nate Ruess,-,2,1
2014-05-31,3,Gangnam Style,PSY,2,1,49
2014-05-31,4,Timber,Pitbull Featuring Ke$ha,3,1,29
2014-05-31,5,Show Me,Kid Ink Featuring Chris Brown,4,3,27
2014-05-31,6,My Hitta,YG Featuring Jeezy & Rich Homie Quan,5,2,33
2014-05-31,7,Move That Doh,"Future Featuring Pharrell, Pusha T & Casino",6,5,10
2014-05-31,8,Work,Iggy Azalea,7,7,4
2014-05-31,9,The Monster,Eminem Featuring Rihanna,10,1,29
2014-05-31,10,Rap God,Eminem,9,1,31
2014-05-31,11,Can't Hold Us,Macklemore & Ryan Lewis Featuring Ray Dalton,8,2,59
2014-05-31,12,Wild Wild Love,Pitbull Featuring G.R.L.,14,12,7
2014-05-31,13,Who Do You Love?,YG Featuring Drake,11,8,10
2014-05-31,14,Man Of The Year,ScHoolboy Q,13,10,12
2014-05-31,15,I Won,Future Featuring Kanye West,17,15,5
2014-06-07,1,Fancy,Iggy Azalea Featuring Charli xcx,1,1,12
2014-06-07,2,Gangnam Style,PSY,3,1,50
2014-06-07,3,Timber,Pitbull Featuring Ke$ha,4,1,30
2014-06-07,4,Work,Iggy Azalea,8,4,5
2014-06-07,5,Show Me,Kid Ink Featuring Chris Brown,5,3,28
2014-06-07,6,My Hitta,YG Featuring Jeezy & Rich Homie Quan,6,2,34
2014-06-07,7,Can't Hold Us,Macklemore & Ryan Lewis Featuring Ray Dalton,11,2,60
2014-06-07,8,Move That Doh,"Future Featuring Pharrell, Pusha T & Casino",7,5,11
2014-06-07,9,The Monster,Eminem Featuring Rihanna,9,1,30
2014-06-07,10,Rap God,Eminem,10,1,32
2014-06-07,11,Wild Wild Love,Pitbull Featuring G.R.L.,12,11,8
2014-06-07,12,Who Do You Love?,YG Featuring Drake,13,8,11
2014-06-07,13,We Dem Boyz,Wiz Khalifa,18,13,6
2014-06-07,14,Headlights,Eminem Featuring Nate Ruess,2,2,2
2014-06-07,15,23,"Mike Will Made-It Featuring Miley Cyrus , Wiz Khalifa & Juicy J",16,1,35
2014-06-14,1,Fancy,Iggy Azalea Featuring Charli xcx,1,1,13
2014-06-14,2,Gangnam Style,PSY,2,1,51
2014-06-14,3,Work,Iggy Azalea,4,3,6
2014-06-14,4,Timber,Pitbull Featuring Ke$ha,3,1,31
2014-06-14,5,My Hitta,YG Featuring Jeezy & Rich Homie Quan,6,2,35
2014-06-14,6,Show Me,Kid Ink Featuring Chris Brown,5,3,29
2014-06-14,7,Rap God,Eminem,10,1,33
2014-06-14,8,Move That Doh,"Future Featuring Pharrell, Pusha T & Casino",8,5,12
2014-06-14,9,Can't Hold Us,Macklemore & Ryan Lewis Featuring Ray Dalton,7,2,61
2014-06-14,10,The Monster,Eminem Featuring Rihanna,9,1,31
2014-06-14,11,Who Do You Love?,YG Featuring Drake,12,8,12
2014-06-14,12,Wild Wild Love,Pitbull Featuring G.R.L.,11,11,9
2014-06-14,13,Cut Her Off,KCamp Featuring 2 Chainz,19,13,4
2014-06-14,14,Pills N Potions,Nicki Minaj,-,14,1
2014-06-14,15,23,"Mike Will Made-It Featuring Miley Cyrus , Wiz Khalifa & Juicy J",15,1,36
2014-06-21,1,Fancy,Iggy Azalea Featuring Charli xcx,1,1,14
2014-06-21,2,Gangnam Style,PSY,2,1,52
2014-06-21,3,Timber,Pitbull Featuring Ke$ha,4,1,32
2014-06-21,4,Work,Iggy Azalea,3,3,7
2014-06-21,5,My Hitta,YG Featuring Jeezy & Rich Homie Quan,5,2,36
2014-06-21,6,Can't Hold Us,Macklemore & Ryan Lewis Featuring Ray Dalton,9,2,62
2014-06-21,7,Bring It Back,Travis Porter,-,7,1
2014-06-21,8,Show Me,Kid Ink Featuring Chris Brown,6,3,30
2014-06-21,9,Move That Doh,"Future Featuring Pharrell, Pusha T & Casino",8,5,13
2014-06-21,10,The Monster,Eminem Featuring Rihanna,10,1,32
2014-06-21,11,Rap God,Eminem,7,1,34
2014-06-21,12,We Dem Boyz,Wiz Khalifa,17,12,8
2014-06-21,13,Pills N Potions,Nicki Minaj,14,13,2
2014-06-21,14,Cut Her Off,KCamp Featuring 2 Chainz,13,13,5
2014-06-21,15,Wild Wild Love,Pitbull Featuring G.R.L.,12,11,10
2014-06-28,1,Fancy,Iggy Azalea Featuring Charli xcx,1,1,15
2014-06-28,2,Hangover,PSY Featuring Snoop Dogg,-,2,1
2014-06-28,3,Pills N Potions,Nicki Minaj,13,3,3
2014-06-28,4,Gangnam Style,PSY,2,1,53
2014-06-28,5,Timber,Pitbull Featuring Ke$ha,3,1,33
2014-06-28,6,Work,Iggy Azalea,4,3,8
2014-06-28,7,My Hitta,YG Featuring Jeezy & Rich Homie Quan,5,2,37
2014-06-28,8,Believe Me,Lil Wayne Featuring Drake,18,8,2
2014-06-28,9,Show Me,Kid Ink Featuring Chris Brown,8,3,31
2014-06-28,10,We Dem Boyz,Wiz Khalifa,12,10,9
2014-06-28,11,Can't Hold Us,Macklemore & Ryan Lewis Featuring Ray Dalton,6,2,63
2014-06-28,12,The Monster,Eminem Featuring Rihanna,10,1,33
2014-06-28,13,Rap God,Eminem,11,1,35
2014-06-28,14,Cut Her Off,KCamp Featuring 2 Chainz,14,13,6
2014-06-28,15,Move That Doh,"Future Featuring Pharrell, Pusha T & Casino",9,5,14
2014-07-05,1,Fancy,Iggy Azalea Featuring Charli xcx,1,1,16
2014-07-05,2,Gangnam Style,PSY,4,1,54
2014-07-05,3,Timber,Pitbull Featuring Ke$ha,5,1,34
2014-07-05,4,Work,Iggy Azalea,6,3,9
2014-07-05,5,Pills N Potions,Nicki Minaj,3,3,4
2014-07-05,6,We Dem Boyz,Wiz Khalifa,10,6,10
2014-07-05,7,Cut Her Off,KCamp Featuring 2 Chainz,14,7,7
2014-07-05,8,My Hitta,YG Featuring Jeezy & Rich Homie Quan,7,2,38
2014-07-05,9,Show Me,Kid Ink Featuring Chris Brown,9,3,32
2014-07-05,10,The Monster,Eminem Featuring Rihanna,12,1,34
2014-07-05,11,Believe Me,Lil Wayne Featuring Drake,8,8,3
2014-07-05,12,Who Do You Love?,YG Featuring Drake,17,8,15
2014-07-05,13,Shower,Becky G,21,13,2
2014-07-05,14,Move That Doh,"Future Featuring Pharrell, Pusha T & Casino",15,5,15
2014-07-05,15,Can't Hold Us,Macklemore & Ryan Lewis Featuring Ray Dalton,11,2,64
2014-07-12,1,Fancy,Iggy Azalea Featuring Charli xcx,1,1,17
2014-07-12,2,Gangnam Style,PSY,2,1,55
2014-07-12,3,Timber,Pitbull Featuring Ke$ha,3,1,35
2014-07-12,4,Work,Iggy Azalea,4,3,10
2014-07-12,5,Pills N Potions,Nicki Minaj,5,3,5
2014-07-12,6,Shower,Becky G,13,6,3
2014-07-12,7,We Dem Boyz,Wiz Khalifa,6,6,11
2014-07-12,8,Cut Her Off,KCamp Featuring 2 Chainz,7,7,8
2014-07-12,9,My Hitta,YG Featuring Jeezy & Rich Homie Quan,8,2,39
2014-07-12,10,Who Do You Love?,YG Featuring Drake,12,8,16
2014-07-12,11,Show Me,Kid Ink Featuring Chris Brown,9,3,33
2014-07-12,12,Can't Hold Us,Macklemore & Ryan Lewis Featuring Ray Dalton,15,2,65
2014-07-12,13,Move That Doh,"Future Featuring Pharrell, Pusha T & Casino",14,5,16
2014-07-12,14,The Monster,Eminem Featuring Rihanna,10,1,35
2014-07-12,15,No Mediocre,T.I. Featuring Iggy Azalea,19,15,2
2014-07-19,1,Fancy,Iggy Azalea Featuring Charli xcx,1,1,18
2014-07-19,2,Gangnam Style,PSY,2,1,56
2014-07-19,3,Shower,Becky G,6,3,4
2014-07-19,4,Pills N Potions,Nicki Minaj,5,3,6
2014-07-19,5,Work,Iggy Azalea,4,3,11
2014-07-19,6,Timber,Pitbull Featuring Ke$ha,3,1,36
2014-07-19,7,We Dem Boyz,Wiz Khalifa,7,6,12
2014-07-19,8,Cut Her Off,KCamp Featuring 2 Chainz,8,7,9
2014-07-19,9,Who Do You Love?,YG Featuring Drake,10,8,17
2014-07-19,10,No Mediocre,T.I. Featuring Iggy Azalea,15,10,3
2014-07-19,11,My Hitta,YG Featuring Jeezy & Rich Homie Quan,9,2,40
2014-07-19,12,Move That Doh,"Future Featuring Pharrell, Pusha T & Casino",13,5,17
2014-07-19,13,Show Me,Kid Ink Featuring Chris Brown,11,3,34
2014-07-19,14,Can't Hold Us,Macklemore & Ryan Lewis Featuring Ray Dalton,12,2,66
2014-07-19,15,Studio,ScHoolboy Q Featuring BJ the Chicago Kid,20,15,4
2014-07-26,1,Fancy,Iggy Azalea Featuring Charli xcx,1,1,19
2014-07-26,2,Gangnam Style,PSY,2,1,57
2014-07-26,3,Shower,Becky G,3,3,5
2014-07-26,4,Work,Iggy Azalea,5,3,12
2014-07-26,5,Timber,Pitbull Featuring Ke$ha,6,1,37
2014-07-26,6,Pills N Potions,Nicki Minaj,4,3,7
2014-07-26,7,We Dem Boyz,Wiz Khalifa,7,6,13
2014-07-26,8,Cut Her Off,KCamp Featuring 2 Chainz,8,7,10
2014-07-26,9,No Mediocre,T.I. Featuring Iggy Azalea,10,9,4
2014-07-26,10,Who Do You Love?,YG Featuring Drake,9,8,18
2014-07-26,11,Studio,ScHoolboy Q Featuring BJ the Chicago Kid,15,11,5
2014-07-26,12,Lifestyle,Rich Gang Featuring Young Thug & Rich Homie Quan,19,12,2
2014-07-26,13,Show Me,Kid Ink Featuring Chris Brown,13,3,35
2014-07-26,14,Can't Hold Us,Macklemore & Ryan Lewis Featuring Ray Dalton,14,2,67
2014-07-26,15,Believe Me,Lil Wayne Featuring Drake,16,8,6
2014-08-02,1,Fancy,Iggy Azalea Featuring Charli xcx,1,1,20
2014-08-02,2,Gangnam Style,PSY,2,1,58
2014-08-02,3,Shower,Becky G,3,3,6
2014-08-02,4,Timber,Pitbull Featuring Ke$ha,5,1,38
2014-08-02,5,Work,Iggy Azalea,4,3,13
2014-08-02,6,Pills N Potions,Nicki Minaj,6,3,8
2014-08-02,7,We Dem Boyz,Wiz Khalifa,7,6,14
2014-08-02,8,Cut Her Off,KCamp Featuring 2 Chainz,8,7,11
2014-08-02,9,No Mediocre,T.I. Featuring Iggy Azalea,9,9,5
2014-08-02,10,Lifestyle,Rich Gang Featuring Young Thug & Rich Homie Quan,12,10,3
2014-08-02,11,V. 3005,Childish Gambino,21,11,14
2014-08-02,12,Studio,ScHoolboy Q Featuring BJ the Chicago Kid,11,11,6
2014-08-02,13,Who Do You Love?,YG Featuring Drake,10,8,19
2014-08-02,14,Can't Hold Us,Macklemore & Ryan Lewis Featuring Ray Dalton,14,2,68
2014-08-02,15,Show Me,Kid Ink Featuring Chris Brown,13,3,36
2014-08-09,1,Fancy,Iggy Azalea Featuring Charli xcx,1,1,21
2014-08-09,2,Shower,Becky G,3,2,7
2014-08-09,3,Gangnam Style,PSY,2,1,59
2014-08-09,4,Timber,Pitbull Featuring Ke$ha,4,1,39
2014-08-09,5,Pills N Potions,Nicki Minaj,6,3,9
2014-08-09,6,Lifestyle,Rich Gang Featuring Young Thug & Rich Homie Quan,10,6,4
2014-08-09,7,No Mediocre,T.I. Featuring Iggy Azalea,9,7,6
2014-08-09,8,Work,Iggy Azalea,5,3,14
2014-08-09,9,We Dem Boyz,Wiz Khalifa,7,6,15
2014-08-09,10,Cut Her Off,KCamp Featuring 2 Chainz,8,7,12
2014-08-09,11,V. 3005,Childish Gambino,11,11,15
2014-08-09,12,Studio,ScHoolboy Q Featuring BJ the Chicago Kid,12,11,7
2014-08-09,13,Who Do You Love?,YG Featuring Drake,13,8,20
2014-08-09,14,Can't Hold Us,Macklemore & Ryan Lewis Featuring Ray Dalton,14,2,69
2014-08-09,15,About The Money,T.I. Featuring Young Thug,18,15,4
2014-08-16,1,Fancy,Iggy Azalea Featuring Charli xcx,1,1,22
2014-08-16,2,Shower,Becky G,2,2,8
2014-08-16,3,Gangnam Style,PSY,3,1,60
2014-08-16,4,Lifestyle,Rich Gang Featuring Young Thug & Rich Homie Quan,6,4,5
2014-08-16,5,Timber,Pitbull Featuring Ke$ha,4,1,40
2014-08-16,6,No Mediocre,T.I. Featuring Iggy Azalea,7,6,7
2014-08-16,7,We Dem Boyz,Wiz Khalifa,9,6,16
2014-08-16,8,Pills N Potions,Nicki Minaj,5,3,10
2014-08-16,9,Work,Iggy Azalea,8,3,15
2014-08-16,10,V. 3005,Childish Gambino,11,10,16
2014-08-16,11,Cut Her Off,KCamp Featuring 2 Chainz,10,7,13
2014-08-16,12,Black Widow,Iggy Azalea Featuring Rita Ora,22,12,2
2014-08-16,13,Studio,ScHoolboy Q Featuring BJ the Chicago Kid,12,11,8
2014-08-16,14,Hot Boy,Bobby Shmurda,-,14,1
2014-08-16,15,Can't Hold Us,Macklemore & Ryan Lewis Featuring Ray Dalton,14,2,70
2014-08-23,1,Fancy,Iggy Azalea Featuring Charli xcx,1,1,23
2014-08-23,2,Shower,Becky G,2,2,9
2014-08-23,3,Gangnam Style,PSY,3,1,61
2014-08-23,4,Lifestyle,Rich Gang Featuring Young Thug & Rich Homie Quan,4,4,6
2014-08-23,5,No Mediocre,T.I. Featuring Iggy Azalea,6,5,8
2014-08-23,6,Timber,Pitbull Featuring Ke$ha,5,1,41
2014-08-23,7,Pills N Potions,Nicki Minaj,8,3,11
2014-08-23,8,Work,Iggy Azalea,9,3,16
2014-08-23,9,Black Widow,Iggy Azalea Featuring Rita Ora,12,9,3
2014-08-23,10,Hot Boy,Bobby Shmurda,14,10,2
2014-08-23,11,We Dem Boyz,Wiz Khalifa,7,6,17
2014-08-23,12,Studio,ScHoolboy Q Featuring BJ the Chicago Kid,13,11,9
2014-08-23,13,Anaconda,Nicki Minaj,-,13,1
2014-08-23,14,Cut Her Off,KCamp Featuring 2 Chainz,11,7,14
2014-08-23,15,V. 3005,Childish Gambino,10,10,17
2014-08-30,1,Fancy,Iggy Azalea Featuring Charli xcx,1,1,24
2014-08-30,2,Black Widow,Iggy Azalea Featuring Rita Ora,9,2,4
2014-08-30,3,Shower,Becky G,2,2,10
2014-08-30,4,Gangnam Style,PSY,3,1,62
2014-08-30,5,Hot Boy,Bobby Shmurda,10,5,3
2014-08-30,6,Lifestyle,Rich Gang Featuring Young Thug & Rich Homie Quan,4,4,7
2014-08-30,7,No Mediocre,T.I. Featuring Iggy Azalea,5,5,9
2014-08-30,8,Timber,Pitbull Featuring Ke$ha,6,1,42
2014-08-30,9,Work,Iggy Azalea,8,3,17
2014-08-30,10,Anaconda,Nicki Minaj,13,10,2
2014-08-30,11,We Dem Boyz,Wiz Khalifa,11,6,18
2014-08-30,12,Pills N Potions,Nicki Minaj,7,3,12
2014-08-30,13,Studio,ScHoolboy Q Featuring BJ the Chicago Kid,12,11,10
2014-08-30,14,No Flex Zone,Rae Sremmurd,-,14,1
2014-08-30,15,Cut Her Off,KCamp Featuring 2 Chainz,14,7,15
2014-09-06,1,Anaconda,Nicki Minaj,10,1,3
2014-09-06,2,Fancy,Iggy Azalea Featuring Charli xcx,1,1,25
2014-09-06,3,Black Widow,Iggy Azalea Featuring Rita Ora,2,2,5
2014-09-06,4,Shower,Becky G,3,2,11
2014-09-06,5,Gangnam Style,PSY,4,1,63
2014-09-06,6,Hot Boy,Bobby Shmurda,5,5,4
2014-09-06,7,Lifestyle,Rich Gang Featuring Young Thug & Rich Homie Quan,6,4,8
2014-09-06,8,Pills N Potions,Nicki Minaj,12,3,13
2014-09-06,9,We Dem Boyz,Wiz Khalifa,11,6,19
2014-09-06,10,No Mediocre,T.I. Featuring Iggy Azalea,7,5,10
2014-09-06,11,Timber,Pitbull Featuring Ke$ha,8,1,43
2014-09-06,12,Work,Iggy Azalea,9,3,18
2014-09-06,13,No Flex Zone,Rae Sremmurd,14,13,2
2014-09-06,14,Studio,ScHoolboy Q Featuring BJ the Chicago Kid,13,11,11
2014-09-06,15,About The Money,T.I. Featuring Young Thug,16,15,8
2014-09-13,1,Anaconda,Nicki Minaj,1,1,4
2014-09-13,2,Black Widow,Iggy Azalea Featuring Rita Ora,3,2,6
2014-09-13,3,Fancy,Iggy Azalea Featuring Charli xcx,2,1,26
2014-09-13,4,Hot Boy,Bobby Shmurda,6,4,5
2014-09-13,5,Shower,Becky G,4,2,12
2014-09-13,6,Lifestyle,Rich Gang Featuring Young Thug & Rich Homie Quan,7,4,9
2014-09-13,7,No Flex Zone,Rae Sremmurd,13,7,3
2014-09-13,8,We Dem Boyz,Wiz Khalifa,9,6,20
2014-09-13,9,No Mediocre,T.I. Featuring Iggy Azalea,10,5,11
2014-09-13,10,Pills N Potions,Nicki Minaj,8,3,14
2014-09-13,11,Work,Iggy Azalea,12,3,19
2014-09-13,12,Timber,Pitbull Featuring Ke$ha,11,1,44
2014-09-13,13,0 To 100 / The Catch Up,Drake,17,13,5
2014-09-13,14,Studio,ScHoolboy Q Featuring BJ the Chicago Kid,14,11,12
2014-09-13,15,About The Money,T.I. Featuring Young Thug,15,15,9
2014-09-20,1,Anaconda,Nicki Minaj,1,1,5
2014-09-20,2,Black Widow,Iggy Azalea Featuring Rita Ora,2,2,7
2014-09-20,3,Hot Boy,Bobby Shmurda,4,3,6
2014-09-20,4,Fancy,Iggy Azalea Featuring Charli xcx,3,1,27
2014-09-20,5,Shower,Becky G,5,2,13
2014-09-20,6,Lifestyle,Rich Gang Featuring Young Thug & Rich Homie Quan,6,4,10
2014-09-20,7,No Flex Zone,Rae Sremmurd,7,7,4
2014-09-20,8,We Dem Boyz,Wiz Khalifa,8,6,21
2014-09-20,9,No Mediocre,T.I. Featuring Iggy Azalea,9,5,12
2014-09-20,10,Timber,Pitbull Featuring Ke$ha,12,1,45
2014-09-20,11,About The Money,T.I. Featuring Young Thug,15,11,10
2014-09-20,12,Work,Iggy Azalea,11,3,20
2014-09-20,13,0 To 100 / The Catch Up,Drake,13,13,6
2014-09-20,14,Pills N Potions,Nicki Minaj,10,3,15
2014-09-20,15,Studio,ScHoolboy Q Featuring BJ the Chicago Kid,14,11,13
2014-09-27,1,Anaconda,Nicki Minaj,1,1,6
2014-09-27,2,Black Widow,Iggy Azalea Featuring Rita Ora,2,2,8
2014-09-27,3,Hot Boy,Bobby Shmurda,3,3,7
2014-09-27,4,Fancy,Iggy Azalea Featuring Charli xcx,4,1,28
2014-09-27,5,Shower,Becky G,5,2,14
2014-09-27,6,Lifestyle,Rich Gang Featuring Young Thug & Rich Homie Quan,6,4,11
2014-09-27,7,No Flex Zone,Rae Sremmurd,7,7,5
2014-09-27,8,We Dem Boyz,Wiz Khalifa,8,6,22
2014-09-27,9,No Mediocre,T.I. Featuring Iggy Azalea,9,5,13
2014-09-27,10,0 To 100 / The Catch Up,Drake,13,10,7
2014-09-27,11,About The Money,T.I. Featuring Young Thug,11,11,11
2014-09-27,12,Timber,Pitbull Featuring Ke$ha,10,1,46
2014-09-27,13,Studio,ScHoolboy Q Featuring BJ the Chicago Kid,15,11,14
2014-09-27,14,Work,Iggy Azalea,12,3,21
2014-09-27,15,V. 3005,Childish Gambino,17,10,22
2014-10-04,1,Anaconda,Nicki Minaj,1,1,7
2014-10-04,2,Hot Boy,Bobby Shmurda,3,2,8
2014-10-04,3,Black Widow,Iggy Azalea Featuring Rita Ora,2,2,9
2014-10-04,4,Fancy,Iggy Azalea Featuring Charli xcx,4,1,29
2014-10-04,5,Shower,Becky G,5,2,15
2014-10-04,6,Lifestyle,Rich Gang Featuring Young Thug & Rich Homie Quan,6,4,12
2014-10-04,7,No Flex Zone,Rae Sremmurd,7,7,6
2014-10-04,8,We Dem Boyz,Wiz Khalifa,8,6,23
2014-10-04,9,No Mediocre,T.I. Featuring Iggy Azalea,9,5,14
2014-10-04,10,Fireball,Pitbull Featuring John Ryan,21,10,2
2014-10-04,11,0 To 100 / The Catch Up,Drake,10,10,8
2014-10-04,12,Timber,Pitbull Featuring Ke$ha,12,1,47
2014-10-04,13,About The Money,T.I. Featuring Young Thug,11,11,12
2014-10-04,14,V. 3005,Childish Gambino,15,10,23
2014-10-04,15,Studio,ScHoolboy Q Featuring BJ the Chicago Kid,13,11,15
2014-10-11,1,Anaconda,Nicki Minaj,1,1,8
2014-10-11,2,Hot Boy,Bobby Shmurda,2,2,9
2014-10-11,3,Black Widow,Iggy Azalea Featuring Rita Ora,3,2,10
2014-10-11,4,Fancy,Iggy Azalea Featuring Charli xcx,4,1,30
2014-10-11,5,Shower,Becky G,5,2,16
2014-10-11,6,Lifestyle,Rich Gang Featuring Young Thug & Rich Homie Quan,6,4,13
2014-10-11,7,No Flex Zone,Rae Sremmurd,7,7,7
2014-10-11,8,We Dem Boyz,Wiz Khalifa,8,6,24
2014-10-11,9,No Mediocre,T.I. Featuring Iggy Azalea,9,5,15
2014-10-11,10,Fireball,Pitbull Featuring John Ryan,10,10,3
2014-10-11,11,0 To 100 / The Catch Up,Drake,11,10,9
2014-10-11,12,About The Money,T.I. Featuring Young Thug,13,11,13
2014-10-11,13,No Type,Rae Sremmurd,-,13,1
2014-10-11,14,Timber,Pitbull Featuring Ke$ha,12,1,48
2014-10-11,15,V. 3005,Childish Gambino,14,10,24
2014-10-18,1,Anaconda,Nicki Minaj,1,1,9
2014-10-18,2,Hot Boy,Bobby Shmurda,2,2,10
2014-10-18,3,Black Widow,Iggy Azalea Featuring Rita Ora,3,2,11
2014-10-18,4,Fancy,Iggy Azalea Featuring Charli xcx,4,1,31
2014-10-18,5,Lifestyle,Rich Gang Featuring Young Thug & Rich Homie Quan,6,4,14
2014-10-18,6,No Flex Zone,Rae Sremmurd,7,6,8
2014-10-18,7,Shower,Becky G,5,2,17
2014-10-18,8,No Type,Rae Sremmurd,13,8,2
2014-10-18,9,Gangnam Style,PSY,-,1,64
2014-10-18,10,We Dem Boyz,Wiz Khalifa,8,6,25
2014-10-18,11,No Mediocre,T.I. Featuring Iggy Azalea,9,5,16
2014-10-18,12,About The Money,T.I. Featuring Young Thug,12,11,14
2014-10-18,13,0 To 100 / The Catch Up,Drake,11,10,10
2014-10-18,14,Fireball,Pitbull Featuring John Ryan,10,10,4
2014-10-18,15,Timber,Pitbull Featuring Ke$ha,14,1,49
2014-10-25,1,Hot Boy,Bobby Shmurda,2,1,11
2014-10-25,2,Anaconda,Nicki Minaj,1,1,10
2014-10-25,3,EW!,Jimmy Fallon Featuring will.i.am,-,3,1
2014-10-25,4,Black Widow,Iggy Azalea Featuring Rita Ora,3,2,12
2014-10-25,5,Lifestyle,Rich Gang Featuring Young Thug & Rich Homie Quan,5,4,15
2014-10-25,6,Fancy,Iggy Azalea Featuring Charli xcx,4,1,32
2014-10-25,7,Gangnam Style,PSY,9,1,65
2014-10-25,8,Shower,Becky G,7,2,18
2014-10-25,9,No Flex Zone,Rae Sremmurd,6,6,9
2014-10-25,10,No Type,Rae Sremmurd,8,8,3
2014-10-25,11,V. 3005,Childish Gambino,16,10,26
2014-10-25,12,We Dem Boyz,Wiz Khalifa,10,6,26
2014-10-25,13,About The Money,T.I. Featuring Young Thug,12,11,15
2014-10-25,14,0 To 100 / The Catch Up,Drake,13,10,11
2014-10-25,15,Fireball,Pitbull Featuring John Ryan,14,10,5
2014-11-01,1,Hot Boy,Bobby Shmurda,1,1,12
2014-11-01,2,Anaconda,Nicki Minaj,2,1,11
2014-11-01,3,Black Widow,Iggy Azalea Featuring Rita Ora,4,2,13
2014-11-01,4,Lifestyle,Rich Gang Featuring Young Thug & Rich Homie Quan,5,4,16
2014-11-01,5,Gangnam Style,PSY,7,1,66
2014-11-01,6,Fancy,Iggy Azalea Featuring Charli xcx,6,1,33
2014-11-01,7,No Flex Zone,Rae Sremmurd,9,6,10
2014-11-01,8,No Type,Rae Sremmurd,10,8,4
2014-11-01,9,Shower,Becky G,8,2,19
2014-11-01,10,V. 3005,Childish Gambino,11,10,27
2014-11-01,11,About The Money,T.I. Featuring Young Thug,13,11,16
2014-11-01,12,We Dem Boyz,Wiz Khalifa,12,6,27
2014-11-01,13,I Don't F**k With You,Big Sean Featuring E-40,-,13,1
2014-11-01,14,0 To 100 / The Catch Up,Drake,14,10,12
2014-11-01,15,Timber,Pitbull Featuring Ke$ha,17,1,51
2014-11-08,1,Hot Boy,Bobby Shmurda,1,1,13
2014-11-08,2,Lifestyle,Rich Gang Featuring Young Thug & Rich Homie Quan,4,2,17
2014-11-08,3,Anaconda,Nicki Minaj,2,1,12
2014-11-08,4,Black Widow,Iggy Azalea Featuring Rita Ora,3,2,14
2014-11-08,5,Gangnam Style,PSY,5,1,67
2014-11-08,6,No Type,Rae Sremmurd,8,6,5
2014-11-08,7,Fancy,Iggy Azalea Featuring Charli xcx,6,1,34
2014-11-08,8,No Flex Zone,Rae Sremmurd,7,6,11
2014-11-08,9,About The Money,T.I. Featuring Young Thug,11,9,17
2014-11-08,10,Shower,Becky G,9,2,20
2014-11-08,11,I Don't F**k With You,Big Sean Featuring E-40,13,11,2
2014-11-08,12,We Dem Boyz,Wiz Khalifa,12,6,28
2014-11-08,13,Fireball,Pitbull Featuring John Ryan,16,10,7
2014-11-08,14,Try Me,DeJ Loaf,-,14,1
2014-11-08,15,V. 3005,Childish Gambino,10,10,28
2014-11-15,1,Hot Boy,Bobby Shmurda,1,1,14
2014-11-15,2,Lifestyle,Rich Gang Featuring Young Thug & Rich Homie Quan,2,2,18
2014-11-15,3,No Type,Rae Sremmurd,6,3,6
2014-11-15,4,Black Widow,Iggy Azalea Featuring Rita Ora,4,2,15
2014-11-15,5,Anaconda,Nicki Minaj,3,1,13
2014-11-15,6,Gangnam Style,PSY,5,1,68
2014-11-15,7,Fireball,Pitbull Featuring John Ryan,13,7,8
2014-11-15,8,I Don't F**k With You,Big Sean Featuring E-40,11,8,3
2014-11-15,9,Fancy,Iggy Azalea Featuring Charli xcx,7,1,35
2014-11-15,10,No Flex Zone,Rae Sremmurd,8,6,12
2014-11-15,11,About The Money,T.I. Featuring Young Thug,9,9,18
2014-11-15,12,Shower,Becky G,10,2,21
2014-11-15,13,Try Me,DeJ Loaf,14,13,2
2014-11-15,14,We Dem Boyz,Wiz Khalifa,12,6,29
2014-11-15,15,0 To 100 / The Catch Up,Drake,16,10,14
2014-11-22,1,Hot Boy,Bobby Shmurda,1,1,15
2014-11-22,2,No Type,Rae Sremmurd,3,2,7
2014-11-22,3,Lifestyle,Rich Gang Featuring Young Thug & Rich Homie Quan,2,2,19
2014-11-22,4,I Don't F**k With You,Big Sean Featuring E-40,8,4,4
2014-11-22,5,Black Widow,Iggy Azalea Featuring Rita Ora,4,2,16
2014-11-22,6,Gangnam Style,PSY,6,1,69
2014-11-22,7,Anaconda,Nicki Minaj,5,1,14
2014-11-22,8,Fancy,Iggy Azalea Featuring Charli xcx,9,1,36
2014-11-22,9,No Flex Zone,Rae Sremmurd,10,6,13
2014-11-22,10,Try Me,DeJ Loaf,13,10,3
2014-11-22,11,About The Money,T.I. Featuring Young Thug,11,9,19
2014-11-22,12,Shower,Becky G,12,2,22
2014-11-22,13,Only,"Nicki Minaj Featuring Drake , Lil Wayne & Chris Brown",-,13,1
2014-11-22,14,0 To 100 / The Catch Up,Drake,15,10,15
2014-11-22,15,We Dem Boyz,Wiz Khalifa,14,6,30
2014-11-29,1,Hot Boy,Bobby Shmurda,1,1,16
2014-11-29,2,No Type,Rae Sremmurd,2,2,8
2014-11-29,3,I Don't F**k With You,Big Sean Featuring E-40,4,3,5
2014-11-29,4,Lifestyle,Rich Gang Featuring Young Thug & Rich Homie Quan,3,2,20
2014-11-29,5,Gangnam Style,PSY,6,1,70
2014-11-29,6,Anaconda,Nicki Minaj,7,1,15
2014-11-29,7,Black Widow,Iggy Azalea Featuring Rita Ora,5,2,17
2014-11-29,8,Only,"Nicki Minaj Featuring Drake , Lil Wayne & Chris Brown",13,8,2
2014-11-29,9,Fancy,Iggy Azalea Featuring Charli xcx,8,1,37
2014-11-29,10,No Flex Zone,Rae Sremmurd,9,6,14
2014-11-29,11,Try Me,DeJ Loaf,10,10,4
2014-11-29,12,About The Money,T.I. Featuring Young Thug,11,9,20
2014-11-29,13,Shower,Becky G,12,2,23
2014-11-29,14,L.A.LOVE (la la),Fergie,22,14,3
2014-11-29,15,0 To 100 / The Catch Up,Drake,14,10,16
2014-12-06,1,Hot Boy,Bobby Shmurda,1,1,17
2014-12-06,2,No Type,Rae Sremmurd,2,2,9
2014-12-06,3,I Don't F**k With You,Big Sean Featuring E-40,3,3,6
2014-12-06,4,Lifestyle,Rich Gang Featuring Young Thug & Rich Homie Quan,4,2,21
2014-12-06,5,Gangnam Style,PSY,5,1,71
2014-12-06,6,Black Widow,Iggy Azalea Featuring Rita Ora,7,2,18
2014-12-06,7,Anaconda,Nicki Minaj,6,1,16
2014-12-06,8,Only,"Nicki Minaj Featuring Drake , Lil Wayne & Chris Brown",8,8,3
2014-12-06,9,No Flex Zone,Rae Sremmurd,10,6,15
2014-12-06,10,Fancy,Iggy Azalea Featuring Charli xcx,9,1,38
2014-12-06,11,Try Me,DeJ Loaf,11,10,5
2014-12-06,12,About The Money,T.I. Featuring Young Thug,12,9,21
2014-12-06,13,0 To 100 / The Catch Up,Drake,15,10,17
2014-12-06,14,Shower,Becky G,13,2,24
2014-12-06,15,L.A.LOVE (la la),Fergie,14,14,4
2014-12-13,1,Hot Boy,Bobby Shmurda,1,1,18
2014-12-13,2,No Type,Rae Sremmurd,2,2,10
2014-12-13,3,I Don't F**k With You,Big Sean Featuring E-40,3,3,7
2014-12-13,4,Lifestyle,Rich Gang Featuring Young Thug & Rich Homie Quan,4,2,22
2014-12-13,5,Gangnam Style,PSY,5,1,72
2014-12-13,6,CoCo,O.T. Genasis,17,6,2
2014-12-13,7,Anaconda,Nicki Minaj,7,1,17
2014-12-13,8,Black Widow,Iggy Azalea Featuring Rita Ora,6,2,19
2014-12-13,9,Only,"Nicki Minaj Featuring Drake , Lil Wayne & Chris Brown",8,8,4
2014-12-13,10,Fancy,Iggy Azalea Featuring Charli xcx,10,1,39
2014-12-13,11,No Flex Zone,Rae Sremmurd,9,6,16
2014-12-13,12,Try Me,DeJ Loaf,11,10,6
2014-12-13,13,L.A.LOVE (la la),Fergie,15,13,5
2014-12-13,14,Guts Over Fear,Eminem Featuring Sia,-,14,2
2014-12-13,15,About The Money,T.I. Featuring Young Thug,12,9,22
2014-12-20,1,Hot Boy,Bobby Shmurda,1,1,19
2014-12-20,2,No Type,Rae Sremmurd,2,2,11
2014-12-20,3,I Don't F**k With You,Big Sean Featuring E-40,3,3,8
2014-12-20,4,Gangnam Style,PSY,5,1,73
2014-12-20,5,CoCo,O.T. Genasis,6,5,3
2014-12-20,6,Lifestyle,Rich Gang Featuring Young Thug & Rich Homie Quan,4,2,23
2014-12-20,7,Anaconda,Nicki Minaj,7,1,18
2014-12-20,8,Black Widow,Iggy Azalea Featuring Rita Ora,8,2,20
2014-12-20,9,Fancy,Iggy Azalea Featuring Charli xcx,10,1,40
2014-12-20,10,Only,"Nicki Minaj Featuring Drake , Lil Wayne & Chris Brown",9,8,5
2014-12-20,11,L.A.LOVE (la la),Fergie,13,11,6
2014-12-20,12,No Flex Zone,Rae Sremmurd,11,6,17
2014-12-20,13,Try Me,DeJ Loaf,12,10,7
2014-12-20,14,About The Money,T.I. Featuring Young Thug,15,9,23
2014-12-20,15,0 To 100 / The Catch Up,Drake,17,10,19
2014-12-27,1,Only,"Nicki Minaj Featuring Drake , Lil Wayne & Chris Brown",10,1,6
2014-12-27,2,Hot Boy,Bobby Shmurda,1,1,20
2014-12-27,3,No Type,Rae Sremmurd,2,2,12
2014-12-27,4,I Don't F**k With You,Big Sean Featuring E-40,3,3,9
2014-12-27,5,CoCo,O.T. Genasis,5,5,4
2014-12-27,6,Gangnam Style,PSY,4,1,74
2014-12-27,7,Lifestyle,Rich Gang Featuring Young Thug & Rich Homie Quan,6,2,24
2014-12-27,8,Anaconda,Nicki Minaj,7,1,19
2014-12-27,9,Black Widow,Iggy Azalea Featuring Rita Ora,8,2,21
2014-12-27,10,Fancy,Iggy Azalea Featuring Charli xcx,9,1,41
2014-12-27,11,L.A.LOVE (la la),Fergie,11,11,7
2014-12-27,12,No Flex Zone,Rae Sremmurd,12,6,18
2014-12-27,13,Try Me,DeJ Loaf,13,10,8
2014-12-27,14,About The Money,T.I. Featuring Young Thug,14,9,24
2014-12-27,15,0 To 100 / The Catch Up,Drake,15,10,20
2015-01-03,1,Hot Boy,Bobby Shmurda,2,1,21
2015-01-03,2,Only,"Nicki Minaj Featuring Drake , Lil Wayne & Chris Brown",1,1,7
2015-01-03,3,No Type,Rae Sremmurd,3,2,13
2015-01-03,4,I Don't F**k With You,Big Sean Featuring E-40,4,3,10
2015-01-03,5,CoCo,O.T. Genasis,5,5,5
2015-01-03,6,Gangnam Style,PSY,6,1,75
2015-01-03,7,Anaconda,Nicki Minaj,8,1,20
2015-01-03,8,Lifestyle,Rich Gang Featuring Young Thug & Rich Homie Quan,7,2,25
2015-01-03,9,Black Widow,Iggy Azalea Featuring Rita Ora,9,2,22
2015-01-03,10,Fancy,Iggy Azalea Featuring Charli xcx,10,1,42
2015-01-03,11,No Flex Zone,Rae Sremmurd,12,6,19
2015-01-03,12,L.A.LOVE (la la),Fergie,11,11,8
2015-01-03,13,Try Me,DeJ Loaf,13,10,9
2015-01-03,14,About The Money,T.I. Featuring Young Thug,14,9,25
2015-01-03,15,0 To 100 / The Catch Up,Drake,15,10,21
2015-01-10,1,Hot Boy,Bobby Shmurda,1,1,22
2015-01-10,2,Only,"Nicki Minaj Featuring Drake , Lil Wayne & Chris Brown",2,1,8
2015-01-10,3,No Type,Rae Sremmurd,3,2,14
2015-01-10,4,I Don't F**k With You,Big Sean Featuring E-40,4,3,11
2015-01-10,5,CoCo,O.T. Genasis,5,5,6
2015-01-10,6,Gangnam Style,PSY,6,1,76
2015-01-10,7,Anaconda,Nicki Minaj,7,1,21
2015-01-10,8,Lifestyle,Rich Gang Featuring Young Thug & Rich Homie Quan,8,2,26
2015-01-10,9,Fancy,Iggy Azalea Featuring Charli xcx,10,1,43
2015-01-10,10,Black Widow,Iggy Azalea Featuring Rita Ora,9,2,23
2015-01-10,11,No Flex Zone,Rae Sremmurd,11,6,20
2015-01-10,12,Try Me,DeJ Loaf,13,10,10
2015-01-10,13,About The Money,T.I. Featuring Young Thug,14,9,26
2015-01-10,14,L.A.LOVE (la la),Fergie,12,11,9
2015-01-10,15,0 To 100 / The Catch Up,Drake,15,10,22
2015-01-17,1,Hot Boy,Bobby Shmurda,1,1,23
2015-01-17,2,Only,"Nicki Minaj Featuring Drake , Lil Wayne & Chris Brown",2,1,9
2015-01-17,3,No Type,Rae Sremmurd,3,2,15
2015-01-17,4,CoCo,O.T. Genasis,5,4,7
2015-01-17,5,I Don't F**k With You,Big Sean Featuring E-40,4,3,12
2015-01-17,6,Gangnam Style,PSY,6,1,77
2015-01-17,7,Anaconda,Nicki Minaj,7,1,22
2015-01-17,8,Fancy,Iggy Azalea Featuring Charli xcx,9,1,44
2015-01-17,9,Black Widow,Iggy Azalea Featuring Rita Ora,10,2,24
2015-01-17,10,Lifestyle,Rich Gang Featuring Young Thug & Rich Homie Quan,8,2,27
2015-01-17,11,Try Me,DeJ Loaf,12,10,11
2015-01-17,12,No Flex Zone,Rae Sremmurd,11,6,21
2015-01-17,13,L.A.LOVE (la la),Fergie,14,11,10
2015-01-17,14,About The Money,T.I. Featuring Young Thug,13,9,27
2015-01-17,15,Shower,Becky G,16,2,30
2015-01-24,1,No Type,Rae Sremmurd,3,1,16
2015-01-24,2,Hot Boy,Bobby Shmurda,1,1,24
2015-01-24,3,Only,"Nicki Minaj Featuring Drake , Lil Wayne & Chris Brown",2,1,10
2015-01-24,4,CoCo,O.T. Genasis,4,4,8
2015-01-24,5,I Don't F**k With You,Big Sean Featuring E-40,5,3,13
2015-01-24,6,Gangnam Style,PSY,6,1,78
2015-01-24,7,Anaconda,Nicki Minaj,7,1,23
2015-01-24,8,Fancy,Iggy Azalea Featuring Charli xcx,8,1,45
2015-01-24,9,Black Widow,Iggy Azalea Featuring Rita Ora,9,2,25
2015-01-24,10,Lifestyle,Rich Gang Featuring Young Thug & Rich Homie Quan,10,2,28
2015-01-24,11,Try Me,DeJ Loaf,11,10,12
2015-01-24,12,No Flex Zone,Rae Sremmurd,12,6,22
2015-01-24,13,G.D.F.R.,Flo Rida Featuring Sage The Gemini & Lookas,18,13,2
2015-01-24,14,L.A.LOVE (la la),Fergie,13,11,11
2015-01-24,15,About The Money,T.I. Featuring Young Thug,14,9,28
2015-01-31,1,No Type,Rae Sremmurd,1,1,17
2015-01-31,2,I Don't F**k With You,Big Sean Featuring E-40,5,2,14
2015-01-31,3,CoCo,O.T. Genasis,4,3,9
2015-01-31,4,Hot Boy,Bobby Shmurda,2,1,25
2015-01-31,5,Only,"Nicki Minaj Featuring Drake , Lil Wayne & Chris Brown",3,1,11
2015-01-31,6,Gangnam Style,PSY,6,1,79
2015-01-31,7,Anaconda,Nicki Minaj,7,1,24
2015-01-31,8,Fancy,Iggy Azalea Featuring Charli xcx,8,1,46
2015-01-31,9,Black Widow,Iggy Azalea Featuring Rita Ora,9,2,26
2015-01-31,10,G.D.F.R.,Flo Rida Featuring Sage The Gemini & Lookas,13,10,3
2015-01-31,11,Lifestyle,Rich Gang Featuring Young Thug & Rich Homie Quan,10,2,29
2015-01-31,12,No Flex Zone,Rae Sremmurd,12,6,23
2015-01-31,13,Try Me,DeJ Loaf,11,10,13
2015-01-31,14,About The Money,T.I. Featuring Young Thug,15,9,29
2015-01-31,15,Time Of Our Lives,Pitbull & Ne-Yo,20,15,3
2015-02-07,1,CoCo,O.T. Genasis,3,1,10
2015-02-07,2,No Type,Rae Sremmurd,1,1,18
2015-02-07,3,I Don't F**k With You,Big Sean Featuring E-40,2,2,15
2015-02-07,4,Only,"Nicki Minaj Featuring Drake , Lil Wayne & Chris Brown",5,1,12
2015-02-07,5,Gangnam Style,PSY,6,1,80
2015-02-07,6,Hot Boy,Bobby Shmurda,4,1,26
2015-02-07,7,Anaconda,Nicki Minaj,7,1,25
2015-02-07,8,G.D.F.R.,Flo Rida Featuring Sage The Gemini & Lookas,10,8,4
2015-02-07,9,Fancy,Iggy Azalea Featuring Charli xcx,8,1,47
2015-02-07,10,Black Widow,Iggy Azalea Featuring Rita Ora,9,2,27
2015-02-07,11,No Flex Zone,Rae Sremmurd,12,6,24
2015-02-07,12,Lifestyle,Rich Gang Featuring Young Thug & Rich Homie Quan,11,2,30
2015-02-07,13,Time Of Our Lives,Pitbull & Ne-Yo,15,13,4
2015-02-07,14,Try Me,DeJ Loaf,13,10,14
2015-02-07,15,About The Money,T.I. Featuring Young Thug,14,9,30
2015-02-14,1,CoCo,O.T. Genasis,1,1,11
2015-02-14,2,No Type,Rae Sremmurd,2,1,19
2015-02-14,3,Only,"Nicki Minaj Featuring Drake , Lil Wayne & Chris Brown",4,1,13
2015-02-14,4,I Don't F**k With You,Big Sean Featuring E-40,3,2,16
2015-02-14,5,Gangnam Style,PSY,5,1,81
2015-02-14,6,G.D.F.R.,Flo Rida Featuring Sage The Gemini & Lookas,8,6,5
2015-02-14,7,Anaconda,Nicki Minaj,7,1,26
2015-02-14,8,Fancy,Iggy Azalea Featuring Charli xcx,9,1,48
2015-02-14,9,Time Of Our Lives,Pitbull & Ne-Yo,13,9,5
2015-02-14,10,Black Widow,Iggy Azalea Featuring Rita Ora,10,2,28
2015-02-14,11,No Flex Zone,Rae Sremmurd,11,6,25
2015-02-14,12,Lifestyle,Rich Gang Featuring Young Thug & Rich Homie Quan,12,2,31
2015-02-14,13,Hot Boy,Bobby Shmurda,6,1,27
2015-02-14,14,Try Me,DeJ Loaf,14,10,15
2015-02-14,15,About The Money,T.I. Featuring Young Thug,15,9,31
2015-02-21,1,CoCo,O.T. Genasis,1,1,12
2015-02-21,2,Only,"Nicki Minaj Featuring Drake , Lil Wayne & Chris Brown",3,1,14
2015-02-21,3,No Type,Rae Sremmurd,2,1,20
2015-02-21,4,Hot Boy,Bobby Shmurda,13,1,28
2015-02-21,5,I Don't F**k With You,Big Sean Featuring E-40,4,2,17
2015-02-21,6,Gangnam Style,PSY,5,1,82
2015-02-21,7,G.D.F.R.,Flo Rida Featuring Sage The Gemini & Lookas,6,6,6
2015-02-21,8,Time Of Our Lives,Pitbull & Ne-Yo,9,8,6
2015-02-21,9,Anaconda,Nicki Minaj,7,1,27
2015-02-21,10,Fancy,Iggy Azalea Featuring Charli xcx,8,1,49
2015-02-21,11,Trap Queen,Fetty Wap,19,11,3
2015-02-21,12,No Flex Zone,Rae Sremmurd,11,6,26
2015-02-21,13,Black Widow,Iggy Azalea Featuring Rita Ora,10,2,29
2015-02-21,14,Lifestyle,Rich Gang Featuring Young Thug & Rich Homie Quan,12,2,32
2015-02-21,15,Try Me,DeJ Loaf,14,10,16
2015-02-28,1,CoCo,O.T. Genasis,1,1,13
2015-02-28,2,No Type,Rae Sremmurd,3,1,21
2015-02-28,3,Only,"Nicki Minaj Featuring Drake , Lil Wayne & Chris Brown",2,1,15
2015-02-28,4,Hot Boy,Bobby Shmurda,4,1,29
2015-02-28,5,I Don't F**k With You,Big Sean Featuring E-40,5,2,18
2015-02-28,6,Gangnam Style,PSY,6,1,83
2015-02-28,7,Trap Queen,Fetty Wap,11,7,4
2015-02-28,8,G.D.F.R.,Flo Rida Featuring Sage The Gemini & Lookas,7,6,7
2015-02-28,9,Time Of Our Lives,Pitbull & Ne-Yo,8,8,7
2015-02-28,10,Fancy,Iggy Azalea Featuring Charli xcx,10,1,50
2015-02-28,11,Anaconda,Nicki Minaj,9,1,28
2015-02-28,12,Truffle Butter,Nicki Minaj Featuring Drake & Lil Wayne,21,12,3
2015-02-28,13,No Flex Zone,Rae Sremmurd,12,6,27
2015-02-28,14,Lifestyle,Rich Gang Featuring Young Thug & Rich Homie Quan,14,2,33
2015-02-28,15,Feeling Myself,Nicki Minaj Featuring Beyonce,16,15,9
2015-03-07,1,CoCo,O.T. Genasis,1,1,14
2015-03-07,2,Only,"Nicki Minaj Featuring Drake , Lil Wayne & Chris Brown",3,1,16
2015-03-07,3,No Type,Rae Sremmurd,2,1,22
2015-03-07,4,Hot Boy,Bobby Shmurda,4,1,30
2015-03-07,5,Trap Queen,Fetty Wap,7,5,5
2015-03-07,6,I Don't F**k With You,Big Sean Featuring E-40,5,2,19
2015-03-07,7,Gangnam Style,PSY,6,1,84
2015-03-07,8,Energy,Drake,-,8,1
2015-03-07,9,Legend,Drake,-,9,1
2015-03-07,10,10 Bands,Drake,-,10,1
2015-03-07,11,G.D.F.R.,Flo Rida Featuring Sage The Gemini & Lookas,8,6,8
2015-03-07,12,Know Yourself,Drake,-,12,1
2015-03-07,13,Time Of Our Lives,Pitbull & Ne-Yo,9,8,8
2015-03-07,14,Lifestyle,Rich Gang Featuring Young Thug & Rich Homie Quan,14,2,34
2015-03-07,15,Fancy,Iggy Azalea Featuring Charli xcx,10,1,51
2015-03-14,1,Trap Queen,Fetty Wap,5,1,6
2015-03-14,2,Only,"Nicki Minaj Featuring Drake , Lil Wayne & Chris Brown",2,1,17
2015-03-14,3,No Type,Rae Sremmurd,3,1,23
2015-03-14,4,I Don't F**k With You,Big Sean Featuring E-40,6,2,20
2015-03-14,5,Hot Boy,Bobby Shmurda,4,1,31
2015-03-14,6,CoCo,O.T. Genasis,1,1,15
2015-03-14,7,Gangnam Style,PSY,7,1,85
2015-03-14,8,G.D.F.R.,Flo Rida Featuring Sage The Gemini & Lookas,11,6,9
2015-03-14,9,Legend,Drake,9,9,2
2015-03-14,10,Time Of Our Lives,Pitbull & Ne-Yo,13,8,9
2015-03-14,11,Blessings,Big Sean Featuring Drake,-,11,2
2015-03-14,12,Energy,Drake,8,8,2
2015-03-14,13,Truffle Butter,Nicki Minaj Featuring Drake & Lil Wayne,16,12,5
2015-03-14,14,Know Yourself,Drake,12,12,2
2015-03-14,15,10 Bands,Drake,10,10,2
2015-03-21,1,Trap Queen,Fetty Wap,1,1,7
2015-03-21,2,Blessings,Big Sean Featuring Drake,11,2,3
2015-03-21,3,Only,"Nicki Minaj Featuring Drake , Lil Wayne & Chris Brown",2,1,18
2015-03-21,4,No Type,Rae Sremmurd,3,1,24
2015-03-21,5,I Don't F**k With You,Big Sean Featuring E-40,4,2,21
2015-03-21,6,Hot Boy,Bobby Shmurda,5,1,32
2015-03-21,7,G.D.F.R.,Flo Rida Featuring Sage The Gemini & Lookas,8,6,10
2015-03-21,8,CoCo,O.T. Genasis,6,1,16
2015-03-21,9,Time Of Our Lives,Pitbull & Ne-Yo,10,8,10
2015-03-21,10,Gangnam Style,PSY,7,1,86
2015-03-21,11,Legend,Drake,9,9,3
2015-03-21,12,Energy,Drake,12,8,3
2015-03-21,13,Truffle Butter,Nicki Minaj Featuring Drake & Lil Wayne,13,12,6
2015-03-21,14,Know Yourself,Drake,14,12,3
2015-03-21,15,10 Bands,Drake,15,10,3
2015-03-28,1,Trap Queen,Fetty Wap,1,1,8
2015-03-28,2,Only,"Nicki Minaj Featuring Drake , Lil Wayne & Chris Brown",3,1,19
2015-03-28,3,Blessings,Big Sean Featuring Drake,2,2,4
2015-03-28,4,No Type,Rae Sremmurd,4,1,25
2015-03-28,5,Hot Boy,Bobby Shmurda,6,1,33
2015-03-28,6,I Don't F**k With You,Big Sean Featuring E-40,5,2,22
2015-03-28,7,G.D.F.R.,Flo Rida Featuring Sage The Gemini & Lookas,7,6,11
2015-03-28,8,CoCo,O.T. Genasis,8,1,17
2015-03-28,9,Time Of Our Lives,Pitbull & Ne-Yo,9,8,11
2015-03-28,10,Gangnam Style,PSY,10,1,87
2015-03-28,11,Hypnotize,The Notorious B.I.G.,-,11,1
2015-03-28,12,Truffle Butter,Nicki Minaj Featuring Drake & Lil Wayne,13,12,7
2015-03-28,13,Legend,Drake,11,9,4
2015-03-28,14,Watch Me,Silento,17,14,3
2015-03-28,15,Energy,Drake,12,8,4
2015-04-04,1,Trap Queen,Fetty Wap,1,1,9
2015-04-04,2,Only,"Nicki Minaj Featuring Drake , Lil Wayne & Chris Brown",2,1,20
2015-04-04,3,G.D.F.R.,Flo Rida Featuring Sage The Gemini & Lookas,7,3,12
2015-04-04,4,Hot Boy,Bobby Shmurda,5,1,34
2015-04-04,5,Blessings,Big Sean Featuring Drake,3,2,5
2015-04-04,6,No Type,Rae Sremmurd,4,1,26
2015-04-04,7,I Don't F**k With You,Big Sean Featuring E-40,6,2,23
2015-04-04,8,Truffle Butter,Nicki Minaj Featuring Drake & Lil Wayne,12,8,8
2015-04-04,9,Gangnam Style,PSY,10,1,88
2015-04-04,10,Watch Me,Silento,14,10,4
2015-04-04,11,Time Of Our Lives,Pitbull & Ne-Yo,9,8,12
2015-04-04,12,King Kunta,Kendrick Lamar,-,12,1
2015-04-04,13,Legend,Drake,13,9,5
2015-04-04,14,CoCo,O.T. Genasis,8,1,18
2015-04-04,15,Know Yourself,Drake,16,12,5
2015-04-11,1,Trap Queen,Fetty Wap,1,1,10
2015-04-11,2,G.D.F.R.,Flo Rida Featuring Sage The Gemini & Lookas,3,2,13
2015-04-11,3,Hot Boy,Bobby Shmurda,4,1,35
2015-04-11,4,Blessings,Big Sean Featuring Drake,5,2,6
2015-04-11,5,Only,"Nicki Minaj Featuring Drake , Lil Wayne & Chris Brown",2,1,21
2015-04-11,6,I Don't F**k With You,Big Sean Featuring E-40,7,2,24
2015-04-11,7,Gangnam Style,PSY,9,1,89
2015-04-11,8,Watch Me,Silento,10,8,5
2015-04-11,9,No Type,Rae Sremmurd,6,1,27
2015-04-11,10,Truffle Butter,Nicki Minaj Featuring Drake & Lil Wayne,8,8,9
2015-04-11,11,Time Of Our Lives,Pitbull & Ne-Yo,11,8,13
2015-04-11,12,Legend,Drake,13,9,6
2015-04-11,13,Know Yourself,Drake,15,12,6
2015-04-11,14,Throw Sum Mo,Rae Sremmurd Featuring Nicki Minaj & Young Thug,-,14,3
2015-04-11,15,CoCo,O.T. Genasis,14,1,19
2015-04-18,1,Trap Queen,Fetty Wap,1,1,11
2015-04-18,2,G.D.F.R.,Flo Rida Featuring Sage The Gemini & Lookas,2,2,14
2015-04-18,3,Hot Boy,Bobby Shmurda,3,1,36
2015-04-18,4,Blessings,Big Sean Featuring Drake,4,2,7
2015-04-18,5,Watch Me,Silento,8,5,6
2015-04-18,6,Only,"Nicki Minaj Featuring Drake , Lil Wayne & Chris Brown",5,1,22
2015-04-18,7,Gangnam Style,PSY,7,1,90
2015-04-18,8,I Don't F**k With You,Big Sean Featuring E-40,6,2,25
2015-04-18,9,No Type,Rae Sremmurd,9,1,28
2015-04-18,10,Truffle Butter,Nicki Minaj Featuring Drake & Lil Wayne,10,8,10
2015-04-18,11,See You Again,Wiz Khalifa Featuring Charlie Puth,-,11,1
2015-04-18,12,King Kunta,Kendrick Lamar,17,12,3
2015-04-18,13,Time Of Our Lives,Pitbull & Ne-Yo,11,8,14
2015-04-18,14,Throw Sum Mo,Rae Sremmurd Featuring Nicki Minaj & Young Thug,14,14,4
2015-04-18,15,Legend,Drake,12,9,7
2015-04-25,1,See You Again,Wiz Khalifa Featuring Charlie Puth,11,1,2
2015-04-25,2,Trap Queen,Fetty Wap,1,1,12
2015-04-25,3,G.D.F.R.,Flo Rida Featuring Sage The Gemini & Lookas,2,2,15
2015-04-25,4,Blessings,Big Sean Featuring Drake,4,2,8
2015-04-25,5,Watch Me,Silento,5,5,7
2015-04-25,6,Only,"Nicki Minaj Featuring Drake , Lil Wayne & Chris Brown",6,1,23
2015-04-25,7,Hot Boy,Bobby Shmurda,3,1,37
2015-04-25,8,Throw Sum Mo,Rae Sremmurd Featuring Nicki Minaj & Young Thug,14,8,5
2015-04-25,9,Truffle Butter,Nicki Minaj Featuring Drake & Lil Wayne,10,8,11
2015-04-25,10,Know Yourself,Drake,16,10,8
2015-04-25,11,No Type,Rae Sremmurd,9,1,29
2015-04-25,12,Gangnam Style,PSY,7,1,91
2015-04-25,13,King Kunta,Kendrick Lamar,12,12,4
2015-04-25,14,I Don't F**k With You,Big Sean Featuring E-40,8,2,26
2015-04-25,15,Time Of Our Lives,Pitbull & Ne-Yo,13,8,15
2015-05-02,1,See You Again,Wiz Khalifa Featuring Charlie Puth,1,1,3
2015-05-02,2,Trap Queen,Fetty Wap,2,1,13
2015-05-02,3,G.D.F.R.,Flo Rida Featuring Sage The Gemini & Lookas,3,2,16
2015-05-02,4,Watch Me,Silento,5,4,8
2015-05-02,5,Blessings,Big Sean Featuring Drake,4,2,9
2015-05-02,6,Know Yourself,Drake,10,6,9
2015-05-02,7,Only,"Nicki Minaj Featuring Drake , Lil Wayne & Chris Brown",6,1,24
2015-05-02,8,Hot Boy,Bobby Shmurda,7,1,38
2015-05-02,9,Gangnam Style,PSY,12,1,92
2015-05-02,10,Throw Sum Mo,Rae Sremmurd Featuring Nicki Minaj & Young Thug,8,8,6
2015-05-02,11,Truffle Butter,Nicki Minaj Featuring Drake & Lil Wayne,9,8,12
2015-05-02,12,No Type,Rae Sremmurd,11,1,30
2015-05-02,13,Nasty Freestyle,T-Wayne,-,13,1
2015-05-02,14,Time Of Our Lives,Pitbull & Ne-Yo,15,8,16
2015-05-02,15,I Don't F**k With You,Big Sean Featuring E-40,14,2,27
2015-05-09,1,See You Again,Wiz Khalifa Featuring Charlie Puth,1,1,4
2015-05-09,2,Trap Queen,Fetty Wap,2,1,14
2015-05-09,3,G.D.F.R.,Flo Rida Featuring Sage The Gemini & Lookas,3,2,17
2015-05-09,4,Nasty Freestyle,T-Wayne,13,4,2
2015-05-09,5,Watch Me,Silento,4,4,9
2015-05-09,6,Blessings,Big Sean Featuring Drake,5,2,10
2015-05-09,7,Hot Boy,Bobby Shmurda,8,1,39
2015-05-09,8,Throw Sum Mo,Rae Sremmurd Featuring Nicki Minaj & Young Thug,10,8,7
2015-05-09,9,Only,"Nicki Minaj Featuring Drake , Lil Wayne & Chris Brown",7,1,25
2015-05-09,10,Gangnam Style,PSY,9,1,93
2015-05-09,11,Know Yourself,Drake,6,6,10
2015-05-09,12,Nasty,Bandit Gang Marco Featuring Dro,23,12,2
2015-05-09,13,No Type,Rae Sremmurd,12,1,31
2015-05-09,14,Truffle Butter,Nicki Minaj Featuring Drake & Lil Wayne,11,8,13
2015-05-09,15,Stronger,Kanye West,-,15,1
2015-05-16,1,See You Again,Wiz Khalifa Featuring Charlie Puth,1,1,5
2015-05-16,2,Trap Queen,Fetty Wap,2,1,15
2015-05-16,3,Nasty Freestyle,T-Wayne,4,3,3
2015-05-16,4,G.D.F.R.,Flo Rida Featuring Sage The Gemini & Lookas,3,2,18
2015-05-16,5,Watch Me,Silento,5,4,10
2015-05-16,6,Blessings,Big Sean Featuring Drake,6,2,11
2015-05-16,7,Nasty,Bandit Gang Marco Featuring Dro,12,7,3
2015-05-16,8,Throw Sum Mo,Rae Sremmurd Featuring Nicki Minaj & Young Thug,8,8,8
2015-05-16,9,Gangnam Style,PSY,10,1,94
2015-05-16,10,Hot Boy,Bobby Shmurda,7,1,40
2015-05-16,11,Only,"Nicki Minaj Featuring Drake , Lil Wayne & Chris Brown",9,1,26
2015-05-16,12,No Type,Rae Sremmurd,13,1,32
2015-05-16,13,Know Yourself,Drake,11,6,11
2015-05-16,14,Truffle Butter,Nicki Minaj Featuring Drake & Lil Wayne,14,8,14
2015-05-16,15,I Don't F**k With You,Big Sean Featuring E-40,17,2,29
2015-05-23,1,See You Again,Wiz Khalifa Featuring Charlie Puth,1,1,6
2015-05-23,2,Trap Queen,Fetty Wap,2,1,16
2015-05-23,3,Nasty Freestyle,T-Wayne,3,3,4
2015-05-23,4,G.D.F.R.,Flo Rida Featuring Sage The Gemini & Lookas,4,2,19
2015-05-23,5,Watch Me,Silento,5,4,11
2015-05-23,6,Nasty,Bandit Gang Marco Featuring Dro,7,6,4
2015-05-23,7,Blessings,Big Sean Featuring Drake,6,2,12
2015-05-23,8,I Don't F**k With You,Big Sean Featuring E-40,15,2,30
2015-05-23,9,Throw Sum Mo,Rae Sremmurd Featuring Nicki Minaj & Young Thug,8,8,9
2015-05-23,10,Hot Boy,Bobby Shmurda,10,1,41
2015-05-23,11,Gangnam Style,PSY,9,1,95
2015-05-23,12,No Type,Rae Sremmurd,12,1,33
2015-05-23,13,Only,"Nicki Minaj Featuring Drake , Lil Wayne & Chris Brown",11,1,27
2015-05-23,14,Know Yourself,Drake,13,6,12
2015-05-23,15,Flex (Ooh Ooh Ooh),Rich Homie Quan,17,15,2
2015-05-30,1,See You Again,Wiz Khalifa Featuring Charlie Puth,1,1,7
2015-05-30,2,Trap Queen,Fetty Wap,2,1,17
2015-05-30,3,Nasty Freestyle,T-Wayne,3,3,5
2015-05-30,4,Nasty,Bandit Gang Marco Featuring Dro,6,4,5
2015-05-30,5,G.D.F.R.,Flo Rida Featuring Sage The Gemini & Lookas,4,2,20
2015-05-30,6,Watch Me,Silento,5,4,12
2015-05-30,7,Blessings,Big Sean Featuring Drake,7,2,13
2015-05-30,8,Throw Sum Mo,Rae Sremmurd Featuring Nicki Minaj & Young Thug,9,8,10
2015-05-30,9,Gangnam Style,PSY,11,1,96
2015-05-30,10,Know Yourself,Drake,14,6,13
2015-05-30,11,Time Of Our Lives,Pitbull & Ne-Yo,16,8,20
2015-05-30,12,Only,"Nicki Minaj Featuring Drake , Lil Wayne & Chris Brown",13,1,28
2015-05-30,13,Hot Boy,Bobby Shmurda,10,1,42
2015-05-30,14,I Don't F**k With You,Big Sean Featuring E-40,8,2,31
2015-05-30,15,Be Real,Kid Ink Featuring DeJ Loaf,18,15,4
2015-06-06,1,See You Again,Wiz Khalifa Featuring Charlie Puth,1,1,8
2015-06-06,2,Trap Queen,Fetty Wap,2,1,18
2015-06-06,3,Nasty Freestyle,T-Wayne,3,3,6
2015-06-06,4,Nasty,Bandit Gang Marco Featuring Dro,4,4,6
2015-06-06,5,Watch Me,Silento,6,4,13
2015-06-06,6,G.D.F.R.,Flo Rida Featuring Sage The Gemini & Lookas,5,2,21
2015-06-06,7,Feeling Myself,Nicki Minaj Featuring Beyonce,-,7,16
2015-06-06,8,Flex (Ooh Ooh Ooh),Rich Homie Quan,17,8,4
2015-06-06,9,Blessings,Big Sean Featuring Drake,7,2,14
2015-06-06,10,Throw Sum Mo,Rae Sremmurd Featuring Nicki Minaj & Young Thug,8,8,11
2015-06-06,11,Gangnam Style,PSY,9,1,97
2015-06-06,12,Be Real,Kid Ink Featuring DeJ Loaf,15,12,5
2015-06-06,13,Only,"Nicki Minaj Featuring Drake , Lil Wayne & Chris Brown",12,1,29
2015-06-06,14,Know Yourself,Drake,10,6,14
2015-06-06,15,No Type,Rae Sremmurd,-,1,34
2015-06-13,1,See You Again,Wiz Khalifa Featuring Charlie Puth,1,1,9
2015-06-13,2,Trap Queen,Fetty Wap,2,1,19
2015-06-13,3,Nasty Freestyle,T-Wayne,3,3,7
2015-06-13,4,Watch Me,Silento,5,4,14
2015-06-13,5,Flex (Ooh Ooh Ooh),Rich Homie Quan,8,5,5
2015-06-13,6,Nasty,Bandit Gang Marco Featuring Dro,4,4,7
2015-06-13,7,G.D.F.R.,Flo Rida Featuring Sage The Gemini & Lookas,6,2,22
2015-06-13,8,Blessings,Big Sean Featuring Drake,9,2,15
2015-06-13,9,Be Real,Kid Ink Featuring DeJ Loaf,12,9,6
2015-06-13,10,Lose Yourself,Eminem,-,10,3
2015-06-13,11,Throw Sum Mo,Rae Sremmurd Featuring Nicki Minaj & Young Thug,10,8,12
2015-06-13,12,Gangnam Style,PSY,11,1,98
2015-06-13,13,No Type,Rae Sremmurd,15,1,35
2015-06-13,14,Feeling Myself,Nicki Minaj Featuring Beyonce,7,7,17
2015-06-13,15,The Night Is Still Young,Nicki Minaj,-,15,1
2015-06-20,1,Trap Queen,Fetty Wap,2,1,20
2015-06-20,2,See You Again,Wiz Khalifa Featuring Charlie Puth,1,1,10
2015-06-20,3,Nasty Freestyle,T-Wayne,3,3,8
2015-06-20,4,Watch Me,Silento,4,4,15
2015-06-20,5,Flex (Ooh Ooh Ooh),Rich Homie Quan,5,5,6
2015-06-20,6,G.D.F.R.,Flo Rida Featuring Sage The Gemini & Lookas,7,2,23
2015-06-20,7,Blessings,Big Sean Featuring Drake,8,2,16
2015-06-20,8,Nasty,Bandit Gang Marco Featuring Dro,6,4,8
2015-06-20,9,Be Real,Kid Ink Featuring DeJ Loaf,9,9,7
2015-06-20,10,Gangnam Style,PSY,12,1,99
2015-06-20,11,The Night Is Still Young,Nicki Minaj,15,11,2
2015-06-20,12,Throw Sum Mo,Rae Sremmurd Featuring Nicki Minaj & Young Thug,11,8,13
2015-06-20,13,No Type,Rae Sremmurd,13,1,36
2015-06-20,14,Commas,Future,16,14,5
2015-06-20,15,Feeling Myself,Nicki Minaj Featuring Beyonce,14,7,18
2015-06-27,1,Trap Queen,Fetty Wap,1,1,21
2015-06-27,2,See You Again,Wiz Khalifa Featuring Charlie Puth,2,1,11
2015-06-27,3,Nasty Freestyle,T-Wayne,3,3,9
2015-06-27,4,Watch Me,Silento,4,4,16
2015-06-27,5,Flex (Ooh Ooh Ooh),Rich Homie Quan,5,5,7
2015-06-27,6,G.D.F.R.,Flo Rida Featuring Sage The Gemini & Lookas,6,2,24
2015-06-27,7,Be Real,Kid Ink Featuring DeJ Loaf,9,7,8
2015-06-27,8,Blessings,Big Sean Featuring Drake,7,2,17
2015-06-27,9,The Night Is Still Young,Nicki Minaj,11,9,3
2015-06-27,10,Gangnam Style,PSY,10,1,100
2015-06-27,11,Nasty,Bandit Gang Marco Featuring Dro,8,4,9
2015-06-27,12,Commas,Future,14,12,6
2015-06-27,13,No Type,Rae Sremmurd,13,1,37
2015-06-27,14,Throw Sum Mo,Rae Sremmurd Featuring Nicki Minaj & Young Thug,12,8,14
2015-06-27,15,Know Yourself,Drake,16,6,17
2015-07-04,1,Trap Queen,Fetty Wap,1,1,22
2015-07-04,2,See You Again,Wiz Khalifa Featuring Charlie Puth,2,1,12
2015-07-04,3,Watch Me,Silento,4,3,17
2015-07-04,4,Nasty Freestyle,T-Wayne,3,3,10
2015-07-04,5,Flex (Ooh Ooh Ooh),Rich Homie Quan,5,5,8
2015-07-04,6,G.D.F.R.,Flo Rida Featuring Sage The Gemini & Lookas,6,2,25
2015-07-04,7,Be Real,Kid Ink Featuring DeJ Loaf,7,7,9
2015-07-04,8,The Night Is Still Young,Nicki Minaj,9,8,4
2015-07-04,9,Blessings,Big Sean Featuring Drake,8,2,18
2015-07-04,10,Hot Boy,Bobby Shmurda,-,1,44
2015-07-04,11,Gangnam Style,PSY,10,1,101
2015-07-04,12,Commas,Future,12,12,7
2015-07-04,13,No Type,Rae Sremmurd,13,1,38
2015-07-04,14,Throw Sum Mo,Rae Sremmurd Featuring Nicki Minaj & Young Thug,14,8,15
2015-07-04,15,Time Of Our Lives,Pitbull & Ne-Yo,16,8,25
2015-07-11,1,Trap Queen,Fetty Wap,1,1,23
2015-07-11,2,See You Again,Wiz Khalifa Featuring Charlie Puth,2,1,13
2015-07-11,3,Watch Me,Silento,3,3,18
2015-07-11,4,Nasty Freestyle,T-Wayne,4,3,11
2015-07-11,5,Flex (Ooh Ooh Ooh),Rich Homie Quan,5,5,9
2015-07-11,6,G.D.F.R.,Flo Rida Featuring Sage The Gemini & Lookas,6,2,26
2015-07-11,7,Be Real,Kid Ink Featuring DeJ Loaf,7,7,10
2015-07-11,8,The Night Is Still Young,Nicki Minaj,8,8,5
2015-07-11,9,Blessings,Big Sean Featuring Drake,9,2,19
2015-07-11,10,Hot Boy,Bobby Shmurda,10,1,45
2015-07-11,11,Gangnam Style,PSY,11,1,102
2015-07-11,12,Commas,Future,12,12,8
2015-07-11,13,No Type,Rae Sremmurd,13,1,39
2015-07-11,14,I Don't F**k With You,Big Sean Featuring E-40,18,2,37
2015-07-11,15,Know Yourself,Drake,16,6,19
2015-07-18,1,Trap Queen,Fetty Wap,1,1,24
2015-07-18,2,Watch Me,Silento,3,2,19
2015-07-18,3,See You Again,Wiz Khalifa Featuring Charlie Puth,2,1,14
2015-07-18,4,Nasty Freestyle,T-Wayne,4,3,12
2015-07-18,5,Flex (Ooh Ooh Ooh),Rich Homie Quan,5,5,10
2015-07-18,6,All Eyes On You,Meek Mill Featuring Chris Brown & Nicki Minaj,-,6,1
2015-07-18,7,G.D.F.R.,Flo Rida Featuring Sage The Gemini & Lookas,6,2,27
2015-07-18,8,Be Real,Kid Ink Featuring DeJ Loaf,7,7,11
2015-07-18,9,Blessings,Big Sean Featuring Drake,9,2,20
2015-07-18,10,The Night Is Still Young,Nicki Minaj,8,8,6
2015-07-18,11,Gangnam Style,PSY,11,1,103
2015-07-18,12,679,Fetty Wap Featuring Remy Boyz,-,12,1
2015-07-18,13,I Don't F**k With You,Big Sean Featuring E-40,14,2,38
2015-07-18,14,Fun,Pitbull Featuring Chris Brown,17,14,3
2015-07-18,15,Commas,Future,12,12,9
2015-07-25,1,Trap Queen,Fetty Wap,1,1,25
2015-07-25,2,Watch Me,Silento,2,2,20
2015-07-25,3,See You Again,Wiz Khalifa Featuring Charlie Puth,3,1,15
2015-07-25,4,Nasty Freestyle,T-Wayne,4,3,13
2015-07-25,5,679,Fetty Wap Featuring Remy Boyz,12,5,2
2015-07-25,6,Flex (Ooh Ooh Ooh),Rich Homie Quan,5,5,11
2015-07-25,7,All Eyes On You,Meek Mill Featuring Chris Brown & Nicki Minaj,6,6,2
2015-07-25,8,R.I.C.O.,Meek Mill Featuring Drake,23,8,2
2015-07-25,9,G.D.F.R.,Flo Rida Featuring Sage The Gemini & Lookas,7,2,28
2015-07-25,10,Be Real,Kid Ink Featuring DeJ Loaf,8,7,12
2015-07-25,11,Blessings,Big Sean Featuring Drake,9,2,21
2015-07-25,12,The Night Is Still Young,Nicki Minaj,10,8,7
2015-07-25,13,Gangnam Style,PSY,11,1,104
2015-07-25,14,Fun,Pitbull Featuring Chris Brown,14,14,4
2015-07-25,15,I Don't F**k With You,Big Sean Featuring E-40,13,2,39
2015-08-01,1,Trap Queen,Fetty Wap,1,1,26
2015-08-01,2,Watch Me,Silento,2,2,21
2015-08-01,3,See You Again,Wiz Khalifa Featuring Charlie Puth,3,1,16
2015-08-01,4,679,Fetty Wap Featuring Remy Boyz,5,4,3
2015-08-01,5,All Eyes On You,Meek Mill Featuring Chris Brown & Nicki Minaj,7,5,3
2015-08-01,6,Nasty Freestyle,T-Wayne,4,3,14
2015-08-01,7,Flex (Ooh Ooh Ooh),Rich Homie Quan,6,5,12
2015-08-01,8,R.I.C.O.,Meek Mill Featuring Drake,8,8,3
2015-08-01,9,G.D.F.R.,Flo Rida Featuring Sage The Gemini & Lookas,9,2,29
2015-08-01,10,Gangnam Style,PSY,13,1,105
2015-08-01,11,The Night Is Still Young,Nicki Minaj,12,8,8
2015-08-01,12,Blessings,Big Sean Featuring Drake,11,2,22
2015-08-01,13,Be Real,Kid Ink Featuring DeJ Loaf,10,7,13
2015-08-01,14,Fun,Pitbull Featuring Chris Brown,14,14,5
2015-08-01,15,I Don't F**k With You,Big Sean Featuring E-40,15,2,40
2015-08-08,1,Watch Me,Silento,2,1,22
2015-08-08,2,Trap Queen,Fetty Wap,1,1,27
2015-08-08,3,See You Again,Wiz Khalifa Featuring Charlie Puth,3,1,17
2015-08-08,4,679,Fetty Wap Featuring Remy Boyz,4,4,4
2015-08-08,5,All Eyes On You,Meek Mill Featuring Chris Brown & Nicki Minaj,5,5,4
2015-08-08,6,My Way,Fetty Wap Featuring Monty,-,6,1
2015-08-08,7,Nasty Freestyle,T-Wayne,6,3,15
2015-08-08,8,Flex (Ooh Ooh Ooh),Rich Homie Quan,7,5,13
2015-08-08,9,R.I.C.O.,Meek Mill Featuring Drake,8,8,4
2015-08-08,10,Be Real,Kid Ink Featuring DeJ Loaf,13,7,14
2015-08-08,11,G.D.F.R.,Flo Rida Featuring Sage The Gemini & Lookas,9,2,30
2015-08-08,12,Gangnam Style,PSY,10,1,106
2015-08-08,13,The Night Is Still Young,Nicki Minaj,11,8,9
2015-08-08,14,Blessings,Big Sean Featuring Drake,12,2,23
2015-08-08,15,I Don't F**k With You,Big Sean Featuring E-40,15,2,41
2015-08-15,1,Watch Me,Silento,1,1,23
2015-08-15,2,Trap Queen,Fetty Wap,2,1,28
2015-08-15,3,My Way,Fetty Wap Featuring Monty,6,3,2
2015-08-15,4,See You Again,Wiz Khalifa Featuring Charlie Puth,3,1,18
2015-08-15,5,679,Fetty Wap Featuring Remy Boyz,4,4,5
2015-08-15,6,All Eyes On You,Meek Mill Featuring Chris Brown & Nicki Minaj,5,5,5
2015-08-15,7,R.I.C.O.,Meek Mill Featuring Drake,9,7,5
2015-08-15,8,Nasty Freestyle,T-Wayne,7,3,16
2015-08-15,9,Flex (Ooh Ooh Ooh),Rich Homie Quan,8,5,14
2015-08-15,10,This Could Be Us,Rae Sremmurd,16,10,4
2015-08-15,11,Be Real,Kid Ink Featuring DeJ Loaf,10,7,15
2015-08-15,12,The Night Is Still Young,Nicki Minaj,13,8,10
2015-08-15,13,G.D.F.R.,Flo Rida Featuring Sage The Gemini & Lookas,11,2,31
2015-08-15,14,Gangnam Style,PSY,12,1,107
2015-08-15,15,Fun,Pitbull Featuring Chris Brown,17,14,7
2015-08-22,1,Watch Me,Silento,1,1,24
2015-08-22,2,Trap Queen,Fetty Wap,2,1,29
2015-08-22,3,My Way,Fetty Wap Featuring Monty,3,3,3
2015-08-22,4,See You Again,Wiz Khalifa Featuring Charlie Puth,4,1,19
2015-08-22,5,679,Fetty Wap Featuring Remy Boyz,5,4,6
2015-08-22,6,Nasty Freestyle,T-Wayne,8,3,17
2015-08-22,7,Flex (Ooh Ooh Ooh),Rich Homie Quan,9,5,15
2015-08-22,8,R.I.C.O.,Meek Mill Featuring Drake,7,7,6
2015-08-22,9,Back To Back,Drake,-,9,1
2015-08-22,10,This Could Be Us,Rae Sremmurd,10,10,5
2015-08-22,11,Be Real,Kid Ink Featuring DeJ Loaf,11,7,16
2015-08-22,12,All Eyes On You,Meek Mill Featuring Chris Brown & Nicki Minaj,6,5,6
2015-08-22,13,The Night Is Still Young,Nicki Minaj,12,8,11
2015-08-22,14,Gangnam Style,PSY,14,1,108
2015-08-22,15,"I Don't Like It, I Love It",Flo Rida Featuring Robin Thicke & Verdine White,17,15,4
2015-08-29,1,Watch Me,Silento,1,1,25
2015-08-29,2,Trap Queen,Fetty Wap,2,1,30
2015-08-29,3,679,Fetty Wap Featuring Remy Boyz,5,3,7
2015-08-29,4,My Way,Fetty Wap Featuring Monty,3,3,4
2015-08-29,5,See You Again,Wiz Khalifa Featuring Charlie Puth,4,1,20
2015-08-29,6,Nasty Freestyle,T-Wayne,6,3,18
2015-08-29,7,Flex (Ooh Ooh Ooh),Rich Homie Quan,7,5,16
2015-08-29,8,Back To Back,Drake,9,8,2
2015-08-29,9,This Could Be Us,Rae Sremmurd,10,9,6
2015-08-29,10,R.I.C.O.,Meek Mill Featuring Drake,8,7,7
2015-08-29,11,Hotline Bling,Drake,-,11,1
2015-08-29,12,All Eyes On You,Meek Mill Featuring Chris Brown & Nicki Minaj,12,5,7
2015-08-29,13,Be Real,Kid Ink Featuring DeJ Loaf,11,7,17
2015-08-29,14,"I Don't Like It, I Love It",Flo Rida Featuring Robin Thicke & Verdine White,15,14,5
2015-08-29,15,Gangnam Style,PSY,14,1,109
2015-09-05,1,Watch Me,Silento,1,1,26
2015-09-05,2,Trap Queen,Fetty Wap,2,1,31
2015-09-05,3,679,Fetty Wap Featuring Remy Boyz,3,3,8
2015-09-05,4,My Way,Fetty Wap Featuring Monty,4,3,5
2015-09-05,5,See You Again,Wiz Khalifa Featuring Charlie Puth,5,1,21
2015-09-05,6,Hit The Quan,iLoveMemphis,-,6,1
2015-09-05,7,Straight Outta Compton,N.W.A,-,7,1
2015-09-05,8,Hotline Bling,Drake,11,8,2
2015-09-05,9,Flex (Ooh Ooh Ooh),Rich Homie Quan,7,5,17
2015-09-05,10,Nasty Freestyle,T-Wayne,6,3,19
2015-09-05,11,Again,Fetty Wap,23,11,2
2015-09-05,12,Back To Back,Drake,8,8,3
2015-09-05,13,This Could Be Us,Rae Sremmurd,9,9,7
2015-09-05,14,Boyz-N-The Hood,Eazy-E,-,14,1
2015-09-05,15,R.I.C.O.,Meek Mill Featuring Drake,10,7,8
2015-09-12,1,Watch Me,Silento,1,1,27
2015-09-12,2,Trap Queen,Fetty Wap,2,1,32
2015-09-12,3,679,Fetty Wap Featuring Remy Boyz,3,3,9
2015-09-12,4,My Way,Fetty Wap Featuring Monty,4,3,6
2015-09-12,5,Hit The Quan,iLoveMemphis,6,5,2
2015-09-12,6,See You Again,Wiz Khalifa Featuring Charlie Puth,5,1,22
2015-09-12,7,Hotline Bling,Drake,8,7,3
2015-09-12,8,All Eyes On You,Meek Mill Featuring Chris Brown & Nicki Minaj,18,5,9
2015-09-12,9,Again,Fetty Wap,11,9,3
2015-09-12,10,Flex (Ooh Ooh Ooh),Rich Homie Quan,9,5,18
2015-09-12,11,Back To Back,Drake,12,8,4
2015-09-12,12,Nasty Freestyle,T-Wayne,10,3,20
2015-09-12,13,This Could Be Us,Rae Sremmurd,13,9,8
2015-09-12,14,Straight Outta Compton,N.W.A,7,7,2
2015-09-12,15,Where Ya At,Future Featuring Drake,-,15,3
2015-09-19,1,Watch Me,Silento,1,1,28
2015-09-19,2,679,Fetty Wap Featuring Remy Boyz,3,2,10
2015-09-19,3,Trap Queen,Fetty Wap,2,1,33
2015-09-19,4,My Way,Fetty Wap Featuring Monty,4,3,7
2015-09-19,5,Hit The Quan,iLoveMemphis,5,5,3
2015-09-19,6,See You Again,Wiz Khalifa Featuring Charlie Puth,6,1,23
2015-09-19,7,Hotline Bling,Drake,7,7,4
2015-09-19,8,All Eyes On You,Meek Mill Featuring Chris Brown & Nicki Minaj,8,5,10
2015-09-19,9,Back To Back,Drake,11,8,5
2015-09-19,10,Flex (Ooh Ooh Ooh),Rich Homie Quan,10,5,19
2015-09-19,11,Downtown,"Macklemore & Ryan Lewis Featuring Eric Nally, Melle Mel, Kool Moe Dee & Grandmaster Caz",-,11,1
2015-09-19,12,Again,Fetty Wap,9,9,4
2015-09-19,13,Where Ya At,Future Featuring Drake,15,13,4
2015-09-19,14,This Could Be Us,Rae Sremmurd,13,9,9
2015-09-19,15,Nasty Freestyle,T-Wayne,12,3,21
2015-09-26,1,Watch Me,Silento,1,1,29
2015-09-26,2,679,Fetty Wap Featuring Remy Boyz,2,2,11
2015-09-26,3,Trap Queen,Fetty Wap,3,1,34
2015-09-26,4,Hit The Quan,iLoveMemphis,5,4,4
2015-09-26,5,My Way,Fetty Wap Featuring Monty,4,3,8
2015-09-26,6,Hotline Bling,Drake,7,6,5
2015-09-26,7,See You Again,Wiz Khalifa Featuring Charlie Puth,6,1,24
2015-09-26,8,All Eyes On You,Meek Mill Featuring Chris Brown & Nicki Minaj,8,5,11
2015-09-26,9,Back To Back,Drake,9,8,6
2015-09-26,10,Flex (Ooh Ooh Ooh),Rich Homie Quan,10,5,20
2015-09-26,11,Where Ya At,Future Featuring Drake,13,11,5
2015-09-26,12,Again,Fetty Wap,12,9,5
2015-09-26,13,Downtown,"Macklemore & Ryan Lewis Featuring Eric Nally, Melle Mel, Kool Moe Dee & Grandmaster Caz",11,11,2
2015-09-26,14,This Could Be Us,Rae Sremmurd,14,9,10
2015-09-26,15,Nasty Freestyle,T-Wayne,15,3,22
2015-10-03,1,Watch Me,Silento,1,1,30
2015-10-03,2,679,Fetty Wap Featuring Remy Boyz,2,2,12
2015-10-03,3,Hotline Bling,Drake,6,3,6
2015-10-03,4,Trap Queen,Fetty Wap,3,1,35
2015-10-03,5,Hit The Quan,iLoveMemphis,4,4,5
2015-10-03,6,My Way,Fetty Wap Featuring Monty,5,3,9
2015-10-03,7,All Eyes On You,Meek Mill Featuring Chris Brown & Nicki Minaj,8,5,12
2015-10-03,8,See You Again,Wiz Khalifa Featuring Charlie Puth,7,1,25
2015-10-03,9,Back To Back,Drake,9,8,7
2015-10-03,10,Downtown,"Macklemore & Ryan Lewis Featuring Eric Nally, Melle Mel, Kool Moe Dee & Grandmaster Caz",13,10,3
2015-10-03,11,Where Ya At,Future Featuring Drake,11,11,6
2015-10-03,12,Again,Fetty Wap,12,9,6
2015-10-03,13,Flex (Ooh Ooh Ooh),Rich Homie Quan,10,5,21
2015-10-03,14,This Could Be Us,Rae Sremmurd,14,9,11
2015-10-03,15,Energy,Drake,16,8,25
2015-10-10,1,Watch Me,Silento,1,1,31
2015-10-10,2,679,Fetty Wap Featuring Remy Boyz,2,2,13
2015-10-10,3,Hotline Bling,Drake,3,3,7
2015-10-10,4,Trap Queen,Fetty Wap,4,1,36
2015-10-10,5,Hit The Quan,iLoveMemphis,5,4,6
2015-10-10,6,My Way,Fetty Wap Featuring Monty,6,3,10
2015-10-10,7,See You Again,Wiz Khalifa Featuring Charlie Puth,8,1,26
2015-10-10,8,Where Ya At,Future Featuring Drake,11,8,7
2015-10-10,9,All Eyes On You,Meek Mill Featuring Chris Brown & Nicki Minaj,7,5,13
2015-10-10,10,Back To Back,Drake,9,8,8
2015-10-10,11,Downtown,"Macklemore & Ryan Lewis Featuring Eric Nally, Melle Mel, Kool Moe Dee & Grandmaster Caz",10,10,4
2015-10-10,12,Again,Fetty Wap,12,9,7
2015-10-10,13,Flex (Ooh Ooh Ooh),Rich Homie Quan,13,5,22
2015-10-10,14,Energy,Drake,15,8,26
2015-10-10,15,Jumpman,Drake & Future,-,15,1
2015-10-17,1,Watch Me,Silento,1,1,32
2015-10-17,2,679,Fetty Wap Featuring Remy Boyz,2,2,14
2015-10-17,3,Hotline Bling,Drake,3,3,8
2015-10-17,4,Trap Queen,Fetty Wap,4,1,37
2015-10-17,5,Hit The Quan,iLoveMemphis,5,4,7
2015-10-17,6,My Way,Fetty Wap Featuring Monty,6,3,11
2015-10-17,7,Jumpman,Drake & Future,15,7,2
2015-10-17,8,See You Again,Wiz Khalifa Featuring Charlie Puth,7,1,27
2015-10-17,9,Again,Fetty Wap,12,9,8
2015-10-17,10,Diamonds Dancing,Drake & Future,21,10,2
2015-10-17,11,Where Ya At,Future Featuring Drake,8,8,8
2015-10-17,12,Back To Back,Drake,10,8,9
2015-10-17,13,All Eyes On You,Meek Mill Featuring Chris Brown & Nicki Minaj,9,5,14
2015-10-17,14,Big Rings,Drake & Future,24,14,2
2015-10-17,15,Digital Dash,Drake & Future,23,15,2
2015-10-24,1,Watch Me,Silento,1,1,33
2015-10-24,2,Hotline Bling,Drake,3,2,9
2015-10-24,3,679,Fetty Wap Featuring Remy Boyz,2,2,15
2015-10-24,4,Hit The Quan,iLoveMemphis,5,4,8
2015-10-24,5,Jumpman,Drake & Future,7,5,3
2015-10-24,6,Trap Queen,Fetty Wap,4,1,38
2015-10-24,7,My Way,Fetty Wap Featuring Monty,6,3,12
2015-10-24,8,See You Again,Wiz Khalifa Featuring Charlie Puth,8,1,28
2015-10-24,9,Where Ya At,Future Featuring Drake,11,8,9
2015-10-24,10,Again,Fetty Wap,9,9,9
2015-10-24,11,Diamonds Dancing,Drake & Future,10,10,3
2015-10-24,12,Big Rings,Drake & Future,14,12,3
2015-10-24,13,Downtown,"Macklemore & Ryan Lewis Featuring Eric Nally, Melle Mel, Kool Moe Dee & Grandmaster Caz",16,10,6
2015-10-24,14,All Eyes On You,Meek Mill Featuring Chris Brown & Nicki Minaj,13,5,15
2015-10-24,15,Back To Back,Drake,12,8,10
2015-10-31,1,Hotline Bling,Drake,2,1,10
2015-10-31,2,Watch Me,Silento,1,1,34
2015-10-31,3,679,Fetty Wap Featuring Remy Boyz,3,2,16
2015-10-31,4,Jumpman,Drake & Future,5,4,4
2015-10-31,5,Hit The Quan,iLoveMemphis,4,4,9
2015-10-31,6,Trap Queen,Fetty Wap,6,1,39
2015-10-31,7,My Way,Fetty Wap Featuring Monty,7,3,13
2015-10-31,8,See You Again,Wiz Khalifa Featuring Charlie Puth,8,1,29
2015-10-31,9,Where Ya At,Future Featuring Drake,9,8,10
2015-10-31,10,Again,Fetty Wap,10,9,10
2015-10-31,11,Downtown,"Macklemore & Ryan Lewis Featuring Eric Nally, Melle Mel, Kool Moe Dee & Grandmaster Caz",13,10,7
2015-10-31,12,Big Rings,Drake & Future,12,12,4
2015-10-31,13,Diamonds Dancing,Drake & Future,11,10,4
2015-10-31,14,All Eyes On You,Meek Mill Featuring Chris Brown & Nicki Minaj,14,5,16
2015-10-31,15,Antidote,Travis Scott,20,15,4
2015-11-07,1,Watch Me,Silento,2,1,35
2015-11-07,2,679,Fetty Wap Featuring Remy Boyz,3,2,17
2015-11-07,3,Hotline Bling,Drake,1,1,11
2015-11-07,4,Jumpman,Drake & Future,4,4,5
2015-11-07,5,Trap Queen,Fetty Wap,6,1,40
2015-11-07,6,Hit The Quan,iLoveMemphis,5,4,10
2015-11-07,7,My Way,Fetty Wap Featuring Monty,7,3,14
2015-11-07,8,Where Ya At,Future Featuring Drake,9,8,11
2015-11-07,9,See You Again,Wiz Khalifa Featuring Charlie Puth,8,1,30
2015-11-07,10,Downtown,"Macklemore & Ryan Lewis Featuring Eric Nally, Melle Mel, Kool Moe Dee & Grandmaster Caz",11,10,8
2015-11-07,11,Antidote,Travis Scott,15,11,5
2015-11-07,12,Again,Fetty Wap,10,9,11
2015-11-07,13,Big Rings,Drake & Future,12,12,5
2015-11-07,14,Back To Back,Drake,16,8,12
2015-11-07,15,Energy,Drake,18,8,30
2015-11-14,1,Hotline Bling,Drake,3,1,12
2015-11-14,2,Watch Me,Silento,1,1,36
2015-11-14,3,679,Fetty Wap Featuring Remy Boyz,2,2,18
2015-11-14,4,Jumpman,Drake & Future,4,4,6
2015-11-14,5,Trap Queen,Fetty Wap,5,1,41
2015-11-14,6,Hit The Quan,iLoveMemphis,6,4,11
2015-11-14,7,My Way,Fetty Wap Featuring Monty,7,3,15
2015-11-14,8,Antidote,Travis Scott,11,8,6
2015-11-14,9,Downtown,"Macklemore & Ryan Lewis Featuring Eric Nally, Melle Mel, Kool Moe Dee & Grandmaster Caz",10,9,9
2015-11-14,10,See You Again,Wiz Khalifa Featuring Charlie Puth,9,1,31
2015-11-14,11,Where Ya At,Future Featuring Drake,8,8,12
2015-11-14,12,Again,Fetty Wap,12,9,12
2015-11-14,13,White Iverson,Post Malone,19,13,4
2015-11-14,14,Back To Back,Drake,14,8,13
2015-11-14,15,Big Rings,Drake & Future,13,12,6
2015-11-21,1,Hotline Bling,Drake,1,1,13
2015-11-21,2,Watch Me,Silento,2,1,37
2015-11-21,3,679,Fetty Wap Featuring Remy Boyz,3,2,19
2015-11-21,4,Jumpman,Drake & Future,4,4,7
2015-11-21,5,Trap Queen,Fetty Wap,5,1,42
2015-11-21,6,Hit The Quan,iLoveMemphis,6,4,12
2015-11-21,7,My Way,Fetty Wap Featuring Monty,7,3,16
2015-11-21,8,Antidote,Travis Scott,8,8,7
2015-11-21,9,Downtown,"Macklemore & Ryan Lewis Featuring Eric Nally, Melle Mel, Kool Moe Dee & Grandmaster Caz",9,9,10
2015-11-21,10,Where Ya At,Future Featuring Drake,11,8,13
2015-11-21,11,See You Again,Wiz Khalifa Featuring Charlie Puth,10,1,32
2015-11-21,12,Again,Fetty Wap,12,9,13
2015-11-21,13,White Iverson,Post Malone,13,13,5
2015-11-21,14,Back To Back,Drake,14,8,14
2015-11-21,15,Energy,Drake,16,8,32
2015-11-28,1,Hotline Bling,Drake,1,1,14
2015-11-28,2,679,Fetty Wap Featuring Remy Boyz,3,2,20
2015-11-28,3,Watch Me,Silento,2,1,38
2015-11-28,4,Jumpman,Drake & Future,4,4,8
2015-11-28,5,Trap Queen,Fetty Wap,5,1,43
2015-11-28,6,Hit The Quan,iLoveMemphis,6,4,13
2015-11-28,7,My Way,Fetty Wap Featuring Monty,7,3,17
2015-11-28,8,Antidote,Travis Scott,8,8,8
2015-11-28,9,See You Again,Wiz Khalifa Featuring Charlie Puth,11,1,33
2015-11-28,10,Where Ya At,Future Featuring Drake,10,8,14
2015-11-28,11,Again,Fetty Wap,12,9,14
2015-11-28,12,Do It Like Me,DLOW,-,12,1
2015-11-28,13,Downtown,"Macklemore & Ryan Lewis Featuring Eric Nally, Melle Mel, Kool Moe Dee & Grandmaster Caz",9,9,11
2015-11-28,14,White Iverson,Post Malone,13,13,6
2015-11-28,15,Come Get Her,Rae Sremmurd,17,15,4
2015-12-05,1,Hotline Bling,Drake,1,1,15
2015-12-05,2,Watch Me,Silento,3,1,39
2015-12-05,3,679,Fetty Wap Featuring Remy Boyz,2,2,21
2015-12-05,4,Jumpman,Drake & Future,4,4,9
2015-12-05,5,Trap Queen,Fetty Wap,5,1,44
2015-12-05,6,Hit The Quan,iLoveMemphis,6,4,14
2015-12-05,7,Antidote,Travis Scott,8,7,9
2015-12-05,8,My Way,Fetty Wap Featuring Monty,7,3,18
2015-12-05,9,WTF (Where They From),Missy Elliott Featuring Pharrell Williams,-,9,1
2015-12-05,10,Where Ya At,Future Featuring Drake,10,8,15
2015-12-05,11,See You Again,Wiz Khalifa Featuring Charlie Puth,9,1,34
2015-12-05,12,White Iverson,Post Malone,14,12,7
2015-12-05,13,Again,Fetty Wap,11,9,15
2015-12-05,14,Big Rings,Drake & Future,17,12,9
2015-12-05,15,No Role Modelz,J. Cole,18,15,16
2015-12-12,1,Hotline Bling,Drake,1,1,16
2015-12-12,2,Watch Me,Silento,2,1,40
2015-12-12,3,679,Fetty Wap Featuring Remy Boyz,3,2,22
2015-12-12,4,Jumpman,Drake & Future,4,4,10
2015-12-12,5,Hit The Quan,iLoveMemphis,6,4,15
2015-12-12,6,Trap Queen,Fetty Wap,5,1,45
2015-12-12,7,Antidote,Travis Scott,7,7,10
2015-12-12,8,My Way,Fetty Wap Featuring Monty,8,3,19
2015-12-12,9,Do It Like Me,DLOW,22,9,3
2015-12-12,10,Where Ya At,Future Featuring Drake,10,8,16
2015-12-12,11,See You Again,Wiz Khalifa Featuring Charlie Puth,11,1,35
2015-12-12,12,White Iverson,Post Malone,12,12,8
2015-12-12,13,Again,Fetty Wap,13,9,16
2015-12-12,14,No Role Modelz,J. Cole,15,14,17
2015-12-12,15,Back Up,DeJ Loaf Featuring Big Sean,18,15,5
2015-12-19,1,Hotline Bling,Drake,1,1,17
2015-12-19,2,Watch Me,Silento,2,1,41
2015-12-19,3,679,Fetty Wap Featuring Remy Boyz,3,2,23
2015-12-19,4,Jumpman,Drake & Future,4,4,11
2015-12-19,5,Trap Queen,Fetty Wap,6,1,46
2015-12-19,6,Antidote,Travis Scott,7,6,11
2015-12-19,7,Hit The Quan,iLoveMemphis,5,4,16
2015-12-19,8,My Way,Fetty Wap Featuring Monty,8,3,20
2015-12-19,9,White Iverson,Post Malone,12,9,9
2015-12-19,10,Where Ya At,Future Featuring Drake,10,8,17
2015-12-19,11,See You Again,Wiz Khalifa Featuring Charlie Puth,11,1,36
2015-12-19,12,Do It Like Me,DLOW,9,9,4
2015-12-19,13,Again,Fetty Wap,13,9,17
2015-12-19,14,No Role Modelz,J. Cole,14,14,18
2015-12-19,15,Big Rings,Drake & Future,18,12,11
2015-12-26,1,Hotline Bling,Drake,1,1,18
2015-12-26,2,679,Fetty Wap Featuring Remy Boyz,3,2,24
2015-12-26,3,Watch Me,Silento,2,1,42
2015-12-26,4,Jumpman,Drake & Future,4,4,12
2015-12-26,5,Trap Queen,Fetty Wap,5,1,47
2015-12-26,6,Antidote,Travis Scott,6,6,12
2015-12-26,7,White Iverson,Post Malone,9,7,10
2015-12-26,8,"Me, Myself & I",G-Eazy x Bebe Rexha,16,8,2
2015-12-26,9,Where Ya At,Future Featuring Drake,10,8,18
2015-12-26,10,Hit The Quan,iLoveMemphis,7,4,17
2015-12-26,11,My Way,Fetty Wap Featuring Monty,8,3,21
2015-12-26,12,See You Again,Wiz Khalifa Featuring Charlie Puth,11,1,37
2015-12-26,13,Do It Like Me,DLOW,12,9,5
2015-12-26,14,No Role Modelz,J. Cole,14,14,19
2015-12-26,15,Again,Fetty Wap,13,9,18
2016-01-02,1,Hotline Bling,Drake,1,1,19
2016-01-02,2,679,Fetty Wap Featuring Remy Boyz,2,2,25
2016-01-02,3,Watch Me,Silento,3,1,43
2016-01-02,4,Jumpman,Drake & Future,4,4,13
2016-01-02,5,Antidote,Travis Scott,6,5,13
2016-01-02,6,Trap Queen,Fetty Wap,5,1,48
2016-01-02,7,White Iverson,Post Malone,7,7,11
2016-01-02,8,Where Ya At,Future Featuring Drake,9,8,19
2016-01-02,9,"Me, Myself & I",G-Eazy x Bebe Rexha,8,8,3
2016-01-02,10,Hit The Quan,iLoveMemphis,10,4,18
2016-01-02,11,See You Again,Wiz Khalifa Featuring Charlie Puth,12,1,38
2016-01-02,12,My Way,Fetty Wap Featuring Monty,11,3,22
2016-01-02,13,No Role Modelz,J. Cole,14,13,20
2016-01-02,14,Do It Like Me,DLOW,13,9,6
2016-01-02,15,Again,Fetty Wap,15,9,19
2016-01-09,1,Hotline Bling,Drake,1,1,20
2016-01-09,2,Watch Me,Silento,3,1,44
2016-01-09,3,Jumpman,Drake & Future,4,3,14
2016-01-09,4,679,Fetty Wap Featuring Remy Boyz,2,2,26
2016-01-09,5,Trap Queen,Fetty Wap,6,1,49
2016-01-09,6,Antidote,Travis Scott,5,5,14
2016-01-09,7,Do It Like Me,DLOW,14,7,7
2016-01-09,8,Hit The Quan,iLoveMemphis,10,4,19
2016-01-09,9,White Iverson,Post Malone,7,7,12
2016-01-09,10,"Me, Myself & I",G-Eazy x Bebe Rexha,9,8,4
2016-01-09,11,Where Ya At,Future Featuring Drake,8,8,20
2016-01-09,12,See You Again,Wiz Khalifa Featuring Charlie Puth,11,1,39
2016-01-09,13,My Way,Fetty Wap Featuring Monty,12,3,23
2016-01-09,14,Again,Fetty Wap,15,9,20
2016-01-09,15,No Role Modelz,J. Cole,13,13,21
2016-01-16,1,Hotline Bling,Drake,1,1,21
2016-01-16,2,Watch Me,Silento,2,1,45
2016-01-16,3,Jumpman,Drake & Future,3,3,15
2016-01-16,4,679,Fetty Wap Featuring Remy Boyz,4,2,27
2016-01-16,5,White Iverson,Post Malone,9,5,13
2016-01-16,6,Trap Queen,Fetty Wap,5,1,50
2016-01-16,7,Antidote,Travis Scott,6,5,15
2016-01-16,8,Hit The Quan,iLoveMemphis,8,4,20
2016-01-16,9,"Me, Myself & I",G-Eazy x Bebe Rexha,10,8,5
2016-01-16,10,Where Ya At,Future Featuring Drake,11,8,21
2016-01-16,11,See You Again,Wiz Khalifa Featuring Charlie Puth,12,1,40
2016-01-16,12,Do It Like Me,DLOW,7,7,8
2016-01-16,13,My Way,Fetty Wap Featuring Monty,13,3,24
2016-01-16,14,Down In The DM,Yo Gotti Featuring Nicki Minaj,19,14,3
2016-01-16,15,Again,Fetty Wap,14,9,21
2016-01-23,1,Hotline Bling,Drake,1,1,22
2016-01-23,2,Watch Me,Silento,2,1,46
2016-01-23,3,White Iverson,Post Malone,5,3,14
2016-01-23,4,Jumpman,Drake & Future,3,3,16
2016-01-23,5,679,Fetty Wap Featuring Remy Boyz,4,2,28
2016-01-23,6,Antidote,Travis Scott,7,5,16
2016-01-23,7,Trap Queen,Fetty Wap,6,1,51
2016-01-23,8,"Me, Myself & I",G-Eazy x Bebe Rexha,9,8,6
2016-01-23,9,See You Again,Wiz Khalifa Featuring Charlie Puth,11,1,41
2016-01-23,10,Where Ya At,Future Featuring Drake,10,8,22
2016-01-23,11,Down In The DM,Yo Gotti Featuring Nicki Minaj,14,11,4
2016-01-23,12,Do It Like Me,DLOW,12,7,9
2016-01-23,13,Hit The Quan,iLoveMemphis,8,4,21
2016-01-23,14,My Way,Fetty Wap Featuring Monty,13,3,25
2016-01-23,15,Best Friend,Young Thug,16,15,6
2016-01-30,1,Hotline Bling,Drake,1,1,23
2016-01-30,2,White Iverson,Post Malone,3,2,15
2016-01-30,3,Jumpman,Drake & Future,4,3,17
2016-01-30,4,Watch Me,Silento,2,1,47
2016-01-30,5,679,Fetty Wap Featuring Remy Boyz,5,2,29
2016-01-30,6,"Me, Myself & I",G-Eazy x Bebe Rexha,8,6,7
2016-01-30,7,Antidote,Travis Scott,6,5,17
2016-01-30,8,Trap Queen,Fetty Wap,7,1,52
2016-01-30,9,See You Again,Wiz Khalifa Featuring Charlie Puth,9,1,42
2016-01-30,10,Down In The DM,Yo Gotti Featuring Nicki Minaj,11,10,5
2016-01-30,11,Where Ya At,Future Featuring Drake,10,8,23
2016-01-30,12,No Role Modelz,J. Cole,16,12,24
2016-01-30,13,Do It Like Me,DLOW,12,7,10
2016-01-30,14,Best Friend,Young Thug,15,14,7
2016-01-30,15,My Way,Fetty Wap Featuring Monty,14,3,26
2016-02-06,1,White Iverson,Post Malone,2,1,16
2016-02-06,2,Hotline Bling,Drake,1,1,24
2016-02-06,3,Watch Me,Silento,4,1,48
2016-02-06,4,Jumpman,Drake & Future,3,3,18
2016-02-06,5,"Me, Myself & I",G-Eazy x Bebe Rexha,6,5,8
2016-02-06,6,679,Fetty Wap Featuring Remy Boyz,5,2,30
2016-02-06,7,Antidote,Travis Scott,7,5,18
2016-02-06,8,Trap Queen,Fetty Wap,8,1,53
2016-02-06,9,See You Again,Wiz Khalifa Featuring Charlie Puth,9,1,43
2016-02-06,10,Down In The DM,Yo Gotti Featuring Nicki Minaj,10,10,6
2016-02-06,11,Where Ya At,Future Featuring Drake,11,8,24
2016-02-06,12,Best Friend,Young Thug,14,12,8
2016-02-06,13,No Role Modelz,J. Cole,12,12,25
2016-02-06,14,Do It Like Me,DLOW,13,7,11
2016-02-06,15,My Way,Fetty Wap Featuring Monty,15,3,27
2016-02-13,1,White Iverson,Post Malone,1,1,17
2016-02-13,2,"Me, Myself & I",G-Eazy x Bebe Rexha,5,2,9
2016-02-13,3,Hotline Bling,Drake,2,1,25
2016-02-13,4,Watch Me,Silento,3,1,49
2016-02-13,5,Jumpman,Drake & Future,4,3,19
2016-02-13,6,679,Fetty Wap Featuring Remy Boyz,6,2,31
2016-02-13,7,Antidote,Travis Scott,7,5,19
2016-02-13,8,Trap Queen,Fetty Wap,8,1,54
2016-02-13,9,Down In The DM,Yo Gotti Featuring Nicki Minaj,10,9,7
2016-02-13,10,See You Again,Wiz Khalifa Featuring Charlie Puth,9,1,44
2016-02-13,11,Where Ya At,Future Featuring Drake,11,8,25
2016-02-13,12,Best Friend,Young Thug,12,12,9
2016-02-13,13,No Role Modelz,J. Cole,13,12,26
2016-02-13,14,Hit The Quan,iLoveMemphis,16,4,24
2016-02-13,15,Do It Like Me,DLOW,14,7,12
2016-02-20,1,"Me, Myself & I",G-Eazy x Bebe Rexha,2,1,10
2016-02-20,2,White Iverson,Post Malone,1,1,18
2016-02-20,3,Watch Me,Silento,4,1,50
2016-02-20,4,Jumpman,Drake & Future,5,3,20
2016-02-20,5,Hotline Bling,Drake,3,1,26
2016-02-20,6,679,Fetty Wap Featuring Remy Boyz,6,2,32
2016-02-20,7,Trap Queen,Fetty Wap,8,1,55
2016-02-20,8,Antidote,Travis Scott,7,5,20
2016-02-20,9,2 Phones,Kevin Gates,19,9,4
2016-02-20,10,See You Again,Wiz Khalifa Featuring Charlie Puth,10,1,45
2016-02-20,11,Best Friend,Young Thug,12,11,10
2016-02-20,12,No Role Modelz,J. Cole,13,12,27
2016-02-20,13,Really Really,Kevin Gates,24,13,4
2016-02-20,14,Where Ya At,Future Featuring Drake,11,8,26
2016-02-20,15,Hit The Quan,iLoveMemphis,14,4,25
2016-02-27,1,"Me, Myself & I",G-Eazy x Bebe Rexha,1,1,11
2016-02-27,2,Hotline Bling,Drake,5,1,27
2016-02-27,3,White Iverson,Post Malone,2,1,19
2016-02-27,4,Jumpman,Drake & Future,4,3,21
2016-02-27,5,Summer Sixteen,Drake,-,5,1
2016-02-27,6,Watch Me,Silento,3,1,51
2016-02-27,7,679,Fetty Wap Featuring Remy Boyz,6,2,33
2016-02-27,8,Down In The DM,Yo Gotti Featuring Nicki Minaj,16,8,9
2016-02-27,9,Trap Queen,Fetty Wap,7,1,56
2016-02-27,10,Antidote,Travis Scott,8,5,21
2016-02-27,11,2 Phones,Kevin Gates,9,9,5
2016-02-27,12,See You Again,Wiz Khalifa Featuring Charlie Puth,10,1,46
2016-02-27,13,Best Friend,Young Thug,11,11,11
2016-02-27,14,Really Really,Kevin Gates,13,13,5
2016-02-27,15,No Role Modelz,J. Cole,12,12,28
2016-03-05,1,"Me, Myself & I",G-Eazy x Bebe Rexha,1,1,12
2016-03-05,2,Jumpman,Drake & Future,4,2,22
2016-03-05,3,Down In The DM,Yo Gotti Featuring Nicki Minaj,8,3,10
2016-03-05,4,Summer Sixteen,Drake,5,4,2
2016-03-05,5,Hotline Bling,Drake,2,1,28
2016-03-05,6,White Iverson,Post Malone,3,1,20
2016-03-05,7,Watch Me,Silento,6,1,52
2016-03-05,8,679,Fetty Wap Featuring Remy Boyz,7,2,34
2016-03-05,9,2 Phones,Kevin Gates,11,9,6
2016-03-05,10,Trap Queen,Fetty Wap,9,1,57
2016-03-05,11,Antidote,Travis Scott,10,5,22
2016-03-05,12,See You Again,Wiz Khalifa Featuring Charlie Puth,12,1,47
2016-03-05,13,Best Friend,Young Thug,13,11,12
2016-03-05,14,Really Really,Kevin Gates,14,13,6
2016-03-05,15,Low Life,Future Featuring The Weeknd,-,15,1
2016-03-12,1,"Me, Myself & I",G-Eazy x Bebe Rexha,1,1,13
2016-03-12,2,Down In The DM,Yo Gotti Featuring Nicki Minaj,3,2,11
2016-03-12,3,Jumpman,Drake & Future,2,2,23
2016-03-12,4,Hotline Bling,Drake,5,1,29
2016-03-12,5,Summer Sixteen,Drake,4,4,3
2016-03-12,6,White Iverson,Post Malone,6,1,21
2016-03-12,7,2 Phones,Kevin Gates,9,7,7
2016-03-12,8,679,Fetty Wap Featuring Remy Boyz,8,2,35
2016-03-12,9,Watch Me,Silento,7,1,53
2016-03-12,10,Trap Queen,Fetty Wap,10,1,58
2016-03-12,11,Antidote,Travis Scott,11,5,23
2016-03-12,12,Best Friend,Young Thug,13,11,13
2016-03-12,13,Low Life,Future Featuring The Weeknd,15,13,2
2016-03-12,14,See You Again,Wiz Khalifa Featuring Charlie Puth,12,1,48
2016-03-12,15,Really Really,Kevin Gates,14,13,7
2016-03-19,1,"Me, Myself & I",G-Eazy x Bebe Rexha,1,1,14
2016-03-19,2,Down In The DM,Yo Gotti Featuring Nicki Minaj,2,2,12
2016-03-19,3,Jumpman,Drake & Future,3,2,24
2016-03-19,4,2 Phones,Kevin Gates,7,4,8
2016-03-19,5,Hotline Bling,Drake,4,1,30
2016-03-19,6,Summer Sixteen,Drake,5,4,4
2016-03-19,7,White Iverson,Post Malone,6,1,22
2016-03-19,8,Watch Me,Silento,9,1,54
2016-03-19,9,679,Fetty Wap Featuring Remy Boyz,8,2,36
2016-03-19,10,Low Life,Future Featuring The Weeknd,13,10,3
2016-03-19,11,Trap Queen,Fetty Wap,10,1,59
2016-03-19,12,Best Friend,Young Thug,12,11,14
2016-03-19,13,Antidote,Travis Scott,11,5,24
2016-03-19,14,See You Again,Wiz Khalifa Featuring Charlie Puth,14,1,49
2016-03-19,15,Really Really,Kevin Gates,15,13,8
2016-03-26,1,"Me, Myself & I",G-Eazy x Bebe Rexha,1,1,15
2016-03-26,2,2 Phones,Kevin Gates,4,2,9
2016-03-26,3,Down In The DM,Yo Gotti Featuring Nicki Minaj,2,2,13
2016-03-26,4,Jumpman,Drake & Future,3,2,25
2016-03-26,5,White Iverson,Post Malone,7,1,23
2016-03-26,6,Summer Sixteen,Drake,6,4,5
2016-03-26,7,Hotline Bling,Drake,5,1,31
2016-03-26,8,Watch Me,Silento,8,1,55
2016-03-26,9,Low Life,Future Featuring The Weeknd,10,9,4
2016-03-26,10,679,Fetty Wap Featuring Remy Boyz,9,2,37
2016-03-26,11,Really Really,Kevin Gates,15,11,9
2016-03-26,12,Trap Queen,Fetty Wap,11,1,60
2016-03-26,13,See You Again,Wiz Khalifa Featuring Charlie Puth,14,1,50
2016-03-26,14,Best Friend,Young Thug,12,11,15
2016-03-26,15,Antidote,Travis Scott,13,5,25
2016-04-02,1,"Me, Myself & I",G-Eazy x Bebe Rexha,1,1,16
2016-04-02,2,2 Phones,Kevin Gates,2,2,10
2016-04-02,3,Down In The DM,Yo Gotti Featuring Nicki Minaj,3,2,14
2016-04-02,4,Jumpman,Drake & Future,4,2,26
2016-04-02,5,Low Life,Future Featuring The Weeknd,9,5,5
2016-04-02,6,White Iverson,Post Malone,5,1,24
2016-04-02,7,Panda,Desiigner,19,7,2
2016-04-02,8,Hotline Bling,Drake,7,1,32
2016-04-02,9,Summer Sixteen,Drake,6,4,6
2016-04-02,10,Really Really,Kevin Gates,11,10,10
2016-04-02,11,679,Fetty Wap Featuring Remy Boyz,10,2,38
2016-04-02,12,Watch Me,Silento,8,1,56
2016-04-02,13,Trap Queen,Fetty Wap,12,1,61
2016-04-02,14,See You Again,Wiz Khalifa Featuring Charlie Puth,13,1,51
2016-04-02,15,Best Friend,Young Thug,14,11,16
2016-04-09,1,"Me, Myself & I",G-Eazy x Bebe Rexha,1,1,17
2016-04-09,2,Panda,Desiigner,7,2,3
2016-04-09,3,2 Phones,Kevin Gates,2,2,11
2016-04-09,4,Down In The DM,Yo Gotti Featuring Nicki Minaj,3,2,15
2016-04-09,5,Jumpman,Drake & Future,4,2,27
2016-04-09,6,Low Life,Future Featuring The Weeknd,5,5,6
2016-04-09,7,White Iverson,Post Malone,6,1,25
2016-04-09,8,Summer Sixteen,Drake,9,4,7
2016-04-09,9,Hotline Bling,Drake,8,1,33
2016-04-09,10,Really Really,Kevin Gates,10,10,11
2016-04-09,11,Watch Me,Silento,12,1,57
2016-04-09,12,679,Fetty Wap Featuring Remy Boyz,11,2,39
2016-04-09,13,Trap Queen,Fetty Wap,13,1,62
2016-04-09,14,See You Again,Wiz Khalifa Featuring Charlie Puth,14,1,52
2016-04-09,15,Best Friend,Young Thug,15,11,17
2016-04-16,1,Panda,Desiigner,2,1,4
2016-04-16,2,"Me, Myself & I",G-Eazy x Bebe Rexha,1,1,18
2016-04-16,3,2 Phones,Kevin Gates,3,2,12
2016-04-16,4,Down In The DM,Yo Gotti Featuring Nicki Minaj,4,2,16
2016-04-16,5,Low Life,Future Featuring The Weeknd,6,5,7
2016-04-16,6,Jumpman,Drake & Future,5,2,28
2016-04-16,7,White Iverson,Post Malone,7,1,26
2016-04-16,8,Summer Sixteen,Drake,8,4,8
2016-04-16,9,Really Really,Kevin Gates,10,9,12
2016-04-16,10,Hotline Bling,Drake,9,1,34
2016-04-16,11,Watch Me,Silento,11,1,58
2016-04-16,12,679,Fetty Wap Featuring Remy Boyz,12,2,40
2016-04-16,13,See You Again,Wiz Khalifa Featuring Charlie Puth,14,1,53
2016-04-16,14,Trap Queen,Fetty Wap,13,1,63
2016-04-16,15,Jimmy Choo,Fetty Wap,17,15,6
2016-04-23,1,Panda,Desiigner,1,1,5
2016-04-23,2,"Me, Myself & I",G-Eazy x Bebe Rexha,2,1,19
2016-04-23,3,Famous,Kanye West,-,3,1
2016-04-23,4,"Father Stretch My Hands, Pt. 1",Kanye West,-,4,1
2016-04-23,5,2 Phones,Kevin Gates,3,2,13
2016-04-23,6,Pt. 2,Kanye West,-,6,1
2016-04-23,7,Low Life,Future Featuring The Weeknd,5,5,8
2016-04-23,8,Jumpman,Drake & Future,6,2,29
2016-04-23,9,Down In The DM,Yo Gotti Featuring Nicki Minaj,4,2,17
2016-04-23,10,Ultralight Beam,Kanye West,-,10,1
2016-04-23,11,Waves,Kanye West,-,11,1
2016-04-23,12,Summer Sixteen,Drake,8,4,9
2016-04-23,13,Really Really,Kevin Gates,9,9,13
2016-04-23,14,White Iverson,Post Malone,7,1,27
2016-04-23,15,FML,Kanye West,-,15,1
2016-04-30,1,Panda,Desiigner,1,1,6
2016-04-30,2,"Me, Myself & I",G-Eazy x Bebe Rexha,2,1,20
2016-04-30,3,Low Life,Future Featuring The Weeknd,7,3,9
2016-04-30,4,2 Phones,Kevin Gates,5,2,14
2016-04-30,5,"Father Stretch My Hands, Pt. 1",Kanye West,4,4,2
2016-04-30,6,Famous,Kanye West,3,3,2
2016-04-30,7,Jumpman,Drake & Future,8,2,30
2016-04-30,8,Down In The DM,Yo Gotti Featuring Nicki Minaj,9,2,18
2016-04-30,9,Pop Style,Drake Featuring The Throne,-,9,1
2016-04-30,10,Pt. 2,Kanye West,6,6,2
2016-04-30,11,White Iverson,Post Malone,14,1,28
2016-04-30,12,Cut It,O.T. Genasis Featuring Young Dolph,16,12,6
2016-04-30,13,Summer Sixteen,Drake,12,4,10
2016-04-30,14,Really Really,Kevin Gates,13,9,14
2016-04-30,15,Waves,Kanye West,11,11,2
2016-05-07,1,Panda,Desiigner,1,1,7
2016-05-07,2,Low Life,Future Featuring The Weeknd,3,2,10
2016-05-07,3,"Me, Myself & I",G-Eazy x Bebe Rexha,2,1,21
2016-05-07,4,2 Phones,Kevin Gates,4,2,15
2016-05-07,5,Pop Style,Drake Featuring The Throne,9,5,2
2016-05-07,6,"Father Stretch My Hands, Pt. 1",Kanye West,5,4,3
2016-05-07,7,Jumpman,Drake & Future,7,2,31
2016-05-07,8,Down In The DM,Yo Gotti Featuring Nicki Minaj,8,2,19
2016-05-07,9,Cut It,O.T. Genasis Featuring Young Dolph,12,9,7
2016-05-07,10,Famous,Kanye West,6,3,3
2016-05-07,11,Really Really,Kevin Gates,14,9,15
2016-05-07,12,White Iverson,Post Malone,11,1,29
2016-05-07,13,679,Fetty Wap Featuring Remy Boyz,17,2,43
2016-05-07,14,Summer Sixteen,Drake,13,4,11
2016-05-07,15,Trap Queen,Fetty Wap,19,1,66
2016-05-14,1,Panda,Desiigner,1,1,8
2016-05-14,2,Low Life,Future Featuring The Weeknd,2,2,11
2016-05-14,3,"Me, Myself & I",G-Eazy x Bebe Rexha,3,1,22
2016-05-14,4,2 Phones,Kevin Gates,4,2,16
2016-05-14,5,Pop Style,Drake Featuring The Throne,5,5,3
2016-05-14,6,Jumpman,Drake & Future,7,2,32
2016-05-14,7,"Father Stretch My Hands, Pt. 1",Kanye West,6,4,4
2016-05-14,8,Down In The DM,Yo Gotti Featuring Nicki Minaj,8,2,20
2016-05-14,9,Cut It,O.T. Genasis Featuring Young Dolph,9,9,8
2016-05-14,10,Famous,Kanye West,10,3,4
2016-05-14,11,Really Really,Kevin Gates,11,9,16
2016-05-14,12,Summer Sixteen,Drake,14,4,12
2016-05-14,13,White Iverson,Post Malone,12,1,30
2016-05-14,14,Wicked,Future,24,14,2
2016-05-14,15,Uber Everywhere,MadeinTYO,19,15,4
2016-05-21,1,Panda,Desiigner,1,1,9
2016-05-21,2,Pop Style,Drake Featuring The Throne,5,2,4
2016-05-21,3,Low Life,Future Featuring The Weeknd,2,2,12
2016-05-21,4,Hype,Drake,-,4,1
2016-05-21,5,Grammys,Drake Featuring Future,-,5,1
2016-05-21,6,Still Here,Drake,-,6,1
2016-05-21,7,U With Me?,Drake,-,7,1
2016-05-21,8,9,Drake,-,8,1
2016-05-21,9,"Me, Myself & I",G-Eazy x Bebe Rexha,3,1,23
2016-05-21,10,Childs Play,Drake,-,10,1
2016-05-21,11,2 Phones,Kevin Gates,4,2,17
2016-05-21,12,Feel No Ways,Drake,-,12,1
2016-05-21,13,Too Good,Drake Featuring Rihanna,-,13,1
2016-05-21,14,Weston Road Flows,Drake,-,14,1
2016-05-21,15,Redemption,Drake,-,15,1
2016-05-28,1,Panda,Desiigner,1,1,10
2016-05-28,2,Low Life,Future Featuring The Weeknd,3,2,13
2016-05-28,3,Pop Style,Drake Featuring The Throne,2,2,5
2016-05-28,4,2 Phones,Kevin Gates,11,2,18
2016-05-28,5,"Me, Myself & I",G-Eazy x Bebe Rexha,9,1,24
2016-05-28,6,Cut It,O.T. Genasis Featuring Young Dolph,22,6,10
2016-05-28,7,Hotline Bling,Drake,16,1,40
2016-05-28,8,Still Here,Drake,6,6,2
2016-05-28,9,Really Really,Kevin Gates,23,9,18
2016-05-28,10,Hype,Drake,4,4,2
2016-05-28,11,Down In The DM,Yo Gotti Featuring Nicki Minaj,21,2,22
2016-05-28,12,Childs Play,Drake,10,10,2
2016-05-28,13,Don't Mind,Kent Jones,-,13,1
2016-05-28,14,Grammys,Drake Featuring Future,5,5,2
2016-05-28,15,Too Good,Drake Featuring Rihanna,13,13,2
2016-06-04,1,Panda,Desiigner,1,1,11
2016-06-04,2,Pop Style,Drake Featuring The Throne,3,2,6
2016-06-04,3,Low Life,Future Featuring The Weeknd,2,2,14
2016-06-04,4,Hype,Drake,10,4,3
2016-06-04,5,2 Phones,Kevin Gates,4,2,19
2016-06-04,6,Too Good,Drake Featuring Rihanna,15,6,3
2016-06-04,7,"Me, Myself & I",G-Eazy x Bebe Rexha,5,1,25
2016-06-04,8,Still Here,Drake,8,6,3
2016-06-04,9,Grammys,Drake Featuring Future,14,5,3
2016-06-04,10,Childs Play,Drake,12,10,3
2016-06-04,11,9,Drake,21,8,3
2016-06-04,12,Feel No Ways,Drake,17,12,3
2016-06-04,13,Hotline Bling,Drake,7,1,41
2016-06-04,14,Cut It,O.T. Genasis Featuring Young Dolph,6,6,11
2016-06-04,15,Don't Mind,Kent Jones,13,13,2
2016-06-11,1,Panda,Desiigner,1,1,12
2016-06-11,2,Low Life,Future Featuring The Weeknd,3,2,15
2016-06-11,3,Pop Style,Drake Featuring The Throne,2,2,7
2016-06-11,4,Too Good,Drake Featuring Rihanna,6,4,4
2016-06-11,5,2 Phones,Kevin Gates,5,2,20
2016-06-11,6,Hype,Drake,4,4,4
2016-06-11,7,"Me, Myself & I",G-Eazy x Bebe Rexha,7,1,26
2016-06-11,8,Don't Mind,Kent Jones,15,8,3
2016-06-11,9,Still Here,Drake,8,6,4
2016-06-11,10,Grammys,Drake Featuring Future,9,5,4
2016-06-11,11,Childs Play,Drake,10,10,4
2016-06-11,12,Cut It,O.T. Genasis Featuring Young Dolph,14,6,12
2016-06-11,13,Hotline Bling,Drake,13,1,42
2016-06-11,14,Feel No Ways,Drake,12,12,4
2016-06-11,15,Wicked,Future,24,14,5
2016-06-18,1,Panda,Desiigner,1,1,13
2016-06-18,2,Low Life,Future Featuring The Weeknd,2,2,16
2016-06-18,3,Don't Mind,Kent Jones,8,3,4
2016-06-18,4,Too Good,Drake Featuring Rihanna,4,4,5
2016-06-18,5,Pop Style,Drake Featuring The Throne,3,2,8
2016-06-18,6,2 Phones,Kevin Gates,5,2,21
2016-06-18,7,"Me, Myself & I",G-Eazy x Bebe Rexha,7,1,27
2016-06-18,8,Cut It,O.T. Genasis Featuring Young Dolph,12,6,13
2016-06-18,9,Hype,Drake,6,4,5
2016-06-18,10,All The Way Up,"Fat Joe , Remy Ma & Jay Z Featuring French Montana & Infared",21,10,2
2016-06-18,11,Childs Play,Drake,11,10,5
2016-06-18,12,Wicked,Future,15,12,6
2016-06-18,13,Still Here,Drake,9,6,5
2016-06-18,14,Grammys,Drake Featuring Future,10,5,5
2016-06-18,15,Really Really,Kevin Gates,16,9,21
2016-06-25,1,Panda,Desiigner,1,1,14
2016-06-25,2,Low Life,Future Featuring The Weeknd,2,2,17
2016-06-25,3,Don't Mind,Kent Jones,3,3,5
2016-06-25,4,Too Good,Drake Featuring Rihanna,4,4,6
2016-06-25,5,Pop Style,Drake Featuring The Throne,5,2,9
2016-06-25,6,2 Phones,Kevin Gates,6,2,22
2016-06-25,7,Cut It,O.T. Genasis Featuring Young Dolph,8,6,14
2016-06-25,8,"Me, Myself & I",G-Eazy x Bebe Rexha,7,1,28
2016-06-25,9,Wicked,Future,12,9,7
2016-06-25,10,All The Way Up,"Fat Joe , Remy Ma & Jay Z Featuring French Montana & Infared",10,10,3
2016-06-25,11,Uber Everywhere,MadeinTYO,16,11,8
2016-06-25,12,Really Really,Kevin Gates,15,9,22
2016-06-25,13,Hype,Drake,9,4,6
2016-06-25,14,Childs Play,Drake,11,10,6
2016-06-25,15,Still Here,Drake,13,6,6
2016-07-02,1,Panda,Desiigner,1,1,15
2016-07-02,2,Don't Mind,Kent Jones,3,2,6
2016-07-02,3,Low Life,Future Featuring The Weeknd,2,2,18
2016-07-02,4,Too Good,Drake Featuring Rihanna,4,4,7
2016-07-02,5,Pop Style,Drake Featuring The Throne,5,2,10
2016-07-02,6,Cut It,O.T. Genasis Featuring Young Dolph,7,6,15
2016-07-02,7,2 Phones,Kevin Gates,6,2,23
2016-07-02,8,Wicked,Future,9,8,8
2016-07-02,9,"Me, Myself & I",G-Eazy x Bebe Rexha,8,1,29
2016-07-02,10,Uber Everywhere,MadeinTYO,11,10,9
2016-07-02,11,All The Way Up,"Fat Joe , Remy Ma & Jay Z Featuring French Montana & Infared",10,10,4
2016-07-02,12,Really Really,Kevin Gates,12,9,23
2016-07-02,13,Wake Up,Fetty Wap,19,13,3
2016-07-02,14,Hype,Drake,13,4,7
2016-07-02,15,Hotline Bling,Drake,16,1,45
2016-07-09,1,Panda,Desiigner,1,1,16
2016-07-09,2,Don't Mind,Kent Jones,2,2,7
2016-07-09,3,Low Life,Future Featuring The Weeknd,3,2,19
2016-07-09,4,Too Good,Drake Featuring Rihanna,4,4,8
2016-07-09,5,Cut It,O.T. Genasis Featuring Young Dolph,6,5,16
2016-07-09,6,Pop Style,Drake Featuring The Throne,5,2,11
2016-07-09,7,2 Phones,Kevin Gates,7,2,24
2016-07-09,8,Wicked,Future,8,8,9
2016-07-09,9,"Me, Myself & I",G-Eazy x Bebe Rexha,9,1,30
2016-07-09,10,Uber Everywhere,MadeinTYO,10,10,10
2016-07-09,11,Really Really,Kevin Gates,12,9,24
2016-07-09,12,Wake Up,Fetty Wap,13,12,4
2016-07-09,13,For Free,DJ Khaled Featuring Drake,-,13,1
2016-07-09,14,All The Way Up,"Fat Joe , Remy Ma & Jay Z Featuring French Montana & Infared",11,10,5
2016-07-09,15,Hotline Bling,Drake,15,1,46
2016-07-16,1,Panda,Desiigner,1,1,17
2016-07-16,2,Don't Mind,Kent Jones,2,2,8
2016-07-16,3,Low Life,Future Featuring The Weeknd,3,2,20
2016-07-16,4,Too Good,Drake Featuring Rihanna,4,4,9
2016-07-16,5,For Free,DJ Khaled Featuring Drake,13,5,2
2016-07-16,6,Cut It,O.T. Genasis Featuring Young Dolph,5,5,17
2016-07-16,7,Wicked,Future,8,7,10
2016-07-16,8,Pop Style,Drake Featuring The Throne,6,2,12
2016-07-16,9,All The Way Up,"Fat Joe , Remy Ma & Jay Z Featuring French Montana & Infared",14,9,6
2016-07-16,10,Wake Up,Fetty Wap,12,10,5
2016-07-16,11,2 Phones,Kevin Gates,7,2,25
2016-07-16,12,Uber Everywhere,MadeinTYO,10,10,11
2016-07-16,13,"Me, Myself & I",G-Eazy x Bebe Rexha,9,1,31
2016-07-16,14,Broccoli,D.R.A.M. Featuring Lil Yachty,21,14,2
2016-07-16,15,Really Really,Kevin Gates,11,9,25
2016-07-23,1,Panda,Desiigner,1,1,18
2016-07-23,2,Don't Mind,Kent Jones,2,2,9
2016-07-23,3,Low Life,Future Featuring The Weeknd,3,2,21
2016-07-23,4,Too Good,Drake Featuring Rihanna,4,4,10
2016-07-23,5,For Free,DJ Khaled Featuring Drake,5,5,3
2016-07-23,6,Cut It,O.T. Genasis Featuring Young Dolph,6,5,18
2016-07-23,7,Broccoli,D.R.A.M. Featuring Lil Yachty,14,7,3
2016-07-23,8,Wicked,Future,7,7,11
2016-07-23,9,Wake Up,Fetty Wap,10,9,6
2016-07-23,10,Uber Everywhere,MadeinTYO,12,10,12
2016-07-23,11,All The Way Up,"Fat Joe , Remy Ma & Jay Z Featuring French Montana & Infared",9,9,7
2016-07-23,12,2 Phones,Kevin Gates,11,2,26
2016-07-23,13,"Me, Myself & I",G-Eazy x Bebe Rexha,13,1,32
2016-07-23,14,Really Really,Kevin Gates,15,9,26
2016-07-23,15,Pop Style,Drake Featuring The Throne,8,2,13
2016-07-30,1,Panda,Desiigner,1,1,19
2016-07-30,2,Don't Mind,Kent Jones,2,2,10
2016-07-30,3,Low Life,Future Featuring The Weeknd,3,2,22
2016-07-30,4,Too Good,Drake Featuring Rihanna,4,4,11
2016-07-30,5,For Free,DJ Khaled Featuring Drake,5,5,4
2016-07-30,6,I Got The Keys,DJ Khaled Featuring Jay Z & Future,20,6,2
2016-07-30,7,Broccoli,D.R.A.M. Featuring Lil Yachty,7,7,4
2016-07-30,8,THat Part,ScHoolboy Q Featuring Kanye West,16,8,5
2016-07-30,9,Wicked,Future,8,7,12
2016-07-30,10,Cut It,O.T. Genasis Featuring Young Dolph,6,5,19
2016-07-30,11,Uber Everywhere,MadeinTYO,10,10,13
2016-07-30,12,All The Way Up,"Fat Joe , Remy Ma & Jay Z Featuring French Montana & Infared",11,9,8
2016-07-30,13,Really Really,Kevin Gates,14,9,27
2016-07-30,14,2 Phones,Kevin Gates,12,2,27
2016-07-30,15,"Me, Myself & I",G-Eazy x Bebe Rexha,13,1,33
2016-08-06,1,Panda,Desiigner,1,1,20
2016-08-06,2,Don't Mind,Kent Jones,2,2,11
2016-08-06,3,Low Life,Future Featuring The Weeknd,3,2,23
2016-08-06,4,Too Good,Drake Featuring Rihanna,4,4,12
2016-08-06,5,I Got The Keys,DJ Khaled Featuring Jay Z & Future,6,5,3
2016-08-06,6,For Free,DJ Khaled Featuring Drake,5,5,5
2016-08-06,7,Broccoli,D.R.A.M. Featuring Lil Yachty,7,7,5
2016-08-06,8,THat Part,ScHoolboy Q Featuring Kanye West,8,8,6
2016-08-06,9,Wicked,Future,9,7,13
2016-08-06,10,Cut It,O.T. Genasis Featuring Young Dolph,10,5,20
2016-08-06,11,Really Really,Kevin Gates,13,9,28
2016-08-06,12,2 Phones,Kevin Gates,14,2,28
2016-08-06,13,"Me, Myself & I",G-Eazy x Bebe Rexha,15,1,34
2016-08-06,14,All The Way Up,"Fat Joe , Remy Ma & Jay Z Featuring French Montana & Infared",12,9,9
2016-08-06,15,Uber Everywhere,MadeinTYO,11,10,14
2016-08-13,1,Panda,Desiigner,1,1,21
2016-08-13,2,Don't Mind,Kent Jones,2,2,12
2016-08-13,3,Low Life,Future Featuring The Weeknd,3,2,24
2016-08-13,4,For Free,DJ Khaled Featuring Drake,6,4,6
2016-08-13,5,Broccoli,D.R.A.M. Featuring Lil Yachty,7,5,6
2016-08-13,6,Too Good,Drake Featuring Rihanna,4,4,13
2016-08-13,7,I Got The Keys,DJ Khaled Featuring Jay Z & Future,5,5,4
2016-08-13,8,Tiimmy Turner,Desiigner,-,8,1
2016-08-13,9,THat Part,ScHoolboy Q Featuring Kanye West,8,8,7
2016-08-13,10,Wicked,Future,9,7,14
2016-08-13,11,Really Really,Kevin Gates,11,9,29
2016-08-13,12,Money Longer,Lil Uzi Vert,18,12,5
2016-08-13,13,Cut It,O.T. Genasis Featuring Young Dolph,10,5,21
2016-08-13,14,Uber Everywhere,MadeinTYO,15,10,15
2016-08-13,15,"Me, Myself & I",G-Eazy x Bebe Rexha,13,1,35
2016-08-20,1,Panda,Desiigner,1,1,22
2016-08-20,2,Don't Mind,Kent Jones,2,2,13
2016-08-20,3,Tiimmy Turner,Desiigner,8,3,2
2016-08-20,4,For Free,DJ Khaled Featuring Drake,4,4,7
2016-08-20,5,Broccoli,D.R.A.M. Featuring Lil Yachty,5,5,7
2016-08-20,6,Too Good,Drake Featuring Rihanna,6,4,14
2016-08-20,7,Low Life,Future Featuring The Weeknd,3,2,25
2016-08-20,8,I Got The Keys,DJ Khaled Featuring Jay Z & Future,7,5,5
2016-08-20,9,No Shopping,French Montana Featuring Drake,-,9,1
2016-08-20,10,THat Part,ScHoolboy Q Featuring Kanye West,9,8,8
2016-08-20,11,Money Longer,Lil Uzi Vert,12,11,6
2016-08-20,12,Wicked,Future,10,7,15
2016-08-20,13,Sucker For Pain,"Lil Wayne , Wiz Khalifa & Imagine Dragons With Logic & Ty Dolla $ign Feat. X Ambassadors",21,13,3
2016-08-20,14,Really Really,Kevin Gates,11,9,30
2016-08-20,15,Uber Everywhere,MadeinTYO,14,10,16
2016-08-27,1,Panda,Desiigner,1,1,23
2016-08-27,2,Sucker For Pain,"Lil Wayne , Wiz Khalifa & Imagine Dragons With Logic & Ty Dolla $ign Feat. X Ambassadors",13,2,4
2016-08-27,3,Broccoli,D.R.A.M. Featuring Lil Yachty,5,3,8
2016-08-27,4,Tiimmy Turner,Desiigner,3,3,3
2016-08-27,5,Don't Mind,Kent Jones,2,2,14
2016-08-27,6,Too Good,Drake Featuring Rihanna,6,4,15
2016-08-27,7,Low Life,Future Featuring The Weeknd,7,2,26
2016-08-27,8,For Free,DJ Khaled Featuring Drake,4,4,8
2016-08-27,9,Purple Lamborghini,Skrillex & Rick Ross,-,9,1
2016-08-27,10,I Got The Keys,DJ Khaled Featuring Jay Z & Future,8,5,6
2016-08-27,11,THat Part,ScHoolboy Q Featuring Kanye West,10,8,9
2016-08-27,12,No Shopping,French Montana Featuring Drake,9,9,2
2016-08-27,13,Money Longer,Lil Uzi Vert,11,11,7
2016-08-27,14,Wicked,Future,12,7,16
2016-08-27,15,Really Really,Kevin Gates,14,9,31
2016-09-03,1,Panda,Desiigner,1,1,24
2016-09-03,2,Broccoli,D.R.A.M. Featuring Lil Yachty,3,2,9
2016-09-03,3,Sucker For Pain,"Lil Wayne , Wiz Khalifa & Imagine Dragons With Logic & Ty Dolla $ign Feat. X Ambassadors",2,2,5
2016-09-03,4,Tiimmy Turner,Desiigner,4,3,4
2016-09-03,5,Too Good,Drake Featuring Rihanna,6,4,16
2016-09-03,6,Don't Mind,Kent Jones,5,2,15
2016-09-03,7,Low Life,Future Featuring The Weeknd,7,2,27
2016-09-03,8,For Free,DJ Khaled Featuring Drake,8,4,9
2016-09-03,9,Purple Lamborghini,Skrillex & Rick Ross,9,9,2
2016-09-03,10,THat Part,ScHoolboy Q Featuring Kanye West,11,8,10
2016-09-03,11,I Got The Keys,DJ Khaled Featuring Jay Z & Future,10,5,7
2016-09-03,12,Money Longer,Lil Uzi Vert,13,11,8
2016-09-03,13,No Shopping,French Montana Featuring Drake,12,9,3
2016-09-03,14,Wicked,Future,14,7,17
2016-09-03,15,Really Really,Kevin Gates,15,9,32
2016-09-10,1,Panda,Desiigner,1,1,25
2016-09-10,2,Sucker For Pain,"Lil Wayne , Wiz Khalifa & Imagine Dragons With Logic & Ty Dolla $ign Feat. X Ambassadors",3,2,6
2016-09-10,3,Broccoli,D.R.A.M. Featuring Lil Yachty,2,2,10
2016-09-10,4,Tiimmy Turner,Desiigner,4,3,5
2016-09-10,5,Too Good,Drake Featuring Rihanna,5,4,17
2016-09-10,6,Low Life,Future Featuring The Weeknd,7,2,28
2016-09-10,7,Don't Mind,Kent Jones,6,2,16
2016-09-10,8,For Free,DJ Khaled Featuring Drake,8,4,10
2016-09-10,9,Money Longer,Lil Uzi Vert,12,9,9
2016-09-10,10,Purple Lamborghini,Skrillex & Rick Ross,9,9,3
2016-09-10,11,THat Part,ScHoolboy Q Featuring Kanye West,10,8,11
2016-09-10,12,I Got The Keys,DJ Khaled Featuring Jay Z & Future,11,5,8
2016-09-10,13,Uber Everywhere,MadeinTYO,16,10,19
2016-09-10,14,Why You Always Hatin?,YG Featuring Drake & Kamaiyah,23,14,2
2016-09-10,15,No Shopping,French Montana Featuring Drake,13,9,4
2016-09-17,1,Panda,Desiigner,1,1,26
2016-09-17,2,Broccoli,D.R.A.M. Featuring Lil Yachty,3,2,11
2016-09-17,3,Sucker For Pain,"Lil Wayne , Wiz Khalifa & Imagine Dragons With Logic & Ty Dolla $ign Feat. X Ambassadors",2,2,7
2016-09-17,4,Too Good,Drake Featuring Rihanna,5,4,18
2016-09-17,5,Tiimmy Turner,Desiigner,4,3,6
2016-09-17,6,Low Life,Future Featuring The Weeknd,6,2,29
2016-09-17,7,For Free,DJ Khaled Featuring Drake,8,4,11
2016-09-17,8,Don't Mind,Kent Jones,7,2,17
2016-09-17,9,Money Longer,Lil Uzi Vert,9,9,10
2016-09-17,10,THat Part,ScHoolboy Q Featuring Kanye West,11,8,12
2016-09-17,11,Purple Lamborghini,Skrillex & Rick Ross,10,9,4
2016-09-17,12,I Got The Keys,DJ Khaled Featuring Jay Z & Future,12,5,9
2016-09-17,13,Chill Bill,Rob $tone Featuring J. Davi$ & Spooks,19,13,3
2016-09-17,14,No Shopping,French Montana Featuring Drake,15,9,5
2016-09-17,15,Too Much Sauce,DJ Esco Featuring Future & Lil Uzi Vert,-,15,1
2016-09-24,1,Broccoli,D.R.A.M. Featuring Lil Yachty,2,1,12
2016-09-24,2,Panda,Desiigner,1,1,27
2016-09-24,3,Sucker For Pain,"Lil Wayne , Wiz Khalifa & Imagine Dragons With Logic & Ty Dolla $ign Feat. X Ambassadors",3,2,8
2016-09-24,4,Tiimmy Turner,Desiigner,5,3,7
2016-09-24,5,Too Good,Drake Featuring Rihanna,4,4,19
2016-09-24,6,Low Life,Future Featuring The Weeknd,6,2,30
2016-09-24,7,For Free,DJ Khaled Featuring Drake,7,4,12
2016-09-24,8,Money Longer,Lil Uzi Vert,9,8,11
2016-09-24,9,Pick Up The Phone,Young Thug And Travis Scott Featuring Quavo,21,9,2
2016-09-24,10,Chill Bill,Rob $tone Featuring J. Davi$ & Spooks,13,10,4
2016-09-24,11,THat Part,ScHoolboy Q Featuring Kanye West,10,8,13
2016-09-24,12,Don't Mind,Kent Jones,8,2,18
2016-09-24,13,I Got The Keys,DJ Khaled Featuring Jay Z & Future,12,5,10
2016-09-24,14,Too Much Sauce,DJ Esco Featuring Future & Lil Uzi Vert,15,14,2
2016-09-24,15,Goosebumps,Travis Scott,-,15,1
2016-10-01,1,Broccoli,D.R.A.M. Featuring Lil Yachty,1,1,13
2016-10-01,2,Panda,Desiigner,2,1,28
2016-10-01,3,Sucker For Pain,"Lil Wayne , Wiz Khalifa & Imagine Dragons With Logic & Ty Dolla $ign Feat. X Ambassadors",3,2,9
2016-10-01,4,Tiimmy Turner,Desiigner,4,3,8
2016-10-01,5,Too Good,Drake Featuring Rihanna,5,4,20
2016-10-01,6,Low Life,Future Featuring The Weeknd,6,2,31
2016-10-01,7,Money Longer,Lil Uzi Vert,8,7,12
2016-10-01,8,Chill Bill,Rob $tone Featuring J. Davi$ & Spooks,10,8,5
2016-10-01,9,Pick Up The Phone,Young Thug And Travis Scott Featuring Quavo,9,9,3
2016-10-01,10,For Free,DJ Khaled Featuring Drake,7,4,13
2016-10-01,11,THat Part,ScHoolboy Q Featuring Kanye West,11,8,14
2016-10-01,12,Too Much Sauce,DJ Esco Featuring Future & Lil Uzi Vert,14,12,3
2016-10-01,13,Caroline,Amine,-,13,1
2016-10-01,14,Don't Mind,Kent Jones,12,2,19
2016-10-01,15,I Got The Keys,DJ Khaled Featuring Jay Z & Future,13,5,11
2016-10-08,1,Broccoli,D.R.A.M. Featuring Lil Yachty,1,1,14
2016-10-08,2,Panda,Desiigner,2,1,29
2016-10-08,3,Sucker For Pain,"Lil Wayne , Wiz Khalifa & Imagine Dragons With Logic & Ty Dolla $ign Feat. X Ambassadors",3,2,10
2016-10-08,4,Tiimmy Turner,Desiigner,4,3,9
2016-10-08,5,Too Good,Drake Featuring Rihanna,5,4,21
2016-10-08,6,Juju On That Beat (TZ Anthem),Zay Hilfigerrr & Zayion McCall,-,6,1
2016-10-08,7,Low Life,Future Featuring The Weeknd,6,2,32
2016-10-08,8,Chill Bill,Rob $tone Featuring J. Davi$ & Spooks,8,8,6
2016-10-08,9,Money Longer,Lil Uzi Vert,7,7,13
2016-10-08,10,Pick Up The Phone,Young Thug And Travis Scott Featuring Quavo,9,9,4
2016-10-08,11,For Free,DJ Khaled Featuring Drake,10,4,14
2016-10-08,12,Caroline,Amine,13,12,2
2016-10-08,13,OOOUUU,Young M.A,19,13,2
2016-10-08,14,No Problem,Chance the Rapper Featuring Lil Wayne & 2 Chainz,16,14,9
2016-10-08,15,THat Part,ScHoolboy Q Featuring Kanye West,11,8,15
2016-10-15,1,Broccoli,D.R.A.M. Featuring Lil Yachty,1,1,15
2016-10-15,2,Panda,Desiigner,2,1,30
2016-10-15,3,Sucker For Pain,"Lil Wayne , Wiz Khalifa & Imagine Dragons With Logic & Ty Dolla $ign Feat. X Ambassadors",3,2,11
2016-10-15,4,OOOUUU,Young M.A,13,4,3
2016-10-15,5,Chill Bill,Rob $tone Featuring J. Davi$ & Spooks,8,5,7
2016-10-15,6,Too Good,Drake Featuring Rihanna,5,4,22
2016-10-15,7,Black Beatles,Rae Sremmurd Featuring Gucci Mane,18,7,2
2016-10-15,8,Low Life,Future Featuring The Weeknd,7,2,33
2016-10-15,9,Tiimmy Turner,Desiigner,4,3,10
2016-10-15,10,Caroline,Amine,12,10,3
2016-10-15,11,Pick Up The Phone,Young Thug And Travis Scott Featuring Quavo,10,9,5
2016-10-15,12,Money Longer,Lil Uzi Vert,9,7,14
2016-10-15,13,1 Night,Lil Yachty,16,13,5
2016-10-15,14,Too Much Sauce,DJ Esco Featuring Future & Lil Uzi Vert,17,12,5
2016-10-15,15,X,21 Savage & Metro Boomin Featuring Future,19,15,3
2016-10-22,1,Broccoli,D.R.A.M. Featuring Lil Yachty,1,1,16
2016-10-22,2,Panda,Desiigner,2,1,31
2016-10-22,3,Sucker For Pain,"Lil Wayne , Wiz Khalifa & Imagine Dragons With Logic & Ty Dolla $ign Feat. X Ambassadors",3,2,12
2016-10-22,4,OOOUUU,Young M.A,4,4,4
2016-10-22,5,Tiimmy Turner,Desiigner,9,3,11
2016-10-22,6,Black Beatles,Rae Sremmurd Featuring Gucci Mane,7,6,3
2016-10-22,7,Chill Bill,Rob $tone Featuring J. Davi$ & Spooks,5,5,8
2016-10-22,8,Caroline,Amine,10,8,4
2016-10-22,9,Low Life,Future Featuring The Weeknd,8,2,34
2016-10-22,10,Too Good,Drake Featuring Rihanna,6,4,23
2016-10-22,11,Pick Up The Phone,Young Thug And Travis Scott Featuring Quavo,11,9,6
2016-10-22,12,Money Longer,Lil Uzi Vert,12,7,15
2016-10-22,13,1 Night,Lil Yachty,13,13,6
2016-10-22,14,Too Much Sauce,DJ Esco Featuring Future & Lil Uzi Vert,14,12,6
2016-10-22,15,No Problem,Chance the Rapper Featuring Lil Wayne & 2 Chainz,16,14,11
2016-10-29,1,Broccoli,D.R.A.M. Featuring Lil Yachty,1,1,17
2016-10-29,2,Juju On That Beat (TZ Anthem),Zay Hilfigerrr & Zayion McCall,-,2,2
2016-10-29,3,Black Beatles,Rae Sremmurd Featuring Gucci Mane,6,3,4
2016-10-29,4,Panda,Desiigner,2,1,32
2016-10-29,5,OOOUUU,Young M.A,4,4,5
2016-10-29,6,Sucker For Pain,"Lil Wayne , Wiz Khalifa & Imagine Dragons With Logic & Ty Dolla $ign Feat. X Ambassadors",3,2,13
2016-10-29,7,Caroline,Amine,8,7,5
2016-10-29,8,Tiimmy Turner,Desiigner,5,3,12
2016-10-29,9,Chill Bill,Rob $tone Featuring J. Davi$ & Spooks,7,5,9
2016-10-29,10,Low Life,Future Featuring The Weeknd,9,2,35
2016-10-29,11,Too Good,Drake Featuring Rihanna,10,4,24
2016-10-29,12,Too Much Sauce,DJ Esco Featuring Future & Lil Uzi Vert,14,12,7
2016-10-29,13,Pick Up The Phone,Young Thug And Travis Scott Featuring Quavo,11,9,7
2016-10-29,14,1 Night,Lil Yachty,13,13,7
2016-10-29,15,Money Longer,Lil Uzi Vert,12,7,16
2016-11-05,1,Broccoli,D.R.A.M. Featuring Lil Yachty,1,1,18
2016-11-05,2,Juju On That Beat (TZ Anthem),Zay Hilfigerrr & Zayion McCall,2,2,3
2016-11-05,3,Black Beatles,Rae Sremmurd Featuring Gucci Mane,3,3,5
2016-11-05,4,OOOUUU,Young M.A,5,4,6
2016-11-05,5,Caroline,Amine,7,5,6
2016-11-05,6,Tiimmy Turner,Desiigner,8,3,13
2016-11-05,7,Sucker For Pain,"Lil Wayne , Wiz Khalifa & Imagine Dragons With Logic & Ty Dolla $ign Feat. X Ambassadors",6,2,14
2016-11-05,8,Panda,Desiigner,4,1,33
2016-11-05,9,Chill Bill,Rob $tone Featuring J. Davi$ & Spooks,9,5,10
2016-11-05,10,X,21 Savage & Metro Boomin Featuring Future,16,10,6
2016-11-05,11,Low Life,Future Featuring The Weeknd,10,2,36
2016-11-05,12,1 Night,Lil Yachty,14,12,8
2016-11-05,13,Money Longer,Lil Uzi Vert,15,7,17
2016-11-05,14,Too Much Sauce,DJ Esco Featuring Future & Lil Uzi Vert,12,12,8
2016-11-05,15,Too Good,Drake Featuring Rihanna,11,4,25
2016-11-12,1,Broccoli,D.R.A.M. Featuring Lil Yachty,1,1,19
2016-11-12,2,Juju On That Beat (TZ Anthem),Zay Hilfigerrr & Zayion McCall,2,2,4
2016-11-12,3,Black Beatles,Rae Sremmurd Featuring Gucci Mane,3,3,6
2016-11-12,4,Caroline,Amine,5,4,7
2016-11-12,5,OOOUUU,Young M.A,4,4,7
2016-11-12,6,Tiimmy Turner,Desiigner,6,3,14
2016-11-12,7,Panda,Desiigner,8,1,34
2016-11-12,8,Chill Bill,Rob $tone Featuring J. Davi$ & Spooks,9,5,11
2016-11-12,9,Sucker For Pain,"Lil Wayne , Wiz Khalifa & Imagine Dragons With Logic & Ty Dolla $ign Feat. X Ambassadors",7,2,15
2016-11-12,10,X,21 Savage & Metro Boomin Featuring Future,10,10,7
2016-11-12,11,Fake Love,Drake,-,11,1
2016-11-12,12,1 Night,Lil Yachty,12,12,9
2016-11-12,13,Too Much Sauce,DJ Esco Featuring Future & Lil Uzi Vert,14,12,9
2016-11-12,14,Money Longer,Lil Uzi Vert,13,7,18
2016-11-12,15,Low Life,Future Featuring The Weeknd,11,2,37
2016-11-19,1,Juju On That Beat (TZ Anthem),Zay Hilfigerrr & Zayion McCall,2,1,5
2016-11-19,2,Broccoli,D.R.A.M. Featuring Lil Yachty,1,1,20
2016-11-19,3,Black Beatles,Rae Sremmurd Featuring Gucci Mane,3,3,7
2016-11-19,4,Fake Love,Drake,11,4,2
2016-11-19,5,Caroline,Amine,4,4,8
2016-11-19,6,OOOUUU,Young M.A,5,4,8
2016-11-19,7,Sneakin',Drake Featuring 21 Savage,19,7,2
2016-11-19,8,Tiimmy Turner,Desiigner,6,3,15
2016-11-19,9,Chill Bill,Rob $tone Featuring J. Davi$ & Spooks,8,5,12
2016-11-19,10,Panda,Desiigner,7,1,35
2016-11-19,11,Sucker For Pain,"Lil Wayne , Wiz Khalifa & Imagine Dragons With Logic & Ty Dolla $ign Feat. X Ambassadors",9,2,16
2016-11-19,12,X,21 Savage & Metro Boomin Featuring Future,10,10,8
2016-11-19,13,Litty,Meek Mill Featuring Tory Lanez,-,13,1
2016-11-19,14,1 Night,Lil Yachty,12,12,10
2016-11-19,15,Too Much Sauce,DJ Esco Featuring Future & Lil Uzi Vert,13,12,10
2016-11-26,1,Black Beatles,Rae Sremmurd Featuring Gucci Mane,3,1,8
2016-11-26,2,Juju On That Beat (TZ Anthem),Zay Hilfigerrr & Zayion McCall,1,1,6
2016-11-26,3,Broccoli,D.R.A.M. Featuring Lil Yachty,2,1,21
2016-11-26,4,Used To This,Future Featuring Drake,-,4,1
2016-11-26,5,Fake Love,Drake,4,4,3
2016-11-26,6,Caroline,Amine,5,4,9
2016-11-26,7,OOOUUU,Young M.A,6,4,9
2016-11-26,8,Chill Bill,Rob $tone Featuring J. Davi$ & Spooks,9,5,13
2016-11-26,9,Tiimmy Turner,Desiigner,8,3,16
2016-11-26,10,X,21 Savage & Metro Boomin Featuring Future,12,10,9
2016-11-26,11,Panda,Desiigner,10,1,36
2016-11-26,12,Sneakin',Drake Featuring 21 Savage,7,7,3
2016-11-26,13,Sucker For Pain,"Lil Wayne , Wiz Khalifa & Imagine Dragons With Logic & Ty Dolla $ign Feat. X Ambassadors",11,2,17
2016-11-26,14,1 Night,Lil Yachty,14,12,11
2016-11-26,15,No Heart,21 Savage & Metro Boomin,19,15,4
2016-12-03,1,Black Beatles,Rae Sremmurd Featuring Gucci Mane,1,1,9
2016-12-03,2,Juju On That Beat (TZ Anthem),Zay Hilfigerrr & Zayion McCall,2,1,7
2016-12-03,3,Broccoli,D.R.A.M. Featuring Lil Yachty,3,1,22
2016-12-03,4,Caroline,Amine,6,4,10
2016-12-03,5,Fake Love,Drake,5,4,4
2016-12-03,6,OOOUUU,Young M.A,7,4,10
2016-12-03,7,Used To This,Future Featuring Drake,4,4,2
2016-12-03,8,Chill Bill,Rob $tone Featuring J. Davi$ & Spooks,8,5,14
2016-12-03,9,Tiimmy Turner,Desiigner,9,3,17
2016-12-03,10,X,21 Savage & Metro Boomin Featuring Future,10,10,10
2016-12-03,11,Panda,Desiigner,11,1,37
2016-12-03,12,Sneakin',Drake Featuring 21 Savage,12,7,4
2016-12-03,13,Sucker For Pain,"Lil Wayne , Wiz Khalifa & Imagine Dragons With Logic & Ty Dolla $ign Feat. X Ambassadors",13,2,18
2016-12-03,14,1 Night,Lil Yachty,14,12,12
2016-12-03,15,Too Much Sauce,DJ Esco Featuring Future & Lil Uzi Vert,17,12,12
2016-12-10,1,Black Beatles,Rae Sremmurd Featuring Gucci Mane,1,1,10
2016-12-10,2,Juju On That Beat (TZ Anthem),Zay Hilfigerrr & Zayion McCall,2,1,8
2016-12-10,3,Broccoli,D.R.A.M. Featuring Lil Yachty,3,1,23
2016-12-10,4,Caroline,Amine,4,4,11
2016-12-10,5,Fake Love,Drake,5,4,5
2016-12-10,6,OOOUUU,Young M.A,6,4,11
2016-12-10,7,X,21 Savage & Metro Boomin Featuring Future,10,7,11
2016-12-10,8,Used To This,Future Featuring Drake,7,4,3
2016-12-10,9,Chill Bill,Rob $tone Featuring J. Davi$ & Spooks,8,5,15
2016-12-10,10,Tiimmy Turner,Desiigner,9,3,18
2016-12-10,11,Panda,Desiigner,11,1,38
2016-12-10,12,Sucker For Pain,"Lil Wayne , Wiz Khalifa & Imagine Dragons With Logic & Ty Dolla $ign Feat. X Ambassadors",13,2,19
2016-12-10,13,Sneakin',Drake Featuring 21 Savage,12,7,5
2016-12-10,14,1 Night,Lil Yachty,14,12,13
2016-12-10,15,No Heart,21 Savage & Metro Boomin,16,15,6
2016-12-17,1,Black Beatles,Rae Sremmurd Featuring Gucci Mane,1,1,11
2016-12-17,2,Juju On That Beat (TZ Anthem),Zay Hilfigerrr & Zayion McCall,2,1,9
2016-12-17,3,Broccoli,D.R.A.M. Featuring Lil Yachty,3,1,24
2016-12-17,4,Fake Love,Drake,5,4,6
2016-12-17,5,Caroline,Amine,4,4,12
2016-12-17,6,OOOUUU,Young M.A,6,4,12
2016-12-17,7,X,21 Savage & Metro Boomin Featuring Future,7,7,12
2016-12-17,8,Chill Bill,Rob $tone Featuring J. Davi$ & Spooks,9,5,16
2016-12-17,9,Used To This,Future Featuring Drake,8,4,4
2016-12-17,10,Bad Things,Machine Gun Kelly x Camila Cabello,25,10,2
2016-12-17,11,Bad And Boujee,Migos Featuring Lil Uzi Vert,19,11,3
2016-12-17,12,Tiimmy Turner,Desiigner,10,3,19
2016-12-17,13,Panda,Desiigner,11,1,39
2016-12-17,14,No Heart,21 Savage & Metro Boomin,15,14,7
2016-12-17,15,Bounce Back,Big Sean,20,15,4
2016-12-24,1,Black Beatles,Rae Sremmurd Featuring Gucci Mane,1,1,12
2016-12-24,2,Juju On That Beat (TZ Anthem),Zay Hilfigerrr & Zayion McCall,2,1,10
2016-12-24,3,Broccoli,D.R.A.M. Featuring Lil Yachty,3,1,25
2016-12-24,4,Fake Love,Drake,4,4,7
2016-12-24,5,Caroline,Amine,5,4,13
2016-12-24,6,Bad Things,Machine Gun Kelly x Camila Cabello,10,6,3
2016-12-24,7,Bad And Boujee,Migos Featuring Lil Uzi Vert,11,7,4
2016-12-24,8,OOOUUU,Young M.A,6,4,13
2016-12-24,9,Chill Bill,Rob $tone Featuring J. Davi$ & Spooks,8,5,17
2016-12-24,10,X,21 Savage & Metro Boomin Featuring Future,7,7,13
2016-12-24,11,Panda,Desiigner,13,1,40
2016-12-24,12,No Heart,21 Savage & Metro Boomin,14,12,8
2016-12-24,13,Used To This,Future Featuring Drake,9,4,5
2016-12-24,14,Bounce Back,Big Sean,15,14,5
2016-12-24,15,Tiimmy Turner,Desiigner,12,3,20
2016-12-31,1,Black Beatles,Rae Sremmurd Featuring Gucci Mane,1,1,13
2016-12-31,2,Deja Vu,J. Cole,-,2,1
2016-12-31,3,Juju On That Beat (TZ Anthem),Zay Hilfigerrr & Zayion McCall,2,1,11
2016-12-31,4,Immortal,J. Cole,-,4,1
2016-12-31,5,Neighbors,J. Cole,-,5,1
2016-12-31,6,Change,J. Cole,-,6,1
2016-12-31,7,Ville Mentality,J. Cole,-,7,1
2016-12-31,8,"She's Mine, Pt. 1",J. Cole,-,8,1
2016-12-31,9,For Whom The Bell Tolls,J. Cole,-,9,1
2016-12-31,10,Broccoli,D.R.A.M. Featuring Lil Yachty,3,1,26
2016-12-31,11,Caroline,Amine,5,4,14
2016-12-31,12,Foldin Clothes,J. Cole,-,12,1
2016-12-31,13,Fake Love,Drake,4,4,8
2016-12-31,14,4 Your Eyez Only,J. Cole,-,14,1
2016-12-31,15,She's Mine Pt. 2,J. Cole,-,15,1
2017-01-07,1,Black Beatles,Rae Sremmurd Featuring Gucci Mane,1,1,14
2017-01-07,2,Juju On That Beat (TZ Anthem),Zay Hilfigerrr & Zayion McCall,3,1,12
2017-01-07,3,Bad And Boujee,Migos Featuring Lil Uzi Vert,16,3,6
2017-01-07,4,Broccoli,D.R.A.M. Featuring Lil Yachty,10,1,27
2017-01-07,5,Caroline,Amine,11,4,15
2017-01-07,6,Fake Love,Drake,13,4,9
2017-01-07,7,OOOUUU,Young M.A,21,4,15
2017-01-07,8,Bad Things,Machine Gun Kelly x Camila Cabello,17,6,5
2017-01-07,9,Bounce Back,Big Sean,18,9,7
2017-01-07,10,Deja Vu,J. Cole,2,2,2
2017-01-07,11,Panda,Desiigner,23,1,42
2017-01-07,12,No Heart,21 Savage & Metro Boomin,19,12,10
2017-01-07,13,X,21 Savage & Metro Boomin Featuring Future,20,7,15
2017-01-07,14,Neighbors,J. Cole,5,5,2
2017-01-07,15,Immortal,J. Cole,4,4,2
2017-01-14,1,Bad And Boujee,Migos Featuring Lil Uzi Vert,3,1,7
2017-01-14,2,Juju On That Beat (TZ Anthem),Zay Hilfigerrr & Zayion McCall,2,1,13
2017-01-14,3,Black Beatles,Rae Sremmurd Featuring Gucci Mane,1,1,15
2017-01-14,4,Broccoli,D.R.A.M. Featuring Lil Yachty,4,1,28
2017-01-14,5,Caroline,Amine,5,4,16
2017-01-14,6,OOOUUU,Young M.A,7,4,16
2017-01-14,7,Fake Love,Drake,6,4,10
2017-01-14,8,Bad Things,Machine Gun Kelly x Camila Cabello,8,6,6
2017-01-14,9,Bounce Back,Big Sean,9,9,8
2017-01-14,10,Panda,Desiigner,11,1,43
2017-01-14,11,X,21 Savage & Metro Boomin Featuring Future,13,7,16
2017-01-14,12,No Heart,21 Savage & Metro Boomin,12,12,11
2017-01-14,13,Deja Vu,J. Cole,10,2,3
2017-01-14,14,Chill Bill,Rob $tone Featuring J. Davi$ & Spooks,16,5,20
2017-01-14,15,Too Much Sauce,DJ Esco Featuring Future & Lil Uzi Vert,17,12,17
2017-01-21,1,Bad And Boujee,Migos Featuring Lil Uzi Vert,1,1,8
2017-01-21,2,Black Beatles,Rae Sremmurd Featuring Gucci Mane,3,1,16
2017-01-21,3,Juju On That Beat (TZ Anthem),Zay Hilfigerrr & Zayion McCall,2,1,14
2017-01-21,4,Broccoli,D.R.A.M. Featuring Lil Yachty,4,1,29
2017-01-21,5,Caroline,Amine,5,4,17
2017-01-21,6,Fake Love,Drake,7,4,11
2017-01-21,7,Bounce Back,Big Sean,9,7,9
2017-01-21,8,OOOUUU,Young M.A,6,4,17
2017-01-21,9,Bad Things,Machine Gun Kelly x Camila Cabello,8,6,7
2017-01-21,10,X,21 Savage & Metro Boomin Featuring Future,11,7,17
2017-01-21,11,Panda,Desiigner,10,1,44
2017-01-21,12,No Heart,21 Savage & Metro Boomin,12,12,12
2017-01-21,13,Chill Bill,Rob $tone Featuring J. Davi$ & Spooks,14,5,21
2017-01-21,14,Too Much Sauce,DJ Esco Featuring Future & Lil Uzi Vert,15,12,18
2017-01-21,15,Deja Vu,J. Cole,13,2,4
2017-01-28,1,Bad And Boujee,Migos Featuring Lil Uzi Vert,1,1,9
2017-01-28,2,Black Beatles,Rae Sremmurd Featuring Gucci Mane,2,1,17
2017-01-28,3,Juju On That Beat (TZ Anthem),Zay Hilfigerrr & Zayion McCall,3,1,15
2017-01-28,4,Caroline,Amine,5,4,18
2017-01-28,5,Bounce Back,Big Sean,7,5,10
2017-01-28,6,Fake Love,Drake,6,4,12
2017-01-28,7,Broccoli,D.R.A.M. Featuring Lil Yachty,4,1,30
2017-01-28,8,Bad Things,Machine Gun Kelly x Camila Cabello,9,6,8
2017-01-28,9,No Heart,21 Savage & Metro Boomin,12,9,13
2017-01-28,10,X,21 Savage & Metro Boomin Featuring Future,10,7,18
2017-01-28,11,iSpy,Kyle Featuring Lil Yachty,22,11,2
2017-01-28,12,Panda,Desiigner,11,1,45
2017-01-28,13,OOOUUU,Young M.A,8,4,18
2017-01-28,14,Chill Bill,Rob $tone Featuring J. Davi$ & Spooks,13,5,22
2017-01-28,15,You Was Right,Lil Uzi Vert,16,15,25
2017-02-04,1,Bad And Boujee,Migos Featuring Lil Uzi Vert,1,1,10
2017-02-04,2,Black Beatles,Rae Sremmurd Featuring Gucci Mane,2,1,18
2017-02-04,3,Juju On That Beat (TZ Anthem),Zay Hilfigerrr & Zayion McCall,3,1,16
2017-02-04,4,Bounce Back,Big Sean,5,4,11
2017-02-04,5,Caroline,Amine,4,4,19
2017-02-04,6,Fake Love,Drake,6,4,13
2017-02-04,7,Broccoli,D.R.A.M. Featuring Lil Yachty,7,1,31
2017-02-04,8,Bad Things,Machine Gun Kelly x Camila Cabello,8,6,9
2017-02-04,9,iSpy,Kyle Featuring Lil Yachty,11,9,3
2017-02-04,10,X,21 Savage & Metro Boomin Featuring Future,10,7,19
2017-02-04,11,No Heart,21 Savage & Metro Boomin,9,9,14
2017-02-04,12,T-Shirt,Migos,-,12,1
2017-02-04,13,Panda,Desiigner,12,1,46
2017-02-04,14,Both,Gucci Mane Featuring Drake,16,14,4
2017-02-04,15,You Was Right,Lil Uzi Vert,15,15,26
2017-02-11,1,Bad And Boujee,Migos Featuring Lil Uzi Vert,1,1,11
2017-02-11,2,Black Beatles,Rae Sremmurd Featuring Gucci Mane,2,1,19
2017-02-11,3,Bounce Back,Big Sean,4,3,12
2017-02-11,4,Caroline,Amine,5,4,20
2017-02-11,5,Fake Love,Drake,6,4,14
2017-02-11,6,Juju On That Beat (TZ Anthem),Zay Hilfigerrr & Zayion McCall,3,1,17
2017-02-11,7,Bad Things,Machine Gun Kelly x Camila Cabello,8,6,10
2017-02-11,8,Broccoli,D.R.A.M. Featuring Lil Yachty,7,1,32
2017-02-11,9,T-Shirt,Migos,12,9,2
2017-02-11,10,iSpy,Kyle Featuring Lil Yachty,9,9,4
2017-02-11,11,X,21 Savage & Metro Boomin Featuring Future,10,7,20
2017-02-11,12,Chill Bill,Rob $tone Featuring J. Davi$ & Spooks,16,5,24
2017-02-11,13,Both,Gucci Mane Featuring Drake,14,13,5
2017-02-11,14,No Heart,21 Savage & Metro Boomin,11,9,15
2017-02-11,15,Deja Vu,J. Cole,18,2,7
2017-02-18,1,Bad And Boujee,Migos Featuring Lil Uzi Vert,1,1,12
2017-02-18,2,T-Shirt,Migos,9,2,3
2017-02-18,3,Black Beatles,Rae Sremmurd Featuring Gucci Mane,2,1,20
2017-02-18,4,Bounce Back,Big Sean,3,3,13
2017-02-18,5,Caroline,Amine,4,4,21
2017-02-18,6,Fake Love,Drake,5,4,15
2017-02-18,7,Bad Things,Machine Gun Kelly x Camila Cabello,7,6,11
2017-02-18,8,Juju On That Beat (TZ Anthem),Zay Hilfigerrr & Zayion McCall,6,1,18
2017-02-18,9,iSpy,Kyle Featuring Lil Yachty,10,9,5
2017-02-18,10,Broccoli,D.R.A.M. Featuring Lil Yachty,8,1,33
2017-02-18,11,Congratulations,Post Malone Featuring Quavo,20,11,2
2017-02-18,12,Slippery,Migos Featuring Gucci Mane,-,12,1
2017-02-18,13,Call Casting,Migos,-,13,1
2017-02-18,14,Kelly Price,Migos Featuring Travis Scott,-,14,1
2017-02-18,15,X,21 Savage & Metro Boomin Featuring Future,11,7,21
2017-02-25,1,Bad And Boujee,Migos Featuring Lil Uzi Vert,1,1,13
2017-02-25,2,Bounce Back,Big Sean,4,2,14
2017-02-25,3,Black Beatles,Rae Sremmurd Featuring Gucci Mane,3,1,21
2017-02-25,4,T-Shirt,Migos,2,2,4
2017-02-25,5,Caroline,Amine,5,4,22
2017-02-25,6,iSpy,Kyle Featuring Lil Yachty,9,6,6
2017-02-25,7,Bad Things,Machine Gun Kelly x Camila Cabello,7,6,12
2017-02-25,8,No Favors,Big Sean Featuring Eminem,-,8,1
2017-02-25,9,Fake Love,Drake,6,4,16
2017-02-25,10,Juju On That Beat (TZ Anthem),Zay Hilfigerrr & Zayion McCall,8,1,19
2017-02-25,11,Broccoli,D.R.A.M. Featuring Lil Yachty,10,1,34
2017-02-25,12,Moves,Big Sean,-,12,3
2017-02-25,13,Congratulations,Post Malone Featuring Quavo,11,11,3
2017-02-25,14,X,21 Savage & Metro Boomin Featuring Future,15,7,22
2017-02-25,15,Both,Gucci Mane Featuring Drake,17,13,7
2017-03-04,1,Bad And Boujee,Migos Featuring Lil Uzi Vert,1,1,14
2017-03-04,2,Bounce Back,Big Sean,2,2,15
2017-03-04,3,T-Shirt,Migos,4,2,5
2017-03-04,4,Black Beatles,Rae Sremmurd Featuring Gucci Mane,3,1,22
2017-03-04,5,iSpy,Kyle Featuring Lil Yachty,6,5,7
2017-03-04,6,Congratulations,Post Malone Featuring Quavo,13,6,4
2017-03-04,7,Caroline,Amine,5,4,23
2017-03-04,8,Bad Things,Machine Gun Kelly x Camila Cabello,7,6,13
2017-03-04,9,Fake Love,Drake,9,4,17
2017-03-04,10,Broccoli,D.R.A.M. Featuring Lil Yachty,11,1,35
2017-03-04,11,Juju On That Beat (TZ Anthem),Zay Hilfigerrr & Zayion McCall,10,1,20
2017-03-04,12,Moves,Big Sean,12,12,4
2017-03-04,13,X,21 Savage & Metro Boomin Featuring Future,14,7,23
2017-03-04,14,Both,Gucci Mane Featuring Drake,15,13,8
2017-03-04,15,No Favors,Big Sean Featuring Eminem,8,8,2
2017-03-11,1,Bad And Boujee,Migos Featuring Lil Uzi Vert,1,1,15
2017-03-11,2,Bounce Back,Big Sean,2,2,16
2017-03-11,3,Tunnel Vision,Kodak Black,-,3,1
2017-03-11,4,iSpy,Kyle Featuring Lil Yachty,5,4,8
2017-03-11,5,T-Shirt,Migos,3,2,6
2017-03-11,6,Congratulations,Post Malone Featuring Quavo,6,6,5
2017-03-11,7,Black Beatles,Rae Sremmurd Featuring Gucci Mane,4,1,23
2017-03-11,8,Swang,Rae Sremmurd,16,8,5
2017-03-11,9,Caroline,Amine,7,4,24
2017-03-11,10,Bad Things,Machine Gun Kelly x Camila Cabello,8,6,14
2017-03-11,11,Fake Love,Drake,9,4,18
2017-03-11,12,Broccoli,D.R.A.M. Featuring Lil Yachty,10,1,36
2017-03-11,13,Mask Off,Future,-,13,1
2017-03-11,14,Juju On That Beat (TZ Anthem),Zay Hilfigerrr & Zayion McCall,11,1,21
2017-03-11,15,Draco,Future,-,15,1
2017-03-18,1,Bad And Boujee,Migos Featuring Lil Uzi Vert,1,1,16
2017-03-18,2,Tunnel Vision,Kodak Black,3,2,2
2017-03-18,3,iSpy,Kyle Featuring Lil Yachty,4,3,9
2017-03-18,4,Bounce Back,Big Sean,2,2,17
2017-03-18,5,Congratulations,Post Malone Featuring Quavo,6,5,6
2017-03-18,6,T-Shirt,Migos,5,2,7
2017-03-18,7,Black Beatles,Rae Sremmurd Featuring Gucci Mane,7,1,24
2017-03-18,8,Swang,Rae Sremmurd,8,8,6
2017-03-18,9,Mask Off,Future,13,9,2
2017-03-18,10,Caroline,Amine,9,4,25
2017-03-18,11,Fake Love,Drake,11,4,19
2017-03-18,12,Bad Things,Machine Gun Kelly x Camila Cabello,10,6,15
2017-03-18,13,Juju On That Beat (TZ Anthem),Zay Hilfigerrr & Zayion McCall,14,1,22
2017-03-18,14,Broccoli,D.R.A.M. Featuring Lil Yachty,12,1,37
2017-03-18,15,Draco,Future,15,15,2
2017-03-25,1,Bad And Boujee,Migos Featuring Lil Uzi Vert,1,1,17
2017-03-25,2,Tunnel Vision,Kodak Black,2,2,3
2017-03-25,3,iSpy,Kyle Featuring Lil Yachty,3,3,10
2017-03-25,4,Bounce Back,Big Sean,4,2,18
2017-03-25,5,Congratulations,Post Malone Featuring Quavo,5,5,7
2017-03-25,6,T-Shirt,Migos,6,2,8
2017-03-25,7,Mask Off,Future,9,7,3
2017-03-25,8,Swang,Rae Sremmurd,8,8,7
2017-03-25,9,Black Beatles,Rae Sremmurd Featuring Gucci Mane,7,1,25
2017-03-25,10,Rolex,Ayo & Teo,18,10,3
2017-03-25,11,Look At Me!,XXXTENTACION,16,11,4
2017-03-25,12,Caroline,Amine,10,4,26
2017-03-25,13,Fake Love,Drake,11,4,20
2017-03-25,14,Bad Things,Machine Gun Kelly x Camila Cabello,12,6,16
2017-03-25,15,Juju On That Beat (TZ Anthem),Zay Hilfigerrr & Zayion McCall,13,1,23
2017-04-01,1,Bad And Boujee,Migos Featuring Lil Uzi Vert,1,1,18
2017-04-01,2,Tunnel Vision,Kodak Black,2,2,4
2017-04-01,3,iSpy,Kyle Featuring Lil Yachty,3,3,11
2017-04-01,4,Mask Off,Future,7,4,4
2017-04-01,5,Congratulations,Post Malone Featuring Quavo,5,5,8
2017-04-01,6,Bounce Back,Big Sean,4,2,19
2017-04-01,7,Rolex,Ayo & Teo,10,7,4
2017-04-01,8,T-Shirt,Migos,6,2,9
2017-04-01,9,Swang,Rae Sremmurd,8,8,8
2017-04-01,10,Black Beatles,Rae Sremmurd Featuring Gucci Mane,9,1,26
2017-04-01,11,No Frauds,Nicki Minaj With Drake & Lil Wayne,-,11,1
2017-04-01,12,Caroline,Amine,12,4,27
2017-04-01,13,Fake Love,Drake,13,4,21
2017-04-01,14,Look At Me!,XXXTENTACION,11,11,5
2017-04-01,15,Juju On That Beat (TZ Anthem),Zay Hilfigerrr & Zayion McCall,15,1,24
2017-04-08,1,Tunnel Vision,Kodak Black,2,1,5
2017-04-08,2,Bad And Boujee,Migos Featuring Lil Uzi Vert,1,1,19
2017-04-08,3,Portland,Drake Featuring Quavo & Travis Scott,-,3,1
2017-04-08,4,Free Smoke,Drake,-,4,1
2017-04-08,5,iSpy,Kyle Featuring Lil Yachty,3,3,12
2017-04-08,6,Gyalchester,Drake,-,6,1
2017-04-08,7,Sacrifices,Drake Featuring 2 Chainz & Young Thug,-,7,1
2017-04-08,8,Congratulations,Post Malone Featuring Quavo,5,5,9
2017-04-08,9,No Long Talk,Drake Featuring Giggs,-,9,1
2017-04-08,10,Mask Off,Future,4,4,5
2017-04-08,11,Fake Love,Drake,13,4,22
2017-04-08,12,T-Shirt,Migos,8,2,10
2017-04-08,13,Jorja Interlude,Drake,-,13,1
2017-04-08,14,Bounce Back,Big Sean,6,2,20
2017-04-08,15,KMT,Drake Featuring Giggs,-,15,1
2017-04-15,1,Tunnel Vision,Kodak Black,1,1,6
2017-04-15,2,Bad And Boujee,Migos Featuring Lil Uzi Vert,2,1,20
2017-04-15,3,iSpy,Kyle Featuring Lil Yachty,5,3,13
2017-04-15,4,Portland,Drake Featuring Quavo & Travis Scott,3,3,2
2017-04-15,5,Mask Off,Future,10,4,6
2017-04-15,6,Congratulations,Post Malone Featuring Quavo,8,5,10
2017-04-15,7,T-Shirt,Migos,12,2,11
2017-04-15,8,Swang,Rae Sremmurd,16,8,10
2017-04-15,9,Bounce Back,Big Sean,14,2,21
2017-04-15,10,Look At Me!,XXXTENTACION,22,10,7
2017-04-15,11,Gyalchester,Drake,6,6,2
2017-04-15,12,Rolex,Ayo & Teo,17,7,6
2017-04-15,13,Free Smoke,Drake,4,4,2
2017-04-15,14,The Heart Part 4,Kendrick Lamar,-,14,1
2017-04-15,15,Fake Love,Drake,11,4,23
2017-04-22,1,Humble.,Kendrick Lamar,-,1,1
2017-04-22,2,Tunnel Vision,Kodak Black,1,1,7
2017-04-22,3,XO TOUR Llif3,Lil Uzi Vert,16,3,2
2017-04-22,4,iSpy,Kyle Featuring Lil Yachty,3,3,14
2017-04-22,5,Mask Off,Future,5,4,7
2017-04-22,6,Congratulations,Post Malone Featuring Quavo,6,5,11
2017-04-22,7,Bad And Boujee,Migos Featuring Lil Uzi Vert,2,1,21
2017-04-22,8,Look At Me!,XXXTENTACION,10,8,8
2017-04-22,9,Swang,Rae Sremmurd,8,8,11
2017-04-22,10,T-Shirt,Migos,7,2,12
2017-04-22,11,Portland,Drake Featuring Quavo & Travis Scott,4,3,3
2017-04-22,12,Bounce Back,Big Sean,9,2,22
2017-04-22,13,Rolex,Ayo & Teo,12,7,7
2017-04-22,14,Fake Love,Drake,15,4,24
2017-04-22,15,Gyalchester,Drake,11,6,3
2017-04-29,1,Humble.,Kendrick Lamar,1,1,2
2017-04-29,2,Mask Off,Future,5,2,8
2017-04-29,3,iSpy,Kyle Featuring Lil Yachty,4,3,15
2017-04-29,4,XO TOUR Llif3,Lil Uzi Vert,3,3,3
2017-04-29,5,Tunnel Vision,Kodak Black,2,1,8
2017-04-29,6,Congratulations,Post Malone Featuring Quavo,6,5,12
2017-04-29,7,Swang,Rae Sremmurd,9,7,12
2017-04-29,8,Bad And Boujee,Migos Featuring Lil Uzi Vert,7,1,22
2017-04-29,9,T-Shirt,Migos,10,2,13
2017-04-29,10,Look At Me!,XXXTENTACION,8,8,9
2017-04-29,11,Rolex,Ayo & Teo,13,7,8
2017-04-29,12,Portland,Drake Featuring Quavo & Travis Scott,11,3,4
2017-04-29,13,Bounce Back,Big Sean,12,2,23
2017-04-29,14,Fake Love,Drake,14,4,25
2017-04-29,15,Gyalchester,Drake,15,6,4
2017-05-06,1,Humble.,Kendrick Lamar,1,1,3
2017-05-06,2,DNA.,Kendrick Lamar,-,2,1
2017-05-06,3,Mask Off,Future,2,2,9
2017-05-06,4,XO TOUR Llif3,Lil Uzi Vert,4,3,4
2017-05-06,5,Element.,Kendrick Lamar,-,5,1
2017-05-06,6,Loyalty.,Kendrick Lamar Featuring Rihanna,-,6,1
2017-05-06,7,iSpy,Kyle Featuring Lil Yachty,3,3,16
2017-05-06,8,Love.,Kendrick Lamar Featuring Zacari,-,8,1
2017-05-06,9,Yah.,Kendrick Lamar,-,9,1
2017-05-06,10,Tunnel Vision,Kodak Black,5,1,9
2017-05-06,11,Congratulations,Post Malone Featuring Quavo,6,5,13
2017-05-06,12,XXX.,Kendrick Lamar Featuring U2,-,12,1
2017-05-06,13,Feel.,Kendrick Lamar,-,13,1
2017-05-06,14,Pride.,Kendrick Lamar,-,14,1
2017-05-06,15,Lust.,Kendrick Lamar,-,15,1
2017-05-13,1,Humble.,Kendrick Lamar,1,1,4
2017-05-13,2,DNA.,Kendrick Lamar,2,2,2
2017-05-13,3,Mask Off,Future,3,2,10
2017-05-13,4,XO TOUR Llif3,Lil Uzi Vert,4,3,5
2017-05-13,5,iSpy,Kyle Featuring Lil Yachty,7,3,17
2017-05-13,6,Congratulations,Post Malone Featuring Quavo,11,5,14
2017-05-13,7,Tunnel Vision,Kodak Black,10,1,10
2017-05-13,8,Love.,Kendrick Lamar Featuring Zacari,8,8,2
2017-05-13,9,Element.,Kendrick Lamar,5,5,2
2017-05-13,10,Loyalty.,Kendrick Lamar Featuring Rihanna,6,6,2
2017-05-13,11,Swang,Rae Sremmurd,16,7,14
2017-05-13,12,T-Shirt,Migos,18,2,15
2017-05-13,13,Bad And Boujee,Migos Featuring Lil Uzi Vert,20,1,24
2017-05-13,14,Look At Me!,XXXTENTACION,21,8,11
2017-05-13,15,Rolex,Ayo & Teo,23,7,10
2017-05-20,1,I'm The One,"DJ Khaled Featuring Justin Bieber , Quavo , Chance the Rapper & Lil Wayne",-,1,1
2017-05-20,2,Humble.,Kendrick Lamar,1,1,5
2017-05-20,3,XO TOUR Llif3,Lil Uzi Vert,4,3,6
2017-05-20,4,Mask Off,Future,3,2,11
2017-05-20,5,DNA.,Kendrick Lamar,2,2,3
2017-05-20,6,iSpy,Kyle Featuring Lil Yachty,5,3,18
2017-05-20,7,Congratulations,Post Malone Featuring Quavo,6,5,15
2017-05-20,8,Tunnel Vision,Kodak Black,7,1,11
2017-05-20,9,Swang,Rae Sremmurd,11,7,15
2017-05-20,10,Rolex,Ayo & Teo,15,7,11
2017-05-20,11,Bad And Boujee,Migos Featuring Lil Uzi Vert,13,1,25
2017-05-20,12,Love.,Kendrick Lamar Featuring Zacari,8,8,3
2017-05-20,13,T-Shirt,Migos,12,2,16
2017-05-20,14,Look At Me!,XXXTENTACION,14,8,12
2017-05-20,15,Element.,Kendrick Lamar,9,5,3
2017-05-27,1,Humble.,Kendrick Lamar,2,1,6
2017-05-27,2,I'm The One,"DJ Khaled Featuring Justin Bieber , Quavo , Chance the Rapper & Lil Wayne",1,1,2
2017-05-27,3,Mask Off,Future,4,2,12
2017-05-27,4,XO TOUR Llif3,Lil Uzi Vert,3,3,7
2017-05-27,5,Congratulations,Post Malone Featuring Quavo,7,5,16
2017-05-27,6,DNA.,Kendrick Lamar,5,2,4
2017-05-27,7,iSpy,Kyle Featuring Lil Yachty,6,3,19
2017-05-27,8,Tunnel Vision,Kodak Black,8,1,12
2017-05-27,9,Bad And Boujee,Migos Featuring Lil Uzi Vert,11,1,26
2017-05-27,10,Swang,Rae Sremmurd,9,7,16
2017-05-27,11,Rolex,Ayo & Teo,10,7,12
2017-05-27,12,Unforgettable,French Montana Featuring Swae Lee,16,12,3
2017-05-27,13,T-Shirt,Migos,13,2,17
2017-05-27,14,Love.,Kendrick Lamar Featuring Zacari,12,8,4
2017-05-27,15,Look At Me!,XXXTENTACION,14,8,13
2017-06-03,1,I'm The One,"DJ Khaled Featuring Justin Bieber , Quavo , Chance the Rapper & Lil Wayne",2,1,3
2017-06-03,2,Humble.,Kendrick Lamar,1,1,7
2017-06-03,3,XO TOUR Llif3,Lil Uzi Vert,4,3,8
2017-06-03,4,Mask Off,Future,3,2,13
2017-06-03,5,Congratulations,Post Malone Featuring Quavo,5,5,17
2017-06-03,6,iSpy,Kyle Featuring Lil Yachty,7,3,20
2017-06-03,7,DNA.,Kendrick Lamar,6,2,5
2017-06-03,8,Bad And Boujee,Migos Featuring Lil Uzi Vert,9,1,27
2017-06-03,9,Tunnel Vision,Kodak Black,8,1,13
2017-06-03,10,Swang,Rae Sremmurd,10,7,17
2017-06-03,11,Unforgettable,French Montana Featuring Swae Lee,12,11,4
2017-06-03,12,Rolex,Ayo & Teo,11,7,13
2017-06-03,13,Goosebumps,Travis Scott,17,13,13
2017-06-03,14,Look At Me!,XXXTENTACION,15,8,14
2017-06-03,15,T-Shirt,Migos,13,2,18
2017-06-10,1,I'm The One,"DJ Khaled Featuring Justin Bieber , Quavo , Chance the Rapper & Lil Wayne",1,1,4
2017-06-10,2,Humble.,Kendrick Lamar,2,1,8
2017-06-10,3,XO TOUR Llif3,Lil Uzi Vert,3,3,9
2017-06-10,4,Mask Off,Future,4,2,14
2017-06-10,5,Congratulations,Post Malone Featuring Quavo,5,5,18
2017-06-10,6,iSpy,Kyle Featuring Lil Yachty,6,3,21
2017-06-10,7,DNA.,Kendrick Lamar,7,2,6
2017-06-10,8,Unforgettable,French Montana Featuring Swae Lee,11,8,5
2017-06-10,9,Rolex,Ayo & Teo,12,7,14
2017-06-10,10,Bad And Boujee,Migos Featuring Lil Uzi Vert,8,1,28
2017-06-10,11,Tunnel Vision,Kodak Black,9,1,14
2017-06-10,12,Swang,Rae Sremmurd,10,7,18
2017-06-10,13,Look At Me!,XXXTENTACION,14,8,15
2017-06-10,14,Goosebumps,Travis Scott,13,13,14
2017-06-10,15,Drowning,A Boogie wit da Hoodie Featuring Kodak Black,16,15,6
2017-06-17,1,Mask Off,Future,4,1,15
2017-06-17,2,I'm The One,"DJ Khaled Featuring Justin Bieber , Quavo , Chance the Rapper & Lil Wayne",1,1,5
2017-06-17,3,XO TOUR Llif3,Lil Uzi Vert,3,3,10
2017-06-17,4,Humble.,Kendrick Lamar,2,1,9
2017-06-17,5,Congratulations,Post Malone Featuring Quavo,5,5,19
2017-06-17,6,iSpy,Kyle Featuring Lil Yachty,6,3,22
2017-06-17,7,Rolex,Ayo & Teo,9,7,15
2017-06-17,8,DNA.,Kendrick Lamar,7,2,7
2017-06-17,9,Unforgettable,French Montana Featuring Swae Lee,8,8,6
2017-06-17,10,Bad And Boujee,Migos Featuring Lil Uzi Vert,10,1,29
2017-06-17,11,Swang,Rae Sremmurd,12,7,19
2017-06-17,12,Tunnel Vision,Kodak Black,11,1,15
2017-06-17,13,Drowning,A Boogie wit da Hoodie Featuring Kodak Black,15,13,7
2017-06-17,14,Goosebumps,Travis Scott,14,13,15
2017-06-17,15,T-Shirt,Migos,16,2,20
2017-06-24,1,XO TOUR Llif3,Lil Uzi Vert,3,1,11
2017-06-24,2,I'm The One,"DJ Khaled Featuring Justin Bieber , Quavo , Chance the Rapper & Lil Wayne",2,1,6
2017-06-24,3,Mask Off,Future,1,1,16
2017-06-24,4,Humble.,Kendrick Lamar,4,1,10
2017-06-24,5,Congratulations,Post Malone Featuring Quavo,5,5,20
2017-06-24,6,iSpy,Kyle Featuring Lil Yachty,6,3,23
2017-06-24,7,Unforgettable,French Montana Featuring Swae Lee,9,7,7
2017-06-24,8,Rolex,Ayo & Teo,7,7,16
2017-06-24,9,DNA.,Kendrick Lamar,8,2,8
2017-06-24,10,Magnolia,Playboi Carti,18,10,5
2017-06-24,11,Swang,Rae Sremmurd,11,7,20
2017-06-24,12,Bad And Boujee,Migos Featuring Lil Uzi Vert,10,1,30
2017-06-24,13,Slippery,Migos Featuring Gucci Mane,16,12,8
2017-06-24,14,Drowning,A Boogie wit da Hoodie Featuring Kodak Black,13,13,8
2017-06-24,15,Tunnel Vision,Kodak Black,12,1,16
2017-07-01,1,I'm The One,"DJ Khaled Featuring Justin Bieber , Quavo , Chance the Rapper & Lil Wayne",2,1,7
2017-07-01,2,Humble.,Kendrick Lamar,4,1,11
2017-07-01,3,Mask Off,Future,3,1,17
2017-07-01,4,XO TOUR Llif3,Lil Uzi Vert,1,1,12
2017-07-01,5,Congratulations,Post Malone Featuring Quavo,5,5,21
2017-07-01,6,Unforgettable,French Montana Featuring Swae Lee,7,6,8
2017-07-01,7,iSpy,Kyle Featuring Lil Yachty,6,3,24
2017-07-01,8,Rolex,Ayo & Teo,8,7,17
2017-07-01,9,Magnolia,Playboi Carti,10,9,6
2017-07-01,10,DNA.,Kendrick Lamar,9,2,9
2017-07-01,11,Slippery,Migos Featuring Gucci Mane,13,11,9
2017-07-01,12,Bad And Boujee,Migos Featuring Lil Uzi Vert,12,1,31
2017-07-01,13,Drowning,A Boogie wit da Hoodie Featuring Kodak Black,14,13,9
2017-07-01,14,Tunnel Vision,Kodak Black,15,1,17
2017-07-01,15,Swang,Rae Sremmurd,11,7,21
2017-07-08,1,I'm The One,"DJ Khaled Featuring Justin Bieber , Quavo , Chance the Rapper & Lil Wayne",1,1,8
2017-07-08,2,Humble.,Kendrick Lamar,2,1,12
2017-07-08,3,Mask Off,Future,3,1,18
2017-07-08,4,Congratulations,Post Malone Featuring Quavo,5,4,22
2017-07-08,5,XO TOUR Llif3,Lil Uzi Vert,4,1,13
2017-07-08,6,Unforgettable,French Montana Featuring Swae Lee,6,6,9
2017-07-08,7,Magnolia,Playboi Carti,9,7,7
2017-07-08,8,iSpy,Kyle Featuring Lil Yachty,7,3,25
2017-07-08,9,Rolex,Ayo & Teo,8,7,18
2017-07-08,10,Slippery,Migos Featuring Gucci Mane,11,10,10
2017-07-08,11,DNA.,Kendrick Lamar,10,2,10
2017-07-08,12,Bad And Boujee,Migos Featuring Lil Uzi Vert,12,1,32
2017-07-08,13,Drowning,A Boogie wit da Hoodie Featuring Kodak Black,13,13,10
2017-07-08,14,Swang,Rae Sremmurd,15,7,22
2017-07-08,15,Everyday We Lit,Yfn Lucci Featuring PnB Rock,17,15,4
2017-07-15,1,I'm The One,"DJ Khaled Featuring Justin Bieber , Quavo , Chance the Rapper & Lil Wayne",1,1,9
2017-07-15,2,Congratulations,Post Malone Featuring Quavo,4,2,23
2017-07-15,3,Mask Off,Future,3,1,19
2017-07-15,4,Humble.,Kendrick Lamar,2,1,13
2017-07-15,5,XO TOUR Llif3,Lil Uzi Vert,5,1,14
2017-07-15,6,Unforgettable,French Montana Featuring Swae Lee,6,6,10
2017-07-15,7,iSpy,Kyle Featuring Lil Yachty,8,3,26
2017-07-15,8,Magnolia,Playboi Carti,7,7,8
2017-07-15,9,Rolex,Ayo & Teo,9,7,19
2017-07-15,10,Slippery,Migos Featuring Gucci Mane,10,10,11
2017-07-15,11,Drowning,A Boogie wit da Hoodie Featuring Kodak Black,13,11,11
2017-07-15,12,Bad And Boujee,Migos Featuring Lil Uzi Vert,12,1,33
2017-07-15,13,First Day Out,Tee Grizzley,17,13,8
2017-07-15,14,DNA.,Kendrick Lamar,11,2,11
2017-07-15,15,Everyday We Lit,Yfn Lucci Featuring PnB Rock,15,15,5
2017-07-22,1,I'm The One,"DJ Khaled Featuring Justin Bieber , Quavo , Chance the Rapper & Lil Wayne",1,1,10
2017-07-22,2,Congratulations,Post Malone Featuring Quavo,2,2,24
2017-07-22,3,Mask Off,Future,3,1,20
2017-07-22,4,XO TOUR Llif3,Lil Uzi Vert,5,1,15
2017-07-22,5,Humble.,Kendrick Lamar,4,1,14
2017-07-22,6,Unforgettable,French Montana Featuring Swae Lee,6,6,11
2017-07-22,7,Magnolia,Playboi Carti,8,7,9
2017-07-22,8,Rolex,Ayo & Teo,9,7,20
2017-07-22,9,iSpy,Kyle Featuring Lil Yachty,7,3,27
2017-07-22,10,Slippery,Migos Featuring Gucci Mane,10,10,12
2017-07-22,11,Drowning,A Boogie wit da Hoodie Featuring Kodak Black,11,11,12
2017-07-22,12,Bad And Boujee,Migos Featuring Lil Uzi Vert,12,1,34
2017-07-22,13,Everyday We Lit,Yfn Lucci Featuring PnB Rock,15,13,6
2017-07-22,14,First Day Out,Tee Grizzley,13,13,9
2017-07-22,15,DNA.,Kendrick Lamar,14,2,12
2017-07-29,1,I'm The One,"DJ Khaled Featuring Justin Bieber , Quavo , Chance the Rapper & Lil Wayne",1,1,11
2017-07-29,2,Congratulations,Post Malone Featuring Quavo,2,2,25
2017-07-29,3,XO TOUR Llif3,Lil Uzi Vert,4,1,16
2017-07-29,4,Unforgettable,French Montana Featuring Swae Lee,6,4,12
2017-07-29,5,Humble.,Kendrick Lamar,5,1,15
2017-07-29,6,The Story Of O.J.,Jay-Z,-,6,1
2017-07-29,7,Mask Off,Future,3,1,21
2017-07-29,8,Magnolia,Playboi Carti,7,7,10
2017-07-29,9,Bank Account,21 Savage,-,9,1
2017-07-29,10,iSpy,Kyle Featuring Lil Yachty,9,3,28
2017-07-29,11,Slippery,Migos Featuring Gucci Mane,10,10,13
2017-07-29,12,Rolex,Ayo & Teo,8,7,21
2017-07-29,13,4:44,Jay-Z,-,13,1
2017-07-29,14,Drowning,A Boogie wit da Hoodie Featuring Kodak Black,11,11,13
2017-07-29,15,Family Feud,Jay-Z Featuring Beyonce,-,15,1
2017-08-05,1,Unforgettable,French Montana Featuring Swae Lee,4,1,13
2017-08-05,2,Congratulations,Post Malone Featuring Quavo,2,2,26
2017-08-05,3,I'm The One,"DJ Khaled Featuring Justin Bieber , Quavo , Chance the Rapper & Lil Wayne",1,1,12
2017-08-05,4,XO TOUR Llif3,Lil Uzi Vert,3,1,17
2017-08-05,5,Humble.,Kendrick Lamar,5,1,16
2017-08-05,6,Mask Off,Future,7,1,22
2017-08-05,7,Magnolia,Playboi Carti,8,7,11
2017-08-05,8,Bank Account,21 Savage,9,8,2
2017-08-05,9,Rolex,Ayo & Teo,12,7,22
2017-08-05,10,Drowning,A Boogie wit da Hoodie Featuring Kodak Black,14,10,14
2017-08-05,11,iSpy,Kyle Featuring Lil Yachty,10,3,29
2017-08-05,12,Slippery,Migos Featuring Gucci Mane,11,10,14
2017-08-05,13,Everyday We Lit,Yfn Lucci Featuring PnB Rock,18,13,8
2017-08-05,14,Bad And Boujee,Migos Featuring Lil Uzi Vert,19,1,36
2017-08-05,15,Bodak Yellow (Money Moves),Cardi B,-,15,1
2017-08-12,1,I'm The One,"DJ Khaled Featuring Justin Bieber , Quavo , Chance the Rapper & Lil Wayne",3,1,13
2017-08-12,2,Unforgettable,French Montana Featuring Swae Lee,1,1,14
2017-08-12,3,Congratulations,Post Malone Featuring Quavo,2,2,27
2017-08-12,4,XO TOUR Llif3,Lil Uzi Vert,4,1,18
2017-08-12,5,Bank Account,21 Savage,8,5,3
2017-08-12,6,Humble.,Kendrick Lamar,5,1,17
2017-08-12,7,Mask Off,Future,6,1,23
2017-08-12,8,Magnolia,Playboi Carti,7,7,12
2017-08-12,9,Bodak Yellow (Money Moves),Cardi B,15,9,2
2017-08-12,10,Slippery,Migos Featuring Gucci Mane,12,10,15
2017-08-12,11,Rake It Up,Yo Gotti Featuring Nicki Minaj,17,11,2
2017-08-12,12,Rolex,Ayo & Teo,9,7,23
2017-08-12,13,Drowning,A Boogie wit da Hoodie Featuring Kodak Black,10,10,15
2017-08-12,14,iSpy,Kyle Featuring Lil Yachty,11,3,30
2017-08-12,15,Bad And Boujee,Migos Featuring Lil Uzi Vert,14,1,37
2017-08-19,1,Bank Account,21 Savage,5,1,4
2017-08-19,2,Unforgettable,French Montana Featuring Swae Lee,2,1,15
2017-08-19,3,I'm The One,"DJ Khaled Featuring Justin Bieber , Quavo , Chance the Rapper & Lil Wayne",1,1,14
2017-08-19,4,Bodak Yellow (Money Moves),Cardi B,9,4,3
2017-08-19,5,Congratulations,Post Malone Featuring Quavo,3,2,28
2017-08-19,6,XO TOUR Llif3,Lil Uzi Vert,4,1,19
2017-08-19,7,Humble.,Kendrick Lamar,6,1,18
2017-08-19,8,Mask Off,Future,7,1,24
2017-08-19,9,Rake It Up,Yo Gotti Featuring Nicki Minaj,11,9,3
2017-08-19,10,Magnolia,Playboi Carti,8,7,13
2017-08-19,11,Slippery,Migos Featuring Gucci Mane,10,10,16
2017-08-19,12,Loyalty.,Kendrick Lamar Featuring Rihanna,-,6,6
2017-08-19,13,Drowning,A Boogie wit da Hoodie Featuring Kodak Black,13,10,16
2017-08-19,14,Rolex,Ayo & Teo,12,7,24
2017-08-19,15,Everyday We Lit,Yfn Lucci Featuring PnB Rock,16,13,10
2017-08-26,1,Bodak Yellow (Money Moves),Cardi B,4,1,4
2017-08-26,2,Bank Account,21 Savage,1,1,5
2017-08-26,3,Unforgettable,French Montana Featuring Swae Lee,2,1,16
2017-08-26,4,XO TOUR Llif3,Lil Uzi Vert,6,1,20
2017-08-26,5,I'm The One,"DJ Khaled Featuring Justin Bieber , Quavo , Chance the Rapper & Lil Wayne",3,1,15
2017-08-26,6,Congratulations,Post Malone Featuring Quavo,5,2,29
2017-08-26,7,Humble.,Kendrick Lamar,7,1,19
2017-08-26,8,Mask Off,Future,8,1,25
2017-08-26,9,Rake It Up,Yo Gotti Featuring Nicki Minaj,9,9,4
2017-08-26,10,Magnolia,Playboi Carti,10,7,14
2017-08-26,11,Loyalty.,Kendrick Lamar Featuring Rihanna,12,6,7
2017-08-26,12,Drowning,A Boogie wit da Hoodie Featuring Kodak Black,13,10,17
2017-08-26,13,Everyday We Lit,Yfn Lucci Featuring PnB Rock,15,13,11
2017-08-26,14,Rolex,Ayo & Teo,14,7,25
2017-08-26,15,Slippery,Migos Featuring Gucci Mane,11,10,17
2017-09-02,1,Bodak Yellow (Money Moves),Cardi B,1,1,5
2017-09-02,2,Bank Account,21 Savage,2,1,6
2017-09-02,3,Unforgettable,French Montana Featuring Swae Lee,3,1,17
2017-09-02,4,XO TOUR Llif3,Lil Uzi Vert,4,1,21
2017-09-02,5,Congratulations,Post Malone Featuring Quavo,6,2,30
2017-09-02,6,I'm The One,"DJ Khaled Featuring Justin Bieber , Quavo , Chance the Rapper & Lil Wayne",5,1,16
2017-09-02,7,Humble.,Kendrick Lamar,7,1,20
2017-09-02,8,Rake It Up,Yo Gotti Featuring Nicki Minaj,9,8,5
2017-09-02,9,Mask Off,Future,8,1,26
2017-09-02,10,Magnolia,Playboi Carti,10,7,15
2017-09-02,11,The Race,Tay-K,17,11,2
2017-09-02,12,Loyalty.,Kendrick Lamar Featuring Rihanna,11,6,8
2017-09-02,13,Drowning,A Boogie wit da Hoodie Featuring Kodak Black,12,10,18
2017-09-02,14,Everyday We Lit,Yfn Lucci Featuring PnB Rock,13,13,12
2017-09-02,15,Slippery,Migos Featuring Gucci Mane,15,10,18
2017-09-09,1,Bodak Yellow (Money Moves),Cardi B,1,1,6
2017-09-09,2,Bank Account,21 Savage,2,1,7
2017-09-09,3,Rake It Up,Yo Gotti Featuring Nicki Minaj,8,3,6
2017-09-09,4,Unforgettable,French Montana Featuring Swae Lee,3,1,18
2017-09-09,5,Congratulations,Post Malone Featuring Quavo,5,2,31
2017-09-09,6,XO TOUR Llif3,Lil Uzi Vert,4,1,22
2017-09-09,7,I'm The One,"DJ Khaled Featuring Justin Bieber , Quavo , Chance the Rapper & Lil Wayne",6,1,17
2017-09-09,8,Humble.,Kendrick Lamar,7,1,21
2017-09-09,9,1-800-273-8255,Logic Featuring Alessia Cara & Khalid,20,9,6
2017-09-09,10,Mask Off,Future,9,1,27
2017-09-09,11,I Get The Bag,Gucci Mane Featuring Migos,-,11,1
2017-09-09,12,The Race,Tay-K,11,11,3
2017-09-09,13,Roll In Peace,Kodak Black Featuring XXXTENTACION,-,13,1
2017-09-09,14,Magnolia,Playboi Carti,10,7,16
2017-09-09,15,Loyalty.,Kendrick Lamar Featuring Rihanna,12,6,9
2017-09-16,1,Bodak Yellow (Money Moves),Cardi B,1,1,7
2017-09-16,2,Bank Account,21 Savage,2,1,8
2017-09-16,3,XO TOUR Llif3,Lil Uzi Vert,6,1,23
2017-09-16,4,Rake It Up,Yo Gotti Featuring Nicki Minaj,3,3,7
2017-09-16,5,Unforgettable,French Montana Featuring Swae Lee,4,1,19
2017-09-16,6,Congratulations,Post Malone Featuring Quavo,5,2,32
2017-09-16,7,Humble.,Kendrick Lamar,8,1,22
2017-09-16,8,Jocelyn Flores,XXXTENTACION,-,8,1
2017-09-16,9,1-800-273-8255,Logic Featuring Alessia Cara & Khalid,9,9,7
2017-09-16,10,I'm The One,"DJ Khaled Featuring Justin Bieber , Quavo , Chance the Rapper & Lil Wayne",7,1,18
2017-09-16,11,The Way Life Goes,Lil Uzi Vert Featuring Nicki Minaj,-,11,1
2017-09-16,12,I Get The Bag,Gucci Mane Featuring Migos,11,11,2
2017-09-16,13,Mask Off,Future,10,1,28
2017-09-16,14,Sauce It Up,Lil Uzi Vert,-,14,1
2017-09-16,15,Everybody Dies In Their Nightmares,XXXTENTACION,-,15,1
2017-09-23,1,Bodak Yellow (Money Moves),Cardi B,1,1,8
2017-09-23,2,Bank Account,21 Savage,2,1,9
2017-09-23,3,1-800-273-8255,Logic Featuring Alessia Cara & Khalid,9,3,8
2017-09-23,4,Rake It Up,Yo Gotti Featuring Nicki Minaj,4,3,8
2017-09-23,5,XO TOUR Llif3,Lil Uzi Vert,3,1,24
2017-09-23,6,Unforgettable,French Montana Featuring Swae Lee,5,1,20
2017-09-23,7,I Get The Bag,Gucci Mane Featuring Migos,12,7,3
2017-09-23,8,Jocelyn Flores,XXXTENTACION,8,8,2
2017-09-23,9,Humble.,Kendrick Lamar,7,1,23
2017-09-23,10,Congratulations,Post Malone Featuring Quavo,6,2,33
2017-09-23,11,The Race,Tay-K,19,11,5
2017-09-23,12,Transportin',Kodak Black,16,12,2
2017-09-23,13,I'm The One,"DJ Khaled Featuring Justin Bieber , Quavo , Chance the Rapper & Lil Wayne",10,1,19
2017-09-23,14,The Way Life Goes,Lil Uzi Vert Featuring Nicki Minaj,11,11,2
2017-09-23,15,Roll In Peace,Kodak Black Featuring XXXTENTACION,17,13,3
2017-09-30,1,Bodak Yellow (Money Moves),Cardi B,1,1,9
2017-09-30,2,1-800-273-8255,Logic Featuring Alessia Cara & Khalid,3,2,9
2017-09-30,3,Bank Account,21 Savage,2,1,10
2017-09-30,4,Unforgettable,French Montana Featuring Swae Lee,6,1,21
2017-09-30,5,XO TOUR Llif3,Lil Uzi Vert,5,1,25
2017-09-30,6,I Get The Bag,Gucci Mane Featuring Migos,7,6,4
2017-09-30,7,Rake It Up,Yo Gotti Featuring Nicki Minaj,4,3,9
2017-09-30,8,Jocelyn Flores,XXXTENTACION,8,8,3
2017-09-30,9,Humble.,Kendrick Lamar,9,1,24
2017-09-30,10,Congratulations,Post Malone Featuring Quavo,10,2,34
2017-09-30,11,The Race,Tay-K,11,11,6
2017-09-30,12,I'm The One,"DJ Khaled Featuring Justin Bieber , Quavo , Chance the Rapper & Lil Wayne",13,1,20
2017-09-30,13,Roll In Peace,Kodak Black Featuring XXXTENTACION,15,13,4
2017-09-30,14,The Way Life Goes,Lil Uzi Vert Featuring Nicki Minaj,14,11,3
2017-09-30,15,Transportin',Kodak Black,12,12,3
2017-10-07,1,Rockstar,Post Malone Featuring 21 Savage,-,1,1
2017-10-07,2,Bodak Yellow (Money Moves),Cardi B,1,1,10
2017-10-07,3,1-800-273-8255,Logic Featuring Alessia Cara & Khalid,2,2,10
2017-10-07,4,Bank Account,21 Savage,3,1,11
2017-10-07,5,Rake It Up,Yo Gotti Featuring Nicki Minaj,7,3,10
2017-10-07,6,I Get The Bag,Gucci Mane Featuring Migos,6,6,5
2017-10-07,7,XO TOUR Llif3,Lil Uzi Vert,5,1,26
2017-10-07,8,Unforgettable,French Montana Featuring Swae Lee,4,1,22
2017-10-07,9,Congratulations,Post Malone Featuring Quavo,10,2,35
2017-10-07,10,Humble.,Kendrick Lamar,9,1,25
2017-10-07,11,Jocelyn Flores,XXXTENTACION,8,8,4
2017-10-07,12,The Race,Tay-K,11,11,7
2017-10-07,13,I'm The One,"DJ Khaled Featuring Justin Bieber , Quavo , Chance the Rapper & Lil Wayne",12,1,21
2017-10-07,14,Transportin',Kodak Black,15,12,4
2017-10-07,15,Roll In Peace,Kodak Black Featuring XXXTENTACION,13,13,5
2017-10-14,1,Bodak Yellow (Money Moves),Cardi B,2,1,11
2017-10-14,2,Rockstar,Post Malone Featuring 21 Savage,1,1,2
2017-10-14,3,1-800-273-8255,Logic Featuring Alessia Cara & Khalid,3,2,11
2017-10-14,4,Bank Account,21 Savage,4,1,12
2017-10-14,5,Rake It Up,Yo Gotti Featuring Nicki Minaj,5,3,11
2017-10-14,6,I Get The Bag,Gucci Mane Featuring Migos,6,6,6
2017-10-14,7,Unforgettable,French Montana Featuring Swae Lee,8,1,23
2017-10-14,8,XO TOUR Llif3,Lil Uzi Vert,7,1,27
2017-10-14,9,Congratulations,Post Malone Featuring Quavo,9,2,36
2017-10-14,10,Humble.,Kendrick Lamar,10,1,26
2017-10-14,11,Gucci Gang,Lil Pump,25,11,2
2017-10-14,12,The Race,Tay-K,12,11,8
2017-10-14,13,The Way Life Goes,Lil Uzi Vert Featuring Nicki Minaj,16,11,5
2017-10-14,14,Roll In Peace,Kodak Black Featuring XXXTENTACION,15,13,6
2017-10-14,15,Transportin',Kodak Black,14,12,5
2017-10-21,1,Rockstar,Post Malone Featuring 21 Savage,2,1,3
2017-10-21,2,Bodak Yellow (Money Moves),Cardi B,1,1,12
2017-10-21,3,1-800-273-8255,Logic Featuring Alessia Cara & Khalid,3,2,12
2017-10-21,4,Bank Account,21 Savage,4,1,13
2017-10-21,5,Rake It Up,Yo Gotti Featuring Nicki Minaj,5,3,12
2017-10-21,6,I Get The Bag,Gucci Mane Featuring Migos,6,6,7
2017-10-21,7,Unforgettable,French Montana Featuring Swae Lee,7,1,24
2017-10-21,8,XO TOUR Llif3,Lil Uzi Vert,8,1,28
2017-10-21,9,Congratulations,Post Malone Featuring Quavo,9,2,37
2017-10-21,10,Gucci Gang,Lil Pump,11,10,3
2017-10-21,11,Humble.,Kendrick Lamar,10,1,27
2017-10-21,12,I Fall Apart,Post Malone,24,12,2
2017-10-21,13,Drowning,A Boogie wit da Hoodie Featuring Kodak Black,19,10,25
2017-10-21,14,Roll In Peace,Kodak Black Featuring XXXTENTACION,14,13,7
2017-10-21,15,The Race,Tay-K,12,11,9
2017-10-28,1,Rockstar,Post Malone Featuring 21 Savage,1,1,4
2017-10-28,2,Bodak Yellow (Money Moves),Cardi B,2,1,13
2017-10-28,3,1-800-273-8255,Logic Featuring Alessia Cara & Khalid,3,2,13
2017-10-28,4,Bank Account,21 Savage,4,1,14
2017-10-28,5,I Get The Bag,Gucci Mane Featuring Migos,6,5,8
2017-10-28,6,Gucci Gang,Lil Pump,10,6,4
2017-10-28,7,Rake It Up,Yo Gotti Featuring Nicki Minaj,5,3,13
2017-10-28,8,I Fall Apart,Post Malone,12,8,3
2017-10-28,9,Unforgettable,French Montana Featuring Swae Lee,7,1,25
2017-10-28,10,XO TOUR Llif3,Lil Uzi Vert,8,1,29
2017-10-28,11,Congratulations,Post Malone Featuring Quavo,9,2,38
2017-10-28,12,Humble.,Kendrick Lamar,11,1,28
2017-10-28,13,Drowning,A Boogie wit da Hoodie Featuring Kodak Black,13,10,26
2017-10-28,14,The Race,Tay-K,15,11,10
2017-10-28,15,Roll In Peace,Kodak Black Featuring XXXTENTACION,14,13,8
2017-11-04,1,Rockstar,Post Malone Featuring 21 Savage,1,1,5
2017-11-04,2,Bodak Yellow (Money Moves),Cardi B,2,1,14
2017-11-04,3,1-800-273-8255,Logic Featuring Alessia Cara & Khalid,3,2,14
2017-11-04,4,I Get The Bag,Gucci Mane Featuring Migos,5,4,9
2017-11-04,5,Bank Account,21 Savage,4,1,15
2017-11-04,6,Gucci Gang,Lil Pump,6,6,5
2017-11-04,7,I Fall Apart,Post Malone,8,7,4
2017-11-04,8,Rake It Up,Yo Gotti Featuring Nicki Minaj,7,3,14
2017-11-04,9,Unforgettable,French Montana Featuring Swae Lee,9,1,26
2017-11-04,10,XO TOUR Llif3,Lil Uzi Vert,10,1,30
2017-11-04,11,Congratulations,Post Malone Featuring Quavo,11,2,39
2017-11-04,12,Humble.,Kendrick Lamar,12,1,29
2017-11-04,13,Drowning,A Boogie wit da Hoodie Featuring Kodak Black,13,10,27
2017-11-04,14,Roll In Peace,Kodak Black Featuring XXXTENTACION,15,13,9
2017-11-04,15,The Race,Tay-K,14,11,11
2017-11-11,1,Rockstar,Post Malone Featuring 21 Savage,1,1,6
2017-11-11,2,Bodak Yellow (Money Moves),Cardi B,2,1,15
2017-11-11,3,Gucci Gang,Lil Pump,6,3,6
2017-11-11,4,1-800-273-8255,Logic Featuring Alessia Cara & Khalid,3,2,15
2017-11-11,5,Bank Account,21 Savage,5,1,16
2017-11-11,6,I Get The Bag,Gucci Mane Featuring Migos,4,4,10
2017-11-11,7,I Fall Apart,Post Malone,7,7,5
2017-11-11,8,Rake It Up,Yo Gotti Featuring Nicki Minaj,8,3,15
2017-11-11,9,Unforgettable,French Montana Featuring Swae Lee,9,1,27
2017-11-11,10,Congratulations,Post Malone Featuring Quavo,11,2,40
2017-11-11,11,XO TOUR Llif3,Lil Uzi Vert,10,1,31
2017-11-11,12,Patek Water,Future & Young Thug Featuring Offset,-,12,1
2017-11-11,13,No Limit,G-Eazy Featuring A$AP Rocky & Cardi B,18,13,2
2017-11-11,14,Humble.,Kendrick Lamar,12,1,30
2017-11-11,15,Drowning,A Boogie wit da Hoodie Featuring Kodak Black,13,10,28
2017-11-18,1,Rockstar,Post Malone Featuring 21 Savage,1,1,7
2017-11-18,2,Gucci Gang,Lil Pump,3,2,7
2017-11-18,3,Bodak Yellow (Money Moves),Cardi B,2,1,16
2017-11-18,4,1-800-273-8255,Logic Featuring Alessia Cara & Khalid,4,2,16
2017-11-18,5,I Get The Bag,Gucci Mane Featuring Migos,6,4,11
2017-11-18,6,Bank Account,21 Savage,5,1,17
2017-11-18,7,I Fall Apart,Post Malone,7,7,6
2017-11-18,8,MotorSport,"Migos , Nicki Minaj & Cardi B",-,8,1
2017-11-18,9,Rake It Up,Yo Gotti Featuring Nicki Minaj,8,3,16
2017-11-18,10,Unforgettable,French Montana Featuring Swae Lee,9,1,28
2017-11-18,11,No Limit,G-Eazy Featuring A$AP Rocky & Cardi B,13,11,3
2017-11-18,12,Congratulations,Post Malone Featuring Quavo,10,2,41
2017-11-18,13,XO TOUR Llif3,Lil Uzi Vert,11,1,32
2017-11-18,14,Roll In Peace,Kodak Black Featuring XXXTENTACION,16,13,11
2017-11-18,15,Humble.,Kendrick Lamar,14,1,31
2017-11-25,1,Rockstar,Post Malone Featuring 21 Savage,1,1,8
2017-11-25,2,Bodak Yellow (Money Moves),Cardi B,3,1,17
2017-11-25,3,Gucci Gang,Lil Pump,2,2,8
2017-11-25,4,1-800-273-8255,Logic Featuring Alessia Cara & Khalid,4,2,17
2017-11-25,5,I Get The Bag,Gucci Mane Featuring Migos,5,4,12
2017-11-25,6,Bank Account,21 Savage,6,1,18
2017-11-25,7,I Fall Apart,Post Malone,7,7,7
2017-11-25,8,No Limit,G-Eazy Featuring A$AP Rocky & Cardi B,11,8,4
2017-11-25,9,MotorSport,"Migos , Nicki Minaj & Cardi B",8,8,2
2017-11-25,10,Ghostface Killers,"21 Savage , Offset & Metro Boomin Featuring Travis Scott",19,10,2
2017-11-25,11,The Way Life Goes,Lil Uzi Vert Featuring Nicki Minaj,17,11,11
2017-11-25,12,Rake It Up,Yo Gotti Featuring Nicki Minaj,9,3,17
2017-11-25,13,Congratulations,Post Malone Featuring Quavo,12,2,42
2017-11-25,14,Ric Flair Drip,Offset & Metro Boomin,-,14,1
2017-11-25,15,Unforgettable,French Montana Featuring Swae Lee,10,1,29
2017-12-02,1,Rockstar,Post Malone Featuring 21 Savage,1,1,9
2017-12-02,2,Gucci Gang,Lil Pump,3,2,9
2017-12-02,3,Bodak Yellow (Money Moves),Cardi B,2,1,18
2017-12-02,4,MotorSport,"Migos , Nicki Minaj & Cardi B",9,4,3
2017-12-02,5,I Get The Bag,Gucci Mane Featuring Migos,5,4,13
2017-12-02,6,No Limit,G-Eazy Featuring A$AP Rocky & Cardi B,8,6,5
2017-12-02,7,1-800-273-8255,Logic Featuring Alessia Cara & Khalid,4,2,18
2017-12-02,8,I Fall Apart,Post Malone,7,7,8
2017-12-02,9,Bank Account,21 Savage,6,1,19
2017-12-02,10,Walk On Water,Eminem Featuring Beyonce,-,10,1
2017-12-02,11,Congratulations,Post Malone Featuring Quavo,13,2,43
2017-12-02,12,Rake It Up,Yo Gotti Featuring Nicki Minaj,12,3,18
2017-12-02,13,The Way Life Goes,Lil Uzi Vert Featuring Nicki Minaj,11,11,12
2017-12-02,14,Unforgettable,French Montana Featuring Swae Lee,15,1,30
2017-12-02,15,Ric Flair Drip,Offset & Metro Boomin,14,14,2
2017-12-09,1,Rockstar,Post Malone Featuring 21 Savage,1,1,10
2017-12-09,2,Gucci Gang,Lil Pump,2,2,10
2017-12-09,3,Bodak Yellow (Money Moves),Cardi B,3,1,19
2017-12-09,4,Bank Account,21 Savage,9,1,20
2017-12-09,5,No Limit,G-Eazy Featuring A$AP Rocky & Cardi B,6,5,6
2017-12-09,6,MotorSport,"Migos , Nicki Minaj & Cardi B",4,4,4
2017-12-09,7,Gummo,6ix9ine,16,7,2
2017-12-09,8,I Get The Bag,Gucci Mane Featuring Migos,5,4,14
2017-12-09,9,I Fall Apart,Post Malone,8,7,9
2017-12-09,10,1-800-273-8255,Logic Featuring Alessia Cara & Khalid,7,2,19
2017-12-09,11,Congratulations,Post Malone Featuring Quavo,11,2,44
2017-12-09,12,The Way Life Goes,Lil Uzi Vert Featuring Nicki Minaj,13,11,13
2017-12-09,13,Rake It Up,Yo Gotti Featuring Nicki Minaj,12,3,19
2017-12-09,14,Rubbin Off The Paint,YBN Nahmir,-,14,1
2017-12-09,15,Ric Flair Drip,Offset & Metro Boomin,15,14,3
2017-12-16,1,Rockstar,Post Malone Featuring 21 Savage,1,1,11
2017-12-16,2,Gucci Gang,Lil Pump,2,2,11
2017-12-16,3,Bodak Yellow (Money Moves),Cardi B,3,1,20
2017-12-16,4,Bank Account,21 Savage,4,1,21
2017-12-16,5,No Limit,G-Eazy Featuring A$AP Rocky & Cardi B,5,5,7
2017-12-16,6,MotorSport,"Migos , Nicki Minaj & Cardi B",6,4,5
2017-12-16,7,I Get The Bag,Gucci Mane Featuring Migos,8,4,15
2017-12-16,8,I Fall Apart,Post Malone,9,7,10
2017-12-16,9,1-800-273-8255,Logic Featuring Alessia Cara & Khalid,10,2,20
2017-12-16,10,Rubbin Off The Paint,YBN Nahmir,14,10,2
2017-12-16,11,Ric Flair Drip,Offset & Metro Boomin,15,11,4
2017-12-16,12,The Way Life Goes,Lil Uzi Vert Featuring Nicki Minaj,12,11,14
2017-12-16,13,Congratulations,Post Malone Featuring Quavo,11,2,45
2017-12-16,14,Gummo,6ix9ine,7,7,3
2017-12-16,15,Plain Jane,A$AP Ferg Featuring Nicki Minaj,19,15,6
2017-12-23,1,Rockstar,Post Malone Featuring 21 Savage,1,1,12
2017-12-23,2,Gucci Gang,Lil Pump,2,2,12
2017-12-23,3,Gummo,6ix9ine,14,3,4
2017-12-23,4,Bodak Yellow (Money Moves),Cardi B,3,1,21
2017-12-23,5,No Limit,G-Eazy Featuring A$AP Rocky & Cardi B,5,5,8
2017-12-23,6,MotorSport,"Migos , Nicki Minaj & Cardi B",6,4,6
2017-12-23,7,I Fall Apart,Post Malone,8,7,11
2017-12-23,8,I Get The Bag,Gucci Mane Featuring Migos,7,4,16
2017-12-23,9,Bank Account,21 Savage,4,1,22
2017-12-23,10,The Way Life Goes,Lil Uzi Vert Featuring Nicki Minaj,12,10,15
2017-12-23,11,Rubbin Off The Paint,YBN Nahmir,10,10,3
2017-12-23,12,Ric Flair Drip,Offset & Metro Boomin,11,11,5
2017-12-23,13,1-800-273-8255,Logic Featuring Alessia Cara & Khalid,9,2,21
2017-12-23,14,Let You Down,NF,19,14,5
2017-12-23,15,Congratulations,Post Malone Featuring Quavo,13,2,46
2017-12-30,1,Rockstar,Post Malone Featuring 21 Savage,1,1,13
2017-12-30,2,Gucci Gang,Lil Pump,2,2,13
2017-12-30,3,MotorSport,"Migos , Nicki Minaj & Cardi B",6,3,7
2017-12-30,4,Gummo,6ix9ine,3,3,5
2017-12-30,5,Bodak Yellow (Money Moves),Cardi B,4,1,22
2017-12-30,6,I Fall Apart,Post Malone,7,6,12
2017-12-30,7,No Limit,G-Eazy Featuring A$AP Rocky & Cardi B,5,5,9
2017-12-30,8,The Way Life Goes,Lil Uzi Vert Featuring Nicki Minaj,10,8,16
2017-12-30,9,I Get The Bag,Gucci Mane Featuring Migos,8,4,17
2017-12-30,10,Bank Account,21 Savage,9,1,23
2017-12-30,11,Let You Down,NF,14,11,6
2017-12-30,12,Ric Flair Drip,Offset & Metro Boomin,12,11,6
2017-12-30,13,Him & I,G-Eazy & Halsey,16,13,2
2017-12-30,14,Kooda,6ix9ine,21,14,2
2017-12-30,15,1-800-273-8255,Logic Featuring Alessia Cara & Khalid,13,2,22
2018-01-06,1,Rockstar,Post Malone Featuring 21 Savage,1,1,15
2018-01-06,2,Gucci Gang,Lil Pump,2,2,15
2018-01-06,3,No Limit,G-Eazy Featuring A$AP Rocky & Cardi B,5,3,11
2018-01-06,4,Gummo,6ix9ine,4,3,7
2018-01-06,5,MotorSport,"Migos , Nicki Minaj & Cardi B",3,3,9
2018-01-06,6,Bodak Yellow (Money Moves),Cardi B,6,1,24
2018-01-06,7,I Fall Apart,Post Malone,7,6,14
2018-01-06,8,Bartier Cardi,Cardi B Featuring 21 Savage,-,8,1
2018-01-06,9,Bank Account,21 Savage,12,1,25
2018-01-06,10,Love.,Kendrick Lamar Featuring Zacari,-,8,14
2018-01-06,11,I Get The Bag,Gucci Mane Featuring Migos,10,4,19
2018-01-06,12,The Way Life Goes,Lil Uzi Vert Featuring Nicki Minaj,9,8,18
2018-01-06,13,Plain Jane,A$AP Ferg Featuring Nicki Minaj,14,13,10
2018-01-06,14,Him & I,G-Eazy & Halsey,8,8,4
2018-01-06,15,Let You Down,NF,15,11,8
2018-01-13,1,Rockstar,Post Malone Featuring 21 Savage,1,1,16
2018-01-13,2,No Limit,G-Eazy Featuring A$AP Rocky & Cardi B,3,2,12
2018-01-13,3,Gucci Gang,Lil Pump,2,2,16
2018-01-13,4,Gummo,6ix9ine,4,3,8
2018-01-13,5,MotorSport,"Migos , Nicki Minaj & Cardi B",5,3,10
2018-01-13,6,Bartier Cardi,Cardi B Featuring 21 Savage,8,6,2
2018-01-13,7,Bodak Yellow (Money Moves),Cardi B,6,1,25
2018-01-13,8,I Fall Apart,Post Malone,7,6,15
2018-01-13,9,Bank Account,21 Savage,9,1,26
2018-01-13,10,Him & I,G-Eazy & Halsey,14,8,5
2018-01-13,11,Plain Jane,A$AP Ferg Featuring Nicki Minaj,13,11,11
2018-01-13,12,I Get The Bag,Gucci Mane Featuring Migos,11,4,20
2018-01-13,13,Let You Down,NF,15,11,9
2018-01-13,14,The Way Life Goes,Lil Uzi Vert Featuring Nicki Minaj,12,8,19
2018-01-13,15,Ric Flair Drip,Offset & Metro Boomin,16,11,9
2018-01-20,1,Rockstar,Post Malone Featuring 21 Savage,1,1,17
2018-01-20,2,No Limit,G-Eazy Featuring A$AP Rocky & Cardi B,2,2,13
2018-01-20,3,Gucci Gang,Lil Pump,3,2,17
2018-01-20,4,Gummo,6ix9ine,4,3,9
2018-01-20,5,MotorSport,"Migos , Nicki Minaj & Cardi B",5,3,11
2018-01-20,6,Bartier Cardi,Cardi B Featuring 21 Savage,6,6,3
2018-01-20,7,Bodak Yellow (Money Moves),Cardi B,7,1,26
2018-01-20,8,I Fall Apart,Post Malone,8,6,16
2018-01-20,9,Love.,Kendrick Lamar Featuring Zacari,17,8,16
2018-01-20,10,Him & I,G-Eazy & Halsey,10,8,6
2018-01-20,11,Let You Down,NF,13,11,10
2018-01-20,12,Plain Jane,A$AP Ferg Featuring Nicki Minaj,11,11,12
2018-01-20,13,Bank Account,21 Savage,9,1,27
2018-01-20,14,The Way Life Goes,Lil Uzi Vert Featuring Nicki Minaj,14,8,20
2018-01-20,15,I Get The Bag,Gucci Mane Featuring Migos,12,4,21
2018-01-27,1,Rockstar,Post Malone Featuring 21 Savage,1,1,18
2018-01-27,2,Gummo,6ix9ine,4,2,10
2018-01-27,3,Gucci Gang,Lil Pump,3,2,18
2018-01-27,4,No Limit,G-Eazy Featuring A$AP Rocky & Cardi B,2,2,14
2018-01-27,5,MotorSport,"Migos , Nicki Minaj & Cardi B",5,3,12
2018-01-27,6,Bartier Cardi,Cardi B Featuring 21 Savage,6,6,4
2018-01-27,7,Bodak Yellow (Money Moves),Cardi B,7,1,27
2018-01-27,8,I Fall Apart,Post Malone,8,6,17
2018-01-27,9,Love.,Kendrick Lamar Featuring Zacari,9,8,17
2018-01-27,10,I Get The Bag,Gucci Mane Featuring Migos,15,4,22
2018-01-27,11,Let You Down,NF,11,11,11
2018-01-27,12,Him & I,G-Eazy & Halsey,10,8,7
2018-01-27,13,Plain Jane,A$AP Ferg Featuring Nicki Minaj,12,11,13
2018-01-27,14,Roll In Peace,Kodak Black Featuring XXXTENTACION,17,13,22
2018-01-27,15,Bank Account,21 Savage,13,1,28
2018-02-03,1,God's Plan,Drake,-,1,1
2018-02-03,2,Rockstar,Post Malone Featuring 21 Savage,1,1,19
2018-02-03,3,Diplomatic Immunity,Drake,-,3,1
2018-02-03,4,Gummo,6ix9ine,2,2,11
2018-02-03,5,Gucci Gang,Lil Pump,3,2,19
2018-02-03,6,No Limit,G-Eazy Featuring A$AP Rocky & Cardi B,4,2,15
2018-02-03,7,MotorSport,"Migos , Nicki Minaj & Cardi B",5,3,13
2018-02-03,8,I Fall Apart,Post Malone,8,6,18
2018-02-03,9,Bartier Cardi,Cardi B Featuring 21 Savage,6,6,5
2018-02-03,10,Bodak Yellow (Money Moves),Cardi B,7,1,28
2018-02-03,11,Roll In Peace,Kodak Black Featuring XXXTENTACION,14,11,23
2018-02-03,12,I Get The Bag,Gucci Mane Featuring Migos,10,4,23
2018-02-03,13,Let You Down,NF,11,11,12
2018-02-03,14,KEKE,"6ix9ine , Fetty Wap & A Boogie wit da Hoodie",-,14,1
2018-02-03,15,Love.,Kendrick Lamar Featuring Zacari,9,8,18
2018-02-10,1,God's Plan,Drake,1,1,2
2018-02-10,2,Rockstar,Post Malone Featuring 21 Savage,2,1,20
2018-02-10,3,Stir Fry,Migos,-,3,1
2018-02-10,4,MotorSport,"Migos , Nicki Minaj & Cardi B",7,3,14
2018-02-10,5,Gummo,6ix9ine,4,2,12
2018-02-10,6,I Fall Apart,Post Malone,8,6,19
2018-02-10,7,Walk It Talk It,Migos Featuring Drake,-,7,1
2018-02-10,8,Gucci Gang,Lil Pump,5,2,20
2018-02-10,9,No Limit,G-Eazy Featuring A$AP Rocky & Cardi B,6,2,16
2018-02-10,10,Bartier Cardi,Cardi B Featuring 21 Savage,9,6,6
2018-02-10,11,Narcos,Migos,-,11,1
2018-02-10,12,Bodak Yellow (Money Moves),Cardi B,10,1,29
2018-02-10,13,Outside Today,YoungBoy Never Broke Again,19,13,2
2018-02-10,14,Roll In Peace,Kodak Black Featuring XXXTENTACION,11,11,24
2018-02-10,15,BBO (Bad Bitches Only),Migos Featuring 21 Savage,-,15,1
2018-02-17,1,God's Plan,Drake,1,1,3
2018-02-17,2,Rockstar,Post Malone Featuring 21 Savage,2,1,21
2018-02-17,3,Stir Fry,Migos,3,3,2
2018-02-17,4,Gummo,6ix9ine,5,2,13
2018-02-17,5,MotorSport,"Migos , Nicki Minaj & Cardi B",4,3,15
2018-02-17,6,I Fall Apart,Post Malone,6,6,20
2018-02-17,7,Bodak Yellow (Money Moves),Cardi B,12,1,30
2018-02-17,8,Bartier Cardi,Cardi B Featuring 21 Savage,10,6,7
2018-02-17,9,No Limit,G-Eazy Featuring A$AP Rocky & Cardi B,9,2,17
2018-02-17,10,Outside Today,YoungBoy Never Broke Again,13,10,3
2018-02-17,11,Gucci Gang,Lil Pump,8,2,21
2018-02-17,12,Love.,Kendrick Lamar Featuring Zacari,17,8,20
2018-02-17,13,Let You Down,NF,16,11,14
2018-02-17,14,Ric Flair Drip,Offset & Metro Boomin,18,11,14
2018-02-17,15,Roll In Peace,Kodak Black Featuring XXXTENTACION,14,11,25
2018-02-24,1,God's Plan,Drake,1,1,4
2018-02-24,2,Look Alive,BlocBoy JB Featuring Drake,-,2,1
2018-02-24,3,Stir Fry,Migos,3,3,3
2018-02-24,4,Rockstar,Post Malone Featuring 21 Savage,2,1,22
2018-02-24,5,Gummo,6ix9ine,4,2,14
2018-02-24,6,I Fall Apart,Post Malone,6,6,21
2018-02-24,7,MotorSport,"Migos , Nicki Minaj & Cardi B",5,3,16
2018-02-24,8,Outside Today,YoungBoy Never Broke Again,10,8,4
2018-02-24,9,Bodak Yellow (Money Moves),Cardi B,7,1,31
2018-02-24,10,Bartier Cardi,Cardi B Featuring 21 Savage,8,6,8
2018-02-24,11,Love.,Kendrick Lamar Featuring Zacari,12,8,21
2018-02-24,12,King's Dead,"Jay Rock , Kendrick Lamar , Future & James Blake",-,12,1
2018-02-24,13,No Limit,G-Eazy Featuring A$AP Rocky & Cardi B,9,2,18
2018-02-24,14,Gucci Gang,Lil Pump,11,2,22
2018-02-24,15,Let You Down,NF,13,11,15
2018-03-03,1,God's Plan,Drake,1,1,5
2018-03-03,2,Look Alive,BlocBoy JB Featuring Drake,2,2,2
2018-03-03,3,Stir Fry,Migos,3,3,4
2018-03-03,4,Rockstar,Post Malone Featuring 21 Savage,4,1,23
2018-03-03,5,Gummo,6ix9ine,5,2,15
2018-03-03,6,King's Dead,"Jay Rock , Kendrick Lamar , Future & James Blake",12,6,2
2018-03-03,7,I Fall Apart,Post Malone,6,6,22
2018-03-03,8,Outside Today,YoungBoy Never Broke Again,8,8,5
2018-03-03,9,MotorSport,"Migos , Nicki Minaj & Cardi B",7,3,17
2018-03-03,10,Bodak Yellow (Money Moves),Cardi B,9,1,32
2018-03-03,11,Love.,Kendrick Lamar Featuring Zacari,11,8,22
2018-03-03,12,Bartier Cardi,Cardi B Featuring 21 Savage,10,6,9
2018-03-03,13,Let You Down,NF,15,11,16
2018-03-03,14,Gucci Gang,Lil Pump,14,2,23
2018-03-03,15,No Limit,G-Eazy Featuring A$AP Rocky & Cardi B,13,2,19
2018-03-10,1,God's Plan,Drake,1,1,6
2018-03-10,2,Psycho,Post Malone Featuring Ty Dolla $ign,-,2,1
2018-03-10,3,Look Alive,BlocBoy JB Featuring Drake,2,2,3
2018-03-10,4,Gummo,6ix9ine,5,2,16
2018-03-10,5,Stir Fry,Migos,3,3,5
2018-03-10,6,Rockstar,Post Malone Featuring 21 Savage,4,1,24
2018-03-10,7,I Fall Apart,Post Malone,7,6,23
2018-03-10,8,King's Dead,"Jay Rock , Kendrick Lamar , Future & James Blake",6,6,3
2018-03-10,9,Outside Today,YoungBoy Never Broke Again,8,8,6
2018-03-10,10,44 More,Logic,-,10,1
2018-03-10,11,MotorSport,"Migos , Nicki Minaj & Cardi B",9,3,18
2018-03-10,12,Love.,Kendrick Lamar Featuring Zacari,11,8,23
2018-03-10,13,Ric Flair Drip,Offset & Metro Boomin,17,11,17
2018-03-10,14,Bartier Cardi,Cardi B Featuring 21 Savage,12,6,10
2018-03-10,15,Let You Down,NF,13,11,17
2018-03-17,1,God's Plan,Drake,1,1,7
2018-03-17,2,Psycho,Post Malone Featuring Ty Dolla $ign,2,2,2
2018-03-17,3,Look Alive,BlocBoy JB Featuring Drake,3,2,4
2018-03-17,4,Stir Fry,Migos,5,3,6
2018-03-17,5,Sad!,XXXTENTACION,-,5,1
2018-03-17,6,Ric Flair Drip,Offset & Metro Boomin,13,6,18
2018-03-17,7,Rockstar,Post Malone Featuring 21 Savage,6,1,25
2018-03-17,8,I Fall Apart,Post Malone,7,6,24
2018-03-17,9,Gummo,6ix9ine,4,2,17
2018-03-17,10,King's Dead,"Jay Rock , Kendrick Lamar , Future & James Blake",8,6,4
2018-03-17,11,Outside Today,YoungBoy Never Broke Again,9,8,7
2018-03-17,12,MotorSport,"Migos , Nicki Minaj & Cardi B",11,3,19
2018-03-17,13,Plug Walk,Rich The Kid,23,13,2
2018-03-17,14,Billy,6ix9ine,-,14,1
2018-03-17,15,Let You Down,NF,15,11,18
2018-03-24,1,God's Plan,Drake,1,1,8
2018-03-24,2,Psycho,Post Malone Featuring Ty Dolla $ign,2,2,3
2018-03-24,3,Look Alive,BlocBoy JB Featuring Drake,3,2,5
2018-03-24,4,Stir Fry,Migos,4,3,7
2018-03-24,5,Sad!,XXXTENTACION,5,5,2
2018-03-24,6,Ric Flair Drip,Offset & Metro Boomin,6,6,19
2018-03-24,7,King's Dead,"Jay Rock , Kendrick Lamar , Future & James Blake",10,6,5
2018-03-24,8,I Fall Apart,Post Malone,8,6,25
2018-03-24,9,Rockstar,Post Malone Featuring 21 Savage,7,1,26
2018-03-24,10,Plug Walk,Rich The Kid,13,10,3
2018-03-24,11,Outside Today,YoungBoy Never Broke Again,11,8,8
2018-03-24,12,Everyday,Logic & Marshmello,-,12,1
2018-03-24,13,44 More,Logic,-,10,2
2018-03-24,14,Billy,6ix9ine,14,14,2
2018-03-24,15,Gummo,6ix9ine,9,2,18
2018-03-31,1,God's Plan,Drake,1,1,9
2018-03-31,2,Sad!,XXXTENTACION,5,2,3
2018-03-31,3,Psycho,Post Malone Featuring Ty Dolla $ign,2,2,4
2018-03-31,4,Ric Flair Drip,Offset & Metro Boomin,6,4,20
2018-03-31,5,Look Alive,BlocBoy JB Featuring Drake,3,2,6
2018-03-31,6,Stir Fry,Migos,4,3,8
2018-03-31,7,Walk It Talk It,Migos Featuring Drake,-,7,7
2018-03-31,8,Plug Walk,Rich The Kid,10,8,4
2018-03-31,9,I Fall Apart,Post Malone,8,6,26
2018-03-31,10,Rockstar,Post Malone Featuring 21 Savage,9,1,27
2018-03-31,11,King's Dead,"Jay Rock , Kendrick Lamar , Future & James Blake",7,6,6
2018-03-31,12,Moonlight,XXXTENTACION,-,12,1
2018-03-31,13,Outside Today,YoungBoy Never Broke Again,11,8,9
2018-03-31,14,MotorSport,"Migos , Nicki Minaj & Cardi B",16,3,21
2018-03-31,15,Gucci Gang,Lil Pump,24,2,27
2018-04-07,1,God's Plan,Drake,1,1,10
2018-04-07,2,Psycho,Post Malone Featuring Ty Dolla $ign,3,2,5
2018-04-07,3,Sad!,XXXTENTACION,2,2,4
2018-04-07,4,Look Alive,BlocBoy JB Featuring Drake,5,2,7
2018-04-07,5,Plug Walk,Rich The Kid,8,5,5
2018-04-07,6,Walk It Talk It,Migos Featuring Drake,7,6,8
2018-04-07,7,Ric Flair Drip,Offset & Metro Boomin,4,4,21
2018-04-07,8,Stir Fry,Migos,6,3,9
2018-04-07,9,Rockstar,Post Malone Featuring 21 Savage,10,1,28
2018-04-07,10,I Fall Apart,Post Malone,9,6,27
2018-04-07,11,King's Dead,"Jay Rock , Kendrick Lamar , Future & James Blake",11,6,7
2018-04-07,12,Outside Today,YoungBoy Never Broke Again,13,8,10
2018-04-07,13,Moonlight,XXXTENTACION,12,12,2
2018-04-07,14,Powerglide,Rae Sremmurd & Juicy J,19,14,2
2018-04-07,15,Gucci Gang,Lil Pump,15,2,28
2018-04-14,1,God's Plan,Drake,1,1,11
2018-04-14,2,Psycho,Post Malone Featuring Ty Dolla $ign,2,2,6
2018-04-14,3,Look Alive,BlocBoy JB Featuring Drake,4,2,8
2018-04-14,4,Walk It Talk It,Migos Featuring Drake,6,4,9
2018-04-14,5,Plug Walk,Rich The Kid,5,5,6
2018-04-14,6,Sad!,XXXTENTACION,3,2,5
2018-04-14,7,Ric Flair Drip,Offset & Metro Boomin,7,4,22
2018-04-14,8,Be Careful,Cardi B,-,8,1
2018-04-14,9,Stir Fry,Migos,8,3,10
2018-04-14,10,Rockstar,Post Malone Featuring 21 Savage,9,1,29
2018-04-14,11,I Fall Apart,Post Malone,10,6,28
2018-04-14,12,Powerglide,Rae Sremmurd & Juicy J,14,12,3
2018-04-14,13,King's Dead,"Jay Rock , Kendrick Lamar , Future & James Blake",11,6,8
2018-04-14,14,Outside Today,YoungBoy Never Broke Again,12,8,11
2018-04-14,15,Japan,Famous Dex,23,15,2
2018-04-21,1,Nice For What,Drake,-,1,1
2018-04-21,2,God's Plan,Drake,1,1,12
2018-04-21,3,Psycho,Post Malone Featuring Ty Dolla $ign,2,2,7
2018-04-21,4,Look Alive,BlocBoy JB Featuring Drake,3,2,9
2018-04-21,5,Be Careful,Cardi B,8,5,2
2018-04-21,6,Plug Walk,Rich The Kid,5,5,7
2018-04-21,7,Walk It Talk It,Migos Featuring Drake,4,4,10
2018-04-21,8,I Like It,"Cardi B , Bad Bunny & J Balvin",-,8,1
2018-04-21,9,Sad!,XXXTENTACION,6,2,6
2018-04-21,10,Drip,Cardi B Featuring Migos,-,10,1
2018-04-21,11,Japan,Famous Dex,15,11,3
2018-04-21,12,Ring,Cardi B Featuring Kehlani,-,12,1
2018-04-21,13,I Do,Cardi B Featuring SZA,-,13,1
2018-04-21,14,Ric Flair Drip,Offset & Metro Boomin,7,4,23
2018-04-21,15,Bodak Yellow (Money Moves),Cardi B,20,1,38
2018-04-28,1,Nice For What,Drake,1,1,2
2018-04-28,2,God's Plan,Drake,2,1,13
2018-04-28,3,Psycho,Post Malone Featuring Ty Dolla $ign,3,2,8
2018-04-28,4,Look Alive,BlocBoy JB Featuring Drake,4,2,10
2018-04-28,5,Plug Walk,Rich The Kid,6,5,8
2018-04-28,6,Walk It Talk It,Migos Featuring Drake,7,4,11
2018-04-28,7,I Like It,"Cardi B , Bad Bunny & J Balvin",8,7,2
2018-04-28,8,Be Careful,Cardi B,5,5,3
2018-04-28,9,Sad!,XXXTENTACION,9,2,7
2018-04-28,10,Japan,Famous Dex,11,10,4
2018-04-28,11,Esskeetit,Lil Pump,-,11,1
2018-04-28,12,Chun-Li,Nicki Minaj,-,12,1
2018-04-28,13,Ric Flair Drip,Offset & Metro Boomin,14,4,24
2018-04-28,14,Drip,Cardi B Featuring Migos,10,10,2
2018-04-28,15,Barbie Tingz,Nicki Minaj,-,15,1
2018-05-05,1,Nice For What,Drake,1,1,3
2018-05-05,2,ATM,J. Cole,-,2,1
2018-05-05,3,Kevin's Heart,J. Cole,-,3,1
2018-05-05,4,God's Plan,Drake,2,1,14
2018-05-05,5,KOD,J. Cole,-,5,1
2018-05-05,6,Photograph,J. Cole,-,6,1
2018-05-05,7,Psycho,Post Malone Featuring Ty Dolla $ign,3,2,9
2018-05-05,8,Motiv8,J. Cole,-,8,1
2018-05-05,9,1985 (Intro To The Fall Off),J. Cole,-,9,1
2018-05-05,10,Look Alive,BlocBoy JB Featuring Drake,4,2,11
2018-05-05,11,Plug Walk,Rich The Kid,5,5,9
2018-05-05,12,The Cut Off,J. Cole Featuring kiLL edward,-,12,1
2018-05-05,13,I Like It,"Cardi B , Bad Bunny & J Balvin",7,7,3
2018-05-05,14,Brackets,J. Cole,-,14,1
2018-05-05,15,Walk It Talk It,Migos Featuring Drake,6,4,12
2018-05-12,1,Nice For What,Drake,1,1,4
2018-05-12,2,Psycho,Post Malone Featuring Ty Dolla $ign,7,2,10
2018-05-12,3,God's Plan,Drake,4,1,15
2018-05-12,4,Better Now,Post Malone,-,4,1
2018-05-12,5,Paranoid,Post Malone,-,5,1
2018-05-12,6,Rockstar,Post Malone Featuring 21 Savage,25,1,33
2018-05-12,7,Ball For Me,Post Malone Featuring Nicki Minaj,-,7,1
2018-05-12,8,Zack And Codeine,Post Malone,-,8,1
2018-05-12,9,Look Alive,BlocBoy JB Featuring Drake,10,2,12
2018-05-12,10,Over Now,Post Malone,-,10,1
2018-05-12,11,Takin' Shots,Post Malone,-,11,1
2018-05-12,12,Same Bitches,Post Malone Featuring G-Eazy & YG,-,12,1
2018-05-12,13,Walk It Talk It,Migos Featuring Drake,15,4,13
2018-05-12,14,I Like It,"Cardi B , Bad Bunny & J Balvin",13,7,4
2018-05-12,15,Plug Walk,Rich The Kid,11,5,10
2018-05-19,1,This Is America,Childish Gambino,-,1,1
2018-05-19,2,Nice For What,Drake,1,1,5
2018-05-19,3,Psycho,Post Malone Featuring Ty Dolla $ign,2,2,11
2018-05-19,4,God's Plan,Drake,3,1,16
2018-05-19,5,Look Alive,BlocBoy JB Featuring Drake,9,2,13
2018-05-19,6,Watch,Travis Scott Featuring Lil Uzi Vert & Kanye West,-,6,1
2018-05-19,7,Better Now,Post Malone,4,4,2
2018-05-19,8,Rockstar,Post Malone Featuring 21 Savage,6,1,34
2018-05-19,9,I Like It,"Cardi B , Bad Bunny & J Balvin",14,7,5
2018-05-19,10,Walk It Talk It,Migos Featuring Drake,13,4,14
2018-05-19,11,Chun-Li,Nicki Minaj,-,11,2
2018-05-19,12,Plug Walk,Rich The Kid,15,5,11
2018-05-19,13,Paranoid,Post Malone,5,5,2
2018-05-19,14,Sad!,XXXTENTACION,-,2,9
2018-05-19,15,Powerglide,Rae Sremmurd & Juicy J,24,12,8
2018-05-26,1,This Is America,Childish Gambino,1,1,2
2018-05-26,2,Nice For What,Drake,2,1,6
2018-05-26,3,Psycho,Post Malone Featuring Ty Dolla $ign,3,2,12
2018-05-26,4,God's Plan,Drake,4,1,17
2018-05-26,5,Look Alive,BlocBoy JB Featuring Drake,5,2,14
2018-05-26,6,Walk It Talk It,Migos Featuring Drake,10,4,15
2018-05-26,7,Rockstar,Post Malone Featuring 21 Savage,8,1,35
2018-05-26,8,Plug Walk,Rich The Kid,12,5,12
2018-05-26,9,Better Now,Post Malone,7,4,3
2018-05-26,10,I Like It,"Cardi B , Bad Bunny & J Balvin",9,7,6
2018-05-26,11,Sad!,XXXTENTACION,14,2,10
2018-05-26,12,Be Careful,Cardi B,16,5,7
2018-05-26,13,Powerglide,Rae Sremmurd & Juicy J,15,12,9
2018-05-26,14,Watch,Travis Scott Featuring Lil Uzi Vert & Kanye West,6,6,2
2018-05-26,15,Japan,Famous Dex,20,10,8
2018-06-02,1,This Is America,Childish Gambino,1,1,3
2018-06-02,2,Yes Indeed,Lil Baby & Drake,20,2,2
2018-06-02,3,Nice For What,Drake,2,1,7
2018-06-02,4,Psycho,Post Malone Featuring Ty Dolla $ign,3,2,13
2018-06-02,5,God's Plan,Drake,4,1,18
2018-06-02,6,Walk It Talk It,Migos Featuring Drake,6,4,16
2018-06-02,7,Look Alive,BlocBoy JB Featuring Drake,5,2,15
2018-06-02,8,Be Careful,Cardi B,12,5,8
2018-06-02,9,Rockstar,Post Malone Featuring 21 Savage,7,1,36
2018-06-02,10,I Like It,"Cardi B , Bad Bunny & J Balvin",10,7,7
2018-06-02,11,Plug Walk,Rich The Kid,8,5,13
2018-06-02,12,Better Now,Post Malone,9,4,4
2018-06-02,13,Lucid Dreams,Juice WRLD,-,13,1
2018-06-02,14,Sad!,XXXTENTACION,11,2,11
2018-06-02,15,Overdose,YoungBoy Never Broke Again,19,15,3
2018-06-09,1,Yes Indeed,Lil Baby & Drake,2,1,3
2018-06-09,2,Nice For What,Drake,3,1,8
2018-06-09,3,This Is America,Childish Gambino,1,1,4
2018-06-09,4,Psycho,Post Malone Featuring Ty Dolla $ign,4,2,14
2018-06-09,5,I Like It,"Cardi B , Bad Bunny & J Balvin",10,5,8
2018-06-09,6,Lucid Dreams,Juice WRLD,13,6,2
2018-06-09,7,God's Plan,Drake,5,1,19
2018-06-09,8,Walk It Talk It,Migos Featuring Drake,6,4,17
2018-06-09,9,Look Alive,BlocBoy JB Featuring Drake,7,2,16
2018-06-09,10,I'm Upset,Drake,-,10,1
2018-06-09,11,Rockstar,Post Malone Featuring 21 Savage,9,1,37
2018-06-09,12,Plug Walk,Rich The Kid,11,5,14
2018-06-09,13,Be Careful,Cardi B,8,5,9
2018-06-09,14,Better Now,Post Malone,12,4,5
2018-06-09,15,Sad!,XXXTENTACION,14,2,12
2018-06-16,1,All Mine,Kanye West,-,1,1
2018-06-16,2,Lucid Dreams,Juice WRLD,6,2,3
2018-06-16,3,Yikes,Kanye West,-,3,1
2018-06-16,4,Nice For What,Drake,2,1,9
2018-06-16,5,I Like It,"Cardi B , Bad Bunny & J Balvin",5,5,9
2018-06-16,6,This Is America,Childish Gambino,3,1,5
2018-06-16,7,Yes Indeed,Lil Baby & Drake,1,1,4
2018-06-16,8,Psycho,Post Malone Featuring Ty Dolla $ign,4,2,15
2018-06-16,9,God's Plan,Drake,7,1,20
2018-06-16,10,Wouldn't Leave,Kanye West Featuring PARTYNEXTDOOR,-,10,1
2018-06-16,11,Violent Crimes,Kanye West,-,11,1
2018-06-16,12,I Thought About Killing You,Kanye West,-,12,1
2018-06-16,13,I'm Upset,Drake,10,10,2
2018-06-16,14,No Mistakes,Kanye West,-,14,1
2018-06-16,15,Walk It Talk It,Migos Featuring Drake,8,4,18
2018-06-23,1,Lucid Dreams,Juice WRLD,2,1,4
2018-06-23,2,I Like It,"Cardi B , Bad Bunny & J Balvin",5,2,10
2018-06-23,3,Nice For What,Drake,4,1,10
2018-06-23,4,Yes Indeed,Lil Baby & Drake,7,1,5
2018-06-23,5,Psycho,Post Malone Featuring Ty Dolla $ign,8,2,16
2018-06-23,6,This Is America,Childish Gambino,6,1,6
2018-06-23,7,God's Plan,Drake,9,1,21
2018-06-23,8,All Mine,Kanye West,1,1,2
2018-06-23,9,I'm Upset,Drake,13,9,3
2018-06-23,10,Walk It Talk It,Migos Featuring Drake,15,4,19
2018-06-23,11,Better Now,Post Malone,18,4,7
2018-06-23,12,Look Alive,BlocBoy JB Featuring Drake,16,2,18
2018-06-23,13,Rockstar,Post Malone Featuring 21 Savage,17,1,39
2018-06-23,14,Reborn,KIDS SEE GHOSTS,-,14,1
2018-06-23,15,All Girls Are The Same,Juice WRLD,21,15,4
2018-06-30,1,Sad!,XXXTENTACION,24,1,15
2018-06-30,2,Lucid Dreams,Juice WRLD,1,1,5
2018-06-30,3,I Like It,"Cardi B , Bad Bunny & J Balvin",2,2,11
2018-06-30,4,Yes Indeed,Lil Baby & Drake,4,1,6
2018-06-30,5,I'm Upset,Drake,9,5,4
2018-06-30,6,Moonlight,XXXTENTACION,-,6,3
2018-06-30,7,Nice For What,Drake,3,1,11
2018-06-30,8,Jocelyn Flores,XXXTENTACION,-,8,9
2018-06-30,9,Apes**t,The Carters,-,9,1
2018-06-30,10,Psycho,Post Malone Featuring Ty Dolla $ign,5,2,17
2018-06-30,11,God's Plan,Drake,7,1,22
2018-06-30,12,This Is America,Childish Gambino,6,1,7
2018-06-30,13,Better Now,Post Malone,11,4,8
2018-06-30,14,Walk It Talk It,Migos Featuring Drake,10,4,20
2018-06-30,15,Taste,Tyga Featuring Offset,17,15,2
2018-07-07,1,Sad!,XXXTENTACION,1,1,16
2018-07-07,2,Lucid Dreams,Juice WRLD,2,1,6
2018-07-07,3,I Like It,"Cardi B , Bad Bunny & J Balvin",3,2,12
2018-07-07,4,Moonlight,XXXTENTACION,6,4,4
2018-07-07,5,Yes Indeed,Lil Baby & Drake,4,1,7
2018-07-07,6,Nice For What,Drake,7,1,12
2018-07-07,7,Psycho,Post Malone Featuring Ty Dolla $ign,10,2,18
2018-07-07,8,Jocelyn Flores,XXXTENTACION,8,8,10
2018-07-07,9,I'm Upset,Drake,5,5,5
2018-07-07,10,Plug Walk,Rich The Kid,17,5,18
2018-07-07,11,Apes**t,The Carters,9,9,2
2018-07-07,12,God's Plan,Drake,11,1,23
2018-07-07,13,Taste,Tyga Featuring Offset,15,13,3
2018-07-07,14,Better Now,Post Malone,13,4,9
2018-07-07,15,This Is America,Childish Gambino,12,1,8
2018-07-14,1,Nonstop,Drake,-,1,1
2018-07-14,2,In My Feelings,Drake,-,2,1
2018-07-14,3,I'm Upset,Drake,9,3,6
2018-07-14,4,Emotionless,Drake,-,4,1
2018-07-14,5,Mob Ties,Drake,-,5,1
2018-07-14,6,Elevate,Drake,-,6,1
2018-07-14,7,God's Plan,Drake,12,1,24
2018-07-14,8,Sad!,XXXTENTACION,1,1,17
2018-07-14,9,Nice For What,Drake,6,1,13
2018-07-14,10,Survival,Drake,-,10,1
2018-07-14,11,Can't Take A Joke,Drake,-,11,1
2018-07-14,12,Lucid Dreams,Juice WRLD,2,1,7
2018-07-14,13,8 Out Of 10,Drake,-,13,1
2018-07-14,14,Talk Up,Drake Featuring Jay-Z,-,14,1
2018-07-14,15,I Like It,"Cardi B , Bad Bunny & J Balvin",3,2,13
2018-07-21,1,In My Feelings,Drake,2,1,2
2018-07-21,2,Lucid Dreams,Juice WRLD,12,1,8
2018-07-21,3,Nonstop,Drake,1,1,2
2018-07-21,4,I Like It,"Cardi B , Bad Bunny & J Balvin",15,2,14
2018-07-21,5,Sad!,XXXTENTACION,8,1,18
2018-07-21,6,I'm Upset,Drake,3,3,7
2018-07-21,7,Nice For What,Drake,9,1,14
2018-07-21,8,God's Plan,Drake,7,1,25
2018-07-21,9,Yes Indeed,Lil Baby & Drake,19,1,9
2018-07-21,10,Taste,Tyga Featuring Offset,22,10,5
2018-07-21,11,Mob Ties,Drake,5,5,2
2018-07-21,12,Moonlight,XXXTENTACION,21,4,6
2018-07-21,13,Emotionless,Drake,4,4,2
2018-07-21,14,Better Now,Post Malone,-,4,10
2018-07-21,15,Psycho,Post Malone Featuring Ty Dolla $ign,23,2,20
2018-07-28,1,In My Feelings,Drake,1,1,3
2018-07-28,2,I Like It,"Cardi B , Bad Bunny & J Balvin",4,2,15
2018-07-28,3,Lucid Dreams,Juice WRLD,2,1,9
2018-07-28,4,Sad!,XXXTENTACION,5,1,19
2018-07-28,5,Nice For What,Drake,7,1,15
2018-07-28,6,Nonstop,Drake,3,1,3
2018-07-28,7,Taste,Tyga Featuring Offset,10,7,6
2018-07-28,8,Yes Indeed,Lil Baby & Drake,9,1,10
2018-07-28,9,God's Plan,Drake,8,1,26
2018-07-28,10,I'm Upset,Drake,6,3,8
2018-07-28,11,Better Now,Post Malone,14,4,11
2018-07-28,12,Moonlight,XXXTENTACION,12,4,7
2018-07-28,13,Psycho,Post Malone Featuring Ty Dolla $ign,15,2,21
2018-07-28,14,Mob Ties,Drake,11,5,3
2018-07-28,15,Plug Walk,Rich The Kid,18,5,20
2018-08-04,1,In My Feelings,Drake,1,1,4
2018-08-04,2,FEFE,6ix9ine Featuring Nicki Minaj & Murda Beatz,-,2,1
2018-08-04,3,Lucid Dreams,Juice WRLD,3,1,10
2018-08-04,4,I Like It,"Cardi B , Bad Bunny & J Balvin",2,2,16
2018-08-04,5,Sad!,XXXTENTACION,4,1,20
2018-08-04,6,Taste,Tyga Featuring Offset,7,6,7
2018-08-04,7,Yes Indeed,Lil Baby & Drake,8,1,11
2018-08-04,8,Nice For What,Drake,5,1,16
2018-08-04,9,God's Plan,Drake,9,1,27
2018-08-04,10,Nonstop,Drake,6,1,4
2018-08-04,11,Better Now,Post Malone,11,4,12
2018-08-04,12,Psycho,Post Malone Featuring Ty Dolla $ign,13,2,22
2018-08-04,13,I'm Upset,Drake,10,3,9
2018-08-04,14,Big Bank,"YG Featuring 2 Chainz , Big Sean & Nicki Minaj",17,14,2
2018-08-04,15,Moonlight,XXXTENTACION,12,4,8
2018-08-11,1,In My Feelings,Drake,1,1,5
2018-08-11,2,FEFE,6ix9ine Featuring Nicki Minaj & Murda Beatz,2,2,2
2018-08-11,3,Lucid Dreams,Juice WRLD,3,1,11
2018-08-11,4,I Like It,"Cardi B , Bad Bunny & J Balvin",4,2,17
2018-08-11,5,Taste,Tyga Featuring Offset,6,5,8
2018-08-11,6,Sad!,XXXTENTACION,5,1,21
2018-08-11,7,Yes Indeed,Lil Baby & Drake,7,1,12
2018-08-11,8,Nice For What,Drake,8,1,17
2018-08-11,9,Better Now,Post Malone,11,4,13
2018-08-11,10,God's Plan,Drake,9,1,28
2018-08-11,11,Nonstop,Drake,10,1,5
2018-08-11,12,Psycho,Post Malone Featuring Ty Dolla $ign,12,2,23
2018-08-11,13,Big Bank,"YG Featuring 2 Chainz , Big Sean & Nicki Minaj",14,13,3
2018-08-11,14,Moonlight,XXXTENTACION,15,4,9
2018-08-11,15,I'm Upset,Drake,13,3,10
2018-08-18,1,In My Feelings,Drake,1,1,6
2018-08-18,2,Sicko Mode,Travis Scott,-,2,1
2018-08-18,3,FEFE,6ix9ine Featuring Nicki Minaj & Murda Beatz,2,2,3
2018-08-18,4,Stargazing,Travis Scott,-,4,1
2018-08-18,5,Lucid Dreams,Juice WRLD,3,1,12
2018-08-18,6,I Like It,"Cardi B , Bad Bunny & J Balvin",4,2,18
2018-08-18,7,Carousel,Travis Scott,-,7,1
2018-08-18,8,Yosemite,Travis Scott,-,8,1
2018-08-18,9,R.I.P Screw,Travis Scott,-,9,1
2018-08-18,10,Taste,Tyga Featuring Offset,5,5,9
2018-08-18,11,Stop Trying To Be God,Travis Scott,-,11,1
2018-08-18,12,No Bystanders,Travis Scott,-,12,1
2018-08-18,13,Sad!,XXXTENTACION,6,1,22
2018-08-18,14,Big Bank,"YG Featuring 2 Chainz , Big Sean & Nicki Minaj",13,13,4
2018-08-18,15,5% Tint,Travis Scott,-,15,1
2018-08-25,1,In My Feelings,Drake,1,1,7
2018-08-25,2,FEFE,6ix9ine Featuring Nicki Minaj & Murda Beatz,3,2,4
2018-08-25,3,Lucid Dreams,Juice WRLD,5,1,13
2018-08-25,4,Sicko Mode,Travis Scott,2,2,2
2018-08-25,5,I Like It,"Cardi B , Bad Bunny & J Balvin",6,2,19
2018-08-25,6,Taste,Tyga Featuring Offset,10,5,10
2018-08-25,7,Sad!,XXXTENTACION,13,1,23
2018-08-25,8,Stargazing,Travis Scott,4,4,2
2018-08-25,9,Nonstop,Drake,20,1,7
2018-08-25,10,Better Now,Post Malone,18,4,15
2018-08-25,11,Yes Indeed,Lil Baby & Drake,16,1,14
2018-08-25,12,Barbie Dreams,Nicki Minaj,-,12,1
2018-08-25,13,Big Bank,"YG Featuring 2 Chainz , Big Sean & Nicki Minaj",14,13,5
2018-08-25,14,God's Plan,Drake,24,1,30
2018-08-25,15,Nice For What,Drake,25,1,19
2018-09-01,1,In My Feelings,Drake,1,1,8
2018-09-01,2,FEFE,6ix9ine Featuring Nicki Minaj & Murda Beatz,2,2,5
2018-09-01,3,Lucid Dreams,Juice WRLD,3,1,14
2018-09-01,4,Sicko Mode,Travis Scott,4,2,3
2018-09-01,5,I Like It,"Cardi B , Bad Bunny & J Balvin",5,2,20
2018-09-01,6,Taste,Tyga Featuring Offset,6,5,11
2018-09-01,7,Nonstop,Drake,9,1,8
2018-09-01,8,Sad!,XXXTENTACION,7,1,24
2018-09-01,9,Better Now,Post Malone,10,4,16
2018-09-01,10,Yes Indeed,Lil Baby & Drake,11,1,15
2018-09-01,11,Stargazing,Travis Scott,8,4,3
2018-09-01,12,Big Bank,"YG Featuring 2 Chainz , Big Sean & Nicki Minaj",13,12,6
2018-09-01,13,God's Plan,Drake,14,1,31
2018-09-01,14,Psycho,Post Malone Featuring Ty Dolla $ign,18,2,25
2018-09-01,15,Nice For What,Drake,15,1,20
2018-09-08,1,In My Feelings,Drake,1,1,9
2018-09-08,2,FEFE,6ix9ine Featuring Nicki Minaj & Murda Beatz,2,2,6
2018-09-08,3,Lucid Dreams,Juice WRLD,3,1,15
2018-09-08,4,Sicko Mode,Travis Scott,4,2,4
2018-09-08,5,I Like It,"Cardi B , Bad Bunny & J Balvin",5,2,21
2018-09-08,6,Taste,Tyga Featuring Offset,6,5,12
2018-09-08,7,Better Now,Post Malone,9,4,17
2018-09-08,8,Nonstop,Drake,7,1,9
2018-09-08,9,Yes Indeed,Lil Baby & Drake,10,1,16
2018-09-08,10,Sad!,XXXTENTACION,8,1,25
2018-09-08,11,Big Bank,"YG Featuring 2 Chainz , Big Sean & Nicki Minaj",12,11,7
2018-09-08,12,God's Plan,Drake,13,1,32
2018-09-08,13,Stargazing,Travis Scott,11,4,4
2018-09-08,14,Psycho,Post Malone Featuring Ty Dolla $ign,14,2,26
2018-09-08,15,Rockstar,Post Malone Featuring 21 Savage,17,1,48
2018-09-15,1,Lucky You,Eminem Featuring Joyner Lucas,-,1,1
2018-09-15,2,FEFE,6ix9ine Featuring Nicki Minaj & Murda Beatz,2,2,7
2018-09-15,3,In My Feelings,Drake,1,1,10
2018-09-15,4,Lucid Dreams,Juice WRLD,3,1,16
2018-09-15,5,The Ringer,Eminem,-,5,1
2018-09-15,6,Sicko Mode,Travis Scott,4,2,5
2018-09-15,7,Fall,Eminem,-,7,1
2018-09-15,8,Kamikaze,Eminem,-,8,1
2018-09-15,9,Taste,Tyga Featuring Offset,6,5,13
2018-09-15,10,Greatest,Eminem,-,10,1
2018-09-15,11,Not Alike,Eminem Featuring Royce Da 5'9,-,11,1
2018-09-15,12,I Like It,"Cardi B , Bad Bunny & J Balvin",5,2,22
2018-09-15,13,Better Now,Post Malone,7,4,18
2018-09-15,14,Nonstop,Drake,8,1,10
2018-09-15,15,Sad!,XXXTENTACION,10,1,26
2018-09-22,1,I Love It,Kanye West & Lil Pump,-,1,1
2018-09-22,2,FEFE,6ix9ine Featuring Nicki Minaj & Murda Beatz,2,2,8
2018-09-22,3,In My Feelings,Drake,3,1,11
2018-09-22,4,Lucid Dreams,Juice WRLD,4,1,17
2018-09-22,5,Sicko Mode,Travis Scott,6,2,6
2018-09-22,6,Lucky You,Eminem Featuring Joyner Lucas,1,1,2
2018-09-22,7,Taste,Tyga Featuring Offset,9,5,14
2018-09-22,8,I Like It,"Cardi B , Bad Bunny & J Balvin",12,2,23
2018-09-22,9,Nonstop,Drake,14,1,11
2018-09-22,10,Sad!,XXXTENTACION,15,1,27
2018-09-22,11,Better Now,Post Malone,13,4,19
2018-09-22,12,Rap Devil,Machine Gun Kelly,-,12,1
2018-09-22,13,Yes Indeed,Lil Baby & Drake,16,1,18
2018-09-22,14,Self Care,Mac Miller,-,14,1
2018-09-22,15,Fall,Eminem,7,7,2
2018-09-29,1,I Love It,Kanye West & Lil Pump,1,1,2
2018-09-29,2,Killshot,Eminem,-,2,1
2018-09-29,3,FEFE,6ix9ine Featuring Nicki Minaj & Murda Beatz,2,2,9
2018-09-29,4,Lucid Dreams,Juice WRLD,4,1,18
2018-09-29,5,In My Feelings,Drake,3,1,12
2018-09-29,6,Sicko Mode,Travis Scott,5,2,7
2018-09-29,7,Lucky You,Eminem Featuring Joyner Lucas,6,1,3
2018-09-29,8,Drip Too Hard,Lil Baby & Gunna,-,8,1
2018-09-29,9,Taste,Tyga Featuring Offset,7,5,15
2018-09-29,10,I Like It,"Cardi B , Bad Bunny & J Balvin",8,2,24
2018-09-29,11,Better Now,Post Malone,11,4,20
2018-09-29,12,Sad!,XXXTENTACION,10,1,28
2018-09-29,13,Yes Indeed,Lil Baby & Drake,13,1,19
2018-09-29,14,Nonstop,Drake,9,1,12
2018-09-29,15,Rap Devil,Machine Gun Kelly,12,12,2
2018-10-06,1,Lucid Dreams,Juice WRLD,4,1,19
2018-10-06,2,I Love It,Kanye West & Lil Pump,1,1,3
2018-10-06,3,FEFE,6ix9ine Featuring Nicki Minaj & Murda Beatz,3,2,10
2018-10-06,4,In My Feelings,Drake,5,1,13
2018-10-06,5,Sicko Mode,Travis Scott,6,2,8
2018-10-06,6,Killshot,Eminem,2,2,2
2018-10-06,7,New Patek,Lil Uzi Vert,17,7,2
2018-10-06,8,Drip Too Hard,Lil Baby & Gunna,8,8,2
2018-10-06,9,Taste,Tyga Featuring Offset,9,5,16
2018-10-06,10,Lucky You,Eminem Featuring Joyner Lucas,7,1,4
2018-10-06,11,Sad!,XXXTENTACION,12,1,29
2018-10-06,12,I Like It,"Cardi B , Bad Bunny & J Balvin",10,2,25
2018-10-06,13,Better Now,Post Malone,11,4,21
2018-10-06,14,Mo Bamba,Sheck Wes,18,14,3
2018-10-06,15,Nonstop,Drake,14,1,13
2018-10-13,1,Mona Lisa,Lil Wayne Featuring Kendrick Lamar,-,1,1
2018-10-13,2,Don't Cry,Lil Wayne Featuring XXXTENTACION,-,2,1
2018-10-13,3,Let It Fly,Lil Wayne Featuring Travis Scott,-,3,1
2018-10-13,4,Uproar,Lil Wayne,-,4,1
2018-10-13,5,Dedicate,Lil Wayne,-,5,1
2018-10-13,6,Lucid Dreams,Juice WRLD,1,1,20
2018-10-13,7,Can't Be Broken,Lil Wayne,-,7,1
2018-10-13,8,FEFE,6ix9ine Featuring Nicki Minaj & Murda Beatz,3,2,11
2018-10-13,9,Sicko Mode,Travis Scott,5,2,9
2018-10-13,10,In My Feelings,Drake,4,1,14
2018-10-13,11,I Love It,Kanye West & Lil Pump,2,1,4
2018-10-13,12,What About Me,Lil Wayne Featuring Sosamann,-,12,1
2018-10-13,13,Drip Too Hard,Lil Baby & Gunna,8,8,3
2018-10-13,14,Taste,Tyga Featuring Offset,9,5,17
2018-10-13,15,Moonlight,XXXTENTACION,20,4,17
2018-10-20,1,Drip Too Hard,Lil Baby & Gunna,13,1,4
2018-10-20,2,Lucid Dreams,Juice WRLD,6,1,21
2018-10-20,3,Never Recover,Lil Baby & Gunna Featuring Drake,-,3,1
2018-10-20,4,Sicko Mode,Travis Scott,9,2,10
2018-10-20,5,FEFE,6ix9ine Featuring Nicki Minaj & Murda Beatz,8,2,12
2018-10-20,6,In My Feelings,Drake,10,1,15
2018-10-20,7,Mona Lisa,Lil Wayne Featuring Kendrick Lamar,1,1,2
2018-10-20,8,Close Friends,Lil Baby,-,8,1
2018-10-20,9,I Love It,Kanye West & Lil Pump,11,1,5
2018-10-20,10,Mo Bamba,Sheck Wes,21,10,5
2018-10-20,11,STOOPID,6ix9ine Featuring Bobby Shmurda,-,11,1
2018-10-20,12,Taste,Tyga Featuring Offset,14,5,18
2018-10-20,13,I Like It,"Cardi B , Bad Bunny & J Balvin",22,2,27
2018-10-20,14,Better Now,Post Malone,23,4,23
2018-10-20,15,Sad!,XXXTENTACION,20,1,31
2018-10-27,1,ZEZE,Kodak Black Featuring Travis Scott & Offset,-,1,1
2018-10-27,2,Drip Too Hard,Lil Baby & Gunna,1,1,5
2018-10-27,3,Lucid Dreams,Juice WRLD,2,1,22
2018-10-27,4,Sicko Mode,Travis Scott,4,2,11
2018-10-27,5,Mo Bamba,Sheck Wes,10,5,6
2018-10-27,6,In My Feelings,Drake,6,1,16
2018-10-27,7,FEFE,6ix9ine Featuring Nicki Minaj & Murda Beatz,5,2,13
2018-10-27,8,Close Friends,Lil Baby,8,8,2
2018-10-27,9,Never Recover,Lil Baby & Gunna Featuring Drake,3,3,2
2018-10-27,10,Taste,Tyga Featuring Offset,12,5,19
2018-10-27,11,Better Now,Post Malone,14,4,24
2018-10-27,12,I Love It,Kanye West & Lil Pump,9,1,6
2018-10-27,13,I Like It,"Cardi B , Bad Bunny & J Balvin",13,2,28
2018-10-27,14,Mona Lisa,Lil Wayne Featuring Kendrick Lamar,7,1,3
2018-10-27,15,Sad!,XXXTENTACION,15,1,32
2018-11-03,1,ZEZE,Kodak Black Featuring Travis Scott & Offset,1,1,2
2018-11-03,2,Sicko Mode,Travis Scott,4,2,12
2018-11-03,3,Drip Too Hard,Lil Baby & Gunna,2,1,6
2018-11-03,4,Lucid Dreams,Juice WRLD,3,1,23
2018-11-03,5,Mo Bamba,Sheck Wes,5,5,7
2018-11-03,6,Sunflower (Spider-Man: Into The Spider-Verse),Post Malone & Swae Lee,-,6,1
2018-11-03,7,Fine China,Future & Juice WRLD,-,7,1
2018-11-03,8,In My Feelings,Drake,6,1,17
2018-11-03,9,FEFE,6ix9ine Featuring Nicki Minaj & Murda Beatz,7,2,14
2018-11-03,10,Better Now,Post Malone,11,4,25
2018-11-03,11,Close Friends,Lil Baby,8,8,3
2018-11-03,12,Taste,Tyga Featuring Offset,10,5,20
2018-11-03,13,Sad!,XXXTENTACION,15,1,33
2018-11-03,14,STOOPID,6ix9ine Featuring Bobby Shmurda,17,11,3
2018-11-03,15,Never Recover,Lil Baby & Gunna Featuring Drake,9,3,3
2018-11-10,1,ZEZE,Kodak Black Featuring Travis Scott & Offset,1,1,3
2018-11-10,2,Drip Too Hard,Lil Baby & Gunna,3,1,7
2018-11-10,3,Sicko Mode,Travis Scott,2,2,13
2018-11-10,4,Mo Bamba,Sheck Wes,5,4,8
2018-11-10,5,Lucid Dreams,Juice WRLD,4,1,24
2018-11-10,6,Money,Cardi B,-,6,1
2018-11-10,7,FEFE,6ix9ine Featuring Nicki Minaj & Murda Beatz,9,2,15
2018-11-10,8,In My Feelings,Drake,8,1,18
2018-11-10,9,Better Now,Post Malone,10,4,26
2018-11-10,10,Sunflower (Spider-Man: Into The Spider-Verse),Post Malone & Swae Lee,6,6,2
2018-11-10,11,Taste,Tyga Featuring Offset,12,5,21
2018-11-10,12,Sad!,XXXTENTACION,13,1,34
2018-11-10,13,Wake Up In The Sky,Gucci Mane X Bruno Mars X Kodak Black,-,13,3
2018-11-10,14,Fine China,Future & Juice WRLD,7,7,2
2018-11-10,15,Close Friends,Lil Baby,11,8,4
2018-11-17,1,Drip Too Hard,Lil Baby & Gunna,2,1,8
2018-11-17,2,ZEZE,Kodak Black Featuring Travis Scott & Offset,1,1,4
2018-11-17,3,Mo Bamba,Sheck Wes,4,3,9
2018-11-17,4,Sicko Mode,Travis Scott,3,2,14
2018-11-17,5,Lucid Dreams,Juice WRLD,5,1,25
2018-11-17,6,Money,Cardi B,6,6,2
2018-11-17,7,Wake Up In The Sky,Gucci Mane X Bruno Mars X Kodak Black,13,7,4
2018-11-17,8,In My Feelings,Drake,8,1,19
2018-11-17,9,Don't Come Out The House,Metro Boomin Featuring 21 Savage,-,9,1
2018-11-17,10,Sunflower (Spider-Man: Into The Spider-Verse),Post Malone & Swae Lee,10,6,3
2018-11-17,11,FEFE,6ix9ine Featuring Nicki Minaj & Murda Beatz,7,2,16
2018-11-17,12,10 Freaky Girls,Metro Boomin Featuring 21 Savage,-,12,1
2018-11-17,13,Better Now,Post Malone,9,4,27
2018-11-17,14,Space Cadet,Metro Boomin Featuring Gunna,-,14,1
2018-11-17,15,Taste,Tyga Featuring Offset,11,5,22
2018-11-24,1,Mo Bamba,Sheck Wes,3,1,10
2018-11-24,2,Drip Too Hard,Lil Baby & Gunna,1,1,9
2018-11-24,3,Sicko Mode,Travis Scott,4,2,15
2018-11-24,4,ZEZE,Kodak Black Featuring Travis Scott & Offset,2,1,5
2018-11-24,5,BAD!,XXXTENTACION,-,5,1
2018-11-24,6,Lucid Dreams,Juice WRLD,5,1,26
2018-11-24,7,Money,Cardi B,6,6,3
2018-11-24,8,Wake Up In The Sky,Gucci Mane X Bruno Mars X Kodak Black,7,7,5
2018-11-24,9,Sunflower (Spider-Man: Into The Spider-Verse),Post Malone & Swae Lee,10,6,4
2018-11-24,10,In My Feelings,Drake,8,1,20
2018-11-24,11,Armed And Dangerous,Juice WRLD,-,11,1
2018-11-24,12,Better Now,Post Malone,13,4,28
2018-11-24,13,FEFE,6ix9ine Featuring Nicki Minaj & Murda Beatz,11,2,17
2018-11-24,14,Taste,Tyga Featuring Offset,15,5,23
2018-11-24,15,Topanga,Trippie Redd,-,15,1
2018-12-01,1,Mo Bamba,Sheck Wes,1,1,11
2018-12-01,2,Drip Too Hard,Lil Baby & Gunna,2,1,10
2018-12-01,3,Sicko Mode,Travis Scott,3,2,16
2018-12-01,4,ZEZE,Kodak Black Featuring Travis Scott & Offset,4,1,6
2018-12-01,5,Lucid Dreams,Juice WRLD,6,1,27
2018-12-01,6,Wake Up In The Sky,Gucci Mane X Bruno Mars X Kodak Black,8,6,6
2018-12-01,7,Money,Cardi B,7,6,4
2018-12-01,8,In My Feelings,Drake,10,1,21
2018-12-01,9,BAD!,XXXTENTACION,5,5,2
2018-12-01,10,Sunflower (Spider-Man: Into The Spider-Verse),Post Malone & Swae Lee,9,6,5
2018-12-01,11,FEFE,6ix9ine Featuring Nicki Minaj & Murda Beatz,13,2,18
2018-12-01,12,Armed And Dangerous,Juice WRLD,11,11,2
2018-12-01,13,Better Now,Post Malone,12,4,29
2018-12-01,14,Taste,Tyga Featuring Offset,14,5,24
2018-12-01,15,Leave Me Alone,Flipp Dinero,21,15,3
2018-12-08,1,Sicko Mode,Travis Scott,3,1,17
2018-12-08,2,Mo Bamba,Sheck Wes,1,1,12
2018-12-08,3,Drip Too Hard,Lil Baby & Gunna,2,1,11
2018-12-08,4,ZEZE,Kodak Black Featuring Travis Scott & Offset,4,1,7
2018-12-08,5,Lucid Dreams,Juice WRLD,5,1,28
2018-12-08,6,Wake Up In The Sky,Gucci Mane X Bruno Mars X Kodak Black,6,6,7
2018-12-08,7,FEFE,6ix9ine Featuring Nicki Minaj & Murda Beatz,11,2,19
2018-12-08,8,Money,Cardi B,7,6,5
2018-12-08,9,Sunflower (Spider-Man: Into The Spider-Verse),Post Malone & Swae Lee,10,6,6
2018-12-08,10,Leave Me Alone,Flipp Dinero,15,10,4
2018-12-08,11,In My Feelings,Drake,8,1,22
2018-12-08,12,Armed And Dangerous,Juice WRLD,12,11,3
2018-12-08,13,Better Now,Post Malone,13,4,30
2018-12-08,14,BAD!,XXXTENTACION,9,5,3
2018-12-08,15,Taste,Tyga Featuring Offset,14,5,25
2018-12-15,1,Sicko Mode,Travis Scott,1,1,18
2018-12-15,2,Going Bad,Meek Mill Featuring Drake,-,2,1
2018-12-15,3,Drip Too Hard,Lil Baby & Gunna,3,1,12
2018-12-15,4,Mo Bamba,Sheck Wes,2,1,13
2018-12-15,5,ZEZE,Kodak Black Featuring Travis Scott & Offset,4,1,8
2018-12-15,6,What's Free,Meek Mill Featuring Rick Ross & Jay-Z,-,6,1
2018-12-15,7,Lucid Dreams,Juice WRLD,5,1,29
2018-12-15,8,On Me,Meek Mill Featuring Cardi B,-,8,1
2018-12-15,9,KIKA,6ix9ine Featuring Tory Lanez,19,9,2
2018-12-15,10,Pure Cocaine,Lil Baby,-,10,1
2018-12-15,11,Uptown Vibes,Meek Mill Featuring Fabolous & Anuel AA,-,11,1
2018-12-15,12,Wake Up In The Sky,Gucci Mane X Bruno Mars X Kodak Black,6,6,8
2018-12-15,13,MAMA,6ix9ine Featuring Nicki Minaj & Kanye West,-,13,1
2018-12-15,14,Sunflower (Spider-Man: Into The Spider-Verse),Post Malone & Swae Lee,9,6,7
2018-12-15,15,WAKA,6ix9ine Featuring A Boogie wit da Hoodie,-,15,1
2018-12-22,1,Sicko Mode,Travis Scott,1,1,19
2018-12-22,2,Drip Too Hard,Lil Baby & Gunna,3,1,13
2018-12-22,3,Going Bad,Meek Mill Featuring Drake,2,2,2
2018-12-22,4,Mo Bamba,Sheck Wes,4,1,14
2018-12-22,5,ZEZE,Kodak Black Featuring Travis Scott & Offset,5,1,9
2018-12-22,6,Sunflower (Spider-Man: Into The Spider-Verse),Post Malone & Swae Lee,14,6,8
2018-12-22,7,Lucid Dreams,Juice WRLD,7,1,30
2018-12-22,8,Wake Up In The Sky,Gucci Mane X Bruno Mars X Kodak Black,12,6,9
2018-12-22,9,BAD!,XXXTENTACION,-,5,4
2018-12-22,10,Guardian Angel,XXXTENTACION,-,10,1
2018-12-22,11,In My Feelings,Drake,-,1,23
2018-12-22,12,Leave Me Alone,Flipp Dinero,22,10,6
2018-12-22,13,Money,Cardi B,17,6,7
2018-12-22,14,Sad!,XXXTENTACION,-,1,39
2018-12-22,15,I Don't Let Go,XXXTENTACION,-,15,1
2018-12-29,1,Sicko Mode,Travis Scott,1,1,20
2018-12-29,2,Sunflower (Spider-Man: Into The Spider-Verse),Post Malone & Swae Lee,6,2,9
2018-12-29,3,ZEZE,Kodak Black Featuring Travis Scott & Offset,5,1,10
2018-12-29,4,Drip Too Hard,Lil Baby & Gunna,2,1,14
2018-12-29,5,Mo Bamba,Sheck Wes,4,1,15
2018-12-29,6,Going Bad,Meek Mill Featuring Drake,3,2,3
2018-12-29,7,Wake Up In The Sky,Gucci Mane X Bruno Mars X Kodak Black,8,6,10
2018-12-29,8,Lucid Dreams,Juice WRLD,7,1,31
2018-12-29,9,Leave Me Alone,Flipp Dinero,12,9,7
2018-12-29,10,Calling My Spirit,Kodak Black,18,10,2
2018-12-29,11,Money,Cardi B,13,6,8
2018-12-29,12,BAD!,XXXTENTACION,9,5,5
2018-12-29,13,In My Feelings,Drake,11,1,24
2018-12-29,14,Sad!,XXXTENTACION,14,1,40
2018-12-29,15,Nonstop,Drake,16,1,24
2019-01-05,1,Sicko Mode,Travis Scott,1,1,21
2019-01-05,2,Sunflower (Spider-Man: Into The Spider-Verse),Post Malone & Swae Lee,2,2,10
2019-01-05,3,Drip Too Hard,Lil Baby & Gunna,4,1,15
2019-01-05,4,Mo Bamba,Sheck Wes,5,1,16
2019-01-05,5,ZEZE,Kodak Black Featuring Travis Scott & Offset,3,1,11
2019-01-05,6,A Lot,21 Savage,-,6,1
2019-01-05,7,Money,Cardi B,11,6,9
2019-01-05,8,Wake Up In The Sky,Gucci Mane X Bruno Mars X Kodak Black,7,6,11
2019-01-05,9,Going Bad,Meek Mill Featuring Drake,6,2,4
2019-01-05,10,Lucid Dreams,Juice WRLD,8,1,32
2019-01-05,11,Leave Me Alone,Flipp Dinero,9,9,8
2019-01-05,12,Wow.,Post Malone,-,12,1
2019-01-05,13,In My Feelings,Drake,13,1,25
2019-01-05,14,Can't Leave Without It,21 Savage,-,14,1
2019-01-05,15,Swervin,A Boogie wit da Hoodie Featuring 6ix9ine,-,15,1
2019-01-12,1,Sicko Mode,Travis Scott,1,1,22
2019-01-12,2,Sunflower (Spider-Man: Into The Spider-Verse),Post Malone & Swae Lee,2,2,11
2019-01-12,3,Wow.,Post Malone,12,3,2
2019-01-12,4,Drip Too Hard,Lil Baby & Gunna,3,1,16
2019-01-12,5,Mo Bamba,Sheck Wes,4,1,17
2019-01-12,6,ZEZE,Kodak Black Featuring Travis Scott & Offset,5,1,12
2019-01-12,7,Going Bad,Meek Mill Featuring Drake,9,2,5
2019-01-12,8,Wake Up In The Sky,Gucci Mane X Bruno Mars X Kodak Black,8,6,12
2019-01-12,9,Money,Cardi B,7,6,10
2019-01-12,10,Lucid Dreams,Juice WRLD,10,1,33
2019-01-12,11,Leave Me Alone,Flipp Dinero,11,9,9
2019-01-12,12,In My Feelings,Drake,13,1,26
2019-01-12,13,Better Now,Post Malone,16,4,34
2019-01-12,14,A Lot,21 Savage,6,6,2
2019-01-12,15,I Like It,"Cardi B , Bad Bunny & J Balvin",19,2,38
2019-01-19,1,Sunflower (Spider-Man: Into The Spider-Verse),Post Malone & Swae Lee,2,1,12
2019-01-19,2,Sicko Mode,Travis Scott,1,1,23
2019-01-19,3,Wow.,Post Malone,3,3,3
2019-01-19,4,Drip Too Hard,Lil Baby & Gunna,4,1,17
2019-01-19,5,Going Bad,Meek Mill Featuring Drake,7,2,6
2019-01-19,6,Mo Bamba,Sheck Wes,5,1,18
2019-01-19,7,ZEZE,Kodak Black Featuring Travis Scott & Offset,6,1,13
2019-01-19,8,Money,Cardi B,9,6,11
2019-01-19,9,Wake Up In The Sky,Gucci Mane X Bruno Mars X Kodak Black,8,6,13
2019-01-19,10,Lucid Dreams,Juice WRLD,10,1,34
2019-01-19,11,Leave Me Alone,Flipp Dinero,11,9,10
2019-01-19,12,Better Now,Post Malone,13,4,35
2019-01-19,13,A Lot,21 Savage,14,6,3
2019-01-19,14,Swervin,A Boogie wit da Hoodie Featuring 6ix9ine,19,14,3
2019-01-19,15,In My Feelings,Drake,12,1,27
2019-01-26,1,Sunflower (Spider-Man: Into The Spider-Verse),Post Malone & Swae Lee,1,1,13
2019-01-26,2,Sicko Mode,Travis Scott,2,1,24
2019-01-26,3,Drip Too Hard,Lil Baby & Gunna,4,1,18
2019-01-26,4,Wow.,Post Malone,3,3,4
2019-01-26,5,Mo Bamba,Sheck Wes,6,1,19
2019-01-26,6,Going Bad,Meek Mill Featuring Drake,5,2,7
2019-01-26,7,ZEZE,Kodak Black Featuring Travis Scott & Offset,7,1,14
2019-01-26,8,Wake Up In The Sky,Gucci Mane X Bruno Mars X Kodak Black,9,6,14
2019-01-26,9,Money,Cardi B,8,6,12
2019-01-26,10,Leave Me Alone,Flipp Dinero,11,9,11
2019-01-26,11,Lucid Dreams,Juice WRLD,10,1,35
2019-01-26,12,Better Now,Post Malone,12,4,36
2019-01-26,13,Swervin,A Boogie wit da Hoodie Featuring 6ix9ine,14,13,4
2019-01-26,14,Envy Me,Calboy,-,14,1
2019-01-26,15,A Lot,21 Savage,13,6,4
2019-02-02,1,Sunflower (Spider-Man: Into The Spider-Verse),Post Malone & Swae Lee,1,1,14
2019-02-02,2,Sicko Mode,Travis Scott,2,1,25
2019-02-02,3,Wow.,Post Malone,4,3,5
2019-02-02,4,Drip Too Hard,Lil Baby & Gunna,3,1,19
2019-02-02,5,Mo Bamba,Sheck Wes,5,1,20
2019-02-02,6,Going Bad,Meek Mill Featuring Drake,6,2,8
2019-02-02,7,ZEZE,Kodak Black Featuring Travis Scott & Offset,7,1,15
2019-02-02,8,Money,Cardi B,9,6,13
2019-02-02,9,Wake Up In The Sky,Gucci Mane X Bruno Mars X Kodak Black,8,6,15
2019-02-02,10,Leave Me Alone,Flipp Dinero,10,9,12
2019-02-02,11,Lucid Dreams,Juice WRLD,11,1,36
2019-02-02,12,Middle Child,J. Cole,-,12,1
2019-02-02,13,Swervin,A Boogie wit da Hoodie Featuring 6ix9ine,13,13,5
2019-02-02,14,Crushed Up,Future,-,14,2
2019-02-02,15,Envy Me,Calboy,14,14,2
2019-02-09,1,Middle Child,J. Cole,12,1,2
2019-02-09,2,Sunflower (Spider-Man: Into The Spider-Verse),Post Malone & Swae Lee,1,1,15
2019-02-09,3,Sicko Mode,Travis Scott,2,1,26
2019-02-09,4,Wow.,Post Malone,3,3,6
2019-02-09,5,Drip Too Hard,Lil Baby & Gunna,4,1,20
2019-02-09,6,Going Bad,Meek Mill Featuring Drake,6,2,9
2019-02-09,7,Mo Bamba,Sheck Wes,5,1,21
2019-02-09,8,Thotiana,Blueface,-,8,1
2019-02-09,9,ZEZE,Kodak Black Featuring Travis Scott & Offset,7,1,16
2019-02-09,10,Money,Cardi B,8,6,14
2019-02-09,11,Wake Up In The Sky,Gucci Mane X Bruno Mars X Kodak Black,9,6,16
2019-02-09,12,A Lot,21 Savage,17,6,6
2019-02-09,13,Leave Me Alone,Flipp Dinero,10,9,13
2019-02-09,14,Lucid Dreams,Juice WRLD,11,1,37
2019-02-09,15,Envy Me,Calboy,15,14,3
2019-02-16,1,Sunflower (Spider-Man: Into The Spider-Verse),Post Malone & Swae Lee,2,1,16
2019-02-16,2,Middle Child,J. Cole,1,1,3
2019-02-16,3,Sicko Mode,Travis Scott,3,1,27
2019-02-16,4,A Lot,21 Savage,12,4,7
2019-02-16,5,Wow.,Post Malone,4,3,7
2019-02-16,6,Going Bad,Meek Mill Featuring Drake,6,2,10
2019-02-16,7,Drip Too Hard,Lil Baby & Gunna,5,1,21
2019-02-16,8,Thotiana,Blueface,8,8,2
2019-02-16,9,Mo Bamba,Sheck Wes,7,1,22
2019-02-16,10,ZEZE,Kodak Black Featuring Travis Scott & Offset,9,1,17
2019-02-16,11,Money,Cardi B,10,6,15
2019-02-16,12,Look Back At It,A Boogie wit da Hoodie,17,12,5
2019-02-16,13,Swervin,A Boogie wit da Hoodie Featuring 6ix9ine,16,13,7
2019-02-16,14,Wake Up In The Sky,Gucci Mane X Bruno Mars X Kodak Black,11,6,17
2019-02-16,15,Envy Me,Calboy,15,14,4
2019-02-23,1,Sunflower (Spider-Man: Into The Spider-Verse),Post Malone & Swae Lee,1,1,17
2019-02-23,2,Sicko Mode,Travis Scott,3,1,28
2019-02-23,3,Middle Child,J. Cole,2,1,4
2019-02-23,4,Going Bad,Meek Mill Featuring Drake,6,2,11
2019-02-23,5,A Lot,21 Savage,4,4,8
2019-02-23,6,Thotiana,Blueface,8,6,3
2019-02-23,7,Wow.,Post Malone,5,3,8
2019-02-23,8,Drip Too Hard,Lil Baby & Gunna,7,1,22
2019-02-23,9,Mo Bamba,Sheck Wes,9,1,23
2019-02-23,10,Money,Cardi B,11,6,16
2019-02-23,11,ZEZE,Kodak Black Featuring Travis Scott & Offset,10,1,18
2019-02-23,12,Swervin,A Boogie wit da Hoodie Featuring 6ix9ine,13,12,8
2019-02-23,13,Envy Me,Calboy,15,13,5
2019-02-23,14,Lucid Dreams,Juice WRLD,17,1,39
2019-02-23,15,Look Back At It,A Boogie wit da Hoodie,12,12,6
2019-03-02,1,Sunflower (Spider-Man: Into The Spider-Verse),Post Malone & Swae Lee,1,1,18
2019-03-02,2,Murder On My Mind,YNW Melly,20,2,2
2019-03-02,3,Sicko Mode,Travis Scott,2,1,29
2019-03-02,4,Middle Child,J. Cole,3,1,5
2019-03-02,5,Thotiana,Blueface,6,5,4
2019-03-02,6,Please Me,Cardi B & Bruno Mars,-,6,1
2019-03-02,7,A Lot,21 Savage,5,4,9
2019-03-02,8,Going Bad,Meek Mill Featuring Drake,4,2,12
2019-03-02,9,Wow.,Post Malone,7,3,9
2019-03-02,10,Robbery,Juice WRLD,-,10,1
2019-03-02,11,Drip Too Hard,Lil Baby & Gunna,8,1,23
2019-03-02,12,Money,Cardi B,10,6,17
2019-03-02,13,ZEZE,Kodak Black Featuring Travis Scott & Offset,11,1,19
2019-03-02,14,Mo Bamba,Sheck Wes,9,1,24
2019-03-02,15,Envy Me,Calboy,13,13,6
2019-03-09,1,Middle Child,J. Cole,4,1,6
2019-03-09,2,Murder On My Mind,YNW Melly,2,2,3
2019-03-09,3,Thotiana,Blueface,5,3,5
2019-03-09,4,Sunflower (Spider-Man: Into The Spider-Verse),Post Malone & Swae Lee,1,1,19
2019-03-09,5,Sicko Mode,Travis Scott,3,1,30
2019-03-09,6,Wow.,Post Malone,9,3,10
2019-03-09,7,A Lot,21 Savage,7,4,10
2019-03-09,8,Going Bad,Meek Mill Featuring Drake,8,2,13
2019-03-09,9,Please Me,Cardi B & Bruno Mars,6,6,2
2019-03-09,10,Robbery,Juice WRLD,10,10,2
2019-03-09,11,Drip Too Hard,Lil Baby & Gunna,11,1,24
2019-03-09,12,Envy Me,Calboy,15,12,7
2019-03-09,13,Money,Cardi B,12,6,18
2019-03-09,14,Moonlight,XXXTENTACION,17,4,33
2019-03-09,15,Swervin,A Boogie wit da Hoodie Featuring 6ix9ine,16,12,10
2019-03-16,1,Please Me,Cardi B & Bruno Mars,9,1,3
2019-03-16,2,Murder On My Mind,YNW Melly,2,2,4
2019-03-16,3,Sunflower (Spider-Man: Into The Spider-Verse),Post Malone & Swae Lee,4,1,20
2019-03-16,4,Middle Child,J. Cole,1,1,7
2019-03-16,5,Thotiana,Blueface,3,3,6
2019-03-16,6,Sicko Mode,Travis Scott,5,1,31
2019-03-16,7,Going Bad,Meek Mill Featuring Drake,8,2,14
2019-03-16,8,Wow.,Post Malone,6,3,11
2019-03-16,9,A Lot,21 Savage,7,4,11
2019-03-16,10,Drip Too Hard,Lil Baby & Gunna,11,1,25
2019-03-16,11,Robbery,Juice WRLD,10,10,3
2019-03-16,12,I,Lil Skies,-,12,1
2019-03-16,13,Envy Me,Calboy,12,12,8
2019-03-16,14,Moonlight,XXXTENTACION,14,4,34
2019-03-16,15,Money,Cardi B,13,6,19
2019-03-23,1,Sunflower (Spider-Man: Into The Spider-Verse),Post Malone & Swae Lee,3,1,21
2019-03-23,2,Murder On My Mind,YNW Melly,2,2,5
2019-03-23,3,Please Me,Cardi B & Bruno Mars,1,1,4
2019-03-23,4,Middle Child,J. Cole,4,1,8
2019-03-23,5,Thotiana,Blueface,5,3,7
2019-03-23,6,Sicko Mode,Travis Scott,6,1,32
2019-03-23,7,Wow.,Post Malone,8,3,12
2019-03-23,8,Going Bad,Meek Mill Featuring Drake,7,2,15
2019-03-23,9,Robbery,Juice WRLD,11,9,4
2019-03-23,10,A Lot,21 Savage,9,4,12
2019-03-23,11,Drip Too Hard,Lil Baby & Gunna,10,1,26
2019-03-23,12,Hear Me Calling,Juice WRLD,22,12,2
2019-03-23,13,Empty,Juice WRLD,-,13,1
2019-03-23,14,Envy Me,Calboy,13,12,9
2019-03-23,15,Mixed Personalities,YNW Melly Featuring Kanye West,19,15,3
2019-03-30,1,Sunflower (Spider-Man: Into The Spider-Verse),Post Malone & Swae Lee,1,1,22
2019-03-30,2,Murder On My Mind,YNW Melly,2,2,6
2019-03-30,3,Wow.,Post Malone,7,3,13
2019-03-30,4,Thotiana,Blueface,5,3,8
2019-03-30,5,Middle Child,J. Cole,4,1,9
2019-03-30,6,Please Me,Cardi B & Bruno Mars,3,1,5
2019-03-30,7,Sicko Mode,Travis Scott,6,1,33
2019-03-30,8,Going Bad,Meek Mill Featuring Drake,8,2,16
2019-03-30,9,A Lot,21 Savage,10,4,13
2019-03-30,10,Robbery,Juice WRLD,9,9,5
2019-03-30,11,Old Town Road,Lil Nas X Featuring Billy Ray Cyrus,24,11,2
2019-03-30,12,Drip Too Hard,Lil Baby & Gunna,11,1,27
2019-03-30,13,Pure Water,Mustard & Migos,20,13,5
2019-03-30,14,Mixed Personalities,YNW Melly Featuring Kanye West,15,14,4
2019-03-30,15,Swervin,A Boogie wit da Hoodie Featuring 6ix9ine,18,12,13
2019-04-06,1,Sunflower (Spider-Man: Into The Spider-Verse),Post Malone & Swae Lee,1,1,23
2019-04-06,2,Wow.,Post Malone,3,2,14
2019-04-06,3,Murder On My Mind,YNW Melly,2,2,7
2019-04-06,4,Thotiana,Blueface,4,3,9
2019-04-06,5,Middle Child,J. Cole,5,1,10
2019-04-06,6,Old Town Road,Lil Nas X Featuring Billy Ray Cyrus,11,6,3
2019-04-06,7,Please Me,Cardi B & Bruno Mars,6,1,6
2019-04-06,8,Sicko Mode,Travis Scott,7,1,34
2019-04-06,9,Going Bad,Meek Mill Featuring Drake,8,2,17
2019-04-06,10,A Lot,21 Savage,9,4,14
2019-04-06,11,Robbery,Juice WRLD,10,9,6
2019-04-06,12,Drip Too Hard,Lil Baby & Gunna,12,1,28
2019-04-06,13,Envy Me,Calboy,16,12,11
2019-04-06,14,Mixed Personalities,YNW Melly Featuring Kanye West,14,14,5
2019-04-06,15,Swervin,A Boogie wit da Hoodie Featuring 6ix9ine,15,12,14
2019-04-13,1,Old Town Road,Lil Nas X Featuring Billy Ray Cyrus,6,1,4
2019-04-13,2,Sunflower (Spider-Man: Into The Spider-Verse),Post Malone & Swae Lee,1,1,24
2019-04-13,3,Wow.,Post Malone,2,2,15
2019-04-13,4,Middle Child,J. Cole,5,1,11
2019-04-13,5,Murder On My Mind,YNW Melly,3,2,8
2019-04-13,6,Thotiana,Blueface,4,3,10
2019-04-13,7,Please Me,Cardi B & Bruno Mars,7,1,7
2019-04-13,8,Going Bad,Meek Mill Featuring Drake,9,2,18
2019-04-13,9,Sicko Mode,Travis Scott,8,1,35
2019-04-13,10,Envy Me,Calboy,13,10,12
2019-04-13,11,Drip Too Hard,Lil Baby & Gunna,12,1,29
2019-04-13,12,A Lot,21 Savage,10,4,15
2019-04-13,13,Robbery,Juice WRLD,11,9,7
2019-04-13,14,Racks In The Middle,Nipsey Hussle Featuring Roddy Ricch & Hit-Boy,-,14,1
2019-04-13,15,Swervin,A Boogie wit da Hoodie Featuring 6ix9ine,15,12,15
2019-04-20,1,Old Town Road,Lil Nas X Featuring Billy Ray Cyrus,1,1,5
2019-04-20,2,Sunflower (Spider-Man: Into The Spider-Verse),Post Malone & Swae Lee,2,1,25
2019-04-20,3,Wow.,Post Malone,3,2,16
2019-04-20,4,Middle Child,J. Cole,4,1,12
2019-04-20,5,Thotiana,Blueface,6,3,11
2019-04-20,6,Murder On My Mind,YNW Melly,5,2,9
2019-04-20,7,Racks In The Middle,Nipsey Hussle Featuring Roddy Ricch & Hit-Boy,14,7,2
2019-04-20,8,Please Me,Cardi B & Bruno Mars,7,1,8
2019-04-20,9,Going Bad,Meek Mill Featuring Drake,8,2,19
2019-04-20,10,Sicko Mode,Travis Scott,9,1,36
2019-04-20,11,Envy Me,Calboy,10,10,13
2019-04-20,12,Swervin,A Boogie wit da Hoodie Featuring 6ix9ine,15,12,16
2019-04-20,13,Drip Too Hard,Lil Baby & Gunna,11,1,30
2019-04-20,14,A Lot,21 Savage,12,4,16
2019-04-20,15,Pure Water,Mustard & Migos,16,13,8
2019-04-27,1,Old Town Road,Lil Nas X Featuring Billy Ray Cyrus,1,1,6
2019-04-27,2,Sunflower (Spider-Man: Into The Spider-Verse),Post Malone & Swae Lee,2,1,26
2019-04-27,3,Wow.,Post Malone,3,2,17
2019-04-27,4,Thotiana,Blueface,5,3,12
2019-04-27,5,Middle Child,J. Cole,4,1,13
2019-04-27,6,Sanguine Paradise,Lil Uzi Vert,-,6,1
2019-04-27,7,Murder On My Mind,YNW Melly,6,2,10
2019-04-27,8,Racks In The Middle,Nipsey Hussle Featuring Roddy Ricch & Hit-Boy,7,7,3
2019-04-27,9,Going Bad,Meek Mill Featuring Drake,9,2,20
2019-04-27,10,Please Me,Cardi B & Bruno Mars,8,1,9
2019-04-27,11,Sicko Mode,Travis Scott,10,1,37
2019-04-27,12,Envy Me,Calboy,11,10,14
2019-04-27,13,Act Up,City Girls,16,13,5
2019-04-27,14,Swervin,A Boogie wit da Hoodie Featuring 6ix9ine,12,12,17
2019-04-27,15,Pure Water,Mustard & Migos,15,13,9
2019-05-04,1,Old Town Road,Lil Nas X Featuring Billy Ray Cyrus,1,1,7
2019-05-04,2,Sunflower (Spider-Man: Into The Spider-Verse),Post Malone & Swae Lee,2,1,27
2019-05-04,3,Wow.,Post Malone,3,2,18
2019-05-04,4,Middle Child,J. Cole,5,1,14
2019-05-04,5,Sanguine Paradise,Lil Uzi Vert,6,5,2
2019-05-04,6,Thotiana,Blueface,4,3,13
2019-05-04,7,Murder On My Mind,YNW Melly,7,2,11
2019-05-04,8,Going Bad,Meek Mill Featuring Drake,9,2,21
2019-05-04,9,Envy Me,Calboy,12,9,15
2019-05-04,10,Sicko Mode,Travis Scott,11,1,38
2019-05-04,11,Please Me,Cardi B & Bruno Mars,10,1,10
2019-05-04,12,Pure Water,Mustard & Migos,15,12,10
2019-05-04,13,Clout,Offset Featuring Cardi B,-,13,1
2019-05-04,14,Suge,DaBaby,17,14,3
2019-05-04,15,Act Up,City Girls,13,13,6
2019-05-11,1,Old Town Road,Lil Nas X Featuring Billy Ray Cyrus,1,1,8
2019-05-11,2,Sunflower (Spider-Man: Into The Spider-Verse),Post Malone & Swae Lee,2,1,28
2019-05-11,3,Wow.,Post Malone,3,2,19
2019-05-11,4,Middle Child,J. Cole,4,1,15
2019-05-11,5,Suge,DaBaby,14,5,4
2019-05-11,6,Sanguine Paradise,Lil Uzi Vert,5,5,3
2019-05-11,7,Murder On My Mind,YNW Melly,7,2,12
2019-05-11,8,Going Bad,Meek Mill Featuring Drake,8,2,22
2019-05-11,9,Envy Me,Calboy,9,9,16
2019-05-11,10,Thotiana,Blueface,6,3,14
2019-05-11,11,Sicko Mode,Travis Scott,10,1,39
2019-05-11,12,Act Up,City Girls,15,12,7
2019-05-11,13,Pure Water,Mustard & Migos,12,12,11
2019-05-11,14,Please Me,Cardi B & Bruno Mars,11,1,11
2019-05-11,15,Pop Out,Polo G Featuring Lil Tjay,20,15,2
2019-05-18,1,Old Town Road,Lil Nas X Featuring Billy Ray Cyrus,1,1,9
2019-05-18,2,Homicide,Logic Featuring Eminem,-,2,1
2019-05-18,3,Sunflower (Spider-Man: Into The Spider-Verse),Post Malone & Swae Lee,2,1,29
2019-05-18,4,Wow.,Post Malone,3,2,20
2019-05-18,5,Middle Child,J. Cole,4,1,16
2019-05-18,6,Suge,DaBaby,5,5,5
2019-05-18,7,Going Bad,Meek Mill Featuring Drake,8,2,23
2019-05-18,8,Pop Out,Polo G Featuring Lil Tjay,15,8,3
2019-05-18,9,Sicko Mode,Travis Scott,11,1,40
2019-05-18,10,Envy Me,Calboy,9,9,17
2019-05-18,11,Sanguine Paradise,Lil Uzi Vert,6,5,4
2019-05-18,12,Murder On My Mind,YNW Melly,7,2,13
2019-05-18,13,Thotiana,Blueface,10,3,15
2019-05-18,14,Act Up,City Girls,12,12,8
2019-05-18,15,Pure Water,Mustard & Migos,13,12,12
2019-05-25,1,Old Town Road,Lil Nas X Featuring Billy Ray Cyrus,1,1,10
2019-05-25,2,Sunflower (Spider-Man: Into The Spider-Verse),Post Malone & Swae Lee,3,1,30
2019-05-25,3,Suge,DaBaby,6,3,6
2019-05-25,4,Wow.,Post Malone,4,2,21
2019-05-25,5,Homicide,Logic Featuring Eminem,2,2,2
2019-05-25,6,Middle Child,J. Cole,5,1,17
2019-05-25,7,Pop Out,Polo G Featuring Lil Tjay,8,7,4
2019-05-25,8,Going Bad,Meek Mill Featuring Drake,7,2,24
2019-05-25,9,Envy Me,Calboy,10,9,18
2019-05-25,10,Sicko Mode,Travis Scott,9,1,41
2019-05-25,11,Truth Hurts,Lizzo,18,11,2
2019-05-25,12,Murder On My Mind,YNW Melly,12,2,14
2019-05-25,13,Thotiana,Blueface,13,3,16
2019-05-25,14,Sanguine Paradise,Lil Uzi Vert,11,5,5
2019-05-25,15,Pure Water,Mustard & Migos,15,12,13
2019-06-01,1,Old Town Road,Lil Nas X Featuring Billy Ray Cyrus,1,1,11
2019-06-01,2,Sunflower (Spider-Man: Into The Spider-Verse),Post Malone & Swae Lee,2,1,31
2019-06-01,3,Suge,DaBaby,3,3,7
2019-06-01,4,Wow.,Post Malone,4,2,22
2019-06-01,5,Wish Wish,DJ Khaled Featuring Cardi B & 21 Savage,-,5,1
2019-06-01,6,Higher,DJ Khaled Featuring Nipsey Hussle & John Legend,-,6,1
2019-06-01,7,Pop Out,Polo G Featuring Lil Tjay,7,7,5
2019-06-01,8,Middle Child,J. Cole,6,1,18
2019-06-01,9,Sicko Mode,Travis Scott,10,1,42
2019-06-01,10,Truth Hurts,Lizzo,11,10,3
2019-06-01,11,I Think,"Tyler, The Creator",-,11,1
2019-06-01,12,Envy Me,Calboy,9,9,19
2019-06-01,13,Going Bad,Meek Mill Featuring Drake,8,2,25
2019-06-01,14,Celebrate,DJ Khaled Featuring Travis Scott & Post Malone,-,14,1
2019-06-01,15,Homicide,Logic Featuring Eminem,5,2,3
2019-06-08,1,Old Town Road,Lil Nas X Featuring Billy Ray Cyrus,1,1,12
2019-06-08,2,The London,"Young Thug , J. Cole & Travis Scott",-,2,1
2019-06-08,3,Suge,DaBaby,3,3,8
2019-06-08,4,Sunflower (Spider-Man: Into The Spider-Verse),Post Malone & Swae Lee,2,1,32
2019-06-08,5,Pop Out,Polo G Featuring Lil Tjay,7,5,6
2019-06-08,6,Wow.,Post Malone,4,2,23
2019-06-08,7,Middle Child,J. Cole,8,1,19
2019-06-08,8,Truth Hurts,Lizzo,10,8,4
2019-06-08,9,Sicko Mode,Travis Scott,9,1,43
2019-06-08,10,Going Bad,Meek Mill Featuring Drake,13,2,26
2019-06-08,11,Envy Me,Calboy,12,9,20
2019-06-08,12,Wish Wish,DJ Khaled Featuring Cardi B & 21 Savage,5,5,2
2019-06-08,13,Act Up,City Girls,17,12,11
2019-06-08,14,Thotiana,Blueface,18,3,18
2019-06-08,15,Pure Water,Mustard & Migos,19,12,15
2019-06-15,1,Old Town Road,Lil Nas X Featuring Billy Ray Cyrus,1,1,13
2019-06-15,2,Suge,DaBaby,3,2,9
2019-06-15,3,Sunflower (Spider-Man: Into The Spider-Verse),Post Malone & Swae Lee,4,1,33
2019-06-15,4,The London,"Young Thug , J. Cole & Travis Scott",2,2,2
2019-06-15,5,Pop Out,Polo G Featuring Lil Tjay,5,5,7
2019-06-15,6,Press,Cardi B,-,6,1
2019-06-15,7,Wow.,Post Malone,6,2,24
2019-06-15,8,Truth Hurts,Lizzo,8,8,5
2019-06-15,9,Middle Child,J. Cole,7,1,20
2019-06-15,10,Sicko Mode,Travis Scott,9,1,44
2019-06-15,11,Act Up,City Girls,13,11,12
2019-06-15,12,Envy Me,Calboy,11,9,21
2019-06-15,13,Going Bad,Meek Mill Featuring Drake,10,2,27
2019-06-15,14,Pure Water,Mustard & Migos,15,12,16
2019-06-15,15,Go Loko,"YG , Tyga & Jon Z",18,15,2
2019-06-22,1,Old Town Road,Lil Nas X Featuring Billy Ray Cyrus,1,1,14
2019-06-22,2,Pop Out,Polo G Featuring Lil Tjay,5,2,8
2019-06-22,3,Suge,DaBaby,2,2,10
2019-06-22,4,Sunflower (Spider-Man: Into The Spider-Verse),Post Malone & Swae Lee,3,1,34
2019-06-22,5,The London,"Young Thug , J. Cole & Travis Scott",4,2,3
2019-06-22,6,Wow.,Post Malone,7,2,25
2019-06-22,7,Truth Hurts,Lizzo,8,7,6
2019-06-22,8,Middle Child,J. Cole,9,1,21
2019-06-22,9,Sicko Mode,Travis Scott,10,1,45
2019-06-22,10,Act Up,City Girls,11,10,13
2019-06-22,11,Envy Me,Calboy,12,9,22
2019-06-22,12,Press,Cardi B,6,6,2
2019-06-22,13,Going Bad,Meek Mill Featuring Drake,13,2,28
2019-06-22,14,Pure Water,Mustard & Migos,14,12,17
2019-06-22,15,Go Loko,"YG , Tyga & Jon Z",15,15,3
2019-06-29,1,Old Town Road,Lil Nas X Featuring Billy Ray Cyrus,1,1,15
2019-06-29,2,Money In The Grave,Drake Featuring Rick Ross,-,2,1
2019-06-29,3,Suge,DaBaby,3,2,11
2019-06-29,4,Sunflower (Spider-Man: Into The Spider-Verse),Post Malone & Swae Lee,4,1,35
2019-06-29,5,Pop Out,Polo G Featuring Lil Tjay,2,2,9
2019-06-29,6,The London,"Young Thug , J. Cole & Travis Scott",5,2,4
2019-06-29,7,Truth Hurts,Lizzo,7,7,7
2019-06-29,8,Wow.,Post Malone,6,2,26
2019-06-29,9,Omerta,Drake,-,9,1
2019-06-29,10,Middle Child,J. Cole,8,1,22
2019-06-29,11,Sicko Mode,Travis Scott,9,1,46
2019-06-29,12,Ran$om,Lil Tecca,18,12,2
2019-06-29,13,Pure Water,Mustard & Migos,14,12,18
2019-06-29,14,Go Loko,"YG , Tyga & Jon Z",15,14,4
2019-06-29,15,Going Bad,Meek Mill Featuring Drake,13,2,29
2019-07-06,1,Old Town Road,Lil Nas X Featuring Billy Ray Cyrus,1,1,16
2019-07-06,2,Money In The Grave,Drake Featuring Rick Ross,2,2,2
2019-07-06,3,Panini,Lil Nas X,-,3,1
2019-07-06,4,Suge,DaBaby,3,2,12
2019-07-06,5,Sunflower (Spider-Man: Into The Spider-Verse),Post Malone & Swae Lee,4,1,36
2019-07-06,6,Truth Hurts,Lizzo,7,6,8
2019-07-06,7,Pop Out,Polo G Featuring Lil Tjay,5,2,10
2019-07-06,8,Rodeo,"<a href=""https://www.billboard.com/artist/lil- Nas -x/"">Lil Nas X & Cardi B Or Nas",-,8,1
2019-07-06,9,The London,"Young Thug , J. Cole & Travis Scott",6,2,5
2019-07-06,10,Wow.,Post Malone,8,2,27
2019-07-06,11,Shotta Flow,NLE Choppa,18,11,2
2019-07-06,12,MEGATRON,Nicki Minaj,-,12,1
2019-07-06,13,Ran$om,Lil Tecca,12,12,3
2019-07-06,14,Press,Cardi B,-,6,3
2019-07-06,15,Middle Child,J. Cole,10,1,23
2019-07-13,1,Old Town Road,Lil Nas X Featuring Billy Ray Cyrus,1,1,17
2019-07-13,2,Money In The Grave,Drake Featuring Rick Ross,2,2,3
2019-07-13,3,Sunflower (Spider-Man: Into The Spider-Verse),Post Malone & Swae Lee,5,1,37
2019-07-13,4,Suge,DaBaby,4,2,13
2019-07-13,5,Truth Hurts,Lizzo,6,5,9
2019-07-13,6,Panini,Lil Nas X,3,3,2
2019-07-13,7,Pop Out,Polo G Featuring Lil Tjay,7,2,11
2019-07-13,8,Ran$om,Lil Tecca,13,8,4
2019-07-13,9,Rodeo,"<a href=""https://www.billboard.com/artist/lil- Nas -x/"">Lil Nas X & Cardi B Or Nas",8,8,2
2019-07-13,10,The London,"Young Thug , J. Cole & Travis Scott",9,2,6
2019-07-13,11,Shotta Flow,NLE Choppa,11,11,3
2019-07-13,12,Wow.,Post Malone,10,2,28
2019-07-13,13,Pure Water,Mustard & Migos,20,12,20
2019-07-13,14,Middle Child,J. Cole,15,1,24
2019-07-13,15,Press,Cardi B,14,6,4
2019-07-20,1,Old Town Road,Lil Nas X Featuring Billy Ray Cyrus,1,1,18
2019-07-20,2,Goodbyes,Post Malone Featuring Young Thug,-,2,1
2019-07-20,3,Money In The Grave,Drake Featuring Rick Ross,2,2,4
2019-07-20,4,Sunflower (Spider-Man: Into The Spider-Verse),Post Malone & Swae Lee,3,1,38
2019-07-20,5,Truth Hurts,Lizzo,5,5,10
2019-07-20,6,Suge,DaBaby,4,2,14
2019-07-20,7,Ran$om,Lil Tecca,8,7,5
2019-07-20,8,Panini,Lil Nas X,6,3,3
2019-07-20,9,Pop Out,Polo G Featuring Lil Tjay,7,2,12
2019-07-20,10,Shotta Flow,NLE Choppa,11,10,4
2019-07-20,11,Wow.,Post Malone,12,2,29
2019-07-20,12,The London,"Young Thug , J. Cole & Travis Scott",10,2,7
2019-07-20,13,Middle Child,J. Cole,14,1,25
2019-07-20,14,Under The Sun,"Dreamville Featuring J. Cole , Lute & DaBaby",-,14,1
2019-07-20,15,Rodeo,"<a href=""https://www.billboard.com/artist/lil- Nas -x/"">Lil Nas X & Cardi B Or Nas",9,8,3
2019-07-27,1,Old Town Road,Lil Nas X Featuring Billy Ray Cyrus,1,1,19
2019-07-27,2,Goodbyes,Post Malone Featuring Young Thug,2,2,2
2019-07-27,3,Sunflower (Spider-Man: Into The Spider-Verse),Post Malone & Swae Lee,4,1,39
2019-07-27,4,Money In The Grave,Drake Featuring Rick Ross,3,2,5
2019-07-27,5,Truth Hurts,Lizzo,5,5,11
2019-07-27,6,Suge,DaBaby,6,2,15
2019-07-27,7,Ran$om,Lil Tecca,7,7,6
2019-07-27,8,Panini,Lil Nas X,8,3,4
2019-07-27,9,Pop Out,Polo G Featuring Lil Tjay,9,2,13
2019-07-27,10,Shotta Flow,NLE Choppa,10,10,5
2019-07-27,11,The London,"Young Thug , J. Cole & Travis Scott",12,2,8
2019-07-27,12,Wow.,Post Malone,11,2,30
2019-07-27,13,Middle Child,J. Cole,13,1,26
2019-07-27,14,Rodeo,"<a href=""https://www.billboard.com/artist/lil- Nas -x/"">Lil Nas X & Cardi B Or Nas",15,8,4
2019-07-27,15,Under The Sun,"Dreamville Featuring J. Cole , Lute & DaBaby",14,14,2
2019-08-03,1,Old Town Road,Lil Nas X Featuring Billy Ray Cyrus,1,1,20
2019-08-03,2,Sunflower (Spider-Man: Into The Spider-Verse),Post Malone & Swae Lee,3,1,40
2019-08-03,3,Truth Hurts,Lizzo,5,3,12
2019-08-03,4,Goodbyes,Post Malone Featuring Young Thug,2,2,3
2019-08-03,5,Ran$om,Lil Tecca,7,5,7
2019-08-03,6,Money In The Grave,Drake Featuring Rick Ross,4,2,6
2019-08-03,7,Suge,DaBaby,6,2,16
2019-08-03,8,Panini,Lil Nas X,8,3,5
2019-08-03,9,Shotta Flow,NLE Choppa,10,9,6
2019-08-03,10,Pop Out,Polo G Featuring Lil Tjay,9,2,14
2019-08-03,11,The London,"Young Thug , J. Cole & Travis Scott",11,2,9
2019-08-03,12,Baby,Lil Baby & DaBaby,-,12,1
2019-08-03,13,Wow.,Post Malone,12,2,31
2019-08-03,14,Sicko Mode,Travis Scott,16,1,51
2019-08-03,15,My Type,Saweetie,21,15,2
2019-08-10,1,Old Town Road,Lil Nas X Featuring Billy Ray Cyrus,1,1,21
2019-08-10,2,Ran$om,Lil Tecca,5,2,8
2019-08-10,3,Truth Hurts,Lizzo,3,3,13
2019-08-10,4,Sunflower (Spider-Man: Into The Spider-Verse),Post Malone & Swae Lee,2,1,41
2019-08-10,5,Money In The Grave,Drake Featuring Rick Ross,6,2,7
2019-08-10,6,Goodbyes,Post Malone Featuring Young Thug,4,2,4
2019-08-10,7,Suge,DaBaby,7,2,17
2019-08-10,8,Shotta Flow,NLE Choppa,9,8,7
2019-08-10,9,Panini,Lil Nas X,8,3,6
2019-08-10,10,Pop Out,Polo G Featuring Lil Tjay,10,2,15
2019-08-10,11,Baby,Lil Baby & DaBaby,12,11,2
2019-08-10,12,Gold Roses,Rick Ross Featuring Drake,-,12,1
2019-08-10,13,The London,"Young Thug , J. Cole & Travis Scott",11,2,10
2019-08-10,14,Wow.,Post Malone,13,2,32
2019-08-10,15,Cash Shit,Megan Thee Stallion Featuring DaBaby,16,15,3
2019-08-17,1,Old Town Road,Lil Nas X Featuring Billy Ray Cyrus,1,1,22
2019-08-17,2,Ran$om,Lil Tecca,2,2,9
2019-08-17,3,Truth Hurts,Lizzo,3,3,14
2019-08-17,4,Sunflower (Spider-Man: Into The Spider-Verse),Post Malone & Swae Lee,4,1,42
2019-08-17,5,Money In The Grave,Drake Featuring Rick Ross,5,2,8
2019-08-17,6,Goodbyes,Post Malone Featuring Young Thug,6,2,5
2019-08-17,7,Suge,DaBaby,7,2,18
2019-08-17,8,Pop Out,Polo G Featuring Lil Tjay,10,2,16
2019-08-17,9,Shotta Flow,NLE Choppa,8,8,8
2019-08-17,10,Panini,Lil Nas X,9,3,7
2019-08-17,11,Baby,Lil Baby & DaBaby,11,11,3
2019-08-17,12,The London,"Young Thug , J. Cole & Travis Scott",13,2,11
2019-08-17,13,Wow.,Post Malone,14,2,33
2019-08-17,14,Sicko Mode,Travis Scott,17,1,53
2019-08-17,15,Cash Shit,Megan Thee Stallion Featuring DaBaby,15,15,4
2019-08-24,1,Old Town Road,Lil Nas X Featuring Billy Ray Cyrus,1,1,23
2019-08-24,2,Ran$om,Lil Tecca,2,2,10
2019-08-24,3,Hot Girl Summer,"Megan Thee Stallion , Nicki Minaj & Ty Dolla $ign",-,3,1
2019-08-24,4,Truth Hurts,Lizzo,3,3,15
2019-08-24,5,Money In The Grave,Drake Featuring Rick Ross,5,2,9
2019-08-24,6,Sunflower (Spider-Man: Into The Spider-Verse),Post Malone & Swae Lee,4,1,43
2019-08-24,7,Goodbyes,Post Malone Featuring Young Thug,6,2,6
2019-08-24,8,Suge,DaBaby,7,2,19
2019-08-24,9,Baby,Lil Baby & DaBaby,11,9,4
2019-08-24,10,Pop Out,Polo G Featuring Lil Tjay,8,2,17
2019-08-24,11,Shotta Flow,NLE Choppa,9,8,9
2019-08-24,12,Panini,Lil Nas X,10,3,8
2019-08-24,13,The London,"Young Thug , J. Cole & Travis Scott",12,2,12
2019-08-24,14,Wow.,Post Malone,13,2,34
2019-08-24,15,Cash Shit,Megan Thee Stallion Featuring DaBaby,15,15,5
2019-08-31,1,Ran$om,Lil Tecca,2,1,11
2019-08-31,2,Old Town Road,Lil Nas X Featuring Billy Ray Cyrus,1,1,24
2019-08-31,3,Truth Hurts,Lizzo,4,3,16
2019-08-31,4,Hot,Young Thug Featuring Gunna,-,4,1
2019-08-31,5,Baby,Lil Baby & DaBaby,9,5,5
2019-08-31,6,Goodbyes,Post Malone Featuring Young Thug,7,2,7
2019-08-31,7,Sunflower (Spider-Man: Into The Spider-Verse),Post Malone & Swae Lee,6,1,44
2019-08-31,8,Money In The Grave,Drake Featuring Rick Ross,5,2,10
2019-08-31,9,Bad Bad Bad,Young Thug Featuring Lil Baby,-,9,1
2019-08-31,10,Suge,DaBaby,8,2,20
2019-08-31,11,Hot Girl Summer,"Megan Thee Stallion , Nicki Minaj & Ty Dolla $ign",3,3,2
2019-08-31,12,The London,"Young Thug , J. Cole & Travis Scott",13,2,13
2019-08-31,13,Pop Out,Polo G Featuring Lil Tjay,10,2,18
2019-08-31,14,Shotta Flow,NLE Choppa,11,8,10
2019-08-31,15,Panini,Lil Nas X,12,3,9
2019-09-07,1,Ran$om,Lil Tecca,1,1,12
2019-09-07,2,Old Town Road,Lil Nas X Featuring Billy Ray Cyrus,2,1,25
2019-09-07,3,Truth Hurts,Lizzo,3,3,17
2019-09-07,4,Money In The Grave,Drake Featuring Rick Ross,8,2,11
2019-09-07,5,Baby,Lil Baby & DaBaby,5,5,6
2019-09-07,6,Goodbyes,Post Malone Featuring Young Thug,6,2,8
2019-09-07,7,Sunflower (Spider-Man: Into The Spider-Verse),Post Malone & Swae Lee,7,1,45
2019-09-07,8,Suge,DaBaby,10,2,21
2019-09-07,9,Hot,Young Thug Featuring Gunna,4,4,2
2019-09-07,10,My Type,Saweetie,20,10,7
2019-09-07,11,Pop Out,Polo G Featuring Lil Tjay,13,2,19
2019-09-07,12,Shotta Flow,NLE Choppa,14,8,11
2019-09-07,13,Bad Bad Bad,Young Thug Featuring Lil Baby,9,9,2
2019-09-07,14,Hot Girl Summer,"Megan Thee Stallion , Nicki Minaj & Ty Dolla $ign",11,3,3
2019-09-07,15,The London,"Young Thug , J. Cole & Travis Scott",12,2,14
2019-09-14,1,Ran$om,Lil Tecca,1,1,13
2019-09-14,2,Old Town Road,Lil Nas X Featuring Billy Ray Cyrus,2,1,26
2019-09-14,3,Truth Hurts,Lizzo,3,3,18
2019-09-14,4,Goodbyes,Post Malone Featuring Young Thug,6,2,9
2019-09-14,5,Sunflower (Spider-Man: Into The Spider-Verse),Post Malone & Swae Lee,7,1,46
2019-09-14,6,Money In The Grave,Drake Featuring Rick Ross,4,2,12
2019-09-14,7,Baby,Lil Baby & DaBaby,5,5,7
2019-09-14,8,Suge,DaBaby,8,2,22
2019-09-14,9,Hot Girl Summer,"Megan Thee Stallion , Nicki Minaj & Ty Dolla $ign",14,3,4
2019-09-14,10,Hot,Young Thug Featuring Gunna,9,4,3
2019-09-14,11,Panini,Lil Nas X,16,3,11
2019-09-14,12,Pop Out,Polo G Featuring Lil Tjay,11,2,20
2019-09-14,13,My Type,Saweetie,10,10,8
2019-09-14,14,Shotta Flow,NLE Choppa,12,8,12
2019-09-14,15,The London,"Young Thug , J. Cole & Travis Scott",15,2,15
2019-09-21,1,Ran$om,Lil Tecca,1,1,14
2019-09-21,2,Goodbyes,Post Malone Featuring Young Thug,4,2,10
2019-09-21,3,Enemies,Post Malone Featuring DaBaby,-,3,1
2019-09-21,4,Old Town Road,Lil Nas X Featuring Billy Ray Cyrus,2,1,27
2019-09-21,5,Sunflower (Spider-Man: Into The Spider-Verse),Post Malone & Swae Lee,5,1,47
2019-09-21,6,Panini,Lil Nas X,11,3,12
2019-09-21,7,Saint-Tropez,Post Malone,-,7,1
2019-09-21,8,Truth Hurts,Lizzo,3,3,19
2019-09-21,9,Die For Me,Post Malone Featuring Future & Halsey,-,9,1
2019-09-21,10,On The Road,Post Malone Featuring Meek Mill & Lil Baby,-,10,1
2019-09-21,11,Wow.,Post Malone,16,2,38
2019-09-21,12,Baby,Lil Baby & DaBaby,7,5,8
2019-09-21,13,Money In The Grave,Drake Featuring Rick Ross,6,2,13
2019-09-21,14,Hot,Young Thug Featuring Gunna,10,4,4
2019-09-21,15,Suge,DaBaby,8,2,23
2019-09-28,1,Ran$om,Lil Tecca,1,1,15
2019-09-28,2,Panini,Lil Nas X,6,2,13
2019-09-28,3,Old Town Road,Lil Nas X Featuring Billy Ray Cyrus,4,1,28
2019-09-28,4,Truth Hurts,Lizzo,8,3,20
2019-09-28,5,Goodbyes,Post Malone Featuring Young Thug,2,2,11
2019-09-28,6,Sunflower (Spider-Man: Into The Spider-Verse),Post Malone & Swae Lee,5,1,48
2019-09-28,7,Enemies,Post Malone Featuring DaBaby,3,3,2
2019-09-28,8,Baby,Lil Baby & DaBaby,12,5,9
2019-09-28,9,Saint-Tropez,Post Malone,7,7,2
2019-09-28,10,Camelot,NLE Choppa,-,10,1
2019-09-28,11,Money In The Grave,Drake Featuring Rick Ross,13,2,14
2019-09-28,12,Hot,Young Thug Featuring Gunna,14,4,5
2019-09-28,13,Die For Me,Post Malone Featuring Future & Halsey,9,9,2
2019-09-28,14,On The Road,Post Malone Featuring Meek Mill & Lil Baby,10,10,2
2019-09-28,15,Suge,DaBaby,15,2,24
2019-10-05,1,Ran$om,Lil Tecca,1,1,16
2019-10-05,2,Panini,Lil Nas X,2,2,14
2019-10-05,3,Old Town Road,Lil Nas X Featuring Billy Ray Cyrus,3,1,29
2019-10-05,4,Truth Hurts,Lizzo,4,3,21
2019-10-05,5,INTRO,DaBaby,-,5,1
2019-10-05,6,Sunflower (Spider-Man: Into The Spider-Verse),Post Malone & Swae Lee,6,1,49
2019-10-05,7,Goodbyes,Post Malone Featuring Young Thug,5,2,12
2019-10-05,8,Baby,Lil Baby & DaBaby,8,5,10
2019-10-05,9,Camelot,NLE Choppa,10,9,2
2019-10-05,10,223's,YNW Melly & 9lokknine,22,10,2
2019-10-05,11,Money In The Grave,Drake Featuring Rick Ross,11,2,15
2019-10-05,12,Hot,Young Thug Featuring Gunna,12,4,6
2019-10-05,13,Enemies,Post Malone Featuring DaBaby,7,3,3
2019-10-05,14,Suge,DaBaby,15,2,25
2019-10-05,15,Saint-Tropez,Post Malone,9,7,3
2019-10-12,1,Ran$om,Lil Tecca,1,1,17
2019-10-12,2,Panini,Lil Nas X,2,2,15
2019-10-12,3,INTRO,DaBaby,5,3,2
2019-10-12,4,Old Town Road,Lil Nas X Featuring Billy Ray Cyrus,3,1,30
2019-10-12,5,Truth Hurts,Lizzo,4,3,22
2019-10-12,6,BOP,DaBaby,-,6,1
2019-10-12,7,VIBEZ,DaBaby,-,7,1
2019-10-12,8,Sunflower (Spider-Man: Into The Spider-Verse),Post Malone & Swae Lee,6,1,50
2019-10-12,9,TOES,DaBaby Featuring Lil Baby & Moneybagg Yo,-,9,1
2019-10-12,10,Goodbyes,Post Malone Featuring Young Thug,7,2,13
2019-10-12,11,223's,YNW Melly & 9lokknine,10,10,3
2019-10-12,12,Baby,Lil Baby & DaBaby,8,5,11
2019-10-12,13,Money In The Grave,Drake Featuring Rick Ross,11,2,16
2019-10-12,14,Camelot,NLE Choppa,9,9,3
2019-10-12,15,Hot,Young Thug Featuring Gunna,12,4,7
2019-10-19,1,HIGHEST IN THE ROOM,Travis Scott,-,1,1
2019-10-19,2,Bandit,Juice WRLD & YoungBoy Never Broke Again,-,2,1
2019-10-19,3,Ran$om,Lil Tecca,1,1,18
2019-10-19,4,Panini,Lil Nas X,2,2,16
2019-10-19,5,Old Town Road,Lil Nas X Featuring Billy Ray Cyrus,4,1,31
2019-10-19,6,Truth Hurts,Lizzo,5,3,23
2019-10-19,7,Sunflower (Spider-Man: Into The Spider-Verse),Post Malone & Swae Lee,8,1,51
2019-10-19,8,INTRO,DaBaby,3,3,3
2019-10-19,9,223's,YNW Melly & 9lokknine,11,9,4
2019-10-19,10,Goodbyes,Post Malone Featuring Young Thug,10,2,14
2019-10-19,11,Money In The Grave,Drake Featuring Rick Ross,13,2,17
2019-10-19,12,Baby,Lil Baby & DaBaby,12,5,12
2019-10-19,13,BOP,DaBaby,6,6,2
2019-10-19,14,Camelot,NLE Choppa,14,9,4
2019-10-19,15,Hot,Young Thug Featuring Gunna,15,4,8
2019-10-26,1,HIGHEST IN THE ROOM,Travis Scott,1,1,2
2019-10-26,2,Bandit,Juice WRLD & YoungBoy Never Broke Again,2,2,2
2019-10-26,3,Ran$om,Lil Tecca,3,1,19
2019-10-26,4,Panini,Lil Nas X,4,2,17
2019-10-26,5,Old Town Road,Lil Nas X Featuring Billy Ray Cyrus,5,1,32
2019-10-26,6,Truth Hurts,Lizzo,6,3,24
2019-10-26,7,Sunflower (Spider-Man: Into The Spider-Verse),Post Malone & Swae Lee,7,1,52
2019-10-26,8,Baby,Lil Baby & DaBaby,12,5,13
2019-10-26,9,Money In The Grave,Drake Featuring Rick Ross,11,2,18
2019-10-26,10,Hot,Young Thug Featuring Gunna,15,4,9
2019-10-26,11,Camelot,NLE Choppa,14,9,5
2019-10-26,12,Goodbyes,Post Malone Featuring Young Thug,10,2,15
2019-10-26,13,Lonely Child,YoungBoy Never Broke Again,-,13,1
2019-10-26,14,223's,YNW Melly & 9lokknine,9,9,5
2019-10-26,15,Ballin',Mustard & Roddy Ricch,17,15,4
2019-11-02,1,HIGHEST IN THE ROOM,Travis Scott,1,1,3
2019-11-02,2,Bandit,Juice WRLD & YoungBoy Never Broke Again,2,2,3
2019-11-02,3,Ran$om,Lil Tecca,3,1,20
2019-11-02,4,Panini,Lil Nas X,4,2,18
2019-11-02,5,Old Town Road,Lil Nas X Featuring Billy Ray Cyrus,5,1,33
2019-11-02,6,Truth Hurts,Lizzo,6,3,25
2019-11-02,7,Sunflower (Spider-Man: Into The Spider-Verse),Post Malone & Swae Lee,7,1,53
2019-11-02,8,Hot,Young Thug Featuring Gunna,10,4,10
2019-11-02,9,Camelot,NLE Choppa,11,9,6
2019-11-02,10,Baby,Lil Baby & DaBaby,8,5,14
2019-11-02,11,Ballin',Mustard & Roddy Ricch,15,11,5
2019-11-02,12,223's,YNW Melly & 9lokknine,14,9,6
2019-11-02,13,Lonely Child,YoungBoy Never Broke Again,13,13,2
2019-11-02,14,Goodbyes,Post Malone Featuring Young Thug,12,2,16
2019-11-02,15,Money In The Grave,Drake Featuring Rick Ross,9,2,19
2019-11-09,1,Follow God,Kanye West,-,1,1
2019-11-09,2,Bandit,Juice WRLD & YoungBoy Never Broke Again,2,2,4
2019-11-09,3,HIGHEST IN THE ROOM,Travis Scott,1,1,4
2019-11-09,4,Ran$om,Lil Tecca,3,1,21
2019-11-09,5,Selah,Kanye West,-,5,1
2019-11-09,6,On God,Kanye West,-,6,1
2019-11-09,7,Panini,Lil Nas X,4,2,19
2019-11-09,8,Old Town Road,Lil Nas X Featuring Billy Ray Cyrus,5,1,34
2019-11-09,9,Everything We Need,Kanye West Featuring Ty Dolla $ign & Ant Clemons,-,9,1
2019-11-09,10,Use This Gospel,Kanye West Featuring Clipse & Kenny G,-,10,1
2019-11-09,11,Sunflower (Spider-Man: Into The Spider-Verse),Post Malone & Swae Lee,7,1,54
2019-11-09,12,Truth Hurts,Lizzo,6,3,26
2019-11-09,13,Hot,Young Thug Featuring Gunna,8,4,11
2019-11-09,14,Water,Kanye West Featuring Ant Clemons,-,14,1
2019-11-09,15,Ballin',Mustard & Roddy Ricch,11,11,6
2019-11-16,1,Bandit,Juice WRLD & YoungBoy Never Broke Again,2,1,5
2019-11-16,2,Ran$om,Lil Tecca,4,1,22
2019-11-16,3,Hot,Young Thug Featuring Gunna,13,3,12
2019-11-16,4,HIGHEST IN THE ROOM,Travis Scott,3,1,5
2019-11-16,5,Old Town Road,Lil Nas X Featuring Billy Ray Cyrus,8,1,35
2019-11-16,6,Panini,Lil Nas X,7,2,20
2019-11-16,7,223's,YNW Melly & 9lokknine,21,7,8
2019-11-16,8,Roxanne,Arizona Zervas,-,8,1
2019-11-16,9,Sunflower (Spider-Man: Into The Spider-Verse),Post Malone & Swae Lee,11,1,55
2019-11-16,10,Follow God,Kanye West,1,1,2
2019-11-16,11,Ballin',Mustard & Roddy Ricch,15,11,7
2019-11-16,12,Truth Hurts,Lizzo,12,3,27
2019-11-16,13,Baby,Lil Baby & DaBaby,16,5,16
2019-11-16,14,Camelot,NLE Choppa,18,9,8
2019-11-16,15,Goodbyes,Post Malone Featuring Young Thug,20,2,18
2019-11-23,1,Woah,Lil Baby,-,1,1
2019-11-23,2,Ran$om,Lil Tecca,2,1,23
2019-11-23,3,Bandit,Juice WRLD & YoungBoy Never Broke Again,1,1,6
2019-11-23,4,Hot,Young Thug Featuring Gunna,3,3,13
2019-11-23,5,HIGHEST IN THE ROOM,Travis Scott,4,1,6
2019-11-23,6,Panini,Lil Nas X,6,2,21
2019-11-23,7,Old Town Road,Lil Nas X Featuring Billy Ray Cyrus,5,1,36
2019-11-23,8,Roxanne,Arizona Zervas,8,8,2
2019-11-23,9,Sunflower (Spider-Man: Into The Spider-Verse),Post Malone & Swae Lee,9,1,56
2019-11-23,10,Ballin',Mustard & Roddy Ricch,11,10,8
2019-11-23,11,223's,YNW Melly & 9lokknine,7,7,9
2019-11-23,12,Follow God,Kanye West,10,1,3
2019-11-23,13,Baby,Lil Baby & DaBaby,13,5,17
2019-11-23,14,Truth Hurts,Lizzo,12,3,28
2019-11-23,15,VIBEZ,DaBaby,21,7,7
2019-11-30,1,Roxanne,Arizona Zervas,8,1,3
2019-11-30,2,Woah,Lil Baby,1,1,2
2019-11-30,3,BOP,DaBaby,-,3,6
2019-11-30,4,HIGHEST IN THE ROOM,Travis Scott,5,1,7
2019-11-30,5,Ran$om,Lil Tecca,2,1,24
2019-11-30,6,Bandit,Juice WRLD & YoungBoy Never Broke Again,3,1,7
2019-11-30,7,Hot,Young Thug Featuring Gunna,4,3,14
2019-11-30,8,Old Town Road,Lil Nas X Featuring Billy Ray Cyrus,7,1,37
2019-11-30,9,Panini,Lil Nas X,6,2,22
2019-11-30,10,Ballin',Mustard & Roddy Ricch,10,10,9
2019-11-30,11,Sunflower (Spider-Man: Into The Spider-Verse),Post Malone & Swae Lee,9,1,57
2019-11-30,12,Reply,A Boogie wit da Hoodie Featuring Lil Uzi Vert,-,12,1
2019-11-30,13,Baby,Lil Baby & DaBaby,13,5,18
2019-11-30,14,Heart On Ice,Rod Wave,-,14,1
2019-11-30,15,223's,YNW Melly & 9lokknine,11,7,10
2019-12-07,1,Roxanne,Arizona Zervas,1,1,4
2019-12-07,2,BOP,DaBaby,3,2,7
2019-12-07,3,Old Town Road,Lil Nas X Featuring Billy Ray Cyrus,8,1,38
2019-12-07,4,Ran$om,Lil Tecca,5,1,25
2019-12-07,5,Woah,Lil Baby,2,1,3
2019-12-07,6,Bandit,Juice WRLD & YoungBoy Never Broke Again,6,1,8
2019-12-07,7,HIGHEST IN THE ROOM,Travis Scott,4,1,8
2019-12-07,8,Panini,Lil Nas X,9,2,23
2019-12-07,9,Hot,Young Thug Featuring Gunna,7,3,15
2019-12-07,10,Ballin',Mustard & Roddy Ricch,10,10,10
2019-12-07,11,Sunflower (Spider-Man: Into The Spider-Verse),Post Malone & Swae Lee,11,1,58
2019-12-07,12,Falling,Trevor Daniel,-,12,1
2019-12-07,13,Heart On Ice,Rod Wave,14,13,2
2019-12-07,14,Truth Hurts,Lizzo,-,3,29
2019-12-07,15,223's,YNW Melly & 9lokknine,15,7,11
2019-12-14,1,Roxanne,Arizona Zervas,1,1,5
2019-12-14,2,BOP,DaBaby,2,2,8
2019-12-14,3,Woah,Lil Baby,5,1,4
2019-12-14,4,Old Town Road,Lil Nas X Featuring Billy Ray Cyrus,3,1,39
2019-12-14,5,HIGHEST IN THE ROOM,Travis Scott,7,1,9
2019-12-14,6,Bandit,Juice WRLD & YoungBoy Never Broke Again,6,1,9
2019-12-14,7,Falling,Trevor Daniel,12,7,2
2019-12-14,8,Ran$om,Lil Tecca,4,1,26
2019-12-14,9,Hot,Young Thug Featuring Gunna,9,3,16
2019-12-14,10,Panini,Lil Nas X,8,2,24
2019-12-14,11,Ballin',Mustard & Roddy Ricch,10,10,11
2019-12-14,12,Sunflower (Spider-Man: Into The Spider-Verse),Post Malone & Swae Lee,11,1,59
2019-12-14,13,Heart On Ice,Rod Wave,13,13,3
2019-12-14,14,VIBEZ,DaBaby,-,7,8
2019-12-14,15,Death,Trippie Redd Featuring DaBaby,-,15,1
2019-12-21,1,Lucid Dreams,Juice WRLD,-,1,54
2019-12-21,2,Bandit,Juice WRLD & YoungBoy Never Broke Again,6,1,10
2019-12-21,3,Roxanne,Arizona Zervas,1,1,6
2019-12-21,4,BOP,DaBaby,2,2,9
2019-12-21,5,Legends,Juice WRLD,-,5,1
2019-12-21,6,Ran$om,Lil Tecca,8,1,27
2019-12-21,7,Woah,Lil Baby,3,1,5
2019-12-21,8,Falling,Trevor Daniel,7,7,3
2019-12-21,9,The Box,Roddy Ricch,-,9,1
2019-12-21,10,Old Town Road,Lil Nas X Featuring Billy Ray Cyrus,4,1,40
2019-12-21,11,Robbery,Juice WRLD,-,9,13
2019-12-21,12,HIGHEST IN THE ROOM,Travis Scott,5,1,10
2019-12-21,13,Ballin',Mustard & Roddy Ricch,11,10,12
2019-12-21,14,Panini,Lil Nas X,10,2,25
2019-12-21,15,Hot,Young Thug Featuring Gunna,9,3,17
2019-12-28,1,Futsal Shuffle 2020,Lil Uzi Vert,-,1,1
2019-12-28,2,Roxanne,Arizona Zervas,3,1,7
2019-12-28,3,The Box,Roddy Ricch,9,3,2
2019-12-28,4,Bandit,Juice WRLD & YoungBoy Never Broke Again,2,1,11
2019-12-28,5,BOP,DaBaby,4,2,10
2019-12-28,6,Lucid Dreams,Juice WRLD,1,1,55
2019-12-28,7,Ballin',Mustard & Roddy Ricch,13,7,13
2019-12-28,8,Falling,Trevor Daniel,8,7,4
2019-12-28,9,Ran$om,Lil Tecca,6,1,28
2019-12-28,10,No Idea,Don Toliver,-,10,1
2019-12-28,11,Woah,Lil Baby,7,1,6
2019-12-28,12,Old Town Road,Lil Nas X Featuring Billy Ray Cyrus,10,1,41
2019-12-28,13,Hot,Young Thug Featuring Gunna,15,3,18
2019-12-28,14,HIGHEST IN THE ROOM,Travis Scott,12,1,11
2019-12-28,15,Legends,Juice WRLD,5,5,2
2020-01-04,1,The Box,Roddy Ricch,3,1,3
2020-01-04,2,Roxanne,Arizona Zervas,2,1,8
2020-01-04,3,Bandit,Juice WRLD & YoungBoy Never Broke Again,4,1,12
2020-01-04,4,BOP,DaBaby,5,2,11
2020-01-04,5,Old Town Road,Lil Nas X Featuring Billy Ray Cyrus,12,1,42
2020-01-04,6,Futsal Shuffle 2020,Lil Uzi Vert,1,1,2
2020-01-04,7,Ballin',Mustard & Roddy Ricch,7,7,14
2020-01-04,8,Falling,Trevor Daniel,8,7,5
2020-01-04,9,Ran$om,Lil Tecca,9,1,29
2020-01-04,10,Hot,Young Thug Featuring Gunna,13,3,19
2020-01-04,11,Woah,Lil Baby,11,1,7
2020-01-04,12,Lucid Dreams,Juice WRLD,6,1,56
2020-01-04,13,No Idea,Don Toliver,10,10,2
2020-01-04,14,Suicidal,YNW Melly & Juice WRLD,-,14,1
2020-01-04,15,HIGHEST IN THE ROOM,Travis Scott,14,1,12
2020-01-11,1,The Box,Roddy Ricch,1,1,4
2020-01-11,2,Roxanne,Arizona Zervas,2,1,9
2020-01-11,3,HIGHEST IN THE ROOM,Travis Scott,15,1,13
2020-01-11,4,BOP,DaBaby,4,2,12
2020-01-11,5,Old Town Road,Lil Nas X Featuring Billy Ray Cyrus,5,1,43
2020-01-11,6,Bandit,Juice WRLD & YoungBoy Never Broke Again,3,1,13
2020-01-11,7,Ballin',Mustard & Roddy Ricch,7,7,15
2020-01-11,8,Out West,JACKBOYS Featuring Young Thug,-,8,1
2020-01-11,9,Falling,Trevor Daniel,8,7,6
2020-01-11,10,Woah,Lil Baby,11,1,8
2020-01-11,11,Ran$om,Lil Tecca,9,1,30
2020-01-11,12,Suicidal,YNW Melly & Juice WRLD,14,12,2
2020-01-11,13,Hot,Young Thug Featuring Gunna,10,3,20
2020-01-11,14,Panini,Lil Nas X,-,2,26
2020-01-11,15,Sunflower (Spider-Man: Into The Spider-Verse),Post Malone & Swae Lee,-,1,60
2020-01-18,1,The Box,Roddy Ricch,1,1,5
2020-01-18,2,BOP,DaBaby,4,2,13
2020-01-18,3,Roxanne,Arizona Zervas,2,1,10
2020-01-18,4,HIGHEST IN THE ROOM,Travis Scott,3,1,14
2020-01-18,5,Ballin',Mustard & Roddy Ricch,7,5,16
2020-01-18,6,Bandit,Juice WRLD & YoungBoy Never Broke Again,6,1,14
2020-01-18,7,Futsal Shuffle 2020,Lil Uzi Vert,-,1,3
2020-01-18,8,Woah,Lil Baby,10,1,9
2020-01-18,9,High Fashion,Roddy Ricch Featuring Mustard,-,9,1
2020-01-18,10,Hot,Young Thug Featuring Gunna,13,3,21
2020-01-18,11,Falling,Trevor Daniel,9,7,7
2020-01-18,12,Suicidal,YNW Melly & Juice WRLD,12,12,3
2020-01-18,13,Out West,JACKBOYS Featuring Young Thug,8,8,2
2020-01-18,14,VIBEZ,DaBaby,-,7,9
2020-01-18,15,Start Wit Me,Roddy Ricch & Gunna,-,15,1
2020-01-25,1,The Box,Roddy Ricch,1,1,6
2020-01-25,2,Life Is Good,Future Featuring Drake,-,2,1
2020-01-25,3,Sum 2 Prove,Lil Baby,-,3,1
2020-01-25,4,Good News,Mac Miller,-,4,1
2020-01-25,5,BOP,DaBaby,2,2,14
2020-01-25,6,Roxanne,Arizona Zervas,3,1,11
2020-01-25,7,Ballin',Mustard & Roddy Ricch,5,5,17
2020-01-25,8,High Fashion,Roddy Ricch Featuring Mustard,9,8,2
2020-01-25,9,HIGHEST IN THE ROOM,Travis Scott,4,1,15
2020-01-25,10,Bandit,Juice WRLD & YoungBoy Never Broke Again,6,1,15
2020-01-25,11,Suicidal,YNW Melly & Juice WRLD,12,11,4
2020-01-25,12,Woah,Lil Baby,8,1,10
2020-01-25,13,Futsal Shuffle 2020,Lil Uzi Vert,7,1,4
2020-01-25,14,Falling,Trevor Daniel,11,7,8
2020-01-25,15,Hot,Young Thug Featuring Gunna,10,3,22
2020-02-01,1,The Box,Roddy Ricch,1,1,7
2020-02-01,2,Life Is Good,Future Featuring Drake,2,2,2
2020-02-01,3,Godzilla,Eminem Featuring Juice WRLD,-,3,1
2020-02-01,4,Good News,Mac Miller,4,4,2
2020-02-01,5,High Fashion,Roddy Ricch Featuring Mustard,8,5,3
2020-02-01,6,BOP,DaBaby,5,2,15
2020-02-01,7,Roxanne,Arizona Zervas,6,1,12
2020-02-01,8,Ballin',Mustard & Roddy Ricch,7,5,18
2020-02-01,9,Darkness,Eminem,-,9,1
2020-02-01,10,Sum 2 Prove,Lil Baby,3,3,2
2020-02-01,11,Suicidal,YNW Melly & Juice WRLD,11,11,5
2020-02-01,12,Unaccommodating,Eminem Featuring Young M.A,-,12,1
2020-02-01,13,Blue World,Mac Miller,-,13,1
2020-02-01,14,HIGHEST IN THE ROOM,Travis Scott,9,1,16
2020-02-01,15,Falling,Trevor Daniel,14,7,9
2020-02-08,1,The Box,Roddy Ricch,1,1,8
2020-02-08,2,Life Is Good,Future Featuring Drake,2,2,3
2020-02-08,3,Godzilla,Eminem Featuring Juice WRLD,3,3,2
2020-02-08,4,High Fashion,Roddy Ricch Featuring Mustard,5,4,4
2020-02-08,5,BOP,DaBaby,6,2,16
2020-02-08,6,Roxanne,Arizona Zervas,7,1,13
2020-02-08,7,Ballin',Mustard & Roddy Ricch,8,5,19
2020-02-08,8,Suicidal,YNW Melly & Juice WRLD,11,8,6
2020-02-08,9,B.I.T.C.H.,Megan Thee Stallion,-,9,1
2020-02-08,10,Falling,Trevor Daniel,15,7,10
2020-02-08,11,Sum 2 Prove,Lil Baby,10,3,3
2020-02-08,12,HIGHEST IN THE ROOM,Travis Scott,14,1,17
2020-02-08,13,Bandit,Juice WRLD & YoungBoy Never Broke Again,-,1,16
2020-02-08,14,Woah,Lil Baby,-,1,11
2020-02-08,15,Hot,Young Thug Featuring Gunna,-,3,23
2020-02-15,1,The Box,Roddy Ricch,1,1,9
2020-02-15,2,Life Is Good,Future Featuring Drake,2,2,4
2020-02-15,3,High Fashion,Roddy Ricch Featuring Mustard,4,3,5
2020-02-15,4,Godzilla,Eminem Featuring Juice WRLD,3,3,3
2020-02-15,5,Ballin',Mustard & Roddy Ricch,7,5,20
2020-02-15,6,Roxanne,Arizona Zervas,6,1,14
2020-02-15,7,BOP,DaBaby,5,2,17
2020-02-15,8,Falling,Trevor Daniel,10,7,11
2020-02-15,9,I Do It,Lil Wayne Featuring Big Sean & Lil Baby,-,9,1
2020-02-15,10,Suicidal,YNW Melly & Juice WRLD,8,8,7
2020-02-15,11,HIGHEST IN THE ROOM,Travis Scott,12,1,18
2020-02-15,12,Bandit,Juice WRLD & YoungBoy Never Broke Again,13,1,17
2020-02-15,13,Woah,Lil Baby,14,1,12
2020-02-15,14,Sum 2 Prove,Lil Baby,11,3,4
2020-02-15,15,Old Town Road,Lil Nas X Featuring Billy Ray Cyrus,-,1,44
2020-02-22,1,The Box,Roddy Ricch,1,1,10
2020-02-22,2,Life Is Good,Future Featuring Drake,2,2,5
2020-02-22,3,High Fashion,Roddy Ricch Featuring Mustard,3,3,6
2020-02-22,4,Ballin',Mustard & Roddy Ricch,5,4,21
2020-02-22,5,Godzilla,Eminem Featuring Juice WRLD,4,3,4
2020-02-22,6,Roxanne,Arizona Zervas,6,1,15
2020-02-22,7,BOP,DaBaby,7,2,18
2020-02-22,8,Falling,Trevor Daniel,8,7,12
2020-02-22,9,Yikes,Nicki Minaj,-,9,1
2020-02-22,10,Woah,Lil Baby,13,1,13
2020-02-22,11,Suicidal,YNW Melly & Juice WRLD,10,8,8
2020-02-22,12,HIGHEST IN THE ROOM,Travis Scott,11,1,19
2020-02-22,13,Bandit,Juice WRLD & YoungBoy Never Broke Again,12,1,18
2020-02-22,14,Sum 2 Prove,Lil Baby,14,3,5
2020-02-22,15,Old Town Road,Lil Nas X Featuring Billy Ray Cyrus,15,1,45
2020-02-29,1,The Box,Roddy Ricch,1,1,11
2020-02-29,2,Life Is Good,Future Featuring Drake,2,2,6
2020-02-29,3,Numbers,"A Boogie wit da Hoodie Featuring Roddy Ricch , Gunna & London On Da Track",-,3,1
2020-02-29,4,High Fashion,Roddy Ricch Featuring Mustard,3,3,7
2020-02-29,5,Roxanne,Arizona Zervas,6,1,16
2020-02-29,6,Falling,Trevor Daniel,8,6,13
2020-02-29,7,Ballin',Mustard & Roddy Ricch,4,4,22
2020-02-29,8,BOP,DaBaby,7,2,19
2020-02-29,9,Godzilla,Eminem Featuring Juice WRLD,5,3,5
2020-02-29,10,Woah,Lil Baby,10,1,14
2020-02-29,11,Sum 2 Prove,Lil Baby,14,3,6
2020-02-29,12,HIGHEST IN THE ROOM,Travis Scott,12,1,20
2020-02-29,13,Blueberry Faygo,Lil Mosey,-,13,1
2020-02-29,14,Me And My Guitar,A Boogie wit da Hoodie,-,14,1
2020-02-29,15,Suicidal,YNW Melly & Juice WRLD,11,8,9
2020-03-07,1,The Box,Roddy Ricch,1,1,12
2020-03-07,2,Life Is Good,Future Featuring Drake,2,2,7
2020-03-07,3,Roxanne,Arizona Zervas,5,1,17
2020-03-07,4,Lil Top,YoungBoy Never Broke Again,-,4,1
2020-03-07,5,High Fashion,Roddy Ricch Featuring Mustard,4,3,8
2020-03-07,6,Dior,Pop Smoke,-,6,1
2020-03-07,7,Ballin',Mustard & Roddy Ricch,7,4,23
2020-03-07,8,Falling,Trevor Daniel,6,6,14
2020-03-07,9,Red Eye,YoungBoy Never Broke Again,-,9,1
2020-03-07,10,BOP,DaBaby,8,2,20
2020-03-07,11,Godzilla,Eminem Featuring Juice WRLD,9,3,6
2020-03-07,12,Woah,Lil Baby,10,1,15
2020-03-07,13,Numbers,"A Boogie wit da Hoodie Featuring Roddy Ricch , Gunna & London On Da Track",3,3,2
2020-03-07,14,Sum 2 Prove,Lil Baby,11,3,7
2020-03-07,15,Blueberry Faygo,Lil Mosey,13,13,2
2020-03-14,1,The Box,Roddy Ricch,1,1,13
2020-03-14,2,Life Is Good,Future Featuring Drake,2,2,8
2020-03-14,3,Heatin Up,Lil Baby & Gunna,-,3,1
2020-03-14,4,Commercial,Lil Baby Featuring Lil Uzi Vert,-,4,1
2020-03-14,5,Woah,Lil Baby,12,1,16
2020-03-14,6,Roxanne,Arizona Zervas,3,1,18
2020-03-14,7,Sum 2 Prove,Lil Baby,14,3,8
2020-03-14,8,Live Off My Closet,Lil Baby Featuring Future,-,8,1
2020-03-14,9,Emotionally Scarred,Lil Baby,-,9,1
2020-03-14,10,That Way,Lil Uzi Vert,-,10,1
2020-03-14,11,High Fashion,Roddy Ricch Featuring Mustard,5,3,9
2020-03-14,12,PTSD,"G Herbo Featuring Chance the Rapper , Juice WRLD & Lil Uzi Vert",-,12,1
2020-03-14,13,Grace,Lil Baby & 42 Dugg,-,13,1
2020-03-14,14,Ballin',Mustard & Roddy Ricch,7,4,24
2020-03-14,15,Falling,Trevor Daniel,8,6,15
2020-03-21,1,The Box,Roddy Ricch,1,1,14
2020-03-21,2,Baby Pluto,Lil Uzi Vert,-,2,1
2020-03-21,3,Lo Mein,Lil Uzi Vert,-,3,1
2020-03-21,4,Silly Watch,Lil Uzi Vert,-,4,1
2020-03-21,5,P2,Lil Uzi Vert,-,5,1
2020-03-21,6,Life Is Good,Future Featuring Drake,2,2,9
2020-03-21,7,That Way,Lil Uzi Vert,10,7,2
2020-03-21,8,Homecoming,Lil Uzi Vert,-,8,1
2020-03-21,9,Prices,Lil Uzi Vert,-,9,1
2020-03-21,10,POP,Lil Uzi Vert,-,10,1
2020-03-21,11,Bigger Than Life,Lil Uzi Vert,-,11,1
2020-03-21,12,Celebration Station,Lil Uzi Vert,-,12,1
2020-03-21,13,You Better Move,Lil Uzi Vert,-,13,1
2020-03-21,14,I'm Sorry,Lil Uzi Vert,-,14,1
2020-03-21,15,Venetia,Lil Uzi Vert,-,15,1
2020-03-28,1,The Box,Roddy Ricch,1,1,15
2020-03-28,2,Myron,Lil Uzi Vert,-,2,1
2020-03-28,3,Life Is Good,Future Featuring Drake,6,2,10
2020-03-28,4,Bean (Kobe),Lil Uzi Vert Featuring Chief Keef,-,4,1
2020-03-28,5,Suicidal,YNW Melly & Juice WRLD,-,5,10
2020-03-28,6,Yessirskiii,Lil Uzi Vert & 21 Savage,-,6,1
2020-03-28,7,Baby Pluto,Lil Uzi Vert,2,2,2
2020-03-28,8,Godzilla,Eminem Featuring Juice WRLD,-,3,7
2020-03-28,9,Roxanne,Arizona Zervas,-,1,19
2020-03-28,10,P2,Lil Uzi Vert,5,5,2
2020-03-28,11,High Fashion,Roddy Ricch Featuring Mustard,-,3,10
2020-03-28,12,Lo Mein,Lil Uzi Vert,3,3,2
2020-03-28,13,That Way,Lil Uzi Vert,7,7,3
2020-03-28,14,Blueberry Faygo,Lil Mosey,-,13,3
2020-03-28,15,Lotus,Lil Uzi Vert,-,15,1
2020-04-04,1,The Box,Roddy Ricch,1,1,16
2020-04-04,2,Life Is Good,Future Featuring Drake,3,2,11
2020-04-04,3,Savage,Megan Thee Stallion Featuring Beyonce,-,3,1
2020-04-04,4,Suicidal,YNW Melly & Juice WRLD,5,4,11
2020-04-04,5,Roxanne,Arizona Zervas,9,1,20
2020-04-04,6,Blueberry Faygo,Lil Mosey,14,6,4
2020-04-04,7,Godzilla,Eminem Featuring Juice WRLD,8,3,8
2020-04-04,8,Myron,Lil Uzi Vert,2,2,2
2020-04-04,9,Falling,Trevor Daniel,-,6,16
2020-04-04,10,High Fashion,Roddy Ricch Featuring Mustard,11,3,11
2020-04-04,11,Whats Poppin,"Jack Harlow Featuring DaBaby , Tory Lanez & Lil Wayne",-,11,1
2020-04-04,12,Woah,Lil Baby,-,1,17
2020-04-04,13,Death Bed,Powfu Featuring beabadoobee,-,13,1
2020-04-04,14,Ballin',Mustard & Roddy Ricch,-,4,25
2020-04-04,15,P2,Lil Uzi Vert,10,5,3
2020-04-11,1,The Box,Roddy Ricch,1,1,17
2020-04-11,2,Life Is Good,Future Featuring Drake,2,2,12
2020-04-11,3,Turks,"Nav , Gunna & Travis Scott",-,3,1
2020-04-11,4,Blueberry Faygo,Lil Mosey,6,4,5
2020-04-11,5,Savage,Megan Thee Stallion Featuring Beyonce,3,3,2
2020-04-11,6,Suicidal,YNW Melly & Juice WRLD,4,4,12
2020-04-11,7,Roxanne,Arizona Zervas,5,1,21
2020-04-11,8,High Fashion,Roddy Ricch Featuring Mustard,10,3,12
2020-04-11,9,Falling,Trevor Daniel,9,6,17
2020-04-11,10,Whats Poppin,"Jack Harlow Featuring DaBaby , Tory Lanez & Lil Wayne",11,10,2
2020-04-11,11,Godzilla,Eminem Featuring Juice WRLD,7,3,9
2020-04-11,12,Death Bed,Powfu Featuring beabadoobee,13,12,2
2020-04-11,13,Walk Em Down,NLE Choppa Featuring Roddy Ricch,-,13,1
2020-04-11,14,Myron,Lil Uzi Vert,8,2,3
2020-04-11,15,Ballin',Mustard & Roddy Ricch,14,4,26
2020-04-18,1,Toosie Slide,Drake,-,1,1
2020-04-18,2,The Box,Roddy Ricch,1,1,18
2020-04-18,3,Life Is Good,Future Featuring Drake,2,2,13
2020-04-18,4,Blueberry Faygo,Lil Mosey,4,4,6
2020-04-18,5,Find My Way,DaBaby,-,5,1
2020-04-18,6,Savage,Megan Thee Stallion Featuring Beyonce,5,3,3
2020-04-18,7,Whats Poppin,"Jack Harlow Featuring DaBaby , Tory Lanez & Lil Wayne",10,7,3
2020-04-18,8,Suicidal,YNW Melly & Juice WRLD,6,4,13
2020-04-18,9,Roxanne,Arizona Zervas,7,1,22
2020-04-18,10,Death Bed,Powfu Featuring beabadoobee,12,10,3
2020-04-18,11,Turks,"Nav , Gunna & Travis Scott",3,3,2
2020-04-18,12,Falling,Trevor Daniel,9,6,18
2020-04-18,13,High Fashion,Roddy Ricch Featuring Mustard,8,3,13
2020-04-18,14,Godzilla,Eminem Featuring Juice WRLD,11,3,10
2020-04-18,15,Heart On Ice,Rod Wave,-,13,4
2020-04-25,1,Toosie Slide,Drake,1,1,2
2020-04-25,2,The Box,Roddy Ricch,2,1,19
2020-04-25,3,Life Is Good,Future Featuring Drake,3,2,14
2020-04-25,4,Blueberry Faygo,Lil Mosey,4,4,7
2020-04-25,5,Savage,Megan Thee Stallion Featuring Beyonce,6,3,4
2020-04-25,6,Whats Poppin,"Jack Harlow Featuring DaBaby , Tory Lanez & Lil Wayne",7,6,4
2020-04-25,7,Death Bed,Powfu Featuring beabadoobee,10,7,4
2020-04-25,8,Suicidal,YNW Melly & Juice WRLD,8,4,14
2020-04-25,9,Roxanne,Arizona Zervas,9,1,23
2020-04-25,10,Falling,Trevor Daniel,12,6,19
2020-04-25,11,Find My Way,DaBaby,5,5,2
2020-04-25,12,High Fashion,Roddy Ricch Featuring Mustard,13,3,14
2020-04-25,13,Stupid Again,Tory Lanez,-,13,1
2020-04-25,14,Walk Em Down,NLE Choppa Featuring Roddy Ricch,-,13,2
2020-04-25,15,Ballin',Mustard & Roddy Ricch,-,4,27
2020-05-02,1,Toosie Slide,Drake,1,1,3
2020-05-02,2,Rockstar,DaBaby Featuring Roddy Ricch,-,2,1
2020-05-02,3,The Box,Roddy Ricch,2,1,20
2020-05-02,4,Jump,DaBaby Featuring YoungBoy Never Broke Again,-,4,1
2020-05-02,5,Life Is Good,Future Featuring Drake,3,2,15
2020-05-02,6,Blueberry Faygo,Lil Mosey,4,4,8
2020-05-02,7,Savage,Megan Thee Stallion Featuring Beyonce,5,3,5
2020-05-02,8,Find My Way,DaBaby,11,5,3
2020-05-02,9,@ MEH,Playboi Carti,-,9,1
2020-05-02,10,PICK UP,DaBaby Featuring Quavo,-,10,1
2020-05-02,11,Whats Poppin,"Jack Harlow Featuring DaBaby , Tory Lanez & Lil Wayne",6,6,5
2020-05-02,12,Death Bed,Powfu Featuring beabadoobee,7,7,5
2020-05-02,13,LIGHTSKIN SH*T,DaBaby Featuring Future & jetsonmade,-,13,1
2020-05-02,14,Falling,Trevor Daniel,10,6,20
2020-05-02,15,NASTY,DaBaby Featuring Ashanti & Megan Thee Stallion,-,15,1
2020-05-09,1,The Scotts,"THE SCOTTS, Travis Scott & Kid Cudi",-,1,1
2020-05-09,2,Righteous,Juice WRLD,-,2,1
2020-05-09,3,Savage,Megan Thee Stallion Featuring Beyonce,7,3,6
2020-05-09,4,Toosie Slide,Drake,1,1,4
2020-05-09,5,Rockstar,DaBaby Featuring Roddy Ricch,2,2,2
2020-05-09,6,The Box,Roddy Ricch,3,1,21
2020-05-09,7,Life Is Good,Future Featuring Drake,5,2,16
2020-05-09,8,Blueberry Faygo,Lil Mosey,6,4,9
2020-05-09,9,Sicko Mode,Travis Scott,-,1,61
2020-05-09,10,Whats Poppin,"Jack Harlow Featuring DaBaby , Tory Lanez & Lil Wayne",11,6,6
2020-05-09,11,All In,Lil Baby,-,11,1
2020-05-09,12,HIGHEST IN THE ROOM,Travis Scott,-,1,21
2020-05-09,13,Death Bed,Powfu Featuring beabadoobee,12,7,6
2020-05-09,14,Goosebumps,Travis Scott,-,13,24
2020-05-09,15,Falling,Trevor Daniel,14,6,21
2020-05-16,1,Savage,Megan Thee Stallion Featuring Beyonce,3,1,7
2020-05-16,2,Toosie Slide,Drake,4,1,5
2020-05-16,3,Pain 1993,Drake Featuring Playboi Carti,-,3,1
2020-05-16,4,Rockstar,DaBaby Featuring Roddy Ricch,5,2,3
2020-05-16,5,Chicago Freestyle,Drake Featuring Giveon,-,5,1
2020-05-16,6,The Scotts,"THE SCOTTS, Travis Scott & Kid Cudi",1,1,2
2020-05-16,7,The Box,Roddy Ricch,6,1,22
2020-05-16,8,D4L,"Future , Drake & Young Thug",-,8,1
2020-05-16,9,Desires,Drake Featuring Future,-,9,1
2020-05-16,10,Life Is Good,Future Featuring Drake,7,2,17
2020-05-16,11,Deep Pockets,Drake,-,11,1
2020-05-16,12,Demons,Drake Featuring Fivio Foreign & Sosa Geek,-,12,1
2020-05-16,13,When To Say When,Drake,-,13,1
2020-05-16,14,Blueberry Faygo,Lil Mosey,8,4,10
2020-05-16,15,Landed,Drake,-,15,1
2020-05-23,1,Gooba,6ix9ine,-,1,1
2020-05-23,2,Savage,Megan Thee Stallion Featuring Beyonce,1,1,8
2020-05-23,3,Rockstar,DaBaby Featuring Roddy Ricch,4,2,4
2020-05-23,4,Toosie Slide,Drake,2,1,6
2020-05-23,5,The Scotts,"THE SCOTTS, Travis Scott & Kid Cudi",6,1,3
2020-05-23,6,The Box,Roddy Ricch,7,1,23
2020-05-23,7,Life Is Good,Future Featuring Drake,10,2,18
2020-05-23,8,Blueberry Faygo,Lil Mosey,14,4,11
2020-05-23,9,3 Headed Goat,Lil Durk Featuring Lil Baby & Polo G,-,9,1
2020-05-23,10,Chicago Freestyle,Drake Featuring Giveon,5,5,2
2020-05-23,11,Whats Poppin,"Jack Harlow Featuring DaBaby , Tory Lanez & Lil Wayne",-,6,7
2020-05-23,12,Righteous,Juice WRLD,-,2,2
2020-05-23,13,Pain 1993,Drake Featuring Playboi Carti,3,3,2
2020-05-23,14,Party Girl,StaySolidRocky,-,14,1
2020-05-23,15,We Paid,Lil Baby & 42 Dugg,-,15,1
2020-05-30,1,Rockstar,DaBaby Featuring Roddy Ricch,3,1,5
2020-05-30,2,Savage,Megan Thee Stallion Featuring Beyonce,2,1,9
2020-05-30,3,Life Is Good,Future Featuring Drake,7,2,19
2020-05-30,4,Gooba,6ix9ine,1,1,2
2020-05-30,5,Toosie Slide,Drake,4,1,7
2020-05-30,6,The Box,Roddy Ricch,6,1,24
2020-05-30,7,The Scotts,"THE SCOTTS, Travis Scott & Kid Cudi",5,1,4
2020-05-30,8,Flex,Polo G Featuring Juice WRLD,-,8,1
2020-05-30,9,Solitaires,Future Featuring Travis Scott,-,9,1
2020-05-30,10,Trillionaire,Future Featuring YoungBoy Never Broke Again,-,10,1
2020-05-30,11,Blueberry Faygo,Lil Mosey,8,4,12
2020-05-30,12,Party Girl,StaySolidRocky,14,12,2
2020-05-30,13,Whats Poppin,"Jack Harlow Featuring DaBaby , Tory Lanez & Lil Wayne",11,6,8
2020-05-30,14,Trapped In The Sun,Future,-,14,1
2020-05-30,15,All Bad,Future Featuring Lil Uzi Vert,-,15,1
2020-06-06,1,Rockstar,DaBaby Featuring Roddy Ricch,1,1,6
2020-06-06,2,Savage,Megan Thee Stallion Featuring Beyonce,2,1,10
2020-06-06,3,Life Is Good,Future Featuring Drake,3,2,20
2020-06-06,4,The Box,Roddy Ricch,6,1,25
2020-06-06,5,Toosie Slide,Drake,5,1,8
2020-06-06,6,The Scotts,"THE SCOTTS, Travis Scott & Kid Cudi",7,1,5
2020-06-06,7,Gooba,6ix9ine,4,1,3
2020-06-06,8,Party Girl,StaySolidRocky,12,8,3
2020-06-06,9,Blueberry Faygo,Lil Mosey,11,4,13
2020-06-06,10,Dollaz On My Head,Gunna Featuring Young Thug,-,10,1
2020-06-06,11,Whats Poppin,"Jack Harlow Featuring DaBaby , Tory Lanez & Lil Wayne",13,6,9
2020-06-06,12,Cooler Than A Bitch,Gunna Featuring Roddy Ricch,-,12,1
2020-06-06,13,Flex,Polo G Featuring Juice WRLD,8,8,2
2020-06-06,14,Walk Em Down,NLE Choppa Featuring Roddy Ricch,-,13,3
2020-06-06,15,Death Bed,Powfu Featuring beabadoobee,-,7,7
2020-06-13,1,Rockstar,DaBaby Featuring Roddy Ricch,1,1,7
2020-06-13,2,Savage,Megan Thee Stallion Featuring Beyonce,2,1,11
2020-06-13,3,Toosie Slide,Drake,5,1,9
2020-06-13,4,The Box,Roddy Ricch,4,1,26
2020-06-13,5,Life Is Good,Future Featuring Drake,3,2,21
2020-06-13,6,Party Girl,StaySolidRocky,8,6,4
2020-06-13,7,Blueberry Faygo,Lil Mosey,9,4,14
2020-06-13,8,The Scotts,"THE SCOTTS, Travis Scott & Kid Cudi",6,1,6
2020-06-13,9,Whats Poppin,"Jack Harlow Featuring DaBaby , Tory Lanez & Lil Wayne",11,6,10
2020-06-13,10,Gooba,6ix9ine,7,1,4
2020-06-13,11,Tell Me U Luv Me,Juice WRLD & Trippie Redd,-,11,1
2020-06-13,12,Walk Em Down,NLE Choppa Featuring Roddy Ricch,14,12,4
2020-06-13,13,Death Bed,Powfu Featuring beabadoobee,15,7,8
2020-06-13,14,We Paid,Lil Baby & 42 Dugg,-,14,2
2020-06-13,15,Flex,Polo G Featuring Juice WRLD,13,8,3
2020-06-20,1,Rockstar,DaBaby Featuring Roddy Ricch,1,1,8
2020-06-20,2,Savage,Megan Thee Stallion Featuring Beyonce,2,1,12
2020-06-20,3,The Box,Roddy Ricch,4,1,27
2020-06-20,4,Toosie Slide,Drake,3,1,10
2020-06-20,5,Life Is Good,Future Featuring Drake,5,2,22
2020-06-20,6,Party Girl,StaySolidRocky,6,6,5
2020-06-20,7,Blueberry Faygo,Lil Mosey,7,4,15
2020-06-20,8,Whats Poppin,"Jack Harlow Featuring DaBaby , Tory Lanez & Lil Wayne",9,6,11
2020-06-20,9,The Scotts,"THE SCOTTS, Travis Scott & Kid Cudi",8,1,7
2020-06-20,10,We Paid,Lil Baby & 42 Dugg,14,10,3
2020-06-20,11,Gooba,6ix9ine,10,1,5
2020-06-20,12,Walk Em Down,NLE Choppa Featuring Roddy Ricch,12,12,5
2020-06-20,13,Death Bed,Powfu Featuring beabadoobee,13,7,9
2020-06-20,14,Emotionally Scarred,Lil Baby,-,9,2
2020-06-20,15,Sunflower (Spider-Man: Into The Spider-Verse),Post Malone & Swae Lee,-,1,61
2020-06-27,1,Rockstar,DaBaby Featuring Roddy Ricch,1,1,9
2020-06-27,2,The Bigger Picture,Lil Baby,-,2,1
2020-06-27,3,Trollz,6ix9ine & Nicki Minaj,-,3,1
2020-06-27,4,Savage,Megan Thee Stallion Featuring Beyonce,2,1,13
2020-06-27,5,Party Girl,StaySolidRocky,6,5,6
2020-06-27,6,The Box,Roddy Ricch,3,1,28
2020-06-27,7,Life Is Good,Future Featuring Drake,5,2,23
2020-06-27,8,We Paid,Lil Baby & 42 Dugg,10,8,4
2020-06-27,9,Toosie Slide,Drake,4,1,11
2020-06-27,10,Blueberry Faygo,Lil Mosey,7,4,16
2020-06-27,11,Whats Poppin,"Jack Harlow Featuring DaBaby , Tory Lanez & Lil Wayne",8,6,12
2020-06-27,12,Gooba,6ix9ine,11,1,6
2020-06-27,13,The Scotts,"THE SCOTTS, Travis Scott & Kid Cudi",9,1,8
2020-06-27,14,Walk Em Down,NLE Choppa Featuring Roddy Ricch,12,12,6
2020-06-27,15,Death Bed,Powfu Featuring beabadoobee,13,7,10
2020-07-04,1,Rockstar,DaBaby Featuring Roddy Ricch,1,1,10
2020-07-04,2,The Bigger Picture,Lil Baby,2,2,2
2020-07-04,3,Savage,Megan Thee Stallion Featuring Beyonce,4,1,14
2020-07-04,4,We Paid,Lil Baby & 42 Dugg,8,4,5
2020-07-04,5,Whats Poppin,"Jack Harlow Featuring DaBaby , Tory Lanez & Lil Wayne",11,5,13
2020-07-04,6,Party Girl,StaySolidRocky,5,5,7
2020-07-04,7,Life Is Good,Future Featuring Drake,7,2,24
2020-07-04,8,The Box,Roddy Ricch,6,1,29
2020-07-04,9,Blueberry Faygo,Lil Mosey,10,4,17
2020-07-04,10,Toosie Slide,Drake,9,1,12
2020-07-04,11,Trollz,6ix9ine & Nicki Minaj,3,3,2
2020-07-04,12,The Scotts,"THE SCOTTS, Travis Scott & Kid Cudi",13,1,9
2020-07-04,13,Death Bed,Powfu Featuring beabadoobee,15,7,11
2020-07-04,14,Gooba,6ix9ine,12,1,7
2020-07-04,15,Walk Em Down,NLE Choppa Featuring Roddy Ricch,14,12,7
2020-07-11,1,Rockstar,DaBaby Featuring Roddy Ricch,1,1,11
2020-07-11,2,Whats Poppin,"Jack Harlow Featuring DaBaby , Tory Lanez & Lil Wayne",5,2,14
2020-07-11,3,We Paid,Lil Baby & 42 Dugg,4,3,6
2020-07-11,4,Savage,Megan Thee Stallion Featuring Beyonce,3,1,15
2020-07-11,5,The Bigger Picture,Lil Baby,2,2,3
2020-07-11,6,Life Is Good,Future Featuring Drake,7,2,25
2020-07-11,7,Party Girl,StaySolidRocky,6,5,8
2020-07-11,8,Blueberry Faygo,Lil Mosey,9,4,18
2020-07-11,9,The Box,Roddy Ricch,8,1,30
2020-07-11,10,Girls In The Hood,Megan Thee Stallion,-,10,1
2020-07-11,11,Toosie Slide,Drake,10,1,13
2020-07-11,12,Death Bed,Powfu Featuring beabadoobee,13,7,12
2020-07-11,13,Walk Em Down,NLE Choppa Featuring Roddy Ricch,15,12,8
2020-07-11,14,Emotionally Scarred,Lil Baby,-,9,3
2020-07-11,15,The Scotts,"THE SCOTTS, Travis Scott & Kid Cudi",12,1,10
2020-07-18,1,Rockstar,DaBaby Featuring Roddy Ricch,1,1,12
2020-07-18,2,For The Night,Pop Smoke Featuring Lil Baby & DaBaby,-,2,1
2020-07-18,3,Whats Poppin,"Jack Harlow Featuring DaBaby , Tory Lanez & Lil Wayne",2,2,15
2020-07-18,4,The Woo,Pop Smoke Featuring 50 Cent & Roddy Ricch,-,4,1
2020-07-18,5,We Paid,Lil Baby & 42 Dugg,3,3,7
2020-07-18,6,Savage,Megan Thee Stallion Featuring Beyonce,4,1,16
2020-07-18,7,Got It On Me,Pop Smoke,-,7,1
2020-07-18,8,The Bigger Picture,Lil Baby,5,2,4
2020-07-18,9,Aim For The Moon,Pop Smoke Featuring Quavo,-,9,1
2020-07-18,10,Gangstas,Pop Smoke,-,10,1
2020-07-18,11,Dior,Pop Smoke,-,6,2
2020-07-18,12,44 Bulldog,Pop Smoke,-,12,1
2020-07-18,13,Life Is Good,Future Featuring Drake,6,2,26
2020-07-18,14,Blueberry Faygo,Lil Mosey,8,4,19
2020-07-18,15,Something Special,Pop Smoke,-,15,1
2020-07-25,1,Rockstar,DaBaby Featuring Roddy Ricch,1,1,13
2020-07-25,2,Wishing Well,Juice WRLD,-,2,1
2020-07-25,3,Conversations,Juice WRLD,-,3,1
2020-07-25,4,Hate The Other Side,Juice WRLD & Marshmello Featuring Polo G & The Kid Laroi,-,4,1
2020-07-25,5,Life's A Mess,Juice WRLD X Halsey,-,5,1
2020-07-25,6,Whats Poppin,"Jack Harlow Featuring DaBaby , Tory Lanez & Lil Wayne",3,2,16
2020-07-25,7,Blood On My Jeans,Juice WRLD,-,7,1
2020-07-25,8,Titanic,Juice WRLD,-,8,1
2020-07-25,9,Righteous,Juice WRLD,-,2,3
2020-07-25,10,Bad Energy,Juice WRLD,-,10,1
2020-07-25,11,We Paid,Lil Baby & 42 Dugg,5,3,8
2020-07-25,12,Stay High,Juice WRLD,-,12,1
2020-07-25,13,For The Night,Pop Smoke Featuring Lil Baby & DaBaby,2,2,2
2020-07-25,14,Fighting Demons,Juice WRLD,-,14,1
2020-07-25,15,Party Girl,StaySolidRocky,-,5,9
2020-08-01,1,Rockstar,DaBaby Featuring Roddy Ricch,1,1,14
2020-08-01,2,Whats Poppin,"Jack Harlow Featuring DaBaby , Tory Lanez & Lil Wayne",6,2,17
2020-08-01,3,Popstar,DJ Khaled Featuring Drake,-,3,1
2020-08-01,4,Greece,DJ Khaled Featuring Drake,-,4,1
2020-08-01,5,Wishing Well,Juice WRLD,2,2,2
2020-08-01,6,We Paid,Lil Baby & 42 Dugg,11,3,9
2020-08-01,7,For The Night,Pop Smoke Featuring Lil Baby & DaBaby,13,2,3
2020-08-01,8,Party Girl,StaySolidRocky,15,5,10
2020-08-01,9,Savage,Megan Thee Stallion Featuring Beyonce,-,1,17
2020-08-01,10,Hate The Other Side,Juice WRLD & Marshmello Featuring Polo G & The Kid Laroi,4,4,2
2020-08-01,11,The Woo,Pop Smoke Featuring 50 Cent & Roddy Ricch,-,4,2
2020-08-01,12,Conversations,Juice WRLD,3,3,2
2020-08-01,13,Life Is Good,Future Featuring Drake,-,2,27
2020-08-01,14,Blueberry Faygo,Lil Mosey,-,4,20
2020-08-01,15,Life's A Mess,Juice WRLD X Halsey,5,5,2
2020-08-08,1,Rockstar,DaBaby Featuring Roddy Ricch,1,1,15
2020-08-08,2,Whats Poppin,"Jack Harlow Featuring DaBaby , Tory Lanez & Lil Wayne",2,2,18
2020-08-08,3,Wishing Well,Juice WRLD,5,2,3
2020-08-08,4,For The Night,Pop Smoke Featuring Lil Baby & DaBaby,7,2,4
2020-08-08,5,Popstar,DJ Khaled Featuring Drake,3,3,2
2020-08-08,6,We Paid,Lil Baby & 42 Dugg,6,3,10
2020-08-08,7,Party Girl,StaySolidRocky,8,5,11
2020-08-08,8,Savage,Megan Thee Stallion Featuring Beyonce,9,1,18
2020-08-08,9,Life Is Good,Future Featuring Drake,13,2,28
2020-08-08,10,The Woo,Pop Smoke Featuring 50 Cent & Roddy Ricch,11,4,3
2020-08-08,11,Blueberry Faygo,Lil Mosey,14,4,21
2020-08-08,12,the.climb.back,J. Cole,-,12,1
2020-08-08,13,Lion King On Ice,J. Cole,-,13,1
2020-08-08,14,Mood Swings,Pop Smoke Featuring Lil Tjay,-,14,1
2020-08-08,15,Greece,DJ Khaled Featuring Drake,4,4,2
2020-08-15,1,Rockstar,DaBaby Featuring Roddy Ricch,1,1,16
2020-08-15,2,Whats Poppin,"Jack Harlow Featuring DaBaby , Tory Lanez & Lil Wayne",2,2,19
2020-08-15,3,For The Night,Pop Smoke Featuring Lil Baby & DaBaby,4,2,5
2020-08-15,4,Mood Swings,Pop Smoke Featuring Lil Tjay,14,4,2
2020-08-15,5,Wishing Well,Juice WRLD,3,2,4
2020-08-15,6,We Paid,Lil Baby & 42 Dugg,6,3,11
2020-08-15,7,Life Is Good,Future Featuring Drake,9,2,29
2020-08-15,8,Popstar,DJ Khaled Featuring Drake,5,3,3
2020-08-15,9,Party Girl,StaySolidRocky,7,5,12
2020-08-15,10,The Woo,Pop Smoke Featuring 50 Cent & Roddy Ricch,10,4,4
2020-08-15,11,Savage,Megan Thee Stallion Featuring Beyonce,8,1,19
2020-08-15,12,Blueberry Faygo,Lil Mosey,11,4,22
2020-08-15,13,Said Sum,Moneybagg Yo,-,13,1
2020-08-15,14,Rags2Riches,Rod Wave Featuring ATR Son Son,-,14,1
2020-08-15,15,The Box,Roddy Ricch,-,1,31
2020-08-22,1,WAP,Cardi B Featuring Megan Thee Stallion,-,1,1
2020-08-22,2,Rockstar,DaBaby Featuring Roddy Ricch,1,1,17
2020-08-22,3,Whats Poppin,"Jack Harlow Featuring DaBaby , Tory Lanez & Lil Wayne",2,2,20
2020-08-22,4,Smile,Juice WRLD & The Weeknd,-,4,1
2020-08-22,5,Rags2Riches,Rod Wave Featuring ATR Son Son,14,5,2
2020-08-22,6,Mood Swings,Pop Smoke Featuring Lil Tjay,4,4,3
2020-08-22,7,For The Night,Pop Smoke Featuring Lil Baby & DaBaby,3,2,6
2020-08-22,8,Wishing Well,Juice WRLD,5,2,5
2020-08-22,9,We Paid,Lil Baby & 42 Dugg,6,3,12
2020-08-22,10,Life Is Good,Future Featuring Drake,7,2,30
2020-08-22,11,Savage,Megan Thee Stallion Featuring Beyonce,11,1,20
2020-08-22,12,The Woo,Pop Smoke Featuring 50 Cent & Roddy Ricch,10,4,5
2020-08-22,13,Party Girl,StaySolidRocky,9,5,13
2020-08-22,14,Popstar,DJ Khaled Featuring Drake,8,3,4
2020-08-22,15,Blueberry Faygo,Lil Mosey,12,4,23
2020-08-29,1,Laugh Now Cry Later,Drake Featuring Lil Durk,-,1,1
2020-08-29,2,WAP,Cardi B Featuring Megan Thee Stallion,1,1,2
2020-08-29,3,Rockstar,DaBaby Featuring Roddy Ricch,2,1,18
2020-08-29,4,Whats Poppin,"Jack Harlow Featuring DaBaby , Tory Lanez & Lil Wayne",3,2,21
2020-08-29,5,For The Night,Pop Smoke Featuring Lil Baby & DaBaby,7,2,7
2020-08-29,6,Mood Swings,Pop Smoke Featuring Lil Tjay,6,4,4
2020-08-29,7,Rags2Riches,Rod Wave Featuring ATR Son Son,5,5,3
2020-08-29,8,Smile,Juice WRLD & The Weeknd,4,4,2
2020-08-29,9,Mood,24kGoldn Featuring iann dior,-,9,1
2020-08-29,10,Wishing Well,Juice WRLD,8,2,6
2020-08-29,11,We Paid,Lil Baby & 42 Dugg,9,3,13
2020-08-29,12,Life Is Good,Future Featuring Drake,10,2,31
2020-08-29,13,Savage,Megan Thee Stallion Featuring Beyonce,11,1,21
2020-08-29,14,The Woo,Pop Smoke Featuring 50 Cent & Roddy Ricch,12,4,6
2020-08-29,15,Party Girl,StaySolidRocky,13,5,14
2020-09-05,1,WAP,Cardi B Featuring Megan Thee Stallion,2,1,3
2020-09-05,2,Laugh Now Cry Later,Drake Featuring Lil Durk,1,1,2
2020-09-05,3,Rockstar,DaBaby Featuring Roddy Ricch,3,1,19
2020-09-05,4,Whats Poppin,"Jack Harlow Featuring DaBaby , Tory Lanez & Lil Wayne",4,2,22
2020-09-05,5,Mood,24kGoldn Featuring iann dior,9,5,2
2020-09-05,6,For The Night,Pop Smoke Featuring Lil Baby & DaBaby,5,2,8
2020-09-05,7,Mood Swings,Pop Smoke Featuring Lil Tjay,6,4,5
2020-09-05,8,Rags2Riches,Rod Wave Featuring ATR Son Son,7,5,4
2020-09-05,9,Wishing Well,Juice WRLD,10,2,7
2020-09-05,10,We Paid,Lil Baby & 42 Dugg,11,3,14
2020-09-05,11,Smile,Juice WRLD & The Weeknd,8,4,3
2020-09-05,12,Life Is Good,Future Featuring Drake,12,2,32
2020-09-05,13,The Woo,Pop Smoke Featuring 50 Cent & Roddy Ricch,14,4,7
2020-09-05,14,Savage,Megan Thee Stallion Featuring Beyonce,13,1,22
2020-09-05,15,Blueberry Faygo,Lil Mosey,-,4,24
2020-09-12,1,WAP,Cardi B Featuring Megan Thee Stallion,1,1,4
2020-09-12,2,Laugh Now Cry Later,Drake Featuring Lil Durk,2,1,3
2020-09-12,3,Mood,24kGoldn Featuring iann dior,5,3,3
2020-09-12,4,Rockstar,DaBaby Featuring Roddy Ricch,3,1,20
2020-09-12,5,For The Night,Pop Smoke Featuring Lil Baby & DaBaby,6,2,9
2020-09-12,6,Whats Poppin,"Jack Harlow Featuring DaBaby , Tory Lanez & Lil Wayne",4,2,23
2020-09-12,7,Mood Swings,Pop Smoke Featuring Lil Tjay,7,4,6
2020-09-12,8,Rags2Riches,Rod Wave Featuring ATR Son Son,8,5,5
2020-09-12,9,Wishing Well,Juice WRLD,9,2,8
2020-09-12,10,We Paid,Lil Baby & 42 Dugg,10,3,15
2020-09-12,11,Life Is Good,Future Featuring Drake,12,2,33
2020-09-12,12,Lemonade,Internet Money & Gunna Featuring Don Toliver & Nav,-,12,1
2020-09-12,13,Smile,Juice WRLD & The Weeknd,11,4,4
2020-09-12,14,The Woo,Pop Smoke Featuring 50 Cent & Roddy Ricch,13,4,8
2020-09-12,15,Tap In,Saweetie,-,15,1
2020-09-19,1,WAP,Cardi B Featuring Megan Thee Stallion,1,1,5
2020-09-19,2,Laugh Now Cry Later,Drake Featuring Lil Durk,2,1,4
2020-09-19,3,Mood,24kGoldn Featuring iann dior,3,3,4
2020-09-19,4,For The Night,Pop Smoke Featuring Lil Baby & DaBaby,5,2,10
2020-09-19,5,Rockstar,DaBaby Featuring Roddy Ricch,4,1,21
2020-09-19,6,Whats Poppin,"Jack Harlow Featuring DaBaby , Tory Lanez & Lil Wayne",6,2,24
2020-09-19,7,Popstar,DJ Khaled Featuring Drake,-,3,5
2020-09-19,8,Mood Swings,Pop Smoke Featuring Lil Tjay,7,4,7
2020-09-19,9,Lemonade,Internet Money & Gunna Featuring Don Toliver & Nav,12,9,2
2020-09-19,10,Rags2Riches,Rod Wave Featuring ATR Son Son,8,5,6
2020-09-19,11,Life Is Good,Future Featuring Drake,11,2,34
2020-09-19,12,Wishing Well,Juice WRLD,9,2,9
2020-09-19,13,Tap In,Saweetie,15,13,2
2020-09-19,14,We Paid,Lil Baby & 42 Dugg,10,3,16
2020-09-19,15,The Woo,Pop Smoke Featuring 50 Cent & Roddy Ricch,14,4,9
2020-09-26,1,WAP,Cardi B Featuring Megan Thee Stallion,1,1,6
2020-09-26,2,Laugh Now Cry Later,Drake Featuring Lil Durk,2,1,5
2020-09-26,3,Mood,24kGoldn Featuring iann dior,3,3,5
2020-09-26,4,For The Night,Pop Smoke Featuring Lil Baby & DaBaby,4,2,11
2020-09-26,5,Whats Poppin,"Jack Harlow Featuring DaBaby , Tory Lanez & Lil Wayne",6,2,25
2020-09-26,6,Rockstar,DaBaby Featuring Roddy Ricch,5,1,22
2020-09-26,7,Lemonade,Internet Money & Gunna Featuring Don Toliver & Nav,9,7,3
2020-09-26,8,Popstar,DJ Khaled Featuring Drake,7,3,6
2020-09-26,9,Mood Swings,Pop Smoke Featuring Lil Tjay,8,4,8
2020-09-26,10,My Window,YoungBoy Never Broke Again Featuring Lil Wayne,-,10,1
2020-09-26,11,Rags2Riches,Rod Wave Featuring ATR Son Son,10,5,7
2020-09-26,12,Drug Addiction,YoungBoy Never Broke Again,-,12,1
2020-09-26,13,Life Is Good,Future Featuring Drake,11,2,35
2020-09-26,14,Kacey Talk,YoungBoy Never Broke Again,-,14,1
2020-09-26,15,Wishing Well,Juice WRLD,12,2,10
2020-10-03,1,WAP,Cardi B Featuring Megan Thee Stallion,1,1,7
2020-10-03,2,Laugh Now Cry Later,Drake Featuring Lil Durk,2,1,6
2020-10-03,3,Mood,24kGoldn Featuring iann dior,3,3,6
2020-10-03,4,For The Night,Pop Smoke Featuring Lil Baby & DaBaby,4,2,12
2020-10-03,5,Lemonade,Internet Money & Gunna Featuring Don Toliver & Nav,7,5,4
2020-10-03,6,Mood Swings,Pop Smoke Featuring Lil Tjay,9,4,9
2020-10-03,7,Rockstar,DaBaby Featuring Roddy Ricch,6,1,23
2020-10-03,8,Whats Poppin,"Jack Harlow Featuring DaBaby , Tory Lanez & Lil Wayne",5,2,26
2020-10-03,9,Said Sum,Moneybagg Yo,-,9,2
2020-10-03,10,Popstar,DJ Khaled Featuring Drake,8,3,7
2020-10-03,11,Rags2Riches,Rod Wave Featuring ATR Son Son,11,5,8
2020-10-03,12,Life Is Good,Future Featuring Drake,13,2,36
2020-10-03,13,What You Know Bout Love,Pop Smoke,-,13,1
2020-10-03,14,Wishing Well,Juice WRLD,15,2,11
2020-10-03,15,We Paid,Lil Baby & 42 Dugg,-,3,17
2020-10-10,1,WAP,Cardi B Featuring Megan Thee Stallion,1,1,8
2020-10-10,2,Laugh Now Cry Later,Drake Featuring Lil Durk,2,1,7
2020-10-10,3,Mood,24kGoldn Featuring iann dior,3,3,7
2020-10-10,4,For The Night,Pop Smoke Featuring Lil Baby & DaBaby,4,2,13
2020-10-10,5,Lemonade,Internet Money & Gunna Featuring Don Toliver & Nav,5,5,5
2020-10-10,6,Franchise,Travis Scott Featuring Young Thug & M.I.A.,-,6,1
2020-10-10,7,Whats Poppin,"Jack Harlow Featuring DaBaby , Tory Lanez & Lil Wayne",8,2,27
2020-10-10,8,Rockstar,DaBaby Featuring Roddy Ricch,7,1,24
2020-10-10,9,Mood Swings,Pop Smoke Featuring Lil Tjay,6,4,10
2020-10-10,10,Popstar,DJ Khaled Featuring Drake,10,3,8
2020-10-10,11,What You Know Bout Love,Pop Smoke,13,11,2
2020-10-10,12,Epidemic,Polo G,-,12,1
2020-10-10,13,Rags2Riches,Rod Wave Featuring ATR Son Son,11,5,9
2020-10-10,14,Life Is Good,Future Featuring Drake,12,2,37
2020-10-10,15,Said Sum,Moneybagg Yo,9,9,3
2020-10-17,1,WAP,Cardi B Featuring Megan Thee Stallion,1,1,9
2020-10-17,2,Runnin,21 Savage & Metro Boomin,-,2,1
2020-10-17,3,Mr. Right Now,21 Savage & Metro Boomin Featuring Drake,-,3,1
2020-10-17,4,Lemonade,Internet Money & Gunna Featuring Don Toliver & Nav,5,4,6
2020-10-17,5,For The Night,Pop Smoke Featuring Lil Baby & DaBaby,4,2,14
2020-10-17,6,Mood,24kGoldn Featuring iann dior,3,3,8
2020-10-17,7,Glock In My Lap,21 Savage & Metro Boomin,-,7,1
2020-10-17,8,Laugh Now Cry Later,Drake Featuring Lil Durk,2,1,8
2020-10-17,9,Rich N*gga Sh*t,21 Savage & Metro Boomin Featuring Young Thug,-,9,1
2020-10-17,10,Slidin,21 Savage & Metro Boomin,-,10,1
2020-10-17,11,Many Men,21 Savage & Metro Boomin,-,11,1
2020-10-17,12,Rockstar,DaBaby Featuring Roddy Ricch,8,1,25
2020-10-17,13,Whats Poppin,"Jack Harlow Featuring DaBaby , Tory Lanez & Lil Wayne",7,2,28
2020-10-17,14,Mood Swings,Pop Smoke Featuring Lil Tjay,9,4,11
2020-10-17,15,What You Know Bout Love,Pop Smoke,11,11,3
2020-10-24,1,WAP,Cardi B Featuring Megan Thee Stallion,1,1,10
2020-10-24,2,Lemonade,Internet Money & Gunna Featuring Don Toliver & Nav,4,2,7
2020-10-24,3,For The Night,Pop Smoke Featuring Lil Baby & DaBaby,5,2,15
2020-10-24,4,Mood,24kGoldn Featuring iann dior,6,3,9
2020-10-24,5,Laugh Now Cry Later,Drake Featuring Lil Durk,8,1,9
2020-10-24,6,Mr. Right Now,21 Savage & Metro Boomin Featuring Drake,3,3,2
2020-10-24,7,Rockstar,DaBaby Featuring Roddy Ricch,12,1,26
2020-10-24,8,Whats Poppin,"Jack Harlow Featuring DaBaby , Tory Lanez & Lil Wayne",13,2,29
2020-10-24,9,What You Know Bout Love,Pop Smoke,15,9,4
2020-10-24,10,Runnin,21 Savage & Metro Boomin,2,2,2
2020-10-24,11,Mood Swings,Pop Smoke Featuring Lil Tjay,14,4,12
2020-10-24,12,Said Sum,Moneybagg Yo,-,9,4
2020-10-24,13,Franchise,Travis Scott Featuring Young Thug & M.I.A.,-,6,2
2020-10-24,14,Rags2Riches,Rod Wave Featuring ATR Son Son,-,5,10
2020-10-24,15,Life Is Good,Future Featuring Drake,-,2,38
2020-10-31,1,WAP,Cardi B Featuring Megan Thee Stallion,1,1,11
2020-10-31,2,Lemonade,Internet Money & Gunna Featuring Don Toliver & Nav,2,2,8
2020-10-31,3,For The Night,Pop Smoke Featuring Lil Baby & DaBaby,3,2,16
2020-10-31,4,Mood,24kGoldn Featuring iann dior,4,3,10
2020-10-31,5,Laugh Now Cry Later,Drake Featuring Lil Durk,5,1,10
2020-10-31,6,What You Know Bout Love,Pop Smoke,9,6,5
2020-10-31,7,Said Sum,Moneybagg Yo,12,7,5
2020-10-31,8,Rockstar,DaBaby Featuring Roddy Ricch,7,1,27
2020-10-31,9,Whats Poppin,"Jack Harlow Featuring DaBaby , Tory Lanez & Lil Wayne",8,2,30
2020-10-31,10,Mood Swings,Pop Smoke Featuring Lil Tjay,11,4,13
2020-10-31,11,Rags2Riches,Rod Wave Featuring ATR Son Son,14,5,11
2020-10-31,12,Mr. Right Now,21 Savage & Metro Boomin Featuring Drake,6,3,3
2020-10-31,13,Runnin,21 Savage & Metro Boomin,10,2,3
2020-10-31,14,Life Is Good,Future Featuring Drake,15,2,39
2020-10-31,15,Whole Lotta Choppas,Sada Baby Featuring Nicki Minaj,-,15,1
2020-11-07,1,WAP,Cardi B Featuring Megan Thee Stallion,1,1,12
2020-11-07,2,Lemonade,Internet Money & Gunna Featuring Don Toliver & Nav,2,2,9
2020-11-07,3,For The Night,Pop Smoke Featuring Lil Baby & DaBaby,3,2,17
2020-11-07,4,Mood,24kGoldn Featuring iann dior,4,3,11
2020-11-07,5,Laugh Now Cry Later,Drake Featuring Lil Durk,5,1,11
2020-11-07,6,Said Sum,Moneybagg Yo,7,6,6
2020-11-07,7,What You Know Bout Love,Pop Smoke,6,6,6
2020-11-07,8,Tyler Herro,Jack Harlow,-,8,1
2020-11-07,9,Whats Poppin,"Jack Harlow Featuring DaBaby , Tory Lanez & Lil Wayne",9,2,31
2020-11-07,10,Rockstar,DaBaby Featuring Roddy Ricch,8,1,28
2020-11-07,11,Mood Swings,Pop Smoke Featuring Lil Tjay,10,4,14
2020-11-07,12,Rags2Riches,Rod Wave Featuring ATR Son Son,11,5,12
2020-11-07,13,Life Is Good,Future Featuring Drake,14,2,40
2020-11-07,14,Spicy,Ty Dolla $ign Featuring Post Malone,-,14,1
2020-11-07,15,Mr. Right Now,21 Savage & Metro Boomin Featuring Drake,12,3,4
2020-11-14,1,Lemonade,Internet Money & Gunna Featuring Don Toliver & Nav,2,1,10
2020-11-14,2,For The Night,Pop Smoke Featuring Lil Baby & DaBaby,3,2,18
2020-11-14,3,Mood,24kGoldn Featuring iann dior,4,3,12
2020-11-14,4,WAP,Cardi B Featuring Megan Thee Stallion,1,1,13
2020-11-14,5,Laugh Now Cry Later,Drake Featuring Lil Durk,5,1,12
2020-11-14,6,Said Sum,Moneybagg Yo,6,6,7
2020-11-14,7,What You Know Bout Love,Pop Smoke,7,6,7
2020-11-14,8,Whats Poppin,"Jack Harlow Featuring DaBaby , Tory Lanez & Lil Wayne",9,2,32
2020-11-14,9,Rockstar,DaBaby Featuring Roddy Ricch,10,1,29
2020-11-14,10,Tyler Herro,Jack Harlow,8,8,2
2020-11-14,11,Rags2Riches,Rod Wave Featuring ATR Son Son,12,5,13
2020-11-14,12,Mood Swings,Pop Smoke Featuring Lil Tjay,11,4,15
2020-11-14,13,Life Is Good,Future Featuring Drake,13,2,41
2020-11-14,14,24,Money Man Featuring Lil Baby,-,14,1
2020-11-14,15,Popstar,DJ Khaled Featuring Drake,-,3,9
2020-11-21,1,Mood,24kGoldn Featuring iann dior,3,1,13
2020-11-21,2,Lemonade,Internet Money & Gunna Featuring Don Toliver & Nav,1,1,11
2020-11-21,3,For The Night,Pop Smoke Featuring Lil Baby & DaBaby,2,2,19
2020-11-21,4,WAP,Cardi B Featuring Megan Thee Stallion,4,1,14
2020-11-21,5,Laugh Now Cry Later,Drake Featuring Lil Durk,5,1,13
2020-11-21,6,What You Know Bout Love,Pop Smoke,7,6,8
2020-11-21,7,Said Sum,Moneybagg Yo,6,6,8
2020-11-21,8,Whats Poppin,"Jack Harlow Featuring DaBaby , Tory Lanez & Lil Wayne",8,2,33
2020-11-21,9,Rockstar,DaBaby Featuring Roddy Ricch,9,1,30
2020-11-21,10,Took Her To The O,King Von,-,10,1
2020-11-21,11,What That Speed Bout!?,"Mike Will Made-It , Nicki Minaj & YoungBoy Never Broke Again",-,11,1
2020-11-21,12,Rags2Riches,Rod Wave Featuring ATR Son Son,11,5,14
2020-11-21,13,Mood Swings,Pop Smoke Featuring Lil Tjay,12,4,16
2020-11-21,14,Tyler Herro,Jack Harlow,10,8,3
2020-11-21,15,Life Is Good,Future Featuring Drake,13,2,42
2020-11-28,1,Mood,24kGoldn Featuring iann dior,1,1,14
2020-11-28,2,Lemonade,Internet Money & Gunna Featuring Don Toliver & Nav,2,1,12
2020-11-28,3,For The Night,Pop Smoke Featuring Lil Baby & DaBaby,3,2,20
2020-11-28,4,WAP,Cardi B Featuring Megan Thee Stallion,4,1,15
2020-11-28,5,Drankin N Smokin,Future & Lil Uzi Vert,-,5,1
2020-11-28,6,What You Know Bout Love,Pop Smoke,6,6,9
2020-11-28,7,Laugh Now Cry Later,Drake Featuring Lil Durk,5,1,14
2020-11-28,8,Stripes Like Burberry,Future & Lil Uzi Vert,-,8,1
2020-11-28,9,Said Sum,Moneybagg Yo,7,6,9
2020-11-28,10,That's It,Future & Lil Uzi Vert,-,10,1
2020-11-28,11,Rockstar,DaBaby Featuring Roddy Ricch,9,1,31
2020-11-28,12,Whats Poppin,"Jack Harlow Featuring DaBaby , Tory Lanez & Lil Wayne",8,2,34
2020-11-28,13,Real Baby Pluto,Future & Lil Uzi Vert,-,13,1
2020-11-28,14,Holiday,Lil Nas X,-,14,1
2020-11-28,15,Took Her To The O,King Von,10,10,2
2020-12-05,1,Body,Megan Thee Stallion,-,1,1
2020-12-05,2,Mood,24kGoldn Featuring iann dior,1,1,15
2020-12-05,3,Lemonade,Internet Money & Gunna Featuring Don Toliver & Nav,2,1,13
2020-12-05,4,For The Night,Pop Smoke Featuring Lil Baby & DaBaby,3,2,21
2020-12-05,5,WAP,Cardi B Featuring Megan Thee Stallion,4,1,16
2020-12-05,6,What You Know Bout Love,Pop Smoke,6,6,10
2020-12-05,7,Laugh Now Cry Later,Drake Featuring Lil Durk,7,1,15
2020-12-05,8,Said Sum,Moneybagg Yo,9,6,10
2020-12-05,9,Rockstar,DaBaby Featuring Roddy Ricch,11,1,32
2020-12-05,10,Whats Poppin,"Jack Harlow Featuring DaBaby , Tory Lanez & Lil Wayne",12,2,35
2020-12-05,11,Holiday,Lil Nas X,14,11,2
2020-12-05,12,Life Is Good,Future Featuring Drake,-,2,43
2020-12-05,13,Whoopty,CJ,-,13,1
2020-12-05,14,Cry Baby,Megan Thee Stallion Featuring DaBaby,-,14,1
2020-12-05,15,Took Her To The O,King Von,15,10,3
2020-12-12,1,Body,Megan Thee Stallion,1,1,2
2020-12-12,2,Mood,24kGoldn Featuring iann dior,2,1,16
2020-12-12,3,Lemonade,Internet Money & Gunna Featuring Don Toliver & Nav,3,1,14
2020-12-12,4,For The Night,Pop Smoke Featuring Lil Baby & DaBaby,4,2,22
2020-12-12,5,WAP,Cardi B Featuring Megan Thee Stallion,5,1,17
2020-12-12,6,Laugh Now Cry Later,Drake Featuring Lil Durk,7,1,16
2020-12-12,7,Holiday,Lil Nas X,11,7,3
2020-12-12,8,What You Know Bout Love,Pop Smoke,6,6,11
2020-12-12,9,Whats Poppin,"Jack Harlow Featuring DaBaby , Tory Lanez & Lil Wayne",10,2,36
2020-12-12,10,Rockstar,DaBaby Featuring Roddy Ricch,9,1,33
2020-12-12,11,Said Sum,Moneybagg Yo,8,6,11
2020-12-12,12,Life Is Good,Future Featuring Drake,12,2,44
2020-12-12,13,Whoopty,CJ,13,13,2
2020-12-12,14,Mood Swings,Pop Smoke Featuring Lil Tjay,-,4,17
2020-12-12,15,Took Her To The O,King Von,15,10,4
2020-12-19,1,On Me,Lil Baby,-,1,1
2020-12-19,2,Mood,24kGoldn Featuring iann dior,2,1,17
2020-12-19,3,Body,Megan Thee Stallion,1,1,3
2020-12-19,4,Errbody,Lil Baby,-,4,1
2020-12-19,5,Lemonade,Internet Money & Gunna Featuring Don Toliver & Nav,3,1,15
2020-12-19,6,For The Night,Pop Smoke Featuring Lil Baby & DaBaby,4,2,23
2020-12-19,7,WAP,Cardi B Featuring Megan Thee Stallion,5,1,18
2020-12-19,8,Whoopty,CJ,13,8,3
2020-12-19,9,Holiday,Lil Nas X,7,7,4
2020-12-19,10,Laugh Now Cry Later,Drake Featuring Lil Durk,6,1,17
2020-12-19,11,Whats Poppin,"Jack Harlow Featuring DaBaby , Tory Lanez & Lil Wayne",9,2,37
2020-12-19,12,What You Know Bout Love,Pop Smoke,8,6,12
2020-12-19,13,Rockstar,DaBaby Featuring Roddy Ricch,10,1,34
2020-12-19,14,Life Is Good,Future Featuring Drake,12,2,45
2020-12-19,15,Said Sum,Moneybagg Yo,11,6,12
2020-12-26,1,Tequila Shots,Kid Cudi,-,1,1
2020-12-26,2,Mood,24kGoldn Featuring iann dior,2,1,18
2020-12-26,3,Body,Megan Thee Stallion,3,1,4
2020-12-26,4,She Knows This,Kid Cudi,-,4,1
2020-12-26,5,Lemonade,Internet Money & Gunna Featuring Don Toliver & Nav,5,1,16
2020-12-26,6,Show Out,"Kid Cudi , Skepta & Pop Smoke",-,6,1
2020-12-26,7,For The Night,Pop Smoke Featuring Lil Baby & DaBaby,6,2,24
2020-12-26,8,On Me,Lil Baby,1,1,2
2020-12-26,9,Whoopty,CJ,8,8,4
2020-12-26,10,Whats Poppin,"Jack Harlow Featuring DaBaby , Tory Lanez & Lil Wayne",11,2,38
2020-12-26,11,Another Day,Kid Cudi,-,11,1
2020-12-26,12,WAP,Cardi B Featuring Megan Thee Stallion,7,1,19
2020-12-26,13,Way Out,Jack Harlow Featuring Big Sean,-,13,1
2020-12-26,14,Holiday,Lil Nas X,9,7,5
2020-12-26,15,Dive,Kid Cudi,-,15,1
2021-01-02,1,Mood,24kGoldn Featuring iann dior,2,1,19
2021-01-02,2,Lemonade,Internet Money & Gunna Featuring Don Toliver & Nav,5,1,17
2021-01-02,3,For The Night,Pop Smoke Featuring Lil Baby & DaBaby,7,2,25
2021-01-02,4,Body,Megan Thee Stallion,3,1,5
2021-01-02,5,Whoopty,CJ,9,5,5
2021-01-02,6,On Me,Lil Baby,8,1,3
2021-01-02,7,WAP,Cardi B Featuring Megan Thee Stallion,12,1,20
2021-01-02,8,Gnat,Eminem,-,8,1
2021-01-02,9,What You Know Bout Love,Pop Smoke,-,6,13
2021-01-02,10,Whats Poppin,"Jack Harlow Featuring DaBaby , Tory Lanez & Lil Wayne",10,2,39
2021-01-02,11,Cry Baby,Megan Thee Stallion Featuring DaBaby,-,11,2
2021-01-02,12,Holiday,Lil Nas X,14,7,6
2021-01-02,13,Rockstar,DaBaby Featuring Roddy Ricch,-,1,35
2021-01-02,14,Laugh Now Cry Later,Drake Featuring Lil Durk,-,1,18
2021-01-02,15,Life Is Good,Future Featuring Drake,-,2,46
2021-01-09,1,Mood,24kGoldn Featuring iann dior,1,1,20
2021-01-09,2,Lemonade,Internet Money & Gunna Featuring Don Toliver & Nav,2,1,18
2021-01-09,3,Whoopty,CJ,5,3,6
2021-01-09,4,For The Night,Pop Smoke Featuring Lil Baby & DaBaby,3,2,26
2021-01-09,5,Body,Megan Thee Stallion,4,1,6
2021-01-09,6,On Me,Lil Baby,6,1,4
2021-01-09,7,What You Know Bout Love,Pop Smoke,9,6,14
2021-01-09,8,WAP,Cardi B Featuring Megan Thee Stallion,7,1,21
2021-01-09,9,Still Trappin',Lil Durk & King Von,-,9,1
2021-01-09,10,Rockstar,DaBaby Featuring Roddy Ricch,13,1,36
2021-01-09,11,Whats Poppin,"Jack Harlow Featuring DaBaby , Tory Lanez & Lil Wayne",10,2,40
2021-01-09,12,Life Is Good,Future Featuring Drake,15,2,47
2021-01-09,13,Laugh Now Cry Later,Drake Featuring Lil Durk,14,1,19
2021-01-09,14,Cry Baby,Megan Thee Stallion Featuring DaBaby,11,11,3
2021-01-09,15,Backdoor,Lil Durk,-,15,1
2021-01-16,1,Mood,24kGoldn Featuring iann dior,1,1,21
2021-01-16,2,Lemonade,Internet Money & Gunna Featuring Don Toliver & Nav,2,1,19
2021-01-16,3,Whoopty,CJ,3,3,7
2021-01-16,4,For The Night,Pop Smoke Featuring Lil Baby & DaBaby,4,2,27
2021-01-16,5,On Me,Lil Baby,6,1,5
2021-01-16,6,Body,Megan Thee Stallion,5,1,7
2021-01-16,7,What You Know Bout Love,Pop Smoke,7,6,15
2021-01-16,8,WAP,Cardi B Featuring Megan Thee Stallion,8,1,22
2021-01-16,9,Cry Baby,Megan Thee Stallion Featuring DaBaby,14,9,4
2021-01-16,10,Rockstar,DaBaby Featuring Roddy Ricch,10,1,37
2021-01-16,11,Life Is Good,Future Featuring Drake,12,2,48
2021-01-16,12,Whats Poppin,"Jack Harlow Featuring DaBaby , Tory Lanez & Lil Wayne",11,2,41
2021-01-16,13,Laugh Now Cry Later,Drake Featuring Lil Durk,13,1,20
2021-01-16,14,Still Trappin',Lil Durk & King Von,9,9,2
2021-01-16,15,Holiday,Lil Nas X,-,7,7
2021-01-23,1,Mood,24kGoldn Featuring iann dior,1,1,22
2021-01-23,2,Whoopty,CJ,3,2,8
2021-01-23,3,Lemonade,Internet Money & Gunna Featuring Don Toliver & Nav,2,1,20
2021-01-23,4,For The Night,Pop Smoke Featuring Lil Baby & DaBaby,4,2,28
2021-01-23,5,On Me,Lil Baby,5,1,6
2021-01-23,6,Best Friend,Saweetie Featuring Doja Cat,-,6,1
2021-01-23,7,Body,Megan Thee Stallion,6,1,8
2021-01-23,8,What You Know Bout Love,Pop Smoke,7,6,16
2021-01-23,9,Cry Baby,Megan Thee Stallion Featuring DaBaby,9,9,5
2021-01-23,10,WAP,Cardi B Featuring Megan Thee Stallion,8,1,23
2021-01-23,11,Life Is Good,Future Featuring Drake,11,2,49
2021-01-23,12,Rockstar,DaBaby Featuring Roddy Ricch,10,1,38
2021-01-23,13,Whats Poppin,"Jack Harlow Featuring DaBaby , Tory Lanez & Lil Wayne",12,2,42
2021-01-23,14,Laugh Now Cry Later,Drake Featuring Lil Durk,13,1,21
2021-01-23,15,Still Trappin',Lil Durk & King Von,14,9,3
2021-01-30,1,Bad Boy,Juice WRLD & Young Thug,-,1,1
2021-01-30,2,Mood,24kGoldn Featuring iann dior,1,1,23
2021-01-30,3,Whoopty,CJ,2,2,9
2021-01-30,4,For The Night,Pop Smoke Featuring Lil Baby & DaBaby,4,2,29
2021-01-30,5,On Me,Lil Baby,5,1,7
2021-01-30,6,Lemonade,Internet Money & Gunna Featuring Don Toliver & Nav,3,1,21
2021-01-30,7,Back In Blood,Pooh Shiesty Featuring Lil Durk,-,7,1
2021-01-30,8,What You Know Bout Love,Pop Smoke,8,6,17
2021-01-30,9,Body,Megan Thee Stallion,7,1,9
2021-01-30,10,Cry Baby,Megan Thee Stallion Featuring DaBaby,9,9,6
2021-01-30,11,WAP,Cardi B Featuring Megan Thee Stallion,10,1,24
2021-01-30,12,Life Is Good,Future Featuring Drake,11,2,50
2021-01-30,13,Rockstar,DaBaby Featuring Roddy Ricch,12,1,39
2021-01-30,14,Whats Poppin,"Jack Harlow Featuring DaBaby , Tory Lanez & Lil Wayne",13,2,43
2021-01-30,15,Laugh Now Cry Later,Drake Featuring Lil Durk,14,1,22
2021-02-06,1,Mood,24kGoldn Featuring iann dior,2,1,24
2021-02-06,2,Whoopty,CJ,3,2,10
2021-02-06,3,On Me,Lil Baby,5,1,8
2021-02-06,4,For The Night,Pop Smoke Featuring Lil Baby & DaBaby,4,2,30
2021-02-06,5,Lemonade,Internet Money & Gunna Featuring Don Toliver & Nav,6,1,22
2021-02-06,6,Back In Blood,Pooh Shiesty Featuring Lil Durk,7,6,2
2021-02-06,7,Throat Baby (Go Baby),BRS Kash,-,7,1
2021-02-06,8,What You Know Bout Love,Pop Smoke,8,6,18
2021-02-06,9,Life Is Good,Future Featuring Drake,12,2,51
2021-02-06,10,Body,Megan Thee Stallion,9,1,10
2021-02-06,11,WAP,Cardi B Featuring Megan Thee Stallion,11,1,25
2021-02-06,12,Bad Boy,Juice WRLD & Young Thug,1,1,2
2021-02-06,13,Whats Poppin,"Jack Harlow Featuring DaBaby , Tory Lanez & Lil Wayne",14,2,44
2021-02-06,14,Cry Baby,Megan Thee Stallion Featuring DaBaby,10,9,7
2021-02-06,15,Rockstar,DaBaby Featuring Roddy Ricch,13,1,40
2021-02-13,1,Mood,24kGoldn Featuring iann dior,1,1,25
2021-02-13,2,Whoopty,CJ,2,2,11
2021-02-13,3,Finesse Out The Gang Way,Lil Durk Featuring Lil Baby,-,3,1
2021-02-13,4,On Me,Lil Baby,3,1,9
2021-02-13,5,Back In Blood,Pooh Shiesty Featuring Lil Durk,6,5,3
2021-02-13,6,For The Night,Pop Smoke Featuring Lil Baby & DaBaby,4,2,31
2021-02-13,7,Lemonade,Internet Money & Gunna Featuring Don Toliver & Nav,5,1,23
2021-02-13,8,Should've Ducked,Lil Durk Featuring Pooh Shiesty,-,8,1
2021-02-13,9,What You Know Bout Love,Pop Smoke,8,6,19
2021-02-13,10,Life Is Good,Future Featuring Drake,9,2,52
2021-02-13,11,Cry Baby,Megan Thee Stallion Featuring DaBaby,14,9,8
2021-02-13,12,Throat Baby (Go Baby),BRS Kash,7,7,2
2021-02-13,13,Body,Megan Thee Stallion,10,1,11
2021-02-13,14,Whats Poppin,"Jack Harlow Featuring DaBaby , Tory Lanez & Lil Wayne",13,2,45
2021-02-13,15,Rockstar,DaBaby Featuring Roddy Ricch,15,1,41
2021-02-20,1,Up,Cardi B,-,1,1
2021-02-20,2,Back In Blood,Pooh Shiesty Featuring Lil Durk,5,2,4
2021-02-20,3,Mood,24kGoldn Featuring iann dior,1,1,26
2021-02-20,4,Time Today,Moneybagg Yo,-,4,1
2021-02-20,5,Whoopty,CJ,2,2,12
2021-02-20,6,Cry Baby,Megan Thee Stallion Featuring DaBaby,11,6,9
2021-02-20,7,On Me,Lil Baby,4,1,10
2021-02-20,8,For The Night,Pop Smoke Featuring Lil Baby & DaBaby,6,2,32
2021-02-20,9,Neighbors,Pooh Shiesty Featuring BIG30,-,9,1
2021-02-20,10,Lemonade,Internet Money & Gunna Featuring Don Toliver & Nav,7,1,24
2021-02-20,11,Life Is Good,Future Featuring Drake,10,2,53
2021-02-20,12,What You Know Bout Love,Pop Smoke,9,6,20
2021-02-20,13,Throat Baby (Go Baby),BRS Kash,12,7,3
2021-02-20,14,GNF (OKOKOK),Polo G,-,14,1
2021-02-20,15,Best Friend,Saweetie Featuring Doja Cat,-,6,2
2021-02-27,1,Calling My Phone,Lil Tjay Featuring 6LACK,-,1,1
2021-02-27,2,Up,Cardi B,1,1,2
2021-02-27,3,Back In Blood,Pooh Shiesty Featuring Lil Durk,2,2,5
2021-02-27,4,Mood,24kGoldn Featuring iann dior,3,1,27
2021-02-27,5,Whoopty,CJ,5,2,13
2021-02-27,6,On Me,Lil Baby,7,1,11
2021-02-27,7,For The Night,Pop Smoke Featuring Lil Baby & DaBaby,8,2,33
2021-02-27,8,Time Today,Moneybagg Yo,4,4,2
2021-02-27,9,Cry Baby,Megan Thee Stallion Featuring DaBaby,6,6,10
2021-02-27,10,Throat Baby (Go Baby),BRS Kash,13,7,4
2021-02-27,11,Life Is Good,Future Featuring Drake,11,2,54
2021-02-27,12,Lemonade,Internet Money & Gunna Featuring Don Toliver & Nav,10,1,25
2021-02-27,13,What You Know Bout Love,Pop Smoke,12,6,21
2021-02-27,14,Best Friend,Saweetie Featuring Doja Cat,15,6,3
2021-02-27,15,Beat Box,SpotemGottem Featuring Pooh Shiesty Or DaBaby,-,15,1
2021-03-06,1,Calling My Phone,Lil Tjay Featuring 6LACK,1,1,2
2021-03-06,2,Up,Cardi B,2,1,3
2021-03-06,3,Back In Blood,Pooh Shiesty Featuring Lil Durk,3,2,6
2021-03-06,4,No More Parties,Coi Leray Featuring Lil Durk,-,4,1
2021-03-06,5,Mood,24kGoldn Featuring iann dior,4,1,28
2021-03-06,6,On Me,Lil Baby,6,1,12
2021-03-06,7,Whoopty,CJ,5,2,14
2021-03-06,8,For The Night,Pop Smoke Featuring Lil Baby & DaBaby,7,2,34
2021-03-06,9,Time Today,Moneybagg Yo,8,4,3
2021-03-06,10,Throat Baby (Go Baby),BRS Kash,10,7,5
2021-03-06,11,What You Know Bout Love,Pop Smoke,13,6,22
2021-03-06,12,Cry Baby,Megan Thee Stallion Featuring DaBaby,9,6,11
2021-03-06,13,Best Friend,Saweetie Featuring Doja Cat,14,6,4
2021-03-06,14,Beat Box,SpotemGottem Featuring Pooh Shiesty Or DaBaby,15,14,2
2021-03-06,15,Life Is Good,Future Featuring Drake,11,2,55
2021-03-13,1,Up,Cardi B,2,1,4
2021-03-13,2,Calling My Phone,Lil Tjay Featuring 6LACK,1,1,3
2021-03-13,3,Back In Blood,Pooh Shiesty Featuring Lil Durk,3,2,7
2021-03-13,4,Beat Box,SpotemGottem Featuring Pooh Shiesty Or DaBaby,14,4,3
2021-03-13,5,Mood,24kGoldn Featuring iann dior,5,1,29
2021-03-13,6,No More Parties,Coi Leray Featuring Lil Durk,4,4,2
2021-03-13,7,On Me,Lil Baby,6,1,13
2021-03-13,8,For The Night,Pop Smoke Featuring Lil Baby & DaBaby,8,2,35
2021-03-13,9,Time Today,Moneybagg Yo,9,4,4
2021-03-13,10,Throat Baby (Go Baby),BRS Kash,10,7,6
2021-03-13,11,Whoopty,CJ,7,2,15
2021-03-13,12,Best Friend,Saweetie Featuring Doja Cat,13,6,5
2021-03-13,13,What You Know Bout Love,Pop Smoke,11,6,23
2021-03-13,14,Life Is Good,Future Featuring Drake,15,2,56
2021-03-13,15,Cry Baby,Megan Thee Stallion Featuring DaBaby,12,6,12
2021-03-20,1,What's Next,Drake,-,1,1
2021-03-20,2,Wants And Needs,Drake Featuring Lil Baby,-,2,1
2021-03-20,3,Lemon Pepper Freestyle,Drake Featuring Rick Ross,-,3,1
2021-03-20,4,Up,Cardi B,1,1,5
2021-03-20,5,Calling My Phone,Lil Tjay Featuring 6LACK,2,1,4
2021-03-20,6,Back In Blood,Pooh Shiesty Featuring Lil Durk,3,2,8
2021-03-20,7,Beat Box,SpotemGottem Featuring Pooh Shiesty Or DaBaby,4,4,4
2021-03-20,8,Real As It Gets,Lil Baby Featuring EST Gee,-,8,1
2021-03-20,9,No More Parties,Coi Leray Featuring Lil Durk,6,4,3
2021-03-20,10,On Me,Lil Baby,7,1,14
2021-03-20,11,Mood,24kGoldn Featuring iann dior,5,1,30
2021-03-20,12,Best Friend,Saweetie Featuring Doja Cat,12,6,6
2021-03-20,13,For The Night,Pop Smoke Featuring Lil Baby & DaBaby,8,2,36
2021-03-20,14,Time Today,Moneybagg Yo,9,4,5
2021-03-20,15,Astronaut In The Ocean,Masked Wolf,-,15,1
2021-03-27,1,What's Next,Drake,1,1,2
2021-03-27,2,Wants And Needs,Drake Featuring Lil Baby,2,2,2
2021-03-27,3,Up,Cardi B,4,1,6
2021-03-27,4,Back In Blood,Pooh Shiesty Featuring Lil Durk,6,2,9
2021-03-27,5,Calling My Phone,Lil Tjay Featuring 6LACK,5,1,5
2021-03-27,6,Beat Box,SpotemGottem Featuring Pooh Shiesty Or DaBaby,7,4,5
2021-03-27,7,Lemon Pepper Freestyle,Drake Featuring Rick Ross,3,3,2
2021-03-27,8,No More Parties,Coi Leray Featuring Lil Durk,9,4,4
2021-03-27,9,Street Runner,Rod Wave,-,9,1
2021-03-27,10,On Me,Lil Baby,10,1,15
2021-03-27,11,Astronaut In The Ocean,Masked Wolf,15,11,2
2021-03-27,12,Mood,24kGoldn Featuring iann dior,11,1,31
2021-03-27,13,Time Today,Moneybagg Yo,14,4,6
2021-03-27,14,Best Friend,Saweetie Featuring Doja Cat,12,6,7
2021-03-27,15,For The Night,Pop Smoke Featuring Lil Baby & DaBaby,13,2,37
2021-04-03,1,Up,Cardi B,3,1,7
2021-04-03,2,What's Next,Drake,1,1,3
2021-04-03,3,Back In Blood,Pooh Shiesty Featuring Lil Durk,4,2,10
2021-04-03,4,Wants And Needs,Drake Featuring Lil Baby,2,2,3
2021-04-03,5,Calling My Phone,Lil Tjay Featuring 6LACK,5,1,6
2021-04-03,6,Street Runner,Rod Wave,9,6,2
2021-04-03,7,Beat Box,SpotemGottem Featuring Pooh Shiesty Or DaBaby,6,4,6
2021-04-03,8,Headshot,"Lil Tjay , Polo G & Fivio Foreign",-,8,1
2021-04-03,9,Astronaut In The Ocean,Masked Wolf,11,9,3
2021-04-03,10,No More Parties,Coi Leray Featuring Lil Durk,8,4,5
2021-04-03,11,On Me,Lil Baby,10,1,16
2021-04-03,12,Lemon Pepper Freestyle,Drake Featuring Rick Ross,7,3,3
2021-04-03,13,Mood,24kGoldn Featuring iann dior,12,1,32
2021-04-03,14,Whoopty,CJ,-,2,16
2021-04-03,15,Time Today,Moneybagg Yo,13,4,7
2021-04-10,1,Tombstone,Rod Wave,-,1,1
2021-04-10,2,Up,Cardi B,1,1,8
2021-04-10,3,Street Runner,Rod Wave,6,3,3
2021-04-10,4,Richer,Rod Wave Featuring Polo G,-,4,1
2021-04-10,5,Back In Blood,Pooh Shiesty Featuring Lil Durk,3,2,11
2021-04-10,6,Calling My Phone,Lil Tjay Featuring 6LACK,5,1,7
2021-04-10,7,Astronaut In The Ocean,Masked Wolf,9,7,4
2021-04-10,8,What's Next,Drake,2,1,4
2021-04-10,9,Wants And Needs,Drake Featuring Lil Baby,4,2,4
2021-04-10,10,Beat Box,SpotemGottem Featuring Pooh Shiesty Or DaBaby,7,4,7
2021-04-10,11,No More Parties,Coi Leray Featuring Lil Durk,10,4,6
2021-04-10,12,On Me,Lil Baby,11,1,17
2021-04-10,13,Hard For The Next,Moneybagg Yo & Future,-,13,1
2021-04-10,14,Whoopty,CJ,14,2,17
2021-04-10,15,SoulFly,Rod Wave,-,15,1
2021-04-17,1,Up,Cardi B,2,1,9
2021-04-17,2,Calling My Phone,Lil Tjay Featuring 6LACK,6,1,8
2021-04-17,3,Astronaut In The Ocean,Masked Wolf,7,3,5
2021-04-17,4,Back In Blood,Pooh Shiesty Featuring Lil Durk,5,2,12
2021-04-17,5,Beat Box,SpotemGottem Featuring Pooh Shiesty Or DaBaby,10,4,8
2021-04-17,6,Tombstone,Rod Wave,1,1,2
2021-04-17,7,What's Next,Drake,8,1,5
2021-04-17,8,Street Runner,Rod Wave,3,3,4
2021-04-17,9,Wants And Needs,Drake Featuring Lil Baby,9,2,5
2021-04-17,10,Richer,Rod Wave Featuring Polo G,4,4,2
2021-04-17,11,No More Parties,Coi Leray Featuring Lil Durk,11,4,7
2021-04-17,12,Run It Up,Lil Tjay Featuring Offset & Moneybagg Yo,-,12,1
2021-04-17,13,Best Friend,Saweetie Featuring Doja Cat,-,6,8
2021-04-17,14,On Me,Lil Baby,12,1,18
2021-04-17,15,Headshot,"Lil Tjay , Polo G & Fivio Foreign",-,8,2
2021-04-24,1,Rapstar,Polo G,-,1,1
2021-04-24,2,Beat Box,SpotemGottem Featuring Pooh Shiesty Or DaBaby,5,2,9
2021-04-24,3,Calling My Phone,Lil Tjay Featuring 6LACK,2,1,9
2021-04-24,4,Up,Cardi B,1,1,10
2021-04-24,5,Astronaut In The Ocean,Masked Wolf,3,3,6
2021-04-24,6,Back In Blood,Pooh Shiesty Featuring Lil Durk,4,2,13
2021-04-24,7,Ruff Ryders' Anthem,DMX,-,7,7
2021-04-24,8,Tombstone,Rod Wave,6,1,3
2021-04-24,9,What's Next,Drake,7,1,6
2021-04-24,10,Wants And Needs,Drake Featuring Lil Baby,9,2,6
2021-04-24,11,Richer,Rod Wave Featuring Polo G,10,4,3
2021-04-24,12,Street Runner,Rod Wave,8,3,5
2021-04-24,13,On Me,Lil Baby,14,1,19
2021-04-24,14,No More Parties,Coi Leray Featuring Lil Durk,11,4,8
2021-04-24,15,Best Friend,Saweetie Featuring Doja Cat,13,6,9
2021-05-01,1,Rapstar,Polo G,1,1,2
2021-05-01,2,Solid,Young Thug & Gunna Featuring Drake,-,2,1
2021-05-01,3,Astronaut In The Ocean,Masked Wolf,5,3,7
2021-05-01,4,Ski,Young Thug & Gunna,-,4,1
2021-05-01,5,Beat Box,SpotemGottem Featuring Pooh Shiesty Or DaBaby,2,2,10
2021-05-01,6,Up,Cardi B,4,1,11
2021-05-01,7,Calling My Phone,Lil Tjay Featuring 6LACK,3,1,10
2021-05-01,8,Back In Blood,Pooh Shiesty Featuring Lil Durk,6,2,14
2021-05-01,9,Wants And Needs,Drake Featuring Lil Baby,10,2,7
2021-05-01,10,Diamonds Dancing,Young Thug & Gunna Featuring Travis Scott,-,10,1
2021-05-01,11,Tombstone,Rod Wave,8,1,4
2021-05-01,12,On Me,Lil Baby,13,1,20
2021-05-01,13,Best Friend,Saweetie Featuring Doja Cat,15,6,10
2021-05-01,14,What's Next,Drake,9,1,7
2021-05-01,15,Street Runner,Rod Wave,12,3,6
2021-05-08,1,Rapstar,Polo G,1,1,3
2021-05-08,2,Astronaut In The Ocean,Masked Wolf,3,2,8
2021-05-08,3,Beat Box,SpotemGottem Featuring Pooh Shiesty Or DaBaby,5,2,11
2021-05-08,4,Up,Cardi B,6,1,12
2021-05-08,5,Calling My Phone,Lil Tjay Featuring 6LACK,7,1,11
2021-05-08,6,Shottas (Lala),Moneybagg Yo,-,6,1
2021-05-08,7,Solid,Young Thug & Gunna Featuring Drake,2,2,2
2021-05-08,8,On Me,Lil Baby,12,1,21
2021-05-08,9,Back In Blood,Pooh Shiesty Featuring Lil Durk,8,2,15
2021-05-08,10,Wants And Needs,Drake Featuring Lil Baby,9,2,8
2021-05-08,11,Ski,Young Thug & Gunna,4,4,2
2021-05-08,12,Time Today,Moneybagg Yo,-,4,8
2021-05-08,13,Go!,Moneybagg Yo Featuring BIG30,-,13,1
2021-05-08,14,Best Friend,Saweetie Featuring Doja Cat,13,6,11
2021-05-08,15,Hard For The Next,Moneybagg Yo & Future,-,13,2
2021-05-15,1,Rapstar,Polo G,1,1,4
2021-05-15,2,Astronaut In The Ocean,Masked Wolf,2,2,9
2021-05-15,3,Every Chance I Get,DJ Khaled Featuring Lil Baby & Lil Durk,-,3,1
2021-05-15,4,Beat Box,SpotemGottem Featuring Pooh Shiesty Or DaBaby,3,2,12
2021-05-15,5,On Me,Lil Baby,8,1,22
2021-05-15,6,Calling My Phone,Lil Tjay Featuring 6LACK,5,1,12
2021-05-15,7,Up,Cardi B,4,1,13
2021-05-15,8,Back In Blood,Pooh Shiesty Featuring Lil Durk,9,2,16
2021-05-15,9,Wants And Needs,Drake Featuring Lil Baby,10,2,9
2021-05-15,10,Sorry Not Sorry,"DJ Khaled Featuring Nas , Jay-Z & James Fauntleroy",-,10,1
2021-05-15,11,I Did It,"DJ Khaled Featuring Post Malone , Megan Thee Stallion , Lil Baby & DaBaby",-,11,1
2021-05-15,12,Solid,Young Thug & Gunna Featuring Drake,7,2,3
2021-05-15,13,Best Friend,Saweetie Featuring Doja Cat,14,6,12
2021-05-15,14,Time Today,Moneybagg Yo,12,4,9
2021-05-15,15,Ski,Young Thug & Gunna,11,4,3
2021-05-22,1,interlude,J. Cole,-,1,1
2021-05-22,2,Rapstar,Polo G,1,1,5
2021-05-22,3,Miss The Rage,Trippie Redd & Playboi Carti,-,3,1
2021-05-22,4,Astronaut In The Ocean,Masked Wolf,2,2,10
2021-05-22,5,Every Chance I Get,DJ Khaled Featuring Lil Baby & Lil Durk,3,3,2
2021-05-22,6,Beat Box,SpotemGottem Featuring Pooh Shiesty Or DaBaby,4,2,13
2021-05-22,7,Calling My Phone,Lil Tjay Featuring 6LACK,6,1,13
2021-05-22,8,Wants And Needs,Drake Featuring Lil Baby,9,2,10
2021-05-22,9,Wockesha,Moneybagg Yo,-,9,1
2021-05-22,10,Up,Cardi B,7,1,14
2021-05-22,11,Back In Blood,Pooh Shiesty Featuring Lil Durk,8,2,17
2021-05-22,12,On Me,Lil Baby,5,1,23
2021-05-22,13,Never Left,Lil Tecca,-,13,1
2021-05-22,14,Time Today,Moneybagg Yo,14,4,10
2021-05-22,15,Best Friend,Saweetie Featuring Doja Cat,13,6,13
2021-05-29,1,my.life,"J. Cole , 21 Savage & Morray",-,1,1
2021-05-29,2,amari,J. Cole,-,2,1
2021-05-29,3,pride.is.the.devil,J. Cole & Lil Baby,-,3,1
2021-05-29,4,95.south,J. Cole,-,4,1
2021-05-29,5,applying.pressure,J. Cole,-,5,1
2021-05-29,6,100.mil',J. Cole & BAS,-,6,1
2021-05-29,7,interlude,J. Cole,1,1,2
2021-05-29,8,let.go.my.hand,"J. Cole , BAS & 6LACK",-,8,1
2021-05-29,9,punchin'.the.clock,J. Cole,-,9,1
2021-05-29,10,Rapstar,Polo G,2,1,6
2021-05-29,11,Seeing Green,"Nicki Minaj , Drake & Lil Wayne",-,11,1
2021-05-29,12,the.climb.back,J. Cole,-,12,2
2021-05-29,13,Astronaut In The Ocean,Masked Wolf,4,2,11
2021-05-29,14,hunger.on.hillside,J. Cole & BAS,-,14,1
2021-05-29,15,close,J. Cole,-,15,1
2021-06-05,1,Rapstar,Polo G,10,1,7
2021-06-05,2,my.life,"J. Cole , 21 Savage & Morray",1,1,2
2021-06-05,3,Astronaut In The Ocean,Masked Wolf,13,2,12
2021-06-05,4,pride.is.the.devil,J. Cole & Lil Baby,3,3,2
2021-06-05,5,Gang Gang,Polo G & Lil Wayne,-,5,1
2021-06-05,6,Wockesha,Moneybagg Yo,-,6,2
2021-06-05,7,amari,J. Cole,2,2,2
2021-06-05,8,Beat Box,SpotemGottem Featuring Pooh Shiesty Or DaBaby,-,2,14
2021-06-05,9,Every Chance I Get,DJ Khaled Featuring Lil Baby & Lil Durk,-,3,3
2021-06-05,10,Wants And Needs,Drake Featuring Lil Baby,-,2,11
2021-06-05,11,Calling My Phone,Lil Tjay Featuring 6LACK,-,1,14
2021-06-05,12,Seeing Green,"Nicki Minaj , Drake & Lil Wayne",11,11,2
2021-06-05,13,Up,Cardi B,-,1,15
2021-06-05,14,Back In Blood,Pooh Shiesty Featuring Lil Durk,-,2,18
2021-06-05,15,Twerkulator,City Girls,-,15,1
2021-06-12,1,Rapstar,Polo G,1,1,8
2021-06-12,2,Astronaut In The Ocean,Masked Wolf,3,2,13
2021-06-12,3,Wockesha,Moneybagg Yo,6,3,3
2021-06-12,4,my.life,"J. Cole , 21 Savage & Morray",2,1,3
2021-06-12,5,Wants And Needs,Drake Featuring Lil Baby,10,2,12
2021-06-12,6,Every Chance I Get,DJ Khaled Featuring Lil Baby & Lil Durk,9,3,4
2021-06-12,7,Beat Box,SpotemGottem Featuring Pooh Shiesty Or DaBaby,8,2,15
2021-06-12,8,pride.is.the.devil,J. Cole & Lil Baby,4,3,3
2021-06-12,9,Calling My Phone,Lil Tjay Featuring 6LACK,11,1,15
2021-06-12,10,Back In Blood,Pooh Shiesty Featuring Lil Durk,14,2,19
2021-06-12,11,Up,Cardi B,13,1,16
2021-06-12,12,Miss The Rage,Trippie Redd & Playboi Carti,-,3,2
2021-06-12,13,Gang Gang,Polo G & Lil Wayne,5,5,2
2021-06-12,14,amari,J. Cole,7,2,3
2021-06-12,15,Best Friend,Saweetie Featuring Doja Cat,-,6,14
2021-06-19,1,Hats Off,"Lil Baby , Lil Durk & Travis Scott",-,1,1
2021-06-19,2,Rapstar,Polo G,1,1,9
2021-06-19,3,Voice Of The Heroes,Lil Baby & Lil Durk,-,3,1
2021-06-19,4,Late At Night,Roddy Ricch,-,4,1
2021-06-19,5,Astronaut In The Ocean,Masked Wolf,2,2,14
2021-06-19,6,2040,Lil Baby & Lil Durk,-,6,1
2021-06-19,7,How It Feels,Lil Baby & Lil Durk,-,7,1
2021-06-19,8,Wants And Needs,Drake Featuring Lil Baby,5,2,13
2021-06-19,9,Wockesha,Moneybagg Yo,3,3,4
2021-06-19,10,Still Runnin,"Lil Baby , Lil Durk & Meek Mill",-,10,1
2021-06-19,11,Who I Want,Lil Baby & Lil Durk,-,11,1
2021-06-19,12,Beat Box,SpotemGottem Featuring Pooh Shiesty Or DaBaby,7,2,16
2021-06-19,13,Every Chance I Get,DJ Khaled Featuring Lil Baby & Lil Durk,6,3,5
2021-06-19,14,Still Hood,Lil Baby & Lil Durk,-,14,1
2021-06-19,15,Okay,Lil Baby & Lil Durk,-,15,1
2021-06-26,1,Rapstar,Polo G,2,1,10
2021-06-26,2,Having Our Way,Migos Featuring Drake,-,2,1
2021-06-26,3,Thot Shit,Megan Thee Stallion,-,3,1
2021-06-26,4,Astronaut In The Ocean,Masked Wolf,5,2,15
2021-06-26,5,Wants And Needs,Drake Featuring Lil Baby,8,2,14
2021-06-26,6,No Return,Polo G Featuring The Kid Laroi & Lil Durk,-,6,1
2021-06-26,7,Avalanche,Migos,-,7,1
2021-06-26,8,Straightenin,Migos,-,8,1
2021-06-26,9,Wockesha,Moneybagg Yo,9,3,5
2021-06-26,10,Gang Gang,Polo G & Lil Wayne,-,5,3
2021-06-26,11,Black Hearted,Polo G,-,11,1
2021-06-26,12,Hats Off,"Lil Baby , Lil Durk & Travis Scott",1,1,2
2021-06-26,13,Late At Night,Roddy Ricch,4,4,2
2021-06-26,14,Painting Pictures,Polo G,-,14,1
2021-06-26,15,Every Chance I Get,DJ Khaled Featuring Lil Baby & Lil Durk,13,3,6
2021-07-03,1,Rapstar,Polo G,1,1,11
2021-07-03,2,Astronaut In The Ocean,Masked Wolf,4,2,16
2021-07-03,3,Wants And Needs,Drake Featuring Lil Baby,5,2,15
2021-07-03,4,Thot Shit,Megan Thee Stallion,3,3,2
2021-07-03,5,Ball If I Want To,DaBaby,-,5,1
2021-07-03,6,Wockesha,Moneybagg Yo,9,3,6
2021-07-03,7,Having Our Way,Migos Featuring Drake,2,2,2
2021-07-03,8,Every Chance I Get,DJ Khaled Featuring Lil Baby & Lil Durk,15,3,7
2021-07-03,9,Late At Night,Roddy Ricch,13,4,3
2021-07-03,10,Hats Off,"Lil Baby , Lil Durk & Travis Scott",12,1,3
2021-07-03,11,Beat Box,SpotemGottem Featuring Pooh Shiesty Or DaBaby,-,2,17
2021-07-03,12,Calling My Phone,Lil Tjay Featuring 6LACK,-,1,16
2021-07-03,13,Straightenin,Migos,8,8,2
2021-07-03,14,Best Friend,Saweetie Featuring Doja Cat,-,6,15
2021-07-03,15,Back In Blood,Pooh Shiesty Featuring Lil Durk,-,2,20
2021-07-10,1,WUSYANAME,"Tyler, The Creator Featuring YoungBoy Never Broke Again & Ty Dolla $ign",-,1,1
2021-07-10,2,Rapstar,Polo G,1,1,12
2021-07-10,3,Ain't Shit,Doja Cat,-,3,1
2021-07-10,4,Thot Shit,Megan Thee Stallion,4,3,3
2021-07-10,5,Astronaut In The Ocean,Masked Wolf,2,2,17
2021-07-10,6,Wants And Needs,Drake Featuring Lil Baby,3,2,16
2021-07-10,7,Juggernaut,"Tyler, The Creator Featuring Lil Uzi Vert & Pharrell Williams",-,7,1
2021-07-10,8,Lemonhead,"Tyler, The Creator Featuring 42 Dugg",-,8,1
2021-07-10,9,Lumberjack,"Tyler, The Creator",-,9,1
2021-07-10,10,Hot Wind Blows,"Tyler, The Creator Featuring Lil Wayne",-,10,1
2021-07-10,11,Red Light Green Light,DaBaby,-,11,1
2021-07-10,12,Every Chance I Get,DJ Khaled Featuring Lil Baby & Lil Durk,8,3,8
2021-07-10,13,Wockesha,Moneybagg Yo,6,3,7
2021-07-10,14,Corso,"Tyler, The Creator",-,14,1
2021-07-10,15,Ball If I Want To,DaBaby,5,5,2
2021-07-17,1,Astronaut In The Ocean,Masked Wolf,5,1,18
2021-07-17,2,Thot Shit,Megan Thee Stallion,4,2,4
2021-07-17,3,Rapstar,Polo G,2,1,13
2021-07-17,4,Every Chance I Get,DJ Khaled Featuring Lil Baby & Lil Durk,12,3,9
2021-07-17,5,Wants And Needs,Drake Featuring Lil Baby,6,2,17
2021-07-17,6,Ain't Shit,Doja Cat,3,3,2
2021-07-17,7,Wockesha,Moneybagg Yo,13,3,8
2021-07-17,8,WUSYANAME,"Tyler, The Creator Featuring YoungBoy Never Broke Again & Ty Dolla $ign",1,1,2
2021-07-17,9,Ball If I Want To,DaBaby,15,5,3
2021-07-17,10,Red Light Green Light,DaBaby,11,10,2
2021-07-17,11,Late At Night,Roddy Ricch,-,4,4
2021-07-17,12,Beat Box,SpotemGottem Featuring Pooh Shiesty Or DaBaby,-,2,18
2021-07-17,13,Hats Off,"Lil Baby , Lil Durk & Travis Scott",-,1,4
2021-07-17,14,Calling My Phone,Lil Tjay Featuring 6LACK,-,1,17
2021-07-17,15,Best Friend,Saweetie Featuring Doja Cat,-,6,16
2021-07-24,1,Motley Crew,Post Malone,-,1,1
2021-07-24,2,Whole Lotta Money,Bia Featuring Nicki Minaj,-,2,1
2021-07-24,3,Astronaut In The Ocean,Masked Wolf,1,1,19
2021-07-24,4,Rapstar,Polo G,3,1,14
2021-07-24,5,Ain't Shit,Doja Cat,6,3,3
2021-07-24,6,Thot Shit,Megan Thee Stallion,2,2,5
2021-07-24,7,Wants And Needs,Drake Featuring Lil Baby,5,2,18
2021-07-24,8,Every Chance I Get,DJ Khaled Featuring Lil Baby & Lil Durk,4,3,10
2021-07-24,9,Wockesha,Moneybagg Yo,7,3,9
2021-07-24,10,Ball If I Want To,DaBaby,9,5,4
2021-07-24,11,Late At Night,Roddy Ricch,11,4,5
2021-07-24,12,Red Light Green Light,DaBaby,10,10,3
2021-07-24,13,WUSYANAME,"Tyler, The Creator Featuring YoungBoy Never Broke Again & Ty Dolla $ign",8,1,3
2021-07-24,14,Hats Off,"Lil Baby , Lil Durk & Travis Scott",13,1,5
2021-07-24,15,Beat Box,SpotemGottem Featuring Pooh Shiesty Or DaBaby,12,2,19
2021-07-31,1,Ain't Shit,Doja Cat,5,1,4
2021-07-31,2,Astronaut In The Ocean,Masked Wolf,3,1,20
2021-07-31,3,Motley Crew,Post Malone,1,1,2
2021-07-31,4,Rapstar,Polo G,4,1,15
2021-07-31,5,Thot Shit,Megan Thee Stallion,6,2,6
2021-07-31,6,Every Chance I Get,DJ Khaled Featuring Lil Baby & Lil Durk,8,3,11
2021-07-31,7,Wants And Needs,Drake Featuring Lil Baby,7,2,19
2021-07-31,8,Tell The Vision,Pop Smoke Featuring Kanye West & Pusha T,-,8,1
2021-07-31,9,Whole Lotta Money,Bia Featuring Nicki Minaj,2,2,2
2021-07-31,10,Holy Smokes,Trippie Redd Featuring Lil Uzi Vert,-,10,1
2021-07-31,11,Bout A Million,Pop Smoke Featuring 21 Savage & 42 Dugg,-,11,1
2021-07-31,12,Wockesha,Moneybagg Yo,9,3,10
2021-07-31,13,Ball If I Want To,DaBaby,10,5,5
2021-07-31,14,Late At Night,Roddy Ricch,11,4,6
2021-07-31,15,Mr. Jones,Pop Smoke Featuring Future,-,15,1
2021-08-07,1,Industry Baby,Lil Nas X & Jack Harlow,-,1,1
2021-08-07,2,Ain't Shit,Doja Cat,1,1,5
2021-08-07,3,Rapstar,Polo G,4,1,16
2021-08-07,4,Not Sober,The Kid Laroi Featuring Polo G & Stunna Gambino,-,4,1
2021-08-07,5,Astronaut In The Ocean,Masked Wolf,2,1,21
2021-08-07,6,Motley Crew,Post Malone,3,1,3
2021-08-07,7,Thot Shit,Megan Thee Stallion,5,2,7
2021-08-07,8,Every Chance I Get,DJ Khaled Featuring Lil Baby & Lil Durk,6,3,12
2021-08-07,9,Wants And Needs,Drake Featuring Lil Baby,7,2,20
2021-08-07,10,Over The Top,Smiley Featuring Drake,-,10,1
2021-08-07,11,Whole Lotta Money,Bia Featuring Nicki Minaj,9,2,3
2021-08-07,12,2055,Sleepy Hallow,-,12,1
2021-08-07,13,Wockesha,Moneybagg Yo,12,3,11
2021-08-07,14,Ball If I Want To,DaBaby,13,5,6
2021-08-07,15,Late At Night,Roddy Ricch,14,4,7
2021-08-14,1,Industry Baby,Lil Nas X & Jack Harlow,1,1,2
2021-08-14,2,Ain't Shit,Doja Cat,2,1,6
2021-08-14,3,Rapstar,Polo G,3,1,17
2021-08-14,4,Astronaut In The Ocean,Masked Wolf,5,1,22
2021-08-14,5,2055,Sleepy Hallow,12,5,2
2021-08-14,6,Every Chance I Get,DJ Khaled Featuring Lil Baby & Lil Durk,8,3,13
2021-08-14,7,Wants And Needs,Drake Featuring Lil Baby,9,2,21
2021-08-14,8,Thot Shit,Megan Thee Stallion,7,2,8
2021-08-14,9,Motley Crew,Post Malone,6,1,4
2021-08-14,10,Wockesha,Moneybagg Yo,13,3,12
2021-08-14,11,Whole Lotta Money,Bia Featuring Nicki Minaj,11,2,4
2021-08-14,12,Late At Night,Roddy Ricch,15,4,8
2021-08-14,13,Not Sober,The Kid Laroi Featuring Polo G & Stunna Gambino,4,4,2
2021-08-14,14,Over The Top,Smiley Featuring Drake,10,10,2
2021-08-14,15,Ball If I Want To,DaBaby,14,5,7
2021-08-21,1,Industry Baby,Lil Nas X & Jack Harlow,1,1,3
2021-08-21,2,Ain't Shit,Doja Cat,2,1,7
2021-08-21,3,Rapstar,Polo G,3,1,18
2021-08-21,4,2055,Sleepy Hallow,5,4,3
2021-08-21,5,Astronaut In The Ocean,Masked Wolf,4,1,23
2021-08-21,6,Every Chance I Get,DJ Khaled Featuring Lil Baby & Lil Durk,6,3,14
2021-08-21,7,Wants And Needs,Drake Featuring Lil Baby,7,2,22
2021-08-21,8,Thot Shit,Megan Thee Stallion,8,2,9
2021-08-21,9,Wockesha,Moneybagg Yo,10,3,13
2021-08-21,10,Motley Crew,Post Malone,9,1,5
2021-08-21,11,SUVs (Black On Black),Jack Harlow & Pooh Shiesty,-,11,1
2021-08-21,12,Whole Lotta Money,Bia Featuring Nicki Minaj,11,2,5
2021-08-21,13,Late At Night,Roddy Ricch,12,4,9
2021-08-21,14,Sunflower (Spider-Man: Into The Spider-Verse),Post Malone & Swae Lee,-,1,62
2021-08-21,15,Repeat It,Lil Tecca & Gunna,-,15,1
2021-08-28,1,Industry Baby,Lil Nas X & Jack Harlow,1,1,4
2021-08-28,2,Rumors,Lizzo Featuring Cardi B,-,2,1
2021-08-28,3,2055,Sleepy Hallow,4,3,4
2021-08-28,4,Rapstar,Polo G,3,1,19
2021-08-28,5,Every Chance I Get,DJ Khaled Featuring Lil Baby & Lil Durk,6,3,15
2021-08-28,6,Astronaut In The Ocean,Masked Wolf,5,1,24
2021-08-28,7,Ain't Shit,Doja Cat,2,1,8
2021-08-28,8,Wants And Needs,Drake Featuring Lil Baby,7,2,23
2021-08-28,9,Thot Shit,Megan Thee Stallion,8,2,10
2021-08-28,10,Wockesha,Moneybagg Yo,9,3,14
2021-08-28,11,Motley Crew,Post Malone,10,1,6
2021-08-28,12,Late At Night,Roddy Ricch,13,4,10
2021-08-28,13,Whole Lotta Money,Bia Featuring Nicki Minaj,12,2,6
2021-08-28,14,Get Into It (Yuh),Doja Cat,-,14,1
2021-08-28,15,Sunflower (Spider-Man: Into The Spider-Verse),Post Malone & Swae Lee,14,1,63
2021-09-04,1,Industry Baby,Lil Nas X & Jack Harlow,1,1,5
2021-09-04,2,Matt Hardy 999,Trippie Redd Featuring Juice WRLD,-,2,1
2021-09-04,3,2055,Sleepy Hallow,3,3,5
2021-09-04,4,Rumors,Lizzo Featuring Cardi B,2,2,2
2021-09-04,5,Rich MF,Trippie Redd Featuring Lil Durk & Polo G,-,5,1
2021-09-04,6,Already Won,Rod Wave Featuring Lil Durk,-,6,1
2021-09-04,7,Astronaut In The Ocean,Masked Wolf,6,1,25
2021-09-04,8,Every Chance I Get,DJ Khaled Featuring Lil Baby & Lil Durk,5,3,16
2021-09-04,9,Rapstar,Polo G,4,1,20
2021-09-04,10,Ain't Shit,Doja Cat,7,1,9
2021-09-04,11,Wants And Needs,Drake Featuring Lil Baby,8,2,24
2021-09-04,12,Betrayal,Trippie Redd Featuring Drake,-,12,1
2021-09-04,13,Get Into It (Yuh),Doja Cat,14,13,2
2021-09-04,14,Thot Shit,Megan Thee Stallion,9,2,11
2021-09-04,15,Holy Smokes,Trippie Redd Featuring Lil Uzi Vert,-,10,2
2021-09-11,1,Hurricane,Kanye West,-,1,1
2021-09-11,2,Jail,Kanye West,-,2,1
2021-09-11,3,Off The Grid,Kanye West,-,3,1
2021-09-11,4,Ok Ok,Kanye West,-,4,1
2021-09-11,5,Industry Baby,Lil Nas X & Jack Harlow,1,1,6
2021-09-11,6,Junya,Kanye West,-,6,1
2021-09-11,7,Moon,Kanye West,-,7,1
2021-09-11,8,Family Ties,Baby Keem & Kendrick Lamar,-,8,1
2021-09-11,9,Praise God,Kanye West,-,9,1
2021-09-11,10,Sharing Locations,Meek Mill Featuring Lil Baby & Lil Durk,-,10,1
2021-09-11,11,Jesus Lord,Kanye West,-,11,1
2021-09-11,12,Jonah,Kanye West,-,12,1
2021-09-11,13,Believe What I Say,Kanye West,-,13,1
2021-09-11,14,God Breathed,Kanye West,-,14,1
2021-09-11,15,Remote Control,Kanye West,-,15,1
2021-09-18,1,Way 2 Sexy,Drake Featuring Future & Young Thug,-,1,1
2021-09-18,2,Girls Want Girls,Drake Featuring Lil Baby,-,2,1
2021-09-18,3,Fair Trade,Drake Featuring Travis Scott,-,3,1
2021-09-18,4,Champagne Poetry,Drake,-,4,1
2021-09-18,5,Knife Talk,Drake Featuring 21 Savage & Project Pat,-,5,1
2021-09-18,6,In The Bible,Drake Featuring Lil Durk & Giveon,-,6,1
2021-09-18,7,Papi's Home,Drake,-,7,1
2021-09-18,8,TSU,Drake,-,8,1
2021-09-18,9,Love All,Drake Featuring Jay-Z,-,9,1
2021-09-18,10,No Friends In The Industry,Drake,-,10,1
2021-09-18,11,N 2 Deep,Drake Featuring Future,-,11,1
2021-09-18,12,Pipe Down,Drake,-,12,1
2021-09-18,13,7am On Bridle Path,Drake,-,13,1
2021-09-18,14,IMY2,Drake Featuring Kid Cudi,-,14,1
2021-09-18,15,You Only Live Twice,Drake Featuring Lil Wayne & Rick Ross,-,15,1
2021-09-25,1,Way 2 Sexy,Drake Featuring Future & Young Thug,1,1,2
2021-09-25,2,Knife Talk,Drake Featuring 21 Savage & Project Pat,5,2,2
2021-09-25,3,Fair Trade,Drake Featuring Travis Scott,3,3,2
2021-09-25,4,Girls Want Girls,Drake Featuring Lil Baby,2,2,2
2021-09-25,5,Industry Baby,Lil Nas X & Jack Harlow,-,1,7
2021-09-25,6,Champagne Poetry,Drake,4,4,2
2021-09-25,7,No Friends In The Industry,Drake,10,7,2
2021-09-25,8,TSU,Drake,8,8,2
2021-09-25,9,Family Ties,Baby Keem & Kendrick Lamar,-,8,2
2021-09-25,10,In The Bible,Drake Featuring Lil Durk & Giveon,6,6,2
2021-09-25,11,N 2 Deep,Drake Featuring Future,11,11,2
2021-09-25,12,Hurricane,Kanye West,-,1,2
2021-09-25,13,Love All,Drake Featuring Jay-Z,9,9,2
2021-09-25,14,Papi's Home,Drake,7,7,2
2021-09-25,15,Pipe Down,Drake,12,12,2
2021-10-02,1,Way 2 Sexy,Drake Featuring Future & Young Thug,1,1,3
2021-10-02,2,Industry Baby,Lil Nas X & Jack Harlow,5,1,8
2021-10-02,3,Knife Talk,Drake Featuring 21 Savage & Project Pat,2,2,3
2021-10-02,4,Girls Want Girls,Drake Featuring Lil Baby,4,2,3
2021-10-02,5,Fair Trade,Drake Featuring Travis Scott,3,3,3
2021-10-02,6,Champagne Poetry,Drake,6,4,3
2021-10-02,7,No Friends In The Industry,Drake,7,7,3
2021-10-02,8,Hurricane,Kanye West,12,1,3
2021-10-02,9,Family Ties,Baby Keem & Kendrick Lamar,9,8,3
2021-10-02,10,In The Bible,Drake Featuring Lil Durk & Giveon,10,6,3
2021-10-02,11,Scoop,Lil Nas X Featuring Doja Cat,-,11,1
2021-10-02,12,Dolla Sign Slime,Lil Nas X Featuring Megan Thee Stallion,-,12,1
2021-10-02,13,TSU,Drake,8,8,3
2021-10-02,14,Love All,Drake Featuring Jay-Z,13,9,3
2021-10-02,15,N 2 Deep,Drake Featuring Future,11,11,3
2021-10-09,1,Way 2 Sexy,Drake Featuring Future & Young Thug,1,1,4
2021-10-09,2,Industry Baby,Lil Nas X & Jack Harlow,2,1,9
2021-10-09,3,Knife Talk,Drake Featuring 21 Savage & Project Pat,3,2,4
2021-10-09,4,Girls Want Girls,Drake Featuring Lil Baby,4,2,4
2021-10-09,5,Fair Trade,Drake Featuring Travis Scott,5,3,4
2021-10-09,6,Bad Morning,YoungBoy Never Broke Again,-,6,1
2021-10-09,7,On My Side,YoungBoy Never Broke Again,-,7,1
2021-10-09,8,Too Easy,Gunna & Future,-,8,1
2021-10-09,9,Your Heart,Joyner Lucas & J. Cole,-,9,1
2021-10-09,10,No Where,YoungBoy Never Broke Again,-,10,1
2021-10-09,11,Wockesha,Moneybagg Yo,-,3,15
2021-10-09,12,Life Support,YoungBoy Never Broke Again,-,12,1
2021-10-09,13,Family Ties,Baby Keem & Kendrick Lamar,9,8,4
2021-10-09,14,Hold Me Down,YoungBoy Never Broke Again,-,14,1
2021-10-09,15,Champagne Poetry,Drake,6,4,4
2021-10-16,1,Way 2 Sexy,Drake Featuring Future & Young Thug,1,1,5
2021-10-16,2,Industry Baby,Lil Nas X & Jack Harlow,2,1,10
2021-10-16,3,Knife Talk,Drake Featuring 21 Savage & Project Pat,3,2,5
2021-10-16,4,Girls Want Girls,Drake Featuring Lil Baby,4,2,5
2021-10-16,5,Sharing Locations,Meek Mill Featuring Lil Baby & Lil Durk,-,5,2
2021-10-16,6,Fair Trade,Drake Featuring Travis Scott,5,3,5
2021-10-16,7,Intro (Hate On Me),Meek Mill,-,7,1
2021-10-16,8,Family Ties,Baby Keem & Kendrick Lamar,13,8,5
2021-10-16,9,Too Easy,Gunna & Future,8,8,2
2021-10-16,10,Your Heart,Joyner Lucas & J. Cole,9,9,2
2021-10-16,11,Wockesha,Moneybagg Yo,11,3,16
2021-10-16,12,2055,Sleepy Hallow,-,3,6
2021-10-16,13,Hurricane,Kanye West,-,1,4
2021-10-16,14,Hot,Meek Mill Featuring Moneybagg Yo,-,14,1
2021-10-16,15,Champagne Poetry,Drake,15,4,5
2021-10-23,1,Industry Baby,Lil Nas X & Jack Harlow,2,1,11
2021-10-23,2,Way 2 Sexy,Drake Featuring Future & Young Thug,1,1,6
2021-10-23,3,Knife Talk,Drake Featuring 21 Savage & Project Pat,3,2,6
2021-10-23,4,Who Want Smoke??,"Nardo Wick Featuring G Herbo , Lil Durk & 21 Savage",-,4,1
2021-10-23,5,Girls Want Girls,Drake Featuring Lil Baby,4,2,6
2021-10-23,6,Fair Trade,Drake Featuring Travis Scott,6,3,6
2021-10-23,7,Flocky Flocky,Don Toliver Featuring Travis Scott,-,7,1
2021-10-23,8,Sharing Locations,Meek Mill Featuring Lil Baby & Lil Durk,5,5,3
2021-10-23,9,Family Ties,Baby Keem & Kendrick Lamar,8,8,6
2021-10-23,10,2055,Sleepy Hallow,12,3,7
2021-10-23,11,Wockesha,Moneybagg Yo,11,3,17
2021-10-23,12,Astronaut In The Ocean,Masked Wolf,-,1,26
2021-10-23,13,Too Easy,Gunna & Future,9,8,3
2021-10-23,14,Hurricane,Kanye West,13,1,5
2021-10-23,15,Rapstar,Polo G,-,1,21
2021-10-30,1,Industry Baby,Lil Nas X & Jack Harlow,1,1,12
2021-10-30,2,Way 2 Sexy,Drake Featuring Future & Young Thug,2,1,7
2021-10-30,3,Knife Talk,Drake Featuring 21 Savage & Project Pat,3,2,7
2021-10-30,4,Who Want Smoke??,"Nardo Wick Featuring G Herbo , Lil Durk & 21 Savage",4,4,2
2021-10-30,5,Bubbly,Young Thug With Drake & Travis Scott,-,5,1
2021-10-30,6,Pissed Me Off,Lil Durk,-,6,1
2021-10-30,7,Girls Want Girls,Drake Featuring Lil Baby,5,2,7
2021-10-30,8,Fair Trade,Drake Featuring Travis Scott,6,3,7
2021-10-30,9,Sharing Locations,Meek Mill Featuring Lil Baby & Lil Durk,8,5,4
2021-10-30,10,Family Ties,Baby Keem & Kendrick Lamar,9,8,7
2021-10-30,11,Stressed,Young Thug With J. Cole & T-Shyne,-,11,1
2021-10-30,12,Wockesha,Moneybagg Yo,11,3,18
2021-10-30,13,2055,Sleepy Hallow,10,3,8
2021-10-30,14,Astronaut In The Ocean,Masked Wolf,12,1,27
2021-10-30,15,Rapstar,Polo G,15,1,22
2021-11-06,1,Industry Baby,Lil Nas X & Jack Harlow,1,1,13
2021-11-06,2,Way 2 Sexy,Drake Featuring Future & Young Thug,2,1,8
2021-11-06,3,Knife Talk,Drake Featuring 21 Savage & Project Pat,3,2,8
2021-11-06,4,Who Want Smoke??,"Nardo Wick Featuring G Herbo , Lil Durk & 21 Savage",4,4,3
2021-11-06,5,Girls Want Girls,Drake Featuring Lil Baby,7,2,8
2021-11-06,6,Bubbly,Young Thug With Drake & Travis Scott,5,5,2
2021-11-06,7,Fair Trade,Drake Featuring Travis Scott,8,3,8
2021-11-06,8,Family Ties,Baby Keem & Kendrick Lamar,10,8,8
2021-11-06,9,Wockesha,Moneybagg Yo,12,3,19
2021-11-06,10,Pissed Me Off,Lil Durk,6,6,2
2021-11-06,11,Not In The Mood,"Lil Tjay , Fivio Foreign & Kay Flock",-,11,1
2021-11-06,12,Sharing Locations,Meek Mill Featuring Lil Baby & Lil Durk,9,5,5
2021-11-06,13,Switches & Dracs,Moneybagg Yo Featuring Lil Durk & EST Gee,-,13,1
2021-11-06,14,Rapstar,Polo G,15,1,23
2021-11-06,15,Astronaut In The Ocean,Masked Wolf,14,1,28
2021-11-13,1,Industry Baby,Lil Nas X & Jack Harlow,1,1,14
2021-11-13,2,Way 2 Sexy,Drake Featuring Future & Young Thug,2,1,9
2021-11-13,3,Knife Talk,Drake Featuring 21 Savage & Project Pat,3,2,9
2021-11-13,4,Who Want Smoke??,"Nardo Wick Featuring G Herbo , Lil Durk & 21 Savage",4,4,4
2021-11-13,5,Girls Want Girls,Drake Featuring Lil Baby,5,2,9
2021-11-13,6,Fair Trade,Drake Featuring Travis Scott,7,3,9
2021-11-13,7,Family Ties,Baby Keem & Kendrick Lamar,8,7,9
2021-11-13,8,Demon High,Lil Uzi Vert,-,8,1
2021-11-13,9,Bubbly,Young Thug With Drake & Travis Scott,6,5,3
2021-11-13,10,Sharing Locations,Meek Mill Featuring Lil Baby & Lil Durk,12,5,6
2021-11-13,11,Rapstar,Polo G,14,1,24
2021-11-13,12,Astronaut In The Ocean,Masked Wolf,15,1,29
2021-11-13,13,Sunflower (Spider-Man: Into The Spider-Verse),Post Malone & Swae Lee,-,1,64
2021-11-13,14,Wockesha,Moneybagg Yo,9,3,20
2021-11-13,15,No Role Modelz,J. Cole,-,12,15
2021-11-20,1,Escape Plan,Travis Scott,-,1,1
2021-11-20,2,Industry Baby,Lil Nas X & Jack Harlow,1,1,15
2021-11-20,3,Knife Talk,Drake Featuring 21 Savage & Project Pat,3,2,10
2021-11-20,4,Mafia,Travis Scott,-,4,1
2021-11-20,5,Way 2 Sexy,Drake Featuring Future & Young Thug,2,1,10
2021-11-20,6,Who Want Smoke??,"Nardo Wick Featuring G Herbo , Lil Durk & 21 Savage",4,4,5
2021-11-20,7,Girls Want Girls,Drake Featuring Lil Baby,5,2,10
2021-11-20,8,Family Ties,Baby Keem & Kendrick Lamar,7,7,10
2021-11-20,9,Fair Trade,Drake Featuring Travis Scott,6,3,10
2021-11-20,10,Sunflower (Spider-Man: Into The Spider-Verse),Post Malone & Swae Lee,13,1,65
2021-11-20,11,Rapstar,Polo G,11,1,25
2021-11-20,12,Astronaut In The Ocean,Masked Wolf,12,1,30
2021-11-20,13,Sharing Locations,Meek Mill Featuring Lil Baby & Lil Durk,10,5,7
2021-11-20,14,Jumpin,NLE Choppa Featuring Polo G,-,14,1
2021-11-20,15,Bubbly,Young Thug With Drake & Travis Scott,9,5,4
2021-11-27,1,Already Dead,Juice WRLD,-,1,1
2021-11-27,2,Industry Baby,Lil Nas X & Jack Harlow,2,1,16
2021-11-27,3,Knife Talk,Drake Featuring 21 Savage & Project Pat,3,2,11
2021-11-27,4,Way 2 Sexy,Drake Featuring Future & Young Thug,5,1,11
2021-11-27,5,Who Want Smoke??,"Nardo Wick Featuring G Herbo , Lil Durk & 21 Savage",6,4,6
2021-11-27,6,Bad Man (Smooth Criminal),Polo G,-,6,1
2021-11-27,7,Escape Plan,Travis Scott,1,1,2
2021-11-27,8,Super Gremlin,Kodak Black,-,8,1
2021-11-27,9,Girls Want Girls,Drake Featuring Lil Baby,7,2,11
2021-11-27,10,Family Ties,Baby Keem & Kendrick Lamar,8,7,11
2021-11-27,11,Fair Trade,Drake Featuring Travis Scott,9,3,11
2021-11-27,12,Sunflower (Spider-Man: Into The Spider-Verse),Post Malone & Swae Lee,10,1,66
2021-11-27,13,Rapstar,Polo G,11,1,26
2021-11-27,14,Roof,DaBaby,-,14,1
2021-11-27,15,Lion Eyes,Lil Durk,-,15,1
2021-12-04,1,Industry Baby,Lil Nas X & Jack Harlow,2,1,17
2021-12-04,2,Knife Talk,Drake Featuring 21 Savage & Project Pat,3,2,12
2021-12-04,3,Who Want Smoke??,"Nardo Wick Featuring G Herbo , Lil Durk & 21 Savage",5,3,7
2021-12-04,4,Way 2 Sexy,Drake Featuring Future & Young Thug,4,1,12
2021-12-04,5,Already Dead,Juice WRLD,1,1,2
2021-12-04,6,Super Gremlin,Kodak Black,8,6,2
2021-12-04,7,Bad Man (Smooth Criminal),Polo G,6,6,2
2021-12-04,8,Family Ties,Baby Keem & Kendrick Lamar,10,7,12
2021-12-04,9,100 Shots,Young Dolph,-,9,1
2021-12-04,10,Girls Want Girls,Drake Featuring Lil Baby,9,2,12
2021-12-04,11,Sunflower (Spider-Man: Into The Spider-Verse),Post Malone & Swae Lee,12,1,67
2021-12-04,12,Fair Trade,Drake Featuring Travis Scott,11,3,12
2021-12-04,13,Astronaut In The Ocean,Masked Wolf,-,1,31
2021-12-04,14,Rapstar,Polo G,13,1,27
2021-12-04,15,No Role Modelz,J. Cole,-,12,16
2021-12-11,1,Industry Baby,Lil Nas X & Jack Harlow,1,1,18
2021-12-11,2,Knife Talk,Drake Featuring 21 Savage & Project Pat,2,2,13
2021-12-11,3,Who Want Smoke??,"Nardo Wick Featuring G Herbo , Lil Durk & 21 Savage",3,3,8
2021-12-11,4,Super Gremlin,Kodak Black,6,4,3
2021-12-11,5,By Your Side,Rod Wave,-,5,1
2021-12-11,6,Way 2 Sexy,Drake Featuring Future & Young Thug,4,1,13
2021-12-11,7,Family Ties,Baby Keem & Kendrick Lamar,8,7,13
2021-12-11,8,Already Dead,Juice WRLD,5,1,3
2021-12-11,9,Girls Want Girls,Drake Featuring Lil Baby,10,2,13
2021-12-11,10,Rapstar,Polo G,14,1,28
2021-12-11,11,Bad Man (Smooth Criminal),Polo G,7,6,3
2021-12-11,12,Sunflower (Spider-Man: Into The Spider-Verse),Post Malone & Swae Lee,11,1,68
2021-12-11,13,No Role Modelz,J. Cole,15,12,17
2021-12-11,14,Astronaut In The Ocean,Masked Wolf,13,1,32
2021-12-11,15,Fair Trade,Drake Featuring Travis Scott,12,3,13
2021-12-18,1,Super Gremlin,Kodak Black,4,1,4
2021-12-18,2,Industry Baby,Lil Nas X & Jack Harlow,1,1,19
2021-12-18,3,Wandered To LA.,Juice WRLD & Justin Bieber,-,3,1
2021-12-18,4,Knife Talk,Drake Featuring 21 Savage & Project Pat,2,2,14
2021-12-18,5,Who Want Smoke??,"Nardo Wick Featuring G Herbo , Lil Durk & 21 Savage",3,3,9
2021-12-18,6,By Your Side,Rod Wave,5,5,2
2021-12-18,7,Way 2 Sexy,Drake Featuring Future & Young Thug,6,1,14
2021-12-18,8,Don't Play,Polo G Featuring Lil Baby,-,8,1
2021-12-18,9,Bad Man (Smooth Criminal),Polo G,11,6,4
2021-12-18,10,Rapstar,Polo G,10,1,29
2021-12-18,11,Family Ties,Baby Keem & Kendrick Lamar,7,7,14
2021-12-18,12,Young N Dumb,Polo G,-,12,1
2021-12-18,13,Sunflower (Spider-Man: Into The Spider-Verse),Post Malone & Swae Lee,12,1,69
2021-12-18,14,Me Or Sum,"Nardo Wick, Lil Baby & Future",-,14,1
2021-12-18,15,Astronaut In The Ocean,Masked Wolf,14,1,33
2021-12-25,1,Super Gremlin,Kodak Black,1,1,5
2021-12-25,2,Burn,Juice WRLD,-,2,1
2021-12-25,3,Industry Baby,Lil Nas X & Jack Harlow,2,1,20
2021-12-25,4,Already Dead,Juice WRLD,-,1,4
2021-12-25,5,Feline,"Juice WRLD , Polo G & Trippie Redd",-,5,1
2021-12-25,6,Wandered To LA.,Juice WRLD & Justin Bieber,3,3,2
2021-12-25,7,Knife Talk,Drake Featuring 21 Savage & Project Pat,4,2,15
2021-12-25,8,Who Want Smoke??,"Nardo Wick Featuring G Herbo , Lil Durk & 21 Savage",5,3,10
2021-12-25,9,Rockstar In His Prime,Juice WRLD,-,9,1
2021-12-25,10,You Wouldn't Understand,Juice WRLD,-,10,1
2021-12-25,11,By Your Side,Rod Wave,6,5,3
2021-12-25,12,Doom,Juice WRLD,-,12,1
2021-12-25,13,Go Hard,Juice WRLD,-,13,1
2021-12-25,14,Girl Of My Dreams,Juice WRLD & Suga,-,14,1
2021-12-25,15,Way 2 Sexy,Drake Featuring Future & Young Thug,7,1,15
2022-01-01,1,Super Gremlin,Kodak Black,1,1,6
2022-01-01,2,Broadway Girls,Lil Durk Featuring Morgan Wallen,-,2,1
2022-01-01,3,Industry Baby,Lil Nas X & Jack Harlow,3,1,21
2022-01-01,4,Knife Talk,Drake Featuring 21 Savage & Project Pat,7,2,16
2022-01-01,5,Who Want Smoke??,"Nardo Wick Featuring G Herbo , Lil Durk & 21 Savage",8,3,11
2022-01-01,6,Burn,Juice WRLD,2,2,2
2022-01-01,7,By Your Side,Rod Wave,11,5,4
2022-01-01,8,Way 2 Sexy,Drake Featuring Future & Young Thug,15,1,16
2022-01-01,9,25 Million,Roddy Ricch,-,9,1
2022-01-01,10,Sunflower (Spider-Man: Into The Spider-Verse),Post Malone & Swae Lee,-,1,70
2022-01-01,11,Already Dead,Juice WRLD,4,1,5
2022-01-01,12,Moved To Miami,Roddy Ricch Featuring Lil Baby,-,12,1
2022-01-01,13,Hibachi,Roddy Ricch Featuring Kodak Black & 21 Savage,-,13,1
2022-01-01,14,Wandered To LA.,Juice WRLD & Justin Bieber,6,3,3
2022-01-01,15,Astronaut In The Ocean,Masked Wolf,-,1,34
2022-01-08,1,Super Gremlin,Kodak Black,1,1,7
2022-01-08,2,Broadway Girls,Lil Durk Featuring Morgan Wallen,2,2,2
2022-01-08,3,Industry Baby,Lil Nas X & Jack Harlow,3,1,22
2022-01-08,4,Knife Talk,Drake Featuring 21 Savage & Project Pat,4,2,17
2022-01-08,5,Who Want Smoke??,"Nardo Wick Featuring G Herbo , Lil Durk & 21 Savage",5,3,12
2022-01-08,6,Way 2 Sexy,Drake Featuring Future & Young Thug,8,1,17
2022-01-08,7,By Your Side,Rod Wave,7,5,5
2022-01-08,8,Sunflower (Spider-Man: Into The Spider-Verse),Post Malone & Swae Lee,10,1,71
2022-01-08,9,Burn,Juice WRLD,6,2,3
2022-01-08,10,Astronaut In The Ocean,Masked Wolf,15,1,35
2022-01-08,11,Rapstar,Polo G,-,1,30
2022-01-08,12,Already Dead,Juice WRLD,11,1,6
2022-01-08,13,Family Ties,Baby Keem & Kendrick Lamar,-,7,15
2022-01-08,14,No Role Modelz,J. Cole,-,12,18
2022-01-08,15,Wandered To LA.,Juice WRLD & Justin Bieber,14,3,4
2022-01-15,1,Super Gremlin,Kodak Black,1,1,8
2022-01-15,2,Industry Baby,Lil Nas X & Jack Harlow,3,1,23
2022-01-15,3,Broadway Girls,Lil Durk Featuring Morgan Wallen,2,2,3
2022-01-15,4,Knife Talk,Drake Featuring 21 Savage & Project Pat,4,2,18
2022-01-15,5,Who Want Smoke??,"Nardo Wick Featuring G Herbo , Lil Durk & 21 Savage",5,3,13
2022-01-15,6,Way 2 Sexy,Drake Featuring Future & Young Thug,6,1,18
2022-01-15,7,Sunflower (Spider-Man: Into The Spider-Verse),Post Malone & Swae Lee,8,1,72
2022-01-15,8,By Your Side,Rod Wave,7,5,6
2022-01-15,9,Astronaut In The Ocean,Masked Wolf,10,1,36
2022-01-15,10,Burn,Juice WRLD,9,2,4
2022-01-15,11,Rapstar,Polo G,11,1,31
2022-01-15,12,Family Ties,Baby Keem & Kendrick Lamar,13,7,16
2022-01-15,13,Already Dead,Juice WRLD,12,1,7
2022-01-15,14,Black Ball,YoungBoy Never Broke Again & Birdman,-,14,1
2022-01-15,15,Girls Want Girls,Drake Featuring Lil Baby,-,2,14
2022-01-22,1,Pushin P,Gunna & Future Featuring Young Thug,-,1,1
2022-01-22,2,Super Gremlin,Kodak Black,1,1,9
2022-01-22,3,Too Easy,Gunna & Future,-,3,4
2022-01-22,4,Thought I Was Playing,Gunna & 21 Savage,-,4,1
2022-01-22,5,25k Jacket,Gunna Featuring Lil Baby,-,5,1
2022-01-22,6,Poochie Gown,Gunna,-,6,1
2022-01-22,7,Mop,Gunna Featuring Young Thug,-,7,1
2022-01-22,8,Alotta Cake,Gunna,-,8,1
2022-01-22,9,How You Did That,Gunna Featuring Kodak Black,-,9,1
2022-01-22,10,Industry Baby,Lil Nas X & Jack Harlow,2,1,24
2022-01-22,11,Broadway Girls,Lil Durk Featuring Morgan Wallen,3,2,4
2022-01-22,12,IDK That Bitch,Gunna Featuring G Herbo,-,12,1
2022-01-22,13,Livin Wild,Gunna,-,13,1
2022-01-22,14,Knife Talk,Drake Featuring 21 Savage & Project Pat,4,2,19
2022-01-22,15,Private Island,Gunna,-,15,1
2022-01-29,1,Pushin P,Gunna & Future Featuring Young Thug,1,1,2
2022-01-29,2,Super Gremlin,Kodak Black,2,1,10
2022-01-29,3,P Power,Gunna Featuring Drake,-,3,1
2022-01-29,4,Industry Baby,Lil Nas X & Jack Harlow,10,1,25
2022-01-29,5,Broadway Girls,Lil Durk Featuring Morgan Wallen,11,2,5
2022-01-29,6,Eazy,The Game & Kanye West,-,6,1
2022-01-29,7,Knife Talk,Drake Featuring 21 Savage & Project Pat,14,2,20
2022-01-29,8,Too Easy,Gunna & Future,3,3,5
2022-01-29,9,Who Want Smoke??,"Nardo Wick Featuring G Herbo , Lil Durk & 21 Savage",-,3,14
2022-01-29,10,Bring The Hook,YoungBoy Never Broke Again,-,10,1
2022-01-29,11,Thought I Was Playing,Gunna & 21 Savage,4,4,2
2022-01-29,12,By Your Side,Rod Wave,-,5,7
2022-01-29,13,25k Jacket,Gunna Featuring Lil Baby,5,5,2
2022-01-29,14,How You Did That,Gunna Featuring Kodak Black,9,9,2
2022-01-29,15,Cold December,Rod Wave,-,15,1
2022-02-05,1,Super Gremlin,Kodak Black,2,1,11
2022-02-05,2,Pushin P,Gunna & Future Featuring Young Thug,1,1,3
2022-02-05,3,Cold December,Rod Wave,15,3,2
2022-02-05,4,Industry Baby,Lil Nas X & Jack Harlow,4,1,26
2022-02-05,5,P Power,Gunna Featuring Drake,3,3,2
2022-02-05,6,Knife Talk,Drake Featuring 21 Savage & Project Pat,7,2,21
2022-02-05,7,Broadway Girls,Lil Durk Featuring Morgan Wallen,5,2,6
2022-02-05,8,No Switch,YoungBoy Never Broke Again,-,8,1
2022-02-05,9,Bring It On,YoungBoy Never Broke Again,-,9,1
2022-02-05,10,Who Want Smoke??,"Nardo Wick Featuring G Herbo , Lil Durk & 21 Savage",9,3,15
2022-02-05,11,Bring The Hook,YoungBoy Never Broke Again,10,10,2
2022-02-05,12,Fish Scale,YoungBoy Never Broke Again,-,12,1
2022-02-05,13,Flossin',Internet Money Featuring YoungBoy Never Broke Again,-,13,1
2022-02-05,14,By Your Side,Rod Wave,12,5,8
2022-02-05,15,Eazy,The Game & Kanye West,6,6,2
2022-02-12,1,Super Gremlin,Kodak Black,1,1,12
2022-02-12,2,Pushin P,Gunna & Future Featuring Young Thug,2,1,4
2022-02-12,3,Industry Baby,Lil Nas X & Jack Harlow,4,1,27
2022-02-12,4,Knife Talk,Drake Featuring 21 Savage & Project Pat,6,2,22
2022-02-12,5,Rumors,Gucci Mane Featuring Lil Durk,-,5,1
2022-02-12,6,P Power,Gunna Featuring Drake,5,3,3
2022-02-12,7,Broadway Girls,Lil Durk Featuring Morgan Wallen,7,2,7
2022-02-12,8,Cold December,Rod Wave,3,3,3
2022-02-12,9,Who Want Smoke??,"Nardo Wick Featuring G Herbo , Lil Durk & 21 Savage",10,3,16
2022-02-12,10,Sunflower (Spider-Man: Into The Spider-Verse),Post Malone & Swae Lee,-,1,73
2022-02-12,11,Way 2 Sexy,Drake Featuring Future & Young Thug,-,1,19
2022-02-12,12,Johnny P's Caddy,BENNY THE BUTCHER & J. Cole,-,12,1
2022-02-12,13,By Your Side,Rod Wave,14,5,9
2022-02-12,14,Too Easy,Gunna & Future,-,3,6
2022-02-12,15,Astronaut In The Ocean,Masked Wolf,-,1,37
2022-02-19,1,Do We Have A Problem?,Nicki Minaj X Lil Baby,-,1,1
2022-02-19,2,Super Gremlin,Kodak Black,1,1,13
2022-02-19,3,Pushin P,Gunna & Future Featuring Young Thug,2,1,5
2022-02-19,4,Don't Play That,King Von & 21 Savage,-,4,1
2022-02-19,5,Cigarettes,Juice WRLD,-,5,1
2022-02-19,6,Industry Baby,Lil Nas X & Jack Harlow,3,1,28
2022-02-19,7,Knife Talk,Drake Featuring 21 Savage & Project Pat,4,2,23
2022-02-19,8,P Power,Gunna Featuring Drake,6,3,4
2022-02-19,9,Broadway Girls,Lil Durk Featuring Morgan Wallen,7,2,8
2022-02-19,10,Who Want Smoke??,"Nardo Wick Featuring G Herbo , Lil Durk & 21 Savage",9,3,17
2022-02-19,11,Rumors,Gucci Mane Featuring Lil Durk,5,5,2
2022-02-19,12,Sunflower (Spider-Man: Into The Spider-Verse),Post Malone & Swae Lee,10,1,74
2022-02-19,13,Cold December,Rod Wave,8,3,4
2022-02-19,14,Me Or Sum,"Nardo Wick, Lil Baby & Future",-,14,2
2022-02-19,15,Way 2 Sexy,Drake Featuring Future & Young Thug,11,1,20
2022-02-26,1,Super Gremlin,Kodak Black,2,1,14
2022-02-26,2,Pushin P,Gunna & Future Featuring Young Thug,3,1,6
2022-02-26,3,Bussin,Nicki Minaj X Lil Baby,-,3,1
2022-02-26,4,Do We Have A Problem?,Nicki Minaj X Lil Baby,1,1,2
2022-02-26,5,Worst Day,Future,-,5,1
2022-02-26,6,Still D.R.E.,Dr. Dre Featuring Snoop Dogg,-,6,1
2022-02-26,7,City Of Gods,"Fivio Foreign, Kanye West & Alicia Keys",-,7,1
2022-02-26,8,Industry Baby,Lil Nas X & Jack Harlow,6,1,29
2022-02-26,9,Knife Talk,Drake Featuring 21 Savage & Project Pat,7,2,24
2022-02-26,10,The Next Episode,Dr. Dre Featuring Snoop Dogg,-,10,1
2022-02-26,11,P Power,Gunna Featuring Drake,8,3,5
2022-02-26,12,Broadway Girls,Lil Durk Featuring Morgan Wallen,9,2,9
2022-02-26,13,Don't Play That,King Von & 21 Savage,4,4,2
2022-02-26,14,Lose Yourself,Eminem,-,10,4
2022-02-26,15,Cigarettes,Juice WRLD,5,5,2
2022-03-05,1,Super Gremlin,Kodak Black,1,1,15
2022-03-05,2,Nail Tech,Jack Harlow,-,2,1
2022-03-05,3,Pushin P,Gunna & Future Featuring Young Thug,2,1,7
2022-03-05,4,Ahhh Ha,Lil Durk,-,4,1
2022-03-05,5,Industry Baby,Lil Nas X & Jack Harlow,8,1,30
2022-03-05,6,Knife Talk,Drake Featuring 21 Savage & Project Pat,9,2,25
2022-03-05,7,Do We Have A Problem?,Nicki Minaj X Lil Baby,4,1,3
2022-03-05,8,Still D.R.E.,Dr. Dre Featuring Snoop Dogg,6,6,2
2022-03-05,9,Banking On Me,Gunna,-,9,1
2022-03-05,10,Broadway Girls,Lil Durk Featuring Morgan Wallen,12,2,10
2022-03-05,11,City Of Gods,"Fivio Foreign, Kanye West & Alicia Keys",7,7,2
2022-03-05,12,Me Or Sum,"Nardo Wick, Lil Baby & Future",-,12,3
2022-03-05,13,Sunflower (Spider-Man: Into The Spider-Verse),Post Malone & Swae Lee,-,1,75
2022-03-05,14,Who Want Smoke??,"Nardo Wick Featuring G Herbo , Lil Durk & 21 Savage",-,3,18
2022-03-05,15,P Power,Gunna Featuring Drake,11,3,6
2022-03-12,1,Super Gremlin,Kodak Black,1,1,16
2022-03-12,2,Ahhh Ha,Lil Durk,4,2,2
2022-03-12,3,Pushin P,Gunna & Future Featuring Young Thug,3,1,8
2022-03-12,4,Industry Baby,Lil Nas X & Jack Harlow,5,1,31
2022-03-12,5,Nail Tech,Jack Harlow,2,2,2
2022-03-12,6,Knife Talk,Drake Featuring 21 Savage & Project Pat,6,2,26
2022-03-12,7,Freaky Deaky,Tyga X Doja Cat,-,7,1
2022-03-12,8,Broadway Girls,Lil Durk Featuring Morgan Wallen,10,2,11
2022-03-12,9,Do We Have A Problem?,Nicki Minaj X Lil Baby,7,1,4
2022-03-12,10,Me Or Sum,"Nardo Wick, Lil Baby & Future",12,10,4
2022-03-12,11,Still D.R.E.,Dr. Dre Featuring Snoop Dogg,8,6,3
2022-03-12,12,Sunflower (Spider-Man: Into The Spider-Verse),Post Malone & Swae Lee,13,1,76
2022-03-12,13,Who Want Smoke??,"Nardo Wick Featuring G Herbo , Lil Durk & 21 Savage",14,3,19
2022-03-12,14,P Power,Gunna Featuring Drake,15,3,7
2022-03-12,15,Banking On Me,Gunna,9,9,2
2022-03-19,1,Super Gremlin,Kodak Black,1,1,17
2022-03-19,2,Pushin P,Gunna & Future Featuring Young Thug,3,1,9
2022-03-19,3,Ahhh Ha,Lil Durk,2,2,3
2022-03-19,4,Industry Baby,Lil Nas X & Jack Harlow,4,1,32
2022-03-19,5,Knife Talk,Drake Featuring 21 Savage & Project Pat,6,2,27
2022-03-19,6,Don't Play That,King Von & 21 Savage,-,4,3
2022-03-19,7,Nail Tech,Jack Harlow,5,2,3
2022-03-19,8,Broadway Girls,Lil Durk Featuring Morgan Wallen,8,2,12
2022-03-19,9,Publicity Stunt,Gucci Mane,-,9,1
2022-03-19,10,War,King Von,-,10,1
2022-03-19,11,Sunflower (Spider-Man: Into The Spider-Verse),Post Malone & Swae Lee,12,1,77
2022-03-19,12,Do We Have A Problem?,Nicki Minaj X Lil Baby,9,1,5
2022-03-19,13,P Power,Gunna Featuring Drake,14,3,8
2022-03-19,14,Rocking A Cardigan In Atlanta,Lil Shordie Scott,-,14,1
2022-03-19,15,Banking On Me,Gunna,15,9,3
2022-03-26,1,Super Gremlin,Kodak Black,1,1,18
2022-03-26,2,Ahhh Ha,Lil Durk,3,2,4
2022-03-26,3,What Happened To Virgil,Lil Durk Featuring Gunna,-,3,1
2022-03-26,4,Petty Too,Lil Durk Featuring Future,-,4,1
2022-03-26,5,No Interviews,Lil Durk,-,5,1
2022-03-26,6,Sweetest Pie,Megan Thee Stallion & Dua Lipa,-,6,1
2022-03-26,7,Golden Child,Lil Durk,-,7,1
2022-03-26,8,Pushin P,Gunna & Future Featuring Young Thug,2,1,10
2022-03-26,9,Broadway Girls,Lil Durk Featuring Morgan Wallen,8,2,13
2022-03-26,10,Barbarian,Lil Durk,-,10,1
2022-03-26,11,Thinking With My Dick,Kevin Gates Featuring Juicy J,-,11,1
2022-03-26,12,Shootout @ My Crib,Lil Durk,-,12,1
2022-03-26,13,Handsomer,Russ Featuring Ktlyn,-,13,1
2022-03-26,14,Started From,Lil Durk,-,14,1
2022-03-26,15,Knife Talk,Drake Featuring 21 Savage & Project Pat,5,2,28
2022-04-02,1,Super Gremlin,Kodak Black,1,1,19
2022-04-02,2,What Happened To Virgil,Lil Durk Featuring Gunna,3,2,2
2022-04-02,3,Ahhh Ha,Lil Durk,2,2,5
2022-04-02,4,Pushin P,Gunna & Future Featuring Young Thug,8,1,11
2022-04-02,5,Thinking With My Dick,Kevin Gates Featuring Juicy J,11,5,2
2022-04-02,6,Broadway Girls,Lil Durk Featuring Morgan Wallen,9,2,14
2022-04-02,7,Blick Blick!,Coi Leray & Nicki Minaj,-,7,1
2022-04-02,8,Knife Talk,Drake Featuring 21 Savage & Project Pat,15,2,29
2022-04-02,9,Industry Baby,Lil Nas X & Jack Harlow,-,1,33
2022-04-02,10,Sweetest Pie,Megan Thee Stallion & Dua Lipa,6,6,2
2022-04-02,11,Sometimes,Juice WRLD,-,11,1
2022-04-02,12,Computer Murderers,Lil Durk,-,12,1
2022-04-02,13,Petty Too,Lil Durk Featuring Future,4,4,2
2022-04-02,14,Handsomer,Russ Featuring Ktlyn,13,13,2
2022-04-02,15,No Interviews,Lil Durk,5,5,2
2022-04-09,1,Super Gremlin,Kodak Black,1,1,20
2022-04-09,2,What Happened To Virgil,Lil Durk Featuring Gunna,2,2,3
2022-04-09,3,Ahhh Ha,Lil Durk,3,2,6
2022-04-09,4,Big Energy,Latto,-,4,1
2022-04-09,5,Pushin P,Gunna & Future Featuring Young Thug,4,1,12
2022-04-09,6,Knife Talk,Drake Featuring 21 Savage & Project Pat,8,2,30
2022-04-09,7,Broadway Girls,Lil Durk Featuring Morgan Wallen,6,2,15
2022-04-09,8,Industry Baby,Lil Nas X & Jack Harlow,9,1,34
2022-04-09,9,Thinking With My Dick,Kevin Gates Featuring Juicy J,5,5,3
2022-04-09,10,Sunflower (Spider-Man: Into The Spider-Verse),Post Malone & Swae Lee,-,1,78
2022-04-09,11,No Role Modelz,J. Cole,-,11,19
2022-04-09,12,Sweetest Pie,Megan Thee Stallion & Dua Lipa,10,6,3
2022-04-09,13,Handsomer,Russ Featuring Ktlyn,14,13,3
2022-04-09,14,P Power,Gunna Featuring Drake,-,3,9
2022-04-09,15,To The Moon!,JNR CHOI & Sam Tompkins,-,15,1
2022-04-16,1,Super Gremlin,Kodak Black,1,1,21
2022-04-16,2,In My Head,Lil Tjay,-,2,1
2022-04-16,3,Big Energy,Latto,4,3,2
2022-04-16,4,What Happened To Virgil,Lil Durk Featuring Gunna,2,2,4
2022-04-16,5,Industry Baby,Lil Nas X & Jack Harlow,8,1,35
2022-04-16,6,Knife Talk,Drake Featuring 21 Savage & Project Pat,6,2,31
2022-04-16,7,Pushin P,Gunna & Future Featuring Young Thug,5,1,13
2022-04-16,8,Ahhh Ha,Lil Durk,3,2,7
2022-04-16,9,Broadway Girls,Lil Durk Featuring Morgan Wallen,7,2,16
2022-04-16,10,Sunflower (Spider-Man: Into The Spider-Verse),Post Malone & Swae Lee,10,1,79
2022-04-16,11,No Role Modelz,J. Cole,11,11,20
2022-04-16,12,Stick,JID & J. Cole Featuring Kenny Mason & Sheck Wes,-,12,1
2022-04-16,13,Nail Tech,Jack Harlow,-,2,4
2022-04-16,14,Thinking With My Dick,Kevin Gates Featuring Juicy J,9,5,4
2022-04-16,15,Sweetest Pie,Megan Thee Stallion & Dua Lipa,12,6,4
2022-04-23,1,First Class,Jack Harlow,-,1,1
2022-04-23,2,Right On,Lil Baby,-,2,1
2022-04-23,3,In A Minute,Lil Baby,-,3,1
2022-04-23,4,Super Gremlin,Kodak Black,1,1,22
2022-04-23,5,What Happened To Virgil,Lil Durk Featuring Gunna,4,2,5
2022-04-23,6,Industry Baby,Lil Nas X & Jack Harlow,5,1,36
2022-04-23,7,Big Energy,Latto,3,3,3
2022-04-23,8,Nail Tech,Jack Harlow,13,2,5
2022-04-23,9,Knife Talk,Drake Featuring 21 Savage & Project Pat,6,2,32
2022-04-23,10,Broadway Girls,Lil Durk Featuring Morgan Wallen,9,2,17
2022-04-23,11,Pushin P,Gunna & Future Featuring Young Thug,7,1,14
2022-04-23,12,Handsomer,Russ Featuring Ktlyn,-,12,4
2022-04-23,13,Ahhh Ha,Lil Durk,8,2,8
2022-04-23,14,In My Head,Lil Tjay,2,2,2
2022-04-23,15,London,Bia Featuring J. Cole,-,15,1
2022-04-30,1,First Class,Jack Harlow,1,1,2
2022-04-30,2,Super Gremlin,Kodak Black,4,1,23
2022-04-30,3,In A Minute,Lil Baby,3,3,2
2022-04-30,4,Right On,Lil Baby,2,2,2
2022-04-30,5,What Happened To Virgil,Lil Durk Featuring Gunna,5,2,6
2022-04-30,6,Big Energy,Latto,7,3,4
2022-04-30,7,Industry Baby,Lil Nas X & Jack Harlow,6,1,37
2022-04-30,8,Shake It,"Kay Flock, Cardi B , Dougie B & Bory300",-,8,1
2022-04-30,9,Knife Talk,Drake Featuring 21 Savage & Project Pat,9,2,33
2022-04-30,10,Broadway Girls,Lil Durk Featuring Morgan Wallen,10,2,18
2022-04-30,11,Pushin P,Gunna & Future Featuring Young Thug,11,1,15
2022-04-30,12,Nail Tech,Jack Harlow,8,2,6
2022-04-30,13,Sunflower (Spider-Man: Into The Spider-Verse),Post Malone & Swae Lee,-,1,80
2022-04-30,14,Ahhh Ha,Lil Durk,13,2,9
2022-04-30,15,No Role Modelz,J. Cole,-,11,21
2022-05-07,1,First Class,Jack Harlow,1,1,3
2022-05-07,2,Super Gremlin,Kodak Black,2,1,24
2022-05-07,3,In A Minute,Lil Baby,3,3,3
2022-05-07,4,Plan B,Megan Thee Stallion,-,4,1
2022-05-07,5,Right On,Lil Baby,4,2,3
2022-05-07,6,Big Energy,Latto,6,3,5
2022-05-07,7,What Happened To Virgil,Lil Durk Featuring Gunna,5,2,7
2022-05-07,8,Industry Baby,Lil Nas X & Jack Harlow,7,1,38
2022-05-07,9,Hold That Heat,"Southside, Travis Scott & Future",-,9,1
2022-05-07,10,Scrape It Off,Pusha T Featuring Lil Uzi Vert & Don Toliver,-,10,1
2022-05-07,11,Knife Talk,Drake Featuring 21 Savage & Project Pat,9,2,34
2022-05-07,12,Broadway Girls,Lil Durk Featuring Morgan Wallen,10,2,19
2022-05-07,13,No Role Modelz,J. Cole,15,11,22
2022-05-07,14,Sunflower (Spider-Man: Into The Spider-Verse),Post Malone & Swae Lee,13,1,81
2022-05-07,15,Pushin P,Gunna & Future Featuring Young Thug,11,1,16
2022-05-14,1,Wait For U,Future Featuring Drake & Tems,-,1,1
2022-05-14,2,Puffin On Zootiez,Future,-,2,1
2022-05-14,3,First Class,Jack Harlow,1,1,4
2022-05-14,4,712PM,Future,-,4,1
2022-05-14,5,I'm Dat N***a,Future,-,5,1
2022-05-14,6,I'm On One,Future Featuring Drake,-,6,1
2022-05-14,7,Love You Better,Future,-,7,1
2022-05-14,8,Keep It Burnin,Future Featuring Kanye West,-,8,1
2022-05-14,9,Massaging Me,Future,-,9,1
2022-05-14,10,For A Nut,Future Featuring Gunna & Young Thug,-,10,1
2022-05-14,11,Chickens,Future Featuring EST Gee,-,11,1
2022-05-14,12,Gold Stacks,Future,-,12,1
2022-05-14,13,Super Gremlin,Kodak Black,2,1,25
2022-05-14,14,Voodoo,Future Featuring Kodak Black,-,14,1
2022-05-14,15,In A Minute,Lil Baby,3,3,4
2022-05-21,1,Wait For U,Future Featuring Drake & Tems,1,1,2
2022-05-21,2,First Class,Jack Harlow,3,1,5
2022-05-21,3,The Heart Part 5,Kendrick Lamar,-,3,1
2022-05-21,4,Puffin On Zootiez,Future,2,2,2
2022-05-21,5,Dua Lipa,Jack Harlow,-,5,1
2022-05-21,6,Churchill Downs,Jack Harlow Featuring Drake,-,6,1
2022-05-21,7,Super Gremlin,Kodak Black,13,1,26
2022-05-21,8,In A Minute,Lil Baby,15,3,5
2022-05-21,9,Love You Better,Future,7,7,2
2022-05-21,10,712PM,Future,4,4,2
2022-05-21,11,I'm On One,Future Featuring Drake,6,6,2
2022-05-21,12,Big Energy,Latto,-,3,6
2022-05-21,13,Right On,Lil Baby,-,2,4
2022-05-21,14,Nail Tech,Jack Harlow,-,2,7
2022-05-21,15,I'm Dat N***a,Future,5,5,2
2022-05-28,1,N95,Kendrick Lamar,-,1,1
2022-05-28,2,Wait For U,Future Featuring Drake & Tems,1,1,3
2022-05-28,3,Silent Hill,Kendrick Lamar & Kodak Black,-,3,1
2022-05-28,4,United In Grief,Kendrick Lamar,-,4,1
2022-05-28,5,First Class,Jack Harlow,2,1,6
2022-05-28,6,Father Time,Kendrick Lamar Featuring Sampha,-,6,1
2022-05-28,7,Rich Spirit,Kendrick Lamar,-,7,1
2022-05-28,8,We Cry Together,Kendrick Lamar & Taylour Paige,-,8,1
2022-05-28,9,Worldwide Steppers,Kendrick Lamar,-,9,1
2022-05-28,10,Count Me Out,Kendrick Lamar,-,10,1
2022-05-28,11,Purple Hearts,"Kendrick Lamar , Summer Walker & Ghostface Killah",-,11,1
2022-05-28,12,Savior,"Kendrick Lamar , Baby Keem, & Sam Dew",-,12,1
2022-05-28,13,Puffin On Zootiez,Future,4,2,3
2022-05-28,14,Rich (Interlude),Kendrick Lamar,-,14,1
2022-05-28,15,Cooped Up,Post Malone Featuring Roddy Ricch,-,15,1
2022-06-04,1,Wait For U,Future Featuring Drake & Tems,2,1,4
2022-06-04,2,First Class,Jack Harlow,5,1,7
2022-06-04,3,N95,Kendrick Lamar,1,1,2
2022-06-04,4,Puffin On Zootiez,Future,13,2,4
2022-06-04,5,Cooped Up,Post Malone Featuring Roddy Ricch,15,5,2
2022-06-04,6,Silent Hill,Kendrick Lamar & Kodak Black,3,3,2
2022-06-04,7,Super Gremlin,Kodak Black,-,1,27
2022-06-04,8,In A Minute,Lil Baby,-,3,6
2022-06-04,9,Hotel Lobby (Unc And Phew),Quavo & TakeOff,-,9,1
2022-06-04,10,Rich Spirit,Kendrick Lamar,7,7,2
2022-06-04,11,Big Energy,Latto,-,3,7
2022-06-04,12,Right On,Lil Baby,-,2,5
2022-06-04,13,Father Time,Kendrick Lamar Featuring Sampha,6,6,2
2022-06-04,14,United In Grief,Kendrick Lamar,4,4,2
2022-06-04,15,Count Me Out,Kendrick Lamar,10,10,2
2022-06-11,1,Wait For U,Future Featuring Drake & Tems,1,1,5
2022-06-11,2,First Class,Jack Harlow,2,1,8
2022-06-11,3,True Love,Kanye West & XXXTENTACION,-,3,1
2022-06-11,4,Puffin On Zootiez,Future,4,2,5
2022-06-11,5,N95,Kendrick Lamar,3,1,3
2022-06-11,6,Cooped Up,Post Malone Featuring Roddy Ricch,5,5,3
2022-06-11,7,Sleazy Flow,SleazyWorld Go Featuring Lil Baby,-,7,1
2022-06-11,8,Super Gremlin,Kodak Black,7,1,28
2022-06-11,9,In A Minute,Lil Baby,8,3,7
2022-06-11,10,Die Young,Sleepy Hallow Featuring 347aidan,-,10,1
2022-06-11,11,Big Energy,Latto,11,3,8
2022-06-11,12,Silent Hill,Kendrick Lamar & Kodak Black,6,3,3
2022-06-11,13,See Wat I'm Sayin,Moneybagg Yo,-,13,1
2022-06-11,14,Hotel Lobby (Unc And Phew),Quavo & TakeOff,9,9,2
2022-06-11,15,Right On,Lil Baby,12,2,6
2022-06-18,1,Wait For U,Future Featuring Drake & Tems,1,1,6
2022-06-18,2,First Class,Jack Harlow,2,1,9
2022-06-18,3,Cooped Up,Post Malone Featuring Roddy Ricch,6,3,4
2022-06-18,4,Puffin On Zootiez,Future,4,2,6
2022-06-18,5,Distraction,Polo G,-,5,1
2022-06-18,6,I Cannot Be (A Sadder Song),Post Malone Featuring Gunna,-,6,1
2022-06-18,7,Super Gremlin,Kodak Black,8,1,29
2022-06-18,8,Sleazy Flow,SleazyWorld Go Featuring Lil Baby,7,7,2
2022-06-18,9,In A Minute,Lil Baby,9,3,8
2022-06-18,10,Big Energy,Latto,11,3,9
2022-06-18,11,N95,Kendrick Lamar,5,1,4
2022-06-18,12,Insane,Post Malone,-,12,1
2022-06-18,13,Die Young,Sleepy Hallow Featuring 347aidan,10,10,2
2022-06-18,14,Right On,Lil Baby,15,2,7
2022-06-18,15,Vegas,Doja Cat,-,15,1
2022-06-25,1,Wait For U,Future Featuring Drake & Tems,1,1,7
2022-06-25,2,First Class,Jack Harlow,2,1,10
2022-06-25,3,Cash In Cash Out,"Pharrell Williams Featuring 21 Savage & Tyler, The Creator",-,3,1
2022-06-25,4,Puffin On Zootiez,Future,4,2,7
2022-06-25,5,Cooped Up,Post Malone Featuring Roddy Ricch,3,3,5
2022-06-25,6,Sleazy Flow,SleazyWorld Go Featuring Lil Baby,8,6,3
2022-06-25,7,Super Gremlin,Kodak Black,7,1,30
2022-06-25,8,Big Energy,Latto,10,3,10
2022-06-25,9,Vegas,Doja Cat,15,9,2
2022-06-25,10,In A Minute,Lil Baby,9,3,9
2022-06-25,11,N95,Kendrick Lamar,11,1,5
2022-06-25,12,Right On,Lil Baby,14,2,8
2022-06-25,13,Die Young,Sleepy Hallow Featuring 347aidan,13,10,3
2022-06-25,14,Distraction,Polo G,5,5,2
2022-06-25,15,Industry Baby,Lil Nas X & Jack Harlow,-,1,39
2022-07-02,1,Jimmy Cooks,Drake Featuring 21 Savage,-,1,1
2022-07-02,2,Sticky,Drake,-,2,1
2022-07-02,3,Wait For U,Future Featuring Drake & Tems,1,1,8
2022-07-02,4,First Class,Jack Harlow,2,1,11
2022-07-02,5,U-Digg,"Lil Baby , 42 Dugg & Veeze",-,5,1
2022-07-02,6,Puffin On Zootiez,Future,4,2,8
2022-07-02,7,Vegas,Doja Cat,9,7,3
2022-07-02,8,Sleazy Flow,SleazyWorld Go Featuring Lil Baby,6,6,4
2022-07-02,9,Cooped Up,Post Malone Featuring Roddy Ricch,5,3,6
2022-07-02,10,Super Gremlin,Kodak Black,7,1,31
2022-07-02,11,Big Energy,Latto,8,3,11
2022-07-02,12,In A Minute,Lil Baby,10,3,10
2022-07-02,13,Cash In Cash Out,"Pharrell Williams Featuring 21 Savage & Tyler, The Creator",3,3,2
2022-07-02,14,Hotel Lobby (Unc And Phew),Quavo & TakeOff,-,9,3
2022-07-02,15,Knife Talk,Drake Featuring 21 Savage & Project Pat,-,2,35
2022-07-09,1,Jimmy Cooks,Drake Featuring 21 Savage,1,1,2
2022-07-09,2,Wait For U,Future Featuring Drake & Tems,3,1,9
2022-07-09,3,Sticky,Drake,2,2,2
2022-07-09,4,First Class,Jack Harlow,4,1,12
2022-07-09,5,Vegas,Doja Cat,7,5,4
2022-07-09,6,Puffin On Zootiez,Future,6,2,9
2022-07-09,7,Sleazy Flow,SleazyWorld Go Featuring Lil Baby,8,6,5
2022-07-09,8,Super Gremlin,Kodak Black,10,1,32
2022-07-09,9,Big Energy,Latto,11,3,12
2022-07-09,10,In A Minute,Lil Baby,12,3,11
2022-07-09,11,Late To Da Party (F*CK BET),Lil Nas X & YoungBoy Never Broke Again,-,11,1
2022-07-09,12,Cooped Up,Post Malone Featuring Roddy Ricch,9,3,7
2022-07-09,13,Hotel Lobby (Unc And Phew),Quavo & TakeOff,14,9,4
2022-07-09,14,Broadway Girls,Lil Durk Featuring Morgan Wallen,-,2,20
2022-07-09,15,Sunflower (Spider-Man: Into The Spider-Verse),Post Malone & Swae Lee,-,1,82
2022-07-16,1,Jimmy Cooks,Drake Featuring 21 Savage,1,1,3
2022-07-16,2,Wait For U,Future Featuring Drake & Tems,2,1,10
2022-07-16,3,Hot Shit,"Cardi B , Ye & Lil Durk",-,3,1
2022-07-16,4,First Class,Jack Harlow,4,1,13
2022-07-16,5,Vegas,Doja Cat,5,5,5
2022-07-16,6,Sticky,Drake,3,2,3
2022-07-16,7,Puffin On Zootiez,Future,6,2,10
2022-07-16,8,Super Gremlin,Kodak Black,8,1,33
2022-07-16,9,Sleazy Flow,SleazyWorld Go Featuring Lil Baby,7,6,6
2022-07-16,10,Big Energy,Latto,9,3,13
2022-07-16,11,In A Minute,Lil Baby,10,3,12
2022-07-16,12,Hotel Lobby (Unc And Phew),Quavo & TakeOff,13,9,5
2022-07-16,13,Sunflower (Spider-Man: Into The Spider-Verse),Post Malone & Swae Lee,15,1,83
2022-07-16,14,Cooped Up,Post Malone Featuring Roddy Ricch,12,3,8
2022-07-16,15,Broadway Girls,Lil Durk Featuring Morgan Wallen,14,2,21
2022-07-23,1,Wait For U,Future Featuring Drake & Tems,2,1,11
2022-07-23,2,Jimmy Cooks,Drake Featuring 21 Savage,1,1,4
2022-07-23,3,First Class,Jack Harlow,4,1,14
2022-07-23,4,Vegas,Doja Cat,5,4,6
2022-07-23,5,Sticky,Drake,6,2,4
2022-07-23,6,Hot Shit,"Cardi B , Ye & Lil Durk",3,3,2
2022-07-23,7,Puffin On Zootiez,Future,7,2,11
2022-07-23,8,Sleazy Flow,SleazyWorld Go Featuring Lil Baby,9,6,7
2022-07-23,9,In A Minute,Lil Baby,11,3,13
2022-07-23,10,Big Energy,Latto,10,3,14
2022-07-23,11,Super Gremlin,Kodak Black,8,1,34
2022-07-23,12,Betty (Get Money),Yung Gravy,-,12,1
2022-07-23,13,Hotel Lobby (Unc And Phew),Quavo & TakeOff,12,9,6
2022-07-23,14,Sunflower (Spider-Man: Into The Spider-Verse),Post Malone & Swae Lee,13,1,84
2022-07-23,15,Cooped Up,Post Malone Featuring Roddy Ricch,14,3,9
2022-07-30,1,Wait For U,Future Featuring Drake & Tems,1,1,12
2022-07-30,2,Jimmy Cooks,Drake Featuring 21 Savage,2,1,5
2022-07-30,3,First Class,Jack Harlow,3,1,15
2022-07-30,4,Vegas,Doja Cat,4,4,7
2022-07-30,5,Sticky,Drake,5,2,5
2022-07-30,6,In A Minute,Lil Baby,9,3,14
2022-07-30,7,Puffin On Zootiez,Future,7,2,12
2022-07-30,8,Sleazy Flow,SleazyWorld Go Featuring Lil Baby,8,6,8
2022-07-30,9,Big Energy,Latto,10,3,15
2022-07-30,10,Super Gremlin,Kodak Black,11,1,35
2022-07-30,11,Betty (Get Money),Yung Gravy,12,11,2
2022-07-30,12,Hot Shit,"Cardi B , Ye & Lil Durk",6,3,3
2022-07-30,13,Sunflower (Spider-Man: Into The Spider-Verse),Post Malone & Swae Lee,14,1,85
2022-07-30,14,Freestyle,Lil Baby,-,14,1
2022-07-30,15,Hotel Lobby (Unc And Phew),Quavo & TakeOff,13,9,7
2022-08-06,1,Wait For U,Future Featuring Drake & Tems,1,1,13
2022-08-06,2,Jimmy Cooks,Drake Featuring 21 Savage,2,1,6
2022-08-06,3,First Class,Jack Harlow,3,1,16
2022-08-06,4,Vegas,Doja Cat,4,4,8
2022-08-06,5,Betty (Get Money),Yung Gravy,11,5,3
2022-08-06,6,Sticky,Drake,5,2,6
2022-08-06,7,In A Minute,Lil Baby,6,3,15
2022-08-06,8,Puffin On Zootiez,Future,7,2,13
2022-08-06,9,Sleazy Flow,SleazyWorld Go Featuring Lil Baby,8,6,9
2022-08-06,10,Big Energy,Latto,9,3,16
2022-08-06,11,Super Gremlin,Kodak Black,10,1,36
2022-08-06,12,Pressurelicious,Megan Thee Stallion Featuring Future,-,12,1
2022-08-06,13,Freestyle,Lil Baby,14,13,2
2022-08-06,14,Sunflower (Spider-Man: Into The Spider-Verse),Post Malone & Swae Lee,13,1,86
2022-08-06,15,Knife Talk,Drake Featuring 21 Savage & Project Pat,-,2,36
2022-08-13,1,Wait For U,Future Featuring Drake & Tems,1,1,14
2022-08-13,2,Jimmy Cooks,Drake Featuring 21 Savage,2,1,7
2022-08-13,3,First Class,Jack Harlow,3,1,17
2022-08-13,4,Never Sleep,"Nav , Travis Scott & Lil Baby",-,4,1
2022-08-13,5,Vegas,Doja Cat,4,4,9
2022-08-13,6,Sticky,Drake,6,2,7
2022-08-13,7,Sleazy Flow,SleazyWorld Go Featuring Lil Baby,9,6,10
2022-08-13,8,Betty (Get Money),Yung Gravy,5,5,4
2022-08-13,9,In A Minute,Lil Baby,7,3,16
2022-08-13,10,Super Gremlin,Kodak Black,11,1,37
2022-08-13,11,Puffin On Zootiez,Future,8,2,14
2022-08-13,12,Freestyle,Lil Baby,13,12,3
2022-08-13,13,Big Energy,Latto,10,3,17
2022-08-13,14,Dah Dah DahDah,Nardo Wick,-,14,1
2022-08-13,15,Sunflower (Spider-Man: Into The Spider-Verse),Post Malone & Swae Lee,14,1,87
2022-08-20,1,Staying Alive,DJ Khaled Featuring Drake & Lil Baby,-,1,1
2022-08-20,2,Wait For U,Future Featuring Drake & Tems,1,1,15
2022-08-20,3,Jimmy Cooks,Drake Featuring 21 Savage,2,1,8
2022-08-20,4,Umm Hmm,YoungBoy Never Broke Again,-,4,1
2022-08-20,5,I Know,YoungBoy Never Broke Again,-,5,1
2022-08-20,6,Home Ain't Home,YoungBoy Never Broke Again Featuring Rod Wave,-,6,1
2022-08-20,7,First Class,Jack Harlow,3,1,18
2022-08-20,8,Vegas,Doja Cat,5,4,10
2022-08-20,9,Vette Motors,YoungBoy Never Broke Again,-,9,1
2022-08-20,10,Fuck Da Industry,YoungBoy Never Broke Again,-,10,1
2022-08-20,11,Betty (Get Money),Yung Gravy,8,5,5
2022-08-20,12,Free Dem 5's,YoungBoy Never Broke Again,-,12,1
2022-08-20,13,Sticky,Drake,6,2,8
2022-08-20,14,Dah Dah DahDah,Nardo Wick,14,14,2
2022-08-20,15,Lost Soul Survivor,YoungBoy Never Broke Again,-,15,1
2022-08-27,1,Super Freaky Girl,Nicki Minaj,-,1,1
2022-08-27,2,Alone,Rod Wave,-,2,1
2022-08-27,3,Wait For U,Future Featuring Drake & Tems,2,1,16
2022-08-27,4,Jimmy Cooks,Drake Featuring 21 Savage,3,1,9
2022-08-27,5,Staying Alive,DJ Khaled Featuring Drake & Lil Baby,1,1,2
2022-08-27,6,Yungen,Rod Wave Featuring Jack Harlow,-,6,1
2022-08-27,7,Never Get Over Me,Rod Wave,-,7,1
2022-08-27,8,Sweet Little Lies,Rod Wave,-,8,1
2022-08-27,9,First Class,Jack Harlow,7,1,19
2022-08-27,10,Forever,Rod Wave,-,10,1
2022-08-27,11,Vegas,Doja Cat,8,4,11
2022-08-27,12,Stone Rolling,Rod Wave,-,12,1
2022-08-27,13,Her,Megan Thee Stallion,-,13,1
2022-08-27,14,No Deal,Rod Wave,-,14,1
2022-08-27,15,Dah Dah DahDah,Nardo Wick,14,14,3
2022-09-03,1,Super Freaky Girl,Nicki Minaj,1,1,2
2022-09-03,2,Wait For U,Future Featuring Drake & Tems,3,1,17
2022-09-03,3,Jimmy Cooks,Drake Featuring 21 Savage,4,1,10
2022-09-03,4,Staying Alive,DJ Khaled Featuring Drake & Lil Baby,5,1,3
2022-09-03,5,Alone,Rod Wave,2,2,2
2022-09-03,6,Dah Dah DahDah,Nardo Wick,15,6,4
2022-09-03,7,First Class,Jack Harlow,9,1,20
2022-09-03,8,Vegas,Doja Cat,11,4,12
2022-09-03,9,Betty (Get Money),Yung Gravy,-,5,6
2022-09-03,10,Freestyle,Lil Baby,-,10,4
2022-09-03,11,In A Minute,Lil Baby,-,3,17
2022-09-03,12,Super Gremlin,Kodak Black,-,1,38
2022-09-03,13,Sleazy Flow,SleazyWorld Go Featuring Lil Baby,-,6,11
2022-09-03,14,Puffin On Zootiez,Future,-,2,15
2022-09-03,15,No Role Modelz,J. Cole,-,11,23
2022-09-10,1,Super Freaky Girl,Nicki Minaj,1,1,3
2022-09-10,2,God Did,"DJ Khaled Featuring Rick Ross , Lil Wayne , Jay-Z , John Legend & Fridayy",-,2,1
2022-09-10,3,Wait For U,Future Featuring Drake & Tems,2,1,18
2022-09-10,4,Staying Alive,DJ Khaled Featuring Drake & Lil Baby,4,1,4
2022-09-10,5,Jimmy Cooks,Drake Featuring 21 Savage,3,1,11
2022-09-10,6,Beautiful,DJ Khaled Featuring Future & SZA,-,6,1
2022-09-10,7,Big Time,DJ Khaled Featuring Future & Lil Baby,-,7,1
2022-09-10,8,Beat The Odds,Lil Tjay,-,8,1
2022-09-10,9,Dah Dah DahDah,Nardo Wick,6,6,5
2022-09-10,10,Juice WRLD Did,DJ Khaled Featuring Juice WRLD,-,10,1
2022-09-10,11,Use This Gospel (Remix),DJ Khaled Featuring Kanye West & Eminem,-,11,1
2022-09-10,12,Keep Going,"DJ Khaled Featuring Lil Durk , 21 Savage & Roddy Ricch",-,12,1
2022-09-10,13,First Class,Jack Harlow,7,1,21
2022-09-10,14,Vegas,Doja Cat,8,4,13
2022-09-10,15,Betty (Get Money),Yung Gravy,9,5,7
2022-09-17,1,Super Freaky Girl,Nicki Minaj,1,1,4
2022-09-17,2,Wait For U,Future Featuring Drake & Tems,3,1,19
2022-09-17,3,Detox,Lil Baby,-,3,1
2022-09-17,4,Jimmy Cooks,Drake Featuring 21 Savage,5,1,12
2022-09-17,5,Talk,Yeat,-,5,1
2022-09-17,6,Staying Alive,DJ Khaled Featuring Drake & Lil Baby,4,1,5
2022-09-17,7,God Did,"DJ Khaled Featuring Rick Ross , Lil Wayne , Jay-Z , John Legend & Fridayy",2,2,2
2022-09-17,8,Dah Dah DahDah,Nardo Wick,9,6,6
2022-09-17,9,Vegas,Doja Cat,14,4,14
2022-09-17,10,First Class,Jack Harlow,13,1,22
2022-09-17,11,Betty (Get Money),Yung Gravy,15,5,8
2022-09-17,12,Freestyle,Lil Baby,-,10,5
2022-09-17,13,Beat The Odds,Lil Tjay,8,8,2
2022-09-17,14,Beautiful,DJ Khaled Featuring Future & SZA,6,6,2
2022-09-17,15,Alone,Rod Wave,-,2,3
2022-09-24,1,Super Freaky Girl,Nicki Minaj,1,1,5
2022-09-24,2,Wait For U,Future Featuring Drake & Tems,2,1,20
2022-09-24,3,Jimmy Cooks,Drake Featuring 21 Savage,4,1,13
2022-09-24,4,Talk,Yeat,5,4,2
2022-09-24,5,Vegas,Doja Cat,9,4,15
2022-09-24,6,Dah Dah DahDah,Nardo Wick,8,6,7
2022-09-24,7,First Class,Jack Harlow,10,1,23
2022-09-24,8,Staying Alive,DJ Khaled Featuring Drake & Lil Baby,6,1,6
2022-09-24,9,Selfish,PnB Rock,-,9,13
2022-09-24,10,Betty (Get Money),Yung Gravy,11,5,9
2022-09-24,11,Put It On Me,YoungBoy Never Broke Again,-,11,1
2022-09-24,12,Detox,Lil Baby,3,3,2
2022-09-24,13,Freestyle,Lil Baby,12,10,6
2022-09-24,14,Flawless,Yeat Featuring Lil Uzi Vert,-,14,1
2022-09-24,15,Never Sleep,"Nav , Travis Scott & Lil Baby",-,4,2
2022-10-01,1,Super Freaky Girl,Nicki Minaj,1,1,6
2022-10-01,2,Wait For U,Future Featuring Drake & Tems,2,1,21
2022-10-01,3,Jimmy Cooks,Drake Featuring 21 Savage,3,1,14
2022-10-01,4,Vegas,Doja Cat,5,4,16
2022-10-01,5,Put It On Me,YoungBoy Never Broke Again,11,5,2
2022-10-01,6,First Class,Jack Harlow,7,1,24
2022-10-01,7,Dah Dah DahDah,Nardo Wick,6,6,8
2022-10-01,8,Freestyle,Lil Baby,13,8,7
2022-10-01,9,Betty (Get Money),Yung Gravy,10,5,10
2022-10-01,10,Staying Alive,DJ Khaled Featuring Drake & Lil Baby,8,1,7
2022-10-01,11,Talk,Yeat,4,4,3
2022-10-01,12,Bound 2,Kanye West,-,1,11
2022-10-01,13,F.N.F. (Let's Go),Hitkidd & GloRilla,-,13,1
2022-10-01,14,No Role Modelz,J. Cole,-,11,24
2022-10-01,15,Super Gremlin,Kodak Black,-,1,39
2022-10-08,1,Tomorrow 2,GloRilla & Cardi B,-,1,1
2022-10-08,2,Super Freaky Girl,Nicki Minaj,1,1,7
2022-10-08,3,Wait For U,Future Featuring Drake & Tems,2,1,22
2022-10-08,4,Jimmy Cooks,Drake Featuring 21 Savage,3,1,15
2022-10-08,5,Vegas,Doja Cat,4,4,17
2022-10-08,6,Freestyle,Lil Baby,8,6,8
2022-10-08,7,First Class,Jack Harlow,6,1,25
2022-10-08,8,Put It On Me,YoungBoy Never Broke Again,5,5,3
2022-10-08,9,Dah Dah DahDah,Nardo Wick,7,6,9
2022-10-08,10,No Role Modelz,J. Cole,14,10,25
2022-10-08,11,Betty (Get Money),Yung Gravy,9,5,11
2022-10-08,12,F.N.F. (Let's Go),Hitkidd & GloRilla,13,12,2
2022-10-08,13,Super Gremlin,Kodak Black,15,1,40
2022-10-08,14,"Gangsta's Paradise (From ""Dangerous Minds"")",Coolio Featuring L.V.,-,14,2
2022-10-08,15,Bound 2,Kanye West,12,1,12
2022-10-15,1,Tomorrow 2,GloRilla & Cardi B,1,1,2
2022-10-15,2,Super Freaky Girl,Nicki Minaj,2,1,8
2022-10-15,3,Wait For U,Future Featuring Drake & Tems,3,1,23
2022-10-15,4,Jimmy Cooks,Drake Featuring 21 Savage,4,1,16
2022-10-15,5,Vegas,Doja Cat,5,4,18
2022-10-15,6,"Gangsta's Paradise (From ""Dangerous Minds"")",Coolio Featuring L.V.,14,6,3
2022-10-15,7,Freestyle,Lil Baby,6,6,9
2022-10-15,8,First Class,Jack Harlow,7,1,26
2022-10-15,9,No Role Modelz,J. Cole,10,9,26
2022-10-15,10,Dah Dah DahDah,Nardo Wick,9,6,10
2022-10-15,11,Super Gremlin,Kodak Black,13,1,41
2022-10-15,12,Put It On Me,YoungBoy Never Broke Again,8,5,4
2022-10-15,13,Betty (Get Money),Yung Gravy,11,5,12
2022-10-15,14,Sunflower (Spider-Man: Into The Spider-Verse),Post Malone & Swae Lee,-,1,88
2022-10-15,15,In A Minute,Lil Baby,-,3,18
2022-10-22,1,Tomorrow 2,GloRilla & Cardi B,1,1,3
2022-10-22,2,Super Freaky Girl,Nicki Minaj,2,1,9
2022-10-22,3,Wait For U,Future Featuring Drake & Tems,3,1,24
2022-10-22,4,Jimmy Cooks,Drake Featuring 21 Savage,4,1,17
2022-10-22,5,Vegas,Doja Cat,5,4,19
2022-10-22,6,Freestyle,Lil Baby,7,6,10
2022-10-22,7,Poland,Lil Yachty,-,7,1
2022-10-22,8,No Role Modelz,J. Cole,9,8,27
2022-10-22,9,Super Gremlin,Kodak Black,11,1,42
2022-10-22,10,In A Minute,Lil Baby,15,3,19
2022-10-22,11,First Class,Jack Harlow,8,1,27
2022-10-22,12,Sunflower (Spider-Man: Into The Spider-Verse),Post Malone & Swae Lee,14,1,89
2022-10-22,13,Dah Dah DahDah,Nardo Wick,10,6,11
2022-10-22,14,F.N.F. (Let's Go),Hitkidd & GloRilla,-,12,3
2022-10-22,15,To The Bone,"Quavo , TakeOff & YoungBoy Never Broke Again",-,15,1
2022-10-29,1,California Breeze,Lil Baby,-,1,1
2022-10-29,2,Forever,Lil Baby Featuring Fridayy,-,2,1
2022-10-29,3,Real Spill,Lil Baby,-,3,1
2022-10-29,4,Pop Out,Lil Baby & Nardo Wick,-,4,1
2022-10-29,5,Never Hating,Lil Baby & Young Thug,-,5,1
2022-10-29,6,Stand On It,Lil Baby,-,6,1
2022-10-29,7,Heyy,Lil Baby,-,7,1
2022-10-29,8,Not Finished,Lil Baby,-,8,1
2022-10-29,9,In A Minute,Lil Baby,10,3,20
2022-10-29,10,Tomorrow 2,GloRilla & Cardi B,1,1,4
2022-10-29,11,Perfect Timing,Lil Baby,-,11,1
2022-10-29,12,Poland,Lil Yachty,7,7,2
2022-10-29,13,From Now On,Lil Baby Featuring Future,-,13,1
2022-10-29,14,Super Freaky Girl,Nicki Minaj,2,1,10
2022-10-29,15,Wait For U,Future Featuring Drake & Tems,3,1,25
2022-11-05,1,California Breeze,Lil Baby,1,1,2
2022-11-05,2,Tomorrow 2,GloRilla & Cardi B,10,1,5
2022-11-05,3,Forever,Lil Baby Featuring Fridayy,2,2,2
2022-11-05,4,Just Wanna Rock,Lil Uzi Vert,-,4,1
2022-11-05,5,Wait For U,Future Featuring Drake & Tems,15,1,26
2022-11-05,6,Jimmy Cooks,Drake Featuring 21 Savage,-,1,18
2022-11-05,7,Super Freaky Girl,Nicki Minaj,14,1,11
2022-11-05,8,Heyy,Lil Baby,7,7,2
2022-11-05,9,Real Spill,Lil Baby,3,3,2
2022-11-05,10,In A Minute,Lil Baby,9,3,21
2022-11-05,11,Never Hating,Lil Baby & Young Thug,5,5,2
2022-11-05,12,Stand On It,Lil Baby,6,6,2
2022-11-05,13,Not Finished,Lil Baby,8,8,2
2022-11-05,14,Pop Out,Lil Baby & Nardo Wick,4,4,2
2022-11-05,15,Poland,Lil Yachty,12,7,3
2022-11-12,1,Just Wanna Rock,Lil Uzi Vert,4,1,2
2022-11-12,2,In My Head,Juice WRLD,-,2,1
2022-11-12,3,Tomorrow 2,GloRilla & Cardi B,2,1,6
2022-11-12,4,Jimmy Cooks,Drake Featuring 21 Savage,6,1,19
2022-11-12,5,California Breeze,Lil Baby,1,1,3
2022-11-12,6,Wait For U,Future Featuring Drake & Tems,5,1,27
2022-11-12,7,Super Freaky Girl,Nicki Minaj,7,1,12
2022-11-12,8,Forever,Lil Baby Featuring Fridayy,3,2,3
2022-11-12,9,Heyy,Lil Baby,8,7,3
2022-11-12,10,In A Minute,Lil Baby,10,3,22
2022-11-12,11,Real Spill,Lil Baby,9,3,3
2022-11-12,12,Hotel Lobby (Unc And Phew),Quavo & TakeOff,-,9,8
2022-11-12,13,Never Hating,Lil Baby & Young Thug,11,5,3
2022-11-12,14,Vegas,Doja Cat,-,4,20
2022-11-12,15,Freestyle,Lil Baby,-,6,11
2022-11-19,1,Rich Flex,Drake & 21 Savage,-,1,1
2022-11-19,2,Major Distribution,Drake & 21 Savage,-,2,1
2022-11-19,3,On BS,Drake & 21 Savage,-,3,1
2022-11-19,4,Spin Bout U,Drake & 21 Savage,-,4,1
2022-11-19,5,Pussy & Millions,Drake & 21 Savage Featuring Travis Scott,-,5,1
2022-11-19,6,Privileged Rappers,Drake & 21 Savage,-,6,1
2022-11-19,7,BackOutsideBoyz,Drake,-,7,1
2022-11-19,8,Circo Loco,Drake & 21 Savage,-,8,1
2022-11-19,9,Hours In Silence,Drake & 21 Savage,-,9,1
2022-11-19,10,Broke Boys,Drake & 21 Savage,-,10,1
2022-11-19,11,Treacherous Twins,Drake & 21 Savage,-,11,1
2022-11-19,12,Middle Of The Ocean,Drake,-,12,1
2022-11-19,13,Jumbotron Shit Poppin,Drake,-,13,1
2022-11-19,14,More M's,Drake & 21 Savage,-,14,1
2022-11-19,15,I Guess It's Fuck Me,Drake,-,15,1
2022-11-26,1,Rich Flex,Drake & 21 Savage,1,1,2
2022-11-26,2,Major Distribution,Drake & 21 Savage,2,2,2
2022-11-26,3,Spin Bout U,Drake & 21 Savage,4,3,2
2022-11-26,4,On BS,Drake & 21 Savage,3,3,2
2022-11-26,5,Pussy & Millions,Drake & 21 Savage Featuring Travis Scott,5,5,2
2022-11-26,6,Circo Loco,Drake & 21 Savage,8,6,2
2022-11-26,7,Privileged Rappers,Drake & 21 Savage,6,6,2
2022-11-26,8,BackOutsideBoyz,Drake,7,7,2
2022-11-26,9,Broke Boys,Drake & 21 Savage,10,9,2
2022-11-26,10,Hours In Silence,Drake & 21 Savage,9,9,2
2022-11-26,11,Just Wanna Rock,Lil Uzi Vert,-,1,3
2022-11-26,12,Jumbotron Shit Poppin,Drake,13,12,2
2022-11-26,13,Tomorrow 2,GloRilla & Cardi B,-,1,7
2022-11-26,14,Treacherous Twins,Drake & 21 Savage,11,11,2
2022-11-26,15,Jimmy Cooks,Drake Featuring 21 Savage,-,1,20
2022-12-03,1,Rich Flex,Drake & 21 Savage,1,1,3
2022-12-03,2,Just Wanna Rock,Lil Uzi Vert,11,1,4
2022-12-03,3,Major Distribution,Drake & 21 Savage,2,2,3
2022-12-03,4,Spin Bout U,Drake & 21 Savage,3,3,3
2022-12-03,5,On BS,Drake & 21 Savage,4,3,3
2022-12-03,6,Pussy & Millions,Drake & 21 Savage Featuring Travis Scott,5,5,3
2022-12-03,7,Circo Loco,Drake & 21 Savage,6,6,3
2022-12-03,8,Tomorrow 2,GloRilla & Cardi B,13,1,8
2022-12-03,9,Privileged Rappers,Drake & 21 Savage,7,6,3
2022-12-03,10,Hotel Lobby (Unc And Phew),Quavo & TakeOff,-,9,9
2022-12-03,11,BackOutsideBoyz,Drake,8,7,3
2022-12-03,12,Broke Boys,Drake & 21 Savage,9,9,3
2022-12-03,13,Jimmy Cooks,Drake Featuring 21 Savage,15,1,21
2022-12-03,14,Wait For U,Future Featuring Drake & Tems,-,1,28
2022-12-03,15,Hours In Silence,Drake & 21 Savage,10,9,3
2022-12-10,1,Rich Flex,Drake & 21 Savage,1,1,4
2022-12-10,2,Just Wanna Rock,Lil Uzi Vert,2,1,5
2022-12-10,3,Spin Bout U,Drake & 21 Savage,4,3,4
2022-12-10,4,Major Distribution,Drake & 21 Savage,3,2,4
2022-12-10,5,On BS,Drake & 21 Savage,5,3,4
2022-12-10,6,Pussy & Millions,Drake & 21 Savage Featuring Travis Scott,6,5,4
2022-12-10,7,Tomorrow 2,GloRilla & Cardi B,8,1,9
2022-12-10,8,Hotel Lobby (Unc And Phew),Quavo & TakeOff,10,8,10
2022-12-10,9,Wait For U,Future Featuring Drake & Tems,14,1,29
2022-12-10,10,Jimmy Cooks,Drake Featuring 21 Savage,13,1,22
2022-12-10,11,Circo Loco,Drake & 21 Savage,7,6,4
2022-12-10,12,Privileged Rappers,Drake & 21 Savage,9,6,4
2022-12-10,13,Broke Boys,Drake & 21 Savage,12,9,4
2022-12-10,14,BackOutsideBoyz,Drake,11,7,4
2022-12-10,15,Hours In Silence,Drake & 21 Savage,15,9,4
2022-12-17,1,Superhero (Heroes & Villains),"Metro Boomin , Future & Chris Brown",-,1,1
2022-12-17,2,Rich Flex,Drake & 21 Savage,1,1,5
2022-12-17,3,Too Many Nights,Metro Boomin Featuring Don Toliver & Future,-,3,1
2022-12-17,4,Umbrella,"Metro Boomin , 21 Savage & Young Nudy",-,4,1
2022-12-17,5,Niagara Falls (Foot Or 2),"Metro Boomin , Travis Scott & 21 Savage",-,5,1
2022-12-17,6,Raindrops (Insane),Metro Boomin & Travis Scott,-,6,1
2022-12-17,7,Trance,"Metro Boomin , Travis Scott & Young Thug",-,7,1
2022-12-17,8,Metro Spider,Metro Boomin & Young Thug,-,8,1
2022-12-17,9,Walk Em Down (Don't Kill Civilians),Metro Boomin & 21 Savage Featuring Mustafa,-,9,1
2022-12-17,10,Around Me,Metro Boomin Featuring Don Toliver,-,10,1
2022-12-17,11,I Can't Save You (Interlude),Metro Boomin & Future Featuring Don Toliver,-,11,1
2022-12-17,12,Just Wanna Rock,Lil Uzi Vert,2,1,6
2022-12-17,13,Feel The Fiyaaaah,Metro Boomin & A$AP Rocky Featuring TakeOff,-,13,1
2022-12-17,14,All The Money (Bonus),Metro Boomin & Gunna,-,14,1
2022-12-17,15,Spin Bout U,Drake & 21 Savage,3,3,5
2022-12-24,1,Rich Flex,Drake & 21 Savage,2,1,6
2022-12-24,2,Superhero (Heroes & Villains),"Metro Boomin , Future & Chris Brown",1,1,2
2022-12-24,3,Just Wanna Rock,Lil Uzi Vert,12,1,7
2022-12-24,4,Too Many Nights,Metro Boomin Featuring Don Toliver & Future,3,3,2
2022-12-24,5,Niagara Falls (Foot Or 2),"Metro Boomin , Travis Scott & 21 Savage",5,5,2
2022-12-24,6,Umbrella,"Metro Boomin , 21 Savage & Young Nudy",4,4,2
2022-12-24,7,Wait For U,Future Featuring Drake & Tems,-,1,30
2022-12-24,8,Raindrops (Insane),Metro Boomin & Travis Scott,6,6,2
2022-12-24,9,Tomorrow 2,GloRilla & Cardi B,-,1,10
2022-12-24,10,Spin Bout U,Drake & 21 Savage,15,3,6
2022-12-24,11,Hotel Lobby (Unc And Phew),Quavo & TakeOff,-,8,11
2022-12-24,12,Jimmy Cooks,Drake Featuring 21 Savage,-,1,23
2022-12-24,13,Trance,"Metro Boomin , Travis Scott & Young Thug",7,7,2
2022-12-24,14,Metro Spider,Metro Boomin & Young Thug,8,8,2
2022-12-24,15,Around Me,Metro Boomin Featuring Don Toliver,10,10,2
2022-12-31,1,Rich Flex,Drake & 21 Savage,1,1,7
2022-12-31,2,Superhero (Heroes & Villains),"Metro Boomin , Future & Chris Brown",2,1,3
2022-12-31,3,Just Wanna Rock,Lil Uzi Vert,3,1,8
2022-12-31,4,Wait For U,Future Featuring Drake & Tems,7,1,31
2022-12-31,5,Too Many Nights,Metro Boomin Featuring Don Toliver & Future,4,3,3
2022-12-31,6,Tomorrow 2,GloRilla & Cardi B,9,1,11
2022-12-31,7,Hotel Lobby (Unc And Phew),Quavo & TakeOff,11,7,12
2022-12-31,8,Jimmy Cooks,Drake Featuring 21 Savage,12,1,24
2022-12-31,9,Spin Bout U,Drake & 21 Savage,10,3,7
2022-12-31,10,Niagara Falls (Foot Or 2),"Metro Boomin , Travis Scott & 21 Savage",5,5,3
2022-12-31,11,Face 2 Face,Juice WRLD,-,11,1
2022-12-31,12,Umbrella,"Metro Boomin , 21 Savage & Young Nudy",6,4,3
2022-12-31,13,Mad Max,Lil Durk & Future,-,13,1
2022-12-31,14,On BS,Drake & 21 Savage,-,3,5
2022-12-31,15,Freestyle,Lil Baby,-,6,12
2023-01-07,1,Rich Flex,Drake & 21 Savage,1,1,8
2023-01-07,2,Superhero (Heroes & Villains),"Metro Boomin , Future & Chris Brown",2,1,4
2023-01-07,3,Just Wanna Rock,Lil Uzi Vert,3,1,9
2023-01-07,4,Wait For U,Future Featuring Drake & Tems,4,1,32
2023-01-07,5,Tomorrow 2,GloRilla & Cardi B,6,1,12
2023-01-07,6,Hotel Lobby (Unc And Phew),Quavo & TakeOff,7,6,13
2023-01-07,7,Jimmy Cooks,Drake Featuring 21 Savage,8,1,25
2023-01-07,8,Too Many Nights,Metro Boomin Featuring Don Toliver & Future,5,3,4
2023-01-07,9,Spin Bout U,Drake & 21 Savage,9,3,8
2023-01-07,10,Niagara Falls (Foot Or 2),"Metro Boomin , Travis Scott & 21 Savage",10,5,4
2023-01-07,11,Freestyle,Lil Baby,15,6,13
2023-01-07,12,No Role Modelz,J. Cole,-,8,28
2023-01-07,13,On BS,Drake & 21 Savage,14,3,6
2023-01-07,14,Pussy & Millions,Drake & 21 Savage Featuring Travis Scott,-,5,5
2023-01-07,15,Super Freaky Girl,Nicki Minaj,-,1,13
2023-01-14,1,Rich Flex,Drake & 21 Savage,1,1,9
2023-01-14,2,Superhero (Heroes & Villains),"Metro Boomin , Future & Chris Brown",2,1,5
2023-01-14,3,Just Wanna Rock,Lil Uzi Vert,3,1,10
2023-01-14,4,Wait For U,Future Featuring Drake & Tems,4,1,33
2023-01-14,5,Tomorrow 2,GloRilla & Cardi B,5,1,13
2023-01-14,6,Hotel Lobby (Unc And Phew),Quavo & TakeOff,6,6,14
2023-01-14,7,Jimmy Cooks,Drake Featuring 21 Savage,7,1,26
2023-01-14,8,Spin Bout U,Drake & 21 Savage,9,3,9
2023-01-14,9,Too Many Nights,Metro Boomin Featuring Don Toliver & Future,8,3,5
2023-01-14,10,Freestyle,Lil Baby,11,6,14
2023-01-14,11,No Role Modelz,J. Cole,12,8,29
2023-01-14,12,Vegas,Doja Cat,-,4,21
2023-01-14,13,Super Freaky Girl,Nicki Minaj,15,1,14
2023-01-14,14,Niagara Falls (Foot Or 2),"Metro Boomin , Travis Scott & 21 Savage",10,5,5
2023-01-14,15,California Breeze,Lil Baby,-,1,4
2023-01-21,1,Rich Flex,Drake & 21 Savage,1,1,10
2023-01-21,2,Superhero (Heroes & Villains),"Metro Boomin , Future & Chris Brown",2,1,6
2023-01-21,3,Just Wanna Rock,Lil Uzi Vert,3,1,11
2023-01-21,4,Wait For U,Future Featuring Drake & Tems,4,1,34
2023-01-21,5,Hotel Lobby (Unc And Phew),Quavo & TakeOff,6,5,15
2023-01-21,6,Jimmy Cooks,Drake Featuring 21 Savage,7,1,27
2023-01-21,7,Tomorrow 2,GloRilla & Cardi B,5,1,14
2023-01-21,8,Spin Bout U,Drake & 21 Savage,8,3,10
2023-01-21,9,Too Many Nights,Metro Boomin Featuring Don Toliver & Future,9,3,6
2023-01-21,10,No Role Modelz,J. Cole,11,8,30
2023-01-21,11,Freestyle,Lil Baby,10,6,15
2023-01-21,12,Niagara Falls (Foot Or 2),"Metro Boomin , Travis Scott & 21 Savage",14,5,6
2023-01-21,13,Super Freaky Girl,Nicki Minaj,13,1,15
2023-01-21,14,Vegas,Doja Cat,12,4,22
2023-01-21,15,Sunflower (Spider-Man: Into The Spider-Verse),Post Malone & Swae Lee,-,1,90
2023-01-28,1,Rich Flex,Drake & 21 Savage,1,1,11
2023-01-28,2,Superhero (Heroes & Villains),"Metro Boomin , Future & Chris Brown",2,1,7
2023-01-28,3,Just Wanna Rock,Lil Uzi Vert,3,1,12
2023-01-28,4,Wait For U,Future Featuring Drake & Tems,4,1,35
2023-01-28,5,Hotel Lobby (Unc And Phew),Quavo & TakeOff,5,5,16
2023-01-28,6,On Wat U On,Moneybagg Yo x GloRilla,-,6,1
2023-01-28,7,Jimmy Cooks,Drake Featuring 21 Savage,6,1,28
2023-01-28,8,Tomorrow 2,GloRilla & Cardi B,7,1,15
2023-01-28,9,No Role Modelz,J. Cole,10,8,31
2023-01-28,10,Spin Bout U,Drake & 21 Savage,8,3,11
2023-01-28,11,Freestyle,Lil Baby,11,6,16
2023-01-28,12,Too Many Nights,Metro Boomin Featuring Don Toliver & Future,9,3,7
2023-01-28,13,Sunflower (Spider-Man: Into The Spider-Verse),Post Malone & Swae Lee,15,1,91
2023-01-28,14,Super Gremlin,Kodak Black,-,1,43
2023-01-28,15,Super Freaky Girl,Nicki Minaj,13,1,16
2023-02-04,1,Rich Flex,Drake & 21 Savage,1,1,12
2023-02-04,2,Superhero (Heroes & Villains),"Metro Boomin , Future & Chris Brown",2,1,8
2023-02-04,3,Just Wanna Rock,Lil Uzi Vert,3,1,13
2023-02-04,4,Knight Crawler,Trippie Redd & Juice WRLD,-,4,1
2023-02-04,5,Wait For U,Future Featuring Drake & Tems,4,1,36
2023-02-04,6,Jimmy Cooks,Drake Featuring 21 Savage,7,1,29
2023-02-04,7,Hotel Lobby (Unc And Phew),Quavo & TakeOff,5,5,17
2023-02-04,8,Tomorrow 2,GloRilla & Cardi B,8,1,16
2023-02-04,9,No Role Modelz,J. Cole,9,8,32
2023-02-04,10,Freestyle,Lil Baby,11,6,17
2023-02-04,11,Spin Bout U,Drake & 21 Savage,10,3,12
2023-02-04,12,Too Many Nights,Metro Boomin Featuring Don Toliver & Future,12,3,8
2023-02-04,13,Players,Coi Leray,-,13,1
2023-02-04,14,Sunflower (Spider-Man: Into The Spider-Verse),Post Malone & Swae Lee,13,1,92
2023-02-04,15,Fully Loaded,"Trippie Redd , Future & Lil Baby",-,15,1
2023-02-11,1,Rich Flex,Drake & 21 Savage,1,1,13
2023-02-11,2,Superhero (Heroes & Villains),"Metro Boomin , Future & Chris Brown",2,1,9
2023-02-11,3,Just Wanna Rock,Lil Uzi Vert,3,1,14
2023-02-11,4,Wait For U,Future Featuring Drake & Tems,5,1,37
2023-02-11,5,Jimmy Cooks,Drake Featuring 21 Savage,6,1,30
2023-02-11,6,Hotel Lobby (Unc And Phew),Quavo & TakeOff,7,5,18
2023-02-11,7,Freestyle,Lil Baby,10,6,18
2023-02-11,8,No Role Modelz,J. Cole,9,8,33
2023-02-11,9,Players,Coi Leray,13,9,2
2023-02-11,10,Tomorrow 2,GloRilla & Cardi B,8,1,17
2023-02-11,11,Spin Bout U,Drake & 21 Savage,11,3,13
2023-02-11,12,Sunflower (Spider-Man: Into The Spider-Verse),Post Malone & Swae Lee,14,1,93
2023-02-11,13,Too Many Nights,Metro Boomin Featuring Don Toliver & Future,12,3,9
2023-02-11,14,Puffin On Zootiez,Future,-,2,16
2023-02-11,15,Knife Talk,Drake Featuring 21 Savage & Project Pat,-,2,37
2023-02-18,1,Rich Flex,Drake & 21 Savage,1,1,14
2023-02-18,2,Just Wanna Rock,Lil Uzi Vert,3,1,15
2023-02-18,3,Superhero (Heroes & Villains),"Metro Boomin , Future & Chris Brown",2,1,10
2023-02-18,4,Wait For U,Future Featuring Drake & Tems,4,1,38
2023-02-18,5,Players,Coi Leray,9,5,3
2023-02-18,6,Jimmy Cooks,Drake Featuring 21 Savage,5,1,31
2023-02-18,7,Freestyle,Lil Baby,7,6,19
2023-02-18,8,Hotel Lobby (Unc And Phew),Quavo & TakeOff,6,5,19
2023-02-18,9,No Role Modelz,J. Cole,8,8,34
2023-02-18,10,Tomorrow 2,GloRilla & Cardi B,10,1,18
2023-02-18,11,Spin Bout U,Drake & 21 Savage,11,3,14
2023-02-18,12,Sunflower (Spider-Man: Into The Spider-Verse),Post Malone & Swae Lee,12,1,94
2023-02-18,13,Puffin On Zootiez,Future,14,2,17
2023-02-18,14,In Ha Mood,Ice Spice,-,14,1
2023-02-18,15,Knife Talk,Drake Featuring 21 Savage & Project Pat,15,2,38
2023-02-25,1,Just Wanna Rock,Lil Uzi Vert,2,1,16
2023-02-25,2,Rich Flex,Drake & 21 Savage,1,1,15
2023-02-25,3,Superhero (Heroes & Villains),"Metro Boomin , Future & Chris Brown",3,1,11
2023-02-25,4,Players,Coi Leray,5,4,4
2023-02-25,5,Wait For U,Future Featuring Drake & Tems,4,1,39
2023-02-25,6,Freestyle,Lil Baby,7,6,20
2023-02-25,7,Jimmy Cooks,Drake Featuring 21 Savage,6,1,32
2023-02-25,8,No Role Modelz,J. Cole,9,8,35
2023-02-25,9,Hotel Lobby (Unc And Phew),Quavo & TakeOff,8,5,20
2023-02-25,10,Tomorrow 2,GloRilla & Cardi B,10,1,19
2023-02-25,11,In Ha Mood,Ice Spice,14,11,2
2023-02-25,12,Run This Town,"Jay-Z , Rihanna & Kanye West",-,12,1
2023-02-25,13,Spin Bout U,Drake & 21 Savage,11,3,15
2023-02-25,14,Sunflower (Spider-Man: Into The Spider-Verse),Post Malone & Swae Lee,12,1,95
2023-02-25,15,Glock In My Lap,21 Savage & Metro Boomin,-,7,2
2023-03-04,1,Just Wanna Rock,Lil Uzi Vert,1,1,17
2023-03-04,2,Superhero (Heroes & Villains),"Metro Boomin , Future & Chris Brown",3,1,12
2023-03-04,3,Rich Flex,Drake & 21 Savage,2,1,16
2023-03-04,4,Painting Pictures,Superstar Pride,-,4,1
2023-03-04,5,Players,Coi Leray,4,4,5
2023-03-04,6,Favorite Song,Toosii,-,6,1
2023-03-04,7,Hope,NF,-,7,1
2023-03-04,8,Wait For U,Future Featuring Drake & Tems,5,1,40
2023-03-04,9,Watch This (ARIZONATEARS Pluggnb Remix),Lil Uzi Vert,-,9,1
2023-03-04,10,Freestyle,Lil Baby,6,6,21
2023-03-04,11,No Role Modelz,J. Cole,8,8,36
2023-03-04,12,Jimmy Cooks,Drake Featuring 21 Savage,7,1,33
2023-03-04,13,Hotel Lobby (Unc And Phew),Quavo & TakeOff,9,5,21
2023-03-04,14,No Time Wasted,Polo G & Future,-,14,1
2023-03-04,15,In Ha Mood,Ice Spice,11,11,3
2023-03-11,1,Painting Pictures,Superstar Pride,4,1,2
2023-03-11,2,Just Wanna Rock,Lil Uzi Vert,1,1,18
2023-03-11,3,Superhero (Heroes & Villains),"Metro Boomin , Future & Chris Brown",2,1,13
2023-03-11,4,Rich Flex,Drake & 21 Savage,3,1,17
2023-03-11,5,Players,Coi Leray,5,4,6
2023-03-11,6,Favorite Song,Toosii,6,6,2
2023-03-11,7,Wait For U,Future Featuring Drake & Tems,8,1,41
2023-03-11,8,Watch This (ARIZONATEARS Pluggnb Remix),Lil Uzi Vert,9,8,2
2023-03-11,9,Freestyle,Lil Baby,10,6,22
2023-03-11,10,No Role Modelz,J. Cole,11,8,37
2023-03-11,11,Kant Nobody,Lil Wayne Featuring DMX,-,11,1
2023-03-11,12,Spin Bout U,Drake & 21 Savage,-,3,16
2023-03-11,13,Jimmy Cooks,Drake Featuring 21 Savage,12,1,34
2023-03-11,14,Private Landing,Don Toliver Featuring Justin Bieber & Future,-,14,1
2023-03-11,15,No More Talk,Yeat,-,15,1
2023-03-18,1,Red Ruby Da Sleeze,Nicki Minaj,-,1,1
2023-03-18,2,Just Wanna Rock,Lil Uzi Vert,2,1,19
2023-03-18,3,Superhero (Heroes & Villains),"Metro Boomin , Future & Chris Brown",3,1,14
2023-03-18,4,Rich Flex,Drake & 21 Savage,4,1,18
2023-03-18,5,Painting Pictures,Superstar Pride,1,1,3
2023-03-18,6,Favorite Song,Toosii,6,6,3
2023-03-18,7,Players,Coi Leray,5,4,7
2023-03-18,8,Wait For U,Future Featuring Drake & Tems,7,1,42
2023-03-18,9,Watch This (ARIZONATEARS Pluggnb Remix),Lil Uzi Vert,8,8,3
2023-03-18,10,Freestyle,Lil Baby,9,6,23
2023-03-18,11,Private Landing,Don Toliver Featuring Justin Bieber & Future,14,11,2
2023-03-18,12,No Role Modelz,J. Cole,10,8,38
2023-03-18,13,Spin Bout U,Drake & 21 Savage,12,3,17
2023-03-18,14,Trance,"Metro Boomin , Travis Scott & Young Thug",-,7,3
2023-03-18,15,Jimmy Cooks,Drake Featuring 21 Savage,13,1,35
2023-03-25,1,Favorite Song,Toosii,6,1,4
2023-03-25,2,Just Wanna Rock,Lil Uzi Vert,2,1,20
2023-03-25,3,Superhero (Heroes & Villains),"Metro Boomin , Future & Chris Brown",3,1,15
2023-03-25,4,Rich Flex,Drake & 21 Savage,4,1,19
2023-03-25,5,Red Ruby Da Sleeze,Nicki Minaj,1,1,2
2023-03-25,6,Players,Coi Leray,7,4,8
2023-03-25,7,Painting Pictures,Superstar Pride,5,1,4
2023-03-25,8,Wait For U,Future Featuring Drake & Tems,8,1,43
2023-03-25,9,Trance,"Metro Boomin , Travis Scott & Young Thug",14,7,4
2023-03-25,10,Freestyle,Lil Baby,10,6,24
2023-03-25,11,Watch This (ARIZONATEARS Pluggnb Remix),Lil Uzi Vert,9,8,4
2023-03-25,12,No Role Modelz,J. Cole,12,8,39
2023-03-25,13,Spin Bout U,Drake & 21 Savage,13,3,18
2023-03-25,14,Jimmy Cooks,Drake Featuring 21 Savage,15,1,36
2023-03-25,15,In Ha Mood,Ice Spice,-,11,4
2023-04-01,1,Favorite Song,Toosii,1,1,5
2023-04-01,2,Just Wanna Rock,Lil Uzi Vert,2,1,21
2023-04-01,3,Superhero (Heroes & Villains),"Metro Boomin , Future & Chris Brown",3,1,16
2023-04-01,4,Rich Flex,Drake & 21 Savage,4,1,20
2023-04-01,5,Players,Coi Leray,6,4,9
2023-04-01,6,Painting Pictures,Superstar Pride,7,1,5
2023-04-01,7,Red Ruby Da Sleeze,Nicki Minaj,5,1,3
2023-04-01,8,Wait For U,Future Featuring Drake & Tems,8,1,44
2023-04-01,9,Freestyle,Lil Baby,10,6,25
2023-04-01,10,Trance,"Metro Boomin , Travis Scott & Young Thug",9,7,5
2023-04-01,11,Spin Bout U,Drake & 21 Savage,13,3,19
2023-04-01,12,No Role Modelz,J. Cole,12,8,40
2023-04-01,13,Watch This (ARIZONATEARS Pluggnb Remix),Lil Uzi Vert,11,8,5
2023-04-01,14,Jimmy Cooks,Drake Featuring 21 Savage,14,1,37
2023-04-01,15,In Ha Mood,Ice Spice,15,11,5
2023-04-08,1,Favorite Song,Toosii,1,1,6
2023-04-08,2,Just Wanna Rock,Lil Uzi Vert,2,1,22
2023-04-08,3,Superhero (Heroes & Villains),"Metro Boomin , Future & Chris Brown",3,1,17
2023-04-08,4,Rich Flex,Drake & 21 Savage,4,1,21
2023-04-08,5,Players,Coi Leray,5,4,10
2023-04-08,6,Low Down,Lil Baby,-,6,1
2023-04-08,7,Painting Pictures,Superstar Pride,6,1,6
2023-04-08,8,Wait For U,Future Featuring Drake & Tems,8,1,45
2023-04-08,9,Freestyle,Lil Baby,9,6,26
2023-04-08,10,Trance,"Metro Boomin , Travis Scott & Young Thug",10,7,6
2023-04-08,11,No Role Modelz,J. Cole,12,8,41
2023-04-08,12,Spin Bout U,Drake & 21 Savage,11,3,20
2023-04-08,13,Red Ruby Da Sleeze,Nicki Minaj,7,1,4
2023-04-08,14,Dogtooth,"Tyler, The Creator",-,14,1
2023-04-08,15,Jimmy Cooks,Drake Featuring 21 Savage,14,1,38
2023-04-15,1,Fight The Feeling,Rod Wave,-,1,1
2023-04-15,2,Favorite Song,Toosii,1,1,7
2023-04-15,3,Dogtooth,"Tyler, The Creator",14,3,2
2023-04-15,4,Slut Me Out,NLE Choppa,-,4,1
2023-04-15,5,Just Wanna Rock,Lil Uzi Vert,2,1,23
2023-04-15,6,Rich Flex,Drake & 21 Savage,4,1,22
2023-04-15,7,Sorry Not Sorry,"Tyler, The Creator",-,7,1
2023-04-15,8,Superhero (Heroes & Villains),"Metro Boomin , Future & Chris Brown",3,1,18
2023-04-15,9,Players,Coi Leray,5,4,11
2023-04-15,10,Low Down,Lil Baby,6,6,2
2023-04-15,11,Wait For U,Future Featuring Drake & Tems,8,1,46
2023-04-15,12,Freestyle,Lil Baby,9,6,27
2023-04-15,13,Trance,"Metro Boomin , Travis Scott & Young Thug",10,7,7
2023-04-15,14,No Role Modelz,J. Cole,11,8,42
2023-04-15,15,Spin Bout U,Drake & 21 Savage,12,3,21
2023-04-22,1,Search & Rescue,Drake,-,1,1
2023-04-22,2,Favorite Song,Toosii,2,1,8
2023-04-22,3,Slut Me Out,NLE Choppa,4,3,2
2023-04-22,4,Fight The Feeling,Rod Wave,1,1,2
2023-04-22,5,Just Wanna Rock,Lil Uzi Vert,5,1,24
2023-04-22,6,Superhero (Heroes & Villains),"Metro Boomin , Future & Chris Brown",8,1,19
2023-04-22,7,Rich Flex,Drake & 21 Savage,6,1,23
2023-04-22,8,Players,Coi Leray,9,4,12
2023-04-22,9,Low Down,Lil Baby,10,6,3
2023-04-22,10,Wait For U,Future Featuring Drake & Tems,11,1,47
2023-04-22,11,Dogtooth,"Tyler, The Creator",3,3,3
2023-04-22,12,Strike (Holster),Lil Yachty,-,12,1
2023-04-22,13,Freestyle,Lil Baby,12,6,28
2023-04-22,14,Spin Bout U,Drake & 21 Savage,15,3,22
2023-04-22,15,No Role Modelz,J. Cole,14,8,43
2023-04-29,1,Search & Rescue,Drake,1,1,2
2023-04-29,2,Princess Diana,Ice Spice & Nicki Minaj,-,2,1
2023-04-29,3,Favorite Song,Toosii,2,1,9
2023-04-29,4,Slut Me Out,NLE Choppa,3,3,3
2023-04-29,5,Superhero (Heroes & Villains),"Metro Boomin , Future & Chris Brown",6,1,20
2023-04-29,6,Players,Coi Leray,8,4,13
2023-04-29,7,Rich Flex,Drake & 21 Savage,7,1,24
2023-04-29,8,Just Wanna Rock,Lil Uzi Vert,5,1,25
2023-04-29,9,Low Down,Lil Baby,9,6,4
2023-04-29,10,Fight The Feeling,Rod Wave,4,1,3
2023-04-29,11,Wait For U,Future Featuring Drake & Tems,10,1,48
2023-04-29,12,Freestyle,Lil Baby,13,6,29
2023-04-29,13,No Role Modelz,J. Cole,15,8,44
2023-04-29,14,Trance,"Metro Boomin , Travis Scott & Young Thug",-,7,8
2023-04-29,15,Spin Bout U,Drake & 21 Savage,14,3,23
2023-05-06,1,Search & Rescue,Drake,1,1,3
2023-05-06,2,Favorite Song,Toosii,3,1,10
2023-05-06,3,Slut Me Out,NLE Choppa,4,3,4
2023-05-06,4,Princess Diana,Ice Spice & Nicki Minaj,2,2,2
2023-05-06,5,Superhero (Heroes & Villains),"Metro Boomin , Future & Chris Brown",5,1,21
2023-05-06,6,Players,Coi Leray,6,4,14
2023-05-06,7,Just Wanna Rock,Lil Uzi Vert,8,1,26
2023-05-06,8,Rich Flex,Drake & 21 Savage,7,1,25
2023-05-06,9,Low Down,Lil Baby,9,6,5
2023-05-06,10,Wait For U,Future Featuring Drake & Tems,11,1,49
2023-05-06,11,Freestyle,Lil Baby,12,6,30
2023-05-06,12,Trance,"Metro Boomin , Travis Scott & Young Thug",14,7,9
2023-05-06,13,No Role Modelz,J. Cole,13,8,45
2023-05-06,14,Fight The Feeling,Rod Wave,10,1,4
2023-05-06,15,Spin Bout U,Drake & 21 Savage,15,3,24
2023-05-13,1,Search & Rescue,Drake,1,1,4
2023-05-13,2,Favorite Song,Toosii,2,1,11
2023-05-13,3,Princess Diana,Ice Spice & Nicki Minaj,4,2,3
2023-05-13,4,Slut Me Out,NLE Choppa,3,3,5
2023-05-13,5,Superhero (Heroes & Villains),"Metro Boomin , Future & Chris Brown",5,1,22
2023-05-13,6,They Don't Love It,Jack Harlow,-,6,1
2023-05-13,7,Players,Coi Leray,6,4,15
2023-05-13,8,Rich Flex,Drake & 21 Savage,8,1,26
2023-05-13,9,Just Wanna Rock,Lil Uzi Vert,7,1,27
2023-05-13,10,Wait For U,Future Featuring Drake & Tems,10,1,50
2023-05-13,11,Low Down,Lil Baby,9,6,6
2023-05-13,12,Freestyle,Lil Baby,11,6,31
2023-05-13,13,No Role Modelz,J. Cole,13,8,46
2023-05-13,14,Trance,"Metro Boomin , Travis Scott & Young Thug",12,7,10
2023-05-13,15,Spin Bout U,Drake & 21 Savage,15,3,25
2023-05-20,1,Favorite Song,Toosii,2,1,12
2023-05-20,2,Search & Rescue,Drake,1,1,5
2023-05-20,3,Slut Me Out,NLE Choppa,4,3,6
2023-05-20,4,Princess Diana,Ice Spice & Nicki Minaj,3,2,4
2023-05-20,5,Area Codes,Kaliii,-,5,1
2023-05-20,6,Superhero (Heroes & Villains),"Metro Boomin , Future & Chris Brown",5,1,23
2023-05-20,7,Rich Flex,Drake & 21 Savage,8,1,27
2023-05-20,8,Go Hard,Lil Baby,-,8,1
2023-05-20,9,Players,Coi Leray,7,4,16
2023-05-20,10,Just Wanna Rock,Lil Uzi Vert,9,1,28
2023-05-20,11,Wait For U,Future Featuring Drake & Tems,10,1,51
2023-05-20,12,Low Down,Lil Baby,11,6,7
2023-05-20,13,Freestyle,Lil Baby,12,6,32
2023-05-20,14,No Role Modelz,J. Cole,13,8,47
2023-05-20,15,Spin Bout U,Drake & 21 Savage,15,3,26
2023-05-27,1,All My Life,Lil Durk Featuring J. Cole,-,1,1
2023-05-27,2,Favorite Song,Toosii,1,1,13
2023-05-27,3,Search & Rescue,Drake,2,1,6
2023-05-27,4,Area Codes,Kaliii,5,4,2
2023-05-27,5,Mathematical Disrespect,Lil Mabu,-,5,1
2023-05-27,6,Slut Me Out,NLE Choppa,3,3,7
2023-05-27,7,Princess Diana,Ice Spice & Nicki Minaj,4,2,5
2023-05-27,8,Superhero (Heroes & Villains),"Metro Boomin , Future & Chris Brown",6,1,24
2023-05-27,9,Wait For U,Future Featuring Drake & Tems,11,1,52
2023-05-27,10,Rich Flex,Drake & 21 Savage,7,1,28
2023-05-27,11,Players,Coi Leray,9,4,17
2023-05-27,12,Just Wanna Rock,Lil Uzi Vert,10,1,29
2023-05-27,13,Bitch Let's Do It,YoungBoy Never Broke Again,-,13,1
2023-05-27,14,Freestyle,Lil Baby,13,6,33
2023-05-27,15,No Role Modelz,J. Cole,14,8,48
2023-06-03,1,All My Life,Lil Durk Featuring J. Cole,1,1,2
2023-06-03,2,Favorite Song,Toosii,2,1,14
2023-06-03,3,Search & Rescue,Drake,3,1,7
2023-06-03,4,Area Codes,Kaliii,4,4,3
2023-06-03,5,Slut Me Out,NLE Choppa,6,3,8
2023-06-03,6,Mathematical Disrespect,Lil Mabu,5,5,2
2023-06-03,7,Superhero (Heroes & Villains),"Metro Boomin , Future & Chris Brown",8,1,25
2023-06-03,8,Princess Diana,Ice Spice & Nicki Minaj,7,2,6
2023-06-03,9,Wait For U,Future Featuring Drake & Tems,9,1,53
2023-06-03,10,"To Summer, From Cole (Audio Hug)",Summer Walker & J. Cole,-,10,1
2023-06-03,11,Freestyle,Lil Baby,14,6,34
2023-06-03,12,Rich Flex,Drake & 21 Savage,10,1,29
2023-06-03,13,Just Wanna Rock,Lil Uzi Vert,12,1,30
2023-06-03,14,Players,Coi Leray,11,4,18
2023-06-03,15,No Role Modelz,J. Cole,15,8,49
2023-06-10,1,All My Life,Lil Durk Featuring J. Cole,1,1,3
2023-06-10,2,Favorite Song,Toosii,2,1,15
2023-06-10,3,Stand By Me,Lil Durk Featuring Morgan Wallen,-,3,1
2023-06-10,4,Pelle Coat,Lil Durk,-,4,1
2023-06-10,5,Search & Rescue,Drake,3,1,8
2023-06-10,6,War Bout It,Lil Durk Featuring 21 Savage,-,6,1
2023-06-10,7,Area Codes,Kaliii,4,4,4
2023-06-10,8,Never Imagined,Lil Durk Featuring Future,-,8,1
2023-06-10,9,Never Again,Lil Durk,-,9,1
2023-06-10,10,Wait For U,Future Featuring Drake & Tems,9,1,54
2023-06-10,11,Big Dawg,Lil Durk & Chief Wuk,-,11,1
2023-06-10,12,Slut Me Out,NLE Choppa,5,3,9
2023-06-10,13,Princess Diana,Ice Spice & Nicki Minaj,8,2,7
2023-06-10,14,Superhero (Heroes & Villains),"Metro Boomin , Future & Chris Brown",7,1,26
2023-06-10,15,Cross The Globe,Lil Durk Featuring Juice WRLD,-,15,1
2023-06-17,1,All My Life,Lil Durk Featuring J. Cole,1,1,4
2023-06-17,2,Favorite Song,Toosii,2,1,16
2023-06-17,3,Put It On Da Floor Again,Latto Featuring Cardi B,-,3,1
2023-06-17,4,Stand By Me,Lil Durk Featuring Morgan Wallen,3,3,2
2023-06-17,5,Search & Rescue,Drake,5,1,9
2023-06-17,6,Calling,"Metro Boomin , Swae Lee & Nav Featuring A Boogie wit da Hoodie",-,6,1
2023-06-17,7,Annihilate,"Metro Boomin , Swae Lee , Lil Wayne & Offset",-,7,1
2023-06-17,8,Area Codes,Kaliii,7,4,5
2023-06-17,9,Bread & Butter,Gunna,-,9,1
2023-06-17,10,Am I Dreaming,"Metro Boomin , A$AP Rocky & Roisee",-,10,1
2023-06-17,11,Sunflower (Spider-Man: Into The Spider-Verse),Post Malone & Swae Lee,-,1,96
2023-06-17,12,Keep It Low,Moneybagg Yo Featuring Future,-,12,1
2023-06-17,13,All The Way Live,"Metro Boomin , Future & Lil Uzi Vert",-,13,1
2023-06-17,14,Self Love,Metro Boomin & Coi Leray,-,14,1
2023-06-17,15,Superhero (Heroes & Villains),"Metro Boomin , Future & Chris Brown",14,1,27
2023-06-24,1,All My Life,Lil Durk Featuring J. Cole,1,1,5
2023-06-24,2,Favorite Song,Toosii,2,1,17
2023-06-24,3,Search & Rescue,Drake,5,1,10
2023-06-24,4,Stand By Me,Lil Durk Featuring Morgan Wallen,4,3,3
2023-06-24,5,Put It On Da Floor Again,Latto Featuring Cardi B,3,3,2
2023-06-24,6,Calling,"Metro Boomin , Swae Lee & Nav Featuring A Boogie wit da Hoodie",6,6,2
2023-06-24,7,Annihilate,"Metro Boomin , Swae Lee , Lil Wayne & Offset",7,7,2
2023-06-24,8,Area Codes,Kaliii,8,4,6
2023-06-24,9,Sunflower (Spider-Man: Into The Spider-Verse),Post Malone & Swae Lee,11,1,97
2023-06-24,10,Am I Dreaming,"Metro Boomin , A$AP Rocky & Roisee",10,10,2
2023-06-24,11,Self Love,Metro Boomin & Coi Leray,14,11,2
2023-06-24,12,Superhero (Heroes & Villains),"Metro Boomin , Future & Chris Brown",15,1,28
2023-06-24,13,Wait For U,Future Featuring Drake & Tems,-,1,55
2023-06-24,14,Freestyle,Lil Baby,-,6,35
2023-06-24,15,No Role Modelz,J. Cole,-,8,50
2023-07-01,1,All My Life,Lil Durk Featuring J. Cole,1,1,6
2023-07-01,2,Fukumean,Gunna,-,2,1
2023-07-01,3,Favorite Song,Toosii,2,1,18
2023-07-01,4,Back To The Moon,Gunna,-,4,1
2023-07-01,5,Attention,Doja Cat,-,5,1
2023-07-01,6,Rodeo Dr,Gunna,-,6,1
2023-07-01,7,Stand By Me,Lil Durk Featuring Morgan Wallen,4,3,4
2023-07-01,8,Search & Rescue,Drake,3,1,11
2023-07-01,9,Area Codes,Kaliii,8,4,7
2023-07-01,10,Back At It,Gunna,-,10,1
2023-07-01,11,Bread & Butter,Gunna,-,9,2
2023-07-01,12,Put It On Da Floor Again,Latto Featuring Cardi B,5,3,3
2023-07-01,13,Sunflower (Spider-Man: Into The Spider-Verse),Post Malone & Swae Lee,9,1,98
2023-07-01,14,Calling,"Metro Boomin , Swae Lee & Nav Featuring A Boogie wit da Hoodie",6,6,3
2023-07-01,15,Annihilate,"Metro Boomin , Swae Lee , Lil Wayne & Offset",7,7,3
2023-07-08,1,Fukumean,Gunna,2,1,2
2023-07-08,2,All My Life,Lil Durk Featuring J. Cole,1,1,7
2023-07-08,3,Oh U Went,Young Thug Featuring Drake,-,3,1
2023-07-08,4,Barbie World,Nicki Minaj & Ice Spice With Aqua,-,4,1
2023-07-08,5,Favorite Song,Toosii,3,1,19
2023-07-08,6,Parade On Cleveland,Young Thug Featuring Drake,-,6,1
2023-07-08,7,Search & Rescue,Drake,8,1,12
2023-07-08,8,Cars Bring Me Out,Young Thug Featuring Future,-,8,1
2023-07-08,9,Stand By Me,Lil Durk Featuring Morgan Wallen,7,3,5
2023-07-08,10,Sunflower (Spider-Man: Into The Spider-Verse),Post Malone & Swae Lee,13,1,99
2023-07-08,11,Area Codes,Kaliii,9,4,8
2023-07-08,12,Wit Da Racks,"Young Thug Featuring 21 Savage , Travis Scott & Yak Gotti",-,12,1
2023-07-08,13,Put It On Da Floor Again,Latto Featuring Cardi B,12,3,4
2023-07-08,14,Want Me Dead,Young Thug Featuring 21 Savage,-,14,1
2023-07-08,15,Doomsday.,"Lyrical Lemonade, Juice WRLD & Cordae",-,15,1
2023-07-15,1,Fukumean,Gunna,1,1,3
2023-07-15,2,Flooded The Face,Lil Uzi Vert,-,2,1
2023-07-15,3,All My Life,Lil Durk Featuring J. Cole,2,1,8
2023-07-15,4,Endless Fashion,Lil Uzi Vert Featuring Nicki Minaj,-,4,1
2023-07-15,5,Favorite Song,Toosii,5,1,20
2023-07-15,6,Suicide Doors,Lil Uzi Vert,-,6,1
2023-07-15,7,Aye,Lil Uzi Vert Featuring Travis Scott,-,7,1
2023-07-15,8,Barbie World,Nicki Minaj & Ice Spice With Aqua,4,4,2
2023-07-15,9,Just Wanna Rock,Lil Uzi Vert,-,1,31
2023-07-15,10,I Gotta,Lil Uzi Vert,-,10,1
2023-07-15,11,Spin Again,Lil Uzi Vert,-,11,1
2023-07-15,12,Crush Em,Lil Uzi Vert,-,12,1
2023-07-15,13,Search & Rescue,Drake,7,1,13
2023-07-15,14,X2,Lil Uzi Vert,-,14,1
2023-07-15,15,Oh U Went,Young Thug Featuring Drake,3,3,2
2023-07-22,1,Fukumean,Gunna,1,1,4
2023-07-22,2,All My Life,Lil Durk Featuring J. Cole,3,1,9
2023-07-22,3,Favorite Song,Toosii,5,1,21
2023-07-22,4,Barbie World,Nicki Minaj & Ice Spice With Aqua,8,4,3
2023-07-22,5,Flooded The Face,Lil Uzi Vert,2,2,2
2023-07-22,6,Search & Rescue,Drake,13,1,14
2023-07-22,7,Stand By Me,Lil Durk Featuring Morgan Wallen,-,3,6
2023-07-22,8,Sunflower (Spider-Man: Into The Spider-Verse),Post Malone & Swae Lee,-,1,100
2023-07-22,9,Endless Fashion,Lil Uzi Vert Featuring Nicki Minaj,4,4,2
2023-07-22,10,Oh U Went,Young Thug Featuring Drake,15,3,3
2023-07-22,11,Put It On Da Floor Again,Latto Featuring Cardi B,-,3,5
2023-07-22,12,Peaches & Eggplants,Young Nudy Featuring 21 Savage,-,12,1
2023-07-22,13,Wait For U,Future Featuring Drake & Tems,-,1,56
2023-07-22,14,Area Codes,Kaliii,-,4,9
2023-07-22,15,Just Wanna Rock,Lil Uzi Vert,9,1,32
2023-07-29,1,Fukumean,Gunna,1,1,5
2023-07-29,2,All My Life,Lil Durk Featuring J. Cole,2,1,10
2023-07-29,3,Favorite Song,Toosii,3,1,22
2023-07-29,4,Barbie World,Nicki Minaj & Ice Spice With Aqua,4,4,4
2023-07-29,5,Search & Rescue,Drake,6,1,15
2023-07-29,6,Sunflower (Spider-Man: Into The Spider-Verse),Post Malone & Swae Lee,8,1,101
2023-07-29,7,Stand By Me,Lil Durk Featuring Morgan Wallen,7,3,7
2023-07-29,8,Peaches & Eggplants,Young Nudy Featuring 21 Savage,12,8,2
2023-07-29,9,Flooded The Face,Lil Uzi Vert,5,2,3
2023-07-29,10,Wait For U,Future Featuring Drake & Tems,13,1,57
2023-07-29,11,Oh U Went,Young Thug Featuring Drake,10,3,4
2023-07-29,12,Put It On Da Floor Again,Latto Featuring Cardi B,11,3,6
2023-07-29,13,Area Codes,Kaliii,14,4,10
2023-07-29,14,No Role Modelz,J. Cole,-,8,51
2023-07-29,15,Jimmy Cooks,Drake Featuring 21 Savage,-,1,39
2023-08-05,1,Fukumean,Gunna,1,1,6
2023-08-05,2,Barbie World,Nicki Minaj & Ice Spice With Aqua,4,2,5
2023-08-05,3,K-POP,"Travis Scott , Bad Bunny & The Weeknd",-,3,1
2023-08-05,4,All My Life,Lil Durk Featuring J. Cole,2,1,11
2023-08-05,5,Favorite Song,Toosii,3,1,23
2023-08-05,6,Deli,Ice Spice,-,6,1
2023-08-05,7,Search & Rescue,Drake,5,1,16
2023-08-05,8,Sunflower (Spider-Man: Into The Spider-Verse),Post Malone & Swae Lee,6,1,102
2023-08-05,9,Stand By Me,Lil Durk Featuring Morgan Wallen,7,3,8
2023-08-05,10,Peaches & Eggplants,Young Nudy Featuring 21 Savage,8,8,3
2023-08-05,11,Wait For U,Future Featuring Drake & Tems,10,1,58
2023-08-05,12,Princess Diana,Ice Spice & Nicki Minaj,-,2,8
2023-08-05,13,Put It On Da Floor Again,Latto Featuring Cardi B,12,3,7
2023-08-05,14,Jimmy Cooks,Drake Featuring 21 Savage,15,1,40
2023-08-05,15,Oh U Went,Young Thug Featuring Drake,11,3,5
2023-08-12,1,Meltdown,Travis Scott Featuring Drake,-,1,1
2023-08-12,2,FE!N,Travis Scott Featuring Playboi Carti,-,2,1
2023-08-12,3,Fukumean,Gunna,1,1,7
2023-08-12,4,I Know ?,Travis Scott,-,4,1
2023-08-12,5,Barbie World,Nicki Minaj & Ice Spice With Aqua,2,2,6
2023-08-12,6,Hyaena,Travis Scott,-,6,1
2023-08-12,7,Thank God,Travis Scott,-,7,1
2023-08-12,8,Topia Twins,Travis Scott Featuring Rob49 & 21 Savage,-,8,1
2023-08-12,9,My Eyes,Travis Scott,-,9,1
2023-08-12,10,Modern Jam,Travis Scott Featuring Teezo Touchdown,-,10,1
2023-08-12,11,K-POP,"Travis Scott , Bad Bunny & The Weeknd",3,3,2
2023-08-12,12,Telekinesis,Travis Scott Featuring SZA & Future,-,12,1
2023-08-12,13,Sirens,Travis Scott,-,13,1
2023-08-12,14,God's Country,Travis Scott,-,14,1
2023-08-12,15,Skitzo,Travis Scott Featuring Young Thug,-,15,1
2023-08-19,1,Fukumean,Gunna,3,1,8
2023-08-19,2,Meltdown,Travis Scott Featuring Drake,1,1,2
2023-08-19,3,Barbie World,Nicki Minaj & Ice Spice With Aqua,5,2,7
2023-08-19,4,Paint The Town Red,Doja Cat,-,4,1
2023-08-19,5,I Know ?,Travis Scott,4,4,2
2023-08-19,6,FE!N,Travis Scott Featuring Playboi Carti,2,2,2
2023-08-19,7,Telekinesis,Travis Scott Featuring SZA & Future,12,7,2
2023-08-19,8,All My Life,Lil Durk Featuring J. Cole,-,1,12
2023-08-19,9,K-POP,"Travis Scott , Bad Bunny & The Weeknd",11,3,3
2023-08-19,10,Favorite Song,Toosii,-,1,24
2023-08-19,11,My Eyes,Travis Scott,9,9,2
2023-08-19,12,Topia Twins,Travis Scott Featuring Rob49 & 21 Savage,8,8,2
2023-08-19,13,Deli,Ice Spice,-,6,2
2023-08-19,14,Search & Rescue,Drake,-,1,17
2023-08-19,15,Thank God,Travis Scott,7,7,2
2023-08-26,1,Fukumean,Gunna,1,1,9
2023-08-26,2,Meltdown,Travis Scott Featuring Drake,2,1,3
2023-08-26,3,Barbie World,Nicki Minaj & Ice Spice With Aqua,3,2,8
2023-08-26,4,Paint The Town Red,Doja Cat,4,4,2
2023-08-26,5,I Know ?,Travis Scott,5,4,3
2023-08-26,6,All My Life,Lil Durk Featuring J. Cole,8,1,13
2023-08-26,7,Telekinesis,Travis Scott Featuring SZA & Future,7,7,3
2023-08-26,8,FE!N,Travis Scott Featuring Playboi Carti,6,2,3
2023-08-26,9,Favorite Song,Toosii,10,1,25
2023-08-26,10,Search & Rescue,Drake,14,1,18
2023-08-26,11,K-POP,"Travis Scott , Bad Bunny & The Weeknd",9,3,4
2023-08-26,12,Deli,Ice Spice,13,6,3
2023-08-26,13,Sunflower (Spider-Man: Into The Spider-Verse),Post Malone & Swae Lee,-,1,103
2023-08-26,14,My Eyes,Travis Scott,11,9,3
2023-08-26,15,Topia Twins,Travis Scott Featuring Rob49 & 21 Savage,12,8,3
2023-09-02,1,Paint The Town Red,Doja Cat,4,1,3
2023-09-02,2,Fukumean,Gunna,1,1,10
2023-09-02,3,Barbie World,Nicki Minaj & Ice Spice With Aqua,3,2,9
2023-09-02,4,Call Your Friends,Rod Wave,-,4,1
2023-09-02,5,Meltdown,Travis Scott Featuring Drake,2,1,4
2023-09-02,6,I Know ?,Travis Scott,5,4,4
2023-09-02,7,All My Life,Lil Durk Featuring J. Cole,6,1,14
2023-09-02,8,Telekinesis,Travis Scott Featuring SZA & Future,7,7,4
2023-09-02,9,FE!N,Travis Scott Featuring Playboi Carti,8,2,4
2023-09-02,10,Favorite Song,Toosii,9,1,26
2023-09-02,11,Search & Rescue,Drake,10,1,19
2023-09-02,12,Deli,Ice Spice,12,6,4
2023-09-02,13,Sunflower (Spider-Man: Into The Spider-Verse),Post Malone & Swae Lee,13,1,104
2023-09-02,14,Barely Holdin' On,Polo G,-,14,1
2023-09-02,15,Johnny Dang,"That Mexican OT, Paul Wall & DRODi",-,15,1
2023-09-09,1,Paint The Town Red,Doja Cat,1,1,4
2023-09-09,2,Fukumean,Gunna,2,1,11
2023-09-09,3,Barbie World,Nicki Minaj & Ice Spice With Aqua,3,2,10
2023-09-09,4,Meltdown,Travis Scott Featuring Drake,5,1,5
2023-09-09,5,I Know ?,Travis Scott,6,4,5
2023-09-09,6,All My Life,Lil Durk Featuring J. Cole,7,1,15
2023-09-09,7,Telekinesis,Travis Scott Featuring SZA & Future,8,7,5
2023-09-09,8,Favorite Song,Toosii,10,1,27
2023-09-09,9,FE!N,Travis Scott Featuring Playboi Carti,9,2,5
2023-09-09,10,Search & Rescue,Drake,11,1,20
2023-09-09,11,Sunflower (Spider-Man: Into The Spider-Verse),Post Malone & Swae Lee,13,1,105
2023-09-09,12,Deli,Ice Spice,12,6,5
2023-09-09,13,Jimmy Cooks,Drake Featuring 21 Savage,-,1,41
2023-09-09,14,No Role Modelz,J. Cole,-,8,52
2023-09-09,15,Johnny Dang,"That Mexican OT, Paul Wall & DRODi",15,15,2
2023-09-16,1,Paint The Town Red,Doja Cat,1,1,5
2023-09-16,2,Fukumean,Gunna,2,1,12
2023-09-16,3,I Know ?,Travis Scott,5,3,6
2023-09-16,4,Barbie World,Nicki Minaj & Ice Spice With Aqua,3,2,11
2023-09-16,5,Meltdown,Travis Scott Featuring Drake,4,1,6
2023-09-16,6,All My Life,Lil Durk Featuring J. Cole,6,1,16
2023-09-16,7,Demons,Doja Cat,-,7,1
2023-09-16,8,Telekinesis,Travis Scott Featuring SZA & Future,7,7,6
2023-09-16,9,Favorite Song,Toosii,8,1,28
2023-09-16,10,FE!N,Travis Scott Featuring Playboi Carti,9,2,6
2023-09-16,11,Come See Me,Rod Wave,-,11,1
2023-09-16,12,Search & Rescue,Drake,10,1,21
2023-09-16,13,Sunflower (Spider-Man: Into The Spider-Verse),Post Malone & Swae Lee,11,1,106
2023-09-16,14,Jimmy Cooks,Drake Featuring 21 Savage,13,1,42
2023-09-16,15,Deli,Ice Spice,12,6,6
2023-09-23,1,Paint The Town Red,Doja Cat,1,1,6
2023-09-23,2,Fukumean,Gunna,2,1,13
2023-09-23,3,Bongos,Cardi B & Megan Thee Stallion,-,3,1
2023-09-23,4,I Know ?,Travis Scott,3,3,7
2023-09-23,5,Peaches & Eggplants,Young Nudy Featuring 21 Savage,-,5,4
2023-09-23,6,Meltdown,Travis Scott Featuring Drake,5,1,7
2023-09-23,7,Barbie World,Nicki Minaj & Ice Spice With Aqua,4,2,12
2023-09-23,8,All My Life,Lil Durk Featuring J. Cole,6,1,17
2023-09-23,9,Favorite Song,Toosii,9,1,29
2023-09-23,10,Telekinesis,Travis Scott Featuring SZA & Future,8,7,7
2023-09-23,11,FE!N,Travis Scott Featuring Playboi Carti,10,2,7
2023-09-23,12,Search & Rescue,Drake,12,1,22
2023-09-23,13,Jimmy Cooks,Drake Featuring 21 Savage,14,1,43
2023-09-23,14,No Role Modelz,J. Cole,-,8,53
2023-09-23,15,Sunflower (Spider-Man: Into The Spider-Verse),Post Malone & Swae Lee,13,1,107
2023-09-30,1,Paint The Town Red,Doja Cat,1,1,7
2023-09-30,2,Fukumean,Gunna,2,1,14
2023-09-30,3,Call Your Friends,Rod Wave,-,3,2
2023-09-30,4,Come See Me,Rod Wave,-,4,2
2023-09-30,5,Turks & Caicos,Rod Wave Featuring 21 Savage,-,5,1
2023-09-30,6,Boyz Don't Cry,Rod Wave,-,6,1
2023-09-30,7,Great Gatsby,Rod Wave,-,7,1
2023-09-30,8,Fight The Feeling,Rod Wave,-,1,5
2023-09-30,9,Long Journey,Rod Wave,-,9,1
2023-09-30,10,Nostalgia,Rod Wave & Wet,-,10,1
2023-09-30,11,Crazy,Rod Wave,-,11,1
2023-09-30,12,I Know ?,Travis Scott,4,3,8
2023-09-30,13,HG4,Rod Wave,-,13,1
2023-09-30,14,Checkmate,Rod Wave,-,14,1
2023-09-30,15,Bongos,Cardi B & Megan Thee Stallion,3,3,2
2023-10-07,1,Paint The Town Red,Doja Cat,1,1,8
2023-10-07,2,Fukumean,Gunna,2,1,15
2023-10-07,3,Agora Hills,Doja Cat,-,3,1
2023-10-07,4,Great Gatsby,Rod Wave,7,4,2
2023-10-07,5,I Know ?,Travis Scott,12,3,9
2023-10-07,6,Boyz Don't Cry,Rod Wave,6,6,2
2023-10-07,7,Come See Me,Rod Wave,4,4,3
2023-10-07,8,Call Your Friends,Rod Wave,3,3,3
2023-10-07,9,Turks & Caicos,Rod Wave Featuring 21 Savage,5,5,2
2023-10-07,10,Fight The Feeling,Rod Wave,8,1,6
2023-10-07,11,Peaches & Eggplants,Young Nudy Featuring 21 Savage,-,5,5
2023-10-07,12,Meltdown,Travis Scott Featuring Drake,-,1,8
2023-10-07,13,500lbs,Lil Tecca,-,13,1
2023-10-07,14,Barbie World,Nicki Minaj & Ice Spice With Aqua,-,2,13
2023-10-07,15,All My Life,Lil Durk Featuring J. Cole,-,1,18
2023-10-14,1,Paint The Town Red,Doja Cat,1,1,9
2023-10-14,2,Fukumean,Gunna,2,1,16
2023-10-14,3,Agora Hills,Doja Cat,3,3,2
2023-10-14,4,Great Gatsby,Rod Wave,4,4,3
2023-10-14,5,I Know ?,Travis Scott,5,3,10
2023-10-14,6,Boyz Don't Cry,Rod Wave,6,6,3
2023-10-14,7,Turks & Caicos,Rod Wave Featuring 21 Savage,9,5,3
2023-10-14,8,Peaches & Eggplants,Young Nudy Featuring 21 Savage,11,5,6
2023-10-14,9,Come See Me,Rod Wave,7,4,4
2023-10-14,10,All My Life,Lil Durk Featuring J. Cole,15,1,19
2023-10-14,11,Call Your Friends,Rod Wave,8,3,4
2023-10-14,12,Meltdown,Travis Scott Featuring Drake,12,1,9
2023-10-14,13,Barbie World,Nicki Minaj & Ice Spice With Aqua,14,2,14
2023-10-14,14,Favorite Song,Toosii,-,1,30
2023-10-14,15,Fight The Feeling,Rod Wave,10,1,7
2023-10-21,1,First Person Shooter,Drake Featuring J. Cole,-,1,1
2023-10-21,2,IDGAF,Drake Featuring Yeat,-,2,1
2023-10-21,3,Virginia Beach,Drake,-,3,1
2023-10-21,4,Calling For You,Drake Featuring 21 Savage,-,4,1
2023-10-21,5,Daylight,Drake,-,5,1
2023-10-21,6,Fear Of Heights,Drake,-,6,1
2023-10-21,7,Rich Baby Daddy,Drake Featuring Sexyy Red & SZA,-,7,1
2023-10-21,8,Amen,Drake Featuring Teezo Touchdown,-,8,1
2023-10-21,9,7969 Santa,Drake,-,9,1
2023-10-21,10,8am In Charlotte,Drake,-,10,1
2023-10-21,11,What Would Pluto Do,Drake,-,11,1
2023-10-21,12,Tried Our Best,Drake,-,12,1
2023-10-21,13,All The Parties,Drake Featuring Chief Keef,-,13,1
2023-10-21,14,Drew A Picasso,Drake,-,14,1
2023-10-21,15,Paint The Town Red,Doja Cat,1,1,10
2023-10-28,1,IDGAF,Drake Featuring Yeat,2,1,2
2023-10-28,2,First Person Shooter,Drake Featuring J. Cole,1,1,2
2023-10-28,3,Paint The Town Red,Doja Cat,15,1,11
2023-10-28,4,Virginia Beach,Drake,3,3,2
2023-10-28,5,Rich Baby Daddy,Drake Featuring Sexyy Red & SZA,7,5,2
2023-10-28,6,Fukumean,Gunna,-,1,17
2023-10-28,7,Say My Grace,Offset Featuring Travis Scott,-,7,1
2023-10-28,8,Calling For You,Drake Featuring 21 Savage,4,4,2
2023-10-28,9,Daylight,Drake,5,5,2
2023-10-28,10,Agora Hills,Doja Cat,-,3,3
2023-10-28,11,8am In Charlotte,Drake,10,10,2
2023-10-28,12,What Would Pluto Do,Drake,11,11,2
2023-10-28,13,I Know ?,Travis Scott,-,3,11
2023-10-28,14,Fear Of Heights,Drake,6,6,2
2023-10-28,15,All My Life,Lil Durk Featuring J. Cole,-,1,20
2023-11-04,1,IDGAF,Drake Featuring Yeat,1,1,3
2023-11-04,2,Paint The Town Red,Doja Cat,3,1,12
2023-11-04,3,First Person Shooter,Drake Featuring J. Cole,2,1,3
2023-11-04,4,Rich Baby Daddy,Drake Featuring Sexyy Red & SZA,5,4,3
2023-11-04,5,Virginia Beach,Drake,4,3,3
2023-11-04,6,Fukumean,Gunna,6,1,18
2023-11-04,7,Agora Hills,Doja Cat,10,3,4
2023-11-04,8,I Know ?,Travis Scott,13,3,12
2023-11-04,9,Great Gatsby,Rod Wave,-,4,4
2023-11-04,10,500lbs,Lil Tecca,-,10,2
2023-11-04,11,All My Life,Lil Durk Featuring J. Cole,15,1,21
2023-11-04,12,Calling For You,Drake Featuring 21 Savage,8,4,3
2023-11-04,13,Turks & Caicos,Rod Wave Featuring 21 Savage,-,5,4
2023-11-04,14,Favorite Song,Toosii,-,1,31
2023-11-04,15,No Role Modelz,J. Cole,-,8,54
2023-11-11,1,IDGAF,Drake Featuring Yeat,1,1,4
2023-11-11,2,Paint The Town Red,Doja Cat,2,1,13
2023-11-11,3,First Person Shooter,Drake Featuring J. Cole,3,1,4
2023-11-11,4,Rich Baby Daddy,Drake Featuring Sexyy Red & SZA,4,4,4
2023-11-11,5,Fukumean,Gunna,6,1,19
2023-11-11,6,Agora Hills,Doja Cat,7,3,5
2023-11-11,7,Virginia Beach,Drake,5,3,4
2023-11-11,8,500lbs,Lil Tecca,10,8,3
2023-11-11,9,I Know ?,Travis Scott,8,3,13
2023-11-11,10,Great Gatsby,Rod Wave,9,4,5
2023-11-11,11,All My Life,Lil Durk Featuring J. Cole,11,1,22
2023-11-11,12,Turks & Caicos,Rod Wave Featuring 21 Savage,13,5,5
2023-11-11,13,No Role Modelz,J. Cole,15,8,55
2023-11-11,14,Favorite Song,Toosii,14,1,32
2023-11-11,15,Mr. Take Ya B*tch,Lil Mabu & chriseanrock,-,15,1
2023-11-18,1,Paint The Town Red,Doja Cat,2,1,14
2023-11-18,2,IDGAF,Drake Featuring Yeat,1,1,5
2023-11-18,3,First Person Shooter,Drake Featuring J. Cole,3,1,5
2023-11-18,4,Rich Baby Daddy,Drake Featuring Sexyy Red & SZA,4,4,5
2023-11-18,5,Agora Hills,Doja Cat,6,3,6
2023-11-18,6,Cobra,Megan Thee Stallion,-,6,1
2023-11-18,7,Fukumean,Gunna,5,1,20
2023-11-18,8,Virginia Beach,Drake,7,3,5
2023-11-18,9,500lbs,Lil Tecca,8,8,4
2023-11-18,10,Great Gatsby,Rod Wave,10,4,6
2023-11-18,11,I Know ?,Travis Scott,9,3,14
2023-11-18,12,All My Life,Lil Durk Featuring J. Cole,11,1,23
2023-11-18,13,Sunflower (Spider-Man: Into The Spider-Verse),Post Malone & Swae Lee,-,1,108
2023-11-18,14,No Role Modelz,J. Cole,13,8,56
2023-11-18,15,Favorite Song,Toosii,14,1,33
2023-11-25,1,Lovin On Me,Jack Harlow,-,1,1
2023-11-25,2,Paint The Town Red,Doja Cat,1,1,15
2023-11-25,3,IDGAF,Drake Featuring Yeat,2,1,6
2023-11-25,4,Agora Hills,Doja Cat,5,3,7
2023-11-25,5,First Person Shooter,Drake Featuring J. Cole,3,1,6
2023-11-25,6,Rich Baby Daddy,Drake Featuring Sexyy Red & SZA,4,4,6
2023-11-25,7,Fukumean,Gunna,7,1,21
2023-11-25,8,500lbs,Lil Tecca,9,8,5
2023-11-25,9,Great Gatsby,Rod Wave,10,4,7
2023-11-25,10,Virginia Beach,Drake,8,3,6
2023-11-25,11,I Know ?,Travis Scott,11,3,15
2023-11-25,12,Cobra,Megan Thee Stallion,6,6,2
2023-11-25,13,Freestyle,Lil Baby,-,6,36
2023-11-25,14,No Role Modelz,J. Cole,14,8,57
2023-11-25,15,Sunflower (Spider-Man: Into The Spider-Verse),Post Malone & Swae Lee,13,1,109
2023-12-02,1,Lovin On Me,Jack Harlow,1,1,2
2023-12-02,2,You Broke My Heart,Drake,-,2,1
2023-12-02,3,First Person Shooter,Drake Featuring J. Cole,5,1,7
2023-12-02,4,Evil Ways,Drake Featuring J. Cole,-,4,1
2023-12-02,5,IDGAF,Drake Featuring Yeat,3,1,7
2023-12-02,6,Paint The Town Red,Doja Cat,2,1,16
2023-12-02,7,Agora Hills,Doja Cat,4,3,8
2023-12-02,8,Rich Baby Daddy,Drake Featuring Sexyy Red & SZA,6,4,7
2023-12-02,9,Virginia Beach,Drake,10,3,7
2023-12-02,10,Red Button,Drake,-,10,1
2023-12-02,11,The Shoe Fits,Drake,-,11,1
2023-12-02,12,Fukumean,Gunna,7,1,22
2023-12-02,13,Stories About My Brother,Drake,-,13,1
2023-12-02,14,500lbs,Lil Tecca,8,8,6
2023-12-02,15,Great Gatsby,Rod Wave,9,4,8
2023-12-09,1,Lovin On Me,Jack Harlow,1,1,3
2023-12-09,2,Agora Hills,Doja Cat,7,2,9
2023-12-09,3,First Person Shooter,Drake Featuring J. Cole,3,1,8
2023-12-09,4,Paint The Town Red,Doja Cat,6,1,17
2023-12-09,5,IDGAF,Drake Featuring Yeat,5,1,8
2023-12-09,6,Rich Baby Daddy,Drake Featuring Sexyy Red & SZA,8,4,8
2023-12-09,7,You Broke My Heart,Drake,2,2,2
2023-12-09,8,Fukumean,Gunna,12,1,23
2023-12-09,9,500lbs,Lil Tecca,14,8,7
2023-12-09,10,Virginia Beach,Drake,9,3,8
2023-12-09,11,Great Gatsby,Rod Wave,15,4,9
2023-12-09,12,I Know ?,Travis Scott,-,3,16
2023-12-09,13,Surround Sound,JID Featuring 21 Savage & Baby Tate,-,13,1
2023-12-09,14,No Role Modelz,J. Cole,-,8,58
2023-12-09,15,Freestyle,Lil Baby,-,6,37
2023-12-16,1,Lovin On Me,Jack Harlow,1,1,4
2023-12-16,2,Agora Hills,Doja Cat,2,2,10
2023-12-16,3,Paint The Town Red,Doja Cat,4,1,18
2023-12-16,4,First Person Shooter,Drake Featuring J. Cole,3,1,9
2023-12-16,5,IDGAF,Drake Featuring Yeat,5,1,9
2023-12-16,6,Fukumean,Gunna,8,1,24
2023-12-16,7,My House,Beyonce,-,7,1
2023-12-16,8,Rich Baby Daddy,Drake Featuring Sexyy Red & SZA,6,4,9
2023-12-16,9,Surround Sound,JID Featuring 21 Savage & Baby Tate,13,9,2
2023-12-16,10,500lbs,Lil Tecca,9,8,8
2023-12-16,11,You Broke My Heart,Drake,7,2,3
2023-12-16,12,I Know ?,Travis Scott,12,3,17
2023-12-16,13,No Role Modelz,J. Cole,14,8,59
2023-12-16,14,Virginia Beach,Drake,10,3,9
2023-12-16,15,Freestyle,Lil Baby,15,6,38
2023-12-23,1,Lovin On Me,Jack Harlow,1,1,5
2023-12-23,2,Everybody,Nicki Minaj Featuring Lil Uzi Vert,-,2,1
2023-12-23,3,FTCU,Nicki Minaj,-,3,1
2023-12-23,4,Agora Hills,Doja Cat,2,2,11
2023-12-23,5,Paint The Town Red,Doja Cat,3,1,19
2023-12-23,6,Barbie Dangerous,Nicki Minaj,-,6,1
2023-12-23,7,First Person Shooter,Drake Featuring J. Cole,4,1,10
2023-12-23,8,Let Me Calm Down,Nicki Minaj Featuring J. Cole,-,8,1
2023-12-23,9,IDGAF,Drake Featuring Yeat,5,1,10
2023-12-23,10,Beep Beep,Nicki Minaj,-,10,1
2023-12-23,11,Fukumean,Gunna,6,1,25
2023-12-23,12,Rich Baby Daddy,Drake Featuring Sexyy Red & SZA,8,4,10
2023-12-23,13,Surround Sound,JID Featuring 21 Savage & Baby Tate,9,9,3
2023-12-23,14,Big Difference,Nicki Minaj,-,14,1
2023-12-23,15,Fallin 4 U,Nicki Minaj,-,15,1
2023-12-30,1,Lovin On Me,Jack Harlow,1,1,6
2023-12-30,2,FTCU,Nicki Minaj,3,2,2
2023-12-30,3,Everybody,Nicki Minaj Featuring Lil Uzi Vert,2,2,2
2023-12-30,4,Agora Hills,Doja Cat,4,2,12
2023-12-30,5,Paint The Town Red,Doja Cat,5,1,20
2023-12-30,6,First Person Shooter,Drake Featuring J. Cole,7,1,11
2023-12-30,7,IDGAF,Drake Featuring Yeat,9,1,11
2023-12-30,8,Rich Baby Daddy,Drake Featuring Sexyy Red & SZA,12,4,11
2023-12-30,9,Fukumean,Gunna,11,1,26
2023-12-30,10,Surround Sound,JID Featuring 21 Savage & Baby Tate,13,9,4
2023-12-30,11,Beep Beep,Nicki Minaj,10,10,2
2023-12-30,12,500lbs,Lil Tecca,-,8,9
2023-12-30,13,I Know ?,Travis Scott,-,3,18
2023-12-30,14,You Broke My Heart,Drake,-,2,4
2023-12-30,15,Never Lose Me,Flo Milli,-,15,1
2024-01-06,1,Lovin On Me,Jack Harlow,1,1,7
2024-01-06,2,FTCU,Nicki Minaj,2,2,3
2024-01-06,3,Everybody,Nicki Minaj Featuring Lil Uzi Vert,3,2,3
2024-01-06,4,Paint The Town Red,Doja Cat,5,1,21
2024-01-06,5,Agora Hills,Doja Cat,4,2,13
2024-01-06,6,Rich Baby Daddy,Drake Featuring Sexyy Red & SZA,8,4,12
2024-01-06,7,First Person Shooter,Drake Featuring J. Cole,6,1,12
2024-01-06,8,Fukumean,Gunna,9,1,27
2024-01-06,9,IDGAF,Drake Featuring Yeat,7,1,12
2024-01-06,10,Surround Sound,JID Featuring 21 Savage & Baby Tate,10,9,5
2024-01-06,11,You Broke My Heart,Drake,14,2,5
2024-01-06,12,Never Lose Me,Flo Milli,15,12,2
2024-01-06,13,I Know ?,Travis Scott,13,3,19
2024-01-06,14,500lbs,Lil Tecca,12,8,10
2024-01-06,15,Lace It,"Juice WRLD , Eminem & Benny Blanco",-,15,1
2024-01-13,1,Lovin On Me,Jack Harlow,1,1,8
2024-01-13,2,FTCU,Nicki Minaj,2,2,4
2024-01-13,3,Paint The Town Red,Doja Cat,4,1,22
2024-01-13,4,Agora Hills,Doja Cat,5,2,14
2024-01-13,5,Everybody,Nicki Minaj Featuring Lil Uzi Vert,3,2,4
2024-01-13,6,Rich Baby Daddy,Drake Featuring Sexyy Red & SZA,6,4,13
2024-01-13,7,Fukumean,Gunna,8,1,28
2024-01-13,8,First Person Shooter,Drake Featuring J. Cole,7,1,13
2024-01-13,9,Never Lose Me,Flo Milli,12,9,3
2024-01-13,10,IDGAF,Drake Featuring Yeat,9,1,13
2024-01-13,11,Surround Sound,JID Featuring 21 Savage & Baby Tate,10,9,6
2024-01-13,12,I Know ?,Travis Scott,13,3,20
2024-01-13,13,You Broke My Heart,Drake,11,2,6
2024-01-13,14,Lil Boo Thang,Paul Russell,-,14,1
2024-01-13,15,500lbs,Lil Tecca,14,8,11
2024-01-20,1,Lovin On Me,Jack Harlow,1,1,9
2024-01-20,2,FTCU,Nicki Minaj,2,2,5
2024-01-20,3,Paint The Town Red,Doja Cat,3,1,23
2024-01-20,4,Agora Hills,Doja Cat,4,2,15
2024-01-20,5,Rich Baby Daddy,Drake Featuring Sexyy Red & SZA,6,4,14
2024-01-20,6,Everybody,Nicki Minaj Featuring Lil Uzi Vert,5,2,5
2024-01-20,7,Never Lose Me,Flo Milli,9,7,4
2024-01-20,8,First Person Shooter,Drake Featuring J. Cole,8,1,14
2024-01-20,9,Fukumean,Gunna,7,1,29
2024-01-20,10,IDGAF,Drake Featuring Yeat,10,1,14
2024-01-20,11,Surround Sound,JID Featuring 21 Savage & Baby Tate,11,9,7
2024-01-20,12,I Know ?,Travis Scott,12,3,21
2024-01-20,13,You Broke My Heart,Drake,13,2,7
2024-01-20,14,500lbs,Lil Tecca,15,8,12
2024-01-20,15,No Role Modelz,J. Cole,-,8,60
2024-01-27,1,Lovin On Me,Jack Harlow,1,1,10
2024-01-27,2,Redrum,21 Savage,-,2,1
2024-01-27,3,Nee-nah,"21 Savage , Travis Scott & Metro Boomin",-,3,1
2024-01-27,4,All Of Me,21 Savage,-,4,1
2024-01-27,5,N.H.I.E.,21 Savage & Doja Cat,-,5,1
2024-01-27,6,Pop Ur Sht,"21 Savage , Young Thug & Metro Boomin",-,6,1
2024-01-27,7,FTCU,Nicki Minaj,2,2,6
2024-01-27,8,Sneaky,21 Savage,-,8,1
2024-01-27,9,Dangerous,"21 Savage , Lil Durk & Metro Boomin",-,9,1
2024-01-27,10,Never Lose Me,Flo Milli,7,7,5
2024-01-27,11,Should've Wore A Bonnet,21 Savage & Brent Faiyaz,-,11,1
2024-01-27,12,Prove It,21 Savage & Summer Walker,-,12,1
2024-01-27,13,Paint The Town Red,Doja Cat,3,1,24
2024-01-27,14,Rich Baby Daddy,Drake Featuring Sexyy Red & SZA,5,4,15
2024-01-27,15,Agora Hills,Doja Cat,4,2,16
2024-02-03,1,Lovin On Me,Jack Harlow,1,1,11
2024-02-03,2,Redrum,21 Savage,2,2,2
2024-02-03,3,Never Lose Me,Flo Milli,10,3,6
2024-02-03,4,Nee-nah,"21 Savage , Travis Scott & Metro Boomin",3,3,2
2024-02-03,5,FTCU,Nicki Minaj,7,2,7
2024-02-03,6,Rich Baby Daddy,Drake Featuring Sexyy Red & SZA,14,4,16
2024-02-03,7,Agora Hills,Doja Cat,15,2,17
2024-02-03,8,Paint The Town Red,Doja Cat,13,1,25
2024-02-03,9,N.H.I.E.,21 Savage & Doja Cat,5,5,2
2024-02-03,10,Fukumean,Gunna,-,1,30
2024-02-03,11,All Of Me,21 Savage,4,4,2
2024-02-03,12,Surround Sound,JID Featuring 21 Savage & Baby Tate,-,9,8
2024-02-03,13,First Person Shooter,Drake Featuring J. Cole,-,1,15
2024-02-03,14,Prove It,21 Savage & Summer Walker,12,12,2
2024-02-03,15,Should've Wore A Bonnet,21 Savage & Brent Faiyaz,11,11,2
2024-02-10,1,Hiss,Megan Thee Stallion,-,1,1
2024-02-10,2,Lovin On Me,Jack Harlow,1,1,12
2024-02-10,3,Redrum,21 Savage,2,2,3
2024-02-10,4,Never Lose Me,Flo Milli,3,3,7
2024-02-10,5,Think U The Shit (Fart),Ice Spice,-,5,1
2024-02-10,6,FTCU,Nicki Minaj,5,2,8
2024-02-10,7,Rich Baby Daddy,Drake Featuring Sexyy Red & SZA,6,4,17
2024-02-10,8,Agora Hills,Doja Cat,7,2,18
2024-02-10,9,Big Foot,Nicki Minaj,-,9,1
2024-02-10,10,Paint The Town Red,Doja Cat,8,1,26
2024-02-10,11,Nee-nah,"21 Savage , Travis Scott & Metro Boomin",4,3,3
2024-02-10,12,Fukumean,Gunna,10,1,31
2024-02-10,13,Surround Sound,JID Featuring 21 Savage & Baby Tate,12,9,9
2024-02-10,14,First Person Shooter,Drake Featuring J. Cole,13,1,16
2024-02-10,15,I Know ?,Travis Scott,-,3,22
2024-02-17,1,Lovin On Me,Jack Harlow,2,1,13
2024-02-17,2,Hiss,Megan Thee Stallion,1,1,2
2024-02-17,3,Redrum,21 Savage,3,2,4
2024-02-17,4,Never Lose Me,Flo Milli,4,3,8
2024-02-17,5,Bandit,Don Toliver,-,5,1
2024-02-17,6,Rich Baby Daddy,Drake Featuring Sexyy Red & SZA,7,4,18
2024-02-17,7,Agora Hills,Doja Cat,8,2,19
2024-02-17,8,Paint The Town Red,Doja Cat,10,1,27
2024-02-17,9,Think U The Shit (Fart),Ice Spice,5,5,2
2024-02-17,10,FTCU,Nicki Minaj,6,2,9
2024-02-17,11,I Know ?,Travis Scott,15,3,23
2024-02-17,12,One Call,Rich Amiri,-,12,1
2024-02-17,13,Fukumean,Gunna,12,1,32
2024-02-17,14,First Person Shooter,Drake Featuring J. Cole,14,1,17
2024-02-17,15,Nee-nah,"21 Savage , Travis Scott & Metro Boomin",11,3,4
2024-02-24,1,Carnival,¥$: Ye & Ty Dolla $ign Featuring Rich The Kid & Playboi Carti,-,1,1
2024-02-24,2,Lovin On Me,Jack Harlow,1,1,14
2024-02-24,3,Redrum,21 Savage,3,2,5
2024-02-24,4,Fuk Sumn,¥$: Ye & Ty Dolla $ign,-,4,1
2024-02-24,5,Back To Me,¥$: Ye & Ty Dolla $ign,-,5,1
2024-02-24,6,Never Lose Me,Flo Milli,4,3,9
2024-02-24,7,Talking,¥$: Ye & Ty Dolla $ign Featuring North West,-,7,1
2024-02-24,8,Burn,¥$: Ye & Ty Dolla $ign,-,8,1
2024-02-24,9,Vultures,¥$: Ye & Ty Dolla $ign Featuring Lil Durk & Bump J,-,9,1
2024-02-24,10,Stars,¥$: Ye & Ty Dolla $ign,-,10,1
2024-02-24,11,Paid,¥$: Ye & Ty Dolla $ign,-,11,1
2024-02-24,12,Do It,¥$: Ye & Ty Dolla $ign,-,12,1
2024-02-24,13,Keys To My Life,¥$: Ye & Ty Dolla $ign,-,13,1
2024-02-24,14,Hiss,Megan Thee Stallion,2,1,3
2024-02-24,15,Rich Baby Daddy,Drake Featuring Sexyy Red & SZA,6,4,19
2024-03-02,1,Carnival,¥$: Ye & Ty Dolla $ign Featuring Rich The Kid & Playboi Carti,1,1,2
2024-03-02,2,Lovin On Me,Jack Harlow,2,1,15
2024-03-02,3,Redrum,21 Savage,3,2,6
2024-03-02,4,Never Lose Me,Flo Milli,6,3,10
2024-03-02,5,Whatever She Wants,Bryson Tiller,-,5,1
2024-03-02,6,Breathe,Yeat,-,6,1
2024-03-02,7,Rich Baby Daddy,Drake Featuring Sexyy Red & SZA,15,4,20
2024-03-02,8,Burn,¥$: Ye & Ty Dolla $ign,8,8,2
2024-03-02,9,Get In With Me,BossMan Dlow,-,9,1
2024-03-02,10,Fuk Sumn,¥$: Ye & Ty Dolla $ign,4,4,2
2024-03-02,11,Paint The Town Red,Doja Cat,-,1,28
2024-03-02,12,Agora Hills,Doja Cat,-,2,20
2024-03-02,13,One Call,Rich Amiri,-,12,2
2024-03-02,14,Back To Me,¥$: Ye & Ty Dolla $ign,5,5,2
2024-03-02,15,FE!N,Travis Scott Featuring Playboi Carti,-,2,8
2024-03-09,1,Carnival,¥$: Ye & Ty Dolla $ign Featuring Rich The Kid & Playboi Carti,1,1,3
2024-03-09,2,Lovin On Me,Jack Harlow,2,1,16
2024-03-09,3,Redrum,21 Savage,3,2,7
2024-03-09,4,Whatever She Wants,Bryson Tiller,5,4,2
2024-03-09,5,Never Lose Me,Flo Milli,4,3,11
2024-03-09,6,Breathe,Yeat,6,6,2
2024-03-09,7,Rich Baby Daddy,Drake Featuring Sexyy Red & SZA,7,4,21
2024-03-09,8,Get In With Me,BossMan Dlow,9,8,2
2024-03-09,9,FE!N,Travis Scott Featuring Playboi Carti,15,2,9
2024-03-09,10,Agora Hills,Doja Cat,12,2,21
2024-03-09,11,Paint The Town Red,Doja Cat,11,1,29
2024-03-09,12,One Call,Rich Amiri,13,12,3
2024-03-09,13,Old Days,Lil Durk,-,13,1
2024-03-09,14,Burn,¥$: Ye & Ty Dolla $ign,8,8,3
2024-03-09,15,I Know ?,Travis Scott,-,3,24
2024-03-16,1,Carnival,¥$: Ye & Ty Dolla $ign Featuring Rich The Kid & Playboi Carti,1,1,4
2024-03-16,2,Redrum,21 Savage,3,2,8
2024-03-16,3,Lovin On Me,Jack Harlow,2,1,17
2024-03-16,4,Whatever She Wants,Bryson Tiller,4,4,3
2024-03-16,5,Never Lose Me,Flo Milli,5,3,12
2024-03-16,6,FE!N,Travis Scott Featuring Playboi Carti,9,2,10
2024-03-16,7,Breathe,Yeat,6,6,3
2024-03-16,8,Yeah Glo!,GloRilla,-,8,1
2024-03-16,9,Like What (Freestyle),Cardi B,-,9,1
2024-03-16,10,Rich Baby Daddy,Drake Featuring Sexyy Red & SZA,7,4,22
2024-03-16,11,Agora Hills,Doja Cat,10,2,22
2024-03-16,12,Get In With Me,BossMan Dlow,8,8,3
2024-03-16,13,One Call,Rich Amiri,12,12,4
2024-03-16,14,Paint The Town Red,Doja Cat,11,1,30
2024-03-16,15,I Know ?,Travis Scott,15,3,25
2024-03-23,1,Carnival,¥$: Ye & Ty Dolla $ign Featuring Rich The Kid & Playboi Carti,1,1,5
2024-03-23,2,Whatever She Wants,Bryson Tiller,4,2,4
2024-03-23,3,Lovin On Me,Jack Harlow,3,1,18
2024-03-23,4,Redrum,21 Savage,2,2,9
2024-03-23,5,Never Lose Me,Flo Milli,5,3,13
2024-03-23,6,Yeah Glo!,GloRilla,8,6,2
2024-03-23,7,FE!N,Travis Scott Featuring Playboi Carti,6,2,11
2024-03-23,8,Breathe,Yeat,7,6,4
2024-03-23,9,Rich Baby Daddy,Drake Featuring Sexyy Red & SZA,10,4,23
2024-03-23,10,Agora Hills,Doja Cat,11,2,23
2024-03-23,11,Get In With Me,BossMan Dlow,12,8,4
2024-03-23,12,Paint The Town Red,Doja Cat,14,1,31
2024-03-23,13,One Call,Rich Amiri,13,12,5
2024-03-23,14,I Know ?,Travis Scott,15,3,26
2024-03-23,15,Surround Sound,JID Featuring 21 Savage & Baby Tate,-,9,10
2024-03-30,1,Carnival,¥$: Ye & Ty Dolla $ign Featuring Rich The Kid & Playboi Carti,1,1,6
2024-03-30,2,Never Lose Me,Flo Milli,5,2,14
2024-03-30,3,Get It Sexyy,Sexyy Red,-,3,1
2024-03-30,4,Lovin On Me,Jack Harlow,3,1,19
2024-03-30,5,Whatever She Wants,Bryson Tiller,2,2,5
2024-03-30,6,Redrum,21 Savage,4,2,10
2024-03-30,7,Enough (Miami),Cardi B,-,7,1
2024-03-30,8,Yeah Glo!,GloRilla,6,6,3
2024-03-30,9,FE!N,Travis Scott Featuring Playboi Carti,7,2,12
2024-03-30,10,Prada Dem,Gunna Featuring Offset,-,10,1
2024-03-30,11,Get In With Me,BossMan Dlow,11,8,5
2024-03-30,12,Rich Baby Daddy,Drake Featuring Sexyy Red & SZA,9,4,24
2024-03-30,13,Breathe,Yeat,8,6,5
2024-03-30,14,Agora Hills,Doja Cat,10,2,24
2024-03-30,15,Bandit,Don Toliver,-,5,2
2024-04-06,1,Like That,"Future , Metro Boomin & Kendrick Lamar",-,1,1
2024-04-06,2,Type Shit,"Future , Metro Boomin , Travis Scott & Playboi Carti",-,2,1
2024-04-06,3,Cinderella,"Future , Metro Boomin & Travis Scott",-,3,1
2024-04-06,4,We Don't Trust You,Future & Metro Boomin,-,4,1
2024-04-06,5,Young Metro,"Future , Metro Boomin & The Weeknd",-,5,1
2024-04-06,6,Carnival,¥$: Ye & Ty Dolla $ign Featuring Rich The Kid & Playboi Carti,1,1,7
2024-04-06,7,Ice Attack,Future & Metro Boomin,-,7,1
2024-04-06,8,Slimed In,Future & Metro Boomin,-,8,1
2024-04-06,9,Claustrophobic,Future & Metro Boomin,-,9,1
2024-04-06,10,Magic Don Juan (Princess Diana),Future & Metro Boomin,-,10,1
2024-04-06,11,Get It Sexyy,Sexyy Red,3,3,2
2024-04-06,12,Fried (She A Vibe),Future & Metro Boomin,-,12,1
2024-04-06,13,Runnin Outta Time,Future & Metro Boomin,-,13,1
2024-04-06,14,Never Lose Me,Flo Milli,2,2,15
2024-04-06,15,Lovin On Me,Jack Harlow,4,1,20
2024-04-13,1,Like That,"Future , Metro Boomin & Kendrick Lamar",1,1,2
2024-04-13,2,Type Shit,"Future , Metro Boomin , Travis Scott & Playboi Carti",2,2,2
2024-04-13,3,Carnival,¥$: Ye & Ty Dolla $ign Featuring Rich The Kid & Playboi Carti,6,1,8
2024-04-13,4,Cinderella,"Future , Metro Boomin & Travis Scott",3,3,2
2024-04-13,5,Get It Sexyy,Sexyy Red,11,3,3
2024-04-13,6,Spaghettii,"Beyonce, Linda Martell & Shaboozey",-,6,1
2024-04-13,7,Young Metro,"Future , Metro Boomin & The Weeknd",5,5,2
2024-04-13,8,Whatever She Wants,Bryson Tiller,-,2,6
2024-04-13,9,Lovin On Me,Jack Harlow,15,1,21
2024-04-13,10,Never Lose Me,Flo Milli,14,2,16
2024-04-13,11,We Don't Trust You,Future & Metro Boomin,4,4,2
2024-04-13,12,Redrum,21 Savage,-,2,11
2024-04-13,13,Sweet * Honey * Buckiin',Beyonce & Shaboozey,-,13,1
2024-04-13,14,FE!N,Travis Scott Featuring Playboi Carti,-,2,13
2024-04-13,15,Yeah Glo!,GloRilla,-,6,4
2024-04-20,1,Like That,"Future , Metro Boomin & Kendrick Lamar",1,1,3
2024-04-20,2,7 Minute Drill,J. Cole,-,2,1
2024-04-20,3,Type Shit,"Future , Metro Boomin , Travis Scott & Playboi Carti",2,2,3
2024-04-20,4,Crocodile Tearz,J. Cole,-,4,1
2024-04-20,5,Wanna Be,GloRilla & Megan Thee Stallion,-,5,1
2024-04-20,6,Carnival,¥$: Ye & Ty Dolla $ign Featuring Rich The Kid & Playboi Carti,3,1,9
2024-04-20,7,Get It Sexyy,Sexyy Red,5,3,4
2024-04-20,8,Huntin' Wabbitz,J. Cole,-,8,1
2024-04-20,9,Pricey,"J. Cole Featuring Ari Lennox , Young Dro & Gucci Mane",-,9,1
2024-04-20,10,H.Y.B.,J. Cole Featuring BAS & Central Cee,-,10,1
2024-04-20,11,Cinderella,"Future , Metro Boomin & Travis Scott",4,3,3
2024-04-20,12,Ready '24,J. Cole Featuring Cam'Ron,-,12,1
2024-04-20,13,Whatever She Wants,Bryson Tiller,8,2,7
2024-04-20,14,Lovin On Me,Jack Harlow,9,1,22
2024-04-20,15,Never Lose Me,Flo Milli,10,2,17
2024-04-27,1,Like That,"Future , Metro Boomin & Kendrick Lamar",1,1,4
2024-04-27,2,Type Shit,"Future , Metro Boomin , Travis Scott & Playboi Carti",3,2,4
2024-04-27,3,Wanna Be,GloRilla & Megan Thee Stallion,5,3,2
2024-04-27,4,Carnival,¥$: Ye & Ty Dolla $ign Featuring Rich The Kid & Playboi Carti,6,1,10
2024-04-27,5,Get It Sexyy,Sexyy Red,7,3,5
2024-04-27,6,Lovin On Me,Jack Harlow,14,1,23
2024-04-27,7,Whatever She Wants,Bryson Tiller,13,2,8
2024-04-27,8,Cinderella,"Future , Metro Boomin & Travis Scott",11,3,4
2024-04-27,9,Red Leather,"Future , Metro Boomin & J. Cole",-,9,1
2024-04-27,10,Yeah Glo!,GloRilla,-,6,5
2024-04-27,11,Redrum,21 Savage,-,2,12
2024-04-27,12,Out Of My Hands,Future & Metro Boomin,-,12,1
2024-04-27,13,Never Lose Me,Flo Milli,15,2,18
2024-04-27,14,Drink N Dance,Future & Metro Boomin,-,14,1
2024-04-27,15,FE!N,Travis Scott Featuring Playboi Carti,-,2,14
2024-05-04,1,Push Ups,Drake,-,1,1
2024-05-04,2,Like That,"Future , Metro Boomin & Kendrick Lamar",1,1,5
2024-05-04,3,Type Shit,"Future , Metro Boomin , Travis Scott & Playboi Carti",2,2,5
2024-05-04,4,Wanna Be,GloRilla & Megan Thee Stallion,3,3,3
2024-05-04,5,Get It Sexyy,Sexyy Red,5,3,6
2024-05-04,6,Whatever She Wants,Bryson Tiller,7,2,9
2024-05-04,7,Carnival,¥$: Ye & Ty Dolla $ign Featuring Rich The Kid & Playboi Carti,4,1,11
2024-05-04,8,Lovin On Me,Jack Harlow,6,1,24
2024-05-04,9,Tell Ur Girlfriend,Lay Bankz,-,9,1
2024-05-04,10,Yeah Glo!,GloRilla,10,6,6
2024-05-04,11,Redrum,21 Savage,11,2,13
2024-05-04,12,Never Lose Me,Flo Milli,13,2,19
2024-05-04,13,Cinderella,"Future , Metro Boomin & Travis Scott",8,3,5
2024-05-04,14,FTCU,Nicki Minaj,-,2,10
2024-05-04,15,FE!N,Travis Scott Featuring Playboi Carti,15,2,15
2024-05-11,1,Like That,"Future , Metro Boomin & Kendrick Lamar",2,1,6
2024-05-11,2,Euphoria,Kendrick Lamar,-,2,1
2024-05-11,3,Push Ups,Drake,1,1,2
2024-05-11,4,Type Shit,"Future , Metro Boomin , Travis Scott & Playboi Carti",3,2,6
2024-05-11,5,Wanna Be,GloRilla & Megan Thee Stallion,4,3,4
2024-05-11,6,Get It Sexyy,Sexyy Red,5,3,7
2024-05-11,7,Whatever She Wants,Bryson Tiller,6,2,10
2024-05-11,8,Yeah Glo!,GloRilla,10,6,7
2024-05-11,9,Lovin On Me,Jack Harlow,8,1,25
2024-05-11,10,Carnival,¥$: Ye & Ty Dolla $ign Featuring Rich The Kid & Playboi Carti,7,1,12
2024-05-11,11,Tell Ur Girlfriend,Lay Bankz,9,9,2
2024-05-11,12,Redrum,21 Savage,11,2,14
2024-05-11,13,Never Lose Me,Flo Milli,12,2,20
2024-05-11,14,FE!N,Travis Scott Featuring Playboi Carti,15,2,16
2024-05-11,15,Okay,JT,-,15,1
2024-05-18,1,Not Like Us,Kendrick Lamar,-,1,1
2024-05-18,2,Euphoria,Kendrick Lamar,2,2,2
2024-05-18,3,Family Matters,Drake,-,3,1
2024-05-18,4,Like That,"Future , Metro Boomin & Kendrick Lamar",1,1,7
2024-05-18,5,Meet The Grahams,Kendrick Lamar,-,5,1
2024-05-18,6,Push Ups,Drake,3,1,3
2024-05-18,7,Type Shit,"Future , Metro Boomin , Travis Scott & Playboi Carti",4,2,7
2024-05-18,8,Get It Sexyy,Sexyy Red,6,3,8
2024-05-18,9,Wanna Be,GloRilla & Megan Thee Stallion,5,3,5
2024-05-18,10,Yeah Glo!,GloRilla,8,6,8
2024-05-18,11,Lovin On Me,Jack Harlow,9,1,26
2024-05-18,12,Whatever She Wants,Bryson Tiller,7,2,11
2024-05-18,13,Carnival,¥$: Ye & Ty Dolla $ign Featuring Rich The Kid & Playboi Carti,10,1,13
2024-05-18,14,Redrum,21 Savage,12,2,15
2024-05-18,15,Never Lose Me,Flo Milli,13,2,21
2024-05-25,1,Not Like Us,Kendrick Lamar,1,1,2
2024-05-25,2,Euphoria,Kendrick Lamar,2,2,3
2024-05-25,3,Like That,"Future , Metro Boomin & Kendrick Lamar",4,1,8
2024-05-25,4,Family Matters,Drake,3,3,2
2024-05-25,5,Meet The Grahams,Kendrick Lamar,5,5,2
2024-05-25,6,One Of Wun,Gunna,-,6,1
2024-05-25,7,Type Shit,"Future , Metro Boomin , Travis Scott & Playboi Carti",7,2,8
2024-05-25,8,Get It Sexyy,Sexyy Red,8,3,9
2024-05-25,9,Wanna Be,GloRilla & Megan Thee Stallion,9,3,6
2024-05-25,10,Push Ups,Drake,6,1,4
2024-05-25,11,Yeah Glo!,GloRilla,10,6,9
2024-05-25,12,Lovin On Me,Jack Harlow,11,1,27
2024-05-25,13,On One Tonight,Gunna,-,13,1
2024-05-25,14,Whatever She Wants,Bryson Tiller,12,2,12
2024-05-25,15,Whatsapp (Wassam),Gunna,-,15,1
2024-06-01,1,Not Like Us,Kendrick Lamar,1,1,3
2024-06-01,2,Like That,"Future , Metro Boomin & Kendrick Lamar",3,1,9
2024-06-01,3,Euphoria,Kendrick Lamar,2,2,4
2024-06-01,4,One Of Wun,Gunna,6,4,2
2024-06-01,5,Type Shit,"Future , Metro Boomin , Travis Scott & Playboi Carti",7,2,9
2024-06-01,6,Family Matters,Drake,4,3,3
2024-06-01,7,Wanna Be,GloRilla & Megan Thee Stallion,9,3,7
2024-06-01,8,Get It Sexyy,Sexyy Red,8,3,10
2024-06-01,9,Yeah Glo!,GloRilla,11,6,10
2024-06-01,10,Lovin On Me,Jack Harlow,12,1,28
2024-06-01,11,Whatever She Wants,Bryson Tiller,14,2,13
2024-06-01,12,Meet The Grahams,Kendrick Lamar,5,5,3
2024-06-01,13,On One Tonight,Gunna,13,13,2
2024-06-01,14,Redrum,21 Savage,-,2,16
2024-06-01,15,Never Lose Me,Flo Milli,-,2,22
2024-06-08,1,Not Like Us,Kendrick Lamar,1,1,4
2024-06-08,2,Like That,"Future , Metro Boomin & Kendrick Lamar",2,1,10
2024-06-08,3,BAND4BAND,Central Cee & Lil Baby,-,3,1
2024-06-08,4,Euphoria,Kendrick Lamar,3,2,5
2024-06-08,5,Type Shit,"Future , Metro Boomin , Travis Scott & Playboi Carti",5,2,10
2024-06-08,6,Get It Sexyy,Sexyy Red,8,3,11
2024-06-08,7,Wanna Be,GloRilla & Megan Thee Stallion,7,3,8
2024-06-08,8,One Of Wun,Gunna,4,4,3
2024-06-08,9,U My Everything,Sexyy Red & Drake,-,9,1
2024-06-08,10,Yeah Glo!,GloRilla,9,6,11
2024-06-08,11,Lovin On Me,Jack Harlow,10,1,29
2024-06-08,12,Family Matters,Drake,6,3,4
2024-06-08,13,Whatever She Wants,Bryson Tiller,11,2,14
2024-06-08,14,Redrum,21 Savage,14,2,17
2024-06-08,15,Never Lose Me,Flo Milli,15,2,23
2024-06-15,1,Houdini,Eminem,-,1,1
2024-06-15,2,Not Like Us,Kendrick Lamar,1,1,5
2024-06-15,3,BAND4BAND,Central Cee & Lil Baby,3,3,2
2024-06-15,4,Like That,"Future , Metro Boomin & Kendrick Lamar",2,1,11
2024-06-15,5,Wanna Be,GloRilla & Megan Thee Stallion,7,3,9
2024-06-15,6,One Of Wun,Gunna,8,4,4
2024-06-15,7,Euphoria,Kendrick Lamar,4,2,6
2024-06-15,8,Type Shit,"Future , Metro Boomin , Travis Scott & Playboi Carti",5,2,11
2024-06-15,9,Get It Sexyy,Sexyy Red,6,3,12
2024-06-15,10,Yeah Glo!,GloRilla,10,6,12
2024-06-15,11,U My Everything,Sexyy Red & Drake,9,9,2
2024-06-15,12,Lovin On Me,Jack Harlow,11,1,30
2024-06-15,13,Whatever She Wants,Bryson Tiller,13,2,15
2024-06-15,14,Never Lose Me,Flo Milli,15,2,24
2024-06-15,15,Redrum,21 Savage,14,2,18
2024-06-22,1,Not Like Us,Kendrick Lamar,2,1,6
2024-06-22,2,Houdini,Eminem,1,1,2
2024-06-22,3,Like That,"Future , Metro Boomin & Kendrick Lamar",4,1,12
2024-06-22,4,BAND4BAND,Central Cee & Lil Baby,3,3,3
2024-06-22,5,Wanna Be,GloRilla & Megan Thee Stallion,5,3,10
2024-06-22,6,Type Shit,"Future , Metro Boomin , Travis Scott & Playboi Carti",8,2,12
2024-06-22,7,One Of Wun,Gunna,6,4,5
2024-06-22,8,Euphoria,Kendrick Lamar,7,2,7
2024-06-22,9,Yeah Glo!,GloRilla,10,6,13
2024-06-22,10,Get It Sexyy,Sexyy Red,9,3,13
2024-06-22,11,Lovin On Me,Jack Harlow,12,1,31
2024-06-22,12,U My Everything,Sexyy Red & Drake,11,9,3
2024-06-22,13,Never Lose Me,Flo Milli,14,2,25
2024-06-22,14,Whatever She Wants,Bryson Tiller,13,2,16
2024-06-22,15,FE!N,Travis Scott Featuring Playboi Carti,-,2,17
2024-06-29,1,Not Like Us,Kendrick Lamar,1,1,7
2024-06-29,2,Houdini,Eminem,2,1,3
2024-06-29,3,Whiskey Whiskey,Moneybagg Yo Featuring Morgan Wallen,-,3,1
2024-06-29,4,Like That,"Future , Metro Boomin & Kendrick Lamar",3,1,13
2024-06-29,5,Wanna Be,GloRilla & Megan Thee Stallion,5,3,11
2024-06-29,6,BAND4BAND,Central Cee & Lil Baby,4,3,4
2024-06-29,7,Type Shit,"Future , Metro Boomin , Travis Scott & Playboi Carti",6,2,13
2024-06-29,8,Euphoria,Kendrick Lamar,8,2,8
2024-06-29,9,Yeah Glo!,GloRilla,9,6,14
2024-06-29,10,One Of Wun,Gunna,7,4,6
2024-06-29,11,Lovin On Me,Jack Harlow,11,1,32
2024-06-29,12,Brother Stone,Don Toliver Featuring Kodak Black,-,12,1
2024-06-29,13,Get It Sexyy,Sexyy Red,10,3,14
2024-06-29,14,Attitude,Don Toliver Featuring Charlie Wilson & Cash Cobain,-,14,1
2024-06-29,15,U My Everything,Sexyy Red & Drake,12,9,4
2024-07-06,1,Not Like Us,Kendrick Lamar,1,1,8
2024-07-06,2,Houdini,Eminem,2,1,4
2024-07-06,3,Like That,"Future , Metro Boomin & Kendrick Lamar",4,1,14
2024-07-06,4,Whiskey Whiskey,Moneybagg Yo Featuring Morgan Wallen,3,3,2
2024-07-06,5,Wanna Be,GloRilla & Megan Thee Stallion,5,3,12
2024-07-06,6,Euphoria,Kendrick Lamar,8,2,9
2024-07-06,7,BAND4BAND,Central Cee & Lil Baby,6,3,5
2024-07-06,8,TGIF,GloRilla,-,8,1
2024-07-06,9,Type Shit,"Future , Metro Boomin , Travis Scott & Playboi Carti",7,2,14
2024-07-06,10,Parking Lot,Mustard & Travis Scott,-,10,1
2024-07-06,11,Yeah Glo!,GloRilla,9,6,15
2024-07-06,12,Lovin On Me,Jack Harlow,11,1,33
2024-07-06,13,One Of Wun,Gunna,10,4,7
2024-07-06,14,Get It Sexyy,Sexyy Red,13,3,15
2024-07-06,15,Kehlani,Jordan Adetunji,-,15,1
2024-07-13,1,Not Like Us,Kendrick Lamar,1,1,9
2024-07-13,2,Like That,"Future , Metro Boomin & Kendrick Lamar",3,1,15
2024-07-13,3,Houdini,Eminem,2,1,5
2024-07-13,4,Whiskey Whiskey,Moneybagg Yo Featuring Morgan Wallen,4,3,3
2024-07-13,5,TGIF,GloRilla,8,5,2
2024-07-13,6,Wanna Be,GloRilla & Megan Thee Stallion,5,3,13
2024-07-13,7,Yeah Glo!,GloRilla,11,6,16
2024-07-13,8,Kehlani,Jordan Adetunji,15,8,2
2024-07-13,9,BAND4BAND,Central Cee & Lil Baby,7,3,6
2024-07-13,10,Euphoria,Kendrick Lamar,6,2,10
2024-07-13,11,Type Shit,"Future , Metro Boomin , Travis Scott & Playboi Carti",9,2,15
2024-07-13,12,Get It Sexyy,Sexyy Red,14,3,16
2024-07-13,13,Lovin On Me,Jack Harlow,12,1,34
2024-07-13,14,Otaku Hot Girl,Megan Thee Stallion,-,14,1
2024-07-13,15,Mamushi,Megan Thee Stallion Featuring Yuki Chiba,-,15,1
2024-07-20,1,Not Like Us,Kendrick Lamar,1,1,10
2024-07-20,2,Like That,"Future , Metro Boomin & Kendrick Lamar",2,1,16
2024-07-20,3,Tobey,"Eminem , Big Sean & BabyTron",-,3,1
2024-07-20,4,Whiskey Whiskey,Moneybagg Yo Featuring Morgan Wallen,4,3,4
2024-07-20,5,Houdini,Eminem,3,1,6
2024-07-20,6,TGIF,GloRilla,5,5,3
2024-07-20,7,Wanna Be,GloRilla & Megan Thee Stallion,6,3,14
2024-07-20,8,Mamushi,Megan Thee Stallion Featuring Yuki Chiba,15,8,2
2024-07-20,9,Yeah Glo!,GloRilla,7,6,17
2024-07-20,10,Euphoria,Kendrick Lamar,10,2,11
2024-07-20,11,Kehlani,Jordan Adetunji,8,8,3
2024-07-20,12,BAND4BAND,Central Cee & Lil Baby,9,3,7
2024-07-20,13,Type Shit,"Future , Metro Boomin , Travis Scott & Playboi Carti",11,2,16
2024-07-20,14,Get It Sexyy,Sexyy Red,12,3,17
2024-07-20,15,Lovin On Me,Jack Harlow,13,1,35
2024-07-27,1,Not Like Us,Kendrick Lamar,1,1,11
2024-07-27,2,Houdini,Eminem,5,1,7
2024-07-27,3,Habits,Eminem & White Gold,-,3,1
2024-07-27,4,Renaissance,Eminem,-,4,1
2024-07-27,5,Fuel,Eminem Featuring JID,-,5,1
2024-07-27,6,Tobey,"Eminem , Big Sean & BabyTron",3,3,2
2024-07-27,7,Brand New Dance,Eminem,-,7,1
2024-07-27,8,Somebody Save Me,Eminem & Jelly Roll,-,8,1
2024-07-27,9,Trouble,Eminem,-,9,1
2024-07-27,10,Evil,Eminem,-,10,1
2024-07-27,11,Like That,"Future , Metro Boomin & Kendrick Lamar",2,1,17
2024-07-27,12,Lucifer,Eminem & Sly Pyper,-,12,1
2024-07-27,13,Antichrist,Eminem,-,13,1
2024-07-27,14,Guilty Conscience 2,Eminem,-,14,1
2024-07-27,15,Whiskey Whiskey,Moneybagg Yo Featuring Morgan Wallen,4,3,5
2024-08-03,1,Not Like Us,Kendrick Lamar,1,1,12
2024-08-03,2,Houdini,Eminem,2,1,8
2024-08-03,3,Like That,"Future , Metro Boomin & Kendrick Lamar",11,1,18
2024-08-03,4,Mamushi,Megan Thee Stallion Featuring Yuki Chiba,-,4,3
2024-08-03,5,Whiskey Whiskey,Moneybagg Yo Featuring Morgan Wallen,15,3,6
2024-08-03,6,TGIF,GloRilla,-,5,4
2024-08-03,7,Wanna Be,GloRilla & Megan Thee Stallion,-,3,15
2024-08-03,8,Somebody Save Me,Eminem & Jelly Roll,8,8,2
2024-08-03,9,Did It First,Ice Spice & Central Cee,-,9,1
2024-08-03,10,Tobey,"Eminem , Big Sean & BabyTron",6,3,3
2024-08-03,11,Kehlani,Jordan Adetunji,-,8,4
2024-08-03,12,Yeah Glo!,GloRilla,-,6,18
2024-08-03,13,Type Shit,"Future , Metro Boomin , Travis Scott & Playboi Carti",-,2,17
2024-08-03,14,Fuel,Eminem Featuring JID,5,5,2
2024-08-03,15,BAND4BAND,Central Cee & Lil Baby,-,3,8
2024-08-10,1,Not Like Us,Kendrick Lamar,1,1,13
2024-08-10,2,Like That,"Future , Metro Boomin & Kendrick Lamar",3,1,19
2024-08-10,3,Houdini,Eminem,2,1,9
2024-08-10,4,Whiskey Whiskey,Moneybagg Yo Featuring Morgan Wallen,5,3,7
2024-08-10,5,Mamushi,Megan Thee Stallion Featuring Yuki Chiba,4,4,4
2024-08-10,6,Did It First,Ice Spice & Central Cee,9,6,2
2024-08-10,7,TGIF,GloRilla,6,5,5
2024-08-10,8,Wanna Be,GloRilla & Megan Thee Stallion,7,3,16
2024-08-10,9,Big Dawgs,Hanumankind X Kalmi,-,9,1
2024-08-10,10,Kehlani,Jordan Adetunji,11,8,5
2024-08-10,11,Yeah Glo!,GloRilla,12,6,19
2024-08-10,12,Type Shit,"Future , Metro Boomin , Travis Scott & Playboi Carti",13,2,18
2024-08-10,13,Hate Me,Lil Yachty & ian,-,13,1
2024-08-10,14,Lovin On Me,Jack Harlow,-,1,36
2024-08-10,15,Help Me,Real Boston Richey,-,15,1
2024-08-17,1,Not Like Us,Kendrick Lamar,1,1,14
2024-08-17,2,Big Dawgs,Hanumankind X Kalmi,9,2,2
2024-08-17,3,Kehlani,Jordan Adetunji,10,3,6
2024-08-17,4,Like That,"Future , Metro Boomin & Kendrick Lamar",2,1,20
2024-08-17,5,Field Trip,"¥$: Kanye West & Ty Dolla $ign Featuring Playboi Carti , Kodak Black & Don Toliver",-,5,1
2024-08-17,6,Houdini,Eminem,3,1,10
2024-08-17,7,Mamushi,Megan Thee Stallion Featuring Yuki Chiba,5,4,5
2024-08-17,8,Whiskey Whiskey,Moneybagg Yo Featuring Morgan Wallen,4,3,8
2024-08-17,9,TGIF,GloRilla,7,5,6
2024-08-17,10,Wanna Be,GloRilla & Megan Thee Stallion,8,3,17
2024-08-17,11,Type Shit,"Future , Metro Boomin , Travis Scott & Playboi Carti",12,2,19
2024-08-17,12,Did It First,Ice Spice & Central Cee,6,6,3
2024-08-17,13,One Of Wun,Gunna,-,4,8
2024-08-17,14,Help Me,Real Boston Richey,15,14,2
2024-08-17,15,Yeah Glo!,GloRilla,11,6,20
2024-08-24,1,Not Like Us,Kendrick Lamar,1,1,15
2024-08-24,2,Big Dawgs,Hanumankind X Kalmi,2,2,3
2024-08-24,3,It's Up,"Drake , Young Thug & 21 Savage",-,3,1
2024-08-24,4,Kehlani,Jordan Adetunji,3,3,7
2024-08-24,5,Like That,"Future , Metro Boomin & Kendrick Lamar",4,1,21
2024-08-24,6,Mamushi,Megan Thee Stallion Featuring Yuki Chiba,7,4,6
2024-08-24,7,Whiskey Whiskey,Moneybagg Yo Featuring Morgan Wallen,8,3,9
2024-08-24,8,TGIF,GloRilla,9,5,7
2024-08-24,9,Houdini,Eminem,6,1,11
2024-08-24,10,Wanna Be,GloRilla & Megan Thee Stallion,10,3,18
2024-08-24,11,Help Me,Real Boston Richey,14,11,3
2024-08-24,12,Type Shit,"Future , Metro Boomin , Travis Scott & Playboi Carti",11,2,20
2024-08-24,13,Field Trip,"¥$: Kanye West & Ty Dolla $ign Featuring Playboi Carti , Kodak Black & Don Toliver",5,5,2
2024-08-24,14,Yeah Glo!,GloRilla,15,6,21
2024-08-24,15,One Of Wun,Gunna,13,4,9
2024-08-31,1,Not Like Us,Kendrick Lamar,1,1,16
2024-08-31,2,Big Dawgs,Hanumankind X Kalmi,2,2,4
2024-08-31,3,Kehlani,Jordan Adetunji,4,3,8
2024-08-31,4,Like That,"Future , Metro Boomin & Kendrick Lamar",5,1,22
2024-08-31,5,It's Up,"Drake , Young Thug & 21 Savage",3,3,2
2024-08-31,6,Whiskey Whiskey,Moneybagg Yo Featuring Morgan Wallen,7,3,10
2024-08-31,7,Mamushi,Megan Thee Stallion Featuring Yuki Chiba,6,4,7
2024-08-31,8,TGIF,GloRilla,8,5,8
2024-08-31,9,Houdini,Eminem,9,1,12
2024-08-31,10,Wanna Be,GloRilla & Megan Thee Stallion,10,3,19
2024-08-31,11,Help Me,Real Boston Richey,11,11,4
2024-08-31,12,Type Shit,"Future , Metro Boomin , Travis Scott & Playboi Carti",12,2,21
2024-08-31,13,One Of Wun,Gunna,15,4,10
2024-08-31,14,Yeah Glo!,GloRilla,14,6,22
2024-08-31,15,Sunflower (Spider-Man: Into The Spider-Verse),Post Malone & Swae Lee,-,1,110
2024-09-07,1,Not Like Us,Kendrick Lamar,1,1,17
2024-09-07,2,Big Dawgs,Hanumankind X Kalmi,2,2,5
2024-09-07,3,Kehlani,Jordan Adetunji,3,3,9
2024-09-07,4,Like That,"Future , Metro Boomin & Kendrick Lamar",4,1,23
2024-09-07,5,Whiskey Whiskey,Moneybagg Yo Featuring Morgan Wallen,6,3,11
2024-09-07,6,Drugs You Should Try It,Travis Scott,-,6,1
2024-09-07,7,It's Up,"Drake , Young Thug & 21 Savage",5,3,3
2024-09-07,8,TGIF,GloRilla,8,5,9
2024-09-07,9,Help Me,Real Boston Richey,11,9,5
2024-09-07,10,Wanna Be,GloRilla & Megan Thee Stallion,10,3,20
2024-09-07,11,Type Shit,"Future , Metro Boomin , Travis Scott & Playboi Carti",12,2,22
2024-09-07,12,Mamushi,Megan Thee Stallion Featuring Yuki Chiba,7,4,8
2024-09-07,13,Houdini,Eminem,9,1,13
2024-09-07,14,One Of Wun,Gunna,13,4,11
2024-09-07,15,Wait For U,Future Featuring Drake & Tems,-,1,59
2024-09-14,1,Not Like Us,Kendrick Lamar,1,1,18
2024-09-14,2,Big Dawgs,Hanumankind X Kalmi,2,2,6
2024-09-14,3,Kehlani,Jordan Adetunji,3,3,10
2024-09-14,4,Like That,"Future , Metro Boomin & Kendrick Lamar",4,1,24
2024-09-14,5,No Face,Drake,-,5,1
2024-09-14,6,Whiskey Whiskey,Moneybagg Yo Featuring Morgan Wallen,5,3,12
2024-09-14,7,TGIF,GloRilla,8,5,10
2024-09-14,8,Help Me,Real Boston Richey,9,8,6
2024-09-14,9,Circadian Rhythm,Drake,-,9,1
2024-09-14,10,Type Shit,"Future , Metro Boomin , Travis Scott & Playboi Carti",11,2,23
2024-09-14,11,Wanna Be,GloRilla & Megan Thee Stallion,10,3,21
2024-09-14,12,It's Up,"Drake , Young Thug & 21 Savage",7,3,4
2024-09-14,13,One Of Wun,Gunna,14,4,12
2024-09-14,14,Houdini,Eminem,13,1,14
2024-09-14,15,Mamushi,Megan Thee Stallion Featuring Yuki Chiba,12,4,9
2024-09-21,1,Not Like Us,Kendrick Lamar,1,1,19
2024-09-21,2,Big Dawgs,Hanumankind X Kalmi,2,2,7
2024-09-21,3,Like That,"Future , Metro Boomin & Kendrick Lamar",4,1,25
2024-09-21,4,Kehlani,Jordan Adetunji,3,3,11
2024-09-21,5,Neva Play,Megan Thee Stallion & RM,-,5,1
2024-09-21,6,Circadian Rhythm,Drake,9,6,2
2024-09-21,7,Help Me,Real Boston Richey,8,7,7
2024-09-21,8,No Face,Drake,5,5,2
2024-09-21,9,TGIF,GloRilla,7,5,11
2024-09-21,10,Whiskey Whiskey,Moneybagg Yo Featuring Morgan Wallen,6,3,13
2024-09-21,11,Type Shit,"Future , Metro Boomin , Travis Scott & Playboi Carti",10,2,24
2024-09-21,12,Wanna Be,GloRilla & Megan Thee Stallion,11,3,22
2024-09-21,13,Lifestyle,Rich Gang Featuring Young Thug & Rich Homie Quan,-,2,27
2024-09-21,14,Wait For U,Future Featuring Drake & Tems,-,1,60
2024-09-21,15,One Of Wun,Gunna,13,4,13
2024-09-28,1,All Red,Playboi Carti,-,1,1
2024-09-28,2,Not Like Us,Kendrick Lamar,1,1,20
2024-09-28,3,Like That,"Future , Metro Boomin & Kendrick Lamar",3,1,26
2024-09-28,4,Kehlani,Jordan Adetunji,4,3,12
2024-09-28,5,Big Dawgs,Hanumankind X Kalmi,2,2,8
2024-09-28,6,Help Me,Real Boston Richey,7,6,8
2024-09-28,7,TGIF,GloRilla,9,5,12
2024-09-28,8,Passport Junkie,Rod Wave,-,8,1
2024-09-28,9,Type Shit,"Future , Metro Boomin , Travis Scott & Playboi Carti",11,2,25
2024-09-28,10,Whiskey Whiskey,Moneybagg Yo Featuring Morgan Wallen,10,3,14
2024-09-28,11,Circadian Rhythm,Drake,6,6,3
2024-09-28,12,Wanna Be,GloRilla & Megan Thee Stallion,12,3,23
2024-09-28,13,FE!N,Travis Scott Featuring Playboi Carti,-,2,18
2024-09-28,14,Wait For U,Future Featuring Drake & Tems,14,1,61
2024-09-28,15,One Of Wun,Gunna,15,4,14
2024-10-05,1,Not Like Us,Kendrick Lamar,2,1,21
2024-10-05,2,Teflon Don,Future,-,2,1
2024-10-05,3,Lil Demon,Future,-,3,1
2024-10-05,4,Ski,Future,-,4,1
2024-10-05,5,Too Fast,Future,-,5,1
2024-10-05,6,Plutoski,Future,-,6,1
2024-10-05,7,Ready To Cook Up,Future,-,7,1
2024-10-05,8,Ocean,Future,-,8,1
2024-10-05,9,All Red,Playboi Carti,1,1,2
2024-10-05,10,Like That,"Future , Metro Boomin & Kendrick Lamar",3,1,27
2024-10-05,11,South Of France,Future,-,11,1
2024-10-05,12,Brazzier,Future,-,12,1
2024-10-05,13,Press The Button,Future,-,13,1
2024-10-05,14,Kehlani,Jordan Adetunji,4,3,13
2024-10-05,15,Surfing A Tsunami,Future,-,15,1
2024-10-12,1,Not Like Us,Kendrick Lamar,1,1,22
2024-10-12,2,Lil Demon,Future,3,2,2
2024-10-12,3,Like That,"Future , Metro Boomin & Kendrick Lamar",10,1,28
2024-10-12,4,Teflon Don,Future,2,2,2
2024-10-12,5,Big Dawgs,Hanumankind X Kalmi,-,2,9
2024-10-12,6,Kehlani,Jordan Adetunji,14,3,14
2024-10-12,7,Plutoski,Future,6,6,2
2024-10-12,8,FE!N,Travis Scott Featuring Playboi Carti,-,2,19
2024-10-12,9,Fall Fast In Love,Rod Wave,-,9,1
2024-10-12,10,TGIF,GloRilla,-,5,13
2024-10-12,11,Whiskey Whiskey,Moneybagg Yo Featuring Morgan Wallen,-,3,15
2024-10-12,12,All Red,Playboi Carti,9,1,3
2024-10-12,13,Ski,Future,4,4,2
2024-10-12,14,Help Me,Real Boston Richey,-,6,9
2024-10-12,15,One Of Wun,Gunna,-,4,15
2024-10-19,1,Not Like Us,Kendrick Lamar,1,1,23
2024-10-19,2,FE!N,Travis Scott Featuring Playboi Carti,8,2,20
2024-10-19,3,Or What?,NLE Choppa & 41,-,3,1
2024-10-19,4,Like That,"Future , Metro Boomin & Kendrick Lamar",3,1,29
2024-10-19,5,Kehlani,Jordan Adetunji,6,3,15
2024-10-19,6,Big Dawgs,Hanumankind X Kalmi,5,2,10
2024-10-19,7,Lil Demon,Future,2,2,3
2024-10-19,8,TGIF,GloRilla,10,5,14
2024-10-19,9,One Of Wun,Gunna,15,4,16
2024-10-19,10,Help Me,Real Boston Richey,14,6,10
2024-10-19,11,Whiskey Whiskey,Moneybagg Yo Featuring Morgan Wallen,11,3,16
2024-10-19,12,Type Shit,"Future , Metro Boomin , Travis Scott & Playboi Carti",-,2,26
2024-10-19,13,Wanna Be,GloRilla & Megan Thee Stallion,-,3,24
2024-10-19,14,Plutoski,Future,7,6,3
2024-10-19,15,Mmhmm,BigXthaPlug,-,15,1
2024-10-26,1,25,Rod Wave,-,1,1
2024-10-26,2,Not Like Us,Kendrick Lamar,1,1,24
2024-10-26,3,Whatchu Kno About Me,GloRilla & Sexyy Red,-,3,1
2024-10-26,4,Last Lap,Rod Wave,-,4,1
2024-10-26,5,TGIF,GloRilla,8,5,15
2024-10-26,6,Federal Nightmares,Rod Wave,-,6,1
2024-10-26,7,Angel With An Attitude,Rod Wave,-,7,1
2024-10-26,8,Fall Fast In Love,Rod Wave,-,8,2
2024-10-26,9,F**k Fame,Rod Wave Featuring Lil Yachty & Lil Baby,-,9,1
2024-10-26,10,Passport Junkie,Rod Wave,-,8,2
2024-10-26,11,Hollon,GloRilla,-,11,1
2024-10-26,12,Never Mind,Rod Wave,-,12,1
2024-10-26,13,Turtle Race,Rod Wave,-,13,1
2024-10-26,14,Or What?,NLE Choppa & 41,3,3,2
2024-10-26,15,FE!N,Travis Scott Featuring Playboi Carti,2,2,21
2024-11-02,1,Not Like Us,Kendrick Lamar,2,1,25
2024-11-02,2,Whatchu Kno About Me,GloRilla & Sexyy Red,3,2,2
2024-11-02,3,25,Rod Wave,1,1,2
2024-11-02,4,Noid,"Tyler, The Creator",-,4,1
2024-11-02,5,TGIF,GloRilla,5,5,16
2024-11-02,6,Mmhmm,BigXthaPlug,-,6,2
2024-11-02,7,FE!N,Travis Scott Featuring Playboi Carti,15,2,22
2024-11-02,8,Like That,"Future , Metro Boomin & Kendrick Lamar",-,1,30
2024-11-02,9,Him All Along,Gunna,-,9,1
2024-11-02,10,Hollon,GloRilla,11,10,2
2024-11-02,11,Help Me,Real Boston Richey,-,6,11
2024-11-02,12,2AM,BigXthaPlug,-,12,1
2024-11-02,13,Or What?,NLE Choppa & 41,14,3,3
2024-11-02,14,I Luv Her,GloRilla & T-Pain,-,14,1
2024-11-02,15,One Of Wun,Gunna,-,4,17
2024-11-09,1,St. Chroma,"Tyler, The Creator Featuring Daniel Caesar",-,1,1
2024-11-09,2,Noid,"Tyler, The Creator",4,2,2
2024-11-09,3,Sticky,"Tyler, The Creator Featuring GloRilla , Sexyy Red & Lil Wayne",-,3,1
2024-11-09,4,"Darling, I","Tyler, The Creator Featuring Teezo Touchdown",-,4,1
2024-11-09,5,Rah Tah Tah,"Tyler, The Creator",-,5,1
2024-11-09,6,Thought I Was Dead,"Tyler, The Creator Featuring ScHoolboy Q & Santigold",-,6,1
2024-11-09,7,Hey Jane,"Tyler, The Creator",-,7,1
2024-11-09,8,Judge Judy,"Tyler, The Creator",-,8,1
2024-11-09,9,Take Your Mask Off,"Tyler, The Creator Featuring Daniel Caesar & Latoiya Williams",-,9,1
2024-11-09,10,I Killed You,"Tyler, The Creator",-,10,1
2024-11-09,11,Whatchu Kno About Me,GloRilla & Sexyy Red,2,2,3
2024-11-09,12,Not Like Us,Kendrick Lamar,1,1,26
2024-11-09,13,Tomorrow,"Tyler, The Creator",-,13,1
2024-11-09,14,Balloon,"Tyler, The Creator Featuring Doechii",-,14,1
2024-11-09,15,25,Rod Wave,3,1,3
2024-11-16,1,Sticky,"Tyler, The Creator Featuring GloRilla , Sexyy Red & Lil Wayne",3,1,2
2024-11-16,2,St. Chroma,"Tyler, The Creator Featuring Daniel Caesar",1,1,2
2024-11-16,3,"Darling, I","Tyler, The Creator Featuring Teezo Touchdown",4,3,2
2024-11-16,4,Rah Tah Tah,"Tyler, The Creator",5,4,2
2024-11-16,5,Noid,"Tyler, The Creator",2,2,3
2024-11-16,6,Thought I Was Dead,"Tyler, The Creator Featuring ScHoolboy Q & Santigold",6,6,2
2024-11-16,7,Whatchu Kno About Me,GloRilla & Sexyy Red,11,2,4
2024-11-16,8,Not Like Us,Kendrick Lamar,12,1,27
2024-11-16,9,Chill Bae,Lil Uzi Vert,-,9,1
2024-11-16,10,Judge Judy,"Tyler, The Creator",8,8,2
2024-11-16,11,Light Year (Practice),Lil Uzi Vert,-,11,1
2024-11-16,12,Take Your Mask Off,"Tyler, The Creator Featuring Daniel Caesar & Latoiya Williams",9,9,2
2024-11-16,13,25,Rod Wave,15,1,4
2024-11-16,14,Balloon,"Tyler, The Creator Featuring Doechii",14,14,2
2024-11-16,15,Hey Jane,"Tyler, The Creator",7,7,2
2024-11-23,1,Sticky,"Tyler, The Creator Featuring GloRilla , Sexyy Red & Lil Wayne",1,1,3
2024-11-23,2,St. Chroma,"Tyler, The Creator Featuring Daniel Caesar",2,1,3
2024-11-23,3,Whatchu Kno About Me,GloRilla & Sexyy Red,7,2,5
2024-11-23,4,Not Like Us,Kendrick Lamar,8,1,28
2024-11-23,5,"Darling, I","Tyler, The Creator Featuring Teezo Touchdown",3,3,3
2024-11-23,6,Rah Tah Tah,"Tyler, The Creator",4,4,3
2024-11-23,7,25,Rod Wave,13,1,5
2024-11-23,8,Thought I Was Dead,"Tyler, The Creator Featuring ScHoolboy Q & Santigold",6,6,3
2024-11-23,9,Noid,"Tyler, The Creator",5,2,4
2024-11-23,10,Help Me,Real Boston Richey,-,6,12
2024-11-23,11,Like That,"Future , Metro Boomin & Kendrick Lamar",-,1,31
2024-11-23,12,TGIF,GloRilla,-,5,17
2024-11-23,13,FE!N,Travis Scott Featuring Playboi Carti,-,2,23
2024-11-23,14,No Pole,Don Toliver,-,14,1
2024-11-23,15,Mmhmm,BigXthaPlug,-,6,3
2024-11-30,1,Sticky,"Tyler, The Creator Featuring GloRilla , Sexyy Red & Lil Wayne",1,1,4
2024-11-30,2,Whatchu Kno About Me,GloRilla & Sexyy Red,3,2,6
2024-11-30,3,St. Chroma,"Tyler, The Creator Featuring Daniel Caesar",2,1,4
2024-11-30,4,Not Like Us,Kendrick Lamar,4,1,29
2024-11-30,5,Insecurities,Lil Baby,-,5,1
2024-11-30,6,"Darling, I","Tyler, The Creator Featuring Teezo Touchdown",5,3,4
2024-11-30,7,25,Rod Wave,7,1,6
2024-11-30,8,Rah Tah Tah,"Tyler, The Creator",6,4,4
2024-11-30,9,Like That,"Future , Metro Boomin & Kendrick Lamar",11,1,32
2024-11-30,10,I Luv Her,GloRilla & T-Pain,-,10,2
2024-11-30,11,TGIF,GloRilla,12,5,18
2024-11-30,12,Thought I Was Dead,"Tyler, The Creator Featuring ScHoolboy Q & Santigold",8,6,4
2024-11-30,13,Help Me,Real Boston Richey,10,6,13
2024-11-30,14,AGATS2 (Insecure),Juice WRLD & Nicki Minaj,-,14,1
2024-11-30,15,FE!N,Travis Scott Featuring Playboi Carti,13,2,24
2024-12-07,1,Squabble Up,Kendrick Lamar,-,1,1
2024-12-07,2,TV Off,Kendrick Lamar Featuring Lefty Gunplay,-,2,1
2024-12-07,3,Luther,Kendrick Lamar & SZA,-,3,1
2024-12-07,4,Wacced Out Murals,Kendrick Lamar,-,4,1
2024-12-07,5,Hey Now,Kendrick Lamar Featuring Dody6,-,5,1
2024-12-07,6,Reincarnated,Kendrick Lamar,-,6,1
2024-12-07,7,Man At The Garden,Kendrick Lamar,-,7,1
2024-12-07,8,Dodger Blue,"Kendrick Lamar Featuring Wallie the Sensei, Siete7x & Roddy Ricch",-,8,1
2024-12-07,9,Peekaboo,Kendrick Lamar Featuring AzChike,-,9,1
2024-12-07,10,Heart Pt. 6,Kendrick Lamar,-,10,1
2024-12-07,11,GNX,"Kendrick Lamar Featuring Hitta J3, YoungThreat & Peysoh",-,11,1
2024-12-07,12,Gloria,Kendrick Lamar & SZA,-,12,1
2024-12-07,13,Sticky,"Tyler, The Creator Featuring GloRilla , Sexyy Red & Lil Wayne",1,1,5
2024-12-07,14,Whatchu Kno About Me,GloRilla & Sexyy Red,2,2,7
2024-12-07,15,Not Like Us,Kendrick Lamar,4,1,30
2024-12-14,1,TV Off,Kendrick Lamar Featuring Lefty Gunplay,2,1,2
2024-12-14,2,Luther,Kendrick Lamar & SZA,3,2,2
2024-12-14,3,Squabble Up,Kendrick Lamar,1,1,2
2024-12-14,4,Wacced Out Murals,Kendrick Lamar,4,4,2
2024-12-14,5,Hey Now,Kendrick Lamar Featuring Dody6,5,5,2
2024-12-14,6,Sticky,"Tyler, The Creator Featuring GloRilla , Sexyy Red & Lil Wayne",13,1,6
2024-12-14,7,Dodger Blue,"Kendrick Lamar Featuring Wallie the Sensei, Siete7x & Roddy Ricch",8,7,2
2024-12-14,8,Reincarnated,Kendrick Lamar,6,6,2
2024-12-14,9,Peekaboo,Kendrick Lamar Featuring AzChike,9,9,2
2024-12-14,10,Man At The Garden,Kendrick Lamar,7,7,2
2024-12-14,11,Whatchu Kno About Me,GloRilla & Sexyy Red,14,2,8
2024-12-14,12,Heart Pt. 6,Kendrick Lamar,10,10,2
2024-12-14,13,Not Like Us,Kendrick Lamar,15,1,31
2024-12-14,14,Empty Out Your Pockets,Juice WRLD,-,14,1
2024-12-14,15,Gloria,Kendrick Lamar & SZA,12,12,2
2024-12-21,1,Luther,Kendrick Lamar & SZA,2,1,3
2024-12-21,2,TV Off,Kendrick Lamar Featuring Lefty Gunplay,1,1,3
2024-12-21,3,Squabble Up,Kendrick Lamar,3,1,3
2024-12-21,4,Sticky,"Tyler, The Creator Featuring GloRilla , Sexyy Red & Lil Wayne",6,1,7
2024-12-21,5,Hey Now,Kendrick Lamar Featuring Dody6,5,5,3
2024-12-21,6,Not Like Us,Kendrick Lamar,13,1,32
2024-12-21,7,Wacced Out Murals,Kendrick Lamar,4,4,3
2024-12-21,8,Whatchu Kno About Me,GloRilla & Sexyy Red,11,2,9
2024-12-21,9,Dodger Blue,"Kendrick Lamar Featuring Wallie the Sensei, Siete7x & Roddy Ricch",7,7,3
2024-12-21,10,Empty Out Your Pockets,Juice WRLD,14,10,2
2024-12-21,11,Peekaboo,Kendrick Lamar Featuring AzChike,9,9,3
2024-12-21,12,Reincarnated,Kendrick Lamar,8,6,3
2024-12-21,13,Heart Pt. 6,Kendrick Lamar,12,10,3
2024-12-21,14,Man At The Garden,Kendrick Lamar,10,7,3
2024-12-21,15,Gloria,Kendrick Lamar & SZA,15,12,3
2024-12-28,1,Luther,Kendrick Lamar & SZA,1,1,4
2024-12-28,2,TV Off,Kendrick Lamar Featuring Lefty Gunplay,2,1,4
2024-12-28,3,Squabble Up,Kendrick Lamar,3,1,4
2024-12-28,4,Sticky,"Tyler, The Creator Featuring GloRilla , Sexyy Red & Lil Wayne",4,1,8
2024-12-28,5,Not Like Us,Kendrick Lamar,6,1,33
2024-12-28,6,Whatchu Kno About Me,GloRilla & Sexyy Red,8,2,10
2024-12-28,7,Hey Now,Kendrick Lamar Featuring Dody6,5,5,4
2024-12-28,8,Wacced Out Murals,Kendrick Lamar,7,4,4
2024-12-28,9,Dodger Blue,"Kendrick Lamar Featuring Wallie the Sensei, Siete7x & Roddy Ricch",9,7,4
2024-12-28,10,Peekaboo,Kendrick Lamar Featuring AzChike,11,9,4
2024-12-28,11,Empty Out Your Pockets,Juice WRLD,10,10,3
2024-12-28,12,Like That,"Future , Metro Boomin & Kendrick Lamar",-,1,33
2024-12-28,13,Reincarnated,Kendrick Lamar,12,6,4
2024-12-28,14,Gang Baby,NLE Choppa,-,14,1
2024-12-28,15,Heart Pt. 6,Kendrick Lamar,13,10,4
2025-01-04,1,Luther,Kendrick Lamar & SZA,1,1,5
2025-01-04,2,TV Off,Kendrick Lamar Featuring Lefty Gunplay,2,1,5
2025-01-04,3,Squabble Up,Kendrick Lamar,3,1,5
2025-01-04,4,Sticky,"Tyler, The Creator Featuring GloRilla , Sexyy Red & Lil Wayne",4,1,9
2025-01-04,5,Not Like Us,Kendrick Lamar,5,1,34
2025-01-04,6,Whatchu Kno About Me,GloRilla & Sexyy Red,6,2,11
2025-01-04,7,Hey Now,Kendrick Lamar Featuring Dody6,7,5,5
2025-01-04,8,Like That,"Future , Metro Boomin & Kendrick Lamar",12,1,34
2025-01-04,9,Wacced Out Murals,Kendrick Lamar,8,4,5
2025-01-04,10,Empty Out Your Pockets,Juice WRLD,11,10,4
2025-01-04,11,Peekaboo,Kendrick Lamar Featuring AzChike,10,9,5
2025-01-04,12,25,Rod Wave,-,1,7
2025-01-04,13,No Pole,Don Toliver,-,13,2
2025-01-04,14,Dodger Blue,"Kendrick Lamar Featuring Wallie the Sensei, Siete7x & Roddy Ricch",9,7,5
2025-01-04,15,Gang Baby,NLE Choppa,14,14,2
2025-01-11,1,Luther,Kendrick Lamar & SZA,1,1,6
2025-01-11,2,TV Off,Kendrick Lamar Featuring Lefty Gunplay,2,1,6
2025-01-11,3,Sticky,"Tyler, The Creator Featuring GloRilla , Sexyy Red & Lil Wayne",4,1,10
2025-01-11,4,Squabble Up,Kendrick Lamar,3,1,6
2025-01-11,5,Not Like Us,Kendrick Lamar,5,1,35
2025-01-11,6,Whatchu Kno About Me,GloRilla & Sexyy Red,6,2,12
2025-01-11,7,Like That,"Future , Metro Boomin & Kendrick Lamar",8,1,35
2025-01-11,8,Hey Now,Kendrick Lamar Featuring Dody6,7,5,6
2025-01-11,9,No Pole,Don Toliver,13,9,3
2025-01-11,10,Empty Out Your Pockets,Juice WRLD,10,10,5
2025-01-11,11,Wacced Out Murals,Kendrick Lamar,9,4,6
2025-01-11,12,Peekaboo,Kendrick Lamar Featuring AzChike,11,9,6
2025-01-11,13,25,Rod Wave,12,1,8
2025-01-11,14,Gang Baby,NLE Choppa,15,14,3
2025-01-11,15,FE!N,Travis Scott Featuring Playboi Carti,-,2,25
2025-01-18,1,Luther,Kendrick Lamar & SZA,1,1,7
2025-01-18,2,TV Off,Kendrick Lamar Featuring Lefty Gunplay,2,1,7
2025-01-18,3,"Dum, Dumb, And Dumber","Lil Baby , Young Thug & Future",-,3,1
2025-01-18,4,Sticky,"Tyler, The Creator Featuring GloRilla , Sexyy Red & Lil Wayne",3,1,11
2025-01-18,5,Squabble Up,Kendrick Lamar,4,1,7
2025-01-18,6,Tweaker,GELO,-,6,1
2025-01-18,7,Not Like Us,Kendrick Lamar,5,1,36
2025-01-18,8,By Myself,Lil Baby & Rylo Rodriguez Featuring Rod Wave,-,8,1
2025-01-18,9,Whatchu Kno About Me,GloRilla & Sexyy Red,6,2,13
2025-01-18,10,Outfit,Lil Baby & 21 Savage,-,10,1
2025-01-18,11,Stuff,Lil Baby Featuring Travis Scott,-,11,1
2025-01-18,12,Redbone,Lil Baby & GloRilla,-,12,1
2025-01-18,13,F U 2x,Lil Baby,-,13,1
2025-01-18,14,Listen Up,Lil Baby,-,14,1
2025-01-18,15,I Promise,Lil Baby,-,15,1
2025-01-25,1,Luther,Kendrick Lamar & SZA,1,1,8
2025-01-25,2,TV Off,Kendrick Lamar Featuring Lefty Gunplay,2,1,8
2025-01-25,3,Tweaker,GELO,6,3,2
2025-01-25,4,Sticky,"Tyler, The Creator Featuring GloRilla , Sexyy Red & Lil Wayne",4,1,12
2025-01-25,5,Squabble Up,Kendrick Lamar,5,1,8
2025-01-25,6,Not Like Us,Kendrick Lamar,7,1,37
2025-01-25,7,"Dum, Dumb, And Dumber","Lil Baby , Young Thug & Future",3,3,2
2025-01-25,8,Whatchu Kno About Me,GloRilla & Sexyy Red,9,2,14
2025-01-25,9,Denial Is A River,Doechii,-,9,1
2025-01-25,10,No Pole,Don Toliver,-,9,4
2025-01-25,11,Like That,"Future , Metro Boomin & Kendrick Lamar",-,1,36
2025-01-25,12,Peekaboo,Kendrick Lamar Featuring AzChike,-,9,7
2025-01-25,13,Stuff,Lil Baby Featuring Travis Scott,11,11,2
2025-01-25,14,By Myself,Lil Baby & Rylo Rodriguez Featuring Rod Wave,8,8,2
2025-01-25,15,Hey Now,Kendrick Lamar Featuring Dody6,-,5,7
2025-02-01,1,Luther,Kendrick Lamar & SZA,1,1,9
2025-02-01,2,TV Off,Kendrick Lamar Featuring Lefty Gunplay,2,1,9
2025-02-01,3,Sticky,"Tyler, The Creator Featuring GloRilla , Sexyy Red & Lil Wayne",4,1,13
2025-02-01,4,Squabble Up,Kendrick Lamar,5,1,9
2025-02-01,5,Not Like Us,Kendrick Lamar,6,1,38
2025-02-01,6,Tweaker,GELO,3,3,3
2025-02-01,7,Whatchu Kno About Me,GloRilla & Sexyy Red,8,2,15
2025-02-01,8,Denial Is A River,Doechii,9,8,2
2025-02-01,9,No Pole,Don Toliver,10,9,5
2025-02-01,10,"Dum, Dumb, And Dumber","Lil Baby , Young Thug & Future",7,3,3
2025-02-01,11,Like That,"Future , Metro Boomin & Kendrick Lamar",11,1,37
2025-02-01,12,Funny Papers,Mac Miller,-,12,1
2025-02-01,13,Peekaboo,Kendrick Lamar Featuring AzChike,12,9,8
2025-02-01,14,5 Dollar Pony Rides,Mac Miller,-,14,1
2025-02-01,15,GBP,Central Cee Featuring 21 Savage,-,15,1
2025-02-08,1,Luther,Kendrick Lamar & SZA,1,1,10
2025-02-08,2,TV Off,Kendrick Lamar Featuring Lefty Gunplay,2,1,10
2025-02-08,3,4X4,Travis Scott,-,3,1
2025-02-08,4,Fat Juicy & Wet,Sexyy Red & Bruno Mars,-,4,1
2025-02-08,5,Squabble Up,Kendrick Lamar,4,1,10
2025-02-08,6,Sticky,"Tyler, The Creator Featuring GloRilla , Sexyy Red & Lil Wayne",3,1,14
2025-02-08,7,Not Like Us,Kendrick Lamar,5,1,39
2025-02-08,8,Whatchu Kno About Me,GloRilla & Sexyy Red,7,2,16
2025-02-08,9,Tweaker,GELO,6,3,4
2025-02-08,10,Denial Is A River,Doechii,8,8,3
2025-02-08,11,Like That,"Future , Metro Boomin & Kendrick Lamar",11,1,38
2025-02-08,12,No Pole,Don Toliver,9,9,6
2025-02-08,13,Peekaboo,Kendrick Lamar Featuring AzChike,13,9,9
2025-02-08,14,GBP,Central Cee Featuring 21 Savage,15,14,2
2025-02-08,15,"Dum, Dumb, And Dumber","Lil Baby , Young Thug & Future",10,3,4
2025-02-15,1,Luther,Kendrick Lamar & SZA,1,1,11
2025-02-15,2,TV Off,Kendrick Lamar Featuring Lefty Gunplay,2,1,11
2025-02-15,3,Not Like Us,Kendrick Lamar,7,1,40
2025-02-15,4,Squabble Up,Kendrick Lamar,5,1,11
2025-02-15,5,Denial Is A River,Doechii,10,5,4
2025-02-15,6,Again,Fetty Wap,-,6,31
2025-02-15,7,Sticky,"Tyler, The Creator Featuring GloRilla , Sexyy Red & Lil Wayne",6,1,15
2025-02-15,8,Fat Juicy & Wet,Sexyy Red & Bruno Mars,4,4,2
2025-02-15,9,Tweaker,GELO,9,3,5
2025-02-15,10,Whatchu Kno About Me,GloRilla & Sexyy Red,8,2,17
2025-02-15,11,4X4,Travis Scott,3,3,2
2025-02-15,12,Like That,"Future , Metro Boomin & Kendrick Lamar",11,1,39
2025-02-15,13,No Pole,Don Toliver,12,9,7
2025-02-15,14,Peekaboo,Kendrick Lamar Featuring AzChike,13,9,10
2025-02-15,15,Hey Now,Kendrick Lamar Featuring Dody6,-,5,8
2025-02-22,1,Not Like Us,Kendrick Lamar,3,1,41
2025-02-22,2,Luther,Kendrick Lamar & SZA,1,1,12
2025-02-22,3,TV Off,Kendrick Lamar Featuring Lefty Gunplay,2,1,12
2025-02-22,4,Squabble Up,Kendrick Lamar,4,1,12
2025-02-22,5,Denial Is A River,Doechii,5,5,5
2025-02-22,6,Peekaboo,Kendrick Lamar Featuring AzChike,14,6,11
2025-02-22,7,Humble.,Kendrick Lamar,-,1,44
2025-02-22,8,Tweaker,GELO,9,3,6
2025-02-22,9,Sticky,"Tyler, The Creator Featuring GloRilla , Sexyy Red & Lil Wayne",7,1,16
2025-02-22,10,Like That,"Future , Metro Boomin & Kendrick Lamar",12,1,40
2025-02-22,11,Money Trees,Kendrick Lamar Featuring Jay Rock,-,11,1
2025-02-22,12,Again,Fetty Wap,6,6,32
2025-02-22,13,Hey Now,Kendrick Lamar Featuring Dody6,15,5,9
2025-02-22,14,Whatchu Kno About Me,GloRilla & Sexyy Red,10,2,18
2025-02-22,15,Fat Juicy & Wet,Sexyy Red & Bruno Mars,8,4,3
2025-03-01,1,Luther,Kendrick Lamar & SZA,2,1,13
2025-03-01,2,Not Like Us,Kendrick Lamar,1,1,42
2025-03-01,3,TV Off,Kendrick Lamar Featuring Lefty Gunplay,3,1,13
2025-03-01,4,Gimme A Hug,Drake,-,4,1
2025-03-01,5,Squabble Up,Kendrick Lamar,4,1,13
2025-03-01,6,Nokia,Drake,-,6,1
2025-03-01,7,Small Town Fame,Drake,-,7,1
2025-03-01,8,Peekaboo,Kendrick Lamar Featuring AzChike,6,6,12
2025-03-01,9,Denial Is A River,Doechii,5,5,6
2025-03-01,10,Brian Steel,Drake,-,10,1
2025-03-01,11,Humble.,Kendrick Lamar,7,1,45
2025-03-01,12,Sticky,"Tyler, The Creator Featuring GloRilla , Sexyy Red & Lil Wayne",9,1,17
2025-03-01,13,Like That,"Future , Metro Boomin & Kendrick Lamar",10,1,41
2025-03-01,14,Again,Fetty Wap,12,6,33
2025-03-01,15,Tweaker,GELO,8,3,7
2025-03-08,1,Luther,Kendrick Lamar & SZA,1,1,14
2025-03-08,2,Not Like Us,Kendrick Lamar,2,1,43
2025-03-08,3,TV Off,Kendrick Lamar Featuring Lefty Gunplay,3,1,14
2025-03-08,4,Nokia,Drake,6,4,2
2025-03-08,5,Squabble Up,Kendrick Lamar,5,1,14
2025-03-08,6,Denial Is A River,Doechii,9,5,7
2025-03-08,7,Gimme A Hug,Drake,4,4,2
2025-03-08,8,Peekaboo,Kendrick Lamar Featuring AzChike,8,6,13
2025-03-08,9,Sticky,"Tyler, The Creator Featuring GloRilla , Sexyy Red & Lil Wayne",12,1,18
2025-03-08,10,Humble.,Kendrick Lamar,11,1,46
2025-03-08,11,cLOUDs,J. Cole,-,11,1
2025-03-08,12,Like That,"Future , Metro Boomin & Kendrick Lamar",13,1,42
2025-03-08,13,Tweaker,GELO,15,3,8
2025-03-08,14,Money Trees,Kendrick Lamar Featuring Jay Rock,-,11,2
2025-03-08,15,Whatchu Kno About Me,GloRilla & Sexyy Red,-,2,19
2025-03-15,1,Luther,Kendrick Lamar & SZA,1,1,15
2025-03-15,2,Not Like Us,Kendrick Lamar,2,1,44
2025-03-15,3,TV Off,Kendrick Lamar Featuring Lefty Gunplay,3,1,15
2025-03-15,4,Nokia,Drake,4,4,3
2025-03-15,5,Squabble Up,Kendrick Lamar,5,1,15
2025-03-15,6,Denial Is A River,Doechii,6,5,8
2025-03-15,7,A N X I E T Y,Sleepy Hallow Featuring Doechii,-,7,1
2025-03-15,8,Peekaboo,Kendrick Lamar Featuring AzChike,8,6,14
2025-03-15,9,Ms. Whitman,Bhad Bhabie,-,9,1
2025-03-15,10,Gimme A Hug,Drake,7,4,3
2025-03-15,11,Sticky,"Tyler, The Creator Featuring GloRilla , Sexyy Red & Lil Wayne",9,1,19
2025-03-15,12,Like That,"Future , Metro Boomin & Kendrick Lamar",12,1,43
2025-03-15,13,Humble.,Kendrick Lamar,10,1,47
2025-03-15,14,Whatchu Kno About Me,GloRilla & Sexyy Red,15,2,20
2025-03-15,15,Again,Fetty Wap,-,6,34
2025-03-22,1,Luther,Kendrick Lamar & SZA,1,1,16
2025-03-22,2,Nokia,Drake,4,2,4
2025-03-22,3,Not Like Us,Kendrick Lamar,2,1,45
2025-03-22,4,TV Off,Kendrick Lamar Featuring Lefty Gunplay,3,1,16
2025-03-22,5,Squabble Up,Kendrick Lamar,5,1,16
2025-03-22,6,Denial Is A River,Doechii,6,5,9
2025-03-22,7,Peekaboo,Kendrick Lamar Featuring AzChike,8,6,15
2025-03-22,8,A N X I E T Y,Sleepy Hallow Featuring Doechii,7,7,2
2025-03-22,9,Like That,"Future , Metro Boomin & Kendrick Lamar",12,1,44
2025-03-22,10,Sticky,"Tyler, The Creator Featuring GloRilla , Sexyy Red & Lil Wayne",11,1,20
2025-03-22,11,Ms. Whitman,Bhad Bhabie,9,9,2
2025-03-22,12,Gimme A Hug,Drake,10,4,4
2025-03-22,13,Humble.,Kendrick Lamar,13,1,48
2025-03-22,14,Whatchu Kno About Me,GloRilla & Sexyy Red,14,2,21
2025-03-22,15,Again,Fetty Wap,15,6,35
2025-03-29,1,Evil J0rdan,Playboi Carti,-,1,1
2025-03-29,2,Rather Lie,Playboi Carti & The Weeknd,-,2,1
2025-03-29,3,Luther,Kendrick Lamar & SZA,1,1,17
2025-03-29,4,Nokia,Drake,2,2,5
2025-03-29,5,Good Credit,Playboi Carti & Kendrick Lamar,-,5,1
2025-03-29,6,Crush,Playboi Carti & Travis Scott,-,6,1
2025-03-29,7,Not Like Us,Kendrick Lamar,3,1,46
2025-03-29,8,Backd00r,Playboi Carti Featuring Kendrick Lamar & Jhene Aiko,-,8,1
2025-03-29,9,TV Off,Kendrick Lamar Featuring Lefty Gunplay,4,1,17
2025-03-29,10,Mojo Jojo,Playboi Carti,-,10,1
2025-03-29,11,Philly,Playboi Carti & Travis Scott,-,11,1
2025-03-29,12,Fine Shit,Playboi Carti,-,12,1
2025-03-29,13,Toxic,Playboi Carti & Skepta,-,13,1
2025-03-29,14,K Pop,Playboi Carti,-,14,1
2025-03-29,15,Pop Out,Playboi Carti,-,15,1
2025-04-05,1,Luther,Kendrick Lamar & SZA,3,1,18
2025-04-05,2,Nokia,Drake,4,2,6
2025-04-05,3,Not Like Us,Kendrick Lamar,7,1,47
2025-04-05,4,TV Off,Kendrick Lamar Featuring Lefty Gunplay,9,1,18
2025-04-05,5,Rather Lie,Playboi Carti & The Weeknd,2,2,2
2025-04-05,6,Evil J0rdan,Playboi Carti,1,1,2
2025-04-05,7,Dark Thoughts,Lil Tecca,-,7,1
2025-04-05,8,Squabble Up,Kendrick Lamar,-,1,17
2025-04-05,9,Denial Is A River,Doechii,-,5,10
2025-04-05,10,Good Credit,Playboi Carti & Kendrick Lamar,5,5,2
2025-04-05,11,Just Us,Jack Harlow & Doja Cat,-,11,1
2025-04-05,12,Like That,"Future , Metro Boomin & Kendrick Lamar",-,1,45
2025-04-05,13,Sticky,"Tyler, The Creator Featuring GloRilla , Sexyy Red & Lil Wayne",-,1,21
2025-04-05,14,Peekaboo,Kendrick Lamar Featuring AzChike,-,6,16
2025-04-05,15,Crush,Playboi Carti & Travis Scott,6,6,2
2025-04-12,1,Luther,Kendrick Lamar & SZA,1,1,19
2025-04-12,2,Nokia,Drake,2,2,7
2025-04-12,3,Not Like Us,Kendrick Lamar,3,1,48
2025-04-12,4,TV Off,Kendrick Lamar Featuring Lefty Gunplay,4,1,19
2025-04-12,5,Dark Thoughts,Lil Tecca,7,5,2
2025-04-12,6,Rather Lie,Playboi Carti & The Weeknd,5,2,3
2025-04-12,7,Squabble Up,Kendrick Lamar,8,1,18
2025-04-12,8,Evil J0rdan,Playboi Carti,6,1,3
2025-04-12,9,Vanish Mode,Lil Durk,-,9,1
2025-04-12,10,Denial Is A River,Doechii,9,5,11
2025-04-12,11,Like That,"Future , Metro Boomin & Kendrick Lamar",12,1,46
2025-04-12,12,They Want To Be You,Lil Durk Featuring Future,-,12,1
2025-04-12,13,Sticky,"Tyler, The Creator Featuring GloRilla , Sexyy Red & Lil Wayne",13,1,22
2025-04-12,14,1000 Times,Lil Durk Featuring Lil Baby,-,14,1
2025-04-12,15,Peekaboo,Kendrick Lamar Featuring AzChike,14,6,17
2025-04-19,1,All The Way,BigXthaPlug Featuring Bailey Zimmerman,-,1,1
2025-04-19,2,Nokia,Drake,2,2,8
2025-04-19,3,Luther,Kendrick Lamar & SZA,1,1,20
2025-04-19,4,Not Like Us,Kendrick Lamar,3,1,49
2025-04-19,5,TV Off,Kendrick Lamar Featuring Lefty Gunplay,4,1,20
2025-04-19,6,Dark Thoughts,Lil Tecca,5,5,3
2025-04-19,7,Squabble Up,Kendrick Lamar,7,1,19
2025-04-19,8,Rather Lie,Playboi Carti & The Weeknd,6,2,4
2025-04-19,9,Evil J0rdan,Playboi Carti,8,1,4
2025-04-19,10,Denial Is A River,Doechii,10,5,12
2025-04-19,11,Like That,"Future , Metro Boomin & Kendrick Lamar",11,1,47
2025-04-19,12,Sticky,"Tyler, The Creator Featuring GloRilla , Sexyy Red & Lil Wayne",13,1,23
2025-04-19,13,Whatchu Kno About Me,GloRilla & Sexyy Red,-,2,22
2025-04-19,14,Peekaboo,Kendrick Lamar Featuring AzChike,15,6,18
2025-04-19,15,Humble.,Kendrick Lamar,-,1,49
2025-04-26,1,Luther,Kendrick Lamar & SZA,3,1,21
2025-04-26,2,Nokia,Drake,2,2,9
2025-04-26,3,All The Way,BigXthaPlug Featuring Bailey Zimmerman,1,1,2
2025-04-26,4,Not Like Us,Kendrick Lamar,4,1,50
2025-04-26,5,TV Off,Kendrick Lamar Featuring Lefty Gunplay,5,1,21
2025-04-26,6,Dark Thoughts,Lil Tecca,6,5,4
2025-04-26,7,Squabble Up,Kendrick Lamar,7,1,20
2025-04-26,8,Rather Lie,Playboi Carti & The Weeknd,8,2,5
2025-04-26,9,Like That,"Future , Metro Boomin & Kendrick Lamar",11,1,48
2025-04-26,10,Denial Is A River,Doechii,10,5,13
2025-04-26,11,Sticky,"Tyler, The Creator Featuring GloRilla , Sexyy Red & Lil Wayne",12,1,24
2025-04-26,12,Evil J0rdan,Playboi Carti,9,1,5
2025-04-26,13,Whatchu Kno About Me,GloRilla & Sexyy Red,13,2,23
2025-04-26,14,Humble.,Kendrick Lamar,15,1,50
2025-04-26,15,Money Trees,Kendrick Lamar Featuring Jay Rock,-,11,3
2025-05-03,1,Luther,Kendrick Lamar & SZA,1,1,22
2025-05-03,2,All The Way,BigXthaPlug Featuring Bailey Zimmerman,3,1,3
2025-05-03,3,Nokia,Drake,2,2,10
2025-05-03,4,Not Like Us,Kendrick Lamar,4,1,51
2025-05-03,5,TV Off,Kendrick Lamar Featuring Lefty Gunplay,5,1,22
2025-05-03,6,Squabble Up,Kendrick Lamar,7,1,21
2025-05-03,7,Dark Thoughts,Lil Tecca,6,5,5
2025-05-03,8,Like That,"Future , Metro Boomin & Kendrick Lamar",9,1,49
2025-05-03,9,Rather Lie,Playboi Carti & The Weeknd,8,2,6
2025-05-03,10,Denial Is A River,Doechii,10,5,14
2025-05-03,11,Sticky,"Tyler, The Creator Featuring GloRilla , Sexyy Red & Lil Wayne",11,1,25
2025-05-03,12,Whatchu Kno About Me,GloRilla & Sexyy Red,13,2,24
2025-05-03,13,Money Trees,Kendrick Lamar Featuring Jay Rock,15,11,4
2025-05-03,14,Humble.,Kendrick Lamar,14,1,51
2025-05-03,15,She Will,Lil Wayne Featuring Drake,-,15,24
2025-05-10,1,All The Way,BigXthaPlug Featuring Bailey Zimmerman,2,1,4
2025-05-10,2,Luther,Kendrick Lamar & SZA,1,1,23
2025-05-10,3,Nokia,Drake,3,2,11
2025-05-10,4,Not Like Us,Kendrick Lamar,4,1,52
2025-05-10,5,TV Off,Kendrick Lamar Featuring Lefty Gunplay,5,1,23
2025-05-10,6,Money On Money,Young Thug Featuring Future,-,6,1
2025-05-10,7,Squabble Up,Kendrick Lamar,6,1,22
2025-05-10,8,Dark Thoughts,Lil Tecca,7,5,6
2025-05-10,9,My World,Chuckyy,-,9,1
2025-05-10,10,Like That,"Future , Metro Boomin & Kendrick Lamar",8,1,50
2025-05-10,11,Whim Whamiee,PLUTO & YKNIECE,-,11,1
2025-05-10,12,Money Trees,Kendrick Lamar Featuring Jay Rock,13,11,5
2025-05-10,13,Rather Lie,Playboi Carti & The Weeknd,9,2,7
2025-05-10,14,Sticky,"Tyler, The Creator Featuring GloRilla , Sexyy Red & Lil Wayne",11,1,26
2025-05-10,15,Humble.,Kendrick Lamar,14,1,52
2025-05-17,1,Luther,Kendrick Lamar & SZA,2,1,24
2025-05-17,2,All The Way,BigXthaPlug Featuring Bailey Zimmerman,1,1,5
2025-05-17,3,Nokia,Drake,3,2,12
2025-05-17,4,Not Like Us,Kendrick Lamar,4,1,53
2025-05-17,5,TV Off,Kendrick Lamar Featuring Lefty Gunplay,5,1,24
2025-05-17,6,Squabble Up,Kendrick Lamar,7,1,23
2025-05-17,7,Dark Thoughts,Lil Tecca,8,5,7
2025-05-17,8,Money On Money,Young Thug Featuring Future,6,6,2
2025-05-17,9,Like That,"Future , Metro Boomin & Kendrick Lamar",10,1,51
2025-05-17,10,Whim Whamiee,PLUTO & YKNIECE,11,10,2
2025-05-17,11,Money Trees,Kendrick Lamar Featuring Jay Rock,12,11,6
2025-05-17,12,My World,Chuckyy,9,9,2
2025-05-17,13,Humble.,Kendrick Lamar,15,1,53
2025-05-17,14,Rather Lie,Playboi Carti & The Weeknd,13,2,8
2025-05-17,15,Sunflower (Spider-Man: Into The Spider-Verse),Post Malone & Swae Lee,-,1,111
2025-05-24,1,Luther,Kendrick Lamar & SZA,1,1,25
2025-05-24,2,Nokia,Drake,3,2,13
2025-05-24,3,All The Way,BigXthaPlug Featuring Bailey Zimmerman,2,1,6
2025-05-24,4,Not Like Us,Kendrick Lamar,4,1,54
2025-05-24,5,TV Off,Kendrick Lamar Featuring Lefty Gunplay,5,1,25
2025-05-24,6,Dark Thoughts,Lil Tecca,7,5,8
2025-05-24,7,Squabble Up,Kendrick Lamar,6,1,24
2025-05-24,8,Like That,"Future , Metro Boomin & Kendrick Lamar",9,1,52
2025-05-24,9,Money Trees,Kendrick Lamar Featuring Jay Rock,11,9,7
2025-05-24,10,Whim Whamiee,PLUTO & YKNIECE,10,10,3
2025-05-24,11,Sunflower (Spider-Man: Into The Spider-Verse),Post Malone & Swae Lee,15,1,112
2025-05-24,12,Rather Lie,Playboi Carti & The Weeknd,14,2,9
2025-05-24,13,Humble.,Kendrick Lamar,13,1,54
2025-05-24,14,Money On Money,Young Thug Featuring Future,8,6,3
2025-05-24,15,My World,Chuckyy,12,9,3
2025-05-31,1,Luther,Kendrick Lamar & SZA,1,1,26
2025-05-31,2,All The Way,BigXthaPlug Featuring Bailey Zimmerman,3,1,7
2025-05-31,3,Nokia,Drake,2,2,14
2025-05-31,4,Not Like Us,Kendrick Lamar,4,1,55
2025-05-31,5,TV Off,Kendrick Lamar Featuring Lefty Gunplay,5,1,26
2025-05-31,6,Dark Thoughts,Lil Tecca,6,5,9
2025-05-31,7,Squabble Up,Kendrick Lamar,7,1,25
2025-05-31,8,Like That,"Future , Metro Boomin & Kendrick Lamar",8,1,53
2025-05-31,9,Whim Whamiee,PLUTO & YKNIECE,10,9,4
2025-05-31,10,Money Trees,Kendrick Lamar Featuring Jay Rock,9,9,8
2025-05-31,11,The Spins,Mac Miller,-,11,1
2025-05-31,12,Sunflower (Spider-Man: Into The Spider-Verse),Post Malone & Swae Lee,11,1,113
2025-05-31,13,Somebody,Latto,-,13,1
2025-05-31,14,Humble.,Kendrick Lamar,13,1,55
2025-05-31,15,Wait For U,Future Featuring Drake & Tems,-,1,62
2025-06-07,1,Luther,Kendrick Lamar & SZA,1,1,27
2025-06-07,2,All The Way,BigXthaPlug Featuring Bailey Zimmerman,2,1,8
2025-06-07,3,Nokia,Drake,3,2,15
2025-06-07,4,Not Like Us,Kendrick Lamar,4,1,56
2025-06-07,5,TV Off,Kendrick Lamar Featuring Lefty Gunplay,5,1,27
2025-06-07,6,Dark Thoughts,Lil Tecca,6,5,10
2025-06-07,7,Squabble Up,Kendrick Lamar,7,1,26
2025-06-07,8,Whim Whamiee,PLUTO & YKNIECE,9,8,5
2025-06-07,9,Like That,"Future , Metro Boomin & Kendrick Lamar",8,1,54
2025-06-07,10,Money Trees,Kendrick Lamar Featuring Jay Rock,10,9,9
2025-06-07,11,The Spins,Mac Miller,11,11,2
2025-06-07,12,Jan. 31st (My Truth),Yfn Lucci,-,12,1
2025-06-07,13,Sunflower (Spider-Man: Into The Spider-Verse),Post Malone & Swae Lee,12,1,114
2025-06-07,14,Humble.,Kendrick Lamar,14,1,56
2025-06-07,15,Wait For U,Future Featuring Drake & Tems,15,1,63
2025-06-14,1,All The Way,BigXthaPlug Featuring Bailey Zimmerman,2,1,9
2025-06-14,2,Luther,Kendrick Lamar & SZA,1,1,28
2025-06-14,3,Nokia,Drake,3,2,16
2025-06-14,4,Not Like Us,Kendrick Lamar,4,1,57
2025-06-14,5,OWA OWA,Lil Tecca,-,5,1
2025-06-14,6,TV Off,Kendrick Lamar Featuring Lefty Gunplay,5,1,28
2025-06-14,7,Whim Whamiee,PLUTO & YKNIECE,8,7,6
2025-06-14,8,Dark Thoughts,Lil Tecca,6,5,11
2025-06-14,9,Squabble Up,Kendrick Lamar,7,1,27
2025-06-14,10,Like That,"Future , Metro Boomin & Kendrick Lamar",9,1,55
2025-06-14,11,Sunflower (Spider-Man: Into The Spider-Verse),Post Malone & Swae Lee,13,1,115
2025-06-14,12,Money Trees,Kendrick Lamar Featuring Jay Rock,10,9,10
2025-06-14,13,The Spins,Mac Miller,11,11,3
2025-06-14,14,Hollywood,YG & Shoreline Mafia,-,14,1
2025-06-14,15,Wait For U,Future Featuring Drake & Tems,15,1,64
2025-06-21,1,All The Way,BigXthaPlug Featuring Bailey Zimmerman,1,1,10
2025-06-21,2,Luther,Kendrick Lamar & SZA,2,1,29
2025-06-21,3,Nokia,Drake,3,2,17
2025-06-21,4,Hip-Hop,Lil Wayne & BigXthaPlug Featuring Jay Jones,-,4,1
2025-06-21,5,Typa,GloRilla,-,5,1
2025-06-21,6,Not Like Us,Kendrick Lamar,4,1,58
2025-06-21,7,Sharks,"Lil Wayne , Jelly Roll & Big Sean",-,7,1
2025-06-21,8,TV Off,Kendrick Lamar Featuring Lefty Gunplay,6,1,29
2025-06-21,9,Welcome To Tha Carter,Lil Wayne,-,9,1
2025-06-21,10,Bells,Lil Wayne,-,10,1
2025-06-21,11,OWA OWA,Lil Tecca,5,5,2
2025-06-21,12,Banned From NO,Lil Wayne,-,12,1
2025-06-21,13,Whim Whamiee,PLUTO & YKNIECE,7,7,7
2025-06-21,14,Squabble Up,Kendrick Lamar,9,1,28
2025-06-21,15,Dark Thoughts,Lil Tecca,8,5,12
2025-06-28,1,All The Way,BigXthaPlug Featuring Bailey Zimmerman,1,1,11
2025-06-28,2,Luther,Kendrick Lamar & SZA,2,1,30
2025-06-28,3,Nokia,Drake,3,2,18
2025-06-28,4,Not Like Us,Kendrick Lamar,6,1,59
2025-06-28,5,OWA OWA,Lil Tecca,11,5,3
2025-06-28,6,Dark Thoughts,Lil Tecca,15,5,13
2025-06-28,7,TV Off,Kendrick Lamar Featuring Lefty Gunplay,8,1,30
2025-06-28,8,Typa,GloRilla,5,5,2
2025-06-28,9,Won't Stop,Gunna,-,9,1
2025-06-28,10,Whim Whamiee,PLUTO & YKNIECE,13,7,8
2025-06-28,11,Half The Plot,Lil Tecca,-,11,1
2025-06-28,12,Squabble Up,Kendrick Lamar,14,1,29
2025-06-28,13,Hip-Hop,Lil Wayne & BigXthaPlug Featuring Jay Jones,4,4,2
2025-06-28,14,Like That,"Future , Metro Boomin & Kendrick Lamar",-,1,56
2025-06-28,15,Went Legit,G Herbo,-,15,1
2025-07-05,1,Outside,Cardi B,-,1,1
2025-07-05,2,All The Way,BigXthaPlug Featuring Bailey Zimmerman,1,1,12
2025-07-05,3,Luther,Kendrick Lamar & SZA,2,1,31
2025-07-05,4,Nokia,Drake,3,2,19
2025-07-05,5,Not Like Us,Kendrick Lamar,4,1,60
2025-07-05,6,TV Off,Kendrick Lamar Featuring Lefty Gunplay,7,1,31
2025-07-05,7,OWA OWA,Lil Tecca,5,5,4
2025-07-05,8,Dark Thoughts,Lil Tecca,6,5,14
2025-07-05,9,Bodies,Offset & JID,-,9,1
2025-07-05,10,Typa,GloRilla,8,5,3
2025-07-05,11,Whim Whamiee,PLUTO & YKNIECE,10,7,9
2025-07-05,12,Squabble Up,Kendrick Lamar,12,1,30
2025-07-05,13,Sunflower (Spider-Man: Into The Spider-Verse),Post Malone & Swae Lee,-,1,116
2025-07-05,14,Like That,"Future , Metro Boomin & Kendrick Lamar",14,1,57
2025-07-05,15,Went Legit,G Herbo,15,15,2
2025-07-12,1,All The Way,BigXthaPlug Featuring Bailey Zimmerman,2,1,13
2025-07-12,2,Luther,Kendrick Lamar & SZA,3,1,32
2025-07-12,3,Outside,Cardi B,1,1,2
2025-07-12,4,Nokia,Drake,4,2,20
2025-07-12,5,Not Like Us,Kendrick Lamar,5,1,61
2025-07-12,6,TV Off,Kendrick Lamar Featuring Lefty Gunplay,6,1,32
2025-07-12,7,Home,BigXthaPlug Featuring Shaboozey,-,7,1
2025-07-12,8,FWU,Don Toliver,-,8,1
2025-07-12,9,Dark Thoughts,Lil Tecca,8,5,15
2025-07-12,10,Whim Whamiee,PLUTO & YKNIECE,11,7,10
2025-07-12,11,Typa,GloRilla,10,5,4
2025-07-12,12,Went West,BabyChiefDoit,-,12,1
2025-07-12,13,OWA OWA,Lil Tecca,7,5,5
2025-07-12,14,Bodies,Offset & JID,9,9,2
2025-07-12,15,Went Legit,G Herbo,15,15,3
2025-07-19,1,What Did I Miss?,Drake,-,1,1
2025-07-19,2,All The Way,BigXthaPlug Featuring Bailey Zimmerman,1,1,14
2025-07-19,3,Luther,Kendrick Lamar & SZA,2,1,33
2025-07-19,4,Nokia,Drake,4,2,21
2025-07-19,5,Not Like Us,Kendrick Lamar,5,1,62
2025-07-19,6,Outside,Cardi B,3,1,3
2025-07-19,7,TV Off,Kendrick Lamar Featuring Lefty Gunplay,6,1,33
2025-07-19,8,Went West,BabyChiefDoit,12,8,2
2025-07-19,9,Whim Whamiee,PLUTO & YKNIECE,10,7,11
2025-07-19,10,Went Legit,G Herbo,15,10,4
2025-07-19,11,Dark Thoughts,Lil Tecca,9,5,16
2025-07-19,12,Typa,GloRilla,11,5,5
2025-07-19,13,Like That,"Future , Metro Boomin & Kendrick Lamar",-,1,58
2025-07-19,14,Sunflower (Spider-Man: Into The Spider-Verse),Post Malone & Swae Lee,-,1,117
2025-07-19,15,Squabble Up,Kendrick Lamar,-,1,31
2025-07-26,1,What Did I Miss?,Drake,1,1,2
2025-07-26,2,All The Way,BigXthaPlug Featuring Bailey Zimmerman,2,1,15
2025-07-26,3,Chains & Whips,Clipse Featuring Kendrick Lamar,-,3,1
2025-07-26,4,Kick Out,Travis Scott,-,4,1
2025-07-26,5,Champain & Vacay,Travis Scott & Don Toliver,-,5,1
2025-07-26,6,Dumbo,Travis Scott,-,6,1
2025-07-26,7,Luther,Kendrick Lamar & SZA,3,1,34
2025-07-26,8,Nokia,Drake,4,2,22
2025-07-26,9,So Be It,Clipse,-,9,1
2025-07-26,10,P.O.V.,"Clipse Featuring Tyler, The Creator",-,10,1
2025-07-26,11,Not Like Us,Kendrick Lamar,5,1,63
2025-07-26,12,2000 Excursion,"Travis Scott , Sheck Wes & Don Toliver",-,12,1
2025-07-26,13,Where Was You,"Travis Scott , Playboi Carti & Future",-,13,1
2025-07-26,14,Ace Trumpets,Clipse,-,14,1
2025-07-26,15,The Birds Don't Sing,Clipse Featuring John Legend & Voices Of Fire,-,15,1
2025-08-02,1,Big Poe,"Tyler, The Creator Featuring Sk8brd",-,1,1
2025-08-02,2,What Did I Miss?,Drake,1,1,3
2025-08-02,3,All The Way,BigXthaPlug Featuring Bailey Zimmerman,2,1,16
2025-08-02,4,Sucka Free,"Tyler, The Creator",-,4,1
2025-08-02,5,Luther,Kendrick Lamar & SZA,7,1,35
2025-08-02,6,Stop Playing With Me,"Tyler, The Creator",-,6,1
2025-08-02,7,Mommanem,"Tyler, The Creator",-,7,1
2025-08-02,8,Don't Tap That Glass / Tweakin',"Tyler, The Creator",-,8,1
2025-08-02,9,Nokia,Drake,8,2,23
2025-08-02,10,Not Like Us,Kendrick Lamar,11,1,64
2025-08-02,11,Kick Out,Travis Scott,4,4,2
2025-08-02,12,Dumbo,Travis Scott,6,6,2
2025-08-02,13,Champain & Vacay,Travis Scott & Don Toliver,5,5,2
2025-08-02,14,Chains & Whips,Clipse Featuring Kendrick Lamar,3,3,2
2025-08-02,15,TV Off,Kendrick Lamar Featuring Lefty Gunplay,-,1,34
2025-08-09,1,Which One,Drake & Central Cee,-,1,1
2025-08-09,2,All The Way,BigXthaPlug Featuring Bailey Zimmerman,3,1,17
2025-08-09,3,What Did I Miss?,Drake,2,1,4
2025-08-09,4,Luther,Kendrick Lamar & SZA,5,1,36
2025-08-09,5,Nokia,Drake,9,2,24
2025-08-09,6,Big Poe,"Tyler, The Creator Featuring Sk8brd",1,1,2
2025-08-09,7,Not Like Us,Kendrick Lamar,10,1,65
2025-08-09,8,Sucka Free,"Tyler, The Creator",4,4,2
2025-08-09,9,TV Off,Kendrick Lamar Featuring Lefty Gunplay,15,1,35
2025-08-09,10,Stop Playing With Me,"Tyler, The Creator",6,6,2
2025-08-09,11,Went Legit,G Herbo,-,10,5
2025-08-09,12,Mommanem,"Tyler, The Creator",7,7,2
2025-08-09,13,Don't Tap That Glass / Tweakin',"Tyler, The Creator",8,8,2
2025-08-09,14,No Pole,Don Toliver,-,9,8
2025-08-09,15,Kick Out,Travis Scott,11,4,3
2025-08-16,1,All The Way,BigXthaPlug Featuring Bailey Zimmerman,2,1,18
2025-08-16,2,Luther,Kendrick Lamar & SZA,4,1,37
2025-08-16,3,Napoleon,$uicideboy$,-,3,1
2025-08-16,4,Which One,Drake & Central Cee,1,1,2
2025-08-16,5,Nokia,Drake,5,2,25
2025-08-16,6,Not Like Us,Kendrick Lamar,7,1,66
2025-08-16,7,What Did I Miss?,Drake,3,1,5
2025-08-16,8,TV Off,Kendrick Lamar Featuring Lefty Gunplay,9,1,36
2025-08-16,9,Count Your Blessings,$uicideboy$,-,9,1
2025-08-16,10,"Oh, What A Wretched Man I Am!",$uicideboy$,-,10,1
2025-08-16,11,Now And At The Hour Of Our Death..,$uicideboy$ X BONES,-,11,1
2025-08-16,12,Wait For U,Future Featuring Drake & Tems,-,1,65
2025-08-16,13,Full Of Grace (I Refuse To Tend My Own Grave),$uicideboy$,-,13,1
2025-08-16,14,She Will,Lil Wayne Featuring Drake,-,14,25
2025-08-16,15,Went Legit,G Herbo,11,10,6
2025-08-23,1,All The Way,BigXthaPlug Featuring Bailey Zimmerman,1,1,19
2025-08-23,2,Luther,Kendrick Lamar & SZA,2,1,38
2025-08-23,3,Just Say Dat,Gunna,-,3,1
2025-08-23,4,Hell At Night,BigXthaPlug Featuring Ella Langley,-,4,1
2025-08-23,5,Not Like Us,Kendrick Lamar,6,1,67
2025-08-23,6,Nokia,Drake,5,2,26
2025-08-23,7,Forever Be Mine,Gunna Featuring Wizkid,-,7,1
2025-08-23,8,Sakpase,Gunna,-,8,1
2025-08-23,9,At My Purest,Gunna Featuring Offset,-,9,1
2025-08-23,10,What Did I Miss?,Drake,7,1,6
2025-08-23,11,Let That Sink In,Gunna,-,11,1
2025-08-23,12,Which One,Drake & Central Cee,4,1,3
2025-08-23,13,gp,Gunna,-,13,1
2025-08-23,14,Napoleon,$uicideboy$,3,3,2
2025-08-23,15,wgft,Gunna Featuring Burna Boy,-,15,1
2025-08-30,1,All The Way,BigXthaPlug Featuring Bailey Zimmerman,1,1,20
2025-08-30,2,Luther,Kendrick Lamar & SZA,2,1,39
2025-08-30,3,Not Like Us,Kendrick Lamar,5,1,68
2025-08-30,4,Nokia,Drake,6,2,27
2025-08-30,5,Hell At Night,BigXthaPlug Featuring Ella Langley,4,4,2
2025-08-30,6,What Did I Miss?,Drake,10,1,7
2025-08-30,7,TV Off,Kendrick Lamar Featuring Lefty Gunplay,-,1,37
2025-08-30,8,Just Say Dat,Gunna,3,3,2
2025-08-30,9,Which One,Drake & Central Cee,12,1,4
2025-08-30,10,Imaginary Playerz,Cardi B,-,10,1
2025-08-30,11,wgft,Gunna Featuring Burna Boy,15,11,2
2025-08-30,12,Wait For U,Future Featuring Drake & Tems,-,1,66
2025-08-30,13,Went Legit,G Herbo,-,10,7
2025-08-30,14,Forever Be Mine,Gunna Featuring Wizkid,7,7,2
2025-08-30,15,Love Me,Lil Wayne Featuring Drake & Future,-,3,30
2025-09-06,1,All The Way,BigXthaPlug Featuring Bailey Zimmerman,1,1,21
2025-09-06,2,Hell At Night,BigXthaPlug Featuring Ella Langley,5,2,3
2025-09-06,3,Luther,Kendrick Lamar & SZA,2,1,40
2025-09-06,4,Not Like Us,Kendrick Lamar,3,1,69
2025-09-06,5,Box Me Up,BigXthaPlug Featuring Jelly Roll,-,5,1
2025-09-06,6,Nokia,Drake,4,2,28
2025-09-06,7,Different Species,Offset & Gunna,-,7,1
2025-09-06,8,wgft,Gunna Featuring Burna Boy,11,8,3
2025-09-06,9,TV Off,Kendrick Lamar Featuring Lefty Gunplay,7,1,38
2025-09-06,10,What Did I Miss?,Drake,6,1,8
2025-09-06,11,Headlines,Drake,-,11,1
2025-09-06,12,Wait For U,Future Featuring Drake & Tems,12,1,67
2025-09-06,13,Went Legit,G Herbo,13,10,8
2025-09-06,14,Love Me,Lil Wayne Featuring Drake & Future,15,3,31
2025-09-06,15,She Will,Lil Wayne Featuring Drake,-,14,26
2025-09-13,1,All The Way,BigXthaPlug Featuring Bailey Zimmerman,1,1,22
2025-09-13,2,Hell At Night,BigXthaPlug Featuring Ella Langley,2,2,4
2025-09-13,3,Luther,Kendrick Lamar & SZA,3,1,41
2025-09-13,4,Not Like Us,Kendrick Lamar,4,1,70
2025-09-13,5,wgft,Gunna Featuring Burna Boy,8,5,4
2025-09-13,6,Nokia,Drake,6,2,29
2025-09-13,7,TV Off,Kendrick Lamar Featuring Lefty Gunplay,9,1,39
2025-09-13,8,Headlines,Drake,11,8,2
2025-09-13,9,Different Species,Offset & Gunna,7,7,2
2025-09-13,10,Wait For U,Future Featuring Drake & Tems,12,1,68
2025-09-13,11,What Did I Miss?,Drake,10,1,9
2025-09-13,12,Like That,"Future , Metro Boomin & Kendrick Lamar",-,1,59
2025-09-13,13,Went Legit,G Herbo,13,10,9
2025-09-13,14,Love Me,Lil Wayne Featuring Drake & Future,14,3,32
2025-09-13,15,She Will,Lil Wayne Featuring Drake,15,14,27
2025-09-20,1,All The Way,BigXthaPlug Featuring Bailey Zimmerman,1,1,23
2025-09-20,2,Hell At Night,BigXthaPlug Featuring Ella Langley,2,2,5
2025-09-20,3,Luther,Kendrick Lamar & SZA,3,1,42
2025-09-20,4,wgft,Gunna Featuring Burna Boy,5,4,5
2025-09-20,5,Not Like Us,Kendrick Lamar,4,1,71
2025-09-20,6,Tiramisu,Don Toliver,-,6,1
2025-09-20,7,Nokia,Drake,6,2,30
2025-09-20,8,TV Off,Kendrick Lamar Featuring Lefty Gunplay,7,1,40
2025-09-20,9,Headlines,Drake,8,8,3
2025-09-20,10,Nevada,YoungBoy Never Broke Again,-,10,1
2025-09-20,11,Wait For U,Future Featuring Drake & Tems,10,1,69
2025-09-20,12,No Pole,Don Toliver,-,9,9
2025-09-20,13,Like That,"Future , Metro Boomin & Kendrick Lamar",12,1,60
2025-09-20,14,Love Me,Lil Wayne Featuring Drake & Future,14,3,33
2025-09-20,15,What Did I Miss?,Drake,11,1,10
2025-09-27,1,All The Way,BigXthaPlug Featuring Bailey Zimmerman,1,1,24
2025-09-27,2,Hell At Night,BigXthaPlug Featuring Ella Langley,2,2,6
2025-09-27,3,Dog House,"Drake , Julia Wolf & Yeat",-,3,1
2025-09-27,4,Luther,Kendrick Lamar & SZA,3,1,43
2025-09-27,5,Not Like Us,Kendrick Lamar,5,1,72
2025-09-27,6,wgft,Gunna Featuring Burna Boy,4,4,6
2025-09-27,7,Nokia,Drake,7,2,31
2025-09-27,8,Nevada,YoungBoy Never Broke Again,10,8,2
2025-09-27,9,Shot Callin,YoungBoy Never Broke Again,-,9,1
2025-09-27,10,Headlines,Drake,9,8,4
2025-09-27,11,TV Off,Kendrick Lamar Featuring Lefty Gunplay,8,1,41
2025-09-27,12,Tiramisu,Don Toliver,6,6,2
2025-09-27,13,No Pole,Don Toliver,12,9,10
2025-09-27,14,Wait For U,Future Featuring Drake & Tems,11,1,70
2025-09-27,15,Like That,"Future , Metro Boomin & Kendrick Lamar",13,1,61
2025-10-04,1,Safe,Cardi B Featuring Kehlani,-,1,1
2025-10-04,2,Magnet,Cardi B,-,2,1
2025-10-04,3,Pretty & Petty,Cardi B,-,3,1
2025-10-04,4,Pick It Up,Cardi B Featuring Selena Gomez,-,4,1
2025-10-04,5,Hello,Cardi B,-,5,1
2025-10-04,6,Hell At Night,BigXthaPlug Featuring Ella Langley,2,2,7
2025-10-04,7,Dead,Cardi B Featuring Summer Walker,-,7,1
2025-10-04,8,Bodega Baddie,Cardi B,-,8,1
2025-10-04,9,All The Way,BigXthaPlug Featuring Bailey Zimmerman,1,1,25
2025-10-04,10,Outside,Cardi B,-,1,4
2025-10-04,11,Luther,Kendrick Lamar & SZA,4,1,44
2025-10-04,12,What's Goin On,Cardi B Featuring Lizzo,-,12,1
2025-10-04,13,ErrTime,Cardi B,-,13,1
2025-10-04,14,Man Of Your Word,Cardi B Featuring Dougie F,-,14,1
2025-10-04,15,Imaginary Playerz,Cardi B,-,10,2
2025-10-11,1,ErrTime,Cardi B,13,1,2
2025-10-11,2,Hell At Night,BigXthaPlug Featuring Ella Langley,6,2,8
2025-10-11,3,All The Way,BigXthaPlug Featuring Bailey Zimmerman,9,1,26
2025-10-11,4,Luther,Kendrick Lamar & SZA,11,1,45
2025-10-11,5,Safe,Cardi B Featuring Kehlani,1,1,2
2025-10-11,6,Pretty & Petty,Cardi B,3,3,2
2025-10-11,7,Not Like Us,Kendrick Lamar,-,1,73
2025-10-11,8,Magnet,Cardi B,2,2,2
2025-10-11,9,Shot Callin,YoungBoy Never Broke Again,-,9,2
2025-10-11,10,Ninja,Young Thug,-,10,1
2025-10-11,11,Hello,Cardi B,5,5,2
2025-10-11,12,Wish,Diplo Featuring Trippie Redd,-,12,1
2025-10-11,13,Outside,Cardi B,10,1,5
2025-10-11,14,wgft,Gunna Featuring Burna Boy,-,4,7
2025-10-11,15,Nokia,Drake,-,2,32
2025-10-18,1,Hell At Night,BigXthaPlug Featuring Ella Langley,2,1,9
2025-10-18,2,All The Way,BigXthaPlug Featuring Bailey Zimmerman,3,1,27
2025-10-18,3,ErrTime,Cardi B,1,1,3
2025-10-18,4,Luther,Kendrick Lamar & SZA,4,1,46
2025-10-18,5,Shot Callin,YoungBoy Never Broke Again,9,5,3
2025-10-18,6,Not Like Us,Kendrick Lamar,7,1,74
2025-10-18,7,Pretty & Petty,Cardi B,6,3,3
2025-10-18,8,Magnet,Cardi B,8,2,3
2025-10-18,9,Safe,Cardi B Featuring Kehlani,5,1,3
2025-10-18,10,Wish,Diplo Featuring Trippie Redd,12,10,2
2025-10-18,11,What You Is,YoungBoy Never Broke Again & Mellow Rackz,-,11,1
2025-10-18,12,wgft,Gunna Featuring Burna Boy,14,4,8
2025-10-18,13,Headlines,Drake,-,8,5
2025-10-18,14,Nevada,YoungBoy Never Broke Again,-,8,3
2025-10-18,15,Nokia,Drake,15,2,33
2025-10-25,1,Hell At Night,BigXthaPlug Featuring Ella Langley,1,1,10
2025-10-25,2,Shot Callin,YoungBoy Never Broke Again,5,2,4
2025-10-25,3,All The Way,BigXthaPlug Featuring Bailey Zimmerman,2,1,28
2025-10-25,4,Luther,Kendrick Lamar & SZA,4,1,47
2025-10-25,5,Not Like Us,Kendrick Lamar,6,1,75
2025-10-25,6,Leavin,Rod Wave,-,6,1
2025-10-25,7,Part Of Me,A Boogie wit da Hoodie,-,7,1
2025-10-25,8,Maui Wowie,Kid Cudi,-,8,1
2025-10-25,9,ErrTime,Cardi B,3,1,4
2025-10-25,10,What You Is,YoungBoy Never Broke Again & Mellow Rackz,11,10,2
2025-10-25,11,Wish,Diplo Featuring Trippie Redd,10,10,3
2025-10-25,12,wgft,Gunna Featuring Burna Boy,12,4,9
2025-10-25,13,Headlines,Drake,13,8,6
2025-10-25,14,Nevada,YoungBoy Never Broke Again,14,8,4
2025-10-25,15,No Pole,Don Toliver,-,9,11
2025-11-01,1,Hell At Night,BigXthaPlug Featuring Ella Langley,1,1,11
2025-11-01,2,Shot Callin,YoungBoy Never Broke Again,2,2,5
2025-11-01,3,All The Way,BigXthaPlug Featuring Bailey Zimmerman,3,1,29
2025-11-01,4,Luther,Kendrick Lamar & SZA,4,1,48
2025-11-01,5,Leavin,Rod Wave,6,5,2
2025-11-01,6,Not Like Us,Kendrick Lamar,5,1,76
2025-11-01,7,What You Is,YoungBoy Never Broke Again & Mellow Rackz,10,7,3
2025-11-01,8,Maui Wowie,Kid Cudi,8,8,2
2025-11-01,9,Wish,Diplo Featuring Trippie Redd,11,9,4
2025-11-01,10,Headlines,Drake,13,8,7
2025-11-01,11,No Pole,Don Toliver,15,9,12
2025-11-01,12,wgft,Gunna Featuring Burna Boy,12,4,10
2025-11-01,13,Nevada,YoungBoy Never Broke Again,14,8,5
2025-11-01,14,ErrTime,Cardi B,9,1,5
2025-11-01,15,Wait For U,Future Featuring Drake & Tems,-,1,71
2025-11-08,1,Lover Girl,Megan Thee Stallion,-,1,1
2025-11-08,2,Hell At Night,BigXthaPlug Featuring Ella Langley,1,1,12
2025-11-08,3,Shot Callin,YoungBoy Never Broke Again,2,2,6
2025-11-08,4,Luther,Kendrick Lamar & SZA,4,1,49
2025-11-08,5,All The Way,BigXthaPlug Featuring Bailey Zimmerman,3,1,30
2025-11-08,6,Not Like Us,Kendrick Lamar,6,1,77
2025-11-08,7,What You Is,YoungBoy Never Broke Again & Mellow Rackz,7,7,4
2025-11-08,8,Headlines,Drake,10,8,8
2025-11-08,9,No Pole,Don Toliver,11,9,13
2025-11-08,10,Nevada,YoungBoy Never Broke Again,13,8,6
2025-11-08,11,Wish,Diplo Featuring Trippie Redd,9,9,5
2025-11-08,12,No Hands,Waka Flocka Flame Featuring Roscoe Dash & Wale,-,12,53
2025-11-08,13,Wait For U,Future Featuring Drake & Tems,15,1,72
2025-11-08,14,wgft,Gunna Featuring Burna Boy,12,4,11
2025-11-08,15,Nokia,Drake,-,2,34
2025-11-15,1,Hell At Night,BigXthaPlug Featuring Ella Langley,2,1,13
2025-11-15,2,Not Like Us,Kendrick Lamar,6,1,78
2025-11-15,3,Shot Callin,YoungBoy Never Broke Again,3,2,7
2025-11-15,4,All The Way,BigXthaPlug Featuring Bailey Zimmerman,5,1,31
2025-11-15,5,Luther,Kendrick Lamar & SZA,4,1,50
2025-11-15,6,No Hands,Waka Flocka Flame Featuring Roscoe Dash & Wale,12,6,54
2025-11-15,7,Headlines,Drake,8,7,9
2025-11-15,8,No Pole,Don Toliver,9,8,14
2025-11-15,9,wgft,Gunna Featuring Burna Boy,14,4,12
2025-11-15,10,Nevada,YoungBoy Never Broke Again,10,8,7
2025-11-15,11,What You Is,YoungBoy Never Broke Again & Mellow Rackz,7,7,5
2025-11-15,12,Wait For U,Future Featuring Drake & Tems,13,1,73
2025-11-15,13,TV Off,Kendrick Lamar Featuring Lefty Gunplay,-,1,42
2025-11-15,14,Nokia,Drake,15,2,35
2025-11-15,15,Wish,Diplo Featuring Trippie Redd,11,9,6
2025-11-22,1,Hell At Night,BigXthaPlug Featuring Ella Langley,1,1,14
2025-11-22,2,Luther,Kendrick Lamar & SZA,5,1,51
2025-11-22,3,All The Way,BigXthaPlug Featuring Bailey Zimmerman,4,1,32
2025-11-22,4,Not Like Us,Kendrick Lamar,2,1,79
2025-11-22,5,Shot Callin,YoungBoy Never Broke Again,3,2,8
2025-11-22,6,Nevada,YoungBoy Never Broke Again,10,6,8
2025-11-22,7,What You Is,YoungBoy Never Broke Again & Mellow Rackz,11,7,6
2025-11-22,8,No Pole,Don Toliver,8,8,15
2025-11-22,9,wgft,Gunna Featuring Burna Boy,9,4,13
2025-11-22,10,Headlines,Drake,7,7,10
2025-11-22,11,No Hands,Waka Flocka Flame Featuring Roscoe Dash & Wale,6,6,55
2025-11-22,12,TV Off,Kendrick Lamar Featuring Lefty Gunplay,13,1,43
2025-11-22,13,Come N Go,Yeat,-,13,1
2025-11-22,14,Wait For U,Future Featuring Drake & Tems,12,1,74
2025-11-22,15,Wish,Diplo Featuring Trippie Redd,15,9,7
2025-11-29,1,Fear,NF,-,1,1
2025-11-29,2,Hell At Night,BigXthaPlug Featuring Ella Langley,1,1,15
2025-11-29,3,Who I Was,NF & MGK,-,3,1
2025-11-29,4,Luther,Kendrick Lamar & SZA,2,1,52
2025-11-29,5,All The Way,BigXthaPlug Featuring Bailey Zimmerman,3,1,33
2025-11-29,6,Not Like Us,Kendrick Lamar,4,1,80
2025-11-29,7,Shot Callin,YoungBoy Never Broke Again,5,2,9
2025-11-29,8,ErrTime,Cardi B,-,1,6
2025-11-29,9,Headlines,Drake,10,7,11
2025-11-29,10,Give Me A Reason,NF,-,10,1
2025-11-29,11,No Pole,Don Toliver,8,8,16
2025-11-29,12,Nevada,YoungBoy Never Broke Again,6,6,9
2025-11-29,13,Baller,"Summer Walker , GloRilla , Sexyy Red & Monaleo",-,13,1
2025-11-29,14,What You Is,YoungBoy Never Broke Again & Mellow Rackz,7,7,7
2025-11-29,15,Wait For U,Future Featuring Drake & Tems,14,1,75
2025-12-06,1,Hell At Night,BigXthaPlug Featuring Ella Langley,2,1,16
2025-12-06,2,Luther,Kendrick Lamar & SZA,4,1,53
2025-12-06,3,All The Way,BigXthaPlug Featuring Bailey Zimmerman,5,1,34
2025-12-06,4,Fear,NF,1,1,2
2025-12-06,5,Not Like Us,Kendrick Lamar,6,1,81
2025-12-06,6,Shot Callin,YoungBoy Never Broke Again,7,2,10
2025-12-06,7,Cold,BigXthaPlug & Post Malone,-,7,1
2025-12-06,8,What You Is,YoungBoy Never Broke Again & Mellow Rackz,14,7,8
2025-12-06,9,Nevada,YoungBoy Never Broke Again,12,6,10
2025-12-06,10,Headlines,Drake,9,7,12
2025-12-06,11,No Pole,Don Toliver,11,8,17
2025-12-06,12,wgft,Gunna Featuring Burna Boy,-,4,14
2025-12-06,13,TV Off,Kendrick Lamar Featuring Lefty Gunplay,-,1,44
2025-12-06,14,Wait For U,Future Featuring Drake & Tems,15,1,76
2025-12-06,15,ErrTime,Cardi B,8,1,7
2025-12-13,1,Hell At Night,BigXthaPlug Featuring Ella Langley,1,1,17
2025-12-13,2,Luther,Kendrick Lamar & SZA,2,1,54
2025-12-13,3,Not Like Us,Kendrick Lamar,5,1,82
2025-12-13,4,All The Way,BigXthaPlug Featuring Bailey Zimmerman,3,1,35
2025-12-13,5,No Pole,Don Toliver,11,5,18
2025-12-13,6,Shot Callin,YoungBoy Never Broke Again,6,2,11
2025-12-13,7,Headlines,Drake,10,7,13
2025-12-13,8,TV Off,Kendrick Lamar Featuring Lefty Gunplay,13,1,45
2025-12-13,9,Nevada,YoungBoy Never Broke Again,9,6,11
2025-12-13,10,4 Raws,EsDeeKid,-,10,1
2025-12-13,11,wgft,Gunna Featuring Burna Boy,12,4,15
2025-12-13,12,Fear,NF,4,1,3
2025-12-13,13,Wait For U,Future Featuring Drake & Tems,14,1,77
2025-12-13,14,Nokia,Drake,-,2,36
2025-12-13,15,What You Is,YoungBoy Never Broke Again & Mellow Rackz,8,7,9
2025-12-20,1,Luther,Kendrick Lamar & SZA,2,1,55
2025-12-20,2,Hell At Night,BigXthaPlug Featuring Ella Langley,1,1,18
2025-12-20,3,Let's Do It,"Lil Baby , Playboi Carti & Skooly",-,3,1
2025-12-20,4,Not Like Us,Kendrick Lamar,3,1,83
2025-12-20,5,All The Way,BigXthaPlug Featuring Bailey Zimmerman,4,1,36
2025-12-20,6,No Pole,Don Toliver,5,5,19
2025-12-20,7,Headlines,Drake,7,7,14
2025-12-20,8,Shot Callin,YoungBoy Never Broke Again,6,2,12
2025-12-20,9,TV Off,Kendrick Lamar Featuring Lefty Gunplay,8,1,46
2025-12-20,10,Nokia,Drake,14,2,37
2025-12-20,11,Nevada,YoungBoy Never Broke Again,9,6,12
2025-12-20,12,wgft,Gunna Featuring Burna Boy,11,4,16
2025-12-20,13,Wait For U,Future Featuring Drake & Tems,13,1,78
2025-12-20,14,Like That,"Future , Metro Boomin & Kendrick Lamar",-,1,62
2025-12-20,15,Come N Go,Yeat,-,13,2
2025-12-27,1,FDO,Pooh Shiesty,-,1,1
2025-12-27,2,Mr Recoup,21 Savage & Drake,-,2,1
2025-12-27,3,Hell At Night,BigXthaPlug Featuring Ella Langley,2,1,19
2025-12-27,4,Luther,Kendrick Lamar & SZA,1,1,56
2025-12-27,5,Not Like Us,Kendrick Lamar,4,1,84
2025-12-27,6,HA,21 Savage,-,6,1
2025-12-27,7,All The Way,BigXthaPlug Featuring Bailey Zimmerman,5,1,37
2025-12-27,8,Where You From,21 Savage,-,8,1
2025-12-27,9,Stepbrothers,21 Savage & Young Nudy,-,9,1
2025-12-27,10,Headlines,Drake,7,7,15
2025-12-27,11,No Pole,Don Toliver,6,5,20
2025-12-27,12,Dog $hit,21 Savage & GloRilla,-,12,1
2025-12-27,13,4 Raws,EsDeeKid,-,10,2
2025-12-27,14,White Iverson,Post Malone,-,1,39
2025-12-27,15,Shot Callin,YoungBoy Never Broke Again,8,2,13
2026-01-03,1,FDO,Pooh Shiesty,1,1,2
2026-01-03,2,4 Raws,EsDeeKid,13,2,3
2026-01-03,3,Mr Recoup,21 Savage & Drake,2,2,2
2026-01-03,4,Hell At Night,BigXthaPlug Featuring Ella Langley,3,1,20
2026-01-03,5,Luther,Kendrick Lamar & SZA,4,1,57
2026-01-03,6,Not Like Us,Kendrick Lamar,5,1,85
2026-01-03,7,Phantom,EsDeeKid & Rico Ace,-,7,1
2026-01-03,8,All The Way,BigXthaPlug Featuring Bailey Zimmerman,7,1,38
2026-01-03,9,Headlines,Drake,10,7,16
2026-01-03,10,Christmas In Hollis,Run-D.M.C.,-,10,1
2026-01-03,11,No Pole,Don Toliver,11,5,21
2026-01-03,12,Shot Callin,YoungBoy Never Broke Again,15,2,14
2026-01-03,13,White Iverson,Post Malone,14,1,40
2026-01-03,14,Nevada,YoungBoy Never Broke Again,-,6,13
2026-01-03,15,wgft,Gunna Featuring Burna Boy,-,4,17
2026-01-10,1,FDO,Pooh Shiesty,1,1,3
2026-01-10,2,What You Saying,Lil Uzi Vert,-,2,1
2026-01-10,3,Hell At Night,BigXthaPlug Featuring Ella Langley,4,1,21
2026-01-10,4,4 Raws,EsDeeKid,2,2,4
2026-01-10,5,Luther,Kendrick Lamar & SZA,5,1,58
2026-01-10,6,Not Like Us,Kendrick Lamar,6,1,86
2026-01-10,7,All The Way,BigXthaPlug Featuring Bailey Zimmerman,8,1,39
2026-01-10,8,Mr Recoup,21 Savage & Drake,3,2,3
2026-01-10,9,Headlines,Drake,9,7,17
2026-01-10,10,Phantom,EsDeeKid & Rico Ace,7,7,2
2026-01-10,11,No Pole,Don Toliver,11,5,22
2026-01-10,12,Wait For U,Future Featuring Drake & Tems,-,1,79
2026-01-10,13,wgft,Gunna Featuring Burna Boy,15,4,18
2026-01-10,14,Shot Callin,YoungBoy Never Broke Again,12,2,15
2026-01-10,15,Nevada,YoungBoy Never Broke Again,14,6,14
2026-01-17,1,What You Saying,Lil Uzi Vert,2,1,2
2026-01-17,2,FDO,Pooh Shiesty,1,1,4
2026-01-17,3,Hell At Night,BigXthaPlug Featuring Ella Langley,3,1,22
2026-01-17,4,4 Raws,EsDeeKid,4,2,5
2026-01-17,5,Luther,Kendrick Lamar & SZA,5,1,59
2026-01-17,6,All The Way,BigXthaPlug Featuring Bailey Zimmerman,7,1,40
2026-01-17,7,Not Like Us,Kendrick Lamar,6,1,87
2026-01-17,8,"Girl, Get Up.",Doechii & SZA,-,8,1
2026-01-17,9,Headlines,Drake,9,7,18
2026-01-17,10,No Pole,Don Toliver,11,5,23
2026-01-17,11,Phantom,EsDeeKid & Rico Ace,10,7,3
2026-01-17,12,Wait For U,Future Featuring Drake & Tems,12,1,80
2026-01-17,13,No Hands,Waka Flocka Flame Featuring Roscoe Dash & Wale,-,6,56
2026-01-17,14,wgft,Gunna Featuring Burna Boy,13,4,19
2026-01-17,15,Nevada,YoungBoy Never Broke Again,15,6,15
2026-01-24,1,What You Saying,Lil Uzi Vert,1,1,3
2026-01-24,2,FDO,Pooh Shiesty,2,1,5
2026-01-24,3,4 Raws,EsDeeKid,4,2,6
2026-01-24,4,Hell At Night,BigXthaPlug Featuring Ella Langley,3,1,23
2026-01-24,5,Luther,Kendrick Lamar & SZA,5,1,60
2026-01-24,6,Not Like Us,Kendrick Lamar,7,1,88
2026-01-24,7,Trap Queen,Fetty Wap,-,1,59
2026-01-24,8,All The Way,BigXthaPlug Featuring Bailey Zimmerman,6,1,41
2026-01-24,9,Punk Rocky,A$AP Rocky,-,9,1
2026-01-24,10,Headlines,Drake,9,7,19
2026-01-24,11,No Pole,Don Toliver,10,5,24
2026-01-24,12,No Hands,Waka Flocka Flame Featuring Roscoe Dash & Wale,13,6,57
2026-01-24,13,Wait For U,Future Featuring Drake & Tems,12,1,81
2026-01-24,14,Nevada,YoungBoy Never Broke Again,15,6,16
2026-01-24,15,Phantom,EsDeeKid & Rico Ace,11,7,4
2026-01-31,1,What You Saying,Lil Uzi Vert,1,1,4
2026-01-31,2,Stay Here 4 Life,A$AP Rocky Featuring Brent Faiyaz,-,2,1
2026-01-31,3,Helicopter,A$AP Rocky,-,3,1
2026-01-31,4,4 Raws,EsDeeKid,3,2,7
2026-01-31,5,wgft,Gunna Featuring Burna Boy,-,4,20
2026-01-31,6,Stole Ya Flow,A$AP Rocky,-,6,1
2026-01-31,7,Hell At Night,BigXthaPlug Featuring Ella Langley,4,1,24
2026-01-31,8,Trap Queen,Fetty Wap,7,1,60
2026-01-31,9,FDO,Pooh Shiesty,2,1,6
2026-01-31,10,Order Of Protection,A$AP Rocky,-,10,1
2026-01-31,11,Luther,Kendrick Lamar & SZA,5,1,61
2026-01-31,12,Punk Rocky,A$AP Rocky,9,9,2
2026-01-31,13,Playa,A$AP Rocky,-,13,1
2026-01-31,14,679,Fetty Wap Featuring Remy Boyz,-,2,44
2026-01-31,15,Stop Snitching,A$AP Rocky Featuring BossMan Dlow & Sauce Walka,-,15,1
2026-02-07,1,What You Saying,Lil Uzi Vert,1,1,5
2026-02-07,2,Hell At Night,BigXthaPlug Featuring Ella Langley,7,1,25
2026-02-07,3,4 Raws,EsDeeKid,4,2,8
2026-02-07,4,Trap Queen,Fetty Wap,8,1,61
2026-02-07,5,Stay Here 4 Life,A$AP Rocky Featuring Brent Faiyaz,2,2,2
2026-02-07,6,wgft,Gunna Featuring Burna Boy,5,4,21
2026-02-07,7,Luther,Kendrick Lamar & SZA,11,1,62
2026-02-07,8,FDO,Pooh Shiesty,9,1,7
2026-02-07,9,No Hands,Waka Flocka Flame Featuring Roscoe Dash & Wale,-,6,58
2026-02-07,10,Headlines,Drake,-,7,20
2026-02-07,11,Not Like Us,Kendrick Lamar,-,1,89
2026-02-07,12,Bruce Wayne,YoungBoy Never Broke Again,-,12,1
2026-02-07,13,679,Fetty Wap Featuring Remy Boyz,14,2,45
2026-02-07,14,No Pole,Don Toliver,-,5,25
2026-02-07,15,All The Way,BigXthaPlug Featuring Bailey Zimmerman,-,1,42
2026-02-14,1,Body,Don Toliver,-,1,1
2026-02-14,2,E85,Don Toliver,-,2,1
2026-02-14,3,What You Saying,Lil Uzi Vert,1,1,6
2026-02-14,4,ATM,Don Toliver,-,4,1
2026-02-14,5,Secondhand,Don Toliver Featuring Rema,-,5,1
2026-02-14,6,Rendezvous,Don Toliver Featuring Yeat,-,6,1
2026-02-14,7,Tiramisu,Don Toliver,-,6,3
2026-02-14,8,Rosary,Don Toliver Featuring Travis Scott,-,8,1
2026-02-14,9,Call Back,Don Toliver,-,9,1
2026-02-14,10,Gemstone,Don Toliver,-,10,1
2026-02-14,11,Luther,Kendrick Lamar & SZA,7,1,63
2026-02-14,12,Excavator,Don Toliver,-,12,1
2026-02-14,13,Opposite,Don Toliver,-,13,1
2026-02-14,14,4 Raws,EsDeeKid,3,2,9
2026-02-14,15,All The Signs,Don Toliver Featuring Teezo Touchdown,-,15,1
2026-02-21,1,Two Six,J. Cole,-,1,1
2026-02-21,2,E85,Don Toliver,2,2,2
2026-02-21,3,Body,Don Toliver,1,1,2
2026-02-21,4,Safety,J. Cole,-,4,1
2026-02-21,5,Poor Thang,J. Cole,-,5,1
2026-02-21,6,Run A Train,J. Cole & Future,-,6,1
2026-02-21,7,What You Saying,Lil Uzi Vert,3,1,7
2026-02-21,8,Bunce Road Blues,"J. Cole , Tems & Future",-,8,1
2026-02-21,9,Who TF Iz U,J. Cole,-,9,1
2026-02-21,10,Legacy,J. Cole & PJ,-,10,1
2026-02-21,11,The Let Out,J. Cole,-,11,1
2026-02-21,12,Drum N Bass,J. Cole,-,12,1
2026-02-21,13,Bombs In The Ville/Hit The Gas,J. Cole,-,13,1
2026-02-21,14,Secondhand,Don Toliver Featuring Rema,5,5,2
2026-02-21,15,ATM,Don Toliver,4,4,2
2026-02-28,1,E85,Don Toliver,2,1,3
2026-02-28,2,Body,Don Toliver,3,1,3
2026-02-28,3,What You Saying,Lil Uzi Vert,7,1,8
2026-02-28,4,Two Six,J. Cole,1,1,2
2026-02-28,5,Luther,Kendrick Lamar & SZA,-,1,64
2026-02-28,6,Hell At Night,BigXthaPlug Featuring Ella Langley,-,1,26
2026-02-28,7,Secondhand,Don Toliver Featuring Rema,14,5,3
2026-02-28,8,ATM,Don Toliver,15,4,3
2026-02-28,9,Not Like Us,Kendrick Lamar,-,1,90
2026-02-28,10,No Hands,Waka Flocka Flame Featuring Roscoe Dash & Wale,-,6,59
2026-02-28,11,Let 'Em Know,T.I.,-,11,1
2026-02-28,12,I Like It,"Cardi B , Bad Bunny & J Balvin",-,2,43
2026-02-28,13,Poor Thang,J. Cole,5,5,2
2026-02-28,14,Headlines,Drake,-,7,21
2026-02-28,15,Tiramisu,Don Toliver,-,6,4
2026-03-07,1,E85,Don Toliver,1,1,4
2026-03-07,2,Body,Don Toliver,2,1,4
2026-03-07,3,Good Flirts,Baby Keem Featuring Kendrick Lamar & Momo Boyd,-,3,1
2026-03-07,4,Ca$ino,Baby Keem,-,4,1
2026-03-07,5,What You Saying,Lil Uzi Vert,3,1,9
2026-03-07,6,House Money,Baby Keem,-,6,1
2026-03-07,7,Birds & The Bees,Baby Keem,-,7,1
2026-03-07,8,Hell At Night,BigXthaPlug Featuring Ella Langley,6,1,27
2026-03-07,9,Luther,Kendrick Lamar & SZA,5,1,65
2026-03-07,10,No Hands,Waka Flocka Flame Featuring Roscoe Dash & Wale,10,6,60
2026-03-07,11,Not Like Us,Kendrick Lamar,9,1,91
2026-03-07,12,Let 'Em Know,T.I.,11,11,2
2026-03-07,13,Circus Circus Free$tyle,Baby Keem,-,13,1
2026-03-07,14,Two Six,J. Cole,4,1,3
2026-03-07,15,$ex Appeal,Baby Keem Featuring Too $hort,-,15,1
2026-03-14,1,E85,Don Toliver,1,1,5
2026-03-14,2,Body,Don Toliver,2,1,5
2026-03-14,3,What You Saying,Lil Uzi Vert,5,1,10
2026-03-14,4,Hell At Night,BigXthaPlug Featuring Ella Langley,8,1,28
2026-03-14,5,Luther,Kendrick Lamar & SZA,9,1,66
2026-03-14,6,No Hands,Waka Flocka Flame Featuring Roscoe Dash & Wale,10,6,61
2026-03-14,7,Let 'Em Know,T.I.,12,7,3
2026-03-14,8,Not Like Us,Kendrick Lamar,11,1,92
2026-03-14,9,Headlines,Drake,-,7,22
2026-03-14,10,All The Way,BigXthaPlug Featuring Bailey Zimmerman,-,1,43
2026-03-14,11,No Pole,Don Toliver,-,5,26
2026-03-14,12,Pop Dat Thang,DaBaby,-,12,1
2026-03-14,13,Secondhand,Don Toliver Featuring Rema,-,5,4
2026-03-14,14,Trap Queen,Fetty Wap,-,1,62
2026-03-14,15,ATM,Don Toliver,-,4,4
2026-03-21,1,E85,Don Toliver,1,1,6
2026-03-21,2,Body,Don Toliver,2,1,6
2026-03-21,3,What You Saying,Lil Uzi Vert,3,1,11
2026-03-21,4,Hell At Night,BigXthaPlug Featuring Ella Langley,4,1,29
2026-03-21,5,Raindance,Dave & Tems,-,5,1
2026-03-21,6,No Hands,Waka Flocka Flame Featuring Roscoe Dash & Wale,6,6,62
2026-03-21,7,Luther,Kendrick Lamar & SZA,5,1,67
2026-03-21,8,Let 'Em Know,T.I.,7,7,4
2026-03-21,9,Not Like Us,Kendrick Lamar,8,1,93
2026-03-21,10,Headlines,Drake,9,7,23
2026-03-21,11,Pop Dat Thang,DaBaby,12,11,2
2026-03-21,12,All The Way,BigXthaPlug Featuring Bailey Zimmerman,10,1,44
2026-03-21,13,No Pole,Don Toliver,11,5,27
2026-03-21,14,Trap Queen,Fetty Wap,14,1,63
2026-03-21,15,The Spins,Mac Miller,-,11,4
2026-03-28,1,E85,Don Toliver,1,1,7
2026-03-28,2,Body,Don Toliver,2,1,7
2026-03-28,3,Motion Party,BossMan Dlow,-,3,1
2026-03-28,4,Hell At Night,BigXthaPlug Featuring Ella Langley,4,1,30
2026-03-28,5,What You Saying,Lil Uzi Vert,3,1,12
2026-03-28,6,Raindance,Dave & Tems,5,5,2
2026-03-28,7,Luther,Kendrick Lamar & SZA,7,1,68
2026-03-28,8,No Hands,Waka Flocka Flame Featuring Roscoe Dash & Wale,6,6,63
2026-03-28,9,Pop Dat Thang,DaBaby,11,9,3
2026-03-28,10,Not Like Us,Kendrick Lamar,9,1,94
2026-03-28,11,Headlines,Drake,10,7,24
2026-03-28,12,All The Way,BigXthaPlug Featuring Bailey Zimmerman,12,1,45
2026-03-28,13,No Pole,Don Toliver,13,5,28
2026-03-28,14,Let 'Em Know,T.I.,8,7,5
2026-03-28,15,The Spins,Mac Miller,15,11,5
2026-04-04,1,E85,Don Toliver,1,1,8
2026-04-04,2,Body,Don Toliver,2,1,8
2026-04-04,3,Motion Party,BossMan Dlow,3,3,2
2026-04-04,4,Hell At Night,BigXthaPlug Featuring Ella Langley,4,1,31
2026-04-04,5,Raindance,Dave & Tems,6,5,3
2026-04-04,6,Pop Dat Thang,DaBaby,9,6,4
2026-04-04,7,What You Saying,Lil Uzi Vert,5,1,13
2026-04-04,8,Luther,Kendrick Lamar & SZA,7,1,69
2026-04-04,9,No Hands,Waka Flocka Flame Featuring Roscoe Dash & Wale,8,6,64
2026-04-04,10,All The Way,BigXthaPlug Featuring Bailey Zimmerman,12,1,46
2026-04-04,11,Not Like Us,Kendrick Lamar,10,1,95
2026-04-04,12,Headlines,Drake,11,7,25
2026-04-04,13,The Spins,Mac Miller,15,11,6
2026-04-04,14,Let 'Em Know,T.I.,14,7,6
2026-04-04,15,No Pole,Don Toliver,13,5,29
2026-04-11,1,E85,Don Toliver,1,1,9
2026-04-11,2,Father,Ye & Travis Scott,-,2,1
2026-04-11,3,Body,Don Toliver,2,1,9
2026-04-11,4,King,Ye,-,4,1
2026-04-11,5,Punch Drunk,Ye,-,5,1
2026-04-11,6,Motion Party,BossMan Dlow,3,3,3
2026-04-11,7,Whatever Works,Ye,-,7,1
2026-04-11,8,Pop Dat Thang,DaBaby,6,6,5
2026-04-11,9,Hell At Night,BigXthaPlug Featuring Ella Langley,4,1,32
2026-04-11,10,This A Must,Ye,-,10,1
2026-04-11,11,Raindance,Dave & Tems,5,5,4
2026-04-11,12,Mama's Favorite,Ye,-,12,1
2026-04-11,13,Preacher Man,Ye,-,13,1
2026-04-11,14,Luther,Kendrick Lamar & SZA,8,1,70
2026-04-11,15,No Hands,Waka Flocka Flame Featuring Roscoe Dash & Wale,9,6,65
2026-04-18,1,E85,Don Toliver,1,1,10
2026-04-18,2,Father,Ye & Travis Scott,2,2,2
2026-04-18,3,Body,Don Toliver,3,1,10
2026-04-18,4,Hell At Night,BigXthaPlug Featuring Ella Langley,9,1,33
2026-04-18,5,Pop Dat Thang,DaBaby,8,5,6
2026-04-18,6,FDO,Pooh Shiesty,-,1,8
2026-04-18,7,Motion Party,BossMan Dlow,6,3,4
2026-04-18,8,Raindance,Dave & Tems,11,5,5
2026-04-18,9,Luther,Kendrick Lamar & SZA,14,1,71
2026-04-18,10,No Hands,Waka Flocka Flame Featuring Roscoe Dash & Wale,15,6,66
2026-04-18,11,All The Way,BigXthaPlug Featuring Bailey Zimmerman,-,1,47
2026-04-18,12,What You Saying,Lil Uzi Vert,-,1,14
2026-04-18,13,No Pole,Don Toliver,-,5,30
2026-04-18,14,The Spins,Mac Miller,-,11,7
2026-04-18,15,Not Like Us,Kendrick Lamar,-,1,96
2026-04-25,1,E85,Don Toliver,1,1,11
2026-04-25,2,Body,Don Toliver,3,1,11
2026-04-25,3,Hell At Night,BigXthaPlug Featuring Ella Langley,4,1,34
2026-04-25,4,Pop Dat Thang,DaBaby,5,4,7
2026-04-25,5,Motion Party,BossMan Dlow,7,3,5
2026-04-25,6,Raindance,Dave & Tems,8,5,6
2026-04-25,7,FDO,Pooh Shiesty,6,1,9
2026-04-25,8,Father,Ye & Travis Scott,2,2,3
2026-04-25,9,All The Way,BigXthaPlug Featuring Bailey Zimmerman,11,1,48
2026-04-25,10,Luther,Kendrick Lamar & SZA,9,1,72
2026-04-25,11,No Hands,Waka Flocka Flame Featuring Roscoe Dash & Wale,10,6,67
2026-04-25,12,The Spins,Mac Miller,14,11,8
2026-04-25,13,Not Like Us,Kendrick Lamar,15,1,97
2026-04-25,14,Headlines,Drake,-,7,26
2026-04-25,15,No Pole,Don Toliver,13,5,31
2026-05-02,1,E85,Don Toliver,1,1,12
2026-05-02,2,Hell At Night,BigXthaPlug Featuring Ella Langley,3,1,35
2026-05-02,3,Body,Don Toliver,2,1,12
2026-05-02,4,Pop Dat Thang,DaBaby,4,4,8
2026-05-02,5,Motion Party,BossMan Dlow,5,3,6
2026-05-02,6,Raindance,Dave & Tems,6,5,7
2026-05-02,7,All The Way,BigXthaPlug Featuring Bailey Zimmerman,9,1,49
2026-05-02,8,No Hands,Waka Flocka Flame Featuring Roscoe Dash & Wale,11,6,68
2026-05-02,9,Headlines,Drake,14,7,27
2026-05-02,10,Luther,Kendrick Lamar & SZA,10,1,73
2026-05-02,11,Not Like Us,Kendrick Lamar,13,1,98
2026-05-02,12,The Spins,Mac Miller,12,11,9
2026-05-02,13,FDO,Pooh Shiesty,7,1,10
2026-05-02,14,No Pole,Don Toliver,15,5,32
2026-05-02,15,Wait For U,Future Featuring Drake & Tems,-,1,82
2026-05-09,1,E85,Don Toliver,1,1,13
2026-05-09,2,Hell At Night,BigXthaPlug Featuring Ella Langley,2,1,36
2026-05-09,3,Pop Dat Thang,DaBaby,4,3,9
2026-05-09,4,Body,Don Toliver,3,1,13
2026-05-09,5,Cinderella,Mac Miller Featuring Ty Dolla $ign,-,5,1
2026-05-09,6,Motion Party,BossMan Dlow,5,3,7
2026-05-09,7,Headlines,Drake,9,7,28
2026-05-09,8,Raindance,Dave & Tems,6,5,8
2026-05-09,9,Luther,Kendrick Lamar & SZA,10,1,74
2026-05-09,10,Not Like Us,Kendrick Lamar,11,1,99
2026-05-09,11,No Hands,Waka Flocka Flame Featuring Roscoe Dash & Wale,8,6,69
2026-05-09,12,The Spins,Mac Miller,12,11,10
2026-05-09,13,Sunflower (Spider-Man: Into The Spider-Verse),Post Malone & Swae Lee,-,1,118
2026-05-09,14,Wait For U,Future Featuring Drake & Tems,15,1,83
2026-05-09,15,No Pole,Don Toliver,14,5,33
2026-05-16,1,E85,Don Toliver,1,1,14
2026-05-16,2,Pop Dat Thang,DaBaby,3,2,10
2026-05-16,3,Hell At Night,BigXthaPlug Featuring Ella Langley,2,1,37
2026-05-16,4,Body,Don Toliver,4,1,14
2026-05-16,5,Cinderella,Mac Miller Featuring Ty Dolla $ign,5,5,2
2026-05-16,6,Headlines,Drake,7,6,29
2026-05-16,7,Motion Party,BossMan Dlow,6,3,8
2026-05-16,8,Not Like Us,Kendrick Lamar,10,1,100
2026-05-16,9,Raindance,Dave & Tems,8,5,9
2026-05-16,10,Luther,Kendrick Lamar & SZA,9,1,75
2026-05-16,11,The Spins,Mac Miller,12,11,11
2026-05-16,12,Sunflower (Spider-Man: Into The Spider-Verse),Post Malone & Swae Lee,13,1,119
2026-05-16,13,Wait For U,Future Featuring Drake & Tems,14,1,84
2026-05-16,14,No Hands,Waka Flocka Flame Featuring Roscoe Dash & Wale,11,6,70
2026-05-16,15,No Role Modelz,J. Cole,-,8,61
2026-05-23,1,E85,Don Toliver,1,1,15
2026-05-23,2,Pop Dat Thang,DaBaby,2,2,11
2026-05-23,3,Hell At Night,BigXthaPlug Featuring Ella Langley,3,1,38
2026-05-23,4,Cinderella,Mac Miller Featuring Ty Dolla $ign,5,4,3
2026-05-23,5,Body,Don Toliver,4,1,15
2026-05-23,6,Headlines,Drake,6,6,30
2026-05-23,7,Not Like Us,Kendrick Lamar,8,1,101
2026-05-23,8,Motion Party,BossMan Dlow,7,3,9
2026-05-23,9,Luther,Kendrick Lamar & SZA,10,1,76
2026-05-23,10,The Spins,Mac Miller,11,10,12
2026-05-23,11,Raindance,Dave & Tems,9,5,10
2026-05-23,12,Wait For U,Future Featuring Drake & Tems,13,1,85
2026-05-23,13,No Role Modelz,J. Cole,15,8,62
2026-05-23,14,Sunflower (Spider-Man: Into The Spider-Verse),Post Malone & Swae Lee,12,1,120
2026-05-23,15,No Hands,Waka Flocka Flame Featuring Roscoe Dash & Wale,14,6,71
2026-05-30,1,Janice STFU,Drake,-,1,1
2026-05-30,2,Ran To Atlanta,Drake Featuring Future & Molly Santana,-,2,1
2026-05-30,3,Whisper My Name,Drake,-,3,1
2026-05-30,4,Shabang,Drake,-,4,1
2026-05-30,5,National Treasures,Drake,-,5,1
2026-05-30,6,Make Them Cry,Drake,-,6,1
2026-05-30,7,Dust,Drake,-,7,1
2026-05-30,8,2 Hard 4 The Radio,Drake,-,8,1
2026-05-30,9,Make Them Pay,Drake,-,9,1
2026-05-30,10,Plot Twist,Drake,-,10,1
2026-05-30,11,B's On The Table,Drake Featuring 21 Savage,-,11,1
2026-05-30,12,Burning Bridges,Drake,-,12,1
2026-05-30,13,What Did I Miss?,Drake,-,1,11
2026-05-30,14,Little Birdie,Drake,-,14,1
2026-05-30,15,Make Them Remember,Drake,-,15,1
2026-06-06,1,Janice STFU,Drake,1,1,2
2026-06-06,2,Shabang,Drake,4,2,2
2026-06-06,3,Ran To Atlanta,Drake Featuring Future & Molly Santana,2,2,2
2026-06-06,4,Whisper My Name,Drake,3,3,2
2026-06-06,5,National Treasures,Drake,5,5,2
2026-06-06,6,2 Hard 4 The Radio,Drake,8,6,2
2026-06-06,7,Plot Twist,Drake,10,7,2
2026-06-06,8,Make Them Pay,Drake,9,8,2
2026-06-06,9,Dust,Drake,7,7,2
2026-06-06,10,B's On The Table,Drake Featuring 21 Savage,11,10,2
2026-06-06,11,Burning Bridges,Drake,12,11,2
2026-06-06,12,What Did I Miss?,Drake,13,1,12
2026-06-06,13,Make Them Cry,Drake,6,6,2
2026-06-06,14,Little Birdie,Drake,14,14,2
2026-06-06,15,Don’t Worry,Drake,-,15,1
2026-06-13,1,Janice STFU,Drake,1,1,3
2026-06-13,2,Shabang,Drake,2,2,3
2026-06-13,3,Ran To Atlanta,Drake Featuring Future & Molly Santana,3,2,3
2026-06-13,4,Whisper My Name,Drake,4,3,3
2026-06-13,5,National Treasures,Drake,5,5,3
2026-06-13,6,2 Hard 4 The Radio,Drake,6,6,3
2026-06-13,7,Plot Twist,Drake,7,7,3
2026-06-13,8,B's On The Table,Drake Featuring 21 Savage,10,8,3
2026-06-13,9,E85,Don Toliver,-,1,16
2026-06-13,10,Dust,Drake,9,7,3
2026-06-13,11,Make Them Pay,Drake,8,8,3
2026-06-13,12,Cinderella,Mac Miller Featuring Ty Dolla $ign,-,4,4
2026-06-13,13,Burning Bridges,Drake,11,11,3
2026-06-13,14,What Did I Miss?,Drake,12,1,13
2026-06-13,15,Make Them Cry,Drake,13,6,3
2026-06-20,1,Janice STFU,Drake,1,1,4
2026-06-20,2,Shabang,Drake,2,2,4
2026-06-20,3,Ran To Atlanta,Drake Featuring Future & Molly Santana,3,2,4
2026-06-20,4,Whisper My Name,Drake,4,3,4
2026-06-20,5,National Treasures,Drake,5,5,4
2026-06-20,6,Cinderella,Mac Miller Featuring Ty Dolla $ign,12,4,5
2026-06-20,7,2 Hard 4 The Radio,Drake,6,6,4
2026-06-20,8,E85,Don Toliver,9,1,17
2026-06-20,9,Plot Twist,Drake,7,7,4
2026-06-20,10,Spend Dat,Yung Miami,-,10,1
2026-06-20,11,B's On The Table,Drake Featuring 21 Savage,8,8,4
2026-06-20,12,Dust,Drake,10,7,4
2026-06-20,13,Make Them Pay,Drake,11,8,4
2026-06-20,14,Pop Dat Thang,DaBaby,-,2,12
2026-06-20,15,What Did I Miss?,Drake,14,1,14
2026-06-27,1,Janice STFU,Drake,1,1,5
2026-06-27,2,Shabang,Drake,2,2,5
2026-06-27,3,Cinderella,Mac Miller Featuring Ty Dolla $ign,6,3,6
2026-06-27,4,Ran To Atlanta,Drake Featuring Future & Molly Santana,3,2,5
2026-06-27,5,Whisper My Name,Drake,4,3,5
2026-06-27,6,National Treasures,Drake,5,5,5
2026-06-27,7,Spend Dat,Yung Miami,10,7,2
2026-06-27,8,E85,Don Toliver,8,1,18
2026-06-27,9,2 Hard 4 The Radio,Drake,7,6,5
2026-06-27,10,Plot Twist,Drake,9,7,5
2026-06-27,11,Pop Dat Thang,DaBaby,14,2,13
2026-06-27,12,B's On The Table,Drake Featuring 21 Savage,11,8,5
2026-06-27,13,Hell At Night,BigXthaPlug Featuring Ella Langley,-,1,39
2026-06-27,14,Dust,Drake,12,7,5
2026-06-27,15,What Did I Miss?,Drake,15,1,15
2026-07-04,1,Janice STFU,Drake,1,1,6
2026-07-04,2,Shabang,Drake,2,2,6
2026-07-04,3,Cinderella,Mac Miller Featuring Ty Dolla $ign,3,3,7
2026-07-04,4,Ran To Atlanta,Drake Featuring Future & Molly Santana,4,2,6
2026-07-04,5,Spend Dat,Yung Miami,7,5,3
2026-07-04,6,Whisper My Name,Drake,5,3,6
2026-07-04,7,E85,Don Toliver,8,1,19
2026-07-04,8,National Treasures,Drake,6,5,6
2026-07-04,9,Hell At Night,BigXthaPlug Featuring Ella Langley,13,1,40
2026-07-04,10,Pop Dat Thang,DaBaby,11,2,14
2026-07-04,11,2 Hard 4 The Radio,Drake,9,6,6
2026-07-04,12,Plot Twist,Drake,10,7,6
2026-07-04,13,B's On The Table,Drake Featuring 21 Savage,12,8,6
2026-07-04,14,Body,Don Toliver,-,1,16
2026-07-04,15,Not Like Us,Kendrick Lamar,-,1,102
2026-07-11,1,Janice STFU,Drake,1,1,7
2026-07-11,2,Shabang,Drake,2,2,7
2026-07-11,3,Cinderella,Mac Miller Featuring Ty Dolla $ign,3,3,8
2026-07-11,4,Spend Dat,Yung Miami,5,4,4
2026-07-11,5,Ran To Atlanta,Drake Featuring Future & Molly Santana,4,2,7
2026-07-11,6,E85,Don Toliver,7,1,20
2026-07-11,7,Whisper My Name,Drake,6,3,7
2026-07-11,8,National Treasures,Drake,8,5,7
2026-07-11,9,Hell At Night,BigXthaPlug Featuring Ella Langley,9,1,41
2026-07-11,10,Piece Of Your Love,Rod Wave,-,10,1
2026-07-11,11,Radio,Future,-,11,1
2026-07-11,12,Pop Dat Thang,DaBaby,10,2,15
2026-07-11,13,2 Hard 4 The Radio,Drake,11,6,7
2026-07-11,14,Body,Don Toliver,14,1,17
2026-07-11,15,Sunflower (Spider-Man: Into The Spider-Verse),Post Malone & Swae Lee,-,1,121
2026-07-18,1,Janice STFU,Drake,1,1,8
2026-07-18,2,Cinderella,Mac Miller Featuring Ty Dolla $ign,3,2,9
2026-07-18,3,Shabang,Drake,2,2,8
2026-07-18,4,Spend Dat,Yung Miami,4,4,5
2026-07-18,5,E85,Don Toliver,6,1,21
2026-07-18,6,Ran To Atlanta,Drake Featuring Future & Molly Santana,5,2,8
2026-07-18,7,Whisper My Name,Drake,7,3,8
2026-07-18,8,National Treasures,Drake,8,5,8
2026-07-18,9,Ghetto Love Story,BabyChiefDoit,-,9,1
2026-07-18,10,Hell At Night,BigXthaPlug Featuring Ella Langley,9,1,42
2026-07-18,11,Pop Dat Thang,DaBaby,12,2,16
2026-07-18,12,Body,Don Toliver,14,1,18
2026-07-18,13,Sunflower (Spider-Man: Into The Spider-Verse),Post Malone & Swae Lee,15,1,122
2026-07-18,14,Not Like Us,Kendrick Lamar,-,1,103
2026-07-18,15,The Spins,Mac Miller,-,10,13
2026-07-25,1,Janice STFU,Drake,1,1,9
2026-07-25,2,California Girls,Future,-,2,1
2026-07-25,3,Fukk A Interview,Future,-,3,1
2026-07-25,4,Konnichiwa,Future,-,4,1
2026-07-25,5,Cinderella,Mac Miller Featuring Ty Dolla $ign,2,2,10
2026-07-25,6,One Two,Future,-,6,1
2026-07-25,7,Spend Dat,Yung Miami,4,4,6
2026-07-25,8,Tank Top Pluto,Future,-,8,1
2026-07-25,9,Snow In Skyami,Future,-,9,1
2026-07-25,10,Shabang,Drake,3,2,9
2026-07-25,11,Weight Up,Future,-,11,1
2026-07-25,12,Radio,Future,-,11,2
2026-07-25,13,E85,Don Toliver,5,1,22
2026-07-25,14,No Misery,Future,-,14,1
2026-07-25,15,Trench Coat,Future,-,15,1
2026-08-01,1,Janice STFU,Drake,1,1,10
2026-08-01,2,Dead Fresh,Lil Baby,-,2,1
2026-08-01,3,Cinderella,Mac Miller Featuring Ty Dolla $ign,5,2,11
2026-08-01,4,Spend Dat,Yung Miami,7,4,7
2026-08-01,5,Shabang,Drake,10,2,10
2026-08-01,6,E85,Don Toliver,13,1,23
2026-08-01,7,Ghetto Love Story,BabyChiefDoit,-,7,2
2026-08-01,8,Hell At Night,BigXthaPlug Featuring Ella Langley,-,1,43
2026-08-01,9,Ran To Atlanta,Drake Featuring Future & Molly Santana,-,2,9
2026-08-01,10,Pop Dat Thang,DaBaby,-,2,17
2026-08-01,11,Whisper My Name,Drake,-,3,9
2026-08-01,12,Sunflower (Spider-Man: Into The Spider-Verse),Post Malone & Swae Lee,-,1,123
2026-08-01,13,National Treasures,Drake,-,5,9
2026-08-01,14,Freaked Out,Fat Papi,-,14,1
2026-08-01,15,Not Like Us,Kendrick Lamar,-,1,104
2026-08-08,1,Dead Fresh,Lil Baby,2,1,2
2026-08-08,2,Janice STFU,Drake,1,1,11
2026-08-08,3,Cinderella,Mac Miller Featuring Ty Dolla $ign,3,2,12
2026-08-08,4,Spend Dat,Yung Miami,4,4,8
2026-08-08,5,Shabang,Drake,5,2,11
2026-08-08,6,E85,Don Toliver,6,1,24
2026-08-08,7,Ghetto Love Story,BabyChiefDoit,7,7,3
2026-08-08,8,Hell At Night,BigXthaPlug Featuring Ella Langley,8,1,44
2026-08-08,9,Ran To Atlanta,Drake Featuring Future & Molly Santana,9,2,10
2026-08-08,10,Sunflower (Spider-Man: Into The Spider-Verse),Post Malone & Swae Lee,12,1,124
2026-08-08,11,Pop Dat Thang,DaBaby,10,2,18
2026-08-08,12,Whisper My Name,Drake,11,3,10
2026-08-08,13,National Treasures,Drake,13,5,10
2026-08-08,14,Not Like Us,Kendrick Lamar,15,1,105
2026-08-08,15,Freaked Out,Fat Papi,14,14,2
2026-08-15,1,Dead Fresh,Lil Baby,1,1,3
2026-08-15,2,Janice STFU,Drake,2,1,12
2026-08-15,3,AH HA,Cardi B,-,3,1
2026-08-15,4,Cinderella,Mac Miller Featuring Ty Dolla $ign,3,2,13
2026-08-15,5,Spend Dat,Yung Miami,4,4,9
2026-08-15,6,E85,Don Toliver,6,1,25
2026-08-15,7,Shabang,Drake,5,2,12
2026-08-15,8,Hustle,Rod Wave,-,8,1
2026-08-15,9,Ghetto Love Story,BabyChiefDoit,7,7,4
2026-08-15,10,Sunflower (Spider-Man: Into The Spider-Verse),Post Malone & Swae Lee,10,1,125
2026-08-15,11,Hell At Night,BigXthaPlug Featuring Ella Langley,8,1,45
2026-08-15,12,Ran To Atlanta,Drake Featuring Future & Molly Santana,9,2,11
2026-08-15,13,Nightmares To Dreams,Meek Mill,-,13,1
2026-08-15,14,Poured,Lil Uzi Vert,-,14,1
2026-08-15,15,Pop Dat Thang,DaBaby,11,2,19
2026-08-22,1,Janice STFU,Drake,2,1,13
2026-08-22,2,Dead Fresh,Lil Baby,1,1,4
2026-08-22,3,Cinderella,Mac Miller Featuring Ty Dolla $ign,4,2,14
2026-08-22,4,Last Man Breathin,Pooh Shiesty,-,4,1
2026-08-22,5,AH HA,Cardi B,3,3,2
2026-08-22,6,E85,Don Toliver,6,1,26
2026-08-22,7,Spend Dat,Yung Miami,5,4,10
2026-08-22,8,Reap What You Sow,Pooh Shiesty,-,8,1
2026-08-22,9,Sunflower (Spider-Man: Into The Spider-Verse),Post Malone & Swae Lee,10,1,126
2026-08-22,10,Shabang,Drake,7,2,13
2026-08-22,11,FDO,Pooh Shiesty,-,1,11
2026-08-22,12,Ghetto Love Story,BabyChiefDoit,9,7,5
2026-08-22,13,Hell At Night,BigXthaPlug Featuring Ella Langley,11,1,46
2026-08-22,14,I'm Back,Pooh Shiesty,-,14,1
2026-08-22,15,Federal Reality,Pooh Shiesty,-,15,1
2026-08-29,1,Janice STFU,Drake,1,1,14
2026-08-29,2,Dead Fresh,Lil Baby,2,1,5
2026-08-29,3,Cinderella,Mac Miller Featuring Ty Dolla $ign,3,2,15
2026-08-29,4,Sunflower (Spider-Man: Into The Spider-Verse),Post Malone & Swae Lee,9,1,127
2026-08-29,5,E85,Don Toliver,6,1,27
2026-08-29,6,Spend Dat,Yung Miami,7,4,11
2026-08-29,7,Shabang,Drake,10,2,14
2026-08-29,8,Hell At Night,BigXthaPlug Featuring Ella Langley,13,1,47
2026-08-29,9,AH HA,Cardi B,5,3,3
2026-08-29,10,Ghetto Love Story,BabyChiefDoit,12,7,6
2026-08-29,11,Reap What You Sow,Pooh Shiesty,8,8,2
2026-08-29,12,FDO,Pooh Shiesty,11,1,12
2026-08-29,13,Not Like Us,Kendrick Lamar,-,1,106
2026-08-29,14,Wait For U,Future Featuring Drake & Tems,-,1,86
2026-08-29,15,Pop Dat Thang,DaBaby,-,2,20
2026-09-05,1,Janice STFU,Drake,1,1,15
2026-09-05,2,Dead Fresh,Lil Baby,2,1,6
2026-09-05,3,Cinderella,Mac Miller Featuring Ty Dolla $ign,3,2,16
2026-09-05,4,Sunflower (Spider-Man: Into The Spider-Verse),Post Malone & Swae Lee,4,1,128
2026-09-05,5,E85,Don Toliver,5,1,28
2026-09-05,6,Hell At Night,BigXthaPlug Featuring Ella Langley,8,1,48
2026-09-05,7,Shabang,Drake,7,2,15
2026-09-05,8,Spend Dat,Yung Miami,6,4,12
2026-09-05,9,Ghetto Love Story,BabyChiefDoit,10,7,7
2026-09-05,10,AH HA,Cardi B,9,3,4
2026-09-05,11,Headlines,Drake,-,6,31
2026-09-05,12,Power Trip,J. Cole Featuring Miguel,-,5,37
2026-09-05,13,No Role Modelz,J. Cole,-,8,63
2026-09-05,14,Not Like Us,Kendrick Lamar,13,1,107
2026-09-05,15,Wait For U,Future Featuring Drake & Tems,14,1,87
