Date,Rank,Song,Artist,Last Week,Peak Position,Weeks on Chart
2022-02-19,1,Lange Leve Vi,23,-,1,1
2022-02-19,2,Langesen,Petter Featuring Veronica Maggio,-,2,1
2022-02-19,3,Mano,Jireel,-,3,1
2022-02-19,4,Som Dom,Sarettii,-,4,1
2022-02-19,5,abcdefu,GAYLE,-,5,1
2022-02-19,6,Babblarnas Vaggvisa,Babblarna,-,6,1
2022-02-19,7,Birthday,"ADAAM, Dani M & Masse",-,7,1
2022-02-19,8,Shivers,Ed Sheeran,-,8,1
2022-02-19,9,Heat Waves,Glass Animals,-,9,1
2022-02-19,10,M5,C.Gambino & 23,-,10,1
2022-02-19,11,30 Personer,Hov1 Featuring Elias Hurtig,-,11,1
2022-02-19,12,Where Are You Now,Lost Frequencies & Calum Scott,-,12,1
2022-02-19,13,Easy On Me,Adele,-,13,1
2022-02-19,14,Moth To A Flame,Swedish House Mafia & The Weeknd,-,14,1
2022-02-19,15,Cold Heart (PNAU Remix),Elton John & Dua Lipa,-,15,1
2022-02-19,16,Eld & Lagor,Victor Leksell,-,16,1
2022-02-19,17,Fuck Mitt Eks,LOAM,-,17,1
2022-02-19,18,Enemy,Imagine Dragons X JID,-,18,1
2022-02-19,19,Bad Habits,Ed Sheeran,-,19,1
2022-02-19,20,Stay,The Kid Laroi & Justin Bieber,-,20,1
2022-02-19,21,Tallrikar,"ADAAM, Asme & takenoelz",-,21,1
2022-02-19,22,VCFlow,VC Barre,-,22,1
2022-02-19,23,She's All I Wanna Be,Tate McRae,-,23,1
2022-02-19,24,Vaga,Newkid,-,24,1
2022-02-19,25,Lotta & Sanna,Mohela,-,25,1
2022-02-26,1,Lange Leve Vi,23,1,1,2
2022-02-26,2,Mano,Jireel,3,2,2
2022-02-26,3,20 Talet,Yasin,-,3,1
2022-02-26,4,Internet,VC Barre & 23,-,4,1
2022-02-26,5,Poppis,Asme,-,5,1
2022-02-26,6,Langesen,Petter Featuring Veronica Maggio,2,2,2
2022-02-26,7,Som Dom,Sarettii,4,4,2
2022-02-26,8,Babblarnas Vaggvisa,Babblarna,6,6,2
2022-02-26,9,abcdefu,GAYLE,5,5,2
2022-02-26,10,Heat Waves,Glass Animals,9,9,2
2022-02-26,11,Shivers,Ed Sheeran,8,8,2
2022-02-26,12,Where Are You Now,Lost Frequencies & Calum Scott,12,12,2
2022-02-26,13,Easy On Me,Adele,13,13,2
2022-02-26,14,Eld & Lagor,Victor Leksell,16,14,2
2022-02-26,15,Cold Heart (PNAU Remix),Elton John & Dua Lipa,15,15,2
2022-02-26,16,Tror Du Att Jag Bryr Mig,Niello & Lisa Ajax,-,16,1
2022-02-26,17,Som Du Vill,Theoz,-,17,1
2022-02-26,18,M5,C.Gambino & 23,10,10,2
2022-02-26,19,Birthday,"ADAAM, Dani M & Masse",7,7,2
2022-02-26,20,Bad Habits,Ed Sheeran,19,19,2
2022-02-26,21,Enemy,Imagine Dragons X JID,18,18,2
2022-02-26,22,Woman,C.Gambino,-,22,1
2022-02-26,23,Stay,The Kid Laroi & Justin Bieber,20,20,2
2022-02-26,24,Fuck Mitt Eks,LOAM,17,17,2
2022-02-26,25,Moth To A Flame,Swedish House Mafia & The Weeknd,14,14,2
2022-03-05,1,Mano,Jireel,2,1,3
2022-03-05,2,Lange Leve Vi,23,1,1,3
2022-03-05,3,Poppis,Asme,5,3,2
2022-03-05,4,Internet,VC Barre & 23,4,4,2
2022-03-05,5,Babblarnas Vaggvisa,Babblarna,8,5,3
2022-03-05,6,Som Dom,Sarettii,7,4,3
2022-03-05,7,Tror Du Att Jag Bryr Mig,Niello & Lisa Ajax,16,7,2
2022-03-05,8,Bad Habits,Ed Sheeran,20,8,3
2022-03-05,9,Heat Waves,Glass Animals,10,9,3
2022-03-05,10,abcdefu,GAYLE,9,5,3
2022-03-05,11,Langesen,Petter Featuring Veronica Maggio,6,2,3
2022-03-05,12,20 Talet,Yasin,3,3,2
2022-03-05,13,Where Are You Now,Lost Frequencies & Calum Scott,12,12,3
2022-03-05,14,Shivers,Ed Sheeran,11,8,3
2022-03-05,15,Cold Heart (PNAU Remix),Elton John & Dua Lipa,15,15,3
2022-03-05,16,Easy On Me,Adele,13,13,3
2022-03-05,17,Fuck Mitt Eks,LOAM,24,17,3
2022-03-05,18,Eld & Lagor,Victor Leksell,14,14,3
2022-03-05,19,Enemy,Imagine Dragons X JID,21,18,3
2022-03-05,20,Stay,The Kid Laroi & Justin Bieber,23,20,3
2022-03-05,21,My Way,Tone Sekelius,-,21,1
2022-03-05,22,Som Du Vill,Theoz,17,17,2
2022-03-05,23,Alicia,Dani M & Masse,-,23,1
2022-03-05,24,Boyfriend,Dove Cameron,-,24,1
2022-03-05,25,M5,C.Gambino & 23,18,10,3
2022-03-12,1,Mano,Jireel,1,1,4
2022-03-12,2,Tva Steg Fran Helvetet,Hov1,-,2,1
2022-03-12,3,Run To The Hills,Klara Hammarstrom,-,3,1
2022-03-12,4,In I Dimman,Medina,-,4,1
2022-03-12,5,Lange Leve Vi,23,2,1,4
2022-03-12,6,Bigger Than The Universe,Anders Bagge,-,6,1
2022-03-12,7,Internet,VC Barre & 23,4,4,3
2022-03-12,8,Hold Me Closer,Cornelia Jakobs,-,8,1
2022-03-12,9,Poppis,Asme,3,3,3
2022-03-12,10,Babblarnas Vaggvisa,Babblarna,5,5,4
2022-03-12,11,Heat Waves,Glass Animals,9,9,4
2022-03-12,12,Som Dom,Sarettii,6,4,4
2022-03-12,13,Tror Du Att Jag Bryr Mig,Niello & Lisa Ajax,7,7,3
2022-03-12,14,Where Are You Now,Lost Frequencies & Calum Scott,13,12,4
2022-03-12,15,abcdefu,GAYLE,10,5,4
2022-03-12,16,Shivers,Ed Sheeran,14,8,4
2022-03-12,17,I Can't Get Enough,Cazzi Opeia,-,17,1
2022-03-12,18,Bad Habits,Ed Sheeran,8,8,4
2022-03-12,19,Som Du Vill,Theoz,22,17,3
2022-03-12,20,Langesen,Petter Featuring Veronica Maggio,11,2,4
2022-03-12,21,My Way,Tone Sekelius,21,21,2
2022-03-12,22,Musik Eller Metall,Owen,-,22,1
2022-03-12,23,Eld & Lagor,Victor Leksell,18,14,4
2022-03-12,24,Cold Heart (PNAU Remix),Elton John & Dua Lipa,15,15,4
2022-03-12,25,Easy On Me,Adele,16,13,4
2022-03-19,1,Run To The Hills,Klara Hammarstrom,3,1,2
2022-03-19,2,Bigger Than The Universe,Anders Bagge,6,2,2
2022-03-19,3,Mano,Jireel,1,1,5
2022-03-19,4,In I Dimman,Medina,4,4,2
2022-03-19,5,Hold Me Closer,Cornelia Jakobs,8,5,2
2022-03-19,6,Tva Steg Fran Helvetet,Hov1,2,2,2
2022-03-19,7,I Can't Get Enough,Cazzi Opeia,17,7,2
2022-03-19,8,Lange Leve Vi,23,5,1,5
2022-03-19,9,Som Du Vill,Theoz,19,9,4
2022-03-19,10,My Way,Tone Sekelius,21,10,3
2022-03-19,11,Bluffin,LIAMOO,-,11,1
2022-03-19,12,Internet,VC Barre & 23,7,4,4
2022-03-19,13,F*ck Mina Opps,25,-,13,1
2022-03-19,14,Babblarnas Vaggvisa,Babblarna,10,5,5
2022-03-19,15,Heat Waves,Glass Animals,11,9,5
2022-03-19,16,Tror Du Att Jag Bryr Mig,Niello & Lisa Ajax,13,7,4
2022-03-19,17,Innocent Love,Robin Bengtsson,-,17,1
2022-03-19,18,Poppis,Asme,9,3,4
2022-03-19,19,Suave,Alvaro Estrella,-,19,1
2022-03-19,20,Where Are You Now,Lost Frequencies & Calum Scott,14,12,5
2022-03-19,21,Anglavakt,John Lundvik,-,21,1
2022-03-19,22,Till Our Days Are Over,Lillasyster,-,22,1
2022-03-19,23,Som Dom,Sarettii,12,4,5
2022-03-19,24,Shivers,Ed Sheeran,16,8,5
2022-03-19,25,abcdefu,GAYLE,15,5,5
2022-03-26,1,Hold Me Closer,Cornelia Jakobs,5,1,3
2022-03-26,2,Run To The Hills,Klara Hammarstrom,1,1,3
2022-03-26,3,In I Dimman,Medina,4,3,3
2022-03-26,4,Bigger Than The Universe,Anders Bagge,2,2,3
2022-03-26,5,I Can't Get Enough,Cazzi Opeia,7,5,3
2022-03-26,6,Mano,Jireel,3,1,6
2022-03-26,7,Som Du Vill,Theoz,9,7,5
2022-03-26,8,Bluffin,LIAMOO,11,8,2
2022-03-26,9,My Way,Tone Sekelius,10,9,4
2022-03-26,10,Innocent Love,Robin Bengtsson,17,10,2
2022-03-26,11,Anglavakt,John Lundvik,21,11,2
2022-03-26,12,Regler (Baset),C.Gambino,-,12,1
2022-03-26,13,Tva Steg Fran Helvetet,Hov1,6,2,3
2022-03-26,14,F*ck Mina Opps,25,13,13,2
2022-03-26,15,Lange Leve Vi,23,8,1,6
2022-03-26,16,Freedom,Faith Kakembo,-,16,1
2022-03-26,17,Higher Power,Anna Bergendahl,-,17,1
2022-03-26,18,Babblarnas Vaggvisa,Babblarna,14,5,6
2022-03-26,19,Suave,Alvaro Estrella,19,19,2
2022-03-26,20,Internet,VC Barre & 23,12,4,5
2022-03-26,21,Heat Waves,Glass Animals,15,9,6
2022-03-26,22,Lotta & Sanna,Mohela,-,22,2
2022-03-26,23,Tror Du Att Jag Bryr Mig,Niello & Lisa Ajax,16,7,5
2022-03-26,24,Where Are You Now,Lost Frequencies & Calum Scott,20,12,6
2022-03-26,25,Poppis,Asme,18,3,5
2022-04-02,1,Hold Me Closer,Cornelia Jakobs,1,1,4
2022-04-02,2,In I Dimman,Medina,3,2,4
2022-04-02,3,Run To The Hills,Klara Hammarstrom,2,1,4
2022-04-02,4,Mano,Jireel,6,1,7
2022-04-02,5,Bigger Than The Universe,Anders Bagge,4,2,4
2022-04-02,6,Hela Varlden Ar Min,Victor Leksell,-,6,1
2022-04-02,7,Som Du Vill,Theoz,7,7,6
2022-04-02,8,Thug Part 2,23,-,8,1
2022-04-02,9,Winner,Jireel & A36,-,9,1
2022-04-02,10,I Can't Get Enough,Cazzi Opeia,5,5,4
2022-04-02,11,Regler (Baset),C.Gambino,12,11,2
2022-04-02,12,Tva Steg Fran Helvetet,Hov1,13,2,4
2022-04-02,13,Bluffin,LIAMOO,8,8,3
2022-04-02,14,F*ck Mina Opps,25,14,13,3
2022-04-02,15,My Way,Tone Sekelius,9,9,5
2022-04-02,16,X,Miss Li,-,16,1
2022-04-02,17,Babblarnas Vaggvisa,Babblarna,18,5,7
2022-04-02,18,Heat Waves,Glass Animals,21,9,7
2022-04-02,19,Lange Leve Vi,23,15,1,7
2022-04-02,20,Innocent Love,Robin Bengtsson,10,10,3
2022-04-02,21,Internet,VC Barre & 23,20,4,6
2022-04-02,22,Hoghusdrommar,Veronica Maggio,-,22,1
2022-04-02,23,Shivers,Ed Sheeran,-,8,6
2022-04-02,24,Where Are You Now,Lost Frequencies & Calum Scott,24,12,7
2022-04-02,25,Anglavakt,John Lundvik,11,11,3
2022-04-09,1,Hold Me Closer,Cornelia Jakobs,1,1,5
2022-04-09,2,In I Dimman,Medina,2,2,5
2022-04-09,3,Run To The Hills,Klara Hammarstrom,3,1,5
2022-04-09,4,Fakka Ur,LOAM X ADAAM,-,4,1
2022-04-09,5,Mano,Jireel,4,1,8
2022-04-09,6,Hela Varlden Ar Min,Victor Leksell,6,6,2
2022-04-09,7,Bigger Than The Universe,Anders Bagge,5,2,5
2022-04-09,8,Bandol,Haval,-,8,1
2022-04-09,9,V12,Yasin,-,9,1
2022-04-09,10,Sista Sparet,Yasin,-,10,1
2022-04-09,11,Som Du Vill,Theoz,7,7,7
2022-04-09,12,Babblarnas Vaggvisa,Babblarna,17,5,8
2022-04-09,13,X,Miss Li,16,13,2
2022-04-09,14,Tva Steg Fran Helvetet,Hov1,12,2,5
2022-04-09,15,Regler (Baset),C.Gambino,11,11,3
2022-04-09,16,Winner,Jireel & A36,9,9,2
2022-04-09,17,F*ck Mina Opps,25,14,13,4
2022-04-09,18,I Can't Get Enough,Cazzi Opeia,10,5,5
2022-04-09,19,Heat Waves,Glass Animals,18,9,8
2022-04-09,20,Lange Leve Vi,23,19,1,8
2022-04-09,21,Shivers,Ed Sheeran,23,8,7
2022-04-09,22,Thug Part 2,23,8,8,2
2022-04-09,23,Where Are You Now,Lost Frequencies & Calum Scott,24,12,8
2022-04-09,24,Bluffin,LIAMOO,13,8,4
2022-04-09,25,SooYs,VC Barre,-,25,1
2022-04-16,1,As It Was,Harry Styles,-,1,1
2022-04-16,2,Hold Me Closer,Cornelia Jakobs,1,1,6
2022-04-16,3,Fakka Ur,LOAM X ADAAM,4,3,2
2022-04-16,4,In I Dimman,Medina,2,2,6
2022-04-16,5,Mano,Jireel,5,1,9
2022-04-16,6,Run To The Hills,Klara Hammarstrom,3,1,6
2022-04-16,7,Hela Varlden Ar Min,Victor Leksell,6,6,3
2022-04-16,8,Bella,Asme,-,8,1
2022-04-16,9,Inkassera,Robin Kadir Featuring C.Gambino & 23,-,9,1
2022-04-16,10,Babblarnas Vaggvisa,Babblarna,12,5,9
2022-04-16,11,Bigger Than The Universe,Anders Bagge,7,2,6
2022-04-16,12,X,Miss Li,13,12,3
2022-04-16,13,Bandol,Haval,8,8,2
2022-04-16,14,Heat Waves,Glass Animals,19,9,9
2022-04-16,15,Som Du Vill,Theoz,11,7,8
2022-04-16,16,Tva Steg Fran Helvetet,Hov1,14,2,6
2022-04-16,17,Regler (Baset),C.Gambino,15,11,4
2022-04-16,18,V12,Yasin,9,9,2
2022-04-16,19,Shivers,Ed Sheeran,21,8,8
2022-04-16,20,Where Are You Now,Lost Frequencies & Calum Scott,23,12,9
2022-04-16,21,I Can't Get Enough,Cazzi Opeia,18,5,6
2022-04-16,22,Winner,Jireel & A36,16,9,3
2022-04-16,23,F*ck Mina Opps,25,17,13,5
2022-04-16,24,Lange Leve Vi,23,20,1,9
2022-04-16,25,Cold Heart (PNAU Remix),Elton John & Dua Lipa,-,15,5
2022-04-23,1,Ut Med Allt,Bjorn Holmgren,-,1,1
2022-04-23,2,Fakka Ur,LOAM X ADAAM,3,2,3
2022-04-23,3,As It Was,Harry Styles,1,1,2
2022-04-23,4,Hold Me Closer,Cornelia Jakobs,2,1,7
2022-04-23,5,In I Dimman,Medina,4,2,7
2022-04-23,6,Mano,Jireel,5,1,10
2022-04-23,7,Run To The Hills,Klara Hammarstrom,6,1,7
2022-04-23,8,First Class,Jack Harlow,-,8,1
2022-04-23,9,X,Miss Li,12,9,4
2022-04-23,10,Hela Varlden Ar Min,Victor Leksell,7,6,4
2022-04-23,11,Inkassera,Robin Kadir Featuring C.Gambino & 23,9,9,2
2022-04-23,12,Babblarnas Vaggvisa,Babblarna,10,5,10
2022-04-23,13,Bigger Than The Universe,Anders Bagge,11,2,7
2022-04-23,14,Heat Waves,Glass Animals,14,9,10
2022-04-23,15,Tva Steg Fran Helvetet,Hov1,16,2,7
2022-04-23,16,Shivers,Ed Sheeran,19,8,9
2022-04-23,17,Som Du Vill,Theoz,15,7,9
2022-04-23,18,Where Are You Now,Lost Frequencies & Calum Scott,20,12,10
2022-04-23,19,Grater Om Du Vill,Miriam Bryant & Thomas Stenstrom,-,19,1
2022-04-23,20,Bella,Asme,8,8,2
2022-04-23,21,Winner,Jireel & A36,22,9,4
2022-04-23,22,Cold Heart (PNAU Remix),Elton John & Dua Lipa,25,15,6
2022-04-23,23,I Can't Get Enough,Cazzi Opeia,21,5,7
2022-04-23,24,Regler (Baset),C.Gambino,17,11,5
2022-04-23,25,Bandol,Haval,13,8,3
2022-04-30,1,Fakka Ur,LOAM X ADAAM,2,1,4
2022-04-30,2,Ut Med Allt,Bjorn Holmgren,1,1,2
2022-04-30,3,As It Was,Harry Styles,3,1,3
2022-04-30,4,Hold Me Closer,Cornelia Jakobs,4,1,8
2022-04-30,5,X,Miss Li,9,5,5
2022-04-30,6,Mano,Jireel,6,1,11
2022-04-30,7,In I Dimman,Medina,5,2,8
2022-04-30,8,Run To The Hills,Klara Hammarstrom,7,1,8
2022-04-30,9,First Class,Jack Harlow,8,8,2
2022-04-30,10,Hela Varlden Ar Min,Victor Leksell,10,6,5
2022-04-30,11,Babblarnas Vaggvisa,Babblarna,12,5,11
2022-04-30,12,Inkassera,Robin Kadir Featuring C.Gambino & 23,11,9,3
2022-04-30,13,Heat Waves,Glass Animals,14,9,11
2022-04-30,14,Shivers,Ed Sheeran,16,8,10
2022-04-30,15,Where Are You Now,Lost Frequencies & Calum Scott,18,12,11
2022-04-30,16,Tva Steg Fran Helvetet,Hov1,15,2,8
2022-04-30,17,Heaven Takes You Home,Swedish House Mafia & Connie Constance,-,17,1
2022-04-30,18,Bigger Than The Universe,Anders Bagge,13,2,8
2022-04-30,19,Cold Heart (PNAU Remix),Elton John & Dua Lipa,22,15,7
2022-04-30,20,Grater Om Du Vill,Miriam Bryant & Thomas Stenstrom,19,19,2
2022-04-30,21,Som Du Vill,Theoz,17,7,10
2022-04-30,22,Pepas,Farruko,-,22,1
2022-04-30,23,Bella,Asme,20,8,3
2022-04-30,24,Bad Habits,Ed Sheeran,-,8,5
2022-04-30,25,Vi Ska Aldrig Ga Hem,Molly Sanden,-,25,1
2022-05-07,1,Fakka Ur,LOAM X ADAAM,1,1,5
2022-05-07,2,As It Was,Harry Styles,3,1,4
2022-05-07,3,Alla Vara Minnen,Hov1,-,3,1
2022-05-07,4,X,Miss Li,5,4,6
2022-05-07,5,Ut Med Allt,Bjorn Holmgren,2,1,3
2022-05-07,6,Words,Alesso & Zara Larsson,-,6,1
2022-05-07,7,Mano,Jireel,6,1,12
2022-05-07,8,Hold Me Closer,Cornelia Jakobs,4,1,9
2022-05-07,9,Hela Varlden Ar Min,Victor Leksell,10,6,6
2022-05-07,10,First Class,Jack Harlow,9,8,3
2022-05-07,11,In I Dimman,Medina,7,2,9
2022-05-07,12,Babblarnas Vaggvisa,Babblarna,11,5,12
2022-05-07,13,Run To The Hills,Klara Hammarstrom,8,1,9
2022-05-07,14,Matador,Sarettii,-,14,1
2022-05-07,15,Sista Sommaren,Thomas Stenstrom,-,15,1
2022-05-07,16,Thousand Miles,The Kid Laroi,-,16,1
2022-05-07,17,Inkassera,Robin Kadir Featuring C.Gambino & 23,12,9,4
2022-05-07,18,Syrener,Olivia Lobato,-,18,1
2022-05-07,19,Shivers,Ed Sheeran,14,8,11
2022-05-07,20,Heat Waves,Glass Animals,13,9,12
2022-05-07,21,Where Are You Now,Lost Frequencies & Calum Scott,15,12,12
2022-05-07,22,Heaven Takes You Home,Swedish House Mafia & Connie Constance,17,17,2
2022-05-07,23,Tva Steg Fran Helvetet,Hov1,16,2,9
2022-05-07,24,Cold Heart (PNAU Remix),Elton John & Dua Lipa,19,15,8
2022-05-07,25,Pepas,Farruko,22,22,2
2022-05-14,1,Fakka Ur,LOAM X ADAAM,1,1,6
2022-05-14,2,Matador,Sarettii,14,2,2
2022-05-14,3,As It Was,Harry Styles,2,1,5
2022-05-14,4,X,Miss Li,4,4,7
2022-05-14,5,Words,Alesso & Zara Larsson,6,5,2
2022-05-14,6,Mano,Jireel,7,1,13
2022-05-14,7,Ut Med Allt,Bjorn Holmgren,5,1,4
2022-05-14,8,Syrener,Olivia Lobato,18,8,2
2022-05-14,9,In The Stars,Benson Boone,-,9,1
2022-05-14,10,Hold Me Closer,Cornelia Jakobs,8,1,10
2022-05-14,11,Alla Vara Minnen,Hov1,3,3,2
2022-05-14,12,Hela Varlden Ar Min,Victor Leksell,9,6,7
2022-05-14,13,First Class,Jack Harlow,10,8,4
2022-05-14,14,In I Dimman,Medina,11,2,10
2022-05-14,15,Babblarnas Vaggvisa,Babblarna,12,5,13
2022-05-14,16,Pengar Banga,Asme,-,16,1
2022-05-14,17,Bacardi,Asme,-,17,1
2022-05-14,18,Run To The Hills,Klara Hammarstrom,13,1,10
2022-05-14,19,Shivers,Ed Sheeran,19,8,12
2022-05-14,20,Inkassera,Robin Kadir Featuring C.Gambino & 23,17,9,5
2022-05-14,21,Heat Waves,Glass Animals,20,9,13
2022-05-14,22,Where Are You Now,Lost Frequencies & Calum Scott,21,12,13
2022-05-14,23,Sista Sommaren,Thomas Stenstrom,15,15,2
2022-05-14,24,Thousand Miles,The Kid Laroi,16,16,2
2022-05-14,25,Cold Heart (PNAU Remix),Elton John & Dua Lipa,24,15,9
2022-05-21,1,2step,Ed Sheeran Featuring Lil Baby,-,1,1
2022-05-21,2,Matador,Sarettii,2,2,3
2022-05-21,3,Syrener,Olivia Lobato,8,3,3
2022-05-21,4,Fakka Ur,LOAM X ADAAM,1,1,7
2022-05-21,5,X,Miss Li,4,4,8
2022-05-21,6,As It Was,Harry Styles,3,1,6
2022-05-21,7,Mano,Jireel,6,1,14
2022-05-21,8,Words,Alesso & Zara Larsson,5,5,3
2022-05-21,9,Hold Me Closer,Cornelia Jakobs,10,1,11
2022-05-21,10,Paradis,Dani M X 23,-,10,1
2022-05-21,11,Ut Med Allt,Bjorn Holmgren,7,1,5
2022-05-21,12,In The Stars,Benson Boone,9,9,2
2022-05-21,13,First Class,Jack Harlow,13,8,5
2022-05-21,14,Babblarnas Vaggvisa,Babblarna,15,5,14
2022-05-21,15,Hela Varlden Ar Min,Victor Leksell,12,6,8
2022-05-21,16,Santorini,Jireel,-,16,1
2022-05-21,17,Pengar Banga,Asme,16,16,2
2022-05-21,18,Absolut,ADAAM Featuring Lolo,-,18,1
2022-05-21,19,Alla Vara Minnen,Hov1,11,3,3
2022-05-21,20,In I Dimman,Medina,14,2,11
2022-05-21,21,Shivers,Ed Sheeran,19,8,13
2022-05-21,22,About Damn Time,Lizzo,-,22,1
2022-05-21,23,Run To The Hills,Klara Hammarstrom,18,1,11
2022-05-21,24,Komma Over Dig,Petter Featuring Benjamin Ingrosso,-,24,1
2022-05-21,25,Where Are You Now,Lost Frequencies & Calum Scott,22,12,14
2022-05-28,1,2step,Ed Sheeran Featuring Lil Baby,1,1,2
2022-05-28,2,Hold Me Closer,Cornelia Jakobs,9,1,12
2022-05-28,3,Matador,Sarettii,2,2,4
2022-05-28,4,X,Miss Li,5,4,9
2022-05-28,5,Syrener,Olivia Lobato,3,3,4
2022-05-28,6,Fakka Ur,LOAM X ADAAM,4,1,8
2022-05-28,7,Get The Point,Sickan,-,7,1
2022-05-28,8,Stefania,Kalush Orchestra,-,8,1
2022-05-28,9,As It Was,Harry Styles,6,1,7
2022-05-28,10,Words,Alesso & Zara Larsson,8,5,4
2022-05-28,11,Jag Vill Bara Va Med Dej,Hakan Hellstrom Featuring Noonie Bao,-,11,1
2022-05-28,12,Mano,Jireel,7,1,15
2022-05-28,13,More Life,23,-,13,1
2022-05-28,14,Give That Wolf A Banana,Subwoolfer,-,14,1
2022-05-28,15,Space Man,Sam Ryder,-,15,1
2022-05-28,16,Hela Varlden Ar Min,Victor Leksell,15,6,9
2022-05-28,17,Babblarnas Vaggvisa,Babblarna,14,5,15
2022-05-28,18,First Class,Jack Harlow,13,8,6
2022-05-28,19,130622 REC,Yasin,-,19,1
2022-05-28,20,Heaven Med Dig,Veronica Maggio,-,20,1
2022-05-28,21,Paradis,Dani M X 23,10,10,2
2022-05-28,22,In The Stars,Benson Boone,12,9,3
2022-05-28,23,N95,Kendrick Lamar,-,23,1
2022-05-28,24,Ut Med Allt,Bjorn Holmgren,11,1,6
2022-05-28,25,In I Dimman,Medina,20,2,12
2022-06-04,1,2step,Ed Sheeran Featuring Lil Baby,1,1,3
2022-06-04,2,Komplicerat,Ant Wan,-,2,1
2022-06-04,3,Matador,Sarettii,3,2,5
2022-06-04,4,As It Was,Harry Styles,9,1,8
2022-06-04,5,X,Miss Li,4,4,10
2022-06-04,6,Hold Me Closer,Cornelia Jakobs,2,1,13
2022-06-04,7,Syrener,Olivia Lobato,5,3,5
2022-06-04,8,Fakka Ur,LOAM X ADAAM,6,1,9
2022-06-04,9,Late Night Talking,Harry Styles,-,9,1
2022-06-04,10,Get The Point,Sickan,7,7,2
2022-06-04,11,Words,Alesso & Zara Larsson,10,5,5
2022-06-04,12,Tusen Ganger Om,estraden & Newkid,-,12,1
2022-06-04,13,Mano,Jireel,12,1,16
2022-06-04,14,Jag Ska Fanga En Angel,Ted Gardestad,-,14,1
2022-06-04,15,Bonaqua,Henric Edstrom,-,15,1
2022-06-04,16,Babblarnas Vaggvisa,Babblarna,17,5,16
2022-06-04,17,Hela Varlden Ar Min,Victor Leksell,16,6,10
2022-06-04,18,Flygplanslage,Yasin & E4an,-,18,1
2022-06-04,19,Stefania,Kalush Orchestra,8,8,2
2022-06-04,20,Lat Mig Ga,Veronica Maggio,-,20,1
2022-06-04,21,Paradis,Dani M X 23,21,10,3
2022-06-04,22,In I Dimman,Medina,25,2,13
2022-06-04,23,More Life,23,13,13,2
2022-06-04,24,Heaven Med Dig,Veronica Maggio,20,20,2
2022-06-04,25,Supermodel,Maneskin,-,25,1
2022-06-11,1,2step,Ed Sheeran Featuring Lil Baby,1,1,4
2022-06-11,2,Komplicerat,Ant Wan,2,2,2
2022-06-11,3,Matador,Sarettii,3,2,6
2022-06-11,4,X,Miss Li,5,4,11
2022-06-11,5,As It Was,Harry Styles,4,1,9
2022-06-11,6,Fakka Ur,LOAM X ADAAM,8,1,10
2022-06-11,7,Syrener,Olivia Lobato,7,3,6
2022-06-11,8,Words,Alesso & Zara Larsson,11,5,6
2022-06-11,9,Jag Ska Fanga En Angel,Ted Gardestad,14,9,2
2022-06-11,10,Get The Point,Sickan,10,7,3
2022-06-11,11,Hold Me Closer,Cornelia Jakobs,6,1,14
2022-06-11,12,Babblarnas Vaggvisa,Babblarna,16,5,17
2022-06-11,13,Running Up That Hill (A Deal With God),Kate Bush,-,13,1
2022-06-11,14,Bonaqua,Henric Edstrom,15,14,2
2022-06-11,15,Tusen Ganger Om,estraden & Newkid,12,12,2
2022-06-11,16,Late Night Talking,Harry Styles,9,9,2
2022-06-11,17,Lay All Your Love On Me,Zara Larsson,-,17,1
2022-06-11,18,Mano,Jireel,13,1,17
2022-06-11,19,2A,"ADAAM, Phillipe & FU3GO",-,19,1
2022-06-11,20,Hela Varlden Ar Min,Victor Leksell,17,6,11
2022-06-11,21,Kan Inte Ga,Bolaget,-,21,1
2022-06-11,22,Aniara,Joakim Berg,-,22,1
2022-06-11,23,Barn Av Var Tid,Joakim Berg,-,23,1
2022-06-11,24,In I Dimman,Medina,22,2,14
2022-06-11,25,Sista Sommaren,Thomas Stenstrom,-,15,3
2022-06-18,1,Lilla Nisse,Einar,-,1,1
2022-06-18,2,Running Up That Hill (A Deal With God),Kate Bush,13,2,2
2022-06-18,3,2step,Ed Sheeran Featuring Lil Baby,1,1,5
2022-06-18,4,X,Miss Li,4,4,12
2022-06-18,5,Matador,Sarettii,3,2,7
2022-06-18,6,Komplicerat,Ant Wan,2,2,3
2022-06-18,7,Koppla Av,Einar,-,7,1
2022-06-18,8,As It Was,Harry Styles,5,1,10
2022-06-18,9,Annan Varld,Einar,-,9,1
2022-06-18,10,Syrener,Olivia Lobato,7,3,7
2022-06-18,11,Fakka Ur,LOAM X ADAAM,6,1,11
2022-06-18,12,Words,Alesso & Zara Larsson,8,5,7
2022-06-18,13,Kolla Mig I Ogonen,Einar,-,13,1
2022-06-18,14,Window Shopper,23,-,14,1
2022-06-18,15,Jag Ska Fanga En Angel,Ted Gardestad,9,9,3
2022-06-18,16,Team 2 Much,Yasin X Eno,-,16,1
2022-06-18,17,Bonaqua,Henric Edstrom,14,14,3
2022-06-18,18,Babblarnas Vaggvisa,Babblarna,12,5,18
2022-06-18,19,Tusen Ganger Om,estraden & Newkid,15,12,3
2022-06-18,20,Hold Me Closer,Cornelia Jakobs,11,1,15
2022-06-18,21,Get The Point,Sickan,10,7,4
2022-06-18,22,Lay All Your Love On Me,Zara Larsson,17,17,2
2022-06-18,23,Kan Inte Ga,Bolaget,21,21,2
2022-06-18,24,I Like You (A Happier Song),Post Malone Featuring Doja Cat,-,24,1
2022-06-18,25,Late Night Talking,Harry Styles,16,9,3
2022-06-25,1,Lilla Nisse,Einar,1,1,2
2022-06-25,2,Koppla Av,Einar,7,2,2
2022-06-25,3,X,Miss Li,4,3,13
2022-06-25,4,Running Up That Hill (A Deal With God),Kate Bush,2,2,3
2022-06-25,5,Annan Varld,Einar,9,5,2
2022-06-25,6,2step,Ed Sheeran Featuring Lil Baby,3,1,6
2022-06-25,7,Kolla Mig I Ogonen,Einar,13,7,2
2022-06-25,8,Maria,Haval x Yasin,-,8,1
2022-06-25,9,As It Was,Harry Styles,8,1,11
2022-06-25,10,Matador,Sarettii,5,2,8
2022-06-25,11,Fakka Ur,LOAM X ADAAM,11,1,12
2022-06-25,12,Syrener,Olivia Lobato,10,3,8
2022-06-25,13,Words,Alesso & Zara Larsson,12,5,8
2022-06-25,14,Kan Inte Ga,Bolaget,23,14,3
2022-06-25,15,Komplicerat,Ant Wan,6,2,4
2022-06-25,16,Babblarnas Vaggvisa,Babblarna,18,5,19
2022-06-25,17,Jag Ska Fanga En Angel,Ted Gardestad,15,9,4
2022-06-25,18,Bonaqua,Henric Edstrom,17,14,4
2022-06-25,19,Vi:et I Vinsten,Molly Sanden,-,19,1
2022-06-25,20,Lay All Your Love On Me,Zara Larsson,22,17,3
2022-06-25,21,Tusen Ganger Om,estraden & Newkid,19,12,4
2022-06-25,22,Hold Me Closer,Cornelia Jakobs,20,1,16
2022-06-25,23,Paket,Haval & RAMI,-,23,1
2022-06-25,24,Get The Point,Sickan,21,7,5
2022-06-25,25,Window Shopper,23,14,14,2
2022-07-02,1,Missforstatt,BELL,-,1,1
2022-07-02,2,Lilla Nisse,Einar,1,1,3
2022-07-02,3,X,Miss Li,3,3,14
2022-07-02,4,Kan Inte Ga,Bolaget,14,4,4
2022-07-02,5,Koppla Av,Einar,2,2,3
2022-07-02,6,Running Up That Hill (A Deal With God),Kate Bush,4,2,4
2022-07-02,7,As It Was,Harry Styles,9,1,12
2022-07-02,8,2step,Ed Sheeran Featuring Lil Baby,6,1,7
2022-07-02,9,Fakka Ur,LOAM X ADAAM,11,1,13
2022-07-02,10,Words,Alesso & Zara Larsson,13,5,9
2022-07-02,11,Matador,Sarettii,10,2,9
2022-07-02,12,Maria,Haval x Yasin,8,8,2
2022-07-02,13,Glimpse Of Us,Joji,-,13,1
2022-07-02,14,Syrener,Olivia Lobato,12,3,9
2022-07-02,15,Komplicerat,Ant Wan,15,2,5
2022-07-02,16,Babblarnas Vaggvisa,Babblarna,16,5,20
2022-07-02,17,Annan Varld,Einar,5,5,3
2022-07-02,18,Kolla Mig I Ogonen,Einar,7,7,3
2022-07-02,19,Bonaqua,Henric Edstrom,18,14,5
2022-07-02,20,Lay All Your Love On Me,Zara Larsson,20,17,4
2022-07-02,21,Jag Ska Fanga En Angel,Ted Gardestad,17,9,5
2022-07-02,22,Sista Sommaren,Thomas Stenstrom,-,15,4
2022-07-02,23,Vi:et I Vinsten,Molly Sanden,19,19,2
2022-07-02,24,Tusen Ganger Om,estraden & Newkid,21,12,5
2022-07-02,25,Get The Point,Sickan,24,7,6
2022-07-09,1,Kan Inte Ga,Bolaget,4,1,5
2022-07-09,2,X,Miss Li,3,2,15
2022-07-09,3,Missforstatt,BELL,1,1,2
2022-07-09,4,As It Was,Harry Styles,7,1,13
2022-07-09,5,Bubbel Pa Balkongen,"Elov, Beny, Sofie Svensson & Dom Dar",-,5,1
2022-07-09,6,Running Up That Hill (A Deal With God),Kate Bush,6,2,5
2022-07-09,7,Lilla Nisse,Einar,2,1,4
2022-07-09,8,"Sol, Vind Och Vatten",Ted Gardestad,-,8,1
2022-07-09,9,Koppla Av,Einar,5,2,4
2022-07-09,10,Sista Sommaren,Thomas Stenstrom,22,10,5
2022-07-09,11,Words,Alesso & Zara Larsson,10,5,10
2022-07-09,12,Syrener,Olivia Lobato,14,3,10
2022-07-09,13,Fakka Ur,LOAM X ADAAM,9,1,14
2022-07-09,14,Lay All Your Love On Me,Zara Larsson,20,14,5
2022-07-09,15,Sommartider,Gyllene Tider,-,15,1
2022-07-09,16,Jag Ska Fanga En Angel,Ted Gardestad,21,9,6
2022-07-09,17,Babblarnas Vaggvisa,Babblarna,16,5,21
2022-07-09,18,2step,Ed Sheeran Featuring Lil Baby,8,1,8
2022-07-09,19,Vi:et I Vinsten,Molly Sanden,23,19,3
2022-07-09,20,"Oh, Vilken Harlig Da'",Ted Gardestad,-,20,1
2022-07-09,21,Hela Varlden Ar Min,Victor Leksell,-,6,12
2022-07-09,22,Glimpse Of Us,Joji,13,13,2
2022-07-09,23,Tusen Ganger Om,estraden & Newkid,24,12,6
2022-07-09,24,Matador,Sarettii,11,2,10
2022-07-09,25,Komplicerat,Ant Wan,15,2,6
2022-07-16,1,Kan Inte Ga,Bolaget,1,1,6
2022-07-16,2,X,Miss Li,2,2,16
2022-07-16,3,Running Up That Hill (A Deal With God),Kate Bush,6,2,6
2022-07-16,4,Missforstatt,BELL,3,1,3
2022-07-16,5,As It Was,Harry Styles,4,1,14
2022-07-16,6,Bubbel Pa Balkongen,"Elov, Beny, Sofie Svensson & Dom Dar",5,5,2
2022-07-16,7,Go,Sickan,-,7,1
2022-07-16,8,Words,Alesso & Zara Larsson,11,5,11
2022-07-16,9,Fakka Ur,LOAM X ADAAM,13,1,15
2022-07-16,10,Syrener,Olivia Lobato,12,3,11
2022-07-16,11,Lilla Nisse,Einar,7,1,5
2022-07-16,12,Vi:et I Vinsten,Molly Sanden,19,12,4
2022-07-16,13,Koppla Av,Einar,9,2,5
2022-07-16,14,Babblarnas Vaggvisa,Babblarna,17,5,22
2022-07-16,15,2step,Ed Sheeran Featuring Lil Baby,18,1,9
2022-07-16,16,Never Really Loved Me,Kygo & Dean Lewis,-,16,1
2022-07-16,17,Glimpse Of Us,Joji,22,13,3
2022-07-16,18,Sista Sommaren,Thomas Stenstrom,10,10,6
2022-07-16,19,Komplicerat,Ant Wan,25,2,7
2022-07-16,20,Lay All Your Love On Me,Zara Larsson,14,14,6
2022-07-16,21,Matador,Sarettii,24,2,11
2022-07-16,22,Tusen Ganger Om,estraden & Newkid,23,12,7
2022-07-16,23,Hela Varlden Ar Min,Victor Leksell,21,6,13
2022-07-16,24,Hold Me Closer,Cornelia Jakobs,-,1,17
2022-07-16,25,Numb,Marshmello & Khalid,-,25,1
2022-07-23,1,Kan Inte Ga,Bolaget,1,1,7
2022-07-23,2,X,Miss Li,2,2,17
2022-07-23,3,Bubbel Pa Balkongen,"Elov, Beny, Sofie Svensson & Dom Dar",6,3,3
2022-07-23,4,Running Up That Hill (A Deal With God),Kate Bush,3,2,7
2022-07-23,5,As It Was,Harry Styles,5,1,15
2022-07-23,6,Habiba,Ant Wan,-,6,1
2022-07-23,7,Missforstatt,BELL,4,1,4
2022-07-23,8,Fakka Ur,LOAM X ADAAM,9,1,16
2022-07-23,9,Words,Alesso & Zara Larsson,8,5,12
2022-07-23,10,Vi:et I Vinsten,Molly Sanden,12,10,5
2022-07-23,11,Syrener,Olivia Lobato,10,3,12
2022-07-23,12,Go,Sickan,7,7,2
2022-07-23,13,Babblarnas Vaggvisa,Babblarna,14,5,23
2022-07-23,14,Lilla Nisse,Einar,11,1,6
2022-07-23,15,Koppla Av,Einar,13,2,6
2022-07-23,16,2step,Ed Sheeran Featuring Lil Baby,15,1,10
2022-07-23,17,Sista Sommaren,Thomas Stenstrom,18,10,7
2022-07-23,18,Komplicerat,Ant Wan,19,2,8
2022-07-23,19,Lay All Your Love On Me,Zara Larsson,20,14,7
2022-07-23,20,Glimpse Of Us,Joji,17,13,4
2022-07-23,21,Hela Varlden Ar Min,Victor Leksell,23,6,14
2022-07-23,22,Tusen Ganger Om,estraden & Newkid,22,12,8
2022-07-23,23,Never Really Loved Me,Kygo & Dean Lewis,16,16,2
2022-07-23,24,Supa,De Vet Du x Bolaget,-,24,1
2022-07-23,25,Matador,Sarettii,21,2,12
2022-07-30,1,Kan Inte Ga,Bolaget,1,1,8
2022-07-30,2,Bubbel Pa Balkongen,"Elov, Beny, Sofie Svensson & Dom Dar",3,2,4
2022-07-30,3,X,Miss Li,2,2,18
2022-07-30,4,Running Up That Hill (A Deal With God),Kate Bush,4,2,8
2022-07-30,5,As It Was,Harry Styles,5,1,16
2022-07-30,6,Fakka Ur,LOAM X ADAAM,8,1,17
2022-07-30,7,Missforstatt,BELL,7,1,5
2022-07-30,8,Words,Alesso & Zara Larsson,9,5,13
2022-07-30,9,Vi:et I Vinsten,Molly Sanden,10,9,6
2022-07-30,10,Syrener,Olivia Lobato,11,3,13
2022-07-30,11,Babblarnas Vaggvisa,Babblarna,13,5,24
2022-07-30,12,Trap,Asme,-,12,1
2022-07-30,13,Snap,Rosa Linn,-,13,1
2022-07-30,14,Go,Sickan,12,7,3
2022-07-30,15,Lilla Nisse,Einar,14,1,7
2022-07-30,16,Sista Sommaren,Thomas Stenstrom,17,10,8
2022-07-30,17,2step,Ed Sheeran Featuring Lil Baby,16,1,11
2022-07-30,18,Habiba,Ant Wan,6,6,2
2022-07-30,19,Koppla Av,Einar,15,2,7
2022-07-30,20,Supa,De Vet Du x Bolaget,24,20,2
2022-07-30,21,Komplicerat,Ant Wan,18,2,9
2022-07-30,22,Hela Varlden Ar Min,Victor Leksell,21,6,15
2022-07-30,23,Glimpse Of Us,Joji,20,13,5
2022-07-30,24,Lay All Your Love On Me,Zara Larsson,19,14,8
2022-07-30,25,Tusen Ganger Om,estraden & Newkid,22,12,9
2022-08-06,1,Din Lat,Victor Leksell & Einar,-,1,1
2022-08-06,2,Kan Inte Ga,Bolaget,1,1,9
2022-08-06,3,Bubbel Pa Balkongen,"Elov, Beny, Sofie Svensson & Dom Dar",2,2,5
2022-08-06,4,X,Miss Li,3,2,19
2022-08-06,5,Running Up That Hill (A Deal With God),Kate Bush,4,2,9
2022-08-06,6,Doja,Central Cee,-,6,1
2022-08-06,7,As It Was,Harry Styles,5,1,17
2022-08-06,8,Syrener,Olivia Lobato,10,3,14
2022-08-06,9,Fakka Ur,LOAM X ADAAM,6,1,18
2022-08-06,10,Vi:et I Vinsten,Molly Sanden,9,9,7
2022-08-06,11,Words,Alesso & Zara Larsson,8,5,14
2022-08-06,12,Snap,Rosa Linn,13,12,2
2022-08-06,13,Babblarnas Vaggvisa,Babblarna,11,5,25
2022-08-06,14,Missforstatt,BELL,7,1,6
2022-08-06,15,Supa,De Vet Du x Bolaget,20,15,3
2022-08-06,16,Lilla Nisse,Einar,15,1,8
2022-08-06,17,2step,Ed Sheeran Featuring Lil Baby,17,1,12
2022-08-06,18,Koppla Av,Einar,19,2,8
2022-08-06,19,Trap,Asme,12,12,2
2022-08-06,20,Sista Sommaren,Thomas Stenstrom,16,10,9
2022-08-06,21,Hela Varlden Ar Min,Victor Leksell,22,6,16
2022-08-06,22,Go,Sickan,14,7,4
2022-08-06,23,TV,Billie Eilish,-,23,1
2022-08-06,24,Komplicerat,Ant Wan,21,2,10
2022-08-06,25,Glimpse Of Us,Joji,23,13,6
2022-08-13,1,Din Lat,Victor Leksell & Einar,1,1,2
2022-08-13,2,Kan Inte Ga,Bolaget,2,1,10
2022-08-13,3,Bubbel Pa Balkongen,"Elov, Beny, Sofie Svensson & Dom Dar",3,2,6
2022-08-13,4,X,Miss Li,4,2,20
2022-08-13,5,Doja,Central Cee,6,5,2
2022-08-13,6,Running Up That Hill (A Deal With God),Kate Bush,5,2,10
2022-08-13,7,As It Was,Harry Styles,7,1,18
2022-08-13,8,Syrener,Olivia Lobato,8,3,15
2022-08-13,9,Snap,Rosa Linn,12,9,3
2022-08-13,10,Fakka Ur,LOAM X ADAAM,9,1,19
2022-08-13,11,Babblarnas Vaggvisa,Babblarna,13,5,26
2022-08-13,12,Words,Alesso & Zara Larsson,11,5,15
2022-08-13,13,Vi:et I Vinsten,Molly Sanden,10,9,8
2022-08-13,14,Supa,De Vet Du x Bolaget,15,14,4
2022-08-13,15,Banan Melon Kiwi & Citron,Hooja,-,15,1
2022-08-13,16,Missforstatt,BELL,14,1,7
2022-08-13,17,Lilla Nisse,Einar,16,1,9
2022-08-13,18,Sista Sommaren,Thomas Stenstrom,20,10,10
2022-08-13,19,2 Die 4,Tove Lo,-,19,1
2022-08-13,20,2step,Ed Sheeran Featuring Lil Baby,17,1,13
2022-08-13,21,Koppla Av,Einar,18,2,9
2022-08-13,22,Livet Pa En Pinne,Hooja,-,22,1
2022-08-13,23,Trap,Asme,19,12,3
2022-08-13,24,Komplicerat,Ant Wan,24,2,11
2022-08-13,25,Grammis,VC Barre,-,25,1
2022-08-20,1,Din Lat,Victor Leksell & Einar,1,1,3
2022-08-20,2,Kan Inte Ga,Bolaget,2,1,11
2022-08-20,3,Zuttlukten,diZzy & Manny Flaco,-,3,1
2022-08-20,4,Bubbel Pa Balkongen,"Elov, Beny, Sofie Svensson & Dom Dar",3,2,7
2022-08-20,5,Dirty,Asme & Owen,-,5,1
2022-08-20,6,X,Miss Li,4,2,21
2022-08-20,7,Banan Melon Kiwi & Citron,Hooja,15,7,2
2022-08-20,8,Fakka Ur,LOAM X ADAAM,10,1,20
2022-08-20,9,Doja,Central Cee,5,5,3
2022-08-20,10,Snap,Rosa Linn,9,9,4
2022-08-20,11,Babblarnas Vaggvisa,Babblarna,11,5,27
2022-08-20,12,As It Was,Harry Styles,7,1,19
2022-08-20,13,Running Up That Hill (A Deal With God),Kate Bush,6,2,11
2022-08-20,14,Livet Pa En Pinne,Hooja,22,14,2
2022-08-20,15,Syrener,Olivia Lobato,8,3,16
2022-08-20,16,Words,Alesso & Zara Larsson,12,5,16
2022-08-20,17,2step,Ed Sheeran Featuring Lil Baby,20,1,14
2022-08-20,18,Supa,De Vet Du x Bolaget,14,14,5
2022-08-20,19,Vi:et I Vinsten,Molly Sanden,13,9,9
2022-08-20,20,Lilla Nisse,Einar,17,1,10
2022-08-20,21,Shivers,Ed Sheeran,-,8,14
2022-08-20,22,Missforstatt,BELL,16,1,8
2022-08-20,23,Sista Sommaren,Thomas Stenstrom,18,10,11
2022-08-20,24,Koppla Av,Einar,21,2,10
2022-08-20,25,2 Die 4,Tove Lo,19,19,2
2022-08-27,1,Din Lat,Victor Leksell & Einar,1,1,4
2022-08-27,2,Kan Inte Ga,Bolaget,2,1,12
2022-08-27,3,Zuttlukten,diZzy & Manny Flaco,3,3,2
2022-08-27,4,Bubbel Pa Balkongen,"Elov, Beny, Sofie Svensson & Dom Dar",4,2,8
2022-08-27,5,Dirty,Asme & Owen,5,5,2
2022-08-27,6,Banan Melon Kiwi & Citron,Hooja,7,6,3
2022-08-27,7,X,Miss Li,6,2,22
2022-08-27,8,Snap,Rosa Linn,10,8,5
2022-08-27,9,Livet Pa En Pinne,Hooja,14,9,3
2022-08-27,10,Babblarnas Vaggvisa,Babblarna,11,5,28
2022-08-27,11,Doja,Central Cee,9,5,4
2022-08-27,12,Fakka Ur,LOAM X ADAAM,8,1,21
2022-08-27,13,As It Was,Harry Styles,12,1,20
2022-08-27,14,2step,Ed Sheeran Featuring Lil Baby,17,1,15
2022-08-27,15,Words,Alesso & Zara Larsson,16,5,17
2022-08-27,16,Syrener,Olivia Lobato,15,3,17
2022-08-27,17,Running Up That Hill (A Deal With God),Kate Bush,13,2,12
2022-08-27,18,Supa,De Vet Du x Bolaget,18,14,6
2022-08-27,19,Vi:et I Vinsten,Molly Sanden,19,9,10
2022-08-27,20,2 Die 4,Tove Lo,25,19,3
2022-08-27,21,Shivers,Ed Sheeran,21,8,15
2022-08-27,22,Lilla Nisse,Einar,20,1,11
2022-08-27,23,Sista Sommaren,Thomas Stenstrom,23,10,12
2022-08-27,24,Missforstatt,BELL,22,1,9
2022-08-27,25,Donkey Kong,Hooja,-,25,1
2022-09-03,1,Din Lat,Victor Leksell & Einar,1,1,5
2022-09-03,2,Kan Inte Ga,Bolaget,2,1,13
2022-09-03,3,Zuttlukten,diZzy & Manny Flaco,3,3,3
2022-09-03,4,Bastis Festis,Lov1,-,4,1
2022-09-03,5,Banan Melon Kiwi & Citron,Hooja,6,5,4
2022-09-03,6,Bubbel Pa Balkongen,"Elov, Beny, Sofie Svensson & Dom Dar",4,2,9
2022-09-03,7,Dirty,Asme & Owen,5,5,3
2022-09-03,8,X,Miss Li,7,2,23
2022-09-03,9,Livet Pa En Pinne,Hooja,9,9,4
2022-09-03,10,Snap,Rosa Linn,8,8,6
2022-09-03,11,Babblarnas Vaggvisa,Babblarna,10,5,29
2022-09-03,12,Xatar,23,-,12,1
2022-09-03,13,Som Ett Minne Blott,Norlie & KKV / Benjamin Ingrosso,-,13,1
2022-09-03,14,Words,Alesso & Zara Larsson,15,5,18
2022-09-03,15,As It Was,Harry Styles,13,1,21
2022-09-03,16,Fakka Ur,LOAM X ADAAM,12,1,22
2022-09-03,17,Doja,Central Cee,11,5,5
2022-09-03,18,Syrener,Olivia Lobato,16,3,18
2022-09-03,19,2step,Ed Sheeran Featuring Lil Baby,14,1,16
2022-09-03,20,Running Up That Hill (A Deal With God),Kate Bush,17,2,13
2022-09-03,21,Supa,De Vet Du x Bolaget,18,14,7
2022-09-03,22,Last Last,Burna Boy,-,22,1
2022-09-03,23,Donkey Kong,Hooja,25,23,2
2022-09-03,24,Det Kommer Aldrig Va Over For,Hakan Hellstrom,-,24,1
2022-09-03,25,Pengamotiv,Sickan,-,25,1
2022-09-10,1,Din Lat,Victor Leksell & Einar,1,1,6
2022-09-10,2,Kan Inte Ga,Bolaget,2,1,14
2022-09-10,3,Zuttlukten,diZzy & Manny Flaco,3,3,4
2022-09-10,4,Free Smoke,Hov1,-,4,1
2022-09-10,5,Banan Melon Kiwi & Citron,Hooja,5,5,5
2022-09-10,6,I'm Good (Blue),David Guetta & Bebe Rexha,-,6,1
2022-09-10,7,Sodermalm,ADAAM,-,7,1
2022-09-10,8,Bubbel Pa Balkongen,"Elov, Beny, Sofie Svensson & Dom Dar",6,2,10
2022-09-10,9,Dirty,Asme & Owen,7,5,4
2022-09-10,10,Livet Pa En Pinne,Hooja,9,9,5
2022-09-10,11,X,Miss Li,8,2,24
2022-09-10,12,Snap,Rosa Linn,10,8,7
2022-09-10,13,Babblarnas Vaggvisa,Babblarna,11,5,30
2022-09-10,14,Bastis Festis,Lov1,4,4,2
2022-09-10,15,Fakka Ur,LOAM X ADAAM,16,1,23
2022-09-10,16,As It Was,Harry Styles,15,1,22
2022-09-10,17,Mary On A Cross,Ghost,-,17,1
2022-09-10,18,Missforstatt,BELL,-,1,10
2022-09-10,19,Words,Alesso & Zara Larsson,14,5,19
2022-09-10,20,Xatar,23,12,12,2
2022-09-10,21,Syrener,Olivia Lobato,18,3,19
2022-09-10,22,Doja,Central Cee,17,5,6
2022-09-10,23,Hold Me Closer,Elton John & Britney Spears,-,23,1
2022-09-10,24,Donkey Kong,Hooja,23,23,3
2022-09-10,25,Another Love,Tom Odell,-,25,1
2022-09-17,1,Din Lat,Victor Leksell & Einar,1,1,7
2022-09-17,2,I'm Good (Blue),David Guetta & Bebe Rexha,6,2,2
2022-09-17,3,Loyal,Ant Wan,-,3,1
2022-09-17,4,Kan Inte Ga,Bolaget,2,1,15
2022-09-17,5,Zuttlukten,diZzy & Manny Flaco,3,3,5
2022-09-17,6,Banan Melon Kiwi & Citron,Hooja,5,5,6
2022-09-17,7,Sodermalm,ADAAM,7,7,2
2022-09-17,8,En,Ant Wan,-,8,1
2022-09-17,9,Free Smoke,Hov1,4,4,2
2022-09-17,10,Bubbel Pa Balkongen,"Elov, Beny, Sofie Svensson & Dom Dar",8,2,11
2022-09-17,11,Livet Pa En Pinne,Hooja,10,9,6
2022-09-17,12,Snap,Rosa Linn,12,8,8
2022-09-17,13,Dirty,Asme & Owen,9,5,5
2022-09-17,14,Babblarnas Vaggvisa,Babblarna,13,5,31
2022-09-17,15,X,Miss Li,11,2,25
2022-09-17,16,Bastis Festis,Lov1,14,4,3
2022-09-17,17,Hennessy,Ant Wan,-,17,1
2022-09-17,18,Fakka Ur,LOAM X ADAAM,15,1,24
2022-09-17,19,Komplicerat,Ant Wan,-,2,12
2022-09-17,20,As It Was,Harry Styles,16,1,23
2022-09-17,21,Words,Alesso & Zara Larsson,19,5,20
2022-09-17,22,Testa,Ant Wan,-,22,1
2022-09-17,23,Dexter,Ant Wan,-,23,1
2022-09-17,24,Med Dig,Ant Wan,-,24,1
2022-09-17,25,Rid Mig Som En Dalahast,Rasmus Gozzi X FROKEN SNUSK,-,25,1
2022-09-24,1,Din Lat,Victor Leksell & Einar,1,1,8
2022-09-24,2,I'm Good (Blue),David Guetta & Bebe Rexha,2,2,3
2022-09-24,3,Mer & Mer,Hooja,-,3,1
2022-09-24,4,SEVILLA,Thrife,-,4,1
2022-09-24,5,Kan Inte Ga,Bolaget,4,1,16
2022-09-24,6,Loyal,Ant Wan,3,3,2
2022-09-24,7,Banan Melon Kiwi & Citron,Hooja,6,5,7
2022-09-24,8,Sodermalm,ADAAM,7,7,3
2022-09-24,9,Zuttlukten,diZzy & Manny Flaco,5,3,6
2022-09-24,10,Livet Pa En Pinne,Hooja,11,9,7
2022-09-24,11,Bubbel Pa Balkongen,"Elov, Beny, Sofie Svensson & Dom Dar",10,2,12
2022-09-24,12,Rid Mig Som En Dalahast,Rasmus Gozzi X FROKEN SNUSK,25,12,2
2022-09-24,13,Aktiverad,Alawee,-,13,1
2022-09-24,14,En Chans,23 & C.Gambino,-,14,1
2022-09-24,15,Babblarnas Vaggvisa,Babblarna,14,5,32
2022-09-24,16,Free Smoke,Hov1,9,4,3
2022-09-24,17,Snap,Rosa Linn,12,8,9
2022-09-24,18,X,Miss Li,15,2,26
2022-09-24,19,Dirty,Asme & Owen,13,5,6
2022-09-24,20,Catfish,23 & VC Barre,-,20,1
2022-09-24,21,Fakka Ur,LOAM X ADAAM,18,1,25
2022-09-24,22,Another Love,Tom Odell,-,22,2
2022-09-24,23,Donkey Kong,Hooja,-,23,4
2022-09-24,24,En,Ant Wan,8,8,2
2022-09-24,25,As It Was,Harry Styles,20,1,24
2022-10-01,1,SEVILLA,Thrife,4,1,2
2022-10-01,2,I'm Good (Blue),David Guetta & Bebe Rexha,2,2,4
2022-10-01,3,Din Lat,Victor Leksell & Einar,1,1,9
2022-10-01,4,Mer & Mer,Hooja,3,3,2
2022-10-01,5,Kan Inte Ga,Bolaget,5,1,17
2022-10-01,6,Banan Melon Kiwi & Citron,Hooja,7,5,8
2022-10-01,7,Sodermalm,ADAAM,8,7,4
2022-10-01,8,Aktiverad,Alawee,13,8,2
2022-10-01,9,Zuttlukten,diZzy & Manny Flaco,9,3,7
2022-10-01,10,Loyal,Ant Wan,6,3,3
2022-10-01,11,Rid Mig Som En Dalahast,Rasmus Gozzi X FROKEN SNUSK,12,11,3
2022-10-01,12,Bubbel Pa Balkongen,"Elov, Beny, Sofie Svensson & Dom Dar",11,2,13
2022-10-01,13,Livet Pa En Pinne,Hooja,10,9,8
2022-10-01,14,Babblarnas Vaggvisa,Babblarna,15,5,33
2022-10-01,15,X,Miss Li,18,2,27
2022-10-01,16,Bloder Fran Sjalen,Sebastian Stakset & 23,-,16,1
2022-10-01,17,Snap,Rosa Linn,17,8,10
2022-10-01,18,Devilish,VC Barre,-,18,1
2022-10-01,19,Another Love,Tom Odell,22,19,3
2022-10-01,20,Catfish,23 & VC Barre,20,20,2
2022-10-01,21,Dirty,Asme & Owen,19,5,7
2022-10-01,22,Fakka Ur,LOAM X ADAAM,21,1,26
2022-10-01,23,En Chans,23 & C.Gambino,14,14,2
2022-10-01,24,Free Smoke,Hov1,16,4,4
2022-10-01,25,As It Was,Harry Styles,25,1,25
2022-10-08,1,I'm Good (Blue),David Guetta & Bebe Rexha,2,1,5
2022-10-08,2,Din Lat,Victor Leksell & Einar,3,1,10
2022-10-08,3,SEVILLA,Thrife,1,1,3
2022-10-08,4,Kan Inte Ga,Bolaget,5,1,18
2022-10-08,5,Mer & Mer,Hooja,4,3,3
2022-10-08,6,Unholy,Sam Smith & Kim Petras,-,6,1
2022-10-08,7,Banan Melon Kiwi & Citron,Hooja,6,5,9
2022-10-08,8,Aktiverad,Alawee,8,8,3
2022-10-08,9,Sodermalm,ADAAM,7,7,5
2022-10-08,10,F*cked Up!,LOAM,-,10,1
2022-10-08,11,Zuttlukten,diZzy & Manny Flaco,9,3,8
2022-10-08,12,Rid Mig Som En Dalahast,Rasmus Gozzi X FROKEN SNUSK,11,11,4
2022-10-08,13,Loyal,Ant Wan,10,3,4
2022-10-08,14,Bubbel Pa Balkongen,"Elov, Beny, Sofie Svensson & Dom Dar",12,2,14
2022-10-08,15,Babblarnas Vaggvisa,Babblarna,14,5,34
2022-10-08,16,Livet Pa En Pinne,Hooja,13,9,9
2022-10-08,17,Another Love,Tom Odell,19,17,4
2022-10-08,18,X,Miss Li,15,2,28
2022-10-08,19,Snap,Rosa Linn,17,8,11
2022-10-08,20,Hjertelos,El Papi,-,20,1
2022-10-08,21,Dirty,Asme & Owen,21,5,8
2022-10-08,22,Catfish,23 & VC Barre,20,20,3
2022-10-08,23,Fakka Ur,LOAM X ADAAM,22,1,27
2022-10-08,24,How Do I Say Goodbye,Dean Lewis,-,24,1
2022-10-08,25,As It Was,Harry Styles,25,1,26
2022-10-15,1,I'm Good (Blue),David Guetta & Bebe Rexha,1,1,6
2022-10-15,2,Din Lat,Victor Leksell & Einar,2,1,11
2022-10-15,3,Kan Inte Ga,Bolaget,4,1,19
2022-10-15,4,Unholy,Sam Smith & Kim Petras,6,4,2
2022-10-15,5,SEVILLA,Thrife,3,1,4
2022-10-15,6,Banan Melon Kiwi & Citron,Hooja,7,5,10
2022-10-15,7,Mer & Mer,Hooja,5,3,4
2022-10-15,8,Tappat,A36,-,8,1
2022-10-15,9,Rid Mig Som En Dalahast,Rasmus Gozzi X FROKEN SNUSK,12,9,5
2022-10-15,10,Aktiverad,Alawee,8,8,4
2022-10-15,11,Sodermalm,ADAAM,9,7,6
2022-10-15,12,Zuttlukten,diZzy & Manny Flaco,11,3,9
2022-10-15,13,F*cked Up!,LOAM,10,10,2
2022-10-15,14,Babblarnas Vaggvisa,Babblarna,15,5,35
2022-10-15,15,Loyal,Ant Wan,13,3,5
2022-10-15,16,Chit Chat,Denz & Youzie,-,16,1
2022-10-15,17,Bubbel Pa Balkongen,"Elov, Beny, Sofie Svensson & Dom Dar",14,2,15
2022-10-15,18,Another Love,Tom Odell,17,17,5
2022-10-15,19,Livet Pa En Pinne,Hooja,16,9,10
2022-10-15,20,Hjertelos,El Papi,20,20,2
2022-10-15,21,How Do I Say Goodbye,Dean Lewis,24,21,2
2022-10-15,22,Snap,Rosa Linn,19,8,12
2022-10-15,23,Dirty,Asme & Owen,21,5,9
2022-10-15,24,X,Miss Li,18,2,29
2022-10-15,25,As It Was,Harry Styles,25,1,27
2022-10-22,1,I'm Good (Blue),David Guetta & Bebe Rexha,1,1,7
2022-10-22,2,Din Lat,Victor Leksell & Einar,2,1,12
2022-10-22,3,Kan Inte Ga,Bolaget,3,1,20
2022-10-22,4,Unholy,Sam Smith & Kim Petras,4,4,3
2022-10-22,5,Banan Melon Kiwi & Citron,Hooja,6,5,11
2022-10-22,6,SEVILLA,Thrife,5,1,5
2022-10-22,7,Chit Chat,Denz & Youzie,16,7,2
2022-10-22,8,Rid Mig Som En Dalahast,Rasmus Gozzi X FROKEN SNUSK,9,8,6
2022-10-22,9,Mer & Mer,Hooja,7,3,5
2022-10-22,10,Tappat,A36,8,8,2
2022-10-22,11,Aktiverad,Alawee,10,8,5
2022-10-22,12,Zuttlukten,diZzy & Manny Flaco,12,3,10
2022-10-22,13,Hjertelos,El Papi,20,13,3
2022-10-22,14,Sodermalm,ADAAM,11,7,7
2022-10-22,15,Babblarnas Vaggvisa,Babblarna,14,5,36
2022-10-22,16,Loyal,Ant Wan,15,3,6
2022-10-22,17,Bubbel Pa Balkongen,"Elov, Beny, Sofie Svensson & Dom Dar",17,2,16
2022-10-22,18,Another Love,Tom Odell,18,17,6
2022-10-22,19,F*cked Up!,LOAM,13,10,3
2022-10-22,20,How Do I Say Goodbye,Dean Lewis,21,20,3
2022-10-22,21,Livet Pa En Pinne,Hooja,19,9,11
2022-10-22,22,Snap,Rosa Linn,22,8,13
2022-10-22,23,X,Miss Li,24,2,30
2022-10-22,24,Dirty,Asme & Owen,23,5,10
2022-10-22,25,As It Was,Harry Styles,25,1,28
2022-10-29,1,Dum,Ant Wan,-,1,1
2022-10-29,2,I'm Good (Blue),David Guetta & Bebe Rexha,1,1,8
2022-10-29,3,Nat I Vattnet,Hov1,-,3,1
2022-10-29,4,Sodermalm,ADAAM,14,4,8
2022-10-29,5,Din Lat,Victor Leksell & Einar,2,1,13
2022-10-29,6,Kan Inte Ga,Bolaget,3,1,21
2022-10-29,7,Unholy,Sam Smith & Kim Petras,4,4,4
2022-10-29,8,Banan Melon Kiwi & Citron,Hooja,5,5,12
2022-10-29,9,Rid Mig Som En Dalahast,Rasmus Gozzi X FROKEN SNUSK,8,8,7
2022-10-29,10,Chit Chat,Denz & Youzie,7,7,3
2022-10-29,11,Mer & Mer,Hooja,9,3,6
2022-10-29,12,SEVILLA,Thrife,6,1,6
2022-10-29,13,Tappat,A36,10,8,3
2022-10-29,14,Hjertelos,El Papi,13,13,4
2022-10-29,15,Babblarnas Vaggvisa,Babblarna,15,5,37
2022-10-29,16,Aktiverad,Alawee,11,8,6
2022-10-29,17,Loyal,Ant Wan,16,3,7
2022-10-29,18,Another Love,Tom Odell,18,17,7
2022-10-29,19,Zuttlukten,diZzy & Manny Flaco,12,3,11
2022-10-29,20,Karlek,Ant Wan,-,20,1
2022-10-29,21,Miss You,Oliver Tree & Robin Schulz,-,21,1
2022-10-29,22,Bubbel Pa Balkongen,"Elov, Beny, Sofie Svensson & Dom Dar",17,2,17
2022-10-29,23,How Do I Say Goodbye,Dean Lewis,20,20,4
2022-10-29,24,Snap,Rosa Linn,22,8,14
2022-10-29,25,F*cked Up!,LOAM,19,10,4
2022-11-05,1,I'm Good (Blue),David Guetta & Bebe Rexha,2,1,9
2022-11-05,2,Dum,Ant Wan,1,1,2
2022-11-05,3,Anti-Hero,Taylor Swift,-,3,1
2022-11-05,4,Din Lat,Victor Leksell & Einar,5,1,14
2022-11-05,5,Kan Inte Ga,Bolaget,6,1,22
2022-11-05,6,Rid Mig Som En Dalahast,Rasmus Gozzi X FROKEN SNUSK,9,6,8
2022-11-05,7,Unholy,Sam Smith & Kim Petras,7,4,5
2022-11-05,8,Banan Melon Kiwi & Citron,Hooja,8,5,13
2022-11-05,9,Nat I Vattnet,Hov1,3,3,2
2022-11-05,10,Ingen Annan Ror Mig Som Du,Molly Hammar,-,10,1
2022-11-05,11,Sodermalm,ADAAM,4,4,9
2022-11-05,12,Mer & Mer,Hooja,11,3,7
2022-11-05,13,Chit Chat,Denz & Youzie,10,7,4
2022-11-05,14,Babblarnas Vaggvisa,Babblarna,15,5,38
2022-11-05,15,Hjertelos,El Papi,14,13,5
2022-11-05,16,SEVILLA,Thrife,12,1,7
2022-11-05,17,Tappat,A36,13,8,4
2022-11-05,18,How Do I Say Goodbye,Dean Lewis,23,18,5
2022-11-05,19,Snow On The Beach,Taylor Swift Featuring Lana Del Rey,-,19,1
2022-11-05,20,Aktiverad,Alawee,16,8,7
2022-11-05,21,Another Love,Tom Odell,18,17,8
2022-11-05,22,Lavender Haze,Taylor Swift,-,22,1
2022-11-05,23,Miss You,Oliver Tree & Robin Schulz,21,21,2
2022-11-05,24,Zuttlukten,diZzy & Manny Flaco,19,3,12
2022-11-05,25,Bubbel Pa Balkongen,"Elov, Beny, Sofie Svensson & Dom Dar",22,2,18
2022-11-12,1,Ingen Annan Ror Mig Som Du,Molly Hammar,10,1,2
2022-11-12,2,I'm Good (Blue),David Guetta & Bebe Rexha,1,1,10
2022-11-12,3,Kan Inte Ga,Bolaget,5,1,23
2022-11-12,4,Anti-Hero,Taylor Swift,3,3,2
2022-11-12,5,Din Lat,Victor Leksell & Einar,4,1,15
2022-11-12,6,Banan Melon Kiwi & Citron,Hooja,8,5,14
2022-11-12,7,Dum,Ant Wan,2,1,3
2022-11-12,8,Rid Mig Som En Dalahast,Rasmus Gozzi X FROKEN SNUSK,6,6,9
2022-11-12,9,Unholy,Sam Smith & Kim Petras,7,4,6
2022-11-12,10,Nar Radion Danar,Hooja,-,10,1
2022-11-12,11,Lift Me Up,Rihanna,-,11,1
2022-11-12,12,Ensam,LOAM Featuring estraden,-,12,1
2022-11-12,13,Mer & Mer,Hooja,12,3,8
2022-11-12,14,Halsa Gud,Miss Li,-,14,1
2022-11-12,15,Mamma,Albin Lee Meldau,-,15,1
2022-11-12,16,TOUTOU,Haval & Manny Flaco,-,16,1
2022-11-12,17,Cheva Pa Fredag,Elov & Beny,-,17,1
2022-11-12,18,En San Som Han,Norlie & KKV,-,18,1
2022-11-12,19,Sodermalm,ADAAM,11,4,10
2022-11-12,20,How Do I Say Goodbye,Dean Lewis,18,18,6
2022-11-12,21,Nat I Vattnet,Hov1,9,3,3
2022-11-12,22,Babblarnas Vaggvisa,Babblarna,14,5,39
2022-11-12,23,Bubbel Pa Balkongen,"Elov, Beny, Sofie Svensson & Dom Dar",25,2,19
2022-11-12,24,Hjertelos,El Papi,15,13,6
2022-11-12,25,Chit Chat,Denz & Youzie,13,7,5
2022-11-19,1,Ingen Annan Ror Mig Som Du,Molly Hammar,1,1,3
2022-11-19,2,Day One,Einar,-,2,1
2022-11-19,3,I'm Good (Blue),David Guetta & Bebe Rexha,2,1,11
2022-11-19,4,Kan Inte Ga,Bolaget,3,1,24
2022-11-19,5,Din Lat,Victor Leksell & Einar,5,1,16
2022-11-19,6,Anti-Hero,Taylor Swift,4,3,3
2022-11-19,7,Dum,Ant Wan,7,1,4
2022-11-19,8,Banan Melon Kiwi & Citron,Hooja,6,5,15
2022-11-19,9,Halsa Gud,Miss Li,14,9,2
2022-11-19,10,Rid Mig Som En Dalahast,Rasmus Gozzi X FROKEN SNUSK,8,6,10
2022-11-19,11,Ensam,LOAM Featuring estraden,12,11,2
2022-11-19,12,Unholy,Sam Smith & Kim Petras,9,4,7
2022-11-19,13,Babblarnas Vaggvisa,Babblarna,22,5,40
2022-11-19,14,Mer & Mer,Hooja,13,3,9
2022-11-19,15,Mamma,Albin Lee Meldau,15,15,2
2022-11-19,16,Lift Me Up,Rihanna,11,11,2
2022-11-19,17,Rich Flex,Drake & 21 Savage,-,17,1
2022-11-19,18,TOUTOU,Haval & Manny Flaco,16,16,2
2022-11-19,19,En San Som Han,Norlie & KKV,18,18,2
2022-11-19,20,Cara Mia,Norlie & KKV,-,20,1
2022-11-19,21,Cheva Pa Fredag,Elov & Beny,17,17,2
2022-11-19,22,How Do I Say Goodbye,Dean Lewis,20,18,7
2022-11-19,23,Josefin,Albin Lee Meldau,-,23,1
2022-11-19,24,Nar Radion Danar,Hooja,10,10,2
2022-11-19,25,Another Love,Tom Odell,-,17,9
2022-11-26,1,Ingen Annan Ror Mig Som Du,Molly Hammar,1,1,4
2022-11-26,2,Day One,Einar,2,2,2
2022-11-26,3,I'm Good (Blue),David Guetta & Bebe Rexha,3,1,12
2022-11-26,4,Rid Mig Som En Dalahast,Rasmus Gozzi X FROKEN SNUSK,10,4,11
2022-11-26,5,Halsa Gud,Miss Li,9,5,3
2022-11-26,6,Kan Inte Ga,Bolaget,4,1,25
2022-11-26,7,Din Lat,Victor Leksell & Einar,5,1,17
2022-11-26,8,Anti-Hero,Taylor Swift,6,3,4
2022-11-26,9,Rymden Och Tillbaks,Norlie & KKV Med Victor Leksell,-,9,1
2022-11-26,10,Banan Melon Kiwi & Citron,Hooja,8,5,16
2022-11-26,11,Dum,Ant Wan,7,1,5
2022-11-26,12,Ensam,LOAM Featuring estraden,11,11,3
2022-11-26,13,Unholy,Sam Smith & Kim Petras,12,4,8
2022-11-26,14,Harragas,diZzy & Manny Flaco,-,14,1
2022-11-26,15,Babblarnas Vaggvisa,Babblarna,13,5,41
2022-11-26,16,Josefin,Albin Lee Meldau,23,16,2
2022-11-26,17,Mamma,Albin Lee Meldau,15,15,3
2022-11-26,18,Mer & Mer,Hooja,14,3,10
2022-11-26,19,Another Love,Tom Odell,25,17,10
2022-11-26,20,Lift Me Up,Rihanna,16,11,3
2022-11-26,21,Mockingbird,Eminem,-,21,1
2022-11-26,22,How Do I Say Goodbye,Dean Lewis,22,18,8
2022-11-26,23,Anxious Angel,Johnossi,-,23,1
2022-11-26,24,Bubbel Pa Balkongen,"Elov, Beny, Sofie Svensson & Dom Dar",-,2,20
2022-11-26,25,What's The Point,Darin,-,25,1
2022-12-03,1,Rid Mig Som En Dalahast,Rasmus Gozzi X FROKEN SNUSK,4,1,12
2022-12-03,2,Ingen Annan Ror Mig Som Du,Molly Hammar,1,1,5
2022-12-03,3,All I Want For Christmas Is You,Mariah Carey,-,3,1
2022-12-03,4,I'm Good (Blue),David Guetta & Bebe Rexha,3,1,13
2022-12-03,5,Last Christmas,Wham!,-,5,1
2022-12-03,6,Halsa Gud,Miss Li,5,5,4
2022-12-03,7,Kan Inte Ga,Bolaget,6,1,26
2022-12-03,8,What's The Point,Darin,25,8,2
2022-12-03,9,Din Lat,Victor Leksell & Einar,7,1,18
2022-12-03,10,Day One,Einar,2,2,3
2022-12-03,11,Anti-Hero,Taylor Swift,8,3,5
2022-12-03,12,Banan Melon Kiwi & Citron,Hooja,10,5,17
2022-12-03,13,Dum,Ant Wan,11,1,6
2022-12-03,14,Rymden Och Tillbaks,Norlie & KKV Med Victor Leksell,9,9,2
2022-12-03,15,Babblarnas Vaggvisa,Babblarna,15,5,42
2022-12-03,16,Ensam,LOAM Featuring estraden,12,11,4
2022-12-03,17,Schack,23,-,17,1
2022-12-03,18,Regnar Och Regnar,Molly Hammar,-,18,1
2022-12-03,19,Mockingbird,Eminem,21,19,2
2022-12-03,20,It's Beginning To Look A Lot Like Christmas,Michael Buble,-,20,1
2022-12-03,21,Another Love,Tom Odell,19,17,11
2022-12-03,22,Unholy,Sam Smith & Kim Petras,13,4,9
2022-12-03,23,Anxious Angel,Johnossi,23,23,2
2022-12-03,24,Josefin,Albin Lee Meldau,16,16,3
2022-12-03,25,Rockin' Around The Christmas Tree,Brenda Lee,-,25,1
2022-12-10,1,All I Want For Christmas Is You,Mariah Carey,3,1,2
2022-12-10,2,Last Christmas,Wham!,5,2,2
2022-12-10,3,Rid Mig Som En Dalahast,Rasmus Gozzi X FROKEN SNUSK,1,1,13
2022-12-10,4,It's Beginning To Look A Lot Like Christmas,Michael Buble,20,4,2
2022-12-10,5,Kan Inte Ga,Bolaget,7,1,27
2022-12-10,6,Feliz Navidad,Jose Feliciano,-,6,1
2022-12-10,7,Ingen Annan Ror Mig Som Du,Molly Hammar,2,1,6
2022-12-10,8,Halsa Gud,Miss Li,6,5,5
2022-12-10,9,I'm Good (Blue),David Guetta & Bebe Rexha,4,1,14
2022-12-10,10,Ser Du Manen Dar Du Ar Ikvall? (Tillsammans Igen),Thomas Stenstrom,-,10,1
2022-12-10,11,Tand Ett Ljus,Triad,-,11,1
2022-12-10,12,Rockin' Around The Christmas Tree,Brenda Lee,25,12,2
2022-12-10,13,Nanting I Luften,Yasin,-,13,1
2022-12-10,14,Din Lat,Victor Leksell & Einar,9,1,19
2022-12-10,15,Jingle Bell Rock,Bobby Helms,-,15,1
2022-12-10,16,Valkommen Hem,E.M.D.,-,16,1
2022-12-10,17,Anti-Hero,Taylor Swift,11,3,6
2022-12-10,18,Banan Melon Kiwi & Citron,Hooja,12,5,18
2022-12-10,19,Babblarnas Vaggvisa,Babblarna,15,5,43
2022-12-10,20,It's The Most Wonderful Time Of The Year,Andy Williams,-,20,1
2022-12-10,21,Hey Ho,Freddy Kalas,-,21,1
2022-12-10,22,What's The Point,Darin,8,8,3
2022-12-10,23,"Tomten, Jag Vill Ha En Riktig",Tomtenissan & Barnens Jul,-,23,1
2022-12-10,24,Day One,Einar,10,2,4
2022-12-10,25,Dum,Ant Wan,13,1,7
2022-12-17,1,All I Want For Christmas Is You,Mariah Carey,1,1,3
2022-12-17,2,Last Christmas,Wham!,2,2,3
2022-12-17,3,Rid Mig Som En Dalahast,Rasmus Gozzi X FROKEN SNUSK,3,1,14
2022-12-17,4,Kan Inte Ga,Bolaget,5,1,28
2022-12-17,5,Tand Ett Ljus,Triad,11,5,2
2022-12-17,6,Feliz Navidad,Jose Feliciano,6,6,2
2022-12-17,7,It's Beginning To Look A Lot Like Christmas,Michael Buble,4,4,3
2022-12-17,8,Ser Du Manen Dar Du Ar Ikvall? (Tillsammans Igen),Thomas Stenstrom,10,8,2
2022-12-17,9,Escapism,RAYE Featuring 070 Shake,-,9,1
2022-12-17,10,Din Lat,Victor Leksell & Einar,14,1,20
2022-12-17,11,Rockin' Around The Christmas Tree,Brenda Lee,12,11,3
2022-12-17,12,Valkommen Hem,E.M.D.,16,12,2
2022-12-17,13,I'm Good (Blue),David Guetta & Bebe Rexha,9,1,15
2022-12-17,14,Ingen Annan Ror Mig Som Du,Molly Hammar,7,1,7
2022-12-17,15,It's The Most Wonderful Time Of The Year,Andy Williams,20,15,2
2022-12-17,16,Nanting I Luften,Yasin,13,13,2
2022-12-17,17,Jingle Bell Rock,Bobby Helms,15,15,2
2022-12-17,18,Hey Ho,Freddy Kalas,21,18,2
2022-12-17,19,Halsa Gud,Miss Li,8,5,6
2022-12-17,20,Mer Jul,Adolphson & Falk,-,20,1
2022-12-17,21,Babblarnas Vaggvisa,Babblarna,19,5,44
2022-12-17,22,Julen Ar Har,Tommy Korberg & Sissel Kyrkjebo,-,22,1
2022-12-17,23,"Tomten, Jag Vill Ha En Riktig",Tomtenissan & Barnens Jul,23,23,2
2022-12-17,24,Banan Melon Kiwi & Citron,Hooja,18,5,19
2022-12-17,25,Santa Tell Me,Ariana Grande,-,25,1
2022-12-24,1,All I Want For Christmas Is You,Mariah Carey,1,1,4
2022-12-24,2,Last Christmas,Wham!,2,2,4
2022-12-24,3,It's Beginning To Look A Lot Like Christmas,Michael Buble,7,3,4
2022-12-24,4,Rid Mig Som En Dalahast,Rasmus Gozzi X FROKEN SNUSK,3,1,15
2022-12-24,5,Feliz Navidad,Jose Feliciano,6,5,3
2022-12-24,6,Rockin' Around The Christmas Tree,Brenda Lee,11,6,4
2022-12-24,7,Tand Ett Ljus,Triad,5,5,3
2022-12-24,8,Ser Du Manen Dar Du Ar Ikvall? (Tillsammans Igen),Thomas Stenstrom,8,8,3
2022-12-24,9,Jingle Bell Rock,Bobby Helms,17,9,3
2022-12-24,10,M.O.B,23 & C.Gambino,-,10,1
2022-12-24,11,Escapism,RAYE Featuring 070 Shake,9,9,2
2022-12-24,12,Kan Inte Ga,Bolaget,4,1,29
2022-12-24,13,It's The Most Wonderful Time Of The Year,Andy Williams,15,13,3
2022-12-24,14,Valkommen Hem,E.M.D.,12,12,3
2022-12-24,15,Mer Jul,Adolphson & Falk,20,15,2
2022-12-24,16,Hey Ho,Freddy Kalas,18,16,3
2022-12-24,17,Do They Know It's Christmas?,Band Aid,-,17,1
2022-12-24,18,Santa Tell Me,Ariana Grande,25,18,2
2022-12-24,19,"Tomten, Jag Vill Ha En Riktig",Tomtenissan & Barnens Jul,23,19,3
2022-12-24,20,Julen Ar Har,Tommy Korberg & Sissel Kyrkjebo,22,20,2
2022-12-24,21,I'm Good (Blue),David Guetta & Bebe Rexha,13,1,16
2022-12-24,22,Din Lat,Victor Leksell & Einar,10,1,21
2022-12-24,23,Jag Kommer Hem Igen Till Jul,Peter Joback,-,23,1
2022-12-24,24,Nanting I Luften,Yasin,16,13,3
2022-12-24,25,Driving Home For Christmas,Chris Rea,-,25,1
2022-12-31,1,Last Christmas,Wham!,2,1,5
2022-12-31,2,All I Want For Christmas Is You,Mariah Carey,1,1,5
2022-12-31,3,Rid Mig Som En Dalahast,Rasmus Gozzi X FROKEN SNUSK,4,1,16
2022-12-31,4,It's Beginning To Look A Lot Like Christmas,Michael Buble,3,3,5
2022-12-31,5,Feliz Navidad,Jose Feliciano,5,5,4
2022-12-31,6,Rockin' Around The Christmas Tree,Brenda Lee,6,6,5
2022-12-31,7,Tand Ett Ljus,Triad,7,5,4
2022-12-31,8,Let Go,Central Cee,-,8,1
2022-12-31,9,Jingle Bell Rock,Bobby Helms,9,9,4
2022-12-31,10,Ser Du Manen Dar Du Ar Ikvall? (Tillsammans Igen),Thomas Stenstrom,8,8,4
2022-12-31,11,Valkommen Hem,E.M.D.,14,11,4
2022-12-31,12,It's The Most Wonderful Time Of The Year,Andy Williams,13,12,4
2022-12-31,13,Mer Jul,Adolphson & Falk,15,13,3
2022-12-31,14,Hey Ho,Freddy Kalas,16,14,4
2022-12-31,15,Do They Know It's Christmas?,Band Aid,17,15,2
2022-12-31,16,Escapism,RAYE Featuring 070 Shake,11,9,3
2022-12-31,17,Driving Home For Christmas,Chris Rea,25,17,2
2022-12-31,18,Julen Ar Har,Tommy Korberg & Sissel Kyrkjebo,20,18,3
2022-12-31,19,Santa Tell Me,Ariana Grande,18,18,3
2022-12-31,20,Kan Inte Ga,Bolaget,12,1,30
2022-12-31,21,"Let It Snow, Let It Snow, Let It Snow!",Frank Sinatra With The B. Swanson Quartet / Alex Stordahl,-,21,1
2022-12-31,22,Fairytale Of New York,The Pogues Featuring Kirsty MacColl,-,22,1
2022-12-31,23,Merry Christmas,Ed Sheeran & Elton John,-,23,1
2022-12-31,24,"Tomten, Jag Vill Ha En Riktig",Tomtenissan & Barnens Jul,19,19,4
2022-12-31,25,Happy Xmas (War Is Over),John & Yoko/The Plastic Ono Band With The Harlem Community Choir,-,25,1
2023-01-07,1,Last Christmas,Wham!,1,1,6
2023-01-07,2,All I Want For Christmas Is You,Mariah Carey,2,1,6
2023-01-07,3,Feliz Navidad,Jose Feliciano,5,3,5
2023-01-07,4,It's Beginning To Look A Lot Like Christmas,Michael Buble,4,3,6
2023-01-07,5,Rid Mig Som En Dalahast,Rasmus Gozzi X FROKEN SNUSK,3,1,17
2023-01-07,6,Rockin' Around The Christmas Tree,Brenda Lee,6,6,6
2023-01-07,7,Tand Ett Ljus,Triad,7,5,5
2023-01-07,8,Jingle Bell Rock,Bobby Helms,9,8,5
2023-01-07,9,It's The Most Wonderful Time Of The Year,Andy Williams,12,9,5
2023-01-07,10,Ser Du Manen Dar Du Ar Ikvall? (Tillsammans Igen),Thomas Stenstrom,10,8,5
2023-01-07,11,Valkommen Hem,E.M.D.,11,11,5
2023-01-07,12,Mer Jul,Adolphson & Falk,13,12,4
2023-01-07,13,Driving Home For Christmas,Chris Rea,17,13,3
2023-01-07,14,Julen Ar Har,Tommy Korberg & Sissel Kyrkjebo,18,14,4
2023-01-07,15,Do They Know It's Christmas?,Band Aid,15,15,3
2023-01-07,16,Fairytale Of New York,The Pogues Featuring Kirsty MacColl,22,16,2
2023-01-07,17,Hey Ho,Freddy Kalas,14,14,5
2023-01-07,18,"Let It Snow, Let It Snow, Let It Snow!",Frank Sinatra With The B. Swanson Quartet / Alex Stordahl,21,18,2
2023-01-07,19,Snowman,Sia,-,19,1
2023-01-07,20,Merry Christmas,Ed Sheeran & Elton John,23,20,2
2023-01-07,21,Jag Kommer Hem Igen Till Jul,Peter Joback,-,21,2
2023-01-07,22,"Jul, Jul Stralande Jul",Carola,-,22,1
2023-01-07,23,Let Go,Central Cee,8,8,2
2023-01-07,24,Santa Tell Me,Ariana Grande,19,18,4
2023-01-07,25,Happy Xmas (War Is Over),John & Yoko/The Plastic Ono Band With The Harlem Community Choir,25,25,2
2023-01-14,1,Rid Mig Som En Dalahast,Rasmus Gozzi X FROKEN SNUSK,5,1,18
2023-01-14,2,I'm Good (Blue),David Guetta & Bebe Rexha,-,1,17
2023-01-14,3,Kan Inte Ga,Bolaget,-,1,31
2023-01-14,4,Halsa Gud,Miss Li,-,4,7
2023-01-14,5,Banan Melon Kiwi & Citron,Hooja,-,5,20
2023-01-14,6,Escapism,RAYE Featuring 070 Shake,-,6,4
2023-01-14,7,Dit Alven Gar,Hooja,-,7,1
2023-01-14,8,Let Go,Central Cee,23,8,3
2023-01-14,9,Din Lat,Victor Leksell & Einar,-,1,22
2023-01-14,10,Ingen Annan Ror Mig Som Du,Molly Hammar,-,1,8
2023-01-14,11,Unholy,Sam Smith & Kim Petras,-,4,10
2023-01-14,12,Babblarnas Vaggvisa,Babblarna,-,5,45
2023-01-14,13,Kalash,Haval,-,13,1
2023-01-14,14,Kill Bill,SZA,-,14,1
2023-01-14,15,Creepin',"Metro Boomin , The Weeknd & 21 Savage",-,15,1
2023-01-14,16,Anti-Hero,Taylor Swift,-,3,7
2023-01-14,17,Vandraren,Daniela Rathana,-,17,1
2023-01-14,18,Bubbel Pa Balkongen,"Elov, Beny, Sofie Svensson & Dom Dar",-,2,21
2023-01-14,19,Mer & Mer,Hooja,-,3,11
2023-01-14,20,X,Miss Li,-,2,31
2023-01-14,21,As It Was,Harry Styles,-,1,29
2023-01-14,22,Made You Look,Meghan Trainor,-,22,1
2023-01-14,23,Djurens Vaggvisa,Humlan Djojj,-,23,1
2023-01-14,24,Another Love,Tom Odell,-,17,12
2023-01-14,25,Happy New Year,ABBA,-,25,1
2023-01-21,1,Natterna I Goteborg,Victor Leksell,-,1,1
2023-01-21,2,Rid Mig Som En Dalahast,Rasmus Gozzi X FROKEN SNUSK,1,1,19
2023-01-21,3,I'm Good (Blue),David Guetta & Bebe Rexha,2,1,18
2023-01-21,4,Dreams,23 & C.Gambino,-,4,1
2023-01-21,5,Escapism,RAYE Featuring 070 Shake,6,5,5
2023-01-21,6,Let Go,Central Cee,8,6,4
2023-01-21,7,Halsa Gud,Miss Li,4,4,8
2023-01-21,8,Kan Inte Ga,Bolaget,3,1,32
2023-01-21,9,Dit Alven Gar,Hooja,7,7,2
2023-01-21,10,Kill Bill,SZA,14,10,2
2023-01-21,11,Din Lat,Victor Leksell & Einar,9,1,23
2023-01-21,12,Babblarnas Vaggvisa,Babblarna,12,5,46
2023-01-21,13,Creepin',"Metro Boomin , The Weeknd & 21 Savage",15,13,2
2023-01-21,14,Banan Melon Kiwi & Citron,Hooja,5,5,21
2023-01-21,15,Ingen Annan Ror Mig Som Du,Molly Hammar,10,1,9
2023-01-21,16,Djurens Vaggvisa,Humlan Djojj,23,16,2
2023-01-21,17,Until I Found You,Stephen Sanchez,-,17,1
2023-01-21,18,Anti-Hero,Taylor Swift,16,3,8
2023-01-21,19,Another Love,Tom Odell,24,17,13
2023-01-21,20,Grater Tillsammans Over Varandra,estraden,-,20,1
2023-01-21,21,Vandraren,Daniela Rathana,17,17,2
2023-01-21,22,Kalash,Haval,13,13,2
2023-01-21,23,Bubbel Pa Balkongen,"Elov, Beny, Sofie Svensson & Dom Dar",18,2,22
2023-01-21,24,Flex,ADAAM & Kairo Keyz,-,24,1
2023-01-21,25,Nanting I Luften,Yasin,-,13,4
2023-01-28,1,Flowers,Miley Cyrus,-,1,1
2023-01-28,2,Rid Mig Som En Dalahast,Rasmus Gozzi X FROKEN SNUSK,2,1,20
2023-01-28,3,Natterna I Goteborg,Victor Leksell,1,1,2
2023-01-28,4,Dreams,23 & C.Gambino,4,4,2
2023-01-28,5,Escapism,RAYE Featuring 070 Shake,5,5,6
2023-01-28,6,Kill Bill,SZA,10,6,3
2023-01-28,7,I'm Good (Blue),David Guetta & Bebe Rexha,3,1,19
2023-01-28,8,Creepin',"Metro Boomin , The Weeknd & 21 Savage",13,8,3
2023-01-28,9,Raggarhimlen,Rasmus Gozzi X FROKEN SNUSK,-,9,1
2023-01-28,10,Let Go,Central Cee,6,6,5
2023-01-28,11,Halsa Gud,Miss Li,7,4,9
2023-01-28,12,Kan Inte Ga,Bolaget,8,1,33
2023-01-28,13,Babblarnas Vaggvisa,Babblarna,12,5,47
2023-01-28,14,Dit Alven Gar,Hooja,9,7,3
2023-01-28,15,Din Lat,Victor Leksell & Einar,11,1,24
2023-01-28,16,Banan Melon Kiwi & Citron,Hooja,14,5,22
2023-01-28,17,Nordvastra,Yasin,-,17,1
2023-01-28,18,Anti-Hero,Taylor Swift,18,3,9
2023-01-28,19,Ingen Annan Ror Mig Som Du,Molly Hammar,15,1,10
2023-01-28,20,Vandraren,Daniela Rathana,21,17,3
2023-01-28,21,Another Love,Tom Odell,19,17,14
2023-01-28,22,Djurens Vaggvisa,Humlan Djojj,16,16,3
2023-01-28,23,Nanting I Luften,Yasin,25,13,5
2023-01-28,24,Grater Tillsammans Over Varandra,estraden,20,20,2
2023-01-28,25,Sure Thing,Miguel,-,25,1
2023-02-04,1,Flowers,Miley Cyrus,1,1,2
2023-02-04,2,Rid Mig Som En Dalahast,Rasmus Gozzi X FROKEN SNUSK,2,1,21
2023-02-04,3,Natterna I Goteborg,Victor Leksell,3,1,3
2023-02-04,4,Dreams,23 & C.Gambino,4,4,3
2023-02-04,5,Escapism,RAYE Featuring 070 Shake,5,5,7
2023-02-04,6,Kill Bill,SZA,6,6,4
2023-02-04,7,Du & Jag,Einar,-,7,1
2023-02-04,8,I'm Good (Blue),David Guetta & Bebe Rexha,7,1,20
2023-02-04,9,Halsa Gud,Miss Li,11,4,10
2023-02-04,10,Kan Inte Ga,Bolaget,12,1,34
2023-02-04,11,Creepin',"Metro Boomin , The Weeknd & 21 Savage",8,8,4
2023-02-04,12,Let Go,Central Cee,10,6,6
2023-02-04,13,Dit Alven Gar,Hooja,14,7,4
2023-02-04,14,Babblarnas Vaggvisa,Babblarna,13,5,48
2023-02-04,15,Din Lat,Victor Leksell & Einar,15,1,25
2023-02-04,16,Raggarhimlen,Rasmus Gozzi X FROKEN SNUSK,9,9,2
2023-02-04,17,Banan Melon Kiwi & Citron,Hooja,16,5,23
2023-02-04,18,People,Libianca,-,18,1
2023-02-04,19,Anti-Hero,Taylor Swift,18,3,10
2023-02-04,20,Bubbel Pa Balkongen,"Elov, Beny, Sofie Svensson & Dom Dar",-,2,23
2023-02-04,21,Sure Thing,Miguel,25,21,2
2023-02-04,22,Djurens Vaggvisa,Humlan Djojj,22,16,4
2023-02-04,23,Vandraren,Daniela Rathana,20,17,4
2023-02-04,24,Another Love,Tom Odell,21,17,15
2023-02-04,25,Ingen Annan Ror Mig Som Du,Molly Hammar,19,1,11
2023-02-11,1,Du & Jag,Einar,7,1,2
2023-02-11,2,Flowers,Miley Cyrus,1,1,3
2023-02-11,3,Feeling Myself,23,-,3,1
2023-02-11,4,Rid Mig Som En Dalahast,Rasmus Gozzi X FROKEN SNUSK,2,1,22
2023-02-11,5,Can't Tame Her,Zara Larsson,-,5,1
2023-02-11,6,Trakten Till Epan,"Rasmus Gozzi, FROKEN SNUSK & 1.Cuz",-,6,1
2023-02-11,7,Natterna I Goteborg,Victor Leksell,3,1,4
2023-02-11,8,Dreams,23 & C.Gambino,4,4,4
2023-02-11,9,Halsa Gud,Miss Li,9,4,11
2023-02-11,10,Kan Inte Ga,Bolaget,10,1,35
2023-02-11,11,Kill Bill,SZA,6,6,5
2023-02-11,12,I'm Good (Blue),David Guetta & Bebe Rexha,8,1,21
2023-02-11,13,Escapism,RAYE Featuring 070 Shake,5,5,8
2023-02-11,14,Creepin',"Metro Boomin , The Weeknd & 21 Savage",11,8,5
2023-02-11,15,Din Lat,Victor Leksell & Einar,15,1,26
2023-02-11,16,Banan Melon Kiwi & Citron,Hooja,17,5,24
2023-02-11,17,Forsta Gangen I En EPA,"De Vet Du, Ringnes Ronny & B3nte",-,17,1
2023-02-11,18,Babblarnas Vaggvisa,Babblarna,14,5,49
2023-02-11,19,Let Go,Central Cee,12,6,7
2023-02-11,20,Dit Alven Gar,Hooja,13,7,5
2023-02-11,21,Raggarhimlen,Rasmus Gozzi X FROKEN SNUSK,16,9,3
2023-02-11,22,Vet Hon Om?,Hanna Ferm,-,22,1
2023-02-11,23,Djurens Vaggvisa,Humlan Djojj,22,16,5
2023-02-11,24,Sure Thing,Miguel,21,21,3
2023-02-11,25,Anti-Hero,Taylor Swift,19,3,11
2023-02-18,1,Du & Jag,Einar,1,1,3
2023-02-18,2,Feeling Myself,23,3,2,2
2023-02-18,3,Flowers,Miley Cyrus,2,1,4
2023-02-18,4,Rid Mig Som En Dalahast,Rasmus Gozzi X FROKEN SNUSK,4,1,23
2023-02-18,5,Can't Tame Her,Zara Larsson,5,5,2
2023-02-18,6,Halsa Gud,Miss Li,9,4,12
2023-02-18,7,Trakten Till Epan,"Rasmus Gozzi, FROKEN SNUSK & 1.Cuz",6,6,2
2023-02-18,8,Kan Inte Ga,Bolaget,10,1,36
2023-02-18,9,Natterna I Goteborg,Victor Leksell,7,1,5
2023-02-18,10,Kill Bill,SZA,11,6,6
2023-02-18,11,I'm Good (Blue),David Guetta & Bebe Rexha,12,1,22
2023-02-18,12,Banan Melon Kiwi & Citron,Hooja,16,5,25
2023-02-18,13,Escapism,RAYE Featuring 070 Shake,13,5,9
2023-02-18,14,Creepin',"Metro Boomin , The Weeknd & 21 Savage",14,8,6
2023-02-18,15,Babblarnas Vaggvisa,Babblarna,18,5,50
2023-02-18,16,Din Lat,Victor Leksell & Einar,15,1,27
2023-02-18,17,Forsta Gangen I En EPA,"De Vet Du, Ringnes Ronny & B3nte",17,17,2
2023-02-18,18,Dreams,23 & C.Gambino,8,4,5
2023-02-18,19,Unholy,Sam Smith & Kim Petras,-,4,11
2023-02-18,20,Dit Alven Gar,Hooja,20,7,6
2023-02-18,21,Bubbel Pa Balkongen,"Elov, Beny, Sofie Svensson & Dom Dar",-,2,24
2023-02-18,22,Let Go,Central Cee,19,6,8
2023-02-18,23,Sure Thing,Miguel,24,21,4
2023-02-18,24,Djurens Vaggvisa,Humlan Djojj,23,16,6
2023-02-18,25,Atta Shots,Broiler & ODZ,-,25,1
2023-02-25,1,Feeling Myself,23,2,1,3
2023-02-25,2,Flowers,Miley Cyrus,3,1,5
2023-02-25,3,Du & Jag,Einar,1,1,4
2023-02-25,4,Under Nagon Ny,Bryant / Maggio,-,4,1
2023-02-25,5,Rid Mig Som En Dalahast,Rasmus Gozzi X FROKEN SNUSK,4,1,24
2023-02-25,6,Can't Tame Her,Zara Larsson,5,5,3
2023-02-25,7,Hoodrich,Yasin,-,7,1
2023-02-25,8,Halsa Gud,Miss Li,6,4,13
2023-02-25,9,Kill Bill,SZA,10,6,7
2023-02-25,10,Natterna I Goteborg,Victor Leksell,9,1,6
2023-02-25,11,I'm Good (Blue),David Guetta & Bebe Rexha,11,1,23
2023-02-25,12,Kan Inte Ga,Bolaget,8,1,37
2023-02-25,13,Trakten Till Epan,"Rasmus Gozzi, FROKEN SNUSK & 1.Cuz",7,6,3
2023-02-25,14,Banan Melon Kiwi & Citron,Hooja,12,5,26
2023-02-25,15,Babblarnas Vaggvisa,Babblarna,15,5,51
2023-02-25,16,Escapism,RAYE Featuring 070 Shake,13,5,10
2023-02-25,17,Din Lat,Victor Leksell & Einar,16,1,28
2023-02-25,18,Creepin',"Metro Boomin , The Weeknd & 21 Savage",14,8,7
2023-02-25,19,Raggen Gar,Elov & Beny,-,19,1
2023-02-25,20,Ghetto Psykos (GS),C.Gambino,-,20,1
2023-02-25,21,Mer Av Dig,Theoz,-,21,1
2023-02-25,22,Ikon,Naod,-,22,1
2023-02-25,23,Bubbel Pa Balkongen,"Elov, Beny, Sofie Svensson & Dom Dar",21,2,25
2023-02-25,24,Dreams,23 & C.Gambino,18,4,6
2023-02-25,25,Dit Alven Gar,Hooja,20,7,7
2023-03-04,1,Flowers,Miley Cyrus,2,1,6
2023-03-04,2,Feeling Myself,23,1,1,4
2023-03-04,3,Under Nagon Ny,Bryant / Maggio,4,3,2
2023-03-04,4,Rid Mig Som En Dalahast,Rasmus Gozzi X FROKEN SNUSK,5,1,25
2023-03-04,5,Du & Jag,Einar,3,1,5
2023-03-04,6,Can't Tame Her,Zara Larsson,6,5,4
2023-03-04,7,Vatten & Eld,Markoolio,-,7,1
2023-03-04,8,Halsa Gud,Miss Li,8,4,14
2023-03-04,9,Hoodrich,Yasin,7,7,2
2023-03-04,10,Mer Av Dig,Theoz,21,10,2
2023-03-04,11,"Boy's A Liar, Pt. 2",PinkPantheress & Ice Spice,-,11,1
2023-03-04,12,Frossa,Asme,-,12,1
2023-03-04,13,I Care,23,-,13,1
2023-03-04,14,Kill Bill,SZA,9,6,8
2023-03-04,15,I'm Good (Blue),David Guetta & Bebe Rexha,11,1,24
2023-03-04,16,Trakten Till Epan,"Rasmus Gozzi, FROKEN SNUSK & 1.Cuz",13,6,4
2023-03-04,17,Babblarnas Vaggvisa,Babblarna,15,5,52
2023-03-04,18,Noyy,VC Barre,-,18,1
2023-03-04,19,Natterna I Goteborg,Victor Leksell,10,1,7
2023-03-04,20,Banan Melon Kiwi & Citron,Hooja,14,5,27
2023-03-04,21,Kan Inte Ga,Bolaget,12,1,38
2023-03-04,22,Escapism,RAYE Featuring 070 Shake,16,5,11
2023-03-04,23,Raggen Gar,Elov & Beny,19,19,2
2023-03-04,24,Creepin',"Metro Boomin , The Weeknd & 21 Savage",18,8,8
2023-03-04,25,Din Lat,Victor Leksell & Einar,17,1,29
2023-03-11,1,Tattoo,Loreen,-,1,1
2023-03-11,2,Gata,Ant Wan,-,2,1
2023-03-11,3,Flowers,Miley Cyrus,1,1,7
2023-03-11,4,Rid Mig Som En Dalahast,Rasmus Gozzi X FROKEN SNUSK,4,1,26
2023-03-11,5,Kommer Du Ihag?,Hooja,-,5,1
2023-03-11,6,Six Feet Under,Smash Into Pieces,-,6,1
2023-03-11,7,Under Nagon Ny,Bryant / Maggio,3,3,3
2023-03-11,8,Mer Av Dig,Theoz,10,8,3
2023-03-11,9,Feeling Myself,23,2,1,5
2023-03-11,10,Hoodrich,Yasin,9,7,3
2023-03-11,11,Can't Tame Her,Zara Larsson,6,5,5
2023-03-11,12,Kan Inte Ga,Bolaget,21,1,39
2023-03-11,13,Air,Marcus & Martinus,-,13,1
2023-03-11,14,Die For You,The Weeknd & Ariana Grande,-,14,1
2023-03-11,15,Kurirer,diZzy & Manny Flaco,-,15,1
2023-03-11,16,Du & Jag,Einar,5,1,6
2023-03-11,17,Halsa Gud,Miss Li,8,4,15
2023-03-11,18,"Boy's A Liar, Pt. 2",PinkPantheress & Ice Spice,11,11,2
2023-03-11,19,Where You Are (Savezan),Arc North & Jon Henrik Fjallgren Featuring Adam Woods,-,19,1
2023-03-11,20,Vatten & Eld,Markoolio,7,7,2
2023-03-11,21,Banan Melon Kiwi & Citron,Hooja,20,5,28
2023-03-11,22,Kill Bill,SZA,14,6,9
2023-03-11,23,I'm Good (Blue),David Guetta & Bebe Rexha,15,1,25
2023-03-11,24,Babblarnas Vaggvisa,Babblarna,17,5,53
2023-03-11,25,Den Har Gangen Ar Det Pa Rikti,Hakan Hellstrom,-,25,1
2023-03-18,1,Tattoo,Loreen,1,1,2
2023-03-18,2,Har Dig,Yasin,-,2,1
2023-03-18,3,Six Feet Under,Smash Into Pieces,6,3,2
2023-03-18,4,Mer Av Dig,Theoz,8,4,4
2023-03-18,5,Rid Mig Som En Dalahast,Rasmus Gozzi X FROKEN SNUSK,4,1,27
2023-03-18,6,Flowers,Miley Cyrus,3,1,8
2023-03-18,7,Air,Marcus & Martinus,13,7,2
2023-03-18,8,Kurirer,diZzy & Manny Flaco,15,8,2
2023-03-18,9,Kommer Du Ihag?,Hooja,5,5,2
2023-03-18,10,Die For You,The Weeknd & Ariana Grande,14,10,2
2023-03-18,11,Where You Are (Savezan),Arc North & Jon Henrik Fjallgren Featuring Adam Woods,19,11,2
2023-03-18,12,Feeling Myself,23,9,1,6
2023-03-18,13,Under Nagon Ny,Bryant / Maggio,7,3,4
2023-03-18,14,Slapp Alla Sorger,Nordman,-,14,1
2023-03-18,15,Hoodrich,Yasin,10,7,4
2023-03-18,16,Can't Tame Her,Zara Larsson,11,5,6
2023-03-18,17,Gata,Ant Wan,2,2,2
2023-03-18,18,Kan Inte Ga,Bolaget,12,1,40
2023-03-18,19,Rap Ar Ingen Konst,Yasin,-,19,1
2023-03-18,20,Where Did You Go,Kiana,-,20,1
2023-03-18,21,On My Way,Panetoz,-,21,1
2023-03-18,22,Raggen Gar,Elov & Beny,-,19,3
2023-03-18,23,Halsa Gud,Miss Li,17,4,16
2023-03-18,24,"Boy's A Liar, Pt. 2",PinkPantheress & Ice Spice,18,11,3
2023-03-18,25,Harki,Gaboro,-,25,1
2023-03-25,1,Tattoo,Loreen,1,1,3
2023-03-25,2,Six Feet Under,Smash Into Pieces,3,2,3
2023-03-25,3,Har Dig,Yasin,2,2,2
2023-03-25,4,Air,Marcus & Martinus,7,4,3
2023-03-25,5,Mer Av Dig,Theoz,4,4,5
2023-03-25,6,Where You Are (Savezan),Arc North & Jon Henrik Fjallgren Featuring Adam Woods,11,6,3
2023-03-25,7,G63,C.Gambino,-,7,1
2023-03-25,8,Slapp Alla Sorger,Nordman,14,8,2
2023-03-25,9,Flowers,Miley Cyrus,6,1,9
2023-03-25,10,Kurirer,diZzy & Manny Flaco,8,8,3
2023-03-25,11,On My Way,Panetoz,21,11,2
2023-03-25,12,Where Did You Go,Kiana,20,12,2
2023-03-25,13,Rid Mig Som En Dalahast,Rasmus Gozzi X FROKEN SNUSK,5,1,28
2023-03-25,14,Can't Tame Her,Zara Larsson,16,5,7
2023-03-25,15,Die For You,The Weeknd & Ariana Grande,10,10,3
2023-03-25,16,Kommer Du Ihag?,Hooja,9,5,3
2023-03-25,17,Feeling Myself,23,12,1,7
2023-03-25,18,Never Give Up,Maria Sur,-,18,1
2023-03-25,19,Hoodrich,Yasin,15,7,5
2023-03-25,20,Under Nagon Ny,Bryant / Maggio,13,3,5
2023-03-25,21,Raggen Gar,Elov & Beny,22,19,4
2023-03-25,22,Kan Inte Ga,Bolaget,18,1,41
2023-03-25,23,Halsa Gud,Miss Li,23,4,17
2023-03-25,24,Rhythm Of My Show,Tone Sekelius,-,24,1
2023-03-25,25,Fragor,23,-,25,1
2023-04-01,1,Tattoo,Loreen,1,1,4
2023-04-01,2,G63,C.Gambino,7,2,2
2023-04-01,3,Har Dig,Yasin,3,2,3
2023-04-01,4,Six Feet Under,Smash Into Pieces,2,2,4
2023-04-01,5,Flowers,Miley Cyrus,9,1,10
2023-04-01,6,Mer Av Dig,Theoz,5,4,6
2023-04-01,7,Can't Tame Her,Zara Larsson,14,5,8
2023-04-01,8,Air,Marcus & Martinus,4,4,4
2023-04-01,9,Kurirer,diZzy & Manny Flaco,10,8,4
2023-04-01,10,Rid Mig Som En Dalahast,Rasmus Gozzi X FROKEN SNUSK,13,1,29
2023-04-01,11,Where You Are (Savezan),Arc North & Jon Henrik Fjallgren Featuring Adam Woods,6,6,4
2023-04-01,12,Feeling Myself,23,17,1,8
2023-04-01,13,Many Men,23,-,13,1
2023-04-01,14,Slapp Alla Sorger,Nordman,8,8,3
2023-04-01,15,We Them Boys,23,-,15,1
2023-04-01,16,Die For You,The Weeknd & Ariana Grande,15,10,4
2023-04-01,17,Kommer Du Ihag?,Hooja,16,5,4
2023-04-01,18,On My Way,Panetoz,11,11,3
2023-04-01,19,Kan Inte Ga,Bolaget,22,1,42
2023-04-01,20,Halsa Gud,Miss Li,23,4,18
2023-04-01,21,Where Did You Go,Kiana,12,12,3
2023-04-01,22,Under Nagon Ny,Bryant / Maggio,20,3,6
2023-04-01,23,Babblarnas Vaggvisa,Babblarna,-,5,54
2023-04-01,24,"Boy's A Liar, Pt. 2",PinkPantheress & Ice Spice,-,11,4
2023-04-01,25,Miracle,Calvin Harris & Ellie Goulding,-,25,1
2023-04-08,1,Lilla B,Hov1,-,1,1
2023-04-08,2,Tattoo,Loreen,1,1,5
2023-04-08,3,G63,C.Gambino,2,2,3
2023-04-08,4,Har Dig,Yasin,3,2,4
2023-04-08,5,Six Feet Under,Smash Into Pieces,4,2,5
2023-04-08,6,Rid Mig Som En Dalahast,Rasmus Gozzi X FROKEN SNUSK,10,1,30
2023-04-08,7,Flowers,Miley Cyrus,5,1,11
2023-04-08,8,Can't Tame Her,Zara Larsson,7,5,9
2023-04-08,9,Mer Av Dig,Theoz,6,4,7
2023-04-08,10,Eyes Closed,Ed Sheeran,-,10,1
2023-04-08,11,Kurirer,diZzy & Manny Flaco,9,8,5
2023-04-08,12,Air,Marcus & Martinus,8,4,5
2023-04-08,13,Where You Are (Savezan),Arc North & Jon Henrik Fjallgren Featuring Adam Woods,11,6,5
2023-04-08,14,Kan Inte Ga,Bolaget,19,1,43
2023-04-08,15,Die For You,The Weeknd & Ariana Grande,16,10,5
2023-04-08,16,Babblarnas Vaggvisa,Babblarna,23,5,55
2023-04-08,17,Feeling Myself,23,12,1,9
2023-04-08,18,Halsa Gud,Miss Li,20,4,19
2023-04-08,19,Kommer Du Ihag?,Hooja,17,5,5
2023-04-08,20,Many Men,23,13,13,2
2023-04-08,21,Slapp Alla Sorger,Nordman,14,8,4
2023-04-08,22,Under Nagon Ny,Bryant / Maggio,22,3,7
2023-04-08,23,Banan Melon Kiwi & Citron,Hooja,-,5,29
2023-04-08,24,People,Libianca,-,18,2
2023-04-08,25,Djurens Vaggvisa,Humlan Djojj,-,16,7
2023-04-15,1,Lilla B,Hov1,1,1,2
2023-04-15,2,G63,C.Gambino,3,2,4
2023-04-15,3,Tattoo,Loreen,2,1,6
2023-04-15,4,Har Dig,Yasin,4,2,5
2023-04-15,5,Flowers,Miley Cyrus,7,1,12
2023-04-15,6,Rid Mig Som En Dalahast,Rasmus Gozzi X FROKEN SNUSK,6,1,31
2023-04-15,7,Can't Tame Her,Zara Larsson,8,5,10
2023-04-15,8,Six Feet Under,Smash Into Pieces,5,2,6
2023-04-15,9,Ella Mai,Sarettii,-,9,1
2023-04-15,10,Kan Inte Ga,Bolaget,14,1,44
2023-04-15,11,Mer Av Dig,Theoz,9,4,8
2023-04-15,12,Eyes Closed,Ed Sheeran,10,10,2
2023-04-15,13,Kurirer,diZzy & Manny Flaco,11,8,6
2023-04-15,14,Where You Are (Savezan),Arc North & Jon Henrik Fjallgren Featuring Adam Woods,13,6,6
2023-04-15,15,Halsa Gud,Miss Li,18,4,20
2023-04-15,16,Babblarnas Vaggvisa,Babblarna,16,5,56
2023-04-15,17,Air,Marcus & Martinus,12,4,6
2023-04-15,18,Feeling Myself,23,17,1,10
2023-04-15,19,Kommer Du Ihag?,Hooja,19,5,6
2023-04-15,20,Banan Melon Kiwi & Citron,Hooja,23,5,30
2023-04-15,21,Alderdomshemmet,Miss Li,-,21,1
2023-04-15,22,Under Nagon Ny,Bryant / Maggio,22,3,8
2023-04-15,23,Miracle,Calvin Harris & Ellie Goulding,-,23,2
2023-04-15,24,Die For You,The Weeknd & Ariana Grande,15,10,6
2023-04-15,25,Penny,Peg Parnevik,-,25,1
2023-04-22,1,Ikvall Igen,Bolaget,-,1,1
2023-04-22,2,Lilla B,Hov1,1,1,3
2023-04-22,3,Tattoo,Loreen,3,1,7
2023-04-22,4,Har Dig,Yasin,4,2,6
2023-04-22,5,G63,C.Gambino,2,2,5
2023-04-22,6,Flowers,Miley Cyrus,5,1,13
2023-04-22,7,Mentalite,Baby Gang,-,7,1
2023-04-22,8,Rid Mig Som En Dalahast,Rasmus Gozzi X FROKEN SNUSK,6,1,32
2023-04-22,9,Kan Inte Ga,Bolaget,10,1,45
2023-04-22,10,Can't Tame Her,Zara Larsson,7,5,11
2023-04-22,11,Six Feet Under,Smash Into Pieces,8,2,7
2023-04-22,12,Mer Av Dig,Theoz,11,4,9
2023-04-22,13,Ella Mai,Sarettii,9,9,2
2023-04-22,14,Eyes Closed,Ed Sheeran,12,10,3
2023-04-22,15,Babblarnas Vaggvisa,Babblarna,16,5,57
2023-04-22,16,Josefin,Albin Lee Meldau,-,16,4
2023-04-22,17,Banan Melon Kiwi & Citron,Hooja,20,5,31
2023-04-22,18,Alderdomshemmet,Miss Li,21,18,2
2023-04-22,19,Halsa Gud,Miss Li,15,4,21
2023-04-22,20,Kurirer,diZzy & Manny Flaco,13,8,7
2023-04-22,21,Kommer Du Ihag?,Hooja,19,5,7
2023-04-22,22,Djurens Vaggvisa,Humlan Djojj,-,16,8
2023-04-22,23,Where You Are (Savezan),Arc North & Jon Henrik Fjallgren Featuring Adam Woods,14,6,7
2023-04-22,24,Feeling Myself,23,18,1,11
2023-04-22,25,Hon Dansar Vidare I Livet,Hov1,-,25,1
2023-04-29,1,Ikvall Igen,Bolaget,1,1,2
2023-04-29,2,Lilla B,Hov1,2,1,4
2023-04-29,3,Dum Av Dej,Naod,-,3,1
2023-04-29,4,Har Dig,Yasin,4,2,7
2023-04-29,5,G63,C.Gambino,5,2,6
2023-04-29,6,Kan Inte Ga,Bolaget,9,1,46
2023-04-29,7,Tattoo,Loreen,3,1,8
2023-04-29,8,Rid Mig Som En Dalahast,Rasmus Gozzi X FROKEN SNUSK,8,1,33
2023-04-29,9,Can't Tame Her,Zara Larsson,10,5,12
2023-04-29,10,Flowers,Miley Cyrus,6,1,14
2023-04-29,11,Daylight,David Kushner,-,11,1
2023-04-29,12,Chemical,Post Malone,-,12,1
2023-04-29,13,Mentalite,Baby Gang,7,7,2
2023-04-29,14,Josefin,Albin Lee Meldau,16,14,5
2023-04-29,15,Ella Mai,Sarettii,13,9,3
2023-04-29,16,Kurirer,diZzy & Manny Flaco,20,8,8
2023-04-29,17,Babblarnas Vaggvisa,Babblarna,15,5,58
2023-04-29,18,Kill Bill,SZA,-,6,10
2023-04-29,19,Six Feet Under,Smash Into Pieces,11,2,8
2023-04-29,20,Alderdomshemmet,Miss Li,18,18,3
2023-04-29,21,Eyes Closed,Ed Sheeran,14,10,4
2023-04-29,22,Kommer Du Ihag?,Hooja,21,5,8
2023-04-29,23,Banan Melon Kiwi & Citron,Hooja,17,5,32
2023-04-29,24,Halsa Gud,Miss Li,19,4,22
2023-04-29,25,Miracle,Calvin Harris & Ellie Goulding,-,23,3
2023-05-06,1,Ikvall Igen,Bolaget,1,1,3
2023-05-06,2,Dum Av Dej,Naod,3,2,2
2023-05-06,3,En Till Dans,Ant Wan,-,3,1
2023-05-06,4,Beroendeframkallande,Eah Je,-,4,1
2023-05-06,5,Har Dig,Yasin,4,2,8
2023-05-06,6,Lilla B,Hov1,2,1,5
2023-05-06,7,Andas In Andas Ut,Thomas Stenstrom,-,7,1
2023-05-06,8,Kan Inte Ga,Bolaget,6,1,47
2023-05-06,9,G63,C.Gambino,5,2,7
2023-05-06,10,Tattoo,Loreen,7,1,9
2023-05-06,11,Rid Mig Som En Dalahast,Rasmus Gozzi X FROKEN SNUSK,8,1,34
2023-05-06,12,Daylight,David Kushner,11,11,2
2023-05-06,13,Can't Tame Her,Zara Larsson,9,5,13
2023-05-06,14,Josefin,Albin Lee Meldau,14,14,6
2023-05-06,15,Flowers,Miley Cyrus,10,1,15
2023-05-06,16,Mentalite,Baby Gang,13,7,3
2023-05-06,17,Babblarnas Vaggvisa,Babblarna,17,5,59
2023-05-06,18,Alderdomshemmet,Miss Li,20,18,4
2023-05-06,19,Double Fantasy,The Weeknd Featuring Future,-,19,1
2023-05-06,20,Chemical,Post Malone,12,12,2
2023-05-06,21,Halsa Gud,Miss Li,24,4,23
2023-05-06,22,Kurirer,diZzy & Manny Flaco,16,8,9
2023-05-06,23,Hon Dansar Vidare I Livet,Hov1,-,23,2
2023-05-06,24,Miracle,Calvin Harris & Ellie Goulding,25,23,4
2023-05-06,25,Banan Melon Kiwi & Citron,Hooja,23,5,33
2023-05-13,1,Ikvall Igen,Bolaget,1,1,4
2023-05-13,2,Dum Av Dej,Naod,2,2,3
2023-05-13,3,Fanga Mig Nar Jag Faller,Victor Leksell,-,3,1
2023-05-13,4,Beroendeframkallande,Eah Je,4,4,2
2023-05-13,5,Andas In Andas Ut,Thomas Stenstrom,7,5,2
2023-05-13,6,Har Dig,Yasin,5,2,9
2023-05-13,7,Kan Inte Ga,Bolaget,8,1,48
2023-05-13,8,Lilla B,Hov1,6,1,6
2023-05-13,9,En Till Dans,Ant Wan,3,3,2
2023-05-13,10,Rid Mig Som En Dalahast,Rasmus Gozzi X FROKEN SNUSK,11,1,35
2023-05-13,11,G63,C.Gambino,9,2,8
2023-05-13,12,Can't Tame Her,Zara Larsson,13,5,14
2023-05-13,13,Tattoo,Loreen,10,1,10
2023-05-13,14,Daylight,David Kushner,12,11,3
2023-05-13,15,Josefin,Albin Lee Meldau,14,14,7
2023-05-13,16,Flowers,Miley Cyrus,15,1,16
2023-05-13,17,Lojalitet,Haval,-,17,1
2023-05-13,18,Babblarnas Vaggvisa,Babblarna,17,5,60
2023-05-13,19,Waka Waka,Sarettii,-,19,1
2023-05-13,20,Banan Melon Kiwi & Citron,Hooja,25,5,34
2023-05-13,21,Halsa Gud,Miss Li,21,4,24
2023-05-13,22,Gangster Syndrom,Asme X STICKY,-,22,1
2023-05-13,23,Hon Dansar Vidare I Livet,Hov1,23,23,3
2023-05-13,24,Djurens Vaggvisa,Humlan Djojj,-,16,9
2023-05-13,25,Mentalite,Baby Gang,16,7,4
2023-05-20,1,Ikvall Igen,Bolaget,1,1,5
2023-05-20,2,17,ADAAM,-,2,1
2023-05-20,3,Fanga Mig Nar Jag Faller,Victor Leksell,3,3,2
2023-05-20,4,Dum Av Dej,Naod,2,2,4
2023-05-20,5,Beroendeframkallande,Eah Je,4,4,3
2023-05-20,6,Andas In Andas Ut,Thomas Stenstrom,5,5,3
2023-05-20,7,Tattoo,Loreen,13,1,11
2023-05-20,8,Har Dig,Yasin,6,2,10
2023-05-20,9,Lilla B,Hov1,8,1,7
2023-05-20,10,Kan Inte Ga,Bolaget,7,1,49
2023-05-20,11,Waka Waka,Sarettii,19,11,2
2023-05-20,12,En Till Dans,Ant Wan,9,3,3
2023-05-20,13,Can't Tame Her,Zara Larsson,12,5,15
2023-05-20,14,G63,C.Gambino,11,2,9
2023-05-20,15,Rid Mig Som En Dalahast,Rasmus Gozzi X FROKEN SNUSK,10,1,36
2023-05-20,16,Happis,Hooja,-,16,1
2023-05-20,17,Flowers,Miley Cyrus,16,1,17
2023-05-20,18,Josefin,Albin Lee Meldau,15,14,8
2023-05-20,19,Daylight,David Kushner,14,11,4
2023-05-20,20,Starkare,Darin,-,20,1
2023-05-20,21,Lojalitet,Haval,17,17,2
2023-05-20,22,Babblarnas Vaggvisa,Babblarna,18,5,61
2023-05-20,23,Kommer Du Ihag?,Hooja,-,5,9
2023-05-20,24,Banan Melon Kiwi & Citron,Hooja,20,5,35
2023-05-20,25,Gangster Syndrom,Asme X STICKY,22,22,2
2023-05-27,1,Cha Cha Cha,Kaarija,-,1,1
2023-05-27,2,Grat,Hov1,-,2,1
2023-05-27,3,Tattoo,Loreen,7,1,12
2023-05-27,4,17,ADAAM,2,2,2
2023-05-27,5,Ikvall Igen,Bolaget,1,1,6
2023-05-27,6,Fanga Mig Nar Jag Faller,Victor Leksell,3,3,3
2023-05-27,7,Queen Of Kings,Alessandra,-,7,1
2023-05-27,8,Andas In Andas Ut,Thomas Stenstrom,6,5,4
2023-05-27,9,Dum Av Dej,Naod,4,2,5
2023-05-27,10,Beroendeframkallande,Eah Je,5,4,4
2023-05-27,11,Har Dig,Yasin,8,2,11
2023-05-27,12,Lilla B,Hov1,9,1,8
2023-05-27,13,Can't Tame Her,Zara Larsson,13,5,16
2023-05-27,14,Rid Mig Som En Dalahast,Rasmus Gozzi X FROKEN SNUSK,15,1,37
2023-05-27,15,Kan Inte Ga,Bolaget,10,1,50
2023-05-27,16,Flowers,Miley Cyrus,17,1,18
2023-05-27,17,Waka Waka,Sarettii,11,11,3
2023-05-27,18,Josefin,Albin Lee Meldau,18,14,9
2023-05-27,19,En Till Dans,Ant Wan,12,3,4
2023-05-27,20,G63,C.Gambino,14,2,10
2023-05-27,21,Hon Dansar Vidare I Livet,Hov1,-,21,4
2023-05-27,22,Starkare,Darin,20,20,2
2023-05-27,23,Happis,Hooja,16,16,2
2023-05-27,24,Daylight,David Kushner,19,11,5
2023-05-27,25,Ledare,Jireel & Dizzy,-,25,1
2023-06-03,1,Grat,Hov1,2,1,2
2023-06-03,2,Cha Cha Cha,Kaarija,1,1,2
2023-06-03,3,Superstar,Bianca Ingrosso,-,3,1
2023-06-03,4,Ikvall Igen,Bolaget,5,1,7
2023-06-03,5,17,ADAAM,4,2,3
2023-06-03,6,Tattoo,Loreen,3,1,13
2023-06-03,7,Fanga Mig Nar Jag Faller,Victor Leksell,6,3,4
2023-06-03,8,Dum Av Dej,Naod,9,2,6
2023-06-03,9,Beroendeframkallande,Eah Je,10,4,5
2023-06-03,10,Andas In Andas Ut,Thomas Stenstrom,8,5,5
2023-06-03,11,Queen Of Kings,Alessandra,7,7,2
2023-06-03,12,Can't Tame Her,Zara Larsson,13,5,17
2023-06-03,13,Kan Inte Ga,Bolaget,15,1,51
2023-06-03,14,Har Dig,Yasin,11,2,12
2023-06-03,15,Lilla B,Hov1,12,1,9
2023-06-03,16,Rid Mig Som En Dalahast,Rasmus Gozzi X FROKEN SNUSK,14,1,38
2023-06-03,17,Flowers,Miley Cyrus,16,1,19
2023-06-03,18,Josefin,Albin Lee Meldau,18,14,10
2023-06-03,19,Ja Hoppas,LOAM,-,19,1
2023-06-03,20,Hon Dansar Vidare I Livet,Hov1,21,20,5
2023-06-03,21,Starkare,Darin,22,20,3
2023-06-03,22,G63,C.Gambino,20,2,11
2023-06-03,23,Babblarnas Vaggvisa,Babblarna,-,5,62
2023-06-03,24,Daylight,David Kushner,24,11,6
2023-06-03,25,Waka Waka,Sarettii,17,11,4
2023-06-10,1,Grat,Hov1,1,1,3
2023-06-10,2,Ikvall Igen,Bolaget,4,1,8
2023-06-10,3,Cha Cha Cha,Kaarija,2,1,3
2023-06-10,4,17,ADAAM,5,2,4
2023-06-10,5,Superstar,Bianca Ingrosso,3,3,2
2023-06-10,6,Tattoo,Loreen,6,1,14
2023-06-10,7,Koppla Av,23,-,7,1
2023-06-10,8,Fanga Mig Nar Jag Faller,Victor Leksell,7,3,5
2023-06-10,9,Kan Inte Ga,Bolaget,13,1,52
2023-06-10,10,Dum Av Dej,Naod,8,2,7
2023-06-10,11,Andas In Andas Ut,Thomas Stenstrom,10,5,6
2023-06-10,12,Can't Tame Her,Zara Larsson,12,5,18
2023-06-10,13,Beroendeframkallande,Eah Je,9,4,6
2023-06-10,14,Har Dig,Yasin,14,2,13
2023-06-10,15,Rid Mig Som En Dalahast,Rasmus Gozzi X FROKEN SNUSK,16,1,39
2023-06-10,16,GRUSVAG,Hooja,-,16,1
2023-06-10,17,Lilla B,Hov1,15,1,10
2023-06-10,18,Catwalk,C.Gambino,-,18,1
2023-06-10,19,Flowers,Miley Cyrus,17,1,20
2023-06-10,20,Josefin,Albin Lee Meldau,18,14,11
2023-06-10,21,Queen Of Kings,Alessandra,11,7,3
2023-06-10,22,Ja Hoppas,LOAM,19,19,2
2023-06-10,23,Hon Dansar Vidare I Livet,Hov1,20,20,6
2023-06-10,24,Babblarnas Vaggvisa,Babblarna,23,5,63
2023-06-10,25,Banan Melon Kiwi & Citron,Hooja,-,5,36
2023-06-17,1,Ikvall Igen,Bolaget,2,1,9
2023-06-17,2,Grat,Hov1,1,1,4
2023-06-17,3,17,ADAAM,4,2,5
2023-06-17,4,Cha Cha Cha,Kaarija,3,1,4
2023-06-17,5,Sprinter,Dave & Central Cee,-,5,1
2023-06-17,6,Superstar,Bianca Ingrosso,5,3,3
2023-06-17,7,Occhi D’amore,NOTD & Veronica Maggio,-,7,1
2023-06-17,8,Kan Inte Ga,Bolaget,9,1,53
2023-06-17,9,Tattoo,Loreen,6,1,15
2023-06-17,10,Koppla Av,23,7,7,2
2023-06-17,11,Rid Mig Som En Dalahast,Rasmus Gozzi X FROKEN SNUSK,15,1,40
2023-06-17,12,Andas In Andas Ut,Thomas Stenstrom,11,5,7
2023-06-17,13,Fanga Mig Nar Jag Faller,Victor Leksell,8,3,6
2023-06-17,14,Can't Tame Her,Zara Larsson,12,5,19
2023-06-17,15,Dum Av Dej,Naod,10,2,8
2023-06-17,16,Beroendeframkallande,Eah Je,13,4,7
2023-06-17,17,Har Dig,Yasin,14,2,14
2023-06-17,18,Catwalk,C.Gambino,18,18,2
2023-06-17,19,Saint Laurent,Robin Kadir X C.Gambino,-,19,1
2023-06-17,20,Lilla B,Hov1,17,1,11
2023-06-17,21,Josefin,Albin Lee Meldau,20,14,12
2023-06-17,22,Flowers,Miley Cyrus,19,1,21
2023-06-17,23,Hon Dansar Vidare I Livet,Hov1,23,20,7
2023-06-17,24,Queen Of Kings,Alessandra,21,7,4
2023-06-17,25,GRUSVAG,Hooja,16,16,2
2023-06-24,1,Vill Va Med Dig,Einar,-,1,1
2023-06-24,2,Ikvall Igen,Bolaget,1,1,10
2023-06-24,3,Sprinter,Dave & Central Cee,5,3,2
2023-06-24,4,Grat,Hov1,2,1,5
2023-06-24,5,Cha Cha Cha,Kaarija,4,1,5
2023-06-24,6,17,ADAAM,3,2,6
2023-06-24,7,Kan Inte Ga,Bolaget,8,1,54
2023-06-24,8,Occhi D’amore,NOTD & Veronica Maggio,7,7,2
2023-06-24,9,Andas In Andas Ut,Thomas Stenstrom,12,5,8
2023-06-24,10,Fantasy,Yasin,-,10,1
2023-06-24,11,Sjunka,Asme,-,11,1
2023-06-24,12,Fanga Mig Nar Jag Faller,Victor Leksell,13,3,7
2023-06-24,13,Superstar,Bianca Ingrosso,6,3,4
2023-06-24,14,Koppla Av,23,10,7,3
2023-06-24,15,Rid Mig Som En Dalahast,Rasmus Gozzi X FROKEN SNUSK,11,1,41
2023-06-24,16,Varan Sang (Sveriges Officiella VM-lat 2023),Miss Li,-,16,1
2023-06-24,17,Can't Tame Her,Zara Larsson,14,5,20
2023-06-24,18,Tattoo,Loreen,9,1,16
2023-06-24,19,Josefin,Albin Lee Meldau,21,14,13
2023-06-24,20,Hon Dansar Vidare I Livet,Hov1,23,20,8
2023-06-24,21,Dum Av Dej,Naod,15,2,9
2023-06-24,22,Sunnanvind,Mares,-,22,1
2023-06-24,23,Beroendeframkallande,Eah Je,16,4,8
2023-06-24,24,Lilla B,Hov1,20,1,12
2023-06-24,25,Saint Laurent,Robin Kadir X C.Gambino,19,19,2
2023-07-01,1,Ikvall Igen,Bolaget,2,1,11
2023-07-01,2,Vill Va Med Dig,Einar,1,1,2
2023-07-01,3,Sprinter,Dave & Central Cee,3,3,3
2023-07-01,4,Grat,Hov1,4,1,6
2023-07-01,5,Kan Inte Ga,Bolaget,7,1,55
2023-07-01,6,17,ADAAM,6,2,7
2023-07-01,7,Occhi D’amore,NOTD & Veronica Maggio,8,7,3
2023-07-01,8,Southside,Haval,-,8,1
2023-07-01,9,Cha Cha Cha,Kaarija,5,1,6
2023-07-01,10,Varan Sang (Sveriges Officiella VM-lat 2023),Miss Li,16,10,2
2023-07-01,11,Andas In Andas Ut,Thomas Stenstrom,9,5,9
2023-07-01,12,The Jackal,Behind,-,12,1
2023-07-01,13,Fantasy,Yasin,10,10,2
2023-07-01,14,Fanga Mig Nar Jag Faller,Victor Leksell,12,3,8
2023-07-01,15,Can't Tame Her,Zara Larsson,17,5,21
2023-07-01,16,Josefin,Albin Lee Meldau,19,14,14
2023-07-01,17,Superstar,Bianca Ingrosso,13,3,5
2023-07-01,18,Hon Dansar Vidare I Livet,Hov1,20,18,9
2023-07-01,19,Sunnanvind,Mares,22,19,2
2023-07-01,20,Sjunka,Asme,11,11,2
2023-07-01,21,Lilla B,Hov1,24,1,13
2023-07-01,22,Rid Mig Som En Dalahast,Rasmus Gozzi X FROKEN SNUSK,15,1,42
2023-07-01,23,Banan Melon Kiwi & Citron,Hooja,-,5,37
2023-07-01,24,Tattoo,Loreen,18,1,17
2023-07-01,25,Beroendeframkallande,Eah Je,23,4,9
2023-07-08,1,Ikvall Igen,Bolaget,1,1,12
2023-07-08,2,Sprinter,Dave & Central Cee,3,2,4
2023-07-08,3,Vill Va Med Dig,Einar,2,1,3
2023-07-08,4,Kan Inte Ga,Bolaget,5,1,56
2023-07-08,5,Varan Sang (Sveriges Officiella VM-lat 2023),Miss Li,10,5,3
2023-07-08,6,Andas In Andas Ut,Thomas Stenstrom,11,5,10
2023-07-08,7,Grat,Hov1,4,1,7
2023-07-08,8,Ingen Kan Sla (Boten Anna),Basshunter & Victor Leksell,-,8,1
2023-07-08,9,Josefin,Albin Lee Meldau,16,9,15
2023-07-08,10,Occhi D’amore,NOTD & Veronica Maggio,7,7,4
2023-07-08,11,17,ADAAM,6,2,8
2023-07-08,12,The Jackal,Behind,12,12,2
2023-07-08,13,Cha Cha Cha,Kaarija,9,1,7
2023-07-08,14,Fanga Mig Nar Jag Faller,Victor Leksell,14,3,9
2023-07-08,15,Can't Tame Her,Zara Larsson,15,5,22
2023-07-08,16,Sunnanvind,Mares,19,16,3
2023-07-08,17,Hon Dansar Vidare I Livet,Hov1,18,17,10
2023-07-08,18,Southside,Haval,8,8,2
2023-07-08,19,"Sol, Vind Och Vatten",Ted Gardestad,-,8,2
2023-07-08,20,Sommartider,Gyllene Tider,-,15,2
2023-07-08,21,17 Ar,Veronica Maggio,-,21,1
2023-07-08,22,Valkommen In,Veronica Maggio,-,22,1
2023-07-08,23,Banan Melon Kiwi & Citron,Hooja,23,5,38
2023-07-08,24,Beroendeframkallande,Eah Je,25,4,10
2023-07-08,25,Halsa Gud,Miss Li,-,4,25
2023-07-15,1,Ikvall Igen,Bolaget,1,1,13
2023-07-15,2,Sprinter,Dave & Central Cee,2,2,5
2023-07-15,3,Diskoteka,Hooja,-,3,1
2023-07-15,4,Ingen Kan Sla (Boten Anna),Basshunter & Victor Leksell,8,4,2
2023-07-15,5,Grat,Hov1,7,1,8
2023-07-15,6,Kan Inte Ga,Bolaget,4,1,57
2023-07-15,7,Vill Va Med Dig,Einar,3,1,4
2023-07-15,8,Andas In Andas Ut,Thomas Stenstrom,6,5,11
2023-07-15,9,17,ADAAM,11,2,9
2023-07-15,10,The Jackal,Behind,12,10,3
2023-07-15,11,Varan Sang (Sveriges Officiella VM-lat 2023),Miss Li,5,5,4
2023-07-15,12,Banan Melon Kiwi & Citron,Hooja,23,5,39
2023-07-15,13,Can't Tame Her,Zara Larsson,15,5,23
2023-07-15,14,Josefin,Albin Lee Meldau,9,9,16
2023-07-15,15,Cha Cha Cha,Kaarija,13,1,8
2023-07-15,16,Occhi D’amore,NOTD & Veronica Maggio,10,7,5
2023-07-15,17,Fanga Mig Nar Jag Faller,Victor Leksell,14,3,10
2023-07-15,18,Babblarnas Vaggvisa,Babblarna,-,5,64
2023-07-15,19,Rid Mig Som En Dalahast,Rasmus Gozzi X FROKEN SNUSK,-,1,43
2023-07-15,20,Southside,Haval,18,8,3
2023-07-15,21,Sunnanvind,Mares,16,16,4
2023-07-15,22,Kommer Du Ihag?,Hooja,-,5,10
2023-07-15,23,Vampire,Olivia Rodrigo,-,23,1
2023-07-15,24,Ride With Me,ADAAM Featuring FU3GO & Pablo Paz,-,24,1
2023-07-15,25,Hon Dansar Vidare I Livet,Hov1,17,17,11
2023-07-22,1,Ikvall Igen,Bolaget,1,1,14
2023-07-22,2,Sprinter,Dave & Central Cee,2,2,6
2023-07-22,3,Grat,Hov1,5,1,9
2023-07-22,4,Kan Inte Ga,Bolaget,6,1,58
2023-07-22,5,Andas In Andas Ut,Thomas Stenstrom,8,5,12
2023-07-22,6,Diskoteka,Hooja,3,3,2
2023-07-22,7,Banan Melon Kiwi & Citron,Hooja,12,5,40
2023-07-22,8,Ingen Kan Sla (Boten Anna),Basshunter & Victor Leksell,4,4,3
2023-07-22,9,17,ADAAM,9,2,10
2023-07-22,10,Viva La Vida,Coldplay,-,10,1
2023-07-22,11,Josefin,Albin Lee Meldau,14,9,17
2023-07-22,12,Can't Tame Her,Zara Larsson,13,5,24
2023-07-22,13,The Jackal,Behind,10,10,4
2023-07-22,14,Stor Man,Tobias Rahim X Victor Leksell,-,14,1
2023-07-22,15,Vill Va Med Dig,Einar,7,1,5
2023-07-22,16,Kommer Du Ihag?,Hooja,22,5,11
2023-07-22,17,Occhi D’amore,NOTD & Veronica Maggio,16,7,6
2023-07-22,18,Rid Mig Som En Dalahast,Rasmus Gozzi X FROKEN SNUSK,19,1,44
2023-07-22,19,Cha Cha Cha,Kaarija,15,1,9
2023-07-22,20,Fanga Mig Nar Jag Faller,Victor Leksell,17,3,11
2023-07-22,21,Babblarnas Vaggvisa,Babblarna,18,5,65
2023-07-22,22,Yellow,Coldplay,-,22,1
2023-07-22,23,Varan Sang (Sveriges Officiella VM-lat 2023),Miss Li,11,5,5
2023-07-22,24,Sunnanvind,Mares,21,16,5
2023-07-22,25,Ambitions Of A Rider,Yasin & JB,-,25,1
2023-07-29,1,Ikvall Igen,Bolaget,1,1,15
2023-07-29,2,Sprinter,Dave & Central Cee,2,2,7
2023-07-29,3,Kan Inte Ga,Bolaget,4,1,59
2023-07-29,4,Grat,Hov1,3,1,10
2023-07-29,5,Andas In Andas Ut,Thomas Stenstrom,5,5,13
2023-07-29,6,Banan Melon Kiwi & Citron,Hooja,7,5,41
2023-07-29,7,Diskoteka,Hooja,6,3,3
2023-07-29,8,Ingen Kan Sla (Boten Anna),Basshunter & Victor Leksell,8,4,4
2023-07-29,9,17,ADAAM,9,2,11
2023-07-29,10,Occhi D’amore,NOTD & Veronica Maggio,17,7,7
2023-07-29,11,Josefin,Albin Lee Meldau,11,9,18
2023-07-29,12,The Jackal,Behind,13,10,5
2023-07-29,13,Can't Tame Her,Zara Larsson,12,5,25
2023-07-29,14,Babblarnas Vaggvisa,Babblarna,21,5,66
2023-07-29,15,Vill Va Med Dig,Einar,15,1,6
2023-07-29,16,Kommer Du Ihag?,Hooja,16,5,12
2023-07-29,17,Cha Cha Cha,Kaarija,19,1,10
2023-07-29,18,Fanga Mig Nar Jag Faller,Victor Leksell,20,3,12
2023-07-29,19,Djurens Vaggvisa,Humlan Djojj,-,16,10
2023-07-29,20,Varan Sang (Sveriges Officiella VM-lat 2023),Miss Li,23,5,6
2023-07-29,21,Stor Man,Tobias Rahim X Victor Leksell,14,14,2
2023-07-29,22,Beroendeframkallande,Eah Je,-,4,11
2023-07-29,23,Lilla B,Hov1,-,1,14
2023-07-29,24,Rid Mig Som En Dalahast,Rasmus Gozzi X FROKEN SNUSK,18,1,45
2023-07-29,25,Bubbel Pa Balkongen,"Elov, Beny, Sofie Svensson & Dom Dar",-,2,26
2023-08-05,1,Ikvall Igen,Bolaget,1,1,16
2023-08-05,2,Sprinter,Dave & Central Cee,2,2,8
2023-08-05,3,Standard,Einar & A36,-,3,1
2023-08-05,4,Kan Inte Ga,Bolaget,3,1,60
2023-08-05,5,Andas In Andas Ut,Thomas Stenstrom,5,5,14
2023-08-05,6,Grat,Hov1,4,1,11
2023-08-05,7,Banan Melon Kiwi & Citron,Hooja,6,5,42
2023-08-05,8,Diskoteka,Hooja,7,3,4
2023-08-05,9,Babblarnas Vaggvisa,Babblarna,14,5,67
2023-08-05,10,Ingen Kan Sla (Boten Anna),Basshunter & Victor Leksell,8,4,5
2023-08-05,11,Josefin,Albin Lee Meldau,11,9,19
2023-08-05,12,17,ADAAM,9,2,12
2023-08-05,13,Occhi D’amore,NOTD & Veronica Maggio,10,7,8
2023-08-05,14,Kommer Du Ihag?,Hooja,16,5,13
2023-08-05,15,Djurens Vaggvisa,Humlan Djojj,19,15,11
2023-08-05,16,Vill Va Med Dig,Einar,15,1,7
2023-08-05,17,Can't Tame Her,Zara Larsson,13,5,26
2023-08-05,18,Varan Sang (Sveriges Officiella VM-lat 2023),Miss Li,20,5,7
2023-08-05,19,Fanga Mig Nar Jag Faller,Victor Leksell,18,3,13
2023-08-05,20,The Jackal,Behind,12,10,6
2023-08-05,21,What Was I Made For?,Billie Eilish,-,21,1
2023-08-05,22,Lilla B,Hov1,23,1,15
2023-08-05,23,Halsa Gud,Miss Li,-,4,26
2023-08-05,24,Sunnanvind,Mares,-,16,6
2023-08-05,25,Hon Dansar Vidare I Livet,Hov1,-,17,12
2023-08-12,1,Ikvall Igen,Bolaget,1,1,17
2023-08-12,2,Sprinter,Dave & Central Cee,2,2,9
2023-08-12,3,Kan Inte Ga,Bolaget,4,1,61
2023-08-12,4,Andas In Andas Ut,Thomas Stenstrom,5,4,15
2023-08-12,5,What Was I Made For?,Billie Eilish,21,5,2
2023-08-12,6,Grat,Hov1,6,1,12
2023-08-12,7,Banan Melon Kiwi & Citron,Hooja,7,5,43
2023-08-12,8,Standard,Einar & A36,3,3,2
2023-08-12,9,Diskoteka,Hooja,8,3,5
2023-08-12,10,Babblarnas Vaggvisa,Babblarna,9,5,68
2023-08-12,11,Ingen Kan Sla (Boten Anna),Basshunter & Victor Leksell,10,4,6
2023-08-12,12,Josefin,Albin Lee Meldau,11,9,20
2023-08-12,13,Barbie World,Nicki Minaj & Ice Spice With Aqua,-,13,1
2023-08-12,14,Djurens Vaggvisa,Humlan Djojj,15,14,12
2023-08-12,15,Occhi D’amore,NOTD & Veronica Maggio,13,7,9
2023-08-12,16,Kommer Du Ihag?,Hooja,14,5,14
2023-08-12,17,Varan Sang (Sveriges Officiella VM-lat 2023),Miss Li,18,5,8
2023-08-12,18,Can't Tame Her,Zara Larsson,17,5,27
2023-08-12,19,Fanga Mig Nar Jag Faller,Victor Leksell,19,3,14
2023-08-12,20,17,ADAAM,12,2,13
2023-08-12,21,The Jackal,Behind,20,10,7
2023-08-12,22,Vill Va Med Dig,Einar,16,1,8
2023-08-12,23,Lilla B,Hov1,22,1,16
2023-08-12,24,Sunnanvind,Mares,24,16,7
2023-08-12,25,Bubbel Pa Balkongen,"Elov, Beny, Sofie Svensson & Dom Dar",-,2,27
2023-08-19,1,Ikvall Igen,Bolaget,1,1,18
2023-08-19,2,Sprinter,Dave & Central Cee,2,2,10
2023-08-19,3,Kan Inte Ga,Bolaget,3,1,62
2023-08-19,4,What Was I Made For?,Billie Eilish,5,4,3
2023-08-19,5,Andas In Andas Ut,Thomas Stenstrom,4,4,16
2023-08-19,6,Standard,Einar & A36,8,3,3
2023-08-19,7,Babblarnas Vaggvisa,Babblarna,10,5,69
2023-08-19,8,Grat,Hov1,6,1,13
2023-08-19,9,Djurens Vaggvisa,Humlan Djojj,14,9,13
2023-08-19,10,Banan Melon Kiwi & Citron,Hooja,7,5,44
2023-08-19,11,Barbie World,Nicki Minaj & Ice Spice With Aqua,13,11,2
2023-08-19,12,Diskoteka,Hooja,9,3,6
2023-08-19,13,Josefin,Albin Lee Meldau,12,9,21
2023-08-19,14,Varan Sang (Sveriges Officiella VM-lat 2023),Miss Li,17,5,9
2023-08-19,15,Occhi D’amore,NOTD & Veronica Maggio,15,7,10
2023-08-19,16,Ingen Kan Sla (Boten Anna),Basshunter & Victor Leksell,11,4,7
2023-08-19,17,Kommer Du Ihag?,Hooja,16,5,15
2023-08-19,18,Can't Tame Her,Zara Larsson,18,5,28
2023-08-19,19,Fanga Mig Nar Jag Faller,Victor Leksell,19,3,15
2023-08-19,20,Millions,23,-,20,1
2023-08-19,21,17,ADAAM,20,2,14
2023-08-19,22,The Jackal,Behind,21,10,8
2023-08-19,23,Dance The Night,Dua Lipa,-,23,1
2023-08-19,24,Vill Va Med Dig,Einar,22,1,9
2023-08-19,25,Sunnanvind,Mares,24,16,8
2023-08-26,1,Ikvall Igen,Bolaget,1,1,19
2023-08-26,2,Vibe Check,Hov1,-,2,1
2023-08-26,3,Raggarbilar (Warra Warra),"Rasmus Gozzi, FROKEN SNUSK & Danjal",-,3,1
2023-08-26,4,Sprinter,Dave & Central Cee,2,2,11
2023-08-26,5,Kan Inte Ga,Bolaget,3,1,63
2023-08-26,6,Andas In Andas Ut,Thomas Stenstrom,5,4,17
2023-08-26,7,What Was I Made For?,Billie Eilish,4,4,4
2023-08-26,8,Babblarnas Vaggvisa,Babblarna,7,5,70
2023-08-26,9,Djurens Vaggvisa,Humlan Djojj,9,9,14
2023-08-26,10,Grat,Hov1,8,1,14
2023-08-26,11,Varan Sang (Sveriges Officiella VM-lat 2023),Miss Li,14,5,10
2023-08-26,12,Standard,Einar & A36,6,3,4
2023-08-26,13,Banan Melon Kiwi & Citron,Hooja,10,5,45
2023-08-26,14,Josefin,Albin Lee Meldau,13,9,22
2023-08-26,15,Barbie World,Nicki Minaj & Ice Spice With Aqua,11,11,3
2023-08-26,16,Diskoteka,Hooja,12,3,7
2023-08-26,17,Solen,Thomas Stenstrom,-,17,1
2023-08-26,18,Fanga Mig Nar Jag Faller,Victor Leksell,19,3,16
2023-08-26,19,Can't Tame Her,Zara Larsson,18,5,29
2023-08-26,20,Occhi D’amore,NOTD & Veronica Maggio,15,7,11
2023-08-26,21,Cruel Summer,Taylor Swift,-,21,1
2023-08-26,22,Kommer Du Ihag?,Hooja,17,5,16
2023-08-26,23,Ingen Kan Sla (Boten Anna),Basshunter & Victor Leksell,16,4,8
2023-08-26,24,17,ADAAM,21,2,15
2023-08-26,25,Dance The Night,Dua Lipa,23,23,2
2023-09-02,1,Soldat,"VC Barre, Pablo Paz & takenoelz",-,1,1
2023-09-02,2,Ikvall Igen,Bolaget,1,1,20
2023-09-02,3,Prada,"casso, RAYE & D-Block Europe",-,3,1
2023-09-02,4,Raggarbilar (Warra Warra),"Rasmus Gozzi, FROKEN SNUSK & Danjal",3,3,2
2023-09-02,5,Sprinter,Dave & Central Cee,4,2,12
2023-09-02,6,Vibe Check,Hov1,2,2,2
2023-09-02,7,Kan Inte Ga,Bolaget,5,1,64
2023-09-02,8,What Was I Made For?,Billie Eilish,7,4,5
2023-09-02,9,Andas In Andas Ut,Thomas Stenstrom,6,4,18
2023-09-02,10,Babblarnas Vaggvisa,Babblarna,8,5,71
2023-09-02,11,Djurens Vaggvisa,Humlan Djojj,9,9,15
2023-09-02,12,Grat,Hov1,10,1,15
2023-09-02,13,Standard,Einar & A36,12,3,5
2023-09-02,14,Paint The Town Red,Doja Cat,-,14,1
2023-09-02,15,Fanga Mig Nar Jag Faller,Victor Leksell,18,3,17
2023-09-02,16,Varan Sang (Sveriges Officiella VM-lat 2023),Miss Li,11,5,11
2023-09-02,17,Banan Melon Kiwi & Citron,Hooja,13,5,46
2023-09-02,18,Cruel Summer,Taylor Swift,21,18,2
2023-09-02,19,Josefin,Albin Lee Meldau,14,9,23
2023-09-02,20,Kommer Du Ihag?,Hooja,22,5,17
2023-09-02,21,Barbie World,Nicki Minaj & Ice Spice With Aqua,15,11,4
2023-09-02,22,Diskoteka,Hooja,16,3,8
2023-09-02,23,Can't Tame Her,Zara Larsson,19,5,30
2023-09-02,24,Occhi D’amore,NOTD & Veronica Maggio,20,7,12
2023-09-02,25,The Jackal,Behind,-,10,9
2023-09-09,1,Prada,"casso, RAYE & D-Block Europe",3,1,2
2023-09-09,2,Soldat,"VC Barre, Pablo Paz & takenoelz",1,1,2
2023-09-09,3,Ikvall Igen,Bolaget,2,1,21
2023-09-09,4,Natten Blir Till Dag,Victor Leksell,-,4,1
2023-09-09,5,Raggarbilar (Warra Warra),"Rasmus Gozzi, FROKEN SNUSK & Danjal",4,3,3
2023-09-09,6,Sprinter,Dave & Central Cee,5,2,13
2023-09-09,7,Paint The Town Red,Doja Cat,14,7,2
2023-09-09,8,Kan Inte Ga,Bolaget,7,1,65
2023-09-09,9,Vibe Check,Hov1,6,2,3
2023-09-09,10,Andas In Andas Ut,Thomas Stenstrom,9,4,19
2023-09-09,11,What Was I Made For?,Billie Eilish,8,4,6
2023-09-09,12,Djurens Vaggvisa,Humlan Djojj,11,9,16
2023-09-09,13,Babblarnas Vaggvisa,Babblarna,10,5,72
2023-09-09,14,Grat,Hov1,12,1,16
2023-09-09,15,Fanga Mig Nar Jag Faller,Victor Leksell,15,3,18
2023-09-09,16,Cruel Summer,Taylor Swift,18,16,3
2023-09-09,17,Josefin,Albin Lee Meldau,19,9,24
2023-09-09,18,Banan Melon Kiwi & Citron,Hooja,17,5,47
2023-09-09,19,Standard,Einar & A36,13,3,6
2023-09-09,20,Kommer Du Ihag?,Hooja,20,5,18
2023-09-09,21,Diskoteka,Hooja,22,3,9
2023-09-09,22,Rich Men North Of Richmond,Oliver Anthony Music,-,22,1
2023-09-09,23,Used To Be Young,Miley Cyrus,-,23,1
2023-09-09,24,Barbie World,Nicki Minaj & Ice Spice With Aqua,21,11,5
2023-09-09,25,Can't Tame Her,Zara Larsson,23,5,31
2023-09-16,1,Prada,"casso, RAYE & D-Block Europe",1,1,3
2023-09-16,2,Ikvall Igen,Bolaget,3,1,22
2023-09-16,3,Paint The Town Red,Doja Cat,7,3,3
2023-09-16,4,Soldat,"VC Barre, Pablo Paz & takenoelz",2,1,3
2023-09-16,5,Sprinter,Dave & Central Cee,6,2,14
2023-09-16,6,Raggarbilar (Warra Warra),"Rasmus Gozzi, FROKEN SNUSK & Danjal",5,3,4
2023-09-16,7,Natten Blir Till Dag,Victor Leksell,4,4,2
2023-09-16,8,Kan Inte Ga,Bolaget,8,1,66
2023-09-16,9,Babblarnas Vaggvisa,Babblarna,13,5,73
2023-09-16,10,Djurens Vaggvisa,Humlan Djojj,12,9,17
2023-09-16,11,Andas In Andas Ut,Thomas Stenstrom,10,4,20
2023-09-16,12,What Was I Made For?,Billie Eilish,11,4,7
2023-09-16,13,Vibe Check,Hov1,9,2,4
2023-09-16,14,Grat,Hov1,14,1,17
2023-09-16,15,Josefin,Albin Lee Meldau,17,9,25
2023-09-16,16,Cruel Summer,Taylor Swift,16,16,4
2023-09-16,17,Fanga Mig Nar Jag Faller,Victor Leksell,15,3,19
2023-09-16,18,Banan Melon Kiwi & Citron,Hooja,18,5,48
2023-09-16,19,Standard,Einar & A36,19,3,7
2023-09-16,20,Diskoteka,Hooja,21,3,10
2023-09-16,21,17,ADAAM,-,2,16
2023-09-16,22,Can't Tame Her,Zara Larsson,25,5,32
2023-09-16,23,Kommer Du Ihag?,Hooja,20,5,19
2023-09-16,24,Rich Men North Of Richmond,Oliver Anthony Music,22,22,2
2023-09-16,25,Dance The Night,Dua Lipa,-,23,3
2023-09-23,1,Saudade,Hov1 & Hakan Hellstrom,-,1,1
2023-09-23,2,Prada,"casso, RAYE & D-Block Europe",1,1,4
2023-09-23,3,Ikvall Igen,Bolaget,2,1,23
2023-09-23,4,Paint The Town Red,Doja Cat,3,3,4
2023-09-23,5,Soldat,"VC Barre, Pablo Paz & takenoelz",4,1,4
2023-09-23,6,Kan Inte Ga,Bolaget,8,1,67
2023-09-23,7,Sprinter,Dave & Central Cee,5,2,15
2023-09-23,8,Babblarnas Vaggvisa,Babblarna,9,5,74
2023-09-23,9,Djurens Vaggvisa,Humlan Djojj,10,9,18
2023-09-23,10,Raggarbilar (Warra Warra),"Rasmus Gozzi, FROKEN SNUSK & Danjal",6,3,5
2023-09-23,11,Natten Blir Till Dag,Victor Leksell,7,4,3
2023-09-23,12,Andas In Andas Ut,Thomas Stenstrom,11,4,21
2023-09-23,13,Grat,Hov1,14,1,18
2023-09-23,14,Josefin,Albin Lee Meldau,15,9,26
2023-09-23,15,What Was I Made For?,Billie Eilish,12,4,8
2023-09-23,16,Vibe Check,Hov1,13,2,5
2023-09-23,17,Cruel Summer,Taylor Swift,16,16,5
2023-09-23,18,Farval,Bolaget,-,18,1
2023-09-23,19,Fanga Mig Nar Jag Faller,Victor Leksell,17,3,20
2023-09-23,20,Banan Melon Kiwi & Citron,Hooja,18,5,49
2023-09-23,21,Vampire,Olivia Rodrigo,-,21,2
2023-09-23,22,Kommer Du Ihag?,Hooja,23,5,20
2023-09-23,23,Standard,Einar & A36,19,3,8
2023-09-23,24,Diskoteka,Hooja,20,3,11
2023-09-23,25,Can't Tame Her,Zara Larsson,22,5,33
2023-09-30,1,Farval,Bolaget,18,1,2
2023-09-30,2,Prada,"casso, RAYE & D-Block Europe",2,1,5
2023-09-30,3,On My Love,Zara Larsson x David Guetta,-,3,1
2023-09-30,4,Ikvall Igen,Bolaget,3,1,24
2023-09-30,5,Paint The Town Red,Doja Cat,4,3,5
2023-09-30,6,Saudade,Hov1 & Hakan Hellstrom,1,1,2
2023-09-30,7,Greedy,Tate McRae,-,7,1
2023-09-30,8,Forsoker Le,Hooja,-,8,1
2023-09-30,9,Soldat,"VC Barre, Pablo Paz & takenoelz",5,1,5
2023-09-30,10,Babblarnas Vaggvisa,Babblarna,8,5,75
2023-09-30,11,Strangers,Kenya Grace,-,11,1
2023-09-30,12,Kan Inte Ga,Bolaget,6,1,68
2023-09-30,13,Djurens Vaggvisa,Humlan Djojj,9,9,19
2023-09-30,14,Sprinter,Dave & Central Cee,7,2,16
2023-09-30,15,Raggarbilar (Warra Warra),"Rasmus Gozzi, FROKEN SNUSK & Danjal",10,3,6
2023-09-30,16,Andas In Andas Ut,Thomas Stenstrom,12,4,22
2023-09-30,17,Den Sista Sangen,Darin,-,17,1
2023-09-30,18,Josefin,Albin Lee Meldau,14,9,27
2023-09-30,19,Grat,Hov1,13,1,19
2023-09-30,20,What Was I Made For?,Billie Eilish,15,4,9
2023-09-30,21,Natten Blir Till Dag,Victor Leksell,11,4,4
2023-09-30,22,Fanga Mig Nar Jag Faller,Victor Leksell,19,3,21
2023-09-30,23,Water,Tyla,-,23,1
2023-09-30,24,Banan Melon Kiwi & Citron,Hooja,20,5,50
2023-09-30,25,Slime You Out,Drake Featuring SZA,-,25,1
2023-10-07,1,Dans Fran Dig,Einar Featuring Sara Kurt,-,1,1
2023-10-07,2,Prada,"casso, RAYE & D-Block Europe",2,1,6
2023-10-07,3,Farval,Bolaget,1,1,3
2023-10-07,4,Go,Ant Wan,-,4,1
2023-10-07,5,Ikvall Igen,Bolaget,4,1,25
2023-10-07,6,Paint The Town Red,Doja Cat,5,3,6
2023-10-07,7,Greedy,Tate McRae,7,7,2
2023-10-07,8,Strangers,Kenya Grace,11,8,2
2023-10-07,9,On My Love,Zara Larsson x David Guetta,3,3,2
2023-10-07,10,Automatic,C.Gambino,-,10,1
2023-10-07,11,Saudade,Hov1 & Hakan Hellstrom,6,1,3
2023-10-07,12,Babblarnas Vaggvisa,Babblarna,10,5,76
2023-10-07,13,Djurens Vaggvisa,Humlan Djojj,13,9,20
2023-10-07,14,Soldat,"VC Barre, Pablo Paz & takenoelz",9,1,6
2023-10-07,15,Kan Inte Ga,Bolaget,12,1,69
2023-10-07,16,Feeling Myself,23,-,1,12
2023-10-07,17,Sprinter,Dave & Central Cee,14,2,17
2023-10-07,18,Andas In Andas Ut,Thomas Stenstrom,16,4,23
2023-10-07,19,Raggarbilar (Warra Warra),"Rasmus Gozzi, FROKEN SNUSK & Danjal",15,3,7
2023-10-07,20,Salam,Yasin,-,20,1
2023-10-07,21,Josefin,Albin Lee Meldau,18,9,28
2023-10-07,22,Rosor & Champagne,Lars Winnerback,-,22,1
2023-10-07,23,Bast Har Inne,Thomas Stenstrom,-,23,1
2023-10-07,24,Ar Det Nat Jag Ska Ta Med,Lars Winnerback,-,24,1
2023-10-07,25,Den Sista Sangen,Darin,17,17,2
2023-10-14,1,Go,Ant Wan,4,1,2
2023-10-14,2,Dans Fran Dig,Einar Featuring Sara Kurt,1,1,2
2023-10-14,3,Prada,"casso, RAYE & D-Block Europe",2,1,7
2023-10-14,4,Farval,Bolaget,3,1,4
2023-10-14,5,Automatic,C.Gambino,10,5,2
2023-10-14,6,Greedy,Tate McRae,7,6,3
2023-10-14,7,Konstnarer,Asme & Shiro,-,7,1
2023-10-14,8,Ikvall Igen,Bolaget,5,1,26
2023-10-14,9,Strangers,Kenya Grace,8,8,3
2023-10-14,10,Paint The Town Red,Doja Cat,6,3,7
2023-10-14,11,Komplicerat,Ant Wan,-,2,13
2023-10-14,12,Babblarnas Vaggvisa,Babblarna,12,5,77
2023-10-14,13,Djurens Vaggvisa,Humlan Djojj,13,9,21
2023-10-14,14,On My Love,Zara Larsson x David Guetta,9,3,3
2023-10-14,15,Malaika,Ant Wan,-,15,1
2023-10-14,16,Feeling Myself,23,16,1,13
2023-10-14,17,Kan Inte Ga,Bolaget,15,1,70
2023-10-14,18,Soldat,"VC Barre, Pablo Paz & takenoelz",14,1,7
2023-10-14,19,Saudade,Hov1 & Hakan Hellstrom,11,1,4
2023-10-14,20,En Till Dans,Ant Wan,-,3,5
2023-10-14,21,Josefin,Albin Lee Meldau,21,9,29
2023-10-14,22,Andas In Andas Ut,Thomas Stenstrom,18,4,24
2023-10-14,23,Sprinter,Dave & Central Cee,17,2,18
2023-10-14,24,I Remember Everything,Zach Bryan Featuring Kacey Musgraves,-,24,1
2023-10-14,25,American Town,Ed Sheeran,-,25,1
2023-10-21,1,Automatic,C.Gambino,5,1,3
2023-10-21,2,Go,Ant Wan,1,1,3
2023-10-21,3,Dans Fran Dig,Einar Featuring Sara Kurt,2,1,3
2023-10-21,4,Prada,"casso, RAYE & D-Block Europe",3,1,8
2023-10-21,5,Farval,Bolaget,4,1,5
2023-10-21,6,Greedy,Tate McRae,6,6,4
2023-10-21,7,Ikvall Igen,Bolaget,8,1,27
2023-10-21,8,Strangers,Kenya Grace,9,8,4
2023-10-21,9,Babblarnas Vaggvisa,Babblarna,12,5,78
2023-10-21,10,Djurens Vaggvisa,Humlan Djojj,13,9,22
2023-10-21,11,Paint The Town Red,Doja Cat,10,3,8
2023-10-21,12,Komplicerat,Ant Wan,11,2,14
2023-10-21,13,Malaika,Ant Wan,15,13,2
2023-10-21,14,Konstnarer,Asme & Shiro,7,7,2
2023-10-21,15,On My Love,Zara Larsson x David Guetta,14,3,4
2023-10-21,16,Feeling Myself,23,16,1,14
2023-10-21,17,Kan Inte Ga,Bolaget,17,1,71
2023-10-21,18,Soldat,"VC Barre, Pablo Paz & takenoelz",18,1,8
2023-10-21,19,Water,Tyla,-,19,2
2023-10-21,20,I Remember Everything,Zach Bryan Featuring Kacey Musgraves,24,20,2
2023-10-21,21,En Till Dans,Ant Wan,20,3,6
2023-10-21,22,Andas In Andas Ut,Thomas Stenstrom,22,4,25
2023-10-21,23,Saudade,Hov1 & Hakan Hellstrom,19,1,5
2023-10-21,24,Sprinter,Dave & Central Cee,23,2,19
2023-10-21,25,Den Sista Sangen,Darin,-,17,3
2023-10-28,1,Automatic,C.Gambino,1,1,4
2023-10-28,2,Prada,"casso, RAYE & D-Block Europe",4,1,9
2023-10-28,3,Dans Fran Dig,Einar Featuring Sara Kurt,3,1,4
2023-10-28,4,Si No Estas,Inigo Quintero,-,4,1
2023-10-28,5,Go,Ant Wan,2,1,4
2023-10-28,6,Farval,Bolaget,5,1,6
2023-10-28,7,Greedy,Tate McRae,6,6,5
2023-10-28,8,Strangers,Kenya Grace,8,8,5
2023-10-28,9,Ikvall Igen,Bolaget,7,1,28
2023-10-28,10,Babblarnas Vaggvisa,Babblarna,9,5,79
2023-10-28,11,Djurens Vaggvisa,Humlan Djojj,10,9,23
2023-10-28,12,Water,Tyla,19,12,3
2023-10-28,13,Paint The Town Red,Doja Cat,11,3,9
2023-10-28,14,Komplicerat,Ant Wan,12,2,15
2023-10-28,15,Is It Love,Loreen,-,15,1
2023-10-28,16,Malaika,Ant Wan,13,13,3
2023-10-28,17,Hoppas Att Jag Gjorde Allt Jag,Thomas Stenstrom,-,17,1
2023-10-28,18,On My Love,Zara Larsson x David Guetta,15,3,5
2023-10-28,19,Kan Inte Ga,Bolaget,17,1,72
2023-10-28,20,Andas In Andas Ut,Thomas Stenstrom,22,4,26
2023-10-28,21,I Remember Everything,Zach Bryan Featuring Kacey Musgraves,20,20,3
2023-10-28,22,Feeling Myself,23,16,1,15
2023-10-28,23,Konstnarer,Asme & Shiro,14,7,3
2023-10-28,24,Soldat,"VC Barre, Pablo Paz & takenoelz",18,1,9
2023-10-28,25,Cruel Summer,Taylor Swift,-,16,6
2023-11-04,1,Det Kommer Aldrig Va Over For Mig,Veronica Maggio,-,1,1
2023-11-04,2,Si No Estas,Inigo Quintero,4,2,2
2023-11-04,3,Automatic,C.Gambino,1,1,5
2023-11-04,4,Nar Lyktorna Tands,Hov1,-,4,1
2023-11-04,5,Dans Fran Dig,Einar Featuring Sara Kurt,3,1,5
2023-11-04,6,Prada,"casso, RAYE & D-Block Europe",2,1,10
2023-11-04,7,Go,Ant Wan,5,1,5
2023-11-04,8,Farval,Bolaget,6,1,7
2023-11-04,9,Greedy,Tate McRae,7,6,6
2023-11-04,10,Babblarnas Vaggvisa,Babblarna,10,5,80
2023-11-04,11,Djurens Vaggvisa,Humlan Djojj,11,9,24
2023-11-04,12,Valborg,Hanna Ferm,-,12,1
2023-11-04,13,Ikvall Igen,Bolaget,9,1,29
2023-11-04,14,Strangers,Kenya Grace,8,8,6
2023-11-04,15,Gas,Asme,-,15,1
2023-11-04,16,Water,Tyla,12,12,4
2023-11-04,17,Cruel Summer,Taylor Swift,25,16,7
2023-11-04,18,Komplicerat,Ant Wan,14,2,16
2023-11-04,19,Paint The Town Red,Doja Cat,13,3,10
2023-11-04,20,Comwiq,Nuqi X 23,-,20,1
2023-11-04,21,Malaika,Ant Wan,16,13,4
2023-11-04,22,Kan Inte Ga,Bolaget,19,1,73
2023-11-04,23,On My Love,Zara Larsson x David Guetta,18,3,6
2023-11-04,24,I Remember Everything,Zach Bryan Featuring Kacey Musgraves,21,20,4
2023-11-04,25,Hjarta,B.Baby,-,25,1
2023-11-11,1,Si No Estas,Inigo Quintero,2,1,3
2023-11-11,2,Det Kommer Aldrig Va Over For Mig,Veronica Maggio,1,1,2
2023-11-11,3,Automatic,C.Gambino,3,1,6
2023-11-11,4,Prada,"casso, RAYE & D-Block Europe",6,1,11
2023-11-11,5,Dans Fran Dig,Einar Featuring Sara Kurt,5,1,6
2023-11-11,6,Hjarta,B.Baby,25,6,2
2023-11-11,7,Aktiv,Asme & Owen,-,7,1
2023-11-11,8,Go,Ant Wan,7,1,6
2023-11-11,9,Djurens Vaggvisa,Humlan Djojj,11,9,25
2023-11-11,10,Babblarnas Vaggvisa,Babblarna,10,5,81
2023-11-11,11,Greedy,Tate McRae,9,6,7
2023-11-11,12,Zombie,Haval x Yasin,-,12,1
2023-11-11,13,Ikvall Igen,Bolaget,13,1,30
2023-11-11,14,Farval,Bolaget,8,1,8
2023-11-11,15,Gas,Asme,15,15,2
2023-11-11,16,Is It Over Now? (Taylor's Version) [From The Vault],Taylor Swift,-,16,1
2023-11-11,17,Nar Lyktorna Tands,Hov1,4,4,2
2023-11-11,18,Inatt (Inget Stoppar Oss Nu),Ellen Krauss,-,18,1
2023-11-11,19,Strangers,Kenya Grace,14,8,7
2023-11-11,20,Water,Tyla,16,12,5
2023-11-11,21,Komplicerat,Ant Wan,18,2,17
2023-11-11,22,Kan Inte Ga,Bolaget,22,1,74
2023-11-11,23,Slut! (Taylor's Version) [From The Vault],Taylor Swift,-,23,1
2023-11-11,24,Psykos,Molly Sanden,-,24,1
2023-11-11,25,Paint The Town Red,Doja Cat,19,3,11
2023-11-18,1,Si No Estas,Inigo Quintero,1,1,4
2023-11-18,2,Hjarta,B.Baby,6,2,3
2023-11-18,3,Det Kommer Aldrig Va Over For Mig,Veronica Maggio,2,1,3
2023-11-18,4,Dans Fran Dig,Einar Featuring Sara Kurt,5,1,7
2023-11-18,5,Prada,"casso, RAYE & D-Block Europe",4,1,12
2023-11-18,6,Inatt (Inget Stoppar Oss Nu),Ellen Krauss,18,6,2
2023-11-18,7,Automatic,C.Gambino,3,1,7
2023-11-18,8,Battre Nu (The Wedding),Peg Parnevik,-,8,1
2023-11-18,9,Djurens Vaggvisa,Humlan Djojj,9,9,26
2023-11-18,10,Babblarnas Vaggvisa,Babblarna,10,5,82
2023-11-18,11,Go,Ant Wan,8,1,7
2023-11-18,12,Overallt,diZzy,-,12,1
2023-11-18,13,Aktiv,Asme & Owen,7,7,2
2023-11-18,14,Greedy,Tate McRae,11,6,8
2023-11-18,15,Now And Then,The Beatles,-,15,1
2023-11-18,16,Extend,C.Gambino,-,16,1
2023-11-18,17,Ikvall Igen,Bolaget,13,1,31
2023-11-18,18,Is It Over Now? (Taylor's Version) [From The Vault],Taylor Swift,16,16,2
2023-11-18,19,Farval,Bolaget,14,1,9
2023-11-18,20,Zombie,Haval x Yasin,12,12,2
2023-11-18,21,Strangers,Kenya Grace,19,8,8
2023-11-18,22,Gas,Asme,15,15,3
2023-11-18,23,Water,Tyla,20,12,6
2023-11-18,24,Komplicerat,Ant Wan,21,2,18
2023-11-18,25,I Remember Everything,Zach Bryan Featuring Kacey Musgraves,-,20,5
2023-11-25,1,Hjarta,B.Baby,2,1,4
2023-11-25,2,Battre Nu (The Wedding),Peg Parnevik,8,2,2
2023-11-25,3,Dans Fran Dig,Einar Featuring Sara Kurt,4,1,8
2023-11-25,4,Si No Estas,Inigo Quintero,1,1,5
2023-11-25,5,Prada,"casso, RAYE & D-Block Europe",5,1,13
2023-11-25,6,Inatt (Inget Stoppar Oss Nu),Ellen Krauss,6,6,3
2023-11-25,7,Overallt,diZzy,12,7,2
2023-11-25,8,Det Kommer Aldrig Va Over For Mig,Veronica Maggio,3,1,4
2023-11-25,9,Automatic,C.Gambino,7,1,8
2023-11-25,10,Djurens Vaggvisa,Humlan Djojj,9,9,27
2023-11-25,11,Babblarnas Vaggvisa,Babblarna,10,5,83
2023-11-25,12,Greedy,Tate McRae,14,6,9
2023-11-25,13,Houdini,Dua Lipa,-,13,1
2023-11-25,14,Go,Ant Wan,11,1,8
2023-11-25,15,Ikvall Igen,Bolaget,17,1,32
2023-11-25,16,Aktiv,Asme & Owen,13,7,3
2023-11-25,17,Farval,Bolaget,19,1,10
2023-11-25,18,Lovin On Me,Jack Harlow,-,18,1
2023-11-25,19,Que Pasa?,VC Barre,-,19,1
2023-11-25,20,Tillsammans,Reyn & Mwuana,-,20,1
2023-11-25,21,All I Want For Christmas Is You,Mariah Carey,-,1,7
2023-11-25,22,Last Christmas,Wham!,-,1,7
2023-11-25,23,Is It Over Now? (Taylor's Version) [From The Vault],Taylor Swift,18,16,3
2023-11-25,24,Extend,C.Gambino,16,16,2
2023-11-25,25,Strangers,Kenya Grace,21,8,9
2023-12-02,1,Battre Nu (The Wedding),Peg Parnevik,2,1,3
2023-12-02,2,Hjarta,B.Baby,1,1,5
2023-12-02,3,Inatt (Inget Stoppar Oss Nu),Ellen Krauss,6,3,4
2023-12-02,4,Overallt,diZzy,7,4,3
2023-12-02,5,Dans Fran Dig,Einar Featuring Sara Kurt,3,1,9
2023-12-02,6,"Stockholm, Sweden",Yasin,-,6,1
2023-12-02,7,Prada,"casso, RAYE & D-Block Europe",5,1,14
2023-12-02,8,Last Christmas,Wham!,22,1,8
2023-12-02,9,All I Want For Christmas Is You,Mariah Carey,21,1,8
2023-12-02,10,Si No Estas,Inigo Quintero,4,1,6
2023-12-02,11,Djurens Vaggvisa,Humlan Djojj,10,9,28
2023-12-02,12,Babblarnas Vaggvisa,Babblarna,11,5,84
2023-12-02,13,Kod Rod,23,-,13,1
2023-12-02,14,Greedy,Tate McRae,12,6,10
2023-12-02,15,Lovin On Me,Jack Harlow,18,15,2
2023-12-02,16,We Lit,23,-,16,1
2023-12-02,17,Det Kommer Aldrig Va Over For Mig,Veronica Maggio,8,1,5
2023-12-02,18,Automatic,C.Gambino,9,1,9
2023-12-02,19,Water,Tyla,-,12,7
2023-12-02,20,Tillsammans,Reyn & Mwuana,20,20,2
2023-12-02,21,Que Pasa?,VC Barre,19,19,2
2023-12-02,22,Go,Ant Wan,14,1,9
2023-12-02,23,Ikvall Igen,Bolaget,15,1,33
2023-12-02,24,Exes,Tate McRae,-,24,1
2023-12-02,25,Rid Mig Som En Dalahast,Rasmus Gozzi X FROKEN SNUSK,-,1,46
2023-12-09,1,Last Christmas,Wham!,8,1,9
2023-12-09,2,All I Want For Christmas Is You,Mariah Carey,9,1,9
2023-12-09,3,Battre Nu (The Wedding),Peg Parnevik,1,1,4
2023-12-09,4,Hjarta,B.Baby,2,1,6
2023-12-09,5,Overallt,diZzy,4,4,4
2023-12-09,6,Inatt (Inget Stoppar Oss Nu),Ellen Krauss,3,3,5
2023-12-09,7,Ramla,Victor Leksell,-,7,1
2023-12-09,8,Dans Fran Dig,Einar Featuring Sara Kurt,5,1,10
2023-12-09,9,Rockin' Around The Christmas Tree,Brenda Lee,-,6,7
2023-12-09,10,Prada,"casso, RAYE & D-Block Europe",7,1,15
2023-12-09,11,It's Beginning To Look A Lot Like Christmas,Michael Buble,-,3,7
2023-12-09,12,Jingle Bell Rock,Bobby Helms,-,8,6
2023-12-09,13,Feliz Navidad,Jose Feliciano,-,3,6
2023-12-09,14,Lovin On Me,Jack Harlow,15,14,3
2023-12-09,15,Tand Ett Ljus,Triad,-,5,6
2023-12-09,16,Djurens Vaggvisa,Humlan Djojj,11,9,29
2023-12-09,17,Babblarnas Vaggvisa,Babblarna,12,5,85
2023-12-09,18,Snowman,Sia,-,18,2
2023-12-09,19,Valkommen Hem,E.M.D.,-,11,6
2023-12-09,20,"Stockholm, Sweden",Yasin,6,6,2
2023-12-09,21,Santa Tell Me,Ariana Grande,-,18,5
2023-12-09,22,Greedy,Tate McRae,14,6,11
2023-12-09,23,Memory Lane,Zara Larsson,-,23,1
2023-12-09,24,It's The Most Wonderful Time Of The Year,Andy Williams,-,9,6
2023-12-09,25,Si No Estas,Inigo Quintero,10,1,7
2023-12-16,1,Last Christmas,Wham!,1,1,10
2023-12-16,2,All I Want For Christmas Is You,Mariah Carey,2,1,10
2023-12-16,3,Feliz Navidad,Jose Feliciano,13,3,7
2023-12-16,4,Rockin' Around The Christmas Tree,Brenda Lee,9,4,8
2023-12-16,5,It's Beginning To Look A Lot Like Christmas,Michael Buble,11,3,8
2023-12-16,6,Jingle Bell Rock,Bobby Helms,12,6,7
2023-12-16,7,Tand Ett Ljus,Triad,15,5,7
2023-12-16,8,Valkommen Hem,E.M.D.,19,8,7
2023-12-16,9,Snowman,Sia,18,9,3
2023-12-16,10,Battre Nu (The Wedding),Peg Parnevik,3,1,5
2023-12-16,11,Julen Ar Har,Tommy Korberg & Sissel Kyrkjebo,-,11,5
2023-12-16,12,Santa Tell Me,Ariana Grande,21,12,6
2023-12-16,13,It's The Most Wonderful Time Of The Year,Andy Williams,24,9,7
2023-12-16,14,Fairytale Of New York,The Pogues Featuring Kirsty MacColl,-,14,3
2023-12-16,15,Mistletoe,Justin Bieber,-,15,1
2023-12-16,16,Driving Home For Christmas,Chris Rea,-,13,4
2023-12-16,17,Ser Du Manen Dar Du Ar Ikvall? (Tillsammans Igen),Thomas Stenstrom,-,8,6
2023-12-16,18,Overallt,diZzy,5,4,5
2023-12-16,19,Mer Jul,Adolphson & Falk,-,12,5
2023-12-16,20,Hey Ho,Freddy Kalas,-,14,6
2023-12-16,21,Dans Fran Dig,Einar Featuring Sara Kurt,8,1,11
2023-12-16,22,Memory Lane,Zara Larsson,23,22,2
2023-12-16,23,Do They Know It's Christmas?,Band Aid,-,15,4
2023-12-16,24,Hjarta,B.Baby,4,1,7
2023-12-16,25,"Let It Snow, Let It Snow, Let It Snow!",Frank Sinatra With The B. Swanson Quartet / Alex Stordahl,-,18,3
2023-12-23,1,Last Christmas,Wham!,1,1,11
2023-12-23,2,All I Want For Christmas Is You,Mariah Carey,2,1,11
2023-12-23,3,Feliz Navidad,Jose Feliciano,3,3,8
2023-12-23,4,Tand Ett Ljus,Triad,7,4,8
2023-12-23,5,It's Beginning To Look A Lot Like Christmas,Michael Buble,5,3,9
2023-12-23,6,Astronaut,Bolaget,-,6,1
2023-12-23,7,Snowman,Sia,9,7,4
2023-12-23,8,Valkommen Hem,E.M.D.,8,8,8
2023-12-23,9,Rockin' Around The Christmas Tree,Brenda Lee,4,4,9
2023-12-23,10,Julen Ar Har,Tommy Korberg & Sissel Kyrkjebo,11,10,6
2023-12-23,11,Jingle Bell Rock,Bobby Helms,6,6,8
2023-12-23,12,Battre Nu (The Wedding),Peg Parnevik,10,1,6
2023-12-23,13,Fairytale Of New York,The Pogues Featuring Kirsty MacColl,14,13,4
2023-12-23,14,It's The Most Wonderful Time Of The Year,Andy Williams,13,9,8
2023-12-23,15,Hey Ho,Freddy Kalas,20,14,7
2023-12-23,16,Driving Home For Christmas,Chris Rea,16,13,5
2023-12-23,17,Mer Jul,Adolphson & Falk,19,12,6
2023-12-23,18,Santa Tell Me,Ariana Grande,12,12,7
2023-12-23,19,Overallt,diZzy,18,4,6
2023-12-23,20,Memory Lane,Zara Larsson,22,20,3
2023-12-23,21,Ser Du Manen Dar Du Ar Ikvall? (Tillsammans Igen),Thomas Stenstrom,17,8,7
2023-12-23,22,Mistletoe,Justin Bieber,15,15,2
2023-12-23,23,Dans Fran Dig,Einar Featuring Sara Kurt,21,1,12
2023-12-23,24,Do They Know It's Christmas?,Band Aid,23,15,5
2023-12-23,25,Happy Xmas (War Is Over),John & Yoko/The Plastic Ono Band With The Harlem Community Choir,-,25,3
2023-12-30,1,Last Christmas,Wham!,1,1,12
2023-12-30,2,All I Want For Christmas Is You,Mariah Carey,2,1,12
2023-12-30,3,Feliz Navidad,Jose Feliciano,3,3,9
2023-12-30,4,Tand Ett Ljus,Triad,4,4,9
2023-12-30,5,It's Beginning To Look A Lot Like Christmas,Michael Buble,5,3,10
2023-12-30,6,Rockin' Around The Christmas Tree,Brenda Lee,9,4,10
2023-12-30,7,Snowman,Sia,7,7,5
2023-12-30,8,Valkommen Hem,E.M.D.,8,8,9
2023-12-30,9,Julen Ar Har,Tommy Korberg & Sissel Kyrkjebo,10,9,7
2023-12-30,10,Astronaut,Bolaget,6,6,2
2023-12-30,11,Hey Ho,Freddy Kalas,15,11,8
2023-12-30,12,Jingle Bell Rock,Bobby Helms,11,6,9
2023-12-30,13,It's The Most Wonderful Time Of The Year,Andy Williams,14,9,9
2023-12-30,14,Santa Tell Me,Ariana Grande,18,12,8
2023-12-30,15,Driving Home For Christmas,Chris Rea,16,13,6
2023-12-30,16,Mer Jul,Adolphson & Falk,17,12,7
2023-12-30,17,Fairytale Of New York,The Pogues Featuring Kirsty MacColl,13,13,5
2023-12-30,18,Mistletoe,Justin Bieber,22,15,3
2023-12-30,19,Ser Du Manen Dar Du Ar Ikvall? (Tillsammans Igen),Thomas Stenstrom,21,8,8
2023-12-30,20,Battre Nu (The Wedding),Peg Parnevik,12,1,7
2023-12-30,21,Do They Know It's Christmas?,Band Aid,24,15,6
2023-12-30,22,Merry Christmas,Ed Sheeran & Elton John,-,20,3
2023-12-30,23,Overallt,diZzy,19,4,7
2023-12-30,24,Happy Xmas (War Is Over),John & Yoko/The Plastic Ono Band With The Harlem Community Choir,25,24,4
2023-12-30,25,"Let It Snow, Let It Snow, Let It Snow!",Frank Sinatra With The B. Swanson Quartet / Alex Stordahl,-,18,4
2024-01-06,1,Last Christmas,Wham!,1,1,13
2024-01-06,2,All I Want For Christmas Is You,Mariah Carey,2,1,13
2024-01-06,3,Tand Ett Ljus,Triad,4,3,10
2024-01-06,4,Feliz Navidad,Jose Feliciano,3,3,10
2024-01-06,5,It's Beginning To Look A Lot Like Christmas,Michael Buble,5,3,11
2024-01-06,6,Rockin' Around The Christmas Tree,Brenda Lee,6,4,11
2024-01-06,7,Julen Ar Har,Tommy Korberg & Sissel Kyrkjebo,9,7,8
2024-01-06,8,Snowman,Sia,7,7,6
2024-01-06,9,Valkommen Hem,E.M.D.,8,8,10
2024-01-06,10,Jingle Bell Rock,Bobby Helms,12,6,10
2024-01-06,11,Lat Mig Va,VL x Bolaget,-,11,1
2024-01-06,12,Fairytale Of New York,The Pogues Featuring Kirsty MacColl,17,12,6
2024-01-06,13,Mer Jul,Adolphson & Falk,16,12,8
2024-01-06,14,It's The Most Wonderful Time Of The Year,Andy Williams,13,9,10
2024-01-06,15,Driving Home For Christmas,Chris Rea,15,13,7
2024-01-06,16,Santa Tell Me,Ariana Grande,14,12,9
2024-01-06,17,Hey Ho,Freddy Kalas,11,11,9
2024-01-06,18,Merry Christmas,Ed Sheeran & Elton John,22,18,4
2024-01-06,19,Do They Know It's Christmas?,Band Aid,21,15,7
2024-01-06,20,"Let It Snow, Let It Snow, Let It Snow!",Frank Sinatra With The B. Swanson Quartet / Alex Stordahl,25,18,5
2024-01-06,21,Happy Xmas (War Is Over),John & Yoko/The Plastic Ono Band With The Harlem Community Choir,24,21,5
2024-01-06,22,Astronaut,Bolaget,10,6,3
2024-01-06,23,Jag Kommer Hem Igen Till Jul,Peter Joback,-,21,3
2024-01-06,24,Mistletoe,Justin Bieber,18,15,4
2024-01-06,25,Ser Du Manen Dar Du Ar Ikvall? (Tillsammans Igen),Thomas Stenstrom,19,8,9
2024-01-13,1,Lat Mig Va,VL x Bolaget,11,1,2
2024-01-13,2,Astronaut,Bolaget,22,2,4
2024-01-13,3,Prada,"casso, RAYE & D-Block Europe",-,1,16
2024-01-13,4,Kan Inte Ga,Bolaget,-,1,75
2024-01-13,5,Ikvall Igen,Bolaget,-,1,34
2024-01-13,6,Battre Nu (The Wedding),Peg Parnevik,-,1,8
2024-01-13,7,Djurens Vaggvisa,Humlan Djojj,-,7,30
2024-01-13,8,Babblarnas Vaggvisa,Babblarna,-,5,86
2024-01-13,9,Overallt,diZzy,-,4,8
2024-01-13,10,Lovin On Me,Jack Harlow,-,10,4
2024-01-13,11,Inatt (Inget Stoppar Oss Nu),Ellen Krauss,-,3,6
2024-01-13,12,Hjarta,B.Baby,-,1,8
2024-01-13,13,Dans Fran Dig,Einar Featuring Sara Kurt,-,1,13
2024-01-13,14,Happy New Year,ABBA,-,14,2
2024-01-13,15,Memory Lane,Zara Larsson,-,15,4
2024-01-13,16,Banan Melon Kiwi & Citron,Hooja,-,5,51
2024-01-13,17,Det Ar Ju Dej Jag Gar Och Vantar Pa,Lucianoz,-,17,1
2024-01-13,18,Rid Mig Som En Dalahast,Rasmus Gozzi X FROKEN SNUSK,-,1,47
2024-01-13,19,Ramla,Victor Leksell,-,7,2
2024-01-13,20,Can't Tame Her,Zara Larsson,-,5,34
2024-01-13,21,Greedy,Tate McRae,-,6,12
2024-01-13,22,Farval,Bolaget,-,1,11
2024-01-13,23,Halsa Gud,Miss Li,-,4,27
2024-01-13,24,Cruel Summer,Taylor Swift,-,16,8
2024-01-13,25,Andas In Andas Ut,Thomas Stenstrom,-,4,27
2024-01-20,1,Svar,C.Gambino,-,1,1
2024-01-20,2,Lat Mig Va,VL x Bolaget,1,1,3
2024-01-20,3,Astronaut,Bolaget,2,2,5
2024-01-20,4,Battre Nu (The Wedding),Peg Parnevik,6,1,9
2024-01-20,5,Prada,"casso, RAYE & D-Block Europe",3,1,17
2024-01-20,6,Djurens Vaggvisa,Humlan Djojj,7,6,31
2024-01-20,7,Babblarnas Vaggvisa,Babblarna,8,5,87
2024-01-20,8,Overallt,diZzy,9,4,9
2024-01-20,9,Ikvall Igen,Bolaget,5,1,35
2024-01-20,10,Lovin On Me,Jack Harlow,10,10,5
2024-01-20,11,Dans Fran Dig,Einar Featuring Sara Kurt,13,1,14
2024-01-20,12,Automatic,C.Gambino,-,1,10
2024-01-20,13,Inatt (Inget Stoppar Oss Nu),Ellen Krauss,11,3,7
2024-01-20,14,Kan Inte Ga,Bolaget,4,1,76
2024-01-20,15,Hjarta,B.Baby,12,1,9
2024-01-20,16,Memory Lane,Zara Larsson,15,15,5
2024-01-20,17,Who We Are,C.Gambino,-,17,1
2024-01-20,18,Ramla,Victor Leksell,19,7,3
2024-01-20,19,Greedy,Tate McRae,21,6,13
2024-01-20,20,TSM,C.Gambino,-,20,1
2024-01-20,21,I Remember Everything,Zach Bryan Featuring Kacey Musgraves,-,20,6
2024-01-20,22,Farval,Bolaget,22,1,12
2024-01-20,23,Somna,Humlan Djojj,-,23,1
2024-01-20,24,Det Kommer Aldrig Va Over For Mig,Veronica Maggio,-,1,6
2024-01-20,25,Stjarnorna,Humlan Djojj,-,25,1
2024-01-27,1,Svar,C.Gambino,1,1,2
2024-01-27,2,Lat Mig Va,VL x Bolaget,2,1,4
2024-01-27,3,Astronaut,Bolaget,3,2,6
2024-01-27,4,Prada,"casso, RAYE & D-Block Europe",5,1,18
2024-01-27,5,Overallt,diZzy,8,4,10
2024-01-27,6,"Yes, And?",Ariana Grande,-,6,1
2024-01-27,7,Battre Nu (The Wedding),Peg Parnevik,4,1,10
2024-01-27,8,Djurens Vaggvisa,Humlan Djojj,6,6,32
2024-01-27,9,Babblarnas Vaggvisa,Babblarna,7,5,88
2024-01-27,10,Dans Fran Dig,Einar Featuring Sara Kurt,11,1,15
2024-01-27,11,Lovin On Me,Jack Harlow,10,10,6
2024-01-27,12,Ikvall Igen,Bolaget,9,1,36
2024-01-27,13,Betongen (Feat. 23),VC Barre Featuring 23,-,13,1
2024-01-27,14,Hjarta,B.Baby,15,1,10
2024-01-27,15,Memory Lane,Zara Larsson,16,15,6
2024-01-27,16,Kan Inte Ga,Bolaget,14,1,77
2024-01-27,17,Inatt (Inget Stoppar Oss Nu),Ellen Krauss,13,3,8
2024-01-27,18,Stick Season,Noah Kahan,-,18,1
2024-01-27,19,Automatic,C.Gambino,12,1,11
2024-01-27,20,I Remember Everything,Zach Bryan Featuring Kacey Musgraves,21,20,7
2024-01-27,21,Greedy,Tate McRae,19,6,14
2024-01-27,22,Ramla,Victor Leksell,18,7,4
2024-01-27,23,Farval,Bolaget,22,1,13
2024-01-27,24,Svart Ferrari,Jireel,-,24,1
2024-01-27,25,One Of The Girls,"The Weeknd , JENNIE & Lily-Rose Depp",-,25,1
2024-02-03,1,Lean & $prite,Owen & Asme,-,1,1
2024-02-03,2,Svar,C.Gambino,1,1,3
2024-02-03,3,Lat Mig Va,VL x Bolaget,2,1,5
2024-02-03,4,Overallt,diZzy,5,4,11
2024-02-03,5,Tid & Tro,Victor Leksell,-,5,1
2024-02-03,6,Prada,"casso, RAYE & D-Block Europe",4,1,19
2024-02-03,7,Whatever,Kygo With Ava Max,-,7,1
2024-02-03,8,You Love Who You Love,Zara Larsson,-,8,1
2024-02-03,9,Astronaut,Bolaget,3,2,7
2024-02-03,10,Battre Nu (The Wedding),Peg Parnevik,7,1,11
2024-02-03,11,"Yes, And?",Ariana Grande,6,6,2
2024-02-03,12,Djurens Vaggvisa,Humlan Djojj,8,6,33
2024-02-03,13,Babblarnas Vaggvisa,Babblarna,9,5,89
2024-02-03,14,Dans Fran Dig,Einar Featuring Sara Kurt,10,1,16
2024-02-03,15,Ikvall Igen,Bolaget,12,1,37
2024-02-03,16,Lovin On Me,Jack Harlow,11,10,7
2024-02-03,17,Lemonade,Y4ska,-,17,1
2024-02-03,18,Stick Season,Noah Kahan,18,18,2
2024-02-03,19,Jeg Vil Ha (Parlamentet),Fjellrev & Roc Meiniac,-,19,1
2024-02-03,20,Hjarta,B.Baby,14,1,11
2024-02-03,21,Inatt (Inget Stoppar Oss Nu),Ellen Krauss,17,3,9
2024-02-03,22,Kan Inte Ga,Bolaget,16,1,78
2024-02-03,23,Murder On The Dancefloor,Sophie Ellis-Bextor,-,23,1
2024-02-03,24,Ramla,Victor Leksell,22,7,5
2024-02-03,25,Betongen (Feat. 23),VC Barre Featuring 23,13,13,2
2024-02-10,1,Kite,Benjamin Ingrosso,-,1,1
2024-02-10,2,Lean & $prite,Owen & Asme,1,1,2
2024-02-10,3,Inga Anglar (Na Na Na),A36,-,3,1
2024-02-10,4,En Gang Till,23,-,4,1
2024-02-10,5,Svar,C.Gambino,2,1,4
2024-02-10,6,Lat Mig Va,VL x Bolaget,3,1,6
2024-02-10,7,Lemonade,Y4ska,17,7,2
2024-02-10,8,Overallt,diZzy,4,4,12
2024-02-10,9,Whatever,Kygo With Ava Max,7,7,2
2024-02-10,10,Jeg Vil Ha (Parlamentet),Fjellrev & Roc Meiniac,19,10,2
2024-02-10,11,Tid & Tro,Victor Leksell,5,5,2
2024-02-10,12,Prada,"casso, RAYE & D-Block Europe",6,1,20
2024-02-10,13,Astronaut,Bolaget,9,2,8
2024-02-10,14,Babblarnas Vaggvisa,Babblarna,13,5,90
2024-02-10,15,Dans Fran Dig,Einar Featuring Sara Kurt,14,1,17
2024-02-10,16,You Love Who You Love,Zara Larsson,8,8,2
2024-02-10,17,Battre Nu (The Wedding),Peg Parnevik,10,1,12
2024-02-10,18,Stick Season,Noah Kahan,18,18,3
2024-02-10,19,Djurens Vaggvisa,Humlan Djojj,12,6,34
2024-02-10,20,Ikvall Igen,Bolaget,15,1,38
2024-02-10,21,Beautiful Things,Benson Boone,-,21,1
2024-02-10,22,Parlor,Kent,-,22,1
2024-02-10,23,"Yes, And?",Ariana Grande,11,6,3
2024-02-10,24,Lovin On Me,Jack Harlow,16,10,8
2024-02-10,25,Kan Inte Ga,Bolaget,22,1,79
2024-02-17,1,Lean & $prite,Owen & Asme,2,1,3
2024-02-17,2,Inga Anglar (Na Na Na),A36,3,2,2
2024-02-17,3,Kite,Benjamin Ingrosso,1,1,2
2024-02-17,4,Lemonade,Y4ska,7,4,3
2024-02-17,5,Lat Mig Va,VL x Bolaget,6,1,7
2024-02-17,6,En Gang Till,23,4,4,2
2024-02-17,7,Svar,C.Gambino,5,1,5
2024-02-17,8,Beautiful Things,Benson Boone,21,8,2
2024-02-17,9,Whatever,Kygo With Ava Max,9,7,3
2024-02-17,10,Overallt,diZzy,8,4,13
2024-02-17,11,Prada,"casso, RAYE & D-Block Europe",12,1,21
2024-02-17,12,Tid & Tro,Victor Leksell,11,5,3
2024-02-17,13,Jeg Vil Ha (Parlamentet),Fjellrev & Roc Meiniac,10,10,3
2024-02-17,14,Astronaut,Bolaget,13,2,9
2024-02-17,15,Djurens Vaggvisa,Humlan Djojj,19,6,35
2024-02-17,16,Babblarnas Vaggvisa,Babblarna,14,5,91
2024-02-17,17,Praise Jah In The Moonlight,YG Marley,-,17,1
2024-02-17,18,Stick Season,Noah Kahan,18,18,4
2024-02-17,19,Dans Fran Dig,Einar Featuring Sara Kurt,15,1,18
2024-02-17,20,Battre Nu (The Wedding),Peg Parnevik,17,1,13
2024-02-17,21,Parlor,Kent,22,21,2
2024-02-17,22,You Love Who You Love,Zara Larsson,16,8,3
2024-02-17,23,Ikvall Igen,Bolaget,20,1,39
2024-02-17,24,Hanterar,diZzy,-,24,1
2024-02-17,25,"Yes, And?",Ariana Grande,23,6,4
2024-02-24,1,Lean & $prite,Owen & Asme,1,1,4
2024-02-24,2,Unga & Fria,FROKEN SNUSK,-,2,1
2024-02-24,3,Lemonade,Y4ska,4,3,4
2024-02-24,4,Inga Anglar (Na Na Na),A36,2,2,3
2024-02-24,5,Kite,Benjamin Ingrosso,3,1,3
2024-02-24,6,Sova,Ant Wan,-,6,1
2024-02-24,7,Lat Mig Va,VL x Bolaget,5,1,8
2024-02-24,8,30 Under 30,Hov1,-,8,1
2024-02-24,9,Beautiful Things,Benson Boone,8,8,3
2024-02-24,10,En Gang Till,23,6,4,3
2024-02-24,11,Svar,C.Gambino,7,1,6
2024-02-24,12,Praise Jah In The Moonlight,YG Marley,17,12,2
2024-02-24,13,Whatever,Kygo With Ava Max,9,7,4
2024-02-24,14,Overallt,diZzy,10,4,14
2024-02-24,15,Prada,"casso, RAYE & D-Block Europe",11,1,22
2024-02-24,16,Luv,Ant Wan,-,16,1
2024-02-24,17,Djurens Vaggvisa,Humlan Djojj,15,6,36
2024-02-24,18,Parlor,Kent,21,18,3
2024-02-24,19,Misstag,Ant Wan,-,19,1
2024-02-24,20,Babblarnas Vaggvisa,Babblarna,16,5,92
2024-02-24,21,Astronaut,Bolaget,14,2,10
2024-02-24,22,Dans Fran Dig,Einar Featuring Sara Kurt,19,1,19
2024-02-24,23,Tid & Tro,Victor Leksell,12,5,4
2024-02-24,24,Stick Season,Noah Kahan,18,18,5
2024-02-24,25,You Love Who You Love,Zara Larsson,22,8,4
2024-03-02,1,Unga & Fria,FROKEN SNUSK,2,1,2
2024-03-02,2,Texas Hold 'Em,Beyonce,-,2,1
2024-03-02,3,Beautiful Things,Benson Boone,9,3,4
2024-03-02,4,Lean & $prite,Owen & Asme,1,1,5
2024-03-02,5,Lemonade,Y4ska,3,3,5
2024-03-02,6,Kite,Benjamin Ingrosso,5,1,4
2024-03-02,7,Lat Mig Va,VL x Bolaget,7,1,9
2024-03-02,8,Inga Anglar (Na Na Na),A36,4,2,4
2024-03-02,9,Praise Jah In The Moonlight,YG Marley,12,9,3
2024-03-02,10,I Won't Shake (La La Gunilla),Gunilla Persson,-,10,1
2024-03-02,11,Whatever,Kygo With Ava Max,13,7,5
2024-03-02,12,En Gang Till,23,10,4,4
2024-03-02,13,Djurens Vaggvisa,Humlan Djojj,17,6,37
2024-03-02,14,Babblarnas Vaggvisa,Babblarna,20,5,93
2024-03-02,15,Prada,"casso, RAYE & D-Block Europe",15,1,23
2024-03-02,16,Svar,C.Gambino,11,1,7
2024-03-02,17,Training Season,Dua Lipa,-,17,1
2024-03-02,18,Parlor,Kent,18,18,4
2024-03-02,19,Mayday (Fjallraddningspatrullen),Hooja,-,19,1
2024-03-02,20,Overallt,diZzy,14,4,15
2024-03-02,21,30 Under 30,Hov1,8,8,2
2024-03-02,22,Stick Season,Noah Kahan,24,18,6
2024-03-02,23,Astronaut,Bolaget,21,2,11
2024-03-02,24,Ikvall Igen,Bolaget,-,1,40
2024-03-02,25,Dans Fran Dig,Einar Featuring Sara Kurt,22,1,20
2024-03-09,1,Unga & Fria,FROKEN SNUSK,1,1,3
2024-03-09,2,Texas Hold 'Em,Beyonce,2,2,2
2024-03-09,3,Beautiful Things,Benson Boone,3,3,5
2024-03-09,4,I Won't Shake (La La Gunilla),Gunilla Persson,10,4,2
2024-03-09,5,30 km/h,Lia Larsson,-,5,1
2024-03-09,6,Lean & $prite,Owen & Asme,4,1,6
2024-03-09,7,Lemonade,Y4ska,5,3,6
2024-03-09,8,Kite,Benjamin Ingrosso,6,1,5
2024-03-09,9,Lat Mig Va,VL x Bolaget,7,1,10
2024-03-09,10,Praise Jah In The Moonlight,YG Marley,9,9,4
2024-03-09,11,Misstag,Miss Li,-,11,1
2024-03-09,12,Whatever,Kygo With Ava Max,11,7,6
2024-03-09,13,Djurens Vaggvisa,Humlan Djojj,13,6,38
2024-03-09,14,Inga Anglar (Na Na Na),A36,8,2,5
2024-03-09,15,Babblarnas Vaggvisa,Babblarna,14,5,94
2024-03-09,16,Prada,"casso, RAYE & D-Block Europe",15,1,24
2024-03-09,17,Lose Control,Teddy Swims,-,17,1
2024-03-09,18,Stick Season,Noah Kahan,22,18,7
2024-03-09,19,End Of Beginning,Djo,-,19,1
2024-03-09,20,En Gang Till,23,12,4,5
2024-03-09,21,Parlor,Kent,18,18,5
2024-03-09,22,Unwritten,Natasha Bedingfield,-,22,1
2024-03-09,23,Ikvall Igen,Bolaget,24,1,41
2024-03-09,24,Svar,C.Gambino,16,1,8
2024-03-09,25,Astronaut,Bolaget,23,2,12
2024-03-16,1,Unga & Fria,FROKEN SNUSK,1,1,4
2024-03-16,2,Que Sera,Medina,-,2,1
2024-03-16,3,Unforgettable,Marcus & Martinus,-,3,1
2024-03-16,4,30 km/h,Lia Larsson,5,4,2
2024-03-16,5,Texas Hold 'Em,Beyonce,2,2,3
2024-03-16,6,Beautiful Things,Benson Boone,3,3,6
2024-03-16,7,Back To My Roots,Jay Smith,-,7,1
2024-03-16,8,I Won't Shake (La La Gunilla),Gunilla Persson,4,4,3
2024-03-16,9,Heroes Are Calling,Smash Into Pieces,-,9,1
2024-03-16,10,Dragon,LIAMOO,-,10,1
2024-03-16,11,Lemonade,Y4ska,7,3,7
2024-03-16,12,It's Not Easy To Write A Love,Dotter,-,12,1
2024-03-16,13,Effortless,Jacqline,-,13,1
2024-03-16,14,Hur Som Helst,Yasin,-,14,1
2024-03-16,15,Happy That You Found Me,Danny Saucedo,-,15,1
2024-03-16,16,Circus X,SCARLET,-,16,1
2024-03-16,17,Lean & $prite,Owen & Asme,6,1,7
2024-03-16,18,For Dig,Klaudy,-,18,1
2024-03-16,19,Lat Mig Va,VL x Bolaget,9,1,11
2024-03-16,20,Give My Heart A Break,Cazzi Opeia,-,20,1
2024-03-16,21,Kite,Benjamin Ingrosso,8,1,6
2024-03-16,22,End Of Beginning,Djo,19,19,2
2024-03-16,23,When I'm Gone,Maria Sur,-,23,1
2024-03-16,24,Person I Noden,ADAAM,-,24,1
2024-03-16,25,Whatever,Kygo With Ava Max,12,7,7
2024-03-23,1,Que Sera,Medina,2,1,2
2024-03-23,2,Unforgettable,Marcus & Martinus,3,2,2
2024-03-23,3,Back To My Roots,Jay Smith,7,3,2
2024-03-23,4,Heroes Are Calling,Smash Into Pieces,9,4,2
2024-03-23,5,Unga & Fria,FROKEN SNUSK,1,1,5
2024-03-23,6,Give My Heart A Break,Cazzi Opeia,20,6,2
2024-03-23,7,Effortless,Jacqline,13,7,2
2024-03-23,8,Dragon,LIAMOO,10,8,2
2024-03-23,9,It's Not Easy To Write A Love,Dotter,12,9,2
2024-03-23,10,Happy That You Found Me,Danny Saucedo,15,10,2
2024-03-23,11,Beautiful Things,Benson Boone,6,3,7
2024-03-23,12,30 km/h,Lia Larsson,4,4,3
2024-03-23,13,Texas Hold 'Em,Beyonce,5,2,4
2024-03-23,14,When I'm Gone,Maria Sur,23,14,2
2024-03-23,15,Kite,Benjamin Ingrosso,21,1,7
2024-03-23,16,Person I Noden,ADAAM,24,16,2
2024-03-23,17,Alla Vill,A36 Featuring estraden,-,17,1
2024-03-23,18,For Dig,Klaudy,18,18,2
2024-03-23,19,End Of Beginning,Djo,22,19,3
2024-03-23,20,I Won't Shake (La La Gunilla),Gunilla Persson,8,4,4
2024-03-23,21,Light,Annika Wickihalder,-,21,1
2024-03-23,22,Awful Liar,Lisa Ajax,-,22,1
2024-03-23,23,We Can't Be Friends (Wait For Your Love),Ariana Grande,-,23,1
2024-03-23,24,Soldat,"VC Barre, Pablo Paz & takenoelz",-,1,10
2024-03-23,25,Lemonade,Y4ska,11,3,8
2024-03-30,1,Que Sera,Medina,1,1,3
2024-03-30,2,Unforgettable,Marcus & Martinus,2,2,3
2024-03-30,3,Unga & Fria,FROKEN SNUSK,5,1,6
2024-03-30,4,Beautiful Things,Benson Boone,11,3,8
2024-03-30,5,Heroes Are Calling,Smash Into Pieces,4,4,3
2024-03-30,6,Back To My Roots,Jay Smith,3,3,3
2024-03-30,7,Person I Noden,ADAAM,16,7,3
2024-03-30,8,We Can't Be Friends (Wait For Your Love),Ariana Grande,23,8,2
2024-03-30,9,Give My Heart A Break,Cazzi Opeia,6,6,3
2024-03-30,10,Texas Hold 'Em,Beyonce,13,2,5
2024-03-30,11,End Of Beginning,Djo,19,11,4
2024-03-30,12,Effortless,Jacqline,7,7,3
2024-03-30,13,30 km/h,Lia Larsson,12,4,4
2024-03-30,14,Still The One,Bjorn Gustafsson,-,14,1
2024-03-30,15,Kite,Benjamin Ingrosso,15,1,8
2024-03-30,16,Duktig Tjej,Sarettii,-,16,1
2024-03-30,17,Dragon,LIAMOO,8,8,3
2024-03-30,18,Alla Vill,A36 Featuring estraden,17,17,2
2024-03-30,19,Soldat,"VC Barre, Pablo Paz & takenoelz",24,1,11
2024-03-30,20,Lat Mig Va,VL x Bolaget,-,1,12
2024-03-30,21,Happy That You Found Me,Danny Saucedo,10,10,3
2024-03-30,22,Lemonade,Y4ska,25,3,9
2024-03-30,23,It's Not Easy To Write A Love,Dotter,9,9,3
2024-03-30,24,Lose Control,Teddy Swims,-,17,2
2024-03-30,25,For Dig,Klaudy,18,18,3
2024-04-06,1,Vem Fan E Du?,Hooja X Miriam Bryant,-,1,1
2024-04-06,2,Que Sera,Medina,1,1,4
2024-04-06,3,Unforgettable,Marcus & Martinus,2,2,4
2024-04-06,4,Beautiful Things,Benson Boone,4,3,9
2024-04-06,5,We Can't Be Friends (Wait For Your Love),Ariana Grande,8,5,3
2024-04-06,6,Baerum Bitches (Mannschaft),Sote Og Rare Gutter,-,6,1
2024-04-06,7,Dor For Dig - Acoustic,C.Gambino,-,7,1
2024-04-06,8,Unga & Fria,FROKEN SNUSK,3,1,7
2024-04-06,9,Person I Noden,ADAAM,7,7,4
2024-04-06,10,Halla Mig,Molly Sanden,-,10,1
2024-04-06,11,Texas Hold 'Em,Beyonce,10,2,6
2024-04-06,12,Heroes Are Calling,Smash Into Pieces,5,4,4
2024-04-06,13,End Of Beginning,Djo,11,11,5
2024-04-06,14,Back To My Roots,Jay Smith,6,3,4
2024-04-06,15,I Like The Way You Kiss Me,Artemas,-,15,1
2024-04-06,16,Lat Mig Va,VL x Bolaget,20,1,13
2024-04-06,17,Duktig Tjej,Sarettii,16,16,2
2024-04-06,18,Kite,Benjamin Ingrosso,15,1,9
2024-04-06,19,Alla Vill,A36 Featuring estraden,18,17,3
2024-04-06,20,Give My Heart A Break,Cazzi Opeia,9,6,4
2024-04-06,21,Soldat,"VC Barre, Pablo Paz & takenoelz",19,1,12
2024-04-06,22,Lose Control,Teddy Swims,24,17,3
2024-04-06,23,30 km/h,Lia Larsson,13,4,5
2024-04-06,24,Lemonade,Y4ska,22,3,10
2024-04-06,25,Effortless,Jacqline,12,7,4
2024-04-13,1,Vem Fan E Du?,Hooja X Miriam Bryant,1,1,2
2024-04-13,2,Que Sera,Medina,2,1,5
2024-04-13,3,Jag Onskar Jag Brydde Mig Mer,Hov1,-,3,1
2024-04-13,4,I Like The Way You Kiss Me,Artemas,15,4,2
2024-04-13,5,Baerum Bitches (Mannschaft),Sote Og Rare Gutter,6,5,2
2024-04-13,6,Beautiful Things,Benson Boone,4,3,10
2024-04-13,7,Unforgettable,Marcus & Martinus,3,2,5
2024-04-13,8,Texas Hold 'Em,Beyonce,11,2,7
2024-04-13,9,We Can't Be Friends (Wait For Your Love),Ariana Grande,5,5,4
2024-04-13,10,Unga & Fria,FROKEN SNUSK,8,1,8
2024-04-13,11,Halla Mig,Molly Sanden,10,10,2
2024-04-13,12,End Of Beginning,Djo,13,11,6
2024-04-13,13,Duktig Tjej,Sarettii,17,13,3
2024-04-13,14,Person I Noden,ADAAM,9,7,5
2024-04-13,15,Dor For Dig - Acoustic,C.Gambino,7,7,2
2024-04-13,16,Heroes Are Calling,Smash Into Pieces,12,4,5
2024-04-13,17,Djurens Vaggvisa,Humlan Djojj,-,6,39
2024-04-13,18,Lat Mig Va,VL x Bolaget,16,1,14
2024-04-13,19,Kite,Benjamin Ingrosso,18,1,10
2024-04-13,20,Babblarnas Vaggvisa,Babblarna,-,5,95
2024-04-13,21,Back To My Roots,Jay Smith,14,3,5
2024-04-13,22,Alla Vill,A36 Featuring estraden,19,17,4
2024-04-13,23,Soldat,"VC Barre, Pablo Paz & takenoelz",21,1,13
2024-04-13,24,30 km/h,Lia Larsson,23,4,6
2024-04-13,25,Whatever,Kygo With Ava Max,-,7,8
2024-04-20,1,Vem Fan E Du?,Hooja X Miriam Bryant,1,1,3
2024-04-20,2,Hemsk,Sarettii & Asme,-,2,1
2024-04-20,3,I Like The Way You Kiss Me,Artemas,4,3,3
2024-04-20,4,Baerum Bitches (Mannschaft),Sote Og Rare Gutter,5,4,3
2024-04-20,5,Que Sera,Medina,2,1,6
2024-04-20,6,Jag Onskar Jag Brydde Mig Mer,Hov1,3,3,2
2024-04-20,7,Better Days,Benjamin Ingrosso,-,7,1
2024-04-20,8,Too Sweet,Hozier,-,8,1
2024-04-20,9,Beautiful Things,Benson Boone,6,3,11
2024-04-20,10,Texas Hold 'Em,Beyonce,8,2,8
2024-04-20,11,Duktig Tjej,Sarettii,13,11,4
2024-04-20,12,Halla Mig,Molly Sanden,11,10,3
2024-04-20,13,Unforgettable,Marcus & Martinus,7,2,6
2024-04-20,14,We Can't Be Friends (Wait For Your Love),Ariana Grande,9,5,5
2024-04-20,15,Lat Mig Va,VL x Bolaget,18,1,15
2024-04-20,16,Austin,Dasha,-,16,1
2024-04-20,17,End Of Beginning,Djo,12,11,7
2024-04-20,18,Djurens Vaggvisa,Humlan Djojj,17,6,40
2024-04-20,19,Kite,Benjamin Ingrosso,19,1,11
2024-04-20,20,Person I Noden,ADAAM,14,7,6
2024-04-20,21,Babblarnas Vaggvisa,Babblarna,20,5,96
2024-04-20,22,Scared To Start,Michael Marcagi,-,22,1
2024-04-20,23,Whatever,Kygo With Ava Max,25,7,9
2024-04-20,24,Belong Together,Mark Ambor,-,24,1
2024-04-20,25,Lose Control,Teddy Swims,-,17,4
2024-04-27,1,Hemsk,Sarettii & Asme,2,1,2
2024-04-27,2,Vem Fan E Du?,Hooja X Miriam Bryant,1,1,4
2024-04-27,3,Valkommen Ner.,Bolaget,-,3,1
2024-04-27,4,I Like The Way You Kiss Me,Artemas,3,3,4
2024-04-27,5,Too Sweet,Hozier,8,5,2
2024-04-27,6,Baerum Bitches (Mannschaft),Sote Og Rare Gutter,4,4,4
2024-04-27,7,Que Sera,Medina,5,1,7
2024-04-27,8,Jag Onskar Jag Brydde Mig Mer,Hov1,6,3,3
2024-04-27,9,Beautiful Things,Benson Boone,9,3,12
2024-04-27,10,Halla Mig,Molly Sanden,12,10,4
2024-04-27,11,Texas Hold 'Em,Beyonce,10,2,9
2024-04-27,12,Duktig Tjej,Sarettii,11,11,5
2024-04-27,13,Lat Mig Va,VL x Bolaget,15,1,16
2024-04-27,14,Better Days,Benjamin Ingrosso,7,7,2
2024-04-27,15,Unforgettable,Marcus & Martinus,13,2,7
2024-04-27,16,Djurens Vaggvisa,Humlan Djojj,18,6,41
2024-04-27,17,We Can't Be Friends (Wait For Your Love),Ariana Grande,14,5,6
2024-04-27,18,Austin,Dasha,16,16,2
2024-04-27,19,End Of Beginning,Djo,17,11,8
2024-04-27,20,Belong Together,Mark Ambor,24,20,2
2024-04-27,21,Babblarnas Vaggvisa,Babblarna,21,5,97
2024-04-27,22,Lose Control,Teddy Swims,25,17,5
2024-04-27,23,Maraton,Miss Li Featuring Eah Je,-,23,1
2024-04-27,24,Prada,"casso, RAYE & D-Block Europe",-,1,25
2024-04-27,25,Person I Noden,ADAAM,20,7,7
2024-05-04,1,Hemsk,Sarettii & Asme,1,1,3
2024-05-04,2,I Like The Way You Kiss Me,Artemas,4,2,5
2024-05-04,3,Vem Fan E Du?,Hooja X Miriam Bryant,2,1,5
2024-05-04,4,Fortnight,Taylor Swift Featuring Post Malone,-,4,1
2024-05-04,5,Valkommen Ner.,Bolaget,3,3,2
2024-05-04,6,Too Sweet,Hozier,5,5,3
2024-05-04,7,Baerum Bitches (Mannschaft),Sote Og Rare Gutter,6,4,5
2024-05-04,8,Que Sera,Medina,7,1,8
2024-05-04,9,"So Long, London",Taylor Swift,-,9,1
2024-05-04,10,Jag Onskar Jag Brydde Mig Mer,Hov1,8,3,4
2024-05-04,11,Beautiful Things,Benson Boone,9,3,13
2024-05-04,12,Belong Together,Mark Ambor,20,12,3
2024-05-04,13,A Bar Song (Tipsy),Shaboozey,-,13,1
2024-05-04,14,Halla Mig,Molly Sanden,10,10,5
2024-05-04,15,Texas Hold 'Em,Beyonce,11,2,10
2024-05-04,16,Djurens Vaggvisa,Humlan Djojj,16,6,42
2024-05-04,17,Lat Mig Va,VL x Bolaget,13,1,17
2024-05-04,18,I Can Do It With A Broken Heart,Taylor Swift,-,18,1
2024-05-04,19,The Tortured Poets Department,Taylor Swift,-,19,1
2024-05-04,20,Babblarnas Vaggvisa,Babblarna,21,5,98
2024-05-04,21,Better Days,Benjamin Ingrosso,14,7,3
2024-05-04,22,Duktig Tjej,Sarettii,12,11,6
2024-05-04,23,Unforgettable,Marcus & Martinus,15,2,8
2024-05-04,24,Austin,Dasha,18,16,3
2024-05-04,25,My Boy Only Breaks His Favorite Toys,Taylor Swift,-,25,1
2024-05-11,1,A Bar Song (Tipsy),Shaboozey,13,1,2
2024-05-11,2,Vem Fan E Du?,Hooja X Miriam Bryant,3,1,6
2024-05-11,3,Hemsk,Sarettii & Asme,1,1,4
2024-05-11,4,I Like The Way You Kiss Me,Artemas,2,2,6
2024-05-11,5,Valkommen Ner.,Bolaget,5,3,3
2024-05-11,6,Too Sweet,Hozier,6,5,4
2024-05-11,7,Baerum Bitches (Mannschaft),Sote Og Rare Gutter,7,4,6
2024-05-11,8,Que Sera,Medina,8,1,9
2024-05-11,9,Fortnight,Taylor Swift Featuring Post Malone,4,4,2
2024-05-11,10,Espresso,Sabrina Carpenter,-,10,1
2024-05-11,11,Maraton,Miss Li Featuring Eah Je,-,11,2
2024-05-11,12,Belong Together,Mark Ambor,12,12,4
2024-05-11,13,Beautiful Things,Benson Boone,11,3,14
2024-05-11,14,Halla Mig,Molly Sanden,14,10,6
2024-05-11,15,Lat Mig Va,VL x Bolaget,17,1,18
2024-05-11,16,Jag Onskar Jag Brydde Mig Mer,Hov1,10,3,5
2024-05-11,17,Pedro,"Jaxomy, Agatino Romero & Raffaella Carra",-,17,1
2024-05-11,18,Djurens Vaggvisa,Humlan Djojj,16,6,43
2024-05-11,19,Texas Hold 'Em,Beyonce,15,2,11
2024-05-11,20,Babblarnas Vaggvisa,Babblarna,20,5,99
2024-05-11,21,Misstag,Miss Li,-,11,2
2024-05-11,22,Lose Control,Teddy Swims,-,17,6
2024-05-11,23,Decibel,Mohela & Naod,-,23,1
2024-05-11,24,Prada,"casso, RAYE & D-Block Europe",-,1,26
2024-05-11,25,Austin,Dasha,24,16,4
2024-05-18,1,A Bar Song (Tipsy),Shaboozey,1,1,3
2024-05-18,2,Honey Boy,Purple Disco Machine & Benjamin Ingrosso Featuring Nile Rodgers & Shenseea,-,2,1
2024-05-18,3,Vem Fan E Du?,Hooja X Miriam Bryant,2,1,7
2024-05-18,4,I Like The Way You Kiss Me,Artemas,4,2,7
2024-05-18,5,Hemsk,Sarettii & Asme,3,1,5
2024-05-18,6,Valkommen Ner.,Bolaget,5,3,4
2024-05-18,7,Too Sweet,Hozier,6,5,5
2024-05-18,8,Espresso,Sabrina Carpenter,10,8,2
2024-05-18,9,Maraton,Miss Li Featuring Eah Je,11,9,3
2024-05-18,10,Que Sera,Medina,8,1,10
2024-05-18,11,Beautiful Things,Benson Boone,13,3,15
2024-05-18,12,Halla Mig,Molly Sanden,14,10,7
2024-05-18,13,Belong Together,Mark Ambor,12,12,5
2024-05-18,14,Baerum Bitches (Mannschaft),Sote Og Rare Gutter,7,4,7
2024-05-18,15,Not Like Us,Kendrick Lamar,-,15,1
2024-05-18,16,Pedro,"Jaxomy, Agatino Romero & Raffaella Carra",17,16,2
2024-05-18,17,Fortnight,Taylor Swift Featuring Post Malone,9,4,3
2024-05-18,18,Unforgettable,Marcus & Martinus,-,2,9
2024-05-18,19,Decibel,Mohela & Naod,23,19,2
2024-05-18,20,Djurens Vaggvisa,Humlan Djojj,18,6,44
2024-05-18,21,Lat Mig Va,VL x Bolaget,15,1,19
2024-05-18,22,Better Days,Benjamin Ingrosso,-,7,4
2024-05-18,23,Jag Onskar Jag Brydde Mig Mer,Hov1,16,3,6
2024-05-18,24,Austin,Dasha,25,16,5
2024-05-18,25,Kite,Benjamin Ingrosso,-,1,12
2024-05-25,1,A Bar Song (Tipsy),Shaboozey,1,1,4
2024-05-25,2,I Had Some Help,Post Malone Featuring Morgan Wallen,-,2,1
2024-05-25,3,Honey Boy,Purple Disco Machine & Benjamin Ingrosso Featuring Nile Rodgers & Shenseea,2,2,2
2024-05-25,4,Europapa,Joost,-,4,1
2024-05-25,5,The Code,Nemo,-,5,1
2024-05-25,6,Rim Tim Tagi Dim,Baby Lasagna,-,6,1
2024-05-25,7,I Like The Way You Kiss Me,Artemas,4,2,8
2024-05-25,8,Vem Fan E Du?,Hooja X Miriam Bryant,3,1,8
2024-05-25,9,Helluva Life,Hov1,-,9,1
2024-05-25,10,Unforgettable,Marcus & Martinus,18,2,10
2024-05-25,11,Hemsk,Sarettii & Asme,5,1,6
2024-05-25,12,Maraton,Miss Li Featuring Eah Je,9,9,4
2024-05-25,13,Espresso,Sabrina Carpenter,8,8,3
2024-05-25,14,Valkommen Ner.,Bolaget,6,3,5
2024-05-25,15,Too Sweet,Hozier,7,5,6
2024-05-25,16,Million Dollar Baby,Tommy Richman,-,16,1
2024-05-25,17,Jag Onskar Jag Brydde Mig Mer,Hov1,23,3,7
2024-05-25,18,Not Like Us,Kendrick Lamar,15,15,2
2024-05-25,19,Que Sera,Medina,10,1,11
2024-05-25,20,Belong Together,Mark Ambor,13,12,6
2024-05-25,21,Halla Mig,Molly Sanden,12,10,8
2024-05-25,22,Beautiful Things,Benson Boone,11,3,16
2024-05-25,23,Mon Amour,Slimane,-,23,1
2024-05-25,24,Kite,Benjamin Ingrosso,25,1,13
2024-05-25,25,Pedro,"Jaxomy, Agatino Romero & Raffaella Carra",16,16,3
2024-06-01,1,A Bar Song (Tipsy),Shaboozey,1,1,5
2024-06-01,2,Honey Boy,Purple Disco Machine & Benjamin Ingrosso Featuring Nile Rodgers & Shenseea,3,2,3
2024-06-01,3,I Had Some Help,Post Malone Featuring Morgan Wallen,2,2,2
2024-06-01,4,Europapa,Joost,4,4,2
2024-06-01,5,I Like The Way You Kiss Me,Artemas,7,2,9
2024-06-01,6,Helluva Life,Hov1,9,6,2
2024-06-01,7,Vem Fan E Du?,Hooja X Miriam Bryant,8,1,9
2024-06-01,8,Lunch,Billie Eilish,-,8,1
2024-06-01,9,Espresso,Sabrina Carpenter,13,8,4
2024-06-01,10,Fortnight,Taylor Swift Featuring Post Malone,-,4,4
2024-06-01,11,Maraton,Miss Li Featuring Eah Je,12,9,5
2024-06-01,12,Valkommen Ner.,Bolaget,14,3,6
2024-06-01,13,Hemsk,Sarettii & Asme,11,1,7
2024-06-01,14,Million Dollar Baby,Tommy Richman,16,14,2
2024-06-01,15,Stargazing,Myles Smith,-,15,1
2024-06-01,16,Too Sweet,Hozier,15,5,7
2024-06-01,17,Cruel Summer,Taylor Swift,-,16,9
2024-06-01,18,The Code,Nemo,5,5,2
2024-06-01,19,Calma,Y4ska X Dizzy,-,19,1
2024-06-01,20,Chihiro,Billie Eilish,-,20,1
2024-06-01,21,Halla Mig,Molly Sanden,21,10,9
2024-06-01,22,Beautiful Things,Benson Boone,22,3,17
2024-06-01,23,Que Sera,Medina,19,1,12
2024-06-01,24,Rim Tim Tagi Dim,Baby Lasagna,6,6,2
2024-06-01,25,Jag Onskar Jag Brydde Mig Mer,Hov1,17,3,8
2024-06-08,1,A Bar Song (Tipsy),Shaboozey,1,1,6
2024-06-08,2,Honey Boy,Purple Disco Machine & Benjamin Ingrosso Featuring Nile Rodgers & Shenseea,2,2,4
2024-06-08,3,I Had Some Help,Post Malone Featuring Morgan Wallen,3,2,3
2024-06-08,4,Espresso,Sabrina Carpenter,9,4,5
2024-06-08,5,Lunch,Billie Eilish,8,5,2
2024-06-08,6,I Like The Way You Kiss Me,Artemas,5,2,10
2024-06-08,7,Stargazing,Myles Smith,15,7,2
2024-06-08,8,Vem Fan E Du?,Hooja X Miriam Bryant,7,1,10
2024-06-08,9,Calma,Y4ska X Dizzy,19,9,2
2024-06-08,10,Helluva Life,Hov1,6,6,3
2024-06-08,11,Too Sweet,Hozier,16,5,8
2024-06-08,12,Europapa,Joost,4,4,3
2024-06-08,13,Maraton,Miss Li Featuring Eah Je,11,9,6
2024-06-08,14,Valkommen Ner.,Bolaget,12,3,7
2024-06-08,15,Hemsk,Sarettii & Asme,13,1,8
2024-06-08,16,Fortnight,Taylor Swift Featuring Post Malone,10,4,5
2024-06-08,17,Million Dollar Baby,Tommy Richman,14,14,3
2024-06-08,18,Beautiful Things,Benson Boone,22,3,18
2024-06-08,19,Pedro,"Jaxomy, Agatino Romero & Raffaella Carra",-,16,4
2024-06-08,20,Halla Mig,Molly Sanden,21,10,10
2024-06-08,21,Que Sera,Medina,23,1,13
2024-06-08,22,Djurens Vaggvisa,Humlan Djojj,-,6,45
2024-06-08,23,Birds Of A Feather,Billie Eilish,-,23,1
2024-06-08,24,Chicano,Blizzy & Ricky Rich,-,24,1
2024-06-08,25,Austin,Dasha,-,16,6
2024-06-15,1,A Bar Song (Tipsy),Shaboozey,1,1,7
2024-06-15,2,Sista Gang,C.Gambino,-,2,1
2024-06-15,3,Houdini,Eminem,-,3,1
2024-06-15,4,Honey Boy,Purple Disco Machine & Benjamin Ingrosso Featuring Nile Rodgers & Shenseea,2,2,5
2024-06-15,5,I Had Some Help,Post Malone Featuring Morgan Wallen,3,2,4
2024-06-15,6,Stargazing,Myles Smith,7,6,3
2024-06-15,7,Espresso,Sabrina Carpenter,4,4,6
2024-06-15,8,Calma,Y4ska X Dizzy,9,8,3
2024-06-15,9,Slutet Av Sommarn,Molly Sanden,-,9,1
2024-06-15,10,I Like The Way You Kiss Me,Artemas,6,2,11
2024-06-15,11,Vem Fan E Du?,Hooja X Miriam Bryant,8,1,11
2024-06-15,12,Helluva Life,Hov1,10,6,4
2024-06-15,13,Too Sweet,Hozier,11,5,9
2024-06-15,14,Lunch,Billie Eilish,5,5,3
2024-06-15,15,Halla Mig,Molly Sanden,20,10,11
2024-06-15,16,Maraton,Miss Li Featuring Eah Je,13,9,7
2024-06-15,17,Sunnanvind,Mares,-,16,9
2024-06-15,18,Valkommen Ner.,Bolaget,14,3,8
2024-06-15,19,Pedro,"Jaxomy, Agatino Romero & Raffaella Carra",19,16,5
2024-06-15,20,BAND4BAND,Central Cee & Lil Baby,-,20,1
2024-06-15,21,Birds Of A Feather,Billie Eilish,23,21,2
2024-06-15,22,Beautiful Things,Benson Boone,18,3,19
2024-06-15,23,Hemsk,Sarettii & Asme,15,1,9
2024-06-15,24,Austin,Dasha,25,16,7
2024-06-15,25,Kan Inte Ga,Bolaget,-,1,80
2024-06-22,1,Sista Gang,C.Gambino,2,1,2
2024-06-22,2,A Bar Song (Tipsy),Shaboozey,1,1,8
2024-06-22,3,Houdini,Eminem,3,3,2
2024-06-22,4,Honey Boy,Purple Disco Machine & Benjamin Ingrosso Featuring Nile Rodgers & Shenseea,4,2,6
2024-06-22,5,Espresso,Sabrina Carpenter,7,4,7
2024-06-22,6,I Had Some Help,Post Malone Featuring Morgan Wallen,5,2,5
2024-06-22,7,Stargazing,Myles Smith,6,6,4
2024-06-22,8,Calma,Y4ska X Dizzy,8,8,4
2024-06-22,9,Slutet Av Sommarn,Molly Sanden,9,9,2
2024-06-22,10,Dor For Dig - Acoustic,C.Gambino,-,7,3
2024-06-22,11,I Like The Way You Kiss Me,Artemas,10,2,12
2024-06-22,12,Vem Fan E Du?,Hooja X Miriam Bryant,11,1,12
2024-06-22,13,Birds Of A Feather,Billie Eilish,21,13,3
2024-06-22,14,Too Sweet,Hozier,13,5,10
2024-06-22,15,Please Please Please,Sabrina Carpenter,-,15,1
2024-06-22,16,Svar,C.Gambino,-,1,9
2024-06-22,17,Kan Inte Ga,Bolaget,25,1,81
2024-06-22,18,Djurens Vaggvisa,Humlan Djojj,-,6,46
2024-06-22,19,Maraton,Miss Li Featuring Eah Je,16,9,8
2024-06-22,20,Halla Mig,Molly Sanden,15,10,12
2024-06-22,21,Sunnanvind,Mares,17,16,10
2024-06-22,22,G63,C.Gambino,-,2,12
2024-06-22,23,Lunch,Billie Eilish,14,5,4
2024-06-22,24,Automatic,C.Gambino,-,1,12
2024-06-22,25,Beautiful Things,Benson Boone,22,3,20
2024-06-29,1,Look Who's Laughing Now,Benjamin Ingrosso,-,1,1
2024-06-29,2,Sista Gang,C.Gambino,1,1,3
2024-06-29,3,A Bar Song (Tipsy),Shaboozey,2,1,9
2024-06-29,4,Honey Boy,Purple Disco Machine & Benjamin Ingrosso Featuring Nile Rodgers & Shenseea,4,2,7
2024-06-29,5,Espresso,Sabrina Carpenter,5,4,8
2024-06-29,6,Please Please Please,Sabrina Carpenter,15,6,2
2024-06-29,7,Houdini,Eminem,3,3,3
2024-06-29,8,Slutet Av Sommarn,Molly Sanden,9,8,3
2024-06-29,9,I Had Some Help,Post Malone Featuring Morgan Wallen,6,2,6
2024-06-29,10,Stargazing,Myles Smith,7,6,5
2024-06-29,11,Calma,Y4ska X Dizzy,8,8,5
2024-06-29,12,Vem Fan E Du?,Hooja X Miriam Bryant,12,1,13
2024-06-29,13,Maraton,Miss Li Featuring Eah Je,19,9,9
2024-06-29,14,Kan Inte Ga,Bolaget,17,1,82
2024-06-29,15,Birds Of A Feather,Billie Eilish,13,13,4
2024-06-29,16,I Like The Way You Kiss Me,Artemas,11,2,13
2024-06-29,17,Too Sweet,Hozier,14,5,11
2024-06-29,18,Halla Mig,Molly Sanden,20,10,13
2024-06-29,19,Sunnanvind,Mares,21,16,11
2024-06-29,20,I Don't Wanna Wait,David Guetta & OneRepublic,-,20,1
2024-06-29,21,Viva La Vida,Soppgirobygget,-,21,1
2024-06-29,22,Djurens Vaggvisa,Humlan Djojj,18,6,47
2024-06-29,23,Beautiful Things,Benson Boone,25,3,21
2024-06-29,24,Valkommen Ner.,Bolaget,-,3,9
2024-06-29,25,Verktygsladan,Miss Li,-,25,1
2024-07-06,1,Look Who's Laughing Now,Benjamin Ingrosso,1,1,2
2024-07-06,2,A Bar Song (Tipsy),Shaboozey,3,1,10
2024-07-06,3,Sista Gang,C.Gambino,2,1,4
2024-07-06,4,Honey Boy,Purple Disco Machine & Benjamin Ingrosso Featuring Nile Rodgers & Shenseea,4,2,8
2024-07-06,5,Sunnanvind,Mares,19,5,12
2024-07-06,6,Espresso,Sabrina Carpenter,5,4,9
2024-07-06,7,Slutet Av Sommarn,Molly Sanden,8,7,4
2024-07-06,8,Maraton,Miss Li Featuring Eah Je,13,8,10
2024-07-06,9,I Had Some Help,Post Malone Featuring Morgan Wallen,9,2,7
2024-07-06,10,Please Please Please,Sabrina Carpenter,6,6,3
2024-07-06,11,Stargazing,Myles Smith,10,6,6
2024-07-06,12,"Sol, Vind Och Vatten",Ted Gardestad,-,8,3
2024-07-06,13,Viva La Vida,Soppgirobygget,21,13,2
2024-07-06,14,Sommartider,Gyllene Tider,-,14,3
2024-07-06,15,Kan Inte Ga,Bolaget,14,1,83
2024-07-06,16,Valkommen In,Veronica Maggio,-,16,2
2024-07-06,17,Calma,Y4ska X Dizzy,11,8,6
2024-07-06,18,Vem Fan E Du?,Hooja X Miriam Bryant,12,1,14
2024-07-06,19,Halla Mig,Molly Sanden,18,10,14
2024-07-06,20,Houdini,Eminem,7,3,4
2024-07-06,21,Pedro,"Jaxomy, Agatino Romero & Raffaella Carra",-,16,6
2024-07-06,22,I Don't Wanna Wait,David Guetta & OneRepublic,20,20,2
2024-07-06,23,Djurens Vaggvisa,Humlan Djojj,22,6,48
2024-07-06,24,Birds Of A Feather,Billie Eilish,15,13,5
2024-07-06,25,Nar Vi Tva Blir En,Gyllene Tider,-,25,1
2024-07-13,1,A Bar Song (Tipsy),Shaboozey,2,1,11
2024-07-13,2,Look Who's Laughing Now,Benjamin Ingrosso,1,1,3
2024-07-13,3,Sista Gang,C.Gambino,3,1,5
2024-07-13,4,Espresso,Sabrina Carpenter,6,4,10
2024-07-13,5,Honey Boy,Purple Disco Machine & Benjamin Ingrosso Featuring Nile Rodgers & Shenseea,4,2,9
2024-07-13,6,Viva La Vida,Soppgirobygget,13,6,3
2024-07-13,7,I Had Some Help,Post Malone Featuring Morgan Wallen,9,2,8
2024-07-13,8,Calma,Y4ska X Dizzy,17,8,7
2024-07-13,9,Stargazing,Myles Smith,11,6,7
2024-07-13,10,I Don't Wanna Wait,David Guetta & OneRepublic,22,10,3
2024-07-13,11,Please Please Please,Sabrina Carpenter,10,6,4
2024-07-13,12,Fin & Bad,Asme,-,12,1
2024-07-13,13,Maraton,Miss Li Featuring Eah Je,8,8,11
2024-07-13,14,Slutet Av Sommarn,Molly Sanden,7,7,5
2024-07-13,15,Vem Fan E Du?,Hooja X Miriam Bryant,18,1,15
2024-07-13,16,Houdini,Eminem,20,3,5
2024-07-13,17,Sunnanvind,Mares,5,5,13
2024-07-13,18,Birds Of A Feather,Billie Eilish,24,13,6
2024-07-13,19,Tillfalligheter / Hungry Heart,Nause Featuring Hogland & Veronica Maggio,-,19,1
2024-07-13,20,Djurens Vaggvisa,Humlan Djojj,23,6,49
2024-07-13,21,Valkommen Ner.,Bolaget,-,3,10
2024-07-13,22,Kan Inte Ga,Bolaget,15,1,84
2024-07-13,23,I Like The Way You Kiss Me,Artemas,-,2,14
2024-07-13,24,Beautiful Things,Benson Boone,-,3,22
2024-07-13,25,Que Sera,Medina,-,1,14
2024-07-20,1,A Bar Song (Tipsy),Shaboozey,1,1,12
2024-07-20,2,Look Who's Laughing Now,Benjamin Ingrosso,2,1,4
2024-07-20,3,Sista Gang,C.Gambino,3,1,6
2024-07-20,4,Espresso,Sabrina Carpenter,4,4,11
2024-07-20,5,Honey Boy,Purple Disco Machine & Benjamin Ingrosso Featuring Nile Rodgers & Shenseea,5,2,10
2024-07-20,6,Viva La Vida,Soppgirobygget,6,6,4
2024-07-20,7,Calma,Y4ska X Dizzy,8,7,8
2024-07-20,8,I Had Some Help,Post Malone Featuring Morgan Wallen,7,2,9
2024-07-20,9,Stargazing,Myles Smith,9,6,8
2024-07-20,10,Ikvall Igen,Bolaget,-,1,42
2024-07-20,11,Fin & Bad,Asme,12,11,2
2024-07-20,12,Valkommen Ner.,Bolaget,21,3,11
2024-07-20,13,Vem Fan E Du?,Hooja X Miriam Bryant,15,1,16
2024-07-20,14,I Don't Wanna Wait,David Guetta & OneRepublic,10,10,4
2024-07-20,15,Please Please Please,Sabrina Carpenter,11,6,5
2024-07-20,16,Djurens Vaggvisa,Humlan Djojj,20,6,50
2024-07-20,17,Maraton,Miss Li Featuring Eah Je,13,8,12
2024-07-20,18,Slutet Av Sommarn,Molly Sanden,14,7,6
2024-07-20,19,Birds Of A Feather,Billie Eilish,18,13,7
2024-07-20,20,Tillfalligheter / Hungry Heart,Nause Featuring Hogland & Veronica Maggio,19,19,2
2024-07-20,21,Que Sera,Medina,25,1,15
2024-07-20,22,Beautiful Things,Benson Boone,24,3,23
2024-07-20,23,Babblarnas Vaggvisa,Babblarna,-,5,100
2024-07-20,24,Sunnanvind,Mares,17,5,14
2024-07-20,25,Houdini,Eminem,16,3,6
2024-07-27,1,A Bar Song (Tipsy),Shaboozey,1,1,13
2024-07-27,2,Look Who's Laughing Now,Benjamin Ingrosso,2,1,5
2024-07-27,3,Annu En Dag,Sickan & Yasin,-,3,1
2024-07-27,4,Viva La Vida,Soppgirobygget,6,4,5
2024-07-27,5,Honey Boy,Purple Disco Machine & Benjamin Ingrosso Featuring Nile Rodgers & Shenseea,5,2,11
2024-07-27,6,Calma,Y4ska X Dizzy,7,6,9
2024-07-27,7,Espresso,Sabrina Carpenter,4,4,12
2024-07-27,8,Sista Gang,C.Gambino,3,1,7
2024-07-27,9,Faller,Ant Wan,-,9,1
2024-07-27,10,Ikvall Igen,Bolaget,10,1,43
2024-07-27,11,I Had Some Help,Post Malone Featuring Morgan Wallen,8,2,10
2024-07-27,12,Stargazing,Myles Smith,9,6,9
2024-07-27,13,Fin & Bad,Asme,11,11,3
2024-07-27,14,Houdini,Eminem,25,3,7
2024-07-27,15,I Don't Wanna Wait,David Guetta & OneRepublic,14,10,5
2024-07-27,16,Djurens Vaggvisa,Humlan Djojj,16,6,51
2024-07-27,17,Slutet Av Sommarn,Molly Sanden,18,7,7
2024-07-27,18,Tillfalligheter / Hungry Heart,Nause Featuring Hogland & Veronica Maggio,20,18,3
2024-07-27,19,Valkommen Ner.,Bolaget,12,3,12
2024-07-27,20,Birds Of A Feather,Billie Eilish,19,13,8
2024-07-27,21,Vem Fan E Du?,Hooja X Miriam Bryant,13,1,17
2024-07-27,22,Maraton,Miss Li Featuring Eah Je,17,8,13
2024-07-27,23,Que Sera,Medina,21,1,16
2024-07-27,24,Sunnanvind,Mares,24,5,15
2024-07-27,25,Please Please Please,Sabrina Carpenter,15,6,6
2024-08-03,1,A Bar Song (Tipsy),Shaboozey,1,1,14
2024-08-03,2,Look Who's Laughing Now,Benjamin Ingrosso,2,1,6
2024-08-03,3,Forsent,Hov1 Featuring Seinabo Say,-,3,1
2024-08-03,4,Honey Boy,Purple Disco Machine & Benjamin Ingrosso Featuring Nile Rodgers & Shenseea,5,2,12
2024-08-03,5,Viva La Vida,Soppgirobygget,4,4,6
2024-08-03,6,Calma,Y4ska X Dizzy,6,6,10
2024-08-03,7,Espresso,Sabrina Carpenter,7,4,13
2024-08-03,8,Ikvall Igen,Bolaget,10,1,44
2024-08-03,9,Sista Gang,C.Gambino,8,1,8
2024-08-03,10,Tillfalligheter / Hungry Heart,Nause Featuring Hogland & Veronica Maggio,18,10,4
2024-08-03,11,Valkommen Ner.,Bolaget,19,3,13
2024-08-03,12,Stargazing,Myles Smith,12,6,10
2024-08-03,13,I Had Some Help,Post Malone Featuring Morgan Wallen,11,2,11
2024-08-03,14,Djurens Vaggvisa,Humlan Djojj,16,6,52
2024-08-03,15,Slutet Av Sommarn,Molly Sanden,17,7,8
2024-08-03,16,Sunnanvind,Mares,24,5,16
2024-08-03,17,I Don't Wanna Wait,David Guetta & OneRepublic,15,10,6
2024-08-03,18,Annu En Dag,Sickan & Yasin,3,3,2
2024-08-03,19,Vem Fan E Du?,Hooja X Miriam Bryant,21,1,18
2024-08-03,20,Maraton,Miss Li Featuring Eah Je,22,8,14
2024-08-03,21,Birds Of A Feather,Billie Eilish,20,13,9
2024-08-03,22,Que Sera,Medina,23,1,17
2024-08-03,23,Fin & Bad,Asme,13,11,4
2024-08-03,24,Babblarnas Vaggvisa,Babblarna,-,5,101
2024-08-03,25,Beautiful Things,Benson Boone,-,3,24
2024-08-10,1,A Bar Song (Tipsy),Shaboozey,1,1,15
2024-08-10,2,Look Who's Laughing Now,Benjamin Ingrosso,2,1,7
2024-08-10,3,Viva La Vida,Soppgirobygget,5,3,7
2024-08-10,4,Honey Boy,Purple Disco Machine & Benjamin Ingrosso Featuring Nile Rodgers & Shenseea,4,2,13
2024-08-10,5,Calma,Y4ska X Dizzy,6,5,11
2024-08-10,6,Espresso,Sabrina Carpenter,7,4,14
2024-08-10,7,Forsent,Hov1 Featuring Seinabo Say,3,3,2
2024-08-10,8,Ikvall Igen,Bolaget,8,1,45
2024-08-10,9,Djurens Vaggvisa,Humlan Djojj,14,6,53
2024-08-10,10,I Had Some Help,Post Malone Featuring Morgan Wallen,13,2,12
2024-08-10,11,Valkommen Ner.,Bolaget,11,3,14
2024-08-10,12,Stargazing,Myles Smith,12,6,11
2024-08-10,13,Sista Gang,C.Gambino,9,1,9
2024-08-10,14,Birds Of A Feather,Billie Eilish,21,13,10
2024-08-10,15,Tillfalligheter / Hungry Heart,Nause Featuring Hogland & Veronica Maggio,10,10,5
2024-08-10,16,I Don't Wanna Wait,David Guetta & OneRepublic,17,10,7
2024-08-10,17,Babblarnas Vaggvisa,Babblarna,24,5,102
2024-08-10,18,Vem Fan E Du?,Hooja X Miriam Bryant,19,1,19
2024-08-10,19,Maraton,Miss Li Featuring Eah Je,20,8,15
2024-08-10,20,Slutet Av Sommarn,Molly Sanden,15,7,9
2024-08-10,21,Sunnanvind,Mares,16,5,17
2024-08-10,22,Annu En Dag,Sickan & Yasin,18,3,3
2024-08-10,23,Que Sera,Medina,22,1,18
2024-08-10,24,Beautiful Things,Benson Boone,25,3,25
2024-08-10,25,Fin & Bad,Asme,23,11,5
2024-08-17,1,A Bar Song (Tipsy),Shaboozey,1,1,16
2024-08-17,2,Viva La Vida,Soppgirobygget,3,2,8
2024-08-17,3,Look Who's Laughing Now,Benjamin Ingrosso,2,1,8
2024-08-17,4,Calma,Y4ska X Dizzy,5,4,12
2024-08-17,5,Forsent,Hov1 Featuring Seinabo Say,7,3,3
2024-08-17,6,Honey Boy,Purple Disco Machine & Benjamin Ingrosso Featuring Nile Rodgers & Shenseea,4,2,14
2024-08-17,7,Guess,Charli xcx Featuring Billie Eilish,-,7,1
2024-08-17,8,Djurens Vaggvisa,Humlan Djojj,9,6,54
2024-08-17,9,Espresso,Sabrina Carpenter,6,4,15
2024-08-17,10,Valkommen Ner.,Bolaget,11,3,15
2024-08-17,11,Birds Of A Feather,Billie Eilish,14,11,11
2024-08-17,12,Tararnas Spar,Hov1,-,12,1
2024-08-17,13,I Had Some Help,Post Malone Featuring Morgan Wallen,10,2,13
2024-08-17,14,Tillfalligheter / Hungry Heart,Nause Featuring Hogland & Veronica Maggio,15,10,6
2024-08-17,15,Stargazing,Myles Smith,12,6,12
2024-08-17,16,Babblarnas Vaggvisa,Babblarna,17,5,103
2024-08-17,17,I Don't Wanna Wait,David Guetta & OneRepublic,16,10,8
2024-08-17,18,Sista Gang,C.Gambino,13,1,10
2024-08-17,19,Vem Fan E Du?,Hooja X Miriam Bryant,18,1,20
2024-08-17,20,Maraton,Miss Li Featuring Eah Je,19,8,16
2024-08-17,21,Beautiful Things,Benson Boone,24,3,26
2024-08-17,22,Slutet Av Sommarn,Molly Sanden,20,7,10
2024-08-17,23,Sunnanvind,Mares,21,5,18
2024-08-17,24,Please Please Please,Sabrina Carpenter,-,6,7
2024-08-17,25,Que Sera,Medina,23,1,19
2024-08-24,1,Regnblota Skor,Miriam Bryant,-,1,1
2024-08-24,2,A Bar Song (Tipsy),Shaboozey,1,1,17
2024-08-24,3,Viva La Vida,Soppgirobygget,2,2,9
2024-08-24,4,All My Life,Benjamin Ingrosso,-,4,1
2024-08-24,5,Look Who's Laughing Now,Benjamin Ingrosso,3,1,9
2024-08-24,6,Forsent,Hov1 Featuring Seinabo Say,5,3,4
2024-08-24,7,Calma,Y4ska X Dizzy,4,4,13
2024-08-24,8,Valkommen Ner.,Bolaget,10,3,16
2024-08-24,9,Honey Boy,Purple Disco Machine & Benjamin Ingrosso Featuring Nile Rodgers & Shenseea,6,2,15
2024-08-24,10,Birds Of A Feather,Billie Eilish,11,10,12
2024-08-24,11,Djurens Vaggvisa,Humlan Djojj,8,6,55
2024-08-24,12,Espresso,Sabrina Carpenter,9,4,16
2024-08-24,13,Slutet Av Sommarn,Molly Sanden,22,7,11
2024-08-24,14,Guess,Charli xcx Featuring Billie Eilish,7,7,2
2024-08-24,15,Tillfalligheter / Hungry Heart,Nause Featuring Hogland & Veronica Maggio,14,10,7
2024-08-24,16,I Had Some Help,Post Malone Featuring Morgan Wallen,13,2,14
2024-08-24,17,Babblarnas Vaggvisa,Babblarna,16,5,104
2024-08-24,18,Stargazing,Myles Smith,15,6,13
2024-08-24,19,I Don't Wanna Wait,David Guetta & OneRepublic,17,10,9
2024-08-24,20,Vem Fan E Du?,Hooja X Miriam Bryant,19,1,21
2024-08-24,21,Kite,Benjamin Ingrosso,-,1,14
2024-08-24,22,Maraton,Miss Li Featuring Eah Je,20,8,17
2024-08-24,23,Austin,Dasha,-,16,8
2024-08-24,24,Sista Gang,C.Gambino,18,1,11
2024-08-24,25,Beautiful Things,Benson Boone,21,3,27
2024-08-31,1,Regnblota Skor,Miriam Bryant,1,1,2
2024-08-31,2,A Bar Song (Tipsy),Shaboozey,2,1,18
2024-08-31,3,Viva La Vida,Soppgirobygget,3,2,10
2024-08-31,4,Birds Of A Feather,Billie Eilish,10,4,13
2024-08-31,5,Look Who's Laughing Now,Benjamin Ingrosso,5,1,10
2024-08-31,6,Calma,Y4ska X Dizzy,7,4,14
2024-08-31,7,Djurens Vaggvisa,Humlan Djojj,11,6,56
2024-08-31,8,I Had Some Help,Post Malone Featuring Morgan Wallen,16,2,15
2024-08-31,9,Forsent,Hov1 Featuring Seinabo Say,6,3,5
2024-08-31,10,Valkommen Ner.,Bolaget,8,3,17
2024-08-31,11,Espresso,Sabrina Carpenter,12,4,17
2024-08-31,12,Honey Boy,Purple Disco Machine & Benjamin Ingrosso Featuring Nile Rodgers & Shenseea,9,2,16
2024-08-31,13,I Don't Wanna Wait,David Guetta & OneRepublic,19,10,10
2024-08-31,14,Babblarnas Vaggvisa,Babblarna,17,5,105
2024-08-31,15,Stargazing,Myles Smith,18,6,14
2024-08-31,16,Austin,Dasha,23,16,9
2024-08-31,17,Slutet Av Sommarn,Molly Sanden,13,7,12
2024-08-31,18,All My Life,Benjamin Ingrosso,4,4,2
2024-08-31,19,Guess,Charli xcx Featuring Billie Eilish,14,7,3
2024-08-31,20,Tillfalligheter / Hungry Heart,Nause Featuring Hogland & Veronica Maggio,15,10,8
2024-08-31,21,Vem Fan E Du?,Hooja X Miriam Bryant,20,1,22
2024-08-31,22,Maraton,Miss Li Featuring Eah Je,22,8,18
2024-08-31,23,Sista Gang,C.Gambino,24,1,12
2024-08-31,24,Beautiful Things,Benson Boone,25,3,28
2024-08-31,25,Die With A Smile,Lady Gaga & Bruno Mars,-,25,1
2024-09-07,1,Regnblota Skor,Miriam Bryant,1,1,3
2024-09-07,2,A Bar Song (Tipsy),Shaboozey,2,1,19
2024-09-07,3,Viva La Vida,Soppgirobygget,3,2,11
2024-09-07,4,Calma,Y4ska X Dizzy,6,4,15
2024-09-07,5,Birds Of A Feather,Billie Eilish,4,4,14
2024-09-07,6,Lover,Ant Wan,-,6,1
2024-09-07,7,Espresso,Sabrina Carpenter,11,4,18
2024-09-07,8,Djurens Vaggvisa,Humlan Djojj,7,6,57
2024-09-07,9,Sahbi,ADAAM x Dizzy,-,9,1
2024-09-07,10,Die With A Smile,Lady Gaga & Bruno Mars,25,10,2
2024-09-07,11,Taste,Sabrina Carpenter,-,11,1
2024-09-07,12,Look Who's Laughing Now,Benjamin Ingrosso,5,1,11
2024-09-07,13,Valkommen Ner.,Bolaget,10,3,18
2024-09-07,14,I Had Some Help,Post Malone Featuring Morgan Wallen,8,2,16
2024-09-07,15,Forsent,Hov1 Featuring Seinabo Say,9,3,6
2024-09-07,16,Babblarnas Vaggvisa,Babblarna,14,5,106
2024-09-07,17,Please Please Please,Sabrina Carpenter,-,6,8
2024-09-07,18,Stargazing,Myles Smith,15,6,15
2024-09-07,19,Sweden,Ant Wan,-,19,1
2024-09-07,20,Austin,Dasha,16,16,10
2024-09-07,21,Honey Boy,Purple Disco Machine & Benjamin Ingrosso Featuring Nile Rodgers & Shenseea,12,2,17
2024-09-07,22,Slutet Av Sommarn,Molly Sanden,17,7,13
2024-09-07,23,I Don't Wanna Wait,David Guetta & OneRepublic,13,10,11
2024-09-07,24,Vem Fan E Du?,Hooja X Miriam Bryant,21,1,23
2024-09-07,25,Lose Control,Teddy Swims,-,17,7
2024-09-14,1,I Might,Sarettii,-,1,1
2024-09-14,2,Regnblota Skor,Miriam Bryant,1,1,4
2024-09-14,3,Aiko,Shiro & Asme,-,3,1
2024-09-14,4,A Bar Song (Tipsy),Shaboozey,2,1,20
2024-09-14,5,Forsent,Hov1 Featuring Seinabo Say,15,3,7
2024-09-14,6,Viva La Vida,Soppgirobygget,3,2,12
2024-09-14,7,Sahbi,ADAAM x Dizzy,9,7,2
2024-09-14,8,Calma,Y4ska X Dizzy,4,4,16
2024-09-14,9,Taste,Sabrina Carpenter,11,9,2
2024-09-14,10,Djurens Vaggvisa,Humlan Djojj,8,6,58
2024-09-14,11,Birds Of A Feather,Billie Eilish,5,4,15
2024-09-14,12,Espresso,Sabrina Carpenter,7,4,19
2024-09-14,13,Die With A Smile,Lady Gaga & Bruno Mars,10,10,3
2024-09-14,14,Valkommen Ner.,Bolaget,13,3,19
2024-09-14,15,I Had Some Help,Post Malone Featuring Morgan Wallen,14,2,17
2024-09-14,16,Look Who's Laughing Now,Benjamin Ingrosso,12,1,12
2024-09-14,17,Senaste Tiden,Hov1,-,17,1
2024-09-14,18,Babblarnas Vaggvisa,Babblarna,16,5,107
2024-09-14,19,Austin,Dasha,20,16,11
2024-09-14,20,Lose Control,Teddy Swims,25,17,8
2024-09-14,21,Vem Ar Jag Utan Dig,Hov1,-,21,1
2024-09-14,22,Lover,Ant Wan,6,6,2
2024-09-14,23,Stargazing,Myles Smith,18,6,16
2024-09-14,24,Vem Fan E Du?,Hooja X Miriam Bryant,24,1,24
2024-09-14,25,Kan Inte Ga,Bolaget,-,1,85
2024-09-21,1,I Might,Sarettii,1,1,2
2024-09-21,2,A Bar Song (Tipsy),Shaboozey,4,1,21
2024-09-21,3,Aiko,Shiro & Asme,3,3,2
2024-09-21,4,Viva La Vida,Soppgirobygget,6,2,13
2024-09-21,5,Regnblota Skor,Miriam Bryant,2,1,5
2024-09-21,6,Sahbi,ADAAM x Dizzy,7,6,3
2024-09-21,7,Calma,Y4ska X Dizzy,8,4,17
2024-09-21,8,Forsent,Hov1 Featuring Seinabo Say,5,3,8
2024-09-21,9,Djurens Vaggvisa,Humlan Djojj,10,6,59
2024-09-21,10,Birds Of A Feather,Billie Eilish,11,4,16
2024-09-21,11,The Emptiness Machine,Linkin Park,-,11,1
2024-09-21,12,Die With A Smile,Lady Gaga & Bruno Mars,13,10,4
2024-09-21,13,Taste,Sabrina Carpenter,9,9,3
2024-09-21,14,Valkommen Ner.,Bolaget,14,3,20
2024-09-21,15,Babblarnas Vaggvisa,Babblarna,18,5,108
2024-09-21,16,Kan Inte Ga,Bolaget,25,1,86
2024-09-21,17,Espresso,Sabrina Carpenter,12,4,20
2024-09-21,18,Look Who's Laughing Now,Benjamin Ingrosso,16,1,13
2024-09-21,19,I Had Some Help,Post Malone Featuring Morgan Wallen,15,2,18
2024-09-21,20,Austin,Dasha,19,16,12
2024-09-21,21,Lose Control,Teddy Swims,20,17,9
2024-09-21,22,Stargazing,Myles Smith,23,6,17
2024-09-21,23,I Don't Wanna Wait,David Guetta & OneRepublic,-,10,12
2024-09-21,24,Beautiful Things,Benson Boone,-,3,29
2024-09-21,25,Vem Fan E Du?,Hooja X Miriam Bryant,24,1,25
2024-09-28,1,I Might,Sarettii,1,1,3
2024-09-28,2,Viva La Vida,Soppgirobygget,4,2,14
2024-09-28,3,Aiko,Shiro & Asme,3,3,3
2024-09-28,4,A Bar Song (Tipsy),Shaboozey,2,1,22
2024-09-28,5,Regnblota Skor,Miriam Bryant,5,1,6
2024-09-28,6,Djurens Vaggvisa,Humlan Djojj,9,6,60
2024-09-28,7,Calma,Y4ska X Dizzy,7,4,18
2024-09-28,8,Sahbi,ADAAM x Dizzy,6,6,4
2024-09-28,9,Die With A Smile,Lady Gaga & Bruno Mars,12,9,5
2024-09-28,10,Kan Inte Ga,Bolaget,16,1,87
2024-09-28,11,Dancing In The Flames,The Weeknd,-,11,1
2024-09-28,12,Birds Of A Feather,Billie Eilish,10,4,17
2024-09-28,13,Taste,Sabrina Carpenter,13,9,4
2024-09-28,14,Valkommen Ner.,Bolaget,14,3,21
2024-09-28,15,Forsent,Hov1 Featuring Seinabo Say,8,3,9
2024-09-28,16,The Emptiness Machine,Linkin Park,11,11,2
2024-09-28,17,Babblarnas Vaggvisa,Babblarna,15,5,109
2024-09-28,18,Lose Control,Teddy Swims,21,17,10
2024-09-28,19,Espresso,Sabrina Carpenter,17,4,21
2024-09-28,20,Austin,Dasha,20,16,13
2024-09-28,21,Beautiful Things,Benson Boone,24,3,30
2024-09-28,22,I Had Some Help,Post Malone Featuring Morgan Wallen,19,2,19
2024-09-28,23,Look Who's Laughing Now,Benjamin Ingrosso,18,1,14
2024-09-28,24,Stargazing,Myles Smith,22,6,18
2024-09-28,25,Smastadsdrommar,Miss Li,-,25,1
2024-10-05,1,Lost And Found,Molly Sanden & Victor Leksell,-,1,1
2024-10-05,2,I Might,Sarettii,1,1,4
2024-10-05,3,Viva La Vida,Soppgirobygget,2,2,15
2024-10-05,4,A Bar Song (Tipsy),Shaboozey,4,1,23
2024-10-05,5,Aiko,Shiro & Asme,3,3,4
2024-10-05,6,Regnblota Skor,Miriam Bryant,5,1,7
2024-10-05,7,Die With A Smile,Lady Gaga & Bruno Mars,9,7,6
2024-10-05,8,Djurens Vaggvisa,Humlan Djojj,6,6,61
2024-10-05,9,Calma,Y4ska X Dizzy,7,4,19
2024-10-05,10,Sahbi,ADAAM x Dizzy,8,6,5
2024-10-05,11,Kan Inte Ga,Bolaget,10,1,88
2024-10-05,12,Birds Of A Feather,Billie Eilish,12,4,18
2024-10-05,13,Valkommen Ner.,Bolaget,14,3,22
2024-10-05,14,Lose Control,Teddy Swims,18,14,11
2024-10-05,15,Babblarnas Vaggvisa,Babblarna,17,5,110
2024-10-05,16,Taste,Sabrina Carpenter,13,9,5
2024-10-05,17,Forsent,Hov1 Featuring Seinabo Say,15,3,10
2024-10-05,18,The Emptiness Machine,Linkin Park,16,11,3
2024-10-05,19,Vanilj,BoBa & Malik Dalasi,-,19,1
2024-10-05,20,Espresso,Sabrina Carpenter,19,4,22
2024-10-05,21,Beautiful Things,Benson Boone,21,3,31
2024-10-05,22,I Had Some Help,Post Malone Featuring Morgan Wallen,22,2,20
2024-10-05,23,Austin,Dasha,20,16,14
2024-10-05,24,The Night We Met,Lord Huron,-,24,1
2024-10-05,25,Stargazing,Myles Smith,24,6,19
2024-10-12,1,Lost And Found,Molly Sanden & Victor Leksell,1,1,2
2024-10-12,2,DNA,Y4ska x Jireel,-,2,1
2024-10-12,3,PSG,23,-,3,1
2024-10-12,4,I Might,Sarettii,2,1,5
2024-10-12,5,Die With A Smile,Lady Gaga & Bruno Mars,7,5,7
2024-10-12,6,Regnblota Skor,Miriam Bryant,6,1,8
2024-10-12,7,A Bar Song (Tipsy),Shaboozey,4,1,24
2024-10-12,8,Viva La Vida,Soppgirobygget,3,2,16
2024-10-12,9,Djurens Vaggvisa,Humlan Djojj,8,6,62
2024-10-12,10,Calma,Y4ska X Dizzy,9,4,20
2024-10-12,11,Birds Of A Feather,Billie Eilish,12,4,19
2024-10-12,12,Aiko,Shiro & Asme,5,3,5
2024-10-12,13,Sahbi,ADAAM x Dizzy,10,6,6
2024-10-12,14,Babblarnas Vaggvisa,Babblarna,15,5,111
2024-10-12,15,Timeless,The Weeknd & Playboi Carti,-,15,1
2024-10-12,16,Kan Inte Ga,Bolaget,11,1,89
2024-10-12,17,Vanilj,BoBa & Malik Dalasi,19,17,2
2024-10-12,18,Lose Control,Teddy Swims,14,14,12
2024-10-12,19,Taste,Sabrina Carpenter,16,9,6
2024-10-12,20,Valkommen Ner.,Bolaget,13,3,23
2024-10-12,21,Forsent,Hov1 Featuring Seinabo Say,17,3,11
2024-10-12,22,The Emptiness Machine,Linkin Park,18,11,4
2024-10-12,23,Beautiful Things,Benson Boone,21,3,32
2024-10-12,24,Espresso,Sabrina Carpenter,20,4,23
2024-10-12,25,I Had Some Help,Post Malone Featuring Morgan Wallen,22,2,21
2024-10-19,1,Lost And Found,Molly Sanden & Victor Leksell,1,1,3
2024-10-19,2,Regnblota Skor,Miriam Bryant,6,1,9
2024-10-19,3,DNA,Y4ska x Jireel,2,2,2
2024-10-19,4,PSG,23,3,3,2
2024-10-19,5,I Might,Sarettii,4,1,6
2024-10-19,6,A Bar Song (Tipsy),Shaboozey,7,1,25
2024-10-19,7,Djurens Vaggvisa,Humlan Djojj,9,6,63
2024-10-19,8,Die With A Smile,Lady Gaga & Bruno Mars,5,5,8
2024-10-19,9,Calma,Y4ska X Dizzy,10,4,21
2024-10-19,10,Viva La Vida,Soppgirobygget,8,2,17
2024-10-19,11,Birds Of A Feather,Billie Eilish,11,4,20
2024-10-19,12,Babblarnas Vaggvisa,Babblarna,14,5,112
2024-10-19,13,Aiko,Shiro & Asme,12,3,6
2024-10-19,14,Vanilj,BoBa & Malik Dalasi,17,14,3
2024-10-19,15,Sahbi,ADAAM x Dizzy,13,6,7
2024-10-19,16,Sailor Song,Gigi Perez,-,16,1
2024-10-19,17,Valkommen Ner.,Bolaget,20,3,24
2024-10-19,18,Taste,Sabrina Carpenter,19,9,7
2024-10-19,19,Kan Inte Ga,Bolaget,16,1,90
2024-10-19,20,Lose Control,Teddy Swims,18,14,13
2024-10-19,21,Stargazing,Myles Smith,-,6,20
2024-10-19,22,Ikvall Igen,Bolaget,-,1,46
2024-10-19,23,Beautiful Things,Benson Boone,23,3,33
2024-10-19,24,Forsent,Hov1 Featuring Seinabo Say,21,3,12
2024-10-19,25,Timeless,The Weeknd & Playboi Carti,15,15,2
2024-10-26,1,Cecilia Lind,Yasin,-,1,1
2024-10-26,2,Ole Dole Doff,Asme & Shiro,-,2,1
2024-10-26,3,Lost And Found,Molly Sanden & Victor Leksell,1,1,4
2024-10-26,4,Regnblota Skor,Miriam Bryant,2,1,10
2024-10-26,5,DNA,Y4ska x Jireel,3,2,3
2024-10-26,6,PSG,23,4,3,3
2024-10-26,7,Djurens Vaggvisa,Humlan Djojj,7,6,64
2024-10-26,8,I Might,Sarettii,5,1,7
2024-10-26,9,A Bar Song (Tipsy),Shaboozey,6,1,26
2024-10-26,10,Vanilj,BoBa & Malik Dalasi,14,10,4
2024-10-26,11,Calma,Y4ska X Dizzy,9,4,22
2024-10-26,12,Aiko,Shiro & Asme,13,3,7
2024-10-26,13,Die With A Smile,Lady Gaga & Bruno Mars,8,5,9
2024-10-26,14,Babblarnas Vaggvisa,Babblarna,12,5,113
2024-10-26,15,Sailor Song,Gigi Perez,16,15,2
2024-10-26,16,Birds Of A Feather,Billie Eilish,11,4,21
2024-10-26,17,Viva La Vida,Soppgirobygget,10,2,18
2024-10-26,18,Lose Control,Teddy Swims,20,14,14
2024-10-26,19,Sahbi,ADAAM x Dizzy,15,6,8
2024-10-26,20,HBB,Robin Kadir & 23,-,20,1
2024-10-26,21,Kan Inte Ga,Bolaget,19,1,91
2024-10-26,22,Smastadsdrommar,Miss Li,-,22,2
2024-10-26,23,Taste,Sabrina Carpenter,18,9,8
2024-10-26,24,Valkommen Ner.,Bolaget,17,3,25
2024-10-26,25,Forsent,Hov1 Featuring Seinabo Say,24,3,13
2024-11-02,1,Cecilia Lind,Yasin,1,1,2
2024-11-02,2,Ole Dole Doff,Asme & Shiro,2,2,2
2024-11-02,3,Lost And Found,Molly Sanden & Victor Leksell,3,1,5
2024-11-02,4,Regnblota Skor,Miriam Bryant,4,1,11
2024-11-02,5,Vanilj,BoBa & Malik Dalasi,10,5,5
2024-11-02,6,DNA,Y4ska x Jireel,5,2,4
2024-11-02,7,Djurens Vaggvisa,Humlan Djojj,7,6,65
2024-11-02,8,I Might,Sarettii,8,1,8
2024-11-02,9,Sailor Song,Gigi Perez,15,9,3
2024-11-02,10,A Bar Song (Tipsy),Shaboozey,9,1,27
2024-11-02,11,Die With A Smile,Lady Gaga & Bruno Mars,13,5,10
2024-11-02,12,Calma,Y4ska X Dizzy,11,4,23
2024-11-02,13,Babblarnas Vaggvisa,Babblarna,14,5,114
2024-11-02,14,Birds Of A Feather,Billie Eilish,16,4,22
2024-11-02,15,PSG,23,6,3,4
2024-11-02,16,Aiko,Shiro & Asme,12,3,8
2024-11-02,17,Viva La Vida,Soppgirobygget,17,2,19
2024-11-02,18,Lose Control,Teddy Swims,18,14,15
2024-11-02,19,Love Somebody,Morgan Wallen,-,19,1
2024-11-02,20,APT.,ROSE & Bruno Mars,-,20,1
2024-11-02,21,Night Changes,One Direction,-,21,1
2024-11-02,22,Story Of My Life,One Direction,-,22,1
2024-11-02,23,Ikvall Igen,Bolaget,-,1,47
2024-11-02,24,Austin,Dasha,-,16,15
2024-11-02,25,Taste,Sabrina Carpenter,23,9,9
2024-11-09,1,Cecilia Lind,Yasin,1,1,3
2024-11-09,2,Lost And Found,Molly Sanden & Victor Leksell,3,1,6
2024-11-09,3,Ole Dole Doff,Asme & Shiro,2,2,3
2024-11-09,4,Regnblota Skor,Miriam Bryant,4,1,12
2024-11-09,5,Vanilj,BoBa & Malik Dalasi,5,5,6
2024-11-09,6,Hold Up,23,-,6,1
2024-11-09,7,DNA,Y4ska x Jireel,6,2,5
2024-11-09,8,Djurens Vaggvisa,Humlan Djojj,7,6,66
2024-11-09,9,Back To You,Benjamin Ingrosso,-,9,1
2024-11-09,10,Sailor Song,Gigi Perez,9,9,4
2024-11-09,11,Die With A Smile,Lady Gaga & Bruno Mars,11,5,11
2024-11-09,12,A Bar Song (Tipsy),Shaboozey,10,1,28
2024-11-09,13,Babblarnas Vaggvisa,Babblarna,13,5,115
2024-11-09,14,Calma,Y4ska X Dizzy,12,4,24
2024-11-09,15,Viva La Vida,Soppgirobygget,17,2,20
2024-11-09,16,I Might,Sarettii,8,1,9
2024-11-09,17,Birds Of A Feather,Billie Eilish,14,4,23
2024-11-09,18,Angela,Benjamin Ingrosso,-,18,1
2024-11-09,19,Honey Boy,Purple Disco Machine & Benjamin Ingrosso Featuring Nile Rodgers & Shenseea,-,2,18
2024-11-09,20,Look Who's Laughing Now,Benjamin Ingrosso,-,1,15
2024-11-09,21,Lose Control,Teddy Swims,18,14,16
2024-11-09,22,WIFI,Adel & Dani M,-,22,1
2024-11-09,23,APT.,ROSE & Bruno Mars,20,20,2
2024-11-09,24,Aiko,Shiro & Asme,16,3,9
2024-11-09,25,Ikvall Igen,Bolaget,23,1,48
2024-11-16,1,Lost And Found,Molly Sanden & Victor Leksell,2,1,7
2024-11-16,2,Cecilia Lind,Yasin,1,1,4
2024-11-16,3,Ole Dole Doff,Asme & Shiro,3,2,4
2024-11-16,4,Regnblota Skor,Miriam Bryant,4,1,13
2024-11-16,5,Djurens Vaggvisa,Humlan Djojj,8,5,67
2024-11-16,6,Vanilj,BoBa & Malik Dalasi,5,5,7
2024-11-16,7,Sailor Song,Gigi Perez,10,7,5
2024-11-16,8,DNA,Y4ska x Jireel,7,2,6
2024-11-16,9,Hold Up,23,6,6,2
2024-11-16,10,Die With A Smile,Lady Gaga & Bruno Mars,11,5,12
2024-11-16,11,Babblarnas Vaggvisa,Babblarna,13,5,116
2024-11-16,12,A Bar Song (Tipsy),Shaboozey,12,1,29
2024-11-16,13,Birds Of A Feather,Billie Eilish,17,4,24
2024-11-16,14,WIFI,Adel & Dani M,22,14,2
2024-11-16,15,Calma,Y4ska X Dizzy,14,4,25
2024-11-16,16,That's So True,Gracie Abrams,-,16,1
2024-11-16,17,Lose Control,Teddy Swims,21,14,17
2024-11-16,18,Bad Dreams,Teddy Swims,-,18,1
2024-11-16,19,Aiko,Shiro & Asme,24,3,10
2024-11-16,20,Viva La Vida,Soppgirobygget,15,2,21
2024-11-16,21,I Might,Sarettii,16,1,10
2024-11-16,22,APT.,ROSE & Bruno Mars,23,20,3
2024-11-16,23,Back To You,Benjamin Ingrosso,9,9,2
2024-11-16,24,Kan Inte Ga,Bolaget,-,1,92
2024-11-16,25,Ikvall Igen,Bolaget,25,1,49
2024-11-23,1,Lost And Found,Molly Sanden & Victor Leksell,1,1,8
2024-11-23,2,Cecilia Lind,Yasin,2,1,5
2024-11-23,3,That's So True,Gracie Abrams,16,3,2
2024-11-23,4,Ole Dole Doff,Asme & Shiro,3,2,5
2024-11-23,5,Djurens Vaggvisa,Humlan Djojj,5,5,68
2024-11-23,6,Sailor Song,Gigi Perez,7,6,6
2024-11-23,7,Regnblota Skor,Miriam Bryant,4,1,14
2024-11-23,8,Vanilj,BoBa & Malik Dalasi,6,5,8
2024-11-23,9,Die With A Smile,Lady Gaga & Bruno Mars,10,5,13
2024-11-23,10,Bad Dreams,Teddy Swims,18,10,2
2024-11-23,11,Babblarnas Vaggvisa,Babblarna,11,5,117
2024-11-23,12,A Bar Song (Tipsy),Shaboozey,12,1,30
2024-11-23,13,DNA,Y4ska x Jireel,8,2,7
2024-11-23,14,Birds Of A Feather,Billie Eilish,13,4,25
2024-11-23,15,Lose Control,Teddy Swims,17,14,18
2024-11-23,16,APT.,ROSE & Bruno Mars,22,16,4
2024-11-23,17,Hold Up,23,9,6,3
2024-11-23,18,Calma,Y4ska X Dizzy,15,4,26
2024-11-23,19,Fitta Och Kebab,Prilla Generalen,-,19,1
2024-11-23,20,Viva La Vida,Soppgirobygget,20,2,22
2024-11-23,21,I Might,Sarettii,21,1,11
2024-11-23,22,WIFI,Adel & Dani M,14,14,3
2024-11-23,23,Kan Inte Ga,Bolaget,24,1,93
2024-11-23,24,Aiko,Shiro & Asme,19,3,11
2024-11-23,25,The Door,Teddy Swims,-,25,1
2024-11-30,1,Lost And Found,Molly Sanden & Victor Leksell,1,1,9
2024-11-30,2,That's So True,Gracie Abrams,3,2,3
2024-11-30,3,Djurens Vaggvisa,Humlan Djojj,5,3,69
2024-11-30,4,Cecilia Lind,Yasin,2,1,6
2024-11-30,5,Ole Dole Doff,Asme & Shiro,4,2,6
2024-11-30,6,Sailor Song,Gigi Perez,6,6,7
2024-11-30,7,Regnblota Skor,Miriam Bryant,7,1,15
2024-11-30,8,Bad Dreams,Teddy Swims,10,8,3
2024-11-30,9,Armani,Jireel,-,9,1
2024-11-30,10,Babblarnas Vaggvisa,Babblarna,11,5,118
2024-11-30,11,Die With A Smile,Lady Gaga & Bruno Mars,9,5,14
2024-11-30,12,Santa Catalina,Jireel,-,12,1
2024-11-30,13,Last Christmas,Wham!,-,1,14
2024-11-30,14,All I Want For Christmas Is You,Mariah Carey,-,1,14
2024-11-30,15,Vanilj,BoBa & Malik Dalasi,8,5,9
2024-11-30,16,APT.,ROSE & Bruno Mars,16,16,5
2024-11-30,17,A Bar Song (Tipsy),Shaboozey,12,1,31
2024-11-30,18,DNA,Y4ska x Jireel,13,2,8
2024-11-30,19,Lose Control,Teddy Swims,15,14,19
2024-11-30,20,Birds Of A Feather,Billie Eilish,14,4,26
2024-11-30,21,Fitta Och Kebab,Prilla Generalen,19,19,2
2024-11-30,22,Calma,Y4ska X Dizzy,18,4,27
2024-11-30,23,Viva La Vida,Soppgirobygget,20,2,23
2024-11-30,24,I Might,Sarettii,21,1,12
2024-11-30,25,The Door,Teddy Swims,25,25,2
2024-12-07,1,Last Christmas,Wham!,13,1,15
2024-12-07,2,Lost And Found,Molly Sanden & Victor Leksell,1,1,10
2024-12-07,3,All I Want For Christmas Is You,Mariah Carey,14,1,15
2024-12-07,4,Armani,Jireel,9,4,2
2024-12-07,5,That's So True,Gracie Abrams,2,2,4
2024-12-07,6,Djurens Vaggvisa,Humlan Djojj,3,3,70
2024-12-07,7,APT.,ROSE & Bruno Mars,16,7,6
2024-12-07,8,Sailor Song,Gigi Perez,6,6,8
2024-12-07,9,Cecilia Lind,Yasin,4,1,7
2024-12-07,10,Bad Dreams,Teddy Swims,8,8,4
2024-12-07,11,Babblarnas Vaggvisa,Babblarna,10,5,119
2024-12-07,12,Regnblota Skor,Miriam Bryant,7,1,16
2024-12-07,13,Ole Dole Doff,Asme & Shiro,5,2,7
2024-12-07,14,Santa Catalina,Jireel,12,12,2
2024-12-07,15,Die With A Smile,Lady Gaga & Bruno Mars,11,5,15
2024-12-07,16,Tand Ett Ljus,Triad,-,3,11
2024-12-07,17,Vanilj,BoBa & Malik Dalasi,15,5,10
2024-12-07,18,DNA,Y4ska x Jireel,18,2,9
2024-12-07,19,It's Beginning To Look A Lot Like Christmas,Michael Buble,-,3,12
2024-12-07,20,Rockin' Around The Christmas Tree,Brenda Lee,-,4,12
2024-12-07,21,A Bar Song (Tipsy),Shaboozey,17,1,32
2024-12-07,22,Lose Control,Teddy Swims,19,14,20
2024-12-07,23,Snowman,Sia,-,7,7
2024-12-07,24,Birds Of A Feather,Billie Eilish,20,4,27
2024-12-07,25,Feliz Navidad,Jose Feliciano,-,3,11
2024-12-14,1,Last Christmas,Wham!,1,1,16
2024-12-14,2,All I Want For Christmas Is You,Mariah Carey,3,1,16
2024-12-14,3,Tand Ett Ljus,Triad,16,3,12
2024-12-14,4,Rockin' Around The Christmas Tree,Brenda Lee,20,4,13
2024-12-14,5,It's Beginning To Look A Lot Like Christmas,Michael Buble,19,3,13
2024-12-14,6,Feliz Navidad,Jose Feliciano,25,3,12
2024-12-14,7,Snowman,Sia,23,7,8
2024-12-14,8,Julen Ar Har,Tommy Korberg & Sissel Kyrkjebo,-,7,9
2024-12-14,9,That's So True,Gracie Abrams,5,2,5
2024-12-14,10,Lost And Found,Molly Sanden & Victor Leksell,2,1,11
2024-12-14,11,It's The Most Wonderful Time Of The Year,Andy Williams,-,9,11
2024-12-14,12,Jingle Bell Rock,Bobby Helms,-,6,11
2024-12-14,13,Valkommen Hem,E.M.D.,-,8,11
2024-12-14,14,Santa Tell Me,Ariana Grande,-,12,10
2024-12-14,15,Djurens Vaggvisa,Humlan Djojj,6,3,71
2024-12-14,16,A Christmas Song,Bjornzone,-,16,1
2024-12-14,17,Hey Ho,Freddy Kalas,-,11,10
2024-12-14,18,Mer Jul,Adolphson & Falk,-,12,9
2024-12-14,19,APT.,ROSE & Bruno Mars,7,7,7
2024-12-14,20,Cecilia Lind,Yasin,9,1,8
2024-12-14,21,Fairytale Of New York,The Pogues Featuring Kirsty MacColl,-,12,7
2024-12-14,22,Ser Du Manen Dar Du Ar Ikvall? (Tillsammans Igen),Thomas Stenstrom,-,8,10
2024-12-14,23,Ma Meilleure Ennemie,Stromae & Pomme,-,23,1
2024-12-14,24,Mistletoe,Justin Bieber,-,15,5
2024-12-14,25,Armani,Jireel,4,4,3
2024-12-21,1,Last Christmas,Wham!,1,1,17
2024-12-21,2,All I Want For Christmas Is You,Mariah Carey,2,1,17
2024-12-21,3,Tand Ett Ljus,Triad,3,3,13
2024-12-21,4,Rockin' Around The Christmas Tree,Brenda Lee,4,4,14
2024-12-21,5,A Christmas Song,Bjornzone,16,5,2
2024-12-21,6,Jingle Bell Rock,Bobby Helms,12,6,12
2024-12-21,7,Snowman,Sia,7,7,9
2024-12-21,8,Feliz Navidad,Jose Feliciano,6,3,13
2024-12-21,9,Julen Ar Har,Tommy Korberg & Sissel Kyrkjebo,8,7,10
2024-12-21,10,It's The Most Wonderful Time Of The Year,Andy Williams,11,9,12
2024-12-21,11,Valkommen Hem,E.M.D.,13,8,12
2024-12-21,12,It's Beginning To Look A Lot Like Christmas,Michael Buble,5,3,14
2024-12-21,13,Djurens Vaggvisa,Humlan Djojj,15,3,72
2024-12-21,14,That's So True,Gracie Abrams,9,2,6
2024-12-21,15,Hey Ho,Freddy Kalas,17,11,11
2024-12-21,16,Santa Tell Me,Ariana Grande,14,12,11
2024-12-21,17,Fairytale Of New York,The Pogues Featuring Kirsty MacColl,21,12,8
2024-12-21,18,Mer Jul,Adolphson & Falk,18,12,10
2024-12-21,19,Lost And Found,Molly Sanden & Victor Leksell,10,1,12
2024-12-21,20,APT.,ROSE & Bruno Mars,19,7,8
2024-12-21,21,Ser Du Manen Dar Du Ar Ikvall? (Tillsammans Igen),Thomas Stenstrom,22,8,11
2024-12-21,22,Die With A Smile,Lady Gaga & Bruno Mars,-,5,16
2024-12-21,23,Let It Snow! Let It Snow! Let It Snow!,Dean Martin,-,23,1
2024-12-21,24,Cecilia Lind,Yasin,20,1,9
2024-12-21,25,Babblarnas Vaggvisa,Babblarna,-,5,120
2024-12-28,1,Last Christmas,Wham!,1,1,18
2024-12-28,2,All I Want For Christmas Is You,Mariah Carey,2,1,18
2024-12-28,3,Tand Ett Ljus,Triad,3,3,14
2024-12-28,4,Rockin' Around The Christmas Tree,Brenda Lee,4,4,15
2024-12-28,5,Jingle Bell Rock,Bobby Helms,6,5,13
2024-12-28,6,Snowman,Sia,7,6,10
2024-12-28,7,A Christmas Song,Bjornzone,5,5,3
2024-12-28,8,Julen Ar Har,Tommy Korberg & Sissel Kyrkjebo,9,7,11
2024-12-28,9,It's Beginning To Look A Lot Like Christmas,Michael Buble,12,3,15
2024-12-28,10,Hey Ho,Freddy Kalas,15,10,12
2024-12-28,11,Feliz Navidad,Jose Feliciano,8,3,14
2024-12-28,12,Fairytale Of New York,The Pogues Featuring Kirsty MacColl,17,12,9
2024-12-28,13,It's The Most Wonderful Time Of The Year,Andy Williams,10,9,13
2024-12-28,14,Valkommen Hem,E.M.D.,11,8,13
2024-12-28,15,Mer Jul,Adolphson & Falk,18,12,11
2024-12-28,16,Santa Tell Me,Ariana Grande,16,12,12
2024-12-28,17,That's So True,Gracie Abrams,14,2,7
2024-12-28,18,Djurens Vaggvisa,Humlan Djojj,13,3,73
2024-12-28,19,Driving Home For Christmas,Chris Rea,-,13,8
2024-12-28,20,Let It Snow! Let It Snow! Let It Snow!,Dean Martin,23,20,2
2024-12-28,21,APT.,ROSE & Bruno Mars,20,7,9
2024-12-28,22,Mistletoe,Justin Bieber,-,15,6
2024-12-28,23,Do They Know It's Christmas?,Band Aid,-,15,8
2024-12-28,24,Ser Du Manen Dar Du Ar Ikvall? (Tillsammans Igen),Thomas Stenstrom,21,8,12
2024-12-28,25,Die With A Smile,Lady Gaga & Bruno Mars,22,5,17
2025-01-04,1,Last Christmas,Wham!,1,1,19
2025-01-04,2,All I Want For Christmas Is You,Mariah Carey,2,1,19
2025-01-04,3,Tand Ett Ljus,Triad,3,3,15
2025-01-04,4,Rockin' Around The Christmas Tree,Brenda Lee,4,4,16
2025-01-04,5,Julen Ar Har,Tommy Korberg & Sissel Kyrkjebo,8,5,12
2025-01-04,6,A Christmas Song,Bjornzone,7,5,4
2025-01-04,7,Jingle Bell Rock,Bobby Helms,5,5,14
2025-01-04,8,Snowman,Sia,6,6,11
2025-01-04,9,It's Beginning To Look A Lot Like Christmas,Michael Buble,9,3,16
2025-01-04,10,It's The Most Wonderful Time Of The Year,Andy Williams,13,9,14
2025-01-04,11,Fairytale Of New York,The Pogues Featuring Kirsty MacColl,12,11,10
2025-01-04,12,Feliz Navidad,Jose Feliciano,11,3,15
2025-01-04,13,Driving Home For Christmas,Chris Rea,19,13,9
2025-01-04,14,Hey Ho,Freddy Kalas,10,10,13
2025-01-04,15,Mer Jul,Adolphson & Falk,15,12,12
2025-01-04,16,Valkommen Hem,E.M.D.,14,8,14
2025-01-04,17,Santa Tell Me,Ariana Grande,16,12,13
2025-01-04,18,Do They Know It's Christmas?,Band Aid,23,15,9
2025-01-04,19,The Christmas Song (Merry Christmas To You),"Nat ""King"" Cole",-,19,1
2025-01-04,20,Happy Xmas (War Is Over),John & Yoko/The Plastic Ono Band With The Harlem Community Choir,-,20,6
2025-01-04,21,Merry Christmas,Ed Sheeran & Elton John,-,18,5
2025-01-04,22,Mistletoe,Justin Bieber,22,15,7
2025-01-04,23,Let It Snow! Let It Snow! Let It Snow!,Dean Martin,20,20,3
2025-01-04,24,"Let It Snow, Let It Snow, Let It Snow!",Frank Sinatra With The B. Swanson Quartet / Alex Stordahl,-,18,6
2025-01-04,25,Jag Kommer Hem Igen Till Jul,Peter Joback,-,21,4
2025-01-11,1,Langesen,Bolaget,-,1,1
2025-01-11,2,That's So True,Gracie Abrams,-,2,8
2025-01-11,3,APT.,ROSE & Bruno Mars,-,3,10
2025-01-11,4,Djurens Vaggvisa,Humlan Djojj,-,3,74
2025-01-11,5,Heaven & Hell,Gaboro,-,5,1
2025-01-11,6,Die With A Smile,Lady Gaga & Bruno Mars,-,5,18
2025-01-11,7,Lost And Found,Molly Sanden & Victor Leksell,-,1,13
2025-01-11,8,Kan Inte Ga,Bolaget,-,1,94
2025-01-11,9,A Bar Song (Tipsy),Shaboozey,-,1,33
2025-01-11,10,Babblarnas Vaggvisa,Babblarna,-,5,121
2025-01-11,11,Birds Of A Feather,Billie Eilish,-,4,28
2025-01-11,12,Ikvall Igen,Bolaget,-,1,50
2025-01-11,13,Viva La Vida,Soppgirobygget,-,2,24
2025-01-11,14,Lose Control,Teddy Swims,-,14,21
2025-01-11,15,Espresso,Sabrina Carpenter,-,4,24
2025-01-11,16,Messy,Lola Young,-,16,1
2025-01-11,17,Bad Dreams,Teddy Swims,-,8,5
2025-01-11,18,Regnblota Skor,Miriam Bryant,-,1,17
2025-01-11,19,Cecilia Lind,Yasin,-,1,10
2025-01-11,20,Happy New Year,ABBA,-,14,3
2025-01-11,21,Beautiful Things,Benson Boone,-,3,34
2025-01-11,22,Sailor Song,Gigi Perez,-,6,9
2025-01-11,23,Somna,Humlan Djojj,-,23,2
2025-01-11,24,Honey Boy,Purple Disco Machine & Benjamin Ingrosso Featuring Nile Rodgers & Shenseea,-,2,19
2025-01-11,25,Stargazing,Myles Smith,-,6,21
2025-01-18,1,Langesen,Bolaget,1,1,2
2025-01-18,2,That's So True,Gracie Abrams,2,2,9
2025-01-18,3,APT.,ROSE & Bruno Mars,3,3,11
2025-01-18,4,Djurens Vaggvisa,Humlan Djojj,4,3,75
2025-01-18,5,Die With A Smile,Lady Gaga & Bruno Mars,6,5,19
2025-01-18,6,Babblarnas Vaggvisa,Babblarna,10,5,122
2025-01-18,7,Heaven & Hell,Gaboro,5,5,2
2025-01-18,8,Lost And Found,Molly Sanden & Victor Leksell,7,1,14
2025-01-18,9,Messy,Lola Young,16,9,2
2025-01-18,10,Birds Of A Feather,Billie Eilish,11,4,29
2025-01-18,11,A Bar Song (Tipsy),Shaboozey,9,1,34
2025-01-18,12,Lose Control,Teddy Swims,14,12,22
2025-01-18,13,Bad Dreams,Teddy Swims,17,8,6
2025-01-18,14,Cecilia Lind,Yasin,19,1,11
2025-01-18,15,Kan Inte Ga,Bolaget,8,1,95
2025-01-18,16,Sailor Song,Gigi Perez,22,6,10
2025-01-18,17,Somna,Humlan Djojj,23,17,3
2025-01-18,18,Ikvall Igen,Bolaget,12,1,51
2025-01-18,19,Stjarnorna,Humlan Djojj,-,19,2
2025-01-18,20,Viva La Vida,Soppgirobygget,13,2,25
2025-01-18,21,Regnblota Skor,Miriam Bryant,18,1,18
2025-01-18,22,The Door,Teddy Swims,-,22,3
2025-01-18,23,Espresso,Sabrina Carpenter,15,4,25
2025-01-18,24,Wake Me Up!,Avicii,-,24,1
2025-01-18,25,Indigo,Sam Barber Featuring Avery Anna,-,25,1
2025-01-25,1,Min Bitch,Yasin,-,1,1
2025-01-25,2,APT.,ROSE & Bruno Mars,3,2,12
2025-01-25,3,Langesen,Bolaget,1,1,3
2025-01-25,4,That's So True,Gracie Abrams,2,2,10
2025-01-25,5,Die With A Smile,Lady Gaga & Bruno Mars,5,5,20
2025-01-25,6,Djurens Vaggvisa,Humlan Djojj,4,3,76
2025-01-25,7,Qurbani (KOM TBX),Y4ska & Jireel,-,7,1
2025-01-25,8,Vart An Jag Gar,Yasin,-,8,1
2025-01-25,9,Messy,Lola Young,9,9,3
2025-01-25,10,Lost And Found,Molly Sanden & Victor Leksell,8,1,15
2025-01-25,11,Babblarnas Vaggvisa,Babblarna,6,5,123
2025-01-25,12,Reminisce,Yasin Featuring PABI,-,12,1
2025-01-25,13,Heaven & Hell,Gaboro,7,5,3
2025-01-25,14,Cecilia Lind,Yasin,14,1,12
2025-01-25,15,Bad Dreams,Teddy Swims,13,8,7
2025-01-25,16,Birds Of A Feather,Billie Eilish,10,4,30
2025-01-25,17,Lose Control,Teddy Swims,12,12,23
2025-01-25,18,A Bar Song (Tipsy),Shaboozey,11,1,35
2025-01-25,19,Sailor Song,Gigi Perez,16,6,11
2025-01-25,20,Kan Inte Ga,Bolaget,15,1,96
2025-01-25,21,Indigo,Sam Barber Featuring Avery Anna,25,21,2
2025-01-25,22,Viva La Vida,Soppgirobygget,20,2,26
2025-01-25,23,The Door,Teddy Swims,22,22,4
2025-01-25,24,Somna,Humlan Djojj,17,17,4
2025-01-25,25,Ikvall Igen,Bolaget,18,1,52
2025-02-01,1,Lucky Luciano,23,-,1,1
2025-02-01,2,Skriker Mitt Namn,Victor Leksell,-,2,1
2025-02-01,3,Min Bitch,Yasin,1,1,2
2025-02-01,4,APT.,ROSE & Bruno Mars,2,2,13
2025-02-01,5,Langesen,Bolaget,3,1,4
2025-02-01,6,Die With A Smile,Lady Gaga & Bruno Mars,5,5,21
2025-02-01,7,Djurens Vaggvisa,Humlan Djojj,6,3,77
2025-02-01,8,That's So True,Gracie Abrams,4,2,11
2025-02-01,9,Qurbani (KOM TBX),Y4ska & Jireel,7,7,2
2025-02-01,10,Lost And Found,Molly Sanden & Victor Leksell,10,1,16
2025-02-01,11,Babblarnas Vaggvisa,Babblarna,11,5,124
2025-02-01,12,Messy,Lola Young,9,9,4
2025-02-01,13,Bad Dreams,Teddy Swims,15,8,8
2025-02-01,14,Land Till Land,Asme,-,14,1
2025-02-01,15,Cecilia Lind,Yasin,14,1,13
2025-02-01,16,Birds Of A Feather,Billie Eilish,16,4,31
2025-02-01,17,Lose Control,Teddy Swims,17,12,24
2025-02-01,18,Heaven & Hell,Gaboro,13,5,4
2025-02-01,19,Vart An Jag Gar,Yasin,8,8,2
2025-02-01,20,Kan Inte Ga,Bolaget,20,1,97
2025-02-01,21,A Bar Song (Tipsy),Shaboozey,18,1,36
2025-02-01,22,Sailor Song,Gigi Perez,19,6,12
2025-02-01,23,DTMF,Bad Bunny,-,23,1
2025-02-01,24,Indigo,Sam Barber Featuring Avery Anna,21,21,3
2025-02-01,25,Reminisce,Yasin Featuring PABI,12,12,2
2025-02-08,1,APT.,ROSE & Bruno Mars,4,1,14
2025-02-08,2,Skriker Mitt Namn,Victor Leksell,2,2,2
2025-02-08,3,Lucky Luciano,23,1,1,2
2025-02-08,4,Die With A Smile,Lady Gaga & Bruno Mars,6,4,22
2025-02-08,5,Djurens Vaggvisa,Humlan Djojj,7,3,78
2025-02-08,6,Min Bitch,Yasin,3,1,3
2025-02-08,7,That's So True,Gracie Abrams,8,2,12
2025-02-08,8,Langesen,Bolaget,5,1,5
2025-02-08,9,Lost And Found,Molly Sanden & Victor Leksell,10,1,17
2025-02-08,10,Babblarnas Vaggvisa,Babblarna,11,5,125
2025-02-08,11,Messy,Lola Young,12,9,5
2025-02-08,12,Qurbani (KOM TBX),Y4ska & Jireel,9,7,3
2025-02-08,13,Bad Dreams,Teddy Swims,13,8,9
2025-02-08,14,Tur I Oturen,Molly Sanden,-,14,1
2025-02-08,15,Lose Control,Teddy Swims,17,12,25
2025-02-08,16,Birds Of A Feather,Billie Eilish,16,4,32
2025-02-08,17,A Bar Song (Tipsy),Shaboozey,21,1,37
2025-02-08,18,Cecilia Lind,Yasin,15,1,14
2025-02-08,19,The Days,CHRYSTAL,-,19,1
2025-02-08,20,The Door,Teddy Swims,-,20,5
2025-02-08,21,Somna,Humlan Djojj,-,17,5
2025-02-08,22,Sailor Song,Gigi Perez,22,6,13
2025-02-08,23,Heaven & Hell,Gaboro,18,5,5
2025-02-08,24,Kan Inte Ga,Bolaget,20,1,98
2025-02-08,25,Viva La Vida,Soppgirobygget,-,2,27
2025-02-15,1,APT.,ROSE & Bruno Mars,1,1,15
2025-02-15,2,Die With A Smile,Lady Gaga & Bruno Mars,4,2,23
2025-02-15,3,Djurens Vaggvisa,Humlan Djojj,5,3,79
2025-02-15,4,Hush Hush,Meira Omar,-,4,1
2025-02-15,5,Skriker Mitt Namn,Victor Leksell,2,2,3
2025-02-15,6,San Francisco Boy,Kaarija & Hooja,-,6,1
2025-02-15,7,That's So True,Gracie Abrams,7,2,13
2025-02-15,8,Langesen,Bolaget,8,1,6
2025-02-15,9,Lucky Luciano,23,3,1,3
2025-02-15,10,Babblarnas Vaggvisa,Babblarna,10,5,126
2025-02-15,11,Messy,Lola Young,11,9,6
2025-02-15,12,Lost And Found,Molly Sanden & Victor Leksell,9,1,18
2025-02-15,13,Cry For Me,The Weeknd,-,13,1
2025-02-15,14,Kamikaze Life,Maja Ivarsson,-,14,1
2025-02-15,15,Birds Of A Feather,Billie Eilish,16,4,33
2025-02-15,16,Bad Dreams,Teddy Swims,13,8,10
2025-02-15,17,Min Bitch,Yasin,6,1,4
2025-02-15,18,Bullerbyn Ar Dod,Simon Superti,-,18,1
2025-02-15,19,Qurbani (KOM TBX),Y4ska & Jireel,12,7,4
2025-02-15,20,Lose Control,Teddy Swims,15,12,26
2025-02-15,21,Mi Vida,Shiro,-,21,1
2025-02-15,22,A Bar Song (Tipsy),Shaboozey,17,1,38
2025-02-15,23,Timeless,The Weeknd & Playboi Carti,-,15,3
2025-02-15,24,Daydate,G1,-,24,1
2025-02-15,25,Regnblota Skor,Miriam Bryant,-,1,19
2025-02-22,1,Bullerbyn Ar Dod,Simon Superti,18,1,2
2025-02-22,2,On And On And On,Klara Hammarstrom,-,2,1
2025-02-22,3,Hush Hush,Meira Omar,4,3,2
2025-02-22,4,APT.,ROSE & Bruno Mars,1,1,16
2025-02-22,5,Not Like Us,Kendrick Lamar,-,5,3
2025-02-22,6,Die With A Smile,Lady Gaga & Bruno Mars,2,2,24
2025-02-22,7,Djurens Vaggvisa,Humlan Djojj,3,3,80
2025-02-22,8,Langesen,Bolaget,8,1,7
2025-02-22,9,Abracadabra,Lady Gaga,-,9,1
2025-02-22,10,Skriker Mitt Namn,Victor Leksell,5,2,4
2025-02-22,11,San Francisco Boy,Kaarija & Hooja,6,6,2
2025-02-22,12,That's So True,Gracie Abrams,7,2,14
2025-02-22,13,Babblarnas Vaggvisa,Babblarna,10,5,127
2025-02-22,14,Birds Of A Feather,Billie Eilish,15,4,34
2025-02-22,15,Show Me What Love Is,Erik Segerstedt,-,15,1
2025-02-22,16,Messy,Lola Young,11,9,7
2025-02-22,17,Kamikaze Life,Maja Ivarsson,14,14,2
2025-02-22,18,Ordinary,Alex Warren,-,18,1
2025-02-22,19,Lost And Found,Molly Sanden & Victor Leksell,12,1,19
2025-02-22,20,All The Stars,Kendrick Lamar & SZA,-,20,1
2025-02-22,21,Bad Dreams,Teddy Swims,16,8,11
2025-02-22,22,Voice Of The Silent,John Lundvik,-,22,1
2025-02-22,23,Beautiful Things,Benson Boone,-,3,35
2025-02-22,24,Lucky Luciano,23,9,1,4
2025-02-22,25,Lose Control,Teddy Swims,20,12,27
2025-03-01,1,On And On And On,Klara Hammarstrom,2,1,2
2025-03-01,2,Bullerbyn Ar Dod,Simon Superti,1,1,3
2025-03-01,3,APT.,ROSE & Bruno Mars,4,1,17
2025-03-01,4,Not Like Us,Kendrick Lamar,5,4,4
2025-03-01,5,Yihaa,Dolly Style,-,5,1
2025-03-01,6,Djurens Vaggvisa,Humlan Djojj,7,3,81
2025-03-01,7,Hush Hush,Meira Omar,3,3,3
2025-03-01,8,All The Stars,Kendrick Lamar & SZA,20,8,2
2025-03-01,9,Die With A Smile,Lady Gaga & Bruno Mars,6,2,25
2025-03-01,10,Believe Me,Greczula,-,10,1
2025-03-01,11,Langesen,Bolaget,8,1,8
2025-03-01,12,Babblarnas Vaggvisa,Babblarna,13,5,128
2025-03-01,13,That's So True,Gracie Abrams,12,2,15
2025-03-01,14,Ordinary,Alex Warren,18,14,2
2025-03-01,15,Bad Dreams,Teddy Swims,21,8,12
2025-03-01,16,Messy,Lola Young,16,9,8
2025-03-01,17,Birds Of A Feather,Billie Eilish,14,4,35
2025-03-01,18,Abracadabra,Lady Gaga,9,9,2
2025-03-01,19,Skriker Mitt Namn,Victor Leksell,10,2,5
2025-03-01,20,Show Me What Love Is,Erik Segerstedt,15,15,2
2025-03-01,21,Lost And Found,Molly Sanden & Victor Leksell,19,1,20
2025-03-01,22,Luther,Kendrick Lamar & SZA,-,22,1
2025-03-01,23,Lose Control,Teddy Swims,25,12,28
2025-03-01,24,TV Off,Kendrick Lamar Featuring Lefty Gunplay,-,24,1
2025-03-01,25,San Francisco Boy,Kaarija & Hooja,11,6,3
2025-03-08,1,Bara Bada Bastu,KAJ,-,1,1
2025-03-08,2,On And On And On,Klara Hammarstrom,1,1,3
2025-03-08,3,Revolution,Mans Zelmerlow,-,3,1
2025-03-08,4,Yihaa,Dolly Style,5,4,2
2025-03-08,5,Believe Me,Greczula,10,5,2
2025-03-08,6,APT.,ROSE & Bruno Mars,3,1,18
2025-03-08,7,Djurens Vaggvisa,Humlan Djojj,6,3,82
2025-03-08,8,Bullerbyn Ar Dod,Simon Superti,2,1,4
2025-03-08,9,Hush Hush,Meira Omar,7,3,4
2025-03-08,10,Die With A Smile,Lady Gaga & Bruno Mars,9,2,26
2025-03-08,11,Not Like Us,Kendrick Lamar,4,4,5
2025-03-08,12,Show Me What Love Is,Erik Segerstedt,20,12,3
2025-03-08,13,Babblarnas Vaggvisa,Babblarna,12,5,129
2025-03-08,14,Bara Du Ar Dar,Ella Tiritiello,-,14,1
2025-03-08,15,All The Stars,Kendrick Lamar & SZA,8,8,3
2025-03-08,16,Langesen,Bolaget,11,1,9
2025-03-08,17,Bad Dreams,Teddy Swims,15,8,13
2025-03-08,18,That's So True,Gracie Abrams,13,2,16
2025-03-08,19,Ordinary,Alex Warren,14,14,3
2025-03-08,20,Messy,Lola Young,16,9,9
2025-03-08,21,Birds Of A Feather,Billie Eilish,17,4,36
2025-03-08,22,Abracadabra,Lady Gaga,18,9,3
2025-03-08,23,Lost And Found,Molly Sanden & Victor Leksell,21,1,21
2025-03-08,24,Lose Control,Teddy Swims,23,12,29
2025-03-08,25,Kamikaze Life,Maja Ivarsson,-,14,3
2025-03-15,1,Bara Bada Bastu,KAJ,1,1,2
2025-03-15,2,Yihaa,Dolly Style,4,2,3
2025-03-15,3,On And On And On,Klara Hammarstrom,2,1,4
2025-03-15,4,Revolution,Mans Zelmerlow,3,3,2
2025-03-15,5,Sweet N' Psycho,SCARLET,-,5,1
2025-03-15,6,Hush Hush,Meira Omar,9,3,5
2025-03-15,7,Believe Me,Greczula,5,5,3
2025-03-15,8,Djurens Vaggvisa,Humlan Djojj,7,3,83
2025-03-15,9,APT.,ROSE & Bruno Mars,6,1,19
2025-03-15,10,Bara Du Ar Dar,Ella Tiritiello,14,10,2
2025-03-15,11,Hate You So Much,Saga Ludvigsson,-,11,1
2025-03-15,12,Bullerbyn Ar Dod,Simon Superti,8,1,5
2025-03-15,13,Hon Dansar Vidare I Livet,Hov1,-,13,13
2025-03-15,14,Show Me What Love Is,Erik Segerstedt,12,12,4
2025-03-15,15,Die With A Smile,Lady Gaga & Bruno Mars,10,2,27
2025-03-15,16,Babblarnas Vaggvisa,Babblarna,13,5,130
2025-03-15,17,Forsent,Hov1 Featuring Seinabo Say,-,3,14
2025-03-15,18,Langesen,Bolaget,16,1,10
2025-03-15,19,Kamikaze Life,Maja Ivarsson,25,14,4
2025-03-15,20,I'm Yours,Vilhelm Buchaus,-,20,1
2025-03-15,21,Not Like Us,Kendrick Lamar,11,4,6
2025-03-15,22,Ordinary,Alex Warren,19,14,4
2025-03-15,23,Bad Dreams,Teddy Swims,17,8,14
2025-03-15,24,That's So True,Gracie Abrams,18,2,17
2025-03-15,25,All The Stars,Kendrick Lamar & SZA,15,8,4
2025-03-22,1,Bara Bada Bastu,KAJ,1,1,3
2025-03-22,2,Yihaa,Dolly Style,2,2,4
2025-03-22,3,On And On And On,Klara Hammarstrom,3,1,5
2025-03-22,4,Revolution,Mans Zelmerlow,4,3,3
2025-03-22,5,Sweet N' Psycho,SCARLET,5,5,2
2025-03-22,6,Believe Me,Greczula,7,5,4
2025-03-22,7,Hush Hush,Meira Omar,6,3,6
2025-03-22,8,Hate You So Much,Saga Ludvigsson,11,8,2
2025-03-22,9,Show Me What Love Is,Erik Segerstedt,14,9,5
2025-03-22,10,Bara Du Ar Dar,Ella Tiritiello,10,10,3
2025-03-22,11,Djurens Vaggvisa,Humlan Djojj,8,3,84
2025-03-22,12,Kamikaze Life,Maja Ivarsson,19,12,5
2025-03-22,13,APT.,ROSE & Bruno Mars,9,1,20
2025-03-22,14,Bender,Sote Og Rare Gutter,-,14,1
2025-03-22,15,Langesen,Bolaget,18,1,11
2025-03-22,16,Voice Of The Silent,John Lundvik,-,16,2
2025-03-22,17,Bullerbyn Ar Dod,Simon Superti,12,1,6
2025-03-22,18,Die With A Smile,Lady Gaga & Bruno Mars,15,2,28
2025-03-22,19,I'm Yours,Vilhelm Buchaus,20,19,2
2025-03-22,20,Ordinary,Alex Warren,22,14,5
2025-03-22,21,Anxiety,Doechii,-,21,1
2025-03-22,22,Babblarnas Vaggvisa,Babblarna,16,5,131
2025-03-22,23,Life Again,Annika Wickihalder,-,23,1
2025-03-22,24,I Min Bil,Veronica Maggio,-,24,1
2025-03-22,25,Abracadabra,Lady Gaga,-,9,4
2025-03-29,1,Bara Bada Bastu,KAJ,1,1,4
2025-03-29,2,Yihaa,Dolly Style,2,2,5
2025-03-29,3,On And On And On,Klara Hammarstrom,3,1,6
2025-03-29,4,Sweet N' Psycho,SCARLET,5,4,3
2025-03-29,5,Revolution,Mans Zelmerlow,4,3,4
2025-03-29,6,Hush Hush,Meira Omar,7,3,7
2025-03-29,7,Hate You So Much,Saga Ludvigsson,8,7,3
2025-03-29,8,Believe Me,Greczula,6,5,5
2025-03-29,9,Bender,Sote Og Rare Gutter,14,9,2
2025-03-29,10,Ordinary,Alex Warren,20,10,6
2025-03-29,11,Djurens Vaggvisa,Humlan Djojj,11,3,85
2025-03-29,12,APT.,ROSE & Bruno Mars,13,1,21
2025-03-29,13,Anxiety,Doechii,21,13,2
2025-03-29,14,Langesen,Bolaget,15,1,12
2025-03-29,15,Bara Du Ar Dar,Ella Tiritiello,10,10,4
2025-03-29,16,Babblarnas Vaggvisa,Babblarna,22,5,132
2025-03-29,17,Die With A Smile,Lady Gaga & Bruno Mars,18,2,29
2025-03-29,18,Bullerbyn Ar Dod,Simon Superti,17,1,7
2025-03-29,19,I Min Bil,Veronica Maggio,24,19,2
2025-03-29,20,Show Me What Love Is,Erik Segerstedt,9,9,6
2025-03-29,21,Kamikaze Life,Maja Ivarsson,12,12,6
2025-03-29,22,Bad Dreams,Teddy Swims,-,8,15
2025-03-29,23,Kan Inte Ga,Bolaget,-,1,99
2025-03-29,24,Abracadabra,Lady Gaga,25,9,5
2025-03-29,25,That's So True,Gracie Abrams,-,2,18
2025-04-05,1,Bara Bada Bastu,KAJ,1,1,5
2025-04-05,2,Yihaa,Dolly Style,2,2,6
2025-04-05,3,Ordinary,Alex Warren,10,3,7
2025-04-05,4,Parlor,Kent,-,4,6
2025-04-05,5,On And On And On,Klara Hammarstrom,3,1,7
2025-04-05,6,Bender,Sote Og Rare Gutter,9,6,3
2025-04-05,7,Djurens Vaggvisa,Humlan Djojj,11,3,86
2025-04-05,8,Alla Ska Do,Bolaget,-,8,1
2025-04-05,9,Sweet N' Psycho,SCARLET,4,4,4
2025-04-05,10,Utan Dina Andetag,Kent,-,10,1
2025-04-05,11,Revolution,Mans Zelmerlow,5,3,5
2025-04-05,12,APT.,ROSE & Bruno Mars,12,1,22
2025-04-05,13,Dom Andra,Kent,-,13,1
2025-04-05,14,Hush Hush,Meira Omar,6,3,8
2025-04-05,15,Hate You So Much,Saga Ludvigsson,7,7,4
2025-04-05,16,Langesen,Bolaget,14,1,13
2025-04-05,17,Believe Me,Greczula,8,5,6
2025-04-05,18,Babblarnas Vaggvisa,Babblarna,16,5,133
2025-04-05,19,Karleken Vantar,Kent,-,19,1
2025-04-05,20,Anxiety,Doechii,13,13,3
2025-04-05,21,Musik Non Stop,Kent,-,21,1
2025-04-05,22,Die With A Smile,Lady Gaga & Bruno Mars,17,2,30
2025-04-05,23,Bullerbyn Ar Dod,Simon Superti,18,1,8
2025-04-05,24,I Min Bil,Veronica Maggio,19,19,3
2025-04-05,25,Kan Inte Ga,Bolaget,23,1,100
2025-04-12,1,Bara Bada Bastu,KAJ,1,1,6
2025-04-12,2,Raddare I Noden,Hov1,-,2,1
2025-04-12,3,Yihaa,Dolly Style,2,2,7
2025-04-12,4,Ordinary,Alex Warren,3,3,8
2025-04-12,5,Djurens Vaggvisa,Humlan Djojj,7,3,87
2025-04-12,6,Bender,Sote Og Rare Gutter,6,6,4
2025-04-12,7,On And On And On,Klara Hammarstrom,5,1,8
2025-04-12,8,Alla Ska Do,Bolaget,8,8,2
2025-04-12,9,APT.,ROSE & Bruno Mars,12,1,23
2025-04-12,10,Parlor,Kent,4,4,7
2025-04-12,11,Babblarnas Vaggvisa,Babblarna,18,5,134
2025-04-12,12,Sweet N' Psycho,SCARLET,9,4,5
2025-04-12,13,Die With A Smile,Lady Gaga & Bruno Mars,22,2,31
2025-04-12,14,Show Me Love,WizTheMc,-,14,1
2025-04-12,15,Revolution,Mans Zelmerlow,11,3,6
2025-04-12,16,Hush Hush,Meira Omar,14,3,9
2025-04-12,17,Bullerbyn Ar Dod,Simon Superti,23,1,9
2025-04-12,18,Kan Inte Ga,Bolaget,25,1,101
2025-04-12,19,Langesen,Bolaget,16,1,14
2025-04-12,20,Hate You So Much,Saga Ludvigsson,15,7,5
2025-04-12,21,Anxiety,Doechii,20,13,4
2025-04-12,22,Bad Dreams,Teddy Swims,-,8,16
2025-04-12,23,Believe Me,Greczula,17,5,7
2025-04-12,24,Birds Of A Feather,Billie Eilish,-,4,37
2025-04-12,25,Utan Dina Andetag,Kent,10,10,2
2025-04-19,1,Bara Bada Bastu,KAJ,1,1,7
2025-04-19,2,Raddare I Noden,Hov1,2,2,2
2025-04-19,3,Ordinary,Alex Warren,4,3,9
2025-04-19,4,Yihaa,Dolly Style,3,2,8
2025-04-19,5,Hur Manga Mil,Victor Leksell,-,5,1
2025-04-19,6,Djurens Vaggvisa,Humlan Djojj,5,3,88
2025-04-19,7,Bender,Sote Og Rare Gutter,6,6,5
2025-04-19,8,Show Me Love,WizTheMc,14,8,2
2025-04-19,9,Azizam,Ed Sheeran,-,9,1
2025-04-19,10,On And On And On,Klara Hammarstrom,7,1,9
2025-04-19,11,APT.,ROSE & Bruno Mars,9,1,24
2025-04-19,12,Babblarnas Vaggvisa,Babblarna,11,5,135
2025-04-19,13,Alla Ska Do,Bolaget,8,8,3
2025-04-19,14,Die With A Smile,Lady Gaga & Bruno Mars,13,2,32
2025-04-19,15,Thug,Petter Featuring ADAAM,-,15,1
2025-04-19,16,Bullerbyn Ar Dod,Simon Superti,17,1,10
2025-04-19,17,Hush Hush,Meira Omar,16,3,10
2025-04-19,18,Skriker Mitt Namn,Victor Leksell,-,2,6
2025-04-19,19,Bad Dreams,Teddy Swims,22,8,17
2025-04-19,20,Birds Of A Feather,Billie Eilish,24,4,38
2025-04-19,21,Espresso,Sabrina Carpenter,-,4,26
2025-04-19,22,Somna,Humlan Djojj,-,17,6
2025-04-19,23,Revolution,Mans Zelmerlow,15,3,7
2025-04-19,24,Sweet N' Psycho,SCARLET,12,4,6
2025-04-19,25,Stjarnorna,Humlan Djojj,-,19,3
2025-04-26,1,Bara Bada Bastu,KAJ,1,1,8
2025-04-26,2,Raddare I Noden,Hov1,2,2,3
2025-04-26,3,Ordinary,Alex Warren,3,3,10
2025-04-26,4,Yihaa,Dolly Style,4,2,9
2025-04-26,5,Djurens Vaggvisa,Humlan Djojj,6,3,89
2025-04-26,6,Bender,Sote Og Rare Gutter,7,6,6
2025-04-26,7,Hur Manga Mil,Victor Leksell,5,5,2
2025-04-26,8,Azizam,Ed Sheeran,9,8,2
2025-04-26,9,BASSIANI,Soppgirobygget,-,9,1
2025-04-26,10,Show Me Love,WizTheMc,8,8,3
2025-04-26,11,APT.,ROSE & Bruno Mars,11,1,25
2025-04-26,12,Love,Jireel,-,12,1
2025-04-26,13,Babblarnas Vaggvisa,Babblarna,12,5,136
2025-04-26,14,On And On And On,Klara Hammarstrom,10,1,10
2025-04-26,15,Bad Dreams,Teddy Swims,19,8,18
2025-04-26,16,Die With A Smile,Lady Gaga & Bruno Mars,14,2,33
2025-04-26,17,Thug,Petter Featuring ADAAM,15,15,2
2025-04-26,18,Alla Ska Do,Bolaget,13,8,4
2025-04-26,19,Madonna,Asme,-,19,1
2025-04-26,20,Birds Of A Feather,Billie Eilish,20,4,39
2025-04-26,21,Kan Inte Ga,Bolaget,-,1,102
2025-04-26,22,Hon Dansar Vidare I Livet,Hov1,-,13,14
2025-04-26,23,Bullerbyn Ar Dod,Simon Superti,16,1,11
2025-04-26,24,Hvitt Gull (Kilroy),Sote Og Rare Gutter,-,24,1
2025-04-26,25,Skriker Mitt Namn,Victor Leksell,18,2,7
2025-05-03,1,Bara Bada Bastu,KAJ,1,1,9
2025-05-03,2,Ordinary,Alex Warren,3,2,11
2025-05-03,3,Djurens Vaggvisa,Humlan Djojj,5,3,90
2025-05-03,4,Raddare I Noden,Hov1,2,2,4
2025-05-03,5,BASSIANI,Soppgirobygget,9,5,2
2025-05-03,6,Show Me Love,WizTheMc,10,6,4
2025-05-03,7,Yihaa,Dolly Style,4,2,10
2025-05-03,8,Bender,Sote Og Rare Gutter,6,6,7
2025-05-03,9,Svagare An Jag,Ida-Lova,-,9,1
2025-05-03,10,Hur Manga Mil,Victor Leksell,7,5,3
2025-05-03,11,Azizam,Ed Sheeran,8,8,3
2025-05-03,12,Babblarnas Vaggvisa,Babblarna,13,5,137
2025-05-03,13,Kontroversiell,23,-,13,1
2025-05-03,14,APT.,ROSE & Bruno Mars,11,1,26
2025-05-03,15,Birds Of A Feather,Billie Eilish,20,4,40
2025-05-03,16,Die With A Smile,Lady Gaga & Bruno Mars,16,2,34
2025-05-03,17,Bad Dreams,Teddy Swims,15,8,19
2025-05-03,18,Thug,Petter Featuring ADAAM,17,15,3
2025-05-03,19,Somna,Humlan Djojj,-,17,7
2025-05-03,20,On And On And On,Klara Hammarstrom,14,1,11
2025-05-03,21,Abracadabra,Lady Gaga,-,9,6
2025-05-03,22,Stjarnorna,Humlan Djojj,-,19,4
2025-05-03,23,Kan Inte Ga,Bolaget,21,1,103
2025-05-03,24,Love,Jireel,12,12,2
2025-05-03,25,Lost And Found,Molly Sanden & Victor Leksell,-,1,22
2025-05-10,1,Bara Bada Bastu,KAJ,1,1,10
2025-05-10,2,Haller Mig Sjalv,ADAAM & Greekazo,-,2,1
2025-05-10,3,Svagare An Jag,Ida-Lova,9,3,2
2025-05-10,4,Show Me Love,WizTheMc,6,4,5
2025-05-10,5,Ordinary,Alex Warren,2,2,12
2025-05-10,6,BASSIANI,Soppgirobygget,5,5,3
2025-05-10,7,Djurens Vaggvisa,Humlan Djojj,3,3,91
2025-05-10,8,Raddare I Noden,Hov1,4,2,5
2025-05-10,9,Bender,Sote Og Rare Gutter,8,6,8
2025-05-10,10,Yihaa,Dolly Style,7,2,11
2025-05-10,11,Hur Manga Mil,Victor Leksell,10,5,4
2025-05-10,12,Azizam,Ed Sheeran,11,8,4
2025-05-10,13,Babblarnas Vaggvisa,Babblarna,12,5,138
2025-05-10,14,Birds Of A Feather,Billie Eilish,15,4,41
2025-05-10,15,APT.,ROSE & Bruno Mars,14,1,27
2025-05-10,16,Pretty Ugly,"Zara Larsson , JT & Margo XS",-,16,1
2025-05-10,17,Bad Dreams,Teddy Swims,17,8,20
2025-05-10,18,Die With A Smile,Lady Gaga & Bruno Mars,16,2,35
2025-05-10,19,Thug,Petter Featuring ADAAM,18,15,4
2025-05-10,20,Kan Inte Ga,Bolaget,23,1,104
2025-05-10,21,Somna,Humlan Djojj,19,17,8
2025-05-10,22,Real Life,Owen,-,22,1
2025-05-10,23,Hon Dansar Vidare I Livet,Hov1,-,13,15
2025-05-10,24,Undressed,sombr,-,24,1
2025-05-10,25,A Bar Song (Tipsy),Shaboozey,-,1,39
2025-05-17,1,Haller Mig Sjalv,ADAAM & Greekazo,2,1,2
2025-05-17,2,Svagare An Jag,Ida-Lova,3,2,3
2025-05-17,3,Bara Bada Bastu,KAJ,1,1,11
2025-05-17,4,Show Me Love,WizTheMc,4,4,6
2025-05-17,5,Ordinary,Alex Warren,5,2,13
2025-05-17,6,Djurens Vaggvisa,Humlan Djojj,7,3,92
2025-05-17,7,Superman,Hoffmaestro & Bolaget,-,7,1
2025-05-17,8,BASSIANI,Soppgirobygget,6,5,4
2025-05-17,9,Raddare I Noden,Hov1,8,2,6
2025-05-17,10,Om,Niklas Stromstedt,-,10,1
2025-05-17,11,Bender,Sote Og Rare Gutter,9,6,9
2025-05-17,12,Babblarnas Vaggvisa,Babblarna,13,5,139
2025-05-17,13,Azizam,Ed Sheeran,12,8,5
2025-05-17,14,Don't You Cry,23,-,14,1
2025-05-17,15,Yihaa,Dolly Style,10,2,12
2025-05-17,16,Det Gar Snabbt,23,-,16,1
2025-05-17,17,Hur Manga Mil,Victor Leksell,11,5,5
2025-05-17,18,Undressed,sombr,24,18,2
2025-05-17,19,Love Me Not,Ravyn Lenae,-,19,1
2025-05-17,20,APT.,ROSE & Bruno Mars,15,1,28
2025-05-17,21,Birds Of A Feather,Billie Eilish,14,4,42
2025-05-17,22,Somna,Humlan Djojj,21,17,9
2025-05-17,23,Die With A Smile,Lady Gaga & Bruno Mars,18,2,36
2025-05-17,24,Bad Dreams,Teddy Swims,17,8,21
2025-05-17,25,Stjarnorna,Humlan Djojj,-,19,5
2025-05-24,1,Bara Bada Bastu,KAJ,3,1,12
2025-05-24,2,Svagare An Jag,Ida-Lova,2,2,4
2025-05-24,3,Tusen Spann,Tjuvjakt & Fanny Avonne,-,3,1
2025-05-24,4,Haller Mig Sjalv,ADAAM & Greekazo,1,1,3
2025-05-24,5,Ordinary,Alex Warren,5,2,14
2025-05-24,6,Om,Niklas Stromstedt,10,6,2
2025-05-24,7,Djurens Vaggvisa,Humlan Djojj,6,3,93
2025-05-24,8,Show Me Love,WizTheMc,4,4,7
2025-05-24,9,Ekko,Golfklubb & Olivia Lobato,-,9,1
2025-05-24,10,OJOJOJ,Hooja,-,10,1
2025-05-24,11,Bender,Sote Og Rare Gutter,11,6,10
2025-05-24,12,Raddare I Noden,Hov1,9,2,7
2025-05-24,13,Babblarnas Vaggvisa,Babblarna,12,5,140
2025-05-24,14,Azizam,Ed Sheeran,13,8,6
2025-05-24,15,Superman,Hoffmaestro & Bolaget,7,7,2
2025-05-24,16,Undressed,sombr,18,16,3
2025-05-24,17,BASSIANI,Soppgirobygget,8,5,5
2025-05-24,18,Yihaa,Dolly Style,15,2,13
2025-05-24,19,Hur Manga Mil,Victor Leksell,17,5,6
2025-05-24,20,Love Me Not,Ravyn Lenae,19,19,2
2025-05-24,21,APT.,ROSE & Bruno Mars,20,1,29
2025-05-24,22,Med Oss,"24K, Asme & Romanos",-,22,1
2025-05-24,23,Tandtrad,Tjuvjakt,-,23,1
2025-05-24,24,Somna,Humlan Djojj,22,17,10
2025-05-24,25,Bad Dreams,Teddy Swims,24,8,22
2025-05-31,1,Tusen Spann,Tjuvjakt & Fanny Avonne,3,1,2
2025-05-31,2,Bara Bada Bastu,KAJ,1,1,13
2025-05-31,3,Svagare An Jag,Ida-Lova,2,2,5
2025-05-31,4,Espresso Macchiato,Tommy Cash,-,4,1
2025-05-31,5,Haller Mig Sjalv,ADAAM & Greekazo,4,1,4
2025-05-31,6,Ordinary,Alex Warren,5,2,15
2025-05-31,7,Om,Niklas Stromstedt,6,6,3
2025-05-31,8,Djurens Vaggvisa,Humlan Djojj,7,3,94
2025-05-31,9,ROA,Vaeb,-,9,1
2025-05-31,10,Wasted Love,JJ,-,10,1
2025-05-31,11,Ekko,Golfklubb & Olivia Lobato,9,9,2
2025-05-31,12,Baller,Abor & Tynna,-,12,1
2025-05-31,13,Bender,Sote Og Rare Gutter,11,6,11
2025-05-31,14,Show Me Love,WizTheMc,8,4,8
2025-05-31,15,BASSIANI,Soppgirobygget,17,5,6
2025-05-31,16,Azizam,Ed Sheeran,14,8,7
2025-05-31,17,Babblarnas Vaggvisa,Babblarna,13,5,141
2025-05-31,18,Raddare I Noden,Hov1,12,2,8
2025-05-31,19,Let's Ride Away,Avicii Featuring Elle King,-,19,1
2025-05-31,20,Lighter,Kyle Alessandro,-,20,1
2025-05-31,21,Undressed,sombr,16,16,4
2025-05-31,22,Hur Manga Mil,Victor Leksell,19,5,7
2025-05-31,23,Tandtrad,Tjuvjakt,23,23,2
2025-05-31,24,Tradgarden En Fredag,Veronica Maggio,-,24,1
2025-05-31,25,Superman,Hoffmaestro & Bolaget,15,7,3
2025-06-07,1,Tusen Spann,Tjuvjakt & Fanny Avonne,1,1,3
2025-06-07,2,Bara Bada Bastu,KAJ,2,1,14
2025-06-07,3,Espresso Macchiato,Tommy Cash,4,3,2
2025-06-07,4,Svagare An Jag,Ida-Lova,3,2,6
2025-06-07,5,Ordinary,Alex Warren,6,2,16
2025-06-07,6,Haller Mig Sjalv,ADAAM & Greekazo,5,1,5
2025-06-07,7,Djurens Vaggvisa,Humlan Djojj,8,3,95
2025-06-07,8,Om,Niklas Stromstedt,7,6,4
2025-06-07,9,Suddiga Tankar,Hov1,-,9,1
2025-06-07,10,Bender,Sote Og Rare Gutter,13,6,12
2025-06-07,11,Show Me Love,WizTheMc,14,4,9
2025-06-07,12,ROA,Vaeb,9,9,2
2025-06-07,13,BASSIANI,Soppgirobygget,15,5,7
2025-06-07,14,Konfetti,Molly Sanden & Astrid S,-,14,1
2025-06-07,15,Azizam,Ed Sheeran,16,8,8
2025-06-07,16,Babblarnas Vaggvisa,Babblarna,17,5,142
2025-06-07,17,Undressed,sombr,21,16,5
2025-06-07,18,Ekko,Golfklubb & Olivia Lobato,11,9,3
2025-06-07,19,Bloodline,Alex Warren With Jelly Roll,-,19,1
2025-06-07,20,Raddare I Noden,Hov1,18,2,9
2025-06-07,21,Lighter,Kyle Alessandro,20,20,2
2025-06-07,22,Baller,Abor & Tynna,12,12,2
2025-06-07,23,Hur Manga Mil,Victor Leksell,22,5,8
2025-06-07,24,Tradgarden En Fredag,Veronica Maggio,24,24,2
2025-06-07,25,Tandtrad,Tjuvjakt,23,23,3
2025-06-14,1,Tusen Spann,Tjuvjakt & Fanny Avonne,1,1,4
2025-06-14,2,Svagare An Jag,Ida-Lova,4,2,7
2025-06-14,3,Bara Bada Bastu,KAJ,2,1,15
2025-06-14,4,Espresso Macchiato,Tommy Cash,3,3,3
2025-06-14,5,Ordinary,Alex Warren,5,2,17
2025-06-14,6,Djurens Vaggvisa,Humlan Djojj,7,3,96
2025-06-14,7,Haller Mig Sjalv,ADAAM & Greekazo,6,1,6
2025-06-14,8,Lys Pa Mig,Victor Leksell,-,8,1
2025-06-14,9,Azizam,Ed Sheeran,15,8,9
2025-06-14,10,Om,Niklas Stromstedt,8,6,5
2025-06-14,11,Show Me Love,WizTheMc,11,4,10
2025-06-14,12,BASSIANI,Soppgirobygget,13,5,8
2025-06-14,13,Sommarkatt,Lov1,-,13,1
2025-06-14,14,Babblarnas Vaggvisa,Babblarna,16,5,143
2025-06-14,15,Bender,Sote Og Rare Gutter,10,6,13
2025-06-14,16,Undressed,sombr,17,16,6
2025-06-14,17,Konfetti,Molly Sanden & Astrid S,14,14,2
2025-06-14,18,Rina Rina,Sarettii,-,18,1
2025-06-14,19,Valkommen In,Veronica Maggio,-,16,3
2025-06-14,20,Hur Manga Mil,Victor Leksell,23,5,9
2025-06-14,21,Kan Inte Ga,Bolaget,-,1,105
2025-06-14,22,Tradgarden En Fredag,Veronica Maggio,24,22,3
2025-06-14,23,Bloodline,Alex Warren With Jelly Roll,19,19,2
2025-06-14,24,ROA,Vaeb,12,9,3
2025-06-14,25,Raddare I Noden,Hov1,20,2,10
2025-06-21,1,Tusen Spann,Tjuvjakt & Fanny Avonne,1,1,5
2025-06-21,2,Bara Bada Bastu,KAJ,3,1,16
2025-06-21,3,Svagare An Jag,Ida-Lova,2,2,8
2025-06-21,4,Ordinary,Alex Warren,5,2,18
2025-06-21,5,Sommarkatt,Lov1,13,5,2
2025-06-21,6,Espresso Macchiato,Tommy Cash,4,3,4
2025-06-21,7,Djurens Vaggvisa,Humlan Djojj,6,3,97
2025-06-21,8,Lys Pa Mig,Victor Leksell,8,8,2
2025-06-21,9,Det Kommer Aldrig Va Over For,Hakan Hellstrom,-,9,2
2025-06-21,10,Om,Niklas Stromstedt,10,6,6
2025-06-21,11,Haller Mig Sjalv,ADAAM & Greekazo,7,1,7
2025-06-21,12,Manchild,Sabrina Carpenter,-,12,1
2025-06-21,13,2CB,Hov1,-,13,1
2025-06-21,14,Azizam,Ed Sheeran,9,8,10
2025-06-21,15,BASSIANI,Soppgirobygget,12,5,9
2025-06-21,16,Babblarnas Vaggvisa,Babblarna,14,5,144
2025-06-21,17,Show Me Love,WizTheMc,11,4,11
2025-06-21,18,Mitt Hjarta Av Guld,Lia Lindsten,-,18,1
2025-06-21,19,Valkommen In,Veronica Maggio,19,16,4
2025-06-21,20,Undressed,sombr,16,16,7
2025-06-21,21,Bender,Sote Og Rare Gutter,15,6,14
2025-06-21,22,Tradgarden En Fredag,Veronica Maggio,22,22,4
2025-06-21,23,Valborg,Hakan Hellstrom,-,23,1
2025-06-21,24,Love Me Not,Ravyn Lenae,-,19,3
2025-06-21,25,Rina Rina,Sarettii,18,18,2
2025-06-28,1,Tusen Spann,Tjuvjakt & Fanny Avonne,1,1,6
2025-06-28,2,Svagare An Jag,Ida-Lova,3,2,9
2025-06-28,3,Sommarkatt,Lov1,5,3,3
2025-06-28,4,Bara Bada Bastu,KAJ,2,1,17
2025-06-28,5,Ordinary,Alex Warren,4,2,19
2025-06-28,6,Ta Mig Aldrig Harifran,De Vet Du Featuring Victor Leksell,-,6,1
2025-06-28,7,Djurens Vaggvisa,Humlan Djojj,7,3,98
2025-06-28,8,Espresso Macchiato,Tommy Cash,6,3,5
2025-06-28,9,Valkommen In,Veronica Maggio,19,9,5
2025-06-28,10,Om,Niklas Stromstedt,10,6,7
2025-06-28,11,Lys Pa Mig,Victor Leksell,8,8,3
2025-06-28,12,Det Kommer Aldrig Va Over For,Hakan Hellstrom,9,9,3
2025-06-28,13,Azizam,Ed Sheeran,14,8,11
2025-06-28,14,Manchild,Sabrina Carpenter,12,12,2
2025-06-28,15,17 Ar,Veronica Maggio,-,15,2
2025-06-28,16,Haller Mig Sjalv,ADAAM & Greekazo,11,1,8
2025-06-28,17,Tradgarden En Fredag,Veronica Maggio,22,17,5
2025-06-28,18,Show Me Love,WizTheMc,17,4,12
2025-06-28,19,BASSIANI,Soppgirobygget,15,5,10
2025-06-28,20,Trophy,Molly Sanden,-,20,1
2025-06-28,21,Jetpack,Asme & Sarettii,-,21,1
2025-06-28,22,Babblarnas Vaggvisa,Babblarna,16,5,145
2025-06-28,23,Sunnanvind,Mares,-,5,19
2025-06-28,24,Hon Dansar Vidare I Livet,Hov1,-,13,16
2025-06-28,25,Hela Huset,Veronica Maggio Featuring Hakan Hellstrom,-,25,1
2025-07-05,1,Tusen Spann,Tjuvjakt & Fanny Avonne,1,1,7
2025-07-05,2,Sommarkatt,Lov1,3,2,4
2025-07-05,3,Svagare An Jag,Ida-Lova,2,2,10
2025-07-05,4,Bara Bada Bastu,KAJ,4,1,18
2025-07-05,5,Valkommen In,Veronica Maggio,9,5,6
2025-07-05,6,Om,Niklas Stromstedt,10,6,8
2025-07-05,7,Sunnanvind,Mares,23,5,20
2025-07-05,8,Ta Mig Aldrig Harifran,De Vet Du Featuring Victor Leksell,6,6,2
2025-07-05,9,Djurens Vaggvisa,Humlan Djojj,7,3,99
2025-07-05,10,Ordinary,Alex Warren,5,2,20
2025-07-05,11,Lys Pa Mig,Victor Leksell,11,8,4
2025-07-05,12,17 Ar,Veronica Maggio,15,12,3
2025-07-05,13,"Sol, Vind Och Vatten",Ted Gardestad,-,8,4
2025-07-05,14,Sommartider,Gyllene Tider,-,14,4
2025-07-05,15,Espresso Macchiato,Tommy Cash,8,3,6
2025-07-05,16,Fran Och Med Du,Oskar Linnros,-,16,1
2025-07-05,17,Josefin,Albin Lee Meldau,-,9,30
2025-07-05,18,Nar Vi Tva Blir En,Gyllene Tider,-,18,2
2025-07-05,19,Hon Dansar Vidare I Livet,Hov1,24,13,17
2025-07-05,20,Det Kommer Aldrig Va Over For,Hakan Hellstrom,12,9,4
2025-07-05,21,"Oh, Vilken Harlig Da'",Ted Gardestad,-,20,2
2025-07-05,22,Ingen Annan Ror Mig Som Du,Norlie & KKV,-,22,1
2025-07-05,23,Azizam,Ed Sheeran,13,8,12
2025-07-05,24,Mitt Hjarta Av Guld,Lia Lindsten,-,18,2
2025-07-05,25,Handerna Mot Himlen,Petra Marklund,-,25,1
2025-07-12,1,Tusen Spann,Tjuvjakt & Fanny Avonne,1,1,8
2025-07-12,2,Sommarkatt,Lov1,2,2,5
2025-07-12,3,Svagare An Jag,Ida-Lova,3,2,11
2025-07-12,4,Ordinary,Alex Warren,10,2,21
2025-07-12,5,Ta Mig Aldrig Harifran,De Vet Du Featuring Victor Leksell,8,5,3
2025-07-12,6,Djurens Vaggvisa,Humlan Djojj,9,3,100
2025-07-12,7,Bara Bada Bastu,KAJ,4,1,19
2025-07-12,8,Espresso Macchiato,Tommy Cash,15,3,7
2025-07-12,9,Om,Niklas Stromstedt,6,6,9
2025-07-12,10,Azizam,Ed Sheeran,23,8,13
2025-07-12,11,Lys Pa Mig,Victor Leksell,11,8,5
2025-07-12,12,Baby Kom,Jireel,-,12,1
2025-07-12,13,Babblarnas Vaggvisa,Babblarna,-,5,146
2025-07-12,14,Mimosa,Darin,-,14,1
2025-07-12,15,Show Me Love,WizTheMc,-,4,13
2025-07-12,16,BASSIANI,Soppgirobygget,-,5,11
2025-07-12,17,Valkommen In,Veronica Maggio,5,5,7
2025-07-12,18,Mitt Hjarta Av Guld,Lia Lindsten,24,18,3
2025-07-12,19,Love Me Not,Ravyn Lenae,-,19,4
2025-07-12,20,Haller Mig Sjalv,ADAAM & Greekazo,-,1,9
2025-07-12,21,Bender,Sote Og Rare Gutter,-,6,15
2025-07-12,22,Midnight Sun,Zara Larsson,-,22,1
2025-07-12,23,Back To Friends,sombr,-,23,1
2025-07-12,24,Manchild,Sabrina Carpenter,-,12,3
2025-07-12,25,17 Ar,Veronica Maggio,12,12,4
2025-07-19,1,Tusen Spann,Tjuvjakt & Fanny Avonne,1,1,9
2025-07-19,2,Sommarkatt,Lov1,2,2,6
2025-07-19,3,Svagare An Jag,Ida-Lova,3,2,12
2025-07-19,4,Djurens Vaggvisa,Humlan Djojj,6,3,101
2025-07-19,5,Bara Bada Bastu,KAJ,7,1,20
2025-07-19,6,Ordinary,Alex Warren,4,2,22
2025-07-19,7,Ta Mig Aldrig Harifran,De Vet Du Featuring Victor Leksell,5,5,4
2025-07-19,8,Azizam,Ed Sheeran,10,8,14
2025-07-19,9,Midnight Sun,Zara Larsson,22,9,2
2025-07-19,10,Mimosa,Darin,14,10,2
2025-07-19,11,Om,Niklas Stromstedt,9,6,10
2025-07-19,12,Espresso Macchiato,Tommy Cash,8,3,8
2025-07-19,13,Lys Pa Mig,Victor Leksell,11,8,6
2025-07-19,14,Babblarnas Vaggvisa,Babblarna,13,5,147
2025-07-19,15,BASSIANI,Soppgirobygget,16,5,12
2025-07-19,16,Show Me Love,WizTheMc,15,4,14
2025-07-19,17,Bender,Sote Og Rare Gutter,21,6,16
2025-07-19,18,Back To Friends,sombr,23,18,2
2025-07-19,19,Love Me Not,Ravyn Lenae,19,19,5
2025-07-19,20,Valkommen In,Veronica Maggio,17,5,8
2025-07-19,21,Mitt Hjarta Av Guld,Lia Lindsten,18,18,4
2025-07-19,22,Ingen Annan Ror Mig Som Du,Norlie & KKV,-,22,2
2025-07-19,23,Golden,"HUNTR/X: EJAE, Audrey Nuna & REI AMI",-,23,1
2025-07-19,24,Haller Mig Sjalv,ADAAM & Greekazo,20,1,10
2025-07-19,25,Somna,Humlan Djojj,-,17,11
2025-07-26,1,Tusen Spann,Tjuvjakt & Fanny Avonne,1,1,10
2025-07-26,2,Sommarkatt,Lov1,2,2,7
2025-07-26,3,Svagare An Jag,Ida-Lova,3,2,13
2025-07-26,4,Djurens Vaggvisa,Humlan Djojj,4,3,102
2025-07-26,5,Ordinary,Alex Warren,6,2,23
2025-07-26,6,Daisies,Justin Bieber,-,6,1
2025-07-26,7,Bara Bada Bastu,KAJ,5,1,21
2025-07-26,8,Azizam,Ed Sheeran,8,8,15
2025-07-26,9,Ta Mig Aldrig Harifran,De Vet Du Featuring Victor Leksell,7,5,5
2025-07-26,10,Mimosa,Darin,10,10,3
2025-07-26,11,Sweet Propane,Sarettii,-,11,1
2025-07-26,12,Golden,"HUNTR/X: EJAE, Audrey Nuna & REI AMI",23,12,2
2025-07-26,13,Om,Niklas Stromstedt,11,6,11
2025-07-26,14,Midnight Sun,Zara Larsson,9,9,3
2025-07-26,15,Babblarnas Vaggvisa,Babblarna,14,5,148
2025-07-26,16,Espresso Macchiato,Tommy Cash,12,3,9
2025-07-26,17,Lys Pa Mig,Victor Leksell,13,8,7
2025-07-26,18,Show Me Love,WizTheMc,16,4,15
2025-07-26,19,Back To Friends,sombr,18,18,3
2025-07-26,20,Valkommen In,Veronica Maggio,20,5,9
2025-07-26,21,BASSIANI,Soppgirobygget,15,5,13
2025-07-26,22,Bender,Sote Og Rare Gutter,17,6,17
2025-07-26,23,Love Me Not,Ravyn Lenae,19,19,6
2025-07-26,24,Ingen Annan Ror Mig Som Du,Norlie & KKV,22,22,3
2025-07-26,25,17 Ar,Veronica Maggio,-,12,5
2025-08-02,1,Tusen Spann,Tjuvjakt & Fanny Avonne,1,1,11
2025-08-02,2,Sommarkatt,Lov1,2,2,8
2025-08-02,3,Daisies,Justin Bieber,6,3,2
2025-08-02,4,Djurens Vaggvisa,Humlan Djojj,4,3,103
2025-08-02,5,Svagare An Jag,Ida-Lova,3,2,14
2025-08-02,6,Ordinary,Alex Warren,5,2,24
2025-08-02,7,Golden,"HUNTR/X: EJAE, Audrey Nuna & REI AMI",12,7,3
2025-08-02,8,Mimosa,Darin,10,8,4
2025-08-02,9,Bara Bada Bastu,KAJ,7,1,22
2025-08-02,10,Om,Niklas Stromstedt,13,6,12
2025-08-02,11,Azizam,Ed Sheeran,8,8,16
2025-08-02,12,Eternity,Alex Warren,-,12,1
2025-08-02,13,Ta Mig Aldrig Harifran,De Vet Du Featuring Victor Leksell,9,5,6
2025-08-02,14,Babblarnas Vaggvisa,Babblarna,15,5,149
2025-08-02,15,Midnight Sun,Zara Larsson,14,9,4
2025-08-02,16,Show Me Love,WizTheMc,18,4,16
2025-08-02,17,Take My Mind,WizTheMc,-,17,1
2025-08-02,18,Back To Friends,sombr,19,18,4
2025-08-02,19,Valkommen In,Veronica Maggio,20,5,10
2025-08-02,20,Lys Pa Mig,Victor Leksell,17,8,8
2025-08-02,21,Espresso Macchiato,Tommy Cash,16,3,10
2025-08-02,22,BASSIANI,Soppgirobygget,21,5,14
2025-08-02,23,Sweet Propane,Sarettii,11,11,2
2025-08-02,24,17 Ar,Veronica Maggio,25,12,6
2025-08-02,25,Love Me Not,Ravyn Lenae,23,19,7
2025-08-09,1,Tusen Spann,Tjuvjakt & Fanny Avonne,1,1,12
2025-08-09,2,Golden,"HUNTR/X: EJAE, Audrey Nuna & REI AMI",7,2,4
2025-08-09,3,Djurens Vaggvisa,Humlan Djojj,4,3,104
2025-08-09,4,Sommarkatt,Lov1,2,2,9
2025-08-09,5,Daisies,Justin Bieber,3,3,3
2025-08-09,6,Ordinary,Alex Warren,6,2,25
2025-08-09,7,Svagare An Jag,Ida-Lova,5,2,15
2025-08-09,8,Bara Bada Bastu,KAJ,9,1,23
2025-08-09,9,Azizam,Ed Sheeran,11,8,17
2025-08-09,10,Mimosa,Darin,8,8,5
2025-08-09,11,Babblarnas Vaggvisa,Babblarna,14,5,150
2025-08-09,12,Soda Pop,"Saja Boys: Andrew Choi, Neckwav, Danny Chung, Kevin Woo & samUIL Lee",-,12,1
2025-08-09,13,Back To Friends,sombr,18,13,5
2025-08-09,14,Om,Niklas Stromstedt,10,6,13
2025-08-09,15,Ta Mig Aldrig Harifran,De Vet Du Featuring Victor Leksell,13,5,7
2025-08-09,16,BASSIANI,Soppgirobygget,22,5,15
2025-08-09,17,Your Idol,"Saja Boys: Andrew Choi, Neckwav, Danny Chung, Kevin Woo & samUIL Lee",-,17,1
2025-08-09,18,Eternity,Alex Warren,12,12,2
2025-08-09,19,Lys Pa Mig,Victor Leksell,20,8,9
2025-08-09,20,Crazy Train,Ozzy Osbourne,-,20,1
2025-08-09,21,"Mama, I'm Coming Home",Ozzy Osbourne,-,21,1
2025-08-09,22,Somna,Humlan Djojj,-,17,12
2025-08-09,23,Hon Dansar Vidare I Livet,Hov1,-,13,18
2025-08-09,24,Take My Mind,WizTheMc,17,17,2
2025-08-09,25,Paranoid,Black Sabbath,-,25,1
2025-08-16,1,Golden,"HUNTR/X: EJAE, Audrey Nuna & REI AMI",2,1,5
2025-08-16,2,Tusen Spann,Tjuvjakt & Fanny Avonne,1,1,13
2025-08-16,3,Djurens Vaggvisa,Humlan Djojj,3,3,105
2025-08-16,4,Ordinary,Alex Warren,6,2,26
2025-08-16,5,Daisies,Justin Bieber,5,3,4
2025-08-16,6,Sommarkatt,Lov1,4,2,10
2025-08-16,7,Svagare An Jag,Ida-Lova,7,2,16
2025-08-16,8,Soda Pop,"Saja Boys: Andrew Choi, Neckwav, Danny Chung, Kevin Woo & samUIL Lee",12,8,2
2025-08-16,9,Babblarnas Vaggvisa,Babblarna,11,5,151
2025-08-16,10,Midnight Sun,Zara Larsson,-,9,5
2025-08-16,11,Back To Friends,sombr,13,11,6
2025-08-16,12,Azizam,Ed Sheeran,9,8,18
2025-08-16,13,Your Idol,"Saja Boys: Andrew Choi, Neckwav, Danny Chung, Kevin Woo & samUIL Lee",17,13,2
2025-08-16,14,Bara Bada Bastu,KAJ,8,1,24
2025-08-16,15,Somna,Humlan Djojj,22,15,13
2025-08-16,16,How It's Done,"HUNTR/X: EJAE, Audrey Nuna & REI AMI",-,16,1
2025-08-16,17,Lys Pa Mig,Victor Leksell,19,8,10
2025-08-16,18,Show Me Love,WizTheMc,-,4,17
2025-08-16,19,Stjarnorna,Humlan Djojj,-,19,6
2025-08-16,20,Eternity,Alex Warren,18,12,3
2025-08-16,21,Om,Niklas Stromstedt,14,6,14
2025-08-16,22,Mimosa,Darin,10,8,6
2025-08-16,23,The Subway,Chappell Roan,-,23,1
2025-08-16,24,Undressed,sombr,-,16,8
2025-08-16,25,Hon Dansar Vidare I Livet,Hov1,23,13,19
2025-08-23,1,Golden,"HUNTR/X: EJAE, Audrey Nuna & REI AMI",1,1,6
2025-08-23,2,Tusen Spann,Tjuvjakt & Fanny Avonne,2,1,14
2025-08-23,3,Djurens Vaggvisa,Humlan Djojj,3,3,106
2025-08-23,4,Ordinary,Alex Warren,4,2,27
2025-08-23,5,Soda Pop,"Saja Boys: Andrew Choi, Neckwav, Danny Chung, Kevin Woo & samUIL Lee",8,5,3
2025-08-23,6,Daisies,Justin Bieber,5,3,5
2025-08-23,7,Sommarkatt,Lov1,6,2,11
2025-08-23,8,Svagare An Jag,Ida-Lova,7,2,17
2025-08-23,9,Babblarnas Vaggvisa,Babblarna,9,5,152
2025-08-23,10,Your Idol,"Saja Boys: Andrew Choi, Neckwav, Danny Chung, Kevin Woo & samUIL Lee",13,10,3
2025-08-23,11,Back To Friends,sombr,11,11,7
2025-08-23,12,Midnight Sun,Zara Larsson,10,9,6
2025-08-23,13,How It's Done,"HUNTR/X: EJAE, Audrey Nuna & REI AMI",16,13,2
2025-08-23,14,Azizam,Ed Sheeran,12,8,19
2025-08-23,15,Lys Pa Mig,Victor Leksell,17,8,11
2025-08-23,16,Somna,Humlan Djojj,15,15,14
2025-08-23,17,Bara Bada Bastu,KAJ,14,1,25
2025-08-23,18,Stjarnorna,Humlan Djojj,19,18,7
2025-08-23,19,Hon Dansar Vidare I Livet,Hov1,25,13,20
2025-08-23,20,Show Me Love,WizTheMc,18,4,18
2025-08-23,21,What It Sounds Like,"HUNTR/X: EJAE, Audrey Nuna & REI AMI",-,21,1
2025-08-23,22,Forsent,Hov1 Featuring Seinabo Say,-,3,15
2025-08-23,23,The Subway,Chappell Roan,23,23,2
2025-08-23,24,Mimosa,Darin,22,8,7
2025-08-23,25,Om,Niklas Stromstedt,21,6,15
2025-08-30,1,Golden,"HUNTR/X: EJAE, Audrey Nuna & REI AMI",1,1,7
2025-08-30,2,Djurens Vaggvisa,Humlan Djojj,3,2,107
2025-08-30,3,Tusen Spann,Tjuvjakt & Fanny Avonne,2,1,15
2025-08-30,4,Ordinary,Alex Warren,4,2,28
2025-08-30,5,Soda Pop,"Saja Boys: Andrew Choi, Neckwav, Danny Chung, Kevin Woo & samUIL Lee",5,5,4
2025-08-30,6,Daisies,Justin Bieber,6,3,6
2025-08-30,7,Svagare An Jag,Ida-Lova,8,2,18
2025-08-30,8,Sommarkatt,Lov1,7,2,12
2025-08-30,9,Babblarnas Vaggvisa,Babblarna,9,5,153
2025-08-30,10,Your Idol,"Saja Boys: Andrew Choi, Neckwav, Danny Chung, Kevin Woo & samUIL Lee",10,10,4
2025-08-30,11,Midnight Sun,Zara Larsson,12,9,7
2025-08-30,12,Back To Friends,sombr,11,11,8
2025-08-30,13,How It's Done,"HUNTR/X: EJAE, Audrey Nuna & REI AMI",13,13,3
2025-08-30,14,Somna,Humlan Djojj,16,14,15
2025-08-30,15,Azizam,Ed Sheeran,14,8,20
2025-08-30,16,Lys Pa Mig,Victor Leksell,15,8,12
2025-08-30,17,Stjarnorna,Humlan Djojj,18,17,8
2025-08-30,18,Gucci Demon,Nuqi & Jireel,-,18,1
2025-08-30,19,12 To 12,sombr,-,19,1
2025-08-30,20,Hon Dansar Vidare I Livet,Hov1,19,13,21
2025-08-30,21,Bara Bada Bastu,KAJ,17,1,26
2025-08-30,22,What It Sounds Like,"HUNTR/X: EJAE, Audrey Nuna & REI AMI",21,21,2
2025-08-30,23,Forsent,Hov1 Featuring Seinabo Say,22,3,16
2025-08-30,24,Takedown,"HUNTR/X: EJAE, Audrey Nuna & REI AMI",-,24,1
2025-08-30,25,Ta Mig Aldrig Harifran,De Vet Du Featuring Victor Leksell,-,5,8
2025-09-06,1,Golden,"HUNTR/X: EJAE, Audrey Nuna & REI AMI",1,1,8
2025-09-06,2,Djurens Vaggvisa,Humlan Djojj,2,2,108
2025-09-06,3,Tusen Spann,Tjuvjakt & Fanny Avonne,3,1,16
2025-09-06,4,Ordinary,Alex Warren,4,2,29
2025-09-06,5,Soda Pop,"Saja Boys: Andrew Choi, Neckwav, Danny Chung, Kevin Woo & samUIL Lee",5,5,5
2025-09-06,6,Daisies,Justin Bieber,6,3,7
2025-09-06,7,Babblarnas Vaggvisa,Babblarna,9,5,154
2025-09-06,8,Svagare An Jag,Ida-Lova,7,2,19
2025-09-06,9,Back To Friends,sombr,12,9,9
2025-09-06,10,Azizam,Ed Sheeran,15,8,21
2025-09-06,11,12 To 12,sombr,19,11,2
2025-09-06,12,Your Idol,"Saja Boys: Andrew Choi, Neckwav, Danny Chung, Kevin Woo & samUIL Lee",10,10,5
2025-09-06,13,Sommarkatt,Lov1,8,2,13
2025-09-06,14,How It's Done,"HUNTR/X: EJAE, Audrey Nuna & REI AMI",13,13,4
2025-09-06,15,Somna,Humlan Djojj,14,14,16
2025-09-06,16,Hon Dansar Vidare I Livet,Hov1,20,13,22
2025-09-06,17,Forsent,Hov1 Featuring Seinabo Say,23,3,17
2025-09-06,18,Midnight Sun,Zara Larsson,11,9,8
2025-09-06,19,Stjarnorna,Humlan Djojj,17,17,9
2025-09-06,20,Man I Need,Olivia Dean,-,20,1
2025-09-06,21,What It Sounds Like,"HUNTR/X: EJAE, Audrey Nuna & REI AMI",22,21,3
2025-09-06,22,Raddare I Noden,Hov1,-,2,11
2025-09-06,23,Bara Bada Bastu,KAJ,21,1,27
2025-09-06,24,No Broke Boys,Disco Lines & Tinashe,-,24,1
2025-09-06,25,Takedown,"HUNTR/X: EJAE, Audrey Nuna & REI AMI",24,24,2
2025-09-13,1,Golden,"HUNTR/X: EJAE, Audrey Nuna & REI AMI",1,1,9
2025-09-13,2,Forr Nu & Forever,Hov1,-,2,1
2025-09-13,3,Djurens Vaggvisa,Humlan Djojj,2,2,109
2025-09-13,4,Raddare I Noden,Hov1,22,2,12
2025-09-13,5,Tusen Spann,Tjuvjakt & Fanny Avonne,3,1,17
2025-09-13,6,Soda Pop,"Saja Boys: Andrew Choi, Neckwav, Danny Chung, Kevin Woo & samUIL Lee",5,5,6
2025-09-13,7,Ordinary,Alex Warren,4,2,30
2025-09-13,8,Man I Need,Olivia Dean,20,8,2
2025-09-13,9,Hon Dansar Vidare I Livet,Hov1,16,9,23
2025-09-13,10,Tears,Sabrina Carpenter,-,10,1
2025-09-13,11,Novemberregn,Hov1,-,11,1
2025-09-13,12,Glycerin (Merediths Visa),Hov1,-,12,1
2025-09-13,13,Babblarnas Vaggvisa,Babblarna,7,5,155
2025-09-13,14,Back To Friends,sombr,9,9,10
2025-09-13,15,Forsent,Hov1 Featuring Seinabo Say,17,3,18
2025-09-13,16,Your Idol,"Saja Boys: Andrew Choi, Neckwav, Danny Chung, Kevin Woo & samUIL Lee",12,10,6
2025-09-13,17,Svagare An Jag,Ida-Lova,8,2,20
2025-09-13,18,12 To 12,sombr,11,11,3
2025-09-13,19,Daisies,Justin Bieber,6,3,8
2025-09-13,20,Den Basta Som Du Haft,Hov1,-,20,1
2025-09-13,21,How It's Done,"HUNTR/X: EJAE, Audrey Nuna & REI AMI",14,13,5
2025-09-13,22,Sommarkatt,Lov1,13,2,14
2025-09-13,23,Somna,Humlan Djojj,15,14,17
2025-09-13,24,Stjarnorna,Humlan Djojj,19,17,10
2025-09-13,25,What It Sounds Like,"HUNTR/X: EJAE, Audrey Nuna & REI AMI",21,21,4
2025-09-20,1,Golden,"HUNTR/X: EJAE, Audrey Nuna & REI AMI",1,1,10
2025-09-20,2,Djurens Vaggvisa,Humlan Djojj,3,2,110
2025-09-20,3,Tusen Spann,Tjuvjakt & Fanny Avonne,5,1,18
2025-09-20,4,Ordinary,Alex Warren,7,2,31
2025-09-20,5,Soda Pop,"Saja Boys: Andrew Choi, Neckwav, Danny Chung, Kevin Woo & samUIL Lee",6,5,7
2025-09-20,6,Man I Need,Olivia Dean,8,6,3
2025-09-20,7,Back To Friends,sombr,14,7,11
2025-09-20,8,12 To 12,sombr,18,8,4
2025-09-20,9,Forr Nu & Forever,Hov1,2,2,2
2025-09-20,10,Babblarnas Vaggvisa,Babblarna,13,5,156
2025-09-20,11,Your Idol,"Saja Boys: Andrew Choi, Neckwav, Danny Chung, Kevin Woo & samUIL Lee",16,10,7
2025-09-20,12,Raddare I Noden,Hov1,4,2,13
2025-09-20,13,Daisies,Justin Bieber,19,3,9
2025-09-20,14,How It's Done,"HUNTR/X: EJAE, Audrey Nuna & REI AMI",21,13,6
2025-09-20,15,Somna,Humlan Djojj,23,14,18
2025-09-20,16,Stjarnorna,Humlan Djojj,24,16,11
2025-09-20,17,Svagare An Jag,Ida-Lova,17,2,21
2025-09-20,18,Tears,Sabrina Carpenter,10,10,2
2025-09-20,19,What It Sounds Like,"HUNTR/X: EJAE, Audrey Nuna & REI AMI",25,19,5
2025-09-20,20,No Broke Boys,Disco Lines & Tinashe,-,20,2
2025-09-20,21,Sommarkatt,Lov1,22,2,15
2025-09-20,22,Undressed,sombr,-,16,9
2025-09-20,23,Forsent,Hov1 Featuring Seinabo Say,15,3,19
2025-09-20,24,Midnight Sun,Zara Larsson,-,9,9
2025-09-20,25,Takedown,"HUNTR/X: EJAE, Audrey Nuna & REI AMI",-,24,3
2025-09-27,1,Golden,"HUNTR/X: EJAE, Audrey Nuna & REI AMI",1,1,11
2025-09-27,2,Djurens Vaggvisa,Humlan Djojj,2,2,111
2025-09-27,3,Man I Need,Olivia Dean,6,3,4
2025-09-27,4,Ordinary,Alex Warren,4,2,32
2025-09-27,5,Soda Pop,"Saja Boys: Andrew Choi, Neckwav, Danny Chung, Kevin Woo & samUIL Lee",5,5,8
2025-09-27,6,12 To 12,sombr,8,6,5
2025-09-27,7,Tusen Spann,Tjuvjakt & Fanny Avonne,3,1,19
2025-09-27,8,Back To Friends,sombr,7,7,12
2025-09-27,9,Babblarnas Vaggvisa,Babblarna,10,5,157
2025-09-27,10,Your Idol,"Saja Boys: Andrew Choi, Neckwav, Danny Chung, Kevin Woo & samUIL Lee",11,10,8
2025-09-27,11,Forr Nu & Forever,Hov1,9,2,3
2025-09-27,12,No Broke Boys,Disco Lines & Tinashe,20,12,3
2025-09-27,13,Somna,Humlan Djojj,15,13,19
2025-09-27,14,How It's Done,"HUNTR/X: EJAE, Audrey Nuna & REI AMI",14,13,7
2025-09-27,15,Daisies,Justin Bieber,13,3,10
2025-09-27,16,Stjarnorna,Humlan Djojj,16,16,12
2025-09-27,17,Undressed,sombr,22,16,10
2025-09-27,18,What It Sounds Like,"HUNTR/X: EJAE, Audrey Nuna & REI AMI",19,18,6
2025-09-27,19,Svagare An Jag,Ida-Lova,17,2,22
2025-09-27,20,Raddare I Noden,Hov1,12,2,14
2025-09-27,21,Midnight Sun,Zara Larsson,24,9,10
2025-09-27,22,Sommarkatt,Lov1,21,2,16
2025-09-27,23,Takedown,"HUNTR/X: EJAE, Audrey Nuna & REI AMI",25,23,4
2025-09-27,24,Nu Sager Vi Godnatt,Humlan Djojj,-,24,1
2025-09-27,25,The Night We Met,Lord Huron,-,24,2
2025-10-04,1,Golden,"HUNTR/X: EJAE, Audrey Nuna & REI AMI",1,1,12
2025-10-04,2,Djurens Vaggvisa,Humlan Djojj,2,2,112
2025-10-04,3,Man I Need,Olivia Dean,3,3,5
2025-10-04,4,Ordinary,Alex Warren,4,2,33
2025-10-04,5,Soda Pop,"Saja Boys: Andrew Choi, Neckwav, Danny Chung, Kevin Woo & samUIL Lee",5,5,9
2025-10-04,6,Tusen Spann,Tjuvjakt & Fanny Avonne,7,1,20
2025-10-04,7,12 To 12,sombr,6,6,6
2025-10-04,8,Blaogd,Molly Sanden,-,8,1
2025-10-04,9,Back To Friends,sombr,8,7,13
2025-10-04,10,Babblarnas Vaggvisa,Babblarna,9,5,158
2025-10-04,11,Where Is My Husband!,RAYE,-,11,1
2025-10-04,12,Your Idol,"Saja Boys: Andrew Choi, Neckwav, Danny Chung, Kevin Woo & samUIL Lee",10,10,9
2025-10-04,13,No Broke Boys,Disco Lines & Tinashe,12,12,4
2025-10-04,14,Somna,Humlan Djojj,13,13,20
2025-10-04,15,Stjarnorna,Humlan Djojj,16,15,13
2025-10-04,16,Black Widow,FELICIA,-,16,1
2025-10-04,17,Stord,noll2,-,17,1
2025-10-04,18,How It's Done,"HUNTR/X: EJAE, Audrey Nuna & REI AMI",14,13,8
2025-10-04,19,Daisies,Justin Bieber,15,3,11
2025-10-04,20,Undressed,sombr,17,16,11
2025-10-04,21,What It Sounds Like,"HUNTR/X: EJAE, Audrey Nuna & REI AMI",18,18,7
2025-10-04,22,Forr Nu & Forever,Hov1,11,2,4
2025-10-04,23,SOS,DJ Hellan & DIREKTOREN,-,23,1
2025-10-04,24,Midnight Sun,Zara Larsson,21,9,11
2025-10-04,25,Nu Sager Vi Godnatt,Humlan Djojj,24,24,2
2025-10-11,1,Golden,"HUNTR/X: EJAE, Audrey Nuna & REI AMI",1,1,13
2025-10-11,2,Djurens Vaggvisa,Humlan Djojj,2,2,113
2025-10-11,3,Man I Need,Olivia Dean,3,3,6
2025-10-11,4,Ordinary,Alex Warren,4,2,34
2025-10-11,5,Soda Pop,"Saja Boys: Andrew Choi, Neckwav, Danny Chung, Kevin Woo & samUIL Lee",5,5,10
2025-10-11,6,SOS,DJ Hellan & DIREKTOREN,23,6,2
2025-10-11,7,12 To 12,sombr,7,6,7
2025-10-11,8,Tusen Spann,Tjuvjakt & Fanny Avonne,6,1,21
2025-10-11,9,Back To Friends,sombr,9,7,14
2025-10-11,10,Where Is My Husband!,RAYE,11,10,2
2025-10-11,11,Tit For Tat,Tate McRae,-,11,1
2025-10-11,12,Babblarnas Vaggvisa,Babblarna,10,5,159
2025-10-11,13,Midnight Sun,Zara Larsson,24,9,12
2025-10-11,14,Blaogd,Molly Sanden,8,8,2
2025-10-11,15,No Broke Boys,Disco Lines & Tinashe,13,12,5
2025-10-11,16,Somna,Humlan Djojj,14,13,21
2025-10-11,17,Your Idol,"Saja Boys: Andrew Choi, Neckwav, Danny Chung, Kevin Woo & samUIL Lee",12,10,10
2025-10-11,18,Blue Moon,Zara Larsson,-,18,1
2025-10-11,19,Stjarnorna,Humlan Djojj,15,15,14
2025-10-11,20,Bubbel,Kaptenen,-,20,1
2025-10-11,21,Undressed,sombr,20,16,12
2025-10-11,22,How It's Done,"HUNTR/X: EJAE, Audrey Nuna & REI AMI",18,13,9
2025-10-11,23,Daisies,Justin Bieber,19,3,12
2025-10-11,24,What It Sounds Like,"HUNTR/X: EJAE, Audrey Nuna & REI AMI",21,18,8
2025-10-11,25,Nu Sager Vi Godnatt,Humlan Djojj,25,24,3
2025-10-18,1,The Fate Of Ophelia,Taylor Swift,-,1,1
2025-10-18,2,Golden,"HUNTR/X: EJAE, Audrey Nuna & REI AMI",1,1,14
2025-10-18,3,Elizabeth Taylor,Taylor Swift,-,3,1
2025-10-18,4,Opalite,Taylor Swift,-,4,1
2025-10-18,5,Father Figure,Taylor Swift,-,5,1
2025-10-18,6,Djurens Vaggvisa,Humlan Djojj,2,2,114
2025-10-18,7,The Life Of A Showgirl,Taylor Swift Featuring Sabrina Carpenter,-,7,1
2025-10-18,8,Man I Need,Olivia Dean,3,3,7
2025-10-18,9,Eldest Daughter,Taylor Swift,-,9,1
2025-10-18,10,Cancelled!,Taylor Swift,-,10,1
2025-10-18,11,Actually Romantic,Taylor Swift,-,11,1
2025-10-18,12,Wood,Taylor Swift,-,12,1
2025-10-18,13,Wi$h Li$t,Taylor Swift,-,13,1
2025-10-18,14,Ruin The Friendship,Taylor Swift,-,14,1
2025-10-18,15,Ordinary,Alex Warren,4,2,35
2025-10-18,16,SOS,DJ Hellan & DIREKTOREN,6,6,3
2025-10-18,17,Honey,Taylor Swift,-,17,1
2025-10-18,18,Soda Pop,"Saja Boys: Andrew Choi, Neckwav, Danny Chung, Kevin Woo & samUIL Lee",5,5,11
2025-10-18,19,Tusen Spann,Tjuvjakt & Fanny Avonne,8,1,22
2025-10-18,20,12 To 12,sombr,7,6,8
2025-10-18,21,Back To Friends,sombr,9,7,15
2025-10-18,22,Where Is My Husband!,RAYE,10,10,3
2025-10-18,23,Babblarnas Vaggvisa,Babblarna,12,5,160
2025-10-18,24,Blaogd,Molly Sanden,14,8,3
2025-10-18,25,Somna,Humlan Djojj,16,13,22
2025-10-25,1,The Fate Of Ophelia,Taylor Swift,1,1,2
2025-10-25,2,Golden,"HUNTR/X: EJAE, Audrey Nuna & REI AMI",2,1,15
2025-10-25,3,Djurens Vaggvisa,Humlan Djojj,6,2,115
2025-10-25,4,Man I Need,Olivia Dean,8,3,8
2025-10-25,5,Opalite,Taylor Swift,4,4,2
2025-10-25,6,Ordinary,Alex Warren,15,2,36
2025-10-25,7,SOS,DJ Hellan & DIREKTOREN,16,6,4
2025-10-25,8,Where Is My Husband!,RAYE,22,8,4
2025-10-25,9,Soda Pop,"Saja Boys: Andrew Choi, Neckwav, Danny Chung, Kevin Woo & samUIL Lee",18,5,12
2025-10-25,10,12 To 12,sombr,20,6,9
2025-10-25,11,Tusen Spann,Tjuvjakt & Fanny Avonne,19,1,23
2025-10-25,12,Elizabeth Taylor,Taylor Swift,3,3,2
2025-10-25,13,Babblarnas Vaggvisa,Babblarna,23,5,161
2025-10-25,14,Back To Friends,sombr,21,7,16
2025-10-25,15,No Broke Boys,Disco Lines & Tinashe,-,12,6
2025-10-25,16,Somna,Humlan Djojj,25,13,23
2025-10-25,17,Father Figure,Taylor Swift,5,5,2
2025-10-25,18,Bubbel,Kaptenen,-,18,2
2025-10-25,19,Stjarnorna,Humlan Djojj,-,15,15
2025-10-25,20,I Remember Everything,Zach Bryan Featuring Kacey Musgraves,-,20,8
2025-10-25,21,Blaogd,Molly Sanden,24,8,4
2025-10-25,22,The Life Of A Showgirl,Taylor Swift Featuring Sabrina Carpenter,7,7,2
2025-10-25,23,Iris,Goo Goo Dolls,-,23,1
2025-10-25,24,Your Idol,"Saja Boys: Andrew Choi, Neckwav, Danny Chung, Kevin Woo & samUIL Lee",-,10,11
2025-10-25,25,Midnight Sun,Zara Larsson,-,9,13
2025-11-01,1,Golden,"HUNTR/X: EJAE, Audrey Nuna & REI AMI",2,1,16
2025-11-01,2,The Fate Of Ophelia,Taylor Swift,1,1,3
2025-11-01,3,Djurens Vaggvisa,Humlan Djojj,3,2,116
2025-11-01,4,Man I Need,Olivia Dean,4,3,9
2025-11-01,5,Ordinary,Alex Warren,6,2,37
2025-11-01,6,Where Is My Husband!,RAYE,8,6,5
2025-11-01,7,12 To 12,sombr,10,6,10
2025-11-01,8,Babblarnas Vaggvisa,Babblarna,13,5,162
2025-11-01,9,Tusen Spann,Tjuvjakt & Fanny Avonne,11,1,24
2025-11-01,10,SOS,DJ Hellan & DIREKTOREN,7,6,5
2025-11-01,11,Opalite,Taylor Swift,5,4,3
2025-11-01,12,Back To Friends,sombr,14,7,17
2025-11-01,13,Soda Pop,"Saja Boys: Andrew Choi, Neckwav, Danny Chung, Kevin Woo & samUIL Lee",9,5,13
2025-11-01,14,Blaogd,Molly Sanden,21,8,5
2025-11-01,15,Somna,Humlan Djojj,16,13,24
2025-11-01,16,Stjarnorna,Humlan Djojj,19,15,16
2025-11-01,17,No Broke Boys,Disco Lines & Tinashe,15,12,7
2025-11-01,18,So Easy (To Fall In Love),Olivia Dean,-,18,1
2025-11-01,19,Lost And Found,Molly Sanden & Victor Leksell,-,1,23
2025-11-01,20,Bubbel,Kaptenen,18,18,3
2025-11-01,21,Nu Sager Vi Godnatt,Humlan Djojj,-,21,4
2025-11-01,22,UNGA I KVALL,Bakis Boyz,-,22,1
2025-11-01,23,Midnight Sun,Zara Larsson,25,9,14
2025-11-01,24,Iris,Goo Goo Dolls,23,23,2
2025-11-01,25,Elizabeth Taylor,Taylor Swift,12,3,3
2025-11-08,1,Golden,"HUNTR/X: EJAE, Audrey Nuna & REI AMI",1,1,17
2025-11-08,2,The Fate Of Ophelia,Taylor Swift,2,1,4
2025-11-08,3,Djurens Vaggvisa,Humlan Djojj,3,2,117
2025-11-08,4,X,Jireel & Reyn,-,4,1
2025-11-08,5,Man I Need,Olivia Dean,4,3,10
2025-11-08,6,SOS,DJ Hellan & DIREKTOREN,10,6,6
2025-11-08,7,Babblarnas Vaggvisa,Babblarna,8,5,163
2025-11-08,8,12 To 12,sombr,7,6,11
2025-11-08,9,Tusen Spann,Tjuvjakt & Fanny Avonne,9,1,25
2025-11-08,10,Stjarnorna,Humlan Djojj,16,10,17
2025-11-08,11,No Broke Boys,Disco Lines & Tinashe,17,11,8
2025-11-08,12,Blaogd,Molly Sanden,14,8,6
2025-11-08,13,UNGA I KVALL,Bakis Boyz,22,13,2
2025-11-08,14,Svagare An Jag,Ida-Lova,-,2,23
2025-11-08,15,Bubbel,Kaptenen,20,15,4
2025-11-08,16,Kissekatt,Annabel Hammarstrom,-,16,1
2025-11-08,17,Your Idol,"Saja Boys: Andrew Choi, Neckwav, Danny Chung, Kevin Woo & samUIL Lee",-,10,12
2025-11-08,18,Iris,Goo Goo Dolls,24,18,3
2025-11-08,19,How It's Done,"HUNTR/X: EJAE, Audrey Nuna & REI AMI",-,13,10
2025-11-08,20,What It Sounds Like,"HUNTR/X: EJAE, Audrey Nuna & REI AMI",-,18,9
2025-11-08,21,The Night We Met,Lord Huron,-,21,3
2025-11-08,22,Beautiful Things,Benson Boone,-,3,36
2025-11-08,23,Godnattvisan,Humlan Djojj,-,23,1
2025-11-08,24,Elizabeth Taylor,Taylor Swift,25,3,4
2025-11-08,25,Lose Control,Teddy Swims,-,12,30
2025-11-15,1,Golden,"HUNTR/X: EJAE, Audrey Nuna & REI AMI",1,1,18
2025-11-15,2,The Fate Of Ophelia,Taylor Swift,2,1,5
2025-11-15,3,Djurens Vaggvisa,Humlan Djojj,3,2,118
2025-11-15,4,Man I Need,Olivia Dean,5,3,11
2025-11-15,5,X,Jireel & Reyn,4,4,2
2025-11-15,6,Ordinary,Alex Warren,-,2,38
2025-11-15,7,Babblarnas Vaggvisa,Babblarna,7,5,164
2025-11-15,8,Where Is My Husband!,RAYE,-,6,6
2025-11-15,9,Back To Friends,sombr,-,7,18
2025-11-15,10,12 To 12,sombr,8,6,12
2025-11-15,11,Tusen Spann,Tjuvjakt & Fanny Avonne,9,1,26
2025-11-15,12,SOS,DJ Hellan & DIREKTOREN,6,6,7
2025-11-15,13,Somna,Humlan Djojj,-,13,25
2025-11-15,14,Stjarnorna,Humlan Djojj,10,10,18
2025-11-15,15,No Broke Boys,Disco Lines & Tinashe,11,11,9
2025-11-15,16,Soda Pop,"Saja Boys: Andrew Choi, Neckwav, Danny Chung, Kevin Woo & samUIL Lee",-,5,14
2025-11-15,17,Opalite,Taylor Swift,-,4,4
2025-11-15,18,Midnight Sun,Zara Larsson,-,9,15
2025-11-15,19,Fa Men Samlad,Hooja,-,19,1
2025-11-15,20,Nu Sager Vi Godnatt,Humlan Djojj,-,20,5
2025-11-15,21,Humlehum,Humlan Djojj,-,21,1
2025-11-15,22,Svagare An Jag,Ida-Lova,14,2,24
2025-11-15,23,Iris,Goo Goo Dolls,18,18,4
2025-11-15,24,Blaogd,Molly Sanden,12,8,7
2025-11-15,25,So Easy (To Fall In Love),Olivia Dean,-,18,2
2025-11-22,1,The Fate Of Ophelia,Taylor Swift,2,1,6
2025-11-22,2,Golden,"HUNTR/X: EJAE, Audrey Nuna & REI AMI",1,1,19
2025-11-22,3,Djurens Vaggvisa,Humlan Djojj,3,2,119
2025-11-22,4,Man I Need,Olivia Dean,4,3,12
2025-11-22,5,Ordinary,Alex Warren,6,2,39
2025-11-22,6,Where Is My Husband!,RAYE,8,6,7
2025-11-22,7,Babblarnas Vaggvisa,Babblarna,7,5,165
2025-11-22,8,X,Jireel & Reyn,5,4,3
2025-11-22,9,Midnight Sun,Zara Larsson,18,9,16
2025-11-22,10,Back To Friends,sombr,9,7,19
2025-11-22,11,Somna,Humlan Djojj,13,11,26
2025-11-22,12,Stjarnorna,Humlan Djojj,14,10,19
2025-11-22,13,12 To 12,sombr,10,6,13
2025-11-22,14,Alvsjo Macken,diZzy,-,14,1
2025-11-22,15,No Broke Boys,Disco Lines & Tinashe,15,11,10
2025-11-22,16,SOS,DJ Hellan & DIREKTOREN,12,6,8
2025-11-22,17,Soda Pop,"Saja Boys: Andrew Choi, Neckwav, Danny Chung, Kevin Woo & samUIL Lee",16,5,15
2025-11-22,18,Tusen Spann,Tjuvjakt & Fanny Avonne,11,1,27
2025-11-22,19,Nu Sager Vi Godnatt,Humlan Djojj,20,19,6
2025-11-22,20,Humlehum,Humlan Djojj,21,20,2
2025-11-22,21,Opalite,Taylor Swift,17,4,5
2025-11-22,22,Iris,Goo Goo Dolls,23,18,5
2025-11-22,23,So Easy (To Fall In Love),Olivia Dean,25,18,3
2025-11-22,24,Svagare An Jag,Ida-Lova,22,2,25
2025-11-22,25,Blaogd,Molly Sanden,24,8,8
2025-11-29,1,The Fate Of Ophelia,Taylor Swift,1,1,7
2025-11-29,2,Djurens Vaggvisa,Humlan Djojj,3,2,120
2025-11-29,3,Golden,"HUNTR/X: EJAE, Audrey Nuna & REI AMI",2,1,20
2025-11-29,4,Midnight Sun,Zara Larsson,9,4,17
2025-11-29,5,Man I Need,Olivia Dean,4,3,13
2025-11-29,6,Where Is My Husband!,RAYE,6,6,8
2025-11-29,7,Last Christmas,Wham!,-,1,20
2025-11-29,8,Ordinary,Alex Warren,5,2,40
2025-11-29,9,All I Want For Christmas Is You,Mariah Carey,-,1,20
2025-11-29,10,Babblarnas Vaggvisa,Babblarna,7,5,166
2025-11-29,11,Dopamine,Robyn,-,11,1
2025-11-29,12,Somna,Humlan Djojj,11,11,27
2025-11-29,13,Stjarnorna,Humlan Djojj,12,10,20
2025-11-29,14,X,Jireel & Reyn,8,4,4
2025-11-29,15,12 To 12,sombr,13,6,14
2025-11-29,16,Back To Friends,sombr,10,7,20
2025-11-29,17,SOS,DJ Hellan & DIREKTOREN,16,6,9
2025-11-29,18,No Broke Boys,Disco Lines & Tinashe,15,11,11
2025-11-29,19,Tusen Spann,Tjuvjakt & Fanny Avonne,18,1,28
2025-11-29,20,Lush Life,Zara Larsson,-,20,1
2025-11-29,21,So Easy (To Fall In Love),Olivia Dean,23,18,4
2025-11-29,22,Nu Sager Vi Godnatt,Humlan Djojj,19,19,7
2025-11-29,23,Alvsjo Macken,diZzy,14,14,2
2025-11-29,24,Humlehum,Humlan Djojj,20,20,3
2025-11-29,25,Iris,Goo Goo Dolls,22,18,6
2025-12-06,1,The Fate Of Ophelia,Taylor Swift,1,1,8
2025-12-06,2,Last Christmas,Wham!,7,1,21
2025-12-06,3,Djurens Vaggvisa,Humlan Djojj,2,2,121
2025-12-06,4,All I Want For Christmas Is You,Mariah Carey,9,1,21
2025-12-06,5,Golden,"HUNTR/X: EJAE, Audrey Nuna & REI AMI",3,1,21
2025-12-06,6,Man I Need,Olivia Dean,5,3,14
2025-12-06,7,Midnight Sun,Zara Larsson,4,4,18
2025-12-06,8,Where Is My Husband!,RAYE,6,6,9
2025-12-06,9,Ordinary,Alex Warren,8,2,41
2025-12-06,10,Snowman,Sia,-,6,12
2025-12-06,11,Lush Life,Zara Larsson,20,11,2
2025-12-06,12,Tand Ett Ljus,Triad,-,3,16
2025-12-06,13,Babblarnas Vaggvisa,Babblarna,10,5,167
2025-12-06,14,Somna,Humlan Djojj,12,11,28
2025-12-06,15,Stjarnorna,Humlan Djojj,13,10,21
2025-12-06,16,Valkommen Hem,E.M.D.,-,8,15
2025-12-06,17,Feliz Navidad,Jose Feliciano,-,3,16
2025-12-06,18,Rockin' Around The Christmas Tree,Brenda Lee,-,4,17
2025-12-06,19,Onormal,G1ocatore,-,19,1
2025-12-06,20,Ser Du Manen Dar Du Ar Ikvall? (Tillsammans Igen),Thomas Stenstrom,-,8,13
2025-12-06,21,Back To Friends,sombr,16,7,21
2025-12-06,22,Santa Tell Me,Ariana Grande,-,12,14
2025-12-06,23,Tusen Spann,Tjuvjakt & Fanny Avonne,19,1,29
2025-12-06,24,So Easy (To Fall In Love),Olivia Dean,21,18,5
2025-12-06,25,Julen Ar Har,Tommy Korberg & Sissel Kyrkjebo,-,5,13
2025-12-13,1,Last Christmas,Wham!,2,1,22
2025-12-13,2,All I Want For Christmas Is You,Mariah Carey,4,1,22
2025-12-13,3,Tand Ett Ljus,Triad,12,3,17
2025-12-13,4,Snowman,Sia,10,4,13
2025-12-13,5,The Fate Of Ophelia,Taylor Swift,1,1,9
2025-12-13,6,Djurens Vaggvisa,Humlan Djojj,3,2,122
2025-12-13,7,Valkommen Hem,E.M.D.,16,7,16
2025-12-13,8,Feliz Navidad,Jose Feliciano,17,3,17
2025-12-13,9,A Christmas Song,Bjornzone,-,5,5
2025-12-13,10,Julen Ar Har,Tommy Korberg & Sissel Kyrkjebo,25,5,14
2025-12-13,11,Rockin' Around The Christmas Tree,Brenda Lee,18,4,18
2025-12-13,12,Golden,"HUNTR/X: EJAE, Audrey Nuna & REI AMI",5,1,22
2025-12-13,13,Mer Jul,Adolphson & Falk,-,12,13
2025-12-13,14,Hey Ho,Aslak Trude,-,14,1
2025-12-13,15,"Tomten, Jag Vill Ha En Riktig",Tomtenissan & Barnens Jul,-,15,5
2025-12-13,16,It's Beginning To Look A Lot Like Christmas,Michael Buble,-,3,17
2025-12-13,17,Santa Tell Me,Ariana Grande,22,12,15
2025-12-13,18,It's The Most Wonderful Time Of The Year,Andy Williams,-,9,15
2025-12-13,19,Fairytale Of New York,The Pogues Featuring Kirsty MacColl,-,11,11
2025-12-13,20,Jingle Bell Rock,Bobby Helms,-,5,15
2025-12-13,21,Hey Ho,Freddy Kalas,-,10,14
2025-12-13,22,Ser Du Manen Dar Du Ar Ikvall? (Tillsammans Igen),Thomas Stenstrom,20,8,14
2025-12-13,23,Driving Home For Christmas,Chris Rea,-,13,10
2025-12-13,24,Midnight Sun,Zara Larsson,7,4,19
2025-12-13,25,Man I Need,Olivia Dean,6,3,15
2025-12-20,1,Last Christmas,Wham!,1,1,23
2025-12-20,2,All I Want For Christmas Is You,Mariah Carey,2,1,23
2025-12-20,3,Tand Ett Ljus,Triad,3,3,18
2025-12-20,4,Snowman,Sia,4,4,14
2025-12-20,5,Djurens Vaggvisa,Humlan Djojj,6,2,123
2025-12-20,6,The Fate Of Ophelia,Taylor Swift,5,1,10
2025-12-20,7,Valkommen Hem,E.M.D.,7,7,17
2025-12-20,8,Feliz Navidad,Jose Feliciano,8,3,18
2025-12-20,9,A Christmas Song,Bjornzone,9,5,6
2025-12-20,10,Mer Jul,Adolphson & Falk,13,10,14
2025-12-20,11,Julen Ar Har,Tommy Korberg & Sissel Kyrkjebo,10,5,15
2025-12-20,12,Rockin' Around The Christmas Tree,Brenda Lee,11,4,19
2025-12-20,13,Fairytale Of New York,The Pogues Featuring Kirsty MacColl,19,11,12
2025-12-20,14,It's Beginning To Look A Lot Like Christmas,Michael Buble,16,3,18
2025-12-20,15,Golden,"HUNTR/X: EJAE, Audrey Nuna & REI AMI",12,1,23
2025-12-20,16,Hey Ho,Aslak Trude,14,14,2
2025-12-20,17,Jingle Bell Rock,Bobby Helms,20,5,16
2025-12-20,18,It's The Most Wonderful Time Of The Year,Andy Williams,18,9,16
2025-12-20,19,"Tomten, Jag Vill Ha En Riktig",Tomtenissan & Barnens Jul,15,15,6
2025-12-20,20,Hey Ho,Freddy Kalas,21,10,15
2025-12-20,21,Santa Tell Me,Ariana Grande,17,12,16
2025-12-20,22,Driving Home For Christmas,Chris Rea,23,13,11
2025-12-20,23,Do They Know It's Christmas?,Band Aid,-,15,10
2025-12-20,24,Mossens Julafton,"Barnens Favoriter, Barnmusik & Svenska Barnsanger",-,24,1
2025-12-20,25,Nu Kommer Alla Jullatar,De Vet Du,-,25,1
2025-12-27,1,Last Christmas,Wham!,1,1,24
2025-12-27,2,All I Want For Christmas Is You,Mariah Carey,2,1,24
2025-12-27,3,Tand Ett Ljus,Triad,3,3,19
2025-12-27,4,Snowman,Sia,4,4,15
2025-12-27,5,Valkommen Hem,E.M.D.,7,5,18
2025-12-27,6,"Jag Vet, Du Ar Inte Min",Jacub,-,6,1
2025-12-27,7,The Fate Of Ophelia,Taylor Swift,6,1,11
2025-12-27,8,Djurens Vaggvisa,Humlan Djojj,5,2,124
2025-12-27,9,Feliz Navidad,Jose Feliciano,8,3,19
2025-12-27,10,A Christmas Song,Bjornzone,9,5,7
2025-12-27,11,Julen Ar Har,Tommy Korberg & Sissel Kyrkjebo,11,5,16
2025-12-27,12,Mer Jul,Adolphson & Falk,10,10,15
2025-12-27,13,Fairytale Of New York,The Pogues Featuring Kirsty MacColl,13,11,13
2025-12-27,14,Rockin' Around The Christmas Tree,Brenda Lee,12,4,20
2025-12-27,15,Jingle Bell Rock,Bobby Helms,17,5,17
2025-12-27,16,It's The Most Wonderful Time Of The Year,Andy Williams,18,9,17
2025-12-27,17,It's Beginning To Look A Lot Like Christmas,Michael Buble,14,3,19
2025-12-27,18,Driving Home For Christmas,Chris Rea,22,13,12
2025-12-27,19,Hey Ho,Aslak Trude,16,14,3
2025-12-27,20,Hey Ho,Freddy Kalas,20,10,16
2025-12-27,21,"Tomten, Jag Vill Ha En Riktig",Tomtenissan & Barnens Jul,19,15,7
2025-12-27,22,Do They Know It's Christmas?,Band Aid,23,15,11
2025-12-27,23,Santa Tell Me,Ariana Grande,21,12,17
2025-12-27,24,Nu Kommer Alla Jullatar,De Vet Du,25,24,2
2025-12-27,25,Ser Du Manen Dar Du Ar Ikvall? (Tillsammans Igen),Thomas Stenstrom,-,8,15
2026-01-03,1,Last Christmas,Wham!,1,1,25
2026-01-03,2,All I Want For Christmas Is You,Mariah Carey,2,1,25
2026-01-03,3,Tand Ett Ljus,Triad,3,3,20
2026-01-03,4,Snowman,Sia,4,4,16
2026-01-03,5,Valkommen Hem,E.M.D.,5,5,19
2026-01-03,6,Feliz Navidad,Jose Feliciano,9,3,20
2026-01-03,7,Mer Jul,Adolphson & Falk,12,7,16
2026-01-03,8,Julen Ar Har,Tommy Korberg & Sissel Kyrkjebo,11,5,17
2026-01-03,9,Fairytale Of New York,The Pogues Featuring Kirsty MacColl,13,9,14
2026-01-03,10,A Christmas Song,Bjornzone,10,5,8
2026-01-03,11,Driving Home For Christmas,Chris Rea,18,11,13
2026-01-03,12,It's The Most Wonderful Time Of The Year,Andy Williams,16,9,18
2026-01-03,13,Rockin' Around The Christmas Tree,Brenda Lee,14,4,21
2026-01-03,14,Do They Know It's Christmas?,Band Aid,22,14,12
2026-01-03,15,It's Beginning To Look A Lot Like Christmas,Michael Buble,17,3,20
2026-01-03,16,Jingle Bell Rock,Bobby Helms,15,5,18
2026-01-03,17,Nu Kommer Alla Jullatar,De Vet Du,24,17,3
2026-01-03,18,The Christmas Song (Merry Christmas To You),"Nat ""King"" Cole",-,18,2
2026-01-03,19,Santa Tell Me,Ariana Grande,23,12,18
2026-01-03,20,Hey Ho,Freddy Kalas,20,10,17
2026-01-03,21,Let It Snow! Let It Snow! Let It Snow!,Dean Martin,-,20,4
2026-01-03,22,Happy Xmas (War Is Over),John & Yoko/The Plastic Ono Band With The Harlem Community Choir,-,20,7
2026-01-03,23,Hey Ho,Aslak Trude,19,14,4
2026-01-03,24,"Tomten, Jag Vill Ha En Riktig",Tomtenissan & Barnens Jul,21,15,8
2026-01-03,25,Ser Du Manen Dar Du Ar Ikvall? (Tillsammans Igen),Thomas Stenstrom,25,8,16
2026-01-10,1,Djurens Vaggvisa,Humlan Djojj,-,1,125
2026-01-10,2,The Fate Of Ophelia,Taylor Swift,-,1,12
2026-01-10,3,Golden,"HUNTR/X: EJAE, Audrey Nuna & REI AMI",-,1,24
2026-01-10,4,Lush Life,Zara Larsson,-,4,3
2026-01-10,5,Man I Need,Olivia Dean,-,3,16
2026-01-10,6,Where Is My Husband!,RAYE,-,6,10
2026-01-10,7,"Jag Vet, Du Ar Inte Min",Jacub,-,6,2
2026-01-10,8,Ordinary,Alex Warren,-,2,42
2026-01-10,9,Babblarnas Vaggvisa,Babblarna,-,5,168
2026-01-10,10,Midnight Sun,Zara Larsson,-,4,20
2026-01-10,11,Happy New Year,ABBA,-,11,4
2026-01-10,12,Inombords,Dante,-,12,1
2026-01-10,13,Raindance,Dave & Tems,-,13,1
2026-01-10,14,No Broke Boys,Disco Lines & Tinashe,-,11,12
2026-01-10,15,Somna,Humlan Djojj,-,11,29
2026-01-10,16,Stjarnorna,Humlan Djojj,-,10,22
2026-01-10,17,Knock Me Out,Bolaget,-,17,1
2026-01-10,18,Humlehum,Humlan Djojj,-,18,4
2026-01-10,19,Tusen Spann,Tjuvjakt & Fanny Avonne,-,1,30
2026-01-10,20,12 To 12,sombr,-,6,15
2026-01-10,21,Nu Sager Vi Godnatt,Humlan Djojj,-,19,8
2026-01-10,22,Svagare An Jag,Ida-Lova,-,2,26
2026-01-10,23,End Of Beginning,Djo,-,11,9
2026-01-10,24,Kan Inte Ga,Bolaget,-,1,106
2026-01-10,25,So Easy (To Fall In Love),Olivia Dean,-,18,6
2026-01-17,1,Djurens Vaggvisa,Humlan Djojj,1,1,126
2026-01-17,2,"Jag Vet, Du Ar Inte Min",Jacub,7,2,3
2026-01-17,3,The Fate Of Ophelia,Taylor Swift,2,1,13
2026-01-17,4,End Of Beginning,Djo,23,4,10
2026-01-17,5,Lush Life,Zara Larsson,4,4,4
2026-01-17,6,Golden,"HUNTR/X: EJAE, Audrey Nuna & REI AMI",3,1,25
2026-01-17,7,Man I Need,Olivia Dean,5,3,17
2026-01-17,8,Babblarnas Vaggvisa,Babblarna,9,5,169
2026-01-17,9,Where Is My Husband!,RAYE,6,6,11
2026-01-17,10,Ordinary,Alex Warren,8,2,43
2026-01-17,11,Somna,Humlan Djojj,15,11,30
2026-01-17,12,Raindance,Dave & Tems,13,12,2
2026-01-17,13,Stjarnorna,Humlan Djojj,16,10,23
2026-01-17,14,Humlehum,Humlan Djojj,18,14,5
2026-01-17,15,Midnight Sun,Zara Larsson,10,4,21
2026-01-17,16,Nu Sager Vi Godnatt,Humlan Djojj,21,16,9
2026-01-17,17,No Broke Boys,Disco Lines & Tinashe,14,11,13
2026-01-17,18,Inombords,Dante,12,12,2
2026-01-17,19,Back To Friends,sombr,-,7,22
2026-01-17,20,12 To 12,sombr,20,6,16
2026-01-17,21,Every Breath You Take,The Police,-,21,1
2026-01-17,22,Godnattvisan,Humlan Djojj,-,22,2
2026-01-17,23,Tusen Spann,Tjuvjakt & Fanny Avonne,19,1,31
2026-01-17,24,Svagare An Jag,Ida-Lova,22,2,27
2026-01-17,25,So Easy (To Fall In Love),Olivia Dean,25,18,7
2026-01-24,1,"Jag Vet, Du Ar Inte Min",Jacub,2,1,4
2026-01-24,2,Djurens Vaggvisa,Humlan Djojj,1,1,127
2026-01-24,3,End Of Beginning,Djo,4,3,11
2026-01-24,4,The Fate Of Ophelia,Taylor Swift,3,1,14
2026-01-24,5,Lush Life,Zara Larsson,5,4,5
2026-01-24,6,Raindance,Dave & Tems,12,6,3
2026-01-24,7,Man I Need,Olivia Dean,7,3,18
2026-01-24,8,Vantat,Victor Leksell,-,8,1
2026-01-24,9,Where Is My Husband!,RAYE,9,6,12
2026-01-24,10,Golden,"HUNTR/X: EJAE, Audrey Nuna & REI AMI",6,1,26
2026-01-24,11,Babblarnas Vaggvisa,Babblarna,8,5,170
2026-01-24,12,Ordinary,Alex Warren,10,2,44
2026-01-24,13,Midnight Sun,Zara Larsson,15,4,22
2026-01-24,14,Stjarnorna,Humlan Djojj,13,10,24
2026-01-24,15,Somna,Humlan Djojj,11,11,31
2026-01-24,16,Humlehum,Humlan Djojj,14,14,6
2026-01-24,17,Min Plan,Jacub,-,17,1
2026-01-24,18,Back To Friends,sombr,19,7,23
2026-01-24,19,No Broke Boys,Disco Lines & Tinashe,17,11,14
2026-01-24,20,Nu Sager Vi Godnatt,Humlan Djojj,16,16,10
2026-01-24,21,I Just Might,Bruno Mars,-,21,1
2026-01-24,22,12 To 12,sombr,20,6,17
2026-01-24,23,So Easy (To Fall In Love),Olivia Dean,25,18,8
2026-01-24,24,Die On This Hill,Sienna Spiro,-,24,1
2026-01-24,25,Every Breath You Take,The Police,21,21,2
2026-01-31,1,"Jag Vet, Du Ar Inte Min",Jacub,1,1,5
2026-01-31,2,Djurens Vaggvisa,Humlan Djojj,2,1,128
2026-01-31,3,Lush Life,Zara Larsson,5,3,6
2026-01-31,4,The Fate Of Ophelia,Taylor Swift,4,1,15
2026-01-31,5,End Of Beginning,Djo,3,3,12
2026-01-31,6,Raindance,Dave & Tems,6,6,4
2026-01-31,7,Where Is My Husband!,RAYE,9,6,13
2026-01-31,8,Golden,"HUNTR/X: EJAE, Audrey Nuna & REI AMI",10,1,27
2026-01-31,9,Man I Need,Olivia Dean,7,3,19
2026-01-31,10,Stateside,PinkPantheress With Zara Larsson,-,10,1
2026-01-31,11,Babblarnas Vaggvisa,Babblarna,11,5,171
2026-01-31,12,Midnight Sun,Zara Larsson,13,4,23
2026-01-31,13,Ordinary,Alex Warren,12,2,45
2026-01-31,14,Vantat,Victor Leksell,8,8,2
2026-01-31,15,Stjarnorna,Humlan Djojj,14,10,25
2026-01-31,16,I Just Might,Bruno Mars,21,16,2
2026-01-31,17,Somna,Humlan Djojj,15,11,32
2026-01-31,18,Humlehum,Humlan Djojj,16,14,7
2026-01-31,19,Die On This Hill,Sienna Spiro,24,19,2
2026-01-31,20,Annan Galax,Asme,-,20,1
2026-01-31,21,No Broke Boys,Disco Lines & Tinashe,19,11,15
2026-01-31,22,Nu Sager Vi Godnatt,Humlan Djojj,20,16,11
2026-01-31,23,Back To Friends,sombr,18,7,24
2026-01-31,24,Min Plan,Jacub,17,17,2
2026-01-31,25,12 To 12,sombr,22,6,18
2026-02-07,1,"Jag Vet, Du Ar Inte Min",Jacub,1,1,6
2026-02-07,2,Djurens Vaggvisa,Humlan Djojj,2,1,129
2026-02-07,3,Lush Life,Zara Larsson,3,3,7
2026-02-07,4,End Of Beginning,Djo,5,3,13
2026-02-07,5,The Fate Of Ophelia,Taylor Swift,4,1,16
2026-02-07,6,Raindance,Dave & Tems,6,6,5
2026-02-07,7,Aperture,Harry Styles,-,7,1
2026-02-07,8,Where Is My Husband!,RAYE,7,6,14
2026-02-07,9,Man I Need,Olivia Dean,9,3,20
2026-02-07,10,Stateside,PinkPantheress With Zara Larsson,10,10,2
2026-02-07,11,Golden,"HUNTR/X: EJAE, Audrey Nuna & REI AMI",8,1,28
2026-02-07,12,Babblarnas Vaggvisa,Babblarna,11,5,172
2026-02-07,13,Ordinary,Alex Warren,13,2,46
2026-02-07,14,Midnight Sun,Zara Larsson,12,4,24
2026-02-07,15,Stjarnorna,Humlan Djojj,15,10,26
2026-02-07,16,Somna,Humlan Djojj,17,11,33
2026-02-07,17,I Just Might,Bruno Mars,16,16,3
2026-02-07,18,Humlehum,Humlan Djojj,18,14,8
2026-02-07,19,Nu Sager Vi Godnatt,Humlan Djojj,22,16,12
2026-02-07,20,Die On This Hill,Sienna Spiro,19,19,3
2026-02-07,21,Back To Friends,sombr,23,7,25
2026-02-07,22,No Broke Boys,Disco Lines & Tinashe,21,11,16
2026-02-07,23,12 To 12,sombr,25,6,19
2026-02-07,24,So Easy (To Fall In Love),Olivia Dean,-,18,9
2026-02-07,25,Vantat,Victor Leksell,14,8,3
2026-02-14,1,Djurens Vaggvisa,Humlan Djojj,2,1,130
2026-02-14,2,Iconic,A*Teens,-,2,1
2026-02-14,3,Berusade Ord,noll2,-,3,1
2026-02-14,4,"Jag Vet, Du Ar Inte Min",Jacub,1,1,7
2026-02-14,5,Lush Life,Zara Larsson,3,3,8
2026-02-14,6,Copacabana Boy,Junior Lerin,-,6,1
2026-02-14,7,Half Of Me,Greczula,-,7,1
2026-02-14,8,The Fate Of Ophelia,Taylor Swift,5,1,17
2026-02-14,9,End Of Beginning,Djo,4,3,14
2026-02-14,10,Man I Need,Olivia Dean,9,3,21
2026-02-14,11,Where Is My Husband!,RAYE,8,6,15
2026-02-14,12,Raindance,Dave & Tems,6,6,6
2026-02-14,13,Stateside,PinkPantheress With Zara Larsson,10,10,3
2026-02-14,14,Babblarnas Vaggvisa,Babblarna,12,5,173
2026-02-14,15,Golden,"HUNTR/X: EJAE, Audrey Nuna & REI AMI",11,1,29
2026-02-14,16,Ordinary,Alex Warren,13,2,47
2026-02-14,17,Midnight Sun,Zara Larsson,14,4,25
2026-02-14,18,Stjarnorna,Humlan Djojj,15,10,27
2026-02-14,19,Somna,Humlan Djojj,16,11,34
2026-02-14,20,Woman,Jacqline,-,20,1
2026-02-14,21,Humlehum,Humlan Djojj,18,14,9
2026-02-14,22,Aperture,Harry Styles,7,7,2
2026-02-14,23,Nu Sager Vi Godnatt,Humlan Djojj,19,16,13
2026-02-14,24,Back To Friends,sombr,21,7,26
2026-02-14,25,12 To 12,sombr,23,6,20
2026-02-21,1,My System,FELICIA,-,1,1
2026-02-21,2,Rakt In I Elden,Brandsta City Slackers,-,2,1
2026-02-21,3,Berusade Ord,noll2,3,3,2
2026-02-21,4,Iconic,A*Teens,2,2,2
2026-02-21,5,Copacabana Boy,Junior Lerin,6,5,2
2026-02-21,6,Djurens Vaggvisa,Humlan Djojj,1,1,131
2026-02-21,7,Half Of Me,Greczula,7,7,2
2026-02-21,8,DTMF,Bad Bunny,-,8,2
2026-02-21,9,Lush Life,Zara Larsson,5,3,9
2026-02-21,10,"Jag Vet, Du Ar Inte Min",Jacub,4,1,8
2026-02-21,11,Man I Need,Olivia Dean,10,3,22
2026-02-21,12,The Fate Of Ophelia,Taylor Swift,8,1,18
2026-02-21,13,Where Is My Husband!,RAYE,11,6,16
2026-02-21,14,Ordinary,Alex Warren,16,2,48
2026-02-21,15,Raindance,Dave & Tems,12,6,7
2026-02-21,16,Glitter,Arwin,-,16,1
2026-02-21,17,End Of Beginning,Djo,9,3,15
2026-02-21,18,Babblarnas Vaggvisa,Babblarna,14,5,174
2026-02-21,19,Stateside,PinkPantheress With Zara Larsson,13,10,4
2026-02-21,20,Nuevayol,Bad Bunny,-,20,1
2026-02-21,21,Midnight Sun,Zara Larsson,17,4,26
2026-02-21,22,Woman,Jacqline,20,20,2
2026-02-21,23,Stjarnorna,Humlan Djojj,18,10,28
2026-02-21,24,Somna,Humlan Djojj,19,11,35
2026-02-21,25,Golden,"HUNTR/X: EJAE, Audrey Nuna & REI AMI",15,1,30
2026-02-28,1,My System,FELICIA,1,1,2
2026-02-28,2,Rakt In I Elden,Brandsta City Slackers,2,2,2
2026-02-28,3,Viva L'amor,Medina,-,3,1
2026-02-28,4,Djurens Vaggvisa,Humlan Djojj,6,1,132
2026-02-28,5,Berusade Ord,noll2,3,3,3
2026-02-28,6,Iconic,A*Teens,4,2,3
2026-02-28,7,Copacabana Boy,Junior Lerin,5,5,3
2026-02-28,8,DTMF,Bad Bunny,8,8,3
2026-02-28,9,Lush Life,Zara Larsson,9,3,10
2026-02-28,10,Half Of Me,Greczula,7,7,3
2026-02-28,11,Man I Need,Olivia Dean,11,3,23
2026-02-28,12,Ain't Today,Saga Ludvigsson,-,12,1
2026-02-28,13,"Jag Vet, Du Ar Inte Min",Jacub,10,1,9
2026-02-28,14,Glitter,Arwin,16,14,2
2026-02-28,15,Where Is My Husband!,RAYE,13,6,17
2026-02-28,16,Raindance,Dave & Tems,15,6,8
2026-02-28,17,The Fate Of Ophelia,Taylor Swift,12,1,19
2026-02-28,18,Babblarnas Vaggvisa,Babblarna,18,5,175
2026-02-28,19,End Of Beginning,Djo,17,3,16
2026-02-28,20,Ordinary,Alex Warren,14,2,49
2026-02-28,21,Titi Me Pregunto,Bad Bunny,-,21,1
2026-02-28,22,Stateside,PinkPantheress With Zara Larsson,19,10,5
2026-02-28,23,Homewrecker,sombr,-,23,1
2026-02-28,24,Stjarnorna,Humlan Djojj,23,10,29
2026-02-28,25,King Of Rock 'n' Roll,Korslagda,-,25,1
2026-03-07,1,My System,FELICIA,1,1,3
2026-03-07,2,Viva L'amor,Medina,3,2,2
2026-03-07,3,Rakt In I Elden,Brandsta City Slackers,2,2,3
2026-03-07,4,Djurens Vaggvisa,Humlan Djojj,4,1,133
2026-03-07,5,Hollow,Smash Into Pieces,-,5,1
2026-03-07,6,Ain't Today,Saga Ludvigsson,12,6,2
2026-03-07,7,Iconic,A*Teens,6,2,4
2026-03-07,8,Dooset Daram,Meira Omar,-,8,1
2026-03-07,9,Berusade Ord,noll2,5,3,4
2026-03-07,10,Lush Life,Zara Larsson,9,3,11
2026-03-07,11,Man I Need,Olivia Dean,11,3,24
2026-03-07,12,Stateside,PinkPantheress With Zara Larsson,22,10,6
2026-03-07,13,Copacabana Boy,Junior Lerin,7,5,4
2026-03-07,14,Raindance,Dave & Tems,16,6,9
2026-03-07,15,Babblarnas Vaggvisa,Babblarna,18,5,176
2026-03-07,16,The Fate Of Ophelia,Taylor Swift,17,1,20
2026-03-07,17,"Jag Vet, Du Ar Inte Min",Jacub,13,1,10
2026-03-07,18,Where Is My Husband!,RAYE,15,6,18
2026-03-07,19,Stjarnorna,Humlan Djojj,24,10,30
2026-03-07,20,Somna,Humlan Djojj,-,11,36
2026-03-07,21,End Of Beginning,Djo,19,3,17
2026-03-07,22,Ordinary,Alex Warren,20,2,50
2026-03-07,23,Half Of Me,Greczula,10,7,4
2026-03-07,24,DTMF,Bad Bunny,8,8,4
2026-03-07,25,Eternity,Cimberly,-,25,1
2026-03-14,1,My System,FELICIA,1,1,4
2026-03-14,2,Delulu,Lilla Al-Fadji,-,2,1
2026-03-14,3,Viva L'amor,Medina,2,2,3
2026-03-14,4,Rakt In I Elden,Brandsta City Slackers,3,2,4
2026-03-14,5,Djurens Vaggvisa,Humlan Djojj,4,1,134
2026-03-14,6,Dooset Daram,Meira Omar,8,6,2
2026-03-14,7,Hollow,Smash Into Pieces,5,5,2
2026-03-14,8,Stateside,PinkPantheress With Zara Larsson,12,8,7
2026-03-14,9,Iconic,A*Teens,7,2,5
2026-03-14,10,Ain't Today,Saga Ludvigsson,6,6,3
2026-03-14,11,Tongue Tied,AleXa,-,11,1
2026-03-14,12,Lush Life,Zara Larsson,10,3,12
2026-03-14,13,Berusade Ord,noll2,9,3,5
2026-03-14,14,Half Of Me,Greczula,23,7,5
2026-03-14,15,Fever Dream,Alex Warren,-,15,1
2026-03-14,16,Langt Fran Alla Andra,JULIETT,-,16,1
2026-03-14,17,Copacabana Boy,Junior Lerin,13,5,5
2026-03-14,18,Man I Need,Olivia Dean,11,3,25
2026-03-14,19,Waste Your Love,Sanna Nielsen,-,19,1
2026-03-14,20,Eternity,Cimberly,25,20,2
2026-03-14,21,The Fate Of Ophelia,Taylor Swift,16,1,21
2026-03-14,22,Raindance,Dave & Tems,14,6,10
2026-03-14,23,Where Is My Husband!,RAYE,18,6,19
2026-03-14,24,Babblarnas Vaggvisa,Babblarna,15,5,177
2026-03-14,25,Ordinary,Alex Warren,22,2,51
2026-03-21,1,My System,FELICIA,1,1,5
2026-03-21,2,Delulu,Lilla Al-Fadji,2,2,2
2026-03-21,3,Viva L'amor,Medina,3,2,4
2026-03-21,4,Rakt In I Elden,Brandsta City Slackers,4,2,5
2026-03-21,5,Dooset Daram,Meira Omar,6,5,3
2026-03-21,6,Half Of Me,Greczula,14,6,6
2026-03-21,7,Iconic,A*Teens,9,2,6
2026-03-21,8,Hollow,Smash Into Pieces,7,5,3
2026-03-21,9,Djurens Vaggvisa,Humlan Djojj,5,1,135
2026-03-21,10,Stateside,PinkPantheress With Zara Larsson,8,8,8
2026-03-21,11,Ain't Today,Saga Ludvigsson,10,6,4
2026-03-21,12,Waste Your Love,Sanna Nielsen,19,12,2
2026-03-21,13,Langt Fran Alla Andra,JULIETT,16,13,2
2026-03-21,14,Eternity,Cimberly,20,14,3
2026-03-21,15,Honey Honey,Robin Bengtsson,-,15,1
2026-03-21,16,American Girls,Harry Styles,-,16,1
2026-03-21,17,Tongue Tied,AleXa,11,11,2
2026-03-21,18,Lush Life,Zara Larsson,12,3,13
2026-03-21,19,Iloveitiloveitiloveit,Bella Kay,-,19,1
2026-03-21,20,Midnight Sun,Zara Larsson,-,4,27
2026-03-21,21,Berusade Ord,noll2,13,3,6
2026-03-21,22,Man I Need,Olivia Dean,18,3,26
2026-03-21,23,Copacabana Boy,Junior Lerin,17,5,6
2026-03-21,24,Where Is My Husband!,RAYE,23,6,20
2026-03-21,25,Babblarnas Vaggvisa,Babblarna,24,5,178
2026-03-28,1,My System,FELICIA,1,1,6
2026-03-28,2,Delulu,Lilla Al-Fadji,2,2,3
2026-03-28,3,Viva L'amor,Medina,3,2,5
2026-03-28,4,Rakt In I Elden,Brandsta City Slackers,4,2,6
2026-03-28,5,Djurens Vaggvisa,Humlan Djojj,9,1,136
2026-03-28,6,Stateside,PinkPantheress With Zara Larsson,10,6,9
2026-03-28,7,Iloveitiloveitiloveit,Bella Kay,19,7,2
2026-03-28,8,Half Of Me,Greczula,6,6,7
2026-03-28,9,Dooset Daram,Meira Omar,5,5,4
2026-03-28,10,Iconic,A*Teens,7,2,7
2026-03-28,11,Hollow,Smash Into Pieces,8,5,4
2026-03-28,12,Lush Life,Zara Larsson,18,3,14
2026-03-28,13,Dracula,Tame Impala & JENNIE,-,13,1
2026-03-28,14,Midnight Sun,Zara Larsson,20,4,28
2026-03-28,15,Man I Need,Olivia Dean,22,3,27
2026-03-28,16,Babblarnas Vaggvisa,Babblarna,25,5,179
2026-03-28,17,The Visitor,Sienna Spiro,-,17,1
2026-03-28,18,American Girls,Harry Styles,16,16,2
2026-03-28,19,Stjarnorna,Humlan Djojj,-,10,31
2026-03-28,20,Langt Fran Alla Andra,JULIETT,13,13,3
2026-03-28,21,Where Is My Husband!,RAYE,24,6,21
2026-03-28,22,Somna,Humlan Djojj,-,11,37
2026-03-28,23,Babydoll,Dominic Fike,-,23,1
2026-03-28,24,Raindance,Dave & Tems,-,6,11
2026-03-28,25,Ordinary,Alex Warren,-,2,52
2026-04-04,1,My System,FELICIA,1,1,7
2026-04-04,2,Delulu,Lilla Al-Fadji,2,2,4
2026-04-04,3,Djurens Vaggvisa,Humlan Djojj,5,1,137
2026-04-04,4,Viva L'amor,Medina,3,2,6
2026-04-04,5,Rakt In I Elden,Brandsta City Slackers,4,2,7
2026-04-04,6,Stateside,PinkPantheress With Zara Larsson,6,6,10
2026-04-04,7,Iloveitiloveitiloveit,Bella Kay,7,7,3
2026-04-04,8,Dracula,Tame Impala & JENNIE,13,8,2
2026-04-04,9,Lush Life,Zara Larsson,12,3,15
2026-04-04,10,Superlim & Silvertejp,Molly Sanden & Miriam Bryant,-,10,1
2026-04-04,11,Babydoll,Dominic Fike,23,11,2
2026-04-04,12,Man I Need,Olivia Dean,15,3,28
2026-04-04,13,Midnight Sun,Zara Larsson,14,4,29
2026-04-04,14,Half Of Me,Greczula,8,6,8
2026-04-04,15,Babblarnas Vaggvisa,Babblarna,16,5,180
2026-04-04,16,Raindance,Dave & Tems,24,6,12
2026-04-04,17,Stjarnorna,Humlan Djojj,19,10,32
2026-04-04,18,Iconic,A*Teens,10,2,8
2026-04-04,19,Hollow,Smash Into Pieces,11,5,5
2026-04-04,20,Somna,Humlan Djojj,22,11,38
2026-04-04,21,Dooset Daram,Meira Omar,9,5,5
2026-04-04,22,The Visitor,Sienna Spiro,17,17,2
2026-04-04,23,Where Is My Husband!,RAYE,21,6,22
2026-04-04,24,Ordinary,Alex Warren,25,2,53
2026-04-04,25,The Fate Of Ophelia,Taylor Swift,-,1,22
2026-04-11,1,My System,FELICIA,1,1,8
2026-04-11,2,Djurens Vaggvisa,Humlan Djojj,3,1,138
2026-04-11,3,Viva L'amor,Medina,4,2,7
2026-04-11,4,Delulu,Lilla Al-Fadji,2,2,5
2026-04-11,5,Stateside,PinkPantheress With Zara Larsson,6,5,11
2026-04-11,6,Rakt In I Elden,Brandsta City Slackers,5,2,8
2026-04-11,7,Iloveitiloveitiloveit,Bella Kay,7,7,4
2026-04-11,8,Dracula,Tame Impala & JENNIE,8,8,3
2026-04-11,9,Lush Life,Zara Larsson,9,3,16
2026-04-11,10,Midnight Sun,Zara Larsson,13,4,30
2026-04-11,11,Babydoll,Dominic Fike,11,11,3
2026-04-11,12,Babblarnas Vaggvisa,Babblarna,15,5,181
2026-04-11,13,Man I Need,Olivia Dean,12,3,29
2026-04-11,14,Where Is My Husband!,RAYE,23,6,23
2026-04-11,15,Stjarnorna,Humlan Djojj,17,10,33
2026-04-11,16,Raindance,Dave & Tems,16,6,13
2026-04-11,17,Fiji,Victor Leksell,-,17,1
2026-04-11,18,Somna,Humlan Djojj,20,11,39
2026-04-11,19,Ordinary,Alex Warren,24,2,54
2026-04-11,20,The Fate Of Ophelia,Taylor Swift,25,1,23
2026-04-11,21,Fever Dream,Alex Warren,-,15,2
2026-04-11,22,Half Of Me,Greczula,14,6,9
2026-04-11,23,Superlim & Silvertejp,Molly Sanden & Miriam Bryant,10,10,2
2026-04-11,24,White Keys,Dominic Fike,-,24,1
2026-04-11,25,Iconic,A*Teens,18,2,9
2026-04-18,1,Djurens Vaggvisa,Humlan Djojj,2,1,139
2026-04-18,2,My System,FELICIA,1,1,9
2026-04-18,3,Fel Pa Dig,Bolaget & Dante,-,3,1
2026-04-18,4,Viva L'amor,Medina,3,2,8
2026-04-18,5,Stateside,PinkPantheress With Zara Larsson,5,5,12
2026-04-18,6,Rakt In I Elden,Brandsta City Slackers,6,2,9
2026-04-18,7,Iloveitiloveitiloveit,Bella Kay,7,7,5
2026-04-18,8,Delulu,Lilla Al-Fadji,4,2,6
2026-04-18,9,Lush Life,Zara Larsson,9,3,17
2026-04-18,10,Dracula,Tame Impala & JENNIE,8,8,4
2026-04-18,11,Babblarnas Vaggvisa,Babblarna,12,5,182
2026-04-18,12,Babydoll,Dominic Fike,11,11,4
2026-04-18,13,Midnight Sun,Zara Larsson,10,4,31
2026-04-18,14,Stjarnorna,Humlan Djojj,15,10,34
2026-04-18,15,Somna,Humlan Djojj,18,11,40
2026-04-18,16,Nar Vi Graver Guld I USA,Glenmark Eriksson Stromstedt,-,16,1
2026-04-18,17,Where Is My Husband!,RAYE,14,6,24
2026-04-18,18,Man I Need,Olivia Dean,13,3,30
2026-04-18,19,Fever Dream,Alex Warren,21,15,3
2026-04-18,20,Ordinary,Alex Warren,19,2,55
2026-04-18,21,Raindance,Dave & Tems,16,6,14
2026-04-18,22,Humlehum,Humlan Djojj,-,14,10
2026-04-18,23,The Fate Of Ophelia,Taylor Swift,20,1,24
2026-04-18,24,White Keys,Dominic Fike,24,24,2
2026-04-18,25,Nu Sager Vi Godnatt,Humlan Djojj,-,16,14
2026-04-25,1,Djurens Vaggvisa,Humlan Djojj,1,1,140
2026-04-25,2,My System,FELICIA,2,1,10
2026-04-25,3,Stateside,PinkPantheress With Zara Larsson,5,3,13
2026-04-25,4,Iloveitiloveitiloveit,Bella Kay,7,4,6
2026-04-25,5,Dracula,Tame Impala & JENNIE,10,5,5
2026-04-25,6,Viva L'amor,Medina,4,2,9
2026-04-25,7,Lush Life,Zara Larsson,9,3,18
2026-04-25,8,Rakt In I Elden,Brandsta City Slackers,6,2,10
2026-04-25,9,Fel Pa Dig,Bolaget & Dante,3,3,2
2026-04-25,10,Babblarnas Vaggvisa,Babblarna,11,5,183
2026-04-25,11,Babydoll,Dominic Fike,12,11,5
2026-04-25,12,Fever Dream,Alex Warren,19,12,4
2026-04-25,13,Stjarnorna,Humlan Djojj,14,10,35
2026-04-25,14,Delulu,Lilla Al-Fadji,8,2,7
2026-04-25,15,Midnight Sun,Zara Larsson,13,4,32
2026-04-25,16,Somna,Humlan Djojj,15,11,41
2026-04-25,17,Man I Need,Olivia Dean,18,3,31
2026-04-25,18,Beauty And A Beat,Justin Bieber Featuring Nicki Minaj,-,18,1
2026-04-25,19,Where Is My Husband!,RAYE,17,6,25
2026-04-25,20,Ordinary,Alex Warren,20,2,56
2026-04-25,21,White Keys,Dominic Fike,24,21,3
2026-04-25,22,Humlehum,Humlan Djojj,22,14,11
2026-04-25,23,Homewrecker,sombr,-,23,2
2026-04-25,24,Raindance,Dave & Tems,21,6,15
2026-04-25,25,The Fate Of Ophelia,Taylor Swift,23,1,25
2026-05-02,1,Beauty And A Beat,Justin Bieber Featuring Nicki Minaj,18,1,2
2026-05-02,2,Djurens Vaggvisa,Humlan Djojj,1,1,141
2026-05-02,3,She Did It Again,Tyla Featuring Zara Larsson,-,3,1
2026-05-02,4,Stateside,PinkPantheress With Zara Larsson,3,3,14
2026-05-02,5,Dracula,Tame Impala & JENNIE,5,5,6
2026-05-02,6,My System,FELICIA,2,1,11
2026-05-02,7,Iloveitiloveitiloveit,Bella Kay,4,4,7
2026-05-02,8,Daisies,Justin Bieber,-,3,13
2026-05-02,9,Lush Life,Zara Larsson,7,3,19
2026-05-02,10,Viva L'amor,Medina,6,2,10
2026-05-02,11,Fever Dream,Alex Warren,12,11,5
2026-05-02,12,Babblarnas Vaggvisa,Babblarna,10,5,184
2026-05-02,13,Midnight Sun,Zara Larsson,15,4,33
2026-05-02,14,Rakt In I Elden,Brandsta City Slackers,8,2,11
2026-05-02,15,Babydoll,Dominic Fike,11,11,6
2026-05-02,16,Stjarnorna,Humlan Djojj,13,10,36
2026-05-02,17,Somna,Humlan Djojj,16,11,42
2026-05-02,18,Drop Dead,Olivia Rodrigo,-,18,1
2026-05-02,19,Man I Need,Olivia Dean,17,3,32
2026-05-02,20,Ordinary,Alex Warren,20,2,57
2026-05-02,21,Where Is My Husband!,RAYE,19,6,26
2026-05-02,22,White Keys,Dominic Fike,21,21,4
2026-05-02,23,Fel Pa Dig,Bolaget & Dante,9,3,3
2026-05-02,24,Delulu,Lilla Al-Fadji,14,2,8
2026-05-02,25,Humlehum,Humlan Djojj,22,14,12
2026-05-09,1,Djurens Vaggvisa,Humlan Djojj,2,1,142
2026-05-09,2,Beauty And A Beat,Justin Bieber Featuring Nicki Minaj,1,1,3
2026-05-09,3,IN DA CLUB,23,-,3,1
2026-05-09,4,Stateside,PinkPantheress With Zara Larsson,4,3,15
2026-05-09,5,Dracula,Tame Impala & JENNIE,5,5,7
2026-05-09,6,My System,FELICIA,6,1,12
2026-05-09,7,Lush Life,Zara Larsson,9,3,20
2026-05-09,8,She Did It Again,Tyla Featuring Zara Larsson,3,3,2
2026-05-09,9,Midnight Sun,Zara Larsson,13,4,34
2026-05-09,10,Daisies,Justin Bieber,8,3,14
2026-05-09,11,Iloveitiloveitiloveit,Bella Kay,7,4,8
2026-05-09,12,Doden Ut,Lovet,-,12,1
2026-05-09,13,Babblarnas Vaggvisa,Babblarna,12,5,185
2026-05-09,14,Viva L'amor,Medina,10,2,11
2026-05-09,15,Fever Dream,Alex Warren,11,11,6
2026-05-09,16,Stjarnorna,Humlan Djojj,16,10,37
2026-05-09,17,Rakt In I Elden,Brandsta City Slackers,14,2,12
2026-05-09,18,Somna,Humlan Djojj,17,11,43
2026-05-09,19,Babydoll,Dominic Fike,15,11,7
2026-05-09,20,Man I Need,Olivia Dean,19,3,33
2026-05-09,21,Ordinary,Alex Warren,20,2,58
2026-05-09,22,Where Is My Husband!,RAYE,21,6,27
2026-05-09,23,Humlehum,Humlan Djojj,25,14,13
2026-05-09,24,White Keys,Dominic Fike,22,21,5
2026-05-09,25,Homewrecker,sombr,-,23,3
2026-05-16,1,Djurens Vaggvisa,Humlan Djojj,1,1,143
2026-05-16,2,Midnight Sun,Zara Larsson,9,2,35
2026-05-16,3,Beauty And A Beat,Justin Bieber Featuring Nicki Minaj,2,1,4
2026-05-16,4,Stateside,PinkPantheress With Zara Larsson,4,3,16
2026-05-16,5,Lush Life,Zara Larsson,7,3,21
2026-05-16,6,Dracula,Tame Impala & JENNIE,5,5,8
2026-05-16,7,Babblarnas Vaggvisa,Babblarna,13,5,186
2026-05-16,8,My System,FELICIA,6,1,13
2026-05-16,9,She Did It Again,Tyla Featuring Zara Larsson,8,3,3
2026-05-16,10,Stjarnorna,Humlan Djojj,16,10,38
2026-05-16,11,Somna,Humlan Djojj,18,11,44
2026-05-16,12,Iloveitiloveitiloveit,Bella Kay,11,4,9
2026-05-16,13,Eurosummer,Zara Larsson & Shakira,-,13,1
2026-05-16,14,Viva L'amor,Medina,14,2,12
2026-05-16,15,Storm II,GENER8ION & Yung Lean,-,15,1
2026-05-16,16,Daisies,Justin Bieber,10,3,15
2026-05-16,17,Billie Jean,Michael Jackson,-,17,1
2026-05-16,18,Humlehum,Humlan Djojj,23,14,14
2026-05-16,19,Puss Puss,Zara Larsson & Robyn,-,19,1
2026-05-16,20,Rakt In I Elden,Brandsta City Slackers,17,2,13
2026-05-16,21,Man I Need,Olivia Dean,20,3,34
2026-05-16,22,IN DA CLUB,23,3,3,2
2026-05-16,23,Ordinary,Alex Warren,21,2,59
2026-05-16,24,Doden Ut,Lovet,12,12,2
2026-05-16,25,Nu Sager Vi Godnatt,Humlan Djojj,-,16,15
2026-05-23,1,Djurens Vaggvisa,Humlan Djojj,1,1,144
2026-05-23,2,My System,FELICIA,8,1,14
2026-05-23,3,Midnight Sun,Zara Larsson,2,2,36
2026-05-23,4,Beauty And A Beat,Justin Bieber Featuring Nicki Minaj,3,1,5
2026-05-23,5,Lush Life,Zara Larsson,5,3,22
2026-05-23,6,Dracula,Tame Impala & JENNIE,6,5,9
2026-05-23,7,Stateside,PinkPantheress With Zara Larsson,4,3,17
2026-05-23,8,Billie Jean,Michael Jackson,17,8,2
2026-05-23,9,Babblarnas Vaggvisa,Babblarna,7,5,187
2026-05-23,10,Stjarnorna,Humlan Djojj,10,10,39
2026-05-23,11,Somna,Humlan Djojj,11,11,45
2026-05-23,12,Storm II,GENER8ION & Yung Lean,15,12,2
2026-05-23,13,Viva L'amor,Medina,14,2,13
2026-05-23,14,Iloveitiloveitiloveit,Bella Kay,12,4,10
2026-05-23,15,She Did It Again,Tyla Featuring Zara Larsson,9,3,4
2026-05-23,16,Beat It,Michael Jackson,-,16,1
2026-05-23,17,Rakt In I Elden,Brandsta City Slackers,20,2,14
2026-05-23,18,Ordinary,Alex Warren,23,2,60
2026-05-23,19,Humlehum,Humlan Djojj,18,14,15
2026-05-23,20,Man I Need,Olivia Dean,21,3,35
2026-05-23,21,Tusen Spann,Tjuvjakt & Fanny Avonne,-,1,32
2026-05-23,22,Nu Sager Vi Godnatt,Humlan Djojj,25,16,16
2026-05-23,23,Daisies,Justin Bieber,16,3,16
2026-05-23,24,Babydoll,Dominic Fike,-,11,8
2026-05-23,25,Angels Above Me,Stick Figure,-,25,1
2026-05-30,1,Bangaranga,Dara,-,1,1
2026-05-30,2,Djurens Vaggvisa,Humlan Djojj,1,1,145
2026-05-30,3,Leva For Alltid (Sveriges Officiella VM-Lat 2026),Thomas Stenstrom,-,3,1
2026-05-30,4,My System,FELICIA,2,1,15
2026-05-30,5,Liekinheitin,Linda Lampenius & Pete Parkkonen,-,5,1
2026-05-30,6,For Vi Gar Hjem,Soren Torpegaard Lund,-,6,1
2026-05-30,7,Dracula,Tame Impala & JENNIE,6,5,10
2026-05-30,8,Babblarnas Vaggvisa,Babblarna,9,5,188
2026-05-30,9,Billie Jean,Michael Jackson,8,8,3
2026-05-30,10,All In For Sverige (VM-Lat 2026),Brandsta City Slackers,-,10,1
2026-05-30,11,Midnight Sun,Zara Larsson,3,2,37
2026-05-30,12,Beauty And A Beat,Justin Bieber Featuring Nicki Minaj,4,1,6
2026-05-30,13,Stjarnorna,Humlan Djojj,10,10,40
2026-05-30,14,Lush Life,Zara Larsson,5,3,23
2026-05-30,15,Somna,Humlan Djojj,11,11,46
2026-05-30,16,Stateside,PinkPantheress With Zara Larsson,7,3,18
2026-05-30,17,National Treasures,Drake,-,17,1
2026-05-30,18,Beat It,Michael Jackson,16,16,2
2026-05-30,19,Janice STFU,Drake,-,19,1
2026-05-30,20,Humlehum,Humlan Djojj,19,14,16
2026-05-30,21,Viva L'amor,Medina,13,2,14
2026-05-30,22,Man I Need,Olivia Dean,20,3,36
2026-05-30,23,Nu Sager Vi Godnatt,Humlan Djojj,22,16,17
2026-05-30,24,Human Nature,Michael Jackson,-,24,1
2026-05-30,25,Make Them Cry,Drake,-,25,1
2026-06-06,1,Djurens Vaggvisa,Humlan Djojj,2,1,146
2026-06-06,2,Bangaranga,Dara,1,1,2
2026-06-06,3,All In For Sverige (VM-Lat 2026),Brandsta City Slackers,10,3,2
2026-06-06,4,Lush Life,Zara Larsson,14,3,24
2026-06-06,5,Midnight Sun,Zara Larsson,11,2,38
2026-06-06,6,Billie Jean,Michael Jackson,9,6,4
2026-06-06,7,Beauty And A Beat,Justin Bieber Featuring Nicki Minaj,12,1,7
2026-06-06,8,Babblarnas Vaggvisa,Babblarna,8,5,189
2026-06-06,9,Dracula,Tame Impala & JENNIE,7,5,11
2026-06-06,10,Stjarnorna,Humlan Djojj,13,10,41
2026-06-06,11,My System,FELICIA,4,1,16
2026-06-06,12,Leva For Alltid (Sveriges Officiella VM-Lat 2026),Thomas Stenstrom,3,3,2
2026-06-06,13,Stateside,PinkPantheress With Zara Larsson,16,3,19
2026-06-06,14,Somna,Humlan Djojj,15,11,47
2026-06-06,15,Janice STFU,Drake,19,15,2
2026-06-06,16,Beat It,Michael Jackson,18,16,3
2026-06-06,17,Humlehum,Humlan Djojj,20,14,17
2026-06-06,18,Human Nature,Michael Jackson,24,18,2
2026-06-06,19,Man I Need,Olivia Dean,22,3,37
2026-06-06,20,Tusen Spann,Tjuvjakt & Fanny Avonne,-,1,33
2026-06-06,21,Nu Sager Vi Godnatt,Humlan Djojj,23,16,18
2026-06-06,22,Viva L'amor,Medina,21,2,15
2026-06-06,23,The Cure,Olivia Rodrigo,-,23,1
2026-06-06,24,Ordinary,Alex Warren,-,2,61
2026-06-06,25,Iloveitiloveitiloveit,Bella Kay,-,4,11
2026-06-13,1,Nar Vi Graver Guld I USA,"Glenmark, Tjuvjakt & Stromstedt",-,1,1
2026-06-13,2,Atom,Lovet & Victor Leksell,-,2,1
2026-06-13,3,Djurens Vaggvisa,Humlan Djojj,1,1,147
2026-06-13,4,Bangaranga,Dara,2,1,3
2026-06-13,5,All In For Sverige (VM-Lat 2026),Brandsta City Slackers,3,3,3
2026-06-13,6,Lush Life,Zara Larsson,4,3,25
2026-06-13,7,Billie Jean,Michael Jackson,6,6,5
2026-06-13,8,Midnight Sun,Zara Larsson,5,2,39
2026-06-13,9,Nar Vi Graver Guld I USA,Glenmark Eriksson Stromstedt,-,9,2
2026-06-13,10,Babblarnas Vaggvisa,Babblarna,8,5,190
2026-06-13,11,Hate That I Made You Love Me,Ariana Grande,-,11,1
2026-06-13,12,Stjarnorna,Humlan Djojj,10,10,42
2026-06-13,13,Dracula,Tame Impala & JENNIE,9,5,12
2026-06-13,14,Beauty And A Beat,Justin Bieber Featuring Nicki Minaj,7,1,8
2026-06-13,15,Somna,Humlan Djojj,14,11,48
2026-06-13,16,Stateside,PinkPantheress With Zara Larsson,13,3,20
2026-06-13,17,Beat It,Michael Jackson,16,16,4
2026-06-13,18,Tusen Spann,Tjuvjakt & Fanny Avonne,20,1,34
2026-06-13,19,Humlehum,Humlan Djojj,17,14,18
2026-06-13,20,My System,FELICIA,11,1,17
2026-06-13,21,Janice STFU,Drake,15,15,3
2026-06-13,22,Nar Vi Letar Man I USA,Hanna Friberg,-,22,1
2026-06-13,23,Leva For Alltid (Sveriges Officiella VM-Lat 2026),Thomas Stenstrom,12,3,3
2026-06-13,24,Nu Sager Vi Godnatt,Humlan Djojj,21,16,19
2026-06-13,25,Human Nature,Michael Jackson,18,18,3
2026-06-20,1,Det Ligger Nat I Luften,Bolaget,-,1,1
2026-06-20,2,Nar Vi Graver Guld I USA,"Glenmark, Tjuvjakt & Stromstedt",1,1,2
2026-06-20,3,Djurens Vaggvisa,Humlan Djojj,3,1,148
2026-06-20,4,Atom,Lovet & Victor Leksell,2,2,2
2026-06-20,5,Nar Vi Graver Guld I USA,Glenmark Eriksson Stromstedt,9,5,3
2026-06-20,6,All In For Sverige (VM-Lat 2026),Brandsta City Slackers,5,3,4
2026-06-20,7,Lush Life,Zara Larsson,6,3,26
2026-06-20,8,Midnight Sun,Zara Larsson,8,2,40
2026-06-20,9,Billie Jean,Michael Jackson,7,6,6
2026-06-20,10,Bangaranga,Dara,4,1,4
2026-06-20,11,Babblarnas Vaggvisa,Babblarna,10,5,191
2026-06-20,12,Hate That I Made You Love Me,Ariana Grande,11,11,2
2026-06-20,13,Stjarnorna,Humlan Djojj,12,10,43
2026-06-20,14,Nar Vi Letar Man I USA,Hanna Friberg,22,14,2
2026-06-20,15,Somna,Humlan Djojj,15,11,49
2026-06-20,16,Beauty And A Beat,Justin Bieber Featuring Nicki Minaj,14,1,9
2026-06-20,17,Tusen Spann,Tjuvjakt & Fanny Avonne,18,1,35
2026-06-20,18,Beat It,Michael Jackson,17,16,5
2026-06-20,19,Dracula,Tame Impala & JENNIE,13,5,13
2026-06-20,20,Humlehum,Humlan Djojj,19,14,19
2026-06-20,21,Stateside,PinkPantheress With Zara Larsson,16,3,21
2026-06-20,22,My System,FELICIA,20,1,18
2026-06-20,23,Nu Sager Vi Godnatt,Humlan Djojj,24,16,20
2026-06-20,24,Svagare An Jag,Ida-Lova,-,2,28
2026-06-20,25,"I Knew It, I Knew You",Taylor Swift,-,25,1
2026-06-27,1,Det Ligger Nat I Luften,Bolaget,1,1,2
2026-06-27,2,Djurens Vaggvisa,Humlan Djojj,3,1,149
2026-06-27,3,Nar Vi Graver Guld I USA,"Glenmark, Tjuvjakt & Stromstedt",2,1,3
2026-06-27,4,Nar Vi Graver Guld I USA,Glenmark Eriksson Stromstedt,5,4,4
2026-06-27,5,Dai Dai (FIFA World Cup Official Song 2026),Shakira X Burna Boy,-,5,1
2026-06-27,6,Atom,Lovet & Victor Leksell,4,2,3
2026-06-27,7,All In For Sverige (VM-Lat 2026),Brandsta City Slackers,6,3,5
2026-06-27,8,Pile,Mauvais djo,-,8,1
2026-06-27,9,Midnight Sun,Zara Larsson,8,2,41
2026-06-27,10,Tomma Glas,Malik Dalasi Featuring Molly Sanden & Dante,-,10,1
2026-06-27,11,Billie Jean,Michael Jackson,9,6,7
2026-06-27,12,Lush Life,Zara Larsson,7,3,27
2026-06-27,13,Babblarnas Vaggvisa,Babblarna,11,5,192
2026-06-27,14,Nar Vi Letar Man I USA,Hanna Friberg,14,14,3
2026-06-27,15,Hate That I Made You Love Me,Ariana Grande,12,11,3
2026-06-27,16,Vi Ar Gul Och Bla,EDI'VIBZ,-,16,1
2026-06-27,17,Somna,Humlan Djojj,15,11,50
2026-06-27,18,Stjarnorna,Humlan Djojj,13,10,44
2026-06-27,19,Handerna Mot Himlen,Petra Marklund,-,19,2
2026-06-27,20,Bangaranga,Dara,10,1,5
2026-06-27,21,Tusen Spann,Tjuvjakt & Fanny Avonne,17,1,36
2026-06-27,22,Stupid Song,Olivia Rodrigo,-,22,1
2026-06-27,23,Beat It,Michael Jackson,18,16,6
2026-06-27,24,Leva For Alltid (Sveriges Officiella VM-Lat 2026),Thomas Stenstrom,-,3,4
2026-06-27,25,Humlehum,Humlan Djojj,20,14,20
2026-07-04,1,Det Ligger Nat I Luften,Bolaget,1,1,3
2026-07-04,2,Nar Vi Graver Guld I USA,Glenmark Eriksson Stromstedt,4,2,5
2026-07-04,3,Nar Vi Graver Guld I USA,"Glenmark, Tjuvjakt & Stromstedt",3,1,4
2026-07-04,4,Djurens Vaggvisa,Humlan Djojj,2,1,150
2026-07-04,5,Dai Dai (FIFA World Cup Official Song 2026),Shakira X Burna Boy,5,5,2
2026-07-04,6,Handerna Mot Himlen,Petra Marklund,19,6,3
2026-07-04,7,Vi Ar Gul Och Bla,EDI'VIBZ,16,7,2
2026-07-04,8,Kanna Pa,De Vet Du & Gula Vaggen,-,8,1
2026-07-04,9,Midnight Sun,Zara Larsson,9,2,42
2026-07-04,10,All In For Sverige (VM-Lat 2026),Brandsta City Slackers,7,3,6
2026-07-04,11,Lush Life,Zara Larsson,12,3,28
2026-07-04,12,Pile,Mauvais djo,8,8,2
2026-07-04,13,Atom,Lovet & Victor Leksell,6,2,4
2026-07-04,14,Sommartider,Gyllene Tider,-,14,5
2026-07-04,15,Valkommen In,Veronica Maggio,-,5,11
2026-07-04,16,Nar Vi Tva Blir En,Gyllene Tider,-,16,3
2026-07-04,17,Josefin,Albin Lee Meldau,-,9,31
2026-07-04,18,Nar Vi Letar Man I USA,Hanna Friberg,14,14,4
2026-07-04,19,Sunnanvind,Mares,-,5,21
2026-07-04,20,Dina Farger Var Bla,Tommy Nilsson,-,20,1
2026-07-04,21,"Sol, Vind Och Vatten",Ted Gardestad,-,8,5
2026-07-04,22,Billie Jean,Michael Jackson,11,6,8
2026-07-04,23,Leva For Alltid (Sveriges Officiella VM-Lat 2026),Thomas Stenstrom,24,3,5
2026-07-04,24,"Oh, Vilken Harlig Da'",Ted Gardestad,-,20,3
2026-07-04,25,Babblarnas Vaggvisa,Babblarna,13,5,193
2026-07-11,1,Det Ligger Nat I Luften,Bolaget,1,1,4
2026-07-11,2,Djurens Vaggvisa,Humlan Djojj,4,1,151
2026-07-11,3,Dai Dai (FIFA World Cup Official Song 2026),Shakira X Burna Boy,5,3,3
2026-07-11,4,Nar Vi Graver Guld I USA,Glenmark Eriksson Stromstedt,2,2,6
2026-07-11,5,Vi Ar Gul Och Bla,EDI'VIBZ,7,5,3
2026-07-11,6,Kanna Pa,De Vet Du & Gula Vaggen,8,6,2
2026-07-11,7,Pile,Mauvais djo,12,7,3
2026-07-11,8,Nar Vi Graver Guld I USA,"Glenmark, Tjuvjakt & Stromstedt",3,1,5
2026-07-11,9,Atom,Lovet & Victor Leksell,13,2,5
2026-07-11,10,Nar Vi Letar Man I USA,Hanna Friberg,18,10,5
2026-07-11,11,All In For Sverige (VM-Lat 2026),Brandsta City Slackers,10,3,7
2026-07-11,12,Lush Life,Zara Larsson,11,3,29
2026-07-11,13,Midnight Sun,Zara Larsson,9,2,43
2026-07-11,14,Babblarnas Vaggvisa,Babblarna,25,5,194
2026-07-11,15,Somna,Humlan Djojj,-,11,51
2026-07-11,16,Billie Jean,Michael Jackson,22,6,9
2026-07-11,17,Stjarnorna,Humlan Djojj,-,10,45
2026-07-11,18,Handerna Mot Himlen,Petra Marklund,6,6,4
2026-07-11,19,Humlehum,Humlan Djojj,-,14,21
2026-07-11,20,Tomma Glas,Malik Dalasi Featuring Molly Sanden & Dante,-,10,2
2026-07-11,21,Tusen Spann,Tjuvjakt & Fanny Avonne,-,1,37
2026-07-11,22,Nu Sager Vi Godnatt,Humlan Djojj,-,16,21
2026-07-11,23,Valkommen In,Veronica Maggio,15,5,12
2026-07-11,24,Beauty And A Beat,Justin Bieber Featuring Nicki Minaj,-,1,10
2026-07-11,25,Svagare An Jag,Ida-Lova,-,2,29
2026-07-18,1,Djurens Vaggvisa,Humlan Djojj,2,1,152
2026-07-18,2,Dai Dai (FIFA World Cup Official Song 2026),Shakira X Burna Boy,3,2,4
2026-07-18,3,Pile,Mauvais djo,7,3,4
2026-07-18,4,Det Ligger Nat I Luften,Bolaget,1,1,5
2026-07-18,5,Babblarnas Vaggvisa,Babblarna,14,5,195
2026-07-18,6,Lush Life,Zara Larsson,12,3,30
2026-07-18,7,Atom,Lovet & Victor Leksell,9,2,6
2026-07-18,8,Midnight Sun,Zara Larsson,13,2,44
2026-07-18,9,Nar Vi Graver Guld I USA,"Glenmark, Tjuvjakt & Stromstedt",8,1,6
2026-07-18,10,Somna,Humlan Djojj,15,10,52
2026-07-18,11,Nar Vi Graver Guld I USA,Glenmark Eriksson Stromstedt,4,2,7
2026-07-18,12,Stjarnorna,Humlan Djojj,17,10,46
2026-07-18,13,Billie Jean,Michael Jackson,16,6,10
2026-07-18,14,Vi Ar Gul Och Bla,EDI'VIBZ,5,5,4
2026-07-18,15,Humlehum,Humlan Djojj,19,14,22
2026-07-18,16,All In For Sverige (VM-Lat 2026),Brandsta City Slackers,11,3,8
2026-07-18,17,Ordinary,Alex Warren,-,2,62
2026-07-18,18,Nu Sager Vi Godnatt,Humlan Djojj,22,16,22
2026-07-18,19,Tusen Spann,Tjuvjakt & Fanny Avonne,21,1,38
2026-07-18,20,Handerna Mot Himlen,Petra Marklund,18,6,5
2026-07-18,21,Hate That I Made You Love Me,Ariana Grande,-,11,4
2026-07-18,22,Kan Inte Ga,Bolaget,-,1,107
2026-07-18,23,Beauty And A Beat,Justin Bieber Featuring Nicki Minaj,24,1,11
2026-07-18,24,Godnattvisan,Humlan Djojj,-,22,3
2026-07-18,25,Svagare An Jag,Ida-Lova,25,2,30
2026-07-25,1,Djurens Vaggvisa,Humlan Djojj,1,1,153
2026-07-25,2,Dai Dai (FIFA World Cup Official Song 2026),Shakira X Burna Boy,2,2,5
2026-07-25,3,Kygo Jo (Kygo Remix),Flow Kingz & JMK Featuring Lyng,-,3,1
2026-07-25,4,Pile,Mauvais djo,3,3,5
2026-07-25,5,Det Ligger Nat I Luften,Bolaget,4,1,6
2026-07-25,6,Wonderwall,Oasis,-,6,1
2026-07-25,7,Midnight Sun,Zara Larsson,8,2,45
2026-07-25,8,Babblarnas Vaggvisa,Babblarna,5,5,196
2026-07-25,9,Lush Life,Zara Larsson,6,3,31
2026-07-25,10,DTMF,Bad Bunny,-,8,5
2026-07-25,11,Atom,Lovet & Victor Leksell,7,2,7
2026-07-25,12,Stjarnorna,Humlan Djojj,12,10,47
2026-07-25,13,Somna,Humlan Djojj,10,10,53
2026-07-25,14,Humlehum,Humlan Djojj,15,14,23
2026-07-25,15,Nar Vi Graver Guld I USA,"Glenmark, Tjuvjakt & Stromstedt",9,1,7
2026-07-25,16,Nar Vi Graver Guld I USA,Glenmark Eriksson Stromstedt,11,2,8
2026-07-25,17,Billie Jean,Michael Jackson,13,6,11
2026-07-25,18,Nuevayol,Bad Bunny,-,18,2
2026-07-25,19,Handerna Mot Himlen,Petra Marklund,20,6,6
2026-07-25,20,Sunnanvind,Mares,-,5,22
2026-07-25,21,Nu Sager Vi Godnatt,Humlan Djojj,18,16,23
2026-07-25,22,Baile Inolvidable,Bad Bunny,-,22,1
2026-07-25,23,Tusen Spann,Tjuvjakt & Fanny Avonne,19,1,39
2026-07-25,24,Titi Me Pregunto,Bad Bunny,-,21,2
2026-07-25,25,Hate That I Made You Love Me,Ariana Grande,21,11,5
2026-08-01,1,Dai Dai (FIFA World Cup Official Song 2026),Shakira X Burna Boy,2,1,6
2026-08-01,2,Djurens Vaggvisa,Humlan Djojj,1,1,154
2026-08-01,3,Pile,Mauvais djo,4,3,6
2026-08-01,4,Wonderwall,Oasis,6,4,2
2026-08-01,5,Babblarnas Vaggvisa,Babblarna,8,5,197
2026-08-01,6,Stjarnorna,Humlan Djojj,12,6,48
2026-08-01,7,Kygo Jo (Kygo Remix),Flow Kingz & JMK Featuring Lyng,3,3,2
2026-08-01,8,Somna,Humlan Djojj,13,8,54
2026-08-01,9,Lush Life,Zara Larsson,9,3,32
2026-08-01,10,Midnight Sun,Zara Larsson,7,2,46
2026-08-01,11,Humlehum,Humlan Djojj,14,11,24
2026-08-01,12,Det Ligger Nat I Luften,Bolaget,5,1,7
2026-08-01,13,Atom,Lovet & Victor Leksell,11,2,8
2026-08-01,14,Nu Sager Vi Godnatt,Humlan Djojj,21,14,24
2026-08-01,15,Billie Jean,Michael Jackson,17,6,12
2026-08-01,16,Great Expectation,Sienna Spiro,-,16,1
2026-08-01,17,Choosin' Texas,Ella Langley,-,17,1
2026-08-01,18,Beauty And A Beat,Justin Bieber Featuring Nicki Minaj,-,1,12
2026-08-01,19,Godnattvisan,Humlan Djojj,-,19,4
2026-08-01,20,Ordinary,Alex Warren,-,2,63
2026-08-01,21,Hate That I Made You Love Me,Ariana Grande,25,11,6
2026-08-01,22,Iris,Goo Goo Dolls,-,18,7
2026-08-01,23,Sunnanvind,Mares,20,5,23
2026-08-01,24,Nar Vi Graver Guld I USA,"Glenmark, Tjuvjakt & Stromstedt",15,1,8
2026-08-01,25,Dracula,Tame Impala & JENNIE,-,5,14
2026-08-08,1,Dai Dai (FIFA World Cup Official Song 2026),Shakira X Burna Boy,1,1,7
2026-08-08,2,Djurens Vaggvisa,Humlan Djojj,2,1,155
2026-08-08,3,Pile,Mauvais djo,3,3,7
2026-08-08,4,Babblarnas Vaggvisa,Babblarna,5,4,198
2026-08-08,5,Wonderwall,Oasis,4,4,3
2026-08-08,6,Stjarnorna,Humlan Djojj,6,6,49
2026-08-08,7,Somna,Humlan Djojj,8,7,55
2026-08-08,8,Great Expectation,Sienna Spiro,16,8,2
2026-08-08,9,Humlehum,Humlan Djojj,11,9,25
2026-08-08,10,Lush Life,Zara Larsson,9,3,33
2026-08-08,11,Midnight Sun,Zara Larsson,10,2,47
2026-08-08,12,Olyckligt Kar,Alex,-,12,1
2026-08-08,13,Nu Sager Vi Godnatt,Humlan Djojj,14,13,25
2026-08-08,14,Atom,Lovet & Victor Leksell,13,2,9
2026-08-08,15,Billie Jean,Michael Jackson,15,6,13
2026-08-08,16,Det Ligger Nat I Luften,Bolaget,12,1,8
2026-08-08,17,Choosin' Texas,Ella Langley,17,17,2
2026-08-08,18,Beauty And A Beat,Justin Bieber Featuring Nicki Minaj,18,1,13
2026-08-08,19,Godnattvisan,Humlan Djojj,19,19,5
2026-08-08,20,Ordinary,Alex Warren,20,2,64
2026-08-08,21,Tusen Spann,Tjuvjakt & Fanny Avonne,-,1,40
2026-08-08,22,Kygo Jo (Kygo Remix),Flow Kingz & JMK Featuring Lyng,7,3,3
2026-08-08,23,Hate That I Made You Love Me,Ariana Grande,21,11,7
2026-08-08,24,Sunnanvind,Mares,23,5,24
2026-08-08,25,Iris,Goo Goo Dolls,22,18,8
2026-08-15,1,Djurens Vaggvisa,Humlan Djojj,2,1,156
2026-08-15,2,Dai Dai (FIFA World Cup Official Song 2026),Shakira X Burna Boy,1,1,8
2026-08-15,3,Matadoren,Yasin,-,3,1
2026-08-15,4,Olyckligt Kar,Alex,12,4,2
2026-08-15,5,Great Expectation,Sienna Spiro,8,5,3
2026-08-15,6,Babblarnas Vaggvisa,Babblarna,4,4,199
2026-08-15,7,Stjarnorna,Humlan Djojj,6,6,50
2026-08-15,8,Pile,Mauvais djo,3,3,8
2026-08-15,9,Somna,Humlan Djojj,7,7,56
2026-08-15,10,Humlehum,Humlan Djojj,9,9,26
2026-08-15,11,Wonderwall,Oasis,5,4,4
2026-08-15,12,Midnight Sun,Zara Larsson,11,2,48
2026-08-15,13,Hate That I Made You Love Me,Ariana Grande,23,11,8
2026-08-15,14,Lush Life,Zara Larsson,10,3,34
2026-08-15,15,Atom,Lovet & Victor Leksell,14,2,10
2026-08-15,16,Nu Sager Vi Godnatt,Humlan Djojj,13,13,26
2026-08-15,17,Slickar Pa Snoret,Rok Liza,-,17,1
2026-08-15,18,Godnattvisan,Humlan Djojj,19,18,6
2026-08-15,19,Choosin' Texas,Ella Langley,17,17,3
2026-08-15,20,Petal,Ariana Grande,-,20,1
2026-08-15,21,Billie Jean,Michael Jackson,15,6,14
2026-08-15,22,Iris,Goo Goo Dolls,25,18,9
2026-08-15,23,Happiness Is So Sad,Swedish House Mafia & Lykke Li,-,23,1
2026-08-15,24,Det Ligger Nat I Luften,Bolaget,16,1,9
2026-08-15,25,Ordinary,Alex Warren,20,2,65
