Date,Rank,Song,Artist,Last Week,Peak Position,Weeks on Chart
2022-02-19,1,Salincak,Mustafa Ceceli & Nigar Muharrem,-,1,1
2022-02-19,2,Paparazzi,UZI,-,2,1
2022-02-19,3,Affettim,Sefo,-,3,1
2022-02-19,4,Duser Aklima,Semicenk,-,4,1
2022-02-19,5,Ariyorum,EDIS,-,5,1
2022-02-19,6,10 Numara,Lvbel C5,-,6,1
2022-02-19,7,Icime Ata Ata,"Burak Bulut, Ebru Yasar & Kurtulus Kus",-,7,1
2022-02-19,8,Kul,Mark Eliyahu & Cem Adrian,-,8,1
2022-02-19,9,Ferhat Yilmaz,Ben Fero,-,9,1
2022-02-19,10,Cindy,UZI,-,10,1
2022-02-19,11,Yallah,"Montiego, Lvbel C5 & Batuflex",-,11,1
2022-02-19,12,Hayrola,Artz & Bugy x Ezhel,-,12,1
2022-02-19,13,Bilmem Mi?,Sefo,-,13,1
2022-02-19,14,Umrumda Degil,UZI,-,14,1
2022-02-19,15,Kor,Emir Can Igrek,-,15,1
2022-02-19,16,Seni Dert Etmeler,Deeperise X Madrigal,-,16,1
2022-02-19,17,Baba,Ayaz Erdogan Featuring Mengelez,-,17,1
2022-02-19,18,ralli,Lvbel C5 & Batuflex,-,18,1
2022-02-19,19,Gamzedeyim Deva Bulmam,Dedubluman & Cagri Celik,-,19,1
2022-02-19,20,Antrikot,Cakal,-,20,1
2022-02-19,21,Uzunlar (V1),Evdeki Saat,-,21,1
2022-02-19,22,Middle Of The Night,Elley Duhe,-,22,1
2022-02-19,23,Sen Varsin Diye,Yuzyuzeyken Konusuruz,-,23,1
2022-02-19,24,Enemy,Imagine Dragons X JID,-,24,1
2022-02-19,25,Makina,UZI,-,25,1
2022-02-26,1,Salincak,Mustafa Ceceli & Nigar Muharrem,1,1,2
2022-02-26,2,Affettim,Sefo,3,2,2
2022-02-26,3,Aglattin,Ezhel,-,3,1
2022-02-26,4,Paparazzi,UZI,2,2,2
2022-02-26,5,Yallah,"Montiego, Lvbel C5 & Batuflex",11,5,2
2022-02-26,6,Duser Aklima,Semicenk,4,4,2
2022-02-26,7,Benimle Gel,Reckol & Cakal,-,7,1
2022-02-26,8,Ariyorum,EDIS,5,5,2
2022-02-26,9,Ferhat Yilmaz,Ben Fero,9,9,2
2022-02-26,10,Hasat,Kurtulus Kus & Burak Bulut,-,10,1
2022-02-26,11,10 Numara,Lvbel C5,6,6,2
2022-02-26,12,Icime Ata Ata,"Burak Bulut, Ebru Yasar & Kurtulus Kus",7,7,2
2022-02-26,13,Bilmem Mi?,Sefo,13,13,2
2022-02-26,14,Kul,Mark Eliyahu & Cem Adrian,8,8,2
2022-02-26,15,Cindy,UZI,10,10,2
2022-02-26,16,Hayrola,Artz & Bugy x Ezhel,12,12,2
2022-02-26,17,Umrumda Degil,UZI,14,14,2
2022-02-26,18,Seni Dert Etmeler,Deeperise X Madrigal,16,16,2
2022-02-26,19,Kor,Emir Can Igrek,15,15,2
2022-02-26,20,Baba,Ayaz Erdogan Featuring Mengelez,17,17,2
2022-02-26,21,ralli,Lvbel C5 & Batuflex,18,18,2
2022-02-26,22,Sonsuza Dek,Ebru Gundes & Murat Boz,-,22,1
2022-02-26,23,Ne Ay Geceden,Sezer Sarigoz,-,23,1
2022-02-26,24,Antrikot,Cakal,20,20,2
2022-02-26,25,Uzunlar (V1),Evdeki Saat,21,21,2
2022-03-05,1,Geccek,Tarkan,-,1,1
2022-03-05,2,Affettim,Sefo,2,2,3
2022-03-05,3,Salincak,Mustafa Ceceli & Nigar Muharrem,1,1,3
2022-03-05,4,Paparazzi,UZI,4,2,3
2022-03-05,5,Yallah,"Montiego, Lvbel C5 & Batuflex",5,5,3
2022-03-05,6,Duser Aklima,Semicenk,6,4,3
2022-03-05,7,Aglattin,Ezhel,3,3,2
2022-03-05,8,Ariyorum,EDIS,8,5,3
2022-03-05,9,Benimle Gel,Reckol & Cakal,7,7,2
2022-03-05,10,Ferhat Yilmaz,Ben Fero,9,9,3
2022-03-05,11,10 Numara,Lvbel C5,11,6,3
2022-03-05,12,Bilmem Mi?,Sefo,13,12,3
2022-03-05,13,Icime Ata Ata,"Burak Bulut, Ebru Yasar & Kurtulus Kus",12,7,3
2022-03-05,14,Hasat,Kurtulus Kus & Burak Bulut,10,10,2
2022-03-05,15,Cindy,UZI,15,10,3
2022-03-05,16,Kul,Mark Eliyahu & Cem Adrian,14,8,3
2022-03-05,17,Hayrola,Artz & Bugy x Ezhel,16,12,3
2022-03-05,18,Ne Ay Geceden,Sezer Sarigoz,23,18,2
2022-03-05,19,Seni Dert Etmeler,Deeperise X Madrigal,18,16,3
2022-03-05,20,Umrumda Degil,UZI,17,14,3
2022-03-05,21,Kor,Emir Can Igrek,19,15,3
2022-03-05,22,Baba,Ayaz Erdogan Featuring Mengelez,20,17,3
2022-03-05,23,Paranoya,Batuflex & Lvbel C5,-,23,1
2022-03-05,24,ralli,Lvbel C5 & Batuflex,21,18,3
2022-03-05,25,Uzunlar (V1),Evdeki Saat,25,21,3
2022-03-12,1,Salincak,Mustafa Ceceli & Nigar Muharrem,3,1,4
2022-03-12,2,Yallah,"Montiego, Lvbel C5 & Batuflex",5,2,4
2022-03-12,3,Geccek,Tarkan,1,1,2
2022-03-12,4,Affettim,Sefo,2,2,4
2022-03-12,5,Paparazzi,UZI,4,2,4
2022-03-12,6,Duser Aklima,Semicenk,6,4,4
2022-03-12,7,Ariyorum,EDIS,8,5,4
2022-03-12,8,Ferhat Yilmaz,Ben Fero,10,8,4
2022-03-12,9,Aglattin,Ezhel,7,3,3
2022-03-12,10,Benimle Gel,Reckol & Cakal,9,7,3
2022-03-12,11,10 Numara,Lvbel C5,11,6,4
2022-03-12,12,Bilmem Mi?,Sefo,12,12,4
2022-03-12,13,Cindy,UZI,15,10,4
2022-03-12,14,Kul,Mark Eliyahu & Cem Adrian,16,8,4
2022-03-12,15,Seni Dert Etmeler,Deeperise X Madrigal,19,15,4
2022-03-12,16,Icime Ata Ata,"Burak Bulut, Ebru Yasar & Kurtulus Kus",13,7,4
2022-03-12,17,Ne Ay Geceden,Sezer Sarigoz,18,17,3
2022-03-12,18,Hayrola,Artz & Bugy x Ezhel,17,12,4
2022-03-12,19,Umrumda Degil,UZI,20,14,4
2022-03-12,20,Hasat,Kurtulus Kus & Burak Bulut,14,10,3
2022-03-12,21,Gozler Yalan Soylemez,Organize,-,21,1
2022-03-12,22,Kor,Emir Can Igrek,21,15,4
2022-03-12,23,Baba,Ayaz Erdogan Featuring Mengelez,22,17,4
2022-03-12,24,ralli,Lvbel C5 & Batuflex,24,18,4
2022-03-12,25,Uzunlar (V1),Evdeki Saat,25,21,4
2022-03-19,1,Salincak,Mustafa Ceceli & Nigar Muharrem,1,1,5
2022-03-19,2,Yallah,"Montiego, Lvbel C5 & Batuflex",2,2,5
2022-03-19,3,Paparazzi,UZI,5,2,5
2022-03-19,4,Affettim,Sefo,4,2,5
2022-03-19,5,Duser Aklima,Semicenk,6,4,5
2022-03-19,6,Geccek,Tarkan,3,1,3
2022-03-19,7,Es Deli Deli,Kurtulus Kus & Burak Bulut,-,7,1
2022-03-19,8,Felfena,Emir Can Igrek,-,8,1
2022-03-19,9,Ariyorum,EDIS,7,5,5
2022-03-19,10,Sen Affetsen,Bergen,-,10,1
2022-03-19,11,Ferhat Yilmaz,Ben Fero,8,8,5
2022-03-19,12,Benimle Gel,Reckol & Cakal,10,7,4
2022-03-19,13,10 Numara,Lvbel C5,11,6,5
2022-03-19,14,Altipatlar,Reckol & Cakal & Kei$an,-,14,1
2022-03-19,15,Aglattin,Ezhel,9,3,4
2022-03-19,16,Bilmem Mi?,Sefo,12,12,5
2022-03-19,17,Seni Dert Etmeler,Deeperise X Madrigal,15,15,5
2022-03-19,18,Ne Ay Geceden,Sezer Sarigoz,17,17,4
2022-03-19,19,Kul,Mark Eliyahu & Cem Adrian,14,8,5
2022-03-19,20,Cindy,UZI,13,10,5
2022-03-19,21,Icime Ata Ata,"Burak Bulut, Ebru Yasar & Kurtulus Kus",16,7,5
2022-03-19,22,Umrumda Degil,UZI,19,14,5
2022-03-19,23,Kor,Emir Can Igrek,22,15,5
2022-03-19,24,Hayrola,Artz & Bugy x Ezhel,18,12,5
2022-03-19,25,Uzunlar (V1),Evdeki Saat,25,21,5
2022-03-26,1,Leylim Yar,Canbay x Wolker,-,1,1
2022-03-26,2,Sen Affetsen,Bergen,10,2,2
2022-03-26,3,Paparazzi,UZI,3,2,6
2022-03-26,4,Salincak,Mustafa Ceceli & Nigar Muharrem,1,1,6
2022-03-26,5,Affettim,Sefo,4,2,6
2022-03-26,6,Duser Aklima,Semicenk,5,4,6
2022-03-26,7,Yallah,"Montiego, Lvbel C5 & Batuflex",2,2,6
2022-03-26,8,Lolipop,Gulsen,-,8,1
2022-03-26,9,Es Deli Deli,Kurtulus Kus & Burak Bulut,7,7,2
2022-03-26,10,Insan Dertli Olunca,Bergen,-,10,1
2022-03-26,11,Geccek,Tarkan,6,1,4
2022-03-26,12,Benim Icin Uzulme,Bergen,-,12,1
2022-03-26,13,Ariyorum,EDIS,9,5,6
2022-03-26,14,Kul,Mark Eliyahu & Cem Adrian,19,8,6
2022-03-26,15,Benimle Gel,Reckol & Cakal,12,7,5
2022-03-26,16,10 Numara,Lvbel C5,13,6,6
2022-03-26,17,Ferhat Yilmaz,Ben Fero,11,8,6
2022-03-26,18,Bilmem Mi?,Sefo,16,12,6
2022-03-26,19,Elimde Fotografin,Bergen,-,19,1
2022-03-26,20,Seni Dert Etmeler,Deeperise X Madrigal,17,15,6
2022-03-26,21,Ne Ay Geceden,Sezer Sarigoz,18,17,5
2022-03-26,22,Aglattin,Ezhel,15,3,5
2022-03-26,23,Yaralarini Ben Sarayim,Berk Baysal,-,23,1
2022-03-26,24,Cindy,UZI,20,10,6
2022-03-26,25,Umrumda Degil,UZI,22,14,6
2022-04-02,1,Arasan Da,UZI,-,1,1
2022-04-02,2,Leylim Yar,Canbay x Wolker,1,1,2
2022-04-02,3,Gelmezsen Gelme,Lvbel C5,-,3,1
2022-04-02,4,Gonder Gelsin,Lvbel C5 & Batuflex,-,4,1
2022-04-02,5,Paparazzi,UZI,3,2,7
2022-04-02,6,Affettim,Sefo,5,2,7
2022-04-02,7,Duser Aklima,Semicenk,6,4,7
2022-04-02,8,Salincak,Mustafa Ceceli & Nigar Muharrem,4,1,7
2022-04-02,9,Yallah,"Montiego, Lvbel C5 & Batuflex",7,2,7
2022-04-02,10,Sen Affetsen,Bergen,2,2,3
2022-04-02,11,Benimle Gel,Reckol & Cakal,15,7,6
2022-04-02,12,Yapamam,Lvbel C5,-,12,1
2022-04-02,13,Ariyorum,EDIS,13,5,7
2022-04-02,14,10 Numara,Lvbel C5,16,6,7
2022-04-02,15,Cindy,UZI,24,10,7
2022-04-02,16,Seni Dert Etmeler,Deeperise X Madrigal,20,15,7
2022-04-02,17,Bilmem Mi?,Sefo,18,12,7
2022-04-02,18,Kul,Mark Eliyahu & Cem Adrian,14,8,7
2022-04-02,19,Umrumda Degil,UZI,25,14,7
2022-04-02,20,Benim Icin Uzulme,Bergen,12,12,2
2022-04-02,21,Es Deli Deli,Kurtulus Kus & Burak Bulut,9,7,3
2022-04-02,22,Insan Dertli Olunca,Bergen,10,10,2
2022-04-02,23,Geccek,Tarkan,11,1,5
2022-04-02,24,Ferhat Yilmaz,Ben Fero,17,8,7
2022-04-02,25,Ne Ay Geceden,Sezer Sarigoz,21,17,6
2022-04-09,1,Arasan Da,UZI,1,1,2
2022-04-09,2,Leylim Yar,Canbay x Wolker,2,1,3
2022-04-09,3,Gelmezsen Gelme,Lvbel C5,3,3,2
2022-04-09,4,Paparazzi,UZI,5,2,8
2022-04-09,5,Affettim,Sefo,6,2,8
2022-04-09,6,Salincak,Mustafa Ceceli & Nigar Muharrem,8,1,8
2022-04-09,7,Duser Aklima,Semicenk,7,4,8
2022-04-09,8,Gonder Gelsin,Lvbel C5 & Batuflex,4,4,2
2022-04-09,9,Yallah,"Montiego, Lvbel C5 & Batuflex",9,2,8
2022-04-09,10,Hep Mi Ben,Ayaz Erdogan,-,10,1
2022-04-09,11,Ariyorum,EDIS,13,5,8
2022-04-09,12,Benimle Gel,Reckol & Cakal,11,7,7
2022-04-09,13,Yara,Kalben,-,13,1
2022-04-09,14,10 Numara,Lvbel C5,14,6,8
2022-04-09,15,Umrumda Degil,UZI,19,14,8
2022-04-09,16,Bilmem Mi?,Sefo,17,12,8
2022-04-09,17,Seni Dert Etmeler,Deeperise X Madrigal,16,15,8
2022-04-09,18,Cindy,UZI,15,10,8
2022-04-09,19,Sen Affetsen,Bergen,10,2,4
2022-04-09,20,Es Deli Deli,Kurtulus Kus & Burak Bulut,21,7,4
2022-04-09,21,Kul,Mark Eliyahu & Cem Adrian,18,8,8
2022-04-09,22,Geccek,Tarkan,23,1,6
2022-04-09,23,Ferhat Yilmaz,Ben Fero,24,8,8
2022-04-09,24,Ne Ay Geceden,Sezer Sarigoz,25,17,7
2022-04-09,25,Gokyuzunu Tutamam,Can Koc,-,25,1
2022-04-16,1,Arasan Da,UZI,1,1,3
2022-04-16,2,Leylim Yar,Canbay x Wolker,2,1,4
2022-04-16,3,Gelmezsen Gelme,Lvbel C5,3,3,3
2022-04-16,4,Paparazzi,UZI,4,2,9
2022-04-16,5,Feragat,Reckol & BEGE,-,5,1
2022-04-16,6,Hep Mi Ben,Ayaz Erdogan,10,6,2
2022-04-16,7,Affettim,Sefo,5,2,9
2022-04-16,8,Duser Aklima,Semicenk,7,4,9
2022-04-16,9,Yara,Kalben,13,9,2
2022-04-16,10,Salincak,Mustafa Ceceli & Nigar Muharrem,6,1,9
2022-04-16,11,Yallah,"Montiego, Lvbel C5 & Batuflex",9,2,9
2022-04-16,12,Gonder Gelsin,Lvbel C5 & Batuflex,8,4,3
2022-04-16,13,Ariyorum,EDIS,11,5,9
2022-04-16,14,Benimle Gel,Reckol & Cakal,12,7,8
2022-04-16,15,Umrumda Degil,UZI,15,14,9
2022-04-16,16,Gokyuzunu Tutamam,Can Koc,25,16,2
2022-04-16,17,10 Numara,Lvbel C5,14,6,9
2022-04-16,18,Seni Dert Etmeler,Deeperise X Madrigal,17,15,9
2022-04-16,19,Bilmem Mi?,Sefo,16,12,9
2022-04-16,20,Festival,Ati242 & Organize,-,20,1
2022-04-16,21,Cindy,UZI,18,10,9
2022-04-16,22,Yaralarini Ben Sarayim,Berk Baysal,-,22,2
2022-04-16,23,As It Was,Harry Styles,-,23,1
2022-04-16,24,Kul,Mark Eliyahu & Cem Adrian,21,8,9
2022-04-16,25,Anla,Diyar Pala,-,25,1
2022-04-23,1,Arasan Da,UZI,1,1,4
2022-04-23,2,Leylim Yar,Canbay x Wolker,2,1,5
2022-04-23,3,Gelmezsen Gelme,Lvbel C5,3,3,4
2022-04-23,4,Paparazzi,UZI,4,2,10
2022-04-23,5,Hep Mi Ben,Ayaz Erdogan,6,5,3
2022-04-23,6,Yarim Kalir,Sefo & Revart,-,6,1
2022-04-23,7,Yara,Kalben,9,7,3
2022-04-23,8,Gokyuzunu Tutamam,Can Koc,16,8,3
2022-04-23,9,Affettim,Sefo,7,2,10
2022-04-23,10,Duser Aklima,Semicenk,8,4,10
2022-04-23,11,Feragat,Reckol & BEGE,5,5,2
2022-04-23,12,Salincak,Mustafa Ceceli & Nigar Muharrem,10,1,10
2022-04-23,13,Ariyorum,EDIS,13,5,10
2022-04-23,14,Al Sevgilim,Semicenk & Funda Arar,-,14,1
2022-04-23,15,Yallah,"Montiego, Lvbel C5 & Batuflex",11,2,10
2022-04-23,16,Birader,Heijan & Muti,-,16,1
2022-04-23,17,Benimle Gel,Reckol & Cakal,14,7,9
2022-04-23,18,Umrumda Degil,UZI,15,14,10
2022-04-23,19,Gonder Gelsin,Lvbel C5 & Batuflex,12,4,4
2022-04-23,20,Bilmem Mi?,Sefo,19,12,10
2022-04-23,21,Seni Dert Etmeler,Deeperise X Madrigal,18,15,10
2022-04-23,22,10 Numara,Lvbel C5,17,6,10
2022-04-23,23,Cindy,UZI,21,10,10
2022-04-23,24,Unutmak Istiyorum,Ufuk Caliskan,-,24,1
2022-04-23,25,Anla,Diyar Pala,25,25,2
2022-04-30,1,Imdat,Cakal,-,1,1
2022-04-30,2,Arasan Da,UZI,1,1,5
2022-04-30,3,Al Sevgilim,Semicenk & Funda Arar,14,3,2
2022-04-30,4,Leylim Yar,Canbay x Wolker,2,1,6
2022-04-30,5,Hep Mi Ben,Ayaz Erdogan,5,5,4
2022-04-30,6,Paparazzi,UZI,4,2,11
2022-04-30,7,Gelmezsen Gelme,Lvbel C5,3,3,5
2022-04-30,8,Yarim Kalir,Sefo & Revart,6,6,2
2022-04-30,9,Gokyuzunu Tutamam,Can Koc,8,8,4
2022-04-30,10,Birader,Heijan & Muti,16,10,2
2022-04-30,11,Duser Aklima,Semicenk,10,4,11
2022-04-30,12,Yara,Kalben,7,7,4
2022-04-30,13,Affettim,Sefo,9,2,11
2022-04-30,14,Feragat,Reckol & BEGE,11,5,3
2022-04-30,15,Mahser,Gokhan Turkmen,-,15,1
2022-04-30,16,Take It Or Leave It,Aleyna Tilki,-,16,1
2022-04-30,17,Salincak,Mustafa Ceceli & Nigar Muharrem,12,1,11
2022-04-30,18,Ariyorum,EDIS,13,5,11
2022-04-30,19,Benimle Gel,Reckol & Cakal,17,7,10
2022-04-30,20,Seni Dert Etmeler,Deeperise X Madrigal,21,15,11
2022-04-30,21,Umrumda Degil,UZI,18,14,11
2022-04-30,22,Bilmem Mi?,Sefo,20,12,11
2022-04-30,23,Yallah,"Montiego, Lvbel C5 & Batuflex",15,2,11
2022-04-30,24,Gonder Gelsin,Lvbel C5 & Batuflex,19,4,5
2022-04-30,25,10 Numara,Lvbel C5,22,6,11
2022-05-07,1,Imdat,Cakal,1,1,2
2022-05-07,2,Al Sevgilim,Semicenk & Funda Arar,3,2,3
2022-05-07,3,Arasan Da,UZI,2,1,6
2022-05-07,4,Leylim Yar,Canbay x Wolker,4,1,7
2022-05-07,5,Hep Mi Ben,Ayaz Erdogan,5,5,5
2022-05-07,6,Paparazzi,UZI,6,2,12
2022-05-07,7,Gelmezsen Gelme,Lvbel C5,7,3,6
2022-05-07,8,Birader,Heijan & Muti,10,8,3
2022-05-07,9,Yarim Kalir,Sefo & Revart,8,6,3
2022-05-07,10,Gokyuzunu Tutamam,Can Koc,9,8,5
2022-05-07,11,Mahser,Gokhan Turkmen,15,11,2
2022-05-07,12,Duser Aklima,Semicenk,11,4,12
2022-05-07,13,Affettim,Sefo,13,2,12
2022-05-07,14,Yara,Kalben,12,7,5
2022-05-07,15,Salincak,Mustafa Ceceli & Nigar Muharrem,17,1,12
2022-05-07,16,Ariyorum,EDIS,18,5,12
2022-05-07,17,Benimle Gel,Reckol & Cakal,19,7,11
2022-05-07,18,Feragat,Reckol & BEGE,14,5,4
2022-05-07,19,Eva & Mia,GOKO!,-,19,1
2022-05-07,20,Umrumda Degil,UZI,21,14,12
2022-05-07,21,Gonder Gelsin,Lvbel C5 & Batuflex,24,4,6
2022-05-07,22,Seni Dert Etmeler,Deeperise X Madrigal,20,15,12
2022-05-07,23,Bilmem Mi?,Sefo,22,12,12
2022-05-07,24,Yallah,"Montiego, Lvbel C5 & Batuflex",23,2,12
2022-05-07,25,Bonita,Sefo & Reynmen,-,25,1
2022-05-14,1,Imdat,Cakal,1,1,3
2022-05-14,2,Al Sevgilim,Semicenk & Funda Arar,2,2,4
2022-05-14,3,Arasan Da,UZI,3,1,7
2022-05-14,4,Leylim Yar,Canbay x Wolker,4,1,8
2022-05-14,5,Tutsak,Sefo,-,5,1
2022-05-14,6,Paparazzi,UZI,6,2,13
2022-05-14,7,Hep Mi Ben,Ayaz Erdogan,5,5,6
2022-05-14,8,Canima Minnet,Sakiler,-,8,1
2022-05-14,9,Gelmezsen Gelme,Lvbel C5,7,3,7
2022-05-14,10,Gokyuzunu Tutamam,Can Koc,10,8,6
2022-05-14,11,Yarim Kalir,Sefo & Revart,9,6,4
2022-05-14,12,Duser Aklima,Semicenk,12,4,13
2022-05-14,13,Mahser,Gokhan Turkmen,11,11,3
2022-05-14,14,Affettim,Sefo,13,2,13
2022-05-14,15,Daima,Ezhel,-,15,1
2022-05-14,16,Eva & Mia,GOKO!,19,16,2
2022-05-14,17,Birader,Heijan & Muti,8,8,4
2022-05-14,18,Salincak,Mustafa Ceceli & Nigar Muharrem,15,1,13
2022-05-14,19,Yara,Kalben,14,7,6
2022-05-14,20,Ariyorum,EDIS,16,5,13
2022-05-14,21,Bilmem Mi?,Sefo,23,12,13
2022-05-14,22,KAR,Motive,-,22,1
2022-05-14,23,Bonita,Sefo & Reynmen,25,23,2
2022-05-14,24,Seni Dert Etmeler,Deeperise X Madrigal,22,15,13
2022-05-14,25,Benimle Gel,Reckol & Cakal,17,7,12
2022-05-21,1,Imdat,Cakal,1,1,4
2022-05-21,2,Al Sevgilim,Semicenk & Funda Arar,2,2,5
2022-05-21,3,Arasan Da,UZI,3,1,8
2022-05-21,4,Tutsak,Sefo,5,4,2
2022-05-21,5,Leylim Yar,Canbay x Wolker,4,1,9
2022-05-21,6,Canima Minnet,Sakiler,8,6,2
2022-05-21,7,Para,UZI X Montiego,-,7,1
2022-05-21,8,Hep Mi Ben,Ayaz Erdogan,7,5,7
2022-05-21,9,Paparazzi,UZI,6,2,14
2022-05-21,10,Gokyuzunu Tutamam,Can Koc,10,8,7
2022-05-21,11,Mahser,Gokhan Turkmen,13,11,4
2022-05-21,12,Birader,Heijan & Muti,17,8,5
2022-05-21,13,Duser Aklima,Semicenk,12,4,14
2022-05-21,14,Yarim Kalir,Sefo & Revart,11,6,5
2022-05-21,15,Gelmezsen Gelme,Lvbel C5,9,3,8
2022-05-21,16,Bal,Zehra & Bilal Hanci,-,16,1
2022-05-21,17,Affettim,Sefo,14,2,14
2022-05-21,18,Daima,Ezhel,15,15,2
2022-05-21,19,Eva & Mia,GOKO!,16,16,3
2022-05-21,20,Bi Tek Ben Anlarim,KOFN,-,20,1
2022-05-21,21,Salincak,Mustafa Ceceli & Nigar Muharrem,18,1,14
2022-05-21,22,Yara,Kalben,19,7,7
2022-05-21,23,Ariyorum,EDIS,20,5,14
2022-05-21,24,KAR,Motive,22,22,2
2022-05-21,25,Seni Dert Etmeler,Deeperise X Madrigal,24,15,14
2022-05-28,1,Imdat,Cakal,1,1,5
2022-05-28,2,Ask Sadece Anlayana,Velet,-,2,1
2022-05-28,3,Al Sevgilim,Semicenk & Funda Arar,2,2,6
2022-05-28,4,Arasan Da,UZI,3,1,9
2022-05-28,5,Tutsak,Sefo,4,4,3
2022-05-28,6,Leylim Yar,Canbay x Wolker,5,1,10
2022-05-28,7,Canima Minnet,Sakiler,6,6,3
2022-05-28,8,Hep Mi Ben,Ayaz Erdogan,8,5,8
2022-05-28,9,Herkes Gibisin,Semicenk,-,9,1
2022-05-28,10,Para,UZI X Montiego,7,7,2
2022-05-28,11,Gokyuzunu Tutamam,Can Koc,10,8,8
2022-05-28,12,Paparazzi,UZI,9,2,15
2022-05-28,13,Duser Aklima,Semicenk,13,4,15
2022-05-28,14,Gostoso,Gzuz & Cakal,-,14,1
2022-05-28,15,Mahser,Gokhan Turkmen,11,11,5
2022-05-28,16,Birader,Heijan & Muti,12,8,6
2022-05-28,17,Yarim Kalir,Sefo & Revart,14,6,6
2022-05-28,18,Gelmezsen Gelme,Lvbel C5,15,3,9
2022-05-28,19,Bal,Zehra & Bilal Hanci,16,16,2
2022-05-28,20,Daima,Ezhel,18,15,3
2022-05-28,21,Affettim,Sefo,17,2,15
2022-05-28,22,Bi Tek Ben Anlarim,KOFN,20,20,2
2022-05-28,23,Eva & Mia,GOKO!,19,16,4
2022-05-28,24,Hadi Cal,Derya Ulug,-,24,1
2022-05-28,25,Seni Dert Etmeler,Deeperise X Madrigal,25,15,15
2022-06-04,1,Ask Sadece Anlayana,Velet,2,1,2
2022-06-04,2,Imdat,Cakal,1,1,6
2022-06-04,3,Tutsak,Sefo,5,3,4
2022-06-04,4,Arasan Da,UZI,4,1,10
2022-06-04,5,Al Sevgilim,Semicenk & Funda Arar,3,2,7
2022-06-04,6,Herkes Gibisin,Semicenk,9,6,2
2022-06-04,7,Hep Mi Ben,Ayaz Erdogan,8,5,9
2022-06-04,8,Leylim Yar,Canbay x Wolker,6,1,11
2022-06-04,9,Gokyuzunu Tutamam,Can Koc,11,8,9
2022-06-04,10,Canima Minnet,Sakiler,7,6,4
2022-06-04,11,Para,UZI X Montiego,10,7,3
2022-06-04,12,Paparazzi,UZI,12,2,16
2022-06-04,13,Gostoso,Gzuz & Cakal,14,13,2
2022-06-04,14,Bi Tek Ben Anlarim,KOFN,22,14,3
2022-06-04,15,Yarim Kalir,Sefo & Revart,17,6,7
2022-06-04,16,Gelmezsen Gelme,Lvbel C5,18,3,10
2022-06-04,17,Mahser,Gokhan Turkmen,15,11,6
2022-06-04,18,Birader,Heijan & Muti,16,8,7
2022-06-04,19,Duser Aklima,Semicenk,13,4,16
2022-06-04,20,Affettim,Sefo,21,2,16
2022-06-04,21,Daima,Ezhel,20,15,4
2022-06-04,22,Bal,Zehra & Bilal Hanci,19,16,3
2022-06-04,23,Seni Dert Etmeler,Deeperise X Madrigal,25,15,16
2022-06-04,24,Anlayamazsin,Seksendort,-,24,1
2022-06-04,25,Bilmem Mi?,Sefo,-,12,14
2022-06-11,1,Ask Sadece Anlayana,Velet,1,1,3
2022-06-11,2,Tutsak,Sefo,3,2,5
2022-06-11,3,Imdat,Cakal,2,1,7
2022-06-11,4,Al Sevgilim,Semicenk & Funda Arar,5,2,8
2022-06-11,5,Arasan Da,UZI,4,1,11
2022-06-11,6,Rastgele,Burak Bulut & Kurtulus Kus & Irem Derici & Mustafa Ceceli,-,6,1
2022-06-11,7,Hep Mi Ben,Ayaz Erdogan,7,5,10
2022-06-11,8,Herkes Gibisin,Semicenk,6,6,3
2022-06-11,9,Bi Tek Ben Anlarim,KOFN,14,9,4
2022-06-11,10,Gokyuzunu Tutamam,Can Koc,9,8,10
2022-06-11,11,Leylim Yar,Canbay x Wolker,8,1,12
2022-06-11,12,Paparazzi,UZI,12,2,17
2022-06-11,13,Canima Minnet,Sakiler,10,6,5
2022-06-11,14,Para,UZI X Montiego,11,7,4
2022-06-11,15,Konum Gizli,MERO & Murda,-,15,1
2022-06-11,16,Gelmezsen Gelme,Lvbel C5,16,3,11
2022-06-11,17,Yarim Kalir,Sefo & Revart,15,6,8
2022-06-11,18,Suclarimdan Biri,Gunes,-,18,1
2022-06-11,19,Birader,Heijan & Muti,18,8,8
2022-06-11,20,Duser Aklima,Semicenk,19,4,17
2022-06-11,21,Mahser,Gokhan Turkmen,17,11,7
2022-06-11,22,Gostoso,Gzuz & Cakal,13,13,3
2022-06-11,23,Affettim,Sefo,20,2,17
2022-06-11,24,Daima,Ezhel,21,15,5
2022-06-11,25,Olmazlara Inat,Berkay Altunyay,-,25,1
2022-06-18,1,Tutsak,Sefo,2,1,6
2022-06-18,2,Ask Sadece Anlayana,Velet,1,1,4
2022-06-18,3,Imdat,Cakal,3,1,8
2022-06-18,4,Al Sevgilim,Semicenk & Funda Arar,4,2,9
2022-06-18,5,Bi Tek Ben Anlarim,KOFN,9,5,5
2022-06-18,6,Arasan Da,UZI,5,1,12
2022-06-18,7,Hep Mi Ben,Ayaz Erdogan,7,5,11
2022-06-18,8,Herkes Gibisin,Semicenk,8,6,4
2022-06-18,9,Suclarimdan Biri,Gunes,18,9,2
2022-06-18,10,Konum Gizli,MERO & Murda,15,10,2
2022-06-18,11,Leylim Yar,Canbay x Wolker,11,1,13
2022-06-18,12,Gokyuzunu Tutamam,Can Koc,10,8,11
2022-06-18,13,Paparazzi,UZI,12,2,18
2022-06-18,14,Rastgele,Burak Bulut & Kurtulus Kus & Irem Derici & Mustafa Ceceli,6,6,2
2022-06-18,15,Bla Bla Bla Bla,Sagopa Kajmer & Sehinsah,-,15,1
2022-06-18,16,Canima Minnet,Sakiler,13,6,6
2022-06-18,17,Olmazlara Inat,Berkay Altunyay,25,17,2
2022-06-18,18,Gelmezsen Gelme,Lvbel C5,16,3,12
2022-06-18,19,Para,UZI X Montiego,14,7,5
2022-06-18,20,Yarim Kalir,Sefo & Revart,17,6,9
2022-06-18,21,Birader,Heijan & Muti,19,8,9
2022-06-18,22,Duser Aklima,Semicenk,20,4,18
2022-06-18,23,Affettim,Sefo,23,2,18
2022-06-18,24,Mahser,Gokhan Turkmen,21,11,8
2022-06-18,25,Daima,Ezhel,24,15,6
2022-06-25,1,Tutsak,Sefo,1,1,7
2022-06-25,2,Ask Sadece Anlayana,Velet,2,1,5
2022-06-25,3,Imdat,Cakal,3,1,9
2022-06-25,4,Suclarimdan Biri,Gunes,9,4,3
2022-06-25,5,Bi Tek Ben Anlarim,KOFN,5,5,6
2022-06-25,6,Arasan Da,UZI,6,1,13
2022-06-25,7,Al Sevgilim,Semicenk & Funda Arar,4,2,10
2022-06-25,8,Konum Gizli,MERO & Murda,10,8,3
2022-06-25,9,Hep Mi Ben,Ayaz Erdogan,7,5,12
2022-06-25,10,Rastgele,Burak Bulut & Kurtulus Kus & Irem Derici & Mustafa Ceceli,14,6,3
2022-06-25,11,200 Milyar,Lvbel C5,-,11,1
2022-06-25,12,Olmazlara Inat,Berkay Altunyay,17,12,3
2022-06-25,13,Gokyuzunu Tutamam,Can Koc,12,8,12
2022-06-25,14,Herkes Gibisin,Semicenk,8,6,5
2022-06-25,15,Leylim Yar,Canbay x Wolker,11,1,14
2022-06-25,16,Paparazzi,UZI,13,2,19
2022-06-25,17,Gelmezsen Gelme,Lvbel C5,18,3,13
2022-06-25,18,Para,UZI X Montiego,19,7,6
2022-06-25,19,Affettim,Sefo,23,2,19
2022-06-25,20,Canima Minnet,Sakiler,16,6,7
2022-06-25,21,Yarim Kalir,Sefo & Revart,20,6,10
2022-06-25,22,Birader,Heijan & Muti,21,8,10
2022-06-25,23,Duser Aklima,Semicenk,22,4,19
2022-06-25,24,Halden Anlamaz,Okan & Volkan,-,24,1
2022-06-25,25,Seni Dert Etmeler,Deeperise X Madrigal,-,15,17
2022-07-02,1,Tutsak,Sefo,1,1,8
2022-07-02,2,Suclarimdan Biri,Gunes,4,2,4
2022-07-02,3,Bi Tek Ben Anlarim,KOFN,5,3,7
2022-07-02,4,Ask Sadece Anlayana,Velet,2,1,6
2022-07-02,5,Imdat,Cakal,3,1,10
2022-07-02,6,Arasan Da,UZI,6,1,14
2022-07-02,7,Konum Gizli,MERO & Murda,8,7,4
2022-07-02,8,Al Sevgilim,Semicenk & Funda Arar,7,2,11
2022-07-02,9,Rastgele,Burak Bulut & Kurtulus Kus & Irem Derici & Mustafa Ceceli,10,6,4
2022-07-02,10,Olmazlara Inat,Berkay Altunyay,12,10,4
2022-07-02,11,Hep Mi Ben,Ayaz Erdogan,9,5,13
2022-07-02,12,Herkes Gibisin,Semicenk,14,6,6
2022-07-02,13,Leylim Yar,Canbay x Wolker,15,1,15
2022-07-02,14,Halden Anlamaz,Okan & Volkan,24,14,2
2022-07-02,15,Gokyuzunu Tutamam,Can Koc,13,8,13
2022-07-02,16,Paparazzi,UZI,16,2,20
2022-07-02,17,200 Milyar,Lvbel C5,11,11,2
2022-07-02,18,Affettim,Sefo,19,2,20
2022-07-02,19,Gelmezsen Gelme,Lvbel C5,17,3,14
2022-07-02,20,Para,UZI X Montiego,18,7,7
2022-07-02,21,Yarim Kalir,Sefo & Revart,21,6,11
2022-07-02,22,Isabelle,Sefo & Capo,-,22,1
2022-07-02,23,Birader,Heijan & Muti,22,8,11
2022-07-02,24,Duser Aklima,Semicenk,23,4,20
2022-07-02,25,Bilmem Mi?,Sefo,-,12,15
2022-07-09,1,Tutsak,Sefo,1,1,9
2022-07-09,2,2T1BB,BEGE & Yung Ouzo,-,2,1
2022-07-09,3,Suclarimdan Biri,Gunes,2,2,5
2022-07-09,4,Bi Tek Ben Anlarim,KOFN,3,3,8
2022-07-09,5,Imdat,Cakal,5,1,11
2022-07-09,6,Ask Sadece Anlayana,Velet,4,1,7
2022-07-09,7,Arasan Da,UZI,6,1,15
2022-07-09,8,Konum Gizli,MERO & Murda,7,7,5
2022-07-09,9,Isabelle,Sefo & Capo,22,9,2
2022-07-09,10,Al Sevgilim,Semicenk & Funda Arar,8,2,12
2022-07-09,11,Olmazlara Inat,Berkay Altunyay,10,10,5
2022-07-09,12,Rastgele,Burak Bulut & Kurtulus Kus & Irem Derici & Mustafa Ceceli,9,6,5
2022-07-09,13,Halden Anlamaz,Okan & Volkan,14,13,3
2022-07-09,14,Hep Mi Ben,Ayaz Erdogan,11,5,14
2022-07-09,15,Illegale,Batuflex,-,15,1
2022-07-09,16,Gokyuzunu Tutamam,Can Koc,15,8,14
2022-07-09,17,Herkes Gibisin,Semicenk,12,6,7
2022-07-09,18,Leylim Yar,Canbay x Wolker,13,1,16
2022-07-09,19,Paparazzi,UZI,16,2,21
2022-07-09,20,Gelmezsen Gelme,Lvbel C5,19,3,15
2022-07-09,21,Affettim,Sefo,18,2,21
2022-07-09,22,200 Milyar,Lvbel C5,17,11,3
2022-07-09,23,Para,UZI X Montiego,20,7,8
2022-07-09,24,Porselen Kalbim,Sena Sener,-,24,1
2022-07-09,25,Yarim Kalir,Sefo & Revart,21,6,12
2022-07-16,1,Tutsak,Sefo,1,1,10
2022-07-16,2,Bi Tek Ben Anlarim,KOFN,4,2,9
2022-07-16,3,Suclarimdan Biri,Gunes,3,2,6
2022-07-16,4,Isabelle,Sefo & Capo,9,4,3
2022-07-16,5,2T1BB,BEGE & Yung Ouzo,2,2,2
2022-07-16,6,Karakol,Mabel Matiz,-,6,1
2022-07-16,7,Imdat,Cakal,5,1,12
2022-07-16,8,Konum Gizli,MERO & Murda,8,7,6
2022-07-16,9,Ask Sadece Anlayana,Velet,6,1,8
2022-07-16,10,Arasan Da,UZI,7,1,16
2022-07-16,11,Halden Anlamaz,Okan & Volkan,13,11,4
2022-07-16,12,Rastgele,Burak Bulut & Kurtulus Kus & Irem Derici & Mustafa Ceceli,12,6,6
2022-07-16,13,Bilir O Beni,Pinhani,-,13,1
2022-07-16,14,Al Sevgilim,Semicenk & Funda Arar,10,2,13
2022-07-16,15,Hep Mi Ben,Ayaz Erdogan,14,5,15
2022-07-16,16,Olmazlara Inat,Berkay Altunyay,11,10,6
2022-07-16,17,Imdat,Murda & Hadise,-,17,1
2022-07-16,18,Gokyuzunu Tutamam,Can Koc,16,8,15
2022-07-16,19,Karalaya Karalaya,"Kurtulus Kus, Feryal Sepin & Burak Bulut",-,19,1
2022-07-16,20,Mingoflalar,Cakal,-,20,1
2022-07-16,21,Herkes Gibisin,Semicenk,17,6,8
2022-07-16,22,Leylim Yar,Canbay x Wolker,18,1,17
2022-07-16,23,Paparazzi,UZI,19,2,22
2022-07-16,24,Illegale,Batuflex,15,15,2
2022-07-16,25,Affettim,Sefo,21,2,22
2022-07-23,1,Bi Tek Ben Anlarim,KOFN,2,1,10
2022-07-23,2,Isabelle,Sefo & Capo,4,2,4
2022-07-23,3,Tutsak,Sefo,1,1,11
2022-07-23,4,Suclarimdan Biri,Gunes,3,2,7
2022-07-23,5,Diger Yarim,ATE,-,5,1
2022-07-23,6,Konum Gizli,MERO & Murda,8,6,7
2022-07-23,7,2T1BB,BEGE & Yung Ouzo,5,2,3
2022-07-23,8,Imdat,Cakal,7,1,13
2022-07-23,9,Arasan Da,UZI,10,1,17
2022-07-23,10,Ask Sadece Anlayana,Velet,9,1,9
2022-07-23,11,Bilir O Beni,Pinhani,13,11,2
2022-07-23,12,Mingoflalar,Cakal,20,12,2
2022-07-23,13,Halden Anlamaz,Okan & Volkan,11,11,5
2022-07-23,14,Karakol,Mabel Matiz,6,6,2
2022-07-23,15,Rastgele,Burak Bulut & Kurtulus Kus & Irem Derici & Mustafa Ceceli,12,6,7
2022-07-23,16,Gokyuzunu Tutamam,Can Koc,18,8,16
2022-07-23,17,Al Sevgilim,Semicenk & Funda Arar,14,2,14
2022-07-23,18,Hep Mi Ben,Ayaz Erdogan,15,5,16
2022-07-23,19,Karalaya Karalaya,"Kurtulus Kus, Feryal Sepin & Burak Bulut",19,19,2
2022-07-23,20,Olmazlara Inat,Berkay Altunyay,16,10,7
2022-07-23,21,Leylim Yar,Canbay x Wolker,22,1,18
2022-07-23,22,Paparazzi,UZI,23,2,23
2022-07-23,23,Herkes Gibisin,Semicenk,21,6,9
2022-07-23,24,Affettim,Sefo,25,2,23
2022-07-23,25,Bilmem Mi?,Sefo,-,12,16
2022-07-30,1,Bi Tek Ben Anlarim,KOFN,1,1,11
2022-07-30,2,Isabelle,Sefo & Capo,2,2,5
2022-07-30,3,Diger Yarim,ATE,5,3,2
2022-07-30,4,Suclarimdan Biri,Gunes,4,2,8
2022-07-30,5,Tutsak,Sefo,3,1,12
2022-07-30,6,Konum Gizli,MERO & Murda,6,6,8
2022-07-30,7,Mingoflalar,Cakal,12,7,3
2022-07-30,8,2T1BB,BEGE & Yung Ouzo,7,2,4
2022-07-30,9,Imdat,Cakal,8,1,14
2022-07-30,10,Bilir O Beni,Pinhani,11,10,3
2022-07-30,11,Arasan Da,UZI,9,1,18
2022-07-30,12,Ask Sadece Anlayana,Velet,10,1,10
2022-07-30,13,Halden Anlamaz,Okan & Volkan,13,11,6
2022-07-30,14,Rastgele,Burak Bulut & Kurtulus Kus & Irem Derici & Mustafa Ceceli,15,6,8
2022-07-30,15,Gokyuzunu Tutamam,Can Koc,16,8,17
2022-07-30,16,Karalaya Karalaya,"Kurtulus Kus, Feryal Sepin & Burak Bulut",19,16,3
2022-07-30,17,Leylim Yar,Canbay x Wolker,21,1,19
2022-07-30,18,Hep Mi Ben,Ayaz Erdogan,18,5,17
2022-07-30,19,Al Sevgilim,Semicenk & Funda Arar,17,2,15
2022-07-30,20,Herkes Gibisin,Semicenk,23,6,10
2022-07-30,21,Olmazlara Inat,Berkay Altunyay,20,10,8
2022-07-30,22,Paparazzi,UZI,22,2,24
2022-07-30,23,Karakol,Mabel Matiz,14,6,3
2022-07-30,24,Affettim,Sefo,24,2,24
2022-07-30,25,Gelmezsen Gelme,Lvbel C5,-,3,16
2022-08-06,1,Nerdesin,Ezhel,-,1,1
2022-08-06,2,Bi Tek Ben Anlarim,KOFN,1,1,12
2022-08-06,3,Isabelle,Sefo & Capo,2,2,6
2022-08-06,4,Diger Yarim,ATE,3,3,3
2022-08-06,5,Konum Gizli,MERO & Murda,6,5,9
2022-08-06,6,Suclarimdan Biri,Gunes,4,2,9
2022-08-06,7,Tutsak,Sefo,5,1,13
2022-08-06,8,Mingoflalar,Cakal,7,7,4
2022-08-06,9,Yap Bi Guzellik,Tarkan,-,9,1
2022-08-06,10,Bilir O Beni,Pinhani,10,10,4
2022-08-06,11,2T1BB,BEGE & Yung Ouzo,8,2,5
2022-08-06,12,Arasan Da,UZI,11,1,19
2022-08-06,13,Imdat,Cakal,9,1,15
2022-08-06,14,Rastgele,Burak Bulut & Kurtulus Kus & Irem Derici & Mustafa Ceceli,14,6,9
2022-08-06,15,Ask Sadece Anlayana,Velet,12,1,11
2022-08-06,16,Karalaya Karalaya,"Kurtulus Kus, Feryal Sepin & Burak Bulut",16,16,4
2022-08-06,17,Halden Anlamaz,Okan & Volkan,13,11,7
2022-08-06,18,Gokyuzunu Tutamam,Can Koc,15,8,18
2022-08-06,19,Hep Mi Ben,Ayaz Erdogan,18,5,18
2022-08-06,20,Leylim Yar,Canbay x Wolker,17,1,20
2022-08-06,21,Herkes Gibisin,Semicenk,20,6,11
2022-08-06,22,Paparazzi,UZI,22,2,25
2022-08-06,23,Al Sevgilim,Semicenk & Funda Arar,19,2,16
2022-08-06,24,Olmazlara Inat,Berkay Altunyay,21,10,9
2022-08-06,25,Affettim,Sefo,24,2,25
2022-08-13,1,Nerdesin,Ezhel,1,1,2
2022-08-13,2,Bi Tek Ben Anlarim,KOFN,2,1,13
2022-08-13,3,Isabelle,Sefo & Capo,3,2,7
2022-08-13,4,Ara,Zeynep Bastik,-,4,1
2022-08-13,5,Diger Yarim,ATE,4,3,4
2022-08-13,6,Konum Gizli,MERO & Murda,5,5,10
2022-08-13,7,Suclarimdan Biri,Gunes,6,2,10
2022-08-13,8,Tutsak,Sefo,7,1,14
2022-08-13,9,Mingoflalar,Cakal,8,7,5
2022-08-13,10,RARRii,Murda,-,10,1
2022-08-13,11,Arasan Da,UZI,12,1,20
2022-08-13,12,2T1BB,BEGE & Yung Ouzo,11,2,6
2022-08-13,13,Bilir O Beni,Pinhani,10,10,5
2022-08-13,14,Imdat,Cakal,13,1,16
2022-08-13,15,Yalanci,EDIS,-,15,1
2022-08-13,16,Yap Bi Guzellik,Tarkan,9,9,2
2022-08-13,17,Gokyuzunu Tutamam,Can Koc,18,8,19
2022-08-13,18,Rastgele,Burak Bulut & Kurtulus Kus & Irem Derici & Mustafa Ceceli,14,6,10
2022-08-13,19,Karalaya Karalaya,"Kurtulus Kus, Feryal Sepin & Burak Bulut",16,16,5
2022-08-13,20,Halden Anlamaz,Okan & Volkan,17,11,8
2022-08-13,21,Ask Sadece Anlayana,Velet,15,1,12
2022-08-13,22,Dip,Madrigal,-,22,1
2022-08-13,23,Leylim Yar,Canbay x Wolker,20,1,21
2022-08-13,24,Herkes Gibisin,Semicenk,21,6,12
2022-08-13,25,Hep Mi Ben,Ayaz Erdogan,19,5,19
2022-08-20,1,Nerdesin,Ezhel,1,1,3
2022-08-20,2,Ara,Zeynep Bastik,4,2,2
2022-08-20,3,Isabelle,Sefo & Capo,3,2,8
2022-08-20,4,Bi Tek Ben Anlarim,KOFN,2,1,14
2022-08-20,5,Konum Gizli,MERO & Murda,6,5,11
2022-08-20,6,Diger Yarim,ATE,5,3,5
2022-08-20,7,Suclarimdan Biri,Gunes,7,2,11
2022-08-20,8,Tutsak,Sefo,8,1,15
2022-08-20,9,RARRii,Murda,10,9,2
2022-08-20,10,Mingoflalar,Cakal,9,7,6
2022-08-20,11,Arasan Da,UZI,11,1,21
2022-08-20,12,Gokyuzunu Tutamam,Can Koc,17,8,20
2022-08-20,13,2T1BB,BEGE & Yung Ouzo,12,2,7
2022-08-20,14,Imdat,Cakal,14,1,17
2022-08-20,15,Bilir O Beni,Pinhani,13,10,6
2022-08-20,16,Dip,Madrigal,22,16,2
2022-08-20,17,Rastgele,Burak Bulut & Kurtulus Kus & Irem Derici & Mustafa Ceceli,18,6,11
2022-08-20,18,Karalaya Karalaya,"Kurtulus Kus, Feryal Sepin & Burak Bulut",19,16,6
2022-08-20,19,Seni Dert Etmeler,Deeperise X Madrigal,-,15,18
2022-08-20,20,Ask Sadece Anlayana,Velet,21,1,13
2022-08-20,21,Halden Anlamaz,Okan & Volkan,20,11,9
2022-08-20,22,Yap Bi Guzellik,Tarkan,16,9,3
2022-08-20,23,Herkes Gibisin,Semicenk,24,6,13
2022-08-20,24,Yalanci,EDIS,15,15,2
2022-08-20,25,Hep Mi Ben,Ayaz Erdogan,25,5,20
2022-08-27,1,Nerdesin,Ezhel,1,1,4
2022-08-27,2,Ara,Zeynep Bastik,2,2,3
2022-08-27,3,Isabelle,Sefo & Capo,3,2,9
2022-08-27,4,Bi Tek Ben Anlarim,KOFN,4,1,15
2022-08-27,5,Diger Yarim,ATE,6,3,6
2022-08-27,6,Suclarimdan Biri,Gunes,7,2,12
2022-08-27,7,Konum Gizli,MERO & Murda,5,5,12
2022-08-27,8,Sevmis Gibi,Eftalya & Lvbel C5,-,8,1
2022-08-27,9,Tutsak,Sefo,8,1,16
2022-08-27,10,RARRii,Murda,9,9,3
2022-08-27,11,Gokyuzunu Tutamam,Can Koc,12,8,21
2022-08-27,12,Arasan Da,UZI,11,1,22
2022-08-27,13,Mingoflalar,Cakal,10,7,7
2022-08-27,14,Halden Anlamaz,Okan & Volkan,21,11,10
2022-08-27,15,Imdat,Cakal,14,1,18
2022-08-27,16,Bilir O Beni,Pinhani,15,10,7
2022-08-27,17,2T1BB,BEGE & Yung Ouzo,13,2,8
2022-08-27,18,Dip,Madrigal,16,16,3
2022-08-27,19,Rastgele,Burak Bulut & Kurtulus Kus & Irem Derici & Mustafa Ceceli,17,6,12
2022-08-27,20,Seni Dert Etmeler,Deeperise X Madrigal,19,15,19
2022-08-27,21,Karalaya Karalaya,"Kurtulus Kus, Feryal Sepin & Burak Bulut",18,16,7
2022-08-27,22,Ask Sadece Anlayana,Velet,20,1,14
2022-08-27,23,Kalbin Bana Kaldi,ALIZADE & BEGE,-,23,1
2022-08-27,24,Herkes Gibisin,Semicenk,23,6,14
2022-08-27,25,Leylim Yar,Canbay x Wolker,-,1,22
2022-09-03,1,Ara,Zeynep Bastik,2,1,4
2022-09-03,2,Nerdesin,Ezhel,1,1,5
2022-09-03,3,Isabelle,Sefo & Capo,3,2,10
2022-09-03,4,Bi Tek Ben Anlarim,KOFN,4,1,16
2022-09-03,5,Sevmis Gibi,Eftalya & Lvbel C5,8,5,2
2022-09-03,6,Suclarimdan Biri,Gunes,6,2,13
2022-09-03,7,Diger Yarim,ATE,5,3,7
2022-09-03,8,Konum Gizli,MERO & Murda,7,5,13
2022-09-03,9,Kordugum,Sefo & Jako,-,9,1
2022-09-03,10,Tutsak,Sefo,9,1,17
2022-09-03,11,Pink Venom,BLACKPINK,-,11,1
2022-09-03,12,RARRii,Murda,10,9,4
2022-09-03,13,Gokyuzunu Tutamam,Can Koc,11,8,22
2022-09-03,14,Arasan Da,UZI,12,1,23
2022-09-03,15,Mingoflalar,Cakal,13,7,8
2022-09-03,16,Dip,Madrigal,18,16,4
2022-09-03,17,Bilir O Beni,Pinhani,16,10,8
2022-09-03,18,Halden Anlamaz,Okan & Volkan,14,11,11
2022-09-03,19,Imdat,Cakal,15,1,19
2022-09-03,20,2T1BB,BEGE & Yung Ouzo,17,2,9
2022-09-03,21,Kalbin Bana Kaldi,ALIZADE & BEGE,23,21,2
2022-09-03,22,Herkes Gibisin,Semicenk,24,6,15
2022-09-03,23,Seni Dert Etmeler,Deeperise X Madrigal,20,15,20
2022-09-03,24,Rastgele,Burak Bulut & Kurtulus Kus & Irem Derici & Mustafa Ceceli,19,6,13
2022-09-03,25,Ask Sadece Anlayana,Velet,22,1,15
2022-09-10,1,Ara,Zeynep Bastik,1,1,5
2022-09-10,2,Nerdesin,Ezhel,2,1,6
2022-09-10,3,Bi Tek Ben Anlarim,KOFN,4,1,17
2022-09-10,4,Isabelle,Sefo & Capo,3,2,11
2022-09-10,5,Sevmis Gibi,Eftalya & Lvbel C5,5,5,3
2022-09-10,6,Suclarimdan Biri,Gunes,6,2,14
2022-09-10,7,Unutmak Oyle Kolay Mi Sandin,Semicenk,-,7,1
2022-09-10,8,Diger Yarim,ATE,7,3,8
2022-09-10,9,Gokyuzunu Tutamam,Can Koc,13,8,23
2022-09-10,10,Konum Gizli,MERO & Murda,8,5,14
2022-09-10,11,Kordugum,Sefo & Jako,9,9,2
2022-09-10,12,Tutsak,Sefo,10,1,18
2022-09-10,13,Arasan Da,UZI,14,1,24
2022-09-10,14,RARRii,Murda,12,9,5
2022-09-10,15,Dip,Madrigal,16,15,5
2022-09-10,16,Mingoflalar,Cakal,15,7,9
2022-09-10,17,Halden Anlamaz,Okan & Volkan,18,11,12
2022-09-10,18,Bilir O Beni,Pinhani,17,10,9
2022-09-10,19,Herkes Gibisin,Semicenk,22,6,16
2022-09-10,20,Seni Dert Etmeler,Deeperise X Madrigal,23,15,21
2022-09-10,21,Kalbin Bana Kaldi,ALIZADE & BEGE,21,21,3
2022-09-10,22,Imdat,Cakal,19,1,20
2022-09-10,23,Askin Olayim (Onurr),Simge,-,23,1
2022-09-10,24,Rastgele,Burak Bulut & Kurtulus Kus & Irem Derici & Mustafa Ceceli,24,6,14
2022-09-10,25,Ask Sadece Anlayana,Velet,25,1,16
2022-09-17,1,Ara,Zeynep Bastik,1,1,6
2022-09-17,2,Nerdesin,Ezhel,2,1,7
2022-09-17,3,Bi Tek Ben Anlarim,KOFN,3,1,18
2022-09-17,4,Unutmak Oyle Kolay Mi Sandin,Semicenk,7,4,2
2022-09-17,5,Isabelle,Sefo & Capo,4,2,12
2022-09-17,6,Suclarimdan Biri,Gunes,6,2,15
2022-09-17,7,Sevmis Gibi,Eftalya & Lvbel C5,5,5,4
2022-09-17,8,Diger Yarim,ATE,8,3,9
2022-09-17,9,Askin Olayim (Onurr),Simge,23,9,2
2022-09-17,10,Gokyuzunu Tutamam,Can Koc,9,8,24
2022-09-17,11,Kordugum,Sefo & Jako,11,9,3
2022-09-17,12,Arasan Da,UZI,13,1,25
2022-09-17,13,Konum Gizli,MERO & Murda,10,5,15
2022-09-17,14,Tutsak,Sefo,12,1,19
2022-09-17,15,Kalbin Bana Kaldi,ALIZADE & BEGE,21,15,4
2022-09-17,16,RARRii,Murda,14,9,6
2022-09-17,17,Herkes Gibisin,Semicenk,19,6,17
2022-09-17,18,Dip,Madrigal,15,15,6
2022-09-17,19,Mingoflalar,Cakal,16,7,10
2022-09-17,20,Bilir O Beni,Pinhani,18,10,10
2022-09-17,21,Halden Anlamaz,Okan & Volkan,17,11,13
2022-09-17,22,Rastgele,Burak Bulut & Kurtulus Kus & Irem Derici & Mustafa Ceceli,24,6,15
2022-09-17,23,Imdat,Cakal,22,1,21
2022-09-17,24,Olmazlara Inat,Berkay Altunyay,-,10,10
2022-09-17,25,Seni Dert Etmeler,Deeperise X Madrigal,20,15,22
2022-09-24,1,Ara,Zeynep Bastik,1,1,7
2022-09-24,2,Nerdesin,Ezhel,2,1,8
2022-09-24,3,Bi Tek Ben Anlarim,KOFN,3,1,19
2022-09-24,4,XXL,UZI,-,4,1
2022-09-24,5,Unuttum,UZI,-,5,1
2022-09-24,6,Askin Olayim (Onurr),Simge,9,6,3
2022-09-24,7,Unutmak Oyle Kolay Mi Sandin,Semicenk,4,4,3
2022-09-24,8,Isabelle,Sefo & Capo,5,2,13
2022-09-24,9,Suclarimdan Biri,Gunes,6,2,16
2022-09-24,10,Arasan Da,UZI,12,1,26
2022-09-24,11,Sevmis Gibi,Eftalya & Lvbel C5,7,5,5
2022-09-24,12,Diger Yarim,ATE,8,3,10
2022-09-24,13,Gokyuzunu Tutamam,Can Koc,10,8,25
2022-09-24,14,Konum Gizli,MERO & Murda,13,5,16
2022-09-24,15,Kordugum,Sefo & Jako,11,9,4
2022-09-24,16,Tutsak,Sefo,14,1,20
2022-09-24,17,Herkes Gibisin,Semicenk,17,6,18
2022-09-24,18,Kalbin Bana Kaldi,ALIZADE & BEGE,15,15,5
2022-09-24,19,Run Run,UZI & Aksan,-,19,1
2022-09-24,20,Another Love,Tom Odell,-,20,1
2022-09-24,21,RARRii,Murda,16,9,7
2022-09-24,22,Kor,Emir Can Igrek,-,15,6
2022-09-24,23,Senin Ugruna,UZI & Mavi,-,23,1
2022-09-24,24,Dip,Madrigal,18,15,7
2022-09-24,25,Halden Anlamaz,Okan & Volkan,21,11,14
2022-10-01,1,Nerdesin,Ezhel,2,1,9
2022-10-01,2,Ara,Zeynep Bastik,1,1,8
2022-10-01,3,Bi Tek Ben Anlarim,KOFN,3,1,20
2022-10-01,4,Unutmak Oyle Kolay Mi Sandin,Semicenk,7,4,4
2022-10-01,5,Senin Ugruna,UZI & Mavi,23,5,2
2022-10-01,6,Askin Olayim (Onurr),Simge,6,6,4
2022-10-01,7,Isabelle,Sefo & Capo,8,2,14
2022-10-01,8,XXL,UZI,4,4,2
2022-10-01,9,Unuttum,UZI,5,5,2
2022-10-01,10,Suclarimdan Biri,Gunes,9,2,17
2022-10-01,11,Diger Yarim,ATE,12,3,11
2022-10-01,12,Gokyuzunu Tutamam,Can Koc,13,8,26
2022-10-01,13,Kor,Emir Can Igrek,22,13,7
2022-10-01,14,Sevmis Gibi,Eftalya & Lvbel C5,11,5,6
2022-10-01,15,Herkes Gibisin,Semicenk,17,6,19
2022-10-01,16,Kordugum,Sefo & Jako,15,9,5
2022-10-01,17,Konum Gizli,MERO & Murda,14,5,17
2022-10-01,18,Arasan Da,UZI,10,1,27
2022-10-01,19,Kalbin Bana Kaldi,ALIZADE & BEGE,18,15,6
2022-10-01,20,Another Love,Tom Odell,20,20,2
2022-10-01,21,Tutsak,Sefo,16,1,21
2022-10-01,22,Shut Down,BLACKPINK,-,22,1
2022-10-01,23,Kucuk Bir Yol,Hadise,-,23,1
2022-10-01,24,Dip,Madrigal,24,15,8
2022-10-01,25,Seni Dert Etmeler,Deeperise X Madrigal,-,15,23
2022-10-08,1,Senin Ugruna,UZI & Mavi,5,1,3
2022-10-08,2,Belki,Dedubluman Featuring Mavzer Tabancas,-,2,1
2022-10-08,3,Bi Tek Ben Anlarim,KOFN,3,1,21
2022-10-08,4,Nerdesin,Ezhel,1,1,10
2022-10-08,5,Ara,Zeynep Bastik,2,1,9
2022-10-08,6,Belki (Akustik),Dedubluman,-,6,1
2022-10-08,7,Unutmak Oyle Kolay Mi Sandin,Semicenk,4,4,5
2022-10-08,8,Askin Olayim (Onurr),Simge,6,6,5
2022-10-08,9,Isabelle,Sefo & Capo,7,2,15
2022-10-08,10,Movie,Lvbel C5,-,10,1
2022-10-08,11,Suclarimdan Biri,Gunes,10,2,18
2022-10-08,12,XXL,UZI,8,4,3
2022-10-08,13,Unuttum,UZI,9,5,3
2022-10-08,14,Kor,Emir Can Igrek,13,13,8
2022-10-08,15,Diger Yarim,ATE,11,3,12
2022-10-08,16,Gokyuzunu Tutamam,Can Koc,12,8,27
2022-10-08,17,Kordugum,Sefo & Jako,16,9,6
2022-10-08,18,Herkes Gibisin,Semicenk,15,6,20
2022-10-08,19,Sevmis Gibi,Eftalya & Lvbel C5,14,5,7
2022-10-08,20,Another Love,Tom Odell,20,20,3
2022-10-08,21,Arasan Da,UZI,18,1,28
2022-10-08,22,Ask Sarkisi,Saniser With Ayda,-,22,1
2022-10-08,23,Anormal,ALIZADE,-,23,1
2022-10-08,24,Kalbin Bana Kaldi,ALIZADE & BEGE,19,15,7
2022-10-08,25,Konum Gizli,MERO & Murda,17,5,18
2022-10-15,1,Belki,Dedubluman Featuring Mavzer Tabancas,2,1,2
2022-10-15,2,Senin Ugruna,UZI & Mavi,1,1,4
2022-10-15,3,Bi Tek Ben Anlarim,KOFN,3,1,22
2022-10-15,4,Unutmak Oyle Kolay Mi Sandin,Semicenk,7,4,6
2022-10-15,5,Nerdesin,Ezhel,4,1,11
2022-10-15,6,Ara,Zeynep Bastik,5,1,10
2022-10-15,7,Askin Olayim (Onurr),Simge,8,6,6
2022-10-15,8,Suclarimdan Biri,Gunes,11,2,19
2022-10-15,9,Kordugum,Sefo & Jako,17,9,7
2022-10-15,10,Isabelle,Sefo & Capo,9,2,16
2022-10-15,11,XXL,UZI,12,4,4
2022-10-15,12,Kor,Emir Can Igrek,14,12,9
2022-10-15,13,Unuttum,UZI,13,5,4
2022-10-15,14,Herkes Gibisin,Semicenk,18,6,21
2022-10-15,15,Diger Yarim,ATE,15,3,13
2022-10-15,16,Ask Sarkisi,Saniser With Ayda,22,16,2
2022-10-15,17,Gokyuzunu Tutamam,Can Koc,16,8,28
2022-10-15,18,Sevmis Gibi,Eftalya & Lvbel C5,19,5,8
2022-10-15,19,Another Love,Tom Odell,20,19,4
2022-10-15,20,Anormal,ALIZADE,23,20,2
2022-10-15,21,Kalbin Bana Kaldi,ALIZADE & BEGE,24,15,8
2022-10-15,22,Movie,Lvbel C5,10,10,2
2022-10-15,23,Arasan Da,UZI,21,1,29
2022-10-15,24,Seni Dert Etmeler,Deeperise X Madrigal,-,15,24
2022-10-15,25,Konum Gizli,MERO & Murda,25,5,19
2022-10-22,1,Belki,Dedubluman Featuring Mavzer Tabancas,1,1,3
2022-10-22,2,Senin Ugruna,UZI & Mavi,2,1,5
2022-10-22,3,Bi Tek Ben Anlarim,KOFN,3,1,23
2022-10-22,4,Unutmak Oyle Kolay Mi Sandin,Semicenk,4,4,7
2022-10-22,5,Nerdesin,Ezhel,5,1,12
2022-10-22,6,Ara,Zeynep Bastik,6,1,11
2022-10-22,7,Askin Olayim (Onurr),Simge,7,6,7
2022-10-22,8,Suclarimdan Biri,Gunes,8,2,20
2022-10-22,9,Kordugum,Sefo & Jako,9,9,8
2022-10-22,10,Ask Sarkisi,Saniser With Ayda,16,10,3
2022-10-22,11,Only Fans,Lil Zey,-,11,1
2022-10-22,12,Diger Yarim,ATE,15,3,14
2022-10-22,13,Kor,Emir Can Igrek,12,12,10
2022-10-22,14,XXL,UZI,11,4,5
2022-10-22,15,Herkes Gibisin,Semicenk,14,6,22
2022-10-22,16,Unuttum,UZI,13,5,5
2022-10-22,17,Gokyuzunu Tutamam,Can Koc,17,8,29
2022-10-22,18,Isabelle,Sefo & Capo,10,2,17
2022-10-22,19,Beyoglu,Emir Can Igrek,-,19,1
2022-10-22,20,Another Love,Tom Odell,19,19,5
2022-10-22,21,Anormal,ALIZADE,20,20,3
2022-10-22,22,Sevmis Gibi,Eftalya & Lvbel C5,18,5,9
2022-10-22,23,Seni Dert Etmeler,Deeperise X Madrigal,24,15,25
2022-10-22,24,Kalbin Bana Kaldi,ALIZADE & BEGE,21,15,9
2022-10-22,25,Arasan Da,UZI,23,1,30
2022-10-29,1,Belki,Dedubluman Featuring Mavzer Tabancas,1,1,4
2022-10-29,2,Senin Ugruna,UZI & Mavi,2,1,6
2022-10-29,3,Bi Tek Ben Anlarim,KOFN,3,1,24
2022-10-29,4,Unutmak Oyle Kolay Mi Sandin,Semicenk,4,4,8
2022-10-29,5,Nerdesin,Ezhel,5,1,13
2022-10-29,6,Ara,Zeynep Bastik,6,1,12
2022-10-29,7,Askin Olayim (Onurr),Simge,7,6,8
2022-10-29,8,Only Fans,Lil Zey,11,8,2
2022-10-29,9,Suclarimdan Biri,Gunes,8,2,21
2022-10-29,10,Kordugum,Sefo & Jako,9,9,9
2022-10-29,11,Kor,Emir Can Igrek,13,11,11
2022-10-29,12,Diger Yarim,ATE,12,3,15
2022-10-29,13,Ask Sarkisi,Saniser With Ayda,10,10,4
2022-10-29,14,Herkes Gibisin,Semicenk,15,6,23
2022-10-29,15,Gokyuzunu Tutamam,Can Koc,17,8,30
2022-10-29,16,XXL,UZI,14,4,6
2022-10-29,17,Seni Dert Etmeler,Deeperise X Madrigal,23,15,26
2022-10-29,18,Unuttum,UZI,16,5,6
2022-10-29,19,Isabelle,Sefo & Capo,18,2,18
2022-10-29,20,Altust Olmusum,Mavi Gri,-,20,1
2022-10-29,21,Another Love,Tom Odell,20,19,6
2022-10-29,22,B (Chorba),Motive & Jefe,-,22,1
2022-10-29,23,Anormal,ALIZADE,21,20,4
2022-10-29,24,Sevmis Gibi,Eftalya & Lvbel C5,22,5,10
2022-10-29,25,Olumle Yasam Arasinda,Mavi Gri & Ahmet Hatipoglu,-,25,1
2022-11-05,1,Belki,Dedubluman Featuring Mavzer Tabancas,1,1,5
2022-11-05,2,Senin Ugruna,UZI & Mavi,2,1,7
2022-11-05,3,Olur Mu?,Gazapizm & Melike Sahin,-,3,1
2022-11-05,4,Unutmak Oyle Kolay Mi Sandin,Semicenk,4,4,9
2022-11-05,5,Bi Tek Ben Anlarim,KOFN,3,1,25
2022-11-05,6,Nerdesin,Ezhel,5,1,14
2022-11-05,7,Ara,Zeynep Bastik,6,1,13
2022-11-05,8,Askin Olayim (Onurr),Simge,7,6,9
2022-11-05,9,Suclarimdan Biri,Gunes,9,2,22
2022-11-05,10,Only Fans,Lil Zey,8,8,3
2022-11-05,11,Kordugum,Sefo & Jako,10,9,10
2022-11-05,12,Nkbi,Gunes,-,12,1
2022-11-05,13,Diger Yarim,ATE,12,3,16
2022-11-05,14,Herkes Gibisin,Semicenk,14,6,24
2022-11-05,15,Kor,Emir Can Igrek,11,11,12
2022-11-05,16,Gokyuzunu Tutamam,Can Koc,15,8,31
2022-11-05,17,Ask Sarkisi,Saniser With Ayda,13,10,5
2022-11-05,18,XXL,UZI,16,4,7
2022-11-05,19,Unuttum,UZI,18,5,7
2022-11-05,20,Olumle Yasam Arasinda,Mavi Gri & Ahmet Hatipoglu,25,20,2
2022-11-05,21,Another Love,Tom Odell,21,19,7
2022-11-05,22,Seni Dert Etmeler,Deeperise X Madrigal,17,15,27
2022-11-05,23,Isabelle,Sefo & Capo,19,2,19
2022-11-05,24,Anormal,ALIZADE,23,20,5
2022-11-05,25,Altust Olmusum,Mavi Gri,20,20,2
2022-11-12,1,Belki,Dedubluman Featuring Mavzer Tabancas,1,1,6
2022-11-12,2,Senin Ugruna,UZI & Mavi,2,1,8
2022-11-12,3,Olur Mu?,Gazapizm & Melike Sahin,3,3,2
2022-11-12,4,Bi Tek Ben Anlarim,KOFN,5,1,26
2022-11-12,5,Unutmak Oyle Kolay Mi Sandin,Semicenk,4,4,10
2022-11-12,6,Ara,Zeynep Bastik,7,1,14
2022-11-12,7,Nerdesin,Ezhel,6,1,15
2022-11-12,8,Askin Olayim (Onurr),Simge,8,6,10
2022-11-12,9,Suclarimdan Biri,Gunes,9,2,23
2022-11-12,10,Olumle Yasam Arasinda,Mavi Gri & Ahmet Hatipoglu,20,10,3
2022-11-12,11,Masal Gibi,Semicenk,-,11,1
2022-11-12,12,Nkbi,Gunes,12,12,2
2022-11-12,13,Kordugum,Sefo & Jako,11,9,11
2022-11-12,14,Kor,Emir Can Igrek,15,11,13
2022-11-12,15,Diger Yarim,ATE,13,3,17
2022-11-12,16,Herkes Gibisin,Semicenk,14,6,25
2022-11-12,17,Gokyuzunu Tutamam,Can Koc,16,8,32
2022-11-12,18,Only Fans,Lil Zey,10,8,4
2022-11-12,19,Ask Sarkisi,Saniser With Ayda,17,10,6
2022-11-12,20,Anormal,ALIZADE,24,20,6
2022-11-12,21,Bir Derdim Var,mor ve otesi,-,21,1
2022-11-12,22,Seni Dert Etmeler,Deeperise X Madrigal,22,15,28
2022-11-12,23,Another Love,Tom Odell,21,19,8
2022-11-12,24,XXL,UZI,18,4,8
2022-11-12,25,Isabelle,Sefo & Capo,23,2,20
2022-11-19,1,Belki,Dedubluman Featuring Mavzer Tabancas,1,1,7
2022-11-19,2,Olur Mu?,Gazapizm & Melike Sahin,3,2,3
2022-11-19,3,Senin Ugruna,UZI & Mavi,2,1,9
2022-11-19,4,Bi Tek Ben Anlarim,KOFN,4,1,27
2022-11-19,5,Unutmak Oyle Kolay Mi Sandin,Semicenk,5,4,11
2022-11-19,6,Ara,Zeynep Bastik,6,1,15
2022-11-19,7,Olumle Yasam Arasinda,Mavi Gri & Ahmet Hatipoglu,10,7,4
2022-11-19,8,Masal Gibi,Semicenk,11,8,2
2022-11-19,9,Askin Olayim (Onurr),Simge,8,6,11
2022-11-19,10,Nerdesin,Ezhel,7,1,16
2022-11-19,11,Nkbi,Gunes,12,11,3
2022-11-19,12,Suclarimdan Biri,Gunes,9,2,24
2022-11-19,13,Kordugum,Sefo & Jako,13,9,12
2022-11-19,14,Diger Yarim,ATE,15,3,18
2022-11-19,15,Gokyuzunu Tutamam,Can Koc,17,8,33
2022-11-19,16,Kor,Emir Can Igrek,14,11,14
2022-11-19,17,Herkes Gibisin,Semicenk,16,6,26
2022-11-19,18,Denedim Deme,Kurtulus Kus & Burak Bulut,-,18,1
2022-11-19,19,Antidepresan,Mert Demir & Mabel Matiz,-,19,1
2022-11-19,20,Aglaya Aglaya,Tekir,-,20,1
2022-11-19,21,Seni Dert Etmeler,Deeperise X Madrigal,22,15,29
2022-11-19,22,Bir Derdim Var,mor ve otesi,21,21,2
2022-11-19,23,Arasan Da,UZI,-,1,31
2022-11-19,24,Only Fans,Lil Zey,18,8,5
2022-11-19,25,Anormal,ALIZADE,20,20,7
2022-11-26,1,Belki,Dedubluman Featuring Mavzer Tabancas,1,1,8
2022-11-26,2,Senin Ugruna,UZI & Mavi,3,1,10
2022-11-26,3,Olur Mu?,Gazapizm & Melike Sahin,2,2,4
2022-11-26,4,Antidepresan,Mert Demir & Mabel Matiz,19,4,2
2022-11-26,5,Bi Tek Ben Anlarim,KOFN,4,1,28
2022-11-26,6,Nkbi,Gunes,11,6,4
2022-11-26,7,Unutmak Oyle Kolay Mi Sandin,Semicenk,5,4,12
2022-11-26,8,Olumle Yasam Arasinda,Mavi Gri & Ahmet Hatipoglu,7,7,5
2022-11-26,9,Ara,Zeynep Bastik,6,1,16
2022-11-26,10,Askin Olayim (Onurr),Simge,9,6,12
2022-11-26,11,Masal Gibi,Semicenk,8,8,3
2022-11-26,12,Nerdesin,Ezhel,10,1,17
2022-11-26,13,Gokyuzunu Tutamam,Can Koc,15,8,34
2022-11-26,14,Suclarimdan Biri,Gunes,12,2,25
2022-11-26,15,Kordugum,Sefo & Jako,13,9,13
2022-11-26,16,Diger Yarim,ATE,14,3,19
2022-11-26,17,Kor,Emir Can Igrek,16,11,15
2022-11-26,18,Firtinadayim,Mabel Matiz,-,18,1
2022-11-26,19,Aglaya Aglaya,Tekir,20,19,2
2022-11-26,20,Seni Dert Etmeler,Deeperise X Madrigal,21,15,30
2022-11-26,21,Herkes Gibisin,Semicenk,17,6,27
2022-11-26,22,Kalbe Zarar,Cakal X Fatma Turgut,-,22,1
2022-11-26,23,Altust Olmusum,Mavi Gri,-,20,3
2022-11-26,24,Bir Derdim Var,mor ve otesi,22,21,3
2022-11-26,25,Arasan Da,UZI,23,1,32
2022-12-03,1,10MG,Motive,-,1,1
2022-12-03,2,Belki,Dedubluman Featuring Mavzer Tabancas,1,1,9
2022-12-03,3,Olur Mu?,Gazapizm & Melike Sahin,3,2,5
2022-12-03,4,Antidepresan,Mert Demir & Mabel Matiz,4,4,3
2022-12-03,5,Senin Ugruna,UZI & Mavi,2,1,11
2022-12-03,6,Firtinadayim,Mabel Matiz,18,6,2
2022-12-03,7,Bi Tek Ben Anlarim,KOFN,5,1,29
2022-12-03,8,Nkbi,Gunes,6,6,5
2022-12-03,9,Unutmak Oyle Kolay Mi Sandin,Semicenk,7,4,13
2022-12-03,10,Olumle Yasam Arasinda,Mavi Gri & Ahmet Hatipoglu,8,7,6
2022-12-03,11,Masal Gibi,Semicenk,11,8,4
2022-12-03,12,Ara,Zeynep Bastik,9,1,17
2022-12-03,13,Askin Olayim (Onurr),Simge,10,6,13
2022-12-03,14,Suclarimdan Biri,Gunes,14,2,26
2022-12-03,15,Nerdesin,Ezhel,12,1,18
2022-12-03,16,Gokyuzunu Tutamam,Can Koc,13,8,35
2022-12-03,17,Kor,Emir Can Igrek,17,11,16
2022-12-03,18,Aglaya Aglaya,Tekir,19,18,3
2022-12-03,19,Diger Yarim,ATE,16,3,20
2022-12-03,20,Kordugum,Sefo & Jako,15,9,14
2022-12-03,21,Seni Dert Etmeler,Deeperise X Madrigal,20,15,31
2022-12-03,22,Another Love,Tom Odell,-,19,9
2022-12-03,23,Herkes Gibisin,Semicenk,21,6,28
2022-12-03,24,Yalani Birak,Sakiler,-,24,1
2022-12-03,25,Bir Derdim Var,mor ve otesi,24,21,4
2022-12-10,1,Antidepresan,Mert Demir & Mabel Matiz,4,1,4
2022-12-10,2,10MG,Motive,1,1,2
2022-12-10,3,Belki,Dedubluman Featuring Mavzer Tabancas,2,1,10
2022-12-10,4,Firtinadayim,Mabel Matiz,6,4,3
2022-12-10,5,Olur Mu?,Gazapizm & Melike Sahin,3,2,6
2022-12-10,6,Senin Ugruna,UZI & Mavi,5,1,12
2022-12-10,7,Bi Tek Ben Anlarim,KOFN,7,1,30
2022-12-10,8,Nkbi,Gunes,8,6,6
2022-12-10,9,Unutmak Oyle Kolay Mi Sandin,Semicenk,9,4,14
2022-12-10,10,Masal Gibi,Semicenk,11,8,5
2022-12-10,11,Olumle Yasam Arasinda,Mavi Gri & Ahmet Hatipoglu,10,7,7
2022-12-10,12,Ara,Zeynep Bastik,12,1,18
2022-12-10,13,Yalani Birak,Sakiler,24,13,2
2022-12-10,14,Askin Olayim (Onurr),Simge,13,6,14
2022-12-10,15,Suclarimdan Biri,Gunes,14,2,27
2022-12-10,16,Kor,Emir Can Igrek,17,11,17
2022-12-10,17,Nerdesin,Ezhel,15,1,19
2022-12-10,18,Gokyuzunu Tutamam,Can Koc,16,8,36
2022-12-10,19,Aglaya Aglaya,Tekir,18,18,4
2022-12-10,20,Seni Dert Etmeler,Deeperise X Madrigal,21,15,32
2022-12-10,21,Diger Yarim,ATE,19,3,21
2022-12-10,22,Another Love,Tom Odell,22,19,10
2022-12-10,23,Herkes Gibisin,Semicenk,23,6,29
2022-12-10,24,Kordugum,Sefo & Jako,20,9,15
2022-12-10,25,Arasan Da,UZI,-,1,33
2022-12-17,1,Antidepresan,Mert Demir & Mabel Matiz,1,1,5
2022-12-17,2,Belki,Dedubluman Featuring Mavzer Tabancas,3,1,11
2022-12-17,3,10MG,Motive,2,1,3
2022-12-17,4,Firtinadayim,Mabel Matiz,4,4,4
2022-12-17,5,Bi Tek Ben Anlarim,KOFN,7,1,31
2022-12-17,6,Olur Mu?,Gazapizm & Melike Sahin,5,2,7
2022-12-17,7,Senin Ugruna,UZI & Mavi,6,1,13
2022-12-17,8,Nkbi,Gunes,8,6,7
2022-12-17,9,Unutmak Oyle Kolay Mi Sandin,Semicenk,9,4,15
2022-12-17,10,Yalani Birak,Sakiler,13,10,3
2022-12-17,11,Ara,Zeynep Bastik,12,1,19
2022-12-17,12,Masal Gibi,Semicenk,10,8,6
2022-12-17,13,Olumle Yasam Arasinda,Mavi Gri & Ahmet Hatipoglu,11,7,8
2022-12-17,14,Suclarimdan Biri,Gunes,15,2,28
2022-12-17,15,Gokyuzunu Tutamam,Can Koc,18,8,37
2022-12-17,16,Askin Olayim (Onurr),Simge,14,6,15
2022-12-17,17,Kor,Emir Can Igrek,16,11,18
2022-12-17,18,Nerdesin,Ezhel,17,1,20
2022-12-17,19,Aglaya Aglaya,Tekir,19,18,5
2022-12-17,20,Diger Yarim,ATE,21,3,22
2022-12-17,21,Seni Dert Etmeler,Deeperise X Madrigal,20,15,33
2022-12-17,22,Arasan Da,UZI,25,1,34
2022-12-17,23,Another Love,Tom Odell,22,19,11
2022-12-17,24,Kordugum,Sefo & Jako,24,9,16
2022-12-17,25,Herkes Gibisin,Semicenk,23,6,30
2022-12-24,1,Antidepresan,Mert Demir & Mabel Matiz,1,1,6
2022-12-24,2,Belki,Dedubluman Featuring Mavzer Tabancas,2,1,12
2022-12-24,3,Firtinadayim,Mabel Matiz,4,3,5
2022-12-24,4,10MG,Motive,3,1,4
2022-12-24,5,Bi Tek Ben Anlarim,KOFN,5,1,32
2022-12-24,6,Olur Mu?,Gazapizm & Melike Sahin,6,2,8
2022-12-24,7,Senin Ugruna,UZI & Mavi,7,1,14
2022-12-24,8,Unutmak Oyle Kolay Mi Sandin,Semicenk,9,4,16
2022-12-24,9,Nkbi,Gunes,8,6,8
2022-12-24,10,Yalani Birak,Sakiler,10,10,4
2022-12-24,11,Masal Gibi,Semicenk,12,8,7
2022-12-24,12,Olumle Yasam Arasinda,Mavi Gri & Ahmet Hatipoglu,13,7,9
2022-12-24,13,Ara,Zeynep Bastik,11,1,20
2022-12-24,14,Kor,Emir Can Igrek,17,11,19
2022-12-24,15,Aglaya Aglaya,Tekir,19,15,6
2022-12-24,16,Gokyuzunu Tutamam,Can Koc,15,8,38
2022-12-24,17,Dayanamam,Emir Can Igrek,-,17,1
2022-12-24,18,Askin Olayim (Onurr),Simge,16,6,16
2022-12-24,19,Sargi,Kurtulus Kus & Burak Bulut & Mustafa Ceceli Featuring Nigar Muharrem,-,19,1
2022-12-24,20,Suclarimdan Biri,Gunes,14,2,29
2022-12-24,21,Seni Dert Etmeler,Deeperise X Madrigal,21,15,34
2022-12-24,22,Diger Yarim,ATE,20,3,23
2022-12-24,23,Nerdesin,Ezhel,18,1,21
2022-12-24,24,Another Love,Tom Odell,23,19,12
2022-12-24,25,Arasan Da,UZI,22,1,35
2022-12-31,1,Antidepresan,Mert Demir & Mabel Matiz,1,1,7
2022-12-31,2,Belki,Dedubluman Featuring Mavzer Tabancas,2,1,13
2022-12-31,3,Firtinadayim,Mabel Matiz,3,3,6
2022-12-31,4,Bi Tek Ben Anlarim,KOFN,5,1,33
2022-12-31,5,10MG,Motive,4,1,5
2022-12-31,6,Olur Mu?,Gazapizm & Melike Sahin,6,2,9
2022-12-31,7,Unutmak Oyle Kolay Mi Sandin,Semicenk,8,4,17
2022-12-31,8,Nkbi,Gunes,9,6,9
2022-12-31,9,Senin Ugruna,UZI & Mavi,7,1,15
2022-12-31,10,Yalani Birak,Sakiler,10,10,5
2022-12-31,11,Kor,Emir Can Igrek,14,11,20
2022-12-31,12,Olumle Yasam Arasinda,Mavi Gri & Ahmet Hatipoglu,12,7,10
2022-12-31,13,Ara,Zeynep Bastik,13,1,21
2022-12-31,14,Masal Gibi,Semicenk,11,8,8
2022-12-31,15,Aglaya Aglaya,Tekir,15,15,7
2022-12-31,16,Askin Olayim (Onurr),Simge,18,6,17
2022-12-31,17,Gokyuzunu Tutamam,Can Koc,16,8,39
2022-12-31,18,Seni Dert Etmeler,Deeperise X Madrigal,21,15,35
2022-12-31,19,Suclarimdan Biri,Gunes,20,2,30
2022-12-31,20,Diger Yarim,ATE,22,3,24
2022-12-31,21,Nerdesin,Ezhel,23,1,22
2022-12-31,22,25,Ati242,-,22,1
2022-12-31,23,Another Love,Tom Odell,24,19,13
2022-12-31,24,Arasan Da,UZI,25,1,36
2022-12-31,25,Altust Olmusum,Mavi Gri,-,20,4
2023-01-07,1,Antidepresan,Mert Demir & Mabel Matiz,1,1,8
2023-01-07,2,Firtinadayim,Mabel Matiz,3,2,7
2023-01-07,3,Belki,Dedubluman Featuring Mavzer Tabancas,2,1,14
2023-01-07,4,Bi Tek Ben Anlarim,KOFN,4,1,34
2023-01-07,5,Olur Mu?,Gazapizm & Melike Sahin,6,2,10
2023-01-07,6,Unutmak Oyle Kolay Mi Sandin,Semicenk,7,4,18
2023-01-07,7,10MG,Motive,5,1,6
2023-01-07,8,Nkbi,Gunes,8,6,10
2023-01-07,9,Senin Ugruna,UZI & Mavi,9,1,16
2023-01-07,10,Talibana,DEHA INC. & Reckol,-,10,1
2023-01-07,11,Yalani Birak,Sakiler,10,10,6
2023-01-07,12,Askin Olayim (Onurr),Simge,16,6,18
2023-01-07,13,Kor,Emir Can Igrek,11,11,21
2023-01-07,14,Olumle Yasam Arasinda,Mavi Gri & Ahmet Hatipoglu,12,7,11
2023-01-07,15,Ara,Zeynep Bastik,13,1,22
2023-01-07,16,Gokyuzunu Tutamam,Can Koc,17,8,40
2023-01-07,17,Aglaya Aglaya,Tekir,15,15,8
2023-01-07,18,Masal Gibi,Semicenk,14,8,9
2023-01-07,19,Seni Dert Etmeler,Deeperise X Madrigal,18,15,36
2023-01-07,20,25,Ati242,22,20,2
2023-01-07,21,Zor,UZI,-,21,1
2023-01-07,22,Cano,Burak Bulut,-,22,1
2023-01-07,23,Suclarimdan Biri,Gunes,19,2,31
2023-01-07,24,Diger Yarim,ATE,20,3,25
2023-01-07,25,Nerdesin,Ezhel,21,1,23
2023-01-14,1,Antidepresan,Mert Demir & Mabel Matiz,1,1,9
2023-01-14,2,Bi Tek Ben Anlarim,KOFN,4,1,35
2023-01-14,3,Belki,Dedubluman Featuring Mavzer Tabancas,3,1,15
2023-01-14,4,Firtinadayim,Mabel Matiz,2,2,8
2023-01-14,5,Nkbi X Yapamam (Remix),Gunes & Lvbel C5,-,5,1
2023-01-14,6,Talibana,DEHA INC. & Reckol,10,6,2
2023-01-14,7,10MG,Motive,7,1,7
2023-01-14,8,Unutmak Oyle Kolay Mi Sandin,Semicenk,6,4,19
2023-01-14,9,Olur Mu?,Gazapizm & Melike Sahin,5,2,11
2023-01-14,10,Nkbi,Gunes,8,6,11
2023-01-14,11,Senin Ugruna,UZI & Mavi,9,1,17
2023-01-14,12,Zor,UZI,21,12,2
2023-01-14,13,Ara,Zeynep Bastik,15,1,23
2023-01-14,14,Askin Olayim (Onurr),Simge,12,6,19
2023-01-14,15,Yalani Birak,Sakiler,11,10,7
2023-01-14,16,Kor,Emir Can Igrek,13,11,22
2023-01-14,17,Cano,Burak Bulut,22,17,2
2023-01-14,18,Olumle Yasam Arasinda,Mavi Gri & Ahmet Hatipoglu,14,7,12
2023-01-14,19,Seni Dert Etmeler,Deeperise X Madrigal,19,15,37
2023-01-14,20,Gokyuzunu Tutamam,Can Koc,16,8,41
2023-01-14,21,25,Ati242,20,20,3
2023-01-14,22,Aglaya Aglaya,Tekir,17,15,9
2023-01-14,23,Masal Gibi,Semicenk,18,8,10
2023-01-14,24,VUR,BLOK3,-,24,1
2023-01-14,25,Kendileri,Soner Sarikabadayi,-,25,1
2023-01-21,1,Antidepresan,Mert Demir & Mabel Matiz,1,1,10
2023-01-21,2,Nkbi X Yapamam (Remix),Gunes & Lvbel C5,5,2,2
2023-01-21,3,Bi Tek Ben Anlarim,KOFN,2,1,36
2023-01-21,4,Belki,Dedubluman Featuring Mavzer Tabancas,3,1,16
2023-01-21,5,Talibana,DEHA INC. & Reckol,6,5,3
2023-01-21,6,Firtinadayim,Mabel Matiz,4,2,9
2023-01-21,7,10MG,Motive,7,1,8
2023-01-21,8,Unutmak Oyle Kolay Mi Sandin,Semicenk,8,4,20
2023-01-21,9,VUR,BLOK3,24,9,2
2023-01-21,10,Olur Mu?,Gazapizm & Melike Sahin,9,2,12
2023-01-21,11,Zor,UZI,12,11,3
2023-01-21,12,Askin Olayim (Onurr),Simge,14,6,20
2023-01-21,13,Nkbi,Gunes,10,6,12
2023-01-21,14,Senin Ugruna,UZI & Mavi,11,1,18
2023-01-21,15,Cano,Burak Bulut,17,15,3
2023-01-21,16,Yalani Birak,Sakiler,15,10,8
2023-01-21,17,25,Ati242,21,17,4
2023-01-21,18,Olumle Yasam Arasinda,Mavi Gri & Ahmet Hatipoglu,18,7,13
2023-01-21,19,Masal Gibi,Semicenk,23,8,11
2023-01-21,20,Kendileri,Soner Sarikabadayi,25,20,2
2023-01-21,21,Seni Dert Etmeler,Deeperise X Madrigal,19,15,38
2023-01-21,22,Ara,Zeynep Bastik,13,1,24
2023-01-21,23,Kor,Emir Can Igrek,16,11,23
2023-01-21,24,Gokyuzunu Tutamam,Can Koc,20,8,42
2023-01-21,25,Aglaya Aglaya,Tekir,22,15,10
2023-01-28,1,Antidepresan,Mert Demir & Mabel Matiz,1,1,11
2023-01-28,2,Nkbi X Yapamam (Remix),Gunes & Lvbel C5,2,2,3
2023-01-28,3,Dacia,Lvbel C5,-,3,1
2023-01-28,4,Talibana,DEHA INC. & Reckol,5,4,4
2023-01-28,5,Affetmem,BLOK3,-,5,1
2023-01-28,6,Bi Tek Ben Anlarim,KOFN,3,1,37
2023-01-28,7,Imparator,Heijan & Muti,-,7,1
2023-01-28,8,Belki,Dedubluman Featuring Mavzer Tabancas,4,1,17
2023-01-28,9,Firtinadayim,Mabel Matiz,6,2,10
2023-01-28,10,VUR,BLOK3,9,9,3
2023-01-28,11,Zor,UZI,11,11,4
2023-01-28,12,10MG,Motive,7,1,9
2023-01-28,13,Cano,Burak Bulut,15,13,4
2023-01-28,14,Olur Mu?,Gazapizm & Melike Sahin,10,2,13
2023-01-28,15,Unutmak Oyle Kolay Mi Sandin,Semicenk,8,4,21
2023-01-28,16,25,Ati242,17,16,5
2023-01-28,17,Masal Gibi,Semicenk,19,8,12
2023-01-28,18,Senin Ugruna,UZI & Mavi,14,1,19
2023-01-28,19,Askin Olayim (Onurr),Simge,12,6,21
2023-01-28,20,Nkbi,Gunes,13,6,13
2023-01-28,21,Yalani Birak,Sakiler,16,10,9
2023-01-28,22,Aglaya Aglaya,Tekir,25,15,11
2023-01-28,23,Diger Yarim,ATE,-,3,26
2023-01-28,24,Olumle Yasam Arasinda,Mavi Gri & Ahmet Hatipoglu,18,7,14
2023-01-28,25,Ara,Zeynep Bastik,22,1,25
2023-02-04,1,Antidepresan,Mert Demir & Mabel Matiz,1,1,12
2023-02-04,2,Dacia,Lvbel C5,3,2,2
2023-02-04,3,Nkbi X Yapamam (Remix),Gunes & Lvbel C5,2,2,4
2023-02-04,4,Affetmem,BLOK3,5,4,2
2023-02-04,5,Talibana,DEHA INC. & Reckol,4,4,5
2023-02-04,6,Imparator,Heijan & Muti,7,6,2
2023-02-04,7,Belki,Dedubluman Featuring Mavzer Tabancas,8,1,18
2023-02-04,8,Bi Tek Ben Anlarim,KOFN,6,1,38
2023-02-04,9,VUR,BLOK3,10,9,4
2023-02-04,10,Zor,UZI,11,10,5
2023-02-04,11,Firtinadayim,Mabel Matiz,9,2,11
2023-02-04,12,10MG,Motive,12,1,10
2023-02-04,13,Askin Olayim (Onurr),Simge,19,6,22
2023-02-04,14,Cano,Burak Bulut,13,13,5
2023-02-04,15,Unutmak Oyle Kolay Mi Sandin,Semicenk,15,4,22
2023-02-04,16,Olur Mu?,Gazapizm & Melike Sahin,14,2,14
2023-02-04,17,Yalani Birak,Sakiler,21,10,10
2023-02-04,18,Senin Ugruna,UZI & Mavi,18,1,20
2023-02-04,19,Papatya,Eda Sakiz & irem Derici,-,19,1
2023-02-04,20,25,Ati242,16,16,6
2023-02-04,21,Masal Gibi,Semicenk,17,8,13
2023-02-04,22,Nkbi,Gunes,20,6,14
2023-02-04,23,Aglaya Aglaya,Tekir,22,15,12
2023-02-04,24,Olumle Yasam Arasinda,Mavi Gri & Ahmet Hatipoglu,24,7,15
2023-02-04,25,Kor,Emir Can Igrek,-,11,24
2023-02-11,1,Antidepresan,Mert Demir & Mabel Matiz,1,1,13
2023-02-11,2,Dacia,Lvbel C5,2,2,3
2023-02-11,3,Affetmem,BLOK3,4,3,3
2023-02-11,4,Belki,Dedubluman Featuring Mavzer Tabancas,7,1,19
2023-02-11,5,Imparator,Heijan & Muti,6,5,3
2023-02-11,6,Askin Olayim (Onurr),Simge,13,6,23
2023-02-11,7,Talibana,DEHA INC. & Reckol,5,4,6
2023-02-11,8,Nkbi X Yapamam (Remix),Gunes & Lvbel C5,3,2,5
2023-02-11,9,Bi Tek Ben Anlarim,KOFN,8,1,39
2023-02-11,10,VUR,BLOK3,9,9,5
2023-02-11,11,Firtinadayim,Mabel Matiz,11,2,12
2023-02-11,12,Kugulu Park,Ezhel,-,12,1
2023-02-11,13,Cano,Burak Bulut,14,13,6
2023-02-11,14,10MG,Motive,12,1,11
2023-02-11,15,Zor,UZI,10,10,6
2023-02-11,16,Unutmak Oyle Kolay Mi Sandin,Semicenk,15,4,23
2023-02-11,17,Yalani Birak,Sakiler,17,10,11
2023-02-11,18,Olur Mu?,Gazapizm & Melike Sahin,16,2,15
2023-02-11,19,Senin Ugruna,UZI & Mavi,18,1,21
2023-02-11,20,Masal Gibi,Semicenk,21,8,14
2023-02-11,21,Papatya,Eda Sakiz & irem Derici,19,19,2
2023-02-11,22,25,Ati242,20,16,7
2023-02-11,23,Sevecek Sandim,Semicenk,-,23,1
2023-02-11,24,Kor,Emir Can Igrek,25,11,25
2023-02-11,25,Olumle Yasam Arasinda,Mavi Gri & Ahmet Hatipoglu,24,7,16
2023-02-18,1,Yana Yana,Reynmen & Semicenk,-,1,1
2023-02-18,2,Antidepresan,Mert Demir & Mabel Matiz,1,1,14
2023-02-18,3,Askin Olayim (Onurr),Simge,6,3,24
2023-02-18,4,Dacia,Lvbel C5,2,2,4
2023-02-18,5,Affetmem,BLOK3,3,3,4
2023-02-18,6,Belki,Dedubluman Featuring Mavzer Tabancas,4,1,20
2023-02-18,7,Nkbi X Yapamam (Remix),Gunes & Lvbel C5,8,2,6
2023-02-18,8,Imparator,Heijan & Muti,5,5,4
2023-02-18,9,Yok Muydu Vaktin Bana?,Gunes,-,9,1
2023-02-18,10,VUR,BLOK3,10,9,6
2023-02-18,11,Bi Tek Ben Anlarim,KOFN,9,1,40
2023-02-18,12,Firtinadayim,Mabel Matiz,11,2,13
2023-02-18,13,Kugulu Park,Ezhel,12,12,2
2023-02-18,14,Cano,Burak Bulut,13,13,7
2023-02-18,15,Unutmak Oyle Kolay Mi Sandin,Semicenk,16,4,24
2023-02-18,16,Zor,UZI,15,10,7
2023-02-18,17,Diyardan Diyara,"Cakal, Arem Ozguc & Arman Aydin",-,17,1
2023-02-18,18,10MG,Motive,14,1,12
2023-02-18,19,Sevecek Sandim,Semicenk,23,19,2
2023-02-18,20,25,Ati242,22,16,8
2023-02-18,21,Olur Mu?,Gazapizm & Melike Sahin,18,2,16
2023-02-18,22,Masal Gibi,Semicenk,20,8,15
2023-02-18,23,Ozur,Halodayi,-,23,1
2023-02-18,24,Yalani Birak,Sakiler,17,10,12
2023-02-18,25,Senin Ugruna,UZI & Mavi,19,1,22
2023-02-25,1,Antidepresan,Mert Demir & Mabel Matiz,2,1,15
2023-02-25,2,Yana Yana,Reynmen & Semicenk,1,1,2
2023-02-25,3,Askin Olayim (Onurr),Simge,3,3,25
2023-02-25,4,Belki,Dedubluman Featuring Mavzer Tabancas,6,1,21
2023-02-25,5,Affetmem,BLOK3,5,3,5
2023-02-25,6,Bi Tek Ben Anlarim,KOFN,11,1,41
2023-02-25,7,Nkbi X Yapamam (Remix),Gunes & Lvbel C5,7,2,7
2023-02-25,8,Dacia,Lvbel C5,4,2,5
2023-02-25,9,VUR,BLOK3,10,9,7
2023-02-25,10,Imparator,Heijan & Muti,8,5,5
2023-02-25,11,Firtinadayim,Mabel Matiz,12,2,14
2023-02-25,12,Yok Muydu Vaktin Bana?,Gunes,9,9,2
2023-02-25,13,Sevecek Sandim,Semicenk,19,13,3
2023-02-25,14,Diyardan Diyara,"Cakal, Arem Ozguc & Arman Aydin",17,14,2
2023-02-25,15,Cano,Burak Bulut,14,13,8
2023-02-25,16,Zor,UZI,16,10,8
2023-02-25,17,Unutmak Oyle Kolay Mi Sandin,Semicenk,15,4,25
2023-02-25,18,25,Ati242,20,16,9
2023-02-25,19,10MG,Motive,18,1,13
2023-02-25,20,Olur Mu?,Gazapizm & Melike Sahin,21,2,17
2023-02-25,21,Masal Gibi,Semicenk,22,8,16
2023-02-25,22,Ozur,Halodayi,23,22,2
2023-02-25,23,Senin Ugruna,UZI & Mavi,25,1,23
2023-02-25,24,Derinden / Bazen Hayat Cok Kotu Gidiyor Ve Ben Onu Nasil Anlatacagimi...,Baris Diri,-,24,1
2023-02-25,25,Olumle Yasam Arasinda,Mavi Gri & Ahmet Hatipoglu,-,7,17
2023-03-04,1,Askin Olayim (Onurr),Simge,3,1,26
2023-03-04,2,Antidepresan,Mert Demir & Mabel Matiz,1,1,16
2023-03-04,3,Yana Yana,Reynmen & Semicenk,2,1,3
2023-03-04,4,Affetmem,BLOK3,5,3,6
2023-03-04,5,Belki,Dedubluman Featuring Mavzer Tabancas,4,1,22
2023-03-04,6,Bi Tek Ben Anlarim,KOFN,6,1,42
2023-03-04,7,Sevecek Sandim,Semicenk,13,7,4
2023-03-04,8,Nkbi X Yapamam (Remix),Gunes & Lvbel C5,7,2,8
2023-03-04,9,Dacia,Lvbel C5,8,2,6
2023-03-04,10,VUR,BLOK3,9,9,8
2023-03-04,11,Imparator,Heijan & Muti,10,5,6
2023-03-04,12,Diyardan Diyara,"Cakal, Arem Ozguc & Arman Aydin",14,12,3
2023-03-04,13,Yok Muydu Vaktin Bana?,Gunes,12,9,3
2023-03-04,14,Firtinadayim,Mabel Matiz,11,2,15
2023-03-04,15,Zor,UZI,16,10,9
2023-03-04,16,Cano,Burak Bulut,15,13,9
2023-03-04,17,Unutmak Oyle Kolay Mi Sandin,Semicenk,17,4,26
2023-03-04,18,Ozur,Halodayi,22,18,3
2023-03-04,19,10MG,Motive,19,1,14
2023-03-04,20,Masal Gibi,Semicenk,21,8,17
2023-03-04,21,Talibana,DEHA INC. & Reckol,-,4,7
2023-03-04,22,Olur Mu?,Gazapizm & Melike Sahin,20,2,18
2023-03-04,23,25,Ati242,18,16,10
2023-03-04,24,Yalani Birak,Sakiler,-,10,13
2023-03-04,25,Senin Ugruna,UZI & Mavi,23,1,24
2023-03-11,1,Askin Olayim (Onurr),Simge,1,1,27
2023-03-11,2,Yana Yana,Reynmen & Semicenk,3,1,4
2023-03-11,3,Antidepresan,Mert Demir & Mabel Matiz,2,1,17
2023-03-11,4,Sevecek Sandim,Semicenk,7,4,5
2023-03-11,5,Belki,Dedubluman Featuring Mavzer Tabancas,5,1,23
2023-03-11,6,Bi Tek Ben Anlarim,KOFN,6,1,43
2023-03-11,7,Affetmem,BLOK3,4,3,7
2023-03-11,8,Nkbi X Yapamam (Remix),Gunes & Lvbel C5,8,2,9
2023-03-11,9,Imparator,Heijan & Muti,11,5,7
2023-03-11,10,VUR,BLOK3,10,9,9
2023-03-11,11,Dacia,Lvbel C5,9,2,7
2023-03-11,12,Diyardan Diyara,"Cakal, Arem Ozguc & Arman Aydin",12,12,4
2023-03-11,13,Cano,Burak Bulut,16,13,10
2023-03-11,14,Zor,UZI,15,10,10
2023-03-11,15,Firtinadayim,Mabel Matiz,14,2,16
2023-03-11,16,Unutmak Oyle Kolay Mi Sandin,Semicenk,17,4,27
2023-03-11,17,Talibana,DEHA INC. & Reckol,21,4,8
2023-03-11,18,Masal Gibi,Semicenk,20,8,18
2023-03-11,19,Ozur,Halodayi,18,18,4
2023-03-11,20,Yok Muydu Vaktin Bana?,Gunes,13,9,4
2023-03-11,21,10MG,Motive,19,1,15
2023-03-11,22,Senin Ugruna,UZI & Mavi,25,1,25
2023-03-11,23,Olur Mu?,Gazapizm & Melike Sahin,22,2,19
2023-03-11,24,25,Ati242,23,16,11
2023-03-11,25,Yalani Birak,Sakiler,24,10,14
2023-03-18,1,Askin Olayim (Onurr),Simge,1,1,28
2023-03-18,2,Yana Yana,Reynmen & Semicenk,2,1,5
2023-03-18,3,Antidepresan,Mert Demir & Mabel Matiz,3,1,18
2023-03-18,4,Belki,Dedubluman Featuring Mavzer Tabancas,5,1,24
2023-03-18,5,Sevecek Sandim,Semicenk,4,4,6
2023-03-18,6,Bi Tek Ben Anlarim,KOFN,6,1,44
2023-03-18,7,VUR,BLOK3,10,7,10
2023-03-18,8,Nkbi X Yapamam (Remix),Gunes & Lvbel C5,8,2,10
2023-03-18,9,Imparator,Heijan & Muti,9,5,8
2023-03-18,10,Affetmem,BLOK3,7,3,8
2023-03-18,11,Diyardan Diyara,"Cakal, Arem Ozguc & Arman Aydin",12,11,5
2023-03-18,12,Talibana,DEHA INC. & Reckol,17,4,9
2023-03-18,13,Cano,Burak Bulut,13,13,11
2023-03-18,14,Zor,UZI,14,10,11
2023-03-18,15,Dacia,Lvbel C5,11,2,8
2023-03-18,16,Unutmak Oyle Kolay Mi Sandin,Semicenk,16,4,28
2023-03-18,17,10MG,Motive,21,1,16
2023-03-18,18,Firtinadayim,Mabel Matiz,15,2,17
2023-03-18,19,Masal Gibi,Semicenk,18,8,19
2023-03-18,20,Ozur,Halodayi,19,18,5
2023-03-18,21,Senin Ugruna,UZI & Mavi,22,1,26
2023-03-18,22,Olur Mu?,Gazapizm & Melike Sahin,23,2,20
2023-03-18,23,25,Ati242,24,16,12
2023-03-18,24,Olumle Yasam Arasinda,Mavi Gri & Ahmet Hatipoglu,-,7,18
2023-03-18,25,Nkbi,Gunes,-,6,15
2023-03-25,1,Askin Olayim (Onurr),Simge,1,1,29
2023-03-25,2,Yana Yana,Reynmen & Semicenk,2,1,6
2023-03-25,3,Sevecek Sandim,Semicenk,5,3,7
2023-03-25,4,Belki,Dedubluman Featuring Mavzer Tabancas,4,1,25
2023-03-25,5,Antidepresan,Mert Demir & Mabel Matiz,3,1,19
2023-03-25,6,Nkbi X Yapamam (Remix),Gunes & Lvbel C5,8,2,11
2023-03-25,7,Merve (Masada Chivas),B4TU INC.,-,7,1
2023-03-25,8,Bi Tek Ben Anlarim,KOFN,6,1,45
2023-03-25,9,Affetmem,BLOK3,10,3,9
2023-03-25,10,VUR,BLOK3,7,7,11
2023-03-25,11,Randevu,Motive,-,11,1
2023-03-25,12,Imparator,Heijan & Muti,9,5,9
2023-03-25,13,Diyardan Diyara,"Cakal, Arem Ozguc & Arman Aydin",11,11,6
2023-03-25,14,Zor,UZI,14,10,12
2023-03-25,15,Dayanamiyorum,Kerim Araz Featuring Sevgim Yilmaz,-,15,1
2023-03-25,16,Cano,Burak Bulut,13,13,12
2023-03-25,17,Dacia,Lvbel C5,15,2,9
2023-03-25,18,Firtinadayim,Mabel Matiz,18,2,18
2023-03-25,19,Vampir,UZI,-,19,1
2023-03-25,20,Unutmak Oyle Kolay Mi Sandin,Semicenk,16,4,29
2023-03-25,21,10MG,Motive,17,1,17
2023-03-25,22,Masal Gibi,Semicenk,19,8,20
2023-03-25,23,Ozur,Halodayi,20,18,6
2023-03-25,24,Senin Ugruna,UZI & Mavi,21,1,27
2023-03-25,25,25,Ati242,23,16,13
2023-04-01,1,Gaz Pedal,"Lvbel C5, Arem Ozguc & Arman Aydin",-,1,1
2023-04-01,2,Yana Yana,Reynmen & Semicenk,2,1,7
2023-04-01,3,Askin Olayim (Onurr),Simge,1,1,30
2023-04-01,4,Sevecek Sandim,Semicenk,3,3,8
2023-04-01,5,BayBay,BLOK3,-,5,1
2023-04-01,6,Belki,Dedubluman Featuring Mavzer Tabancas,4,1,26
2023-04-01,7,Antidepresan,Mert Demir & Mabel Matiz,5,1,20
2023-04-01,8,Nkbi X Yapamam (Remix),Gunes & Lvbel C5,6,2,12
2023-04-01,9,Bi Tek Ben Anlarim,KOFN,8,1,46
2023-04-01,10,VUR,BLOK3,10,7,12
2023-04-01,11,Dayanamiyorum,Kerim Araz Featuring Sevgim Yilmaz,15,11,2
2023-04-01,12,Affetmem,BLOK3,9,3,10
2023-04-01,13,Paspartu,Ezhel,-,13,1
2023-04-01,14,Imparator,Heijan & Muti,12,5,10
2023-04-01,15,Randevu,Motive,11,11,2
2023-04-01,16,Merve (Masada Chivas),B4TU INC.,7,7,2
2023-04-01,17,Cano,Burak Bulut,16,13,13
2023-04-01,18,Firtinadayim,Mabel Matiz,18,2,19
2023-04-01,19,Zor,UZI,14,10,13
2023-04-01,20,Diyardan Diyara,"Cakal, Arem Ozguc & Arman Aydin",13,11,7
2023-04-01,21,Intikam,"Muti, Heijan & UZI",-,21,1
2023-04-01,22,Unutmak Oyle Kolay Mi Sandin,Semicenk,20,4,30
2023-04-01,23,Masal Gibi,Semicenk,22,8,21
2023-04-01,24,Dacia,Lvbel C5,17,2,10
2023-04-01,25,10MG,Motive,21,1,18
2023-04-08,1,Gaz Pedal,"Lvbel C5, Arem Ozguc & Arman Aydin",1,1,2
2023-04-08,2,Yana Yana,Reynmen & Semicenk,2,1,8
2023-04-08,3,Askin Olayim (Onurr),Simge,3,1,31
2023-04-08,4,BayBay,BLOK3,5,4,2
2023-04-08,5,Sevecek Sandim,Semicenk,4,3,9
2023-04-08,6,Belki,Dedubluman Featuring Mavzer Tabancas,6,1,27
2023-04-08,7,Antidepresan,Mert Demir & Mabel Matiz,7,1,21
2023-04-08,8,Nkbi X Yapamam (Remix),Gunes & Lvbel C5,8,2,13
2023-04-08,9,Bi Tek Ben Anlarim,KOFN,9,1,47
2023-04-08,10,VUR,BLOK3,10,7,13
2023-04-08,11,Affetmem,BLOK3,12,3,11
2023-04-08,12,Merve (Masada Chivas),B4TU INC.,16,7,3
2023-04-08,13,Gang,Motive & Cairo,-,13,1
2023-04-08,14,Veda Saati,Sefo,-,14,1
2023-04-08,15,Dayanamiyorum,Kerim Araz Featuring Sevgim Yilmaz,11,11,3
2023-04-08,16,Imparator,Heijan & Muti,14,5,11
2023-04-08,17,Diyardan Diyara,"Cakal, Arem Ozguc & Arman Aydin",20,11,8
2023-04-08,18,Yaz Gulu,irem Derici,-,18,1
2023-04-08,19,Cano,Burak Bulut,17,13,14
2023-04-08,20,Zor,UZI,19,10,14
2023-04-08,21,Unutmak Oyle Kolay Mi Sandin,Semicenk,22,4,31
2023-04-08,22,Firtinadayim,Mabel Matiz,18,2,20
2023-04-08,23,Masal Gibi,Semicenk,23,8,22
2023-04-08,24,Randevu,Motive,15,11,3
2023-04-08,25,10MG,Motive,25,1,19
2023-04-15,1,Yana Yana,Reynmen & Semicenk,2,1,9
2023-04-15,2,Gaz Pedal,"Lvbel C5, Arem Ozguc & Arman Aydin",1,1,3
2023-04-15,3,Askin Olayim (Onurr),Simge,3,1,32
2023-04-15,4,BayBay,BLOK3,4,4,3
2023-04-15,5,Sevecek Sandim,Semicenk,5,3,10
2023-04-15,6,Affetmem,BLOK3,11,3,12
2023-04-15,7,Nkbi X Yapamam (Remix),Gunes & Lvbel C5,8,2,14
2023-04-15,8,Antidepresan,Mert Demir & Mabel Matiz,7,1,22
2023-04-15,9,Merve (Masada Chivas),B4TU INC.,12,7,4
2023-04-15,10,Belki,Dedubluman Featuring Mavzer Tabancas,6,1,28
2023-04-15,11,Bi Tek Ben Anlarim,KOFN,9,1,48
2023-04-15,12,Gozlerimi Kapattim,Velet,-,12,1
2023-04-15,13,VUR,BLOK3,10,7,14
2023-04-15,14,Yaz Gulu,irem Derici,18,14,2
2023-04-15,15,Cano,Burak Bulut,19,13,15
2023-04-15,16,Veda Saati,Sefo,14,14,2
2023-04-15,17,Dayanamiyorum,Kerim Araz Featuring Sevgim Yilmaz,15,11,4
2023-04-15,18,Diyardan Diyara,"Cakal, Arem Ozguc & Arman Aydin",17,11,9
2023-04-15,19,Zor,UZI,20,10,15
2023-04-15,20,Unutmak Oyle Kolay Mi Sandin,Semicenk,21,4,32
2023-04-15,21,Masal Gibi,Semicenk,23,8,23
2023-04-15,22,Firtinadayim,Mabel Matiz,22,2,21
2023-04-15,23,Imparator,Heijan & Muti,16,5,12
2023-04-15,24,Flower,JISOO,-,24,1
2023-04-15,25,Yakalarsan,Cakal,-,25,1
2023-04-22,1,Yana Yana,Reynmen & Semicenk,1,1,10
2023-04-22,2,Gozlerimi Kapattim,Velet,12,2,2
2023-04-22,3,Askin Olayim (Onurr),Simge,3,1,33
2023-04-22,4,Gaz Pedal,"Lvbel C5, Arem Ozguc & Arman Aydin",2,1,4
2023-04-22,5,BayBay,BLOK3,4,4,4
2023-04-22,6,Sevecek Sandim,Semicenk,5,3,11
2023-04-22,7,Antidepresan,Mert Demir & Mabel Matiz,8,1,23
2023-04-22,8,Affetmem,BLOK3,6,3,13
2023-04-22,9,Nkbi X Yapamam (Remix),Gunes & Lvbel C5,7,2,15
2023-04-22,10,Belki,Dedubluman Featuring Mavzer Tabancas,10,1,29
2023-04-22,11,Yaz Gulu,irem Derici,14,11,3
2023-04-22,12,Bi Tek Ben Anlarim,KOFN,11,1,49
2023-04-22,13,VUR,BLOK3,13,7,15
2023-04-22,14,Diyardan Diyara,"Cakal, Arem Ozguc & Arman Aydin",18,11,10
2023-04-22,15,Veda Saati,Sefo,16,14,3
2023-04-22,16,Dayanamiyorum,Kerim Araz Featuring Sevgim Yilmaz,17,11,5
2023-04-22,17,Merve (Masada Chivas),B4TU INC.,9,7,5
2023-04-22,18,Cano,Burak Bulut,15,13,16
2023-04-22,19,Unutmak Oyle Kolay Mi Sandin,Semicenk,20,4,33
2023-04-22,20,Zor,UZI,19,10,16
2023-04-22,21,Masal Gibi,Semicenk,21,8,24
2023-04-22,22,Imparator,Heijan & Muti,23,5,13
2023-04-22,23,Yakalarsan,Cakal,25,23,2
2023-04-22,24,Firtinadayim,Mabel Matiz,22,2,22
2023-04-22,25,Ozur,Halodayi,-,18,7
2023-04-29,1,Gozlerimi Kapattim,Velet,2,1,3
2023-04-29,2,Yana Yana,Reynmen & Semicenk,1,1,11
2023-04-29,3,Askin Olayim (Onurr),Simge,3,1,34
2023-04-29,4,Gaz Pedal,"Lvbel C5, Arem Ozguc & Arman Aydin",4,1,5
2023-04-29,5,BayBay,BLOK3,5,4,5
2023-04-29,6,Yaz Gulu,irem Derici,11,6,4
2023-04-29,7,Sevecek Sandim,Semicenk,6,3,12
2023-04-29,8,Antidepresan,Mert Demir & Mabel Matiz,7,1,24
2023-04-29,9,Affetmem,BLOK3,8,3,14
2023-04-29,10,Nkbi X Yapamam (Remix),Gunes & Lvbel C5,9,2,16
2023-04-29,11,Feryat,Hadise,-,11,1
2023-04-29,12,Bi Tek Ben Anlarim,KOFN,12,1,50
2023-04-29,13,VUR,BLOK3,13,7,16
2023-04-29,14,Belki,Dedubluman Featuring Mavzer Tabancas,10,1,30
2023-04-29,15,Dayanamiyorum,Kerim Araz Featuring Sevgim Yilmaz,16,11,6
2023-04-29,16,Karanlik Dunyam,Canbay & Wolker,-,16,1
2023-04-29,17,Merve (Masada Chivas),B4TU INC.,17,7,6
2023-04-29,18,Pence,Melike Sahin,-,18,1
2023-04-29,19,Diyardan Diyara,"Cakal, Arem Ozguc & Arman Aydin",14,11,11
2023-04-29,20,Diken Mi Gul Mu?,Sibel Can Featuring Eypio,-,20,1
2023-04-29,21,Veda Saati,Sefo,15,14,4
2023-04-29,22,Cano,Burak Bulut,18,13,17
2023-04-29,23,Unutmak Oyle Kolay Mi Sandin,Semicenk,19,4,34
2023-04-29,24,Zor,UZI,20,10,17
2023-04-29,25,Masal Gibi,Semicenk,21,8,25
2023-05-06,1,Kader Sag Olsun,Semicenk & Rast,-,1,1
2023-05-06,2,Yana Yana,Reynmen & Semicenk,2,1,12
2023-05-06,3,Gozlerimi Kapattim,Velet,1,1,4
2023-05-06,4,Askin Olayim (Onurr),Simge,3,1,35
2023-05-06,5,Gaz Pedal,"Lvbel C5, Arem Ozguc & Arman Aydin",4,1,6
2023-05-06,6,Yaz Gulu,irem Derici,6,6,5
2023-05-06,7,BayBay,BLOK3,5,4,6
2023-05-06,8,Antidepresan,Mert Demir & Mabel Matiz,8,1,25
2023-05-06,9,Affetmem,BLOK3,9,3,15
2023-05-06,10,Nkbi X Yapamam (Remix),Gunes & Lvbel C5,10,2,17
2023-05-06,11,24/7,ALIZADE & BEGE,-,11,1
2023-05-06,12,Bi Tek Ben Anlarim,KOFN,12,1,51
2023-05-06,13,Sevecek Sandim,Semicenk,7,3,13
2023-05-06,14,Belki,Dedubluman Featuring Mavzer Tabancas,14,1,31
2023-05-06,15,Karanlik Dunyam,Canbay & Wolker,16,15,2
2023-05-06,16,VUR,BLOK3,13,7,17
2023-05-06,17,Aferin,Mabel Matiz,-,17,1
2023-05-06,18,Diken Mi Gul Mu?,Sibel Can Featuring Eypio,20,18,2
2023-05-06,19,Masal Gibi,Semicenk,25,8,26
2023-05-06,20,Feryat,Hadise,11,11,2
2023-05-06,21,Dayanamiyorum,Kerim Araz Featuring Sevgim Yilmaz,15,11,7
2023-05-06,22,Merve (Masada Chivas),B4TU INC.,17,7,7
2023-05-06,23,Unutmak Oyle Kolay Mi Sandin,Semicenk,23,4,35
2023-05-06,24,Diyardan Diyara,"Cakal, Arem Ozguc & Arman Aydin",19,11,12
2023-05-06,25,Cano,Burak Bulut,22,13,18
2023-05-13,1,Kader Sag Olsun,Semicenk & Rast,1,1,2
2023-05-13,2,24/7,ALIZADE & BEGE,11,2,2
2023-05-13,3,Askin Olayim (Onurr),Simge,4,1,36
2023-05-13,4,Yana Yana,Reynmen & Semicenk,2,1,13
2023-05-13,5,Gozlerimi Kapattim,Velet,3,1,5
2023-05-13,6,Yaz Gulu,irem Derici,6,6,6
2023-05-13,7,Gaz Pedal,"Lvbel C5, Arem Ozguc & Arman Aydin",5,1,7
2023-05-13,8,BayBay,BLOK3,7,4,7
2023-05-13,9,Diken Mi Gul Mu?,Sibel Can Featuring Eypio,18,9,3
2023-05-13,10,Affetmem,BLOK3,9,3,16
2023-05-13,11,Nkbi X Yapamam (Remix),Gunes & Lvbel C5,10,2,18
2023-05-13,12,Bi Tek Ben Anlarim,KOFN,12,1,52
2023-05-13,13,Sevecek Sandim,Semicenk,13,3,14
2023-05-13,14,Antidepresan,Mert Demir & Mabel Matiz,8,1,26
2023-05-13,15,Yaptiricaz Tirnaklarini,BLOK3,-,15,1
2023-05-13,16,Belki,Dedubluman Featuring Mavzer Tabancas,14,1,32
2023-05-13,17,Feryat,Hadise,20,11,3
2023-05-13,18,Karanlik Dunyam,Canbay & Wolker,15,15,3
2023-05-13,19,VUR,BLOK3,16,7,18
2023-05-13,20,Dayanamiyorum,Kerim Araz Featuring Sevgim Yilmaz,21,11,8
2023-05-13,21,Masal Gibi,Semicenk,19,8,27
2023-05-13,22,Diyardan Diyara,"Cakal, Arem Ozguc & Arman Aydin",24,11,13
2023-05-13,23,Unutmak Oyle Kolay Mi Sandin,Semicenk,23,4,36
2023-05-13,24,Hayran Kalican,Cakal,-,24,1
2023-05-13,25,Merve (Masada Chivas),B4TU INC.,22,7,8
2023-05-20,1,Geri Donemedim,Semicenk,-,1,1
2023-05-20,2,Kader Sag Olsun,Semicenk & Rast,1,1,3
2023-05-20,3,24/7,ALIZADE & BEGE,2,2,3
2023-05-20,4,Askin Olayim (Onurr),Simge,3,1,37
2023-05-20,5,Yana Yana,Reynmen & Semicenk,4,1,14
2023-05-20,6,Gozlerimi Kapattim,Velet,5,1,6
2023-05-20,7,Diken Mi Gul Mu?,Sibel Can Featuring Eypio,9,7,4
2023-05-20,8,Sevecek Sandim,Semicenk,13,3,15
2023-05-20,9,Yaz Gulu,irem Derici,6,6,7
2023-05-20,10,BayBay,BLOK3,8,4,8
2023-05-20,11,Affetmem,BLOK3,10,3,17
2023-05-20,12,Nkbi X Yapamam (Remix),Gunes & Lvbel C5,11,2,19
2023-05-20,13,Gaz Pedal,"Lvbel C5, Arem Ozguc & Arman Aydin",7,1,8
2023-05-20,14,Bi Tek Ben Anlarim,KOFN,12,1,53
2023-05-20,15,Belki,Dedubluman Featuring Mavzer Tabancas,16,1,33
2023-05-20,16,Aferin,Mabel Matiz,-,16,2
2023-05-20,17,Yaptiricaz Tirnaklarini,BLOK3,15,15,2
2023-05-20,18,Antidepresan,Mert Demir & Mabel Matiz,14,1,27
2023-05-20,19,VUR,BLOK3,19,7,19
2023-05-20,20,Karanlik Dunyam,Canbay & Wolker,18,15,4
2023-05-20,21,Fan,Mabel Matiz,-,21,1
2023-05-20,22,Masal Gibi,Semicenk,21,8,28
2023-05-20,23,Unutmak Oyle Kolay Mi Sandin,Semicenk,23,4,37
2023-05-20,24,Aynen,Heijan & Muti,-,24,1
2023-05-20,25,Diyardan Diyara,"Cakal, Arem Ozguc & Arman Aydin",22,11,14
2023-05-27,1,Geri Donemedim,Semicenk,1,1,2
2023-05-27,2,Kader Sag Olsun,Semicenk & Rast,2,1,4
2023-05-27,3,24/7,ALIZADE & BEGE,3,2,4
2023-05-27,4,Askin Olayim (Onurr),Simge,4,1,38
2023-05-27,5,Yana Yana,Reynmen & Semicenk,5,1,15
2023-05-27,6,Aynen,Heijan & Muti,24,6,2
2023-05-27,7,Gozlerimi Kapattim,Velet,6,1,7
2023-05-27,8,BayBay,BLOK3,10,4,9
2023-05-27,9,Diken Mi Gul Mu?,Sibel Can Featuring Eypio,7,7,5
2023-05-27,10,Sevecek Sandim,Semicenk,8,3,16
2023-05-27,11,Affetmem,BLOK3,11,3,18
2023-05-27,12,Yaz Gulu,irem Derici,9,6,8
2023-05-27,13,Padisahim,Paptircem,-,13,1
2023-05-27,14,Yaptiricaz Tirnaklarini,BLOK3,17,14,3
2023-05-27,15,Nkbi X Yapamam (Remix),Gunes & Lvbel C5,12,2,20
2023-05-27,16,Gaz Pedal,"Lvbel C5, Arem Ozguc & Arman Aydin",13,1,9
2023-05-27,17,Bi Tek Ben Anlarim,KOFN,14,1,54
2023-05-27,18,Fan,Mabel Matiz,21,18,2
2023-05-27,19,Antidepresan,Mert Demir & Mabel Matiz,18,1,28
2023-05-27,20,Belki,Dedubluman Featuring Mavzer Tabancas,15,1,34
2023-05-27,21,Padisah,Sibel Can,-,21,1
2023-05-27,22,VUR,BLOK3,19,7,20
2023-05-27,23,Aferin,Mabel Matiz,16,16,3
2023-05-27,24,Karanlik Dunyam,Canbay & Wolker,20,15,5
2023-05-27,25,Unutmak Oyle Kolay Mi Sandin,Semicenk,23,4,38
2023-06-03,1,Geri Donemedim,Semicenk,1,1,3
2023-06-03,2,Kader Sag Olsun,Semicenk & Rast,2,1,5
2023-06-03,3,24/7,ALIZADE & BEGE,3,2,5
2023-06-03,4,Askin Olayim (Onurr),Simge,4,1,39
2023-06-03,5,Yana Yana,Reynmen & Semicenk,5,1,16
2023-06-03,6,Aynen,Heijan & Muti,6,6,3
2023-06-03,7,Seni Severdim,Yildiz Usmonova Featuring Yasar Gunacgun,-,7,1
2023-06-03,8,Gozlerimi Kapattim,Velet,7,1,8
2023-06-03,9,Sevecek Sandim,Semicenk,10,3,17
2023-06-03,10,Yaz Gulu,irem Derici,12,6,9
2023-06-03,11,Sen Donene Kadar,Murda & Hadise,-,11,1
2023-06-03,12,BayBay,BLOK3,8,4,10
2023-06-03,13,Affetmem,BLOK3,11,3,19
2023-06-03,14,Diken Mi Gul Mu?,Sibel Can Featuring Eypio,9,7,6
2023-06-03,15,Fan,Mabel Matiz,18,15,3
2023-06-03,16,Nkbi X Yapamam (Remix),Gunes & Lvbel C5,15,2,21
2023-06-03,17,Yaptiricaz Tirnaklarini,BLOK3,14,14,4
2023-06-03,18,Bi Tek Ben Anlarim,KOFN,17,1,55
2023-06-03,19,Padisahim,Paptircem,13,13,2
2023-06-03,20,Belki,Dedubluman Featuring Mavzer Tabancas,20,1,35
2023-06-03,21,Gaz Pedal,"Lvbel C5, Arem Ozguc & Arman Aydin",16,1,10
2023-06-03,22,Antidepresan,Mert Demir & Mabel Matiz,19,1,29
2023-06-03,23,VUR,BLOK3,22,7,21
2023-06-03,24,Unutmak Oyle Kolay Mi Sandin,Semicenk,25,4,39
2023-06-03,25,Karanlik Dunyam,Canbay & Wolker,24,15,6
2023-06-10,1,Geri Donemedim,Semicenk,1,1,4
2023-06-10,2,Askin Olayim (Onurr),Simge,4,1,40
2023-06-10,3,Kader Sag Olsun,Semicenk & Rast,2,1,6
2023-06-10,4,24/7,ALIZADE & BEGE,3,2,6
2023-06-10,5,Yana Yana,Reynmen & Semicenk,5,1,17
2023-06-10,6,Seni Severdim,Yildiz Usmonova Featuring Yasar Gunacgun,7,6,2
2023-06-10,7,Aynen,Heijan & Muti,6,6,4
2023-06-10,8,Sevecek Sandim,Semicenk,9,3,18
2023-06-10,9,Gozlerimi Kapattim,Velet,8,1,9
2023-06-10,10,BayBay,BLOK3,12,4,11
2023-06-10,11,Fan,Mabel Matiz,15,11,4
2023-06-10,12,Yaz Gulu,irem Derici,10,6,10
2023-06-10,13,Affetmem,BLOK3,13,3,20
2023-06-10,14,Diken Mi Gul Mu?,Sibel Can Featuring Eypio,14,7,7
2023-06-10,15,Celladina Asik,Kubilay Karca,-,15,1
2023-06-10,16,Sen Donene Kadar,Murda & Hadise,11,11,2
2023-06-10,17,Nkbi X Yapamam (Remix),Gunes & Lvbel C5,16,2,22
2023-06-10,18,Bi Tek Ben Anlarim,KOFN,18,1,56
2023-06-10,19,Belki,Dedubluman Featuring Mavzer Tabancas,20,1,36
2023-06-10,20,Antidepresan,Mert Demir & Mabel Matiz,22,1,30
2023-06-10,21,Gaz Pedal,"Lvbel C5, Arem Ozguc & Arman Aydin",21,1,11
2023-06-10,22,VUR,BLOK3,23,7,22
2023-06-10,23,Padisahim,Paptircem,19,13,3
2023-06-10,24,Yaptiricaz Tirnaklarini,BLOK3,17,14,5
2023-06-10,25,Unutmak Oyle Kolay Mi Sandin,Semicenk,24,4,40
2023-06-17,1,Pisman Degilim,Dogu Swag & Semicenk,-,1,1
2023-06-17,2,Askin Olayim (Onurr),Simge,2,1,41
2023-06-17,3,Geri Donemedim,Semicenk,1,1,5
2023-06-17,4,Kader Sag Olsun,Semicenk & Rast,3,1,7
2023-06-17,5,24/7,ALIZADE & BEGE,4,2,7
2023-06-17,6,Yana Yana,Reynmen & Semicenk,5,1,18
2023-06-17,7,Sevecek Sandim,Semicenk,8,3,19
2023-06-17,8,Celladina Asik,Kubilay Karca,15,8,2
2023-06-17,9,Aynen,Heijan & Muti,7,6,5
2023-06-17,10,Gozlerimi Kapattim,Velet,9,1,10
2023-06-17,11,Yaz Gulu,irem Derici,12,6,11
2023-06-17,12,BayBay,BLOK3,10,4,12
2023-06-17,13,Seni Severdim,Yildiz Usmonova Featuring Yasar Gunacgun,6,6,3
2023-06-17,14,Affetmem,BLOK3,13,3,21
2023-06-17,15,Fan,Mabel Matiz,11,11,5
2023-06-17,16,Diken Mi Gul Mu?,Sibel Can Featuring Eypio,14,7,8
2023-06-17,17,Sen Donene Kadar,Murda & Hadise,16,11,3
2023-06-17,18,Bi Tek Ben Anlarim,KOFN,18,1,57
2023-06-17,19,Gaz Pedal,"Lvbel C5, Arem Ozguc & Arman Aydin",21,1,12
2023-06-17,20,Masal Gibi,Semicenk,-,8,29
2023-06-17,21,Nkbi X Yapamam (Remix),Gunes & Lvbel C5,17,2,23
2023-06-17,22,Belki,Dedubluman Featuring Mavzer Tabancas,19,1,37
2023-06-17,23,Antidepresan,Mert Demir & Mabel Matiz,20,1,31
2023-06-17,24,VUR,BLOK3,22,7,23
2023-06-17,25,Yaptiricaz Tirnaklarini,BLOK3,24,14,6
2023-06-24,1,Pisman Degilim,Dogu Swag & Semicenk,1,1,2
2023-06-24,2,Askin Olayim (Onurr),Simge,2,1,42
2023-06-24,3,Geri Donemedim,Semicenk,3,1,6
2023-06-24,4,Kader Sag Olsun,Semicenk & Rast,4,1,8
2023-06-24,5,24/7,ALIZADE & BEGE,5,2,8
2023-06-24,6,Yana Yana,Reynmen & Semicenk,6,1,19
2023-06-24,7,Celladina Asik,Kubilay Karca,8,7,3
2023-06-24,8,Sevecek Sandim,Semicenk,7,3,20
2023-06-24,9,Aynen,Heijan & Muti,9,6,6
2023-06-24,10,BayBay,BLOK3,12,4,13
2023-06-24,11,Yaz Gulu,irem Derici,11,6,12
2023-06-24,12,Gozlerimi Kapattim,Velet,10,1,11
2023-06-24,13,Bi Tek Ben Anlarim,KOFN,18,1,58
2023-06-24,14,Affetmem,BLOK3,14,3,22
2023-06-24,15,Fan,Mabel Matiz,15,11,6
2023-06-24,16,Seni Severdim,Yildiz Usmonova Featuring Yasar Gunacgun,13,6,4
2023-06-24,17,Diken Mi Gul Mu?,Sibel Can Featuring Eypio,16,7,9
2023-06-24,18,Sen Donene Kadar,Murda & Hadise,17,11,4
2023-06-24,19,Ask Olsun,Cakal,-,19,1
2023-06-24,20,Masal Gibi,Semicenk,20,8,30
2023-06-24,21,Antidepresan,Mert Demir & Mabel Matiz,23,1,32
2023-06-24,22,Nkbi X Yapamam (Remix),Gunes & Lvbel C5,21,2,24
2023-06-24,23,Gaz Pedal,"Lvbel C5, Arem Ozguc & Arman Aydin",19,1,13
2023-06-24,24,Kontak,Summer Cem Featuring Ezhel,-,24,1
2023-06-24,25,VUR,BLOK3,24,7,24
2023-07-01,1,Pisman Degilim,Dogu Swag & Semicenk,1,1,3
2023-07-01,2,Caney,UZI,-,2,1
2023-07-01,3,Kader Sag Olsun,Semicenk & Rast,4,1,9
2023-07-01,4,Geri Donemedim,Semicenk,3,1,7
2023-07-01,5,Askin Olayim (Onurr),Simge,2,1,43
2023-07-01,6,24/7,ALIZADE & BEGE,5,2,9
2023-07-01,7,Yana Yana,Reynmen & Semicenk,6,1,20
2023-07-01,8,Sevecek Sandim,Semicenk,8,3,21
2023-07-01,9,Baba,Lvbel C5,-,9,1
2023-07-01,10,Ask Olsun,Cakal,19,10,2
2023-07-01,11,Araba,Sefo,-,11,1
2023-07-01,12,BayBay,BLOK3,10,4,14
2023-07-01,13,Celladina Asik,Kubilay Karca,7,7,4
2023-07-01,14,Yaz Gulu,irem Derici,11,6,13
2023-07-01,15,Aynen,Heijan & Muti,9,6,7
2023-07-01,16,Affetmem,BLOK3,14,3,23
2023-07-01,17,Gozlerimi Kapattim,Velet,12,1,12
2023-07-01,18,Fan,Mabel Matiz,15,11,7
2023-07-01,19,Diken Mi Gul Mu?,Sibel Can Featuring Eypio,17,7,10
2023-07-01,20,Kontak,Summer Cem Featuring Ezhel,24,20,2
2023-07-01,21,Bi Tek Ben Anlarim,KOFN,13,1,59
2023-07-01,22,Seni Severdim,Yildiz Usmonova Featuring Yasar Gunacgun,16,6,5
2023-07-01,23,Sen Donene Kadar,Murda & Hadise,18,11,5
2023-07-01,24,Masal Gibi,Semicenk,20,8,31
2023-07-01,25,Diva Yorgun,Melike Sahin,-,25,1
2023-07-08,1,Pisman Degilim,Dogu Swag & Semicenk,1,1,4
2023-07-08,2,Caney,UZI,2,2,2
2023-07-08,3,Kader Sag Olsun,Semicenk & Rast,3,1,10
2023-07-08,4,Geri Donemedim,Semicenk,4,1,8
2023-07-08,5,Askin Olayim (Onurr),Simge,5,1,44
2023-07-08,6,24/7,ALIZADE & BEGE,6,2,10
2023-07-08,7,Araba,Sefo,11,7,2
2023-07-08,8,Yana Yana,Reynmen & Semicenk,7,1,21
2023-07-08,9,N'aptigini Bilmesem de,BLOK3,-,9,1
2023-07-08,10,Ask Olsun,Cakal,10,10,3
2023-07-08,11,Sevecek Sandim,Semicenk,8,3,22
2023-07-08,12,Baba,Lvbel C5,9,9,2
2023-07-08,13,Yaz Gulu,irem Derici,14,6,14
2023-07-08,14,BayBay,BLOK3,12,4,15
2023-07-08,15,Ali Cabbar,Emir Can Igrek,-,15,1
2023-07-08,16,Affetmem,BLOK3,16,3,24
2023-07-08,17,Aynen,Heijan & Muti,15,6,8
2023-07-08,18,Celladina Asik,Kubilay Karca,13,7,5
2023-07-08,19,Gozlerimi Kapattim,Velet,17,1,13
2023-07-08,20,Aman Guzel Yavas Yuru,Halodayi X Azer Bulbul,-,20,1
2023-07-08,21,Kontak,Summer Cem Featuring Ezhel,20,20,3
2023-07-08,22,Diken Mi Gul Mu?,Sibel Can Featuring Eypio,19,7,11
2023-07-08,23,Sen Donene Kadar,Murda & Hadise,23,11,6
2023-07-08,24,Fan,Mabel Matiz,18,11,8
2023-07-08,25,DEFOL,Lil Zey,-,25,1
2023-07-15,1,Ali Cabbar,Emir Can Igrek,15,1,2
2023-07-15,2,Aman Guzel Yavas Yuru,Halodayi X Azer Bulbul,20,2,2
2023-07-15,3,Pisman Degilim,Dogu Swag & Semicenk,1,1,5
2023-07-15,4,Caney,UZI,2,2,3
2023-07-15,5,Kader Sag Olsun,Semicenk & Rast,3,1,11
2023-07-15,6,Geri Donemedim,Semicenk,4,1,9
2023-07-15,7,24/7,ALIZADE & BEGE,6,2,11
2023-07-15,8,Yana Yana,Reynmen & Semicenk,8,1,22
2023-07-15,9,Askin Olayim (Onurr),Simge,5,1,45
2023-07-15,10,N'aptigini Bilmesem de,BLOK3,9,9,2
2023-07-15,11,Araba,Sefo,7,7,3
2023-07-15,12,Ask Olsun,Cakal,10,10,4
2023-07-15,13,BayBay,BLOK3,14,4,16
2023-07-15,14,Sevecek Sandim,Semicenk,11,3,23
2023-07-15,15,Baba,Lvbel C5,12,9,3
2023-07-15,16,Yaz Gulu,irem Derici,13,6,15
2023-07-15,17,Affetmem,BLOK3,16,3,25
2023-07-15,18,Aynen,Heijan & Muti,17,6,9
2023-07-15,19,Cuma,Cakal,-,19,1
2023-07-15,20,DEFOL,Lil Zey,25,20,2
2023-07-15,21,Celladina Asik,Kubilay Karca,18,7,6
2023-07-15,22,Sen Donene Kadar,Murda & Hadise,23,11,7
2023-07-15,23,Gozlerimi Kapattim,Velet,19,1,14
2023-07-15,24,VUR,BLOK3,-,7,25
2023-07-15,25,Fan,Mabel Matiz,24,11,9
2023-07-22,1,Ali Cabbar,Emir Can Igrek,1,1,3
2023-07-22,2,Aman Guzel Yavas Yuru,Halodayi X Azer Bulbul,2,2,3
2023-07-22,3,Pisman Degilim,Dogu Swag & Semicenk,3,1,6
2023-07-22,4,Caney,UZI,4,2,4
2023-07-22,5,Manolya,Burak Bulut & Kurtulus Kus,-,5,1
2023-07-22,6,Geri Donemedim,Semicenk,6,1,10
2023-07-22,7,Kader Sag Olsun,Semicenk & Rast,5,1,12
2023-07-22,8,Araba,Sefo,11,7,4
2023-07-22,9,24/7,ALIZADE & BEGE,7,2,12
2023-07-22,10,Yana Yana,Reynmen & Semicenk,8,1,23
2023-07-22,11,Ask Olsun,Cakal,12,10,5
2023-07-22,12,N'aptigini Bilmesem de,BLOK3,10,9,3
2023-07-22,13,Askin Olayim (Onurr),Simge,9,1,46
2023-07-22,14,BayBay,BLOK3,13,4,17
2023-07-22,15,Sevecek Sandim,Semicenk,14,3,24
2023-07-22,16,Cuma,Cakal,19,16,2
2023-07-22,17,DEFOL,Lil Zey,20,17,3
2023-07-22,18,Diva Yorgun,Melike Sahin,-,18,2
2023-07-22,19,Yaz Gulu,irem Derici,16,6,16
2023-07-22,20,Baba,Lvbel C5,15,9,4
2023-07-22,21,Aynen,Heijan & Muti,18,6,10
2023-07-22,22,Gozlerimi Kapattim,Velet,23,1,15
2023-07-22,23,Sen Donene Kadar,Murda & Hadise,22,11,8
2023-07-22,24,Zalim,Sezen Aksu,-,24,1
2023-07-22,25,VUR,BLOK3,24,7,26
2023-07-29,1,Aman Guzel Yavas Yuru,Halodayi X Azer Bulbul,2,1,4
2023-07-29,2,Ali Cabbar,Emir Can Igrek,1,1,4
2023-07-29,3,Manolya,Burak Bulut & Kurtulus Kus,5,3,2
2023-07-29,4,Pisman Degilim,Dogu Swag & Semicenk,3,1,7
2023-07-29,5,Caney,UZI,4,2,5
2023-07-29,6,Araba,Sefo,8,6,5
2023-07-29,7,Ask Olsun,Cakal,11,7,6
2023-07-29,8,Geri Donemedim,Semicenk,6,1,11
2023-07-29,9,Kader Sag Olsun,Semicenk & Rast,7,1,13
2023-07-29,10,Yana Yana,Reynmen & Semicenk,10,1,24
2023-07-29,11,Diva Yorgun,Melike Sahin,18,11,3
2023-07-29,12,24/7,ALIZADE & BEGE,9,2,13
2023-07-29,13,N'aptigini Bilmesem de,BLOK3,12,9,4
2023-07-29,14,BayBay,BLOK3,14,4,18
2023-07-29,15,Askin Olayim (Onurr),Simge,13,1,47
2023-07-29,16,Cuma,Cakal,16,16,3
2023-07-29,17,DEFOL,Lil Zey,17,17,4
2023-07-29,18,Sevecek Sandim,Semicenk,15,3,25
2023-07-29,19,Yaz Gulu,irem Derici,19,6,17
2023-07-29,20,Kontak,Summer Cem Featuring Ezhel,-,20,4
2023-07-29,21,Baba,Lvbel C5,20,9,5
2023-07-29,22,Aynen,Heijan & Muti,21,6,11
2023-07-29,23,Gozlerimi Kapattim,Velet,22,1,16
2023-07-29,24,Seven,Jung Kook Featuring Latto,-,24,1
2023-07-29,25,Feryat,Hadise,-,11,4
2023-08-05,1,Aman Guzel Yavas Yuru,Halodayi X Azer Bulbul,1,1,5
2023-08-05,2,Ali Cabbar,Emir Can Igrek,2,1,5
2023-08-05,3,Manolya,Burak Bulut & Kurtulus Kus,3,3,3
2023-08-05,4,Tanrim Reva Mi,Semicenk,-,4,1
2023-08-05,5,Diva Yorgun,Melike Sahin,11,5,4
2023-08-05,6,Caney,UZI,5,2,6
2023-08-05,7,Pisman Degilim,Dogu Swag & Semicenk,4,1,8
2023-08-05,8,Araba,Sefo,6,6,6
2023-08-05,9,Ask Olsun,Cakal,7,7,7
2023-08-05,10,Kader Sag Olsun,Semicenk & Rast,9,1,14
2023-08-05,11,Geri Donemedim,Semicenk,8,1,12
2023-08-05,12,Yana Yana,Reynmen & Semicenk,10,1,25
2023-08-05,13,N'aptigini Bilmesem de,BLOK3,13,9,5
2023-08-05,14,24/7,ALIZADE & BEGE,12,2,14
2023-08-05,15,Cuma,Cakal,16,15,4
2023-08-05,16,Askin Olayim (Onurr),Simge,15,1,48
2023-08-05,17,BayBay,BLOK3,14,4,19
2023-08-05,18,Sevecek Sandim,Semicenk,18,3,26
2023-08-05,19,DEFOL,Lil Zey,17,17,5
2023-08-05,20,Tovbe,Derya Bedavaci,-,20,1
2023-08-05,21,Kontak,Summer Cem Featuring Ezhel,20,20,5
2023-08-05,22,Aynen,Heijan & Muti,22,6,12
2023-08-05,23,Yaz Gulu,irem Derici,19,6,18
2023-08-05,24,Zalim,Sezen Aksu,-,24,2
2023-08-05,25,Numaraci,Mabel Matiz,-,25,1
2023-08-12,1,Aman Guzel Yavas Yuru,Halodayi X Azer Bulbul,1,1,6
2023-08-12,2,Manolya,Burak Bulut & Kurtulus Kus,3,2,4
2023-08-12,3,Diva Yorgun,Melike Sahin,5,3,5
2023-08-12,4,Tanrim Reva Mi,Semicenk,4,4,2
2023-08-12,5,Ali Cabbar,Emir Can Igrek,2,1,6
2023-08-12,6,Caney,UZI,6,2,7
2023-08-12,7,Pisman Degilim,Dogu Swag & Semicenk,7,1,9
2023-08-12,8,Araba,Sefo,8,6,7
2023-08-12,9,Kader Sag Olsun,Semicenk & Rast,10,1,15
2023-08-12,10,Ask Olsun,Cakal,9,7,8
2023-08-12,11,Geri Donemedim,Semicenk,11,1,13
2023-08-12,12,Yana Yana,Reynmen & Semicenk,12,1,26
2023-08-12,13,Askin Olayim (Onurr),Simge,16,1,49
2023-08-12,14,Cuma,Cakal,15,14,5
2023-08-12,15,N'aptigini Bilmesem de,BLOK3,13,9,6
2023-08-12,16,24/7,ALIZADE & BEGE,14,2,15
2023-08-12,17,Tovbe,Derya Bedavaci,20,17,2
2023-08-12,18,BayBay,BLOK3,17,4,20
2023-08-12,19,Sevecek Sandim,Semicenk,18,3,27
2023-08-12,20,Muphem,Mabel Matiz,-,20,1
2023-08-12,21,Zalim,Sezen Aksu,24,21,3
2023-08-12,22,DEFOL,Lil Zey,19,17,6
2023-08-12,23,Kontak,Summer Cem Featuring Ezhel,21,20,6
2023-08-12,24,Feryat,Hadise,-,11,5
2023-08-12,25,Numaraci,Mabel Matiz,25,25,2
2023-08-19,1,Aman Guzel Yavas Yuru,Halodayi X Azer Bulbul,1,1,7
2023-08-19,2,Diva Yorgun,Melike Sahin,3,2,6
2023-08-19,3,Manolya,Burak Bulut & Kurtulus Kus,2,2,5
2023-08-19,4,Tanrim Reva Mi,Semicenk,4,4,3
2023-08-19,5,Caney,UZI,6,2,8
2023-08-19,6,Kader Sag Olsun,Semicenk & Rast,9,1,16
2023-08-19,7,Ali Cabbar,Emir Can Igrek,5,1,7
2023-08-19,8,Pisman Degilim,Dogu Swag & Semicenk,7,1,10
2023-08-19,9,Araba,Sefo,8,6,8
2023-08-19,10,Ask Olsun,Cakal,10,7,9
2023-08-19,11,Muphem,Mabel Matiz,20,11,2
2023-08-19,12,Geri Donemedim,Semicenk,11,1,14
2023-08-19,13,Yana Yana,Reynmen & Semicenk,12,1,27
2023-08-19,14,N'aptigini Bilmesem de,BLOK3,15,9,7
2023-08-19,15,Askin Olayim (Onurr),Simge,13,1,50
2023-08-19,16,BayBay,BLOK3,18,4,21
2023-08-19,17,Cuma,Cakal,14,14,6
2023-08-19,18,24/7,ALIZADE & BEGE,16,2,16
2023-08-19,19,Tovbe,Derya Bedavaci,17,17,3
2023-08-19,20,Zalim,Sezen Aksu,21,20,4
2023-08-19,21,Feryat,Hadise,24,11,6
2023-08-19,22,Sevecek Sandim,Semicenk,19,3,28
2023-08-19,23,Cok Yazik,Cagan Sengul,-,23,1
2023-08-19,24,Saglam Kalca,Borqy,-,24,1
2023-08-19,25,Kontak,Summer Cem Featuring Ezhel,23,20,7
2023-08-26,1,Aman Guzel Yavas Yuru,Halodayi X Azer Bulbul,1,1,8
2023-08-26,2,Diva Yorgun,Melike Sahin,2,2,7
2023-08-26,3,Manolya,Burak Bulut & Kurtulus Kus,3,2,6
2023-08-26,4,Tanrim Reva Mi,Semicenk,4,4,4
2023-08-26,5,Saglam Kalca,Borqy,24,5,2
2023-08-26,6,Caney,UZI,5,2,9
2023-08-26,7,Kader Sag Olsun,Semicenk & Rast,6,1,17
2023-08-26,8,Araba,Sefo,9,6,9
2023-08-26,9,Pisman Degilim,Dogu Swag & Semicenk,8,1,11
2023-08-26,10,Muphem,Mabel Matiz,11,10,3
2023-08-26,11,Ali Cabbar,Emir Can Igrek,7,1,8
2023-08-26,12,Ask Olsun,Cakal,10,7,10
2023-08-26,13,Geri Donemedim,Semicenk,12,1,15
2023-08-26,14,Yana Yana,Reynmen & Semicenk,13,1,28
2023-08-26,15,Cok Yazik,Cagan Sengul,23,15,2
2023-08-26,16,BayBay,BLOK3,16,4,22
2023-08-26,17,N'aptigini Bilmesem de,BLOK3,14,9,8
2023-08-26,18,24/7,ALIZADE & BEGE,18,2,17
2023-08-26,19,Askin Olayim (Onurr),Simge,15,1,51
2023-08-26,20,Cuma,Cakal,17,14,7
2023-08-26,21,Tovbe,Derya Bedavaci,19,17,4
2023-08-26,22,Sevecek Sandim,Semicenk,22,3,29
2023-08-26,23,Feryat,Hadise,21,11,7
2023-08-26,24,Zalim,Sezen Aksu,20,20,5
2023-08-26,25,Affetmem,BLOK3,-,3,26
2023-09-02,1,Aman Guzel Yavas Yuru,Halodayi X Azer Bulbul,1,1,9
2023-09-02,2,Diva Yorgun,Melike Sahin,2,2,8
2023-09-02,3,Saglam Kalca,Borqy,5,3,3
2023-09-02,4,Manolya,Burak Bulut & Kurtulus Kus,3,2,7
2023-09-02,5,Tanrim Reva Mi,Semicenk,4,4,5
2023-09-02,6,Caney,UZI,6,2,10
2023-09-02,7,Kader Sag Olsun,Semicenk & Rast,7,1,18
2023-09-02,8,Araba,Sefo,8,6,10
2023-09-02,9,Pisman Degilim,Dogu Swag & Semicenk,9,1,12
2023-09-02,10,Ask Olsun,Cakal,12,7,11
2023-09-02,11,Muphem,Mabel Matiz,10,10,4
2023-09-02,12,Geri Donemedim,Semicenk,13,1,16
2023-09-02,13,Yana Yana,Reynmen & Semicenk,14,1,29
2023-09-02,14,Cok Yazik,Cagan Sengul,15,14,3
2023-09-02,15,BayBay,BLOK3,16,4,23
2023-09-02,16,N'aptigini Bilmesem de,BLOK3,17,9,9
2023-09-02,17,Ali Cabbar,Emir Can Igrek,11,1,9
2023-09-02,18,Askin Olayim (Onurr),Simge,19,1,52
2023-09-02,19,Cuma,Cakal,20,14,8
2023-09-02,20,Sor,EDIS & Gulsen,-,20,1
2023-09-02,21,24/7,ALIZADE & BEGE,18,2,18
2023-09-02,22,Tovbe,Derya Bedavaci,21,17,5
2023-09-02,23,Zalim,Sezen Aksu,24,20,6
2023-09-02,24,Affetmem,BLOK3,25,3,27
2023-09-02,25,Sevecek Sandim,Semicenk,22,3,30
2023-09-09,1,Aman Guzel Yavas Yuru,Halodayi X Azer Bulbul,1,1,10
2023-09-09,2,Diva Yorgun,Melike Sahin,2,2,9
2023-09-09,3,Saglam Kalca,Borqy,3,3,4
2023-09-09,4,Manolya,Burak Bulut & Kurtulus Kus,4,2,8
2023-09-09,5,Tanrim Reva Mi,Semicenk,5,4,6
2023-09-09,6,Caney,UZI,6,2,11
2023-09-09,7,Araba,Sefo,8,6,11
2023-09-09,8,Kader Sag Olsun,Semicenk & Rast,7,1,19
2023-09-09,9,Pisman Degilim,Dogu Swag & Semicenk,9,1,13
2023-09-09,10,Muphem,Mabel Matiz,11,10,5
2023-09-09,11,Ask Olsun,Cakal,10,7,12
2023-09-09,12,Geri Donemedim,Semicenk,12,1,17
2023-09-09,13,BayBay,BLOK3,15,4,24
2023-09-09,14,Cok Yazik,Cagan Sengul,14,14,4
2023-09-09,15,Tovbe,Derya Bedavaci,22,15,6
2023-09-09,16,Yana Yana,Reynmen & Semicenk,13,1,30
2023-09-09,17,Sor,EDIS & Gulsen,20,17,2
2023-09-09,18,Askin Olayim (Onurr),Simge,18,1,53
2023-09-09,19,N'aptigini Bilmesem de,BLOK3,16,9,10
2023-09-09,20,Cuma,Cakal,19,14,9
2023-09-09,21,Olmusum Leyla,Buray,-,21,1
2023-09-09,22,Yalanci Bahar,Selin,-,22,1
2023-09-09,23,24/7,ALIZADE & BEGE,21,2,19
2023-09-09,24,Ali Cabbar,Emir Can Igrek,17,1,10
2023-09-09,25,Basit Numaralar,Zerrin Ozer,-,25,1
2023-09-16,1,Aman Guzel Yavas Yuru,Halodayi X Azer Bulbul,1,1,11
2023-09-16,2,Diva Yorgun,Melike Sahin,2,2,10
2023-09-16,3,International,Russ Millions & UZI,-,3,1
2023-09-16,4,Saglam Kalca,Borqy,3,3,5
2023-09-16,5,Mesafe,Semicenk,-,5,1
2023-09-16,6,Manolya,Burak Bulut & Kurtulus Kus,4,2,9
2023-09-16,7,Kader Sag Olsun,Semicenk & Rast,8,1,20
2023-09-16,8,Basit Numaralar,Zerrin Ozer,25,8,2
2023-09-16,9,Caney,UZI,6,2,12
2023-09-16,10,Tanrim Reva Mi,Semicenk,5,4,7
2023-09-16,11,Araba,Sefo,7,6,12
2023-09-16,12,Geri Donemedim,Semicenk,12,1,18
2023-09-16,13,Olmusum Leyla,Buray,21,13,2
2023-09-16,14,Pisman Degilim,Dogu Swag & Semicenk,9,1,14
2023-09-16,15,Muphem,Mabel Matiz,10,10,6
2023-09-16,16,Tovbe,Derya Bedavaci,15,15,7
2023-09-16,17,Ask Olsun,Cakal,11,7,13
2023-09-16,18,Cok Yazik,Cagan Sengul,14,14,5
2023-09-16,19,Yana Yana,Reynmen & Semicenk,16,1,31
2023-09-16,20,Askin Olayim (Onurr),Simge,18,1,54
2023-09-16,21,Imparator,Sefo,-,21,1
2023-09-16,22,Yalanci Bahar,Selin,22,22,2
2023-09-16,23,N'aptigini Bilmesem de,BLOK3,19,9,11
2023-09-16,24,24/7,ALIZADE & BEGE,23,2,20
2023-09-16,25,Zalim,Sezen Aksu,-,20,7
2023-09-23,1,Aman Guzel Yavas Yuru,Halodayi X Azer Bulbul,1,1,12
2023-09-23,2,Mesafe,Semicenk,5,2,2
2023-09-23,3,Diva Yorgun,Melike Sahin,2,2,11
2023-09-23,4,Basit Numaralar,Zerrin Ozer,8,4,3
2023-09-23,5,Saglam Kalca,Borqy,4,3,6
2023-09-23,6,International,Russ Millions & UZI,3,3,2
2023-09-23,7,Manolya,Burak Bulut & Kurtulus Kus,6,2,10
2023-09-23,8,Olmusum Leyla,Buray,13,8,3
2023-09-23,9,Kader Sag Olsun,Semicenk & Rast,7,1,21
2023-09-23,10,Tanrim Reva Mi,Semicenk,10,4,8
2023-09-23,11,Caney,UZI,9,2,13
2023-09-23,12,Araba,Sefo,11,6,13
2023-09-23,13,Geri Donemedim,Semicenk,12,1,19
2023-09-23,14,Tovbe,Derya Bedavaci,16,14,8
2023-09-23,15,Pisman Degilim,Dogu Swag & Semicenk,14,1,15
2023-09-23,16,Cok Yazik,Cagan Sengul,18,14,6
2023-09-23,17,Gitme,Reynmen,-,17,1
2023-09-23,18,Imparator,Sefo,21,18,2
2023-09-23,19,Yana Yana,Reynmen & Semicenk,19,1,32
2023-09-23,20,Muphem,Mabel Matiz,15,10,7
2023-09-23,21,Yalanci Bahar,Selin,22,21,3
2023-09-23,22,Ask Olsun,Cakal,17,7,14
2023-09-23,23,N'aptigini Bilmesem de,BLOK3,23,9,12
2023-09-23,24,Askin Olayim (Onurr),Simge,20,1,55
2023-09-23,25,Paint The Town Red,Doja Cat,-,25,1
2023-09-30,1,Basit Numaralar,Zerrin Ozer,4,1,4
2023-09-30,2,Aman Guzel Yavas Yuru,Halodayi X Azer Bulbul,1,1,13
2023-09-30,3,Mesafe,Semicenk,2,2,3
2023-09-30,4,Diva Yorgun,Melike Sahin,3,2,12
2023-09-30,5,Saglam Kalca,Borqy,5,3,7
2023-09-30,6,International,Russ Millions & UZI,6,3,3
2023-09-30,7,Manolya,Burak Bulut & Kurtulus Kus,7,2,11
2023-09-30,8,Hele Bi,Alisan,-,8,1
2023-09-30,9,Olmusum Leyla,Buray,8,8,4
2023-09-30,10,Gitme,Reynmen,17,10,2
2023-09-30,11,Kader Sag Olsun,Semicenk & Rast,9,1,22
2023-09-30,12,Caney,UZI,11,2,14
2023-09-30,13,Tovbe,Derya Bedavaci,14,13,9
2023-09-30,14,Tanrim Reva Mi,Semicenk,10,4,9
2023-09-30,15,Araba,Sefo,12,6,14
2023-09-30,16,Imparator,Sefo,18,16,3
2023-09-30,17,Cok Yazik,Cagan Sengul,16,14,7
2023-09-30,18,Geri Donemedim,Semicenk,13,1,20
2023-09-30,19,Pisman Degilim,Dogu Swag & Semicenk,15,1,16
2023-09-30,20,Yana Yana,Reynmen & Semicenk,19,1,33
2023-09-30,21,Yalanci Bahar,Selin,21,21,4
2023-09-30,22,Muphem,Mabel Matiz,20,10,8
2023-09-30,23,Paint The Town Red,Doja Cat,25,23,2
2023-09-30,24,Askin Olayim (Onurr),Simge,24,1,56
2023-09-30,25,Numaraci,Mabel Matiz,-,25,3
2023-10-07,1,Basit Numaralar,Zerrin Ozer,1,1,5
2023-10-07,2,Aklina Ben Gelicem,BLOK3,-,2,1
2023-10-07,3,Hele Bi,Alisan,8,3,2
2023-10-07,4,Aman Guzel Yavas Yuru,Halodayi X Azer Bulbul,2,1,14
2023-10-07,5,Mesafe,Semicenk,3,2,4
2023-10-07,6,Diva Yorgun,Melike Sahin,4,2,13
2023-10-07,7,International,Russ Millions & UZI,6,3,4
2023-10-07,8,Saglam Kalca,Borqy,5,3,8
2023-10-07,9,Gitme,Reynmen,10,9,3
2023-10-07,10,Manolya,Burak Bulut & Kurtulus Kus,7,2,12
2023-10-07,11,Kader Sag Olsun,Semicenk & Rast,11,1,23
2023-10-07,12,Olmusum Leyla,Buray,9,8,5
2023-10-07,13,Imparator,Sefo,16,13,4
2023-10-07,14,Caney,UZI,12,2,15
2023-10-07,15,Tovbe,Derya Bedavaci,13,13,10
2023-10-07,16,Can Dostum,Emir Can Igrek,-,16,1
2023-10-07,17,Araba,Sefo,15,6,15
2023-10-07,18,Geri Donemedim,Semicenk,18,1,21
2023-10-07,19,Cok Yazik,Cagan Sengul,17,14,8
2023-10-07,20,Tanrim Reva Mi,Semicenk,14,4,10
2023-10-07,21,Gecele,Sagopa Kajmer Featuring Mine Kosan,-,21,1
2023-10-07,22,Pisman Degilim,Dogu Swag & Semicenk,19,1,17
2023-10-07,23,Yana Yana,Reynmen & Semicenk,20,1,34
2023-10-07,24,N'aptigini Bilmesem de,BLOK3,-,9,13
2023-10-07,25,Lafimi Olur,Kibariye,-,25,1
2023-10-14,1,Basit Numaralar,Zerrin Ozer,1,1,6
2023-10-14,2,Aklina Ben Gelicem,BLOK3,2,2,2
2023-10-14,3,Hele Bi,Alisan,3,3,3
2023-10-14,4,Aman Guzel Yavas Yuru,Halodayi X Azer Bulbul,4,1,15
2023-10-14,5,Lafimi Olur,Kibariye,25,5,2
2023-10-14,6,Mesafe,Semicenk,5,2,5
2023-10-14,7,Diva Yorgun,Melike Sahin,6,2,14
2023-10-14,8,International,Russ Millions & UZI,7,3,5
2023-10-14,9,Saglam Kalca,Borqy,8,3,9
2023-10-14,10,Gitme,Reynmen,9,9,4
2023-10-14,11,Can Dostum,Emir Can Igrek,16,11,2
2023-10-14,12,Manolya,Burak Bulut & Kurtulus Kus,10,2,13
2023-10-14,13,Imparator,Sefo,13,13,5
2023-10-14,14,Kader Sag Olsun,Semicenk & Rast,11,1,24
2023-10-14,15,Olmusum Leyla,Buray,12,8,6
2023-10-14,16,Tovbe,Derya Bedavaci,15,13,11
2023-10-14,17,Caney,UZI,14,2,16
2023-10-14,18,Pisman Degilim,Dogu Swag & Semicenk,22,1,18
2023-10-14,19,Cok Yazik,Cagan Sengul,19,14,9
2023-10-14,20,Tanrim Reva Mi,Semicenk,20,4,11
2023-10-14,21,Araba,Sefo,17,6,16
2023-10-14,22,Geri Donemedim,Semicenk,18,1,22
2023-10-14,23,Askin Olayim (Onurr),Simge,-,1,57
2023-10-14,24,Kehribar,Ebru Yasar & Burak Bulut,-,24,1
2023-10-14,25,Yalanci Bahar,Selin,-,21,5
2023-10-21,1,Basit Numaralar,Zerrin Ozer,1,1,7
2023-10-21,2,Aklina Ben Gelicem,BLOK3,2,2,3
2023-10-21,3,Lafimi Olur,Kibariye,5,3,3
2023-10-21,4,Aman Guzel Yavas Yuru,Halodayi X Azer Bulbul,4,1,16
2023-10-21,5,Hele Bi,Alisan,3,3,4
2023-10-21,6,Mesafe,Semicenk,6,2,6
2023-10-21,7,Atese Dustum,Mert Demir,-,7,1
2023-10-21,8,Diva Yorgun,Melike Sahin,7,2,15
2023-10-21,9,International,Russ Millions & UZI,8,3,6
2023-10-21,10,Can Dostum,Emir Can Igrek,11,10,3
2023-10-21,11,Gitme,Reynmen,10,9,5
2023-10-21,12,Kehribar,Ebru Yasar & Burak Bulut,24,12,2
2023-10-21,13,Saglam Kalca,Borqy,9,3,10
2023-10-21,14,Imparator,Sefo,13,13,6
2023-10-21,15,Manolya,Burak Bulut & Kurtulus Kus,12,2,14
2023-10-21,16,Olmusum Leyla,Buray,15,8,7
2023-10-21,17,Tovbe,Derya Bedavaci,16,13,12
2023-10-21,18,Kader Sag Olsun,Semicenk & Rast,14,1,25
2023-10-21,19,Pisman Degilim,Dogu Swag & Semicenk,18,1,19
2023-10-21,20,Caney,UZI,17,2,17
2023-10-21,21,Cok Yazik,Cagan Sengul,19,14,10
2023-10-21,22,Tanrim Reva Mi,Semicenk,20,4,12
2023-10-21,23,Geri Donemedim,Semicenk,22,1,23
2023-10-21,24,Askin Olayim (Onurr),Simge,23,1,58
2023-10-21,25,Basima Belasin,Aleyna Tilki,-,25,1
2023-10-28,1,Atese Dustum,Mert Demir,7,1,2
2023-10-28,2,Basit Numaralar,Zerrin Ozer,1,1,8
2023-10-28,3,Aklina Ben Gelicem,BLOK3,2,2,4
2023-10-28,4,Lafimi Olur,Kibariye,3,3,4
2023-10-28,5,Aman Guzel Yavas Yuru,Halodayi X Azer Bulbul,4,1,17
2023-10-28,6,Kehribar,Ebru Yasar & Burak Bulut,12,6,3
2023-10-28,7,Mesafe,Semicenk,6,2,7
2023-10-28,8,Hele Bi,Alisan,5,3,5
2023-10-28,9,Can Dostum,Emir Can Igrek,10,9,4
2023-10-28,10,Diva Yorgun,Melike Sahin,8,2,16
2023-10-28,11,International,Russ Millions & UZI,9,3,7
2023-10-28,12,Gitme,Reynmen,11,9,6
2023-10-28,13,Imparator,Sefo,14,13,7
2023-10-28,14,Saglam Kalca,Borqy,13,3,11
2023-10-28,15,Manolya,Burak Bulut & Kurtulus Kus,15,2,15
2023-10-28,16,Tovbe,Derya Bedavaci,17,13,13
2023-10-28,17,Olmusum Leyla,Buray,16,8,8
2023-10-28,18,Kader Sag Olsun,Semicenk & Rast,18,1,26
2023-10-28,19,Pisman Degilim,Dogu Swag & Semicenk,19,1,20
2023-10-28,20,Cok Yazik,Cagan Sengul,21,14,11
2023-10-28,21,Caney,UZI,20,2,18
2023-10-28,22,Geri Donemedim,Semicenk,23,1,24
2023-10-28,23,Tanrim Reva Mi,Semicenk,22,4,13
2023-10-28,24,Gecele,Sagopa Kajmer Featuring Mine Kosan,-,21,2
2023-10-28,25,Araba,Sefo,-,6,17
2023-11-04,1,Atese Dustum,Mert Demir,1,1,3
2023-11-04,2,Basit Numaralar,Zerrin Ozer,2,1,9
2023-11-04,3,Kehribar,Ebru Yasar & Burak Bulut,6,3,4
2023-11-04,4,Aklina Ben Gelicem,BLOK3,3,2,5
2023-11-04,5,Lafimi Olur,Kibariye,4,3,5
2023-11-04,6,Aman Guzel Yavas Yuru,Halodayi X Azer Bulbul,5,1,18
2023-11-04,7,Can Dostum,Emir Can Igrek,9,7,5
2023-11-04,8,Mesafe,Semicenk,7,2,8
2023-11-04,9,Hele Bi,Alisan,8,3,6
2023-11-04,10,Diva Yorgun,Melike Sahin,10,2,17
2023-11-04,11,Gitme,Reynmen,12,9,7
2023-11-04,12,International,Russ Millions & UZI,11,3,8
2023-11-04,13,Imparator,Sefo,13,13,8
2023-11-04,14,Saglam Kalca,Borqy,14,3,12
2023-11-04,15,Kader Sag Olsun,Semicenk & Rast,18,1,27
2023-11-04,16,Tovbe,Derya Bedavaci,16,13,14
2023-11-04,17,Manolya,Burak Bulut & Kurtulus Kus,15,2,16
2023-11-04,18,Dizine Dursun,Yildiz Tilbe,-,18,1
2023-11-04,19,Bertaraf,Canbay x Wolker & Heijan & Muti,-,19,1
2023-11-04,20,Olmusum Leyla,Buray,17,8,9
2023-11-04,21,B.,Anil Emre Daldal,-,21,1
2023-11-04,22,Pisman Degilim,Dogu Swag & Semicenk,19,1,21
2023-11-04,23,Cok Yazik,Cagan Sengul,20,14,12
2023-11-04,24,Caney,UZI,21,2,19
2023-11-04,25,Geri Donemedim,Semicenk,22,1,25
2023-11-11,1,Atese Dustum,Mert Demir,1,1,4
2023-11-11,2,Basit Numaralar,Zerrin Ozer,2,1,10
2023-11-11,3,Kehribar,Ebru Yasar & Burak Bulut,3,3,5
2023-11-11,4,Lafimi Olur,Kibariye,5,3,6
2023-11-11,5,Parla,Norm Ender,-,5,1
2023-11-11,6,Aklina Ben Gelicem,BLOK3,4,2,6
2023-11-11,7,Aman Guzel Yavas Yuru,Halodayi X Azer Bulbul,6,1,19
2023-11-11,8,Margiela,Ezhel,-,8,1
2023-11-11,9,Dizine Dursun,Yildiz Tilbe,18,9,2
2023-11-11,10,Can Dostum,Emir Can Igrek,7,7,6
2023-11-11,11,Mesafe,Semicenk,8,2,9
2023-11-11,12,Diva Yorgun,Melike Sahin,10,2,18
2023-11-11,13,Hele Bi,Alisan,9,3,7
2023-11-11,14,Gitme,Reynmen,11,9,8
2023-11-11,15,International,Russ Millions & UZI,12,3,9
2023-11-11,16,Imparator,Sefo,13,13,9
2023-11-11,17,Aglama Ben Aglarim,Canozan,-,17,1
2023-11-11,18,Bertaraf,Canbay x Wolker & Heijan & Muti,19,18,2
2023-11-11,19,Kader Sag Olsun,Semicenk & Rast,15,1,28
2023-11-11,20,Saglam Kalca,Borqy,14,3,13
2023-11-11,21,Tovbe,Derya Bedavaci,16,13,15
2023-11-11,22,Manolya,Burak Bulut & Kurtulus Kus,17,2,17
2023-11-11,23,Duldul,Mabel Matiz Featuring Melike Sahin,-,23,1
2023-11-11,24,B.,Anil Emre Daldal,21,21,2
2023-11-11,25,Olmusum Leyla,Buray,20,8,10
2023-11-18,1,Atese Dustum,Mert Demir,1,1,5
2023-11-18,2,Kehribar,Ebru Yasar & Burak Bulut,3,2,6
2023-11-18,3,Basit Numaralar,Zerrin Ozer,2,1,11
2023-11-18,4,Margiela,Ezhel,8,4,2
2023-11-18,5,Aglama Ben Aglarim,Canozan,17,5,2
2023-11-18,6,Lafimi Olur,Kibariye,4,3,7
2023-11-18,7,Aklina Ben Gelicem,BLOK3,6,2,7
2023-11-18,8,Aman Guzel Yavas Yuru,Halodayi X Azer Bulbul,7,1,20
2023-11-18,9,Dizine Dursun,Yildiz Tilbe,9,9,3
2023-11-18,10,Bertaraf,Canbay x Wolker & Heijan & Muti,18,10,3
2023-11-18,11,Bellydancing,INJI,-,11,1
2023-11-18,12,Duldul,Mabel Matiz Featuring Melike Sahin,23,12,2
2023-11-18,13,Fark Ettim,Semicenk,-,13,1
2023-11-18,14,Can Dostum,Emir Can Igrek,10,7,7
2023-11-18,15,Mesafe,Semicenk,11,2,10
2023-11-18,16,Diva Yorgun,Melike Sahin,12,2,19
2023-11-18,17,Gitme,Reynmen,14,9,9
2023-11-18,18,Imparator,Sefo,16,13,10
2023-11-18,19,Kader Sag Olsun,Semicenk & Rast,19,1,29
2023-11-18,20,Tovbe,Derya Bedavaci,21,13,16
2023-11-18,21,International,Russ Millions & UZI,15,3,10
2023-11-18,22,Hele Bi,Alisan,13,3,8
2023-11-18,23,Saglam Kalca,Borqy,20,3,14
2023-11-18,24,Manolya,Burak Bulut & Kurtulus Kus,22,2,18
2023-11-18,25,Kara Uzum Habbesi,"Tefo, Seko & Ibrahim Tatlises",-,25,1
2023-11-25,1,Atese Dustum,Mert Demir,1,1,6
2023-11-25,2,Margiela,Ezhel,4,2,3
2023-11-25,3,Aglama Ben Aglarim,Canozan,5,3,3
2023-11-25,4,Kehribar,Ebru Yasar & Burak Bulut,2,2,7
2023-11-25,5,Basit Numaralar,Zerrin Ozer,3,1,12
2023-11-25,6,Fark Ettim,Semicenk,13,6,2
2023-11-25,7,Bertaraf,Canbay x Wolker & Heijan & Muti,10,7,4
2023-11-25,8,Yuregim Aglar,Amo988,-,8,1
2023-11-25,9,Aklina Ben Gelicem,BLOK3,7,2,8
2023-11-25,10,Bellydancing,INJI,11,10,2
2023-11-25,11,Aman Guzel Yavas Yuru,Halodayi X Azer Bulbul,8,1,21
2023-11-25,12,Lafimi Olur,Kibariye,6,3,8
2023-11-25,13,Dizine Dursun,Yildiz Tilbe,9,9,4
2023-11-25,14,Duldul,Mabel Matiz Featuring Melike Sahin,12,12,3
2023-11-25,15,Can Dostum,Emir Can Igrek,14,7,8
2023-11-25,16,Mesafe,Semicenk,15,2,11
2023-11-25,17,Diva Yorgun,Melike Sahin,16,2,20
2023-11-25,18,Mini Terorista,Jeff Redd,-,18,1
2023-11-25,19,Kader Sag Olsun,Semicenk & Rast,19,1,30
2023-11-25,20,Gitme,Reynmen,17,9,10
2023-11-25,21,Imparator,Sefo,18,13,11
2023-11-25,22,Tovbe,Derya Bedavaci,20,13,17
2023-11-25,23,International,Russ Millions & UZI,21,3,11
2023-11-25,24,Manolya,Burak Bulut & Kurtulus Kus,24,2,19
2023-11-25,25,Saglam Kalca,Borqy,23,3,15
2023-12-02,1,Atese Dustum,Mert Demir,1,1,7
2023-12-02,2,Ille de Sen,Muti & Azer Bulbul,-,2,1
2023-12-02,3,Margiela,Ezhel,2,2,4
2023-12-02,4,Aglama Ben Aglarim,Canozan,3,3,4
2023-12-02,5,Kehribar,Ebru Yasar & Burak Bulut,4,2,8
2023-12-02,6,Yuregim Aglar,Amo988,8,6,2
2023-12-02,7,Fark Ettim,Semicenk,6,6,3
2023-12-02,8,Bertaraf,Canbay x Wolker & Heijan & Muti,7,7,5
2023-12-02,9,Basit Numaralar,Zerrin Ozer,5,1,13
2023-12-02,10,Aman Guzel Yavas Yuru,Halodayi X Azer Bulbul,11,1,22
2023-12-02,11,Duldul,Mabel Matiz Featuring Melike Sahin,14,11,4
2023-12-02,12,Aklina Ben Gelicem,BLOK3,9,2,9
2023-12-02,13,Bellydancing,INJI,10,10,3
2023-12-02,14,Mini Terorista,Jeff Redd,18,14,2
2023-12-02,15,Dizine Dursun,Yildiz Tilbe,13,9,5
2023-12-02,16,Lafimi Olur,Kibariye,12,3,9
2023-12-02,17,Caney,UZI,-,2,20
2023-12-02,18,Can Dostum,Emir Can Igrek,15,7,9
2023-12-02,19,Diva Yorgun,Melike Sahin,17,2,21
2023-12-02,20,Kader Sag Olsun,Semicenk & Rast,19,1,31
2023-12-02,21,Manolya,Burak Bulut & Kurtulus Kus,24,2,20
2023-12-02,22,Imparator,Sefo,21,13,12
2023-12-02,23,Mesafe,Semicenk,16,2,12
2023-12-02,24,Gitme,Reynmen,20,9,11
2023-12-02,25,Tovbe,Derya Bedavaci,22,13,18
2023-12-09,1,Atese Dustum,Mert Demir,1,1,8
2023-12-09,2,Ille de Sen,Muti & Azer Bulbul,2,2,2
2023-12-09,3,Margiela,Ezhel,3,2,5
2023-12-09,4,Kehribar,Ebru Yasar & Burak Bulut,5,2,9
2023-12-09,5,Aglama Ben Aglarim,Canozan,4,3,5
2023-12-09,6,Yuregim Aglar,Amo988,6,6,3
2023-12-09,7,Bertaraf,Canbay x Wolker & Heijan & Muti,8,7,6
2023-12-09,8,Fark Ettim,Semicenk,7,6,4
2023-12-09,9,Basit Numaralar,Zerrin Ozer,9,1,14
2023-12-09,10,Lafimi Olur,Kibariye,16,3,10
2023-12-09,11,Duldul,Mabel Matiz Featuring Melike Sahin,11,11,5
2023-12-09,12,Mini Terorista,Jeff Redd,14,12,3
2023-12-09,13,Aman Guzel Yavas Yuru,Halodayi X Azer Bulbul,10,1,23
2023-12-09,14,Aklina Ben Gelicem,BLOK3,12,2,10
2023-12-09,15,Bellydancing,INJI,13,10,4
2023-12-09,16,Dizine Dursun,Yildiz Tilbe,15,9,6
2023-12-09,17,Salla Salla,BLOK3,-,17,1
2023-12-09,18,Caney,UZI,17,2,21
2023-12-09,19,Dene,UZI,-,19,1
2023-12-09,20,Ruya Gibi,Dedubluman,-,20,1
2023-12-09,21,Basima Belasin,Aleyna Tilki,-,21,2
2023-12-09,22,Yakisikli,KOFN & Simge,-,22,1
2023-12-09,23,Can Dostum,Emir Can Igrek,18,7,10
2023-12-09,24,Diva Yorgun,Melike Sahin,19,2,22
2023-12-09,25,Kader Sag Olsun,Semicenk & Rast,20,1,32
2023-12-16,1,Atese Dustum,Mert Demir,1,1,9
2023-12-16,2,Ille de Sen,Muti & Azer Bulbul,2,2,3
2023-12-16,3,Kehribar,Ebru Yasar & Burak Bulut,4,2,10
2023-12-16,4,Margiela,Ezhel,3,2,6
2023-12-16,5,Aglama Ben Aglarim,Canozan,5,3,6
2023-12-16,6,Yuregim Aglar,Amo988,6,6,4
2023-12-16,7,Bertaraf,Canbay x Wolker & Heijan & Muti,7,7,7
2023-12-16,8,Basit Numaralar,Zerrin Ozer,9,1,15
2023-12-16,9,Fark Ettim,Semicenk,8,6,5
2023-12-16,10,Salla Salla,BLOK3,17,10,2
2023-12-16,11,Lafimi Olur,Kibariye,10,3,11
2023-12-16,12,Aklina Ben Gelicem,BLOK3,14,2,11
2023-12-16,13,Duldul,Mabel Matiz Featuring Melike Sahin,11,11,6
2023-12-16,14,Mini Terorista,Jeff Redd,12,12,4
2023-12-16,15,Aman Guzel Yavas Yuru,Halodayi X Azer Bulbul,13,1,24
2023-12-16,16,Yansima,Derya Ulug & Asil Gok,-,16,1
2023-12-16,17,Caney,UZI,18,2,22
2023-12-16,18,Dizine Dursun,Yildiz Tilbe,16,9,7
2023-12-16,19,Basima Belasin,Aleyna Tilki,21,19,3
2023-12-16,20,Kader Sag Olsun,Semicenk & Rast,25,1,33
2023-12-16,21,Yakisikli,KOFN & Simge,22,21,2
2023-12-16,22,Diva Yorgun,Melike Sahin,24,2,23
2023-12-16,23,Ruya Gibi,Dedubluman,20,20,2
2023-12-16,24,Bellydancing,INJI,15,10,5
2023-12-16,25,Can Dostum,Emir Can Igrek,23,7,11
2023-12-23,1,Atese Dustum,Mert Demir,1,1,10
2023-12-23,2,Kehribar,Ebru Yasar & Burak Bulut,3,2,11
2023-12-23,3,Aglama Ben Aglarim,Canozan,5,3,7
2023-12-23,4,Margiela,Ezhel,4,2,7
2023-12-23,5,Yuregim Aglar,Amo988,6,5,5
2023-12-23,6,Yansima,Derya Ulug & Asil Gok,16,6,2
2023-12-23,7,Salla Salla,BLOK3,10,7,3
2023-12-23,8,Ille de Sen,Muti & Azer Bulbul,2,2,4
2023-12-23,9,Bertaraf,Canbay x Wolker & Heijan & Muti,7,7,8
2023-12-23,10,Basit Numaralar,Zerrin Ozer,8,1,16
2023-12-23,11,Duldul,Mabel Matiz Featuring Melike Sahin,13,11,7
2023-12-23,12,Aklina Ben Gelicem,BLOK3,12,2,12
2023-12-23,13,Fark Ettim,Semicenk,9,6,6
2023-12-23,14,Mini Terorista,Jeff Redd,14,12,5
2023-12-23,15,Yakisikli,KOFN & Simge,21,15,3
2023-12-23,16,Aman Guzel Yavas Yuru,Halodayi X Azer Bulbul,15,1,25
2023-12-23,17,Caney,UZI,17,2,23
2023-12-23,18,Basima Belasin,Aleyna Tilki,19,18,4
2023-12-23,19,Kader Sag Olsun,Semicenk & Rast,20,1,34
2023-12-23,20,Patlat,BLOK3,-,20,1
2023-12-23,21,Lafimi Olur,Kibariye,11,3,12
2023-12-23,22,Diva Yorgun,Melike Sahin,22,2,24
2023-12-23,23,Dizine Dursun,Yildiz Tilbe,18,9,8
2023-12-23,24,Ruya Gibi,Dedubluman,23,20,3
2023-12-23,25,Can Dostum,Emir Can Igrek,25,7,12
2023-12-30,1,Atese Dustum,Mert Demir,1,1,11
2023-12-30,2,Yansima,Derya Ulug & Asil Gok,6,2,3
2023-12-30,3,Kehribar,Ebru Yasar & Burak Bulut,2,2,12
2023-12-30,4,Aglama Ben Aglarim,Canozan,3,3,8
2023-12-30,5,Yuregim Aglar,Amo988,5,5,6
2023-12-30,6,Margiela,Ezhel,4,2,8
2023-12-30,7,Salla Salla,BLOK3,7,7,4
2023-12-30,8,Ille de Sen,Muti & Azer Bulbul,8,2,5
2023-12-30,9,Bertaraf,Canbay x Wolker & Heijan & Muti,9,7,9
2023-12-30,10,Mini Terorista,Jeff Redd,14,10,6
2023-12-30,11,Aklina Ben Gelicem,BLOK3,12,2,13
2023-12-30,12,Yakisikli,KOFN & Simge,15,12,4
2023-12-30,13,Fark Ettim,Semicenk,13,6,7
2023-12-30,14,Duldul,Mabel Matiz Featuring Melike Sahin,11,11,8
2023-12-30,15,Basit Numaralar,Zerrin Ozer,10,1,17
2023-12-30,16,Aman Guzel Yavas Yuru,Halodayi X Azer Bulbul,16,1,26
2023-12-30,17,Caney,UZI,17,2,24
2023-12-30,18,A La Carte,"Kleo, Segah & Motive",-,18,1
2023-12-30,19,Sopa,Hande Yener,-,19,1
2023-12-30,20,Kader Sag Olsun,Semicenk & Rast,19,1,35
2023-12-30,21,Basima Belasin,Aleyna Tilki,18,18,5
2023-12-30,22,Ruya Gibi,Dedubluman,24,20,4
2023-12-30,23,Simarik,UZI & Baby Gang,-,23,1
2023-12-30,24,Patlat,BLOK3,20,20,2
2023-12-30,25,Jet Baba,Cakal & Lvbel C5,-,25,1
2024-01-06,1,Yansima,Derya Ulug & Asil Gok,2,1,4
2024-01-06,2,Atese Dustum,Mert Demir,1,1,12
2024-01-06,3,Ille de Sen,Muti & Azer Bulbul,8,2,6
2024-01-06,4,Kehribar,Ebru Yasar & Burak Bulut,3,2,13
2024-01-06,5,Yuregim Aglar,Amo988,5,5,7
2024-01-06,6,Aglama Ben Aglarim,Canozan,4,3,9
2024-01-06,7,Sopa,Hande Yener,19,7,2
2024-01-06,8,Salla Salla,BLOK3,7,7,5
2024-01-06,9,Margiela,Ezhel,6,2,9
2024-01-06,10,Yakisikli,KOFN & Simge,12,10,5
2024-01-06,11,Mini Terorista,Jeff Redd,10,10,7
2024-01-06,12,Bertaraf,Canbay x Wolker & Heijan & Muti,9,7,10
2024-01-06,13,Aklina Ben Gelicem,BLOK3,11,2,14
2024-01-06,14,Aman Guzel Yavas Yuru,Halodayi X Azer Bulbul,16,1,27
2024-01-06,15,Fark Ettim,Semicenk,13,6,8
2024-01-06,16,Duldul,Mabel Matiz Featuring Melike Sahin,14,11,9
2024-01-06,17,A La Carte,"Kleo, Segah & Motive",18,17,2
2024-01-06,18,Basit Numaralar,Zerrin Ozer,15,1,18
2024-01-06,19,Simarik,UZI & Baby Gang,23,19,2
2024-01-06,20,Basima Belasin,Aleyna Tilki,21,18,6
2024-01-06,21,Caney,UZI,17,2,25
2024-01-06,22,Kader Sag Olsun,Semicenk & Rast,20,1,36
2024-01-06,23,Ruya Gibi,Dedubluman,22,20,5
2024-01-06,24,Manolya,Burak Bulut & Kurtulus Kus,-,2,21
2024-01-06,25,Jet Baba,Cakal & Lvbel C5,25,25,2
2024-01-13,1,Yansima,Derya Ulug & Asil Gok,1,1,5
2024-01-13,2,Kehribar,Ebru Yasar & Burak Bulut,4,2,14
2024-01-13,3,Atese Dustum,Mert Demir,2,1,13
2024-01-13,4,Yuregim Aglar,Amo988,5,4,8
2024-01-13,5,Sopa,Hande Yener,7,5,3
2024-01-13,6,Aglama Ben Aglarim,Canozan,6,3,10
2024-01-13,7,Yakisikli,KOFN & Simge,10,7,6
2024-01-13,8,Salla Salla,BLOK3,8,7,6
2024-01-13,9,Bertaraf,Canbay x Wolker & Heijan & Muti,12,7,11
2024-01-13,10,Aman Guzel Yavas Yuru,Halodayi X Azer Bulbul,14,1,28
2024-01-13,11,Margiela,Ezhel,9,2,10
2024-01-13,12,Mini Terorista,Jeff Redd,11,10,8
2024-01-13,13,Ille de Sen,Muti & Azer Bulbul,3,2,7
2024-01-13,14,Basit Numaralar,Zerrin Ozer,18,1,19
2024-01-13,15,A La Carte,"Kleo, Segah & Motive",17,15,3
2024-01-13,16,Simarik,UZI & Baby Gang,19,16,3
2024-01-13,17,Aklina Ben Gelicem,BLOK3,13,2,15
2024-01-13,18,Batik Gemi,Semicenk,-,18,1
2024-01-13,19,Fark Ettim,Semicenk,15,6,9
2024-01-13,20,Duldul,Mabel Matiz Featuring Melike Sahin,16,11,10
2024-01-13,21,Basima Belasin,Aleyna Tilki,20,18,7
2024-01-13,22,Eyvah Neye Yarar,Semicenk,-,22,1
2024-01-13,23,Jet Baba,Cakal & Lvbel C5,25,23,3
2024-01-13,24,Kader Sag Olsun,Semicenk & Rast,22,1,37
2024-01-13,25,Dizine Dursun,Yildiz Tilbe,-,9,9
2024-01-20,1,Yansima,Derya Ulug & Asil Gok,1,1,6
2024-01-20,2,Kehribar,Ebru Yasar & Burak Bulut,2,2,15
2024-01-20,3,Atese Dustum,Mert Demir,3,1,14
2024-01-20,4,Yuregim Aglar,Amo988,4,4,9
2024-01-20,5,Aglama Ben Aglarim,Canozan,6,3,11
2024-01-20,6,Yakisikli,KOFN & Simge,7,6,7
2024-01-20,7,Sopa,Hande Yener,5,5,4
2024-01-20,8,Eyvah Neye Yarar,Semicenk,22,8,2
2024-01-20,9,Ille de Sen,Muti & Azer Bulbul,13,2,8
2024-01-20,10,Batik Gemi,Semicenk,18,10,2
2024-01-20,11,Aman Guzel Yavas Yuru,Halodayi X Azer Bulbul,10,1,29
2024-01-20,12,Salla Salla,BLOK3,8,7,7
2024-01-20,13,Bertaraf,Canbay x Wolker & Heijan & Muti,9,7,12
2024-01-20,14,Margiela,Ezhel,11,2,11
2024-01-20,15,A La Carte,"Kleo, Segah & Motive",15,15,4
2024-01-20,16,Mini Terorista,Jeff Redd,12,10,9
2024-01-20,17,Basit Numaralar,Zerrin Ozer,14,1,20
2024-01-20,18,Simarik,UZI & Baby Gang,16,16,4
2024-01-20,19,Jet Baba,Cakal & Lvbel C5,23,19,4
2024-01-20,20,Aklina Ben Gelicem,BLOK3,17,2,16
2024-01-20,21,Ilkbaharim Kisa Dondu,Semicenk,-,21,1
2024-01-20,22,Basima Belasin,Aleyna Tilki,21,18,8
2024-01-20,23,Fark Ettim,Semicenk,19,6,10
2024-01-20,24,Diva Yorgun,Melike Sahin,-,2,25
2024-01-20,25,Duldul,Mabel Matiz Featuring Melike Sahin,20,11,11
2024-01-27,1,Dogustan Beri Hakliyim (tmm),Lvbel C5,-,1,1
2024-01-27,2,Yansima,Derya Ulug & Asil Gok,1,1,7
2024-01-27,3,Kehribar,Ebru Yasar & Burak Bulut,2,2,16
2024-01-27,4,Batik Gemi,Semicenk,10,4,3
2024-01-27,5,Aglama Ben Aglarim,Canozan,5,3,12
2024-01-27,6,Yuregim Aglar,Amo988,4,4,10
2024-01-27,7,Atese Dustum,Mert Demir,3,1,15
2024-01-27,8,Eyvah Neye Yarar,Semicenk,8,8,3
2024-01-27,9,Ille de Sen,Muti & Azer Bulbul,9,2,9
2024-01-27,10,Sopa,Hande Yener,7,5,5
2024-01-27,11,Salla Salla,BLOK3,12,7,8
2024-01-27,12,Yakisikli,KOFN & Simge,6,6,8
2024-01-27,13,Jet Baba,Cakal & Lvbel C5,19,13,5
2024-01-27,14,Aman Guzel Yavas Yuru,Halodayi X Azer Bulbul,11,1,30
2024-01-27,15,Bertaraf,Canbay x Wolker & Heijan & Muti,13,7,13
2024-01-27,16,Margiela,Ezhel,14,2,12
2024-01-27,17,Mini Terorista,Jeff Redd,16,10,10
2024-01-27,18,Ilkbaharim Kisa Dondu,Semicenk,21,18,2
2024-01-27,19,A La Carte,"Kleo, Segah & Motive",15,15,5
2024-01-27,20,Simarik,UZI & Baby Gang,18,16,5
2024-01-27,21,Aklina Ben Gelicem,BLOK3,20,2,17
2024-01-27,22,Basit Numaralar,Zerrin Ozer,17,1,21
2024-01-27,23,Bu Gece Karakolluk Olabilirim,Heijan & Azer Bulbul,-,23,1
2024-01-27,24,Fark Ettim,Semicenk,23,6,11
2024-01-27,25,Araba,M Lisa,-,25,1
2024-02-03,1,Dogustan Beri Hakliyim (tmm),Lvbel C5,1,1,2
2024-02-03,2,Yansima,Derya Ulug & Asil Gok,2,1,8
2024-02-03,3,Kapak Olsun,"NELLIE, Defkhan & Fredo",-,3,1
2024-02-03,4,Batik Gemi,Semicenk,4,4,4
2024-02-03,5,Kehribar,Ebru Yasar & Burak Bulut,3,2,17
2024-02-03,6,Aglama Ben Aglarim,Canozan,5,3,13
2024-02-03,7,Eyvah Neye Yarar,Semicenk,8,7,4
2024-02-03,8,Yuregim Aglar,Amo988,6,4,11
2024-02-03,9,Atese Dustum,Mert Demir,7,1,16
2024-02-03,10,pVg,Motive,-,10,1
2024-02-03,11,Araba,M Lisa,25,11,2
2024-02-03,12,Yakisikli,KOFN & Simge,12,6,9
2024-02-03,13,Ille de Sen,Muti & Azer Bulbul,9,2,10
2024-02-03,14,Sopa,Hande Yener,10,5,6
2024-02-03,15,Salla Salla,BLOK3,11,7,9
2024-02-03,16,Jet Baba,Cakal & Lvbel C5,13,13,6
2024-02-03,17,Aman Guzel Yavas Yuru,Halodayi X Azer Bulbul,14,1,31
2024-02-03,18,Bertaraf,Canbay x Wolker & Heijan & Muti,15,7,14
2024-02-03,19,Margiela,Ezhel,16,2,13
2024-02-03,20,Ilkbaharim Kisa Dondu,Semicenk,18,18,3
2024-02-03,21,Mini Terorista,Jeff Redd,17,10,11
2024-02-03,22,Bu Gece Karakolluk Olabilirim,Heijan & Azer Bulbul,23,22,2
2024-02-03,23,Aklina Ben Gelicem,BLOK3,21,2,18
2024-02-03,24,Simarik,UZI & Baby Gang,20,16,6
2024-02-03,25,A La Carte,"Kleo, Segah & Motive",19,15,6
2024-02-10,1,Dogustan Beri Hakliyim (tmm),Lvbel C5,1,1,3
2024-02-10,2,Kapak Olsun,"NELLIE, Defkhan & Fredo",3,2,2
2024-02-10,3,Araba,M Lisa,11,3,3
2024-02-10,4,Yansima,Derya Ulug & Asil Gok,2,1,9
2024-02-10,5,Batik Gemi,Semicenk,4,4,5
2024-02-10,6,Kapali Kapilar,Sefo,-,6,1
2024-02-10,7,Eyvah Neye Yarar,Semicenk,7,7,5
2024-02-10,8,Yuregim Aglar,Amo988,8,4,12
2024-02-10,9,Aglama Ben Aglarim,Canozan,6,3,14
2024-02-10,10,Kehribar,Ebru Yasar & Burak Bulut,5,2,18
2024-02-10,11,Yakisikli,KOFN & Simge,12,6,10
2024-02-10,12,Atese Dustum,Mert Demir,9,1,17
2024-02-10,13,Sopa,Hande Yener,14,5,7
2024-02-10,14,pVg,Motive,10,10,2
2024-02-10,15,Ille de Sen,Muti & Azer Bulbul,13,2,11
2024-02-10,16,Salla Salla,BLOK3,15,7,10
2024-02-10,17,Jet Baba,Cakal & Lvbel C5,16,13,7
2024-02-10,18,Bertaraf,Canbay x Wolker & Heijan & Muti,18,7,15
2024-02-10,19,Aman Guzel Yavas Yuru,Halodayi X Azer Bulbul,17,1,32
2024-02-10,20,Bu Gece Karakolluk Olabilirim,Heijan & Azer Bulbul,22,20,3
2024-02-10,21,Margiela,Ezhel,19,2,14
2024-02-10,22,Ilkbaharim Kisa Dondu,Semicenk,20,18,4
2024-02-10,23,Mini Terorista,Jeff Redd,21,10,12
2024-02-10,24,Aklina Ben Gelicem,BLOK3,23,2,19
2024-02-10,25,Simarik,UZI & Baby Gang,24,16,7
2024-02-17,1,Dogustan Beri Hakliyim (tmm),Lvbel C5,1,1,4
2024-02-17,2,Kapak Olsun,"NELLIE, Defkhan & Fredo",2,2,3
2024-02-17,3,Kapali Kapilar,Sefo,6,3,2
2024-02-17,4,Araba,M Lisa,3,3,4
2024-02-17,5,Batik Gemi,Semicenk,5,4,6
2024-02-17,6,Yansima,Derya Ulug & Asil Gok,4,1,10
2024-02-17,7,Yuregim Aglar,Amo988,8,4,13
2024-02-17,8,Eyvah Neye Yarar,Semicenk,7,7,6
2024-02-17,9,Aglama Ben Aglarim,Canozan,9,3,15
2024-02-17,10,pVg,Motive,14,10,3
2024-02-17,11,Kehribar,Ebru Yasar & Burak Bulut,10,2,19
2024-02-17,12,Sopa,Hande Yener,13,5,8
2024-02-17,13,Senden Guzeli Mi Var,Emre Fel,-,13,1
2024-02-17,14,Yatiya,Melis Kar,-,14,1
2024-02-17,15,Yakisikli,KOFN & Simge,11,6,11
2024-02-17,16,Atese Dustum,Mert Demir,12,1,18
2024-02-17,17,Ille de Sen,Muti & Azer Bulbul,15,2,12
2024-02-17,18,Jet Baba,Cakal & Lvbel C5,17,13,8
2024-02-17,19,Seni Yazdim,ElMusto X Decrat,-,19,1
2024-02-17,20,Bertaraf,Canbay x Wolker & Heijan & Muti,18,7,16
2024-02-17,21,Salla Salla,BLOK3,16,7,11
2024-02-17,22,Yoksun,Ebru Yasar X Siyam,-,22,1
2024-02-17,23,Aklina Ben Gelicem,BLOK3,24,2,20
2024-02-17,24,Margiela,Ezhel,21,2,15
2024-02-17,25,Mini Terorista,Jeff Redd,23,10,13
2024-02-24,1,Dogustan Beri Hakliyim (tmm),Lvbel C5,1,1,5
2024-02-24,2,Kapak Olsun,"NELLIE, Defkhan & Fredo",2,2,4
2024-02-24,3,Araba,M Lisa,4,3,5
2024-02-24,4,Kapali Kapilar,Sefo,3,3,3
2024-02-24,5,Batik Gemi,Semicenk,5,4,7
2024-02-24,6,Yoksun,Ebru Yasar X Siyam,22,6,2
2024-02-24,7,Yansima,Derya Ulug & Asil Gok,6,1,11
2024-02-24,8,Yuregim Aglar,Amo988,7,4,14
2024-02-24,9,Senden Guzeli Mi Var,Emre Fel,13,9,2
2024-02-24,10,pVg,Motive,10,10,4
2024-02-24,11,Eyvah Neye Yarar,Semicenk,8,7,7
2024-02-24,12,Yatiya,Melis Kar,14,12,2
2024-02-24,13,Aglama Ben Aglarim,Canozan,9,3,16
2024-02-24,14,Kehribar,Ebru Yasar & Burak Bulut,11,2,20
2024-02-24,15,Yakisikli,KOFN & Simge,15,6,12
2024-02-24,16,Bir Imkansiz Var,Emrah Karaduman & Merve Ozbey,-,16,1
2024-02-24,17,Seni Yazdim,ElMusto X Decrat,19,17,2
2024-02-24,18,Sopa,Hande Yener,12,5,9
2024-02-24,19,Atese Dustum,Mert Demir,16,1,19
2024-02-24,20,Jet Baba,Cakal & Lvbel C5,18,13,9
2024-02-24,21,Bertaraf,Canbay x Wolker & Heijan & Muti,20,7,17
2024-02-24,22,Veda Turkusu,Emre Fel,-,22,1
2024-02-24,23,Aklina Ben Gelicem,BLOK3,23,2,21
2024-02-24,24,Margiela,Ezhel,24,2,16
2024-02-24,25,Ilkbaharim Kisa Dondu,Semicenk,-,18,5
2024-03-02,1,Dogustan Beri Hakliyim (tmm),Lvbel C5,1,1,6
2024-03-02,2,Kapak Olsun,"NELLIE, Defkhan & Fredo",2,2,5
2024-03-02,3,Yoksun,Ebru Yasar X Siyam,6,3,3
2024-03-02,4,Bir Imkansiz Var,Emrah Karaduman & Merve Ozbey,16,4,2
2024-03-02,5,Batik Gemi,Semicenk,5,4,8
2024-03-02,6,Araba,M Lisa,3,3,6
2024-03-02,7,Kapali Kapilar,Sefo,4,3,4
2024-03-02,8,Yansima,Derya Ulug & Asil Gok,7,1,12
2024-03-02,9,Senden Guzeli Mi Var,Emre Fel,9,9,3
2024-03-02,10,pVg,Motive,10,10,5
2024-03-02,11,Yuregim Aglar,Amo988,8,4,15
2024-03-02,12,Yatiya,Melis Kar,12,12,3
2024-03-02,13,Aglama Ben Aglarim,Canozan,13,3,17
2024-03-02,14,Eyvah Neye Yarar,Semicenk,11,7,8
2024-03-02,15,Kehribar,Ebru Yasar & Burak Bulut,14,2,21
2024-03-02,16,Yakisikli,KOFN & Simge,15,6,13
2024-03-02,17,Seni Yazdim,ElMusto X Decrat,17,17,3
2024-03-02,18,Atese Dustum,Mert Demir,19,1,20
2024-03-02,19,Sopa,Hande Yener,18,5,10
2024-03-02,20,Bertaraf,Canbay x Wolker & Heijan & Muti,21,7,18
2024-03-02,21,Veda Turkusu,Emre Fel,22,21,2
2024-03-02,22,Aklina Ben Gelicem,BLOK3,23,2,22
2024-03-02,23,Ille de Sen,Muti & Azer Bulbul,-,2,13
2024-03-02,24,Aman Guzel Yavas Yuru,Halodayi X Azer Bulbul,-,1,33
2024-03-02,25,Jet Baba,Cakal & Lvbel C5,20,13,10
2024-03-09,1,Bir Imkansiz Var,Emrah Karaduman & Merve Ozbey,4,1,3
2024-03-09,2,Dogustan Beri Hakliyim (tmm),Lvbel C5,1,1,7
2024-03-09,3,Yoksun,Ebru Yasar X Siyam,3,3,4
2024-03-09,4,Kapak Olsun,"NELLIE, Defkhan & Fredo",2,2,6
2024-03-09,5,Batik Gemi,Semicenk,5,4,9
2024-03-09,6,Araba,M Lisa,6,3,7
2024-03-09,7,Kapali Kapilar,Sefo,7,3,5
2024-03-09,8,Yansima,Derya Ulug & Asil Gok,8,1,13
2024-03-09,9,Senden Guzeli Mi Var,Emre Fel,9,9,4
2024-03-09,10,Yuregim Aglar,Amo988,11,4,16
2024-03-09,11,Yatiya,Melis Kar,12,11,4
2024-03-09,12,Eyvah Neye Yarar,Semicenk,14,7,9
2024-03-09,13,pVg,Motive,10,10,6
2024-03-09,14,Aglama Ben Aglarim,Canozan,13,3,18
2024-03-09,15,Kehribar,Ebru Yasar & Burak Bulut,15,2,22
2024-03-09,16,Yakisikli,KOFN & Simge,16,6,14
2024-03-09,17,Sopa,Hande Yener,19,5,11
2024-03-09,18,Atese Dustum,Mert Demir,18,1,21
2024-03-09,19,Seni Yazdim,ElMusto X Decrat,17,17,4
2024-03-09,20,Aklina Ben Gelicem,BLOK3,22,2,23
2024-03-09,21,Bertaraf,Canbay x Wolker & Heijan & Muti,20,7,19
2024-03-09,22,Veda Turkusu,Emre Fel,21,21,3
2024-03-09,23,Aman Guzel Yavas Yuru,Halodayi X Azer Bulbul,24,1,34
2024-03-09,24,Ille de Sen,Muti & Azer Bulbul,23,2,14
2024-03-09,25,Jet Baba,Cakal & Lvbel C5,25,13,11
2024-03-16,1,Yoksun,Ebru Yasar X Siyam,3,1,5
2024-03-16,2,Bir Imkansiz Var,Emrah Karaduman & Merve Ozbey,1,1,4
2024-03-16,3,Dogustan Beri Hakliyim (tmm),Lvbel C5,2,1,8
2024-03-16,4,Kapak Olsun,"NELLIE, Defkhan & Fredo",4,2,7
2024-03-16,5,Batik Gemi,Semicenk,5,4,10
2024-03-16,6,pVg,Motive,13,6,7
2024-03-16,7,Yatiya,Melis Kar,11,7,5
2024-03-16,8,Kennedy'i Ben Vurdum,Wegh,-,8,1
2024-03-16,9,Araba,M Lisa,6,3,8
2024-03-16,10,Kapali Kapilar,Sefo,7,3,6
2024-03-16,11,Yansima,Derya Ulug & Asil Gok,8,1,14
2024-03-16,12,Yuregim Aglar,Amo988,10,4,17
2024-03-16,13,Senden Guzeli Mi Var,Emre Fel,9,9,5
2024-03-16,14,Aglama Ben Aglarim,Canozan,14,3,19
2024-03-16,15,Eyvah Neye Yarar,Semicenk,12,7,10
2024-03-16,16,Yakisikli,KOFN & Simge,16,6,15
2024-03-16,17,Kehribar,Ebru Yasar & Burak Bulut,15,2,23
2024-03-16,18,Dacia X Yatiya (Remix),Lvbel C5 & Melis Kar,-,18,1
2024-03-16,19,Atese Dustum,Mert Demir,18,1,22
2024-03-16,20,Aklina Ben Gelicem,BLOK3,20,2,24
2024-03-16,21,Sopa,Hande Yener,17,5,12
2024-03-16,22,Jet Baba,Cakal & Lvbel C5,25,13,12
2024-03-16,23,Aman Guzel Yavas Yuru,Halodayi X Azer Bulbul,23,1,35
2024-03-16,24,Sen Evlisin,Gulden Karabocek,-,24,1
2024-03-16,25,Bertaraf,Canbay x Wolker & Heijan & Muti,21,7,20
2024-03-23,1,Lan,Zeynep Bastik,-,1,1
2024-03-23,2,Yoksun,Ebru Yasar X Siyam,1,1,6
2024-03-23,3,Bir Imkansiz Var,Emrah Karaduman & Merve Ozbey,2,1,5
2024-03-23,4,Dogustan Beri Hakliyim (tmm),Lvbel C5,3,1,9
2024-03-23,5,Batik Gemi,Semicenk,5,4,11
2024-03-23,6,Dacia X Yatiya (Remix),Lvbel C5 & Melis Kar,18,6,2
2024-03-23,7,pVg,Motive,6,6,8
2024-03-23,8,Kapak Olsun,"NELLIE, Defkhan & Fredo",4,2,8
2024-03-23,9,Yatiya,Melis Kar,7,7,6
2024-03-23,10,Kennedy'i Ben Vurdum,Wegh,8,8,2
2024-03-23,11,Yakisikli,KOFN & Simge,16,6,16
2024-03-23,12,Yansima,Derya Ulug & Asil Gok,11,1,15
2024-03-23,13,Araba,M Lisa,9,3,9
2024-03-23,14,Yuregim Aglar,Amo988,12,4,18
2024-03-23,15,Kapali Kapilar,Sefo,10,3,7
2024-03-23,16,Senden Guzeli Mi Var,Emre Fel,13,9,6
2024-03-23,17,Aglama Ben Aglarim,Canozan,14,3,20
2024-03-23,18,Kehribar,Ebru Yasar & Burak Bulut,17,2,24
2024-03-23,19,Eyvah Neye Yarar,Semicenk,15,7,11
2024-03-23,20,Sen Evlisin,Gulden Karabocek,24,20,2
2024-03-23,21,Atese Dustum,Mert Demir,19,1,23
2024-03-23,22,Aklina Ben Gelicem,BLOK3,20,2,25
2024-03-23,23,Duldul,Mabel Matiz Featuring Melike Sahin,-,11,12
2024-03-23,24,Sopa,Hande Yener,21,5,13
2024-03-23,25,Jet Baba,Cakal & Lvbel C5,22,13,13
2024-03-30,1,Lan,Zeynep Bastik,1,1,2
2024-03-30,2,Dacia X Yatiya (Remix),Lvbel C5 & Melis Kar,6,2,3
2024-03-30,3,Yoksun,Ebru Yasar X Siyam,2,1,7
2024-03-30,4,Bir Imkansiz Var,Emrah Karaduman & Merve Ozbey,3,1,6
2024-03-30,5,Dogustan Beri Hakliyim (tmm),Lvbel C5,4,1,10
2024-03-30,6,Batik Gemi,Semicenk,5,4,12
2024-03-30,7,Yakisikli,KOFN & Simge,11,6,17
2024-03-30,8,pVg,Motive,7,6,9
2024-03-30,9,Kennedy'i Ben Vurdum,Wegh,10,8,3
2024-03-30,10,Kapak Olsun,"NELLIE, Defkhan & Fredo",8,2,9
2024-03-30,11,Yatiya,Melis Kar,9,7,7
2024-03-30,12,Yansima,Derya Ulug & Asil Gok,12,1,16
2024-03-30,13,Araba,M Lisa,13,3,10
2024-03-30,14,Yuregim Aglar,Amo988,14,4,19
2024-03-30,15,Senden Guzeli Mi Var,Emre Fel,16,9,7
2024-03-30,16,Kapali Kapilar,Sefo,15,3,8
2024-03-30,17,Duldul,Mabel Matiz Featuring Melike Sahin,23,11,13
2024-03-30,18,Aglama Ben Aglarim,Canozan,17,3,21
2024-03-30,19,Kehribar,Ebru Yasar & Burak Bulut,18,2,25
2024-03-30,20,Eyvah Neye Yarar,Semicenk,19,7,12
2024-03-30,21,Atese Dustum,Mert Demir,21,1,24
2024-03-30,22,Sessizim,MMK,-,22,1
2024-03-30,23,Sen Evlisin,Gulden Karabocek,20,20,3
2024-03-30,24,Aci Veriyor,Mert Demir,-,24,1
2024-03-30,25,Aklina Ben Gelicem,BLOK3,22,2,26
2024-04-06,1,Lan,Zeynep Bastik,1,1,3
2024-04-06,2,Dacia X Yatiya (Remix),Lvbel C5 & Melis Kar,2,2,4
2024-04-06,3,Yoksun,Ebru Yasar X Siyam,3,1,8
2024-04-06,4,Dogustan Beri Hakliyim (tmm),Lvbel C5,5,1,11
2024-04-06,5,Batik Gemi,Semicenk,6,4,13
2024-04-06,6,Bir Imkansiz Var,Emrah Karaduman & Merve Ozbey,4,1,7
2024-04-06,7,Kennedy'i Ben Vurdum,Wegh,9,7,4
2024-04-06,8,pVg,Motive,8,6,10
2024-04-06,9,Yakisikli,KOFN & Simge,7,6,18
2024-04-06,10,Yansima,Derya Ulug & Asil Gok,12,1,17
2024-04-06,11,Kapak Olsun,"NELLIE, Defkhan & Fredo",10,2,10
2024-04-06,12,Senden Guzeli Mi Var,Emre Fel,15,9,8
2024-04-06,13,Yatiya,Melis Kar,11,7,8
2024-04-06,14,Seni Seviyorum,Mert Demir,-,14,1
2024-04-06,15,Yuregim Aglar,Amo988,14,4,20
2024-04-06,16,Araba,M Lisa,13,3,11
2024-04-06,17,Cehennemin Dibi,Mert Demir,-,17,1
2024-04-06,18,Aglama Ben Aglarim,Canozan,18,3,22
2024-04-06,19,Atese Dustum,Mert Demir,21,1,25
2024-04-06,20,Duldul,Mabel Matiz Featuring Melike Sahin,17,11,14
2024-04-06,21,Kapali Kapilar,Sefo,16,3,9
2024-04-06,22,Kehribar,Ebru Yasar & Burak Bulut,19,2,26
2024-04-06,23,Sessizim,MMK,22,22,2
2024-04-06,24,Aci Veriyor,Mert Demir,24,24,2
2024-04-06,25,Eyvah Neye Yarar,Semicenk,20,7,13
2024-04-13,1,Lan,Zeynep Bastik,1,1,4
2024-04-13,2,Dacia X Yatiya (Remix),Lvbel C5 & Melis Kar,2,2,5
2024-04-13,3,Yoksun,Ebru Yasar X Siyam,3,1,9
2024-04-13,4,Dogustan Beri Hakliyim (tmm),Lvbel C5,4,1,12
2024-04-13,5,Batik Gemi,Semicenk,5,4,14
2024-04-13,6,Bir Imkansiz Var,Emrah Karaduman & Merve Ozbey,6,1,8
2024-04-13,7,pVg,Motive,8,6,11
2024-04-13,8,Submariner,AKDO & Lvbel C5,-,8,1
2024-04-13,9,Kennedy'i Ben Vurdum,Wegh,7,7,5
2024-04-13,10,Senden Guzeli Mi Var,Emre Fel,12,9,9
2024-04-13,11,Yakisikli,KOFN & Simge,9,6,19
2024-04-13,12,Yansima,Derya Ulug & Asil Gok,10,1,18
2024-04-13,13,Kapak Olsun,"NELLIE, Defkhan & Fredo",11,2,11
2024-04-13,14,Yatiya,Melis Kar,13,7,9
2024-04-13,15,Cehennemin Dibi,Mert Demir,17,15,2
2024-04-13,16,Yuregim Aglar,Amo988,15,4,21
2024-04-13,17,Seni Seviyorum,Mert Demir,14,14,2
2024-04-13,18,Araba,M Lisa,16,3,12
2024-04-13,19,Hayirli Gunler,Aydin Kurtoglu,-,19,1
2024-04-13,20,Duldul,Mabel Matiz Featuring Melike Sahin,20,11,15
2024-04-13,21,Kehribar,Ebru Yasar & Burak Bulut,22,2,27
2024-04-13,22,Kapali Kapilar,Sefo,21,3,10
2024-04-13,23,Favorite,Isabel LaRosa,-,23,1
2024-04-13,24,Aglama Ben Aglarim,Canozan,18,3,23
2024-04-13,25,Gor Bak,Fatih Bulut & Elmas,-,25,1
2024-04-20,1,Lan,Zeynep Bastik,1,1,5
2024-04-20,2,Submariner,AKDO & Lvbel C5,8,2,2
2024-04-20,3,Dacia X Yatiya (Remix),Lvbel C5 & Melis Kar,2,2,6
2024-04-20,4,Yoksun,Ebru Yasar X Siyam,3,1,10
2024-04-20,5,Bir Imkansiz Var,Emrah Karaduman & Merve Ozbey,6,1,9
2024-04-20,6,Hayirli Gunler,Aydin Kurtoglu,19,6,2
2024-04-20,7,Dogustan Beri Hakliyim (tmm),Lvbel C5,4,1,13
2024-04-20,8,Batik Gemi,Semicenk,5,4,15
2024-04-20,9,Kaptan,Ati242,-,9,1
2024-04-20,10,Senden Guzeli Mi Var,Emre Fel,10,9,10
2024-04-20,11,pVg,Motive,7,6,12
2024-04-20,12,Yakisikli,KOFN & Simge,11,6,20
2024-04-20,13,Kader Sag Olsun,Semicenk & Rast,-,1,38
2024-04-20,14,Cehennemin Dibi,Mert Demir,15,14,3
2024-04-20,15,Kennedy'i Ben Vurdum,Wegh,9,7,6
2024-04-20,16,Yatiya,Melis Kar,14,7,10
2024-04-20,17,Yansima,Derya Ulug & Asil Gok,12,1,19
2024-04-20,18,Yuregim Aglar,Amo988,16,4,22
2024-04-20,19,Kapak Olsun,"NELLIE, Defkhan & Fredo",13,2,12
2024-04-20,20,Gor Bak,Fatih Bulut & Elmas,25,20,2
2024-04-20,21,Araba,M Lisa,18,3,13
2024-04-20,22,Seni Seviyorum,Mert Demir,17,14,3
2024-04-20,23,Gozlerime Bak,Mert Demir,-,23,1
2024-04-20,24,Duldul,Mabel Matiz Featuring Melike Sahin,20,11,16
2024-04-20,25,Kehribar,Ebru Yasar & Burak Bulut,21,2,28
2024-04-27,1,Lan,Zeynep Bastik,1,1,6
2024-04-27,2,Submariner,AKDO & Lvbel C5,2,2,3
2024-04-27,3,Laf,BLOK3,-,3,1
2024-04-27,4,Dacia X Yatiya (Remix),Lvbel C5 & Melis Kar,3,2,7
2024-04-27,5,Yoksun,Ebru Yasar X Siyam,4,1,11
2024-04-27,6,Hayirli Gunler,Aydin Kurtoglu,6,6,3
2024-04-27,7,Kader Sag Olsun,Semicenk & Rast,13,1,39
2024-04-27,8,Dogustan Beri Hakliyim (tmm),Lvbel C5,7,1,14
2024-04-27,9,Gozlerime Bak,Mert Demir,23,9,2
2024-04-27,10,Cehennemin Dibi,Mert Demir,14,10,4
2024-04-27,11,Batik Gemi,Semicenk,8,4,16
2024-04-27,12,Kaptan,Ati242,9,9,2
2024-04-27,13,Bir Imkansiz Var,Emrah Karaduman & Merve Ozbey,5,1,10
2024-04-27,14,Yakisikli,KOFN & Simge,12,6,21
2024-04-27,15,Senden Guzeli Mi Var,Emre Fel,10,9,11
2024-04-27,16,pVg,Motive,11,6,13
2024-04-27,17,Yansima,Derya Ulug & Asil Gok,17,1,20
2024-04-27,18,Gor Bak,Fatih Bulut & Elmas,20,18,3
2024-04-27,19,Yuregim Aglar,Amo988,18,4,23
2024-04-27,20,Kennedy'i Ben Vurdum,Wegh,15,7,7
2024-04-27,21,Araba,M Lisa,21,3,14
2024-04-27,22,Kapak Olsun,"NELLIE, Defkhan & Fredo",19,2,13
2024-04-27,23,Yatiya,Melis Kar,16,7,11
2024-04-27,24,Kapali Kapilar,Sefo,-,3,11
2024-04-27,25,Sezen Aksu,Lvbel C5,-,25,1
2024-05-04,1,Renklensin,Reynmen,-,1,1
2024-05-04,2,Lan,Zeynep Bastik,1,1,7
2024-05-04,3,Submariner,AKDO & Lvbel C5,2,2,4
2024-05-04,4,Laf,BLOK3,3,3,2
2024-05-04,5,Sezen Aksu,Lvbel C5,25,5,2
2024-05-04,6,Gozlerime Bak,Mert Demir,9,6,3
2024-05-04,7,Kader Sag Olsun,Semicenk & Rast,7,1,40
2024-05-04,8,Yoksun,Ebru Yasar X Siyam,5,1,12
2024-05-04,9,Dacia X Yatiya (Remix),Lvbel C5 & Melis Kar,4,2,8
2024-05-04,10,Cehennemin Dibi,Mert Demir,10,10,5
2024-05-04,11,Dogustan Beri Hakliyim (tmm),Lvbel C5,8,1,15
2024-05-04,12,Hayirli Gunler,Aydin Kurtoglu,6,6,4
2024-05-04,13,Batik Gemi,Semicenk,11,4,17
2024-05-04,14,Gor Bak,Fatih Bulut & Elmas,18,14,4
2024-05-04,15,Yakisikli,KOFN & Simge,14,6,22
2024-05-04,16,Kaptan,Ati242,12,9,3
2024-05-04,17,Senden Guzeli Mi Var,Emre Fel,15,9,12
2024-05-04,18,nE !?,Lvbel C5,-,18,1
2024-05-04,19,pVg,Motive,16,6,14
2024-05-04,20,Yansima,Derya Ulug & Asil Gok,17,1,21
2024-05-04,21,Bir Imkansiz Var,Emrah Karaduman & Merve Ozbey,13,1,11
2024-05-04,22,Yuregim Aglar,Amo988,19,4,24
2024-05-04,23,Araba,M Lisa,21,3,15
2024-05-04,24,Mini Terorista,Jeff Redd,-,10,14
2024-05-04,25,Aci Veriyor,Mert Demir,-,24,3
2024-05-11,1,Renklensin,Reynmen,1,1,2
2024-05-11,2,Sezen Aksu,Lvbel C5,5,2,3
2024-05-11,3,Lan,Zeynep Bastik,2,1,8
2024-05-11,4,Submariner,AKDO & Lvbel C5,3,2,5
2024-05-11,5,Laf,BLOK3,4,3,3
2024-05-11,6,nE !?,Lvbel C5,18,6,2
2024-05-11,7,Kader Sag Olsun,Semicenk & Rast,7,1,41
2024-05-11,8,Gozlerime Bak,Mert Demir,6,6,4
2024-05-11,9,Yoksun,Ebru Yasar X Siyam,8,1,13
2024-05-11,10,Dacia X Yatiya (Remix),Lvbel C5 & Melis Kar,9,2,9
2024-05-11,11,Hayirli Gunler,Aydin Kurtoglu,12,6,5
2024-05-11,12,Gor Bak,Fatih Bulut & Elmas,14,12,5
2024-05-11,13,Dogustan Beri Hakliyim (tmm),Lvbel C5,11,1,16
2024-05-11,14,Batik Gemi,Semicenk,13,4,18
2024-05-11,15,Cehennemin Dibi,Mert Demir,10,10,6
2024-05-11,16,Ben Sana Gelemem,Mela Bedel,-,16,1
2024-05-11,17,Ikimize Birden,Mert Demir,-,17,1
2024-05-11,18,Yansima,Derya Ulug & Asil Gok,20,1,22
2024-05-11,19,Yakisikli,KOFN & Simge,15,6,23
2024-05-11,20,Senden Guzeli Mi Var,Emre Fel,17,9,13
2024-05-11,21,Bir Imkansiz Var,Emrah Karaduman & Merve Ozbey,21,1,12
2024-05-11,22,Yuregim Aglar,Amo988,22,4,25
2024-05-11,23,Kaptan,Ati242,16,9,4
2024-05-11,24,pVg,Motive,19,6,15
2024-05-11,25,Sen Evlisin,Gulden Karabocek,-,20,4
2024-05-18,1,Tiryakinim,Bayhan,-,1,1
2024-05-18,2,Renklensin,Reynmen,1,1,3
2024-05-18,3,Tek Basima,Semicenk,-,3,1
2024-05-18,4,Sezen Aksu,Lvbel C5,2,2,4
2024-05-18,5,Lan,Zeynep Bastik,3,1,9
2024-05-18,6,Submariner,AKDO & Lvbel C5,4,2,6
2024-05-18,7,Laf,BLOK3,5,3,4
2024-05-18,8,nE !?,Lvbel C5,6,6,3
2024-05-18,9,Ben Sana Gelemem,Mela Bedel,16,9,2
2024-05-18,10,Kader Sag Olsun,Semicenk & Rast,7,1,42
2024-05-18,11,Gor Bak,Fatih Bulut & Elmas,12,11,6
2024-05-18,12,Hayirli Gunler,Aydin Kurtoglu,11,6,6
2024-05-18,13,Dacia X Yatiya (Remix),Lvbel C5 & Melis Kar,10,2,10
2024-05-18,14,Batik Gemi,Semicenk,14,4,19
2024-05-18,15,Yoksun,Ebru Yasar X Siyam,9,1,14
2024-05-18,16,Gozlerime Bak,Mert Demir,8,6,5
2024-05-18,17,Dogustan Beri Hakliyim (tmm),Lvbel C5,13,1,17
2024-05-18,18,Cehennemin Dibi,Mert Demir,15,10,7
2024-05-18,19,Ikimize Birden,Mert Demir,17,17,2
2024-05-18,20,Yakisikli,KOFN & Simge,19,6,24
2024-05-18,21,Yansima,Derya Ulug & Asil Gok,18,1,23
2024-05-18,22,Yuregim Aglar,Amo988,22,4,26
2024-05-18,23,Duser O,Izel,-,23,1
2024-05-18,24,Senden Guzeli Mi Var,Emre Fel,20,9,14
2024-05-18,25,Kehribar,Ebru Yasar & Burak Bulut,-,2,29
2024-05-25,1,Tiryakinim,Bayhan,1,1,2
2024-05-25,2,Tek Basima,Semicenk,3,2,2
2024-05-25,3,Sezen Aksu,Lvbel C5,4,2,5
2024-05-25,4,Renklensin,Reynmen,2,1,4
2024-05-25,5,Lan,Zeynep Bastik,5,1,10
2024-05-25,6,Submariner,AKDO & Lvbel C5,6,2,7
2024-05-25,7,nE !?,Lvbel C5,8,6,4
2024-05-25,8,Komur,Mabel Matiz,-,8,1
2024-05-25,9,Ben Sana Gelemem,Mela Bedel,9,9,3
2024-05-25,10,Laf,BLOK3,7,3,5
2024-05-25,11,Kader Sag Olsun,Semicenk & Rast,10,1,43
2024-05-25,12,Duser O,Izel,23,12,2
2024-05-25,13,Dacia X Yatiya (Remix),Lvbel C5 & Melis Kar,13,2,11
2024-05-25,14,Batik Gemi,Semicenk,14,4,20
2024-05-25,15,Gor Bak,Fatih Bulut & Elmas,11,11,7
2024-05-25,16,Hayirli Gunler,Aydin Kurtoglu,12,6,7
2024-05-25,17,Dogustan Beri Hakliyim (tmm),Lvbel C5,17,1,18
2024-05-25,18,Yoksun,Ebru Yasar X Siyam,15,1,15
2024-05-25,19,Yansima,Derya Ulug & Asil Gok,21,1,24
2024-05-25,20,Cehennemin Dibi,Mert Demir,18,10,8
2024-05-25,21,Yakisikli,KOFN & Simge,20,6,25
2024-05-25,22,Gozlerime Bak,Mert Demir,16,6,6
2024-05-25,23,Yuregim Aglar,Amo988,22,4,27
2024-05-25,24,Kehribar,Ebru Yasar & Burak Bulut,25,2,30
2024-05-25,25,Ikimize Birden,Mert Demir,19,17,3
2024-06-01,1,Tiryakinim,Bayhan,1,1,3
2024-06-01,2,Sezen Aksu,Lvbel C5,3,2,6
2024-06-01,3,Tek Basima,Semicenk,2,2,3
2024-06-01,4,Renklensin,Reynmen,4,1,5
2024-06-01,5,Submariner,AKDO & Lvbel C5,6,2,8
2024-06-01,6,Lan,Zeynep Bastik,5,1,11
2024-06-01,7,Komur,Mabel Matiz,8,7,2
2024-06-01,8,nE !?,Lvbel C5,7,6,5
2024-06-01,9,Ben Sana Gelemem,Mela Bedel,9,9,4
2024-06-01,10,Kader Sag Olsun,Semicenk & Rast,11,1,44
2024-06-01,11,Laf,BLOK3,10,3,6
2024-06-01,12,Duser O,Izel,12,12,3
2024-06-01,13,Elini Ver,Amo988,-,13,1
2024-06-01,14,Dogustan Beri Hakliyim (tmm),Lvbel C5,17,1,19
2024-06-01,15,Dacia X Yatiya (Remix),Lvbel C5 & Melis Kar,13,2,12
2024-06-01,16,Gor Bak,Fatih Bulut & Elmas,15,11,8
2024-06-01,17,Batik Gemi,Semicenk,14,4,21
2024-06-01,18,Yoksun,Ebru Yasar X Siyam,18,1,16
2024-06-01,19,Yansima,Derya Ulug & Asil Gok,19,1,25
2024-06-01,20,Hayirli Gunler,Aydin Kurtoglu,16,6,8
2024-06-01,21,Sana Yildizlari Odedigimden,Bengu Beker,-,21,1
2024-06-01,22,Dale Don Dale,ElMusto,-,22,1
2024-06-01,23,Yakisikli,KOFN & Simge,21,6,26
2024-06-01,24,Kehribar,Ebru Yasar & Burak Bulut,24,2,31
2024-06-01,25,Yuregim Aglar,Amo988,23,4,28
2024-06-08,1,Tiryakinim,Bayhan,1,1,4
2024-06-08,2,Sezen Aksu,Lvbel C5,2,2,7
2024-06-08,3,Tek Basima,Semicenk,3,2,4
2024-06-08,4,Elini Ver,Amo988,13,4,2
2024-06-08,5,Dale Don Dale,ElMusto,22,5,2
2024-06-08,6,Submariner,AKDO & Lvbel C5,5,2,9
2024-06-08,7,Renklensin,Reynmen,4,1,6
2024-06-08,8,Lan,Zeynep Bastik,6,1,12
2024-06-08,9,Komur,Mabel Matiz,7,7,3
2024-06-08,10,nE !?,Lvbel C5,8,6,6
2024-06-08,11,Ben Sana Gelemem,Mela Bedel,9,9,5
2024-06-08,12,Duser O,Izel,12,12,4
2024-06-08,13,Kader Sag Olsun,Semicenk & Rast,10,1,45
2024-06-08,14,Dogustan Beri Hakliyim (tmm),Lvbel C5,14,1,20
2024-06-08,15,Yoksun,Ebru Yasar X Siyam,18,1,17
2024-06-08,16,Gor Bak,Fatih Bulut & Elmas,16,11,9
2024-06-08,17,Laf,BLOK3,11,3,7
2024-06-08,18,Batik Gemi,Semicenk,17,4,22
2024-06-08,19,Kafamin Ici,"Ebru Yasar, Siyam & Zeyd",-,19,1
2024-06-08,20,Dacia X Yatiya (Remix),Lvbel C5 & Melis Kar,15,2,13
2024-06-08,21,Sen Bilmezsin,Dedubluman,-,21,1
2024-06-08,22,Hayirli Gunler,Aydin Kurtoglu,20,6,9
2024-06-08,23,Yansima,Derya Ulug & Asil Gok,19,1,26
2024-06-08,24,Sana El Pence Durmam,Emre Fel,-,24,1
2024-06-08,25,Kehribar,Ebru Yasar & Burak Bulut,24,2,32
2024-06-15,1,Sezen Aksu,Lvbel C5,2,1,8
2024-06-15,2,Dale Don Dale,ElMusto,5,2,3
2024-06-15,3,Elini Ver,Amo988,4,3,3
2024-06-15,4,Tiryakinim,Bayhan,1,1,5
2024-06-15,5,Tek Basima,Semicenk,3,2,5
2024-06-15,6,Submariner,AKDO & Lvbel C5,6,2,10
2024-06-15,7,nE !?,Lvbel C5,10,6,7
2024-06-15,8,Ben Sana Gelemem,Mela Bedel,11,8,6
2024-06-15,9,Lan,Zeynep Bastik,8,1,13
2024-06-15,10,Renklensin,Reynmen,7,1,7
2024-06-15,11,Komur,Mabel Matiz,9,7,4
2024-06-15,12,Duser O,Izel,12,12,5
2024-06-15,13,Sana El Pence Durmam,Emre Fel,24,13,2
2024-06-15,14,Kader Sag Olsun,Semicenk & Rast,13,1,46
2024-06-15,15,Habibi,BLOK3 X Stefflon Don,-,15,1
2024-06-15,16,Iltimas X Submariner,"AKDO, Gulsen & Murat Boz Featuring Lvbel C5",-,16,1
2024-06-15,17,Dogustan Beri Hakliyim (tmm),Lvbel C5,14,1,21
2024-06-15,18,Yoksun,Ebru Yasar X Siyam,15,1,18
2024-06-15,19,Kafamin Ici,"Ebru Yasar, Siyam & Zeyd",19,19,2
2024-06-15,20,Yakisikli,KOFN & Simge,-,6,27
2024-06-15,21,Gor Bak,Fatih Bulut & Elmas,16,11,10
2024-06-15,22,Batik Gemi,Semicenk,18,4,23
2024-06-15,23,Dacia X Yatiya (Remix),Lvbel C5 & Melis Kar,20,2,14
2024-06-15,24,Sen Bilmezsin,Dedubluman,21,21,2
2024-06-15,25,Kehribar,Ebru Yasar & Burak Bulut,25,2,33
2024-06-22,1,Sezen Aksu,Lvbel C5,1,1,9
2024-06-22,2,Dale Don Dale,ElMusto,2,2,4
2024-06-22,3,Elini Ver,Amo988,3,3,4
2024-06-22,4,Tiryakinim,Bayhan,4,1,6
2024-06-22,5,Cistak,Era7capone & Batuflex & Narco,-,5,1
2024-06-22,6,Submariner,AKDO & Lvbel C5,6,2,11
2024-06-22,7,Sana El Pence Durmam,Emre Fel,13,7,3
2024-06-22,8,Tek Basima,Semicenk,5,2,6
2024-06-22,9,Ben Sana Gelemem,Mela Bedel,8,8,7
2024-06-22,10,nE !?,Lvbel C5,7,6,8
2024-06-22,11,Lan,Zeynep Bastik,9,1,14
2024-06-22,12,Renklensin,Reynmen,10,1,8
2024-06-22,13,Iltimas X Submariner,"AKDO, Gulsen & Murat Boz Featuring Lvbel C5",16,13,2
2024-06-22,14,Duser O,Izel,12,12,6
2024-06-22,15,Komur,Mabel Matiz,11,7,5
2024-06-22,16,Kafamin Ici,"Ebru Yasar, Siyam & Zeyd",19,16,3
2024-06-22,17,Sen Bilmezsin,Dedubluman,24,17,3
2024-06-22,18,Yakisikli,KOFN & Simge,20,6,28
2024-06-22,19,Kader Sag Olsun,Semicenk & Rast,14,1,47
2024-06-22,20,Habibi,BLOK3 X Stefflon Don,15,15,2
2024-06-22,21,Dogustan Beri Hakliyim (tmm),Lvbel C5,17,1,22
2024-06-22,22,Yoksun,Ebru Yasar X Siyam,18,1,19
2024-06-22,23,Batik Gemi,Semicenk,22,4,24
2024-06-22,24,Bir Karanfil,Emir Can Igrek,-,24,1
2024-06-22,25,Dacia X Yatiya (Remix),Lvbel C5 & Melis Kar,23,2,15
2024-06-29,1,Cistak,Era7capone & Batuflex & Narco,5,1,2
2024-06-29,2,Sezen Aksu,Lvbel C5,1,1,10
2024-06-29,3,Sana El Pence Durmam,Emre Fel,7,3,4
2024-06-29,4,Dale Don Dale,ElMusto,2,2,5
2024-06-29,5,Tiryakinim,Bayhan,4,1,7
2024-06-29,6,Elini Ver,Amo988,3,3,5
2024-06-29,7,Submariner,AKDO & Lvbel C5,6,2,12
2024-06-29,8,Iltimas X Submariner,"AKDO, Gulsen & Murat Boz Featuring Lvbel C5",13,8,3
2024-06-29,9,nE !?,Lvbel C5,10,6,9
2024-06-29,10,Lan,Zeynep Bastik,11,1,15
2024-06-29,11,Renklensin,Reynmen,12,1,9
2024-06-29,12,Tek Basima,Semicenk,8,2,7
2024-06-29,13,Ben Sana Gelemem,Mela Bedel,9,8,8
2024-06-29,14,Kafamin Ici,"Ebru Yasar, Siyam & Zeyd",16,14,4
2024-06-29,15,Duser O,Izel,14,12,7
2024-06-29,16,Yakisikli,KOFN & Simge,18,6,29
2024-06-29,17,Kader Sag Olsun,Semicenk & Rast,19,1,48
2024-06-29,18,Komur,Mabel Matiz,15,7,6
2024-06-29,19,Yoksun,Ebru Yasar X Siyam,22,1,20
2024-06-29,20,Sen Bilmezsin,Dedubluman,17,17,4
2024-06-29,21,Dogustan Beri Hakliyim (tmm),Lvbel C5,21,1,23
2024-06-29,22,Habibi,BLOK3 X Stefflon Don,20,15,3
2024-06-29,23,Kule Donmussun,Semicenk & Dogu Swag,-,23,1
2024-06-29,24,Batik Gemi,Semicenk,23,4,25
2024-06-29,25,Gor Bak,Fatih Bulut & Elmas,-,11,11
2024-07-06,1,Cistak,Era7capone & Batuflex & Narco,1,1,3
2024-07-06,2,Sana El Pence Durmam,Emre Fel,3,2,5
2024-07-06,3,Kule Donmussun,Semicenk & Dogu Swag,23,3,2
2024-07-06,4,Sezen Aksu,Lvbel C5,2,1,11
2024-07-06,5,Dale Don Dale,ElMusto,4,2,6
2024-07-06,6,Renklensin,Reynmen,11,1,10
2024-07-06,7,Iltimas X Submariner,"AKDO, Gulsen & Murat Boz Featuring Lvbel C5",8,7,4
2024-07-06,8,Elini Ver,Amo988,6,3,6
2024-07-06,9,Tiryakinim,Bayhan,5,1,8
2024-07-06,10,Intihar,Era7capone & Nasteisha,-,10,1
2024-07-06,11,Submariner,AKDO & Lvbel C5,7,2,13
2024-07-06,12,Lan,Zeynep Bastik,10,1,16
2024-07-06,13,Ben Sana Gelemem,Mela Bedel,13,8,9
2024-07-06,14,Tek Basima,Semicenk,12,2,8
2024-07-06,15,nE !?,Lvbel C5,9,6,10
2024-07-06,16,Sen Bilmezsin,Dedubluman,20,16,5
2024-07-06,17,Kafamin Ici,"Ebru Yasar, Siyam & Zeyd",14,14,5
2024-07-06,18,Yakisikli,KOFN & Simge,16,6,30
2024-07-06,19,Komur,Mabel Matiz,18,7,7
2024-07-06,20,Kader Sag Olsun,Semicenk & Rast,17,1,49
2024-07-06,21,Habibi,BLOK3 X Stefflon Don,22,15,4
2024-07-06,22,Duser O,Izel,15,12,8
2024-07-06,23,Kehribar,Ebru Yasar & Burak Bulut,-,2,34
2024-07-06,24,Yoksun,Ebru Yasar X Siyam,19,1,21
2024-07-06,25,Batik Gemi,Semicenk,24,4,26
2024-07-13,1,Cistak,Era7capone & Batuflex & Narco,1,1,4
2024-07-13,2,Kule Donmussun,Semicenk & Dogu Swag,3,2,3
2024-07-13,3,Sana El Pence Durmam,Emre Fel,2,2,6
2024-07-13,4,Sezen Aksu,Lvbel C5,4,1,12
2024-07-13,5,Dale Don Dale,ElMusto,5,2,7
2024-07-13,6,Renklensin,Reynmen,6,1,11
2024-07-13,7,Intihar,Era7capone & Nasteisha,10,7,2
2024-07-13,8,Lan,Zeynep Bastik,12,1,17
2024-07-13,9,Iltimas X Submariner,"AKDO, Gulsen & Murat Boz Featuring Lvbel C5",7,7,5
2024-07-13,10,Submariner,AKDO & Lvbel C5,11,2,14
2024-07-13,11,Ben Sana Gelemem,Mela Bedel,13,8,10
2024-07-13,12,Elini Ver,Amo988,8,3,7
2024-07-13,13,Sen Bilmezsin,Dedubluman,16,13,6
2024-07-13,14,Kufi,Duman,-,14,1
2024-07-13,15,Tiryakinim,Bayhan,9,1,9
2024-07-13,16,nE !?,Lvbel C5,15,6,11
2024-07-13,17,Tek Basima,Semicenk,14,2,9
2024-07-13,18,Yakisikli,KOFN & Simge,18,6,31
2024-07-13,19,Kafamin Ici,"Ebru Yasar, Siyam & Zeyd",17,14,6
2024-07-13,20,Komur,Mabel Matiz,19,7,8
2024-07-13,21,Kader Sag Olsun,Semicenk & Rast,20,1,50
2024-07-13,22,Onumuz Yaz,Simge,-,22,1
2024-07-13,23,Kehribar,Ebru Yasar & Burak Bulut,23,2,35
2024-07-13,24,Oluyorum Anla,Mert Demir,-,24,1
2024-07-13,25,Habibi,BLOK3 X Stefflon Don,21,15,5
2024-07-20,1,Cistak,Era7capone & Batuflex & Narco,1,1,5
2024-07-20,2,Degismene Ragmen,Ati242,-,2,1
2024-07-20,3,Kule Donmussun,Semicenk & Dogu Swag,2,2,4
2024-07-20,4,Sana El Pence Durmam,Emre Fel,3,2,7
2024-07-20,5,Dale Don Dale,ElMusto,5,2,8
2024-07-20,6,Sezen Aksu,Lvbel C5,4,1,13
2024-07-20,7,Renklensin,Reynmen,6,1,12
2024-07-20,8,Sen Bilmezsin,Dedubluman,13,8,7
2024-07-20,9,Intihar,Era7capone & Nasteisha,7,7,3
2024-07-20,10,Submariner,AKDO & Lvbel C5,10,2,15
2024-07-20,11,ESC*BAR,BLOK3,-,11,1
2024-07-20,12,Lan,Zeynep Bastik,8,1,18
2024-07-20,13,Ben Sana Gelemem,Mela Bedel,11,8,11
2024-07-20,14,Iltimas X Submariner,"AKDO, Gulsen & Murat Boz Featuring Lvbel C5",9,7,6
2024-07-20,15,nE !?,Lvbel C5,16,6,12
2024-07-20,16,Oluyorum Anla,Mert Demir,24,16,2
2024-07-20,17,Elini Ver,Amo988,12,3,8
2024-07-20,18,Tek Basima,Semicenk,17,2,10
2024-07-20,19,Kufi,Duman,14,14,2
2024-07-20,20,Onumuz Yaz,Simge,22,20,2
2024-07-20,21,Tiryakinim,Bayhan,15,1,10
2024-07-20,22,Kafamin Ici,"Ebru Yasar, Siyam & Zeyd",19,14,7
2024-07-20,23,Komur,Mabel Matiz,20,7,9
2024-07-20,24,Kehribar,Ebru Yasar & Burak Bulut,23,2,36
2024-07-20,25,Kader Sag Olsun,Semicenk & Rast,21,1,51
2024-07-27,1,Cistak,Era7capone & Batuflex & Narco,1,1,6
2024-07-27,2,Sana El Pence Durmam,Emre Fel,4,2,8
2024-07-27,3,Degismene Ragmen,Ati242,2,2,2
2024-07-27,4,Dale Don Dale,ElMusto,5,2,9
2024-07-27,5,Kule Donmussun,Semicenk & Dogu Swag,3,2,5
2024-07-27,6,Onumuz Yaz,Simge,20,6,3
2024-07-27,7,Sezen Aksu,Lvbel C5,6,1,14
2024-07-27,8,ESC*BAR,BLOK3,11,8,2
2024-07-27,9,Sen Bilmezsin,Dedubluman,8,8,8
2024-07-27,10,Oluyorum Anla,Mert Demir,16,10,3
2024-07-27,11,Renklensin,Reynmen,7,1,13
2024-07-27,12,Lan,Zeynep Bastik,12,1,19
2024-07-27,13,Submariner,AKDO & Lvbel C5,10,2,16
2024-07-27,14,Aradan Cok Yillar Gecti,Tugce Kandemir,-,14,1
2024-07-27,15,Intihar,Era7capone & Nasteisha,9,7,4
2024-07-27,16,Ben Sana Gelemem,Mela Bedel,13,8,12
2024-07-27,17,Iltimas X Submariner,"AKDO, Gulsen & Murat Boz Featuring Lvbel C5",14,7,7
2024-07-27,18,nE !?,Lvbel C5,15,6,13
2024-07-27,19,Tek Basima,Semicenk,18,2,11
2024-07-27,20,Kufi,Duman,19,14,3
2024-07-27,21,Elini Ver,Amo988,17,3,9
2024-07-27,22,Kader Sag Olsun,Semicenk & Rast,25,1,52
2024-07-27,23,Kafamin Ici,"Ebru Yasar, Siyam & Zeyd",22,14,8
2024-07-27,24,Kehribar,Ebru Yasar & Burak Bulut,24,2,37
2024-07-27,25,Tiryakinim,Bayhan,21,1,11
2024-08-03,1,Cistak,Era7capone & Batuflex & Narco,1,1,7
2024-08-03,2,Sana El Pence Durmam,Emre Fel,2,2,9
2024-08-03,3,Onumuz Yaz,Simge,6,3,4
2024-08-03,4,Dale Don Dale,ElMusto,4,2,10
2024-08-03,5,Degismene Ragmen,Ati242,3,2,3
2024-08-03,6,ESC*BAR,BLOK3,8,6,3
2024-08-03,7,Aradan Cok Yillar Gecti,Tugce Kandemir,14,7,2
2024-08-03,8,Sen Bilmezsin,Dedubluman,9,8,9
2024-08-03,9,Kule Donmussun,Semicenk & Dogu Swag,5,2,6
2024-08-03,10,Oluyorum Anla,Mert Demir,10,10,4
2024-08-03,11,Sezen Aksu,Lvbel C5,7,1,15
2024-08-03,12,Lan,Zeynep Bastik,12,1,20
2024-08-03,13,Renklensin,Reynmen,11,1,14
2024-08-03,14,Submariner,AKDO & Lvbel C5,13,2,17
2024-08-03,15,Ben Sana Gelemem,Mela Bedel,16,8,13
2024-08-03,16,Intihar,Era7capone & Nasteisha,15,7,5
2024-08-03,17,Iltimas X Submariner,"AKDO, Gulsen & Murat Boz Featuring Lvbel C5",17,7,8
2024-08-03,18,nE !?,Lvbel C5,18,6,14
2024-08-03,19,Tek Basima,Semicenk,19,2,12
2024-08-03,20,Behzat C,Lvbel C5,-,20,1
2024-08-03,21,Kader Sag Olsun,Semicenk & Rast,22,1,53
2024-08-03,22,Soz Verdim,Nahide Babashli,-,22,1
2024-08-03,23,Kehribar,Ebru Yasar & Burak Bulut,24,2,38
2024-08-03,24,Kufi,Duman,20,14,4
2024-08-03,25,Kafamin Ici,"Ebru Yasar, Siyam & Zeyd",23,14,9
2024-08-10,1,Cistak,Era7capone & Batuflex & Narco,1,1,8
2024-08-10,2,Onumuz Yaz,Simge,3,2,5
2024-08-10,3,Aradan Cok Yillar Gecti,Tugce Kandemir,7,3,3
2024-08-10,4,Sana El Pence Durmam,Emre Fel,2,2,10
2024-08-10,5,Dale Don Dale,ElMusto,4,2,11
2024-08-10,6,ESC*BAR,BLOK3,6,6,4
2024-08-10,7,Sen Bilmezsin,Dedubluman,8,7,10
2024-08-10,8,Degismene Ragmen,Ati242,5,2,4
2024-08-10,9,Kule Donmussun,Semicenk & Dogu Swag,9,2,7
2024-08-10,10,Sezen Aksu,Lvbel C5,11,1,16
2024-08-10,11,Oluyorum Anla,Mert Demir,10,10,5
2024-08-10,12,Lan,Zeynep Bastik,12,1,21
2024-08-10,13,Renklensin,Reynmen,13,1,15
2024-08-10,14,Submariner,AKDO & Lvbel C5,14,2,18
2024-08-10,15,Ben Sana Gelemem,Mela Bedel,15,8,14
2024-08-10,16,Kadehimi Bos Birakma,Ezhel,-,16,1
2024-08-10,17,nE !?,Lvbel C5,18,6,15
2024-08-10,18,Iltimas X Submariner,"AKDO, Gulsen & Murat Boz Featuring Lvbel C5",17,7,9
2024-08-10,19,Intihar,Era7capone & Nasteisha,16,7,6
2024-08-10,20,Behzat C,Lvbel C5,20,20,2
2024-08-10,21,Kehribar,Ebru Yasar & Burak Bulut,23,2,39
2024-08-10,22,Kader Sag Olsun,Semicenk & Rast,21,1,54
2024-08-10,23,Tek Basima,Semicenk,19,2,13
2024-08-10,24,Komur,Mabel Matiz,-,7,10
2024-08-10,25,Batik Gemi,Semicenk,-,4,27
2024-08-17,1,Cistak,Era7capone & Batuflex & Narco,1,1,9
2024-08-17,2,Onumuz Yaz,Simge,2,2,6
2024-08-17,3,Aradan Cok Yillar Gecti,Tugce Kandemir,3,3,4
2024-08-17,4,Sana El Pence Durmam,Emre Fel,4,2,11
2024-08-17,5,Dale Don Dale,ElMusto,5,2,12
2024-08-17,6,Sen Bilmezsin,Dedubluman,7,6,11
2024-08-17,7,Sezen Aksu,Lvbel C5,10,1,17
2024-08-17,8,Kule Donmussun,Semicenk & Dogu Swag,9,2,8
2024-08-17,9,Oluyorum Anla,Mert Demir,11,9,6
2024-08-17,10,Degismene Ragmen,Ati242,8,2,5
2024-08-17,11,ESC*BAR,BLOK3,6,6,5
2024-08-17,12,Lan,Zeynep Bastik,12,1,22
2024-08-17,13,Renklensin,Reynmen,13,1,16
2024-08-17,14,nE !?,Lvbel C5,17,6,16
2024-08-17,15,Kadehimi Bos Birakma,Ezhel,16,15,2
2024-08-17,16,Kehribar,Ebru Yasar & Burak Bulut,21,2,40
2024-08-17,17,Iltimas X Submariner,"AKDO, Gulsen & Murat Boz Featuring Lvbel C5",18,7,10
2024-08-17,18,Ben Sana Gelemem,Mela Bedel,15,8,15
2024-08-17,19,Kader Sag Olsun,Semicenk & Rast,22,1,55
2024-08-17,20,Submariner,AKDO & Lvbel C5,14,2,19
2024-08-17,21,Komur,Mabel Matiz,24,7,11
2024-08-17,22,Intihar,Era7capone & Nasteisha,19,7,7
2024-08-17,23,Tek Basima,Semicenk,23,2,14
2024-08-17,24,Yakisikli,KOFN & Simge,-,6,32
2024-08-17,25,Kafamin Ici,"Ebru Yasar, Siyam & Zeyd",-,14,10
2024-08-24,1,Cistak,Era7capone & Batuflex & Narco,1,1,10
2024-08-24,2,Aradan Cok Yillar Gecti,Tugce Kandemir,3,2,5
2024-08-24,3,Onumuz Yaz,Simge,2,2,7
2024-08-24,4,Sana El Pence Durmam,Emre Fel,4,2,12
2024-08-24,5,Geciyor Zaman,Semicenk,-,5,1
2024-08-24,6,Dale Don Dale,ElMusto,5,2,13
2024-08-24,7,Kader Sag Olsun,Semicenk,-,7,1
2024-08-24,8,Sen Bilmezsin,Dedubluman,6,6,12
2024-08-24,9,Sezen Aksu,Lvbel C5,7,1,18
2024-08-24,10,Oluyorum Anla,Mert Demir,9,9,7
2024-08-24,11,Kule Donmussun,Semicenk & Dogu Swag,8,2,9
2024-08-24,12,Onlar Anlamaz Halden,Semicenk,-,12,1
2024-08-24,13,Lan,Zeynep Bastik,12,1,23
2024-08-24,14,ESC*BAR,BLOK3,11,6,6
2024-08-24,15,Renklensin,Reynmen,13,1,17
2024-08-24,16,Degismene Ragmen,Ati242,10,2,6
2024-08-24,17,Yetmedi,Lvbel C5 & AKDO,-,17,1
2024-08-24,18,Kader Sag Olsun,Semicenk & Rast,19,1,56
2024-08-24,19,Of Of Of,ElMusto & Organize,-,19,1
2024-08-24,20,nE !?,Lvbel C5,14,6,17
2024-08-24,21,Kadehimi Bos Birakma,Ezhel,15,15,3
2024-08-24,22,Kehribar,Ebru Yasar & Burak Bulut,16,2,41
2024-08-24,23,Komur,Mabel Matiz,21,7,12
2024-08-24,24,Iltimas X Submariner,"AKDO, Gulsen & Murat Boz Featuring Lvbel C5",17,7,11
2024-08-24,25,Tek Basima,Semicenk,23,2,15
2024-08-31,1,Cistak,Era7capone & Batuflex & Narco,1,1,11
2024-08-31,2,Kader Sag Olsun,Semicenk,7,2,2
2024-08-31,3,Aradan Cok Yillar Gecti,Tugce Kandemir,2,2,6
2024-08-31,4,Onumuz Yaz,Simge,3,2,8
2024-08-31,5,Geciyor Zaman,Semicenk,5,5,2
2024-08-31,6,Onlar Anlamaz Halden,Semicenk,12,6,2
2024-08-31,7,Sana El Pence Durmam,Emre Fel,4,2,13
2024-08-31,8,Dale Don Dale,ElMusto,6,2,14
2024-08-31,9,Sen Bilmezsin,Dedubluman,8,6,13
2024-08-31,10,Oluyorum Anla,Mert Demir,10,9,8
2024-08-31,11,Sezen Aksu,Lvbel C5,9,1,19
2024-08-31,12,Kule Donmussun,Semicenk & Dogu Swag,11,2,10
2024-08-31,13,Lan,Zeynep Bastik,13,1,24
2024-08-31,14,ESC*BAR,BLOK3,14,6,7
2024-08-31,15,Of Of Of,ElMusto & Organize,19,15,2
2024-08-31,16,Renklensin,Reynmen,15,1,18
2024-08-31,17,Yetmedi,Lvbel C5 & AKDO,17,17,2
2024-08-31,18,Olmazlara Vuruluyorum,Mert Demir Featuring Duygu Edis,-,18,1
2024-08-31,19,Degismene Ragmen,Ati242,16,2,7
2024-08-31,20,Kader Sag Olsun,Semicenk & Rast,18,1,57
2024-08-31,21,Sahte Sonbahar,Semicenk,-,21,1
2024-08-31,22,nE !?,Lvbel C5,20,6,18
2024-08-31,23,Komur,Mabel Matiz,23,7,13
2024-08-31,24,Kehribar,Ebru Yasar & Burak Bulut,22,2,42
2024-08-31,25,Iltimas X Submariner,"AKDO, Gulsen & Murat Boz Featuring Lvbel C5",24,7,12
2024-09-07,1,Kader Sag Olsun,Semicenk,2,1,3
2024-09-07,2,Onlar Anlamaz Halden,Semicenk,6,2,3
2024-09-07,3,Geciyor Zaman,Semicenk,5,3,3
2024-09-07,4,Aradan Cok Yillar Gecti,Tugce Kandemir,3,2,7
2024-09-07,5,Cistak,Era7capone & Batuflex & Narco,1,1,12
2024-09-07,6,Onumuz Yaz,Simge,4,2,9
2024-09-07,7,Sana El Pence Durmam,Emre Fel,7,2,14
2024-09-07,8,Dale Don Dale,ElMusto,8,2,15
2024-09-07,9,Sen Bilmezsin,Dedubluman,9,6,14
2024-09-07,10,Oluyorum Anla,Mert Demir,10,9,9
2024-09-07,11,Sezen Aksu,Lvbel C5,11,1,20
2024-09-07,12,Lan,Zeynep Bastik,13,1,25
2024-09-07,13,Kabul Olan Tek Duamsin,Shawty,-,13,1
2024-09-07,14,ESC*BAR,BLOK3,14,6,8
2024-09-07,15,Yetmedi,Lvbel C5 & AKDO,17,15,3
2024-09-07,16,Degismene Ragmen,Ati242,19,2,8
2024-09-07,17,Kule Donmussun,Semicenk & Dogu Swag,12,2,11
2024-09-07,18,Renklensin,Reynmen,16,1,19
2024-09-07,19,Olmazlara Vuruluyorum,Mert Demir Featuring Duygu Edis,18,18,2
2024-09-07,20,Of Of Of,ElMusto & Organize,15,15,3
2024-09-07,21,Sahte Sonbahar,Semicenk,21,21,2
2024-09-07,22,Ortak,Melike Sahin,-,22,1
2024-09-07,23,Kehribar,Ebru Yasar & Burak Bulut,24,2,43
2024-09-07,24,Kader Sag Olsun,Semicenk & Rast,20,1,58
2024-09-07,25,Iltimas X Submariner,"AKDO, Gulsen & Murat Boz Featuring Lvbel C5",25,7,13
2024-09-14,1,Onlar Anlamaz Halden,Semicenk,2,1,4
2024-09-14,2,Geciyor Zaman,Semicenk,3,2,4
2024-09-14,3,Cistak,Era7capone & Batuflex & Narco,5,1,13
2024-09-14,4,Aradan Cok Yillar Gecti,Tugce Kandemir,4,2,8
2024-09-14,5,Onumuz Yaz,Simge,6,2,10
2024-09-14,6,Kader Sag Olsun,Semicenk,1,1,4
2024-09-14,7,Dale Don Dale,ElMusto,8,2,16
2024-09-14,8,Sana El Pence Durmam,Emre Fel,7,2,15
2024-09-14,9,Sen Bilmezsin,Dedubluman,9,6,15
2024-09-14,10,Kabul Olan Tek Duamsin,Shawty,13,10,2
2024-09-14,11,Bos Yere,Can Togrulca,-,11,1
2024-09-14,12,Oluyorum Anla,Mert Demir,10,9,10
2024-09-14,13,Lan,Zeynep Bastik,12,1,26
2024-09-14,14,Sezen Aksu,Lvbel C5,11,1,21
2024-09-14,15,Olmazlara Vuruluyorum,Mert Demir Featuring Duygu Edis,19,15,3
2024-09-14,16,Degismene Ragmen,Ati242,16,2,9
2024-09-14,17,ESC*BAR,BLOK3,14,6,9
2024-09-14,18,Sahte Sonbahar,Semicenk,21,18,3
2024-09-14,19,Of Of Of,ElMusto & Organize,20,15,4
2024-09-14,20,Bir Kis Masali,Hande Yener,-,20,1
2024-09-14,21,Yetmedi,Lvbel C5 & AKDO,15,15,4
2024-09-14,22,Kule Donmussun,Semicenk & Dogu Swag,17,2,12
2024-09-14,23,Renklensin,Reynmen,18,1,20
2024-09-14,24,Karardi Bulutlar,Wegh,-,24,1
2024-09-14,25,Iltimas X Submariner,"AKDO, Gulsen & Murat Boz Featuring Lvbel C5",25,7,14
2024-09-21,1,Onlar Anlamaz Halden,Semicenk,1,1,5
2024-09-21,2,Geciyor Zaman,Semicenk,2,2,5
2024-09-21,3,Cistak,Era7capone & Batuflex & Narco,3,1,14
2024-09-21,4,Aradan Cok Yillar Gecti,Tugce Kandemir,4,2,9
2024-09-21,5,Onumuz Yaz,Simge,5,2,11
2024-09-21,6,Sana El Pence Durmam,Emre Fel,8,2,16
2024-09-21,7,Dale Don Dale,ElMusto,7,2,17
2024-09-21,8,Kader Sag Olsun,Semicenk,6,1,5
2024-09-21,9,Sen Bilmezsin,Dedubluman,9,6,16
2024-09-21,10,Kabul Olan Tek Duamsin,Shawty,10,10,3
2024-09-21,11,Lan,Zeynep Bastik,13,1,27
2024-09-21,12,Oluyorum Anla,Mert Demir,12,9,11
2024-09-21,13,Bos Yere,Can Togrulca,11,11,2
2024-09-21,14,Degismene Ragmen,Ati242,16,2,10
2024-09-21,15,Bir Kis Masali,Hande Yener,20,15,2
2024-09-21,16,Sezen Aksu,Lvbel C5,14,1,22
2024-09-21,17,Of Of Of,ElMusto & Organize,19,15,5
2024-09-21,18,ESC*BAR,BLOK3,17,6,10
2024-09-21,19,Olmazlara Vuruluyorum,Mert Demir Featuring Duygu Edis,15,15,4
2024-09-21,20,Yetmedi,Lvbel C5 & AKDO,21,15,5
2024-09-21,21,Renklensin,Reynmen,23,1,21
2024-09-21,22,Karardi Bulutlar,Wegh,24,22,2
2024-09-21,23,Kule Donmussun,Semicenk & Dogu Swag,22,2,13
2024-09-21,24,Iltimas X Submariner,"AKDO, Gulsen & Murat Boz Featuring Lvbel C5",25,7,15
2024-09-21,25,Sahte Sonbahar,Semicenk,18,18,4
2024-09-28,1,Onlar Anlamaz Halden,Semicenk,1,1,6
2024-09-28,2,Cistak,Era7capone & Batuflex & Narco,3,1,15
2024-09-28,3,Geciyor Zaman,Semicenk,2,2,6
2024-09-28,4,Aradan Cok Yillar Gecti,Tugce Kandemir,4,2,10
2024-09-28,5,Onumuz Yaz,Simge,5,2,12
2024-09-28,6,Sana El Pence Durmam,Emre Fel,6,2,17
2024-09-28,7,Sevmeyi Denemedin,BLOK3,-,7,1
2024-09-28,8,Dale Don Dale,ElMusto,7,2,18
2024-09-28,9,Sen Bilmezsin,Dedubluman,9,6,17
2024-09-28,10,Kader Sag Olsun,Semicenk,8,1,6
2024-09-28,11,Nacar,Emre Fel,-,11,1
2024-09-28,12,Degismene Ragmen,Ati242,14,2,11
2024-09-28,13,Zehirli Gul,BLOK3,-,13,1
2024-09-28,14,Kabul Olan Tek Duamsin,Shawty,10,10,4
2024-09-28,15,Lan,Zeynep Bastik,11,1,28
2024-09-28,16,Oluyorum Anla,Mert Demir,12,9,12
2024-09-28,17,ESC*BAR,BLOK3,18,6,11
2024-09-28,18,Bos Yere,Can Togrulca,13,11,3
2024-09-28,19,Sezen Aksu,Lvbel C5,16,1,23
2024-09-28,20,Bir Kis Masali,Hande Yener,15,15,3
2024-09-28,21,Of Of Of,ElMusto & Organize,17,15,6
2024-09-28,22,Yetmedi,Lvbel C5 & AKDO,20,15,6
2024-09-28,23,Cozemezler,Lvbel C5 & AKDO,-,23,1
2024-09-28,24,Olmazlara Vuruluyorum,Mert Demir Featuring Duygu Edis,19,15,5
2024-09-28,25,nE !?,Lvbel C5,-,6,19
2024-10-05,1,Onlar Anlamaz Halden,Semicenk,1,1,7
2024-10-05,2,Cistak,Era7capone & Batuflex & Narco,2,1,16
2024-10-05,3,Sevmeyi Denemedin,BLOK3,7,3,2
2024-10-05,4,Geciyor Zaman,Semicenk,3,2,7
2024-10-05,5,Aradan Cok Yillar Gecti,Tugce Kandemir,4,2,11
2024-10-05,6,Dale Don Dale,ElMusto,8,2,19
2024-10-05,7,Sen Bilmezsin,Dedubluman,9,6,18
2024-10-05,8,Nacar,Emre Fel,11,8,2
2024-10-05,9,Onumuz Yaz,Simge,5,2,13
2024-10-05,10,Sana El Pence Durmam,Emre Fel,6,2,18
2024-10-05,11,Bunca Yil,Dedubluman & Can Kazaz,-,11,1
2024-10-05,12,Degismene Ragmen,Ati242,12,2,12
2024-10-05,13,Kader Sag Olsun,Semicenk,10,1,7
2024-10-05,14,Kabul Olan Tek Duamsin,Shawty,14,10,5
2024-10-05,15,Zehirli Gul,BLOK3,13,13,2
2024-10-05,16,Lan,Zeynep Bastik,15,1,29
2024-10-05,17,Oluyorum Anla,Mert Demir,16,9,13
2024-10-05,18,Of Of Of,ElMusto & Organize,21,15,7
2024-10-05,19,Cozemezler,Lvbel C5 & AKDO,23,19,2
2024-10-05,20,Bos Yere,Can Togrulca,18,11,4
2024-10-05,21,ESC*BAR,BLOK3,17,6,12
2024-10-05,22,Sezen Aksu,Lvbel C5,19,1,24
2024-10-05,23,Olmazlara Vuruluyorum,Mert Demir Featuring Duygu Edis,24,15,6
2024-10-05,24,Yetmedi,Lvbel C5 & AKDO,22,15,7
2024-10-05,25,Bir Kis Masali,Hande Yener,20,15,4
2024-10-12,1,Sevmeyi Denemedin,BLOK3,3,1,3
2024-10-12,2,Onlar Anlamaz Halden,Semicenk,1,1,8
2024-10-12,3,Cistak,Era7capone & Batuflex & Narco,2,1,17
2024-10-12,4,Geciyor Zaman,Semicenk,4,2,8
2024-10-12,5,Bunca Yil,Dedubluman & Can Kazaz,11,5,2
2024-10-12,6,Aradan Cok Yillar Gecti,Tugce Kandemir,5,2,12
2024-10-12,7,Nacar,Emre Fel,8,7,3
2024-10-12,8,Sen Bilmezsin,Dedubluman,7,6,19
2024-10-12,9,Onumuz Yaz,Simge,9,2,14
2024-10-12,10,Dale Don Dale,ElMusto,6,2,20
2024-10-12,11,Sana El Pence Durmam,Emre Fel,10,2,19
2024-10-12,12,Degismene Ragmen,Ati242,12,2,13
2024-10-12,13,Lan,Zeynep Bastik,16,1,30
2024-10-12,14,Zehirli Gul,BLOK3,15,13,3
2024-10-12,15,Kader Sag Olsun,Semicenk,13,1,8
2024-10-12,16,Of Of Of,ElMusto & Organize,18,15,8
2024-10-12,17,Kabul Olan Tek Duamsin,Shawty,14,10,6
2024-10-12,18,Canin Beni Cekti,Melike Sahin,-,18,1
2024-10-12,19,Cozemezler,Lvbel C5 & AKDO,19,19,3
2024-10-12,20,Bos Yere,Can Togrulca,20,11,5
2024-10-12,21,Oluyorum Anla,Mert Demir,17,9,14
2024-10-12,22,Beni Hatirla,Nazan Oncel,-,22,1
2024-10-12,23,Yetmedi,Lvbel C5 & AKDO,24,15,8
2024-10-12,24,Halbuki,Yalin,-,24,1
2024-10-12,25,ESC*BAR,BLOK3,21,6,13
2024-10-19,1,Sevmeyi Denemedin,BLOK3,1,1,4
2024-10-19,2,Onlar Anlamaz Halden,Semicenk,2,1,9
2024-10-19,3,Bunca Yil,Dedubluman & Can Kazaz,5,3,3
2024-10-19,4,Cistak,Era7capone & Batuflex & Narco,3,1,18
2024-10-19,5,Yasemen,Afra,-,5,1
2024-10-19,6,Geciyor Zaman,Semicenk,4,2,9
2024-10-19,7,Aradan Cok Yillar Gecti,Tugce Kandemir,6,2,13
2024-10-19,8,Nacar,Emre Fel,7,7,4
2024-10-19,9,Sen Bilmezsin,Dedubluman,8,6,20
2024-10-19,10,Onumuz Yaz,Simge,9,2,15
2024-10-19,11,Sana El Pence Durmam,Emre Fel,11,2,20
2024-10-19,12,Canin Beni Cekti,Melike Sahin,18,12,2
2024-10-19,13,Of Of Of,ElMusto & Organize,16,13,9
2024-10-19,14,Dale Don Dale,ElMusto,10,2,21
2024-10-19,15,Degismene Ragmen,Ati242,12,2,14
2024-10-19,16,Yetmedi,Lvbel C5 & AKDO,23,15,9
2024-10-19,17,Cozemezler,Lvbel C5 & AKDO,19,17,4
2024-10-19,18,Lan,Zeynep Bastik,13,1,31
2024-10-19,19,Halbuki,Yalin,24,19,2
2024-10-19,20,Dugun Dernek,Jeff Redd,-,20,1
2024-10-19,21,Zehirli Gul,BLOK3,14,13,4
2024-10-19,22,Kule Donmussun,Semicenk & Dogu Swag,-,2,14
2024-10-19,23,Oluyorum Anla,Mert Demir,21,9,15
2024-10-19,24,Dusmez Kalkmaz,Canbay x Wolker,-,24,1
2024-10-19,25,Kader Sag Olsun,Semicenk,15,1,9
2024-10-26,1,Yasemen,Afra,5,1,2
2024-10-26,2,Sevmeyi Denemedin,BLOK3,1,1,5
2024-10-26,3,Italy Forma,Ati242,-,3,1
2024-10-26,4,Bunca Yil,Dedubluman & Can Kazaz,3,3,4
2024-10-26,5,Canin Beni Cekti,Melike Sahin,12,5,3
2024-10-26,6,Onlar Anlamaz Halden,Semicenk,2,1,10
2024-10-26,7,Cistak,Era7capone & Batuflex & Narco,4,1,19
2024-10-26,8,Geciyor Zaman,Semicenk,6,2,10
2024-10-26,9,Aradan Cok Yillar Gecti,Tugce Kandemir,7,2,14
2024-10-26,10,Sen Bilmezsin,Dedubluman,9,6,21
2024-10-26,11,Nacar,Emre Fel,8,7,5
2024-10-26,12,Degismene Ragmen,Ati242,15,2,15
2024-10-26,13,Sonen Sigaralar,Ati242,-,13,1
2024-10-26,14,Onumuz Yaz,Simge,10,2,16
2024-10-26,15,Sana El Pence Durmam,Emre Fel,11,2,21
2024-10-26,16,Ait Hissetmiyorum,Ati242,-,16,1
2024-10-26,17,Of Of Of,ElMusto & Organize,13,13,10
2024-10-26,18,Kaptan,Ati242,-,9,5
2024-10-26,19,Maybach,Ati242,-,19,1
2024-10-26,20,Dale Don Dale,ElMusto,14,2,22
2024-10-26,21,Yarasalar,Ati242,-,21,1
2024-10-26,22,Telefon,Ati242,-,22,1
2024-10-26,23,Kalbim Yanimda,Ati242,-,23,1
2024-10-26,24,Dusmez Kalkmaz,Canbay x Wolker,24,24,2
2024-10-26,25,Halbuki,Yalin,19,19,3
2024-11-02,1,Yasemen,Afra,1,1,3
2024-11-02,2,Canin Beni Cekti,Melike Sahin,5,2,4
2024-11-02,3,Sevmeyi Denemedin,BLOK3,2,1,6
2024-11-02,4,Italy Forma,Ati242,3,3,2
2024-11-02,5,Onlar Anlamaz Halden,Semicenk,6,1,11
2024-11-02,6,Cistak,Era7capone & Batuflex & Narco,7,1,20
2024-11-02,7,Bunca Yil,Dedubluman & Can Kazaz,4,3,5
2024-11-02,8,Geciyor Zaman,Semicenk,8,2,11
2024-11-02,9,Sen Bilmezsin,Dedubluman,10,6,22
2024-11-02,10,APT.,ROSE & Bruno Mars,-,10,1
2024-11-02,11,Aradan Cok Yillar Gecti,Tugce Kandemir,9,2,15
2024-11-02,12,Nacar,Emre Fel,11,7,6
2024-11-02,13,Degismene Ragmen,Ati242,12,2,16
2024-11-02,14,Halbuki,Yalin,25,14,4
2024-11-02,15,Onumuz Yaz,Simge,14,2,17
2024-11-02,16,Sonen Sigaralar,Ati242,13,13,2
2024-11-02,17,Of Of Of,ElMusto & Organize,17,13,11
2024-11-02,18,Sana El Pence Durmam,Emre Fel,15,2,22
2024-11-02,19,Dusmez Kalkmaz,Canbay x Wolker,24,19,3
2024-11-02,20,Ait Hissetmiyorum,Ati242,16,16,2
2024-11-02,21,Dale Don Dale,ElMusto,20,2,23
2024-11-02,22,Saygimdan,Bengu,-,22,1
2024-11-02,23,PiST,Era7capone,-,23,1
2024-11-02,24,Kalbim Yanimda,Ati242,23,23,2
2024-11-02,25,Telefon,Ati242,22,22,2
2024-11-09,1,Canin Beni Cekti,Melike Sahin,2,1,5
2024-11-09,2,Yasemen,Afra,1,1,4
2024-11-09,3,Sevmeyi Denemedin,BLOK3,3,1,7
2024-11-09,4,Italy Forma,Ati242,4,3,3
2024-11-09,5,Onlar Anlamaz Halden,Semicenk,5,1,12
2024-11-09,6,Cistak,Era7capone & Batuflex & Narco,6,1,21
2024-11-09,7,Sen Bilmezsin,Dedubluman,9,6,23
2024-11-09,8,Geciyor Zaman,Semicenk,8,2,12
2024-11-09,9,Aradan Cok Yillar Gecti,Tugce Kandemir,11,2,16
2024-11-09,10,APT.,ROSE & Bruno Mars,10,10,2
2024-11-09,11,Bunca Yil,Dedubluman & Can Kazaz,7,3,6
2024-11-09,12,Duydun Mu?,Yusuf Guney,-,12,1
2024-11-09,13,Nacar,Emre Fel,12,7,7
2024-11-09,14,Degismene Ragmen,Ati242,13,2,17
2024-11-09,15,Halbuki,Yalin,14,14,5
2024-11-09,16,Dusmez Kalkmaz,Canbay x Wolker,19,16,4
2024-11-09,17,Onumuz Yaz,Simge,15,2,18
2024-11-09,18,Sana El Pence Durmam,Emre Fel,18,2,23
2024-11-09,19,Saygimdan,Bengu,22,19,2
2024-11-09,20,Dale Don Dale,ElMusto,21,2,24
2024-11-09,21,Of Of Of,ElMusto & Organize,17,13,12
2024-11-09,22,PiST,Era7capone,23,22,2
2024-11-09,23,Sonen Sigaralar,Ati242,16,13,3
2024-11-09,24,Lan,Zeynep Bastik,-,1,32
2024-11-09,25,Ait Hissetmiyorum,Ati242,20,16,3
2024-11-16,1,Sana Guvenmiyorum,Dedubluman & Aleyna Tilki,-,1,1
2024-11-16,2,Canin Beni Cekti,Melike Sahin,1,1,6
2024-11-16,3,Sevmeyi Denemedin,BLOK3,3,1,8
2024-11-16,4,Italy Forma,Ati242,4,3,4
2024-11-16,5,Onlar Anlamaz Halden,Semicenk,5,1,13
2024-11-16,6,Yasemen,Afra,2,1,5
2024-11-16,7,Gelme Istemem,BLOK3,-,7,1
2024-11-16,8,Cistak,Era7capone & Batuflex & Narco,6,1,22
2024-11-16,9,Geciyor Zaman,Semicenk,8,2,13
2024-11-16,10,Sen Bilmezsin,Dedubluman,7,6,24
2024-11-16,11,Duydun Mu?,Yusuf Guney,12,11,2
2024-11-16,12,Degismene Ragmen,Ati242,14,2,18
2024-11-16,13,Bunca Yil,Dedubluman & Can Kazaz,11,3,7
2024-11-16,14,Tirnagin Kirilmasin,Emir Can Igrek,-,14,1
2024-11-16,15,Saygimdan,Bengu,19,15,3
2024-11-16,16,Aradan Cok Yillar Gecti,Tugce Kandemir,9,2,17
2024-11-16,17,Dusmez Kalkmaz,Canbay x Wolker,16,16,5
2024-11-16,18,Onumuz Yaz,Simge,17,2,19
2024-11-16,19,Nacar,Emre Fel,13,7,8
2024-11-16,20,Halbuki,Yalin,15,14,6
2024-11-16,21,Sana El Pence Durmam,Emre Fel,18,2,24
2024-11-16,22,APT.,ROSE & Bruno Mars,10,10,3
2024-11-16,23,Telefon,Ati242,-,22,3
2024-11-16,24,Of Of Of,ElMusto & Organize,21,13,13
2024-11-16,25,Dale Don Dale,ElMusto,20,2,25
2024-11-23,1,Sana Guvenmiyorum,Dedubluman & Aleyna Tilki,1,1,2
2024-11-23,2,Italy Forma,Ati242,4,2,5
2024-11-23,3,Sevmeyi Denemedin,BLOK3,3,1,9
2024-11-23,4,Canin Beni Cekti,Melike Sahin,2,1,7
2024-11-23,5,Cistak,Era7capone & Batuflex & Narco,8,1,23
2024-11-23,6,Onlar Anlamaz Halden,Semicenk,5,1,14
2024-11-23,7,Gelme Istemem,BLOK3,7,7,2
2024-11-23,8,Yasemen,Afra,6,1,6
2024-11-23,9,Geciyor Zaman,Semicenk,9,2,14
2024-11-23,10,Degismene Ragmen,Ati242,12,2,19
2024-11-23,11,Duydun Mu?,Yusuf Guney,11,11,3
2024-11-23,12,Sen Bilmezsin,Dedubluman,10,6,25
2024-11-23,13,Saygimdan,Bengu,15,13,4
2024-11-23,14,Bunca Yil,Dedubluman & Can Kazaz,13,3,8
2024-11-23,15,Onumuz Yaz,Simge,18,2,20
2024-11-23,16,Tirnagin Kirilmasin,Emir Can Igrek,14,14,2
2024-11-23,17,Dusmez Kalkmaz,Canbay x Wolker,17,16,6
2024-11-23,18,Aradan Cok Yillar Gecti,Tugce Kandemir,16,2,18
2024-11-23,19,Intihar,Era7capone & Nasteisha,-,7,8
2024-11-23,20,Nacar,Emre Fel,19,7,9
2024-11-23,21,Sonen Sigaralar,Ati242,-,13,4
2024-11-23,22,Telefon,Ati242,23,22,4
2024-11-23,23,ESC*BAR,BLOK3,-,6,14
2024-11-23,24,Sana El Pence Durmam,Emre Fel,21,2,25
2024-11-23,25,25,Ati242,-,16,14
2024-11-30,1,Sana Guvenmiyorum,Dedubluman & Aleyna Tilki,1,1,3
2024-11-30,2,Italy Forma,Ati242,2,2,6
2024-11-30,3,Sevmeyi Denemedin,BLOK3,3,1,10
2024-11-30,4,Onlar Anlamaz Halden,Semicenk,6,1,15
2024-11-30,5,Canin Beni Cekti,Melike Sahin,4,1,8
2024-11-30,6,Cistak,Era7capone & Batuflex & Narco,5,1,24
2024-11-30,7,Yasemen,Afra,8,1,7
2024-11-30,8,Degismene Ragmen,Ati242,10,2,20
2024-11-30,9,Geciyor Zaman,Semicenk,9,2,15
2024-11-30,10,Sen Bilmezsin,Dedubluman,12,6,26
2024-11-30,11,Duydun Mu?,Yusuf Guney,11,11,4
2024-11-30,12,Sonen Sigaralar,Ati242,21,12,5
2024-11-30,13,Saygimdan,Bengu,13,13,5
2024-11-30,14,Bunca Yil,Dedubluman & Can Kazaz,14,3,9
2024-11-30,15,Dusmez Kalkmaz,Canbay x Wolker,17,15,7
2024-11-30,16,Tovbe,Derya Bedavaci,-,13,19
2024-11-30,17,Onumuz Yaz,Simge,15,2,21
2024-11-30,18,Aradan Cok Yillar Gecti,Tugce Kandemir,18,2,19
2024-11-30,19,Gelme Istemem,BLOK3,7,7,3
2024-11-30,20,Intihar,Era7capone & Nasteisha,19,7,9
2024-11-30,21,Nacar,Emre Fel,20,7,10
2024-11-30,22,Telefon,Ati242,22,22,5
2024-11-30,23,25,Ati242,25,16,15
2024-11-30,24,Tirnagin Kirilmasin,Emir Can Igrek,16,14,3
2024-11-30,25,Seni Seven Kimdi,Derya Bedavaci,-,25,1
2024-12-07,1,Sana Guvenmiyorum,Dedubluman & Aleyna Tilki,1,1,4
2024-12-07,2,Italy Forma,Ati242,2,2,7
2024-12-07,3,Sevmeyi Denemedin,BLOK3,3,1,11
2024-12-07,4,Onlar Anlamaz Halden,Semicenk,4,1,16
2024-12-07,5,Cistak,Era7capone & Batuflex & Narco,6,1,25
2024-12-07,6,Yasemen,Afra,7,1,8
2024-12-07,7,Degismene Ragmen,Ati242,8,2,21
2024-12-07,8,Canin Beni Cekti,Melike Sahin,5,1,9
2024-12-07,9,Sen Bilmezsin,Dedubluman,10,6,27
2024-12-07,10,Geciyor Zaman,Semicenk,9,2,16
2024-12-07,11,Gonlum,Electro Tulay,-,11,1
2024-12-07,12,Gelme Istemem,BLOK3,19,7,4
2024-12-07,13,Sonen Sigaralar,Ati242,12,12,6
2024-12-07,14,Duydun Mu?,Yusuf Guney,11,11,5
2024-12-07,15,Bunca Yil,Dedubluman & Can Kazaz,14,3,10
2024-12-07,16,Saygimdan,Bengu,13,13,6
2024-12-07,17,Ama Yine Sen,Burak Bulut,-,17,1
2024-12-07,18,Intihar,Era7capone & Nasteisha,20,7,10
2024-12-07,19,Dusmez Kalkmaz,Canbay x Wolker,15,15,8
2024-12-07,20,Onumuz Yaz,Simge,17,2,22
2024-12-07,21,APT.,ROSE & Bruno Mars,-,10,4
2024-12-07,22,Aradan Cok Yillar Gecti,Tugce Kandemir,18,2,20
2024-12-07,23,Tovbe,Derya Bedavaci,16,13,20
2024-12-07,24,25,Ati242,23,16,16
2024-12-07,25,Silinmez,Mansur Ark,-,25,1
2024-12-14,1,Sana Guvenmiyorum,Dedubluman & Aleyna Tilki,1,1,5
2024-12-14,2,Italy Forma,Ati242,2,2,8
2024-12-14,3,Sevmeyi Denemedin,BLOK3,3,1,12
2024-12-14,4,Cistak,Era7capone & Batuflex & Narco,5,1,26
2024-12-14,5,Degismene Ragmen,Ati242,7,2,22
2024-12-14,6,Sonen Sigaralar,Ati242,13,6,7
2024-12-14,7,Ama Yine Sen,Burak Bulut,17,7,2
2024-12-14,8,Onlar Anlamaz Halden,Semicenk,4,1,17
2024-12-14,9,Silinmez,Mansur Ark,25,9,2
2024-12-14,10,Sen Bilmezsin,Dedubluman,9,6,28
2024-12-14,11,Yasemen,Afra,6,1,9
2024-12-14,12,Doldum,Ahiyan,-,12,1
2024-12-14,13,Canin Beni Cekti,Melike Sahin,8,1,10
2024-12-14,14,Gonlum,Electro Tulay,11,11,2
2024-12-14,15,Bunca Yil,Dedubluman & Can Kazaz,15,3,11
2024-12-14,16,Geciyor Zaman,Semicenk,10,2,17
2024-12-14,17,Gelme Istemem,BLOK3,12,7,5
2024-12-14,18,Seni Seven Kimdi,Derya Bedavaci,-,18,2
2024-12-14,19,Saygimdan,Bengu,16,13,7
2024-12-14,20,Dusmez Kalkmaz,Canbay x Wolker,19,15,9
2024-12-14,21,Mevzu Derin,Soner Sarikabadayi,-,21,1
2024-12-14,22,Duydun Mu?,Yusuf Guney,14,11,6
2024-12-14,23,Intihar,Era7capone & Nasteisha,18,7,11
2024-12-14,24,Aradan Cok Yillar Gecti,Tugce Kandemir,22,2,21
2024-12-14,25,25,Ati242,24,16,17
2024-12-21,1,Sana Guvenmiyorum,Dedubluman & Aleyna Tilki,1,1,6
2024-12-21,2,Sevmeyi Denemedin,BLOK3,3,1,13
2024-12-21,3,Italy Forma,Ati242,2,2,9
2024-12-21,4,Doldum,Ahiyan,12,4,2
2024-12-21,5,Degismene Ragmen,Ati242,5,2,23
2024-12-21,6,Sonen Sigaralar,Ati242,6,6,8
2024-12-21,7,Cistak,Era7capone & Batuflex & Narco,4,1,27
2024-12-21,8,Sen Bilmezsin,Dedubluman,10,6,29
2024-12-21,9,Silinmez,Mansur Ark,9,9,3
2024-12-21,10,Seni Seven Kimdi,Derya Bedavaci,18,10,3
2024-12-21,11,Ama Yine Sen,Burak Bulut,7,7,3
2024-12-21,12,Onlar Anlamaz Halden,Semicenk,8,1,18
2024-12-21,13,Yasemen,Afra,11,1,10
2024-12-21,14,Canin Beni Cekti,Melike Sahin,13,1,11
2024-12-21,15,Yanki X Intihar,"Simeg, Era7capone & SNOW Featuring Ozan Bayrasa",-,15,1
2024-12-21,16,Bunca Yil,Dedubluman & Can Kazaz,15,3,12
2024-12-21,17,Dusmez Kalkmaz,Canbay x Wolker,20,15,10
2024-12-21,18,Saygimdan,Bengu,19,13,8
2024-12-21,19,Intihar,Era7capone & Nasteisha,23,7,12
2024-12-21,20,Geciyor Zaman,Semicenk,16,2,18
2024-12-21,21,Acik Adres (SAYGI1),Gokhan Turkmen & Sertab Erener,-,21,1
2024-12-21,22,Gelme Istemem,BLOK3,17,7,6
2024-12-21,23,Aradan Cok Yillar Gecti,Tugce Kandemir,24,2,22
2024-12-21,24,Mevzu Derin,Soner Sarikabadayi,21,21,2
2024-12-21,25,Gonlum,Electro Tulay,14,11,3
2024-12-28,1,Sana Guvenmiyorum,Dedubluman & Aleyna Tilki,1,1,7
2024-12-28,2,Sevmeyi Denemedin,BLOK3,2,1,14
2024-12-28,3,Italy Forma,Ati242,3,2,10
2024-12-28,4,Acik Adres (SAYGI1),Gokhan Turkmen & Sertab Erener,21,4,2
2024-12-28,5,Seni Seven Kimdi,Derya Bedavaci,10,5,4
2024-12-28,6,Doldum,Ahiyan,4,4,3
2024-12-28,7,Sonen Sigaralar,Ati242,6,6,9
2024-12-28,8,Degismene Ragmen,Ati242,5,2,24
2024-12-28,9,Silinmez,Mansur Ark,9,9,4
2024-12-28,10,Sen Bilmezsin,Dedubluman,8,6,30
2024-12-28,11,Yanki X Intihar,"Simeg, Era7capone & SNOW Featuring Ozan Bayrasa",15,11,2
2024-12-28,12,Onlar Anlamaz Halden,Semicenk,12,1,19
2024-12-28,13,Cistak,Era7capone & Batuflex & Narco,7,1,28
2024-12-28,14,Ama Yine Sen,Burak Bulut,11,7,4
2024-12-28,15,Dusmez Kalkmaz,Canbay x Wolker,17,15,11
2024-12-28,16,Yasemen,Afra,13,1,11
2024-12-28,17,Bunca Yil,Dedubluman & Can Kazaz,16,3,13
2024-12-28,18,Canin Beni Cekti,Melike Sahin,14,1,12
2024-12-28,19,Saygimdan,Bengu,18,13,9
2024-12-28,20,Intihar,Era7capone & Nasteisha,19,7,13
2024-12-28,21,Bi Polar,Sertab Erener,-,21,1
2024-12-28,22,Geciyor Zaman,Semicenk,20,2,19
2024-12-28,23,AM2TERDAM,"Jeff Redd, Wegh & Era7Capone Featuring EGE!",-,23,1
2024-12-28,24,Aradan Cok Yillar Gecti,Tugce Kandemir,23,2,23
2024-12-28,25,UYUZ,BLOK3,-,25,1
2025-01-04,1,Sana Guvenmiyorum,Dedubluman & Aleyna Tilki,1,1,8
2025-01-04,2,Sevmeyi Denemedin,BLOK3,2,1,15
2025-01-04,3,Seni Seven Kimdi,Derya Bedavaci,5,3,5
2025-01-04,4,Doldum,Ahiyan,6,4,4
2025-01-04,5,Italy Forma,Ati242,3,2,11
2025-01-04,6,Acik Adres (SAYGI1),Gokhan Turkmen & Sertab Erener,4,4,3
2025-01-04,7,Sonen Sigaralar,Ati242,7,6,10
2025-01-04,8,Degismene Ragmen,Ati242,8,2,25
2025-01-04,9,Sen Bilmezsin,Dedubluman,10,6,31
2025-01-04,10,Yanki X Intihar,"Simeg, Era7capone & SNOW Featuring Ozan Bayrasa",11,10,3
2025-01-04,11,Onlar Anlamaz Halden,Semicenk,12,1,20
2025-01-04,12,Silinmez,Mansur Ark,9,9,5
2025-01-04,13,Cistak,Era7capone & Batuflex & Narco,13,1,29
2025-01-04,14,Dusmez Kalkmaz,Canbay x Wolker,15,14,12
2025-01-04,15,Saygimdan,Bengu,19,13,10
2025-01-04,16,Ama Yine Sen,Burak Bulut,14,7,5
2025-01-04,17,Psycho,Jeff Redd,-,17,1
2025-01-04,18,Canin Beni Cekti,Melike Sahin,18,1,13
2025-01-04,19,Yasemen,Afra,16,1,12
2025-01-04,20,Intihar,Era7capone & Nasteisha,20,7,14
2025-01-04,21,O Adam,Jeff Redd & Stabil,-,21,1
2025-01-04,22,AM2TERDAM,"Jeff Redd, Wegh & Era7Capone Featuring EGE!",23,22,2
2025-01-04,23,Bunca Yil,Dedubluman & Can Kazaz,17,3,14
2025-01-04,24,Geciyor Zaman,Semicenk,22,2,20
2025-01-04,25,UYUZ,BLOK3,25,25,2
2025-01-11,1,Sana Guvenmiyorum,Dedubluman & Aleyna Tilki,1,1,9
2025-01-11,2,Sevmeyi Denemedin,BLOK3,2,1,16
2025-01-11,3,Seni Seven Kimdi,Derya Bedavaci,3,3,6
2025-01-11,4,Doldum,Ahiyan,4,4,5
2025-01-11,5,Italy Forma,Ati242,5,2,12
2025-01-11,6,Psycho,Jeff Redd,17,6,2
2025-01-11,7,Sonen Sigaralar,Ati242,7,6,11
2025-01-11,8,Degismene Ragmen,Ati242,8,2,26
2025-01-11,9,Sen Bilmezsin,Dedubluman,9,6,32
2025-01-11,10,Onlar Anlamaz Halden,Semicenk,11,1,21
2025-01-11,11,Cistak,Era7capone & Batuflex & Narco,13,1,30
2025-01-11,12,Acik Adres (SAYGI1),Gokhan Turkmen & Sertab Erener,6,4,4
2025-01-11,13,Dusmez Kalkmaz,Canbay x Wolker,14,13,13
2025-01-11,14,Saygimdan,Bengu,15,13,11
2025-01-11,15,Yanki X Intihar,"Simeg, Era7capone & SNOW Featuring Ozan Bayrasa",10,10,4
2025-01-11,16,Silinmez,Mansur Ark,12,9,6
2025-01-11,17,Kufi,Duman,-,14,5
2025-01-11,18,Sen Kaldin,Semicenk,-,18,1
2025-01-11,19,APT.,ROSE & Bruno Mars,-,10,5
2025-01-11,20,UYUZ,BLOK3,25,20,3
2025-01-11,21,Yasemen,Afra,19,1,13
2025-01-11,22,Geciyor Zaman,Semicenk,24,2,21
2025-01-11,23,Intihar,Era7capone & Nasteisha,20,7,15
2025-01-11,24,Aradan Cok Yillar Gecti,Tugce Kandemir,-,2,24
2025-01-11,25,Bunca Yil,Dedubluman & Can Kazaz,23,3,15
2025-01-18,1,Sana Guvenmiyorum,Dedubluman & Aleyna Tilki,1,1,10
2025-01-18,2,Sevmeyi Denemedin,BLOK3,2,1,17
2025-01-18,3,Bana Sor,Ferdi Tayfur,-,3,1
2025-01-18,4,Icim Yanar,Ferdi Tayfur,-,4,1
2025-01-18,5,Psycho,Jeff Redd,6,5,3
2025-01-18,6,Seni Seven Kimdi,Derya Bedavaci,3,3,7
2025-01-18,7,Italy Forma,Ati242,5,2,13
2025-01-18,8,Sonen Sigaralar,Ati242,7,6,12
2025-01-18,9,Sabahci Kahvesi,Ferdi Tayfur,-,9,1
2025-01-18,10,Degismene Ragmen,Ati242,8,2,27
2025-01-18,11,Sen Bilmezsin,Dedubluman,9,6,33
2025-01-18,12,Kufi,Duman,17,12,6
2025-01-18,13,Doldum,Ahiyan,4,4,6
2025-01-18,14,Onlar Anlamaz Halden,Semicenk,10,1,22
2025-01-18,15,Saygimdan,Bengu,14,13,12
2025-01-18,16,Sen Kaldin,Semicenk,18,16,2
2025-01-18,17,Cistak,Era7capone & Batuflex & Narco,11,1,31
2025-01-18,18,Dusmez Kalkmaz,Canbay x Wolker,13,13,14
2025-01-18,19,Yanki X Intihar,"Simeg, Era7capone & SNOW Featuring Ozan Bayrasa",15,10,5
2025-01-18,20,UYUZ,BLOK3,20,20,4
2025-01-18,21,APT.,ROSE & Bruno Mars,19,10,6
2025-01-18,22,Intihar,Era7capone & Nasteisha,23,7,16
2025-01-18,23,Hatiran Yeter,Ferdi Tayfur,-,23,1
2025-01-18,24,Silinmez,Mansur Ark,16,9,7
2025-01-18,25,Gelme Istemem,BLOK3,-,7,7
2025-01-25,1,Sana Guvenmiyorum,Dedubluman & Aleyna Tilki,1,1,11
2025-01-25,2,Sevmeyi Denemedin,BLOK3,2,1,18
2025-01-25,3,Seni Seven Kimdi,Derya Bedavaci,6,3,8
2025-01-25,4,Psycho,Jeff Redd,5,4,4
2025-01-25,5,Kufi,Duman,12,5,7
2025-01-25,6,Italy Forma,Ati242,7,2,14
2025-01-25,7,Sonen Sigaralar,Ati242,8,6,13
2025-01-25,8,Sen Kaldin,Semicenk,16,8,3
2025-01-25,9,Degismene Ragmen,Ati242,10,2,28
2025-01-25,10,Sen Bilmezsin,Dedubluman,11,6,34
2025-01-25,11,Onlar Anlamaz Halden,Semicenk,14,1,23
2025-01-25,12,Guldugun Gun,Wegh,-,12,1
2025-01-25,13,Saygimdan,Bengu,15,13,13
2025-01-25,14,UYUZ,BLOK3,20,14,5
2025-01-25,15,APT.,ROSE & Bruno Mars,21,10,7
2025-01-25,16,Intihar,Era7capone & Nasteisha,22,7,17
2025-01-25,17,Yanki X Intihar,"Simeg, Era7capone & SNOW Featuring Ozan Bayrasa",19,10,6
2025-01-25,18,Dusmez Kalkmaz,Canbay x Wolker,18,13,15
2025-01-25,19,Neyleyim,Emre Altug,-,19,1
2025-01-25,20,Gelme Istemem,BLOK3,25,7,8
2025-01-25,21,Cistak,Era7capone & Batuflex & Narco,17,1,32
2025-01-25,22,Geciyor Zaman,Semicenk,-,2,22
2025-01-25,23,Aradan Cok Yillar Gecti,Tugce Kandemir,-,2,25
2025-01-25,24,Ben Degilim,Mela Bedel,-,24,1
2025-01-25,25,Bunca Yil,Dedubluman & Can Kazaz,-,3,16
2025-02-01,1,Sana Guvenmiyorum,Dedubluman & Aleyna Tilki,1,1,12
2025-02-01,2,Neon,UZI,-,2,1
2025-02-01,3,Her Gun Agladim,Reynmen & BEGE,-,3,1
2025-02-01,4,Duruldum,Era7capone & KERO,-,4,1
2025-02-01,5,Sevmeyi Denemedin,BLOK3,2,1,19
2025-02-01,6,Seni Seven Kimdi,Derya Bedavaci,3,3,9
2025-02-01,7,Kufi,Duman,5,5,8
2025-02-01,8,Italy Forma,Ati242,6,2,15
2025-02-01,9,Kervan,Bengu & Mustafa Ceceli,-,9,1
2025-02-01,10,Sen Kaldin,Semicenk,8,8,4
2025-02-01,11,Psycho,Jeff Redd,4,4,5
2025-02-01,12,Sonen Sigaralar,Ati242,7,6,14
2025-02-01,13,Sen Bilmezsin,Dedubluman,10,6,35
2025-02-01,14,Degismene Ragmen,Ati242,9,2,29
2025-02-01,15,Saygimdan,Bengu,13,13,14
2025-02-01,16,Onlar Anlamaz Halden,Semicenk,11,1,24
2025-02-01,17,UYUZ,BLOK3,14,14,6
2025-02-01,18,APT.,ROSE & Bruno Mars,15,10,8
2025-02-01,19,Dusmez Kalkmaz,Canbay x Wolker,18,13,16
2025-02-01,20,Cistak,Era7capone & Batuflex & Narco,21,1,33
2025-02-01,21,Gelme Istemem,BLOK3,20,7,9
2025-02-01,22,Yanki X Intihar,"Simeg, Era7capone & SNOW Featuring Ozan Bayrasa",17,10,7
2025-02-01,23,Parti Patlar GNG'den,UZI,-,23,1
2025-02-01,24,1 Yil,UZI,-,24,1
2025-02-01,25,Neyleyim,Emre Altug,19,19,2
2025-02-08,1,HAVHAVHAV,Lvbel C5,-,1,1
2025-02-08,2,Sana Guvenmiyorum,Dedubluman & Aleyna Tilki,1,1,13
2025-02-08,3,Sevmeyi Denemedin,BLOK3,5,1,20
2025-02-08,4,Neon,UZI,2,2,2
2025-02-08,5,Duruldum,Era7capone & KERO,4,4,2
2025-02-08,6,Her Gun Agladim,Reynmen & BEGE,3,3,2
2025-02-08,7,Italy Forma,Ati242,8,2,16
2025-02-08,8,Seni Seven Kimdi,Derya Bedavaci,6,3,10
2025-02-08,9,Sonen Sigaralar,Ati242,12,6,15
2025-02-08,10,Kervan,Bengu & Mustafa Ceceli,9,9,2
2025-02-08,11,Kufi,Duman,7,5,9
2025-02-08,12,Sen Kaldin,Semicenk,10,8,5
2025-02-08,13,Saygimdan,Bengu,15,13,15
2025-02-08,14,Degismene Ragmen,Ati242,14,2,30
2025-02-08,15,Sen Bilmezsin,Dedubluman,13,6,36
2025-02-08,16,BiTMiYOR,Ben Fero,-,16,1
2025-02-08,17,UYUZ,BLOK3,17,14,7
2025-02-08,18,Onlar Anlamaz Halden,Semicenk,16,1,25
2025-02-08,19,Ayaza Serdim,Kubilay Karca,-,19,1
2025-02-08,20,Cistak,Era7capone & Batuflex & Narco,20,1,34
2025-02-08,21,Psycho,Jeff Redd,11,4,6
2025-02-08,22,APT.,ROSE & Bruno Mars,18,10,9
2025-02-08,23,Bagisla,Funda Arar,-,23,1
2025-02-08,24,Dusmez Kalkmaz,Canbay x Wolker,19,13,17
2025-02-08,25,Gelme Istemem,BLOK3,21,7,10
2025-02-15,1,HAVHAVHAV,Lvbel C5,1,1,2
2025-02-15,2,Gozlerinden Gozlerine,Semicenk,-,2,1
2025-02-15,3,Sevmeyi Denemedin,BLOK3,3,1,21
2025-02-15,4,Sana Guvenmiyorum,Dedubluman & Aleyna Tilki,2,1,14
2025-02-15,5,Duruldum,Era7capone & KERO,5,4,3
2025-02-15,6,Ayaza Serdim,Kubilay Karca,19,6,2
2025-02-15,7,Neon,UZI,4,2,3
2025-02-15,8,Seni Seven Kimdi,Derya Bedavaci,8,3,11
2025-02-15,9,Italy Forma,Ati242,7,2,17
2025-02-15,10,Sen Kaldin,Semicenk,12,8,6
2025-02-15,11,BiTMiYOR,Ben Fero,16,11,2
2025-02-15,12,Sonen Sigaralar,Ati242,9,6,16
2025-02-15,13,Cistak,Era7capone & Batuflex & Narco,20,1,35
2025-02-15,14,Yanki X Intihar,"Simeg, Era7capone & SNOW Featuring Ozan Bayrasa",-,10,8
2025-02-15,15,Degismene Ragmen,Ati242,14,2,31
2025-02-15,16,Saygimdan,Bengu,13,13,16
2025-02-15,17,Sen Bilmezsin,Dedubluman,15,6,37
2025-02-15,18,Bagisla,Funda Arar,23,18,2
2025-02-15,19,UYUZ,BLOK3,17,14,8
2025-02-15,20,Kufi,Duman,11,5,10
2025-02-15,21,Her Gun Agladim,Reynmen & BEGE,6,3,3
2025-02-15,22,Ben Degilim,Mela Bedel,-,22,2
2025-02-15,23,Kervan,Bengu & Mustafa Ceceli,10,9,3
2025-02-15,24,Psycho,Jeff Redd,21,4,7
2025-02-15,25,Onlar Anlamaz Halden,Semicenk,18,1,26
2025-02-22,1,Gozlerinden Gozlerine,Semicenk,2,1,2
2025-02-22,2,Sevmeyi Denemedin,BLOK3,3,1,22
2025-02-22,3,HAVHAVHAV,Lvbel C5,1,1,3
2025-02-22,4,Ayaza Serdim,Kubilay Karca,6,4,3
2025-02-22,5,Sana Guvenmiyorum,Dedubluman & Aleyna Tilki,4,1,15
2025-02-22,6,Neon,UZI,7,2,4
2025-02-22,7,Duruldum,Era7capone & KERO,5,4,4
2025-02-22,8,Seni Seven Kimdi,Derya Bedavaci,8,3,12
2025-02-22,9,Italy Forma,Ati242,9,2,18
2025-02-22,10,BiTMiYOR,Ben Fero,11,10,3
2025-02-22,11,UYUZ,BLOK3,19,11,9
2025-02-22,12,Sonen Sigaralar,Ati242,12,6,17
2025-02-22,13,Yanki X Intihar,"Simeg, Era7capone & SNOW Featuring Ozan Bayrasa",14,10,9
2025-02-22,14,Sen Kaldin,Semicenk,10,8,7
2025-02-22,15,Degismene Ragmen,Ati242,15,2,32
2025-02-22,16,Cistak,Era7capone & Batuflex & Narco,13,1,36
2025-02-22,17,Sen Bilmezsin,Dedubluman,17,6,38
2025-02-22,18,Ben Degilim,Mela Bedel,22,18,3
2025-02-22,19,Psycho,Jeff Redd,24,4,8
2025-02-22,20,Saygimdan,Bengu,16,13,17
2025-02-22,21,Bagisla,Funda Arar,18,18,3
2025-02-22,22,Aklina Ben Gelicem,BLOK3,-,2,27
2025-02-22,23,Kufi,Duman,20,5,11
2025-02-22,24,Canin Beni Cekti,Melike Sahin,-,1,14
2025-02-22,25,Die With A Smile,Lady Gaga & Bruno Mars,-,25,1
2025-03-01,1,Catma Yarim,Reynmen,-,1,1
2025-03-01,2,Sevmeyi Denemedin,BLOK3,2,1,23
2025-03-01,3,Gozlerinden Gozlerine,Semicenk,1,1,3
2025-03-01,4,Sana Guvenmiyorum,Dedubluman & Aleyna Tilki,5,1,16
2025-03-01,5,BiTMiYOR,Ben Fero,10,5,4
2025-03-01,6,HAVHAVHAV,Lvbel C5,3,1,4
2025-03-01,7,Ayaza Serdim,Kubilay Karca,4,4,4
2025-03-01,8,Neon,UZI,6,2,5
2025-03-01,9,Duruldum,Era7capone & KERO,7,4,5
2025-03-01,10,Seni Seven Kimdi,Derya Bedavaci,8,3,13
2025-03-01,11,Karanlik,"Yung Kafa & Kucuk Efendi, Motive & JUMPA",-,11,1
2025-03-01,12,UYUZ,BLOK3,11,11,10
2025-03-01,13,Italy Forma,Ati242,9,2,19
2025-03-01,14,Degismene Ragmen,Ati242,15,2,33
2025-03-01,15,Aklina Ben Gelicem,BLOK3,22,2,28
2025-03-01,16,Sen Bilmezsin,Dedubluman,17,6,39
2025-03-01,17,Cistak,Era7capone & Batuflex & Narco,16,1,37
2025-03-01,18,Sonen Sigaralar,Ati242,12,6,18
2025-03-01,19,Canin Beni Cekti,Melike Sahin,24,1,15
2025-03-01,20,Yanki X Intihar,"Simeg, Era7capone & SNOW Featuring Ozan Bayrasa",13,10,10
2025-03-01,21,Saygimdan,Bengu,20,13,18
2025-03-01,22,Sen Kaldin,Semicenk,14,8,8
2025-03-01,23,Gelme Istemem,BLOK3,-,7,11
2025-03-01,24,Die With A Smile,Lady Gaga & Bruno Mars,25,24,2
2025-03-01,25,Bagisla,Funda Arar,21,18,4
2025-03-08,1,Catma Yarim,Reynmen,1,1,2
2025-03-08,2,Sevmeyi Denemedin,BLOK3,2,1,24
2025-03-08,3,Gozlerinden Gozlerine,Semicenk,3,1,4
2025-03-08,4,BiTMiYOR,Ben Fero,5,4,5
2025-03-08,5,Cikar Biri Karsima,Poizi & Era7capone,-,5,1
2025-03-08,6,Sana Guvenmiyorum,Dedubluman & Aleyna Tilki,4,1,17
2025-03-08,7,Ayaza Serdim,Kubilay Karca,7,4,5
2025-03-08,8,HAVHAVHAV,Lvbel C5,6,1,5
2025-03-08,9,UYUZ,BLOK3,12,9,11
2025-03-08,10,Italy Forma,Ati242,13,2,20
2025-03-08,11,Yalan,Ceren Sagu,-,11,1
2025-03-08,12,Seni Seven Kimdi,Derya Bedavaci,10,3,14
2025-03-08,13,Neon,UZI,8,2,6
2025-03-08,14,Duruldum,Era7capone & KERO,9,4,6
2025-03-08,15,Mendil,Gulden,-,15,1
2025-03-08,16,Degismene Ragmen,Ati242,14,2,34
2025-03-08,17,Zehirli Gul,BLOK3,-,13,5
2025-03-08,18,Aklina Ben Gelicem,BLOK3,15,2,29
2025-03-08,19,Sen Bilmezsin,Dedubluman,16,6,40
2025-03-08,20,Yanki X Intihar,"Simeg, Era7capone & SNOW Featuring Ozan Bayrasa",20,10,11
2025-03-08,21,Cistak,Era7capone & Batuflex & Narco,17,1,38
2025-03-08,22,Sonen Sigaralar,Ati242,18,6,19
2025-03-08,23,Saygimdan,Bengu,21,13,19
2025-03-08,24,Canin Beni Cekti,Melike Sahin,19,1,16
2025-03-08,25,Karanlik,"Yung Kafa & Kucuk Efendi, Motive & JUMPA",11,11,2
2025-03-15,1,Catma Yarim,Reynmen,1,1,3
2025-03-15,2,Sevmeyi Denemedin,BLOK3,2,1,25
2025-03-15,3,BiTMiYOR,Ben Fero,4,3,6
2025-03-15,4,Gozlerinden Gozlerine,Semicenk,3,1,5
2025-03-15,5,Cikar Biri Karsima,Poizi & Era7capone,5,5,2
2025-03-15,6,Sana Guvenmiyorum,Dedubluman & Aleyna Tilki,6,1,18
2025-03-15,7,Mendil,Gulden,15,7,2
2025-03-15,8,Ayaza Serdim,Kubilay Karca,7,4,6
2025-03-15,9,kAHpE,Lvbel C5 & ALIZADE,-,9,1
2025-03-15,10,Neon,UZI,13,2,7
2025-03-15,11,Yalan,Ceren Sagu,11,11,2
2025-03-15,12,UYUZ,BLOK3,9,9,12
2025-03-15,13,Italy Forma,Ati242,10,2,21
2025-03-15,14,HAVHAVHAV,Lvbel C5,8,1,6
2025-03-15,15,Yanlislarla Karsilastim,Wegh & Keskin,-,15,1
2025-03-15,16,Sen Bilmezsin,Dedubluman,19,6,41
2025-03-15,17,Degismene Ragmen,Ati242,16,2,35
2025-03-15,18,Cistak,Era7capone & Batuflex & Narco,21,1,39
2025-03-15,19,Saygimdan,Bengu,23,13,20
2025-03-15,20,Seni Seven Kimdi,Derya Bedavaci,12,3,15
2025-03-15,21,Duruldum,Era7capone & KERO,14,4,7
2025-03-15,22,Zehirli Gul,BLOK3,17,13,6
2025-03-15,23,Sen Kaldin,Semicenk,-,8,9
2025-03-15,24,Sonen Sigaralar,Ati242,22,6,20
2025-03-15,25,Yanki X Intihar,"Simeg, Era7capone & SNOW Featuring Ozan Bayrasa",20,10,12
2025-03-22,1,Sevmeyi Denemedin,BLOK3,2,1,26
2025-03-22,2,Catma Yarim,Reynmen,1,1,4
2025-03-22,3,BiTMiYOR,Ben Fero,3,3,7
2025-03-22,4,Gozlerinden Gozlerine,Semicenk,4,1,6
2025-03-22,5,Mendil,Gulden,7,5,3
2025-03-22,6,Cikar Biri Karsima,Poizi & Era7capone,5,5,3
2025-03-22,7,Sana Guvenmiyorum,Dedubluman & Aleyna Tilki,6,1,19
2025-03-22,8,HUQQA,Jeff Redd,-,8,1
2025-03-22,9,Ellere Dus,Sedat Sayan,-,9,1
2025-03-22,10,kAHpE,Lvbel C5 & ALIZADE,9,9,2
2025-03-22,11,Neon,UZI,10,2,8
2025-03-22,12,Italy Forma,Ati242,13,2,22
2025-03-22,13,Ayaza Serdim,Kubilay Karca,8,4,7
2025-03-22,14,Cistak,Era7capone & Batuflex & Narco,18,1,40
2025-03-22,15,UYUZ,BLOK3,12,9,13
2025-03-22,16,Saygimdan,Bengu,19,13,21
2025-03-22,17,Onlar Anlamaz Halden,Semicenk,-,1,27
2025-03-22,18,Aldanirim,Samet Kardesler & Sila Sahin,-,18,1
2025-03-22,19,Maziden,Afra,-,19,1
2025-03-22,20,Sen Kaldin,Semicenk,23,8,10
2025-03-22,21,HAVHAVHAV,Lvbel C5,14,1,7
2025-03-22,22,Sen Bilmezsin,Dedubluman,16,6,42
2025-03-22,23,Yanki X Intihar,"Simeg, Era7capone & SNOW Featuring Ozan Bayrasa",25,10,13
2025-03-22,24,Yalan,Ceren Sagu,11,11,3
2025-03-22,25,Degismene Ragmen,Ati242,17,2,36
2025-03-29,1,Sevmeyi Denemedin,BLOK3,1,1,27
2025-03-29,2,HUQQA,Jeff Redd,8,2,2
2025-03-29,3,Catma Yarim,Reynmen,2,1,5
2025-03-29,4,BiTMiYOR,Ben Fero,3,3,8
2025-03-29,5,Mendil,Gulden,5,5,4
2025-03-29,6,Gozlerinden Gozlerine,Semicenk,4,1,7
2025-03-29,7,Cikar Biri Karsima,Poizi & Era7capone,6,5,4
2025-03-29,8,Sana Guvenmiyorum,Dedubluman & Aleyna Tilki,7,1,20
2025-03-29,9,Aldanirim,Samet Kardesler & Sila Sahin,18,9,2
2025-03-29,10,kAHpE,Lvbel C5 & ALIZADE,10,9,3
2025-03-29,11,Italy Forma,Ati242,12,2,23
2025-03-29,12,Neon,UZI,11,2,9
2025-03-29,13,Ellere Dus,Sedat Sayan,9,9,2
2025-03-29,14,Onlar Anlamaz Halden,Semicenk,17,1,28
2025-03-29,15,Cistak,Era7capone & Batuflex & Narco,14,1,41
2025-03-29,16,Sen Kaldin,Semicenk,20,8,11
2025-03-29,17,Saygimdan,Bengu,16,13,22
2025-03-29,18,Damlarsin,Cakal,-,18,1
2025-03-29,19,Ayaza Serdim,Kubilay Karca,13,4,8
2025-03-29,20,Silinmez,Mansur Ark,-,9,8
2025-03-29,21,UYUZ,BLOK3,15,9,14
2025-03-29,22,Onumuz Yaz,Simge,-,2,23
2025-03-29,23,Yanki X Intihar,"Simeg, Era7capone & SNOW Featuring Ozan Bayrasa",23,10,14
2025-03-29,24,Sonen Sigaralar,Ati242,-,6,21
2025-03-29,25,Seni Seven Kimdi,Derya Bedavaci,-,3,16
2025-04-05,1,Kufi,Duman,-,1,12
2025-04-05,2,Sevmeyi Denemedin,BLOK3,1,1,28
2025-04-05,3,HUQQA,Jeff Redd,2,2,3
2025-04-05,4,BiTMiYOR,Ben Fero,4,3,9
2025-04-05,5,Gozlerinden Gozlerine,Semicenk,6,1,8
2025-04-05,6,Catma Yarim,Reynmen,3,1,6
2025-04-05,7,Mendil,Gulden,5,5,5
2025-04-05,8,Aldanirim,Samet Kardesler & Sila Sahin,9,8,3
2025-04-05,9,Cikar Biri Karsima,Poizi & Era7capone,7,5,5
2025-04-05,10,Sana Guvenmiyorum,Dedubluman & Aleyna Tilki,8,1,21
2025-04-05,11,Italy Forma,Ati242,11,2,24
2025-04-05,12,Sen Kaldin,Semicenk,16,8,12
2025-04-05,13,Onlar Anlamaz Halden,Semicenk,14,1,29
2025-04-05,14,Saygimdan,Bengu,17,13,23
2025-04-05,15,Sen Bilmezsin,Dedubluman,-,6,43
2025-04-05,16,Cistak,Era7capone & Batuflex & Narco,15,1,42
2025-04-05,17,Durma Yurusene,Melike Sahin,-,17,1
2025-04-05,18,Neon,UZI,12,2,10
2025-04-05,19,Seni Seven Kimdi,Derya Bedavaci,25,3,17
2025-04-05,20,Yanki X Intihar,"Simeg, Era7capone & SNOW Featuring Ozan Bayrasa",23,10,15
2025-04-05,21,Degismene Ragmen,Ati242,-,2,37
2025-04-05,22,Sonen Sigaralar,Ati242,24,6,22
2025-04-05,23,kAHpE,Lvbel C5 & ALIZADE,10,9,4
2025-04-05,24,Ayaza Serdim,Kubilay Karca,19,4,9
2025-04-05,25,Onumuz Yaz,Simge,22,2,24
2025-04-12,1,Keske,Ati242 & BLOK3,-,1,1
2025-04-12,2,Sevmeyi Denemedin,BLOK3,2,1,29
2025-04-12,3,Gozlerinden Gozlerine,Semicenk,5,1,9
2025-04-12,4,HUQQA,Jeff Redd,3,2,4
2025-04-12,5,Benden Sonra,Riza Tamer,-,5,1
2025-04-12,6,Mendil,Gulden,7,5,6
2025-04-12,7,BiTMiYOR,Ben Fero,4,3,10
2025-04-12,8,Kufi,Duman,1,1,13
2025-04-12,9,Catma Yarim,Reynmen,6,1,7
2025-04-12,10,Aldanirim,Samet Kardesler & Sila Sahin,8,8,4
2025-04-12,11,Cikar Biri Karsima,Poizi & Era7capone,9,5,6
2025-04-12,12,Sana Guvenmiyorum,Dedubluman & Aleyna Tilki,10,1,22
2025-04-12,13,Cistak,Era7capone & Batuflex & Narco,16,1,43
2025-04-12,14,Saygimdan,Bengu,14,13,24
2025-04-12,15,Sen Kaldin,Semicenk,12,8,13
2025-04-12,16,Onlar Anlamaz Halden,Semicenk,13,1,30
2025-04-12,17,Neon,UZI,18,2,11
2025-04-12,18,Italy Forma,Ati242,11,2,25
2025-04-12,19,Seni Seven Kimdi,Derya Bedavaci,19,3,18
2025-04-12,20,Vidrado Em Voce,MC Livinho & DJ Guuga,-,20,1
2025-04-12,21,Sen Bilmezsin,Dedubluman,15,6,44
2025-04-12,22,Ayaza Serdim,Kubilay Karca,24,4,10
2025-04-12,23,Durma Yurusene,Melike Sahin,17,17,2
2025-04-12,24,Degismene Ragmen,Ati242,21,2,38
2025-04-12,25,Onumuz Yaz,Simge,25,2,25
2025-04-19,1,Keske,Ati242 & BLOK3,1,1,2
2025-04-19,2,Benden Sonra,Riza Tamer,5,2,2
2025-04-19,3,Gozlerinden Gozlerine,Semicenk,3,1,10
2025-04-19,4,Sevmeyi Denemedin,BLOK3,2,1,30
2025-04-19,5,HUQQA,Jeff Redd,4,2,5
2025-04-19,6,Mendil,Gulden,6,5,7
2025-04-19,7,Aldanirim,Samet Kardesler & Sila Sahin,10,7,5
2025-04-19,8,BiTMiYOR,Ben Fero,7,3,11
2025-04-19,9,Catma Yarim,Reynmen,9,1,8
2025-04-19,10,Sana Guvenmiyorum,Dedubluman & Aleyna Tilki,12,1,23
2025-04-19,11,Cikar Biri Karsima,Poizi & Era7capone,11,5,7
2025-04-19,12,Farzet,Sertab Erener,-,12,1
2025-04-19,13,Mimoza Cicegim,Volkan Konak,-,13,1
2025-04-19,14,Sen Kaldin,Semicenk,15,8,14
2025-04-19,15,Neon,UZI,17,2,12
2025-04-19,16,Vidrado Em Voce,MC Livinho & DJ Guuga,20,16,2
2025-04-19,17,Kufi,Duman,8,1,14
2025-04-19,18,Omrum,Volkan Konak,-,18,1
2025-04-19,19,Ayaza Serdim,Kubilay Karca,22,4,11
2025-04-19,20,Saygimdan,Bengu,14,13,25
2025-04-19,21,Yalan,Ceren Sagu,-,11,4
2025-04-19,22,Seni Seven Kimdi,Derya Bedavaci,19,3,19
2025-04-19,23,Durma Yurusene,Melike Sahin,23,17,3
2025-04-19,24,Cistak,Era7capone & Batuflex & Narco,13,1,44
2025-04-19,25,Sen Bilmezsin,Dedubluman,21,6,45
2025-04-26,1,Keske,Ati242 & BLOK3,1,1,3
2025-04-26,2,Gozlerinden Gozlerine,Semicenk,3,1,11
2025-04-26,3,Benden Sonra,Riza Tamer,2,2,3
2025-04-26,4,Sevmeyi Denemedin,BLOK3,4,1,31
2025-04-26,5,Sen Kaldin,Semicenk,14,5,15
2025-04-26,6,Aldanirim,Samet Kardesler & Sila Sahin,7,6,6
2025-04-26,7,Mendil,Gulden,6,5,8
2025-04-26,8,HUQQA,Jeff Redd,5,2,6
2025-04-26,9,Roman Olur Yazsam Seni,Velet,-,9,1
2025-04-26,10,Ariyo,manifest,-,10,1
2025-04-26,11,BiTMiYOR,Ben Fero,8,3,12
2025-04-26,12,Catma Yarim,Reynmen,9,1,9
2025-04-26,13,Farzet,Sertab Erener,12,12,2
2025-04-26,14,Sana Guvenmiyorum,Dedubluman & Aleyna Tilki,10,1,24
2025-04-26,15,Cikar Biri Karsima,Poizi & Era7capone,11,5,8
2025-04-26,16,Vidrado Em Voce,MC Livinho & DJ Guuga,16,16,3
2025-04-26,17,Neon,UZI,15,2,13
2025-04-26,18,Ayaza Serdim,Kubilay Karca,19,4,12
2025-04-26,19,Yalan,Ceren Sagu,21,11,5
2025-04-26,20,Saygimdan,Bengu,20,13,26
2025-04-26,21,Degismene Ragmen,Ati242,-,2,39
2025-04-26,22,Italy Forma,Ati242,-,2,26
2025-04-26,23,Cistak,Era7capone & Batuflex & Narco,24,1,45
2025-04-26,24,Sen Bilmezsin,Dedubluman,25,6,46
2025-04-26,25,Seni Seven Kimdi,Derya Bedavaci,22,3,20
2025-05-03,1,Roman Olur Yazsam Seni,Velet,9,1,2
2025-05-03,2,Sen Kaldin,Semicenk,5,2,16
2025-05-03,3,Gozlerinden Gozlerine,Semicenk,2,1,12
2025-05-03,4,Keske,Ati242 & BLOK3,1,1,4
2025-05-03,5,Sevmeyi Denemedin,BLOK3,4,1,32
2025-05-03,6,Benden Sonra,Riza Tamer,3,2,4
2025-05-03,7,HUQQA,Jeff Redd,8,2,7
2025-05-03,8,Mendil,Gulden,7,5,9
2025-05-03,9,Aldanirim,Samet Kardesler & Sila Sahin,6,6,7
2025-05-03,10,BiTMiYOR,Ben Fero,11,3,13
2025-05-03,11,Vidrado Em Voce,MC Livinho & DJ Guuga,16,11,4
2025-05-03,12,Catma Yarim,Reynmen,12,1,10
2025-05-03,13,Sana Guvenmiyorum,Dedubluman & Aleyna Tilki,14,1,25
2025-05-03,14,Cikar Biri Karsima,Poizi & Era7capone,15,5,9
2025-05-03,15,pUTA,Jeff Redd & BIGBAT,-,15,1
2025-05-03,16,Farzet,Sertab Erener,13,12,3
2025-05-03,17,HA HA HA HA,Lvbel C5,-,17,1
2025-05-03,18,Ariyo,manifest,10,10,2
2025-05-03,19,Yalan Duinya,UZI,-,19,1
2025-05-03,20,Saygimdan,Bengu,20,13,27
2025-05-03,21,Degismene Ragmen,Ati242,21,2,40
2025-05-03,22,Onlar Anlamaz Halden,Semicenk,-,1,31
2025-05-03,23,Ayaza Serdim,Kubilay Karca,18,4,13
2025-05-03,24,Italy Forma,Ati242,22,2,27
2025-05-03,25,Seni Seven Kimdi,Derya Bedavaci,25,3,21
2025-05-10,1,Roman Olur Yazsam Seni,Velet,1,1,3
2025-05-10,2,Sen Kaldin,Semicenk,2,2,17
2025-05-10,3,Gozlerinden Gozlerine,Semicenk,3,1,13
2025-05-10,4,Keske,Ati242 & BLOK3,4,1,5
2025-05-10,5,Sevmeyi Denemedin,BLOK3,5,1,33
2025-05-10,6,Benden Sonra,Riza Tamer,6,2,5
2025-05-10,7,Dar-i Dunya,Cem Yildiz,-,7,1
2025-05-10,8,Aldanirim,Samet Kardesler & Sila Sahin,9,6,8
2025-05-10,9,Mendil,Gulden,8,5,10
2025-05-10,10,HUQQA,Jeff Redd,7,2,8
2025-05-10,11,pUTA,Jeff Redd & BIGBAT,15,11,2
2025-05-10,12,Agla,Ezhel,-,12,1
2025-05-10,13,Sana Guvenmiyorum,Dedubluman & Aleyna Tilki,13,1,26
2025-05-10,14,Cikar Biri Karsima,Poizi & Era7capone,14,5,10
2025-05-10,15,BiTMiYOR,Ben Fero,10,3,14
2025-05-10,16,HA HA HA HA,Lvbel C5,17,16,2
2025-05-10,17,Catma Yarim,Reynmen,12,1,11
2025-05-10,18,Vidrado Em Voce,MC Livinho & DJ Guuga,11,11,5
2025-05-10,19,Bir Atese Attin Beni,Kamuran Akkor & Sagopa Kajmer,-,19,1
2025-05-10,20,Bulamazsin,Semicenk,-,20,1
2025-05-10,21,Saygimdan,Bengu,20,13,28
2025-05-10,22,Italy Forma,Ati242,24,2,28
2025-05-10,23,Son Bir Rica,Zeynep Dizdar,-,23,1
2025-05-10,24,Sen Bilmezsin,Dedubluman,-,6,47
2025-05-10,25,Degismene Ragmen,Ati242,21,2,41
2025-05-17,1,Roman Olur Yazsam Seni,Velet,1,1,4
2025-05-17,2,Sen Kaldin,Semicenk,2,2,18
2025-05-17,3,Keske,Ati242 & BLOK3,4,1,6
2025-05-17,4,Gozlerinden Gozlerine,Semicenk,3,1,14
2025-05-17,5,Sevmeyi Denemedin,BLOK3,5,1,34
2025-05-17,6,Benden Sonra,Riza Tamer,6,2,6
2025-05-17,7,Dar-i Dunya,Cem Yildiz,7,7,2
2025-05-17,8,Mendil,Gulden,9,5,11
2025-05-17,9,Aldanirim,Samet Kardesler & Sila Sahin,8,6,9
2025-05-17,10,HA HA HA HA,Lvbel C5,16,10,3
2025-05-17,11,pUTA,Jeff Redd & BIGBAT,11,11,3
2025-05-17,12,HUQQA,Jeff Redd,10,2,9
2025-05-17,13,Sana Guvenmiyorum,Dedubluman & Aleyna Tilki,13,1,27
2025-05-17,14,Catma Yarim,Reynmen,17,1,12
2025-05-17,15,Agla,Ezhel,12,12,2
2025-05-17,16,BiTMiYOR,Ben Fero,15,3,15
2025-05-17,17,Vidrado Em Voce,MC Livinho & DJ Guuga,18,11,6
2025-05-17,18,Cikar Biri Karsima,Poizi & Era7capone,14,5,11
2025-05-17,19,Goz Ucuyla,Wegh & Reynmen,-,19,1
2025-05-17,20,Bulamazsin,Semicenk,20,20,2
2025-05-17,21,Uzuleceksin 2.0,Snow X Murat Boz X Era7capone,-,21,1
2025-05-17,22,Onlar Anlamaz Halden,Semicenk,-,1,32
2025-05-17,23,Son Bir Rica,Zeynep Dizdar,23,23,2
2025-05-17,24,Saygimdan,Bengu,21,13,29
2025-05-17,25,Degismene Ragmen,Ati242,25,2,42
2025-05-24,1,Sen Kaldin,Semicenk,2,1,19
2025-05-24,2,Roman Olur Yazsam Seni,Velet,1,1,5
2025-05-24,3,Keske,Ati242 & BLOK3,3,1,7
2025-05-24,4,Sevmeyi Denemedin,BLOK3,5,1,35
2025-05-24,5,Uzuleceksin 2.0,Snow X Murat Boz X Era7capone,21,5,2
2025-05-24,6,Gozlerinden Gozlerine,Semicenk,4,1,15
2025-05-24,7,Mendil,Gulden,8,5,12
2025-05-24,8,55-53,Keskin & Wegh,-,8,1
2025-05-24,9,Benden Sonra,Riza Tamer,6,2,7
2025-05-24,10,Sana Guvenmiyorum,Dedubluman & Aleyna Tilki,13,1,28
2025-05-24,11,HA HA HA HA,Lvbel C5,10,10,4
2025-05-24,12,Aldanirim,Samet Kardesler & Sila Sahin,9,6,10
2025-05-24,13,Agla,Ezhel,15,12,3
2025-05-24,14,HUQQA,Jeff Redd,12,2,10
2025-05-24,15,Catma Yarim,Reynmen,14,1,13
2025-05-24,16,BiTMiYOR,Ben Fero,16,3,16
2025-05-24,17,pUTA,Jeff Redd & BIGBAT,11,11,4
2025-05-24,18,Vidrado Em Voce,MC Livinho & DJ Guuga,17,11,7
2025-05-24,19,Her Nerdeysen,Ati242,-,19,1
2025-05-24,20,Cikar Biri Karsima,Poizi & Era7capone,18,5,12
2025-05-24,21,Onlar Anlamaz Halden,Semicenk,22,1,33
2025-05-24,22,Bulamazsin,Semicenk,20,20,3
2025-05-24,23,Ask Yok Olmaktir,Yildiz Tilbe,-,23,1
2025-05-24,24,Onumuz Yaz,Simge,-,2,26
2025-05-24,25,Degismene Ragmen,Ati242,25,2,43
2025-05-31,1,Sen Kaldin,Semicenk,1,1,20
2025-05-31,2,Roman Olur Yazsam Seni,Velet,2,1,6
2025-05-31,3,Keske,Ati242 & BLOK3,3,1,8
2025-05-31,4,Sevmeyi Denemedin,BLOK3,4,1,36
2025-05-31,5,Vidrado Em Voce,MC Livinho & DJ Guuga,18,5,8
2025-05-31,6,Ask Yok Olmaktir,Yildiz Tilbe,23,6,2
2025-05-31,7,Uzuleceksin 2.0,Snow X Murat Boz X Era7capone,5,5,3
2025-05-31,8,KTS,manifest,-,8,1
2025-05-31,9,Gozlerinden Gozlerine,Semicenk,6,1,16
2025-05-31,10,Cit Cit Cedene,Baris Manco,-,10,1
2025-05-31,11,Sana Guvenmiyorum,Dedubluman & Aleyna Tilki,10,1,29
2025-05-31,12,Mendil,Gulden,7,5,13
2025-05-31,13,Aldanirim,Samet Kardesler & Sila Sahin,12,6,11
2025-05-31,14,Benden Sonra,Riza Tamer,9,2,8
2025-05-31,15,55-53,Keskin & Wegh,8,8,2
2025-05-31,16,HA HA HA HA,Lvbel C5,11,10,5
2025-05-31,17,Cikar Biri Karsima,Poizi & Era7capone,20,5,13
2025-05-31,18,Haylazim,Gullu,-,18,1
2025-05-31,19,Catma Yarim,Reynmen,15,1,14
2025-05-31,20,HUQQA,Jeff Redd,14,2,11
2025-05-31,21,BiTMiYOR,Ben Fero,16,3,17
2025-05-31,22,Onumuz Yaz,Simge,24,2,27
2025-05-31,23,Her Nerdeysen,Ati242,19,19,2
2025-05-31,24,Son Bir Rica,Zeynep Dizdar,-,23,3
2025-05-31,25,Onlar Anlamaz Halden,Semicenk,21,1,34
2025-06-07,1,Gecsin Yillar,Oguzhan Koc X Merve Ozbey,-,1,1
2025-06-07,2,Sen Kaldin,Semicenk,1,1,21
2025-06-07,3,Roman Olur Yazsam Seni,Velet,2,1,7
2025-06-07,4,Ask Yok Olmaktir,Yildiz Tilbe,6,4,3
2025-06-07,5,Keske,Ati242 & BLOK3,3,1,9
2025-06-07,6,Sevmeyi Denemedin,BLOK3,4,1,37
2025-06-07,7,Bellydance,Motive,-,7,1
2025-06-07,8,Vidrado Em Voce,MC Livinho & DJ Guuga,5,5,9
2025-06-07,9,Gozlerinden Gozlerine,Semicenk,9,1,17
2025-06-07,10,Kor Sevdam,Zeynep Bastik,-,10,1
2025-06-07,11,Cit Cit Cedene,Baris Manco,10,10,2
2025-06-07,12,Uzuleceksin 2.0,Snow X Murat Boz X Era7capone,7,5,4
2025-06-07,13,Sana Guvenmiyorum,Dedubluman & Aleyna Tilki,11,1,30
2025-06-07,14,KTS,manifest,8,8,2
2025-06-07,15,Cikar Biri Karsima,Poizi & Era7capone,17,5,14
2025-06-07,16,Mendil,Gulden,12,5,14
2025-06-07,17,Aldanirim,Samet Kardesler & Sila Sahin,13,6,12
2025-06-07,18,Y,Poizi,-,18,1
2025-06-07,19,Benden Sonra,Riza Tamer,14,2,9
2025-06-07,20,HA HA HA HA,Lvbel C5,16,10,6
2025-06-07,21,Onumuz Yaz,Simge,22,2,28
2025-06-07,22,HUQQA,Jeff Redd,20,2,12
2025-06-07,23,Onlar Anlamaz Halden,Semicenk,25,1,35
2025-06-07,24,Son Bir Rica,Zeynep Dizdar,24,23,4
2025-06-07,25,Catma Yarim,Reynmen,19,1,15
2025-06-14,1,Gecsin Yillar,Oguzhan Koc X Merve Ozbey,1,1,2
2025-06-14,2,Sonbahar,Era7capone x Poizi,-,2,1
2025-06-14,3,Sen Kaldin,Semicenk,2,1,22
2025-06-14,4,Mosmor Perde,BLOK3,-,4,1
2025-06-14,5,Snap,manifest,-,5,1
2025-06-14,6,Roman Olur Yazsam Seni,Velet,3,1,8
2025-06-14,7,Sevmeyi Denemedin,BLOK3,6,1,38
2025-06-14,8,Kor Sevdam,Zeynep Bastik,10,8,2
2025-06-14,9,Efendim Isitmedim,Bayhan,-,9,1
2025-06-14,10,Keske,Ati242 & BLOK3,5,1,10
2025-06-14,11,Ask Yok Olmaktir,Yildiz Tilbe,4,4,4
2025-06-14,12,Bellydance,Motive,7,7,2
2025-06-14,13,Vidrado Em Voce,MC Livinho & DJ Guuga,8,5,10
2025-06-14,14,Sana Guvenmiyorum,Dedubluman & Aleyna Tilki,13,1,31
2025-06-14,15,Gozlerinden Gozlerine,Semicenk,9,1,18
2025-06-14,16,KTS,manifest,14,8,3
2025-06-14,17,Uzuleceksin 2.0,Snow X Murat Boz X Era7capone,12,5,5
2025-06-14,18,Y,Poizi,18,18,2
2025-06-14,19,Cikar Biri Karsima,Poizi & Era7capone,15,5,15
2025-06-14,20,Onumuz Yaz,Simge,21,2,29
2025-06-14,21,Mendil,Gulden,16,5,15
2025-06-14,22,HA HA HA HA,Lvbel C5,20,10,7
2025-06-14,23,Benden Sonra,Riza Tamer,19,2,10
2025-06-14,24,Aldanirim,Samet Kardesler & Sila Sahin,17,6,13
2025-06-14,25,Kac Para Bu Beygir Roman Gayda DJ Musti,DJ Musti Official,-,25,1
2025-06-21,1,Sonbahar,Era7capone x Poizi,2,1,2
2025-06-21,2,Sen Kaldin,Semicenk,3,1,23
2025-06-21,3,Roman Olur Yazsam Seni,Velet,6,1,9
2025-06-21,4,Gecsin Yillar,Oguzhan Koc X Merve Ozbey,1,1,3
2025-06-21,5,Sevmeyi Denemedin,BLOK3,7,1,39
2025-06-21,6,Mosmor Perde,BLOK3,4,4,2
2025-06-21,7,Snap,manifest,5,5,2
2025-06-21,8,Kor Sevdam,Zeynep Bastik,8,8,3
2025-06-21,9,Efendim Isitmedim,Bayhan,9,9,2
2025-06-21,10,Ask Yok Olmaktir,Yildiz Tilbe,11,4,5
2025-06-21,11,Keske,Ati242 & BLOK3,10,1,11
2025-06-21,12,Vidrado Em Voce,MC Livinho & DJ Guuga,13,5,11
2025-06-21,13,Onumuz Yaz,Simge,20,2,30
2025-06-21,14,Gozlerinden Gozlerine,Semicenk,15,1,19
2025-06-21,15,Bellydance,Motive,12,7,3
2025-06-21,16,Y,Poizi,18,16,3
2025-06-21,17,Sana Guvenmiyorum,Dedubluman & Aleyna Tilki,14,1,32
2025-06-21,18,Cikar Biri Karsima,Poizi & Era7capone,19,5,16
2025-06-21,19,Mendil,Gulden,21,5,16
2025-06-21,20,Kac Para Bu Beygir Roman Gayda DJ Musti,DJ Musti Official,25,20,2
2025-06-21,21,Aldanirim,Samet Kardesler & Sila Sahin,24,6,14
2025-06-21,22,KTS,manifest,16,8,4
2025-06-21,23,Cistak,Era7capone & Batuflex & Narco,-,1,46
2025-06-21,24,HA HA HA HA,Lvbel C5,22,10,8
2025-06-21,25,Bir Dudaktan,Ozcan Deniz,-,25,1
2025-06-28,1,Sonbahar,Era7capone x Poizi,1,1,3
2025-06-28,2,Yasanacaksa,manifest,-,2,1
2025-06-28,3,Sen Kaldin,Semicenk,2,1,24
2025-06-28,4,Kalpsiz,Semicenk,-,4,1
2025-06-28,5,Sevmeyi Denemedin,BLOK3,5,1,40
2025-06-28,6,Roman Olur Yazsam Seni,Velet,3,1,10
2025-06-28,7,Snap,manifest,7,5,3
2025-06-28,8,Kor Sevdam,Zeynep Bastik,8,8,4
2025-06-28,9,Gecsin Yillar,Oguzhan Koc X Merve Ozbey,4,1,4
2025-06-28,10,Keske,Ati242 & BLOK3,11,1,12
2025-06-28,11,Ask Yok Olmaktir,Yildiz Tilbe,10,4,6
2025-06-28,12,Y,Poizi,16,12,4
2025-06-28,13,Mosmor Perde,BLOK3,6,4,3
2025-06-28,14,Mermer,Lvbel C5,-,14,1
2025-06-28,15,Sana Guvenmiyorum,Dedubluman & Aleyna Tilki,17,1,33
2025-06-28,16,KTS,manifest,22,8,5
2025-06-28,17,Cikar Biri Karsima,Poizi & Era7capone,18,5,17
2025-06-28,18,Gozlerinden Gozlerine,Semicenk,14,1,20
2025-06-28,19,Onumuz Yaz,Simge,13,2,31
2025-06-28,20,Vidrado Em Voce,MC Livinho & DJ Guuga,12,5,12
2025-06-28,21,Bellydance,Motive,15,7,4
2025-06-28,22,Aldanirim,Samet Kardesler & Sila Sahin,21,6,15
2025-06-28,23,Mendil,Gulden,19,5,17
2025-06-28,24,Cistak,Era7capone & Batuflex & Narco,23,1,47
2025-06-28,25,Ara Beni Lutfen,Kenan Dogulu,-,25,1
2025-07-05,1,Sonbahar,Era7capone x Poizi,1,1,4
2025-07-05,2,Kalpsiz,Semicenk,4,2,2
2025-07-05,3,Sen Kaldin,Semicenk,3,1,25
2025-07-05,4,Sevmeyi Denemedin,BLOK3,5,1,41
2025-07-05,5,Yasanacaksa,manifest,2,2,2
2025-07-05,6,Roman Olur Yazsam Seni,Velet,6,1,11
2025-07-05,7,Kor Sevdam,Zeynep Bastik,8,7,5
2025-07-05,8,Mermer,Lvbel C5,14,8,2
2025-07-05,9,Keske,Ati242 & BLOK3,10,1,13
2025-07-05,10,Snap,manifest,7,5,4
2025-07-05,11,Ask Yok Olmaktir,Yildiz Tilbe,11,4,7
2025-07-05,12,Gecsin Yillar,Oguzhan Koc X Merve Ozbey,9,1,5
2025-07-05,13,Sana Guvenmiyorum,Dedubluman & Aleyna Tilki,15,1,34
2025-07-05,14,Cikar Biri Karsima,Poizi & Era7capone,17,5,18
2025-07-05,15,Nasir,Melike Sahin,-,15,1
2025-07-05,16,Ara Beni Lutfen,Kenan Dogulu,25,16,2
2025-07-05,17,Y,Poizi,12,12,5
2025-07-05,18,Gozlerinden Gozlerine,Semicenk,18,1,21
2025-07-05,19,Benden Sonra,Riza Tamer,-,2,11
2025-07-05,20,Onumuz Yaz,Simge,19,2,32
2025-07-05,21,KTS,manifest,16,8,6
2025-07-05,22,Mosmor Perde,BLOK3,13,4,4
2025-07-05,23,Aldanirim,Samet Kardesler & Sila Sahin,22,6,16
2025-07-05,24,Vidrado Em Voce,MC Livinho & DJ Guuga,20,5,13
2025-07-05,25,Mendil,Gulden,23,5,18
2025-07-12,1,Yerinde Dur,Sefo & Demet Akalin,-,1,1
2025-07-12,2,Sonbahar,Era7capone x Poizi,1,1,5
2025-07-12,3,Kalpsiz,Semicenk,2,2,3
2025-07-12,4,Benden Sonra,Riza Tamer,19,2,12
2025-07-12,5,Bir Cift Goz,Norm Ender X Ebru Gundes,-,5,1
2025-07-12,6,Yasanacaksa,manifest,5,2,3
2025-07-12,7,Sevmeyi Denemedin,BLOK3,4,1,42
2025-07-12,8,Sen Kaldin,Semicenk,3,1,26
2025-07-12,9,Ey Ask,Sezen Aksu,-,9,1
2025-07-12,10,Suh Nefes (Ceceli),Sezen Aksu,-,10,1
2025-07-12,11,Sen Agla,Sezen Aksu,-,11,1
2025-07-12,12,Kor Sevdam,Zeynep Bastik,7,7,6
2025-07-12,13,Roman Olur Yazsam Seni,Velet,6,1,12
2025-07-12,14,Mermer,Lvbel C5,8,8,3
2025-07-12,15,Snap,manifest,10,5,5
2025-07-12,16,Keske,Ati242 & BLOK3,9,1,14
2025-07-12,17,Sana Guvenmiyorum,Dedubluman & Aleyna Tilki,13,1,35
2025-07-12,18,Ask Yok Olmaktir,Yildiz Tilbe,11,4,8
2025-07-12,19,Ara Beni Lutfen,Kenan Dogulu,16,16,3
2025-07-12,20,Cik Artik Aklimdan,Derya Bedavaci,-,20,1
2025-07-12,21,Cikar Biri Karsima,Poizi & Era7capone,14,5,19
2025-07-12,22,Gecsin Yillar,Oguzhan Koc X Merve Ozbey,12,1,6
2025-07-12,23,KTS,manifest,21,8,7
2025-07-12,24,Kendine Dunya,Merve Ozbey,-,24,1
2025-07-12,25,Gozlerinden Gozlerine,Semicenk,18,1,22
2025-07-19,1,Yerinde Dur,Sefo & Demet Akalin,1,1,2
2025-07-19,2,Sonbahar,Era7capone x Poizi,2,1,6
2025-07-19,3,Bir Cift Goz,Norm Ender X Ebru Gundes,5,3,2
2025-07-19,4,Kalpsiz,Semicenk,3,2,4
2025-07-19,5,Asiyan,Afra & Sefo,-,5,1
2025-07-19,6,Yasanacaksa,manifest,6,2,4
2025-07-19,7,Benden Sonra,Riza Tamer,4,2,13
2025-07-19,8,Sevmeyi Denemedin,BLOK3,7,1,43
2025-07-19,9,Sen Kaldin,Semicenk,8,1,27
2025-07-19,10,Kor Sevdam,Zeynep Bastik,12,7,7
2025-07-19,11,Kendine Dunya,Merve Ozbey,24,11,2
2025-07-19,12,Ey Ask,Sezen Aksu,9,9,2
2025-07-19,13,Mermer,Lvbel C5,14,8,4
2025-07-19,14,Sen Agla,Sezen Aksu,11,11,2
2025-07-19,15,Snap,manifest,15,5,6
2025-07-19,16,Keske,Ati242 & BLOK3,16,1,15
2025-07-19,17,Roman Olur Yazsam Seni,Velet,13,1,13
2025-07-19,18,Sana Guvenmiyorum,Dedubluman & Aleyna Tilki,17,1,36
2025-07-19,19,Ara Beni Lutfen,Kenan Dogulu,19,16,4
2025-07-19,20,Suh Nefes (Ceceli),Sezen Aksu,10,10,2
2025-07-19,21,Cik Artik Aklimdan,Derya Bedavaci,20,20,2
2025-07-19,22,KTS,manifest,23,8,8
2025-07-19,23,Cikar Biri Karsima,Poizi & Era7capone,21,5,20
2025-07-19,24,Onumuz Yaz,Simge,-,2,33
2025-07-19,25,HAiNSiN,Poizi,-,25,1
2025-07-26,1,Yerinde Dur,Sefo & Demet Akalin,1,1,3
2025-07-26,2,Bir Cift Goz,Norm Ender X Ebru Gundes,3,2,3
2025-07-26,3,Asiyan,Afra & Sefo,5,3,2
2025-07-26,4,Sonbahar,Era7capone x Poizi,2,1,7
2025-07-26,5,Kalpsiz,Semicenk,4,2,5
2025-07-26,6,Kor Sevdam,Zeynep Bastik,10,6,8
2025-07-26,7,Sevmeyi Denemedin,BLOK3,8,1,44
2025-07-26,8,Yasanacaksa,manifest,6,2,5
2025-07-26,9,Benden Sonra,Riza Tamer,7,2,14
2025-07-26,10,Sen Kaldin,Semicenk,9,1,28
2025-07-26,11,Kendine Dunya,Merve Ozbey,11,11,3
2025-07-26,12,Ey Ask,Sezen Aksu,12,9,3
2025-07-26,13,Ara Beni Lutfen,Kenan Dogulu,19,13,5
2025-07-26,14,Keske,Ati242 & BLOK3,16,1,16
2025-07-26,15,Snap,manifest,15,5,7
2025-07-26,16,Sana Guvenmiyorum,Dedubluman & Aleyna Tilki,18,1,37
2025-07-26,17,Roman Olur Yazsam Seni,Velet,17,1,14
2025-07-26,18,Sen Agla,Sezen Aksu,14,11,3
2025-07-26,19,Nazar,Demet Akalin,-,19,1
2025-07-26,20,Italy Forma,Ati242,-,2,29
2025-07-26,21,KTS,manifest,22,8,9
2025-07-26,22,Cikar Biri Karsima,Poizi & Era7capone,23,5,21
2025-07-26,23,Cik Artik Aklimdan,Derya Bedavaci,21,20,3
2025-07-26,24,Onumuz Yaz,Simge,24,2,34
2025-07-26,25,Suh Nefes (Ceceli),Sezen Aksu,20,10,3
2025-08-02,1,Yerinde Dur,Sefo & Demet Akalin,1,1,4
2025-08-02,2,Bir Cift Goz,Norm Ender X Ebru Gundes,2,2,4
2025-08-02,3,Asiyan,Afra & Sefo,3,3,3
2025-08-02,4,git,BLOK3,-,4,1
2025-08-02,5,Sonbahar,Era7capone x Poizi,4,1,8
2025-08-02,6,napiyosun mesela ?,BLOK3,-,6,1
2025-08-02,7,Kalpsiz,Semicenk,5,2,6
2025-08-02,8,Sevmeyi Denemedin,BLOK3,7,1,45
2025-08-02,9,Yasanacaksa,manifest,8,2,6
2025-08-02,10,Kor Sevdam,Zeynep Bastik,6,6,9
2025-08-02,11,Ey Ask,Sezen Aksu,12,9,4
2025-08-02,12,Benden Sonra,Riza Tamer,9,2,15
2025-08-02,13,Ara Beni Lutfen,Kenan Dogulu,13,13,6
2025-08-02,14,dubaiiiiii,Lvbel C5,-,14,1
2025-08-02,15,Sen Kaldin,Semicenk,10,1,29
2025-08-02,16,Keske,Ati242 & BLOK3,14,1,17
2025-08-02,17,Snap,manifest,15,5,8
2025-08-02,18,Salina Salina,M Lisa,-,18,1
2025-08-02,19,Hako Diyorlar,BLOK3,-,19,1
2025-08-02,20,Sana Guvenmiyorum,Dedubluman & Aleyna Tilki,16,1,38
2025-08-02,21,Burada Sokaklar,"Batuflex, ERAY067 & Mansur",-,21,1
2025-08-02,22,KTS,manifest,21,8,10
2025-08-02,23,Kendine Dunya,Merve Ozbey,11,11,4
2025-08-02,24,Cikar Biri Karsima,Poizi & Era7capone,22,5,22
2025-08-02,25,Mermer,Lvbel C5,-,8,5
2025-08-09,1,Yerinde Dur,Sefo & Demet Akalin,1,1,5
2025-08-09,2,Bir Cift Goz,Norm Ender X Ebru Gundes,2,2,5
2025-08-09,3,Yapar Misin,Poizi & Murat Boz,-,3,1
2025-08-09,4,git,BLOK3,4,4,2
2025-08-09,5,Asiyan,Afra & Sefo,3,3,4
2025-08-09,6,Ucurum,MERO,-,6,1
2025-08-09,7,napiyosun mesela ?,BLOK3,6,6,2
2025-08-09,8,Sonbahar,Era7capone x Poizi,5,1,9
2025-08-09,9,Sevmeyi Denemedin,BLOK3,8,1,46
2025-08-09,10,Yasanacaksa,manifest,9,2,7
2025-08-09,11,Kalpsiz,Semicenk,7,2,7
2025-08-09,12,Ara Beni Lutfen,Kenan Dogulu,13,12,7
2025-08-09,13,Ey Ask,Sezen Aksu,11,9,5
2025-08-09,14,Kor Sevdam,Zeynep Bastik,10,6,10
2025-08-09,15,dubaiiiiii,Lvbel C5,14,14,2
2025-08-09,16,Benden Sonra,Riza Tamer,12,2,16
2025-08-09,17,Salina Salina,M Lisa,18,17,2
2025-08-09,18,Snap,manifest,17,5,9
2025-08-09,19,Keske,Ati242 & BLOK3,16,1,18
2025-08-09,20,Sen Kaldin,Semicenk,15,1,30
2025-08-09,21,Seni Dusundum,Cagla X Dogu Swag,-,21,1
2025-08-09,22,KTS,manifest,22,8,11
2025-08-09,23,Sana Guvenmiyorum,Dedubluman & Aleyna Tilki,20,1,39
2025-08-09,24,Mermer,Lvbel C5,25,8,6
2025-08-09,25,Bir Dudaktan,Ozcan Deniz,-,25,2
2025-08-16,1,Bir Cift Goz,Norm Ender X Ebru Gundes,2,1,6
2025-08-16,2,Yerinde Dur,Sefo & Demet Akalin,1,1,6
2025-08-16,3,Yapar Misin,Poizi & Murat Boz,3,3,2
2025-08-16,4,git,BLOK3,4,4,3
2025-08-16,5,Seni Dusundum,Cagla X Dogu Swag,21,5,2
2025-08-16,6,Ucurum,MERO,6,6,2
2025-08-16,7,napiyosun mesela ?,BLOK3,7,6,3
2025-08-16,8,Asiyan,Afra & Sefo,5,3,5
2025-08-16,9,Sonbahar,Era7capone x Poizi,8,1,10
2025-08-16,10,Sevmeyi Denemedin,BLOK3,9,1,47
2025-08-16,11,Yasanacaksa,manifest,10,2,8
2025-08-16,12,TAK TAK TAK,Lvbel C5,-,12,1
2025-08-16,13,Kor Sevdam,Zeynep Bastik,14,6,11
2025-08-16,14,Ey Ask,Sezen Aksu,13,9,6
2025-08-16,15,Snap,manifest,18,5,10
2025-08-16,16,Kalpsiz,Semicenk,11,2,8
2025-08-16,17,Ara Beni Lutfen,Kenan Dogulu,12,12,8
2025-08-16,18,dubaiiiiii,Lvbel C5,15,14,3
2025-08-16,19,Keske,Ati242 & BLOK3,19,1,19
2025-08-16,20,Sen Kaldin,Semicenk,20,1,31
2025-08-16,21,KTS,manifest,22,8,12
2025-08-16,22,Benden Sonra,Riza Tamer,16,2,17
2025-08-16,23,Salina Salina,M Lisa,17,17,3
2025-08-16,24,Manifest,manifest,-,24,1
2025-08-16,25,Mermer,Lvbel C5,24,8,7
2025-08-23,1,Bir Cift Goz,Norm Ender X Ebru Gundes,1,1,7
2025-08-23,2,Yerinde Dur,Sefo & Demet Akalin,2,1,7
2025-08-23,3,Seni Dusundum,Cagla X Dogu Swag,5,3,3
2025-08-23,4,Yapar Misin,Poizi & Murat Boz,3,3,3
2025-08-23,5,git,BLOK3,4,4,4
2025-08-23,6,TAK TAK TAK,Lvbel C5,12,6,2
2025-08-23,7,napiyosun mesela ?,BLOK3,7,6,4
2025-08-23,8,Sonbahar,Era7capone x Poizi,9,1,11
2025-08-23,9,Ucurum,MERO,6,6,3
2025-08-23,10,Asiyan,Afra & Sefo,8,3,6
2025-08-23,11,Sevmeyi Denemedin,BLOK3,10,1,48
2025-08-23,12,Yasanacaksa,manifest,11,2,9
2025-08-23,13,Kalpsiz,Semicenk,16,2,9
2025-08-23,14,Kor Sevdam,Zeynep Bastik,13,6,12
2025-08-23,15,Ey Ask,Sezen Aksu,14,9,7
2025-08-23,16,Snap,manifest,15,5,11
2025-08-23,17,Ara Beni Lutfen,Kenan Dogulu,17,12,9
2025-08-23,18,Keske,Ati242 & BLOK3,19,1,20
2025-08-23,19,Sen Kaldin,Semicenk,20,1,32
2025-08-23,20,Peki Peki,Lvbel C5 & AKDO,-,20,1
2025-08-23,21,dubaiiiiii,Lvbel C5,18,14,4
2025-08-23,22,KTS,manifest,21,8,13
2025-08-23,23,Manifest,manifest,24,23,2
2025-08-23,24,Mermer,Lvbel C5,25,8,8
2025-08-23,25,Cikar Biri Karsima,Poizi & Era7capone,-,5,23
2025-08-30,1,git,BLOK3,5,1,5
2025-08-30,2,Bir Cift Goz,Norm Ender X Ebru Gundes,1,1,8
2025-08-30,3,Yerinde Dur,Sefo & Demet Akalin,2,1,8
2025-08-30,4,Seni Dusundum,Cagla X Dogu Swag,3,3,4
2025-08-30,5,Yapar Misin,Poizi & Murat Boz,4,3,4
2025-08-30,6,TAK TAK TAK,Lvbel C5,6,6,3
2025-08-30,7,napiyosun mesela ?,BLOK3,7,6,5
2025-08-30,8,Sevmeyi Denemedin,BLOK3,11,1,49
2025-08-30,9,Sonbahar,Era7capone x Poizi,8,1,12
2025-08-30,10,Asiyan,Afra & Sefo,10,3,7
2025-08-30,11,Ucurum,MERO,9,6,4
2025-08-30,12,Ara Beni Lutfen,Kenan Dogulu,17,12,10
2025-08-30,13,Yasanacaksa,manifest,12,2,10
2025-08-30,14,Kalpsiz,Semicenk,13,2,10
2025-08-30,15,Keske,Ati242 & BLOK3,18,1,21
2025-08-30,16,Kor Sevdam,Zeynep Bastik,14,6,13
2025-08-30,17,Ey Ask,Sezen Aksu,15,9,8
2025-08-30,18,Snap,manifest,16,5,12
2025-08-30,19,Sen Kaldin,Semicenk,19,1,33
2025-08-30,20,Sifirdan Zirveye,Ati242,-,20,1
2025-08-30,21,Cikar Biri Karsima,Poizi & Era7capone,25,5,24
2025-08-30,22,Sabrettim,Semicenk x Sefo,-,22,1
2025-08-30,23,Peki Peki,Lvbel C5 & AKDO,20,20,2
2025-08-30,24,Sana Guvenmiyorum,Dedubluman & Aleyna Tilki,-,1,40
2025-08-30,25,Y,Poizi,-,12,6
2025-09-06,1,git,BLOK3,1,1,6
2025-09-06,2,Yapar Misin,Poizi & Murat Boz,5,2,5
2025-09-06,3,napiyosun mesela ?,BLOK3,7,3,6
2025-09-06,4,Bir Cift Goz,Norm Ender X Ebru Gundes,2,1,9
2025-09-06,5,Seni Dusundum,Cagla X Dogu Swag,4,3,5
2025-09-06,6,Yerinde Dur,Sefo & Demet Akalin,3,1,9
2025-09-06,7,TAK TAK TAK,Lvbel C5,6,6,4
2025-09-06,8,Uykusuz Geceler,MERO X Ati,-,8,1
2025-09-06,9,Sonbahar,Era7capone x Poizi,9,1,13
2025-09-06,10,Sevmeyi Denemedin,BLOK3,8,1,50
2025-09-06,11,Gozler,Mavi x Cakal,-,11,1
2025-09-06,12,Keske,Ati242 & BLOK3,15,1,22
2025-09-06,13,Y,Poizi,25,12,7
2025-09-06,14,Cikar Biri Karsima,Poizi & Era7capone,21,5,25
2025-09-06,15,Ucurum,MERO,11,6,5
2025-09-06,16,Asiyan,Afra & Sefo,10,3,8
2025-09-06,17,Ara Beni Lutfen,Kenan Dogulu,12,12,11
2025-09-06,18,Kalpsiz,Semicenk,14,2,11
2025-09-06,19,Yasanacaksa,manifest,13,2,11
2025-09-06,20,Kor Sevdam,Zeynep Bastik,16,6,14
2025-09-06,21,Ey Ask,Sezen Aksu,17,9,9
2025-09-06,22,HAiNSiN,Poizi,-,22,2
2025-09-06,23,Snap,manifest,18,5,13
2025-09-06,24,Sen Kaldin,Semicenk,19,1,34
2025-09-06,25,Sabrettim,Semicenk x Sefo,22,22,2
2025-09-13,1,Seni Dusundum,Cagla X Dogu Swag,5,1,6
2025-09-13,2,napiyosun mesela ?,BLOK3,3,2,7
2025-09-13,3,Yapar Misin,Poizi & Murat Boz,2,2,6
2025-09-13,4,git,BLOK3,1,1,7
2025-09-13,5,Bir Cift Goz,Norm Ender X Ebru Gundes,4,1,10
2025-09-13,6,Yerinde Dur,Sefo & Demet Akalin,6,1,10
2025-09-13,7,Hako Diyorlar,BLOK3,-,7,2
2025-09-13,8,TAK TAK TAK,Lvbel C5,7,6,5
2025-09-13,9,Sonbahar,Era7capone x Poizi,9,1,14
2025-09-13,10,Sevmeyi Denemedin,BLOK3,10,1,51
2025-09-13,11,Uykusuz Geceler,MERO X Ati,8,8,2
2025-09-13,12,Y,Poizi,13,12,8
2025-09-13,13,Keske,Ati242 & BLOK3,12,1,23
2025-09-13,14,Gozler,Mavi x Cakal,11,11,2
2025-09-13,15,Cikar Biri Karsima,Poizi & Era7capone,14,5,26
2025-09-13,16,Kalpsiz,Semicenk,18,2,12
2025-09-13,17,Asiyan,Afra & Sefo,16,3,9
2025-09-13,18,Ara Beni Lutfen,Kenan Dogulu,17,12,12
2025-09-13,19,Ucurum,MERO,15,6,6
2025-09-13,20,HAiNSiN,Poizi,22,20,3
2025-09-13,21,Snap,manifest,23,5,14
2025-09-13,22,Ey Ask,Sezen Aksu,21,9,10
2025-09-13,23,Yasanacaksa,manifest,19,2,12
2025-09-13,24,Sen Kaldin,Semicenk,24,1,35
2025-09-13,25,Kor Sevdam,Zeynep Bastik,20,6,15
2025-09-20,1,Perde,Poizi,-,1,1
2025-09-20,2,Seni Dusundum,Cagla X Dogu Swag,1,1,7
2025-09-20,3,napiyosun mesela ?,BLOK3,2,2,8
2025-09-20,4,Yapar Misin,Poizi & Murat Boz,3,2,7
2025-09-20,5,Bir Cift Goz,Norm Ender X Ebru Gundes,5,1,11
2025-09-20,6,git,BLOK3,4,1,8
2025-09-20,7,Hako Diyorlar,BLOK3,7,7,3
2025-09-20,8,Kimseler Duymasin,Poizi,-,8,1
2025-09-20,9,Yerinde Dur,Sefo & Demet Akalin,6,1,11
2025-09-20,10,Sonbahar,Era7capone x Poizi,9,1,15
2025-09-20,11,Sevmeyi Denemedin,BLOK3,10,1,52
2025-09-20,12,TAK TAK TAK,Lvbel C5,8,6,6
2025-09-20,13,Kalpsiz,Semicenk,16,2,13
2025-09-20,14,Y,Poizi,12,12,9
2025-09-20,15,Keske,Ati242 & BLOK3,13,1,24
2025-09-20,16,Cikar Biri Karsima,Poizi & Era7capone,15,5,27
2025-09-20,17,Uykusuz Geceler,MERO X Ati,11,8,3
2025-09-20,18,Asiyan,Afra & Sefo,17,3,10
2025-09-20,19,Ara Beni Lutfen,Kenan Dogulu,18,12,13
2025-09-20,20,5 NiSAN,Poizi,-,20,1
2025-09-20,21,Sen Kaldin,Semicenk,24,1,36
2025-09-20,22,HAiNSiN,Poizi,20,20,4
2025-09-20,23,Ey Ask,Sezen Aksu,22,9,11
2025-09-20,24,Ucurum,MERO,19,6,7
2025-09-20,25,Snap,manifest,21,5,15
2025-09-27,1,Perde,Poizi,1,1,2
2025-09-27,2,Seni Dusundum,Cagla X Dogu Swag,2,1,8
2025-09-27,3,napiyosun mesela ?,BLOK3,3,2,9
2025-09-27,4,Yapar Misin,Poizi & Murat Boz,4,2,8
2025-09-27,5,Bir Cift Goz,Norm Ender X Ebru Gundes,5,1,12
2025-09-27,6,git,BLOK3,6,1,9
2025-09-27,7,Kimseler Duymasin,Poizi,8,7,2
2025-09-27,8,Sevmeyi Denemedin,BLOK3,11,1,53
2025-09-27,9,Yerinde Dur,Sefo & Demet Akalin,9,1,12
2025-09-27,10,Sonbahar,Era7capone x Poizi,10,1,16
2025-09-27,11,TAK TAK TAK,Lvbel C5,12,6,7
2025-09-27,12,Kalpsiz,Semicenk,13,2,14
2025-09-27,13,Keske,Ati242 & BLOK3,15,1,25
2025-09-27,14,Y,Poizi,14,12,10
2025-09-27,15,Cikar Biri Karsima,Poizi & Era7capone,16,5,28
2025-09-27,16,Zehir,manifest,-,16,1
2025-09-27,17,Uykusuz Geceler,MERO X Ati,17,8,4
2025-09-27,18,Asiyan,Afra & Sefo,18,3,11
2025-09-27,19,Ara Beni Lutfen,Kenan Dogulu,19,12,14
2025-09-27,20,Sen Kaldin,Semicenk,21,1,37
2025-09-27,21,Ey Ask,Sezen Aksu,23,9,12
2025-09-27,22,Sana Guvenmiyorum,Dedubluman & Aleyna Tilki,-,1,41
2025-09-27,23,Her Iki Durumda,"Soner Sarikabadayi, Sefo & Aerro",-,23,1
2025-09-27,24,5 NiSAN,Poizi,20,20,2
2025-09-27,25,Ucurum,MERO,24,6,8
2025-10-04,1,Perde,Poizi,1,1,3
2025-10-04,2,napiyosun mesela ?,BLOK3,3,2,10
2025-10-04,3,Seni Dusundum,Cagla X Dogu Swag,2,1,9
2025-10-04,4,git,BLOK3,6,1,10
2025-10-04,5,Yapar Misin,Poizi & Murat Boz,4,2,9
2025-10-04,6,Bir Cift Goz,Norm Ender X Ebru Gundes,5,1,13
2025-10-04,7,Coook Pardon...,Lvbel C5,-,7,1
2025-10-04,8,TAK TAK TAK,Lvbel C5,11,6,8
2025-10-04,9,Sevmeyi Denemedin,BLOK3,8,1,54
2025-10-04,10,Sonbahar,Era7capone x Poizi,10,1,17
2025-10-04,11,Yerinde Dur,Sefo & Demet Akalin,9,1,13
2025-10-04,12,Kimseler Duymasin,Poizi,7,7,3
2025-10-04,13,Kalpsiz,Semicenk,12,2,15
2025-10-04,14,Keske,Ati242 & BLOK3,13,1,26
2025-10-04,15,Y,Poizi,14,12,11
2025-10-04,16,Cikar Biri Karsima,Poizi & Era7capone,15,5,29
2025-10-04,17,Sen Kaldin,Semicenk,20,1,38
2025-10-04,18,Ara Beni Lutfen,Kenan Dogulu,19,12,15
2025-10-04,19,Asiyan,Afra & Sefo,18,3,12
2025-10-04,20,Zehir,manifest,16,16,2
2025-10-04,21,Ey Ask,Sezen Aksu,21,9,13
2025-10-04,22,Uykusuz Geceler,MERO X Ati,17,8,5
2025-10-04,23,Sana Guvenmiyorum,Dedubluman & Aleyna Tilki,22,1,42
2025-10-04,24,Mermer,Lvbel C5,-,8,9
2025-10-04,25,Snap,manifest,-,5,16
2025-10-11,1,git,BLOK3,4,1,11
2025-10-11,2,Perde,Poizi,1,1,4
2025-10-11,3,napiyosun mesela ?,BLOK3,2,2,11
2025-10-11,4,Seni Dusundum,Cagla X Dogu Swag,3,1,10
2025-10-11,5,Coook Pardon...,Lvbel C5,7,5,2
2025-10-11,6,Bir Cift Goz,Norm Ender X Ebru Gundes,6,1,14
2025-10-11,7,Yapar Misin,Poizi & Murat Boz,5,2,10
2025-10-11,8,Sar Zamanimizi Geriye,Amo988,-,8,1
2025-10-11,9,TAK TAK TAK,Lvbel C5,8,6,9
2025-10-11,10,Sevmeyi Denemedin,BLOK3,9,1,55
2025-10-11,11,Sonbahar,Era7capone x Poizi,10,1,18
2025-10-11,12,Sabah Olmadan,Gullu,-,12,1
2025-10-11,13,Kalpsiz,Semicenk,13,2,16
2025-10-11,14,Yerinde Dur,Sefo & Demet Akalin,11,1,14
2025-10-11,15,Kimseler Duymasin,Poizi,12,7,4
2025-10-11,16,Keske,Ati242 & BLOK3,14,1,27
2025-10-11,17,Cikar Biri Karsima,Poizi & Era7capone,16,5,30
2025-10-11,18,Sen Kaldin,Semicenk,17,1,39
2025-10-11,19,Y,Poizi,15,12,12
2025-10-11,20,Ara Beni Lutfen,Kenan Dogulu,18,12,16
2025-10-11,21,Kopamam Senden,Gullu,-,21,1
2025-10-11,22,Burada Sokaklar,"Batuflex, ERAY067 & Mansur",-,21,2
2025-10-11,23,Asiyan,Afra & Sefo,19,3,13
2025-10-11,24,Sana Guvenmiyorum,Dedubluman & Aleyna Tilki,23,1,43
2025-10-11,25,Ey Ask,Sezen Aksu,21,9,14
2025-10-18,1,git,BLOK3,1,1,12
2025-10-18,2,Seni Dusundum,Cagla X Dogu Swag,4,1,11
2025-10-18,3,napiyosun mesela ?,BLOK3,3,2,12
2025-10-18,4,Perde,Poizi,2,1,5
2025-10-18,5,RUYA,manifest,-,5,1
2025-10-18,6,Sar Zamanimizi Geriye,Amo988,8,6,2
2025-10-18,7,Coook Pardon...,Lvbel C5,5,5,3
2025-10-18,8,Bir Cift Goz,Norm Ender X Ebru Gundes,6,1,15
2025-10-18,9,Yapar Misin,Poizi & Murat Boz,7,2,11
2025-10-18,10,TAK TAK TAK,Lvbel C5,9,6,10
2025-10-18,11,Sevmeyi Denemedin,BLOK3,10,1,56
2025-10-18,12,Sonbahar,Era7capone x Poizi,11,1,19
2025-10-18,13,Kalpsiz,Semicenk,13,2,17
2025-10-18,14,Yerinde Dur,Sefo & Demet Akalin,14,1,15
2025-10-18,15,TikTok,Lvbel C5 & AKDO,-,15,1
2025-10-18,16,Burada Sokaklar,"Batuflex, ERAY067 & Mansur",22,16,3
2025-10-18,17,Kimseler Duymasin,Poizi,15,7,5
2025-10-18,18,Keske,Ati242 & BLOK3,16,1,28
2025-10-18,19,Sen Kaldin,Semicenk,18,1,40
2025-10-18,20,Cikar Biri Karsima,Poizi & Era7capone,17,5,31
2025-10-18,21,Ara Beni Lutfen,Kenan Dogulu,20,12,17
2025-10-18,22,Y,Poizi,19,12,13
2025-10-18,23,Sana Guvenmiyorum,Dedubluman & Aleyna Tilki,24,1,44
2025-10-18,24,Asiyan,Afra & Sefo,23,3,14
2025-10-18,25,Ey Ask,Sezen Aksu,25,9,15
2025-10-25,1,git,BLOK3,1,1,13
2025-10-25,2,napiyosun mesela ?,BLOK3,3,2,13
2025-10-25,3,Seni Dusundum,Cagla X Dogu Swag,2,1,12
2025-10-25,4,Perde,Poizi,4,1,6
2025-10-25,5,Sar Zamanimizi Geriye,Amo988,6,5,3
2025-10-25,6,Bir Cift Goz,Norm Ender X Ebru Gundes,8,1,16
2025-10-25,7,Yapar Misin,Poizi & Murat Boz,9,2,12
2025-10-25,8,Coook Pardon...,Lvbel C5,7,5,4
2025-10-25,9,Eylulzede,Nikbinler,-,9,1
2025-10-25,10,RUYA,manifest,5,5,2
2025-10-25,11,TAK TAK TAK,Lvbel C5,10,6,11
2025-10-25,12,Sonbahar,Era7capone x Poizi,12,1,20
2025-10-25,13,Sevmeyi Denemedin,BLOK3,11,1,57
2025-10-25,14,Kalpsiz,Semicenk,13,2,18
2025-10-25,15,Burada Sokaklar,"Batuflex, ERAY067 & Mansur",16,15,4
2025-10-25,16,Yerinde Dur,Sefo & Demet Akalin,14,1,16
2025-10-25,17,Keske,Ati242 & BLOK3,18,1,29
2025-10-25,18,TikTok,Lvbel C5 & AKDO,15,15,2
2025-10-25,19,Kimseler Duymasin,Poizi,17,7,6
2025-10-25,20,Ara Beni Lutfen,Kenan Dogulu,21,12,18
2025-10-25,21,Cikar Biri Karsima,Poizi & Era7capone,20,5,32
2025-10-25,22,Y,Poizi,22,12,14
2025-10-25,23,Bende Katilime Asiktim,Yildirim Elmas,-,23,1
2025-10-25,24,Sana Guvenmiyorum,Dedubluman & Aleyna Tilki,23,1,45
2025-10-25,25,Gunaydin,Yalin,-,25,1
2025-11-01,1,Eylulzede,Nikbinler,9,1,2
2025-11-01,2,Seni Dusundum,Cagla X Dogu Swag,3,1,13
2025-11-01,3,napiyosun mesela ?,BLOK3,2,2,14
2025-11-01,4,git,BLOK3,1,1,14
2025-11-01,5,Perde,Poizi,4,1,7
2025-11-01,6,Bir Cift Goz,Norm Ender X Ebru Gundes,6,1,17
2025-11-01,7,Yapar Misin,Poizi & Murat Boz,7,2,13
2025-11-01,8,Coook Pardon...,Lvbel C5,8,5,5
2025-11-01,9,Sar Zamanimizi Geriye,Amo988,5,5,4
2025-11-01,10,Sonbahar,Era7capone x Poizi,12,1,21
2025-11-01,11,TAK TAK TAK,Lvbel C5,11,6,12
2025-11-01,12,Sevmeyi Denemedin,BLOK3,13,1,58
2025-11-01,13,Kalpsiz,Semicenk,14,2,19
2025-11-01,14,Burada Sokaklar,"Batuflex, ERAY067 & Mansur",15,14,5
2025-11-01,15,Kendine Iyi Bak,Sam & Lacin,-,15,1
2025-11-01,16,RUYA,manifest,10,5,3
2025-11-01,17,Yerinde Dur,Sefo & Demet Akalin,16,1,17
2025-11-01,18,Bende Katilime Asiktim,Yildirim Elmas,23,18,2
2025-11-01,19,Keske,Ati242 & BLOK3,17,1,30
2025-11-01,20,Ara Beni Lutfen,Kenan Dogulu,20,12,19
2025-11-01,21,Y,Poizi,22,12,15
2025-11-01,22,Cikar Biri Karsima,Poizi & Era7capone,21,5,33
2025-11-01,23,Kimseler Duymasin,Poizi,19,7,7
2025-11-01,24,Sen Kaldin,Semicenk,-,1,41
2025-11-01,25,Diger Yarim,Murat Gogebakan,-,25,1
2025-11-08,1,Sarkilar Sokaklara Ait,UZI & Motive,-,1,1
2025-11-08,2,Eylulzede,Nikbinler,1,1,3
2025-11-08,3,Seni Dusundum,Cagla X Dogu Swag,2,1,14
2025-11-08,4,Cikmaz Bir Sokakta,Semicenk,-,4,1
2025-11-08,5,napiyosun mesela ?,BLOK3,3,2,15
2025-11-08,6,git,BLOK3,4,1,15
2025-11-08,7,Perde,Poizi,5,1,8
2025-11-08,8,Kendine Iyi Bak,Sam & Lacin,15,8,2
2025-11-08,9,Sen Kaldin,Semicenk,24,1,42
2025-11-08,10,Bir Cift Goz,Norm Ender X Ebru Gundes,6,1,18
2025-11-08,11,Coook Pardon...,Lvbel C5,8,5,6
2025-11-08,12,Yapar Misin,Poizi & Murat Boz,7,2,14
2025-11-08,13,TAK TAK TAK,Lvbel C5,11,6,13
2025-11-08,14,Sevmeyi Denemedin,BLOK3,12,1,59
2025-11-08,15,Kalpsiz,Semicenk,13,2,20
2025-11-08,16,RUYA,manifest,16,5,4
2025-11-08,17,Sonbahar,Era7capone x Poizi,10,1,22
2025-11-08,18,Sar Zamanimizi Geriye,Amo988,9,5,5
2025-11-08,19,Burada Sokaklar,"Batuflex, ERAY067 & Mansur",14,14,6
2025-11-08,20,Yerinde Dur,Sefo & Demet Akalin,17,1,18
2025-11-08,21,Keske,Ati242 & BLOK3,19,1,31
2025-11-08,22,Bende Katilime Asiktim,Yildirim Elmas,18,18,3
2025-11-08,23,Cikar Biri Karsima,Poizi & Era7capone,22,5,34
2025-11-08,24,Y,Poizi,21,12,16
2025-11-08,25,Kimseler Duymasin,Poizi,23,7,8
2025-11-15,1,Sarkilar Sokaklara Ait,UZI & Motive,1,1,2
2025-11-15,2,Seni Dusundum,Cagla X Dogu Swag,3,1,15
2025-11-15,3,Cikmaz Bir Sokakta,Semicenk,4,3,2
2025-11-15,4,Eylulzede,Nikbinler,2,1,4
2025-11-15,5,napiyosun mesela ?,BLOK3,5,2,16
2025-11-15,6,git,BLOK3,6,1,16
2025-11-15,7,Sen Kaldin,Semicenk,9,1,43
2025-11-15,8,Bir Cift Goz,Norm Ender X Ebru Gundes,10,1,19
2025-11-15,9,Perde,Poizi,7,1,9
2025-11-15,10,Coook Pardon...,Lvbel C5,11,5,7
2025-11-15,11,Yapar Misin,Poizi & Murat Boz,12,2,15
2025-11-15,12,Kendine Iyi Bak,Sam & Lacin,8,8,3
2025-11-15,13,TAK TAK TAK,Lvbel C5,13,6,14
2025-11-15,14,Sevmeyi Denemedin,BLOK3,14,1,60
2025-11-15,15,Kalpsiz,Semicenk,15,2,21
2025-11-15,16,Sar Zamanimizi Geriye,Amo988,18,5,6
2025-11-15,17,Sonbahar,Era7capone x Poizi,17,1,23
2025-11-15,18,Keske,Ati242 & BLOK3,21,1,32
2025-11-15,19,Heba Olan Dunler,S3R Music,-,19,1
2025-11-15,20,Burada Sokaklar,"Batuflex, ERAY067 & Mansur",19,14,7
2025-11-15,21,RUYA,manifest,16,5,5
2025-11-15,22,Yerinde Dur,Sefo & Demet Akalin,20,1,19
2025-11-15,23,Sana Guvenmiyorum,Dedubluman & Aleyna Tilki,-,1,46
2025-11-15,24,Y,Poizi,24,12,17
2025-11-15,25,Ara Beni Lutfen,Kenan Dogulu,-,12,20
2025-11-22,1,Seni Dusundum,Cagla X Dogu Swag,2,1,16
2025-11-22,2,Cikmaz Bir Sokakta,Semicenk,3,2,3
2025-11-22,3,napiyosun mesela ?,BLOK3,5,2,17
2025-11-22,4,Sarkilar Sokaklara Ait,UZI & Motive,1,1,3
2025-11-22,5,git,BLOK3,6,1,17
2025-11-22,6,Eylulzede,Nikbinler,4,1,5
2025-11-22,7,HACEL OBASI,Sadik Nergis Featuring Mihriban,-,7,1
2025-11-22,8,Bir Cift Goz,Norm Ender X Ebru Gundes,8,1,20
2025-11-22,9,Sen Kaldin,Semicenk,7,1,44
2025-11-22,10,Perde,Poizi,9,1,10
2025-11-22,11,Coook Pardon...,Lvbel C5,10,5,8
2025-11-22,12,Yapar Misin,Poizi & Murat Boz,11,2,16
2025-11-22,13,TAK TAK TAK,Lvbel C5,13,6,15
2025-11-22,14,Sevmeyi Denemedin,BLOK3,14,1,61
2025-11-22,15,Kendine Iyi Bak,Sam & Lacin,12,8,4
2025-11-22,16,Kalpsiz,Semicenk,15,2,22
2025-11-22,17,Burada Sokaklar,"Batuflex, ERAY067 & Mansur",20,14,8
2025-11-22,18,Sar Zamanimizi Geriye,Amo988,16,5,7
2025-11-22,19,Yerinde Dur,Sefo & Demet Akalin,22,1,20
2025-11-22,20,Keske,Ati242 & BLOK3,18,1,33
2025-11-22,21,Sonbahar,Era7capone x Poizi,17,1,24
2025-11-22,22,RUYA,manifest,21,5,6
2025-11-22,23,Sana Guvenmiyorum,Dedubluman & Aleyna Tilki,23,1,47
2025-11-22,24,Mahser,Ebru Gundes,-,24,1
2025-11-22,25,Y,Poizi,24,12,18
2025-11-29,1,HACEL OBASI,Sadik Nergis Featuring Mihriban,7,1,2
2025-11-29,2,Seni Dusundum,Cagla X Dogu Swag,1,1,17
2025-11-29,3,napiyosun mesela ?,BLOK3,3,2,18
2025-11-29,4,git,BLOK3,5,1,18
2025-11-29,5,Cikmaz Bir Sokakta,Semicenk,2,2,4
2025-11-29,6,Geri Ver,Wegh,-,6,1
2025-11-29,7,Sarkilar Sokaklara Ait,UZI & Motive,4,1,4
2025-11-29,8,Bir Cift Goz,Norm Ender X Ebru Gundes,8,1,21
2025-11-29,9,Sen Kaldin,Semicenk,9,1,45
2025-11-29,10,Eylulzede,Nikbinler,6,1,6
2025-11-29,11,Coook Pardon...,Lvbel C5,11,5,9
2025-11-29,12,Perde,Poizi,10,1,11
2025-11-29,13,Yapar Misin,Poizi & Murat Boz,12,2,17
2025-11-29,14,Sevmeyi Denemedin,BLOK3,14,1,62
2025-11-29,15,TAK TAK TAK,Lvbel C5,13,6,16
2025-11-29,16,Kalpsiz,Semicenk,16,2,23
2025-11-29,17,Kendine Iyi Bak,Sam & Lacin,15,8,5
2025-11-29,18,Sar Zamanimizi Geriye,Amo988,18,5,8
2025-11-29,19,Siire Gazele,Ahmet Kaya,-,19,1
2025-11-29,20,Keske,Ati242 & BLOK3,20,1,34
2025-11-29,21,Yerinde Dur,Sefo & Demet Akalin,19,1,21
2025-11-29,22,Sonbahar,Era7capone x Poizi,21,1,25
2025-11-29,23,Sana Guvenmiyorum,Dedubluman & Aleyna Tilki,23,1,48
2025-11-29,24,Burada Sokaklar,"Batuflex, ERAY067 & Mansur",17,14,9
2025-11-29,25,RUYA,manifest,22,5,7
2025-12-06,1,Seni Dusundum,Cagla X Dogu Swag,2,1,18
2025-12-06,2,napiyosun mesela ?,BLOK3,3,2,19
2025-12-06,3,HACEL OBASI,Sadik Nergis Featuring Mihriban,1,1,3
2025-12-06,4,git,BLOK3,4,1,19
2025-12-06,5,Cikmaz Bir Sokakta,Semicenk,5,2,5
2025-12-06,6,Geri Ver,Wegh,6,6,2
2025-12-06,7,Sen Kaldin,Semicenk,9,1,46
2025-12-06,8,Bir Cift Goz,Norm Ender X Ebru Gundes,8,1,22
2025-12-06,9,Sarkilar Sokaklara Ait,UZI & Motive,7,1,5
2025-12-06,10,Eylulzede,Nikbinler,10,1,7
2025-12-06,11,Coook Pardon...,Lvbel C5,11,5,10
2025-12-06,12,Perde,Poizi,12,1,12
2025-12-06,13,Yapar Misin,Poizi & Murat Boz,13,2,18
2025-12-06,14,Sevmeyi Denemedin,BLOK3,14,1,63
2025-12-06,15,TAK TAK TAK,Lvbel C5,15,6,17
2025-12-06,16,Kalpsiz,Semicenk,16,2,24
2025-12-06,17,Keske,Ati242 & BLOK3,20,1,35
2025-12-06,18,Kendine Iyi Bak,Sam & Lacin,17,8,6
2025-12-06,19,Her Nerdeysen,Ati242,-,19,3
2025-12-06,20,Sar Zamanimizi Geriye,Amo988,18,5,9
2025-12-06,21,Yerinde Dur,Sefo & Demet Akalin,21,1,22
2025-12-06,22,RUYA,manifest,25,5,8
2025-12-06,23,Siire Gazele,Ahmet Kaya,19,19,2
2025-12-06,24,Burada Sokaklar,"Batuflex, ERAY067 & Mansur",24,14,10
2025-12-06,25,Sana Guvenmiyorum,Dedubluman & Aleyna Tilki,23,1,49
2025-12-13,1,Kusura Bakma,BLOK3,-,1,1
2025-12-13,2,Seni Dusundum,Cagla X Dogu Swag,1,1,19
2025-12-13,3,napiyosun mesela ?,BLOK3,2,2,20
2025-12-13,4,git,BLOK3,4,1,20
2025-12-13,5,Ismarla,UZI & Motive,-,5,1
2025-12-13,6,HACEL OBASI,Sadik Nergis Featuring Mihriban,3,1,4
2025-12-13,7,Sen Kaldin,Semicenk,7,1,47
2025-12-13,8,Bir Cift Goz,Norm Ender X Ebru Gundes,8,1,23
2025-12-13,9,Cikmaz Bir Sokakta,Semicenk,5,2,6
2025-12-13,10,Coook Pardon...,Lvbel C5,11,5,11
2025-12-13,11,Sevmeyi Denemedin,BLOK3,14,1,64
2025-12-13,12,Beni Unutma,Demet Akalin & Lvbel C5,-,12,1
2025-12-13,13,Geri Ver,Wegh,6,6,3
2025-12-13,14,Perde,Poizi,12,1,13
2025-12-13,15,Sarkilar Sokaklara Ait,UZI & Motive,9,1,6
2025-12-13,16,Yapar Misin,Poizi & Murat Boz,13,2,19
2025-12-13,17,Keske,Ati242 & BLOK3,17,1,36
2025-12-13,18,Eylulzede,Nikbinler,10,1,8
2025-12-13,19,Her Nerdeysen,Ati242,19,19,4
2025-12-13,20,TAK TAK TAK,Lvbel C5,15,6,18
2025-12-13,21,Kendine Iyi Bak,Sam & Lacin,18,8,7
2025-12-13,22,Kalpsiz,Semicenk,16,2,25
2025-12-13,23,Sar Zamanimizi Geriye,Amo988,20,5,10
2025-12-13,24,Aklina Ben Gelicem,BLOK3,-,2,30
2025-12-13,25,Herkes Kendine Yakisani Yapsin.,Organize,-,25,1
2025-12-20,1,Kusura Bakma,BLOK3,1,1,2
2025-12-20,2,git,BLOK3,4,1,21
2025-12-20,3,napiyosun mesela ?,BLOK3,3,2,21
2025-12-20,4,Seni Dusundum,Cagla X Dogu Swag,2,1,20
2025-12-20,5,Amator,manifest,-,5,1
2025-12-20,6,Sevmeyi Denemedin,BLOK3,11,1,65
2025-12-20,7,Coook Pardon...,Lvbel C5,10,5,12
2025-12-20,8,Yeniden,Ragga Oktay,-,8,1
2025-12-20,9,Sen Kaldin,Semicenk,7,1,48
2025-12-20,10,Cikmaz Bir Sokakta,Semicenk,9,2,7
2025-12-20,11,Bir Cift Goz,Norm Ender X Ebru Gundes,8,1,24
2025-12-20,12,Perde,Poizi,14,1,14
2025-12-20,13,Keske,Ati242 & BLOK3,17,1,37
2025-12-20,14,HACEL OBASI,Sadik Nergis Featuring Mihriban,6,1,5
2025-12-20,15,Sarkilar Sokaklara Ait,UZI & Motive,15,1,7
2025-12-20,16,Her Nerdeysen,Ati242,19,16,5
2025-12-20,17,Yapar Misin,Poizi & Murat Boz,16,2,20
2025-12-20,18,Ismarla,UZI & Motive,5,5,2
2025-12-20,19,Geri Ver,Wegh,13,6,4
2025-12-20,20,Sar Zamanimizi Geriye,Amo988,23,5,11
2025-12-20,21,TAK TAK TAK,Lvbel C5,20,6,19
2025-12-20,22,Beni Unutma,Demet Akalin & Lvbel C5,12,12,2
2025-12-20,23,Kendine Iyi Bak,Sam & Lacin,21,8,8
2025-12-20,24,Bunu Senden Beklemezdim,Eda Doganay,-,24,1
2025-12-20,25,Sussan da Olur,Nun Sultan & Sagopa Kajmer,-,25,1
2025-12-27,1,Kusura Bakma,BLOK3,1,1,3
2025-12-27,2,git,BLOK3,2,1,22
2025-12-27,3,napiyosun mesela ?,BLOK3,3,2,22
2025-12-27,4,Seni Dusundum,Cagla X Dogu Swag,4,1,21
2025-12-27,5,Amator,manifest,5,5,2
2025-12-27,6,Yeniden,Ragga Oktay,8,6,2
2025-12-27,7,Sevmeyi Denemedin,BLOK3,6,1,66
2025-12-27,8,Cikmaz Bir Sokakta,Semicenk,10,2,8
2025-12-27,9,Coook Pardon...,Lvbel C5,7,5,13
2025-12-27,10,Sen Kaldin,Semicenk,9,1,49
2025-12-27,11,Sarkilar Sokaklara Ait,UZI & Motive,15,1,8
2025-12-27,12,Bir Cift Goz,Norm Ender X Ebru Gundes,11,1,25
2025-12-27,13,Perde,Poizi,12,1,15
2025-12-27,14,Keske,Ati242 & BLOK3,13,1,38
2025-12-27,15,HACEL OBASI,Sadik Nergis Featuring Mihriban,14,1,6
2025-12-27,16,Her Nerdeysen,Ati242,16,16,6
2025-12-27,17,Kendine Iyi Bak,Sam & Lacin,23,8,9
2025-12-27,18,Geri Ver,Wegh,19,6,5
2025-12-27,19,Bunu Senden Beklemezdim,Eda Doganay,24,19,2
2025-12-27,20,Yapar Misin,Poizi & Murat Boz,17,2,21
2025-12-27,21,Eylulzede,Nikbinler,-,1,9
2025-12-27,22,Sussan da Olur,Nun Sultan & Sagopa Kajmer,25,22,2
2025-12-27,23,TAK TAK TAK,Lvbel C5,21,6,20
2025-12-27,24,Sar Zamanimizi Geriye,Amo988,20,5,12
2025-12-27,25,Herkes Kendine Yakisani Yapsin.,Organize,-,25,2
2026-01-03,1,Kusura Bakma,BLOK3,1,1,4
2026-01-03,2,git,BLOK3,2,1,23
2026-01-03,3,napiyosun mesela ?,BLOK3,3,2,23
2026-01-03,4,Seni Dusundum,Cagla X Dogu Swag,4,1,22
2026-01-03,5,Amator,manifest,5,5,3
2026-01-03,6,Yeniden,Ragga Oktay,6,6,3
2026-01-03,7,Coook Pardon...,Lvbel C5,9,5,14
2026-01-03,8,Sevmeyi Denemedin,BLOK3,7,1,67
2026-01-03,9,Cikmaz Bir Sokakta,Semicenk,8,2,9
2026-01-03,10,Sarkilar Sokaklara Ait,UZI & Motive,11,1,9
2026-01-03,11,Sen Kaldin,Semicenk,10,1,50
2026-01-03,12,Duy Beni,Goksel Ipekci,-,12,1
2026-01-03,13,Kendine Iyi Bak,Sam & Lacin,17,8,10
2026-01-03,14,Keske,Ati242 & BLOK3,14,1,39
2026-01-03,15,Her Nerdeysen,Ati242,16,15,7
2026-01-03,16,Bir Cift Goz,Norm Ender X Ebru Gundes,12,1,26
2026-01-03,17,Perde,Poizi,13,1,16
2026-01-03,18,Geri Ver,Wegh,18,6,6
2026-01-03,19,Herkes Kendine Yakisani Yapsin.,Organize,25,19,3
2026-01-03,20,Bunu Senden Beklemezdim,Eda Doganay,19,19,3
2026-01-03,21,TAK TAK TAK,Lvbel C5,23,6,21
2026-01-03,22,Yapar Misin,Poizi & Murat Boz,20,2,22
2026-01-03,23,Sar Zamanimizi Geriye,Amo988,24,5,13
2026-01-03,24,Eylulzede,Nikbinler,21,1,10
2026-01-03,25,HACEL OBASI,Sadik Nergis Featuring Mihriban,15,1,7
2026-01-10,1,Kusura Bakma,BLOK3,1,1,5
2026-01-10,2,git,BLOK3,2,1,24
2026-01-10,3,Seni Dusundum,Cagla X Dogu Swag,4,1,23
2026-01-10,4,napiyosun mesela ?,BLOK3,3,2,24
2026-01-10,5,Coook Pardon...,Lvbel C5,7,5,15
2026-01-10,6,Amator,manifest,5,5,4
2026-01-10,7,Cikmaz Bir Sokakta,Semicenk,9,2,10
2026-01-10,8,Maraton,Ati242,-,8,1
2026-01-10,9,Yeniden,Ragga Oktay,6,6,4
2026-01-10,10,Sevmeyi Denemedin,BLOK3,8,1,68
2026-01-10,11,Sen Kaldin,Semicenk,11,1,51
2026-01-10,12,TAK TAK TAK,Lvbel C5,21,6,22
2026-01-10,13,Sarkilar Sokaklara Ait,UZI & Motive,10,1,10
2026-01-10,14,Keske,Ati242 & BLOK3,14,1,40
2026-01-10,15,Bir Cift Goz,Norm Ender X Ebru Gundes,16,1,27
2026-01-10,16,Kendine Iyi Bak,Sam & Lacin,13,8,11
2026-01-10,17,Duy Beni,Goksel Ipekci,12,12,2
2026-01-10,18,Her Nerdeysen,Ati242,15,15,8
2026-01-10,19,Perde,Poizi,17,1,17
2026-01-10,20,Bi' Gun Anlarsin,Emre Fel,-,20,1
2026-01-10,21,Geri Ver,Wegh,18,6,7
2026-01-10,22,Bye Bye,Era7capone & Murda,-,22,1
2026-01-10,23,Sar Zamanimizi Geriye,Amo988,23,5,14
2026-01-10,24,Yapar Misin,Poizi & Murat Boz,22,2,23
2026-01-10,25,Eylulzede,Nikbinler,24,1,11
2026-01-17,1,Kusura Bakma,BLOK3,1,1,6
2026-01-17,2,Coook Pardon...,Lvbel C5,5,2,16
2026-01-17,3,git,BLOK3,2,1,25
2026-01-17,4,Seni Dusundum,Cagla X Dogu Swag,3,1,24
2026-01-17,5,napiyosun mesela ?,BLOK3,4,2,25
2026-01-17,6,Bi' Gun Anlarsin,Emre Fel,20,6,2
2026-01-17,7,Amator,manifest,6,5,5
2026-01-17,8,TAK TAK TAK,Lvbel C5,12,6,23
2026-01-17,9,Cikmaz Bir Sokakta,Semicenk,7,2,11
2026-01-17,10,Sevmeyi Denemedin,BLOK3,10,1,69
2026-01-17,11,Maraton,Ati242,8,8,2
2026-01-17,12,Sen Kaldin,Semicenk,11,1,52
2026-01-17,13,Yeniden,Ragga Oktay,9,6,5
2026-01-17,14,Bye Bye,Era7capone & Murda,22,14,2
2026-01-17,15,Keske,Ati242 & BLOK3,14,1,41
2026-01-17,16,Bir Cift Goz,Norm Ender X Ebru Gundes,15,1,28
2026-01-17,17,Her Nerdeysen,Ati242,18,15,9
2026-01-17,18,Sarkilar Sokaklara Ait,UZI & Motive,13,1,11
2026-01-17,19,Kendine Iyi Bak,Sam & Lacin,16,8,12
2026-01-17,20,Perde,Poizi,19,1,18
2026-01-17,21,Geri Ver,Wegh,21,6,8
2026-01-17,22,Duy Beni,Goksel Ipekci,17,12,3
2026-01-17,23,Yapar Misin,Poizi & Murat Boz,24,2,24
2026-01-17,24,Senden Insaf Diler Yarin,Tatlises,-,24,1
2026-01-17,25,Sana Guvenmiyorum,Dedubluman & Aleyna Tilki,-,1,50
2026-01-24,1,Kusura Bakma,BLOK3,1,1,7
2026-01-24,2,Coook Pardon...,Lvbel C5,2,2,17
2026-01-24,3,git,BLOK3,3,1,26
2026-01-24,4,Seni Dusundum,Cagla X Dogu Swag,4,1,25
2026-01-24,5,napiyosun mesela ?,BLOK3,5,2,26
2026-01-24,6,Bi' Gun Anlarsin,Emre Fel,6,6,3
2026-01-24,7,TAK TAK TAK,Lvbel C5,8,6,24
2026-01-24,8,Amator,manifest,7,5,6
2026-01-24,9,Cikmaz Bir Sokakta,Semicenk,9,2,12
2026-01-24,10,Bana Sor,Sam & Era7capone,-,10,1
2026-01-24,11,Bye Bye,Era7capone & Murda,14,11,3
2026-01-24,12,Sevmeyi Denemedin,BLOK3,10,1,70
2026-01-24,13,Sen Kaldin,Semicenk,12,1,53
2026-01-24,14,NAFiLE,ERAY067 & Mansur,-,14,1
2026-01-24,15,Maraton,Ati242,11,8,3
2026-01-24,16,Keske,Ati242 & BLOK3,15,1,42
2026-01-24,17,Yeniden,Ragga Oktay,13,6,6
2026-01-24,18,Bir Cift Goz,Norm Ender X Ebru Gundes,16,1,29
2026-01-24,19,Her Nerdeysen,Ati242,17,15,10
2026-01-24,20,Kendine Iyi Bak,Sam & Lacin,19,8,13
2026-01-24,21,Geri Ver,Wegh,21,6,9
2026-01-24,22,Perde,Poizi,20,1,19
2026-01-24,23,Bak,Pilli Bebek,-,23,1
2026-01-24,24,Herkes Kendine Yakisani Yapsin.,Organize,-,19,4
2026-01-24,25,Yapar Misin,Poizi & Murat Boz,23,2,25
2026-01-31,1,Kusura Bakma,BLOK3,1,1,8
2026-01-31,2,Bye Bye,Era7capone & Murda,11,2,4
2026-01-31,3,Cikmaz Bir Sokakta,Semicenk,9,2,13
2026-01-31,4,git,BLOK3,3,1,27
2026-01-31,5,Coook Pardon...,Lvbel C5,2,2,18
2026-01-31,6,Bana Sor,Sam & Era7capone,10,6,2
2026-01-31,7,TAK TAK TAK,Lvbel C5,7,6,25
2026-01-31,8,Artik Sen Yoksun,Poizi,-,8,1
2026-01-31,9,NAFiLE,ERAY067 & Mansur,14,9,2
2026-01-31,10,Kendine Iyi Bak,Sam & Lacin,20,8,14
2026-01-31,11,Seni Dusundum,Cagla X Dogu Swag,4,1,26
2026-01-31,12,Amator,manifest,8,5,7
2026-01-31,13,napiyosun mesela ?,BLOK3,5,2,27
2026-01-31,14,Her Nerdeysen,Ati242,19,14,11
2026-01-31,15,Maraton,Ati242,15,8,4
2026-01-31,16,Bak,Pilli Bebek,23,16,2
2026-01-31,17,Sarkilar Sokaklara Ait,UZI & Motive,-,1,12
2026-01-31,18,Geri Ver,Wegh,21,6,10
2026-01-31,19,Sevmeyi Denemedin,BLOK3,12,1,71
2026-01-31,20,Sen Kaldin,Semicenk,13,1,54
2026-01-31,21,Herkes Kendine Yakisani Yapsin.,Organize,24,19,5
2026-01-31,22,Intihask,Onur Can Ozcan,-,22,1
2026-01-31,23,Yagmurlar,Sebnem Ferah,-,23,1
2026-01-31,24,Keske,Ati242 & BLOK3,16,1,43
2026-01-31,25,KAYKAY,Era7capone,-,25,1
2026-02-07,1,Ou,UZI & Motive,-,1,1
2026-02-07,2,Cennet,UZI & Motive,-,2,1
2026-02-07,3,Kusura Bakma,BLOK3,1,1,9
2026-02-07,4,Trap House,UZI & Motive,-,4,1
2026-02-07,5,Rodman Dennis,UZI & Motive Featuring JEYJEY & Glam,-,5,1
2026-02-07,6,Babaflow,UZI & Motive,-,6,1
2026-02-07,7,Sarkilar Sokaklara Ait,UZI & Motive,17,1,13
2026-02-07,8,Mortal Kombat,UZI & Motive Featuring JEYJEY,-,8,1
2026-02-07,9,Ismarla,UZI & Motive,-,5,3
2026-02-07,10,git,BLOK3,4,1,28
2026-02-07,11,Cikmaz Bir Sokakta,Semicenk,3,2,14
2026-02-07,12,Fam,"UZI, Motive & Muti",-,12,1
2026-02-07,13,Coook Pardon...,Lvbel C5,5,2,19
2026-02-07,14,Bye Bye,Era7capone & Murda,2,2,5
2026-02-07,15,TAK TAK TAK,Lvbel C5,7,6,26
2026-02-07,16,Kendine Iyi Bak,Sam & Lacin,10,8,15
2026-02-07,17,Seni Dusundum,Cagla X Dogu Swag,11,1,27
2026-02-07,18,napiyosun mesela ?,BLOK3,13,2,28
2026-02-07,19,Her Nerdeysen,Ati242,14,14,12
2026-02-07,20,Amator,manifest,12,5,8
2026-02-07,21,NAFiLE,ERAY067 & Mansur,9,9,3
2026-02-07,22,Bana Sor,Sam & Era7capone,6,6,3
2026-02-07,23,Yagmurlar,Sebnem Ferah,23,23,2
2026-02-07,24,Bak,Pilli Bebek,16,16,3
2026-02-07,25,Sen Kaldin,Semicenk,20,1,55
2026-02-14,1,Ou,UZI & Motive,1,1,2
2026-02-14,2,Kusura Bakma,BLOK3,3,1,10
2026-02-14,3,Cennet,UZI & Motive,2,2,2
2026-02-14,4,Vodka Beluga,Lvbel C5 & AKDO,-,4,1
2026-02-14,5,Trap House,UZI & Motive,4,4,2
2026-02-14,6,Sarkilar Sokaklara Ait,UZI & Motive,7,1,14
2026-02-14,7,Coook Pardon...,Lvbel C5,13,2,20
2026-02-14,8,Bye Bye,Era7capone & Murda,14,2,6
2026-02-14,9,Babaflow,UZI & Motive,6,6,2
2026-02-14,10,Cikmaz Bir Sokakta,Semicenk,11,2,15
2026-02-14,11,git,BLOK3,10,1,29
2026-02-14,12,Kendine Iyi Bak,Sam & Lacin,16,8,16
2026-02-14,13,Rodman Dennis,UZI & Motive Featuring JEYJEY & Glam,5,5,2
2026-02-14,14,Seni Dusundum,Cagla X Dogu Swag,17,1,28
2026-02-14,15,TAK TAK TAK,Lvbel C5,15,6,27
2026-02-14,16,NAFiLE,ERAY067 & Mansur,21,9,4
2026-02-14,17,napiyosun mesela ?,BLOK3,18,2,29
2026-02-14,18,Bak,Pilli Bebek,24,16,4
2026-02-14,19,Her Nerdeysen,Ati242,19,14,13
2026-02-14,20,Amator,manifest,20,5,9
2026-02-14,21,Yagmurlar,Sebnem Ferah,23,21,3
2026-02-14,22,Geri Ver,Wegh,-,6,11
2026-02-14,23,Nasil Kurtulurum Senden ?,"ASLAR, Lessio & Astral",-,23,1
2026-02-14,24,Ismarla,UZI & Motive,9,5,4
2026-02-14,25,Stop Smoking,ALIZADE,-,25,1
2026-02-21,1,Vodka Beluga,Lvbel C5 & AKDO,4,1,2
2026-02-21,2,Kusura Bakma,BLOK3,2,1,11
2026-02-21,3,Cennet,UZI & Motive,3,2,3
2026-02-21,4,Ou,UZI & Motive,1,1,3
2026-02-21,5,Yeralti,Eypio,-,5,1
2026-02-21,6,Cikmaz Bir Sokakta,Semicenk,10,2,16
2026-02-21,7,Bye Bye,Era7capone & Murda,8,2,7
2026-02-21,8,Trap House,UZI & Motive,5,4,3
2026-02-21,9,git,BLOK3,11,1,30
2026-02-21,10,Coook Pardon...,Lvbel C5,7,2,21
2026-02-21,11,Nasil Kurtulurum Senden ?,"ASLAR, Lessio & Astral",23,11,2
2026-02-21,12,Seni Dusundum,Cagla X Dogu Swag,14,1,29
2026-02-21,13,Kendine Iyi Bak,Sam & Lacin,12,8,17
2026-02-21,14,TAK TAK TAK,Lvbel C5,15,6,28
2026-02-21,15,Sarkilar Sokaklara Ait,UZI & Motive,6,1,15
2026-02-21,16,Bak,Pilli Bebek,18,16,5
2026-02-21,17,NAFiLE,ERAY067 & Mansur,16,9,5
2026-02-21,18,Her Nerdeysen,Ati242,19,14,14
2026-02-21,19,Babaflow,UZI & Motive,9,6,3
2026-02-21,20,napiyosun mesela ?,BLOK3,17,2,30
2026-02-21,21,En Derine,wtfrank,-,21,1
2026-02-21,22,Geri Ver,Wegh,22,6,12
2026-02-21,23,Amator,manifest,20,5,10
2026-02-21,24,Bir Cift Goz,Norm Ender X Ebru Gundes,-,1,30
2026-02-21,25,Yagmurlar,Sebnem Ferah,21,21,4
2026-02-28,1,Yeralti,Eypio,5,1,2
2026-02-28,2,Kusura Bakma,BLOK3,2,1,12
2026-02-28,3,Vodka Beluga,Lvbel C5 & AKDO,1,1,3
2026-02-28,4,Basrol Sensin (1. Yil Ozel),manifest,-,4,1
2026-02-28,5,Cennet,UZI & Motive,3,2,4
2026-02-28,6,Ou,UZI & Motive,4,1,4
2026-02-28,7,Bye Bye,Era7capone & Murda,7,2,8
2026-02-28,8,Cikmaz Bir Sokakta,Semicenk,6,2,17
2026-02-28,9,git,BLOK3,9,1,31
2026-02-28,10,Coook Pardon...,Lvbel C5,10,2,22
2026-02-28,11,Seni Dusundum,Cagla X Dogu Swag,12,1,30
2026-02-28,12,TAK TAK TAK,Lvbel C5,14,6,29
2026-02-28,13,Kendine Iyi Bak,Sam & Lacin,13,8,18
2026-02-28,14,CAMBAZ,mor ve otesi,-,14,1
2026-02-28,15,NAFiLE,ERAY067 & Mansur,17,9,6
2026-02-28,16,En Derine,wtfrank,21,16,2
2026-02-28,17,Her Nerdeysen,Ati242,18,14,15
2026-02-28,18,Trap House,UZI & Motive,8,4,4
2026-02-28,19,Sarkilar Sokaklara Ait,UZI & Motive,15,1,16
2026-02-28,20,Bak,Pilli Bebek,16,16,6
2026-02-28,21,Amator,manifest,23,5,11
2026-02-28,22,Geri Ver,Wegh,22,6,13
2026-02-28,23,napiyosun mesela ?,BLOK3,20,2,31
2026-02-28,24,Megerse,Linet,-,24,1
2026-02-28,25,Bir Cift Goz,Norm Ender X Ebru Gundes,24,1,31
2026-03-07,1,Yeralti,Eypio,1,1,3
2026-03-07,2,Halef Selef,Wegh,-,2,1
2026-03-07,3,Kusura Bakma,BLOK3,2,1,13
2026-03-07,4,Vodka Beluga,Lvbel C5 & AKDO,3,1,4
2026-03-07,5,Cennet,UZI & Motive,5,2,5
2026-03-07,6,Daha Cok Var,Wegh,-,6,1
2026-03-07,7,CAMBAZ,mor ve otesi,14,7,2
2026-03-07,8,Geri Ver,Wegh,22,6,14
2026-03-07,9,En Derine,wtfrank,16,9,3
2026-03-07,10,Balbiber,Wegh,-,10,1
2026-03-07,11,Basrol Sensin (1. Yil Ozel),manifest,4,4,2
2026-03-07,12,Cikmaz Bir Sokakta,Semicenk,8,2,18
2026-03-07,13,Radikal Eskiya,Wegh Featuring Sehinsah,-,13,1
2026-03-07,14,Bye Bye,Era7capone & Murda,7,2,9
2026-03-07,15,Ou,UZI & Motive,6,1,5
2026-03-07,16,Hay Allah,Murda,-,16,1
2026-03-07,17,Seni Bana Katsam,Neco,-,17,1
2026-03-07,18,Her Nerdeysen,Ati242,17,14,16
2026-03-07,19,SSS,Wegh,-,19,1
2026-03-07,20,NAFiLE,ERAY067 & Mansur,15,9,7
2026-03-07,21,git,BLOK3,9,1,32
2026-03-07,22,Maraton,Ati242,-,8,5
2026-03-07,23,Seni Dusundum,Cagla X Dogu Swag,11,1,31
2026-03-07,24,Tutun Ve Votka,Wegh,-,24,1
2026-03-07,25,Kalbini Verdin,Eypio,-,25,1
2026-03-14,1,Yin Yang,Motive,-,1,1
2026-03-14,2,Yeralti,Eypio,1,1,4
2026-03-14,3,Yasiyoken Anla,UZI,-,3,1
2026-03-14,4,Kusura Bakma,BLOK3,3,1,14
2026-03-14,5,Halef Selef,Wegh,2,2,2
2026-03-14,6,Cikmaz Bir Sokakta,Semicenk,12,2,19
2026-03-14,7,Ayy / Ben Hala Ruyada,Oguzhan Koc,-,7,1
2026-03-14,8,CAMBAZ,mor ve otesi,7,7,3
2026-03-14,9,En Derine,wtfrank,9,9,4
2026-03-14,10,Geri Ver,Wegh,8,6,15
2026-03-14,11,Cennet,UZI & Motive,5,2,6
2026-03-14,12,Kalpsiz Bir Serseri,Simge,-,12,1
2026-03-14,13,Maraton,Ati242,22,8,6
2026-03-14,14,Hay Allah,Murda,16,14,2
2026-03-14,15,Sana Ragmen,Eypio,-,15,1
2026-03-14,16,vODKA BELUGA,Lvbel C5,-,16,1
2026-03-14,17,Basrol Sensin (1. Yil Ozel),manifest,11,4,3
2026-03-14,18,NAFiLE,ERAY067 & Mansur,20,9,8
2026-03-14,19,Balbiber,Wegh,10,10,2
2026-03-14,20,Kursun Adres Sormaz Ki,Ebru Gundes,-,20,1
2026-03-14,21,Her Nerdeysen,Ati242,18,14,17
2026-03-14,22,Ou,UZI & Motive,15,1,6
2026-03-14,23,Daha Cok Var,Wegh,6,6,2
2026-03-14,24,Kendine Iyi Bak,Sam & Lacin,-,8,19
2026-03-14,25,Bu Gece Misafirinim,ERAY067 & Mansur,-,25,1
2026-03-21,1,Yin Yang,Motive,1,1,2
2026-03-21,2,Yenildigim Tek Savastin,"ASLAR, Lessio & Astral",-,2,1
2026-03-21,3,Kalpsiz Bir Serseri,Simge,12,3,2
2026-03-21,4,Yeralti,Eypio,2,1,5
2026-03-21,5,Kusura Bakma,BLOK3,4,1,15
2026-03-21,6,Cikmaz Bir Sokakta,Semicenk,6,2,20
2026-03-21,7,Sana Ragmen,Eypio,15,7,2
2026-03-21,8,Halef Selef,Wegh,5,2,3
2026-03-21,9,Yasiyoken Anla,UZI,3,3,2
2026-03-21,10,Ayy / Ben Hala Ruyada,Oguzhan Koc,7,7,2
2026-03-21,11,Hermes 2.0,Batuflex,-,11,1
2026-03-21,12,En Derine,wtfrank,9,9,5
2026-03-21,13,Geri Ver,Wegh,10,6,16
2026-03-21,14,CAMBAZ,mor ve otesi,8,7,4
2026-03-21,15,Cennet,UZI & Motive,11,2,7
2026-03-21,16,Maraton,Ati242,13,8,7
2026-03-21,17,Hay Allah,Murda,14,14,3
2026-03-21,18,Kursun Adres Sormaz Ki,Ebru Gundes,20,18,2
2026-03-21,19,NAFiLE,ERAY067 & Mansur,18,9,9
2026-03-21,20,Beni Al,Ankara Echoes,-,20,1
2026-03-21,21,Her Nerdeysen,Ati242,21,14,18
2026-03-21,22,Balbiber,Wegh,19,10,3
2026-03-21,23,vODKA BELUGA,Lvbel C5,16,16,2
2026-03-21,24,Nasil Kurtulurum Senden ?,"ASLAR, Lessio & Astral",-,11,3
2026-03-21,25,Basrol Sensin (1. Yil Ozel),manifest,17,4,4
2026-03-28,1,Yenildigim Tek Savastin,"ASLAR, Lessio & Astral",2,1,2
2026-03-28,2,Hermes 2.0,Batuflex,11,2,2
2026-03-28,3,Yin Yang,Motive,1,1,3
2026-03-28,4,Beni Al,Ankara Echoes,20,4,2
2026-03-28,5,Kalpsiz Bir Serseri,Simge,3,3,3
2026-03-28,6,Yeralti,Eypio,4,1,6
2026-03-28,7,Kusura Bakma,BLOK3,5,1,16
2026-03-28,8,Cikmaz Bir Sokakta,Semicenk,6,2,21
2026-03-28,9,Sana Ragmen,Eypio,7,7,3
2026-03-28,10,En Derine,wtfrank,12,9,6
2026-03-28,11,Geri Ver,Wegh,13,6,17
2026-03-28,12,Hay Allah,Murda,17,12,4
2026-03-28,13,BBS,KAVAK,-,13,1
2026-03-28,14,CAMBAZ,mor ve otesi,14,7,5
2026-03-28,15,Maraton,Ati242,16,8,8
2026-03-28,16,Halef Selef,Wegh,8,2,4
2026-03-28,17,Cennet,UZI & Motive,15,2,8
2026-03-28,18,NAFiLE,ERAY067 & Mansur,19,9,10
2026-03-28,19,Her Nerdeysen,Ati242,21,14,19
2026-03-28,20,Kursun Adres Sormaz Ki,Ebru Gundes,18,18,3
2026-03-28,21,Ayy / Ben Hala Ruyada,Oguzhan Koc,10,7,3
2026-03-28,22,Bye Bye,Era7capone & Murda,-,2,10
2026-03-28,23,Basrol Sensin (1. Yil Ozel),manifest,25,4,5
2026-03-28,24,Balbiber,Wegh,22,10,4
2026-03-28,25,vODKA BELUGA,Lvbel C5,23,16,3
2026-04-04,1,Yenildigim Tek Savastin,"ASLAR, Lessio & Astral",1,1,3
2026-04-04,2,Kucuk Bir Yol,Hadise,-,2,2
2026-04-04,3,Hermes 2.0,Batuflex,2,2,3
2026-04-04,4,Yin Yang,Motive,3,1,4
2026-04-04,5,Beni Al,Ankara Echoes,4,4,3
2026-04-04,6,Yeralti,Eypio,6,1,7
2026-04-04,7,Kalpsiz Bir Serseri,Simge,5,3,4
2026-04-04,8,Kusura Bakma,BLOK3,7,1,17
2026-04-04,9,Cikmaz Bir Sokakta,Semicenk,8,2,22
2026-04-04,10,Omrum,Eypio,-,10,1
2026-04-04,11,Sana Ragmen,Eypio,9,7,4
2026-04-04,12,BBS,KAVAK,13,12,2
2026-04-04,13,Geri Ver,Wegh,11,6,18
2026-04-04,14,CAMBAZ,mor ve otesi,14,7,6
2026-04-04,15,Maraton,Ati242,15,8,9
2026-04-04,16,En Derine,wtfrank,10,9,7
2026-04-04,17,Cennet,UZI & Motive,17,2,9
2026-04-04,18,Swim,BTS,-,18,1
2026-04-04,19,Hay Allah,Murda,12,12,5
2026-04-04,20,NAFiLE,ERAY067 & Mansur,18,9,11
2026-04-04,21,Her Nerdeysen,Ati242,19,14,20
2026-04-04,22,Halef Selef,Wegh,16,2,5
2026-04-04,23,Kursun Adres Sormaz Ki,Ebru Gundes,20,18,4
2026-04-04,24,Sarkilar Sokaklara Ait,UZI & Motive,-,1,17
2026-04-04,25,Bir Cift Goz,Norm Ender X Ebru Gundes,-,1,32
2026-04-11,1,Kucuk Bir Yol,Hadise,2,1,3
2026-04-11,2,Omrum,Eypio,10,2,2
2026-04-11,3,Yenildigim Tek Savastin,"ASLAR, Lessio & Astral",1,1,4
2026-04-11,4,Hermes 2.0,Batuflex,3,2,4
2026-04-11,5,Beni Al,Ankara Echoes,5,4,4
2026-04-11,6,Yin Yang,Motive,4,1,5
2026-04-11,7,Olmazlara Vuruluyorum,Mert Demir Featuring Duygu Edis,-,7,7
2026-04-11,8,Yeralti,Eypio,6,1,8
2026-04-11,9,Cikmaz Bir Sokakta,Semicenk,9,2,23
2026-04-11,10,Kusura Bakma,BLOK3,8,1,18
2026-04-11,11,Kalpsiz Bir Serseri,Simge,7,3,5
2026-04-11,12,Sana Ragmen,Eypio,11,7,5
2026-04-11,13,Eller Uzer,Serkan Nisanci,-,13,1
2026-04-11,14,CAMBAZ,mor ve otesi,14,7,7
2026-04-11,15,Ruya Gibiydin,Ahiyan,-,15,1
2026-04-11,16,NAFiLE,ERAY067 & Mansur,20,9,12
2026-04-11,17,Geri Ver,Wegh,13,6,19
2026-04-11,18,Maraton,Ati242,15,8,10
2026-04-11,19,BBS,KAVAK,12,12,3
2026-04-11,20,En Derine,wtfrank,16,9,8
2026-04-11,21,Her Nerdeysen,Ati242,21,14,21
2026-04-11,22,Swim,BTS,18,18,2
2026-04-11,23,Cennet,UZI & Motive,17,2,10
2026-04-11,24,Halef Selef,Wegh,22,2,6
2026-04-11,25,Balbiber,Wegh,-,10,5
2026-04-18,1,Daha Iyi,manifest,-,1,1
2026-04-18,2,Kucuk Bir Yol,Hadise,1,1,4
2026-04-18,3,Omrum,Eypio,2,2,3
2026-04-18,4,Yenildigim Tek Savastin,"ASLAR, Lessio & Astral",3,1,5
2026-04-18,5,Hermes 2.0,Batuflex,4,2,5
2026-04-18,6,Yin Yang,Motive,6,1,6
2026-04-18,7,Ruya Gibiydin,Ahiyan,15,7,2
2026-04-18,8,Yeralti,Eypio,8,1,9
2026-04-18,9,Beni Al,Ankara Echoes,5,4,5
2026-04-18,10,Olmazlara Vuruluyorum,Mert Demir Featuring Duygu Edis,7,7,8
2026-04-18,11,Cikmaz Bir Sokakta,Semicenk,9,2,24
2026-04-18,12,Eller Uzer,Serkan Nisanci,13,12,2
2026-04-18,13,Kusura Bakma,BLOK3,10,1,19
2026-04-18,14,Gum Gum,Ayse Hatun Onal Featuring Onurr,-,14,1
2026-04-18,15,Kalpsiz Bir Serseri,Simge,11,3,6
2026-04-18,16,NAFiLE,ERAY067 & Mansur,16,9,13
2026-04-18,17,CAMBAZ,mor ve otesi,14,7,8
2026-04-18,18,Sana Ragmen,Eypio,12,7,6
2026-04-18,19,Geri Ver,Wegh,17,6,20
2026-04-18,20,Maraton,Ati242,18,8,11
2026-04-18,21,En Derine,wtfrank,20,9,9
2026-04-18,22,Hay Allah,Murda,-,12,6
2026-04-18,23,Her Nerdeysen,Ati242,21,14,22
2026-04-18,24,BBS,KAVAK,19,12,4
2026-04-18,25,Halef Selef,Wegh,24,2,7
2026-04-25,1,Omrum,Eypio,3,1,4
2026-04-25,2,Kucuk Bir Yol,Hadise,2,1,5
2026-04-25,3,Yenildigim Tek Savastin,"ASLAR, Lessio & Astral",4,1,6
2026-04-25,4,Daha Iyi,manifest,1,1,2
2026-04-25,5,Hermes 2.0,Batuflex,5,2,6
2026-04-25,6,Gum Gum,Ayse Hatun Onal Featuring Onurr,14,6,2
2026-04-25,7,Eller Uzer,Serkan Nisanci,12,7,3
2026-04-25,8,Yin Yang,Motive,6,1,7
2026-04-25,9,Yeralti,Eypio,8,1,10
2026-04-25,10,Ruya Gibiydin,Ahiyan,7,7,3
2026-04-25,11,Beni Al,Ankara Echoes,9,4,6
2026-04-25,12,Kusura Bakma,BLOK3,13,1,20
2026-04-25,13,Aslan Yakismaz Kafeste,Keskin,-,13,1
2026-04-25,14,Sana Ragmen,Eypio,18,7,7
2026-04-25,15,Cikmaz Bir Sokakta,Semicenk,11,2,25
2026-04-25,16,BBS 2.0,KAVAK & BAKAN,-,16,1
2026-04-25,17,NAFiLE,ERAY067 & Mansur,16,9,14
2026-04-25,18,CAMBAZ,mor ve otesi,17,7,9
2026-04-25,19,Kalpsiz Bir Serseri,Simge,15,3,7
2026-04-25,20,Labirent,Hadise & Motive,-,20,1
2026-04-25,21,Maraton,Ati242,20,8,12
2026-04-25,22,Misafir,Simge,-,22,1
2026-04-25,23,Olmazlara Vuruluyorum,Mert Demir Featuring Duygu Edis,10,7,9
2026-04-25,24,Geri Ver,Wegh,19,6,21
2026-04-25,25,Hay Allah,Murda,22,12,7
2026-05-02,1,Eller Uzer,Serkan Nisanci,7,1,4
2026-05-02,2,Gum Gum,Ayse Hatun Onal Featuring Onurr,6,2,3
2026-05-02,3,Hermes 2.0,Batuflex,5,2,7
2026-05-02,4,Omrum,Eypio,1,1,5
2026-05-02,5,NAFiLE,ERAY067 & Mansur,17,5,15
2026-05-02,6,Yenildigim Tek Savastin,"ASLAR, Lessio & Astral",3,1,7
2026-05-02,7,Aslan Yakismaz Kafeste,Keskin,13,7,2
2026-05-02,8,Daha Iyi,manifest,4,1,3
2026-05-02,9,Kucuk Bir Yol,Hadise,2,1,6
2026-05-02,10,Yin Yang,Motive,8,1,8
2026-05-02,11,Beni Al,Ankara Echoes,11,4,7
2026-05-02,12,Yeralti,Eypio,9,1,11
2026-05-02,13,Ruya Gibiydin,Ahiyan,10,7,4
2026-05-02,14,Kusura Bakma,BLOK3,12,1,21
2026-05-02,15,UYUYAMADIN DIMI?,Poizi,-,15,1
2026-05-02,16,Cikmaz Bir Sokakta,Semicenk,15,2,26
2026-05-02,17,Kalpsiz Bir Serseri,Simge,19,3,8
2026-05-02,18,Sana Ragmen,Eypio,14,7,8
2026-05-02,19,Maraton,Ati242,21,8,13
2026-05-02,20,Misafir,Simge,22,20,2
2026-05-02,21,CAMBAZ,mor ve otesi,18,7,10
2026-05-02,22,Geri Ver,Wegh,24,6,22
2026-05-02,23,Sorma,KAVAK & BAKAN,-,23,1
2026-05-02,24,Olacak Gibi Degil,Ersay Uner,-,24,1
2026-05-02,25,Balbiber,Wegh,-,10,6
2026-05-09,1,Eller Uzer,Serkan Nisanci,1,1,5
2026-05-09,2,Gum Gum,Ayse Hatun Onal Featuring Onurr,2,2,4
2026-05-09,3,Hermes 2.0,Batuflex,3,2,8
2026-05-09,4,RDM,KAVAK & EGE!,-,4,1
2026-05-09,5,Omrum,Eypio,4,1,6
2026-05-09,6,Daha Iyi,manifest,8,1,4
2026-05-09,7,NAFiLE,ERAY067 & Mansur,5,5,16
2026-05-09,8,Yin Yang,Motive,10,1,9
2026-05-09,9,Kalpsiz Bir Serseri,Simge,17,3,9
2026-05-09,10,Beni Al,Ankara Echoes,11,4,8
2026-05-09,11,Aslan Yakismaz Kafeste,Keskin,7,7,3
2026-05-09,12,Yenildigim Tek Savastin,"ASLAR, Lessio & Astral",6,1,8
2026-05-09,13,UYUYAMADIN DIMI?,Poizi,15,13,2
2026-05-09,14,Kucuk Bir Yol,Hadise,9,1,7
2026-05-09,15,Kusura Bakma,BLOK3,14,1,22
2026-05-09,16,Misafir,Simge,20,16,3
2026-05-09,17,Geri Ver,Wegh,22,6,23
2026-05-09,18,Balbiber,Wegh,25,10,7
2026-05-09,19,Yeralti,Eypio,12,1,12
2026-05-09,20,Sanma Ki Yasiyorum,"ASLAR, Lessio, Astral & AKDO",-,20,1
2026-05-09,21,Maraton,Ati242,19,8,14
2026-05-09,22,Ruya Gibiydin,Ahiyan,13,7,5
2026-05-09,23,Sana Ragmen,Eypio,18,7,9
2026-05-09,24,Halef Selef,Wegh,-,2,8
2026-05-09,25,Cikmaz Bir Sokakta,Semicenk,16,2,27
2026-05-16,1,Eller Uzer,Serkan Nisanci,1,1,6
2026-05-16,2,Kalpsiz Bir Serseri,Simge,9,2,10
2026-05-16,3,Gum Gum,Ayse Hatun Onal Featuring Onurr,2,2,5
2026-05-16,4,RDM,KAVAK & EGE!,4,4,2
2026-05-16,5,Omrum,Eypio,5,1,7
2026-05-16,6,Hermes 2.0,Batuflex,3,2,9
2026-05-16,7,Yin Yang,Motive,8,1,10
2026-05-16,8,Daha Iyi,manifest,6,1,5
2026-05-16,9,Kusura Bakma,BLOK3,15,1,23
2026-05-16,10,NAFiLE,ERAY067 & Mansur,7,5,17
2026-05-16,11,Yenildigim Tek Savastin,"ASLAR, Lessio & Astral",12,1,9
2026-05-16,12,Beni Al,Ankara Echoes,10,4,9
2026-05-16,13,Balbiber,Wegh,18,10,8
2026-05-16,14,Vur Beni,Semicenk,-,14,1
2026-05-16,15,UYUYAMADIN DIMI?,Poizi,13,13,3
2026-05-16,16,Sana Ragmen,Eypio,23,7,10
2026-05-16,17,Aslan Yakismaz Kafeste,Keskin,11,7,4
2026-05-16,18,Kucuk Bir Yol,Hadise,14,1,8
2026-05-16,19,Maraton,Ati242,21,8,15
2026-05-16,20,Sanma Ki Yasiyorum,"ASLAR, Lessio, Astral & AKDO",20,20,2
2026-05-16,21,Halef Selef,Wegh,24,2,9
2026-05-16,22,Misafir,Simge,16,16,4
2026-05-16,23,CAMBAZ,mor ve otesi,-,7,11
2026-05-16,24,Geri Ver,Wegh,17,6,24
2026-05-16,25,Ruya Gibiydin,Ahiyan,22,7,6
2026-05-23,1,Hileli,manifest Featuring Ajda Pekkan,-,1,1
2026-05-23,2,Eller Uzer,Serkan Nisanci,1,1,7
2026-05-23,3,Kalpsiz Bir Serseri,Simge,2,2,11
2026-05-23,4,Gum Gum,Ayse Hatun Onal Featuring Onurr,3,2,6
2026-05-23,5,Hermes 2.0,Batuflex,6,2,10
2026-05-23,6,Omrum,Eypio,5,1,8
2026-05-23,7,Daha Iyi,manifest,8,1,6
2026-05-23,8,Yin Yang,Motive,7,1,11
2026-05-23,9,RDM,KAVAK & EGE!,4,4,3
2026-05-23,10,Kusura Bakma,BLOK3,9,1,24
2026-05-23,11,ANKARA TATANGALAR,"Lvbel C5, AKDO & Ezhel",-,11,1
2026-05-23,12,NAFiLE,ERAY067 & Mansur,10,5,18
2026-05-23,13,yanilmisim,Yung Ouzo,-,13,1
2026-05-23,14,Yenildigim Tek Savastin,"ASLAR, Lessio & Astral",11,1,10
2026-05-23,15,Maraton,Ati242,19,8,16
2026-05-23,16,Beni Al,Ankara Echoes,12,4,10
2026-05-23,17,UYUYAMADIN DIMI?,Poizi,15,13,4
2026-05-23,18,Vur Beni,Semicenk,14,14,2
2026-05-23,19,Balbiber,Wegh,13,10,9
2026-05-23,20,CAMBAZ,mor ve otesi,23,7,12
2026-05-23,21,Sana Ragmen,Eypio,16,7,11
2026-05-23,22,Misafir,Simge,22,16,5
2026-05-23,23,Kucuk Bir Yol,Hadise,18,1,9
2026-05-23,24,Halef Selef,Wegh,21,2,10
2026-05-23,25,Aslan Yakismaz Kafeste,Keskin,17,7,5
2026-05-30,1,Hileli,manifest Featuring Ajda Pekkan,1,1,2
2026-05-30,2,Eller Uzer,Serkan Nisanci,2,1,8
2026-05-30,3,yanilmisim,Yung Ouzo,13,3,2
2026-05-30,4,Kalpsiz Bir Serseri,Simge,3,2,12
2026-05-30,5,Daha Iyi,manifest,7,1,7
2026-05-30,6,Gum Gum,Ayse Hatun Onal Featuring Onurr,4,2,7
2026-05-30,7,Omrum,Eypio,6,1,9
2026-05-30,8,Hermes 2.0,Batuflex,5,2,11
2026-05-30,9,Adi Intikamdi (Saygi 1),Afra & Mustafa Sandal,-,9,1
2026-05-30,10,Yangin Yeri,Elif Buse Dogan,-,10,1
2026-05-30,11,Yin Yang,Motive,8,1,12
2026-05-30,12,Kusura Bakma,BLOK3,10,1,25
2026-05-30,13,RDM,KAVAK & EGE!,9,4,4
2026-05-30,14,NAFiLE,ERAY067 & Mansur,12,5,19
2026-05-30,15,Amator,manifest,-,5,12
2026-05-30,16,Snap,manifest,-,5,17
2026-05-30,17,Degilim,Mebrure,-,17,1
2026-05-30,18,Yenildigim Tek Savastin,"ASLAR, Lessio & Astral",14,1,11
2026-05-30,19,Sakla,Pınar Soykan,-,19,1
2026-05-30,20,Maraton,Ati242,15,8,17
2026-05-30,21,Iki Tas Corba (Saygi 1),Mela Bedel & Mustafa Sandal,-,21,1
2026-05-30,22,ANKARA TATANGALAR,"Lvbel C5, AKDO & Ezhel",11,11,2
2026-05-30,23,Zehir,manifest,-,16,3
2026-05-30,24,Sana Ragmen,Eypio,21,7,12
2026-05-30,25,Balbiber,Wegh,19,10,10
2026-06-06,1,Hileli,manifest Featuring Ajda Pekkan,1,1,3
2026-06-06,2,Eller Uzer,Serkan Nisanci,2,1,9
2026-06-06,3,Yangin Yeri,Elif Buse Dogan,10,3,2
2026-06-06,4,Daha Iyi,manifest,5,1,8
2026-06-06,5,yanilmisim,Yung Ouzo,3,3,3
2026-06-06,6,Iki Tas Corba (Saygi 1),Mela Bedel & Mustafa Sandal,21,6,2
2026-06-06,7,Kalpsiz Bir Serseri,Simge,4,2,13
2026-06-06,8,GEL GEL GEL,Lvbel C5 & DYSTINCT,-,8,1
2026-06-06,9,Omrum,Eypio,7,1,10
2026-06-06,10,Gum Gum,Ayse Hatun Onal Featuring Onurr,6,2,8
2026-06-06,11,Hermes 2.0,Batuflex,8,2,12
2026-06-06,12,Adi Intikamdi (Saygi 1),Afra & Mustafa Sandal,9,9,2
2026-06-06,13,Amator,manifest,15,5,13
2026-06-06,14,Yin Yang,Motive,11,1,13
2026-06-06,15,Sakla,Pınar Soykan,19,15,2
2026-06-06,16,DVD,Motive,-,16,1
2026-06-06,17,Kusura Bakma,BLOK3,12,1,26
2026-06-06,18,Snap,manifest,16,5,18
2026-06-06,19,RDM,KAVAK & EGE!,13,4,5
2026-06-06,20,NAFiLE,ERAY067 & Mansur,14,5,20
2026-06-06,21,Maraton,Ati242,20,8,18
2026-06-06,22,Zehir,manifest,23,16,4
2026-06-06,23,KTS,manifest,-,8,14
2026-06-06,24,Yenildigim Tek Savastin,"ASLAR, Lessio & Astral",18,1,12
2026-06-06,25,Bu Yuzden,Hande Yener,-,25,1
2026-06-13,1,Hileli,manifest Featuring Ajda Pekkan,1,1,4
2026-06-13,2,Eller Uzer,Serkan Nisanci,2,1,10
2026-06-13,3,Iki Tas Corba (Saygi 1),Mela Bedel & Mustafa Sandal,6,3,3
2026-06-13,4,Yangin Yeri,Elif Buse Dogan,3,3,3
2026-06-13,5,Daha Iyi,manifest,4,1,9
2026-06-13,6,GEL GEL GEL,Lvbel C5 & DYSTINCT,8,6,2
2026-06-13,7,yanilmisim,Yung Ouzo,5,3,4
2026-06-13,8,Kalpsiz Bir Serseri,Simge,7,2,14
2026-06-13,9,Omrum,Eypio,9,1,11
2026-06-13,10,Adi Intikamdi (Saygi 1),Afra & Mustafa Sandal,12,9,3
2026-06-13,11,Bu Yuzden,Hande Yener,25,11,2
2026-06-13,12,Hermes 2.0,Batuflex,11,2,13
2026-06-13,13,Snap,manifest,18,5,19
2026-06-13,14,Gum Gum,Ayse Hatun Onal Featuring Onurr,10,2,9
2026-06-13,15,Yin Yang,Motive,14,1,14
2026-06-13,16,Amator,manifest,13,5,14
2026-06-13,17,Sakla,Pınar Soykan,15,15,3
2026-06-13,18,RDM,KAVAK & EGE!,19,4,6
2026-06-13,19,Beni Al,Ankara Echoes,-,4,11
2026-06-13,20,Misafir,Simge,-,16,6
2026-06-13,21,NAFiLE,ERAY067 & Mansur,20,5,21
2026-06-13,22,Kusura Bakma,BLOK3,17,1,27
2026-06-13,23,DVD,Motive,16,16,2
2026-06-13,24,Yasanacaksa,manifest,-,2,13
2026-06-13,25,Askin Ertesi,Bahadir Tatlioz,-,25,1
2026-06-20,1,Hileli,manifest Featuring Ajda Pekkan,1,1,5
2026-06-20,2,Iki Tas Corba (Saygi 1),Mela Bedel & Mustafa Sandal,3,2,4
2026-06-20,3,Kayip Kalp,BLOK3,-,3,1
2026-06-20,4,Beni Al,Ankara Echoes,19,4,12
2026-06-20,5,Cok Guzel Guluyorsun,BLOK3 & Poizi,-,5,1
2026-06-20,6,Eller Uzer,Serkan Nisanci,2,1,11
2026-06-20,7,Daha Iyi,manifest,5,1,10
2026-06-20,8,En Buyuk Askim (Bir Deli Yurek Acisindayim),Nebi Demir,-,8,1
2026-06-20,9,Kirginim,BLOK3,-,9,1
2026-06-20,10,Yangin Yeri,Elif Buse Dogan,4,3,4
2026-06-20,11,Sebebi Yar,BLOK3,-,11,1
2026-06-20,12,Kalpsiz Bir Serseri,Simge,8,2,15
2026-06-20,13,yanilmisim,Yung Ouzo,7,3,5
2026-06-20,14,Snap,manifest,13,5,20
2026-06-20,15,GEL GEL GEL,Lvbel C5 & DYSTINCT,6,6,3
2026-06-20,16,Kusura Bakma,BLOK3,22,1,28
2026-06-20,17,Amator,manifest,16,5,15
2026-06-20,18,Sakla,Pınar Soykan,17,15,4
2026-06-20,19,Omrum,Eypio,9,1,12
2026-06-20,20,Yasanacaksa,manifest,24,2,14
2026-06-20,21,Gum Gum,Ayse Hatun Onal Featuring Onurr,14,2,10
2026-06-20,22,Hermes 2.0,Batuflex,12,2,14
2026-06-20,23,Yin Yang,Motive,15,1,15
2026-06-20,24,Degistiremezsin Yazilmissa,BLOK3,-,24,1
2026-06-20,25,RDM,KAVAK & EGE!,18,4,7
2026-06-27,1,Hileli,manifest Featuring Ajda Pekkan,1,1,6
2026-06-27,2,Cok Guzel Guluyorsun,BLOK3 & Poizi,5,2,2
2026-06-27,3,Kayip Kalp,BLOK3,3,3,2
2026-06-27,4,Sebebi Yar,BLOK3,11,4,2
2026-06-27,5,Iki Tas Corba (Saygi 1),Mela Bedel & Mustafa Sandal,2,2,5
2026-06-27,6,Kirginim,BLOK3,9,6,2
2026-06-27,7,Daha Iyi,manifest,7,1,11
2026-06-27,8,Eller Uzer,Serkan Nisanci,6,1,12
2026-06-27,9,En Buyuk Askim (Bir Deli Yurek Acisindayim),Nebi Demir,8,8,2
2026-06-27,10,Beni Al,Ankara Echoes,4,4,13
2026-06-27,11,Yangin Yeri,Elif Buse Dogan,10,3,5
2026-06-27,12,Kor,Ati242,-,12,1
2026-06-27,13,Degistiremezsin Yazilmissa,BLOK3,24,13,2
2026-06-27,14,yanilmisim,Yung Ouzo,13,3,6
2026-06-27,15,Kalpsiz Bir Serseri,Simge,12,2,16
2026-06-27,16,Snap,manifest,14,5,21
2026-06-27,17,RDM,KAVAK & EGE!,25,4,8
2026-06-27,18,GEL GEL GEL,Lvbel C5 & DYSTINCT,15,6,4
2026-06-27,19,Amator,manifest,17,5,16
2026-06-27,20,Yin Yang,Motive,23,1,16
2026-06-27,21,Yasanacaksa,manifest,20,2,15
2026-06-27,22,Sakla,Pınar Soykan,18,15,5
2026-06-27,23,Omrum,Eypio,19,1,13
2026-06-27,24,Maraton,Ati242,-,8,19
2026-06-27,25,Hermes 2.0,Batuflex,22,2,15
2026-07-04,1,Hileli,manifest Featuring Ajda Pekkan,1,1,7
2026-07-04,2,Sebebi Yar,BLOK3,4,2,3
2026-07-04,3,Cok Guzel Guluyorsun,BLOK3 & Poizi,2,2,3
2026-07-04,4,Kayip Kalp,BLOK3,3,3,3
2026-07-04,5,Daha Iyi,manifest,7,1,12
2026-07-04,6,Eller Uzer,Serkan Nisanci,8,1,13
2026-07-04,7,Iki Tas Corba (Saygi 1),Mela Bedel & Mustafa Sandal,5,2,6
2026-07-04,8,Yin Yang,Motive,20,1,17
2026-07-04,9,Kirginim,BLOK3,6,6,3
2026-07-04,10,BYE,Motive & Reckol,-,10,1
2026-07-04,11,Beni Al,Ankara Echoes,10,4,14
2026-07-04,12,Yangin Yeri,Elif Buse Dogan,11,3,6
2026-07-04,13,Aksamustu,Yalin,-,13,1
2026-07-04,14,Kor,Ati242,12,12,2
2026-07-04,15,Kalpsiz Bir Serseri,Simge,15,2,17
2026-07-04,16,Snap,manifest,16,5,22
2026-07-04,17,yanilmisim,Yung Ouzo,14,3,7
2026-07-04,18,TUZAK,Wegh,-,18,1
2026-07-04,19,Timsahlar,UZI & Muti,-,19,1
2026-07-04,20,Amator,manifest,19,5,17
2026-07-04,21,Yasanacaksa,manifest,21,2,16
2026-07-04,22,3 PARMAK,Motive,-,22,1
2026-07-04,23,Sakla,Pınar Soykan,22,15,6
2026-07-04,24,En Buyuk Askim (Bir Deli Yurek Acisindayim),Nebi Demir,9,8,3
2026-07-04,25,WAVES,Motive & Murda,-,25,1
2026-07-11,1,Hileli,manifest Featuring Ajda Pekkan,1,1,8
2026-07-11,2,Sebebi Yar,BLOK3,2,2,4
2026-07-11,3,Cok Guzel Guluyorsun,BLOK3 & Poizi,3,2,4
2026-07-11,4,Kayip Kalp,BLOK3,4,3,4
2026-07-11,5,Ara Beni,Hadise,-,5,1
2026-07-11,6,Daha Iyi,manifest,5,1,13
2026-07-11,7,Iki Tas Corba (Saygi 1),Mela Bedel & Mustafa Sandal,7,2,7
2026-07-11,8,Eller Uzer,Serkan Nisanci,6,1,14
2026-07-11,9,Kirginim,BLOK3,9,6,4
2026-07-11,10,Yangin Yeri,Elif Buse Dogan,12,3,7
2026-07-11,11,Aksamustu,Yalin,13,11,2
2026-07-11,12,Unutacagim,Serkan Nisanci,-,12,1
2026-07-11,13,Beni Al,Ankara Echoes,11,4,15
2026-07-11,14,Yin Yang,Motive,8,1,18
2026-07-11,15,Snap,manifest,16,5,23
2026-07-11,16,Kalpsiz Bir Serseri,Simge,15,2,18
2026-07-11,17,yanilmisim,Yung Ouzo,17,3,8
2026-07-11,18,Yasanacaksa,manifest,21,2,17
2026-07-11,19,Amator,manifest,20,5,18
2026-07-11,20,Sakla,Pınar Soykan,23,15,7
2026-07-11,21,Kusura Bakma,BLOK3,-,1,29
2026-07-11,22,BYE,Motive & Reckol,10,10,2
2026-07-11,23,Kor,Ati242,14,12,3
2026-07-11,24,KTS,manifest,-,8,15
2026-07-11,25,Zehir,manifest,-,16,5
2026-07-18,1,Toz Pembe,manifest,-,1,1
2026-07-18,2,Ara Beni,Hadise,5,2,2
2026-07-18,3,Sebebi Yar,BLOK3,2,2,5
2026-07-18,4,Hileli,manifest Featuring Ajda Pekkan,1,1,9
2026-07-18,5,Kayip Kalp,BLOK3,4,3,5
2026-07-18,6,Cok Guzel Guluyorsun,BLOK3 & Poizi,3,2,5
2026-07-18,7,Daha Iyi,manifest,6,1,14
2026-07-18,8,Yangin Yeri,Elif Buse Dogan,10,3,8
2026-07-18,9,Iki Tas Corba (Saygi 1),Mela Bedel & Mustafa Sandal,7,2,8
2026-07-18,10,Kirginim,BLOK3,9,6,5
2026-07-18,11,Eller Uzer,Serkan Nisanci,8,1,15
2026-07-18,12,Aksamustu,Yalin,11,11,3
2026-07-18,13,Unutacagim,Serkan Nisanci,12,12,2
2026-07-18,14,Snap,manifest,15,5,24
2026-07-18,15,Yin Yang,Motive,14,1,19
2026-07-18,16,UYUYAMADIN DIMI?,Poizi,-,13,5
2026-07-18,17,yanilmisim,Yung Ouzo,17,3,9
2026-07-18,18,Beni Al,Ankara Echoes,13,4,16
2026-07-18,19,Amator,manifest,19,5,19
2026-07-18,20,Yasanacaksa,manifest,18,2,18
2026-07-18,21,Sakla,Pınar Soykan,20,15,8
2026-07-18,22,Kusura Bakma,BLOK3,21,1,30
2026-07-18,23,Kalpsiz Bir Serseri,Simge,16,2,19
2026-07-18,24,KTS,manifest,24,8,16
2026-07-18,25,GEL GEL GEL,Lvbel C5 & DYSTINCT,-,6,5
2026-07-25,1,Toz Pembe,manifest,1,1,2
2026-07-25,2,Hileli,manifest Featuring Ajda Pekkan,4,1,10
2026-07-25,3,Ara Beni,Hadise,2,2,3
2026-07-25,4,Sebebi Yar,BLOK3,3,2,6
2026-07-25,5,Kayip Kalp,BLOK3,5,3,6
2026-07-25,6,Daha Iyi,manifest,7,1,15
2026-07-25,7,Cok Guzel Guluyorsun,BLOK3 & Poizi,6,2,6
2026-07-25,8,Yangin Yeri,Elif Buse Dogan,8,3,9
2026-07-25,9,Kirginim,BLOK3,10,6,6
2026-07-25,10,Snap,manifest,14,5,25
2026-07-25,11,Iki Tas Corba (Saygi 1),Mela Bedel & Mustafa Sandal,9,2,9
2026-07-25,12,Eller Uzer,Serkan Nisanci,11,1,16
2026-07-25,13,Yin Yang,Motive,15,1,20
2026-07-25,14,Amator,manifest,19,5,20
2026-07-25,15,Basimda Belalar,Poizi,-,15,1
2026-07-25,16,Yasanacaksa,manifest,20,2,19
2026-07-25,17,Zehir,manifest,-,16,6
2026-07-25,18,KTS,manifest,24,8,17
2026-07-25,19,Aklin Hep Bende,UZI & Motive,-,19,1
2026-07-25,20,Aksamustu,Yalin,12,11,4
2026-07-25,21,Kalpsiz Bir Serseri,Simge,23,2,20
2026-07-25,22,yanilmisim,Yung Ouzo,17,3,10
2026-07-25,23,Beni Al,Ankara Echoes,18,4,17
2026-07-25,24,Kusura Bakma,BLOK3,22,1,31
2026-07-25,25,Zamansizdik,manifest,-,25,1
2026-08-01,1,Toz Pembe,manifest,1,1,3
2026-08-01,2,Hileli,manifest Featuring Ajda Pekkan,2,1,11
2026-08-01,3,Sebebi Yar,BLOK3,4,2,7
2026-08-01,4,Ara Beni,Hadise,3,2,4
2026-08-01,5,Kayip Kalp,BLOK3,5,3,7
2026-08-01,6,Cok Guzel Guluyorsun,BLOK3 & Poizi,7,2,7
2026-08-01,7,Kirginim,BLOK3,9,6,7
2026-08-01,8,Daha Iyi,manifest,6,1,16
2026-08-01,9,Yangin Yeri,Elif Buse Dogan,8,3,10
2026-08-01,10,Basimda Belalar,Poizi,15,10,2
2026-08-01,11,pVg,Motive,-,6,16
2026-08-01,12,KIYAMAM,Sibel Can & Eypio,-,12,1
2026-08-01,13,Snap,manifest,10,5,26
2026-08-01,14,Yin Yang,Motive,13,1,21
2026-08-01,15,Bana Ne Bu Sevdalardan,Ezhel,-,15,1
2026-08-01,16,Eller Uzer,Serkan Nisanci,12,1,17
2026-08-01,17,Iki Tas Corba (Saygi 1),Mela Bedel & Mustafa Sandal,11,2,10
2026-08-01,18,Amator,manifest,14,5,21
2026-08-01,19,Zehir,manifest,17,16,7
2026-08-01,20,KTS,manifest,18,8,18
2026-08-01,21,Zamansizdik,manifest,25,21,2
2026-08-01,22,Yasanacaksa,manifest,16,2,20
2026-08-01,23,Aksamustu,Yalin,20,11,5
2026-08-01,24,Kusura Bakma,BLOK3,24,1,32
2026-08-01,25,yanilmisim,Yung Ouzo,22,3,11
2026-08-08,1,Toz Pembe,manifest,1,1,4
2026-08-08,2,pVg Remix,manifest,-,2,1
2026-08-08,3,Sebebi Yar,BLOK3,3,2,8
2026-08-08,4,Hileli,manifest Featuring Ajda Pekkan,2,1,12
2026-08-08,5,Bana Ne Bu Sevdalardan,Ezhel,15,5,2
2026-08-08,6,Kayip Kalp,BLOK3,5,3,8
2026-08-08,7,Ara Beni,Hadise,4,2,5
2026-08-08,8,Kirginim,BLOK3,7,6,8
2026-08-08,9,TAMPONTAMPONA,Ati242,-,9,1
2026-08-08,10,Cok Guzel Guluyorsun,BLOK3 & Poizi,6,2,8
2026-08-08,11,Basimda Belalar,Poizi,10,10,3
2026-08-08,12,Daha Iyi,manifest,8,1,17
2026-08-08,13,pVg,Motive,11,6,17
2026-08-08,14,Yangin Yeri,Elif Buse Dogan,9,3,11
2026-08-08,15,Yin Yang,Motive,14,1,22
2026-08-08,16,Snap,manifest,13,5,27
2026-08-08,17,KIYAMAM,Sibel Can & Eypio,12,12,2
2026-08-08,18,Eller Uzer,Serkan Nisanci,16,1,18
2026-08-08,19,Iki Tas Corba (Saygi 1),Mela Bedel & Mustafa Sandal,17,2,11
2026-08-08,20,Zehir,manifest,19,16,8
2026-08-08,21,Amator,manifest,18,5,22
2026-08-08,22,Kusura Bakma,BLOK3,24,1,33
2026-08-08,23,UYUYAMADIN DIMI?,Poizi,-,13,6
2026-08-08,24,yanilmisim,Yung Ouzo,25,3,12
2026-08-08,25,Yasanacaksa,manifest,22,2,21
2026-08-15,1,Sebebi Yar,BLOK3,3,1,9
2026-08-15,2,CRUSH!,CRUSH,-,2,1
2026-08-15,3,pVg Remix,manifest,2,2,2
2026-08-15,4,Toz Pembe,manifest,1,1,5
2026-08-15,5,Bana Ne Bu Sevdalardan,Ezhel,5,5,3
2026-08-15,6,Hileli,manifest Featuring Ajda Pekkan,4,1,13
2026-08-15,7,Kayip Kalp,BLOK3,6,3,9
2026-08-15,8,Kirginim,BLOK3,8,6,9
2026-08-15,9,Cok Guzel Guluyorsun,BLOK3 & Poizi,10,2,9
2026-08-15,10,TAMPONTAMPONA,Ati242,9,9,2
2026-08-15,11,Ara Beni,Hadise,7,2,6
2026-08-15,12,Basimda Belalar,Poizi,11,10,4
2026-08-15,13,Daha Iyi,manifest,12,1,18
2026-08-15,14,Yin Yang,Motive,15,1,23
2026-08-15,15,Yangin Yeri,Elif Buse Dogan,14,3,12
2026-08-15,16,Basa Bela,Ezhel,-,16,1
2026-08-15,17,pVg,Motive,13,6,18
2026-08-15,18,Iki Tas Corba (Saygi 1),Mela Bedel & Mustafa Sandal,19,2,12
2026-08-15,19,KIYAMAM,Sibel Can & Eypio,17,12,3
2026-08-15,20,TSS,KAVAK Featuring BAKAN,-,20,1
2026-08-15,21,Eller Uzer,Serkan Nisanci,18,1,19
2026-08-15,22,Gidisat,Tan Tasci,-,22,1
2026-08-15,23,Snap,manifest,16,5,28
2026-08-15,24,yanilmisim,Yung Ouzo,24,3,13
2026-08-15,25,Aksamustu,Yalin,-,11,6
2026-08-22,1,Sebebi Yar,BLOK3,1,1,10
2026-08-22,2,Toz Pembe,manifest,4,1,6
2026-08-22,3,pVg Remix,manifest,3,2,3
2026-08-22,4,CRUSH!,CRUSH,2,2,2
2026-08-22,5,Hileli,manifest Featuring Ajda Pekkan,6,1,14
2026-08-22,6,Bana Ne Bu Sevdalardan,Ezhel,5,5,4
2026-08-22,7,Cok Guzel Guluyorsun,BLOK3 & Poizi,9,2,10
2026-08-22,8,Kayip Kalp,BLOK3,7,3,10
2026-08-22,9,Kirginim,BLOK3,8,6,10
2026-08-22,10,Ara Beni,Hadise,11,2,7
2026-08-22,11,TAMPONTAMPONA,Ati242,10,9,3
2026-08-22,12,Daha Iyi,manifest,13,1,19
2026-08-22,13,Basimda Belalar,Poizi,12,10,5
2026-08-22,14,Yangin Yeri,Elif Buse Dogan,15,3,13
2026-08-22,15,Basa Bela,Ezhel,16,15,2
2026-08-22,16,Yin Yang,Motive,14,1,24
2026-08-22,17,TSS,KAVAK Featuring BAKAN,20,17,2
2026-08-22,18,Iki Tas Corba (Saygi 1),Mela Bedel & Mustafa Sandal,18,2,13
2026-08-22,19,Sakin Ol Champ,BLOK3,-,19,1
2026-08-22,20,Eller Uzer,Serkan Nisanci,21,1,20
2026-08-22,21,Gidisat,Tan Tasci,22,21,2
2026-08-22,22,Snap,manifest,23,5,29
2026-08-22,23,Makina,EMiR,-,23,1
2026-08-22,24,Noldu Boyle,Asil Gok,-,24,1
2026-08-22,25,KIYAMAM,Sibel Can & Eypio,19,12,4
2026-08-29,1,Sebebi Yar,BLOK3,1,1,11
2026-08-29,2,Toz Pembe,manifest,2,1,7
2026-08-29,3,Hileli,manifest Featuring Ajda Pekkan,5,1,15
2026-08-29,4,Cok Guzel Guluyorsun,BLOK3 & Poizi,7,2,11
2026-08-29,5,CRUSH!,CRUSH,4,2,3
2026-08-29,6,pVg Remix,manifest,3,2,4
2026-08-29,7,Kayip Kalp,BLOK3,8,3,11
2026-08-29,8,Bana Ne Bu Sevdalardan,Ezhel,6,5,5
2026-08-29,9,Kirginim,BLOK3,9,6,11
2026-08-29,10,Ara Beni,Hadise,10,2,8
2026-08-29,11,Noldu Boyle,Asil Gok,24,11,2
2026-08-29,12,Yin Yang,Motive,16,1,25
2026-08-29,13,Basimda Belalar,Poizi,13,10,6
2026-08-29,14,Daha Iyi,manifest,12,1,20
2026-08-29,15,Yangin Yeri,Elif Buse Dogan,14,3,14
2026-08-29,16,Ah Be Manolya,Burak Bulut,-,16,1
2026-08-29,17,TAMPONTAMPONA,Ati242,11,9,4
2026-08-29,18,Basa Bela,Ezhel,15,15,3
2026-08-29,19,Iki Tas Corba (Saygi 1),Mela Bedel & Mustafa Sandal,18,2,14
2026-08-29,20,Ha Leylim,Mabel Matiz,-,20,1
2026-08-29,21,TSS,KAVAK Featuring BAKAN,17,17,3
2026-08-29,22,Sakin Ol Champ,BLOK3,19,19,2
2026-08-29,23,UYUYAMADIN DIMI?,Poizi,-,13,7
2026-08-29,24,Makina,EMiR,23,23,2
2026-08-29,25,Eller Uzer,Serkan Nisanci,20,1,21
2026-09-05,1,Sebebi Yar,BLOK3,1,1,12
2026-09-05,2,Cok Guzel Guluyorsun,BLOK3 & Poizi,4,2,12
2026-09-05,3,Toz Pembe,manifest,2,1,8
2026-09-05,4,Hileli,manifest Featuring Ajda Pekkan,3,1,16
2026-09-05,5,Kayip Kalp,BLOK3,7,3,12
2026-09-05,6,CRUSH!,CRUSH,5,2,4
2026-09-05,7,pVg Remix,manifest,6,2,5
2026-09-05,8,Kirginim,BLOK3,9,6,12
2026-09-05,9,Bana Ne Bu Sevdalardan,Ezhel,8,5,6
2026-09-05,10,Ara Beni,Hadise,10,2,9
2026-09-05,11,Yin Yang,Motive,12,1,26
2026-09-05,12,Gamsiz Hayat,Candan Ercetin,-,12,1
2026-09-05,13,Ah Be Manolya,Burak Bulut,16,13,2
2026-09-05,14,Basimda Belalar,Poizi,13,10,7
2026-09-05,15,Daha Iyi,manifest,14,1,21
2026-09-05,16,Noldu Boyle,Asil Gok,11,11,3
2026-09-05,17,Ha Leylim,Mabel Matiz,20,17,2
2026-09-05,18,Basa Bela,Ezhel,18,15,4
2026-09-05,19,Yangin Yeri,Elif Buse Dogan,15,3,15
2026-09-05,20,UYUYAMADIN DIMI?,Poizi,23,13,8
2026-09-05,21,Iki Tas Corba (Saygi 1),Mela Bedel & Mustafa Sandal,19,2,15
2026-09-05,22,TSS,KAVAK Featuring BAKAN,21,17,4
2026-09-05,23,TAMPONTAMPONA,Ati242,17,9,5
2026-09-05,24,Sakin Ol Champ,BLOK3,22,19,3
2026-09-05,25,pVg,Motive,-,6,19
